수송일자,시간대,temperature,is_rain,is_snow
2024-01-01,04_06,0.0,0,0
2024-01-01,06_07,0.5,0,0
2024-01-01,07_08,0.4,0,0
2024-01-01,08_09,0.2,0,0
2024-01-01,09_10,0.6,0,0
2024-01-01,10_11,2.4,0,0
2024-01-01,11_12,4.4,0,0
2024-01-01,12_13,5.7,0,0
2024-01-01,13_14,7.3,0,0
2024-01-01,14_15,6.5,0,0
2024-01-01,15_16,6.4,0,0
2024-01-01,16_17,5.8,0,0
2024-01-01,17_18,5.5,0,0
2024-01-01,18_19,4.9,0,0
2024-01-01,19_20,4.6,0,0
2024-01-01,20_21,4.4,0,0
2024-01-01,21_22,4.3,0,0
2024-01-01,22_23,4.1,0,0
2024-01-01,23_24,3.9,0,0
2024-01-01,24_28,3.4,0,0
2024-01-02,04_06,2.6,0,0
2024-01-02,06_07,2.3,0,0
2024-01-02,07_08,2.2,0,0
2024-01-02,08_09,2.3,0,0
2024-01-02,09_10,2.3,0,0
2024-01-02,10_11,2.7,0,0
2024-01-02,11_12,3.1,0,0
2024-01-02,12_13,3.6,0,0
2024-01-02,13_14,4.0,0,0
2024-01-02,14_15,4.1,0,0
2024-01-02,15_16,3.9,0,0
2024-01-02,16_17,4.0,0,0
2024-01-02,17_18,3.5,0,0
2024-01-02,18_19,3.2,0,0
2024-01-02,19_20,2.9,0,0
2024-01-02,20_21,2.4,0,0
2024-01-02,21_22,2.3,0,0
2024-01-02,22_23,2.3,0,0
2024-01-02,23_24,2.3,0,0
2024-01-02,24_28,2.2,0,0
2024-01-03,04_06,2.1,0,0
2024-01-03,06_07,2.2,0,0
2024-01-03,07_08,2.2,0,0
2024-01-03,08_09,2.3,1,0
2024-01-03,09_10,2.1,1,0
2024-01-03,10_11,1.8,0,0
2024-01-03,11_12,2.4,0,0
2024-01-03,12_13,3.0,0,0
2024-01-03,13_14,3.8,0,0
2024-01-03,14_15,3.4,0,0
2024-01-03,15_16,3.2,0,0
2024-01-03,16_17,3.7,0,0
2024-01-03,17_18,3.0,0,0
2024-01-03,18_19,2.3,0,0
2024-01-03,19_20,1.7,0,0
2024-01-03,20_21,1.3,0,0
2024-01-03,21_22,0.6,0,0
2024-01-03,22_23,0.0,0,0
2024-01-03,23_24,-0.5,0,0
2024-01-03,24_28,-1.7,0,0
2024-01-04,04_06,-2.6,0,0
2024-01-04,06_07,-3.1,0,0
2024-01-04,07_08,-3.2,0,0
2024-01-04,08_09,-2.8,0,0
2024-01-04,09_10,-1.8,0,0
2024-01-04,10_11,-0.7,0,0
2024-01-04,11_12,0.4,0,0
2024-01-04,12_13,1.4,0,0
2024-01-04,13_14,2.5,0,0
2024-01-04,14_15,3.7,0,0
2024-01-04,15_16,4.0,0,0
2024-01-04,16_17,4.7,0,0
2024-01-04,17_18,4.4,0,0
2024-01-04,18_19,4.5,0,0
2024-01-04,19_20,4.2,0,0
2024-01-04,20_21,4.2,0,0
2024-01-04,21_22,4.4,0,0
2024-01-04,22_23,4.5,0,0
2024-01-04,23_24,4.5,0,0
2024-01-04,24_28,3.4,0,0
2024-01-05,04_06,3.2,0,0
2024-01-05,06_07,5.0,0,0
2024-01-05,07_08,5.4,0,0
2024-01-05,08_09,5.0,0,0
2024-01-05,09_10,5.1,0,0
2024-01-05,10_11,5.8,0,0
2024-01-05,11_12,7.4,0,0
2024-01-05,12_13,8.1,0,0
2024-01-05,13_14,8.3,0,0
2024-01-05,14_15,8.9,0,0
2024-01-05,15_16,9.0,0,0
2024-01-05,16_17,7.9,0,0
2024-01-05,17_18,6.6,0,0
2024-01-05,18_19,5.4,0,0
2024-01-05,19_20,4.3,0,0
2024-01-05,20_21,3.6,0,0
2024-01-05,21_22,3.1,0,0
2024-01-05,22_23,2.7,0,0
2024-01-05,23_24,2.0,0,0
2024-01-05,24_28,0.3,0,0
2024-01-06,04_06,-1.4,0,0
2024-01-06,06_07,-2.0,0,0
2024-01-06,07_08,-2.0,0,0
2024-01-06,08_09,-2.5,0,0
2024-01-06,09_10,-2.0,0,0
2024-01-06,10_11,-0.4,0,0
2024-01-06,11_12,1.1,0,0
2024-01-06,12_13,2.9,0,0
2024-01-06,13_14,3.4,0,0
2024-01-06,14_15,4.0,0,0
2024-01-06,15_16,4.9,0,0
2024-01-06,16_17,4.9,0,0
2024-01-06,17_18,3.7,0,0
2024-01-06,18_19,2.9,0,0
2024-01-06,19_20,1.4,1,1
2024-01-06,20_21,0.5,1,1
2024-01-06,21_22,0.4,0,0
2024-01-06,22_23,0.4,0,0
2024-01-06,23_24,-0.1,0,0
2024-01-06,24_28,-2.2,0,0
2024-01-07,04_06,-3.4,0,0
2024-01-07,06_07,-3.6,0,0
2024-01-07,07_08,-4.4,0,0
2024-01-07,08_09,-4.9,0,0
2024-01-07,09_10,-4.6,0,0
2024-01-07,10_11,-3.7,0,0
2024-01-07,11_12,-3.4,0,0
2024-01-07,12_13,-2.5,0,0
2024-01-07,13_14,-3.0,0,0
2024-01-07,14_15,-2.1,0,0
2024-01-07,15_16,-1.8,0,0
2024-01-07,16_17,-2.0,0,0
2024-01-07,17_18,-3.5,0,0
2024-01-07,18_19,-4.6,0,0
2024-01-07,19_20,-5.3,0,0
2024-01-07,20_21,-5.8,0,0
2024-01-07,21_22,-6.7,0,0
2024-01-07,22_23,-7.5,0,0
2024-01-07,23_24,-8.1,0,0
2024-01-07,24_28,-8.7,0,0
2024-01-08,04_06,-9.6,0,0
2024-01-08,06_07,-10.1,0,0
2024-01-08,07_08,-10.1,0,0
2024-01-08,08_09,-10.1,0,0
2024-01-08,09_10,-9.0,0,0
2024-01-08,10_11,-6.3,0,0
2024-01-08,11_12,-3.8,0,0
2024-01-08,12_13,-2.3,0,0
2024-01-08,13_14,-0.8,0,0
2024-01-08,14_15,-0.6,0,0
2024-01-08,15_16,-0.3,0,0
2024-01-08,16_17,-0.7,0,0
2024-01-08,17_18,-1.5,0,0
2024-01-08,18_19,-2.2,0,0
2024-01-08,19_20,-2.6,0,0
2024-01-08,20_21,-3.1,0,0
2024-01-08,21_22,-2.9,0,0
2024-01-08,22_23,-2.1,0,0
2024-01-08,23_24,-2.2,0,0
2024-01-08,24_28,-1.8,0,0
2024-01-09,04_06,-1.4,0,0
2024-01-09,06_07,-1.1,0,0
2024-01-09,07_08,-1.0,0,0
2024-01-09,08_09,-1.2,1,1
2024-01-09,09_10,-1.5,1,1
2024-01-09,10_11,-1.3,0,1
2024-01-09,11_12,-0.7,0,1
2024-01-09,12_13,-0.5,1,1
2024-01-09,13_14,-0.1,1,1
2024-01-09,14_15,0.1,0,1
2024-01-09,15_16,0.2,1,1
2024-01-09,16_17,0.2,1,1
2024-01-09,17_18,0.3,0,0
2024-01-09,18_19,0.2,0,0
2024-01-09,19_20,0.2,0,0
2024-01-09,20_21,0.1,0,0
2024-01-09,21_22,0.1,0,0
2024-01-09,22_23,0.1,0,0
2024-01-09,23_24,0.4,0,0
2024-01-09,24_28,-1.2,0,0
2024-01-10,04_06,-2.8,0,0
2024-01-10,06_07,-3.6,0,0
2024-01-10,07_08,-4.1,0,0
2024-01-10,08_09,-3.7,0,0
2024-01-10,09_10,-3.7,0,0
2024-01-10,10_11,-2.7,0,0
2024-01-10,11_12,-1.1,0,0
2024-01-10,12_13,0.0,0,0
2024-01-10,13_14,1.6,0,0
2024-01-10,14_15,1.5,0,0
2024-01-10,15_16,2.9,0,0
2024-01-10,16_17,3.1,0,0
2024-01-10,17_18,1.9,0,0
2024-01-10,18_19,0.7,0,0
2024-01-10,19_20,0.1,0,0
2024-01-10,20_21,-0.5,0,0
2024-01-10,21_22,-1.0,0,0
2024-01-10,22_23,-1.4,0,0
2024-01-10,23_24,-1.4,0,0
2024-01-10,24_28,-1.2,0,0
2024-01-11,04_06,-1.8,0,0
2024-01-11,06_07,-2.3,0,0
2024-01-11,07_08,-2.0,0,0
2024-01-11,08_09,-1.7,0,0
2024-01-11,09_10,-1.1,0,0
2024-01-11,10_11,-0.4,0,0
2024-01-11,11_12,0.6,0,0
2024-01-11,12_13,2.2,0,0
2024-01-11,13_14,2.9,0,0
2024-01-11,14_15,3.3,0,0
2024-01-11,15_16,4.0,0,0
2024-01-11,16_17,4.4,0,0
2024-01-11,17_18,4.4,0,0
2024-01-11,18_19,4.3,0,0
2024-01-11,19_20,4.1,0,0
2024-01-11,20_21,3.9,0,0
2024-01-11,21_22,3.9,0,0
2024-01-11,22_23,3.8,0,0
2024-01-11,23_24,3.8,0,0
2024-01-11,24_28,2.8,0,0
2024-01-12,04_06,0.8,0,0
2024-01-12,06_07,-0.3,0,0
2024-01-12,07_08,-0.6,0,0
2024-01-12,08_09,-1.0,0,0
2024-01-12,09_10,-0.6,0,0
2024-01-12,10_11,0.5,0,0
2024-01-12,11_12,1.4,0,0
2024-01-12,12_13,2.2,0,0
2024-01-12,13_14,3.2,0,0
2024-01-12,14_15,3.4,0,0
2024-01-12,15_16,3.8,0,0
2024-01-12,16_17,4.0,0,0
2024-01-12,17_18,2.6,0,0
2024-01-12,18_19,1.7,0,0
2024-01-12,19_20,1.0,0,0
2024-01-12,20_21,0.6,0,0
2024-01-12,21_22,0.3,0,0
2024-01-12,22_23,-0.2,0,0
2024-01-12,23_24,-0.9,0,0
2024-01-12,24_28,-1.9,0,0
2024-01-13,04_06,-2.7,0,0
2024-01-13,06_07,-3.3,0,0
2024-01-13,07_08,-3.6,0,0
2024-01-13,08_09,-3.8,0,0
2024-01-13,09_10,-3.1,0,0
2024-01-13,10_11,-0.7,0,0
2024-01-13,11_12,1.0,0,0
2024-01-13,12_13,3.2,0,0
2024-01-13,13_14,4.3,0,0
2024-01-13,14_15,4.5,0,0
2024-01-13,15_16,6.1,0,0
2024-01-13,16_17,6.3,0,0
2024-01-13,17_18,5.1,0,0
2024-01-13,18_19,3.2,0,0
2024-01-13,19_20,2.2,0,0
2024-01-13,20_21,1.2,0,0
2024-01-13,21_22,0.7,0,0
2024-01-13,22_23,0.3,0,0
2024-01-13,23_24,-0.2,0,0
2024-01-13,24_28,-1.2,0,0
2024-01-14,04_06,-1.8,0,0
2024-01-14,06_07,-2.3,0,0
2024-01-14,07_08,-2.4,0,0
2024-01-14,08_09,-1.9,0,0
2024-01-14,09_10,-1.0,0,0
2024-01-14,10_11,-0.3,0,0
2024-01-14,11_12,0.5,0,0
2024-01-14,12_13,1.2,1,0
2024-01-14,13_14,1.7,1,0
2024-01-14,14_15,2.0,1,0
2024-01-14,15_16,1.7,1,0
2024-01-14,16_17,2.1,0,0
2024-01-14,17_18,1.6,0,0
2024-01-14,18_19,1.4,0,0
2024-01-14,19_20,1.0,0,0
2024-01-14,20_21,-0.2,0,0
2024-01-14,21_22,-0.8,0,0
2024-01-14,22_23,-1.8,0,0
2024-01-14,23_24,-2.6,0,0
2024-01-14,24_28,-4.1,0,0
2024-01-15,04_06,-5.5,0,0
2024-01-15,06_07,-6.2,0,0
2024-01-15,07_08,-6.5,0,0
2024-01-15,08_09,-6.9,0,0
2024-01-15,09_10,-6.5,0,0
2024-01-15,10_11,-5.2,0,0
2024-01-15,11_12,-3.8,0,0
2024-01-15,12_13,-2.8,0,0
2024-01-15,13_14,-1.6,0,0
2024-01-15,14_15,-0.2,0,0
2024-01-15,15_16,0.5,0,0
2024-01-15,16_17,0.8,0,0
2024-01-15,17_18,-0.1,0,0
2024-01-15,18_19,-1.5,0,0
2024-01-15,19_20,-2.0,0,0
2024-01-15,20_21,-2.4,0,0
2024-01-15,21_22,-3.5,0,0
2024-01-15,22_23,-4.3,0,0
2024-01-15,23_24,-4.7,0,0
2024-01-15,24_28,-5.6,0,0
2024-01-16,04_06,-6.7,0,0
2024-01-16,06_07,-7.0,0,0
2024-01-16,07_08,-7.0,0,0
2024-01-16,08_09,-7.1,0,0
2024-01-16,09_10,-6.3,0,0
2024-01-16,10_11,-3.9,0,0
2024-01-16,11_12,-1.5,0,0
2024-01-16,12_13,-0.1,0,0
2024-01-16,13_14,0.9,0,0
2024-01-16,14_15,2.0,0,0
2024-01-16,15_16,3.4,0,0
2024-01-16,16_17,4.0,0,0
2024-01-16,17_18,3.0,0,0
2024-01-16,18_19,1.7,0,0
2024-01-16,19_20,0.8,0,0
2024-01-16,20_21,0.3,0,0
2024-01-16,21_22,-0.5,0,0
2024-01-16,22_23,-0.9,0,0
2024-01-16,23_24,-1.7,0,0
2024-01-16,24_28,-1.7,0,0
2024-01-17,04_06,-0.6,0,0
2024-01-17,06_07,-0.6,0,0
2024-01-17,07_08,-0.4,0,0
2024-01-17,08_09,-0.3,0,0
2024-01-17,09_10,0.2,0,0
2024-01-17,10_11,0.9,0,0
2024-01-17,11_12,1.3,1,1
2024-01-17,12_13,1.0,1,1
2024-01-17,13_14,0.7,1,1
2024-01-17,14_15,0.8,1,0
2024-01-17,15_16,0.7,1,1
2024-01-17,16_17,0.9,1,0
2024-01-17,17_18,1.1,1,0
2024-01-17,18_19,1.2,1,0
2024-01-17,19_20,1.4,1,0
2024-01-17,20_21,1.5,1,0
2024-01-17,21_22,1.7,1,0
2024-01-17,22_23,1.9,1,0
2024-01-17,23_24,1.8,1,0
2024-01-17,24_28,1.8,1,0
2024-01-18,04_06,1.9,0,0
2024-01-18,06_07,1.8,0,0
2024-01-18,07_08,1.5,0,0
2024-01-18,08_09,1.5,0,0
2024-01-18,09_10,1.5,0,0
2024-01-18,10_11,1.7,0,0
2024-01-18,11_12,2.9,0,0
2024-01-18,12_13,5.0,0,0
2024-01-18,13_14,6.5,0,0
2024-01-18,14_15,7.9,0,0
2024-01-18,15_16,8.5,0,0
2024-01-18,16_17,9.2,0,0
2024-01-18,17_18,9.0,0,0
2024-01-18,18_19,7.7,0,0
2024-01-18,19_20,6.6,0,0
2024-01-18,20_21,5.4,0,0
2024-01-18,21_22,5.0,0,0
2024-01-18,22_23,4.8,0,0
2024-01-18,23_24,4.5,0,0
2024-01-18,24_28,4.4,0,0
2024-01-19,04_06,4.6,0,0
2024-01-19,06_07,4.6,0,0
2024-01-19,07_08,4.6,0,0
2024-01-19,08_09,4.2,0,0
2024-01-19,09_10,4.4,0,0
2024-01-19,10_11,5.7,0,0
2024-01-19,11_12,7.3,0,0
2024-01-19,12_13,7.5,0,0
2024-01-19,13_14,8.2,0,0
2024-01-19,14_15,8.1,0,0
2024-01-19,15_16,8.6,0,0
2024-01-19,16_17,8.5,0,0
2024-01-19,17_18,6.8,0,0
2024-01-19,18_19,5.3,0,0
2024-01-19,19_20,4.6,0,0
2024-01-19,20_21,4.2,0,0
2024-01-19,21_22,4.1,0,0
2024-01-19,22_23,4.2,0,0
2024-01-19,23_24,4.2,0,0
2024-01-19,24_28,3.8,0,0
2024-01-20,04_06,3.6,0,0
2024-01-20,06_07,3.6,0,0
2024-01-20,07_08,3.6,0,0
2024-01-20,08_09,3.6,0,0
2024-01-20,09_10,3.8,0,0
2024-01-20,10_11,4.1,0,0
2024-01-20,11_12,4.4,0,0
2024-01-20,12_13,4.7,0,0
2024-01-20,13_14,4.8,0,0
2024-01-20,14_15,4.5,0,0
2024-01-20,15_16,4.5,0,0
2024-01-20,16_17,4.0,0,0
2024-01-20,17_18,3.1,1,0
2024-01-20,18_19,2.3,1,0
2024-01-20,19_20,2.0,0,0
2024-01-20,20_21,2.0,0,0
2024-01-20,21_22,2.1,0,0
2024-01-20,22_23,2.3,0,0
2024-01-20,23_24,2.4,0,0
2024-01-20,24_28,2.3,0,0
2024-01-21,04_06,2.0,0,0
2024-01-21,06_07,2.0,0,0
2024-01-21,07_08,2.0,0,0
2024-01-21,08_09,1.9,0,0
2024-01-21,09_10,2.3,0,0
2024-01-21,10_11,2.7,0,0
2024-01-21,11_12,3.4,0,0
2024-01-21,12_13,4.2,0,0
2024-01-21,13_14,4.2,1,0
2024-01-21,14_15,3.4,1,0
2024-01-21,15_16,3.0,1,0
2024-01-21,16_17,2.6,0,0
2024-01-21,17_18,2.4,0,0
2024-01-21,18_19,2.3,0,0
2024-01-21,19_20,2.2,0,0
2024-01-21,20_21,1.5,0,0
2024-01-21,21_22,-0.1,0,0
2024-01-21,22_23,-1.0,0,0
2024-01-21,23_24,-1.9,0,0
2024-01-21,24_28,-3.3,0,0
2024-01-22,04_06,-6.3,1,1
2024-01-22,06_07,-7.7,1,1
2024-01-22,07_08,-8.2,0,0
2024-01-22,08_09,-8.6,0,0
2024-01-22,09_10,-8.8,0,0
2024-01-22,10_11,-8.8,0,0
2024-01-22,11_12,-8.4,0,0
2024-01-22,12_13,-8.4,0,0
2024-01-22,13_14,-7.1,0,0
2024-01-22,14_15,-7.2,0,0
2024-01-22,15_16,-7.3,0,0
2024-01-22,16_17,-7.5,0,0
2024-01-22,17_18,-8.5,0,0
2024-01-22,18_19,-9.4,0,0
2024-01-22,19_20,-10.3,0,0
2024-01-22,20_21,-11.0,0,0
2024-01-22,21_22,-11.4,0,0
2024-01-22,22_23,-11.5,0,0
2024-01-22,23_24,-11.6,0,0
2024-01-22,24_28,-12.5,0,0
2024-01-23,04_06,-13.6,0,0
2024-01-23,06_07,-13.9,0,0
2024-01-23,07_08,-13.8,0,0
2024-01-23,08_09,-14.0,0,0
2024-01-23,09_10,-13.6,0,0
2024-01-23,10_11,-12.4,0,0
2024-01-23,11_12,-11.2,0,0
2024-01-23,12_13,-10.4,0,0
2024-01-23,13_14,-10.0,0,0
2024-01-23,14_15,-8.9,0,0
2024-01-23,15_16,-8.8,0,0
2024-01-23,16_17,-8.8,0,0
2024-01-23,17_18,-9.5,0,0
2024-01-23,18_19,-10.7,0,0
2024-01-23,19_20,-11.2,0,0
2024-01-23,20_21,-11.8,0,0
2024-01-23,21_22,-11.9,0,0
2024-01-23,22_23,-11.8,0,0
2024-01-23,23_24,-11.5,0,0
2024-01-23,24_28,-11.0,0,0
2024-01-24,04_06,-10.8,0,0
2024-01-24,06_07,-11.0,0,0
2024-01-24,07_08,-11.1,0,0
2024-01-24,08_09,-11.2,0,0
2024-01-24,09_10,-10.6,0,0
2024-01-24,10_11,-9.7,0,0
2024-01-24,11_12,-8.0,0,0
2024-01-24,12_13,-6.7,0,0
2024-01-24,13_14,-5.7,0,0
2024-01-24,14_15,-5.2,0,0
2024-01-24,15_16,-4.3,0,0
2024-01-24,16_17,-3.7,0,0
2024-01-24,17_18,-4.5,0,0
2024-01-24,18_19,-5.6,0,0
2024-01-24,19_20,-6.3,0,0
2024-01-24,20_21,-6.7,0,0
2024-01-24,21_22,-7.1,0,0
2024-01-24,22_23,-7.5,0,0
2024-01-24,23_24,-7.9,0,0
2024-01-24,24_28,-8.7,0,0
2024-01-25,04_06,-9.0,0,0
2024-01-25,06_07,-9.5,0,0
2024-01-25,07_08,-9.7,0,0
2024-01-25,08_09,-9.4,0,0
2024-01-25,09_10,-8.5,0,0
2024-01-25,10_11,-6.9,0,0
2024-01-25,11_12,-6.0,0,0
2024-01-25,12_13,-4.2,0,0
2024-01-25,13_14,-2.8,0,0
2024-01-25,14_15,-1.6,0,0
2024-01-25,15_16,-1.0,0,0
2024-01-25,16_17,-0.5,0,0
2024-01-25,17_18,-0.9,0,0
2024-01-25,18_19,-2.2,0,0
2024-01-25,19_20,-2.6,0,0
2024-01-25,20_21,-2.9,0,0
2024-01-25,21_22,-3.4,0,0
2024-01-25,22_23,-3.9,0,0
2024-01-25,23_24,-4.3,0,0
2024-01-25,24_28,-5.3,0,0
2024-01-26,04_06,-6.0,0,0
2024-01-26,06_07,-6.3,0,0
2024-01-26,07_08,-6.7,0,0
2024-01-26,08_09,-6.8,0,0
2024-01-26,09_10,-6.0,0,0
2024-01-26,10_11,-3.2,0,0
2024-01-26,11_12,-0.3,0,0
2024-01-26,12_13,1.3,0,0
2024-01-26,13_14,2.2,0,0
2024-01-26,14_15,2.9,0,0
2024-01-26,15_16,3.8,0,0
2024-01-26,16_17,3.8,0,0
2024-01-26,17_18,2.8,0,0
2024-01-26,18_19,1.5,0,0
2024-01-26,19_20,0.5,0,0
2024-01-26,20_21,-0.2,0,0
2024-01-26,21_22,-0.8,0,0
2024-01-26,22_23,-1.3,0,0
2024-01-26,23_24,-1.0,0,0
2024-01-26,24_28,-2.0,0,0
2024-01-27,04_06,-3.0,0,0
2024-01-27,06_07,-3.8,0,0
2024-01-27,07_08,-4.0,0,0
2024-01-27,08_09,-4.5,0,0
2024-01-27,09_10,-4.1,0,0
2024-01-27,10_11,-1.9,0,0
2024-01-27,11_12,0.4,0,0
2024-01-27,12_13,2.1,0,0
2024-01-27,13_14,2.7,0,0
2024-01-27,14_15,3.8,0,0
2024-01-27,15_16,4.5,0,0
2024-01-27,16_17,3.6,0,0
2024-01-27,17_18,2.8,0,0
2024-01-27,18_19,1.6,0,0
2024-01-27,19_20,0.6,0,0
2024-01-27,20_21,-0.1,0,0
2024-01-27,21_22,-0.6,0,0
2024-01-27,22_23,-0.9,0,0
2024-01-27,23_24,-1.2,0,0
2024-01-27,24_28,-2.2,0,0
2024-01-28,04_06,-3.9,0,0
2024-01-28,06_07,-4.6,0,0
2024-01-28,07_08,-4.8,0,0
2024-01-28,08_09,-5.0,0,0
2024-01-28,09_10,-4.3,0,0
2024-01-28,10_11,-1.6,0,0
2024-01-28,11_12,-0.3,0,0
2024-01-28,12_13,0.8,0,0
2024-01-28,13_14,1.8,0,0
2024-01-28,14_15,2.9,0,0
2024-01-28,15_16,2.9,0,0
2024-01-28,16_17,3.5,0,0
2024-01-28,17_18,2.6,0,0
2024-01-28,18_19,0.9,0,0
2024-01-28,19_20,-0.2,0,0
2024-01-28,20_21,-0.9,0,0
2024-01-28,21_22,-1.5,0,0
2024-01-28,22_23,-1.9,0,0
2024-01-28,23_24,-2.3,0,0
2024-01-28,24_28,-3.2,0,0
2024-01-29,04_06,-4.1,0,0
2024-01-29,06_07,-4.4,0,0
2024-01-29,07_08,-4.6,0,0
2024-01-29,08_09,-4.7,0,0
2024-01-29,09_10,-4.0,0,0
2024-01-29,10_11,-1.4,0,0
2024-01-29,11_12,0.4,0,0
2024-01-29,12_13,2.1,0,0
2024-01-29,13_14,2.6,0,0
2024-01-29,14_15,3.9,0,0
2024-01-29,15_16,4.4,0,0
2024-01-29,16_17,4.5,0,0
2024-01-29,17_18,3.6,0,0
2024-01-29,18_19,2.2,0,0
2024-01-29,19_20,1.4,0,0
2024-01-29,20_21,0.8,0,0
2024-01-29,21_22,0.6,0,0
2024-01-29,22_23,0.2,0,0
2024-01-29,23_24,-0.5,0,0
2024-01-29,24_28,-1.5,0,0
2024-01-30,04_06,-2.6,0,0
2024-01-30,06_07,-3.2,0,0
2024-01-30,07_08,-3.8,0,0
2024-01-30,08_09,-4.0,0,0
2024-01-30,09_10,-3.1,0,0
2024-01-30,10_11,-0.3,0,0
2024-01-30,11_12,2.0,0,0
2024-01-30,12_13,3.4,0,0
2024-01-30,13_14,5.3,0,0
2024-01-30,14_15,6.1,0,0
2024-01-30,15_16,7.1,0,0
2024-01-30,16_17,8.1,0,0
2024-01-30,17_18,7.4,0,0
2024-01-30,18_19,5.7,0,0
2024-01-30,19_20,4.3,0,0
2024-01-30,20_21,3.3,0,0
2024-01-30,21_22,2.7,0,0
2024-01-30,22_23,1.8,0,0
2024-01-30,23_24,1.0,0,0
2024-01-30,24_28,1.2,0,0
2024-01-31,04_06,1.4,0,0
2024-01-31,06_07,1.5,0,0
2024-01-31,07_08,1.3,0,0
2024-01-31,08_09,1.5,0,0
2024-01-31,09_10,1.7,0,0
2024-01-31,10_11,3.7,0,0
2024-01-31,11_12,5.9,0,0
2024-01-31,12_13,8.0,0,0
2024-01-31,13_14,9.7,0,0
2024-01-31,14_15,9.7,0,0
2024-01-31,15_16,10.4,0,0
2024-01-31,16_17,9.5,0,0
2024-01-31,17_18,8.9,0,0
2024-01-31,18_19,7.2,0,0
2024-01-31,19_20,6.0,0,0
2024-01-31,20_21,5.3,0,0
2024-01-31,21_22,4.4,0,0
2024-01-31,22_23,3.7,0,0
2024-01-31,23_24,3.6,0,0
2024-01-31,24_28,1.8,0,0
2024-02-01,04_06,0.2,0,0
2024-02-01,06_07,-0.6,0,0
2024-02-01,07_08,-1.1,0,0
2024-02-01,08_09,-1.2,0,0
2024-02-01,09_10,-1.0,0,0
2024-02-01,10_11,0.6,0,0
2024-02-01,11_12,2.6,0,0
2024-02-01,12_13,3.7,0,0
2024-02-01,13_14,4.9,0,0
2024-02-01,14_15,6.2,0,0
2024-02-01,15_16,6.9,0,0
2024-02-01,16_17,7.7,0,0
2024-02-01,17_18,6.6,0,0
2024-02-01,18_19,4.9,0,0
2024-02-01,19_20,3.5,0,0
2024-02-01,20_21,2.9,0,0
2024-02-01,21_22,2.2,0,0
2024-02-01,22_23,2.4,0,0
2024-02-01,23_24,2.2,0,0
2024-02-01,24_28,2.0,0,0
2024-02-02,04_06,1.6,0,0
2024-02-02,06_07,1.2,0,0
2024-02-02,07_08,1.1,0,0
2024-02-02,08_09,1.1,0,0
2024-02-02,09_10,1.5,0,0
2024-02-02,10_11,2.7,0,0
2024-02-02,11_12,3.8,0,0
2024-02-02,12_13,5.3,0,0
2024-02-02,13_14,6.7,0,0
2024-02-02,14_15,7.5,0,0
2024-02-02,15_16,7.7,0,0
2024-02-02,16_17,6.8,0,0
2024-02-02,17_18,5.8,0,0
2024-02-02,18_19,4.1,0,0
2024-02-02,19_20,3.2,0,0
2024-02-02,20_21,2.4,0,0
2024-02-02,21_22,1.9,0,0
2024-02-02,22_23,1.3,0,0
2024-02-02,23_24,1.0,0,0
2024-02-02,24_28,0.2,0,0
2024-02-03,04_06,0.7,0,0
2024-02-03,06_07,1.6,0,0
2024-02-03,07_08,2.0,0,0
2024-02-03,08_09,2.3,0,0
2024-02-03,09_10,2.9,0,0
2024-02-03,10_11,4.3,0,0
2024-02-03,11_12,5.0,0,0
2024-02-03,12_13,6.5,0,0
2024-02-03,13_14,7.7,0,0
2024-02-03,14_15,8.1,0,0
2024-02-03,15_16,8.2,0,0
2024-02-03,16_17,7.8,0,0
2024-02-03,17_18,7.5,0,0
2024-02-03,18_19,7.1,0,0
2024-02-03,19_20,6.7,0,0
2024-02-03,20_21,6.3,0,0
2024-02-03,21_22,6.0,0,0
2024-02-03,22_23,5.5,0,0
2024-02-03,23_24,5.3,0,0
2024-02-03,24_28,5.0,0,0
2024-02-04,04_06,4.5,0,0
2024-02-04,06_07,4.2,0,0
2024-02-04,07_08,3.8,0,0
2024-02-04,08_09,3.7,0,0
2024-02-04,09_10,4.3,0,0
2024-02-04,10_11,5.5,0,0
2024-02-04,11_12,7.4,0,0
2024-02-04,12_13,9.1,0,0
2024-02-04,13_14,10.5,0,0
2024-02-04,14_15,11.7,0,0
2024-02-04,15_16,11.3,0,0
2024-02-04,16_17,10.8,0,0
2024-02-04,17_18,10.2,0,0
2024-02-04,18_19,9.5,0,0
2024-02-04,19_20,9.2,0,0
2024-02-04,20_21,8.9,0,0
2024-02-04,21_22,8.5,0,0
2024-02-04,22_23,8.3,0,0
2024-02-04,23_24,7.4,0,0
2024-02-04,24_28,5.3,1,0
2024-02-05,04_06,3.8,0,0
2024-02-05,06_07,4.4,0,0
2024-02-05,07_08,5.1,0,0
2024-02-05,08_09,4.8,0,0
2024-02-05,09_10,4.4,0,0
2024-02-05,10_11,4.0,0,0
2024-02-05,11_12,3.6,0,0
2024-02-05,12_13,3.5,0,0
2024-02-05,13_14,3.6,0,0
2024-02-05,14_15,4.0,0,0
2024-02-05,15_16,4.0,0,0
2024-02-05,16_17,3.7,0,0
2024-02-05,17_18,2.6,1,1
2024-02-05,18_19,1.1,1,1
2024-02-05,19_20,0.6,1,1
2024-02-05,20_21,0.3,1,1
2024-02-05,21_22,0.2,1,1
2024-02-05,22_23,0.2,1,0
2024-02-05,23_24,0.1,1,1
2024-02-05,24_28,0.1,1,1
2024-02-06,04_06,0.0,0,0
2024-02-06,06_07,0.1,0,0
2024-02-06,07_08,0.1,0,0
2024-02-06,08_09,0.2,0,0
2024-02-06,09_10,0.5,0,0
2024-02-06,10_11,1.2,0,0
2024-02-06,11_12,1.8,0,0
2024-02-06,12_13,2.6,0,0
2024-02-06,13_14,2.9,0,0
2024-02-06,14_15,2.6,0,0
2024-02-06,15_16,2.4,0,0
2024-02-06,16_17,2.6,0,0
2024-02-06,17_18,2.2,0,0
2024-02-06,18_19,1.7,0,0
2024-02-06,19_20,1.2,0,0
2024-02-06,20_21,1.2,0,0
2024-02-06,21_22,1.1,0,0
2024-02-06,22_23,1.1,0,0
2024-02-06,23_24,1.1,0,0
2024-02-06,24_28,0.5,0,0
2024-02-07,04_06,-0.4,0,0
2024-02-07,06_07,-0.7,0,0
2024-02-07,07_08,-0.9,0,0
2024-02-07,08_09,-0.8,0,0
2024-02-07,09_10,-0.4,0,0
2024-02-07,10_11,0.3,0,0
2024-02-07,11_12,0.7,0,0
2024-02-07,12_13,1.3,0,0
2024-02-07,13_14,1.6,0,0
2024-02-07,14_15,2.2,0,0
2024-02-07,15_16,2.6,0,0
2024-02-07,16_17,2.3,0,0
2024-02-07,17_18,2.0,0,0
2024-02-07,18_19,1.8,0,0
2024-02-07,19_20,1.3,0,0
2024-02-07,20_21,0.9,0,0
2024-02-07,21_22,0.5,0,0
2024-02-07,22_23,0.2,0,0
2024-02-07,23_24,-0.5,0,0
2024-02-07,24_28,-1.4,0,0
2024-02-08,04_06,-2.6,0,0
2024-02-08,06_07,-2.7,0,0
2024-02-08,07_08,-2.9,0,0
2024-02-08,08_09,-2.8,0,0
2024-02-08,09_10,-2.0,0,0
2024-02-08,10_11,0.2,0,0
2024-02-08,11_12,1.7,0,0
2024-02-08,12_13,2.9,0,0
2024-02-08,13_14,3.7,0,0
2024-02-08,14_15,5.3,0,0
2024-02-08,15_16,6.0,0,0
2024-02-08,16_17,5.9,0,0
2024-02-08,17_18,5.4,0,0
2024-02-08,18_19,3.4,0,0
2024-02-08,19_20,1.9,0,0
2024-02-08,20_21,0.8,0,0
2024-02-08,21_22,0.3,0,0
2024-02-08,22_23,-0.2,0,0
2024-02-08,23_24,-0.6,0,0
2024-02-08,24_28,-1.4,0,0
2024-02-09,04_06,-1.6,0,0
2024-02-09,06_07,-2.1,0,0
2024-02-09,07_08,-2.2,0,0
2024-02-09,08_09,-2.4,0,0
2024-02-09,09_10,-1.5,0,0
2024-02-09,10_11,0.6,0,0
2024-02-09,11_12,2.4,0,0
2024-02-09,12_13,3.8,0,0
2024-02-09,13_14,4.0,0,0
2024-02-09,14_15,5.9,0,0
2024-02-09,15_16,5.3,0,0
2024-02-09,16_17,5.5,0,0
2024-02-09,17_18,4.4,0,0
2024-02-09,18_19,2.8,0,0
2024-02-09,19_20,1.9,0,0
2024-02-09,20_21,1.5,0,0
2024-02-09,21_22,1.3,0,0
2024-02-09,22_23,1.2,0,0
2024-02-09,23_24,1.0,0,0
2024-02-09,24_28,-0.1,0,0
2024-02-10,04_06,-1.2,0,0
2024-02-10,06_07,-1.4,0,0
2024-02-10,07_08,-1.2,0,0
2024-02-10,08_09,-1.3,0,0
2024-02-10,09_10,-0.7,0,0
2024-02-10,10_11,0.6,0,0
2024-02-10,11_12,2.5,0,0
2024-02-10,12_13,4.1,0,0
2024-02-10,13_14,5.7,0,0
2024-02-10,14_15,6.8,0,0
2024-02-10,15_16,7.2,0,0
2024-02-10,16_17,6.7,0,0
2024-02-10,17_18,5.5,0,0
2024-02-10,18_19,3.9,0,0
2024-02-10,19_20,2.8,0,0
2024-02-10,20_21,2.0,0,0
2024-02-10,21_22,1.4,0,0
2024-02-10,22_23,0.9,0,0
2024-02-10,23_24,0.4,0,0
2024-02-10,24_28,-0.6,0,0
2024-02-11,04_06,-1.8,0,0
2024-02-11,06_07,-2.8,0,0
2024-02-11,07_08,-3.0,0,0
2024-02-11,08_09,-3.1,0,0
2024-02-11,09_10,-2.3,0,0
2024-02-11,10_11,-0.3,0,0
2024-02-11,11_12,2.1,0,0
2024-02-11,12_13,3.7,0,0
2024-02-11,13_14,4.7,0,0
2024-02-11,14_15,5.4,0,0
2024-02-11,15_16,4.5,0,0
2024-02-11,16_17,3.6,0,0
2024-02-11,17_18,4.0,0,0
2024-02-11,18_19,3.6,0,0
2024-02-11,19_20,2.9,0,0
2024-02-11,20_21,2.4,0,0
2024-02-11,21_22,1.8,0,0
2024-02-11,22_23,1.2,0,0
2024-02-11,23_24,0.9,0,0
2024-02-11,24_28,-0.8,0,0
2024-02-12,04_06,-2.1,0,0
2024-02-12,06_07,-2.5,0,0
2024-02-12,07_08,-2.8,0,0
2024-02-12,08_09,-2.7,0,0
2024-02-12,09_10,-1.2,0,0
2024-02-12,10_11,1.5,0,0
2024-02-12,11_12,3.9,0,0
2024-02-12,12_13,6.1,0,0
2024-02-12,13_14,7.7,0,0
2024-02-12,14_15,8.6,0,0
2024-02-12,15_16,10.0,0,0
2024-02-12,16_17,10.4,0,0
2024-02-12,17_18,9.7,0,0
2024-02-12,18_19,7.9,0,0
2024-02-12,19_20,7.1,0,0
2024-02-12,20_21,6.0,0,0
2024-02-12,21_22,5.1,0,0
2024-02-12,22_23,4.6,0,0
2024-02-12,23_24,4.0,0,0
2024-02-12,24_28,3.4,0,0
2024-02-13,04_06,2.6,0,0
2024-02-13,06_07,2.2,0,0
2024-02-13,07_08,2.1,0,0
2024-02-13,08_09,2.1,0,0
2024-02-13,09_10,3.5,0,0
2024-02-13,10_11,6.4,0,0
2024-02-13,11_12,9.9,0,0
2024-02-13,12_13,12.2,0,0
2024-02-13,13_14,12.5,0,0
2024-02-13,14_15,13.3,0,0
2024-02-13,15_16,13.2,0,0
2024-02-13,16_17,13.3,0,0
2024-02-13,17_18,12.8,0,0
2024-02-13,18_19,12.2,0,0
2024-02-13,19_20,11.4,0,0
2024-02-13,20_21,11.2,0,0
2024-02-13,21_22,10.6,0,0
2024-02-13,22_23,9.6,0,0
2024-02-13,23_24,8.9,0,0
2024-02-13,24_28,9.0,0,0
2024-02-14,04_06,9.2,0,0
2024-02-14,06_07,9.4,0,0
2024-02-14,07_08,9.6,0,0
2024-02-14,08_09,9.8,0,0
2024-02-14,09_10,10.3,0,0
2024-02-14,10_11,12.1,0,0
2024-02-14,11_12,14.1,0,0
2024-02-14,12_13,16.4,0,0
2024-02-14,13_14,17.1,0,0
2024-02-14,14_15,17.0,0,0
2024-02-14,15_16,18.2,0,0
2024-02-14,16_17,16.9,0,0
2024-02-14,17_18,15.9,0,0
2024-02-14,18_19,14.9,0,0
2024-02-14,19_20,14.3,0,0
2024-02-14,20_21,13.6,0,0
2024-02-14,21_22,13.2,0,0
2024-02-14,22_23,13.0,0,0
2024-02-14,23_24,12.7,0,0
2024-02-14,24_28,10.8,0,0
2024-02-15,04_06,9.4,0,0
2024-02-15,06_07,8.7,0,0
2024-02-15,07_08,8.4,0,0
2024-02-15,08_09,8.2,1,0
2024-02-15,09_10,8.1,1,0
2024-02-15,10_11,7.5,1,0
2024-02-15,11_12,4.8,1,0
2024-02-15,12_13,3.0,1,0
2024-02-15,13_14,1.9,1,1
2024-02-15,14_15,1.2,1,0
2024-02-15,15_16,1.4,0,0
2024-02-15,16_17,2.0,0,0
2024-02-15,17_18,2.5,0,0
2024-02-15,18_19,2.4,0,0
2024-02-15,19_20,2.3,0,0
2024-02-15,20_21,2.2,0,0
2024-02-15,21_22,2.1,0,0
2024-02-15,22_23,1.6,0,0
2024-02-15,23_24,1.2,0,0
2024-02-15,24_28,-0.1,0,0
2024-02-16,04_06,-1.2,0,0
2024-02-16,06_07,-1.3,0,0
2024-02-16,07_08,-1.5,0,0
2024-02-16,08_09,-1.4,0,0
2024-02-16,09_10,0.3,0,0
2024-02-16,10_11,2.5,0,0
2024-02-16,11_12,3.2,0,0
2024-02-16,12_13,3.5,0,0
2024-02-16,13_14,5.4,0,0
2024-02-16,14_15,6.7,0,0
2024-02-16,15_16,7.6,0,0
2024-02-16,16_17,7.8,0,0
2024-02-16,17_18,7.3,0,0
2024-02-16,18_19,5.3,0,0
2024-02-16,19_20,4.0,0,0
2024-02-16,20_21,3.0,0,0
2024-02-16,21_22,2.6,0,0
2024-02-16,22_23,1.8,0,0
2024-02-16,23_24,1.2,0,0
2024-02-16,24_28,0.3,0,0
2024-02-17,04_06,-0.4,0,0
2024-02-17,06_07,-0.9,0,0
2024-02-17,07_08,-1.1,0,0
2024-02-17,08_09,-1.1,0,0
2024-02-17,09_10,0.5,0,0
2024-02-17,10_11,3.2,0,0
2024-02-17,11_12,4.7,0,0
2024-02-17,12_13,6.2,0,0
2024-02-17,13_14,8.4,0,0
2024-02-17,14_15,9.5,0,0
2024-02-17,15_16,11.1,0,0
2024-02-17,16_17,11.2,0,0
2024-02-17,17_18,11.0,0,0
2024-02-17,18_19,8.8,0,0
2024-02-17,19_20,7.3,0,0
2024-02-17,20_21,6.3,0,0
2024-02-17,21_22,5.6,0,0
2024-02-17,22_23,4.9,0,0
2024-02-17,23_24,4.3,0,0
2024-02-17,24_28,3.4,0,0
2024-02-18,04_06,2.1,0,0
2024-02-18,06_07,1.6,0,0
2024-02-18,07_08,1.3,0,0
2024-02-18,08_09,1.4,0,0
2024-02-18,09_10,4.1,0,0
2024-02-18,10_11,5.6,0,0
2024-02-18,11_12,7.2,0,0
2024-02-18,12_13,7.6,0,0
2024-02-18,13_14,8.3,0,0
2024-02-18,14_15,8.7,0,0
2024-02-18,15_16,9.1,1,0
2024-02-18,16_17,8.5,1,0
2024-02-18,17_18,8.1,1,0
2024-02-18,18_19,7.4,1,0
2024-02-18,19_20,7.6,1,0
2024-02-18,20_21,7.7,1,0
2024-02-18,21_22,8.0,1,0
2024-02-18,22_23,8.5,1,0
2024-02-18,23_24,8.9,1,0
2024-02-18,24_28,9.8,1,0
2024-02-19,04_06,10.4,1,0
2024-02-19,06_07,10.5,0,0
2024-02-19,07_08,10.7,1,0
2024-02-19,08_09,10.8,0,0
2024-02-19,09_10,11.0,0,0
2024-02-19,10_11,11.4,0,0
2024-02-19,11_12,11.9,1,0
2024-02-19,12_13,11.8,0,0
2024-02-19,13_14,11.4,1,0
2024-02-19,14_15,10.8,1,0
2024-02-19,15_16,10.6,1,0
2024-02-19,16_17,9.8,0,0
2024-02-19,17_18,9.3,1,0
2024-02-19,18_19,8.3,0,0
2024-02-19,19_20,7.4,0,0
2024-02-19,20_21,6.7,0,0
2024-02-19,21_22,5.9,0,0
2024-02-19,22_23,5.2,0,0
2024-02-19,23_24,4.8,0,0
2024-02-19,24_28,3.9,1,0
2024-02-20,04_06,3.0,0,0
2024-02-20,06_07,2.9,0,0
2024-02-20,07_08,3.1,0,0
2024-02-20,08_09,3.5,0,0
2024-02-20,09_10,4.2,0,0
2024-02-20,10_11,4.6,0,0
2024-02-20,11_12,4.6,0,0
2024-02-20,12_13,5.0,0,0
2024-02-20,13_14,6.2,0,0
2024-02-20,14_15,6.7,0,0
2024-02-20,15_16,6.7,1,0
2024-02-20,16_17,6.0,1,0
2024-02-20,17_18,5.3,1,0
2024-02-20,18_19,4.5,1,0
2024-02-20,19_20,4.1,0,0
2024-02-20,20_21,4.1,0,0
2024-02-20,21_22,3.9,0,0
2024-02-20,22_23,3.9,0,0
2024-02-20,23_24,3.8,0,0
2024-02-20,24_28,3.8,1,0
2024-02-21,04_06,3.1,1,0
2024-02-21,06_07,2.8,1,0
2024-02-21,07_08,2.5,1,0
2024-02-21,08_09,2.4,1,0
2024-02-21,09_10,2.4,1,0
2024-02-21,10_11,2.5,1,0
2024-02-21,11_12,2.6,1,0
2024-02-21,12_13,2.4,1,0
2024-02-21,13_14,1.8,1,0
2024-02-21,14_15,1.8,1,0
2024-02-21,15_16,2.0,1,0
2024-02-21,16_17,2.0,1,0
2024-02-21,17_18,1.9,1,0
2024-02-21,18_19,1.4,1,1
2024-02-21,19_20,0.9,1,1
2024-02-21,20_21,0.6,1,1
2024-02-21,21_22,0.4,1,1
2024-02-21,22_23,0.3,1,1
2024-02-21,23_24,0.2,1,1
2024-02-21,24_28,-0.1,1,1
2024-02-22,04_06,-0.4,1,1
2024-02-22,06_07,-0.8,1,1
2024-02-22,07_08,-1.1,0,0
2024-02-22,08_09,-0.9,0,0
2024-02-22,09_10,-0.4,0,0
2024-02-22,10_11,0.0,0,0
2024-02-22,11_12,0.3,0,0
2024-02-22,12_13,0.8,0,0
2024-02-22,13_14,1.3,0,0
2024-02-22,14_15,1.5,0,0
2024-02-22,15_16,1.4,0,0
2024-02-22,16_17,1.2,0,0
2024-02-22,17_18,1.1,0,0
2024-02-22,18_19,0.7,0,0
2024-02-22,19_20,0.6,0,0
2024-02-22,20_21,0.6,0,0
2024-02-22,21_22,0.5,0,0
2024-02-22,22_23,0.3,0,0
2024-02-22,23_24,0.1,0,1
2024-02-22,24_28,-0.4,1,1
2024-02-23,04_06,-0.8,0,0
2024-02-23,06_07,-0.8,0,0
2024-02-23,07_08,-0.9,0,0
2024-02-23,08_09,-0.7,0,0
2024-02-23,09_10,0.0,0,0
2024-02-23,10_11,1.1,0,0
2024-02-23,11_12,2.4,0,0
2024-02-23,12_13,3.6,0,0
2024-02-23,13_14,4.6,0,0
2024-02-23,14_15,5.5,0,0
2024-02-23,15_16,6.0,0,0
2024-02-23,16_17,5.5,0,0
2024-02-23,17_18,5.2,0,0
2024-02-23,18_19,4.5,0,0
2024-02-23,19_20,3.7,0,0
2024-02-23,20_21,2.9,0,0
2024-02-23,21_22,1.8,0,0
2024-02-23,22_23,1.1,0,0
2024-02-23,23_24,0.6,0,0
2024-02-23,24_28,-0.2,0,0
2024-02-24,04_06,-0.8,0,0
2024-02-24,06_07,-1.0,0,0
2024-02-24,07_08,-1.3,0,0
2024-02-24,08_09,-1.1,0,0
2024-02-24,09_10,-0.1,0,0
2024-02-24,10_11,1.5,0,0
2024-02-24,11_12,2.1,0,0
2024-02-24,12_13,3.9,0,0
2024-02-24,13_14,4.6,0,0
2024-02-24,14_15,5.4,0,0
2024-02-24,15_16,5.6,0,0
2024-02-24,16_17,5.4,0,0
2024-02-24,17_18,5.1,0,0
2024-02-24,18_19,4.5,0,0
2024-02-24,19_20,3.3,1,0
2024-02-24,20_21,2.4,1,0
2024-02-24,21_22,2.1,1,0
2024-02-24,22_23,2.1,1,0
2024-02-24,23_24,1.9,1,0
2024-02-24,24_28,1.3,1,0
2024-02-25,04_06,1.0,1,0
2024-02-25,06_07,0.9,1,1
2024-02-25,07_08,0.8,0,0
2024-02-25,08_09,0.9,0,0
2024-02-25,09_10,1.4,0,0
2024-02-25,10_11,2.4,0,0
2024-02-25,11_12,3.5,0,0
2024-02-25,12_13,4.7,0,0
2024-02-25,13_14,5.2,0,0
2024-02-25,14_15,4.9,0,0
2024-02-25,15_16,5.0,0,0
2024-02-25,16_17,5.7,0,0
2024-02-25,17_18,5.3,0,0
2024-02-25,18_19,4.9,0,0
2024-02-25,19_20,4.4,0,0
2024-02-25,20_21,3.9,0,0
2024-02-25,21_22,3.0,0,0
2024-02-25,22_23,2.5,0,0
2024-02-25,23_24,1.7,0,0
2024-02-25,24_28,0.6,0,0
2024-02-26,04_06,-0.6,0,0
2024-02-26,06_07,-0.9,0,0
2024-02-26,07_08,-1.2,0,0
2024-02-26,08_09,-0.9,0,0
2024-02-26,09_10,1.4,0,0
2024-02-26,10_11,3.7,0,0
2024-02-26,11_12,5.5,0,0
2024-02-26,12_13,7.1,0,0
2024-02-26,13_14,8.5,0,0
2024-02-26,14_15,8.4,0,0
2024-02-26,15_16,8.5,0,0
2024-02-26,16_17,8.9,0,0
2024-02-26,17_18,8.4,0,0
2024-02-26,18_19,7.2,0,0
2024-02-26,19_20,6.3,0,0
2024-02-26,20_21,5.4,0,0
2024-02-26,21_22,4.7,0,0
2024-02-26,22_23,3.8,0,0
2024-02-26,23_24,3.2,0,0
2024-02-26,24_28,2.2,0,0
2024-02-27,04_06,1.8,0,0
2024-02-27,06_07,1.3,0,0
2024-02-27,07_08,1.2,0,0
2024-02-27,08_09,1.5,0,0
2024-02-27,09_10,2.3,0,0
2024-02-27,10_11,3.6,0,0
2024-02-27,11_12,5.0,0,0
2024-02-27,12_13,6.2,0,0
2024-02-27,13_14,7.7,0,0
2024-02-27,14_15,8.2,0,0
2024-02-27,15_16,9.6,0,0
2024-02-27,16_17,9.5,0,0
2024-02-27,17_18,8.9,0,0
2024-02-27,18_19,8.1,0,0
2024-02-27,19_20,7.5,0,0
2024-02-27,20_21,7.3,0,0
2024-02-27,21_22,7.0,0,0
2024-02-27,22_23,6.7,0,0
2024-02-27,23_24,6.3,0,0
2024-02-27,24_28,5.0,0,0
2024-02-28,04_06,3.8,0,0
2024-02-28,06_07,3.7,0,0
2024-02-28,07_08,3.3,0,0
2024-02-28,08_09,3.4,0,0
2024-02-28,09_10,4.4,0,0
2024-02-28,10_11,5.8,0,0
2024-02-28,11_12,7.1,0,0
2024-02-28,12_13,8.1,0,0
2024-02-28,13_14,9.0,0,0
2024-02-28,14_15,9.7,0,0
2024-02-28,15_16,9.9,0,0
2024-02-28,16_17,9.8,0,0
2024-02-28,17_18,9.4,0,0
2024-02-28,18_19,8.7,0,0
2024-02-28,19_20,8.1,0,0
2024-02-28,20_21,7.4,0,0
2024-02-28,21_22,6.9,0,0
2024-02-28,22_23,6.3,0,0
2024-02-28,23_24,5.7,0,0
2024-02-28,24_28,4.7,0,0
2024-02-29,04_06,3.6,0,0
2024-02-29,06_07,3.3,0,0
2024-02-29,07_08,3.0,0,0
2024-02-29,08_09,3.0,0,0
2024-02-29,09_10,3.8,0,0
2024-02-29,10_11,5.1,0,0
2024-02-29,11_12,6.0,0,0
2024-02-29,12_13,6.8,0,0
2024-02-29,13_14,7.4,0,0
2024-02-29,14_15,8.4,0,0
2024-02-29,15_16,8.7,0,0
2024-02-29,16_17,9.3,0,0
2024-02-29,17_18,8.7,0,0
2024-02-29,18_19,7.6,0,0
2024-02-29,19_20,6.6,0,0
2024-02-29,20_21,5.3,0,0
2024-02-29,21_22,4.1,0,0
2024-02-29,22_23,2.5,0,0
2024-02-29,23_24,1.5,0,0
2024-02-29,24_28,-0.8,0,0
2024-03-01,04_06,-2.6,0,0
2024-03-01,06_07,-3.8,0,0
2024-03-01,07_08,-4.8,0,0
2024-03-01,08_09,-5.3,0,0
2024-03-01,09_10,-4.8,0,0
2024-03-01,10_11,-4.5,0,0
2024-03-01,11_12,-3.3,0,0
2024-03-01,12_13,-3.0,0,0
2024-03-01,13_14,-2.7,0,0
2024-03-01,14_15,-2.3,0,0
2024-03-01,15_16,-2.2,0,0
2024-03-01,16_17,-2.2,0,0
2024-03-01,17_18,-2.4,0,0
2024-03-01,18_19,-3.9,0,0
2024-03-01,19_20,-5.0,0,0
2024-03-01,20_21,-5.6,0,0
2024-03-01,21_22,-6.0,0,0
2024-03-01,22_23,-6.5,0,0
2024-03-01,23_24,-6.8,0,0
2024-03-01,24_28,-7.6,0,0
2024-03-02,04_06,-8.0,0,0
2024-03-02,06_07,-7.9,0,0
2024-03-02,07_08,-8.0,0,0
2024-03-02,08_09,-7.4,0,0
2024-03-02,09_10,-4.2,0,0
2024-03-02,10_11,-2.1,0,0
2024-03-02,11_12,0.2,0,0
2024-03-02,12_13,1.9,0,0
2024-03-02,13_14,2.2,0,0
2024-03-02,14_15,2.9,0,0
2024-03-02,15_16,3.2,0,0
2024-03-02,16_17,3.1,0,0
2024-03-02,17_18,3.7,0,0
2024-03-02,18_19,3.4,0,0
2024-03-02,19_20,3.5,0,0
2024-03-02,20_21,3.3,0,0
2024-03-02,21_22,3.3,0,0
2024-03-02,22_23,3.4,0,0
2024-03-02,23_24,3.4,0,0
2024-03-02,24_28,4.0,0,0
2024-03-03,04_06,2.0,0,0
2024-03-03,06_07,0.9,0,0
2024-03-03,07_08,0.5,0,0
2024-03-03,08_09,0.7,0,0
2024-03-03,09_10,2.0,0,0
2024-03-03,10_11,3.5,0,0
2024-03-03,11_12,4.9,0,0
2024-03-03,12_13,6.7,0,0
2024-03-03,13_14,7.3,0,0
2024-03-03,14_15,7.3,0,0
2024-03-03,15_16,7.3,0,0
2024-03-03,16_17,7.2,0,0
2024-03-03,17_18,6.8,0,0
2024-03-03,18_19,6.0,0,0
2024-03-03,19_20,5.0,0,0
2024-03-03,20_21,4.4,0,0
2024-03-03,21_22,3.6,0,0
2024-03-03,22_23,2.9,0,0
2024-03-03,23_24,2.5,0,0
2024-03-03,24_28,1.1,0,0
2024-03-04,04_06,-0.4,0,0
2024-03-04,06_07,-1.3,0,0
2024-03-04,07_08,-1.7,0,0
2024-03-04,08_09,-1.4,0,0
2024-03-04,09_10,1.3,0,0
2024-03-04,10_11,3.8,0,0
2024-03-04,11_12,6.1,0,0
2024-03-04,12_13,8.0,0,0
2024-03-04,13_14,10.2,0,0
2024-03-04,14_15,11.1,0,0
2024-03-04,15_16,11.5,0,0
2024-03-04,16_17,11.1,0,0
2024-03-04,17_18,11.2,0,0
2024-03-04,18_19,9.9,0,0
2024-03-04,19_20,8.4,0,0
2024-03-04,20_21,7.7,0,0
2024-03-04,21_22,6.9,0,0
2024-03-04,22_23,6.1,0,0
2024-03-04,23_24,5.8,0,0
2024-03-04,24_28,6.4,0,0
2024-03-05,04_06,6.4,0,0
2024-03-05,06_07,6.5,0,0
2024-03-05,07_08,6.5,0,0
2024-03-05,08_09,6.4,0,0
2024-03-05,09_10,6.9,0,0
2024-03-05,10_11,8.2,0,0
2024-03-05,11_12,8.8,0,0
2024-03-05,12_13,10.4,0,0
2024-03-05,13_14,10.8,0,0
2024-03-05,14_15,10.9,0,0
2024-03-05,15_16,10.8,0,0
2024-03-05,16_17,10.7,0,0
2024-03-05,17_18,10.9,0,0
2024-03-05,18_19,10.1,0,0
2024-03-05,19_20,8.9,0,0
2024-03-05,20_21,8.1,0,0
2024-03-05,21_22,7.3,0,0
2024-03-05,22_23,6.3,0,0
2024-03-05,23_24,5.8,0,0
2024-03-05,24_28,4.5,0,0
2024-03-06,04_06,3.0,0,0
2024-03-06,06_07,2.7,0,0
2024-03-06,07_08,2.5,0,0
2024-03-06,08_09,3.3,0,0
2024-03-06,09_10,4.5,0,0
2024-03-06,10_11,5.8,0,0
2024-03-06,11_12,7.5,0,0
2024-03-06,12_13,9.2,0,0
2024-03-06,13_14,9.4,0,0
2024-03-06,14_15,9.6,0,0
2024-03-06,15_16,10.0,0,0
2024-03-06,16_17,10.0,0,0
2024-03-06,17_18,9.5,0,0
2024-03-06,18_19,9.1,0,0
2024-03-06,19_20,8.2,0,0
2024-03-06,20_21,7.2,0,0
2024-03-06,21_22,6.1,0,0
2024-03-06,22_23,5.1,0,0
2024-03-06,23_24,4.6,0,0
2024-03-06,24_28,3.8,0,0
2024-03-07,04_06,3.0,0,0
2024-03-07,06_07,3.0,0,0
2024-03-07,07_08,3.0,0,0
2024-03-07,08_09,3.2,0,0
2024-03-07,09_10,3.8,0,0
2024-03-07,10_11,5.1,0,0
2024-03-07,11_12,5.4,0,0
2024-03-07,12_13,5.4,0,0
2024-03-07,13_14,8.2,0,0
2024-03-07,14_15,7.6,0,0
2024-03-07,15_16,5.8,1,0
2024-03-07,16_17,4.3,0,0
2024-03-07,17_18,5.3,0,0
2024-03-07,18_19,5.2,0,0
2024-03-07,19_20,4.0,0,0
2024-03-07,20_21,3.6,0,0
2024-03-07,21_22,3.1,0,0
2024-03-07,22_23,2.5,0,0
2024-03-07,23_24,1.9,0,0
2024-03-07,24_28,0.4,0,0
2024-03-08,04_06,-0.5,0,0
2024-03-08,06_07,-0.4,0,0
2024-03-08,07_08,-0.4,0,0
2024-03-08,08_09,-0.2,0,0
2024-03-08,09_10,1.4,0,0
2024-03-08,10_11,3.2,0,0
2024-03-08,11_12,3.9,0,0
2024-03-08,12_13,4.6,0,0
2024-03-08,13_14,5.9,0,0
2024-03-08,14_15,6.0,0,0
2024-03-08,15_16,6.1,0,0
2024-03-08,16_17,6.2,0,0
2024-03-08,17_18,5.4,0,0
2024-03-08,18_19,4.1,0,0
2024-03-08,19_20,2.4,0,0
2024-03-08,20_21,1.5,0,0
2024-03-08,21_22,1.0,0,0
2024-03-08,22_23,0.5,0,0
2024-03-08,23_24,0.4,0,0
2024-03-08,24_28,-0.6,0,0
2024-03-09,04_06,-1.4,0,0
2024-03-09,06_07,-1.8,0,0
2024-03-09,07_08,-2.0,0,0
2024-03-09,08_09,-1.8,0,0
2024-03-09,09_10,-0.4,0,0
2024-03-09,10_11,0.8,0,0
2024-03-09,11_12,2.3,0,0
2024-03-09,12_13,4.2,0,0
2024-03-09,13_14,5.2,0,0
2024-03-09,14_15,6.1,0,0
2024-03-09,15_16,6.8,0,0
2024-03-09,16_17,6.7,0,0
2024-03-09,17_18,6.2,0,0
2024-03-09,18_19,5.0,0,0
2024-03-09,19_20,3.4,0,0
2024-03-09,20_21,2.6,0,0
2024-03-09,21_22,2.1,0,0
2024-03-09,22_23,1.8,0,0
2024-03-09,23_24,1.4,0,0
2024-03-09,24_28,0.5,0,0
2024-03-10,04_06,-1.2,0,0
2024-03-10,06_07,-1.7,0,0
2024-03-10,07_08,-1.8,0,0
2024-03-10,08_09,-1.1,0,0
2024-03-10,09_10,1.6,0,0
2024-03-10,10_11,4.1,0,0
2024-03-10,11_12,6.3,0,0
2024-03-10,12_13,7.8,0,0
2024-03-10,13_14,8.9,0,0
2024-03-10,14_15,9.9,0,0
2024-03-10,15_16,10.4,0,0
2024-03-10,16_17,10.4,0,0
2024-03-10,17_18,9.2,0,0
2024-03-10,18_19,7.8,0,0
2024-03-10,19_20,6.3,0,0
2024-03-10,20_21,5.3,0,0
2024-03-10,21_22,4.8,0,0
2024-03-10,22_23,4.4,0,0
2024-03-10,23_24,3.6,0,0
2024-03-10,24_28,3.2,0,0
2024-03-11,04_06,3.4,0,0
2024-03-11,06_07,4.0,0,0
2024-03-11,07_08,4.4,0,0
2024-03-11,08_09,4.7,0,0
2024-03-11,09_10,5.1,0,0
2024-03-11,10_11,5.5,0,0
2024-03-11,11_12,5.9,0,0
2024-03-11,12_13,6.8,0,0
2024-03-11,13_14,7.5,0,0
2024-03-11,14_15,8.7,0,0
2024-03-11,15_16,9.7,0,0
2024-03-11,16_17,10.4,0,0
2024-03-11,17_18,10.6,0,0
2024-03-11,18_19,10.0,0,0
2024-03-11,19_20,9.1,0,0
2024-03-11,20_21,8.8,0,0
2024-03-11,21_22,8.5,0,0
2024-03-11,22_23,8.2,0,0
2024-03-11,23_24,7.9,0,0
2024-03-11,24_28,7.2,0,0
2024-03-12,04_06,6.2,0,0
2024-03-12,06_07,5.8,0,0
2024-03-12,07_08,5.5,0,0
2024-03-12,08_09,5.5,1,0
2024-03-12,09_10,5.7,1,0
2024-03-12,10_11,5.9,0,0
2024-03-12,11_12,7.1,0,0
2024-03-12,12_13,8.5,0,0
2024-03-12,13_14,7.8,0,0
2024-03-12,14_15,7.9,0,0
2024-03-12,15_16,9.4,0,0
2024-03-12,16_17,9.2,1,0
2024-03-12,17_18,8.5,1,0
2024-03-12,18_19,7.5,0,0
2024-03-12,19_20,6.4,0,0
2024-03-12,20_21,5.8,0,0
2024-03-12,21_22,5.9,0,0
2024-03-12,22_23,5.5,0,0
2024-03-12,23_24,5.1,0,0
2024-03-12,24_28,3.6,0,0
2024-03-13,04_06,2.4,0,0
2024-03-13,06_07,1.6,0,0
2024-03-13,07_08,1.5,0,0
2024-03-13,08_09,2.0,0,0
2024-03-13,09_10,4.5,0,0
2024-03-13,10_11,6.6,0,0
2024-03-13,11_12,8.6,0,0
2024-03-13,12_13,10.6,0,0
2024-03-13,13_14,11.6,0,0
2024-03-13,14_15,11.3,0,0
2024-03-13,15_16,11.5,0,0
2024-03-13,16_17,10.7,0,0
2024-03-13,17_18,10.3,0,0
2024-03-13,18_19,9.0,0,0
2024-03-13,19_20,7.7,0,0
2024-03-13,20_21,7.0,0,0
2024-03-13,21_22,6.5,0,0
2024-03-13,22_23,5.9,0,0
2024-03-13,23_24,5.5,0,0
2024-03-13,24_28,4.8,0,0
2024-03-14,04_06,4.2,0,0
2024-03-14,06_07,3.7,0,0
2024-03-14,07_08,3.5,0,0
2024-03-14,08_09,4.2,0,0
2024-03-14,09_10,5.6,0,0
2024-03-14,10_11,8.2,0,0
2024-03-14,11_12,10.1,0,0
2024-03-14,12_13,11.8,0,0
2024-03-14,13_14,13.1,0,0
2024-03-14,14_15,14.5,0,0
2024-03-14,15_16,15.4,0,0
2024-03-14,16_17,14.9,0,0
2024-03-14,17_18,14.2,0,0
2024-03-14,18_19,12.7,0,0
2024-03-14,19_20,10.6,0,0
2024-03-14,20_21,9.2,0,0
2024-03-14,21_22,8.1,0,0
2024-03-14,22_23,7.3,0,0
2024-03-14,23_24,6.8,0,0
2024-03-14,24_28,5.8,0,0
2024-03-15,04_06,4.8,0,0
2024-03-15,06_07,4.2,0,0
2024-03-15,07_08,4.1,0,0
2024-03-15,08_09,5.0,0,0
2024-03-15,09_10,7.1,0,0
2024-03-15,10_11,9.1,0,0
2024-03-15,11_12,10.6,0,0
2024-03-15,12_13,12.2,0,0
2024-03-15,13_14,13.2,0,0
2024-03-15,14_15,13.9,0,0
2024-03-15,15_16,14.1,0,0
2024-03-15,16_17,14.1,0,0
2024-03-15,17_18,13.7,0,0
2024-03-15,18_19,12.1,0,0
2024-03-15,19_20,10.4,0,0
2024-03-15,20_21,9.5,0,0
2024-03-15,21_22,8.8,0,0
2024-03-15,22_23,8.2,0,0
2024-03-15,23_24,7.6,0,0
2024-03-15,24_28,6.4,0,0
2024-03-16,04_06,5.5,0,0
2024-03-16,06_07,4.8,0,0
2024-03-16,07_08,4.6,0,0
2024-03-16,08_09,5.7,0,0
2024-03-16,09_10,7.9,0,0
2024-03-16,10_11,10.0,0,0
2024-03-16,11_12,12.5,0,0
2024-03-16,12_13,14.4,0,0
2024-03-16,13_14,16.2,0,0
2024-03-16,14_15,17.7,0,0
2024-03-16,15_16,17.6,0,0
2024-03-16,16_17,17.9,0,0
2024-03-16,17_18,16.6,0,0
2024-03-16,18_19,14.8,0,0
2024-03-16,19_20,13.5,0,0
2024-03-16,20_21,12.6,0,0
2024-03-16,21_22,11.2,0,0
2024-03-16,22_23,10.5,0,0
2024-03-16,23_24,10.4,0,0
2024-03-16,24_28,9.9,0,0
2024-03-17,04_06,9.5,1,0
2024-03-17,06_07,8.7,0,0
2024-03-17,07_08,8.6,0,0
2024-03-17,08_09,8.7,0,0
2024-03-17,09_10,8.6,0,0
2024-03-17,10_11,9.2,0,0
2024-03-17,11_12,9.6,0,0
2024-03-17,12_13,9.6,0,0
2024-03-17,13_14,10.7,0,0
2024-03-17,14_15,11.6,0,0
2024-03-17,15_16,11.7,0,0
2024-03-17,16_17,11.4,0,0
2024-03-17,17_18,11.4,0,0
2024-03-17,18_19,10.2,0,0
2024-03-17,19_20,8.9,0,0
2024-03-17,20_21,7.7,0,0
2024-03-17,21_22,6.6,0,0
2024-03-17,22_23,5.9,0,0
2024-03-17,23_24,5.5,0,0
2024-03-17,24_28,4.5,0,0
2024-03-18,04_06,2.8,0,0
2024-03-18,06_07,1.7,0,0
2024-03-18,07_08,1.6,0,0
2024-03-18,08_09,2.2,0,0
2024-03-18,09_10,5.1,0,0
2024-03-18,10_11,7.4,0,0
2024-03-18,11_12,9.6,0,0
2024-03-18,12_13,11.0,0,0
2024-03-18,13_14,11.9,0,0
2024-03-18,14_15,13.1,0,0
2024-03-18,15_16,13.0,0,0
2024-03-18,16_17,12.8,0,0
2024-03-18,17_18,11.5,0,0
2024-03-18,18_19,10.0,0,0
2024-03-18,19_20,8.3,0,0
2024-03-18,20_21,7.3,0,0
2024-03-18,21_22,6.6,0,0
2024-03-18,22_23,6.2,0,0
2024-03-18,23_24,6.0,0,0
2024-03-18,24_28,5.4,0,0
2024-03-19,04_06,5.5,0,0
2024-03-19,06_07,5.4,0,0
2024-03-19,07_08,5.4,0,0
2024-03-19,08_09,5.8,0,0
2024-03-19,09_10,7.1,0,0
2024-03-19,10_11,7.9,0,0
2024-03-19,11_12,8.1,1,0
2024-03-19,12_13,8.6,0,0
2024-03-19,13_14,9.2,0,0
2024-03-19,14_15,9.5,0,0
2024-03-19,15_16,9.8,0,0
2024-03-19,16_17,9.2,0,0
2024-03-19,17_18,8.4,0,0
2024-03-19,18_19,7.6,0,0
2024-03-19,19_20,6.9,0,0
2024-03-19,20_21,5.9,0,0
2024-03-19,21_22,5.3,0,0
2024-03-19,22_23,5.0,0,0
2024-03-19,23_24,4.7,0,0
2024-03-19,24_28,3.3,0,0
2024-03-20,04_06,2.2,0,0
2024-03-20,06_07,1.5,0,0
2024-03-20,07_08,1.2,0,0
2024-03-20,08_09,1.9,0,0
2024-03-20,09_10,3.3,0,0
2024-03-20,10_11,4.8,0,0
2024-03-20,11_12,6.2,0,0
2024-03-20,12_13,6.6,0,0
2024-03-20,13_14,6.7,0,0
2024-03-20,14_15,6.8,0,0
2024-03-20,15_16,8.1,0,0
2024-03-20,16_17,7.8,0,0
2024-03-20,17_18,7.7,0,0
2024-03-20,18_19,6.8,0,0
2024-03-20,19_20,5.3,0,0
2024-03-20,20_21,4.6,0,0
2024-03-20,21_22,4.2,0,0
2024-03-20,22_23,3.4,0,0
2024-03-20,23_24,2.8,0,0
2024-03-20,24_28,1.3,0,0
2024-03-21,04_06,-0.1,0,0
2024-03-21,06_07,-0.9,0,0
2024-03-21,07_08,-0.8,0,0
2024-03-21,08_09,1.0,0,0
2024-03-21,09_10,3.3,0,0
2024-03-21,10_11,5.3,0,0
2024-03-21,11_12,7.6,0,0
2024-03-21,12_13,8.6,0,0
2024-03-21,13_14,10.4,0,0
2024-03-21,14_15,10.8,0,0
2024-03-21,15_16,11.2,0,0
2024-03-21,16_17,10.9,0,0
2024-03-21,17_18,10.1,0,0
2024-03-21,18_19,8.6,0,0
2024-03-21,19_20,7.0,0,0
2024-03-21,20_21,6.0,0,0
2024-03-21,21_22,5.2,0,0
2024-03-21,22_23,4.6,0,0
2024-03-21,23_24,3.9,0,0
2024-03-21,24_28,4.4,0,0
2024-03-22,04_06,4.6,0,0
2024-03-22,06_07,4.1,0,0
2024-03-22,07_08,4.1,0,0
2024-03-22,08_09,5.0,0,0
2024-03-22,09_10,7.3,0,0
2024-03-22,10_11,10.4,0,0
2024-03-22,11_12,12.7,0,0
2024-03-22,12_13,14.2,0,0
2024-03-22,13_14,14.6,0,0
2024-03-22,14_15,14.8,0,0
2024-03-22,15_16,14.9,0,0
2024-03-22,16_17,15.0,0,0
2024-03-22,17_18,15.1,1,0
2024-03-22,18_19,14.0,1,0
2024-03-22,19_20,12.8,1,0
2024-03-22,20_21,12.1,1,0
2024-03-22,21_22,11.5,1,0
2024-03-22,22_23,11.8,0,0
2024-03-22,23_24,12.2,1,0
2024-03-22,24_28,11.3,1,0
2024-03-23,04_06,10.1,0,0
2024-03-23,06_07,9.8,0,0
2024-03-23,07_08,9.4,0,0
2024-03-23,08_09,9.6,0,0
2024-03-23,09_10,10.0,0,0
2024-03-23,10_11,11.2,0,0
2024-03-23,11_12,12.9,0,0
2024-03-23,12_13,13.7,0,0
2024-03-23,13_14,15.0,0,0
2024-03-23,14_15,15.9,0,0
2024-03-23,15_16,17.7,0,0
2024-03-23,16_17,18.0,0,0
2024-03-23,17_18,17.8,0,0
2024-03-23,18_19,16.9,0,0
2024-03-23,19_20,15.6,0,0
2024-03-23,20_21,14.7,0,0
2024-03-23,21_22,13.4,0,0
2024-03-23,22_23,12.5,0,0
2024-03-23,23_24,11.8,0,0
2024-03-23,24_28,10.9,0,0
2024-03-24,04_06,10.8,0,0
2024-03-24,06_07,10.8,0,0
2024-03-24,07_08,10.8,0,0
2024-03-24,08_09,11.8,0,0
2024-03-24,09_10,13.0,0,0
2024-03-24,10_11,15.4,0,0
2024-03-24,11_12,17.0,0,0
2024-03-24,12_13,19.2,0,0
2024-03-24,13_14,20.1,0,0
2024-03-24,14_15,21.7,0,0
2024-03-24,15_16,22.7,0,0
2024-03-24,16_17,23.1,0,0
2024-03-24,17_18,23.2,0,0
2024-03-24,18_19,22.1,0,0
2024-03-24,19_20,19.9,0,0
2024-03-24,20_21,17.8,0,0
2024-03-24,21_22,16.8,0,0
2024-03-24,22_23,16.2,0,0
2024-03-24,23_24,15.5,0,0
2024-03-24,24_28,13.7,0,0
2024-03-25,04_06,13.0,0,0
2024-03-25,06_07,12.4,0,0
2024-03-25,07_08,12.1,0,0
2024-03-25,08_09,12.5,0,0
2024-03-25,09_10,12.4,0,0
2024-03-25,10_11,12.6,0,0
2024-03-25,11_12,12.8,0,0
2024-03-25,12_13,13.0,0,0
2024-03-25,13_14,12.8,1,0
2024-03-25,14_15,10.4,1,0
2024-03-25,15_16,10.4,1,0
2024-03-25,16_17,9.9,1,0
2024-03-25,17_18,9.5,1,0
2024-03-25,18_19,9.2,1,0
2024-03-25,19_20,8.6,1,0
2024-03-25,20_21,8.3,1,0
2024-03-25,21_22,7.9,1,0
2024-03-25,22_23,7.3,1,0
2024-03-25,23_24,6.8,0,0
2024-03-25,24_28,6.0,1,0
2024-03-26,04_06,4.1,1,0
2024-03-26,06_07,3.5,1,0
2024-03-26,07_08,3.6,1,0
2024-03-26,08_09,3.2,1,0
2024-03-26,09_10,3.7,0,0
2024-03-26,10_11,5.1,0,0
2024-03-26,11_12,6.0,0,0
2024-03-26,12_13,7.7,0,0
2024-03-26,13_14,8.5,0,0
2024-03-26,14_15,10.9,0,0
2024-03-26,15_16,11.9,0,0
2024-03-26,16_17,12.1,0,0
2024-03-26,17_18,11.4,0,0
2024-03-26,18_19,10.9,0,0
2024-03-26,19_20,10.4,0,0
2024-03-26,20_21,10.0,0,0
2024-03-26,21_22,9.2,0,0
2024-03-26,22_23,8.2,0,0
2024-03-26,23_24,7.5,0,0
2024-03-26,24_28,6.3,0,0
2024-03-27,04_06,5.2,0,0
2024-03-27,06_07,4.6,0,0
2024-03-27,07_08,4.5,0,0
2024-03-27,08_09,6.1,0,0
2024-03-27,09_10,8.2,0,0
2024-03-27,10_11,10.4,0,0
2024-03-27,11_12,12.4,0,0
2024-03-27,12_13,13.6,0,0
2024-03-27,13_14,14.4,0,0
2024-03-27,14_15,15.6,0,0
2024-03-27,15_16,16.0,0,0
2024-03-27,16_17,15.7,0,0
2024-03-27,17_18,14.2,0,0
2024-03-27,18_19,13.1,0,0
2024-03-27,19_20,12.0,0,0
2024-03-27,20_21,11.5,0,0
2024-03-27,21_22,11.1,0,0
2024-03-27,22_23,10.7,0,0
2024-03-27,23_24,10.9,0,0
2024-03-27,24_28,10.5,0,0
2024-03-28,04_06,10.2,1,0
2024-03-28,06_07,9.8,0,0
2024-03-28,07_08,9.5,1,0
2024-03-28,08_09,9.6,1,0
2024-03-28,09_10,10.1,0,0
2024-03-28,10_11,10.6,0,0
2024-03-28,11_12,11.0,0,0
2024-03-28,12_13,11.2,0,0
2024-03-28,13_14,11.5,0,0
2024-03-28,14_15,11.2,0,0
2024-03-28,15_16,11.7,0,0
2024-03-28,16_17,12.0,0,0
2024-03-28,17_18,12.1,0,0
2024-03-28,18_19,11.8,0,0
2024-03-28,19_20,11.7,1,0
2024-03-28,20_21,10.6,1,0
2024-03-28,21_22,10.0,0,0
2024-03-28,22_23,9.6,0,0
2024-03-28,23_24,8.7,0,0
2024-03-28,24_28,6.8,0,0
2024-03-29,04_06,5.5,0,0
2024-03-29,06_07,5.7,0,0
2024-03-29,07_08,5.8,0,0
2024-03-29,08_09,6.1,0,0
2024-03-29,09_10,6.9,1,0
2024-03-29,10_11,6.7,1,0
2024-03-29,11_12,6.8,1,0
2024-03-29,12_13,7.4,0,0
2024-03-29,13_14,9.4,0,0
2024-03-29,14_15,9.8,0,0
2024-03-29,15_16,10.8,0,0
2024-03-29,16_17,12.0,0,0
2024-03-29,17_18,12.1,0,0
2024-03-29,18_19,11.2,0,0
2024-03-29,19_20,9.7,0,0
2024-03-29,20_21,8.4,0,0
2024-03-29,21_22,7.6,0,0
2024-03-29,22_23,6.9,0,0
2024-03-29,23_24,5.9,0,0
2024-03-29,24_28,4.9,0,0
2024-03-30,04_06,3.8,0,0
2024-03-30,06_07,3.0,0,0
2024-03-30,07_08,3.3,0,0
2024-03-30,08_09,4.5,0,0
2024-03-30,09_10,6.9,0,0
2024-03-30,10_11,7.7,0,0
2024-03-30,11_12,9.2,0,0
2024-03-30,12_13,11.5,0,0
2024-03-30,13_14,12.7,0,0
2024-03-30,14_15,15.1,0,0
2024-03-30,15_16,15.3,0,0
2024-03-30,16_17,14.9,0,0
2024-03-30,17_18,14.0,0,0
2024-03-30,18_19,13.1,0,0
2024-03-30,19_20,11.5,0,0
2024-03-30,20_21,10.1,0,0
2024-03-30,21_22,9.0,0,0
2024-03-30,22_23,8.1,0,0
2024-03-30,23_24,7.1,0,0
2024-03-30,24_28,5.9,0,0
2024-03-31,04_06,4.1,0,0
2024-03-31,06_07,3.5,0,0
2024-03-31,07_08,3.7,0,0
2024-03-31,08_09,5.1,0,0
2024-03-31,09_10,7.9,0,0
2024-03-31,10_11,9.9,0,0
2024-03-31,11_12,12.3,0,0
2024-03-31,12_13,14.1,0,0
2024-03-31,13_14,15.4,0,0
2024-03-31,14_15,16.1,0,0
2024-03-31,15_16,16.6,0,0
2024-03-31,16_17,17.2,0,0
2024-03-31,17_18,16.7,0,0
2024-03-31,18_19,15.4,0,0
2024-03-31,19_20,14.3,0,0
2024-03-31,20_21,13.4,0,0
2024-03-31,21_22,13.0,0,0
2024-03-31,22_23,12.2,0,0
2024-03-31,23_24,10.6,0,0
2024-03-31,24_28,8.2,0,0
2024-04-01,04_06,6.6,0,0
2024-04-01,06_07,5.8,0,0
2024-04-01,07_08,5.7,0,0
2024-04-01,08_09,7.5,0,0
2024-04-01,09_10,10.9,0,0
2024-04-01,10_11,13.6,0,0
2024-04-01,11_12,15.6,0,0
2024-04-01,12_13,16.9,0,0
2024-04-01,13_14,17.8,0,0
2024-04-01,14_15,18.0,0,0
2024-04-01,15_16,18.9,0,0
2024-04-01,16_17,18.1,0,0
2024-04-01,17_18,17.3,0,0
2024-04-01,18_19,16.2,0,0
2024-04-01,19_20,14.3,0,0
2024-04-01,20_21,12.7,0,0
2024-04-01,21_22,11.8,0,0
2024-04-01,22_23,10.9,0,0
2024-04-01,23_24,10.2,0,0
2024-04-01,24_28,8.7,0,0
2024-04-02,04_06,7.6,0,0
2024-04-02,06_07,7.0,0,0
2024-04-02,07_08,7.8,0,0
2024-04-02,08_09,10.0,0,0
2024-04-02,09_10,13.4,0,0
2024-04-02,10_11,16.4,0,0
2024-04-02,11_12,18.8,0,0
2024-04-02,12_13,20.5,0,0
2024-04-02,13_14,22.2,0,0
2024-04-02,14_15,23.5,0,0
2024-04-02,15_16,23.6,0,0
2024-04-02,16_17,21.1,0,0
2024-04-02,17_18,20.3,0,0
2024-04-02,18_19,20.0,0,0
2024-04-02,19_20,18.6,0,0
2024-04-02,20_21,17.7,0,0
2024-04-02,21_22,16.5,0,0
2024-04-02,22_23,15.5,0,0
2024-04-02,23_24,14.8,0,0
2024-04-02,24_28,14.2,0,0
2024-04-03,04_06,14.6,0,0
2024-04-03,06_07,14.7,0,0
2024-04-03,07_08,14.8,0,0
2024-04-03,08_09,15.5,0,0
2024-04-03,09_10,16.5,0,0
2024-04-03,10_11,17.1,0,0
2024-04-03,11_12,17.5,0,0
2024-04-03,12_13,18.1,0,0
2024-04-03,13_14,18.9,0,0
2024-04-03,14_15,19.7,0,0
2024-04-03,15_16,19.3,0,0
2024-04-03,16_17,19.1,0,0
2024-04-03,17_18,18.6,0,0
2024-04-03,18_19,18.5,0,0
2024-04-03,19_20,17.8,0,0
2024-04-03,20_21,16.7,0,0
2024-04-03,21_22,16.1,0,0
2024-04-03,22_23,15.7,0,0
2024-04-03,23_24,15.3,0,0
2024-04-03,24_28,14.0,0,0
2024-04-04,04_06,12.8,0,0
2024-04-04,06_07,12.5,0,0
2024-04-04,07_08,12.5,0,0
2024-04-04,08_09,13.1,0,0
2024-04-04,09_10,14.5,0,0
2024-04-04,10_11,16.3,0,0
2024-04-04,11_12,18.2,0,0
2024-04-04,12_13,19.3,0,0
2024-04-04,13_14,19.4,0,0
2024-04-04,14_15,20.1,0,0
2024-04-04,15_16,19.3,0,0
2024-04-04,16_17,19.4,0,0
2024-04-04,17_18,18.7,0,0
2024-04-04,18_19,17.5,0,0
2024-04-04,19_20,16.4,0,0
2024-04-04,20_21,15.4,0,0
2024-04-04,21_22,14.6,0,0
2024-04-04,22_23,14.1,0,0
2024-04-04,23_24,13.5,0,0
2024-04-04,24_28,12.8,0,0
2024-04-05,04_06,12.4,0,0
2024-04-05,06_07,12.1,0,0
2024-04-05,07_08,12.1,0,0
2024-04-05,08_09,12.3,0,0
2024-04-05,09_10,12.4,0,0
2024-04-05,10_11,13.3,0,0
2024-04-05,11_12,15.9,0,0
2024-04-05,12_13,16.7,0,0
2024-04-05,13_14,17.3,0,0
2024-04-05,14_15,18.1,0,0
2024-04-05,15_16,18.4,0,0
2024-04-05,16_17,17.9,0,0
2024-04-05,17_18,17.7,0,0
2024-04-05,18_19,16.4,0,0
2024-04-05,19_20,14.9,0,0
2024-04-05,20_21,13.9,0,0
2024-04-05,21_22,12.8,0,0
2024-04-05,22_23,11.6,0,0
2024-04-05,23_24,10.9,0,0
2024-04-05,24_28,9.9,0,0
2024-04-06,04_06,8.8,0,0
2024-04-06,06_07,8.2,0,0
2024-04-06,07_08,8.3,0,0
2024-04-06,08_09,9.4,0,0
2024-04-06,09_10,11.0,0,0
2024-04-06,10_11,12.7,0,0
2024-04-06,11_12,14.1,0,0
2024-04-06,12_13,15.6,0,0
2024-04-06,13_14,18.2,0,0
2024-04-06,14_15,18.2,0,0
2024-04-06,15_16,18.7,0,0
2024-04-06,16_17,17.4,0,0
2024-04-06,17_18,16.7,0,0
2024-04-06,18_19,16.1,0,0
2024-04-06,19_20,14.3,0,0
2024-04-06,20_21,12.9,0,0
2024-04-06,21_22,12.0,0,0
2024-04-06,22_23,11.0,0,0
2024-04-06,23_24,10.6,0,0
2024-04-06,24_28,9.7,0,0
2024-04-07,04_06,8.5,0,0
2024-04-07,06_07,7.9,0,0
2024-04-07,07_08,7.9,0,0
2024-04-07,08_09,9.8,0,0
2024-04-07,09_10,12.7,0,0
2024-04-07,10_11,15.6,0,0
2024-04-07,11_12,17.4,0,0
2024-04-07,12_13,19.4,0,0
2024-04-07,13_14,20.3,0,0
2024-04-07,14_15,22.0,0,0
2024-04-07,15_16,22.9,0,0
2024-04-07,16_17,23.2,0,0
2024-04-07,17_18,22.7,0,0
2024-04-07,18_19,19.9,0,0
2024-04-07,19_20,17.4,0,0
2024-04-07,20_21,15.6,0,0
2024-04-07,21_22,14.3,0,0
2024-04-07,22_23,13.4,0,0
2024-04-07,23_24,12.5,0,0
2024-04-07,24_28,11.7,0,0
2024-04-08,04_06,11.4,0,0
2024-04-08,06_07,11.1,0,0
2024-04-08,07_08,11.1,0,0
2024-04-08,08_09,12.1,0,0
2024-04-08,09_10,14.2,0,0
2024-04-08,10_11,16.3,0,0
2024-04-08,11_12,17.7,0,0
2024-04-08,12_13,18.8,0,0
2024-04-08,13_14,20.4,0,0
2024-04-08,14_15,22.0,0,0
2024-04-08,15_16,22.5,0,0
2024-04-08,16_17,21.9,0,0
2024-04-08,17_18,21.3,0,0
2024-04-08,18_19,19.8,0,0
2024-04-08,19_20,18.1,0,0
2024-04-08,20_21,16.8,0,0
2024-04-08,21_22,16.4,0,0
2024-04-08,22_23,16.2,0,0
2024-04-08,23_24,15.8,0,0
2024-04-08,24_28,13.9,0,0
2024-04-09,04_06,11.7,0,0
2024-04-09,06_07,10.9,0,0
2024-04-09,07_08,10.7,0,0
2024-04-09,08_09,11.5,0,0
2024-04-09,09_10,12.9,0,0
2024-04-09,10_11,14.6,0,0
2024-04-09,11_12,16.3,0,0
2024-04-09,12_13,17.6,0,0
2024-04-09,13_14,18.9,0,0
2024-04-09,14_15,20.0,0,0
2024-04-09,15_16,20.2,0,0
2024-04-09,16_17,20.7,0,0
2024-04-09,17_18,20.5,0,0
2024-04-09,18_19,19.7,0,0
2024-04-09,19_20,17.9,0,0
2024-04-09,20_21,16.4,0,0
2024-04-09,21_22,15.0,0,0
2024-04-09,22_23,13.9,0,0
2024-04-09,23_24,13.4,0,0
2024-04-09,24_28,12.2,0,0
2024-04-10,04_06,10.6,0,0
2024-04-10,06_07,10.4,0,0
2024-04-10,07_08,10.8,0,0
2024-04-10,08_09,11.8,0,0
2024-04-10,09_10,12.7,0,0
2024-04-10,10_11,13.9,0,0
2024-04-10,11_12,15.3,0,0
2024-04-10,12_13,16.5,0,0
2024-04-10,13_14,17.2,0,0
2024-04-10,14_15,18.1,0,0
2024-04-10,15_16,18.0,0,0
2024-04-10,16_17,18.1,0,0
2024-04-10,17_18,17.1,0,0
2024-04-10,18_19,15.2,0,0
2024-04-10,19_20,14.1,0,0
2024-04-10,20_21,13.4,0,0
2024-04-10,21_22,13.2,0,0
2024-04-10,22_23,13.1,0,0
2024-04-10,23_24,12.8,0,0
2024-04-10,24_28,12.2,0,0
2024-04-11,04_06,11.8,0,0
2024-04-11,06_07,11.8,0,0
2024-04-11,07_08,11.9,0,0
2024-04-11,08_09,12.5,0,0
2024-04-11,09_10,13.2,0,0
2024-04-11,10_11,15.3,0,0
2024-04-11,11_12,16.6,0,0
2024-04-11,12_13,17.6,0,0
2024-04-11,13_14,19.0,0,0
2024-04-11,14_15,19.6,0,0
2024-04-11,15_16,19.9,0,0
2024-04-11,16_17,21.0,0,0
2024-04-11,17_18,20.9,0,0
2024-04-11,18_19,20.1,0,0
2024-04-11,19_20,18.7,0,0
2024-04-11,20_21,17.2,0,0
2024-04-11,21_22,15.9,0,0
2024-04-11,22_23,15.2,0,0
2024-04-11,23_24,14.3,0,0
2024-04-11,24_28,12.8,0,0
2024-04-12,04_06,12.4,0,0
2024-04-12,06_07,12.3,0,0
2024-04-12,07_08,12.3,0,0
2024-04-12,08_09,13.7,0,0
2024-04-12,09_10,16.0,0,0
2024-04-12,10_11,17.6,0,0
2024-04-12,11_12,19.2,0,0
2024-04-12,12_13,20.5,0,0
2024-04-12,13_14,22.2,0,0
2024-04-12,14_15,23.2,0,0
2024-04-12,15_16,24.0,0,0
2024-04-12,16_17,24.0,0,0
2024-04-12,17_18,22.9,0,0
2024-04-12,18_19,21.7,0,0
2024-04-12,19_20,19.6,0,0
2024-04-12,20_21,17.9,0,0
2024-04-12,21_22,16.7,0,0
2024-04-12,22_23,16.0,0,0
2024-04-12,23_24,15.3,0,0
2024-04-12,24_28,13.8,0,0
2024-04-13,04_06,12.0,0,0
2024-04-13,06_07,11.3,0,0
2024-04-13,07_08,11.4,0,0
2024-04-13,08_09,13.6,0,0
2024-04-13,09_10,16.1,0,0
2024-04-13,10_11,19.3,0,0
2024-04-13,11_12,21.8,0,0
2024-04-13,12_13,23.7,0,0
2024-04-13,13_14,25.4,0,0
2024-04-13,14_15,26.6,0,0
2024-04-13,15_16,26.7,0,0
2024-04-13,16_17,27.0,0,0
2024-04-13,17_18,26.2,0,0
2024-04-13,18_19,25.0,0,0
2024-04-13,19_20,23.2,0,0
2024-04-13,20_21,21.1,0,0
2024-04-13,21_22,19.8,0,0
2024-04-13,22_23,18.9,0,0
2024-04-13,23_24,18.2,0,0
2024-04-13,24_28,16.2,0,0
2024-04-14,04_06,14.4,0,0
2024-04-14,06_07,13.7,0,0
2024-04-14,07_08,13.8,0,0
2024-04-14,08_09,15.9,0,0
2024-04-14,09_10,18.7,0,0
2024-04-14,10_11,21.5,0,0
2024-04-14,11_12,23.7,0,0
2024-04-14,12_13,25.8,0,0
2024-04-14,13_14,27.2,0,0
2024-04-14,14_15,28.9,0,0
2024-04-14,15_16,28.7,0,0
2024-04-14,16_17,27.8,0,0
2024-04-14,17_18,27.4,0,0
2024-04-14,18_19,25.5,0,0
2024-04-14,19_20,22.6,0,0
2024-04-14,20_21,21.3,0,0
2024-04-14,21_22,20.7,0,0
2024-04-14,22_23,19.8,0,0
2024-04-14,23_24,18.9,0,0
2024-04-14,24_28,18.4,0,0
2024-04-15,04_06,19.0,0,0
2024-04-15,06_07,19.2,0,0
2024-04-15,07_08,19.5,0,0
2024-04-15,08_09,20.0,1,0
2024-04-15,09_10,18.0,1,0
2024-04-15,10_11,16.3,1,0
2024-04-15,11_12,15.9,1,0
2024-04-15,12_13,16.8,1,0
2024-04-15,13_14,16.8,1,0
2024-04-15,14_15,16.8,1,0
2024-04-15,15_16,16.7,1,0
2024-04-15,16_17,16.9,1,0
2024-04-15,17_18,15.9,1,0
2024-04-15,18_19,14.8,0,0
2024-04-15,19_20,13.6,0,0
2024-04-15,20_21,12.1,0,0
2024-04-15,21_22,11.8,0,0
2024-04-15,22_23,11.9,0,0
2024-04-15,23_24,12.2,0,0
2024-04-15,24_28,11.9,1,0
2024-04-16,04_06,11.7,0,0
2024-04-16,06_07,11.9,1,0
2024-04-16,07_08,11.8,1,0
2024-04-16,08_09,12.0,1,0
2024-04-16,09_10,12.0,0,0
2024-04-16,10_11,12.2,0,0
2024-04-16,11_12,12.4,0,0
2024-04-16,12_13,13.2,0,0
2024-04-16,13_14,15.7,0,0
2024-04-16,14_15,16.5,0,0
2024-04-16,15_16,17.0,0,0
2024-04-16,16_17,17.6,0,0
2024-04-16,17_18,17.1,0,0
2024-04-16,18_19,16.2,0,0
2024-04-16,19_20,14.9,0,0
2024-04-16,20_21,13.8,0,0
2024-04-16,21_22,12.9,0,0
2024-04-16,22_23,12.4,0,0
2024-04-16,23_24,12.0,0,0
2024-04-16,24_28,11.0,0,0
2024-04-17,04_06,10.2,0,0
2024-04-17,06_07,9.8,0,0
2024-04-17,07_08,9.9,0,0
2024-04-17,08_09,10.7,0,0
2024-04-17,09_10,12.8,0,0
2024-04-17,10_11,15.1,0,0
2024-04-17,11_12,17.4,0,0
2024-04-17,12_13,18.6,0,0
2024-04-17,13_14,19.8,0,0
2024-04-17,14_15,20.7,0,0
2024-04-17,15_16,21.7,0,0
2024-04-17,16_17,21.2,0,0
2024-04-17,17_18,20.7,0,0
2024-04-17,18_19,19.0,0,0
2024-04-17,19_20,17.5,0,0
2024-04-17,20_21,15.9,0,0
2024-04-17,21_22,14.5,0,0
2024-04-17,22_23,13.7,0,0
2024-04-17,23_24,13.3,0,0
2024-04-17,24_28,12.4,0,0
2024-04-18,04_06,11.2,0,0
2024-04-18,06_07,10.8,0,0
2024-04-18,07_08,11.0,0,0
2024-04-18,08_09,13.0,0,0
2024-04-18,09_10,15.6,0,0
2024-04-18,10_11,17.9,0,0
2024-04-18,11_12,19.9,0,0
2024-04-18,12_13,21.9,0,0
2024-04-18,13_14,22.4,0,0
2024-04-18,14_15,24.3,0,0
2024-04-18,15_16,24.9,0,0
2024-04-18,16_17,24.7,0,0
2024-04-18,17_18,23.5,0,0
2024-04-18,18_19,21.2,0,0
2024-04-18,19_20,19.2,0,0
2024-04-18,20_21,17.7,0,0
2024-04-18,21_22,17.0,0,0
2024-04-18,22_23,16.1,0,0
2024-04-18,23_24,15.5,0,0
2024-04-18,24_28,13.6,0,0
2024-04-19,04_06,12.0,0,0
2024-04-19,06_07,11.7,0,0
2024-04-19,07_08,11.8,0,0
2024-04-19,08_09,14.0,0,0
2024-04-19,09_10,16.1,0,0
2024-04-19,10_11,18.3,0,0
2024-04-19,11_12,20.2,0,0
2024-04-19,12_13,21.8,0,0
2024-04-19,13_14,23.3,0,0
2024-04-19,14_15,23.8,0,0
2024-04-19,15_16,24.1,0,0
2024-04-19,16_17,23.4,0,0
2024-04-19,17_18,22.6,0,0
2024-04-19,18_19,21.1,0,0
2024-04-19,19_20,19.5,0,0
2024-04-19,20_21,18.2,0,0
2024-04-19,21_22,17.2,0,0
2024-04-19,22_23,16.4,0,0
2024-04-19,23_24,16.0,0,0
2024-04-19,24_28,15.6,0,0
2024-04-20,04_06,15.4,0,0
2024-04-20,06_07,15.6,0,0
2024-04-20,07_08,15.6,0,0
2024-04-20,08_09,16.1,0,0
2024-04-20,09_10,16.6,0,0
2024-04-20,10_11,17.2,1,0
2024-04-20,11_12,16.8,0,0
2024-04-20,12_13,16.9,0,0
2024-04-20,13_14,16.4,1,0
2024-04-20,14_15,16.1,1,0
2024-04-20,15_16,15.0,1,0
2024-04-20,16_17,14.4,1,0
2024-04-20,17_18,14.1,1,0
2024-04-20,18_19,13.7,1,0
2024-04-20,19_20,13.5,1,0
2024-04-20,20_21,13.3,0,0
2024-04-20,21_22,13.2,0,0
2024-04-20,22_23,13.0,0,0
2024-04-20,23_24,13.0,0,0
2024-04-20,24_28,13.7,0,0
2024-04-21,04_06,13.6,0,0
2024-04-21,06_07,13.7,0,0
2024-04-21,07_08,14.1,0,0
2024-04-21,08_09,15.1,0,0
2024-04-21,09_10,16.6,0,0
2024-04-21,10_11,17.9,0,0
2024-04-21,11_12,19.6,0,0
2024-04-21,12_13,21.4,0,0
2024-04-21,13_14,21.1,0,0
2024-04-21,14_15,20.7,0,0
2024-04-21,15_16,19.9,0,0
2024-04-21,16_17,19.5,0,0
2024-04-21,17_18,19.2,0,0
2024-04-21,18_19,18.6,0,0
2024-04-21,19_20,18.0,0,0
2024-04-21,20_21,17.5,0,0
2024-04-21,21_22,17.0,0,0
2024-04-21,22_23,16.6,0,0
2024-04-21,23_24,16.4,0,0
2024-04-21,24_28,15.8,0,0
2024-04-22,04_06,15.2,0,0
2024-04-22,06_07,15.0,0,0
2024-04-22,07_08,15.1,0,0
2024-04-22,08_09,16.0,0,0
2024-04-22,09_10,16.7,0,0
2024-04-22,10_11,17.4,0,0
2024-04-22,11_12,18.1,0,0
2024-04-22,12_13,19.8,0,0
2024-04-22,13_14,21.3,0,0
2024-04-22,14_15,21.9,0,0
2024-04-22,15_16,23.3,0,0
2024-04-22,16_17,23.9,0,0
2024-04-22,17_18,24.0,0,0
2024-04-22,18_19,23.4,0,0
2024-04-22,19_20,22.2,0,0
2024-04-22,20_21,21.4,0,0
2024-04-22,21_22,20.4,0,0
2024-04-22,22_23,19.3,0,0
2024-04-22,23_24,18.0,0,0
2024-04-22,24_28,15.4,0,0
2024-04-23,04_06,13.7,0,0
2024-04-23,06_07,13.3,0,0
2024-04-23,07_08,14.0,0,0
2024-04-23,08_09,15.0,0,0
2024-04-23,09_10,16.2,0,0
2024-04-23,10_11,18.5,0,0
2024-04-23,11_12,20.3,0,0
2024-04-23,12_13,21.2,0,0
2024-04-23,13_14,22.4,0,0
2024-04-23,14_15,24.1,0,0
2024-04-23,15_16,22.6,0,0
2024-04-23,16_17,21.6,0,0
2024-04-23,17_18,20.8,0,0
2024-04-23,18_19,19.9,0,0
2024-04-23,19_20,18.7,0,0
2024-04-23,20_21,17.0,0,0
2024-04-23,21_22,16.2,0,0
2024-04-23,22_23,15.4,0,0
2024-04-23,23_24,14.9,0,0
2024-04-23,24_28,13.7,0,0
2024-04-24,04_06,12.8,1,0
2024-04-24,06_07,11.8,1,0
2024-04-24,07_08,11.5,1,0
2024-04-24,08_09,11.6,1,0
2024-04-24,09_10,11.9,1,0
2024-04-24,10_11,12.5,0,0
2024-04-24,11_12,14.1,0,0
2024-04-24,12_13,14.1,0,0
2024-04-24,13_14,14.8,0,0
2024-04-24,14_15,16.3,0,0
2024-04-24,15_16,15.8,0,0
2024-04-24,16_17,16.2,0,0
2024-04-24,17_18,15.6,0,0
2024-04-24,18_19,15.3,0,0
2024-04-24,19_20,14.2,0,0
2024-04-24,20_21,13.0,0,0
2024-04-24,21_22,12.1,0,0
2024-04-24,22_23,11.4,0,0
2024-04-24,23_24,11.1,0,0
2024-04-24,24_28,11.0,0,0
2024-04-25,04_06,10.8,0,0
2024-04-25,06_07,10.4,0,0
2024-04-25,07_08,10.5,0,0
2024-04-25,08_09,10.7,0,0
2024-04-25,09_10,11.1,0,0
2024-04-25,10_11,11.6,0,0
2024-04-25,11_12,12.4,0,0
2024-04-25,12_13,13.8,0,0
2024-04-25,13_14,16.4,0,0
2024-04-25,14_15,18.2,0,0
2024-04-25,15_16,19.9,0,0
2024-04-25,16_17,20.5,0,0
2024-04-25,17_18,20.5,0,0
2024-04-25,18_19,19.7,0,0
2024-04-25,19_20,18.0,0,0
2024-04-25,20_21,16.4,0,0
2024-04-25,21_22,15.5,0,0
2024-04-25,22_23,14.6,0,0
2024-04-25,23_24,14.0,0,0
2024-04-25,24_28,13.0,0,0
2024-04-26,04_06,12.0,0,0
2024-04-26,06_07,11.5,0,0
2024-04-26,07_08,11.7,0,0
2024-04-26,08_09,13.5,0,0
2024-04-26,09_10,15.6,0,0
2024-04-26,10_11,17.8,0,0
2024-04-26,11_12,19.3,0,0
2024-04-26,12_13,21.3,0,0
2024-04-26,13_14,23.3,0,0
2024-04-26,14_15,24.8,0,0
2024-04-26,15_16,25.4,0,0
2024-04-26,16_17,26.0,0,0
2024-04-26,17_18,25.8,0,0
2024-04-26,18_19,23.8,0,0
2024-04-26,19_20,21.5,0,0
2024-04-26,20_21,19.3,0,0
2024-04-26,21_22,17.4,0,0
2024-04-26,22_23,16.4,0,0
2024-04-26,23_24,15.7,0,0
2024-04-26,24_28,13.9,0,0
2024-04-27,04_06,12.2,0,0
2024-04-27,06_07,11.6,0,0
2024-04-27,07_08,12.1,0,0
2024-04-27,08_09,14.2,0,0
2024-04-27,09_10,16.7,0,0
2024-04-27,10_11,18.8,0,0
2024-04-27,11_12,21.0,0,0
2024-04-27,12_13,22.0,0,0
2024-04-27,13_14,23.5,0,0
2024-04-27,14_15,24.7,0,0
2024-04-27,15_16,25.8,0,0
2024-04-27,16_17,26.1,0,0
2024-04-27,17_18,24.8,0,0
2024-04-27,18_19,23.6,0,0
2024-04-27,19_20,21.1,0,0
2024-04-27,20_21,18.8,0,0
2024-04-27,21_22,17.6,0,0
2024-04-27,22_23,16.9,0,0
2024-04-27,23_24,16.0,0,0
2024-04-27,24_28,14.7,0,0
2024-04-28,04_06,13.5,0,0
2024-04-28,06_07,13.0,0,0
2024-04-28,07_08,13.4,0,0
2024-04-28,08_09,16.0,0,0
2024-04-28,09_10,18.6,0,0
2024-04-28,10_11,20.7,0,0
2024-04-28,11_12,22.9,0,0
2024-04-28,12_13,24.7,0,0
2024-04-28,13_14,26.3,0,0
2024-04-28,14_15,27.6,0,0
2024-04-28,15_16,27.9,0,0
2024-04-28,16_17,28.9,0,0
2024-04-28,17_18,27.7,0,0
2024-04-28,18_19,26.1,0,0
2024-04-28,19_20,24.2,0,0
2024-04-28,20_21,22.6,0,0
2024-04-28,21_22,21.6,0,0
2024-04-28,22_23,20.5,0,0
2024-04-28,23_24,20.1,0,0
2024-04-28,24_28,18.6,0,0
2024-04-29,04_06,17.4,0,0
2024-04-29,06_07,16.9,0,0
2024-04-29,07_08,17.2,0,0
2024-04-29,08_09,17.7,0,0
2024-04-29,09_10,18.7,0,0
2024-04-29,10_11,20.6,0,0
2024-04-29,11_12,22.6,0,0
2024-04-29,12_13,23.9,0,0
2024-04-29,13_14,24.3,0,0
2024-04-29,14_15,25.2,0,0
2024-04-29,15_16,26.0,0,0
2024-04-29,16_17,25.2,0,0
2024-04-29,17_18,25.6,0,0
2024-04-29,18_19,25.3,0,0
2024-04-29,19_20,23.5,0,0
2024-04-29,20_21,21.5,0,0
2024-04-29,21_22,20.2,0,0
2024-04-29,22_23,19.5,0,0
2024-04-29,23_24,18.6,0,0
2024-04-29,24_28,17.6,0,0
2024-04-30,04_06,17.6,0,0
2024-04-30,06_07,17.6,0,0
2024-04-30,07_08,16.5,0,0
2024-04-30,08_09,17.0,0,0
2024-04-30,09_10,18.2,0,0
2024-04-30,10_11,19.1,0,0
2024-04-30,11_12,19.9,0,0
2024-04-30,12_13,20.8,0,0
2024-04-30,13_14,21.7,0,0
2024-04-30,14_15,22.1,0,0
2024-04-30,15_16,22.0,0,0
2024-04-30,16_17,21.3,0,0
2024-04-30,17_18,20.3,0,0
2024-04-30,18_19,19.6,0,0
2024-04-30,19_20,18.5,0,0
2024-04-30,20_21,17.8,0,0
2024-04-30,21_22,17.2,0,0
2024-04-30,22_23,16.7,0,0
2024-04-30,23_24,16.3,0,0
2024-04-30,24_28,15.5,0,0
2024-05-01,04_06,14.2,0,0
2024-05-01,06_07,14.0,0,0
2024-05-01,07_08,14.3,0,0
2024-05-01,08_09,15.1,0,0
2024-05-01,09_10,17.2,0,0
2024-05-01,10_11,18.7,0,0
2024-05-01,11_12,19.3,0,0
2024-05-01,12_13,20.5,0,0
2024-05-01,13_14,21.6,0,0
2024-05-01,14_15,22.4,0,0
2024-05-01,15_16,23.5,0,0
2024-05-01,16_17,23.8,0,0
2024-05-01,17_18,23.4,0,0
2024-05-01,18_19,23.1,0,0
2024-05-01,19_20,21.8,0,0
2024-05-01,20_21,19.7,0,0
2024-05-01,21_22,18.6,0,0
2024-05-01,22_23,17.7,0,0
2024-05-01,23_24,16.8,0,0
2024-05-01,24_28,15.2,0,0
2024-05-02,04_06,13.4,0,0
2024-05-02,06_07,12.4,0,0
2024-05-02,07_08,13.0,0,0
2024-05-02,08_09,15.6,0,0
2024-05-02,09_10,17.7,0,0
2024-05-02,10_11,19.7,0,0
2024-05-02,11_12,20.9,0,0
2024-05-02,12_13,22.4,0,0
2024-05-02,13_14,22.4,0,0
2024-05-02,14_15,23.1,0,0
2024-05-02,15_16,23.6,0,0
2024-05-02,16_17,23.3,0,0
2024-05-02,17_18,22.9,0,0
2024-05-02,18_19,21.7,0,0
2024-05-02,19_20,20.1,0,0
2024-05-02,20_21,18.6,0,0
2024-05-02,21_22,17.5,0,0
2024-05-02,22_23,16.6,0,0
2024-05-02,23_24,15.7,0,0
2024-05-02,24_28,14.2,0,0
2024-05-03,04_06,12.7,0,0
2024-05-03,06_07,12.2,0,0
2024-05-03,07_08,12.4,0,0
2024-05-03,08_09,14.9,0,0
2024-05-03,09_10,17.9,0,0
2024-05-03,10_11,20.1,0,0
2024-05-03,11_12,21.9,0,0
2024-05-03,12_13,23.4,0,0
2024-05-03,13_14,25.2,0,0
2024-05-03,14_15,26.5,0,0
2024-05-03,15_16,27.3,0,0
2024-05-03,16_17,27.7,0,0
2024-05-03,17_18,27.7,0,0
2024-05-03,18_19,26.2,0,0
2024-05-03,19_20,22.8,0,0
2024-05-03,20_21,20.6,0,0
2024-05-03,21_22,19.6,0,0
2024-05-03,22_23,18.7,0,0
2024-05-03,23_24,17.8,0,0
2024-05-03,24_28,16.4,0,0
2024-05-04,04_06,15.1,0,0
2024-05-04,06_07,14.7,0,0
2024-05-04,07_08,14.9,0,0
2024-05-04,08_09,17.8,0,0
2024-05-04,09_10,20.0,0,0
2024-05-04,10_11,22.4,0,0
2024-05-04,11_12,24.4,0,0
2024-05-04,12_13,26.1,0,0
2024-05-04,13_14,27.3,0,0
2024-05-04,14_15,28.4,0,0
2024-05-04,15_16,28.1,0,0
2024-05-04,16_17,27.3,0,0
2024-05-04,17_18,25.9,0,0
2024-05-04,18_19,25.2,0,0
2024-05-04,19_20,23.7,0,0
2024-05-04,20_21,21.4,0,0
2024-05-04,21_22,20.6,0,0
2024-05-04,22_23,20.7,0,0
2024-05-04,23_24,20.7,0,0
2024-05-04,24_28,20.1,1,0
2024-05-05,04_06,18.3,1,0
2024-05-05,06_07,16.8,0,0
2024-05-05,07_08,17.0,0,0
2024-05-05,08_09,17.4,1,0
2024-05-05,09_10,17.0,1,0
2024-05-05,10_11,17.1,1,0
2024-05-05,11_12,17.5,1,0
2024-05-05,12_13,18.3,1,0
2024-05-05,13_14,18.5,1,0
2024-05-05,14_15,18.5,1,0
2024-05-05,15_16,18.4,1,0
2024-05-05,16_17,18.6,1,0
2024-05-05,17_18,18.8,1,0
2024-05-05,18_19,18.9,1,0
2024-05-05,19_20,18.9,1,0
2024-05-05,20_21,18.6,1,0
2024-05-05,21_22,17.4,1,0
2024-05-05,22_23,16.7,1,0
2024-05-05,23_24,16.2,1,0
2024-05-05,24_28,15.0,1,0
2024-05-06,04_06,14.2,1,0
2024-05-06,06_07,14.0,1,0
2024-05-06,07_08,14.0,1,0
2024-05-06,08_09,14.0,1,0
2024-05-06,09_10,14.0,1,0
2024-05-06,10_11,14.1,1,0
2024-05-06,11_12,14.1,1,0
2024-05-06,12_13,13.9,1,0
2024-05-06,13_14,14.0,1,0
2024-05-06,14_15,13.8,0,0
2024-05-06,15_16,13.9,0,0
2024-05-06,16_17,13.8,0,0
2024-05-06,17_18,13.6,0,0
2024-05-06,18_19,13.5,0,0
2024-05-06,19_20,13.4,0,0
2024-05-06,20_21,13.6,0,0
2024-05-06,21_22,13.7,1,0
2024-05-06,22_23,13.5,1,0
2024-05-06,23_24,13.5,0,0
2024-05-06,24_28,13.1,1,0
2024-05-07,04_06,12.9,1,0
2024-05-07,06_07,12.8,1,0
2024-05-07,07_08,12.8,0,0
2024-05-07,08_09,13.0,1,0
2024-05-07,09_10,12.5,0,0
2024-05-07,10_11,13.1,0,0
2024-05-07,11_12,13.2,0,0
2024-05-07,12_13,13.5,0,0
2024-05-07,13_14,14.0,0,0
2024-05-07,14_15,14.4,0,0
2024-05-07,15_16,14.7,0,0
2024-05-07,16_17,14.9,0,0
2024-05-07,17_18,14.9,0,0
2024-05-07,18_19,14.5,0,0
2024-05-07,19_20,14.0,0,0
2024-05-07,20_21,13.5,0,0
2024-05-07,21_22,13.3,0,0
2024-05-07,22_23,12.9,0,0
2024-05-07,23_24,12.6,0,0
2024-05-07,24_28,11.3,0,0
2024-05-08,04_06,9.6,0,0
2024-05-08,06_07,9.0,0,0
2024-05-08,07_08,9.5,0,0
2024-05-08,08_09,12.2,0,0
2024-05-08,09_10,13.9,0,0
2024-05-08,10_11,15.7,0,0
2024-05-08,11_12,17.1,0,0
2024-05-08,12_13,17.9,0,0
2024-05-08,13_14,19.6,0,0
2024-05-08,14_15,20.0,0,0
2024-05-08,15_16,20.7,0,0
2024-05-08,16_17,21.0,0,0
2024-05-08,17_18,21.0,0,0
2024-05-08,18_19,18.6,0,0
2024-05-08,19_20,16.7,0,0
2024-05-08,20_21,15.5,0,0
2024-05-08,21_22,14.4,0,0
2024-05-08,22_23,13.8,0,0
2024-05-08,23_24,13.3,0,0
2024-05-08,24_28,12.3,0,0
2024-05-09,04_06,11.2,0,0
2024-05-09,06_07,10.9,0,0
2024-05-09,07_08,11.4,0,0
2024-05-09,08_09,13.1,0,0
2024-05-09,09_10,15.1,0,0
2024-05-09,10_11,17.0,0,0
2024-05-09,11_12,18.5,0,0
2024-05-09,12_13,19.6,0,0
2024-05-09,13_14,20.5,0,0
2024-05-09,14_15,20.9,0,0
2024-05-09,15_16,21.6,0,0
2024-05-09,16_17,21.6,0,0
2024-05-09,17_18,20.4,0,0
2024-05-09,18_19,19.1,0,0
2024-05-09,19_20,17.3,0,0
2024-05-09,20_21,16.4,0,0
2024-05-09,21_22,15.8,0,0
2024-05-09,22_23,15.4,0,0
2024-05-09,23_24,15.1,0,0
2024-05-09,24_28,14.2,0,0
2024-05-10,04_06,13.2,0,0
2024-05-10,06_07,12.5,0,0
2024-05-10,07_08,13.1,0,0
2024-05-10,08_09,15.0,0,0
2024-05-10,09_10,16.9,0,0
2024-05-10,10_11,18.5,0,0
2024-05-10,11_12,20.5,0,0
2024-05-10,12_13,21.2,0,0
2024-05-10,13_14,22.3,0,0
2024-05-10,14_15,23.1,0,0
2024-05-10,15_16,23.7,0,0
2024-05-10,16_17,23.6,0,0
2024-05-10,17_18,22.8,0,0
2024-05-10,18_19,21.4,0,0
2024-05-10,19_20,19.8,0,0
2024-05-10,20_21,18.5,0,0
2024-05-10,21_22,17.5,0,0
2024-05-10,22_23,17.2,0,0
2024-05-10,23_24,16.6,0,0
2024-05-10,24_28,15.5,0,0
2024-05-11,04_06,15.5,0,0
2024-05-11,06_07,15.8,0,0
2024-05-11,07_08,16.3,0,0
2024-05-11,08_09,17.2,0,0
2024-05-11,09_10,18.2,0,0
2024-05-11,10_11,19.8,0,0
2024-05-11,11_12,20.9,0,0
2024-05-11,12_13,21.6,0,0
2024-05-11,13_14,21.8,1,0
2024-05-11,14_15,20.8,1,0
2024-05-11,15_16,18.4,1,0
2024-05-11,16_17,17.7,1,0
2024-05-11,17_18,16.9,1,0
2024-05-11,18_19,16.9,1,0
2024-05-11,19_20,16.9,1,0
2024-05-11,20_21,16.5,1,0
2024-05-11,21_22,15.4,1,0
2024-05-11,22_23,14.4,1,0
2024-05-11,23_24,14.0,0,0
2024-05-11,24_28,13.6,0,0
2024-05-12,04_06,12.4,0,0
2024-05-12,06_07,11.9,0,0
2024-05-12,07_08,12.1,0,0
2024-05-12,08_09,13.1,0,0
2024-05-12,09_10,14.5,0,0
2024-05-12,10_11,16.2,0,0
2024-05-12,11_12,17.5,0,0
2024-05-12,12_13,18.9,0,0
2024-05-12,13_14,20.0,0,0
2024-05-12,14_15,20.5,0,0
2024-05-12,15_16,21.1,0,0
2024-05-12,16_17,21.4,0,0
2024-05-12,17_18,21.2,0,0
2024-05-12,18_19,20.8,0,0
2024-05-12,19_20,20.0,0,0
2024-05-12,20_21,18.7,0,0
2024-05-12,21_22,17.5,0,0
2024-05-12,22_23,16.6,0,0
2024-05-12,23_24,16.1,0,0
2024-05-12,24_28,14.2,0,0
2024-05-13,04_06,12.3,0,0
2024-05-13,06_07,12.0,0,0
2024-05-13,07_08,12.4,0,0
2024-05-13,08_09,15.4,0,0
2024-05-13,09_10,17.7,0,0
2024-05-13,10_11,19.6,0,0
2024-05-13,11_12,21.1,0,0
2024-05-13,12_13,22.2,0,0
2024-05-13,13_14,23.1,0,0
2024-05-13,14_15,23.9,0,0
2024-05-13,15_16,24.4,0,0
2024-05-13,16_17,24.0,0,0
2024-05-13,17_18,23.3,0,0
2024-05-13,18_19,22.2,0,0
2024-05-13,19_20,20.7,0,0
2024-05-13,20_21,19.1,0,0
2024-05-13,21_22,18.4,0,0
2024-05-13,22_23,17.7,0,0
2024-05-13,23_24,17.0,0,0
2024-05-13,24_28,15.0,0,0
2024-05-14,04_06,13.4,0,0
2024-05-14,06_07,12.7,0,0
2024-05-14,07_08,13.5,0,0
2024-05-14,08_09,16.3,0,0
2024-05-14,09_10,18.7,0,0
2024-05-14,10_11,20.3,0,0
2024-05-14,11_12,21.9,0,0
2024-05-14,12_13,23.2,0,0
2024-05-14,13_14,23.6,0,0
2024-05-14,14_15,24.3,0,0
2024-05-14,15_16,24.4,0,0
2024-05-14,16_17,24.0,0,0
2024-05-14,17_18,23.7,0,0
2024-05-14,18_19,22.7,0,0
2024-05-14,19_20,20.9,0,0
2024-05-14,20_21,19.1,0,0
2024-05-14,21_22,18.2,0,0
2024-05-14,22_23,17.4,0,0
2024-05-14,23_24,16.8,0,0
2024-05-14,24_28,15.4,0,0
2024-05-15,04_06,14.1,0,0
2024-05-15,06_07,13.8,0,0
2024-05-15,07_08,14.5,0,0
2024-05-15,08_09,16.3,0,0
2024-05-15,09_10,17.6,0,0
2024-05-15,10_11,18.7,0,0
2024-05-15,11_12,17.6,0,0
2024-05-15,12_13,16.1,0,0
2024-05-15,13_14,14.1,0,0
2024-05-15,14_15,12.3,1,0
2024-05-15,15_16,11.8,1,0
2024-05-15,16_17,11.6,1,0
2024-05-15,17_18,11.4,1,0
2024-05-15,18_19,11.1,1,0
2024-05-15,19_20,10.4,1,0
2024-05-15,20_21,9.1,1,0
2024-05-15,21_22,7.8,1,0
2024-05-15,22_23,7.3,1,0
2024-05-15,23_24,7.6,1,0
2024-05-15,24_28,7.5,1,0
2024-05-16,04_06,7.2,0,0
2024-05-16,06_07,6.9,0,0
2024-05-16,07_08,7.7,0,0
2024-05-16,08_09,9.5,0,0
2024-05-16,09_10,11.6,0,0
2024-05-16,10_11,13.5,0,0
2024-05-16,11_12,15.5,0,0
2024-05-16,12_13,17.0,0,0
2024-05-16,13_14,18.2,0,0
2024-05-16,14_15,18.6,0,0
2024-05-16,15_16,19.1,0,0
2024-05-16,16_17,19.5,0,0
2024-05-16,17_18,19.0,0,0
2024-05-16,18_19,18.8,0,0
2024-05-16,19_20,17.4,0,0
2024-05-16,20_21,15.9,0,0
2024-05-16,21_22,15.0,0,0
2024-05-16,22_23,14.4,0,0
2024-05-16,23_24,14.0,0,0
2024-05-16,24_28,12.7,0,0
2024-05-17,04_06,11.2,0,0
2024-05-17,06_07,11.1,0,0
2024-05-17,07_08,12.5,0,0
2024-05-17,08_09,14.6,0,0
2024-05-17,09_10,16.8,0,0
2024-05-17,10_11,18.2,0,0
2024-05-17,11_12,20.0,0,0
2024-05-17,12_13,21.7,0,0
2024-05-17,13_14,23.7,0,0
2024-05-17,14_15,24.4,0,0
2024-05-17,15_16,24.2,0,0
2024-05-17,16_17,23.4,0,0
2024-05-17,17_18,23.9,0,0
2024-05-17,18_19,23.3,0,0
2024-05-17,19_20,22.3,0,0
2024-05-17,20_21,20.7,0,0
2024-05-17,21_22,19.6,0,0
2024-05-17,22_23,18.8,0,0
2024-05-17,23_24,18.3,0,0
2024-05-17,24_28,17.0,0,0
2024-05-18,04_06,16.6,0,0
2024-05-18,06_07,16.0,0,0
2024-05-18,07_08,16.3,0,0
2024-05-18,08_09,18.7,0,0
2024-05-18,09_10,20.4,0,0
2024-05-18,10_11,21.9,0,0
2024-05-18,11_12,23.0,0,0
2024-05-18,12_13,24.3,0,0
2024-05-18,13_14,25.1,0,0
2024-05-18,14_15,25.8,0,0
2024-05-18,15_16,26.5,0,0
2024-05-18,16_17,26.0,0,0
2024-05-18,17_18,25.3,0,0
2024-05-18,18_19,23.6,0,0
2024-05-18,19_20,22.4,0,0
2024-05-18,20_21,20.8,0,0
2024-05-18,21_22,19.9,0,0
2024-05-18,22_23,19.4,0,0
2024-05-18,23_24,18.7,0,0
2024-05-18,24_28,17.4,0,0
2024-05-19,04_06,16.3,0,0
2024-05-19,06_07,15.9,0,0
2024-05-19,07_08,16.7,0,0
2024-05-19,08_09,18.6,0,0
2024-05-19,09_10,21.0,0,0
2024-05-19,10_11,22.4,0,0
2024-05-19,11_12,24.2,0,0
2024-05-19,12_13,25.5,0,0
2024-05-19,13_14,26.4,0,0
2024-05-19,14_15,26.8,0,0
2024-05-19,15_16,27.6,0,0
2024-05-19,16_17,27.4,0,0
2024-05-19,17_18,26.3,0,0
2024-05-19,18_19,25.6,0,0
2024-05-19,19_20,23.5,0,0
2024-05-19,20_21,21.8,0,0
2024-05-19,21_22,20.8,0,0
2024-05-19,22_23,19.9,0,0
2024-05-19,23_24,19.1,0,0
2024-05-19,24_28,18.1,0,0
2024-05-20,04_06,17.8,0,0
2024-05-20,06_07,17.7,0,0
2024-05-20,07_08,17.9,0,0
2024-05-20,08_09,18.5,0,0
2024-05-20,09_10,19.7,0,0
2024-05-20,10_11,21.2,0,0
2024-05-20,11_12,22.1,0,0
2024-05-20,12_13,22.3,0,0
2024-05-20,13_14,22.7,0,0
2024-05-20,14_15,22.4,0,0
2024-05-20,15_16,21.7,0,0
2024-05-20,16_17,21.4,0,0
2024-05-20,17_18,21.3,0,0
2024-05-20,18_19,20.9,0,0
2024-05-20,19_20,20.3,0,0
2024-05-20,20_21,19.4,0,0
2024-05-20,21_22,18.3,0,0
2024-05-20,22_23,17.5,0,0
2024-05-20,23_24,17.0,0,0
2024-05-20,24_28,16.8,0,0
2024-05-21,04_06,16.6,0,0
2024-05-21,06_07,16.3,0,0
2024-05-21,07_08,16.7,0,0
2024-05-21,08_09,18.6,0,0
2024-05-21,09_10,20.8,0,0
2024-05-21,10_11,21.4,0,0
2024-05-21,11_12,23.2,0,0
2024-05-21,12_13,24.4,0,0
2024-05-21,13_14,25.8,0,0
2024-05-21,14_15,26.6,0,0
2024-05-21,15_16,27.5,0,0
2024-05-21,16_17,27.9,0,0
2024-05-21,17_18,28.2,0,0
2024-05-21,18_19,26.1,0,0
2024-05-21,19_20,24.4,0,0
2024-05-21,20_21,22.8,0,0
2024-05-21,21_22,21.9,0,0
2024-05-21,22_23,20.9,0,0
2024-05-21,23_24,20.2,0,0
2024-05-21,24_28,18.4,0,0
2024-05-22,04_06,17.1,0,0
2024-05-22,06_07,16.4,0,0
2024-05-22,07_08,16.8,0,0
2024-05-22,08_09,17.8,0,0
2024-05-22,09_10,18.8,0,0
2024-05-22,10_11,20.6,0,0
2024-05-22,11_12,21.8,0,0
2024-05-22,12_13,23.4,0,0
2024-05-22,13_14,24.5,0,0
2024-05-22,14_15,25.1,0,0
2024-05-22,15_16,25.3,0,0
2024-05-22,16_17,25.2,0,0
2024-05-22,17_18,25.1,0,0
2024-05-22,18_19,24.4,0,0
2024-05-22,19_20,22.8,0,0
2024-05-22,20_21,21.0,0,0
2024-05-22,21_22,19.8,0,0
2024-05-22,22_23,19.2,0,0
2024-05-22,23_24,18.8,0,0
2024-05-22,24_28,17.8,0,0
2024-05-23,04_06,16.4,0,0
2024-05-23,06_07,15.9,0,0
2024-05-23,07_08,16.2,0,0
2024-05-23,08_09,17.6,0,0
2024-05-23,09_10,19.6,0,0
2024-05-23,10_11,21.3,0,0
2024-05-23,11_12,22.6,0,0
2024-05-23,12_13,24.1,0,0
2024-05-23,13_14,24.9,0,0
2024-05-23,14_15,25.4,0,0
2024-05-23,15_16,25.8,0,0
2024-05-23,16_17,26.3,0,0
2024-05-23,17_18,25.4,0,0
2024-05-23,18_19,24.1,0,0
2024-05-23,19_20,22.5,0,0
2024-05-23,20_21,20.5,0,0
2024-05-23,21_22,18.6,0,0
2024-05-23,22_23,17.7,0,0
2024-05-23,23_24,16.8,0,0
2024-05-23,24_28,16.0,0,0
2024-05-24,04_06,15.8,0,0
2024-05-24,06_07,15.8,0,0
2024-05-24,07_08,16.3,0,0
2024-05-24,08_09,17.0,0,0
2024-05-24,09_10,17.9,0,0
2024-05-24,10_11,19.3,0,0
2024-05-24,11_12,21.4,0,0
2024-05-24,12_13,23.5,0,0
2024-05-24,13_14,23.0,0,0
2024-05-24,14_15,23.0,0,0
2024-05-24,15_16,22.8,0,0
2024-05-24,16_17,23.6,0,0
2024-05-24,17_18,24.4,0,0
2024-05-24,18_19,24.2,0,0
2024-05-24,19_20,23.1,0,0
2024-05-24,20_21,22.1,0,0
2024-05-24,21_22,21.3,0,0
2024-05-24,22_23,20.8,0,0
2024-05-24,23_24,19.9,0,0
2024-05-24,24_28,19.0,0,0
2024-05-25,04_06,19.0,0,0
2024-05-25,06_07,19.0,0,0
2024-05-25,07_08,19.2,0,0
2024-05-25,08_09,19.6,0,0
2024-05-25,09_10,19.9,0,0
2024-05-25,10_11,21.8,0,0
2024-05-25,11_12,22.8,0,0
2024-05-25,12_13,24.1,0,0
2024-05-25,13_14,24.5,0,0
2024-05-25,14_15,24.6,0,0
2024-05-25,15_16,24.5,0,0
2024-05-25,16_17,24.5,0,0
2024-05-25,17_18,23.9,0,0
2024-05-25,18_19,23.7,0,0
2024-05-25,19_20,22.9,0,0
2024-05-25,20_21,21.6,0,0
2024-05-25,21_22,20.7,0,0
2024-05-25,22_23,20.3,0,0
2024-05-25,23_24,20.2,0,0
2024-05-25,24_28,20.4,0,0
2024-05-26,04_06,19.2,0,0
2024-05-26,06_07,18.7,0,0
2024-05-26,07_08,19.1,0,0
2024-05-26,08_09,21.1,0,0
2024-05-26,09_10,22.6,0,0
2024-05-26,10_11,23.4,0,0
2024-05-26,11_12,23.5,0,0
2024-05-26,12_13,22.9,0,0
2024-05-26,13_14,22.1,1,0
2024-05-26,14_15,20.2,1,0
2024-05-26,15_16,19.5,1,0
2024-05-26,16_17,19.3,1,0
2024-05-26,17_18,19.3,1,0
2024-05-26,18_19,19.4,0,0
2024-05-26,19_20,19.4,1,0
2024-05-26,20_21,19.1,1,0
2024-05-26,21_22,18.7,1,0
2024-05-26,22_23,17.9,0,0
2024-05-26,23_24,17.3,0,0
2024-05-26,24_28,16.1,0,0
2024-05-27,04_06,14.8,0,0
2024-05-27,06_07,14.2,0,0
2024-05-27,07_08,14.5,0,0
2024-05-27,08_09,16.0,0,0
2024-05-27,09_10,17.6,0,0
2024-05-27,10_11,19.3,0,0
2024-05-27,11_12,20.1,0,0
2024-05-27,12_13,20.8,0,0
2024-05-27,13_14,21.2,0,0
2024-05-27,14_15,22.2,0,0
2024-05-27,15_16,22.5,0,0
2024-05-27,16_17,22.6,0,0
2024-05-27,17_18,21.9,0,0
2024-05-27,18_19,21.3,0,0
2024-05-27,19_20,20.8,0,0
2024-05-27,20_21,20.1,0,0
2024-05-27,21_22,19.1,0,0
2024-05-27,22_23,18.1,0,0
2024-05-27,23_24,17.5,0,0
2024-05-27,24_28,16.3,0,0
2024-05-28,04_06,15.0,0,0
2024-05-28,06_07,14.3,0,0
2024-05-28,07_08,15.1,0,0
2024-05-28,08_09,17.9,0,0
2024-05-28,09_10,19.8,0,0
2024-05-28,10_11,21.6,0,0
2024-05-28,11_12,22.9,0,0
2024-05-28,12_13,23.8,0,0
2024-05-28,13_14,24.6,0,0
2024-05-28,14_15,24.6,0,0
2024-05-28,15_16,24.7,0,0
2024-05-28,16_17,24.7,0,0
2024-05-28,17_18,25.9,0,0
2024-05-28,18_19,25.5,0,0
2024-05-28,19_20,24.2,0,0
2024-05-28,20_21,22.8,0,0
2024-05-28,21_22,20.8,0,0
2024-05-28,22_23,19.7,0,0
2024-05-28,23_24,19.1,0,0
2024-05-28,24_28,17.6,0,0
2024-05-29,04_06,16.2,0,0
2024-05-29,06_07,15.5,0,0
2024-05-29,07_08,16.5,0,0
2024-05-29,08_09,19.0,0,0
2024-05-29,09_10,21.2,0,0
2024-05-29,10_11,22.7,0,0
2024-05-29,11_12,24.3,0,0
2024-05-29,12_13,25.2,0,0
2024-05-29,13_14,26.2,0,0
2024-05-29,14_15,26.5,0,0
2024-05-29,15_16,26.6,0,0
2024-05-29,16_17,26.4,0,0
2024-05-29,17_18,26.2,0,0
2024-05-29,18_19,25.4,0,0
2024-05-29,19_20,24.0,0,0
2024-05-29,20_21,22.1,0,0
2024-05-29,21_22,20.8,0,0
2024-05-29,22_23,20.0,0,0
2024-05-29,23_24,19.0,0,0
2024-05-29,24_28,17.4,0,0
2024-05-30,04_06,16.6,0,0
2024-05-30,06_07,16.2,0,0
2024-05-30,07_08,17.4,0,0
2024-05-30,08_09,18.6,0,0
2024-05-30,09_10,20.4,0,0
2024-05-30,10_11,21.8,0,0
2024-05-30,11_12,23.2,0,0
2024-05-30,12_13,22.8,0,0
2024-05-30,13_14,24.0,0,0
2024-05-30,14_15,24.2,0,0
2024-05-30,15_16,24.1,0,0
2024-05-30,16_17,24.6,0,0
2024-05-30,17_18,24.2,0,0
2024-05-30,18_19,23.7,0,0
2024-05-30,19_20,22.9,0,0
2024-05-30,20_21,22.0,0,0
2024-05-30,21_22,21.4,0,0
2024-05-30,22_23,21.0,0,0
2024-05-30,23_24,20.7,0,0
2024-05-30,24_28,19.5,0,0
2024-05-31,04_06,17.7,0,0
2024-05-31,06_07,17.0,0,0
2024-05-31,07_08,17.6,0,0
2024-05-31,08_09,19.3,0,0
2024-05-31,09_10,20.6,0,0
2024-05-31,10_11,21.8,0,0
2024-05-31,11_12,22.5,0,0
2024-05-31,12_13,23.3,0,0
2024-05-31,13_14,23.7,0,0
2024-05-31,14_15,24.6,0,0
2024-05-31,15_16,25.1,0,0
2024-05-31,16_17,24.5,0,0
2024-05-31,17_18,23.4,0,0
2024-05-31,18_19,21.4,1,0
2024-05-31,19_20,18.7,0,0
2024-05-31,20_21,18.4,0,0
2024-05-31,21_22,18.7,0,0
2024-05-31,22_23,18.8,0,0
2024-05-31,23_24,18.4,0,0
2024-05-31,24_28,18.2,0,0
2024-06-01,04_06,17.8,0,0
2024-06-01,06_07,17.6,0,0
2024-06-01,07_08,17.7,0,0
2024-06-01,08_09,18.2,0,0
2024-06-01,09_10,19.4,0,0
2024-06-01,10_11,20.5,0,0
2024-06-01,11_12,21.7,0,0
2024-06-01,12_13,22.7,0,0
2024-06-01,13_14,23.1,0,0
2024-06-01,14_15,24.2,0,0
2024-06-01,15_16,24.8,0,0
2024-06-01,16_17,24.8,0,0
2024-06-01,17_18,24.5,0,0
2024-06-01,18_19,23.8,0,0
2024-06-01,19_20,22.3,0,0
2024-06-01,20_21,20.8,0,0
2024-06-01,21_22,20.3,0,0
2024-06-01,22_23,19.8,0,0
2024-06-01,23_24,19.3,0,0
2024-06-01,24_28,17.8,0,0
2024-06-02,04_06,16.0,0,0
2024-06-02,06_07,15.7,0,0
2024-06-02,07_08,16.7,0,0
2024-06-02,08_09,18.3,0,0
2024-06-02,09_10,20.3,0,0
2024-06-02,10_11,21.6,0,0
2024-06-02,11_12,23.1,0,0
2024-06-02,12_13,23.8,0,0
2024-06-02,13_14,25.0,0,0
2024-06-02,14_15,25.1,0,0
2024-06-02,15_16,24.5,0,0
2024-06-02,16_17,25.4,0,0
2024-06-02,17_18,25.2,0,0
2024-06-02,18_19,23.9,0,0
2024-06-02,19_20,22.8,0,0
2024-06-02,20_21,21.4,0,0
2024-06-02,21_22,20.2,0,0
2024-06-02,22_23,19.7,0,0
2024-06-02,23_24,18.9,0,0
2024-06-02,24_28,17.4,0,0
2024-06-03,04_06,16.0,0,0
2024-06-03,06_07,16.0,0,0
2024-06-03,07_08,17.3,0,0
2024-06-03,08_09,19.6,0,0
2024-06-03,09_10,21.4,0,0
2024-06-03,10_11,23.0,0,0
2024-06-03,11_12,24.4,0,0
2024-06-03,12_13,25.4,0,0
2024-06-03,13_14,26.4,0,0
2024-06-03,14_15,27.4,0,0
2024-06-03,15_16,28.2,0,0
2024-06-03,16_17,28.5,0,0
2024-06-03,17_18,27.2,0,0
2024-06-03,18_19,26.6,0,0
2024-06-03,19_20,26.1,0,0
2024-06-03,20_21,24.4,0,0
2024-06-03,21_22,23.2,0,0
2024-06-03,22_23,22.1,0,0
2024-06-03,23_24,21.1,0,0
2024-06-03,24_28,19.4,0,0
2024-06-04,04_06,17.2,0,0
2024-06-04,06_07,16.3,0,0
2024-06-04,07_08,17.9,0,0
2024-06-04,08_09,20.2,0,0
2024-06-04,09_10,22.3,0,0
2024-06-04,10_11,23.9,0,0
2024-06-04,11_12,25.6,0,0
2024-06-04,12_13,26.3,0,0
2024-06-04,13_14,27.6,0,0
2024-06-04,14_15,28.3,0,0
2024-06-04,15_16,28.5,0,0
2024-06-04,16_17,29.1,0,0
2024-06-04,17_18,28.6,0,0
2024-06-04,18_19,27.7,0,0
2024-06-04,19_20,25.8,0,0
2024-06-04,20_21,23.7,0,0
2024-06-04,21_22,22.6,0,0
2024-06-04,22_23,21.8,0,0
2024-06-04,23_24,21.1,0,0
2024-06-04,24_28,19.8,0,0
2024-06-05,04_06,18.5,0,0
2024-06-05,06_07,18.1,0,0
2024-06-05,07_08,19.0,0,0
2024-06-05,08_09,21.8,0,0
2024-06-05,09_10,24.1,0,0
2024-06-05,10_11,25.2,0,0
2024-06-05,11_12,26.9,0,0
2024-06-05,12_13,28.0,0,0
2024-06-05,13_14,29.6,0,0
2024-06-05,14_15,30.0,0,0
2024-06-05,15_16,29.5,0,0
2024-06-05,16_17,28.7,0,0
2024-06-05,17_18,27.7,0,0
2024-06-05,18_19,26.2,0,0
2024-06-05,19_20,25.0,0,0
2024-06-05,20_21,23.5,0,0
2024-06-05,21_22,22.6,0,0
2024-06-05,22_23,21.8,0,0
2024-06-05,23_24,21.4,0,0
2024-06-05,24_28,20.5,0,0
2024-06-06,04_06,19.6,0,0
2024-06-06,06_07,19.4,0,0
2024-06-06,07_08,19.7,0,0
2024-06-06,08_09,21.8,0,0
2024-06-06,09_10,23.6,0,0
2024-06-06,10_11,25.7,0,0
2024-06-06,11_12,27.4,0,0
2024-06-06,12_13,28.2,0,0
2024-06-06,13_14,30.1,0,0
2024-06-06,14_15,29.4,0,0
2024-06-06,15_16,30.6,0,0
2024-06-06,16_17,30.9,0,0
2024-06-06,17_18,29.8,0,0
2024-06-06,18_19,26.8,0,0
2024-06-06,19_20,26.0,0,0
2024-06-06,20_21,24.8,0,0
2024-06-06,21_22,23.4,0,0
2024-06-06,22_23,22.1,0,0
2024-06-06,23_24,21.4,0,0
2024-06-06,24_28,20.0,0,0
2024-06-07,04_06,18.7,0,0
2024-06-07,06_07,18.3,0,0
2024-06-07,07_08,19.3,0,0
2024-06-07,08_09,20.7,0,0
2024-06-07,09_10,22.4,0,0
2024-06-07,10_11,23.9,0,0
2024-06-07,11_12,25.0,0,0
2024-06-07,12_13,25.9,0,0
2024-06-07,13_14,26.3,0,0
2024-06-07,14_15,27.1,0,0
2024-06-07,15_16,27.7,0,0
2024-06-07,16_17,27.6,0,0
2024-06-07,17_18,27.6,0,0
2024-06-07,18_19,27.6,0,0
2024-06-07,19_20,25.7,0,0
2024-06-07,20_21,24.1,0,0
2024-06-07,21_22,23.3,0,0
2024-06-07,22_23,22.4,0,0
2024-06-07,23_24,22.0,1,0
2024-06-07,24_28,19.6,1,0
2024-06-08,04_06,18.2,0,0
2024-06-08,06_07,18.0,1,0
2024-06-08,07_08,17.9,1,0
2024-06-08,08_09,18.2,1,0
2024-06-08,09_10,18.1,1,0
2024-06-08,10_11,18.2,1,0
2024-06-08,11_12,18.9,1,0
2024-06-08,12_13,19.5,0,0
2024-06-08,13_14,20.5,0,0
2024-06-08,14_15,21.9,0,0
2024-06-08,15_16,23.1,0,0
2024-06-08,16_17,24.2,0,0
2024-06-08,17_18,24.2,0,0
2024-06-08,18_19,24.0,0,0
2024-06-08,19_20,23.2,0,0
2024-06-08,20_21,22.0,0,0
2024-06-08,21_22,21.2,0,0
2024-06-08,22_23,20.6,0,0
2024-06-08,23_24,20.2,0,0
2024-06-08,24_28,18.8,0,0
2024-06-09,04_06,17.7,0,0
2024-06-09,06_07,17.4,0,0
2024-06-09,07_08,18.2,0,0
2024-06-09,08_09,20.3,0,0
2024-06-09,09_10,22.2,0,0
2024-06-09,10_11,23.8,0,0
2024-06-09,11_12,25.3,0,0
2024-06-09,12_13,26.0,0,0
2024-06-09,13_14,26.8,0,0
2024-06-09,14_15,27.8,0,0
2024-06-09,15_16,28.8,0,0
2024-06-09,16_17,28.5,0,0
2024-06-09,17_18,27.4,0,0
2024-06-09,18_19,26.8,0,0
2024-06-09,19_20,25.3,0,0
2024-06-09,20_21,23.4,0,0
2024-06-09,21_22,22.8,0,0
2024-06-09,22_23,22.0,0,0
2024-06-09,23_24,21.4,0,0
2024-06-09,24_28,20.3,0,0
2024-06-10,04_06,19.4,0,0
2024-06-10,06_07,19.0,0,0
2024-06-10,07_08,20.0,0,0
2024-06-10,08_09,22.0,0,0
2024-06-10,09_10,23.8,0,0
2024-06-10,10_11,25.6,0,0
2024-06-10,11_12,26.9,0,0
2024-06-10,12_13,28.3,0,0
2024-06-10,13_14,29.5,0,0
2024-06-10,14_15,30.5,0,0
2024-06-10,15_16,30.9,0,0
2024-06-10,16_17,29.6,0,0
2024-06-10,17_18,29.8,0,0
2024-06-10,18_19,28.6,0,0
2024-06-10,19_20,26.8,0,0
2024-06-10,20_21,24.5,0,0
2024-06-10,21_22,23.8,0,0
2024-06-10,22_23,23.2,0,0
2024-06-10,23_24,22.9,0,0
2024-06-10,24_28,22.8,0,0
2024-06-11,04_06,22.1,0,0
2024-06-11,06_07,22.0,0,0
2024-06-11,07_08,22.2,0,0
2024-06-11,08_09,23.2,0,0
2024-06-11,09_10,24.8,0,0
2024-06-11,10_11,25.5,0,0
2024-06-11,11_12,26.9,0,0
2024-06-11,12_13,28.5,0,0
2024-06-11,13_14,29.7,0,0
2024-06-11,14_15,30.6,0,0
2024-06-11,15_16,31.2,0,0
2024-06-11,16_17,31.4,0,0
2024-06-11,17_18,29.7,0,0
2024-06-11,18_19,28.9,0,0
2024-06-11,19_20,26.7,0,0
2024-06-11,20_21,25.2,0,0
2024-06-11,21_22,23.9,0,0
2024-06-11,22_23,23.0,0,0
2024-06-11,23_24,22.3,0,0
2024-06-11,24_28,21.0,0,0
2024-06-12,04_06,19.6,0,0
2024-06-12,06_07,19.6,0,0
2024-06-12,07_08,19.9,0,0
2024-06-12,08_09,21.9,0,0
2024-06-12,09_10,24.2,0,0
2024-06-12,10_11,26.0,0,0
2024-06-12,11_12,27.9,0,0
2024-06-12,12_13,29.3,0,0
2024-06-12,13_14,30.6,0,0
2024-06-12,14_15,31.5,0,0
2024-06-12,15_16,30.9,0,0
2024-06-12,16_17,30.0,0,0
2024-06-12,17_18,28.7,0,0
2024-06-12,18_19,28.0,0,0
2024-06-12,19_20,25.3,0,0
2024-06-12,20_21,24.2,0,0
2024-06-12,21_22,23.4,0,0
2024-06-12,22_23,22.8,0,0
2024-06-12,23_24,22.5,0,0
2024-06-12,24_28,21.6,0,0
2024-06-13,04_06,20.4,0,0
2024-06-13,06_07,20.1,0,0
2024-06-13,07_08,21.1,0,0
2024-06-13,08_09,23.3,0,0
2024-06-13,09_10,25.6,0,0
2024-06-13,10_11,27.5,0,0
2024-06-13,11_12,29.1,0,0
2024-06-13,12_13,30.6,0,0
2024-06-13,13_14,31.5,0,0
2024-06-13,14_15,32.2,0,0
2024-06-13,15_16,32.3,0,0
2024-06-13,16_17,32.6,0,0
2024-06-13,17_18,31.8,0,0
2024-06-13,18_19,31.0,0,0
2024-06-13,19_20,29.6,0,0
2024-06-13,20_21,27.8,0,0
2024-06-13,21_22,26.5,0,0
2024-06-13,22_23,25.6,0,0
2024-06-13,23_24,24.9,0,0
2024-06-13,24_28,23.2,0,0
2024-06-14,04_06,21.8,0,0
2024-06-14,06_07,21.6,0,0
2024-06-14,07_08,22.4,0,0
2024-06-14,08_09,24.1,0,0
2024-06-14,09_10,26.5,0,0
2024-06-14,10_11,28.7,0,0
2024-06-14,11_12,30.2,0,0
2024-06-14,12_13,31.6,0,0
2024-06-14,13_14,31.9,0,0
2024-06-14,14_15,32.6,0,0
2024-06-14,15_16,32.3,0,0
2024-06-14,16_17,31.1,0,0
2024-06-14,17_18,28.3,0,0
2024-06-14,18_19,27.3,0,0
2024-06-14,19_20,26.2,0,0
2024-06-14,20_21,25.5,0,0
2024-06-14,21_22,24.9,0,0
2024-06-14,22_23,24.3,0,0
2024-06-14,23_24,24.0,0,0
2024-06-14,24_28,23.5,1,0
2024-06-15,04_06,22.2,1,0
2024-06-15,06_07,21.9,1,0
2024-06-15,07_08,22.0,0,0
2024-06-15,08_09,23.1,0,0
2024-06-15,09_10,23.7,0,0
2024-06-15,10_11,24.5,0,0
2024-06-15,11_12,25.0,0,0
2024-06-15,12_13,24.9,1,0
2024-06-15,13_14,25.0,0,0
2024-06-15,14_15,25.9,0,0
2024-06-15,15_16,27.2,0,0
2024-06-15,16_17,28.0,0,0
2024-06-15,17_18,27.9,0,0
2024-06-15,18_19,26.8,0,0
2024-06-15,19_20,25.6,0,0
2024-06-15,20_21,24.6,0,0
2024-06-15,21_22,23.8,0,0
2024-06-15,22_23,23.1,0,0
2024-06-15,23_24,22.5,0,0
2024-06-15,24_28,21.4,0,0
2024-06-16,04_06,20.2,0,0
2024-06-16,06_07,19.9,0,0
2024-06-16,07_08,20.7,0,0
2024-06-16,08_09,22.1,0,0
2024-06-16,09_10,23.4,0,0
2024-06-16,10_11,24.8,0,0
2024-06-16,11_12,26.2,0,0
2024-06-16,12_13,27.4,0,0
2024-06-16,13_14,28.1,0,0
2024-06-16,14_15,28.9,0,0
2024-06-16,15_16,29.1,0,0
2024-06-16,16_17,29.0,0,0
2024-06-16,17_18,28.8,0,0
2024-06-16,18_19,27.9,0,0
2024-06-16,19_20,26.4,0,0
2024-06-16,20_21,24.9,0,0
2024-06-16,21_22,23.8,0,0
2024-06-16,22_23,23.0,0,0
2024-06-16,23_24,22.2,0,0
2024-06-16,24_28,20.9,0,0
2024-06-17,04_06,19.4,0,0
2024-06-17,06_07,18.9,0,0
2024-06-17,07_08,20.1,0,0
2024-06-17,08_09,22.5,0,0
2024-06-17,09_10,24.7,0,0
2024-06-17,10_11,26.0,0,0
2024-06-17,11_12,27.5,0,0
2024-06-17,12_13,28.8,0,0
2024-06-17,13_14,29.9,0,0
2024-06-17,14_15,29.6,0,0
2024-06-17,15_16,30.0,0,0
2024-06-17,16_17,30.1,0,0
2024-06-17,17_18,29.0,0,0
2024-06-17,18_19,28.8,0,0
2024-06-17,19_20,27.3,0,0
2024-06-17,20_21,25.8,0,0
2024-06-17,21_22,24.7,0,0
2024-06-17,22_23,23.7,0,0
2024-06-17,23_24,23.0,0,0
2024-06-17,24_28,21.8,0,0
2024-06-18,04_06,20.8,0,0
2024-06-18,06_07,20.5,0,0
2024-06-18,07_08,21.2,0,0
2024-06-18,08_09,23.6,0,0
2024-06-18,09_10,25.2,0,0
2024-06-18,10_11,27.1,0,0
2024-06-18,11_12,28.4,0,0
2024-06-18,12_13,29.9,0,0
2024-06-18,13_14,31.3,0,0
2024-06-18,14_15,32.7,0,0
2024-06-18,15_16,32.6,0,0
2024-06-18,16_17,32.4,0,0
2024-06-18,17_18,31.9,0,0
2024-06-18,18_19,30.5,0,0
2024-06-18,19_20,28.5,0,0
2024-06-18,20_21,26.5,0,0
2024-06-18,21_22,25.0,0,0
2024-06-18,22_23,24.4,0,0
2024-06-18,23_24,23.8,0,0
2024-06-18,24_28,22.8,0,0
2024-06-19,04_06,21.7,0,0
2024-06-19,06_07,21.5,0,0
2024-06-19,07_08,22.7,0,0
2024-06-19,08_09,24.9,0,0
2024-06-19,09_10,26.8,0,0
2024-06-19,10_11,28.5,0,0
2024-06-19,11_12,30.5,0,0
2024-06-19,12_13,32.3,0,0
2024-06-19,13_14,34.0,0,0
2024-06-19,14_15,34.7,0,0
2024-06-19,15_16,35.4,0,0
2024-06-19,16_17,35.6,0,0
2024-06-19,17_18,35.3,0,0
2024-06-19,18_19,34.8,0,0
2024-06-19,19_20,33.6,0,0
2024-06-19,20_21,32.0,0,0
2024-06-19,21_22,30.1,0,0
2024-06-19,22_23,29.1,0,0
2024-06-19,23_24,28.3,0,0
2024-06-19,24_28,26.4,0,0
2024-06-20,04_06,24.0,0,0
2024-06-20,06_07,23.4,0,0
2024-06-20,07_08,24.1,0,0
2024-06-20,08_09,26.0,0,0
2024-06-20,09_10,28.4,0,0
2024-06-20,10_11,30.6,0,0
2024-06-20,11_12,32.0,0,0
2024-06-20,12_13,33.6,0,0
2024-06-20,13_14,34.7,0,0
2024-06-20,14_15,35.3,0,0
2024-06-20,15_16,35.1,0,0
2024-06-20,16_17,34.2,0,0
2024-06-20,17_18,34.3,0,0
2024-06-20,18_19,33.4,0,0
2024-06-20,19_20,32.7,0,0
2024-06-20,20_21,30.9,0,0
2024-06-20,21_22,29.7,0,0
2024-06-20,22_23,28.6,0,0
2024-06-20,23_24,27.1,0,0
2024-06-20,24_28,25.0,0,0
2024-06-21,04_06,23.3,0,0
2024-06-21,06_07,23.0,0,0
2024-06-21,07_08,24.0,0,0
2024-06-21,08_09,25.9,0,0
2024-06-21,09_10,27.8,0,0
2024-06-21,10_11,29.9,0,0
2024-06-21,11_12,31.3,0,0
2024-06-21,12_13,33.0,0,0
2024-06-21,13_14,33.7,0,0
2024-06-21,14_15,33.0,0,0
2024-06-21,15_16,33.2,0,0
2024-06-21,16_17,30.8,0,0
2024-06-21,17_18,30.2,0,0
2024-06-21,18_19,30.3,0,0
2024-06-21,19_20,29.2,0,0
2024-06-21,20_21,28.1,0,0
2024-06-21,21_22,27.6,0,0
2024-06-21,22_23,26.7,0,0
2024-06-21,23_24,26.0,0,0
2024-06-21,24_28,25.4,0,0
2024-06-22,04_06,25.2,0,0
2024-06-22,06_07,25.3,0,0
2024-06-22,07_08,25.3,0,0
2024-06-22,08_09,25.8,0,0
2024-06-22,09_10,26.0,1,0
2024-06-22,10_11,25.2,1,0
2024-06-22,11_12,23.7,1,0
2024-06-22,12_13,22.9,1,0
2024-06-22,13_14,22.6,1,0
2024-06-22,14_15,22.8,1,0
2024-06-22,15_16,23.5,1,0
2024-06-22,16_17,23.5,1,0
2024-06-22,17_18,23.8,0,0
2024-06-22,18_19,23.9,0,0
2024-06-22,19_20,23.8,1,0
2024-06-22,20_21,23.5,0,0
2024-06-22,21_22,23.5,0,0
2024-06-22,22_23,23.6,0,0
2024-06-22,23_24,23.5,1,0
2024-06-22,24_28,22.8,1,0
2024-06-23,04_06,22.6,1,0
2024-06-23,06_07,22.6,0,0
2024-06-23,07_08,22.7,0,0
2024-06-23,08_09,23.3,0,0
2024-06-23,09_10,24.0,0,0
2024-06-23,10_11,25.0,0,0
2024-06-23,11_12,26.6,0,0
2024-06-23,12_13,27.8,0,0
2024-06-23,13_14,28.6,0,0
2024-06-23,14_15,30.0,0,0
2024-06-23,15_16,29.2,0,0
2024-06-23,16_17,28.7,0,0
2024-06-23,17_18,27.8,0,0
2024-06-23,18_19,27.1,0,0
2024-06-23,19_20,25.7,0,0
2024-06-23,20_21,24.9,0,0
2024-06-23,21_22,24.7,1,0
2024-06-23,22_23,24.1,0,0
2024-06-23,23_24,22.8,0,0
2024-06-23,24_28,22.8,0,0
2024-06-24,04_06,22.9,0,0
2024-06-24,06_07,22.8,0,0
2024-06-24,07_08,23.1,0,0
2024-06-24,08_09,23.8,0,0
2024-06-24,09_10,24.4,0,0
2024-06-24,10_11,25.3,0,0
2024-06-24,11_12,26.6,0,0
2024-06-24,12_13,27.1,0,0
2024-06-24,13_14,27.6,0,0
2024-06-24,14_15,27.3,0,0
2024-06-24,15_16,27.1,0,0
2024-06-24,16_17,27.4,0,0
2024-06-24,17_18,27.0,0,0
2024-06-24,18_19,26.0,0,0
2024-06-24,19_20,24.7,0,0
2024-06-24,20_21,23.5,0,0
2024-06-24,21_22,22.6,0,0
2024-06-24,22_23,22.2,0,0
2024-06-24,23_24,21.7,0,0
2024-06-24,24_28,20.6,0,0
2024-06-25,04_06,19.7,0,0
2024-06-25,06_07,19.1,0,0
2024-06-25,07_08,19.8,0,0
2024-06-25,08_09,21.7,0,0
2024-06-25,09_10,23.2,0,0
2024-06-25,10_11,24.1,0,0
2024-06-25,11_12,24.8,0,0
2024-06-25,12_13,25.6,0,0
2024-06-25,13_14,27.0,0,0
2024-06-25,14_15,27.0,0,0
2024-06-25,15_16,26.6,0,0
2024-06-25,16_17,26.3,0,0
2024-06-25,17_18,26.1,0,0
2024-06-25,18_19,25.1,0,0
2024-06-25,19_20,24.8,0,0
2024-06-25,20_21,23.8,0,0
2024-06-25,21_22,22.8,0,0
2024-06-25,22_23,22.1,0,0
2024-06-25,23_24,21.4,0,0
2024-06-25,24_28,20.2,0,0
2024-06-26,04_06,19.2,0,0
2024-06-26,06_07,19.0,0,0
2024-06-26,07_08,20.1,0,0
2024-06-26,08_09,22.2,0,0
2024-06-26,09_10,23.8,0,0
2024-06-26,10_11,25.9,0,0
2024-06-26,11_12,26.9,0,0
2024-06-26,12_13,28.6,0,0
2024-06-26,13_14,29.7,0,0
2024-06-26,14_15,29.6,0,0
2024-06-26,15_16,30.8,0,0
2024-06-26,16_17,31.2,0,0
2024-06-26,17_18,31.1,0,0
2024-06-26,18_19,29.4,0,0
2024-06-26,19_20,28.2,0,0
2024-06-26,20_21,26.3,0,0
2024-06-26,21_22,25.1,0,0
2024-06-26,22_23,24.1,0,0
2024-06-26,23_24,23.4,0,0
2024-06-26,24_28,22.0,0,0
2024-06-27,04_06,21.0,0,0
2024-06-27,06_07,20.6,0,0
2024-06-27,07_08,21.5,0,0
2024-06-27,08_09,24.0,0,0
2024-06-27,09_10,26.2,0,0
2024-06-27,10_11,27.5,0,0
2024-06-27,11_12,29.3,0,0
2024-06-27,12_13,30.3,0,0
2024-06-27,13_14,31.6,0,0
2024-06-27,14_15,31.3,0,0
2024-06-27,15_16,31.0,0,0
2024-06-27,16_17,30.5,0,0
2024-06-27,17_18,30.3,0,0
2024-06-27,18_19,30.5,0,0
2024-06-27,19_20,28.9,0,0
2024-06-27,20_21,27.8,0,0
2024-06-27,21_22,26.5,0,0
2024-06-27,22_23,25.6,0,0
2024-06-27,23_24,24.7,0,0
2024-06-27,24_28,23.2,0,0
2024-06-28,04_06,21.8,0,0
2024-06-28,06_07,21.4,0,0
2024-06-28,07_08,23.0,0,0
2024-06-28,08_09,24.7,0,0
2024-06-28,09_10,26.7,0,0
2024-06-28,10_11,27.4,0,0
2024-06-28,11_12,29.0,0,0
2024-06-28,12_13,30.5,0,0
2024-06-28,13_14,31.5,0,0
2024-06-28,14_15,32.3,0,0
2024-06-28,15_16,32.4,0,0
2024-06-28,16_17,31.7,0,0
2024-06-28,17_18,31.2,0,0
2024-06-28,18_19,30.0,0,0
2024-06-28,19_20,28.7,0,0
2024-06-28,20_21,27.0,0,0
2024-06-28,21_22,25.7,0,0
2024-06-28,22_23,24.9,0,0
2024-06-28,23_24,24.3,0,0
2024-06-28,24_28,23.5,0,0
2024-06-29,04_06,22.0,0,0
2024-06-29,06_07,21.8,0,0
2024-06-29,07_08,23.3,0,0
2024-06-29,08_09,25.3,0,0
2024-06-29,09_10,27.1,0,0
2024-06-29,10_11,28.7,0,0
2024-06-29,11_12,30.0,0,0
2024-06-29,12_13,31.3,0,0
2024-06-29,13_14,31.3,0,0
2024-06-29,14_15,32.0,0,0
2024-06-29,15_16,31.2,0,0
2024-06-29,16_17,30.6,0,0
2024-06-29,17_18,31.3,0,0
2024-06-29,18_19,30.3,0,0
2024-06-29,19_20,27.8,1,0
2024-06-29,20_21,25.1,1,0
2024-06-29,21_22,24.3,1,0
2024-06-29,22_23,24.1,1,0
2024-06-29,23_24,24.2,1,0
2024-06-29,24_28,24.3,1,0
2024-06-30,04_06,24.0,1,0
2024-06-30,06_07,23.6,0,0
2024-06-30,07_08,23.3,0,0
2024-06-30,08_09,22.7,0,0
2024-06-30,09_10,22.5,1,0
2024-06-30,10_11,22.1,0,0
2024-06-30,11_12,22.3,0,0
2024-06-30,12_13,22.3,0,0
2024-06-30,13_14,22.6,0,0
2024-06-30,14_15,23.2,0,0
2024-06-30,15_16,23.8,0,0
2024-06-30,16_17,24.5,0,0
2024-06-30,17_18,24.9,0,0
2024-06-30,18_19,24.9,0,0
2024-06-30,19_20,24.7,0,0
2024-06-30,20_21,24.5,0,0
2024-06-30,21_22,23.8,0,0
2024-06-30,22_23,23.1,0,0
2024-06-30,23_24,22.8,0,0
2024-06-30,24_28,22.5,0,0
2024-07-01,04_06,22.2,0,0
2024-07-01,06_07,22.0,0,0
2024-07-01,07_08,22.4,0,0
2024-07-01,08_09,23.0,0,0
2024-07-01,09_10,24.9,0,0
2024-07-01,10_11,25.2,0,0
2024-07-01,11_12,26.8,0,0
2024-07-01,12_13,28.0,0,0
2024-07-01,13_14,29.0,0,0
2024-07-01,14_15,30.3,0,0
2024-07-01,15_16,30.7,0,0
2024-07-01,16_17,31.2,0,0
2024-07-01,17_18,31.1,0,0
2024-07-01,18_19,30.8,0,0
2024-07-01,19_20,29.5,0,0
2024-07-01,20_21,27.8,0,0
2024-07-01,21_22,26.5,0,0
2024-07-01,22_23,25.9,0,0
2024-07-01,23_24,25.6,0,0
2024-07-01,24_28,24.8,0,0
2024-07-02,04_06,24.4,0,0
2024-07-02,06_07,24.4,0,0
2024-07-02,07_08,24.4,1,0
2024-07-02,08_09,24.0,1,0
2024-07-02,09_10,23.7,1,0
2024-07-02,10_11,23.5,1,0
2024-07-02,11_12,23.1,1,0
2024-07-02,12_13,22.1,1,0
2024-07-02,13_14,22.0,1,0
2024-07-02,14_15,22.0,1,0
2024-07-02,15_16,22.0,1,0
2024-07-02,16_17,22.1,1,0
2024-07-02,17_18,22.1,1,0
2024-07-02,18_19,22.1,1,0
2024-07-02,19_20,22.3,1,0
2024-07-02,20_21,22.4,1,0
2024-07-02,21_22,22.7,0,0
2024-07-02,22_23,23.1,1,0
2024-07-02,23_24,23.8,1,0
2024-07-02,24_28,24.2,1,0
2024-07-03,04_06,24.0,0,0
2024-07-03,06_07,23.7,0,0
2024-07-03,07_08,23.7,0,0
2024-07-03,08_09,23.7,0,0
2024-07-03,09_10,24.3,0,0
2024-07-03,10_11,24.8,0,0
2024-07-03,11_12,25.5,0,0
2024-07-03,12_13,25.9,0,0
2024-07-03,13_14,25.2,0,0
2024-07-03,14_15,24.9,0,0
2024-07-03,15_16,25.4,0,0
2024-07-03,16_17,25.4,0,0
2024-07-03,17_18,25.4,0,0
2024-07-03,18_19,25.2,0,0
2024-07-03,19_20,25.1,0,0
2024-07-03,20_21,24.8,0,0
2024-07-03,21_22,24.7,0,0
2024-07-03,22_23,24.6,0,0
2024-07-03,23_24,24.3,0,0
2024-07-03,24_28,24.0,0,0
2024-07-04,04_06,23.6,0,0
2024-07-04,06_07,23.4,0,0
2024-07-04,07_08,23.3,0,0
2024-07-04,08_09,23.7,0,0
2024-07-04,09_10,24.5,0,0
2024-07-04,10_11,25.2,0,0
2024-07-04,11_12,26.5,0,0
2024-07-04,12_13,28.0,0,0
2024-07-04,13_14,28.4,0,0
2024-07-04,14_15,29.7,0,0
2024-07-04,15_16,30.6,0,0
2024-07-04,16_17,30.3,0,0
2024-07-04,17_18,29.5,0,0
2024-07-04,18_19,29.3,0,0
2024-07-04,19_20,29.0,0,0
2024-07-04,20_21,28.7,0,0
2024-07-04,21_22,29.0,0,0
2024-07-04,22_23,28.2,1,0
2024-07-04,23_24,26.2,0,0
2024-07-04,24_28,24.1,1,0
2024-07-05,04_06,21.6,1,0
2024-07-05,06_07,21.3,0,0
2024-07-05,07_08,21.5,0,0
2024-07-05,08_09,22.1,0,0
2024-07-05,09_10,22.2,0,0
2024-07-05,10_11,22.4,0,0
2024-07-05,11_12,22.8,0,0
2024-07-05,12_13,23.5,0,0
2024-07-05,13_14,24.6,0,0
2024-07-05,14_15,25.0,0,0
2024-07-05,15_16,25.3,0,0
2024-07-05,16_17,25.5,0,0
2024-07-05,17_18,26.1,0,0
2024-07-05,18_19,25.6,0,0
2024-07-05,19_20,25.1,0,0
2024-07-05,20_21,24.2,0,0
2024-07-05,21_22,24.0,0,0
2024-07-05,22_23,23.5,0,0
2024-07-05,23_24,23.3,0,0
2024-07-05,24_28,23.0,0,0
2024-07-06,04_06,22.6,1,0
2024-07-06,06_07,22.1,0,0
2024-07-06,07_08,22.1,0,0
2024-07-06,08_09,22.3,0,0
2024-07-06,09_10,22.7,0,0
2024-07-06,10_11,23.4,0,0
2024-07-06,11_12,25.1,0,0
2024-07-06,12_13,26.6,0,0
2024-07-06,13_14,28.2,0,0
2024-07-06,14_15,29.6,0,0
2024-07-06,15_16,29.6,0,0
2024-07-06,16_17,28.7,0,0
2024-07-06,17_18,28.7,0,0
2024-07-06,18_19,27.8,0,0
2024-07-06,19_20,27.1,0,0
2024-07-06,20_21,26.5,1,0
2024-07-06,21_22,25.3,1,0
2024-07-06,22_23,24.5,0,0
2024-07-06,23_24,24.3,0,0
2024-07-06,24_28,23.0,0,0
2024-07-07,04_06,21.8,0,0
2024-07-07,06_07,21.5,0,0
2024-07-07,07_08,22.0,0,0
2024-07-07,08_09,22.7,0,0
2024-07-07,09_10,23.6,0,0
2024-07-07,10_11,25.0,0,0
2024-07-07,11_12,25.8,0,0
2024-07-07,12_13,26.0,0,0
2024-07-07,13_14,27.5,0,0
2024-07-07,14_15,28.0,0,0
2024-07-07,15_16,27.4,0,0
2024-07-07,16_17,26.5,0,0
2024-07-07,17_18,26.6,0,0
2024-07-07,18_19,26.0,1,0
2024-07-07,19_20,24.5,1,0
2024-07-07,20_21,24.2,1,0
2024-07-07,21_22,24.4,1,0
2024-07-07,22_23,24.4,1,0
2024-07-07,23_24,24.4,0,0
2024-07-07,24_28,24.0,1,0
2024-07-08,04_06,23.8,1,0
2024-07-08,06_07,23.9,0,0
2024-07-08,07_08,24.2,0,0
2024-07-08,08_09,24.2,0,0
2024-07-08,09_10,24.2,0,0
2024-07-08,10_11,24.1,0,0
2024-07-08,11_12,24.1,1,0
2024-07-08,12_13,23.9,1,0
2024-07-08,13_14,24.0,1,0
2024-07-08,14_15,23.9,1,0
2024-07-08,15_16,24.0,1,0
2024-07-08,16_17,24.3,0,0
2024-07-08,17_18,24.5,0,0
2024-07-08,18_19,24.3,1,0
2024-07-08,19_20,23.9,1,0
2024-07-08,20_21,23.4,0,0
2024-07-08,21_22,23.1,0,0
2024-07-08,22_23,23.2,0,0
2024-07-08,23_24,23.2,0,0
2024-07-08,24_28,23.2,0,0
2024-07-09,04_06,22.8,0,0
2024-07-09,06_07,22.8,0,0
2024-07-09,07_08,23.0,0,0
2024-07-09,08_09,23.5,0,0
2024-07-09,09_10,24.1,0,0
2024-07-09,10_11,25.4,0,0
2024-07-09,11_12,26.0,0,0
2024-07-09,12_13,26.2,0,0
2024-07-09,13_14,26.4,0,0
2024-07-09,14_15,26.4,0,0
2024-07-09,15_16,25.8,0,0
2024-07-09,16_17,25.3,1,0
2024-07-09,17_18,25.2,0,0
2024-07-09,18_19,25.1,0,0
2024-07-09,19_20,25.1,0,0
2024-07-09,20_21,25.0,0,0
2024-07-09,21_22,24.8,0,0
2024-07-09,22_23,24.6,0,0
2024-07-09,23_24,24.3,1,0
2024-07-09,24_28,23.5,1,0
2024-07-10,04_06,22.9,0,0
2024-07-10,06_07,22.8,0,0
2024-07-10,07_08,23.4,0,0
2024-07-10,08_09,24.9,0,0
2024-07-10,09_10,26.4,0,0
2024-07-10,10_11,27.9,0,0
2024-07-10,11_12,29.1,0,0
2024-07-10,12_13,30.3,0,0
2024-07-10,13_14,30.6,0,0
2024-07-10,14_15,30.4,0,0
2024-07-10,15_16,29.0,0,0
2024-07-10,16_17,29.6,0,0
2024-07-10,17_18,29.9,0,0
2024-07-10,18_19,29.5,0,0
2024-07-10,19_20,28.7,0,0
2024-07-10,20_21,27.2,0,0
2024-07-10,21_22,26.7,0,0
2024-07-10,22_23,25.9,0,0
2024-07-10,23_24,25.5,0,0
2024-07-10,24_28,24.7,0,0
2024-07-11,04_06,24.1,0,0
2024-07-11,06_07,23.8,0,0
2024-07-11,07_08,23.9,0,0
2024-07-11,08_09,24.5,0,0
2024-07-11,09_10,24.4,0,0
2024-07-11,10_11,26.1,0,0
2024-07-11,11_12,27.2,0,0
2024-07-11,12_13,28.3,0,0
2024-07-11,13_14,28.0,0,0
2024-07-11,14_15,28.4,0,0
2024-07-11,15_16,28.4,0,0
2024-07-11,16_17,28.7,0,0
2024-07-11,17_18,28.3,0,0
2024-07-11,18_19,28.3,0,0
2024-07-11,19_20,27.2,0,0
2024-07-11,20_21,25.8,0,0
2024-07-11,21_22,24.8,0,0
2024-07-11,22_23,24.1,0,0
2024-07-11,23_24,23.6,0,0
2024-07-11,24_28,22.9,0,0
2024-07-12,04_06,22.2,0,0
2024-07-12,06_07,21.9,0,0
2024-07-12,07_08,22.4,0,0
2024-07-12,08_09,23.2,0,0
2024-07-12,09_10,23.8,0,0
2024-07-12,10_11,24.2,0,0
2024-07-12,11_12,25.0,0,0
2024-07-12,12_13,25.9,0,0
2024-07-12,13_14,26.6,0,0
2024-07-12,14_15,28.0,0,0
2024-07-12,15_16,29.0,0,0
2024-07-12,16_17,29.9,0,0
2024-07-12,17_18,30.1,0,0
2024-07-12,18_19,29.9,0,0
2024-07-12,19_20,28.8,0,0
2024-07-12,20_21,27.5,0,0
2024-07-12,21_22,26.6,0,0
2024-07-12,22_23,25.9,0,0
2024-07-12,23_24,25.5,0,0
2024-07-12,24_28,24.6,0,0
2024-07-13,04_06,23.8,0,0
2024-07-13,06_07,23.5,0,0
2024-07-13,07_08,24.2,0,0
2024-07-13,08_09,25.6,0,0
2024-07-13,09_10,27.2,0,0
2024-07-13,10_11,28.3,0,0
2024-07-13,11_12,29.5,0,0
2024-07-13,12_13,30.6,0,0
2024-07-13,13_14,31.8,0,0
2024-07-13,14_15,32.5,0,0
2024-07-13,15_16,32.6,0,0
2024-07-13,16_17,32.9,0,0
2024-07-13,17_18,32.5,0,0
2024-07-13,18_19,32.2,0,0
2024-07-13,19_20,30.2,0,0
2024-07-13,20_21,28.8,0,0
2024-07-13,21_22,27.8,0,0
2024-07-13,22_23,27.0,0,0
2024-07-13,23_24,26.8,0,0
2024-07-13,24_28,26.5,0,0
2024-07-14,04_06,25.7,0,0
2024-07-14,06_07,25.0,0,0
2024-07-14,07_08,24.9,0,0
2024-07-14,08_09,25.7,0,0
2024-07-14,09_10,26.8,0,0
2024-07-14,10_11,28.5,0,0
2024-07-14,11_12,29.5,0,0
2024-07-14,12_13,30.6,0,0
2024-07-14,13_14,30.9,0,0
2024-07-14,14_15,31.6,0,0
2024-07-14,15_16,31.3,0,0
2024-07-14,16_17,31.4,0,0
2024-07-14,17_18,32.1,0,0
2024-07-14,18_19,31.5,0,0
2024-07-14,19_20,30.5,1,0
2024-07-14,20_21,29.1,0,0
2024-07-14,21_22,28.5,0,0
2024-07-14,22_23,28.0,0,0
2024-07-14,23_24,27.4,0,0
2024-07-14,24_28,26.0,0,0
2024-07-15,04_06,24.8,0,0
2024-07-15,06_07,24.6,0,0
2024-07-15,07_08,25.1,0,0
2024-07-15,08_09,26.5,0,0
2024-07-15,09_10,28.2,0,0
2024-07-15,10_11,29.0,0,0
2024-07-15,11_12,29.9,0,0
2024-07-15,12_13,30.3,0,0
2024-07-15,13_14,30.5,0,0
2024-07-15,14_15,30.7,0,0
2024-07-15,15_16,30.9,0,0
2024-07-15,16_17,30.8,0,0
2024-07-15,17_18,30.9,0,0
2024-07-15,18_19,30.7,0,0
2024-07-15,19_20,30.4,0,0
2024-07-15,20_21,29.8,0,0
2024-07-15,21_22,29.4,0,0
2024-07-15,22_23,29.1,0,0
2024-07-15,23_24,28.8,0,0
2024-07-15,24_28,27.7,0,0
2024-07-16,04_06,26.2,0,0
2024-07-16,06_07,25.8,0,0
2024-07-16,07_08,26.0,0,0
2024-07-16,08_09,27.5,0,0
2024-07-16,09_10,28.7,0,0
2024-07-16,10_11,30.0,0,0
2024-07-16,11_12,29.5,0,0
2024-07-16,12_13,30.3,0,0
2024-07-16,13_14,30.1,0,0
2024-07-16,14_15,28.9,0,0
2024-07-16,15_16,28.3,1,0
2024-07-16,16_17,25.9,1,0
2024-07-16,17_18,25.6,1,0
2024-07-16,18_19,25.8,0,0
2024-07-16,19_20,25.5,1,0
2024-07-16,20_21,25.1,1,0
2024-07-16,21_22,25.4,1,0
2024-07-16,22_23,25.4,1,0
2024-07-16,23_24,24.7,1,0
2024-07-16,24_28,24.4,1,0
2024-07-17,04_06,24.2,1,0
2024-07-17,06_07,24.7,0,0
2024-07-17,07_08,25.0,1,0
2024-07-17,08_09,25.2,1,0
2024-07-17,09_10,25.2,1,0
2024-07-17,10_11,24.4,1,0
2024-07-17,11_12,24.4,0,0
2024-07-17,12_13,25.6,0,0
2024-07-17,13_14,26.7,0,0
2024-07-17,14_15,28.0,0,0
2024-07-17,15_16,27.1,1,0
2024-07-17,16_17,26.7,1,0
2024-07-17,17_18,26.2,1,0
2024-07-17,18_19,25.0,0,0
2024-07-17,19_20,24.5,0,0
2024-07-17,20_21,24.9,0,0
2024-07-17,21_22,25.9,0,0
2024-07-17,22_23,26.2,1,0
2024-07-17,23_24,26.1,1,0
2024-07-17,24_28,25.6,1,0
2024-07-18,04_06,24.2,1,0
2024-07-18,06_07,24.1,1,0
2024-07-18,07_08,23.7,1,0
2024-07-18,08_09,23.2,1,0
2024-07-18,09_10,23.3,1,0
2024-07-18,10_11,23.3,1,0
2024-07-18,11_12,23.5,1,0
2024-07-18,12_13,23.9,1,0
2024-07-18,13_14,23.9,1,0
2024-07-18,14_15,23.9,1,0
2024-07-18,15_16,23.9,1,0
2024-07-18,16_17,24.3,0,0
2024-07-18,17_18,24.5,0,0
2024-07-18,18_19,24.7,0,0
2024-07-18,19_20,24.6,0,0
2024-07-18,20_21,24.6,0,0
2024-07-18,21_22,24.8,0,0
2024-07-18,22_23,24.5,0,0
2024-07-18,23_24,24.4,0,0
2024-07-18,24_28,24.4,1,0
2024-07-19,04_06,24.3,0,0
2024-07-19,06_07,24.3,0,0
2024-07-19,07_08,24.4,0,0
2024-07-19,08_09,24.8,0,0
2024-07-19,09_10,25.8,0,0
2024-07-19,10_11,26.7,0,0
2024-07-19,11_12,28.0,0,0
2024-07-19,12_13,28.4,0,0
2024-07-19,13_14,29.1,0,0
2024-07-19,14_15,29.9,0,0
2024-07-19,15_16,30.7,0,0
2024-07-19,16_17,30.7,0,0
2024-07-19,17_18,30.2,0,0
2024-07-19,18_19,29.8,0,0
2024-07-19,19_20,28.7,0,0
2024-07-19,20_21,27.8,0,0
2024-07-19,21_22,26.9,0,0
2024-07-19,22_23,26.6,0,0
2024-07-19,23_24,26.3,0,0
2024-07-19,24_28,25.8,0,0
2024-07-20,04_06,25.2,0,0
2024-07-20,06_07,25.2,0,0
2024-07-20,07_08,25.3,0,0
2024-07-20,08_09,26.3,0,0
2024-07-20,09_10,26.5,1,0
2024-07-20,10_11,25.8,0,0
2024-07-20,11_12,26.8,0,0
2024-07-20,12_13,27.8,0,0
2024-07-20,13_14,27.5,0,0
2024-07-20,14_15,28.4,0,0
2024-07-20,15_16,29.6,0,0
2024-07-20,16_17,30.4,0,0
2024-07-20,17_18,29.9,0,0
2024-07-20,18_19,29.6,1,0
2024-07-20,19_20,27.6,1,0
2024-07-20,20_21,26.3,1,0
2024-07-20,21_22,26.6,1,0
2024-07-20,22_23,26.7,0,0
2024-07-20,23_24,26.5,0,0
2024-07-20,24_28,25.4,1,0
2024-07-21,04_06,22.6,1,0
2024-07-21,06_07,23.0,0,0
2024-07-21,07_08,23.2,0,0
2024-07-21,08_09,23.7,0,0
2024-07-21,09_10,23.7,1,0
2024-07-21,10_11,24.0,0,0
2024-07-21,11_12,25.6,0,0
2024-07-21,12_13,27.0,0,0
2024-07-21,13_14,27.6,0,0
2024-07-21,14_15,28.0,0,0
2024-07-21,15_16,28.2,0,0
2024-07-21,16_17,29.4,0,0
2024-07-21,17_18,29.3,0,0
2024-07-21,18_19,29.6,0,0
2024-07-21,19_20,29.4,0,0
2024-07-21,20_21,28.6,0,0
2024-07-21,21_22,28.2,0,0
2024-07-21,22_23,28.1,0,0
2024-07-21,23_24,28.1,0,0
2024-07-21,24_28,27.8,0,0
2024-07-22,04_06,27.0,1,0
2024-07-22,06_07,26.3,0,0
2024-07-22,07_08,26.2,0,0
2024-07-22,08_09,26.5,0,0
2024-07-22,09_10,26.5,0,0
2024-07-22,10_11,26.6,1,0
2024-07-22,11_12,24.4,1,0
2024-07-22,12_13,25.4,0,0
2024-07-22,13_14,27.0,1,0
2024-07-22,14_15,26.7,1,0
2024-07-22,15_16,26.0,1,0
2024-07-22,16_17,26.7,0,0
2024-07-22,17_18,27.2,0,0
2024-07-22,18_19,27.3,0,0
2024-07-22,19_20,27.6,0,0
2024-07-22,20_21,27.7,0,0
2024-07-22,21_22,27.6,0,0
2024-07-22,22_23,27.8,1,0
2024-07-22,23_24,27.2,1,0
2024-07-22,24_28,26.2,0,0
2024-07-23,04_06,26.0,1,0
2024-07-23,06_07,25.9,0,0
2024-07-23,07_08,25.9,0,0
2024-07-23,08_09,26.2,0,0
2024-07-23,09_10,26.4,0,0
2024-07-23,10_11,26.5,1,0
2024-07-23,11_12,25.9,1,0
2024-07-23,12_13,26.0,1,0
2024-07-23,13_14,26.3,1,0
2024-07-23,14_15,26.4,0,0
2024-07-23,15_16,27.0,0,0
2024-07-23,16_17,27.2,0,0
2024-07-23,17_18,27.0,0,0
2024-07-23,18_19,27.2,0,0
2024-07-23,19_20,27.1,0,0
2024-07-23,20_21,26.8,0,0
2024-07-23,21_22,26.5,0,0
2024-07-23,22_23,26.3,0,0
2024-07-23,23_24,26.4,0,0
2024-07-23,24_28,26.3,1,0
2024-07-24,04_06,26.2,1,0
2024-07-24,06_07,26.1,0,0
2024-07-24,07_08,26.2,0,0
2024-07-24,08_09,26.4,1,0
2024-07-24,09_10,27.2,1,0
2024-07-24,10_11,27.4,1,0
2024-07-24,11_12,28.2,0,0
2024-07-24,12_13,29.2,0,0
2024-07-24,13_14,30.0,0,0
2024-07-24,14_15,30.9,0,0
2024-07-24,15_16,30.8,0,0
2024-07-24,16_17,30.8,0,0
2024-07-24,17_18,30.7,0,0
2024-07-24,18_19,29.9,0,0
2024-07-24,19_20,29.2,0,0
2024-07-24,20_21,28.5,0,0
2024-07-24,21_22,28.1,0,0
2024-07-24,22_23,28.0,0,0
2024-07-24,23_24,27.7,0,0
2024-07-24,24_28,27.3,0,0
2024-07-25,04_06,27.0,0,0
2024-07-25,06_07,26.8,0,0
2024-07-25,07_08,27.1,0,0
2024-07-25,08_09,27.6,0,0
2024-07-25,09_10,28.5,0,0
2024-07-25,10_11,29.3,0,0
2024-07-25,11_12,30.7,0,0
2024-07-25,12_13,30.6,1,0
2024-07-25,13_14,29.8,0,0
2024-07-25,14_15,31.3,0,0
2024-07-25,15_16,31.5,0,0
2024-07-25,16_17,32.2,0,0
2024-07-25,17_18,32.0,0,0
2024-07-25,18_19,31.6,0,0
2024-07-25,19_20,30.9,0,0
2024-07-25,20_21,30.2,0,0
2024-07-25,21_22,29.1,1,0
2024-07-25,22_23,26.1,0,0
2024-07-25,23_24,25.9,1,0
2024-07-25,24_28,25.3,1,0
2024-07-26,04_06,25.3,0,0
2024-07-26,06_07,25.3,0,0
2024-07-26,07_08,25.9,0,0
2024-07-26,08_09,27.2,0,0
2024-07-26,09_10,28.6,0,0
2024-07-26,10_11,29.4,0,0
2024-07-26,11_12,31.3,0,0
2024-07-26,12_13,32.0,0,0
2024-07-26,13_14,32.2,1,0
2024-07-26,14_15,30.4,0,0
2024-07-26,15_16,32.4,0,0
2024-07-26,16_17,32.2,1,0
2024-07-26,17_18,29.1,0,0
2024-07-26,18_19,29.3,0,0
2024-07-26,19_20,29.1,0,0
2024-07-26,20_21,29.0,0,0
2024-07-26,21_22,28.8,0,0
2024-07-26,22_23,28.6,0,0
2024-07-26,23_24,28.5,0,0
2024-07-26,24_28,27.9,0,0
2024-07-27,04_06,27.6,0,0
2024-07-27,06_07,27.5,0,0
2024-07-27,07_08,27.6,0,0
2024-07-27,08_09,28.7,0,0
2024-07-27,09_10,29.2,0,0
2024-07-27,10_11,29.7,0,0
2024-07-27,11_12,30.4,0,0
2024-07-27,12_13,31.2,0,0
2024-07-27,13_14,31.3,1,0
2024-07-27,14_15,30.1,1,0
2024-07-27,15_16,30.9,1,0
2024-07-27,16_17,29.2,1,0
2024-07-27,17_18,29.3,1,0
2024-07-27,18_19,28.7,1,0
2024-07-27,19_20,28.3,0,0
2024-07-27,20_21,28.3,0,0
2024-07-27,21_22,28.1,0,0
2024-07-27,22_23,27.9,0,0
2024-07-27,23_24,27.7,0,0
2024-07-27,24_28,27.5,0,0
2024-07-28,04_06,27.4,0,0
2024-07-28,06_07,27.3,0,0
2024-07-28,07_08,27.5,0,0
2024-07-28,08_09,28.6,0,0
2024-07-28,09_10,29.3,0,0
2024-07-28,10_11,30.1,0,0
2024-07-28,11_12,30.5,0,0
2024-07-28,12_13,31.0,0,0
2024-07-28,13_14,31.7,0,0
2024-07-28,14_15,32.0,0,0
2024-07-28,15_16,31.9,0,0
2024-07-28,16_17,30.6,0,0
2024-07-28,17_18,30.5,0,0
2024-07-28,18_19,30.3,0,0
2024-07-28,19_20,29.7,0,0
2024-07-28,20_21,29.2,0,0
2024-07-28,21_22,28.8,0,0
2024-07-28,22_23,28.3,0,0
2024-07-28,23_24,28.0,0,0
2024-07-28,24_28,27.6,0,0
2024-07-29,04_06,27.3,0,0
2024-07-29,06_07,27.2,0,0
2024-07-29,07_08,27.3,0,0
2024-07-29,08_09,27.4,0,0
2024-07-29,09_10,27.6,0,0
2024-07-29,10_11,27.5,0,0
2024-07-29,11_12,27.5,0,0
2024-07-29,12_13,27.6,0,0
2024-07-29,13_14,27.6,0,0
2024-07-29,14_15,27.7,0,0
2024-07-29,15_16,27.6,0,0
2024-07-29,16_17,27.6,0,0
2024-07-29,17_18,27.4,0,0
2024-07-29,18_19,27.4,0,0
2024-07-29,19_20,27.4,0,0
2024-07-29,20_21,27.2,0,0
2024-07-29,21_22,27.2,0,0
2024-07-29,22_23,27.1,0,0
2024-07-29,23_24,27.0,0,0
2024-07-29,24_28,26.6,0,0
2024-07-30,04_06,26.4,0,0
2024-07-30,06_07,26.3,0,0
2024-07-30,07_08,26.4,0,0
2024-07-30,08_09,26.5,0,0
2024-07-30,09_10,26.7,0,0
2024-07-30,10_11,27.2,0,0
2024-07-30,11_12,29.0,0,0
2024-07-30,12_13,30.2,0,0
2024-07-30,13_14,30.8,0,0
2024-07-30,14_15,31.1,0,0
2024-07-30,15_16,31.8,0,0
2024-07-30,16_17,31.8,0,0
2024-07-30,17_18,30.9,0,0
2024-07-30,18_19,31.2,0,0
2024-07-30,19_20,30.1,0,0
2024-07-30,20_21,29.2,0,0
2024-07-30,21_22,28.6,0,0
2024-07-30,22_23,28.2,0,0
2024-07-30,23_24,27.9,0,0
2024-07-30,24_28,27.4,0,0
2024-07-31,04_06,27.0,0,0
2024-07-31,06_07,27.0,0,0
2024-07-31,07_08,27.1,0,0
2024-07-31,08_09,27.7,0,0
2024-07-31,09_10,28.3,0,0
2024-07-31,10_11,29.1,0,0
2024-07-31,11_12,30.1,0,0
2024-07-31,12_13,30.7,0,0
2024-07-31,13_14,31.5,0,0
2024-07-31,14_15,32.2,0,0
2024-07-31,15_16,32.6,0,0
2024-07-31,16_17,32.6,0,0
2024-07-31,17_18,32.7,0,0
2024-07-31,18_19,32.3,0,0
2024-07-31,19_20,31.2,0,0
2024-07-31,20_21,29.7,0,0
2024-07-31,21_22,28.9,0,0
2024-07-31,22_23,28.7,0,0
2024-07-31,23_24,28.3,0,0
2024-07-31,24_28,27.8,0,0
2024-08-01,04_06,27.5,1,0
2024-08-01,06_07,27.5,0,0
2024-08-01,07_08,27.6,0,0
2024-08-01,08_09,28.0,0,0
2024-08-01,09_10,28.9,0,0
2024-08-01,10_11,29.5,0,0
2024-08-01,11_12,30.4,0,0
2024-08-01,12_13,31.1,0,0
2024-08-01,13_14,31.3,0,0
2024-08-01,14_15,32.2,0,0
2024-08-01,15_16,32.7,0,0
2024-08-01,16_17,33.1,0,0
2024-08-01,17_18,32.6,0,0
2024-08-01,18_19,32.6,0,0
2024-08-01,19_20,31.7,0,0
2024-08-01,20_21,30.4,0,0
2024-08-01,21_22,29.6,0,0
2024-08-01,22_23,29.2,0,0
2024-08-01,23_24,29.1,0,0
2024-08-01,24_28,28.8,0,0
2024-08-02,04_06,28.4,0,0
2024-08-02,06_07,28.2,0,0
2024-08-02,07_08,28.3,0,0
2024-08-02,08_09,28.5,0,0
2024-08-02,09_10,28.9,0,0
2024-08-02,10_11,28.9,0,0
2024-08-02,11_12,29.3,0,0
2024-08-02,12_13,29.8,0,0
2024-08-02,13_14,30.8,0,0
2024-08-02,14_15,31.1,0,0
2024-08-02,15_16,31.7,0,0
2024-08-02,16_17,32.2,0,0
2024-08-02,17_18,32.4,0,0
2024-08-02,18_19,31.7,0,0
2024-08-02,19_20,30.9,0,0
2024-08-02,20_21,29.8,0,0
2024-08-02,21_22,29.2,0,0
2024-08-02,22_23,29.2,0,0
2024-08-02,23_24,29.0,0,0
2024-08-02,24_28,28.2,0,0
2024-08-03,04_06,27.2,0,0
2024-08-03,06_07,27.3,0,0
2024-08-03,07_08,27.4,0,0
2024-08-03,08_09,27.9,0,0
2024-08-03,09_10,28.6,0,0
2024-08-03,10_11,29.9,0,0
2024-08-03,11_12,31.0,0,0
2024-08-03,12_13,32.0,0,0
2024-08-03,13_14,32.9,0,0
2024-08-03,14_15,33.2,0,0
2024-08-03,15_16,33.8,0,0
2024-08-03,16_17,34.0,0,0
2024-08-03,17_18,33.8,0,0
2024-08-03,18_19,33.4,0,0
2024-08-03,19_20,32.3,0,0
2024-08-03,20_21,30.7,0,0
2024-08-03,21_22,30.0,0,0
2024-08-03,22_23,29.6,0,0
2024-08-03,23_24,29.2,0,0
2024-08-03,24_28,28.3,0,0
2024-08-04,04_06,27.7,0,0
2024-08-04,06_07,27.3,0,0
2024-08-04,07_08,27.6,0,0
2024-08-04,08_09,29.1,0,0
2024-08-04,09_10,30.6,0,0
2024-08-04,10_11,31.8,0,0
2024-08-04,11_12,33.6,0,0
2024-08-04,12_13,35.0,0,0
2024-08-04,13_14,34.2,0,0
2024-08-04,14_15,35.5,0,0
2024-08-04,15_16,36.1,0,0
2024-08-04,16_17,36.0,0,0
2024-08-04,17_18,35.4,0,0
2024-08-04,18_19,34.9,0,0
2024-08-04,19_20,33.8,0,0
2024-08-04,20_21,32.6,0,0
2024-08-04,21_22,31.8,0,0
2024-08-04,22_23,31.3,0,0
2024-08-04,23_24,30.8,0,0
2024-08-04,24_28,29.7,1,0
2024-08-05,04_06,28.9,0,0
2024-08-05,06_07,27.5,0,0
2024-08-05,07_08,27.6,0,0
2024-08-05,08_09,27.6,0,0
2024-08-05,09_10,29.1,0,0
2024-08-05,10_11,30.5,0,0
2024-08-05,11_12,31.5,0,0
2024-08-05,12_13,32.0,0,0
2024-08-05,13_14,32.3,0,0
2024-08-05,14_15,32.7,0,0
2024-08-05,15_16,32.9,0,0
2024-08-05,16_17,33.2,0,0
2024-08-05,17_18,32.7,0,0
2024-08-05,18_19,33.0,0,0
2024-08-05,19_20,31.6,0,0
2024-08-05,20_21,30.4,0,0
2024-08-05,21_22,30.0,0,0
2024-08-05,22_23,29.9,0,0
2024-08-05,23_24,28.8,1,0
2024-08-05,24_28,26.6,0,0
2024-08-06,04_06,26.0,0,0
2024-08-06,06_07,25.7,0,0
2024-08-06,07_08,26.2,0,0
2024-08-06,08_09,26.7,0,0
2024-08-06,09_10,27.2,0,0
2024-08-06,10_11,27.8,0,0
2024-08-06,11_12,28.8,0,0
2024-08-06,12_13,30.5,0,0
2024-08-06,13_14,31.4,0,0
2024-08-06,14_15,30.8,0,0
2024-08-06,15_16,32.9,0,0
2024-08-06,16_17,33.2,0,0
2024-08-06,17_18,32.9,0,0
2024-08-06,18_19,33.2,0,0
2024-08-06,19_20,32.6,0,0
2024-08-06,20_21,31.5,0,0
2024-08-06,21_22,30.8,0,0
2024-08-06,22_23,30.0,0,0
2024-08-06,23_24,29.2,0,0
2024-08-06,24_28,28.4,0,0
2024-08-07,04_06,27.4,0,0
2024-08-07,06_07,27.2,0,0
2024-08-07,07_08,27.4,0,0
2024-08-07,08_09,28.5,0,0
2024-08-07,09_10,29.8,0,0
2024-08-07,10_11,29.5,1,0
2024-08-07,11_12,28.3,0,0
2024-08-07,12_13,30.1,0,0
2024-08-07,13_14,31.4,0,0
2024-08-07,14_15,32.3,0,0
2024-08-07,15_16,33.2,0,0
2024-08-07,16_17,33.3,0,0
2024-08-07,17_18,33.1,0,0
2024-08-07,18_19,32.3,0,0
2024-08-07,19_20,31.2,0,0
2024-08-07,20_21,29.6,0,0
2024-08-07,21_22,28.7,0,0
2024-08-07,22_23,28.2,0,0
2024-08-07,23_24,27.9,0,0
2024-08-07,24_28,27.6,0,0
2024-08-08,04_06,27.4,0,0
2024-08-08,06_07,27.1,0,0
2024-08-08,07_08,27.3,0,0
2024-08-08,08_09,27.6,0,0
2024-08-08,09_10,27.4,0,0
2024-08-08,10_11,28.8,0,0
2024-08-08,11_12,29.2,0,0
2024-08-08,12_13,29.6,0,0
2024-08-08,13_14,29.6,0,0
2024-08-08,14_15,29.6,0,0
2024-08-08,15_16,30.2,0,0
2024-08-08,16_17,30.8,0,0
2024-08-08,17_18,31.4,0,0
2024-08-08,18_19,30.8,0,0
2024-08-08,19_20,30.3,0,0
2024-08-08,20_21,29.1,0,0
2024-08-08,21_22,28.2,0,0
2024-08-08,22_23,27.7,0,0
2024-08-08,23_24,27.2,0,0
2024-08-08,24_28,26.5,0,0
2024-08-09,04_06,25.8,0,0
2024-08-09,06_07,25.6,0,0
2024-08-09,07_08,25.8,0,0
2024-08-09,08_09,27.1,0,0
2024-08-09,09_10,29.1,0,0
2024-08-09,10_11,29.4,0,0
2024-08-09,11_12,29.6,0,0
2024-08-09,12_13,30.5,0,0
2024-08-09,13_14,31.7,0,0
2024-08-09,14_15,33.2,0,0
2024-08-09,15_16,32.5,0,0
2024-08-09,16_17,32.6,0,0
2024-08-09,17_18,32.6,0,0
2024-08-09,18_19,32.2,0,0
2024-08-09,19_20,31.3,0,0
2024-08-09,20_21,30.3,0,0
2024-08-09,21_22,29.6,0,0
2024-08-09,22_23,29.2,0,0
2024-08-09,23_24,28.8,0,0
2024-08-09,24_28,27.8,0,0
2024-08-10,04_06,26.7,0,0
2024-08-10,06_07,26.4,0,0
2024-08-10,07_08,26.7,0,0
2024-08-10,08_09,27.4,0,0
2024-08-10,09_10,28.9,0,0
2024-08-10,10_11,30.2,0,0
2024-08-10,11_12,31.2,0,0
2024-08-10,12_13,32.2,0,0
2024-08-10,13_14,32.8,0,0
2024-08-10,14_15,33.1,0,0
2024-08-10,15_16,33.2,0,0
2024-08-10,16_17,33.3,0,0
2024-08-10,17_18,32.6,0,0
2024-08-10,18_19,32.8,0,0
2024-08-10,19_20,32.2,0,0
2024-08-10,20_21,31.1,0,0
2024-08-10,21_22,30.2,0,0
2024-08-10,22_23,29.8,0,0
2024-08-10,23_24,29.3,0,0
2024-08-10,24_28,28.8,0,0
2024-08-11,04_06,28.3,0,0
2024-08-11,06_07,27.8,0,0
2024-08-11,07_08,28.2,0,0
2024-08-11,08_09,28.9,0,0
2024-08-11,09_10,30.2,0,0
2024-08-11,10_11,31.1,0,0
2024-08-11,11_12,32.2,0,0
2024-08-11,12_13,32.6,0,0
2024-08-11,13_14,33.4,0,0
2024-08-11,14_15,33.9,0,0
2024-08-11,15_16,33.8,0,0
2024-08-11,16_17,33.7,0,0
2024-08-11,17_18,33.3,0,0
2024-08-11,18_19,32.9,0,0
2024-08-11,19_20,32.5,0,0
2024-08-11,20_21,31.9,0,0
2024-08-11,21_22,31.0,0,0
2024-08-11,22_23,30.4,0,0
2024-08-11,23_24,30.0,0,0
2024-08-11,24_28,29.2,0,0
2024-08-12,04_06,28.6,0,0
2024-08-12,06_07,28.3,0,0
2024-08-12,07_08,28.4,0,0
2024-08-12,08_09,29.3,0,0
2024-08-12,09_10,30.0,0,0
2024-08-12,10_11,30.3,0,0
2024-08-12,11_12,32.5,0,0
2024-08-12,12_13,32.8,0,0
2024-08-12,13_14,32.9,0,0
2024-08-12,14_15,32.9,0,0
2024-08-12,15_16,33.8,0,0
2024-08-12,16_17,33.6,0,0
2024-08-12,17_18,33.7,0,0
2024-08-12,18_19,33.7,0,0
2024-08-12,19_20,32.8,0,0
2024-08-12,20_21,31.7,0,0
2024-08-12,21_22,31.0,0,0
2024-08-12,22_23,30.5,0,0
2024-08-12,23_24,30.2,0,0
2024-08-12,24_28,29.3,0,0
2024-08-13,04_06,28.4,0,0
2024-08-13,06_07,28.2,0,0
2024-08-13,07_08,28.2,0,0
2024-08-13,08_09,29.6,0,0
2024-08-13,09_10,30.5,0,0
2024-08-13,10_11,32.0,0,0
2024-08-13,11_12,32.5,0,0
2024-08-13,12_13,33.8,0,0
2024-08-13,13_14,34.9,0,0
2024-08-13,14_15,35.6,0,0
2024-08-13,15_16,36.3,0,0
2024-08-13,16_17,35.9,0,0
2024-08-13,17_18,34.3,0,0
2024-08-13,18_19,32.1,0,0
2024-08-13,19_20,30.8,0,0
2024-08-13,20_21,31.2,0,0
2024-08-13,21_22,30.8,0,0
2024-08-13,22_23,30.4,0,0
2024-08-13,23_24,30.1,0,0
2024-08-13,24_28,29.5,0,0
2024-08-14,04_06,28.8,0,0
2024-08-14,06_07,28.3,0,0
2024-08-14,07_08,28.5,0,0
2024-08-14,08_09,29.7,0,0
2024-08-14,09_10,31.1,0,0
2024-08-14,10_11,32.2,0,0
2024-08-14,11_12,33.2,0,0
2024-08-14,12_13,33.1,0,0
2024-08-14,13_14,33.3,0,0
2024-08-14,14_15,34.6,0,0
2024-08-14,15_16,34.7,0,0
2024-08-14,16_17,34.0,1,0
2024-08-14,17_18,30.4,1,0
2024-08-14,18_19,28.0,0,0
2024-08-14,19_20,27.9,0,0
2024-08-14,20_21,27.4,0,0
2024-08-14,21_22,27.5,0,0
2024-08-14,22_23,27.6,0,0
2024-08-14,23_24,27.6,0,0
2024-08-14,24_28,27.7,1,0
2024-08-15,04_06,27.0,0,0
2024-08-15,06_07,26.7,0,0
2024-08-15,07_08,26.9,0,0
2024-08-15,08_09,27.7,0,0
2024-08-15,09_10,29.3,0,0
2024-08-15,10_11,30.1,0,0
2024-08-15,11_12,31.5,0,0
2024-08-15,12_13,32.0,0,0
2024-08-15,13_14,32.5,0,0
2024-08-15,14_15,33.9,0,0
2024-08-15,15_16,34.2,0,0
2024-08-15,16_17,34.5,1,0
2024-08-15,17_18,28.2,0,0
2024-08-15,18_19,28.6,0,0
2024-08-15,19_20,28.5,0,0
2024-08-15,20_21,28.1,0,0
2024-08-15,21_22,28.1,0,0
2024-08-15,22_23,28.1,0,0
2024-08-15,23_24,27.9,0,0
2024-08-15,24_28,27.3,0,0
2024-08-16,04_06,26.8,0,0
2024-08-16,06_07,26.8,0,0
2024-08-16,07_08,27.0,0,0
2024-08-16,08_09,28.4,0,0
2024-08-16,09_10,29.4,0,0
2024-08-16,10_11,30.7,0,0
2024-08-16,11_12,31.9,0,0
2024-08-16,12_13,31.7,0,0
2024-08-16,13_14,33.1,0,0
2024-08-16,14_15,33.9,0,0
2024-08-16,15_16,33.5,0,0
2024-08-16,16_17,33.5,0,0
2024-08-16,17_18,33.5,0,0
2024-08-16,18_19,32.4,0,0
2024-08-16,19_20,30.9,0,0
2024-08-16,20_21,30.1,0,0
2024-08-16,21_22,29.0,0,0
2024-08-16,22_23,28.9,0,0
2024-08-16,23_24,28.6,0,0
2024-08-16,24_28,28.2,0,0
2024-08-17,04_06,27.8,0,0
2024-08-17,06_07,27.2,0,0
2024-08-17,07_08,27.3,0,0
2024-08-17,08_09,28.7,0,0
2024-08-17,09_10,30.0,0,0
2024-08-17,10_11,31.1,0,0
2024-08-17,11_12,32.2,0,0
2024-08-17,12_13,32.6,0,0
2024-08-17,13_14,32.8,0,0
2024-08-17,14_15,33.0,0,0
2024-08-17,15_16,33.7,0,0
2024-08-17,16_17,33.6,0,0
2024-08-17,17_18,32.2,0,0
2024-08-17,18_19,31.4,1,0
2024-08-17,19_20,27.4,0,0
2024-08-17,20_21,27.5,0,0
2024-08-17,21_22,27.6,0,0
2024-08-17,22_23,27.5,0,0
2024-08-17,23_24,27.5,0,0
2024-08-17,24_28,27.2,0,0
2024-08-18,04_06,27.1,0,0
2024-08-18,06_07,27.0,0,0
2024-08-18,07_08,27.3,0,0
2024-08-18,08_09,27.7,0,0
2024-08-18,09_10,29.5,0,0
2024-08-18,10_11,30.2,0,0
2024-08-18,11_12,32.0,0,0
2024-08-18,12_13,32.4,0,0
2024-08-18,13_14,33.6,0,0
2024-08-18,14_15,33.1,0,0
2024-08-18,15_16,31.8,0,0
2024-08-18,16_17,31.3,0,0
2024-08-18,17_18,31.5,0,0
2024-08-18,18_19,30.8,0,0
2024-08-18,19_20,30.5,0,0
2024-08-18,20_21,30.2,0,0
2024-08-18,21_22,29.3,0,0
2024-08-18,22_23,28.4,0,0
2024-08-18,23_24,28.1,0,0
2024-08-18,24_28,27.6,0,0
2024-08-19,04_06,26.8,0,0
2024-08-19,06_07,26.4,0,0
2024-08-19,07_08,26.7,0,0
2024-08-19,08_09,28.2,0,0
2024-08-19,09_10,29.5,0,0
2024-08-19,10_11,30.8,0,0
2024-08-19,11_12,32.3,0,0
2024-08-19,12_13,33.5,0,0
2024-08-19,13_14,34.6,0,0
2024-08-19,14_15,35.2,0,0
2024-08-19,15_16,34.4,0,0
2024-08-19,16_17,34.4,0,0
2024-08-19,17_18,33.6,0,0
2024-08-19,18_19,30.8,1,0
2024-08-19,19_20,27.8,0,0
2024-08-19,20_21,27.7,0,0
2024-08-19,21_22,27.9,0,0
2024-08-19,22_23,27.9,0,0
2024-08-19,23_24,27.9,0,0
2024-08-19,24_28,27.4,0,0
2024-08-20,04_06,27.0,0,0
2024-08-20,06_07,27.0,0,0
2024-08-20,07_08,27.4,0,0
2024-08-20,08_09,29.1,0,0
2024-08-20,09_10,30.4,0,0
2024-08-20,10_11,31.6,0,0
2024-08-20,11_12,32.8,0,0
2024-08-20,12_13,33.6,0,0
2024-08-20,13_14,34.1,0,0
2024-08-20,14_15,35.0,0,0
2024-08-20,15_16,35.1,0,0
2024-08-20,16_17,35.1,0,0
2024-08-20,17_18,34.9,0,0
2024-08-20,18_19,34.3,0,0
2024-08-20,19_20,33.5,0,0
2024-08-20,20_21,32.9,0,0
2024-08-20,21_22,32.5,0,0
2024-08-20,22_23,31.7,0,0
2024-08-20,23_24,31.2,0,0
2024-08-20,24_28,29.6,1,0
2024-08-21,04_06,27.4,1,0
2024-08-21,06_07,27.1,1,0
2024-08-21,07_08,26.9,1,0
2024-08-21,08_09,27.1,1,0
2024-08-21,09_10,27.0,1,0
2024-08-21,10_11,27.2,1,0
2024-08-21,11_12,27.4,1,0
2024-08-21,12_13,27.9,1,0
2024-08-21,13_14,27.9,0,0
2024-08-21,14_15,28.3,0,0
2024-08-21,15_16,29.1,0,0
2024-08-21,16_17,29.6,0,0
2024-08-21,17_18,29.7,0,0
2024-08-21,18_19,29.7,0,0
2024-08-21,19_20,29.8,0,0
2024-08-21,20_21,29.6,0,0
2024-08-21,21_22,29.5,0,0
2024-08-21,22_23,29.2,0,0
2024-08-21,23_24,29.0,0,0
2024-08-21,24_28,28.6,0,0
2024-08-22,04_06,28.2,0,0
2024-08-22,06_07,28.1,0,0
2024-08-22,07_08,28.1,0,0
2024-08-22,08_09,29.2,0,0
2024-08-22,09_10,29.9,0,0
2024-08-22,10_11,30.2,0,0
2024-08-22,11_12,29.8,0,0
2024-08-22,12_13,30.2,0,0
2024-08-22,13_14,30.3,0,0
2024-08-22,14_15,30.2,0,0
2024-08-22,15_16,29.5,1,0
2024-08-22,16_17,29.0,1,0
2024-08-22,17_18,28.5,0,0
2024-08-22,18_19,28.5,1,0
2024-08-22,19_20,27.9,0,0
2024-08-22,20_21,27.7,0,0
2024-08-22,21_22,27.3,0,0
2024-08-22,22_23,27.2,0,0
2024-08-22,23_24,27.1,0,0
2024-08-22,24_28,27.0,0,0
2024-08-23,04_06,26.6,0,0
2024-08-23,06_07,26.4,0,0
2024-08-23,07_08,26.4,0,0
2024-08-23,08_09,26.4,0,0
2024-08-23,09_10,27.0,0,0
2024-08-23,10_11,28.3,0,0
2024-08-23,11_12,29.4,0,0
2024-08-23,12_13,30.3,0,0
2024-08-23,13_14,30.7,0,0
2024-08-23,14_15,31.0,0,0
2024-08-23,15_16,31.3,0,0
2024-08-23,16_17,31.8,0,0
2024-08-23,17_18,31.6,0,0
2024-08-23,18_19,30.7,0,0
2024-08-23,19_20,29.6,0,0
2024-08-23,20_21,28.7,0,0
2024-08-23,21_22,28.0,0,0
2024-08-23,22_23,27.6,0,0
2024-08-23,23_24,27.2,0,0
2024-08-23,24_28,26.4,0,0
2024-08-24,04_06,25.6,0,0
2024-08-24,06_07,25.2,0,0
2024-08-24,07_08,25.3,0,0
2024-08-24,08_09,26.2,0,0
2024-08-24,09_10,27.7,0,0
2024-08-24,10_11,29.2,0,0
2024-08-24,11_12,30.1,1,0
2024-08-24,12_13,29.0,1,0
2024-08-24,13_14,28.1,0,0
2024-08-24,14_15,28.1,1,0
2024-08-24,15_16,29.1,0,0
2024-08-24,16_17,30.1,0,0
2024-08-24,17_18,30.4,0,0
2024-08-24,18_19,29.8,0,0
2024-08-24,19_20,29.3,0,0
2024-08-24,20_21,28.3,0,0
2024-08-24,21_22,27.8,0,0
2024-08-24,22_23,27.3,0,0
2024-08-24,23_24,26.8,0,0
2024-08-24,24_28,26.0,0,0
2024-08-25,04_06,25.4,0,0
2024-08-25,06_07,25.0,0,0
2024-08-25,07_08,25.1,0,0
2024-08-25,08_09,26.1,0,0
2024-08-25,09_10,27.4,0,0
2024-08-25,10_11,28.5,0,0
2024-08-25,11_12,29.4,0,0
2024-08-25,12_13,30.7,0,0
2024-08-25,13_14,31.5,0,0
2024-08-25,14_15,31.5,0,0
2024-08-25,15_16,31.7,0,0
2024-08-25,16_17,32.6,0,0
2024-08-25,17_18,31.8,0,0
2024-08-25,18_19,30.9,0,0
2024-08-25,19_20,30.2,0,0
2024-08-25,20_21,29.5,0,0
2024-08-25,21_22,28.8,0,0
2024-08-25,22_23,28.3,0,0
2024-08-25,23_24,27.9,0,0
2024-08-25,24_28,27.0,0,0
2024-08-26,04_06,26.2,0,0
2024-08-26,06_07,25.7,0,0
2024-08-26,07_08,25.7,0,0
2024-08-26,08_09,26.7,0,0
2024-08-26,09_10,27.2,0,0
2024-08-26,10_11,27.8,0,0
2024-08-26,11_12,29.1,0,0
2024-08-26,12_13,29.7,0,0
2024-08-26,13_14,29.9,0,0
2024-08-26,14_15,29.7,0,0
2024-08-26,15_16,30.5,0,0
2024-08-26,16_17,30.4,0,0
2024-08-26,17_18,29.5,0,0
2024-08-26,18_19,29.3,0,0
2024-08-26,19_20,28.3,0,0
2024-08-26,20_21,28.1,0,0
2024-08-26,21_22,28.1,0,0
2024-08-26,22_23,27.7,0,0
2024-08-26,23_24,27.5,0,0
2024-08-26,24_28,26.9,0,0
2024-08-27,04_06,26.0,0,0
2024-08-27,06_07,25.5,0,0
2024-08-27,07_08,25.3,0,0
2024-08-27,08_09,25.2,0,0
2024-08-27,09_10,25.0,1,0
2024-08-27,10_11,24.7,0,0
2024-08-27,11_12,25.2,0,0
2024-08-27,12_13,25.6,0,0
2024-08-27,13_14,26.0,0,0
2024-08-27,14_15,27.4,0,0
2024-08-27,15_16,28.2,0,0
2024-08-27,16_17,29.4,0,0
2024-08-27,17_18,30.1,0,0
2024-08-27,18_19,29.6,0,0
2024-08-27,19_20,28.4,0,0
2024-08-27,20_21,27.1,0,0
2024-08-27,21_22,26.3,0,0
2024-08-27,22_23,25.8,0,0
2024-08-27,23_24,25.4,0,0
2024-08-27,24_28,24.6,0,0
2024-08-28,04_06,23.5,0,0
2024-08-28,06_07,23.0,0,0
2024-08-28,07_08,23.2,0,0
2024-08-28,08_09,25.4,0,0
2024-08-28,09_10,27.0,0,0
2024-08-28,10_11,28.7,0,0
2024-08-28,11_12,29.9,0,0
2024-08-28,12_13,30.7,0,0
2024-08-28,13_14,31.6,0,0
2024-08-28,14_15,32.5,0,0
2024-08-28,15_16,32.5,0,0
2024-08-28,16_17,32.8,0,0
2024-08-28,17_18,32.5,0,0
2024-08-28,18_19,32.0,0,0
2024-08-28,19_20,30.9,0,0
2024-08-28,20_21,30.0,0,0
2024-08-28,21_22,29.3,0,0
2024-08-28,22_23,28.5,0,0
2024-08-28,23_24,27.7,0,0
2024-08-28,24_28,26.1,0,0
2024-08-29,04_06,24.3,0,0
2024-08-29,06_07,23.6,0,0
2024-08-29,07_08,23.7,0,0
2024-08-29,08_09,25.6,0,0
2024-08-29,09_10,27.2,0,0
2024-08-29,10_11,28.8,0,0
2024-08-29,11_12,30.3,0,0
2024-08-29,12_13,31.4,0,0
2024-08-29,13_14,32.6,0,0
2024-08-29,14_15,33.0,0,0
2024-08-29,15_16,33.3,0,0
2024-08-29,16_17,33.2,0,0
2024-08-29,17_18,32.8,0,0
2024-08-29,18_19,31.7,0,0
2024-08-29,19_20,30.2,0,0
2024-08-29,20_21,29.1,0,0
2024-08-29,21_22,28.0,0,0
2024-08-29,22_23,27.6,0,0
2024-08-29,23_24,27.1,0,0
2024-08-29,24_28,25.8,0,0
2024-08-30,04_06,24.4,0,0
2024-08-30,06_07,23.8,0,0
2024-08-30,07_08,23.8,0,0
2024-08-30,08_09,25.6,0,0
2024-08-30,09_10,27.5,0,0
2024-08-30,10_11,29.3,0,0
2024-08-30,11_12,30.3,0,0
2024-08-30,12_13,31.0,0,0
2024-08-30,13_14,32.0,0,0
2024-08-30,14_15,32.7,0,0
2024-08-30,15_16,32.4,0,0
2024-08-30,16_17,32.3,0,0
2024-08-30,17_18,32.3,0,0
2024-08-30,18_19,31.4,0,0
2024-08-30,19_20,29.6,0,0
2024-08-30,20_21,28.1,0,0
2024-08-30,21_22,27.2,0,0
2024-08-30,22_23,26.8,0,0
2024-08-30,23_24,26.5,0,0
2024-08-30,24_28,25.0,0,0
2024-08-31,04_06,23.4,0,0
2024-08-31,06_07,22.8,0,0
2024-08-31,07_08,22.8,0,0
2024-08-31,08_09,23.9,0,0
2024-08-31,09_10,25.8,0,0
2024-08-31,10_11,27.3,0,0
2024-08-31,11_12,28.8,0,0
2024-08-31,12_13,30.4,0,0
2024-08-31,13_14,31.5,0,0
2024-08-31,14_15,32.2,0,0
2024-08-31,15_16,32.5,0,0
2024-08-31,16_17,32.9,0,0
2024-08-31,17_18,32.7,0,0
2024-08-31,18_19,31.3,0,0
2024-08-31,19_20,29.7,0,0
2024-08-31,20_21,28.8,0,0
2024-08-31,21_22,27.9,0,0
2024-08-31,22_23,27.4,0,0
2024-08-31,23_24,26.7,0,0
2024-08-31,24_28,25.6,0,0
2024-09-01,04_06,24.8,0,0
2024-09-01,06_07,24.6,0,0
2024-09-01,07_08,24.7,0,0
2024-09-01,08_09,25.3,0,0
2024-09-01,09_10,26.3,0,0
2024-09-01,10_11,27.9,0,0
2024-09-01,11_12,28.5,0,0
2024-09-01,12_13,29.2,0,0
2024-09-01,13_14,30.7,0,0
2024-09-01,14_15,30.9,0,0
2024-09-01,15_16,31.5,0,0
2024-09-01,16_17,30.9,0,0
2024-09-01,17_18,29.7,0,0
2024-09-01,18_19,28.5,0,0
2024-09-01,19_20,27.5,0,0
2024-09-01,20_21,27.0,0,0
2024-09-01,21_22,26.3,0,0
2024-09-01,22_23,25.9,0,0
2024-09-01,23_24,25.5,0,0
2024-09-01,24_28,24.5,0,0
2024-09-02,04_06,23.7,1,0
2024-09-02,06_07,22.6,1,0
2024-09-02,07_08,22.3,0,0
2024-09-02,08_09,22.5,0,0
2024-09-02,09_10,22.8,0,0
2024-09-02,10_11,23.3,0,0
2024-09-02,11_12,23.8,0,0
2024-09-02,12_13,24.0,0,0
2024-09-02,13_14,24.5,0,0
2024-09-02,14_15,25.2,0,0
2024-09-02,15_16,25.6,0,0
2024-09-02,16_17,26.6,0,0
2024-09-02,17_18,26.8,0,0
2024-09-02,18_19,26.8,0,0
2024-09-02,19_20,26.3,0,0
2024-09-02,20_21,25.8,0,0
2024-09-02,21_22,25.5,0,0
2024-09-02,22_23,25.2,0,0
2024-09-02,23_24,24.8,0,0
2024-09-02,24_28,24.0,0,0
2024-09-03,04_06,23.5,0,0
2024-09-03,06_07,23.3,0,0
2024-09-03,07_08,23.2,0,0
2024-09-03,08_09,24.0,0,0
2024-09-03,09_10,25.6,0,0
2024-09-03,10_11,26.9,0,0
2024-09-03,11_12,27.9,0,0
2024-09-03,12_13,29.1,0,0
2024-09-03,13_14,30.1,0,0
2024-09-03,14_15,31.1,0,0
2024-09-03,15_16,31.9,0,0
2024-09-03,16_17,30.8,0,0
2024-09-03,17_18,30.9,0,0
2024-09-03,18_19,30.0,0,0
2024-09-03,19_20,29.0,0,0
2024-09-03,20_21,28.1,0,0
2024-09-03,21_22,27.1,0,0
2024-09-03,22_23,26.3,0,0
2024-09-03,23_24,25.9,0,0
2024-09-03,24_28,24.8,0,0
2024-09-04,04_06,23.8,0,0
2024-09-04,06_07,23.2,0,0
2024-09-04,07_08,23.4,0,0
2024-09-04,08_09,24.5,0,0
2024-09-04,09_10,26.1,0,0
2024-09-04,10_11,27.7,0,0
2024-09-04,11_12,29.1,0,0
2024-09-04,12_13,30.3,0,0
2024-09-04,13_14,31.6,0,0
2024-09-04,14_15,32.0,0,0
2024-09-04,15_16,32.6,0,0
2024-09-04,16_17,33.3,0,0
2024-09-04,17_18,32.2,0,0
2024-09-04,18_19,31.7,0,0
2024-09-04,19_20,30.1,0,0
2024-09-04,20_21,28.8,0,0
2024-09-04,21_22,28.0,0,0
2024-09-04,22_23,27.6,0,0
2024-09-04,23_24,27.2,0,0
2024-09-04,24_28,26.7,0,0
2024-09-05,04_06,26.0,0,0
2024-09-05,06_07,26.2,0,0
2024-09-05,07_08,26.3,0,0
2024-09-05,08_09,26.7,0,0
2024-09-05,09_10,27.5,0,0
2024-09-05,10_11,28.1,0,0
2024-09-05,11_12,28.6,1,0
2024-09-05,12_13,26.6,1,0
2024-09-05,13_14,26.1,1,0
2024-09-05,14_15,26.1,1,0
2024-09-05,15_16,25.9,1,0
2024-09-05,16_17,26.2,0,0
2024-09-05,17_18,26.2,0,0
2024-09-05,18_19,26.2,0,0
2024-09-05,19_20,25.7,0,0
2024-09-05,20_21,25.6,0,0
2024-09-05,21_22,25.7,0,0
2024-09-05,22_23,25.7,0,0
2024-09-05,23_24,25.8,0,0
2024-09-05,24_28,25.4,1,0
2024-09-06,04_06,24.4,1,0
2024-09-06,06_07,23.8,0,0
2024-09-06,07_08,23.9,0,0
2024-09-06,08_09,24.1,0,0
2024-09-06,09_10,24.6,0,0
2024-09-06,10_11,24.6,1,0
2024-09-06,11_12,24.1,1,0
2024-09-06,12_13,23.5,1,0
2024-09-06,13_14,23.4,0,0
2024-09-06,14_15,23.4,0,0
2024-09-06,15_16,24.0,0,0
2024-09-06,16_17,24.4,0,0
2024-09-06,17_18,24.3,0,0
2024-09-06,18_19,24.1,0,0
2024-09-06,19_20,23.8,0,0
2024-09-06,20_21,23.7,0,0
2024-09-06,21_22,23.7,0,0
2024-09-06,22_23,23.5,0,0
2024-09-06,23_24,23.4,0,0
2024-09-06,24_28,23.2,0,0
2024-09-07,04_06,23.0,0,0
2024-09-07,06_07,23.0,0,0
2024-09-07,07_08,22.9,0,0
2024-09-07,08_09,23.6,0,0
2024-09-07,09_10,25.0,0,0
2024-09-07,10_11,25.9,0,0
2024-09-07,11_12,27.7,0,0
2024-09-07,12_13,29.0,0,0
2024-09-07,13_14,30.1,0,0
2024-09-07,14_15,30.1,0,0
2024-09-07,15_16,31.0,0,0
2024-09-07,16_17,30.9,0,0
2024-09-07,17_18,30.8,0,0
2024-09-07,18_19,29.5,0,0
2024-09-07,19_20,28.1,0,0
2024-09-07,20_21,27.1,0,0
2024-09-07,21_22,26.4,0,0
2024-09-07,22_23,25.5,0,0
2024-09-07,23_24,24.9,0,0
2024-09-07,24_28,24.2,0,0
2024-09-08,04_06,23.3,0,0
2024-09-08,06_07,22.8,0,0
2024-09-08,07_08,22.7,0,0
2024-09-08,08_09,23.9,0,0
2024-09-08,09_10,25.7,0,0
2024-09-08,10_11,27.3,0,0
2024-09-08,11_12,29.0,0,0
2024-09-08,12_13,30.1,0,0
2024-09-08,13_14,31.4,0,0
2024-09-08,14_15,31.2,0,0
2024-09-08,15_16,32.3,0,0
2024-09-08,16_17,32.4,0,0
2024-09-08,17_18,31.6,0,0
2024-09-08,18_19,30.0,0,0
2024-09-08,19_20,28.4,0,0
2024-09-08,20_21,27.7,0,0
2024-09-08,21_22,27.2,0,0
2024-09-08,22_23,26.6,0,0
2024-09-08,23_24,26.3,0,0
2024-09-08,24_28,25.2,0,0
2024-09-09,04_06,24.2,0,0
2024-09-09,06_07,24.2,0,0
2024-09-09,07_08,24.6,0,0
2024-09-09,08_09,26.0,0,0
2024-09-09,09_10,27.9,0,0
2024-09-09,10_11,29.5,0,0
2024-09-09,11_12,30.2,0,0
2024-09-09,12_13,30.8,0,0
2024-09-09,13_14,32.2,0,0
2024-09-09,14_15,33.6,0,0
2024-09-09,15_16,33.5,0,0
2024-09-09,16_17,32.5,0,0
2024-09-09,17_18,31.7,0,0
2024-09-09,18_19,31.2,0,0
2024-09-09,19_20,30.0,0,0
2024-09-09,20_21,29.1,0,0
2024-09-09,21_22,28.6,0,0
2024-09-09,22_23,28.2,0,0
2024-09-09,23_24,27.7,0,0
2024-09-09,24_28,26.8,0,0
2024-09-10,04_06,26.0,0,0
2024-09-10,06_07,25.6,0,0
2024-09-10,07_08,25.7,0,0
2024-09-10,08_09,27.0,0,0
2024-09-10,09_10,28.8,0,0
2024-09-10,10_11,30.1,0,0
2024-09-10,11_12,31.5,0,0
2024-09-10,12_13,32.6,0,0
2024-09-10,13_14,32.6,0,0
2024-09-10,14_15,32.5,0,0
2024-09-10,15_16,33.4,0,0
2024-09-10,16_17,33.8,0,0
2024-09-10,17_18,33.3,0,0
2024-09-10,18_19,32.2,0,0
2024-09-10,19_20,30.4,0,0
2024-09-10,20_21,29.6,0,0
2024-09-10,21_22,28.9,0,0
2024-09-10,22_23,28.7,0,0
2024-09-10,23_24,28.2,0,0
2024-09-10,24_28,27.0,0,0
2024-09-11,04_06,25.9,0,0
2024-09-11,06_07,25.5,0,0
2024-09-11,07_08,25.7,0,0
2024-09-11,08_09,27.3,0,0
2024-09-11,09_10,29.3,0,0
2024-09-11,10_11,31.4,0,0
2024-09-11,11_12,32.5,0,0
2024-09-11,12_13,33.6,0,0
2024-09-11,13_14,34.5,0,0
2024-09-11,14_15,33.9,0,0
2024-09-11,15_16,32.8,0,0
2024-09-11,16_17,31.6,0,0
2024-09-11,17_18,29.7,0,0
2024-09-11,18_19,29.1,0,0
2024-09-11,19_20,28.8,0,0
2024-09-11,20_21,28.5,0,0
2024-09-11,21_22,28.3,0,0
2024-09-11,22_23,28.4,0,0
2024-09-11,23_24,27.9,1,0
2024-09-11,24_28,26.5,1,0
2024-09-12,04_06,25.9,1,0
2024-09-12,06_07,25.3,1,0
2024-09-12,07_08,25.3,1,0
2024-09-12,08_09,25.4,1,0
2024-09-12,09_10,25.5,1,0
2024-09-12,10_11,25.4,1,0
2024-09-12,11_12,25.6,0,0
2024-09-12,12_13,26.0,0,0
2024-09-12,13_14,26.3,1,0
2024-09-12,14_15,26.0,1,0
2024-09-12,15_16,25.5,1,0
2024-09-12,16_17,25.3,1,0
2024-09-12,17_18,25.3,1,0
2024-09-12,18_19,25.2,0,0
2024-09-12,19_20,25.1,0,0
2024-09-12,20_21,25.0,0,0
2024-09-12,21_22,24.9,0,0
2024-09-12,22_23,24.8,0,0
2024-09-12,23_24,24.8,0,0
2024-09-12,24_28,24.6,1,0
2024-09-13,04_06,24.2,1,0
2024-09-13,06_07,24.2,0,0
2024-09-13,07_08,24.4,0,0
2024-09-13,08_09,25.0,0,0
2024-09-13,09_10,25.7,0,0
2024-09-13,10_11,26.7,0,0
2024-09-13,11_12,27.3,1,0
2024-09-13,12_13,27.5,0,0
2024-09-13,13_14,27.9,1,0
2024-09-13,14_15,27.3,1,0
2024-09-13,15_16,26.9,1,0
2024-09-13,16_17,26.1,1,0
2024-09-13,17_18,26.4,0,0
2024-09-13,18_19,26.7,1,0
2024-09-13,19_20,26.6,0,0
2024-09-13,20_21,26.2,1,0
2024-09-13,21_22,26.1,1,0
2024-09-13,22_23,26.0,1,0
2024-09-13,23_24,26.1,1,0
2024-09-13,24_28,26.0,0,0
2024-09-14,04_06,25.5,0,0
2024-09-14,06_07,25.3,0,0
2024-09-14,07_08,25.2,0,0
2024-09-14,08_09,25.5,0,0
2024-09-14,09_10,27.1,0,0
2024-09-14,10_11,27.9,0,0
2024-09-14,11_12,29.4,0,0
2024-09-14,12_13,29.9,0,0
2024-09-14,13_14,29.1,0,0
2024-09-14,14_15,30.2,0,0
2024-09-14,15_16,31.3,0,0
2024-09-14,16_17,31.7,0,0
2024-09-14,17_18,31.1,0,0
2024-09-14,18_19,30.3,0,0
2024-09-14,19_20,29.0,0,0
2024-09-14,20_21,28.1,0,0
2024-09-14,21_22,27.6,0,0
2024-09-14,22_23,27.2,0,0
2024-09-14,23_24,26.9,0,0
2024-09-14,24_28,26.1,0,0
2024-09-15,04_06,25.4,0,0
2024-09-15,06_07,25.0,0,0
2024-09-15,07_08,25.1,0,0
2024-09-15,08_09,26.3,0,0
2024-09-15,09_10,27.3,0,0
2024-09-15,10_11,28.8,0,0
2024-09-15,11_12,29.4,0,0
2024-09-15,12_13,30.7,0,0
2024-09-15,13_14,31.1,0,0
2024-09-15,14_15,32.0,0,0
2024-09-15,15_16,32.1,0,0
2024-09-15,16_17,31.8,0,0
2024-09-15,17_18,30.8,0,0
2024-09-15,18_19,28.9,0,0
2024-09-15,19_20,27.7,0,0
2024-09-15,20_21,26.6,0,0
2024-09-15,21_22,25.8,0,0
2024-09-15,22_23,25.1,0,0
2024-09-15,23_24,24.6,0,0
2024-09-15,24_28,23.8,0,0
2024-09-16,04_06,23.6,1,0
2024-09-16,06_07,22.0,1,0
2024-09-16,07_08,21.4,1,0
2024-09-16,08_09,21.5,0,0
2024-09-16,09_10,22.6,0,0
2024-09-16,10_11,23.3,0,0
2024-09-16,11_12,26.1,0,0
2024-09-16,12_13,27.8,0,0
2024-09-16,13_14,28.8,0,0
2024-09-16,14_15,31.1,0,0
2024-09-16,15_16,32.2,0,0
2024-09-16,16_17,31.7,0,0
2024-09-16,17_18,31.5,0,0
2024-09-16,18_19,30.6,0,0
2024-09-16,19_20,29.4,0,0
2024-09-16,20_21,28.8,0,0
2024-09-16,21_22,28.3,0,0
2024-09-16,22_23,28.1,0,0
2024-09-16,23_24,27.8,0,0
2024-09-16,24_28,27.1,0,0
2024-09-17,04_06,26.2,0,0
2024-09-17,06_07,25.8,0,0
2024-09-17,07_08,25.9,0,0
2024-09-17,08_09,26.3,0,0
2024-09-17,09_10,27.0,0,0
2024-09-17,10_11,28.2,0,0
2024-09-17,11_12,29.7,0,0
2024-09-17,12_13,31.7,0,0
2024-09-17,13_14,32.4,0,0
2024-09-17,14_15,33.1,0,0
2024-09-17,15_16,32.8,0,0
2024-09-17,16_17,32.0,0,0
2024-09-17,17_18,31.3,0,0
2024-09-17,18_19,29.6,0,0
2024-09-17,19_20,28.7,0,0
2024-09-17,20_21,28.3,0,0
2024-09-17,21_22,28.2,0,0
2024-09-17,22_23,27.9,0,0
2024-09-17,23_24,27.5,0,0
2024-09-17,24_28,26.9,0,0
2024-09-18,04_06,26.6,0,0
2024-09-18,06_07,26.5,0,0
2024-09-18,07_08,26.7,0,0
2024-09-18,08_09,27.3,0,0
2024-09-18,09_10,28.0,0,0
2024-09-18,10_11,30.1,0,0
2024-09-18,11_12,31.5,0,0
2024-09-18,12_13,31.7,0,0
2024-09-18,13_14,32.4,0,0
2024-09-18,14_15,32.8,0,0
2024-09-18,15_16,32.9,0,0
2024-09-18,16_17,33.0,0,0
2024-09-18,17_18,33.1,0,0
2024-09-18,18_19,31.7,0,0
2024-09-18,19_20,30.7,0,0
2024-09-18,20_21,30.2,0,0
2024-09-18,21_22,29.9,0,0
2024-09-18,22_23,29.5,1,0
2024-09-18,23_24,28.4,0,0
2024-09-18,24_28,27.1,0,0
2024-09-19,04_06,26.0,0,0
2024-09-19,06_07,25.8,0,0
2024-09-19,07_08,25.7,0,0
2024-09-19,08_09,26.2,0,0
2024-09-19,09_10,27.2,0,0
2024-09-19,10_11,28.1,0,0
2024-09-19,11_12,29.5,0,0
2024-09-19,12_13,31.1,0,0
2024-09-19,13_14,31.3,0,0
2024-09-19,14_15,31.7,0,0
2024-09-19,15_16,32.3,0,0
2024-09-19,16_17,31.9,0,0
2024-09-19,17_18,31.9,0,0
2024-09-19,18_19,31.5,0,0
2024-09-19,19_20,30.6,0,0
2024-09-19,20_21,30.1,0,0
2024-09-19,21_22,29.6,0,0
2024-09-19,22_23,29.4,0,0
2024-09-19,23_24,29.1,0,0
2024-09-19,24_28,28.4,1,0
2024-09-20,04_06,25.9,1,0
2024-09-20,06_07,25.5,1,0
2024-09-20,07_08,25.6,0,0
2024-09-20,08_09,25.8,0,0
2024-09-20,09_10,26.3,0,0
2024-09-20,10_11,27.2,1,0
2024-09-20,11_12,27.1,1,0
2024-09-20,12_13,27.3,0,0
2024-09-20,13_14,27.8,1,0
2024-09-20,14_15,26.9,1,0
2024-09-20,15_16,26.0,1,0
2024-09-20,16_17,25.8,1,0
2024-09-20,17_18,25.8,1,0
2024-09-20,18_19,25.8,1,0
2024-09-20,19_20,26.0,1,0
2024-09-20,20_21,25.9,1,0
2024-09-20,21_22,23.3,1,0
2024-09-20,22_23,20.2,1,0
2024-09-20,23_24,18.6,1,0
2024-09-20,24_28,17.7,1,0
2024-09-21,04_06,17.5,1,0
2024-09-21,06_07,17.3,1,0
2024-09-21,07_08,17.2,1,0
2024-09-21,08_09,17.1,1,0
2024-09-21,09_10,17.2,1,0
2024-09-21,10_11,17.8,0,0
2024-09-21,11_12,18.6,0,0
2024-09-21,12_13,20.2,0,0
2024-09-21,13_14,21.1,0,0
2024-09-21,14_15,21.6,0,0
2024-09-21,15_16,21.7,0,0
2024-09-21,16_17,21.9,0,0
2024-09-21,17_18,21.8,0,0
2024-09-21,18_19,21.5,0,0
2024-09-21,19_20,20.7,0,0
2024-09-21,20_21,20.3,0,0
2024-09-21,21_22,20.0,0,0
2024-09-21,22_23,19.7,0,0
2024-09-21,23_24,19.2,0,0
2024-09-21,24_28,18.2,0,0
2024-09-22,04_06,17.2,0,0
2024-09-22,06_07,17.1,0,0
2024-09-22,07_08,17.2,0,0
2024-09-22,08_09,18.4,0,0
2024-09-22,09_10,20.5,0,0
2024-09-22,10_11,21.9,0,0
2024-09-22,11_12,23.5,0,0
2024-09-22,12_13,23.9,0,0
2024-09-22,13_14,25.1,0,0
2024-09-22,14_15,25.6,0,0
2024-09-22,15_16,26.1,0,0
2024-09-22,16_17,26.2,0,0
2024-09-22,17_18,25.6,0,0
2024-09-22,18_19,23.6,0,0
2024-09-22,19_20,22.2,0,0
2024-09-22,20_21,21.1,0,0
2024-09-22,21_22,20.5,0,0
2024-09-22,22_23,19.9,0,0
2024-09-22,23_24,19.5,0,0
2024-09-22,24_28,18.2,0,0
2024-09-23,04_06,17.0,0,0
2024-09-23,06_07,16.7,0,0
2024-09-23,07_08,16.7,0,0
2024-09-23,08_09,18.2,0,0
2024-09-23,09_10,19.9,0,0
2024-09-23,10_11,21.3,0,0
2024-09-23,11_12,22.7,0,0
2024-09-23,12_13,23.9,0,0
2024-09-23,13_14,24.5,0,0
2024-09-23,14_15,25.2,0,0
2024-09-23,15_16,25.9,0,0
2024-09-23,16_17,25.9,0,0
2024-09-23,17_18,25.3,0,0
2024-09-23,18_19,24.0,0,0
2024-09-23,19_20,22.2,0,0
2024-09-23,20_21,21.0,0,0
2024-09-23,21_22,20.2,0,0
2024-09-23,22_23,19.5,0,0
2024-09-23,23_24,18.8,0,0
2024-09-23,24_28,17.7,0,0
2024-09-24,04_06,16.3,0,0
2024-09-24,06_07,15.8,0,0
2024-09-24,07_08,15.7,0,0
2024-09-24,08_09,17.4,0,0
2024-09-24,09_10,19.4,0,0
2024-09-24,10_11,21.2,0,0
2024-09-24,11_12,22.9,0,0
2024-09-24,12_13,23.9,0,0
2024-09-24,13_14,25.0,0,0
2024-09-24,14_15,25.7,0,0
2024-09-24,15_16,26.6,0,0
2024-09-24,16_17,26.5,0,0
2024-09-24,17_18,26.3,0,0
2024-09-24,18_19,24.9,0,0
2024-09-24,19_20,23.3,0,0
2024-09-24,20_21,22.2,0,0
2024-09-24,21_22,21.1,0,0
2024-09-24,22_23,20.3,0,0
2024-09-24,23_24,19.8,0,0
2024-09-24,24_28,19.0,0,0
2024-09-25,04_06,19.0,0,0
2024-09-25,06_07,19.2,0,0
2024-09-25,07_08,19.2,0,0
2024-09-25,08_09,20.5,0,0
2024-09-25,09_10,22.0,0,0
2024-09-25,10_11,22.8,0,0
2024-09-25,11_12,24.1,0,0
2024-09-25,12_13,26.2,0,0
2024-09-25,13_14,26.8,0,0
2024-09-25,14_15,26.3,0,0
2024-09-25,15_16,26.7,0,0
2024-09-25,16_17,27.0,0,0
2024-09-25,17_18,27.0,0,0
2024-09-25,18_19,26.2,0,0
2024-09-25,19_20,25.1,0,0
2024-09-25,20_21,24.4,0,0
2024-09-25,21_22,24.0,0,0
2024-09-25,22_23,23.8,0,0
2024-09-25,23_24,23.5,0,0
2024-09-25,24_28,22.4,1,0
2024-09-26,04_06,21.8,1,0
2024-09-26,06_07,21.4,1,0
2024-09-26,07_08,21.2,0,0
2024-09-26,08_09,21.5,0,0
2024-09-26,09_10,22.0,0,0
2024-09-26,10_11,24.0,0,0
2024-09-26,11_12,24.9,0,0
2024-09-26,12_13,25.7,0,0
2024-09-26,13_14,26.2,0,0
2024-09-26,14_15,27.2,0,0
2024-09-26,15_16,27.9,0,0
2024-09-26,16_17,27.0,0,0
2024-09-26,17_18,26.7,0,0
2024-09-26,18_19,25.4,0,0
2024-09-26,19_20,24.2,0,0
2024-09-26,20_21,23.4,0,0
2024-09-26,21_22,22.7,0,0
2024-09-26,22_23,22.3,0,0
2024-09-26,23_24,21.9,0,0
2024-09-26,24_28,21.0,0,0
2024-09-27,04_06,19.8,0,0
2024-09-27,06_07,19.3,0,0
2024-09-27,07_08,19.2,0,0
2024-09-27,08_09,20.1,0,0
2024-09-27,09_10,21.6,0,0
2024-09-27,10_11,22.8,0,0
2024-09-27,11_12,23.4,0,0
2024-09-27,12_13,24.8,0,0
2024-09-27,13_14,26.3,0,0
2024-09-27,14_15,26.7,0,0
2024-09-27,15_16,27.6,0,0
2024-09-27,16_17,27.9,0,0
2024-09-27,17_18,27.3,0,0
2024-09-27,18_19,25.6,0,0
2024-09-27,19_20,23.9,0,0
2024-09-27,20_21,22.8,0,0
2024-09-27,21_22,22.0,0,0
2024-09-27,22_23,21.4,0,0
2024-09-27,23_24,20.9,0,0
2024-09-27,24_28,20.4,0,0
2024-09-28,04_06,20.0,0,0
2024-09-28,06_07,19.3,0,0
2024-09-28,07_08,19.4,0,0
2024-09-28,08_09,20.7,0,0
2024-09-28,09_10,22.3,0,0
2024-09-28,10_11,23.8,0,0
2024-09-28,11_12,25.2,0,0
2024-09-28,12_13,26.1,0,0
2024-09-28,13_14,27.1,0,0
2024-09-28,14_15,27.9,0,0
2024-09-28,15_16,27.0,0,0
2024-09-28,16_17,27.3,0,0
2024-09-28,17_18,26.8,0,0
2024-09-28,18_19,25.8,0,0
2024-09-28,19_20,24.6,0,0
2024-09-28,20_21,23.8,0,0
2024-09-28,21_22,23.2,0,0
2024-09-28,22_23,22.4,0,0
2024-09-28,23_24,21.8,0,0
2024-09-28,24_28,20.7,0,0
2024-09-29,04_06,19.5,0,0
2024-09-29,06_07,19.3,0,0
2024-09-29,07_08,19.2,0,0
2024-09-29,08_09,19.7,0,0
2024-09-29,09_10,21.2,0,0
2024-09-29,10_11,23.6,0,0
2024-09-29,11_12,25.0,0,0
2024-09-29,12_13,26.8,0,0
2024-09-29,13_14,27.6,0,0
2024-09-29,14_15,28.5,0,0
2024-09-29,15_16,28.9,0,0
2024-09-29,16_17,27.8,0,0
2024-09-29,17_18,27.3,0,0
2024-09-29,18_19,26.3,0,0
2024-09-29,19_20,25.3,0,0
2024-09-29,20_21,24.5,0,0
2024-09-29,21_22,23.5,0,0
2024-09-29,22_23,22.8,0,0
2024-09-29,23_24,22.1,0,0
2024-09-29,24_28,20.7,0,0
2024-09-30,04_06,19.1,0,0
2024-09-30,06_07,18.5,0,0
2024-09-30,07_08,18.5,0,0
2024-09-30,08_09,19.8,0,0
2024-09-30,09_10,21.7,0,0
2024-09-30,10_11,23.5,0,0
2024-09-30,11_12,24.5,0,0
2024-09-30,12_13,26.5,0,0
2024-09-30,13_14,27.9,0,0
2024-09-30,14_15,27.2,0,0
2024-09-30,15_16,28.1,0,0
2024-09-30,16_17,28.1,0,0
2024-09-30,17_18,26.3,0,0
2024-09-30,18_19,24.6,0,0
2024-09-30,19_20,23.6,0,0
2024-09-30,20_21,23.1,0,0
2024-09-30,21_22,22.6,0,0
2024-09-30,22_23,22.1,0,0
2024-09-30,23_24,21.8,0,0
2024-09-30,24_28,21.4,0,0
2024-10-01,04_06,21.1,1,0
2024-10-01,06_07,20.7,1,0
2024-10-01,07_08,20.5,1,0
2024-10-01,08_09,20.6,0,0
2024-10-01,09_10,20.5,1,0
2024-10-01,10_11,18.6,0,0
2024-10-01,11_12,18.7,0,0
2024-10-01,12_13,18.8,0,0
2024-10-01,13_14,18.6,0,0
2024-10-01,14_15,19.2,0,0
2024-10-01,15_16,19.0,0,0
2024-10-01,16_17,19.6,0,0
2024-10-01,17_18,19.6,0,0
2024-10-01,18_19,18.3,0,0
2024-10-01,19_20,17.0,0,0
2024-10-01,20_21,15.9,0,0
2024-10-01,21_22,15.1,0,0
2024-10-01,22_23,14.4,0,0
2024-10-01,23_24,14.0,0,0
2024-10-01,24_28,12.8,0,0
2024-10-02,04_06,12.3,0,0
2024-10-02,06_07,12.1,0,0
2024-10-02,07_08,11.7,0,0
2024-10-02,08_09,11.7,0,0
2024-10-02,09_10,13.2,0,0
2024-10-02,10_11,14.6,0,0
2024-10-02,11_12,16.2,0,0
2024-10-02,12_13,17.2,0,0
2024-10-02,13_14,18.1,0,0
2024-10-02,14_15,18.7,0,0
2024-10-02,15_16,19.2,0,0
2024-10-02,16_17,19.3,0,0
2024-10-02,17_18,18.9,0,0
2024-10-02,18_19,17.1,0,0
2024-10-02,19_20,16.3,0,0
2024-10-02,20_21,15.7,0,0
2024-10-02,21_22,14.9,0,0
2024-10-02,22_23,14.0,0,0
2024-10-02,23_24,12.9,0,0
2024-10-02,24_28,11.7,0,0
2024-10-03,04_06,11.0,0,0
2024-10-03,06_07,10.9,0,0
2024-10-03,07_08,10.9,0,0
2024-10-03,08_09,12.5,0,0
2024-10-03,09_10,16.1,0,0
2024-10-03,10_11,18.3,0,0
2024-10-03,11_12,20.0,0,0
2024-10-03,12_13,21.1,0,0
2024-10-03,13_14,22.1,0,0
2024-10-03,14_15,21.4,0,0
2024-10-03,15_16,21.2,0,0
2024-10-03,16_17,20.7,0,0
2024-10-03,17_18,20.6,0,0
2024-10-03,18_19,19.5,0,0
2024-10-03,19_20,18.7,0,0
2024-10-03,20_21,17.7,0,0
2024-10-03,21_22,16.6,0,0
2024-10-03,22_23,15.9,0,0
2024-10-03,23_24,15.3,0,0
2024-10-03,24_28,13.9,0,0
2024-10-04,04_06,13.0,0,0
2024-10-04,06_07,12.3,0,0
2024-10-04,07_08,11.9,0,0
2024-10-04,08_09,13.3,0,0
2024-10-04,09_10,15.9,0,0
2024-10-04,10_11,18.1,0,0
2024-10-04,11_12,20.2,0,0
2024-10-04,12_13,21.3,0,0
2024-10-04,13_14,22.4,0,0
2024-10-04,14_15,23.8,0,0
2024-10-04,15_16,24.0,0,0
2024-10-04,16_17,23.6,0,0
2024-10-04,17_18,23.0,0,0
2024-10-04,18_19,20.8,0,0
2024-10-04,19_20,19.6,0,0
2024-10-04,20_21,18.8,0,0
2024-10-04,21_22,17.6,0,0
2024-10-04,22_23,17.6,0,0
2024-10-04,23_24,16.5,0,0
2024-10-04,24_28,14.5,0,0
2024-10-05,04_06,12.5,0,0
2024-10-05,06_07,11.7,0,0
2024-10-05,07_08,11.6,0,0
2024-10-05,08_09,12.7,0,0
2024-10-05,09_10,15.7,0,0
2024-10-05,10_11,17.6,0,0
2024-10-05,11_12,20.2,0,0
2024-10-05,12_13,21.6,0,0
2024-10-05,13_14,22.8,0,0
2024-10-05,14_15,23.6,0,0
2024-10-05,15_16,24.0,0,0
2024-10-05,16_17,23.9,0,0
2024-10-05,17_18,22.7,0,0
2024-10-05,18_19,20.8,0,0
2024-10-05,19_20,19.3,0,0
2024-10-05,20_21,17.9,0,0
2024-10-05,21_22,17.1,0,0
2024-10-05,22_23,16.4,0,0
2024-10-05,23_24,15.9,0,0
2024-10-05,24_28,14.4,0,0
2024-10-06,04_06,12.8,0,0
2024-10-06,06_07,12.4,0,0
2024-10-06,07_08,12.7,0,0
2024-10-06,08_09,13.6,0,0
2024-10-06,09_10,14.6,0,0
2024-10-06,10_11,15.4,0,0
2024-10-06,11_12,16.2,0,0
2024-10-06,12_13,16.6,0,0
2024-10-06,13_14,16.9,0,0
2024-10-06,14_15,17.4,0,0
2024-10-06,15_16,17.9,0,0
2024-10-06,16_17,17.3,0,0
2024-10-06,17_18,16.9,0,0
2024-10-06,18_19,16.9,0,0
2024-10-06,19_20,16.6,0,0
2024-10-06,20_21,16.6,0,0
2024-10-06,21_22,16.4,0,0
2024-10-06,22_23,15.8,0,0
2024-10-06,23_24,15.0,0,0
2024-10-06,24_28,14.5,0,0
2024-10-07,04_06,14.2,0,0
2024-10-07,06_07,14.2,0,0
2024-10-07,07_08,14.0,0,0
2024-10-07,08_09,14.3,0,0
2024-10-07,09_10,15.7,0,0
2024-10-07,10_11,17.7,0,0
2024-10-07,11_12,18.8,0,0
2024-10-07,12_13,19.4,0,0
2024-10-07,13_14,20.5,0,0
2024-10-07,14_15,20.3,0,0
2024-10-07,15_16,20.4,0,0
2024-10-07,16_17,19.6,0,0
2024-10-07,17_18,19.3,0,0
2024-10-07,18_19,18.7,0,0
2024-10-07,19_20,18.2,0,0
2024-10-07,20_21,17.6,0,0
2024-10-07,21_22,16.9,0,0
2024-10-07,22_23,16.4,0,0
2024-10-07,23_24,15.9,0,0
2024-10-07,24_28,15.0,0,0
2024-10-08,04_06,13.8,0,0
2024-10-08,06_07,13.1,0,0
2024-10-08,07_08,12.8,0,0
2024-10-08,08_09,13.3,0,0
2024-10-08,09_10,15.1,0,0
2024-10-08,10_11,17.2,0,0
2024-10-08,11_12,19.5,0,0
2024-10-08,12_13,20.7,0,0
2024-10-08,13_14,22.2,0,0
2024-10-08,14_15,22.9,0,0
2024-10-08,15_16,23.8,0,0
2024-10-08,16_17,22.0,0,0
2024-10-08,17_18,21.3,0,0
2024-10-08,18_19,20.3,0,0
2024-10-08,19_20,19.0,0,0
2024-10-08,20_21,18.6,0,0
2024-10-08,21_22,17.8,0,0
2024-10-08,22_23,17.1,0,0
2024-10-08,23_24,16.7,0,0
2024-10-08,24_28,15.7,0,0
2024-10-09,04_06,14.6,0,0
2024-10-09,06_07,14.1,0,0
2024-10-09,07_08,13.9,0,0
2024-10-09,08_09,14.9,0,0
2024-10-09,09_10,17.4,0,0
2024-10-09,10_11,19.3,0,0
2024-10-09,11_12,21.2,0,0
2024-10-09,12_13,22.4,0,0
2024-10-09,13_14,23.1,0,0
2024-10-09,14_15,24.3,0,0
2024-10-09,15_16,23.6,0,0
2024-10-09,16_17,23.5,0,0
2024-10-09,17_18,22.9,0,0
2024-10-09,18_19,21.9,0,0
2024-10-09,19_20,20.0,0,0
2024-10-09,20_21,19.2,0,0
2024-10-09,21_22,18.4,0,0
2024-10-09,22_23,18.2,0,0
2024-10-09,23_24,17.9,0,0
2024-10-09,24_28,17.0,0,0
2024-10-10,04_06,16.0,0,0
2024-10-10,06_07,15.5,0,0
2024-10-10,07_08,15.4,0,0
2024-10-10,08_09,15.9,0,0
2024-10-10,09_10,17.1,0,0
2024-10-10,10_11,19.2,0,0
2024-10-10,11_12,19.8,0,0
2024-10-10,12_13,20.7,0,0
2024-10-10,13_14,21.7,0,0
2024-10-10,14_15,23.1,0,0
2024-10-10,15_16,23.2,0,0
2024-10-10,16_17,23.7,0,0
2024-10-10,17_18,23.4,0,0
2024-10-10,18_19,21.8,0,0
2024-10-10,19_20,20.8,0,0
2024-10-10,20_21,19.9,0,0
2024-10-10,21_22,19.1,0,0
2024-10-10,22_23,18.4,0,0
2024-10-10,23_24,17.6,0,0
2024-10-10,24_28,16.1,0,0
2024-10-11,04_06,14.8,0,0
2024-10-11,06_07,14.1,0,0
2024-10-11,07_08,14.0,0,0
2024-10-11,08_09,14.5,0,0
2024-10-11,09_10,16.8,0,0
2024-10-11,10_11,18.9,0,0
2024-10-11,11_12,21.0,0,0
2024-10-11,12_13,22.7,0,0
2024-10-11,13_14,23.8,0,0
2024-10-11,14_15,23.7,0,0
2024-10-11,15_16,24.3,0,0
2024-10-11,16_17,24.2,0,0
2024-10-11,17_18,22.9,0,0
2024-10-11,18_19,21.0,0,0
2024-10-11,19_20,19.7,0,0
2024-10-11,20_21,18.8,0,0
2024-10-11,21_22,17.9,0,0
2024-10-11,22_23,17.2,0,0
2024-10-11,23_24,16.7,0,0
2024-10-11,24_28,15.8,0,0
2024-10-12,04_06,14.4,0,0
2024-10-12,06_07,13.9,0,0
2024-10-12,07_08,13.4,0,0
2024-10-12,08_09,13.8,0,0
2024-10-12,09_10,16.2,0,0
2024-10-12,10_11,18.9,0,0
2024-10-12,11_12,21.2,0,0
2024-10-12,12_13,22.3,0,0
2024-10-12,13_14,23.4,0,0
2024-10-12,14_15,23.9,0,0
2024-10-12,15_16,24.0,0,0
2024-10-12,16_17,24.3,0,0
2024-10-12,17_18,23.4,0,0
2024-10-12,18_19,21.3,0,0
2024-10-12,19_20,19.7,0,0
2024-10-12,20_21,18.7,0,0
2024-10-12,21_22,17.8,0,0
2024-10-12,22_23,16.8,0,0
2024-10-12,23_24,16.4,0,0
2024-10-12,24_28,14.9,0,0
2024-10-13,04_06,13.4,0,0
2024-10-13,06_07,12.8,0,0
2024-10-13,07_08,12.8,0,0
2024-10-13,08_09,14.2,0,0
2024-10-13,09_10,16.6,0,0
2024-10-13,10_11,19.0,0,0
2024-10-13,11_12,20.9,0,0
2024-10-13,12_13,21.8,0,0
2024-10-13,13_14,22.1,0,0
2024-10-13,14_15,22.1,0,0
2024-10-13,15_16,22.4,0,0
2024-10-13,16_17,22.4,0,0
2024-10-13,17_18,21.7,0,0
2024-10-13,18_19,20.8,0,0
2024-10-13,19_20,20.0,0,0
2024-10-13,20_21,19.4,0,0
2024-10-13,21_22,19.2,0,0
2024-10-13,22_23,19.0,0,0
2024-10-13,23_24,18.7,0,0
2024-10-13,24_28,18.0,0,0
2024-10-14,04_06,17.6,0,0
2024-10-14,06_07,17.6,0,0
2024-10-14,07_08,17.6,0,0
2024-10-14,08_09,17.8,0,0
2024-10-14,09_10,18.6,0,0
2024-10-14,10_11,19.3,0,0
2024-10-14,11_12,20.1,0,0
2024-10-14,12_13,20.2,0,0
2024-10-14,13_14,20.5,0,0
2024-10-14,14_15,21.2,0,0
2024-10-14,15_16,21.5,0,0
2024-10-14,16_17,21.2,0,0
2024-10-14,17_18,20.8,0,0
2024-10-14,18_19,20.4,0,0
2024-10-14,19_20,20.1,0,0
2024-10-14,20_21,19.7,0,0
2024-10-14,21_22,19.6,0,0
2024-10-14,22_23,19.1,0,0
2024-10-14,23_24,18.8,0,0
2024-10-14,24_28,18.7,1,0
2024-10-15,04_06,17.8,0,0
2024-10-15,06_07,17.7,0,0
2024-10-15,07_08,17.6,0,0
2024-10-15,08_09,18.1,0,0
2024-10-15,09_10,18.4,1,0
2024-10-15,10_11,18.9,0,0
2024-10-15,11_12,19.6,0,0
2024-10-15,12_13,20.5,0,0
2024-10-15,13_14,21.1,0,0
2024-10-15,14_15,21.3,0,0
2024-10-15,15_16,21.7,0,0
2024-10-15,16_17,20.8,0,0
2024-10-15,17_18,20.6,0,0
2024-10-15,18_19,20.3,0,0
2024-10-15,19_20,19.9,0,0
2024-10-15,20_21,19.3,0,0
2024-10-15,21_22,18.7,0,0
2024-10-15,22_23,18.3,0,0
2024-10-15,23_24,18.1,0,0
2024-10-15,24_28,17.1,0,0
2024-10-16,04_06,15.7,0,0
2024-10-16,06_07,14.8,0,0
2024-10-16,07_08,14.6,0,0
2024-10-16,08_09,15.0,0,0
2024-10-16,09_10,15.5,0,0
2024-10-16,10_11,16.2,0,0
2024-10-16,11_12,18.2,0,0
2024-10-16,12_13,20.8,0,0
2024-10-16,13_14,22.4,0,0
2024-10-16,14_15,23.7,0,0
2024-10-16,15_16,24.0,0,0
2024-10-16,16_17,23.8,0,0
2024-10-16,17_18,22.9,0,0
2024-10-16,18_19,20.8,0,0
2024-10-16,19_20,19.5,0,0
2024-10-16,20_21,18.5,0,0
2024-10-16,21_22,17.7,0,0
2024-10-16,22_23,16.9,0,0
2024-10-16,23_24,16.3,0,0
2024-10-16,24_28,15.0,0,0
2024-10-17,04_06,13.9,0,0
2024-10-17,06_07,13.9,0,0
2024-10-17,07_08,13.9,0,0
2024-10-17,08_09,14.1,0,0
2024-10-17,09_10,15.2,0,0
2024-10-17,10_11,17.1,0,0
2024-10-17,11_12,20.0,0,0
2024-10-17,12_13,22.5,0,0
2024-10-17,13_14,23.7,0,0
2024-10-17,14_15,25.0,0,0
2024-10-17,15_16,25.4,0,0
2024-10-17,16_17,25.6,0,0
2024-10-17,17_18,24.8,0,0
2024-10-17,18_19,22.4,0,0
2024-10-17,19_20,20.9,0,0
2024-10-17,20_21,20.0,0,0
2024-10-17,21_22,19.7,0,0
2024-10-17,22_23,19.0,0,0
2024-10-17,23_24,18.6,0,0
2024-10-17,24_28,18.1,0,0
2024-10-18,04_06,17.9,0,0
2024-10-18,06_07,18.0,0,0
2024-10-18,07_08,18.0,0,0
2024-10-18,08_09,18.3,0,0
2024-10-18,09_10,18.7,1,0
2024-10-18,10_11,18.7,1,0
2024-10-18,11_12,18.5,1,0
2024-10-18,12_13,18.4,1,0
2024-10-18,13_14,17.6,1,0
2024-10-18,14_15,16.8,1,0
2024-10-18,15_16,16.6,1,0
2024-10-18,16_17,16.7,1,0
2024-10-18,17_18,17.1,0,0
2024-10-18,18_19,17.0,0,0
2024-10-18,19_20,16.7,0,0
2024-10-18,20_21,16.2,0,0
2024-10-18,21_22,16.3,0,0
2024-10-18,22_23,16.5,0,0
2024-10-18,23_24,16.8,0,0
2024-10-18,24_28,16.5,1,0
2024-10-19,04_06,16.0,0,0
2024-10-19,06_07,15.9,0,0
2024-10-19,07_08,15.7,0,0
2024-10-19,08_09,15.6,0,0
2024-10-19,09_10,15.8,0,0
2024-10-19,10_11,18.0,0,0
2024-10-19,11_12,19.7,0,0
2024-10-19,12_13,20.8,0,0
2024-10-19,13_14,20.5,0,0
2024-10-19,14_15,20.2,0,0
2024-10-19,15_16,20.2,0,0
2024-10-19,16_17,19.7,0,0
2024-10-19,17_18,18.9,0,0
2024-10-19,18_19,17.5,0,0
2024-10-19,19_20,16.2,0,0
2024-10-19,20_21,15.1,0,0
2024-10-19,21_22,14.1,0,0
2024-10-19,22_23,13.3,0,0
2024-10-19,23_24,12.7,0,0
2024-10-19,24_28,11.8,0,0
2024-10-20,04_06,11.0,0,0
2024-10-20,06_07,10.8,0,0
2024-10-20,07_08,10.6,0,0
2024-10-20,08_09,11.2,0,0
2024-10-20,09_10,12.8,0,0
2024-10-20,10_11,14.3,0,0
2024-10-20,11_12,15.3,0,0
2024-10-20,12_13,16.1,0,0
2024-10-20,13_14,16.7,0,0
2024-10-20,14_15,17.4,0,0
2024-10-20,15_16,17.7,0,0
2024-10-20,16_17,17.5,0,0
2024-10-20,17_18,16.7,0,0
2024-10-20,18_19,15.3,0,0
2024-10-20,19_20,14.2,0,0
2024-10-20,20_21,13.4,0,0
2024-10-20,21_22,12.6,0,0
2024-10-20,22_23,11.7,0,0
2024-10-20,23_24,11.2,0,0
2024-10-20,24_28,10.2,0,0
2024-10-21,04_06,10.1,0,0
2024-10-21,06_07,10.2,0,0
2024-10-21,07_08,10.5,0,0
2024-10-21,08_09,11.3,0,0
2024-10-21,09_10,12.1,0,0
2024-10-21,10_11,13.1,0,0
2024-10-21,11_12,15.3,0,0
2024-10-21,12_13,16.4,0,0
2024-10-21,13_14,17.3,0,0
2024-10-21,14_15,18.5,0,0
2024-10-21,15_16,19.1,0,0
2024-10-21,16_17,19.0,0,0
2024-10-21,17_18,18.5,0,0
2024-10-21,18_19,17.6,0,0
2024-10-21,19_20,17.3,0,0
2024-10-21,20_21,17.1,0,0
2024-10-21,21_22,16.7,0,0
2024-10-21,22_23,16.6,0,0
2024-10-21,23_24,16.4,0,0
2024-10-21,24_28,16.0,1,0
2024-10-22,04_06,15.4,0,0
2024-10-22,06_07,15.2,1,0
2024-10-22,07_08,14.9,0,0
2024-10-22,08_09,15.0,1,0
2024-10-22,09_10,15.0,1,0
2024-10-22,10_11,15.1,1,0
2024-10-22,11_12,15.3,1,0
2024-10-22,12_13,15.5,1,0
2024-10-22,13_14,15.4,1,0
2024-10-22,14_15,15.7,1,0
2024-10-22,15_16,15.7,1,0
2024-10-22,16_17,15.8,1,0
2024-10-22,17_18,15.9,1,0
2024-10-22,18_19,15.9,1,0
2024-10-22,19_20,16.0,1,0
2024-10-22,20_21,15.9,1,0
2024-10-22,21_22,15.9,1,0
2024-10-22,22_23,16.6,1,0
2024-10-22,23_24,15.9,1,0
2024-10-22,24_28,14.5,1,0
2024-10-23,04_06,12.2,0,0
2024-10-23,06_07,11.5,1,0
2024-10-23,07_08,11.5,0,0
2024-10-23,08_09,11.7,0,0
2024-10-23,09_10,12.5,0,0
2024-10-23,10_11,12.5,0,0
2024-10-23,11_12,13.0,0,0
2024-10-23,12_13,13.9,0,0
2024-10-23,13_14,14.9,0,0
2024-10-23,14_15,15.0,0,0
2024-10-23,15_16,15.0,0,0
2024-10-23,16_17,15.0,0,0
2024-10-23,17_18,14.4,0,0
2024-10-23,18_19,13.7,0,0
2024-10-23,19_20,13.1,0,0
2024-10-23,20_21,12.9,0,0
2024-10-23,21_22,11.7,0,0
2024-10-23,22_23,11.0,0,0
2024-10-23,23_24,10.3,0,0
2024-10-23,24_28,8.7,0,0
2024-10-24,04_06,7.8,0,0
2024-10-24,06_07,7.2,0,0
2024-10-24,07_08,7.1,0,0
2024-10-24,08_09,7.4,0,0
2024-10-24,09_10,9.7,0,0
2024-10-24,10_11,12.2,0,0
2024-10-24,11_12,14.4,0,0
2024-10-24,12_13,15.9,0,0
2024-10-24,13_14,17.3,0,0
2024-10-24,14_15,17.8,0,0
2024-10-24,15_16,18.3,0,0
2024-10-24,16_17,18.1,0,0
2024-10-24,17_18,17.2,0,0
2024-10-24,18_19,15.9,0,0
2024-10-24,19_20,14.9,0,0
2024-10-24,20_21,14.0,0,0
2024-10-24,21_22,13.2,0,0
2024-10-24,22_23,12.5,0,0
2024-10-24,23_24,11.9,0,0
2024-10-24,24_28,10.6,0,0
2024-10-25,04_06,9.7,0,0
2024-10-25,06_07,9.2,0,0
2024-10-25,07_08,8.8,0,0
2024-10-25,08_09,9.5,0,0
2024-10-25,09_10,12.3,0,0
2024-10-25,10_11,14.7,0,0
2024-10-25,11_12,17.0,0,0
2024-10-25,12_13,18.7,0,0
2024-10-25,13_14,20.2,0,0
2024-10-25,14_15,21.4,0,0
2024-10-25,15_16,21.3,0,0
2024-10-25,16_17,21.0,0,0
2024-10-25,17_18,19.7,0,0
2024-10-25,18_19,18.1,0,0
2024-10-25,19_20,17.0,0,0
2024-10-25,20_21,15.9,0,0
2024-10-25,21_22,15.5,0,0
2024-10-25,22_23,15.0,0,0
2024-10-25,23_24,14.3,0,0
2024-10-25,24_28,13.0,0,0
2024-10-26,04_06,11.7,0,0
2024-10-26,06_07,11.0,0,0
2024-10-26,07_08,10.8,0,0
2024-10-26,08_09,11.4,0,0
2024-10-26,09_10,14.2,0,0
2024-10-26,10_11,16.6,0,0
2024-10-26,11_12,19.3,0,0
2024-10-26,12_13,20.9,0,0
2024-10-26,13_14,21.8,0,0
2024-10-26,14_15,23.0,0,0
2024-10-26,15_16,23.5,0,0
2024-10-26,16_17,24.0,0,0
2024-10-26,17_18,22.6,0,0
2024-10-26,18_19,21.0,0,0
2024-10-26,19_20,19.5,0,0
2024-10-26,20_21,18.4,0,0
2024-10-26,21_22,17.4,0,0
2024-10-26,22_23,16.8,0,0
2024-10-26,23_24,16.6,0,0
2024-10-26,24_28,15.7,0,0
2024-10-27,04_06,15.0,0,0
2024-10-27,06_07,14.7,0,0
2024-10-27,07_08,14.4,0,0
2024-10-27,08_09,14.5,0,0
2024-10-27,09_10,15.5,0,0
2024-10-27,10_11,17.1,0,0
2024-10-27,11_12,17.5,0,0
2024-10-27,12_13,18.3,0,0
2024-10-27,13_14,18.6,0,0
2024-10-27,14_15,18.3,0,0
2024-10-27,15_16,17.8,0,0
2024-10-27,16_17,17.6,0,0
2024-10-27,17_18,17.1,0,0
2024-10-27,18_19,16.6,0,0
2024-10-27,19_20,16.1,0,0
2024-10-27,20_21,15.7,0,0
2024-10-27,21_22,15.4,0,0
2024-10-27,22_23,14.9,0,0
2024-10-27,23_24,14.5,0,0
2024-10-27,24_28,13.4,0,0
2024-10-28,04_06,12.4,0,0
2024-10-28,06_07,12.7,0,0
2024-10-28,07_08,12.9,0,0
2024-10-28,08_09,13.1,0,0
2024-10-28,09_10,13.6,0,0
2024-10-28,10_11,14.4,0,0
2024-10-28,11_12,16.0,0,0
2024-10-28,12_13,17.0,0,0
2024-10-28,13_14,18.7,0,0
2024-10-28,14_15,19.4,0,0
2024-10-28,15_16,20.1,0,0
2024-10-28,16_17,19.6,0,0
2024-10-28,17_18,19.0,0,0
2024-10-28,18_19,18.4,0,0
2024-10-28,19_20,17.7,0,0
2024-10-28,20_21,16.9,0,0
2024-10-28,21_22,16.0,0,0
2024-10-28,22_23,15.7,0,0
2024-10-28,23_24,15.4,0,0
2024-10-28,24_28,14.6,0,0
2024-10-29,04_06,13.6,0,0
2024-10-29,06_07,13.5,0,0
2024-10-29,07_08,13.6,0,0
2024-10-29,08_09,13.7,0,0
2024-10-29,09_10,14.2,0,0
2024-10-29,10_11,15.4,0,0
2024-10-29,11_12,15.6,0,0
2024-10-29,12_13,15.8,0,0
2024-10-29,13_14,16.9,0,0
2024-10-29,14_15,17.6,0,0
2024-10-29,15_16,18.1,0,0
2024-10-29,16_17,18.0,0,0
2024-10-29,17_18,17.0,0,0
2024-10-29,18_19,16.3,0,0
2024-10-29,19_20,15.3,0,0
2024-10-29,20_21,15.1,0,0
2024-10-29,21_22,14.6,0,0
2024-10-29,22_23,13.9,0,0
2024-10-29,23_24,13.9,0,0
2024-10-29,24_28,13.2,0,0
2024-10-30,04_06,12.4,0,0
2024-10-30,06_07,11.8,0,0
2024-10-30,07_08,11.5,0,0
2024-10-30,08_09,11.6,0,0
2024-10-30,09_10,13.2,0,0
2024-10-30,10_11,15.9,0,0
2024-10-30,11_12,18.0,0,0
2024-10-30,12_13,19.9,0,0
2024-10-30,13_14,20.6,0,0
2024-10-30,14_15,21.3,0,0
2024-10-30,15_16,21.2,0,0
2024-10-30,16_17,20.8,0,0
2024-10-30,17_18,19.4,0,0
2024-10-30,18_19,17.8,0,0
2024-10-30,19_20,16.9,0,0
2024-10-30,20_21,16.2,0,0
2024-10-30,21_22,15.5,0,0
2024-10-30,22_23,15.0,0,0
2024-10-30,23_24,14.2,0,0
2024-10-30,24_28,12.8,0,0
2024-10-31,04_06,11.7,0,0
2024-10-31,06_07,11.4,0,0
2024-10-31,07_08,11.2,0,0
2024-10-31,08_09,11.3,0,0
2024-10-31,09_10,13.5,0,0
2024-10-31,10_11,16.1,0,0
2024-10-31,11_12,18.4,0,0
2024-10-31,12_13,19.7,0,0
2024-10-31,13_14,21.0,0,0
2024-10-31,14_15,22.0,0,0
2024-10-31,15_16,22.3,0,0
2024-10-31,16_17,22.2,0,0
2024-10-31,17_18,21.0,0,0
2024-10-31,18_19,18.7,0,0
2024-10-31,19_20,17.2,0,0
2024-10-31,20_21,16.6,0,0
2024-10-31,21_22,15.8,0,0
2024-10-31,22_23,14.9,0,0
2024-10-31,23_24,14.4,0,0
2024-10-31,24_28,13.5,0,0
2024-11-01,04_06,12.9,0,0
2024-11-01,06_07,13.0,0,0
2024-11-01,07_08,13.1,0,0
2024-11-01,08_09,13.1,0,0
2024-11-01,09_10,13.5,0,0
2024-11-01,10_11,14.5,0,0
2024-11-01,11_12,15.8,0,0
2024-11-01,12_13,16.6,0,0
2024-11-01,13_14,17.5,0,0
2024-11-01,14_15,18.2,0,0
2024-11-01,15_16,18.6,0,0
2024-11-01,16_17,18.1,0,0
2024-11-01,17_18,17.6,0,0
2024-11-01,18_19,16.9,0,0
2024-11-01,19_20,16.3,0,0
2024-11-01,20_21,16.0,0,0
2024-11-01,21_22,15.5,0,0
2024-11-01,22_23,15.2,0,0
2024-11-01,23_24,15.0,0,0
2024-11-01,24_28,14.9,0,0
2024-11-02,04_06,14.1,0,0
2024-11-02,06_07,13.3,0,0
2024-11-02,07_08,13.1,0,0
2024-11-02,08_09,13.2,0,0
2024-11-02,09_10,15.2,0,0
2024-11-02,10_11,19.1,0,0
2024-11-02,11_12,21.0,0,0
2024-11-02,12_13,22.3,0,0
2024-11-02,13_14,23.6,0,0
2024-11-02,14_15,24.0,0,0
2024-11-02,15_16,24.8,0,0
2024-11-02,16_17,24.7,0,0
2024-11-02,17_18,23.2,0,0
2024-11-02,18_19,21.2,0,0
2024-11-02,19_20,19.8,0,0
2024-11-02,20_21,19.1,0,0
2024-11-02,21_22,18.0,0,0
2024-11-02,22_23,16.7,0,0
2024-11-02,23_24,16.0,0,0
2024-11-02,24_28,14.8,0,0
2024-11-03,04_06,13.7,0,0
2024-11-03,06_07,13.3,0,0
2024-11-03,07_08,13.0,0,0
2024-11-03,08_09,13.4,0,0
2024-11-03,09_10,15.0,0,0
2024-11-03,10_11,17.2,0,0
2024-11-03,11_12,19.4,0,0
2024-11-03,12_13,20.7,0,0
2024-11-03,13_14,22.9,0,0
2024-11-03,14_15,23.2,0,0
2024-11-03,15_16,22.3,0,0
2024-11-03,16_17,22.1,0,0
2024-11-03,17_18,20.6,0,0
2024-11-03,18_19,19.6,0,0
2024-11-03,19_20,19.1,0,0
2024-11-03,20_21,18.8,0,0
2024-11-03,21_22,18.8,0,0
2024-11-03,22_23,18.1,0,0
2024-11-03,23_24,17.7,0,0
2024-11-03,24_28,17.3,1,0
2024-11-04,04_06,16.8,0,0
2024-11-04,06_07,16.5,0,0
2024-11-04,07_08,16.5,0,0
2024-11-04,08_09,16.6,0,0
2024-11-04,09_10,17.1,0,0
2024-11-04,10_11,17.5,0,0
2024-11-04,11_12,17.4,0,0
2024-11-04,12_13,17.8,0,0
2024-11-04,13_14,17.8,0,0
2024-11-04,14_15,17.7,0,0
2024-11-04,15_16,17.6,0,0
2024-11-04,16_17,16.4,0,0
2024-11-04,17_18,15.1,0,0
2024-11-04,18_19,13.3,0,0
2024-11-04,19_20,12.2,0,0
2024-11-04,20_21,11.1,0,0
2024-11-04,21_22,10.3,0,0
2024-11-04,22_23,9.8,0,0
2024-11-04,23_24,9.3,0,0
2024-11-04,24_28,8.4,0,0
2024-11-05,04_06,7.4,0,0
2024-11-05,06_07,6.6,0,0
2024-11-05,07_08,6.0,0,0
2024-11-05,08_09,5.6,0,0
2024-11-05,09_10,7.4,0,0
2024-11-05,10_11,10.0,0,0
2024-11-05,11_12,11.7,0,0
2024-11-05,12_13,12.8,0,0
2024-11-05,13_14,13.5,0,0
2024-11-05,14_15,14.3,0,0
2024-11-05,15_16,14.4,0,0
2024-11-05,16_17,13.1,0,0
2024-11-05,17_18,12.0,0,0
2024-11-05,18_19,10.6,0,0
2024-11-05,19_20,9.5,0,0
2024-11-05,20_21,8.4,0,0
2024-11-05,21_22,7.3,0,0
2024-11-05,22_23,6.4,0,0
2024-11-05,23_24,6.4,0,0
2024-11-05,24_28,5.5,0,0
2024-11-06,04_06,4.8,0,0
2024-11-06,06_07,4.2,0,0
2024-11-06,07_08,5.1,0,0
2024-11-06,08_09,5.0,0,0
2024-11-06,09_10,7.0,0,0
2024-11-06,10_11,8.1,0,0
2024-11-06,11_12,9.3,0,0
2024-11-06,12_13,10.9,0,0
2024-11-06,13_14,11.5,0,0
2024-11-06,14_15,11.8,0,0
2024-11-06,15_16,12.4,0,0
2024-11-06,16_17,11.9,0,0
2024-11-06,17_18,10.4,0,0
2024-11-06,18_19,9.0,0,0
2024-11-06,19_20,8.5,0,0
2024-11-06,20_21,7.7,0,0
2024-11-06,21_22,6.7,0,0
2024-11-06,22_23,6.1,0,0
2024-11-06,23_24,5.2,0,0
2024-11-06,24_28,3.9,0,0
2024-11-07,04_06,2.8,0,0
2024-11-07,06_07,2.0,0,0
2024-11-07,07_08,1.7,0,0
2024-11-07,08_09,1.9,0,0
2024-11-07,09_10,4.5,0,0
2024-11-07,10_11,8.0,0,0
2024-11-07,11_12,10.4,0,0
2024-11-07,12_13,11.7,0,0
2024-11-07,13_14,14.2,0,0
2024-11-07,14_15,14.5,0,0
2024-11-07,15_16,15.4,0,0
2024-11-07,16_17,15.0,0,0
2024-11-07,17_18,13.2,0,0
2024-11-07,18_19,10.9,0,0
2024-11-07,19_20,10.0,0,0
2024-11-07,20_21,9.1,0,0
2024-11-07,21_22,8.2,0,0
2024-11-07,22_23,7.7,0,0
2024-11-07,23_24,7.3,0,0
2024-11-07,24_28,5.8,0,0
2024-11-08,04_06,4.1,0,0
2024-11-08,06_07,3.5,0,0
2024-11-08,07_08,3.2,0,0
2024-11-08,08_09,3.4,0,0
2024-11-08,09_10,6.0,0,0
2024-11-08,10_11,9.6,0,0
2024-11-08,11_12,12.6,0,0
2024-11-08,12_13,14.7,0,0
2024-11-08,13_14,16.5,0,0
2024-11-08,14_15,17.1,0,0
2024-11-08,15_16,18.0,0,0
2024-11-08,16_17,17.3,0,0
2024-11-08,17_18,15.5,0,0
2024-11-08,18_19,13.6,0,0
2024-11-08,19_20,12.4,0,0
2024-11-08,20_21,11.6,0,0
2024-11-08,21_22,10.8,0,0
2024-11-08,22_23,10.2,0,0
2024-11-08,23_24,9.6,0,0
2024-11-08,24_28,8.9,0,0
2024-11-09,04_06,7.8,0,0
2024-11-09,06_07,6.9,0,0
2024-11-09,07_08,6.9,0,0
2024-11-09,08_09,7.1,0,0
2024-11-09,09_10,9.1,0,0
2024-11-09,10_11,12.4,0,0
2024-11-09,11_12,15.5,0,0
2024-11-09,12_13,17.7,0,0
2024-11-09,13_14,18.9,0,0
2024-11-09,14_15,19.8,0,0
2024-11-09,15_16,20.2,0,0
2024-11-09,16_17,19.5,0,0
2024-11-09,17_18,17.6,0,0
2024-11-09,18_19,15.8,0,0
2024-11-09,19_20,14.7,0,0
2024-11-09,20_21,14.0,0,0
2024-11-09,21_22,13.4,0,0
2024-11-09,22_23,12.7,0,0
2024-11-09,23_24,12.0,0,0
2024-11-09,24_28,11.0,0,0
2024-11-10,04_06,10.5,0,0
2024-11-10,06_07,10.4,0,0
2024-11-10,07_08,10.4,0,0
2024-11-10,08_09,10.8,0,0
2024-11-10,09_10,11.4,0,0
2024-11-10,10_11,13.5,0,0
2024-11-10,11_12,15.8,0,0
2024-11-10,12_13,17.7,0,0
2024-11-10,13_14,20.0,0,0
2024-11-10,14_15,20.3,0,0
2024-11-10,15_16,20.9,0,0
2024-11-10,16_17,20.4,0,0
2024-11-10,17_18,18.6,0,0
2024-11-10,18_19,16.9,0,0
2024-11-10,19_20,15.8,0,0
2024-11-10,20_21,15.3,0,0
2024-11-10,21_22,14.6,0,0
2024-11-10,22_23,13.9,0,0
2024-11-10,23_24,13.2,0,0
2024-11-10,24_28,11.8,0,0
2024-11-11,04_06,10.4,0,0
2024-11-11,06_07,10.1,0,0
2024-11-11,07_08,10.0,0,0
2024-11-11,08_09,9.8,0,0
2024-11-11,09_10,11.3,0,0
2024-11-11,10_11,14.0,0,0
2024-11-11,11_12,16.3,0,0
2024-11-11,12_13,17.8,0,0
2024-11-11,13_14,19.2,0,0
2024-11-11,14_15,20.4,0,0
2024-11-11,15_16,21.6,0,0
2024-11-11,16_17,21.1,0,0
2024-11-11,17_18,19.7,0,0
2024-11-11,18_19,17.3,0,0
2024-11-11,19_20,15.9,0,0
2024-11-11,20_21,15.2,0,0
2024-11-11,21_22,14.5,0,0
2024-11-11,22_23,13.9,0,0
2024-11-11,23_24,13.2,0,0
2024-11-11,24_28,13.4,0,0
2024-11-12,04_06,13.4,0,0
2024-11-12,06_07,12.9,0,0
2024-11-12,07_08,11.9,0,0
2024-11-12,08_09,11.4,0,0
2024-11-12,09_10,12.2,0,0
2024-11-12,10_11,14.0,0,0
2024-11-12,11_12,15.8,0,0
2024-11-12,12_13,17.2,0,0
2024-11-12,13_14,17.5,0,0
2024-11-12,14_15,18.5,0,0
2024-11-12,15_16,19.0,0,0
2024-11-12,16_17,18.6,0,0
2024-11-12,17_18,17.0,0,0
2024-11-12,18_19,15.6,0,0
2024-11-12,19_20,14.5,0,0
2024-11-12,20_21,13.9,0,0
2024-11-12,21_22,13.2,0,0
2024-11-12,22_23,12.3,0,0
2024-11-12,23_24,11.6,0,0
2024-11-12,24_28,10.2,0,0
2024-11-13,04_06,8.9,0,0
2024-11-13,06_07,8.4,0,0
2024-11-13,07_08,8.4,0,0
2024-11-13,08_09,8.8,0,0
2024-11-13,09_10,10.9,0,0
2024-11-13,10_11,14.0,0,0
2024-11-13,11_12,16.4,0,0
2024-11-13,12_13,18.1,0,0
2024-11-13,13_14,19.5,0,0
2024-11-13,14_15,20.6,0,0
2024-11-13,15_16,20.7,0,0
2024-11-13,16_17,20.3,0,0
2024-11-13,17_18,18.6,0,0
2024-11-13,18_19,17.2,0,0
2024-11-13,19_20,16.2,0,0
2024-11-13,20_21,15.6,0,0
2024-11-13,21_22,14.7,0,0
2024-11-13,22_23,14.4,0,0
2024-11-13,23_24,14.3,0,0
2024-11-13,24_28,14.0,0,0
2024-11-14,04_06,13.4,0,0
2024-11-14,06_07,13.6,0,0
2024-11-14,07_08,13.6,0,0
2024-11-14,08_09,13.6,0,0
2024-11-14,09_10,14.4,0,0
2024-11-14,10_11,15.5,0,0
2024-11-14,11_12,15.4,1,0
2024-11-14,12_13,15.9,0,0
2024-11-14,13_14,16.6,0,0
2024-11-14,14_15,16.5,0,0
2024-11-14,15_16,16.7,0,0
2024-11-14,16_17,16.3,0,0
2024-11-14,17_18,15.7,0,0
2024-11-14,18_19,15.3,0,0
2024-11-14,19_20,14.7,0,0
2024-11-14,20_21,14.4,0,0
2024-11-14,21_22,14.4,0,0
2024-11-14,22_23,14.4,0,0
2024-11-14,23_24,14.5,0,0
2024-11-14,24_28,14.0,0,0
2024-11-15,04_06,14.2,0,0
2024-11-15,06_07,14.2,0,0
2024-11-15,07_08,14.1,0,0
2024-11-15,08_09,14.2,0,0
2024-11-15,09_10,14.7,0,0
2024-11-15,10_11,15.4,0,0
2024-11-15,11_12,16.5,0,0
2024-11-15,12_13,17.8,0,0
2024-11-15,13_14,20.1,0,0
2024-11-15,14_15,20.9,0,0
2024-11-15,15_16,20.9,0,0
2024-11-15,16_17,21.3,0,0
2024-11-15,17_18,20.0,0,0
2024-11-15,18_19,19.0,0,0
2024-11-15,19_20,18.8,0,0
2024-11-15,20_21,18.6,0,0
2024-11-15,21_22,18.3,0,0
2024-11-15,22_23,17.3,0,0
2024-11-15,23_24,16.5,0,0
2024-11-15,24_28,16.6,0,0
2024-11-16,04_06,15.8,0,0
2024-11-16,06_07,15.8,0,0
2024-11-16,07_08,15.3,0,0
2024-11-16,08_09,14.8,0,0
2024-11-16,09_10,16.4,0,0
2024-11-16,10_11,18.5,0,0
2024-11-16,11_12,20.9,0,0
2024-11-16,12_13,21.2,0,0
2024-11-16,13_14,21.8,0,0
2024-11-16,14_15,21.4,0,0
2024-11-16,15_16,19.7,1,0
2024-11-16,16_17,16.8,1,0
2024-11-16,17_18,16.1,1,0
2024-11-16,18_19,16.1,1,0
2024-11-16,19_20,16.3,0,0
2024-11-16,20_21,16.1,0,0
2024-11-16,21_22,16.0,0,0
2024-11-16,22_23,15.8,0,0
2024-11-16,23_24,15.4,0,0
2024-11-16,24_28,13.0,0,0
2024-11-17,04_06,9.8,0,0
2024-11-17,06_07,8.1,0,0
2024-11-17,07_08,7.5,0,0
2024-11-17,08_09,7.2,0,0
2024-11-17,09_10,7.0,0,0
2024-11-17,10_11,7.1,0,0
2024-11-17,11_12,7.2,0,0
2024-11-17,12_13,7.3,0,0
2024-11-17,13_14,7.7,0,0
2024-11-17,14_15,9.8,0,0
2024-11-17,15_16,8.7,0,0
2024-11-17,16_17,9.0,0,0
2024-11-17,17_18,7.9,0,0
2024-11-17,18_19,6.8,0,0
2024-11-17,19_20,5.8,0,0
2024-11-17,20_21,4.9,0,0
2024-11-17,21_22,4.0,0,0
2024-11-17,22_23,3.3,0,0
2024-11-17,23_24,2.7,0,0
2024-11-17,24_28,1.5,0,0
2024-11-18,04_06,0.4,0,0
2024-11-18,06_07,0.0,0,0
2024-11-18,07_08,-0.5,0,0
2024-11-18,08_09,0.2,0,0
2024-11-18,09_10,1.3,0,0
2024-11-18,10_11,2.8,0,0
2024-11-18,11_12,4.3,0,0
2024-11-18,12_13,5.7,0,0
2024-11-18,13_14,6.7,0,0
2024-11-18,14_15,7.4,0,0
2024-11-18,15_16,7.8,0,0
2024-11-18,16_17,7.3,0,0
2024-11-18,17_18,5.6,0,0
2024-11-18,18_19,4.7,0,0
2024-11-18,19_20,3.8,0,0
2024-11-18,20_21,2.4,0,0
2024-11-18,21_22,1.9,0,0
2024-11-18,22_23,1.5,0,0
2024-11-18,23_24,0.8,0,0
2024-11-18,24_28,0.9,0,0
2024-11-19,04_06,1.2,0,0
2024-11-19,06_07,1.3,0,0
2024-11-19,07_08,1.4,0,0
2024-11-19,08_09,1.3,0,0
2024-11-19,09_10,3.5,0,0
2024-11-19,10_11,5.0,0,0
2024-11-19,11_12,7.0,0,0
2024-11-19,12_13,9.1,0,0
2024-11-19,13_14,9.4,0,0
2024-11-19,14_15,11.0,0,0
2024-11-19,15_16,10.9,0,0
2024-11-19,16_17,10.4,0,0
2024-11-19,17_18,9.6,0,0
2024-11-19,18_19,8.3,0,0
2024-11-19,19_20,7.3,0,0
2024-11-19,20_21,6.2,0,0
2024-11-19,21_22,5.9,0,0
2024-11-19,22_23,5.7,0,0
2024-11-19,23_24,5.4,0,0
2024-11-19,24_28,3.8,0,0
2024-11-20,04_06,2.7,0,0
2024-11-20,06_07,2.6,0,0
2024-11-20,07_08,3.0,0,0
2024-11-20,08_09,3.8,0,0
2024-11-20,09_10,4.7,0,0
2024-11-20,10_11,6.3,0,0
2024-11-20,11_12,7.4,0,0
2024-11-20,12_13,9.5,0,0
2024-11-20,13_14,9.4,0,0
2024-11-20,14_15,9.5,0,0
2024-11-20,15_16,9.3,0,0
2024-11-20,16_17,9.4,0,0
2024-11-20,17_18,8.8,0,0
2024-11-20,18_19,8.5,0,0
2024-11-20,19_20,8.5,0,0
2024-11-20,20_21,8.0,0,0
2024-11-20,21_22,7.6,0,0
2024-11-20,22_23,7.2,0,0
2024-11-20,23_24,6.6,0,0
2024-11-20,24_28,6.8,0,0
2024-11-21,04_06,7.0,0,0
2024-11-21,06_07,6.2,0,0
2024-11-21,07_08,6.1,0,0
2024-11-21,08_09,6.4,0,0
2024-11-21,09_10,7.5,0,0
2024-11-21,10_11,8.9,0,0
2024-11-21,11_12,10.1,0,0
2024-11-21,12_13,13.0,0,0
2024-11-21,13_14,13.4,0,0
2024-11-21,14_15,13.1,0,0
2024-11-21,15_16,12.6,0,0
2024-11-21,16_17,13.5,0,0
2024-11-21,17_18,12.5,0,0
2024-11-21,18_19,11.6,0,0
2024-11-21,19_20,11.6,0,0
2024-11-21,20_21,11.2,0,0
2024-11-21,21_22,10.8,0,0
2024-11-21,22_23,10.9,0,0
2024-11-21,23_24,10.5,0,0
2024-11-21,24_28,7.4,0,0
2024-11-22,04_06,5.2,0,0
2024-11-22,06_07,4.5,0,0
2024-11-22,07_08,3.7,0,0
2024-11-22,08_09,3.4,0,0
2024-11-22,09_10,4.5,0,0
2024-11-22,10_11,6.1,0,0
2024-11-22,11_12,7.7,0,0
2024-11-22,12_13,8.1,0,0
2024-11-22,13_14,9.4,0,0
2024-11-22,14_15,10.2,0,0
2024-11-22,15_16,10.1,0,0
2024-11-22,16_17,10.2,0,0
2024-11-22,17_18,8.6,0,0
2024-11-22,18_19,7.8,0,0
2024-11-22,19_20,7.5,0,0
2024-11-22,20_21,6.8,0,0
2024-11-22,21_22,5.4,0,0
2024-11-22,22_23,4.6,0,0
2024-11-22,23_24,3.8,0,0
2024-11-22,24_28,2.8,0,0
2024-11-23,04_06,2.2,0,0
2024-11-23,06_07,1.8,0,0
2024-11-23,07_08,1.8,0,0
2024-11-23,08_09,1.6,0,0
2024-11-23,09_10,3.5,0,0
2024-11-23,10_11,6.8,0,0
2024-11-23,11_12,8.9,0,0
2024-11-23,12_13,10.4,0,0
2024-11-23,13_14,11.5,0,0
2024-11-23,14_15,12.1,0,0
2024-11-23,15_16,12.1,0,0
2024-11-23,16_17,12.1,0,0
2024-11-23,17_18,10.3,0,0
2024-11-23,18_19,9.2,0,0
2024-11-23,19_20,8.0,0,0
2024-11-23,20_21,7.2,0,0
2024-11-23,21_22,6.7,0,0
2024-11-23,22_23,6.0,0,0
2024-11-23,23_24,5.4,0,0
2024-11-23,24_28,4.4,0,0
2024-11-24,04_06,3.6,0,0
2024-11-24,06_07,3.1,0,0
2024-11-24,07_08,2.8,0,0
2024-11-24,08_09,2.7,0,0
2024-11-24,09_10,4.5,0,0
2024-11-24,10_11,7.4,0,0
2024-11-24,11_12,9.8,0,0
2024-11-24,12_13,10.8,0,0
2024-11-24,13_14,12.7,0,0
2024-11-24,14_15,13.5,0,0
2024-11-24,15_16,13.6,0,0
2024-11-24,16_17,13.2,0,0
2024-11-24,17_18,11.5,0,0
2024-11-24,18_19,10.1,0,0
2024-11-24,19_20,9.1,0,0
2024-11-24,20_21,8.1,0,0
2024-11-24,21_22,7.3,0,0
2024-11-24,22_23,6.8,0,0
2024-11-24,23_24,6.3,0,0
2024-11-24,24_28,5.3,0,0
2024-11-25,04_06,3.8,0,0
2024-11-25,06_07,3.8,0,0
2024-11-25,07_08,3.8,0,0
2024-11-25,08_09,4.3,0,0
2024-11-25,09_10,5.8,0,0
2024-11-25,10_11,8.5,0,0
2024-11-25,11_12,10.9,0,0
2024-11-25,12_13,12.7,0,0
2024-11-25,13_14,14.3,0,0
2024-11-25,14_15,15.2,0,0
2024-11-25,15_16,15.2,0,0
2024-11-25,16_17,14.6,0,0
2024-11-25,17_18,13.8,0,0
2024-11-25,18_19,13.3,0,0
2024-11-25,19_20,12.9,0,0
2024-11-25,20_21,13.1,0,0
2024-11-25,21_22,13.0,0,0
2024-11-25,22_23,12.8,0,0
2024-11-25,23_24,12.9,0,0
2024-11-25,24_28,11.3,1,0
2024-11-26,04_06,9.6,1,0
2024-11-26,06_07,9.7,1,0
2024-11-26,07_08,9.4,1,0
2024-11-26,08_09,8.9,1,0
2024-11-26,09_10,8.0,0,0
2024-11-26,10_11,8.2,0,0
2024-11-26,11_12,8.1,1,0
2024-11-26,12_13,6.8,0,0
2024-11-26,13_14,6.7,1,0
2024-11-26,14_15,5.8,1,0
2024-11-26,15_16,4.8,1,0
2024-11-26,16_17,4.8,1,0
2024-11-26,17_18,4.2,1,0
2024-11-26,18_19,3.7,0,0
2024-11-26,19_20,3.8,1,0
2024-11-26,20_21,3.0,1,0
2024-11-26,21_22,2.6,1,0
2024-11-26,22_23,2.3,1,0
2024-11-26,23_24,2.0,1,1
2024-11-26,24_28,0.8,1,1
2024-11-27,04_06,0.3,1,1
2024-11-27,06_07,0.2,1,1
2024-11-27,07_08,-1.0,0,0
2024-11-27,08_09,-1.3,0,0
2024-11-27,09_10,-1.0,0,0
2024-11-27,10_11,-0.4,1,0
2024-11-27,11_12,-0.4,1,0
2024-11-27,12_13,-0.4,1,0
2024-11-27,13_14,-0.2,1,1
2024-11-27,14_15,-0.3,1,1
2024-11-27,15_16,-0.3,0,0
2024-11-27,16_17,0.4,0,0
2024-11-27,17_18,0.0,0,0
2024-11-27,18_19,-0.6,0,0
2024-11-27,19_20,-0.7,0,0
2024-11-27,20_21,-1.0,0,0
2024-11-27,21_22,-1.1,0,0
2024-11-27,22_23,-0.6,1,1
2024-11-27,23_24,-0.3,1,1
2024-11-27,24_28,0.1,1,1
2024-11-28,04_06,0.1,1,1
2024-11-28,06_07,0.1,1,1
2024-11-28,07_08,0.1,1,1
2024-11-28,08_09,0.4,0,0
2024-11-28,09_10,0.8,0,0
2024-11-28,10_11,1.5,0,0
2024-11-28,11_12,2.3,0,0
2024-11-28,12_13,2.5,0,0
2024-11-28,13_14,3.3,0,0
2024-11-28,14_15,3.4,0,0
2024-11-28,15_16,3.1,0,0
2024-11-28,16_17,3.0,0,0
2024-11-28,17_18,2.0,0,0
2024-11-28,18_19,1.3,0,0
2024-11-28,19_20,0.8,0,0
2024-11-28,20_21,0.2,0,0
2024-11-28,21_22,-0.1,0,0
2024-11-28,22_23,-0.8,0,0
2024-11-28,23_24,-1.3,0,0
2024-11-28,24_28,-2.0,0,0
2024-11-29,04_06,-2.8,0,0
2024-11-29,06_07,-3.0,0,0
2024-11-29,07_08,-3.3,0,0
2024-11-29,08_09,-3.2,0,0
2024-11-29,09_10,-2.2,0,0
2024-11-29,10_11,0.4,0,0
2024-11-29,11_12,2.1,0,0
2024-11-29,12_13,2.6,0,0
2024-11-29,13_14,3.2,0,0
2024-11-29,14_15,2.7,0,0
2024-11-29,15_16,2.7,0,0
2024-11-29,16_17,3.0,0,0
2024-11-29,17_18,2.6,0,0
2024-11-29,18_19,2.4,0,0
2024-11-29,19_20,1.6,0,0
2024-11-29,20_21,1.3,0,0
2024-11-29,21_22,1.1,0,0
2024-11-29,22_23,1.1,0,0
2024-11-29,23_24,1.0,0,0
2024-11-29,24_28,0.5,0,0
2024-11-30,04_06,0.2,0,0
2024-11-30,06_07,-0.3,0,0
2024-11-30,07_08,-0.3,0,0
2024-11-30,08_09,-0.3,0,0
2024-11-30,09_10,0.4,0,0
2024-11-30,10_11,2.8,0,0
2024-11-30,11_12,2.7,0,0
2024-11-30,12_13,3.3,0,0
2024-11-30,13_14,4.4,0,0
2024-11-30,14_15,5.2,0,0
2024-11-30,15_16,5.6,0,0
2024-11-30,16_17,5.1,0,0
2024-11-30,17_18,4.4,0,0
2024-11-30,18_19,4.0,0,0
2024-11-30,19_20,3.9,0,0
2024-11-30,20_21,3.9,0,0
2024-11-30,21_22,3.8,0,0
2024-11-30,22_23,3.6,0,0
2024-11-30,23_24,3.2,0,0
2024-11-30,24_28,2.4,0,0
2024-12-01,04_06,1.7,0,0
2024-12-01,06_07,1.6,0,0
2024-12-01,07_08,2.3,0,0
2024-12-01,08_09,2.7,0,0
2024-12-01,09_10,3.6,0,0
2024-12-01,10_11,4.0,0,0
2024-12-01,11_12,5.2,0,0
2024-12-01,12_13,6.5,0,0
2024-12-01,13_14,7.3,0,0
2024-12-01,14_15,8.0,0,0
2024-12-01,15_16,8.1,0,0
2024-12-01,16_17,8.0,0,0
2024-12-01,17_18,7.5,0,0
2024-12-01,18_19,7.2,0,0
2024-12-01,19_20,6.7,0,0
2024-12-01,20_21,6.6,1,0
2024-12-01,21_22,6.5,1,0
2024-12-01,22_23,6.6,0,0
2024-12-01,23_24,6.4,0,0
2024-12-01,24_28,5.3,0,0
2024-12-02,04_06,4.8,0,0
2024-12-02,06_07,4.7,0,0
2024-12-02,07_08,5.1,0,0
2024-12-02,08_09,5.2,0,0
2024-12-02,09_10,5.7,0,0
2024-12-02,10_11,7.4,0,0
2024-12-02,11_12,9.3,0,0
2024-12-02,12_13,10.8,0,0
2024-12-02,13_14,12.1,0,0
2024-12-02,14_15,12.9,0,0
2024-12-02,15_16,12.3,0,0
2024-12-02,16_17,11.6,0,0
2024-12-02,17_18,10.0,0,0
2024-12-02,18_19,8.6,0,0
2024-12-02,19_20,7.2,0,0
2024-12-02,20_21,5.8,0,0
2024-12-02,21_22,3.9,0,0
2024-12-02,22_23,2.5,0,0
2024-12-02,23_24,1.5,0,0
2024-12-02,24_28,-0.2,0,0
2024-12-03,04_06,-1.6,0,0
2024-12-03,06_07,-2.2,0,0
2024-12-03,07_08,-2.0,0,0
2024-12-03,08_09,-2.3,0,0
2024-12-03,09_10,-1.8,0,0
2024-12-03,10_11,-0.6,0,0
2024-12-03,11_12,1.4,0,0
2024-12-03,12_13,2.7,0,0
2024-12-03,13_14,3.9,0,0
2024-12-03,14_15,4.6,0,0
2024-12-03,15_16,5.2,0,0
2024-12-03,16_17,4.8,0,0
2024-12-03,17_18,3.7,0,0
2024-12-03,18_19,2.7,0,0
2024-12-03,19_20,2.8,0,0
2024-12-03,20_21,2.6,0,0
2024-12-03,21_22,2.2,0,0
2024-12-03,22_23,2.1,0,0
2024-12-03,23_24,2.6,0,0
2024-12-03,24_28,2.7,0,0
2024-12-04,04_06,1.5,0,0
2024-12-04,06_07,0.7,0,0
2024-12-04,07_08,-0.2,0,0
2024-12-04,08_09,-0.5,0,0
2024-12-04,09_10,0.2,0,0
2024-12-04,10_11,2.5,0,0
2024-12-04,11_12,3.8,0,0
2024-12-04,12_13,5.1,0,0
2024-12-04,13_14,5.4,0,0
2024-12-04,14_15,6.4,0,0
2024-12-04,15_16,6.8,0,0
2024-12-04,16_17,6.6,0,0
2024-12-04,17_18,5.2,0,0
2024-12-04,18_19,4.3,0,0
2024-12-04,19_20,3.7,0,0
2024-12-04,20_21,3.2,0,0
2024-12-04,21_22,3.0,0,0
2024-12-04,22_23,2.9,0,0
2024-12-04,23_24,2.5,0,0
2024-12-04,24_28,2.0,0,0
2024-12-05,04_06,1.2,0,0
2024-12-05,06_07,0.5,0,0
2024-12-05,07_08,-0.1,0,0
2024-12-05,08_09,0.0,0,0
2024-12-05,09_10,0.9,0,0
2024-12-05,10_11,3.4,0,0
2024-12-05,11_12,5.2,0,0
2024-12-05,12_13,7.2,0,0
2024-12-05,13_14,8.2,0,0
2024-12-05,14_15,8.2,0,0
2024-12-05,15_16,8.2,0,0
2024-12-05,16_17,8.0,1,0
2024-12-05,17_18,5.0,0,0
2024-12-05,18_19,4.9,0,0
2024-12-05,19_20,4.7,0,0
2024-12-05,20_21,4.6,0,0
2024-12-05,21_22,4.0,0,0
2024-12-05,22_23,3.6,0,0
2024-12-05,23_24,4.1,0,0
2024-12-05,24_28,3.3,0,0
2024-12-06,04_06,1.6,0,0
2024-12-06,06_07,1.2,0,0
2024-12-06,07_08,0.8,0,0
2024-12-06,08_09,0.0,0,0
2024-12-06,09_10,0.8,0,0
2024-12-06,10_11,2.1,0,0
2024-12-06,11_12,3.5,0,0
2024-12-06,12_13,4.2,0,0
2024-12-06,13_14,5.2,0,0
2024-12-06,14_15,5.0,0,0
2024-12-06,15_16,4.8,0,0
2024-12-06,16_17,4.7,0,0
2024-12-06,17_18,3.6,0,0
2024-12-06,18_19,2.7,0,0
2024-12-06,19_20,1.9,0,0
2024-12-06,20_21,1.1,0,0
2024-12-06,21_22,0.7,0,0
2024-12-06,22_23,0.4,0,0
2024-12-06,23_24,-0.1,0,0
2024-12-06,24_28,-1.1,0,0
2024-12-07,04_06,-1.9,0,0
2024-12-07,06_07,-2.0,0,0
2024-12-07,07_08,-2.5,0,0
2024-12-07,08_09,-2.1,0,0
2024-12-07,09_10,-1.1,0,0
2024-12-07,10_11,0.4,0,0
2024-12-07,11_12,1.4,0,0
2024-12-07,12_13,2.7,0,0
2024-12-07,13_14,3.6,0,0
2024-12-07,14_15,3.9,0,0
2024-12-07,15_16,4.3,0,0
2024-12-07,16_17,3.1,0,0
2024-12-07,17_18,2.2,0,0
2024-12-07,18_19,1.4,0,0
2024-12-07,19_20,0.8,0,0
2024-12-07,20_21,0.2,0,0
2024-12-07,21_22,-0.4,0,0
2024-12-07,22_23,-1.1,0,0
2024-12-07,23_24,-1.4,0,0
2024-12-07,24_28,-2.0,0,0
2024-12-08,04_06,-3.1,0,0
2024-12-08,06_07,-3.5,0,0
2024-12-08,07_08,-3.8,0,0
2024-12-08,08_09,-3.8,0,0
2024-12-08,09_10,-3.0,0,0
2024-12-08,10_11,-1.8,0,0
2024-12-08,11_12,-0.5,0,0
2024-12-08,12_13,1.8,0,0
2024-12-08,13_14,2.6,0,0
2024-12-08,14_15,3.5,0,0
2024-12-08,15_16,3.9,0,0
2024-12-08,16_17,4.0,0,0
2024-12-08,17_18,2.8,0,0
2024-12-08,18_19,1.9,0,0
2024-12-08,19_20,1.5,0,0
2024-12-08,20_21,0.6,0,0
2024-12-08,21_22,0.2,0,0
2024-12-08,22_23,0.4,0,0
2024-12-08,23_24,-0.2,0,0
2024-12-08,24_28,-1.7,0,0
2024-12-09,04_06,-3.1,0,0
2024-12-09,06_07,-3.6,0,0
2024-12-09,07_08,-3.7,0,0
2024-12-09,08_09,-3.8,0,0
2024-12-09,09_10,-2.8,0,0
2024-12-09,10_11,0.0,0,0
2024-12-09,11_12,2.7,0,0
2024-12-09,12_13,4.1,0,0
2024-12-09,13_14,5.4,0,0
2024-12-09,14_15,7.1,0,0
2024-12-09,15_16,6.4,0,0
2024-12-09,16_17,6.0,0,0
2024-12-09,17_18,4.9,0,0
2024-12-09,18_19,4.0,0,0
2024-12-09,19_20,3.1,0,0
2024-12-09,20_21,2.5,0,0
2024-12-09,21_22,1.8,0,0
2024-12-09,22_23,1.4,0,0
2024-12-09,23_24,1.2,0,0
2024-12-09,24_28,0.4,0,0
2024-12-10,04_06,-0.6,0,0
2024-12-10,06_07,-1.4,0,0
2024-12-10,07_08,-1.6,0,0
2024-12-10,08_09,-1.9,0,0
2024-12-10,09_10,-1.3,0,0
2024-12-10,10_11,1.3,0,0
2024-12-10,11_12,3.8,0,0
2024-12-10,12_13,5.9,0,0
2024-12-10,13_14,6.4,0,0
2024-12-10,14_15,6.3,0,0
2024-12-10,15_16,6.6,0,0
2024-12-10,16_17,6.6,0,0
2024-12-10,17_18,5.3,0,0
2024-12-10,18_19,4.5,0,0
2024-12-10,19_20,3.7,0,0
2024-12-10,20_21,3.5,0,0
2024-12-10,21_22,3.8,0,0
2024-12-10,22_23,3.4,0,0
2024-12-10,23_24,3.1,0,0
2024-12-10,24_28,2.2,0,0
2024-12-11,04_06,1.4,0,0
2024-12-11,06_07,1.1,0,0
2024-12-11,07_08,0.4,0,0
2024-12-11,08_09,0.5,0,0
2024-12-11,09_10,0.9,0,0
2024-12-11,10_11,2.6,0,0
2024-12-11,11_12,4.0,0,0
2024-12-11,12_13,5.0,0,0
2024-12-11,13_14,6.3,0,0
2024-12-11,14_15,7.9,0,0
2024-12-11,15_16,7.9,0,0
2024-12-11,16_17,7.6,0,0
2024-12-11,17_18,6.1,0,0
2024-12-11,18_19,4.9,0,0
2024-12-11,19_20,3.7,0,0
2024-12-11,20_21,3.0,0,0
2024-12-11,21_22,2.4,0,0
2024-12-11,22_23,1.3,0,0
2024-12-11,23_24,0.9,0,0
2024-12-11,24_28,-0.7,0,0
2024-12-12,04_06,-2.0,0,0
2024-12-12,06_07,-2.5,0,0
2024-12-12,07_08,-3.1,0,0
2024-12-12,08_09,-3.1,0,0
2024-12-12,09_10,-2.5,0,0
2024-12-12,10_11,-0.2,0,0
2024-12-12,11_12,1.7,0,0
2024-12-12,12_13,3.6,0,0
2024-12-12,13_14,4.4,0,0
2024-12-12,14_15,4.7,0,0
2024-12-12,15_16,3.7,0,0
2024-12-12,16_17,3.3,0,0
2024-12-12,17_18,2.8,0,0
2024-12-12,18_19,1.9,0,0
2024-12-12,19_20,1.7,0,0
2024-12-12,20_21,1.5,0,0
2024-12-12,21_22,1.1,0,0
2024-12-12,22_23,0.8,0,0
2024-12-12,23_24,0.6,0,0
2024-12-12,24_28,-0.0,0,0
2024-12-13,04_06,-0.8,0,0
2024-12-13,06_07,-0.3,0,0
2024-12-13,07_08,-0.3,0,0
2024-12-13,08_09,-0.1,0,0
2024-12-13,09_10,0.2,0,0
2024-12-13,10_11,1.5,0,0
2024-12-13,11_12,2.8,0,0
2024-12-13,12_13,3.5,0,0
2024-12-13,13_14,4.0,0,0
2024-12-13,14_15,4.3,0,0
2024-12-13,15_16,4.4,0,0
2024-12-13,16_17,4.2,0,0
2024-12-13,17_18,3.0,0,0
2024-12-13,18_19,2.1,0,0
2024-12-13,19_20,1.4,0,0
2024-12-13,20_21,1.0,0,0
2024-12-13,21_22,0.3,0,0
2024-12-13,22_23,-0.3,0,0
2024-12-13,23_24,-1.1,0,0
2024-12-13,24_28,-1.8,0,0
2024-12-14,04_06,-3.0,0,0
2024-12-14,06_07,-3.2,0,0
2024-12-14,07_08,-3.3,0,0
2024-12-14,08_09,-3.6,0,0
2024-12-14,09_10,-2.9,0,0
2024-12-14,10_11,-1.3,0,0
2024-12-14,11_12,-0.5,0,0
2024-12-14,12_13,0.7,0,0
2024-12-14,13_14,1.5,0,0
2024-12-14,14_15,1.9,0,0
2024-12-14,15_16,2.0,0,0
2024-12-14,16_17,2.3,0,0
2024-12-14,17_18,1.4,0,0
2024-12-14,18_19,0.6,0,0
2024-12-14,19_20,0.2,0,0
2024-12-14,20_21,-0.3,0,0
2024-12-14,21_22,-0.4,0,0
2024-12-14,22_23,-1.2,0,0
2024-12-14,23_24,-1.4,0,0
2024-12-14,24_28,-0.2,0,0
2024-12-15,04_06,0.5,0,0
2024-12-15,06_07,0.4,0,0
2024-12-15,07_08,-0.3,0,0
2024-12-15,08_09,-0.6,0,0
2024-12-15,09_10,0.3,0,0
2024-12-15,10_11,2.0,0,0
2024-12-15,11_12,2.9,0,0
2024-12-15,12_13,3.6,0,0
2024-12-15,13_14,5.1,0,0
2024-12-15,14_15,4.9,0,0
2024-12-15,15_16,5.1,0,0
2024-12-15,16_17,4.5,0,0
2024-12-15,17_18,3.3,0,0
2024-12-15,18_19,2.2,0,0
2024-12-15,19_20,1.5,0,0
2024-12-15,20_21,0.7,0,0
2024-12-15,21_22,0.0,0,0
2024-12-15,22_23,-0.7,0,0
2024-12-15,23_24,-1.4,0,0
2024-12-15,24_28,-2.4,0,0
2024-12-16,04_06,-2.8,0,0
2024-12-16,06_07,-3.1,0,0
2024-12-16,07_08,-2.9,0,0
2024-12-16,08_09,-3.1,0,0
2024-12-16,09_10,-2.1,0,0
2024-12-16,10_11,1.1,0,0
2024-12-16,11_12,2.8,0,0
2024-12-16,12_13,3.8,0,0
2024-12-16,13_14,3.6,0,0
2024-12-16,14_15,2.9,0,0
2024-12-16,15_16,2.3,0,0
2024-12-16,16_17,2.2,0,0
2024-12-16,17_18,1.8,0,0
2024-12-16,18_19,1.3,0,0
2024-12-16,19_20,1.4,0,0
2024-12-16,20_21,0.8,0,0
2024-12-16,21_22,0.3,0,0
2024-12-16,22_23,-0.1,0,0
2024-12-16,23_24,-0.9,0,0
2024-12-16,24_28,-2.1,0,0
2024-12-17,04_06,-3.0,0,0
2024-12-17,06_07,-3.1,0,0
2024-12-17,07_08,-2.9,0,0
2024-12-17,08_09,-2.2,0,0
2024-12-17,09_10,-1.8,0,0
2024-12-17,10_11,-1.1,0,0
2024-12-17,11_12,-0.2,0,0
2024-12-17,12_13,1.1,0,0
2024-12-17,13_14,1.7,0,0
2024-12-17,14_15,2.5,0,0
2024-12-17,15_16,3.5,0,0
2024-12-17,16_17,3.7,0,0
2024-12-17,17_18,2.1,0,0
2024-12-17,18_19,1.0,0,0
2024-12-17,19_20,0.5,0,0
2024-12-17,20_21,-0.1,0,0
2024-12-17,21_22,-0.7,0,0
2024-12-17,22_23,-1.8,0,0
2024-12-17,23_24,-2.8,0,0
2024-12-17,24_28,-4.3,0,0
2024-12-18,04_06,-5.1,0,0
2024-12-18,06_07,-5.6,0,0
2024-12-18,07_08,-5.9,0,0
2024-12-18,08_09,-6.2,0,0
2024-12-18,09_10,-5.3,0,0
2024-12-18,10_11,-4.0,0,0
2024-12-18,11_12,-3.2,0,0
2024-12-18,12_13,-2.0,0,0
2024-12-18,13_14,-0.8,0,0
2024-12-18,14_15,-0.5,0,0
2024-12-18,15_16,0.5,0,0
2024-12-18,16_17,0.2,0,0
2024-12-18,17_18,-1.1,0,0
2024-12-18,18_19,-2.1,0,0
2024-12-18,19_20,-2.7,0,0
2024-12-18,20_21,-2.8,0,0
2024-12-18,21_22,-3.4,0,0
2024-12-18,22_23,-3.6,0,0
2024-12-18,23_24,-4.0,0,0
2024-12-18,24_28,-5.1,0,0
2024-12-19,04_06,-6.1,0,0
2024-12-19,06_07,-6.3,0,0
2024-12-19,07_08,-6.2,0,0
2024-12-19,08_09,-6.7,0,0
2024-12-19,09_10,-5.7,0,0
2024-12-19,10_11,-3.0,0,0
2024-12-19,11_12,0.2,0,0
2024-12-19,12_13,1.7,0,0
2024-12-19,13_14,2.6,0,0
2024-12-19,14_15,4.1,0,0
2024-12-19,15_16,4.9,0,0
2024-12-19,16_17,3.9,0,0
2024-12-19,17_18,2.2,0,0
2024-12-19,18_19,1.1,0,0
2024-12-19,19_20,0.1,0,0
2024-12-19,20_21,-0.3,0,0
2024-12-19,21_22,-0.4,0,0
2024-12-19,22_23,-0.8,0,0
2024-12-19,23_24,-1.0,0,0
2024-12-19,24_28,-1.6,0,0
2024-12-20,04_06,-2.0,0,0
2024-12-20,06_07,-1.3,0,0
2024-12-20,07_08,-1.0,0,0
2024-12-20,08_09,-0.8,0,0
2024-12-20,09_10,-0.3,0,0
2024-12-20,10_11,0.5,0,0
2024-12-20,11_12,1.7,0,0
2024-12-20,12_13,2.7,0,0
2024-12-20,13_14,4.1,0,0
2024-12-20,14_15,4.3,0,0
2024-12-20,15_16,4.6,0,0
2024-12-20,16_17,4.9,0,0
2024-12-20,17_18,4.0,0,0
2024-12-20,18_19,3.1,0,0
2024-12-20,19_20,3.1,0,0
2024-12-20,20_21,2.8,0,0
2024-12-20,21_22,2.5,1,1
2024-12-20,22_23,1.9,0,0
2024-12-20,23_24,1.7,1,1
2024-12-20,24_28,1.3,1,1
2024-12-21,04_06,1.7,1,0
2024-12-21,06_07,1.4,1,1
2024-12-21,07_08,1.0,1,1
2024-12-21,08_09,0.7,0,0
2024-12-21,09_10,0.5,0,0
2024-12-21,10_11,0.7,0,0
2024-12-21,11_12,0.5,0,0
2024-12-21,12_13,0.6,0,0
2024-12-21,13_14,0.4,0,0
2024-12-21,14_15,0.1,0,0
2024-12-21,15_16,0.1,0,0
2024-12-21,16_17,-0.2,0,0
2024-12-21,17_18,-0.7,0,0
2024-12-21,18_19,-1.4,0,0
2024-12-21,19_20,-2.1,0,0
2024-12-21,20_21,-2.6,0,0
2024-12-21,21_22,-3.3,0,0
2024-12-21,22_23,-3.8,0,0
2024-12-21,23_24,-4.2,0,0
2024-12-21,24_28,-5.4,0,0
2024-12-22,04_06,-6.7,0,0
2024-12-22,06_07,-7.3,0,0
2024-12-22,07_08,-7.3,0,0
2024-12-22,08_09,-7.6,0,0
2024-12-22,09_10,-6.6,0,0
2024-12-22,10_11,-4.7,0,0
2024-12-22,11_12,-3.0,0,0
2024-12-22,12_13,-1.6,0,0
2024-12-22,13_14,-0.4,0,0
2024-12-22,14_15,0.2,0,0
2024-12-22,15_16,0.5,0,0
2024-12-22,16_17,0.9,0,0
2024-12-22,17_18,0.0,0,0
2024-12-22,18_19,-0.9,0,0
2024-12-22,19_20,-1.5,0,0
2024-12-22,20_21,-1.6,0,0
2024-12-22,21_22,-1.7,0,0
2024-12-22,22_23,-2.3,0,0
2024-12-22,23_24,-2.8,0,0
2024-12-22,24_28,-3.7,0,0
2024-12-23,04_06,-4.3,0,0
2024-12-23,06_07,-4.5,0,0
2024-12-23,07_08,-4.9,0,0
2024-12-23,08_09,-4.2,0,0
2024-12-23,09_10,-3.2,0,0
2024-12-23,10_11,-1.8,0,0
2024-12-23,11_12,0.8,0,0
2024-12-23,12_13,3.8,0,0
2024-12-23,13_14,5.4,0,0
2024-12-23,14_15,5.7,0,0
2024-12-23,15_16,6.6,0,0
2024-12-23,16_17,6.5,0,0
2024-12-23,17_18,5.1,0,0
2024-12-23,18_19,3.7,0,0
2024-12-23,19_20,2.9,0,0
2024-12-23,20_21,2.0,0,0
2024-12-23,21_22,1.5,0,0
2024-12-23,22_23,0.7,0,0
2024-12-23,23_24,-0.1,0,0
2024-12-23,24_28,-2.3,0,0
2024-12-24,04_06,-3.8,0,0
2024-12-24,06_07,-4.1,0,0
2024-12-24,07_08,-4.0,0,0
2024-12-24,08_09,-4.1,0,0
2024-12-24,09_10,-3.4,0,0
2024-12-24,10_11,-1.3,0,0
2024-12-24,11_12,0.2,0,0
2024-12-24,12_13,1.9,0,0
2024-12-24,13_14,3.0,0,0
2024-12-24,14_15,4.0,0,0
2024-12-24,15_16,4.7,0,0
2024-12-24,16_17,4.4,0,0
2024-12-24,17_18,3.1,0,0
2024-12-24,18_19,1.5,0,0
2024-12-24,19_20,0.7,0,0
2024-12-24,20_21,0.2,0,0
2024-12-24,21_22,-0.3,0,0
2024-12-24,22_23,-0.2,0,0
2024-12-24,23_24,0.0,0,0
2024-12-24,24_28,-0.2,0,0
2024-12-25,04_06,-0.9,0,0
2024-12-25,06_07,-0.8,0,0
2024-12-25,07_08,-0.9,0,0
2024-12-25,08_09,-0.9,0,0
2024-12-25,09_10,-0.6,0,0
2024-12-25,10_11,0.2,0,0
2024-12-25,11_12,2.3,0,0
2024-12-25,12_13,3.5,0,0
2024-12-25,13_14,4.7,0,0
2024-12-25,14_15,6.0,0,0
2024-12-25,15_16,5.9,0,0
2024-12-25,16_17,5.7,0,0
2024-12-25,17_18,5.2,0,0
2024-12-25,18_19,4.6,0,0
2024-12-25,19_20,5.0,0,0
2024-12-25,20_21,5.1,0,0
2024-12-25,21_22,5.1,0,0
2024-12-25,22_23,4.8,1,0
2024-12-25,23_24,4.8,0,0
2024-12-25,24_28,3.6,0,0
2024-12-26,04_06,3.8,0,0
2024-12-26,06_07,2.5,0,0
2024-12-26,07_08,1.8,0,0
2024-12-26,08_09,1.0,0,0
2024-12-26,09_10,0.3,0,0
2024-12-26,10_11,0.5,0,0
2024-12-26,11_12,0.5,0,0
2024-12-26,12_13,1.3,0,0
2024-12-26,13_14,1.5,0,0
2024-12-26,14_15,1.2,0,0
2024-12-26,15_16,2.4,0,0
2024-12-26,16_17,1.8,0,0
2024-12-26,17_18,0.7,0,0
2024-12-26,18_19,-0.4,0,0
2024-12-26,19_20,-1.4,0,0
2024-12-26,20_21,-2.3,0,0
2024-12-26,21_22,-3.6,0,0
2024-12-26,22_23,-4.0,0,0
2024-12-26,23_24,-4.4,0,0
2024-12-26,24_28,-4.9,0,0
2024-12-27,04_06,-5.0,0,0
2024-12-27,06_07,-5.1,0,0
2024-12-27,07_08,-5.7,0,0
2024-12-27,08_09,-5.7,0,0
2024-12-27,09_10,-5.2,0,0
2024-12-27,10_11,-2.9,0,0
2024-12-27,11_12,-2.2,0,0
2024-12-27,12_13,-0.8,0,0
2024-12-27,13_14,0.0,0,0
2024-12-27,14_15,1.7,0,0
2024-12-27,15_16,1.1,0,0
2024-12-27,16_17,1.1,0,0
2024-12-27,17_18,0.3,0,0
2024-12-27,18_19,-0.6,0,0
2024-12-27,19_20,-1.0,0,0
2024-12-27,20_21,-1.4,0,0
2024-12-27,21_22,-1.3,0,0
2024-12-27,22_23,-1.2,0,0
2024-12-27,23_24,-2.6,0,0
2024-12-27,24_28,-4.6,0,0
2024-12-28,04_06,-5.4,0,0
2024-12-28,06_07,-5.7,0,0
2024-12-28,07_08,-6.2,0,0
2024-12-28,08_09,-6.5,0,0
2024-12-28,09_10,-6.0,0,0
2024-12-28,10_11,-4.3,0,0
2024-12-28,11_12,-3.2,0,0
2024-12-28,12_13,-1.7,0,0
2024-12-28,13_14,-0.8,0,0
2024-12-28,14_15,-0.3,0,0
2024-12-28,15_16,0.9,0,0
2024-12-28,16_17,0.2,0,0
2024-12-28,17_18,-0.5,0,0
2024-12-28,18_19,-1.1,0,0
2024-12-28,19_20,-1.4,0,0
2024-12-28,20_21,-1.7,0,0
2024-12-28,21_22,-2.3,0,0
2024-12-28,22_23,-2.9,0,0
2024-12-28,23_24,-3.1,0,0
2024-12-28,24_28,-1.9,0,0
2024-12-29,04_06,-2.2,0,0
2024-12-29,06_07,-3.1,0,0
2024-12-29,07_08,-3.6,0,0
2024-12-29,08_09,-4.1,0,0
2024-12-29,09_10,-3.8,0,0
2024-12-29,10_11,-1.1,0,0
2024-12-29,11_12,1.0,0,0
2024-12-29,12_13,3.7,0,0
2024-12-29,13_14,5.0,0,0
2024-12-29,14_15,5.3,0,0
2024-12-29,15_16,5.1,0,0
2024-12-29,16_17,4.6,0,0
2024-12-29,17_18,4.3,0,0
2024-12-29,18_19,3.9,0,0
2024-12-29,19_20,3.5,0,0
2024-12-29,20_21,3.0,0,0
2024-12-29,21_22,2.6,0,0
2024-12-29,22_23,2.4,0,0
2024-12-29,23_24,2.3,0,0
2024-12-29,24_28,2.2,0,0
2024-12-30,04_06,2.3,0,0
2024-12-30,06_07,2.5,0,0
2024-12-30,07_08,2.7,0,0
2024-12-30,08_09,2.7,0,0
2024-12-30,09_10,2.8,0,0
2024-12-30,10_11,4.0,0,0
2024-12-30,11_12,5.7,0,0
2024-12-30,12_13,9.3,0,0
2024-12-30,13_14,9.9,0,0
2024-12-30,14_15,9.7,0,0
2024-12-30,15_16,9.1,0,0
2024-12-30,16_17,8.8,0,0
2024-12-30,17_18,8.2,0,0
2024-12-30,18_19,7.8,0,0
2024-12-30,19_20,6.9,0,0
2024-12-30,20_21,6.1,0,0
2024-12-30,21_22,5.6,0,0
2024-12-30,22_23,4.9,0,0
2024-12-30,23_24,4.1,0,0
2024-12-30,24_28,3.4,0,0
2024-12-31,04_06,0.6,0,0
2024-12-31,06_07,-0.6,0,0
2024-12-31,07_08,-1.0,0,0
2024-12-31,08_09,-1.8,0,0
2024-12-31,09_10,-1.5,0,0
2024-12-31,10_11,0.2,0,0
2024-12-31,11_12,1.1,0,0
2024-12-31,12_13,1.9,0,0
2024-12-31,13_14,2.4,0,0
2024-12-31,14_15,3.5,0,0
2024-12-31,15_16,3.9,0,0
2024-12-31,16_17,3.9,0,0
2024-12-31,17_18,2.5,0,0
2024-12-31,18_19,1.2,0,0
2024-12-31,19_20,0.5,0,0
2024-12-31,20_21,0.0,0,0
2024-12-31,21_22,-0.7,0,0
2024-12-31,22_23,-1.0,0,0
2024-12-31,23_24,-1.4,0,0
2024-12-31,24_28,-1.7,0,0
2025-01-01,04_06,-2.4,0,0
2025-01-01,06_07,-1.9,0,0
2025-01-01,07_08,-1.3,0,0
2025-01-01,08_09,-0.8,0,0
2025-01-01,09_10,-0.1,0,0
2025-01-01,10_11,1.2,0,0
2025-01-01,11_12,3.1,0,0
2025-01-01,12_13,6.7,0,0
2025-01-01,13_14,7.8,0,0
2025-01-01,14_15,7.7,0,0
2025-01-01,15_16,8.5,0,0
2025-01-01,16_17,8.4,0,0
2025-01-01,17_18,7.1,0,0
2025-01-01,18_19,5.6,0,0
2025-01-01,19_20,4.7,0,0
2025-01-01,20_21,3.8,0,0
2025-01-01,21_22,3.3,0,0
2025-01-01,22_23,3.0,0,0
2025-01-01,23_24,1.9,0,0
2025-01-01,24_28,-0.2,0,0
2025-01-02,04_06,-1.9,0,0
2025-01-02,06_07,-2.5,0,0
2025-01-02,07_08,-2.5,0,0
2025-01-02,08_09,-2.8,0,0
2025-01-02,09_10,-2.3,0,0
2025-01-02,10_11,-0.3,0,0
2025-01-02,11_12,1.9,0,0
2025-01-02,12_13,3.5,0,0
2025-01-02,13_14,4.8,0,0
2025-01-02,14_15,5.2,0,0
2025-01-02,15_16,5.9,0,0
2025-01-02,16_17,5.4,0,0
2025-01-02,17_18,4.1,0,0
2025-01-02,18_19,2.7,0,0
2025-01-02,19_20,1.8,0,0
2025-01-02,20_21,1.0,0,0
2025-01-02,21_22,0.0,0,0
2025-01-02,22_23,-0.2,0,0
2025-01-02,23_24,-0.8,0,0
2025-01-02,24_28,-3.0,0,0
2025-01-03,04_06,-4.6,0,0
2025-01-03,06_07,-5.1,0,0
2025-01-03,07_08,-4.9,0,0
2025-01-03,08_09,-4.7,0,0
2025-01-03,09_10,-4.1,0,0
2025-01-03,10_11,-2.6,0,0
2025-01-03,11_12,-0.1,0,0
2025-01-03,12_13,1.9,0,0
2025-01-03,13_14,2.3,0,0
2025-01-03,14_15,2.7,0,0
2025-01-03,15_16,2.2,0,0
2025-01-03,16_17,3.1,0,0
2025-01-03,17_18,2.1,0,0
2025-01-03,18_19,1.2,0,0
2025-01-03,19_20,0.9,0,0
2025-01-03,20_21,0.4,0,0
2025-01-03,21_22,0.5,0,0
2025-01-03,22_23,0.4,0,0
2025-01-03,23_24,-0.7,0,0
2025-01-03,24_28,-2.8,0,0
2025-01-04,04_06,-4.2,0,0
2025-01-04,06_07,-4.9,0,0
2025-01-04,07_08,-5.1,0,0
2025-01-04,08_09,-5.4,0,0
2025-01-04,09_10,-4.7,0,0
2025-01-04,10_11,-1.7,0,0
2025-01-04,11_12,0.7,0,0
2025-01-04,12_13,3.3,0,0
2025-01-04,13_14,3.7,0,0
2025-01-04,14_15,5.1,0,0
2025-01-04,15_16,5.5,0,0
2025-01-04,16_17,4.8,0,0
2025-01-04,17_18,3.6,0,0
2025-01-04,18_19,3.0,0,0
2025-01-04,19_20,2.4,0,0
2025-01-04,20_21,1.3,0,0
2025-01-04,21_22,0.8,0,0
2025-01-04,22_23,0.4,0,0
2025-01-04,23_24,0.0,0,0
2025-01-04,24_28,-0.4,0,0
2025-01-05,04_06,0.6,1,1
2025-01-05,06_07,0.5,1,1
2025-01-05,07_08,-0.2,1,1
2025-01-05,08_09,-0.2,1,1
2025-01-05,09_10,-0.3,1,1
2025-01-05,10_11,-0.1,1,1
2025-01-05,11_12,0.4,1,1
2025-01-05,12_13,0.6,1,1
2025-01-05,13_14,0.8,1,0
2025-01-05,14_15,1.2,0,0
2025-01-05,15_16,1.8,0,0
2025-01-05,16_17,1.8,0,0
2025-01-05,17_18,1.9,0,0
2025-01-05,18_19,1.9,0,0
2025-01-05,19_20,2.1,0,0
2025-01-05,20_21,2.2,0,0
2025-01-05,21_22,2.2,0,0
2025-01-05,22_23,2.4,0,0
2025-01-05,23_24,2.4,0,0
2025-01-05,24_28,2.6,1,0
2025-01-06,04_06,2.3,1,0
2025-01-06,06_07,2.2,0,0
2025-01-06,07_08,2.2,0,0
2025-01-06,08_09,2.3,0,0
2025-01-06,09_10,2.5,0,0
2025-01-06,10_11,2.1,0,0
2025-01-06,11_12,2.3,0,0
2025-01-06,12_13,2.7,0,0
2025-01-06,13_14,2.9,0,0
2025-01-06,14_15,2.7,0,0
2025-01-06,15_16,2.4,0,0
2025-01-06,16_17,2.0,0,0
2025-01-06,17_18,1.2,0,0
2025-01-06,18_19,0.2,0,0
2025-01-06,19_20,-0.7,0,0
2025-01-06,20_21,-1.3,0,0
2025-01-06,21_22,-1.8,0,0
2025-01-06,22_23,-2.4,0,0
2025-01-06,23_24,-2.8,0,0
2025-01-06,24_28,-3.4,0,0
2025-01-07,04_06,-4.3,0,0
2025-01-07,06_07,-5.0,0,0
2025-01-07,07_08,-5.1,0,0
2025-01-07,08_09,-5.7,0,0
2025-01-07,09_10,-5.1,0,0
2025-01-07,10_11,-3.3,0,0
2025-01-07,11_12,-1.4,0,0
2025-01-07,12_13,-0.6,0,0
2025-01-07,13_14,0.7,0,0
2025-01-07,14_15,1.0,0,0
2025-01-07,15_16,0.7,0,0
2025-01-07,16_17,0.0,0,0
2025-01-07,17_18,-0.4,0,0
2025-01-07,18_19,-1.0,1,1
2025-01-07,19_20,-1.4,0,0
2025-01-07,20_21,-1.7,0,0
2025-01-07,21_22,-1.9,0,0
2025-01-07,22_23,-2.7,0,0
2025-01-07,23_24,-3.9,0,0
2025-01-07,24_28,-4.4,0,0
2025-01-08,04_06,-4.4,0,0
2025-01-08,06_07,-4.5,0,0
2025-01-08,07_08,-4.5,0,0
2025-01-08,08_09,-4.8,0,0
2025-01-08,09_10,-4.1,0,0
2025-01-08,10_11,-2.9,0,0
2025-01-08,11_12,-1.8,0,0
2025-01-08,12_13,-1.0,0,0
2025-01-08,13_14,-0.3,0,0
2025-01-08,14_15,-0.1,0,0
2025-01-08,15_16,0.1,0,0
2025-01-08,16_17,-0.1,0,0
2025-01-08,17_18,-1.0,0,0
2025-01-08,18_19,-2.0,0,0
2025-01-08,19_20,-2.9,0,0
2025-01-08,20_21,-4.1,0,0
2025-01-08,21_22,-5.2,0,0
2025-01-08,22_23,-5.8,0,0
2025-01-08,23_24,-5.7,0,0
2025-01-08,24_28,-7.6,0,0
2025-01-09,04_06,-9.0,0,0
2025-01-09,06_07,-9.5,0,0
2025-01-09,07_08,-9.8,0,0
2025-01-09,08_09,-10.1,0,0
2025-01-09,09_10,-10.1,0,0
2025-01-09,10_11,-9.4,0,0
2025-01-09,11_12,-8.5,0,0
2025-01-09,12_13,-8.1,0,0
2025-01-09,13_14,-8.5,0,0
2025-01-09,14_15,-8.1,0,0
2025-01-09,15_16,-8.0,0,0
2025-01-09,16_17,-8.6,0,0
2025-01-09,17_18,-9.4,0,0
2025-01-09,18_19,-10.3,0,0
2025-01-09,19_20,-10.6,0,0
2025-01-09,20_21,-11.1,0,0
2025-01-09,21_22,-11.4,0,0
2025-01-09,22_23,-11.3,0,0
2025-01-09,23_24,-11.4,0,0
2025-01-09,24_28,-11.6,0,0
2025-01-10,04_06,-11.6,0,0
2025-01-10,06_07,-11.5,0,0
2025-01-10,07_08,-12.0,0,0
2025-01-10,08_09,-12.1,0,0
2025-01-10,09_10,-11.2,0,0
2025-01-10,10_11,-8.8,0,0
2025-01-10,11_12,-7.8,0,0
2025-01-10,12_13,-5.4,0,0
2025-01-10,13_14,-4.4,0,0
2025-01-10,14_15,-3.4,0,0
2025-01-10,15_16,-2.0,0,0
2025-01-10,16_17,-2.3,0,0
2025-01-10,17_18,-3.0,0,0
2025-01-10,18_19,-4.2,0,0
2025-01-10,19_20,-5.2,0,0
2025-01-10,20_21,-5.7,0,0
2025-01-10,21_22,-6.1,0,0
2025-01-10,22_23,-5.9,0,0
2025-01-10,23_24,-6.0,0,0
2025-01-10,24_28,-6.8,0,0
2025-01-11,04_06,-8.3,0,0
2025-01-11,06_07,-9.0,0,0
2025-01-11,07_08,-9.2,0,0
2025-01-11,08_09,-9.4,0,0
2025-01-11,09_10,-8.7,0,0
2025-01-11,10_11,-6.3,0,0
2025-01-11,11_12,-4.4,0,0
2025-01-11,12_13,-2.7,0,0
2025-01-11,13_14,-0.5,0,0
2025-01-11,14_15,-0.9,0,0
2025-01-11,15_16,0.3,0,0
2025-01-11,16_17,-0.6,0,0
2025-01-11,17_18,-1.4,0,0
2025-01-11,18_19,-2.5,0,0
2025-01-11,19_20,-3.3,0,0
2025-01-11,20_21,-4.0,0,0
2025-01-11,21_22,-5.0,0,0
2025-01-11,22_23,-5.4,0,0
2025-01-11,23_24,-6.0,0,0
2025-01-11,24_28,-6.3,0,0
2025-01-12,04_06,-7.3,0,0
2025-01-12,06_07,-7.7,0,0
2025-01-12,07_08,-8.0,0,0
2025-01-12,08_09,-8.2,0,0
2025-01-12,09_10,-7.7,0,0
2025-01-12,10_11,-5.5,0,0
2025-01-12,11_12,-3.0,0,0
2025-01-12,12_13,-1.0,0,0
2025-01-12,13_14,1.2,0,0
2025-01-12,14_15,1.9,0,0
2025-01-12,15_16,1.6,0,0
2025-01-12,16_17,1.8,0,0
2025-01-12,17_18,1.1,0,0
2025-01-12,18_19,-0.2,0,0
2025-01-12,19_20,-0.9,0,0
2025-01-12,20_21,-1.5,0,0
2025-01-12,21_22,-2.5,0,0
2025-01-12,22_23,-3.2,0,0
2025-01-12,23_24,-3.2,0,0
2025-01-12,24_28,-4.2,0,0
2025-01-13,04_06,-5.2,0,0
2025-01-13,06_07,-5.6,0,0
2025-01-13,07_08,-5.1,0,0
2025-01-13,08_09,-4.2,0,0
2025-01-13,09_10,-3.4,0,0
2025-01-13,10_11,-2.2,0,0
2025-01-13,11_12,-0.8,0,0
2025-01-13,12_13,1.1,0,0
2025-01-13,13_14,2.6,0,0
2025-01-13,14_15,3.9,0,0
2025-01-13,15_16,3.9,0,0
2025-01-13,16_17,3.5,1,1
2025-01-13,17_18,2.1,1,0
2025-01-13,18_19,2.0,1,0
2025-01-13,19_20,1.6,0,0
2025-01-13,20_21,1.6,0,0
2025-01-13,21_22,1.6,0,0
2025-01-13,22_23,1.6,0,0
2025-01-13,23_24,1.8,0,0
2025-01-13,24_28,1.8,0,0
2025-01-14,04_06,1.9,1,0
2025-01-14,06_07,1.7,0,0
2025-01-14,07_08,1.1,0,0
2025-01-14,08_09,0.8,0,0
2025-01-14,09_10,1.2,0,0
2025-01-14,10_11,1.8,0,0
2025-01-14,11_12,3.0,0,0
2025-01-14,12_13,5.0,0,0
2025-01-14,13_14,5.0,0,0
2025-01-14,14_15,4.7,0,0
2025-01-14,15_16,4.8,0,0
2025-01-14,16_17,4.8,0,0
2025-01-14,17_18,4.3,0,0
2025-01-14,18_19,3.8,0,0
2025-01-14,19_20,3.2,0,0
2025-01-14,20_21,2.5,0,0
2025-01-14,21_22,1.6,0,0
2025-01-14,22_23,0.1,0,0
2025-01-14,23_24,-1.1,0,0
2025-01-14,24_28,-2.5,0,0
2025-01-15,04_06,-4.0,0,0
2025-01-15,06_07,-4.8,0,0
2025-01-15,07_08,-5.0,0,0
2025-01-15,08_09,-5.2,0,0
2025-01-15,09_10,-4.6,0,0
2025-01-15,10_11,-3.8,0,0
2025-01-15,11_12,-3.2,0,0
2025-01-15,12_13,-2.6,0,0
2025-01-15,13_14,-1.6,0,0
2025-01-15,14_15,-1.7,0,0
2025-01-15,15_16,-0.9,0,0
2025-01-15,16_17,-1.0,0,0
2025-01-15,17_18,-1.9,0,0
2025-01-15,18_19,-2.7,0,0
2025-01-15,19_20,-3.2,0,0
2025-01-15,20_21,-3.4,0,0
2025-01-15,21_22,-4.0,0,0
2025-01-15,22_23,-4.5,0,0
2025-01-15,23_24,-5.0,0,0
2025-01-15,24_28,-4.3,0,0
2025-01-16,04_06,-3.6,0,0
2025-01-16,06_07,-3.4,0,0
2025-01-16,07_08,-3.2,0,0
2025-01-16,08_09,-2.9,0,0
2025-01-16,09_10,-2.5,0,0
2025-01-16,10_11,-2.0,0,0
2025-01-16,11_12,-1.0,0,0
2025-01-16,12_13,0.3,0,0
2025-01-16,13_14,1.4,0,0
2025-01-16,14_15,2.5,0,0
2025-01-16,15_16,2.8,0,0
2025-01-16,16_17,2.6,0,0
2025-01-16,17_18,2.5,0,0
2025-01-16,18_19,2.5,0,0
2025-01-16,19_20,2.0,0,0
2025-01-16,20_21,1.9,0,0
2025-01-16,21_22,1.5,0,0
2025-01-16,22_23,0.7,0,0
2025-01-16,23_24,-0.3,0,0
2025-01-16,24_28,-2.2,0,0
2025-01-17,04_06,-3.8,0,0
2025-01-17,06_07,-4.4,0,0
2025-01-17,07_08,-4.5,0,0
2025-01-17,08_09,-4.9,0,0
2025-01-17,09_10,-4.4,0,0
2025-01-17,10_11,-1.9,0,0
2025-01-17,11_12,-0.1,0,0
2025-01-17,12_13,1.8,0,0
2025-01-17,13_14,4.5,0,0
2025-01-17,14_15,5.1,0,0
2025-01-17,15_16,4.6,0,0
2025-01-17,16_17,5.0,0,0
2025-01-17,17_18,4.2,0,0
2025-01-17,18_19,2.8,0,0
2025-01-17,19_20,1.8,0,0
2025-01-17,20_21,0.8,0,0
2025-01-17,21_22,0.1,0,0
2025-01-17,22_23,-0.6,0,0
2025-01-17,23_24,-1.0,0,0
2025-01-17,24_28,-1.9,0,0
2025-01-18,04_06,-3.0,0,0
2025-01-18,06_07,-3.5,0,0
2025-01-18,07_08,-3.6,0,0
2025-01-18,08_09,-4.0,0,0
2025-01-18,09_10,-2.8,0,0
2025-01-18,10_11,-0.5,0,0
2025-01-18,11_12,2.2,0,0
2025-01-18,12_13,4.4,0,0
2025-01-18,13_14,6.1,0,0
2025-01-18,14_15,7.4,0,0
2025-01-18,15_16,6.8,0,0
2025-01-18,16_17,6.8,0,0
2025-01-18,17_18,5.7,0,0
2025-01-18,18_19,4.1,0,0
2025-01-18,19_20,3.1,0,0
2025-01-18,20_21,2.1,0,0
2025-01-18,21_22,1.2,0,0
2025-01-18,22_23,0.7,0,0
2025-01-18,23_24,0.1,0,0
2025-01-18,24_28,-0.6,0,0
2025-01-19,04_06,0.2,0,0
2025-01-19,06_07,0.5,0,0
2025-01-19,07_08,0.5,0,0
2025-01-19,08_09,0.9,0,0
2025-01-19,09_10,1.2,0,0
2025-01-19,10_11,2.1,0,0
2025-01-19,11_12,3.1,0,0
2025-01-19,12_13,4.9,0,0
2025-01-19,13_14,6.7,0,0
2025-01-19,14_15,8.4,0,0
2025-01-19,15_16,8.8,0,0
2025-01-19,16_17,8.2,0,0
2025-01-19,17_18,7.7,0,0
2025-01-19,18_19,6.8,0,0
2025-01-19,19_20,6.0,0,0
2025-01-19,20_21,5.5,0,0
2025-01-19,21_22,5.3,0,0
2025-01-19,22_23,4.8,0,0
2025-01-19,23_24,4.3,0,0
2025-01-19,24_28,3.3,0,0
2025-01-20,04_06,3.5,0,0
2025-01-20,06_07,3.7,0,0
2025-01-20,07_08,3.3,0,0
2025-01-20,08_09,3.1,0,0
2025-01-20,09_10,3.3,0,0
2025-01-20,10_11,4.3,0,0
2025-01-20,11_12,4.6,0,0
2025-01-20,12_13,5.0,0,0
2025-01-20,13_14,6.1,0,0
2025-01-20,14_15,7.0,0,0
2025-01-20,15_16,7.3,0,0
2025-01-20,16_17,7.2,0,0
2025-01-20,17_18,6.1,0,0
2025-01-20,18_19,4.8,0,0
2025-01-20,19_20,3.9,0,0
2025-01-20,20_21,2.9,0,0
2025-01-20,21_22,2.6,0,0
2025-01-20,22_23,1.9,0,0
2025-01-20,23_24,1.4,0,0
2025-01-20,24_28,0.6,0,0
2025-01-21,04_06,-0.2,0,0
2025-01-21,06_07,-0.6,0,0
2025-01-21,07_08,-0.7,0,0
2025-01-21,08_09,-0.9,0,0
2025-01-21,09_10,-0.3,0,0
2025-01-21,10_11,1.1,0,0
2025-01-21,11_12,3.2,0,0
2025-01-21,12_13,4.8,0,0
2025-01-21,13_14,5.5,0,0
2025-01-21,14_15,6.3,0,0
2025-01-21,15_16,6.1,0,0
2025-01-21,16_17,5.7,0,0
2025-01-21,17_18,5.2,0,0
2025-01-21,18_19,4.2,0,0
2025-01-21,19_20,3.2,0,0
2025-01-21,20_21,2.7,0,0
2025-01-21,21_22,2.2,0,0
2025-01-21,22_23,2.2,0,0
2025-01-21,23_24,2.3,0,0
2025-01-21,24_28,2.4,0,0
2025-01-22,04_06,2.3,0,0
2025-01-22,06_07,3.2,0,0
2025-01-22,07_08,3.4,0,0
2025-01-22,08_09,2.9,0,0
2025-01-22,09_10,3.0,0,0
2025-01-22,10_11,3.4,0,0
2025-01-22,11_12,3.9,0,0
2025-01-22,12_13,5.7,0,0
2025-01-22,13_14,6.7,0,0
2025-01-22,14_15,7.3,0,0
2025-01-22,15_16,7.5,0,0
2025-01-22,16_17,7.0,0,0
2025-01-22,17_18,6.1,0,0
2025-01-22,18_19,4.6,0,0
2025-01-22,19_20,3.4,0,0
2025-01-22,20_21,2.6,0,0
2025-01-22,21_22,1.8,0,0
2025-01-22,22_23,1.7,0,0
2025-01-22,23_24,1.3,0,0
2025-01-22,24_28,-0.2,0,0
2025-01-23,04_06,-1.2,0,0
2025-01-23,06_07,-1.8,0,0
2025-01-23,07_08,-2.3,0,0
2025-01-23,08_09,-2.1,0,0
2025-01-23,09_10,-1.6,0,0
2025-01-23,10_11,1.2,0,0
2025-01-23,11_12,3.0,0,0
2025-01-23,12_13,5.8,0,0
2025-01-23,13_14,5.8,0,0
2025-01-23,14_15,6.9,0,0
2025-01-23,15_16,7.4,0,0
2025-01-23,16_17,7.3,0,0
2025-01-23,17_18,6.2,0,0
2025-01-23,18_19,4.6,0,0
2025-01-23,19_20,3.1,0,0
2025-01-23,20_21,2.3,0,0
2025-01-23,21_22,1.7,0,0
2025-01-23,22_23,0.9,0,0
2025-01-23,23_24,0.5,0,0
2025-01-23,24_28,-0.6,0,0
2025-01-24,04_06,-1.6,0,0
2025-01-24,06_07,-2.2,0,0
2025-01-24,07_08,-2.3,0,0
2025-01-24,08_09,-2.6,0,0
2025-01-24,09_10,-2.0,0,0
2025-01-24,10_11,1.8,0,0
2025-01-24,11_12,4.2,0,0
2025-01-24,12_13,6.4,0,0
2025-01-24,13_14,7.9,0,0
2025-01-24,14_15,9.2,0,0
2025-01-24,15_16,9.7,0,0
2025-01-24,16_17,10.3,0,0
2025-01-24,17_18,9.0,0,0
2025-01-24,18_19,7.4,0,0
2025-01-24,19_20,6.0,0,0
2025-01-24,20_21,4.7,0,0
2025-01-24,21_22,4.1,0,0
2025-01-24,22_23,3.3,0,0
2025-01-24,23_24,2.7,0,0
2025-01-24,24_28,2.3,0,0
2025-01-25,04_06,1.6,0,0
2025-01-25,06_07,1.3,0,0
2025-01-25,07_08,1.9,0,0
2025-01-25,08_09,2.3,0,0
2025-01-25,09_10,3.6,0,0
2025-01-25,10_11,6.0,0,0
2025-01-25,11_12,7.8,0,0
2025-01-25,12_13,9.2,0,0
2025-01-25,13_14,10.1,0,0
2025-01-25,14_15,11.2,0,0
2025-01-25,15_16,9.8,0,0
2025-01-25,16_17,9.3,0,0
2025-01-25,17_18,9.7,0,0
2025-01-25,18_19,7.8,0,0
2025-01-25,19_20,6.7,0,0
2025-01-25,20_21,5.6,0,0
2025-01-25,21_22,4.7,0,0
2025-01-25,22_23,4.4,0,0
2025-01-25,23_24,3.9,0,0
2025-01-25,24_28,3.2,0,0
2025-01-26,04_06,2.9,0,0
2025-01-26,06_07,2.0,0,0
2025-01-26,07_08,1.9,0,0
2025-01-26,08_09,2.0,0,0
2025-01-26,09_10,2.5,0,0
2025-01-26,10_11,3.7,0,0
2025-01-26,11_12,5.6,0,0
2025-01-26,12_13,6.6,0,0
2025-01-26,13_14,7.0,0,0
2025-01-26,14_15,7.5,0,0
2025-01-26,15_16,7.2,0,0
2025-01-26,16_17,6.9,0,0
2025-01-26,17_18,6.4,0,0
2025-01-26,18_19,5.8,0,0
2025-01-26,19_20,5.2,0,0
2025-01-26,20_21,4.7,0,0
2025-01-26,21_22,4.5,0,0
2025-01-26,22_23,4.6,0,0
2025-01-26,23_24,5.2,0,0
2025-01-26,24_28,3.9,1,0
2025-01-27,04_06,2.7,1,0
2025-01-27,06_07,2.9,1,0
2025-01-27,07_08,1.9,1,1
2025-01-27,08_09,1.3,1,1
2025-01-27,09_10,0.5,0,1
2025-01-27,10_11,-0.7,1,1
2025-01-27,11_12,-0.3,0,0
2025-01-27,12_13,0.0,0,0
2025-01-27,13_14,1.0,0,0
2025-01-27,14_15,1.3,0,0
2025-01-27,15_16,0.4,1,1
2025-01-27,16_17,-0.8,1,1
2025-01-27,17_18,-0.6,0,1
2025-01-27,18_19,-1.0,0,0
2025-01-27,19_20,-1.4,0,0
2025-01-27,20_21,-1.4,0,0
2025-01-27,21_22,-1.5,0,0
2025-01-27,22_23,-1.7,1,1
2025-01-27,23_24,-2.3,0,1
2025-01-27,24_28,-2.9,1,1
2025-01-28,04_06,-3.8,0,1
2025-01-28,06_07,-3.9,0,0
2025-01-28,07_08,-4.2,0,0
2025-01-28,08_09,-4.3,0,0
2025-01-28,09_10,-4.1,0,0
2025-01-28,10_11,-3.5,0,0
2025-01-28,11_12,-3.2,0,0
2025-01-28,12_13,-3.0,0,1
2025-01-28,13_14,-3.2,0,1
2025-01-28,14_15,-3.0,0,0
2025-01-28,15_16,-2.6,0,0
2025-01-28,16_17,-2.9,0,0
2025-01-28,17_18,-3.1,0,0
2025-01-28,18_19,-4.0,0,0
2025-01-28,19_20,-4.7,0,0
2025-01-28,20_21,-4.9,0,0
2025-01-28,21_22,-4.9,0,0
2025-01-28,22_23,-5.0,0,0
2025-01-28,23_24,-5.2,0,1
2025-01-28,24_28,-5.0,0,1
2025-01-29,04_06,-5.3,1,1
2025-01-29,06_07,-5.8,0,0
2025-01-29,07_08,-6.2,0,0
2025-01-29,08_09,-6.3,0,0
2025-01-29,09_10,-6.4,0,0
2025-01-29,10_11,-5.3,0,0
2025-01-29,11_12,-4.5,0,0
2025-01-29,12_13,-3.6,0,0
2025-01-29,13_14,-2.1,0,0
2025-01-29,14_15,-1.5,0,0
2025-01-29,15_16,-2.3,0,0
2025-01-29,16_17,-1.9,0,0
2025-01-29,17_18,-2.5,0,0
2025-01-29,18_19,-3.6,0,0
2025-01-29,19_20,-4.3,0,0
2025-01-29,20_21,-4.7,0,0
2025-01-29,21_22,-5.0,0,0
2025-01-29,22_23,-5.4,0,0
2025-01-29,23_24,-5.4,0,0
2025-01-29,24_28,-6.0,0,0
2025-01-30,04_06,-6.8,0,0
2025-01-30,06_07,-7.2,0,0
2025-01-30,07_08,-7.3,0,0
2025-01-30,08_09,-7.4,0,0
2025-01-30,09_10,-7.0,0,0
2025-01-30,10_11,-5.2,0,0
2025-01-30,11_12,-3.4,0,0
2025-01-30,12_13,-2.3,0,0
2025-01-30,13_14,-1.2,0,0
2025-01-30,14_15,-1.3,0,0
2025-01-30,15_16,-1.3,0,0
2025-01-30,16_17,-1.7,0,0
2025-01-30,17_18,-1.7,0,0
2025-01-30,18_19,-1.8,0,0
2025-01-30,19_20,-1.8,0,0
2025-01-30,20_21,-1.9,0,0
2025-01-30,21_22,-2.1,0,0
2025-01-30,22_23,-1.9,0,0
2025-01-30,23_24,-2.0,0,0
2025-01-30,24_28,-1.8,0,1
2025-01-31,04_06,-2.1,0,1
2025-01-31,06_07,-2.5,1,0
2025-01-31,07_08,-2.6,0,1
2025-01-31,08_09,-2.4,0,0
2025-01-31,09_10,-2.1,0,1
2025-01-31,10_11,-1.9,0,0
2025-01-31,11_12,-1.5,0,0
2025-01-31,12_13,-0.9,0,0
2025-01-31,13_14,-0.6,1,1
2025-01-31,14_15,-0.7,1,1
2025-01-31,15_16,-0.4,1,1
2025-01-31,16_17,-0.2,0,1
2025-01-31,17_18,-0.1,1,1
2025-01-31,18_19,0.0,1,1
2025-01-31,19_20,0.2,1,1
2025-01-31,20_21,0.3,0,0
2025-01-31,21_22,0.4,0,0
2025-01-31,22_23,0.6,0,0
2025-01-31,23_24,0.6,0,0
2025-01-31,24_28,0.1,0,0
2025-02-01,04_06,-1.2,0,0
2025-02-01,06_07,-1.8,0,0
2025-02-01,07_08,-2.0,0,0
2025-02-01,08_09,-2.0,0,0
2025-02-01,09_10,-1.6,0,0
2025-02-01,10_11,-0.4,0,0
2025-02-01,11_12,1.5,0,0
2025-02-01,12_13,2.6,0,0
2025-02-01,13_14,3.8,0,0
2025-02-01,14_15,5.5,0,0
2025-02-01,15_16,7.2,0,0
2025-02-01,16_17,7.8,0,0
2025-02-01,17_18,6.9,0,0
2025-02-01,18_19,5.0,0,0
2025-02-01,19_20,3.7,0,0
2025-02-01,20_21,2.6,0,0
2025-02-01,21_22,1.7,0,0
2025-02-01,22_23,0.9,0,0
2025-02-01,23_24,0.3,0,0
2025-02-01,24_28,-0.7,0,0
2025-02-02,04_06,-1.6,0,0
2025-02-02,06_07,-2.2,0,0
2025-02-02,07_08,-2.0,0,0
2025-02-02,08_09,-2.4,0,0
2025-02-02,09_10,-1.5,0,0
2025-02-02,10_11,1.1,0,0
2025-02-02,11_12,4.2,0,0
2025-02-02,12_13,4.9,0,0
2025-02-02,13_14,5.2,0,0
2025-02-02,14_15,6.4,0,0
2025-02-02,15_16,6.6,0,0
2025-02-02,16_17,6.2,0,0
2025-02-02,17_18,5.2,0,0
2025-02-02,18_19,3.7,0,0
2025-02-02,19_20,2.2,0,0
2025-02-02,20_21,1.7,0,0
2025-02-02,21_22,1.5,0,0
2025-02-02,22_23,1.7,0,0
2025-02-02,23_24,1.3,0,0
2025-02-02,24_28,0.1,0,0
2025-02-03,04_06,-1.8,0,0
2025-02-03,06_07,-3.0,0,0
2025-02-03,07_08,-4.1,0,0
2025-02-03,08_09,-4.7,0,0
2025-02-03,09_10,-4.7,0,0
2025-02-03,10_11,-4.3,0,0
2025-02-03,11_12,-3.9,0,0
2025-02-03,12_13,-3.0,0,0
2025-02-03,13_14,-3.0,0,0
2025-02-03,14_15,-2.2,0,0
2025-02-03,15_16,-1.8,0,0
2025-02-03,16_17,-2.5,0,0
2025-02-03,17_18,-2.9,0,0
2025-02-03,18_19,-4.4,0,0
2025-02-03,19_20,-5.3,0,0
2025-02-03,20_21,-6.2,0,0
2025-02-03,21_22,-7.1,0,0
2025-02-03,22_23,-7.8,0,0
2025-02-03,23_24,-8.1,0,0
2025-02-03,24_28,-8.8,0,0
2025-02-04,04_06,-10.2,0,0
2025-02-04,06_07,-10.7,0,0
2025-02-04,07_08,-11.2,0,0
2025-02-04,08_09,-11.4,0,0
2025-02-04,09_10,-11.0,0,0
2025-02-04,10_11,-10.1,0,0
2025-02-04,11_12,-9.3,0,0
2025-02-04,12_13,-7.9,0,0
2025-02-04,13_14,-6.7,0,0
2025-02-04,14_15,-6.7,0,0
2025-02-04,15_16,-5.9,0,0
2025-02-04,16_17,-5.8,0,0
2025-02-04,17_18,-6.3,0,0
2025-02-04,18_19,-7.4,0,0
2025-02-04,19_20,-8.2,0,0
2025-02-04,20_21,-8.8,0,0
2025-02-04,21_22,-9.2,0,0
2025-02-04,22_23,-9.8,0,0
2025-02-04,23_24,-10.4,0,0
2025-02-04,24_28,-10.8,0,0
2025-02-05,04_06,-11.5,0,0
2025-02-05,06_07,-11.4,0,0
2025-02-05,07_08,-11.3,0,0
2025-02-05,08_09,-11.2,0,0
2025-02-05,09_10,-10.5,0,0
2025-02-05,10_11,-9.5,0,0
2025-02-05,11_12,-8.6,0,0
2025-02-05,12_13,-7.5,0,0
2025-02-05,13_14,-5.6,0,0
2025-02-05,14_15,-4.1,0,0
2025-02-05,15_16,-3.9,0,0
2025-02-05,16_17,-4.3,0,0
2025-02-05,17_18,-4.9,0,0
2025-02-05,18_19,-6.0,0,0
2025-02-05,19_20,-6.9,0,0
2025-02-05,20_21,-7.5,0,0
2025-02-05,21_22,-8.4,0,0
2025-02-05,22_23,-9.2,0,0
2025-02-05,23_24,-9.7,0,0
2025-02-05,24_28,-10.8,0,0
2025-02-06,04_06,-11.2,0,0
2025-02-06,06_07,-11.0,0,0
2025-02-06,07_08,-10.9,0,0
2025-02-06,08_09,-11.2,0,0
2025-02-06,09_10,-9.9,0,0
2025-02-06,10_11,-6.7,0,0
2025-02-06,11_12,-3.7,0,0
2025-02-06,12_13,-2.2,0,0
2025-02-06,13_14,-1.0,0,0
2025-02-06,14_15,-0.8,0,0
2025-02-06,15_16,-0.9,1,1
2025-02-06,16_17,-2.2,1,1
2025-02-06,17_18,-2.0,0,0
2025-02-06,18_19,-1.9,0,0
2025-02-06,19_20,-2.5,0,0
2025-02-06,20_21,-2.7,0,0
2025-02-06,21_22,-2.8,0,0
2025-02-06,22_23,-3.3,0,0
2025-02-06,23_24,-4.1,0,0
2025-02-06,24_28,-5.5,0,1
2025-02-07,04_06,-5.4,0,1
2025-02-07,06_07,-6.5,1,1
2025-02-07,07_08,-6.9,1,1
2025-02-07,08_09,-7.3,1,0
2025-02-07,09_10,-7.6,0,0
2025-02-07,10_11,-7.6,0,0
2025-02-07,11_12,-7.6,0,0
2025-02-07,12_13,-7.1,0,0
2025-02-07,13_14,-6.8,0,0
2025-02-07,14_15,-7.7,0,0
2025-02-07,15_16,-7.7,0,0
2025-02-07,16_17,-7.7,0,0
2025-02-07,17_18,-8.2,0,0
2025-02-07,18_19,-9.1,0,0
2025-02-07,19_20,-9.8,0,0
2025-02-07,20_21,-10.1,0,0
2025-02-07,21_22,-10.3,0,0
2025-02-07,22_23,-10.6,0,0
2025-02-07,23_24,-10.6,0,0
2025-02-07,24_28,-10.9,0,0
2025-02-08,04_06,-11.3,0,0
2025-02-08,06_07,-11.5,0,0
2025-02-08,07_08,-11.5,0,0
2025-02-08,08_09,-11.4,0,0
2025-02-08,09_10,-10.5,0,0
2025-02-08,10_11,-8.9,0,0
2025-02-08,11_12,-7.9,0,0
2025-02-08,12_13,-7.0,0,0
2025-02-08,13_14,-6.2,0,0
2025-02-08,14_15,-4.8,0,0
2025-02-08,15_16,-4.0,0,0
2025-02-08,16_17,-3.7,0,0
2025-02-08,17_18,-4.0,0,0
2025-02-08,18_19,-5.1,0,0
2025-02-08,19_20,-5.8,0,0
2025-02-08,20_21,-6.2,0,0
2025-02-08,21_22,-6.5,0,0
2025-02-08,22_23,-6.8,0,0
2025-02-08,23_24,-7.3,0,0
2025-02-08,24_28,-8.4,0,0
2025-02-09,04_06,-9.1,0,0
2025-02-09,06_07,-9.2,0,0
2025-02-09,07_08,-9.4,0,0
2025-02-09,08_09,-9.5,0,0
2025-02-09,09_10,-8.2,0,0
2025-02-09,10_11,-4.9,0,0
2025-02-09,11_12,-3.4,0,0
2025-02-09,12_13,-2.3,0,0
2025-02-09,13_14,-1.4,0,0
2025-02-09,14_15,0.1,0,0
2025-02-09,15_16,1.4,0,0
2025-02-09,16_17,1.2,0,0
2025-02-09,17_18,-0.3,0,0
2025-02-09,18_19,-1.8,0,0
2025-02-09,19_20,-2.6,0,0
2025-02-09,20_21,-3.0,0,0
2025-02-09,21_22,-3.5,0,0
2025-02-09,22_23,-3.7,0,0
2025-02-09,23_24,-4.3,0,0
2025-02-09,24_28,-5.5,0,0
2025-02-10,04_06,-6.8,0,0
2025-02-10,06_07,-6.6,0,0
2025-02-10,07_08,-7.4,0,0
2025-02-10,08_09,-6.7,0,0
2025-02-10,09_10,-5.3,0,0
2025-02-10,10_11,-2.7,0,0
2025-02-10,11_12,-0.7,0,0
2025-02-10,12_13,0.7,0,0
2025-02-10,13_14,1.1,0,0
2025-02-10,14_15,1.4,0,0
2025-02-10,15_16,1.5,0,0
2025-02-10,16_17,2.4,0,0
2025-02-10,17_18,1.7,0,0
2025-02-10,18_19,0.1,0,0
2025-02-10,19_20,-0.7,0,0
2025-02-10,20_21,-1.3,0,0
2025-02-10,21_22,-2.0,0,0
2025-02-10,22_23,-2.6,0,0
2025-02-10,23_24,-2.9,0,0
2025-02-10,24_28,-3.7,0,0
2025-02-11,04_06,-4.9,0,0
2025-02-11,06_07,-5.5,0,0
2025-02-11,07_08,-5.6,0,0
2025-02-11,08_09,-5.5,0,0
2025-02-11,09_10,-3.9,0,0
2025-02-11,10_11,-0.9,0,0
2025-02-11,11_12,0.9,0,0
2025-02-11,12_13,2.8,0,0
2025-02-11,13_14,4.4,0,0
2025-02-11,14_15,5.8,0,0
2025-02-11,15_16,7.0,0,0
2025-02-11,16_17,6.7,0,0
2025-02-11,17_18,6.4,0,0
2025-02-11,18_19,4.7,0,0
2025-02-11,19_20,3.7,0,0
2025-02-11,20_21,2.5,0,0
2025-02-11,21_22,2.0,0,0
2025-02-11,22_23,1.3,0,0
2025-02-11,23_24,1.3,0,0
2025-02-11,24_28,1.6,0,0
2025-02-12,04_06,2.0,1,1
2025-02-12,06_07,1.1,1,1
2025-02-12,07_08,0.5,1,1
2025-02-12,08_09,0.5,1,0
2025-02-12,09_10,0.5,1,1
2025-02-12,10_11,0.6,1,1
2025-02-12,11_12,0.9,1,0
2025-02-12,12_13,1.2,1,0
2025-02-12,13_14,1.5,0,0
2025-02-12,14_15,1.7,1,0
2025-02-12,15_16,2.1,0,0
2025-02-12,16_17,2.4,0,0
2025-02-12,17_18,2.1,0,0
2025-02-12,18_19,1.8,0,0
2025-02-12,19_20,1.3,0,0
2025-02-12,20_21,0.0,0,0
2025-02-12,21_22,-1.4,0,0
2025-02-12,22_23,-2.1,0,0
2025-02-12,23_24,-2.5,0,0
2025-02-12,24_28,-3.6,0,0
2025-02-13,04_06,-4.6,0,0
2025-02-13,06_07,-5.4,0,0
2025-02-13,07_08,-5.8,0,0
2025-02-13,08_09,-5.4,0,0
2025-02-13,09_10,-3.6,0,0
2025-02-13,10_11,-0.2,0,0
2025-02-13,11_12,1.9,0,0
2025-02-13,12_13,3.0,0,0
2025-02-13,13_14,4.6,0,0
2025-02-13,14_15,5.1,0,0
2025-02-13,15_16,5.6,0,0
2025-02-13,16_17,5.9,0,0
2025-02-13,17_18,5.2,0,0
2025-02-13,18_19,3.7,0,0
2025-02-13,19_20,2.9,0,0
2025-02-13,20_21,2.4,0,0
2025-02-13,21_22,2.1,0,0
2025-02-13,22_23,1.7,0,0
2025-02-13,23_24,1.0,0,0
2025-02-13,24_28,0.1,0,0
2025-02-14,04_06,-0.6,0,0
2025-02-14,06_07,-1.0,0,0
2025-02-14,07_08,-1.4,0,0
2025-02-14,08_09,-1.5,0,0
2025-02-14,09_10,-0.1,0,0
2025-02-14,10_11,2.4,0,0
2025-02-14,11_12,5.3,0,0
2025-02-14,12_13,7.6,0,0
2025-02-14,13_14,9.1,0,0
2025-02-14,14_15,9.7,0,0
2025-02-14,15_16,9.7,0,0
2025-02-14,16_17,9.6,0,0
2025-02-14,17_18,8.6,0,0
2025-02-14,18_19,7.1,0,0
2025-02-14,19_20,6.0,0,0
2025-02-14,20_21,4.9,0,0
2025-02-14,21_22,4.1,0,0
2025-02-14,22_23,3.6,0,0
2025-02-14,23_24,3.0,0,0
2025-02-14,24_28,2.2,0,0
2025-02-15,04_06,1.2,0,0
2025-02-15,06_07,0.8,0,0
2025-02-15,07_08,0.5,0,0
2025-02-15,08_09,0.6,0,0
2025-02-15,09_10,1.5,0,0
2025-02-15,10_11,3.2,0,0
2025-02-15,11_12,4.7,0,0
2025-02-15,12_13,5.5,0,0
2025-02-15,13_14,6.3,0,0
2025-02-15,14_15,6.8,0,0
2025-02-15,15_16,7.8,0,0
2025-02-15,16_17,7.7,0,0
2025-02-15,17_18,7.2,0,0
2025-02-15,18_19,6.7,0,0
2025-02-15,19_20,6.1,0,0
2025-02-15,20_21,5.7,0,0
2025-02-15,21_22,5.3,0,0
2025-02-15,22_23,4.9,0,0
2025-02-15,23_24,4.2,0,0
2025-02-15,24_28,2.7,0,0
2025-02-16,04_06,2.0,0,0
2025-02-16,06_07,1.7,0,0
2025-02-16,07_08,1.4,0,0
2025-02-16,08_09,1.4,0,0
2025-02-16,09_10,2.5,0,0
2025-02-16,10_11,4.4,0,0
2025-02-16,11_12,6.2,0,0
2025-02-16,12_13,8.0,0,0
2025-02-16,13_14,8.6,0,0
2025-02-16,14_15,9.4,0,0
2025-02-16,15_16,8.9,0,0
2025-02-16,16_17,8.7,0,0
2025-02-16,17_18,8.0,0,0
2025-02-16,18_19,6.7,0,0
2025-02-16,19_20,6.0,0,0
2025-02-16,20_21,5.3,0,0
2025-02-16,21_22,4.0,0,0
2025-02-16,22_23,2.4,0,0
2025-02-16,23_24,1.2,0,0
2025-02-16,24_28,-0.3,0,0
2025-02-17,04_06,-1.0,0,0
2025-02-17,06_07,-1.5,0,0
2025-02-17,07_08,-1.8,0,0
2025-02-17,08_09,-1.8,0,0
2025-02-17,09_10,-0.6,0,0
2025-02-17,10_11,0.1,0,0
2025-02-17,11_12,0.8,0,0
2025-02-17,12_13,1.6,0,0
2025-02-17,13_14,2.6,0,0
2025-02-17,14_15,2.8,0,0
2025-02-17,15_16,2.9,0,0
2025-02-17,16_17,3.3,0,0
2025-02-17,17_18,2.3,0,0
2025-02-17,18_19,1.0,0,0
2025-02-17,19_20,0.0,0,0
2025-02-17,20_21,-0.7,0,0
2025-02-17,21_22,-1.6,0,0
2025-02-17,22_23,-2.4,0,0
2025-02-17,23_24,-3.0,0,0
2025-02-17,24_28,-3.8,0,0
2025-02-18,04_06,-4.2,0,0
2025-02-18,06_07,-4.7,0,0
2025-02-18,07_08,-5.1,0,0
2025-02-18,08_09,-5.0,0,0
2025-02-18,09_10,-3.6,0,0
2025-02-18,10_11,-1.8,0,0
2025-02-18,11_12,-1.0,0,0
2025-02-18,12_13,-0.3,0,0
2025-02-18,13_14,1.1,0,0
2025-02-18,14_15,1.7,0,0
2025-02-18,15_16,2.1,0,0
2025-02-18,16_17,1.8,0,0
2025-02-18,17_18,1.6,0,0
2025-02-18,18_19,0.1,0,0
2025-02-18,19_20,-1.0,0,0
2025-02-18,20_21,-2.0,0,0
2025-02-18,21_22,-2.9,0,0
2025-02-18,22_23,-3.7,0,0
2025-02-18,23_24,-4.4,0,0
2025-02-18,24_28,-5.1,0,0
2025-02-19,04_06,-5.8,0,0
2025-02-19,06_07,-5.3,0,0
2025-02-19,07_08,-5.4,0,0
2025-02-19,08_09,-5.4,0,0
2025-02-19,09_10,-4.5,0,0
2025-02-19,10_11,-3.3,0,0
2025-02-19,11_12,-2.2,0,0
2025-02-19,12_13,-1.4,0,0
2025-02-19,13_14,-0.8,0,0
2025-02-19,14_15,-0.1,0,0
2025-02-19,15_16,1.0,0,0
2025-02-19,16_17,0.8,0,0
2025-02-19,17_18,0.8,0,0
2025-02-19,18_19,-0.6,0,0
2025-02-19,19_20,-1.5,0,0
2025-02-19,20_21,-2.3,0,0
2025-02-19,21_22,-3.1,0,0
2025-02-19,22_23,-3.8,0,0
2025-02-19,23_24,-4.3,0,0
2025-02-19,24_28,-5.4,0,0
2025-02-20,04_06,-6.2,0,0
2025-02-20,06_07,-6.2,0,0
2025-02-20,07_08,-6.5,0,0
2025-02-20,08_09,-6.1,0,0
2025-02-20,09_10,-4.3,0,0
2025-02-20,10_11,-2.8,0,0
2025-02-20,11_12,-1.3,0,0
2025-02-20,12_13,-0.6,0,0
2025-02-20,13_14,-0.3,0,0
2025-02-20,14_15,1.0,0,0
2025-02-20,15_16,1.4,0,0
2025-02-20,16_17,1.8,0,0
2025-02-20,17_18,1.2,0,0
2025-02-20,18_19,-0.3,0,0
2025-02-20,19_20,-1.5,0,0
2025-02-20,20_21,-2.0,0,0
2025-02-20,21_22,-2.7,0,0
2025-02-20,22_23,-3.5,0,0
2025-02-20,23_24,-4.3,0,0
2025-02-20,24_28,-5.6,0,0
2025-02-21,04_06,-6.2,0,0
2025-02-21,06_07,-6.1,0,0
2025-02-21,07_08,-6.1,0,0
2025-02-21,08_09,-6.3,0,0
2025-02-21,09_10,-4.6,0,0
2025-02-21,10_11,-3.0,0,0
2025-02-21,11_12,-1.2,0,0
2025-02-21,12_13,-0.4,0,0
2025-02-21,13_14,1.0,0,0
2025-02-21,14_15,2.2,0,0
2025-02-21,15_16,2.2,0,0
2025-02-21,16_17,1.9,0,0
2025-02-21,17_18,1.7,0,0
2025-02-21,18_19,0.2,0,0
2025-02-21,19_20,-0.8,0,0
2025-02-21,20_21,-1.4,0,0
2025-02-21,21_22,-2.0,0,0
2025-02-21,22_23,-2.5,0,0
2025-02-21,23_24,-3.1,0,0
2025-02-21,24_28,-4.1,0,0
2025-02-22,04_06,-5.2,0,0
2025-02-22,06_07,-5.1,0,0
2025-02-22,07_08,-5.3,0,0
2025-02-22,08_09,-5.4,0,0
2025-02-22,09_10,-4.1,0,0
2025-02-22,10_11,-2.6,0,0
2025-02-22,11_12,-0.8,0,0
2025-02-22,12_13,0.7,0,0
2025-02-22,13_14,1.3,0,0
2025-02-22,14_15,2.5,0,0
2025-02-22,15_16,1.7,0,0
2025-02-22,16_17,2.2,0,0
2025-02-22,17_18,1.6,0,0
2025-02-22,18_19,0.1,0,0
2025-02-22,19_20,-1.0,0,0
2025-02-22,20_21,-1.4,0,0
2025-02-22,21_22,-2.2,0,0
2025-02-22,22_23,-3.2,0,0
2025-02-22,23_24,-4.0,0,0
2025-02-22,24_28,-5.5,0,0
2025-02-23,04_06,-6.3,0,0
2025-02-23,06_07,-6.2,0,0
2025-02-23,07_08,-6.1,0,0
2025-02-23,08_09,-6.2,0,0
2025-02-23,09_10,-4.8,0,0
2025-02-23,10_11,-3.6,0,0
2025-02-23,11_12,-2.0,0,0
2025-02-23,12_13,-1.4,0,0
2025-02-23,13_14,-1.4,0,0
2025-02-23,14_15,0.0,0,0
2025-02-23,15_16,0.1,0,0
2025-02-23,16_17,0.2,0,0
2025-02-23,17_18,0.0,0,0
2025-02-23,18_19,-1.6,0,0
2025-02-23,19_20,-2.6,0,0
2025-02-23,20_21,-3.2,0,0
2025-02-23,21_22,-3.7,0,0
2025-02-23,22_23,-4.3,0,0
2025-02-23,23_24,-4.8,0,0
2025-02-23,24_28,-5.8,0,0
2025-02-24,04_06,-6.0,0,0
2025-02-24,06_07,-5.9,0,0
2025-02-24,07_08,-6.2,0,0
2025-02-24,08_09,-5.9,0,0
2025-02-24,09_10,-3.9,0,0
2025-02-24,10_11,-2.5,0,0
2025-02-24,11_12,-0.9,0,0
2025-02-24,12_13,0.5,0,0
2025-02-24,13_14,1.4,0,0
2025-02-24,14_15,2.6,0,0
2025-02-24,15_16,3.6,0,0
2025-02-24,16_17,4.5,0,0
2025-02-24,17_18,4.3,0,0
2025-02-24,18_19,2.7,0,0
2025-02-24,19_20,1.5,0,0
2025-02-24,20_21,0.7,0,0
2025-02-24,21_22,0.2,0,0
2025-02-24,22_23,0.2,0,0
2025-02-24,23_24,-0.4,0,0
2025-02-24,24_28,-1.4,0,0
2025-02-25,04_06,-2.1,0,0
2025-02-25,06_07,-2.7,0,0
2025-02-25,07_08,-3.0,0,0
2025-02-25,08_09,-2.9,0,0
2025-02-25,09_10,-0.9,0,0
2025-02-25,10_11,2.8,0,0
2025-02-25,11_12,4.6,0,0
2025-02-25,12_13,5.0,0,0
2025-02-25,13_14,5.4,0,0
2025-02-25,14_15,5.2,0,0
2025-02-25,15_16,5.2,0,0
2025-02-25,16_17,5.6,0,0
2025-02-25,17_18,5.5,0,0
2025-02-25,18_19,5.0,0,0
2025-02-25,19_20,4.7,0,0
2025-02-25,20_21,4.5,0,0
2025-02-25,21_22,4.2,0,0
2025-02-25,22_23,3.7,0,0
2025-02-25,23_24,3.2,0,0
2025-02-25,24_28,3.1,0,0
2025-02-26,04_06,2.8,0,0
2025-02-26,06_07,1.9,0,0
2025-02-26,07_08,1.2,0,0
2025-02-26,08_09,1.1,0,0
2025-02-26,09_10,1.7,0,0
2025-02-26,10_11,2.5,0,0
2025-02-26,11_12,3.4,0,0
2025-02-26,12_13,5.3,0,0
2025-02-26,13_14,7.0,0,0
2025-02-26,14_15,7.7,0,0
2025-02-26,15_16,8.3,0,0
2025-02-26,16_17,8.4,0,0
2025-02-26,17_18,8.1,0,0
2025-02-26,18_19,6.1,0,0
2025-02-26,19_20,4.4,0,0
2025-02-26,20_21,3.4,0,0
2025-02-26,21_22,2.3,0,0
2025-02-26,22_23,1.5,0,0
2025-02-26,23_24,1.2,0,0
2025-02-26,24_28,0.2,0,0
2025-02-27,04_06,-1.2,0,0
2025-02-27,06_07,-1.7,0,0
2025-02-27,07_08,-1.9,0,0
2025-02-27,08_09,-1.7,0,0
2025-02-27,09_10,1.4,0,0
2025-02-27,10_11,4.6,0,0
2025-02-27,11_12,6.4,0,0
2025-02-27,12_13,9.5,0,0
2025-02-27,13_14,11.5,0,0
2025-02-27,14_15,12.8,0,0
2025-02-27,15_16,13.9,0,0
2025-02-27,16_17,14.0,0,0
2025-02-27,17_18,13.1,0,0
2025-02-27,18_19,11.6,0,0
2025-02-27,19_20,9.6,0,0
2025-02-27,20_21,8.2,0,0
2025-02-27,21_22,7.4,0,0
2025-02-27,22_23,6.1,0,0
2025-02-27,23_24,5.0,0,0
2025-02-27,24_28,5.2,0,0
2025-02-28,04_06,4.1,0,0
2025-02-28,06_07,3.8,0,0
2025-02-28,07_08,3.9,0,0
2025-02-28,08_09,4.1,0,0
2025-02-28,09_10,5.4,0,0
2025-02-28,10_11,6.7,0,0
2025-02-28,11_12,8.4,0,0
2025-02-28,12_13,9.1,0,0
2025-02-28,13_14,11.3,0,0
2025-02-28,14_15,13.1,0,0
2025-02-28,15_16,12.8,0,0
2025-02-28,16_17,13.2,0,0
2025-02-28,17_18,13.1,0,0
2025-02-28,18_19,11.7,0,0
2025-02-28,19_20,10.1,0,0
2025-02-28,20_21,8.9,0,0
2025-02-28,21_22,8.0,0,0
2025-02-28,22_23,7.3,0,0
2025-02-28,23_24,6.8,0,0
2025-02-28,24_28,5.3,0,0
2025-03-01,04_06,3.8,0,0
2025-03-01,06_07,3.4,0,0
2025-03-01,07_08,3.6,0,0
2025-03-01,08_09,4.1,0,0
2025-03-01,09_10,5.6,0,0
2025-03-01,10_11,6.6,0,0
2025-03-01,11_12,9.3,0,0
2025-03-01,12_13,12.2,0,0
2025-03-01,13_14,12.8,0,0
2025-03-01,14_15,12.2,1,0
2025-03-01,15_16,11.4,1,0
2025-03-01,16_17,12.2,0,0
2025-03-01,17_18,12.5,0,0
2025-03-01,18_19,12.3,0,0
2025-03-01,19_20,11.3,0,0
2025-03-01,20_21,10.2,0,0
2025-03-01,21_22,9.5,0,0
2025-03-01,22_23,9.1,0,0
2025-03-01,23_24,9.4,0,0
2025-03-01,24_28,8.7,0,0
2025-03-02,04_06,8.6,0,0
2025-03-02,06_07,8.5,0,0
2025-03-02,07_08,8.4,0,0
2025-03-02,08_09,8.6,0,0
2025-03-02,09_10,9.0,0,0
2025-03-02,10_11,10.4,0,0
2025-03-02,11_12,11.7,0,0
2025-03-02,12_13,13.6,0,0
2025-03-02,13_14,15.3,0,0
2025-03-02,14_15,14.6,0,0
2025-03-02,15_16,13.5,0,0
2025-03-02,16_17,10.3,1,0
2025-03-02,17_18,7.9,1,0
2025-03-02,18_19,7.1,1,0
2025-03-02,19_20,5.8,1,0
2025-03-02,20_21,4.8,1,0
2025-03-02,21_22,4.2,1,0
2025-03-02,22_23,3.6,1,0
2025-03-02,23_24,3.1,1,0
2025-03-02,24_28,1.9,1,0
2025-03-03,04_06,1.4,1,1
2025-03-03,06_07,1.2,1,1
2025-03-03,07_08,1.1,0,0
2025-03-03,08_09,1.8,0,0
2025-03-03,09_10,2.6,0,0
2025-03-03,10_11,3.2,0,0
2025-03-03,11_12,4.7,0,0
2025-03-03,12_13,6.3,0,0
2025-03-03,13_14,6.9,0,0
2025-03-03,14_15,6.8,0,0
2025-03-03,15_16,6.6,0,0
2025-03-03,16_17,5.6,0,0
2025-03-03,17_18,4.7,0,0
2025-03-03,18_19,3.6,0,0
2025-03-03,19_20,2.7,0,0
2025-03-03,20_21,2.0,0,0
2025-03-03,21_22,1.6,0,0
2025-03-03,22_23,1.4,0,0
2025-03-03,23_24,1.2,0,0
2025-03-03,24_28,1.4,0,0
2025-03-04,04_06,1.6,0,0
2025-03-04,06_07,2.0,0,0
2025-03-04,07_08,2.2,0,0
2025-03-04,08_09,2.4,0,0
2025-03-04,09_10,2.8,1,1
2025-03-04,10_11,1.1,1,1
2025-03-04,11_12,1.0,1,1
2025-03-04,12_13,1.1,1,1
2025-03-04,13_14,1.6,1,0
2025-03-04,14_15,2.3,1,0
2025-03-04,15_16,2.4,1,0
2025-03-04,16_17,2.6,0,0
2025-03-04,17_18,3.2,0,0
2025-03-04,18_19,3.3,0,0
2025-03-04,19_20,3.1,0,0
2025-03-04,20_21,3.3,0,0
2025-03-04,21_22,3.4,0,0
2025-03-04,22_23,3.4,0,0
2025-03-04,23_24,3.4,0,0
2025-03-04,24_28,2.9,0,0
2025-03-05,04_06,2.4,0,0
2025-03-05,06_07,2.4,0,0
2025-03-05,07_08,2.4,0,0
2025-03-05,08_09,2.6,0,0
2025-03-05,09_10,3.2,0,0
2025-03-05,10_11,4.1,0,0
2025-03-05,11_12,5.2,0,0
2025-03-05,12_13,5.8,0,0
2025-03-05,13_14,6.2,0,0
2025-03-05,14_15,7.3,0,0
2025-03-05,15_16,8.1,0,0
2025-03-05,16_17,8.8,0,0
2025-03-05,17_18,8.9,0,0
2025-03-05,18_19,7.8,0,0
2025-03-05,19_20,6.6,0,0
2025-03-05,20_21,5.8,0,0
2025-03-05,21_22,5.2,0,0
2025-03-05,22_23,4.5,0,0
2025-03-05,23_24,4.0,0,0
2025-03-05,24_28,2.4,0,0
2025-03-06,04_06,0.8,0,0
2025-03-06,06_07,0.3,0,0
2025-03-06,07_08,-0.3,0,0
2025-03-06,08_09,0.1,0,0
2025-03-06,09_10,2.1,0,0
2025-03-06,10_11,4.3,0,0
2025-03-06,11_12,6.8,0,0
2025-03-06,12_13,7.6,0,0
2025-03-06,13_14,8.6,0,0
2025-03-06,14_15,9.3,0,0
2025-03-06,15_16,9.8,0,0
2025-03-06,16_17,10.3,0,0
2025-03-06,17_18,9.6,0,0
2025-03-06,18_19,8.6,0,0
2025-03-06,19_20,7.2,0,0
2025-03-06,20_21,6.3,0,0
2025-03-06,21_22,5.6,0,0
2025-03-06,22_23,4.8,0,0
2025-03-06,23_24,3.8,0,0
2025-03-06,24_28,2.1,0,0
2025-03-07,04_06,0.8,0,0
2025-03-07,06_07,0.4,0,0
2025-03-07,07_08,0.1,0,0
2025-03-07,08_09,0.4,0,0
2025-03-07,09_10,3.0,0,0
2025-03-07,10_11,5.1,0,0
2025-03-07,11_12,7.4,0,0
2025-03-07,12_13,8.8,0,0
2025-03-07,13_14,10.0,0,0
2025-03-07,14_15,10.4,0,0
2025-03-07,15_16,10.7,0,0
2025-03-07,16_17,11.1,0,0
2025-03-07,17_18,9.4,0,0
2025-03-07,18_19,8.1,0,0
2025-03-07,19_20,6.9,0,0
2025-03-07,20_21,6.3,0,0
2025-03-07,21_22,5.6,0,0
2025-03-07,22_23,5.0,0,0
2025-03-07,23_24,4.7,0,0
2025-03-07,24_28,4.3,0,0
2025-03-08,04_06,3.6,0,0
2025-03-08,06_07,3.3,0,0
2025-03-08,07_08,3.1,0,0
2025-03-08,08_09,2.8,0,0
2025-03-08,09_10,3.9,0,0
2025-03-08,10_11,5.9,0,0
2025-03-08,11_12,7.0,0,0
2025-03-08,12_13,8.7,0,0
2025-03-08,13_14,10.3,0,0
2025-03-08,14_15,10.9,0,0
2025-03-08,15_16,10.7,0,0
2025-03-08,16_17,10.1,0,0
2025-03-08,17_18,9.0,0,0
2025-03-08,18_19,7.2,0,0
2025-03-08,19_20,6.2,0,0
2025-03-08,20_21,5.6,0,0
2025-03-08,21_22,4.9,0,0
2025-03-08,22_23,4.4,0,0
2025-03-08,23_24,4.0,0,0
2025-03-08,24_28,3.1,0,0
2025-03-09,04_06,2.2,0,0
2025-03-09,06_07,1.7,0,0
2025-03-09,07_08,1.3,0,0
2025-03-09,08_09,1.4,0,0
2025-03-09,09_10,3.7,0,0
2025-03-09,10_11,6.4,0,0
2025-03-09,11_12,8.2,0,0
2025-03-09,12_13,10.5,0,0
2025-03-09,13_14,12.1,0,0
2025-03-09,14_15,12.8,0,0
2025-03-09,15_16,13.4,0,0
2025-03-09,16_17,13.2,0,0
2025-03-09,17_18,13.3,0,0
2025-03-09,18_19,11.4,0,0
2025-03-09,19_20,9.5,0,0
2025-03-09,20_21,7.8,0,0
2025-03-09,21_22,7.1,0,0
2025-03-09,22_23,6.2,0,0
2025-03-09,23_24,5.6,0,0
2025-03-09,24_28,4.3,0,0
2025-03-10,04_06,3.0,0,0
2025-03-10,06_07,2.4,0,0
2025-03-10,07_08,2.4,0,0
2025-03-10,08_09,2.8,0,0
2025-03-10,09_10,5.3,0,0
2025-03-10,10_11,8.2,0,0
2025-03-10,11_12,10.8,0,0
2025-03-10,12_13,12.9,0,0
2025-03-10,13_14,13.8,0,0
2025-03-10,14_15,14.3,0,0
2025-03-10,15_16,14.8,0,0
2025-03-10,16_17,14.1,0,0
2025-03-10,17_18,13.2,0,0
2025-03-10,18_19,11.9,0,0
2025-03-10,19_20,10.1,0,0
2025-03-10,20_21,8.7,0,0
2025-03-10,21_22,7.6,0,0
2025-03-10,22_23,6.9,0,0
2025-03-10,23_24,5.9,0,0
2025-03-10,24_28,4.8,0,0
2025-03-11,04_06,3.6,0,0
2025-03-11,06_07,3.4,0,0
2025-03-11,07_08,2.9,0,0
2025-03-11,08_09,3.8,0,0
2025-03-11,09_10,6.3,0,0
2025-03-11,10_11,8.8,0,0
2025-03-11,11_12,11.2,0,0
2025-03-11,12_13,13.4,0,0
2025-03-11,13_14,14.6,0,0
2025-03-11,14_15,15.6,0,0
2025-03-11,15_16,16.4,0,0
2025-03-11,16_17,16.2,0,0
2025-03-11,17_18,15.4,0,0
2025-03-11,18_19,13.9,0,0
2025-03-11,19_20,12.0,0,0
2025-03-11,20_21,10.6,0,0
2025-03-11,21_22,9.6,0,0
2025-03-11,22_23,9.1,0,0
2025-03-11,23_24,8.9,0,0
2025-03-11,24_28,7.6,0,0
2025-03-12,04_06,7.0,0,0
2025-03-12,06_07,6.7,0,0
2025-03-12,07_08,7.0,0,0
2025-03-12,08_09,7.4,0,0
2025-03-12,09_10,8.6,0,0
2025-03-12,10_11,9.5,0,0
2025-03-12,11_12,10.5,0,0
2025-03-12,12_13,11.4,0,0
2025-03-12,13_14,11.5,0,0
2025-03-12,14_15,11.6,0,0
2025-03-12,15_16,11.0,0,0
2025-03-12,16_17,10.2,0,0
2025-03-12,17_18,9.3,0,0
2025-03-12,18_19,8.7,0,0
2025-03-12,19_20,8.4,0,0
2025-03-12,20_21,8.1,0,0
2025-03-12,21_22,7.9,0,0
2025-03-12,22_23,7.9,0,0
2025-03-12,23_24,7.6,0,0
2025-03-12,24_28,5.8,0,0
2025-03-13,04_06,4.2,0,0
2025-03-13,06_07,3.4,0,0
2025-03-13,07_08,3.3,0,0
2025-03-13,08_09,3.5,0,0
2025-03-13,09_10,5.7,0,0
2025-03-13,10_11,7.7,0,0
2025-03-13,11_12,9.4,0,0
2025-03-13,12_13,10.9,0,0
2025-03-13,13_14,12.5,0,0
2025-03-13,14_15,14.0,0,0
2025-03-13,15_16,14.8,0,0
2025-03-13,16_17,14.6,0,0
2025-03-13,17_18,14.9,0,0
2025-03-13,18_19,13.9,0,0
2025-03-13,19_20,11.8,0,0
2025-03-13,20_21,10.4,0,0
2025-03-13,21_22,9.5,0,0
2025-03-13,22_23,8.8,0,0
2025-03-13,23_24,8.1,0,0
2025-03-13,24_28,7.2,0,0
2025-03-14,04_06,5.7,0,0
2025-03-14,06_07,5.1,0,0
2025-03-14,07_08,5.1,0,0
2025-03-14,08_09,5.9,0,0
2025-03-14,09_10,8.9,0,0
2025-03-14,10_11,12.8,0,0
2025-03-14,11_12,15.1,0,0
2025-03-14,12_13,16.5,0,0
2025-03-14,13_14,17.7,0,0
2025-03-14,14_15,19.1,0,0
2025-03-14,15_16,19.7,0,0
2025-03-14,16_17,19.7,0,0
2025-03-14,17_18,18.9,0,0
2025-03-14,18_19,17.0,0,0
2025-03-14,19_20,15.6,0,0
2025-03-14,20_21,14.6,0,0
2025-03-14,21_22,13.8,0,0
2025-03-14,22_23,12.8,0,0
2025-03-14,23_24,12.1,0,0
2025-03-14,24_28,11.9,0,0
2025-03-15,04_06,11.0,0,0
2025-03-15,06_07,10.3,0,0
2025-03-15,07_08,10.1,0,0
2025-03-15,08_09,10.1,0,0
2025-03-15,09_10,10.6,0,0
2025-03-15,10_11,11.8,0,0
2025-03-15,11_12,12.9,0,0
2025-03-15,12_13,14.9,0,0
2025-03-15,13_14,15.3,0,0
2025-03-15,14_15,16.2,0,0
2025-03-15,15_16,17.1,0,0
2025-03-15,16_17,16.6,0,0
2025-03-15,17_18,16.6,0,0
2025-03-15,18_19,15.1,0,0
2025-03-15,19_20,13.1,0,0
2025-03-15,20_21,12.0,0,0
2025-03-15,21_22,11.4,0,0
2025-03-15,22_23,11.2,0,0
2025-03-15,23_24,10.9,0,0
2025-03-15,24_28,9.6,1,0
2025-03-16,04_06,7.6,1,0
2025-03-16,06_07,7.0,1,0
2025-03-16,07_08,6.6,0,0
2025-03-16,08_09,6.0,0,0
2025-03-16,09_10,5.0,1,0
2025-03-16,10_11,4.7,0,0
2025-03-16,11_12,4.3,0,0
2025-03-16,12_13,4.3,0,0
2025-03-16,13_14,5.0,0,0
2025-03-16,14_15,5.6,0,0
2025-03-16,15_16,6.2,0,0
2025-03-16,16_17,5.9,0,0
2025-03-16,17_18,5.3,0,0
2025-03-16,18_19,4.1,0,0
2025-03-16,19_20,2.8,0,0
2025-03-16,20_21,2.4,0,0
2025-03-16,21_22,2.0,0,0
2025-03-16,22_23,2.0,0,0
2025-03-16,23_24,1.6,0,0
2025-03-16,24_28,0.6,0,0
2025-03-17,04_06,-0.5,0,0
2025-03-17,06_07,-0.9,0,0
2025-03-17,07_08,-1.3,0,0
2025-03-17,08_09,-0.5,0,0
2025-03-17,09_10,0.6,0,0
2025-03-17,10_11,2.1,0,0
2025-03-17,11_12,3.1,0,0
2025-03-17,12_13,4.8,0,0
2025-03-17,13_14,5.8,0,0
2025-03-17,14_15,6.4,0,0
2025-03-17,15_16,6.6,0,0
2025-03-17,16_17,6.0,0,0
2025-03-17,17_18,5.1,0,0
2025-03-17,18_19,4.2,0,0
2025-03-17,19_20,3.8,0,0
2025-03-17,20_21,3.7,0,0
2025-03-17,21_22,3.6,0,0
2025-03-17,22_23,3.8,0,0
2025-03-17,23_24,3.9,1,1
2025-03-17,24_28,1.1,1,1
2025-03-18,04_06,0.8,1,1
2025-03-18,06_07,0.5,1,1
2025-03-18,07_08,0.4,1,1
2025-03-18,08_09,0.4,1,0
2025-03-18,09_10,1.0,0,0
2025-03-18,10_11,2.8,0,0
2025-03-18,11_12,2.5,0,0
2025-03-18,12_13,2.4,0,0
2025-03-18,13_14,3.0,0,0
2025-03-18,14_15,4.2,0,0
2025-03-18,15_16,5.1,0,0
2025-03-18,16_17,5.1,0,0
2025-03-18,17_18,4.9,0,0
2025-03-18,18_19,4.2,0,0
2025-03-18,19_20,3.5,0,0
2025-03-18,20_21,2.6,0,0
2025-03-18,21_22,1.9,0,0
2025-03-18,22_23,1.5,0,0
2025-03-18,23_24,1.1,0,0
2025-03-18,24_28,-0.2,0,0
2025-03-19,04_06,-1.2,0,0
2025-03-19,06_07,-1.8,0,0
2025-03-19,07_08,-1.8,0,0
2025-03-19,08_09,-0.8,0,0
2025-03-19,09_10,0.8,0,0
2025-03-19,10_11,2.3,0,0
2025-03-19,11_12,3.8,0,0
2025-03-19,12_13,4.5,0,0
2025-03-19,13_14,5.4,0,0
2025-03-19,14_15,6.7,0,0
2025-03-19,15_16,7.2,0,0
2025-03-19,16_17,6.9,0,0
2025-03-19,17_18,6.9,0,0
2025-03-19,18_19,5.2,0,0
2025-03-19,19_20,3.5,0,0
2025-03-19,20_21,2.9,0,0
2025-03-19,21_22,2.3,0,0
2025-03-19,22_23,2.0,0,0
2025-03-19,23_24,1.8,0,0
2025-03-19,24_28,2.7,0,0
2025-03-20,04_06,3.2,0,0
2025-03-20,06_07,3.3,0,0
2025-03-20,07_08,2.8,0,0
2025-03-20,08_09,3.2,0,0
2025-03-20,09_10,4.8,0,0
2025-03-20,10_11,6.0,0,0
2025-03-20,11_12,7.6,0,0
2025-03-20,12_13,10.0,0,0
2025-03-20,13_14,12.2,0,0
2025-03-20,14_15,13.9,0,0
2025-03-20,15_16,14.7,0,0
2025-03-20,16_17,14.4,0,0
2025-03-20,17_18,13.8,0,0
2025-03-20,18_19,11.9,0,0
2025-03-20,19_20,10.6,0,0
2025-03-20,20_21,9.9,0,0
2025-03-20,21_22,9.2,0,0
2025-03-20,22_23,8.7,0,0
2025-03-20,23_24,8.3,0,0
2025-03-20,24_28,8.0,0,0
2025-03-21,04_06,8.0,0,0
2025-03-21,06_07,8.1,0,0
2025-03-21,07_08,8.1,0,0
2025-03-21,08_09,8.4,0,0
2025-03-21,09_10,9.2,0,0
2025-03-21,10_11,11.4,0,0
2025-03-21,11_12,13.4,0,0
2025-03-21,12_13,15.0,0,0
2025-03-21,13_14,16.8,0,0
2025-03-21,14_15,18.1,0,0
2025-03-21,15_16,18.3,0,0
2025-03-21,16_17,18.3,0,0
2025-03-21,17_18,17.2,0,0
2025-03-21,18_19,15.1,0,0
2025-03-21,19_20,12.9,0,0
2025-03-21,20_21,11.5,0,0
2025-03-21,21_22,10.7,0,0
2025-03-21,22_23,9.5,0,0
2025-03-21,23_24,8.9,0,0
2025-03-21,24_28,8.4,0,0
2025-03-22,04_06,7.2,0,0
2025-03-22,06_07,6.3,0,0
2025-03-22,07_08,6.2,0,0
2025-03-22,08_09,7.6,0,0
2025-03-22,09_10,10.3,0,0
2025-03-22,10_11,13.3,0,0
2025-03-22,11_12,15.7,0,0
2025-03-22,12_13,17.6,0,0
2025-03-22,13_14,18.9,0,0
2025-03-22,14_15,19.4,0,0
2025-03-22,15_16,19.6,0,0
2025-03-22,16_17,19.5,0,0
2025-03-22,17_18,19.1,0,0
2025-03-22,18_19,17.0,0,0
2025-03-22,19_20,14.9,0,0
2025-03-22,20_21,13.4,0,0
2025-03-22,21_22,12.7,0,0
2025-03-22,22_23,12.0,0,0
2025-03-22,23_24,11.4,0,0
2025-03-22,24_28,10.0,0,0
2025-03-23,04_06,8.0,0,0
2025-03-23,06_07,7.2,0,0
2025-03-23,07_08,7.4,0,0
2025-03-23,08_09,9.0,0,0
2025-03-23,09_10,12.1,0,0
2025-03-23,10_11,14.6,0,0
2025-03-23,11_12,16.9,0,0
2025-03-23,12_13,19.3,0,0
2025-03-23,13_14,21.6,0,0
2025-03-23,14_15,23.3,0,0
2025-03-23,15_16,23.8,0,0
2025-03-23,16_17,23.0,0,0
2025-03-23,17_18,21.5,0,0
2025-03-23,18_19,20.0,0,0
2025-03-23,19_20,18.0,0,0
2025-03-23,20_21,16.7,0,0
2025-03-23,21_22,15.8,0,0
2025-03-23,22_23,15.1,0,0
2025-03-23,23_24,14.6,0,0
2025-03-23,24_28,14.0,0,0
2025-03-24,04_06,12.9,0,0
2025-03-24,06_07,14.2,0,0
2025-03-24,07_08,14.1,0,0
2025-03-24,08_09,14.4,0,0
2025-03-24,09_10,15.3,0,0
2025-03-24,10_11,16.5,0,0
2025-03-24,11_12,18.1,0,0
2025-03-24,12_13,18.8,0,0
2025-03-24,13_14,20.5,0,0
2025-03-24,14_15,21.3,0,0
2025-03-24,15_16,20.0,0,0
2025-03-24,16_17,19.3,0,0
2025-03-24,17_18,17.9,0,0
2025-03-24,18_19,16.5,0,0
2025-03-24,19_20,15.7,0,0
2025-03-24,20_21,14.8,0,0
2025-03-24,21_22,13.5,0,0
2025-03-24,22_23,12.6,0,0
2025-03-24,23_24,11.9,0,0
2025-03-24,24_28,11.2,0,0
2025-03-25,04_06,10.9,0,0
2025-03-25,06_07,10.8,0,0
2025-03-25,07_08,10.4,0,0
2025-03-25,08_09,10.9,0,0
2025-03-25,09_10,12.4,0,0
2025-03-25,10_11,13.6,0,0
2025-03-25,11_12,15.6,0,0
2025-03-25,12_13,17.8,0,0
2025-03-25,13_14,18.9,0,0
2025-03-25,14_15,21.4,0,0
2025-03-25,15_16,18.5,0,0
2025-03-25,16_17,15.8,0,0
2025-03-25,17_18,13.8,0,0
2025-03-25,18_19,13.3,0,0
2025-03-25,19_20,11.7,0,0
2025-03-25,20_21,10.4,0,0
2025-03-25,21_22,9.8,0,0
2025-03-25,22_23,9.2,0,0
2025-03-25,23_24,8.8,0,0
2025-03-25,24_28,8.0,0,0
2025-03-26,04_06,6.6,0,0
2025-03-26,06_07,6.1,0,0
2025-03-26,07_08,6.3,0,0
2025-03-26,08_09,7.9,0,0
2025-03-26,09_10,10.3,0,0
2025-03-26,10_11,12.7,0,0
2025-03-26,11_12,15.4,0,0
2025-03-26,12_13,17.4,0,0
2025-03-26,13_14,19.4,0,0
2025-03-26,14_15,21.4,0,0
2025-03-26,15_16,22.4,0,0
2025-03-26,16_17,23.5,0,0
2025-03-26,17_18,23.6,0,0
2025-03-26,18_19,22.9,0,0
2025-03-26,19_20,21.4,0,0
2025-03-26,20_21,19.6,0,0
2025-03-26,21_22,18.8,0,0
2025-03-26,22_23,17.9,0,0
2025-03-26,23_24,18.3,0,0
2025-03-26,24_28,18.2,0,0
2025-03-27,04_06,16.5,0,0
2025-03-27,06_07,15.9,0,0
2025-03-27,07_08,13.7,1,0
2025-03-27,08_09,13.1,0,0
2025-03-27,09_10,13.2,0,0
2025-03-27,10_11,13.6,0,0
2025-03-27,11_12,14.3,0,0
2025-03-27,12_13,14.2,0,0
2025-03-27,13_14,14.8,0,0
2025-03-27,14_15,16.4,0,0
2025-03-27,15_16,17.6,0,0
2025-03-27,16_17,17.9,0,0
2025-03-27,17_18,16.5,0,0
2025-03-27,18_19,13.6,0,0
2025-03-27,19_20,12.4,0,0
2025-03-27,20_21,11.3,0,0
2025-03-27,21_22,10.3,1,0
2025-03-27,22_23,8.3,0,0
2025-03-27,23_24,7.4,0,0
2025-03-27,24_28,6.4,0,0
2025-03-28,04_06,4.4,0,0
2025-03-28,06_07,3.8,0,0
2025-03-28,07_08,3.7,0,0
2025-03-28,08_09,4.1,0,0
2025-03-28,09_10,4.5,0,0
2025-03-28,10_11,5.9,0,0
2025-03-28,11_12,8.2,0,0
2025-03-28,12_13,9.5,0,0
2025-03-28,13_14,11.0,0,0
2025-03-28,14_15,11.4,0,0
2025-03-28,15_16,11.4,0,0
2025-03-28,16_17,11.2,0,0
2025-03-28,17_18,10.5,0,0
2025-03-28,18_19,9.3,0,0
2025-03-28,19_20,7.7,0,0
2025-03-28,20_21,6.5,0,0
2025-03-28,21_22,5.2,0,0
2025-03-28,22_23,4.5,0,0
2025-03-28,23_24,4.0,0,0
2025-03-28,24_28,2.4,0,0
2025-03-29,04_06,1.0,0,0
2025-03-29,06_07,0.9,0,0
2025-03-29,07_08,0.9,0,0
2025-03-29,08_09,2.9,0,0
2025-03-29,09_10,5.0,0,0
2025-03-29,10_11,5.5,0,0
2025-03-29,11_12,3.9,0,0
2025-03-29,12_13,5.3,0,0
2025-03-29,13_14,5.7,0,0
2025-03-29,14_15,5.2,0,0
2025-03-29,15_16,6.5,0,0
2025-03-29,16_17,5.6,0,0
2025-03-29,17_18,5.4,0,0
2025-03-29,18_19,4.6,0,0
2025-03-29,19_20,3.1,0,0
2025-03-29,20_21,2.0,0,0
2025-03-29,21_22,1.6,0,0
2025-03-29,22_23,1.3,0,0
2025-03-29,23_24,1.0,0,0
2025-03-29,24_28,0.3,0,0
2025-03-30,04_06,-0.8,0,0
2025-03-30,06_07,-1.2,0,0
2025-03-30,07_08,-1.7,0,0
2025-03-30,08_09,0.1,0,0
2025-03-30,09_10,2.7,0,0
2025-03-30,10_11,4.9,0,0
2025-03-30,11_12,5.7,0,0
2025-03-30,12_13,5.1,0,0
2025-03-30,13_14,5.3,0,0
2025-03-30,14_15,6.2,0,0
2025-03-30,15_16,4.7,0,0
2025-03-30,16_17,5.2,0,0
2025-03-30,17_18,7.4,0,0
2025-03-30,18_19,6.9,0,0
2025-03-30,19_20,5.6,0,0
2025-03-30,20_21,4.8,0,0
2025-03-30,21_22,4.6,0,0
2025-03-30,22_23,4.5,0,0
2025-03-30,23_24,4.4,0,0
2025-03-30,24_28,3.4,0,0
2025-03-31,04_06,2.1,0,0
2025-03-31,06_07,1.3,0,0
2025-03-31,07_08,1.5,0,0
2025-03-31,08_09,3.5,0,0
2025-03-31,09_10,6.1,0,0
2025-03-31,10_11,8.6,0,0
2025-03-31,11_12,10.1,0,0
2025-03-31,12_13,11.5,0,0
2025-03-31,13_14,12.7,0,0
2025-03-31,14_15,13.5,0,0
2025-03-31,15_16,13.6,0,0
2025-03-31,16_17,13.7,0,0
2025-03-31,17_18,12.7,0,0
2025-03-31,18_19,11.5,0,0
2025-03-31,19_20,10.0,0,0
2025-03-31,20_21,8.8,0,0
2025-03-31,21_22,7.9,0,0
2025-03-31,22_23,7.2,0,0
2025-03-31,23_24,7.1,0,0
2025-03-31,24_28,6.2,0,0
2025-04-01,04_06,4.8,0,0
2025-04-01,06_07,4.3,0,0
2025-04-01,07_08,3.9,0,0
2025-04-01,08_09,5.3,0,0
2025-04-01,09_10,7.7,0,0
2025-04-01,10_11,10.3,0,0
2025-04-01,11_12,12.0,0,0
2025-04-01,12_13,13.9,0,0
2025-04-01,13_14,15.5,0,0
2025-04-01,14_15,16.8,0,0
2025-04-01,15_16,16.8,0,0
2025-04-01,16_17,16.8,0,0
2025-04-01,17_18,15.7,0,0
2025-04-01,18_19,14.5,0,0
2025-04-01,19_20,12.5,0,0
2025-04-01,20_21,11.0,0,0
2025-04-01,21_22,10.0,0,0
2025-04-01,22_23,9.0,0,0
2025-04-01,23_24,8.7,0,0
2025-04-01,24_28,7.2,0,0
2025-04-02,04_06,5.7,0,0
2025-04-02,06_07,5.2,0,0
2025-04-02,07_08,5.3,0,0
2025-04-02,08_09,6.8,0,0
2025-04-02,09_10,9.8,0,0
2025-04-02,10_11,12.5,0,0
2025-04-02,11_12,14.2,0,0
2025-04-02,12_13,14.4,0,0
2025-04-02,13_14,13.4,0,0
2025-04-02,14_15,13.0,0,0
2025-04-02,15_16,11.3,0,0
2025-04-02,16_17,10.5,0,0
2025-04-02,17_18,9.5,0,0
2025-04-02,18_19,9.1,0,0
2025-04-02,19_20,9.2,0,0
2025-04-02,20_21,9.1,0,0
2025-04-02,21_22,8.0,0,0
2025-04-02,22_23,7.3,0,0
2025-04-02,23_24,6.8,0,0
2025-04-02,24_28,6.1,0,0
2025-04-03,04_06,4.6,0,0
2025-04-03,06_07,4.0,0,0
2025-04-03,07_08,3.6,0,0
2025-04-03,08_09,5.6,0,0
2025-04-03,09_10,8.1,0,0
2025-04-03,10_11,11.3,0,0
2025-04-03,11_12,12.7,0,0
2025-04-03,12_13,14.1,0,0
2025-04-03,13_14,15.4,0,0
2025-04-03,14_15,16.1,0,0
2025-04-03,15_16,16.8,0,0
2025-04-03,16_17,16.1,0,0
2025-04-03,17_18,14.4,0,0
2025-04-03,18_19,12.8,0,0
2025-04-03,19_20,11.2,0,0
2025-04-03,20_21,10.2,0,0
2025-04-03,21_22,9.4,0,0
2025-04-03,22_23,8.6,0,0
2025-04-03,23_24,7.8,0,0
2025-04-03,24_28,7.2,0,0
2025-04-04,04_06,6.2,0,0
2025-04-04,06_07,6.2,0,0
2025-04-04,07_08,6.0,0,0
2025-04-04,08_09,6.9,0,0
2025-04-04,09_10,9.2,0,0
2025-04-04,10_11,11.1,0,0
2025-04-04,11_12,12.6,0,0
2025-04-04,12_13,13.9,0,0
2025-04-04,13_14,15.5,0,0
2025-04-04,14_15,16.1,0,0
2025-04-04,15_16,16.0,0,0
2025-04-04,16_17,15.9,0,0
2025-04-04,17_18,15.0,0,0
2025-04-04,18_19,13.4,0,0
2025-04-04,19_20,11.9,0,0
2025-04-04,20_21,10.8,0,0
2025-04-04,21_22,10.0,0,0
2025-04-04,22_23,9.7,0,0
2025-04-04,23_24,9.6,0,0
2025-04-04,24_28,8.9,0,0
2025-04-05,04_06,8.5,0,0
2025-04-05,06_07,8.7,0,0
2025-04-05,07_08,8.9,1,0
2025-04-05,08_09,8.8,1,0
2025-04-05,09_10,8.5,1,0
2025-04-05,10_11,8.0,1,0
2025-04-05,11_12,7.8,1,0
2025-04-05,12_13,7.9,1,0
2025-04-05,13_14,7.9,1,0
2025-04-05,14_15,7.7,0,0
2025-04-05,15_16,7.7,1,0
2025-04-05,16_17,7.7,0,0
2025-04-05,17_18,7.6,1,0
2025-04-05,18_19,7.6,1,0
2025-04-05,19_20,7.7,1,0
2025-04-05,20_21,7.6,0,0
2025-04-05,21_22,7.6,1,0
2025-04-05,22_23,7.6,0,0
2025-04-05,23_24,7.8,0,0
2025-04-05,24_28,7.6,0,0
2025-04-06,04_06,7.4,0,0
2025-04-06,06_07,7.1,0,0
2025-04-06,07_08,6.9,0,0
2025-04-06,08_09,7.6,0,0
2025-04-06,09_10,8.1,0,0
2025-04-06,10_11,9.1,0,0
2025-04-06,11_12,11.3,0,0
2025-04-06,12_13,13.5,0,0
2025-04-06,13_14,13.9,0,0
2025-04-06,14_15,15.2,0,0
2025-04-06,15_16,15.5,0,0
2025-04-06,16_17,15.4,0,0
2025-04-06,17_18,14.4,0,0
2025-04-06,18_19,13.1,0,0
2025-04-06,19_20,11.7,0,0
2025-04-06,20_21,10.5,0,0
2025-04-06,21_22,9.7,0,0
2025-04-06,22_23,8.9,0,0
2025-04-06,23_24,8.3,0,0
2025-04-06,24_28,7.2,0,0
2025-04-07,04_06,6.4,0,0
2025-04-07,06_07,5.8,0,0
2025-04-07,07_08,5.5,0,0
2025-04-07,08_09,7.5,0,0
2025-04-07,09_10,10.4,0,0
2025-04-07,10_11,12.7,0,0
2025-04-07,11_12,14.8,0,0
2025-04-07,12_13,17.0,0,0
2025-04-07,13_14,18.5,0,0
2025-04-07,14_15,19.4,0,0
2025-04-07,15_16,19.8,0,0
2025-04-07,16_17,20.0,0,0
2025-04-07,17_18,19.2,0,0
2025-04-07,18_19,17.8,0,0
2025-04-07,19_20,16.6,0,0
2025-04-07,20_21,16.1,0,0
2025-04-07,21_22,15.7,0,0
2025-04-07,22_23,15.7,0,0
2025-04-07,23_24,15.2,0,0
2025-04-07,24_28,13.2,0,0
2025-04-08,04_06,11.4,0,0
2025-04-08,06_07,10.9,0,0
2025-04-08,07_08,10.7,0,0
2025-04-08,08_09,10.9,0,0
2025-04-08,09_10,11.8,0,0
2025-04-08,10_11,13.0,0,0
2025-04-08,11_12,14.6,0,0
2025-04-08,12_13,15.9,0,0
2025-04-08,13_14,16.6,0,0
2025-04-08,14_15,17.3,0,0
2025-04-08,15_16,18.1,0,0
2025-04-08,16_17,18.4,0,0
2025-04-08,17_18,17.9,0,0
2025-04-08,18_19,16.8,0,0
2025-04-08,19_20,15.2,0,0
2025-04-08,20_21,14.1,0,0
2025-04-08,21_22,13.4,0,0
2025-04-08,22_23,12.6,0,0
2025-04-08,23_24,12.0,0,0
2025-04-08,24_28,10.2,0,0
2025-04-09,04_06,9.1,0,0
2025-04-09,06_07,8.6,0,0
2025-04-09,07_08,8.8,0,0
2025-04-09,08_09,10.7,0,0
2025-04-09,09_10,12.3,0,0
2025-04-09,10_11,13.9,0,0
2025-04-09,11_12,15.2,0,0
2025-04-09,12_13,16.3,0,0
2025-04-09,13_14,17.8,0,0
2025-04-09,14_15,17.5,0,0
2025-04-09,15_16,16.4,0,0
2025-04-09,16_17,15.0,0,0
2025-04-09,17_18,14.9,0,0
2025-04-09,18_19,14.9,1,0
2025-04-09,19_20,14.0,1,0
2025-04-09,20_21,12.2,0,0
2025-04-09,21_22,12.1,0,0
2025-04-09,22_23,12.0,0,0
2025-04-09,23_24,11.8,0,0
2025-04-09,24_28,11.1,0,0
2025-04-10,04_06,10.2,0,0
2025-04-10,06_07,9.2,0,0
2025-04-10,07_08,8.9,0,0
2025-04-10,08_09,9.9,0,0
2025-04-10,09_10,11.8,0,0
2025-04-10,10_11,13.6,0,0
2025-04-10,11_12,14.8,0,0
2025-04-10,12_13,16.3,0,0
2025-04-10,13_14,16.2,0,0
2025-04-10,14_15,17.4,0,0
2025-04-10,15_16,18.7,0,0
2025-04-10,16_17,18.6,0,0
2025-04-10,17_18,17.7,0,0
2025-04-10,18_19,15.8,0,0
2025-04-10,19_20,14.0,0,0
2025-04-10,20_21,12.8,0,0
2025-04-10,21_22,12.2,0,0
2025-04-10,22_23,11.9,0,0
2025-04-10,23_24,11.3,0,0
2025-04-10,24_28,10.4,0,0
2025-04-11,04_06,9.2,0,0
2025-04-11,06_07,8.3,0,0
2025-04-11,07_08,8.3,0,0
2025-04-11,08_09,10.8,0,0
2025-04-11,09_10,13.6,0,0
2025-04-11,10_11,16.2,0,0
2025-04-11,11_12,18.6,0,0
2025-04-11,12_13,21.0,0,0
2025-04-11,13_14,22.1,0,0
2025-04-11,14_15,23.3,0,0
2025-04-11,15_16,24.2,0,0
2025-04-11,16_17,23.7,0,0
2025-04-11,17_18,22.8,0,0
2025-04-11,18_19,21.7,0,0
2025-04-11,19_20,19.5,0,0
2025-04-11,20_21,18.0,0,0
2025-04-11,21_22,16.6,0,0
2025-04-11,22_23,15.6,0,0
2025-04-11,23_24,14.8,0,0
2025-04-11,24_28,14.1,0,0
2025-04-12,04_06,13.4,0,0
2025-04-12,06_07,13.7,0,0
2025-04-12,07_08,13.5,0,0
2025-04-12,08_09,14.8,0,0
2025-04-12,09_10,16.7,0,0
2025-04-12,10_11,18.8,0,0
2025-04-12,11_12,20.9,0,0
2025-04-12,12_13,22.1,0,0
2025-04-12,13_14,21.7,1,0
2025-04-12,14_15,16.8,0,0
2025-04-12,15_16,16.4,1,0
2025-04-12,16_17,16.6,0,0
2025-04-12,17_18,17.1,1,0
2025-04-12,18_19,13.3,1,0
2025-04-12,19_20,9.9,1,0
2025-04-12,20_21,7.3,1,0
2025-04-12,21_22,5.8,1,0
2025-04-12,22_23,3.5,1,0
2025-04-12,23_24,1.7,1,1
2025-04-12,24_28,1.8,1,1
2025-04-13,04_06,3.2,0,0
2025-04-13,06_07,3.8,0,0
2025-04-13,07_08,4.4,0,0
2025-04-13,08_09,5.9,0,0
2025-04-13,09_10,7.2,0,0
2025-04-13,10_11,8.0,0,0
2025-04-13,11_12,6.3,0,0
2025-04-13,12_13,7.6,1,0
2025-04-13,13_14,6.5,1,0
2025-04-13,14_15,4.9,1,0
2025-04-13,15_16,5.3,1,0
2025-04-13,16_17,6.1,0,0
2025-04-13,17_18,6.0,0,0
2025-04-13,18_19,6.1,0,0
2025-04-13,19_20,5.7,0,0
2025-04-13,20_21,5.6,0,0
2025-04-13,21_22,5.6,0,0
2025-04-13,22_23,5.8,0,0
2025-04-13,23_24,5.6,0,0
2025-04-13,24_28,4.8,1,0
2025-04-14,04_06,2.8,0,0
2025-04-14,06_07,2.9,0,0
2025-04-14,07_08,3.4,0,0
2025-04-14,08_09,4.5,0,0
2025-04-14,09_10,5.4,1,0
2025-04-14,10_11,5.1,1,0
2025-04-14,11_12,5.9,1,0
2025-04-14,12_13,3.9,1,0
2025-04-14,13_14,5.2,1,0
2025-04-14,14_15,5.7,1,0
2025-04-14,15_16,5.4,1,0
2025-04-14,16_17,5.5,1,0
2025-04-14,17_18,5.4,1,0
2025-04-14,18_19,5.8,0,0
2025-04-14,19_20,5.6,1,0
2025-04-14,20_21,5.5,0,0
2025-04-14,21_22,5.0,0,0
2025-04-14,22_23,4.9,0,0
2025-04-14,23_24,4.6,0,0
2025-04-14,24_28,3.6,0,0
2025-04-15,04_06,2.4,0,0
2025-04-15,06_07,2.7,0,0
2025-04-15,07_08,2.8,0,0
2025-04-15,08_09,4.7,0,0
2025-04-15,09_10,6.9,0,0
2025-04-15,10_11,9.0,0,0
2025-04-15,11_12,11.2,0,0
2025-04-15,12_13,12.4,0,0
2025-04-15,13_14,13.1,0,0
2025-04-15,14_15,13.2,0,0
2025-04-15,15_16,13.8,0,0
2025-04-15,16_17,13.8,0,0
2025-04-15,17_18,12.8,0,0
2025-04-15,18_19,11.5,0,0
2025-04-15,19_20,9.9,0,0
2025-04-15,20_21,8.8,0,0
2025-04-15,21_22,8.2,0,0
2025-04-15,22_23,7.8,0,0
2025-04-15,23_24,7.5,0,0
2025-04-15,24_28,7.1,0,0
2025-04-16,04_06,6.5,0,0
2025-04-16,06_07,6.6,0,0
2025-04-16,07_08,7.0,0,0
2025-04-16,08_09,8.4,0,0
2025-04-16,09_10,10.3,0,0
2025-04-16,10_11,12.6,0,0
2025-04-16,11_12,15.2,0,0
2025-04-16,12_13,17.2,0,0
2025-04-16,13_14,19.3,0,0
2025-04-16,14_15,21.4,0,0
2025-04-16,15_16,21.7,0,0
2025-04-16,16_17,21.6,0,0
2025-04-16,17_18,21.5,0,0
2025-04-16,18_19,21.1,0,0
2025-04-16,19_20,19.6,0,0
2025-04-16,20_21,18.4,0,0
2025-04-16,21_22,17.2,0,0
2025-04-16,22_23,16.4,0,0
2025-04-16,23_24,16.1,0,0
2025-04-16,24_28,16.4,0,0
2025-04-17,04_06,16.4,0,0
2025-04-17,06_07,16.0,0,0
2025-04-17,07_08,15.9,0,0
2025-04-17,08_09,17.2,0,0
2025-04-17,09_10,18.7,0,0
2025-04-17,10_11,20.0,0,0
2025-04-17,11_12,21.4,0,0
2025-04-17,12_13,23.4,0,0
2025-04-17,13_14,24.3,0,0
2025-04-17,14_15,24.5,0,0
2025-04-17,15_16,24.1,0,0
2025-04-17,16_17,24.0,0,0
2025-04-17,17_18,23.0,0,0
2025-04-17,18_19,21.4,0,0
2025-04-17,19_20,20.3,0,0
2025-04-17,20_21,20.0,0,0
2025-04-17,21_22,19.8,0,0
2025-04-17,22_23,19.0,0,0
2025-04-17,23_24,18.3,0,0
2025-04-17,24_28,18.1,0,0
2025-04-18,04_06,16.8,0,0
2025-04-18,06_07,16.5,0,0
2025-04-18,07_08,16.5,0,0
2025-04-18,08_09,16.1,0,0
2025-04-18,09_10,15.5,0,0
2025-04-18,10_11,15.7,0,0
2025-04-18,11_12,16.2,0,0
2025-04-18,12_13,18.1,0,0
2025-04-18,13_14,19.9,0,0
2025-04-18,14_15,21.9,0,0
2025-04-18,15_16,23.2,0,0
2025-04-18,16_17,23.5,0,0
2025-04-18,17_18,23.3,0,0
2025-04-18,18_19,22.4,0,0
2025-04-18,19_20,21.0,0,0
2025-04-18,20_21,19.5,0,0
2025-04-18,21_22,18.3,0,0
2025-04-18,22_23,17.7,0,0
2025-04-18,23_24,17.1,0,0
2025-04-18,24_28,16.6,0,0
2025-04-19,04_06,16.0,1,0
2025-04-19,06_07,15.8,1,0
2025-04-19,07_08,16.0,1,0
2025-04-19,08_09,16.4,1,0
2025-04-19,09_10,17.9,1,0
2025-04-19,10_11,18.6,0,0
2025-04-19,11_12,19.3,0,0
2025-04-19,12_13,19.6,0,0
2025-04-19,13_14,19.8,0,0
2025-04-19,14_15,19.9,1,0
2025-04-19,15_16,15.5,1,0
2025-04-19,16_17,15.2,1,0
2025-04-19,17_18,14.6,1,0
2025-04-19,18_19,12.8,1,0
2025-04-19,19_20,12.4,0,0
2025-04-19,20_21,12.4,0,0
2025-04-19,21_22,12.4,0,0
2025-04-19,22_23,12.6,0,0
2025-04-19,23_24,12.6,0,0
2025-04-19,24_28,11.4,0,0
2025-04-20,04_06,9.9,0,0
2025-04-20,06_07,9.5,0,0
2025-04-20,07_08,10.2,0,0
2025-04-20,08_09,11.4,0,0
2025-04-20,09_10,12.9,0,0
2025-04-20,10_11,15.8,0,0
2025-04-20,11_12,17.9,0,0
2025-04-20,12_13,19.3,0,0
2025-04-20,13_14,21.2,0,0
2025-04-20,14_15,22.5,0,0
2025-04-20,15_16,23.4,0,0
2025-04-20,16_17,23.7,0,0
2025-04-20,17_18,24.0,0,0
2025-04-20,18_19,23.4,0,0
2025-04-20,19_20,21.7,0,0
2025-04-20,20_21,19.7,0,0
2025-04-20,21_22,18.7,0,0
2025-04-20,22_23,17.7,0,0
2025-04-20,23_24,16.7,0,0
2025-04-20,24_28,15.1,0,0
2025-04-21,04_06,14.4,0,0
2025-04-21,06_07,14.3,0,0
2025-04-21,07_08,14.6,0,0
2025-04-21,08_09,16.4,0,0
2025-04-21,09_10,18.3,0,0
2025-04-21,10_11,20.3,0,0
2025-04-21,11_12,22.6,0,0
2025-04-21,12_13,24.0,0,0
2025-04-21,13_14,24.7,0,0
2025-04-21,14_15,26.2,0,0
2025-04-21,15_16,27.0,0,0
2025-04-21,16_17,26.7,0,0
2025-04-21,17_18,26.4,0,0
2025-04-21,18_19,25.5,0,0
2025-04-21,19_20,23.6,0,0
2025-04-21,20_21,22.1,0,0
2025-04-21,21_22,21.4,0,0
2025-04-21,22_23,20.8,0,0
2025-04-21,23_24,20.6,0,0
2025-04-21,24_28,20.2,0,0
2025-04-22,04_06,19.6,1,0
2025-04-22,06_07,19.2,1,0
2025-04-22,07_08,18.9,1,0
2025-04-22,08_09,18.7,1,0
2025-04-22,09_10,18.7,1,0
2025-04-22,10_11,18.6,1,0
2025-04-22,11_12,18.8,1,0
2025-04-22,12_13,18.8,1,0
2025-04-22,13_14,17.6,1,0
2025-04-22,14_15,17.2,1,0
2025-04-22,15_16,17.7,1,0
2025-04-22,16_17,18.0,0,0
2025-04-22,17_18,17.9,0,0
2025-04-22,18_19,17.5,0,0
2025-04-22,19_20,17.2,0,0
2025-04-22,20_21,17.0,0,0
2025-04-22,21_22,16.3,0,0
2025-04-22,22_23,15.7,0,0
2025-04-22,23_24,15.2,0,0
2025-04-22,24_28,13.2,0,0
2025-04-23,04_06,11.8,0,0
2025-04-23,06_07,10.9,0,0
2025-04-23,07_08,11.4,0,0
2025-04-23,08_09,13.7,0,0
2025-04-23,09_10,15.8,0,0
2025-04-23,10_11,17.3,0,0
2025-04-23,11_12,19.2,0,0
2025-04-23,12_13,20.6,0,0
2025-04-23,13_14,21.4,0,0
2025-04-23,14_15,22.5,0,0
2025-04-23,15_16,22.3,0,0
2025-04-23,16_17,22.4,0,0
2025-04-23,17_18,22.4,0,0
2025-04-23,18_19,21.9,0,0
2025-04-23,19_20,19.7,0,0
2025-04-23,20_21,17.9,0,0
2025-04-23,21_22,16.5,0,0
2025-04-23,22_23,15.6,0,0
2025-04-23,23_24,15.0,0,0
2025-04-23,24_28,13.4,0,0
2025-04-24,04_06,11.8,0,0
2025-04-24,06_07,11.2,0,0
2025-04-24,07_08,11.1,0,0
2025-04-24,08_09,12.6,0,0
2025-04-24,09_10,14.4,0,0
2025-04-24,10_11,16.2,0,0
2025-04-24,11_12,17.5,0,0
2025-04-24,12_13,19.1,0,0
2025-04-24,13_14,18.8,0,0
2025-04-24,14_15,19.0,0,0
2025-04-24,15_16,19.3,0,0
2025-04-24,16_17,19.2,0,0
2025-04-24,17_18,18.1,0,0
2025-04-24,18_19,17.0,0,0
2025-04-24,19_20,15.3,0,0
2025-04-24,20_21,14.3,0,0
2025-04-24,21_22,13.2,0,0
2025-04-24,22_23,12.3,0,0
2025-04-24,23_24,11.4,0,0
2025-04-24,24_28,9.8,0,0
2025-04-25,04_06,8.1,0,0
2025-04-25,06_07,7.7,0,0
2025-04-25,07_08,8.2,0,0
2025-04-25,08_09,10.3,0,0
2025-04-25,09_10,12.4,0,0
2025-04-25,10_11,14.2,0,0
2025-04-25,11_12,15.5,0,0
2025-04-25,12_13,16.0,0,0
2025-04-25,13_14,16.6,0,0
2025-04-25,14_15,17.6,0,0
2025-04-25,15_16,17.5,0,0
2025-04-25,16_17,16.9,0,0
2025-04-25,17_18,16.4,0,0
2025-04-25,18_19,15.5,0,0
2025-04-25,19_20,14.0,0,0
2025-04-25,20_21,12.6,0,0
2025-04-25,21_22,11.8,0,0
2025-04-25,22_23,11.1,0,0
2025-04-25,23_24,10.5,0,0
2025-04-25,24_28,9.4,0,0
2025-04-26,04_06,8.2,0,0
2025-04-26,06_07,7.3,0,0
2025-04-26,07_08,7.7,0,0
2025-04-26,08_09,10.2,0,0
2025-04-26,09_10,13.0,0,0
2025-04-26,10_11,15.0,0,0
2025-04-26,11_12,17.0,0,0
2025-04-26,12_13,18.1,0,0
2025-04-26,13_14,19.3,0,0
2025-04-26,14_15,19.9,0,0
2025-04-26,15_16,19.2,0,0
2025-04-26,16_17,18.0,0,0
2025-04-26,17_18,17.8,0,0
2025-04-26,18_19,16.8,0,0
2025-04-26,19_20,15.2,0,0
2025-04-26,20_21,14.4,0,0
2025-04-26,21_22,14.3,0,0
2025-04-26,22_23,13.8,0,0
2025-04-26,23_24,13.2,0,0
2025-04-26,24_28,11.6,0,0
2025-04-27,04_06,11.0,0,0
2025-04-27,06_07,11.2,0,0
2025-04-27,07_08,12.4,0,0
2025-04-27,08_09,14.1,0,0
2025-04-27,09_10,15.8,0,0
2025-04-27,10_11,17.4,0,0
2025-04-27,11_12,18.1,0,0
2025-04-27,12_13,18.4,0,0
2025-04-27,13_14,18.4,0,0
2025-04-27,14_15,18.8,0,0
2025-04-27,15_16,18.8,0,0
2025-04-27,16_17,18.4,0,0
2025-04-27,17_18,17.6,0,0
2025-04-27,18_19,16.9,0,0
2025-04-27,19_20,15.8,0,0
2025-04-27,20_21,15.1,0,0
2025-04-27,21_22,14.5,0,0
2025-04-27,22_23,13.4,0,0
2025-04-27,23_24,12.8,0,0
2025-04-27,24_28,12.2,0,0
2025-04-28,04_06,11.4,0,0
2025-04-28,06_07,10.4,0,0
2025-04-28,07_08,10.6,0,0
2025-04-28,08_09,12.4,0,0
2025-04-28,09_10,14.5,0,0
2025-04-28,10_11,16.2,0,0
2025-04-28,11_12,17.6,0,0
2025-04-28,12_13,18.7,0,0
2025-04-28,13_14,19.9,0,0
2025-04-28,14_15,19.7,0,0
2025-04-28,15_16,19.5,0,0
2025-04-28,16_17,20.0,0,0
2025-04-28,17_18,19.3,0,0
2025-04-28,18_19,18.5,0,0
2025-04-28,19_20,17.1,0,0
2025-04-28,20_21,15.7,0,0
2025-04-28,21_22,15.2,0,0
2025-04-28,22_23,13.7,0,0
2025-04-28,23_24,13.1,0,0
2025-04-28,24_28,11.1,0,0
2025-04-29,04_06,9.0,0,0
2025-04-29,06_07,8.4,0,0
2025-04-29,07_08,9.0,0,0
2025-04-29,08_09,11.7,0,0
2025-04-29,09_10,14.5,0,0
2025-04-29,10_11,16.4,0,0
2025-04-29,11_12,18.2,0,0
2025-04-29,12_13,19.2,0,0
2025-04-29,13_14,20.1,0,0
2025-04-29,14_15,20.8,0,0
2025-04-29,15_16,20.6,0,0
2025-04-29,16_17,20.1,0,0
2025-04-29,17_18,20.2,0,0
2025-04-29,18_19,19.0,0,0
2025-04-29,19_20,16.7,0,0
2025-04-29,20_21,15.3,0,0
2025-04-29,21_22,14.3,0,0
2025-04-29,22_23,13.7,0,0
2025-04-29,23_24,13.2,0,0
2025-04-29,24_28,11.8,0,0
2025-04-30,04_06,10.4,0,0
2025-04-30,06_07,10.0,0,0
2025-04-30,07_08,10.7,0,0
2025-04-30,08_09,13.8,0,0
2025-04-30,09_10,16.7,0,0
2025-04-30,10_11,19.6,0,0
2025-04-30,11_12,21.7,0,0
2025-04-30,12_13,23.5,0,0
2025-04-30,13_14,24.5,0,0
2025-04-30,14_15,25.5,0,0
2025-04-30,15_16,25.5,0,0
2025-04-30,16_17,25.6,0,0
2025-04-30,17_18,25.1,0,0
2025-04-30,18_19,24.1,0,0
2025-04-30,19_20,22.4,0,0
2025-04-30,20_21,20.4,0,0
2025-04-30,21_22,19.4,0,0
2025-04-30,22_23,19.2,0,0
2025-04-30,23_24,18.2,0,0
2025-04-30,24_28,16.6,0,0
2025-05-01,04_06,16.3,0,0
2025-05-01,06_07,16.6,0,0
2025-05-01,07_08,16.9,0,0
2025-05-01,08_09,17.6,0,0
2025-05-01,09_10,17.4,1,0
2025-05-01,10_11,16.0,1,0
2025-05-01,11_12,14.3,1,0
2025-05-01,12_13,14.0,1,0
2025-05-01,13_14,13.7,1,0
2025-05-01,14_15,14.0,1,0
2025-05-01,15_16,14.4,0,0
2025-05-01,16_17,14.4,0,0
2025-05-01,17_18,14.4,0,0
2025-05-01,18_19,14.4,0,0
2025-05-01,19_20,14.1,0,0
2025-05-01,20_21,13.6,0,0
2025-05-01,21_22,13.2,0,0
2025-05-01,22_23,12.8,0,0
2025-05-01,23_24,11.9,0,0
2025-05-01,24_28,10.2,0,0
2025-05-02,04_06,9.0,0,0
2025-05-02,06_07,8.2,0,0
2025-05-02,07_08,8.5,0,0
2025-05-02,08_09,9.9,0,0
2025-05-02,09_10,11.6,0,0
2025-05-02,10_11,13.3,0,0
2025-05-02,11_12,14.8,0,0
2025-05-02,12_13,16.5,0,0
2025-05-02,13_14,17.0,0,0
2025-05-02,14_15,17.6,0,0
2025-05-02,15_16,18.2,0,0
2025-05-02,16_17,17.2,0,0
2025-05-02,17_18,16.9,0,0
2025-05-02,18_19,16.2,0,0
2025-05-02,19_20,15.2,0,0
2025-05-02,20_21,14.4,0,0
2025-05-02,21_22,13.8,0,0
2025-05-02,22_23,13.7,0,0
2025-05-02,23_24,13.5,0,0
2025-05-02,24_28,12.4,1,0
2025-05-03,04_06,10.4,1,0
2025-05-03,06_07,9.8,1,0
2025-05-03,07_08,9.6,1,0
2025-05-03,08_09,9.9,1,0
2025-05-03,09_10,10.3,1,0
2025-05-03,10_11,10.6,1,0
2025-05-03,11_12,10.8,0,0
2025-05-03,12_13,11.5,0,0
2025-05-03,13_14,11.8,0,0
2025-05-03,14_15,13.6,0,0
2025-05-03,15_16,12.8,0,0
2025-05-03,16_17,12.8,0,0
2025-05-03,17_18,12.8,0,0
2025-05-03,18_19,13.0,0,0
2025-05-03,19_20,12.7,0,0
2025-05-03,20_21,11.6,0,0
2025-05-03,21_22,10.9,0,0
2025-05-03,22_23,10.3,0,0
2025-05-03,23_24,9.9,0,0
2025-05-03,24_28,9.1,0,0
2025-05-04,04_06,8.4,0,0
2025-05-04,06_07,8.3,0,0
2025-05-04,07_08,8.7,0,0
2025-05-04,08_09,10.6,0,0
2025-05-04,09_10,12.7,0,0
2025-05-04,10_11,14.4,0,0
2025-05-04,11_12,16.4,0,0
2025-05-04,12_13,17.9,0,0
2025-05-04,13_14,18.9,0,0
2025-05-04,14_15,19.7,0,0
2025-05-04,15_16,19.7,0,0
2025-05-04,16_17,18.8,0,0
2025-05-04,17_18,18.7,0,0
2025-05-04,18_19,18.0,0,0
2025-05-04,19_20,16.0,0,0
2025-05-04,20_21,14.4,0,0
2025-05-04,21_22,13.2,0,0
2025-05-04,22_23,12.4,0,0
2025-05-04,23_24,12.0,0,0
2025-05-04,24_28,10.4,0,0
2025-05-05,04_06,9.4,0,0
2025-05-05,06_07,9.4,0,0
2025-05-05,07_08,10.2,0,0
2025-05-05,08_09,11.3,0,0
2025-05-05,09_10,12.9,0,0
2025-05-05,10_11,14.0,0,0
2025-05-05,11_12,14.3,0,0
2025-05-05,12_13,14.3,0,0
2025-05-05,13_14,14.3,0,0
2025-05-05,14_15,14.8,0,0
2025-05-05,15_16,13.7,0,0
2025-05-05,16_17,13.5,0,0
2025-05-05,17_18,13.4,0,0
2025-05-05,18_19,13.1,0,0
2025-05-05,19_20,12.7,0,0
2025-05-05,20_21,12.6,0,0
2025-05-05,21_22,12.5,0,0
2025-05-05,22_23,12.3,0,0
2025-05-05,23_24,12.1,0,0
2025-05-05,24_28,10.3,0,0
2025-05-06,04_06,8.8,0,0
2025-05-06,06_07,8.6,0,0
2025-05-06,07_08,9.4,0,0
2025-05-06,08_09,11.8,0,0
2025-05-06,09_10,14.4,0,0
2025-05-06,10_11,16.8,0,0
2025-05-06,11_12,17.7,0,0
2025-05-06,12_13,18.5,0,0
2025-05-06,13_14,18.3,0,0
2025-05-06,14_15,17.9,0,0
2025-05-06,15_16,18.1,0,0
2025-05-06,16_17,18.9,0,0
2025-05-06,17_18,19.1,0,0
2025-05-06,18_19,18.6,0,0
2025-05-06,19_20,16.7,0,0
2025-05-06,20_21,15.5,0,0
2025-05-06,21_22,14.9,0,0
2025-05-06,22_23,14.0,0,0
2025-05-06,23_24,13.4,0,0
2025-05-06,24_28,11.8,0,0
2025-05-07,04_06,10.4,0,0
2025-05-07,06_07,9.9,0,0
2025-05-07,07_08,10.6,0,0
2025-05-07,08_09,12.4,0,0
2025-05-07,09_10,14.7,0,0
2025-05-07,10_11,16.7,0,0
2025-05-07,11_12,18.1,0,0
2025-05-07,12_13,18.9,0,0
2025-05-07,13_14,20.4,0,0
2025-05-07,14_15,20.7,0,0
2025-05-07,15_16,20.9,0,0
2025-05-07,16_17,20.2,0,0
2025-05-07,17_18,19.3,0,0
2025-05-07,18_19,18.1,0,0
2025-05-07,19_20,16.5,0,0
2025-05-07,20_21,14.9,0,0
2025-05-07,21_22,13.9,0,0
2025-05-07,22_23,13.1,0,0
2025-05-07,23_24,12.4,0,0
2025-05-07,24_28,11.4,0,0
2025-05-08,04_06,10.2,0,0
2025-05-08,06_07,9.8,0,0
2025-05-08,07_08,10.5,0,0
2025-05-08,08_09,13.2,0,0
2025-05-08,09_10,15.8,0,0
2025-05-08,10_11,18.2,0,0
2025-05-08,11_12,20.0,0,0
2025-05-08,12_13,21.4,0,0
2025-05-08,13_14,22.9,0,0
2025-05-08,14_15,24.2,0,0
2025-05-08,15_16,24.6,0,0
2025-05-08,16_17,24.9,0,0
2025-05-08,17_18,24.5,0,0
2025-05-08,18_19,21.3,0,0
2025-05-08,19_20,19.3,0,0
2025-05-08,20_21,18.7,0,0
2025-05-08,21_22,18.2,0,0
2025-05-08,22_23,18.0,0,0
2025-05-08,23_24,17.6,0,0
2025-05-08,24_28,16.9,0,0
2025-05-09,04_06,16.2,0,0
2025-05-09,06_07,16.1,0,0
2025-05-09,07_08,16.1,1,0
2025-05-09,08_09,15.2,1,0
2025-05-09,09_10,15.0,1,0
2025-05-09,10_11,14.9,1,0
2025-05-09,11_12,14.6,1,0
2025-05-09,12_13,14.9,1,0
2025-05-09,13_14,14.5,1,0
2025-05-09,14_15,14.2,1,0
2025-05-09,15_16,14.2,1,0
2025-05-09,16_17,14.3,1,0
2025-05-09,17_18,14.4,1,0
2025-05-09,18_19,14.6,1,0
2025-05-09,19_20,14.7,1,0
2025-05-09,20_21,14.8,1,0
2025-05-09,21_22,14.8,1,0
2025-05-09,22_23,14.8,1,0
2025-05-09,23_24,14.8,1,0
2025-05-09,24_28,15.0,1,0
2025-05-10,04_06,13.1,0,0
2025-05-10,06_07,12.5,1,0
2025-05-10,07_08,12.2,1,0
2025-05-10,08_09,11.9,1,0
2025-05-10,09_10,11.6,1,0
2025-05-10,10_11,11.8,1,0
2025-05-10,11_12,11.8,1,0
2025-05-10,12_13,11.7,1,0
2025-05-10,13_14,11.9,0,0
2025-05-10,14_15,12.1,0,0
2025-05-10,15_16,12.2,0,0
2025-05-10,16_17,12.4,1,0
2025-05-10,17_18,11.9,1,0
2025-05-10,18_19,11.9,0,0
2025-05-10,19_20,12.1,0,0
2025-05-10,20_21,12.2,0,0
2025-05-10,21_22,12.0,0,0
2025-05-10,22_23,11.9,0,0
2025-05-10,23_24,11.8,0,0
2025-05-10,24_28,11.6,0,0
2025-05-11,04_06,11.6,0,0
2025-05-11,06_07,11.5,0,0
2025-05-11,07_08,11.8,0,0
2025-05-11,08_09,12.5,0,0
2025-05-11,09_10,13.3,0,0
2025-05-11,10_11,14.5,0,0
2025-05-11,11_12,15.1,0,0
2025-05-11,12_13,16.2,0,0
2025-05-11,13_14,17.8,0,0
2025-05-11,14_15,19.0,0,0
2025-05-11,15_16,19.6,0,0
2025-05-11,16_17,19.3,0,0
2025-05-11,17_18,20.0,0,0
2025-05-11,18_19,18.7,0,0
2025-05-11,19_20,17.1,0,0
2025-05-11,20_21,15.9,0,0
2025-05-11,21_22,14.4,0,0
2025-05-11,22_23,13.3,0,0
2025-05-11,23_24,12.7,0,0
2025-05-11,24_28,11.7,0,0
2025-05-12,04_06,10.5,0,0
2025-05-12,06_07,9.9,0,0
2025-05-12,07_08,10.7,0,0
2025-05-12,08_09,13.0,0,0
2025-05-12,09_10,15.0,0,0
2025-05-12,10_11,17.1,0,0
2025-05-12,11_12,19.1,0,0
2025-05-12,12_13,20.6,0,0
2025-05-12,13_14,21.8,0,0
2025-05-12,14_15,22.3,0,0
2025-05-12,15_16,23.0,0,0
2025-05-12,16_17,23.2,0,0
2025-05-12,17_18,23.2,0,0
2025-05-12,18_19,22.4,0,0
2025-05-12,19_20,21.2,0,0
2025-05-12,20_21,19.7,0,0
2025-05-12,21_22,18.3,0,0
2025-05-12,22_23,17.0,0,0
2025-05-12,23_24,16.2,0,0
2025-05-12,24_28,14.9,0,0
2025-05-13,04_06,13.7,0,0
2025-05-13,06_07,13.4,0,0
2025-05-13,07_08,14.8,0,0
2025-05-13,08_09,16.7,0,0
2025-05-13,09_10,18.2,0,0
2025-05-13,10_11,20.7,0,0
2025-05-13,11_12,23.1,0,0
2025-05-13,12_13,24.6,0,0
2025-05-13,13_14,25.6,0,0
2025-05-13,14_15,25.5,0,0
2025-05-13,15_16,25.6,0,0
2025-05-13,16_17,25.1,0,0
2025-05-13,17_18,24.8,0,0
2025-05-13,18_19,24.6,0,0
2025-05-13,19_20,23.7,0,0
2025-05-13,20_21,22.3,0,0
2025-05-13,21_22,21.1,0,0
2025-05-13,22_23,20.2,0,0
2025-05-13,23_24,18.9,0,0
2025-05-13,24_28,16.5,0,0
2025-05-14,04_06,14.6,0,0
2025-05-14,06_07,14.1,0,0
2025-05-14,07_08,14.6,0,0
2025-05-14,08_09,17.7,0,0
2025-05-14,09_10,20.4,0,0
2025-05-14,10_11,22.2,0,0
2025-05-14,11_12,23.7,0,0
2025-05-14,12_13,25.0,0,0
2025-05-14,13_14,25.6,0,0
2025-05-14,14_15,26.5,0,0
2025-05-14,15_16,26.1,0,0
2025-05-14,16_17,25.3,0,0
2025-05-14,17_18,24.4,0,0
2025-05-14,18_19,24.0,0,0
2025-05-14,19_20,23.1,0,0
2025-05-14,20_21,22.0,0,0
2025-05-14,21_22,21.7,0,0
2025-05-14,22_23,21.2,0,0
2025-05-14,23_24,21.3,0,0
2025-05-14,24_28,21.0,1,0
2025-05-15,04_06,19.5,1,0
2025-05-15,06_07,18.9,1,0
2025-05-15,07_08,18.6,1,0
2025-05-15,08_09,18.2,1,0
2025-05-15,09_10,17.1,1,0
2025-05-15,10_11,16.9,0,0
2025-05-15,11_12,17.3,0,0
2025-05-15,12_13,18.7,0,0
2025-05-15,13_14,19.7,0,0
2025-05-15,14_15,20.2,0,0
2025-05-15,15_16,21.1,0,0
2025-05-15,16_17,22.0,0,0
2025-05-15,17_18,22.1,0,0
2025-05-15,18_19,21.7,0,0
2025-05-15,19_20,21.0,0,0
2025-05-15,20_21,20.3,0,0
2025-05-15,21_22,19.6,0,0
2025-05-15,22_23,19.0,0,0
2025-05-15,23_24,18.5,0,0
2025-05-15,24_28,18.5,0,0
2025-05-16,04_06,18.4,0,0
2025-05-16,06_07,18.2,1,0
2025-05-16,07_08,18.5,1,0
2025-05-16,08_09,19.0,1,0
2025-05-16,09_10,19.7,1,0
2025-05-16,10_11,20.4,1,0
2025-05-16,11_12,20.3,1,0
2025-05-16,12_13,20.8,1,0
2025-05-16,13_14,21.3,1,0
2025-05-16,14_15,21.5,1,0
2025-05-16,15_16,21.8,1,0
2025-05-16,16_17,21.2,1,0
2025-05-16,17_18,20.0,1,0
2025-05-16,18_19,19.5,1,0
2025-05-16,19_20,19.3,1,0
2025-05-16,20_21,19.0,1,0
2025-05-16,21_22,18.4,0,0
2025-05-16,22_23,18.2,0,0
2025-05-16,23_24,17.9,0,0
2025-05-16,24_28,17.4,0,0
2025-05-17,04_06,16.4,0,0
2025-05-17,06_07,16.3,0,0
2025-05-17,07_08,16.7,0,0
2025-05-17,08_09,18.4,0,0
2025-05-17,09_10,20.1,0,0
2025-05-17,10_11,21.3,0,0
2025-05-17,11_12,22.2,0,0
2025-05-17,12_13,23.2,0,0
2025-05-17,13_14,24.1,0,0
2025-05-17,14_15,23.9,0,0
2025-05-17,15_16,22.2,0,0
2025-05-17,16_17,19.8,0,0
2025-05-17,17_18,18.9,1,0
2025-05-17,18_19,17.7,1,0
2025-05-17,19_20,16.6,0,0
2025-05-17,20_21,15.7,0,0
2025-05-17,21_22,15.4,0,0
2025-05-17,22_23,15.0,0,0
2025-05-17,23_24,14.9,0,0
2025-05-17,24_28,13.9,0,0
2025-05-18,04_06,12.1,0,0
2025-05-18,06_07,11.4,0,0
2025-05-18,07_08,11.7,0,0
2025-05-18,08_09,12.6,0,0
2025-05-18,09_10,13.7,0,0
2025-05-18,10_11,15.5,0,0
2025-05-18,11_12,16.7,0,0
2025-05-18,12_13,18.2,0,0
2025-05-18,13_14,19.4,0,0
2025-05-18,14_15,20.1,0,0
2025-05-18,15_16,21.0,0,0
2025-05-18,16_17,20.7,0,0
2025-05-18,17_18,19.9,0,0
2025-05-18,18_19,19.3,0,0
2025-05-18,19_20,17.7,0,0
2025-05-18,20_21,16.1,0,0
2025-05-18,21_22,15.0,0,0
2025-05-18,22_23,14.2,0,0
2025-05-18,23_24,13.6,0,0
2025-05-18,24_28,12.0,0,0
2025-05-19,04_06,10.6,0,0
2025-05-19,06_07,11.3,0,0
2025-05-19,07_08,12.2,0,0
2025-05-19,08_09,13.6,0,0
2025-05-19,09_10,14.0,0,0
2025-05-19,10_11,14.9,0,0
2025-05-19,11_12,17.2,0,0
2025-05-19,12_13,18.8,0,0
2025-05-19,13_14,19.8,0,0
2025-05-19,14_15,19.9,0,0
2025-05-19,15_16,20.2,0,0
2025-05-19,16_17,20.5,0,0
2025-05-19,17_18,19.4,0,0
2025-05-19,18_19,18.3,0,0
2025-05-19,19_20,17.8,1,0
2025-05-19,20_21,17.5,1,0
2025-05-19,21_22,17.6,1,0
2025-05-19,22_23,17.5,1,0
2025-05-19,23_24,17.4,1,0
2025-05-19,24_28,17.6,1,0
2025-05-20,04_06,17.7,0,0
2025-05-20,06_07,17.9,0,0
2025-05-20,07_08,18.2,0,0
2025-05-20,08_09,18.8,0,0
2025-05-20,09_10,19.4,0,0
2025-05-20,10_11,20.1,0,0
2025-05-20,11_12,20.7,0,0
2025-05-20,12_13,21.8,0,0
2025-05-20,13_14,24.3,0,0
2025-05-20,14_15,26.1,0,0
2025-05-20,15_16,27.0,0,0
2025-05-20,16_17,26.5,0,0
2025-05-20,17_18,26.1,0,0
2025-05-20,18_19,25.2,0,0
2025-05-20,19_20,24.6,0,0
2025-05-20,20_21,24.5,0,0
2025-05-20,21_22,24.5,0,0
2025-05-20,22_23,24.5,0,0
2025-05-20,23_24,24.5,0,0
2025-05-20,24_28,23.9,0,0
2025-05-21,04_06,23.2,0,0
2025-05-21,06_07,23.0,0,0
2025-05-21,07_08,23.3,0,0
2025-05-21,08_09,24.2,0,0
2025-05-21,09_10,25.0,0,0
2025-05-21,10_11,25.9,0,0
2025-05-21,11_12,27.2,0,0
2025-05-21,12_13,27.6,0,0
2025-05-21,13_14,28.9,0,0
2025-05-21,14_15,30.3,0,0
2025-05-21,15_16,30.2,0,0
2025-05-21,16_17,29.8,0,0
2025-05-21,17_18,28.3,0,0
2025-05-21,18_19,27.8,0,0
2025-05-21,19_20,26.6,0,0
2025-05-21,20_21,25.3,0,0
2025-05-21,21_22,24.4,0,0
2025-05-21,22_23,23.4,0,0
2025-05-21,23_24,22.7,0,0
2025-05-21,24_28,21.8,0,0
2025-05-22,04_06,21.5,1,0
2025-05-22,06_07,21.0,1,0
2025-05-22,07_08,20.4,0,0
2025-05-22,08_09,20.4,0,0
2025-05-22,09_10,21.7,0,0
2025-05-22,10_11,23.0,0,0
2025-05-22,11_12,24.6,0,0
2025-05-22,12_13,25.5,0,0
2025-05-22,13_14,26.1,0,0
2025-05-22,14_15,27.7,0,0
2025-05-22,15_16,28.1,0,0
2025-05-22,16_17,28.4,0,0
2025-05-22,17_18,28.1,0,0
2025-05-22,18_19,26.9,0,0
2025-05-22,19_20,26.1,0,0
2025-05-22,20_21,25.2,0,0
2025-05-22,21_22,24.1,0,0
2025-05-22,22_23,24.0,0,0
2025-05-22,23_24,23.2,0,0
2025-05-22,24_28,21.0,0,0
2025-05-23,04_06,19.2,0,0
2025-05-23,06_07,18.3,0,0
2025-05-23,07_08,18.5,0,0
2025-05-23,08_09,18.8,0,0
2025-05-23,09_10,19.4,0,0
2025-05-23,10_11,19.8,0,0
2025-05-23,11_12,20.3,0,0
2025-05-23,12_13,20.7,0,0
2025-05-23,13_14,21.3,0,0
2025-05-23,14_15,21.3,0,0
2025-05-23,15_16,21.6,0,0
2025-05-23,16_17,21.8,0,0
2025-05-23,17_18,21.5,0,0
2025-05-23,18_19,21.1,0,0
2025-05-23,19_20,20.7,0,0
2025-05-23,20_21,19.9,0,0
2025-05-23,21_22,19.0,1,0
2025-05-23,22_23,16.7,1,0
2025-05-23,23_24,15.7,0,0
2025-05-23,24_28,14.5,1,0
2025-05-24,04_06,13.2,1,0
2025-05-24,06_07,13.1,0,0
2025-05-24,07_08,13.3,0,0
2025-05-24,08_09,14.0,0,0
2025-05-24,09_10,14.9,0,0
2025-05-24,10_11,15.2,0,0
2025-05-24,11_12,15.5,0,0
2025-05-24,12_13,16.1,0,0
2025-05-24,13_14,17.5,0,0
2025-05-24,14_15,18.5,0,0
2025-05-24,15_16,18.7,0,0
2025-05-24,16_17,18.6,0,0
2025-05-24,17_18,18.9,0,0
2025-05-24,18_19,18.1,0,0
2025-05-24,19_20,17.0,0,0
2025-05-24,20_21,16.1,0,0
2025-05-24,21_22,15.7,0,0
2025-05-24,22_23,15.5,0,0
2025-05-24,23_24,15.0,0,0
2025-05-24,24_28,13.3,0,0
2025-05-25,04_06,12.0,0,0
2025-05-25,06_07,11.8,0,0
2025-05-25,07_08,12.5,0,0
2025-05-25,08_09,14.6,0,0
2025-05-25,09_10,16.8,0,0
2025-05-25,10_11,18.3,0,0
2025-05-25,11_12,19.9,0,0
2025-05-25,12_13,21.0,0,0
2025-05-25,13_14,21.9,0,0
2025-05-25,14_15,22.3,0,0
2025-05-25,15_16,22.3,0,0
2025-05-25,16_17,22.2,0,0
2025-05-25,17_18,22.3,0,0
2025-05-25,18_19,22.0,0,0
2025-05-25,19_20,20.6,0,0
2025-05-25,20_21,18.8,0,0
2025-05-25,21_22,17.5,0,0
2025-05-25,22_23,16.6,0,0
2025-05-25,23_24,16.0,0,0
2025-05-25,24_28,14.6,0,0
2025-05-26,04_06,13.6,0,0
2025-05-26,06_07,13.1,0,0
2025-05-26,07_08,14.1,0,0
2025-05-26,08_09,16.6,0,0
2025-05-26,09_10,18.8,0,0
2025-05-26,10_11,20.5,0,0
2025-05-26,11_12,21.7,0,0
2025-05-26,12_13,23.5,0,0
2025-05-26,13_14,24.6,0,0
2025-05-26,14_15,25.5,0,0
2025-05-26,15_16,26.0,0,0
2025-05-26,16_17,25.6,0,0
2025-05-26,17_18,25.4,0,0
2025-05-26,18_19,24.5,0,0
2025-05-26,19_20,22.8,0,0
2025-05-26,20_21,21.0,0,0
2025-05-26,21_22,20.1,0,0
2025-05-26,22_23,19.4,0,0
2025-05-26,23_24,18.2,0,0
2025-05-26,24_28,16.8,0,0
2025-05-27,04_06,15.0,0,0
2025-05-27,06_07,14.8,0,0
2025-05-27,07_08,15.7,0,0
2025-05-27,08_09,18.1,0,0
2025-05-27,09_10,20.1,0,0
2025-05-27,10_11,21.7,0,0
2025-05-27,11_12,23.2,0,0
2025-05-27,12_13,24.5,0,0
2025-05-27,13_14,25.6,0,0
2025-05-27,14_15,26.2,0,0
2025-05-27,15_16,26.9,0,0
2025-05-27,16_17,26.5,0,0
2025-05-27,17_18,25.7,0,0
2025-05-27,18_19,24.9,0,0
2025-05-27,19_20,23.0,0,0
2025-05-27,20_21,21.2,0,0
2025-05-27,21_22,20.7,0,0
2025-05-27,22_23,20.1,0,0
2025-05-27,23_24,19.4,0,0
2025-05-27,24_28,17.9,0,0
2025-05-28,04_06,16.6,0,0
2025-05-28,06_07,16.3,0,0
2025-05-28,07_08,17.3,0,0
2025-05-28,08_09,18.1,0,0
2025-05-28,09_10,19.6,0,0
2025-05-28,10_11,20.4,0,0
2025-05-28,11_12,22.8,0,0
2025-05-28,12_13,24.4,0,0
2025-05-28,13_14,25.3,0,0
2025-05-28,14_15,26.0,0,0
2025-05-28,15_16,26.6,0,0
2025-05-28,16_17,26.8,0,0
2025-05-28,17_18,24.5,0,0
2025-05-28,18_19,23.5,0,0
2025-05-28,19_20,22.0,0,0
2025-05-28,20_21,21.1,0,0
2025-05-28,21_22,20.4,0,0
2025-05-28,22_23,19.7,0,0
2025-05-28,23_24,19.0,0,0
2025-05-28,24_28,17.4,0,0
2025-05-29,04_06,15.8,0,0
2025-05-29,06_07,15.4,0,0
2025-05-29,07_08,16.5,0,0
2025-05-29,08_09,18.5,0,0
2025-05-29,09_10,20.8,0,0
2025-05-29,10_11,22.0,0,0
2025-05-29,11_12,24.0,0,0
2025-05-29,12_13,24.8,0,0
2025-05-29,13_14,25.5,0,0
2025-05-29,14_15,26.3,0,0
2025-05-29,15_16,25.8,0,0
2025-05-29,16_17,27.2,0,0
2025-05-29,17_18,26.2,0,0
2025-05-29,18_19,25.2,0,0
2025-05-29,19_20,23.8,0,0
2025-05-29,20_21,22.5,0,0
2025-05-29,21_22,21.6,0,0
2025-05-29,22_23,20.9,0,0
2025-05-29,23_24,20.1,0,0
2025-05-29,24_28,18.4,0,0
2025-05-30,04_06,17.3,0,0
2025-05-30,06_07,16.8,0,0
2025-05-30,07_08,17.2,0,0
2025-05-30,08_09,19.4,0,0
2025-05-30,09_10,21.0,0,0
2025-05-30,10_11,22.4,0,0
2025-05-30,11_12,24.0,0,0
2025-05-30,12_13,25.3,0,0
2025-05-30,13_14,26.5,0,0
2025-05-30,14_15,27.0,0,0
2025-05-30,15_16,27.4,0,0
2025-05-30,16_17,27.7,0,0
2025-05-30,17_18,27.9,0,0
2025-05-30,18_19,27.4,0,0
2025-05-30,19_20,25.2,0,0
2025-05-30,20_21,23.6,0,0
2025-05-30,21_22,22.4,0,0
2025-05-30,22_23,21.3,0,0
2025-05-30,23_24,20.6,0,0
2025-05-30,24_28,18.7,0,0
2025-05-31,04_06,16.9,0,0
2025-05-31,06_07,16.6,0,0
2025-05-31,07_08,17.5,0,0
2025-05-31,08_09,19.4,0,0
2025-05-31,09_10,21.4,0,0
2025-05-31,10_11,23.4,0,0
2025-05-31,11_12,24.3,0,0
2025-05-31,12_13,25.0,0,0
2025-05-31,13_14,26.4,0,0
2025-05-31,14_15,26.3,0,0
2025-05-31,15_16,26.4,0,0
2025-05-31,16_17,26.7,0,0
2025-05-31,17_18,25.6,0,0
2025-05-31,18_19,24.2,0,0
2025-05-31,19_20,22.7,0,0
2025-05-31,20_21,21.4,0,0
2025-05-31,21_22,20.7,0,0
2025-05-31,22_23,20.6,0,0
2025-05-31,23_24,20.3,0,0
2025-05-31,24_28,19.0,0,0
2025-06-01,04_06,17.5,0,0
2025-06-01,06_07,17.1,0,0
2025-06-01,07_08,18.0,0,0
2025-06-01,08_09,20.2,0,0
2025-06-01,09_10,22.1,0,0
2025-06-01,10_11,23.5,0,0
2025-06-01,11_12,25.3,0,0
2025-06-01,12_13,26.9,0,0
2025-06-01,13_14,27.6,0,0
2025-06-01,14_15,28.6,0,0
2025-06-01,15_16,29.1,0,0
2025-06-01,16_17,28.2,0,0
2025-06-01,17_18,26.6,0,0
2025-06-01,18_19,25.3,0,0
2025-06-01,19_20,24.0,0,0
2025-06-01,20_21,22.7,0,0
2025-06-01,21_22,22.2,0,0
2025-06-01,22_23,21.4,0,0
2025-06-01,23_24,20.9,0,0
2025-06-01,24_28,19.9,0,0
2025-06-02,04_06,19.5,0,0
2025-06-02,06_07,19.3,0,0
2025-06-02,07_08,19.5,0,0
2025-06-02,08_09,19.9,0,0
2025-06-02,09_10,20.5,0,0
2025-06-02,10_11,21.2,0,0
2025-06-02,11_12,21.1,0,0
2025-06-02,12_13,21.4,0,0
2025-06-02,13_14,22.1,0,0
2025-06-02,14_15,22.3,0,0
2025-06-02,15_16,22.9,0,0
2025-06-02,16_17,23.0,0,0
2025-06-02,17_18,23.0,0,0
2025-06-02,18_19,22.6,0,0
2025-06-02,19_20,22.0,0,0
2025-06-02,20_21,21.4,0,0
2025-06-02,21_22,21.1,0,0
2025-06-02,22_23,20.8,0,0
2025-06-02,23_24,20.5,0,0
2025-06-02,24_28,20.0,0,0
2025-06-03,04_06,19.0,0,0
2025-06-03,06_07,18.0,0,0
2025-06-03,07_08,18.6,0,0
2025-06-03,08_09,20.0,0,0
2025-06-03,09_10,21.4,0,0
2025-06-03,10_11,23.0,0,0
2025-06-03,11_12,24.2,0,0
2025-06-03,12_13,24.7,0,0
2025-06-03,13_14,24.4,0,0
2025-06-03,14_15,23.7,0,0
2025-06-03,15_16,23.7,0,0
2025-06-03,16_17,23.3,0,0
2025-06-03,17_18,23.5,0,0
2025-06-03,18_19,23.3,0,0
2025-06-03,19_20,22.1,0,0
2025-06-03,20_21,20.4,0,0
2025-06-03,21_22,19.2,0,0
2025-06-03,22_23,18.3,0,0
2025-06-03,23_24,17.5,0,0
2025-06-03,24_28,16.5,0,0
2025-06-04,04_06,15.5,0,0
2025-06-04,06_07,15.5,0,0
2025-06-04,07_08,16.4,0,0
2025-06-04,08_09,18.6,0,0
2025-06-04,09_10,20.3,0,0
2025-06-04,10_11,22.3,0,0
2025-06-04,11_12,23.5,0,0
2025-06-04,12_13,24.8,0,0
2025-06-04,13_14,24.9,0,0
2025-06-04,14_15,24.8,0,0
2025-06-04,15_16,24.9,0,0
2025-06-04,16_17,24.3,0,0
2025-06-04,17_18,23.3,0,0
2025-06-04,18_19,23.1,0,0
2025-06-04,19_20,22.3,0,0
2025-06-04,20_21,21.2,0,0
2025-06-04,21_22,20.4,0,0
2025-06-04,22_23,19.8,0,0
2025-06-04,23_24,19.2,0,0
2025-06-04,24_28,17.7,0,0
2025-06-05,04_06,16.2,0,0
2025-06-05,06_07,15.7,0,0
2025-06-05,07_08,16.6,0,0
2025-06-05,08_09,19.0,0,0
2025-06-05,09_10,21.2,0,0
2025-06-05,10_11,23.5,0,0
2025-06-05,11_12,24.8,0,0
2025-06-05,12_13,25.6,0,0
2025-06-05,13_14,26.4,0,0
2025-06-05,14_15,26.6,0,0
2025-06-05,15_16,26.4,0,0
2025-06-05,16_17,26.6,0,0
2025-06-05,17_18,26.8,0,0
2025-06-05,18_19,26.1,0,0
2025-06-05,19_20,25.0,0,0
2025-06-05,20_21,23.0,0,0
2025-06-05,21_22,21.6,0,0
2025-06-05,22_23,20.9,0,0
2025-06-05,23_24,20.6,0,0
2025-06-05,24_28,19.4,0,0
2025-06-06,04_06,18.2,0,0
2025-06-06,06_07,17.9,0,0
2025-06-06,07_08,19.1,0,0
2025-06-06,08_09,21.1,0,0
2025-06-06,09_10,23.8,0,0
2025-06-06,10_11,25.8,0,0
2025-06-06,11_12,26.9,0,0
2025-06-06,12_13,28.5,0,0
2025-06-06,13_14,29.2,0,0
2025-06-06,14_15,29.7,0,0
2025-06-06,15_16,29.4,0,0
2025-06-06,16_17,29.0,0,0
2025-06-06,17_18,27.8,0,0
2025-06-06,18_19,27.2,0,0
2025-06-06,19_20,25.7,0,0
2025-06-06,20_21,24.9,0,0
2025-06-06,21_22,24.1,0,0
2025-06-06,22_23,23.5,0,0
2025-06-06,23_24,23.0,0,0
2025-06-06,24_28,22.2,0,0
2025-06-07,04_06,20.2,0,0
2025-06-07,06_07,19.8,0,0
2025-06-07,07_08,20.6,0,0
2025-06-07,08_09,22.9,0,0
2025-06-07,09_10,23.7,0,0
2025-06-07,10_11,25.3,0,0
2025-06-07,11_12,24.9,0,0
2025-06-07,12_13,25.2,0,0
2025-06-07,13_14,26.1,0,0
2025-06-07,14_15,27.0,0,0
2025-06-07,15_16,27.9,0,0
2025-06-07,16_17,28.2,0,0
2025-06-07,17_18,27.2,0,0
2025-06-07,18_19,25.7,0,0
2025-06-07,19_20,24.7,0,0
2025-06-07,20_21,24.0,0,0
2025-06-07,21_22,23.5,0,0
2025-06-07,22_23,23.0,1,0
2025-06-07,23_24,22.3,0,0
2025-06-07,24_28,21.8,1,0
2025-06-08,04_06,21.5,0,0
2025-06-08,06_07,21.5,0,0
2025-06-08,07_08,21.9,0,0
2025-06-08,08_09,22.7,0,0
2025-06-08,09_10,23.5,0,0
2025-06-08,10_11,25.8,0,0
2025-06-08,11_12,25.8,0,0
2025-06-08,12_13,28.5,0,0
2025-06-08,13_14,29.2,0,0
2025-06-08,14_15,30.1,0,0
2025-06-08,15_16,29.8,0,0
2025-06-08,16_17,29.1,0,0
2025-06-08,17_18,28.6,0,0
2025-06-08,18_19,27.9,0,0
2025-06-08,19_20,26.7,0,0
2025-06-08,20_21,25.5,0,0
2025-06-08,21_22,24.6,0,0
2025-06-08,22_23,24.1,0,0
2025-06-08,23_24,23.4,0,0
2025-06-08,24_28,22.9,0,0
2025-06-09,04_06,21.2,0,0
2025-06-09,06_07,20.7,0,0
2025-06-09,07_08,21.1,0,0
2025-06-09,08_09,22.0,0,0
2025-06-09,09_10,23.1,0,0
2025-06-09,10_11,24.7,0,0
2025-06-09,11_12,26.1,0,0
2025-06-09,12_13,27.9,0,0
2025-06-09,13_14,29.5,0,0
2025-06-09,14_15,29.6,0,0
2025-06-09,15_16,29.7,0,0
2025-06-09,16_17,29.9,0,0
2025-06-09,17_18,29.7,0,0
2025-06-09,18_19,27.5,0,0
2025-06-09,19_20,25.2,0,0
2025-06-09,20_21,23.3,0,0
2025-06-09,21_22,22.2,0,0
2025-06-09,22_23,21.7,0,0
2025-06-09,23_24,21.3,0,0
2025-06-09,24_28,20.5,0,0
2025-06-10,04_06,20.0,0,0
2025-06-10,06_07,19.9,0,0
2025-06-10,07_08,21.0,0,0
2025-06-10,08_09,22.2,0,0
2025-06-10,09_10,22.9,0,0
2025-06-10,10_11,23.3,0,0
2025-06-10,11_12,22.9,0,0
2025-06-10,12_13,22.7,0,0
2025-06-10,13_14,22.6,0,0
2025-06-10,14_15,22.9,0,0
2025-06-10,15_16,23.7,0,0
2025-06-10,16_17,24.0,0,0
2025-06-10,17_18,25.2,0,0
2025-06-10,18_19,24.3,0,0
2025-06-10,19_20,22.5,0,0
2025-06-10,20_21,21.6,0,0
2025-06-10,21_22,20.8,0,0
2025-06-10,22_23,19.9,0,0
2025-06-10,23_24,19.6,0,0
2025-06-10,24_28,18.0,0,0
2025-06-11,04_06,16.4,0,0
2025-06-11,06_07,16.0,0,0
2025-06-11,07_08,17.5,0,0
2025-06-11,08_09,19.6,0,0
2025-06-11,09_10,22.2,0,0
2025-06-11,10_11,23.9,0,0
2025-06-11,11_12,25.8,0,0
2025-06-11,12_13,27.1,0,0
2025-06-11,13_14,28.0,0,0
2025-06-11,14_15,27.8,0,0
2025-06-11,15_16,28.3,0,0
2025-06-11,16_17,28.1,0,0
2025-06-11,17_18,27.7,0,0
2025-06-11,18_19,27.2,0,0
2025-06-11,19_20,25.3,0,0
2025-06-11,20_21,24.1,0,0
2025-06-11,21_22,22.8,0,0
2025-06-11,22_23,21.7,0,0
2025-06-11,23_24,21.1,0,0
2025-06-11,24_28,19.7,0,0
2025-06-12,04_06,18.3,0,0
2025-06-12,06_07,17.9,0,0
2025-06-12,07_08,19.7,0,0
2025-06-12,08_09,22.1,0,0
2025-06-12,09_10,24.3,0,0
2025-06-12,10_11,26.4,0,0
2025-06-12,11_12,28.1,0,0
2025-06-12,12_13,29.7,0,0
2025-06-12,13_14,31.1,0,0
2025-06-12,14_15,31.9,0,0
2025-06-12,15_16,32.5,0,0
2025-06-12,16_17,32.7,0,0
2025-06-12,17_18,32.3,0,0
2025-06-12,18_19,30.3,0,0
2025-06-12,19_20,28.6,0,0
2025-06-12,20_21,27.2,0,0
2025-06-12,21_22,26.1,0,0
2025-06-12,22_23,25.6,0,0
2025-06-12,23_24,24.9,0,0
2025-06-12,24_28,23.3,0,0
2025-06-13,04_06,21.4,0,0
2025-06-13,06_07,21.1,0,0
2025-06-13,07_08,21.8,0,0
2025-06-13,08_09,23.6,0,0
2025-06-13,09_10,25.4,0,0
2025-06-13,10_11,27.0,0,0
2025-06-13,11_12,28.5,0,0
2025-06-13,12_13,28.7,0,0
2025-06-13,13_14,29.0,0,0
2025-06-13,14_15,28.6,0,0
2025-06-13,15_16,27.8,0,0
2025-06-13,16_17,27.5,0,0
2025-06-13,17_18,26.4,0,0
2025-06-13,18_19,24.5,0,0
2025-06-13,19_20,23.0,0,0
2025-06-13,20_21,22.1,0,0
2025-06-13,21_22,21.9,1,0
2025-06-13,22_23,20.4,0,0
2025-06-13,23_24,20.2,0,0
2025-06-13,24_28,20.4,0,0
2025-06-14,04_06,20.6,0,0
2025-06-14,06_07,20.8,0,0
2025-06-14,07_08,21.1,0,0
2025-06-14,08_09,21.8,0,0
2025-06-14,09_10,22.9,0,0
2025-06-14,10_11,24.6,0,0
2025-06-14,11_12,26.7,0,0
2025-06-14,12_13,28.2,0,0
2025-06-14,13_14,30.1,0,0
2025-06-14,14_15,30.8,0,0
2025-06-14,15_16,31.6,0,0
2025-06-14,16_17,31.2,0,0
2025-06-14,17_18,32.1,0,0
2025-06-14,18_19,31.6,0,0
2025-06-14,19_20,29.6,0,0
2025-06-14,20_21,27.6,0,0
2025-06-14,21_22,25.8,0,0
2025-06-14,22_23,24.5,0,0
2025-06-14,23_24,24.1,0,0
2025-06-14,24_28,23.1,0,0
2025-06-15,04_06,22.2,0,0
2025-06-15,06_07,21.8,0,0
2025-06-15,07_08,22.9,0,0
2025-06-15,08_09,24.3,0,0
2025-06-15,09_10,25.8,0,0
2025-06-15,10_11,27.6,0,0
2025-06-15,11_12,28.9,0,0
2025-06-15,12_13,30.2,0,0
2025-06-15,13_14,31.5,0,0
2025-06-15,14_15,32.7,0,0
2025-06-15,15_16,33.0,0,0
2025-06-15,16_17,31.2,0,0
2025-06-15,17_18,30.2,1,0
2025-06-15,18_19,28.4,0,0
2025-06-15,19_20,26.4,0,0
2025-06-15,20_21,26.4,0,0
2025-06-15,21_22,25.5,1,0
2025-06-15,22_23,24.7,1,0
2025-06-15,23_24,23.6,1,0
2025-06-15,24_28,22.4,1,0
2025-06-16,04_06,22.6,1,0
2025-06-16,06_07,22.3,1,0
2025-06-16,07_08,22.2,1,0
2025-06-16,08_09,22.3,0,0
2025-06-16,09_10,22.6,0,0
2025-06-16,10_11,23.2,0,0
2025-06-16,11_12,24.0,0,0
2025-06-16,12_13,24.6,0,0
2025-06-16,13_14,25.1,1,0
2025-06-16,14_15,23.3,0,0
2025-06-16,15_16,24.1,0,0
2025-06-16,16_17,23.5,0,0
2025-06-16,17_18,23.7,0,0
2025-06-16,18_19,23.6,0,0
2025-06-16,19_20,23.4,0,0
2025-06-16,20_21,23.1,0,0
2025-06-16,21_22,22.6,0,0
2025-06-16,22_23,22.2,0,0
2025-06-16,23_24,22.0,0,0
2025-06-16,24_28,21.6,0,0
2025-06-17,04_06,21.2,0,0
2025-06-17,06_07,21.4,0,0
2025-06-17,07_08,21.9,0,0
2025-06-17,08_09,22.6,0,0
2025-06-17,09_10,23.4,0,0
2025-06-17,10_11,24.7,0,0
2025-06-17,11_12,26.3,0,0
2025-06-17,12_13,27.4,0,0
2025-06-17,13_14,27.6,0,0
2025-06-17,14_15,28.4,0,0
2025-06-17,15_16,28.8,0,0
2025-06-17,16_17,29.4,0,0
2025-06-17,17_18,28.9,0,0
2025-06-17,18_19,28.2,0,0
2025-06-17,19_20,27.2,0,0
2025-06-17,20_21,25.9,0,0
2025-06-17,21_22,24.9,0,0
2025-06-17,22_23,24.3,0,0
2025-06-17,23_24,23.8,0,0
2025-06-17,24_28,22.6,0,0
2025-06-18,04_06,21.7,0,0
2025-06-18,06_07,21.3,0,0
2025-06-18,07_08,21.8,0,0
2025-06-18,08_09,22.8,0,0
2025-06-18,09_10,23.7,0,0
2025-06-18,10_11,25.6,0,0
2025-06-18,11_12,26.7,0,0
2025-06-18,12_13,27.9,0,0
2025-06-18,13_14,29.2,0,0
2025-06-18,14_15,30.1,0,0
2025-06-18,15_16,30.5,0,0
2025-06-18,16_17,30.5,0,0
2025-06-18,17_18,30.1,0,0
2025-06-18,18_19,29.2,0,0
2025-06-18,19_20,27.9,0,0
2025-06-18,20_21,26.7,0,0
2025-06-18,21_22,25.8,0,0
2025-06-18,22_23,25.0,0,0
2025-06-18,23_24,24.3,0,0
2025-06-18,24_28,23.1,0,0
2025-06-19,04_06,21.6,0,0
2025-06-19,06_07,21.1,0,0
2025-06-19,07_08,22.8,0,0
2025-06-19,08_09,24.6,0,0
2025-06-19,09_10,26.8,0,0
2025-06-19,10_11,28.0,0,0
2025-06-19,11_12,29.9,0,0
2025-06-19,12_13,31.2,0,0
2025-06-19,13_14,32.3,0,0
2025-06-19,14_15,33.5,0,0
2025-06-19,15_16,33.6,0,0
2025-06-19,16_17,32.9,0,0
2025-06-19,17_18,32.3,0,0
2025-06-19,18_19,31.4,0,0
2025-06-19,19_20,30.9,0,0
2025-06-19,20_21,30.4,0,0
2025-06-19,21_22,30.1,1,0
2025-06-19,22_23,28.3,0,0
2025-06-19,23_24,28.2,0,0
2025-06-19,24_28,26.8,1,0
2025-06-20,04_06,25.0,1,0
2025-06-20,06_07,24.5,1,0
2025-06-20,07_08,24.4,1,0
2025-06-20,08_09,24.6,1,0
2025-06-20,09_10,24.7,1,0
2025-06-20,10_11,24.9,1,0
2025-06-20,11_12,24.8,1,0
2025-06-20,12_13,25.0,0,0
2025-06-20,13_14,25.5,1,0
2025-06-20,14_15,25.2,1,0
2025-06-20,15_16,24.7,1,0
2025-06-20,16_17,24.3,1,0
2025-06-20,17_18,23.6,1,0
2025-06-20,18_19,23.4,1,0
2025-06-20,19_20,23.4,1,0
2025-06-20,20_21,22.9,1,0
2025-06-20,21_22,22.7,1,0
2025-06-20,22_23,22.5,1,0
2025-06-20,23_24,22.3,1,0
2025-06-20,24_28,21.6,1,0
2025-06-21,04_06,21.0,0,0
2025-06-21,06_07,20.8,0,0
2025-06-21,07_08,21.0,0,0
2025-06-21,08_09,21.3,0,0
2025-06-21,09_10,21.5,0,0
2025-06-21,10_11,21.6,0,0
2025-06-21,11_12,22.2,0,0
2025-06-21,12_13,22.7,0,0
2025-06-21,13_14,23.0,0,0
2025-06-21,14_15,23.0,0,0
2025-06-21,15_16,23.5,0,0
2025-06-21,16_17,24.0,0,0
2025-06-21,17_18,24.0,0,0
2025-06-21,18_19,23.8,0,0
2025-06-21,19_20,22.9,0,0
2025-06-21,20_21,22.3,0,0
2025-06-21,21_22,21.9,0,0
2025-06-21,22_23,21.4,0,0
2025-06-21,23_24,20.9,0,0
2025-06-21,24_28,19.8,0,0
2025-06-22,04_06,18.5,0,0
2025-06-22,06_07,18.1,0,0
2025-06-22,07_08,18.7,0,0
2025-06-22,08_09,20.5,0,0
2025-06-22,09_10,22.2,0,0
2025-06-22,10_11,23.9,0,0
2025-06-22,11_12,25.0,0,0
2025-06-22,12_13,26.4,0,0
2025-06-22,13_14,27.5,0,0
2025-06-22,14_15,28.1,0,0
2025-06-22,15_16,28.3,0,0
2025-06-22,16_17,28.4,0,0
2025-06-22,17_18,28.2,0,0
2025-06-22,18_19,27.7,0,0
2025-06-22,19_20,26.0,0,0
2025-06-22,20_21,24.4,0,0
2025-06-22,21_22,23.5,0,0
2025-06-22,22_23,22.8,0,0
2025-06-22,23_24,21.9,0,0
2025-06-22,24_28,20.8,0,0
2025-06-23,04_06,19.8,0,0
2025-06-23,06_07,19.5,0,0
2025-06-23,07_08,20.4,0,0
2025-06-23,08_09,22.5,0,0
2025-06-23,09_10,24.3,0,0
2025-06-23,10_11,26.1,0,0
2025-06-23,11_12,27.4,0,0
2025-06-23,12_13,28.7,0,0
2025-06-23,13_14,29.8,0,0
2025-06-23,14_15,30.9,0,0
2025-06-23,15_16,31.3,0,0
2025-06-23,16_17,31.4,0,0
2025-06-23,17_18,31.4,0,0
2025-06-23,18_19,30.7,0,0
2025-06-23,19_20,29.9,0,0
2025-06-23,20_21,28.9,0,0
2025-06-23,21_22,27.9,0,0
2025-06-23,22_23,27.0,0,0
2025-06-23,23_24,26.5,0,0
2025-06-23,24_28,25.0,0,0
2025-06-24,04_06,24.0,0,0
2025-06-24,06_07,23.9,0,0
2025-06-24,07_08,24.2,0,0
2025-06-24,08_09,24.6,0,0
2025-06-24,09_10,24.9,0,0
2025-06-24,10_11,25.4,0,0
2025-06-24,11_12,26.9,0,0
2025-06-24,12_13,27.2,0,0
2025-06-24,13_14,27.7,0,0
2025-06-24,14_15,27.8,0,0
2025-06-24,15_16,27.3,0,0
2025-06-24,16_17,27.0,0,0
2025-06-24,17_18,26.9,0,0
2025-06-24,18_19,26.9,0,0
2025-06-24,19_20,26.5,0,0
2025-06-24,20_21,26.1,0,0
2025-06-24,21_22,24.5,1,0
2025-06-24,22_23,22.1,1,0
2025-06-24,23_24,20.7,0,0
2025-06-24,24_28,20.7,1,0
2025-06-25,04_06,19.8,0,0
2025-06-25,06_07,20.1,0,0
2025-06-25,07_08,20.5,1,0
2025-06-25,08_09,20.2,1,0
2025-06-25,09_10,20.1,1,0
2025-06-25,10_11,20.3,1,0
2025-06-25,11_12,20.7,0,0
2025-06-25,12_13,20.8,0,0
2025-06-25,13_14,21.6,0,0
2025-06-25,14_15,22.0,1,0
2025-06-25,15_16,21.9,1,0
2025-06-25,16_17,22.0,1,0
2025-06-25,17_18,21.9,1,0
2025-06-25,18_19,21.8,1,0
2025-06-25,19_20,21.5,1,0
2025-06-25,20_21,21.3,1,0
2025-06-25,21_22,21.2,0,0
2025-06-25,22_23,21.0,0,0
2025-06-25,23_24,20.9,0,0
2025-06-25,24_28,20.7,1,0
2025-06-26,04_06,20.1,1,0
2025-06-26,06_07,20.0,0,0
2025-06-26,07_08,20.1,0,0
2025-06-26,08_09,20.4,0,0
2025-06-26,09_10,21.8,0,0
2025-06-26,10_11,22.1,0,0
2025-06-26,11_12,23.1,0,0
2025-06-26,12_13,23.1,0,0
2025-06-26,13_14,23.3,0,0
2025-06-26,14_15,23.7,0,0
2025-06-26,15_16,23.5,0,0
2025-06-26,16_17,22.9,0,0
2025-06-26,17_18,23.8,0,0
2025-06-26,18_19,24.2,0,0
2025-06-26,19_20,23.9,0,0
2025-06-26,20_21,23.4,0,0
2025-06-26,21_22,22.6,0,0
2025-06-26,22_23,22.1,0,0
2025-06-26,23_24,21.8,0,0
2025-06-26,24_28,21.4,0,0
2025-06-27,04_06,21.2,0,0
2025-06-27,06_07,21.4,0,0
2025-06-27,07_08,21.8,0,0
2025-06-27,08_09,22.3,0,0
2025-06-27,09_10,22.7,0,0
2025-06-27,10_11,23.1,0,0
2025-06-27,11_12,23.4,0,0
2025-06-27,12_13,24.4,0,0
2025-06-27,13_14,25.4,0,0
2025-06-27,14_15,26.5,0,0
2025-06-27,15_16,28.0,0,0
2025-06-27,16_17,29.1,0,0
2025-06-27,17_18,29.0,0,0
2025-06-27,18_19,29.1,0,0
2025-06-27,19_20,28.5,0,0
2025-06-27,20_21,27.8,0,0
2025-06-27,21_22,27.3,0,0
2025-06-27,22_23,26.5,0,0
2025-06-27,23_24,26.1,0,0
2025-06-27,24_28,25.4,0,0
2025-06-28,04_06,24.7,1,0
2025-06-28,06_07,24.6,1,0
2025-06-28,07_08,24.5,1,0
2025-06-28,08_09,24.7,0,0
2025-06-28,09_10,25.0,0,0
2025-06-28,10_11,25.9,0,0
2025-06-28,11_12,26.4,0,0
2025-06-28,12_13,26.7,0,0
2025-06-28,13_14,26.9,0,0
2025-06-28,14_15,27.5,0,0
2025-06-28,15_16,27.8,0,0
2025-06-28,16_17,27.9,0,0
2025-06-28,17_18,27.8,0,0
2025-06-28,18_19,27.5,0,0
2025-06-28,19_20,27.1,0,0
2025-06-28,20_21,26.7,0,0
2025-06-28,21_22,26.4,0,0
2025-06-28,22_23,26.2,0,0
2025-06-28,23_24,26.2,0,0
2025-06-28,24_28,26.0,0,0
2025-06-29,04_06,25.0,0,0
2025-06-29,06_07,25.0,0,0
2025-06-29,07_08,25.0,0,0
2025-06-29,08_09,25.5,0,0
2025-06-29,09_10,26.0,0,0
2025-06-29,10_11,26.3,0,0
2025-06-29,11_12,27.3,0,0
2025-06-29,12_13,27.7,0,0
2025-06-29,13_14,28.2,0,0
2025-06-29,14_15,28.7,0,0
2025-06-29,15_16,29.5,0,0
2025-06-29,16_17,30.0,0,0
2025-06-29,17_18,30.1,0,0
2025-06-29,18_19,29.6,0,0
2025-06-29,19_20,29.4,0,0
2025-06-29,20_21,28.4,0,0
2025-06-29,21_22,27.5,0,0
2025-06-29,22_23,26.6,0,0
2025-06-29,23_24,26.4,0,0
2025-06-29,24_28,26.0,0,0
2025-06-30,04_06,25.8,0,0
2025-06-30,06_07,25.6,0,0
2025-06-30,07_08,26.0,0,0
2025-06-30,08_09,26.5,0,0
2025-06-30,09_10,27.2,0,0
2025-06-30,10_11,27.9,0,0
2025-06-30,11_12,29.0,0,0
2025-06-30,12_13,29.9,0,0
2025-06-30,13_14,30.4,0,0
2025-06-30,14_15,31.2,0,0
2025-06-30,15_16,30.9,0,0
2025-06-30,16_17,31.0,0,0
2025-06-30,17_18,30.2,0,0
2025-06-30,18_19,29.8,0,0
2025-06-30,19_20,29.9,0,0
2025-06-30,20_21,28.9,0,0
2025-06-30,21_22,28.5,0,0
2025-06-30,22_23,28.4,0,0
2025-06-30,23_24,28.1,0,0
2025-06-30,24_28,27.3,0,0
2025-07-01,04_06,26.7,0,0
2025-07-01,06_07,26.5,1,0
2025-07-01,07_08,26.4,1,0
2025-07-01,08_09,26.4,0,0
2025-07-01,09_10,27.0,0,0
2025-07-01,10_11,28.1,0,0
2025-07-01,11_12,29.1,0,0
2025-07-01,12_13,29.8,0,0
2025-07-01,13_14,31.3,0,0
2025-07-01,14_15,31.6,0,0
2025-07-01,15_16,31.2,0,0
2025-07-01,16_17,31.6,0,0
2025-07-01,17_18,31.2,0,0
2025-07-01,18_19,31.1,0,0
2025-07-01,19_20,30.1,0,0
2025-07-01,20_21,29.4,0,0
2025-07-01,21_22,28.6,0,0
2025-07-01,22_23,28.3,0,0
2025-07-01,23_24,28.0,0,0
2025-07-01,24_28,27.4,0,0
2025-07-02,04_06,27.0,0,0
2025-07-02,06_07,26.8,0,0
2025-07-02,07_08,27.0,0,0
2025-07-02,08_09,27.4,0,0
2025-07-02,09_10,28.2,0,0
2025-07-02,10_11,28.8,0,0
2025-07-02,11_12,29.1,0,0
2025-07-02,12_13,30.2,0,0
2025-07-02,13_14,30.6,0,0
2025-07-02,14_15,30.2,0,0
2025-07-02,15_16,30.2,0,0
2025-07-02,16_17,30.4,0,0
2025-07-02,17_18,30.6,0,0
2025-07-02,18_19,30.3,0,0
2025-07-02,19_20,29.5,0,0
2025-07-02,20_21,28.8,0,0
2025-07-02,21_22,28.3,0,0
2025-07-02,22_23,28.0,0,0
2025-07-02,23_24,27.8,0,0
2025-07-02,24_28,27.3,0,0
2025-07-03,04_06,27.0,0,0
2025-07-03,06_07,26.8,0,0
2025-07-03,07_08,26.8,0,0
2025-07-03,08_09,27.0,0,0
2025-07-03,09_10,27.1,0,0
2025-07-03,10_11,27.5,0,0
2025-07-03,11_12,28.2,0,0
2025-07-03,12_13,28.5,0,0
2025-07-03,13_14,28.6,0,0
2025-07-03,14_15,30.0,0,0
2025-07-03,15_16,31.5,0,0
2025-07-03,16_17,31.1,0,0
2025-07-03,17_18,31.5,0,0
2025-07-03,18_19,30.5,0,0
2025-07-03,19_20,29.6,0,0
2025-07-03,20_21,28.7,0,0
2025-07-03,21_22,28.0,0,0
2025-07-03,22_23,27.5,0,0
2025-07-03,23_24,27.0,0,0
2025-07-03,24_28,26.2,0,0
2025-07-04,04_06,25.8,0,0
2025-07-04,06_07,25.7,0,0
2025-07-04,07_08,26.0,0,0
2025-07-04,08_09,26.6,0,0
2025-07-04,09_10,26.8,0,0
2025-07-04,10_11,27.1,0,0
2025-07-04,11_12,27.3,0,0
2025-07-04,12_13,27.0,0,0
2025-07-04,13_14,27.4,0,0
2025-07-04,14_15,29.1,0,0
2025-07-04,15_16,29.5,0,0
2025-07-04,16_17,28.9,0,0
2025-07-04,17_18,28.6,0,0
2025-07-04,18_19,28.4,0,0
2025-07-04,19_20,28.1,0,0
2025-07-04,20_21,27.7,0,0
2025-07-04,21_22,27.4,0,0
2025-07-04,22_23,27.1,0,0
2025-07-04,23_24,26.9,0,0
2025-07-04,24_28,26.5,0,0
2025-07-05,04_06,26.2,0,0
2025-07-05,06_07,26.0,0,0
2025-07-05,07_08,26.2,0,0
2025-07-05,08_09,26.4,0,0
2025-07-05,09_10,27.2,0,0
2025-07-05,10_11,27.7,0,0
2025-07-05,11_12,28.2,0,0
2025-07-05,12_13,29.2,0,0
2025-07-05,13_14,30.3,0,0
2025-07-05,14_15,31.1,0,0
2025-07-05,15_16,32.2,0,0
2025-07-05,16_17,32.0,0,0
2025-07-05,17_18,31.2,0,0
2025-07-05,18_19,30.7,0,0
2025-07-05,19_20,30.1,0,0
2025-07-05,20_21,29.2,0,0
2025-07-05,21_22,28.7,0,0
2025-07-05,22_23,28.0,0,0
2025-07-05,23_24,27.4,0,0
2025-07-05,24_28,26.8,0,0
2025-07-06,04_06,26.5,0,0
2025-07-06,06_07,26.4,0,0
2025-07-06,07_08,26.4,0,0
2025-07-06,08_09,26.4,0,0
2025-07-06,09_10,26.6,0,0
2025-07-06,10_11,27.4,0,0
2025-07-06,11_12,28.6,0,0
2025-07-06,12_13,30.6,0,0
2025-07-06,13_14,31.5,0,0
2025-07-06,14_15,32.6,0,0
2025-07-06,15_16,32.7,0,0
2025-07-06,16_17,32.3,0,0
2025-07-06,17_18,31.9,0,0
2025-07-06,18_19,32.0,0,0
2025-07-06,19_20,31.4,0,0
2025-07-06,20_21,30.2,0,0
2025-07-06,21_22,29.5,0,0
2025-07-06,22_23,28.8,0,0
2025-07-06,23_24,28.4,0,0
2025-07-06,24_28,27.6,0,0
2025-07-07,04_06,27.0,0,0
2025-07-07,06_07,26.7,0,0
2025-07-07,07_08,26.8,0,0
2025-07-07,08_09,27.2,0,0
2025-07-07,09_10,27.5,0,0
2025-07-07,10_11,28.0,0,0
2025-07-07,11_12,28.3,0,0
2025-07-07,12_13,28.8,0,0
2025-07-07,13_14,30.7,0,0
2025-07-07,14_15,32.3,0,0
2025-07-07,15_16,32.8,0,0
2025-07-07,16_17,33.0,0,0
2025-07-07,17_18,32.8,0,0
2025-07-07,18_19,32.2,0,0
2025-07-07,19_20,30.9,0,0
2025-07-07,20_21,29.7,0,0
2025-07-07,21_22,29.1,0,0
2025-07-07,22_23,28.8,0,0
2025-07-07,23_24,28.6,0,0
2025-07-07,24_28,28.0,0,0
2025-07-08,04_06,27.2,0,0
2025-07-08,06_07,27.0,0,0
2025-07-08,07_08,27.7,0,0
2025-07-08,08_09,29.5,0,0
2025-07-08,09_10,31.1,0,0
2025-07-08,10_11,32.7,0,0
2025-07-08,11_12,34.4,0,0
2025-07-08,12_13,35.3,0,0
2025-07-08,13_14,35.2,0,0
2025-07-08,14_15,36.7,0,0
2025-07-08,15_16,37.4,0,0
2025-07-08,16_17,36.6,0,0
2025-07-08,17_18,37.2,0,0
2025-07-08,18_19,36.0,1,0
2025-07-08,19_20,27.9,1,0
2025-07-08,20_21,27.2,1,0
2025-07-08,21_22,27.4,0,0
2025-07-08,22_23,27.8,0,0
2025-07-08,23_24,28.1,0,0
2025-07-08,24_28,28.2,0,0
2025-07-09,04_06,27.7,0,0
2025-07-09,06_07,27.5,0,0
2025-07-09,07_08,27.9,0,0
2025-07-09,08_09,29.7,0,0
2025-07-09,09_10,31.3,0,0
2025-07-09,10_11,32.3,0,0
2025-07-09,11_12,33.6,0,0
2025-07-09,12_13,33.8,0,0
2025-07-09,13_14,34.0,0,0
2025-07-09,14_15,35.4,0,0
2025-07-09,15_16,35.4,0,0
2025-07-09,16_17,35.5,0,0
2025-07-09,17_18,35.4,0,0
2025-07-09,18_19,35.3,0,0
2025-07-09,19_20,34.4,0,0
2025-07-09,20_21,33.5,0,0
2025-07-09,21_22,32.9,0,0
2025-07-09,22_23,32.1,0,0
2025-07-09,23_24,31.3,0,0
2025-07-09,24_28,29.8,0,0
2025-07-10,04_06,28.0,0,0
2025-07-10,06_07,27.3,0,0
2025-07-10,07_08,27.6,0,0
2025-07-10,08_09,29.4,0,0
2025-07-10,09_10,31.0,0,0
2025-07-10,10_11,32.1,0,0
2025-07-10,11_12,33.4,0,0
2025-07-10,12_13,34.1,0,0
2025-07-10,13_14,34.5,0,0
2025-07-10,14_15,35.4,0,0
2025-07-10,15_16,35.7,0,0
2025-07-10,16_17,36.1,0,0
2025-07-10,17_18,36.0,0,0
2025-07-10,18_19,35.5,0,0
2025-07-10,19_20,33.9,0,0
2025-07-10,20_21,32.2,0,0
2025-07-10,21_22,31.0,0,0
2025-07-10,22_23,29.9,0,0
2025-07-10,23_24,28.9,0,0
2025-07-10,24_28,26.8,0,0
2025-07-11,04_06,25.0,0,0
2025-07-11,06_07,24.6,0,0
2025-07-11,07_08,25.3,0,0
2025-07-11,08_09,27.1,0,0
2025-07-11,09_10,28.8,0,0
2025-07-11,10_11,30.2,0,0
2025-07-11,11_12,31.4,0,0
2025-07-11,12_13,32.5,0,0
2025-07-11,13_14,33.5,0,0
2025-07-11,14_15,34.3,0,0
2025-07-11,15_16,35.0,0,0
2025-07-11,16_17,35.7,0,0
2025-07-11,17_18,36.0,0,0
2025-07-11,18_19,35.6,0,0
2025-07-11,19_20,34.2,0,0
2025-07-11,20_21,32.5,0,0
2025-07-11,21_22,30.9,0,0
2025-07-11,22_23,29.8,0,0
2025-07-11,23_24,28.8,0,0
2025-07-11,24_28,27.0,0,0
2025-07-12,04_06,25.1,0,0
2025-07-12,06_07,24.4,0,0
2025-07-12,07_08,25.1,0,0
2025-07-12,08_09,27.3,0,0
2025-07-12,09_10,29.1,0,0
2025-07-12,10_11,30.6,0,0
2025-07-12,11_12,32.2,0,0
2025-07-12,12_13,33.3,0,0
2025-07-12,13_14,34.3,0,0
2025-07-12,14_15,35.2,0,0
2025-07-12,15_16,35.9,0,0
2025-07-12,16_17,36.2,0,0
2025-07-12,17_18,36.0,0,0
2025-07-12,18_19,34.9,0,0
2025-07-12,19_20,32.8,0,0
2025-07-12,20_21,31.4,0,0
2025-07-12,21_22,30.6,0,0
2025-07-12,22_23,29.7,0,0
2025-07-12,23_24,28.8,0,0
2025-07-12,24_28,27.6,0,0
2025-07-13,04_06,26.4,0,0
2025-07-13,06_07,25.7,0,0
2025-07-13,07_08,26.4,0,0
2025-07-13,08_09,27.8,0,0
2025-07-13,09_10,29.3,0,0
2025-07-13,10_11,30.1,0,0
2025-07-13,11_12,30.8,0,0
2025-07-13,12_13,30.6,0,0
2025-07-13,13_14,30.7,0,0
2025-07-13,14_15,28.2,0,0
2025-07-13,15_16,28.1,0,0
2025-07-13,16_17,28.3,0,0
2025-07-13,17_18,28.3,0,0
2025-07-13,18_19,28.2,0,0
2025-07-13,19_20,28.1,0,0
2025-07-13,20_21,27.8,0,0
2025-07-13,21_22,27.0,0,0
2025-07-13,22_23,26.5,0,0
2025-07-13,23_24,25.9,0,0
2025-07-13,24_28,25.2,0,0
2025-07-14,04_06,24.1,0,0
2025-07-14,06_07,23.6,0,0
2025-07-14,07_08,24.0,0,0
2025-07-14,08_09,25.1,0,0
2025-07-14,09_10,25.6,0,0
2025-07-14,10_11,26.1,0,0
2025-07-14,11_12,27.7,0,0
2025-07-14,12_13,27.9,1,0
2025-07-14,13_14,25.8,0,0
2025-07-14,14_15,25.6,1,0
2025-07-14,15_16,24.8,1,0
2025-07-14,16_17,23.2,1,0
2025-07-14,17_18,23.2,1,0
2025-07-14,18_19,23.1,1,0
2025-07-14,19_20,23.0,1,0
2025-07-14,20_21,22.7,1,0
2025-07-14,21_22,22.5,1,0
2025-07-14,22_23,22.1,1,0
2025-07-14,23_24,21.9,1,0
2025-07-14,24_28,21.6,1,0
2025-07-15,04_06,21.6,0,0
2025-07-15,06_07,21.5,1,0
2025-07-15,07_08,21.6,1,0
2025-07-15,08_09,22.0,0,0
2025-07-15,09_10,22.5,0,0
2025-07-15,10_11,22.8,0,0
2025-07-15,11_12,23.0,0,0
2025-07-15,12_13,23.8,1,0
2025-07-15,13_14,24.2,1,0
2025-07-15,14_15,24.4,0,0
2025-07-15,15_16,25.7,0,0
2025-07-15,16_17,25.5,0,0
2025-07-15,17_18,25.4,1,0
2025-07-15,18_19,25.0,0,0
2025-07-15,19_20,25.0,0,0
2025-07-15,20_21,24.4,0,0
2025-07-15,21_22,24.2,0,0
2025-07-15,22_23,24.2,0,0
2025-07-15,23_24,24.1,0,0
2025-07-15,24_28,24.1,0,0
2025-07-16,04_06,24.2,0,0
2025-07-16,06_07,24.1,0,0
2025-07-16,07_08,24.3,1,0
2025-07-16,08_09,24.4,0,0
2025-07-16,09_10,24.6,0,0
2025-07-16,10_11,24.6,1,0
2025-07-16,11_12,23.2,1,0
2025-07-16,12_13,23.3,0,0
2025-07-16,13_14,23.5,0,0
2025-07-16,14_15,23.6,1,0
2025-07-16,15_16,23.0,1,0
2025-07-16,16_17,22.7,1,0
2025-07-16,17_18,22.7,1,0
2025-07-16,18_19,22.6,1,0
2025-07-16,19_20,22.5,1,0
2025-07-16,20_21,22.4,1,0
2025-07-16,21_22,22.3,1,0
2025-07-16,22_23,22.3,1,0
2025-07-16,23_24,22.4,1,0
2025-07-16,24_28,22.7,1,0
2025-07-17,04_06,22.7,1,0
2025-07-17,06_07,22.7,1,0
2025-07-17,07_08,22.6,1,0
2025-07-17,08_09,22.6,1,0
2025-07-17,09_10,22.3,1,0
2025-07-17,10_11,22.0,1,0
2025-07-17,11_12,22.7,0,0
2025-07-17,12_13,23.9,0,0
2025-07-17,13_14,24.3,0,0
2025-07-17,14_15,23.8,1,0
2025-07-17,15_16,24.0,0,0
2025-07-17,16_17,24.2,1,0
2025-07-17,17_18,24.1,1,0
2025-07-17,18_19,23.8,1,0
2025-07-17,19_20,23.7,1,0
2025-07-17,20_21,23.5,1,0
2025-07-17,21_22,23.3,1,0
2025-07-17,22_23,23.2,1,0
2025-07-17,23_24,23.3,0,0
2025-07-17,24_28,23.4,0,0
2025-07-18,04_06,23.3,1,0
2025-07-18,06_07,23.1,0,0
2025-07-18,07_08,23.1,0,0
2025-07-18,08_09,23.4,1,0
2025-07-18,09_10,23.0,1,0
2025-07-18,10_11,23.2,1,0
2025-07-18,11_12,23.9,1,0
2025-07-18,12_13,24.2,1,0
2025-07-18,13_14,24.7,1,0
2025-07-18,14_15,25.4,0,0
2025-07-18,15_16,25.9,0,0
2025-07-18,16_17,26.9,0,0
2025-07-18,17_18,27.0,0,0
2025-07-18,18_19,27.0,0,0
2025-07-18,19_20,26.9,0,0
2025-07-18,20_21,26.3,0,0
2025-07-18,21_22,25.8,0,0
2025-07-18,22_23,25.5,0,0
2025-07-18,23_24,25.4,0,0
2025-07-18,24_28,24.5,1,0
2025-07-19,04_06,22.0,1,0
2025-07-19,06_07,22.0,0,0
2025-07-19,07_08,22.1,1,0
2025-07-19,08_09,22.0,1,0
2025-07-19,09_10,22.2,1,0
2025-07-19,10_11,22.5,1,0
2025-07-19,11_12,22.9,1,0
2025-07-19,12_13,23.2,0,0
2025-07-19,13_14,23.7,0,0
2025-07-19,14_15,24.1,0,0
2025-07-19,15_16,24.8,0,0
2025-07-19,16_17,25.4,1,0
2025-07-19,17_18,25.6,1,0
2025-07-19,18_19,25.6,0,0
2025-07-19,19_20,25.5,0,0
2025-07-19,20_21,25.4,1,0
2025-07-19,21_22,25.2,1,0
2025-07-19,22_23,25.1,1,0
2025-07-19,23_24,25.2,1,0
2025-07-19,24_28,25.5,1,0
2025-07-20,04_06,25.3,1,0
2025-07-20,06_07,25.0,0,0
2025-07-20,07_08,25.0,0,0
2025-07-20,08_09,25.3,0,0
2025-07-20,09_10,26.1,0,0
2025-07-20,10_11,26.2,0,0
2025-07-20,11_12,28.0,0,0
2025-07-20,12_13,28.6,0,0
2025-07-20,13_14,28.7,0,0
2025-07-20,14_15,29.3,0,0
2025-07-20,15_16,30.0,0,0
2025-07-20,16_17,30.6,0,0
2025-07-20,17_18,31.3,0,0
2025-07-20,18_19,31.1,0,0
2025-07-20,19_20,30.4,0,0
2025-07-20,20_21,29.1,0,0
2025-07-20,21_22,28.2,0,0
2025-07-20,22_23,27.6,0,0
2025-07-20,23_24,27.5,0,0
2025-07-20,24_28,26.7,0,0
2025-07-21,04_06,25.8,0,0
2025-07-21,06_07,25.9,0,0
2025-07-21,07_08,26.1,0,0
2025-07-21,08_09,26.6,0,0
2025-07-21,09_10,27.1,0,0
2025-07-21,10_11,28.0,0,0
2025-07-21,11_12,29.2,0,0
2025-07-21,12_13,30.5,0,0
2025-07-21,13_14,30.8,0,0
2025-07-21,14_15,30.8,0,0
2025-07-21,15_16,31.6,0,0
2025-07-21,16_17,31.3,0,0
2025-07-21,17_18,31.1,0,0
2025-07-21,18_19,31.0,0,0
2025-07-21,19_20,29.8,0,0
2025-07-21,20_21,28.8,0,0
2025-07-21,21_22,28.2,0,0
2025-07-21,22_23,27.9,0,0
2025-07-21,23_24,27.7,0,0
2025-07-21,24_28,27.1,0,0
2025-07-22,04_06,26.8,0,0
2025-07-22,06_07,26.7,0,0
2025-07-22,07_08,26.8,0,0
2025-07-22,08_09,27.4,0,0
2025-07-22,09_10,28.3,0,0
2025-07-22,10_11,29.2,0,0
2025-07-22,11_12,29.6,0,0
2025-07-22,12_13,30.4,0,0
2025-07-22,13_14,31.3,0,0
2025-07-22,14_15,31.9,0,0
2025-07-22,15_16,32.0,0,0
2025-07-22,16_17,31.7,0,0
2025-07-22,17_18,30.2,1,0
2025-07-22,18_19,30.6,0,0
2025-07-22,19_20,30.0,0,0
2025-07-22,20_21,28.9,0,0
2025-07-22,21_22,28.2,0,0
2025-07-22,22_23,27.6,0,0
2025-07-22,23_24,27.3,0,0
2025-07-22,24_28,26.8,0,0
2025-07-23,04_06,25.8,0,0
2025-07-23,06_07,25.5,0,0
2025-07-23,07_08,25.9,0,0
2025-07-23,08_09,26.8,0,0
2025-07-23,09_10,28.2,0,0
2025-07-23,10_11,29.5,0,0
2025-07-23,11_12,30.7,0,0
2025-07-23,12_13,31.6,0,0
2025-07-23,13_14,32.1,0,0
2025-07-23,14_15,33.1,0,0
2025-07-23,15_16,32.5,0,0
2025-07-23,16_17,32.0,0,0
2025-07-23,17_18,31.7,0,0
2025-07-23,18_19,31.3,0,0
2025-07-23,19_20,30.9,0,0
2025-07-23,20_21,29.8,0,0
2025-07-23,21_22,29.0,0,0
2025-07-23,22_23,28.2,0,0
2025-07-23,23_24,27.6,0,0
2025-07-23,24_28,26.6,0,0
2025-07-24,04_06,26.0,0,0
2025-07-24,06_07,25.8,0,0
2025-07-24,07_08,26.0,0,0
2025-07-24,08_09,27.3,0,0
2025-07-24,09_10,29.6,0,0
2025-07-24,10_11,30.2,0,0
2025-07-24,11_12,31.5,0,0
2025-07-24,12_13,32.4,0,0
2025-07-24,13_14,33.4,0,0
2025-07-24,14_15,33.9,0,0
2025-07-24,15_16,32.8,0,0
2025-07-24,16_17,33.7,0,0
2025-07-24,17_18,33.9,0,0
2025-07-24,18_19,33.2,0,0
2025-07-24,19_20,32.0,0,0
2025-07-24,20_21,30.7,0,0
2025-07-24,21_22,30.0,0,0
2025-07-24,22_23,29.5,0,0
2025-07-24,23_24,28.9,0,0
2025-07-24,24_28,27.6,0,0
2025-07-25,04_06,26.2,0,0
2025-07-25,06_07,25.7,0,0
2025-07-25,07_08,26.2,0,0
2025-07-25,08_09,28.4,0,0
2025-07-25,09_10,30.2,0,0
2025-07-25,10_11,31.9,0,0
2025-07-25,11_12,32.7,0,0
2025-07-25,12_13,33.9,0,0
2025-07-25,13_14,35.0,0,0
2025-07-25,14_15,35.2,0,0
2025-07-25,15_16,36.0,0,0
2025-07-25,16_17,35.7,0,0
2025-07-25,17_18,35.6,0,0
2025-07-25,18_19,34.8,0,0
2025-07-25,19_20,33.6,0,0
2025-07-25,20_21,32.4,0,0
2025-07-25,21_22,31.7,0,0
2025-07-25,22_23,30.8,0,0
2025-07-25,23_24,30.2,0,0
2025-07-25,24_28,29.0,0,0
2025-07-26,04_06,28.0,0,0
2025-07-26,06_07,27.6,0,0
2025-07-26,07_08,28.2,0,0
2025-07-26,08_09,29.5,0,0
2025-07-26,09_10,31.3,0,0
2025-07-26,10_11,32.7,0,0
2025-07-26,11_12,33.8,0,0
2025-07-26,12_13,34.9,0,0
2025-07-26,13_14,35.0,0,0
2025-07-26,14_15,35.5,0,0
2025-07-26,15_16,35.8,0,0
2025-07-26,16_17,36.2,0,0
2025-07-26,17_18,37.0,0,0
2025-07-26,18_19,36.7,0,0
2025-07-26,19_20,35.1,0,0
2025-07-26,20_21,34.0,0,0
2025-07-26,21_22,32.9,0,0
2025-07-26,22_23,32.2,0,0
2025-07-26,23_24,31.5,0,0
2025-07-26,24_28,30.2,0,0
2025-07-27,04_06,28.8,0,0
2025-07-27,06_07,28.3,0,0
2025-07-27,07_08,28.6,0,0
2025-07-27,08_09,30.3,0,0
2025-07-27,09_10,31.8,0,0
2025-07-27,10_11,32.8,0,0
2025-07-27,11_12,34.0,0,0
2025-07-27,12_13,35.0,0,0
2025-07-27,13_14,35.9,0,0
2025-07-27,14_15,36.7,0,0
2025-07-27,15_16,37.3,0,0
2025-07-27,16_17,37.6,0,0
2025-07-27,17_18,36.8,0,0
2025-07-27,18_19,36.5,0,0
2025-07-27,19_20,35.3,0,0
2025-07-27,20_21,33.8,0,0
2025-07-27,21_22,32.7,0,0
2025-07-27,22_23,32.2,0,0
2025-07-27,23_24,31.7,0,0
2025-07-27,24_28,30.5,0,0
2025-07-28,04_06,29.2,0,0
2025-07-28,06_07,28.9,0,0
2025-07-28,07_08,29.2,0,0
2025-07-28,08_09,30.5,0,0
2025-07-28,09_10,31.7,0,0
2025-07-28,10_11,33.1,0,0
2025-07-28,11_12,34.0,0,0
2025-07-28,12_13,34.7,0,0
2025-07-28,13_14,35.2,0,0
2025-07-28,14_15,35.9,0,0
2025-07-28,15_16,36.0,0,0
2025-07-28,16_17,36.3,0,0
2025-07-28,17_18,36.3,0,0
2025-07-28,18_19,35.2,0,0
2025-07-28,19_20,34.0,0,0
2025-07-28,20_21,32.3,0,0
2025-07-28,21_22,31.3,0,0
2025-07-28,22_23,30.8,0,0
2025-07-28,23_24,30.3,0,0
2025-07-28,24_28,29.3,0,0
2025-07-29,04_06,28.0,0,0
2025-07-29,06_07,27.6,0,0
2025-07-29,07_08,27.9,0,0
2025-07-29,08_09,29.7,0,0
2025-07-29,09_10,31.5,0,0
2025-07-29,10_11,32.9,0,0
2025-07-29,11_12,33.0,0,0
2025-07-29,12_13,34.2,0,0
2025-07-29,13_14,35.6,0,0
2025-07-29,14_15,36.3,0,0
2025-07-29,15_16,36.1,0,0
2025-07-29,16_17,35.5,0,0
2025-07-29,17_18,35.9,0,0
2025-07-29,18_19,34.9,0,0
2025-07-29,19_20,34.0,0,0
2025-07-29,20_21,32.9,0,0
2025-07-29,21_22,32.3,0,0
2025-07-29,22_23,31.7,0,0
2025-07-29,23_24,31.0,0,0
2025-07-29,24_28,29.8,0,0
2025-07-30,04_06,28.7,0,0
2025-07-30,06_07,28.3,0,0
2025-07-30,07_08,28.9,0,0
2025-07-30,08_09,30.3,0,0
2025-07-30,09_10,31.8,0,0
2025-07-30,10_11,32.9,0,0
2025-07-30,11_12,33.4,0,0
2025-07-30,12_13,34.3,0,0
2025-07-30,13_14,34.8,0,0
2025-07-30,14_15,35.5,0,0
2025-07-30,15_16,35.8,0,0
2025-07-30,16_17,35.3,0,0
2025-07-30,17_18,35.3,0,0
2025-07-30,18_19,34.1,0,0
2025-07-30,19_20,33.5,0,0
2025-07-30,20_21,32.7,0,0
2025-07-30,21_22,32.2,0,0
2025-07-30,22_23,31.7,0,0
2025-07-30,23_24,31.1,0,0
2025-07-30,24_28,30.3,0,0
2025-07-31,04_06,29.8,0,0
2025-07-31,06_07,29.4,0,0
2025-07-31,07_08,29.4,0,0
2025-07-31,08_09,29.6,0,0
2025-07-31,09_10,30.0,0,0
2025-07-31,10_11,31.3,0,0
2025-07-31,11_12,32.3,0,0
2025-07-31,12_13,32.6,0,0
2025-07-31,13_14,33.4,0,0
2025-07-31,14_15,34.0,0,0
2025-07-31,15_16,33.8,0,0
2025-07-31,16_17,32.5,0,0
2025-07-31,17_18,32.7,0,0
2025-07-31,18_19,32.1,0,0
2025-07-31,19_20,31.1,0,0
2025-07-31,20_21,30.6,0,0
2025-07-31,21_22,30.2,0,0
2025-07-31,22_23,29.9,0,0
2025-07-31,23_24,29.8,0,0
2025-07-31,24_28,28.9,0,0
2025-08-01,04_06,28.1,0,0
2025-08-01,06_07,27.8,0,0
2025-08-01,07_08,28.0,0,0
2025-08-01,08_09,29.4,0,0
2025-08-01,09_10,30.9,0,0
2025-08-01,10_11,32.7,0,0
2025-08-01,11_12,34.2,0,0
2025-08-01,12_13,34.6,0,0
2025-08-01,13_14,34.5,0,0
2025-08-01,14_15,34.6,0,0
2025-08-01,15_16,33.9,0,0
2025-08-01,16_17,33.7,0,0
2025-08-01,17_18,33.0,0,0
2025-08-01,18_19,32.1,0,0
2025-08-01,19_20,31.4,0,0
2025-08-01,20_21,30.8,0,0
2025-08-01,21_22,30.4,0,0
2025-08-01,22_23,30.0,0,0
2025-08-01,23_24,29.7,0,0
2025-08-01,24_28,29.0,0,0
2025-08-02,04_06,27.8,0,0
2025-08-02,06_07,27.4,0,0
2025-08-02,07_08,27.5,0,0
2025-08-02,08_09,28.5,0,0
2025-08-02,09_10,30.1,0,0
2025-08-02,10_11,31.2,0,0
2025-08-02,11_12,32.5,0,0
2025-08-02,12_13,33.9,0,0
2025-08-02,13_14,33.5,0,0
2025-08-02,14_15,34.5,0,0
2025-08-02,15_16,35.0,0,0
2025-08-02,16_17,36.2,0,0
2025-08-02,17_18,35.2,0,0
2025-08-02,18_19,34.8,0,0
2025-08-02,19_20,33.3,0,0
2025-08-02,20_21,31.6,0,0
2025-08-02,21_22,30.6,0,0
2025-08-02,22_23,30.0,0,0
2025-08-02,23_24,29.7,0,0
2025-08-02,24_28,28.7,0,0
2025-08-03,04_06,27.8,0,0
2025-08-03,06_07,27.5,0,0
2025-08-03,07_08,27.8,0,0
2025-08-03,08_09,28.3,0,0
2025-08-03,09_10,29.0,0,0
2025-08-03,10_11,29.8,0,0
2025-08-03,11_12,31.1,0,0
2025-08-03,12_13,31.3,0,0
2025-08-03,13_14,32.0,0,0
2025-08-03,14_15,32.4,0,0
2025-08-03,15_16,32.1,0,0
2025-08-03,16_17,31.5,0,0
2025-08-03,17_18,30.9,0,0
2025-08-03,18_19,30.1,0,0
2025-08-03,19_20,28.7,0,0
2025-08-03,20_21,28.2,0,0
2025-08-03,21_22,28.0,0,0
2025-08-03,22_23,27.0,1,0
2025-08-03,23_24,25.4,1,0
2025-08-03,24_28,23.9,1,0
2025-08-04,04_06,23.9,1,0
2025-08-04,06_07,23.8,0,0
2025-08-04,07_08,24.0,0,0
2025-08-04,08_09,24.5,0,0
2025-08-04,09_10,26.0,0,0
2025-08-04,10_11,27.6,0,0
2025-08-04,11_12,28.8,0,0
2025-08-04,12_13,29.7,0,0
2025-08-04,13_14,30.8,0,0
2025-08-04,14_15,31.5,0,0
2025-08-04,15_16,32.5,0,0
2025-08-04,16_17,33.2,0,0
2025-08-04,17_18,33.6,0,0
2025-08-04,18_19,32.3,0,0
2025-08-04,19_20,30.4,0,0
2025-08-04,20_21,29.6,0,0
2025-08-04,21_22,28.9,0,0
2025-08-04,22_23,28.5,0,0
2025-08-04,23_24,28.2,0,0
2025-08-04,24_28,27.2,0,0
2025-08-05,04_06,26.0,0,0
2025-08-05,06_07,25.4,0,0
2025-08-05,07_08,25.5,0,0
2025-08-05,08_09,26.3,0,0
2025-08-05,09_10,28.1,0,0
2025-08-05,10_11,29.3,0,0
2025-08-05,11_12,30.5,0,0
2025-08-05,12_13,31.7,0,0
2025-08-05,13_14,32.3,0,0
2025-08-05,14_15,32.5,0,0
2025-08-05,15_16,33.4,0,0
2025-08-05,16_17,33.2,0,0
2025-08-05,17_18,31.7,0,0
2025-08-05,18_19,30.9,0,0
2025-08-05,19_20,29.8,0,0
2025-08-05,20_21,29.0,0,0
2025-08-05,21_22,28.6,0,0
2025-08-05,22_23,28.2,0,0
2025-08-05,23_24,28.1,0,0
2025-08-05,24_28,27.8,1,0
2025-08-06,04_06,27.0,1,0
2025-08-06,06_07,27.3,0,0
2025-08-06,07_08,27.5,0,0
2025-08-06,08_09,27.9,1,0
2025-08-06,09_10,27.9,1,0
2025-08-06,10_11,28.6,0,0
2025-08-06,11_12,29.3,0,0
2025-08-06,12_13,28.8,0,0
2025-08-06,13_14,28.8,1,0
2025-08-06,14_15,27.6,1,0
2025-08-06,15_16,27.0,1,0
2025-08-06,16_17,26.6,1,0
2025-08-06,17_18,26.1,1,0
2025-08-06,18_19,26.5,0,0
2025-08-06,19_20,26.7,0,0
2025-08-06,20_21,26.1,0,0
2025-08-06,21_22,25.8,0,0
2025-08-06,22_23,25.8,0,0
2025-08-06,23_24,25.9,0,0
2025-08-06,24_28,26.0,0,0
2025-08-07,04_06,25.7,0,0
2025-08-07,06_07,25.5,0,0
2025-08-07,07_08,25.6,0,0
2025-08-07,08_09,26.4,0,0
2025-08-07,09_10,27.4,0,0
2025-08-07,10_11,28.6,0,0
2025-08-07,11_12,29.5,0,0
2025-08-07,12_13,30.3,0,0
2025-08-07,13_14,30.9,0,0
2025-08-07,14_15,31.3,0,0
2025-08-07,15_16,31.8,0,0
2025-08-07,16_17,32.0,0,0
2025-08-07,17_18,31.8,0,0
2025-08-07,18_19,31.2,0,0
2025-08-07,19_20,29.8,0,0
2025-08-07,20_21,28.0,0,0
2025-08-07,21_22,27.3,0,0
2025-08-07,22_23,26.9,0,0
2025-08-07,23_24,26.6,0,0
2025-08-07,24_28,25.7,0,0
2025-08-08,04_06,24.4,0,0
2025-08-08,06_07,24.0,0,0
2025-08-08,07_08,24.2,0,0
2025-08-08,08_09,25.4,0,0
2025-08-08,09_10,26.3,0,0
2025-08-08,10_11,27.0,0,0
2025-08-08,11_12,27.6,0,0
2025-08-08,12_13,28.7,0,0
2025-08-08,13_14,29.5,0,0
2025-08-08,14_15,30.1,0,0
2025-08-08,15_16,29.2,1,0
2025-08-08,16_17,27.0,0,0
2025-08-08,17_18,28.0,0,0
2025-08-08,18_19,28.2,0,0
2025-08-08,19_20,27.5,0,0
2025-08-08,20_21,26.7,0,0
2025-08-08,21_22,26.1,0,0
2025-08-08,22_23,25.7,0,0
2025-08-08,23_24,25.4,0,0
2025-08-08,24_28,25.1,0,0
2025-08-09,04_06,25.0,0,0
2025-08-09,06_07,25.0,1,0
2025-08-09,07_08,24.6,1,0
2025-08-09,08_09,24.7,1,0
2025-08-09,09_10,25.0,0,0
2025-08-09,10_11,25.4,0,0
2025-08-09,11_12,25.7,1,0
2025-08-09,12_13,25.0,1,0
2025-08-09,13_14,24.5,0,0
2025-08-09,14_15,24.8,0,0
2025-08-09,15_16,25.4,0,0
2025-08-09,16_17,25.6,0,0
2025-08-09,17_18,25.9,0,0
2025-08-09,18_19,26.4,0,0
2025-08-09,19_20,26.1,0,0
2025-08-09,20_21,25.2,0,0
2025-08-09,21_22,24.5,0,0
2025-08-09,22_23,24.1,0,0
2025-08-09,23_24,23.5,0,0
2025-08-09,24_28,22.5,0,0
2025-08-10,04_06,21.4,0,0
2025-08-10,06_07,21.0,0,0
2025-08-10,07_08,21.4,0,0
2025-08-10,08_09,23.3,0,0
2025-08-10,09_10,25.2,0,0
2025-08-10,10_11,27.1,0,0
2025-08-10,11_12,28.2,0,0
2025-08-10,12_13,29.7,0,0
2025-08-10,13_14,30.5,0,0
2025-08-10,14_15,31.8,0,0
2025-08-10,15_16,32.7,0,0
2025-08-10,16_17,33.1,0,0
2025-08-10,17_18,32.8,0,0
2025-08-10,18_19,32.3,0,0
2025-08-10,19_20,31.1,0,0
2025-08-10,20_21,29.7,0,0
2025-08-10,21_22,28.6,0,0
2025-08-10,22_23,28.0,0,0
2025-08-10,23_24,27.5,0,0
2025-08-10,24_28,26.3,0,0
2025-08-11,04_06,25.4,0,0
2025-08-11,06_07,25.0,0,0
2025-08-11,07_08,25.1,0,0
2025-08-11,08_09,25.4,0,0
2025-08-11,09_10,26.2,0,0
2025-08-11,10_11,26.7,0,0
2025-08-11,11_12,27.6,0,0
2025-08-11,12_13,28.2,0,0
2025-08-11,13_14,28.7,0,0
2025-08-11,14_15,29.2,0,0
2025-08-11,15_16,29.2,0,0
2025-08-11,16_17,29.2,0,0
2025-08-11,17_18,29.2,0,0
2025-08-11,18_19,28.7,0,0
2025-08-11,19_20,27.7,0,0
2025-08-11,20_21,27.3,0,0
2025-08-11,21_22,26.9,0,0
2025-08-11,22_23,26.6,0,0
2025-08-11,23_24,26.2,0,0
2025-08-11,24_28,25.4,0,0
2025-08-12,04_06,24.2,0,0
2025-08-12,06_07,23.3,0,0
2025-08-12,07_08,23.5,0,0
2025-08-12,08_09,25.4,0,0
2025-08-12,09_10,27.3,0,0
2025-08-12,10_11,28.7,0,0
2025-08-12,11_12,30.2,0,0
2025-08-12,12_13,31.4,0,0
2025-08-12,13_14,32.4,0,0
2025-08-12,14_15,33.2,0,0
2025-08-12,15_16,33.2,0,0
2025-08-12,16_17,34.0,0,0
2025-08-12,17_18,33.6,0,0
2025-08-12,18_19,32.9,0,0
2025-08-12,19_20,31.4,0,0
2025-08-12,20_21,29.7,0,0
2025-08-12,21_22,28.6,0,0
2025-08-12,22_23,27.8,0,0
2025-08-12,23_24,27.3,0,0
2025-08-12,24_28,26.7,0,0
2025-08-13,04_06,26.2,1,0
2025-08-13,06_07,24.6,1,0
2025-08-13,07_08,24.3,1,0
2025-08-13,08_09,24.0,1,0
2025-08-13,09_10,23.4,1,0
2025-08-13,10_11,22.7,1,0
2025-08-13,11_12,22.0,1,0
2025-08-13,12_13,23.3,1,0
2025-08-13,13_14,23.7,0,0
2025-08-13,14_15,26.6,0,0
2025-08-13,15_16,26.7,1,0
2025-08-13,16_17,26.7,1,0
2025-08-13,17_18,26.8,1,0
2025-08-13,18_19,26.8,1,0
2025-08-13,19_20,26.2,1,0
2025-08-13,20_21,24.7,0,0
2025-08-13,21_22,24.5,0,0
2025-08-13,22_23,24.5,0,0
2025-08-13,23_24,24.6,0,0
2025-08-13,24_28,24.8,1,0
2025-08-14,04_06,24.4,1,0
2025-08-14,06_07,24.4,1,0
2025-08-14,07_08,24.5,1,0
2025-08-14,08_09,24.3,1,0
2025-08-14,09_10,24.8,1,0
2025-08-14,10_11,25.0,1,0
2025-08-14,11_12,25.0,0,0
2025-08-14,12_13,25.3,0,0
2025-08-14,13_14,26.0,0,0
2025-08-14,14_15,26.6,0,0
2025-08-14,15_16,26.4,1,0
2025-08-14,16_17,26.5,0,0
2025-08-14,17_18,26.9,0,0
2025-08-14,18_19,26.8,0,0
2025-08-14,19_20,26.4,0,0
2025-08-14,20_21,26.0,0,0
2025-08-14,21_22,25.8,0,0
2025-08-14,22_23,25.6,0,0
2025-08-14,23_24,25.5,0,0
2025-08-14,24_28,25.3,0,0
2025-08-15,04_06,24.6,0,0
2025-08-15,06_07,24.4,0,0
2025-08-15,07_08,24.7,0,0
2025-08-15,08_09,25.4,0,0
2025-08-15,09_10,27.0,0,0
2025-08-15,10_11,28.8,0,0
2025-08-15,11_12,28.3,0,0
2025-08-15,12_13,27.2,0,0
2025-08-15,13_14,27.4,0,0
2025-08-15,14_15,27.8,0,0
2025-08-15,15_16,29.4,0,0
2025-08-15,16_17,30.9,0,0
2025-08-15,17_18,30.5,0,0
2025-08-15,18_19,29.7,0,0
2025-08-15,19_20,29.2,0,0
2025-08-15,20_21,28.1,0,0
2025-08-15,21_22,27.5,0,0
2025-08-15,22_23,26.9,0,0
2025-08-15,23_24,26.5,0,0
2025-08-15,24_28,26.1,0,0
2025-08-16,04_06,25.6,0,0
2025-08-16,06_07,25.8,0,0
2025-08-16,07_08,26.0,0,0
2025-08-16,08_09,26.5,0,0
2025-08-16,09_10,27.4,0,0
2025-08-16,10_11,28.3,0,0
2025-08-16,11_12,30.0,0,0
2025-08-16,12_13,30.7,0,0
2025-08-16,13_14,30.1,0,0
2025-08-16,14_15,31.7,0,0
2025-08-16,15_16,31.4,0,0
2025-08-16,16_17,31.2,0,0
2025-08-16,17_18,30.5,0,0
2025-08-16,18_19,30.2,0,0
2025-08-16,19_20,29.4,0,0
2025-08-16,20_21,28.3,0,0
2025-08-16,21_22,27.8,0,0
2025-08-16,22_23,27.2,0,0
2025-08-16,23_24,26.9,0,0
2025-08-16,24_28,26.4,0,0
2025-08-17,04_06,26.2,0,0
2025-08-17,06_07,26.2,0,0
2025-08-17,07_08,26.4,0,0
2025-08-17,08_09,26.6,0,0
2025-08-17,09_10,27.3,0,0
2025-08-17,10_11,28.4,0,0
2025-08-17,11_12,29.2,0,0
2025-08-17,12_13,30.7,0,0
2025-08-17,13_14,31.3,0,0
2025-08-17,14_15,31.9,0,0
2025-08-17,15_16,31.1,0,0
2025-08-17,16_17,31.0,0,0
2025-08-17,17_18,30.9,0,0
2025-08-17,18_19,30.1,0,0
2025-08-17,19_20,29.5,0,0
2025-08-17,20_21,28.6,0,0
2025-08-17,21_22,28.1,0,0
2025-08-17,22_23,28.0,0,0
2025-08-17,23_24,27.9,0,0
2025-08-17,24_28,27.6,0,0
2025-08-18,04_06,27.2,1,0
2025-08-18,06_07,27.0,0,0
2025-08-18,07_08,27.1,0,0
2025-08-18,08_09,27.4,0,0
2025-08-18,09_10,27.9,0,0
2025-08-18,10_11,29.3,0,0
2025-08-18,11_12,30.3,0,0
2025-08-18,12_13,31.1,0,0
2025-08-18,13_14,32.3,0,0
2025-08-18,14_15,32.3,0,0
2025-08-18,15_16,32.6,0,0
2025-08-18,16_17,32.1,0,0
2025-08-18,17_18,31.3,0,0
2025-08-18,18_19,30.1,0,0
2025-08-18,19_20,29.3,0,0
2025-08-18,20_21,28.2,1,0
2025-08-18,21_22,27.8,1,0
2025-08-18,22_23,27.5,1,0
2025-08-18,23_24,27.3,1,0
2025-08-18,24_28,27.2,0,0
2025-08-19,04_06,27.0,0,0
2025-08-19,06_07,26.9,0,0
2025-08-19,07_08,27.0,0,0
2025-08-19,08_09,27.6,0,0
2025-08-19,09_10,28.6,0,0
2025-08-19,10_11,29.7,0,0
2025-08-19,11_12,30.5,0,0
2025-08-19,12_13,30.9,0,0
2025-08-19,13_14,31.2,0,0
2025-08-19,14_15,31.5,0,0
2025-08-19,15_16,32.1,0,0
2025-08-19,16_17,31.3,0,0
2025-08-19,17_18,31.2,0,0
2025-08-19,18_19,30.8,0,0
2025-08-19,19_20,29.7,0,0
2025-08-19,20_21,29.0,0,0
2025-08-19,21_22,28.6,0,0
2025-08-19,22_23,28.4,0,0
2025-08-19,23_24,28.3,0,0
2025-08-19,24_28,27.8,0,0
2025-08-20,04_06,27.3,0,0
2025-08-20,06_07,27.0,0,0
2025-08-20,07_08,27.0,0,0
2025-08-20,08_09,27.7,0,0
2025-08-20,09_10,28.7,0,0
2025-08-20,10_11,29.7,0,0
2025-08-20,11_12,30.5,0,0
2025-08-20,12_13,31.4,0,0
2025-08-20,13_14,31.6,0,0
2025-08-20,14_15,32.2,0,0
2025-08-20,15_16,32.7,0,0
2025-08-20,16_17,32.1,0,0
2025-08-20,17_18,31.6,0,0
2025-08-20,18_19,30.5,0,0
2025-08-20,19_20,29.7,0,0
2025-08-20,20_21,29.2,0,0
2025-08-20,21_22,28.8,0,0
2025-08-20,22_23,28.4,0,0
2025-08-20,23_24,28.4,0,0
2025-08-20,24_28,28.1,0,0
2025-08-21,04_06,27.6,0,0
2025-08-21,06_07,27.4,0,0
2025-08-21,07_08,27.6,0,0
2025-08-21,08_09,28.0,0,0
2025-08-21,09_10,29.0,0,0
2025-08-21,10_11,30.0,0,0
2025-08-21,11_12,31.2,0,0
2025-08-21,12_13,32.2,0,0
2025-08-21,13_14,33.4,0,0
2025-08-21,14_15,34.2,0,0
2025-08-21,15_16,33.3,0,0
2025-08-21,16_17,33.8,0,0
2025-08-21,17_18,33.0,0,0
2025-08-21,18_19,31.8,0,0
2025-08-21,19_20,30.4,0,0
2025-08-21,20_21,29.4,0,0
2025-08-21,21_22,29.0,0,0
2025-08-21,22_23,28.6,0,0
2025-08-21,23_24,28.2,0,0
2025-08-21,24_28,27.2,0,0
2025-08-22,04_06,26.4,0,0
2025-08-22,06_07,26.3,0,0
2025-08-22,07_08,26.4,0,0
2025-08-22,08_09,27.7,0,0
2025-08-22,09_10,28.4,0,0
2025-08-22,10_11,29.7,0,0
2025-08-22,11_12,31.5,0,0
2025-08-22,12_13,32.2,0,0
2025-08-22,13_14,32.5,0,0
2025-08-22,14_15,33.0,0,0
2025-08-22,15_16,33.4,0,0
2025-08-22,16_17,33.4,0,0
2025-08-22,17_18,33.1,0,0
2025-08-22,18_19,31.8,0,0
2025-08-22,19_20,30.2,0,0
2025-08-22,20_21,29.1,0,0
2025-08-22,21_22,28.6,0,0
2025-08-22,22_23,28.3,0,0
2025-08-22,23_24,28.1,0,0
2025-08-22,24_28,27.9,0,0
2025-08-23,04_06,27.5,0,0
2025-08-23,06_07,27.4,0,0
2025-08-23,07_08,27.5,0,0
2025-08-23,08_09,27.9,0,0
2025-08-23,09_10,28.9,0,0
2025-08-23,10_11,30.0,0,0
2025-08-23,11_12,30.7,0,0
2025-08-23,12_13,31.0,0,0
2025-08-23,13_14,30.5,0,0
2025-08-23,14_15,30.3,0,0
2025-08-23,15_16,30.4,0,0
2025-08-23,16_17,31.6,0,0
2025-08-23,17_18,31.8,0,0
2025-08-23,18_19,31.7,0,0
2025-08-23,19_20,30.7,0,0
2025-08-23,20_21,29.7,0,0
2025-08-23,21_22,29.0,0,0
2025-08-23,22_23,28.7,0,0
2025-08-23,23_24,28.5,0,0
2025-08-23,24_28,27.6,0,0
2025-08-24,04_06,27.0,0,0
2025-08-24,06_07,27.1,0,0
2025-08-24,07_08,27.2,0,0
2025-08-24,08_09,28.0,0,0
2025-08-24,09_10,28.6,0,0
2025-08-24,10_11,29.3,0,0
2025-08-24,11_12,30.7,0,0
2025-08-24,12_13,32.6,0,0
2025-08-24,13_14,32.9,0,0
2025-08-24,14_15,33.7,0,0
2025-08-24,15_16,34.5,0,0
2025-08-24,16_17,34.0,0,0
2025-08-24,17_18,34.0,0,0
2025-08-24,18_19,33.1,0,0
2025-08-24,19_20,31.5,0,0
2025-08-24,20_21,30.5,0,0
2025-08-24,21_22,30.0,0,0
2025-08-24,22_23,29.6,0,0
2025-08-24,23_24,29.0,0,0
2025-08-24,24_28,28.5,0,0
2025-08-25,04_06,27.8,0,0
2025-08-25,06_07,27.5,0,0
2025-08-25,07_08,27.8,0,0
2025-08-25,08_09,28.6,0,0
2025-08-25,09_10,26.7,1,0
2025-08-25,10_11,26.7,1,0
2025-08-25,11_12,27.9,1,0
2025-08-25,12_13,28.8,0,0
2025-08-25,13_14,30.2,0,0
2025-08-25,14_15,32.0,0,0
2025-08-25,15_16,31.4,0,0
2025-08-25,16_17,31.7,0,0
2025-08-25,17_18,31.8,1,0
2025-08-25,18_19,30.0,0,0
2025-08-25,19_20,29.6,1,0
2025-08-25,20_21,28.8,0,0
2025-08-25,21_22,29.1,0,0
2025-08-25,22_23,28.9,1,0
2025-08-25,23_24,28.6,0,0
2025-08-25,24_28,27.4,1,0
2025-08-26,04_06,26.0,1,0
2025-08-26,06_07,25.6,1,0
2025-08-26,07_08,25.5,1,0
2025-08-26,08_09,25.6,0,0
2025-08-26,09_10,25.9,0,0
2025-08-26,10_11,26.4,0,0
2025-08-26,11_12,27.5,0,0
2025-08-26,12_13,28.3,0,0
2025-08-26,13_14,29.3,0,0
2025-08-26,14_15,30.3,0,0
2025-08-26,15_16,31.2,0,0
2025-08-26,16_17,31.3,0,0
2025-08-26,17_18,30.9,0,0
2025-08-26,18_19,29.8,0,0
2025-08-26,19_20,28.5,0,0
2025-08-26,20_21,27.7,0,0
2025-08-26,21_22,27.0,0,0
2025-08-26,22_23,26.8,0,0
2025-08-26,23_24,26.4,0,0
2025-08-26,24_28,25.3,0,0
2025-08-27,04_06,24.5,0,0
2025-08-27,06_07,23.9,0,0
2025-08-27,07_08,23.6,0,0
2025-08-27,08_09,25.0,0,0
2025-08-27,09_10,25.8,0,0
2025-08-27,10_11,26.1,0,0
2025-08-27,11_12,26.8,0,0
2025-08-27,12_13,27.7,0,0
2025-08-27,13_14,28.7,0,0
2025-08-27,14_15,29.8,0,0
2025-08-27,15_16,29.9,0,0
2025-08-27,16_17,30.6,0,0
2025-08-27,17_18,30.0,0,0
2025-08-27,18_19,28.6,0,0
2025-08-27,19_20,27.8,0,0
2025-08-27,20_21,27.4,0,0
2025-08-27,21_22,26.9,0,0
2025-08-27,22_23,26.4,0,0
2025-08-27,23_24,26.1,0,0
2025-08-27,24_28,25.6,0,0
2025-08-28,04_06,24.9,0,0
2025-08-28,06_07,24.8,0,0
2025-08-28,07_08,24.9,0,0
2025-08-28,08_09,25.9,0,0
2025-08-28,09_10,27.5,0,0
2025-08-28,10_11,28.8,0,0
2025-08-28,11_12,29.8,0,0
2025-08-28,12_13,30.4,0,0
2025-08-28,13_14,30.1,0,0
2025-08-28,14_15,30.8,0,0
2025-08-28,15_16,30.9,0,0
2025-08-28,16_17,30.6,0,0
2025-08-28,17_18,30.6,0,0
2025-08-28,18_19,30.7,0,0
2025-08-28,19_20,29.7,0,0
2025-08-28,20_21,29.2,0,0
2025-08-28,21_22,28.7,0,0
2025-08-28,22_23,28.4,0,0
2025-08-28,23_24,28.2,0,0
2025-08-28,24_28,28.0,0,0
2025-08-29,04_06,27.7,1,0
2025-08-29,06_07,27.3,0,0
2025-08-29,07_08,27.5,0,0
2025-08-29,08_09,27.8,0,0
2025-08-29,09_10,28.6,0,0
2025-08-29,10_11,29.9,0,0
2025-08-29,11_12,31.1,0,0
2025-08-29,12_13,31.8,0,0
2025-08-29,13_14,32.4,0,0
2025-08-29,14_15,32.7,0,0
2025-08-29,15_16,32.6,0,0
2025-08-29,16_17,31.1,1,0
2025-08-29,17_18,27.9,0,0
2025-08-29,18_19,28.6,0,0
2025-08-29,19_20,28.5,0,0
2025-08-29,20_21,28.6,1,0
2025-08-29,21_22,28.0,1,0
2025-08-29,22_23,27.7,1,0
2025-08-29,23_24,27.6,1,0
2025-08-29,24_28,27.2,1,0
2025-08-30,04_06,27.0,1,0
2025-08-30,06_07,26.2,0,0
2025-08-30,07_08,26.5,0,0
2025-08-30,08_09,26.1,0,0
2025-08-30,09_10,25.9,0,0
2025-08-30,10_11,27.2,0,0
2025-08-30,11_12,28.3,0,0
2025-08-30,12_13,30.0,0,0
2025-08-30,13_14,31.0,0,0
2025-08-30,14_15,31.1,0,0
2025-08-30,15_16,31.0,0,0
2025-08-30,16_17,31.6,0,0
2025-08-30,17_18,31.7,0,0
2025-08-30,18_19,31.3,0,0
2025-08-30,19_20,30.1,0,0
2025-08-30,20_21,29.0,0,0
2025-08-30,21_22,28.4,0,0
2025-08-30,22_23,27.8,0,0
2025-08-30,23_24,27.4,0,0
2025-08-30,24_28,26.4,0,0
2025-08-31,04_06,25.4,0,0
2025-08-31,06_07,25.1,0,0
2025-08-31,07_08,25.3,0,0
2025-08-31,08_09,26.5,0,0
2025-08-31,09_10,27.7,0,0
2025-08-31,10_11,29.6,0,0
2025-08-31,11_12,30.3,0,0
2025-08-31,12_13,30.7,0,0
2025-08-31,13_14,30.5,0,0
2025-08-31,14_15,30.9,0,0
2025-08-31,15_16,31.5,0,0
2025-08-31,16_17,31.1,0,0
2025-08-31,17_18,30.9,0,0
2025-08-31,18_19,30.4,0,0
2025-08-31,19_20,29.4,0,0
2025-08-31,20_21,29.0,0,0
2025-08-31,21_22,28.7,0,0
2025-08-31,22_23,28.3,0,0
2025-08-31,23_24,28.0,0,0
2025-08-31,24_28,27.4,0,0
2025-09-01,04_06,26.4,1,0
2025-09-01,06_07,25.1,1,0
2025-09-01,07_08,25.2,0,0
2025-09-01,08_09,25.4,0,0
2025-09-01,09_10,26.0,0,0
2025-09-01,10_11,26.5,0,0
2025-09-01,11_12,26.8,0,0
2025-09-01,12_13,27.3,0,0
2025-09-01,13_14,28.1,1,0
2025-09-01,14_15,27.5,1,0
2025-09-01,15_16,27.6,0,0
2025-09-01,16_17,27.6,0,0
2025-09-01,17_18,27.9,1,0
2025-09-01,18_19,26.1,1,0
2025-09-01,19_20,25.7,0,0
2025-09-01,20_21,25.5,0,0
2025-09-01,21_22,25.3,0,0
2025-09-01,22_23,25.1,0,0
2025-09-01,23_24,24.7,0,0
2025-09-01,24_28,23.9,0,0
2025-09-02,04_06,22.9,0,0
2025-09-02,06_07,22.2,0,0
2025-09-02,07_08,22.0,0,0
2025-09-02,08_09,23.1,0,0
2025-09-02,09_10,24.2,0,0
2025-09-02,10_11,24.8,0,0
2025-09-02,11_12,26.4,0,0
2025-09-02,12_13,27.6,0,0
2025-09-02,13_14,28.5,0,0
2025-09-02,14_15,29.1,0,0
2025-09-02,15_16,29.6,0,0
2025-09-02,16_17,30.3,0,0
2025-09-02,17_18,30.5,0,0
2025-09-02,18_19,29.7,0,0
2025-09-02,19_20,28.4,0,0
2025-09-02,20_21,27.1,0,0
2025-09-02,21_22,26.2,0,0
2025-09-02,22_23,25.6,0,0
2025-09-02,23_24,25.2,0,0
2025-09-02,24_28,24.1,0,0
2025-09-03,04_06,23.2,0,0
2025-09-03,06_07,22.7,0,0
2025-09-03,07_08,22.8,0,0
2025-09-03,08_09,24.1,0,0
2025-09-03,09_10,25.4,0,0
2025-09-03,10_11,27.2,0,0
2025-09-03,11_12,28.4,0,0
2025-09-03,12_13,29.6,0,0
2025-09-03,13_14,30.6,0,0
2025-09-03,14_15,31.1,0,0
2025-09-03,15_16,31.9,0,0
2025-09-03,16_17,31.4,0,0
2025-09-03,17_18,31.6,0,0
2025-09-03,18_19,30.9,0,0
2025-09-03,19_20,29.8,0,0
2025-09-03,20_21,29.0,0,0
2025-09-03,21_22,28.7,0,0
2025-09-03,22_23,28.4,0,0
2025-09-03,23_24,28.2,0,0
2025-09-03,24_28,26.3,1,0
2025-09-04,04_06,23.8,1,0
2025-09-04,06_07,23.0,1,0
2025-09-04,07_08,22.9,1,0
2025-09-04,08_09,23.1,1,0
2025-09-04,09_10,23.3,1,0
2025-09-04,10_11,23.5,1,0
2025-09-04,11_12,24.1,0,0
2025-09-04,12_13,25.8,0,0
2025-09-04,13_14,27.0,0,0
2025-09-04,14_15,28.3,0,0
2025-09-04,15_16,29.1,0,0
2025-09-04,16_17,29.7,0,0
2025-09-04,17_18,29.1,0,0
2025-09-04,18_19,28.5,0,0
2025-09-04,19_20,27.7,0,0
2025-09-04,20_21,27.0,0,0
2025-09-04,21_22,26.5,0,0
2025-09-04,22_23,26.1,0,0
2025-09-04,23_24,25.8,0,0
2025-09-04,24_28,24.8,0,0
2025-09-05,04_06,23.8,0,0
2025-09-05,06_07,23.6,0,0
2025-09-05,07_08,23.9,0,0
2025-09-05,08_09,24.6,0,0
2025-09-05,09_10,26.3,0,0
2025-09-05,10_11,28.2,0,0
2025-09-05,11_12,29.7,0,0
2025-09-05,12_13,30.8,0,0
2025-09-05,13_14,31.2,0,0
2025-09-05,14_15,32.5,0,0
2025-09-05,15_16,32.5,0,0
2025-09-05,16_17,32.0,0,0
2025-09-05,17_18,31.7,0,0
2025-09-05,18_19,30.4,0,0
2025-09-05,19_20,29.5,0,0
2025-09-05,20_21,28.6,0,0
2025-09-05,21_22,28.2,0,0
2025-09-05,22_23,27.8,0,0
2025-09-05,23_24,27.4,0,0
2025-09-05,24_28,27.2,1,0
2025-09-06,04_06,26.6,1,0
2025-09-06,06_07,26.1,1,0
2025-09-06,07_08,26.0,1,0
2025-09-06,08_09,26.1,1,0
2025-09-06,09_10,26.2,1,0
2025-09-06,10_11,26.7,1,0
2025-09-06,11_12,26.5,1,0
2025-09-06,12_13,27.9,0,0
2025-09-06,13_14,28.6,0,0
2025-09-06,14_15,29.6,0,0
2025-09-06,15_16,30.0,0,0
2025-09-06,16_17,29.2,1,0
2025-09-06,17_18,27.4,1,0
2025-09-06,18_19,25.7,0,0
2025-09-06,19_20,25.6,1,0
2025-09-06,20_21,25.4,0,0
2025-09-06,21_22,25.5,0,0
2025-09-06,22_23,25.6,0,0
2025-09-06,23_24,25.8,1,0
2025-09-06,24_28,25.7,1,0
2025-09-07,04_06,24.8,0,0
2025-09-07,06_07,24.5,0,0
2025-09-07,07_08,24.4,0,0
2025-09-07,08_09,24.7,0,0
2025-09-07,09_10,25.2,0,0
2025-09-07,10_11,26.1,0,0
2025-09-07,11_12,26.9,0,0
2025-09-07,12_13,27.4,0,0
2025-09-07,13_14,28.1,0,0
2025-09-07,14_15,27.5,0,0
2025-09-07,15_16,27.2,0,0
2025-09-07,16_17,26.7,0,0
2025-09-07,17_18,26.4,0,0
2025-09-07,18_19,26.3,0,0
2025-09-07,19_20,25.5,0,0
2025-09-07,20_21,24.8,0,0
2025-09-07,21_22,24.1,0,0
2025-09-07,22_23,23.3,0,0
2025-09-07,23_24,22.7,0,0
2025-09-07,24_28,21.9,0,0
2025-09-08,04_06,21.2,0,0
2025-09-08,06_07,20.7,0,0
2025-09-08,07_08,20.9,0,0
2025-09-08,08_09,21.7,0,0
2025-09-08,09_10,22.5,0,0
2025-09-08,10_11,24.4,0,0
2025-09-08,11_12,25.2,0,0
2025-09-08,12_13,26.7,0,0
2025-09-08,13_14,27.9,0,0
2025-09-08,14_15,29.1,0,0
2025-09-08,15_16,29.4,0,0
2025-09-08,16_17,28.4,0,0
2025-09-08,17_18,27.4,0,0
2025-09-08,18_19,26.4,0,0
2025-09-08,19_20,25.7,0,0
2025-09-08,20_21,25.0,0,0
2025-09-08,21_22,24.6,0,0
2025-09-08,22_23,24.2,0,0
2025-09-08,23_24,24.0,0,0
2025-09-08,24_28,23.2,0,0
2025-09-09,04_06,22.5,0,0
2025-09-09,06_07,22.2,0,0
2025-09-09,07_08,22.0,0,0
2025-09-09,08_09,22.4,0,0
2025-09-09,09_10,23.2,0,0
2025-09-09,10_11,24.2,0,0
2025-09-09,11_12,25.2,0,0
2025-09-09,12_13,25.7,0,0
2025-09-09,13_14,26.3,0,0
2025-09-09,14_15,25.7,0,0
2025-09-09,15_16,25.6,0,0
2025-09-09,16_17,26.5,0,0
2025-09-09,17_18,26.8,0,0
2025-09-09,18_19,25.9,0,0
2025-09-09,19_20,24.8,0,0
2025-09-09,20_21,23.9,0,0
2025-09-09,21_22,23.1,0,0
2025-09-09,22_23,22.5,0,0
2025-09-09,23_24,21.9,0,0
2025-09-09,24_28,20.7,0,0
2025-09-10,04_06,19.5,0,0
2025-09-10,06_07,18.7,0,0
2025-09-10,07_08,18.5,0,0
2025-09-10,08_09,20.0,0,0
2025-09-10,09_10,22.4,0,0
2025-09-10,10_11,24.2,0,0
2025-09-10,11_12,26.6,0,0
2025-09-10,12_13,27.9,0,0
2025-09-10,13_14,29.2,0,0
2025-09-10,14_15,30.3,0,0
2025-09-10,15_16,30.9,0,0
2025-09-10,16_17,31.2,0,0
2025-09-10,17_18,31.2,0,0
2025-09-10,18_19,29.9,0,0
2025-09-10,19_20,28.0,0,0
2025-09-10,20_21,26.6,0,0
2025-09-10,21_22,25.5,0,0
2025-09-10,22_23,24.6,0,0
2025-09-10,23_24,24.0,0,0
2025-09-10,24_28,22.1,0,0
2025-09-11,04_06,20.5,0,0
2025-09-11,06_07,19.9,0,0
2025-09-11,07_08,20.1,0,0
2025-09-11,08_09,22.0,0,0
2025-09-11,09_10,23.6,0,0
2025-09-11,10_11,25.7,0,0
2025-09-11,11_12,27.4,0,0
2025-09-11,12_13,28.5,0,0
2025-09-11,13_14,29.5,0,0
2025-09-11,14_15,30.6,0,0
2025-09-11,15_16,31.2,0,0
2025-09-11,16_17,31.6,0,0
2025-09-11,17_18,31.2,0,0
2025-09-11,18_19,30.0,0,0
2025-09-11,19_20,28.4,0,0
2025-09-11,20_21,27.5,0,0
2025-09-11,21_22,26.8,0,0
2025-09-11,22_23,26.2,0,0
2025-09-11,23_24,25.5,0,0
2025-09-11,24_28,24.2,0,0
2025-09-12,04_06,23.2,0,0
2025-09-12,06_07,23.1,0,0
2025-09-12,07_08,22.9,0,0
2025-09-12,08_09,23.3,0,0
2025-09-12,09_10,23.9,0,0
2025-09-12,10_11,25.1,0,0
2025-09-12,11_12,25.7,0,0
2025-09-12,12_13,25.8,0,0
2025-09-12,13_14,26.1,0,0
2025-09-12,14_15,26.2,0,0
2025-09-12,15_16,26.3,0,0
2025-09-12,16_17,26.0,0,0
2025-09-12,17_18,25.6,0,0
2025-09-12,18_19,24.9,1,0
2025-09-12,19_20,24.0,1,0
2025-09-12,20_21,23.0,1,0
2025-09-12,21_22,22.5,1,0
2025-09-12,22_23,21.9,1,0
2025-09-12,23_24,21.4,1,0
2025-09-12,24_28,20.7,1,0
2025-09-13,04_06,20.6,1,0
2025-09-13,06_07,20.6,0,0
2025-09-13,07_08,20.8,1,0
2025-09-13,08_09,21.1,1,0
2025-09-13,09_10,21.8,0,0
2025-09-13,10_11,22.7,0,0
2025-09-13,11_12,23.7,0,0
2025-09-13,12_13,24.7,0,0
2025-09-13,13_14,26.1,0,0
2025-09-13,14_15,26.5,0,0
2025-09-13,15_16,26.6,0,0
2025-09-13,16_17,27.4,0,0
2025-09-13,17_18,26.5,0,0
2025-09-13,18_19,25.7,0,0
2025-09-13,19_20,25.1,0,0
2025-09-13,20_21,24.4,0,0
2025-09-13,21_22,23.8,0,0
2025-09-13,22_23,23.3,0,0
2025-09-13,23_24,22.9,0,0
2025-09-13,24_28,22.0,0,0
2025-09-14,04_06,21.8,0,0
2025-09-14,06_07,21.6,0,0
2025-09-14,07_08,21.5,0,0
2025-09-14,08_09,22.1,0,0
2025-09-14,09_10,23.2,0,0
2025-09-14,10_11,24.2,0,0
2025-09-14,11_12,25.4,0,0
2025-09-14,12_13,27.0,0,0
2025-09-14,13_14,27.3,0,0
2025-09-14,14_15,27.8,0,0
2025-09-14,15_16,28.5,0,0
2025-09-14,16_17,29.2,0,0
2025-09-14,17_18,29.1,0,0
2025-09-14,18_19,28.2,0,0
2025-09-14,19_20,26.7,0,0
2025-09-14,20_21,25.8,0,0
2025-09-14,21_22,25.0,0,0
2025-09-14,22_23,24.2,0,0
2025-09-14,23_24,23.7,0,0
2025-09-14,24_28,22.9,0,0
2025-09-15,04_06,21.5,0,0
2025-09-15,06_07,20.9,0,0
2025-09-15,07_08,20.9,0,0
2025-09-15,08_09,22.4,0,0
2025-09-15,09_10,24.3,0,0
2025-09-15,10_11,25.8,0,0
2025-09-15,11_12,27.1,0,0
2025-09-15,12_13,28.3,0,0
2025-09-15,13_14,29.0,0,0
2025-09-15,14_15,29.7,0,0
2025-09-15,15_16,30.3,0,0
2025-09-15,16_17,30.4,0,0
2025-09-15,17_18,30.2,0,0
2025-09-15,18_19,29.3,0,0
2025-09-15,19_20,28.0,0,0
2025-09-15,20_21,26.8,0,0
2025-09-15,21_22,26.1,0,0
2025-09-15,22_23,25.4,0,0
2025-09-15,23_24,24.6,0,0
2025-09-15,24_28,23.4,0,0
2025-09-16,04_06,22.3,0,0
2025-09-16,06_07,22.3,0,0
2025-09-16,07_08,22.5,0,0
2025-09-16,08_09,23.2,0,0
2025-09-16,09_10,24.7,0,0
2025-09-16,10_11,25.2,0,0
2025-09-16,11_12,26.2,0,0
2025-09-16,12_13,26.4,0,0
2025-09-16,13_14,26.7,1,0
2025-09-16,14_15,24.3,1,0
2025-09-16,15_16,22.5,1,0
2025-09-16,16_17,23.3,0,0
2025-09-16,17_18,24.1,0,0
2025-09-16,18_19,23.9,1,0
2025-09-16,19_20,23.8,1,0
2025-09-16,20_21,23.7,0,0
2025-09-16,21_22,23.6,0,0
2025-09-16,22_23,23.5,0,0
2025-09-16,23_24,23.2,0,0
2025-09-16,24_28,23.2,0,0
2025-09-17,04_06,23.5,0,0
2025-09-17,06_07,23.5,1,0
2025-09-17,07_08,23.5,0,0
2025-09-17,08_09,23.7,1,0
2025-09-17,09_10,23.9,1,0
2025-09-17,10_11,23.8,1,0
2025-09-17,11_12,22.4,1,0
2025-09-17,12_13,22.1,1,0
2025-09-17,13_14,23.2,0,0
2025-09-17,14_15,22.3,0,0
2025-09-17,15_16,22.8,1,0
2025-09-17,16_17,22.5,0,0
2025-09-17,17_18,22.4,0,0
2025-09-17,18_19,22.5,0,0
2025-09-17,19_20,22.1,0,0
2025-09-17,20_21,21.9,0,0
2025-09-17,21_22,21.9,0,0
2025-09-17,22_23,21.7,0,0
2025-09-17,23_24,21.5,0,0
2025-09-17,24_28,20.8,0,0
2025-09-18,04_06,20.0,0,0
2025-09-18,06_07,19.7,0,0
2025-09-18,07_08,19.6,0,0
2025-09-18,08_09,20.2,0,0
2025-09-18,09_10,20.8,0,0
2025-09-18,10_11,21.7,0,0
2025-09-18,11_12,22.5,0,0
2025-09-18,12_13,24.4,0,0
2025-09-18,13_14,25.2,0,0
2025-09-18,14_15,25.6,0,0
2025-09-18,15_16,25.8,0,0
2025-09-18,16_17,25.6,0,0
2025-09-18,17_18,25.2,0,0
2025-09-18,18_19,24.3,0,0
2025-09-18,19_20,23.1,0,0
2025-09-18,20_21,22.0,0,0
2025-09-18,21_22,21.3,0,0
2025-09-18,22_23,20.7,0,0
2025-09-18,23_24,20.4,0,0
2025-09-18,24_28,19.6,0,0
2025-09-19,04_06,19.2,0,0
2025-09-19,06_07,19.1,0,0
2025-09-19,07_08,19.2,0,0
2025-09-19,08_09,19.5,0,0
2025-09-19,09_10,19.9,0,0
2025-09-19,10_11,20.4,0,0
2025-09-19,11_12,20.8,0,0
2025-09-19,12_13,21.4,1,0
2025-09-19,13_14,20.8,1,0
2025-09-19,14_15,20.6,1,0
2025-09-19,15_16,20.3,1,0
2025-09-19,16_17,20.1,1,0
2025-09-19,17_18,19.6,1,0
2025-09-19,18_19,19.0,1,0
2025-09-19,19_20,18.7,1,0
2025-09-19,20_21,18.5,1,0
2025-09-19,21_22,18.6,1,0
2025-09-19,22_23,18.5,1,0
2025-09-19,23_24,18.1,1,0
2025-09-19,24_28,17.7,1,0
2025-09-20,04_06,17.5,1,0
2025-09-20,06_07,17.6,1,0
2025-09-20,07_08,17.7,0,0
2025-09-20,08_09,18.0,0,0
2025-09-20,09_10,18.6,0,0
2025-09-20,10_11,19.0,0,0
2025-09-20,11_12,19.9,0,0
2025-09-20,12_13,20.6,0,0
2025-09-20,13_14,21.4,0,0
2025-09-20,14_15,22.5,0,0
2025-09-20,15_16,23.4,0,0
2025-09-20,16_17,23.0,0,0
2025-09-20,17_18,23.3,0,0
2025-09-20,18_19,22.5,0,0
2025-09-20,19_20,21.6,0,0
2025-09-20,20_21,21.1,0,0
2025-09-20,21_22,20.5,0,0
2025-09-20,22_23,20.0,0,0
2025-09-20,23_24,19.7,0,0
2025-09-20,24_28,18.8,0,0
2025-09-21,04_06,17.5,0,0
2025-09-21,06_07,17.2,0,0
2025-09-21,07_08,17.6,0,0
2025-09-21,08_09,19.1,0,0
2025-09-21,09_10,20.8,0,0
2025-09-21,10_11,22.1,0,0
2025-09-21,11_12,23.4,0,0
2025-09-21,12_13,24.6,0,0
2025-09-21,13_14,25.5,0,0
2025-09-21,14_15,26.5,0,0
2025-09-21,15_16,26.9,0,0
2025-09-21,16_17,27.1,0,0
2025-09-21,17_18,26.5,0,0
2025-09-21,18_19,24.8,0,0
2025-09-21,19_20,23.3,0,0
2025-09-21,20_21,22.0,0,0
2025-09-21,21_22,21.1,0,0
2025-09-21,22_23,20.7,0,0
2025-09-21,23_24,19.9,0,0
2025-09-21,24_28,18.8,0,0
2025-09-22,04_06,18.0,0,0
2025-09-22,06_07,17.9,0,0
2025-09-22,07_08,17.6,0,0
2025-09-22,08_09,18.1,0,0
2025-09-22,09_10,19.3,0,0
2025-09-22,10_11,21.4,0,0
2025-09-22,11_12,23.0,0,0
2025-09-22,12_13,24.3,0,0
2025-09-22,13_14,24.6,0,0
2025-09-22,14_15,24.9,0,0
2025-09-22,15_16,24.4,0,0
2025-09-22,16_17,24.6,0,0
2025-09-22,17_18,24.5,0,0
2025-09-22,18_19,24.0,0,0
2025-09-22,19_20,22.6,0,0
2025-09-22,20_21,21.9,0,0
2025-09-22,21_22,21.4,0,0
2025-09-22,22_23,21.1,0,0
2025-09-22,23_24,21.0,0,0
2025-09-22,24_28,20.4,0,0
2025-09-23,04_06,19.8,0,0
2025-09-23,06_07,19.3,0,0
2025-09-23,07_08,19.2,0,0
2025-09-23,08_09,19.7,0,0
2025-09-23,09_10,20.8,0,0
2025-09-23,10_11,22.3,0,0
2025-09-23,11_12,23.4,0,0
2025-09-23,12_13,24.8,0,0
2025-09-23,13_14,25.7,0,0
2025-09-23,14_15,25.8,0,0
2025-09-23,15_16,26.2,0,0
2025-09-23,16_17,26.4,0,0
2025-09-23,17_18,25.4,0,0
2025-09-23,18_19,24.8,0,0
2025-09-23,19_20,24.4,0,0
2025-09-23,20_21,23.6,0,0
2025-09-23,21_22,23.3,0,0
2025-09-23,22_23,23.2,0,0
2025-09-23,23_24,22.9,0,0
2025-09-23,24_28,21.7,0,0
2025-09-24,04_06,20.5,0,0
2025-09-24,06_07,20.4,0,0
2025-09-24,07_08,20.6,0,0
2025-09-24,08_09,21.4,0,0
2025-09-24,09_10,22.6,0,0
2025-09-24,10_11,23.1,0,0
2025-09-24,11_12,23.4,1,0
2025-09-24,12_13,23.5,1,0
2025-09-24,13_14,22.9,1,0
2025-09-24,14_15,22.1,1,0
2025-09-24,15_16,22.4,1,0
2025-09-24,16_17,22.7,1,0
2025-09-24,17_18,22.9,1,0
2025-09-24,18_19,22.8,1,0
2025-09-24,19_20,22.7,1,0
2025-09-24,20_21,21.8,1,0
2025-09-24,21_22,21.4,1,0
2025-09-24,22_23,21.5,0,0
2025-09-24,23_24,21.6,0,0
2025-09-24,24_28,21.4,1,0
2025-09-25,04_06,21.0,0,0
2025-09-25,06_07,20.7,0,0
2025-09-25,07_08,20.7,0,0
2025-09-25,08_09,20.9,0,0
2025-09-25,09_10,21.5,0,0
2025-09-25,10_11,22.5,0,0
2025-09-25,11_12,23.1,0,0
2025-09-25,12_13,23.8,0,0
2025-09-25,13_14,24.7,0,0
2025-09-25,14_15,25.0,0,0
2025-09-25,15_16,25.7,0,0
2025-09-25,16_17,26.0,0,0
2025-09-25,17_18,25.5,0,0
2025-09-25,18_19,24.9,0,0
2025-09-25,19_20,23.5,0,0
2025-09-25,20_21,22.5,0,0
2025-09-25,21_22,21.8,0,0
2025-09-25,22_23,21.2,0,0
2025-09-25,23_24,20.7,0,0
2025-09-25,24_28,19.7,0,0
2025-09-26,04_06,18.5,0,0
2025-09-26,06_07,17.9,0,0
2025-09-26,07_08,17.8,0,0
2025-09-26,08_09,18.4,0,0
2025-09-26,09_10,19.3,0,0
2025-09-26,10_11,20.0,0,0
2025-09-26,11_12,21.5,0,0
2025-09-26,12_13,22.9,0,0
2025-09-26,13_14,24.4,0,0
2025-09-26,14_15,25.4,0,0
2025-09-26,15_16,26.7,0,0
2025-09-26,16_17,26.8,0,0
2025-09-26,17_18,26.4,0,0
2025-09-26,18_19,24.8,0,0
2025-09-26,19_20,23.5,0,0
2025-09-26,20_21,22.8,0,0
2025-09-26,21_22,22.2,0,0
2025-09-26,22_23,21.5,0,0
2025-09-26,23_24,20.8,0,0
2025-09-26,24_28,19.4,0,0
2025-09-27,04_06,18.1,0,0
2025-09-27,06_07,17.7,0,0
2025-09-27,07_08,17.8,0,0
2025-09-27,08_09,18.9,0,0
2025-09-27,09_10,21.2,0,0
2025-09-27,10_11,23.0,0,0
2025-09-27,11_12,25.0,0,0
2025-09-27,12_13,26.1,0,0
2025-09-27,13_14,26.7,0,0
2025-09-27,14_15,26.7,0,0
2025-09-27,15_16,26.8,0,0
2025-09-27,16_17,26.4,0,0
2025-09-27,17_18,26.2,0,0
2025-09-27,18_19,25.5,0,0
2025-09-27,19_20,24.3,0,0
2025-09-27,20_21,23.1,0,0
2025-09-27,21_22,22.4,0,0
2025-09-27,22_23,21.9,0,0
2025-09-27,23_24,21.6,0,0
2025-09-27,24_28,21.5,0,0
2025-09-28,04_06,21.2,1,0
2025-09-28,06_07,20.3,1,0
2025-09-28,07_08,20.1,1,0
2025-09-28,08_09,19.1,1,0
2025-09-28,09_10,19.2,1,0
2025-09-28,10_11,18.4,1,0
2025-09-28,11_12,18.7,1,0
2025-09-28,12_13,19.0,0,0
2025-09-28,13_14,19.6,0,0
2025-09-28,14_15,21.4,0,0
2025-09-28,15_16,21.1,0,0
2025-09-28,16_17,21.2,0,0
2025-09-28,17_18,20.9,0,0
2025-09-28,18_19,20.6,0,0
2025-09-28,19_20,20.2,0,0
2025-09-28,20_21,19.8,0,0
2025-09-28,21_22,19.7,0,0
2025-09-28,22_23,19.6,0,0
2025-09-28,23_24,19.4,0,0
2025-09-28,24_28,18.2,0,0
2025-09-29,04_06,17.2,0,0
2025-09-29,06_07,16.7,0,0
2025-09-29,07_08,16.6,0,0
2025-09-29,08_09,17.2,0,0
2025-09-29,09_10,17.7,0,0
2025-09-29,10_11,20.0,0,0
2025-09-29,11_12,20.9,0,0
2025-09-29,12_13,20.9,0,0
2025-09-29,13_14,22.2,0,0
2025-09-29,14_15,22.9,0,0
2025-09-29,15_16,23.7,0,0
2025-09-29,16_17,23.4,0,0
2025-09-29,17_18,23.8,0,0
2025-09-29,18_19,22.5,0,0
2025-09-29,19_20,20.9,0,0
2025-09-29,20_21,20.3,0,0
2025-09-29,21_22,19.7,0,0
2025-09-29,22_23,19.1,0,0
2025-09-29,23_24,18.5,0,0
2025-09-29,24_28,17.9,0,0
2025-09-30,04_06,17.7,0,0
2025-09-30,06_07,17.5,0,0
2025-09-30,07_08,17.3,0,0
2025-09-30,08_09,17.7,0,0
2025-09-30,09_10,18.6,0,0
2025-09-30,10_11,19.3,0,0
2025-09-30,11_12,19.9,0,0
2025-09-30,12_13,20.8,0,0
2025-09-30,13_14,21.7,0,0
2025-09-30,14_15,23.7,0,0
2025-09-30,15_16,23.3,0,0
2025-09-30,16_17,23.2,0,0
2025-09-30,17_18,22.8,0,0
2025-09-30,18_19,22.1,0,0
2025-09-30,19_20,21.0,0,0
2025-09-30,20_21,20.2,0,0
2025-09-30,21_22,19.8,0,0
2025-09-30,22_23,19.3,0,0
2025-09-30,23_24,18.8,0,0
2025-09-30,24_28,18.0,0,0
2025-10-01,04_06,17.5,0,0
2025-10-01,06_07,16.8,0,0
2025-10-01,07_08,16.7,0,0
2025-10-01,08_09,17.5,0,0
2025-10-01,09_10,19.5,0,0
2025-10-01,10_11,21.0,0,0
2025-10-01,11_12,22.0,0,0
2025-10-01,12_13,22.8,0,0
2025-10-01,13_14,24.1,0,0
2025-10-01,14_15,25.2,0,0
2025-10-01,15_16,25.6,0,0
2025-10-01,16_17,24.5,0,0
2025-10-01,17_18,23.4,0,0
2025-10-01,18_19,22.5,0,0
2025-10-01,19_20,21.7,0,0
2025-10-01,20_21,21.1,0,0
2025-10-01,21_22,20.4,0,0
2025-10-01,22_23,19.7,0,0
2025-10-01,23_24,19.1,0,0
2025-10-01,24_28,18.3,0,0
2025-10-02,04_06,17.7,0,0
2025-10-02,06_07,17.4,0,0
2025-10-02,07_08,17.3,0,0
2025-10-02,08_09,17.9,0,0
2025-10-02,09_10,19.7,0,0
2025-10-02,10_11,21.4,0,0
2025-10-02,11_12,22.9,0,0
2025-10-02,12_13,24.2,0,0
2025-10-02,13_14,25.7,0,0
2025-10-02,14_15,25.7,0,0
2025-10-02,15_16,25.4,0,0
2025-10-02,16_17,25.4,0,0
2025-10-02,17_18,24.3,0,0
2025-10-02,18_19,23.5,0,0
2025-10-02,19_20,22.7,0,0
2025-10-02,20_21,22.1,0,0
2025-10-02,21_22,21.7,0,0
2025-10-02,22_23,21.5,0,0
2025-10-02,23_24,21.2,0,0
2025-10-02,24_28,20.9,1,0
2025-10-03,04_06,20.5,1,0
2025-10-03,06_07,19.9,0,0
2025-10-03,07_08,19.8,0,0
2025-10-03,08_09,19.9,1,0
2025-10-03,09_10,20.0,1,0
2025-10-03,10_11,20.2,1,0
2025-10-03,11_12,20.4,0,0
2025-10-03,12_13,21.8,0,0
2025-10-03,13_14,22.0,1,0
2025-10-03,14_15,22.1,0,0
2025-10-03,15_16,22.3,0,0
2025-10-03,16_17,22.0,0,0
2025-10-03,17_18,22.0,0,0
2025-10-03,18_19,21.9,0,0
2025-10-03,19_20,21.7,0,0
2025-10-03,20_21,21.7,0,0
2025-10-03,21_22,21.5,0,0
2025-10-03,22_23,21.5,0,0
2025-10-03,23_24,21.2,0,0
2025-10-03,24_28,21.1,0,0
2025-10-04,04_06,21.1,0,0
2025-10-04,06_07,21.0,0,0
2025-10-04,07_08,21.0,0,0
2025-10-04,08_09,21.5,0,0
2025-10-04,09_10,21.7,0,0
2025-10-04,10_11,22.1,0,0
2025-10-04,11_12,22.6,0,0
2025-10-04,12_13,22.9,0,0
2025-10-04,13_14,23.6,0,0
2025-10-04,14_15,24.9,0,0
2025-10-04,15_16,24.9,0,0
2025-10-04,16_17,24.5,0,0
2025-10-04,17_18,24.1,0,0
2025-10-04,18_19,23.7,0,0
2025-10-04,19_20,23.5,0,0
2025-10-04,20_21,23.3,0,0
2025-10-04,21_22,22.9,0,0
2025-10-04,22_23,22.5,0,0
2025-10-04,23_24,22.2,0,0
2025-10-04,24_28,22.1,0,0
2025-10-05,04_06,21.8,0,0
2025-10-05,06_07,21.7,0,0
2025-10-05,07_08,21.6,0,0
2025-10-05,08_09,21.7,0,0
2025-10-05,09_10,21.9,1,0
2025-10-05,10_11,21.7,1,0
2025-10-05,11_12,21.3,1,0
2025-10-05,12_13,21.3,0,0
2025-10-05,13_14,21.8,1,0
2025-10-05,14_15,21.5,1,0
2025-10-05,15_16,21.4,0,0
2025-10-05,16_17,21.8,0,0
2025-10-05,17_18,21.6,0,0
2025-10-05,18_19,21.3,0,0
2025-10-05,19_20,20.9,0,0
2025-10-05,20_21,20.7,0,0
2025-10-05,21_22,20.8,0,0
2025-10-05,22_23,20.9,1,0
2025-10-05,23_24,20.7,0,0
2025-10-05,24_28,20.6,0,0
2025-10-06,04_06,20.4,0,0
2025-10-06,06_07,20.1,0,0
2025-10-06,07_08,20.1,1,0
2025-10-06,08_09,19.7,1,0
2025-10-06,09_10,18.7,1,0
2025-10-06,10_11,17.7,1,0
2025-10-06,11_12,17.8,0,0
2025-10-06,12_13,17.8,1,0
2025-10-06,13_14,17.6,1,0
2025-10-06,14_15,17.5,1,0
2025-10-06,15_16,17.0,1,0
2025-10-06,16_17,16.5,1,0
2025-10-06,17_18,16.2,1,0
2025-10-06,18_19,15.9,1,0
2025-10-06,19_20,15.6,1,0
2025-10-06,20_21,15.5,1,0
2025-10-06,21_22,15.4,1,0
2025-10-06,22_23,15.4,1,0
2025-10-06,23_24,15.4,1,0
2025-10-06,24_28,15.9,1,0
2025-10-07,04_06,16.6,1,0
2025-10-07,06_07,16.7,1,0
2025-10-07,07_08,16.9,1,0
2025-10-07,08_09,17.0,0,0
2025-10-07,09_10,17.5,0,0
2025-10-07,10_11,18.2,0,0
2025-10-07,11_12,18.7,0,0
2025-10-07,12_13,19.4,0,0
2025-10-07,13_14,19.7,0,0
2025-10-07,14_15,19.7,1,0
2025-10-07,15_16,19.5,0,0
2025-10-07,16_17,19.6,1,0
2025-10-07,17_18,19.4,1,0
2025-10-07,18_19,19.3,1,0
2025-10-07,19_20,19.1,0,0
2025-10-07,20_21,18.9,0,0
2025-10-07,21_22,18.8,1,0
2025-10-07,22_23,18.8,1,0
2025-10-07,23_24,18.7,0,0
2025-10-07,24_28,18.4,0,0
2025-10-08,04_06,18.2,0,0
2025-10-08,06_07,17.9,0,0
2025-10-08,07_08,17.2,0,0
2025-10-08,08_09,17.5,0,0
2025-10-08,09_10,19.8,0,0
2025-10-08,10_11,22.0,0,0
2025-10-08,11_12,23.7,0,0
2025-10-08,12_13,24.7,0,0
2025-10-08,13_14,26.0,0,0
2025-10-08,14_15,26.9,0,0
2025-10-08,15_16,27.5,0,0
2025-10-08,16_17,27.7,0,0
2025-10-08,17_18,26.4,0,0
2025-10-08,18_19,24.5,0,0
2025-10-08,19_20,23.1,0,0
2025-10-08,20_21,22.1,0,0
2025-10-08,21_22,21.7,0,0
2025-10-08,22_23,21.2,0,0
2025-10-08,23_24,21.0,0,0
2025-10-08,24_28,20.5,0,0
2025-10-09,04_06,20.1,0,0
2025-10-09,06_07,19.8,0,0
2025-10-09,07_08,19.8,0,0
2025-10-09,08_09,19.9,0,0
2025-10-09,09_10,20.2,0,0
2025-10-09,10_11,20.8,0,0
2025-10-09,11_12,21.3,0,0
2025-10-09,12_13,22.3,0,0
2025-10-09,13_14,22.5,0,0
2025-10-09,14_15,22.3,0,0
2025-10-09,15_16,21.7,0,0
2025-10-09,16_17,20.8,0,0
2025-10-09,17_18,20.5,0,0
2025-10-09,18_19,20.0,0,0
2025-10-09,19_20,19.6,0,0
2025-10-09,20_21,19.2,0,0
2025-10-09,21_22,18.7,0,0
2025-10-09,22_23,18.0,0,0
2025-10-09,23_24,17.4,0,0
2025-10-09,24_28,16.4,1,0
2025-10-10,04_06,16.1,1,0
2025-10-10,06_07,16.2,1,0
2025-10-10,07_08,16.3,1,0
2025-10-10,08_09,16.4,0,0
2025-10-10,09_10,16.6,1,0
2025-10-10,10_11,16.8,1,0
2025-10-10,11_12,17.3,1,0
2025-10-10,12_13,17.5,1,0
2025-10-10,13_14,17.6,1,0
2025-10-10,14_15,17.7,1,0
2025-10-10,15_16,17.6,1,0
2025-10-10,16_17,17.5,1,0
2025-10-10,17_18,17.4,1,0
2025-10-10,18_19,17.3,1,0
2025-10-10,19_20,17.2,1,0
2025-10-10,20_21,17.3,1,0
2025-10-10,21_22,17.3,1,0
2025-10-10,22_23,17.3,1,0
2025-10-10,23_24,17.3,1,0
2025-10-10,24_28,17.3,1,0
2025-10-11,04_06,17.4,1,0
2025-10-11,06_07,17.7,1,0
2025-10-11,07_08,17.9,1,0
2025-10-11,08_09,18.1,1,0
2025-10-11,09_10,18.4,0,0
2025-10-11,10_11,19.1,0,0
2025-10-11,11_12,20.3,0,0
2025-10-11,12_13,21.1,0,0
2025-10-11,13_14,22.6,0,0
2025-10-11,14_15,23.7,0,0
2025-10-11,15_16,23.7,0,0
2025-10-11,16_17,23.6,0,0
2025-10-11,17_18,23.3,1,0
2025-10-11,18_19,22.6,1,0
2025-10-11,19_20,22.2,1,0
2025-10-11,20_21,22.1,1,0
2025-10-11,21_22,21.4,1,0
2025-10-11,22_23,20.8,1,0
2025-10-11,23_24,19.9,0,0
2025-10-11,24_28,18.9,0,0
2025-10-12,04_06,17.6,0,0
2025-10-12,06_07,17.7,0,0
2025-10-12,07_08,17.6,1,0
2025-10-12,08_09,17.6,0,0
2025-10-12,09_10,17.9,0,0
2025-10-12,10_11,18.9,0,0
2025-10-12,11_12,20.3,0,0
2025-10-12,12_13,20.9,0,0
2025-10-12,13_14,21.3,0,0
2025-10-12,14_15,21.2,0,0
2025-10-12,15_16,20.5,0,0
2025-10-12,16_17,20.5,0,0
2025-10-12,17_18,19.9,0,0
2025-10-12,18_19,19.5,0,0
2025-10-12,19_20,19.2,0,0
2025-10-12,20_21,19.0,0,0
2025-10-12,21_22,19.0,0,0
2025-10-12,22_23,18.9,0,0
2025-10-12,23_24,18.8,0,0
2025-10-12,24_28,17.6,1,0
2025-10-13,04_06,16.8,1,0
2025-10-13,06_07,16.7,1,0
2025-10-13,07_08,16.4,1,0
2025-10-13,08_09,16.4,0,0
2025-10-13,09_10,16.5,0,0
2025-10-13,10_11,16.5,0,0
2025-10-13,11_12,16.8,0,0
2025-10-13,12_13,16.9,1,0
2025-10-13,13_14,16.4,0,0
2025-10-13,14_15,16.1,1,0
2025-10-13,15_16,15.9,1,0
2025-10-13,16_17,15.5,1,0
2025-10-13,17_18,15.0,1,0
2025-10-13,18_19,14.4,1,0
2025-10-13,19_20,14.1,1,0
2025-10-13,20_21,13.9,1,0
2025-10-13,21_22,14.0,0,0
2025-10-13,22_23,14.0,0,0
2025-10-13,23_24,14.2,0,0
2025-10-13,24_28,14.7,0,0
2025-10-14,04_06,14.6,1,0
2025-10-14,06_07,14.6,1,0
2025-10-14,07_08,14.7,0,0
2025-10-14,08_09,15.1,0,0
2025-10-14,09_10,16.0,0,0
2025-10-14,10_11,17.1,0,0
2025-10-14,11_12,18.5,0,0
2025-10-14,12_13,19.9,0,0
2025-10-14,13_14,20.5,0,0
2025-10-14,14_15,20.8,0,0
2025-10-14,15_16,20.6,0,0
2025-10-14,16_17,20.8,0,0
2025-10-14,17_18,20.4,0,0
2025-10-14,18_19,19.9,0,0
2025-10-14,19_20,19.5,0,0
2025-10-14,20_21,19.2,0,0
2025-10-14,21_22,18.8,0,0
2025-10-14,22_23,18.8,0,0
2025-10-14,23_24,18.5,0,0
2025-10-14,24_28,17.5,0,0
2025-10-15,04_06,16.5,0,0
2025-10-15,06_07,16.3,0,0
2025-10-15,07_08,16.5,0,0
2025-10-15,08_09,17.3,0,0
2025-10-15,09_10,18.9,0,0
2025-10-15,10_11,21.1,0,0
2025-10-15,11_12,22.6,0,0
2025-10-15,12_13,23.4,0,0
2025-10-15,13_14,24.9,0,0
2025-10-15,14_15,25.2,0,0
2025-10-15,15_16,24.4,0,0
2025-10-15,16_17,23.9,0,0
2025-10-15,17_18,23.4,0,0
2025-10-15,18_19,22.9,1,0
2025-10-15,19_20,21.9,0,0
2025-10-15,20_21,20.4,0,0
2025-10-15,21_22,20.0,0,0
2025-10-15,22_23,19.8,1,0
2025-10-15,23_24,19.6,1,0
2025-10-15,24_28,18.2,1,0
2025-10-16,04_06,17.4,0,0
2025-10-16,06_07,17.3,0,0
2025-10-16,07_08,17.1,0,0
2025-10-16,08_09,17.1,0,0
2025-10-16,09_10,19.1,0,0
2025-10-16,10_11,20.4,0,0
2025-10-16,11_12,22.4,0,0
2025-10-16,12_13,23.7,0,0
2025-10-16,13_14,23.3,0,0
2025-10-16,14_15,24.0,0,0
2025-10-16,15_16,24.4,0,0
2025-10-16,16_17,24.7,0,0
2025-10-16,17_18,23.2,0,0
2025-10-16,18_19,21.9,0,0
2025-10-16,19_20,20.9,0,0
2025-10-16,20_21,20.2,0,0
2025-10-16,21_22,19.7,0,0
2025-10-16,22_23,19.2,0,0
2025-10-16,23_24,18.6,0,0
2025-10-16,24_28,17.6,0,0
2025-10-17,04_06,16.4,0,0
2025-10-17,06_07,15.6,0,0
2025-10-17,07_08,15.7,0,0
2025-10-17,08_09,16.6,0,0
2025-10-17,09_10,18.5,0,0
2025-10-17,10_11,19.7,0,0
2025-10-17,11_12,22.1,0,0
2025-10-17,12_13,23.5,0,0
2025-10-17,13_14,24.4,0,0
2025-10-17,14_15,24.4,0,0
2025-10-17,15_16,24.0,0,0
2025-10-17,16_17,23.3,0,0
2025-10-17,17_18,22.9,0,0
2025-10-17,18_19,22.2,1,0
2025-10-17,19_20,20.7,1,0
2025-10-17,20_21,19.9,1,0
2025-10-17,21_22,19.4,1,0
2025-10-17,22_23,19.0,1,0
2025-10-17,23_24,18.7,1,0
2025-10-17,24_28,18.2,1,0
2025-10-18,04_06,16.5,1,0
2025-10-18,06_07,16.0,1,0
2025-10-18,07_08,16.0,0,0
2025-10-18,08_09,15.3,0,0
2025-10-18,09_10,15.3,0,0
2025-10-18,10_11,15.7,0,0
2025-10-18,11_12,15.3,0,0
2025-10-18,12_13,15.8,0,0
2025-10-18,13_14,16.1,0,0
2025-10-18,14_15,16.2,0,0
2025-10-18,15_16,16.4,0,0
2025-10-18,16_17,16.5,0,0
2025-10-18,17_18,16.1,0,0
2025-10-18,18_19,15.8,0,0
2025-10-18,19_20,15.7,0,0
2025-10-18,20_21,15.5,0,0
2025-10-18,21_22,15.1,0,0
2025-10-18,22_23,14.6,0,0
2025-10-18,23_24,14.3,0,0
2025-10-18,24_28,14.2,0,0
2025-10-19,04_06,13.8,0,0
2025-10-19,06_07,13.1,0,0
2025-10-19,07_08,12.8,0,0
2025-10-19,08_09,13.6,0,0
2025-10-19,09_10,15.6,0,0
2025-10-19,10_11,17.9,0,0
2025-10-19,11_12,18.4,0,0
2025-10-19,12_13,18.7,0,0
2025-10-19,13_14,18.4,0,0
2025-10-19,14_15,18.6,0,0
2025-10-19,15_16,19.1,0,0
2025-10-19,16_17,18.2,0,0
2025-10-19,17_18,16.9,0,0
2025-10-19,18_19,14.9,0,0
2025-10-19,19_20,13.5,0,0
2025-10-19,20_21,12.3,0,0
2025-10-19,21_22,11.3,0,0
2025-10-19,22_23,10.6,0,0
2025-10-19,23_24,9.7,0,0
2025-10-19,24_28,7.8,0,0
2025-10-20,04_06,6.1,0,0
2025-10-20,06_07,5.6,0,0
2025-10-20,07_08,5.3,0,0
2025-10-20,08_09,6.3,0,0
2025-10-20,09_10,7.7,0,0
2025-10-20,10_11,10.1,0,0
2025-10-20,11_12,12.0,0,0
2025-10-20,12_13,13.5,0,0
2025-10-20,13_14,13.9,0,0
2025-10-20,14_15,15.4,0,0
2025-10-20,15_16,15.8,0,0
2025-10-20,16_17,15.7,0,0
2025-10-20,17_18,14.7,0,0
2025-10-20,18_19,13.5,0,0
2025-10-20,19_20,12.2,0,0
2025-10-20,20_21,11.1,0,0
2025-10-20,21_22,10.0,0,0
2025-10-20,22_23,8.9,0,0
2025-10-20,23_24,8.2,0,0
2025-10-20,24_28,6.6,0,0
2025-10-21,04_06,5.4,0,0
2025-10-21,06_07,4.9,0,0
2025-10-21,07_08,4.8,0,0
2025-10-21,08_09,5.2,0,0
2025-10-21,09_10,7.7,0,0
2025-10-21,10_11,9.4,0,0
2025-10-21,11_12,10.5,0,0
2025-10-21,12_13,12.6,0,0
2025-10-21,13_14,13.4,0,0
2025-10-21,14_15,13.8,0,0
2025-10-21,15_16,14.0,0,0
2025-10-21,16_17,13.8,0,0
2025-10-21,17_18,13.6,0,0
2025-10-21,18_19,12.1,0,0
2025-10-21,19_20,10.8,0,0
2025-10-21,20_21,10.1,0,0
2025-10-21,21_22,9.2,0,0
2025-10-21,22_23,8.5,0,0
2025-10-21,23_24,8.0,0,0
2025-10-21,24_28,7.1,0,0
2025-10-22,04_06,6.7,0,0
2025-10-22,06_07,6.8,0,0
2025-10-22,07_08,7.0,0,0
2025-10-22,08_09,7.7,0,0
2025-10-22,09_10,10.6,0,0
2025-10-22,10_11,13.6,0,0
2025-10-22,11_12,15.4,0,0
2025-10-22,12_13,16.8,0,0
2025-10-22,13_14,18.1,0,0
2025-10-22,14_15,17.9,0,0
2025-10-22,15_16,18.5,0,0
2025-10-22,16_17,18.5,0,0
2025-10-22,17_18,17.5,0,0
2025-10-22,18_19,16.9,0,0
2025-10-22,19_20,16.1,0,0
2025-10-22,20_21,15.4,0,0
2025-10-22,21_22,14.9,0,0
2025-10-22,22_23,14.4,0,0
2025-10-22,23_24,14.0,0,0
2025-10-22,24_28,12.8,0,0
2025-10-23,04_06,11.9,0,0
2025-10-23,06_07,12.0,0,0
2025-10-23,07_08,12.3,0,0
2025-10-23,08_09,12.8,0,0
2025-10-23,09_10,14.0,0,0
2025-10-23,10_11,14.6,0,0
2025-10-23,11_12,17.0,0,0
2025-10-23,12_13,17.8,0,0
2025-10-23,13_14,18.1,0,0
2025-10-23,14_15,18.4,0,0
2025-10-23,15_16,18.6,0,0
2025-10-23,16_17,19.3,0,0
2025-10-23,17_18,18.8,0,0
2025-10-23,18_19,17.4,0,0
2025-10-23,19_20,16.4,0,0
2025-10-23,20_21,15.5,0,0
2025-10-23,21_22,14.6,0,0
2025-10-23,22_23,13.9,0,0
2025-10-23,23_24,13.2,0,0
2025-10-23,24_28,12.4,0,0
2025-10-24,04_06,12.2,0,0
2025-10-24,06_07,11.6,0,0
2025-10-24,07_08,11.4,0,0
2025-10-24,08_09,12.1,0,0
2025-10-24,09_10,14.6,0,0
2025-10-24,10_11,15.8,0,0
2025-10-24,11_12,17.5,0,0
2025-10-24,12_13,18.7,0,0
2025-10-24,13_14,19.5,0,0
2025-10-24,14_15,20.8,0,0
2025-10-24,15_16,20.9,0,0
2025-10-24,16_17,20.8,0,0
2025-10-24,17_18,19.1,0,0
2025-10-24,18_19,17.9,0,0
2025-10-24,19_20,16.9,0,0
2025-10-24,20_21,16.5,0,0
2025-10-24,21_22,15.8,0,0
2025-10-24,22_23,15.3,0,0
2025-10-24,23_24,14.7,0,0
2025-10-24,24_28,14.3,0,0
2025-10-25,04_06,13.2,0,0
2025-10-25,06_07,12.9,0,0
2025-10-25,07_08,12.8,0,0
2025-10-25,08_09,12.6,0,0
2025-10-25,09_10,13.2,0,0
2025-10-25,10_11,13.7,0,0
2025-10-25,11_12,15.8,0,0
2025-10-25,12_13,16.4,0,0
2025-10-25,13_14,16.5,0,0
2025-10-25,14_15,16.5,0,0
2025-10-25,15_16,17.2,0,0
2025-10-25,16_17,17.5,0,0
2025-10-25,17_18,16.5,0,0
2025-10-25,18_19,14.9,0,0
2025-10-25,19_20,14.0,0,0
2025-10-25,20_21,14.0,0,0
2025-10-25,21_22,14.1,0,0
2025-10-25,22_23,13.8,0,0
2025-10-25,23_24,13.2,0,0
2025-10-25,24_28,12.4,0,0
2025-10-26,04_06,11.6,0,0
2025-10-26,06_07,11.4,0,0
2025-10-26,07_08,11.4,0,0
2025-10-26,08_09,11.7,0,0
2025-10-26,09_10,12.4,0,0
2025-10-26,10_11,13.0,0,0
2025-10-26,11_12,12.9,1,0
2025-10-26,12_13,12.4,1,0
2025-10-26,13_14,12.6,0,0
2025-10-26,14_15,13.7,0,0
2025-10-26,15_16,13.7,0,0
2025-10-26,16_17,13.5,0,0
2025-10-26,17_18,13.4,0,0
2025-10-26,18_19,12.7,0,0
2025-10-26,19_20,12.3,0,0
2025-10-26,20_21,12.3,0,0
2025-10-26,21_22,12.4,0,0
2025-10-26,22_23,12.5,0,0
2025-10-26,23_24,12.0,0,0
2025-10-26,24_28,9.2,0,0
2025-10-27,04_06,6.0,0,0
2025-10-27,06_07,4.8,0,0
2025-10-27,07_08,3.9,0,0
2025-10-27,08_09,3.9,0,0
2025-10-27,09_10,5.5,0,0
2025-10-27,10_11,7.3,0,0
2025-10-27,11_12,9.4,0,0
2025-10-27,12_13,10.3,0,0
2025-10-27,13_14,10.5,0,0
2025-10-27,14_15,11.9,0,0
2025-10-27,15_16,12.0,0,0
2025-10-27,16_17,11.5,0,0
2025-10-27,17_18,11.3,0,0
2025-10-27,18_19,10.2,0,0
2025-10-27,19_20,9.6,0,0
2025-10-27,20_21,8.9,0,0
2025-10-27,21_22,8.0,0,0
2025-10-27,22_23,7.1,0,0
2025-10-27,23_24,7.1,0,0
2025-10-27,24_28,5.6,0,0
2025-10-28,04_06,3.9,0,0
2025-10-28,06_07,3.4,0,0
2025-10-28,07_08,3.1,0,0
2025-10-28,08_09,3.3,0,0
2025-10-28,09_10,5.8,0,0
2025-10-28,10_11,8.5,0,0
2025-10-28,11_12,11.1,0,0
2025-10-28,12_13,11.9,0,0
2025-10-28,13_14,13.5,0,0
2025-10-28,14_15,14.0,0,0
2025-10-28,15_16,14.3,0,0
2025-10-28,16_17,13.5,0,0
2025-10-28,17_18,12.5,0,0
2025-10-28,18_19,11.5,0,0
2025-10-28,19_20,10.7,0,0
2025-10-28,20_21,9.7,0,0
2025-10-28,21_22,8.9,0,0
2025-10-28,22_23,8.3,0,0
2025-10-28,23_24,7.6,0,0
2025-10-28,24_28,6.9,0,0
2025-10-29,04_06,6.4,0,0
2025-10-29,06_07,6.4,0,0
2025-10-29,07_08,6.9,0,0
2025-10-29,08_09,7.4,0,0
2025-10-29,09_10,8.8,0,0
2025-10-29,10_11,10.5,0,0
2025-10-29,11_12,13.0,0,0
2025-10-29,12_13,14.6,0,0
2025-10-29,13_14,16.4,0,0
2025-10-29,14_15,17.3,0,0
2025-10-29,15_16,18.2,0,0
2025-10-29,16_17,17.6,0,0
2025-10-29,17_18,16.8,0,0
2025-10-29,18_19,14.8,0,0
2025-10-29,19_20,13.6,0,0
2025-10-29,20_21,12.6,0,0
2025-10-29,21_22,12.0,0,0
2025-10-29,22_23,11.3,0,0
2025-10-29,23_24,10.8,0,0
2025-10-29,24_28,9.4,0,0
2025-10-30,04_06,8.4,0,0
2025-10-30,06_07,7.9,0,0
2025-10-30,07_08,7.8,0,0
2025-10-30,08_09,8.4,0,0
2025-10-30,09_10,10.5,0,0
2025-10-30,10_11,12.8,0,0
2025-10-30,11_12,14.5,0,0
2025-10-30,12_13,15.9,0,0
2025-10-30,13_14,17.6,0,0
2025-10-30,14_15,18.1,0,0
2025-10-30,15_16,17.8,0,0
2025-10-30,16_17,17.4,0,0
2025-10-30,17_18,16.6,0,0
2025-10-30,18_19,15.5,0,0
2025-10-30,19_20,14.7,0,0
2025-10-30,20_21,14.2,0,0
2025-10-30,21_22,13.7,0,0
2025-10-30,22_23,13.2,0,0
2025-10-30,23_24,12.8,0,0
2025-10-30,24_28,12.0,0,0
2025-10-31,04_06,11.4,0,0
2025-10-31,06_07,11.4,0,0
2025-10-31,07_08,11.3,0,0
2025-10-31,08_09,11.8,0,0
2025-10-31,09_10,13.1,0,0
2025-10-31,10_11,14.5,0,0
2025-10-31,11_12,15.9,0,0
2025-10-31,12_13,17.8,0,0
2025-10-31,13_14,19.3,0,0
2025-10-31,14_15,20.4,0,0
2025-10-31,15_16,20.5,0,0
2025-10-31,16_17,19.3,0,0
2025-10-31,17_18,18.2,0,0
2025-10-31,18_19,17.3,0,0
2025-10-31,19_20,16.8,0,0
2025-10-31,20_21,16.1,0,0
2025-10-31,21_22,15.6,0,0
2025-10-31,22_23,14.6,0,0
2025-10-31,23_24,13.9,1,0
2025-10-31,24_28,12.9,1,0
2025-11-01,04_06,12.2,0,0
2025-11-01,06_07,11.7,0,0
2025-11-01,07_08,10.8,0,0
2025-11-01,08_09,10.6,0,0
2025-11-01,09_10,11.8,0,0
2025-11-01,10_11,13.2,0,0
2025-11-01,11_12,14.2,0,0
2025-11-01,12_13,15.7,0,0
2025-11-01,13_14,16.6,0,0
2025-11-01,14_15,17.2,0,0
2025-11-01,15_16,17.3,0,0
2025-11-01,16_17,16.0,0,0
2025-11-01,17_18,15.0,1,0
2025-11-01,18_19,11.9,0,0
2025-11-01,19_20,11.6,0,0
2025-11-01,20_21,11.2,0,0
2025-11-01,21_22,11.3,0,0
2025-11-01,22_23,11.8,1,0
2025-11-01,23_24,11.4,0,0
2025-11-01,24_28,9.6,1,0
2025-11-02,04_06,8.5,0,0
2025-11-02,06_07,8.4,0,0
2025-11-02,07_08,8.1,0,0
2025-11-02,08_09,7.9,0,0
2025-11-02,09_10,8.6,0,0
2025-11-02,10_11,9.6,0,0
2025-11-02,11_12,10.6,0,0
2025-11-02,12_13,10.7,0,0
2025-11-02,13_14,10.9,0,0
2025-11-02,14_15,11.2,0,0
2025-11-02,15_16,10.6,0,0
2025-11-02,16_17,10.4,0,0
2025-11-02,17_18,9.4,0,0
2025-11-02,18_19,7.8,0,0
2025-11-02,19_20,7.1,0,0
2025-11-02,20_21,6.5,0,0
2025-11-02,21_22,5.6,0,0
2025-11-02,22_23,4.8,0,0
2025-11-02,23_24,4.2,0,0
2025-11-02,24_28,3.0,0,0
2025-11-03,04_06,1.2,0,0
2025-11-03,06_07,0.8,0,0
2025-11-03,07_08,0.8,0,0
2025-11-03,08_09,1.0,0,0
2025-11-03,09_10,3.8,0,0
2025-11-03,10_11,7.2,0,0
2025-11-03,11_12,9.0,0,0
2025-11-03,12_13,11.0,0,0
2025-11-03,13_14,12.2,0,0
2025-11-03,14_15,13.4,0,0
2025-11-03,15_16,14.5,0,0
2025-11-03,16_17,14.3,0,0
2025-11-03,17_18,13.0,0,0
2025-11-03,18_19,10.9,0,0
2025-11-03,19_20,9.5,0,0
2025-11-03,20_21,8.7,0,0
2025-11-03,21_22,7.8,0,0
2025-11-03,22_23,7.6,0,0
2025-11-03,23_24,7.0,0,0
2025-11-03,24_28,6.6,0,0
2025-11-04,04_06,6.0,0,0
2025-11-04,06_07,5.7,0,0
2025-11-04,07_08,5.7,0,0
2025-11-04,08_09,6.3,0,0
2025-11-04,09_10,8.1,0,0
2025-11-04,10_11,10.7,0,0
2025-11-04,11_12,12.8,0,0
2025-11-04,12_13,14.6,0,0
2025-11-04,13_14,15.2,0,0
2025-11-04,14_15,15.7,0,0
2025-11-04,15_16,16.2,0,0
2025-11-04,16_17,15.3,0,0
2025-11-04,17_18,14.0,0,0
2025-11-04,18_19,12.4,0,0
2025-11-04,19_20,11.3,0,0
2025-11-04,20_21,10.3,0,0
2025-11-04,21_22,9.6,0,0
2025-11-04,22_23,9.0,0,0
2025-11-04,23_24,8.7,0,0
2025-11-04,24_28,7.6,0,0
2025-11-05,04_06,6.6,0,0
2025-11-05,06_07,6.1,0,0
2025-11-05,07_08,5.7,0,0
2025-11-05,08_09,5.9,0,0
2025-11-05,09_10,8.1,0,0
2025-11-05,10_11,11.2,0,0
2025-11-05,11_12,14.1,0,0
2025-11-05,12_13,16.0,0,0
2025-11-05,13_14,16.8,0,0
2025-11-05,14_15,18.5,0,0
2025-11-05,15_16,18.7,0,0
2025-11-05,16_17,18.7,0,0
2025-11-05,17_18,17.3,0,0
2025-11-05,18_19,15.1,0,0
2025-11-05,19_20,13.5,0,0
2025-11-05,20_21,12.7,0,0
2025-11-05,21_22,11.9,0,0
2025-11-05,22_23,11.5,0,0
2025-11-05,23_24,10.7,0,0
2025-11-05,24_28,9.5,0,0
2025-11-06,04_06,8.0,0,0
2025-11-06,06_07,7.8,0,0
2025-11-06,07_08,7.5,0,0
2025-11-06,08_09,7.6,0,0
2025-11-06,09_10,9.1,0,0
2025-11-06,10_11,11.2,0,0
2025-11-06,11_12,13.4,0,0
2025-11-06,12_13,16.1,0,0
2025-11-06,13_14,17.4,0,0
2025-11-06,14_15,18.1,0,0
2025-11-06,15_16,18.5,0,0
2025-11-06,16_17,17.8,0,0
2025-11-06,17_18,16.7,0,0
2025-11-06,18_19,15.4,0,0
2025-11-06,19_20,14.2,0,0
2025-11-06,20_21,13.7,0,0
2025-11-06,21_22,13.1,0,0
2025-11-06,22_23,12.6,0,0
2025-11-06,23_24,12.0,0,0
2025-11-06,24_28,10.4,0,0
2025-11-07,04_06,9.1,0,0
2025-11-07,06_07,9.1,0,0
2025-11-07,07_08,8.6,0,0
2025-11-07,08_09,9.0,0,0
2025-11-07,09_10,10.7,0,0
2025-11-07,10_11,13.2,0,0
2025-11-07,11_12,15.5,0,0
2025-11-07,12_13,17.0,0,0
2025-11-07,13_14,18.4,0,0
2025-11-07,14_15,19.5,0,0
2025-11-07,15_16,19.9,0,0
2025-11-07,16_17,19.9,0,0
2025-11-07,17_18,18.6,0,0
2025-11-07,18_19,16.8,0,0
2025-11-07,19_20,15.5,0,0
2025-11-07,20_21,14.5,0,0
2025-11-07,21_22,14.5,0,0
2025-11-07,22_23,14.1,0,0
2025-11-07,23_24,13.8,0,0
2025-11-07,24_28,12.9,0,0
2025-11-08,04_06,12.5,0,0
2025-11-08,06_07,12.8,0,0
2025-11-08,07_08,12.9,0,0
2025-11-08,08_09,13.1,0,0
2025-11-08,09_10,13.9,0,0
2025-11-08,10_11,14.9,0,0
2025-11-08,11_12,15.2,0,0
2025-11-08,12_13,16.0,0,0
2025-11-08,13_14,16.8,0,0
2025-11-08,14_15,16.9,0,0
2025-11-08,15_16,17.0,0,0
2025-11-08,16_17,16.8,0,0
2025-11-08,17_18,16.4,0,0
2025-11-08,18_19,15.8,0,0
2025-11-08,19_20,15.4,0,0
2025-11-08,20_21,15.0,0,0
2025-11-08,21_22,14.7,0,0
2025-11-08,22_23,14.3,0,0
2025-11-08,23_24,14.0,0,0
2025-11-08,24_28,12.7,0,0
2025-11-09,04_06,12.7,0,0
2025-11-09,06_07,12.3,0,0
2025-11-09,07_08,11.3,0,0
2025-11-09,08_09,11.0,0,0
2025-11-09,09_10,12.3,0,0
2025-11-09,10_11,13.9,0,0
2025-11-09,11_12,15.0,0,0
2025-11-09,12_13,16.4,0,0
2025-11-09,13_14,17.5,0,0
2025-11-09,14_15,17.1,0,0
2025-11-09,15_16,17.2,0,0
2025-11-09,16_17,16.1,0,0
2025-11-09,17_18,14.9,0,0
2025-11-09,18_19,14.0,0,0
2025-11-09,19_20,13.7,0,0
2025-11-09,20_21,13.3,0,0
2025-11-09,21_22,12.8,0,0
2025-11-09,22_23,11.7,0,0
2025-11-09,23_24,11.0,0,0
2025-11-09,24_28,9.5,0,0
2025-11-10,04_06,6.6,0,0
2025-11-10,06_07,5.9,0,0
2025-11-10,07_08,5.5,0,0
2025-11-10,08_09,6.0,0,0
2025-11-10,09_10,7.2,0,0
2025-11-10,10_11,8.6,0,0
2025-11-10,11_12,10.0,0,0
2025-11-10,12_13,10.5,0,0
2025-11-10,13_14,11.1,0,0
2025-11-10,14_15,11.5,0,0
2025-11-10,15_16,12.3,0,0
2025-11-10,16_17,11.8,0,0
2025-11-10,17_18,10.2,0,0
2025-11-10,18_19,9.0,0,0
2025-11-10,19_20,8.2,0,0
2025-11-10,20_21,7.8,0,0
2025-11-10,21_22,7.3,0,0
2025-11-10,22_23,6.9,0,0
2025-11-10,23_24,6.4,0,0
2025-11-10,24_28,4.7,0,0
2025-11-11,04_06,4.1,0,0
2025-11-11,06_07,4.3,0,0
2025-11-11,07_08,4.1,0,0
2025-11-11,08_09,4.2,0,0
2025-11-11,09_10,5.9,0,0
2025-11-11,10_11,9.0,0,0
2025-11-11,11_12,11.9,0,0
2025-11-11,12_13,13.1,0,0
2025-11-11,13_14,13.7,0,0
2025-11-11,14_15,15.1,0,0
2025-11-11,15_16,14.8,0,0
2025-11-11,16_17,14.2,0,0
2025-11-11,17_18,12.8,0,0
2025-11-11,18_19,11.7,0,0
2025-11-11,19_20,10.9,0,0
2025-11-11,20_21,10.1,0,0
2025-11-11,21_22,9.3,0,0
2025-11-11,22_23,8.8,0,0
2025-11-11,23_24,8.7,0,0
2025-11-11,24_28,7.5,0,0
2025-11-12,04_06,6.4,0,0
2025-11-12,06_07,6.0,0,0
2025-11-12,07_08,6.0,0,0
2025-11-12,08_09,6.6,0,0
2025-11-12,09_10,8.0,0,0
2025-11-12,10_11,10.4,0,0
2025-11-12,11_12,12.9,0,0
2025-11-12,12_13,15.0,0,0
2025-11-12,13_14,16.8,0,0
2025-11-12,14_15,17.1,0,0
2025-11-12,15_16,17.7,0,0
2025-11-12,16_17,16.9,0,0
2025-11-12,17_18,15.1,0,0
2025-11-12,18_19,13.5,0,0
2025-11-12,19_20,12.4,0,0
2025-11-12,20_21,11.3,0,0
2025-11-12,21_22,10.6,0,0
2025-11-12,22_23,9.6,0,0
2025-11-12,23_24,8.8,0,0
2025-11-12,24_28,7.6,0,0
2025-11-13,04_06,7.0,0,0
2025-11-13,06_07,7.6,0,0
2025-11-13,07_08,7.7,0,0
2025-11-13,08_09,8.1,0,0
2025-11-13,09_10,9.3,0,0
2025-11-13,10_11,10.8,0,0
2025-11-13,11_12,13.0,0,0
2025-11-13,12_13,15.5,0,0
2025-11-13,13_14,16.6,0,0
2025-11-13,14_15,16.9,0,0
2025-11-13,15_16,17.3,0,0
2025-11-13,16_17,16.3,0,0
2025-11-13,17_18,14.6,0,0
2025-11-13,18_19,13.4,0,0
2025-11-13,19_20,12.3,0,0
2025-11-13,20_21,11.6,0,0
2025-11-13,21_22,11.0,0,0
2025-11-13,22_23,9.9,0,0
2025-11-13,23_24,8.7,0,0
2025-11-13,24_28,7.0,0,0
2025-11-14,04_06,5.8,0,0
2025-11-14,06_07,5.2,0,0
2025-11-14,07_08,4.9,0,0
2025-11-14,08_09,4.6,0,0
2025-11-14,09_10,6.7,0,0
2025-11-14,10_11,9.6,0,0
2025-11-14,11_12,11.5,0,0
2025-11-14,12_13,12.6,0,0
2025-11-14,13_14,13.5,0,0
2025-11-14,14_15,14.8,0,0
2025-11-14,15_16,14.6,0,0
2025-11-14,16_17,14.3,0,0
2025-11-14,17_18,12.6,0,0
2025-11-14,18_19,11.2,0,0
2025-11-14,19_20,10.3,0,0
2025-11-14,20_21,9.5,0,0
2025-11-14,21_22,8.9,0,0
2025-11-14,22_23,8.1,0,0
2025-11-14,23_24,7.5,0,0
2025-11-14,24_28,6.2,0,0
2025-11-15,04_06,5.1,0,0
2025-11-15,06_07,4.5,0,0
2025-11-15,07_08,3.9,0,0
2025-11-15,08_09,3.7,0,0
2025-11-15,09_10,5.9,0,0
2025-11-15,10_11,8.7,0,0
2025-11-15,11_12,11.3,0,0
2025-11-15,12_13,14.2,0,0
2025-11-15,13_14,15.0,0,0
2025-11-15,14_15,16.7,0,0
2025-11-15,15_16,17.3,0,0
2025-11-15,16_17,16.9,0,0
2025-11-15,17_18,14.7,0,0
2025-11-15,18_19,13.0,0,0
2025-11-15,19_20,11.7,0,0
2025-11-15,20_21,10.6,0,0
2025-11-15,21_22,9.5,0,0
2025-11-15,22_23,8.9,0,0
2025-11-15,23_24,8.6,0,0
2025-11-15,24_28,7.2,0,0
2025-11-16,04_06,6.4,0,0
2025-11-16,06_07,5.8,0,0
2025-11-16,07_08,5.7,0,0
2025-11-16,08_09,5.7,0,0
2025-11-16,09_10,7.6,0,0
2025-11-16,10_11,10.5,0,0
2025-11-16,11_12,12.8,0,0
2025-11-16,12_13,16.5,0,0
2025-11-16,13_14,17.8,0,0
2025-11-16,14_15,18.4,0,0
2025-11-16,15_16,17.4,0,0
2025-11-16,16_17,16.6,0,0
2025-11-16,17_18,15.7,0,0
2025-11-16,18_19,15.1,0,0
2025-11-16,19_20,14.9,1,0
2025-11-16,20_21,14.8,1,0
2025-11-16,21_22,14.1,0,0
2025-11-16,22_23,13.9,0,0
2025-11-16,23_24,12.5,0,0
2025-11-16,24_28,8.0,0,0
2025-11-17,04_06,4.9,0,0
2025-11-17,06_07,4.1,0,0
2025-11-17,07_08,3.7,0,0
2025-11-17,08_09,3.3,0,0
2025-11-17,09_10,3.2,0,0
2025-11-17,10_11,3.8,0,0
2025-11-17,11_12,3.8,0,0
2025-11-17,12_13,3.8,0,0
2025-11-17,13_14,4.6,0,0
2025-11-17,14_15,4.7,0,0
2025-11-17,15_16,5.2,0,0
2025-11-17,16_17,5.1,0,0
2025-11-17,17_18,3.7,0,0
2025-11-17,18_19,3.0,0,0
2025-11-17,19_20,2.4,0,0
2025-11-17,20_21,1.4,0,0
2025-11-17,21_22,0.6,0,0
2025-11-17,22_23,0.2,0,0
2025-11-17,23_24,-0.1,0,0
2025-11-17,24_28,-1.2,0,0
2025-11-18,04_06,-1.8,0,0
2025-11-18,06_07,-2.0,0,0
2025-11-18,07_08,-1.7,0,0
2025-11-18,08_09,-1.9,0,0
2025-11-18,09_10,-0.9,0,0
2025-11-18,10_11,1.1,0,0
2025-11-18,11_12,2.9,0,0
2025-11-18,12_13,4.3,0,0
2025-11-18,13_14,5.4,0,0
2025-11-18,14_15,5.7,0,0
2025-11-18,15_16,6.3,0,0
2025-11-18,16_17,5.3,0,0
2025-11-18,17_18,4.3,0,0
2025-11-18,18_19,3.4,0,0
2025-11-18,19_20,3.0,0,0
2025-11-18,20_21,2.6,0,0
2025-11-18,21_22,2.1,0,0
2025-11-18,22_23,2.2,0,0
2025-11-18,23_24,1.6,0,0
2025-11-18,24_28,0.2,0,0
2025-11-19,04_06,-1.0,0,0
2025-11-19,06_07,-1.2,0,0
2025-11-19,07_08,-1.4,0,0
2025-11-19,08_09,-1.4,0,0
2025-11-19,09_10,0.0,0,0
2025-11-19,10_11,3.3,0,0
2025-11-19,11_12,4.9,0,0
2025-11-19,12_13,6.5,0,0
2025-11-19,13_14,7.5,0,0
2025-11-19,14_15,8.3,0,0
2025-11-19,15_16,8.5,0,0
2025-11-19,16_17,8.0,0,0
2025-11-19,17_18,6.3,0,0
2025-11-19,18_19,5.1,0,0
2025-11-19,19_20,4.3,0,0
2025-11-19,20_21,3.8,0,0
2025-11-19,21_22,3.2,0,0
2025-11-19,22_23,2.7,0,0
2025-11-19,23_24,2.4,0,0
2025-11-19,24_28,2.1,0,0
2025-11-20,04_06,3.2,0,0
2025-11-20,06_07,3.6,0,0
2025-11-20,07_08,3.7,0,0
2025-11-20,08_09,4.0,0,0
2025-11-20,09_10,5.0,0,0
2025-11-20,10_11,7.4,0,0
2025-11-20,11_12,9.8,0,0
2025-11-20,12_13,12.2,0,0
2025-11-20,13_14,13.2,0,0
2025-11-20,14_15,13.7,0,0
2025-11-20,15_16,14.6,0,0
2025-11-20,16_17,13.9,0,0
2025-11-20,17_18,11.9,0,0
2025-11-20,18_19,10.7,0,0
2025-11-20,19_20,9.4,0,0
2025-11-20,20_21,8.1,0,0
2025-11-20,21_22,7.0,0,0
2025-11-20,22_23,5.5,0,0
2025-11-20,23_24,4.6,0,0
2025-11-20,24_28,2.9,0,0
2025-11-21,04_06,1.6,0,0
2025-11-21,06_07,1.4,0,0
2025-11-21,07_08,1.0,0,0
2025-11-21,08_09,1.2,0,0
2025-11-21,09_10,3.0,0,0
2025-11-21,10_11,6.3,0,0
2025-11-21,11_12,8.8,0,0
2025-11-21,12_13,10.8,0,0
2025-11-21,13_14,11.5,0,0
2025-11-21,14_15,12.3,0,0
2025-11-21,15_16,11.3,0,0
2025-11-21,16_17,11.4,0,0
2025-11-21,17_18,10.5,0,0
2025-11-21,18_19,10.4,0,0
2025-11-21,19_20,10.3,0,0
2025-11-21,20_21,10.2,0,0
2025-11-21,21_22,10.5,0,0
2025-11-21,22_23,10.2,0,0
2025-11-21,23_24,9.7,0,0
2025-11-21,24_28,8.3,0,0
2025-11-22,04_06,6.8,0,0
2025-11-22,06_07,6.2,0,0
2025-11-22,07_08,5.7,0,0
2025-11-22,08_09,5.5,0,0
2025-11-22,09_10,6.7,0,0
2025-11-22,10_11,7.9,0,0
2025-11-22,11_12,10.6,0,0
2025-11-22,12_13,13.5,0,0
2025-11-22,13_14,13.2,0,0
2025-11-22,14_15,14.5,0,0
2025-11-22,15_16,14.8,0,0
2025-11-22,16_17,14.2,0,0
2025-11-22,17_18,12.7,0,0
2025-11-22,18_19,11.7,0,0
2025-11-22,19_20,10.6,0,0
2025-11-22,20_21,9.6,0,0
2025-11-22,21_22,8.8,0,0
2025-11-22,22_23,8.9,0,0
2025-11-22,23_24,8.2,0,0
2025-11-22,24_28,7.2,0,0
2025-11-23,04_06,7.4,0,0
2025-11-23,06_07,8.1,0,0
2025-11-23,07_08,8.2,0,0
2025-11-23,08_09,8.3,0,0
2025-11-23,09_10,8.9,0,0
2025-11-23,10_11,9.8,0,0
2025-11-23,11_12,11.3,0,0
2025-11-23,12_13,12.6,0,0
2025-11-23,13_14,13.3,0,0
2025-11-23,14_15,13.9,0,0
2025-11-23,15_16,13.9,0,0
2025-11-23,16_17,14.1,0,0
2025-11-23,17_18,13.4,0,0
2025-11-23,18_19,13.0,0,0
2025-11-23,19_20,12.6,0,0
2025-11-23,20_21,12.4,0,0
2025-11-23,21_22,12.3,0,0
2025-11-23,22_23,12.5,0,0
2025-11-23,23_24,12.3,0,0
2025-11-23,24_28,11.8,0,0
2025-11-24,04_06,11.4,0,0
2025-11-24,06_07,11.3,0,0
2025-11-24,07_08,11.1,0,0
2025-11-24,08_09,10.4,0,0
2025-11-24,09_10,11.1,0,0
2025-11-24,10_11,12.1,0,0
2025-11-24,11_12,13.2,0,0
2025-11-24,12_13,14.3,0,0
2025-11-24,13_14,15.3,0,0
2025-11-24,14_15,16.4,0,0
2025-11-24,15_16,16.6,0,0
2025-11-24,16_17,16.0,0,0
2025-11-24,17_18,14.5,0,0
2025-11-24,18_19,13.2,0,0
2025-11-24,19_20,12.2,0,0
2025-11-24,20_21,11.6,0,0
2025-11-24,21_22,11.3,0,0
2025-11-24,22_23,10.7,0,0
2025-11-24,23_24,10.2,0,0
2025-11-24,24_28,9.0,0,0
2025-11-25,04_06,8.4,0,0
2025-11-25,06_07,8.6,1,0
2025-11-25,07_08,8.3,1,0
2025-11-25,08_09,8.2,1,0
2025-11-25,09_10,8.5,1,0
2025-11-25,10_11,8.1,0,0
2025-11-25,11_12,8.0,0,0
2025-11-25,12_13,8.6,0,0
2025-11-25,13_14,8.5,0,0
2025-11-25,14_15,7.9,0,0
2025-11-25,15_16,7.4,0,0
2025-11-25,16_17,6.9,0,0
2025-11-25,17_18,6.5,0,0
2025-11-25,18_19,6.3,0,0
2025-11-25,19_20,6.1,0,0
2025-11-25,20_21,5.9,0,0
2025-11-25,21_22,5.7,0,0
2025-11-25,22_23,5.7,0,0
2025-11-25,23_24,5.4,0,0
2025-11-25,24_28,5.2,0,0
2025-11-26,04_06,5.2,0,0
2025-11-26,06_07,4.4,0,0
2025-11-26,07_08,3.8,0,0
2025-11-26,08_09,3.5,0,0
2025-11-26,09_10,4.3,0,0
2025-11-26,10_11,6.9,0,0
2025-11-26,11_12,8.2,0,0
2025-11-26,12_13,9.9,0,0
2025-11-26,13_14,10.8,0,0
2025-11-26,14_15,9.5,0,0
2025-11-26,15_16,9.8,0,0
2025-11-26,16_17,9.6,0,0
2025-11-26,17_18,8.7,0,0
2025-11-26,18_19,7.7,0,0
2025-11-26,19_20,6.7,0,0
2025-11-26,20_21,6.2,0,0
2025-11-26,21_22,5.6,0,0
2025-11-26,22_23,5.3,0,0
2025-11-26,23_24,5.0,0,0
2025-11-26,24_28,4.0,0,0
2025-11-27,04_06,4.5,0,0
2025-11-27,06_07,4.9,0,0
2025-11-27,07_08,5.4,1,0
2025-11-27,08_09,5.4,0,0
2025-11-27,09_10,6.0,1,0
2025-11-27,10_11,5.9,1,0
2025-11-27,11_12,6.2,1,0
2025-11-27,12_13,6.7,0,0
2025-11-27,13_14,8.4,1,0
2025-11-27,14_15,7.5,1,0
2025-11-27,15_16,6.4,0,0
2025-11-27,16_17,6.6,0,0
2025-11-27,17_18,6.7,0,0
2025-11-27,18_19,5.8,0,0
2025-11-27,19_20,4.9,0,0
2025-11-27,20_21,4.7,0,0
2025-11-27,21_22,4.5,0,0
2025-11-27,22_23,3.8,0,0
2025-11-27,23_24,2.9,0,0
2025-11-27,24_28,1.7,0,0
2025-11-28,04_06,-0.2,0,0
2025-11-28,06_07,-0.7,0,0
2025-11-28,07_08,-1.1,0,0
2025-11-28,08_09,-1.3,0,0
2025-11-28,09_10,-0.3,0,0
2025-11-28,10_11,1.5,0,0
2025-11-28,11_12,4.3,0,0
2025-11-28,12_13,4.7,0,0
2025-11-28,13_14,6.3,0,0
2025-11-28,14_15,6.7,0,0
2025-11-28,15_16,6.6,0,0
2025-11-28,16_17,6.5,0,0
2025-11-28,17_18,5.4,0,0
2025-11-28,18_19,4.3,0,0
2025-11-28,19_20,3.2,0,0
2025-11-28,20_21,2.4,0,0
2025-11-28,21_22,1.8,0,0
2025-11-28,22_23,1.5,0,0
2025-11-28,23_24,1.1,0,0
2025-11-28,24_28,0.8,0,0
2025-11-29,04_06,0.6,0,0
2025-11-29,06_07,0.4,0,0
2025-11-29,07_08,0.3,0,0
2025-11-29,08_09,0.5,0,0
2025-11-29,09_10,1.7,0,0
2025-11-29,10_11,4.2,0,0
2025-11-29,11_12,5.5,0,0
2025-11-29,12_13,6.9,0,0
2025-11-29,13_14,7.6,0,0
2025-11-29,14_15,8.8,0,0
2025-11-29,15_16,9.2,0,0
2025-11-29,16_17,8.9,0,0
2025-11-29,17_18,8.6,0,0
2025-11-29,18_19,8.6,0,0
2025-11-29,19_20,8.5,0,0
2025-11-29,20_21,8.7,0,0
2025-11-29,21_22,8.7,0,0
2025-11-29,22_23,8.9,1,0
2025-11-29,23_24,9.2,0,0
2025-11-29,24_28,9.5,0,0
2025-11-30,04_06,10.5,0,0
2025-11-30,06_07,10.1,0,0
2025-11-30,07_08,10.4,0,0
2025-11-30,08_09,9.9,0,0
2025-11-30,09_10,10.0,0,0
2025-11-30,10_11,11.8,0,0
2025-11-30,11_12,13.5,0,0
2025-11-30,12_13,13.9,0,0
2025-11-30,13_14,15.6,0,0
2025-11-30,14_15,15.8,0,0
2025-11-30,15_16,15.9,0,0
2025-11-30,16_17,15.6,0,0
2025-11-30,17_18,14.8,0,0
2025-11-30,18_19,13.9,0,0
2025-11-30,19_20,13.3,0,0
2025-11-30,20_21,13.3,0,0
2025-11-30,21_22,12.8,0,0
2025-11-30,22_23,12.6,0,0
2025-11-30,23_24,12.6,0,0
2025-11-30,24_28,10.2,0,0
2025-12-01,04_06,6.0,0,0
2025-12-01,06_07,4.8,0,0
2025-12-01,07_08,4.2,0,0
2025-12-01,08_09,3.8,0,0
2025-12-01,09_10,3.8,0,0
2025-12-01,10_11,4.5,0,0
2025-12-01,11_12,6.0,0,0
2025-12-01,12_13,6.6,0,0
2025-12-01,13_14,8.4,0,0
2025-12-01,14_15,8.9,0,0
2025-12-01,15_16,8.8,0,0
2025-12-01,16_17,8.6,0,0
2025-12-01,17_18,6.9,0,0
2025-12-01,18_19,5.9,0,0
2025-12-01,19_20,5.0,0,0
2025-12-01,20_21,4.5,0,0
2025-12-01,21_22,4.4,0,0
2025-12-01,22_23,3.8,0,0
2025-12-01,23_24,2.9,0,0
2025-12-01,24_28,2.4,0,0
2025-12-02,04_06,2.1,0,0
2025-12-02,06_07,1.3,0,0
2025-12-02,07_08,0.8,0,0
2025-12-02,08_09,0.4,0,0
2025-12-02,09_10,0.7,0,0
2025-12-02,10_11,1.6,0,0
2025-12-02,11_12,2.2,0,0
2025-12-02,12_13,2.7,0,0
2025-12-02,13_14,2.9,0,0
2025-12-02,14_15,2.9,0,0
2025-12-02,15_16,3.3,0,0
2025-12-02,16_17,1.8,0,0
2025-12-02,17_18,0.4,0,0
2025-12-02,18_19,-0.6,0,0
2025-12-02,19_20,-1.4,0,0
2025-12-02,20_21,-2.2,0,0
2025-12-02,21_22,-3.5,0,0
2025-12-02,22_23,-4.5,0,0
2025-12-02,23_24,-5.0,0,0
2025-12-02,24_28,-5.8,0,0
2025-12-03,04_06,-7.2,0,0
2025-12-03,06_07,-7.7,0,0
2025-12-03,07_08,-7.5,0,0
2025-12-03,08_09,-7.3,0,0
2025-12-03,09_10,-6.5,0,0
2025-12-03,10_11,-5.7,0,0
2025-12-03,11_12,-5.1,0,0
2025-12-03,12_13,-4.2,0,0
2025-12-03,13_14,-3.4,0,0
2025-12-03,14_15,-3.1,0,0
2025-12-03,15_16,-3.5,0,0
2025-12-03,16_17,-3.4,0,0
2025-12-03,17_18,-4.1,0,0
2025-12-03,18_19,-4.7,0,0
2025-12-03,19_20,-5.6,0,0
2025-12-03,20_21,-6.3,0,0
2025-12-03,21_22,-6.6,0,0
2025-12-03,22_23,-7.0,0,0
2025-12-03,23_24,-7.6,0,0
2025-12-03,24_28,-8.6,0,0
2025-12-04,04_06,-8.6,0,0
2025-12-04,06_07,-9.2,0,0
2025-12-04,07_08,-9.4,0,0
2025-12-04,08_09,-9.2,0,0
2025-12-04,09_10,-8.0,0,0
2025-12-04,10_11,-4.9,0,0
2025-12-04,11_12,-3.3,0,0
2025-12-04,12_13,-1.0,0,0
2025-12-04,13_14,0.6,0,0
2025-12-04,14_15,2.4,0,0
2025-12-04,15_16,3.3,0,0
2025-12-04,16_17,3.1,0,0
2025-12-04,17_18,1.9,0,0
2025-12-04,18_19,1.6,1,1
2025-12-04,19_20,0.4,1,1
2025-12-04,20_21,0.6,0,0
2025-12-04,21_22,-0.1,0,0
2025-12-04,22_23,-1.5,0,0
2025-12-04,23_24,-2.9,0,0
2025-12-04,24_28,-4.8,0,0
2025-12-05,04_06,-5.6,0,0
2025-12-05,06_07,-6.4,0,0
2025-12-05,07_08,-6.8,0,0
2025-12-05,08_09,-6.7,0,0
2025-12-05,09_10,-6.1,0,0
2025-12-05,10_11,-3.8,0,0
2025-12-05,11_12,-1.9,0,0
2025-12-05,12_13,-0.7,0,0
2025-12-05,13_14,0.3,0,0
2025-12-05,14_15,1.0,0,0
2025-12-05,15_16,1.6,0,0
2025-12-05,16_17,2.0,0,0
2025-12-05,17_18,0.9,0,0
2025-12-05,18_19,0.0,0,0
2025-12-05,19_20,-0.8,0,0
2025-12-05,20_21,-1.6,0,0
2025-12-05,21_22,-1.9,0,0
2025-12-05,22_23,-1.6,0,0
2025-12-05,23_24,-2.0,0,0
2025-12-05,24_28,-1.3,0,0
2025-12-06,04_06,-0.6,0,0
2025-12-06,06_07,-0.8,0,0
2025-12-06,07_08,-0.7,0,0
2025-12-06,08_09,-0.9,0,0
2025-12-06,09_10,-0.1,0,0
2025-12-06,10_11,1.4,0,0
2025-12-06,11_12,2.5,0,0
2025-12-06,12_13,2.7,0,0
2025-12-06,13_14,3.3,0,0
2025-12-06,14_15,3.8,0,0
2025-12-06,15_16,4.0,1,0
2025-12-06,16_17,4.4,1,0
2025-12-06,17_18,4.3,1,0
2025-12-06,18_19,4.1,0,0
2025-12-06,19_20,3.8,0,0
2025-12-06,20_21,3.7,0,0
2025-12-06,21_22,3.7,0,0
2025-12-06,22_23,4.0,0,0
2025-12-06,23_24,3.9,0,0
2025-12-06,24_28,4.8,0,0
2025-12-07,04_06,4.9,0,0
2025-12-07,06_07,4.2,0,0
2025-12-07,07_08,3.9,0,0
2025-12-07,08_09,3.4,0,0
2025-12-07,09_10,3.6,0,0
2025-12-07,10_11,5.6,0,0
2025-12-07,11_12,8.1,0,0
2025-12-07,12_13,11.4,0,0
2025-12-07,13_14,12.8,0,0
2025-12-07,14_15,13.3,0,0
2025-12-07,15_16,12.9,0,0
2025-12-07,16_17,12.3,0,0
2025-12-07,17_18,12.0,0,0
2025-12-07,18_19,11.5,0,0
2025-12-07,19_20,11.1,0,0
2025-12-07,20_21,11.0,0,0
2025-12-07,21_22,10.1,0,0
2025-12-07,22_23,9.0,0,0
2025-12-07,23_24,8.2,0,0
2025-12-07,24_28,5.8,0,0
2025-12-08,04_06,3.2,0,0
2025-12-08,06_07,2.4,0,0
2025-12-08,07_08,1.8,0,0
2025-12-08,08_09,1.3,0,0
2025-12-08,09_10,2.0,0,0
2025-12-08,10_11,2.8,0,0
2025-12-08,11_12,3.8,0,0
2025-12-08,12_13,4.8,0,0
2025-12-08,13_14,6.2,0,0
2025-12-08,14_15,6.4,0,0
2025-12-08,15_16,7.3,0,0
2025-12-08,16_17,6.4,0,0
2025-12-08,17_18,4.8,0,0
2025-12-08,18_19,3.7,0,0
2025-12-08,19_20,2.9,0,0
2025-12-08,20_21,2.3,0,0
2025-12-08,21_22,1.7,0,0
2025-12-08,22_23,1.4,0,0
2025-12-08,23_24,1.4,0,0
2025-12-08,24_28,-0.3,0,0
2025-12-09,04_06,-1.7,0,0
2025-12-09,06_07,-1.7,0,0
2025-12-09,07_08,-2.2,0,0
2025-12-09,08_09,-2.3,0,0
2025-12-09,09_10,-0.7,0,0
2025-12-09,10_11,2.4,0,0
2025-12-09,11_12,4.0,0,0
2025-12-09,12_13,5.1,0,0
2025-12-09,13_14,6.1,0,0
2025-12-09,14_15,8.3,0,0
2025-12-09,15_16,8.1,0,0
2025-12-09,16_17,7.8,0,0
2025-12-09,17_18,6.9,0,0
2025-12-09,18_19,6.3,0,0
2025-12-09,19_20,5.4,0,0
2025-12-09,20_21,4.7,0,0
2025-12-09,21_22,4.0,0,0
2025-12-09,22_23,3.5,0,0
2025-12-09,23_24,3.1,0,0
2025-12-09,24_28,2.2,0,0
2025-12-10,04_06,1.4,0,0
2025-12-10,06_07,0.8,0,0
2025-12-10,07_08,0.7,0,0
2025-12-10,08_09,1.1,0,0
2025-12-10,09_10,2.4,0,0
2025-12-10,10_11,3.4,0,0
2025-12-10,11_12,4.8,0,0
2025-12-10,12_13,5.8,0,0
2025-12-10,13_14,6.9,0,0
2025-12-10,14_15,7.9,0,0
2025-12-10,15_16,8.5,0,0
2025-12-10,16_17,8.4,0,0
2025-12-10,17_18,8.0,0,0
2025-12-10,18_19,7.4,0,0
2025-12-10,19_20,7.5,0,0
2025-12-10,20_21,7.4,0,0
2025-12-10,21_22,7.1,0,0
2025-12-10,22_23,6.4,0,0
2025-12-10,23_24,5.6,0,0
2025-12-10,24_28,5.1,1,0
2025-12-11,04_06,5.2,1,0
2025-12-11,06_07,5.2,1,0
2025-12-11,07_08,5.2,0,0
2025-12-11,08_09,5.5,0,0
2025-12-11,09_10,6.0,0,0
2025-12-11,10_11,7.0,0,0
2025-12-11,11_12,7.4,0,0
2025-12-11,12_13,7.3,0,0
2025-12-11,13_14,7.4,0,0
2025-12-11,14_15,7.9,0,0
2025-12-11,15_16,7.5,0,0
2025-12-11,16_17,6.2,0,0
2025-12-11,17_18,4.1,0,0
2025-12-11,18_19,2.6,0,0
2025-12-11,19_20,1.4,0,0
2025-12-11,20_21,0.5,0,0
2025-12-11,21_22,-0.3,0,0
2025-12-11,22_23,-0.9,0,0
2025-12-11,23_24,-1.2,0,0
2025-12-11,24_28,-2.5,0,0
2025-12-12,04_06,-3.3,0,0
2025-12-12,06_07,-3.5,0,0
2025-12-12,07_08,-3.1,0,0
2025-12-12,08_09,-2.9,0,0
2025-12-12,09_10,-2.1,0,0
2025-12-12,10_11,1.4,0,0
2025-12-12,11_12,3.6,0,0
2025-12-12,12_13,4.7,0,0
2025-12-12,13_14,6.6,0,0
2025-12-12,14_15,6.8,0,0
2025-12-12,15_16,6.9,0,0
2025-12-12,16_17,6.7,0,0
2025-12-12,17_18,6.2,0,0
2025-12-12,18_19,5.5,0,0
2025-12-12,19_20,5.1,0,0
2025-12-12,20_21,4.5,0,0
2025-12-12,21_22,4.3,0,0
2025-12-12,22_23,4.3,0,0
2025-12-12,23_24,4.1,0,0
2025-12-12,24_28,3.7,0,0
2025-12-13,04_06,4.0,0,0
2025-12-13,06_07,3.8,0,0
2025-12-13,07_08,4.2,0,0
2025-12-13,08_09,4.3,0,0
2025-12-13,09_10,4.5,1,0
2025-12-13,10_11,4.2,1,0
2025-12-13,11_12,3.9,1,0
2025-12-13,12_13,3.9,1,0
2025-12-13,13_14,3.8,1,0
2025-12-13,14_15,3.5,1,0
2025-12-13,15_16,3.6,1,0
2025-12-13,16_17,3.0,1,0
2025-12-13,17_18,1.9,1,0
2025-12-13,18_19,1.7,1,0
2025-12-13,19_20,1.3,1,1
2025-12-13,20_21,0.6,1,1
2025-12-13,21_22,0.2,0,0
2025-12-13,22_23,0.1,0,0
2025-12-13,23_24,-0.2,0,0
2025-12-13,24_28,-0.9,1,1
2025-12-14,04_06,-0.8,0,1
2025-12-14,06_07,-1.0,0,0
2025-12-14,07_08,-0.9,0,0
2025-12-14,08_09,-0.9,0,0
2025-12-14,09_10,-1.1,0,0
2025-12-14,10_11,-0.8,0,0
2025-12-14,11_12,-0.1,0,0
2025-12-14,12_13,0.5,0,0
2025-12-14,13_14,1.1,0,0
2025-12-14,14_15,1.5,0,0
2025-12-14,15_16,2.2,0,0
2025-12-14,16_17,3.0,0,0
2025-12-14,17_18,2.0,0,0
2025-12-14,18_19,1.0,0,0
2025-12-14,19_20,0.3,0,0
2025-12-14,20_21,0.1,0,0
2025-12-14,21_22,-0.3,0,0
2025-12-14,22_23,-0.7,0,0
2025-12-14,23_24,-1.1,0,0
2025-12-14,24_28,-1.8,0,0
2025-12-15,04_06,-2.8,0,0
2025-12-15,06_07,-3.2,0,0
2025-12-15,07_08,-3.5,0,0
2025-12-15,08_09,-3.4,0,0
2025-12-15,09_10,-2.4,0,0
2025-12-15,10_11,0.2,0,0
2025-12-15,11_12,2.1,0,0
2025-12-15,12_13,3.0,0,0
2025-12-15,13_14,3.7,0,0
2025-12-15,14_15,3.9,0,0
2025-12-15,15_16,4.5,0,0
2025-12-15,16_17,4.2,0,0
2025-12-15,17_18,3.7,0,0
2025-12-15,18_19,2.6,0,0
2025-12-15,19_20,1.7,0,0
2025-12-15,20_21,1.2,0,0
2025-12-15,21_22,1.1,0,0
2025-12-15,22_23,1.4,0,0
2025-12-15,23_24,1.7,0,0
2025-12-15,24_28,2.2,0,0
2025-12-16,04_06,2.4,0,0
2025-12-16,06_07,2.6,0,0
2025-12-16,07_08,3.0,0,0
2025-12-16,08_09,3.2,0,0
2025-12-16,09_10,3.5,0,0
2025-12-16,10_11,3.6,1,0
2025-12-16,11_12,3.7,1,0
2025-12-16,12_13,3.6,1,0
2025-12-16,13_14,3.8,0,0
2025-12-16,14_15,4.1,1,0
2025-12-16,15_16,4.2,1,0
2025-12-16,16_17,4.3,1,0
2025-12-16,17_18,4.4,1,0
2025-12-16,18_19,4.4,0,0
2025-12-16,19_20,4.4,0,0
2025-12-16,20_21,4.5,0,0
2025-12-16,21_22,4.6,0,0
2025-12-16,22_23,4.7,0,0
2025-12-16,23_24,4.9,0,0
2025-12-16,24_28,5.0,0,0
2025-12-17,04_06,4.6,0,0
2025-12-17,06_07,4.3,0,0
2025-12-17,07_08,3.7,0,0
2025-12-17,08_09,3.2,0,0
2025-12-17,09_10,3.2,0,0
2025-12-17,10_11,3.6,0,0
2025-12-17,11_12,4.7,0,0
2025-12-17,12_13,5.6,0,0
2025-12-17,13_14,6.2,0,0
2025-12-17,14_15,6.6,0,0
2025-12-17,15_16,7.3,0,0
2025-12-17,16_17,6.9,0,0
2025-12-17,17_18,5.7,0,0
2025-12-17,18_19,4.4,0,0
2025-12-17,19_20,3.9,0,0
2025-12-17,20_21,3.3,0,0
2025-12-17,21_22,2.9,0,0
2025-12-17,22_23,2.2,0,0
2025-12-17,23_24,1.7,0,0
2025-12-17,24_28,0.5,0,0
2025-12-18,04_06,-1.2,0,0
2025-12-18,06_07,-1.6,0,0
2025-12-18,07_08,-1.5,0,0
2025-12-18,08_09,-1.9,0,0
2025-12-18,09_10,-1.2,0,0
2025-12-18,10_11,1.5,0,0
2025-12-18,11_12,3.9,0,0
2025-12-18,12_13,5.0,0,0
2025-12-18,13_14,6.3,0,0
2025-12-18,14_15,8.4,0,0
2025-12-18,15_16,8.0,0,0
2025-12-18,16_17,7.7,0,0
2025-12-18,17_18,6.3,0,0
2025-12-18,18_19,5.0,0,0
2025-12-18,19_20,3.9,0,0
2025-12-18,20_21,2.8,0,0
2025-12-18,21_22,2.1,0,0
2025-12-18,22_23,1.6,0,0
2025-12-18,23_24,1.9,0,0
2025-12-18,24_28,0.9,0,0
2025-12-19,04_06,-0.2,0,0
2025-12-19,06_07,-0.6,0,0
2025-12-19,07_08,-0.4,0,0
2025-12-19,08_09,0.7,0,0
2025-12-19,09_10,1.6,0,0
2025-12-19,10_11,2.5,0,0
2025-12-19,11_12,3.7,0,0
2025-12-19,12_13,5.7,0,0
2025-12-19,13_14,7.5,0,0
2025-12-19,14_15,8.6,0,0
2025-12-19,15_16,9.3,0,0
2025-12-19,16_17,9.9,0,0
2025-12-19,17_18,8.8,0,0
2025-12-19,18_19,7.7,0,0
2025-12-19,19_20,6.8,0,0
2025-12-19,20_21,6.7,0,0
2025-12-19,21_22,7.2,0,0
2025-12-19,22_23,7.2,0,0
2025-12-19,23_24,7.4,0,0
2025-12-19,24_28,7.6,0,0
2025-12-20,04_06,7.8,0,0
2025-12-20,06_07,8.2,1,0
2025-12-20,07_08,8.4,0,0
2025-12-20,08_09,8.3,0,0
2025-12-20,09_10,8.6,0,0
2025-12-20,10_11,8.8,1,0
2025-12-20,11_12,9.0,0,0
2025-12-20,12_13,10.3,0,0
2025-12-20,13_14,10.7,0,0
2025-12-20,14_15,10.2,0,0
2025-12-20,15_16,9.5,1,0
2025-12-20,16_17,8.8,0,0
2025-12-20,17_18,8.6,0,0
2025-12-20,18_19,7.8,0,0
2025-12-20,19_20,7.0,0,0
2025-12-20,20_21,6.2,0,0
2025-12-20,21_22,4.9,0,0
2025-12-20,22_23,2.8,0,0
2025-12-20,23_24,1.8,0,0
2025-12-20,24_28,0.0,0,0
2025-12-21,04_06,-1.4,0,0
2025-12-21,06_07,-2.0,0,0
2025-12-21,07_08,-2.4,0,0
2025-12-21,08_09,-2.7,0,0
2025-12-21,09_10,-2.9,0,0
2025-12-21,10_11,-2.2,0,0
2025-12-21,11_12,-0.8,0,0
2025-12-21,12_13,0.3,0,0
2025-12-21,13_14,0.7,0,0
2025-12-21,14_15,1.5,0,0
2025-12-21,15_16,2.0,0,0
2025-12-21,16_17,1.7,0,0
2025-12-21,17_18,0.5,0,0
2025-12-21,18_19,-0.5,0,0
2025-12-21,19_20,-1.0,0,0
2025-12-21,20_21,-1.6,0,0
2025-12-21,21_22,-1.5,0,0
2025-12-21,22_23,-2.0,0,0
2025-12-21,23_24,-2.9,0,0
2025-12-21,24_28,-4.2,0,0
2025-12-22,04_06,-5.0,0,0
2025-12-22,06_07,-5.2,0,0
2025-12-22,07_08,-5.7,0,0
2025-12-22,08_09,-5.7,0,0
2025-12-22,09_10,-4.6,0,0
2025-12-22,10_11,-1.6,0,0
2025-12-22,11_12,0.1,0,0
2025-12-22,12_13,1.7,0,0
2025-12-22,13_14,3.0,0,0
2025-12-22,14_15,4.0,0,0
2025-12-22,15_16,4.7,0,0
2025-12-22,16_17,5.0,0,0
2025-12-22,17_18,3.5,0,0
2025-12-22,18_19,2.0,0,0
2025-12-22,19_20,1.0,0,0
2025-12-22,20_21,0.4,0,0
2025-12-22,21_22,0.3,0,0
2025-12-22,22_23,0.3,0,0
2025-12-22,23_24,-0.3,0,0
2025-12-22,24_28,0.2,0,0
2025-12-23,04_06,0.8,0,0
2025-12-23,06_07,1.4,0,0
2025-12-23,07_08,1.7,0,0
2025-12-23,08_09,2.2,0,0
2025-12-23,09_10,2.6,0,0
2025-12-23,10_11,3.4,0,0
2025-12-23,11_12,4.0,0,0
2025-12-23,12_13,4.1,1,0
2025-12-23,13_14,4.3,1,0
2025-12-23,14_15,2.4,1,0
2025-12-23,15_16,2.8,1,0
2025-12-23,16_17,2.7,1,0
2025-12-23,17_18,2.7,1,0
2025-12-23,18_19,2.7,1,0
2025-12-23,19_20,2.9,1,0
2025-12-23,20_21,3.1,1,0
2025-12-23,21_22,3.2,1,0
2025-12-23,22_23,3.4,0,0
2025-12-23,23_24,3.6,0,0
2025-12-23,24_28,3.5,0,0
2025-12-24,04_06,3.1,0,0
2025-12-24,06_07,2.8,0,0
2025-12-24,07_08,2.7,0,0
2025-12-24,08_09,2.4,0,0
2025-12-24,09_10,2.5,0,0
2025-12-24,10_11,2.6,0,0
2025-12-24,11_12,3.4,0,0
2025-12-24,12_13,4.6,0,0
2025-12-24,13_14,5.1,0,0
2025-12-24,14_15,5.3,0,0
2025-12-24,15_16,5.9,0,0
2025-12-24,16_17,5.5,0,0
2025-12-24,17_18,4.2,0,0
2025-12-24,18_19,3.1,0,0
2025-12-24,19_20,2.2,0,0
2025-12-24,20_21,1.5,0,0
2025-12-24,21_22,0.7,0,0
2025-12-24,22_23,0.3,0,0
2025-12-24,23_24,-0.4,0,0
2025-12-24,24_28,-1.2,0,0
2025-12-25,04_06,-2.4,0,0
2025-12-25,06_07,-2.8,0,0
2025-12-25,07_08,-3.0,0,0
2025-12-25,08_09,-3.3,0,0
2025-12-25,09_10,-3.1,0,0
2025-12-25,10_11,-2.0,0,0
2025-12-25,11_12,-1.0,0,0
2025-12-25,12_13,-0.3,0,0
2025-12-25,13_14,-0.6,0,0
2025-12-25,14_15,-0.3,0,0
2025-12-25,15_16,-0.7,0,0
2025-12-25,16_17,-1.3,0,0
2025-12-25,17_18,-3.1,0,0
2025-12-25,18_19,-4.4,0,0
2025-12-25,19_20,-5.3,0,0
2025-12-25,20_21,-6.4,0,0
2025-12-25,21_22,-7.0,0,0
2025-12-25,22_23,-7.8,0,0
2025-12-25,23_24,-8.3,0,0
2025-12-25,24_28,-9.6,0,0
2025-12-26,04_06,-10.8,0,0
2025-12-26,06_07,-11.4,0,0
2025-12-26,07_08,-11.6,0,0
2025-12-26,08_09,-11.8,0,0
2025-12-26,09_10,-11.3,0,0
2025-12-26,10_11,-10.3,0,0
2025-12-26,11_12,-8.9,0,0
2025-12-26,12_13,-7.6,0,0
2025-12-26,13_14,-6.4,0,0
2025-12-26,14_15,-4.9,0,0
2025-12-26,15_16,-4.0,0,0
2025-12-26,16_17,-4.2,0,0
2025-12-26,17_18,-5.4,0,0
2025-12-26,18_19,-6.1,0,0
2025-12-26,19_20,-6.5,0,0
2025-12-26,20_21,-6.8,0,0
2025-12-26,21_22,-7.1,0,0
2025-12-26,22_23,-7.7,0,0
2025-12-26,23_24,-7.9,0,0
2025-12-26,24_28,-7.5,0,0
2025-12-27,04_06,-6.6,0,0
2025-12-27,06_07,-6.7,0,0
2025-12-27,07_08,-6.6,0,0
2025-12-27,08_09,-6.1,0,0
2025-12-27,09_10,-5.5,0,0
2025-12-27,10_11,-3.6,0,0
2025-12-27,11_12,-2.3,0,0
2025-12-27,12_13,-1.1,0,0
2025-12-27,13_14,-0.5,0,0
2025-12-27,14_15,-0.2,0,0
2025-12-27,15_16,0.4,0,0
2025-12-27,16_17,0.4,0,0
2025-12-27,17_18,0.3,0,0
2025-12-27,18_19,-0.3,0,0
2025-12-27,19_20,-0.4,0,0
2025-12-27,20_21,-0.7,0,0
2025-12-27,21_22,-0.7,0,0
2025-12-27,22_23,-0.4,0,0
2025-12-27,23_24,-0.2,0,0
2025-12-27,24_28,0.2,0,0
2025-12-28,04_06,0.5,0,0
2025-12-28,06_07,0.5,0,0
2025-12-28,07_08,0.5,0,0
2025-12-28,08_09,0.6,0,0
2025-12-28,09_10,1.0,0,0
2025-12-28,10_11,2.1,0,0
2025-12-28,11_12,3.0,0,0
2025-12-28,12_13,3.8,0,0
2025-12-28,13_14,4.5,0,0
2025-12-28,14_15,5.3,0,0
2025-12-28,15_16,5.8,0,0
2025-12-28,16_17,5.8,0,0
2025-12-28,17_18,5.5,0,0
2025-12-28,18_19,4.9,0,0
2025-12-28,19_20,4.4,0,0
2025-12-28,20_21,4.4,1,0
2025-12-28,21_22,4.3,1,0
2025-12-28,22_23,4.3,1,0
2025-12-28,23_24,5.1,0,0
2025-12-28,24_28,4.6,0,0
2025-12-29,04_06,4.0,1,0
2025-12-29,06_07,3.9,0,0
2025-12-29,07_08,4.9,0,0
2025-12-29,08_09,5.1,0,0
2025-12-29,09_10,5.0,0,0
2025-12-29,10_11,6.1,0,0
2025-12-29,11_12,7.8,0,0
2025-12-29,12_13,8.6,0,0
2025-12-29,13_14,8.9,0,0
2025-12-29,14_15,9.0,0,0
2025-12-29,15_16,9.0,0,0
2025-12-29,16_17,8.2,0,0
2025-12-29,17_18,7.1,0,0
2025-12-29,18_19,5.8,0,0
2025-12-29,19_20,5.1,0,0
2025-12-29,20_21,4.0,0,0
2025-12-29,21_22,2.7,0,0
2025-12-29,22_23,1.5,0,0
2025-12-29,23_24,0.4,0,0
2025-12-29,24_28,-1.0,0,0
2025-12-30,04_06,-2.8,0,0
2025-12-30,06_07,-3.2,0,0
2025-12-30,07_08,-3.1,0,0
2025-12-30,08_09,-3.6,0,0
2025-12-30,09_10,-3.1,0,0
2025-12-30,10_11,-0.8,0,0
2025-12-30,11_12,0.3,0,0
2025-12-30,12_13,1.6,0,0
2025-12-30,13_14,2.5,0,0
2025-12-30,14_15,2.9,0,0
2025-12-30,15_16,3.4,0,0
2025-12-30,16_17,2.7,0,0
2025-12-30,17_18,1.7,0,0
2025-12-30,18_19,0.5,0,0
2025-12-30,19_20,-0.2,0,0
2025-12-30,20_21,-0.5,0,0
2025-12-30,21_22,-0.5,0,0
2025-12-30,22_23,-0.8,0,0
2025-12-30,23_24,-1.0,0,0
2025-12-30,24_28,-2.2,0,0
2025-12-31,04_06,-4.8,0,0
2025-12-31,06_07,-5.8,0,0
2025-12-31,07_08,-6.3,0,0
2025-12-31,08_09,-7.1,0,0
2025-12-31,09_10,-7.1,0,0
2025-12-31,10_11,-6.2,0,0
2025-12-31,11_12,-5.4,0,0
2025-12-31,12_13,-4.6,0,0
2025-12-31,13_14,-3.8,0,0
2025-12-31,14_15,-3.4,0,0
2025-12-31,15_16,-3.0,0,0
2025-12-31,16_17,-3.2,0,0
2025-12-31,17_18,-3.9,0,0
2025-12-31,18_19,-4.9,0,0
2025-12-31,19_20,-5.6,0,0
2025-12-31,20_21,-6.3,0,0
2025-12-31,21_22,-7.4,0,0
2025-12-31,22_23,-8.1,0,0
2025-12-31,23_24,-8.7,0,0
2025-12-31,24_28,-9.4,0,0
2026-01-01,04_06,-9.9,0,0
2026-01-01,06_07,-10.0,0,0
2026-01-01,07_08,-10.3,0,0
2026-01-01,08_09,-10.5,0,0
2026-01-01,09_10,-10.0,0,0
2026-01-01,10_11,-8.6,0,0
2026-01-01,11_12,-7.6,0,0
2026-01-01,12_13,-5.6,0,0
2026-01-01,13_14,-4.3,0,0
2026-01-01,14_15,-4.0,0,0
2026-01-01,15_16,-2.1,0,0
2026-01-01,16_17,-2.8,0,0
2026-01-01,17_18,-4.0,0,0
2026-01-01,18_19,-5.0,0,0
2026-01-01,19_20,-5.9,0,0
2026-01-01,20_21,-6.6,0,0
2026-01-01,21_22,-7.6,0,0
2026-01-01,22_23,-8.2,0,0
2026-01-01,23_24,-8.6,0,0
2026-01-01,24_28,-9.5,0,0
2026-01-02,04_06,-10.5,0,0
2026-01-02,06_07,-11.0,0,0
2026-01-02,07_08,-11.0,0,0
2026-01-02,08_09,-11.2,0,0
2026-01-02,09_10,-10.7,0,0
2026-01-02,10_11,-8.8,0,0
2026-01-02,11_12,-6.9,0,0
2026-01-02,12_13,-5.5,0,0
2026-01-02,13_14,-5.5,0,0
2026-01-02,14_15,-4.7,0,0
2026-01-02,15_16,-4.5,0,0
2026-01-02,16_17,-4.4,0,0
2026-01-02,17_18,-5.1,0,0
2026-01-02,18_19,-5.9,0,0
2026-01-02,19_20,-6.4,0,0
2026-01-02,20_21,-6.9,0,0
2026-01-02,21_22,-7.3,0,0
2026-01-02,22_23,-7.7,0,0
2026-01-02,23_24,-8.2,0,0
2026-01-02,24_28,-9.1,0,0
2026-01-03,04_06,-9.5,0,0
2026-01-03,06_07,-9.6,0,0
2026-01-03,07_08,-9.5,0,0
2026-01-03,08_09,-9.8,0,0
2026-01-03,09_10,-9.1,0,0
2026-01-03,10_11,-6.2,0,0
2026-01-03,11_12,-4.4,0,0
2026-01-03,12_13,-2.1,0,0
2026-01-03,13_14,-1.4,0,0
2026-01-03,14_15,-0.8,0,0
2026-01-03,15_16,-0.4,0,0
2026-01-03,16_17,0.0,0,0
2026-01-03,17_18,-0.7,0,0
2026-01-03,18_19,-1.7,0,0
2026-01-03,19_20,-2.3,0,0
2026-01-03,20_21,-2.7,0,0
2026-01-03,21_22,-2.7,0,0
2026-01-03,22_23,-2.3,0,0
2026-01-03,23_24,-1.8,0,0
2026-01-03,24_28,-2.1,0,0
2026-01-04,04_06,-2.3,0,0
2026-01-04,06_07,-2.4,0,0
2026-01-04,07_08,-2.3,0,0
2026-01-04,08_09,-2.5,0,0
2026-01-04,09_10,-2.2,0,0
2026-01-04,10_11,-0.4,0,0
2026-01-04,11_12,1.3,0,0
2026-01-04,12_13,1.8,0,0
2026-01-04,13_14,3.2,0,0
2026-01-04,14_15,4.4,0,0
2026-01-04,15_16,4.4,0,0
2026-01-04,16_17,4.0,0,0
2026-01-04,17_18,2.8,0,0
2026-01-04,18_19,1.6,0,0
2026-01-04,19_20,0.9,0,0
2026-01-04,20_21,0.3,0,0
2026-01-04,21_22,0.2,0,0
2026-01-04,22_23,0.1,0,0
2026-01-04,23_24,-0.2,0,0
2026-01-04,24_28,-1.4,0,0
2026-01-05,04_06,-3.2,0,0
2026-01-05,06_07,-3.8,0,0
2026-01-05,07_08,-4.4,0,0
2026-01-05,08_09,-4.5,0,0
2026-01-05,09_10,-3.3,0,0
2026-01-05,10_11,-2.2,0,0
2026-01-05,11_12,-0.7,0,0
2026-01-05,12_13,0.1,0,0
2026-01-05,13_14,0.6,0,0
2026-01-05,14_15,1.4,0,0
2026-01-05,15_16,1.3,0,0
2026-01-05,16_17,1.4,0,0
2026-01-05,17_18,0.3,0,0
2026-01-05,18_19,-0.8,0,0
2026-01-05,19_20,-1.6,0,0
2026-01-05,20_21,-2.1,0,0
2026-01-05,21_22,-2.8,0,0
2026-01-05,22_23,-3.4,0,0
2026-01-05,23_24,-3.7,0,0
2026-01-05,24_28,-5.2,0,0
2026-01-06,04_06,-6.6,0,0
2026-01-06,06_07,-6.5,0,0
2026-01-06,07_08,-6.6,0,0
2026-01-06,08_09,-7.0,0,0
2026-01-06,09_10,-6.2,0,0
2026-01-06,10_11,-3.1,0,0
2026-01-06,11_12,-0.1,0,0
2026-01-06,12_13,1.4,0,0
2026-01-06,13_14,3.4,0,0
2026-01-06,14_15,3.1,0,0
2026-01-06,15_16,3.5,0,0
2026-01-06,16_17,3.9,0,0
2026-01-06,17_18,3.3,0,0
2026-01-06,18_19,2.9,0,0
2026-01-06,19_20,2.7,0,0
2026-01-06,20_21,2.2,0,0
2026-01-06,21_22,2.2,0,0
2026-01-06,22_23,1.8,0,0
2026-01-06,23_24,1.7,0,0
2026-01-06,24_28,1.1,0,0
2026-01-07,04_06,0.8,0,0
2026-01-07,06_07,2.0,0,0
2026-01-07,07_08,2.3,0,0
2026-01-07,08_09,1.5,0,0
2026-01-07,09_10,0.5,0,0
2026-01-07,10_11,0.8,0,0
2026-01-07,11_12,0.8,0,0
2026-01-07,12_13,1.7,0,0
2026-01-07,13_14,1.8,0,0
2026-01-07,14_15,2.1,0,0
2026-01-07,15_16,2.7,0,0
2026-01-07,16_17,2.4,0,0
2026-01-07,17_18,0.8,0,0
2026-01-07,18_19,-0.5,0,0
2026-01-07,19_20,-2.0,0,0
2026-01-07,20_21,-3.1,0,0
2026-01-07,21_22,-3.8,0,0
2026-01-07,22_23,-4.3,0,0
2026-01-07,23_24,-4.9,0,0
2026-01-07,24_28,-5.6,0,0
2026-01-08,04_06,-6.6,0,0
2026-01-08,06_07,-7.3,0,0
2026-01-08,07_08,-7.8,0,0
2026-01-08,08_09,-8.2,0,0
2026-01-08,09_10,-7.6,0,0
2026-01-08,10_11,-6.5,0,0
2026-01-08,11_12,-5.2,0,0
2026-01-08,12_13,-4.4,0,0
2026-01-08,13_14,-3.8,0,0
2026-01-08,14_15,-2.6,0,0
2026-01-08,15_16,-1.3,0,0
2026-01-08,16_17,-1.3,0,0
2026-01-08,17_18,-2.3,0,0
2026-01-08,18_19,-3.4,0,0
2026-01-08,19_20,-4.0,0,0
2026-01-08,20_21,-4.6,0,0
2026-01-08,21_22,-4.9,0,0
2026-01-08,22_23,-5.1,0,0
2026-01-08,23_24,-5.5,0,0
2026-01-08,24_28,-6.1,0,0
2026-01-09,04_06,-6.5,0,0
2026-01-09,06_07,-6.1,0,0
2026-01-09,07_08,-5.6,0,0
2026-01-09,08_09,-5.5,0,0
2026-01-09,09_10,-4.5,0,0
2026-01-09,10_11,-2.1,0,0
2026-01-09,11_12,-0.4,0,0
2026-01-09,12_13,1.0,0,0
2026-01-09,13_14,1.7,0,0
2026-01-09,14_15,2.4,0,0
2026-01-09,15_16,3.0,0,0
2026-01-09,16_17,3.1,0,0
2026-01-09,17_18,2.8,0,0
2026-01-09,18_19,2.5,0,0
2026-01-09,19_20,2.5,0,0
2026-01-09,20_21,2.6,0,0
2026-01-09,21_22,3.4,0,0
2026-01-09,22_23,3.8,0,0
2026-01-09,23_24,4.2,0,0
2026-01-09,24_28,4.8,1,0
2026-01-10,04_06,7.0,0,0
2026-01-10,06_07,7.0,0,0
2026-01-10,07_08,7.0,0,0
2026-01-10,08_09,5.9,0,0
2026-01-10,09_10,5.1,0,0
2026-01-10,10_11,5.4,0,0
2026-01-10,11_12,5.5,0,0
2026-01-10,12_13,4.6,0,0
2026-01-10,13_14,4.3,0,0
2026-01-10,14_15,4.3,0,0
2026-01-10,15_16,3.0,0,0
2026-01-10,16_17,0.8,0,0
2026-01-10,17_18,0.0,0,0
2026-01-10,18_19,-0.7,0,0
2026-01-10,19_20,-1.9,0,0
2026-01-10,20_21,-2.7,0,0
2026-01-10,21_22,-3.1,0,0
2026-01-10,22_23,-3.4,0,0
2026-01-10,23_24,-4.2,0,0
2026-01-10,24_28,-5.7,0,0
2026-01-11,04_06,-7.4,0,0
2026-01-11,06_07,-8.0,0,0
2026-01-11,07_08,-8.1,0,0
2026-01-11,08_09,-8.3,0,0
2026-01-11,09_10,-7.9,0,0
2026-01-11,10_11,-6.9,0,0
2026-01-11,11_12,-6.2,0,0
2026-01-11,12_13,-5.2,0,0
2026-01-11,13_14,-4.6,0,0
2026-01-11,14_15,-4.1,0,0
2026-01-11,15_16,-4.1,0,0
2026-01-11,16_17,-4.0,0,0
2026-01-11,17_18,-4.7,0,0
2026-01-11,18_19,-5.4,0,0
2026-01-11,19_20,-6.2,0,0
2026-01-11,20_21,-6.8,0,0
2026-01-11,21_22,-7.6,0,0
2026-01-11,22_23,-7.9,0,0
2026-01-11,23_24,-8.4,0,0
2026-01-11,24_28,-9.5,0,0
2026-01-12,04_06,-9.7,0,0
2026-01-12,06_07,-9.5,0,0
2026-01-12,07_08,-9.1,0,0
2026-01-12,08_09,-8.8,0,0
2026-01-12,09_10,-7.7,0,0
2026-01-12,10_11,-6.3,0,0
2026-01-12,11_12,-4.4,0,0
2026-01-12,12_13,-2.3,0,0
2026-01-12,13_14,-0.5,0,0
2026-01-12,14_15,-0.5,0,0
2026-01-12,15_16,-1.0,0,1
2026-01-12,16_17,-0.8,1,1
2026-01-12,17_18,-0.8,1,1
2026-01-12,18_19,-0.9,1,1
2026-01-12,19_20,-0.9,1,1
2026-01-12,20_21,-0.7,1,1
2026-01-12,21_22,-0.4,1,1
2026-01-12,22_23,-0.2,1,1
2026-01-12,23_24,0.1,1,0
2026-01-12,24_28,1.4,0,0
2026-01-13,04_06,-0.6,0,0
2026-01-13,06_07,-1.7,0,0
2026-01-13,07_08,-2.4,0,0
2026-01-13,08_09,-3.0,0,0
2026-01-13,09_10,-3.1,0,0
2026-01-13,10_11,-2.8,0,0
2026-01-13,11_12,-2.6,0,0
2026-01-13,12_13,-2.4,0,0
2026-01-13,13_14,-2.5,0,0
2026-01-13,14_15,-2.1,0,0
2026-01-13,15_16,-1.7,0,0
2026-01-13,16_17,-1.8,0,0
2026-01-13,17_18,-2.8,0,0
2026-01-13,18_19,-4.1,0,0
2026-01-13,19_20,-4.8,0,0
2026-01-13,20_21,-5.4,0,0
2026-01-13,21_22,-6.2,0,0
2026-01-13,22_23,-6.8,0,0
2026-01-13,23_24,-7.4,0,0
2026-01-13,24_28,-8.6,0,0
2026-01-14,04_06,-9.0,0,0
2026-01-14,06_07,-9.2,0,0
2026-01-14,07_08,-9.4,0,0
2026-01-14,08_09,-9.2,0,0
2026-01-14,09_10,-8.2,0,0
2026-01-14,10_11,-5.8,0,0
2026-01-14,11_12,-3.9,0,0
2026-01-14,12_13,-2.4,0,0
2026-01-14,13_14,-1.1,0,0
2026-01-14,14_15,0.5,0,0
2026-01-14,15_16,1.2,0,0
2026-01-14,16_17,0.9,0,0
2026-01-14,17_18,0.0,0,0
2026-01-14,18_19,-0.1,0,0
2026-01-14,19_20,-0.1,0,0
2026-01-14,20_21,0.0,0,0
2026-01-14,21_22,0.1,0,0
2026-01-14,22_23,0.3,0,0
2026-01-14,23_24,0.4,0,0
2026-01-14,24_28,1.4,0,0
2026-01-15,04_06,2.4,0,0
2026-01-15,06_07,2.7,0,0
2026-01-15,07_08,3.0,0,0
2026-01-15,08_09,3.1,0,0
2026-01-15,09_10,3.4,0,0
2026-01-15,10_11,4.5,0,0
2026-01-15,11_12,6.3,0,0
2026-01-15,12_13,7.9,0,0
2026-01-15,13_14,8.7,0,0
2026-01-15,14_15,9.0,0,0
2026-01-15,15_16,9.9,0,0
2026-01-15,16_17,9.2,0,0
2026-01-15,17_18,7.6,0,0
2026-01-15,18_19,5.9,0,0
2026-01-15,19_20,4.9,0,0
2026-01-15,20_21,4.3,0,0
2026-01-15,21_22,3.6,0,0
2026-01-15,22_23,3.0,0,0
2026-01-15,23_24,2.9,0,0
2026-01-15,24_28,1.5,0,0
2026-01-16,04_06,1.2,0,0
2026-01-16,06_07,1.2,0,0
2026-01-16,07_08,1.1,0,0
2026-01-16,08_09,1.0,0,0
2026-01-16,09_10,1.2,0,0
2026-01-16,10_11,1.7,0,0
2026-01-16,11_12,2.8,0,0
2026-01-16,12_13,4.3,0,0
2026-01-16,13_14,5.8,0,0
2026-01-16,14_15,7.9,0,0
2026-01-16,15_16,9.4,0,0
2026-01-16,16_17,9.1,0,0
2026-01-16,17_18,8.8,0,0
2026-01-16,18_19,5.2,0,0
2026-01-16,19_20,4.0,0,0
2026-01-16,20_21,3.4,0,0
2026-01-16,21_22,3.6,0,0
2026-01-16,22_23,4.0,0,0
2026-01-16,23_24,3.6,0,0
2026-01-16,24_28,2.2,0,0
2026-01-17,04_06,-0.6,0,0
2026-01-17,06_07,-1.7,0,0
2026-01-17,07_08,-2.1,0,0
2026-01-17,08_09,-2.8,0,0
2026-01-17,09_10,-2.6,0,0
2026-01-17,10_11,-1.4,0,0
2026-01-17,11_12,0.3,0,0
2026-01-17,12_13,1.9,0,0
2026-01-17,13_14,3.3,0,0
2026-01-17,14_15,4.2,0,0
2026-01-17,15_16,4.7,0,0
2026-01-17,16_17,4.4,0,0
2026-01-17,17_18,3.1,0,0
2026-01-17,18_19,1.4,0,0
2026-01-17,19_20,0.5,0,0
2026-01-17,20_21,-0.4,0,0
2026-01-17,21_22,-1.0,0,0
2026-01-17,22_23,-1.6,0,0
2026-01-17,23_24,-2.2,0,0
2026-01-17,24_28,-2.7,0,0
2026-01-18,04_06,-3.5,0,0
2026-01-18,06_07,-2.9,0,0
2026-01-18,07_08,-2.0,0,0
2026-01-18,08_09,-1.4,0,0
2026-01-18,09_10,-1.2,0,0
2026-01-18,10_11,-0.7,0,0
2026-01-18,11_12,0.1,0,0
2026-01-18,12_13,0.8,0,0
2026-01-18,13_14,1.2,0,0
2026-01-18,14_15,2.2,0,0
2026-01-18,15_16,3.0,0,0
2026-01-18,16_17,2.8,0,0
2026-01-18,17_18,2.8,0,0
2026-01-18,18_19,2.6,0,0
2026-01-18,19_20,2.5,0,0
2026-01-18,20_21,2.4,0,0
2026-01-18,21_22,2.5,0,0
2026-01-18,22_23,2.5,0,0
2026-01-18,23_24,2.1,0,0
2026-01-18,24_28,0.8,1,1
2026-01-19,04_06,-1.1,1,1
2026-01-19,06_07,-1.6,0,0
2026-01-19,07_08,-1.7,0,0
2026-01-19,08_09,-2.1,0,0
2026-01-19,09_10,-2.3,0,0
2026-01-19,10_11,-2.4,0,0
2026-01-19,11_12,-2.1,0,0
2026-01-19,12_13,-2.5,0,0
2026-01-19,13_14,-2.6,0,0
2026-01-19,14_15,-2.6,0,0
2026-01-19,15_16,-2.0,0,0
2026-01-19,16_17,-3.0,0,0
2026-01-19,17_18,-4.3,0,0
2026-01-19,18_19,-5.2,0,0
2026-01-19,19_20,-6.6,0,0
2026-01-19,20_21,-7.6,0,0
2026-01-19,21_22,-8.2,0,0
2026-01-19,22_23,-8.5,0,0
2026-01-19,23_24,-9.2,0,0
2026-01-19,24_28,-10.0,0,0
2026-01-20,04_06,-10.4,0,0
2026-01-20,06_07,-11.0,0,0
2026-01-20,07_08,-11.6,0,0
2026-01-20,08_09,-11.8,0,0
2026-01-20,09_10,-11.5,0,0
2026-01-20,10_11,-10.1,0,0
2026-01-20,11_12,-9.1,0,0
2026-01-20,12_13,-7.3,0,0
2026-01-20,13_14,-5.9,0,0
2026-01-20,14_15,-5.1,0,0
2026-01-20,15_16,-3.8,0,0
2026-01-20,16_17,-4.0,0,0
2026-01-20,17_18,-4.8,0,0
2026-01-20,18_19,-6.1,0,0
2026-01-20,19_20,-6.9,0,0
2026-01-20,20_21,-7.5,0,0
2026-01-20,21_22,-7.9,0,0
2026-01-20,22_23,-8.4,0,0
2026-01-20,23_24,-8.9,0,0
2026-01-20,24_28,-10.2,0,0
2026-01-21,04_06,-11.6,0,0
2026-01-21,06_07,-11.9,0,0
2026-01-21,07_08,-12.1,0,0
2026-01-21,08_09,-12.1,0,0
2026-01-21,09_10,-11.6,0,0
2026-01-21,10_11,-10.6,0,0
2026-01-21,11_12,-9.1,0,0
2026-01-21,12_13,-8.1,0,0
2026-01-21,13_14,-7.0,0,0
2026-01-21,14_15,-7.0,0,0
2026-01-21,15_16,-6.2,0,0
2026-01-21,16_17,-5.3,0,0
2026-01-21,17_18,-6.3,0,0
2026-01-21,18_19,-7.3,0,0
2026-01-21,19_20,-8.1,0,0
2026-01-21,20_21,-8.9,0,0
2026-01-21,21_22,-9.9,0,0
2026-01-21,22_23,-10.8,0,0
2026-01-21,23_24,-11.4,0,0
2026-01-21,24_28,-11.6,0,0
2026-01-22,04_06,-12.4,0,0
2026-01-22,06_07,-12.8,0,0
2026-01-22,07_08,-13.0,0,0
2026-01-22,08_09,-13.1,0,0
2026-01-22,09_10,-12.4,0,0
2026-01-22,10_11,-10.9,0,0
2026-01-22,11_12,-9.1,0,0
2026-01-22,12_13,-8.2,0,0
2026-01-22,13_14,-7.0,0,0
2026-01-22,14_15,-6.0,0,0
2026-01-22,15_16,-5.1,0,0
2026-01-22,16_17,-4.4,0,0
2026-01-22,17_18,-5.0,0,0
2026-01-22,18_19,-5.9,0,0
2026-01-22,19_20,-6.2,0,0
2026-01-22,20_21,-6.6,0,0
2026-01-22,21_22,-7.0,0,0
2026-01-22,22_23,-7.8,0,0
2026-01-22,23_24,-8.6,0,0
2026-01-22,24_28,-9.9,0,0
2026-01-23,04_06,-10.8,0,0
2026-01-23,06_07,-10.5,0,0
2026-01-23,07_08,-10.9,0,0
2026-01-23,08_09,-11.3,0,0
2026-01-23,09_10,-10.4,0,0
2026-01-23,10_11,-7.4,0,0
2026-01-23,11_12,-4.5,0,0
2026-01-23,12_13,-2.9,0,0
2026-01-23,13_14,-1.7,0,0
2026-01-23,14_15,-0.9,0,0
2026-01-23,15_16,-0.6,0,0
2026-01-23,16_17,0.2,0,0
2026-01-23,17_18,-0.5,0,0
2026-01-23,18_19,-1.4,0,0
2026-01-23,19_20,-1.3,0,0
2026-01-23,20_21,-1.3,1,1
2026-01-23,21_22,-1.9,1,1
2026-01-23,22_23,-2.1,1,1
2026-01-23,23_24,-2.0,0,1
2026-01-23,24_28,-3.5,0,0
2026-01-24,04_06,-6.6,0,0
2026-01-24,06_07,-7.4,0,0
2026-01-24,07_08,-7.8,0,0
2026-01-24,08_09,-8.7,0,0
2026-01-24,09_10,-8.5,0,0
2026-01-24,10_11,-7.2,0,0
2026-01-24,11_12,-5.8,0,0
2026-01-24,12_13,-4.7,0,0
2026-01-24,13_14,-2.9,0,0
2026-01-24,14_15,-2.6,0,0
2026-01-24,15_16,-1.4,0,0
2026-01-24,16_17,-1.7,0,0
2026-01-24,17_18,-2.5,0,0
2026-01-24,18_19,-3.7,0,0
2026-01-24,19_20,-4.1,0,0
2026-01-24,20_21,-4.3,0,0
2026-01-24,21_22,-4.8,0,0
2026-01-24,22_23,-5.2,0,0
2026-01-24,23_24,-5.9,0,0
2026-01-24,24_28,-7.2,0,0
2026-01-25,04_06,-8.0,0,0
2026-01-25,06_07,-8.1,0,0
2026-01-25,07_08,-9.0,0,0
2026-01-25,08_09,-9.0,0,0
2026-01-25,09_10,-8.5,0,0
2026-01-25,10_11,-7.6,0,0
2026-01-25,11_12,-5.9,0,0
2026-01-25,12_13,-4.2,0,0
2026-01-25,13_14,-3.8,0,0
2026-01-25,14_15,-2.5,0,0
2026-01-25,15_16,-2.4,0,0
2026-01-25,16_17,-2.1,0,0
2026-01-25,17_18,-2.8,0,0
2026-01-25,18_19,-4.1,0,0
2026-01-25,19_20,-4.9,0,0
2026-01-25,20_21,-5.3,0,0
2026-01-25,21_22,-5.7,0,0
2026-01-25,22_23,-6.2,0,0
2026-01-25,23_24,-6.4,0,0
2026-01-25,24_28,-7.5,0,0
2026-01-26,04_06,-7.9,0,0
2026-01-26,06_07,-7.8,0,0
2026-01-26,07_08,-7.5,0,0
2026-01-26,08_09,-7.6,0,0
2026-01-26,09_10,-6.6,0,0
2026-01-26,10_11,-5.4,0,0
2026-01-26,11_12,-3.7,0,0
2026-01-26,12_13,-2.6,0,0
2026-01-26,13_14,-2.1,0,0
2026-01-26,14_15,-1.3,0,0
2026-01-26,15_16,-0.6,0,0
2026-01-26,16_17,-0.4,0,0
2026-01-26,17_18,-1.2,0,0
2026-01-26,18_19,-2.1,0,0
2026-01-26,19_20,-2.6,0,0
2026-01-26,20_21,-3.0,0,0
2026-01-26,21_22,-3.4,0,0
2026-01-26,22_23,-3.3,0,0
2026-01-26,23_24,-3.5,0,0
2026-01-26,24_28,-3.7,0,0
2026-01-27,04_06,-6.0,0,0
2026-01-27,06_07,-6.3,0,0
2026-01-27,07_08,-6.4,0,0
2026-01-27,08_09,-6.9,0,0
2026-01-27,09_10,-6.4,0,0
2026-01-27,10_11,-5.4,0,0
2026-01-27,11_12,-3.7,0,0
2026-01-27,12_13,-2.5,0,0
2026-01-27,13_14,-2.0,0,0
2026-01-27,14_15,-0.7,0,0
2026-01-27,15_16,-0.6,0,0
2026-01-27,16_17,-0.4,0,0
2026-01-27,17_18,-1.1,0,0
2026-01-27,18_19,-2.5,0,0
2026-01-27,19_20,-3.2,0,0
2026-01-27,20_21,-3.8,0,0
2026-01-27,21_22,-4.9,0,0
2026-01-27,22_23,-5.9,0,0
2026-01-27,23_24,-6.7,0,0
2026-01-27,24_28,-8.0,0,0
2026-01-28,04_06,-9.0,0,0
2026-01-28,06_07,-8.9,0,0
2026-01-28,07_08,-9.3,0,0
2026-01-28,08_09,-9.1,0,0
2026-01-28,09_10,-8.4,0,0
2026-01-28,10_11,-6.7,0,0
2026-01-28,11_12,-5.5,0,0
2026-01-28,12_13,-4.4,0,0
2026-01-28,13_14,-3.2,0,0
2026-01-28,14_15,-2.3,0,0
2026-01-28,15_16,-1.1,0,0
2026-01-28,16_17,-0.8,0,0
2026-01-28,17_18,-1.2,0,0
2026-01-28,18_19,-2.5,0,0
2026-01-28,19_20,-3.0,0,0
2026-01-28,20_21,-3.5,0,0
2026-01-28,21_22,-3.8,0,0
2026-01-28,22_23,-4.1,0,0
2026-01-28,23_24,-4.7,0,0
2026-01-28,24_28,-6.3,0,0
2026-01-29,04_06,-8.0,0,0
2026-01-29,06_07,-8.2,0,0
2026-01-29,07_08,-8.6,0,0
2026-01-29,08_09,-8.7,0,0
2026-01-29,09_10,-7.3,0,0
2026-01-29,10_11,-5.2,0,0
2026-01-29,11_12,-3.9,0,0
2026-01-29,12_13,-2.7,0,0
2026-01-29,13_14,-2.1,0,0
2026-01-29,14_15,-1.2,0,0
2026-01-29,15_16,-0.9,0,0
2026-01-29,16_17,-0.4,0,0
2026-01-29,17_18,-1.1,0,0
2026-01-29,18_19,-2.4,0,0
2026-01-29,19_20,-3.4,0,0
2026-01-29,20_21,-4.0,0,0
2026-01-29,21_22,-5.3,0,0
2026-01-29,22_23,-6.6,0,0
2026-01-29,23_24,-7.3,0,0
2026-01-29,24_28,-8.5,0,0
2026-01-30,04_06,-8.8,0,0
2026-01-30,06_07,-9.0,0,0
2026-01-30,07_08,-9.0,0,0
2026-01-30,08_09,-9.1,0,0
2026-01-30,09_10,-8.7,0,0
2026-01-30,10_11,-7.5,0,0
2026-01-30,11_12,-6.5,0,0
2026-01-30,12_13,-5.2,0,0
2026-01-30,13_14,-4.3,0,0
2026-01-30,14_15,-2.5,0,0
2026-01-30,15_16,-2.1,0,0
2026-01-30,16_17,-2.7,0,0
2026-01-30,17_18,-3.0,0,0
2026-01-30,18_19,-4.3,0,0
2026-01-30,19_20,-5.0,0,0
2026-01-30,20_21,-5.7,0,0
2026-01-30,21_22,-6.1,0,0
2026-01-30,22_23,-6.4,0,0
2026-01-30,23_24,-6.6,0,0
2026-01-30,24_28,-7.8,0,0
2026-01-31,04_06,-9.0,0,0
2026-01-31,06_07,-9.0,0,0
2026-01-31,07_08,-9.3,0,0
2026-01-31,08_09,-9.3,0,0
2026-01-31,09_10,-8.6,0,0
2026-01-31,10_11,-5.7,0,0
2026-01-31,11_12,-2.8,0,0
2026-01-31,12_13,-1.7,0,0
2026-01-31,13_14,-0.1,0,0
2026-01-31,14_15,0.6,0,0
2026-01-31,15_16,1.3,0,0
2026-01-31,16_17,1.3,0,0
2026-01-31,17_18,0.3,0,0
2026-01-31,18_19,-1.4,0,0
2026-01-31,19_20,-2.3,0,0
2026-01-31,20_21,-2.8,0,0
2026-01-31,21_22,-3.0,0,0
2026-01-31,22_23,-2.3,0,0
2026-01-31,23_24,-2.3,0,0
2026-01-31,24_28,-2.6,0,0
2026-02-01,04_06,-4.8,0,0
2026-02-01,06_07,-6.1,0,0
2026-02-01,07_08,-6.8,0,0
2026-02-01,08_09,-7.1,0,0
2026-02-01,09_10,-6.0,0,0
2026-02-01,10_11,-3.3,0,0
2026-02-01,11_12,-2.0,0,0
2026-02-01,12_13,-0.5,0,0
2026-02-01,13_14,0.1,0,0
2026-02-01,14_15,0.9,0,0
2026-02-01,15_16,1.6,0,0
2026-02-01,16_17,1.8,0,0
2026-02-01,17_18,0.7,0,0
2026-02-01,18_19,-0.4,0,0
2026-02-01,19_20,-0.5,0,0
2026-02-01,20_21,-0.4,0,0
2026-02-01,21_22,-0.5,0,0
2026-02-01,22_23,-0.5,0,0
2026-02-01,23_24,-0.4,0,0
2026-02-01,24_28,-1.2,1,1
2026-02-02,04_06,-2.2,1,0
2026-02-02,06_07,-3.2,0,0
2026-02-02,07_08,-3.3,0,0
2026-02-02,08_09,-3.6,0,0
2026-02-02,09_10,-3.8,0,0
2026-02-02,10_11,-3.0,0,0
2026-02-02,11_12,-1.5,0,0
2026-02-02,12_13,-1.3,0,0
2026-02-02,13_14,0.1,0,0
2026-02-02,14_15,0.0,0,0
2026-02-02,15_16,0.6,0,0
2026-02-02,16_17,0.5,0,0
2026-02-02,17_18,0.5,0,0
2026-02-02,18_19,-1.0,0,0
2026-02-02,19_20,-1.7,0,0
2026-02-02,20_21,-2.0,0,0
2026-02-02,21_22,-2.3,0,0
2026-02-02,22_23,-2.8,0,0
2026-02-02,23_24,-3.5,0,0
2026-02-02,24_28,-5.1,0,0
2026-02-03,04_06,-6.8,0,0
2026-02-03,06_07,-7.5,0,0
2026-02-03,07_08,-7.4,0,0
2026-02-03,08_09,-7.5,0,0
2026-02-03,09_10,-6.2,0,0
2026-02-03,10_11,-3.3,0,0
2026-02-03,11_12,-0.5,0,0
2026-02-03,12_13,2.0,0,0
2026-02-03,13_14,3.6,0,0
2026-02-03,14_15,4.3,0,0
2026-02-03,15_16,5.4,0,0
2026-02-03,16_17,5.1,0,0
2026-02-03,17_18,4.0,0,0
2026-02-03,18_19,2.5,0,0
2026-02-03,19_20,1.7,0,0
2026-02-03,20_21,1.4,0,0
2026-02-03,21_22,1.2,0,0
2026-02-03,22_23,1.2,0,0
2026-02-03,23_24,1.1,0,0
2026-02-03,24_28,1.3,0,0
2026-02-04,04_06,1.0,0,0
2026-02-04,06_07,1.0,0,0
2026-02-04,07_08,1.1,0,0
2026-02-04,08_09,1.0,0,0
2026-02-04,09_10,1.3,0,0
2026-02-04,10_11,2.2,0,0
2026-02-04,11_12,3.4,0,0
2026-02-04,12_13,4.0,0,0
2026-02-04,13_14,4.6,0,0
2026-02-04,14_15,5.3,0,0
2026-02-04,15_16,5.3,0,0
2026-02-04,16_17,5.4,0,0
2026-02-04,17_18,5.7,0,0
2026-02-04,18_19,5.2,0,0
2026-02-04,19_20,4.5,0,0
2026-02-04,20_21,3.7,0,0
2026-02-04,21_22,3.2,0,0
2026-02-04,22_23,2.4,0,0
2026-02-04,23_24,1.9,0,0
2026-02-04,24_28,1.7,0,0
2026-02-05,04_06,2.2,0,0
2026-02-05,06_07,2.6,0,0
2026-02-05,07_08,2.6,0,0
2026-02-05,08_09,2.3,0,0
2026-02-05,09_10,3.1,0,0
2026-02-05,10_11,4.5,0,0
2026-02-05,11_12,5.6,0,0
2026-02-05,12_13,8.2,0,0
2026-02-05,13_14,9.9,0,0
2026-02-05,14_15,9.4,0,0
2026-02-05,15_16,8.9,0,0
2026-02-05,16_17,8.3,0,0
2026-02-05,17_18,7.3,0,0
2026-02-05,18_19,5.3,0,0
2026-02-05,19_20,4.2,0,0
2026-02-05,20_21,3.0,0,0
2026-02-05,21_22,1.4,0,0
2026-02-05,22_23,-0.3,0,0
2026-02-05,23_24,-1.8,0,0
2026-02-05,24_28,-3.9,0,0
2026-02-06,04_06,-5.8,0,0
2026-02-06,06_07,-6.7,0,0
2026-02-06,07_08,-7.5,0,0
2026-02-06,08_09,-8.0,0,0
2026-02-06,09_10,-8.0,0,0
2026-02-06,10_11,-7.6,0,0
2026-02-06,11_12,-6.4,0,0
2026-02-06,12_13,-5.8,0,0
2026-02-06,13_14,-4.1,0,0
2026-02-06,14_15,-3.0,0,0
2026-02-06,15_16,-2.5,0,0
2026-02-06,16_17,-2.7,0,0
2026-02-06,17_18,-3.9,0,0
2026-02-06,18_19,-5.1,0,0
2026-02-06,19_20,-5.5,0,0
2026-02-06,20_21,-6.2,0,0
2026-02-06,21_22,-6.8,0,0
2026-02-06,22_23,-7.3,0,0
2026-02-06,23_24,-7.9,0,0
2026-02-06,24_28,-8.8,0,0
2026-02-07,04_06,-10.2,0,0
2026-02-07,06_07,-10.2,0,0
2026-02-07,07_08,-10.7,0,0
2026-02-07,08_09,-10.8,0,0
2026-02-07,09_10,-10.3,0,0
2026-02-07,10_11,-9.2,0,0
2026-02-07,11_12,-7.3,0,0
2026-02-07,12_13,-5.4,0,0
2026-02-07,13_14,-4.8,0,0
2026-02-07,14_15,-5.1,0,0
2026-02-07,15_16,-4.2,0,0
2026-02-07,16_17,-4.3,0,0
2026-02-07,17_18,-4.8,0,0
2026-02-07,18_19,-6.1,0,0
2026-02-07,19_20,-6.9,0,0
2026-02-07,20_21,-7.6,0,0
2026-02-07,21_22,-8.7,0,0
2026-02-07,22_23,-9.9,0,0
2026-02-07,23_24,-10.5,0,0
2026-02-07,24_28,-10.7,0,0
2026-02-08,04_06,-11.4,0,0
2026-02-08,06_07,-11.9,0,0
2026-02-08,07_08,-12.2,0,0
2026-02-08,08_09,-12.2,0,0
2026-02-08,09_10,-11.7,0,0
2026-02-08,10_11,-10.4,0,0
2026-02-08,11_12,-9.3,0,0
2026-02-08,12_13,-7.6,0,0
2026-02-08,13_14,-6.3,0,0
2026-02-08,14_15,-5.8,0,0
2026-02-08,15_16,-4.0,0,0
2026-02-08,16_17,-3.6,0,0
2026-02-08,17_18,-4.1,0,0
2026-02-08,18_19,-5.3,0,0
2026-02-08,19_20,-5.9,0,0
2026-02-08,20_21,-6.0,0,0
2026-02-08,21_22,-6.3,0,0
2026-02-08,22_23,-7.0,0,0
2026-02-08,23_24,-7.3,0,0
2026-02-08,24_28,-8.9,0,0
2026-02-09,04_06,-9.8,0,0
2026-02-09,06_07,-10.0,0,0
2026-02-09,07_08,-9.9,0,0
2026-02-09,08_09,-9.9,0,0
2026-02-09,09_10,-8.2,0,0
2026-02-09,10_11,-4.9,0,0
2026-02-09,11_12,-1.7,0,0
2026-02-09,12_13,0.2,0,0
2026-02-09,13_14,2.1,0,0
2026-02-09,14_15,2.7,0,0
2026-02-09,15_16,3.8,0,0
2026-02-09,16_17,4.0,0,0
2026-02-09,17_18,3.6,0,0
2026-02-09,18_19,2.0,0,0
2026-02-09,19_20,0.8,0,0
2026-02-09,20_21,-0.1,0,0
2026-02-09,21_22,-0.9,0,0
2026-02-09,22_23,-1.3,0,0
2026-02-09,23_24,-1.8,0,0
2026-02-09,24_28,-2.2,0,0
2026-02-10,04_06,-2.0,0,0
2026-02-10,06_07,-1.4,0,0
2026-02-10,07_08,-1.0,0,0
2026-02-10,08_09,-0.7,0,0
2026-02-10,09_10,-0.3,0,0
2026-02-10,10_11,0.3,0,0
2026-02-10,11_12,1.3,0,0
2026-02-10,12_13,2.2,0,0
2026-02-10,13_14,2.8,0,0
2026-02-10,14_15,4.2,0,0
2026-02-10,15_16,4.8,0,0
2026-02-10,16_17,4.2,1,0
2026-02-10,17_18,3.6,1,0
2026-02-10,18_19,3.2,1,0
2026-02-10,19_20,3.1,0,0
2026-02-10,20_21,3.1,0,0
2026-02-10,21_22,2.9,0,0
2026-02-10,22_23,2.7,0,0
2026-02-10,23_24,2.5,0,0
2026-02-10,24_28,1.6,0,0
2026-02-11,04_06,1.7,0,0
2026-02-11,06_07,1.8,0,0
2026-02-11,07_08,1.9,0,0
2026-02-11,08_09,2.0,0,0
2026-02-11,09_10,2.2,0,0
2026-02-11,10_11,2.6,0,0
2026-02-11,11_12,3.3,0,0
2026-02-11,12_13,3.2,0,0
2026-02-11,13_14,4.0,0,0
2026-02-11,14_15,5.4,0,0
2026-02-11,15_16,6.6,0,0
2026-02-11,16_17,6.8,0,0
2026-02-11,17_18,6.2,0,0
2026-02-11,18_19,4.3,0,0
2026-02-11,19_20,3.1,0,0
2026-02-11,20_21,2.2,0,0
2026-02-11,21_22,1.5,0,0
2026-02-11,22_23,0.9,0,0
2026-02-11,23_24,0.3,0,0
2026-02-11,24_28,-0.5,0,0
2026-02-12,04_06,-2.0,0,0
2026-02-12,06_07,-2.2,0,0
2026-02-12,07_08,-2.4,0,0
2026-02-12,08_09,-2.5,0,0
2026-02-12,09_10,-1.4,0,0
2026-02-12,10_11,0.9,0,0
2026-02-12,11_12,3.1,0,0
2026-02-12,12_13,4.1,0,0
2026-02-12,13_14,5.9,0,0
2026-02-12,14_15,7.0,0,0
2026-02-12,15_16,8.5,0,0
2026-02-12,16_17,7.7,0,0
2026-02-12,17_18,7.3,0,0
2026-02-12,18_19,6.4,0,0
2026-02-12,19_20,5.4,0,0
2026-02-12,20_21,4.7,0,0
2026-02-12,21_22,4.2,0,0
2026-02-12,22_23,3.8,0,0
2026-02-12,23_24,3.8,0,0
2026-02-12,24_28,3.9,0,0
2026-02-13,04_06,3.8,0,0
2026-02-13,06_07,3.7,0,0
2026-02-13,07_08,3.7,0,0
2026-02-13,08_09,3.6,0,0
2026-02-13,09_10,4.3,0,0
2026-02-13,10_11,5.4,0,0
2026-02-13,11_12,6.1,0,0
2026-02-13,12_13,6.3,0,0
2026-02-13,13_14,7.2,0,0
2026-02-13,14_15,7.4,0,0
2026-02-13,15_16,7.5,0,0
2026-02-13,16_17,7.8,0,0
2026-02-13,17_18,7.8,0,0
2026-02-13,18_19,7.5,0,0
2026-02-13,19_20,6.7,0,0
2026-02-13,20_21,5.8,0,0
2026-02-13,21_22,5.1,0,0
2026-02-13,22_23,4.6,0,0
2026-02-13,23_24,4.5,0,0
2026-02-13,24_28,4.7,0,0
2026-02-14,04_06,5.1,0,0
2026-02-14,06_07,4.7,0,0
2026-02-14,07_08,4.6,0,0
2026-02-14,08_09,4.6,0,0
2026-02-14,09_10,5.2,0,0
2026-02-14,10_11,6.4,0,0
2026-02-14,11_12,8.0,0,0
2026-02-14,12_13,8.6,0,0
2026-02-14,13_14,10.7,0,0
2026-02-14,14_15,12.2,0,0
2026-02-14,15_16,12.8,0,0
2026-02-14,16_17,12.1,0,0
2026-02-14,17_18,12.0,0,0
2026-02-14,18_19,11.0,0,0
2026-02-14,19_20,10.0,0,0
2026-02-14,20_21,9.3,0,0
2026-02-14,21_22,8.5,0,0
2026-02-14,22_23,7.8,0,0
2026-02-14,23_24,7.2,0,0
2026-02-14,24_28,7.3,0,0
2026-02-15,04_06,7.2,0,0
2026-02-15,06_07,6.8,0,0
2026-02-15,07_08,6.8,0,0
2026-02-15,08_09,6.7,0,0
2026-02-15,09_10,6.8,0,0
2026-02-15,10_11,7.3,0,0
2026-02-15,11_12,8.0,0,0
2026-02-15,12_13,9.6,0,0
2026-02-15,13_14,10.6,0,0
2026-02-15,14_15,11.3,0,0
2026-02-15,15_16,11.3,0,0
2026-02-15,16_17,10.6,0,0
2026-02-15,17_18,8.9,0,0
2026-02-15,18_19,6.8,0,0
2026-02-15,19_20,5.5,0,0
2026-02-15,20_21,4.4,0,0
2026-02-15,21_22,3.3,0,0
2026-02-15,22_23,2.1,0,0
2026-02-15,23_24,1.3,0,0
2026-02-15,24_28,0.2,0,0
2026-02-16,04_06,-0.6,0,0
2026-02-16,06_07,-1.1,0,0
2026-02-16,07_08,-1.3,0,0
2026-02-16,08_09,-1.6,0,0
2026-02-16,09_10,-0.8,0,0
2026-02-16,10_11,0.9,0,0
2026-02-16,11_12,3.2,0,0
2026-02-16,12_13,5.2,0,0
2026-02-16,13_14,6.1,0,0
2026-02-16,14_15,7.2,0,0
2026-02-16,15_16,7.7,0,0
2026-02-16,16_17,8.4,0,0
2026-02-16,17_18,7.5,0,0
2026-02-16,18_19,5.5,0,0
2026-02-16,19_20,4.1,0,0
2026-02-16,20_21,3.6,0,0
2026-02-16,21_22,2.7,0,0
2026-02-16,22_23,1.6,0,0
2026-02-16,23_24,0.7,0,0
2026-02-16,24_28,-1.0,0,0
2026-02-17,04_06,-2.0,0,0
2026-02-17,06_07,-2.9,0,0
2026-02-17,07_08,-3.0,0,0
2026-02-17,08_09,-3.1,0,0
2026-02-17,09_10,-1.6,0,0
2026-02-17,10_11,0.7,0,0
2026-02-17,11_12,3.3,0,0
2026-02-17,12_13,5.2,0,0
2026-02-17,13_14,6.6,0,0
2026-02-17,14_15,7.5,0,0
2026-02-17,15_16,8.7,0,0
2026-02-17,16_17,7.4,0,0
2026-02-17,17_18,6.0,0,0
2026-02-17,18_19,3.7,0,0
2026-02-17,19_20,2.6,0,0
2026-02-17,20_21,2.0,0,0
2026-02-17,21_22,1.4,0,0
2026-02-17,22_23,1.6,0,0
2026-02-17,23_24,1.3,0,0
2026-02-17,24_28,0.7,0,0
2026-02-18,04_06,0.0,0,0
2026-02-18,06_07,-0.4,0,0
2026-02-18,07_08,-0.7,0,0
2026-02-18,08_09,-0.4,0,0
2026-02-18,09_10,1.1,0,0
2026-02-18,10_11,2.8,0,0
2026-02-18,11_12,4.1,0,0
2026-02-18,12_13,5.0,0,0
2026-02-18,13_14,6.6,0,0
2026-02-18,14_15,7.0,0,0
2026-02-18,15_16,6.8,0,0
2026-02-18,16_17,7.0,0,0
2026-02-18,17_18,6.1,0,0
2026-02-18,18_19,4.7,0,0
2026-02-18,19_20,3.5,0,0
2026-02-18,20_21,2.6,0,0
2026-02-18,21_22,1.8,0,0
2026-02-18,22_23,1.3,0,0
2026-02-18,23_24,0.4,0,0
2026-02-18,24_28,-0.8,0,0
2026-02-19,04_06,-2.4,0,0
2026-02-19,06_07,-3.2,0,0
2026-02-19,07_08,-3.0,0,0
2026-02-19,08_09,-2.6,0,0
2026-02-19,09_10,-0.7,0,0
2026-02-19,10_11,2.3,0,0
2026-02-19,11_12,3.9,0,0
2026-02-19,12_13,5.8,0,0
2026-02-19,13_14,6.3,0,0
2026-02-19,14_15,7.7,0,0
2026-02-19,15_16,8.0,0,0
2026-02-19,16_17,7.2,0,0
2026-02-19,17_18,7.1,0,0
2026-02-19,18_19,5.3,0,0
2026-02-19,19_20,4.1,0,0
2026-02-19,20_21,3.3,0,0
2026-02-19,21_22,2.3,0,0
2026-02-19,22_23,1.3,0,0
2026-02-19,23_24,0.8,0,0
2026-02-19,24_28,-0.2,0,0
2026-02-20,04_06,0.2,0,0
2026-02-20,06_07,0.6,0,0
2026-02-20,07_08,0.5,0,0
2026-02-20,08_09,0.6,0,0
2026-02-20,09_10,2.4,0,0
2026-02-20,10_11,4.8,0,0
2026-02-20,11_12,6.9,0,0
2026-02-20,12_13,9.3,0,0
2026-02-20,13_14,11.5,0,0
2026-02-20,14_15,13.0,0,0
2026-02-20,15_16,13.4,0,0
2026-02-20,16_17,13.5,0,0
2026-02-20,17_18,12.4,0,0
2026-02-20,18_19,11.1,0,0
2026-02-20,19_20,10.0,0,0
2026-02-20,20_21,9.1,0,0
2026-02-20,21_22,8.2,0,0
2026-02-20,22_23,7.3,0,0
2026-02-20,23_24,6.8,0,0
2026-02-20,24_28,5.4,0,0
2026-02-21,04_06,4.2,0,0
2026-02-21,06_07,3.7,0,0
2026-02-21,07_08,3.9,0,0
2026-02-21,08_09,4.3,0,0
2026-02-21,09_10,6.3,0,0
2026-02-21,10_11,9.2,0,0
2026-02-21,11_12,13.3,0,0
2026-02-21,12_13,14.7,0,0
2026-02-21,13_14,16.3,0,0
2026-02-21,14_15,17.8,0,0
2026-02-21,15_16,17.8,0,0
2026-02-21,16_17,18.1,0,0
2026-02-21,17_18,16.8,0,0
2026-02-21,18_19,15.0,0,0
2026-02-21,19_20,13.8,0,0
2026-02-21,20_21,13.1,0,0
2026-02-21,21_22,12.3,0,0
2026-02-21,22_23,12.2,0,0
2026-02-21,23_24,11.5,0,0
2026-02-21,24_28,11.6,0,0
2026-02-22,04_06,11.8,0,0
2026-02-22,06_07,12.1,0,0
2026-02-22,07_08,12.2,0,0
2026-02-22,08_09,12.4,0,0
2026-02-22,09_10,11.3,0,0
2026-02-22,10_11,10.4,0,0
2026-02-22,11_12,10.4,0,0
2026-02-22,12_13,11.1,0,0
2026-02-22,13_14,10.7,0,0
2026-02-22,14_15,10.5,0,0
2026-02-22,15_16,10.6,0,0
2026-02-22,16_17,10.1,0,0
2026-02-22,17_18,8.4,0,0
2026-02-22,18_19,6.3,0,0
2026-02-22,19_20,4.5,0,0
2026-02-22,20_21,3.7,0,0
2026-02-22,21_22,2.7,0,0
2026-02-22,22_23,2.0,0,0
2026-02-22,23_24,1.4,0,0
2026-02-22,24_28,0.1,0,0
2026-02-23,04_06,-1.2,0,0
2026-02-23,06_07,-1.0,0,0
2026-02-23,07_08,-0.8,0,0
2026-02-23,08_09,-0.1,0,0
2026-02-23,09_10,1.4,0,0
2026-02-23,10_11,2.1,0,0
2026-02-23,11_12,3.3,0,0
2026-02-23,12_13,3.9,0,0
2026-02-23,13_14,5.1,0,0
2026-02-23,14_15,5.7,0,0
2026-02-23,15_16,5.2,0,0
2026-02-23,16_17,4.5,0,0
2026-02-23,17_18,3.7,0,0
2026-02-23,18_19,2.9,0,0
2026-02-23,19_20,2.2,0,0
2026-02-23,20_21,1.6,0,0
2026-02-23,21_22,1.2,0,0
2026-02-23,22_23,1.3,0,0
2026-02-23,23_24,1.4,0,0
2026-02-23,24_28,1.5,0,0
2026-02-24,04_06,1.2,0,0
2026-02-24,06_07,1.2,0,0
2026-02-24,07_08,1.4,0,0
2026-02-24,08_09,1.6,0,0
2026-02-24,09_10,2.1,0,0
2026-02-24,10_11,2.7,0,0
2026-02-24,11_12,3.9,0,0
2026-02-24,12_13,3.9,0,0
2026-02-24,13_14,4.4,0,0
2026-02-24,14_15,5.3,0,0
2026-02-24,15_16,5.7,0,0
2026-02-24,16_17,5.7,0,0
2026-02-24,17_18,5.8,0,0
2026-02-24,18_19,5.3,0,0
2026-02-24,19_20,4.0,0,0
2026-02-24,20_21,3.1,0,0
2026-02-24,21_22,2.0,0,0
2026-02-24,22_23,1.7,0,0
2026-02-24,23_24,1.3,0,0
2026-02-24,24_28,0.4,0,0
2026-02-25,04_06,-0.4,0,0
2026-02-25,06_07,-1.0,0,0
2026-02-25,07_08,-1.1,0,0
2026-02-25,08_09,-1.0,0,0
2026-02-25,09_10,2.6,0,0
2026-02-25,10_11,6.8,0,0
2026-02-25,11_12,9.3,0,0
2026-02-25,12_13,11.4,0,0
2026-02-25,13_14,13.3,0,0
2026-02-25,14_15,14.2,0,0
2026-02-25,15_16,15.7,0,0
2026-02-25,16_17,16.0,0,0
2026-02-25,17_18,15.4,0,0
2026-02-25,18_19,13.9,0,0
2026-02-25,19_20,12.0,0,0
2026-02-25,20_21,10.7,0,0
2026-02-25,21_22,9.2,0,0
2026-02-25,22_23,8.5,0,0
2026-02-25,23_24,7.3,0,0
2026-02-25,24_28,6.4,0,0
2026-02-26,04_06,3.9,0,0
2026-02-26,06_07,3.4,0,0
2026-02-26,07_08,3.2,0,0
2026-02-26,08_09,3.4,0,0
2026-02-26,09_10,5.9,0,0
2026-02-26,10_11,8.1,0,0
2026-02-26,11_12,9.3,0,0
2026-02-26,12_13,11.1,0,0
2026-02-26,13_14,12.7,0,0
2026-02-26,14_15,13.4,0,0
2026-02-26,15_16,13.1,0,0
2026-02-26,16_17,12.5,0,0
2026-02-26,17_18,12.1,0,0
2026-02-26,18_19,11.3,0,0
2026-02-26,19_20,10.2,0,0
2026-02-26,20_21,9.4,0,0
2026-02-26,21_22,8.5,0,0
2026-02-26,22_23,8.3,0,0
2026-02-26,23_24,8.1,0,0
2026-02-26,24_28,7.8,0,0
2026-02-27,04_06,6.8,0,0
2026-02-27,06_07,6.2,0,0
2026-02-27,07_08,6.4,0,0
2026-02-27,08_09,6.6,0,0
2026-02-27,09_10,8.6,0,0
2026-02-27,10_11,9.6,0,0
2026-02-27,11_12,10.8,0,0
2026-02-27,12_13,11.6,0,0
2026-02-27,13_14,13.0,0,0
2026-02-27,14_15,13.9,0,0
2026-02-27,15_16,14.8,0,0
2026-02-27,16_17,14.0,0,0
2026-02-27,17_18,13.9,0,0
2026-02-27,18_19,12.7,0,0
2026-02-27,19_20,11.3,0,0
2026-02-27,20_21,9.8,0,0
2026-02-27,21_22,8.7,0,0
2026-02-27,22_23,7.7,0,0
2026-02-27,23_24,6.8,0,0
2026-02-27,24_28,5.1,0,0
2026-02-28,04_06,3.5,0,0
2026-02-28,06_07,2.8,0,0
2026-02-28,07_08,2.2,0,0
2026-02-28,08_09,2.4,0,0
2026-02-28,09_10,4.7,0,0
2026-02-28,10_11,7.6,0,0
2026-02-28,11_12,10.0,0,0
2026-02-28,12_13,12.6,0,0
2026-02-28,13_14,14.3,0,0
2026-02-28,14_15,15.8,0,0
2026-02-28,15_16,16.2,0,0
2026-02-28,16_17,16.7,0,0
2026-02-28,17_18,16.3,0,0
2026-02-28,18_19,15.1,0,0
2026-02-28,19_20,12.4,0,0
2026-02-28,20_21,11.2,0,0
2026-02-28,21_22,10.2,0,0
2026-02-28,22_23,9.2,0,0
2026-02-28,23_24,8.5,0,0
2026-02-28,24_28,7.8,0,0
2026-03-01,04_06,6.5,0,0
2026-03-01,06_07,6.3,0,0
2026-03-01,07_08,5.8,0,0
2026-03-01,08_09,6.1,0,0
2026-03-01,09_10,7.7,0,0
2026-03-01,10_11,10.0,0,0
2026-03-01,11_12,10.9,0,0
2026-03-01,12_13,11.8,0,0
2026-03-01,13_14,11.9,0,0
2026-03-01,14_15,11.8,0,0
2026-03-01,15_16,12.6,0,0
2026-03-01,16_17,12.3,0,0
2026-03-01,17_18,11.9,0,0
2026-03-01,18_19,10.9,0,0
2026-03-01,19_20,10.1,0,0
2026-03-01,20_21,9.5,0,0
2026-03-01,21_22,9.1,0,0
2026-03-01,22_23,8.7,0,0
2026-03-01,23_24,8.2,0,0
2026-03-01,24_28,7.2,0,0
2026-03-02,04_06,6.7,0,0
2026-03-02,06_07,6.8,0,0
2026-03-02,07_08,6.8,0,0
2026-03-02,08_09,6.8,1,0
2026-03-02,09_10,5.6,1,0
2026-03-02,10_11,5.1,1,0
2026-03-02,11_12,4.7,1,0
2026-03-02,12_13,4.7,1,0
2026-03-02,13_14,4.6,1,0
2026-03-02,14_15,5.0,1,0
2026-03-02,15_16,5.0,1,0
2026-03-02,16_17,5.0,1,0
2026-03-02,17_18,4.6,1,0
2026-03-02,18_19,4.4,1,0
2026-03-02,19_20,3.8,1,0
2026-03-02,20_21,3.3,1,0
2026-03-02,21_22,2.9,1,0
2026-03-02,22_23,2.8,1,0
2026-03-02,23_24,2.9,1,0
2026-03-02,24_28,2.7,1,0
2026-03-03,04_06,2.1,0,0
2026-03-03,06_07,2.2,0,0
2026-03-03,07_08,2.5,0,0
2026-03-03,08_09,2.6,0,0
2026-03-03,09_10,3.1,0,0
2026-03-03,10_11,4.1,0,0
2026-03-03,11_12,5.5,0,0
2026-03-03,12_13,7.9,0,0
2026-03-03,13_14,9.7,0,0
2026-03-03,14_15,10.4,0,0
2026-03-03,15_16,11.3,0,0
2026-03-03,16_17,11.6,0,0
2026-03-03,17_18,10.7,0,0
2026-03-03,18_19,9.5,0,0
2026-03-03,19_20,8.6,0,0
2026-03-03,20_21,7.4,0,0
2026-03-03,21_22,5.9,0,0
2026-03-03,22_23,5.7,0,0
2026-03-03,23_24,5.3,0,0
2026-03-03,24_28,3.8,0,0
2026-03-04,04_06,1.8,0,0
2026-03-04,06_07,1.3,0,0
2026-03-04,07_08,0.9,0,0
2026-03-04,08_09,0.9,0,0
2026-03-04,09_10,3.3,0,0
2026-03-04,10_11,5.4,0,0
2026-03-04,11_12,7.3,0,0
2026-03-04,12_13,8.6,0,0
2026-03-04,13_14,9.6,0,0
2026-03-04,14_15,10.8,0,0
2026-03-04,15_16,11.7,0,0
2026-03-04,16_17,11.9,0,0
2026-03-04,17_18,11.0,0,0
2026-03-04,18_19,9.9,0,0
2026-03-04,19_20,7.9,0,0
2026-03-04,20_21,6.7,0,0
2026-03-04,21_22,6.0,0,0
2026-03-04,22_23,5.4,0,0
2026-03-04,23_24,5.0,0,0
2026-03-04,24_28,3.7,0,0
2026-03-05,04_06,2.2,0,0
2026-03-05,06_07,1.6,0,0
2026-03-05,07_08,1.7,0,0
2026-03-05,08_09,2.2,0,0
2026-03-05,09_10,4.6,0,0
2026-03-05,10_11,7.1,0,0
2026-03-05,11_12,9.1,0,0
2026-03-05,12_13,10.9,0,0
2026-03-05,13_14,12.5,0,0
2026-03-05,14_15,13.0,0,0
2026-03-05,15_16,12.9,0,0
2026-03-05,16_17,12.1,0,0
2026-03-05,17_18,11.6,1,0
2026-03-05,18_19,9.3,1,0
2026-03-05,19_20,6.1,1,0
2026-03-05,20_21,4.7,1,0
2026-03-05,21_22,4.1,1,0
2026-03-05,22_23,1.9,1,1
2026-03-05,23_24,1.5,1,0
2026-03-05,24_28,1.5,0,0
2026-03-06,04_06,1.6,0,0
2026-03-06,06_07,1.5,0,0
2026-03-06,07_08,1.7,0,0
2026-03-06,08_09,1.7,0,0
2026-03-06,09_10,2.1,0,0
2026-03-06,10_11,2.8,0,0
2026-03-06,11_12,3.6,0,0
2026-03-06,12_13,3.6,0,0
2026-03-06,13_14,3.4,0,0
2026-03-06,14_15,3.5,0,0
2026-03-06,15_16,2.9,0,0
2026-03-06,16_17,2.8,0,0
2026-03-06,17_18,2.9,0,0
2026-03-06,18_19,2.6,0,0
2026-03-06,19_20,2.1,0,0
2026-03-06,20_21,1.3,0,0
2026-03-06,21_22,0.7,0,0
2026-03-06,22_23,0.0,0,0
2026-03-06,23_24,0.0,0,0
2026-03-06,24_28,-1.0,0,0
2026-03-07,04_06,-2.2,0,0
2026-03-07,06_07,-2.5,0,0
2026-03-07,07_08,-2.8,0,0
2026-03-07,08_09,-2.6,0,0
2026-03-07,09_10,-0.9,0,0
2026-03-07,10_11,0.4,0,0
2026-03-07,11_12,1.7,0,0
2026-03-07,12_13,3.1,0,0
2026-03-07,13_14,3.6,0,0
2026-03-07,14_15,3.9,0,0
2026-03-07,15_16,5.2,0,0
2026-03-07,16_17,5.9,0,0
2026-03-07,17_18,4.8,0,0
2026-03-07,18_19,4.0,0,0
2026-03-07,19_20,2.6,0,0
2026-03-07,20_21,1.7,0,0
2026-03-07,21_22,1.4,0,0
2026-03-07,22_23,0.5,0,0
2026-03-07,23_24,-0.4,0,0
2026-03-07,24_28,-1.7,0,0
2026-03-08,04_06,-2.9,0,0
2026-03-08,06_07,-3.0,0,0
2026-03-08,07_08,-3.4,0,0
2026-03-08,08_09,-2.3,0,0
2026-03-08,09_10,0.1,0,0
2026-03-08,10_11,1.9,0,0
2026-03-08,11_12,3.7,0,0
2026-03-08,12_13,5.0,0,0
2026-03-08,13_14,6.6,0,0
2026-03-08,14_15,6.9,0,0
2026-03-08,15_16,7.2,0,0
2026-03-08,16_17,6.7,0,0
2026-03-08,17_18,6.7,0,0
2026-03-08,18_19,5.2,0,0
2026-03-08,19_20,3.4,0,0
2026-03-08,20_21,2.4,0,0
2026-03-08,21_22,2.0,0,0
2026-03-08,22_23,1.8,0,0
2026-03-08,23_24,1.6,0,0
2026-03-08,24_28,2.3,0,0
2026-03-09,04_06,2.6,0,0
2026-03-09,06_07,2.7,0,0
2026-03-09,07_08,2.6,0,0
2026-03-09,08_09,2.3,0,0
2026-03-09,09_10,3.3,0,0
2026-03-09,10_11,4.2,0,0
2026-03-09,11_12,5.2,0,0
2026-03-09,12_13,6.2,0,0
2026-03-09,13_14,6.8,0,0
2026-03-09,14_15,7.6,0,0
2026-03-09,15_16,7.2,0,0
2026-03-09,16_17,7.5,0,0
2026-03-09,17_18,7.1,0,0
2026-03-09,18_19,6.6,0,0
2026-03-09,19_20,5.7,0,0
2026-03-09,20_21,4.8,0,0
2026-03-09,21_22,4.6,0,0
2026-03-09,22_23,3.8,0,0
2026-03-09,23_24,3.2,0,0
2026-03-09,24_28,1.6,0,0
2026-03-10,04_06,0.0,0,0
2026-03-10,06_07,-0.3,0,0
2026-03-10,07_08,-0.5,0,0
2026-03-10,08_09,-0.1,0,0
2026-03-10,09_10,1.9,0,0
2026-03-10,10_11,4.8,0,0
2026-03-10,11_12,7.0,0,0
2026-03-10,12_13,8.0,0,0
2026-03-10,13_14,9.0,0,0
2026-03-10,14_15,9.3,0,0
2026-03-10,15_16,9.4,0,0
2026-03-10,16_17,9.1,0,0
2026-03-10,17_18,8.9,0,0
2026-03-10,18_19,7.3,0,0
2026-03-10,19_20,5.5,0,0
2026-03-10,20_21,4.3,0,0
2026-03-10,21_22,3.2,0,0
2026-03-10,22_23,2.4,0,0
2026-03-10,23_24,1.8,0,0
2026-03-10,24_28,0.5,0,0
2026-03-11,04_06,0.5,0,0
2026-03-11,06_07,0.1,0,0
2026-03-11,07_08,0.4,0,0
2026-03-11,08_09,0.8,0,0
2026-03-11,09_10,3.3,0,0
2026-03-11,10_11,4.7,0,0
2026-03-11,11_12,6.8,0,0
2026-03-11,12_13,6.1,0,0
2026-03-11,13_14,7.4,0,0
2026-03-11,14_15,9.0,0,0
2026-03-11,15_16,9.9,0,0
2026-03-11,16_17,9.4,0,0
2026-03-11,17_18,8.8,0,0
2026-03-11,18_19,7.8,0,0
2026-03-11,19_20,6.4,0,0
2026-03-11,20_21,5.4,0,0
2026-03-11,21_22,4.9,0,0
2026-03-11,22_23,4.5,0,0
2026-03-11,23_24,3.9,0,0
2026-03-11,24_28,2.9,0,0
2026-03-12,04_06,1.5,0,0
2026-03-12,06_07,1.0,0,0
2026-03-12,07_08,0.7,0,0
2026-03-12,08_09,1.2,0,0
2026-03-12,09_10,3.4,0,0
2026-03-12,10_11,6.5,0,0
2026-03-12,11_12,10.0,0,0
2026-03-12,12_13,11.4,0,0
2026-03-12,13_14,12.3,0,0
2026-03-12,14_15,13.1,0,0
2026-03-12,15_16,13.6,0,0
2026-03-12,16_17,13.0,0,0
2026-03-12,17_18,13.0,0,0
2026-03-12,18_19,11.7,0,0
2026-03-12,19_20,10.1,0,0
2026-03-12,20_21,8.7,0,0
2026-03-12,21_22,7.9,0,0
2026-03-12,22_23,7.0,0,0
2026-03-12,23_24,6.2,0,0
2026-03-12,24_28,4.4,0,0
2026-03-13,04_06,3.0,0,0
2026-03-13,06_07,2.3,0,0
2026-03-13,07_08,2.4,0,0
2026-03-13,08_09,3.5,0,0
2026-03-13,09_10,5.7,0,0
2026-03-13,10_11,7.7,0,0
2026-03-13,11_12,9.5,0,0
2026-03-13,12_13,10.9,0,0
2026-03-13,13_14,11.6,0,0
2026-03-13,14_15,12.5,0,0
2026-03-13,15_16,13.2,0,0
2026-03-13,16_17,13.4,0,0
2026-03-13,17_18,13.1,0,0
2026-03-13,18_19,11.8,0,0
2026-03-13,19_20,10.1,0,0
2026-03-13,20_21,8.9,0,0
2026-03-13,21_22,7.8,0,0
2026-03-13,22_23,7.5,0,0
2026-03-13,23_24,6.5,0,0
2026-03-13,24_28,5.4,0,0
2026-03-14,04_06,5.1,0,0
2026-03-14,06_07,5.0,0,0
2026-03-14,07_08,5.1,0,0
2026-03-14,08_09,5.6,0,0
2026-03-14,09_10,6.8,0,0
2026-03-14,10_11,8.8,0,0
2026-03-14,11_12,10.3,0,0
2026-03-14,12_13,12.3,0,0
2026-03-14,13_14,12.7,0,0
2026-03-14,14_15,12.8,0,0
2026-03-14,15_16,11.8,0,0
2026-03-14,16_17,10.4,0,0
2026-03-14,17_18,9.6,0,0
2026-03-14,18_19,8.8,0,0
2026-03-14,19_20,8.0,0,0
2026-03-14,20_21,7.5,0,0
2026-03-14,21_22,7.4,0,0
2026-03-14,22_23,7.3,0,0
2026-03-14,23_24,7.2,0,0
2026-03-14,24_28,6.9,0,0
2026-03-15,04_06,6.4,0,0
2026-03-15,06_07,6.4,0,0
2026-03-15,07_08,6.3,0,0
2026-03-15,08_09,6.8,0,0
2026-03-15,09_10,7.5,0,0
2026-03-15,10_11,7.8,0,0
2026-03-15,11_12,7.7,1,0
2026-03-15,12_13,7.7,0,0
2026-03-15,13_14,8.3,0,0
2026-03-15,14_15,10.2,0,0
2026-03-15,15_16,10.9,0,0
2026-03-15,16_17,10.7,0,0
2026-03-15,17_18,10.7,0,0
2026-03-15,18_19,9.7,0,0
2026-03-15,19_20,8.0,0,0
2026-03-15,20_21,6.9,0,0
2026-03-15,21_22,6.1,0,0
2026-03-15,22_23,5.6,0,0
2026-03-15,23_24,4.9,0,0
2026-03-15,24_28,3.6,0,0
2026-03-16,04_06,3.0,0,0
2026-03-16,06_07,2.1,0,0
2026-03-16,07_08,1.9,0,0
2026-03-16,08_09,2.7,0,0
2026-03-16,09_10,4.9,0,0
2026-03-16,10_11,7.7,0,0
2026-03-16,11_12,9.8,0,0
2026-03-16,12_13,11.9,0,0
2026-03-16,13_14,12.9,0,0
2026-03-16,14_15,12.9,0,0
2026-03-16,15_16,13.2,0,0
2026-03-16,16_17,13.6,0,0
2026-03-16,17_18,13.2,0,0
2026-03-16,18_19,11.3,0,0
2026-03-16,19_20,9.4,0,0
2026-03-16,20_21,8.5,0,0
2026-03-16,21_22,7.3,0,0
2026-03-16,22_23,6.8,0,0
2026-03-16,23_24,5.9,0,0
2026-03-16,24_28,4.2,0,0
2026-03-17,04_06,3.0,0,0
2026-03-17,06_07,2.6,0,0
2026-03-17,07_08,2.3,0,0
2026-03-17,08_09,3.0,0,0
2026-03-17,09_10,6.0,0,0
2026-03-17,10_11,8.8,0,0
2026-03-17,11_12,10.8,0,0
2026-03-17,12_13,13.0,0,0
2026-03-17,13_14,14.1,0,0
2026-03-17,14_15,15.1,0,0
2026-03-17,15_16,15.3,0,0
2026-03-17,16_17,15.5,0,0
2026-03-17,17_18,15.0,0,0
2026-03-17,18_19,13.7,0,0
2026-03-17,19_20,11.4,0,0
2026-03-17,20_21,10.0,0,0
2026-03-17,21_22,8.9,0,0
2026-03-17,22_23,7.7,0,0
2026-03-17,23_24,7.3,0,0
2026-03-17,24_28,7.4,0,0
2026-03-18,04_06,8.0,1,0
2026-03-18,06_07,8.0,1,0
2026-03-18,07_08,7.4,1,0
2026-03-18,08_09,7.1,1,0
2026-03-18,09_10,7.0,1,0
2026-03-18,10_11,6.2,1,0
2026-03-18,11_12,5.4,1,0
2026-03-18,12_13,5.2,1,0
2026-03-18,13_14,5.3,0,0
2026-03-18,14_15,6.0,0,0
2026-03-18,15_16,8.1,0,0
2026-03-18,16_17,9.1,0,0
2026-03-18,17_18,8.8,0,0
2026-03-18,18_19,8.4,0,0
2026-03-18,19_20,7.7,0,0
2026-03-18,20_21,6.6,0,0
2026-03-18,21_22,5.7,0,0
2026-03-18,22_23,5.0,0,0
2026-03-18,23_24,4.4,0,0
2026-03-18,24_28,3.3,0,0
2026-03-19,04_06,2.0,0,0
2026-03-19,06_07,1.4,0,0
2026-03-19,07_08,1.4,0,0
2026-03-19,08_09,2.1,0,0
2026-03-19,09_10,4.2,0,0
2026-03-19,10_11,6.3,0,0
2026-03-19,11_12,8.5,0,0
2026-03-19,12_13,10.7,0,0
2026-03-19,13_14,11.0,0,0
2026-03-19,14_15,12.4,0,0
2026-03-19,15_16,12.5,0,0
2026-03-19,16_17,11.3,0,0
2026-03-19,17_18,9.5,0,0
2026-03-19,18_19,8.4,0,0
2026-03-19,19_20,6.5,0,0
2026-03-19,20_21,5.7,0,0
2026-03-19,21_22,5.1,0,0
2026-03-19,22_23,4.7,0,0
2026-03-19,23_24,4.1,0,0
2026-03-19,24_28,3.5,0,0
2026-03-20,04_06,2.8,0,0
2026-03-20,06_07,2.7,0,0
2026-03-20,07_08,2.8,0,0
2026-03-20,08_09,3.5,0,0
2026-03-20,09_10,5.6,0,0
2026-03-20,10_11,6.9,0,0
2026-03-20,11_12,8.5,0,0
2026-03-20,12_13,11.0,0,0
2026-03-20,13_14,11.7,0,0
2026-03-20,14_15,12.9,0,0
2026-03-20,15_16,13.7,0,0
2026-03-20,16_17,13.3,0,0
2026-03-20,17_18,12.7,0,0
2026-03-20,18_19,11.4,0,0
2026-03-20,19_20,9.4,0,0
2026-03-20,20_21,8.0,0,0
2026-03-20,21_22,7.1,0,0
2026-03-20,22_23,6.4,0,0
2026-03-20,23_24,5.7,0,0
2026-03-20,24_28,4.3,0,0
2026-03-21,04_06,3.0,0,0
2026-03-21,06_07,2.5,0,0
2026-03-21,07_08,2.0,0,0
2026-03-21,08_09,3.0,0,0
2026-03-21,09_10,5.9,0,0
2026-03-21,10_11,8.7,0,0
2026-03-21,11_12,11.0,0,0
2026-03-21,12_13,12.5,0,0
2026-03-21,13_14,14.2,0,0
2026-03-21,14_15,14.9,0,0
2026-03-21,15_16,15.4,0,0
2026-03-21,16_17,15.2,0,0
2026-03-21,17_18,14.8,0,0
2026-03-21,18_19,13.0,0,0
2026-03-21,19_20,10.6,0,0
2026-03-21,20_21,9.2,0,0
2026-03-21,21_22,8.1,0,0
2026-03-21,22_23,7.0,0,0
2026-03-21,23_24,6.6,0,0
2026-03-21,24_28,5.9,0,0
2026-03-22,04_06,5.6,0,0
2026-03-22,06_07,5.7,0,0
2026-03-22,07_08,5.8,0,0
2026-03-22,08_09,6.2,0,0
2026-03-22,09_10,8.2,0,0
2026-03-22,10_11,10.9,0,0
2026-03-22,11_12,13.8,0,0
2026-03-22,12_13,15.6,0,0
2026-03-22,13_14,17.2,0,0
2026-03-22,14_15,18.0,0,0
2026-03-22,15_16,18.0,0,0
2026-03-22,16_17,18.0,0,0
2026-03-22,17_18,17.0,0,0
2026-03-22,18_19,15.4,0,0
2026-03-22,19_20,13.1,0,0
2026-03-22,20_21,11.7,0,0
2026-03-22,21_22,10.3,0,0
2026-03-22,22_23,9.1,0,0
2026-03-22,23_24,8.7,0,0
2026-03-22,24_28,7.6,0,0
2026-03-23,04_06,5.7,0,0
2026-03-23,06_07,4.8,0,0
2026-03-23,07_08,4.5,0,0
2026-03-23,08_09,5.8,0,0
2026-03-23,09_10,8.7,0,0
2026-03-23,10_11,12.2,0,0
2026-03-23,11_12,14.8,0,0
2026-03-23,12_13,16.3,0,0
2026-03-23,13_14,18.0,0,0
2026-03-23,14_15,18.8,0,0
2026-03-23,15_16,19.6,0,0
2026-03-23,16_17,19.8,0,0
2026-03-23,17_18,19.8,0,0
2026-03-23,18_19,17.5,0,0
2026-03-23,19_20,15.1,0,0
2026-03-23,20_21,13.6,0,0
2026-03-23,21_22,12.3,0,0
2026-03-23,22_23,11.2,0,0
2026-03-23,23_24,10.5,0,0
2026-03-23,24_28,9.6,0,0
2026-03-24,04_06,8.7,0,0
2026-03-24,06_07,8.5,0,0
2026-03-24,07_08,8.2,0,0
2026-03-24,08_09,9.7,0,0
2026-03-24,09_10,12.0,0,0
2026-03-24,10_11,14.2,0,0
2026-03-24,11_12,16.2,0,0
2026-03-24,12_13,16.7,0,0
2026-03-24,13_14,17.9,0,0
2026-03-24,14_15,17.6,0,0
2026-03-24,15_16,18.0,0,0
2026-03-24,16_17,16.6,0,0
2026-03-24,17_18,15.7,0,0
2026-03-24,18_19,14.6,0,0
2026-03-24,19_20,13.7,0,0
2026-03-24,20_21,13.0,0,0
2026-03-24,21_22,12.6,0,0
2026-03-24,22_23,12.1,0,0
2026-03-24,23_24,11.6,0,0
2026-03-24,24_28,10.8,0,0
2026-03-25,04_06,9.8,0,0
2026-03-25,06_07,9.0,0,0
2026-03-25,07_08,8.8,0,0
2026-03-25,08_09,9.9,0,0
2026-03-25,09_10,12.2,0,0
2026-03-25,10_11,13.8,0,0
2026-03-25,11_12,14.7,0,0
2026-03-25,12_13,16.8,0,0
2026-03-25,13_14,18.1,0,0
2026-03-25,14_15,19.1,0,0
2026-03-25,15_16,19.1,0,0
2026-03-25,16_17,18.8,0,0
2026-03-25,17_18,17.0,0,0
2026-03-25,18_19,15.5,0,0
2026-03-25,19_20,13.4,0,0
2026-03-25,20_21,11.6,0,0
2026-03-25,21_22,10.5,0,0
2026-03-25,22_23,10.0,0,0
2026-03-25,23_24,9.6,0,0
2026-03-25,24_28,8.8,0,0
2026-03-26,04_06,7.5,0,0
2026-03-26,06_07,6.8,0,0
2026-03-26,07_08,6.7,0,0
2026-03-26,08_09,7.5,0,0
2026-03-26,09_10,10.0,0,0
2026-03-26,10_11,12.4,0,0
2026-03-26,11_12,14.7,0,0
2026-03-26,12_13,16.4,0,0
2026-03-26,13_14,17.6,0,0
2026-03-26,14_15,18.7,0,0
2026-03-26,15_16,19.2,0,0
2026-03-26,16_17,19.2,0,0
2026-03-26,17_18,18.2,0,0
2026-03-26,18_19,16.6,0,0
2026-03-26,19_20,14.6,0,0
2026-03-26,20_21,12.8,0,0
2026-03-26,21_22,11.3,0,0
2026-03-26,22_23,10.0,0,0
2026-03-26,23_24,9.0,0,0
2026-03-26,24_28,7.6,0,0
2026-03-27,04_06,6.4,0,0
2026-03-27,06_07,6.0,0,0
2026-03-27,07_08,5.9,0,0
2026-03-27,08_09,6.9,0,0
2026-03-27,09_10,8.9,0,0
2026-03-27,10_11,11.7,0,0
2026-03-27,11_12,13.4,0,0
2026-03-27,12_13,15.2,0,0
2026-03-27,13_14,16.3,0,0
2026-03-27,14_15,17.5,0,0
2026-03-27,15_16,18.0,0,0
2026-03-27,16_17,17.8,0,0
2026-03-27,17_18,17.3,0,0
2026-03-27,18_19,16.0,0,0
2026-03-27,19_20,14.0,0,0
2026-03-27,20_21,12.7,0,0
2026-03-27,21_22,11.4,0,0
2026-03-27,22_23,10.6,0,0
2026-03-27,23_24,10.0,0,0
2026-03-27,24_28,7.6,0,0
2026-03-28,04_06,7.0,0,0
2026-03-28,06_07,6.3,0,0
2026-03-28,07_08,6.3,0,0
2026-03-28,08_09,7.1,0,0
2026-03-28,09_10,8.7,0,0
2026-03-28,10_11,11.8,0,0
2026-03-28,11_12,14.0,0,0
2026-03-28,12_13,16.1,0,0
2026-03-28,13_14,17.7,0,0
2026-03-28,14_15,19.3,0,0
2026-03-28,15_16,20.0,0,0
2026-03-28,16_17,19.7,0,0
2026-03-28,17_18,19.8,0,0
2026-03-28,18_19,18.5,0,0
2026-03-28,19_20,16.3,0,0
2026-03-28,20_21,13.8,0,0
2026-03-28,21_22,11.8,0,0
2026-03-28,22_23,11.0,0,0
2026-03-28,23_24,10.1,0,0
2026-03-28,24_28,8.8,0,0
2026-03-29,04_06,8.0,0,0
2026-03-29,06_07,8.0,0,0
2026-03-29,07_08,7.6,0,0
2026-03-29,08_09,9.2,0,0
2026-03-29,09_10,12.2,0,0
2026-03-29,10_11,14.8,0,0
2026-03-29,11_12,17.5,0,0
2026-03-29,12_13,18.6,0,0
2026-03-29,13_14,20.1,0,0
2026-03-29,14_15,20.5,0,0
2026-03-29,15_16,19.2,0,0
2026-03-29,16_17,18.2,0,0
2026-03-29,17_18,18.7,0,0
2026-03-29,18_19,17.6,0,0
2026-03-29,19_20,15.9,0,0
2026-03-29,20_21,14.2,0,0
2026-03-29,21_22,13.7,0,0
2026-03-29,22_23,12.1,0,0
2026-03-29,23_24,11.4,0,0
2026-03-29,24_28,12.0,0,0
2026-03-30,04_06,11.5,0,0
2026-03-30,06_07,11.2,0,0
2026-03-30,07_08,11.0,0,0
2026-03-30,08_09,12.1,0,0
2026-03-30,09_10,13.5,0,0
2026-03-30,10_11,14.5,0,0
2026-03-30,11_12,15.3,0,0
2026-03-30,12_13,17.3,0,0
2026-03-30,13_14,19.4,0,0
2026-03-30,14_15,20.1,0,0
2026-03-30,15_16,20.9,0,0
2026-03-30,16_17,20.7,0,0
2026-03-30,17_18,20.0,0,0
2026-03-30,18_19,19.4,0,0
2026-03-30,19_20,18.9,0,0
2026-03-30,20_21,18.4,0,0
2026-03-30,21_22,17.5,0,0
2026-03-30,22_23,16.6,1,0
2026-03-30,23_24,14.7,1,0
2026-03-30,24_28,12.5,1,0
2026-03-31,04_06,11.6,1,0
2026-03-31,06_07,11.0,1,0
2026-03-31,07_08,10.8,0,0
2026-03-31,08_09,11.3,0,0
2026-03-31,09_10,12.7,0,0
2026-03-31,10_11,15.8,0,0
2026-03-31,11_12,16.7,0,0
2026-03-31,12_13,16.8,0,0
2026-03-31,13_14,17.6,0,0
2026-03-31,14_15,18.2,0,0
2026-03-31,15_16,18.4,0,0
2026-03-31,16_17,17.8,0,0
2026-03-31,17_18,17.1,0,0
2026-03-31,18_19,16.5,0,0
2026-03-31,19_20,15.8,0,0
2026-03-31,20_21,14.8,0,0
2026-03-31,21_22,14.0,0,0
2026-03-31,22_23,13.7,0,0
2026-03-31,23_24,13.2,0,0
2026-03-31,24_28,11.9,0,0
2026-04-01,04_06,11.2,0,0
2026-04-01,06_07,10.6,0,0
2026-04-01,07_08,11.0,0,0
2026-04-01,08_09,12.2,0,0
2026-04-01,09_10,13.9,0,0
2026-04-01,10_11,15.8,0,0
2026-04-01,11_12,16.8,0,0
2026-04-01,12_13,16.7,0,0
2026-04-01,13_14,16.8,0,0
2026-04-01,14_15,17.5,0,0
2026-04-01,15_16,17.3,0,0
2026-04-01,16_17,17.0,0,0
2026-04-01,17_18,16.1,0,0
2026-04-01,18_19,15.1,0,0
2026-04-01,19_20,13.6,0,0
2026-04-01,20_21,12.1,0,0
2026-04-01,21_22,11.6,0,0
2026-04-01,22_23,10.9,0,0
2026-04-01,23_24,10.1,0,0
2026-04-01,24_28,8.4,0,0
2026-04-02,04_06,7.0,0,0
2026-04-02,06_07,6.7,0,0
2026-04-02,07_08,6.6,0,0
2026-04-02,08_09,8.0,0,0
2026-04-02,09_10,10.1,0,0
2026-04-02,10_11,12.1,0,0
2026-04-02,11_12,13.8,0,0
2026-04-02,12_13,15.6,0,0
2026-04-02,13_14,16.8,0,0
2026-04-02,14_15,17.8,0,0
2026-04-02,15_16,17.4,0,0
2026-04-02,16_17,16.8,0,0
2026-04-02,17_18,16.3,0,0
2026-04-02,18_19,14.9,0,0
2026-04-02,19_20,12.7,0,0
2026-04-02,20_21,11.5,0,0
2026-04-02,21_22,10.8,0,0
2026-04-02,22_23,10.1,0,0
2026-04-02,23_24,9.6,0,0
2026-04-02,24_28,8.4,0,0
2026-04-03,04_06,7.4,0,0
2026-04-03,06_07,7.5,0,0
2026-04-03,07_08,7.5,0,0
2026-04-03,08_09,9.1,0,0
2026-04-03,09_10,11.3,0,0
2026-04-03,10_11,13.8,0,0
2026-04-03,11_12,16.3,0,0
2026-04-03,12_13,18.3,0,0
2026-04-03,13_14,19.5,0,0
2026-04-03,14_15,20.6,0,0
2026-04-03,15_16,22.1,0,0
2026-04-03,16_17,21.9,0,0
2026-04-03,17_18,20.7,0,0
2026-04-03,18_19,19.6,0,0
2026-04-03,19_20,17.8,0,0
2026-04-03,20_21,16.5,0,0
2026-04-03,21_22,16.0,0,0
2026-04-03,22_23,15.7,0,0
2026-04-03,23_24,15.3,0,0
2026-04-03,24_28,14.4,0,0
2026-04-04,04_06,13.4,0,0
2026-04-04,06_07,13.0,0,0
2026-04-04,07_08,12.8,0,0
2026-04-04,08_09,12.9,0,0
2026-04-04,09_10,13.8,0,0
2026-04-04,10_11,15.5,0,0
2026-04-04,11_12,17.2,0,0
2026-04-04,12_13,18.9,0,0
2026-04-04,13_14,20.0,0,0
2026-04-04,14_15,20.7,0,0
2026-04-04,15_16,19.4,0,0
2026-04-04,16_17,19.4,0,0
2026-04-04,17_18,17.4,0,0
2026-04-04,18_19,16.1,0,0
2026-04-04,19_20,14.0,0,0
2026-04-04,20_21,11.7,0,0
2026-04-04,21_22,10.5,0,0
2026-04-04,22_23,9.6,0,0
2026-04-04,23_24,9.2,0,0
2026-04-04,24_28,8.2,0,0
2026-04-05,04_06,7.4,0,0
2026-04-05,06_07,7.3,0,0
2026-04-05,07_08,7.4,0,0
2026-04-05,08_09,8.0,0,0
2026-04-05,09_10,8.8,0,0
2026-04-05,10_11,10.0,0,0
2026-04-05,11_12,12.1,0,0
2026-04-05,12_13,13.0,0,0
2026-04-05,13_14,14.4,0,0
2026-04-05,14_15,15.6,0,0
2026-04-05,15_16,16.7,0,0
2026-04-05,16_17,17.0,0,0
2026-04-05,17_18,16.9,0,0
2026-04-05,18_19,16.0,0,0
2026-04-05,19_20,14.4,0,0
2026-04-05,20_21,13.5,0,0
2026-04-05,21_22,12.8,1,0
2026-04-05,22_23,12.3,1,0
2026-04-05,23_24,9.7,1,0
2026-04-05,24_28,9.7,0,0
2026-04-06,04_06,10.0,0,0
2026-04-06,06_07,10.3,1,0
2026-04-06,07_08,10.2,0,0
2026-04-06,08_09,10.5,0,0
2026-04-06,09_10,10.8,1,0
2026-04-06,10_11,10.7,1,0
2026-04-06,11_12,9.8,1,0
2026-04-06,12_13,10.2,0,0
2026-04-06,13_14,10.9,0,0
2026-04-06,14_15,11.7,0,0
2026-04-06,15_16,12.2,0,0
2026-04-06,16_17,13.2,0,0
2026-04-06,17_18,13.9,0,0
2026-04-06,18_19,13.5,0,0
2026-04-06,19_20,11.8,0,0
2026-04-06,20_21,10.3,0,0
2026-04-06,21_22,9.1,0,0
2026-04-06,22_23,7.5,0,0
2026-04-06,23_24,6.3,0,0
2026-04-06,24_28,5.0,0,0
2026-04-07,04_06,3.8,0,0
2026-04-07,06_07,3.4,0,0
2026-04-07,07_08,3.5,0,0
2026-04-07,08_09,5.0,0,0
2026-04-07,09_10,7.2,0,0
2026-04-07,10_11,9.1,0,0
2026-04-07,11_12,10.3,0,0
2026-04-07,12_13,10.7,0,0
2026-04-07,13_14,12.2,0,0
2026-04-07,14_15,12.9,0,0
2026-04-07,15_16,13.7,0,0
2026-04-07,16_17,13.1,0,0
2026-04-07,17_18,12.9,0,0
2026-04-07,18_19,11.6,0,0
2026-04-07,19_20,9.8,0,0
2026-04-07,20_21,8.5,0,0
2026-04-07,21_22,7.8,0,0
2026-04-07,22_23,7.3,0,0
2026-04-07,23_24,6.8,0,0
2026-04-07,24_28,5.7,0,0
2026-04-08,04_06,4.4,0,0
2026-04-08,06_07,3.9,0,0
2026-04-08,07_08,3.6,0,0
2026-04-08,08_09,6.0,0,0
2026-04-08,09_10,8.3,0,0
2026-04-08,10_11,10.0,0,0
2026-04-08,11_12,12.0,0,0
2026-04-08,12_13,13.6,0,0
2026-04-08,13_14,14.4,0,0
2026-04-08,14_15,15.6,0,0
2026-04-08,15_16,16.5,0,0
2026-04-08,16_17,16.4,0,0
2026-04-08,17_18,15.9,0,0
2026-04-08,18_19,15.1,0,0
2026-04-08,19_20,13.2,0,0
2026-04-08,20_21,11.8,0,0
2026-04-08,21_22,10.8,0,0
2026-04-08,22_23,10.0,0,0
2026-04-08,23_24,9.5,0,0
2026-04-08,24_28,9.0,0,0
2026-04-09,04_06,9.2,0,0
2026-04-09,06_07,9.3,0,0
2026-04-09,07_08,9.7,0,0
2026-04-09,08_09,10.6,0,0
2026-04-09,09_10,11.3,1,0
2026-04-09,10_11,11.2,0,0
2026-04-09,11_12,11.8,1,0
2026-04-09,12_13,10.8,1,0
2026-04-09,13_14,9.8,1,0
2026-04-09,14_15,9.4,1,0
2026-04-09,15_16,9.6,1,0
2026-04-09,16_17,10.0,1,0
2026-04-09,17_18,10.4,1,0
2026-04-09,18_19,10.8,1,0
2026-04-09,19_20,11.1,1,0
2026-04-09,20_21,11.4,1,0
2026-04-09,21_22,11.7,1,0
2026-04-09,22_23,12.0,1,0
2026-04-09,23_24,12.2,1,0
2026-04-09,24_28,12.4,1,0
2026-04-10,04_06,11.6,1,0
2026-04-10,06_07,10.8,1,0
2026-04-10,07_08,10.2,1,0
2026-04-10,08_09,10.0,1,0
2026-04-10,09_10,10.1,1,0
2026-04-10,10_11,10.2,1,0
2026-04-10,11_12,9.7,1,0
2026-04-10,12_13,9.6,0,0
2026-04-10,13_14,9.7,0,0
2026-04-10,14_15,10.1,0,0
2026-04-10,15_16,10.9,0,0
2026-04-10,16_17,11.1,0,0
2026-04-10,17_18,10.9,0,0
2026-04-10,18_19,10.6,0,0
2026-04-10,19_20,9.9,0,0
2026-04-10,20_21,9.8,0,0
2026-04-10,21_22,9.8,0,0
2026-04-10,22_23,9.7,0,0
2026-04-10,23_24,9.0,0,0
2026-04-10,24_28,8.6,0,0
2026-04-11,04_06,8.4,0,0
2026-04-11,06_07,8.3,0,0
2026-04-11,07_08,8.3,0,0
2026-04-11,08_09,8.5,0,0
2026-04-11,09_10,9.2,0,0
2026-04-11,10_11,10.0,0,0
2026-04-11,11_12,11.3,0,0
2026-04-11,12_13,11.9,0,0
2026-04-11,13_14,14.4,0,0
2026-04-11,14_15,15.1,0,0
2026-04-11,15_16,15.7,0,0
2026-04-11,16_17,15.8,0,0
2026-04-11,17_18,15.4,0,0
2026-04-11,18_19,14.6,0,0
2026-04-11,19_20,12.9,0,0
2026-04-11,20_21,11.5,0,0
2026-04-11,21_22,10.3,0,0
2026-04-11,22_23,9.8,0,0
2026-04-11,23_24,9.2,0,0
2026-04-11,24_28,8.1,0,0
2026-04-12,04_06,6.8,0,0
2026-04-12,06_07,6.3,0,0
2026-04-12,07_08,6.4,0,0
2026-04-12,08_09,8.7,0,0
2026-04-12,09_10,11.2,0,0
2026-04-12,10_11,14.1,0,0
2026-04-12,11_12,16.2,0,0
2026-04-12,12_13,18.8,0,0
2026-04-12,13_14,20.5,0,0
2026-04-12,14_15,21.8,0,0
2026-04-12,15_16,22.6,0,0
2026-04-12,16_17,23.7,0,0
2026-04-12,17_18,23.2,0,0
2026-04-12,18_19,21.8,0,0
2026-04-12,19_20,19.9,0,0
2026-04-12,20_21,18.0,0,0
2026-04-12,21_22,16.8,0,0
2026-04-12,22_23,15.8,0,0
2026-04-12,23_24,14.9,0,0
2026-04-12,24_28,12.8,0,0
2026-04-13,04_06,10.4,0,0
2026-04-13,06_07,9.7,0,0
2026-04-13,07_08,10.0,0,0
2026-04-13,08_09,12.2,0,0
2026-04-13,09_10,14.9,0,0
2026-04-13,10_11,18.0,0,0
2026-04-13,11_12,20.5,0,0
2026-04-13,12_13,22.8,0,0
2026-04-13,13_14,24.7,0,0
2026-04-13,14_15,26.2,0,0
2026-04-13,15_16,26.9,0,0
2026-04-13,16_17,27.1,0,0
2026-04-13,17_18,26.7,0,0
2026-04-13,18_19,25.5,0,0
2026-04-13,19_20,23.6,0,0
2026-04-13,20_21,21.9,0,0
2026-04-13,21_22,20.7,0,0
2026-04-13,22_23,19.4,0,0
2026-04-13,23_24,18.3,0,0
2026-04-13,24_28,16.6,0,0
2026-04-14,04_06,15.4,0,0
2026-04-14,06_07,14.6,0,0
2026-04-14,07_08,14.5,0,0
2026-04-14,08_09,16.5,0,0
2026-04-14,09_10,19.2,0,0
2026-04-14,10_11,21.8,0,0
2026-04-14,11_12,23.7,0,0
2026-04-14,12_13,24.8,0,0
2026-04-14,13_14,26.3,0,0
2026-04-14,14_15,26.9,0,0
2026-04-14,15_16,27.8,0,0
2026-04-14,16_17,27.7,0,0
2026-04-14,17_18,27.5,0,0
2026-04-14,18_19,25.7,0,0
2026-04-14,19_20,23.3,0,0
2026-04-14,20_21,21.3,0,0
2026-04-14,21_22,20.2,0,0
2026-04-14,22_23,19.0,0,0
2026-04-14,23_24,18.2,0,0
2026-04-14,24_28,16.4,0,0
2026-04-15,04_06,14.6,0,0
2026-04-15,06_07,13.7,0,0
2026-04-15,07_08,13.5,0,0
2026-04-15,08_09,15.5,0,0
2026-04-15,09_10,18.0,0,0
2026-04-15,10_11,20.5,0,0
2026-04-15,11_12,22.1,0,0
2026-04-15,12_13,23.8,0,0
2026-04-15,13_14,25.1,0,0
2026-04-15,14_15,25.6,0,0
2026-04-15,15_16,26.1,0,0
2026-04-15,16_17,26.3,0,0
2026-04-15,17_18,24.9,0,0
2026-04-15,18_19,23.3,0,0
2026-04-15,19_20,21.7,0,0
2026-04-15,20_21,20.4,0,0
2026-04-15,21_22,19.5,0,0
2026-04-15,22_23,18.4,0,0
2026-04-15,23_24,17.3,0,0
2026-04-15,24_28,16.3,0,0
2026-04-16,04_06,14.0,0,0
2026-04-16,06_07,13.0,0,0
2026-04-16,07_08,13.3,0,0
2026-04-16,08_09,15.5,0,0
2026-04-16,09_10,17.8,0,0
2026-04-16,10_11,19.7,0,0
2026-04-16,11_12,21.3,0,0
2026-04-16,12_13,23.6,0,0
2026-04-16,13_14,24.9,0,0
2026-04-16,14_15,26.1,0,0
2026-04-16,15_16,27.2,0,0
2026-04-16,16_17,27.2,0,0
2026-04-16,17_18,26.3,0,0
2026-04-16,18_19,24.2,0,0
2026-04-16,19_20,22.1,0,0
2026-04-16,20_21,20.8,0,0
2026-04-16,21_22,19.9,0,0
2026-04-16,22_23,19.1,0,0
2026-04-16,23_24,18.6,0,0
2026-04-16,24_28,17.4,0,0
2026-04-17,04_06,16.5,0,0
2026-04-17,06_07,16.2,0,0
2026-04-17,07_08,16.0,0,0
2026-04-17,08_09,16.3,0,0
2026-04-17,09_10,17.7,0,0
2026-04-17,10_11,18.5,0,0
2026-04-17,11_12,19.1,0,0
2026-04-17,12_13,19.1,0,0
2026-04-17,13_14,20.0,0,0
2026-04-17,14_15,22.2,0,0
2026-04-17,15_16,21.5,0,0
2026-04-17,16_17,21.0,0,0
2026-04-17,17_18,19.6,0,0
2026-04-17,18_19,18.8,0,0
2026-04-17,19_20,17.3,0,0
2026-04-17,20_21,16.0,0,0
2026-04-17,21_22,15.4,0,0
2026-04-17,22_23,14.7,0,0
2026-04-17,23_24,13.9,0,0
2026-04-17,24_28,12.7,0,0
2026-04-18,04_06,11.8,0,0
2026-04-18,06_07,11.1,0,0
2026-04-18,07_08,11.2,0,0
2026-04-18,08_09,13.8,0,0
2026-04-18,09_10,16.7,0,0
2026-04-18,10_11,19.4,0,0
2026-04-18,11_12,20.9,0,0
2026-04-18,12_13,23.1,0,0
2026-04-18,13_14,24.3,0,0
2026-04-18,14_15,25.5,0,0
2026-04-18,15_16,26.7,0,0
2026-04-18,16_17,27.1,0,0
2026-04-18,17_18,26.6,0,0
2026-04-18,18_19,25.6,0,0
2026-04-18,19_20,23.3,0,0
2026-04-18,20_21,21.3,0,0
2026-04-18,21_22,20.1,0,0
2026-04-18,22_23,19.2,0,0
2026-04-18,23_24,18.5,0,0
2026-04-18,24_28,17.0,0,0
2026-04-19,04_06,15.4,0,0
2026-04-19,06_07,14.8,0,0
2026-04-19,07_08,14.7,0,0
2026-04-19,08_09,17.1,0,0
2026-04-19,09_10,20.3,0,0
2026-04-19,10_11,22.9,0,0
2026-04-19,11_12,25.6,0,0
2026-04-19,12_13,27.5,0,0
2026-04-19,13_14,28.8,0,0
2026-04-19,14_15,29.2,0,0
2026-04-19,15_16,28.8,0,0
2026-04-19,16_17,28.6,0,0
2026-04-19,17_18,27.8,0,0
2026-04-19,18_19,26.3,0,0
2026-04-19,19_20,23.9,0,0
2026-04-19,20_21,22.3,0,0
2026-04-19,21_22,21.2,0,0
2026-04-19,22_23,20.3,0,0
2026-04-19,23_24,18.6,0,0
2026-04-19,24_28,16.4,0,0
2026-04-20,04_06,14.4,0,0
2026-04-20,06_07,13.7,0,0
2026-04-20,07_08,14.6,0,0
2026-04-20,08_09,15.1,0,0
2026-04-20,09_10,15.8,0,0
2026-04-20,10_11,16.4,0,0
2026-04-20,11_12,17.5,0,0
2026-04-20,12_13,15.9,0,0
2026-04-20,13_14,14.8,1,0
2026-04-20,14_15,13.9,0,0
2026-04-20,15_16,13.2,0,0
2026-04-20,16_17,13.5,0,0
2026-04-20,17_18,14.3,0,0
2026-04-20,18_19,13.9,0,0
2026-04-20,19_20,12.6,0,0
2026-04-20,20_21,11.4,0,0
2026-04-20,21_22,10.8,0,0
2026-04-20,22_23,9.9,0,0
2026-04-20,23_24,9.5,0,0
2026-04-20,24_28,8.4,0,0
2026-04-21,04_06,7.2,0,0
2026-04-21,06_07,7.3,0,0
2026-04-21,07_08,7.6,0,0
2026-04-21,08_09,9.3,0,0
2026-04-21,09_10,11.5,0,0
2026-04-21,10_11,13.2,0,0
2026-04-21,11_12,15.4,0,0
2026-04-21,12_13,16.4,0,0
2026-04-21,13_14,16.7,0,0
2026-04-21,14_15,17.5,0,0
2026-04-21,15_16,17.6,0,0
2026-04-21,16_17,16.9,0,0
2026-04-21,17_18,15.4,0,0
2026-04-21,18_19,14.0,0,0
2026-04-21,19_20,13.1,0,0
2026-04-21,20_21,12.6,0,0
2026-04-21,21_22,12.1,0,0
2026-04-21,22_23,11.6,0,0
2026-04-21,23_24,11.1,0,0
2026-04-21,24_28,10.6,0,0
2026-04-22,04_06,10.2,0,0
2026-04-22,06_07,9.9,0,0
2026-04-22,07_08,10.0,0,0
2026-04-22,08_09,11.1,0,0
2026-04-22,09_10,12.4,0,0
2026-04-22,10_11,13.5,0,0
2026-04-22,11_12,15.1,0,0
2026-04-22,12_13,16.4,0,0
2026-04-22,13_14,17.7,0,0
2026-04-22,14_15,18.9,0,0
2026-04-22,15_16,19.9,0,0
2026-04-22,16_17,19.9,0,0
2026-04-22,17_18,19.2,0,0
2026-04-22,18_19,17.9,0,0
2026-04-22,19_20,16.4,0,0
2026-04-22,20_21,15.1,0,0
2026-04-22,21_22,14.1,0,0
2026-04-22,22_23,13.4,0,0
2026-04-22,23_24,12.9,0,0
2026-04-22,24_28,11.8,0,0
2026-04-23,04_06,10.5,0,0
2026-04-23,06_07,10.1,0,0
2026-04-23,07_08,11.1,0,0
2026-04-23,08_09,13.5,0,0
2026-04-23,09_10,15.6,0,0
2026-04-23,10_11,17.8,0,0
2026-04-23,11_12,19.7,0,0
2026-04-23,12_13,21.3,0,0
2026-04-23,13_14,22.4,0,0
2026-04-23,14_15,23.9,0,0
2026-04-23,15_16,24.2,0,0
2026-04-23,16_17,24.1,0,0
2026-04-23,17_18,23.4,0,0
2026-04-23,18_19,21.9,0,0
2026-04-23,19_20,20.6,0,0
2026-04-23,20_21,19.1,0,0
2026-04-23,21_22,17.6,0,0
2026-04-23,22_23,16.6,0,0
2026-04-23,23_24,15.2,0,0
2026-04-23,24_28,12.9,0,0
2026-04-24,04_06,10.4,0,0
2026-04-24,06_07,9.5,0,0
2026-04-24,07_08,10.5,0,0
2026-04-24,08_09,13.6,0,0
2026-04-24,09_10,16.2,0,0
2026-04-24,10_11,18.8,0,0
2026-04-24,11_12,20.4,0,0
2026-04-24,12_13,22.5,0,0
2026-04-24,13_14,23.8,0,0
2026-04-24,14_15,25.3,0,0
2026-04-24,15_16,26.3,0,0
2026-04-24,16_17,26.8,0,0
2026-04-24,17_18,26.1,0,0
2026-04-24,18_19,24.5,0,0
2026-04-24,19_20,21.9,0,0
2026-04-24,20_21,19.8,0,0
2026-04-24,21_22,18.3,0,0
2026-04-24,22_23,17.3,0,0
2026-04-24,23_24,16.2,0,0
2026-04-24,24_28,14.0,0,0
2026-04-25,04_06,12.0,0,0
2026-04-25,06_07,11.3,0,0
2026-04-25,07_08,11.7,0,0
2026-04-25,08_09,14.7,0,0
2026-04-25,09_10,17.8,0,0
2026-04-25,10_11,20.1,0,0
2026-04-25,11_12,22.3,0,0
2026-04-25,12_13,24.0,0,0
2026-04-25,13_14,25.4,0,0
2026-04-25,14_15,26.0,0,0
2026-04-25,15_16,25.7,0,0
2026-04-25,16_17,24.7,0,0
2026-04-25,17_18,24.1,0,0
2026-04-25,18_19,22.6,0,0
2026-04-25,19_20,20.6,0,0
2026-04-25,20_21,18.8,0,0
2026-04-25,21_22,17.4,0,0
2026-04-25,22_23,15.8,0,0
2026-04-25,23_24,15.1,0,0
2026-04-25,24_28,13.4,0,0
2026-04-26,04_06,12.0,0,0
2026-04-26,06_07,11.3,0,0
2026-04-26,07_08,11.6,0,0
2026-04-26,08_09,14.0,0,0
2026-04-26,09_10,17.3,0,0
2026-04-26,10_11,19.5,0,0
2026-04-26,11_12,21.3,0,0
2026-04-26,12_13,22.2,0,0
2026-04-26,13_14,23.4,0,0
2026-04-26,14_15,25.1,0,0
2026-04-26,15_16,24.9,0,0
2026-04-26,16_17,23.8,0,0
2026-04-26,17_18,23.0,0,0
2026-04-26,18_19,21.8,0,0
2026-04-26,19_20,19.7,0,0
2026-04-26,20_21,18.0,0,0
2026-04-26,21_22,16.9,0,0
2026-04-26,22_23,16.1,0,0
2026-04-26,23_24,15.6,0,0
2026-04-26,24_28,13.6,0,0
2026-04-27,04_06,13.6,0,0
2026-04-27,06_07,13.7,0,0
2026-04-27,07_08,14.0,0,0
2026-04-27,08_09,15.2,0,0
2026-04-27,09_10,17.7,0,0
2026-04-27,10_11,20.1,0,0
2026-04-27,11_12,21.3,0,0
2026-04-27,12_13,23.0,0,0
2026-04-27,13_14,21.5,0,0
2026-04-27,14_15,20.6,0,0
2026-04-27,15_16,19.5,0,0
2026-04-27,16_17,18.9,0,0
2026-04-27,17_18,18.5,0,0
2026-04-27,18_19,16.4,1,0
2026-04-27,19_20,14.5,0,0
2026-04-27,20_21,14.3,1,0
2026-04-27,21_22,13.3,1,0
2026-04-27,22_23,12.8,0,0
2026-04-27,23_24,12.7,0,0
2026-04-27,24_28,13.2,0,0
2026-04-28,04_06,12.0,1,0
2026-04-28,06_07,11.8,0,0
2026-04-28,07_08,11.8,0,0
2026-04-28,08_09,11.9,0,0
2026-04-28,09_10,12.1,0,0
2026-04-28,10_11,12.9,0,0
2026-04-28,11_12,13.8,0,0
2026-04-28,12_13,14.1,0,0
2026-04-28,13_14,14.7,0,0
2026-04-28,14_15,15.5,0,0
2026-04-28,15_16,15.6,0,0
2026-04-28,16_17,16.0,0,0
2026-04-28,17_18,15.9,0,0
2026-04-28,18_19,15.5,0,0
2026-04-28,19_20,14.9,0,0
2026-04-28,20_21,14.3,0,0
2026-04-28,21_22,13.1,0,0
2026-04-28,22_23,12.2,0,0
2026-04-28,23_24,11.8,0,0
2026-04-28,24_28,10.6,0,0
2026-04-29,04_06,9.2,0,0
2026-04-29,06_07,8.7,0,0
2026-04-29,07_08,9.1,0,0
2026-04-29,08_09,11.7,0,0
2026-04-29,09_10,13.5,0,0
2026-04-29,10_11,15.8,0,0
2026-04-29,11_12,18.1,0,0
2026-04-29,12_13,19.2,0,0
2026-04-29,13_14,19.9,0,0
2026-04-29,14_15,21.0,0,0
2026-04-29,15_16,21.2,0,0
2026-04-29,16_17,21.0,0,0
2026-04-29,17_18,20.9,0,0
2026-04-29,18_19,18.7,0,0
2026-04-29,19_20,16.5,0,0
2026-04-29,20_21,15.3,0,0
2026-04-29,21_22,14.6,0,0
2026-04-29,22_23,14.1,0,0
2026-04-29,23_24,13.6,0,0
2026-04-29,24_28,12.7,0,0
2026-04-30,04_06,11.8,0,0
2026-04-30,06_07,11.1,0,0
2026-04-30,07_08,11.1,0,0
2026-04-30,08_09,14.0,0,0
2026-04-30,09_10,16.7,0,0
2026-04-30,10_11,18.8,0,0
2026-04-30,11_12,21.2,0,0
2026-04-30,12_13,21.9,0,0
2026-04-30,13_14,23.0,0,0
2026-04-30,14_15,23.3,0,0
2026-04-30,15_16,24.2,0,0
2026-04-30,16_17,22.9,0,0
2026-04-30,17_18,21.9,0,0
2026-04-30,18_19,20.7,0,0
2026-04-30,19_20,18.3,0,0
2026-04-30,20_21,17.2,0,0
2026-04-30,21_22,16.8,0,0
2026-04-30,22_23,16.4,0,0
2026-04-30,23_24,16.1,0,0
2026-04-30,24_28,15.3,0,0
2026-05-01,04_06,14.1,0,0
2026-05-01,06_07,13.6,0,0
2026-05-01,07_08,13.6,0,0
2026-05-01,08_09,14.1,0,0
2026-05-01,09_10,15.9,0,0
2026-05-01,10_11,18.4,0,0
2026-05-01,11_12,19.5,0,0
2026-05-01,12_13,21.8,0,0
2026-05-01,13_14,22.7,0,0
2026-05-01,14_15,22.9,0,0
2026-05-01,15_16,23.8,0,0
2026-05-01,16_17,24.1,0,0
2026-05-01,17_18,23.8,0,0
2026-05-01,18_19,21.3,0,0
2026-05-01,19_20,18.8,0,0
2026-05-01,20_21,17.9,0,0
2026-05-01,21_22,16.5,0,0
2026-05-01,22_23,15.8,0,0
2026-05-01,23_24,15.2,0,0
2026-05-01,24_28,14.2,0,0
2026-05-02,04_06,13.2,0,0
2026-05-02,06_07,12.8,0,0
2026-05-02,07_08,13.6,0,0
2026-05-02,08_09,15.1,0,0
2026-05-02,09_10,16.9,0,0
2026-05-02,10_11,17.6,0,0
2026-05-02,11_12,19.4,0,0
2026-05-02,12_13,20.3,0,0
2026-05-02,13_14,21.0,0,0
2026-05-02,14_15,22.1,0,0
2026-05-02,15_16,21.9,0,0
2026-05-02,16_17,20.6,0,0
2026-05-02,17_18,20.3,0,0
2026-05-02,18_19,19.7,0,0
2026-05-02,19_20,17.9,0,0
2026-05-02,20_21,17.5,0,0
2026-05-02,21_22,17.2,1,0
2026-05-02,22_23,16.9,1,0
2026-05-02,23_24,16.0,1,0
2026-05-02,24_28,14.5,1,0
2026-05-03,04_06,13.0,1,0
2026-05-03,06_07,12.6,1,0
2026-05-03,07_08,12.6,1,0
2026-05-03,08_09,12.6,1,0
2026-05-03,09_10,12.9,1,0
2026-05-03,10_11,13.1,1,0
2026-05-03,11_12,13.4,0,0
2026-05-03,12_13,13.4,1,0
2026-05-03,13_14,13.5,1,0
2026-05-03,14_15,14.0,0,0
2026-05-03,15_16,14.4,0,0
2026-05-03,16_17,14.8,0,0
2026-05-03,17_18,14.5,0,0
2026-05-03,18_19,13.1,0,0
2026-05-03,19_20,12.8,1,0
2026-05-03,20_21,12.0,0,0
2026-05-03,21_22,12.1,1,0
2026-05-03,22_23,12.2,1,0
2026-05-03,23_24,11.8,1,0
2026-05-03,24_28,10.4,1,0
2026-05-04,04_06,9.0,0,0
2026-05-04,06_07,8.3,0,0
2026-05-04,07_08,8.6,0,0
2026-05-04,08_09,10.7,0,0
2026-05-04,09_10,12.7,0,0
2026-05-04,10_11,14.6,0,0
2026-05-04,11_12,17.4,0,0
2026-05-04,12_13,17.3,0,0
2026-05-04,13_14,18.4,0,0
2026-05-04,14_15,19.1,0,0
2026-05-04,15_16,19.1,0,0
2026-05-04,16_17,19.5,0,0
2026-05-04,17_18,19.2,0,0
2026-05-04,18_19,18.1,0,0
2026-05-04,19_20,16.5,0,0
2026-05-04,20_21,14.9,0,0
2026-05-04,21_22,13.7,0,0
2026-05-04,22_23,12.7,0,0
2026-05-04,23_24,11.9,0,0
2026-05-04,24_28,10.4,0,0
2026-05-05,04_06,9.0,0,0
2026-05-05,06_07,8.4,0,0
2026-05-05,07_08,8.9,0,0
2026-05-05,08_09,11.7,0,0
2026-05-05,09_10,13.8,0,0
2026-05-05,10_11,15.7,0,0
2026-05-05,11_12,17.6,0,0
2026-05-05,12_13,18.7,0,0
2026-05-05,13_14,19.6,0,0
2026-05-05,14_15,19.9,0,0
2026-05-05,15_16,20.6,0,0
2026-05-05,16_17,20.8,0,0
2026-05-05,17_18,20.1,0,0
2026-05-05,18_19,19.0,0,0
2026-05-05,19_20,16.9,0,0
2026-05-05,20_21,15.2,0,0
2026-05-05,21_22,13.8,0,0
2026-05-05,22_23,12.8,0,0
2026-05-05,23_24,12.0,0,0
2026-05-05,24_28,10.9,0,0
2026-05-06,04_06,9.4,0,0
2026-05-06,06_07,9.3,0,0
2026-05-06,07_08,10.5,0,0
2026-05-06,08_09,12.9,0,0
2026-05-06,09_10,15.7,0,0
2026-05-06,10_11,17.8,0,0
2026-05-06,11_12,20.0,0,0
2026-05-06,12_13,21.2,0,0
2026-05-06,13_14,23.1,0,0
2026-05-06,14_15,23.1,0,0
2026-05-06,15_16,23.7,0,0
2026-05-06,16_17,22.9,0,0
2026-05-06,17_18,22.1,0,0
2026-05-06,18_19,21.3,0,0
2026-05-06,19_20,19.6,0,0
2026-05-06,20_21,18.4,0,0
2026-05-06,21_22,17.4,0,0
2026-05-06,22_23,16.6,0,0
2026-05-06,23_24,16.4,0,0
2026-05-06,24_28,15.4,0,0
2026-05-07,04_06,13.8,0,0
2026-05-07,06_07,13.1,0,0
2026-05-07,07_08,13.7,0,0
2026-05-07,08_09,15.9,0,0
2026-05-07,09_10,17.1,0,0
2026-05-07,10_11,18.2,0,0
2026-05-07,11_12,20.0,0,0
2026-05-07,12_13,19.9,0,0
2026-05-07,13_14,19.0,0,0
2026-05-07,14_15,17.8,0,0
2026-05-07,15_16,17.0,1,0
2026-05-07,16_17,15.3,1,0
2026-05-07,17_18,15.0,1,0
2026-05-07,18_19,14.5,0,0
2026-05-07,19_20,14.0,0,0
2026-05-07,20_21,13.8,0,0
2026-05-07,21_22,13.7,0,0
2026-05-07,22_23,13.6,0,0
2026-05-07,23_24,13.6,0,0
2026-05-07,24_28,12.4,0,0
2026-05-08,04_06,10.6,0,0
2026-05-08,06_07,10.0,0,0
2026-05-08,07_08,10.2,0,0
2026-05-08,08_09,12.2,0,0
2026-05-08,09_10,14.1,0,0
2026-05-08,10_11,15.9,0,0
2026-05-08,11_12,17.4,0,0
2026-05-08,12_13,17.6,0,0
2026-05-08,13_14,19.3,0,0
2026-05-08,14_15,20.2,0,0
2026-05-08,15_16,19.8,0,0
2026-05-08,16_17,19.0,0,0
2026-05-08,17_18,19.5,0,0
2026-05-08,18_19,19.4,0,0
2026-05-08,19_20,17.9,0,0
2026-05-08,20_21,16.6,0,0
2026-05-08,21_22,15.9,0,0
2026-05-08,22_23,14.9,0,0
2026-05-08,23_24,14.1,0,0
2026-05-08,24_28,12.6,0,0
2026-05-09,04_06,10.6,0,0
2026-05-09,06_07,9.8,0,0
2026-05-09,07_08,10.7,0,0
2026-05-09,08_09,13.3,0,0
2026-05-09,09_10,16.2,0,0
2026-05-09,10_11,18.0,0,0
2026-05-09,11_12,19.7,0,0
2026-05-09,12_13,21.0,0,0
2026-05-09,13_14,22.4,0,0
2026-05-09,14_15,22.3,0,0
2026-05-09,15_16,21.9,0,0
2026-05-09,16_17,20.4,0,0
2026-05-09,17_18,19.8,0,0
2026-05-09,18_19,19.0,0,0
2026-05-09,19_20,18.2,0,0
2026-05-09,20_21,16.4,0,0
2026-05-09,21_22,15.1,0,0
2026-05-09,22_23,14.3,0,0
2026-05-09,23_24,13.3,0,0
2026-05-09,24_28,11.8,0,0
2026-05-10,04_06,10.5,0,0
2026-05-10,06_07,10.2,0,0
2026-05-10,07_08,11.1,0,0
2026-05-10,08_09,13.9,0,0
2026-05-10,09_10,16.6,0,0
2026-05-10,10_11,19.2,0,0
2026-05-10,11_12,21.0,0,0
2026-05-10,12_13,22.3,0,0
2026-05-10,13_14,23.5,0,0
2026-05-10,14_15,24.2,0,0
2026-05-10,15_16,24.1,0,0
2026-05-10,16_17,23.8,0,0
2026-05-10,17_18,23.3,0,0
2026-05-10,18_19,21.6,0,0
2026-05-10,19_20,19.8,0,0
2026-05-10,20_21,17.9,0,0
2026-05-10,21_22,16.4,0,0
2026-05-10,22_23,15.2,0,0
2026-05-10,23_24,14.6,0,0
2026-05-10,24_28,14.2,0,0
2026-05-11,04_06,13.2,0,0
2026-05-11,06_07,13.6,0,0
2026-05-11,07_08,14.5,0,0
2026-05-11,08_09,15.4,0,0
2026-05-11,09_10,15.8,0,0
2026-05-11,10_11,16.7,0,0
2026-05-11,11_12,18.2,0,0
2026-05-11,12_13,19.1,0,0
2026-05-11,13_14,20.8,0,0
2026-05-11,14_15,20.7,0,0
2026-05-11,15_16,20.5,1,0
2026-05-11,16_17,18.7,1,0
2026-05-11,17_18,18.6,0,0
2026-05-11,18_19,18.2,0,0
2026-05-11,19_20,18.0,0,0
2026-05-11,20_21,17.9,0,0
2026-05-11,21_22,17.6,0,0
2026-05-11,22_23,17.2,0,0
2026-05-11,23_24,16.8,0,0
2026-05-11,24_28,16.0,1,0
2026-05-12,04_06,15.4,1,0
2026-05-12,06_07,15.5,0,0
2026-05-12,07_08,15.7,0,0
2026-05-12,08_09,15.9,0,0
2026-05-12,09_10,17.1,0,0
2026-05-12,10_11,18.2,0,0
2026-05-12,11_12,19.1,0,0
2026-05-12,12_13,20.8,0,0
2026-05-12,13_14,22.3,0,0
2026-05-12,14_15,22.8,0,0
2026-05-12,15_16,23.9,0,0
2026-05-12,16_17,24.5,0,0
2026-05-12,17_18,24.3,0,0
2026-05-12,18_19,23.6,0,0
2026-05-12,19_20,21.8,0,0
2026-05-12,20_21,20.4,0,0
2026-05-12,21_22,19.3,0,0
2026-05-12,22_23,18.0,0,0
2026-05-12,23_24,17.3,0,0
2026-05-12,24_28,15.7,0,0
2026-05-13,04_06,13.9,0,0
2026-05-13,06_07,13.4,0,0
2026-05-13,07_08,14.2,0,0
2026-05-13,08_09,16.2,0,0
2026-05-13,09_10,19.1,0,0
2026-05-13,10_11,21.2,0,0
2026-05-13,11_12,23.3,0,0
2026-05-13,12_13,24.2,0,0
2026-05-13,13_14,24.6,0,0
2026-05-13,14_15,25.7,0,0
2026-05-13,15_16,25.6,0,0
2026-05-13,16_17,23.7,0,0
2026-05-13,17_18,23.5,0,0
2026-05-13,18_19,22.9,0,0
2026-05-13,19_20,21.5,0,0
2026-05-13,20_21,20.6,0,0
2026-05-13,21_22,19.9,0,0
2026-05-13,22_23,19.3,0,0
2026-05-13,23_24,18.5,0,0
2026-05-13,24_28,16.8,0,0
2026-05-14,04_06,15.4,0,0
2026-05-14,06_07,15.3,0,0
2026-05-14,07_08,15.8,0,0
2026-05-14,08_09,19.1,0,0
2026-05-14,09_10,21.9,0,0
2026-05-14,10_11,24.1,0,0
2026-05-14,11_12,26.2,0,0
2026-05-14,12_13,27.9,0,0
2026-05-14,13_14,29.2,0,0
2026-05-14,14_15,30.3,0,0
2026-05-14,15_16,31.0,0,0
2026-05-14,16_17,31.3,0,0
2026-05-14,17_18,30.2,0,0
2026-05-14,18_19,28.9,0,0
2026-05-14,19_20,27.1,0,0
2026-05-14,20_21,25.6,0,0
2026-05-14,21_22,24.5,0,0
2026-05-14,22_23,23.8,0,0
2026-05-14,23_24,23.1,0,0
2026-05-14,24_28,21.6,0,0
2026-05-15,04_06,19.2,0,0
2026-05-15,06_07,18.3,0,0
2026-05-15,07_08,18.7,0,0
2026-05-15,08_09,21.2,0,0
2026-05-15,09_10,23.5,0,0
2026-05-15,10_11,24.9,0,0
2026-05-15,11_12,26.8,0,0
2026-05-15,12_13,28.2,0,0
2026-05-15,13_14,29.1,0,0
2026-05-15,14_15,30.6,0,0
2026-05-15,15_16,30.9,0,0
2026-05-15,16_17,29.9,0,0
2026-05-15,17_18,28.8,0,0
2026-05-15,18_19,27.8,0,0
2026-05-15,19_20,25.9,0,0
2026-05-15,20_21,24.2,0,0
2026-05-15,21_22,23.1,0,0
2026-05-15,22_23,22.2,0,0
2026-05-15,23_24,21.6,0,0
2026-05-15,24_28,20.0,0,0
2026-05-16,04_06,18.2,0,0
2026-05-16,06_07,17.6,0,0
2026-05-16,07_08,18.2,0,0
2026-05-16,08_09,21.0,0,0
2026-05-16,09_10,23.4,0,0
2026-05-16,10_11,25.2,0,0
2026-05-16,11_12,26.5,0,0
2026-05-16,12_13,27.7,0,0
2026-05-16,13_14,29.0,0,0
2026-05-16,14_15,29.1,0,0
2026-05-16,15_16,29.6,0,0
2026-05-16,16_17,29.5,0,0
2026-05-16,17_18,28.4,0,0
2026-05-16,18_19,26.9,0,0
2026-05-16,19_20,25.0,0,0
2026-05-16,20_21,22.8,0,0
2026-05-16,21_22,21.5,0,0
2026-05-16,22_23,21.1,0,0
2026-05-16,23_24,20.1,0,0
2026-05-16,24_28,18.2,0,0
2026-05-17,04_06,16.8,0,0
2026-05-17,06_07,16.2,0,0
2026-05-17,07_08,17.5,0,0
2026-05-17,08_09,19.9,0,0
2026-05-17,09_10,22.2,0,0
2026-05-17,10_11,24.0,0,0
2026-05-17,11_12,25.8,0,0
2026-05-17,12_13,26.6,0,0
2026-05-17,13_14,27.9,0,0
2026-05-17,14_15,28.3,0,0
2026-05-17,15_16,29.1,0,0
2026-05-17,16_17,28.8,0,0
2026-05-17,17_18,28.4,0,0
2026-05-17,18_19,27.1,0,0
2026-05-17,19_20,25.0,0,0
2026-05-17,20_21,22.8,0,0
2026-05-17,21_22,21.6,0,0
2026-05-17,22_23,20.6,0,0
2026-05-17,23_24,19.3,0,0
2026-05-17,24_28,17.7,0,0
2026-05-18,04_06,16.6,0,0
2026-05-18,06_07,15.8,0,0
2026-05-18,07_08,16.8,0,0
2026-05-18,08_09,20.5,0,0
2026-05-18,09_10,23.3,0,0
2026-05-18,10_11,25.7,0,0
2026-05-18,11_12,27.5,0,0
2026-05-18,12_13,28.7,0,0
2026-05-18,13_14,29.7,0,0
2026-05-18,14_15,29.7,0,0
2026-05-18,15_16,29.6,0,0
2026-05-18,16_17,29.2,0,0
2026-05-18,17_18,28.3,0,0
2026-05-18,18_19,26.7,0,0
2026-05-18,19_20,24.7,0,0
2026-05-18,20_21,23.2,0,0
2026-05-18,21_22,22.3,0,0
2026-05-18,22_23,21.8,0,0
2026-05-18,23_24,21.4,0,0
2026-05-18,24_28,20.8,0,0
2026-05-19,04_06,20.4,0,0
2026-05-19,06_07,20.1,0,0
2026-05-19,07_08,19.9,0,0
2026-05-19,08_09,20.8,0,0
2026-05-19,09_10,21.7,0,0
2026-05-19,10_11,23.4,0,0
2026-05-19,11_12,24.3,0,0
2026-05-19,12_13,25.1,0,0
2026-05-19,13_14,25.0,0,0
2026-05-19,14_15,24.4,0,0
2026-05-19,15_16,23.5,0,0
2026-05-19,16_17,23.7,0,0
2026-05-19,17_18,23.1,0,0
2026-05-19,18_19,22.6,0,0
2026-05-19,19_20,21.9,0,0
2026-05-19,20_21,21.8,0,0
2026-05-19,21_22,21.4,0,0
2026-05-19,22_23,21.4,0,0
2026-05-19,23_24,21.4,0,0
2026-05-19,24_28,21.4,0,0
2026-05-20,04_06,20.6,1,0
2026-05-20,06_07,20.2,1,0
2026-05-20,07_08,18.1,1,0
2026-05-20,08_09,17.1,1,0
2026-05-20,09_10,17.1,1,0
2026-05-20,10_11,16.7,1,0
2026-05-20,11_12,16.3,1,0
2026-05-20,12_13,15.9,1,0
2026-05-20,13_14,15.6,1,0
2026-05-20,14_15,15.8,1,0
2026-05-20,15_16,15.9,1,0
2026-05-20,16_17,15.8,1,0
2026-05-20,17_18,15.7,1,0
2026-05-20,18_19,15.5,1,0
2026-05-20,19_20,15.4,1,0
2026-05-20,20_21,15.3,1,0
2026-05-20,21_22,15.1,1,0
2026-05-20,22_23,15.0,1,0
2026-05-20,23_24,14.9,1,0
2026-05-20,24_28,14.7,1,0
2026-05-21,04_06,14.8,1,0
2026-05-21,06_07,15.0,0,0
2026-05-21,07_08,15.2,0,0
2026-05-21,08_09,15.5,1,0
2026-05-21,09_10,15.9,1,0
2026-05-21,10_11,16.2,1,0
2026-05-21,11_12,16.7,0,0
2026-05-21,12_13,17.4,0,0
2026-05-21,13_14,17.2,1,0
2026-05-21,14_15,17.6,0,0
2026-05-21,15_16,18.5,0,0
2026-05-21,16_17,20.0,0,0
2026-05-21,17_18,20.1,0,0
2026-05-21,18_19,19.7,0,0
2026-05-21,19_20,19.2,0,0
2026-05-21,20_21,18.6,0,0
2026-05-21,21_22,18.4,0,0
2026-05-21,22_23,18.1,0,0
2026-05-21,23_24,17.4,0,0
2026-05-21,24_28,15.7,0,0
2026-05-22,04_06,15.4,0,0
2026-05-22,06_07,15.1,0,0
2026-05-22,07_08,16.0,0,0
2026-05-22,08_09,17.9,0,0
2026-05-22,09_10,19.5,0,0
2026-05-22,10_11,21.5,0,0
2026-05-22,11_12,22.8,0,0
2026-05-22,12_13,23.7,0,0
2026-05-22,13_14,24.8,0,0
2026-05-22,14_15,25.9,0,0
2026-05-22,15_16,26.4,0,0
2026-05-22,16_17,26.7,0,0
2026-05-22,17_18,26.8,0,0
2026-05-22,18_19,25.6,0,0
2026-05-22,19_20,24.0,0,0
2026-05-22,20_21,22.3,0,0
2026-05-22,21_22,21.1,0,0
2026-05-22,22_23,20.2,0,0
2026-05-22,23_24,19.4,0,0
2026-05-22,24_28,17.8,0,0
2026-05-23,04_06,16.8,0,0
2026-05-23,06_07,16.1,0,0
2026-05-23,07_08,16.3,0,0
2026-05-23,08_09,16.7,0,0
2026-05-23,09_10,16.4,0,0
2026-05-23,10_11,17.2,0,0
2026-05-23,11_12,18.9,0,0
2026-05-23,12_13,19.5,0,0
2026-05-23,13_14,21.1,0,0
2026-05-23,14_15,22.6,0,0
2026-05-23,15_16,23.7,0,0
2026-05-23,16_17,24.1,0,0
2026-05-23,17_18,24.6,0,0
2026-05-23,18_19,24.2,0,0
2026-05-23,19_20,22.6,0,0
2026-05-23,20_21,20.5,0,0
2026-05-23,21_22,19.5,0,0
2026-05-23,22_23,18.5,0,0
2026-05-23,23_24,17.9,0,0
2026-05-23,24_28,16.5,0,0
2026-05-24,04_06,15.2,0,0
2026-05-24,06_07,14.8,0,0
2026-05-24,07_08,15.8,0,0
2026-05-24,08_09,18.2,0,0
2026-05-24,09_10,20.5,0,0
2026-05-24,10_11,22.7,0,0
2026-05-24,11_12,24.2,0,0
2026-05-24,12_13,25.5,0,0
2026-05-24,13_14,26.5,0,0
2026-05-24,14_15,27.5,0,0
2026-05-24,15_16,28.5,0,0
2026-05-24,16_17,28.9,0,0
2026-05-24,17_18,28.9,0,0
2026-05-24,18_19,28.0,0,0
2026-05-24,19_20,26.4,0,0
2026-05-24,20_21,24.7,0,0
2026-05-24,21_22,23.2,0,0
2026-05-24,22_23,22.2,0,0
2026-05-24,23_24,21.3,0,0
2026-05-24,24_28,19.6,0,0
2026-05-25,04_06,18.4,0,0
2026-05-25,06_07,18.1,0,0
2026-05-25,07_08,19.2,0,0
2026-05-25,08_09,21.5,0,0
2026-05-25,09_10,23.8,0,0
2026-05-25,10_11,25.7,0,0
2026-05-25,11_12,27.0,0,0
2026-05-25,12_13,27.6,0,0
2026-05-25,13_14,28.5,0,0
2026-05-25,14_15,29.3,0,0
2026-05-25,15_16,29.6,0,0
2026-05-25,16_17,29.7,0,0
2026-05-25,17_18,29.4,0,0
2026-05-25,18_19,28.8,0,0
2026-05-25,19_20,27.1,0,0
2026-05-25,20_21,25.9,0,0
2026-05-25,21_22,24.9,0,0
2026-05-25,22_23,24.3,0,0
2026-05-25,23_24,23.7,0,0
2026-05-25,24_28,22.9,0,0
2026-05-26,04_06,22.2,0,0
2026-05-26,06_07,21.8,0,0
2026-05-26,07_08,22.4,0,0
2026-05-26,08_09,23.7,0,0
2026-05-26,09_10,24.8,0,0
2026-05-26,10_11,26.3,0,0
2026-05-26,11_12,27.7,0,0
2026-05-26,12_13,28.7,0,0
2026-05-26,13_14,28.9,0,0
2026-05-26,14_15,28.6,0,0
2026-05-26,15_16,28.2,0,0
2026-05-26,16_17,27.6,0,0
2026-05-26,17_18,27.0,0,0
2026-05-26,18_19,26.6,0,0
2026-05-26,19_20,25.4,1,0
2026-05-26,20_21,24.6,0,0
2026-05-26,21_22,24.1,1,0
2026-05-26,22_23,22.9,1,0
2026-05-26,23_24,22.6,0,0
2026-05-26,24_28,22.4,0,0
2026-05-27,04_06,21.8,1,0
2026-05-27,06_07,21.2,1,0
2026-05-27,07_08,21.1,1,0
2026-05-27,08_09,20.6,0,0
2026-05-27,09_10,21.3,0,0
2026-05-27,10_11,22.0,0,0
2026-05-27,11_12,22.9,0,0
2026-05-27,12_13,24.1,0,0
2026-05-27,13_14,25.0,0,0
2026-05-27,14_15,25.1,0,0
2026-05-27,15_16,24.7,0,0
2026-05-27,16_17,24.4,0,0
2026-05-27,17_18,23.9,0,0
2026-05-27,18_19,23.4,1,0
2026-05-27,19_20,22.4,0,0
2026-05-27,20_21,21.5,1,0
2026-05-27,21_22,21.1,1,0
2026-05-27,22_23,20.8,1,0
2026-05-27,23_24,20.5,0,0
2026-05-27,24_28,19.8,1,0
2026-05-28,04_06,19.4,1,0
2026-05-28,06_07,18.8,0,0
2026-05-28,07_08,19.0,0,0
2026-05-28,08_09,19.0,1,0
2026-05-28,09_10,19.1,1,0
2026-05-28,10_11,19.7,0,0
2026-05-28,11_12,20.7,0,0
2026-05-28,12_13,21.8,0,0
2026-05-28,13_14,23.5,0,0
2026-05-28,14_15,25.3,0,0
2026-05-28,15_16,26.2,0,0
2026-05-28,16_17,26.2,0,0
2026-05-28,17_18,24.7,0,0
2026-05-28,18_19,24.4,0,0
2026-05-28,19_20,22.7,0,0
2026-05-28,20_21,21.4,0,0
2026-05-28,21_22,19.7,0,0
2026-05-28,22_23,18.7,0,0
2026-05-28,23_24,17.8,0,0
2026-05-28,24_28,17.3,0,0
2026-05-29,04_06,16.7,0,0
2026-05-29,06_07,16.6,0,0
2026-05-29,07_08,17.3,0,0
2026-05-29,08_09,19.2,0,0
2026-05-29,09_10,21.4,0,0
2026-05-29,10_11,22.8,0,0
2026-05-29,11_12,24.0,0,0
2026-05-29,12_13,25.3,0,0
2026-05-29,13_14,25.9,0,0
2026-05-29,14_15,26.3,0,0
2026-05-29,15_16,26.7,0,0
2026-05-29,16_17,26.6,0,0
2026-05-29,17_18,26.4,0,0
2026-05-29,18_19,25.8,0,0
2026-05-29,19_20,23.9,0,0
2026-05-29,20_21,22.5,0,0
2026-05-29,21_22,20.9,0,0
2026-05-29,22_23,20.1,0,0
2026-05-29,23_24,19.4,0,0
2026-05-29,24_28,17.6,0,0
2026-05-30,04_06,16.1,0,0
2026-05-30,06_07,16.0,0,0
2026-05-30,07_08,17.1,0,0
2026-05-30,08_09,19.5,0,0
2026-05-30,09_10,21.5,0,0
2026-05-30,10_11,23.3,0,0
2026-05-30,11_12,25.0,0,0
2026-05-30,12_13,26.3,0,0
2026-05-30,13_14,27.6,0,0
2026-05-30,14_15,28.3,0,0
2026-05-30,15_16,28.9,0,0
2026-05-30,16_17,28.2,0,0
2026-05-30,17_18,27.7,0,0
2026-05-30,18_19,27.1,0,0
2026-05-30,19_20,25.7,0,0
2026-05-30,20_21,24.3,0,0
2026-05-30,21_22,22.9,0,0
2026-05-30,22_23,21.9,0,0
2026-05-30,23_24,21.4,0,0
2026-05-30,24_28,19.6,0,0
2026-05-31,04_06,18.0,0,0
2026-05-31,06_07,17.6,0,0
2026-05-31,07_08,19.0,0,0
2026-05-31,08_09,21.7,0,0
2026-05-31,09_10,23.9,0,0
2026-05-31,10_11,25.7,0,0
2026-05-31,11_12,27.5,0,0
2026-05-31,12_13,29.1,0,0
2026-05-31,13_14,29.7,0,0
2026-05-31,14_15,30.2,0,0
2026-05-31,15_16,30.7,0,0
2026-05-31,16_17,30.4,0,0
2026-05-31,17_18,29.7,0,0
2026-05-31,18_19,29.1,0,0
2026-05-31,19_20,27.3,0,0
2026-05-31,20_21,25.3,0,0
2026-05-31,21_22,24.0,0,0
2026-05-31,22_23,22.7,0,0
2026-05-31,23_24,21.6,0,0
2026-05-31,24_28,20.2,0,0
2026-06-01,04_06,18.7,0,0
2026-06-01,06_07,18.4,0,0
2026-06-01,07_08,18.6,0,0
2026-06-01,08_09,20.4,0,0
2026-06-01,09_10,22.5,0,0
2026-06-01,10_11,25.2,0,0
2026-06-01,11_12,27.1,0,0
2026-06-01,12_13,27.9,0,0
2026-06-01,13_14,28.7,0,0
2026-06-01,14_15,28.2,0,0
2026-06-01,15_16,27.6,0,0
2026-06-01,16_17,26.3,0,0
2026-06-01,17_18,25.8,0,0
2026-06-01,18_19,25.1,0,0
2026-06-01,19_20,24.9,0,0
2026-06-01,20_21,23.9,0,0
2026-06-01,21_22,22.1,0,0
2026-06-01,22_23,21.4,0,0
2026-06-01,23_24,20.4,0,0
2026-06-01,24_28,19.2,0,0
2026-06-02,04_06,18.0,0,0
2026-06-02,06_07,17.7,0,0
2026-06-02,07_08,19.2,0,0
2026-06-02,08_09,22.1,0,0
2026-06-02,09_10,24.6,0,0
2026-06-02,10_11,26.6,0,0
2026-06-02,11_12,28.3,0,0
2026-06-02,12_13,29.8,0,0
2026-06-02,13_14,30.8,0,0
2026-06-02,14_15,31.1,0,0
2026-06-02,15_16,30.8,0,0
2026-06-02,16_17,30.9,0,0
2026-06-02,17_18,31.3,0,0
2026-06-02,18_19,30.9,0,0
2026-06-02,19_20,29.5,0,0
2026-06-02,20_21,27.8,0,0
2026-06-02,21_22,26.8,0,0
2026-06-02,22_23,26.0,0,0
2026-06-02,23_24,24.9,0,0
2026-06-02,24_28,23.2,0,0
2026-06-03,04_06,21.6,0,0
2026-06-03,06_07,20.8,0,0
2026-06-03,07_08,21.4,0,0
2026-06-03,08_09,23.8,0,0
2026-06-03,09_10,25.3,0,0
2026-06-03,10_11,27.1,0,0
2026-06-03,11_12,28.4,0,0
2026-06-03,12_13,30.1,0,0
2026-06-03,13_14,30.4,0,0
2026-06-03,14_15,30.7,0,0
2026-06-03,15_16,30.1,0,0
2026-06-03,16_17,29.8,0,0
2026-06-03,17_18,29.1,0,0
2026-06-03,18_19,27.7,0,0
2026-06-03,19_20,26.5,0,0
2026-06-03,20_21,25.3,0,0
2026-06-03,21_22,24.6,0,0
2026-06-03,22_23,24.0,0,0
2026-06-03,23_24,23.5,0,0
2026-06-03,24_28,23.0,0,0
2026-06-04,04_06,22.8,0,0
2026-06-04,06_07,22.8,0,0
2026-06-04,07_08,23.3,0,0
2026-06-04,08_09,24.3,0,0
2026-06-04,09_10,25.9,0,0
2026-06-04,10_11,26.8,0,0
2026-06-04,11_12,27.5,0,0
2026-06-04,12_13,27.4,0,0
2026-06-04,13_14,28.4,1,0
2026-06-04,14_15,26.6,1,0
2026-06-04,15_16,26.5,0,0
2026-06-04,16_17,25.1,0,0
2026-06-04,17_18,23.8,0,0
2026-06-04,18_19,22.6,1,0
2026-06-04,19_20,20.9,1,0
2026-06-04,20_21,20.6,0,0
2026-06-04,21_22,20.7,0,0
2026-06-04,22_23,20.8,0,0
2026-06-04,23_24,20.2,0,0
2026-06-04,24_28,19.6,0,0
2026-06-05,04_06,18.4,0,0
2026-06-05,06_07,18.0,0,0
2026-06-05,07_08,17.5,0,0
2026-06-05,08_09,18.3,0,0
2026-06-05,09_10,18.9,0,0
2026-06-05,10_11,19.4,0,0
2026-06-05,11_12,20.8,0,0
2026-06-05,12_13,21.8,0,0
2026-06-05,13_14,22.4,0,0
2026-06-05,14_15,23.8,0,0
2026-06-05,15_16,24.5,0,0
2026-06-05,16_17,25.2,0,0
2026-06-05,17_18,24.6,0,0
2026-06-05,18_19,24.2,0,0
2026-06-05,19_20,22.7,0,0
2026-06-05,20_21,21.5,0,0
2026-06-05,21_22,20.4,0,0
2026-06-05,22_23,19.7,0,0
2026-06-05,23_24,19.0,0,0
2026-06-05,24_28,17.5,0,0
2026-06-06,04_06,16.2,0,0
2026-06-06,06_07,15.7,0,0
2026-06-06,07_08,16.9,0,0
2026-06-06,08_09,19.2,0,0
2026-06-06,09_10,21.0,0,0
2026-06-06,10_11,22.6,0,0
2026-06-06,11_12,24.2,0,0
2026-06-06,12_13,25.4,0,0
2026-06-06,13_14,26.9,0,0
2026-06-06,14_15,27.3,0,0
2026-06-06,15_16,27.0,0,0
2026-06-06,16_17,27.3,0,0
2026-06-06,17_18,27.1,0,0
2026-06-06,18_19,26.2,0,0
2026-06-06,19_20,25.0,0,0
2026-06-06,20_21,24.0,0,0
2026-06-06,21_22,23.4,0,0
2026-06-06,22_23,23.3,0,0
2026-06-06,23_24,22.7,0,0
2026-06-06,24_28,22.4,0,0
2026-06-07,04_06,21.3,0,0
2026-06-07,06_07,20.8,0,0
2026-06-07,07_08,21.1,0,0
2026-06-07,08_09,21.8,0,0
2026-06-07,09_10,22.4,0,0
2026-06-07,10_11,22.3,0,0
2026-06-07,11_12,22.3,0,0
2026-06-07,12_13,22.8,0,0
2026-06-07,13_14,22.7,0,0
2026-06-07,14_15,22.7,0,0
2026-06-07,15_16,22.9,0,0
2026-06-07,16_17,23.4,0,0
2026-06-07,17_18,24.1,0,0
2026-06-07,18_19,24.6,0,0
2026-06-07,19_20,23.7,0,0
2026-06-07,20_21,22.4,0,0
2026-06-07,21_22,21.6,0,0
2026-06-07,22_23,20.8,0,0
2026-06-07,23_24,20.2,0,0
2026-06-07,24_28,19.3,0,0
2026-06-08,04_06,18.1,0,0
2026-06-08,06_07,17.3,0,0
2026-06-08,07_08,17.0,0,0
2026-06-08,08_09,17.3,0,0
2026-06-08,09_10,17.9,0,0
2026-06-08,10_11,19.6,0,0
2026-06-08,11_12,21.9,0,0
2026-06-08,12_13,23.8,0,0
2026-06-08,13_14,25.5,0,0
2026-06-08,14_15,24.7,0,0
2026-06-08,15_16,25.5,0,0
2026-06-08,16_17,25.9,0,0
2026-06-08,17_18,25.4,0,0
2026-06-08,18_19,24.6,0,0
2026-06-08,19_20,24.0,0,0
2026-06-08,20_21,22.5,0,0
2026-06-08,21_22,21.4,0,0
2026-06-08,22_23,20.6,0,0
2026-06-08,23_24,20.3,0,0
2026-06-08,24_28,18.6,0,0
2026-06-09,04_06,16.6,0,0
2026-06-09,06_07,16.2,0,0
2026-06-09,07_08,17.4,0,0
2026-06-09,08_09,19.9,0,0
2026-06-09,09_10,22.0,0,0
2026-06-09,10_11,23.5,0,0
2026-06-09,11_12,25.1,0,0
2026-06-09,12_13,26.3,0,0
2026-06-09,13_14,27.5,0,0
2026-06-09,14_15,26.9,0,0
2026-06-09,15_16,27.6,0,0
2026-06-09,16_17,25.9,0,0
2026-06-09,17_18,25.3,0,0
2026-06-09,18_19,24.1,0,0
2026-06-09,19_20,23.1,0,0
2026-06-09,20_21,21.2,1,0
2026-06-09,21_22,19.8,0,0
2026-06-09,22_23,19.7,0,0
2026-06-09,23_24,19.1,0,0
2026-06-09,24_28,18.5,0,0
2026-06-10,04_06,17.9,1,0
2026-06-10,06_07,18.1,0,0
2026-06-10,07_08,19.1,0,0
2026-06-10,08_09,19.8,0,0
2026-06-10,09_10,20.9,0,0
2026-06-10,10_11,21.6,0,0
2026-06-10,11_12,23.8,0,0
2026-06-10,12_13,24.7,0,0
2026-06-10,13_14,26.1,0,0
2026-06-10,14_15,26.5,0,0
2026-06-10,15_16,26.5,0,0
2026-06-10,16_17,26.5,0,0
2026-06-10,17_18,26.2,0,0
2026-06-10,18_19,24.7,0,0
2026-06-10,19_20,23.3,0,0
2026-06-10,20_21,21.8,0,0
2026-06-10,21_22,20.7,0,0
2026-06-10,22_23,19.7,0,0
2026-06-10,23_24,19.0,0,0
2026-06-10,24_28,17.9,0,0
2026-06-11,04_06,16.6,0,0
2026-06-11,06_07,16.3,0,0
2026-06-11,07_08,17.3,0,0
2026-06-11,08_09,18.9,0,0
2026-06-11,09_10,21.1,0,0
2026-06-11,10_11,22.7,0,0
2026-06-11,11_12,23.9,0,0
2026-06-11,12_13,25.0,0,0
2026-06-11,13_14,25.3,0,0
2026-06-11,14_15,26.1,0,0
2026-06-11,15_16,26.3,0,0
2026-06-11,16_17,25.5,0,0
2026-06-11,17_18,23.8,0,0
2026-06-11,18_19,23.2,0,0
2026-06-11,19_20,22.0,0,0
2026-06-11,20_21,21.0,0,0
2026-06-11,21_22,20.4,0,0
2026-06-11,22_23,19.7,0,0
2026-06-11,23_24,19.1,0,0
2026-06-11,24_28,18.0,0,0
2026-06-12,04_06,17.0,0,0
2026-06-12,06_07,17.2,0,0
2026-06-12,07_08,17.9,0,0
2026-06-12,08_09,19.8,0,0
2026-06-12,09_10,22.1,0,0
2026-06-12,10_11,23.6,0,0
2026-06-12,11_12,25.3,0,0
2026-06-12,12_13,26.4,0,0
2026-06-12,13_14,26.8,0,0
2026-06-12,14_15,27.5,0,0
2026-06-12,15_16,27.1,0,0
2026-06-12,16_17,27.2,0,0
2026-06-12,17_18,27.0,0,0
2026-06-12,18_19,26.4,0,0
2026-06-12,19_20,24.9,0,0
2026-06-12,20_21,23.3,0,0
2026-06-12,21_22,22.3,0,0
2026-06-12,22_23,21.3,0,0
2026-06-12,23_24,20.6,0,0
2026-06-12,24_28,19.1,0,0
2026-06-13,04_06,17.4,0,0
2026-06-13,06_07,16.7,0,0
2026-06-13,07_08,18.4,0,0
2026-06-13,08_09,21.1,0,0
2026-06-13,09_10,23.4,0,0
2026-06-13,10_11,25.0,0,0
2026-06-13,11_12,26.6,0,0
2026-06-13,12_13,28.0,0,0
2026-06-13,13_14,29.5,0,0
2026-06-13,14_15,30.7,0,0
2026-06-13,15_16,31.6,0,0
2026-06-13,16_17,31.5,0,0
2026-06-13,17_18,30.8,0,0
2026-06-13,18_19,29.8,0,0
2026-06-13,19_20,27.8,0,0
2026-06-13,20_21,25.4,0,0
2026-06-13,21_22,23.8,0,0
2026-06-13,22_23,22.9,0,0
2026-06-13,23_24,22.1,0,0
2026-06-13,24_28,21.3,0,0
2026-06-14,04_06,21.0,0,0
2026-06-14,06_07,20.6,0,0
2026-06-14,07_08,21.2,0,0
2026-06-14,08_09,23.0,0,0
2026-06-14,09_10,24.5,0,0
2026-06-14,10_11,26.3,0,0
2026-06-14,11_12,27.9,0,0
2026-06-14,12_13,29.0,0,0
2026-06-14,13_14,30.4,0,0
2026-06-14,14_15,30.9,1,0
2026-06-14,15_16,25.0,1,0
2026-06-14,16_17,23.9,0,0
2026-06-14,17_18,26.4,0,0
2026-06-14,18_19,25.0,0,0
2026-06-14,19_20,25.0,0,0
2026-06-14,20_21,23.2,0,0
2026-06-14,21_22,22.6,0,0
2026-06-14,22_23,22.5,0,0
2026-06-14,23_24,21.9,0,0
2026-06-14,24_28,20.6,0,0
2026-06-15,04_06,19.4,0,0
2026-06-15,06_07,19.3,0,0
2026-06-15,07_08,20.1,0,0
2026-06-15,08_09,21.3,0,0
2026-06-15,09_10,24.1,0,0
2026-06-15,10_11,26.0,0,0
2026-06-15,11_12,27.9,0,0
2026-06-15,12_13,29.2,0,0
2026-06-15,13_14,30.5,0,0
2026-06-15,14_15,31.7,0,0
2026-06-15,15_16,32.5,0,0
2026-06-15,16_17,31.0,0,0
2026-06-15,17_18,29.4,0,0
2026-06-15,18_19,28.8,0,0
2026-06-15,19_20,27.9,0,0
2026-06-15,20_21,26.6,0,0
2026-06-15,21_22,25.7,0,0
2026-06-15,22_23,24.8,0,0
2026-06-15,23_24,24.1,0,0
2026-06-15,24_28,22.9,0,0
2026-06-16,04_06,21.5,0,0
2026-06-16,06_07,21.1,0,0
2026-06-16,07_08,22.6,0,0
2026-06-16,08_09,24.7,0,0
2026-06-16,09_10,26.8,0,0
2026-06-16,10_11,28.2,0,0
2026-06-16,11_12,29.3,0,0
2026-06-16,12_13,30.8,0,0
2026-06-16,13_14,32.0,0,0
2026-06-16,14_15,32.8,0,0
2026-06-16,15_16,32.4,0,0
2026-06-16,16_17,31.5,0,0
2026-06-16,17_18,31.0,0,0
2026-06-16,18_19,30.8,0,0
2026-06-16,19_20,29.3,0,0
2026-06-16,20_21,27.8,0,0
2026-06-16,21_22,26.9,0,0
2026-06-16,22_23,26.2,0,0
2026-06-16,23_24,25.3,0,0
2026-06-16,24_28,24.0,0,0
2026-06-17,04_06,22.5,0,0
2026-06-17,06_07,22.0,0,0
2026-06-17,07_08,23.7,0,0
2026-06-17,08_09,26.1,0,0
2026-06-17,09_10,26.7,0,0
2026-06-17,10_11,27.9,0,0
2026-06-17,11_12,28.9,0,0
2026-06-17,12_13,30.5,0,0
2026-06-17,13_14,31.9,0,0
2026-06-17,14_15,32.0,0,0
2026-06-17,15_16,31.7,0,0
2026-06-17,16_17,30.4,0,0
2026-06-17,17_18,31.1,0,0
2026-06-17,18_19,30.5,0,0
2026-06-17,19_20,29.6,0,0
2026-06-17,20_21,28.3,0,0
2026-06-17,21_22,27.0,0,0
2026-06-17,22_23,24.9,0,0
2026-06-17,23_24,24.1,0,0
2026-06-17,24_28,23.5,0,0
2026-06-18,04_06,23.1,0,0
2026-06-18,06_07,23.1,0,0
2026-06-18,07_08,23.7,0,0
2026-06-18,08_09,25.4,0,0
2026-06-18,09_10,27.2,0,0
2026-06-18,10_11,28.6,0,0
2026-06-18,11_12,30.0,0,0
2026-06-18,12_13,31.0,0,0
2026-06-18,13_14,31.0,0,0
2026-06-18,14_15,32.2,0,0
2026-06-18,15_16,30.9,0,0
2026-06-18,16_17,31.9,0,0
2026-06-18,17_18,31.4,0,0
2026-06-18,18_19,30.7,0,0
2026-06-18,19_20,29.2,0,0
2026-06-18,20_21,27.7,0,0
2026-06-18,21_22,26.8,0,0
2026-06-18,22_23,26.1,0,0
2026-06-18,23_24,25.3,0,0
2026-06-18,24_28,24.0,0,0
2026-06-19,04_06,22.8,0,0
2026-06-19,06_07,22.7,0,0
2026-06-19,07_08,24.1,0,0
2026-06-19,08_09,26.0,0,0
2026-06-19,09_10,28.0,0,0
2026-06-19,10_11,29.7,0,0
2026-06-19,11_12,31.7,0,0
2026-06-19,12_13,32.3,0,0
2026-06-19,13_14,32.9,0,0
2026-06-19,14_15,33.0,0,0
2026-06-19,15_16,33.3,0,0
2026-06-19,16_17,31.4,1,0
2026-06-19,17_18,25.6,0,0
2026-06-19,18_19,24.8,1,0
2026-06-19,19_20,24.1,1,0
2026-06-19,20_21,23.9,1,0
2026-06-19,21_22,23.7,1,0
2026-06-19,22_23,23.5,1,0
2026-06-19,23_24,23.3,1,0
2026-06-19,24_28,22.5,1,0
2026-06-20,04_06,21.4,1,0
2026-06-20,06_07,21.1,1,0
2026-06-20,07_08,21.0,1,0
2026-06-20,08_09,20.6,1,0
2026-06-20,09_10,20.8,1,0
2026-06-20,10_11,20.6,1,0
2026-06-20,11_12,20.6,1,0
2026-06-20,12_13,20.9,1,0
2026-06-20,13_14,21.3,1,0
2026-06-20,14_15,21.4,1,0
2026-06-20,15_16,21.7,0,0
2026-06-20,16_17,22.1,0,0
2026-06-20,17_18,22.3,0,0
2026-06-20,18_19,22.0,0,0
2026-06-20,19_20,21.2,0,0
2026-06-20,20_21,21.0,0,0
2026-06-20,21_22,20.9,0,0
2026-06-20,22_23,20.8,0,0
2026-06-20,23_24,20.7,0,0
2026-06-20,24_28,20.3,0,0
2026-06-21,04_06,19.8,0,0
2026-06-21,06_07,19.8,0,0
2026-06-21,07_08,20.2,0,0
2026-06-21,08_09,20.7,0,0
2026-06-21,09_10,21.6,0,0
2026-06-21,10_11,23.7,0,0
2026-06-21,11_12,24.9,0,0
2026-06-21,12_13,26.3,0,0
2026-06-21,13_14,26.6,0,0
2026-06-21,14_15,27.6,0,0
2026-06-21,15_16,27.4,0,0
2026-06-21,16_17,27.1,0,0
2026-06-21,17_18,27.0,0,0
2026-06-21,18_19,26.4,0,0
2026-06-21,19_20,25.9,0,0
2026-06-21,20_21,25.4,0,0
2026-06-21,21_22,24.8,0,0
2026-06-21,22_23,24.0,0,0
2026-06-21,23_24,23.6,0,0
2026-06-21,24_28,22.7,0,0
2026-06-22,04_06,21.6,0,0
2026-06-22,06_07,21.3,0,0
2026-06-22,07_08,21.7,0,0
2026-06-22,08_09,22.9,0,0
2026-06-22,09_10,24.1,0,0
2026-06-22,10_11,25.1,0,0
2026-06-22,11_12,26.4,0,0
2026-06-22,12_13,27.2,0,0
2026-06-22,13_14,27.4,0,0
2026-06-22,14_15,27.9,0,0
2026-06-22,15_16,27.4,0,0
2026-06-22,16_17,27.0,0,0
2026-06-22,17_18,26.4,0,0
2026-06-22,18_19,26.0,0,0
2026-06-22,19_20,25.8,0,0
2026-06-22,20_21,25.0,0,0
2026-06-22,21_22,24.2,0,0
2026-06-22,22_23,23.8,0,0
2026-06-22,23_24,23.2,0,0
2026-06-22,24_28,22.0,0,0
2026-06-23,04_06,21.2,0,0
2026-06-23,06_07,20.9,0,0
2026-06-23,07_08,21.5,0,0
2026-06-23,08_09,23.1,0,0
2026-06-23,09_10,24.8,0,0
2026-06-23,10_11,26.2,0,0
2026-06-23,11_12,27.3,0,0
2026-06-23,12_13,28.3,0,0
2026-06-23,13_14,29.0,0,0
2026-06-23,14_15,29.5,0,0
2026-06-23,15_16,30.6,0,0
2026-06-23,16_17,30.6,0,0
2026-06-23,17_18,30.8,0,0
2026-06-23,18_19,30.3,0,0
2026-06-23,19_20,29.3,0,0
2026-06-23,20_21,28.2,0,0
2026-06-23,21_22,26.5,0,0
2026-06-23,22_23,25.6,0,0
2026-06-23,23_24,24.5,0,0
2026-06-23,24_28,22.3,0,0
2026-06-24,04_06,20.1,0,0
2026-06-24,06_07,19.2,0,0
2026-06-24,07_08,19.7,0,0
2026-06-24,08_09,21.0,0,0
2026-06-24,09_10,22.6,0,0
2026-06-24,10_11,23.4,0,0
2026-06-24,11_12,24.6,0,0
2026-06-24,12_13,26.0,0,0
2026-06-24,13_14,26.7,0,0
2026-06-24,14_15,27.3,0,0
2026-06-24,15_16,27.6,0,0
2026-06-24,16_17,27.9,0,0
2026-06-24,17_18,28.6,0,0
2026-06-24,18_19,28.5,0,0
2026-06-24,19_20,27.6,0,0
2026-06-24,20_21,26.4,0,0
2026-06-24,21_22,25.7,0,0
2026-06-24,22_23,24.9,0,0
2026-06-24,23_24,24.0,0,0
2026-06-24,24_28,22.5,0,0
2026-06-25,04_06,21.2,0,0
2026-06-25,06_07,21.2,0,0
2026-06-25,07_08,21.5,0,0
2026-06-25,08_09,22.3,0,0
2026-06-25,09_10,22.8,0,0
2026-06-25,10_11,23.2,0,0
2026-06-25,11_12,23.2,0,0
2026-06-25,12_13,23.5,0,0
2026-06-25,13_14,23.0,0,0
2026-06-25,14_15,23.1,0,0
2026-06-25,15_16,23.6,0,0
2026-06-25,16_17,23.9,0,0
2026-06-25,17_18,23.7,0,0
2026-06-25,18_19,23.6,0,0
2026-06-25,19_20,23.4,0,0
2026-06-25,20_21,22.8,0,0
2026-06-25,21_22,21.9,1,0
2026-06-25,22_23,20.9,0,0
2026-06-25,23_24,20.4,0,0
2026-06-25,24_28,18.9,0,0
2026-06-26,04_06,17.5,0,0
2026-06-26,06_07,17.3,0,0
2026-06-26,07_08,18.4,0,0
2026-06-26,08_09,20.6,0,0
2026-06-26,09_10,22.2,0,0
2026-06-26,10_11,23.3,0,0
2026-06-26,11_12,24.4,0,0
2026-06-26,12_13,24.9,0,0
2026-06-26,13_14,26.5,0,0
2026-06-26,14_15,27.8,0,0
2026-06-26,15_16,28.4,0,0
2026-06-26,16_17,29.5,0,0
2026-06-26,17_18,29.8,0,0
2026-06-26,18_19,28.9,0,0
2026-06-26,19_20,27.7,0,0
2026-06-26,20_21,26.2,0,0
2026-06-26,21_22,25.1,0,0
2026-06-26,22_23,24.3,0,0
2026-06-26,23_24,23.8,0,0
2026-06-26,24_28,22.3,0,0
2026-06-27,04_06,21.0,0,0
2026-06-27,06_07,20.8,0,0
2026-06-27,07_08,21.4,0,0
2026-06-27,08_09,23.2,0,0
2026-06-27,09_10,25.0,0,0
2026-06-27,10_11,26.8,0,0
2026-06-27,11_12,28.2,0,0
2026-06-27,12_13,29.9,0,0
2026-06-27,13_14,31.2,0,0
2026-06-27,14_15,30.2,0,0
2026-06-27,15_16,31.6,0,0
2026-06-27,16_17,31.9,0,0
2026-06-27,17_18,31.1,0,0
2026-06-27,18_19,30.4,0,0
2026-06-27,19_20,29.2,0,0
2026-06-27,20_21,28.0,0,0
2026-06-27,21_22,26.8,0,0
2026-06-27,22_23,25.5,0,0
2026-06-27,23_24,24.8,0,0
2026-06-27,24_28,23.8,0,0
2026-06-28,04_06,22.5,0,0
2026-06-28,06_07,21.8,0,0
2026-06-28,07_08,22.4,0,0
2026-06-28,08_09,24.7,0,0
2026-06-28,09_10,26.3,0,0
2026-06-28,10_11,27.7,0,0
2026-06-28,11_12,29.1,0,0
2026-06-28,12_13,30.3,0,0
2026-06-28,13_14,30.6,0,0
2026-06-28,14_15,29.7,0,0
2026-06-28,15_16,30.5,0,0
2026-06-28,16_17,29.1,0,0
2026-06-28,17_18,30.1,0,0
2026-06-28,18_19,29.1,0,0
2026-06-28,19_20,27.4,0,0
2026-06-28,20_21,25.9,0,0
2026-06-28,21_22,24.8,0,0
2026-06-28,22_23,24.1,0,0
2026-06-28,23_24,23.7,0,0
2026-06-28,24_28,22.6,0,0
2026-06-29,04_06,21.6,0,0
2026-06-29,06_07,22.0,0,0
2026-06-29,07_08,22.5,0,0
2026-06-29,08_09,23.0,0,0
2026-06-29,09_10,24.1,0,0
2026-06-29,10_11,26.3,0,0
2026-06-29,11_12,28.0,0,0
2026-06-29,12_13,29.1,0,0
2026-06-29,13_14,30.4,0,0
2026-06-29,14_15,32.0,0,0
2026-06-29,15_16,32.2,0,0
2026-06-29,16_17,31.2,0,0
2026-06-29,17_18,31.1,0,0
2026-06-29,18_19,30.3,0,0
2026-06-29,19_20,28.2,0,0
2026-06-29,20_21,26.7,0,0
2026-06-29,21_22,25.7,0,0
2026-06-29,22_23,24.6,0,0
2026-06-29,23_24,24.1,0,0
2026-06-29,24_28,23.6,0,0
2026-06-30,04_06,23.1,0,0
2026-06-30,06_07,22.9,0,0
2026-06-30,07_08,23.4,0,0
2026-06-30,08_09,24.5,0,0
2026-06-30,09_10,25.6,0,0
2026-06-30,10_11,26.9,0,0
2026-06-30,11_12,28.3,0,0
2026-06-30,12_13,29.6,0,0
2026-06-30,13_14,30.1,0,0
2026-06-30,14_15,30.5,0,0
2026-06-30,15_16,31.6,0,0
2026-06-30,16_17,30.6,0,0
2026-06-30,17_18,30.2,0,0
2026-06-30,18_19,29.7,0,0
2026-06-30,19_20,28.3,0,0
2026-06-30,20_21,27.1,0,0
2026-06-30,21_22,26.4,0,0
2026-06-30,22_23,25.9,0,0
2026-06-30,23_24,25.6,0,0
2026-06-30,24_28,24.4,0,0
