#START7777
#2345678901234567890123456789012345678901234567890123456789012345678901234567890123456789012345678901234567890123456789012345678901234567890123456789012345678901234567890123456789012345678901234567890123456789012345678901234567890123456789012345678901234
# YYMMDDHHMI STN  WD   WS GST  GST  GST     PA     PS PT    PR    TA    TD    HM    PV     RN     RN     RN     RN     SD     SD     SD WC WP WW                      CA  CA   CH CT        CT  CT  CT    VS   SS    SI ST    TS    TE    TE    TE    TE  ST   WH BF IR IX
#        KST  ID  16  m/s  WD   WS   TM    hPa    hPa  -   hPa     C     C     %   hPa     mm    DAY    JUN    INT    HR3    DAY    TOT -- -- ---------------------- TOT MID  MIN -------- TOP MID LOW                  GD     C     5    10    20    30 SEA    m --  -  -
202504010000 108  20  2.2  -9 -9.0   -9 1014.0 1024.6  2   0.8   6.9   2.1  72.0   7.1   -9.0   -9.0   -9.0   -9.0   -9.0   -9.0   -9.0  5  0 40                       2   0   -9 Ci         1   0   0   959 -9.0 -9.00 -9   4.1   7.8   7.4   8.1   7.7  -9 -9.0 -9  3  1
202504010100 108  25  1.2  -9 -9.0   -9 1013.9 1024.5 -9  -9.0   6.4   1.9  73.0   7.0   -9.0   -9.0   -9.0   -9.0   -9.0   -9.0   -9.0 -9 -9 40                       4   4   60 -         -9  -9  -9   864 -9.0 -9.00 -9   3.4   7.5   7.0   8.0   7.8  -9 -9.0 -9  3  2
202504010200 108   2  1.0  -9 -9.0   -9 1013.8 1024.4 -9  -9.0   6.0   2.2  77.0   7.2   -9.0   -9.0   -9.0   -9.0   -9.0   -9.0   -9.0 -9 -9 40                       2   2   60 -         -9  -9  -9   789 -9.0 -9.00 -9   3.0   7.1   6.8   7.9   7.8  -9 -9.0 -9  3  2
202504010300 108   2  1.1  -9 -9.0   -9 1013.4 1024.1  7  -0.5   5.4   2.2  80.0   7.2   -9.0   -9.0   -9.0   -9.0   -9.0   -9.0   -9.0 10  0 4019                     0   0   -9 -         -9  -9  -9   709 -9.0 -9.00 -9   2.5   6.8   6.5   7.8   7.8  -9 -9.0 -9  3  1
202504010400 108   0  0.1  -9 -9.0   -9 1013.1 1023.8 -9  -9.0   5.0   1.8  80.0   7.0   -9.0   -9.0   -9.0   -9.0   -9.0   -9.0   -9.0 10  0 19                       0   0   -9 -         -9  -9  -9   671 -9.0 -9.00 -9   2.1   6.6   6.2   7.7   7.8  -9 -9.0 -9  3  1
202504010500 108   2  1.3  -9 -9.0   -9 1013.1 1023.8 -9  -9.0   4.7   2.2  84.0   7.2   -9.0   -9.0   -9.0   -9.0   -9.0   -9.0   -9.0 10  0 19                       0   0   -9 -         -9  -9  -9   598 -9.0 -9.00 -9   1.9   6.3   6.0   7.5   7.7  -9 -9.0 -9  3  1
202504010600 108   2  1.6  -9 -9.0   -9 1013.3 1024.0  5  -0.1   4.3   1.6  83.0   6.9   -9.0   -9.0   -9.0   -9.0   -9.0   -9.0   -9.0 10  0 19                       0   0   -9 -         -9  -9  -9   584 -9.0 -9.00 -9   1.6   6.1   5.8   7.4   7.7  -9 -9.0 -9  3  1
202504010700 108   2  2.1  -9 -9.0   -9 1013.3 1024.0 -9  -9.0   3.9   1.4  84.0   6.8   -9.0   -9.0   -9.0   -9.0   -9.0   -9.0   -9.0 10  0 19                       4   4    5 St         0   0   6   602  0.0  0.05 -9   2.1   5.8   5.5   7.2   7.6  -9 -9.0 -9  3  1
202504010800 108   5  1.8  -9 -9.0   -9 1013.4 1024.1 -9  -9.0   5.3   1.9  79.0   7.0   -9.0   -9.0   -9.0   -9.0   -9.0   -9.0   -9.0 10 22 19                       5   5    6 Sc         0   0   5   801  0.2  0.39 -9   5.2   5.8   5.4   7.1   7.5  -9 -9.0 -9  3  1
202504010900 108   5  1.9  -9 -9.0   -9 1013.2 1023.8  8  -0.2   7.7   2.9  72.0   7.5   -9.0   -9.0   -9.0   -9.0   -9.0   -9.0   -9.0 10  0 19                       5   5    6 Sc         0   0   5   786  0.5  0.94 -9  10.5   6.3   5.6   6.9   7.4  -9 -9.0 -9  3  1
202504011000 108  11  2.0  -9 -9.0   -9 1013.2 1023.7 -9  -9.0  10.3   3.7  64.0   8.0   -9.0   -9.0   -9.0   -9.0   -9.0   -9.0   -9.0  5  0 4019                     0   0   -9 -         -9  -9  -9   792  1.0  1.96 -9  17.7   7.3   6.3   6.9   7.4  -9 -9.0 -9  3  1
202504011100 108   9  1.8  -9 -9.0   -9 1012.8 1023.2 -9  -9.0  12.0   2.4  52.0   7.3   -9.0   -9.0   -9.0   -9.0   -9.0   -9.0   -9.0  5  0 40                       0   0   -9 -         -9  -9  -9   886  1.0  2.58 -9  23.1   8.7   7.3   6.8   7.3  -9 -9.0 -9  3  1
202504011200 108  23  1.4  -9 -9.0   -9 1012.1 1022.4  7  -1.4  13.9   1.5  43.0   6.8   -9.0   -9.0   -9.0   -9.0   -9.0   -9.0   -9.0 -9 -9 40                       0   0   -9 -         -9  -9  -9  1125  1.0  3.05 -9  26.9  10.2   8.5   6.9   7.2  -9 -9.0 -9  3  2
202504011300 108  23  2.2  -9 -9.0   -9 1011.3 1021.5 -9  -9.0  15.5   0.4  36.0   6.3   -9.0   -9.0   -9.0   -9.0   -9.0   -9.0   -9.0 -9 -9 -                        0   0   -9 -         -9  -9  -9  1274  1.0  3.19 -9  29.1  11.6   9.9   7.0   7.1  -9 -9.0 -9  3  2
202504011400 108  23  2.6  -9 -9.0   -9 1010.3 1020.5 -9  -9.0  16.8  -0.8  30.0   5.8   -9.0   -9.0   -9.0   -9.0   -9.0   -9.0   -9.0 -9 -9 -                        0   0   -9 -         -9  -9  -9  1362  1.0  3.12 -9  29.8  12.7  11.0   7.3   7.1  -9 -9.0 -9  3  2
202504011500 108  25  3.5  -9 -9.0   -9 1009.6 1019.8  7  -2.6  16.8  -1.8  28.0   5.4   -9.0   -9.0   -9.0   -9.0   -9.0   -9.0   -9.0 -9 -9 -                        0   0   -9 -         -9  -9  -9  1274  1.0  2.77 -9  27.6  13.6  12.0   7.6   7.1  -9 -9.0 -9  3  2
202504011600 108  23  2.9  -9 -9.0   -9 1009.2 1019.4 -9  -9.0  16.8  -2.3  27.0   5.2   -9.0   -9.0   -9.0   -9.0   -9.0   -9.0   -9.0 -9 -9 -                        0   0   -9 -         -9  -9  -9  1569  1.0  2.22 -9  24.7  13.9  12.5   7.9   7.1  -9 -9.0 -9  3  2
202504011700 108  25  3.6  -9 -9.0   -9 1009.0 1019.2 -9  -9.0  15.7  -3.7  26.0   4.6   -9.0   -9.0   -9.0   -9.0   -9.0   -9.0   -9.0 -9 -9 -                        0   0   -9 -         -9  -9  -9  2295  1.0  1.55 -9  19.8  13.8  12.5   8.3   7.3  -9 -9.0 -9  3  2
202504011800 108  25  3.2  -9 -9.0   -9 1009.0 1019.3  5  -0.5  14.5  -4.8  26.0   4.3   -9.0   -9.0   -9.0   -9.0   -9.0   -9.0   -9.0 -9 -9 -                        0   0   -9 -         -9  -9  -9  2216  1.0  0.77 -9  13.7  13.2  12.3   8.8   7.5  -9 -9.0 -9  3  2
202504011900 108  27  2.8  -9 -9.0   -9 1008.9 1019.2 -9  -9.0  12.5  -2.5  35.0   5.1   -9.0   -9.0   -9.0   -9.0   -9.0   -9.0   -9.0 -9 -9 -                        0   0   -9 -         -9  -9  -9  1876  0.5  0.18 -9  10.4  12.4  11.7   9.1   7.8  -9 -9.0 -9  3 -9
202504012000 108  25  1.1  -9 -9.0   -9 1009.4 1019.8 -9  -9.0  11.0  -2.7  38.0   5.0   -9.0   -9.0   -9.0   -9.0   -9.0   -9.0   -9.0 -9 -9 -                        0   0   -9 -         -9  -9  -9  2234 -9.0 -9.00 -9   8.3  11.6  11.0   9.4   8.0  -9 -9.0 -9  3 -9
202504012100 108  27  1.4  -9 -9.0   -9 1009.7 1020.1  3   0.8  10.0  -2.3  42.0   5.2   -9.0   -9.0   -9.0   -9.0   -9.0   -9.0   -9.0 -9 -9 -                        0   0   -9 -         -9  -9  -9  2175 -9.0 -9.00 -9   7.0  10.8  10.4   9.5   8.2  -9 -9.0 -9  3  2
202504012200 108   0  0.4  -9 -9.0   -9 1009.5 1020.0 -9  -9.0   9.0  -2.0  46.0   5.3   -9.0   -9.0   -9.0   -9.0   -9.0   -9.0   -9.0 -9 -9 -                        0   0   -9 -         -9  -9  -9  1978 -9.0 -9.00 -9   5.8   9.9   9.8   9.6   8.5  -9 -9.0 -9  3 -9
202504012300 108   2  1.2  -9 -9.0   -9 1009.6 1020.1 -9  -9.0   8.7  -2.0  47.0   5.3   -9.0   -9.0   -9.0   -9.0   -9.0   -9.0   -9.0 -9 -9 -                        0   0   -9 -         -9  -9  -9  2026 -9.0 -9.00 -9   5.1   9.3   9.2   9.5   8.6  -9 -9.0 -9  3 -9
202504020000 108  29  0.9  -9 -9.0   -9 1009.7 1020.2  3   0.1   7.9  -1.9  50.0   5.3   -9.0   -9.0   -9.0   -9.0   -9.0   -9.0   -9.0 -9 -9 -                        0   0   -9 -         -9  -9  -9  1944 -9.0 -9.00 -9   4.4   8.8   8.8   9.4   8.7  -9 -9.0 -9  3  2
202504020100 108  25  1.6  -9 -9.0   -9 1009.9 1020.5 -9  -9.0   7.2  -2.2  51.0   5.2   -9.0   -9.0   -9.0   -9.0   -9.0   -9.0   -9.0 -9 -9 -                        0   0   -9 -         -9  -9  -9  2072 -9.0 -9.00 -9   3.8   8.3   8.3   9.3   8.7  -9 -9.0 -9  3 -9
202504020200 108  25  2.8  -9 -9.0   -9 1009.8 1020.4 -9  -9.0   6.9  -0.3  60.0   6.0   -9.0   -9.0   -9.0   -9.0   -9.0   -9.0   -9.0 -9 -9 -                        0   0   -9 -         -9  -9  -9  1811 -9.0 -9.00 -9   3.8   7.9   7.9   9.0   8.6  -9 -9.0 -9  3 -9
202504020300 108  20  1.4  -9 -9.0   -9 1009.1 1019.7  8  -0.5   6.6   0.8  67.0   6.5   -9.0   -9.0   -9.0   -9.0   -9.0   -9.0   -9.0 -9 -9 -                        0   0   -9 -         -9  -9  -9  1386 -9.0 -9.00 -9   3.5   7.6   7.5   8.8   8.6  -9 -9.0 -9  3  2
202504020400 108  29  0.7  -9 -9.0   -9 1009.0 1019.6 -9  -9.0   5.9  -0.1  65.0   6.1   -9.0   -9.0   -9.0   -9.0   -9.0   -9.0   -9.0 -9 -9 -                        0   0   -9 -         -9  -9  -9  1522 -9.0 -9.00 -9   2.8   7.3   7.2   8.6   8.5  -9 -9.0 -9  3  2
202504020500 108   0  0.2  -9 -9.0   -9 1008.7 1019.3 -9  -9.0   5.5  -0.3  66.0   6.0   -9.0   -9.0   -9.0   -9.0   -9.0   -9.0   -9.0 -9 -9 -                        2   0   -9 Ci         1   0   0  1602 -9.0 -9.00 -9   2.6   7.0   6.9   8.4   8.4  -9 -9.0 -9  3  2
202504020600 108   2  1.8  -9 -9.0   -9 1008.8 1019.4  5  -0.3   5.2  -1.7  61.0   5.4   -9.0   -9.0   -9.0   -9.0   -9.0   -9.0   -9.0 -9 -9 -                        0   0   -9 -         -9  -9  -9  1842 -9.0 -9.00 -9   2.2   6.8   6.6   8.3   8.4  -9 -9.0 -9  3  2
202504020700 108   5  1.7  -9 -9.0   -9 1009.0 1019.6 -9  -9.0   5.3  -1.4  62.0   5.5   -9.0   -9.0   -9.0   -9.0   -9.0   -9.0   -9.0 -9 -9 -                        7   0   -9 Ci         1   0   0  1685  0.1  0.09 -9   3.2   6.5   6.4   8.1   8.3  -9 -9.0 -9  3  2
202504020800 108   5  2.2  -9 -9.0   -9 1008.7 1019.3 -9  -9.0   6.8   0.0  62.0   6.1   -9.0   -9.0   -9.0   -9.0   -9.0   -9.0   -9.0 -9 -9 -                        5   0   -9 Ci         1   0   0  1518  1.0  0.53 -9   6.5   6.5   6.3   7.9   8.3  -9 -9.0 -9  3  2
202504020900 108   7  1.7  -9 -9.0   -9 1008.4 1018.8  8  -0.6   9.8   0.6  53.0   6.4   -9.0   -9.0   -9.0   -9.0   -9.0   -9.0   -9.0 -9 -9 -                        5   0   -9 Ci         1   0   0  1293  1.0  1.25 -9  12.4   6.7   6.6   7.9   8.2  -9 -9.0 -9  3  2
202504021000 108   7  1.7  -9 -9.0   -9 1008.4 1018.7 -9  -9.0  12.5   1.1  46.0   6.6   -9.0   -9.0   -9.0   -9.0   -9.0   -9.0   -9.0 -9 -9 -                        7   0   -9 Ci         1   0   0  1188  1.0  1.93 -9  18.5   8.0   7.2   7.7   8.1  -9 -9.0 -9  3  2
202504021100 108  20  1.4  -9 -9.0   -9 1008.2 1018.5 -9  -9.0  14.2  -0.6  36.0   5.8   -9.0   -9.0   -9.0   -9.0   -9.0   -9.0   -9.0 -9 -9 -                        7   0   -9 Ci         1   0   0  1344  1.0  2.31 -9  21.9   9.3   8.0   7.2   7.5  -9 -9.0 -9  3  2
202504021200 108  20  2.1  -9 -9.0   -9 1007.5 1017.7  7  -1.1  14.4  -1.2  34.0   5.6   -9.0   -9.0   -9.0   -9.0   -9.0   -9.0   -9.0 -9 -9 -                       10   0   -9 Cs         7   0   0  1277  0.2  1.55 -9  18.4  10.4   9.0   7.2   7.4  -9 -9.0 -9  3  2
202504021300 108  25  3.7  -9 -9.0   -9 1007.1 1017.4 -9  -9.0  13.4  -3.4  31.0   4.8   -9.0   -9.0   -9.0   -9.0   -9.0   -9.0   -9.0 -9 -9 -                       10  10   31 As        -9   2   0  1586  0.0  0.81 -9  14.9  11.0   9.6   7.4   7.5  -9 -9.0 -9  3  2
202504021400 108  25  5.0  -9 -9.0   -9 1006.8 1017.1 -9  -9.0  13.0  -7.6  23.0   3.5   -9.0   -9.0   -9.0   -9.0   -9.0   -9.0   -9.0 -9 -9 -                       10  10   25 As        -9   2   0  2279  0.0  1.22 -9  17.2  11.1   9.9   7.8   7.7  -9 -9.0 -9  3  2
202504021500 108  27  4.4  25 10.0 1441 1006.7 1017.1  6  -0.6  11.3  -5.6  30.0   4.0   -9.0   -9.0   -9.0   -9.0   -9.0   -9.0   -9.0 -9 -9 -                       10  10   23 As        -9   2   0  2275  0.0  0.91 -9  13.3  11.1  10.2   8.2   7.9  -9 -9.0 -9  3  2
202504021600 108  25  6.0  25 13.0 1556 1006.9 1017.3 -9  -9.0  10.5   0.2  49.0   6.2   -9.0   -9.0   -9.0   -9.0   -9.0   -9.0   -9.0 -9 -9 -                       10   6   15 ScAs      -9   2   5  1740  0.0  0.69 -9  12.7  11.0  10.2   8.4   7.9  -9 -9.0 -9  3  2
202504021700 108  27  3.3  -9 -9.0   -9 1007.2 1017.6 -9  -9.0   9.5   2.7  63.0   7.4   -9.0   -9.0   -9.0   -9.0   -9.0   -9.0   -9.0 -9 -9 -                       10   8   12 ScAs      -9   2   5  1449  0.0  0.37 -9  11.1  10.7  10.1   8.6   8.1  -9 -9.0 -9  3  2
202504021800 108  29  1.7  25 13.0 1556 1007.1 1017.5  0   0.4   9.1   1.2  58.0   6.7    0.0    0.0    0.0   -9.0   -9.0   -9.0   -9.0 21 62 01                       9   1   14 ScAs       0   2   5  1738  0.1  0.25 -9  10.0  10.4   9.7   8.6   8.0  -9 -9.0 -9  4  1
202504021900 108  29  0.7  -9 -9.0   -9 1007.2 1017.6 -9  -9.0   9.2   1.1  57.0   6.6   -9.0    0.0    0.0   -9.0   -9.0   -9.0   -9.0 -9 -9 -                        7   3   11 -         -9  -9  -9  1759  0.2  0.16 -9   8.9  10.0   9.5   8.7   8.1  -9 -9.0 -9  3 -9
202504022000 108  14  2.0  -9 -9.0   -9 1007.6 1018.1 -9  -9.0   9.1   1.2  58.0   6.7   -9.0    0.0    0.0   -9.0   -9.0   -9.0   -9.0 -9 -9 -                       10  10   11 -         -9  -9  -9  1799 -9.0 -9.00 -9   8.3   9.8   9.3   8.7   8.2  -9 -9.0 -9  3 -9
202504022100 108   5  4.1  25 13.0 1556 1008.5 1019.0  2   1.5   8.0   2.0  66.0   7.1   -9.0    0.0    0.0   -9.0   -9.0   -9.0   -9.0 -9 62 -                        9   9    9 Sc         0   0   5  1648 -9.0 -9.00 -9   7.8   9.5   9.0   8.8   8.3  -9 -9.0 -9  3  1
202504022200 108   7  3.7  -9 -9.0   -9 1008.9 1019.4 -9  -9.0   7.3   2.3  71.0   7.2   -9.0    0.0    0.0   -9.0   -9.0   -9.0   -9.0 -9 -9 -                       10   6   10 -         -9  -9  -9  1201 -9.0 -9.00 -9   7.2   9.2   8.7   8.7   8.3  -9 -9.0 -9  3 -9
202504022300 108   7  2.9  -9 -9.0   -9 1008.8 1019.4 -9  -9.0   6.8   2.2  73.0   7.2   -9.0    0.0    0.0   -9.0   -9.0   -9.0   -9.0 -9 -9 -                        5   3   14 -         -9  -9  -9  1084 -9.0 -9.00 -9   6.3   9.0   8.5   8.6   8.3  -9 -9.0 -9  3 -9
202504030000 108   5  2.9  -9 -9.0   -9 1009.1 1019.6  2   0.6   6.7   2.3  74.0   7.2   -9.0    0.0    0.0   -9.0   -9.0   -9.0   -9.0 -9 -9 -                        7   7   13 Sc         0   0   5  1002 -9.0 -9.00 -9   6.3   8.6   8.2   8.7   8.4  -9 -9.0 -9  3  2
202504030100 108   5  2.7  -9 -9.0   -9 1009.4 1020.0 -9  -9.0   6.4   1.9  73.0   7.0   -9.0   -9.0   -9.0   -9.0   -9.0   -9.0   -9.0 -9 -9 40                       5   5   11 -         -9  -9  -9   943 -9.0 -9.00 -9   5.3   8.4   8.0   8.6   8.4  -9 -9.0 -9  3  2
202504030200 108   5  3.4  -9 -9.0   -9 1009.2 1019.8 -9  -9.0   5.7   1.9  77.0   7.0   -9.0   -9.0   -9.0   -9.0   -9.0   -9.0   -9.0 -9 -9 40                       0   0   -9 -         -9  -9  -9   826 -9.0 -9.00 -9   4.4   8.1   7.5   8.1   8.0  -9 -9.0 -9  3  2
202504030300 108   5  2.4  -9 -9.0   -9 1009.2 1019.8  0   0.2   5.4   1.6  77.0   6.9   -9.0   -9.0   -9.0   -9.0   -9.0   -9.0   -9.0  5  0 40                       0   0   -9 -         -9  -9  -9   781 -9.0 -9.00 -9   3.7   7.7   7.3   8.2   8.2  -9 -9.0 -9  3  1
202504030400 108   2  2.3  -9 -9.0   -9 1009.4 1020.0 -9  -9.0   4.8   1.2  78.0   6.7   -9.0   -9.0   -9.0   -9.0   -9.0   -9.0   -9.0  5  0 40                       0   0   -9 -         -9  -9  -9   730 -9.0 -9.00 -9   3.0   7.3   7.1   8.3   8.4  -9 -9.0 -9  3  1
202504030500 108   7  2.3  -9 -9.0   -9 1009.6 1020.3 -9  -9.0   4.3   0.9  79.0   6.5   -9.0   -9.0   -9.0   -9.0   -9.0   -9.0   -9.0  5  0 40                       0   0   -9 -         -9  -9  -9   745 -9.0 -9.00 -9   2.7   6.9   6.8   8.2   8.3  -9 -9.0 -9  3  1
202504030600 108   5  1.4  -9 -9.0   -9 1009.8 1020.5  2   0.7   4.0   1.0  81.0   6.6   -9.0   -9.0   -9.0   -9.0   -9.0   -9.0   -9.0 10  0 4019                     0   0   -9 -         -9  -9  -9   687 -9.0 -9.00 -9   2.1   6.6   6.4   8.0   8.2  -9 -9.0 -9  3  1
202504030700 108   5  1.7  -9 -9.0   -9 1010.4 1021.1 -9  -9.0   3.6   0.6  81.0   6.4   -9.0   -9.0   -9.0   -9.0   -9.0   -9.0   -9.0 10  0 19                       0   0   -9 -         -9  -9  -9   687  0.1  0.07 -9   2.6   6.3   6.2   7.8   8.2  -9 -9.0 -9  3  1
202504030800 108   7  1.3  -9 -9.0   -9 1010.6 1021.2 -9  -9.0   5.6   2.0  78.0   7.1   -9.0   -9.0   -9.0   -9.0   -9.0   -9.0   -9.0 10  0 19                       0   0   -9 -         -9  -9  -9   897  1.0  0.53 -9   6.4   6.3   6.0   7.6   8.0  -9 -9.0 -9  3  1
202504030900 108   2  1.7  -9 -9.0   -9 1010.8 1021.3  2   0.8   8.1   2.3  67.0   7.2   -9.0   -9.0   -9.0   -9.0   -9.0   -9.0   -9.0 -9 -9 19                       0   0   -9 -         -9  -9  -9  1388  1.0  1.33 -9  12.9   6.8   6.3   7.5   8.0  -9 -9.0 -9  3  2
202504031000 108   9  3.0  -9 -9.0   -9 1010.9 1021.3 -9  -9.0  11.3   2.0  53.0   7.1   -9.0   -9.0   -9.0   -9.0   -9.0   -9.0   -9.0 -9 -9 -                        0   0   -9 -         -9  -9  -9  2084  1.0  2.11 -9  19.4   7.8   6.9   7.3   7.8  -9 -9.0 -9  3  2
202504031100 108   7  1.8  -9 -9.0   -9 1010.5 1020.8 -9  -9.0  12.7   1.6  47.0   6.9   -9.0   -9.0   -9.0   -9.0   -9.0   -9.0   -9.0 -9 -9 -                        0   0   -9 -         -9  -9  -9  2395  1.0  2.71 -9  24.9   9.0   7.9   7.4   7.8  -9 -9.0 -9  3  2
202504031200 108   9  1.7  -9 -9.0   -9 1009.8 1020.1  7  -1.2  14.1   0.3  39.0   6.2   -9.0   -9.0   -9.0   -9.0   -9.0   -9.0   -9.0 -9 -9 -                        0   0   -9 -         -9  -9  -9  2811  1.0  3.12 -9  28.8  10.4   9.1   7.4   7.7  -9 -9.0 -9  3  2
202504031300 108  20  2.1  -9 -9.0   -9 1009.1 1019.3 -9  -9.0  15.4  -1.2  32.0   5.6   -9.0   -9.0   -9.0   -9.0   -9.0   -9.0   -9.0 -9 -9 -                        0   0   -9 -         -9  -9  -9  3438  1.0  3.28 -9  30.9  11.8  10.5   7.6   7.6  -9 -9.0 -9  3  2
202504031400 108  23  3.2  -9 -9.0   -9 1008.3 1018.5 -9  -9.0  16.1  -1.5  30.0   5.5   -9.0   -9.0   -9.0   -9.0   -9.0   -9.0   -9.0 -9 -9 -                        0   0   -9 -         -9  -9  -9  3377  1.0  3.20 -9  30.8  13.2  11.7   7.8   7.5  -9 -9.0 -9  3  2
202504031500 108  20  2.8  -9 -9.0   -9 1007.6 1017.7  7  -2.4  16.8  -0.8  30.0   5.8   -9.0   -9.0   -9.0   -9.0   -9.0   -9.0   -9.0 -9 -9 -                        1   1   10 Sc         0   0   5  2653  1.0  2.82 -9  28.5  14.0  12.6   8.1   7.6  -9 -9.0 -9  3  2
202504031600 108  27  3.7  -9 -9.0   -9 1007.4 1017.6 -9  -9.0  16.1   2.1  39.0   7.1   -9.0   -9.0   -9.0   -9.0   -9.0   -9.0   -9.0 -9 -9 -                        1   1   10 Sc         0   0   5  1372  1.0  2.22 -9  25.0  14.4  13.2   8.6   7.7  -9 -9.0 -9  3  2
202504031700 108  25  4.5  -9 -9.0   -9 1007.5 1017.7 -9  -9.0  14.4   1.9  43.0   7.0   -9.0   -9.0   -9.0   -9.0   -9.0   -9.0   -9.0 -9 -9 -                        0   0   -9 -         -9  -9  -9  1866  1.0  1.50 -9  19.5  14.3  13.2   9.0   7.8  -9 -9.0 -9  3  2
202504031800 108  27  4.4  -9 -9.0   -9 1007.8 1018.1  3   0.4  12.8   0.5  43.0   6.3   -9.0   -9.0   -9.0   -9.0   -9.0   -9.0   -9.0 -9 -9 -                        0   0   -9 -         -9  -9  -9  2002  1.0  0.74 -9  13.9  13.8  12.9   9.4   8.1  -9 -9.0 -9  3  2
202504031900 108  25  3.2  -9 -9.0   -9 1008.0 1018.4 -9  -9.0  11.2   1.1  50.0   6.6   -9.0   -9.0   -9.0   -9.0   -9.0   -9.0   -9.0 -9 -9 -                        0   0   -9 -         -9  -9  -9  2204  0.5  0.18 -9  10.7  13.0  12.3   9.7   8.3  -9 -9.0 -9  3 -9
202504032000 108  23  1.4  -9 -9.0   -9 1008.2 1018.6 -9  -9.0  10.2   1.2  54.0   6.7   -9.0   -9.0   -9.0   -9.0   -9.0   -9.0   -9.0 -9 -9 -                        0   0   -9 -         -9  -9  -9  1993 -9.0 -9.00 -9   8.7  12.2  11.5   9.9   8.5  -9 -9.0 -9  3 -9
202504032100 108  29  2.0  -9 -9.0   -9 1008.4 1018.8  2   0.7   9.4   2.4  62.0   7.3   -9.0   -9.0   -9.0   -9.0   -9.0   -9.0   -9.0 -9 -9 -                        0   0   -9 -         -9  -9  -9  1655 -9.0 -9.00 -9   7.6  11.4  10.9  10.0   8.7  -9 -9.0 -9  3  2
202504032200 108  25  1.5  -9 -9.0   -9 1008.5 1019.0 -9  -9.0   8.6   2.3  65.0   7.2   -9.0   -9.0   -9.0   -9.0   -9.0   -9.0   -9.0 -9 -9 -                        0   0   -9 -         -9  -9  -9  1278 -9.0 -9.00 -9   6.5  10.7  10.2  10.0   8.9  -9 -9.0 -9  3 -9
202504032300 108   0  0.4  -9 -9.0   -9 1008.7 1019.2 -9  -9.0   7.8   2.2  68.0   7.2   -9.0   -9.0   -9.0   -9.0   -9.0   -9.0   -9.0 -9 -9 -                        0   0   -9 -         -9  -9  -9  1265 -9.0 -9.00 -9   5.6  10.2   9.9  10.2   9.3  -9 -9.0 -9  3 -9
202504040000 108  25  1.7  -9 -9.0   -9 1009.2 1019.7  2   0.9   7.6   2.4  70.0   7.3   -9.0   -9.0   -9.0   -9.0   -9.0   -9.0   -9.0 -9 -9 -                        0   0   -9 -         -9  -9  -9  1036 -9.0 -9.00 -9   5.1   9.6   9.3  10.1   9.3  -9 -9.0 -9  3  2
202504040100 108  25  1.9  -9 -9.0   -9 1009.4 1019.9 -9  -9.0   7.2   1.8  69.0   7.0   -9.0   -9.0   -9.0   -9.0   -9.0   -9.0   -9.0 -9 -9 -                        7   2   21 -         -9  -9  -9  1100 -9.0 -9.00 -9   5.2   9.2   8.9   9.9   9.3  -9 -9.0 -9  3 -9
202504040200 108  25  1.1  -9 -9.0   -9 1009.6 1020.1 -9  -9.0   7.3   2.5  72.0   7.3   -9.0   -9.0   -9.0   -9.0   -9.0   -9.0   -9.0 -9 -9 40                       0   0   -9 -         -9  -9  -9   841 -9.0 -9.00 -9   4.7   8.9   8.6   9.7   9.3  -9 -9.0 -9  3  2
202504040300 108  25  0.9  -9 -9.0   -9 1009.9 1020.5  2   0.8   6.9   2.3  73.0   7.2   -9.0   -9.0   -9.0   -9.0   -9.0   -9.0   -9.0  5  0 40                       0   0   -9 -         -9  -9  -9   645 -9.0 -9.00 -9   4.2   8.6   8.3   9.6   9.3  -9 -9.0 -9  3  1
202504040400 108  23  1.0  -9 -9.0   -9 1010.0 1020.6 -9  -9.0   6.3   2.7  78.0   7.4   -9.0   -9.0   -9.0   -9.0   -9.0   -9.0   -9.0  5  0 40                       3   3   24 Ac         0   3   0   494 -9.0 -9.00 -9   4.0   8.3   8.0   9.4   9.3  -9 -9.0 -9  3  1
202504040500 108  29  0.9  -9 -9.0   -9 1010.0 1020.6 -9  -9.0   6.2   3.3  82.0   7.7   -9.0   -9.0   -9.0   -9.0   -9.0   -9.0   -9.0 10 22 4019                     6   6   14 Sc         0   0   5   464 -9.0 -9.00 -9   4.1   8.0   7.7   9.2   9.2  -9 -9.0 -9  3  1
202504040600 108  20  1.3  -9 -9.0   -9 1010.1 1020.7  2   0.2   6.2   2.9  80.0   7.5   -9.0   -9.0   -9.0   -9.0   -9.0   -9.0   -9.0 10  0 19                       4   4   14 Sc         0   0   5   535 -9.0 -9.00 -9   4.4   7.9   7.5   9.1   9.1  -9 -9.0 -9  3  1
202504040700 108   2  1.0  -9 -9.0   -9 1010.3 1020.9 -9  -9.0   6.0   3.3  83.0   7.7   -9.0   -9.0   -9.0   -9.0   -9.0   -9.0   -9.0 10 22 19                       6   2   18 ScCi       1   0   5   444  0.0  0.04 -9   4.3   7.7   7.4   8.9   9.1  -9 -9.0 -9  3  1
202504040800 108  36  0.5  -9 -9.0   -9 1010.5 1021.1 -9  -9.0   6.9   3.3  78.0   7.7   -9.0   -9.0   -9.0   -9.0   -9.0   -9.0   -9.0 10  0 19                       3   0   -9 Ci         1   0   0   609  0.3  0.40 -9   7.8   7.7   7.3   8.7   9.0  -9 -9.0 -9  3  1
202504040900 108  20  1.3  -9 -9.0   -9 1010.2 1020.7  4   0.0   9.2   3.1  66.0   7.6   -9.0   -9.0   -9.0   -9.0   -9.0   -9.0   -9.0  5  0 4019                     3   0   -9 Ci         1   0   0   873  1.0  1.35 -9  14.0   8.3   7.5   8.5   8.8  -9 -9.0 -9  3  1
202504041000 108  20  2.0  -9 -9.0   -9 1010.1 1020.5 -9  -9.0  11.1   2.6  56.0   7.4   -9.0   -9.0   -9.0   -9.0   -9.0   -9.0   -9.0 -9 -9 40                       3   0   -9 Ci         1   0   0  1269  1.0  2.01 -9  19.9   9.3   8.1   8.3   8.6  -9 -9.0 -9  3  2
202504041100 108  25  2.2  -9 -9.0   -9 1009.5 1019.8 -9  -9.0  12.6   1.8  48.0   7.0   -9.0   -9.0   -9.0   -9.0   -9.0   -9.0   -9.0 -9 -9 -                        0   0   -9 -         -9  -9  -9  1439  1.0  2.69 -9  25.9  10.3   9.2   8.3   8.6  -9 -9.0 -9  3  2
202504041200 108  25  3.0  -9 -9.0   -9 1009.1 1019.4  7  -1.3  13.9   1.8  44.0   7.0   -9.0   -9.0   -9.0   -9.0   -9.0   -9.0   -9.0 -9 -9 -                        0   0   -9 -         -9  -9  -9  1458  1.0  3.15 -9  29.3  11.7  10.3   8.4   8.5  -9 -9.0 -9  3  2
202504041300 108  20  3.4  -9 -9.0   -9 1008.5 1018.7 -9  -9.0  15.5   1.2  38.0   6.7   -9.0   -9.0   -9.0   -9.0   -9.0   -9.0   -9.0 -9 -9 -                        0   0   -9 -         -9  -9  -9  1586  1.0  3.30 -9  31.0  12.9  11.5   8.5   8.4  -9 -9.0 -9  3  2
202504041400 108  20  3.7  -9 -9.0   -9 1007.5 1017.7 -9  -9.0  16.1  -1.0  31.0   5.7   -9.0   -9.0   -9.0   -9.0   -9.0   -9.0   -9.0 -9 -9 -                        0   0   -9 -         -9  -9  -9  2750  1.0  3.19 -9  30.9  14.0  12.6   8.8   8.4  -9 -9.0 -9  3  2
202504041500 108  25  3.9  -9 -9.0   -9 1007.3 1017.5  7  -1.9  16.0  -0.7  32.0   5.8   -9.0   -9.0   -9.0   -9.0   -9.0   -9.0   -9.0 -9 -9 -                        0   0   -9 -         -9  -9  -9  2757  1.0  2.80 -9  28.6  14.6  13.4   9.1   8.4  -9 -9.0 -9  3  2
202504041600 108  23  2.8  -9 -9.0   -9 1006.7 1016.9 -9  -9.0  15.9   0.4  35.0   6.3   -9.0   -9.0   -9.0   -9.0   -9.0   -9.0   -9.0 -9 -9 -                        0   0   -9 -         -9  -9  -9  2881  1.0  2.24 -9  25.2  14.8  13.7   9.5   8.5  -9 -9.0 -9  3  2
202504041700 108  25  3.5  -9 -9.0   -9 1006.8 1017.0 -9  -9.0  15.0  -0.7  34.0   5.8   -9.0   -9.0   -9.0   -9.0   -9.0   -9.0   -9.0 -9 -9 -                        0   0   -9 -         -9  -9  -9  2790  1.0  1.50 -9  19.9  14.6  13.7   9.9   8.7  -9 -9.0 -9  3  2
202504041800 108  27  2.9  -9 -9.0   -9 1007.0 1017.3  5  -0.2  13.4  -2.5  33.0   5.1   -9.0   -9.0   -9.0   -9.0   -9.0   -9.0   -9.0 -9 -9 -                        0   0   -9 -         -9  -9  -9  3221  1.0  0.69 -9  14.3  14.1  13.3  10.1   8.7  -9 -9.0 -9  3  2
202504041900 108  27  2.6  -9 -9.0   -9 1006.8 1017.1 -9  -9.0  11.9  -2.7  36.0   5.0   -9.0   -9.0   -9.0   -9.0   -9.0   -9.0   -9.0 -9 -9 -                        0   0   -9 -         -9  -9  -9  3174  0.1  0.17 -9  10.9  13.1  12.8  10.5   9.1  -9 -9.0 -9  3 -9
202504042000 108  29  1.6  -9 -9.0   -9 1006.6 1017.0 -9  -9.0  10.8  -1.3  43.0   5.6   -9.0   -9.0   -9.0   -9.0   -9.0   -9.0   -9.0 -9 -9 -                        0   0   -9 -         -9  -9  -9  2677 -9.0 -9.00 -9   9.0  12.4  12.1  10.7   9.3  -9 -9.0 -9  3 -9
202504042100 108  27  0.8  -9 -9.0   -9 1006.6 1017.0  6  -0.3  10.0   0.0  50.0   6.1   -9.0   -9.0   -9.0   -9.0   -9.0   -9.0   -9.0 -9 -9 -                        0   0   -9 -         -9  -9  -9  2169 -9.0 -9.00 -9   7.8  11.7  11.4  10.8   9.5  -9 -9.0 -9  3  2
202504042200 108  27  2.7  -9 -9.0   -9 1006.7 1017.1 -9  -9.0   9.7   0.8  54.0   6.5   -9.0   -9.0   -9.0   -9.0   -9.0   -9.0   -9.0 -9 -9 -                        4   1   52 -         -9  -9  -9  2057 -9.0 -9.00 -9   7.3  11.0  10.1   9.2   8.1  -9 -9.0 -9  3 -9
202504042300 108  23  2.8  -9 -9.0   -9 1006.7 1017.1 -9  -9.0   9.6   1.4  57.0   6.8   -9.0   -9.0   -9.0   -9.0   -9.0   -9.0   -9.0 -9 -9 -                       10   7   40 -         -9  -9  -9  1560 -9.0 -9.00 -9   7.9  10.6   9.6   9.1   8.2  -9 -9.0 -9  3 -9
202504050000 108  23  2.1  -9 -9.0   -9 1006.7 1017.1  1   0.1   9.5   1.6  58.0   6.9   -9.0   -9.0   -9.0   -9.0   -9.0   -9.0   -9.0 -9 -9 -                       10  10   26 As        -9   2   0  1469 -9.0 -9.00 -9   8.1  10.4   9.4   9.0   8.3  -9 -9.0 -9  3  2
202504050100 108  23  2.7  -9 -9.0   -9 1007.0 1017.4 -9  -9.0   9.3   1.9  60.0   7.0    0.0    0.0    0.0   -9.0   -9.0   -9.0   -9.0 60 62 01                      10   7   16 ScAs      -9   2   5  1493 -9.0 -9.00 -9   8.1  10.2   9.2   8.9   8.3  -9 -9.0 -9  4  1
202504050200 108  27  2.3  -9 -9.0   -9 1006.6 1017.1 -9  -9.0   8.5   3.1  69.0   7.6    0.0    0.0    0.0   -9.0   -9.0   -9.0   -9.0 61 66 4001                    10   6    7 StNs      -9   2   7   938 -9.0 -9.00 -9   7.8  10.0   9.0   8.8   8.3  -9 -9.0 -9  4  1
202504050300 108   5  3.0  -9 -9.0   -9 1005.1 1015.6  8  -1.5   8.2   3.2  71.0   7.7    0.0    0.0    0.0   -9.0   -9.0   -9.0   -9.0 21 62 401901                  10   6   19 ScAs      -9   2   5   827 -9.0 -9.00 -9   7.6   9.8   8.8   8.7   8.3  -9 -9.0 -9  4  1
202504050400 108  11  0.9  -9 -9.0   -9 1004.8 1015.2 -9  -9.0   8.4   2.8  68.0   7.5   -9.0    0.0    0.0   -9.0   -9.0   -9.0   -9.0 -9 -9 19                      10   5   15 ScAs      -9   2   5  1008 -9.0 -9.00 -9   7.5   9.6   8.7   8.6   8.3  -9 -9.0 -9  3  2
202504050500 108  11  1.0  -9 -9.0   -9 1004.3 1014.7 -9  -9.0   8.6   3.0  68.0   7.6   -9.0    0.0    0.0   -9.0   -9.0   -9.0   -9.0 -9 -9 -                       10   5    6 ScAs      -9   2   5  1039 -9.0 -9.00 -9   7.8   9.5   8.5   8.4   8.3  -9 -9.0 -9  3  2
202504050600 108   7  0.6  -9 -9.0   -9 1003.7 1014.1  7  -1.5   8.7   3.3  69.0   7.7   -9.0    0.0    0.0   -9.0   -9.0   -9.0   -9.0 -9 -9 -                       10   6    6 ScAs      -9   2   5  1037 -9.0 -9.00 -9   7.9   9.3   8.5   8.4   8.2  -9 -9.0 -9  3  2
202504050700 108  14  0.5  -9 -9.0   -9 1003.5 1013.9 -9  -9.0   8.9   3.7  70.0   8.0   -9.0    0.0    0.0   -9.0   -9.0   -9.0   -9.0  5 22 40                      10   8    5 ScAs      -9   2   5   930  0.0  0.01 -9   8.2   9.4   8.4   8.3   8.2  -9 -9.0 -9  3  1
202504050800 108  34  1.6  -9 -9.0   -9 1003.3 1013.7 -9  -9.0   8.8   5.3  79.0   8.9    0.3    0.3    0.3   -9.0   -9.0   -9.0   -9.0 61 62 401901                  10   8    6 StNs      -9   2   7   466  0.0  0.08 -9   8.5   9.4   8.4   8.2   8.1  -9 -9.0 -9  4  1
202504050900 108  11  0.8  -9 -9.0   -9 1002.9 1013.3  7  -0.8   8.5   6.4  87.0   9.6    1.9    2.2    2.2   -9.0   -9.0   -9.0   -9.0 61 66 1901                    10   8    6 StNs      -9   2   7   235  0.0  0.10 -9   8.5   9.4   8.3   8.1   8.0  -9 -9.0 -9  1  1
202504051000 108  23  2.5  -9 -9.0   -9 1002.4 1012.8 -9  -9.0   8.0   6.2  89.0   9.5    3.9    6.1    6.1   -9.0   -9.0   -9.0   -9.0 63 66 1901                    10   8    3 StNs      -9   2   7   344  0.0  0.13 -9   8.5   9.3   8.3   8.1   8.0  -9 -9.0 -9  4  1
202504051100 108  16  1.4  -9 -9.0   -9 1002.0 1012.4 -9  -9.0   7.8   5.4  85.0   9.0    4.3   10.4   10.4   -9.0   -9.0   -9.0   -9.0 63 66 1901                    10   9    3 StNs      -9   2   7   503  0.0  0.23 -9   8.6   9.2   8.2   8.0   8.0  -9 -9.0 -9  4  1
202504051200 108   5  2.1  -9 -9.0   -9 1001.3 1011.7  7  -1.6   7.9   6.3  90.0   9.5    2.6   13.0   13.0   -9.0   -9.0   -9.0   -9.0 61 66 1901                    10   8    5 StNs      -9   2   7   521  0.0  0.27 -9   9.3   9.1   8.1   7.9   7.9  -9 -9.0 -9  4  1
202504051300 108   5  2.3  -9 -9.0   -9 1000.6 1011.0 -9  -9.0   7.9   6.3  90.0   9.5    1.1   14.1   14.1   -9.0   -9.0   -9.0   -9.0 61 66 1901                    10   6    3 StNs      -9   2   7   863  0.0  0.32 -9   9.3   9.2   8.2   7.8   7.9  -9 -9.0 -9  4  1
202504051400 108   5  3.3  -9 -9.0   -9  999.9 1010.3 -9  -9.0   7.7   6.1  90.0   9.4    1.3   15.4   15.4   -9.0   -9.0   -9.0   -9.0 60 66 1901                    10   8    7 ScAs      -9   2   5  1244  0.0  0.21 -9   8.9   9.2   8.2   7.8   7.8  -9 -9.0 -9  4  1
202504051500 108   5  2.9  -9 -9.0   -9  999.2 1009.6  7  -2.1   7.7   5.9  89.0   9.3    0.0   15.4   15.4   -9.0   -9.0   -9.0   -9.0 60 66 1901                    10   8    7 ScAs      -9   2   5   504  0.0  0.32 -9   9.8   9.2   8.2   7.7   7.7  -9 -9.0 -9  4  1
202504051600 108   5  2.8  -9 -9.0   -9  998.5 1008.9 -9  -9.0   7.7   6.1  90.0   9.4    0.1   15.5   15.5   -9.0   -9.0   -9.0   -9.0 51 65 190201                  10  10    3 St        -9  -9   7   749  0.0  0.32 -9   9.3   9.4   8.3   7.7   7.8  -9 -9.0 -9  4  1
202504051700 108   7  1.9  -9 -9.0   -9  998.0 1008.4 -9  -9.0   7.6   6.2  91.0   9.5    0.0   15.5   15.5   -9.0   -9.0   -9.0   -9.0 51 55 1902                    10  10    2 St        -9  -9   7   618  0.0  0.08 -9   8.4   9.3   8.3   7.7   7.7  -9 -9.0 -9  4  1
202504051800 108   5  2.5  -9 -9.0   -9  997.6 1008.0  7  -1.6   7.6   6.8  95.0   9.9    2.8   18.3   18.3   -9.0   -9.0   -9.0   -9.0 91 96 190201                  10   9    2 StNs      -9   2   7   357  0.0  0.07 -9   8.2   9.2   8.2   7.6   7.7  -9 -9.0 -9  4  1
202504051900 108   5  2.3  -9 -9.0   -9  997.5 1007.9 -9  -9.0   7.7   6.7  94.0   9.8    2.0   20.3   20.3   -9.0   -9.0   -9.0   -9.0 61 66 1901                    10   8    3 StNs      -9   2   7   436  0.0  0.03 -9   7.8   9.0   8.0   7.6   7.7  -9 -9.0 -9  4  1
202504052000 108   7  2.2  -9 -9.0   -9  997.8 1008.2 -9  -9.0   7.6   6.6  94.0   9.7    1.7   22.0   22.0   -9.0   -9.0   -9.0   -9.0 61 66 1901                    10   8    5 StNs      -9   2   7   946 -9.0 -9.00 -9   7.6   8.9   7.9   7.6   7.6  -9 -9.0 -9  4  1
202504052100 108   9  2.1  -9 -9.0   -9  998.8 1009.2  3   1.2   7.6   6.6  94.0   9.7    0.0   22.0   22.0   -9.0   -9.0   -9.0   -9.0 61 96 190201                  10  10    5 St        -9  -9   7   905 -9.0 -9.00 -9   7.6   8.8   7.8   7.6   7.6  -9 -9.0 -9  1  1
202504052200 108  34  0.5  -9 -9.0   -9  999.3 1009.7 -9  -9.0   7.6   6.3  92.0   9.5    0.8   22.8   22.8   -9.0   -9.0   -9.0   -9.0 61 66 1901                    10  10    3 St        -9  -9   7   956 -9.0 -9.00 -9   7.7   8.7   7.7   7.5   7.6  -9 -9.0 -9  4  1
202504052300 108   0  0.4  -9 -9.0   -9  999.7 1010.1 -9  -9.0   7.8   6.4  91.0   9.6    0.0   22.8   22.8   -9.0   -9.0   -9.0   -9.0 51 65 190201                  10  10    3 St        -9  -9   7   493 -9.0 -9.00 -9   7.8   8.7   7.6   7.5   7.6  -9 -9.0 -9  4  1
202504060000 108  29  2.3  -9 -9.0   -9 1000.4 1010.8  2   1.6   7.9   6.9  94.0   9.9    0.0   22.8   22.8   -9.0   -9.0   -9.0   -9.0 51 65 1902                    10  10    2 St        -9  -9   7   346 -9.0 -9.00 -9   7.7   8.7   7.6   7.4   7.5  -9 -9.0 -9  4  1
202504060100 108  27  2.3  -9 -9.0   -9 1001.0 1011.4 -9  -9.0   7.6   6.6  94.0   9.7    0.0    0.0    0.0   -9.0   -9.0   -9.0   -9.0 20 52 1902                     9   9    2 St         0   0   6   331 -9.0 -9.00 -9   7.4   8.6   7.6   7.4   7.5  -9 -9.0 -9  4  1
202504060200 108  29  1.9  -9 -9.0   -9 1001.2 1011.7 -9  -9.0   7.4   6.1  92.0   9.4   -9.0    0.0    0.0   -9.0   -9.0   -9.0   -9.0 -9 -9 19                       9   9    2 -         -9  -9  -9   501 -9.0 -9.00 -9   7.4   8.6   7.5   7.4   7.5  -9 -9.0 -9  3  2
202504060300 108  27  2.1  -9 -9.0   -9 1001.2 1011.6  0   0.8   7.5   6.4  93.0   9.6   -9.0    0.0    0.0   -9.0   -9.0   -9.0   -9.0 10 65 19                       9   9    2 St         0   0   6   438 -9.0 -9.00 -9   7.3   8.5   7.5   7.3   7.4  -9 -9.0 -9  3  1
202504060400 108  27  2.0  -9 -9.0   -9 1001.6 1012.1 -9  -9.0   7.3   6.0  92.0   9.3   -9.0    0.0    0.0   -9.0   -9.0   -9.0   -9.0 10 22 19                       8   8    2 St         0   0   6   701 -9.0 -9.00 -9   7.2   8.5   7.4   7.3   7.4  -9 -9.0 -9  3  1
202504060500 108  27  2.9  -9 -9.0   -9 1002.2 1012.7 -9  -9.0   7.4   6.1  92.0   9.4   -9.0    0.0    0.0   -9.0   -9.0   -9.0   -9.0 10 22 19                       7   7    2 St         0   0   6   633 -9.0 -9.00 -9   7.1   8.4   7.4   7.3   7.4  -9 -9.0 -9  3  1
202504060600 108  27  2.5  -9 -9.0   -9 1002.8 1013.3  2   1.7   7.1   4.9  86.0   8.7   -9.0    0.0    0.0   -9.0   -9.0   -9.0   -9.0 -9 -9 19                       7   7    3 St         0   0   6  1208 -9.0 -9.00 -9   6.8   8.3   7.3   7.2   7.4  -9 -9.0 -9  3  2
202504060700 108  20  1.5  -9 -9.0   -9 1003.1 1013.6 -9  -9.0   6.9   4.7  86.0   8.5   -9.0    0.0    0.0   -9.0   -9.0   -9.0   -9.0 -9 -9 -                        7   7    8 Sc         0   0   5  1277  0.0  0.05 -9   6.6   8.2   7.2   7.2   7.4  -9 -9.0 -9  3  2
202504060800 108  25  2.3  -9 -9.0   -9 1003.8 1014.3 -9  -9.0   7.6   5.2  85.0   8.8   -9.0    0.0    0.0   -9.0   -9.0   -9.0   -9.0 -9 -9 -                        6   6    6 Sc         0   0   5  1203  0.6  0.50 -9   8.5   8.2   7.2   7.2   7.4  -9 -9.0 -9  3  2
202504060900 108  20  2.8  -9 -9.0   -9 1004.8 1015.3  2   2.0   8.1   5.7  85.0   9.2   -9.0    0.0    0.0   -9.0   -9.0   -9.0   -9.0 -9 -9 -                        9   9    6 Sc         0   0   5  1042  0.1  0.53 -9   9.2   8.4   7.3   7.2   7.4  -9 -9.0 -9  3  2
202504061000 108  20  2.3  -9 -9.0   -9 1005.3 1015.7 -9  -9.0   9.1   5.0  76.0   8.7   -9.0    0.0    0.0   -9.0   -9.0   -9.0   -9.0 -9 -9 -                        1   1    8 Sc         0   0   5  1384  0.4  1.37 -9  17.7   8.9   8.3   8.6   8.8  -9 -9.0 -9  3  2
202504061100 108  18  3.0  -9 -9.0   -9 1004.9 1015.2 -9  -9.0  11.3   4.9  65.0   8.7   -9.0    0.0    0.0   -9.0   -9.0   -9.0   -9.0 -9 -9 -                        0   0   -9 -         -9  -9  -9  1870  1.0  2.77 -9  22.9   9.9   9.0   8.4   8.6  -9 -9.0 -9  3  2
202504061200 108  20  3.2  -9 -9.0   -9 1004.2 1014.4  8  -0.9  13.5   3.8  52.0   8.0   -9.0    0.0    0.0   -9.0   -9.0   -9.0   -9.0 -9 -9 -                        0   0   -9 -         -9  -9  -9  2139  1.0  3.17 -9  25.7  11.3  10.4   8.7   8.8  -9 -9.0 -9  3  2
202504061300 108  25  4.4  -9 -9.0   -9 1003.8 1014.0 -9  -9.0  13.9   0.8  41.0   6.5   -9.0    0.0    0.0   -9.0   -9.0   -9.0   -9.0 -9 -9 -                        0   0   -9 -         -9  -9  -9  2798  1.0  3.33 -9  26.2  12.7  11.6   8.8   8.7  -9 -9.0 -9  3  2
202504061400 108  23  3.4  -9 -9.0   -9 1003.4 1013.6 -9  -9.0  15.2   1.3  39.0   6.7   -9.0    0.0    0.0   -9.0   -9.0   -9.0   -9.0 -9 -9 -                        0   0   -9 -         -9  -9  -9  2351  1.0  3.22 -9  26.6  13.7  12.5   9.0   8.6  -9 -9.0 -9  3  2
202504061500 108  25  3.2  -9 -9.0   -9 1003.0 1013.2  7  -1.2  15.5   1.2  38.0   6.7   -9.0    0.0    0.0   -9.0   -9.0   -9.0   -9.0 -9 -9 -                        0   0   -9 -         -9  -9  -9  2408  1.0  2.84 -9  25.2  14.4  13.3   9.5   8.8  -9 -9.0 -9  3  2
202504061600 108  23  4.2  -9 -9.0   -9 1003.0 1013.2 -9  -9.0  15.4   1.4  39.0   6.8   -9.0    0.0    0.0   -9.0   -9.0   -9.0   -9.0 -9 -9 -                        0   0   -9 -         -9  -9  -9  2508  1.0  2.28 -9  22.0  14.6  13.7   9.9   8.9  -9 -9.0 -9  3  2
202504061700 108  23  4.4  -9 -9.0   -9 1003.3 1013.5 -9  -9.0  14.4   0.9  40.0   6.5   -9.0    0.0    0.0   -9.0   -9.0   -9.0   -9.0 -9 -9 -                        0   0   -9 -         -9  -9  -9  2843  1.0  1.60 -9  17.3  14.5  13.7  10.1   9.0  -9 -9.0 -9  3  2
202504061800 108  25  3.1  -9 -9.0   -9 1003.8 1014.1  2   0.9  13.1   0.4  42.0   6.3   -9.0    0.0    0.0   -9.0   -9.0   -9.0   -9.0 -9 -9 -                        0   0   -9 -         -9  -9  -9  2487  1.0  0.82 -9  12.3  14.1  13.0   9.9   8.5  -9 -9.0 -9  3  2
202504061900 108  23  2.3  -9 -9.0   -9 1004.1 1014.4 -9  -9.0  11.7   1.3  49.0   6.7   -9.0    0.0    0.0   -9.0   -9.0   -9.0   -9.0 -9 -9 -                        0   0   -9 -         -9  -9  -9  2144  0.5  0.22 -9   9.6  13.3  12.8  10.9   9.5  -9 -9.0 -9  3 -9
202504062000 108  23  2.8  -9 -9.0   -9 1004.9 1015.3 -9  -9.0  10.5   2.3  57.0   7.2   -9.0    0.0    0.0   -9.0   -9.0   -9.0   -9.0 -9 -9 -                        0   0   -9 -         -9  -9  -9  1962 -9.0 -9.00 -9   8.0  12.5  12.1  11.0   9.7  -9 -9.0 -9  3 -9
202504062100 108  23  1.6  -9 -9.0   -9 1005.8 1016.2  2   2.1   9.7   3.2  64.0   7.7   -9.0    0.0    0.0   -9.0   -9.0   -9.0   -9.0 -9 -9 -                        0   0   -9 -         -9  -9  -9  1673 -9.0 -9.00 -9   7.2  11.8  11.4  11.0   9.8  -9 -9.0 -9  3  2
202504062200 108  25  2.2  -9 -9.0   -9 1006.2 1016.6 -9  -9.0   8.9   3.9  71.0   8.1   -9.0    0.0    0.0   -9.0   -9.0   -9.0   -9.0 -9 -9 -                        0   0   -9 -         -9  -9  -9  1607 -9.0 -9.00 -9   6.5  11.1  10.8  10.8   9.8  -9 -9.0 -9  3 -9
202504062300 108  23  2.2  -9 -9.0   -9 1006.6 1017.1 -9  -9.0   8.3   4.1  75.0   8.2   -9.0    0.0    0.0   -9.0   -9.0   -9.0   -9.0 -9 -9 -                        0   0   -9 -         -9  -9  -9  1451 -9.0 -9.00 -9   6.0  10.6  10.2  10.7   9.9  -9 -9.0 -9  3 -9
202504070000 108  25  2.3  -9 -9.0   -9 1006.6 1017.1  1   0.9   7.8   4.1  78.0   8.2   -9.0    0.0    0.0   -9.0   -9.0   -9.0   -9.0 -9 -9 -                        0   0   -9 -         -9  -9  -9  1299 -9.0 -9.00 -9   5.5  10.1   9.8  10.6   9.9  -9 -9.0 -9  3  2
202504070100 108  27  0.7  -9 -9.0   -9 1006.5 1017.0 -9  -9.0   7.3   3.7  78.0   8.0   -9.0   -9.0   -9.0   -9.0   -9.0   -9.0   -9.0 -9 -9 -                        0   0   -9 -         -9  -9  -9  1204 -9.0 -9.00 -9   4.9   9.7   9.4  10.4   9.9  -9 -9.0 -9  3 -9
202504070200 108  27  0.9  -9 -9.0   -9 1006.6 1017.1 -9  -9.0   7.0   3.9  81.0   8.1   -9.0   -9.0   -9.0   -9.0   -9.0   -9.0   -9.0 -9 -9 -                        0   0   -9 -         -9  -9  -9  1228 -9.0 -9.00 -9   4.5   9.3   9.0  10.3   9.9  -9 -9.0 -9  3 -9
202504070300 108  27  1.3  -9 -9.0   -9 1006.8 1017.3  3   0.2   6.8   3.9  82.0   8.1   -9.0   -9.0   -9.0   -9.0   -9.0   -9.0   -9.0 -9 -9 -                        0   0   -9 -         -9  -9  -9  1171 -9.0 -9.00 -9   4.2   8.9   8.7  10.1   9.9  -9 -9.0 -9  3  2
202504070400 108  27  0.9  -9 -9.0   -9 1006.6 1017.1 -9  -9.0   6.5   3.4  81.0   7.8   -9.0   -9.0   -9.0   -9.0   -9.0   -9.0   -9.0 -9 -9 -                        0   0   -9 -         -9  -9  -9  1116 -9.0 -9.00 -9   3.7   8.6   8.4   9.9   9.8  -9 -9.0 -9  3  2
202504070500 108  25  0.9  -9 -9.0   -9 1006.5 1017.1 -9  -9.0   6.2   3.6  84.0   7.9   -9.0   -9.0   -9.0   -9.0   -9.0   -9.0   -9.0 10  0 19                       0   0   -9 -         -9  -9  -9   960 -9.0 -9.00 -9   3.5   8.3   8.1   9.7   9.8  -9 -9.0 -9  3  1
202504070600 108  36  1.0  -9 -9.0   -9 1006.9 1017.5  3   0.2   5.8   3.7  87.0   8.0   -9.0   -9.0   -9.0   -9.0   -9.0   -9.0   -9.0 10  0 19                       0   0   -9 -         -9  -9  -9   807 -9.0 -9.00 -9   3.1   8.0   7.8   9.6   9.7  -9 -9.0 -9  3  1
202504070700 108   2  1.3  -9 -9.0   -9 1007.5 1018.1 -9  -9.0   5.5   3.5  87.0   7.8   -9.0   -9.0   -9.0   -9.0   -9.0   -9.0   -9.0 10  0 19                       0   0   -9 -         -9  -9  -9   714  0.4  0.11 -9   3.8   7.8   7.6   9.4   9.6  -9 -9.0 -9  3  1
202504070800 108   2  2.1  -9 -9.0   -9 1007.8 1018.3 -9  -9.0   7.5   4.9  84.0   8.7   -9.0   -9.0   -9.0   -9.0   -9.0   -9.0   -9.0 10  0 19                       0   0   -9 -         -9  -9  -9   854  1.0  0.66 -9   8.4   7.7   7.4   9.1   9.4  -9 -9.0 -9  3  1
202504070900 108   2  2.1  -9 -9.0   -9 1008.0 1018.4  2   0.9  10.4   4.9  69.0   8.7   -9.0   -9.0   -9.0   -9.0   -9.0   -9.0   -9.0 -9 -9 19                       0   0   -9 -         -9  -9  -9  1091  1.0  1.47 -9  15.0   8.2   7.8   9.0   9.5  -9 -9.0 -9  3  2
202504071000 108  14  1.6  -9 -9.0   -9 1007.7 1018.0 -9  -9.0  12.7   3.3  53.0   7.7   -9.0   -9.0   -9.0   -9.0   -9.0   -9.0   -9.0 -9 -9 -                        0   0   -9 -         -9  -9  -9  1696  1.0  2.18 -9  20.6   8.9   8.5   9.0   9.4  -9 -9.0 -9  3  2
202504071100 108  20  1.7  -9 -9.0   -9 1007.5 1017.7 -9  -9.0  14.8   1.9  42.0   7.0   -9.0   -9.0   -9.0   -9.0   -9.0   -9.0   -9.0 -9 -9 -                        0   0   -9 -         -9  -9  -9  2232  1.0  2.77 -9  25.1  10.9   9.6   8.9   9.2  -9 -9.0 -9  3  2
202504071200 108  20  2.4  -9 -9.0   -9 1006.9 1017.0  7  -1.4  17.0  -0.2  31.0   6.0   -9.0   -9.0   -9.0   -9.0   -9.0   -9.0   -9.0 -9 -9 -                        0   0   -9 -         -9  -9  -9  2879  1.0  3.13 -9  27.0  12.5  10.9   9.0   9.1  -9 -9.0 -9  3  2
202504071300 108  18  3.7  -9 -9.0   -9 1005.9 1016.0 -9  -9.0  18.5   1.0  31.0   6.6   -9.0   -9.0   -9.0   -9.0   -9.0   -9.0   -9.0 -9 -9 -                        0   0   -9 -         -9  -9  -9  1973  1.0  3.24 -9  27.9  13.9  12.3   9.1   9.0  -9 -9.0 -9  3  2
202504071400 108  20  3.6  -9 -9.0   -9 1005.1 1015.1 -9  -9.0  19.4   1.8  31.0   7.0   -9.0   -9.0   -9.0   -9.0   -9.0   -9.0   -9.0 -9 -9 -                        0   0   -9 -         -9  -9  -9  2259  1.0  3.08 -9  27.3  15.0  13.4   9.4   9.0  -9 -9.0 -9  3  2
202504071500 108  20  5.0  -9 -9.0   -9 1003.9 1013.9  7  -3.1  19.8   1.2  29.0   6.7   -9.0   -9.0   -9.0   -9.0   -9.0   -9.0   -9.0 -9 -9 -                        0   0   -9 -         -9  -9  -9  1843  1.0  2.67 -9  25.2  15.6  14.2   9.8   9.1  -9 -9.0 -9  3  2
202504071600 108  20  5.1  18 10.0 1520 1003.2 1013.2 -9  -9.0  20.0   2.7  32.0   7.4   -9.0   -9.0   -9.0   -9.0   -9.0   -9.0   -9.0 -9 -9 -                        0   0   -9 -         -9  -9  -9  1718  1.0  2.12 -9  22.5  15.8  14.6  10.2   9.2  -9 -9.0 -9  3  2
202504071700 108  18  4.7  23 10.0 1602 1002.9 1012.9 -9  -9.0  19.2   3.7  36.0   8.0   -9.0   -9.0   -9.0   -9.0   -9.0   -9.0   -9.0 -9 -9 -                        0   0   -9 -         -9  -9  -9  1844  1.0  1.43 -9  18.7  15.7  14.6  10.6   9.4  -9 -9.0 -9  3  2
202504071800 108  18  5.5  18 11.0 1731 1003.0 1013.1  5  -0.8  17.8   4.3  41.0   8.3   -9.0   -9.0   -9.0   -9.0   -9.0   -9.0   -9.0 -9 -9 -                        0   0   -9 -         -9  -9  -9  1789  0.9  0.66 -9  14.4  15.3  14.3  10.9   9.5  -9 -9.0 -9  3  2
202504071900 108  18  4.4  20 11.0 1805 1002.9 1013.0 -9  -9.0  16.6   4.9  46.0   8.7   -9.0   -9.0   -9.0   -9.0   -9.0   -9.0   -9.0 -9 -9 -                        4   3   28 -         -9  -9  -9  1728  0.0  0.15 -9  12.3  14.6  13.8  11.2   9.7  -9 -9.0 -9  3 -9
202504072000 108  16  2.9  18 10.0 1921 1002.6 1012.7 -9  -9.0  16.1   4.7  47.0   8.5   -9.0   -9.0   -9.0   -9.0   -9.0   -9.0   -9.0 -9 -9 -                        2   2   31 -         -9  -9  -9  1596 -9.0 -9.00 -9  11.0  14.0  13.2  11.3   9.8  -9 -9.0 -9  3  2
202504072100 108  16  1.3  20 11.0 1805 1002.6 1012.7  6  -0.4  15.7   4.0  46.0   8.1   -9.0   -9.0   -9.0   -9.0   -9.0   -9.0   -9.0 -9 -9 -                        7   7   30 Ac         0   3   0  1715 -9.0 -9.00 -9  11.2  13.3  12.7  11.4  10.0  -9 -9.0 -9  3  2
202504072200 108  20  4.2  -9 -9.0   -9 1001.8 1011.9 -9  -9.0  15.7   3.7  45.0   8.0   -9.0   -9.0   -9.0   -9.0   -9.0   -9.0   -9.0 -9 -9 -                        5   5   32 -         -9  -9  -9  1893 -9.0 -9.00 -9  10.2  13.0  12.4  11.4  10.2  -9 -9.0 -9  3 -9
202504072300 108  20  4.9  20 11.0 2251 1002.0 1012.2 -9  -9.0  15.2   4.2  48.0   8.2   -9.0   -9.0   -9.0   -9.0   -9.0   -9.0   -9.0 -9 -9 -                        0   0   -9 -         -9  -9  -9  1802 -9.0 -9.00 -9   9.9  12.6  12.1  11.4  10.3  -9 -9.0 -9  3 -9
202504080000 108  23  2.7  20 11.0 2251 1002.1 1012.2  5  -0.5  14.3   4.2  51.0   8.2   -9.0   -9.0   -9.0   -9.0   -9.0   -9.0   -9.0 -9 -9 -                        0   0   -9 -         -9  -9  -9  1907 -9.0 -9.00 -9   9.3  12.3  11.8  11.4  10.4  -9 -9.0 -9  3  2
202504080100 108  25  3.2  -9 -9.0   -9 1002.0 1012.2 -9  -9.0  13.7   5.0  56.0   8.7   -9.0   -9.0   -9.0   -9.0   -9.0   -9.0   -9.0 -9 -9 -                        0   0   -9 -         -9  -9  -9  2015 -9.0 -9.00 -9   9.8  12.0  11.5  11.3  10.4  -9 -9.0 -9  3 -9
202504080200 108  23  4.3  25 11.0  147 1002.0 1012.2 -9  -9.0  13.0   6.5  65.0   9.7   -9.0   -9.0   -9.0   -9.0   -9.0   -9.0   -9.0 -9 -9 -                        8   8    7 -         -9  -9  -9  1484 -9.0 -9.00 -9  10.1  11.8  11.3  11.2  10.4  -9 -9.0 -9  3 -9
202504080300 108  20  3.6  25 11.0  147 1001.7 1012.0  7  -0.2  12.0   7.5  74.0  10.4   -9.0   -9.0   -9.0   -9.0   -9.0   -9.0   -9.0 -9 -9 -                        8   8    6 Sc         0   0   5  1104 -9.0 -9.00 -9  10.1  11.7  11.2  11.1  10.4  -9 -9.0 -9  3  2
202504080400 108  20  2.4  -9 -9.0   -9 1001.6 1011.9 -9  -9.0  11.6   7.6  77.0  10.4   -9.0   -9.0   -9.0   -9.0   -9.0   -9.0   -9.0 10 22 19                       9   9    6 Sc         0   0   5   899 -9.0 -9.00 -9  10.1  11.6  11.0  11.0  10.4  -9 -9.0 -9  3  1
202504080500 108  27  2.8  -9 -9.0   -9 1001.9 1012.2 -9  -9.0  11.1   7.5  79.0  10.4   -9.0   -9.0   -9.0   -9.0   -9.0   -9.0   -9.0 10 22 19                       8   8    6 Sc         0   0   5   614 -9.0 -9.00 -9   9.9  11.4  10.9  10.9  10.4  -9 -9.0 -9  3  1
202504080600 108  27  1.2  -9 -9.0   -9 1002.2 1012.5  3   0.5  10.9   7.5  80.0  10.4   -9.0   -9.0   -9.0   -9.0   -9.0   -9.0   -9.0 10 22 19                       7   7    5 Sc         0   0   5   579 -9.0 -9.00 -9   9.7  11.3  10.8  10.8  10.4  -9 -9.0 -9  3  1
202504080700 108  25  2.6  -9 -9.0   -9 1002.8 1013.1 -9  -9.0  10.7   7.5  81.0  10.4   -9.0   -9.0   -9.0   -9.0   -9.0   -9.0   -9.0 10 22 19                       6   6    6 Sc         0   0   5   525  0.0  0.06 -9   9.4  11.1  10.7  10.9  10.5  -9 -9.0 -9  3  1
202504080800 108  27  2.5  -9 -9.0   -9 1003.2 1013.5 -9  -9.0  10.9   7.7  81.0  10.5   -9.0   -9.0   -9.0   -9.0   -9.0   -9.0   -9.0 10 22 19                       8   8    6 Sc         0   0   5   499  0.0  0.25 -9  10.9  11.0  10.6  10.8  10.5  -9 -9.0 -9  3  1
202504080900 108  27  2.5  -9 -9.0   -9 1003.4 1013.7  2   1.2  11.8   7.6  76.0  10.4   -9.0   -9.0   -9.0   -9.0   -9.0   -9.0   -9.0 10 22 19                       7   7    7 Sc         0   0   5   577  0.1  0.71 -9  14.5  11.2  10.7  10.7  10.4  -9 -9.0 -9  3  1
202504081000 108  27  3.4  -9 -9.0   -9 1004.1 1014.4 -9  -9.0  13.0   7.6  70.0  10.4   -9.0   -9.0   -9.0   -9.0   -9.0   -9.0   -9.0 10 22 19                       6   6    7 Sc         0   0   5   681  0.6  1.87 -9  21.2  12.0  11.2  10.7  10.4  -9 -9.0 -9  3  1
202504081100 108  27  3.6  -9 -9.0   -9 1004.2 1014.4 -9  -9.0  14.6   4.8  52.0   8.6   -9.0   -9.0   -9.0   -9.0   -9.0   -9.0   -9.0 -9 -9 4019                     0   0   -9 -         -9  -9  -9  1302  1.0  2.78 -9  25.8  13.0  11.9  10.6  10.2  -9 -9.0 -9  3  2
202504081200 108  29  3.5  -9 -9.0   -9 1003.7 1013.8  0   0.1  15.9   2.9  42.0   7.5   -9.0   -9.0   -9.0   -9.0   -9.0   -9.0   -9.0 -9 -9 -                        0   0   -9 -         -9  -9  -9  1528  1.0  3.18 -9  26.5  14.1  12.7  10.5  10.1  -9 -9.0 -9  3  2
202504081300 108  29  5.0  -9 -9.0   -9 1003.2 1013.3 -9  -9.0  16.6  -1.0  30.0   5.7   -9.0   -9.0   -9.0   -9.0   -9.0   -9.0   -9.0 -9 -9 -                        0   0   -9 -         -9  -9  -9  2742  1.0  3.35 -9  27.7  14.9  13.5  10.7  10.1  -9 -9.0 -9  3  2
202504081400 108  27  5.0  -9 -9.0   -9 1002.6 1012.7 -9  -9.0  17.3   1.2  34.0   6.7   -9.0   -9.0   -9.0   -9.0   -9.0   -9.0   -9.0 -9 -9 -                        0   0   -9 -         -9  -9  -9  2245  1.0  3.24 -9  28.1  15.5  14.1  10.9  10.1  -9 -9.0 -9  3  2
202504081500 108  32  4.0  -9 -9.0   -9 1002.1 1012.1  7  -1.7  18.1   1.9  34.0   7.0   -9.0   -9.0   -9.0   -9.0   -9.0   -9.0   -9.0 -9 -9 -                        0   0   -9 -         -9  -9  -9  2732  1.0  2.90 -9  27.5  16.1  14.8  11.3  10.3  -9 -9.0 -9  3  2
202504081600 108  23  4.0  -9 -9.0   -9 1001.9 1011.9 -9  -9.0  18.4   3.0  36.0   7.6   -9.0   -9.0   -9.0   -9.0   -9.0   -9.0   -9.0 -9 -9 -                        0   0   -9 -         -9  -9  -9  2130  1.0  2.33 -9  24.8  16.3  15.2  11.6  10.4  -9 -9.0 -9  3  2
202504081700 108  25  4.2  -9 -9.0   -9 1001.6 1011.6 -9  -9.0  17.9   2.5  36.0   7.3   -9.0   -9.0   -9.0   -9.0   -9.0   -9.0   -9.0 -9 -9 -                        0   0   -9 -         -9  -9  -9  2504  1.0  1.64 -9  20.2  16.1  15.4  11.9  10.5  -9 -9.0 -9  3  2
202504081800 108  25  3.4  -9 -9.0   -9 1002.1 1012.2  3   0.1  16.8   2.3  38.0   7.2   -9.0   -9.0   -9.0   -9.0   -9.0   -9.0   -9.0 -9 -9 -                        6   0   -9 Ci         1   0   0  2621  1.0  0.81 -9  14.8  15.8  15.1  12.1  10.6  -9 -9.0 -9  3  2
202504081900 108  27  3.3  -9 -9.0   -9 1002.4 1012.6 -9  -9.0  15.2   1.3  39.0   6.7   -9.0   -9.0   -9.0   -9.0   -9.0   -9.0   -9.0 -9 -9 -                        0   0   -9 -         -9  -9  -9  2719  0.5  0.22 -9  11.6  15.0  14.6  12.4  10.9  -9 -9.0 -9  3 -9
202504082000 108  25  2.6  -9 -9.0   -9 1002.8 1013.0 -9  -9.0  14.1   1.0  41.0   6.6   -9.0   -9.0   -9.0   -9.0   -9.0   -9.0   -9.0 -9 -9 -                        3   1   -9 -         -9  -9  -9  2730  0.0  0.00 -9  10.1  14.1  13.9  12.3  10.8  -9 -9.0 -9  3 -9
202504082100 108  25  2.3  -9 -9.0   -9 1003.6 1013.8  2   1.6  13.4   0.7  42.0   6.4   -9.0   -9.0   -9.0   -9.0   -9.0   -9.0   -9.0 -9 -9 -                        0   0   -9 -         -9  -9  -9  2382 -9.0 -9.00 -9   9.2  13.4  13.1  12.2  10.8  -9 -9.0 -9  3  2
202504082200 108  25  1.0  -9 -9.0   -9 1003.7 1014.0 -9  -9.0  12.6   1.2  46.0   6.7   -9.0   -9.0   -9.0   -9.0   -9.0   -9.0   -9.0 -9 -9 -                        6   1   -9 -         -9  -9  -9  2432 -9.0 -9.00 -9   8.6  12.8  12.5  12.1  10.9  -9 -9.0 -9  3 -9
202504082300 108  27  1.9  -9 -9.0   -9 1003.9 1014.2 -9  -9.0  12.0   1.8  50.0   7.0   -9.0   -9.0   -9.0   -9.0   -9.0   -9.0   -9.0 -9 -9 -                        0   0   -9 -         -9  -9  -9  2344 -9.0 -9.00 -9   7.9  12.3  12.1  12.2  11.1  -9 -9.0 -9  3 -9
202504090000 108  25  2.0  -9 -9.0   -9 1004.1 1014.4  2   0.6  11.2   2.2  54.0   7.2   -9.0   -9.0   -9.0   -9.0   -9.0   -9.0   -9.0 -9 -9 -                        0   0   -9 -         -9  -9  -9  2234 -9.0 -9.00 -9   7.4  11.9  11.6  12.0  11.1  -9 -9.0 -9  3  2
202504090100 108  20  1.0  -9 -9.0   -9 1003.3 1013.7 -9  -9.0  10.4   2.7  59.0   7.4   -9.0   -9.0   -9.0   -9.0   -9.0   -9.0   -9.0 -9 -9 -                        2   1   -9 -         -9  -9  -9  2124 -9.0 -9.00 -9   6.8  11.5  11.1  11.7  11.0  -9 -9.0 -9  3 -9
202504090200 108  34  0.7  -9 -9.0   -9 1003.0 1013.4 -9  -9.0   9.7   2.5  61.0   7.3   -9.0   -9.0   -9.0   -9.0   -9.0   -9.0   -9.0 -9 -9 -                        5   1   -9 -         -9  -9  -9  2159 -9.0 -9.00 -9   6.3  11.1  10.8  11.7  11.1  -9 -9.0 -9  3 -9
202504090300 108  20  1.4  -9 -9.0   -9 1003.3 1013.7  5  -0.7   9.4   2.9  64.0   7.5   -9.0   -9.0   -9.0   -9.0   -9.0   -9.0   -9.0 -9 -9 -                        8   0   -9 Ci         1   0   0  2099 -9.0 -9.00 -9   6.2  10.7  10.4  11.6  11.1  -9 -9.0 -9  3  2
202504090400 108   2  2.0  -9 -9.0   -9 1002.7 1013.1 -9  -9.0   9.3   3.2  66.0   7.7   -9.0   -9.0   -9.0   -9.0   -9.0   -9.0   -9.0 -9 -9 -                        8   0   -9 Ci         1   0   0  1817 -9.0 -9.00 -9   6.2  10.4  10.1  11.3  11.0  -9 -9.0 -9  3  2
202504090500 108   5  2.7  -9 -9.0   -9 1002.1 1012.5 -9  -9.0   8.9   2.6  65.0   7.4   -9.0   -9.0   -9.0   -9.0   -9.0   -9.0   -9.0 -9 -9 -                        8   0   -9 Ci         1   0   0  2058 -9.0 -9.00 -9   6.0  10.1   9.9  11.2  11.1  -9 -9.0 -9  3  2
202504090600 108   5  1.2  -9 -9.0   -9 1002.4 1012.8  5  -0.9   8.6   2.3  65.0   7.2   -9.0   -9.0   -9.0   -9.0   -9.0   -9.0   -9.0 -9 -9 -                        8   0   -9 Ci         1   0   0  2059 -9.0 -9.00 -9   5.6   9.9   9.6  11.0  11.0  -9 -9.0 -9  3  2
202504090700 108   5  1.5  -9 -9.0   -9 1003.0 1013.4 -9  -9.0   8.8   2.9  67.0   7.5   -9.0   -9.0   -9.0   -9.0   -9.0   -9.0   -9.0 -9 -9 -                        8   0   -9 Ci         1   0   0  2000  0.0  0.15 -9   7.3   9.6   9.4  10.9  10.9  -9 -9.0 -9  3  2
202504090800 108   5  2.2  -9 -9.0   -9 1002.7 1013.0 -9  -9.0  10.7   3.2  60.0   7.7   -9.0   -9.0   -9.0   -9.0   -9.0   -9.0   -9.0 -9 -9 -                        8   0   -9 Ci         1   0   0  1880  0.4  0.56 -9  10.7   9.6   9.4  10.7  10.8  -9 -9.0 -9  3  2
202504090900 108   5  1.6  -9 -9.0   -9 1002.8 1013.1  0   0.3  12.3   2.1  50.0   7.1   -9.0   -9.0   -9.0   -9.0   -9.0   -9.0   -9.0 -9 -9 -                        9   0   -9 Ci         2   0   0  1989  0.1  0.95 -9  13.6  10.2   9.6  10.3  10.5  -9 -9.0 -9  3  2
202504091000 108   7  3.3  -9 -9.0   -9 1002.2 1012.4 -9  -9.0  13.9   2.1  45.0   7.1   -9.0   -9.0   -9.0   -9.0   -9.0   -9.0   -9.0 -9 -9 -                        9   6   38 AcCi       2   3   0  2118  0.2  1.23 -9  15.5  10.8  10.3  10.4  10.5  -9 -9.0 -9  3  2
202504091100 108  11  1.7  -9 -9.0   -9 1001.2 1011.3 -9  -9.0  15.2   2.3  42.0   7.2   -9.0   -9.0   -9.0   -9.0   -9.0   -9.0   -9.0 -9 -9 -                       10   7   38 AcCs       7   3   0  1935  0.0  1.37 -9  17.5  11.5  10.8  10.2  10.3  -9 -9.0 -9  3  2
202504091200 108  20  3.3  -9 -9.0   -9 1001.3 1011.4  5  -1.7  16.3   1.9  38.0   7.0   -9.0   -9.0   -9.0   -9.0   -9.0   -9.0   -9.0 -9 -9 -                        9   7   38 AcCi       2   3   0  1977  0.0  1.35 -9  19.6  12.3  11.5  10.3  10.2  -9 -9.0 -9  3  2
202504091300 108  20  2.9  -9 -9.0   -9 1000.5 1010.5 -9  -9.0  17.8   1.2  33.0   6.7   -9.0   -9.0   -9.0   -9.0   -9.0   -9.0   -9.0 -9 -9 -                        8   6   46 AcCi       1   3   0  2001  0.9  2.62 -9  24.9  13.2  12.3  10.3  10.1  -9 -9.0 -9  3  2
202504091400 108  23  3.8  -9 -9.0   -9  999.8 1009.8 -9  -9.0  17.5   0.6  32.0   6.4   -9.0   -9.0   -9.0   -9.0   -9.0   -9.0   -9.0 -9 -9 -                        9   6   38 AcCi       1   3   0  2127  0.4  1.94 -9  22.1  14.1  13.2  10.4  10.1  -9 -9.0 -9  3  2
202504091500 108  23  4.0  -9 -9.0   -9 1000.1 1010.2  5  -1.2  16.4  -0.3  32.0   6.0   -9.0   -9.0   -9.0   -9.0   -9.0   -9.0   -9.0 -9 -9 -                        8   8   32 Ac         0   3   0  2457  0.2  1.41 -9  18.1  14.5  13.6  10.7  10.1  -9 -9.0 -9  3  2
202504091600 108  20  2.2  -9 -9.0   -9  998.6 1008.7 -9  -9.0  15.0  -1.1  33.0   5.6    0.0    0.0    0.0   -9.0   -9.0   -9.0   -9.0 60 62 01                      10   6   13 ScAs      -9   2   5  2446  0.0  0.47 -9  13.6  14.1  13.4  10.6   9.9  -9 -9.0 -9  4  1
202504091700 108  20  1.7  -9 -9.0   -9  997.7 1007.8 -9  -9.0  14.9   0.0  36.0   6.1    0.0    0.0    0.0   -9.0   -9.0   -9.0   -9.0 21 62 01                      10   6   17 ScAs      -9   2   5  2491  0.0  0.23 -9  13.7  13.9  13.3  11.2  10.3  -9 -9.0 -9  4  1
202504091800 108  11  0.8  -9 -9.0   -9  996.7 1006.8  7  -3.4  14.9   0.6  38.0   6.4   -9.0    0.0    0.0   -9.0   -9.0   -9.0   -9.0 -9 62 -                       10   7   15 ScAs      -9   2   5  2330  0.0  0.18 -9  13.1  13.6  13.0  11.4  10.5  -9 -9.0 -9  3  1
202504091900 108  20  2.6  -9 -9.0   -9  996.8 1006.9 -9  -9.0  14.0   3.1  48.0   7.6    0.1    0.1    0.1   -9.0   -9.0   -9.0   -9.0 60 62 01                      10   6   15 ScAs      -9   2   5  1514  0.0  0.03 -9  11.5  13.0  12.7  11.4  10.6  -9 -9.0 -9  4  1
202504092000 108  29  2.3  -9 -9.0   -9  997.1 1007.3 -9  -9.0  12.2   6.6  69.0   9.7    0.7    0.8    0.8   -9.0   -9.0   -9.0   -9.0 60 62 01                      10   7   15 ScAs      -9   2   5  1528  0.0  0.00 -9  10.8  12.6  12.4  11.4  10.6  -9 -9.0 -9  4  1
202504092100 108  27  1.3  -9 -9.0   -9  997.5 1007.7  2   0.9  12.1   4.7  61.0   8.5    0.0    0.8    0.8   -9.0   -9.0   -9.0   -9.0 21 62 01                      10   6   15 ScAs      -9   2   5  1631 -9.0 -9.00 -9  10.4  12.2  12.0  11.6  10.8  -9 -9.0 -9  1  1
202504092200 108  27  1.1  -9 -9.0   -9  997.6 1007.8 -9  -9.0  12.0   4.2  59.0   8.2   -9.0    0.8    0.8   -9.0   -9.0   -9.0   -9.0 -9 -9 -                        9   9   13 -         -9  -9  -9  1633 -9.0 -9.00 -9  10.3  11.9  11.7  11.5  10.8  -9 -9.0 -9  3 -9
202504092300 108  23  0.7  -9 -9.0   -9  997.5 1007.7 -9  -9.0  11.8   4.7  62.0   8.5   -9.0    0.8    0.8   -9.0   -9.0   -9.0   -9.0 -9 -9 -                        7   7   14 -         -9  -9  -9  1399 -9.0 -9.00 -9  10.1  11.6  11.5  11.4  10.8  -9 -9.0 -9  3 -9
202504100000 108  25  1.8  -9 -9.0   -9  997.3 1007.5  8  -0.2  11.6   5.2  65.0   8.8    0.0    0.8    0.8   -9.0   -9.0   -9.0   -9.0 60 62 01                      10   7   18 ScAs      -9   2   5  1317 -9.0 -9.00 -9   9.7  11.4  11.3  11.3  10.8  -9 -9.0 -9  4  1
202504100100 108  27  2.1  -9 -9.0   -9  997.2 1007.5 -9  -9.0  11.3   5.5  68.0   9.0    0.0    0.0    0.0   -9.0   -9.0   -9.0   -9.0 60 66 01                      10   6   17 ScAs      -9   2   5  1058 -9.0 -9.00 -9   9.4  11.3  11.1  11.2  10.7  -9 -9.0 -9  4  1
202504100200 108  27  1.6  -9 -9.0   -9  996.7 1007.0 -9  -9.0  10.9   5.2  68.0   8.8    0.0    0.0    0.0   -9.0   -9.0   -9.0   -9.0 60 66 01                      10   7   18 ScAs      -9   2   5  1098 -9.0 -9.00 -9   9.0  11.0  10.9  11.1  10.7  -9 -9.0 -9  4  1
202504100300 108  23  1.2  -9 -9.0   -9  996.3 1006.6  7  -0.9  10.5   5.6  72.0   9.1    0.0    0.0    0.0   -9.0   -9.0   -9.0   -9.0 60 66 01                      10   6   16 ScAs      -9   2   5   989 -9.0 -9.00 -9   9.0  10.8  10.7  10.9  10.5  -9 -9.0 -9  4  1
202504100400 108  27  1.4  -9 -9.0   -9  996.1 1006.4 -9  -9.0  10.3   5.2  71.0   8.8    0.0    0.0    0.0   -9.0   -9.0   -9.0   -9.0 21 62 01                       9   6   18 ScAs       0   2   5  1001 -9.0 -9.00 -9   8.8  10.7  10.5  10.9  10.6  -9 -9.0 -9  4  1
202504100500 108  27  1.3  -9 -9.0   -9  995.8 1006.1 -9  -9.0  10.0   4.7  70.0   8.5   -9.0    0.0    0.0   -9.0   -9.0   -9.0   -9.0 -9 -9 -                        4   4   28 Ac         0   3   0  1022 -9.0 -9.00 -9   7.8  10.5  10.4  10.9  10.7  -9 -9.0 -9  3  2
202504100600 108  27  1.4  -9 -9.0   -9  995.7 1006.0  7  -0.6   9.2   5.1  76.0   8.8   -9.0    0.0    0.0   -9.0   -9.0   -9.0   -9.0  5 60 40                       0   0   -9 -         -9  -9  -9   781 -9.0 -9.00 -9   6.5  10.2  10.1  10.6  10.5  -9 -9.0 -9  3  1
202504100700 108  29  0.8  -9 -9.0   -9  995.9 1006.2 -9  -9.0   8.9   5.8  81.0   9.2   -9.0    0.0    0.0   -9.0   -9.0   -9.0   -9.0 10  0 4019                     0   0   -9 -         -9  -9  -9   689  0.0  0.12 -9   7.1   9.8   9.9  10.8  10.7  -9 -9.0 -9  3  1
202504100800 108  29  1.5  -9 -9.0   -9  996.0 1006.3 -9  -9.0   9.9   6.4  79.0   9.6   -9.0    0.0    0.0   -9.0   -9.0   -9.0   -9.0 10  0 19                       0   0   -9 -         -9  -9  -9   758  0.9  0.61 -9  10.9   9.6   9.7  10.7  10.7  -9 -9.0 -9  3  1
202504100900 108  20  1.7  -9 -9.0   -9  996.1 1006.3  1   0.3  11.8   6.7  71.0   9.8   -9.0    0.0    0.0   -9.0   -9.0   -9.0   -9.0 10 60 19                       0   0   -9 -         -9  -9  -9   922  1.0  1.36 -9  16.0  10.1   9.9  10.4  10.4  -9 -9.0 -9  3  1
202504101000 108  25  2.0  -9 -9.0   -9  996.6 1006.8 -9  -9.0  13.6   5.4  58.0   9.0   -9.0    0.0    0.0   -9.0   -9.0   -9.0   -9.0 -9 -9 19                       2   2    8 Sc         0   0   5  1225  1.0  2.10 -9  21.2  11.0  10.5  10.2  10.3  -9 -9.0 -9  3  2
202504101100 108  34  2.4  -9 -9.0   -9  996.4 1006.5 -9  -9.0  14.8   6.3  57.0   9.5   -9.0    0.0    0.0   -9.0   -9.0   -9.0   -9.0 -9 -9 -                        2   2   10 Sc         0   0   5  1647  0.9  2.53 -9  25.3  11.9  11.3  10.1  10.1  -9 -9.0 -9  3  2
202504101200 108  27  2.3  -9 -9.0   -9  996.1 1006.2  8  -0.1  16.3   5.8  50.0   9.2   -9.0    0.0    0.0   -9.0   -9.0   -9.0   -9.0 -9 -9 -                        2   2   12 Sc         0   0   5  2141  0.9  2.95 -9  28.0  12.9  12.3  10.4  10.2  -9 -9.0 -9  3  2
202504101300 108  32  2.4  -9 -9.0   -9  995.8 1005.9 -9  -9.0  16.2   3.9  44.0   8.1   -9.0    0.0    0.0   -9.0   -9.0   -9.0   -9.0 -9 -9 -                        2   2   14 Sc         0   0   5  2497  0.5  2.28 -9  22.7  13.9  13.2  10.5  10.2  -9 -9.0 -9  3  2
202504101400 108  29  4.1  -9 -9.0   -9  995.5 1005.5 -9  -9.0  17.4   4.3  42.0   8.3   -9.0    0.0    0.0   -9.0   -9.0   -9.0   -9.0 -9 -9 -                        2   2   14 Sc         0   0   5  2937  0.9  2.98 -9  26.0  14.9  14.0  10.7  10.2  -9 -9.0 -9  3  2
202504101500 108  27  2.6  -9 -9.0   -9  995.0 1004.9  7  -1.3  18.7   5.1  41.0   8.8   -9.0    0.0    0.0   -9.0   -9.0   -9.0   -9.0 -9 -9 -                        4   4   12 Sc         0   0   5  2903  1.0  3.00 -9  29.1  15.5  14.8  11.0  10.2  -9 -9.0 -9  3  2
202504101600 108  27  2.9  -9 -9.0   -9  994.8 1004.7 -9  -9.0  18.6   6.0  44.0   9.3   -9.0    0.0    0.0   -9.0   -9.0   -9.0   -9.0 -9 -9 -                        4   4   15 Sc         0   0   5  2152  0.7  1.96 -9  23.3  16.0  15.3  11.4  10.3  -9 -9.0 -9  3  2
202504101700 108  25  3.7  -9 -9.0   -9  995.0 1005.0 -9  -9.0  17.7   6.2  47.0   9.5   -9.0    0.0    0.0   -9.0   -9.0   -9.0   -9.0 -9 -9 -                        4   4   15 Sc         0   0   5  1885  0.7  1.49 -9  19.3  16.1  15.4  11.7  10.5  -9 -9.0 -9  3  2
202504101800 108  27  3.6  -9 -9.0   -9  995.6 1005.7  3   0.8  15.8   5.6  51.0   9.1   -9.0    0.0    0.0   -9.0   -9.0   -9.0   -9.0 -9 -9 -                        0   0   -9 -         -9  -9  -9  1978  0.6  0.56 -9  15.1  15.7  15.2  12.0  10.6  -9 -9.0 -9  3  2
202504101900 108  25  3.3  -9 -9.0   -9  995.6 1005.7 -9  -9.0  14.0   4.8  54.0   8.6   -9.0    0.0    0.0   -9.0   -9.0   -9.0   -9.0 -9 -9 -                        0   0   -9 -         -9  -9  -9  2090  0.6  0.22 -9  12.0  14.9  14.5  12.1  10.7  -9 -9.0 -9  3 -9
202504102000 108  25  1.5  -9 -9.0   -9  996.4 1006.6 -9  -9.0  12.8   3.7  54.0   8.0   -9.0    0.0    0.0   -9.0   -9.0   -9.0   -9.0 -9 -9 -                        0   0   -9 -         -9  -9  -9  1899  0.0  0.00 -9  10.4  14.2  13.9  12.3  10.9  -9 -9.0 -9  3 -9
202504102100 108   0  0.4  -9 -9.0   -9  997.1 1007.3  2   1.6  12.2   3.9  57.0   8.1   -9.0    0.0    0.0   -9.0   -9.0   -9.0   -9.0 -9 -9 -                        0   0   -9 -         -9  -9  -9  1725 -9.0 -9.00 -9   9.5  13.5  13.2  12.3  11.1  -9 -9.0 -9  3  2
202504102200 108  29  1.4  -9 -9.0   -9  997.6 1007.8 -9  -9.0  11.9   4.6  61.0   8.5   -9.0    0.0    0.0   -9.0   -9.0   -9.0   -9.0 -9 -9 -                        0   0   -9 -         -9  -9  -9  1595 -9.0 -9.00 -9   8.7  12.9  12.6  12.2  11.0  -9 -9.0 -9  3 -9
202504102300 108  27  1.5  -9 -9.0   -9  997.7 1008.0 -9  -9.0  11.3   4.9  65.0   8.7   -9.0    0.0    0.0   -9.0   -9.0   -9.0   -9.0 -9 -9 -                        0   0   -9 -         -9  -9  -9  1459 -9.0 -9.00 -9   8.1  12.3  12.1  12.1  11.1  -9 -9.0 -9  3 -9
202504110000 108  27  1.4  -9 -9.0   -9  998.3 1008.6  2   1.3  11.1   5.1  67.0   8.8   -9.0    0.0    0.0   -9.0   -9.0   -9.0   -9.0 -9 -9 -                        0   0   -9 -         -9  -9  -9  1338 -9.0 -9.00 -9   7.6  11.8  11.7  12.2  11.3  -9 -9.0 -9  3  2
202504110100 108  27  1.2  -9 -9.0   -9  998.5 1008.8 -9  -9.0  10.7   5.0  68.0   8.7   -9.0   -9.0   -9.0   -9.0   -9.0   -9.0   -9.0 -9 -9 -                        0   0   -9 -         -9  -9  -9  1184 -9.0 -9.00 -9   7.1  11.3  11.3  11.9  11.3  -9 -9.0 -9  3 -9
202504110200 108   2  1.0  -9 -9.0   -9  998.5 1008.8 -9  -9.0  10.1   5.0  71.0   8.7   -9.0   -9.0   -9.0   -9.0   -9.0   -9.0   -9.0 -9 -9 -                        0   0   -9 -         -9  -9  -9  1056 -9.0 -9.00 -9   6.7  10.9  10.9  11.8  11.3  -9 -9.0 -9  3 -9
202504110300 108  27  2.2  -9 -9.0   -9  998.8 1009.1  2   0.5   9.8   4.9  72.0   8.7   -9.0   -9.0   -9.0   -9.0   -9.0   -9.0   -9.0  5  0 40                       0   0   -9 -         -9  -9  -9   924 -9.0 -9.00 -9   6.3  10.5  10.6  11.7  11.3  -9 -9.0 -9  3  1
202504110400 108  25  2.7  -9 -9.0   -9  999.3 1009.6 -9  -9.0   9.5   5.8  78.0   9.2   -9.0   -9.0   -9.0   -9.0   -9.0   -9.0   -9.0  5  0 40                       0   0   -9 -         -9  -9  -9   611 -9.0 -9.00 -9   6.4  10.2  10.3  11.5  11.3  -9 -9.0 -9  3  1
202504110500 108  29  0.9  -9 -9.0   -9  999.4 1009.8 -9  -9.0   8.9   5.4  79.0   9.0   -9.0   -9.0   -9.0   -9.0   -9.0   -9.0   -9.0  5  0 40                       0   0   -9 -         -9  -9  -9   493 -9.0 -9.00 -9   5.9  10.1  10.0  11.3  11.1  -9 -9.0 -9  3  1
202504110600 108   5  1.5  -9 -9.0   -9  999.6 1010.0  2   0.9   8.3   5.0  80.0   8.7   -9.0   -9.0   -9.0   -9.0   -9.0   -9.0   -9.0 10  0 4019                     0   0   -9 -         -9  -9  -9   546 -9.0 -9.00 -9   5.5   9.8   9.8  11.1  11.0  -9 -9.0 -9  3  1
202504110700 108   5  1.8  -9 -9.0   -9 1000.3 1010.7 -9  -9.0   8.3   5.4  82.0   9.0   -9.0   -9.0   -9.0   -9.0   -9.0   -9.0   -9.0 10  0 19                       0   0   -9 -         -9  -9  -9   875  0.4  0.14 -9   6.4   9.5   9.5  10.9  11.0  -9 -9.0 -9  3  1
202504110800 108   2  2.0  -9 -9.0   -9 1000.7 1011.0 -9  -9.0  10.8   6.5  75.0   9.7   -9.0   -9.0   -9.0   -9.0   -9.0   -9.0   -9.0 10  0 19                       0   0   -9 -         -9  -9  -9   706  1.0  0.72 -9  11.5   9.5   9.4  10.7  10.9  -9 -9.0 -9  3  1
202504110900 108   9  1.5  -9 -9.0   -9 1000.8 1011.0  1   1.0  13.6   6.9  64.0   9.9   -9.0   -9.0   -9.0   -9.0   -9.0   -9.0   -9.0  5  0 4019                     0   0   -9 -         -9  -9  -9   826  1.0  1.54 -9  18.2  10.3   9.7  10.5  10.7  -9 -9.0 -9  3  1
202504111000 108   7  1.8  -9 -9.0   -9 1000.6 1010.7 -9  -9.0  16.2   6.8  54.0   9.9   -9.0   -9.0   -9.0   -9.0   -9.0   -9.0   -9.0 -9 -9 40                       0   0   -9 -         -9  -9  -9  1008  1.0  2.25 -9  24.0  11.5  10.6  10.4  10.6  -9 -9.0 -9  3  2
202504111100 108   7  2.1  -9 -9.0   -9 1000.3 1010.3 -9  -9.0  18.6   6.0  44.0   9.3   -9.0   -9.0   -9.0   -9.0   -9.0   -9.0   -9.0 -9 -9 -                        0   0   -9 -         -9  -9  -9  1150  1.0  2.85 -9  28.5  12.9  11.7  10.4  10.5  -9 -9.0 -9  3 -9
202504111200 108  16  2.4  -9 -9.0   -9  999.7 1009.6  7  -1.4  21.0   6.5  39.0   9.7   -9.0   -9.0   -9.0   -9.0   -9.0   -9.0   -9.0 -9 -9 -                        0   0   -9 -         -9  -9  -9  1268  1.0  3.23 -9  31.3  14.4  13.0  10.4  10.4  -9 -9.0 -9  3  2
202504111300 108  20  2.9  -9 -9.0   -9  999.1 1009.0 -9  -9.0  22.1   2.7  28.0   7.4   -9.0   -9.0   -9.0   -9.0   -9.0   -9.0   -9.0 -9 -9 -                        0   0   -9 -         -9  -9  -9  2242  1.0  3.42 -9  33.6  15.9  14.5  10.6  10.2  -9 -9.0 -9  3  2
202504111400 108  27  2.3  -9 -9.0   -9  998.7 1008.5 -9  -9.0  23.3   3.2  27.0   7.7   -9.0   -9.0   -9.0   -9.0   -9.0   -9.0   -9.0 -9 -9 -                        0   0   -9 -         -9  -9  -9  1688  1.0  3.30 -9  34.5  17.2  15.7  10.7  10.1  -9 -9.0 -9  3  2
202504111500 108  25  3.2  -9 -9.0   -9  998.1 1007.9  7  -1.7  24.2   5.5  30.0   9.0   -9.0   -9.0   -9.0   -9.0   -9.0   -9.0   -9.0 -9 -9 -                        0   0   -9 -         -9  -9  -9  1114  1.0  2.87 -9  32.3  17.9  16.6  11.2  10.2  -9 -9.0 -9  3  2
202504111600 108  27  3.4  -9 -9.0   -9  998.0 1007.8 -9  -9.0  23.7   5.0  30.0   8.7   -9.0   -9.0   -9.0   -9.0   -9.0   -9.0   -9.0 -9 -9 -                        0   0   -9 -         -9  -9  -9  1201  1.0  2.22 -9  28.8  18.2  17.0  11.6  10.3  -9 -9.0 -9  3  2
202504111700 108  27  3.1  -9 -9.0   -9  998.0 1007.8 -9  -9.0  22.8   5.2  32.0   8.8   -9.0   -9.0   -9.0   -9.0   -9.0   -9.0   -9.0 -9 -9 -                        0   0   -9 -         -9  -9  -9  1648  1.0  1.60 -9  24.2  18.1  17.1  12.2  10.5  -9 -9.0 -9  3  2
202504111800 108  25  2.4  -9 -9.0   -9  997.9 1007.8  6  -0.1  21.7   3.8  31.0   8.0   -9.0   -9.0   -9.0   -9.0   -9.0   -9.0   -9.0 -9 -9 -                        0   0   -9 -         -9  -9  -9  2409  1.0  0.82 -9  18.6  17.8  16.8  12.5  10.7  -9 -9.0 -9  3  2
202504111900 108  25  2.2  -9 -9.0   -9  998.5 1008.5 -9  -9.0  19.5   3.6  35.0   7.9   -9.0   -9.0   -9.0   -9.0   -9.0   -9.0   -9.0 -9 -9 -                        0   0   -9 -         -9  -9  -9  2718  0.4  0.20 -9  14.9  17.1  16.2  12.7  10.8  -9 -9.0 -9  3 -9
202504112000 108  25  3.6  -9 -9.0   -9  999.6 1009.6 -9  -9.0  18.0   4.8  42.0   8.6   -9.0   -9.0   -9.0   -9.0   -9.0   -9.0   -9.0 -9 -9 -                        0   0   -9 -         -9  -9  -9  2106  0.0  0.00 -9  13.2  16.2  15.4  12.8  10.9  -9 -9.0 -9  3 -9
202504112100 108  27  2.1  -9 -9.0   -9 1000.2 1010.3  2   2.5  16.6   4.2  44.0   8.2   -9.0   -9.0   -9.0   -9.0   -9.0   -9.0   -9.0 -9 -9 -                        7   0   -9 Ci         1   0   0  2346 -9.0 -9.00 -9  12.1  15.5  14.8  13.0  11.3  -9 -9.0 -9  3  2
202504112200 108  27  1.6  -9 -9.0   -9 1000.1 1010.2 -9  -9.0  15.6   4.9  49.0   8.7   -9.0   -9.0   -9.0   -9.0   -9.0   -9.0   -9.0 -9 -9 -                        6   1   -9 -         -9  -9  -9  2052 -9.0 -9.00 -9  11.2  14.8  14.2  13.0  11.5  -9 -9.0 -9  3 -9
202504112300 108   2  1.7  -9 -9.0   -9  999.9 1010.1 -9  -9.0  14.8   4.7  51.0   8.5   -9.0   -9.0   -9.0   -9.0   -9.0   -9.0   -9.0 -9 -9 -                        7   1   -9 -         -9  -9  -9  1324 -9.0 -9.00 -9  10.4  14.0  13.7  13.2  11.8  -9 -9.0 -9  3 -9
202504120000 108  18  1.4  -9 -9.0   -9 1000.2 1010.3  4   0.0  14.4   5.1  54.0   8.8   -9.0   -9.0   -9.0   -9.0   -9.0   -9.0   -9.0 -9 -9 -                        8   0   -9 Ci         1   0   0  1821 -9.0 -9.00 -9   9.8  13.5  13.3  13.2  12.0  -9 -9.0 -9  3  2
202504120100 108   2  1.3  -9 -9.0   -9 1000.1 1010.3 -9  -9.0  14.2   5.5  56.0   9.0   -9.0   -9.0   -9.0   -9.0   -9.0   -9.0   -9.0 -9 -9 -                        9   1   -9 -         -9  -9  -9  1810 -9.0 -9.00 -9   9.7  13.1  12.8  12.9  11.9  -9 -9.0 -9  3 -9
202504120200 108  23  0.9  -9 -9.0   -9  999.9 1010.1 -9  -9.0  14.0   5.3  56.0   8.9   -9.0   -9.0   -9.0   -9.0   -9.0   -9.0   -9.0 -9 -9 -                        8   3   73 -         -9  -9  -9  1734 -9.0 -9.00 -9   9.7  12.8  12.5  12.8  12.0  -9 -9.0 -9  3 -9
202504120300 108   5  1.5  -9 -9.0   -9  999.6 1009.8  7  -0.5  13.8   5.4  57.0   9.0   -9.0   -9.0   -9.0   -9.0   -9.0   -9.0   -9.0 -9 -9 -                        8   0   -9 Ci         1   0   0  1735 -9.0 -9.00 -9   9.7  12.5  12.3  12.7  12.0  -9 -9.0 -9  3  2
202504120400 108   5  2.9  -9 -9.0   -9  998.6 1008.8 -9  -9.0  13.3   5.4  59.0   9.0   -9.0   -9.0   -9.0   -9.0   -9.0   -9.0   -9.0 -9 -9 -                        9   0   -9 Ci         2   0   0  1570 -9.0 -9.00 -9   9.5  12.3  12.1  12.5  11.9  -9 -9.0 -9  3  2
202504120500 108   9  2.3  -9 -9.0   -9  998.4 1008.6 -9  -9.0  13.6   5.7  59.0   9.2   -9.0   -9.0   -9.0   -9.0   -9.0   -9.0   -9.0 -9 -9 -                       10   0   -9 Cs         7   0   0  1578 -9.0 -9.00 -9   9.7  12.1  11.9  12.3  11.9  -9 -9.0 -9  3  2
202504120600 108   7  2.1  -9 -9.0   -9  998.3 1008.5  7  -1.3  13.7   5.3  57.0   8.9   -9.0   -9.0   -9.0   -9.0   -9.0   -9.0   -9.0 -9 -9 -                       10   0   -9 Cs         7   0   0  1479 -9.0 -9.00 -9   9.6  12.0  11.7  12.2  11.8  -9 -9.0 -9  3  2
202504120700 108   9  2.0  -9 -9.0   -9  998.6 1008.8 -9  -9.0  13.5   5.6  59.0   9.1   -9.0   -9.0   -9.0   -9.0   -9.0   -9.0   -9.0 -9 -9 -                        8   8   48 Ac         0   3   0  1412  0.0  0.09 -9  10.4  11.9  11.6  12.1  11.8  -9 -9.0 -9  3  2
202504120800 108   5  2.6  -9 -9.0   -9  998.1 1008.2 -9  -9.0  14.8   6.0  56.0   9.3   -9.0   -9.0   -9.0   -9.0   -9.0   -9.0   -9.0 -9 -9 -                        9   0   -9 Cs         6   0   0  1338  0.0  0.43 -9  12.9  12.0  11.6  12.1  11.8  -9 -9.0 -9  3  2
202504120900 108   7  2.8  -9 -9.0   -9  997.3 1007.3  8  -1.2  16.7   6.2  50.0   9.5   -9.0   -9.0   -9.0   -9.0   -9.0   -9.0   -9.0 -9 -9 -                        8   6   45 AcCi       2   3   0  1355  0.1  0.92 -9  16.6  12.4  11.7  11.6  11.5  -9 -9.0 -9  3  2
202504121000 108   9  3.2  -9 -9.0   -9  996.4 1006.4 -9  -9.0  18.8   5.2  41.0   8.8   -9.0   -9.0   -9.0   -9.0   -9.0   -9.0   -9.0 -9 -9 -                        9   5   48 AcCi       2   3   0  1672  0.5  1.51 -9  19.7  13.1  12.4  11.8  11.6  -9 -9.0 -9  3  2
202504121100 108   7  5.1  -9 -9.0   -9  994.9 1004.8 -9  -9.0  20.9   2.6  30.0   7.4   -9.0   -9.0   -9.0   -9.0   -9.0   -9.0   -9.0 -9 -9 -                        8   5   43 AcCi       2   3   0  2303  0.6  2.10 -9  23.2  14.1  13.1  11.5  11.2  -9 -9.0 -9  3  2
202504121200 108  14  4.5  -9 -9.0   -9  994.7 1004.5  7  -2.8  22.1   2.2  27.0   7.2   -9.0   -9.0   -9.0   -9.0   -9.0   -9.0   -9.0 -9 -9 -                       10  10   28 As        -9   2   0  2505  0.3  1.74 -9  21.1  15.1  14.0  11.7  11.3  -9 -9.0 -9  3  2
202504121300 108  18  3.6  -9 -9.0   -9  993.8 1003.6 -9  -9.0  21.7   4.2  32.0   8.2    0.0    0.0    0.0   -9.0   -9.0   -9.0   -9.0 60 62 01                      10   7   15 ScAs      -9   2   5  2283  0.0  0.43 -9  17.6  15.3  14.5  11.9  11.3  -9 -9.0 -9  4  1
202504121400 108  11  2.5  23 12.0 1320  994.3 1004.3 -9  -9.0  16.8   9.9  64.0  12.2    0.6    0.6    0.6   -9.0   -9.0   -9.0   -9.0 61 66 01                      10   7    9 StNs      -9   2   7  1866  0.0  0.18 -9  14.7  14.8  14.3  12.0  11.3  -9 -9.0 -9  4  1
202504121500 108   5  2.3  23 12.0 1320  993.0 1003.0  7  -1.5  16.4  11.7  74.0  13.7    0.0    0.6    0.6   -9.0   -9.0   -9.0   -9.0 61 66 01                      10   5    9 StNs      -9   2   7  1493  0.0  0.21 -9  14.8  14.3  14.0  12.2  11.3  -9 -9.0 -9  4  1
202504121600 108  11  1.7  -9 -9.0   -9  992.4 1002.4 -9  -9.0  16.6  10.8  69.0  12.9    0.4    1.0    1.0   -9.0   -9.0   -9.0   -9.0 61 66 01                      10   6    9 StNs      -9   2   7  1852  0.0  0.21 -9  15.2  14.1  13.8  12.3  11.4  -9 -9.0 -9  4  1
202504121700 108  16  3.8  -9 -9.0   -9  991.9 1001.9 -9  -9.0  17.1   9.0  59.0  11.5    0.0    1.0    1.0   -9.0   -9.0   -9.0   -9.0 61 66 01                      10   7    9 StNs      -9   2   7  2153  0.0  0.19 -9  13.6  14.0  13.6  12.3  11.4  -9 -9.0 -9  4  1
202504121800 108  25  4.2  -9 -9.0   -9  992.0 1002.1  5  -0.9  13.3  10.2  82.0  12.4    0.2    1.2    1.2   -9.0   -9.0   -9.0   -9.0 61 66 01                      10   6    4 StNs      -9   2   7   880  0.0  0.07 -9  12.5  13.8  13.5  12.4  11.6  -9 -9.0 -9  4  1
202504121900 108  25  5.1  -9 -9.0   -9  991.9 1002.2 -9  -9.0   9.9   7.9  88.0  10.6    1.5    2.7    2.7   -9.0   -9.0   -9.0   -9.0 61 66 01                      10   8    3 StNs      -9   2   7   707  0.0  0.01 -9  10.5  13.5  13.2  12.4  11.7  -9 -9.0 -9  4  1
202504122000 108  25  3.8  -9 -9.0   -9  992.1 1002.5 -9  -9.0   7.3   5.7  90.0   9.2    1.8    4.5    4.5   -9.0   -9.0   -9.0   -9.0 61 66 01                      10   8    3 StNs      -9   2   7   562  0.0  0.00 -9   8.5  12.9  12.6  12.2  11.5  -9 -9.0 -9  4  1
202504122100 108  27  5.3  27 12.0 2042  992.6 1003.0  2   0.9   5.8   4.2  90.0   8.2    2.7    7.2    7.2   -9.0   -9.0   -9.0   -9.0 61 66 01                      10   8    2 StNs      -9   2   7  1102 -9.0 -9.00 -9   7.1  12.2  12.0  12.3  11.7  -9 -9.0 -9  1  1
202504122200 108  27  4.6  27 14.0 2111  992.8 1003.3 -9  -9.0   3.5   2.1  91.0   7.1    2.2    9.4    9.4   -9.0   -9.0   -9.0   -9.0 61 66 01                      10   7    3 StNs      -9   2   7   782 -9.0 -9.00 -9   4.4  11.4  11.1  11.9  11.4  -9 -9.0 -9  4  1
202504122300 108  25  4.5  -9 -9.0   -9  993.0 1003.6 -9  -9.0   1.7   0.8  94.0   6.5    3.7   13.1   13.1   -9.0   -9.0   -9.0   -9.0 69 76 0601                    10  10    2 St        -9  -9   7   250 -9.0 -9.00 -9   0.9  10.4  10.4  12.5  12.1  -9 -9.0 -9  4  1
202504130000 108  25  3.4  27 14.0 2111  992.9 1003.5  0   0.5   1.4   0.6  95.0   6.4    2.3   15.4   15.4   -9.0    0.2    0.2    0.2 71 76 0605                    10   9    2 StNs      -9   2   7   358 -9.0 -9.00 -9   0.6   9.8   9.6  12.2  12.1  -9 -9.0 -9  4  1
202504130100 108  20  2.5  -9 -9.0   -9  992.1 1002.7 -9  -9.0   1.1   0.5  96.0   6.3    2.5    2.5    2.5   -9.0   -9.0    0.4    0.6 71 77 05                      10  10    2 St        -9  -9   7   232 -9.0 -9.00 -9   0.4   9.2   8.9  11.9  12.0  -9 -9.0 -9  4  1
202504130200 108  18  0.8  -9 -9.0   -9  990.4 1001.0 -9  -9.0   2.0   0.9  93.0   6.5    0.6    3.1    3.1   -9.0   -9.0    0.2    0.3 51 76 050201                  10   3   10 ScAs      -9   2   5  3457 -9.0 -9.00 -9   3.0   8.7   8.5  11.5  11.9  -9 -9.0 -9  4  1
202504130300 108  18  1.7  27 14.0 2111  990.0 1000.5  7  -3.0   2.7   1.9  95.0   7.0    0.0    3.1    3.1   -9.0    0.4    0.2    0.3 20 76 02                      10   5    8 ScAs      -9   2   5  1121 -9.0 -9.00 -9   3.8   8.4   8.2  11.2  11.8  -9 -9.0 -9  4  1
202504130400 108  18  3.1  -9 -9.0   -9  989.4  999.9 -9  -9.0   3.0   1.8  92.0   7.0   -9.0    3.1    3.1   -9.0   -9.0    0.1    0.2 -9 -9 -                       10   9    7 ScAs      -9   2   5  2110 -9.0 -9.00 -9   4.2   8.3   8.0  10.8  11.6  -9 -9.0 -9  3  2
202504130500 108  20  3.8  -9 -9.0   -9  989.1  999.6 -9  -9.0   3.4   2.5  94.0   7.3   -9.0    3.1    3.1   -9.0   -9.0   -9.0   -9.0 -9 -9 -                        9   9    6 Sc         0   0   5  1736 -9.0 -9.00 -9   4.3   8.1   7.9  10.6  11.4  -9 -9.0 -9  3  2
202504130600 108  20  4.0  -9 -9.0   -9  988.1  998.6  7  -1.9   3.8   2.7  93.0   7.4   -9.0    3.1    3.1   -9.0   -9.0   -9.0   -9.0 -9 -9 -                        3   3    6 Sc         0   0   5  1246 -9.0 -9.00 -9   4.6   8.1   7.8  10.4  11.2  -9 -9.0 -9  3  2
202504130700 108  20  3.1  -9 -9.0   -9  987.8  998.2 -9  -9.0   4.4   3.2  92.0   7.7   -9.0    3.1    3.1   -9.0   -9.0   -9.0   -9.0 -9 -9 -                        3   3    6 Sc         0   0   5  1551  0.1  0.16 -9   5.4   8.1   7.8  10.2  11.1  -9 -9.0 -9  3  2
202504130800 108  20  3.3  -9 -9.0   -9  987.5  997.9 -9  -9.0   5.9   2.7  80.0   7.4   -9.0    3.1    3.1   -9.0   -9.0   -9.0   -9.0 -9 -9 -                        1   1   17 Sc         0   0   5  2396  0.9  0.76 -9   8.5   8.1   7.9  10.0  10.9  -9 -9.0 -9  3  2
202504130900 108  23  6.2  20 12.0  843  987.3  997.6  7  -1.0   7.2  -0.5  58.0   5.9   -9.0    3.1    3.1   -9.0   -9.0   -9.0   -9.0 -9 -9 -                        4   4   10 Sc         0   0   5  1752  0.8  1.39 -9  10.9   8.2   8.0   9.7  10.6  -9 -9.0 -9  3  2
202504131000 108  20  6.5  16 13.0  948  987.3  997.6 -9  -9.0   8.0  -1.8  50.0   5.4   -9.0    3.1    3.1   -9.0   -9.0   -9.0   -9.0  6 22 42                       8   8   14 Sc         0   0   5  1407  0.7  1.77 -9  12.2   8.7   7.6   7.9   8.8  -9 -9.0 -9  3  1
202504131100 108  23  5.4  20 16.0 1031  988.1  998.5 -9  -9.0   6.3   0.1  65.0   6.2    0.0    3.1    3.1   -9.0   -9.0   -9.0   -9.0 21 62 4201                     7   2    7 ScCi       1   0   5  2127  0.2  0.88 -9  11.6   9.0   8.0   8.1   8.9  -9 -9.0 -9  4  1
202504131200 108  23  7.2  20 16.0 1031  987.4  997.7  0   0.1   7.6  -1.1  54.0   5.6    0.0    3.1    3.1   -9.0   -9.0   -9.0   -9.0 87 86 4213                     7   7   11 Sc         0   0   5  1823  0.8  2.64 -9  11.9   9.7   8.4   7.9   8.5  -9 -9.0 -9  4  1
202504131300 108  23  5.3  27 18.0 1202  987.5  997.8 -9  -9.0   6.5   0.1  64.0   6.2    0.3    3.4    3.4   -9.0   -9.0   -9.0   -9.0 60 86 421301                   8   8    7 Sc         0   0   5  2584  0.1  1.31 -9  10.9   9.9   8.9   8.1   8.7  -9 -9.0 -9  4  1
202504131400 108  25  8.4  27 21.0 1400  988.6  999.0 -9  -9.0   4.9   0.8  75.0   6.5    0.1    3.5    3.5   -9.0   -9.0   -9.0   -9.0 68 76 420601                  10  10    3 St        -9  -9   7  1841  0.0  0.90 -9   5.8  10.1   9.0   8.2   8.6  -9 -9.0 -9  4  1
202504131500 108  23  4.0  27 21.0 1400  987.9  998.3  0   0.6   5.3   1.7  78.0   6.9    0.4    3.9    3.9   -9.0   -9.0   -9.0   -9.0 87 87 1306                     8   8    6 Sc         0   0   5  2280  0.1  1.02 -9   7.2   9.9   8.7   7.9   8.2  -9 -9.0 -9  4  1
202504131600 108  23  4.6  -9 -9.0   -9  988.1  998.5 -9  -9.0   6.1   0.8  69.0   6.5    0.3    4.2    4.2   -9.0   -9.0   -9.0   -9.0 27 87 1306                     8   8    9 Sc         0   0   5  2870  0.0  0.47 -9   8.2   9.6   8.6   8.0   8.3  -9 -9.0 -9  4  1
202504131700 108  23  4.6  25 11.0 1609  988.8  999.2 -9  -9.0   6.0  -1.4  59.0   5.5   -9.0    4.2    4.2   -9.0   -9.0   -9.0   -9.0 -9 -9 -                        8   6   13 ScCi       2   0   5  4022  0.0  0.53 -9   7.6   9.5   8.4   8.0   8.3  -9 -9.0 -9  3  2
202504131800 108  20  5.0  25 11.0 1609  989.2  999.6  2   1.3   6.1  -1.7  57.0   5.4   -9.0    4.2    4.2   -9.0   -9.0   -9.0   -9.0 -9 87 -                        7   3   14 ScAc       0   3   5  3609  0.0  0.46 -9   6.1   9.3   8.3   8.0   8.3  -9 -9.0 -9  3  1
202504131900 108  23  5.3  -9 -9.0   -9  989.6 1000.0 -9  -9.0   5.7  -2.4  56.0   5.1   -9.0    4.2    4.2   -9.0   -9.0   -9.0   -9.0 -9 -9 -                        4   0   -9 -         -9  -9  -9  3878  0.0  0.18 -9   4.3   9.1   8.2   8.2   8.5  -9 -9.0 -9  3 -9
202504132000 108  20  3.7  -9 -9.0   -9  990.2 1000.6 -9  -9.0   5.6  -0.4  65.0   5.9   -9.0    4.2    4.2   -9.0   -9.0   -9.0   -9.0 -9 -9 -                        7   2   10 -         -9  -9  -9  3341  0.0  0.00 -9   4.1   8.7   7.9   8.2   8.5  -9 -9.0 -9  3 -9
202504132100 108  20  4.7  25 11.0 1609  990.4 1000.8  2   1.2   5.6   0.1  68.0   6.2   -9.0    4.2    4.2   -9.0   -9.0   -9.0   -9.0 -9 87 -                        7   2    8 ScAs       0   2   5  3298 -9.0 -9.00 -9   4.2   8.4   7.6   8.2   8.5  -9 -9.0 -9  3  1
202504132200 108  18  4.8  18 12.0 2124  990.4 1000.8 -9  -9.0   5.8  -0.4  64.0   5.9   -9.0    4.2    4.2   -9.0   -9.0   -9.0   -9.0 -9 -9 -                       10   4   11 -         -9  -9  -9  3485 -9.0 -9.00 -9   4.4   8.2   7.4   8.1   8.5  -9 -9.0 -9  3 -9
202504132300 108  20  3.9  16 10.0 2205  990.3 1000.7 -9  -9.0   5.6  -0.2  66.0   6.0   -9.0    4.2    4.2   -9.0   -9.0   -9.0   -9.0 -9 -9 -                        9   3   10 -         -9  -9  -9  3230 -9.0 -9.00 -9   4.2   8.1   7.3   8.0   8.4  -9 -9.0 -9  3 -9
202504140000 108  18  3.8  18 12.0 2124  989.8 1000.2  7  -0.6   5.7  -0.1  66.0   6.1   -9.0    4.2    4.2   -9.0   -9.0   -9.0   -9.0 -9 -9 -                       10   5   17 ScAs      -9   1   5  3272 -9.0 -9.00 -9   4.1   7.9   7.1   7.9   8.5  -9 -9.0 -9  3  2
202504140100 108  18  4.5  16 10.0   27  989.2  999.6 -9  -9.0   5.5  -0.1  67.0   6.1   -9.0   -9.0   -9.0   -9.0   -9.0   -9.0   -9.0 -9 -9 -                        7   7   24 -         -9  -9  -9  3059 -9.0 -9.00 -9   3.5   7.7   7.0   7.9   8.4  -9 -9.0 -9  3 -9
202504140200 108  18  2.7  -9 -9.0   -9  988.3  998.7 -9  -9.0   5.0  -0.2  69.0   6.0   -9.0   -9.0   -9.0   -9.0   -9.0   -9.0   -9.0 -9 -9 -                        7   7   11 -         -9  -9  -9  3197 -9.0 -9.00 -9   3.8   7.6   6.9   7.8   8.4  -9 -9.0 -9  3 -9
202504140300 108  27  4.8  18 12.0 2124  988.9  999.4  5  -0.8   2.9   0.6  85.0   6.4    1.3    1.3    1.3   -9.0   -9.0   -9.0   -9.0 91 98 1401                    10   8    3 ScAs      -9   2   5  1667 -9.0 -9.00 -9   0.8   7.4   6.7   7.7   8.4  -9 -9.0 -9  4  1
202504140400 108  11  1.4  -9 -9.0   -9  988.3  998.8 -9  -9.0   2.8   1.0  88.0   6.6    0.0    1.3    1.3   -9.0   -9.0   -9.0   -9.0 21 62 01                       8   8    6 Sc         0   0   5  3106 -9.0 -9.00 -9   3.0   7.0   6.4   7.7   8.3  -9 -9.0 -9  4  1
202504140500 108   2  1.9  -9 -9.0   -9  987.2  997.7 -9  -9.0   2.8   1.3  90.0   6.7   -9.0    1.3    1.3   -9.0   -9.0   -9.0   -9.0 -9 -9 -                        2   2    5 Sc         0   0   5  2029 -9.0 -9.00 -9   2.3   6.8   6.2   7.5   8.3  -9 -9.0 -9  3  2
202504140600 108   7  1.4  -9 -9.0   -9  986.6  997.1  7  -2.3   2.9   1.2  89.0   6.7   -9.0    1.3    1.3   -9.0   -9.0   -9.0   -9.0 -9 61 -                        7   1   10 ScAs       0   2   5  1921  0.0  0.00 -9   2.2   6.5   5.9   7.4   8.2  -9 -9.0 -9  3  1
202504140700 108   9  2.0  -9 -9.0   -9  987.0  997.5 -9  -9.0   3.4   1.5  88.0   6.8   -9.0    1.3    1.3   -9.0   -9.0   -9.0   -9.0 -9 -9 -                        8   1   10 ScAs       0   2   5  2530  0.0  0.15 -9   3.6   6.3   5.8   7.3   8.1  -9 -9.0 -9  3  2
202504140800 108   7  2.6  -9 -9.0   -9  986.9  997.3 -9  -9.0   4.5   2.6  88.0   7.4   -9.0    1.3    1.3   -9.0   -9.0   -9.0   -9.0 -9 -9 -                        6   2    5 ScAs       0   2   5  2023  0.2  0.55 -9   7.4   6.3   5.6   6.6   7.5  -9 -9.0 -9  3  2
202504140900 108  11  2.4  -9 -9.0   -9  986.7  997.1  4   0.0   5.4   2.5  82.0   7.3    0.0    1.3    1.3   -9.0   -9.0   -9.0   -9.0 60 61 01                      10   6    7 ScAs      -9   2   5  2449  0.1  0.81 -9   8.4   6.9   6.2   7.0   7.9  -9 -9.0 -9  1  1
202504141000 108  11  2.1  -9 -9.0   -9  986.9  997.3 -9  -9.0   5.1   2.7  85.0   7.4    0.4    1.7    1.7   -9.0   -9.0   -9.0   -9.0 61 66 01                      10   8    5 StNs      -9   2   7  1464  0.0  0.34 -9   6.7   7.3   6.5   7.0   7.9  -9 -9.0 -9  4  1
202504141100 108  11  2.6  -9 -9.0   -9  986.7  997.1 -9  -9.0   5.9   3.2  83.0   7.7    0.2    1.9    1.9   -9.0   -9.0   -9.0   -9.0 61 66 01                      10   8    5 StNs      -9   2   7  3911  0.0  0.57 -9   8.4   7.4   6.6   6.9   7.8  -9 -9.0 -9  4  1
202504141200 108   9  0.7  -9 -9.0   -9  987.0  997.4  2   0.3   3.9   2.4  90.0   7.3    3.8    5.7    5.7   -9.0   -9.0   -9.0   -9.0 63 86 130401                  10   8    4 StNs      -9   2   7  1896  0.0  0.27 -9   6.7   7.2   6.7   6.9   7.7  -9 -9.0 -9  4  1
202504141300 108   7  1.3  -9 -9.0   -9  986.4  996.8 -9  -9.0   5.2   3.3  88.0   7.7    0.5    6.2    6.2   -9.0   -9.0   -9.0   -9.0 61 66 01                      10   8    6 StNs      -9   2   7  2651  0.0  0.72 -9   9.4   7.2   6.6   6.9   7.6  -9 -9.0 -9  4  1
202504141400 108   5  3.0  -9 -9.0   -9  986.0  996.4 -9  -9.0   5.7   4.0  89.0   8.1    0.1    6.3    6.3   -9.0   -9.0   -9.0   -9.0 61 66 01                      10   7    5 StNs      -9   2   7  2065  0.0  0.47 -9   8.3   7.6   6.9   6.9   7.6  -9 -9.0 -9  4  1
202504141500 108   7  4.8  -9 -9.0   -9  985.7  996.1  7  -1.3   5.4   3.5  88.0   7.8    0.1    6.4    6.4   -9.0   -9.0   -9.0   -9.0 61 86 01                      10   7    5 StNs      -9   2   7  2445  0.0  0.50 -9   9.2   7.7   7.0   6.9   7.5  -9 -9.0 -9  4  1
202504141600 108   5  4.3  -9 -9.0   -9  985.8  996.2 -9  -9.0   5.5   3.8  89.0   8.0    0.2    6.6    6.6   -9.0   -9.0   -9.0   -9.0 61 66 01                      10   7    6 StNs      -9   2   7  1539  0.0  0.54 -9   8.4   7.8   7.2   6.9   7.5  -9 -9.0 -9  4  1
202504141700 108   5  3.2  -9 -9.0   -9  986.5  996.9 -9  -9.0   5.4   3.7  89.0   8.0    0.4    7.0    7.0   -9.0   -9.0   -9.0   -9.0 61 66 01                      10   7    7 StNs      -9   2   7  2328  0.0  0.28 -9   7.6   7.9   7.2   7.0   7.5  -9 -9.0 -9  4  1
202504141800 108   5  2.3  -9 -9.0   -9  987.1  997.5  2   1.4   5.8   4.2  90.0   8.2    0.2    7.2    7.2   -9.0   -9.0   -9.0   -9.0 60 66 01                      10   6   10 ScAs      -9   2   5  4527  0.0  0.31 -9   7.7   7.9   7.2   7.0   7.4  -9 -9.0 -9  4  1
202504141900 108  36  2.6  -9 -9.0   -9  988.4  998.8 -9  -9.0   5.6   3.7  88.0   8.0    0.0    7.2    7.2   -9.0   -9.0   -9.0   -9.0 60 66 01                      10   7    9 ScAs      -9   2   5  3350  0.0  0.09 -9   6.3   7.8   7.2   7.0   7.4  -9 -9.0 -9  4  1
202504142000 108   2  1.2  -9 -9.0   -9  989.1  999.5 -9  -9.0   5.5   3.3  86.0   7.7    0.2    7.4    7.4   -9.0   -9.0   -9.0   -9.0 60 66 01                      10   7   10 ScAs      -9   2   5  2330  0.0  0.00 -9   5.8   7.7   7.1   7.1   7.5  -9 -9.0 -9  4  1
202504142100 108  29  1.0  -9 -9.0   -9  990.2 1000.6  2   3.1   5.0   3.0  87.0   7.6    0.0    7.4    7.4   -9.0   -9.0   -9.0   -9.0 21 61 01                       1   1   15 Sc         0   0   5  2230 -9.0 -9.00 -9   4.0   7.5   6.9   7.1   7.5  -9 -9.0 -9  1  1
202504142200 108  32  1.8  -9 -9.0   -9  990.5 1000.9 -9  -9.0   4.9   3.2  89.0   7.7   -9.0    7.4    7.4   -9.0   -9.0   -9.0   -9.0 -9 -9 -                        1   1   36 -         -9  -9  -9  1826 -9.0 -9.00 -9   3.2   7.2   6.6   7.1   7.5  -9 -9.0 -9  3 -9
202504142300 108  29  2.6  -9 -9.0   -9  991.4 1001.9 -9  -9.0   4.6   3.0  90.0   7.6   -9.0    7.4    7.4   -9.0   -9.0   -9.0   -9.0 -9 -9 -                        0   0   -9 -         -9  -9  -9  1743 -9.0 -9.00 -9   2.7   6.9   6.3   7.0   7.5  -9 -9.0 -9  3 -9
202504150000 108  27  2.5  -9 -9.0   -9  992.4 1002.9  2   2.3   4.2   2.3  88.0   7.2   -9.0    7.4    7.4   -9.0   -9.0   -9.0   -9.0 -9 -9 -                        0   0   -9 -         -9  -9  -9  1927 -9.0 -9.00 -9   2.3   6.5   6.1   7.0   7.5  -9 -9.0 -9  3  2
202504150100 108  32  2.3  -9 -9.0   -9  993.3 1003.8 -9  -9.0   4.0   2.3  89.0   7.2   -9.0   -9.0   -9.0   -9.0   -9.0   -9.0   -9.0 -9 -9 -                        2   1   -9 -         -9  -9  -9  1996 -9.0 -9.00 -9   2.0   6.3   5.8   6.9   7.4  -9 -9.0 -9  3 -9
202504150200 108  27  1.6  -9 -9.0   -9  992.9 1003.4 -9  -9.0   3.5   2.0  90.0   7.1   -9.0   -9.0   -9.0   -9.0   -9.0   -9.0   -9.0 -9 -9 -                        0   0   -9 -         -9  -9  -9  1657 -9.0 -9.00 -9   1.6   6.1   5.6   6.8   7.4  -9 -9.0 -9  3 -9
202504150300 108  27  1.8  -9 -9.0   -9  993.1 1003.6  0   0.7   2.8   1.1  89.0   6.6   -9.0   -9.0   -9.0   -9.0   -9.0   -9.0   -9.0 -9 -9 -                        0   0   -9 -         -9  -9  -9  1959 -9.0 -9.00 -9   1.1   5.9   5.4   6.7   7.4  -9 -9.0 -9  3  2
202504150400 108  27  1.7  -9 -9.0   -9  993.4 1004.0 -9  -9.0   2.6   1.2  91.0   6.7   -9.0   -9.0   -9.0   -9.0   -9.0   -9.0   -9.0 -9 -9 -                        0   0   -9 -         -9  -9  -9  1551 -9.0 -9.00 -9   0.9   5.6   5.1   6.7   7.5  -9 -9.0 -9  3  2
202504150500 108  27  1.4  -9 -9.0   -9  993.4 1004.0 -9  -9.0   2.3   1.1  92.0   6.6   -9.0   -9.0   -9.0   -9.0   -9.0   -9.0   -9.0 -9 -9 -                        0   0   -9 -         -9  -9  -9  1087 -9.0 -9.00 -9   0.5   5.3   5.0   6.6   7.4  -9 -9.0 -9  3  2
202504150600 108  29  1.8  -9 -9.0   -9  994.1 1004.7  2   1.1   2.7   1.8  94.0   7.0   -9.0   -9.0   -9.0   -9.0   -9.0   -9.0   -9.0 -9 -9 -                        0   0   -9 -         -9  -9  -9  1461  0.0  0.00 -9   0.5   5.1   4.8   6.4   7.4  -9 -9.0 -9  3  2
202504150700 108  27  0.9  -9 -9.0   -9  994.4 1005.0 -9  -9.0   2.8   1.7  93.0   6.9   -9.0   -9.0   -9.0   -9.0   -9.0   -9.0   -9.0 -9 -9 -                        0   0   -9 -         -9  -9  -9  1404  0.6  0.23 -9   1.6   5.0   4.6   6.3   7.3  -9 -9.0 -9  3  2
202504150800 108  27  0.8  -9 -9.0   -9  995.1 1005.6 -9  -9.0   4.7   3.8  94.0   8.0   -9.0   -9.0   -9.0   -9.0   -9.0   -9.0   -9.0 -9 -9 -                        0   0   -9 -         -9  -9  -9  1867  1.0  0.93 -9   7.6   5.3   5.3   7.6   8.7  -9 -9.0 -9  3  2
202504150900 108  25  1.8  -9 -9.0   -9  995.4 1005.8  2   1.1   6.9   3.6  80.0   7.9   -9.0   -9.0   -9.0   -9.0   -9.0   -9.0   -9.0 -9 -9 -                        0   0   -9 -         -9  -9  -9  2322  1.0  1.66 -9  13.9   4.8   5.7   7.5   8.5  -9 -9.0 -9  3  2
202504151000 108  27  2.4  -9 -9.0   -9  995.8 1006.1 -9  -9.0   9.0   2.7  65.0   7.4   -9.0   -9.0   -9.0   -9.0   -9.0   -9.0   -9.0 -9 -9 -                        2   0   -9 Ci         1   0   0  3112  1.0  2.36 -9  18.9   6.1   6.6   7.5   8.5  -9 -9.0 -9  3  2
202504151100 108  25  3.3  -9 -9.0   -9  995.8 1006.0 -9  -9.0  11.2   2.4  55.0   7.3   -9.0   -9.0   -9.0   -9.0   -9.0   -9.0   -9.0 -9 -9 -                        1   1   10 Sc         0   0   5  3345  1.0  2.93 -9  22.1   7.1   7.7   7.5   8.4  -9 -9.0 -9  3  2
202504151200 108  27  3.3  -9 -9.0   -9  995.3 1005.5  8  -0.3  12.4   1.3  47.0   6.7   -9.0   -9.0   -9.0   -9.0   -9.0   -9.0   -9.0 -9 -9 -                        4   4   15 Sc         0   0   5  4070  0.9  3.31 -9  24.7   8.2   8.9   7.5   8.3  -9 -9.0 -9  3  2
202504151300 108  25  5.1  -9 -9.0   -9  994.9 1005.1 -9  -9.0  13.1   0.7  43.0   6.4   -9.0   -9.0   -9.0   -9.0   -9.0   -9.0   -9.0 -9 -9 -                        2   2   15 Sc         0   0   5  3689  1.0  3.65 -9  25.1   9.8  10.3   7.8   8.2  -9 -9.0 -9  3  2
202504151400 108  25  5.1  23 10.0 1324  994.7 1004.9 -9  -9.0  13.2   0.5  42.0   6.3   -9.0   -9.0   -9.0   -9.0   -9.0   -9.0   -9.0 -9 -9 -                        2   2   15 Sc         0   0   5  3672  1.0  3.51 -9  25.6  10.9  11.5   8.1   8.2  -9 -9.0 -9  3  2
202504151500 108  25  3.3  23 10.0 1324  994.4 1004.5  7  -1.0  13.8   1.7  44.0   6.9   -9.0   -9.0   -9.0   -9.0   -9.0   -9.0   -9.0 -9 -9 -                        5   3   15 ScCi       1   0   5  3628  0.9  2.81 -9  23.6  11.7  12.4   8.5   8.3  -9 -9.0 -9  3  2
202504151600 108  25  4.1  -9 -9.0   -9  994.4 1004.5 -9  -9.0  13.8   2.0  45.0   7.1   -9.0   -9.0   -9.0   -9.0   -9.0   -9.0   -9.0 -9 -9 -                        4   0   -9 Ci         1   0   0  3037  1.0  2.54 -9  21.9  12.2  12.8   8.9   8.4  -9 -9.0 -9  3  2
202504151700 108  23  5.2  -9 -9.0   -9  994.8 1005.0 -9  -9.0  12.8   2.6  50.0   7.4   -9.0   -9.0   -9.0   -9.0   -9.0   -9.0   -9.0 -9 -9 -                        0   0   -9 -         -9  -9  -9  1716  1.0  1.79 -9  16.9  12.4  12.9   9.4   8.6  -9 -9.0 -9  3  2
202504151800 108  23  4.1  -9 -9.0   -9  995.2 1005.4  2   0.9  11.5   1.9  52.0   7.0   -9.0   -9.0   -9.0   -9.0   -9.0   -9.0   -9.0 -9 -9 -                        0   0   -9 -         -9  -9  -9  1857  1.0  0.95 -9  11.0  12.1  12.6   9.7   8.8  -9 -9.0 -9  3  2
202504151900 108  23  3.4  -9 -9.0   -9  996.0 1006.3 -9  -9.0   9.9   1.7  57.0   6.9   -9.0   -9.0   -9.0   -9.0   -9.0   -9.0   -9.0 -9 -9 -                        0   0   -9 -         -9  -9  -9  1587  0.7  0.27 -9   8.7  12.6  12.1  10.1   9.1  -9 -9.0 -9  3 -9
202504152000 108  25  2.8  -9 -9.0   -9  997.1 1007.5 -9  -9.0   8.8   2.9  67.0   7.5   -9.0   -9.0   -9.0   -9.0   -9.0   -9.0   -9.0 -9 -9 -                        1   1   52 -         -9  -9  -9  1379  0.0  0.00 -9   7.2  11.8  11.4  10.3   9.3  -9 -9.0 -9  3 -9
202504152100 108  25  2.5  -9 -9.0   -9  998.1 1008.5  2   3.1   8.2   3.2  71.0   7.7   -9.0   -9.0   -9.0   -9.0   -9.0   -9.0   -9.0 -9 -9 -                        0   0   -9 -         -9  -9  -9  1120 -9.0 -9.00 -9   6.5  11.1  10.8  10.4   9.5  -9 -9.0 -9  3  2
202504152200 108  23  1.6  -9 -9.0   -9  998.2 1008.6 -9  -9.0   7.8   3.4  74.0   7.8   -9.0   -9.0   -9.0   -9.0   -9.0   -9.0   -9.0 -9 -9 -                        0   0   -9 -         -9  -9  -9  1060 -9.0 -9.00 -9   6.0  10.5  10.3  10.5   9.7  -9 -9.0 -9  3 -9
202504152300 108  20  2.8  -9 -9.0   -9  998.3 1008.7 -9  -9.0   7.5   4.2  80.0   8.2   -9.0   -9.0   -9.0   -9.0   -9.0   -9.0   -9.0 -9 -9 19                       0   0   -9 -         -9  -9  -9   882 -9.0 -9.00 -9   5.6  10.0   9.8  10.3   9.7  -9 -9.0 -9  3  2
202504160000 108  20  3.1  -9 -9.0   -9  998.6 1009.0  2   0.5   7.5   5.1  85.0   8.8   -9.0   -9.0   -9.0   -9.0   -9.0   -9.0   -9.0 10 22 19                       8   8    5 Sc         0   0   5   739 -9.0 -9.00 -9   6.6   9.6   9.4  10.2   9.8  -9 -9.0 -9  3  1
202504160100 108  20  2.4  -9 -9.0   -9  998.9 1009.3 -9  -9.0   7.5   5.1  85.0   8.8   -9.0   -9.0   -9.0   -9.0   -9.0   -9.0   -9.0 -9 -9 19                       6   6    3 -         -9  -9  -9   737 -9.0 -9.00 -9   6.4   9.4   9.2  10.1   9.8  -9 -9.0 -9  3  2
202504160200 108  14  1.4  -9 -9.0   -9  998.3 1008.7 -9  -9.0   7.0   4.3  83.0   8.3   -9.0   -9.0   -9.0   -9.0   -9.0   -9.0   -9.0 -9 -9 19                       0   0   -9 -         -9  -9  -9   639 -9.0 -9.00 -9   5.2   9.2   9.0  10.0   9.9  -9 -9.0 -9  3  2
202504160300 108   5  1.5  -9 -9.0   -9  998.4 1008.9  5  -0.1   6.5   4.1  85.0   8.2   -9.0   -9.0   -9.0   -9.0   -9.0   -9.0   -9.0 10 22 19                       6   6   33 Ac         0   3   0   539 -9.0 -9.00 -9   5.2   8.9   8.7   9.9   9.9  -9 -9.0 -9  3  1
202504160400 108   7  1.2  -9 -9.0   -9  998.2 1008.7 -9  -9.0   6.5   4.6  88.0   8.5   -9.0   -9.0   -9.0   -9.0   -9.0   -9.0   -9.0 10  0 19                       3   3   32 Ac         0   3   0   546 -9.0 -9.00 -9   5.1   8.7   8.5   9.8   9.9  -9 -9.0 -9  3  1
202504160500 108   5  2.0  -9 -9.0   -9  998.0 1008.5 -9  -9.0   6.5   4.6  88.0   8.5   -9.0   -9.0   -9.0   -9.0   -9.0   -9.0   -9.0 10 22 19                       7   7   35 Ac         0   3   5   540 -9.0 -9.00 -9   5.3   8.5   8.3   9.7   9.9  -9 -9.0 -9  3  1
202504160600 108   7  2.2  -9 -9.0   -9  998.3 1008.8  5  -0.1   6.6   4.5  87.0   8.4   -9.0   -9.0   -9.0   -9.0   -9.0   -9.0   -9.0 10 11 19                       7   7   34 Ac         0   3   0   566  0.0  0.00 -9   5.5   8.3   8.2   9.6   9.8  -9 -9.0 -9  3  1
202504160700 108   7  2.5  -9 -9.0   -9  998.4 1008.8 -9  -9.0   7.0   4.8  86.0   8.6   -9.0   -9.0   -9.0   -9.0   -9.0   -9.0   -9.0 10  0 19                       0   0   -9 -         -9  -9  -9   681  0.0  0.13 -9   6.2   8.3   8.1   9.5   9.8  -9 -9.0 -9  3  1
202504160800 108   5  2.6  -9 -9.0   -9  998.6 1009.0 -9  -9.0   8.4   5.3  81.0   8.9   -9.0   -9.0   -9.0   -9.0   -9.0   -9.0   -9.0 10  0 19                       0   0   -9 -         -9  -9  -9   717  1.0  0.63 -9   9.7   7.9   8.1   9.3   9.7  -9 -9.0 -9  3  1
202504160900 108   5  3.9  -9 -9.0   -9  998.1 1008.4  8  -0.4  10.3   5.2  71.0   8.8   -9.0   -9.0   -9.0   -9.0   -9.0   -9.0   -9.0 10  0 19                       0   0   -9 -         -9  -9  -9   875  1.0  1.52 -9  14.5   7.4   8.4   9.1   9.5  -9 -9.0 -9  3  1
202504161000 108   7  3.2  -9 -9.0   -9  997.6 1007.8 -9  -9.0  12.6   5.5  62.0   9.0   -9.0   -9.0   -9.0   -9.0   -9.0   -9.0   -9.0 -9 -9 19                       2   0   -9 Ci         1   0   0  1145  1.0  2.19 -9  19.9   8.6   9.0   9.0   9.4  -9 -9.0 -9  3  2
202504161100 108   9  2.7  -9 -9.0   -9  997.2 1007.3 -9  -9.0  15.2   5.9  54.0   9.3   -9.0   -9.0   -9.0   -9.0   -9.0   -9.0   -9.0 -9 -9 -                        2   0   -9 Ci         1   0   0  1458  1.0  2.79 -9  24.2   9.6  10.0   9.2   9.4  -9 -9.0 -9  3  2
202504161200 108   9  2.2  -9 -9.0   -9  996.5 1006.5  7  -1.9  17.2   6.3  49.0   9.5   -9.0   -9.0   -9.0   -9.0   -9.0   -9.0   -9.0 -9 -9 -                        3   0   -9 Ci         1   0   0  1503  1.0  3.16 -9  27.3  10.8  11.3   9.2   9.4  -9 -9.0 -9  3  2
202504161300 108  16  2.9  -9 -9.0   -9  996.1 1006.0 -9  -9.0  19.3   6.7  44.0   9.8   -9.0   -9.0   -9.0   -9.0   -9.0   -9.0   -9.0 -9 -9 -                        7   7   44 Ac         0   3   0  1560  1.0  3.15 -9  26.6  12.3  12.6   9.4   9.3  -9 -9.0 -9  3  2
202504161400 108  18  2.9  -9 -9.0   -9  995.5 1005.3 -9  -9.0  21.4   8.9  45.0  11.4   -9.0   -9.0   -9.0   -9.0   -9.0   -9.0   -9.0 -9 -9 -                        6   4   42 AcCi       1   3   0  1658  0.9  2.80 -9  28.9  13.4  13.8   9.7   9.3  -9 -9.0 -9  3  2
202504161500 108  23  4.6  -9 -9.0   -9  995.1 1004.9  7  -1.6  21.7   7.1  39.0  10.1   -9.0   -9.0   -9.0   -9.0   -9.0   -9.0   -9.0 -9 -9 -                        7   0   -9 Ci         1   0   0  1544  1.0  2.43 -9  23.8  14.6  14.9  10.1   9.4  -9 -9.0 -9  3  2
202504161600 108  20  3.6  18 10.0 1502  995.0 1004.8 -9  -9.0  21.6   6.6  38.0   9.7   -9.0   -9.0   -9.0   -9.0   -9.0   -9.0   -9.0 -9 -9 -                        8   0   -9 Ci         1   0   0  2168  0.8  1.61 -9  20.5  14.9  15.3  10.6   9.5  -9 -9.0 -9  3  2
202504161700 108  23  2.9  -9 -9.0   -9  994.7 1004.5 -9  -9.0  21.5   6.5  38.0   9.7   -9.0   -9.0   -9.0   -9.0   -9.0   -9.0   -9.0 -9 -9 -                        8   0   -9 Ci         1   0   0  2239  0.6  1.17 -9  18.9  14.9  15.2  11.1   9.7  -9 -9.0 -9  3  2
202504161800 108  20  2.5  18 10.0 1502  994.8 1004.7  5  -0.2  21.1   6.2  38.0   9.5   -9.0   -9.0   -9.0   -9.0   -9.0   -9.0   -9.0 -9 -9 -                        7   0   -9 Ci         1   0   0  2508  0.4  0.52 -9  16.1  14.8  15.1  11.5  10.0  -9 -9.0 -9  3  2
202504161900 108  20  3.9  -9 -9.0   -9  994.8 1004.7 -9  -9.0  19.6   4.1  36.0   8.2   -9.0   -9.0   -9.0   -9.0   -9.0   -9.0   -9.0 -9 -9 -                        8   8   51 -         -9  -9  -9  3001  0.0  0.16 -9  13.3  13.8  14.8  11.8  10.2  -9 -9.0 -9  3 -9
202504162000 108  18  2.4  -9 -9.0   -9  995.0 1005.0 -9  -9.0  18.4   4.5  40.0   8.4   -9.0   -9.0   -9.0   -9.0   -9.0   -9.0   -9.0 -9 -9 -                        6   6   54 -         -9  -9  -9  3013  0.0  0.00 -9  11.7  13.2  14.3  12.0  10.4  -9 -9.0 -9  3 -9
202504162100 108  27  1.2  18 10.0 1502  995.5 1005.5  2   0.8  17.2   5.4  46.0   9.0   -9.0   -9.0   -9.0   -9.0   -9.0   -9.0   -9.0 -9 -9 -                        6   0   -9 Ci         1   0   0  2895 -9.0 -9.00 -9  11.1  12.6  13.7  12.1  10.7  -9 -9.0 -9  3  2
202504162200 108   7  0.5  -9 -9.0   -9  995.7 1005.7 -9  -9.0  16.4   5.0  47.0   8.7   -9.0   -9.0   -9.0   -9.0   -9.0   -9.0   -9.0 -9 -9 -                        0   0   -9 -         -9  -9  -9  2984 -9.0 -9.00 -9  10.1  12.0  13.2  12.1  10.7  -9 -9.0 -9  3 -9
202504162300 108  16  1.7  -9 -9.0   -9  995.7 1005.8 -9  -9.0  16.1   5.3  49.0   8.9   -9.0   -9.0   -9.0   -9.0   -9.0   -9.0   -9.0 -9 -9 -                        0   0   -9 -         -9  -9  -9  3123 -9.0 -9.00 -9   9.7  11.5  12.7  12.1  10.8  -9 -9.0 -9  3 -9
202504170000 108   9  0.8  -9 -9.0   -9  995.5 1005.5  4   0.0  16.1   5.3  49.0   8.9   -9.0   -9.0   -9.0   -9.0   -9.0   -9.0   -9.0 -9 -9 -                        8   8   44 Ac         0   3   0  3144 -9.0 -9.00 -9  10.4  11.2  12.4  12.0  10.9  -9 -9.0 -9  3  2
202504170100 108  18  2.9  -9 -9.0   -9  995.3 1005.3 -9  -9.0  16.8   6.3  50.0   9.5   -9.0   -9.0   -9.0   -9.0   -9.0   -9.0   -9.0 -9 -9 -                        7   7   47 -         -9  -9  -9  3179 -9.0 -9.00 -9  10.0  11.0  12.2  11.9  11.0  -9 -9.0 -9  3 -9
202504170200 108  14  1.3  -9 -9.0   -9  995.2 1005.2 -9  -9.0  16.4   7.0  54.0  10.0   -9.0   -9.0   -9.0   -9.0   -9.0   -9.0   -9.0 -9 -9 -                        0   0   -9 -         -9  -9  -9  2938 -9.0 -9.00 -9   9.6  10.9  12.0  11.8  11.0  -9 -9.0 -9  3 -9
202504170300 108  18  3.1  -9 -9.0   -9  994.9 1004.9  7  -0.6  16.5   9.6  64.0  11.9   -9.0   -9.0   -9.0   -9.0   -9.0   -9.0   -9.0 -9 -9 -                        1   1   47 Ac         0   3   0  2563 -9.0 -9.00 -9  10.1  11.4  11.8  11.8  11.1  -9 -9.0 -9  3  2
202504170400 108  16  2.5  -9 -9.0   -9  994.7 1004.7 -9  -9.0  16.5  11.0  70.0  13.1   -9.0   -9.0   -9.0   -9.0   -9.0   -9.0   -9.0 -9 -9 -                        4   4    8 Sc         0   0   5  2442 -9.0 -9.00 -9  10.4  11.3  11.7  11.7  11.1  -9 -9.0 -9  3  2
202504170500 108   9  1.5  -9 -9.0   -9  994.6 1004.6 -9  -9.0  16.2  11.3  73.0  13.4   -9.0   -9.0   -9.0   -9.0   -9.0   -9.0   -9.0 -9 -9 -                        6   6    8 Sc         0   0   5  2265 -9.0 -9.00 -9  11.0  11.2  11.6  11.6  11.0  -9 -9.0 -9  3  2
202504170600 108   7  2.3  -9 -9.0   -9  994.5 1004.5  7  -0.4  16.0  10.9  72.0  13.0   -9.0   -9.0   -9.0   -9.0   -9.0   -9.0   -9.0 -9 -9 -                        3   3    8 Sc         0   0   5  2315  0.0  0.00 -9  11.1  11.3  11.6  11.5  11.0  -9 -9.0 -9  3  2
202504170700 108   7  1.7  -9 -9.0   -9  994.9 1005.0 -9  -9.0  15.9  11.4  75.0  13.5   -9.0   -9.0   -9.0   -9.0   -9.0   -9.0   -9.0 -9 -9 -                        7   7    8 Sc         0   0   5  2189  0.0  0.10 -9  12.4  11.2  11.6  11.4  11.0  -9 -9.0 -9  3  2
202504170800 108   7  1.3  -9 -9.0   -9  995.0 1005.0 -9  -9.0  17.2  12.3  73.0  14.3   -9.0   -9.0   -9.0   -9.0   -9.0   -9.0   -9.0 -9 -9 -                        8   8    8 Sc         0   0   5  2007  0.0  0.45 -9  15.0  11.4  11.8  11.4  11.0  -9 -9.0 -9  3  2
202504170900 108  14  1.6  -9 -9.0   -9  994.8 1004.7  0   0.2  18.7  13.3  71.0  15.3   -9.0   -9.0   -9.0   -9.0   -9.0   -9.0   -9.0 -9 -9 -                        8   8    8 Sc         0   0   5  2227  0.0  0.60 -9  17.0  11.8  12.2  11.4  11.0  -9 -9.0 -9  3  2
202504171000 108  18  4.3  -9 -9.0   -9  994.8 1004.7 -9  -9.0  20.0  13.2  65.0  15.2   -9.0   -9.0   -9.0   -9.0   -9.0   -9.0   -9.0 -9 -9 -                        8   8    8 Sc         0   0   5  2209  0.1  1.08 -9  19.9  12.4  12.7  11.3  10.8  -9 -9.0 -9  3  2
202504171100 108  18  3.3  -9 -9.0   -9  994.9 1004.7 -9  -9.0  21.4  13.5  61.0  15.5   -9.0   -9.0   -9.0   -9.0   -9.0   -9.0   -9.0 -9 -9 -                        8   8    9 Sc         0   0   5  1995  0.4  1.84 -9  22.7  13.3  13.5  11.4  10.9  -9 -9.0 -9  3  2
202504171200 108  14  2.9  -9 -9.0   -9  994.0 1003.8  7  -0.9  23.4  14.1  56.0  16.1   -9.0   -9.0   -9.0   -9.0   -9.0   -9.0   -9.0 -9 -9 -                        8   8   11 Sc         0   0   5  2306  0.5  2.20 -9  27.6  14.2  14.5  11.6  10.9  -9 -9.0 -9  3  2
202504171300 108  20  4.0  -9 -9.0   -9  993.4 1003.1 -9  -9.0  24.3  13.5  51.0  15.5   -9.0   -9.0   -9.0   -9.0   -9.0   -9.0   -9.0 -9 -9 -                        7   0   -9 Ci         1   0   0  2178  0.9  2.71 -9  28.3  15.6  15.7  11.8  10.9  -9 -9.0 -9  3  2
202504171400 108  20  3.2  -9 -9.0   -9  993.0 1002.7 -9  -9.0  24.5  14.2  53.0  16.2   -9.0   -9.0   -9.0   -9.0   -9.0   -9.0   -9.0 -9 -9 -                        9   0   -9 Ci         2   0   0  2020  0.4  1.73 -9  25.0  16.4  16.5  12.1  11.0  -9 -9.0 -9  3  2
202504171500 108  25  3.4  -9 -9.0   -9  992.7 1002.4  7  -1.4  24.1  13.9  53.0  15.9   -9.0   -9.0   -9.0   -9.0   -9.0   -9.0   -9.0 -9 -9 -                        8   0   -9 Ci         2   0   0  2165  0.4  1.74 -9  26.2  16.8  16.9  12.4  11.1  -9 -9.0 -9  3  2
202504171600 108  25  3.1  -9 -9.0   -9  992.8 1002.5 -9  -9.0  24.0  13.5  52.0  15.5   -9.0   -9.0   -9.0   -9.0   -9.0   -9.0   -9.0 -9 -9 -                        9   0   -9 Ci         2   0   0  1954  0.2  1.42 -9  24.0  17.2  17.3  12.8  11.2  -9 -9.0 -9  3  2
202504171700 108  25  4.0  -9 -9.0   -9  993.2 1003.0 -9  -9.0  23.0  13.4  55.0  15.4   -9.0   -9.0   -9.0   -9.0   -9.0   -9.0   -9.0 -9 -9 -                        9   3   38 AcCi       2   3   0  2007  0.0  0.73 -9  20.9  17.4  17.3  13.2  11.4  -9 -9.0 -9  3  2
202504171800 108  27  3.0  -9 -9.0   -9  993.5 1003.3  2   0.9  21.4  13.5  61.0  15.5   -9.0   -9.0   -9.0   -9.0   -9.0   -9.0   -9.0 -9 -9 -                       10   7   35 AcCs       7   3   0  1869  0.0  0.33 -9  18.6  17.0  17.1  13.4  11.5  -9 -9.0 -9  3  2
202504171900 108  25  1.4  -9 -9.0   -9  992.9 1002.8 -9  -9.0  20.3  13.4  65.0  15.4   -9.0   -9.0   -9.0   -9.0   -9.0   -9.0   -9.0 -9 -9 -                       10  10   34 -         -9  -9  -9  1607  0.0  0.07 -9  16.9  16.6  16.7  13.7  11.8  -9 -9.0 -9  3 -9
202504172000 108  29  1.3  -9 -9.0   -9  993.9 1003.8 -9  -9.0  20.0  13.4  66.0  15.4   -9.0   -9.0   -9.0   -9.0   -9.0   -9.0   -9.0 -9 -9 -                        9   9   38 -         -9  -9  -9  1615  0.0  0.00 -9  16.0  16.0  16.2  13.7  11.9  -9 -9.0 -9  3 -9
202504172100 108  23  2.7  -9 -9.0   -9  994.0 1003.9  3   0.6  19.8  12.3  62.0  14.3   -9.0   -9.0   -9.0   -9.0   -9.0   -9.0   -9.0 -9 -9 -                        4   4   41 Ac         0   3   0  1714 -9.0 -9.00 -9  14.8  15.6  15.8  13.9  12.1  -9 -9.0 -9  3  2
202504172200 108  25  4.1  -9 -9.0   -9  995.3 1005.2 -9  -9.0  19.0  12.4  66.0  14.4   -9.0   -9.0   -9.0   -9.0   -9.0   -9.0   -9.0 -9 -9 -                        8   8   41 -         -9  -9  -9  1581 -9.0 -9.00 -9  14.6  15.2  15.5  13.9  12.3  -9 -9.0 -9  3 -9
202504172300 108  23  2.5  -9 -9.0   -9  995.6 1005.6 -9  -9.0  18.3  12.2  68.0  14.2   -9.0   -9.0   -9.0   -9.0   -9.0   -9.0   -9.0 -9 -9 -                        6   6   41 -         -9  -9  -9  1658 -9.0 -9.00 -9  14.0  14.9  15.2  14.0  12.4  -9 -9.0 -9  3 -9
202504180000 108  18  2.4  -9 -9.0   -9  995.3 1005.2  0   1.3  18.0  12.2  69.0  14.2   -9.0   -9.0   -9.0   -9.0   -9.0   -9.0   -9.0 -9 -9 -                        7   7   43 Ac         0   3   0  1722 -9.0 -9.00 -9  13.7  14.6  14.9  13.9  12.5  -9 -9.0 -9  3  2
202504180100 108  20  3.3  -9 -9.0   -9  995.0 1005.0 -9  -9.0  18.3  12.0  67.0  14.0   -9.0   -9.0   -9.0   -9.0   -9.0   -9.0   -9.0 -9 -9 -                        5   5   44 -         -9  -9  -9  1939 -9.0 -9.00 -9  13.3  14.3  14.6  13.9  12.6  -9 -9.0 -9  3 -9
202504180200 108  25  3.6  -9 -9.0   -9  994.9 1004.9 -9  -9.0  18.3  12.2  68.0  14.2   -9.0   -9.0   -9.0   -9.0   -9.0   -9.0   -9.0 -9 -9 -                        3   3   45 -         -9  -9  -9  2061 -9.0 -9.00 -9  13.2  14.1  14.4  13.8  12.6  -9 -9.0 -9  3 -9
202504180300 108  23  2.7  -9 -9.0   -9  995.3 1005.3  3   0.1  17.7  12.5  72.0  14.5   -9.0   -9.0   -9.0   -9.0   -9.0   -9.0   -9.0 -9 -9 -                        0   0   -9 -         -9  -9  -9  2038 -9.0 -9.00 -9  12.9  13.9  14.2  13.7  12.6  -9 -9.0 -9  3  2
202504180400 108  25  3.4  -9 -9.0   -9  995.9 1005.9 -9  -9.0  17.0  13.3  79.0  15.3   -9.0   -9.0   -9.0   -9.0   -9.0   -9.0   -9.0 -9 -9 -                        8   8    6 Sc         0   0   5  1808 -9.0 -9.00 -9  13.2  13.7  14.0  13.6  12.6  -9 -9.0 -9  3  2
202504180500 108  20  3.5  -9 -9.0   -9  996.6 1006.6 -9  -9.0  16.6  13.5  82.0  15.5   -9.0   -9.0   -9.0   -9.0   -9.0   -9.0   -9.0 -9 -9 -                       10  10    4 St        -9  -9   6  1299 -9.0 -9.00 -9  13.7  13.6  13.9  13.5  12.6  -9 -9.0 -9  3  2
202504180600 108  23  2.4  -9 -9.0   -9  996.8 1006.9  2   1.6  16.5  13.5  83.0  15.5   -9.0   -9.0   -9.0   -9.0   -9.0   -9.0   -9.0 -9 -9 -                       10  10    4 St        -9  -9   6  1079  0.0  0.01 -9  13.8  13.5  13.9  13.5  12.6  -9 -9.0 -9  3  2
202504180700 108  23  2.7  -9 -9.0   -9  997.5 1007.6 -9  -9.0  16.5  13.7  84.0  15.7   -9.0   -9.0   -9.0   -9.0   -9.0   -9.0   -9.0 10 22 19                      10  10    4 St        -9  -9   6   910  0.0  0.02 -9  14.0  13.5  13.9  13.4  12.6  -9 -9.0 -9  3  1
202504180800 108  27  3.7  -9 -9.0   -9  999.0 1009.1 -9  -9.0  16.1  13.5  85.0  15.5    0.0    0.0    0.0   -9.0   -9.0   -9.0   -9.0 50 52 1902                    10  10    3 St        -9  -9   7   728  0.0  0.09 -9  14.2  13.5  13.9  13.3  12.6  -9 -9.0 -9  4  1
202504180900 108  27  2.0  -9 -9.0   -9  998.9 1009.0  0   2.1  15.5  13.3  87.0  15.3    0.0    0.0    0.0   -9.0   -9.0   -9.0   -9.0 20 52 1902                    10  10    2 St        -9  -9   6   338  0.0  0.19 -9  14.9  13.5  13.9  13.3  12.5  -9 -9.0 -9  1  1
202504181000 108  27  2.0  -9 -9.0   -9  999.9 1010.0 -9  -9.0  15.7  13.5  87.0  15.5   -9.0    0.0    0.0   -9.0   -9.0   -9.0   -9.0 10 22 19                      10  10    2 St        -9  -9   6   479  0.0  0.45 -9  16.4  13.5  13.8  13.0  12.3  -9 -9.0 -9  3  1
202504181100 108  25  2.3  -9 -9.0   -9 1000.5 1010.6 -9  -9.0  16.2  13.3  83.0  15.3   -9.0    0.0    0.0   -9.0   -9.0   -9.0   -9.0 10 22 19                      10  10    2 St        -9  -9   6   485  0.0  0.64 -9  18.5  13.9  14.2  13.2  12.5  -9 -9.0 -9  3  1
202504181200 108  25  2.0  -9 -9.0   -9 1000.1 1010.1  0   1.1  18.1  13.5  75.0  15.5   -9.0    0.0    0.0   -9.0   -9.0   -9.0   -9.0 10 22 19                       8   8    5 Sc         0   0   5   780  0.1  1.54 -9  25.0  14.2  14.4  12.8  12.1  -9 -9.0 -9  3  1
202504181300 108  23  3.0  -9 -9.0   -9  999.8 1009.7 -9  -9.0  19.9  13.5  67.0  15.5   -9.0    0.0    0.0   -9.0   -9.0   -9.0   -9.0  5 22 4019                     6   1    5 ScCi       1   0   5   821  0.7  2.55 -9  29.1  15.5  15.6  13.3  12.5  -9 -9.0 -9  3  1
202504181400 108  23  2.4  -9 -9.0   -9  998.9 1008.8 -9  -9.0  21.9  12.9  57.0  14.9   -9.0    0.0    0.0   -9.0   -9.0   -9.0   -9.0  5  0 40                       3   0   -9 Ci         1   0   0   987  1.0  2.85 -9  31.4  16.7  16.7  13.3  12.4  -9 -9.0 -9  3  1
202504181500 108  23  2.5  -9 -9.0   -9  998.4 1008.2  7  -1.9  23.2  11.5  48.0  13.6   -9.0    0.0    0.0   -9.0   -9.0   -9.0   -9.0 -9 -9 40                       3   0   -9 Ci         1   0   0  1181  1.0  2.61 -9  30.7  17.8  17.6  13.3  12.2  -9 -9.0 -9  3  2
202504181600 108  25  2.3  -9 -9.0   -9  997.9 1007.7 -9  -9.0  23.5   9.8  42.0  12.1   -9.0    0.0    0.0   -9.0   -9.0   -9.0   -9.0 -9 -9 -                        7   0   -9 Ci         1   0   0  1575  1.0  1.97 -9  27.6  18.4  18.1  13.6  12.2  -9 -9.0 -9  3  2
202504181700 108  27  2.8  -9 -9.0   -9  998.4 1008.2 -9  -9.0  23.3   8.1  38.0  10.8   -9.0    0.0    0.0   -9.0   -9.0   -9.0   -9.0 -9 -9 -                        7   0   -9 Ci         1   0   0  2053  0.9  1.36 -9  23.1  18.1  18.2  13.8  12.2  -9 -9.0 -9  3  2
202504181800 108  27  2.5  -9 -9.0   -9  998.7 1008.5  3   0.3  22.4   8.4  41.0  11.0   -9.0    0.0    0.0   -9.0   -9.0   -9.0   -9.0 -9 -9 -                        5   0   -9 Ci         1   0   0  2306  0.3  0.70 -9  19.7  18.3  18.0  14.2  12.4  -9 -9.0 -9  3  2
202504181900 108  25  2.2  -9 -9.0   -9  998.7 1008.6 -9  -9.0  21.0  11.3  54.0  13.4   -9.0    0.0    0.0   -9.0   -9.0   -9.0   -9.0 -9 -9 -                        3   3   56 -         -9  -9  -9  1241  0.0  0.21 -9  17.2  17.7  17.6  14.5  12.6  -9 -9.0 -9  3 -9
202504182000 108  27  2.0  -9 -9.0   -9  999.4 1009.4 -9  -9.0  19.5  12.0  62.0  14.0   -9.0    0.0    0.0   -9.0   -9.0   -9.0   -9.0 -9 -9 -                        0   0   -9 -         -9  -9  -9  1209  0.0  0.00 -9  15.3  17.0  17.0  14.7  12.8  -9 -9.0 -9  3 -9
202504182100 108  27  1.7  -9 -9.0   -9  999.6 1009.6  2   1.1  18.3  11.8  66.0  13.8   -9.0    0.0    0.0   -9.0   -9.0   -9.0   -9.0 -9 -9 -                        3   0   -9 Ci         1   0   0  1126 -9.0 -9.00 -9  14.1  16.3  16.3  14.5  12.7  -9 -9.0 -9  3  2
202504182200 108  27  0.8  -9 -9.0   -9  999.6 1009.6 -9  -9.0  17.7  11.7  68.0  13.7   -9.0    0.0    0.0   -9.0   -9.0   -9.0   -9.0 -9 -9 40                       2   2   63 -         -9  -9  -9   903 -9.0 -9.00 -9  13.4  15.7  15.9  14.8  13.1  -9 -9.0 -9  3  2
202504182300 108  25  2.6  -9 -9.0   -9  999.7 1009.8 -9  -9.0  17.1  11.1  68.0  13.2   -9.0    0.0    0.0   -9.0   -9.0   -9.0   -9.0 -9 -9 40                       4   4   54 -         -9  -9  -9   866 -9.0 -9.00 -9  13.3  15.2  15.5  14.7  13.2  -9 -9.0 -9  3  2
202504190000 108  14  2.0  -9 -9.0   -9  998.8 1008.8  8  -0.8  16.8  11.5  71.0  13.6   -9.0    0.0    0.0   -9.0   -9.0   -9.0   -9.0  5 22 40                       9   7   44 AcCi       1   3   0   892 -9.0 -9.00 -9  13.3  14.9  15.1  14.6  13.3  -9 -9.0 -9  3  1
202504190100 108  34  0.6  -9 -9.0   -9  999.7 1009.8 -9  -9.0  16.5  11.4  72.0  13.5   -9.0   -9.0   -9.0   -9.0   -9.0   -9.0   -9.0 -9 -9 40                       8   1    9 -         -9  -9  -9   790 -9.0 -9.00 -9  13.3  14.6  14.9  14.5  13.3  -9 -9.0 -9  3  2
202504190200 108  25  1.3  -9 -9.0   -9  999.2 1009.3 -9  -9.0  16.5  12.4  77.0  14.4   -9.0   -9.0   -9.0   -9.0   -9.0   -9.0   -9.0 -9 -9 40                       8   6   13 -         -9  -9  -9   738 -9.0 -9.00 -9  13.9  14.4  14.7  14.4  13.3  -9 -9.0 -9  3  2
202504190300 108  27  1.2  -9 -9.0   -9  999.4 1009.5  0   0.7  16.4  12.5  78.0  14.5   -9.0   -9.0   -9.0   -9.0   -9.0   -9.0   -9.0  5 22 40                       9   3   18 ScAc       0   3   5   628 -9.0 -9.00 -9  13.8  14.3  14.6  14.3  13.3  -9 -9.0 -9  3  1
202504190400 108  25  2.5  -9 -9.0   -9  999.5 1009.6 -9  -9.0  16.1  12.6  80.0  14.6   -9.0   -9.0   -9.0   -9.0   -9.0   -9.0   -9.0 10 22 4019                    10   7    6 ScAs      -9   2   5   526 -9.0 -9.00 -9  13.6  14.2  14.4  14.2  13.3  -9 -9.0 -9  3  1
202504190500 108   0  0.4  -9 -9.0   -9  999.0 1009.1 -9  -9.0  16.0  13.6  86.0  15.6    0.0    0.0    0.0   -9.0   -9.0   -9.0   -9.0 50 52 1902                    10  10    2 St        -9  -9   7   165 -9.0 -9.00 -9  14.0  14.0  14.3  14.1  13.2  -9 -9.0 -9  4  1
202504190600 108   2  1.9  -9 -9.0   -9  999.0 1009.1  6  -0.4  15.8  14.3  91.0  16.3    0.3    0.3    0.3   -9.0   -9.0   -9.0   -9.0 61 65 19160201                10   9    2 StNs      -9   2   7    66  0.0  0.00 -9  14.1  13.9  14.3  14.0  13.2  -9 -9.0 -9  4  1
202504190700 108   2  2.0  -9 -9.0   -9  998.5 1008.6 -9  -9.0  16.0  14.8  93.0  16.8    0.2    0.5    0.5   -9.0   -9.0   -9.0   -9.0 61 64 191601                  10   7    2 StNs      -9   2   7   101  0.0  0.02 -9  14.4  13.9  14.2  13.8  13.1  -9 -9.0 -9  4  1
202504190800 108   2  1.2  -9 -9.0   -9  998.1 1008.2 -9  -9.0  16.4  15.5  95.0  17.6    0.2    0.7    0.7   -9.0   -9.0   -9.0   -9.0 61 66 1901                    10   8    2 StNs      -9   2   7   142  0.0  0.05 -9  14.9  13.8  14.2  13.8  13.1  -9 -9.0 -9  4  1
202504190900 108  18  2.9  -9 -9.0   -9  997.2 1007.2  7  -1.9  17.9  16.9  94.0  19.2    0.3    1.0    1.0   -9.0   -9.0   -9.0   -9.0 61 65 1901                    10   9    2 StNs      -9   2   7   911  0.0  0.13 -9  16.2  13.9  14.3  13.7  13.0  -9 -9.0 -9  1  1
202504191000 108  18  6.3  20 11.0  959  997.2 1007.2 -9  -9.0  18.6  16.3  87.0  18.5    0.1    1.1    1.1   -9.0   -9.0   -9.0   -9.0 21 62 1901                    10   9    3 StNs      -9   2   7  2430  0.0  0.16 -9  16.4  14.1  14.4  13.6  12.9  -9 -9.0 -9  4  1
202504191100 108  18  5.7  18 13.0 1042  997.2 1007.1 -9  -9.0  19.3  15.5  79.0  17.6   -9.0    1.1    1.1   -9.0   -9.0   -9.0   -9.0 -9 -9 -                       10   8    5 ScAs      -9   2   5  3490  0.0  0.48 -9  18.8  14.2  14.6  13.6  12.9  -9 -9.0 -9  3  2
202504191200 108  18  7.0  18 15.0 1156  996.3 1006.2  7  -1.0  19.6  15.6  78.0  17.7    0.0    1.1    1.1   -9.0   -9.0   -9.0   -9.0 60 62 01                      10   9    6 ScAs      -9   2   5  3032  0.0  0.64 -9  18.3  14.6  14.9  13.6  12.9  -9 -9.0 -9  4  1
202504191300 108  18  5.8  18 14.0 1211  995.5 1005.4 -9  -9.0  19.8  15.6  77.0  17.7    0.0    1.1    1.1   -9.0   -9.0   -9.0   -9.0 21 62 01                      10   8    6 ScAs      -9   2   5  3319  0.0  0.54 -9  18.9  14.7  15.1  13.6  12.9  -9 -9.0 -9  4  1
202504191400 108  20  5.6  18 14.0 1317  995.3 1005.2 -9  -9.0  19.9  15.9  78.0  18.1    0.0    1.1    1.1   -9.0   -9.0   -9.0   -9.0 61 62 01                      10   9    4 StNs      -9   2   7  3149  0.0  0.33 -9  17.1  15.0  15.3  13.7  12.8  -9 -9.0 -9  4  1
202504191500 108  27  4.9  18 15.0 1156  995.3 1005.4  5  -0.8  15.5  14.0  91.0  16.0    1.6    2.7    2.7   -9.0   -9.0   -9.0   -9.0 61 66 1901                    10   9    2 StNs      -9   2   7   569  0.0  0.17 -9  15.4  15.0  15.1  13.4  12.6  -9 -9.0 -9  4  1
202504191600 108  25  4.2  -9 -9.0   -9  995.4 1005.5 -9  -9.0  15.2  14.3  95.0  16.3    2.0    4.7    4.7   -9.0   -9.0   -9.0   -9.0 61 66 1901                    10   9    2 StNs      -9   2   7   355  0.0  0.18 -9  15.2  14.7  15.0  13.7  12.8  -9 -9.0 -9  4  1
202504191700 108  25  3.8  -9 -9.0   -9  995.3 1005.4 -9  -9.0  14.6  13.6  94.0  15.6    0.9    5.6    5.6   -9.0   -9.0   -9.0   -9.0 61 66 1901                    10   7    3 StNs      -9   2   7   654  0.0  0.15 -9  14.5  14.6  14.8  13.7  12.9  -9 -9.0 -9  4  1
202504191800 108  25  3.3  -9 -9.0   -9  996.7 1006.9  2   1.5  12.8  11.8  94.0  13.8    0.7    6.3    6.3   -9.0   -9.0   -9.0   -9.0 91 96 1901                    10   9    2 StNs      -9   2   7   320  0.0  0.04 -9  12.8  14.2  14.6  13.6  12.7  -9 -9.0 -9  4  1
202504191900 108  25  1.9  -9 -9.0   -9  997.0 1007.2 -9  -9.0  12.4  11.2  93.0  13.3    2.9    9.2    9.2   -9.0   -9.0   -9.0   -9.0 51 65 190201                  10  10    2 St        -9  -9   7   725  0.0  0.04 -9  12.6  13.8  14.2  13.6  12.8  -9 -9.0 -9  4  1
202504192000 108  25  1.2  -9 -9.0   -9  997.7 1007.9 -9  -9.0  12.4  11.4  94.0  13.5    0.0    9.2    9.2   -9.0   -9.0   -9.0   -9.0 20 52 1902                    10  10    2 St        -9  -9   6   676  0.0  0.00 -9  12.5  13.5  13.9  13.6  12.8  -9 -9.0 -9  4  1
202504192100 108  27  2.1  -9 -9.0   -9  998.4 1008.6  2   1.7  12.4  11.4  94.0  13.5   -9.0    9.2    9.2   -9.0   -9.0   -9.0   -9.0 10 96 19                      10  10    2 St        -9  -9   6   411 -9.0 -9.00 -9  12.4  13.3  13.7  13.5  12.8  -9 -9.0 -9  3  1
202504192200 108  29  1.5  -9 -9.0   -9  998.8 1009.0 -9  -9.0  12.6  11.8  95.0  13.8   -9.0    9.2    9.2   -9.0   -9.0   -9.0   -9.0 -9 -9 19                      10   4    1 -         -9  -9  -9   567 -9.0 -9.00 -9  12.3  13.1  13.6  13.4  12.8  -9 -9.0 -9  3  2
202504192300 108  27  2.2  -9 -9.0   -9  999.1 1009.3 -9  -9.0  12.6  11.8  95.0  13.8   -9.0    9.2    9.2   -9.0   -9.0   -9.0   -9.0 -9 -9 19                      10  10    5 -         -9  -9  -9   578 -9.0 -9.00 -9  11.9  13.0  13.4  13.3  12.7  -9 -9.0 -9  3  2
202504200000 108  27  1.2  -9 -9.0   -9  999.1 1009.3  1   0.7  12.2  11.0  93.0  13.1   -9.0    9.2    9.2   -9.0   -9.0   -9.0   -9.0 10  0 19                       0   0   -9 -         -9  -9  -9   736 -9.0 -9.00 -9  10.4  13.0  13.2  13.1  12.6  -9 -9.0 -9  3  1
202504200100 108  27  1.0  -9 -9.0   -9  999.4 1009.7 -9  -9.0  11.6  10.5  93.0  12.7   -9.0   -9.0   -9.0   -9.0   -9.0   -9.0   -9.0 -9 -9 19                       0   0   -9 -         -9  -9  -9   651 -9.0 -9.00 -9   9.5  12.7  13.0  13.2  12.7  -9 -9.0 -9  3  2
202504200200 108  29  1.3  -9 -9.0   -9  999.2 1009.5 -9  -9.0  11.2  10.2  94.0  12.4   -9.0   -9.0   -9.0   -9.0   -9.0   -9.0   -9.0 -9 -9 19                       0   0   -9 -         -9  -9  -9   409 -9.0 -9.00 -9   9.0  12.3  12.7  13.2  12.8  -9 -9.0 -9  3  2
202504200300 108  27  2.2  -9 -9.0   -9  999.6 1009.9  2   0.6  10.6   9.8  95.0  12.1   -9.0   -9.0   -9.0   -9.0   -9.0   -9.0   -9.0 10  0 19                       2   2    7 Sc         0   0   5   423 -9.0 -9.00 -9   8.6  12.0  12.4  13.1  12.8  -9 -9.0 -9  3  1
202504200400 108  25  1.4  -9 -9.0   -9  999.6 1009.9 -9  -9.0  10.1   9.0  93.0  11.5   -9.0   -9.0   -9.0   -9.0   -9.0   -9.0   -9.0 10  0 19                       0   0   -9 -         -9  -9  -9   556 -9.0 -9.00 -9   8.0  11.7  12.1  13.0  12.7  -9 -9.0 -9  3  1
202504200500 108  32  0.6  -9 -9.0   -9  999.9 1010.2 -9  -9.0   9.7   8.7  94.0  11.2   -9.0   -9.0   -9.0   -9.0   -9.0   -9.0   -9.0 10  0 19                       0   0   -9 -         -9  -9  -9   632 -9.0 -9.00 -9   7.5  11.4  11.8  12.8  12.7  -9 -9.0 -9  3  1
202504200600 108   7  0.7  -9 -9.0   -9 1000.4 1010.8  2   0.9   9.5   8.5  94.0  11.1   -9.0   -9.0   -9.0   -9.0   -9.0   -9.0   -9.0 10  0 19                       6   6    6 Sc         0   0   5   731  0.0  0.00 -9   7.7  10.8  11.5  12.7  12.6  -9 -9.0 -9  3  1
202504200700 108  27  0.8  -9 -9.0   -9 1001.2 1011.5 -9  -9.0  10.2   9.5  96.0  11.9   -9.0   -9.0   -9.0   -9.0   -9.0   -9.0   -9.0 10  0 19                       5   5    7 Sc         0   0   5   514  0.0  0.13 -9   9.1  10.7  11.3  12.5  12.6  -9 -9.0 -9  3  1
202504200800 108  27  2.0  -9 -9.0   -9 1002.2 1012.5 -9  -9.0  11.4  10.6  95.0  12.8   -9.0   -9.0   -9.0   -9.0   -9.0   -9.0   -9.0 10  0 19                       4   4   10 Sc         0   0   5   736  1.0  0.83 -9  14.7  11.8  11.5  12.6  12.7  -9 -9.0 -9  3  1
202504200900 108  25  2.1  -9 -9.0   -9 1002.6 1012.9  2   2.1  12.9  11.1  89.0  13.2   -9.0   -9.0   -9.0   -9.0   -9.0   -9.0   -9.0 -9 -9 19                       4   4    6 Sc         0   0   5  1096  0.8  1.41 -9  17.5  12.6  11.9  12.6  12.8  -9 -9.0 -9  3  2
202504201000 108  11  1.4  -9 -9.0   -9 1003.1 1013.2 -9  -9.0  15.8  11.7  77.0  13.7   -9.0   -9.0   -9.0   -9.0   -9.0   -9.0   -9.0 -9 -9 -                        1   1   10 Sc         0   0   5  1747  1.0  2.39 -9  25.6  13.5  12.7  12.6  12.8  -9 -9.0 -9  3  2
202504201100 108   5  2.9  -9 -9.0   -9 1002.4 1012.5 -9  -9.0  17.9  11.6  67.0  13.7   -9.0   -9.0   -9.0   -9.0   -9.0   -9.0   -9.0 -9 -9 -                        2   2    8 Sc         0   0   5  2256  1.0  2.97 -9  28.1  14.8  13.7  12.4  12.5  -9 -9.0 -9  3  2
202504201200 108   7  2.1  -9 -9.0   -9 1002.2 1012.2  8  -0.7  19.3  11.0  59.0  13.1   -9.0   -9.0   -9.0   -9.0   -9.0   -9.0   -9.0 -9 -9 -                        0   0   -9 -         -9  -9  -9  2530  1.0  3.48 -9  31.7  16.1  15.0  12.6  12.5  -9 -9.0 -9  3  2
202504201300 108  16  2.6  -9 -9.0   -9 1001.9 1011.8 -9  -9.0  21.2  11.7  55.0  13.7   -9.0   -9.0   -9.0   -9.0   -9.0   -9.0   -9.0 -9 -9 -                        0   0   -9 -         -9  -9  -9  2884  1.0  3.55 -9  33.6  17.7  16.5  12.8  12.4  -9 -9.0 -9  3  2
202504201400 108  23  1.7  -9 -9.0   -9 1001.6 1011.5 -9  -9.0  22.5  12.4  53.0  14.4   -9.0   -9.0   -9.0   -9.0   -9.0   -9.0   -9.0 -9 -9 -                        0   0   -9 -         -9  -9  -9  2022  1.0  3.44 -9  34.2  19.2  17.9  13.2  12.5  -9 -9.0 -9  3  2
202504201500 108  23  2.1  -9 -9.0   -9 1001.3 1011.1  7  -1.1  23.4  12.3  50.0  14.3   -9.0   -9.0   -9.0   -9.0   -9.0   -9.0   -9.0 -9 -9 -                        2   0   -9 Ci         1   0   0  2328  1.0  3.04 -9  32.2  20.1  18.9  13.6  12.5  -9 -9.0 -9  3  2
202504201600 108  23  2.2  -9 -9.0   -9 1000.3 1010.1 -9  -9.0  23.7  12.0  48.0  14.0   -9.0   -9.0   -9.0   -9.0   -9.0   -9.0   -9.0 -9 -9 -                        0   0   -9 -         -9  -9  -9  2828  1.0  2.39 -9  30.7  20.5  19.5  14.1  12.7  -9 -9.0 -9  3  2
202504201700 108  29  2.0  -9 -9.0   -9 1000.7 1010.5 -9  -9.0  24.0  11.9  47.0  13.9   -9.0   -9.0   -9.0   -9.0   -9.0   -9.0   -9.0 -9 -9 -                        0   0   -9 -         -9  -9  -9  2500  1.0  1.80 -9  26.6  20.6  19.6  14.6  12.9  -9 -9.0 -9  3  2
202504201800 108  25  2.3  -9 -9.0   -9 1001.1 1010.9  5  -0.2  23.4  11.4  47.0  13.5   -9.0   -9.0   -9.0   -9.0   -9.0   -9.0   -9.0 -9 -9 -                        0   0   -9 -         -9  -9  -9  3627  1.0  0.98 -9  21.1  20.3  19.3  15.1  13.1  -9 -9.0 -9  3  2
202504201900 108  32  2.0  -9 -9.0   -9 1001.7 1011.6 -9  -9.0  21.7   9.8  47.0  12.1   -9.0   -9.0   -9.0   -9.0   -9.0   -9.0   -9.0 -9 -9 -                        0   0   -9 -         -9  -9  -9  4104  0.8  0.32 -9  17.9  19.6  18.1  13.9  11.8  -9 -9.0 -9  3 -9
202504202000 108  27  1.9  -9 -9.0   -9 1002.4 1012.4 -9  -9.0  19.7  10.9  57.0  13.0   -9.0   -9.0   -9.0   -9.0   -9.0   -9.0   -9.0 -9 -9 -                        0   0   -9 -         -9  -9  -9  3378  0.0  0.01 -9  15.8  18.8  17.1  13.6  11.6  -9 -9.0 -9  3 -9
202504202100 108  27  1.4  -9 -9.0   -9 1003.1 1013.1  2   2.2  18.7   9.9  57.0  12.2   -9.0   -9.0   -9.0   -9.0   -9.0   -9.0   -9.0 -9 -9 -                        0   0   -9 -         -9  -9  -9  3690 -9.0 -9.00 -9  14.6  18.0  16.4  13.8  11.8  -9 -9.0 -9  3  2
202504202200 108  29  1.3  -9 -9.0   -9 1003.7 1013.8 -9  -9.0  17.7  10.0  61.0  12.3   -9.0   -9.0   -9.0   -9.0   -9.0   -9.0   -9.0 -9 -9 -                        0   0   -9 -         -9  -9  -9  3690 -9.0 -9.00 -9  13.8  17.3  15.7  13.6  11.8  -9 -9.0 -9  3 -9
202504202300 108  25  1.1  -9 -9.0   -9 1003.8 1013.9 -9  -9.0  16.7  10.0  65.0  12.3   -9.0   -9.0   -9.0   -9.0   -9.0   -9.0   -9.0 -9 -9 -                        0   0   -9 -         -9  -9  -9  3573 -9.0 -9.00 -9  13.0  16.6  16.2  15.6  14.0  -9 -9.0 -9  3 -9
202504210000 108  18  0.6  -9 -9.0   -9 1003.9 1014.0  2   0.9  15.9  10.2  69.0  12.4   -9.0   -9.0   -9.0   -9.0   -9.0   -9.0   -9.0 -9 -9 -                        3   0   -9 Ci         1   0   0  3207 -9.0 -9.00 -9  12.6  16.1  15.7  15.5  14.1  -9 -9.0 -9  3  2
202504210100 108   5  1.3  -9 -9.0   -9 1004.2 1014.4 -9  -9.0  15.3   9.8  70.0  12.1   -9.0   -9.0   -9.0   -9.0   -9.0   -9.0   -9.0 -9 -9 -                        0   0   -9 -         -9  -9  -9  3219 -9.0 -9.00 -9  12.1  15.6  15.2  15.4  14.2  -9 -9.0 -9  3 -9
202504210200 108   7  2.7  -9 -9.0   -9 1004.0 1014.2 -9  -9.0  14.7  10.1  74.0  12.4   -9.0   -9.0   -9.0   -9.0   -9.0   -9.0   -9.0 -9 -9 -                        0   0   -9 -         -9  -9  -9  2729 -9.0 -9.00 -9  11.6  15.2  14.9  15.2  14.2  -9 -9.0 -9  3 -9
202504210300 108   7  2.0  -9 -9.0   -9 1004.3 1014.5  2   0.5  14.5  10.3  76.0  12.5   -9.0   -9.0   -9.0   -9.0   -9.0   -9.0   -9.0 -9 -9 -                        3   0   -9 Ci         1   0   0  2022 -9.0 -9.00 -9  11.3  14.9  14.5  15.1  14.2  -9 -9.0 -9  3  2
202504210400 108   7  1.9  -9 -9.0   -9 1004.7 1014.9 -9  -9.0  14.4  10.6  78.0  12.8   -9.0   -9.0   -9.0   -9.0   -9.0   -9.0   -9.0 -9 -9 -                        6   0   -9 Ci         1   0   0  2105 -9.0 -9.00 -9  11.4  14.6  14.2  14.9  14.2  -9 -9.0 -9  3  2
202504210500 108   5  2.4  -9 -9.0   -9 1004.9 1015.1 -9  -9.0  14.3  10.8  80.0  12.9   -9.0   -9.0   -9.0   -9.0   -9.0   -9.0   -9.0 -9 -9 -                        0   0   -9 -         -9  -9  -9  1885 -9.0 -9.00 -9  11.1  14.3  14.0  14.7  14.1  -9 -9.0 -9  3  2
202504210600 108   7  2.6  -9 -9.0   -9 1004.8 1015.0  0   0.5  14.3  11.4  83.0  13.5   -9.0   -9.0   -9.0   -9.0   -9.0   -9.0   -9.0 -9 -9 -                        4   1   10 ScCi       1   0   5  1885  0.0  0.00 -9  11.1  14.1  13.8  14.6  14.1  -9 -9.0 -9  3  2
202504210700 108   5  2.2  -9 -9.0   -9 1005.4 1015.6 -9  -9.0  14.6  11.7  83.0  13.7   -9.0   -9.0   -9.0   -9.0   -9.0   -9.0   -9.0 -9 -9 -                        5   2   10 ScCi       1   0   5  1935  0.0  0.15 -9  12.2  14.0  13.6  14.4  14.0  -9 -9.0 -9  3  2
202504210800 108   5  1.9  -9 -9.0   -9 1005.6 1015.7 -9  -9.0  16.4  12.5  78.0  14.5   -9.0   -9.0   -9.0   -9.0   -9.0   -9.0   -9.0 -9 -9 -                        7   7    8 Sc         0   0   5  1802  0.7  0.59 -9  15.9  14.1  13.2  13.4  13.0  -9 -9.0 -9  3  2
202504210900 108   7  1.6  -9 -9.0   -9 1005.7 1015.8  2   0.8  18.3  12.7  70.0  14.7   -9.0   -9.0   -9.0   -9.0   -9.0   -9.0   -9.0 -9 -9 -                        4   4    7 Sc         0   0   5  1737  0.2  1.12 -9  20.0  14.7  13.6  13.3  13.0  -9 -9.0 -9  3  2
202504211000 108   9  1.2  -9 -9.0   -9 1005.5 1015.5 -9  -9.0  20.3  13.2  64.0  15.2   -9.0   -9.0   -9.0   -9.0   -9.0   -9.0   -9.0 -9 -9 -                        2   2   11 Sc         0   0   5  2235  0.7  1.99 -9  24.7  15.7  14.4  13.4  13.1  -9 -9.0 -9  3  2
202504211100 108   7  1.9  -9 -9.0   -9 1004.7 1014.6 -9  -9.0  22.6  14.6  61.0  16.6   -9.0   -9.0   -9.0   -9.0   -9.0   -9.0   -9.0 -9 -9 -                        1   1   10 Sc         0   0   5  2125  1.0  2.88 -9  31.2  17.0  15.3  13.1  12.7  -9 -9.0 -9  3  2
202504211200 108  16  1.8  -9 -9.0   -9 1003.9 1013.7  7  -2.1  24.0  14.6  56.0  16.6   -9.0   -9.0   -9.0   -9.0   -9.0   -9.0   -9.0 -9 -9 -                        6   6   12 Sc         0   0   5  2395  0.9  3.25 -9  33.2  18.6  16.6  13.0  12.3  -9 -9.0 -9  3  2
202504211300 108  20  2.6  -9 -9.0   -9 1002.8 1012.6 -9  -9.0  24.7  14.1  52.0  16.1   -9.0   -9.0   -9.0   -9.0   -9.0   -9.0   -9.0 -9 -9 -                        7   7   13 Sc         0   0   5  2436  0.5  2.44 -9  29.2  19.8  17.8  13.1  12.3  -9 -9.0 -9  3  2
202504211400 108  20  3.4  -9 -9.0   -9 1002.3 1012.0 -9  -9.0  26.2  12.6  43.0  14.6   -9.0   -9.0   -9.0   -9.0   -9.0   -9.0   -9.0 -9 -9 -                        3   3   16 Sc         0   0   5  3835  0.8  3.14 -9  34.8  20.7  18.5  13.3  12.2  -9 -9.0 -9  3  2
202504211500 108  23  2.6  -9 -9.0   -9 1001.6 1011.3  7  -2.4  27.0  12.9  42.0  14.9   -9.0   -9.0   -9.0   -9.0   -9.0   -9.0   -9.0 -9 -9 -                        6   6   16 Sc         0   0   5  2427  0.9  3.11 -9  34.6  21.7  19.6  13.7  12.2  -9 -9.0 -9  3  2
202504211600 108  23  2.3  -9 -9.0   -9 1001.3 1011.0 -9  -9.0  26.7  13.0  43.0  15.0   -9.0   -9.0   -9.0   -9.0   -9.0   -9.0   -9.0 -9 -9 -                        6   6   18 Sc         0   0   5  3720  0.6  2.02 -9  28.8  22.2  20.1  14.1  12.4  -9 -9.0 -9  3  2
202504211700 108  23  3.2  -9 -9.0   -9 1001.0 1010.7 -9  -9.0  26.4  14.1  47.0  16.1   -9.0   -9.0   -9.0   -9.0   -9.0   -9.0   -9.0 -9 -9 -                        4   4   16 Sc         0   0   5  3036  0.5  1.17 -9  26.5  21.9  20.1  14.5  12.6  -9 -9.0 -9  3  2
202504211800 108  23  1.7  -9 -9.0   -9 1000.4 1010.1  7  -1.2  25.5  13.9  49.0  15.9   -9.0   -9.0   -9.0   -9.0   -9.0   -9.0   -9.0 -9 -9 -                        4   4   15 Sc         0   0   5  3010  0.6  0.65 -9  22.5  21.6  19.8  14.6  12.5  -9 -9.0 -9  3  2
202504211900 108  27  4.4  -9 -9.0   -9 1000.7 1010.5 -9  -9.0  23.6  15.1  59.0  17.2   -9.0   -9.0   -9.0   -9.0   -9.0   -9.0   -9.0 -9 -9 -                        6   2   20 -         -9  -9  -9  2096  0.3  0.26 -9  20.4  21.1  19.3  14.9  12.6  -9 -9.0 -9  3 -9
202504212000 108  27  2.7  -9 -9.0   -9 1000.8 1010.7 -9  -9.0  22.1  15.6  67.0  17.7   -9.0   -9.0   -9.0   -9.0   -9.0   -9.0   -9.0 -9 -9 -                        6   6   21 -         -9  -9  -9  2064  0.0  0.01 -9  18.9  20.4  18.6  14.8  12.6  -9 -9.0 -9  3 -9
202504212100 108  27  2.3  -9 -9.0   -9 1000.8 1010.7  1   0.6  21.4  15.6  70.0  17.7   -9.0   -9.0   -9.0   -9.0   -9.0   -9.0   -9.0 -9 -9 -                        5   5   17 Sc         0   0   5  2449 -9.0 -9.00 -9  18.2  19.7  18.1  15.0  12.8  -9 -9.0 -9  3  2
202504212200 108  27  1.8  -9 -9.0   -9 1000.6 1010.5 -9  -9.0  20.8  15.7  73.0  17.8   -9.0   -9.0   -9.0   -9.0   -9.0   -9.0   -9.0 -9 -9 -                        0   0   -9 -         -9  -9  -9  2144 -9.0 -9.00 -9  17.3  19.2  17.7  15.1  13.1  -9 -9.0 -9  3 -9
202504212300 108  25  2.5  -9 -9.0   -9 1000.5 1010.4 -9  -9.0  20.6  15.7  74.0  17.8   -9.0   -9.0   -9.0   -9.0   -9.0   -9.0   -9.0 -9 -9 -                        8   3   15 -         -9  -9  -9  1833 -9.0 -9.00 -9  17.6  18.8  17.3  15.0  13.2  -9 -9.0 -9  3 -9
202504220000 108  25  1.0  -9 -9.0   -9 1000.1 1010.0  7  -0.7  20.4  16.0  76.0  18.2   -9.0   -9.0   -9.0   -9.0   -9.0   -9.0   -9.0 -9 -9 -                        8   8   16 Sc         0   0   5  1749 -9.0 -9.00 -9  17.5  18.5  17.0  15.0  13.3  -9 -9.0 -9  3  2
202504220100 108  27  1.5  -9 -9.0   -9 1000.0 1009.9 -9  -9.0  20.3  15.9  76.0  18.1   -9.0   -9.0   -9.0   -9.0   -9.0   -9.0   -9.0 -9 -9 -                       10   9   10 -         -9  -9  -9  1849 -9.0 -9.00 -9  17.6  18.3  16.8  14.9  13.3  -9 -9.0 -9  3 -9
202504220200 108  27  1.0  -9 -9.0   -9  999.1 1009.0 -9  -9.0  20.1  15.9  77.0  18.1    0.0    0.0    0.0   -9.0   -9.0   -9.0   -9.0 60 62 01                      10   9    8 ScAs      -9   2   5  1030 -9.0 -9.00 -9  17.6  18.1  16.7  14.9  13.4  -9 -9.0 -9  4  1
202504220300 108  32  1.1  -9 -9.0   -9  998.5 1008.4  7  -1.6  19.8  16.2  80.0  18.4    0.0    0.0    0.0   -9.0   -9.0   -9.0   -9.0 21 62 01                      10   3   14 ScAs      -9   2   5  1158 -9.0 -9.00 -9  17.4  18.0  16.5  14.8  13.4  -9 -9.0 -9  4  1
202504220400 108  36  0.9  -9 -9.0   -9  997.7 1007.6 -9  -9.0  19.6  16.0  80.0  18.2    0.0    0.0    0.0   -9.0   -9.0   -9.0   -9.0 21 62 01                      10   8   10 ScAs      -9   2   5  1153 -9.0 -9.00 -9  17.3  17.8  16.4  14.7  13.4  -9 -9.0 -9  4  1
202504220500 108  36  1.4  -9 -9.0   -9  996.9 1006.8 -9  -9.0  19.6  16.2  81.0  18.4    0.0    0.0    0.0   -9.0   -9.0   -9.0   -9.0 21 62 01                      10   8    8 ScAs      -9   2   5  1053 -9.0 -9.00 -9  17.3  17.7  16.3  14.7  13.4  -9 -9.0 -9  4  1
202504220600 108   2  1.1  -9 -9.0   -9  996.3 1006.2  7  -2.2  19.2  17.3  89.0  19.7    0.8    0.8    0.8   -9.0   -9.0   -9.0   -9.0 60 62 1901                    10   9    5 ScAs      -9   2   5   504  0.0  0.00 -9  17.2  17.6  16.2  14.6  13.4  -9 -9.0 -9  4  1
202504220700 108   2  0.7  -9 -9.0   -9  996.6 1006.6 -9  -9.0  18.9  17.5  92.0  20.0    8.2    9.0    9.0   -9.0   -9.0   -9.0   -9.0 63 66 1901                    10   9    4 StNs      -9   2   7   140  0.0  0.00 -9  17.1  17.4  16.1  14.5  13.4  -9 -9.0 -9  4  1
202504220800 108   9  1.4  -9 -9.0   -9  996.3 1006.3 -9  -9.0  18.7  17.3  92.0  19.7    1.7   10.7   10.7   -9.0   -9.0   -9.0   -9.0 61 66 1901                    10   8    2 StNs      -9   2   7   366  0.0  0.05 -9  17.4  17.3  16.0  14.4  13.3  -9 -9.0 -9  4  1
202504220900 108   9  1.3  -9 -9.0   -9  996.0 1006.0  8  -0.2  18.7  17.3  92.0  19.7    0.5   11.2   11.2   -9.0   -9.0   -9.0   -9.0 61 66 1901                    10   8    6 StNs      -9   2   7   508  0.0  0.15 -9  17.8  17.3  15.9  14.4  13.3  -9 -9.0 -9  1  1
202504221000 108   5  1.0  -9 -9.0   -9  995.6 1005.6 -9  -9.0  18.6  17.6  94.0  20.1    4.6   15.8   15.8   -9.0   -9.0   -9.0   -9.0 63 66 1901                    10   9    2 StNs      -9   2   7   301  0.0  0.11 -9  17.7  17.4  16.0  14.3  13.3  -9 -9.0 -9  4  1
202504221100 108  23  0.6  -9 -9.0   -9  995.1 1005.0 -9  -9.0  18.8  17.6  93.0  20.1    2.1   17.9   17.9   -9.0   -9.0   -9.0   -9.0 61 66 1901                    10   8    3 StNs      -9   2   7   335  0.0  0.22 -9  18.4  17.4  16.0  14.3  13.3  -9 -9.0 -9  4  1
202504221200 108  20  1.6  -9 -9.0   -9  994.5 1004.4  7  -1.6  18.8  17.6  93.0  20.1    5.4   23.3   23.3   -9.0   -9.0   -9.0   -9.0 63 66 1901                    10   9    3 StNs      -9   2   7   194  0.0  0.21 -9  18.1  17.5  16.1  14.2  13.3  -9 -9.0 -9  4  1
202504221300 108  27  1.5  -9 -9.0   -9  993.8 1003.8 -9  -9.0  17.6  16.4  93.0  18.6    5.0   28.3   28.3   -9.0   -9.0   -9.0   -9.0 63 66 1901                    10   9    6 StNs      -9   2   7   595  0.0  0.29 -9  18.5  17.6  16.1  14.3  13.3  -9 -9.0 -9  4  1
202504221400 108  29  2.4  -9 -9.0   -9  993.2 1003.2 -9  -9.0  17.2  16.2  94.0  18.4    3.4   31.7   31.7   -9.0   -9.0   -9.0   -9.0 63 66 1901                    10   9    3 StNs      -9   2   7   780  0.0  0.43 -9  18.0  17.6  16.1  14.3  13.3  -9 -9.0 -9  4  1
202504221500 108   0  0.4  -9 -9.0   -9  992.4 1002.4  7  -2.0  17.7  16.7  94.0  19.0    2.1   33.8   33.8   -9.0   -9.0   -9.0   -9.0 61 66 1901                    10   9    3 StNs      -9   2   7  1799  0.0  0.38 -9  19.0  17.6  16.9  15.9  15.1  -9 -9.0 -9  4  1
202504221600 108   7  2.0  -9 -9.0   -9  991.8 1001.7 -9  -9.0  18.0  16.6  92.0  18.9    1.0   34.8   34.8   -9.0   -9.0   -9.0   -9.0 21 62 01                      10   8    3 StAs      -9   2   6  3177  0.0  0.47 -9  19.8  17.7  17.0  15.9  15.1  -9 -9.0 -9  4  1
202504221700 108  34  1.2  -9 -9.0   -9  991.8 1001.7 -9  -9.0  17.9  16.0  89.0  18.2   -9.0   34.8   34.8   -9.0   -9.0   -9.0   -9.0 -9 -9 -                       10   8    3 StAs      -9   2   6  3373  0.0  0.34 -9  18.8  17.9  17.1  15.7  14.9  -9 -9.0 -9  3  2
202504221800 108  32  3.3  -9 -9.0   -9  992.2 1002.2  5  -0.2  17.5  15.6  89.0  17.7   -9.0   34.8   34.8   -9.0   -9.0   -9.0   -9.0 -9 62 -                        9   9    6 Sc         0   0   5  3289  0.0  0.34 -9  18.3  17.9  16.3  14.2  13.2  -9 -9.0 -9  3  1
202504221900 108  32  3.2  -9 -9.0   -9  992.5 1002.5 -9  -9.0  17.2  15.0  87.0  17.0   -9.0   34.8   34.8   -9.0   -9.0   -9.0   -9.0 -9 -9 -                       10  10    6 -         -9  -9  -9  3880  0.0  0.12 -9  16.9  17.8  16.2  14.3  13.4  -9 -9.0 -9  3 -9
202504222000 108  32  1.5  -9 -9.0   -9  993.1 1003.1 -9  -9.0  17.0  14.2  84.0  16.2   -9.0   34.8   34.8   -9.0   -9.0   -9.0   -9.0 -9 -9 -                        2   2    7 -         -9  -9  -9  4172  0.0  0.01 -9  16.4  17.5  16.0  14.3  13.3  -9 -9.0 -9  3 -9
202504222100 108  25  1.4  -9 -9.0   -9  993.5 1003.5  2   1.3  16.3  13.7  85.0  15.7   -9.0   34.8   34.8   -9.0   -9.0   -9.0   -9.0 -9 -9 -                        0   0   -9 -         -9  -9  -9  3779 -9.0 -9.00 -9  14.5  17.2  15.5  13.8  12.8  -9 -9.0 -9  3  2
202504222200 108  25  0.9  -9 -9.0   -9  993.8 1003.9 -9  -9.0  15.7  13.7  88.0  15.7   -9.0   34.8   34.8   -9.0   -9.0   -9.0   -9.0 -9 -9 -                        0   0   -9 -         -9  -9  -9  2855 -9.0 -9.00 -9  13.5  16.8  15.1  13.7  12.8  -9 -9.0 -9  3 -9
202504222300 108   5  1.0  -9 -9.0   -9  994.1 1004.2 -9  -9.0  15.2  13.2  88.0  15.2   -9.0   34.8   34.8   -9.0   -9.0   -9.0   -9.0 -9 -9 -                        0   0   -9 -         -9  -9  -9  3633 -9.0 -9.00 -9  13.0  16.4  14.7  13.6  12.7  -9 -9.0 -9  3 -9
202504230000 108   5  2.7  -9 -9.0   -9  994.9 1005.0  2   1.5  14.2  10.7  80.0  12.9   -9.0   34.8   34.8   -9.0   -9.0   -9.0   -9.0 -9 -9 -                        0   0   -9 -         -9  -9  -9  4119 -9.0 -9.00 -9  12.3  16.0  14.4  13.5  12.7  -9 -9.0 -9  3  2
202504230100 108   5  2.0  -9 -9.0   -9  995.0 1005.2 -9  -9.0  13.4  10.3  82.0  12.5   -9.0   -9.0   -9.0   -9.0   -9.0   -9.0   -9.0 -9 -9 -                        0   0   -9 -         -9  -9  -9  4462 -9.0 -9.00 -9  11.5  15.6  14.1  13.4  12.7  -9 -9.0 -9  3 -9
202504230200 108   5  2.8  -9 -9.0   -9  994.8 1005.0 -9  -9.0  12.7   9.8  83.0  12.1   -9.0   -9.0   -9.0   -9.0   -9.0   -9.0   -9.0 -9 -9 -                        0   0   -9 -         -9  -9  -9  4608 -9.0 -9.00 -9  11.0  15.2  13.7  13.3  12.7  -9 -9.0 -9  3 -9
202504230300 108   5  3.7  -9 -9.0   -9  994.7 1004.9  8  -0.1  12.4   9.7  84.0  12.0   -9.0   -9.0   -9.0   -9.0   -9.0   -9.0   -9.0 -9 -9 -                        0   0   -9 -         -9  -9  -9  4398 -9.0 -9.00 -9  10.6  14.9  13.4  13.2  12.7  -9 -9.0 -9  3  2
202504230400 108   2  1.1  -9 -9.0   -9  996.0 1006.2 -9  -9.0  12.0   8.8  81.0  11.3   -9.0   -9.0   -9.0   -9.0   -9.0   -9.0   -9.0 -9 -9 -                        1   0   -9 Ci         1   0   0  4649 -9.0 -9.00 -9  10.1  14.6  13.1  13.1  12.7  -9 -9.0 -9  3  2
202504230500 108   5  2.1  -9 -9.0   -9  996.1 1006.3 -9  -9.0  11.5   8.8  84.0  11.3   -9.0   -9.0   -9.0   -9.0   -9.0   -9.0   -9.0 -9 -9 -                        0   0   -9 -         -9  -9  -9  4597 -9.0 -9.00 -9   9.5  14.2  12.6  12.6  12.4  -9 -9.0 -9  3  2
202504230600 108   5  2.3  -9 -9.0   -9  996.6 1006.9  2   2.0  10.9   8.8  87.0  11.3   -9.0   -9.0   -9.0   -9.0   -9.0   -9.0   -9.0 -9 -9 -                        3   0   -9 Ci         1   0   0  3956  0.0  0.00 -9   9.5  13.8  12.4  12.6  12.5  -9 -9.0 -9  3  2
202504230700 108   5  2.7  -9 -9.0   -9  996.6 1006.8 -9  -9.0  11.4   8.9  85.0  11.4   -9.0   -9.0   -9.0   -9.0   -9.0   -9.0   -9.0 -9 -9 -                        5   0   -9 Ci         1   0   0  4043  0.7  0.28 -9  10.7  13.6  13.3  14.8  14.8  -9 -9.0 -9  3  2
202504230800 108   5  3.0  -9 -9.0   -9  997.1 1007.3 -9  -9.0  13.7   9.3  75.0  11.7   -9.0   -9.0   -9.0   -9.0   -9.0   -9.0   -9.0 -9 -9 -                        7   0   -9 Ci         1   0   0  4134  1.0  0.96 -9  15.6  13.7  13.0  14.2  14.3  -9 -9.0 -9  3  2
202504230900 108   9  2.5  -9 -9.0   -9  996.8 1006.9  4   0.0  15.8   8.9  64.0  11.4   -9.0   -9.0   -9.0   -9.0   -9.0   -9.0   -9.0 -9 -9 -                        8   0   -9 Ci         1   0   0  4295  1.0  1.88 -9  20.8  14.2  13.7  14.6  14.8  -9 -9.0 -9  3  2
202504231000 108   7  2.3  -9 -9.0   -9  996.7 1006.7 -9  -9.0  17.3   9.2  59.0  11.6   -9.0   -9.0   -9.0   -9.0   -9.0   -9.0   -9.0 -9 -9 -                        9   0   -9 Ci         2   0   0  4257  0.9  2.24 -9  22.2  15.2  14.4  14.6  14.8  -9 -9.0 -9  3  2
202504231100 108   7  2.3  -9 -9.0   -9  996.1 1006.0 -9  -9.0  19.2   8.5  50.0  11.1   -9.0   -9.0   -9.0   -9.0   -9.0   -9.0   -9.0 -9 -9 -                        9   0   -9 Ci         2   0   0  4526  1.0  2.83 -9  27.4  16.3  15.3  14.5  14.6  -9 -9.0 -9  3  2
202504231200 108  11  2.5  -9 -9.0   -9  996.0 1005.9  7  -1.0  20.6   8.8  47.0  11.3   -9.0   -9.0   -9.0   -9.0   -9.0   -9.0   -9.0 -9 -9 -                        9   0   -9 Ci         1   0   0  4066  1.0  3.25 -9  31.9  17.5  16.4  14.6  14.5  -9 -9.0 -9  3  2
202504231300 108  14  1.6  -9 -9.0   -9  995.5 1005.3 -9  -9.0  21.4   8.2  43.0  10.9   -9.0   -9.0   -9.0   -9.0   -9.0   -9.0   -9.0 -9 -9 -                        8   0   -9 Cs         8   0   0  4076  1.0  3.24 -9  31.7  18.9  17.7  14.7  14.4  -9 -9.0 -9  3  2
202504231400 108  20  2.3  -9 -9.0   -9  995.4 1005.2 -9  -9.0  22.5   7.0  37.0  10.0   -9.0   -9.0   -9.0   -9.0   -9.0   -9.0   -9.0 -9 -9 -                        8   0   -9 Cs         8   0   0  3509  1.0  3.31 -9  32.6  20.1  18.9  15.0  14.4  -9 -9.0 -9  3  2
202504231500 108  25  3.4  -9 -9.0   -9  994.8 1004.6  7  -1.3  22.3  10.1  46.0  12.4   -9.0   -9.0   -9.0   -9.0   -9.0   -9.0   -9.0 -9 -9 -                        8   0   -9 Cs         8   0   0  2955  1.0  2.62 -9  29.4  20.7  19.6  15.4  14.4  -9 -9.0 -9  3  2
202504231600 108  29  3.3  -9 -9.0   -9  994.6 1004.4 -9  -9.0  22.4   9.1  43.0  11.6   -9.0   -9.0   -9.0   -9.0   -9.0   -9.0   -9.0 -9 -9 -                        1   0   -9 Ci         1   0   0  3596  1.0  2.35 -9  28.6  20.9  19.9  15.8  14.5  -9 -9.0 -9  3  2
202504231700 108  25  3.2  -9 -9.0   -9  994.7 1004.5 -9  -9.0  22.4   9.8  45.0  12.1   -9.0   -9.0   -9.0   -9.0   -9.0   -9.0   -9.0 -9 -9 -                        0   0   -9 -         -9  -9  -9  2410  1.0  1.85 -9  25.0  20.8  19.9  16.2  14.7  -9 -9.0 -9  3  2
202504231800 108  27  2.3  -9 -9.0   -9  994.7 1004.5  5  -0.1  21.9   9.4  45.0  11.8   -9.0   -9.0   -9.0   -9.0   -9.0   -9.0   -9.0 -9 -9 -                        0   0   -9 -         -9  -9  -9  2987  1.0  1.09 -9  19.5  20.5  19.6  16.5  14.9  -9 -9.0 -9  3  2
202504231900 108  25  3.0  -9 -9.0   -9  994.8 1004.7 -9  -9.0  19.7   8.9  50.0  11.4   -9.0   -9.0   -9.0   -9.0   -9.0   -9.0   -9.0 -9 -9 -                        0   0   -9 -         -9  -9  -9  4280  0.9  0.37 -9  16.6  19.9  19.1  16.6  14.9  -9 -9.0 -9  3 -9
202504232000 108  25  3.6  -9 -9.0   -9  995.5 1005.5 -9  -9.0  17.9   8.1  53.0  10.8   -9.0   -9.0   -9.0   -9.0   -9.0   -9.0   -9.0 -9 -9 -                        0   0   -9 -         -9  -9  -9  4289  0.0  0.01 -9  14.6  19.1  18.3  16.5  14.8  -9 -9.0 -9  3 -9
202504232100 108  25  3.9  -9 -9.0   -9  996.4 1006.4  2   1.9  16.5   8.1  58.0  10.8   -9.0   -9.0   -9.0   -9.0   -9.0   -9.0   -9.0 -9 -9 -                        0   0   -9 -         -9  -9  -9  4357 -9.0 -9.00 -9  13.5  18.3  17.6  16.6  15.0  -9 -9.0 -9  3  2
202504232200 108  25  1.8  -9 -9.0   -9  996.8 1006.9 -9  -9.0  15.6   8.8  64.0  11.3   -9.0   -9.0   -9.0   -9.0   -9.0   -9.0   -9.0 -9 -9 -                        0   0   -9 -         -9  -9  -9  4289 -9.0 -9.00 -9  12.7  17.6  17.0  16.6  15.2  -9 -9.0 -9  3 -9
202504232300 108  27  1.9  -9 -9.0   -9  996.9 1007.0 -9  -9.0  15.0   8.4  65.0  11.0   -9.0   -9.0   -9.0   -9.0   -9.0   -9.0   -9.0 -9 -9 -                        0   0   -9 -         -9  -9  -9  4256 -9.0 -9.00 -9  12.1  16.9  16.3  16.4  15.1  -9 -9.0 -9  3 -9
202504240000 108  32  0.5  -9 -9.0   -9  996.8 1006.9  0   0.5  14.1   8.2  68.0  10.9   -9.0   -9.0   -9.0   -9.0   -9.0   -9.0   -9.0 -9 -9 -                        0   0   -9 -         -9  -9  -9  3491 -9.0 -9.00 -9  11.6  16.4  15.9  16.3  15.2  -9 -9.0 -9  3  2
202504240100 108  27  1.7  -9 -9.0   -9  996.7 1006.9 -9  -9.0  13.8   9.4  75.0  11.8   -9.0   -9.0   -9.0   -9.0   -9.0   -9.0   -9.0 -9 -9 -                        0   0   -9 -         -9  -9  -9  2446 -9.0 -9.00 -9  11.3  15.9  15.0  15.4  14.5  -9 -9.0 -9  3 -9
202504240200 108  23  1.7  -9 -9.0   -9  996.7 1006.9 -9  -9.0  13.1   9.5  79.0  11.9   -9.0   -9.0   -9.0   -9.0   -9.0   -9.0   -9.0 -9 -9 -                        0   0   -9 -         -9  -9  -9  1469 -9.0 -9.00 -9  10.9  15.5  14.7  15.3  14.6  -9 -9.0 -9  3 -9
202504240300 108  25  1.4  -9 -9.0   -9  996.8 1007.0  2   0.1  12.6   9.2  80.0  11.6   -9.0   -9.0   -9.0   -9.0   -9.0   -9.0   -9.0 -9 -9 -                        0   0   -9 -         -9  -9  -9  1579 -9.0 -9.00 -9  10.5  15.1  14.4  15.2  14.7  -9 -9.0 -9  3  2
202504240400 108  25  2.3  -9 -9.0   -9  997.0 1007.2 -9  -9.0  12.1   9.1  82.0  11.6   -9.0   -9.0   -9.0   -9.0   -9.0   -9.0   -9.0 -9 -9 -                        0   0   -9 -         -9  -9  -9  1355 -9.0 -9.00 -9  10.2  14.8  14.1  15.1  14.8  -9 -9.0 -9  3  2
202504240500 108  25  2.7  -9 -9.0   -9  997.4 1007.6 -9  -9.0  11.6   9.1  85.0  11.6   -9.0   -9.0   -9.0   -9.0   -9.0   -9.0   -9.0 10  0 19                       1   0   -9 Ci         1   0   0   913 -9.0 -9.00 -9   9.9  14.5  13.8  15.0  14.7  -9 -9.0 -9  3  1
202504240600 108  25  1.4  -9 -9.0   -9  997.5 1007.8  2   0.8  11.2   8.7  85.0  11.2   -9.0   -9.0   -9.0   -9.0   -9.0   -9.0   -9.0 10  0 19                       2   0   -9 Ci         2   0   0   895  0.0  0.00 -9   9.6  14.2  13.5  14.8  14.6  -9 -9.0 -9  3  1
202504240700 108  20  1.6  -9 -9.0   -9  997.9 1008.2 -9  -9.0  11.1   7.9  81.0  10.6   -9.0   -9.0   -9.0   -9.0   -9.0   -9.0   -9.0 -9 -9 19                       0   0   -9 -         -9  -9  -9  1163  0.4  0.26 -9  10.8  13.9  13.5  14.9  14.9  -9 -9.0 -9  3  2
202504240800 108  20  1.9  -9 -9.0   -9  997.8 1008.0 -9  -9.0  12.6   7.4  71.0  10.3   -9.0   -9.0   -9.0   -9.0   -9.0   -9.0   -9.0 -9 -9 -                        0   0   -9 -         -9  -9  -9  1421  1.0  0.85 -9  15.3  14.0  13.0  14.2  14.2  -9 -9.0 -9  3  2
202504240900 108  18  3.0  -9 -9.0   -9  997.7 1007.8  4   0.0  14.4   7.6  64.0  10.4   -9.0   -9.0   -9.0   -9.0   -9.0   -9.0   -9.0 -9 -9 -                        0   0   -9 -         -9  -9  -9  1330  1.0  1.70 -9  21.3  14.5  13.7  14.4  14.5  -9 -9.0 -9  3  2
202504241000 108  20  2.4  -9 -9.0   -9  997.7 1007.8 -9  -9.0  16.2   6.5  53.0   9.7   -9.0   -9.0   -9.0   -9.0   -9.0   -9.0   -9.0 -9 -9 -                        0   0   -9 -         -9  -9  -9  1608  1.0  2.35 -9  25.9  15.5  14.5  14.5  14.5  -9 -9.0 -9  3  2
202504241100 108  25  3.2  -9 -9.0   -9  997.7 1007.7 -9  -9.0  17.5   7.2  51.0  10.2   -9.0   -9.0   -9.0   -9.0   -9.0   -9.0   -9.0 -9 -9 -                        2   0   -9 Ci         1   0   0  1508  1.0  2.90 -9  29.3  16.7  15.4  14.4  14.4  -9 -9.0 -9  3  2
202504241200 108  23  3.4  -9 -9.0   -9  997.4 1007.4  7  -0.4  19.1   5.8  42.0   9.2   -9.0   -9.0   -9.0   -9.0   -9.0   -9.0   -9.0 -9 -9 -                        2   0   -9 Ci         1   0   0  1810  1.0  3.29 -9  32.9  17.9  16.5  14.4  14.3  -9 -9.0 -9  3  2
202504241300 108  23  5.0  -9 -9.0   -9  997.6 1007.6 -9  -9.0  18.8   4.8  40.0   8.6   -9.0   -9.0   -9.0   -9.0   -9.0   -9.0   -9.0 -9 -9 -                        1   0   -9 Ci         1   0   0  1730  1.0  3.44 -9  34.4  19.0  17.7  14.8  14.4  -9 -9.0 -9  3  2
202504241400 108  20  4.5  -9 -9.0   -9  997.0 1007.0 -9  -9.0  19.0   6.1  43.0   9.4   -9.0   -9.0   -9.0   -9.0   -9.0   -9.0   -9.0 -9 -9 -                        0   0   -9 -         -9  -9  -9  1703  1.0  3.38 -9  35.5  19.8  18.6  15.1  14.5  -9 -9.0 -9  3  2
202504241500 108  27  4.6  -9 -9.0   -9  996.3 1006.2  8  -1.2  19.3   6.7  44.0   9.8   -9.0   -9.0   -9.0   -9.0   -9.0   -9.0   -9.0 -9 -9 -                        1   0   -9 Ci         1   0   0  1694  1.0  3.11 -9  34.8  20.3  19.2  15.3  14.5  -9 -9.0 -9  3  2
202504241600 108  23  3.9  20 10.0 1543  996.0 1005.9 -9  -9.0  19.2   8.2  49.0  10.9   -9.0   -9.0   -9.0   -9.0   -9.0   -9.0   -9.0 -9 -9 -                        1   0   -9 Ci         1   0   0  1817  1.0  2.56 -9  31.0  20.4  19.1  15.1  13.9  -9 -9.0 -9  3  2
202504241700 108  23  5.0  25 11.0 1619  996.3 1006.3 -9  -9.0  18.1   4.9  42.0   8.7   -9.0   -9.0   -9.0   -9.0   -9.0   -9.0   -9.0 -9 -9 -                        0   0   -9 -         -9  -9  -9  2329  1.0  1.91 -9  25.3  20.2  19.3  16.1  14.8  -9 -9.0 -9  3  2
202504241800 108  25  5.0  25 11.0 1619  996.7 1006.7  3   0.5  17.0  -3.2  25.0   4.8   -9.0   -9.0   -9.0   -9.0   -9.0   -9.0   -9.0 -9 -9 -                        2   0   -9 Ci         2   0   0  2928  1.0  1.15 -9  17.4  19.7  18.7  15.9  14.5  -9 -9.0 -9  3  2
202504241900 108  25  4.0  -9 -9.0   -9  997.4 1007.5 -9  -9.0  15.3   0.6  37.0   6.4   -9.0   -9.0   -9.0   -9.0   -9.0   -9.0   -9.0 -9 -9 -                        2   1   -9 -         -9  -9  -9  3136  0.8  0.36 -9  14.1  18.8  18.3  16.7  15.2  -9 -9.0 -9  3 -9
202504242000 108  27  4.9  25 10.0 1952  998.8 1009.0 -9  -9.0  14.3  -3.0  30.0   4.9   -9.0   -9.0   -9.0   -9.0   -9.0   -9.0   -9.0 -9 -9 -                        0   0   -9 -         -9  -9  -9  1548  0.0  0.01 -9  11.8  17.9  17.5  16.9  15.5  -9 -9.0 -9  3 -9
202504242100 108  25  3.0  25 11.0 1619 1000.4 1010.6  2   3.9  13.2  -3.5  31.0   4.7   -9.0   -9.0   -9.0   -9.0   -9.0   -9.0   -9.0 -9 -9 -                        0   0   -9 -         -9  -9  -9  1046 -9.0 -9.00 -9  10.3  17.1  16.7  16.9  15.6  -9 -9.0 -9  3  2
202504242200 108  25  2.8  -9 -9.0   -9 1001.2 1011.5 -9  -9.0  12.3  -3.1  34.0   4.9   -9.0   -9.0   -9.0   -9.0   -9.0   -9.0   -9.0 -9 -9 40                       0   0   -9 -         -9  -9  -9   804 -9.0 -9.00 -9   9.4  16.3  16.0  16.8  15.7  -9 -9.0 -9  3  2
202504242300 108  27  1.9  -9 -9.0   -9 1001.7 1012.0 -9  -9.0  11.4  -2.4  38.0   5.1   -9.0   -9.0   -9.0   -9.0   -9.0   -9.0   -9.0 -9 -9 40                       0   0   -9 -         -9  -9  -9   797 -9.0 -9.00 -9   8.5  15.7  15.5  16.6  15.7  -9 -9.0 -9  3  2
202504250000 108  23  2.2  -9 -9.0   -9 1002.4 1012.7  2   2.1  10.7   0.1  48.0   6.2   -9.0   -9.0   -9.0   -9.0   -9.0   -9.0   -9.0  5  0 40                       0   0   -9 -         -9  -9  -9   918 -9.0 -9.00 -9   7.9  15.1  14.9  16.4  15.7  -9 -9.0 -9  3  1
202504250100 108  27  2.2  -9 -9.0   -9 1002.9 1013.3 -9  -9.0  10.0  -0.2  49.0   6.0   -9.0   -9.0   -9.0   -9.0   -9.0   -9.0   -9.0 -9 -9 40                       0   0   -9 -         -9  -9  -9  1381 -9.0 -9.00 -9   7.3  14.5  14.4  16.2  15.7  -9 -9.0 -9  3  2
202504250200 108  27  1.8  -9 -9.0   -9 1003.1 1013.5 -9  -9.0   9.4  -0.7  49.0   5.8   -9.0   -9.0   -9.0   -9.0   -9.0   -9.0   -9.0 -9 -9 -                        0   0   -9 -         -9  -9  -9  1701 -9.0 -9.00 -9   6.6  14.1  13.6  15.4  15.1  -9 -9.0 -9  3 -9
202504250300 108  29  1.2  -9 -9.0   -9 1003.3 1013.7  2   1.0   8.9  -0.4  52.0   5.9   -9.0   -9.0   -9.0   -9.0   -9.0   -9.0   -9.0 -9 -9 -                        0   0   -9 -         -9  -9  -9  1638 -9.0 -9.00 -9   6.0  13.6  13.5  15.7  15.5  -9 -9.0 -9  3  2
202504250400 108  29  0.9  -9 -9.0   -9 1003.7 1014.1 -9  -9.0   8.3  -0.4  54.0   5.9   -9.0   -9.0   -9.0   -9.0   -9.0   -9.0   -9.0 -9 -9 -                        0   0   -9 -         -9  -9  -9  2023 -9.0 -9.00 -9   5.6  13.1  12.9  15.2  15.3  -9 -9.0 -9  3  2
202504250500 108  27  1.3  -9 -9.0   -9 1003.9 1014.4 -9  -9.0   7.9   0.1  58.0   6.2   -9.0   -9.0   -9.0   -9.0   -9.0   -9.0   -9.0 -9 -9 -                        0   0   -9 -         -9  -9  -9  1759 -9.0 -9.00 -9   5.2  12.6  12.3  14.6  14.8  -9 -9.0 -9  3  2
202504250600 108  27  0.7  -9 -9.0   -9 1004.3 1014.8  2   1.1   7.7  -0.2  57.0   6.0   -9.0   -9.0   -9.0   -9.0   -9.0   -9.0   -9.0 -9 -9 -                        0   0   -9 -         -9  -9  -9  2091  0.0  0.00 -9   5.1  12.2  11.9  14.4  14.7  -9 -9.0 -9  3  2
202504250700 108  29  1.0  -9 -9.0   -9 1004.7 1015.2 -9  -9.0   8.2   0.0  56.0   6.1   -9.0   -9.0   -9.0   -9.0   -9.0   -9.0   -9.0 -9 -9 -                        0   0   -9 -         -9  -9  -9  2404  0.6  0.27 -9   7.4  11.9  11.6  14.3  14.7  -9 -9.0 -9  3  2
202504250800 108  27  2.0  -9 -9.0   -9 1005.0 1015.4 -9  -9.0  10.3   1.3  54.0   6.7   -9.0   -9.0   -9.0   -9.0   -9.0   -9.0   -9.0 -9 -9 -                        0   0   -9 -         -9  -9  -9  2851  1.0  0.92 -9  13.8  12.0  11.6  14.0  14.6  -9 -9.0 -9  3  2
202504250900 108  29  3.9  -9 -9.0   -9 1005.1 1015.4  1   0.6  12.4   0.1  43.0   6.2   -9.0   -9.0   -9.0   -9.0   -9.0   -9.0   -9.0 -9 -9 -                        0   0   -9 -         -9  -9  -9  2651  1.0  1.75 -9  19.6  12.8  12.0  13.8  14.3  -9 -9.0 -9  3  2
202504251000 108  32  3.9  -9 -9.0   -9 1005.2 1015.4 -9  -9.0  14.2  -3.6  29.0   4.7   -9.0   -9.0   -9.0   -9.0   -9.0   -9.0   -9.0 -9 -9 -                        0   0   -9 -         -9  -9  -9  2123  1.0  2.45 -9  26.0  13.7  12.7  13.8  14.4  -9 -9.0 -9  3  2
202504251100 108  29  4.3  34 10.0 1059 1005.2 1015.4 -9  -9.0  15.5  -5.5  23.0   4.1   -9.0   -9.0   -9.0   -9.0   -9.0   -9.0   -9.0 -9 -9 -                        0   0   -9 -         -9  -9  -9  1913  1.0  3.06 -9  30.9  14.8  13.5  13.8  14.3  -9 -9.0 -9  3  2
202504251200 108  29  5.0  34 10.0 1059 1004.8 1015.0  7  -0.4  16.0  -5.7  22.0   4.0   -9.0   -9.0   -9.0   -9.0   -9.0   -9.0   -9.0 -9 -9 -                        0   0   -9 -         -9  -9  -9  1757  1.0  3.43 -9  33.0  15.8  14.5  13.8  14.1  -9 -9.0 -9  3  2
202504251300 108  27  5.0  27 12.0 1241 1004.6 1014.7 -9  -9.0  16.6  -5.2  22.0   4.2   -9.0   -9.0   -9.0   -9.0   -9.0   -9.0   -9.0 -9 -9 -                        0   0   -9 -         -9  -9  -9  1779  1.0  3.55 -9  34.8  16.8  15.5  13.9  14.0  -9 -9.0 -9  3  2
202504251400 108  23  4.3  29 10.0 1309 1004.2 1014.3 -9  -9.0  17.6  -1.6  27.0   5.4   -9.0   -9.0   -9.0   -9.0   -9.0   -9.0   -9.0 -9 -9 -                        0   0   -9 -         -9  -9  -9  1951  1.0  3.39 -9  35.7  17.7  16.4  14.0  13.9  -9 -9.0 -9  3  2
202504251500 108  27  4.1  27 12.0 1241 1003.7 1013.8  7  -1.2  17.5  -3.3  24.0   4.8   -9.0   -9.0   -9.0   -9.0   -9.0   -9.0   -9.0 -9 -9 -                        0   0   -9 -         -9  -9  -9  2084  1.0  3.07 -9  34.0  18.3  17.1  14.2  13.8  -9 -9.0 -9  3  2
202504251600 108  25  5.4  29 12.0 1559 1003.5 1013.6 -9  -9.0  16.9  -4.4  23.0   4.4   -9.0   -9.0   -9.0   -9.0   -9.0   -9.0   -9.0 -9 -9 -                        0   0   -9 -         -9  -9  -9  2937  1.0  2.56 -9  29.2  18.6  17.3  14.4  13.7  -9 -9.0 -9  3  2
202504251700 108  25  5.4  25 12.0 1642 1003.7 1013.8 -9  -9.0  16.4  -4.2  24.0   4.5   -9.0   -9.0   -9.0   -9.0   -9.0   -9.0   -9.0 -9 -9 -                        0   0   -9 -         -9  -9  -9  3048  1.0  1.91 -9  23.7  18.4  17.3  14.7  13.9  -9 -9.0 -9  3  2
202504251800 108  23  3.7  29 12.0 1559 1003.8 1014.0  3   0.2  15.5  -2.9  28.0   4.9   -9.0   -9.0   -9.0   -9.0   -9.0   -9.0   -9.0 -9 -9 -                        0   0   -9 -         -9  -9  -9  2690  1.0  1.12 -9  16.5  18.0  16.8  14.6  13.6  -9 -9.0 -9  3  2
202504251900 108  25  3.6  20 10.0 1814 1004.1 1014.3 -9  -9.0  14.0  -2.4  32.0   5.1   -9.0   -9.0   -9.0   -9.0   -9.0   -9.0   -9.0 -9 -9 -                        0   0   -9 -         -9  -9  -9  2946  0.9  0.38 -9  13.0  17.3  16.6  15.5  14.5  -9 -9.0 -9  3 -9
202504252000 108  25  4.1  -9 -9.0   -9 1004.8 1015.1 -9  -9.0  12.6  -1.3  38.0   5.6   -9.0   -9.0   -9.0   -9.0   -9.0   -9.0   -9.0 -9 -9 -                        0   0   -9 -         -9  -9  -9  2881  0.0  0.01 -9  10.8  16.5  15.7  15.3  14.3  -9 -9.0 -9  3 -9
202504252100 108  27  2.4  29 12.0 1559 1005.8 1016.1  2   2.1  11.8  -2.4  37.0   5.1   -9.0   -9.0   -9.0   -9.0   -9.0   -9.0   -9.0 -9 -9 -                        0   0   -9 -         -9  -9  -9  3306 -9.0 -9.00 -9   9.3  15.5  14.9  15.0  14.2  -9 -9.0 -9  3  2
202504252200 108  27  2.4  -9 -9.0   -9 1006.2 1016.6 -9  -9.0  11.1  -4.2  34.0   4.5   -9.0   -9.0   -9.0   -9.0   -9.0   -9.0   -9.0 -9 -9 -                        0   0   -9 -         -9  -9  -9  3272 -9.0 -9.00 -9   8.1  14.9  14.3  14.9  14.2  -9 -9.0 -9  3 -9
202504252300 108  25  1.8  -9 -9.0   -9 1006.3 1016.7 -9  -9.0  10.5  -3.9  36.0   4.6   -9.0   -9.0   -9.0   -9.0   -9.0   -9.0   -9.0 -9 -9 -                        0   0   -9 -         -9  -9  -9  3174 -9.0 -9.00 -9   7.3  14.3  13.9  14.9  14.3  -9 -9.0 -9  3 -9
202504260000 108  27  1.7  -9 -9.0   -9 1006.7 1017.1  2   1.0  10.0  -1.7  44.0   5.4   -9.0   -9.0   -9.0   -9.0   -9.0   -9.0   -9.0 -9 -9 -                        0   0   -9 -         -9  -9  -9  2715 -9.0 -9.00 -9   6.7  13.8  13.6  15.2  14.9  -9 -9.0 -9  3  2
202504260100 108  27  2.4  -9 -9.0   -9 1006.9 1017.3 -9  -9.0   9.6  -1.7  45.0   5.4   -9.0   -9.0   -9.0   -9.0   -9.0   -9.0   -9.0 -9 -9 -                        0   0   -9 -         -9  -9  -9  2587 -9.0 -9.00 -9   6.3  13.3  13.1  15.0  14.8  -9 -9.0 -9  3 -9
202504260200 108  25  1.5  -9 -9.0   -9 1006.8 1017.3 -9  -9.0   8.9  -1.5  48.0   5.5   -9.0   -9.0   -9.0   -9.0   -9.0   -9.0   -9.0 -9 -9 -                        0   0   -9 -         -9  -9  -9  2788 -9.0 -9.00 -9   5.8  12.9  12.7  14.8  14.8  -9 -9.0 -9  3 -9
202504260300 108  25  2.3  -9 -9.0   -9 1007.3 1017.8  2   0.7   9.0   0.4  55.0   6.3   -9.0   -9.0   -9.0   -9.0   -9.0   -9.0   -9.0 -9 -9 -                        0   0   -9 -         -9  -9  -9  2693 -9.0 -9.00 -9   5.8  12.5  12.3  14.6  14.7  -9 -9.0 -9  3  2
202504260400 108  25  1.8  -9 -9.0   -9 1007.1 1017.6 -9  -9.0   8.5   2.9  68.0   7.5   -9.0   -9.0   -9.0   -9.0   -9.0   -9.0   -9.0 -9 -9 -                        0   0   -9 -         -9  -9  -9  2127 -9.0 -9.00 -9   5.6  12.2  12.0  14.4  14.6  -9 -9.0 -9  3  2
202504260500 108   5  1.2  -9 -9.0   -9 1007.1 1017.6 -9  -9.0   7.9   2.9  71.0   7.5   -9.0   -9.0   -9.0   -9.0   -9.0   -9.0   -9.0 -9 -9 -                        0   0   -9 -         -9  -9  -9  1944 -9.0 -9.00 -9   5.3  11.9  11.7  14.1  14.5  -9 -9.0 -9  3  2
202504260600 108   2  1.9  -9 -9.0   -9 1007.5 1018.0  3   0.2   7.3   2.7  73.0   7.4   -9.0   -9.0   -9.0   -9.0   -9.0   -9.0   -9.0 -9 -9 -                        0   0   -9 -         -9  -9  -9  1935  0.0  0.01 -9   5.3  11.6  11.4  13.9  14.4  -9 -9.0 -9  3  2
202504260700 108   2  0.7  -9 -9.0   -9 1008.0 1018.5 -9  -9.0   7.7   1.9  67.0   7.0   -9.0   -9.0   -9.0   -9.0   -9.0   -9.0   -9.0 -9 -9 -                        0   0   -9 -         -9  -9  -9  2268  0.8  0.30 -9   7.7  11.3  11.2  13.7  14.2  -9 -9.0 -9  3  2
202504260800 108  20  2.4  -9 -9.0   -9 1007.8 1018.2 -9  -9.0  10.2   2.7  60.0   7.4   -9.0   -9.0   -9.0   -9.0   -9.0   -9.0   -9.0 -9 -9 -                        0   0   -9 -         -9  -9  -9  2500  1.0  0.93 -9  14.3  11.6  11.0  13.1  13.7  -9 -9.0 -9  3  2
202504260900 108  18  2.3  -9 -9.0   -9 1007.5 1017.8  8  -0.2  13.0   3.3  52.0   7.7   -9.0   -9.0   -9.0   -9.0   -9.0   -9.0   -9.0 -9 -9 -                        0   0   -9 -         -9  -9  -9  2908  1.0  1.75 -9  21.3  12.5  11.7  13.2  13.9  -9 -9.0 -9  3  2
202504261000 108  20  3.4  -9 -9.0   -9 1007.6 1017.8 -9  -9.0  15.0   3.1  45.0   7.6   -9.0   -9.0   -9.0   -9.0   -9.0   -9.0   -9.0 -9 -9 -                        0   0   -9 -         -9  -9  -9  3318  1.0  2.44 -9  28.0  13.7  12.5  13.1  13.7  -9 -9.0 -9  3  2
202504261100 108  25  3.6  -9 -9.0   -9 1007.2 1017.3 -9  -9.0  17.0   3.2  40.0   7.7   -9.0   -9.0   -9.0   -9.0   -9.0   -9.0   -9.0 -9 -9 -                        0   0   -9 -         -9  -9  -9  2960  1.0  3.05 -9  33.5  15.1  13.7  13.0  13.5  -9 -9.0 -9  3  2
202504261200 108  20  4.6  -9 -9.0   -9 1006.9 1017.0  7  -0.8  18.1   3.5  38.0   7.8   -9.0   -9.0   -9.0   -9.0   -9.0   -9.0   -9.0 -9 -9 -                        0   0   -9 -         -9  -9  -9  3021  1.0  3.41 -9  36.4  16.5  14.9  13.1  13.4  -9 -9.0 -9  3  2
202504261300 108  20  4.0  -9 -9.0   -9 1006.5 1016.5 -9  -9.0  19.3   4.6  38.0   8.5   -9.0   -9.0   -9.0   -9.0   -9.0   -9.0   -9.0 -9 -9 -                        0   0   -9 -         -9  -9  -9  3092  1.0  3.55 -9  38.9  17.8  16.2  13.1  13.2  -9 -9.0 -9  3  2
202504261400 108  23  3.1  -9 -9.0   -9 1006.3 1016.3 -9  -9.0  19.9   5.5  39.0   9.0   -9.0   -9.0   -9.0   -9.0   -9.0   -9.0   -9.0 -9 -9 -                        0   0   -9 -         -9  -9  -9  3589  1.0  3.41 -9  39.4  18.9  17.4  13.5  13.2  -9 -9.0 -9  3  2
202504261500 108  25  4.2  -9 -9.0   -9 1005.9 1015.9  7  -1.1  19.2   6.3  43.0   9.5   -9.0   -9.0   -9.0   -9.0   -9.0   -9.0   -9.0 -9 -9 -                        0   0   -9 -         -9  -9  -9  3008  1.0  3.05 -9  36.8  19.5  18.1  13.7  13.1  -9 -9.0 -9  3  2
202504261600 108  20  4.6  18 10.0 1523 1006.1 1016.2 -9  -9.0  18.0   6.1  46.0   9.4   -9.0   -9.0   -9.0   -9.0   -9.0   -9.0   -9.0 -9 -9 -                        0   0   -9 -         -9  -9  -9  2519  1.0  2.48 -9  31.3  19.7  18.6  14.5  13.6  -9 -9.0 -9  3  2
202504261700 108  25  3.3  -9 -9.0   -9 1005.7 1015.8 -9  -9.0  17.8   6.6  48.0   9.7   -9.0   -9.0   -9.0   -9.0   -9.0   -9.0   -9.0 -9 -9 -                        0   0   -9 -         -9  -9  -9  3292  1.0  1.73 -9  25.5  19.5  18.5  15.0  13.9  -9 -9.0 -9  3  2
202504261800 108  23  4.0  18 10.0 1523 1005.7 1015.8  6  -0.1  16.8   6.3  50.0   9.5   -9.0   -9.0   -9.0   -9.0   -9.0   -9.0   -9.0 -9 -9 -                        0   0   -9 -         -9  -9  -9  2780  1.0  0.91 -9  19.3  19.1  18.1  15.2  13.9  -9 -9.0 -9  3  2
202504261900 108  25  2.7  -9 -9.0   -9 1006.1 1016.3 -9  -9.0  15.2   6.4  56.0   9.6   -9.0   -9.0   -9.0   -9.0   -9.0   -9.0   -9.0 -9 -9 -                        2   2   19 -         -9  -9  -9  2601  0.2  0.26 -9  15.9  18.4  17.7  15.6  14.3  -9 -9.0 -9  3 -9
202504262000 108  23  2.5  -9 -9.0   -9 1006.6 1016.8 -9  -9.0  14.4   5.9  57.0   9.3   -9.0   -9.0   -9.0   -9.0   -9.0   -9.0   -9.0 -9 -9 -                        0   0   -9 -         -9  -9  -9  2443  0.0  0.01 -9  13.5  17.6  17.1  15.9  14.6  -9 -9.0 -9  3 -9
202504262100 108  20  3.3  18 10.0 1523 1007.3 1017.5  2   1.7  14.3   6.1  58.0   9.4   -9.0   -9.0   -9.0   -9.0   -9.0   -9.0   -9.0 -9 -9 -                        0   0   -9 -         -9  -9  -9  2382 -9.0 -9.00 -9  12.5  16.9  16.4  16.0  14.7  -9 -9.0 -9  3  2
202504262200 108  23  2.0  -9 -9.0   -9 1007.7 1018.0 -9  -9.0  13.8   5.1  56.0   8.8   -9.0   -9.0   -9.0   -9.0   -9.0   -9.0   -9.0 -9 -9 -                        0   0   -9 -         -9  -9  -9  2459 -9.0 -9.00 -9  11.5  16.3  15.9  16.0  14.9  -9 -9.0 -9  3 -9
202504262300 108  20  2.2  -9 -9.0   -9 1007.3 1017.6 -9  -9.0  13.2   4.6  56.0   8.5   -9.0   -9.0   -9.0   -9.0   -9.0   -9.0   -9.0 -9 -9 -                        0   0   -9 -         -9  -9  -9  2643 -9.0 -9.00 -9  10.4  15.7  15.4  15.8  14.9  -9 -9.0 -9  3 -9
202504270000 108  20  2.4  -9 -9.0   -9 1007.1 1017.4  8  -0.1  12.5   3.9  56.0   8.1   -9.0   -9.0   -9.0   -9.0   -9.0   -9.0   -9.0 -9 -9 -                        0   0   -9 -         -9  -9  -9  3057 -9.0 -9.00 -9   9.5  15.2  14.9  15.6  14.9  -9 -9.0 -9  3  2
202504270100 108   0  0.4  -9 -9.0   -9 1007.0 1017.3 -9  -9.0  11.9   4.1  59.0   8.2   -9.0   -9.0   -9.0   -9.0   -9.0   -9.0   -9.0 -9 -9 -                        0   0   -9 -         -9  -9  -9  3207 -9.0 -9.00 -9   8.8  14.6  14.4  15.4  14.8  -9 -9.0 -9  3 -9
202504270200 108   2  1.7  -9 -9.0   -9 1006.6 1017.0 -9  -9.0  11.0   3.7  61.0   8.0   -9.0   -9.0   -9.0   -9.0   -9.0   -9.0   -9.0 -9 -9 -                        4   1   -9 -         -9  -9  -9  3339 -9.0 -9.00 -9   8.4  14.2  14.0  15.3  14.9  -9 -9.0 -9  3 -9
202504270300 108  36  1.1  -9 -9.0   -9 1006.2 1016.6  7  -0.8  10.9   3.8  62.0   8.0   -9.0   -9.0   -9.0   -9.0   -9.0   -9.0   -9.0 -9 -9 -                        2   0   -9 Ci         1   0   0  3106 -9.0 -9.00 -9   8.0  13.8  13.6  15.1  14.8  -9 -9.0 -9  3  2
202504270400 108  27  0.6  -9 -9.0   -9 1005.4 1015.8 -9  -9.0  10.9   2.9  58.0   7.5   -9.0   -9.0   -9.0   -9.0   -9.0   -9.0   -9.0 -9 -9 -                        0   0   -9 -         -9  -9  -9  3259 -9.0 -9.00 -9   7.7  13.4  13.3  14.9  14.8  -9 -9.0 -9  3  2
202504270500 108   5  0.5  -9 -9.0   -9 1005.3 1015.6 -9  -9.0  11.1   2.1  54.0   7.1   -9.0   -9.0   -9.0   -9.0   -9.0   -9.0   -9.0 -9 -9 -                        2   0   -9 Ci         1   0   0  3225 -9.0 -9.00 -9   7.3  13.1  13.0  14.7  14.7  -9 -9.0 -9  3  2
202504270600 108  23  1.3  -9 -9.0   -9 1005.3 1015.6  6  -1.0  11.2   0.8  49.0   6.5   -9.0   -9.0   -9.0   -9.0   -9.0   -9.0   -9.0 -9 -9 -                        4   0   -9 Ci         1   0   0  3355  0.0  0.00 -9   7.4  12.9  12.7  14.5  14.6  -9 -9.0 -9  3  2
202504270700 108  18  2.8  -9 -9.0   -9 1005.2 1015.5 -9  -9.0  12.4   1.3  47.0   6.7   -9.0   -9.0   -9.0   -9.0   -9.0   -9.0   -9.0 -9 -9 -                        0   0   -9 -         -9  -9  -9  3654  0.7  0.31 -9   9.4  12.7  12.2  13.9  14.1  -9 -9.0 -9  3  2
202504270800 108  20  2.8  -9 -9.0   -9 1004.6 1014.8 -9  -9.0  14.1   1.0  41.0   6.6   -9.0   -9.0   -9.0   -9.0   -9.0   -9.0   -9.0 -9 -9 -                        8   0   -9 Ci         1   0   0  2960  1.0  0.94 -9  15.8  13.0  12.2  13.6  13.9  -9 -9.0 -9  3  2
202504270900 108  25  3.2  -9 -9.0   -9 1005.0 1015.2  5  -0.4  15.8   1.8  39.0   7.0   -9.0   -9.0   -9.0   -9.0   -9.0   -9.0   -9.0 -9 -9 -                        8   0   -9 Ci         1   0   0  3291  1.0  1.66 -9  21.2  13.8  12.8  13.5  14.0  -9 -9.0 -9  3  2
202504271000 108  25  2.8  -9 -9.0   -9 1005.2 1015.3 -9  -9.0  17.4   3.2  39.0   7.7   -9.0   -9.0   -9.0   -9.0   -9.0   -9.0   -9.0 -9 -9 -                        9   0   -9 Ci         1   0   0  3575  0.7  1.79 -9  24.3  14.7  13.6  13.8  14.2  -9 -9.0 -9  3  2
202504271100 108  20  5.5  20 10.0 1035 1004.8 1014.9 -9  -9.0  18.1   1.5  33.0   6.8   -9.0   -9.0   -9.0   -9.0   -9.0   -9.0   -9.0 -9 -9 -                        8   2   25 AsCi       1   2   0  4102  1.0  2.28 -9  27.8  15.6  14.3  13.6  13.8  -9 -9.0 -9  3  2
202504271200 108  20  4.1  20 10.0 1035 1004.5 1014.6  8  -0.6  18.4   2.2  34.0   7.2   -9.0   -9.0   -9.0   -9.0   -9.0   -9.0   -9.0 -9 -9 -                        9   0   -9 Ci         1   0   0  3597  0.4  2.08 -9  27.4  16.4  15.1  13.6  13.7  -9 -9.0 -9  3  2
202504271300 108  27  4.8  -9 -9.0   -9 1004.0 1014.0 -9  -9.0  18.4   2.2  34.0   7.2   -9.0   -9.0   -9.0   -9.0   -9.0   -9.0   -9.0 -9 -9 -                       10   0   -9 Cs         7   0   0  3378  0.0  1.76 -9  27.9  16.9  15.6  13.6  13.5  -9 -9.0 -9  3  2
202504271400 108  25  4.0  -9 -9.0   -9 1003.5 1013.5 -9  -9.0  18.8   3.7  37.0   8.0   -9.0   -9.0   -9.0   -9.0   -9.0   -9.0   -9.0 -9 -9 -                        9   0   -9 Ci         1   0   0  3506  0.5  2.23 -9  32.5  17.4  16.1  13.9  13.6  -9 -9.0 -9  3  2
202504271500 108  25  4.0  20 10.0 1035 1002.8 1012.8  7  -1.8  18.8   4.8  40.0   8.6   -9.0   -9.0   -9.0   -9.0   -9.0   -9.0   -9.0 -9 -9 -                        9   0   -9 Ci         1   0   0  2974  0.9  2.38 -9  29.7  18.0  16.9  14.4  14.0  -9 -9.0 -9  3  2
202504271600 108  20  3.1  -9 -9.0   -9 1002.0 1012.0 -9  -9.0  18.4   4.8  41.0   8.6   -9.0   -9.0   -9.0   -9.0   -9.0   -9.0   -9.0 -9 -9 -                       10   0   -9 Cs         7   0   0  3156  0.1  1.39 -9  24.7  18.3  17.2  14.6  13.9  -9 -9.0 -9  3  2
202504271700 108  25  3.2  -9 -9.0   -9 1001.4 1011.5 -9  -9.0  17.6   4.5  42.0   8.4   -9.0   -9.0   -9.0   -9.0   -9.0   -9.0   -9.0 -9 -9 -                        8   0   -9 Ci         1   0   0  3251  0.0  1.00 -9  22.2  18.3  17.3  14.9  14.1  -9 -9.0 -9  3  2
202504271800 108  23  3.3  -9 -9.0   -9 1001.5 1011.6  5  -1.2  16.9   3.8  42.0   8.0   -9.0   -9.0   -9.0   -9.0   -9.0   -9.0   -9.0 -9 -9 -                        8   0   -9 Ci         1   0   0  3135  0.0  0.53 -9  18.5  18.0  17.1  15.0  14.1  -9 -9.0 -9  3  2
202504271900 108  23  3.8  -9 -9.0   -9 1001.3 1011.4 -9  -9.0  15.8   3.5  44.0   7.8   -9.0   -9.0   -9.0   -9.0   -9.0   -9.0   -9.0 -9 -9 -                        6   6   47 -         -9  -9  -9  3239  0.0  0.21 -9  14.7  17.5  16.8  15.4  14.4  -9 -9.0 -9  3 -9
202504272000 108  23  2.9  -9 -9.0   -9 1001.2 1011.4 -9  -9.0  15.1   2.5  43.0   7.3   -9.0   -9.0   -9.0   -9.0   -9.0   -9.0   -9.0 -9 -9 -                        8   8   44 -         -9  -9  -9  3611  0.0  0.02 -9  12.9  16.8  16.2  15.5  14.5  -9 -9.0 -9  3 -9
202504272100 108  29  3.7  -9 -9.0   -9 1002.5 1012.7  3   1.1  14.5   4.1  50.0   8.2   -9.0   -9.0   -9.0   -9.0   -9.0   -9.0   -9.0 -9 -9 -                        8   8   48 Ac         0   3   0  3239 -9.0 -9.00 -9  12.2  16.2  15.7  15.5  14.7  -9 -9.0 -9  3  2
202504272200 108  23  2.6  -9 -9.0   -9 1002.4 1012.6 -9  -9.0  13.4   4.0  53.0   8.1   -9.0   -9.0   -9.0   -9.0   -9.0   -9.0   -9.0 -9 -9 -                        4   4   53 -         -9  -9  -9  3541 -9.0 -9.00 -9  10.8  15.7  15.0  15.1  14.3  -9 -9.0 -9  3 -9
202504272300 108  27  2.6  -9 -9.0   -9 1002.3 1012.6 -9  -9.0  12.8   3.9  55.0   8.1   -9.0   -9.0   -9.0   -9.0   -9.0   -9.0   -9.0 -9 -9 -                        7   7   62 -         -9  -9  -9  3453 -9.0 -9.00 -9  10.2  15.1  14.5  14.9  14.3  -9 -9.0 -9  3 -9
202504280000 108  25  2.5  -9 -9.0   -9 1002.4 1012.6  6  -0.1  12.5   3.6  55.0   7.9   -9.0   -9.0   -9.0   -9.0   -9.0   -9.0   -9.0 -9 -9 -                        4   0   -9 Ci         1   0   0  3262 -9.0 -9.00 -9   9.4  14.7  14.2  14.9  14.5  -9 -9.0 -9  3  2
202504280100 108  25  2.5  -9 -9.0   -9 1001.9 1012.2 -9  -9.0  12.2   4.1  58.0   8.2   -9.0   -9.0   -9.0   -9.0   -9.0   -9.0   -9.0 -9 -9 -                        4   3   38 -         -9  -9  -9  2933 -9.0 -9.00 -9   9.2  14.2  13.6  14.3  13.9  -9 -9.0 -9  3 -9
202504280200 108  20  0.9  -9 -9.0   -9 1000.9 1011.2 -9  -9.0  12.1   4.5  60.0   8.4   -9.0   -9.0   -9.0   -9.0   -9.0   -9.0   -9.0 -9 -9 -                        9   8   32 -         -9  -9  -9  2934 -9.0 -9.00 -9  10.2  13.9  13.6  14.8  14.5  -9 -9.0 -9  3 -9
202504280300 108  25  1.3  -9 -9.0   -9 1000.4 1010.7  7  -1.9  11.9   4.8  62.0   8.6   -9.0   -9.0   -9.0   -9.0   -9.0   -9.0   -9.0 -9 -9 -                        8   8   29 As         0   2   0  2989 -9.0 -9.00 -9   9.8  13.7  13.4  14.6  14.5  -9 -9.0 -9  3  2
202504280400 108  27  1.8  -9 -9.0   -9 1000.3 1010.6 -9  -9.0  11.8   4.5  61.0   8.4   -9.0   -9.0   -9.0   -9.0   -9.0   -9.0   -9.0 -9 -9 -                        4   4   26 As         0   2   0  2986 -9.0 -9.00 -9  10.0  13.6  13.2  14.4  14.4  -9 -9.0 -9  3  2
202504280500 108  25  2.2  -9 -9.0   -9 1000.3 1010.6 -9  -9.0  11.1   5.1  67.0   8.8   -9.0   -9.0   -9.0   -9.0   -9.0   -9.0   -9.0 -9 -9 -                        0   0   -9 -         -9  -9  -9  2648 -9.0 -9.00 -9   8.6  13.4  13.0  14.3  14.4  -9 -9.0 -9  3  2
202504280600 108  27  1.5  -9 -9.0   -9 1000.1 1010.4  7  -0.3  10.4   5.3  71.0   8.9   -9.0   -9.0   -9.0   -9.0   -9.0   -9.0   -9.0 -9 -9 -                        0   0   -9 -         -9  -9  -9  2351  0.0  0.01 -9   7.8  13.0  12.9  14.4  14.5  -9 -9.0 -9  3  2
202504280700 108  27  1.2  -9 -9.0   -9  999.6 1009.9 -9  -9.0  10.6   6.1  74.0   9.4   -9.0   -9.0   -9.0   -9.0   -9.0   -9.0   -9.0 -9 -9 -                        0   0   -9 -         -9  -9  -9  2135  0.8  0.32 -9   9.7  12.7  12.6  14.2  14.4  -9 -9.0 -9  3  2
202504280800 108  27  1.6  -9 -9.0   -9  999.5 1009.7 -9  -9.0  12.4   7.2  71.0  10.2   -9.0   -9.0   -9.0   -9.0   -9.0   -9.0   -9.0 -9 -9 -                        0   0   -9 -         -9  -9  -9  2113  1.0  0.98 -9  16.8  13.0  12.5  13.9  14.2  -9 -9.0 -9  3  2
202504280900 108  25  1.6  -9 -9.0   -9  999.1 1009.3  7  -1.1  14.5   7.9  65.0  10.6   -9.0   -9.0   -9.0   -9.0   -9.0   -9.0   -9.0 -9 -9 -                        0   0   -9 -         -9  -9  -9  1893  1.0  1.78 -9  23.9  13.8  13.0  13.9  14.2  -9 -9.0 -9  3  2
202504281000 108  27  3.2  -9 -9.0   -9  999.2 1009.3 -9  -9.0  16.2   7.6  57.0  10.4   -9.0   -9.0   -9.0   -9.0   -9.0   -9.0   -9.0 -9 -9 -                        0   0   -9 -         -9  -9  -9  1530  1.0  2.45 -9  30.6  14.9  13.8  13.8  14.1  -9 -9.0 -9  3  2
202504281100 108  27  2.9  -9 -9.0   -9  999.0 1009.0 -9  -9.0  17.6   6.1  47.0   9.4   -9.0   -9.0   -9.0   -9.0   -9.0   -9.0   -9.0 -9 -9 -                        0   0   -9 -         -9  -9  -9  1680  1.0  3.03 -9  35.4  16.2  14.7  13.7  13.8  -9 -9.0 -9  3  2
202504281200 108  27  3.7  -9 -9.0   -9  998.3 1008.3  7  -1.0  18.7   5.1  41.0   8.8   -9.0   -9.0   -9.0   -9.0   -9.0   -9.0   -9.0 -9 -9 -                        0   0   -9 -         -9  -9  -9  2098  1.0  3.35 -9  37.9  17.5  16.0  13.8  13.8  -9 -9.0 -9  3  2
202504281300 108  25  4.1  18 10.0 1259  997.4 1007.3 -9  -9.0  19.9   5.5  39.0   9.0   -9.0   -9.0   -9.0   -9.0   -9.0   -9.0   -9.0 -9 -9 -                        0   0   -9 -         -9  -9  -9  2149  1.0  3.59 -9  40.5  18.6  17.2  14.0  13.7  -9 -9.0 -9  3  2
202504281400 108  29  5.3  36 11.0 1351  997.0 1006.9 -9  -9.0  19.7   0.1  27.0   6.2   -9.0   -9.0   -9.0   -9.0   -9.0   -9.0   -9.0 -9 -9 -                        0   0   -9 -         -9  -9  -9  2298  1.0  3.24 -9  38.3  19.4  18.1  14.3  13.7  -9 -9.0 -9  3  2
202504281500 108  27  5.6  32 13.0 1410  996.4 1006.3  7  -2.0  19.5   4.7  38.0   8.5   -9.0   -9.0   -9.0   -9.0   -9.0   -9.0   -9.0 -9 -9 -                        0   0   -9 -         -9  -9  -9  2077  0.9  2.73 -9  36.1  19.6  18.5  14.7  13.8  -9 -9.0 -9  3  2
202504281600 108  29  5.4  27 10.0 1542  996.1 1006.0 -9  -9.0  20.0  -4.3  19.0   4.4   -9.0   -9.0   -9.0   -9.0   -9.0   -9.0   -9.0 -9 -9 -                        0   0   -9 -         -9  -9  -9  2685  1.0  2.44 -9  33.4  19.8  18.7  15.0  14.0  -9 -9.0 -9  3  2
202504281700 108  27  4.7  -9 -9.0   -9  996.2 1006.1 -9  -9.0  19.3  -1.8  24.0   5.4   -9.0   -9.0   -9.0   -9.0   -9.0   -9.0   -9.0 -9 -9 -                        0   0   -9 -         -9  -9  -9  2686  1.0  1.92 -9  26.8  19.5  18.6  15.3  14.1  -9 -9.0 -9  3  2
202504281800 108  27  4.7  27 10.0 1542  996.5 1006.5  3   0.2  18.5  -1.3  26.0   5.6   -9.0   -9.0   -9.0   -9.0   -9.0   -9.0   -9.0 -9 -9 -                        0   0   -9 -         -9  -9  -9  2617  1.0  1.09 -9  18.8  19.1  18.2  15.6  14.2  -9 -9.0 -9  3  2
202504281900 108  27  3.6  -9 -9.0   -9  997.2 1007.2 -9  -9.0  17.1  -2.5  26.0   5.1   -9.0   -9.0   -9.0   -9.0   -9.0   -9.0   -9.0 -9 -9 -                        0   0   -9 -         -9  -9  -9  2949  0.8  0.34 -9  15.0  18.3  17.6  15.7  14.3  -9 -9.0 -9  3 -9
202504282000 108  23  1.7  -9 -9.0   -9  998.3 1008.4 -9  -9.0  15.7  -2.7  28.0   5.0   -9.0   -9.0   -9.0   -9.0   -9.0   -9.0   -9.0 -9 -9 -                        0   0   -9 -         -9  -9  -9  2942  0.0  0.01 -9  12.5  17.5  16.9  15.7  14.4  -9 -9.0 -9  3 -9
202504282100 108  32  3.2  27 10.0 1542  999.2 1009.3  2   2.8  15.2  -4.7  25.0   4.3   -9.0   -9.0   -9.0   -9.0   -9.0   -9.0   -9.0 -9 -9 -                        0   0   -9 -         -9  -9  -9  2976 -9.0 -9.00 -9  11.2  16.7  15.9  15.4  14.2  -9 -9.0 -9  3  2
202504282200 108  27  2.6  -9 -9.0   -9 1000.0 1010.2 -9  -9.0  13.7  -1.9  34.0   5.3   -9.0   -9.0   -9.0   -9.0   -9.0   -9.0   -9.0 -9 -9 -                        0   0   -9 -         -9  -9  -9  2874 -9.0 -9.00 -9   9.9  16.1  15.5  15.5  14.5  -9 -9.0 -9  3 -9
202504282300 108  29  2.4  -9 -9.0   -9 1000.5 1010.7 -9  -9.0  13.1  -2.0  35.0   5.3   -9.0   -9.0   -9.0   -9.0   -9.0   -9.0   -9.0 -9 -9 -                        0   0   -9 -         -9  -9  -9  2692 -9.0 -9.00 -9   9.2  15.5  15.1  15.8  14.9  -9 -9.0 -9  3 -9
202504290000 108  32  0.7  -9 -9.0   -9 1000.8 1011.0  2   1.7  11.9  -2.3  37.0   5.2   -9.0   -9.0   -9.0   -9.0   -9.0   -9.0   -9.0 -9 -9 -                        0   0   -9 -         -9  -9  -9  2707 -9.0 -9.00 -9   8.0  14.8  14.6  15.7  15.1  -9 -9.0 -9  3  2
202504290100 108   2  2.1  -9 -9.0   -9 1001.0 1011.3 -9  -9.0  11.3  -3.2  36.0   4.8   -9.0   -9.0   -9.0   -9.0   -9.0   -9.0   -9.0 -9 -9 -                        0   0   -9 -         -9  -9  -9  3333 -9.0 -9.00 -9   7.4  14.3  14.1  15.6  15.1  -9 -9.0 -9  3 -9
202504290200 108  34  1.3  -9 -9.0   -9 1000.9 1011.2 -9  -9.0  11.1  -3.4  36.0   4.8   -9.0   -9.0   -9.0   -9.0   -9.0   -9.0   -9.0 -9 -9 -                        0   0   -9 -         -9  -9  -9  3293 -9.0 -9.00 -9   6.8  13.8  13.6  15.3  15.0  -9 -9.0 -9  3 -9
202504290300 108   0  0.1  -9 -9.0   -9 1001.0 1011.3  1   0.3  10.0  -2.3  42.0   5.2   -9.0   -9.0   -9.0   -9.0   -9.0   -9.0   -9.0 -9 -9 -                        0   0   -9 -         -9  -9  -9  2682 -9.0 -9.00 -9   6.0  13.3  13.2  15.2  15.0  -9 -9.0 -9  3  2
202504290400 108  25  1.4  -9 -9.0   -9 1001.4 1011.8 -9  -9.0   9.3  -2.0  45.0   5.3   -9.0   -9.0   -9.0   -9.0   -9.0   -9.0   -9.0 -9 -9 -                        0   0   -9 -         -9  -9  -9  2892 -9.0 -9.00 -9   5.6  12.8  12.8  15.0  15.0  -9 -9.0 -9  3  2
202504290500 108  27  1.6  -9 -9.0   -9 1001.5 1011.9 -9  -9.0   8.8  -1.6  48.0   5.4   -9.0   -9.0   -9.0   -9.0   -9.0   -9.0   -9.0 -9 -9 -                        0   0   -9 -         -9  -9  -9  2908 -9.0 -9.00 -9   5.2  12.4  12.4  14.8  14.9  -9 -9.0 -9  3  2
202504290600 108  29  0.8  -9 -9.0   -9 1001.6 1012.0  2   0.7   8.4  -1.1  51.0   5.6   -9.0   -9.0   -9.0   -9.0   -9.0   -9.0   -9.0 -9 -9 -                        0   0   -9 -         -9  -9  -9  2949  0.0  0.01 -9   5.1  12.0  12.0  14.4  14.7  -9 -9.0 -9  3  2
202504290700 108   2  1.0  -9 -9.0   -9 1002.3 1012.7 -9  -9.0   9.0   0.1  54.0   6.2   -9.0   -9.0   -9.0   -9.0   -9.0   -9.0   -9.0 -9 -9 -                        0   0   -9 -         -9  -9  -9  2724  1.0  0.35 -9   7.7  11.7  11.7  14.1  14.5  -9 -9.0 -9  3  2
202504290800 108   5  1.5  -9 -9.0   -9 1002.5 1012.8 -9  -9.0  11.7   1.0  48.0   6.6   -9.0   -9.0   -9.0   -9.0   -9.0   -9.0   -9.0 -9 -9 -                        0   0   -9 -         -9  -9  -9  2525  1.0  1.03 -9  16.2  12.1  11.8  14.0  14.6  -9 -9.0 -9  3  2
202504290900 108  18  2.4  -9 -9.0   -9 1002.4 1012.6  0   0.6  14.5   1.3  41.0   6.7   -9.0   -9.0   -9.0   -9.0   -9.0   -9.0   -9.0 -9 -9 -                        0   0   -9 -         -9  -9  -9  2629  1.0  1.84 -9  24.0  13.1  12.3  13.8  14.4  -9 -9.0 -9  3  2
202504291000 108  23  2.0  -9 -9.0   -9 1002.4 1012.5 -9  -9.0  16.4  -1.2  30.0   5.6   -9.0   -9.0   -9.0   -9.0   -9.0   -9.0   -9.0 -9 -9 -                        0   0   -9 -         -9  -9  -9  2299  1.0  2.51 -9  31.4  14.4  13.1  13.5  14.1  -9 -9.0 -9  3  2
202504291100 108  18  2.7  -9 -9.0   -9 1002.2 1012.2 -9  -9.0  18.2  -0.1  29.0   6.1   -9.0   -9.0   -9.0   -9.0   -9.0   -9.0   -9.0 -9 -9 -                        0   0   -9 -         -9  -9  -9  1997  1.0  3.09 -9  37.1  15.8  14.3  13.5  13.9  -9 -9.0 -9  3  2
202504291200 108  27  2.9  -9 -9.0   -9 1001.8 1011.8  7  -0.8  19.2  -0.2  27.0   6.0   -9.0   -9.0   -9.0   -9.0   -9.0   -9.0   -9.0 -9 -9 -                        0   0   -9 -         -9  -9  -9  1992  1.0  3.38 -9  38.7  17.3  15.4  13.1  13.4  -9 -9.0 -9  3  2
202504291300 108  23  3.7  -9 -9.0   -9 1001.4 1011.4 -9  -9.0  20.1  -3.5  20.0   4.7   -9.0   -9.0   -9.0   -9.0   -9.0   -9.0   -9.0 -9 -9 -                        0   0   -9 -         -9  -9  -9  1980  1.0  3.55 -9  41.6  18.5  16.7  13.3  13.3  -9 -9.0 -9  3  2
202504291400 108  23  3.1  -9 -9.0   -9 1001.2 1011.1 -9  -9.0  20.8  -2.3  21.0   5.2   -9.0   -9.0   -9.0   -9.0   -9.0   -9.0   -9.0 -9 -9 -                        0   0   -9 -         -9  -9  -9  2014  1.0  3.45 -9  42.1  19.6  18.0  14.0  13.6  -9 -9.0 -9  3  2
202504291500 108  25  3.5  -9 -9.0   -9 1000.9 1010.8  7  -1.0  20.6  -2.5  21.0   5.1   -9.0   -9.0   -9.0   -9.0   -9.0   -9.0   -9.0 -9 -9 -                        0   0   -9 -         -9  -9  -9  1842  1.0  3.07 -9  39.4  20.1  18.6  14.1  13.4  -9 -9.0 -9  3  2
202504291600 108  27  3.8  -9 -9.0   -9 1000.8 1010.8 -9  -9.0  20.1  -3.5  20.0   4.7   -9.0   -9.0   -9.0   -9.0   -9.0   -9.0   -9.0 -9 -9 -                        0   0   -9 -         -9  -9  -9  2056  1.0  2.55 -9  34.8  20.3  18.9  14.5  13.5  -9 -9.0 -9  3  2
202504291700 108  23  2.7  -9 -9.0   -9 1000.7 1010.6 -9  -9.0  20.2  -4.1  19.0   4.5   -9.0   -9.0   -9.0   -9.0   -9.0   -9.0   -9.0 -9 -9 -                        0   0   -9 -         -9  -9  -9  2162  1.0  1.84 -9  28.6  20.1  18.8  14.8  13.6  -9 -9.0 -9  3  2
202504291800 108  27  3.6  -9 -9.0   -9 1000.8 1010.8  4   0.0  19.0  -3.2  22.0   4.8   -9.0   -9.0   -9.0   -9.0   -9.0   -9.0   -9.0 -9 -9 -                        0   0   -9 -         -9  -9  -9  2217  1.0  1.05 -9  19.8  19.7  18.8  15.7  14.3  -9 -9.0 -9  3  2
202504291900 108  27  3.9  -9 -9.0   -9 1001.2 1011.3 -9  -9.0  16.7  -2.9  26.0   4.9   -9.0   -9.0   -9.0   -9.0   -9.0   -9.0   -9.0 -9 -9 -                        0   0   -9 -         -9  -9  -9  2145  0.8  0.36 -9  15.6  18.9  18.1  15.8  14.4  -9 -9.0 -9  3 -9
202504292000 108  27  2.9  -9 -9.0   -9 1001.5 1011.6 -9  -9.0  15.3  -2.6  29.0   5.0   -9.0   -9.0   -9.0   -9.0   -9.0   -9.0   -9.0 -9 -9 -                        0   0   -9 -         -9  -9  -9  2027  0.0  0.01 -9  13.1  18.0  17.5  16.2  14.7  -9 -9.0 -9  3 -9
202504292100 108  27  2.2  -9 -9.0   -9 1002.3 1012.5  2   1.7  14.3  -2.6  31.0   5.0   -9.0   -9.0   -9.0   -9.0   -9.0   -9.0   -9.0 -9 -9 -                        0   0   -9 -         -9  -9  -9  2049 -9.0 -9.00 -9  11.7  17.2  16.5  15.8  14.5  -9 -9.0 -9  3  2
202504292200 108  27  1.5  -9 -9.0   -9 1002.8 1013.0 -9  -9.0  13.7  -1.5  35.0   5.5   -9.0   -9.0   -9.0   -9.0   -9.0   -9.0   -9.0 -9 -9 -                        0   0   -9 -         -9  -9  -9  2038 -9.0 -9.00 -9  10.6  16.4  16.1  16.2  15.0  -9 -9.0 -9  3 -9
202504292300 108  25  1.4  -9 -9.0   -9 1002.7 1012.9 -9  -9.0  13.2  -1.5  36.0   5.5   -9.0   -9.0   -9.0   -9.0   -9.0   -9.0   -9.0 -9 -9 -                        0   0   -9 -         -9  -9  -9  2139 -9.0 -9.00 -9   9.9  15.7  15.5  16.1  15.1  -9 -9.0 -9  3 -9
202504300000 108  20  0.8  -9 -9.0   -9 1003.3 1013.5  2   1.0  12.7  -1.2  38.0   5.6   -9.0   -9.0   -9.0   -9.0   -9.0   -9.0   -9.0 -9 -9 -                        0   0   -9 -         -9  -9  -9  2113 -9.0 -9.00 -9   9.4  15.2  15.0  16.0  15.2  -9 -9.0 -9  3  2
202504300100 108   2  1.7  -9 -9.0   -9 1003.4 1013.7 -9  -9.0  12.1  -0.4  42.0   5.9   -9.0   -9.0   -9.0   -9.0   -9.0   -9.0   -9.0 -9 -9 -                        0   0   -9 -         -9  -9  -9  2193 -9.0 -9.00 -9   8.9  14.7  14.6  15.8  15.2  -9 -9.0 -9  3 -9
202504300200 108   5  1.5  -9 -9.0   -9 1003.3 1013.6 -9  -9.0  11.4  -0.4  44.0   5.9   -9.0   -9.0   -9.0   -9.0   -9.0   -9.0   -9.0 -9 -9 -                        0   0   -9 -         -9  -9  -9  2082 -9.0 -9.00 -9   8.2  14.3  14.1  15.5  15.1  -9 -9.0 -9  3 -9
202504300300 108   5  2.1  -9 -9.0   -9 1003.1 1013.4  8  -0.1  10.8   0.2  48.0   6.2   -9.0   -9.0   -9.0   -9.0   -9.0   -9.0   -9.0 -9 -9 -                        0   0   -9 -         -9  -9  -9  2043 -9.0 -9.00 -9   7.7  13.9  13.7  15.3  15.1  -9 -9.0 -9  3  2
202504300400 108   5  1.6  -9 -9.0   -9 1003.4 1013.8 -9  -9.0  10.4   0.6  51.0   6.4   -9.0   -9.0   -9.0   -9.0   -9.0   -9.0   -9.0 -9 -9 -                        0   0   -9 -         -9  -9  -9  1993 -9.0 -9.00 -9   7.2  13.5  13.4  15.1  15.0  -9 -9.0 -9  3  2
202504300500 108   2  1.8  -9 -9.0   -9 1003.3 1013.7 -9  -9.0  10.3   0.8  52.0   6.5   -9.0   -9.0   -9.0   -9.0   -9.0   -9.0   -9.0 -9 -9 -                        0   0   -9 -         -9  -9  -9  1988 -9.0 -9.00 -9   7.0  13.1  13.0  14.9  14.9  -9 -9.0 -9  3  2
202504300600 108   5  1.9  -9 -9.0   -9 1003.4 1013.8  1   0.4  10.0   0.8  53.0   6.5   -9.0   -9.0   -9.0   -9.0   -9.0   -9.0   -9.0 -9 -9 -                        5   0   -9 Ci         1   0   0  1977  0.0  0.01 -9   7.3  12.9  12.7  14.7  14.8  -9 -9.0 -9  3  2
202504300700 108   5  1.7  -9 -9.0   -9 1003.6 1013.9 -9  -9.0  10.7   1.7  54.0   6.9   -9.0   -9.0   -9.0   -9.0   -9.0   -9.0   -9.0 -9 -9 -                        5   0   -9 Ci         1   0   0  1940  0.3  0.30 -9  10.2  12.7  12.5  14.5  14.7  -9 -9.0 -9  3  2
202504300800 108   5  2.4  -9 -9.0   -9 1003.8 1014.0 -9  -9.0  13.8   2.6  47.0   7.4   -9.0   -9.0   -9.0   -9.0   -9.0   -9.0   -9.0 -9 -9 -                        6   0   -9 Ci         1   0   0  1828  1.0  0.94 -9  16.1  13.1  12.4  13.9  14.3  -9 -9.0 -9  3  2
202504300900 108   5  2.0  -9 -9.0   -9 1003.9 1014.0  1   0.2  16.7   3.0  40.0   7.6   -9.0   -9.0   -9.0   -9.0   -9.0   -9.0   -9.0 -9 -9 -                        2   0   -9 Ci         1   0   0  1835  1.0  1.72 -9  25.5  13.9  13.1  14.0  14.4  -9 -9.0 -9  3  2
202504301000 108  16  1.2  -9 -9.0   -9 1003.7 1013.7 -9  -9.0  19.6   3.7  35.0   8.0   -9.0   -9.0   -9.0   -9.0   -9.0   -9.0   -9.0 -9 -9 -                        5   0   -9 Ci         1   0   0  1996  1.0  2.38 -9  33.3  15.1  13.9  13.9  14.3  -9 -9.0 -9  3  2
202504301100 108  18  3.1  -9 -9.0   -9 1003.6 1013.5 -9  -9.0  21.7   2.3  28.0   7.2   -9.0   -9.0   -9.0   -9.0   -9.0   -9.0   -9.0 -9 -9 -                        1   0   -9 Ci         1   0   0  2703  1.0  2.92 -9  39.2  16.6  15.1  13.9  14.1  -9 -9.0 -9  3  2
202504301200 108  18  5.0  -9 -9.0   -9 1002.9 1012.7  7  -1.3  23.5   2.3  25.0   7.2   -9.0   -9.0   -9.0   -9.0   -9.0   -9.0   -9.0 -9 -9 -                        4   0   -9 Ci         1   0   0  2830  1.0  3.45 -9  42.8  18.2  16.4  13.7  13.8  -9 -9.0 -9  3  2
202504301300 108  20  4.7  -9 -9.0   -9 1002.3 1012.1 -9  -9.0  24.5   1.3  22.0   6.7   -9.0   -9.0   -9.0   -9.0   -9.0   -9.0   -9.0 -9 -9 -                        6   0   -9 Ci         1   0   0  2581  1.0  3.38 -9  43.5  19.6  17.8  13.9  13.6  -9 -9.0 -9  3  2
202504301400 108  23  4.5  20 10.0 1321 1002.0 1011.8 -9  -9.0  25.5   2.8  23.0   7.5   -9.0   -9.0   -9.0   -9.0   -9.0   -9.0   -9.0 -9 -9 -                        0   0   -9 -         -9  -9  -9  3093  1.0  3.45 -9  45.9  20.6  18.9  14.2  13.6  -9 -9.0 -9  3  2
202504301500 108  23  4.7  20 10.0 1321 1001.5 1011.3  7  -1.4  25.5   2.8  23.0   7.5   -9.0   -9.0   -9.0   -9.0   -9.0   -9.0   -9.0 -9 -9 -                        0   0   -9 -         -9  -9  -9  2591  1.0  3.15 -9  43.3  21.3  19.8  14.5  13.6  -9 -9.0 -9  3  2
202504301600 108  23  4.2  18 10.0 1537 1000.9 1010.6 -9  -9.0  25.6   2.9  23.0   7.5   -9.0   -9.0   -9.0   -9.0   -9.0   -9.0   -9.0 -9 -9 -                        0   0   -9 -         -9  -9  -9  2921  1.0  2.63 -9  39.0  21.5  20.2  15.2  13.9  -9 -9.0 -9  3  2
202504301700 108  20  4.1  -9 -9.0   -9 1000.7 1010.5 -9  -9.0  25.1   3.0  24.0   7.6   -9.0   -9.0   -9.0   -9.0   -9.0   -9.0   -9.0 -9 -9 -                        0   0   -9 -         -9  -9  -9  2566  1.0  1.92 -9  32.3  21.4  20.3  15.8  14.3  -9 -9.0 -9  3  2
202504301800 108  25  3.7  18 10.0 1537 1000.3 1010.1  7  -1.2  24.1   3.3  26.0   7.7   -9.0   -9.0   -9.0   -9.0   -9.0   -9.0   -9.0 -9 -9 -                        0   0   -9 -         -9  -9  -9  2944  1.0  1.14 -9  22.7  21.1  20.0  16.0  14.3  -9 -9.0 -9  3  2
202504301900 108  23  2.4  -9 -9.0   -9 1000.3 1010.2 -9  -9.0  22.4   3.4  29.0   7.8   -9.0   -9.0   -9.0   -9.0   -9.0   -9.0   -9.0 -9 -9 -                        0   0   -9 -         -9  -9  -9  2971  0.7  0.33 -9  18.3  20.4  19.6  16.5  14.7  -9 -9.0 -9  3 -9
202504302000 108  27  2.5  -9 -9.0   -9 1000.5 1010.4 -9  -9.0  20.4   3.5  33.0   7.8   -9.0   -9.0   -9.0   -9.0   -9.0   -9.0   -9.0 -9 -9 -                        5   0   -9 -         -9  -9  -9  2815  0.0  0.01 -9  15.9  19.6  18.7  16.4  14.7  -9 -9.0 -9  3 -9
202504302100 108  23  1.7  18 10.0 1537 1001.1 1011.1  2   1.0  19.4   3.1  34.0   7.6   -9.0   -9.0   -9.0   -9.0   -9.0   -9.0   -9.0 -9 -9 -                        5   0   -9 Ci         1   0   0  2633 -9.0 -9.00 -9  14.5  18.6  17.9  16.4  14.7  -9 -9.0 -9  3  2
202504302200 108  20  1.9  -9 -9.0   -9 1001.1 1011.1 -9  -9.0  19.2   3.3  35.0   7.7   -9.0   -9.0   -9.0   -9.0   -9.0   -9.0   -9.0 -9 -9 -                        7   1   -9 -         -9  -9  -9  2252 -9.0 -9.00 -9  14.2  18.0  17.6  17.0  15.4  -9 -9.0 -9  3 -9
202504302300 108  16  1.2  -9 -9.0   -9 1000.7 1010.7 -9  -9.0  18.2   3.6  38.0   7.9   -9.0   -9.0   -9.0   -9.0   -9.0   -9.0   -9.0 -9 -9 -                        6   5   72 -         -9  -9  -9  2074 -9.0 -9.00 -9  13.4  17.6  17.2  16.9  15.6  -9 -9.0 -9  3 -9
#7777END
