#START7777
#2345678901234567890123456789012345678901234567890123456789012345678901234567890123456789012345678901234567890123456789012345678901234567890123456789012345678901234567890123456789012345678901234567890123456789012345678901234567890123456789012345678901234
# YYMMDDHHMI STN  WD   WS GST  GST  GST     PA     PS PT    PR    TA    TD    HM    PV     RN     RN     RN     RN     SD     SD     SD WC WP WW                      CA  CA   CH CT        CT  CT  CT    VS   SS    SI ST    TS    TE    TE    TE    TE  ST   WH BF IR IX
#        KST  ID  16  m/s  WD   WS   TM    hPa    hPa  -   hPa     C     C     %   hPa     mm    DAY    JUN    INT    HR3    DAY    TOT -- -- ---------------------- TOT MID  MIN -------- TOP MID LOW                  GD     C     5    10    20    30 SEA    m --  -  -
202403010000 108  27  3.0  29 11.0 2234 1011.1 1021.9  2   1.9   0.3  -8.4  52.0   3.2   -9.0   -9.0   -9.0   -9.0   -9.0   -9.0   -9.0 -9 -9 -                        0   0   -9 -         -9  -9  -9  2136 -9.0 -9.00 -9   0.3   4.5   4.7   5.0   5.1  -9 -9.0 -9  3  2
202403010100 108  27  2.9  -9 -9.0   -9 1011.1 1022.0 -9  -9.0  -0.4  -8.3  55.0   3.3   -9.0   -9.0   -9.0   -9.0   -9.0   -9.0   -9.0 -9 -9 -                        0   0   -9 -         -9  -9  -9  1725 -9.0 -9.00 -9  -0.2   4.1   4.4   4.8   5.1  -9 -9.0 -9  3 -9
202403010200 108  27  3.5  -9 -9.0   -9 1011.7 1022.6 -9  -9.0  -1.2  -8.8  56.0   3.1   -9.0   -9.0   -9.0   -9.0   -9.0   -9.0   -9.0 -9 -9 -                        0   0   -9 -         -9  -9  -9  1750 -9.0 -9.00 -9  -0.9   3.8   4.2   4.7   5.0  -9 -9.0 -9  3 -9
202403010300 108  27  4.1  29 11.0 2234 1012.2 1023.1  2   1.2  -1.9 -10.4  52.0   2.8   -9.0   -9.0   -9.0   -9.0   -9.0   -9.0   -9.0 -9 -9 -                        0   0   -9 -         -9  -9  -9  2061 -9.0 -9.00 -9  -1.3   3.5   3.9   4.5   5.0  -9 -9.0 -9  3  2
202403010400 108  29  3.9  -9 -9.0   -9 1012.5 1023.5 -9  -9.0  -2.5 -13.3  43.0   2.2   -9.0   -9.0   -9.0   -9.0   -9.0   -9.0   -9.0 -9 -9 -                        0   0   -9 -         -9  -9  -9  2589 -9.0 -9.00 -9  -1.7   3.3   3.7   4.3   4.9  -9 -9.0 -9  3  2
202403010500 108  29  5.0  -9 -9.0   -9 1012.5 1023.5 -9  -9.0  -2.8 -15.8  36.0   1.8   -9.0   -9.0   -9.0   -9.0   -9.0   -9.0   -9.0 -9 -9 -                        7   0   -9 Ci         1   0   0  3582 -9.0 -9.00 -9  -1.9   3.0   3.4   4.1   4.8  -9 -9.0 -9  3  2
202403010600 108  27  4.2  -9 -9.0   -9 1012.6 1023.6  2   0.5  -3.8 -16.3  37.0   1.7   -9.0   -9.0   -9.0   -9.0   -9.0   -9.0   -9.0 -9 -9 -                        0   0   -9 -         -9  -9  -9  3854 -9.0 -9.00 -9  -2.4   2.8   3.2   4.0   4.7  -9 -9.0 -9  3  2
202403010700 108  29  4.4  32 10.0  639 1013.2 1024.3 -9  -9.0  -4.8 -17.6  36.0   1.5   -9.0   -9.0   -9.0   -9.0   -9.0   -9.0   -9.0 -9 -9 -                        0   0   -9 -         -9  -9  -9  3921 -9.0 -9.00 -9  -2.9   2.7   3.1   3.8   4.6  -9 -9.0 -9  3  2
202403010800 108  27  3.1  25 11.0  707 1013.8 1024.9 -9  -9.0  -5.3 -17.4  38.0   1.6   -9.0   -9.0   -9.0   -9.0   -9.0   -9.0   -9.0 -9 -9 -                        0   0   -9 -         -9  -9  -9  3956  0.6  0.19 -9  -2.9   2.5   2.9   3.6   4.5  -9 -9.0 -9  3  2
202403010900 108  29  5.2  25 11.0  707 1013.8 1024.9  1   1.3  -4.8 -17.6  36.0   1.5   -9.0   -9.0   -9.0   -9.0   -9.0   -9.0   -9.0 -9 -9 -                        0   0   -9 -         -9  -9  -9  3914  1.0  0.87 -9  -0.5   2.3   2.7   3.5   4.4  -9 -9.0 -9  3  2
202403011000 108  29  5.5  32 11.0  931 1013.9 1025.0 -9  -9.0  -4.5 -19.1  31.0   1.4   -9.0   -9.0   -9.0   -9.0   -9.0   -9.0   -9.0 -9 -9 -                        0   0   -9 -         -9  -9  -9  4131  1.0  1.69 -9   0.6   2.2   2.6   3.4   4.3  -9 -9.0 -9  3  2
202403011100 108  29  3.9  29 11.0 1023 1013.8 1024.8 -9  -9.0  -3.3 -16.6  35.0   1.7   -9.0   -9.0   -9.0   -9.0   -9.0   -9.0   -9.0 -9 -9 -                        0   0   -9 -         -9  -9  -9  3560  1.0  2.31 -9   1.8   2.2   2.5   3.2   4.2  -9 -9.0 -9  3  2
202403011200 108  29  4.6  32 11.0  931 1013.6 1024.6  8  -0.3  -3.0 -17.0  33.0   1.6   -9.0   -9.0   -9.0   -9.0   -9.0   -9.0   -9.0 -9 -9 -                        0   0   -9 -         -9  -9  -9  3016  1.0  2.72 -9   5.0   2.2   2.4   3.1   4.1  -9 -9.0 -9  3  2
202403011300 108  27  4.9  29 12.0 1245 1013.0 1024.0 -9  -9.0  -2.7 -18.3  29.0   1.5   -9.0   -9.0   -9.0   -9.0   -9.0   -9.0   -9.0 -9 -9 -                        0   0   -9 -         -9  -9  -9  3274  1.0  2.92 -9   9.4   2.2   2.4   3.0   4.0  -9 -9.0 -9  3  2
202403011400 108  27  7.1  27 13.0 1354 1012.5 1023.5 -9  -9.0  -2.3 -19.2  26.0   1.3   -9.0   -9.0   -9.0   -9.0   -9.0   -9.0   -9.0 -9 -9 -                        0   0   -9 -         -9  -9  -9  3839  1.0  2.93 -9   9.9   2.3   2.4   3.0   3.9  -9 -9.0 -9  3  2
202403011500 108  29  6.2  27 14.0 1427 1012.2 1023.1  7  -1.5  -2.2 -18.7  27.0   1.4   -9.0   -9.0   -9.0   -9.0   -9.0   -9.0   -9.0 -9 -9 -                        0   0   -9 -         -9  -9  -9  4794  1.0  2.63 -9   8.8   2.4   2.4   2.9   3.8  -9 -9.0 -9  3  2
202403011600 108  29  5.7  29 10.0 1600 1012.0 1022.9 -9  -9.0  -2.2 -15.9  34.0   1.8   -9.0   -9.0   -9.0   -9.0   -9.0   -9.0   -9.0 -9 -9 -                        1   1   10 Sc         0   0   5  4713  1.0  2.06 -9   6.8   2.6   2.5   2.9   3.8  -9 -9.0 -9  3  2
202403011700 108  27  4.4  32 12.0 1615 1012.1 1023.1 -9  -9.0  -2.4 -16.8  32.0   1.6   -9.0   -9.0   -9.0   -9.0   -9.0   -9.0   -9.0 -9 -9 -                        0   0   -9 -         -9  -9  -9  4760  1.0  1.39 -9   2.5   2.6   2.5   2.9   3.7  -9 -9.0 -9  3  2
202403011800 108  29  6.0  32 12.0 1615 1012.4 1023.4  3   0.3  -3.9 -17.8  33.0   1.5   -9.0   -9.0   -9.0   -9.0   -9.0   -9.0   -9.0 -9 -9 -                        0   0   -9 -         -9  -9  -9  4518  1.0  0.59 -9   0.3   2.5   2.5   2.9   3.7  -9 -9.0 -9  3  2
202403011900 108  29  4.7  -9 -9.0   -9 1013.1 1024.2 -9  -9.0  -5.0 -16.5  40.0   1.7   -9.0   -9.0   -9.0   -9.0   -9.0   -9.0   -9.0 -9 -9 -                        0   0   -9 -         -9  -9  -9  4000  0.0  0.03 -9  -1.1   2.4   2.5   3.0   3.8  -9 -9.0 -9  3 -9
202403012000 108  29  2.9  -9 -9.0   -9 1013.9 1025.0 -9  -9.0  -5.6 -16.2  43.0   1.7   -9.0   -9.0   -9.0   -9.0   -9.0   -9.0   -9.0 -9 -9 -                        0   0   -9 -         -9  -9  -9  3773 -9.0 -9.00 -9  -1.6   2.2   2.4   3.0   3.8  -9 -9.0 -9  3 -9
202403012100 108  29  4.4  32 12.0 1615 1014.5 1025.6  2   2.2  -6.0 -16.3  44.0   1.7   -9.0   -9.0   -9.0   -9.0   -9.0   -9.0   -9.0 -9 -9 -                        0   0   -9 -         -9  -9  -9  3550 -9.0 -9.00 -9  -2.0   2.1   2.3   2.9   3.8  -9 -9.0 -9  3  2
202403012200 108  27  3.4  29 10.0 2108 1015.0 1026.2 -9  -9.0  -6.5 -15.9  47.0   1.8   -9.0   -9.0   -9.0   -9.0   -9.0   -9.0   -9.0 -9 -9 -                        0   0   -9 -         -9  -9  -9  3348 -9.0 -9.00 -9  -2.4   2.0   2.2   2.9   3.7  -9 -9.0 -9  3 -9
202403012300 108  29  3.2  -9 -9.0   -9 1015.2 1026.4 -9  -9.0  -6.8 -15.7  49.0   1.8   -9.0   -9.0   -9.0   -9.0   -9.0   -9.0   -9.0 -9 -9 -                        0   0   -9 -         -9  -9  -9  3227 -9.0 -9.00 -9  -3.1   1.9   2.1   2.8   3.7  -9 -9.0 -9  3 -9
202403020000 108  27  2.4  29 10.0 2108 1015.2 1026.4  1   0.8  -7.1 -16.0  49.0   1.8   -9.0   -9.0   -9.0   -9.0   -9.0   -9.0   -9.0 -9 -9 -                        0   0   -9 -         -9  -9  -9  3273 -9.0 -9.00 -9  -3.5   1.8   2.0   2.7   3.7  -9 -9.0 -9  3  2
202403020100 108  29  1.5  -9 -9.0   -9 1015.1 1026.3 -9  -9.0  -7.4 -16.5  48.0   1.7   -9.0   -9.0   -9.0   -9.0   -9.0   -9.0   -9.0 -9 -9 -                        0   0   -9 -         -9  -9  -9  3426 -9.0 -9.00 -9  -3.9   1.7   2.0   2.7   3.6  -9 -9.0 -9  3 -9
202403020200 108  29  0.6  -9 -9.0   -9 1014.8 1026.0 -9  -9.0  -7.7 -16.8  48.0   1.6   -9.0   -9.0   -9.0   -9.0   -9.0   -9.0   -9.0 -9 -9 -                        0   0   -9 -         -9  -9  -9  3262 -9.0 -9.00 -9  -4.1   1.6   1.9   2.6   3.6  -9 -9.0 -9  3 -9
202403020300 108  36  1.5  29 10.0 2108 1014.2 1025.4  7  -1.0  -8.0 -15.4  55.0   1.8   -9.0   -9.0   -9.0   -9.0   -9.0   -9.0   -9.0 -9 -9 -                        0   0   -9 -         -9  -9  -9  2968 -9.0 -9.00 -9  -4.3   1.5   1.8   2.5   3.5  -9 -9.0 -9  3  2
202403020400 108   2  1.2  -9 -9.0   -9 1013.4 1024.6 -9  -9.0  -8.0 -15.6  54.0   1.8   -9.0   -9.0   -9.0   -9.0   -9.0   -9.0   -9.0 -9 -9 -                        0   0   -9 -         -9  -9  -9  3437 -9.0 -9.00 -9  -4.4   1.4   1.7   2.4   3.4  -9 -9.0 -9  3  2
202403020500 108   2  0.8  -9 -9.0   -9 1012.7 1023.9 -9  -9.0  -8.0 -15.0  57.0   1.9   -9.0   -9.0   -9.0   -9.0   -9.0   -9.0   -9.0 -9 -9 -                        0   0   -9 -         -9  -9  -9  3321 -9.0 -9.00 -9  -4.5   1.3   1.6   2.4   3.4  -9 -9.0 -9  3  2
202403020600 108   5  1.8  -9 -9.0   -9 1012.3 1023.5  7  -1.9  -7.9 -15.1  56.0   1.9   -9.0   -9.0   -9.0   -9.0   -9.0   -9.0   -9.0 -9 -9 -                        0   0   -9 -         -9  -9  -9  3461 -9.0 -9.00 -9  -4.6   1.2   1.6   2.3   3.3  -9 -9.0 -9  3  2
202403020700 108   2  1.7  -9 -9.0   -9 1012.1 1023.3 -9  -9.0  -8.0 -14.8  58.0   1.9   -9.0   -9.0   -9.0   -9.0   -9.0   -9.0   -9.0 -9 -9 -                        0   0   -9 -         -9  -9  -9  3407 -9.0 -9.00 -9  -4.7   1.2   1.5   2.2   3.3  -9 -9.0 -9  3  2
202403020800 108   7  1.1  -9 -9.0   -9 1012.3 1023.5 -9  -9.0  -7.4 -13.8  60.0   2.1   -9.0   -9.0   -9.0   -9.0   -9.0   -9.0   -9.0 -9 -9 -                        0   0   -9 -         -9  -9  -9  3290  0.6  0.18 -9  -4.0   1.1   1.4   2.2   3.2  -9 -9.0 -9  3  2
202403020900 108  11  2.3  -9 -9.0   -9 1012.2 1023.2  7  -0.3  -4.2 -11.4  57.0   2.6   -9.0   -9.0   -9.0   -9.0   -9.0   -9.0   -9.0 -9 -9 -                        0   0   -9 -         -9  -9  -9  3392  1.0  0.80 -9  -0.9   1.0   1.4   2.1   3.1  -9 -9.0 -9  3  2
202403021000 108  16  2.4  -9 -9.0   -9 1011.5 1022.4 -9  -9.0  -2.1 -10.4  53.0   2.8   -9.0   -9.0   -9.0   -9.0   -9.0   -9.0   -9.0 -9 -9 -                        0   0   -9 -         -9  -9  -9  3170  1.0  1.53 -9   1.0   1.1   1.3   2.0   3.0  -9 -9.0 -9  3  2
202403021100 108  23  2.3  -9 -9.0   -9 1011.0 1021.8 -9  -9.0   0.2  -8.2  53.0   3.3   -9.0   -9.0   -9.0   -9.0   -9.0   -9.0   -9.0 -9 -9 -                        2   2   10 Sc         0   0   5  3246  0.9  2.03 -9   3.0   1.1   1.3   2.0   3.0  -9 -9.0 -9  3  2
202403021200 108  20  4.7  -9 -9.0   -9 1009.7 1020.4  7  -2.8   1.9  -6.4  54.0   3.8   -9.0   -9.0   -9.0   -9.0   -9.0   -9.0   -9.0 -9 -9 -                        7   7   10 Sc         0   0   5  3247  0.9  2.43 -9   5.2   1.1   1.3   1.9   2.9  -9 -9.0 -9  3  2
202403021300 108  20  5.4  23 12.0 1236 1008.4 1019.1 -9  -9.0   2.2  -5.6  56.0   4.0   -9.0    0.0    0.0   -9.0   -9.0   -9.0   -9.0 22 72 05                       7   7   10 Sc         0   0   5  3897  0.3  1.58 -9   4.3   1.1   1.3   1.9   2.9  -9 -9.0 -9  4  1
202403021400 108  20  6.4  23 12.0 1352 1007.0 1017.7 -9  -9.0   2.9  -6.0  52.0   3.9   -9.0    0.0    0.0   -9.0   -9.0   -9.0   -9.0 -9 -9 -                        6   6   11 Sc         0   0   5  3628  0.2  1.48 -9   3.3   1.1   1.3   1.8   2.8  -9 -9.0 -9  3  2
202403021500 108  23  6.3  18 13.0 1439 1006.5 1017.2  7  -3.2   3.2  -5.4  53.0   4.1    0.0    0.0    0.0   -9.0   -9.0   -9.0   -9.0 -9 71 -                        8   8   10 Sc         0   0   5  3133  0.4  1.61 -9   4.3   1.1   1.2   1.8   2.8  -9 -9.0 -9  3  1
202403021600 108  20  6.5  20 12.0 1504 1006.3 1017.0 -9  -9.0   3.1  -4.3  58.0   4.4   -9.0    0.0    0.0   -9.0   -9.0   -9.0   -9.0 -9 -9 -                        9   9   11 Sc         0   0   5  3482  0.0  0.56 -9   1.6   1.1   1.2   1.8   2.7  -9 -9.0 -9  3  2
202403021700 108  23  5.2  23 12.0 1602 1005.5 1016.1 -9  -9.0   3.7  -3.8  58.0   4.6   -9.0    0.0    0.0   -9.0   -9.0   -9.0   -9.0 -9 -9 -                        4   4   10 Sc         0   0   5  2987  0.3  0.63 -9   2.0   1.1   1.2   1.7   2.7  -9 -9.0 -9  3  2
202403021800 108  20  5.9  20 12.0 1504 1005.3 1015.9  7  -1.3   3.4  -3.2  62.0   4.8   -9.0    0.0    0.0   -9.0   -9.0   -9.0   -9.0 -9 -9 -                        4   4   10 Sc         0   0   5  2271  0.2  0.36 -9   0.3   1.2   1.2   1.7   2.7  -9 -9.0 -9  3  2
202403021900 108  20  5.2  23 12.0 1809 1005.1 1015.7 -9  -9.0   3.5  -2.4  65.0   5.1   -9.0    0.0    0.0   -9.0   -9.0   -9.0   -9.0 -9 -9 -                        9   9    9 -         -9  -9  -9  1878  0.0  0.02 -9   0.1   1.2   1.2   1.7   2.6  -9 -9.0 -9  3 -9
202403022000 108  20  4.1  18 12.0 1904 1005.1 1015.7 -9  -9.0   3.3  -2.0  68.0   5.3   -9.0    0.0    0.0   -9.0   -9.0   -9.0   -9.0 70 72 05                       8   8    9 Sc         0   0   5  1641 -9.0 -9.00 -9   0.1   1.2   1.2   1.7   2.6  -9 -9.0 -9  4  1
202403022100 108  20  3.1  23 12.0 1809 1005.4 1016.0  3   0.1   3.3  -1.8  69.0   5.4    0.0    0.0    0.0   -9.0   -9.0   -9.0   -9.0 22 71 05                       9   9    9 Sc         0   0   5  1669 -9.0 -9.00 -9   0.1   1.3   1.2   1.6   2.6  -9 -9.0 -9  1  1
202403022200 108  20  3.0  -9 -9.0   -9 1005.3 1015.9 -9  -9.0   3.4  -1.3  71.0   5.6   -9.0    0.0    0.0   -9.0   -9.0   -9.0   -9.0 -9 -9 -                        9   9    7 -         -9  -9  -9  1450 -9.0 -9.00 -9   0.4   1.3   1.3   1.6   2.6  -9 -9.0 -9  3 -9
202403022300 108  20  2.8  -9 -9.0   -9 1005.0 1015.6 -9  -9.0   3.4  -1.1  72.0   5.6   -9.0    0.0    0.0   -9.0   -9.0   -9.0   -9.0 -9 -9 -                        9   9    7 -         -9  -9  -9  1329 -9.0 -9.00 -9   0.3   1.4   1.3   1.6   2.5  -9 -9.0 -9  3 -9
202403030000 108  23  3.2  -9 -9.0   -9 1005.1 1015.7  5  -0.3   4.1   0.4  77.0   6.3   -9.0    0.0    0.0   -9.0   -9.0   -9.0   -9.0 10 22 19                       8   8    6 Sc         0   0   5   543 -9.0 -9.00 -9   0.8   1.4   1.3   1.6   2.5  -9 -9.0 -9  3  1
202403030100 108  25  3.1  -9 -9.0   -9 1004.9 1015.5 -9  -9.0   4.2   0.6  78.0   6.4   -9.0   -9.0   -9.0   -9.0   -9.0   -9.0   -9.0 -9 -9 19                       9   9    5 -         -9  -9  -9   431 -9.0 -9.00 -9   1.2   1.5   1.3   1.6   2.5  -9 -9.0 -9  3  2
202403030200 108  27  4.4  29 10.0  133 1005.4 1016.0 -9  -9.0   4.1   0.7  79.0   6.4   -9.0   -9.0   -9.0   -9.0   -9.0   -9.0   -9.0 -9 -9 19                       2   2    5 -         -9  -9  -9   396 -9.0 -9.00 -9   1.1   1.6   1.4   1.7   2.5  -9 -9.0 -9  3  2
202403030300 108  25  3.6  27 11.0  205 1005.5 1016.1  3   0.4   3.5   0.1  79.0   6.2   -9.0   -9.0   -9.0   -9.0   -9.0   -9.0   -9.0 10 22 19                       7   7    7 Sc         0   0   5   405 -9.0 -9.00 -9   0.2   1.6   1.4   1.7   2.5  -9 -9.0 -9  3  1
202403030400 108  25  2.9  -9 -9.0   -9 1005.9 1016.6 -9  -9.0   2.4  -1.0  78.0   5.7   -9.0   -9.0   -9.0   -9.0   -9.0   -9.0   -9.0 10  0 19                       0   0   -9 -         -9  -9  -9   392 -9.0 -9.00 -9   0.0   1.6   1.4   1.7   2.5  -9 -9.0 -9  3  1
202403030500 108  23  2.1  -9 -9.0   -9 1006.0 1016.7 -9  -9.0   1.5  -1.5  80.0   5.5   -9.0   -9.0   -9.0   -9.0   -9.0   -9.0   -9.0 10  0 19                       0   0   -9 -         -9  -9  -9   380 -9.0 -9.00 -9   0.0   1.5   1.4   1.7   2.5  -9 -9.0 -9  3  1
202403030600 108  27  2.4  -9 -9.0   -9 1006.0 1016.8  2   0.7   0.9  -1.9  81.0   5.3   -9.0   -9.0   -9.0   -9.0   -9.0   -9.0   -9.0 10  0 19                       0   0   -9 -         -9  -9  -9   369 -9.0 -9.00 -9  -0.1   1.4   1.4   1.7   2.5  -9 -9.0 -9  3  1
202403030700 108  25  2.3  -9 -9.0   -9 1006.5 1017.3 -9  -9.0   0.5  -2.0  83.0   5.3   -9.0   -9.0   -9.0   -9.0   -9.0   -9.0   -9.0 10  0 19                       0   0   -9 -         -9  -9  -9   335 -9.0 -9.00 -9  -0.4   1.3   1.3   1.7   2.5  -9 -9.0 -9  3  1
202403030800 108  25  2.2  -9 -9.0   -9 1006.9 1017.7 -9  -9.0   0.7  -1.5  85.0   5.5   -9.0   -9.0   -9.0   -9.0   -9.0   -9.0   -9.0 10  0 19                       0   0   -9 -         -9  -9  -9   334  0.0  0.15 -9  -0.3   1.3   1.3   1.7   2.5  -9 -9.0 -9  3  1
202403030900 108  29  1.5  -9 -9.0   -9 1007.2 1017.9  2   1.1   2.0  -1.2  79.0   5.6   -9.0   -9.0   -9.0   -9.0   -9.0   -9.0   -9.0 10  0 19                       0   0   -9 -         -9  -9  -9   382  1.0  0.67 -9  -0.2   1.3   1.3   1.7   2.5  -9 -9.0 -9  3  1
202403031000 108  27  2.0  -9 -9.0   -9 1007.3 1017.9 -9  -9.0   3.5  -2.8  63.0   5.0   -9.0   -9.0   -9.0   -9.0   -9.0   -9.0   -9.0  5  0 4019                     0   0   -9 -         -9  -9  -9   524  1.0  1.33 -9   4.5   1.4   1.3   1.7   2.5  -9 -9.0 -9  3  1
202403031100 108  29  2.9  -9 -9.0   -9 1007.2 1017.8 -9  -9.0   4.9  -4.9  49.0   4.2   -9.0   -9.0   -9.0   -9.0   -9.0   -9.0   -9.0  5  0 40                       0   0   -9 -         -9  -9  -9   960  1.0  1.85 -9  10.7   1.8   1.5   1.7   2.5  -9 -9.0 -9  3  1
202403031200 108  25  2.8  -9 -9.0   -9 1007.2 1017.7  7  -0.2   6.7  -4.1  46.0   4.5   -9.0   -9.0   -9.0   -9.0   -9.0   -9.0   -9.0  5  0 40                       7   7   19 Sc         0   0   5   967  0.8  2.12 -9  13.2   2.4   1.7   1.6   2.4  -9 -9.0 -9  3  1
202403031300 108  25  4.0  -9 -9.0   -9 1006.4 1016.9 -9  -9.0   7.3  -2.4  50.0   5.1   -9.0   -9.0   -9.0   -9.0   -9.0   -9.0   -9.0  5  0 40                       3   3   11 Sc         0   0   5   736  0.9  2.24 -9  13.3   3.1   2.2   1.8   2.4  -9 -9.0 -9  3  1
202403031400 108  23  4.1  -9 -9.0   -9 1005.7 1016.2 -9  -9.0   7.3   0.0  60.0   6.1   -9.0   -9.0   -9.0   -9.0   -9.0   -9.0   -9.0  5 22 40                       9   9    9 Sc         0   0   5   549  0.3  1.45 -9  10.0   3.8   2.6   2.0   2.4  -9 -9.0 -9  3  1
202403031500 108  27  4.0  -9 -9.0   -9 1005.4 1015.9  7  -1.8   7.3   0.4  62.0   6.3   -9.0   -9.0   -9.0   -9.0   -9.0   -9.0   -9.0  5  0 40                       4   4    8 Sc         0   0   5   504  0.2  1.11 -9  10.4   4.2   3.1   2.2   2.6  -9 -9.0 -9  3  1
202403031600 108  27  3.8  -9 -9.0   -9 1005.3 1015.8 -9  -9.0   7.2   0.8  64.0   6.5   -9.0   -9.0   -9.0   -9.0   -9.0   -9.0   -9.0  5  0 40                       4   4    8 Sc         0   0   5   503  0.5  1.32 -9   9.7   4.5   3.4   2.5   2.7  -9 -9.0 -9  3  1
202403031700 108  27  4.8  -9 -9.0   -9 1005.4 1015.9 -9  -9.0   6.8   0.6  65.0   6.4   -9.0   -9.0   -9.0   -9.0   -9.0   -9.0   -9.0  5  0 40                       3   3   10 Sc         0   0   5   483  0.9  0.86 -9   7.6   4.7   3.7   2.8   2.7  -9 -9.0 -9  3  1
202403031800 108  27  2.6  -9 -9.0   -9 1005.7 1016.2  3   0.3   6.0   0.1  66.0   6.2   -9.0   -9.0   -9.0   -9.0   -9.0   -9.0   -9.0  5  0 40                       0   0   -9 -         -9  -9  -9   474  0.0  0.39 -9   5.0   4.7   3.9   3.1   3.0  -9 -9.0 -9  3  1
202403031900 108  25  2.6  -9 -9.0   -9 1006.1 1016.7 -9  -9.0   5.0   0.1  71.0   6.2   -9.0   -9.0   -9.0   -9.0   -9.0   -9.0   -9.0 -9 -9 40                       0   0   -9 -         -9  -9  -9   457  0.0  0.03 -9   2.8   4.6   4.0   3.3   3.2  -9 -9.0 -9  3  2
202403032000 108  29  3.5  -9 -9.0   -9 1007.2 1017.8 -9  -9.0   4.4   0.3  75.0   6.2   -9.0   -9.0   -9.0   -9.0   -9.0   -9.0   -9.0 -9 -9 40                       0   0   -9 -         -9  -9  -9   414 -9.0 -9.00 -9   1.7   4.3   3.9   3.4   3.3  -9 -9.0 -9  3  2
202403032100 108  25  1.9  -9 -9.0   -9 1007.9 1018.6  2   2.4   3.6   0.0  77.0   6.1   -9.0   -9.0   -9.0   -9.0   -9.0   -9.0   -9.0  5  0 40                       0   0   -9 -         -9  -9  -9   382 -9.0 -9.00 -9   0.8   4.0   3.8   3.5   3.4  -9 -9.0 -9  3  1
202403032200 108  27  1.4  -9 -9.0   -9 1008.5 1019.2 -9  -9.0   2.9  -0.3  79.0   6.0   -9.0   -9.0   -9.0   -9.0   -9.0   -9.0   -9.0 -9 -9 40                       0   0   -9 -         -9  -9  -9   374 -9.0 -9.00 -9   0.4   3.7   3.6   3.5   3.5  -9 -9.0 -9  3  2
202403032300 108  29  1.7  -9 -9.0   -9 1008.7 1019.4 -9  -9.0   2.5  -0.2  82.0   6.0   -9.0   -9.0   -9.0   -9.0   -9.0   -9.0   -9.0 -9 -9 4019                     0   0   -9 -         -9  -9  -9   371 -9.0 -9.00 -9   0.4   3.4   3.4   3.4   3.6  -9 -9.0 -9  3  2
202403040000 108  27  1.1  -9 -9.0   -9 1009.3 1020.0  2   1.4   1.8  -0.9  82.0   5.7   -9.0   -9.0   -9.0   -9.0   -9.0   -9.0   -9.0 10  0 19                       0   0   -9 -         -9  -9  -9   356 -9.0 -9.00 -9   0.3   3.1   3.2   3.4   3.6  -9 -9.0 -9  3  1
202403040100 108  25  1.5  -9 -9.0   -9 1009.5 1020.3 -9  -9.0   1.4  -1.0  84.0   5.7   -9.0   -9.0   -9.0   -9.0   -9.0   -9.0   -9.0 -9 -9 19                       0   0   -9 -         -9  -9  -9   351 -9.0 -9.00 -9   0.2   2.8   3.0   3.3   3.6  -9 -9.0 -9  3  2
202403040200 108  27  2.1  -9 -9.0   -9 1010.1 1020.9 -9  -9.0   0.9  -1.5  84.0   5.5   -9.0   -9.0   -9.0   -9.0   -9.0   -9.0   -9.0 -9 -9 19                       0   0   -9 -         -9  -9  -9   406 -9.0 -9.00 -9   0.0   2.6   2.8   3.2   3.6  -9 -9.0 -9  3  2
202403040300 108  36  1.2  -9 -9.0   -9 1010.0 1020.8  0   0.8   0.4  -1.6  86.0   5.4   -9.0   -9.0   -9.0   -9.0   -9.0   -9.0   -9.0 10  0 19                       0   0   -9 -         -9  -9  -9   332 -9.0 -9.00 -9  -0.4   2.4   2.7   3.1   3.6  -9 -9.0 -9  3  1
202403040400 108  36  1.1  -9 -9.0   -9 1010.1 1021.0 -9  -9.0  -0.2  -2.1  87.0   5.2   -9.0   -9.0   -9.0   -9.0   -9.0   -9.0   -9.0 10  0 19                       0   0   -9 -         -9  -9  -9   325 -9.0 -9.00 -9  -0.7   2.3   2.5   2.9   3.5  -9 -9.0 -9  3  1
202403040500 108   5  0.9  -9 -9.0   -9 1010.8 1021.7 -9  -9.0  -0.6  -4.3  76.0   4.4   -9.0   -9.0   -9.0   -9.0   -9.0   -9.0   -9.0 10  0 19                       0   0   -9 -         -9  -9  -9   705 -9.0 -9.00 -9  -1.0   2.2   2.4   2.8   3.5  -9 -9.0 -9  3  1
202403040600 108   2  1.7  -9 -9.0   -9 1011.1 1022.0  2   1.2  -1.3  -5.8  71.0   4.0   -9.0   -9.0   -9.0   -9.0   -9.0   -9.0   -9.0 -9 -9 19                       0   0   -9 -         -9  -9  -9  1205 -9.0 -9.00 -9  -1.2   2.0   2.3   2.7   3.4  -9 -9.0 -9  3  2
202403040700 108   5  1.6  -9 -9.0   -9 1011.5 1022.4 -9  -9.0  -1.7  -6.2  71.0   3.8   -9.0   -9.0   -9.0   -9.0   -9.0   -9.0   -9.0 -9 -9 -                        0   0   -9 -         -9  -9  -9  1440  0.0  0.00 -9  -1.3   1.9   2.2   2.6   3.3  -9 -9.0 -9  3  2
202403040800 108   5  2.0  -9 -9.0   -9 1011.9 1022.8 -9  -9.0  -1.4  -6.7  67.0   3.7   -9.0   -9.0   -9.0   -9.0   -9.0   -9.0   -9.0 -9 -9 -                        0   0   -9 -         -9  -9  -9  1418  0.6  0.20 -9  -0.9   1.8   2.1   2.6   3.3  -9 -9.0 -9  3  2
202403040900 108   7  2.3  -9 -9.0   -9 1012.7 1023.5  2   1.5   1.3  -8.0  50.0   3.3   -9.0   -9.0   -9.0   -9.0   -9.0   -9.0   -9.0 -9 -9 -                        0   0   -9 -         -9  -9  -9  1727  1.0  0.84 -9  -0.2   1.8   2.0   2.5   3.2  -9 -9.0 -9  3  2
202403041000 108   5  2.5  -9 -9.0   -9 1012.6 1023.3 -9  -9.0   3.8  -8.2  41.0   3.3   -9.0   -9.0   -9.0   -9.0   -9.0   -9.0   -9.0 -9 -9 -                        0   0   -9 -         -9  -9  -9  2086  1.0  1.64 -9   1.0   1.8   1.8   2.3   3.1  -9 -9.0 -9  3  2
202403041100 108   7  2.0  -9 -9.0   -9 1012.3 1022.9 -9  -9.0   6.1 -10.6  29.0   2.7   -9.0   -9.0   -9.0   -9.0   -9.0   -9.0   -9.0 -9 -9 -                        0   0   -9 -         -9  -9  -9  2619  1.0  2.26 -9  11.2   2.0   2.0   2.3   3.1  -9 -9.0 -9  3  2
202403041200 108  16  1.8  -9 -9.0   -9 1011.4 1021.9  7  -1.6   8.0  -8.9  29.0   3.1   -9.0   -9.0   -9.0   -9.0   -9.0   -9.0   -9.0 -9 -9 -                        2   0   -9 Ci         1   0   0  2102  1.0  2.67 -9  16.9   2.6   2.2   2.3   3.0  -9 -9.0 -9  3  2
202403041300 108  11  1.4  -9 -9.0   -9 1010.5 1020.9 -9  -9.0  10.2 -10.0  23.0   2.9   -9.0   -9.0   -9.0   -9.0   -9.0   -9.0   -9.0 -9 -9 -                        3   0   -9 Ci         1   0   0  3036  1.0  2.87 -9  19.7   3.5   2.7   2.4   3.0  -9 -9.0 -9  3  2
202403041400 108  18  2.7  -9 -9.0   -9 1009.6 1020.0 -9  -9.0  11.1 -11.7  19.0   2.5   -9.0   -9.0   -9.0   -9.0   -9.0   -9.0   -9.0 -9 -9 -                        6   0   -9 Ci         1   0   0  3750  1.0  2.76 -9  19.0   4.5   3.3   2.5   3.0  -9 -9.0 -9  3  2
202403041500 108  23  1.6  -9 -9.0   -9 1008.8 1019.1  7  -2.8  11.5  -8.9  23.0   3.1   -9.0   -9.0   -9.0   -9.0   -9.0   -9.0   -9.0 -9 -9 -                        8   0   -9 Ci         2   0   0  2687  1.0  1.85 -9  15.8   5.3   3.9   2.8   3.1  -9 -9.0 -9  3  2
202403041600 108  25  2.3  -9 -9.0   -9 1008.5 1018.9 -9  -9.0  11.1  -8.2  25.0   3.3   -9.0   -9.0   -9.0   -9.0   -9.0   -9.0   -9.0 -9 -9 -                        9   0   -9 Ci         2   0   0  2177  0.6  1.28 -9  12.2   5.8   4.5   3.2   3.1  -9 -9.0 -9  3  2
202403041700 108  27  1.8  -9 -9.0   -9 1008.4 1018.8 -9  -9.0  11.2  -7.6  26.0   3.5   -9.0   -9.0   -9.0   -9.0   -9.0   -9.0   -9.0 -9 -9 -                        8   0   -9 Cs         8   0   0  1712  0.9  1.00 -9  10.5   6.1   4.9   3.5   3.3  -9 -9.0 -9  3  2
202403041800 108  29  2.4  -9 -9.0   -9 1008.9 1019.3  3   0.2   9.9  -7.3  29.0   3.5   -9.0   -9.0   -9.0   -9.0   -9.0   -9.0   -9.0 -9 -9 -                        8   0   -9 Ci         2   0   0  1843  0.4  0.40 -9   6.8   6.2   5.2   3.9   3.5  -9 -9.0 -9  3  2
202403041900 108  27  1.7  -9 -9.0   -9 1008.9 1019.4 -9  -9.0   8.4  -6.2  35.0   3.8   -9.0   -9.0   -9.0   -9.0   -9.0   -9.0   -9.0 -9 -9 -                        9   7   43 -         -9  -9  -9  1622  0.0  0.02 -9   4.7   6.0   5.2   4.2   3.7  -9 -9.0 -9  3 -9
202403042000 108  29  2.0  -9 -9.0   -9 1008.6 1019.1 -9  -9.0   7.7  -5.4  39.0   4.1   -9.0   -9.0   -9.0   -9.0   -9.0   -9.0   -9.0 -9 -9 -                       10   9   42 -         -9  -9  -9  1516 -9.0 -9.00 -9   3.4   5.7   5.2   4.4   3.9  -9 -9.0 -9  3 -9
202403042100 108  34  1.0  -9 -9.0   -9 1008.2 1018.7  8  -0.6   6.9  -5.7  40.0   4.0   -9.0   -9.0   -9.0   -9.0   -9.0   -9.0   -9.0 -9 -9 -                        9   7   42 AcCi       2   3   0  1622 -9.0 -9.00 -9   2.8   5.3   5.0   4.4   4.1  -9 -9.0 -9  3  2
202403042200 108   5  1.5  -9 -9.0   -9 1008.5 1019.1 -9  -9.0   6.1  -6.5  40.0   3.8   -9.0   -9.0   -9.0   -9.0   -9.0   -9.0   -9.0 -9 -9 -                        8   8   39 -         -9  -9  -9  1868 -9.0 -9.00 -9   2.0   5.0   4.8   4.5   4.2  -9 -9.0 -9  3 -9
202403042300 108   5  1.7  -9 -9.0   -9 1008.1 1018.7 -9  -9.0   5.8  -7.1  39.0   3.6   -9.0   -9.0   -9.0   -9.0   -9.0   -9.0   -9.0 -9 -9 -                        8   8   37 -         -9  -9  -9  2012 -9.0 -9.00 -9   2.1   4.8   4.7   4.4   4.3  -9 -9.0 -9  3 -9
202403050000 108   5  2.5  -9 -9.0   -9 1007.6 1018.2  8  -0.5   6.1  -7.8  36.0   3.4   -9.0   -9.0   -9.0   -9.0   -9.0   -9.0   -9.0 -9 -9 -                        9   9   34 Ac         0   3   0  2350 -9.0 -9.00 -9   2.5   4.6   4.5   4.4   4.3  -9 -9.0 -9  3  2
202403050100 108   7  1.8  -9 -9.0   -9 1007.5 1018.0 -9  -9.0   6.3  -8.0  35.0   3.3   -9.0   -9.0   -9.0   -9.0   -9.0   -9.0   -9.0 -9 -9 -                       10  10   32 -         -9  -9  -9  2490 -9.0 -9.00 -9   2.6   4.5   4.4   4.3   4.3  -9 -9.0 -9  3 -9
202403050200 108   7  1.9  -9 -9.0   -9 1007.0 1017.5 -9  -9.0   6.6  -8.5  33.0   3.2   -9.0   -9.0   -9.0   -9.0   -9.0   -9.0   -9.0 -9 -9 -                       10  10   29 -         -9  -9  -9  2509 -9.0 -9.00 -9   2.6   4.4   4.3   4.2   4.3  -9 -9.0 -9  3 -9
202403050300 108   7  2.1  -9 -9.0   -9 1006.6 1017.1  7  -1.1   6.4  -8.3  34.0   3.3   -9.0   -9.0   -9.0   -9.0   -9.0   -9.0   -9.0 -9 -9 -                        9   9   33 Ac         0   3   0  2610 -9.0 -9.00 -9   2.7   4.4   4.2   4.2   4.3  -9 -9.0 -9  3  2
202403050400 108   7  2.3  -9 -9.0   -9 1006.2 1016.7 -9  -9.0   6.4  -8.3  34.0   3.3   -9.0   -9.0   -9.0   -9.0   -9.0   -9.0   -9.0 -9 -9 -                       10  10   26 As        -9   2   0  2728 -9.0 -9.00 -9   2.6   4.3   4.2   4.1   4.3  -9 -9.0 -9  3  2
202403050500 108   7  2.2  -9 -9.0   -9 1006.0 1016.5 -9  -9.0   6.4  -8.3  34.0   3.3   -9.0   -9.0   -9.0   -9.0   -9.0   -9.0   -9.0 -9 -9 -                       10  10   26 As        -9   2   0  2761 -9.0 -9.00 -9   2.6   4.3   4.1   4.1   4.3  -9 -9.0 -9  3  2
202403050600 108   7  2.7  -9 -9.0   -9 1005.3 1015.8  7  -1.3   6.5  -7.8  35.0   3.4   -9.0   -9.0   -9.0   -9.0   -9.0   -9.0   -9.0 -9 -9 -                       10  10   26 As        -9   2   0  2526 -9.0 -9.00 -9   2.5   4.2   4.1   4.1   4.3  -9 -9.0 -9  3  2
202403050700 108   7  2.7  -9 -9.0   -9 1005.2 1015.7 -9  -9.0   6.5  -7.5  36.0   3.5   -9.0   -9.0   -9.0   -9.0   -9.0   -9.0   -9.0 -9 -9 -                       10  10   27 As        -9   2   0  2513  0.0  0.00 -9   2.5   4.2   4.1   4.0   4.3  -9 -9.0 -9  3  2
202403050800 108   5  2.3  -9 -9.0   -9 1005.5 1016.0 -9  -9.0   6.4  -6.9  38.0   3.6   -9.0   -9.0   -9.0   -9.0   -9.0   -9.0   -9.0 -9 -9 -                       10  10   28 As        -9   2   0  2141  0.0  0.04 -9   2.9   4.1   4.0   4.0   4.3  -9 -9.0 -9  3  2
202403050900 108   5  3.3  -9 -9.0   -9 1006.0 1016.5  3   0.7   6.9  -5.7  40.0   4.0   -9.0   -9.0   -9.0   -9.0   -9.0   -9.0   -9.0 -9 -9 -                       10   7   14 ScAs      -9   2   5  2127  0.0  0.21 -9   4.3   4.2   4.0   4.0   4.2  -9 -9.0 -9  3  2
202403051000 108   7  2.5  -9 -9.0   -9 1005.6 1016.0 -9  -9.0   8.2  -4.6  40.0   4.3   -9.0   -9.0   -9.0   -9.0   -9.0   -9.0   -9.0 -9 -9 -                        9   9   28 As         0   2   0  1645  0.0  0.65 -9   7.2   4.3   4.1   3.9   4.2  -9 -9.0 -9  3  2
202403051100 108   7  2.9  -9 -9.0   -9 1005.1 1015.5 -9  -9.0   8.8  -3.7  41.0   4.6   -9.0   -9.0   -9.0   -9.0   -9.0   -9.0   -9.0 -9 -9 -                       10   3   19 ScAs      -9   2   5  1430  0.0  0.70 -9   8.8   4.6   4.2   3.9   4.2  -9 -9.0 -9  3  2
202403051200 108   7  3.2  -9 -9.0   -9 1004.2 1014.6  7  -1.9  10.4  -3.6  37.0   4.7   -9.0   -9.0   -9.0   -9.0   -9.0   -9.0   -9.0 -9 -9 -                       10  10   28 As        -9   2   0  1711  0.1  1.40 -9  11.7   5.1   4.5   4.0   4.2  -9 -9.0 -9  3  2
202403051300 108   9  3.4  -9 -9.0   -9 1002.8 1013.1 -9  -9.0  10.8  -3.3  37.0   4.8   -9.0   -9.0   -9.0   -9.0   -9.0   -9.0   -9.0 -9 -9 -                       10  10   28 As        -9   2   0  1490  0.0  1.01 -9  11.2   5.6   4.8   4.1   4.2  -9 -9.0 -9  3  2
202403051400 108   7  2.3  -9 -9.0   -9 1002.4 1012.7 -9  -9.0  10.9  -2.5  39.0   5.1   -9.0   -9.0   -9.0   -9.0   -9.0   -9.0   -9.0 -9 -9 -                       10   5   18 ScAs      -9   2   5  1525  0.0  0.76 -9  10.5   6.0   5.2   4.3   4.3  -9 -9.0 -9  3  2
202403051500 108   5  2.0  -9 -9.0   -9 1002.4 1012.7  6  -1.9  10.8  -1.9  41.0   5.3   -9.0   -9.0   -9.0   -9.0   -9.0   -9.0   -9.0 -9 -9 -                       10   3   17 ScAs      -9   2   5  1546  0.0  0.54 -9   9.4   6.3   5.4   4.5   4.3  -9 -9.0 -9  3  2
202403051600 108  36  2.7  -9 -9.0   -9 1002.4 1012.7 -9  -9.0  10.7  -1.7  42.0   5.4   -9.0   -9.0   -9.0   -9.0   -9.0   -9.0   -9.0 -9 -9 -                       10   2   17 ScAs      -9   2   5  1451  0.0  0.29 -9   8.4   6.4   5.6   4.7   4.4  -9 -9.0 -9  3  2
202403051700 108   7  2.4  -9 -9.0   -9 1000.5 1010.8 -9  -9.0  10.9  -1.5  42.0   5.5   -9.0   -9.0   -9.0   -9.0   -9.0   -9.0   -9.0 -9 -9 -                        8   8   27 As         0   2   0  1378  0.0  0.42 -9   8.5   6.4   5.7   4.8   4.5  -9 -9.0 -9  3  2
202403051800 108   5  3.1  -9 -9.0   -9 1001.5 1011.8  5  -0.9  10.1   0.1  50.0   6.2   -9.0   -9.0   -9.0   -9.0   -9.0   -9.0   -9.0 -9 -9 -                        8   0   -9 Ci         2   0   0  1545  0.0  0.25 -9   6.8   6.4   5.8   5.0   4.6  -9 -9.0 -9  3  2
202403051900 108   5  4.5  -9 -9.0   -9 1002.3 1012.7 -9  -9.0   8.9   1.3  59.0   6.7   -9.0   -9.0   -9.0   -9.0   -9.0   -9.0   -9.0 -9 -9 -                        6   1   73 -         -9  -9  -9  2568  0.0  0.02 -9   5.2   6.3   5.8   5.1   4.7  -9 -9.0 -9  3 -9
202403052000 108   7  4.1  -9 -9.0   -9 1003.1 1013.5 -9  -9.0   8.1   1.0  61.0   6.6   -9.0   -9.0   -9.0   -9.0   -9.0   -9.0   -9.0 -9 -9 -                        9   8   74 -         -9  -9  -9  4380 -9.0 -9.00 -9   4.5   6.1   5.8   5.2   4.8  -9 -9.0 -9  3 -9
202403052100 108   5  3.3  -9 -9.0   -9 1004.1 1014.6  2   2.8   7.3   0.0  60.0   6.1   -9.0   -9.0   -9.0   -9.0   -9.0   -9.0   -9.0 -9 -9 -                        8   0   -9 Ci         1   0   0  5000 -9.0 -9.00 -9   3.8   5.9   5.7   5.2   4.9  -9 -9.0 -9  3  2
202403052200 108   5  3.5  -9 -9.0   -9 1004.4 1014.9 -9  -9.0   6.3  -0.2  63.0   6.0   -9.0   -9.0   -9.0   -9.0   -9.0   -9.0   -9.0 -9 -9 -                        8   7   -9 -         -9  -9  -9  4668 -9.0 -9.00 -9   3.0   5.7   5.5   5.1   4.9  -9 -9.0 -9  3 -9
202403052300 108   5  4.2  -9 -9.0   -9 1004.5 1015.0 -9  -9.0   5.8  -0.4  64.0   5.9   -9.0   -9.0   -9.0   -9.0   -9.0   -9.0   -9.0 -9 -9 -                        8   3   71 -         -9  -9  -9  5000 -9.0 -9.00 -9   2.6   5.5   5.4   5.1   5.0  -9 -9.0 -9  3 -9
202403060000 108   7  3.9  -9 -9.0   -9 1004.6 1015.2  2   0.6   5.5  -0.7  64.0   5.8   -9.0   -9.0   -9.0   -9.0   -9.0   -9.0   -9.0 -9 -9 -                        5   0   -9 Ci         1   0   0  5000 -9.0 -9.00 -9   2.1   5.2   5.2   5.0   5.0  -9 -9.0 -9  3  2
202403060100 108   5  3.5  -9 -9.0   -9 1004.5 1015.1 -9  -9.0   4.8  -1.0  66.0   5.7   -9.0   -9.0   -9.0   -9.0   -9.0   -9.0   -9.0 -9 -9 -                        0   0   -9 -         -9  -9  -9  5000 -9.0 -9.00 -9   1.6   5.0   5.0   4.9   5.0  -9 -9.0 -9  3 -9
202403060200 108   5  2.3  -9 -9.0   -9 1004.5 1015.1 -9  -9.0   4.1  -1.2  68.0   5.6   -9.0   -9.0   -9.0   -9.0   -9.0   -9.0   -9.0 -9 -9 -                        0   0   -9 -         -9  -9  -9  4658 -9.0 -9.00 -9   1.2   4.8   4.9   4.8   5.0  -9 -9.0 -9  3 -9
202403060300 108   7  2.0  -9 -9.0   -9 1004.5 1015.1  6  -0.1   3.6  -1.5  69.0   5.5   -9.0   -9.0   -9.0   -9.0   -9.0   -9.0   -9.0 -9 -9 -                        4   0   -9 Ci         1   0   0  4737 -9.0 -9.00 -9   0.7   4.6   4.7   4.7   4.9  -9 -9.0 -9  3  2
202403060400 108   7  2.4  -9 -9.0   -9 1004.5 1015.1 -9  -9.0   3.2  -1.3  72.0   5.6   -9.0   -9.0   -9.0   -9.0   -9.0   -9.0   -9.0 -9 -9 -                        5   0   -9 Ci         1   0   0  4505 -9.0 -9.00 -9   0.6   4.3   4.5   4.6   4.9  -9 -9.0 -9  3  2
202403060500 108   5  2.5  -9 -9.0   -9 1004.9 1015.6 -9  -9.0   2.8  -1.9  71.0   5.3   -9.0   -9.0   -9.0   -9.0   -9.0   -9.0   -9.0 -9 -9 -                        3   0   -9 Ci         1   0   0  4960 -9.0 -9.00 -9   0.0   4.1   4.3   4.5   4.8  -9 -9.0 -9  3  2
202403060600 108   7  2.5  -9 -9.0   -9 1005.0 1015.7  2   0.6   2.7  -1.4  74.0   5.5   -9.0   -9.0   -9.0   -9.0   -9.0   -9.0   -9.0 -9 -9 -                        2   0   -9 Ci         1   0   0  4852 -9.0 -9.00 -9  -0.1   3.9   4.1   4.4   4.8  -9 -9.0 -9  3  2
202403060700 108   5  2.3  -9 -9.0   -9 1005.9 1016.6 -9  -9.0   2.5  -1.6  74.0   5.4   -9.0   -9.0   -9.0   -9.0   -9.0   -9.0   -9.0 -9 -9 -                        3   3   48 Ac         0   3   0  4781  0.0  0.00 -9   0.3   3.7   3.9   4.2   4.7  -9 -9.0 -9  3  2
202403060800 108   7  2.5  -9 -9.0   -9 1006.3 1016.9 -9  -9.0   3.3  -1.2  72.0   5.6   -9.0   -9.0   -9.0   -9.0   -9.0   -9.0   -9.0 -9 -9 -                        3   3   15 Sc         0   0   5  4571  0.0  0.15 -9   0.6   3.6   3.8   4.1   4.6  -9 -9.0 -9  3  2
202403060900 108   5  3.9  -9 -9.0   -9 1006.6 1017.2  2   1.5   4.5  -0.9  68.0   5.7   -9.0   -9.0   -9.0   -9.0   -9.0   -9.0   -9.0 -9 -9 -                        8   8   13 Sc         0   0   5  4661  0.0  0.48 -9   4.3   3.6   3.7   4.0   4.5  -9 -9.0 -9  3  2
202403061000 108   5  3.2  -9 -9.0   -9 1006.6 1017.2 -9  -9.0   5.8  -0.9  62.0   5.7   -9.0   -9.0   -9.0   -9.0   -9.0   -9.0   -9.0 -9 -9 -                        8   8   14 Sc         0   0   5  4523  0.0  0.65 -9   6.7   3.9   3.8   3.9   4.5  -9 -9.0 -9  3  2
202403061100 108   5  3.0  -9 -9.0   -9 1006.5 1017.0 -9  -9.0   7.5  -0.7  56.0   5.8   -9.0   -9.0   -9.0   -9.0   -9.0   -9.0   -9.0 -9 -9 -                        6   3   44 AcCi       1   3   0  4232  0.6  1.44 -9  12.3   4.2   3.9   3.9   4.4  -9 -9.0 -9  3  2
202403061200 108   7  2.2  -9 -9.0   -9 1006.4 1016.8  7  -0.4   9.2  -0.7  50.0   5.8   -9.0   -9.0   -9.0   -9.0   -9.0   -9.0   -9.0 -9 -9 -                        8   8   13 Sc         0   0   5  4809  0.7  1.92 -9  15.2   4.8   4.2   3.9   4.3  -9 -9.0 -9  3  2
202403061300 108   9  1.6  -9 -9.0   -9 1005.7 1016.1 -9  -9.0   9.4  -0.7  49.0   5.8   -9.0   -9.0   -9.0   -9.0   -9.0   -9.0   -9.0 -9 -9 -                        7   7   12 Sc         0   0   5  4792  0.3  1.54 -9  13.4   5.5   4.7   4.0   4.3  -9 -9.0 -9  3  2
202403061400 108  36  2.4  -9 -9.0   -9 1005.3 1015.7 -9  -9.0   9.6  -0.3  50.0   6.0   -9.0   -9.0   -9.0   -9.0   -9.0   -9.0   -9.0 -9 -9 -                        8   8   12 Sc         0   0   5  4747  0.1  1.21 -9  13.4   6.1   5.1   4.2   4.3  -9 -9.0 -9  3  2
202403061500 108   5  2.1  -9 -9.0   -9 1005.1 1015.5  7  -1.3  10.0  -0.5  48.0   5.9   -9.0   -9.0   -9.0   -9.0   -9.0   -9.0   -9.0 -9 -9 -                        7   7   13 Sc         0   0   5  4312  0.1  1.12 -9  12.6   6.5   5.5   4.4   4.4  -9 -9.0 -9  3  2
202403061600 108   7  1.4  -9 -9.0   -9 1004.9 1015.3 -9  -9.0  10.0  -0.5  48.0   5.9   -9.0   -9.0   -9.0   -9.0   -9.0   -9.0   -9.0 -9 -9 -                        7   7   14 Sc         0   0   5  3656  0.0  0.84 -9  11.7   6.8   5.8   4.7   4.5  -9 -9.0 -9  3  2
202403061700 108   5  2.3  -9 -9.0   -9 1004.9 1015.3 -9  -9.0   9.5  -0.9  48.0   5.7   -9.0   -9.0   -9.0   -9.0   -9.0   -9.0   -9.0 -9 -9 -                        6   6   16 Sc         0   0   5  3702  0.2  0.65 -9   9.3   7.0   6.1   5.0   4.6  -9 -9.0 -9  3  2
202403061800 108   5  2.4  -9 -9.0   -9 1005.0 1015.4  5  -0.1   9.1  -1.0  49.0   5.7   -9.0   -9.0   -9.0   -9.0   -9.0   -9.0   -9.0 -9 -9 -                        7   7   15 Sc         0   0   5  3884  0.3  0.29 -9   7.6   7.0   6.2   5.2   4.8  -9 -9.0 -9  3  2
202403061900 108   5  3.0  -9 -9.0   -9 1005.7 1016.1 -9  -9.0   8.2  -1.0  52.0   5.7   -9.0   -9.0   -9.0   -9.0   -9.0   -9.0   -9.0 -9 -9 -                        7   6   14 -         -9  -9  -9  3532  0.0  0.02 -9   5.9   6.8   6.3   5.4   4.9  -9 -9.0 -9  3 -9
202403062000 108   5  4.8  -9 -9.0   -9 1006.3 1016.8 -9  -9.0   7.2  -2.0  52.0   5.3   -9.0   -9.0   -9.0   -9.0   -9.0   -9.0   -9.0 -9 -9 -                        7   7   15 -         -9  -9  -9  4460 -9.0 -9.00 -9   4.6   6.6   6.2   5.5   5.1  -9 -9.0 -9  3 -9
202403062100 108   5  4.0  -9 -9.0   -9 1006.8 1017.4  2   2.0   6.1  -2.5  54.0   5.1   -9.0   -9.0   -9.0   -9.0   -9.0   -9.0   -9.0 -9 -9 -                        5   5   15 Sc         0   0   5  4654 -9.0 -9.00 -9   3.4   6.3   6.0   5.5   5.2  -9 -9.0 -9  3  2
202403062200 108   5  5.1  -9 -9.0   -9 1007.4 1018.0 -9  -9.0   5.1  -2.7  57.0   5.0   -9.0   -9.0   -9.0   -9.0   -9.0   -9.0   -9.0 -9 -9 -                        0   0   -9 -         -9  -9  -9  4227 -9.0 -9.00 -9   2.5   6.0   5.9   5.5   5.2  -9 -9.0 -9  3 -9
202403062300 108   5  4.6  -9 -9.0   -9 1007.5 1018.1 -9  -9.0   4.6  -3.2  57.0   4.8   -9.0   -9.0   -9.0   -9.0   -9.0   -9.0   -9.0 -9 -9 -                        7   7   19 -         -9  -9  -9  4105 -9.0 -9.00 -9   2.1   5.7   5.6   5.4   5.3  -9 -9.0 -9  3 -9
202403070000 108   7  2.9  -9 -9.0   -9 1007.6 1018.2  2   0.8   4.2  -3.3  58.0   4.8   -9.0   -9.0   -9.0   -9.0   -9.0   -9.0   -9.0 -9 -9 -                        6   6   18 Sc         0   0   5  4342 -9.0 -9.00 -9   1.6   5.4   5.4   5.3   5.3  -9 -9.0 -9  3  2
202403070100 108   5  3.4  -9 -9.0   -9 1007.8 1018.4 -9  -9.0   4.1  -3.4  58.0   4.8   -9.0   -9.0   -9.0   -9.0   -9.0   -9.0   -9.0 -9 -9 -                        7   7   18 -         -9  -9  -9  4343 -9.0 -9.00 -9   1.8   5.2   5.2   5.2   5.3  -9 -9.0 -9  3 -9
202403070200 108   7  3.5  -9 -9.0   -9 1007.5 1018.1 -9  -9.0   3.6  -3.2  61.0   4.8   -9.0   -9.0   -9.0   -9.0   -9.0   -9.0   -9.0 -9 -9 -                        4   3   16 -         -9  -9  -9  4180 -9.0 -9.00 -9   1.0   5.0   5.1   5.1   5.3  -9 -9.0 -9  3 -9
202403070300 108   5  3.0  -9 -9.0   -9 1007.4 1018.1  6  -0.1   3.3  -3.2  62.0   4.8   -9.0   -9.0   -9.0   -9.0   -9.0   -9.0   -9.0 -9 -9 -                        7   7   17 Sc         0   0   5  4494 -9.0 -9.00 -9   1.0   4.7   4.9   5.0   5.2  -9 -9.0 -9  3  2
202403070400 108   5  3.4  -9 -9.0   -9 1006.9 1017.6 -9  -9.0   3.0  -3.5  62.0   4.7   -9.0   -9.0   -9.0   -9.0   -9.0   -9.0   -9.0 -9 -9 -                        2   2   15 Sc         0   0   5  3975 -9.0 -9.00 -9   0.5   4.5   4.7   4.9   5.2  -9 -9.0 -9  3  2
202403070500 108   7  2.5  -9 -9.0   -9 1006.9 1017.6 -9  -9.0   2.9  -3.0  65.0   4.9   -9.0    0.0    0.0   -9.0   -9.0   -9.0   -9.0 70 72 05                       8   8    9 Sc         0   0   5  3987 -9.0 -9.00 -9   0.9   4.3   4.5   4.8   5.1  -9 -9.0 -9  4  1
202403070600 108   5  3.3  -9 -9.0   -9 1006.8 1017.5  7  -0.6   3.0  -3.1  64.0   4.9    0.0    0.0    0.0   -9.0   -9.0   -9.0   -9.0 22 71 05                       7   7    8 Sc         0   0   5  4055 -9.0 -9.00 -9   1.2   4.2   4.4   4.7   5.1  -9 -9.0 -9  4  1
202403070700 108   5  3.2  -9 -9.0   -9 1006.9 1017.6 -9  -9.0   3.0  -2.9  65.0   4.9   -9.0    0.0    0.0   -9.0   -9.0   -9.0   -9.0 -9 -9 -                        9   9    8 Sc         0   0   5  3695  0.0  0.00 -9   1.4   4.1   4.3   4.6   5.0  -9 -9.0 -9  3  2
202403070800 108   5  2.9  -9 -9.0   -9 1006.7 1017.4 -9  -9.0   3.2  -2.9  64.0   4.9   -9.0    0.0    0.0   -9.0   -9.0   -9.0   -9.0 -9 -9 -                        9   9    8 Sc         0   0   5  3686  0.0  0.05 -9   2.0   4.1   4.2   4.4   4.9  -9 -9.0 -9  3  2
202403070900 108   7  1.4  -9 -9.0   -9 1006.6 1017.2  8  -0.3   3.8  -2.1  65.0   5.2   -9.0    0.0    0.0   -9.0   -9.0   -9.0   -9.0 -9 71 -                        9   9    8 Sc         0   0   5  3108  0.0  0.21 -9   3.3   4.1   4.1   4.4   4.9  -9 -9.0 -9  3  1
202403071000 108  14  1.6  -9 -9.0   -9 1006.6 1017.2 -9  -9.0   5.1  -1.3  63.0   5.6   -9.0    0.0    0.0   -9.0   -9.0   -9.0   -9.0 -9 -9 -                        9   9    8 Sc         0   0   5  2766  0.0  0.68 -9   6.9   4.2   4.1   4.3   4.8  -9 -9.0 -9  3  2
202403071100 108  20  2.7  -9 -9.0   -9 1006.3 1016.9 -9  -9.0   5.4   0.0  68.0   6.1   -9.0    0.0    0.0   -9.0   -9.0   -9.0   -9.0 21 62 01                       8   8    8 Sc         0   0   5  1992  0.0  0.61 -9   7.7   4.5   4.3   4.3   4.7  -9 -9.0 -9  4  1
202403071200 108  23  3.1  -9 -9.0   -9 1005.8 1016.4  7  -0.8   5.4  -0.4  66.0   5.9    0.0    0.0    0.0   -9.0   -9.0   -9.0   -9.0 68 76 0601                     8   8    4 Sc         0   0   5   829  0.2  1.12 -9   8.6   4.9   4.5   4.3   4.7  -9 -9.0 -9  4  1
202403071300 108  18  3.3  -9 -9.0   -9 1004.9 1015.3 -9  -9.0   8.2  -0.5  54.0   5.9   -9.0    0.0    0.0   -9.0   -9.0   -9.0   -9.0 23 72 06                       6   6   16 Sc         0   0   5  1885  0.7  2.48 -9  17.9   5.4   4.8   4.4   4.7  -9 -9.0 -9  4  1
202403071400 108  20  4.5  -9 -9.0   -9 1004.3 1014.8 -9  -9.0   7.6  -2.1  50.0   5.2   -9.0    0.0    0.0   -9.0   -9.0   -9.0   -9.0 -9 -9 -                        8   8   11 Sc         0   0   5  1992  0.4  1.48 -9  13.1   6.0   5.2   4.5   4.7  -9 -9.0 -9  3  2
202403071500 108  27  2.3  -9 -9.0   -9 1004.4 1014.9  5  -1.5   5.8   1.7  75.0   6.9    0.0    0.0    0.0   -9.0   -9.0   -9.0   -9.0 60 76 01                       9   9    5 Sc         0   0   5  1382  0.0  0.71 -9   9.1   6.4   5.6   4.7   4.7  -9 -9.0 -9  4  1
202403071600 108  23  2.8  -9 -9.0   -9 1004.4 1015.0 -9  -9.0   4.3   2.1  86.0   7.1   -9.0    2.1    2.1   -9.0   -9.0   -9.0   -9.0 60 86 191001                   8   8    5 Sc         0   0   5   663  0.0  0.26 -9   6.2   6.2   5.7   4.9   4.8  -9 -9.0 -9  4  1
202403071700 108  27  2.0  -9 -9.0   -9 1004.3 1014.9 -9  -9.0   5.3   1.2  75.0   6.7   -9.0    2.1    2.1   -9.0   -9.0   -9.0   -9.0 21 62 1901                     5   5    9 Sc         0   0   5  1122  0.2  0.54 -9   7.4   6.0   5.6   5.0   4.9  -9 -9.0 -9  4  1
202403071800 108  27  3.2  -9 -9.0   -9 1004.7 1015.3  2   0.4   5.2  -3.6  53.0   4.7    2.1    2.1    2.1   -9.0   -9.0   -9.0   -9.0 -9 86 -                        0   0   -9 -         -9  -9  -9  2172  1.0  0.58 -9   4.8   5.9   5.6   5.1   5.0  -9 -9.0 -9  3  1
202403071900 108  25  3.4  -9 -9.0   -9 1004.9 1015.5 -9  -9.0   4.0  -3.5  58.0   4.7   -9.0    2.1    2.1   -9.0   -9.0   -9.0   -9.0 -9 -9 -                        0   0   -9 -         -9  -9  -9  2466  0.0  0.05 -9   2.3   5.8   5.5   5.1   5.1  -9 -9.0 -9  3 -9
202403072000 108  25  3.3  -9 -9.0   -9 1005.2 1015.8 -9  -9.0   3.6  -4.6  55.0   4.3   -9.0    2.1    2.1   -9.0   -9.0   -9.0   -9.0 -9 -9 -                        0   0   -9 -         -9  -9  -9  2407 -9.0 -9.00 -9   1.0   5.4   5.3   5.2   5.2  -9 -9.0 -9  3 -9
202403072100 108  25  2.4  -9 -9.0   -9 1005.5 1016.1  2   0.8   3.1  -3.9  60.0   4.6   -9.0    2.1    2.1   -9.0   -9.0   -9.0   -9.0 -9 86 -                        0   0   -9 -         -9  -9  -9  2380 -9.0 -9.00 -9   0.8   5.1   5.1   5.1   5.2  -9 -9.0 -9  3  1
202403072200 108  25  2.7  -9 -9.0   -9 1006.0 1016.7 -9  -9.0   2.5  -6.3  52.0   3.8   -9.0    2.1    2.1   -9.0   -9.0   -9.0   -9.0 -9 -9 -                        0   0   -9 -         -9  -9  -9  2907 -9.0 -9.00 -9   0.6   4.7   4.9   5.0   5.2  -9 -9.0 -9  3 -9
202403072300 108  25  2.4  -9 -9.0   -9 1006.7 1017.4 -9  -9.0   1.9  -8.2  47.0   3.3   -9.0    2.1    2.1   -9.0   -9.0   -9.0   -9.0 -9 -9 -                        0   0   -9 -         -9  -9  -9  2844 -9.0 -9.00 -9   0.4   4.4   4.6   4.9   5.2  -9 -9.0 -9  3 -9
202403080000 108  27  3.1  -9 -9.0   -9 1007.0 1017.8  2   1.7   1.2  -7.0  54.0   3.6   -9.0    2.1    2.1   -9.0   -9.0   -9.0   -9.0 -9 -9 -                        0   0   -9 -         -9  -9  -9  2503 -9.0 -9.00 -9   0.2   4.1   4.4   4.8   5.2  -9 -9.0 -9  3  2
202403080100 108  25  2.5  -9 -9.0   -9 1006.8 1017.6 -9  -9.0   0.7  -6.1  60.0   3.9   -9.0   -9.0   -9.0   -9.0   -9.0   -9.0   -9.0 -9 -9 -                        0   0   -9 -         -9  -9  -9  2029 -9.0 -9.00 -9  -0.1   3.8   4.2   4.6   5.1  -9 -9.0 -9  3 -9
202403080200 108  27  2.3  -9 -9.0   -9 1006.5 1017.3 -9  -9.0   0.2  -5.6  65.0   4.0   -9.0   -9.0   -9.0   -9.0   -9.0   -9.0   -9.0 -9 -9 -                        0   0   -9 -         -9  -9  -9  1608 -9.0 -9.00 -9  -0.5   3.6   3.9   4.5   5.0  -9 -9.0 -9  3 -9
202403080300 108  27  0.9  -9 -9.0   -9 1006.2 1017.0  7  -0.8  -0.3  -5.6  67.0   4.0   -9.0   -9.0   -9.0   -9.0   -9.0   -9.0   -9.0 -9 -9 -                        0   0   -9 -         -9  -9  -9  1324 -9.0 -9.00 -9  -0.8   3.4   3.7   4.3   5.0  -9 -9.0 -9  3  2
202403080400 108  29  1.5  -9 -9.0   -9 1005.9 1016.7 -9  -9.0  -0.4  -5.0  71.0   4.2   -9.0   -9.0   -9.0   -9.0   -9.0   -9.0   -9.0 -9 -9 -                        0   0   -9 -         -9  -9  -9  1363 -9.0 -9.00 -9  -0.9   3.2   3.5   4.2   4.9  -9 -9.0 -9  3  2
202403080500 108  27  0.6  -9 -9.0   -9 1005.9 1016.7 -9  -9.0  -0.6  -4.6  74.0   4.3   -9.0   -9.0   -9.0   -9.0   -9.0   -9.0   -9.0 -9 -9 -                        0   0   -9 -         -9  -9  -9  1041 -9.0 -9.00 -9  -1.2   3.0   3.4   4.0   4.8  -9 -9.0 -9  3  2
202403080600 108  25  2.1  -9 -9.0   -9 1006.5 1017.3  3   0.3  -0.4  -3.6  79.0   4.7   -9.0   -9.0   -9.0   -9.0   -9.0   -9.0   -9.0  5  0 40                       0   0   -9 -         -9  -9  -9   722 -9.0 -9.00 -9  -1.2   2.8   3.2   3.9   4.7  -9 -9.0 -9  3  1
202403080700 108  27  2.0  -9 -9.0   -9 1006.6 1017.4 -9  -9.0  -0.4  -3.7  78.0   4.6   -9.0   -9.0   -9.0   -9.0   -9.0   -9.0   -9.0  5  0 40                       0   0   -9 -         -9  -9  -9   811  0.0  0.00 -9  -1.3   2.7   3.1   3.8   4.6  -9 -9.0 -9  3  1
202403080800 108  23  1.7  -9 -9.0   -9 1007.0 1017.8 -9  -9.0  -0.2  -4.2  74.0   4.5   -9.0   -9.0   -9.0   -9.0   -9.0   -9.0   -9.0  5  0 40                       0   0   -9 -         -9  -9  -9   944  0.6  0.23 -9  -0.8   2.6   2.9   3.6   4.5  -9 -9.0 -9  3  1
202403080900 108  27  2.3  -9 -9.0   -9 1007.2 1017.9  2   0.6   1.4  -5.7  59.0   4.0   -9.0   -9.0   -9.0   -9.0   -9.0   -9.0   -9.0 -9 -9 40                       0   0   -9 -         -9  -9  -9  1442  1.0  0.87 -9  -0.2   2.5   2.8   3.5   4.3  -9 -9.0 -9  3  2
202403081000 108  29  4.6  -9 -9.0   -9 1007.2 1017.9 -9  -9.0   3.2  -8.2  43.0   3.3   -9.0   -9.0   -9.0   -9.0   -9.0   -9.0   -9.0 -9 -9 -                        0   0   -9 -         -9  -9  -9  2849  1.0  1.69 -9   1.1   2.5   2.8   3.4   4.3  -9 -9.0 -9  3  2
202403081100 108  29  5.7  29 10.0 1024 1007.0 1017.6 -9  -9.0   3.9 -10.9  33.0   2.7   -9.0   -9.0   -9.0   -9.0   -9.0   -9.0   -9.0 -9 -9 -                        0   0   -9 -         -9  -9  -9  3526  1.0  2.40 -9  10.2   2.7   2.8   3.3   4.2  -9 -9.0 -9  3  2
202403081200 108  29  5.4  29 11.0 1152 1006.6 1017.2  7  -0.7   4.6 -10.7  32.0   2.7   -9.0   -9.0   -9.0   -9.0   -9.0   -9.0   -9.0 -9 -9 -                        0   0   -9 -         -9  -9  -9  3068  1.0  2.82 -9  14.3   3.1   3.0   3.2   4.1  -9 -9.0 -9  3  2
202403081300 108  27  5.1  25 10.0 1300 1006.2 1016.8 -9  -9.0   5.9  -9.5  32.0   3.0   -9.0   -9.0   -9.0   -9.0   -9.0   -9.0   -9.0 -9 -9 -                        1   1   15 Sc         0   0   5  2785  1.0  2.93 -9  15.9   3.7   3.2   3.2   4.0  -9 -9.0 -9  3  2
202403081400 108  27  5.4  29 10.0 1359 1005.7 1016.2 -9  -9.0   6.0  -9.8  31.0   2.9   -9.0   -9.0   -9.0   -9.0   -9.0   -9.0   -9.0 -9 -9 -                        1   1   15 Sc         0   0   5  3920  1.0  2.90 -9  16.1   4.3   3.6   3.3   4.0  -9 -9.0 -9  3  2
202403081500 108  27  5.1  29 11.0 1418 1005.8 1016.3  5  -0.9   6.1  -8.6  34.0   3.2   -9.0   -9.0   -9.0   -9.0   -9.0   -9.0   -9.0 -9 -9 -                        3   3   15 Sc         0   0   5  3750  0.8  2.14 -9  11.8   4.9   4.0   3.4   3.9  -9 -9.0 -9  3  2
202403081600 108  29  4.7  23 10.0 1547 1005.7 1016.2 -9  -9.0   6.2  -8.9  33.0   3.1   -9.0   -9.0   -9.0   -9.0   -9.0   -9.0   -9.0 -9 -9 -                        1   1   15 Sc         0   0   5  3250  0.8  1.79 -9  11.8   5.1   4.3   3.7   4.0  -9 -9.0 -9  3  2
202403081700 108  27  5.5  29 12.0 1630 1006.0 1016.6 -9  -9.0   5.4 -11.6  28.0   2.5   -9.0   -9.0   -9.0   -9.0   -9.0   -9.0   -9.0 -9 -9 -                        0   0   -9 -         -9  -9  -9  4933  1.0  1.44 -9   7.3   5.3   4.6   3.9   4.1  -9 -9.0 -9  3  2
202403081800 108  29  4.9  29 12.0 1630 1006.7 1017.3  3   1.0   4.1 -10.0  35.0   2.9   -9.0   -9.0   -9.0   -9.0   -9.0   -9.0   -9.0 -9 -9 -                        0   0   -9 -         -9  -9  -9  4133  1.0  0.64 -9   3.0   5.2   4.7   4.2   4.3  -9 -9.0 -9  3  2
202403081900 108  27  4.1  27 10.0 1818 1007.7 1018.4 -9  -9.0   2.4  -8.6  44.0   3.2   -9.0   -9.0   -9.0   -9.0   -9.0   -9.0   -9.0 -9 -9 -                        0   0   -9 -         -9  -9  -9  3391  0.2  0.06 -9   0.6   4.9   4.6   4.4   4.4  -9 -9.0 -9  3 -9
202403082000 108  29  2.7  -9 -9.0   -9 1008.5 1019.3 -9  -9.0   1.5  -8.8  46.0   3.1   -9.0   -9.0   -9.0   -9.0   -9.0   -9.0   -9.0 -9 -9 -                        0   0   -9 -         -9  -9  -9  2951 -9.0 -9.00 -9   0.7   4.5   4.5   4.4   4.5  -9 -9.0 -9  3 -9
202403082100 108  27  3.1  29 12.0 1630 1009.0 1019.8  2   2.5   1.0  -8.5  49.0   3.2   -9.0   -9.0   -9.0   -9.0   -9.0   -9.0   -9.0 -9 -9 -                        0   0   -9 -         -9  -9  -9  2849 -9.0 -9.00 -9   0.4   4.2   4.3   4.4   4.6  -9 -9.0 -9  3  2
202403082200 108  29  2.5  -9 -9.0   -9 1009.6 1020.4 -9  -9.0   0.5  -9.2  48.0   3.0   -9.0   -9.0   -9.0   -9.0   -9.0   -9.0   -9.0 -9 -9 -                        0   0   -9 -         -9  -9  -9  2929 -9.0 -9.00 -9   0.0   3.9   4.0   4.3   4.7  -9 -9.0 -9  3 -9
202403082300 108  32  3.4  -9 -9.0   -9 1010.1 1020.9 -9  -9.0   0.4  -9.6  47.0   3.0   -9.0   -9.0   -9.0   -9.0   -9.0   -9.0   -9.0 -9 -9 -                        0   0   -9 -         -9  -9  -9  2956 -9.0 -9.00 -9  -0.5   3.6   3.8   4.2   4.7  -9 -9.0 -9  3 -9
202403090000 108  32  3.2  -9 -9.0   -9 1010.5 1021.3  2   1.5   0.1  -9.1  50.0   3.1   -9.0   -9.0   -9.0   -9.0   -9.0   -9.0   -9.0 -9 -9 -                        0   0   -9 -         -9  -9  -9  2849 -9.0 -9.00 -9  -0.9   3.3   3.6   4.1   4.6  -9 -9.0 -9  3  2
202403090100 108  32  3.1  -9 -9.0   -9 1010.9 1021.7 -9  -9.0  -0.3  -9.2  51.0   3.0   -9.0   -9.0   -9.0   -9.0   -9.0   -9.0   -9.0 -9 -9 -                        0   0   -9 -         -9  -9  -9  2902 -9.0 -9.00 -9  -1.2   3.1   3.4   4.0   4.6  -9 -9.0 -9  3 -9
202403090200 108  32  1.4  -9 -9.0   -9 1011.2 1022.1 -9  -9.0  -0.9  -9.5  52.0   3.0   -9.0   -9.0   -9.0   -9.0   -9.0   -9.0   -9.0 -9 -9 -                        0   0   -9 -         -9  -9  -9  2748 -9.0 -9.00 -9  -1.5   3.0   3.3   3.9   4.5  -9 -9.0 -9  3 -9
202403090300 108  36  1.9  -9 -9.0   -9 1011.2 1022.1  1   0.8  -1.4  -9.0  56.0   3.1   -9.0   -9.0   -9.0   -9.0   -9.0   -9.0   -9.0 -9 -9 -                        0   0   -9 -         -9  -9  -9  2895 -9.0 -9.00 -9  -1.7   2.8   3.1   3.8   4.5  -9 -9.0 -9  3  2
202403090400 108  32  1.9  -9 -9.0   -9 1011.2 1022.1 -9  -9.0  -1.4  -8.8  57.0   3.1   -9.0   -9.0   -9.0   -9.0   -9.0   -9.0   -9.0 -9 -9 -                        0   0   -9 -         -9  -9  -9  2704 -9.0 -9.00 -9  -1.8   2.6   3.0   3.6   4.4  -9 -9.0 -9  3  2
202403090500 108  32  2.3  -9 -9.0   -9 1011.4 1022.3 -9  -9.0  -1.4  -8.6  58.0   3.2   -9.0   -9.0   -9.0   -9.0   -9.0   -9.0   -9.0 -9 -9 -                        0   0   -9 -         -9  -9  -9  2606 -9.0 -9.00 -9  -2.0   2.5   2.8   3.5   4.3  -9 -9.0 -9  3  2
202403090600 108  29  3.1  -9 -9.0   -9 1011.7 1022.6  2   0.5  -1.8  -8.5  60.0   3.2   -9.0   -9.0   -9.0   -9.0   -9.0   -9.0   -9.0 -9 -9 -                        0   0   -9 -         -9  -9  -9  2607 -9.0 -9.00 -9  -2.2   2.4   2.7   3.4   4.2  -9 -9.0 -9  3  2
202403090700 108  29  2.3  -9 -9.0   -9 1012.2 1023.1 -9  -9.0  -2.0  -8.9  59.0   3.1   -9.0   -9.0   -9.0   -9.0   -9.0   -9.0   -9.0 -9 -9 -                        0   0   -9 -         -9  -9  -9  2572  0.0  0.00 -9  -2.3   2.3   2.6   3.3   4.2  -9 -9.0 -9  3  2
202403090800 108  29  2.4  -9 -9.0   -9 1012.7 1023.6 -9  -9.0  -1.8  -8.9  58.0   3.1   -9.0   -9.0   -9.0   -9.0   -9.0   -9.0   -9.0 -9 -9 -                        0   0   -9 -         -9  -9  -9  2557  0.7  0.28 -9  -1.8   2.2   2.5   3.2   4.1  -9 -9.0 -9  3  2
202403090900 108  29  3.2  -9 -9.0   -9 1013.3 1024.2  2   1.6  -0.4  -9.0  52.0   3.1   -9.0   -9.0   -9.0   -9.0   -9.0   -9.0   -9.0 -9 -9 -                        0   0   -9 -         -9  -9  -9  2679  1.0  0.99 -9  -0.3   2.1   2.4   3.1   4.0  -9 -9.0 -9  3  2
202403091000 108  27  2.7  -9 -9.0   -9 1013.7 1024.5 -9  -9.0   0.8 -10.0  44.0   2.9   -9.0   -9.0   -9.0   -9.0   -9.0   -9.0   -9.0 -9 -9 -                        0   0   -9 -         -9  -9  -9  2686  1.0  1.80 -9   1.1   2.1   2.3   2.9   3.8  -9 -9.0 -9  3  2
202403091100 108  29  2.6  -9 -9.0   -9 1013.7 1024.5 -9  -9.0   2.3 -10.9  37.0   2.7   -9.0   -9.0   -9.0   -9.0   -9.0   -9.0   -9.0 -9 -9 -                        0   0   -9 -         -9  -9  -9  2957  1.0  2.41 -9   5.7   2.2   2.3   2.8   3.8  -9 -9.0 -9  3  2
202403091200 108  23  3.2  -9 -9.0   -9 1013.5 1024.2  4   0.0   4.2 -10.6  33.0   2.7   -9.0   -9.0   -9.0   -9.0   -9.0   -9.0   -9.0 -9 -9 -                        0   0   -9 -         -9  -9  -9  3018  1.0  2.83 -9  14.1   2.5   2.4   2.8   3.7  -9 -9.0 -9  3  2
202403091300 108  25  2.8  -9 -9.0   -9 1012.9 1023.6 -9  -9.0   5.2 -11.4  29.0   2.6   -9.0   -9.0   -9.0   -9.0   -9.0   -9.0   -9.0 -9 -9 -                        0   0   -9 -         -9  -9  -9  3228  1.0  3.02 -9  17.3   3.3   2.7   2.8   3.6  -9 -9.0 -9  3  2
202403091400 108  29  3.1  -9 -9.0   -9 1012.2 1022.8 -9  -9.0   6.1 -11.0  28.0   2.6   -9.0   -9.0   -9.0   -9.0   -9.0   -9.0   -9.0 -9 -9 -                        0   0   -9 -         -9  -9  -9  3624  1.0  2.98 -9  18.1   4.1   3.2   2.9   3.6  -9 -9.0 -9  3  2
202403091500 108  25  3.2  -9 -9.0   -9 1011.9 1022.5  7  -1.7   6.8 -11.4  26.0   2.6   -9.0   -9.0   -9.0   -9.0   -9.0   -9.0   -9.0 -9 -9 -                        0   0   -9 -         -9  -9  -9  3140  1.0  2.66 -9  16.8   4.8   3.7   2.9   3.4  -9 -9.0 -9  3  2
202403091600 108  27  4.3  -9 -9.0   -9 1012.3 1022.9 -9  -9.0   6.7  -9.6  30.0   3.0   -9.0   -9.0   -9.0   -9.0   -9.0   -9.0   -9.0 -9 -9 -                        0   0   -9 -         -9  -9  -9  2770  1.0  2.11 -9  13.3   5.3   4.2   3.3   3.6  -9 -9.0 -9  3  2
202403091700 108  25  3.8  -9 -9.0   -9 1012.4 1023.0 -9  -9.0   6.2  -7.7  36.0   3.4   -9.0   -9.0   -9.0   -9.0   -9.0   -9.0   -9.0 -9 -9 -                        0   0   -9 -         -9  -9  -9  2870  1.0  1.40 -9   9.1   5.5   4.5   3.6   3.7  -9 -9.0 -9  3  2
202403091800 108  27  3.2  -9 -9.0   -9 1012.8 1023.5  2   1.0   5.0  -7.5  40.0   3.5   -9.0   -9.0   -9.0   -9.0   -9.0   -9.0   -9.0 -9 -9 -                        0   0   -9 -         -9  -9  -9  2845  1.0  0.60 -9   4.5   5.5   4.7   4.0   4.0  -9 -9.0 -9  3  2
202403091900 108  27  3.4  -9 -9.0   -9 1013.4 1024.1 -9  -9.0   3.4  -7.7  44.0   3.4   -9.0   -9.0   -9.0   -9.0   -9.0   -9.0   -9.0 -9 -9 -                        0   0   -9 -         -9  -9  -9  3005  0.2  0.07 -9   1.8   5.3   4.8   4.2   4.1  -9 -9.0 -9  3 -9
202403092000 108  25  3.2  -9 -9.0   -9 1014.2 1025.0 -9  -9.0   2.6  -5.0  57.0   4.2   -9.0   -9.0   -9.0   -9.0   -9.0   -9.0   -9.0 -9 -9 -                        0   0   -9 -         -9  -9  -9  2492 -9.0 -9.00 -9   0.6   4.9   4.6   4.3   4.3  -9 -9.0 -9  3 -9
202403092100 108  25  2.5  -9 -9.0   -9 1014.4 1025.2  2   1.7   2.1  -4.0  64.0   4.5   -9.0   -9.0   -9.0   -9.0   -9.0   -9.0   -9.0 -9 -9 -                        0   0   -9 -         -9  -9  -9  2488 -9.0 -9.00 -9   0.8   4.5   4.5   4.4   4.4  -9 -9.0 -9  3  2
202403092200 108  25  2.1  -9 -9.0   -9 1014.9 1025.7 -9  -9.0   1.8  -3.0  70.0   4.9   -9.0   -9.0   -9.0   -9.0   -9.0   -9.0   -9.0 -9 -9 -                        0   0   -9 -         -9  -9  -9  2381 -9.0 -9.00 -9   0.6   4.2   4.2   4.4   4.5  -9 -9.0 -9  3 -9
202403092300 108  23  1.5  -9 -9.0   -9 1015.3 1026.1 -9  -9.0   1.4  -3.2  71.0   4.8   -9.0   -9.0   -9.0   -9.0   -9.0   -9.0   -9.0 -9 -9 -                        0   0   -9 -         -9  -9  -9  2279 -9.0 -9.00 -9   0.4   3.9   4.0   4.3   4.5  -9 -9.0 -9  3 -9
202403100000 108  27  1.1  -9 -9.0   -9 1015.6 1026.4  2   1.2   1.3  -2.6  75.0   5.0   -9.0   -9.0   -9.0   -9.0   -9.0   -9.0   -9.0 -9 -9 -                        0   0   -9 -         -9  -9  -9  2236 -9.0 -9.00 -9   0.2   3.6   3.8   4.2   4.5  -9 -9.0 -9  3  2
202403100100 108  29  1.3  -9 -9.0   -9 1015.9 1026.8 -9  -9.0   1.0  -4.0  69.0   4.5   -9.0   -9.0   -9.0   -9.0   -9.0   -9.0   -9.0 -9 -9 -                        0   0   -9 -         -9  -9  -9  2356 -9.0 -9.00 -9  -0.1   3.3   3.6   4.1   4.5  -9 -9.0 -9  3 -9
202403100200 108  27  1.8  -9 -9.0   -9 1016.0 1026.9 -9  -9.0   0.1  -6.9  59.0   3.6   -9.0   -9.0   -9.0   -9.0   -9.0   -9.0   -9.0 -9 -9 -                        0   0   -9 -         -9  -9  -9  2807 -9.0 -9.00 -9  -0.4   3.1   3.4   3.9   4.5  -9 -9.0 -9  3 -9
202403100300 108  27  1.7  -9 -9.0   -9 1016.1 1027.0  2   0.6  -0.5  -7.9  57.0   3.4   -9.0   -9.0   -9.0   -9.0   -9.0   -9.0   -9.0 -9 -9 -                        0   0   -9 -         -9  -9  -9  2919 -9.0 -9.00 -9  -0.8   2.9   3.2   3.8   4.4  -9 -9.0 -9  3  2
202403100400 108  27  1.7  -9 -9.0   -9 1016.4 1027.3 -9  -9.0  -1.0  -7.7  60.0   3.4   -9.0   -9.0   -9.0   -9.0   -9.0   -9.0   -9.0 -9 -9 -                        0   0   -9 -         -9  -9  -9  2793 -9.0 -9.00 -9  -1.1   2.8   3.1   3.7   4.4  -9 -9.0 -9  3  2
202403100500 108  25  0.5  -9 -9.0   -9 1016.7 1027.7 -9  -9.0  -1.4  -8.1  60.0   3.3   -9.0   -9.0   -9.0   -9.0   -9.0   -9.0   -9.0 -9 -9 -                        0   0   -9 -         -9  -9  -9  2810 -9.0 -9.00 -9  -1.4   2.6   2.9   3.6   4.3  -9 -9.0 -9  3  2
202403100600 108   0  0.2  -9 -9.0   -9 1017.1 1028.1  2   1.1  -1.7  -8.2  61.0   3.3   -9.0   -9.0   -9.0   -9.0   -9.0   -9.0   -9.0 -9 -9 -                        0   0   -9 -         -9  -9  -9  2899 -9.0 -9.00 -9  -1.5   2.5   2.8   3.4   4.2  -9 -9.0 -9  3  2
202403100700 108   2  1.5  -9 -9.0   -9 1017.3 1028.3 -9  -9.0  -1.8  -8.3  61.0   3.3   -9.0   -9.0   -9.0   -9.0   -9.0   -9.0   -9.0 -9 -9 -                        0   0   -9 -         -9  -9  -9  2775  0.0  0.00 -9  -1.6   2.3   2.7   3.3   4.1  -9 -9.0 -9  3  2
202403100800 108   7  1.0  -9 -9.0   -9 1017.8 1028.8 -9  -9.0  -1.1  -6.6  66.0   3.7   -9.0   -9.0   -9.0   -9.0   -9.0   -9.0   -9.0 -9 -9 -                        0   0   -9 -         -9  -9  -9  2526  0.7  0.27 -9  -1.1   2.2   2.6   3.2   4.1  -9 -9.0 -9  3  2
202403100900 108   5  2.3  -9 -9.0   -9 1018.2 1029.1  2   1.0   1.6  -3.6  68.0   4.7   -9.0   -9.0   -9.0   -9.0   -9.0   -9.0   -9.0 -9 -9 -                        0   0   -9 -         -9  -9  -9  1827  1.0  0.91 -9  -0.3   2.2   2.5   3.1   3.9  -9 -9.0 -9  3  2
202403101000 108   9  1.4  -9 -9.0   -9 1018.8 1029.5 -9  -9.0   4.1  -4.3  54.0   4.4   -9.0   -9.0   -9.0   -9.0   -9.0   -9.0   -9.0 -9 -9 -                        0   0   -9 -         -9  -9  -9  2019  1.0  1.69 -9   1.8   2.2   2.4   2.9   3.8  -9 -9.0 -9  3  2
202403101100 108  20  1.7  -9 -9.0   -9 1018.6 1029.3 -9  -9.0   6.3  -5.6  42.0   4.0   -9.0   -9.0   -9.0   -9.0   -9.0   -9.0   -9.0 -9 -9 -                        0   0   -9 -         -9  -9  -9  2197  1.0  2.29 -9  11.2   2.6   2.5   2.9   3.8  -9 -9.0 -9  3  2
202403101200 108  27  3.1  -9 -9.0   -9 1018.3 1028.9  8  -0.2   7.8  -7.9  32.0   3.4   -9.0   -9.0   -9.0   -9.0   -9.0   -9.0   -9.0 -9 -9 -                        0   0   -9 -         -9  -9  -9  2848  1.0  2.75 -9  16.8   3.4   2.8   2.9   3.7  -9 -9.0 -9  3  2
202403101300 108  25  2.9  -9 -9.0   -9 1018.0 1028.5 -9  -9.0   8.9  -8.6  28.0   3.2   -9.0   -9.0   -9.0   -9.0   -9.0   -9.0   -9.0 -9 -9 -                        0   0   -9 -         -9  -9  -9  3001  1.0  2.94 -9  18.5   4.3   3.4   3.0   3.6  -9 -9.0 -9  3  2
202403101400 108  25  4.0  -9 -9.0   -9 1017.2 1027.7 -9  -9.0   9.9  -7.3  29.0   3.5   -9.0   -9.0   -9.0   -9.0   -9.0   -9.0   -9.0 -9 -9 -                        0   0   -9 -         -9  -9  -9  2723  1.0  2.86 -9  18.7   5.2   4.0   3.2   3.6  -9 -9.0 -9  3  2
202403101500 108  27  2.8  -9 -9.0   -9 1016.7 1027.2  7  -1.7  10.4  -6.0  31.0   3.9   -9.0   -9.0   -9.0   -9.0   -9.0   -9.0   -9.0 -9 -9 -                        0   0   -9 -         -9  -9  -9  3481  1.0  2.59 -9  18.1   5.9   4.6   3.4   3.7  -9 -9.0 -9  3  2
202403101600 108  25  2.8  -9 -9.0   -9 1016.7 1027.2 -9  -9.0  10.4  -4.8  34.0   4.3   -9.0   -9.0   -9.0   -9.0   -9.0   -9.0   -9.0 -9 -9 -                        0   0   -9 -         -9  -9  -9  2908  1.0  2.07 -9  16.0   6.4   5.1   3.8   3.8  -9 -9.0 -9  3  2
202403101700 108  27  3.7  -9 -9.0   -9 1016.1 1026.6 -9  -9.0   9.2  -4.7  37.0   4.3   -9.0   -9.0   -9.0   -9.0   -9.0   -9.0   -9.0 -9 -9 -                        0   0   -9 -         -9  -9  -9  4089  1.0  1.36 -9  11.2   6.7   5.5   4.2   4.0  -9 -9.0 -9  3  2
202403101800 108  29  3.3  -9 -9.0   -9 1016.2 1026.8  5  -0.4   7.8  -4.9  40.0   4.2   -9.0   -9.0   -9.0   -9.0   -9.0   -9.0   -9.0 -9 -9 -                        0   0   -9 -         -9  -9  -9  3630  1.0  0.59 -9   6.4   6.6   5.7   4.6   4.2  -9 -9.0 -9  3  2
202403101900 108  29  3.2  -9 -9.0   -9 1016.4 1027.0 -9  -9.0   6.3  -3.1  51.0   4.9   -9.0   -9.0   -9.0   -9.0   -9.0   -9.0   -9.0 -9 -9 -                        0   0   -9 -         -9  -9  -9  3404  0.2  0.06 -9   3.8   6.3   5.7   4.8   4.5  -9 -9.0 -9  3 -9
202403102000 108  27  2.5  -9 -9.0   -9 1017.0 1027.7 -9  -9.0   5.3  -1.6  61.0   5.4   -9.0   -9.0   -9.0   -9.0   -9.0   -9.0   -9.0 -9 -9 -                        0   0   -9 -         -9  -9  -9  2864 -9.0 -9.00 -9   2.6   6.0   5.6   5.0   4.7  -9 -9.0 -9  3 -9
202403102100 108  27  1.6  -9 -9.0   -9 1017.3 1028.0  2   1.2   4.8  -0.8  67.0   5.8   -9.0   -9.0   -9.0   -9.0   -9.0   -9.0   -9.0 -9 -9 -                        0   0   -9 -         -9  -9  -9  2277 -9.0 -9.00 -9   1.8   5.6   5.4   5.1   4.8  -9 -9.0 -9  3  2
202403102200 108  25  0.9  -9 -9.0   -9 1017.3 1028.0 -9  -9.0   4.4  -0.6  70.0   5.8   -9.0   -9.0   -9.0   -9.0   -9.0   -9.0   -9.0 -9 -9 -                        0   0   -9 -         -9  -9  -9  2054 -9.0 -9.00 -9   1.0   5.2   5.2   5.0   4.9  -9 -9.0 -9  3 -9
202403102300 108   2  1.6  -9 -9.0   -9 1016.3 1027.0 -9  -9.0   3.6  -0.6  74.0   5.8   -9.0   -9.0   -9.0   -9.0   -9.0   -9.0   -9.0 -9 -9 -                        0   0   -9 -         -9  -9  -9  1709 -9.0 -9.00 -9   0.3   4.9   4.9   5.0   4.9  -9 -9.0 -9  3 -9
202403110000 108   2  0.5  -9 -9.0   -9 1015.7 1026.4  7  -1.6   3.4  -0.4  76.0   5.9   -9.0   -9.0   -9.0   -9.0   -9.0   -9.0   -9.0 -9 -9 -                        8   0   -9 Ci         2   0   0  1563 -9.0 -9.00 -9   0.7   4.6   4.7   4.9   5.0  -9 -9.0 -9  3  2
202403110100 108   2  1.4  -9 -9.0   -9 1015.5 1026.2 -9  -9.0   3.4  -0.4  76.0   5.9   -9.0   -9.0   -9.0   -9.0   -9.0   -9.0   -9.0 -9 -9 -                        9   8   48 -         -9  -9  -9  1337 -9.0 -9.00 -9   0.8   4.4   4.5   4.7   5.0  -9 -9.0 -9  3 -9
202403110200 108   5  2.3  -9 -9.0   -9 1015.1 1025.9 -9  -9.0   3.0  -0.6  77.0   5.8   -9.0   -9.0   -9.0   -9.0   -9.0   -9.0   -9.0 -9 -9 -                        9   9   47 -         -9  -9  -9  1170 -9.0 -9.00 -9   0.7   4.2   4.4   4.6   4.9  -9 -9.0 -9  3 -9
202403110300 108   5  1.4  -9 -9.0   -9 1014.7 1025.5  7  -0.9   2.8  -1.1  75.0   5.6   -9.0   -9.0   -9.0   -9.0   -9.0   -9.0   -9.0 -9 -9 -                        9   4   41 AcCi       2   3   0  1244 -9.0 -9.00 -9   0.8   4.1   4.2   4.5   4.9  -9 -9.0 -9  3  2
202403111100 108   7  2.4  -9 -9.0   -9 1010.9 1021.5 -9  -9.0   5.9  -3.2  52.0   4.8   -9.0   -9.0   -9.0   -9.0   -9.0   -9.0   -9.0 -9 -9 -                        9   7   39 AcCi       2   3   0  1901 -9.0 -9.00 -9   7.0   3.9   3.7   3.8   4.4  -9 -9.0 -9  3  2
202403111200 108   5  2.1  -9 -9.0   -9 1010.6 1021.2  8  -0.6   6.8  -3.4  48.0   4.8   -9.0   -9.0   -9.0   -9.0   -9.0   -9.0   -9.0 -9 -9 -                        9   7   32 AcCi       2   3   0  2184 -9.0 -9.00 -9   7.6   4.3   3.9   3.8   4.4  -9 -9.0 -9  3  2
202403111300 108  18  0.7  -9 -9.0   -9 1009.7 1020.2 -9  -9.0   7.5  -4.2  43.0   4.5   -9.0   -9.0   -9.0   -9.0   -9.0   -9.0   -9.0 -9 -9 -                        9   7   36 AcCi       2   3   0  2104 -9.0  0.64 -9   8.6   4.7   4.2   3.9   4.4  -9 -9.0 -9  3  2
202403111400 108  20  2.8  -9 -9.0   -9 1008.3 1018.7 -9  -9.0   8.7  -5.5  36.0   4.1   -9.0   -9.0   -9.0   -9.0   -9.0   -9.0   -9.0 -9 -9 -                        9   6   35 AcCi       2   3   0  2691  0.0  1.01 -9   9.7   5.2   4.5   4.0   4.4  -9 -9.0 -9  3  2
202403111500 108  20  2.7  -9 -9.0   -9 1007.5 1017.9  7  -3.3   9.7  -2.9  41.0   4.9   -9.0   -9.0   -9.0   -9.0   -9.0   -9.0   -9.0 -9 -9 -                        9   5   30 AcCi       2   3   0  3116  0.0  1.05 -9  10.7   5.6   4.8   4.2   4.4  -9 -9.0 -9  3  2
202403111600 108  23  2.6  -9 -9.0   -9 1006.7 1017.1 -9  -9.0  10.4   0.6  51.0   6.4   -9.0   -9.0   -9.0   -9.0   -9.0   -9.0   -9.0 -9 -9 -                        8   4   28 AcCi       1   3   0  2345  0.5  1.21 -9  11.7   6.0   5.2   4.4   4.5  -9 -9.0 -9  3  2
202403111700 108  23  2.6  -9 -9.0   -9 1006.3 1016.7 -9  -9.0  10.6   1.4  53.0   6.8   -9.0   -9.0   -9.0   -9.0   -9.0   -9.0   -9.0 -9 -9 -                        3   1   13 ScAc       0   3   5  2787  0.1  0.61 -9  10.4   6.3   5.5   4.6   4.5  -9 -9.0 -9  3  2
202403111800 108  -9 -9.0  -9 -9.0   -9 1006.1 1016.5  7  -1.4  10.0   1.6  56.0   6.9   -9.0   -9.0   -9.0   -9.0   -9.0   -9.0   -9.0 -9 -9 -                        2   1   10 ScCi       1   0   5  3068  0.6  0.34 -9   7.4   6.5   5.7   4.8   4.6  -9 -9.0 -9  3  2
202403111900 108  -9 -9.0  -9 -9.0   -9 1006.0 1016.4 -9  -9.0   9.1   2.1  62.0   7.1   -9.0   -9.0   -9.0   -9.0   -9.0   -9.0   -9.0 -9 -9 -                        0   0   -9 -         -9  -9  -9  3410 -9.0 -9.00 -9   5.3   6.4   5.8   5.0   4.7  -9 -9.0 -9  3 -9
202403120700 108  -9 -9.0  -9 -9.0   -9 1003.6 1014.1 -9  -9.0   5.5   3.1  85.0   7.6   -9.0    0.0    0.0   -9.0   -9.0   -9.0   -9.0 60 62 01                      10   7    6 ScAs      -9   2   5  1367  0.0  0.00 -9   3.3   4.3   4.3   4.5   4.9  -9 -9.0 -9  4  1
202403120800 108  -9 -9.0  -9 -9.0   -9 1004.1 1014.7 -9  -9.0   5.5   3.3  86.0   7.7   -9.0    0.0    0.0   -9.0   -9.0   -9.0   -9.0 60 66 01                      10   8    7 ScAs      -9   2   5  1050  0.0  0.00 -9   3.8   4.4   4.3   4.4   4.8  -9 -9.0 -9  4  1
202403120900 108  -9 -9.0  -9 -9.0   -9 1004.3 1014.8  2   0.7   5.7   4.1  90.0   8.2    0.3    0.3    0.3   -9.0   -9.0   -9.0   -9.0 61 66 1901                    10   8    5 StNs      -9   2   7   622  0.0  0.00 -9   4.9   4.4   4.3   4.4   4.8  -9 -9.0 -9  1  1
202403121000 108  -9 -9.0  -9 -9.0   -9 1004.6 1015.1 -9  -9.0   5.9   3.7  86.0   8.0   -9.0    0.4    0.4   -9.0   -9.0   -9.0   -9.0 21 62 1901                    10   8    7 ScAs      -9   2   5  1068  0.0  0.00 -9   6.0   4.6   4.4   4.4   4.8  -9 -9.0 -9  4  1
202403121100 108  -9 -9.0  -9 -9.0   -9 1004.5 1015.0 -9  -9.0   7.1   4.2  82.0   8.2   -9.0    0.4    0.4   -9.0   -9.0   -9.0   -9.0 -9 -9 -                        8   8    7 Sc         0   0   5  1359  0.0  0.01 -9   9.6   4.8   4.5   4.4   4.7  -9 -9.0 -9  3  2
202403121200 108  -9 -9.0  -9 -9.0   -9 1004.3 1014.7  8  -0.1   8.5   3.9  73.0   8.1    0.1    0.4    0.4   -9.0   -9.0   -9.0   -9.0 -9 62 -                        9   9    7 Sc         0   0   5  1444  0.0  0.00 -9  11.4   5.3   4.7   4.4   4.8  -9 -9.0 -9  3  1
202403121300 108  -9 -9.0  -9 -9.0   -9 1004.1 1014.5 -9  -9.0   7.8   3.8  76.0   8.0   -9.0    0.4    0.4   -9.0   -9.0   -9.0   -9.0 -9 -9 -                        9   9    7 Sc         0   0   5  1680  0.0  0.00 -9   8.6   5.7   5.1   4.6   4.8  -9 -9.0 -9  3  2
202403121400 108  -9 -9.0  -9 -9.0   -9 1003.6 1014.0 -9  -9.0   7.9   3.3  73.0   7.7   -9.0    0.4    0.4   -9.0   -9.0   -9.0   -9.0 60 62 01                      10   9   12 ScAs      -9   2   5  1415  0.0  0.00 -9   8.1   5.9   5.3   4.7   4.8  -9 -9.0 -9  4  1
202403121500 108  -9 -9.0  -9 -9.0   -9 1003.3 1013.7  7  -1.0   9.4   3.5  67.0   7.8    0.0    0.4    0.4   -9.0   -9.0   -9.0   -9.0 21 62 01                       8   8    8 Sc         0   0   5  2000  0.0  0.00 -9  12.8   6.1   5.5   4.9   4.9  -9 -9.0 -9  4  1
202403121600 108  -9 -9.0  -9 -9.0   -9 1003.6 1014.0 -9  -9.0   9.2   3.5  68.0   7.8   -9.0    0.4    0.4   -9.0   -9.0   -9.0   -9.0 27 86 1301                     7   5    8 ScAs       0   2   5  1500  0.0  0.00 -9  10.4   6.5   5.7   5.0   4.9  -9 -9.0 -9  4  1
202403121700 108  -9 -9.0  -9 -9.0   -9 1004.2 1014.6 -9  -9.0   8.5   3.9  73.0   8.1   -9.0    0.7    0.7   -9.0   -9.0   -9.0   -9.0 60 62 01                       8   6    9 ScAs       0   2   5  1314  0.0  0.19 -9   9.3   6.7   6.0   5.2   5.0  -9 -9.0 -9  4  1
202403121800 108   7  0.7  -9 -9.0   -9 1004.6 1015.1  2   1.4   7.5   3.9  78.0   8.1    1.7    2.1    2.1   -9.0   -9.0   -9.0   -9.0 21 86 01                       7   7    8 Sc         0   0   5  1192  0.0  0.06 -9   7.1   6.7   6.1   5.3   5.1  -9 -9.0 -9  4  1
202403121900 108  25  1.3  -9 -9.0   -9 1005.2 1015.7 -9  -9.0   6.4   4.2  86.0   8.2   -9.0    2.1    2.1   -9.0   -9.0   -9.0   -9.0 -9 -9 19                       5   5    9 -         -9  -9  -9   534  0.0  0.04 -9   4.6   6.5   6.1   5.5   5.2  -9 -9.0 -9  3  2
202403122000 108  27  1.0  -9 -9.0   -9 1005.6 1016.2 -9  -9.0   5.8   3.7  87.0   8.0   -9.0    2.1    2.1   -9.0   -9.0   -9.0   -9.0 -9 -9 19                       0   0   -9 -         -9  -9  -9   597 -9.0 -9.00 -9   3.3   6.2   6.0   5.5   5.3  -9 -9.0 -9  3  2
202403122100 108  29  1.9  -9 -9.0   -9 1006.4 1017.0  2   1.9   5.9   3.8  87.0   8.0   -9.0    2.1    2.1   -9.0   -9.0   -9.0   -9.0 10 86 19                       3   3   17 Sc         0   0   5   890 -9.0 -9.00 -9   3.1   5.9   5.8   5.5   5.4  -9 -9.0 -9  3  1
202403122200 108  29  2.0  -9 -9.0   -9 1006.9 1017.5 -9  -9.0   5.5   0.6  71.0   6.4   -9.0    2.1    2.1   -9.0   -9.0   -9.0   -9.0 -9 -9 19                       0   0   -9 -         -9  -9  -9  1583 -9.0 -9.00 -9   2.4   5.6   5.6   5.5   5.4  -9 -9.0 -9  3  2
202403122300 108  29  2.5  -9 -9.0   -9 1007.6 1018.2 -9  -9.0   5.1  -0.9  65.0   5.7   -9.0    2.1    2.1   -9.0   -9.0   -9.0   -9.0 -9 -9 -                        0   0   -9 -         -9  -9  -9  2153 -9.0 -9.00 -9   1.6   5.4   5.4   5.4   5.4  -9 -9.0 -9  3 -9
202403130000 108  29  2.1  -9 -9.0   -9 1008.0 1018.6  2   1.6   4.5  -0.9  68.0   5.7   -9.0    2.1    2.1   -9.0   -9.0   -9.0   -9.0 -9 -9 -                        1   1   16 Sc         0   0   5  2126 -9.0 -9.00 -9   1.1   5.1   5.2   5.3   5.4  -9 -9.0 -9  3  2
202403130100 108  27  0.7  -9 -9.0   -9 1008.1 1018.7 -9  -9.0   3.7  -1.6  68.0   5.4   -9.0   -9.0   -9.0   -9.0   -9.0   -9.0   -9.0 -9 -9 -                        0   0   -9 -         -9  -9  -9  2450 -9.0 -9.00 -9   0.8   4.8   5.0   5.2   5.4  -9 -9.0 -9  3 -9
202403130200 108  27  2.0  -9 -9.0   -9 1008.6 1019.3 -9  -9.0   3.2  -1.9  69.0   5.3   -9.0   -9.0   -9.0   -9.0   -9.0   -9.0   -9.0 -9 -9 -                        0   0   -9 -         -9  -9  -9  2397 -9.0 -9.00 -9   0.7   4.6   4.8   5.1   5.4  -9 -9.0 -9  3 -9
202403130300 108  29  3.2  -9 -9.0   -9 1008.7 1019.4  2   0.8   2.9  -2.4  68.0   5.1   -9.0   -9.0   -9.0   -9.0   -9.0   -9.0   -9.0 -9 -9 -                        0   0   -9 -         -9  -9  -9  2746 -9.0 -9.00 -9   0.5   4.3   4.6   4.9   5.3  -9 -9.0 -9  3  2
202403130400 108  27  1.9  -9 -9.0   -9 1008.9 1019.6 -9  -9.0   2.5  -2.8  68.0   5.0   -9.0   -9.0   -9.0   -9.0   -9.0   -9.0   -9.0 -9 -9 -                        0   0   -9 -         -9  -9  -9  2695 -9.0 -9.00 -9   0.4   4.1   4.4   4.8   5.3  -9 -9.0 -9  3  2
202403130500 108  27  1.6  -9 -9.0   -9 1009.5 1020.2 -9  -9.0   2.2  -2.9  69.0   4.9   -9.0   -9.0   -9.0   -9.0   -9.0   -9.0   -9.0 -9 -9 -                        0   0   -9 -         -9  -9  -9  2553 -9.0 -9.00 -9   0.3   3.9   4.2   4.7   5.2  -9 -9.0 -9  3  2
202403130600 108  27  1.5  -9 -9.0   -9 1009.5 1020.3  2   0.9   1.6  -3.2  70.0   4.8   -9.0   -9.0   -9.0   -9.0   -9.0   -9.0   -9.0 -9 -9 -                        3   0   -9 Ci         1   0   0  2549 -9.0 -9.00 -9   0.2   3.7   4.0   4.5   5.1  -9 -9.0 -9  3  2
202403130700 108  32  1.4  -9 -9.0   -9 1009.6 1020.4 -9  -9.0   1.5  -3.1  71.0   4.9   -9.0   -9.0   -9.0   -9.0   -9.0   -9.0   -9.0 -9 -9 -                        5   0   -9 Ci         1   0   0  2365  0.0  0.00 -9   0.0   3.5   3.8   4.4   5.0  -9 -9.0 -9  3  2
202403130800 108   0  0.1  -9 -9.0   -9 1010.0 1020.7 -9  -9.0   2.0  -2.1  74.0   5.2   -9.0   -9.0   -9.0   -9.0   -9.0   -9.0   -9.0 -9 -9 -                        1   0   -9 Ci         1   0   0  2105  0.8  0.31 -9   0.0   3.3   3.7   4.2   4.9  -9 -9.0 -9  3  2
202403130900 108  18  2.3  -9 -9.0   -9 1010.4 1021.0  2   0.7   4.5  -1.1  67.0   5.6   -9.0   -9.0   -9.0   -9.0   -9.0   -9.0   -9.0 -9 -9 -                        0   0   -9 -         -9  -9  -9  1649  1.0  1.03 -9   0.6   3.2   3.5   4.1   4.8  -9 -9.0 -9  3  2
202403131000 108  20  2.8  -9 -9.0   -9 1010.7 1021.3 -9  -9.0   6.6   0.4  65.0   6.3   -9.0   -9.0   -9.0   -9.0   -9.0   -9.0   -9.0 -9 -9 -                        0   0   -9 -         -9  -9  -9  1453  1.0  1.79 -9  11.2   3.5   3.5   4.0   4.7  -9 -9.0 -9  3  2
202403131100 108  20  2.8  -9 -9.0   -9 1010.4 1020.9 -9  -9.0   8.6   0.7  58.0   6.4   -9.0   -9.0   -9.0   -9.0   -9.0   -9.0   -9.0 -9 -9 -                        0   0   -9 -         -9  -9  -9  1690  1.0  2.42 -9  16.5   4.2   3.8   3.9   4.6  -9 -9.0 -9  3  2
202403131200 108  20  2.6  -9 -9.0   -9 1009.7 1020.1  8  -0.9  10.6   0.5  50.0   6.3   -9.0   -9.0   -9.0   -9.0   -9.0   -9.0   -9.0 -9 -9 -                        0   0   -9 -         -9  -9  -9  2019  1.0  2.82 -9  19.9   5.1   4.2   3.8   4.5  -9 -9.0 -9  3  2
202403131300 108  23  4.4  -9 -9.0   -9 1009.3 1019.6 -9  -9.0  11.6  -5.4  30.0   4.1   -9.0   -9.0   -9.0   -9.0   -9.0   -9.0   -9.0 -9 -9 -                        0   0   -9 -         -9  -9  -9  2701  1.0  3.04 -9  20.1   6.1   4.9   4.0   4.5  -9 -9.0 -9  3  2
202403131400 108  25  5.1  -9 -9.0   -9 1008.9 1019.3 -9  -9.0  11.3  -4.8  32.0   4.3   -9.0   -9.0   -9.0   -9.0   -9.0   -9.0   -9.0 -9 -9 -                        0   0   -9 -         -9  -9  -9  2010  1.0  2.97 -9  19.3   6.9   5.5   4.3   4.5  -9 -9.0 -9  3  2
202403131500 108  23  4.5  -9 -9.0   -9 1008.6 1018.9  7  -1.2  11.5  -3.4  35.0   4.8   -9.0   -9.0   -9.0   -9.0   -9.0   -9.0   -9.0 -9 -9 -                        0   0   -9 -         -9  -9  -9  1438  1.0  2.53 -9  18.2   7.6   6.2   4.7   4.6  -9 -9.0 -9  3  2
202403131600 108  23  4.7  -9 -9.0   -9 1008.4 1018.8 -9  -9.0  10.7  -3.4  37.0   4.8   -9.0   -9.0   -9.0   -9.0   -9.0   -9.0   -9.0 -9 -9 -                        0   0   -9 -         -9  -9  -9  1308  1.0  1.97 -9  14.6   7.9   6.6   5.0   4.7  -9 -9.0 -9  3  2
202403131700 108  23  4.6  -9 -9.0   -9 1008.3 1018.7 -9  -9.0  10.3  -3.7  37.0   4.6   -9.0   -9.0   -9.0   -9.0   -9.0   -9.0   -9.0 -9 -9 -                        0   0   -9 -         -9  -9  -9  1190  1.0  1.29 -9  11.2   8.0   6.9   5.5   5.0  -9 -9.0 -9  3  2
202403131800 108  23  4.9  -9 -9.0   -9 1008.6 1019.0  3   0.1   9.0  -2.3  45.0   5.2   -9.0   -9.0   -9.0   -9.0   -9.0   -9.0   -9.0 -9 -9 -                        0   0   -9 -         -9  -9  -9  1353  1.0  0.55 -9   7.5   7.9   7.0   5.8   5.2  -9 -9.0 -9  3  2
202403131900 108  25  3.5  -9 -9.0   -9 1009.2 1019.7 -9  -9.0   7.7  -2.3  49.0   5.2   -9.0   -9.0   -9.0   -9.0   -9.0   -9.0   -9.0 -9 -9 -                        0   0   -9 -         -9  -9  -9  1302  0.1  0.06 -9   5.1   7.6   7.0   6.0   5.4  -9 -9.0 -9  3 -9
202403132000 108  25  2.9  -9 -9.0   -9 1009.6 1020.1 -9  -9.0   7.0  -2.2  52.0   5.2   -9.0   -9.0   -9.0   -9.0   -9.0   -9.0   -9.0 -9 -9 -                        0   0   -9 -         -9  -9  -9  1339 -9.0 -9.00 -9   3.8   7.2   6.8   6.1   5.6  -9 -9.0 -9  3 -9
202403132100 108  23  2.1  -9 -9.0   -9 1009.8 1020.4  2   1.4   6.5  -1.1  58.0   5.6   -9.0   -9.0   -9.0   -9.0   -9.0   -9.0   -9.0 -9 -9 -                        0   0   -9 -         -9  -9  -9  1214 -9.0 -9.00 -9   3.1   6.8   6.6   6.2   5.8  -9 -9.0 -9  3  2
202403132200 108  20  2.1  -9 -9.0   -9 1010.1 1020.7 -9  -9.0   5.9  -0.6  63.0   5.8   -9.0   -9.0   -9.0   -9.0   -9.0   -9.0   -9.0 -9 -9 -                        0   0   -9 -         -9  -9  -9  1155 -9.0 -9.00 -9   2.6   6.4   6.4   6.1   5.8  -9 -9.0 -9  3 -9
202403132300 108  23  2.2  -9 -9.0   -9 1010.1 1020.7 -9  -9.0   5.5  -0.3  66.0   6.0   -9.0   -9.0   -9.0   -9.0   -9.0   -9.0   -9.0 -9 -9 -                        0   0   -9 -         -9  -9  -9  1140 -9.0 -9.00 -9   2.1   6.1   6.1   6.1   5.9  -9 -9.0 -9  3 -9
202403140000 108  23  1.8  -9 -9.0   -9 1010.0 1020.6  0   0.2   5.1  -0.3  68.0   6.0   -9.0   -9.0   -9.0   -9.0   -9.0   -9.0   -9.0 -9 -9 -                        0   0   -9 -         -9  -9  -9  1109 -9.0 -9.00 -9   1.6   5.8   5.9   5.9   5.9  -9 -9.0 -9  3  2
202403140100 108  27  1.3  -9 -9.0   -9 1009.9 1020.5 -9  -9.0   4.6  -0.4  70.0   5.9   -9.0   -9.0   -9.0   -9.0   -9.0   -9.0   -9.0 -9 -9 40                       0   0   -9 -         -9  -9  -9   994 -9.0 -9.00 -9   1.2   5.5   5.6   5.8   5.9  -9 -9.0 -9  3  2
202403140200 108  27  0.7  -9 -9.0   -9 1010.0 1020.6 -9  -9.0   4.7   0.0  72.0   6.1   -9.0   -9.0   -9.0   -9.0   -9.0   -9.0   -9.0 -9 -9 40                       0   0   -9 -         -9  -9  -9   949 -9.0 -9.00 -9   1.1   5.2   5.4   5.7   5.9  -9 -9.0 -9  3  2
202403140300 108  25  2.7  -9 -9.0   -9 1009.7 1020.3  7  -0.3   4.7   0.6  75.0   6.4   -9.0   -9.0   -9.0   -9.0   -9.0   -9.0   -9.0  5  0 40                       0   0   -9 -         -9  -9  -9   938 -9.0 -9.00 -9   1.1   5.0   5.2   5.5   5.8  -9 -9.0 -9  3  1
202403140400 108  18  0.8  -9 -9.0   -9 1009.2 1019.8 -9  -9.0   4.5   0.6  76.0   6.4   -9.0   -9.0   -9.0   -9.0   -9.0   -9.0   -9.0  5  0 40                       0   0   -9 -         -9  -9  -9   906 -9.0 -9.00 -9   0.9   4.8   5.0   5.4   5.8  -9 -9.0 -9  3  1
202403140500 108   5  0.8  -9 -9.0   -9 1009.5 1020.1 -9  -9.0   4.0   0.6  79.0   6.4   -9.0   -9.0   -9.0   -9.0   -9.0   -9.0   -9.0  5  0 40                       0   0   -9 -         -9  -9  -9   862 -9.0 -9.00 -9   0.8   4.6   4.9   5.3   5.7  -9 -9.0 -9  3  1
202403140600 108  34  0.6  -9 -9.0   -9 1010.0 1020.7  3   0.4   3.7   0.7  81.0   6.4   -9.0   -9.0   -9.0   -9.0   -9.0   -9.0   -9.0 10  0 4019                     6   6    8 Sc         0   0   5   813 -9.0 -9.00 -9   0.7   4.4   4.7   5.1   5.6  -9 -9.0 -9  3  1
202403140700 108   7  1.1  -9 -9.0   -9 1010.3 1021.0 -9  -9.0   3.5   1.0  84.0   6.6   -9.0   -9.0   -9.0   -9.0   -9.0   -9.0   -9.0 10 22 19                       8   8    6 Sc         0   0   5   689 -9.0 -9.00 -9   0.7   4.2   4.5   5.0   5.5  -9 -9.0 -9  3  1
202403140800 108  18  1.2  -9 -9.0   -9 1010.7 1021.4 -9  -9.0   4.2   1.5  83.0   6.8   -9.0   -9.0   -9.0   -9.0   -9.0   -9.0   -9.0 10  0 19                       4   4    6 Sc         0   0   5   755 -9.0 -9.00 -9   1.8   4.2   4.4   4.9   5.4  -9 -9.0 -9  3  1
202403140900 108  18  0.9  -9 -9.0   -9 1011.1 1021.7  2   1.0   5.6   2.4  80.0   7.3   -9.0   -9.0   -9.0   -9.0   -9.0   -9.0   -9.0 10  0 19                       2   2   10 Sc         0   0   5   721 -9.0 -9.00 -9   6.7   4.3   4.4   4.7   5.3  -9 -9.0 -9  3  1
202403141000 108  18  1.8  -9 -9.0   -9 1011.4 1021.9 -9  -9.0   8.2   3.2  71.0   7.7   -9.0   -9.0   -9.0   -9.0   -9.0   -9.0   -9.0 10  0 19                       1   0   -9 Ci         1   0   0   751 -9.0 -9.00 -9  13.6   4.7   4.5   4.7   5.3  -9 -9.0 -9  3  1
202403141100 108  18  1.5  -9 -9.0   -9 1011.1 1021.5 -9  -9.0  10.1   2.4  59.0   7.3   -9.0   -9.0   -9.0   -9.0   -9.0   -9.0   -9.0  5  0 4019                     0   0   -9 -         -9  -9  -9   822 -9.0 -9.00 -9  18.7   5.5   4.8   4.7   5.2  -9 -9.0 -9  3  1
202403141200 108  27  2.1  -9 -9.0   -9 1010.9 1021.3  8  -0.4  11.8   0.8  47.0   6.5   -9.0   -9.0   -9.0   -9.0   -9.0   -9.0   -9.0 -9 -9 40                       0   0   -9 -         -9  -9  -9  1024 -9.0 -9.00 -9  21.8   6.5   5.4   4.8   5.1  -9 -9.0 -9  3  2
202403141300 108  25  0.9  -9 -9.0   -9 1010.4 1020.7 -9  -9.0  13.1  -2.4  34.0   5.1   -9.0   -9.0   -9.0   -9.0   -9.0   -9.0   -9.0 -9 -9 -                        0   0   -9 -         -9  -9  -9  1464 -9.0 -9.00 -9  23.2   7.4   6.0   5.0   5.1  -9 -9.0 -9  3  2
202403141400 108  20  1.3  -9 -9.0   -9 1009.6 1019.8 -9  -9.0  14.5   0.0  37.0   6.1   -9.0   -9.0   -9.0   -9.0   -9.0   -9.0   -9.0  5  0 40                       0   0   -9 -         -9  -9  -9   956 -9.0 -9.00 -9  23.1   8.3   6.7   5.3   5.2  -9 -9.0 -9  3  1
202403141500 108  25  2.8  -9 -9.0   -9 1009.9 1020.1  5  -1.2  15.4  -4.0  26.0   4.5   -9.0   -9.0   -9.0   -9.0   -9.0   -9.0   -9.0 -9 -9 40                       0   0   -9 -         -9  -9  -9  1937  1.0  2.64 -9  22.7   9.0   7.4   5.7   5.3  -9 -9.0 -9  3  2
202403141600 108  25  3.2  -9 -9.0   -9 1010.1 1020.3 -9  -9.0  14.9  -3.0  29.0   4.9   -9.0   -9.0   -9.0   -9.0   -9.0   -9.0   -9.0 -9 -9 -                        0   0   -9 -         -9  -9  -9  1835  1.0  2.15 -9  19.5   9.5   8.0   6.1   5.5  -9 -9.0 -9  3  2
202403141700 108  27  3.2  -9 -9.0   -9 1010.0 1020.2 -9  -9.0  14.2  -2.2  32.0   5.2   -9.0   -9.0   -9.0   -9.0   -9.0   -9.0   -9.0 -9 -9 -                        0   0   -9 -         -9  -9  -9  1574  1.0  1.43 -9  15.2   9.7   8.3   6.5   5.7  -9 -9.0 -9  3  2
202403141800 108  27  2.8  -9 -9.0   -9 1010.2 1020.5  2   0.4  12.7  -5.3  28.0   4.1   -9.0   -9.0   -9.0   -9.0   -9.0   -9.0   -9.0 -9 -9 -                        0   0   -9 -         -9  -9  -9  2048  1.0  0.60 -9  10.4   9.6   8.5   6.9   6.0  -9 -9.0 -9  3  2
202403141900 108  25  3.6  -9 -9.0   -9 1010.7 1021.1 -9  -9.0  10.6  -4.2  35.0   4.5   -9.0   -9.0   -9.0   -9.0   -9.0   -9.0   -9.0 -9 -9 -                        0   0   -9 -         -9  -9  -9  1668  0.2  0.08 -9   7.3   9.3   8.5   7.2   6.3  -9 -9.0 -9  3 -9
202403142000 108  25  3.2  -9 -9.0   -9 1011.2 1021.6 -9  -9.0   9.2  -3.0  42.0   4.9   -9.0   -9.0   -9.0   -9.0   -9.0   -9.0   -9.0 -9 -9 -                        0   0   -9 -         -9  -9  -9  1430 -9.0 -9.00 -9   5.7   8.8   8.3   7.3   6.5  -9 -9.0 -9  3 -9
202403142100 108  23  2.5  -9 -9.0   -9 1011.7 1022.2  2   1.7   8.1  -0.9  53.0   5.7   -9.0   -9.0   -9.0   -9.0   -9.0   -9.0   -9.0 -9 -9 -                        0   0   -9 -         -9  -9  -9  1071 -9.0 -9.00 -9   4.7   8.3   8.1   7.4   6.6  -9 -9.0 -9  3  2
202403142200 108  25  3.2  -9 -9.0   -9 1012.1 1022.6 -9  -9.0   7.3   0.2  61.0   6.2   -9.0   -9.0   -9.0   -9.0   -9.0   -9.0   -9.0 -9 -9 40                       0   0   -9 -         -9  -9  -9   985 -9.0 -9.00 -9   4.2   7.9   7.8   7.4   6.8  -9 -9.0 -9  3  2
202403142300 108  25  3.0  -9 -9.0   -9 1012.4 1023.0 -9  -9.0   6.8   1.8  71.0   7.0   -9.0   -9.0   -9.0   -9.0   -9.0   -9.0   -9.0 -9 -9 40                       0   0   -9 -         -9  -9  -9   940 -9.0 -9.00 -9   3.8   7.5   7.5   7.3   6.8  -9 -9.0 -9  3  2
202403150000 108  25  1.8  -9 -9.0   -9 1012.3 1022.9  0   0.7   6.2   2.2  76.0   7.2   -9.0   -9.0   -9.0   -9.0   -9.0   -9.0   -9.0  5  0 40                       0   0   -9 -         -9  -9  -9   807 -9.0 -9.00 -9   3.3   7.2   7.2   7.1   6.8  -9 -9.0 -9  3  1
202403150100 108  25  1.7  -9 -9.0   -9 1012.6 1023.2 -9  -9.0   5.8   2.6  80.0   7.4   -9.0   -9.0   -9.0   -9.0   -9.0   -9.0   -9.0 -9 -9 4019                     0   0   -9 -         -9  -9  -9   720 -9.0 -9.00 -9   2.8   6.8   7.0   7.0   6.8  -9 -9.0 -9  3  2
202403150200 108  27  0.9  -9 -9.0   -9 1012.9 1023.5 -9  -9.0   5.6   2.7  82.0   7.4   -9.0   -9.0   -9.0   -9.0   -9.0   -9.0   -9.0 -9 -9 19                       0   0   -9 -         -9  -9  -9   652 -9.0 -9.00 -9   2.3   6.6   6.7   6.8   6.8  -9 -9.0 -9  3  2
202403150300 108  20  1.6  -9 -9.0   -9 1012.7 1023.3  0   0.4   5.4   2.3  81.0   7.2   -9.0   -9.0   -9.0   -9.0   -9.0   -9.0   -9.0 10  0 19                       0   0   -9 -         -9  -9  -9   714 -9.0 -9.00 -9   2.0   6.3   6.5   6.7   6.7  -9 -9.0 -9  3  1
202403150400 108  23  1.3  -9 -9.0   -9 1012.8 1023.5 -9  -9.0   4.9   1.5  79.0   6.8   -9.0   -9.0   -9.0   -9.0   -9.0   -9.0   -9.0 10  0 19                       0   0   -9 -         -9  -9  -9   815 -9.0 -9.00 -9   1.5   6.0   6.3   6.5   6.7  -9 -9.0 -9  3  1
202403150500 108   0  0.0  -9 -9.0   -9 1012.7 1023.4 -9  -9.0   4.6   1.6  81.0   6.9   -9.0   -9.0   -9.0   -9.0   -9.0   -9.0   -9.0 10  0 19                       0   0   -9 -         -9  -9  -9   800 -9.0 -9.00 -9   1.1   5.8   6.0   6.4   6.6  -9 -9.0 -9  3  1
202403150600 108   0  0.3  -9 -9.0   -9 1012.8 1023.5  1   0.2   4.2   1.5  83.0   6.8   -9.0   -9.0   -9.0   -9.0   -9.0   -9.0   -9.0 10  0 19                       0   0   -9 -         -9  -9  -9   738 -9.0 -9.00 -9   1.1   5.5   5.8   6.2   6.5  -9 -9.0 -9  3  1
202403150700 108  16  0.5  -9 -9.0   -9 1013.2 1023.9 -9  -9.0   4.1   1.4  83.0   6.8   -9.0   -9.0   -9.0   -9.0   -9.0   -9.0   -9.0 10  0 19                       0   0   -9 -         -9  -9  -9   783  0.0  0.00 -9   1.0   5.3   5.6   6.0   6.4  -9 -9.0 -9  3  1
202403150800 108  23  1.6  -9 -9.0   -9 1013.7 1024.4 -9  -9.0   5.0   2.6  85.0   7.4   -9.0   -9.0   -9.0   -9.0   -9.0   -9.0   -9.0 10  0 19                       0   0   -9 -         -9  -9  -9   881  0.6  0.29 -9   1.5   5.1   5.4   5.9   6.3  -9 -9.0 -9  3  1
202403150900 108  20  2.4  -9 -9.0   -9 1013.8 1024.4  1   0.9   7.1   3.8  80.0   8.0   -9.0   -9.0   -9.0   -9.0   -9.0   -9.0   -9.0 10  0 19                       0   0   -9 -         -9  -9  -9   992  1.0  0.92 -9   8.0   5.2   5.3   5.7   6.2  -9 -9.0 -9  3  1
202403151000 108  20  2.9  -9 -9.0   -9 1014.0 1024.5 -9  -9.0   9.1   3.9  70.0   8.1   -9.0   -9.0   -9.0   -9.0   -9.0   -9.0   -9.0 -9 -9 19                       0   0   -9 -         -9  -9  -9  1066  1.0  1.71 -9  13.7   5.6   5.4   5.6   6.1  -9 -9.0 -9  3  2
202403151100 108  23  2.7  -9 -9.0   -9 1013.9 1024.3 -9  -9.0  10.6   4.0  64.0   8.1   -9.0   -9.0   -9.0   -9.0   -9.0   -9.0   -9.0  5  0 40                       0   0   -9 -         -9  -9  -9   928  1.0  2.29 -9  17.7   6.3   5.7   5.6   6.0  -9 -9.0 -9  3  1
202403151200 108  20  3.2  -9 -9.0   -9 1013.9 1024.3  6  -0.1  12.2   2.8  53.0   7.5   -9.0   -9.0   -9.0   -9.0   -9.0   -9.0   -9.0 -9 -9 40                       0   0   -9 -         -9  -9  -9  1048  1.0  2.67 -9  20.9   7.2   6.2   5.6   6.0  -9 -9.0 -9  3  2
202403151300 108  23  3.2  -9 -9.0   -9 1013.3 1023.6 -9  -9.0  13.2   1.5  45.0   6.8   -9.0   -9.0   -9.0   -9.0   -9.0   -9.0   -9.0 -9 -9 -                        0   0   -9 -         -9  -9  -9  1482  1.0  2.90 -9  22.3   8.1   6.8   5.8   5.9  -9 -9.0 -9  3  2
202403151400 108  23  3.9  -9 -9.0   -9 1012.8 1023.1 -9  -9.0  13.9   2.4  46.0   7.3   -9.0   -9.0   -9.0   -9.0   -9.0   -9.0   -9.0 -9 -9 -                        0   0   -9 -         -9  -9  -9  1419  1.0  2.84 -9  22.6   8.9   7.4   6.0   5.9  -9 -9.0 -9  3  2
202403151500 108  20  4.4  -9 -9.0   -9 1012.4 1022.7  7  -1.6  14.1   2.0  44.0   7.1   -9.0   -9.0   -9.0   -9.0   -9.0   -9.0   -9.0 -9 -9 -                        0   0   -9 -         -9  -9  -9  1674  1.0  2.55 -9  21.1   9.5   8.0   6.4   6.1  -9 -9.0 -9  3  2
202403151600 108  27  4.0  -9 -9.0   -9 1012.3 1022.6 -9  -9.0  14.1   2.9  47.0   7.5   -9.0   -9.0   -9.0   -9.0   -9.0   -9.0   -9.0 -9 -9 -                        0   0   -9 -         -9  -9  -9  1443  1.0  2.02 -9  19.0  10.0   8.5   6.8   6.2  -9 -9.0 -9  3  2
202403151700 108  20  3.3  -9 -9.0   -9 1012.3 1022.6 -9  -9.0  13.7   2.8  48.0   7.5   -9.0   -9.0   -9.0   -9.0   -9.0   -9.0   -9.0 -9 -9 -                        0   0   -9 -         -9  -9  -9  1349  1.0  1.34 -9  15.3  10.1   8.9   7.1   6.3  -9 -9.0 -9  3  2
202403151800 108  25  3.2  -9 -9.0   -9 1012.7 1023.1  3   0.4  12.1   3.5  56.0   7.8   -9.0   -9.0   -9.0   -9.0   -9.0   -9.0   -9.0 -9 -9 -                        0   0   -9 -         -9  -9  -9  1064  1.0  0.57 -9  11.2  10.1   9.0   7.5   6.7  -9 -9.0 -9  3  2
202403151900 108  23  2.6  -9 -9.0   -9 1013.2 1023.7 -9  -9.0  10.4   3.8  64.0   8.0   -9.0   -9.0   -9.0   -9.0   -9.0   -9.0   -9.0 -9 -9 40                       0   0   -9 -         -9  -9  -9   981  0.0  0.08 -9   8.5   9.8   9.0   7.8   6.9  -9 -9.0 -9  3  2
202403152000 108  25  2.7  -9 -9.0   -9 1013.8 1024.3 -9  -9.0   9.5   4.0  69.0   8.1   -9.0   -9.0   -9.0   -9.0   -9.0   -9.0   -9.0 -9 -9 40                       0   0   -9 -         -9  -9  -9   799 -9.0 -9.00 -9   7.0   9.3   8.9   7.9   7.1  -9 -9.0 -9  3  2
202403152100 108  25  1.5  -9 -9.0   -9 1014.0 1024.5  2   1.4   8.8   3.8  71.0   8.0   -9.0   -9.0   -9.0   -9.0   -9.0   -9.0   -9.0  5  0 40                       0   0   -9 -         -9  -9  -9   729 -9.0 -9.00 -9   6.0   8.9   8.6   8.0   7.2  -9 -9.0 -9  3  1
202403152200 108  20  2.0  -9 -9.0   -9 1014.4 1024.9 -9  -9.0   8.2   4.3  77.0   8.3   -9.0   -9.0   -9.0   -9.0   -9.0   -9.0   -9.0 -9 -9 40                       0   0   -9 -         -9  -9  -9   750 -9.0 -9.00 -9   5.5   8.5   8.4   7.9   7.3  -9 -9.0 -9  3  2
202403152300 108  23  2.1  -9 -9.0   -9 1014.8 1025.4 -9  -9.0   7.6   4.1  79.0   8.2   -9.0   -9.0   -9.0   -9.0   -9.0   -9.0   -9.0 -9 -9 40                       0   0   -9 -         -9  -9  -9   869 -9.0 -9.00 -9   5.0   8.2   8.1   7.8   7.4  -9 -9.0 -9  3  2
202403160000 108  25  0.6  -9 -9.0   -9 1015.1 1025.7  2   1.2   7.1   3.8  80.0   8.0   -9.0   -9.0   -9.0   -9.0   -9.0   -9.0   -9.0 10  0 4019                     0   0   -9 -         -9  -9  -9   854 -9.0 -9.00 -9   4.2   7.9   7.9   7.7   7.4  -9 -9.0 -9  3  1
202403160100 108   2  1.1  -9 -9.0   -9 1015.0 1025.6 -9  -9.0   6.6   3.9  83.0   8.1   -9.0   -9.0   -9.0   -9.0   -9.0   -9.0   -9.0 -9 -9 19                       0   0   -9 -         -9  -9  -9   691 -9.0 -9.00 -9   3.6   7.6   7.7   7.6   7.4  -9 -9.0 -9  3  2
202403160200 108  32  0.5  -9 -9.0   -9 1015.2 1025.8 -9  -9.0   6.1   3.5  84.0   7.8   -9.0   -9.0   -9.0   -9.0   -9.0   -9.0   -9.0 -9 -9 19                       0   0   -9 -         -9  -9  -9   646 -9.0 -9.00 -9   3.1   7.3   7.4   7.5   7.4  -9 -9.0 -9  3  2
202403160300 108   0  0.2  -9 -9.0   -9 1015.1 1025.7  4   0.0   6.0   3.6  85.0   7.9   -9.0   -9.0   -9.0   -9.0   -9.0   -9.0   -9.0 10  0 19                       0   0   -9 -         -9  -9  -9   594 -9.0 -9.00 -9   2.6   7.0   7.2   7.3   7.3  -9 -9.0 -9  3  1
202403160400 108  27  1.3  -9 -9.0   -9 1014.7 1025.3 -9  -9.0   5.8   3.6  86.0   7.9   -9.0   -9.0   -9.0   -9.0   -9.0   -9.0   -9.0 10  0 19                       0   0   -9 -         -9  -9  -9   571 -9.0 -9.00 -9   2.3   6.8   7.0   7.2   7.3  -9 -9.0 -9  3  1
202403160500 108   5  1.4  -9 -9.0   -9 1014.0 1024.7 -9  -9.0   5.2   3.2  87.0   7.7   -9.0   -9.0   -9.0   -9.0   -9.0   -9.0   -9.0 10  0 19                       0   0   -9 -         -9  -9  -9   477 -9.0 -9.00 -9   2.0   6.5   6.8   7.0   7.2  -9 -9.0 -9  3  1
202403160600 108   5  2.3  -9 -9.0   -9 1013.9 1024.6  7  -1.1   4.8   3.1  89.0   7.6   -9.0   -9.0   -9.0   -9.0   -9.0   -9.0   -9.0 10  0 19                       0   0   -9 -         -9  -9  -9   352 -9.0 -9.00 -9   1.9   6.3   6.6   6.9   7.1  -9 -9.0 -9  3  1
202403160700 108   5  2.7  -9 -9.0   -9 1013.4 1024.1 -9  -9.0   4.6   3.0  90.0   7.6   -9.0   -9.0   -9.0   -9.0   -9.0   -9.0   -9.0 10  0 19                       0   0   -9 -         -9  -9  -9   333  0.0  0.00 -9   1.8   6.1   6.4   6.7   7.0  -9 -9.0 -9  3  1
202403160800 108   5  1.9  -9 -9.0   -9 1013.8 1024.4 -9  -9.0   5.7   3.8  88.0   8.0   -9.0   -9.0   -9.0   -9.0   -9.0   -9.0   -9.0 10  0 19                       0   0   -9 -         -9  -9  -9   416  0.5  0.30 -9   3.7   5.9   6.2   6.5   6.9  -9 -9.0 -9  3  1
202403160900 108   5  1.8  -9 -9.0   -9 1013.9 1024.4  5  -0.2   7.9   4.2  78.0   8.2   -9.0   -9.0   -9.0   -9.0   -9.0   -9.0   -9.0 10  0 19                       0   0   -9 -         -9  -9  -9   551  1.0  0.92 -9   9.2   6.0   6.1   6.4   6.8  -9 -9.0 -9  3  1
202403161000 108  18  1.0  -9 -9.0   -9 1013.8 1024.3 -9  -9.0  10.0   4.3  68.0   8.3   -9.0   -9.0   -9.0   -9.0   -9.0   -9.0   -9.0  5  0 4019                     0   0   -9 -         -9  -9  -9   718  1.0  1.66 -9  15.1   6.4   6.2   6.3   6.7  -9 -9.0 -9  3  1
202403161100 108  18  1.7  -9 -9.0   -9 1012.8 1023.1 -9  -9.0  12.5   4.4  58.0   8.4   -9.0   -9.0   -9.0   -9.0   -9.0   -9.0   -9.0  5  0 40                       0   0   -9 -         -9  -9  -9   782  1.0  2.29 -9  19.9   7.2   6.5   6.3   6.6  -9 -9.0 -9  3  1
202403161200 108  20  1.7  -9 -9.0   -9 1011.8 1022.0  7  -2.4  14.4   3.2  47.0   7.7   -9.0   -9.0   -9.0   -9.0   -9.0   -9.0   -9.0  5  0 40                       0   0   -9 -         -9  -9  -9   944  1.0  2.70 -9  23.6   8.2   7.1   6.4   6.6  -9 -9.0 -9  3  1
202403161300 108  16  1.6  -9 -9.0   -9 1010.6 1020.8 -9  -9.0  16.2   1.0  36.0   6.6   -9.0   -9.0   -9.0   -9.0   -9.0   -9.0   -9.0 -9 -9 40                       2   0   -9 Ci         1   0   0  1542  1.0  2.99 -9  25.9   9.2   7.8   6.6   6.6  -9 -9.0 -9  3  2
202403161400 108  18  1.4  -9 -9.0   -9 1009.6 1019.7 -9  -9.0  17.7   0.7  32.0   6.4   -9.0   -9.0   -9.0   -9.0   -9.0   -9.0   -9.0 -9 -9 -                        7   0   -9 Ci         1   0   0  1446  1.0  2.67 -9  24.9  10.2   8.5   6.9   6.6  -9 -9.0 -9  3  2
202403161500 108  23  1.8  -9 -9.0   -9 1008.2 1018.3  7  -3.7  17.6  -1.1  28.0   5.6   -9.0   -9.0   -9.0   -9.0   -9.0   -9.0   -9.0 -9 -9 -                        7   0   -9 Ci         2   0   0  1547  0.5  1.88 -9  21.2  10.9   9.2   7.3   6.8  -9 -9.0 -9  3  2
202403161600 108  23  3.8  -9 -9.0   -9 1007.7 1017.7 -9  -9.0  17.9  -4.1  22.0   4.5   -9.0   -9.0   -9.0   -9.0   -9.0   -9.0   -9.0 -9 -9 -                        7   0   -9 Ci         1   0   0  2097  0.8  1.62 -9  19.4  11.4   9.8   7.8   6.9  -9 -9.0 -9  3  2
202403161700 108  25  4.2  -9 -9.0   -9 1008.0 1018.1 -9  -9.0  16.6  -3.5  25.0   4.7   -9.0   -9.0   -9.0   -9.0   -9.0   -9.0   -9.0 -9 -9 -                        8   3   18 ScAc       0   3   5  3284  0.4  0.93 -9  15.3  11.5  10.1   8.2   7.2  -9 -9.0 -9  3  2
202403161800 108  27  4.0  -9 -9.0   -9 1007.8 1018.0  5  -0.3  14.8  -3.0  29.0   4.9   -9.0   -9.0   -9.0   -9.0   -9.0   -9.0   -9.0 -9 -9 -                        8   6   15 ScAc       0   3   5  2945  0.1  0.30 -9  12.7  11.4  10.3   8.5   7.4  -9 -9.0 -9  3  2
202403161900 108  29  2.8  -9 -9.0   -9 1008.0 1018.2 -9  -9.0  13.5  -4.2  29.0   4.5   -9.0   -9.0   -9.0   -9.0   -9.0   -9.0   -9.0 -9 -9 -                        9   3   17 -         -9  -9  -9  3389  0.0  0.02 -9  10.7  11.0  10.2   8.8   7.6  -9 -9.0 -9  3 -9
202403162000 108  29  2.8  -9 -9.0   -9 1008.3 1018.6 -9  -9.0  12.6  -3.6  32.0   4.7   -9.0   -9.0   -9.0   -9.0   -9.0   -9.0   -9.0 -9 -9 -                        7   7   15 -         -9  -9  -9  3163 -9.0 -9.00 -9   9.6  10.6  10.1   8.9   7.8  -9 -9.0 -9  3 -9
202403162100 108  25  2.8  -9 -9.0   -9 1008.2 1018.6  1   0.6  11.2  -2.9  37.0   4.9   -9.0   -9.0   -9.0   -9.0   -9.0   -9.0   -9.0 -9 -9 -                        7   7   30 Ac         0   3   0  3248 -9.0 -9.00 -9   8.1  10.2   9.9   8.9   8.0  -9 -9.0 -9  3  2
202403162200 108  25  2.3  -9 -9.0   -9 1007.8 1018.2 -9  -9.0  10.5  -2.5  40.0   5.1   -9.0   -9.0   -9.0   -9.0   -9.0   -9.0   -9.0 -9 -9 -                        0   0   -9 -         -9  -9  -9  2871 -9.0 -9.00 -9   7.0   9.8   9.6   8.9   8.1  -9 -9.0 -9  3 -9
202403162300 108  27  2.6  -9 -9.0   -9 1007.8 1018.2 -9  -9.0  10.4  -1.3  44.0   5.6   -9.0   -9.0   -9.0   -9.0   -9.0   -9.0   -9.0 -9 -9 -                        7   1   17 -         -9  -9  -9  2572 -9.0 -9.00 -9   7.1   9.5   9.3   8.8   8.2  -9 -9.0 -9  3 -9
202403170000 108  20  2.1  -9 -9.0   -9 1007.5 1017.9  7  -0.7  10.2  -1.8  43.0   5.4   -9.0   -9.0   -9.0   -9.0   -9.0   -9.0   -9.0 -9 -9 -                        9   9   13 Sc         0   0   5  2468 -9.0 -9.00 -9   7.1   9.2   9.1   8.7   8.2  -9 -9.0 -9  3  2
202403170100 108  20  3.2  -9 -9.0   -9 1007.3 1017.7 -9  -9.0   9.9  -2.1  43.0   5.2   -9.0   -9.0   -9.0   -9.0   -9.0   -9.0   -9.0 -9 -9 -                        8   8    8 -         -9  -9  -9  2170 -9.0 -9.00 -9   7.1   9.0   8.9   8.6   8.2  -9 -9.0 -9  3 -9
202403170200 108  25  2.0  -9 -9.0   -9 1007.0 1017.4 -9  -9.0   9.8  -1.8  44.0   5.4   -9.0   -9.0   -9.0   -9.0   -9.0   -9.0   -9.0 -9 -9 -                        9   9    5 -         -9  -9  -9  2180 -9.0 -9.00 -9   7.4   8.9   8.8   8.5   8.2  -9 -9.0 -9  3 -9
202403170300 108  23  2.2  -9 -9.0   -9 1006.1 1016.5  7  -1.4   9.8  -1.2  46.0   5.6   -9.0   -9.0   -9.0   -9.0   -9.0   -9.0   -9.0 -9 -9 -                        9   9    8 Sc         0   0   5  2325 -9.0 -9.00 -9   7.5   8.8   8.6   8.4   8.2  -9 -9.0 -9  3  2
202403170400 108  23  2.4  -9 -9.0   -9 1005.6 1016.0 -9  -9.0   9.6   0.4  53.0   6.3   -9.0   -9.0   -9.0   -9.0   -9.0   -9.0   -9.0 -9 -9 -                        9   9    8 Sc         0   0   5  2120 -9.0 -9.00 -9   7.4   8.7   8.5   8.3   8.1  -9 -9.0 -9  3  2
202403170500 108  25  2.8  -9 -9.0   -9 1005.0 1015.4 -9  -9.0   9.4   4.7  73.0   8.5   -9.0   -9.0   -9.0   -9.0   -9.0   -9.0   -9.0 -9 -9 -                        9   9    9 Sc         0   0   5  1207 -9.0 -9.00 -9   7.6   8.6   8.5   8.2   8.1  -9 -9.0 -9  3  2
202403170600 108  27  2.3  -9 -9.0   -9 1005.4 1015.8  5  -0.7   8.7   6.6  87.0   9.7    0.1    0.1    0.1   -9.0   -9.0   -9.0   -9.0 60 62 1901                    10   8    9 ScAs      -9   2   5   189 -9.0 -9.00 -9   7.7   8.5   8.4   8.2   8.1  -9 -9.0 -9  4  1
202403170700 108  23  2.1  -9 -9.0   -9 1005.4 1015.8 -9  -9.0   8.6   7.0  90.0  10.0   -9.0    0.1    0.1   -9.0   -9.0   -9.0   -9.0 21 62 1901                    10  10    6 St        -9  -9   6   328  0.0  0.01 -9   7.8   8.5   8.3   8.1   8.0  -9 -9.0 -9  4  1
202403170800 108  25  3.1  -9 -9.0   -9 1005.7 1016.1 -9  -9.0   8.7   6.8  88.0   9.9   -9.0    0.1    0.1   -9.0   -9.0   -9.0   -9.0 10 22 19                      10  10    6 St        -9  -9   6   613  0.0  0.07 -9   8.2   8.4   8.3   8.0   8.0  -9 -9.0 -9  3  1
202403170900 108  27  5.1  -9 -9.0   -9 1006.2 1016.6  2   0.8   8.6   4.4  75.0   8.4    0.0    0.1    0.1   -9.0   -9.0   -9.0   -9.0 10 62 19                       6   6    8 Sc         0   0   5   871  0.2  0.49 -9   9.8   8.4   8.2   8.0   7.9  -9 -9.0 -9  3  1
202403171000 108  29  5.1  -9 -9.0   -9 1006.1 1016.5 -9  -9.0   9.2   1.8  60.0   7.0   -9.0    0.1    0.1   -9.0   -9.0   -9.0   -9.0 -9 -9 19                       4   0   -9 Ci         1   0   0  1162  1.0  1.54 -9  15.7   8.5   8.2   7.9   7.9  -9 -9.0 -9  3  2
202403171100 108  29  4.2  27 10.0 1023 1006.2 1016.6 -9  -9.0   9.6   0.0  51.0   6.1   -9.0    0.1    0.1   -9.0   -9.0   -9.0   -9.0  6 22 42                       5   0   -9 Ci         1   0   0  1367  1.0  2.12 -9  19.6   8.8   8.4   7.9   7.9  -9 -9.0 -9  3  1
202403171200 108  32  5.6  27 10.0 1023 1005.9 1016.3  7  -0.3   9.6  -3.7  39.0   4.6   -9.0    0.1    0.1   -9.0   -9.0   -9.0   -9.0  6  0 42                       3   0   -9 Ci         1   0   0  1393  1.0  2.59 -9  22.2   9.1   8.5   8.0   7.9  -9 -9.0 -9  3  1
202403171300 108  29  4.3  -9 -9.0   -9 1005.9 1016.3 -9  -9.0  10.7  -4.1  35.0   4.5   -9.0    0.1    0.1   -9.0   -9.0   -9.0   -9.0  6  0 42                       3   0   -9 Ci         1   0   0  1073  1.0  2.76 -9  25.0   9.4   8.7   8.0   7.9  -9 -9.0 -9  3  1
202403171400 108  29  4.4  -9 -9.0   -9 1005.2 1015.5 -9  -9.0  11.6  -4.5  32.0   4.4   -9.0    0.1    0.1   -9.0   -9.0   -9.0   -9.0  6 22 42                       5   0   -9 Ci         1   0   0  1080  1.0  2.81 -9  24.6   9.8   9.0   8.2   7.9  -9 -9.0 -9  3  1
202403171500 108  29  4.7  27 10.0 1023 1005.1 1015.4  7  -0.9  11.7  -5.3  30.0   4.1   -9.0    0.1    0.1   -9.0   -9.0   -9.0   -9.0  6  0 42                       5   0   -9 Ci         1   0   0  1300  1.0  2.46 -9  22.6  10.2   9.3   8.3   7.9  -9 -9.0 -9  3  1
202403171600 108  27  5.2  29 11.0 1542 1005.5 1015.8 -9  -9.0  11.4  -5.1  31.0   4.2   -9.0    0.1    0.1   -9.0   -9.0   -9.0   -9.0  6 22 42                       7   0   -9 Ci         1   0   0  1510  1.0  1.83 -9  18.0  10.4   9.6   8.5   8.0  -9 -9.0 -9  3  1
202403171700 108  29  3.7  29 10.0 1603 1005.4 1015.7 -9  -9.0  11.4  -6.5  28.0   3.8   -9.0    0.1    0.1   -9.0   -9.0   -9.0   -9.0  6  0 42                       1   0   -9 Ci         1   0   0  2041  1.0  1.31 -9  14.1  10.4   9.7   8.7   8.2  -9 -9.0 -9  3  1
202403171800 108  29  5.2  29 11.0 1542 1005.9 1016.3  2   0.9  10.2  -7.0  29.0   3.6   -9.0    0.1    0.1   -9.0   -9.0   -9.0   -9.0  6  0 42                       6   0   -9 Ci         1   0   0  2925  0.5  0.50 -9   9.6  10.3   9.7   8.9   8.3  -9 -9.0 -9  3  1
202403171900 108  27  4.0  29 10.0 1900 1007.4 1017.8 -9  -9.0   8.9  -6.5  33.0   3.8   -9.0    0.1    0.1   -9.0   -9.0   -9.0   -9.0 -9 -9 42                       0   0   -9 -         -9  -9  -9  3260  0.0  0.10 -9   6.3  10.0   9.6   9.0   8.4  -9 -9.0 -9  3  2
202403172000 108  29  5.5  -9 -9.0   -9 1008.9 1019.4 -9  -9.0   7.7  -5.4  39.0   4.1   -9.0    0.1    0.1   -9.0   -9.0   -9.0   -9.0 -9 -9 -                        6   1   73 -         -9  -9  -9  3549 -9.0 -9.00 -9   5.1   9.6   9.4   9.0   8.5  -9 -9.0 -9  3 -9
202403172100 108  29  4.2  29 11.0 1542 1009.7 1020.3  2   4.0   6.6  -5.4  42.0   4.1   -9.0    0.1    0.1   -9.0   -9.0   -9.0   -9.0 -9 -9 -                        6   0   -9 Ci         1   0   0  3533 -9.0 -9.00 -9   4.2   9.2   9.2   9.0   8.6  -9 -9.0 -9  3  2
202403172200 108  32  2.7  -9 -9.0   -9 1010.5 1021.1 -9  -9.0   5.9  -6.0  42.0   3.9   -9.0    0.1    0.1   -9.0   -9.0   -9.0   -9.0 -9 -9 -                        2   2   64 -         -9  -9  -9  3230 -9.0 -9.00 -9   3.1   8.8   8.9   8.9   8.6  -9 -9.0 -9  3 -9
202403172300 108  32  3.4  -9 -9.0   -9 1010.5 1021.1 -9  -9.0   5.5  -6.7  41.0   3.7   -9.0    0.1    0.1   -9.0   -9.0   -9.0   -9.0 -9 -9 -                        0   0   -9 -         -9  -9  -9  3565 -9.0 -9.00 -9   2.3   8.4   8.6   8.7   8.6  -9 -9.0 -9  3 -9
202403180000 108  32  3.0  -9 -9.0   -9 1011.1 1021.7  2   1.4   5.4  -8.5  36.0   3.2   -9.0    0.1    0.1   -9.0   -9.0   -9.0   -9.0 -9 -9 -                        0   0   -9 -         -9  -9  -9  4071 -9.0 -9.00 -9   1.6   8.0   8.3   8.6   8.6  -9 -9.0 -9  3  2
202403180100 108  34  3.4  -9 -9.0   -9 1011.5 1022.2 -9  -9.0   5.0 -10.7  31.0   2.7   -9.0   -9.0   -9.0   -9.0   -9.0   -9.0   -9.0 -9 -9 -                        0   0   -9 -         -9  -9  -9  4878 -9.0 -9.00 -9   1.1   7.7   8.0   8.4   8.5  -9 -9.0 -9  3 -9
202403180200 108  18  0.7  -9 -9.0   -9 1012.0 1022.7 -9  -9.0   4.0 -10.4  34.0   2.8   -9.0   -9.0   -9.0   -9.0   -9.0   -9.0   -9.0 -9 -9 -                        0   0   -9 -         -9  -9  -9  4744 -9.0 -9.00 -9   0.2   7.4   7.7   8.2   8.4  -9 -9.0 -9  3 -9
202403180300 108  32  2.1  -9 -9.0   -9 1011.7 1022.4  0   0.7   3.7 -10.7  34.0   2.7   -9.0   -9.0   -9.0   -9.0   -9.0   -9.0   -9.0 -9 -9 -                        0   0   -9 -         -9  -9  -9  4805 -9.0 -9.00 -9  -0.3   7.0   7.4   8.0   8.3  -9 -9.0 -9  3  2
202403180400 108  29  2.3  -9 -9.0   -9 1011.9 1022.6 -9  -9.0   3.0 -10.6  36.0   2.7   -9.0   -9.0   -9.0   -9.0   -9.0   -9.0   -9.0 -9 -9 -                        0   0   -9 -         -9  -9  -9  4736 -9.0 -9.00 -9  -0.2   6.6   7.1   7.8   8.2  -9 -9.0 -9  3  2
202403180500 108  29  1.3  -9 -9.0   -9 1012.4 1023.1 -9  -9.0   2.7 -11.2  35.0   2.6   -9.0   -9.0   -9.0   -9.0   -9.0   -9.0   -9.0 -9 -9 -                        0   0   -9 -         -9  -9  -9  4831 -9.0 -9.00 -9  -0.3   6.3   6.8   7.5   8.1  -9 -9.0 -9  3  2
202403180600 108   2  1.6  -9 -9.0   -9 1012.3 1023.1  1   0.7   1.7 -11.1  38.0   2.6   -9.0   -9.0   -9.0   -9.0   -9.0   -9.0   -9.0 -9 -9 -                        0   0   -9 -         -9  -9  -9  4608 -9.0 -9.00 -9  -0.5   6.0   6.5   7.3   7.9  -9 -9.0 -9  3  2
202403180700 108  34  1.4  -9 -9.0   -9 1012.9 1023.7 -9  -9.0   1.6 -11.5  37.0   2.5   -9.0   -9.0   -9.0   -9.0   -9.0   -9.0   -9.0 -9 -9 -                        0   0   -9 -         -9  -9  -9  4624  0.0  0.01 -9  -0.6   5.7   6.2   7.1   7.8  -9 -9.0 -9  3  2
202403180800 108   0  0.0  -9 -9.0   -9 1013.3 1024.1 -9  -9.0   2.2 -10.3  39.0   2.8   -9.0   -9.0   -9.0   -9.0   -9.0   -9.0   -9.0 -9 -9 -                        0   0   -9 -         -9  -9  -9  4604  0.8  0.39 -9  -0.1   5.4   6.0   6.9   7.6  -9 -9.0 -9  3  2
202403180900 108  25  1.0  -9 -9.0   -9 1013.5 1024.2  2   1.1   5.1  -9.1  35.0   3.1   -9.0   -9.0   -9.0   -9.0   -9.0   -9.0   -9.0 -9 -9 -                        0   0   -9 -         -9  -9  -9  4566  1.0  1.10 -9   7.8   5.4   5.8   6.6   7.5  -9 -9.0 -9  3  2
202403181000 108  29  1.3  -9 -9.0   -9 1013.5 1024.1 -9  -9.0   7.4  -9.9  28.0   2.9   -9.0   -9.0   -9.0   -9.0   -9.0   -9.0   -9.0 -9 -9 -                        0   0   -9 -         -9  -9  -9  3935  1.0  1.86 -9  15.7   5.8   5.9   6.5   7.3  -9 -9.0 -9  3  2
202403181100 108  18  2.6  -9 -9.0   -9 1013.0 1023.4 -9  -9.0   9.6 -10.0  24.0   2.9   -9.0   -9.0   -9.0   -9.0   -9.0   -9.0   -9.0 -9 -9 -                        0   0   -9 -         -9  -9  -9  4205  1.0  2.46 -9  20.9   6.6   6.1   6.4   7.2  -9 -9.0 -9  3  2
202403181200 108  23  2.8  -9 -9.0   -9 1012.3 1022.7  7  -1.5  11.0 -10.5  21.0   2.8   -9.0   -9.0   -9.0   -9.0   -9.0   -9.0   -9.0 -9 -9 -                        0   0   -9 -         -9  -9  -9  3886  1.0  2.92 -9  24.9   7.5   6.6   6.4   7.1  -9 -9.0 -9  3  2
202403181300 108  23  2.5  -9 -9.0   -9 1011.2 1021.6 -9  -9.0  11.9 -13.1  16.0   2.2   -9.0   -9.0   -9.0   -9.0   -9.0   -9.0   -9.0 -9 -9 -                        0   0   -9 -         -9  -9  -9  4291  1.0  3.08 -9  27.1   8.4   7.2   6.6   7.0  -9 -9.0 -9  3  2
202403181400 108  20  3.9  -9 -9.0   -9 1010.3 1020.6 -9  -9.0  13.1 -11.4  17.0   2.6   -9.0   -9.0   -9.0   -9.0   -9.0   -9.0   -9.0 -9 -9 -                        0   0   -9 -         -9  -9  -9  4275  1.0  2.95 -9  26.5   9.2   7.9   6.8   7.0  -9 -9.0 -9  3  2
202403181500 108  27  3.2  -9 -9.0   -9 1010.0 1020.3  7  -2.4  13.0 -11.5  17.0   2.5   -9.0   -9.0   -9.0   -9.0   -9.0   -9.0   -9.0 -9 -9 -                        0   0   -9 -         -9  -9  -9  4674  1.0  2.60 -9  24.0   9.8   8.5   7.2   7.1  -9 -9.0 -9  3  2
202403181600 108  27  3.6  -9 -9.0   -9 1009.7 1020.0 -9  -9.0  12.8 -12.4  16.0   2.4   -9.0   -9.0   -9.0   -9.0   -9.0   -9.0   -9.0 -9 -9 -                        0   0   -9 -         -9  -9  -9  4754  1.0  2.02 -9  20.9  10.2   8.9   7.5   7.2  -9 -9.0 -9  3  2
202403181700 108  27  3.6  -9 -9.0   -9 1009.7 1020.1 -9  -9.0  11.5 -15.1  14.0   1.9   -9.0   -9.0   -9.0   -9.0   -9.0   -9.0   -9.0 -9 -9 -                        1   0   -9 Ci         1   0   0  4638  1.0  1.35 -9  14.9  10.3   9.2   7.8   7.3  -9 -9.0 -9  3  2
202403181800 108  27  2.7  -9 -9.0   -9 1009.7 1020.1  5  -0.2  10.0 -13.9  17.0   2.1   -9.0   -9.0   -9.0   -9.0   -9.0   -9.0   -9.0 -9 -9 -                        2   0   -9 Ci         1   0   0  4975  0.8  0.52 -9   9.4  10.1   9.3   8.2   7.6  -9 -9.0 -9  3  2
202403181900 108  29  3.6  -9 -9.0   -9 1009.8 1020.3 -9  -9.0   8.3 -14.6  18.0   2.0   -9.0   -9.0   -9.0   -9.0   -9.0   -9.0   -9.0 -9 -9 -                        4   4   61 -         -9  -9  -9  5000  0.0  0.07 -9   6.1   9.7   9.3   8.4   7.8  -9 -9.0 -9  3 -9
202403182000 108  29  2.7  -9 -9.0   -9 1009.9 1020.4 -9  -9.0   7.3 -13.0  22.0   2.3   -9.0   -9.0   -9.0   -9.0   -9.0   -9.0   -9.0 -9 -9 -                        8   8   58 -         -9  -9  -9  4999 -9.0 -9.00 -9   4.8   9.3   9.0   8.5   7.9  -9 -9.0 -9  3 -9
202403182100 108  27  1.9  -9 -9.0   -9 1010.2 1020.8  2   0.7   6.6 -10.2  29.0   2.8   -9.0   -9.0   -9.0   -9.0   -9.0   -9.0   -9.0 -9 -9 -                        8   0   -9 Ci         2   0   0  4821 -9.0 -9.00 -9   4.3   8.8   8.8   8.5   8.1  -9 -9.0 -9  3  2
202403182200 108  27  3.0  -9 -9.0   -9 1010.3 1020.9 -9  -9.0   6.2  -9.7  31.0   2.9   -9.0   -9.0   -9.0   -9.0   -9.0   -9.0   -9.0 -9 -9 -                        9   9   53 -         -9  -9  -9  4895 -9.0 -9.00 -9   4.0   8.5   8.5   8.4   8.1  -9 -9.0 -9  3  2
202403182300 108  27  1.9  -9 -9.0   -9 1009.7 1020.3 -9  -9.0   6.0  -9.0  33.0   3.1   -9.0   -9.0   -9.0   -9.0   -9.0   -9.0   -9.0 -9 -9 -                        9   5   30 -         -9  -9  -9  4787 -9.0 -9.00 -9   3.8   8.1   8.2   8.3   8.2  -9 -9.0 -9  3 -9
202403190000 108  29  1.6  -9 -9.0   -9 1009.5 1020.1  7  -0.7   5.4  -7.8  38.0   3.4   -9.0   -9.0   -9.0   -9.0   -9.0   -9.0   -9.0 -9 -9 -                        6   3   30 AcCi       1   3   0  4678 -9.0 -9.00 -9   3.1   7.8   8.0   8.1   8.1  -9 -9.0 -9  3  2
202403190100 108  29  2.1  -9 -9.0   -9 1009.5 1020.1 -9  -9.0   5.4  -5.6  45.0   4.0   -9.0   -9.0   -9.0   -9.0   -9.0   -9.0   -9.0 -9 -9 -                       10  10   28 -         -9  -9  -9  4746 -9.0 -9.00 -9   3.6   7.6   7.8   8.0   8.1  -9 -9.0 -9  3 -9
202403190200 108  25  1.6  -9 -9.0   -9 1009.3 1019.9 -9  -9.0   5.4  -4.7  48.0   4.3   -9.0   -9.0   -9.0   -9.0   -9.0   -9.0   -9.0 -9 -9 -                       10  10   27 -         -9  -9  -9  4595 -9.0 -9.00 -9   3.7   7.4   7.6   7.8   8.0  -9 -9.0 -9  3  2
202403190300 108  23  1.6  -9 -9.0   -9 1008.8 1019.4  7  -0.7   5.6  -4.8  47.0   4.3   -9.0   -9.0   -9.0   -9.0   -9.0   -9.0   -9.0 -9 -9 -                       10   5   15 ScAs      -9   2   5  3904 -9.0 -9.00 -9   3.8   7.2   7.4   7.7   8.0  -9 -9.0 -9  3  2
202403190400 108  20  2.8  -9 -9.0   -9 1008.4 1019.0 -9  -9.0   5.6  -4.0  50.0   4.5   -9.0   -9.0   -9.0   -9.0   -9.0   -9.0   -9.0 -9 -9 -                       10   3   16 ScAs      -9   2   5  4159 -9.0 -9.00 -9   3.8   7.1   7.3   7.6   7.9  -9 -9.0 -9  3  2
202403190500 108  25  1.9  -9 -9.0   -9 1008.1 1018.7 -9  -9.0   5.4  -3.9  51.0   4.6   -9.0   -9.0   -9.0   -9.0   -9.0   -9.0   -9.0 -9 -9 -                       10   4   16 ScAs      -9   2   5  3952 -9.0 -9.00 -9   3.6   7.0   7.1   7.4   7.8  -9 -9.0 -9  3  2
202403190600 108  14  2.3  -9 -9.0   -9 1007.0 1017.6  7  -1.8   5.4  -3.4  53.0   4.8   -9.0   -9.0   -9.0   -9.0   -9.0   -9.0   -9.0 -9 -9 -                        6   2   17 ScAc       0   3   5  4116 -9.0 -9.00 -9   3.5   6.9   7.0   7.3   7.7  -9 -9.0 -9  3  2
202403190700 108  14  1.6  -9 -9.0   -9 1006.5 1017.1 -9  -9.0   5.4  -3.1  54.0   4.9   -9.0   -9.0   -9.0   -9.0   -9.0   -9.0   -9.0 -9 -9 -                        7   4   16 ScAc       0   3   5  3582  0.0  0.00 -9   3.4   6.7   6.9   7.2   7.7  -9 -9.0 -9  3  2
202403190800 108  11  2.2  -9 -9.0   -9 1006.2 1016.8 -9  -9.0   5.8  -1.3  60.0   5.6   -9.0    0.0    0.0   -9.0   -9.0   -9.0   -9.0 21 62 01                       8   6   12 ScAc       0   3   5  2733  0.0  0.15 -9   5.0   6.6   6.8   7.1   7.6  -9 -9.0 -9  4  1
202403190900 108  16  2.5  -9 -9.0   -9 1005.3 1015.8  7  -1.8   7.1  -0.1  60.0   6.1    0.0    0.0    0.0   -9.0   -9.0   -9.0   -9.0 -9 61 -                        3   1    9 ScCi       1   0   5  2882  0.1  0.56 -9   9.2   6.7   6.7   7.0   7.5  -9 -9.0 -9  3  1
202403191000 108  16  3.1  -9 -9.0   -9 1004.1 1014.5 -9  -9.0   7.9   0.5  60.0   6.3   -9.0    0.0    0.0   -9.0   -9.0   -9.0   -9.0 -9 -9 -                        8   8    9 Sc         0   0   5  2466  0.4  0.81 -9   9.1   6.9   6.8   6.9   7.4  -9 -9.0 -9  3  2
202403191100 108  20  4.1  -9 -9.0   -9 1003.8 1014.2 -9  -9.0   8.1   3.5  73.0   7.8   -9.0    0.0    0.0   -9.0   -9.0   -9.0   -9.0 60 62 01                      10   7    8 ScAs      -9   2   5  1231  0.0  0.31 -9   8.3   7.2   7.0   6.9   7.4  -9 -9.0 -9  4  1
202403191200 108  20  4.8  18 11.0 1103 1002.9 1013.3  7  -2.5   8.6   4.2  74.0   8.2    0.2    0.2    0.2   -9.0   -9.0   -9.0   -9.0 21 62 01                      10   7    9 ScAs      -9   2   5  1454  0.0  0.79 -9  11.6   7.4   7.1   6.9   7.3  -9 -9.0 -9  4  1
202403191300 108  23  6.5  20 12.0 1258 1001.9 1012.2 -9  -9.0   9.2   2.7  64.0   7.4   -9.0    0.2    0.2   -9.0   -9.0   -9.0   -9.0  5 22 40                       7   7    9 Sc         0   0   5   805  0.1  0.87 -9  12.3   7.6   7.2   7.0   7.3  -9 -9.0 -9  3  1
202403191400 108  20  5.5  20 11.0 1302 1001.1 1011.4 -9  -9.0   9.5   3.2  65.0   7.7   -9.0    0.2    0.2   -9.0   -9.0   -9.0   -9.0  5 22 40                       8   8    8 Sc         0   0   5   599  0.2  1.33 -9  13.8   7.9   7.5   7.1   7.3  -9 -9.0 -9  3  1
202403191500 108  23  6.0  20 12.0 1258 1000.6 1011.0  7  -2.3   9.8   3.5  65.0   7.8   -9.0    0.2    0.2   -9.0   -9.0   -9.0   -9.0  5 62 40                       6   6    8 Sc         0   0   5   552  0.3  1.56 -9  17.5   8.3   7.7   7.2   7.3  -9 -9.0 -9  3  1
202403191600 108  20  6.5  18 12.0 1550 1000.4 1010.7 -9  -9.0   9.2   2.0  61.0   7.1   -9.0    0.2    0.2   -9.0   -9.0   -9.0   -9.0 -9 -9 40                       1   1    9 Sc         0   0   5  1014  0.5  1.42 -9  16.0   8.6   8.0   7.3   7.3  -9 -9.0 -9  3  2
202403191700 108  23  5.7  27 14.0 1622 1001.2 1011.6 -9  -9.0   8.4   1.5  62.0   6.8   -9.0    0.2    0.2   -9.0   -9.0   -9.0   -9.0 -9 -9 -                        4   4    9 Sc         0   0   5  1008  0.9  1.34 -9  12.5   8.8   8.2   7.4   7.4  -9 -9.0 -9  3  2
202403191800 108  23  5.7  27 14.0 1622 1001.9 1012.3  3   1.3   7.6   2.0  68.0   7.1   -9.0    0.2    0.2   -9.0   -9.0   -9.0   -9.0  5  0 40                       6   6    9 Sc         0   0   5   983  0.2  0.44 -9   9.0   8.8   8.3   7.6   7.5  -9 -9.0 -9  3  1
202403191900 108  27  5.2  27 12.0 1821 1003.2 1013.7 -9  -9.0   6.9  -1.2  56.0   5.6   -9.0    0.2    0.2   -9.0   -9.0   -9.0   -9.0 -9 -9 40                       5   5   10 -         -9  -9  -9   966  0.0  0.05 -9   6.9   8.6   8.3   7.7   7.5  -9 -9.0 -9  3  2
202403192000 108  29  5.6  25 12.0 1950 1004.5 1015.0 -9  -9.0   5.9  -2.2  56.0   5.2   -9.0    0.2    0.2   -9.0   -9.0   -9.0   -9.0 -9 -9 40                       7   7   10 -         -9  -9  -9   995 -9.0 -9.00 -9   5.6   8.3   8.1   7.8   7.6  -9 -9.0 -9  3  2
202403192100 108  27  3.3  27 14.0 1622 1005.4 1016.0  2   3.7   5.3  -2.7  56.0   5.0   -9.0    0.2    0.2   -9.0   -9.0   -9.0   -9.0 -9 -9 40                       8   8   11 Sc         0   0   5  1441 -9.0 -9.00 -9   4.8   8.0   8.0   7.8   7.7  -9 -9.0 -9  3  2
202403192200 108  27  3.7  -9 -9.0   -9 1006.1 1016.7 -9  -9.0   5.0  -2.3  59.0   5.2   -9.0    0.2    0.2   -9.0   -9.0   -9.0   -9.0 -9 -9 -                        9   9   10 -         -9  -9  -9  1354 -9.0 -9.00 -9   4.4   7.7   7.8   7.7   7.7  -9 -9.0 -9  3 -9
202403192300 108  29  3.9  -9 -9.0   -9 1006.4 1017.0 -9  -9.0   4.7  -2.1  61.0   5.2   -9.0    0.2    0.2   -9.0   -9.0   -9.0   -9.0 21 62 01                       5   5    9 Sc         0   0   5  1396 -9.0 -9.00 -9   3.6   7.5   7.6   7.6   7.7  -9 -9.0 -9  4  1
202403200000 108  29  3.5  -9 -9.0   -9 1006.6 1017.2  2   1.2   3.9  -2.5  63.0   5.1    0.0    0.2    0.2   -9.0   -9.0   -9.0   -9.0 -9 60 -                        0   0   -9 -         -9  -9  -9  1947 -9.0 -9.00 -9   2.0   7.2   7.4   7.5   7.7  -9 -9.0 -9  3  1
202403200100 108  29  2.0  -9 -9.0   -9 1006.6 1017.2 -9  -9.0   3.5  -2.6  64.0   5.0   -9.0   -9.0   -9.0   -9.0   -9.0   -9.0   -9.0 -9 -9 -                        0   0   -9 -         -9  -9  -9  1806 -9.0 -9.00 -9   1.1   7.0   7.2   7.4   7.7  -9 -9.0 -9  3 -9
202403200200 108  29  2.0  -9 -9.0   -9 1007.3 1018.0 -9  -9.0   3.0  -3.3  63.0   4.8   -9.0   -9.0   -9.0   -9.0   -9.0   -9.0   -9.0 -9 -9 -                        0   0   -9 -         -9  -9  -9  1792 -9.0 -9.00 -9   0.5   6.6   6.9   7.3   7.6  -9 -9.0 -9  3 -9
202403200300 108  32  2.5  -9 -9.0   -9 1008.0 1018.7  2   1.5   2.7  -3.6  63.0   4.7   -9.0   -9.0   -9.0   -9.0   -9.0   -9.0   -9.0 -9 -9 -                        0   0   -9 -         -9  -9  -9  1766 -9.0 -9.00 -9   0.0   6.3   6.7   7.1   7.5  -9 -9.0 -9  3  2
202403200400 108  29  3.1  -9 -9.0   -9 1008.3 1019.0 -9  -9.0   2.4  -3.5  65.0   4.7   -9.0   -9.0   -9.0   -9.0   -9.0   -9.0   -9.0 -9 -9 -                        0   0   -9 -         -9  -9  -9  1611 -9.0 -9.00 -9  -0.4   6.1   6.4   7.0   7.5  -9 -9.0 -9  3  2
202403200500 108  29  2.9  -9 -9.0   -9 1008.9 1019.6 -9  -9.0   1.9  -3.7  66.0   4.6   -9.0   -9.0   -9.0   -9.0   -9.0   -9.0   -9.0 -9 -9 -                        0   0   -9 -         -9  -9  -9  1491 -9.0 -9.00 -9  -0.2   5.8   6.2   6.8   7.4  -9 -9.0 -9  3  2
202403200600 108  29  2.3  -9 -9.0   -9 1009.5 1020.3  2   1.6   1.5  -3.9  67.0   4.6   -9.0   -9.0   -9.0   -9.0   -9.0   -9.0   -9.0 -9 -9 -                        0   0   -9 -         -9  -9  -9  1496 -9.0 -9.00 -9  -0.4   5.5   6.0   6.6   7.3  -9 -9.0 -9  3  2
202403200700 108  29  2.7  -9 -9.0   -9 1010.3 1021.1 -9  -9.0   1.2  -4.6  65.0   4.3   -9.0   -9.0   -9.0   -9.0   -9.0   -9.0   -9.0 -9 -9 -                        0   0   -9 -         -9  -9  -9  1655  0.0  0.01 -9  -0.6   5.3   5.7   6.4   7.2  -9 -9.0 -9  3  2
202403200800 108  29  2.4  -9 -9.0   -9 1010.8 1021.6 -9  -9.0   1.9  -4.6  62.0   4.3   -9.0   -9.0   -9.0   -9.0   -9.0   -9.0   -9.0 -9 -9 -                        0   0   -9 -         -9  -9  -9  1787  1.0  0.38 -9  -0.2   5.1   5.5   6.3   7.1  -9 -9.0 -9  3  2
202403200900 108  29  3.6  -9 -9.0   -9 1011.5 1022.2  2   1.9   3.3  -4.8  55.0   4.3   -9.0   -9.0   -9.0   -9.0   -9.0   -9.0   -9.0 -9 -9 -                        0   0   -9 -         -9  -9  -9  1850  1.0  1.20 -9   7.9   5.0   5.4   6.1   6.9  -9 -9.0 -9  3  2
202403201000 108  29  4.2  -9 -9.0   -9 1011.5 1022.2 -9  -9.0   4.8  -6.7  43.0   3.7   -9.0   -9.0   -9.0   -9.0   -9.0   -9.0   -9.0 -9 -9 -                        1   1   10 Sc         0   0   5  3190  1.0  2.01 -9  15.0   5.2   5.4   5.9   6.8  -9 -9.0 -9  3  2
202403201100 108  29  5.0  -9 -9.0   -9 1011.4 1022.0 -9  -9.0   6.2  -7.4  37.0   3.5   -9.0   -9.0   -9.0   -9.0   -9.0   -9.0   -9.0 -9 -9 -                        5   5   15 Sc         0   0   5  2920  0.9  2.52 -9  20.7   5.6   5.5   5.8   6.6  -9 -9.0 -9  3  2
202403201200 108  27  3.9  29 10.0 1134 1011.0 1021.6  7  -0.6   6.6  -7.8  35.0   3.4   -9.0   -9.0   -9.0   -9.0   -9.0   -9.0   -9.0 -9 -9 -                        7   7   13 Sc         0   0   5  3148  0.8  2.72 -9  18.1   6.3   5.8   5.8   6.6  -9 -9.0 -9  3  2
202403201300 108  27  4.4  -9 -9.0   -9 1010.3 1020.9 -9  -9.0   6.7  -7.7  35.0   3.4   -9.0   -9.0   -9.0   -9.0   -9.0   -9.0   -9.0 -9 -9 -                        6   6   16 Sc         0   0   5  2583  0.4  1.90 -9  17.3   6.8   6.2   5.9   6.5  -9 -9.0 -9  3  2
202403201400 108  29  5.3  29 10.0 1400 1009.3 1019.8 -9  -9.0   6.8  -8.3  33.0   3.3   -9.0   -9.0   -9.0   -9.0   -9.0   -9.0   -9.0 -9 -9 -                        6   6   14 Sc         0   0   5  2939  0.5  2.05 -9  18.2   7.2   6.5   6.0   6.5  -9 -9.0 -9  3  2
202403201500 108  27  3.6  29 10.0 1400 1008.7 1019.2  7  -2.4   8.1  -8.4  30.0   3.2   -9.0   -9.0   -9.0   -9.0   -9.0   -9.0   -9.0 -9 -9 -                        6   6   15 Sc         0   0   5  4072  0.8  2.48 -9  19.5   7.6   6.9   6.3   6.6  -9 -9.0 -9  3  2
202403201600 108  29  4.7  29 10.0 1536 1008.6 1019.1 -9  -9.0   7.8  -9.1  29.0   3.1   -9.0   -9.0   -9.0   -9.0   -9.0   -9.0   -9.0 -9 -9 -                        5   5   15 Sc         0   0   5  3621  0.8  1.95 -9  15.3   8.0   7.2   6.5   6.6  -9 -9.0 -9  3  2
202403201700 108  23  4.1  -9 -9.0   -9 1008.4 1018.9 -9  -9.0   7.7  -6.1  37.0   3.9   -9.0   -9.0   -9.0   -9.0   -9.0   -9.0   -9.0 -9 -9 -                        3   3   19 Sc         0   0   5  3303  0.6  1.05 -9  12.1   8.2   7.4   6.7   6.7  -9 -9.0 -9  3  2
202403201800 108  25  3.9  29 10.0 1536 1008.2 1018.7  7  -0.5   6.8  -4.3  45.0   4.4   -9.0   -9.0   -9.0   -9.0   -9.0   -9.0   -9.0 -9 -9 -                        1   1   18 Sc         0   0   5  3093  1.0  0.71 -9   7.5   8.2   7.6   6.9   6.9  -9 -9.0 -9  3  2
202403201900 108  25  3.0  -9 -9.0   -9 1008.6 1019.2 -9  -9.0   5.3  -4.0  51.0   4.5   -9.0   -9.0   -9.0   -9.0   -9.0   -9.0   -9.0 -9 -9 -                        0   0   -9 -         -9  -9  -9  2769  0.2  0.11 -9   4.4   7.9   7.6   7.1   7.0  -9 -9.0 -9  3 -9
202403202000 108  25  2.8  -9 -9.0   -9 1009.0 1019.6 -9  -9.0   4.6  -5.2  49.0   4.2   -9.0   -9.0   -9.0   -9.0   -9.0   -9.0   -9.0 -9 -9 -                        0   0   -9 -         -9  -9  -9  3278 -9.0 -9.00 -9   2.7   7.6   7.4   7.2   7.1  -9 -9.0 -9  3 -9
202403202100 108  27  4.0  29 10.0 1536 1009.5 1020.1  2   1.4   4.2 -11.4  31.0   2.6   -9.0   -9.0   -9.0   -9.0   -9.0   -9.0   -9.0 -9 -9 -                        0   0   -9 -         -9  -9  -9  3643 -9.0 -9.00 -9   1.4   7.2   7.2   7.2   7.2  -9 -9.0 -9  3  2
202403202200 108  25  2.5  -9 -9.0   -9 1010.2 1020.9 -9  -9.0   3.4 -10.6  35.0   2.7   -9.0   -9.0   -9.0   -9.0   -9.0   -9.0   -9.0 -9 -9 -                        0   0   -9 -         -9  -9  -9  3342 -9.0 -9.00 -9   0.5   6.8   6.9   7.1   7.2  -9 -9.0 -9  3 -9
202403202300 108  29  2.2  -9 -9.0   -9 1010.2 1020.9 -9  -9.0   2.8  -9.8  39.0   2.9   -9.0   -9.0   -9.0   -9.0   -9.0   -9.0   -9.0 -9 -9 -                        0   0   -9 -         -9  -9  -9  2795 -9.0 -9.00 -9  -0.1   6.4   6.7   7.0   7.2  -9 -9.0 -9  3 -9
202403210000 108  27  1.6  -9 -9.0   -9 1010.3 1021.1  2   1.0   2.0  -8.4  46.0   3.2   -9.0   -9.0   -9.0   -9.0   -9.0   -9.0   -9.0 -9 -9 -                        0   0   -9 -         -9  -9  -9  2411 -9.0 -9.00 -9  -0.7   6.1   6.4   6.8   7.2  -9 -9.0 -9  3  2
202403210100 108  29  1.5  -9 -9.0   -9 1010.1 1020.9 -9  -9.0   1.5  -8.6  47.0   3.2   -9.0   -9.0   -9.0   -9.0   -9.0   -9.0   -9.0 -9 -9 -                        0   0   -9 -         -9  -9  -9  2409 -9.0 -9.00 -9  -0.5   5.7   6.1   6.7   7.1  -9 -9.0 -9  3 -9
202403210200 108  29  2.0  -9 -9.0   -9 1010.0 1020.8 -9  -9.0   1.2  -8.0  50.0   3.3   -9.0   -9.0   -9.0   -9.0   -9.0   -9.0   -9.0 -9 -9 -                        0   0   -9 -         -9  -9  -9  2350 -9.0 -9.00 -9  -1.0   5.4   5.8   6.5   7.1  -9 -9.0 -9  3 -9
202403210300 108  29  0.5  -9 -9.0   -9 1009.7 1020.5  7  -0.6   0.4  -8.5  51.0   3.2   -9.0   -9.0   -9.0   -9.0   -9.0   -9.0   -9.0 -9 -9 -                        3   3   28 As         0   1   0  2290 -9.0 -9.00 -9  -1.3   5.1   5.6   6.3   7.0  -9 -9.0 -9  3  2
202403210400 108  29  1.0  -9 -9.0   -9 1009.3 1020.1 -9  -9.0   0.0  -8.2  54.0   3.3   -9.0   -9.0   -9.0   -9.0   -9.0   -9.0   -9.0 -9 -9 -                        0   0   -9 -         -9  -9  -9  2544 -9.0 -9.00 -9  -1.5   4.8   5.3   6.1   6.9  -9 -9.0 -9  3  2
202403210500 108  29  1.8  -9 -9.0   -9 1009.1 1019.9 -9  -9.0  -0.2  -7.7  57.0   3.4   -9.0   -9.0   -9.0   -9.0   -9.0   -9.0   -9.0 -9 -9 -                        0   0   -9 -         -9  -9  -9  2433 -9.0 -9.00 -9  -1.6   4.5   5.1   5.9   6.7  -9 -9.0 -9  3  2
202403210600 108  27  1.0  -9 -9.0   -9 1008.9 1019.8  7  -0.7  -0.9  -7.7  60.0   3.4   -9.0   -9.0   -9.0   -9.0   -9.0   -9.0   -9.0 -9 -9 -                        0   0   -9 -         -9  -9  -9  2367 -9.0 -9.00 -9  -1.8   4.3   4.8   5.7   6.6  -9 -9.0 -9  3  2
202403210700 108   0  0.4  -9 -9.0   -9 1009.0 1019.9 -9  -9.0  -0.8  -7.6  60.0   3.5   -9.0   -9.0   -9.0   -9.0   -9.0   -9.0   -9.0 -9 -9 -                        0   0   -9 -         -9  -9  -9  2510  0.0  0.02 -9  -1.6   4.0   4.6   5.5   6.5  -9 -9.0 -9  3  2
202403210800 108  16  0.5  -9 -9.0   -9 1009.1 1019.9 -9  -9.0   1.0  -6.3  58.0   3.8   -9.0   -9.0   -9.0   -9.0   -9.0   -9.0   -9.0 -9 -9 -                        0   0   -9 -         -9  -9  -9  2356  1.0  0.39 -9  -0.4   3.8   4.4   5.3   6.4  -9 -9.0 -9  3  2
202403210900 108  29  1.5  -9 -9.0   -9 1009.2 1019.9  1   0.1   3.3  -4.8  55.0   4.3   -9.0   -9.0   -9.0   -9.0   -9.0   -9.0   -9.0 -9 -9 -                        0   0   -9 -         -9  -9  -9  2411  1.0  1.19 -9   3.9   3.9   4.3   5.2   6.2  -9 -9.0 -9  3  2
202403211000 108  27  2.8  -9 -9.0   -9 1009.3 1019.9 -9  -9.0   5.3  -5.4  46.0   4.1   -9.0   -9.0   -9.0   -9.0   -9.0   -9.0   -9.0 -9 -9 -                        0   0   -9 -         -9  -9  -9  3275  1.0  1.92 -9  13.4   4.3   4.3   5.0   6.1  -9 -9.0 -9  3  2
202403211100 108  23  2.0  -9 -9.0   -9 1009.2 1019.7 -9  -9.0   7.6  -6.1  37.0   3.9   -9.0   -9.0   -9.0   -9.0   -9.0   -9.0   -9.0 -9 -9 -                        0   0   -9 -         -9  -9  -9  2971  1.0  2.58 -9  20.5   5.1   4.7   5.0   6.0  -9 -9.0 -9  3  2
202403211200 108  25  2.1  -9 -9.0   -9 1008.6 1019.0  7  -0.9   8.6  -8.0  30.0   3.3   -9.0   -9.0   -9.0   -9.0   -9.0   -9.0   -9.0 -9 -9 -                        0   0   -9 -         -9  -9  -9  3110  1.0  2.98 -9  24.6   6.0   5.2   5.0   5.9  -9 -9.0 -9  3  2
202403211300 108  23  2.8  -9 -9.0   -9 1007.8 1018.2 -9  -9.0  10.4  -7.3  28.0   3.5   -9.0   -9.0   -9.0   -9.0   -9.0   -9.0   -9.0 -9 -9 -                        0   0   -9 -         -9  -9  -9  3020  1.0  3.16 -9  26.8   6.9   5.8   5.2   5.8  -9 -9.0 -9  3  2
202403211400 108  29  3.1  -9 -9.0   -9 1006.9 1017.3 -9  -9.0  10.8  -7.9  26.0   3.4   -9.0   -9.0   -9.0   -9.0   -9.0   -9.0   -9.0 -9 -9 -                        0   0   -9 -         -9  -9  -9  4104  1.0  3.09 -9  27.7   7.9   6.5   5.5   5.8  -9 -9.0 -9  3  2
202403211500 108  23  3.7  -9 -9.0   -9 1006.3 1016.6  7  -2.4  11.2  -4.5  33.0   4.4   -9.0   -9.0   -9.0   -9.0   -9.0   -9.0   -9.0 -9 -9 -                        0   0   -9 -         -9  -9  -9  3012  1.0  2.72 -9  25.0   8.7   7.2   5.8   5.9  -9 -9.0 -9  3  2
202403211600 108  25  3.0  -9 -9.0   -9 1006.0 1016.4 -9  -9.0  10.9  -4.3  34.0   4.4   -9.0   -9.0   -9.0   -9.0   -9.0   -9.0   -9.0 -9 -9 -                        0   0   -9 -         -9  -9  -9  2521  1.0  2.15 -9  22.0   9.2   7.8   6.2   6.1  -9 -9.0 -9  3  2
202403211700 108  25  3.4  -9 -9.0   -9 1005.8 1016.2 -9  -9.0  10.1  -3.2  39.0   4.8   -9.0   -9.0   -9.0   -9.0   -9.0   -9.0   -9.0 -9 -9 -                        0   0   -9 -         -9  -9  -9  2934  1.0  1.47 -9  16.1   9.4   8.2   6.6   6.3  -9 -9.0 -9  3  2
202403211800 108  27  3.7  -9 -9.0   -9 1005.8 1016.2  6  -0.4   8.6  -6.0  35.0   3.9   -9.0   -9.0   -9.0   -9.0   -9.0   -9.0   -9.0 -9 -9 -                        0   0   -9 -         -9  -9  -9  3167  1.0  0.66 -9   9.2   9.3   8.4   7.0   6.5  -9 -9.0 -9  3  2
202403211900 108  27  3.0  -9 -9.0   -9 1006.0 1016.5 -9  -9.0   7.0  -5.7  40.0   4.0   -9.0   -9.0   -9.0   -9.0   -9.0   -9.0   -9.0 -9 -9 -                        0   0   -9 -         -9  -9  -9  3582  0.3  0.10 -9   5.8   9.0   8.4   7.3   6.7  -9 -9.0 -9  3 -9
202403212000 108  27  2.5  -9 -9.0   -9 1006.2 1016.7 -9  -9.0   6.0  -5.6  43.0   4.0   -9.0   -9.0   -9.0   -9.0   -9.0   -9.0   -9.0 -9 -9 -                        0   0   -9 -         -9  -9  -9  3640 -9.0 -9.00 -9   4.1   8.5   8.2   7.5   7.0  -9 -9.0 -9  3 -9
202403212100 108  29  1.3  -9 -9.0   -9 1006.8 1017.4  2   1.2   5.2  -4.3  50.0   4.4   -9.0   -9.0   -9.0   -9.0   -9.0   -9.0   -9.0 -9 -9 -                        4   0   -9 Ci         1   0   0  3213 -9.0 -9.00 -9   3.1   8.0   7.9   7.6   7.2  -9 -9.0 -9  3  2
202403212200 108  34  0.6  -9 -9.0   -9 1007.3 1017.9 -9  -9.0   4.6  -4.1  53.0   4.5   -9.0   -9.0   -9.0   -9.0   -9.0   -9.0   -9.0 -9 -9 -                        3   3   66 -         -9  -9  -9  3111 -9.0 -9.00 -9   2.0   7.5   7.6   7.5   7.3  -9 -9.0 -9  3 -9
202403212300 108  27  1.7  -9 -9.0   -9 1007.8 1018.4 -9  -9.0   3.9  -4.3  55.0   4.4   -9.0   -9.0   -9.0   -9.0   -9.0   -9.0   -9.0 -9 -9 -                        0   0   -9 -         -9  -9  -9  3008 -9.0 -9.00 -9   1.2   7.1   7.3   7.4   7.3  -9 -9.0 -9  3 -9
202403220000 108   2  1.5  -9 -9.0   -9 1007.6 1018.2  0   0.8   3.9  -3.6  58.0   4.7   -9.0   -9.0   -9.0   -9.0   -9.0   -9.0   -9.0 -9 -9 -                        9   9   36 Ac         0   3   0  3211 -9.0 -9.00 -9   2.3   6.7   7.0   7.3   7.3  -9 -9.0 -9  3  2
202403220100 108   5  2.4  -9 -9.0   -9 1007.4 1018.0 -9  -9.0   4.1  -4.6  53.0   4.3   -9.0   -9.0   -9.0   -9.0   -9.0   -9.0   -9.0 -9 -9 -                        9   7   25 -         -9  -9  -9  3119 -9.0 -9.00 -9   2.5   6.5   6.8   7.1   7.3  -9 -9.0 -9  3 -9
202403220200 108   5  1.9  -9 -9.0   -9 1007.7 1018.3 -9  -9.0   4.4  -4.6  52.0   4.3   -9.0   -9.0   -9.0   -9.0   -9.0   -9.0   -9.0 -9 -9 -                       10   2   11 -         -9  -9  -9  3022 -9.0 -9.00 -9   3.3   6.4   6.6   7.0   7.3  -9 -9.0 -9  3 -9
202403220300 108   7  1.9  -9 -9.0   -9 1007.1 1017.7  8  -0.5   5.0  -4.5  50.0   4.4   -9.0   -9.0   -9.0   -9.0   -9.0   -9.0   -9.0 -9 -9 -                        9   2   16 ScCi       2   0   5  3013 -9.0 -9.00 -9   3.2   6.3   6.5   6.8   7.2  -9 -9.0 -9  3  2
202403220400 108   7  2.3  -9 -9.0   -9 1006.6 1017.2 -9  -9.0   4.8  -4.7  50.0   4.3   -9.0   -9.0   -9.0   -9.0   -9.0   -9.0   -9.0 -9 -9 -                        8   0   -9 Ci         1   0   0  2936 -9.0 -9.00 -9   2.3   6.2   6.4   6.7   7.1  -9 -9.0 -9  3  2
202403220500 108   5  3.3  -9 -9.0   -9 1006.2 1016.8 -9  -9.0   4.5  -4.7  51.0   4.3   -9.0   -9.0   -9.0   -9.0   -9.0   -9.0   -9.0 -9 -9 -                        8   2   45 AcCi       1   3   0  2926 -9.0 -9.00 -9   1.6   6.1   6.2   6.6   7.1  -9 -9.0 -9  3  2
202403220600 108   5  4.1  -9 -9.0   -9 1006.2 1016.8  6  -0.9   4.1  -4.8  52.0   4.3   -9.0   -9.0   -9.0   -9.0   -9.0   -9.0   -9.0 -9 -9 -                        0   0   -9 -         -9  -9  -9  3153 -9.0 -9.00 -9   0.9   5.9   6.1   6.5   7.0  -9 -9.0 -9  3  2
202403220700 108   5  4.1  -9 -9.0   -9 1006.1 1016.7 -9  -9.0   4.1  -4.6  53.0   4.3   -9.0   -9.0   -9.0   -9.0   -9.0   -9.0   -9.0 -9 -9 -                        6   0   -9 Ci         1   0   0  3043  0.0  0.03 -9   1.5   5.7   5.9   6.4   6.9  -9 -9.0 -9  3  2
202403220800 108   5  3.8  -9 -9.0   -9 1005.1 1015.7 -9  -9.0   5.0  -4.0  52.0   4.5   -9.0   -9.0   -9.0   -9.0   -9.0   -9.0   -9.0 -9 -9 -                        7   0   -9 Ci         1   0   0  2730  0.1  0.27 -9   3.5   5.6   5.8   6.3   6.9  -9 -9.0 -9  3  2
202403220900 108   7  3.3  -9 -9.0   -9 1004.9 1015.4  7  -1.4   7.3  -3.5  46.0   4.7   -9.0   -9.0   -9.0   -9.0   -9.0   -9.0   -9.0 -9 -9 -                        4   4   39 Ac         0   3   0  2874  0.6  0.77 -9   9.4   5.6   5.7   6.1   6.8  -9 -9.0 -9  3  2
202403221000 108   7  3.5  -9 -9.0   -9 1004.4 1014.8 -9  -9.0  10.4  -2.9  39.0   4.9   -9.0   -9.0   -9.0   -9.0   -9.0   -9.0   -9.0 -9 -9 -                        4   0   -9 Ci         1   0   0  2255  1.0  1.79 -9  17.0   6.0   5.8   6.1   6.7  -9 -9.0 -9  3  2
202403221100 108   7  3.2  -9 -9.0   -9 1003.8 1014.0 -9  -9.0  12.7  -2.7  34.0   5.0   -9.0   -9.0   -9.0   -9.0   -9.0   -9.0   -9.0 -9 -9 -                        3   0   -9 Ci         1   0   0  2783  1.0  2.27 -9  23.5   6.7   6.2   6.1   6.6  -9 -9.0 -9  3  2
202403221200 108  11  3.2  -9 -9.0   -9 1002.7 1012.9  7  -2.5  14.2  -2.2  32.0   5.2   -9.0   -9.0   -9.0   -9.0   -9.0   -9.0   -9.0 -9 -9 -                        8   3   16 ScAc       0   3   5  2793  0.7  2.31 -9  20.9   7.7   6.7   6.2   6.6  -9 -9.0 -9  3  2
202403221300 108  16  4.7  14 11.0 1251 1001.4 1011.5 -9  -9.0  14.6  -1.5  33.0   5.5   -9.0   -9.0   -9.0   -9.0   -9.0   -9.0   -9.0 -9 -9 -                        9   5   17 ScAc       0   3   5  2178  0.1  1.40 -9  17.6   8.5   7.3   6.4   6.6  -9 -9.0 -9  3  2
202403221400 108  18  4.2  16 10.0 1349  999.9 1010.0 -9  -9.0  14.8  -1.3  33.0   5.6   -9.0   -9.0   -9.0   -9.0   -9.0   -9.0   -9.0 -9 -9 -                       10   4   17 ScAs      -9   2   5  2337  0.0  0.78 -9  15.4   9.0   7.8   6.7   6.7  -9 -9.0 -9  3  2
202403221500 108  18  3.7  14 11.0 1251  999.2 1009.3  7  -3.6  14.9   0.0  36.0   6.1   -9.0   -9.0   -9.0   -9.0   -9.0   -9.0   -9.0 -9 -9 -                       10   5   17 ScAs      -9   2   5  2416  0.0  0.35 -9  13.3   9.2   8.2   7.0   6.8  -9 -9.0 -9  3  2
202403221600 108  18  3.4  -9 -9.0   -9  998.3 1008.4 -9  -9.0  15.0   1.8  41.0   7.0   -9.0    0.0    0.0   -9.0   -9.0   -9.0   -9.0 60 62 01                      10   7   15 ScAs      -9   2   5  2488  0.0  0.19 -9  12.2   9.2   8.3   7.2   6.9  -9 -9.0 -9  4  1
202403221700 108  20  3.7  20 10.0 1628  997.6 1007.7 -9  -9.0  15.1   4.1  48.0   8.2   -9.0    0.0    0.0   -9.0   -9.0   -9.0   -9.0 60 66 01                      10   7   13 ScAs      -9   2   5  2622  0.0  0.06 -9  11.2   9.2   8.4   7.4   7.0  -9 -9.0 -9  4  1
202403221800 108  18  6.5  20 15.0 1715  997.7 1007.8  5  -1.5  14.0   7.7  66.0  10.5    0.1    0.1    0.1   -9.0   -9.0   -9.0   -9.0 61 66 01                      10   7    9 StNs      -9   2   7  1276  0.0  0.03 -9  10.3   9.1   8.5   7.6   7.2  -9 -9.0 -9  4  1
202403221900 108  20  4.3  18 11.0 1823  997.9 1008.1 -9  -9.0  12.8   8.4  75.0  11.0   -9.0    0.9    0.9   -9.0   -9.0   -9.0   -9.0 61 66 01                      10   8    7 StNs      -9   2   7  1082  0.0  0.00 -9   9.9   9.1   8.5   7.7   7.3  -9 -9.0 -9  4  1
202403222000 108  11  2.2  20 11.0 1930  998.3 1008.5 -9  -9.0  12.1   9.4  84.0  11.8   -9.0    2.7    2.7   -9.0   -9.0   -9.0   -9.0 61 66 1901                    10   8    7 StNs      -9   2   7   770 -9.0 -9.00 -9   9.8   9.0   8.5   7.8   7.4  -9 -9.0 -9  4  1
202403222100 108  16  1.4  20 15.0 1715  998.4 1008.6  2   0.8  11.5   9.0  85.0  11.5    4.8    4.9    4.9   -9.0   -9.0   -9.0   -9.0 61 66 1901                    10   8    7 StNs      -9   2   7   996 -9.0 -9.00 -9   9.5   9.0   8.5   7.8   7.5  -9 -9.0 -9  1  1
202403222200 108  20  2.5  -9 -9.0   -9  998.7 1008.9 -9  -9.0  11.8   8.9  83.0  11.4   -9.0    5.0    5.0   -9.0   -9.0   -9.0   -9.0 21 62 1901                     9   9    7 Sc         0   0   5  1932 -9.0 -9.00 -9   9.6   8.9   8.5   7.9   7.5  -9 -9.0 -9  4  1
202403222300 108  20  3.6  -9 -9.0   -9  998.8 1009.0 -9  -9.0  12.2   9.2  82.0  11.6   -9.0    5.0    5.0   -9.0   -9.0   -9.0   -9.0 60 62 01                      10   8    8 ScAs      -9   2   5  1797 -9.0 -9.00 -9   9.8   8.9   8.5   7.9   7.6  -9 -9.0 -9  4  1
202403230000 108  25  3.5  -9 -9.0   -9  999.1 1009.3  2   0.7  11.9  10.1  89.0  12.4    0.5    5.4    5.4   -9.0   -9.0   -9.0   -9.0 61 66 1901                    10   8    4 StNs      -9   2   7   673 -9.0 -9.00 -9  10.0   8.9   8.5   7.9   7.7  -9 -9.0 -9  4  1
202403230100 108  25  3.5  -9 -9.0   -9  999.4 1009.7 -9  -9.0  11.5   9.9  90.0  12.2   -9.0    0.1    0.1   -9.0   -9.0   -9.0   -9.0 21 62 1901                     9   9    3 St         0   0   6   833 -9.0 -9.00 -9   9.9   9.0   8.6   8.0   7.7  -9 -9.0 -9  4  1
202403230200 108  25  3.1  -9 -9.0   -9  999.7 1010.0 -9  -9.0  11.1   9.3  89.0  11.7   -9.0    0.1    0.1   -9.0   -9.0   -9.0   -9.0 50 52 1902                    10  10    2 St        -9  -9   7   625 -9.0 -9.00 -9   9.5   9.0   8.6   8.0   7.7  -9 -9.0 -9  4  1
202403230300 108  25  2.6  -9 -9.0   -9 1000.2 1010.5  2   1.2  10.6   8.8  89.0  11.3    0.1    0.1    0.1   -9.0   -9.0   -9.0   -9.0 50 65 1902                    10  10    4 St        -9  -9   7   515 -9.0 -9.00 -9   9.2   9.0   8.6   8.0   7.8  -9 -9.0 -9  4  1
202403230400 108  27  1.6  -9 -9.0   -9 1000.8 1011.1 -9  -9.0  10.2   8.4  89.0  11.0   -9.0    0.1    0.1   -9.0   -9.0   -9.0   -9.0 20 52 1902                     9   9    4 St         0   0   6   545 -9.0 -9.00 -9   8.9   8.9   8.6   8.1   7.8  -9 -9.0 -9  4  1
202403230500 108  27  2.0  -9 -9.0   -9 1001.7 1012.1 -9  -9.0  10.0   7.9  87.0  10.6   -9.0    0.1    0.1   -9.0   -9.0   -9.0   -9.0 10 22 19                       8   8    3 St         0   0   6   551 -9.0 -9.00 -9   8.3   8.9   8.6   8.1   7.9  -9 -9.0 -9  3  1
202403230600 108  27  1.6  -9 -9.0   -9 1002.7 1013.1  2   2.6   9.8   7.9  88.0  10.6    0.0    0.1    0.1   -9.0   -9.0   -9.0   -9.0 10 52 19                       7   7    8 Sc         0   0   5   438 -9.0 -9.00 -9   8.1   8.8   8.5   8.1   7.9  -9 -9.0 -9  3  1
202403230700 108  27  1.9  -9 -9.0   -9 1003.6 1014.0 -9  -9.0   9.4   7.6  89.0  10.4   -9.0    0.1    0.1   -9.0   -9.0   -9.0   -9.0 10 22 19                       6   6    8 Sc         0   0   5   400  0.0  0.03 -9   7.2   8.7   8.5   8.1   7.9  -9 -9.0 -9  3  1
202403230800 108  27  2.1  -9 -9.0   -9 1004.5 1014.9 -9  -9.0   9.6   8.0  90.0  10.7   -9.0    0.1    0.1   -9.0   -9.0   -9.0   -9.0 10  0 19                       4   1   10 ScCi       1   0   5   488  0.6  0.39 -9   9.1   8.6   8.4   8.1   7.9  -9 -9.0 -9  3  1
202403230900 108  29  3.4  -9 -9.0   -9 1005.3 1015.7  2   2.6  10.0   7.9  87.0  10.6   -9.0    0.1    0.1   -9.0   -9.0   -9.0   -9.0 10 51 19                       9   9    9 Sc         0   0   5   495  0.3  0.70 -9  11.4   8.6   8.3   8.0   7.9  -9 -9.0 -9  3  1
202403231000 108  27  1.6  -9 -9.0   -9 1006.0 1016.3 -9  -9.0  11.2   8.4  83.0  11.0   -9.0    0.1    0.1   -9.0   -9.0   -9.0   -9.0 10 22 19                       8   8   10 Sc         0   0   5   640  0.2  1.13 -9  20.0   8.7   8.4   8.0   7.9  -9 -9.0 -9  3  1
202403231100 108  23  2.3  -9 -9.0   -9 1006.3 1016.6 -9  -9.0  12.9   8.3  74.0  10.9   -9.0    0.1    0.1   -9.0   -9.0   -9.0   -9.0 10 22 19                       7   7   10 Sc         0   0   5   769  0.7  2.31 -9  24.2   9.3   8.6   8.0   7.9  -9 -9.0 -9  3  1
202403231200 108  20  3.6  -9 -9.0   -9 1006.7 1016.9  2   1.2  13.7   7.8  68.0  10.6   -9.0    0.1    0.1   -9.0   -9.0   -9.0   -9.0  5 22 4019                     5   5    9 Sc         0   0   5   830  0.6  2.35 -9  24.9  10.2   9.1   8.1   7.9  -9 -9.0 -9  3  1
202403231300 108  29  3.0  -9 -9.0   -9 1006.1 1016.3 -9  -9.0  15.0   7.0  59.0  10.0   -9.0    0.1    0.1   -9.0   -9.0   -9.0   -9.0 -9 -9 40                       1   1   13 Sc         0   0   5  1179  1.0  3.14 -9  26.9  11.1   9.8   8.3   7.9  -9 -9.0 -9  3  2
202403231400 108  29  2.3  -9 -9.0   -9 1005.7 1015.8 -9  -9.0  15.9   6.5  54.0   9.7   -9.0    0.1    0.1   -9.0   -9.0   -9.0   -9.0 -9 -9 -                        6   0   -9 Ci         1   0   0  1376  0.8  2.50 -9  21.4  12.0  10.4   8.7   8.1  -9 -9.0 -9  3  2
202403231500 108  27  1.9  -9 -9.0   -9 1005.1 1015.1  7  -1.8  17.7   6.8  49.0   9.9   -9.0    0.1    0.1   -9.0   -9.0   -9.0   -9.0 -9 -9 -                        0   0   -9 -         -9  -9  -9  1760  0.9  2.35 -9  26.6  12.5  11.0   9.1   8.2  -9 -9.0 -9  3  2
202403231600 108  27  2.2  -9 -9.0   -9 1004.6 1014.6 -9  -9.0  18.0   5.8  45.0   9.2   -9.0    0.1    0.1   -9.0   -9.0   -9.0   -9.0 -9 -9 -                        0   0   -9 -         -9  -9  -9  2011  1.0  2.13 -9  23.4  13.0  11.5   9.5   8.4  -9 -9.0 -9  3  2
202403231700 108  29  2.5  -9 -9.0   -9 1004.6 1014.6 -9  -9.0  17.8   5.3  44.0   8.9   -9.0    0.1    0.1   -9.0   -9.0   -9.0   -9.0 -9 -9 -                        0   0   -9 -         -9  -9  -9  2577  1.0  1.42 -9  19.8  13.2  11.8   9.8   8.6  -9 -9.0 -9  3  2
202403231800 108  27  2.9  -9 -9.0   -9 1005.2 1015.3  3   0.2  16.9   4.8  45.0   8.6   -9.0    0.1    0.1   -9.0   -9.0   -9.0   -9.0 -9 -9 -                        4   0   -9 Ci         1   0   0  2436  1.0  0.65 -9  14.6  13.2  12.0  10.2   8.9  -9 -9.0 -9  3  2
202403231900 108  29  2.2  -9 -9.0   -9 1006.2 1016.4 -9  -9.0  15.6   4.3  47.0   8.3   -9.0    0.1    0.1   -9.0   -9.0   -9.0   -9.0 -9 -9 -                        5   1   -9 -         -9  -9  -9  2371  0.1  0.10 -9  11.5  12.9  12.1  10.5   9.2  -9 -9.0 -9  3 -9
202403232000 108  32  2.5  -9 -9.0   -9 1006.7 1016.9 -9  -9.0  14.7   3.7  48.0   8.0   -9.0    0.1    0.1   -9.0   -9.0   -9.0   -9.0 -9 -9 -                        8   1   -9 -         -9  -9  -9  2497 -9.0 -9.00 -9   9.9  12.4  11.9  10.6   9.4  -9 -9.0 -9  3 -9
202403232100 108  27  1.3  -9 -9.0   -9 1007.1 1017.3  2   2.0  13.4   3.4  51.0   7.8   -9.0    0.1    0.1   -9.0   -9.0   -9.0   -9.0 -9 -9 -                        8   0   -9 Cs         8   0   0  2464 -9.0 -9.00 -9   8.7  12.0  11.6  10.7   9.6  -9 -9.0 -9  3  2
202403232200 108   5  1.0  -9 -9.0   -9 1007.0 1017.3 -9  -9.0  12.5   3.9  56.0   8.1   -9.0    0.1    0.1   -9.0   -9.0   -9.0   -9.0 -9 -9 -                        9   1   -9 -         -9  -9  -9  2320 -9.0 -9.00 -9   7.9  11.5  11.3  10.6   9.7  -9 -9.0 -9  3 -9
202403232300 108   5  0.9  -9 -9.0   -9 1007.3 1017.6 -9  -9.0  11.8   2.7  54.0   7.4   -9.0    0.1    0.1   -9.0   -9.0   -9.0   -9.0 -9 -9 -                        6   1   -9 -         -9  -9  -9  3362 -9.0 -9.00 -9   7.3  11.1  11.0  10.5   9.8  -9 -9.0 -9  3 -9
202403240000 108   7  2.3  -9 -9.0   -9 1006.7 1017.0  8  -0.3  11.5   1.6  51.0   6.9   -9.0    0.1    0.1   -9.0   -9.0   -9.0   -9.0 -9 -9 -                        8   0   -9 Ci         1   0   0  3692 -9.0 -9.00 -9   6.9  10.7  10.7  10.4   9.8  -9 -9.0 -9  3  2
202403240100 108   5  2.0  -9 -9.0   -9 1006.7 1017.1 -9  -9.0  10.9   1.9  54.0   7.0   -9.0   -9.0   -9.0   -9.0   -9.0   -9.0   -9.0 -9 -9 -                        7   1   -9 -         -9  -9  -9  3833 -9.0 -9.00 -9   6.1  10.4  10.4  10.3   9.8  -9 -9.0 -9  3 -9
202403240200 108   9  1.9  -9 -9.0   -9 1006.4 1016.8 -9  -9.0  10.8   2.3  56.0   7.2   -9.0   -9.0   -9.0   -9.0   -9.0   -9.0   -9.0 -9 -9 -                        7   1   -9 -         -9  -9  -9  3282 -9.0 -9.00 -9   5.8  10.0  10.2  10.1   9.7  -9 -9.0 -9  3 -9
202403240300 108   5  2.6  -9 -9.0   -9 1006.1 1016.5  8  -0.5  10.5   2.5  58.0   7.3   -9.0   -9.0   -9.0   -9.0   -9.0   -9.0   -9.0 -9 -9 -                        8   0   -9 Ci         1   0   0  2979 -9.0 -9.00 -9   5.8   9.8   9.9   9.9   9.7  -9 -9.0 -9  3  2
202403240400 108   7  2.7  -9 -9.0   -9 1005.7 1016.1 -9  -9.0  10.7   3.0  59.0   7.6   -9.0   -9.0   -9.0   -9.0   -9.0   -9.0   -9.0 -9 -9 -                        9   0   -9 Ci         2   0   0  2974 -9.0 -9.00 -9   6.0   9.5   9.7   9.7   9.6  -9 -9.0 -9  3  2
202403240500 108   7  2.9  -9 -9.0   -9 1006.0 1016.4 -9  -9.0  10.8   3.0  59.0   7.6   -9.0   -9.0   -9.0   -9.0   -9.0   -9.0   -9.0 -9 -9 -                        9   0   -9 Ci         2   0   0  3384 -9.0 -9.00 -9   6.0   9.3   9.5   9.6   9.5  -9 -9.0 -9  3  2
202403240600 108   7  3.0  -9 -9.0   -9 1006.5 1016.9  3   0.4  10.8   3.0  59.0   7.6   -9.0   -9.0   -9.0   -9.0   -9.0   -9.0   -9.0 -9 -9 -                        8   0   -9 Ci         2   0   0  3354 -9.0 -9.00 -9   6.0   9.2   9.3   9.4   9.4  -9 -9.0 -9  3  2
202403240700 108   7  3.4  -9 -9.0   -9 1007.2 1017.6 -9  -9.0  10.8   2.8  58.0   7.5   -9.0   -9.0   -9.0   -9.0   -9.0   -9.0   -9.0 -9 -9 -                        8   0   -9 Ci         1   0   0  3521  0.0  0.03 -9   6.3   9.1   9.2   9.3   9.4  -9 -9.0 -9  3  2
202403240800 108   5  2.9  -9 -9.0   -9 1008.0 1018.3 -9  -9.0  11.8   3.0  55.0   7.6   -9.0   -9.0   -9.0   -9.0   -9.0   -9.0   -9.0 -9 -9 -                        9   0   -9 Ci         1   0   0  3922  0.0  0.38 -9   8.9   9.0   9.1   9.1   9.3  -9 -9.0 -9  3  2
202403240900 108   7  3.5  -9 -9.0   -9 1008.4 1018.7  2   1.8  13.0   2.2  48.0   7.2   -9.0   -9.0   -9.0   -9.0   -9.0   -9.0   -9.0 -9 -9 -                        8   0   -9 Ci         2   0   0  3863  0.2  0.62 -9  11.9   9.1   9.0   9.0   9.2  -9 -9.0 -9  3  2
202403241000 108   7  2.7  -9 -9.0   -9 1008.5 1018.7 -9  -9.0  15.4   2.5  42.0   7.3   -9.0   -9.0   -9.0   -9.0   -9.0   -9.0   -9.0 -9 -9 -                        7   0   -9 Cc         9   0   0  4122  0.7  1.46 -9  17.6   9.5   9.2   9.0   9.1  -9 -9.0 -9  3  2
202403241100 108   5  3.1  -9 -9.0   -9 1008.6 1018.7 -9  -9.0  17.0   2.5  38.0   7.3   -9.0   -9.0   -9.0   -9.0   -9.0   -9.0   -9.0 -9 -9 -                        7   0   -9 Cc         9   0   0  3737  0.6  1.98 -9  20.1  10.1   9.5   9.0   9.0  -9 -9.0 -9  3  2
202403241200 108   7  2.4  -9 -9.0   -9 1007.9 1017.9  7  -0.8  19.2   2.9  34.0   7.5   -9.0   -9.0   -9.0   -9.0   -9.0   -9.0   -9.0 -9 -9 -                        8   4   49 AcCi       2   3   0  3901  0.6  2.46 -9  24.9  11.0   9.9   9.1   9.0  -9 -9.0 -9  3  2
202403241300 108   5  3.0  -9 -9.0   -9 1007.0 1017.0 -9  -9.0  20.1   2.8  32.0   7.5   -9.0   -9.0   -9.0   -9.0   -9.0   -9.0   -9.0 -9 -9 -                        5   5   49 Ac         0   3   0  3826  0.7  2.51 -9  27.3  11.8  10.6   9.3   9.0  -9 -9.0 -9  3  2
202403241400 108   7  2.3  -9 -9.0   -9 1005.7 1015.6 -9  -9.0  21.7   2.3  28.0   7.2   -9.0   -9.0   -9.0   -9.0   -9.0   -9.0   -9.0 -9 -9 -                        2   2   49 Ac         0   3   0  3558  1.0  3.10 -9  29.5  12.6  11.2   9.6   9.1  -9 -9.0 -9  3  2
202403241500 108  11  2.3  -9 -9.0   -9 1004.8 1014.6  7  -3.3  22.7   2.7  27.0   7.4   -9.0   -9.0   -9.0   -9.0   -9.0   -9.0   -9.0 -9 -9 -                        0   0   -9 -         -9  -9  -9  3156  1.0  2.79 -9  30.0  13.4  11.9  10.0   9.2  -9 -9.0 -9  3  2
202403241600 108   5  3.1  -9 -9.0   -9 1004.1 1013.9 -9  -9.0  23.1   0.1  22.0   6.2   -9.0   -9.0   -9.0   -9.0   -9.0   -9.0   -9.0 -9 -9 -                        0   0   -9 -         -9  -9  -9  4321  1.0  2.21 -9  27.4  14.1  12.5  10.4   9.4  -9 -9.0 -9  3  2
202403241700 108  14  1.2  -9 -9.0   -9 1003.7 1013.5 -9  -9.0  23.2   0.8  23.0   6.5   -9.0   -9.0   -9.0   -9.0   -9.0   -9.0   -9.0 -9 -9 -                        0   0   -9 -         -9  -9  -9  3743  1.0  1.52 -9  22.7  14.4  13.0  10.8   9.6  -9 -9.0 -9  3  2
202403241800 108  34  1.9  -9 -9.0   -9 1003.9 1013.8  5  -0.8  22.1   0.0  23.0   6.1   -9.0   -9.0   -9.0   -9.0   -9.0   -9.0   -9.0 -9 -9 -                        0   0   -9 -         -9  -9  -9  3994  1.0  0.72 -9  16.7  14.5  13.3  11.2   9.9  -9 -9.0 -9  3  2
202403241900 108  27  0.7  -9 -9.0   -9 1004.0 1014.0 -9  -9.0  19.9   0.8  28.0   6.5   -9.0   -9.0   -9.0   -9.0   -9.0   -9.0   -9.0 -9 -9 -                        0   0   -9 -         -9  -9  -9  2873  0.3  0.11 -9  13.1  14.2  13.3  11.6  10.1  -9 -9.0 -9  3 -9
202403242000 108  25  1.9  -9 -9.0   -9 1004.5 1014.5 -9  -9.0  17.8   3.6  39.0   7.9   -9.0   -9.0   -9.0   -9.0   -9.0   -9.0   -9.0 -9 -9 -                        0   0   -9 -         -9  -9  -9  2037 -9.0 -9.00 -9  11.5  13.7  13.2  11.8  10.4  -9 -9.0 -9  3 -9
202403242100 108  27  2.1  -9 -9.0   -9 1005.0 1015.1  2   1.3  16.8   4.1  43.0   8.2   -9.0   -9.0   -9.0   -9.0   -9.0   -9.0   -9.0 -9 -9 -                        0   0   -9 -         -9  -9  -9  1757 -9.0 -9.00 -9  10.3  13.2  12.9  11.8  10.6  -9 -9.0 -9  3  2
202403242200 108  20  1.6  -9 -9.0   -9 1005.5 1015.6 -9  -9.0  16.2   4.2  45.0   8.2   -9.0   -9.0   -9.0   -9.0   -9.0   -9.0   -9.0 -9 -9 -                        0   0   -9 -         -9  -9  -9  1543 -9.0 -9.00 -9   9.6  12.8  12.6  11.8  10.7  -9 -9.0 -9  3 -9
202403242300 108  25  1.8  -9 -9.0   -9 1006.2 1016.4 -9  -9.0  15.5   3.9  46.0   8.1   -9.0   -9.0   -9.0   -9.0   -9.0   -9.0   -9.0 -9 -9 -                        0   0   -9 -         -9  -9  -9  1528 -9.0 -9.00 -9   8.9  12.4  12.3  11.7  10.8  -9 -9.0 -9  3 -9
202403250000 108  11  0.6  -9 -9.0   -9 1006.2 1016.4  1   1.3  14.6   3.6  48.0   7.9   -9.0   -9.0   -9.0   -9.0   -9.0   -9.0   -9.0 -9 -9 -                        7   0   -9 Ci         1   0   0  1779 -9.0 -9.00 -9   8.4  12.0  12.0  11.6  10.8  -9 -9.0 -9  3  2
202403250100 108   9  1.1  -9 -9.0   -9 1006.0 1016.2 -9  -9.0  13.9   2.7  47.0   7.4   -9.0   -9.0   -9.0   -9.0   -9.0   -9.0   -9.0 -9 -9 -                        7   1   -9 -         -9  -9  -9  2793 -9.0 -9.00 -9   7.8  11.7  11.7  11.4  10.8  -9 -9.0 -9  3 -9
202403250200 108   5  0.9  -9 -9.0   -9 1005.6 1015.8 -9  -9.0  13.5   2.3  47.0   7.2   -9.0   -9.0   -9.0   -9.0   -9.0   -9.0   -9.0 -9 -9 -                        7   1   -9 -         -9  -9  -9  3252 -9.0 -9.00 -9   7.4  11.4  11.5  11.3  10.8  -9 -9.0 -9  3 -9
202403250300 108   5  2.5  -9 -9.0   -9 1005.0 1015.2  7  -1.2  12.8   2.6  50.0   7.4   -9.0   -9.0   -9.0   -9.0   -9.0   -9.0   -9.0 -9 -9 -                        9   9   33 Ac         0   3   0  3486 -9.0 -9.00 -9   8.6  11.2  11.2  11.1  10.7  -9 -9.0 -9  3  2
202403250400 108   9  2.1  -9 -9.0   -9 1004.4 1014.6 -9  -9.0  13.1   1.4  45.0   6.8   -9.0   -9.0   -9.0   -9.0   -9.0   -9.0   -9.0 -9 -9 -                        9   9   36 Ac         0   3   0  4089 -9.0 -9.00 -9   8.7  11.0  11.1  11.0  10.7  -9 -9.0 -9  3  2
202403250500 108   7  0.7  -9 -9.0   -9 1005.0 1015.2 -9  -9.0  13.0   1.6  46.0   6.9   -9.0   -9.0   -9.0   -9.0   -9.0   -9.0   -9.0 -9 -9 -                        9   9   38 Ac         0   3   0  3818 -9.0 -9.00 -9   8.7  10.9  10.9  10.8  10.6  -9 -9.0 -9  3  2
202403250600 108   9  1.4  -9 -9.0   -9 1005.3 1015.6  3   0.4  12.4   1.0  46.0   6.6   -9.0   -9.0   -9.0   -9.0   -9.0   -9.0   -9.0 -9 -9 -                        9   9   38 Ac         0   3   0  4368 -9.0 -9.00 -9   8.3  10.8  10.8  10.7  10.5  -9 -9.0 -9  3  2
202403250700 108   7  3.9  -9 -9.0   -9 1005.1 1015.4 -9  -9.0  12.1   1.6  49.0   6.9   -9.0   -9.0   -9.0   -9.0   -9.0   -9.0   -9.0 -9 -9 -                        9   9   38 Ac         0   3   0  3885  0.0  0.03 -9   7.9  10.6  10.7  10.6  10.4  -9 -9.0 -9  3  2
202403250800 108   5  3.8  -9 -9.0   -9 1006.4 1016.7 -9  -9.0  12.5   0.8  45.0   6.5   -9.0   -9.0   -9.0   -9.0   -9.0   -9.0   -9.0 -9 -9 -                        9   9   35 Ac         0   3   0  4088  0.0  0.24 -9   9.7  10.5  10.5  10.4  10.4  -9 -9.0 -9  3  2
202403250900 108   7  3.7  -9 -9.0   -9 1006.9 1017.2  3   1.6  12.4  -0.5  41.0   5.9   -9.0   -9.0   -9.0   -9.0   -9.0   -9.0   -9.0 -9 -9 -                        9   9   38 Ac         0   3   0  4707  0.0  0.35 -9  10.8  10.5  10.5  10.3  10.3  -9 -9.0 -9  3  2
202403251000 108   7  3.4  -9 -9.0   -9 1006.8 1017.1 -9  -9.0  12.6   0.9  45.0   6.5   -9.0   -9.0   -9.0   -9.0   -9.0   -9.0   -9.0 -9 -9 -                        9   9   38 Ac         0   3   0  4204  0.0  0.57 -9  12.6  10.6  10.5  10.3  10.2  -9 -9.0 -9  3  2
202403251100 108   7  4.3  -9 -9.0   -9 1005.9 1016.2 -9  -9.0  12.8   1.7  47.0   6.9   -9.0   -9.0   -9.0   -9.0   -9.0   -9.0   -9.0 -9 -9 -                        9   9   38 Ac         0   3   0  4625  0.0  0.73 -9  12.5  10.8  10.5  10.2  10.2  -9 -9.0 -9  3  2
202403251200 108   5  5.7  -9 -9.0   -9 1005.8 1016.0  7  -1.2  13.0   2.8  50.0   7.5   -9.0   -9.0   -9.0   -9.0   -9.0   -9.0   -9.0 -9 -9 -                       10  10   28 As        -9   2   0  4720  0.0  0.62 -9  12.7  10.9  10.6  10.2  10.1  -9 -9.0 -9  3  2
202403251300 108   5  4.2  -9 -9.0   -9 1006.5 1016.8 -9  -9.0  12.8   2.8  51.0   7.5   -9.0    0.0    0.0   -9.0   -9.0   -9.0   -9.0 60 62 01                      10   7   10 ScAs      -9   2   5  4295  0.0  0.41 -9  11.1  11.0  10.7  10.2  10.1  -9 -9.0 -9  4  1
202403251400 108   5  4.8  -9 -9.0   -9 1005.7 1016.1 -9  -9.0  10.4   6.7  78.0   9.8   -9.0    1.9    1.9   -9.0   -9.0   -9.0   -9.0 61 66 01                      10   7    6 StNs      -9   2   7  3075  0.0  0.34 -9  11.4  10.9  10.7  10.2  10.1  -9 -9.0 -9  4  1
202403251500 108   5  5.1   7 10.0 1446 1004.8 1015.2  8  -0.8  10.4   6.5  77.0   9.7    2.2    2.2    2.2   -9.0   -9.0   -9.0   -9.0 61 66 01                      10   7    6 StNs      -9   2   7  3061  0.0  0.51 -9  11.1  10.8  10.6  10.2  10.1  -9 -9.0 -9  4  1
202403251600 108   5  5.0  -9 -9.0   -9 1005.2 1015.6 -9  -9.0   9.9   6.4  79.0   9.6   -9.0    2.6    2.6   -9.0   -9.0   -9.0   -9.0 61 66 01                      10   5    6 StNs      -9   2   7  2273  0.0  0.38 -9  11.1  10.8  10.6  10.2  10.1  -9 -9.0 -9  4  1
202403251700 108   5  5.6  -9 -9.0   -9 1005.6 1016.0 -9  -9.0   9.5   5.6  77.0   9.1   -9.0    2.8    2.8   -9.0   -9.0   -9.0   -9.0 61 66 01                      10   4    6 StNs      -9   2   7  4834  0.0  0.38 -9  10.0  10.7  10.5  10.2  10.0  -9 -9.0 -9  4  1
202403251800 108   5  4.8  -9 -9.0   -9 1006.0 1016.4  2   1.2   9.2   5.9  80.0   9.3    0.7    2.9    2.9   -9.0   -9.0   -9.0   -9.0 61 66 01                      10   6    7 StNs      -9   2   7  2772  0.0  0.10 -9   8.8  10.6  10.4  10.2  10.0  -9 -9.0 -9  4  1
202403251900 108   5  5.4   7 10.0 1833 1005.5 1015.9 -9  -9.0   8.6   5.5  81.0   9.0   -9.0    3.4    3.4   -9.0   -9.0   -9.0   -9.0 61 66 01                      10   7    6 StNs      -9   2   7  4526  0.0  0.02 -9   7.9  10.4  10.3  10.1  10.0  -9 -9.0 -9  4  1
202403252000 108   5  5.6   5 10.0 1957 1005.7 1016.1 -9  -9.0   8.3   5.0  80.0   8.7   -9.0    3.6    3.6   -9.0   -9.0   -9.0   -9.0 61 66 01                      10   6    7 StNs      -9   2   7  3357 -9.0 -9.00 -9   7.4  10.2  10.2  10.1  10.0  -9 -9.0 -9  4  1
202403252100 108   7  4.5   7 10.0 1833 1006.5 1017.0  3   0.6   7.9   4.6  80.0   8.5    1.1    4.0    4.0   -9.0   -9.0   -9.0   -9.0 61 66 01                      10   7    7 StNs      -9   2   7  3803 -9.0 -9.00 -9   7.1  10.0  10.0  10.0  10.0  -9 -9.0 -9  1  1
202403252200 108   5  5.0  -9 -9.0   -9 1005.5 1016.0 -9  -9.0   7.3   4.7  84.0   8.5   -9.0    4.7    4.7   -9.0   -9.0   -9.0   -9.0 61 66 01                      10   6    7 StNs      -9   2   7  2208 -9.0 -9.00 -9   6.7   9.8   9.9   9.9   9.9  -9 -9.0 -9  4  1
202403252300 108   5  6.3   2 11.0 2222 1005.0 1015.5 -9  -9.0   6.8   4.1  83.0   8.2   -9.0    5.1    5.1   -9.0   -9.0   -9.0   -9.0 60 66 01                      10   4   10 ScAs      -9   2   5  4986 -9.0 -9.00 -9   6.2   9.6   9.7   9.8   9.9  -9 -9.0 -9  4  1
202403260000 108   5  5.5   2 11.0 2222 1004.8 1015.3  7  -1.7   6.7   3.4  80.0   7.8    1.1    5.1    5.1   -9.0   -9.0   -9.0   -9.0 60 66 01                      10   7   10 ScAs      -9   2   5  4930 -9.0 -9.00 -9   6.0   9.4   9.5   9.6   9.8  -9 -9.0 -9  4  1
202403260100 108   5  3.9  -9 -9.0   -9 1004.7 1015.2 -9  -9.0   6.3   3.9  85.0   8.1   -9.0    0.5    0.5   -9.0   -9.0   -9.0   -9.0 61 66 01                      10   8    7 StNs      -9   2   7  2620 -9.0 -9.00 -9   6.0   9.2   9.3   9.5   9.7  -9 -9.0 -9  4  1
202403260200 108   5  4.5  -9 -9.0   -9 1004.8 1015.3 -9  -9.0   5.7   3.6  87.0   7.9   -9.0    2.3    2.3   -9.0   -9.0   -9.0   -9.0 61 66 01                      10   8    8 StNs      -9   2   7  1069 -9.0 -9.00 -9   5.6   9.0   9.1   9.4   9.7  -9 -9.0 -9  4  1
202403260300 108   5  3.9   2 11.0 2222 1004.6 1015.2  6  -0.1   5.1   3.5  90.0   7.8    4.1    4.1    4.1   -9.0   -9.0   -9.0   -9.0 61 66 01                      10   7    7 StNs      -9   2   7  1069 -9.0 -9.00 -9   5.3   8.8   8.9   9.3   9.6  -9 -9.0 -9  4  1
202403260400 108   5  4.6  -9 -9.0   -9 1005.0 1015.6 -9  -9.0   4.3   2.7  90.0   7.4   -9.0    5.9    5.9   -9.0   -9.0   -9.0   -9.0 61 66 1901                    10   9    6 StNs      -9   2   7   941 -9.0 -9.00 -9   4.8   8.5   8.7   9.1   9.5  -9 -9.0 -9  4  1
202403260500 108   5  3.4  -9 -9.0   -9 1005.2 1015.8 -9  -9.0   3.9   2.5  91.0   7.3   -9.0    7.4    7.4   -9.0   -9.0   -9.0   -9.0 61 66 1901                    10   8    6 StNs      -9   2   7  1397 -9.0 -9.00 -9   4.5   8.3   8.5   9.0   9.4  -9 -9.0 -9  4  1
202403260600 108   5  3.2  -9 -9.0   -9 1006.3 1016.9  2   1.7   3.5   2.1  91.0   7.1    4.3    8.4    8.4   -9.0   -9.0   -9.0   -9.0 61 66 01                      10   8    6 StNs      -9   2   7  1673 -9.0 -9.00 -9   4.2   8.0   8.3   8.8   9.3  -9 -9.0 -9  4  1
202403260700 108   5  2.0  -9 -9.0   -9 1008.0 1018.7 -9  -9.0   3.6   2.1  90.0   7.1   -9.0    9.9    9.9   -9.0   -9.0   -9.0   -9.0 61 66 01                      10   9    5 StNs      -9   2   7  1393  0.0  0.01 -9   4.3   7.8   8.1   8.6   9.2  -9 -9.0 -9  4  1
202403260800 108   5  3.5  -9 -9.0   -9 1008.3 1019.0 -9  -9.0   3.2   1.8  91.0   7.0   -9.0   11.3   11.3   -9.0   -9.0   -9.0   -9.0 61 66 01                      10   7    7 StNs      -9   2   7  2166  0.0  0.07 -9   4.7   7.6   7.9   8.5   9.1  -9 -9.0 -9  4  1
202403260900 108   5  2.5  -9 -9.0   -9 1009.2 1019.9  2   3.0   3.7   2.6  93.0   7.4    3.1   11.5   11.5   -9.0   -9.0   -9.0   -9.0 61 66 01                      10   5    5 StNs      -9   2   7  2360  0.0  0.33 -9   6.9   7.5   7.8   8.3   9.0  -9 -9.0 -9  1  1
202403261000 108   7  3.5  -9 -9.0   -9 1010.0 1020.6 -9  -9.0   5.1   3.4  89.0   7.8   -9.0   11.5   11.5   -9.0   -9.0   -9.0   -9.0 60 66 01                       9   7    7 ScAs       0   2   5  3894  0.0  1.00 -9  12.0   7.6   7.7   8.2   8.8  -9 -9.0 -9  4  1
202403261100 108   5  2.8  -9 -9.0   -9 1010.3 1020.9 -9  -9.0   6.0   3.3  83.0   7.7   -9.0   11.5   11.5   -9.0   -9.0   -9.0   -9.0 21 62 01                       8   7    8 ScAc       0   3   5  4672  0.0  1.11 -9  13.5   7.9   7.8   8.1   8.7  -9 -9.0 -9  4  1
202403261200 108   7  2.4  -9 -9.0   -9 1010.4 1020.9  1   1.0   7.7   3.9  77.0   8.1    0.0   11.5   11.5   -9.0   -9.0   -9.0   -9.0 -9 62 -                        7   7    9 Sc         0   0   5  4402  0.1  1.65 -9  21.3   8.3   8.1   8.1   8.7  -9 -9.0 -9  3  1
202403261300 108  32  3.1  -9 -9.0   -9 1010.9 1021.4 -9  -9.0   8.5   3.3  70.0   7.7   -9.0   11.5   11.5   -9.0   -9.0   -9.0   -9.0 -9 -9 -                        7   7   10 Sc         0   0   5  4515  0.2  1.80 -9  17.6   9.0   8.4   8.2   8.6  -9 -9.0 -9  3  2
202403261400 108   9  2.3  -9 -9.0   -9 1010.3 1020.7 -9  -9.0  10.9   3.6  61.0   7.9   -9.0   11.5   11.5   -9.0   -9.0   -9.0   -9.0 -9 -9 -                        7   7   10 Sc         0   0   5  4834  0.7  2.85 -9  20.4   9.6   8.9   8.3   8.6  -9 -9.0 -9  3  2
202403261500 108   5  2.7  -9 -9.0   -9 1009.9 1020.2  8  -0.7  11.9   3.8  58.0   8.0   -9.0   11.5   11.5   -9.0   -9.0   -9.0   -9.0 -9 61 -                        3   3   10 Sc         0   0   5  4852  0.4  2.12 -9  19.6  10.4   9.4   8.5   8.6  -9 -9.0 -9  3  1
202403261600 108   5  1.9  -9 -9.0   -9 1010.0 1020.3 -9  -9.0  12.1   4.0  58.0   8.1   -9.0   11.5   11.5   -9.0   -9.0   -9.0   -9.0 -9 -9 -                        5   5   10 Sc         0   0   5  4811  0.7  1.94 -9  19.7  10.9   9.9   8.8   8.7  -9 -9.0 -9  3  2
202403261700 108  32  1.1  -9 -9.0   -9 1010.3 1020.7 -9  -9.0  11.4   3.4  58.0   7.8   -9.0   11.5   11.5   -9.0   -9.0   -9.0   -9.0 -9 -9 -                        8   8   11 Sc         0   0   5  5000  0.1  0.65 -9  14.1  11.3  10.3   9.1   8.8  -9 -9.0 -9  3  2
202403261800 108  32  1.6  -9 -9.0   -9 1010.9 1021.3  2   1.1  10.9   3.1  59.0   7.6   -9.0   11.5   11.5   -9.0   -9.0   -9.0   -9.0 -9 -9 -                        8   8   12 Sc         0   0   5  4908  0.0  0.18 -9  11.3  11.3  10.5   9.4   9.0  -9 -9.0 -9  3  2
202403261900 108  32  1.9  -9 -9.0   -9 1011.4 1021.8 -9  -9.0  10.4   3.6  63.0   7.9   -9.0   11.5   11.5   -9.0   -9.0   -9.0   -9.0 -9 -9 -                        8   6   12 -         -9  -9  -9  4907  0.1  0.05 -9   9.8  11.1  10.5   9.6   9.2  -9 -9.0 -9  3 -9
202403262000 108   2  1.0  -9 -9.0   -9 1011.9 1022.4 -9  -9.0  10.0   3.7  65.0   8.0   -9.0   11.5   11.5   -9.0   -9.0   -9.0   -9.0 -9 -9 -                        7   6   12 -         -9  -9  -9  5000 -9.0 -9.00 -9   8.8  10.8  10.4   9.8   9.3  -9 -9.0 -9  3 -9
202403262100 108  32  1.4  -9 -9.0   -9 1012.3 1022.8  2   1.5   9.2   3.1  66.0   7.6   -9.0   11.5   11.5   -9.0   -9.0   -9.0   -9.0 -9 -9 -                        1   1   10 Sc         0   0   5  4736 -9.0 -9.00 -9   6.7  10.6  10.3   9.8   9.4  -9 -9.0 -9  3  2
202403262200 108  25  2.0  -9 -9.0   -9 1013.1 1023.6 -9  -9.0   8.2   3.8  74.0   8.0   -9.0   11.5   11.5   -9.0   -9.0   -9.0   -9.0 -9 -9 -                        0   0   -9 -         -9  -9  -9  3946 -9.0 -9.00 -9   5.6  10.2  10.1   9.8   9.5  -9 -9.0 -9  3 -9
202403262300 108  27  1.4  -9 -9.0   -9 1013.7 1024.3 -9  -9.0   7.5   4.4  81.0   8.4   -9.0   11.5   11.5   -9.0   -9.0   -9.0   -9.0 -9 -9 -                        0   0   -9 -         -9  -9  -9  2926 -9.0 -9.00 -9   5.0   9.8   9.8   9.7   9.5  -9 -9.0 -9  3 -9
202403270000 108  25  2.0  -9 -9.0   -9 1013.5 1024.1  0   1.3   6.9   4.3  84.0   8.3   -9.0   11.5   11.5   -9.0   -9.0   -9.0   -9.0 -9 -9 -                        0   0   -9 -         -9  -9  -9  2241 -9.0 -9.00 -9   4.6   9.5   9.6   9.6   9.5  -9 -9.0 -9  3  2
202403270100 108  29  1.3  -9 -9.0   -9 1013.7 1024.3 -9  -9.0   6.4   4.3  87.0   8.3   -9.0   -9.0   -9.0   -9.0   -9.0   -9.0   -9.0 -9 -9 -                        0   0   -9 -         -9  -9  -9  1969 -9.0 -9.00 -9   3.9   9.1   9.3   9.5   9.5  -9 -9.0 -9  3 -9
202403270200 108  34  0.8  -9 -9.0   -9 1013.8 1024.4 -9  -9.0   6.1   4.2  88.0   8.2   -9.0   -9.0   -9.0   -9.0   -9.0   -9.0   -9.0 -9 -9 -                        5   0   -9 -         -9  -9  -9  1738 -9.0 -9.00 -9   3.7   8.8   9.1   9.3   9.5  -9 -9.0 -9  3  2
202403270300 108   2  0.8  -9 -9.0   -9 1014.0 1024.6  2   0.5   5.7   3.8  88.0   8.0   -9.0   -9.0   -9.0   -9.0   -9.0   -9.0   -9.0 -9 -9 -                        0   0   -9 -         -9  -9  -9  2067 -9.0 -9.00 -9   3.3   8.6   8.9   9.2   9.4  -9 -9.0 -9  3  2
202403270400 108   5  1.7  -9 -9.0   -9 1013.7 1024.4 -9  -9.0   5.3   3.4  88.0   7.8   -9.0   -9.0   -9.0   -9.0   -9.0   -9.0   -9.0 -9 -9 -                        2   0   -9 Ci         1   0   0  1940 -9.0 -9.00 -9   3.0   8.3   8.6   9.0   9.3  -9 -9.0 -9  3  2
202403270500 108   5  2.2  -9 -9.0   -9 1013.8 1024.5 -9  -9.0   5.0   3.1  88.0   7.6   -9.0   -9.0   -9.0   -9.0   -9.0   -9.0   -9.0 -9 -9 -                        5   0   -9 Ci         1   0   0  2372 -9.0 -9.00 -9   2.9   8.1   8.4   8.8   9.2  -9 -9.0 -9  3  2
202403270600 108   2  2.0  -9 -9.0   -9 1013.9 1024.6  4   0.0   4.6   2.7  88.0   7.4   -9.0   -9.0   -9.0   -9.0   -9.0   -9.0   -9.0 -9 -9 -                        0   0   -9 -         -9  -9  -9  2001 -9.0 -9.00 -9   2.5   7.9   8.1   8.6   9.1  -9 -9.0 -9  3  2
202403270700 108   5  2.3  -9 -9.0   -9 1014.2 1024.9 -9  -9.0   4.5   2.9  90.0   7.5   -9.0   -9.0   -9.0   -9.0   -9.0   -9.0   -9.0 -9 -9 -                        0   0   -9 -         -9  -9  -9  1741  0.0  0.03 -9   3.1   7.7   8.0   8.5   9.0  -9 -9.0 -9  3  2
202403270800 108   5  2.0  -9 -9.0   -9 1014.0 1024.6 -9  -9.0   6.1   3.5  84.0   7.8   -9.0   -9.0   -9.0   -9.0   -9.0   -9.0   -9.0 -9 -9 -                        0   0   -9 -         -9  -9  -9  2709  0.6  0.43 -9   6.7   7.5   7.8   8.3   8.9  -9 -9.0 -9  3  2
202403270900 108   5  2.3  -9 -9.0   -9 1014.2 1024.7  0   0.1   8.2   4.2  76.0   8.2   -9.0   -9.0   -9.0   -9.0   -9.0   -9.0   -9.0 -9 -9 -                        0   0   -9 -         -9  -9  -9  2487  1.0  1.16 -9  13.0   7.7   7.8   8.2   8.8  -9 -9.0 -9  3  2
202403271000 108  11  1.7  -9 -9.0   -9 1014.0 1024.5 -9  -9.0  10.4   4.7  68.0   8.5   -9.0   -9.0   -9.0   -9.0   -9.0   -9.0   -9.0 -9 -9 -                        0   0   -9 -         -9  -9  -9  1912  1.0  1.86 -9  18.8   8.1   7.9   8.2   8.8  -9 -9.0 -9  3  2
202403271100 108  18  1.8  -9 -9.0   -9 1014.1 1024.5 -9  -9.0  12.4   5.3  62.0   8.9   -9.0   -9.0   -9.0   -9.0   -9.0   -9.0   -9.0 -9 -9 -                        4   2   10 ScCi       1   0   5  1705  1.0  2.43 -9  21.3   9.0   8.3   8.1   8.7  -9 -9.0 -9  3  2
202403271200 108  25  3.1  -9 -9.0   -9 1013.4 1023.7  7  -1.0  13.6   4.9  56.0   8.7   -9.0   -9.0   -9.0   -9.0   -9.0   -9.0   -9.0 -9 -9 -                        7   0   -9 Ci         1   0   0  1666  1.0  2.60 -9  23.5   9.9   8.9   8.2   8.6  -9 -9.0 -9  3  2
202403271300 108  23  1.3  -9 -9.0   -9 1013.0 1023.2 -9  -9.0  14.4   4.6  52.0   8.5   -9.0   -9.0   -9.0   -9.0   -9.0   -9.0   -9.0 -9 -9 -                       10   0   -9 Cs         7   0   0  1828  1.0  2.52 -9  24.8  10.8   9.5   8.5   8.6  -9 -9.0 -9  3  2
202403271400 108  18  1.5  -9 -9.0   -9 1011.9 1022.1 -9  -9.0  15.6   5.1  50.0   8.8   -9.0   -9.0   -9.0   -9.0   -9.0   -9.0   -9.0 -9 -9 -                       10   0   -9 Cs         7   0   0  1655  1.0  2.39 -9  23.9  11.7  10.2   8.8   8.7  -9 -9.0 -9  3  2
202403271500 108  27  2.5  -9 -9.0   -9 1011.5 1021.7  7  -2.0  16.0   4.3  46.0   8.3   -9.0   -9.0   -9.0   -9.0   -9.0   -9.0   -9.0 -9 -9 -                       10   0   -9 Cs         7   0   0  1530  1.0  2.17 -9  22.2  12.3  10.8   9.2   8.8  -9 -9.0 -9  3  2
202403271600 108  27  3.8  -9 -9.0   -9 1011.2 1021.4 -9  -9.0  15.7   5.2  50.0   8.8   -9.0   -9.0   -9.0   -9.0   -9.0   -9.0   -9.0 -9 -9 -                       10   0   -9 Cs         7   0   0  1456  0.9  1.49 -9  18.6  12.7  11.3   9.6   9.0  -9 -9.0 -9  3  2
202403271700 108  29  3.6  -9 -9.0   -9 1010.9 1021.1 -9  -9.0  14.2   5.5  56.0   9.0   -9.0   -9.0   -9.0   -9.0   -9.0   -9.0   -9.0 -9 -9 -                       10   0   -9 Cs         7   0   0  1695  0.3  0.88 -9  15.1  12.8  11.6   9.9   9.2  -9 -9.0 -9  3  2
202403271800 108  27  3.3  -9 -9.0   -9 1010.8 1021.1  6  -0.6  13.1   5.9  62.0   9.3   -9.0   -9.0   -9.0   -9.0   -9.0   -9.0   -9.0 -9 -9 -                        8   0   -9 Ci         2   0   0  1461  0.0  0.42 -9  12.2  12.6  11.7  10.2   9.4  -9 -9.0 -9  3  2
202403271900 108  25  2.5  -9 -9.0   -9 1010.3 1020.6 -9  -9.0  12.0   5.8  66.0   9.2   -9.0   -9.0   -9.0   -9.0   -9.0   -9.0   -9.0 -9 -9 -                        9   0   -9 -         -9  -9  -9  1353  0.0  0.08 -9  10.0  12.3  11.7  10.5   9.6  -9 -9.0 -9  3  2
202403272000 108  23  2.1  -9 -9.0   -9 1010.6 1021.0 -9  -9.0  11.5   4.6  63.0   8.5   -9.0   -9.0   -9.0   -9.0   -9.0   -9.0   -9.0 -9 -9 -                        8   0   -9 -         -9  -9  -9  2083 -9.0 -9.00 -9   8.8  11.9  11.5  10.6   9.8  -9 -9.0 -9  3  2
202403272100 108  20  1.7  -9 -9.0   -9 1010.5 1020.9  5  -0.2  11.1   4.5  64.0   8.4   -9.0   -9.0   -9.0   -9.0   -9.0   -9.0   -9.0 -9 -9 -                        8   0   -9 Ci         2   0   0  2289 -9.0 -9.00 -9   8.5  11.6  11.3  10.6   9.9  -9 -9.0 -9  3  2
202403272200 108  20  0.8  -9 -9.0   -9 1010.0 1020.4 -9  -9.0  10.7   4.5  66.0   8.4   -9.0   -9.0   -9.0   -9.0   -9.0   -9.0   -9.0 -9 -9 -                       10   0   -9 -         -9  -9  -9  2362 -9.0 -9.00 -9   8.5  11.2  11.0  10.5  10.0  -9 -9.0 -9  3  2
202403272300 108  18  1.4  -9 -9.0   -9 1009.5 1019.9 -9  -9.0  10.9   4.7  66.0   8.5   -9.0   -9.0   -9.0   -9.0   -9.0   -9.0   -9.0 -9 -9 -                       10   0   -9 -         -9  -9  -9  2748 -9.0 -9.00 -9   8.3  11.0  10.8  10.5  10.1  -9 -9.0 -9  3  2
202403280000 108   0  0.1  -9 -9.0   -9 1009.0 1019.4  7  -1.5  10.7   4.8  67.0   8.6   -9.0   -9.0   -9.0   -9.0   -9.0   -9.0   -9.0 -9 -9 -                        9   7   40 AcCi       2   3   0  3083 -9.0 -9.00 -9   8.4  10.7  10.7  10.4  10.1  -9 -9.0 -9  3  2
202403280100 108  29  0.5  -9 -9.0   -9 1008.7 1019.1 -9  -9.0  10.5   5.2  70.0   8.8   -9.0   -9.0   -9.0   -9.0   -9.0   -9.0   -9.0 -9 -9 -                       10   6   30 -         -9  -9  -9  2739 -9.0 -9.00 -9   8.4  10.6  10.5  10.3  10.1  -9 -9.0 -9  3  2
202403280200 108  34  0.8  -9 -9.0   -9 1007.6 1018.0 -9  -9.0  10.4   5.3  71.0   8.9   -9.0   -9.0   -9.0   -9.0   -9.0   -9.0   -9.0 -9 -9 -                       10   6   12 -         -9  -9  -9  2634 -9.0 -9.00 -9   8.4  10.4  10.4  10.2  10.1  -9 -9.0 -9  3 -9
202403280300 108   0  0.1  -9 -9.0   -9 1006.7 1017.1  7  -2.3  10.3   5.2  71.0   8.8   -9.0   -9.0   -9.0   -9.0   -9.0   -9.0   -9.0 -9 -9 -                       10   6   10 ScAs      -9   2   5  2310 -9.0 -9.00 -9   8.8  10.3  10.2  10.1  10.0  -9 -9.0 -9  3  2
202403280400 108   2  0.5  -9 -9.0   -9 1005.6 1016.0 -9  -9.0  10.3   5.4  72.0   9.0   -9.0   -9.0   -9.0   -9.0   -9.0   -9.0   -9.0 -9 -9 -                       10   7   10 ScAs      -9   2   5  2169 -9.0 -9.00 -9   8.8  10.2  10.1  10.0  10.0  -9 -9.0 -9  3  2
202403280500 108   2  1.6  -9 -9.0   -9 1004.7 1015.1 -9  -9.0  10.2   6.7  79.0   9.8   -9.0    0.4    0.4   -9.0   -9.0   -9.0   -9.0 60 62 01                      10   7    8 ScAs      -9   2   5  1002 -9.0 -9.00 -9   8.7  10.1  10.1   9.9  10.0  -9 -9.0 -9  4  1
202403280600 108   5  2.0  -9 -9.0   -9 1003.9 1014.3  7  -2.8   9.8   7.7  87.0  10.5    1.1    1.1    1.1   -9.0   -9.0   -9.0   -9.0 61 66 1901                    10   8    6 StNs      -9   2   7   329 -9.0 -9.00 -9   8.5  10.0  10.0   9.9   9.9  -9 -9.0 -9  4  1
202403280700 108   2  2.4  -9 -9.0   -9 1002.9 1013.2 -9  -9.0   9.5   7.6  88.0  10.4   -9.0    1.1    1.1   -9.0   -9.0   -9.0   -9.0 60 66 1901                    10   5    8 ScAs      -9   2   5   478  0.0  0.00 -9   8.5  10.0   9.9   9.8   9.9  -9 -9.0 -9  4  1
202403280800 108   5  1.7  -9 -9.0   -9 1002.9 1013.2 -9  -9.0   9.6   7.8  89.0  10.6   -9.0    1.2    1.2   -9.0   -9.0   -9.0   -9.0 61 66 1901                    10   7    6 StNs      -9   2   7   490  0.0  0.06 -9   9.1   9.9   9.8   9.8   9.8  -9 -9.0 -9  4  1
202403280900 108   5  1.5  -9 -9.0   -9 1002.3 1012.7  7  -1.6  10.1   8.1  88.0  10.8    0.4    1.5    1.5   -9.0   -9.0   -9.0   -9.0 61 66 1901                    10   8    7 StNs      -9   2   7   578  0.0  0.28 -9  11.1   9.9   9.8   9.7   9.8  -9 -9.0 -9  1  1
202403281000 108   5  0.6  -9 -9.0   -9 1001.4 1011.7 -9  -9.0  10.6   8.0  84.0  10.7   -9.0    1.5    1.5   -9.0   -9.0   -9.0   -9.0 60 66 1901                    10   7   10 ScAs      -9   2   5   944  0.0  0.37 -9  11.6  10.0   9.8   9.6   9.8  -9 -9.0 -9  4  1
202403281100 108   9  1.0  -9 -9.0   -9 1000.4 1010.7 -9  -9.0  11.0   7.1  77.0  10.1   -9.0    1.5    1.5   -9.0   -9.0   -9.0   -9.0 21 62 1901                    10   5   10 ScAs      -9   2   5  1541  0.0  0.40 -9  11.8  10.2   9.9   9.6   9.7  -9 -9.0 -9  4  1
202403281200 108  14  1.8  -9 -9.0   -9  999.8 1010.1  7  -2.6  11.2   7.1  76.0  10.1    0.0    1.5    1.5   -9.0   -9.0   -9.0   -9.0 61 62 01                      10   7    6 StNs      -9   2   7  1449  0.0  0.31 -9  12.0  10.3  10.0   9.6   9.7  -9 -9.0 -9  4  1
202403281300 108  11  2.4  -9 -9.0   -9  998.9 1009.1 -9  -9.0  11.5   7.4  76.0  10.3   -9.0    1.5    1.5   -9.0   -9.0   -9.0   -9.0 61 66 01                      10   7    6 StNs      -9   2   7  1559  0.0  0.51 -9  13.3  10.4  10.1   9.7   9.7  -9 -9.0 -9  4  1
202403281400 108  14  2.3  -9 -9.0   -9  997.6 1007.8 -9  -9.0  11.2   7.6  79.0  10.4   -9.0    1.5    1.5   -9.0   -9.0   -9.0   -9.0 61 66 01                      10   6    7 StNs      -9   2   7  1758  0.0  0.62 -9  12.9  10.6  10.2   9.7   9.7  -9 -9.0 -9  4  1
202403281500 108   7  0.8  -9 -9.0   -9  996.2 1006.4  7  -3.7  11.7   8.1  79.0  10.8    0.0    1.5    1.5   -9.0   -9.0   -9.0   -9.0 21 62 01                      10   5   10 ScAs      -9   2   5  1370  0.0  0.53 -9  13.8  10.8  10.3   9.8   9.7  -9 -9.0 -9  4  1
202403281600 108   9  1.1  -9 -9.0   -9  995.6 1005.8 -9  -9.0  12.0   8.0  77.0  10.7   -9.0    1.5    1.5   -9.0   -9.0   -9.0   -9.0 -9 -9 -                       10   7   10 ScAs      -9   2   5  1546  0.0  0.52 -9  14.1  11.0  10.5   9.9   9.7  -9 -9.0 -9  3  2
202403281700 108  11  1.7  -9 -9.0   -9  994.9 1005.1 -9  -9.0  12.1   7.9  76.0  10.6   -9.0    1.5    1.5   -9.0   -9.0   -9.0   -9.0 -9 -9 -                       10   8   10 ScAs      -9   2   5  1444  0.0  0.45 -9  13.6  11.2  10.7  10.0   9.8  -9 -9.0 -9  3  2
202403281800 108   0  0.3  -9 -9.0   -9  995.0 1005.2  5  -1.2  11.8   7.8  77.0  10.6   -9.0    1.5    1.5   -9.0   -9.0   -9.0   -9.0 -9 -9 -                       10   7   10 ScAs      -9   2   5  1430  0.0  0.07 -9  11.7  11.3  10.8  10.1   9.8  -9 -9.0 -9  3  2
202403281900 108  23  2.7  -9 -9.0   -9  995.3 1005.5 -9  -9.0  11.7   8.1  79.0  10.8   -9.0    1.5    1.5   -9.0   -9.0   -9.0   -9.0 60 62 01                      10   6   10 ScAs      -9   2   5  1120  0.0  0.01 -9  10.8  11.2  10.8  10.1   9.9  -9 -9.0 -9  4  1
202403282000 108  27  2.9  -9 -9.0   -9  995.7 1006.0 -9  -9.0  10.6   8.8  89.0  11.3   -9.0    1.8    1.8   -9.0   -9.0   -9.0   -9.0 61 66 1901                    10   8    5 StNs      -9   2   7   264 -9.0 -9.00 -9  10.2  11.1  10.8  10.2   9.9  -9 -9.0 -9  4  1
202403282100 108  25  2.1  -9 -9.0   -9  995.9 1006.2  2   1.0  10.0   8.4  90.0  11.0    0.4    1.9    1.9   -9.0   -9.0   -9.0   -9.0 21 62 1901                     8   8    6 Sc         0   0   5   479 -9.0 -9.00 -9   9.3  10.9  10.7  10.2  10.0  -9 -9.0 -9  1  1
202403282200 108  27  4.3  -9 -9.0   -9  996.5 1006.8 -9  -9.0   9.6   7.5  87.0  10.4   -9.0    1.9    1.9   -9.0   -9.0   -9.0   -9.0 -9 -9 19                       0   0   -9 -         -9  -9  -9   838 -9.0 -9.00 -9   8.7  10.7  10.5  10.2  10.0  -9 -9.0 -9  3  2
202403282300 108  29  3.5  -9 -9.0   -9  997.1 1007.4 -9  -9.0   8.7   5.9  83.0   9.3   -9.0    1.9    1.9   -9.0   -9.0   -9.0   -9.0 -9 -9 19                       0   0   -9 -         -9  -9  -9   865 -9.0 -9.00 -9   7.4  10.5  10.4  10.2  10.0  -9 -9.0 -9  3  2
202403290000 108  27  2.7  -9 -9.0   -9  997.2 1007.6  2   1.4   7.8   5.5  86.0   9.0   -9.0    1.9    1.9   -9.0   -9.0   -9.0   -9.0  6  0 4219                     0   0   -9 -         -9  -9  -9   720 -9.0 -9.00 -9   6.3  10.2  10.2  10.1  10.0  -9 -9.0 -9  3  1
202403290100 108  27  2.5  -9 -9.0   -9  996.8 1007.2 -9  -9.0   7.1   4.2  82.0   8.2   -9.0   -9.0   -9.0   -9.0   -9.0   -9.0   -9.0  6  0 4219                     0   0   -9 -         -9  -9  -9   614 -9.0 -9.00 -9   5.5   9.9  10.1   9.8   9.9  -9 -9.0 -9  3  1
202403290200 108  20  1.8  -9 -9.0   -9  996.6 1007.0 -9  -9.0   6.4   3.7  83.0   8.0   -9.0   -9.0   -9.0   -9.0   -9.0   -9.0   -9.0  6  0 4219                     0   0   -9 -         -9  -9  -9   598 -9.0 -9.00 -9   4.7   9.6   9.8   9.8   9.9  -9 -9.0 -9  3  1
202403290300 108  23  2.8  -9 -9.0   -9  997.1 1007.6  4   0.0   5.9   3.3  84.0   7.7   -9.0   -9.0   -9.0   -9.0   -9.0   -9.0   -9.0  6  0 4219                     0   0   -9 -         -9  -9  -9   641 -9.0 -9.00 -9   4.4   9.3   9.5   9.7   9.9  -9 -9.0 -9  3  1
202403290400 108  20  2.8  -9 -9.0   -9  996.5 1007.0 -9  -9.0   5.6   2.7  82.0   7.4   -9.0   -9.0   -9.0   -9.0   -9.0   -9.0   -9.0  6  0 4219                     0   0   -9 -         -9  -9  -9   561 -9.0 -9.00 -9   4.2   9.0   9.3   9.6   9.8  -9 -9.0 -9  3  1
202403290500 108  16  2.1  -9 -9.0   -9  995.5 1006.0 -9  -9.0   5.4   2.7  83.0   7.4   -9.0   -9.0   -9.0   -9.0   -9.0   -9.0   -9.0  6 22 4219                     7   7   37 Ac         0   3   0   565 -9.0 -9.00 -9   4.2   8.7   9.0   9.4   9.8  -9 -9.0 -9  3  1
202403290600 108  20  3.1  -9 -9.0   -9  996.0 1006.5  5  -1.1   5.7   3.0  83.0   7.6   -9.0   -9.0   -9.0   -9.0   -9.0   -9.0   -9.0  6 11 4219                     9   4   10 ScAcCi     1   3   5   564 -9.0 -9.00 -9   4.9   8.5   8.8   9.2   9.7  -9 -9.0 -9  3  1
202403290700 108  11  3.0  -9 -9.0   -9  993.7 1004.1 -9  -9.0   5.8   1.8  76.0   7.0   -9.0   -9.0   -9.0   -9.0   -9.0   -9.0   -9.0  6 22 4219                     7   7   10 Sc         0   0   5   595  0.0  0.02 -9   5.1   8.4   8.6   9.1   9.6  -9 -9.0 -9  3  1
202403290800 108   5  2.6  -9 -9.0   -9  993.6 1004.0 -9  -9.0   6.1   1.9  75.0   7.0   -9.0   -9.0   -9.0   -9.0   -9.0   -9.0   -9.0  6 22 4219                     9   3   10 ScCi       2   0   5   562  0.0  0.17 -9   6.8   8.3   8.5   8.9   9.5  -9 -9.0 -9  3  1
202403290900 108  25  2.7  -9 -9.0   -9  995.1 1005.5  5  -1.0   6.9   0.5  64.0   6.3   -9.0   -9.0   -9.0   -9.0   -9.0   -9.0   -9.0  6 11 4219                     9   9   10 Sc         0   0   5   600  0.0  0.40 -9   7.3   8.4   8.5   8.8   9.4  -9 -9.0 -9  3  1
202403291000 108  27  1.6  -9 -9.0   -9  994.9 1005.3 -9  -9.0   6.7   2.9  77.0   7.5   -9.0    0.6    0.6   -9.0   -9.0   -9.0   -9.0 61 62 421901                  10   8    5 StNs      -9   2   7   463  0.0  0.18 -9   6.7   8.4   8.5   8.7   9.3  -9 -9.0 -9  4  1
202403291100 108  14  1.8  -9 -9.0   -9  994.0 1004.4 -9  -9.0   6.8   4.4  85.0   8.4   -9.0    1.2    1.2   -9.0   -9.0   -9.0   -9.0 61 66 421901                  10   9    5 StNs      -9   2   7   658  0.0  0.15 -9   7.4   8.4   8.5   8.7   9.2  -9 -9.0 -9  4  1
202403291200 108  18  1.9  -9 -9.0   -9  993.6 1003.9  7  -1.6   7.4   5.8  90.0   9.2    1.4    1.4    1.4   -9.0   -9.0   -9.0   -9.0 61 66 421901                  10   8    5 StNs      -9   2   7   690  0.0  0.10 -9   7.8   8.4   8.4   8.6   9.1  -9 -9.0 -9  4  1
202403291300 108  23  3.7  -9 -9.0   -9  993.6 1003.9 -9  -9.0   9.4   8.9  97.0  11.4   -9.0    1.4    1.4   -9.0   -9.0   -9.0   -9.0 51 65 42190201                10  10    4 St        -9  -9   7   178  0.0  0.13 -9   9.0   8.5   8.5   8.6   9.1  -9 -9.0 -9  4  1
202403291400 108  25  3.3  -9 -9.0   -9  994.0 1004.3 -9  -9.0   9.8   8.8  94.0  11.3   -9.0    1.4    1.4   -9.0   -9.0   -9.0   -9.0 21 65 42190201                 9   9    7 Sc         0   0   5   227  0.0  0.33 -9  12.2   8.6   8.5   8.5   9.0  -9 -9.0 -9  4  1
202403291500 108  25  3.6  -9 -9.0   -9  994.5 1004.7  2   0.8  10.8   7.6  81.0  10.4    0.0    1.4    1.4   -9.0   -9.0   -9.0   -9.0 10 65 19                       8   8    8 Sc         0   0   5   458  0.2  1.26 -9  14.7   9.0   8.7   8.5   8.9  -9 -9.0 -9  3  1
202403291600 108  25  3.4  -9 -9.0   -9  994.3 1004.5 -9  -9.0  12.0   6.7  70.0   9.8   -9.0    1.4    1.4   -9.0   -9.0   -9.0   -9.0 10  0 19                       2   2   10 Sc         0   0   5   628  0.6  1.66 -9  17.4   9.5   9.0   8.6   8.9  -9 -9.0 -9  3  1
202403291700 108  23  4.5  18 10.0 1655  994.8 1005.0 -9  -9.0  12.1   4.5  60.0   8.4   -9.0    1.4    1.4   -9.0   -9.0   -9.0   -9.0  5  0 4019                     1   1   10 Sc         0   0   5   964  1.0  1.49 -9  13.8   9.9   9.3   8.7   9.0  -9 -9.0 -9  3  1
202403291800 108  25  4.2  18 10.0 1655  995.6 1005.8  3   1.1  11.2   4.4  63.0   8.4   -9.0    1.4    1.4   -9.0   -9.0   -9.0   -9.0  6  0 4240                     2   2   10 Sc         0   0   5   934  0.7  0.63 -9  10.4  10.1   9.5   8.9   9.0  -9 -9.0 -9  3  1
202403291900 108  23  3.8  -9 -9.0   -9  997.1 1007.4 -9  -9.0   9.7   4.6  71.0   8.5   -9.0    1.4    1.4   -9.0   -9.0   -9.0   -9.0  6  0 42                       1   1   10 Sc         0   0   5   844  0.0  0.16 -9   7.7  10.1   9.6   9.1   9.1  -9 -9.0 -9  3  1
202403292000 108  25  3.0  27 10.0 1935  998.9 1009.3 -9  -9.0   8.4   2.4  66.0   7.3   -9.0    1.4    1.4   -9.0   -9.0   -9.0   -9.0  6  0 42                       0   0   -9 -         -9  -9  -9  1360 -9.0 -9.00 -9   5.9   9.8   9.6   9.2   9.1  -9 -9.0 -9  3  1
202403292100 108  25  3.8  18 10.0 1655 1000.5 1010.9  2   5.1   7.6   0.7  62.0   6.4   -9.0    1.4    1.4   -9.0   -9.0   -9.0   -9.0  6  0 42                       0   0   -9 -         -9  -9  -9  1960 -9.0 -9.00 -9   4.5   9.5   9.4   9.2   9.1  -9 -9.0 -9  3  1
202403292200 108  25  2.8  -9 -9.0   -9 1001.8 1012.3 -9  -9.0   6.9  -1.5  55.0   5.5   -9.0    1.4    1.4   -9.0   -9.0   -9.0   -9.0  6  0 42                       0   0   -9 -         -9  -9  -9  2527 -9.0 -9.00 -9   3.5   9.1   9.2   9.1   9.1  -9 -9.0 -9  3  1
202403292300 108  23  1.1  -9 -9.0   -9 1002.4 1012.9 -9  -9.0   5.9  -3.7  50.0   4.6   -9.0    1.4    1.4   -9.0   -9.0   -9.0   -9.0  6  0 42                       0   0   -9 -         -9  -9  -9  3017 -9.0 -9.00 -9   2.5   8.7   8.9   9.0   9.2  -9 -9.0 -9  3  1
202403300000 108  23  1.6  -9 -9.0   -9 1002.5 1013.1  2   2.2   5.1  -2.7  57.0   5.0   -9.0    1.4    1.4   -9.0   -9.0   -9.0   -9.0  6  0 42                       0   0   -9 -         -9  -9  -9  2829 -9.0 -9.00 -9   1.7   8.3   8.6   8.9   9.2  -9 -9.0 -9  3  1
202403300100 108  25  0.9  -9 -9.0   -9 1003.1 1013.6 -9  -9.0   4.7  -2.6  59.0   5.0   -9.0   -9.0   -9.0   -9.0   -9.0   -9.0   -9.0  6  0 42                       0   0   -9 -         -9  -9  -9  2639 -9.0 -9.00 -9   1.3   7.9   8.3   8.8   9.2  -9 -9.0 -9  3  1
202403300200 108  23  1.5  -9 -9.0   -9 1003.2 1013.8 -9  -9.0   5.0   0.9  75.0   6.5   -9.0   -9.0   -9.0   -9.0   -9.0   -9.0   -9.0  6  0 42                       0   0   -9 -         -9  -9  -9  1691 -9.0 -9.00 -9   1.5   7.5   8.0   8.6   9.1  -9 -9.0 -9  3  1
202403300300 108  20  1.7  -9 -9.0   -9 1003.0 1013.6  0   0.5   4.8   1.1  77.0   6.6   -9.0   -9.0   -9.0   -9.0   -9.0   -9.0   -9.0  6  0 42                       0   0   -9 -         -9  -9  -9  1329 -9.0 -9.00 -9   1.6   7.3   7.7   8.4   9.0  -9 -9.0 -9  3  1
202403300400 108   2  1.8  -9 -9.0   -9 1002.7 1013.3 -9  -9.0   4.0   0.6  79.0   6.4   -9.0   -9.0   -9.0   -9.0   -9.0   -9.0   -9.0  6  0 42                       0   0   -9 -         -9  -9  -9  1416 -9.0 -9.00 -9   1.2   7.0   7.5   8.2   8.9  -9 -9.0 -9  3  1
202403300500 108  36  1.8  -9 -9.0   -9 1003.1 1013.7 -9  -9.0   3.6   0.6  81.0   6.4   -9.0   -9.0   -9.0   -9.0   -9.0   -9.0   -9.0  6  0 42                       0   0   -9 -         -9  -9  -9  1532 -9.0 -9.00 -9   0.8   6.8   7.3   8.0   8.8  -9 -9.0 -9  3  1
202403300600 108   5  2.4  -9 -9.0   -9 1002.6 1013.2  8  -0.4   3.0   0.2  82.0   6.2   -9.0   -9.0   -9.0   -9.0   -9.0   -9.0   -9.0  6  0 42                       0   0   -9 -         -9  -9  -9  1569 -9.0 -9.00 -9   0.8   6.6   7.1   7.8   8.6  -9 -9.0 -9  3  1
202403300700 108   5  2.4  -9 -9.0   -9 1002.7 1013.3 -9  -9.0   3.3   0.6  83.0   6.4   -9.0   -9.0   -9.0   -9.0   -9.0   -9.0   -9.0  6 22 42                       7   0   -9 Ci         1   0   0  1398  0.0  0.06 -9   1.7   6.4   6.9   7.6   8.5  -9 -9.0 -9  3  1
202403300800 108   5  2.8  -9 -9.0   -9 1002.9 1013.5 -9  -9.0   4.5   0.6  76.0   6.4   -9.0   -9.0   -9.0   -9.0   -9.0   -9.0   -9.0  6 22 42                       7   0   -9 Ci         1   0   0  1549  0.2  0.34 -9   4.7   6.3   6.7   7.5   8.4  -9 -9.0 -9  3  1
202403300900 108   5  2.8  -9 -9.0   -9 1003.0 1013.5  1   0.3   6.9   0.3  63.0   6.2   -9.0   -9.0   -9.0   -9.0   -9.0   -9.0   -9.0  6  0 42                       8   0   -9 Ci         1   0   0  1707  0.6  1.03 -9  10.2   6.5   6.7   7.3   8.3  -9 -9.0 -9  3  1
202403301000 108   5  2.9  -9 -9.0   -9 1003.3 1013.7 -9  -9.0   7.7  -0.5  56.0   5.9   -9.0   -9.0   -9.0   -9.0   -9.0   -9.0   -9.0  6 22 42                       9   9   40 Ac         0   3   0  2004  0.1  0.74 -9  10.0   6.9   6.8   7.2   8.2  -9 -9.0 -9  3  1
202403301100 108   5  3.4  -9 -9.0   -9 1001.4 1011.7 -9  -9.0   9.2  -1.2  48.0   5.6   -9.0   -9.0   -9.0   -9.0   -9.0   -9.0   -9.0  6 22 42                       8   8   40 Ac         0   3   0  1958  0.2  1.15 -9  14.3   7.3   7.1   7.2   8.1  -9 -9.0 -9  3  1
202403301200 108   5  2.3  -9 -9.0   -9 1000.9 1011.2  8  -2.3  11.5  -0.3  44.0   6.0   -9.0   -9.0   -9.0   -9.0   -9.0   -9.0   -9.0  6 22 42                       8   8   41 Ac         0   3   0  2273  0.6  2.40 -9  20.9   7.9   7.4   7.3   8.0  -9 -9.0 -9  3  1
202403301300 108  18  1.6  -9 -9.0   -9  999.8 1010.0 -9  -9.0  12.7  -0.5  40.0   5.9   -9.0   -9.0   -9.0   -9.0   -9.0   -9.0   -9.0  6 22 42                       8   8   39 Ac         0   3   0  2002  0.4  2.24 -9  19.5   8.8   7.9   7.4   7.9  -9 -9.0 -9  3  1
202403301400 108  25  2.6  -9 -9.0   -9  998.8 1008.9 -9  -9.0  15.1  -0.2  35.0   6.0   -9.0   -9.0   -9.0   -9.0   -9.0   -9.0   -9.0  6 22 42                       7   7   38 Ac         0   3   0  2101  0.8  2.85 -9  23.8   9.8   8.6   7.7   8.0  -9 -9.0 -9  3  1
202403301500 108  25  3.3  -9 -9.0   -9  998.2 1008.3  7  -2.9  15.3  -1.7  31.0   5.4   -9.0   -9.0   -9.0   -9.0   -9.0   -9.0   -9.0  6 22 42                       8   8   40 Ac         0   3   0  1644  0.4  1.86 -9  18.6  10.6   9.3   8.0   8.1  -9 -9.0 -9  3  1
202403301600 108  23  5.1  -9 -9.0   -9  997.9 1008.0 -9  -9.0  14.9   2.7  44.0   7.4   -9.0   -9.0   -9.0   -9.0   -9.0   -9.0   -9.0  6 22 42                       8   8   16 Sc         0   0   5  1188  0.5  1.48 -9  17.6  11.1   9.8   8.4   8.2  -9 -9.0 -9  3  1
202403301700 108  27  3.2  25 10.0 1620  998.2 1008.3 -9  -9.0  14.0   3.1  48.0   7.6   -9.0   -9.0   -9.0   -9.0   -9.0   -9.0   -9.0  6 22 42                       8   8   16 Sc         0   0   5  1226  0.5  1.10 -9  14.9  11.2  10.2   8.8   8.4  -9 -9.0 -9  3  1
202403301800 108  23  3.2  25 10.0 1620  998.3 1008.5  3   0.2  13.1   1.1  44.0   6.6   -9.0   -9.0   -9.0   -9.0   -9.0   -9.0   -9.0  6 11 42                       0   0   -9 -         -9  -9  -9  1516  0.9  0.67 -9  11.1  11.3  10.4   9.1   8.6  -9 -9.0 -9  3  1
202403301900 108  25  3.0  -9 -9.0   -9  999.5 1009.8 -9  -9.0  11.5  -0.3  44.0   6.0   -9.0   -9.0   -9.0   -9.0   -9.0   -9.0   -9.0  6  0 42                       0   0   -9 -         -9  -9  -9  1594  0.2  0.15 -9   8.0  11.1  10.4   9.4   8.8  -9 -9.0 -9  3  1
202403302000 108  27  2.7  -9 -9.0   -9 1001.0 1011.3 -9  -9.0  10.1   1.7  56.0   6.9   -9.0   -9.0   -9.0   -9.0   -9.0   -9.0   -9.0  6  0 42                       2   2   10 Sc         0   0   5  1568 -9.0 -9.00 -9   7.0  10.6  10.3   9.5   9.0  -9 -9.0 -9  3  1
202403302100 108  29  2.2  25 10.0 1620 1002.3 1012.7  2   4.2   9.0   2.0  62.0   7.1   -9.0   -9.0   -9.0   -9.0   -9.0   -9.0   -9.0  6  0 42                       0   0   -9 -         -9  -9  -9  1447 -9.0 -9.00 -9   5.8  10.2  10.0   9.5   9.1  -9 -9.0 -9  3  1
202403302200 108  27  1.9  -9 -9.0   -9 1003.2 1013.6 -9  -9.0   8.1  -1.9  49.0   5.3   -9.0   -9.0   -9.0   -9.0   -9.0   -9.0   -9.0  6  0 42                       0   0   -9 -         -9  -9  -9  2428 -9.0 -9.00 -9   4.6   9.8   9.8   9.5   9.2  -9 -9.0 -9  3  1
202403302300 108  34  2.0  -9 -9.0   -9 1004.0 1014.5 -9  -9.0   7.1  -2.1  52.0   5.2   -9.0   -9.0   -9.0   -9.0   -9.0   -9.0   -9.0 -9 -9 42                       2   2   12 -         -9  -9  -9  2418 -9.0 -9.00 -9   3.5   9.3   9.5   9.4   9.2  -9 -9.0 -9  3  2
202403310000 108  32  2.3  -9 -9.0   -9 1004.3 1014.8  2   2.1   7.0  -3.0  49.0   4.9   -9.0   -9.0   -9.0   -9.0   -9.0   -9.0   -9.0 -9 -9 -                        7   0   -9 Ci         1   0   0  2609 -9.0 -9.00 -9   3.1   8.9   9.1   9.3   9.2  -9 -9.0 -9  3  2
202403310100 108  27  0.8  -9 -9.0   -9 1004.9 1015.4 -9  -9.0   6.2  -3.2  51.0   4.8   -9.0   -9.0   -9.0   -9.0   -9.0   -9.0   -9.0 -9 -9 -                        0   0   -9 -         -9  -9  -9  2672 -9.0 -9.00 -9   2.5   8.6   8.8   9.1   9.2  -9 -9.0 -9  3 -9
202403310200 108  27  0.8  -9 -9.0   -9 1004.8 1015.4 -9  -9.0   5.6  -3.2  53.0   4.8   -9.0   -9.0   -9.0   -9.0   -9.0   -9.0   -9.0 -9 -9 -                        6   6   12 -         -9  -9  -9  2751 -9.0 -9.00 -9   2.2   8.2   8.5   8.9   9.2  -9 -9.0 -9  3 -9
202403310300 108  20  0.5  -9 -9.0   -9 1004.4 1015.0  0   0.2   4.9  -2.9  57.0   4.9   -9.0   -9.0   -9.0   -9.0   -9.0   -9.0   -9.0 -9 -9 -                        0   0   -9 -         -9  -9  -9  2825 -9.0 -9.00 -9   1.3   7.9   8.3   8.7   9.1  -9 -9.0 -9  3  2
202403310400 108  34  1.3  -9 -9.0   -9 1003.6 1014.2 -9  -9.0   4.5  -3.7  55.0   4.6   -9.0   -9.0   -9.0   -9.0   -9.0   -9.0   -9.0 -9 -9 -                        0   0   -9 -         -9  -9  -9  3109 -9.0 -9.00 -9   0.9   7.5   8.0   8.5   9.0  -9 -9.0 -9  3  2
202403310500 108  25  1.1  -9 -9.0   -9 1003.5 1014.1 -9  -9.0   3.7  -3.1  61.0   4.9   -9.0   -9.0   -9.0   -9.0   -9.0   -9.0   -9.0 -9 -9 -                        0   0   -9 -         -9  -9  -9  3044 -9.0 -9.00 -9   0.4   7.2   7.7   8.3   8.9  -9 -9.0 -9  3  2
202403310600 108   2  1.0  -9 -9.0   -9 1003.9 1014.5  5  -0.5   3.5  -3.5  60.0   4.7   -9.0   -9.0   -9.0   -9.0   -9.0   -9.0   -9.0 -9 -9 -                        0   0   -9 -         -9  -9  -9  3004 -9.0 -9.00 -9   0.3   6.9   7.4   8.1   8.8  -9 -9.0 -9  3  2
202403310700 108  36  0.8  -9 -9.0   -9 1005.1 1015.7 -9  -9.0   3.7  -2.9  62.0   4.9   -9.0   -9.0   -9.0   -9.0   -9.0   -9.0   -9.0 -9 -9 -                        1   0   -9 Ci         1   0   0  2766  0.3  0.07 -9   0.8   6.7   7.2   7.9   8.7  -9 -9.0 -9  3  2
202403310800 108   5  2.2  -9 -9.0   -9 1004.7 1015.3 -9  -9.0   5.1  -2.0  60.0   5.3   -9.0   -9.0   -9.0   -9.0   -9.0   -9.0   -9.0 -9 -9 -                        0   0   -9 -         -9  -9  -9  2877  1.0  0.58 -9   5.2   6.5   6.9   7.7   8.5  -9 -9.0 -9  3  2
202403310900 108   7  1.2  -9 -9.0   -9 1005.1 1015.5  0   1.0   7.9  -1.1  53.0   5.6   -9.0   -9.0   -9.0   -9.0   -9.0   -9.0   -9.0 -9 -9 -                        0   0   -9 -         -9  -9  -9  2318  1.0  1.36 -9  12.3   6.7   6.9   7.5   8.4  -9 -9.0 -9  3  2
202403311000 108   5  1.4  -9 -9.0   -9 1004.5 1014.9 -9  -9.0   9.9  -4.5  36.0   4.4   -9.0   -9.0   -9.0   -9.0   -9.0   -9.0   -9.0 -9 -9 -                        0   0   -9 -         -9  -9  -9  2991  1.0  2.10 -9  18.3   7.3   7.1   7.4   8.3  -9 -9.0 -9  3  2
202403311100 108   9  2.0  -9 -9.0   -9 1003.6 1013.9 -9  -9.0  12.3  -6.2  27.0   3.8   -9.0   -9.0   -9.0   -9.0   -9.0   -9.0   -9.0 -9 -9 -                        0   0   -9 -         -9  -9  -9  3410  1.0  2.75 -9  22.1   8.1   7.5   7.3   8.0  -9 -9.0 -9  3  2
202403311200 108   9  1.7  -9 -9.0   -9 1003.0 1013.2  7  -2.3  14.1  -5.1  26.0   4.2   -9.0   -9.0   -9.0   -9.0   -9.0   -9.0   -9.0 -9 -9 -                        0   0   -9 -         -9  -9  -9  3740  1.0  3.14 -9  24.7   9.1   8.0   7.4   8.0  -9 -9.0 -9  3  2
202403311300 108  29  1.2  -9 -9.0   -9 1002.0 1012.1 -9  -9.0  15.4  -5.1  24.0   4.2   -9.0   -9.0   -9.0   -9.0   -9.0   -9.0   -9.0 -9 -9 -                        1   0   -9 Ci         1   0   0  3253  1.0  3.22 -9  26.7  10.1   8.7   7.7   8.0  -9 -9.0 -9  3  2
202403311400 108  27  3.0  -9 -9.0   -9 1000.9 1011.0 -9  -9.0  16.1  -7.5  19.0   3.5   -9.0   -9.0   -9.0   -9.0   -9.0   -9.0   -9.0 -9 -9 -                        3   0   -9 Ci         1   0   0  3673  1.0  3.10 -9  25.1  11.2   9.5   8.1   8.1  -9 -9.0 -9  3  2
202403311500 108  32  4.1  -9 -9.0   -9 1000.0 1010.0  7  -3.2  16.6  -7.8  18.0   3.4   -9.0   -9.0   -9.0   -9.0   -9.0   -9.0   -9.0 -9 -9 -                        2   0   -9 Ci         1   0   0  3985  1.0  2.80 -9  24.3  11.9  10.3   8.6   8.3  -9 -9.0 -9  3  2
202403311600 108  29  2.8  -9 -9.0   -9  999.4 1009.4 -9  -9.0  17.2  -6.6  19.0   3.7   -9.0   -9.0   -9.0   -9.0   -9.0   -9.0   -9.0 -9 -9 -                        9   0   -9 Ci         1   0   0  3899  1.0  1.98 -9  21.2  12.3  10.8   9.0   8.5  -9 -9.0 -9  3  2
202403311700 108   5  3.4  -9 -9.0   -9  999.1 1009.1 -9  -9.0  16.7  -5.7  21.0   4.0   -9.0   -9.0   -9.0   -9.0   -9.0   -9.0   -9.0 -9 -9 -                        9   0   -9 Ci         1   0   0  4301  0.7  1.21 -9  17.3  12.5  11.2   9.4   8.7  -9 -9.0 -9  3  2
202403311800 108   2  3.0  -9 -9.0   -9  999.4 1009.5  5  -0.5  15.4  -5.1  24.0   4.2   -9.0   -9.0   -9.0   -9.0   -9.0   -9.0   -9.0 -9 -9 -                        9   9   31 Ac         0   3   0  4032  0.1  0.42 -9  13.4  12.5  11.4   9.8   9.0  -9 -9.0 -9  3  2
202403311900 108   5  2.4  -9 -9.0   -9  999.8 1009.9 -9  -9.0  14.3  -3.9  28.0   4.6   -9.0   -9.0   -9.0   -9.0   -9.0   -9.0   -9.0 -9 -9 -                        9   9   31 -         -9  -9  -9  4003  0.0  0.06 -9  11.3  12.3  11.5  10.1   9.2  -9 -9.0 -9  3  2
202403312000 108  27  1.5  -9 -9.0   -9 1000.0 1010.2 -9  -9.0  13.4  -3.4  31.0   4.8   -9.0   -9.0   -9.0   -9.0   -9.0   -9.0   -9.0 -9 -9 -                        9   6   12 -         -9  -9  -9  3790 -9.0 -9.00 -9  10.1  11.9  11.4  10.3   9.5  -9 -9.0 -9  3 -9
202403312100 108  29  2.5  -9 -9.0   -9 1000.8 1011.0  2   1.5  13.0  -3.7  31.0   4.6   -9.0   -9.0   -9.0   -9.0   -9.0   -9.0   -9.0 -9 -9 -                        2   2   10 Sc         0   0   5  3890 -9.0 -9.00 -9   8.5  11.6  11.2  10.4   9.6  -9 -9.0 -9  3  2
202403312200 108  29  2.0  -9 -9.0   -9 1001.4 1011.6 -9  -9.0  12.2  -3.2  34.0   4.8   -9.0   -9.0   -9.0   -9.0   -9.0   -9.0   -9.0 -9 -9 -                        3   3   12 -         -9  -9  -9  3595 -9.0 -9.00 -9   7.2  11.3  11.0  10.3   9.7  -9 -9.0 -9  3 -9
202403312300 108  29  4.0  -9 -9.0   -9 1002.0 1012.3 -9  -9.0  10.6  -0.2  47.0   6.0   -9.0   -9.0   -9.0   -9.0   -9.0   -9.0   -9.0 -9 -9 -                        0   0   -9 -         -9  -9  -9  2755 -9.0 -9.00 -9   6.1  10.9  10.8  10.3   9.8  -9 -9.0 -9  3 -9
#7777END
