#START7777
#2345678901234567890123456789012345678901234567890123456789012345678901234567890123456789012345678901234567890123456789012345678901234567890123456789012345678901234567890123456789012345678901234567890123456789012345678901234567890123456789012345678901234
# YYMMDDHHMI STN  WD   WS GST  GST  GST     PA     PS PT    PR    TA    TD    HM    PV     RN     RN     RN     RN     SD     SD     SD WC WP WW                      CA  CA   CH CT        CT  CT  CT    VS   SS    SI ST    TS    TE    TE    TE    TE  ST   WH BF IR IX
#        KST  ID  16  m/s  WD   WS   TM    hPa    hPa  -   hPa     C     C     %   hPa     mm    DAY    JUN    INT    HR3    DAY    TOT -- -- ---------------------- TOT MID  MIN -------- TOP MID LOW                  GD     C     5    10    20    30 SEA    m --  -  -
202505010000 108  14  2.3  -9 -9.0   -9  999.5 1009.5  7  -1.6  17.4   3.9  41.0   8.1   -9.0   -9.0   -9.0   -9.0   -9.0   -9.0   -9.0 -9 -9 -                        3   0   -9 Ci         1   0   0  2127 -9.0 -9.00 -9  12.5  17.1  16.5  16.4  15.3  -9 -9.0 -9  3  2
202505010100 108  20  1.2  -9 -9.0   -9  999.9 1010.0 -9  -9.0  16.9   4.5  44.0   8.4   -9.0   -9.0   -9.0   -9.0   -9.0   -9.0   -9.0 -9 -9 -                        0   0   -9 -         -9  -9  -9  2136 -9.0 -9.00 -9  11.5  16.7  16.0  16.1  15.2  -9 -9.0 -9  3 -9
202505010200 108   2  1.0  -9 -9.0   -9  999.3 1009.4 -9  -9.0  16.1   4.1  45.0   8.2   -9.0   -9.0   -9.0   -9.0   -9.0   -9.0   -9.0 -9 -9 -                        7   3   -9 -         -9  -9  -9  2136 -9.0 -9.00 -9  11.1  16.2  15.9  16.6  15.7  -9 -9.0 -9  3 -9
202505010300 108  18  1.9  -9 -9.0   -9  998.8 1008.9  8  -0.6  16.1   3.1  42.0   7.6   -9.0   -9.0   -9.0   -9.0   -9.0   -9.0   -9.0 -9 -9 -                        1   0   -9 Ci         1   0   0  2304 -9.0 -9.00 -9  10.5  15.8  15.6  16.4  15.7  -9 -9.0 -9  3  2
202505010400 108  18  1.4  -9 -9.0   -9  998.6 1008.7 -9  -9.0  15.9   1.9  39.0   7.0   -9.0   -9.0   -9.0   -9.0   -9.0   -9.0   -9.0 -9 -9 -                        6   6   27 Ac         0   3   0  2943 -9.0 -9.00 -9  11.1  15.4  15.2  16.2  15.7  -9 -9.0 -9  3  2
202505010500 108  14  2.5  -9 -9.0   -9  998.0 1008.1 -9  -9.0  16.7  -0.5  31.0   5.9   -9.0   -9.0   -9.0   -9.0   -9.0   -9.0   -9.0 -9 -9 -                        6   6   27 Ac         0   3   0  3070 -9.0 -9.00 -9  12.0  15.3  15.0  16.0  15.6  -9 -9.0 -9  3  2
202505010600 108  14  2.7  -9 -9.0   -9  997.2 1007.3  7  -1.6  16.6  -2.0  28.0   5.3   -9.0   -9.0   -9.0   -9.0   -9.0   -9.0   -9.0 -9 -9 -                        7   2   15 ScAcCi     1   3   5  3056  0.0  0.00 -9  11.7  15.1  14.8  15.8  15.5  -9 -9.0 -9  3  2
202505010700 108  11  2.5  -9 -9.0   -9  996.5 1006.5 -9  -9.0  16.9  -0.3  31.0   6.0   -9.0   -9.0   -9.0   -9.0   -9.0   -9.0   -9.0 -9 -9 -                        8   5   15 ScCi       1   0   5  2795  0.0  0.20 -9  13.7  15.1  14.7  15.7  15.4  -9 -9.0 -9  3  2
202505010800 108  16  1.0  -9 -9.0   -9  997.2 1007.2 -9  -9.0  17.6   1.5  34.0   6.8   -9.0   -9.0   -9.0   -9.0   -9.0   -9.0   -9.0 -9 -9 -                        9   3   15 ScAs       0   2   5  3329  0.0  0.49 -9  15.9  15.2  14.7  15.4  15.3  -9 -9.0 -9  3  2
202505010900 108  18  2.1  -9 -9.0   -9  997.3 1007.3  4   0.0  17.4   4.3  42.0   8.3   -9.0   -9.0   -9.0   -9.0   -9.0   -9.0   -9.0 -9 -9 -                       10   6   17 ScAs      -9   2   5  3083  0.0  0.11 -9  15.1  15.3  14.8  15.3  15.2  -9 -9.0 -9  3  2
202505011000 108  20  1.8  -9 -9.0   -9  997.1 1007.2 -9  -9.0  16.0   8.4  61.0  11.0    0.6    0.6    0.6   -9.0   -9.0   -9.0   -9.0 95 96 01                      10   9    6 CbStNs    -9   2   9   520  0.0  0.05 -9  13.1  15.1  14.8  15.1  15.0  -9 -9.0 -9  4  1
202505011100 108  11  1.1  -9 -9.0   -9  996.7 1006.8 -9  -9.0  14.3  11.2  82.0  13.3    4.8    5.4    5.4   -9.0   -9.0   -9.0   -9.0 92 96 1901                    10   8    9 StNs      -9   2   7   505  0.0  0.11 -9  13.3  14.9  14.6  15.0  14.8  -9 -9.0 -9  4  1
202505011200 108  11  2.5  -9 -9.0   -9  995.6 1005.7  7  -1.6  14.0  12.3  90.0  14.3    4.9   10.3   10.3   -9.0   -9.0   -9.0   -9.0 63 96 1901                    10   8    7 StNs      -9   2   7   541  0.0  0.11 -9  13.6  14.7  14.4  14.9  14.8  -9 -9.0 -9  4  1
202505011300 108   9  1.5  -9 -9.0   -9  995.5 1005.6 -9  -9.0  13.7  11.9  89.0  13.9    4.8   15.1   15.1   -9.0   -9.0   -9.0   -9.0 63 66 1901                    10   9    4 StNs      -9   2   7   289  0.0  0.18 -9  13.4  14.6  14.2  14.8  14.7  -9 -9.0 -9  4  1
202505011400 108   7  1.2  -9 -9.0   -9  995.2 1005.3 -9  -9.0  14.0  12.5  91.0  14.5    5.9   21.0   21.0   -9.0   -9.0   -9.0   -9.0 63 66 1901                    10   8    5 StNs      -9   2   7   749  0.0  0.24 -9  14.7  14.4  14.0  14.7  14.6  -9 -9.0 -9  4  1
202505011500 108  18  1.6  -9 -9.0   -9  994.2 1004.3  7  -1.4  14.4  13.1  92.0  15.1    0.1   21.1   21.1   -9.0   -9.0   -9.0   -9.0 61 96 1901                    10   8    3 StNs      -9   2   7   498  0.0  0.18 -9  15.0  14.5  14.1  14.6  14.6  -9 -9.0 -9  4  1
202505011600 108  20  3.0  -9 -9.0   -9  994.1 1004.2 -9  -9.0  14.4  12.9  91.0  14.9    0.0   21.1   21.1   -9.0   -9.0   -9.0   -9.0 51 65 190201                  10  10    2 St        -9  -9   7   561  0.0  0.16 -9  14.6  14.6  14.2  14.5  14.5  -9 -9.0 -9  4  1
202505011700 108  23  2.1  -9 -9.0   -9  994.1 1004.2 -9  -9.0  14.4  12.9  91.0  14.9    0.0   21.1   21.1   -9.0   -9.0   -9.0   -9.0 20 52 1902                    10  10    2 St        -9  -9   6   404  0.0  0.10 -9  14.3  14.7  14.3  14.4  14.4  -9 -9.0 -9  4  1
202505011800 108  25  2.7  -9 -9.0   -9  993.9 1004.0  7  -0.3  14.4  12.7  90.0  14.7   -9.0   21.1   21.1   -9.0   -9.0   -9.0   -9.0 10 65 19                      10  10    3 St        -9  -9   6   409  0.0  0.11 -9  14.5  14.7  14.3  14.4  14.4  -9 -9.0 -9  3  1
202505011900 108  25  2.6  -9 -9.0   -9  994.1 1004.2 -9  -9.0  14.1  12.3  89.0  14.3   -9.0   21.1   21.1   -9.0   -9.0   -9.0   -9.0 -9 -9 19                       7   7    2 -         -9  -9  -9   336  0.0  0.09 -9  13.8  14.7  14.3  14.4  14.3  -9 -9.0 -9  3  2
202505012000 108  23  2.2  -9 -9.0   -9  994.7 1004.8 -9  -9.0  13.6  11.4  87.0  13.5   -9.0   21.1   21.1   -9.0   -9.0   -9.0   -9.0 -9 -9 19                       4   4    2 -         -9  -9  -9   472  0.0  0.02 -9  13.1  14.6  14.3  14.3  14.3  -9 -9.0 -9  3  2
202505012100 108  20  2.7  -9 -9.0   -9  995.8 1006.0  2   2.0  13.2  11.4  89.0  13.5   -9.0   21.1   21.1   -9.0   -9.0   -9.0   -9.0 10 65 19                      10  10    2 St        -9  -9   6   365 -9.0 -9.00 -9  12.7  14.5  14.2  14.3  14.3  -9 -9.0 -9  3  1
202505012200 108  23  2.9  -9 -9.0   -9  996.0 1006.2 -9  -9.0  12.8  10.6  87.0  12.8   -9.0   21.1   21.1   -9.0   -9.0   -9.0   -9.0 -9 -9 19                       2   2    2 -         -9  -9  -9   570 -9.0 -9.00 -9  12.2  14.3  14.0  14.3  14.2  -9 -9.0 -9  3  2
202505012300 108  23  2.9  -9 -9.0   -9  996.6 1006.8 -9  -9.0  11.9   9.7  87.0  12.0   -9.0   21.1   21.1   -9.0   -9.0   -9.0   -9.0 -9 -9 19                       1   1    8 -         -9  -9  -9   574 -9.0 -9.00 -9  10.1  14.1  14.0  14.4  14.4  -9 -9.0 -9  3  2
202505020000 108  23  2.0  -9 -9.0   -9  996.9 1007.1  2   1.1  11.3   8.6  84.0  11.2   -9.0   21.1   21.1   -9.0   -9.0   -9.0   -9.0 10  0 19                       0   0   -9 -         -9  -9  -9   779 -9.0 -9.00 -9   9.0  13.7  13.5  14.1  14.0  -9 -9.0 -9  3  1
202505020100 108  25  2.6  -9 -9.0   -9  997.1 1007.4 -9  -9.0  10.4   6.5  77.0   9.7   -9.0   -9.0   -9.0   -9.0   -9.0   -9.0   -9.0 -9 -9 19                       0   0   -9 -         -9  -9  -9  1573 -9.0 -9.00 -9   8.0  13.2  13.3  14.2  14.2  -9 -9.0 -9  3  2
202505020200 108  25  2.5  -9 -9.0   -9  997.2 1007.5 -9  -9.0   9.8   5.5  75.0   9.0   -9.0   -9.0   -9.0   -9.0   -9.0   -9.0   -9.0 -9 -9 -                        0   0   -9 -         -9  -9  -9  2087 -9.0 -9.00 -9   7.3  12.8  12.9  14.1  14.2  -9 -9.0 -9  3 -9
202505020300 108  25  2.8  -9 -9.0   -9  997.5 1007.8  2   0.7   9.5   5.4  76.0   9.0   -9.0   -9.0   -9.0   -9.0   -9.0   -9.0   -9.0 -9 -9 -                        0   0   -9 -         -9  -9  -9  2018 -9.0 -9.00 -9   6.9  12.3  12.6  14.1  14.3  -9 -9.0 -9  3  2
202505020400 108  25  3.5  -9 -9.0   -9  997.7 1008.0 -9  -9.0   9.2   5.3  77.0   8.9   -9.0   -9.0   -9.0   -9.0   -9.0   -9.0   -9.0 -9 -9 -                        0   0   -9 -         -9  -9  -9  2934 -9.0 -9.00 -9   6.6  11.9  12.3  14.0  14.2  -9 -9.0 -9  3  2
202505020500 108  25  2.9  -9 -9.0   -9  997.7 1008.1 -9  -9.0   8.8   5.1  78.0   8.8   -9.0   -9.0   -9.0   -9.0   -9.0   -9.0   -9.0 -9 -9 -                        0   0   -9 -         -9  -9  -9  3012 -9.0 -9.00 -9   6.3  11.6  12.0  13.8  14.2  -9 -9.0 -9  3  2
202505020600 108  27  1.9  -9 -9.0   -9  998.1 1008.5  2   0.7   8.2   5.3  82.0   8.9   -9.0   -9.0   -9.0   -9.0   -9.0   -9.0   -9.0 -9 -9 -                        0   0   -9 -         -9  -9  -9  2727  0.1  0.02 -9   6.2  11.3  11.8  13.7  14.1  -9 -9.0 -9  3  2
202505020700 108  27  2.1  -9 -9.0   -9  998.6 1009.0 -9  -9.0   8.5   5.7  83.0   9.2   -9.0   -9.0   -9.0   -9.0   -9.0   -9.0   -9.0 -9 -9 -                        0   0   -9 -         -9  -9  -9  2558  0.8  0.37 -9   8.4  11.1  11.5  13.5  14.0  -9 -9.0 -9  3  2
202505020800 108  29  3.5  -9 -9.0   -9  998.9 1009.2 -9  -9.0   9.9   5.6  75.0   9.1   -9.0   -9.0   -9.0   -9.0   -9.0   -9.0   -9.0 -9 -9 -                        1   1   10 Sc         0   0   5  2933  0.9  0.99 -9  13.6  11.5  11.3  12.7  13.4  -9 -9.0 -9  3  2
202505020900 108  29  2.6  -9 -9.0   -9  999.9 1010.2  2   1.7  11.6   5.8  68.0   9.2   -9.0   -9.0   -9.0   -9.0   -9.0   -9.0   -9.0 -9 -9 -                        2   2   12 Sc         0   0   5  2589  1.0  1.88 -9  20.2  11.5  11.3  12.1  13.1  -9 -9.0 -9  3  2
202505021000 108  29  3.3  -9 -9.0   -9 1000.1 1010.3 -9  -9.0  13.3   5.1  58.0   8.8   -9.0   -9.0   -9.0   -9.0   -9.0   -9.0   -9.0 -9 -9 -                        2   0   -9 Ci         1   0   0  2890  1.0  2.61 -9  24.1  12.2  12.2  12.9  13.5  -9 -9.0 -9  3  2
202505021100 108  29  3.5  -9 -9.0   -9 1000.2 1010.4 -9  -9.0  14.8   3.8  48.0   8.0   -9.0   -9.0   -9.0   -9.0   -9.0   -9.0   -9.0 -9 -9 -                        5   0   -9 Ci         1   0   0  3172  1.0  3.13 -9  26.0  13.5  12.9  12.4  13.0  -9 -9.0 -9  3  2
202505021200 108  27  2.8  -9 -9.0   -9  999.8 1009.9  8  -0.3  16.5   5.7  49.0   9.2   -9.0   -9.0   -9.0   -9.0   -9.0   -9.0   -9.0 -9 -9 -                        8   0   -9 Ci         1   0   0  2607  1.0  3.22 -9  27.2  14.7  14.0  12.6  13.0  -9 -9.0 -9  3  2
202505021300 108  29  4.9  -9 -9.0   -9  999.7 1009.8 -9  -9.0  17.0   3.2  40.0   7.7   -9.0   -9.0   -9.0   -9.0   -9.0   -9.0   -9.0 -9 -9 -                        7   0   -9 Ci         1   0   0  2668  1.0  3.36 -9  27.9  15.9  15.1  12.6  12.8  -9 -9.0 -9  3  2
202505021400 108  29  4.2  27 10.0 1319  999.4 1009.4 -9  -9.0  17.6   1.9  35.0   7.0   -9.0   -9.0   -9.0   -9.0   -9.0   -9.0   -9.0 -9 -9 -                        8   0   -9 Ci         2   0   0  3325  0.9  3.07 -9  24.2  16.8  15.9  12.9  12.8  -9 -9.0 -9  3  2
202505021500 108  25  3.4  27 10.0 1319  999.2 1009.2  7  -0.7  18.2   6.3  46.0   9.5   -9.0   -9.0   -9.0   -9.0   -9.0   -9.0   -9.0 -9 -9 -                        7   0   -9 Ci         2   0   0  3028  0.3  2.01 -9  27.9  16.7  16.1  13.0  12.6  -9 -9.0 -9  3  2
202505021600 108  25  4.8  23 12.0 1545  999.5 1009.6 -9  -9.0  17.2   4.8  44.0   8.6   -9.0   -9.0   -9.0   -9.0   -9.0   -9.0   -9.0 -9 -9 -                        7   7   45 Ac         0   3   0  3050  0.6  2.04 -9  21.6  17.3  16.7  13.7  13.1  -9 -9.0 -9  3  2
202505021700 108  27  2.8  -9 -9.0   -9  999.0 1009.1 -9  -9.0  16.9   4.2  43.0   8.2   -9.0   -9.0   -9.0   -9.0   -9.0   -9.0   -9.0 -9 -9 -                        7   7   35 Ac         0   3   0  3067  0.2  1.10 -9  19.4  17.2  16.6  13.9  13.1  -9 -9.0 -9  3  2
202505021800 108  25  2.6  23 12.0 1545  999.0 1009.1  6  -0.1  16.2   3.2  42.0   7.7   -9.0   -9.0   -9.0   -9.0   -9.0   -9.0   -9.0 -9 -9 -                        8   8   34 Ac         0   3   0  3390  0.3  0.70 -9  15.9  16.9  16.4  14.1  13.2  -9 -9.0 -9  3  2
202505021900 108  27  2.7  -9 -9.0   -9  999.0 1009.1 -9  -9.0  15.2   3.6  46.0   7.9   -9.0   -9.0   -9.0   -9.0   -9.0   -9.0   -9.0 -9 -9 -                        9   9   30 -         -9  -9  -9  3128  0.0  0.16 -9  13.7  16.4  16.1  14.5  13.6  -9 -9.0 -9  3 -9
202505022000 108  29  2.4  -9 -9.0   -9  999.6 1009.8 -9  -9.0  14.4   3.8  49.0   8.0   -9.0   -9.0   -9.0   -9.0   -9.0   -9.0   -9.0 -9 -9 -                       10  10   23 -         -9  -9  -9  3442  0.0  0.01 -9  12.5  15.9  15.9  15.1  14.2  -9 -9.0 -9  3 -9
202505022100 108  23  0.6  23 12.0 1545  999.1 1009.3  0   0.2  13.8   3.8  51.0   8.0   -9.0   -9.0   -9.0   -9.0   -9.0   -9.0   -9.0 -9 -9 -                       10  10   30 As        -9   2   0  3375 -9.0 -9.00 -9  12.2  15.4  15.4  15.1  14.3  -9 -9.0 -9  3  2
202505022200 108  25  2.7  -9 -9.0   -9  999.6 1009.8 -9  -9.0  13.7   3.7  51.0   8.0    0.0    0.0    0.0   -9.0   -9.0   -9.0   -9.0 60 62 01                      10  10   34 As        -9   2   0  3181 -9.0 -9.00 -9  11.9  15.0  15.0  15.1  14.4  -9 -9.0 -9  4  1
202505022300 108  23  3.0  -9 -9.0   -9  999.6 1009.8 -9  -9.0  13.5   4.0  53.0   8.1    0.0    0.0    0.0   -9.0   -9.0   -9.0   -9.0 21 62 01                      10  10   31 As        -9   2   0  2740 -9.0 -9.00 -9  11.5  14.7  14.7  15.1  14.5  -9 -9.0 -9  4  1
202505030000 108  25  2.7  -9 -9.0   -9  999.6 1009.8  1   0.5  12.9   5.3  60.0   8.9   -9.0    0.0    0.0   -9.0   -9.0   -9.0   -9.0 -9 62 -                       10  10   28 As        -9   2   0  2857 -9.0 -9.00 -9  11.3  14.4  14.5  15.0  14.5  -9 -9.0 -9  3  1
202505030100 108  29  1.7  -9 -9.0   -9  998.8 1009.0 -9  -9.0  12.6   2.1  49.0   7.1    0.0    0.0    0.0   -9.0   -9.0   -9.0   -9.0 60 62 01                      10   1   19 ScAs      -9   2   5  3457 -9.0 -9.00 -9  11.0  14.1  14.1  14.6  14.3  -9 -9.0 -9  4  1
202505030200 108  27  2.0  -9 -9.0   -9  998.8 1009.0 -9  -9.0  12.5   2.3  50.0   7.2    0.0    0.0    0.0   -9.0   -9.0   -9.0   -9.0 60 66 01                      10   4   19 ScAs      -9   2   5  3036 -9.0 -9.00 -9  10.9  13.9  14.0  14.8  14.5  -9 -9.0 -9  4  1
202505030300 108  25  1.9  -9 -9.0   -9  999.1 1009.4  5  -0.4  11.5   5.1  65.0   8.8    0.2    0.2    0.2   -9.0   -9.0   -9.0   -9.0 60 66 01                      10   6   17 ScAs      -9   2   5  1704 -9.0 -9.00 -9  10.5  13.6  13.8  14.7  14.5  -9 -9.0 -9  4  1
202505030400 108  29  1.4  -9 -9.0   -9  999.4 1009.7 -9  -9.0  10.7   6.6  76.0   9.7    0.4    0.6    0.6   -9.0   -9.0   -9.0   -9.0 61 66 01                      10   6    9 StNs      -9   2   7  1678 -9.0 -9.00 -9  10.2  13.3  13.5  14.6  14.5  -9 -9.0 -9  4  1
202505030500 108  25  1.0  -9 -9.0   -9  999.3 1009.6 -9  -9.0  10.0   7.4  84.0  10.3    2.1    2.7    2.7   -9.0   -9.0   -9.0   -9.0 61 66 1901                    10   7    6 StNs      -9   2   7   763 -9.0 -9.00 -9  10.0  13.0  13.3  14.5  14.5  -9 -9.0 -9  4  1
202505030600 108  32  1.5  -9 -9.0   -9  998.9 1009.2  8  -0.2   9.8   7.5  86.0  10.4    1.5    4.2    4.2   -9.0   -9.0   -9.0   -9.0 61 66 1901                    10   7    5 StNs      -9   2   7   994  0.0  0.00 -9   9.9  12.8  13.0  14.4  14.4  -9 -9.0 -9  4  1
202505030700 108  36  1.3  -9 -9.0   -9  998.9 1009.2 -9  -9.0   9.6   7.7  88.0  10.5    1.7    5.9    5.9   -9.0   -9.0   -9.0   -9.0 61 66 1901                    10   7    5 StNs      -9   2   7   993  0.0  0.03 -9  10.1  12.5  12.8  14.2  14.4  -9 -9.0 -9  4  1
202505030800 108   7  1.8  -9 -9.0   -9  997.3 1007.6 -9  -9.0   9.9   8.1  89.0  10.8    1.0    6.9    6.9   -9.0   -9.0   -9.0   -9.0 61 66 1901                    10   7    4 StNs      -9   2   7  1022  0.0  0.12 -9  11.0  12.4  12.6  14.1  14.3  -9 -9.0 -9  4  1
202505030900 108   2  1.9  -9 -9.0   -9  997.2 1007.5  7  -1.7  10.3   8.5  89.0  11.1    0.1    7.0    7.0   -9.0   -9.0   -9.0   -9.0 61 66 1901                    10   6    4 StNs      -9   2   7   639  0.0  0.20 -9  11.5  12.4  12.6  14.0  14.2  -9 -9.0 -9  1  1
202505031000 108  25  0.9  -9 -9.0   -9  997.5 1007.8 -9  -9.0  10.6   8.5  87.0  11.1    0.1    7.1    7.1   -9.0   -9.0   -9.0   -9.0 61 66 1901                    10   8    4 StNs      -9   2   7   882  0.0  0.23 -9  11.9  12.5  12.7  13.8  14.2  -9 -9.0 -9  4  1
202505031100 108  29  2.0  -9 -9.0   -9  997.5 1007.8 -9  -9.0  10.8   9.2  90.0  11.6    0.2    7.3    7.3   -9.0   -9.0   -9.0   -9.0 61 66 1901                    10   8    4 StNs      -9   2   7   812  0.0  0.29 -9  13.1  12.6  12.8  13.8  14.1  -9 -9.0 -9  4  1
202505031200 108  27  2.7  -9 -9.0   -9  997.0 1007.2  8  -0.3  11.5   9.7  89.0  12.0    0.0    7.3    7.3   -9.0   -9.0   -9.0   -9.0 21 62 1901                    10   9    6 ScAs      -9   2   5   869  0.0  0.74 -9  17.7  12.6  12.7  13.4  13.7  -9 -9.0 -9  4  1
202505031300 108  27  3.7  -9 -9.0   -9  996.8 1007.0 -9  -9.0  11.8   8.9  83.0  11.4   -9.0    7.3    7.3   -9.0   -9.0   -9.0   -9.0 -9 -9 19                       8   5    6 ScAc       0   3   5  2315  0.0  1.03 -9  18.2  13.0  12.8  12.9  13.2  -9 -9.0 -9  3  2
202505031400 108  27  3.2  -9 -9.0   -9  996.2 1006.4 -9  -9.0  13.6   8.2  70.0  10.9   -9.0    7.3    7.3   -9.0   -9.0   -9.0   -9.0 -9 -9 -                        9   9    8 Sc         0   0   5  3088  0.5  2.53 -9  20.4  13.8  13.7  13.5  13.7  -9 -9.0 -9  3  2
202505031500 108  32  3.4  -9 -9.0   -9  996.1 1006.3  7  -0.9  12.8   7.8  72.0  10.6   -9.0    7.3    7.3   -9.0   -9.0   -9.0   -9.0 -9 62 -                        9   9    6 Sc         0   0   5  3170  0.0  0.67 -9  14.9  14.4  14.2  13.5  13.7  -9 -9.0 -9  3  1
202505031600 108  25  4.6  -9 -9.0   -9  996.0 1006.2 -9  -9.0  12.8   8.2  74.0  10.9   -9.0    7.3    7.3   -9.0   -9.0   -9.0   -9.0 -9 -9 -                        9   9    6 Sc         0   0   5  2610  0.0  0.51 -9  14.7  14.3  14.2  13.7  13.7  -9 -9.0 -9  3  2
202505031700 108  25  2.9  -9 -9.0   -9  996.3 1006.5 -9  -9.0  12.8   9.2  79.0  11.6   -9.0    7.3    7.3   -9.0   -9.0   -9.0   -9.0 -9 -9 -                        8   8    6 Sc         0   0   5  2448  0.0  0.33 -9  15.0  14.1  14.1  13.8  13.7  -9 -9.0 -9  3  2
202505031800 108  25  3.2  -9 -9.0   -9  996.2 1006.4  0   0.1  13.0   8.8  76.0  11.3   -9.0    7.3    7.3   -9.0   -9.0   -9.0   -9.0 -9 -9 -                        5   5    7 Sc         0   0   5  2369  0.1  0.52 -9  13.7  14.2  14.1  13.9  13.7  -9 -9.0 -9  3  2
202505031900 108  23  3.2  -9 -9.0   -9  996.8 1007.0 -9  -9.0  12.7   8.1  74.0  10.8   -9.0    7.3    7.3   -9.0   -9.0   -9.0   -9.0 -9 -9 -                        1   1    6 -         -9  -9  -9  1962  0.6  0.37 -9  12.0  14.2  14.1  13.9  13.8  -9 -9.0 -9  3 -9
202505032000 108  27  2.9  -9 -9.0   -9  997.8 1008.1 -9  -9.0  11.6   8.0  79.0  10.7   -9.0    7.3    7.3   -9.0   -9.0   -9.0   -9.0 -9 -9 -                        2   2    5 -         -9  -9  -9  1621  0.0  0.03 -9  10.8  13.9  13.9  14.0  13.8  -9 -9.0 -9  3 -9
202505032100 108  27  2.3  -9 -9.0   -9  998.6 1008.9  2   2.5  10.9   7.7  81.0  10.5   -9.0    7.3    7.3   -9.0   -9.0   -9.0   -9.0 -9 -9 -                        1   1    5 Sc         0   0   5  1233 -9.0 -9.00 -9   9.7  13.5  13.4  13.6  13.5  -9 -9.0 -9  3  2
202505032200 108  23  1.6  -9 -9.0   -9  998.8 1009.1 -9  -9.0  10.3   7.5  83.0  10.4   -9.0    7.3    7.3   -9.0   -9.0   -9.0   -9.0 -9 -9 -                        0   0   -9 -         -9  -9  -9  1087 -9.0 -9.00 -9   8.6  13.1  13.2  13.8  13.7  -9 -9.0 -9  3 -9
202505032300 108  23  2.6  -9 -9.0   -9  999.2 1009.5 -9  -9.0   9.9   7.6  86.0  10.4   -9.0    7.3    7.3   -9.0   -9.0   -9.0   -9.0 -9 -9 -                        0   0   -9 -         -9  -9  -9  1100 -9.0 -9.00 -9   8.1  12.7  12.9  13.9  13.9  -9 -9.0 -9  3 -9
202505040000 108  27  2.3  -9 -9.0   -9  999.7 1010.0  2   1.1   9.6   7.3  86.0  10.2   -9.0    7.3    7.3   -9.0   -9.0   -9.0   -9.0 -9 -9 -                        0   0   -9 -         -9  -9  -9  1177 -9.0 -9.00 -9   7.7  12.3  12.6  13.8  13.9  -9 -9.0 -9  3  2
202505040100 108  27  1.3  -9 -9.0   -9  999.7 1010.1 -9  -9.0   9.2   7.3  88.0  10.2   -9.0   -9.0   -9.0   -9.0   -9.0   -9.0   -9.0 -9 -9 -                        0   0   -9 -         -9  -9  -9  1001 -9.0 -9.00 -9   7.1  12.1  12.3  13.7  13.9  -9 -9.0 -9  3  2
202505040200 108  25  1.9  -9 -9.0   -9  999.5 1009.9 -9  -9.0   8.9   7.3  90.0  10.2   -9.0   -9.0   -9.0   -9.0   -9.0   -9.0   -9.0 -9 -9 -                        0   0   -9 -         -9  -9  -9  1185 -9.0 -9.00 -9   6.8  11.7  12.0  13.6  13.8  -9 -9.0 -9  3 -9
202505040300 108  27  1.9  -9 -9.0   -9  999.9 1010.3  3   0.3   8.8   6.9  88.0   9.9   -9.0   -9.0   -9.0   -9.0   -9.0   -9.0   -9.0 -9 -9 -                        0   0   -9 -         -9  -9  -9  1543 -9.0 -9.00 -9   6.7  11.5  11.7  13.5  13.8  -9 -9.0 -9  3  2
202505040400 108  29  0.7  -9 -9.0   -9 1000.0 1010.4 -9  -9.0   8.4   6.5  88.0   9.7   -9.0   -9.0   -9.0   -9.0   -9.0   -9.0   -9.0 -9 -9 -                        0   0   -9 -         -9  -9  -9  1309 -9.0 -9.00 -9   6.1  11.2  11.5  13.3  13.7  -9 -9.0 -9  3  2
202505040500 108  25  1.7  -9 -9.0   -9 1000.5 1010.9 -9  -9.0   8.4   7.1  92.0  10.1   -9.0   -9.0   -9.0   -9.0   -9.0   -9.0   -9.0 -9 -9 -                        0   0   -9 -         -9  -9  -9  1475 -9.0 -9.00 -9   6.0  10.9  11.2  13.2  13.7  -9 -9.0 -9  3  2
202505040600 108  25  1.4  -9 -9.0   -9 1000.6 1011.0  2   0.7   8.3   6.9  91.0   9.9   -9.0   -9.0   -9.0   -9.0   -9.0   -9.0   -9.0 -9 -9 -                        0   0   -9 -         -9  -9  -9  1251  0.0  0.01 -9   6.1  10.7  11.0  13.0  13.6  -9 -9.0 -9  3  2
202505040700 108  23  0.7  -9 -9.0   -9 1001.1 1011.5 -9  -9.0   8.7   7.3  91.0  10.2   -9.0   -9.0   -9.0   -9.0   -9.0   -9.0   -9.0 -9 -9 -                        1   0   -9 Ci         1   0   0  1378  0.9  0.40 -9   8.5  10.5  10.8  12.9  13.5  -9 -9.0 -9  3  2
202505040800 108  18  2.5  -9 -9.0   -9 1001.2 1011.5 -9  -9.0  10.6   8.0  84.0  10.7   -9.0   -9.0   -9.0   -9.0   -9.0   -9.0   -9.0 -9 -9 -                        5   0   -9 Ci         1   0   0  2132  1.0  1.10 -9  15.1  11.0  10.7  12.3  13.0  -9 -9.0 -9  3  2
202505040900 108  18  2.2  -9 -9.0   -9 1001.2 1011.4  0   0.4  12.7   7.9  73.0  10.6   -9.0   -9.0   -9.0   -9.0   -9.0   -9.0   -9.0 -9 -9 -                        4   0   -9 Ci         1   0   0  2082  1.0  1.82 -9  20.5  12.1  11.2  12.1  12.7  -9 -9.0 -9  3  2
202505041000 108  20  2.7  -9 -9.0   -9 1001.4 1011.6 -9  -9.0  14.4   7.8  65.0  10.6   -9.0   -9.0   -9.0   -9.0   -9.0   -9.0   -9.0 -9 -9 -                        4   0   -9 Ci         1   0   0  2445  1.0  2.48 -9  24.6  12.7  12.1  12.0  12.6  -9 -9.0 -9  3  2
202505041100 108  20  3.6  -9 -9.0   -9 1000.9 1011.0 -9  -9.0  16.4   7.5  56.0  10.4   -9.0   -9.0   -9.0   -9.0   -9.0   -9.0   -9.0 -9 -9 -                        6   0   -9 Ci         1   0   0  1869  1.0  3.06 -9  27.4  13.8  13.2  12.1  12.5  -9 -9.0 -9  3  2
202505041200 108  25  5.4  25 10.0 1151 1000.5 1010.5  8  -0.9  17.9   3.3  38.0   7.7   -9.0   -9.0   -9.0   -9.0   -9.0   -9.0   -9.0 -9 -9 -                        5   0   -9 Ci         1   0   0  2605  1.0  3.21 -9  27.9  15.2  14.5  12.1  12.4  -9 -9.0 -9  3  2
202505041300 108  25  6.6  27 14.0 1252 1000.4 1010.4 -9  -9.0  18.9   1.3  31.0   6.7   -9.0   -9.0   -9.0   -9.0   -9.0   -9.0   -9.0 -9 -9 -                        0   0   -9 -         -9  -9  -9  3125  1.0  3.57 -9  30.7  16.4  15.6  12.3  12.3  -9 -9.0 -9  3  2
202505041400 108  27  5.6  27 13.0 1338 1000.1 1010.1 -9  -9.0  19.7  -1.4  24.0   5.5   -9.0   -9.0   -9.0   -9.0   -9.0   -9.0   -9.0 -9 -9 -                        0   0   -9 -         -9  -9  -9  3169  1.0  3.58 -9  31.7  17.3  16.5  12.6  12.3  -9 -9.0 -9  3  2
202505041500 108  25  5.7  27 14.0 1252 1000.0 1010.0  7  -0.5  19.7   1.1  29.0   6.6   -9.0   -9.0   -9.0   -9.0   -9.0   -9.0   -9.0 -9 -9 -                        0   0   -9 -         -9  -9  -9  2899  1.0  3.23 -9  30.8  17.7  17.0  13.0  12.4  -9 -9.0 -9  3  2
202505041600 108  25  5.3  27 13.0 1542 1000.2 1010.2 -9  -9.0  18.8   1.7  32.0   6.9   -9.0   -9.0   -9.0   -9.0   -9.0   -9.0   -9.0 -9 -9 -                        0   0   -9 -         -9  -9  -9  3397  1.0  2.67 -9  28.3  17.8  17.3  13.5  12.7  -9 -9.0 -9  3  2
202505041700 108  25  3.6  20 10.0 1612 1000.2 1010.2 -9  -9.0  18.7   2.9  35.0   7.5   -9.0   -9.0   -9.0   -9.0   -9.0   -9.0   -9.0 -9 -9 -                        0   0   -9 -         -9  -9  -9  2668  1.0  1.95 -9  24.2  17.7  17.3  14.1  13.1  -9 -9.0 -9  3  2
202505041800 108  25  4.4  27 13.0 1542  999.9 1009.9  8  -0.1  18.0   3.4  38.0   7.8   -9.0   -9.0   -9.0   -9.0   -9.0   -9.0   -9.0 -9 -9 -                        0   0   -9 -         -9  -9  -9  2399  1.0  1.15 -9  17.8  17.3  17.0  14.3  13.1  -9 -9.0 -9  3  2
202505041900 108  27  4.0  25 11.0 1822 1000.5 1010.6 -9  -9.0  16.0   3.0  42.0   7.6   -9.0   -9.0   -9.0   -9.0   -9.0   -9.0   -9.0 -9 -9 -                        0   0   -9 -         -9  -9  -9  2084  0.9  0.38 -9  14.3  16.6  16.6  14.6  13.4  -9 -9.0 -9  3 -9
202505042000 108  29  2.2  -9 -9.0   -9 1001.8 1012.0 -9  -9.0  14.4   4.6  52.0   8.5   -9.0   -9.0   -9.0   -9.0   -9.0   -9.0   -9.0 -9 -9 -                        0   0   -9 -         -9  -9  -9  2092  0.0  0.02 -9  12.1  16.1  15.9  14.6  13.4  -9 -9.0 -9  3 -9
202505042100 108  27  1.4  27 13.0 1542 1002.7 1012.9  2   3.0  13.2   5.5  60.0   9.0   -9.0   -9.0   -9.0   -9.0   -9.0   -9.0   -9.0 -9 -9 -                        0   0   -9 -         -9  -9  -9  2213 -9.0 -9.00 -9  10.8  15.4  15.3  14.7  13.6  -9 -9.0 -9  3  2
202505042200 108  27  1.7  -9 -9.0   -9 1003.0 1013.3 -9  -9.0  12.4   5.7  64.0   9.2   -9.0   -9.0   -9.0   -9.0   -9.0   -9.0   -9.0 -9 -9 -                        0   0   -9 -         -9  -9  -9  2110 -9.0 -9.00 -9   9.8  14.8  14.7  14.6  13.7  -9 -9.0 -9  3 -9
202505042300 108  20  1.7  -9 -9.0   -9 1003.5 1013.8 -9  -9.0  12.0   6.0  67.0   9.3   -9.0   -9.0   -9.0   -9.0   -9.0   -9.0   -9.0 -9 -9 -                        0   0   -9 -         -9  -9  -9  1922 -9.0 -9.00 -9   9.2  14.2  13.9  14.0  13.3  -9 -9.0 -9  3 -9
202505050000 108  23  1.1  -9 -9.0   -9 1003.8 1014.1  2   1.2  11.1   5.8  70.0   9.2   -9.0   -9.0   -9.0   -9.0   -9.0   -9.0   -9.0 -9 -9 -                        0   0   -9 -         -9  -9  -9  1939 -9.0 -9.00 -9   8.4  13.7  13.6  14.1  13.6  -9 -9.0 -9  3  2
202505050100 108  23  2.2  -9 -9.0   -9 1004.2 1014.5 -9  -9.0  10.8   5.9  72.0   9.3   -9.0   -9.0   -9.0   -9.0   -9.0   -9.0   -9.0 -9 -9 -                        0   0   -9 -         -9  -9  -9  1891 -9.0 -9.00 -9   8.2  13.2  13.2  14.1  13.7  -9 -9.0 -9  3 -9
202505050200 108  25  0.6  -9 -9.0   -9 1003.9 1014.3 -9  -9.0  10.2   5.9  75.0   9.3   -9.0   -9.0   -9.0   -9.0   -9.0   -9.0   -9.0 -9 -9 -                        2   1   -9 -         -9  -9  -9  1719 -9.0 -9.00 -9   7.5  12.9  12.7  13.8  13.5  -9 -9.0 -9  3 -9
202505050300 108   5  1.2  -9 -9.0   -9 1003.7 1014.1  4   0.0   9.7   6.4  80.0   9.6   -9.0   -9.0   -9.0   -9.0   -9.0   -9.0   -9.0 -9 -9 -                        7   0   -9 Ci         1   0   0  1515 -9.0 -9.00 -9   7.2  12.4  12.6  14.0  13.9  -9 -9.0 -9  3  2
202505050400 108   2  1.8  -9 -9.0   -9 1003.3 1013.7 -9  -9.0   9.4   6.1  80.0   9.4   -9.0   -9.0   -9.0   -9.0   -9.0   -9.0   -9.0 -9 -9 -                        7   5   46 AcCi       1   3   0  1506 -9.0 -9.00 -9   8.0  12.1  12.3  13.8  13.9  -9 -9.0 -9  3  2
202505050500 108   5  2.0  -9 -9.0   -9 1003.4 1013.8 -9  -9.0   9.4   6.1  80.0   9.4   -9.0   -9.0   -9.0   -9.0   -9.0   -9.0   -9.0 -9 -9 -                        9   9   46 Ac         0   3   0  1613 -9.0 -9.00 -9   8.4  11.9  12.1  13.7  13.8  -9 -9.0 -9  3  2
202505050600 108   5  1.3  -9 -9.0   -9 1003.6 1014.0  5  -0.1   9.4   5.9  79.0   9.3   -9.0   -9.0   -9.0   -9.0   -9.0   -9.0   -9.0 -9 -9 -                        9   9   44 Ac         0   3   0  1605  0.0  0.02 -9   8.7  11.8  12.0  13.5  13.7  -9 -9.0 -9  3  2
202505050700 108   5  2.4  -9 -9.0   -9 1003.4 1013.8 -9  -9.0  10.2   6.8  80.0   9.9   -9.0   -9.0   -9.0   -9.0   -9.0   -9.0   -9.0 -9 -9 -                        9   9   42 Ac         0   3   0  1671  0.0  0.16 -9  10.3  11.8  11.9  13.3  13.6  -9 -9.0 -9  3  2
202505050800 108   5  2.0  -9 -9.0   -9 1003.3 1013.6 -9  -9.0  11.3   7.0  75.0  10.0   -9.0   -9.0   -9.0   -9.0   -9.0   -9.0   -9.0 -9 -9 -                        9   9   42 Ac         0   3   0  1652  0.0  0.43 -9  12.6  11.9  11.9  13.0  13.4  -9 -9.0 -9  3  2
202505050900 108   5  2.6  -9 -9.0   -9 1002.7 1013.0  7  -1.0  12.9   6.9  67.0   9.9   -9.0   -9.0   -9.0   -9.0   -9.0   -9.0   -9.0 -9 -9 -                        9   9   34 Ac         0   3   0  1729  0.2  0.92 -9  15.3  12.6  11.9  12.3  12.8  -9 -9.0 -9  3  2
202505051000 108   5  2.3  -9 -9.0   -9 1002.4 1012.6 -9  -9.0  14.0   6.3  60.0   9.5   -9.0   -9.0   -9.0   -9.0   -9.0   -9.0   -9.0 -9 -9 -                        9   9   35 Ac         0   3   0  1858  0.1  1.29 -9  17.7  13.2  12.6  12.8  13.1  -9 -9.0 -9  3  2
202505051100 108   5  2.9  -9 -9.0   -9 1001.9 1012.1 -9  -9.0  14.3   6.3  59.0   9.5   -9.0   -9.0   -9.0   -9.0   -9.0   -9.0   -9.0 -9 -9 -                       10  10   30 As        -9   2   0  1752  0.0  0.83 -9  16.0  13.6  13.1  12.8  13.1  -9 -9.0 -9  3  2
202505051200 108  32  2.0  -9 -9.0   -9 1002.7 1012.9  5  -0.1  14.3   5.8  57.0   9.2   -9.0   -9.0   -9.0   -9.0   -9.0   -9.0   -9.0 -9 -9 -                       10  10   26 As        -9   2   0  2018  0.0  0.60 -9  15.4  14.0  13.4  12.8  13.0  -9 -9.0 -9  3  2
202505051300 108   5  1.0  -9 -9.0   -9 1002.1 1012.3 -9  -9.0  14.3   5.3  55.0   8.9   -9.0   -9.0   -9.0   -9.0   -9.0   -9.0   -9.0 -9 -9 -                       10   4   15 ScAs      -9   2   5  2231  0.0  0.39 -9  14.8  14.1  13.6  13.1  13.2  -9 -9.0 -9  3  2
202505051400 108   5  3.8  -9 -9.0   -9 1001.0 1011.2 -9  -9.0  14.8   6.0  56.0   9.3   -9.0   -9.0   -9.0   -9.0   -9.0   -9.0   -9.0 -9 -9 -                       10   3   15 ScAs      -9   2   5  2032  0.0  0.80 -9  16.2  14.2  13.7  13.2  13.2  -9 -9.0 -9  3  2
202505051500 108   5  4.6  -9 -9.0   -9  999.7 1009.9  7  -3.0  13.7   4.8  55.0   8.6   -9.0   -9.0   -9.0   -9.0   -9.0   -9.0   -9.0 -9 -9 -                       10  10   30 As        -9   2   0  2715  0.0  0.51 -9  14.7  14.2  13.9  13.2  13.2  -9 -9.0 -9  3  2
202505051600 108   5  3.3  -9 -9.0   -9  999.1 1009.3 -9  -9.0  13.5   4.8  56.0   8.6   -9.0   -9.0   -9.0   -9.0   -9.0   -9.0   -9.0 -9 -9 -                       10  10   27 As        -9   2   0  3320  0.0  0.48 -9  14.2  14.3  13.8  13.2  13.1  -9 -9.0 -9  3  2
202505051700 108   5  3.2  -9 -9.0   -9  998.6 1008.8 -9  -9.0  13.4   4.2  54.0   8.2   -9.0   -9.0   -9.0   -9.0   -9.0   -9.0   -9.0 -9 -9 -                       10  10   25 As        -9   2   0  3664  0.0  0.35 -9  13.5  14.2  13.8  13.4  13.3  -9 -9.0 -9  3  2
202505051800 108   5  2.6  -9 -9.0   -9  998.8 1009.0  5  -0.9  13.1   5.0  58.0   8.7   -9.0   -9.0   -9.0   -9.0   -9.0   -9.0   -9.0 -9 -9 -                       10   2   15 ScAs      -9   2   5  3587  0.0  0.18 -9  12.3  14.0  13.6  13.3  13.1  -9 -9.0 -9  3  2
202505051900 108   5  2.6  -9 -9.0   -9  999.0 1009.2 -9  -9.0  12.7   4.8  59.0   8.6   -9.0   -9.0   -9.0   -9.0   -9.0   -9.0   -9.0 -9 -9 -                        9   6   19 -         -9  -9  -9  3496  0.0  0.06 -9  11.5  13.8  13.5  13.5  13.4  -9 -9.0 -9  3 -9
202505052000 108   5  2.7  -9 -9.0   -9  999.1 1009.3 -9  -9.0  12.6   4.5  58.0   8.4   -9.0   -9.0   -9.0   -9.0   -9.0   -9.0   -9.0 -9 -9 -                        9   6   17 -         -9  -9  -9  3543  0.0  0.01 -9  10.8  13.6  13.4  13.5  13.4  -9 -9.0 -9  3 -9
202505052100 108   5  3.2  -9 -9.0   -9  999.7 1009.9  2   0.9  12.5   4.6  59.0   8.5   -9.0   -9.0   -9.0   -9.0   -9.0   -9.0   -9.0 -9 -9 -                        9   9   18 Sc         0   0   5  3720 -9.0 -9.00 -9  10.6  13.3  13.1  13.5  13.4  -9 -9.0 -9  3  2
202505052200 108   7  3.2  -9 -9.0   -9  999.5 1009.7 -9  -9.0  12.3   4.7  60.0   8.5   -9.0   -9.0   -9.0   -9.0   -9.0   -9.0   -9.0 -9 -9 -                        9   9   22 -         -9  -9  -9  3453 -9.0 -9.00 -9  10.3  13.1  13.0  13.5  13.4  -9 -9.0 -9  3 -9
202505052300 108   5  2.8  -9 -9.0   -9  999.4 1009.6 -9  -9.0  12.1   4.3  59.0   8.3   -9.0   -9.0   -9.0   -9.0   -9.0   -9.0   -9.0 -9 -9 -                        7   2   19 -         -9  -9  -9  3475 -9.0 -9.00 -9   9.9  12.9  12.8  13.4  13.4  -9 -9.0 -9  3 -9
202505060000 108   5  2.6  -9 -9.0   -9  999.1 1009.4  7  -0.5  11.3   4.0  61.0   8.1   -9.0   -9.0   -9.0   -9.0   -9.0   -9.0   -9.0 -9 -9 -                        0   0   -9 -         -9  -9  -9  3414 -9.0 -9.00 -9   8.3  12.8  12.6  13.4  13.4  -9 -9.0 -9  3  2
202505060100 108   5  1.8  -9 -9.0   -9  998.2 1008.5 -9  -9.0  10.4   3.8  64.0   8.0   -9.0   -9.0   -9.0   -9.0   -9.0   -9.0   -9.0 -9 -9 -                        0   0   -9 -         -9  -9  -9  3456 -9.0 -9.00 -9   7.4  12.2  12.0  12.7  12.8  -9 -9.0 -9  3 -9
202505060200 108   2  1.6  -9 -9.0   -9  997.5 1007.8 -9  -9.0  10.0   4.1  67.0   8.2   -9.0   -9.0   -9.0   -9.0   -9.0   -9.0   -9.0 -9 -9 -                        0   0   -9 -         -9  -9  -9  3359 -9.0 -9.00 -9   7.0  11.8  11.9  13.0  13.2  -9 -9.0 -9  3 -9
202505060300 108   5  1.5  -9 -9.0   -9  997.2 1007.5  7  -1.9   9.4   3.9  69.0   8.1   -9.0   -9.0   -9.0   -9.0   -9.0   -9.0   -9.0 -9 -9 -                        0   0   -9 -         -9  -9  -9  3369 -9.0 -9.00 -9   6.5  11.5  11.5  12.9  13.1  -9 -9.0 -9  3  2
202505060400 108  36  0.5  -9 -9.0   -9  997.1 1007.4 -9  -9.0   9.1   4.5  73.0   8.4   -9.0   -9.0   -9.0   -9.0   -9.0   -9.0   -9.0 -9 -9 -                        0   0   -9 -         -9  -9  -9  3373 -9.0 -9.00 -9   6.2  11.2  11.3  12.9  13.2  -9 -9.0 -9  3  2
202505060500 108   7  1.7  -9 -9.0   -9  996.3 1006.7 -9  -9.0   8.5   4.1  74.0   8.2   -9.0   -9.0   -9.0   -9.0   -9.0   -9.0   -9.0 -9 -9 -                        0   0   -9 -         -9  -9  -9  3360 -9.0 -9.00 -9   5.9  10.9  10.9  12.4  12.8  -9 -9.0 -9  3  2
202505060600 108   7  1.3  -9 -9.0   -9  996.3 1006.7  6  -0.8   8.6   4.2  74.0   8.2   -9.0   -9.0   -9.0   -9.0   -9.0   -9.0   -9.0 -9 -9 -                        7   0   -9 Ci         1   0   0  3292  0.0  0.03 -9   6.3  10.6  10.8  12.6  13.0  -9 -9.0 -9  3  2
202505060700 108   5  2.2  -9 -9.0   -9  996.5 1006.8 -9  -9.0   9.4   4.7  73.0   8.5   -9.0   -9.0   -9.0   -9.0   -9.0   -9.0   -9.0 -9 -9 -                        2   0   -9 Ci         1   0   0  3496  0.4  0.33 -9   8.7  10.5  10.5  12.3  12.8  -9 -9.0 -9  3  2
202505060800 108   7  1.2  -9 -9.0   -9  996.5 1006.7 -9  -9.0  11.8   5.6  66.0   9.1   -9.0   -9.0   -9.0   -9.0   -9.0   -9.0   -9.0 -9 -9 -                        2   0   -9 Ci         1   0   0  3464  1.0  1.06 -9  14.7  10.8  10.6  12.1  12.7  -9 -9.0 -9  3  2
202505060900 108   7  1.9  -9 -9.0   -9  996.4 1006.5  8  -0.2  14.4   5.7  56.0   9.2   -9.0   -9.0   -9.0   -9.0   -9.0   -9.0   -9.0 -9 -9 -                        5   0   -9 Ci         1   0   0  3334  1.0  1.86 -9  20.8  11.4  11.3  12.2  12.8  -9 -9.0 -9  3  2
202505061000 108   7  1.7  -9 -9.0   -9  996.0 1006.0 -9  -9.0  16.8   5.0  46.0   8.7   -9.0   -9.0   -9.0   -9.0   -9.0   -9.0   -9.0 -9 -9 -                        7   0   -9 Ci         1   0   0  3709  1.0  2.40 -9  25.9  12.6  12.0  11.7  12.3  -9 -9.0 -9  3  2
202505061100 108   2  1.8  -9 -9.0   -9  995.8 1005.8 -9  -9.0  17.7   4.9  43.0   8.7   -9.0   -9.0   -9.0   -9.0   -9.0   -9.0   -9.0 -9 -9 -                        7   0   -9 Ci         1   0   0  3528  1.0  2.70 -9  26.8  13.9  13.2  12.0  12.4  -9 -9.0 -9  3  2
202505061200 108  16  1.9  -9 -9.0   -9  995.5 1005.5  7  -1.0  18.5   6.3  45.0   9.5   -9.0   -9.0   -9.0   -9.0   -9.0   -9.0   -9.0 -9 -9 -                        8   0   -9 Ci         2   0   0  2619  0.8  2.42 -9  25.5  15.0  14.2  12.1  12.3  -9 -9.0 -9  3  2
202505061300 108  32  1.9  -9 -9.0   -9  995.3 1005.3 -9  -9.0  18.3   4.8  41.0   8.6   -9.0   -9.0   -9.0   -9.0   -9.0   -9.0   -9.0 -9 -9 -                        9   1   15 ScCi       2   0   5  3804  0.0  1.73 -9  23.6  15.7  15.0  12.3  12.3  -9 -9.0 -9  3  2
202505061400 108  27  3.4  -9 -9.0   -9  995.2 1005.2 -9  -9.0  17.9   4.4  41.0   8.4   -9.0   -9.0   -9.0   -9.0   -9.0   -9.0   -9.0 -9 -9 -                        9   5   38 AcCi       2   3   0  3085  0.0  1.27 -9  21.3  15.9  15.3  12.6  12.4  -9 -9.0 -9  3  2
202505061500 108  29  3.1  -9 -9.0   -9  995.0 1005.0  7  -0.5  18.1   4.2  40.0   8.2   -9.0   -9.0   -9.0   -9.0   -9.0   -9.0   -9.0 -9 -9 -                        9   6   38 AcCi       2   3   0  3943  0.0  1.27 -9  22.2  16.0  15.5  12.9  12.5  -9 -9.0 -9  3  2
202505061600 108  27  4.1  -9 -9.0   -9  994.7 1004.6 -9  -9.0  18.9   4.6  39.0   8.5   -9.0   -9.0   -9.0   -9.0   -9.0   -9.0   -9.0 -9 -9 -                        7   2   38 AcCi       1   3   0  3040  0.6  1.78 -9  24.6  16.1  15.7  13.2  12.6  -9 -9.0 -9  3  2
202505061700 108  29  3.2  -9 -9.0   -9  994.6 1004.5 -9  -9.0  19.1   4.0  37.0   8.1   -9.0   -9.0   -9.0   -9.0   -9.0   -9.0   -9.0 -9 -9 -                        3   0   -9 Ci         1   0   0  4009  1.0  1.77 -9  22.2  16.3  15.9  13.4  12.7  -9 -9.0 -9  3  2
202505061800 108  27  3.5  -9 -9.0   -9  995.1 1005.1  3   0.1  18.6   6.0  44.0   9.3   -9.0   -9.0   -9.0   -9.0   -9.0   -9.0   -9.0 -9 -9 -                        1   0   -9 Ci         1   0   0  3584  0.8  0.93 -9  18.0  16.2  15.9  13.6  12.8  -9 -9.0 -9  3  2
202505061900 108  25  4.0  -9 -9.0   -9  996.2 1006.2 -9  -9.0  16.7   7.0  53.0  10.0   -9.0   -9.0   -9.0   -9.0   -9.0   -9.0   -9.0 -9 -9 -                        0   0   -9 -         -9  -9  -9  3016  0.9  0.42 -9  14.4  15.3  15.7  13.8  12.9  -9 -9.0 -9  3 -9
202505062000 108  27  3.5  -9 -9.0   -9  996.9 1007.0 -9  -9.0  15.5   7.2  58.0  10.2   -9.0   -9.0   -9.0   -9.0   -9.0   -9.0   -9.0 -9 -9 -                        0   0   -9 -         -9  -9  -9  2899  0.0  0.03 -9  12.4  15.2  14.8  13.2  12.5  -9 -9.0 -9  3 -9
202505062100 108  27  2.4  -9 -9.0   -9  997.7 1007.8  2   2.7  14.9   7.4  61.0  10.3   -9.0   -9.0   -9.0   -9.0   -9.0   -9.0   -9.0 -9 -9 -                        0   0   -9 -         -9  -9  -9  2816 -9.0 -9.00 -9  11.4  14.7  14.8  14.1  13.3  -9 -9.0 -9  3  2
202505062200 108  25  1.7  -9 -9.0   -9  998.3 1008.5 -9  -9.0  14.0   7.5  65.0  10.4   -9.0   -9.0   -9.0   -9.0   -9.0   -9.0   -9.0 -9 -9 -                        0   0   -9 -         -9  -9  -9  2920 -9.0 -9.00 -9  10.5  14.2  14.4  14.2  13.4  -9 -9.0 -9  3 -9
202505062300 108  27  1.0  -9 -9.0   -9  998.9 1009.1 -9  -9.0  13.4   7.1  66.0  10.1   -9.0   -9.0   -9.0   -9.0   -9.0   -9.0   -9.0 -9 -9 -                        0   0   -9 -         -9  -9  -9  2675 -9.0 -9.00 -9   9.7  13.7  14.0  14.1  13.5  -9 -9.0 -9  3 -9
202505070000 108  27  2.3  -9 -9.0   -9  998.7 1008.9  0   1.1  12.6   7.4  71.0  10.3   -9.0   -9.0   -9.0   -9.0   -9.0   -9.0   -9.0 -9 -9 -                        0   0   -9 -         -9  -9  -9  2699 -9.0 -9.00 -9   9.0  13.3  13.6  14.1  13.6  -9 -9.0 -9  3  2
202505070100 108  27  1.9  -9 -9.0   -9  999.1 1009.4 -9  -9.0  11.9   6.3  69.0   9.5   -9.0   -9.0   -9.0   -9.0   -9.0   -9.0   -9.0 -9 -9 -                        0   0   -9 -         -9  -9  -9  2660 -9.0 -9.00 -9   8.6  12.9  12.9  13.4  13.1  -9 -9.0 -9  3 -9
202505070200 108  27  0.9  -9 -9.0   -9  999.4 1009.7 -9  -9.0  11.5   6.4  71.0   9.6   -9.0   -9.0   -9.0   -9.0   -9.0   -9.0   -9.0 -9 -9 -                        6   1   73 -         -9  -9  -9  2590 -9.0 -9.00 -9   8.4  12.5  12.9  13.8  13.6  -9 -9.0 -9  3 -9
202505070300 108  25  2.4  -9 -9.0   -9  999.6 1009.9  2   1.0  11.2   6.7  74.0   9.8   -9.0   -9.0   -9.0   -9.0   -9.0   -9.0   -9.0 -9 -9 -                        3   0   -9 Ci         1   0   0  2577 -9.0 -9.00 -9   8.3  12.2  12.5  13.6  13.5  -9 -9.0 -9  3  2
202505070400 108  27  1.2  -9 -9.0   -9 1000.0 1010.3 -9  -9.0  10.7   6.6  76.0   9.7   -9.0   -9.0   -9.0   -9.0   -9.0   -9.0   -9.0 -9 -9 -                        0   0   -9 -         -9  -9  -9  2409 -9.0 -9.00 -9   7.7  12.0  12.2  13.3  13.3  -9 -9.0 -9  3  2
202505070500 108  29  0.6  -9 -9.0   -9 1000.6 1010.9 -9  -9.0  10.2   6.7  79.0   9.8   -9.0   -9.0   -9.0   -9.0   -9.0   -9.0   -9.0 -9 -9 -                        4   0   -9 Ci         1   0   0  2320 -9.0 -9.00 -9   7.2  11.7  11.6  13.2  12.9  -9 -9.0 -9  3  2
202505070600 108  27  1.0  -9 -9.0   -9 1001.2 1011.6  2   1.7   9.9   6.7  81.0   9.8   -9.0   -9.0   -9.0   -9.0   -9.0   -9.0   -9.0 -9 -9 -                        4   0   -9 Ci         1   0   0  2195  0.0  0.02 -9   7.4  11.4  11.3  12.4  12.6  -9 -9.0 -9  3  2
202505070700 108   2  0.8  -9 -9.0   -9 1001.7 1012.0 -9  -9.0  10.6   7.1  79.0  10.1   -9.0   -9.0   -9.0   -9.0   -9.0   -9.0   -9.0 -9 -9 -                        2   0   -9 Ci         1   0   0  2270  0.8  0.40 -9  10.0  11.2  11.6  13.1  13.4  -9 -9.0 -9  3  2
202505070800 108  29  0.7  -9 -9.0   -9 1002.2 1012.5 -9  -9.0  12.4   8.6  78.0  11.2   -9.0   -9.0   -9.0   -9.0   -9.0   -9.0   -9.0 -9 -9 -                        1   0   -9 Ci         1   0   0  1656  0.9  0.92 -9  15.9  11.5  11.4  12.4  12.8  -9 -9.0 -9  3  2
202505070900 108  25  1.5  -9 -9.0   -9 1002.3 1012.5  1   0.9  14.7   8.8  68.0  11.3   -9.0   -9.0   -9.0   -9.0   -9.0   -9.0   -9.0 -9 -9 -                        2   0   -9 Ci         1   0   0  1665  1.0  1.89 -9  22.8  12.4  12.2  12.8  13.2  -9 -9.0 -9  3  2
202505071000 108  18  2.1  -9 -9.0   -9 1002.3 1012.4 -9  -9.0  16.7   8.3  58.0  10.9   -9.0   -9.0   -9.0   -9.0   -9.0   -9.0   -9.0 -9 -9 -                        5   1   10 ScCi       1   0   5  2125  1.0  2.49 -9  27.9  13.7  13.1  12.7  13.0  -9 -9.0 -9  3  2
202505071100 108  23  2.0  -9 -9.0   -9 1002.5 1012.5 -9  -9.0  18.1   7.7  51.0  10.5   -9.0   -9.0   -9.0   -9.0   -9.0   -9.0   -9.0 -9 -9 -                        2   2   10 Sc         0   0   5  2378  1.0  3.15 -9  31.8  15.1  14.3  12.7  12.9  -9 -9.0 -9  3  2
202505071200 108  18  1.8  -9 -9.0   -9 1002.2 1012.2  7  -0.3  18.9   7.9  49.0  10.6   -9.0   -9.0   -9.0   -9.0   -9.0   -9.0   -9.0 -9 -9 -                        1   1   14 Sc         0   0   5  2164  0.9  3.20 -9  31.9  16.5  15.6  12.8  12.8  -9 -9.0 -9  3  2
202505071300 108  18  2.6  -9 -9.0   -9 1002.2 1012.2 -9  -9.0  20.4   6.6  41.0   9.7   -9.0   -9.0   -9.0   -9.0   -9.0   -9.0   -9.0 -9 -9 -                        2   2   16 Sc         0   0   5  2294  1.0  3.71 -9  37.4  17.6  16.9  13.0  12.7  -9 -9.0 -9  3  2
202505071400 108  23  3.6  -9 -9.0   -9 1002.0 1011.9 -9  -9.0  20.7   8.6  46.0  11.2   -9.0   -9.0   -9.0   -9.0   -9.0   -9.0   -9.0 -9 -9 -                        3   3   15 Sc         0   0   5  2170  0.8  3.01 -9  35.8  18.7  17.9  13.3  12.7  -9 -9.0 -9  3  2
202505071500 108  20  3.5  -9 -9.0   -9 1001.5 1011.4  7  -0.8  20.9   8.8  46.0  11.3   -9.0   -9.0   -9.0   -9.0   -9.0   -9.0   -9.0 -9 -9 -                        2   2   14 Sc         0   0   5  1954  1.0  3.11 -9  35.9  19.3  18.6  13.7  12.8  -9 -9.0 -9  3  2
202505071600 108  27  4.4  -9 -9.0   -9 1001.4 1011.4 -9  -9.0  20.2   7.5  44.0  10.4   -9.0   -9.0   -9.0   -9.0   -9.0   -9.0   -9.0 -9 -9 -                        1   0   -9 Ci         1   0   0  2686  1.0  2.48 -9  32.6  19.5  18.9  14.2  12.9  -9 -9.0 -9  3  2
202505071700 108  27  3.8  -9 -9.0   -9 1001.7 1011.7 -9  -9.0  19.3   6.3  43.0   9.5   -9.0   -9.0   -9.0   -9.0   -9.0   -9.0   -9.0 -9 -9 -                        1   0   -9 Ci         1   0   0  2769  1.0  1.92 -9  26.9  19.3  18.8  14.6  13.2  -9 -9.0 -9  3  2
202505071800 108  25  4.0  -9 -9.0   -9 1002.0 1012.0  2   0.6  18.1   6.5  47.0   9.7   -9.0   -9.0   -9.0   -9.0   -9.0   -9.0   -9.0 -9 -9 -                        0   0   -9 -         -9  -9  -9  3215  1.0  1.18 -9  20.3  19.0  18.4  15.0  13.4  -9 -9.0 -9  3  2
202505071900 108  25  3.5  -9 -9.0   -9 1002.6 1012.7 -9  -9.0  16.5   7.4  55.0  10.3   -9.0   -9.0   -9.0   -9.0   -9.0   -9.0   -9.0 -9 -9 -                        0   0   -9 -         -9  -9  -9  2303  0.9  0.39 -9  16.6  18.2  18.0  15.4  13.8  -9 -9.0 -9  3 -9
202505072000 108  25  3.5  -9 -9.0   -9 1003.5 1013.7 -9  -9.0  14.9   6.9  59.0   9.9   -9.0   -9.0   -9.0   -9.0   -9.0   -9.0   -9.0 -9 -9 -                        0   0   -9 -         -9  -9  -9  2353  0.0  0.03 -9  13.9  17.2  17.2  15.4  13.8  -9 -9.0 -9  3 -9
202505072100 108  29  2.1  -9 -9.0   -9 1004.5 1014.7  2   2.7  13.9   6.7  62.0   9.8   -9.0   -9.0   -9.0   -9.0   -9.0   -9.0   -9.0 -9 -9 -                        0   0   -9 -         -9  -9  -9  2204 -9.0 -9.00 -9  12.5  16.5  16.7  15.9  14.4  -9 -9.0 -9  3  2
202505072200 108  25  1.8  -9 -9.0   -9 1005.1 1015.4 -9  -9.0  13.1   6.8  66.0   9.9   -9.0   -9.0   -9.0   -9.0   -9.0   -9.0   -9.0 -9 -9 -                        1   1   -9 -         -9  -9  -9  1858 -9.0 -9.00 -9  11.5  15.8  15.8  15.2  14.0  -9 -9.0 -9  3 -9
202505072300 108  29  1.4  -9 -9.0   -9 1005.7 1016.0 -9  -9.0  12.4   6.4  67.0   9.6   -9.0   -9.0   -9.0   -9.0   -9.0   -9.0   -9.0 -9 -9 -                        3   1   -9 -         -9  -9  -9  1974 -9.0 -9.00 -9  10.6  15.6  15.2  15.2  14.1  -9 -9.0 -9  3 -9
202505080000 108  25  1.0  -9 -9.0   -9 1005.9 1016.2  2   1.5  11.9   5.5  65.0   9.0   -9.0   -9.0   -9.0   -9.0   -9.0   -9.0   -9.0 -9 -9 -                        4   0   -9 Ci         1   0   0  2500 -9.0 -9.00 -9  10.0  15.0  14.7  15.2  14.3  -9 -9.0 -9  3  2
202505080100 108  29  1.3  -9 -9.0   -9 1006.3 1016.6 -9  -9.0  11.6   5.4  66.0   9.0   -9.0   -9.0   -9.0   -9.0   -9.0   -9.0   -9.0 -9 -9 -                        4   1   -9 -         -9  -9  -9  2761 -9.0 -9.00 -9   9.4  14.5  14.4  15.1  14.4  -9 -9.0 -9  3 -9
202505080200 108  29  1.3  -9 -9.0   -9 1006.5 1016.9 -9  -9.0  11.2   5.7  69.0   9.2   -9.0   -9.0   -9.0   -9.0   -9.0   -9.0   -9.0 -9 -9 -                        6   1   -9 -         -9  -9  -9  2835 -9.0 -9.00 -9   9.2  14.0  13.9  14.9  14.4  -9 -9.0 -9  3 -9
202505080300 108  36  1.0  -9 -9.0   -9 1006.7 1017.1  2   0.9  10.9   5.8  71.0   9.2   -9.0   -9.0   -9.0   -9.0   -9.0   -9.0   -9.0 -9 -9 -                        4   0   -9 Ci         1   0   0  2516 -9.0 -9.00 -9   8.8  13.6  13.5  14.6  14.2  -9 -9.0 -9  3  2
202505080400 108  29  0.9  -9 -9.0   -9 1006.6 1017.0 -9  -9.0  10.4   6.1  75.0   9.4   -9.0   -9.0   -9.0   -9.0   -9.0   -9.0   -9.0 -9 -9 -                        3   0   -9 Ci         1   0   0  2395 -9.0 -9.00 -9   8.3  13.3  13.1  14.2  14.0  -9 -9.0 -9  3  2
202505080500 108   2  1.1  -9 -9.0   -9 1006.7 1017.1 -9  -9.0  10.1   6.2  77.0   9.5   -9.0   -9.0   -9.0   -9.0   -9.0   -9.0   -9.0 -9 -9 -                        4   0   -9 Ci         1   0   0  1992 -9.0 -9.00 -9   8.1  13.0  12.9  14.2  14.1  -9 -9.0 -9  3  2
202505080600 108   5  1.6  -9 -9.0   -9 1006.7 1017.1  4   0.0   9.8   6.1  78.0   9.4   -9.0   -9.0   -9.0   -9.0   -9.0   -9.0   -9.0 -9 -9 -                        1   0   -9 Ci         1   0   0  1720  0.0  0.03 -9   8.0  12.6  12.6  14.0  14.0  -9 -9.0 -9  3  2
202505080700 108   5  2.0  -9 -9.0   -9 1007.2 1017.6 -9  -9.0  10.5   7.1  80.0  10.1   -9.0   -9.0   -9.0   -9.0   -9.0   -9.0   -9.0 -9 -9 -                        3   0   -9 Ci         1   0   0  1527  0.9  0.43 -9  10.7  12.5  12.3  13.6  14.1  -9 -9.0 -9  3  2
202505080800 108   5  2.1  -9 -9.0   -9 1007.5 1017.8 -9  -9.0  13.2   8.8  75.0  11.3   -9.0   -9.0   -9.0   -9.0   -9.0   -9.0   -9.0 -9 -9 -                        2   0   -9 Ci         1   0   0  1204  1.0  1.08 -9  16.9  12.7  12.8  14.2  14.4  -9 -9.0 -9  3  2
202505080900 108  14  2.2  -9 -9.0   -9 1007.4 1017.6  0   0.5  15.8   8.7  63.0  11.2   -9.0   -9.0   -9.0   -9.0   -9.0   -9.0   -9.0 -9 -9 -                        6   0   -9 Ci         1   0   0  1147  1.0  1.82 -9  22.8  13.5  13.3  14.0  14.3  -9 -9.0 -9  3  2
202505081000 108   5  2.1  -9 -9.0   -9 1007.1 1017.2 -9  -9.0  18.2   9.0  55.0  11.5   -9.0   -9.0   -9.0   -9.0   -9.0   -9.0   -9.0 -9 -9 -                        6   0   -9 Ci         1   0   0  1441  1.0  2.27 -9  27.2  14.5  14.1  13.9  14.1  -9 -9.0 -9  3  2
202505081100 108   9  1.8  -9 -9.0   -9 1006.5 1016.5 -9  -9.0  20.0   8.6  48.0  11.2   -9.0   -9.0   -9.0   -9.0   -9.0   -9.0   -9.0 -9 -9 -                        4   0   -9 Ci         1   0   0  1947  1.0  2.88 -9  32.1  15.6  15.1  13.9  14.0  -9 -9.0 -9  3  2
202505081200 108  14  2.6  -9 -9.0   -9 1005.8 1015.8  7  -1.8  21.4   8.2  43.0  10.9   -9.0   -9.0   -9.0   -9.0   -9.0   -9.0   -9.0 -9 -9 -                        1   0   -9 Ci         1   0   0  2336  1.0  3.46 -9  36.4  17.0  16.4  14.0  13.9  -9 -9.0 -9  3  2
202505081300 108   9  2.0  -9 -9.0   -9 1006.0 1015.9 -9  -9.0  22.9   7.4  37.0  10.3   -9.0   -9.0   -9.0   -9.0   -9.0   -9.0   -9.0 -9 -9 -                        5   0   -9 Ci         1   0   0  2057  1.0  3.60 -9  39.8  18.4  17.8  14.1  13.8  -9 -9.0 -9  3  2
202505081400 108  20  2.9  -9 -9.0   -9 1005.3 1015.1 -9  -9.0  24.2   6.8  33.0   9.9   -9.0   -9.0   -9.0   -9.0   -9.0   -9.0   -9.0 -9 -9 -                        7   0   -9 Cs         6   0   0  2026  1.0  3.37 -9  40.3  19.5  19.0  14.4  13.7  -9 -9.0 -9  3  2
202505081500 108  25  2.1  -9 -9.0   -9 1004.2 1014.0  8  -1.8  24.6   5.3  29.0   8.9   -9.0   -9.0   -9.0   -9.0   -9.0   -9.0   -9.0 -9 -9 -                        0   0   -9 -         -9  -9  -9  1602  1.0  2.94 -9  39.3  20.2  19.9  14.9  13.9  -9 -9.0 -9  3  2
202505081600 108  20  2.1  -9 -9.0   -9 1003.3 1013.1 -9  -9.0  24.9   3.5  25.0   7.8   -9.0   -9.0   -9.0   -9.0   -9.0   -9.0   -9.0 -9 -9 -                        6   0   -9 Ci         1   0   0  1891  1.0  2.43 -9  34.9  20.6  20.3  15.5  14.1  -9 -9.0 -9  3  2
202505081700 108  18  2.2  -9 -9.0   -9 1003.6 1013.4 -9  -9.0  24.5   5.2  29.0   8.8   -9.0   -9.0   -9.0   -9.0   -9.0   -9.0   -9.0 -9 -9 -                       10   0   -9 Cs         7   0   0  1560  0.9  1.48 -9  29.1  20.6  20.3  15.9  14.3  -9 -9.0 -9  3  2
202505081800 108  27  3.7  -9 -9.0   -9 1004.5 1014.4  3   0.4  21.3   8.2  43.0  10.9   -9.0   -9.0   -9.0   -9.0   -9.0   -9.0   -9.0  6 22 42                      10   0   -9 Cs         7   0   0  1653  0.4  0.73 -9  23.0  20.3  20.1  16.3  14.5  -9 -9.0 -9  3  1
202505081900 108  27  3.0  -9 -9.0   -9 1004.7 1014.7 -9  -9.0  19.3   7.3  46.0  10.2   -9.0   -9.0   -9.0   -9.0   -9.0   -9.0   -9.0  6 22 42                      10   0   -9 Cs         7   0   0  1774  0.0  0.25 -9  19.1  19.5  18.5  16.2  14.4  -9 -9.0 -9  3  1
202505082000 108  25  2.3  -9 -9.0   -9 1004.5 1014.5 -9  -9.0  18.7   6.1  44.0   9.4   -9.0   -9.0   -9.0   -9.0   -9.0   -9.0   -9.0  6 22 42                      10   0   -9 Cs         7   0   0  1944  0.0  0.02 -9  16.9  18.8  18.8  16.9  15.0  -9 -9.0 -9  3  1
202505082100 108  27  1.7  -9 -9.0   -9 1005.4 1015.5  2   1.1  18.2   6.9  48.0   9.9   -9.0   -9.0   -9.0   -9.0   -9.0   -9.0   -9.0 -9 -9 42                      10   0   -9 Cs         7   0   0  2029 -9.0 -9.00 -9  16.2  18.1  18.2  17.0  15.3  -9 -9.0 -9  3  2
202505082200 108  27  1.1  -9 -9.0   -9 1005.2 1015.3 -9  -9.0  18.0   6.1  46.0   9.4   -9.0   -9.0   -9.0   -9.0   -9.0   -9.0   -9.0 -9 -9 -                       10   8   44 -         -9  -9  -9  1928 -9.0 -9.00 -9  16.0  17.6  17.7  16.8  15.3  -9 -9.0 -9  3 -9
202505082300 108   0  0.3  -9 -9.0   -9 1005.3 1015.4 -9  -9.0  17.6   6.7  49.0   9.8   -9.0   -9.0   -9.0   -9.0   -9.0   -9.0   -9.0 -9 -9 -                       10   8   20 -         -9  -9  -9  1841 -9.0 -9.00 -9  15.5  17.1  17.3  16.7  15.4  -9 -9.0 -9  3 -9
202505090000 108  27  1.3  -9 -9.0   -9 1005.9 1016.0  3   0.5  17.3   7.6  53.0  10.4   -9.0   -9.0   -9.0   -9.0   -9.0   -9.0   -9.0 -9 -9 -                       10  10   27 As        -9   2   0  1902 -9.0 -9.00 -9  15.4  16.7  17.0  16.7  15.5  -9 -9.0 -9  3  2
202505090100 108   0  0.4  -9 -9.0   -9 1005.4 1015.5 -9  -9.0  17.1   7.7  54.0  10.5   -9.0   -9.0   -9.0   -9.0   -9.0   -9.0   -9.0 -9 -9 -                       10   3   30 -         -9  -9  -9  1890 -9.0 -9.00 -9  15.2  16.5  16.8  16.7  15.6  -9 -9.0 -9  3 -9
202505090200 108   2  1.3  -9 -9.0   -9 1004.3 1014.4 -9  -9.0  16.8   7.4  54.0  10.3   -9.0   -9.0   -9.0   -9.0   -9.0   -9.0   -9.0 -9 -9 -                       10   6   34 -         -9  -9  -9  1882 -9.0 -9.00 -9  14.8  16.3  16.6  16.6  15.7  -9 -9.0 -9  3 -9
202505090300 108   5  2.2  -9 -9.0   -9 1003.1 1013.2  7  -2.8  16.5   6.8  53.0   9.9   -9.0   -9.0   -9.0   -9.0   -9.0   -9.0   -9.0 -9 -9 -                       10  10   30 As        -9   2   0  1868 -9.0 -9.00 -9  14.3  16.1  16.3  16.4  15.5  -9 -9.0 -9  3  2
202505090400 108   5  1.0  -9 -9.0   -9 1002.8 1012.9 -9  -9.0  16.4   6.7  53.0   9.8   -9.0   -9.0   -9.0   -9.0   -9.0   -9.0   -9.0 -9 -9 -                       10  10   25 As        -9   2   0  1777 -9.0 -9.00 -9  14.2  15.8  16.1  16.3  15.6  -9 -9.0 -9  3  2
202505090500 108   5  2.4  -9 -9.0   -9 1002.1 1012.2 -9  -9.0  16.1   7.0  55.0  10.0   -9.0   -9.0   -9.0   -9.0   -9.0   -9.0   -9.0 -9 -9 -                       10  10   32 As        -9   2   0  1856 -9.0 -9.00 -9  14.0  15.6  15.9  16.2  15.6  -9 -9.0 -9  3  2
202505090600 108   7  2.6  -9 -9.0   -9 1001.9 1012.0  7  -1.2  16.1   7.3  56.0  10.2   -9.0   -9.0   -9.0   -9.0   -9.0   -9.0   -9.0 -9 -9 -                       10  10   30 As        -9   2   0  1817  0.0  0.01 -9  14.1  15.5  15.4  15.5  15.0  -9 -9.0 -9  3  2
202505090700 108   5  2.5  -9 -9.0   -9 1001.5 1011.6 -9  -9.0  16.1   8.0  59.0  10.7    0.0    0.0    0.0   -9.0   -9.0   -9.0   -9.0 60 62 01                      10   4   15 ScAs      -9   2   5  1614  0.0  0.04 -9  14.2  15.3  15.3  15.4  15.0  -9 -9.0 -9  4  1
202505090800 108   5  2.9  -9 -9.0   -9 1001.2 1011.3 -9  -9.0  15.2  11.1  77.0  13.2    1.4    1.4    1.4   -9.0   -9.0   -9.0   -9.0 61 66 01                      10   5    9 StNs      -9   2   7  1079  0.0  0.12 -9  14.1  15.0  15.5  15.9  15.4  -9 -9.0 -9  4  1
202505090900 108   5  2.4  -9 -9.0   -9  999.9 1010.0  7  -2.0  15.0  11.1  78.0  13.2    0.5    1.9    1.9   -9.0   -9.0   -9.0   -9.0 61 66 01                      10   4    9 StNs      -9   2   7  1425  0.0  0.26 -9  14.8  14.9  15.1  15.2  14.9  -9 -9.0 -9  1  1
202505091000 108   5  2.4  -9 -9.0   -9  999.5 1009.6 -9  -9.0  14.9  12.3  85.0  14.3    1.2    3.1    3.1   -9.0   -9.0   -9.0   -9.0 61 66 01                      10   5    9 StNs      -9   2   7   987  0.0  0.32 -9  15.7  14.9  15.1  15.1  14.8  -9 -9.0 -9  4  1
202505091100 108   5  3.6  -9 -9.0   -9  998.3 1008.4 -9  -9.0  14.6  11.5  82.0  13.6    0.6    3.7    3.7   -9.0   -9.0   -9.0   -9.0 61 66 01                      10   5    9 StNs      -9   2   7  1745  0.0  0.49 -9  16.2  14.9  15.2  15.1  14.8  -9 -9.0 -9  4  1
202505091200 108   7  3.7  -9 -9.0   -9  996.5 1006.6  7  -3.4  14.9  11.8  82.0  13.8    0.3    4.0    4.0   -9.0   -9.0   -9.0   -9.0 61 66 01                      10   5    9 StNs      -9   2   7  1643  0.0  0.67 -9  16.9  15.0  15.2  15.0  14.8  -9 -9.0 -9  4  1
202505091300 108   5  5.4   7 10.0 1255  994.8 1004.9 -9  -9.0  14.5  12.3  87.0  14.3    0.5    4.5    4.5   -9.0   -9.0   -9.0   -9.0 61 66 1901                    10   7    9 StNs      -9   2   7   734  0.0  1.02 -9  17.7  15.1  15.4  15.1  14.8  -9 -9.0 -9  4  1
202505091400 108   7  4.4   7 10.0 1306  992.4 1002.5 -9  -9.0  14.2  13.0  93.0  15.0    1.5    6.0    6.0   -9.0   -9.0   -9.0   -9.0 61 66 1901                    10   8    7 StNs      -9   2   7   630  0.0  0.61 -9  15.8  15.2  15.5  15.1  14.8  -9 -9.0 -9  4  1
202505091500 108   7  4.1   7 10.0 1255  990.6 1000.7  7  -5.9  14.2  13.4  95.0  15.4    2.2    8.2    8.2   -9.0   -9.0   -9.0   -9.0 61 66 1901                    10   8    6 StNs      -9   2   7   451  0.0  0.31 -9  14.9  15.1  15.4  15.1  14.7  -9 -9.0 -9  4  1
202505091600 108   7  4.5  -9 -9.0   -9  989.1  999.2 -9  -9.0  14.3  13.6  96.0  15.6    3.3   11.5   11.5   -9.0   -9.0   -9.0   -9.0 63 66 1901                    10   8    4 StNs      -9   2   7   309  0.0  0.22 -9  14.6  14.9  15.3  15.1  14.8  -9 -9.0 -9  4  1
202505091700 108   7  4.4  -9 -9.0   -9  988.4  998.4 -9  -9.0  14.4  13.9  97.0  15.9    3.0   14.5   14.5   -9.0   -9.0   -9.0   -9.0 63 66 1901                    10   8    4 StNs      -9   2   7   536  0.0  0.16 -9  14.5  14.9  15.1  15.1  14.7  -9 -9.0 -9  4  1
202505091800 108   7  5.0  -9 -9.0   -9  987.3  997.3  7  -3.4  14.6  13.9  96.0  15.9    0.3   14.8   14.8   -9.0   -9.0   -9.0   -9.0 61 66 1901                    10   7    6 StNs      -9   2   7  2127  0.0  0.10 -9  14.6  15.0  15.0  15.0  14.7  -9 -9.0 -9  4  1
202505091900 108   7  3.2  -9 -9.0   -9  987.3  997.3 -9  -9.0  14.7  13.9  95.0  15.9    0.2   15.0   15.0   -9.0   -9.0   -9.0   -9.0 61 66 01                      10   7    6 StNs      -9   2   7  2094  0.0  0.05 -9  14.4  15.0  14.9  14.9  14.7  -9 -9.0 -9  4  1
202505092000 108   7  4.2  -9 -9.0   -9  986.8  996.8 -9  -9.0  14.8  14.1  96.0  16.1    0.9   15.9   15.9   -9.0   -9.0   -9.0   -9.0 61 66 01                      10   7    6 StNs      -9   2   7   654  0.0  0.00 -9  14.2  15.0  14.9  14.9  14.6  -9 -9.0 -9  4  1
202505092100 108   5  3.6  -9 -9.0   -9  986.6  996.6  7  -0.7  14.8  14.3  97.0  16.3    0.2   16.1   16.1   -9.0   -9.0   -9.0   -9.0 61 66 01                      10   8    3 StNs      -9   2   7  1304 -9.0 -9.00 -9  14.3  15.0  14.8  14.8  14.6  -9 -9.0 -9  1  1
202505092200 108   7  3.1  -9 -9.0   -9  986.3  996.3 -9  -9.0  14.8  14.3  97.0  16.3    0.9   17.0   17.0   -9.0   -9.0   -9.0   -9.0 61 66 01                      10   9    3 StNs      -9   2   7   657 -9.0 -9.00 -9  14.3  14.9  14.8  14.8  14.6  -9 -9.0 -9  4  1
202505092300 108   7  2.5  -9 -9.0   -9  985.7  995.7 -9  -9.0  14.8  14.0  95.0  16.0    0.1   17.1   17.1   -9.0   -9.0   -9.0   -9.0 61 66 01                      10   9    3 StNs      -9   2   7   773 -9.0 -9.00 -9  14.3  14.9  14.7  14.7  14.6  -9 -9.0 -9  4  1
202505100000 108   5  1.2  -9 -9.0   -9  985.2  995.2  7  -1.4  14.9  14.4  97.0  16.4    0.5   17.6   17.6   -9.0   -9.0   -9.0   -9.0 61 66 01                      10   9    3 StNs      -9   2   7   294 -9.0 -9.00 -9  14.4  14.9  14.7  14.7  14.6  -9 -9.0 -9  4  1
202505100100 108  32  0.9  -9 -9.0   -9  985.2  995.2 -9  -9.0  15.1  14.6  97.0  16.6    2.7    2.7    2.7   -9.0   -9.0   -9.0   -9.0 61 66 01                      10   9    2 StNs      -9   2   7   256 -9.0 -9.00 -9  14.4  14.9  14.7  14.7  14.6  -9 -9.0 -9  4  1
202505100200 108  20  2.5  -9 -9.0   -9  984.6  994.6 -9  -9.0  15.1  14.2  95.0  16.2    0.5    3.2    3.2   -9.0   -9.0   -9.0   -9.0 61 66 01                      10   9    2 StNs      -9   2   7  1080 -9.0 -9.00 -9  14.4  14.8  14.6  14.6  14.5  -9 -9.0 -9  4  1
202505100300 108  20  3.2  -9 -9.0   -9  984.5  994.5  7  -0.7  14.8  14.1  96.0  16.1    1.4    4.6    4.6   -9.0   -9.0   -9.0   -9.0 61 66 01                      10   9    2 StNs      -9   2   7   269 -9.0 -9.00 -9  14.1  14.8  14.6  14.6  14.5  -9 -9.0 -9  4  1
202505100400 108  20  3.1  -9 -9.0   -9  984.2  994.2 -9  -9.0  13.8  13.0  95.0  15.0    0.7    5.3    5.3   -9.0   -9.0   -9.0   -9.0 51 65 0201                    10  10    3 St        -9  -9   7   554 -9.0 -9.00 -9  13.6  14.7  14.5  14.6  14.5  -9 -9.0 -9  4  1
202505100500 108  23  3.4  -9 -9.0   -9  984.9  995.0 -9  -9.0  12.4  11.7  96.0  13.7    0.0    5.3    5.3   -9.0   -9.0   -9.0   -9.0 51 55 02                      10  10    2 St        -9  -9   7   294 -9.0 -9.00 -9  12.8  14.6  14.6  14.9  14.8  -9 -9.0 -9  4  1
202505100600 108  20  4.2  -9 -9.0   -9  985.0  995.1  3   0.6  12.5  12.0  97.0  14.0    0.0    5.3    5.3   -9.0   -9.0   -9.0   -9.0 51 65 02                      10  10    2 St        -9  -9   7   739  0.0  0.01 -9  12.7  14.4  14.4  14.8  14.7  -9 -9.0 -9  4  1
202505100700 108  20  4.6  -9 -9.0   -9  986.0  996.1 -9  -9.0  12.2  11.5  96.0  13.6    0.2    5.5    5.5   -9.0   -9.0   -9.0   -9.0 51 55 02                      10  10    2 St        -9  -9   7   919  0.0  0.07 -9  12.9  14.3  14.3  14.8  14.7  -9 -9.0 -9  4  1
202505100800 108  20  4.3  23 10.0  759  986.5  996.6 -9  -9.0  11.9  11.2  96.0  13.3    0.2    5.7    5.7   -9.0   -9.0   -9.0   -9.0 51 55 02                      10  10    2 St        -9  -9   7   759  0.0  0.13 -9  12.9  14.2  14.2  14.7  14.7  -9 -9.0 -9  4  1
202505100900 108  23  5.6  23 10.0  759  987.2  997.3  2   2.2  11.6  10.8  95.0  12.9    0.5    6.2    6.2   -9.0   -9.0   -9.0   -9.0 61 65 0201                    10   8    4 StNs      -9   2   7   929  0.0  0.13 -9  12.4  14.1  14.1  14.6  14.6  -9 -9.0 -9  1  1
202505101000 108  23  5.1  23 10.0  952  987.7  997.8 -9  -9.0  11.8  11.3  97.0  13.4    0.9    7.1    7.1   -9.0   -9.0   -9.0   -9.0 61 66 01                      10   8    4 StNs      -9   2   7   344  0.0  0.17 -9  12.7  13.9  14.0  14.6  14.6  -9 -9.0 -9  4  1
202505101100 108  20  3.8  -9 -9.0   -9  988.0  998.1 -9  -9.0  11.8  11.4  98.0  13.5    1.6    8.7    8.7   -9.0   -9.0   -9.0   -9.0 61 66 01                      10   8    4 StNs      -9   2   7   257  0.0  0.19 -9  12.8  13.8  13.9  14.5  14.6  -9 -9.0 -9  4  1
202505101200 108  20  4.2  23 10.0 1129  988.4  998.6  2   1.3  11.7  11.2  97.0  13.3    2.2   10.9   10.9   -9.0   -9.0   -9.0   -9.0 61 66 01                      10   8    4 StNs      -9   2   7   690  0.0  0.25 -9  12.7  13.7  13.8  14.5  14.5  -9 -9.0 -9  4  1
202505101300 108  20  4.5  23 10.0 1239  988.5  998.6 -9  -9.0  11.9  11.2  96.0  13.3    0.6   11.5   11.5   -9.0   -9.0   -9.0   -9.0 61 66 01                      10   8    4 StNs      -9   2   7   717  0.0  0.21 -9  12.9  13.5  13.7  14.4  14.5  -9 -9.0 -9  4  1
202505101400 108  23  4.4  20 10.0 1331  988.4  998.5 -9  -9.0  12.1  11.4  96.0  13.5    0.0   11.5   11.5   -9.0   -9.0   -9.0   -9.0 51 65 0201                    10  10    3 St        -9  -9   7   477  0.0  0.21 -9  13.2  13.4  13.7  14.3  14.4  -9 -9.0 -9  4  1
202505101500 108  23  4.1  23 10.0 1129  988.6  998.7  3   0.1  12.2  11.4  95.0  13.5    0.0   11.5   11.5   -9.0   -9.0   -9.0   -9.0 20 65 1902                    10  10    3 St        -9  -9   6   407  0.0  0.25 -9  13.2  13.3  13.7  14.2  14.4  -9 -9.0 -9  4  1
202505101600 108  20  3.4  -9 -9.0   -9  989.1  999.2 -9  -9.0  12.4  11.4  94.0  13.5   -9.0   11.5   11.5   -9.0   -9.0   -9.0   -9.0 10 22 19                      10  10    3 St        -9  -9   6   547  0.0  0.25 -9  13.3  13.4  13.8  14.2  14.3  -9 -9.0 -9  3  1
202505101700 108  20  4.0  -9 -9.0   -9  990.0 1000.2 -9  -9.0  11.9  11.4  97.0  13.5    1.8   13.3   13.3   -9.0   -9.0   -9.0   -9.0 61 62 1901                    10   8    3 StNs      -9   2   7   181  0.0  0.13 -9  12.5  13.4  13.8  14.2  14.3  -9 -9.0 -9  4  1
202505101800 108  20  3.0  -9 -9.0   -9  990.7 1000.9  2   2.2  11.9  11.4  97.0  13.5    0.8   14.1   14.1   -9.0   -9.0   -9.0   -9.0 61 66 1901                    10   8    3 StNs      -9   2   7   269  0.0  0.07 -9  12.4  13.3  13.7  14.1  14.3  -9 -9.0 -9  4  1
202505101900 108  20  3.4  -9 -9.0   -9  991.6 1001.8 -9  -9.0  12.1  11.4  96.0  13.5    0.0   14.1   14.1   -9.0   -9.0   -9.0   -9.0 21 62 1901                    10   8    6 ScAs      -9   2   5   336  0.0  0.07 -9  12.3  13.2  13.6  14.1  14.2  -9 -9.0 -9  4  1
202505102000 108  23  3.1  -9 -9.0   -9  992.8 1003.0 -9  -9.0  12.2  11.4  95.0  13.5   -9.0   14.1   14.1   -9.0   -9.0   -9.0   -9.0 -9 -9 19                       9   9    2 -         -9  -9  -9   300  0.0  0.01 -9  12.0  13.2  13.5  14.1  14.2  -9 -9.0 -9  3  2
202505102100 108  20  2.4  -9 -9.0   -9  994.0 1004.2  2   3.3  12.0  11.0  94.0  13.1   -9.0   14.1   14.1   -9.0   -9.0   -9.0   -9.0 10 62 19                       9   9    8 Sc         0   0   5   334 -9.0 -9.00 -9  11.7  13.1  13.5  14.0  14.2  -9 -9.0 -9  3  1
202505102200 108  20  2.5  -9 -9.0   -9  994.5 1004.7 -9  -9.0  11.9  10.7  93.0  12.9   -9.0   14.1   14.1   -9.0   -9.0   -9.0   -9.0 -9 -9 19                       5   5    2 -         -9  -9  -9   355 -9.0 -9.00 -9  11.6  13.0  13.4  14.0  14.2  -9 -9.0 -9  3  2
202505102300 108  18  2.4  -9 -9.0   -9  995.2 1005.4 -9  -9.0  11.8  10.6  93.0  12.8   -9.0   14.1   14.1   -9.0   -9.0   -9.0   -9.0 -9 -9 19                       5   5    2 -         -9  -9  -9   354 -9.0 -9.00 -9  11.7  12.9  13.3  14.0  14.1  -9 -9.0 -9  3  2
202505110000 108  18  2.4  -9 -9.0   -9  995.1 1005.3  0   1.1  11.7  10.5  93.0  12.7   -9.0   14.1   14.1   -9.0   -9.0   -9.0   -9.0 10 22 19                       9   9    7 Sc         0   0   5   348 -9.0 -9.00 -9  11.6  12.8  13.3  13.9  14.1  -9 -9.0 -9  3  1
202505110100 108  18  1.4  -9 -9.0   -9  995.0 1005.2 -9  -9.0  11.6  10.5  93.0  12.7   -9.0   -9.0   -9.0   -9.0   -9.0   -9.0   -9.0 -9 -9 19                       8   8    2 -         -9  -9  -9   452 -9.0 -9.00 -9  11.4  12.8  13.2  13.8  14.0  -9 -9.0 -9  3  2
202505110200 108  20  2.1  -9 -9.0   -9  995.2 1005.4 -9  -9.0  11.5  10.0  91.0  12.3   -9.0   -9.0   -9.0   -9.0   -9.0   -9.0   -9.0 -9 -9 19                       9   8    2 -         -9  -9  -9   435 -9.0 -9.00 -9  10.9  12.6  13.1  13.7  13.9  -9 -9.0 -9  3  2
202505110300 108  20  1.7  -9 -9.0   -9  995.5 1005.7  3   0.4  11.5  10.4  93.0  12.6   -9.0   -9.0   -9.0   -9.0   -9.0   -9.0   -9.0 10 22 19                      10  10    4 St        -9  -9   6   394 -9.0 -9.00 -9  11.3  12.5  13.0  13.6  13.9  -9 -9.0 -9  3  1
202505110400 108  25  0.5  -9 -9.0   -9  995.5 1005.7 -9  -9.0  11.6  10.1  91.0  12.4    0.0    0.0    0.0   -9.0   -9.0   -9.0   -9.0 20 52 1902                    10  10    4 St        -9  -9   6   424 -9.0 -9.00 -9  11.5  12.4  12.6  13.0  13.2  -9 -9.0 -9  4  1
202505110500 108  36  1.4  -9 -9.0   -9  995.4 1005.6 -9  -9.0  11.6  10.3  92.0  12.5   -9.0    0.0    0.0   -9.0   -9.0   -9.0   -9.0 10 22 19                       9   7    8 ScCi       1   0   5   253 -9.0 -9.00 -9  11.3  12.4  12.7  13.2  13.4  -9 -9.0 -9  3  1
202505110600 108   5  0.8  -9 -9.0   -9  995.3 1005.5  7  -0.2  11.5  10.2  92.0  12.4   -9.0    0.0    0.0   -9.0   -9.0   -9.0   -9.0 10 52 19                       9   3   10 ScCi       1   0   5   277  0.0  0.02 -9  11.4  12.6  12.7  13.1  13.4  -9 -9.0 -9  3  1
202505110700 108  11  2.3  -9 -9.0   -9  995.3 1005.5 -9  -9.0  11.8  10.5  92.0  12.7   -9.0    0.0    0.0   -9.0   -9.0   -9.0   -9.0 10 22 19                       9   5   10 ScCi       1   0   5   360  0.0  0.14 -9  12.6  13.1  12.6  12.9  13.2  -9 -9.0 -9  3  1
202505110800 108  11  1.9  -9 -9.0   -9  995.8 1006.0 -9  -9.0  12.5  10.8  90.0  12.9   -9.0    0.0    0.0   -9.0   -9.0   -9.0   -9.0 10 22 19                       9   5    7 ScCi       1   0   5   494  0.0  0.38 -9  14.6  12.7  12.9  13.5  13.8  -9 -9.0 -9  3  1
202505110900 108  14  1.3  -9 -9.0   -9  995.8 1006.0  1   0.5  13.3  11.0  86.0  13.1   -9.0    0.0    0.0   -9.0   -9.0   -9.0   -9.0 10 52 19                       9   9    7 Sc         0   0   5   584  0.0  0.62 -9  16.5  13.5  12.5  12.0  12.2  -9 -9.0 -9  3  1
202505111000 108   7  1.6  -9 -9.0   -9  995.9 1006.0 -9  -9.0  14.5  10.8  79.0  12.9   -9.0    0.0    0.0   -9.0   -9.0   -9.0   -9.0 10 22 19                       9   9    7 Sc         0   0   5   628  0.0  1.26 -9  19.3  14.2  13.5  13.3  13.6  -9 -9.0 -9  3  1
202505111100 108  11  1.3  -9 -9.0   -9  996.1 1006.2 -9  -9.0  15.1  11.4  79.0  13.5   -9.0    0.0    0.0   -9.0   -9.0   -9.0   -9.0 10 22 19                      10  10    5 St        -9  -9   6   706  0.0  0.73 -9  18.8  14.8  14.0  13.4  13.6  -9 -9.0 -9  3  1
202505111200 108  25  0.6  -9 -9.0   -9  995.6 1005.7  8  -0.3  16.2  11.9  76.0  13.9   -9.0    0.0    0.0   -9.0   -9.0   -9.0   -9.0 10 22 19                       8   8    8 Sc         0   0   5   837  0.0  1.35 -9  23.3  15.2  14.7  13.8  13.8  -9 -9.0 -9  3  1
202505111300 108  14  2.3  -9 -9.0   -9  994.9 1004.9 -9  -9.0  17.8  12.2  70.0  14.2   -9.0    0.0    0.0   -9.0   -9.0   -9.0   -9.0 10 22 19                       7   7    8 Sc         0   0   5   931  0.5  2.51 -9  27.0  16.2  15.4  13.8  13.7  -9 -9.0 -9  3  1
202505111400 108  23  1.3  -9 -9.0   -9  994.5 1004.4 -9  -9.0  19.0  12.2  65.0  14.2   -9.0    0.0    0.0   -9.0   -9.0   -9.0   -9.0 -9 -9 19                       5   5    8 Sc         0   0   5  1252  0.4  2.46 -9  26.7  17.4  16.5  14.0  13.8  -9 -9.0 -9  3  2
202505111500 108  20  1.9  -9 -9.0   -9  993.9 1003.8  7  -1.9  19.6  11.6  60.0  13.7   -9.0    0.0    0.0   -9.0   -9.0   -9.0   -9.0 -9 -9 -                        8   8   10 Sc         0   0   5  1113  0.6  2.18 -9  25.6  18.2  17.3  14.3  13.8  -9 -9.0 -9  3  2
202505111600 108  27  2.9  -9 -9.0   -9  993.3 1003.2 -9  -9.0  19.3  11.8  62.0  13.8   -9.0    0.0    0.0   -9.0   -9.0   -9.0   -9.0 -9 -9 -                        7   3   12 ScCi       1   0   5  1306  0.5  1.49 -9  22.6  18.7  17.8  14.6  13.9  -9 -9.0 -9  3  2
202505111700 108  27  3.7  -9 -9.0   -9  993.3 1003.2 -9  -9.0  20.0  11.4  58.0  13.5   -9.0    0.0    0.0   -9.0   -9.0   -9.0   -9.0 -9 -9 -                        4   2   12 ScCi       1   0   5  1477  0.8  1.69 -9  22.7  18.7  17.9  14.9  14.0  -9 -9.0 -9  3  2
202505111800 108  27  4.3  -9 -9.0   -9  993.7 1003.6  5  -0.2  18.7  10.2  58.0  12.4   -9.0    0.0    0.0   -9.0   -9.0   -9.0   -9.0 -9 -9 -                        0   0   -9 -         -9  -9  -9  2094  1.0  1.15 -9  17.7  18.7  17.9  15.2  14.2  -9 -9.0 -9  3  2
202505111900 108  27  3.3  -9 -9.0   -9  994.1 1004.1 -9  -9.0  17.1   9.2  60.0  11.6   -9.0    0.0    0.0   -9.0   -9.0   -9.0   -9.0 -9 -9 -                        1   1   48 -         -9  -9  -9  2013  0.9  0.45 -9  15.1  18.2  17.6  15.5  14.4  -9 -9.0 -9  3 -9
202505112000 108  25  2.0  -9 -9.0   -9  994.5 1004.6 -9  -9.0  15.9   8.6  62.0  11.2   -9.0    0.0    0.0   -9.0   -9.0   -9.0   -9.0 -9 -9 -                        4   4   34 -         -9  -9  -9  2045  0.0  0.03 -9  13.3  17.6  17.1  15.7  14.6  -9 -9.0 -9  3 -9
202505112100 108  23  2.1  -9 -9.0   -9  995.3 1005.4  2   1.8  14.4   8.7  69.0  11.2   -9.0    0.0    0.0   -9.0   -9.0   -9.0   -9.0 -9 -9 -                        0   0   -9 -         -9  -9  -9  1285 -9.0 -9.00 -9  12.0  16.9  16.4  15.7  14.7  -9 -9.0 -9  3  2
202505112200 108  27  1.8  -9 -9.0   -9  995.8 1006.0 -9  -9.0  13.3   9.1  76.0  11.6   -9.0    0.0    0.0   -9.0   -9.0   -9.0   -9.0 -9 -9 -                        0   0   -9 -         -9  -9  -9  1039 -9.0 -9.00 -9  11.2  16.2  15.8  15.6  14.7  -9 -9.0 -9  3 -9
202505112300 108  25  1.1  -9 -9.0   -9  996.1 1006.3 -9  -9.0  12.7   8.9  78.0  11.4   -9.0    0.0    0.0   -9.0   -9.0   -9.0   -9.0 -9 -9 19                       0   0   -9 -         -9  -9  -9   912 -9.0 -9.00 -9  10.5  15.7  15.2  15.3  14.5  -9 -9.0 -9  3  2
202505120000 108  27  1.0  -9 -9.0   -9  996.6 1006.8  2   1.4  12.2   9.0  81.0  11.5   -9.0    0.0    0.0   -9.0   -9.0   -9.0   -9.0 10  0 19                       0   0   -9 -         -9  -9  -9   693 -9.0 -9.00 -9  10.1  15.2  14.9  15.6  15.0  -9 -9.0 -9  3  1
202505120100 108  25  1.4  -9 -9.0   -9  997.0 1007.2 -9  -9.0  11.7   9.0  84.0  11.5   -9.0   -9.0   -9.0   -9.0   -9.0   -9.0   -9.0 -9 -9 19                       0   0   -9 -         -9  -9  -9   489 -9.0 -9.00 -9   9.7  14.7  14.5  15.5  15.0  -9 -9.0 -9  3  2
202505120200 108  25  2.4  -9 -9.0   -9  997.3 1007.6 -9  -9.0  11.4   8.9  85.0  11.4   -9.0   -9.0   -9.0   -9.0   -9.0   -9.0   -9.0 -9 -9 19                       0   0   -9 -         -9  -9  -9   508 -9.0 -9.00 -9   9.5  14.4  14.0  15.0  14.6  -9 -9.0 -9  3  2
202505120300 108  27  1.2  -9 -9.0   -9  997.5 1007.8  2   1.0  11.4   9.3  87.0  11.7   -9.0   -9.0   -9.0   -9.0   -9.0   -9.0   -9.0 10  0 19                       0   0   -9 -         -9  -9  -9   479 -9.0 -9.00 -9   9.3  14.1  13.7  14.8  14.6  -9 -9.0 -9  3  1
202505120400 108  34  0.7  -9 -9.0   -9  997.7 1008.0 -9  -9.0  10.8   9.0  89.0  11.5   -9.0   -9.0   -9.0   -9.0   -9.0   -9.0   -9.0 10  0 19                       0   0   -9 -         -9  -9  -9   374 -9.0 -9.00 -9   8.9  13.8  13.5  14.8  14.7  -9 -9.0 -9  3  1
202505120500 108   2  2.0  -9 -9.0   -9  998.0 1008.3 -9  -9.0  10.2   8.4  89.0  11.0   -9.0   -9.0   -9.0   -9.0   -9.0   -9.0   -9.0 10  0 19                       0   0   -9 -         -9  -9  -9   331 -9.0 -9.00 -9   8.5  13.5  13.2  14.7  14.7  -9 -9.0 -9  3  1
202505120600 108   2  2.0  -9 -9.0   -9  998.4 1008.7  2   0.9   9.9   8.4  91.0  11.0   -9.0   -9.0   -9.0   -9.0   -9.0   -9.0   -9.0 10  0 19                       0   0   -9 -         -9  -9  -9   325  0.0  0.03 -9   8.7  13.2  13.0  14.5  14.6  -9 -9.0 -9  3  1
202505120700 108   5  2.5  -9 -9.0   -9  998.9 1009.2 -9  -9.0  10.7   9.6  93.0  11.9   -9.0   -9.0   -9.0   -9.0   -9.0   -9.0   -9.0 10  0 19                       0   0   -9 -         -9  -9  -9   391  0.8  0.40 -9  11.3  13.0  12.7  14.2  14.4  -9 -9.0 -9  3  1
202505120800 108   5  2.3  -9 -9.0   -9  999.3 1009.5 -9  -9.0  13.0  10.7  86.0  12.9   -9.0   -9.0   -9.0   -9.0   -9.0   -9.0   -9.0 10  0 19                       0   0   -9 -         -9  -9  -9   520  1.0  1.04 -9  16.9  13.2  13.0  14.4  14.7  -9 -9.0 -9  3  1
202505120900 108  29  1.2  -9 -9.0   -9  999.4 1009.5  1   0.8  15.0  10.1  73.0  12.4   -9.0   -9.0   -9.0   -9.0   -9.0   -9.0   -9.0 10  0 19                       0   0   -9 -         -9  -9  -9   739  1.0  1.86 -9  22.9  13.9  13.4  14.2  14.5  -9 -9.0 -9  3  1
202505121000 108  25  2.2  -9 -9.0   -9  999.6 1009.7 -9  -9.0  17.1  10.2  64.0  12.4   -9.0   -9.0   -9.0   -9.0   -9.0   -9.0   -9.0  5  0 4019                     0   0   -9 -         -9  -9  -9   933  1.0  2.53 -9  27.0  15.1  14.2  14.1  14.4  -9 -9.0 -9  3  1
202505121100 108  18  3.6  -9 -9.0   -9  999.8 1009.8 -9  -9.0  19.1   9.8  55.0  12.1   -9.0   -9.0   -9.0   -9.0   -9.0   -9.0   -9.0 -9 -9 40                       0   0   -9 -         -9  -9  -9  1038  1.0  3.14 -9  30.9  16.6  15.4  14.1  14.3  -9 -9.0 -9  3  2
202505121200 108  20  2.6  -9 -9.0   -9  999.4 1009.3  8  -0.2  20.6  10.6  53.0  12.8   -9.0   -9.0   -9.0   -9.0   -9.0   -9.0   -9.0 -9 -9 -                        0   0   -9 -         -9  -9  -9  1036  1.0  3.47 -9  33.8  18.1  16.8  14.2  14.2  -9 -9.0 -9  3  2
202505121300 108  23  3.9  -9 -9.0   -9  999.3 1009.2 -9  -9.0  21.8   7.9  41.0  10.6   -9.0   -9.0   -9.0   -9.0   -9.0   -9.0   -9.0 -9 -9 -                        0   0   -9 -         -9  -9  -9  1965  1.0  3.64 -9  35.9  19.6  18.2  14.5  14.2  -9 -9.0 -9  3  2
202505121400 108  18  5.3  -9 -9.0   -9  999.1 1008.9 -9  -9.0  22.3   8.0  40.0  10.7   -9.0   -9.0   -9.0   -9.0   -9.0   -9.0   -9.0 -9 -9 -                        0   0   -9 -         -9  -9  -9  2432  1.0  3.51 -9  36.8  20.6  19.3  14.8  14.2  -9 -9.0 -9  3  2
202505121500 108  25  4.1  -9 -9.0   -9  998.9 1008.7  7  -0.6  23.0   8.6  40.0  11.2   -9.0   -9.0   -9.0   -9.0   -9.0   -9.0   -9.0 -9 -9 -                        0   0   -9 -         -9  -9  -9  1925  1.0  3.18 -9  36.7  21.2  20.0  15.2  14.2  -9 -9.0 -9  3  2
202505121600 108  20  3.6  -9 -9.0   -9  998.6 1008.4 -9  -9.0  23.2   9.5  42.0  11.9   -9.0   -9.0   -9.0   -9.0   -9.0   -9.0   -9.0 -9 -9 -                        0   0   -9 -         -9  -9  -9  2240  1.0  2.64 -9  34.3  21.5  20.4  15.7  14.4  -9 -9.0 -9  3  2
202505121700 108  23  3.2  -9 -9.0   -9  998.6 1008.4 -9  -9.0  23.2   9.5  42.0  11.9   -9.0   -9.0   -9.0   -9.0   -9.0   -9.0   -9.0 -9 -9 -                        0   0   -9 -         -9  -9  -9  1877  1.0  1.93 -9  29.3  21.3  20.4  16.1  14.6  -9 -9.0 -9  3  2
202505121800 108  23  3.1  -9 -9.0   -9  998.7 1008.5  5  -0.2  22.4   9.1  43.0  11.6   -9.0   -9.0   -9.0   -9.0   -9.0   -9.0   -9.0 -9 -9 -                        0   0   -9 -         -9  -9  -9  2054  1.0  1.10 -9  23.0  21.1  20.1  16.4  14.6  -9 -9.0 -9  3  2
202505121900 108  23  2.3  -9 -9.0   -9  999.3 1009.2 -9  -9.0  21.2   6.6  39.0   9.7   -9.0   -9.0   -9.0   -9.0   -9.0   -9.0   -9.0 -9 -9 -                        0   0   -9 -         -9  -9  -9  2512  0.9  0.43 -9  19.2  20.5  19.7  16.6  14.8  -9 -9.0 -9  3 -9
202505122000 108  23  1.4  -9 -9.0   -9  999.7 1009.7 -9  -9.0  19.7   7.0  44.0  10.0   -9.0   -9.0   -9.0   -9.0   -9.0   -9.0   -9.0 -9 -9 -                        0   0   -9 -         -9  -9  -9  2332  0.0  0.03 -9  16.3  19.7  18.3  15.2  13.3  -9 -9.0 -9  3 -9
202505122100 108   0  0.1  -9 -9.0   -9 1000.1 1010.1  2   1.6  18.3   7.9  51.0  10.6   -9.0   -9.0   -9.0   -9.0   -9.0   -9.0   -9.0 -9 -9 -                        0   0   -9 -         -9  -9  -9  2142 -9.0 -9.00 -9  14.9  18.9  17.5  15.2  13.5  -9 -9.0 -9  3  2
202505122200 108   0  0.3  -9 -9.0   -9 1000.8 1010.9 -9  -9.0  17.0   8.6  58.0  11.2   -9.0   -9.0   -9.0   -9.0   -9.0   -9.0   -9.0 -9 -9 -                        0   0   -9 -         -9  -9  -9  2055 -9.0 -9.00 -9  13.8  18.1  16.8  15.1  13.5  -9 -9.0 -9  3 -9
202505122300 108   0  0.1  -9 -9.0   -9 1001.0 1011.1 -9  -9.0  16.2   8.1  59.0  10.8   -9.0   -9.0   -9.0   -9.0   -9.0   -9.0   -9.0 -9 -9 -                        0   0   -9 -         -9  -9  -9  2008 -9.0 -9.00 -9  12.8  17.5  16.2  15.0  13.6  -9 -9.0 -9  3 -9
202505130000 108   2  1.6  -9 -9.0   -9 1001.1 1011.2  2   1.1  15.5   8.4  63.0  11.0   -9.0   -9.0   -9.0   -9.0   -9.0   -9.0   -9.0 -9 -9 -                        0   0   -9 -         -9  -9  -9  1909 -9.0 -9.00 -9  12.6  16.9  15.7  15.0  13.8  -9 -9.0 -9  3  2
202505130100 108   2  1.4  -9 -9.0   -9 1001.3 1011.5 -9  -9.0  15.1   8.3  64.0  10.9   -9.0   -9.0   -9.0   -9.0   -9.0   -9.0   -9.0 -9 -9 -                        5   1   -9 -         -9  -9  -9  1896 -9.0 -9.00 -9  12.3  16.5  15.3  14.9  13.8  -9 -9.0 -9  3 -9
202505130200 108   2  1.9  -9 -9.0   -9 1001.4 1011.6 -9  -9.0  14.7   8.6  67.0  11.2   -9.0   -9.0   -9.0   -9.0   -9.0   -9.0   -9.0 -9 -9 -                        2   2   73 -         -9  -9  -9  1769 -9.0 -9.00 -9  12.0  16.2  15.0  14.7  13.9  -9 -9.0 -9  3 -9
202505130300 108   2  1.6  -9 -9.0   -9 1001.7 1011.9  2   0.7  14.3   8.6  69.0  11.2   -9.0   -9.0   -9.0   -9.0   -9.0   -9.0   -9.0 -9 -9 -                        0   0   -9 -         -9  -9  -9  1778 -9.0 -9.00 -9  11.5  15.9  14.6  14.5  13.8  -9 -9.0 -9  3  2
202505130400 108   2  1.3  -9 -9.0   -9 1002.0 1012.2 -9  -9.0  14.0   8.6  70.0  11.2   -9.0   -9.0   -9.0   -9.0   -9.0   -9.0   -9.0 -9 -9 -                        0   0   -9 -         -9  -9  -9  1682 -9.0 -9.00 -9  11.0  15.5  14.2  14.8  13.7  -9 -9.0 -9  3  2
202505130500 108   2  1.7  -9 -9.0   -9 1002.1 1012.3 -9  -9.0  13.4   8.4  72.0  11.0   -9.0   -9.0   -9.0   -9.0   -9.0   -9.0   -9.0 -9 -9 -                        0   0   -9 -         -9  -9  -9  1649 -9.0 -9.00 -9  10.7  15.2  14.2  14.5  14.0  -9 -9.0 -9  3  2
202505130600 108   5  1.4  -9 -9.0   -9 1002.4 1012.6  2   0.7  13.4   8.8  74.0  11.3   -9.0   -9.0   -9.0   -9.0   -9.0   -9.0   -9.0 -9 -9 -                        6   0   -9 Ci         1   0   0  1654  0.0  0.05 -9  11.7  14.9  13.9  14.3  13.9  -9 -9.0 -9  3  2
202505130700 108   5  1.6  -9 -9.0   -9 1002.9 1013.1 -9  -9.0  14.8   9.9  73.0  12.2   -9.0   -9.0   -9.0   -9.0   -9.0   -9.0   -9.0 -9 -9 -                        7   0   -9 Ci         1   0   0  1616  0.2  0.41 -9  15.2  14.8  13.6  13.0  13.2  -9 -9.0 -9  3  2
202505130800 108   5  2.4  -9 -9.0   -9 1003.2 1013.3 -9  -9.0  16.7  10.0  65.0  12.3   -9.0   -9.0   -9.0   -9.0   -9.0   -9.0   -9.0 -9 -9 -                        9   2   47 AcCs       8   3   0  1536  0.1  0.50 -9  17.2  15.2  14.0  14.0  13.9  -9 -9.0 -9  3  2
202505130900 108   5  2.0  -9 -9.0   -9 1003.8 1013.9  2   1.3  18.2  10.5  61.0  12.7   -9.0   -9.0   -9.0   -9.0   -9.0   -9.0   -9.0 -9 -9 -                        9   0   -9 Cs         6   0   0  1367  0.1  1.08 -9  19.8  15.8  14.0  13.1  13.0  -9 -9.0 -9  3  2
202505131000 108   5  2.0  -9 -9.0   -9 1004.3 1014.3 -9  -9.0  20.7  11.0  54.0  13.1   -9.0   -9.0   -9.0   -9.0   -9.0   -9.0   -9.0 -9 -9 -                        8   0   -9 Ci         2   0   0  1403  0.6  1.76 -9  27.0  16.6  15.0  13.9  13.7  -9 -9.0 -9  3  2
202505131100 108  20  3.3  -9 -9.0   -9 1004.3 1014.2 -9  -9.0  23.1   7.9  38.0  10.6   -9.0   -9.0   -9.0   -9.0   -9.0   -9.0   -9.0 -9 -9 -                        6   0   -9 Ci         1   0   0  1812  1.0  2.70 -9  32.1  17.8  15.9  13.8  13.6  -9 -9.0 -9  3  2
202505131200 108  20  5.1  -9 -9.0   -9 1004.2 1014.0  0   0.1  24.6   5.8  30.0   9.2   -9.0   -9.0   -9.0   -9.0   -9.0   -9.0   -9.0 -9 -9 -                        5   0   -9 Ci         1   0   0  1869  1.0  3.34 -9  34.8  19.4  17.2  13.9  13.5  -9 -9.0 -9  3  2
202505131300 108  23  4.9  23 10.0 1300 1004.4 1014.2 -9  -9.0  25.6   5.7  28.0   9.2   -9.0   -9.0   -9.0   -9.0   -9.0   -9.0   -9.0 -9 -9 -                        3   0   -9 Ci         1   0   0  2959  1.0  3.48 -9  37.8  20.7  18.4  14.0  13.4  -9 -9.0 -9  3  2
202505131400 108  23  5.6  23 12.0 1348 1004.5 1014.3 -9  -9.0  25.5   6.1  29.0   9.4   -9.0   -9.0   -9.0   -9.0   -9.0   -9.0   -9.0 -9 -9 -                        7   0   -9 Ci         1   0   0  2098  1.0  3.08 -9  36.0  21.5  19.3  14.3  13.4  -9 -9.0 -9  3  2
202505131500 108  23  4.5  23 12.0 1348 1004.3 1014.1  0   0.1  25.6   6.7  30.0   9.8   -9.0   -9.0   -9.0   -9.0   -9.0   -9.0   -9.0 -9 -9 -                        8   0   -9 Ci         1   0   0  2381  0.8  2.34 -9  35.1  21.8  19.6  14.6  13.4  -9 -9.0 -9  3  2
202505131600 108  20  5.0  -9 -9.0   -9 1004.0 1013.8 -9  -9.0  25.1   6.2  30.0   9.5   -9.0   -9.0   -9.0   -9.0   -9.0   -9.0   -9.0 -9 -9 -                        7   0   -9 Ci         1   0   0  2283  0.9  2.22 -9  32.4  22.0  19.9  15.0  13.5  -9 -9.0 -9  3  2
202505131700 108  23  4.6  25 10.0 1626 1003.8 1013.6 -9  -9.0  24.8   5.5  29.0   9.0   -9.0   -9.0   -9.0   -9.0   -9.0   -9.0   -9.0 -9 -9 -                        6   0   -9 Ci         1   0   0  2567  0.5  1.41 -9  29.2  21.9  19.9  15.3  13.7  -9 -9.0 -9  3  2
202505131800 108  25  3.8  25 10.0 1626 1003.6 1013.4  7  -0.7  24.6   4.8  28.0   8.6   -9.0   -9.0   -9.0   -9.0   -9.0   -9.0   -9.0 -9 -9 -                        5   0   -9 Ci         1   0   0  2643  1.0  1.10 -9  24.1  21.6  19.7  15.6  13.9  -9 -9.0 -9  3  2
202505131900 108  23  2.4  -9 -9.0   -9 1003.6 1013.4 -9  -9.0  23.7   6.4  33.0   9.6   -9.0   -9.0   -9.0   -9.0   -9.0   -9.0   -9.0 -9 -9 -                        6   6   53 -         -9  -9  -9  2224  0.8  0.48 -9  20.8  21.2  19.3  15.7  13.9  -9 -9.0 -9  3 -9
202505132000 108  18  2.9  -9 -9.0   -9 1004.0 1013.9 -9  -9.0  22.3   7.2  38.0  10.2   -9.0   -9.0   -9.0   -9.0   -9.0   -9.0   -9.0 -9 -9 -                        6   6   58 -         -9  -9  -9  2183  0.0  0.06 -9  18.2  20.6  18.9  16.0  14.2  -9 -9.0 -9  3 -9
202505132100 108  23  3.1  25 10.0 1626 1004.6 1014.5  2   1.1  21.1   6.2  38.0   9.5   -9.0   -9.0   -9.0   -9.0   -9.0   -9.0   -9.0 -9 -9 -                        5   0   -9 Ci         1   0   0  2039 -9.0 -9.00 -9  16.6  19.9  18.3  16.2  14.5  -9 -9.0 -9  3  2
202505132200 108  23  1.2  -9 -9.0   -9 1005.0 1015.0 -9  -9.0  20.2   6.1  40.0   9.4   -9.0   -9.0   -9.0   -9.0   -9.0   -9.0   -9.0 -9 -9 -                        4   3   -9 -         -9  -9  -9  1843 -9.0 -9.00 -9  15.3  19.2  17.8  16.2  14.6  -9 -9.0 -9  3 -9
202505132300 108  20  1.2  -9 -9.0   -9 1004.6 1014.6 -9  -9.0  18.9   6.3  44.0   9.5   -9.0   -9.0   -9.0   -9.0   -9.0   -9.0   -9.0 -9 -9 -                        0   0   -9 -         -9  -9  -9  1868 -9.0 -9.00 -9  14.2  18.6  18.1  17.9  16.6  -9 -9.0 -9  3 -9
202505140000 108  36  1.3  -9 -9.0   -9 1004.9 1014.9  0   0.4  17.7   6.8  49.0   9.9   -9.0   -9.0   -9.0   -9.0   -9.0   -9.0   -9.0 -9 -9 -                        0   0   -9 -         -9  -9  -9  1758 -9.0 -9.00 -9  13.5  18.0  17.6  17.8  16.7  -9 -9.0 -9  3  2
202505140100 108  34  0.7  -9 -9.0   -9 1005.4 1015.5 -9  -9.0  16.8   6.8  52.0   9.9   -9.0   -9.0   -9.0   -9.0   -9.0   -9.0   -9.0 -9 -9 -                        0   0   -9 -         -9  -9  -9  1712 -9.0 -9.00 -9  12.7  17.5  17.2  17.7  16.8  -9 -9.0 -9  3 -9
202505140200 108   0  0.2  -9 -9.0   -9 1005.4 1015.6 -9  -9.0  16.1   7.3  56.0  10.2   -9.0   -9.0   -9.0   -9.0   -9.0   -9.0   -9.0 -9 -9 -                        0   0   -9 -         -9  -9  -9  1629 -9.0 -9.00 -9  12.0  17.0  16.7  17.6  16.8  -9 -9.0 -9  3 -9
202505140300 108   2  2.0  -9 -9.0   -9 1005.6 1015.8  2   0.9  15.4   7.1  58.0  10.1   -9.0   -9.0   -9.0   -9.0   -9.0   -9.0   -9.0 -9 -9 -                        0   0   -9 -         -9  -9  -9  1580 -9.0 -9.00 -9  11.6  16.5  16.2  17.2  16.6  -9 -9.0 -9  3  2
202505140400 108   5  1.4  -9 -9.0   -9 1005.9 1016.1 -9  -9.0  15.0   7.2  60.0  10.2   -9.0   -9.0   -9.0   -9.0   -9.0   -9.0   -9.0 -9 -9 -                        0   0   -9 -         -9  -9  -9  1492 -9.0 -9.00 -9  11.0  16.2  15.6  16.6  16.1  -9 -9.0 -9  3  2
202505140500 108   2  1.4  -9 -9.0   -9 1005.8 1016.0 -9  -9.0  14.3   8.0  66.0  10.7   -9.0   -9.0   -9.0   -9.0   -9.0   -9.0   -9.0 -9 -9 -                        0   0   -9 -         -9  -9  -9  1434 -9.0 -9.00 -9  10.8  15.8  15.3  16.4  16.0  -9 -9.0 -9  3  2
202505140600 108   2  1.3  -9 -9.0   -9 1005.9 1016.1  1   0.3  14.1   7.6  65.0  10.4   -9.0   -9.0   -9.0   -9.0   -9.0   -9.0   -9.0 -9 -9 -                        0   0   -9 -         -9  -9  -9  1428  0.1  0.04 -9  10.9  15.5  15.2  16.6  16.3  -9 -9.0 -9  3  2
202505140700 108   2  1.3  -9 -9.0   -9 1006.3 1016.5 -9  -9.0  14.6   8.5  67.0  11.1   -9.0   -9.0   -9.0   -9.0   -9.0   -9.0   -9.0 -9 -9 -                        0   0   -9 -         -9  -9  -9  1435  1.0  0.42 -9  13.6  15.3  14.2  14.9  14.6  -9 -9.0 -9  3  2
202505140800 108   5  1.4  -9 -9.0   -9 1006.6 1016.7 -9  -9.0  17.7   9.5  59.0  11.9   -9.0   -9.0   -9.0   -9.0   -9.0   -9.0   -9.0 -9 -9 -                        0   0   -9 -         -9  -9  -9  1346  1.0  1.18 -9  19.8  15.7  14.3  14.5  14.4  -9 -9.0 -9  3  2
202505140900 108   7  1.8  -9 -9.0   -9 1006.5 1016.5  0   0.4  20.4   9.6  50.0  11.9   -9.0   -9.0   -9.0   -9.0   -9.0   -9.0   -9.0 -9 -9 -                        0   0   -9 -         -9  -9  -9  1536  1.0  1.91 -9  26.5  16.5  14.9  14.6  14.6  -9 -9.0 -9  3  2
202505141000 108  16  1.2  -9 -9.0   -9 1006.2 1016.1 -9  -9.0  22.2   9.6  45.0  11.9   -9.0   -9.0   -9.0   -9.0   -9.0   -9.0   -9.0 -9 -9 -                        0   0   -9 -         -9  -9  -9  1620  1.0  2.51 -9  31.9  17.7  15.8  14.5  14.4  -9 -9.0 -9  3  2
202505141100 108  20  3.4  -9 -9.0   -9 1005.6 1015.5 -9  -9.0  23.7   9.2  40.0  11.6   -9.0   -9.0   -9.0   -9.0   -9.0   -9.0   -9.0 -9 -9 -                        1   0   -9 Ci         1   0   0  2086  1.0  3.10 -9  36.3  19.1  16.9  14.4  14.2  -9 -9.0 -9  3  2
202505141200 108  20  3.9  -9 -9.0   -9 1005.1 1014.9  7  -1.6  25.0   9.2  37.0  11.6   -9.0   -9.0   -9.0   -9.0   -9.0   -9.0   -9.0 -9 -9 -                        2   0   -9 Ci         1   0   0  2003  1.0  3.44 -9  39.4  20.5  18.2  14.5  14.0  -9 -9.0 -9  3  2
202505141300 108  20  4.1  -9 -9.0   -9 1004.5 1014.3 -9  -9.0  25.6   7.6  32.0  10.4   -9.0   -9.0   -9.0   -9.0   -9.0   -9.0   -9.0 -9 -9 -                        6   0   -9 Ci         1   0   0  1754  1.0  3.58 -9  40.9  21.8  19.4  14.6  13.9  -9 -9.0 -9  3  2
202505141400 108  23  3.0  -9 -9.0   -9 1003.8 1013.5 -9  -9.0  26.5   9.3  34.0  11.7   -9.0   -9.0   -9.0   -9.0   -9.0   -9.0   -9.0 -9 -9 -                        8   0   -9 Ci         2   0   0  1874  1.0  3.12 -9  40.0  22.8  20.4  15.0  13.9  -9 -9.0 -9  3  2
202505141500 108  23  2.7  -9 -9.0   -9 1003.0 1012.7  7  -2.2  26.1   9.8  36.0  12.1   -9.0   -9.0   -9.0   -9.0   -9.0   -9.0   -9.0 -9 -9 -                        9   0   -9 Cs         6   0   0  2197  0.8  2.26 -9  34.1  23.2  21.0  15.3  14.0  -9 -9.0 -9  3  2
202505141600 108  25  4.8  -9 -9.0   -9 1003.3 1013.1 -9  -9.0  25.3   9.1  36.0  11.6   -9.0   -9.0   -9.0   -9.0   -9.0   -9.0   -9.0 -9 -9 -                        6   0   -9 Ci         1   0   0  2393  0.5  1.90 -9  34.6  23.2  21.1  15.7  14.0  -9 -9.0 -9  3  2
202505141700 108  25  4.8  -9 -9.0   -9 1003.3 1013.1 -9  -9.0  24.4   9.1  38.0  11.6   -9.0   -9.0   -9.0   -9.0   -9.0   -9.0   -9.0 -9 -9 -                        6   0   -9 Ci         1   0   0  2546  0.7  1.39 -9  29.0  22.9  20.9  16.1  14.3  -9 -9.0 -9  3  2
202505141800 108  23  3.6  -9 -9.0   -9 1003.4 1013.2  2   0.5  24.0  10.9  44.0  13.0   -9.0   -9.0   -9.0   -9.0   -9.0   -9.0   -9.0 -9 -9 -                        3   0   -9 Ci         1   0   0  3031  1.0  1.03 -9  24.6  22.5  20.6  16.4  14.5  -9 -9.0 -9  3  2
202505141900 108  23  2.6  -9 -9.0   -9 1003.4 1013.3 -9  -9.0  23.1  12.1  50.0  14.1   -9.0   -9.0   -9.0   -9.0   -9.0   -9.0   -9.0 -9 -9 -                        5   5   64 -         -9  -9  -9  3133  0.6  0.40 -9  21.5  21.9  20.2  16.5  14.6  -9 -9.0 -9  3 -9
202505142000 108  23  2.7  -9 -9.0   -9 1003.4 1013.3 -9  -9.0  22.0  12.5  55.0  14.5   -9.0   -9.0   -9.0   -9.0   -9.0   -9.0   -9.0 -9 -9 -                        7   7   62 -         -9  -9  -9  2735  0.0  0.03 -9  19.4  21.1  19.7  16.7  14.7  -9 -9.0 -9  3 -9
202505142100 108  20  2.2  -9 -9.0   -9 1003.9 1013.8  2   0.6  21.7  14.3  63.0  16.3   -9.0   -9.0   -9.0   -9.0   -9.0   -9.0   -9.0 -9 -9 -                        5   3    8 ScCi       1   0   5  2710 -9.0 -9.00 -9  19.4  20.7  19.2  16.8  15.0  -9 -9.0 -9  3  2
202505142200 108  23  2.1  -9 -9.0   -9 1003.8 1013.7 -9  -9.0  21.2  14.3  65.0  16.3   -9.0   -9.0   -9.0   -9.0   -9.0   -9.0   -9.0 -9 -9 -                        7   5   12 -         -9  -9  -9  2431 -9.0 -9.00 -9  18.6  20.2  18.9  16.8  15.1  -9 -9.0 -9  3 -9
202505142300 108  23  2.6  -9 -9.0   -9 1003.4 1013.3 -9  -9.0  21.3  14.9  67.0  16.9   -9.0   -9.0   -9.0   -9.0   -9.0   -9.0   -9.0 -9 -9 -                        9   9    8 -         -9  -9  -9  2272 -9.0 -9.00 -9  19.1  19.9  18.6  16.8  15.3  -9 -9.0 -9  3 -9
202505150000 108  20  3.1  -9 -9.0   -9 1002.8 1012.7  7  -1.1  21.3  15.3  69.0  17.4    0.0    0.0    0.0   -9.0   -9.0   -9.0   -9.0 21 62 01                       9   9    7 Sc         0   0   5  2302 -9.0 -9.00 -9  18.9  19.7  18.4  16.8  15.4  -9 -9.0 -9  4  1
202505150100 108   0  0.2  -9 -9.0   -9 1002.1 1012.0 -9  -9.0  21.1  15.1  69.0  17.2   -9.0   -9.0   -9.0   -9.0   -9.0   -9.0   -9.0 -9 -9 -                       10   8    9 -         -9  -9  -9  2263 -9.0 -9.00 -9  18.7  19.5  18.2  16.8  15.4  -9 -9.0 -9  3 -9
202505150200 108  18  4.2  -9 -9.0   -9 1001.9 1011.8 -9  -9.0  21.1  15.4  70.0  17.5    0.0    0.0    0.0   -9.0   -9.0   -9.0   -9.0 60 62 01                      10   6    8 ScAs      -9   2   5  2147 -9.0 -9.00 -9  18.8  19.4  18.1  16.7  15.5  -9 -9.0 -9  4  1
202505150300 108  20  2.9  -9 -9.0   -9 1001.8 1011.7  7  -1.0  20.4  15.6  74.0  17.7    0.0    0.0    0.0   -9.0   -9.0   -9.0   -9.0 61 66 01                      10   6    8 StNs      -9   2   7  1670 -9.0 -9.00 -9  18.2  19.2  18.0  16.5  15.5  -9 -9.0 -9  4  1
202505150400 108  23  2.6  -9 -9.0   -9 1001.7 1011.7 -9  -9.0  19.7  16.3  81.0  18.5    0.1    0.1    0.1   -9.0   -9.0   -9.0   -9.0 61 66 01                      10   8    5 StNs      -9   2   7  1053 -9.0 -9.00 -9  17.9  18.9  17.8  16.5  15.4  -9 -9.0 -9  4  1
202505150500 108  20  2.0  -9 -9.0   -9 1001.5 1011.5 -9  -9.0  19.3  16.7  85.0  19.0    0.2    0.3    0.3   -9.0   -9.0   -9.0   -9.0 61 66 1901                    10   7    5 StNs      -9   2   7   671 -9.0 -9.00 -9  17.8  18.7  17.6  16.4  15.4  -9 -9.0 -9  4  1
202505150600 108  23  2.6  -9 -9.0   -9 1001.9 1011.9  3   0.2  18.9  17.2  90.0  19.6    0.0    0.3    0.3   -9.0   -9.0   -9.0   -9.0 60 66 1901                    10   6    9 ScAs      -9   2   5   466  0.0  0.00 -9  17.7  18.6  17.6  16.3  15.4  -9 -9.0 -9  4  1
202505150700 108  23  2.9  -9 -9.0   -9 1002.0 1012.0 -9  -9.0  18.6  17.4  93.0  19.9    0.2    0.5    0.5   -9.0   -9.0   -9.0   -9.0 51 65 190201                  10  10    5 St        -9  -9   7   255  0.0  0.03 -9  17.8  18.5  17.4  16.3  15.3  -9 -9.0 -9  4  1
202505150800 108  23  3.4  -9 -9.0   -9 1002.6 1012.6 -9  -9.0  18.2  17.0  93.0  19.4    0.2    0.7    0.7   -9.0   -9.0   -9.0   -9.0 51 55 1902                    10  10    5 St        -9  -9   7   278  0.0  0.05 -9  17.7  18.4  17.3  16.1  15.3  -9 -9.0 -9  4  1
202505150900 108  25  4.2  -9 -9.0   -9 1003.2 1013.3  2   1.4  17.1  15.9  93.0  18.1    0.3    1.0    1.0   -9.0   -9.0   -9.0   -9.0 51 65 1902                    10  10    2 St        -9  -9   7   480  0.0  0.11 -9  17.4  18.3  17.2  16.0  15.2  -9 -9.0 -9  1  1
202505151000 108  25  2.1  -9 -9.0   -9 1003.9 1014.0 -9  -9.0  16.9  15.5  92.0  17.6    0.1    1.1    1.1   -9.0   -9.0   -9.0   -9.0 50 55 1902                    10  10    2 St        -9  -9   7   740  0.0  0.22 -9  17.9  18.2  17.1  16.0  15.2  -9 -9.0 -9  4  1
202505151100 108  20  2.4  -9 -9.0   -9 1004.1 1014.2 -9  -9.0  17.3  15.6  90.0  17.7    0.0    1.1    1.1   -9.0   -9.0   -9.0   -9.0 20 52 1902                    10  10    2 St        -9  -9   6  1052  0.0  0.56 -9  21.5  18.2  17.1  15.9  15.1  -9 -9.0 -9  4  1
202505151200 108  20  2.5  -9 -9.0   -9 1004.1 1014.1  0   0.8  18.7  15.9  84.0  18.1   -9.0    1.1    1.1   -9.0   -9.0   -9.0   -9.0 -9 52 -                        9   9    2 St         0   0   6  1437  0.0  1.38 -9  24.5  18.6  17.3  15.7  15.0  -9 -9.0 -9  3  1
202505151300 108  20  1.7  -9 -9.0   -9 1003.8 1013.8 -9  -9.0  19.7  16.1  80.0  18.3   -9.0    1.1    1.1   -9.0   -9.0   -9.0   -9.0 -9 -9 -                        9   9    3 St         0   0   6  1393  0.0  1.43 -9  25.8  19.5  17.9  15.8  15.0  -9 -9.0 -9  3  2
202505151400 108  20  1.7  -9 -9.0   -9 1003.6 1013.6 -9  -9.0  20.2  16.4  79.0  18.6   -9.0    1.1    1.1   -9.0   -9.0   -9.0   -9.0 -9 -9 -                        9   9    6 Sc         0   0   5  1009  0.0  0.99 -9  24.1  20.1  18.4  15.8  15.0  -9 -9.0 -9  3  2
202505151500 108  25  1.7  -9 -9.0   -9 1003.3 1013.2  7  -0.9  21.1  16.2  74.0  18.4   -9.0    1.1    1.1   -9.0   -9.0   -9.0   -9.0 -9 52 -                        8   8    6 Sc         0   0   5  1145  0.0  1.38 -9  26.0  20.4  18.7  15.9  15.0  -9 -9.0 -9  3  1
202505151600 108  18  2.5  -9 -9.0   -9 1002.9 1012.8 -9  -9.0  22.0  16.0  69.0  18.2   -9.0    1.1    1.1   -9.0   -9.0   -9.0   -9.0 -9 -9 -                        7   5    7 ScCi       1   0   5  1308  0.3  1.50 -9  26.5  20.8  19.1  16.0  15.0  -9 -9.0 -9  3  2
202505151700 108  16  2.4  -9 -9.0   -9 1003.0 1012.9 -9  -9.0  22.1  15.6  67.0  17.7   -9.0    1.1    1.1   -9.0   -9.0   -9.0   -9.0 -9 -9 -                        7   4    7 ScCi       1   0   5  1246  0.5  1.26 -9  24.9  21.1  19.4  16.1  15.0  -9 -9.0 -9  3  2
202505151800 108  23  2.1  -9 -9.0   -9 1003.2 1013.1  5  -0.1  21.7  15.5  68.0  17.6   -9.0    1.1    1.1   -9.0   -9.0   -9.0   -9.0 -9 -9 -                        7   1   10 ScCi       1   0   5  1254  0.0  0.64 -9  21.9  21.1  19.5  16.2  15.0  -9 -9.0 -9  3  2
202505151900 108  20  1.9  -9 -9.0   -9 1003.7 1013.6 -9  -9.0  21.0  15.5  71.0  17.6   -9.0    1.1    1.1   -9.0   -9.0   -9.0   -9.0 -9 -9 -                        8   1   -9 -         -9  -9  -9  1064  0.0  0.32 -9  19.7  20.9  19.3  16.3  15.0  -9 -9.0 -9  3 -9
202505152000 108  18  2.4  -9 -9.0   -9 1004.3 1014.3 -9  -9.0  20.3  15.9  76.0  18.1   -9.0    1.1    1.1   -9.0   -9.0   -9.0   -9.0 -9 -9 19                       8   6    7 -         -9  -9  -9   732  0.0  0.03 -9  18.1  20.4  18.9  16.4  15.0  -9 -9.0 -9  3  2
202505152100 108  25  1.5  -9 -9.0   -9 1004.7 1014.7  2   1.6  19.6  15.6  78.0  17.7   -9.0    1.1    1.1   -9.0   -9.0   -9.0   -9.0 10 22 19                       8   0   -9 Ci         1   0   0   584 -9.0 -9.00 -9  16.9  19.9  18.5  16.5  15.1  -9 -9.0 -9  3  1
202505152200 108  25  1.4  -9 -9.0   -9 1005.1 1015.1 -9  -9.0  19.0  15.6  81.0  17.7   -9.0    1.1    1.1   -9.0   -9.0   -9.0   -9.0 -9 -9 19                       6   1    4 -         -9  -9  -9   547 -9.0 -9.00 -9  16.2  19.4  18.1  16.4  15.2  -9 -9.0 -9  3  2
202505152300 108  23  1.2  -9 -9.0   -9 1005.4 1015.5 -9  -9.0  18.5  15.9  85.0  18.1   -9.0    1.1    1.1   -9.0   -9.0   -9.0   -9.0 -9 -9 19                       8   1   -9 -         -9  -9  -9   492 -9.0 -9.00 -9  15.7  19.0  17.7  16.4  15.3  -9 -9.0 -9  3  2
202505160000 108  25  0.9  -9 -9.0   -9 1005.4 1015.4  0   0.7  18.3  15.9  86.0  18.1   -9.0    1.1    1.1   -9.0   -9.0   -9.0   -9.0 10 22 19                       9   9    8 Sc         0   0   5   456 -9.0 -9.00 -9  16.4  18.6  17.4  16.3  15.3  -9 -9.0 -9  3  1
202505160100 108  27  1.3  -9 -9.0   -9 1005.2 1015.3 -9  -9.0  18.5  16.4  88.0  18.6   -9.0   -9.0   -9.0   -9.0   -9.0   -9.0   -9.0 -9 -9 19                       9   9    3 -         -9  -9  -9   454 -9.0 -9.00 -9  17.0  18.4  17.2  16.2  15.3  -9 -9.0 -9  3  2
202505160200 108   0  0.4  -9 -9.0   -9 1005.3 1015.4 -9  -9.0  18.6  16.2  86.0  18.4   -9.0   -9.0   -9.0   -9.0   -9.0   -9.0   -9.0 -9 -9 19                       4   4    2 -         -9  -9  -9   463 -9.0 -9.00 -9  17.4  18.3  17.1  16.1  15.3  -9 -9.0 -9  3  2
202505160300 108  27  1.0  -9 -9.0   -9 1004.9 1014.9  7  -0.5  18.7  16.4  87.0  18.6    0.0    0.0    0.0   -9.0   -9.0   -9.0   -9.0 50 52 1902                    10  10    5 St        -9  -9   7   385 -9.0 -9.00 -9  17.6  18.3  17.1  16.1  15.3  -9 -9.0 -9  4  1
202505160400 108  36  0.9  -9 -9.0   -9 1004.5 1014.5 -9  -9.0  18.5  16.8  90.0  19.1    0.0    0.0    0.0   -9.0   -9.0   -9.0   -9.0 51 55 1902                    10  10    3 St        -9  -9   7   164 -9.0 -9.00 -9  17.6  18.3  17.0  16.0  15.2  -9 -9.0 -9  4  1
202505160500 108   5  2.2  -9 -9.0   -9 1004.1 1014.2 -9  -9.0  18.3  16.9  92.0  19.2    0.0    0.0    0.0   -9.0   -9.0   -9.0   -9.0 51 55 1902                    10  10    3 St        -9  -9   7   161 -9.0 -9.00 -9  17.5  18.2  17.0  15.9  15.2  -9 -9.0 -9  4  1
202505160600 108   5  2.3  -9 -9.0   -9 1003.9 1014.0  7  -0.9  18.2  17.2  94.0  19.6    0.0    0.0    0.0   -9.0   -9.0   -9.0   -9.0 51 55 1902                    10  10    3 St        -9  -9   7   170  0.0  0.01 -9  17.5  18.2  16.9  15.8  15.1  -9 -9.0 -9  4  1
202505160700 108   5  1.6  -9 -9.0   -9 1003.5 1013.5 -9  -9.0  18.5  17.5  94.0  20.0    1.2    1.2    1.2   -9.0   -9.0   -9.0   -9.0 61 65 190201                  10   7    3 StNs      -9   2   7   186  0.0  0.09 -9  18.0  18.1  16.9  15.7  15.1  -9 -9.0 -9  4  1
202505160800 108   5  2.3  -9 -9.0   -9 1003.7 1013.7 -9  -9.0  19.0  18.1  95.0  20.8    0.2    1.4    1.4   -9.0   -9.0   -9.0   -9.0 21 62 1901                    10  10    3 St        -9  -9   6   254  0.0  0.21 -9  19.4  18.1  16.9  15.7  15.1  -9 -9.0 -9  4  1
202505160900 108   5  1.4  -9 -9.0   -9 1003.5 1013.5  6  -0.5  19.7  18.7  94.0  21.6    1.4    2.8    2.8   -9.0   -9.0   -9.0   -9.0 60 65 1901                    10   8    7 ScAs      -9   2   5   250  0.0  0.43 -9  20.7  18.3  17.1  15.7  15.1  -9 -9.0 -9  1  1
202505161000 108   7  1.3  -9 -9.0   -9 1003.2 1013.2 -9  -9.0  20.4  19.0  92.0  22.0    0.7    3.5    3.5   -9.0   -9.0   -9.0   -9.0 60 66 1901                    10   8    7 ScAs      -9   2   5   315  0.0  0.70 -9  21.6  18.7  17.4  15.7  15.1  -9 -9.0 -9  4  1
202505161100 108   5  1.0  -9 -9.0   -9 1003.0 1013.0 -9  -9.0  20.3  19.2  94.0  22.2    6.4    9.9    9.9   -9.0   -9.0   -9.0   -9.0 63 66 1901                    10   8    4 StNs      -9   2   7   273  0.0  0.30 -9  20.5  19.0  17.7  15.7  15.0  -9 -9.0 -9  4  1
202505161200 108   2  1.5  -9 -9.0   -9 1002.2 1012.1  7  -1.4  20.8  19.7  94.0  22.9    3.2   13.1   13.1   -9.0   -9.0   -9.0   -9.0 62 66 1901                    10   8    8 ScAs      -9   2   5   142  0.0  0.38 -9  21.1  19.2  17.8  15.7  14.9  -9 -9.0 -9  4  1
202505161300 108   5  1.3  -9 -9.0   -9 1001.3 1011.2 -9  -9.0  21.3  20.1  93.0  23.5    0.1   13.2   13.2   -9.0   -9.0   -9.0   -9.0 60 66 1901                    10   8    8 ScAs      -9   2   5   465  0.0  0.39 -9  22.1  19.4  18.0  15.7  14.9  -9 -9.0 -9  4  1
202505161400 108  23  0.7  -9 -9.0   -9 1000.5 1010.4 -9  -9.0  21.5  20.4  94.0  24.0    3.6   16.8   16.8   -9.0   -9.0   -9.0   -9.0 63 66 1901                    10   8    5 StNs      -9   2   7   392  0.0  0.33 -9  21.8  19.6  18.2  15.8  14.9  -9 -9.0 -9  4  1
202505161500 108  27  3.0  -9 -9.0   -9  999.9 1009.8  7  -2.3  21.8  20.6  93.0  24.3    0.5   17.3   17.3   -9.0   -9.0   -9.0   -9.0 60 66 1901                    10   7   10 ScAs      -9   2   5   424  0.0  0.46 -9  22.3  19.8  18.4  15.9  15.0  -9 -9.0 -9  4  1
202505161600 108  32  3.6  -9 -9.0   -9  999.6 1009.5 -9  -9.0  21.2  20.0  93.0  23.4    3.5   20.8   20.8   -9.0   -9.0   -9.0   -9.0 95 98 190401                  10   8    4 CbStNs    -9   2   9   392  0.0  0.30 -9  20.5  20.0  18.5  16.0  14.9  -9 -9.0 -9  4  1
202505161700 108  11  2.2  -9 -9.0   -9  999.8 1009.7 -9  -9.0  20.0  18.8  93.0  21.7   13.0   33.8   33.8   -9.0   -9.0   -9.0   -9.0 95 98 1904                    10   9    4 CbStNs    -9   2   9  3142  0.0  0.09 -9  19.5  19.8  18.5  16.0  14.9  -9 -9.0 -9  4  1
202505161800 108  27  2.2  -9 -9.0   -9  999.1 1009.1  7  -0.7  19.5  18.5  94.0  21.3    9.2   43.0   43.0   -9.0   -9.0   -9.0   -9.0 95 98 1904                    10   8    4 CbStNs    -9   2   9   679  0.0  0.02 -9  18.6  19.5  18.2  16.1  15.0  -9 -9.0 -9  4  1
202505161900 108  16  2.0  -9 -9.0   -9  999.3 1009.3 -9  -9.0  19.3  18.6  96.0  21.4    1.3   44.3   44.3   -9.0   -9.0   -9.0   -9.0 91 98 190401                  10   8    4 StNs      -9   2   7   674  0.0  0.04 -9  18.6  19.3  17.9  16.2  15.2  -9 -9.0 -9  4  1
202505162000 108   7  2.2  -9 -9.0   -9  998.9 1008.9 -9  -9.0  19.0  18.3  96.0  21.0    4.5   48.8   48.8   -9.0   -9.0   -9.0   -9.0 63 66 1901                    10   9    4 StNs      -9   2   7   436  0.0  0.00 -9  18.1  19.1  17.8  16.2  15.2  -9 -9.0 -9  4  1
202505162100 108   7  2.3  -9 -9.0   -9  997.3 1007.3  8  -1.8  18.4  17.4  94.0  19.9    2.5   51.3   51.3   -9.0   -9.0   -9.0   -9.0 61 98 1901                    10   8    2 StNs      -9   2   7  1175 -9.0 -9.00 -9  17.6  18.9  17.6  16.2  15.3  -9 -9.0 -9  1  1
202505162200 108   5  3.2  -9 -9.0   -9  997.1 1007.1 -9  -9.0  18.2  17.0  93.0  19.4    0.0   51.3   51.3   -9.0   -9.0   -9.0   -9.0 60 66 01                       8   4   10 ScAs       0   2   5  1991 -9.0 -9.00 -9  17.3  18.8  17.5  16.1  15.3  -9 -9.0 -9  4  1
202505162300 108   2  1.7  -9 -9.0   -9  996.6 1006.6 -9  -9.0  17.9  16.5  92.0  18.8    0.0   51.3   51.3   -9.0   -9.0   -9.0   -9.0 21 62 01                       7   3   11 ScAc       0   3   5  2370 -9.0 -9.00 -9  16.8  18.6  17.3  16.0  15.2  -9 -9.0 -9  4  1
202505170000 108  32  1.7  -9 -9.0   -9  996.7 1006.6  6  -0.7  17.9  16.4  91.0  18.6   -9.0   51.3   51.3   -9.0   -9.0   -9.0   -9.0 -9 62 -                        8   8    8 Sc         0   0   5  2723 -9.0 -9.00 -9  17.0  18.4  17.0  15.7  15.0  -9 -9.0 -9  3  1
202505170100 108   5  1.5  -9 -9.0   -9  995.9 1005.9 -9  -9.0  17.6  16.1  91.0  18.3   -9.0   -9.0   -9.0   -9.0   -9.0   -9.0   -9.0 -9 -9 -                        6   3   64 -         -9  -9  -9  3101 -9.0 -9.00 -9  15.9  18.3  16.9  15.7  15.1  -9 -9.0 -9  3 -9
202505170200 108   5  2.0  -9 -9.0   -9  994.8 1004.8 -9  -9.0  17.2  15.8  92.0  17.9   -9.0   -9.0   -9.0   -9.0   -9.0   -9.0   -9.0 -9 -9 -                        0   0   -9 -         -9  -9  -9  2436 -9.0 -9.00 -9  15.2  18.1  16.9  15.9  15.3  -9 -9.0 -9  3 -9
202505170300 108   7  1.5  -9 -9.0   -9  994.5 1004.5  7  -2.1  17.0  15.8  93.0  17.9   -9.0   -9.0   -9.0   -9.0   -9.0   -9.0   -9.0 -9 61 -                        0   0   -9 -         -9  -9  -9  2040 -9.0 -9.00 -9  14.8  17.8  16.6  15.9  15.3  -9 -9.0 -9  3  1
202505170400 108  34  0.8  -9 -9.0   -9  994.1 1004.1 -9  -9.0  16.7  15.7  94.0  17.8   -9.0   -9.0   -9.0   -9.0   -9.0   -9.0   -9.0 -9 -9 -                        0   0   -9 -         -9  -9  -9  2083 -9.0 -9.00 -9  14.4  17.6  16.4  15.8  15.3  -9 -9.0 -9  3  2
202505170500 108  27  2.3  -9 -9.0   -9  994.0 1004.0 -9  -9.0  16.2  15.3  95.0  17.4   -9.0   -9.0   -9.0   -9.0   -9.0   -9.0   -9.0 -9 -9 -                        0   0   -9 -         -9  -9  -9  1162 -9.0 -9.00 -9  14.3  17.3  16.2  15.7  15.3  -9 -9.0 -9  3  2
202505170600 108  25  2.0  -9 -9.0   -9  994.4 1004.4  5  -0.1  16.3  15.6  96.0  17.7   -9.0   -9.0   -9.0   -9.0   -9.0   -9.0   -9.0 -9 -9 -                        0   0   -9 -         -9  -9  -9  1204  0.2  0.06 -9  14.5  17.0  16.0  15.6  15.3  -9 -9.0 -9  3  2
202505170700 108  29  0.8  -9 -9.0   -9  994.7 1004.7 -9  -9.0  16.7  16.0  96.0  18.2   -9.0   -9.0   -9.0   -9.0   -9.0   -9.0   -9.0 -9 -9 -                        2   0   -9 Ci         1   0   0  1349  1.0  0.51 -9  17.0  16.9  16.9  17.6  17.4  -9 -9.0 -9  3  2
202505170800 108  23  1.3  -9 -9.0   -9  995.1 1005.1 -9  -9.0  18.4  17.4  94.0  19.9   -9.0   -9.0   -9.0   -9.0   -9.0   -9.0   -9.0 -9 -9 -                        4   0   -9 Ci         1   0   0  2123  1.0  1.27 -9  22.6  17.4  17.0  17.6  17.5  -9 -9.0 -9  3  2
202505170900 108  23  1.5  -9 -9.0   -9  994.8 1004.7  0   0.3  20.1  17.8  87.0  20.4   -9.0   -9.0   -9.0   -9.0   -9.0   -9.0   -9.0 -9 -9 -                        8   3    5 ScCi       1   0   5  2628  0.9  1.80 -9  26.3  18.1  17.6  17.5  17.4  -9 -9.0 -9  3  2
202505171000 108  20  1.8  -9 -9.0   -9  994.8 1004.6 -9  -9.0  21.3  17.5  79.0  20.0   -9.0   -9.0   -9.0   -9.0   -9.0   -9.0   -9.0 -9 -9 -                        6   6    5 Sc         0   0   5  2831  0.7  2.15 -9  29.6  18.9  18.2  17.4  17.3  -9 -9.0 -9  3  2
202505171100 108  18  2.8  -9 -9.0   -9  994.5 1004.3 -9  -9.0  22.2  16.4  70.0  18.6   -9.0   -9.0   -9.0   -9.0   -9.0   -9.0   -9.0 -9 -9 -                        8   6    7 ScCi       1   0   5  2970  0.6  2.37 -9  29.2  20.1  19.1  17.4  17.2  -9 -9.0 -9  3  2
202505171200 108  20  3.6  -9 -9.0   -9  994.6 1004.4  5  -0.3  23.2  16.7  67.0  19.0   -9.0   -9.0   -9.0   -9.0   -9.0   -9.0   -9.0 -9 -9 -                        5   4    9 ScCi       1   0   5  3523  0.6  2.68 -9  34.4  20.9  20.1  17.6  17.1  -9 -9.0 -9  3  2
202505171300 108  20  4.1  -9 -9.0   -9  993.7 1003.4 -9  -9.0  24.1  16.8  64.0  19.1   -9.0   -9.0   -9.0   -9.0   -9.0   -9.0   -9.0 -9 -9 -                        6   3    9 ScAcCi     1   3   5  3481  0.8  3.20 -9  34.6  22.2  21.1  17.7  17.1  -9 -9.0 -9  3  2
202505171400 108  20  3.7  -9 -9.0   -9  993.3 1003.0 -9  -9.0  23.9  16.9  65.0  19.2   -9.0   -9.0   -9.0   -9.0   -9.0   -9.0   -9.0 -9 -9 -                        9   5    9 ScAc       0   3   5  4177  0.2  1.88 -9  28.6  23.0  21.9  18.1  17.1  -9 -9.0 -9  3  2
202505171500 108  23  3.8  -9 -9.0   -9  993.5 1003.3  5  -1.1  22.2  16.4  70.0  18.6   -9.0   -9.0   -9.0   -9.0   -9.0   -9.0   -9.0 -9 -9 -                       10   7    8 ScAs      -9   2   5  3304  0.0  0.68 -9  24.0  22.9  20.9  16.2  14.9  -9 -9.0 -9  3  2
202505171600 108  23  4.4  27 10.0 1536  993.9 1003.8 -9  -9.0  19.8  15.6  77.0  17.7   -9.0   -9.0   -9.0   -9.0   -9.0   -9.0   -9.0 -9 -9 -                       10   6    8 ScAs      -9   2   5  2143  0.0  0.55 -9  22.5  22.4  20.5  16.4  14.9  -9 -9.0 -9  3  2
202505171700 108  23  3.7  -9 -9.0   -9  993.9 1003.8 -9  -9.0  18.9  15.9  83.0  18.1    0.0    0.0    0.0   -9.0   -9.0   -9.0   -9.0 60 62 01                      10   7    5 ScAs      -9   2   5  1764  0.0  0.16 -9  19.9  21.9  20.0  16.6  15.0  -9 -9.0 -9  4  1
202505171800 108  23  4.7  27 10.0 1536  994.2 1004.2  2   0.9  17.7  16.3  92.0  18.5    0.7    0.7    0.7   -9.0   -9.0   -9.0   -9.0 61 66 1901                    10   8    4 StNs      -9   2   7   586  0.0  0.03 -9  18.5  21.2  20.6  19.1  17.7  -9 -9.0 -9  4  1
202505171900 108  25  4.4  16 11.0 1840  994.8 1004.8 -9  -9.0  16.6  15.2  92.0  17.3    1.5    2.2    2.2   -9.0   -9.0   -9.0   -9.0 61 66 1901                    10   8    4 StNs      -9   2   7   990  0.0  0.02 -9  17.5  20.5  20.1  19.2  17.8  -9 -9.0 -9  4  1
202505172000 108  23  3.5  -9 -9.0   -9  995.3 1005.4 -9  -9.0  15.7  14.5  93.0  16.5    0.0    2.2    2.2   -9.0   -9.0   -9.0   -9.0 51 65 190201                  10  10    2 St        -9  -9   7   453  0.0  0.00 -9  16.9  20.0  19.6  19.2  18.0  -9 -9.0 -9  4  1
202505172100 108  27  2.1  16 11.0 1840  996.2 1006.3  2   2.1  15.4  14.4  94.0  16.4    0.0    2.2    2.2   -9.0   -9.0   -9.0   -9.0 51 65 1902                    10  10    1 St        -9  -9   7   233 -9.0 -9.00 -9  16.7  19.6  19.2  19.1  18.0  -9 -9.0 -9  1  1
202505172200 108  25  3.2  -9 -9.0   -9  997.1 1007.2 -9  -9.0  15.0  14.1  95.0  16.1    0.0    2.2    2.2   -9.0   -9.0   -9.0   -9.0 51 55 1902                    10  10    1 St        -9  -9   7   218 -9.0 -9.00 -9  16.2  19.2  18.9  19.0  18.1  -9 -9.0 -9  4  1
202505172300 108  25  2.2  -9 -9.0   -9  997.4 1007.5 -9  -9.0  14.9  13.7  93.0  15.7    0.0    2.2    2.2   -9.0   -9.0   -9.0   -9.0 20 52 1902                     8   8    3 St         0   0   6   583 -9.0 -9.00 -9  16.1  18.9  18.6  18.9  18.1  -9 -9.0 -9  4  1
202505180000 108  23  2.4  -9 -9.0   -9  997.8 1007.9  2   1.6  14.7  13.4  92.0  15.4   -9.0    2.2    2.2   -9.0   -9.0   -9.0   -9.0 10 52 19                       8   8    4 St         0   0   6   860 -9.0 -9.00 -9  15.2  18.6  18.4  18.8  18.1  -9 -9.0 -9  3  1
202505180100 108  25  2.7  -9 -9.0   -9  997.7 1007.9 -9  -9.0  14.1  12.3  89.0  14.3   -9.0   -9.0   -9.0   -9.0   -9.0   -9.0   -9.0 -9 -9 19                       6   6    3 -         -9  -9  -9  1321 -9.0 -9.00 -9  14.1  18.3  18.1  18.6  18.1  -9 -9.0 -9  3  2
202505180200 108  27  3.1  -9 -9.0   -9  998.3 1008.5 -9  -9.0  13.7  12.0  90.0  14.0   -9.0   -9.0   -9.0   -9.0   -9.0   -9.0   -9.0 -9 -9 -                        7   6    2 -         -9  -9  -9  1283 -9.0 -9.00 -9  13.9  17.9  17.7  18.4  17.9  -9 -9.0 -9  3 -9
202505180300 108  29  2.0  -9 -9.0   -9  998.9 1009.1  2   1.2  13.2  11.2  88.0  13.3   -9.0   -9.0   -9.0   -9.0   -9.0   -9.0   -9.0 -9 52 -                        8   8    5 Sc         0   0   5  1422 -9.0 -9.00 -9  13.7  17.6  16.3  16.1  15.5  -9 -9.0 -9  3  1
202505180400 108  32  4.1  -9 -9.0   -9  999.1 1009.3 -9  -9.0  12.4   9.7  84.0  12.0   -9.0   -9.0   -9.0   -9.0   -9.0   -9.0   -9.0 -9 -9 -                        7   1    5 ScCi       1   0   5  1594 -9.0 -9.00 -9  12.6  17.3  16.1  16.0  15.5  -9 -9.0 -9  3  2
202505180500 108  29  2.8  -9 -9.0   -9  999.4 1009.7 -9  -9.0  11.8   9.3  85.0  11.7   -9.0   -9.0   -9.0   -9.0   -9.0   -9.0   -9.0 -9 -9 -                        6   1    7 ScCi       1   0   5  1575 -9.0 -9.00 -9  11.4  16.9  15.6  15.7  15.3  -9 -9.0 -9  3  2
202505180600 108  34  1.7  -9 -9.0   -9 1000.0 1010.3  2   1.2  11.4   9.1  86.0  11.6   -9.0   -9.0   -9.0   -9.0   -9.0   -9.0   -9.0 -9 -9 -                        7   1    7 ScCi       1   0   5  1500  0.0  0.04 -9  11.5  16.5  15.2  15.5  15.2  -9 -9.0 -9  3  2
202505180700 108  29  2.8  -9 -9.0   -9 1000.7 1011.0 -9  -9.0  11.7   9.4  86.0  11.8   -9.0   -9.0   -9.0   -9.0   -9.0   -9.0   -9.0 -9 -9 -                        7   0   -9 Ci         1   0   0  1538  0.2  0.41 -9  13.7  16.2  14.9  15.3  15.0  -9 -9.0 -9  3  2
202505180800 108  29  3.0  -9 -9.0   -9 1001.4 1011.6 -9  -9.0  12.6   9.0  79.0  11.5   -9.0   -9.0   -9.0   -9.0   -9.0   -9.0   -9.0 -9 -9 -                        7   0   -9 Ci         1   0   0  2068  0.3  0.74 -9  16.5  16.1  14.9  15.1  15.0  -9 -9.0 -9  3  2
202505180900 108  29  2.6  -9 -9.0   -9 1001.7 1011.9  2   1.6  13.7   9.5  76.0  11.9   -9.0   -9.0   -9.0   -9.0   -9.0   -9.0   -9.0 -9 -9 -                        9   0   -9 Ci         2   0   0  2488  0.5  1.38 -9  19.7  16.2  15.1  15.1  15.1  -9 -9.0 -9  3  2
202505181000 108  36  1.0  -9 -9.0   -9 1001.5 1011.6 -9  -9.0  15.5   9.8  69.0  12.1   -9.0   -9.0   -9.0   -9.0   -9.0   -9.0   -9.0 -9 -9 -                        8   0   -9 Ci         2   0   0  2466  0.8  1.98 -9  25.7  17.0  16.6  17.2  17.4  -9 -9.0 -9  3  2
202505181100 108  27  2.4  -9 -9.0   -9 1001.3 1011.4 -9  -9.0  16.7   9.1  61.0  11.6   -9.0   -9.0   -9.0   -9.0   -9.0   -9.0   -9.0 -9 -9 -                        4   0   -9 Ci         1   0   0  2430  0.7  2.36 -9  28.8  17.9  17.2  17.1  17.2  -9 -9.0 -9  3  2
202505181200 108  29  2.8  -9 -9.0   -9 1001.0 1011.0  7  -0.9  18.2   6.6  47.0   9.7   -9.0   -9.0   -9.0   -9.0   -9.0   -9.0   -9.0 -9 -9 -                        0   0   -9 -         -9  -9  -9  3465  1.0  3.48 -9  32.1  19.1  18.2  17.1  17.1  -9 -9.0 -9  3  2
202505181300 108  25  2.8  -9 -9.0   -9 1001.1 1011.1 -9  -9.0  19.4   7.1  45.0  10.1   -9.0   -9.0   -9.0   -9.0   -9.0   -9.0   -9.0 -9 -9 -                        0   0   -9 -         -9  -9  -9  3120  1.0  3.69 -9  34.0  20.4  19.2  17.1  16.9  -9 -9.0 -9  3  2
202505181400 108  27  3.8  -9 -9.0   -9 1000.7 1010.6 -9  -9.0  20.1   3.3  33.0   7.7   -9.0   -9.0   -9.0   -9.0   -9.0   -9.0   -9.0 -9 -9 -                        0   0   -9 -         -9  -9  -9  2883  1.0  3.58 -9  34.8  21.3  20.3  17.4  16.9  -9 -9.0 -9  3  2
202505181500 108  25  3.4  -9 -9.0   -9  999.8 1009.7  8  -1.3  21.0   4.0  33.0   8.1   -9.0   -9.0   -9.0   -9.0   -9.0   -9.0   -9.0 -9 -9 -                        0   0   -9 -         -9  -9  -9  3224  1.0  3.26 -9  34.6  21.9  21.0  17.6  16.9  -9 -9.0 -9  3  2
202505181600 108  23  2.7  -9 -9.0   -9  999.1 1009.0 -9  -9.0  20.7   5.0  36.0   8.7   -9.0   -9.0   -9.0   -9.0   -9.0   -9.0   -9.0 -9 -9 -                        0   0   -9 -         -9  -9  -9  2899  1.0  2.71 -9  31.4  22.1  21.2  17.9  16.9  -9 -9.0 -9  3  2
202505181700 108  27  4.7  -9 -9.0   -9  999.0 1008.9 -9  -9.0  19.9   3.9  35.0   8.1   -9.0   -9.0   -9.0   -9.0   -9.0   -9.0   -9.0 -9 -9 -                        0   0   -9 -         -9  -9  -9  2532  1.0  2.04 -9  25.7  22.0  20.7  17.2  16.2  -9 -9.0 -9  3  2
202505181800 108  27  3.6  -9 -9.0   -9  999.1 1009.1  5  -0.6  19.3   5.3  40.0   8.9   -9.0   -9.0   -9.0   -9.0   -9.0   -9.0   -9.0 -9 -9 -                        0   0   -9 -         -9  -9  -9  3097  1.0  1.28 -9  20.6  21.6  20.0  16.8  15.3  -9 -9.0 -9  3  2
202505181900 108  27  3.6  -9 -9.0   -9  999.2 1009.2 -9  -9.0  17.7   4.9  43.0   8.7   -9.0   -9.0   -9.0   -9.0   -9.0   -9.0   -9.0 -9 -9 -                        0   0   -9 -         -9  -9  -9  2887  1.0  0.51 -9  17.3  21.0  19.5  16.9  15.4  -9 -9.0 -9  3 -9
202505182000 108  27  3.1  -9 -9.0   -9 1000.1 1010.2 -9  -9.0  16.1   3.1  42.0   7.6   -9.0   -9.0   -9.0   -9.0   -9.0   -9.0   -9.0 -9 -9 -                        0   0   -9 -         -9  -9  -9  2920  0.0  0.05 -9  14.7  20.3  18.9  17.0  15.6  -9 -9.0 -9  3 -9
202505182100 108  29  1.6  -9 -9.0   -9 1000.4 1010.5  2   1.4  15.0   3.4  46.0   7.8   -9.0   -9.0   -9.0   -9.0   -9.0   -9.0   -9.0 -9 -9 -                        0   0   -9 -         -9  -9  -9  2865 -9.0 -9.00 -9  13.5  19.5  18.2  17.0  15.7  -9 -9.0 -9  3  2
202505182200 108  27  0.9  -9 -9.0   -9 1001.1 1011.3 -9  -9.0  14.2   3.3  48.0   7.7   -9.0   -9.0   -9.0   -9.0   -9.0   -9.0   -9.0 -9 -9 -                        0   0   -9 -         -9  -9  -9  2800 -9.0 -9.00 -9  12.5  18.7  17.3  16.7  15.5  -9 -9.0 -9  3 -9
202505182300 108  27  1.1  -9 -9.0   -9 1001.0 1011.2 -9  -9.0  13.6   3.6  51.0   7.9   -9.0   -9.0   -9.0   -9.0   -9.0   -9.0   -9.0 -9 -9 -                        0   0   -9 -         -9  -9  -9  2789 -9.0 -9.00 -9  11.8  18.1  16.7  16.5  15.5  -9 -9.0 -9  3 -9
202505190000 108  34  1.5  -9 -9.0   -9 1000.3 1010.5  4   0.0  12.8   4.7  58.0   8.5   -9.0   -9.0   -9.0   -9.0   -9.0   -9.0   -9.0 -9 -9 -                        0   0   -9 -         -9  -9  -9  2813 -9.0 -9.00 -9  11.2  17.5  16.0  16.1  15.3  -9 -9.0 -9  3  2
202505190100 108   0  0.2  -9 -9.0   -9  999.8 1010.0 -9  -9.0  12.2   4.1  58.0   8.2   -9.0   -9.0   -9.0   -9.0   -9.0   -9.0   -9.0 -9 -9 -                        0   0   -9 -         -9  -9  -9  2781 -9.0 -9.00 -9  10.6  17.0  15.8  16.3  15.7  -9 -9.0 -9  3 -9
202505190200 108  34  0.5  -9 -9.0   -9  999.5 1009.8 -9  -9.0  11.7   3.4  57.0   7.8   -9.0   -9.0   -9.0   -9.0   -9.0   -9.0   -9.0 -9 -9 -                        2   2   74 -         -9  -9  -9  2834 -9.0 -9.00 -9  10.2  16.5  15.2  15.8  15.3  -9 -9.0 -9  3 -9
202505190300 108  34  0.8  -9 -9.0   -9  998.8 1009.1  7  -1.4  11.3   4.0  61.0   8.1   -9.0   -9.0   -9.0   -9.0   -9.0   -9.0   -9.0 -9 -9 -                        0   0   -9 -         -9  -9  -9  2686 -9.0 -9.00 -9   9.8  16.0  14.8  15.5  15.2  -9 -9.0 -9  3  2
202505190400 108   5  2.0  -9 -9.0   -9  998.7 1009.0 -9  -9.0  10.5   3.2  61.0   7.7   -9.0   -9.0   -9.0   -9.0   -9.0   -9.0   -9.0 -9 -9 -                        6   0   -9 Ci         1   0   0  2784 -9.0 -9.00 -9   9.4  15.7  14.5  15.4  15.3  -9 -9.0 -9  3  2
202505190500 108   7  1.9  -9 -9.0   -9  997.9 1008.2 -9  -9.0  10.6   4.0  64.0   8.1   -9.0   -9.0   -9.0   -9.0   -9.0   -9.0   -9.0 -9 -9 -                        2   0   -9 Ci         1   0   0  2566 -9.0 -9.00 -9   9.6  15.3  14.2  15.4  15.4  -9 -9.0 -9  3  2
202505190600 108   5  3.5  -9 -9.0   -9  996.8 1007.1  7  -2.0  11.3   5.1  66.0   8.8   -9.0   -9.0   -9.0   -9.0   -9.0   -9.0   -9.0 -9 -9 -                        9   7   33 AcCi       1   3   0  2293  0.0  0.03 -9  10.8  15.1  14.0  15.1  15.2  -9 -9.0 -9  3  2
202505190700 108   7  2.2  -9 -9.0   -9  997.1 1007.3 -9  -9.0  12.2   5.3  63.0   8.9   -9.0   -9.0   -9.0   -9.0   -9.0   -9.0   -9.0 -9 -9 -                        8   8   33 Ac         0   3   0  2156  0.0  0.20 -9  13.0  15.0  13.9  15.0  15.2  -9 -9.0 -9  3  2
202505190800 108   5  1.7  -9 -9.0   -9  997.3 1007.5 -9  -9.0  13.6   6.2  61.0   9.5   -9.0   -9.0   -9.0   -9.0   -9.0   -9.0   -9.0 -9 -9 -                       10   2   31 AcCs       7   3   0  2328  0.1  0.58 -9  15.3  15.2  14.9  16.5  17.0  -9 -9.0 -9  3  2
202505190900 108   5  2.7  -9 -9.0   -9  997.3 1007.5  1   0.4  14.0   6.3  60.0   9.5   -9.0   -9.0   -9.0   -9.0   -9.0   -9.0   -9.0 -9 -9 -                        9   9   35 Ac         0   3   0  2062  0.0  0.36 -9  14.6  15.5  15.3  16.7  17.2  -9 -9.0 -9  3  2
202505191000 108   5  2.0  -9 -9.0   -9  996.7 1006.8 -9  -9.0  14.9   6.1  56.0   9.4   -9.0   -9.0   -9.0   -9.0   -9.0   -9.0   -9.0 -9 -9 -                        9   9   37 Ac         0   3   0  2055  0.0  0.53 -9  16.1  15.8  15.5  16.6  17.1  -9 -9.0 -9  3  2
202505191100 108  20  3.1  -9 -9.0   -9  995.9 1005.9 -9  -9.0  17.2   8.8  58.0  11.3   -9.0   -9.0   -9.0   -9.0   -9.0   -9.0   -9.0 -9 -9 -                        9   9   40 Ac         0   3   0  2012  0.0  1.26 -9  20.3  16.2  15.3  15.5  15.9  -9 -9.0 -9  3  2
202505191200 108  20  2.9  -9 -9.0   -9  995.5 1005.4  7  -2.1  18.8   9.0  53.0  11.5   -9.0   -9.0   -9.0   -9.0   -9.0   -9.0   -9.0 -9 -9 -                        8   8   37 Ac         0   3   0  1760  0.1  1.67 -9  23.6  17.0  16.3  16.0  16.3  -9 -9.0 -9  3  2
202505191300 108  20  3.3  -9 -9.0   -9  994.5 1004.4 -9  -9.0  19.8   8.4  48.0  11.0   -9.0   -9.0   -9.0   -9.0   -9.0   -9.0   -9.0 -9 -9 -                        8   3   11 ScAc       0   3   5  3062  0.0  1.50 -9  24.7  17.7  16.9  15.9  16.1  -9 -9.0 -9  3  2
202505191400 108  23  4.4  -9 -9.0   -9  993.9 1003.8 -9  -9.0  19.9   7.9  46.0  10.6   -9.0   -9.0   -9.0   -9.0   -9.0   -9.0   -9.0 -9 -9 -                        9   7    9 ScAc       0   3   5  2630  0.1  1.37 -9  23.6  18.3  17.4  16.0  16.0  -9 -9.0 -9  3  2
202505191500 108  23  3.2  -9 -9.0   -9  993.2 1003.1  7  -2.3  20.2  10.5  54.0  12.7   -9.0   -9.0   -9.0   -9.0   -9.0   -9.0   -9.0 -9 -9 -                        8   6    8 ScAc       0   3   5  2361  0.1  1.58 -9  25.4  18.7  17.9  16.3  16.1  -9 -9.0 -9  3  2
202505191600 108  20  3.7  -9 -9.0   -9  992.9 1002.8 -9  -9.0  20.5  12.9  62.0  14.9   -9.0   -9.0   -9.0   -9.0   -9.0   -9.0   -9.0 -9 -9 -                       10   5    8 ScAs      -9   2   5  1411  0.5  1.87 -9  25.2  19.2  18.3  16.4  16.1  -9 -9.0 -9  3  2
202505191700 108  20  3.5  -9 -9.0   -9  992.6 1002.5 -9  -9.0  19.4  13.7  70.0  15.7   -9.0   -9.0   -9.0   -9.0   -9.0   -9.0   -9.0 -9 -9 -                        9   7    7 ScAs       0   2   5  1611  0.0  0.71 -9  21.9  19.5  18.4  16.1  15.6  -9 -9.0 -9  3  2
202505191800 108  20  4.7  -9 -9.0   -9  992.2 1002.1  7  -1.0  18.3  14.3  78.0  16.3   -9.0   -9.0   -9.0   -9.0   -9.0   -9.0   -9.0 -9 -9 -                        9   9    5 Sc         0   0   5  1077  0.0  0.23 -9  19.0  19.5  18.0  15.3  14.6  -9 -9.0 -9  3  2
202505191900 108  18  5.5  -9 -9.0   -9  991.9 1001.9 -9  -9.0  17.8  15.0  84.0  17.0    0.0    0.0    0.0   -9.0   -9.0   -9.0   -9.0 50 52 1902                    10  10    2 St        -9  -9   7   667  0.0  0.04 -9  17.9  19.1  17.7  15.5  14.7  -9 -9.0 -9  4  1
202505192000 108  20  2.8  -9 -9.0   -9  992.4 1002.4 -9  -9.0  17.5  16.1  92.0  18.3    0.3    0.3    0.3   -9.0   -9.0   -9.0   -9.0 51 55 1902                    10  10    2 St        -9  -9   7   239  0.0  0.00 -9  17.5  18.7  17.4  15.6  14.8  -9 -9.0 -9  4  1
202505192100 108  23  3.2  -9 -9.0   -9  993.3 1003.3  3   1.2  17.6  16.6  94.0  18.9    0.6    0.9    0.9   -9.0   -9.0   -9.0   -9.0 51 55 1902                    10  10    2 St        -9  -9   7   248 -9.0 -9.00 -9  17.4  18.4  17.2  15.6  14.8  -9 -9.0 -9  1  1
202505192200 108  23  4.0  -9 -9.0   -9  994.2 1004.2 -9  -9.0  17.5  16.8  96.0  19.1    0.2    1.1    1.1   -9.0   -9.0   -9.0   -9.0 51 55 1902                    10  10    2 St        -9  -9   7   302 -9.0 -9.00 -9  17.2  18.2  17.0  15.6  14.9  -9 -9.0 -9  4  1
202505192300 108  23  3.7  -9 -9.0   -9  994.8 1004.8 -9  -9.0  17.4  16.7  96.0  19.0    0.2    1.3    1.3   -9.0   -9.0   -9.0   -9.0 51 55 1902                    10  10    2 St        -9  -9   7   262 -9.0 -9.00 -9  17.2  18.1  16.9  15.6  14.9  -9 -9.0 -9  4  1
202505200000 108  23  2.8  -9 -9.0   -9  994.8 1004.7  0   1.4  17.4  16.9  97.0  19.2    0.3    1.6    1.6   -9.0   -9.0   -9.0   -9.0 51 55 1902                    10  10    2 St        -9  -9   7   191 -9.0 -9.00 -9  17.2  18.0  16.7  15.6  14.9  -9 -9.0 -9  4  1
202505200100 108  23  2.4  -9 -9.0   -9  995.1 1005.1 -9  -9.0  17.6  16.7  95.0  19.0    0.6    0.6    0.6   -9.0   -9.0   -9.0   -9.0 51 55 1902                    10  10    2 St        -9  -9   7   334 -9.0 -9.00 -9  17.2  17.9  16.7  15.5  15.0  -9 -9.0 -9  4  1
202505200200 108  23  2.6  -9 -9.0   -9  995.3 1005.3 -9  -9.0  17.6  16.9  96.0  19.2    0.2    0.8    0.8   -9.0   -9.0   -9.0   -9.0 61 65 190201                  10   8    2 StNs      -9   2   7   422 -9.0 -9.00 -9  17.1  17.8  16.6  15.5  15.0  -9 -9.0 -9  4  1
202505200300 108  27  2.6  -9 -9.0   -9  995.8 1005.8  2   1.1  17.6  16.7  95.0  19.0    0.2    1.0    1.0   -9.0   -9.0   -9.0   -9.0 21 65 1901                    10  10    3 St        -9  -9   6   493 -9.0 -9.00 -9  17.1  17.8  16.5  15.5  14.9  -9 -9.0 -9  4  1
202505200400 108  25  1.8  -9 -9.0   -9  996.0 1006.0 -9  -9.0  17.7  16.7  94.0  19.0   -9.0    1.0    1.0   -9.0   -9.0   -9.0   -9.0 10 22 19                      10  10    3 St        -9  -9   6   891 -9.0 -9.00 -9  17.1  17.7  16.5  15.4  14.9  -9 -9.0 -9  3  1
202505200500 108  25  2.0  -9 -9.0   -9  996.2 1006.2 -9  -9.0  17.7  16.5  93.0  18.8   -9.0    1.0    1.0   -9.0   -9.0   -9.0   -9.0 10 22 19                       9   9    4 St         0   0   6   983 -9.0 -9.00 -9  17.1  17.7  16.4  15.4  14.9  -9 -9.0 -9  3  1
202505200600 108  23  2.0  -9 -9.0   -9  997.1 1007.1  2   1.3  17.9  16.7  93.0  19.0   -9.0    1.0    1.0   -9.0   -9.0   -9.0   -9.0 -9 -9 19                       9   9    4 St         0   0   6  1260  0.0  0.01 -9  17.2  17.6  16.4  15.4  14.9  -9 -9.0 -9  3  2
202505200700 108  25  1.6  -9 -9.0   -9  997.6 1007.6 -9  -9.0  18.2  16.8  92.0  19.1   -9.0    1.0    1.0   -9.0   -9.0   -9.0   -9.0 -9 -9 -                       10  10    4 St        -9  -9   6  1479  0.0  0.04 -9  17.6  17.6  16.4  15.3  14.9  -9 -9.0 -9  3  2
202505200800 108  20  2.5  -9 -9.0   -9  997.6 1007.6 -9  -9.0  18.8  17.6  93.0  20.1   -9.0    1.0    1.0   -9.0   -9.0   -9.0   -9.0 -9 -9 -                       10  10    4 St        -9  -9   6  2081  0.0  0.14 -9  18.5  17.6  16.4  15.3  14.9  -9 -9.0 -9  3  2
202505200900 108  18  2.6  -9 -9.0   -9  997.5 1007.4  0   0.3  19.4  18.0  92.0  20.6   -9.0    1.0    1.0   -9.0   -9.0   -9.0   -9.0 -9 -9 -                       10  10    3 St        -9  -9   6  1964  0.0  0.24 -9  19.4  17.8  16.5  15.3  14.8  -9 -9.0 -9  3  2
202505201000 108  20  2.9  -9 -9.0   -9  997.7 1007.6 -9  -9.0  20.1  18.5  91.0  21.3    0.0    1.0    1.0   -9.0   -9.0   -9.0   -9.0 50 52 02                      10  10    4 St        -9  -9   7  1277  0.0  0.24 -9  19.6  18.0  16.7  15.2  14.8  -9 -9.0 -9  4  1
202505201100 108  20  2.1  -9 -9.0   -9  997.6 1007.5 -9  -9.0  20.7  19.1  91.0  22.1    0.0    1.0    1.0   -9.0   -9.0   -9.0   -9.0 50 55 02                      10  10    5 St        -9  -9   7  1628  0.0  0.31 -9  20.7  18.2  16.8  15.1  14.6  -9 -9.0 -9  4  1
202505201200 108  20  3.1  -9 -9.0   -9  997.0 1006.8  8  -0.6  21.8  19.8  89.0  23.1    0.0    1.0    1.0   -9.0   -9.0   -9.0   -9.0 20 52 02                      10  10    5 St        -9  -9   6  2471  0.0  0.51 -9  22.9  18.4  17.1  15.2  14.7  -9 -9.0 -9  4  1
202505201300 108  23  3.5  -9 -9.0   -9  996.6 1006.4 -9  -9.0  24.3  21.0  82.0  24.9   -9.0    1.0    1.0   -9.0   -9.0   -9.0   -9.0 -9 -9 -                        8   8    8 Sc         0   0   5  2418  0.3  2.00 -9  31.1  19.0  17.6  15.3  14.8  -9 -9.0 -9  3  2
202505201400 108  23  3.1  -9 -9.0   -9  996.0 1005.7 -9  -9.0  26.1  21.5  76.0  25.6   -9.0    1.0    1.0   -9.0   -9.0   -9.0   -9.0 -9 -9 -                        5   5    9 Sc         0   0   5  3723  0.7  2.87 -9  34.3  20.3  18.8  15.6  14.9  -9 -9.0 -9  3  2
202505201500 108  23  3.9  -9 -9.0   -9  995.6 1005.2  7  -1.6  27.0  21.5  72.0  25.6   -9.0    1.0    1.0   -9.0   -9.0   -9.0   -9.0 -9 51 -                        2   2    7 Sc         0   0   5  3520  1.0  2.91 -9  34.2  21.7  20.9  17.5  16.9  -9 -9.0 -9  3  1
202505201600 108  23  4.4  -9 -9.0   -9  996.0 1005.7 -9  -9.0  26.5  20.8  71.0  24.6   -9.0    1.0    1.0   -9.0   -9.0   -9.0   -9.0 -9 -9 -                        4   4    6 Sc         0   0   5  3857  0.6  1.84 -9  29.6  22.6  21.6  17.7  16.7  -9 -9.0 -9  3  2
202505201700 108  23  3.4  -9 -9.0   -9  996.1 1005.8 -9  -9.0  26.1  21.0  74.0  24.9   -9.0    1.0    1.0   -9.0   -9.0   -9.0   -9.0 -9 -9 -                        6   6    6 Sc         0   0   5  3249  0.4  1.16 -9  27.4  22.8  21.7  17.7  16.5  -9 -9.0 -9  3  2
202505201800 108  23  3.0  -9 -9.0   -9  996.0 1005.7  0   0.5  25.2  21.0  78.0  24.9   -9.0    1.0    1.0   -9.0   -9.0   -9.0   -9.0 -9 -9 -                        8   8    5 Sc         0   0   5  3523  0.0  0.51 -9  24.8  22.7  20.9  16.4  14.9  -9 -9.0 -9  3  2
202505201900 108  25  2.9  -9 -9.0   -9  996.1 1005.8 -9  -9.0  24.6  21.1  81.0  25.0    0.0    1.0    1.0   -9.0   -9.0   -9.0   -9.0 21 62 01                       8   8    8 Sc         0   0   5  2956  0.0  0.15 -9  23.3  22.4  20.7  16.6  15.0  -9 -9.0 -9  4  1
202505202000 108  23  2.2  -9 -9.0   -9  996.9 1006.6 -9  -9.0  24.5  21.4  83.0  25.5    0.0    1.0    1.0   -9.0   -9.0   -9.0   -9.0 60 62 01                       9   9    8 Sc         0   0   5  2521  0.0  0.03 -9  22.5  22.1  20.4  16.7  15.1  -9 -9.0 -9  4  1
202505202100 108  20  1.3  -9 -9.0   -9  997.3 1007.0  2   1.3  24.5  21.4  83.0  25.5    0.0    1.0    1.0   -9.0   -9.0   -9.0   -9.0 60 66 01                       9   9    8 Sc         0   0   5  2200 -9.0 -9.00 -9  22.3  21.8  20.2  16.9  15.3  -9 -9.0 -9  1  1
202505202200 108  23  1.8  -9 -9.0   -9  998.0 1007.8 -9  -9.0  24.5  21.2  82.0  25.2    0.0    1.0    1.0   -9.0   -9.0   -9.0   -9.0 60 66 01                       9   9    8 Sc         0   0   5  2302 -9.0 -9.00 -9  22.0  21.6  20.0  17.0  15.4  -9 -9.0 -9  4  1
202505202300 108  23  1.6  -9 -9.0   -9  998.3 1008.1 -9  -9.0  24.5  21.2  82.0  25.2    0.0    1.0    1.0   -9.0   -9.0   -9.0   -9.0 60 66 01                       9   9    8 Sc         0   0   5  2126 -9.0 -9.00 -9  21.9  21.5  19.9  17.1  15.5  -9 -9.0 -9  4  1
202505210000 108  23  0.9  -9 -9.0   -9  998.4 1008.1  1   1.1  24.3  21.0  82.0  24.9    0.0    1.0    1.0   -9.0   -9.0   -9.0   -9.0 21 62 01                       2   1   11 ScAc       0   3   5  2574 -9.0 -9.00 -9  21.0  21.4  19.6  16.7  15.3  -9 -9.0 -9  4  1
202505210100 108  25  1.2  -9 -9.0   -9  998.6 1008.4 -9  -9.0  24.0  21.1  84.0  25.0   -9.0   -9.0   -9.0   -9.0   -9.0   -9.0   -9.0 -9 -9 -                       10  10    6 -         -9  -9  -9  2280 -9.0 -9.00 -9  21.3  21.1  19.4  16.7  15.3  -9 -9.0 -9  3 -9
202505210200 108  25  2.0  -9 -9.0   -9  998.7 1008.5 -9  -9.0  23.7  21.5  88.0  25.6   -9.0   -9.0   -9.0   -9.0   -9.0   -9.0   -9.0 -9 -9 -                       10  10    3 -         -9  -9  -9  1399 -9.0 -9.00 -9  21.3  21.0  19.3  16.8  15.4  -9 -9.0 -9  3 -9
202505210300 108  20  1.0  -9 -9.0   -9  998.1 1007.9  8  -0.2  23.6  21.4  88.0  25.5   -9.0   -9.0   -9.0   -9.0   -9.0   -9.0   -9.0 -9 62 -                        9   9    7 Sc         0   0   5  1242 -9.0 -9.00 -9  21.2  21.0  19.2  16.7  15.4  -9 -9.0 -9  3  1
202505210400 108  34  0.5  -9 -9.0   -9  997.8 1007.6 -9  -9.0  23.4  21.2  88.0  25.2   -9.0   -9.0   -9.0   -9.0   -9.0   -9.0   -9.0 -9 -9 -                        7   7    8 Sc         0   0   5  1037 -9.0 -9.00 -9  20.5  20.9  19.2  16.7  15.4  -9 -9.0 -9  3  2
202505210500 108  27  2.1  -9 -9.0   -9  998.2 1008.0 -9  -9.0  23.1  21.1  89.0  25.0   -9.0   -9.0   -9.0   -9.0   -9.0   -9.0   -9.0 -9 -9 -                        9   9    7 Sc         0   0   5  1246 -9.0 -9.00 -9  20.8  20.7  19.1  16.7  15.5  -9 -9.0 -9  3  2
202505210600 108  25  1.6  -9 -9.0   -9  998.0 1007.8  5  -0.1  23.0  20.8  88.0  24.6   -9.0   -9.0   -9.0   -9.0   -9.0   -9.0   -9.0 -9 -9 -                        7   4   10 ScAc       0   3   5  1706  0.0  0.05 -9  20.9  20.7  19.0  16.7  15.5  -9 -9.0 -9  3  2
202505210700 108  27  0.7  -9 -9.0   -9  997.7 1007.5 -9  -9.0  23.3  20.8  86.0  24.6   -9.0   -9.0   -9.0   -9.0   -9.0   -9.0   -9.0 -9 -9 -                        7   3    8 ScAcCi     1   3   5  2309  0.4  0.41 -9  22.4  20.7  19.0  16.7  15.5  -9 -9.0 -9  3  2
202505210800 108  23  1.3  -9 -9.0   -9  997.5 1007.3 -9  -9.0  24.2  20.7  81.0  24.4   -9.0   -9.0   -9.0   -9.0   -9.0   -9.0   -9.0 -9 -9 -                        8   2   15 ScAcCi     1   3   5  3492  0.3  0.91 -9  25.2  20.9  19.2  16.8  15.7  -9 -9.0 -9  3  2
202505210900 108  27  2.1  -9 -9.0   -9  997.3 1007.0  7  -0.8  25.0  20.2  75.0  23.7   -9.0   -9.0   -9.0   -9.0   -9.0   -9.0   -9.0 -9 -9 -                        8   8    6 Sc         0   0   5  3646  0.6  1.49 -9  28.2  21.5  19.8  17.3  16.2  -9 -9.0 -9  3  2
202505211000 108  32  2.3  -9 -9.0   -9  996.7 1006.4 -9  -9.0  25.9  20.4  72.0  24.0   -9.0   -9.0   -9.0   -9.0   -9.0   -9.0   -9.0 -9 -9 -                        6   6    8 Sc         0   0   5  3372  0.5  1.80 -9  32.4  22.0  20.4  17.3  16.2  -9 -9.0 -9  3  2
202505211100 108  27  2.2  -9 -9.0   -9  996.6 1006.2 -9  -9.0  27.2  20.2  66.0  23.7   -9.0   -9.0   -9.0   -9.0   -9.0   -9.0   -9.0 -9 -9 -                        8   8    8 CuSc       0   0   2  3337  0.8  2.89 -9  35.2  23.1  22.1  19.5  18.4  -9 -9.0 -9  3  2
202505211200 108  32  2.5  -9 -9.0   -9  996.2 1005.8  7  -1.2  27.6  20.1  64.0  23.5   -9.0   -9.0   -9.0   -9.0   -9.0   -9.0   -9.0 -9 -9 -                        7   7   11 Sc         0   0   5  3134  0.3  2.21 -9  35.6  24.0  23.0  19.6  18.4  -9 -9.0 -9  3  2
202505211300 108  20  1.5  -9 -9.0   -9  995.5 1005.1 -9  -9.0  28.9  20.6  61.0  24.3   -9.0   -9.0   -9.0   -9.0   -9.0   -9.0   -9.0 -9 -9 -                        6   6   13 Sc         0   0   5  3833  0.5  2.63 -9  38.2  24.8  23.6  19.9  18.5  -9 -9.0 -9  3  2
202505211400 108   5  1.3  -9 -9.0   -9  994.8 1004.3 -9  -9.0  30.3  21.1  58.0  25.0   -9.0   -9.0   -9.0   -9.0   -9.0   -9.0   -9.0 -9 -9 -                        6   6   12 Sc         0   0   5  2895  0.9  3.14 -9  40.1  25.9  24.5  20.1  18.5  -9 -9.0 -9  3  2
202505211500 108  25  2.2  -9 -9.0   -9  994.4 1003.9  7  -1.9  30.2  20.7  57.0  24.4   -9.0   -9.0   -9.0   -9.0   -9.0   -9.0   -9.0 -9 -9 -                        6   6   12 Sc         0   0   5  2694  0.6  2.33 -9  34.6  26.5  25.3  20.4  18.6  -9 -9.0 -9  3  2
202505211600 108  29  2.8  -9 -9.0   -9  993.8 1003.3 -9  -9.0  29.8  20.9  59.0  24.7   -9.0   -9.0   -9.0   -9.0   -9.0   -9.0   -9.0 -9 -9 -                        7   7   11 Sc         0   0   5  2677  0.4  1.62 -9  33.9  26.4  25.4  20.8  18.8  -9 -9.0 -9  3  2
202505211700 108  27  3.6  -9 -9.0   -9  993.3 1002.9 -9  -9.0  28.3  21.3  66.0  25.3   -9.0   -9.0   -9.0   -9.0   -9.0   -9.0   -9.0 -9 -9 -                        7   0   -9 Ci         1   0   0  3000  0.6  1.22 -9  30.4  26.2  25.2  21.2  19.0  -9 -9.0 -9  3  2
202505211800 108  27  3.5  -9 -9.0   -9  993.6 1003.2  5  -0.7  27.8  21.1  67.0  25.0   -9.0   -9.0   -9.0   -9.0   -9.0   -9.0   -9.0 -9 -9 -                        7   0   -9 Ci         1   0   0  3473  0.9  0.97 -9  28.1  25.9  25.0  21.5  19.1  -9 -9.0 -9  3  2
202505211900 108  29  2.9  -9 -9.0   -9  993.8 1003.4 -9  -9.0  26.6  20.6  70.0  24.3   -9.0   -9.0   -9.0   -9.0   -9.0   -9.0   -9.0 -9 -9 -                        7   1   -9 -         -9  -9  -9  3364  0.2  0.45 -9  25.6  25.4  24.4  21.1  18.8  -9 -9.0 -9  3 -9
202505212000 108  32  2.8  -9 -9.0   -9  994.3 1004.0 -9  -9.0  25.3  20.3  74.0  23.8   -9.0   -9.0   -9.0   -9.0   -9.0   -9.0   -9.0 -9 -9 -                        6   1   -9 -         -9  -9  -9  3181  0.0  0.07 -9  23.4  24.9  23.9  21.1  18.9  -9 -9.0 -9  3 -9
202505212100 108  27  2.0  -9 -9.0   -9  995.3 1005.0  2   1.8  24.4  20.7  80.0  24.4   -9.0   -9.0   -9.0   -9.0   -9.0   -9.0   -9.0 -9 -9 -                        7   2   10 ScCi       1   0   5  2866 -9.0 -9.00 -9  22.3  24.3  23.1  20.7  18.5  -9 -9.0 -9  3  2
202505212200 108  29  2.2  -9 -9.0   -9  996.2 1006.0 -9  -9.0  23.4  20.1  82.0  23.5   -9.0   -9.0   -9.0   -9.0   -9.0   -9.0   -9.0 -9 -9 -                        4   1   -9 -         -9  -9  -9  2775 -9.0 -9.00 -9  21.5  23.7  22.7  20.7  18.7  -9 -9.0 -9  3 -9
202505212300 108  27  1.2  -9 -9.0   -9  995.8 1005.6 -9  -9.0  22.7  19.8  84.0  23.1   -9.0   -9.0   -9.0   -9.0   -9.0   -9.0   -9.0 -9 -9 -                        4   2   -9 -         -9  -9  -9  2747 -9.0 -9.00 -9  20.8  23.2  22.3  20.7  18.8  -9 -9.0 -9  3 -9
202505220000 108  29  1.5  -9 -9.0   -9  995.7 1005.5  0   0.5  22.3  19.6  85.0  22.8   -9.0   -9.0   -9.0   -9.0   -9.0   -9.0   -9.0 -9 -9 -                        1   1   10 Sc         0   0   5  2781 -9.0 -9.00 -9  20.2  22.8  21.9  20.7  18.9  -9 -9.0 -9  3  2
202505220100 108  20  1.7  -9 -9.0   -9  995.4 1005.2 -9  -9.0  21.8  19.3  86.0  22.4   -9.0   -9.0   -9.0   -9.0   -9.0   -9.0   -9.0 -9 -9 -                        0   0   -9 -         -9  -9  -9  2243 -9.0 -9.00 -9  19.7  22.4  21.6  20.6  19.0  -9 -9.0 -9  3 -9
202505220200 108  25  2.3  -9 -9.0   -9  995.2 1005.0 -9  -9.0  21.5  19.4  88.0  22.5   -9.0   -9.0   -9.0   -9.0   -9.0   -9.0   -9.0 -9 -9 -                        0   0   -9 -         -9  -9  -9  2106 -9.0 -9.00 -9  19.8  22.0  21.3  20.5  19.1  -9 -9.0 -9  3 -9
202505220300 108  27  2.8  -9 -9.0   -9  994.9 1004.7  7  -0.8  21.5  19.6  89.0  22.8   -9.0   -9.0   -9.0   -9.0   -9.0   -9.0   -9.0 -9 -9 -                        8   8    9 Sc         0   0   5  1662 -9.0 -9.00 -9  20.4  21.8  21.1  20.4  19.1  -9 -9.0 -9  3  2
202505220400 108  25  2.1  -9 -9.0   -9  994.9 1004.7 -9  -9.0  21.5  19.4  88.0  22.5   -9.0   -9.0   -9.0   -9.0   -9.0   -9.0   -9.0 -9 -9 -                        9   9    7 Sc         0   0   5  1298 -9.0 -9.00 -9  20.5  21.7  21.0  20.3  19.1  -9 -9.0 -9  3  2
202505220500 108  27  1.3  -9 -9.0   -9  994.8 1004.6 -9  -9.0  21.5  19.4  88.0  22.5    0.0    0.0    0.0   -9.0   -9.0   -9.0   -9.0 50 52 02                      10  10    3 St        -9  -9   7  1295 -9.0 -9.00 -9  20.6  21.6  20.9  20.2  19.1  -9 -9.0 -9  4  1
202505220600 108  27  2.5  -9 -9.0   -9  995.6 1005.5  3   0.8  21.0  19.8  93.0  23.1    0.7    0.7    0.7   -9.0   -9.0   -9.0   -9.0 61 65 0201                    10   8    5 StNs      -9   2   7   290  0.0  0.00 -9  20.4  21.5  20.8  20.2  19.1  -9 -9.0 -9  4  1
202505220700 108   5  1.5  -9 -9.0   -9  995.9 1005.8 -9  -9.0  20.4  19.0  92.0  22.0    0.1    0.8    0.8   -9.0   -9.0   -9.0   -9.0 51 65 190201                  10  10    3 St        -9  -9   7   337  0.0  0.06 -9  20.4  21.3  20.6  20.0  19.1  -9 -9.0 -9  4  1
202505220800 108   7  1.2  -9 -9.0   -9  996.0 1005.9 -9  -9.0  20.4  18.3  88.0  21.0    0.0    0.8    0.8   -9.0   -9.0   -9.0   -9.0 20 52 1902                    10  10    4 St        -9  -9   6  1690  0.0  0.26 -9  22.3  21.1  20.5  19.9  19.0  -9 -9.0 -9  4  1
202505220900 108   5  2.0  -9 -9.0   -9  996.4 1006.2  2   0.7  21.7  18.2  81.0  20.9   -9.0    0.8    0.8   -9.0   -9.0   -9.0   -9.0 -9 65 -                        8   8    6 Sc         0   0   5  2371  0.2  1.21 -9  25.8  21.4  20.7  19.9  19.0  -9 -9.0 -9  3  1
202505221000 108   5  2.6  -9 -9.0   -9  996.2 1006.0 -9  -9.0  23.0  17.8  73.0  20.4   -9.0    0.8    0.8   -9.0   -9.0   -9.0   -9.0 -9 -9 -                        7   7    6 Sc         0   0   5  2429  0.4  1.97 -9  30.3  21.7  21.1  19.8  18.9  -9 -9.0 -9  3  2
202505221100 108   7  2.5  -9 -9.0   -9  996.2 1005.9 -9  -9.0  24.6  18.0  67.0  20.6   -9.0    0.8    0.8   -9.0   -9.0   -9.0   -9.0 -9 -9 -                        7   7    8 Sc         0   0   5  3123  0.7  2.87 -9  34.7  22.3  21.7  19.8  18.9  -9 -9.0 -9  3  2
202505221200 108   5  3.0  -9 -9.0   -9  995.8 1005.5  7  -0.7  25.5  18.1  64.0  20.8   -9.0    0.8    0.8   -9.0   -9.0   -9.0   -9.0 -9 -9 -                        5   5   10 Sc         0   0   5  4015  0.4  2.64 -9  33.9  23.4  22.5  19.8  18.8  -9 -9.0 -9  3  2
202505221300 108   5  1.9  -9 -9.0   -9  995.6 1005.3 -9  -9.0  26.1  16.6  56.0  18.9   -9.0    0.8    0.8   -9.0   -9.0   -9.0   -9.0 -9 -9 -                        4   4   11 Sc         0   0   5  3758  0.5  2.50 -9  34.2  24.1  23.2  19.9  18.7  -9 -9.0 -9  3  2
202505221400 108   7  2.7  -9 -9.0   -9  995.6 1005.2 -9  -9.0  27.7  15.6  48.0  17.7   -9.0    0.8    0.8   -9.0   -9.0   -9.0   -9.0 -9 -9 -                        1   1   10 Sc         0   0   5  2771  0.9  3.34 -9  40.6  24.6  23.9  20.0  18.6  -9 -9.0 -9  3  2
202505221500 108   7  2.3  -9 -9.0   -9  995.6 1005.2  6  -0.3  28.1  14.3  43.0  16.3   -9.0    0.8    0.8   -9.0   -9.0   -9.0   -9.0 -9 -9 -                        1   1   10 Sc         0   0   5  2233  1.0  3.09 -9  38.7  25.6  24.4  19.8  18.2  -9 -9.0 -9  3  2
202505221600 108  14  1.7  -9 -9.0   -9  995.6 1005.2 -9  -9.0  28.4  14.2  42.0  16.2   -9.0    0.8    0.8   -9.0   -9.0   -9.0   -9.0 -9 -9 -                        1   1   10 Sc         0   0   5  2715  0.9  2.40 -9  36.2  25.7  24.6  19.7  17.9  -9 -9.0 -9  3  2
202505221700 108  11  1.2  -9 -9.0   -9  995.8 1005.4 -9  -9.0  28.1  13.6  41.0  15.6   -9.0    0.8    0.8   -9.0   -9.0   -9.0   -9.0 -9 -9 -                        4   4   15 Sc         0   0   5  2690  0.7  1.52 -9  31.6  25.8  24.4  19.6  17.6  -9 -9.0 -9  3  2
202505221800 108  20  3.7  -9 -9.0   -9  996.1 1005.8  2   0.6  26.9  17.6  57.0  20.1   -9.0    0.8    0.8   -9.0   -9.0   -9.0   -9.0 -9 -9 -                        3   3   15 Sc         0   0   5  2142  0.3  0.68 -9  27.3  25.5  24.1  19.8  17.6  -9 -9.0 -9  3  2
202505221900 108  20  2.4  -9 -9.0   -9  996.3 1006.0 -9  -9.0  26.1  17.1  58.0  19.5   -9.0    0.8    0.8   -9.0   -9.0   -9.0   -9.0 -9 -9 -                        8   3   18 -         -9  -9  -9  2489  0.1  0.36 -9  25.3  25.0  24.8  22.3  20.2  -9 -9.0 -9  3 -9
202505222000 108  20  2.6  -9 -9.0   -9  996.8 1006.5 -9  -9.0  25.2  16.0  57.0  18.2   -9.0    0.8    0.8   -9.0   -9.0   -9.0   -9.0 -9 -9 -                        6   6   15 -         -9  -9  -9  2734  0.0  0.04 -9  23.0  24.6  24.4  22.4  20.4  -9 -9.0 -9  3 -9
202505222100 108   5  2.8  -9 -9.0   -9  997.3 1007.1  2   1.3  24.1  13.0  50.0  15.0   -9.0    0.8    0.8   -9.0   -9.0   -9.0   -9.0 -9 -9 -                        3   3   14 Sc         0   0   5  2205 -9.0 -9.00 -9  21.5  24.0  23.8  22.4  20.5  -9 -9.0 -9  3  2
202505222200 108   9  1.5  -9 -9.0   -9  997.8 1007.6 -9  -9.0  24.0  16.7  64.0  19.0   -9.0    0.8    0.8   -9.0   -9.0   -9.0   -9.0 -9 -9 -                        4   4    8 -         -9  -9  -9  2671 -9.0 -9.00 -9  22.0  23.4  23.3  22.4  20.6  -9 -9.0 -9  3 -9
202505222300 108   7  2.2  -9 -9.0   -9  998.1 1007.9 -9  -9.0  23.2  16.0  64.0  18.2   -9.0    0.8    0.8   -9.0   -9.0   -9.0   -9.0 -9 -9 -                        7   7    9 -         -9  -9  -9  2832 -9.0 -9.00 -9  21.2  23.1  23.0  22.3  20.7  -9 -9.0 -9  3 -9
202505230000 108  11  1.8  -9 -9.0   -9  998.7 1008.5  2   1.4  22.3  15.8  67.0  17.9   -9.0    0.8    0.8   -9.0   -9.0   -9.0   -9.0 -9 -9 -                        7   2   47 AcCi       1   3   0  2782 -9.0 -9.00 -9  19.8  22.6  22.6  22.2  20.8  -9 -9.0 -9  3  2
202505230100 108  11  2.7  -9 -9.0   -9  998.8 1008.7 -9  -9.0  21.5  14.3  64.0  16.3   -9.0   -9.0   -9.0   -9.0   -9.0   -9.0   -9.0 -9 -9 -                        9   5   17 -         -9  -9  -9  2873 -9.0 -9.00 -9  19.4  22.3  22.3  22.1  20.8  -9 -9.0 -9  3 -9
202505230200 108  11  3.0  -9 -9.0   -9  998.9 1008.8 -9  -9.0  20.5  14.6  69.0  16.6   -9.0   -9.0   -9.0   -9.0   -9.0   -9.0   -9.0 -9 -9 -                        6   0   -9 -         -9  -9  -9  2729 -9.0 -9.00 -9  18.5  21.9  21.8  21.9  20.7  -9 -9.0 -9  3 -9
202505230300 108  11  2.5  -9 -9.0   -9  999.4 1009.3  2   0.8  19.9  14.0  69.0  16.0   -9.0   -9.0   -9.0   -9.0   -9.0   -9.0   -9.0 -9 -9 -                        6   6   18 Sc         0   0   5  2681 -9.0 -9.00 -9  18.1  21.4  21.5  21.7  20.6  -9 -9.0 -9  3  2
202505230400 108   9  2.2  -9 -9.0   -9  999.4 1009.4 -9  -9.0  19.4  13.5  69.0  15.5   -9.0   -9.0   -9.0   -9.0   -9.0   -9.0   -9.0 -9 -9 -                        7   7   30 Ac         0   3   0  2654 -9.0 -9.00 -9  17.8  21.0  21.1  21.5  20.6  -9 -9.0 -9  3  2
202505230500 108   7  2.8  -9 -9.0   -9  999.7 1009.7 -9  -9.0  18.9  11.9  64.0  13.9   -9.0   -9.0   -9.0   -9.0   -9.0   -9.0   -9.0 -9 -9 -                        6   6   30 Ac         0   3   0  2647 -9.0 -9.00 -9  17.1  20.7  20.8  21.3  20.5  -9 -9.0 -9  3  2
202505230600 108   7  2.5  -9 -9.0   -9 1000.4 1010.4  2   1.1  18.3   9.3  56.0  11.7   -9.0   -9.0   -9.0   -9.0   -9.0   -9.0   -9.0 -9 -9 -                        9   9   28 Ac         0   3   0  2555  0.0  0.05 -9  17.1  20.3  20.5  21.2  20.5  -9 -9.0 -9  3  2
202505230700 108   7  2.7  -9 -9.0   -9 1000.4 1010.4 -9  -9.0  18.5   6.6  46.0   9.7   -9.0   -9.0   -9.0   -9.0   -9.0   -9.0   -9.0 -9 -9 -                        9   9   21 Ac         0   3   0  2450  0.0  0.23 -9  17.9  20.1  20.2  21.0  20.4  -9 -9.0 -9  3  2
202505230800 108   7  2.8  -9 -9.0   -9 1001.1 1011.1 -9  -9.0  18.8   6.9  46.0   9.9   -9.0   -9.0   -9.0   -9.0   -9.0   -9.0   -9.0 -9 -9 -                        9   2   23 AcCi       2   3   0  2284  0.0  0.48 -9  19.1  19.9  20.0  20.8  20.3  -9 -9.0 -9  3  2
202505230900 108   7  3.2  -9 -9.0   -9 1001.3 1011.3  2   0.9  19.4   6.4  43.0   9.6   -9.0   -9.0   -9.0   -9.0   -9.0   -9.0   -9.0 -9 -9 -                       10   4   35 AcCs       7   3   0  2130  0.0  0.66 -9  20.7  19.9  20.0  20.6  20.2  -9 -9.0 -9  3  2
202505231000 108   5  3.4  -9 -9.0   -9 1001.3 1011.3 -9  -9.0  19.8   6.1  41.0   9.4   -9.0   -9.0   -9.0   -9.0   -9.0   -9.0   -9.0 -9 -9 -                       10   6   36 AcCs       7   3   0  2272  0.0  0.67 -9  21.3  20.0  20.1  20.5  20.1  -9 -9.0 -9  3  2
202505231100 108   9  3.5  -9 -9.0   -9 1000.9 1010.8 -9  -9.0  20.3   5.8  39.0   9.2   -9.0   -9.0   -9.0   -9.0   -9.0   -9.0   -9.0 -9 -9 -                       10   4   36 AcCs       7   3   0  2406  0.0  1.00 -9  23.0  20.1  20.2  20.4  20.0  -9 -9.0 -9  3  2
202505231200 108   7  4.1  -9 -9.0   -9 1000.5 1010.4  7  -0.9  20.7   6.6  40.0   9.7   -9.0   -9.0   -9.0   -9.0   -9.0   -9.0   -9.0 -9 -9 -                       10   3   37 AcCs       7   3   0  3057  0.0  1.24 -9  23.7  20.4  20.4  20.3  19.9  -9 -9.0 -9  3  2
202505231300 108   7  2.6  -9 -9.0   -9 1000.3 1010.2 -9  -9.0  21.3   6.7  39.0   9.8   -9.0   -9.0   -9.0   -9.0   -9.0   -9.0   -9.0 -9 -9 -                       10   2   37 AcCs       7   3   0  2748  0.0  1.22 -9  25.1  20.6  20.6  20.3  19.8  -9 -9.0 -9  3  2
202505231400 108   9  1.4  -9 -9.0   -9 1000.1 1010.0 -9  -9.0  21.3   7.1  40.0  10.1   -9.0   -9.0   -9.0   -9.0   -9.0   -9.0   -9.0 -9 -9 -                        9   9   35 Ac         0   3   0  2655  0.0  0.85 -9  24.2  20.8  20.8  20.2  19.7  -9 -9.0 -9  3  2
202505231500 108   9  2.9  -9 -9.0   -9  999.7 1009.6  7  -0.8  21.6   7.7  41.0  10.5   -9.0   -9.0   -9.0   -9.0   -9.0   -9.0   -9.0 -9 -9 -                       10   5   30 AcCs       7   3   0  2651  0.0  1.11 -9  23.7  21.0  20.9  20.2  19.7  -9 -9.0 -9  3  2
202505231600 108   9  3.4  -9 -9.0   -9  999.4 1009.3 -9  -9.0  21.8   8.6  43.0  11.2   -9.0   -9.0   -9.0   -9.0   -9.0   -9.0   -9.0 -9 -9 -                       10   3   17 ScAs      -9   1   5  2745  0.0  0.74 -9  24.4  21.0  21.0  20.3  19.7  -9 -9.0 -9  3  2
202505231700 108   9  2.1  -9 -9.0   -9  999.5 1009.4 -9  -9.0  21.5   7.6  41.0  10.4   -9.0   -9.0   -9.0   -9.0   -9.0   -9.0   -9.0 -9 -9 -                       10   5   17 ScAs      -9   2   5  2362  0.0  0.55 -9  21.8  21.1  21.0  20.3  19.7  -9 -9.0 -9  3  2
202505231800 108   5  2.2  -9 -9.0   -9  999.2 1009.1  7  -0.5  21.1   9.0  46.0  11.5   -9.0   -9.0   -9.0   -9.0   -9.0   -9.0   -9.0 -9 -9 -                       10   3   17 ScAs      -9   2   5  2583  0.0  0.26 -9  20.5  21.0  20.9  20.3  19.6  -9 -9.0 -9  3  2
202505231900 108   5  2.1  -9 -9.0   -9 1000.1 1010.0 -9  -9.0  20.7   9.2  48.0  11.6   -9.0   -9.0   -9.0   -9.0   -9.0   -9.0   -9.0 -9 -9 -                       10  10   18 -         -9  -9  -9  2589  0.0  0.11 -9  19.6  20.7  20.7  20.3  19.6  -9 -9.0 -9  3 -9
202505232000 108   5  2.8  -9 -9.0   -9 1000.3 1010.3 -9  -9.0  19.9   9.1  50.0  11.6    0.0    0.0    0.0   -9.0   -9.0   -9.0   -9.0 60 62 01                      10   5   15 ScAs      -9   2   5  2623  0.0  0.02 -9  18.4  20.8  20.4  20.3  19.6  -9 -9.0 -9  4  1
202505232100 108   5  2.5  -9 -9.0   -9 1000.7 1010.7  2   1.6  19.0  10.0  56.0  12.3    0.0    0.0    0.0   -9.0   -9.0   -9.0   -9.0 60 66 01                      10   7   15 ScAs      -9   2   5  2095 -9.0 -9.00 -9  17.5  20.4  20.1  20.3  19.6  -9 -9.0 -9  1  1
202505232200 108   5  3.2  -9 -9.0   -9 1001.2 1011.3 -9  -9.0  16.7  12.2  75.0  14.2    0.6    0.6    0.6   -9.0   -9.0   -9.0   -9.0 61 66 01                      10   7   10 StNs      -9   2   7  1846 -9.0 -9.00 -9  16.4  20.0  19.8  20.2  19.7  -9 -9.0 -9  4  1
202505232300 108   5  3.6  -9 -9.0   -9 1001.3 1011.4 -9  -9.0  15.7  11.8  78.0  13.8    0.6    1.2    1.2   -9.0   -9.0   -9.0   -9.0 61 66 01                      10   7    7 StNs      -9   2   7  1594 -9.0 -9.00 -9  15.7  19.6  19.5  20.1  19.6  -9 -9.0 -9  4  1
202505240000 108   7  2.9  -9 -9.0   -9 1001.3 1011.4  1   0.7  15.4  11.7  79.0  13.7    0.0    1.2    1.2   -9.0   -9.0   -9.0   -9.0 61 66 01                      10   6    7 StNs      -9   2   7  1788 -9.0 -9.00 -9  15.4  19.2  19.1  20.0  19.6  -9 -9.0 -9  4  1
202505240100 108   5  2.6  -9 -9.0   -9 1001.3 1011.5 -9  -9.0  14.7  12.5  87.0  14.5    0.8    0.8    0.8   -9.0   -9.0   -9.0   -9.0 61 66 1901                    10   7    7 StNs      -9   2   7   919 -9.0 -9.00 -9  15.3  18.9  18.8  19.9  19.6  -9 -9.0 -9  4  1
202505240200 108   5  2.9  -9 -9.0   -9 1001.1 1011.3 -9  -9.0  14.2  12.7  91.0  14.7    2.3    3.1    3.1   -9.0   -9.0   -9.0   -9.0 61 66 1901                    10   6    7 StNs      -9   2   7   595 -9.0 -9.00 -9  14.8  18.5  18.5  19.7  19.5  -9 -9.0 -9  4  1
202505240300 108   5  3.4  -9 -9.0   -9 1000.8 1011.0  8  -0.4  13.7  12.2  91.0  14.2    1.1    4.2    4.2   -9.0   -9.0   -9.0   -9.0 61 66 1901                    10   8    8 StNs      -9   2   7   860 -9.0 -9.00 -9  14.6  18.2  18.1  19.5  19.4  -9 -9.0 -9  4  1
202505240400 108   7  3.4  -9 -9.0   -9 1000.6 1010.8 -9  -9.0  13.4  11.6  89.0  13.7    0.0    4.2    4.2   -9.0   -9.0   -9.0   -9.0 60 66 1901                    10   6   14 ScAs      -9   2   5  1523 -9.0 -9.00 -9  14.4  17.9  17.9  19.4  19.3  -9 -9.0 -9  4  1
202505240500 108   5  3.2  -9 -9.0   -9 1000.2 1010.4 -9  -9.0  13.1  11.1  88.0  13.2    0.1    4.3    4.3   -9.0   -9.0   -9.0   -9.0 60 66 01                      10   6   15 ScAs      -9   2   5  1617 -9.0 -9.00 -9  14.1  17.7  17.6  19.2  19.2  -9 -9.0 -9  4  1
202505240600 108   5  4.2  -9 -9.0   -9  999.8 1010.0  7  -1.0  13.1  10.8  86.0  12.9    0.0    4.3    4.3   -9.0   -9.0   -9.0   -9.0 21 62 01                      10   4   16 ScAs      -9   2   5  2161  0.0  0.03 -9  14.0  17.5  17.4  19.0  19.1  -9 -9.0 -9  4  1
202505240700 108   5  3.1  -9 -9.0   -9  999.9 1010.1 -9  -9.0  13.3  10.4  83.0  12.6   -9.0    4.3    4.3   -9.0   -9.0   -9.0   -9.0 -9 -9 -                       10   5   14 ScAs      -9   2   5  2110  0.0  0.12 -9  14.6  17.3  17.2  18.8  19.0  -9 -9.0 -9  3  2
202505240800 108   5  4.1  -9 -9.0   -9  999.6 1009.8 -9  -9.0  14.0  10.4  79.0  12.6    0.0    4.3    4.3   -9.0   -9.0   -9.0   -9.0 21 62 01                      10   5   14 ScAs      -9   2   5  2308  0.0  0.36 -9  16.6  17.2  17.1  18.7  18.9  -9 -9.0 -9  4  1
202505240900 108   7  4.3  -9 -9.0   -9  999.5 1009.6  8  -0.4  14.9   9.8  72.0  12.1   -9.0    4.3    4.3   -9.0   -9.0   -9.0   -9.0 -9 62 -                       10   8   15 ScAs      -9   2   5  2715  0.0  0.69 -9  17.4  17.3  17.2  18.5  18.8  -9 -9.0 -9  3  1
202505241000 108   7  3.6  -9 -9.0   -9  999.5 1009.6 -9  -9.0  15.2   9.5  69.0  11.9   -9.0    4.3    4.3   -9.0   -9.0   -9.0   -9.0 -9 -9 -                       10   8   15 ScAs      -9   2   5  3094  0.0  0.58 -9  17.3  17.5  17.3  18.4  18.7  -9 -9.0 -9  3  2
202505241100 108   5  3.4  -9 -9.0   -9  999.3 1009.4 -9  -9.0  15.5   9.3  67.0  11.7   -9.0    4.3    4.3   -9.0   -9.0   -9.0   -9.0 -9 -9 -                       10   8   16 ScAs      -9   2   5  3550  0.0  0.53 -9  17.2  17.6  17.4  18.3  18.6  -9 -9.0 -9  3  2
202505241200 108   7  3.1  -9 -9.0   -9  999.0 1009.1  7  -0.5  16.1   9.9  67.0  12.2   -9.0    4.3    4.3   -9.0   -9.0   -9.0   -9.0 -9 -9 -                       10   8   16 ScAs      -9   2   5  3299  0.0  0.69 -9  18.7  17.7  17.5  18.2  18.5  -9 -9.0 -9  3  2
202505241300 108   5  4.3  -9 -9.0   -9  998.3 1008.3 -9  -9.0  17.5  10.3  63.0  12.5   -9.0    4.3    4.3   -9.0   -9.0   -9.0   -9.0 -9 -9 -                       10   8   17 ScAs      -9   2   5  3068  0.0  1.18 -9  22.2  17.9  17.6  18.2  18.4  -9 -9.0 -9  3  2
202505241400 108   5  3.2  -9 -9.0   -9  998.0 1008.0 -9  -9.0  18.5  10.5  60.0  12.7   -9.0    4.3    4.3   -9.0   -9.0   -9.0   -9.0 -9 -9 -                       10   7   17 ScAs      -9   2   5  3648  0.0  1.60 -9  22.8  18.5  18.1  18.1  18.3  -9 -9.0 -9  3  2
202505241500 108   5  2.9  -9 -9.0   -9  997.7 1007.7  7  -1.4  18.7  10.5  59.0  12.7   -9.0    4.3    4.3   -9.0   -9.0   -9.0   -9.0 -9 -9 -                       10   7   11 ScAs      -9   2   5  3888  0.0  1.25 -9  22.7  19.0  18.5  18.1  18.2  -9 -9.0 -9  3  2
202505241600 108   7  3.5  -9 -9.0   -9  997.8 1007.8 -9  -9.0  18.6   9.9  57.0  12.2   -9.0    4.3    4.3   -9.0   -9.0   -9.0   -9.0 -9 -9 -                       10   7   10 ScAs      -9   2   5  3642  0.0  1.03 -9  21.7  19.2  18.8  18.2  18.2  -9 -9.0 -9  3  2
202505241700 108   5  2.9  -9 -9.0   -9  997.8 1007.8 -9  -9.0  18.9   9.9  56.0  12.2   -9.0    4.3    4.3   -9.0   -9.0   -9.0   -9.0 -9 -9 -                        8   6   12 ScAc       0   3   5  3816  0.1  1.16 -9  23.1  19.4  19.0  18.3  18.2  -9 -9.0 -9  3  2
202505241800 108   7  2.8  -9 -9.0   -9  998.1 1008.1  2   0.4  18.1   9.4  57.0  11.8   -9.0    4.3    4.3   -9.0   -9.0   -9.0   -9.0 -9 -9 -                        7   7   11 Sc         0   0   5  3870  0.2  0.91 -9  19.6  19.6  19.1  18.4  18.2  -9 -9.0 -9  3  2
202505241900 108   7  3.2  -9 -9.0   -9  998.6 1008.6 -9  -9.0  17.0   7.6  54.0  10.4   -9.0    4.3    4.3   -9.0   -9.0   -9.0   -9.0 -9 -9 -                        6   5   21 -         -9  -9  -9  4099  0.0  0.36 -9  16.6  19.5  19.0  18.5  18.2  -9 -9.0 -9  3 -9
202505242000 108   5  3.1  -9 -9.0   -9  999.2 1009.3 -9  -9.0  16.1   7.3  56.0  10.2   -9.0    4.3    4.3   -9.0   -9.0   -9.0   -9.0 -9 -9 -                        6   1   29 -         -9  -9  -9  4235  0.0  0.05 -9  14.5  19.0  18.7  18.6  18.2  -9 -9.0 -9  3 -9
202505242100 108   5  2.8  -9 -9.0   -9 1000.1 1010.2  2   2.1  15.7   7.4  58.0  10.3   -9.0    4.3    4.3   -9.0   -9.0   -9.0   -9.0 -9 -9 -                        8   3   14 ScAc       0   3   5  4388 -9.0 -9.00 -9  14.4  18.5  18.3  18.6  18.3  -9 -9.0 -9  3  2
202505242200 108   5  2.3  -9 -9.0   -9 1000.8 1010.9 -9  -9.0  15.5   7.7  60.0  10.5   -9.0    4.3    4.3   -9.0   -9.0   -9.0   -9.0 -9 -9 -                        7   7   14 -         -9  -9  -9  3984 -9.0 -9.00 -9  14.3  18.1  17.9  18.6  18.3  -9 -9.0 -9  3 -9
202505242300 108   5  2.3  -9 -9.0   -9 1001.0 1011.2 -9  -9.0  15.0   7.7  62.0  10.5   -9.0    4.3    4.3   -9.0   -9.0   -9.0   -9.0 -9 -9 -                        4   4   15 -         -9  -9  -9  4403 -9.0 -9.00 -9  13.3  17.8  17.6  18.5  18.3  -9 -9.0 -9  3 -9
202505250000 108   5  1.2  -9 -9.0   -9 1001.2 1011.3  2   1.1  14.2   7.2  63.0  10.2   -9.0    4.3    4.3   -9.0   -9.0   -9.0   -9.0 -9 -9 -                        0   0   -9 -         -9  -9  -9  4011 -9.0 -9.00 -9  12.2  17.5  17.3  18.4  18.3  -9 -9.0 -9  3  2
202505250100 108  34  0.9  -9 -9.0   -9 1001.3 1011.5 -9  -9.0  13.6   7.7  68.0  10.5   -9.0   -9.0   -9.0   -9.0   -9.0   -9.0   -9.0 -9 -9 -                        0   0   -9 -         -9  -9  -9  3932 -9.0 -9.00 -9  11.6  17.0  16.5  17.5  17.4  -9 -9.0 -9  3 -9
202505250200 108  36  0.9  -9 -9.0   -9 1001.4 1011.6 -9  -9.0  12.9   7.7  71.0  10.5   -9.0   -9.0   -9.0   -9.0   -9.0   -9.0   -9.0 -9 -9 -                        0   0   -9 -         -9  -9  -9  3818 -9.0 -9.00 -9  11.1  16.6  16.3  17.6  17.7  -9 -9.0 -9  3 -9
202505250300 108  32  1.1  -9 -9.0   -9 1002.0 1012.3  2   1.0  12.5   8.1  75.0  10.8   -9.0   -9.0   -9.0   -9.0   -9.0   -9.0   -9.0 -9 -9 -                        0   0   -9 -         -9  -9  -9  3344 -9.0 -9.00 -9  10.8  16.2  16.0  17.5  17.7  -9 -9.0 -9  3  2
202505250400 108  32  0.9  -9 -9.0   -9 1001.9 1012.2 -9  -9.0  12.1   8.5  79.0  11.1   -9.0   -9.0   -9.0   -9.0   -9.0   -9.0   -9.0 -9 -9 -                        0   0   -9 -         -9  -9  -9  3380 -9.0 -9.00 -9  10.5  15.9  15.6  17.2  17.5  -9 -9.0 -9  3  2
202505250500 108  29  1.2  -9 -9.0   -9 1002.0 1012.3 -9  -9.0  11.8   8.2  79.0  10.9   -9.0   -9.0   -9.0   -9.0   -9.0   -9.0   -9.0 -9 -9 -                        3   3   35 Ac         0   3   0  3240 -9.0 -9.00 -9  10.4  15.6  15.3  17.2  17.5  -9 -9.0 -9  3  2
202505250600 108  34  0.6  -9 -9.0   -9 1002.5 1012.8  3   0.5  11.8   8.4  80.0  11.0   -9.0   -9.0   -9.0   -9.0   -9.0   -9.0   -9.0 -9 -9 -                        0   0   -9 -         -9  -9  -9  2904  0.0  0.04 -9  11.1  15.4  15.1  17.0  17.5  -9 -9.0 -9  3  2
202505250700 108  36  1.8  -9 -9.0   -9 1003.0 1013.3 -9  -9.0  12.5   8.9  79.0  11.4   -9.0   -9.0   -9.0   -9.0   -9.0   -9.0   -9.0 -9 -9 -                        0   0   -9 -         -9  -9  -9  2883  0.8  0.42 -9  13.4  15.2  15.1  16.9  17.4  -9 -9.0 -9  3  2
202505250800 108  36  0.9  -9 -9.0   -9 1003.3 1013.5 -9  -9.0  14.6   9.8  73.0  12.1   -9.0   -9.0   -9.0   -9.0   -9.0   -9.0   -9.0 -9 -9 -                        0   0   -9 -         -9  -9  -9  2654  1.0  1.07 -9  18.4  15.3  15.1  16.7  17.4  -9 -9.0 -9  3  2
202505250900 108  25  1.7  -9 -9.0   -9 1003.6 1013.7  2   0.9  16.8   9.9  64.0  12.2   -9.0   -9.0   -9.0   -9.0   -9.0   -9.0   -9.0 -9 -9 -                        0   0   -9 -         -9  -9  -9  3353  1.0  1.89 -9  24.5  15.6  15.0  15.3  15.7  -9 -9.0 -9  3  2
202505251000 108  23  2.7  -9 -9.0   -9 1003.5 1013.5 -9  -9.0  18.3   9.8  58.0  12.1   -9.0   -9.0   -9.0   -9.0   -9.0   -9.0   -9.0 -9 -9 -                        0   0   -9 -         -9  -9  -9  3592  1.0  2.60 -9  29.1  16.6  15.9  15.4  15.8  -9 -9.0 -9  3  2
202505251100 108  27  2.4  -9 -9.0   -9 1003.5 1013.5 -9  -9.0  19.9  10.0  53.0  12.3   -9.0   -9.0   -9.0   -9.0   -9.0   -9.0   -9.0 -9 -9 -                        0   0   -9 -         -9  -9  -9  3423  1.0  3.24 -9  33.6  17.9  16.9  15.3  15.7  -9 -9.0 -9  3  2
202505251200 108  29  2.6  -9 -9.0   -9 1003.5 1013.4  7  -0.3  21.0  10.1  50.0  12.4   -9.0   -9.0   -9.0   -9.0   -9.0   -9.0   -9.0 -9 -9 -                        0   0   -9 -         -9  -9  -9  3647  1.0  3.57 -9  37.2  19.2  18.1  15.4  15.4  -9 -9.0 -9  3  2
202505251300 108  25  3.9  -9 -9.0   -9 1003.3 1013.2 -9  -9.0  21.9  10.9  50.0  13.0   -9.0   -9.0   -9.0   -9.0   -9.0   -9.0   -9.0 -9 -9 -                        1   1   10 Sc         0   0   5  2885  1.0  3.76 -9  39.8  20.7  19.3  15.5  15.3  -9 -9.0 -9  3  2
202505251400 108  25  3.4  -9 -9.0   -9 1003.0 1012.9 -9  -9.0  22.3  11.0  49.0  13.1   -9.0   -9.0   -9.0   -9.0   -9.0   -9.0   -9.0 -9 -9 -                        1   1   10 Sc         0   0   5  2713  1.0  3.71 -9  40.9  21.7  20.3  15.7  15.2  -9 -9.0 -9  3  2
202505251500 108  27  3.8  -9 -9.0   -9 1003.0 1012.9  6  -0.5  22.3  10.7  48.0  12.9   -9.0   -9.0   -9.0   -9.0   -9.0   -9.0   -9.0 -9 -9 -                        0   0   -9 -         -9  -9  -9  3027  1.0  3.33 -9  38.6  22.3  21.0  16.0  15.2  -9 -9.0 -9  3  2
202505251600 108  25  3.6  -9 -9.0   -9 1002.7 1012.6 -9  -9.0  22.2  10.3  47.0  12.5   -9.0   -9.0   -9.0   -9.0   -9.0   -9.0   -9.0 -9 -9 -                        0   0   -9 -         -9  -9  -9  3005  1.0  2.78 -9  34.4  22.5  21.3  16.4  15.3  -9 -9.0 -9  3  2
202505251700 108  23  3.4  -9 -9.0   -9 1002.7 1012.6 -9  -9.0  22.3   9.7  45.0  12.0   -9.0   -9.0   -9.0   -9.0   -9.0   -9.0   -9.0 -9 -9 -                        0   0   -9 -         -9  -9  -9  2831  1.0  2.10 -9  29.6  22.4  21.4  16.9  15.5  -9 -9.0 -9  3  2
202505251800 108  27  2.6  -9 -9.0   -9 1002.8 1012.7  5  -0.2  22.0   9.8  46.0  12.1   -9.0   -9.0   -9.0   -9.0   -9.0   -9.0   -9.0 -9 -9 -                        0   0   -9 -         -9  -9  -9  2947  1.0  1.35 -9  24.3  22.2  21.2  17.2  15.7  -9 -9.0 -9  3  2
202505251900 108  27  2.8  -9 -9.0   -9 1003.1 1013.1 -9  -9.0  20.6   9.8  50.0  12.1   -9.0   -9.0   -9.0   -9.0   -9.0   -9.0   -9.0 -9 -9 -                        0   0   -9 -         -9  -9  -9  2673  1.0  0.53 -9  20.6  21.4  20.8  17.5  15.9  -9 -9.0 -9  3 -9
202505252000 108  23  3.2  -9 -9.0   -9 1004.0 1014.0 -9  -9.0  18.8  10.0  57.0  12.3   -9.0   -9.0   -9.0   -9.0   -9.0   -9.0   -9.0 -9 -9 -                        0   0   -9 -         -9  -9  -9  2876  0.3  0.08 -9  18.3  21.5  20.8  18.8  17.2  -9 -9.0 -9  3 -9
202505252100 108  27  3.3  -9 -9.0   -9 1004.8 1014.9  2   2.2  17.5   8.8  57.0  11.3   -9.0   -9.0   -9.0   -9.0   -9.0   -9.0   -9.0 -9 -9 -                        0   0   -9 -         -9  -9  -9  2854 -9.0 -9.00 -9  16.6  20.8  20.1  18.8  17.3  -9 -9.0 -9  3  2
202505252200 108  27  2.1  -9 -9.0   -9 1005.7 1015.8 -9  -9.0  16.6   9.0  61.0  11.5   -9.0   -9.0   -9.0   -9.0   -9.0   -9.0   -9.0 -9 -9 -                        0   0   -9 -         -9  -9  -9  2845 -9.0 -9.00 -9  15.6  20.1  19.5  18.9  17.6  -9 -9.0 -9  3 -9
202505252300 108  29  1.9  -9 -9.0   -9 1005.9 1016.1 -9  -9.0  16.0   8.9  63.0  11.4   -9.0   -9.0   -9.0   -9.0   -9.0   -9.0   -9.0 -9 -9 -                        0   0   -9 -         -9  -9  -9  2490 -9.0 -9.00 -9  14.7  19.5  18.9  18.7  17.6  -9 -9.0 -9  3 -9
202505260000 108  27  1.2  -9 -9.0   -9 1006.0 1016.2  2   1.3  15.4   9.5  68.0  11.9   -9.0   -9.0   -9.0   -9.0   -9.0   -9.0   -9.0 -9 -9 -                        0   0   -9 -         -9  -9  -9  2059 -9.0 -9.00 -9  14.0  19.0  18.3  18.4  17.5  -9 -9.0 -9  3  2
202505260100 108  27  1.2  -9 -9.0   -9 1006.0 1016.2 -9  -9.0  14.8   9.5  71.0  11.9   -9.0   -9.0   -9.0   -9.0   -9.0   -9.0   -9.0 -9 -9 -                        1   0   -9 -         -9  -9  -9  1947 -9.0 -9.00 -9  13.4  18.4  18.0  18.4  17.7  -9 -9.0 -9  3 -9
202505260200 108  34  0.6  -9 -9.0   -9 1006.0 1016.2 -9  -9.0  14.4   9.8  74.0  12.1   -9.0   -9.0   -9.0   -9.0   -9.0   -9.0   -9.0 -9 -9 -                        5   0   -9 -         -9  -9  -9  1756 -9.0 -9.00 -9  13.1  18.0  17.5  18.1  17.5  -9 -9.0 -9  3 -9
202505260300 108   0  0.3  -9 -9.0   -9 1006.2 1016.4  2   0.2  14.0  10.2  78.0  12.4   -9.0   -9.0   -9.0   -9.0   -9.0   -9.0   -9.0 -9 -9 -                        1   0   -9 Ci         1   0   0  1523 -9.0 -9.00 -9  12.6  17.6  17.0  17.8  17.2  -9 -9.0 -9  3  2
202505260400 108   0  0.3  -9 -9.0   -9 1005.9 1016.2 -9  -9.0  13.6   9.8  78.0  12.1   -9.0   -9.0   -9.0   -9.0   -9.0   -9.0   -9.0 -9 -9 -                        6   0   -9 Ci         1   0   0  1276 -9.0 -9.00 -9  12.2  17.3  16.8  17.6  17.4  -9 -9.0 -9  3  2
202505260500 108   2  1.3  -9 -9.0   -9 1006.3 1016.6 -9  -9.0  13.5  10.1  80.0  12.4   -9.0   -9.0   -9.0   -9.0   -9.0   -9.0   -9.0 -9 -9 -                        4   0   -9 Ci         1   0   0  1213 -9.0 -9.00 -9  12.2  17.0  16.5  17.6  17.4  -9 -9.0 -9  3  2
202505260600 108   2  1.9  -9 -9.0   -9 1006.6 1016.9  3   0.5  13.1  10.0  82.0  12.3   -9.0   -9.0   -9.0   -9.0   -9.0   -9.0   -9.0 -9 -9 -                        4   0   -9 Ci         1   0   0  1394  0.0  0.05 -9  12.4  16.7  16.3  17.4  17.4  -9 -9.0 -9  3  2
202505260700 108   5  1.2  -9 -9.0   -9 1007.1 1017.4 -9  -9.0  14.1  10.8  81.0  12.9   -9.0   -9.0   -9.0   -9.0   -9.0   -9.0   -9.0 -9 -9 -                        3   0   -9 Ci         1   0   0  1472  0.8  0.40 -9  14.7  16.5  15.9  16.8  16.9  -9 -9.0 -9  3  2
202505260800 108   5  1.7  -9 -9.0   -9 1007.1 1017.3 -9  -9.0  16.6  11.5  72.0  13.6   -9.0   -9.0   -9.0   -9.0   -9.0   -9.0   -9.0 -9 -9 -                        6   0   -9 Ci         1   0   0  1606  1.0  1.20 -9  20.4  16.9  15.8  16.3  16.3  -9 -9.0 -9  3  2
202505260900 108   2  1.8  -9 -9.0   -9 1007.2 1017.3  0   0.4  18.8  11.5  63.0  13.6   -9.0   -9.0   -9.0   -9.0   -9.0   -9.0   -9.0 -9 -9 -                        8   0   -9 Ci         1   0   0  1406  1.0  2.04 -9  27.2  17.2  16.3  16.0  16.1  -9 -9.0 -9  3  2
202505261000 108  23  0.9  -9 -9.0   -9 1006.9 1016.9 -9  -9.0  20.5  12.7  61.0  14.7   -9.0   -9.0   -9.0   -9.0   -9.0   -9.0   -9.0 -9 -9 -                        8   0   -9 Ci         1   0   0  1355  1.0  2.51 -9  33.0  18.4  17.2  16.2  16.4  -9 -9.0 -9  3  2
202505261100 108  20  1.4  -9 -9.0   -9 1006.8 1016.7 -9  -9.0  21.7  11.9  54.0  13.9   -9.0   -9.0   -9.0   -9.0   -9.0   -9.0   -9.0 -9 -9 -                        8   0   -9 Ci         1   0   0  1577  0.9  2.61 -9  32.5  19.3  18.2  16.2  16.2  -9 -9.0 -9  3  2
202505261200 108   7  1.7  -9 -9.0   -9 1006.3 1016.2  7  -1.1  23.5  12.1  49.0  14.1   -9.0   -9.0   -9.0   -9.0   -9.0   -9.0   -9.0 -9 -9 -                        8   0   -9 Ci         1   0   0  1563  1.0  3.27 -9  38.9  20.4  19.2  16.3  16.0  -9 -9.0 -9  3  2
202505261300 108  11  1.9  -9 -9.0   -9 1006.0 1015.8 -9  -9.0  24.6  11.5  44.0  13.6   -9.0   -9.0   -9.0   -9.0   -9.0   -9.0   -9.0 -9 -9 -                        8   2   10 ScCi       1   0   5  1893  1.0  3.19 -9  39.5  21.6  20.3  16.4  15.9  -9 -9.0 -9  3  2
202505261400 108  18  2.5  -9 -9.0   -9 1005.5 1015.3 -9  -9.0  25.5  10.1  38.0  12.4   -9.0   -9.0   -9.0   -9.0   -9.0   -9.0   -9.0 -9 -9 -                        9   2   10 ScCi       1   0   5  2540  1.0  3.16 -9  42.1  22.3  21.2  16.7  15.9  -9 -9.0 -9  3  2
202505261500 108  23  2.2  -9 -9.0   -9 1004.9 1014.7  7  -1.5  26.0  10.5  38.0  12.7   -9.0   -9.0   -9.0   -9.0   -9.0   -9.0   -9.0 -9 -9 -                        7   3   18 ScCi       1   0   5  2332  1.0  2.91 -9  40.5  23.0  22.0  17.0  15.9  -9 -9.0 -9  3  2
202505261600 108  23  2.8  -9 -9.0   -9 1004.6 1014.4 -9  -9.0  25.6  10.6  39.0  12.8   -9.0   -9.0   -9.0   -9.0   -9.0   -9.0   -9.0 -9 -9 -                        8   3   18 ScCi       1   0   5  2056  0.6  1.98 -9  32.2  23.7  22.3  17.2  15.9  -9 -9.0 -9  3  2
202505261700 108  27  3.0  -9 -9.0   -9 1004.6 1014.4 -9  -9.0  25.4  12.5  45.0  14.5   -9.0   -9.0   -9.0   -9.0   -9.0   -9.0   -9.0 -9 -9 -                        8   0   -9 Ci         1   0   0  1310  1.0  1.65 -9  31.1  23.5  22.3  17.7  16.1  -9 -9.0 -9  3  2
202505261800 108  27  3.2  -9 -9.0   -9 1004.5 1014.3  7  -0.4  24.5  11.4  44.0  13.5   -9.0   -9.0   -9.0   -9.0   -9.0   -9.0   -9.0 -9 -9 -                        6   0   -9 Ci         1   0   0  1569  1.0  1.20 -9  26.3  23.3  22.1  18.0  16.2  -9 -9.0 -9  3  2
202505261900 108  27  2.4  -9 -9.0   -9 1004.8 1014.7 -9  -9.0  22.8  10.2  45.0  12.4   -9.0   -9.0   -9.0   -9.0   -9.0   -9.0   -9.0 -9 -9 -                        0   0   -9 -         -9  -9  -9  2007  0.9  0.47 -9  22.5  22.8  22.2  19.3  17.5  -9 -9.0 -9  3 -9
202505262000 108  27  2.1  -9 -9.0   -9 1005.1 1015.1 -9  -9.0  21.0  10.1  50.0  12.4   -9.0   -9.0   -9.0   -9.0   -9.0   -9.0   -9.0 -9 -9 -                        0   0   -9 -         -9  -9  -9  1814  0.1  0.07 -9  19.6  22.1  21.1  18.2  16.4  -9 -9.0 -9  3 -9
202505262100 108  25  1.2  -9 -9.0   -9 1005.7 1015.7  2   1.4  20.1   9.0  49.0  11.5   -9.0   -9.0   -9.0   -9.0   -9.0   -9.0   -9.0 -9 -9 -                        5   3   24 AcCi       1   3   0  1831 -9.0 -9.00 -9  17.9  21.5  20.5  18.4  16.6  -9 -9.0 -9  3  2
202505262200 108  29  1.1  -9 -9.0   -9 1005.9 1015.9 -9  -9.0  19.4  10.9  58.0  13.0   -9.0   -9.0   -9.0   -9.0   -9.0   -9.0   -9.0 -9 -9 -                        3   3   24 -         -9  -9  -9  1314 -9.0 -9.00 -9  17.3  20.9  19.9  18.4  16.8  -9 -9.0 -9  3 -9
202505262300 108  27  2.0  -9 -9.0   -9 1006.2 1016.3 -9  -9.0  18.2  12.1  68.0  14.1   -9.0   -9.0   -9.0   -9.0   -9.0   -9.0   -9.0 -9 -9 40                       0   0   -9 -         -9  -9  -9   711 -9.0 -9.00 -9  16.3  20.3  19.4  18.3  16.9  -9 -9.0 -9  3  2
202505270000 108  27  2.3  -9 -9.0   -9 1006.6 1016.6  2   0.9  17.7  12.5  72.0  14.5   -9.0   -9.0   -9.0   -9.0   -9.0   -9.0   -9.0  5  0 40                       0   0   -9 -         -9  -9  -9   600 -9.0 -9.00 -9  15.8  19.8  18.9  18.2  17.0  -9 -9.0 -9  3  1
202505270100 108  25  0.9  -9 -9.0   -9 1006.8 1016.9 -9  -9.0  17.3  11.5  69.0  13.6   -9.0   -9.0   -9.0   -9.0   -9.0   -9.0   -9.0 -9 -9 40                       0   0   -9 -         -9  -9  -9   799 -9.0 -9.00 -9  15.1  19.3  18.5  18.1  17.1  -9 -9.0 -9  3  2
202505270200 108  29  1.2  -9 -9.0   -9 1006.9 1017.1 -9  -9.0  16.5  11.2  71.0  13.3   -9.0   -9.0   -9.0   -9.0   -9.0   -9.0   -9.0 -9 -9 40                       2   1   -9 -         -9  -9  -9   878 -9.0 -9.00 -9  14.3  18.8  18.2  17.9  17.1  -9 -9.0 -9  3  2
202505270300 108  36  1.3  -9 -9.0   -9 1006.9 1017.1  1   0.5  15.8  10.9  73.0  13.0   -9.0   -9.0   -9.0   -9.0   -9.0   -9.0   -9.0  5  0 40                       0   0   -9 -         -9  -9  -9   838 -9.0 -9.00 -9  13.7  18.3  17.7  17.7  16.9  -9 -9.0 -9  3  1
202505270400 108   2  1.3  -9 -9.0   -9 1006.7 1016.9 -9  -9.0  15.2  10.9  76.0  13.0   -9.0   -9.0   -9.0   -9.0   -9.0   -9.0   -9.0  5  0 40                       0   0   -9 -         -9  -9  -9   790 -9.0 -9.00 -9  13.3  17.9  17.3  17.4  16.8  -9 -9.0 -9  3  1
202505270500 108   5  1.5  -9 -9.0   -9 1007.0 1017.2 -9  -9.0  14.8  10.4  75.0  12.6   -9.0   -9.0   -9.0   -9.0   -9.0   -9.0   -9.0  5  0 40                       0   0   -9 -         -9  -9  -9   966 -9.0 -9.00 -9  12.9  17.5  16.9  17.1  16.6  -9 -9.0 -9  3  1
202505270600 108   2  1.4  -9 -9.0   -9 1007.5 1017.7  3   0.6  14.8  11.1  79.0  13.2   -9.0   -9.0   -9.0   -9.0   -9.0   -9.0   -9.0  5  0 40                       0   0   -9 -         -9  -9  -9   764  0.0  0.06 -9  13.4  17.2  16.7  17.1  16.7  -9 -9.0 -9  3  1
202505270700 108  36  1.5  -9 -9.0   -9 1008.1 1018.3 -9  -9.0  15.7  12.2  80.0  14.2   -9.0   -9.0   -9.0   -9.0   -9.0   -9.0   -9.0 10  0 4019                     0   0   -9 -         -9  -9  -9   733  0.9  0.45 -9  16.0  17.4  16.2  16.4  16.2  -9 -9.0 -9  3  1
202505270800 108   9  1.2  -9 -9.0   -9 1008.1 1018.2 -9  -9.0  18.1  11.8  67.0  13.8   -9.0   -9.0   -9.0   -9.0   -9.0   -9.0   -9.0 -9 -9 19                       0   0   -9 -         -9  -9  -9  1106  1.0  1.03 -9  21.1  17.7  16.8  16.9  16.8  -9 -9.0 -9  3  2
202505270900 108  11  1.9  -9 -9.0   -9 1007.9 1017.9  0   0.2  20.1  11.5  58.0  13.6   -9.0   -9.0   -9.0   -9.0   -9.0   -9.0   -9.0 -9 -9 -                        0   0   -9 -         -9  -9  -9  1318  1.0  1.84 -9  27.5  18.6  17.3  16.9  16.9  -9 -9.0 -9  3  2
202505271000 108  20  2.0  -9 -9.0   -9 1007.9 1017.9 -9  -9.0  21.7  12.5  56.0  14.5   -9.0   -9.0   -9.0   -9.0   -9.0   -9.0   -9.0 -9 -9 -                        0   0   -9 -         -9  -9  -9  1503  1.0  2.46 -9  33.4  19.7  18.1  16.9  16.8  -9 -9.0 -9  3  2
202505271100 108   7  1.5  -9 -9.0   -9 1007.8 1017.7 -9  -9.0  23.2  11.2  47.0  13.3   -9.0   -9.0   -9.0   -9.0   -9.0   -9.0   -9.0 -9 -9 -                        0   0   -9 -         -9  -9  -9  1440  1.0  3.00 -9  38.4  20.9  19.1  16.9  16.6  -9 -9.0 -9  3  2
202505271200 108  16  1.7  -9 -9.0   -9 1007.2 1017.0  7  -0.9  24.5  12.4  47.0  14.4   -9.0   -9.0   -9.0   -9.0   -9.0   -9.0   -9.0 -9 -9 -                        0   0   -9 -         -9  -9  -9  1192  1.0  3.29 -9  41.9  22.2  20.1  16.9  16.5  -9 -9.0 -9  3  2
202505271300 108  11  1.3  -9 -9.0   -9 1006.7 1016.5 -9  -9.0  25.6  12.0  43.0  14.0   -9.0   -9.0   -9.0   -9.0   -9.0   -9.0   -9.0 -9 -9 -                        0   0   -9 -         -9  -9  -9  1228  1.0  3.34 -9  44.0  23.1  21.3  17.1  16.4  -9 -9.0 -9  3  2
202505271400 108  23  2.2  -9 -9.0   -9 1006.2 1016.0 -9  -9.0  26.2  10.7  38.0  12.9   -9.0   -9.0   -9.0   -9.0   -9.0   -9.0   -9.0 -9 -9 -                        0   0   -9 -         -9  -9  -9  1407  1.0  3.29 -9  44.0  24.1  22.3  17.3  16.3  -9 -9.0 -9  3  2
202505271500 108  29  2.6  -9 -9.0   -9 1005.4 1015.1  7  -1.9  26.9  10.9  37.0  13.0   -9.0   -9.0   -9.0   -9.0   -9.0   -9.0   -9.0 -9 -9 -                        0   0   -9 -         -9  -9  -9  1321  1.0  2.90 -9  41.5  24.7  23.0  17.6  16.4  -9 -9.0 -9  3  2
202505271600 108  27  3.9  -9 -9.0   -9 1005.1 1014.9 -9  -9.0  26.5  13.2  44.0  15.2   -9.0   -9.0   -9.0   -9.0   -9.0   -9.0   -9.0 -9 -9 -                        0   0   -9 -         -9  -9  -9  1085  1.0  2.35 -9  36.6  24.9  23.3  18.1  16.5  -9 -9.0 -9  3  2
202505271700 108  27  3.9  -9 -9.0   -9 1005.0 1014.8 -9  -9.0  25.7  11.8  42.0  13.8   -9.0   -9.0   -9.0   -9.0   -9.0   -9.0   -9.0 -9 -9 -                        2   0   -9 Ci         1   0   0  1390  1.0  1.67 -9  31.5  24.8  23.3  18.5  16.7  -9 -9.0 -9  3  2
202505271800 108  29  3.1  -9 -9.0   -9 1005.0 1014.8  6  -0.3  24.9  11.8  44.0  13.8   -9.0   -9.0   -9.0   -9.0   -9.0   -9.0   -9.0 -9 -9 -                        0   0   -9 -         -9  -9  -9  1428  0.8  0.88 -9  26.9  24.3  23.0  18.8  16.8  -9 -9.0 -9  3  2
202505271900 108  29  2.7  -9 -9.0   -9 1005.5 1015.4 -9  -9.0  23.0  11.3  48.0  13.4   -9.0   -9.0   -9.0   -9.0   -9.0   -9.0   -9.0 -9 -9 -                        0   0   -9 -         -9  -9  -9  1773  0.6  0.43 -9  22.7  23.1  22.5  18.9  16.8  -9 -9.0 -9  3 -9
202505272000 108  27  3.4  -9 -9.0   -9 1006.5 1016.5 -9  -9.0  21.2  10.6  51.0  12.8   -9.0   -9.0   -9.0   -9.0   -9.0   -9.0   -9.0 -9 -9 -                        0   0   -9 -         -9  -9  -9  1595  0.0  0.08 -9  20.3  23.3  21.9  19.0  17.0  -9 -9.0 -9  3 -9
202505272100 108  25  2.3  -9 -9.0   -9 1006.8 1016.8  2   2.0  20.7  11.5  56.0  13.6   -9.0   -9.0   -9.0   -9.0   -9.0   -9.0   -9.0 -9 -9 -                        6   6   28 As         0   2   0  1340 -9.0 -9.00 -9  20.0  22.5  21.3  19.1  17.3  -9 -9.0 -9  3  2
202505272200 108  27  1.1  -9 -9.0   -9 1007.1 1017.1 -9  -9.0  20.1  12.0  60.0  14.0   -9.0   -9.0   -9.0   -9.0   -9.0   -9.0   -9.0 -9 -9 -                        4   4   30 -         -9  -9  -9  1124 -9.0 -9.00 -9  18.3  22.0  20.8  19.1  17.4  -9 -9.0 -9  3 -9
202505272300 108  25  1.3  -9 -9.0   -9 1007.3 1017.3 -9  -9.0  19.4  12.1  63.0  14.1   -9.0   -9.0   -9.0   -9.0   -9.0   -9.0   -9.0 -9 -9 40                       0   0   -9 -         -9  -9  -9   949 -9.0 -9.00 -9  17.1  21.4  20.2  19.0  17.5  -9 -9.0 -9  3  2
202505280000 108  20  1.4  -9 -9.0   -9 1007.0 1017.0  0   0.2  18.8  11.3  62.0  13.4   -9.0   -9.0   -9.0   -9.0   -9.0   -9.0   -9.0  5  0 40                       2   2   31 Ac         0   3   0   802 -9.0 -9.00 -9  16.6  20.8  19.8  18.9  17.6  -9 -9.0 -9  3  1
202505280100 108  27  2.5  -9 -9.0   -9 1007.3 1017.4 -9  -9.0  18.0  12.6  71.0  14.6   -9.0   -9.0   -9.0   -9.0   -9.0   -9.0   -9.0 -9 -9 40                       1   1   29 -         -9  -9  -9   665 -9.0 -9.00 -9  16.0  20.3  19.3  18.8  17.6  -9 -9.0 -9  3  2
202505280200 108  25  1.4  -9 -9.0   -9 1007.2 1017.3 -9  -9.0  17.6  13.1  75.0  15.1   -9.0   -9.0   -9.0   -9.0   -9.0   -9.0   -9.0 -9 -9 40                       1   1   -9 -         -9  -9  -9   587 -9.0 -9.00 -9  15.7  19.9  18.9  18.6  17.6  -9 -9.0 -9  3  2
202505280300 108  27  1.1  -9 -9.0   -9 1007.0 1017.1  0   0.1  17.1  13.0  77.0  15.0   -9.0   -9.0   -9.0   -9.0   -9.0   -9.0   -9.0  5  0 40                       0   0   -9 -         -9  -9  -9   555 -9.0 -9.00 -9  15.3  19.6  18.6  18.5  17.6  -9 -9.0 -9  3  1
202505280400 108  20  0.8  -9 -9.0   -9 1007.0 1017.1 -9  -9.0  16.7  13.2  80.0  15.2   -9.0   -9.0   -9.0   -9.0   -9.0   -9.0   -9.0 10 22 4019                     5   5   28 Ac         0   3   0   547 -9.0 -9.00 -9  15.1  19.2  18.2  18.1  17.4  -9 -9.0 -9  3  1
202505280500 108  29  0.8  -9 -9.0   -9 1007.2 1017.4 -9  -9.0  16.5  13.4  82.0  15.4   -9.0   -9.0   -9.0   -9.0   -9.0   -9.0   -9.0 10 22 19                       7   7   42 Ac         0   3   0   511 -9.0 -9.00 -9  14.9  18.9  17.9  18.0  17.4  -9 -9.0 -9  3  1
202505280600 108  36  0.7  -9 -9.0   -9 1007.3 1017.5  2   0.4  16.3  13.4  83.0  15.4   -9.0   -9.0   -9.0   -9.0   -9.0   -9.0   -9.0 10  0 19                       2   2   33 Ac         0   3   0   487  0.0  0.04 -9  15.0  18.6  17.7  17.7  17.3  -9 -9.0 -9  3  1
202505280700 108   5  1.2  -9 -9.0   -9 1007.3 1017.4 -9  -9.0  17.3  14.0  81.0  16.0   -9.0   -9.0   -9.0   -9.0   -9.0   -9.0   -9.0 10 22 19                       8   8   30 Ac         0   3   0   555  0.3  0.42 -9  17.9  18.3  17.5  17.5  17.1  -9 -9.0 -9  3  1
202505280800 108  29  1.9  -9 -9.0   -9 1008.0 1018.1 -9  -9.0  18.1  14.1  78.0  16.1   -9.0   -9.0   -9.0   -9.0   -9.0   -9.0   -9.0 10 22 19                       8   8   35 Ac         0   3   0   551  0.0  0.41 -9  19.3  18.4  17.7  17.4  17.1  -9 -9.0 -9  3  1
202505280900 108   9  0.9  -9 -9.0   -9 1007.9 1017.9  0   0.4  19.6  14.4  72.0  16.4   -9.0   -9.0   -9.0   -9.0   -9.0   -9.0   -9.0 10 11 19                       9   9   30 Ac         0   3   0   587  0.3  1.16 -9  23.8  19.3  18.0  17.5  17.2  -9 -9.0 -9  3  1
202505281000 108   9  1.3  -9 -9.0   -9 1007.5 1017.5 -9  -9.0  20.4  13.8  66.0  15.8    0.0    0.0    0.0   -9.0   -9.0   -9.0   -9.0 21 62 401901                   9   9   28 Ac         0   3   0   660  0.0  0.75 -9  24.2  19.7  18.5  17.4  17.1  -9 -9.0 -9  4  1
202505281100 108   2  2.6  -9 -9.0   -9 1007.3 1017.2 -9  -9.0  22.8  14.6  60.0  16.6   -9.0    0.0    0.0   -9.0   -9.0   -9.0   -9.0  5 22 40                       5   1   39 AcCi       1   3   0   757  0.8  2.56 -9  36.2  20.5  19.1  17.5  17.1  -9 -9.0 -9  3  1
202505281200 108  18  1.3  -9 -9.0   -9 1007.2 1017.1  7  -0.8  24.4  12.6  48.0  14.6   -9.0    0.0    0.0   -9.0   -9.0   -9.0   -9.0 -9 62 40                       7   1   40 AcCi       1   3   0  1002  1.0  2.98 -9  40.8  21.8  20.1  17.5  17.1  -9 -9.0 -9  3  1
202505281300 108  27  2.2  -9 -9.0   -9 1006.6 1016.4 -9  -9.0  25.3  11.8  43.0  13.8   -9.0    0.0    0.0   -9.0   -9.0   -9.0   -9.0 -9 -9 -                        6   1   10 ScAcCi     1   3   5  1207  1.0  3.12 -9  39.9  23.3  21.2  17.6  17.0  -9 -9.0 -9  3  2
202505281400 108  20  2.3  -9 -9.0   -9 1005.8 1015.6 -9  -9.0  26.0  11.3  40.0  13.4   -9.0    0.0    0.0   -9.0   -9.0   -9.0   -9.0 -9 -9 -                        6   1   10 ScAc       0   3   5  1062  0.8  2.90 -9  38.7  24.3  22.1  17.8  16.8  -9 -9.0 -9  3  2
202505281500 108  25  2.6  -9 -9.0   -9 1005.3 1015.1  7  -2.0  26.6  12.2  41.0  14.2   -9.0    0.0    0.0   -9.0   -9.0   -9.0   -9.0 -9 61 -                        1   1   10 Sc         0   0   5  1118  0.7  2.53 -9  41.1  24.6  22.7  18.0  16.9  -9 -9.0 -9  3  1
202505281600 108  25  2.7  -9 -9.0   -9 1004.9 1014.6 -9  -9.0  26.8  12.4  41.0  14.4   -9.0    0.0    0.0   -9.0   -9.0   -9.0   -9.0 -9 -9 -                        3   3   15 Sc         0   0   5  1032  1.0  2.34 -9  37.5  24.9  23.1  18.3  16.9  -9 -9.0 -9  3  2
202505281700 108  27  4.4  -9 -9.0   -9 1005.2 1015.0 -9  -9.0  24.5  13.9  52.0  15.9   -9.0    0.0    0.0   -9.0   -9.0   -9.0   -9.0 -9 -9 -                        3   3   15 Sc         0   0   5  1424  1.0  1.68 -9  30.3  24.9  23.3  18.7  17.0  -9 -9.0 -9  3  2
202505281800 108  29  3.3  -9 -9.0   -9 1005.1 1015.0  5  -0.1  23.5  12.7  51.0  14.7   -9.0    0.0    0.0   -9.0   -9.0   -9.0   -9.0 -9 -9 -                        5   0   -9 Ci         1   0   0  2527  0.6  0.91 -9  27.4  24.4  23.0  18.9  17.1  -9 -9.0 -9  3  2
202505281900 108  27  2.9  -9 -9.0   -9 1005.6 1015.5 -9  -9.0  22.0  11.0  50.0  13.1   -9.0    0.0    0.0   -9.0   -9.0   -9.0   -9.0 -9 -9 -                        0   0   -9 -         -9  -9  -9  2617  0.9  0.50 -9  22.6  23.4  22.5  19.0  17.1  -9 -9.0 -9  3 -9
202505282000 108  32  1.5  -9 -9.0   -9 1006.5 1016.5 -9  -9.0  21.1  11.4  54.0  13.5   -9.0    0.0    0.0   -9.0   -9.0   -9.0   -9.0 -9 -9 -                        5   2   26 -         -9  -9  -9  2463  0.0  0.09 -9  20.5  23.3  22.0  19.1  17.3  -9 -9.0 -9  3 -9
202505282100 108  34  2.3  -9 -9.0   -9 1006.9 1016.9  2   1.9  20.4  12.1  59.0  14.1   -9.0    0.0    0.0   -9.0   -9.0   -9.0   -9.0 -9 -9 -                        3   0   -9 Ci         1   0   0  2133 -9.0 -9.00 -9  19.2  22.6  21.3  19.2  17.4  -9 -9.0 -9  3  2
202505282200 108   5  2.5  -9 -9.0   -9 1007.0 1017.0 -9  -9.0  19.7  11.7  60.0  13.7   -9.0    0.0    0.0   -9.0   -9.0   -9.0   -9.0 -9 -9 -                        0   0   -9 -         -9  -9  -9  1983 -9.0 -9.00 -9  18.1  22.0  20.8  19.2  17.6  -9 -9.0 -9  3 -9
202505282300 108  36  1.3  -9 -9.0   -9 1007.2 1017.3 -9  -9.0  19.0  11.5  62.0  13.6   -9.0    0.0    0.0   -9.0   -9.0   -9.0   -9.0 -9 -9 -                        0   0   -9 -         -9  -9  -9  1880 -9.0 -9.00 -9  17.3  21.4  20.3  19.1  17.8  -9 -9.0 -9  3 -9
202505290000 108   2  1.1  -9 -9.0   -9 1006.9 1016.9  4   0.0  18.5  11.7  65.0  13.7   -9.0    0.0    0.0   -9.0   -9.0   -9.0   -9.0 -9 -9 -                        0   0   -9 -         -9  -9  -9  1806 -9.0 -9.00 -9  16.4  20.8  19.8  19.0  17.8  -9 -9.0 -9  3  2
202505290100 108   2  1.8  -9 -9.0   -9 1006.5 1016.6 -9  -9.0  17.6  11.3  67.0  13.4   -9.0   -9.0   -9.0   -9.0   -9.0   -9.0   -9.0 -9 -9 -                        0   0   -9 -         -9  -9  -9  1655 -9.0 -9.00 -9  15.8  20.4  19.2  18.4  17.4  -9 -9.0 -9  3 -9
202505290200 108   5  1.6  -9 -9.0   -9 1006.2 1016.3 -9  -9.0  17.0  11.6  71.0  13.7   -9.0   -9.0   -9.0   -9.0   -9.0   -9.0   -9.0 -9 -9 -                        0   0   -9 -         -9  -9  -9  1627 -9.0 -9.00 -9  15.4  19.9  18.8  18.3  17.3  -9 -9.0 -9  3 -9
202505290300 108  34  1.8  -9 -9.0   -9 1005.9 1016.0  7  -0.9  16.6  11.7  73.0  13.7   -9.0   -9.0   -9.0   -9.0   -9.0   -9.0   -9.0 -9 -9 -                        0   0   -9 -         -9  -9  -9  1536 -9.0 -9.00 -9  15.0  19.5  18.4  18.1  17.3  -9 -9.0 -9  3  2
202505290400 108   2  2.0  -9 -9.0   -9 1005.9 1016.1 -9  -9.0  16.0  11.7  76.0  13.7   -9.0   -9.0   -9.0   -9.0   -9.0   -9.0   -9.0 -9 -9 -                        0   0   -9 -         -9  -9  -9  1363 -9.0 -9.00 -9  14.3  19.1  17.9  17.7  17.1  -9 -9.0 -9  3  2
202505290500 108   5  1.9  -9 -9.0   -9 1005.9 1016.1 -9  -9.0  15.5  11.6  78.0  13.7   -9.0   -9.0   -9.0   -9.0   -9.0   -9.0   -9.0 -9 -9 -                        0   0   -9 -         -9  -9  -9  1142 -9.0 -9.00 -9  14.0  18.7  17.8  18.0  17.4  -9 -9.0 -9  3  2
202505290600 108   2  2.1  -9 -9.0   -9 1006.0 1016.2  2   0.2  15.4  12.3  82.0  14.3   -9.0   -9.0   -9.0   -9.0   -9.0   -9.0   -9.0 -9 -9 -                        0   0   -9 -         -9  -9  -9  1092  0.0  0.06 -9  14.6  18.4  17.4  17.6  17.2  -9 -9.0 -9  3  2
202505290700 108   5  1.5  -9 -9.0   -9 1006.0 1016.1 -9  -9.0  16.5  13.0  80.0  15.0   -9.0   -9.0   -9.0   -9.0   -9.0   -9.0   -9.0 -9 -9 -                        0   0   -9 -         -9  -9  -9  1160  0.8  0.45 -9  17.1  18.4  17.2  17.2  16.9  -9 -9.0 -9  3  2
202505290800 108   9  1.4  -9 -9.0   -9 1006.1 1016.2 -9  -9.0  18.5  12.9  70.0  14.9   -9.0   -9.0   -9.0   -9.0   -9.0   -9.0   -9.0 -9 -9 -                        0   0   -9 -         -9  -9  -9  1626  1.0  1.04 -9  22.9  18.8  17.6  17.6  17.5  -9 -9.0 -9  3  2
202505290900 108   5  1.9  -9 -9.0   -9 1006.0 1016.0  7  -0.2  20.8  13.2  62.0  15.2   -9.0   -9.0   -9.0   -9.0   -9.0   -9.0   -9.0 -9 -9 -                        0   0   -9 -         -9  -9  -9  1725  1.0  1.79 -9  29.6  19.5  18.1  17.6  17.5  -9 -9.0 -9  3  2
202505291000 108  25  1.2  -9 -9.0   -9 1005.7 1015.6 -9  -9.0  22.0  13.3  58.0  15.3   -9.0   -9.0   -9.0   -9.0   -9.0   -9.0   -9.0 -9 -9 -                        0   0   -9 -         -9  -9  -9  1863  1.0  2.42 -9  36.5  20.6  18.9  17.6  17.4  -9 -9.0 -9  3  2
202505291100 108  11  1.2  -9 -9.0   -9 1005.3 1015.1 -9  -9.0  24.0  13.8  53.0  15.8   -9.0   -9.0   -9.0   -9.0   -9.0   -9.0   -9.0 -9 -9 -                        0   0   -9 -         -9  -9  -9  1573  1.0  2.99 -9  42.5  21.7  19.8  17.6  17.3  -9 -9.0 -9  3  2
202505291200 108  29  2.8  -9 -9.0   -9 1004.9 1014.7  7  -1.3  24.8  14.2  52.0  16.2   -9.0   -9.0   -9.0   -9.0   -9.0   -9.0   -9.0 -9 -9 -                        4   0   -9 Ci         1   0   0  1569  1.0  3.34 -9  44.9  23.0  20.9  17.6  17.1  -9 -9.0 -9  3  2
202505291300 108  27  3.1  -9 -9.0   -9 1004.2 1014.0 -9  -9.0  25.5  13.6  48.0  15.6   -9.0   -9.0   -9.0   -9.0   -9.0   -9.0   -9.0 -9 -9 -                        2   2   14 Sc         0   0   5  1519  1.0  3.25 -9  45.8  24.0  21.8  17.7  17.0  -9 -9.0 -9  3  2
202505291400 108  27  3.7  -9 -9.0   -9 1003.4 1013.1 -9  -9.0  26.3  12.3  42.0  14.3   -9.0   -9.0   -9.0   -9.0   -9.0   -9.0   -9.0 -9 -9 -                        3   2    8 CuCi       1   0   2  2003  0.9  3.19 -9  45.3  24.8  22.7  18.0  16.9  -9 -9.0 -9  3  2
202505291500 108  27  2.9  -9 -9.0   -9 1002.7 1012.5  7  -2.2  25.8  10.7  39.0  12.9   -9.0   -9.0   -9.0   -9.0   -9.0   -9.0   -9.0 -9 -9 -                        3   1    9 CuCi       2   0   2  2242  0.6  2.30 -9  35.2  25.4  23.3  18.3  17.0  -9 -9.0 -9  3  2
202505291600 108  27  3.3  -9 -9.0   -9 1002.0 1011.7 -9  -9.0  27.2   9.9  34.0  12.2   -9.0   -9.0   -9.0   -9.0   -9.0   -9.0   -9.0 -9 -9 -                        5   2    9 CuCi       2   0   2  2097  1.0  2.76 -9  41.1  25.3  23.5  18.7  17.1  -9 -9.0 -9  3  2
202505291700 108  25  3.1  -9 -9.0   -9 1001.7 1011.4 -9  -9.0  26.2  13.9  47.0  15.9   -9.0   -9.0   -9.0   -9.0   -9.0   -9.0   -9.0 -9 -9 -                        5   3    9 CuScCi     2   0   8  1980  0.5  1.15 -9  33.2  25.3  23.5  19.0  17.3  -9 -9.0 -9  3  2
202505291800 108  27  4.2  -9 -9.0   -9 1001.6 1011.4  6  -1.1  25.2  14.6  52.0  16.6   -9.0   -9.0   -9.0   -9.0   -9.0   -9.0   -9.0 17 92 -                        5   4    6 CbStNs     0   2   9  1778  0.9  1.21 -9  29.2  25.0  23.4  19.4  17.5  -9 -9.0 -9  3  1
202505291900 108  27  4.0  -9 -9.0   -9 1001.7 1011.5 -9  -9.0  23.8  13.9  54.0  15.9   -9.0   -9.0   -9.0   -9.0   -9.0   -9.0   -9.0 29 90 -                        3   0   -9 Ci         1   0   0  1855  1.0  0.54 -9  24.3  24.6  23.1  19.5  17.5  -9 -9.0 -9  3  1
202505292000 108  29  2.5  -9 -9.0   -9 1001.9 1011.8 -9  -9.0  22.5  13.2  56.0  15.2   -9.0   -9.0   -9.0   -9.0   -9.0   -9.0   -9.0 -9 -9 -                        6   1   75 -         -9  -9  -9  1809  0.0  0.07 -9  21.4  23.5  22.5  19.5  17.6  -9 -9.0 -9  3 -9
202505292100 108  27  3.0  -9 -9.0   -9 1002.1 1012.0  2   0.6  21.6  12.1  55.0  14.1   -9.0   -9.0   -9.0   -9.0   -9.0   -9.0   -9.0 -9 90 -                        4   0   -9 Ci         1   0   0  1756 -9.0 -9.00 -9  20.0  23.3  22.0  19.6  17.7  -9 -9.0 -9  3  1
202505292200 108  29  1.5  -9 -9.0   -9 1002.7 1012.6 -9  -9.0  20.9  10.6  52.0  12.8   -9.0   -9.0   -9.0   -9.0   -9.0   -9.0   -9.0 -9 -9 -                        0   0   -9 -         -9  -9  -9  1943 -9.0 -9.00 -9  18.9  22.8  21.4  19.6  17.8  -9 -9.0 -9  3 -9
202505292300 108  29  1.8  -9 -9.0   -9 1003.0 1013.0 -9  -9.0  20.1   9.3  50.0  11.7   -9.0   -9.0   -9.0   -9.0   -9.0   -9.0   -9.0 -9 -9 -                        0   0   -9 -         -9  -9  -9  2040 -9.0 -9.00 -9  17.9  22.2  20.7  19.1  17.6  -9 -9.0 -9  3 -9
202505300000 108  27  2.1  -9 -9.0   -9 1002.7 1012.6  0   0.6  19.3   9.1  52.0  11.6   -9.0   -9.0   -9.0   -9.0   -9.0   -9.0   -9.0 -9 -9 -                        0   0   -9 -         -9  -9  -9  2116 -9.0 -9.00 -9  17.3  21.7  20.3  19.0  17.6  -9 -9.0 -9  3  2
202505300100 108  27  1.8  -9 -9.0   -9 1002.4 1012.4 -9  -9.0  18.7   9.7  56.0  12.0   -9.0   -9.0   -9.0   -9.0   -9.0   -9.0   -9.0 -9 -9 -                        0   0   -9 -         -9  -9  -9  2102 -9.0 -9.00 -9  16.5  21.0  19.8  19.0  17.7  -9 -9.0 -9  3 -9
202505300200 108  25  0.9  -9 -9.0   -9 1002.1 1012.1 -9  -9.0  18.0  10.1  60.0  12.4   -9.0   -9.0   -9.0   -9.0   -9.0   -9.0   -9.0 -9 -9 -                        0   0   -9 -         -9  -9  -9  1953 -9.0 -9.00 -9  15.8  20.5  19.4  18.8  17.7  -9 -9.0 -9  3 -9
202505300300 108   2  0.6  -9 -9.0   -9 1002.1 1012.2  5  -0.4  17.6  10.9  65.0  13.0   -9.0   -9.0   -9.0   -9.0   -9.0   -9.0   -9.0 -9 -9 -                        0   0   -9 -         -9  -9  -9  1802 -9.0 -9.00 -9  15.4  20.1  19.0  18.6  17.7  -9 -9.0 -9  3  2
202505300400 108   5  1.3  -9 -9.0   -9 1002.2 1012.3 -9  -9.0  17.4  11.4  68.0  13.5   -9.0   -9.0   -9.0   -9.0   -9.0   -9.0   -9.0 -9 -9 -                        0   0   -9 -         -9  -9  -9  1630 -9.0 -9.00 -9  14.9  19.7  18.7  18.4  17.6  -9 -9.0 -9  3  2
202505300500 108  36  1.4  -9 -9.0   -9 1002.3 1012.4 -9  -9.0  17.2  12.1  72.0  14.1   -9.0   -9.0   -9.0   -9.0   -9.0   -9.0   -9.0 -9 -9 -                        0   0   -9 -         -9  -9  -9  1516 -9.0 -9.00 -9  14.8  19.3  18.5  18.5  17.8  -9 -9.0 -9  3  2
202505300600 108   5  1.3  -9 -9.0   -9 1002.8 1012.9  2   0.7  16.8  12.1  74.0  14.1   -9.0   -9.0   -9.0   -9.0   -9.0   -9.0   -9.0 -9 -9 -                        0   0   -9 -         -9  -9  -9  1322  0.0  0.04 -9  14.8  19.0  18.2  18.3  17.7  -9 -9.0 -9  3  2
202505300700 108   5  1.2  -9 -9.0   -9 1003.0 1013.1 -9  -9.0  17.2  13.5  79.0  15.5   -9.0   -9.0   -9.0   -9.0   -9.0   -9.0   -9.0 -9 -9 -                        0   0   -9 -         -9  -9  -9  1267  0.4  0.37 -9  17.2  18.8  18.0  18.1  17.6  -9 -9.0 -9  3  2
202505300800 108   5  1.9  -9 -9.0   -9 1002.9 1012.9 -9  -9.0  19.4  14.4  73.0  16.4   -9.0   -9.0   -9.0   -9.0   -9.0   -9.0   -9.0 -9 -9 -                        0   0   -9 -         -9  -9  -9  1413  1.0  0.89 -9  22.8  19.5  18.1  18.0  17.7  -9 -9.0 -9  3  2
202505300900 108   7  1.6  -9 -9.0   -9 1003.1 1013.0  0   0.1  21.0  14.6  67.0  16.6   -9.0   -9.0   -9.0   -9.0   -9.0   -9.0   -9.0 -9 -9 -                        0   0   -9 -         -9  -9  -9  1381  1.0  1.58 -9  29.0  20.2  18.6  17.9  17.6  -9 -9.0 -9  3  2
202505301000 108   5  1.9  -9 -9.0   -9 1003.0 1012.9 -9  -9.0  22.4  13.7  58.0  15.7   -9.0   -9.0   -9.0   -9.0   -9.0   -9.0   -9.0 -9 -9 -                        0   0   -9 -         -9  -9  -9  2024  1.0  2.18 -9  34.9  21.1  19.3  17.9  17.6  -9 -9.0 -9  3  2
202505301100 108   2  1.4  -9 -9.0   -9 1002.9 1012.7 -9  -9.0  24.0  13.8  53.0  15.8   -9.0   -9.0   -9.0   -9.0   -9.0   -9.0   -9.0 -9 -9 -                        0   0   -9 -         -9  -9  -9  2146  1.0  2.65 -9  40.9  22.1  20.1  17.9  17.5  -9 -9.0 -9  3  2
202505301200 108  20  2.1  -9 -9.0   -9 1002.6 1012.4  7  -0.6  25.3  11.8  43.0  13.8   -9.0   -9.0   -9.0   -9.0   -9.0   -9.0   -9.0 -9 -9 -                        1   1   10 Sc         0   0   5  3253  1.0  3.17 -9  45.9  23.3  21.1  18.0  17.4  -9 -9.0 -9  3  2
202505301300 108  14  2.3  -9 -9.0   -9 1001.9 1011.6 -9  -9.0  26.5  12.1  41.0  14.1   -9.0   -9.0   -9.0   -9.0   -9.0   -9.0   -9.0 -9 -9 -                        1   1   10 Sc         0   0   5  2248  1.0  3.30 -9  46.7  24.5  22.2  18.1  17.3  -9 -9.0 -9  3  2
202505301400 108  14  1.2  -9 -9.0   -9 1001.4 1011.1 -9  -9.0  27.0  13.3  43.0  15.3   -9.0   -9.0   -9.0   -9.0   -9.0   -9.0   -9.0 -9 -9 -                        3   3   15 Sc         0   0   5  1991  0.7  2.74 -9  42.8  25.4  23.1  18.3  17.3  -9 -9.0 -9  3  2
202505301500 108  29  3.1  -9 -9.0   -9 1000.7 1010.4  7  -2.0  27.4  12.5  40.0  14.5   -9.0   -9.0   -9.0   -9.0   -9.0   -9.0   -9.0 -9 -9 -                        3   3   10 Sc         0   0   5  2148  1.0  2.90 -9  44.5  25.8  23.7  18.7  17.3  -9 -9.0 -9  3  2
202505301600 108  11  2.1  -9 -9.0   -9 1000.1 1009.8 -9  -9.0  27.7  11.6  37.0  13.7   -9.0   -9.0   -9.0   -9.0   -9.0   -9.0   -9.0 -9 -9 -                        1   1   15 Sc         0   0   5  1896  1.0  2.46 -9  40.8  26.2  24.2  19.0  17.4  -9 -9.0 -9  3  2
202505301700 108  27  1.6  -9 -9.0   -9  999.7 1009.4 -9  -9.0  27.9   9.1  31.0  11.6   -9.0   -9.0   -9.0   -9.0   -9.0   -9.0   -9.0 -9 -9 -                        1   1   15 Sc         0   0   5  2968  1.0  1.78 -9  35.9  26.1  24.3  19.4  17.6  -9 -9.0 -9  3  2
202505301800 108  36  2.2  -9 -9.0   -9  999.4 1009.1  7  -1.3  27.4   9.2  32.0  11.6   -9.0   -9.0   -9.0   -9.0   -9.0   -9.0   -9.0 -9 -9 -                        0   0   -9 -         -9  -9  -9  2700  1.0  1.12 -9  29.2  25.8  24.1  19.8  17.8  -9 -9.0 -9  3  2
202505301900 108  25  4.1  -9 -9.0   -9  999.9 1009.6 -9  -9.0  25.2  12.7  46.0  14.7   -9.0   -9.0   -9.0   -9.0   -9.0   -9.0   -9.0 -9 -9 -                        0   0   -9 -         -9  -9  -9  2330  1.0  0.46 -9  24.8  25.3  23.7  19.9  17.9  -9 -9.0 -9  3 -9
202505302000 108  27  1.6  -9 -9.0   -9 1000.1 1009.9 -9  -9.0  23.6  12.8  51.0  14.8   -9.0   -9.0   -9.0   -9.0   -9.0   -9.0   -9.0 -9 -9 -                        0   0   -9 -         -9  -9  -9  2115  0.0  0.08 -9  21.5  24.5  23.1  19.9  17.9  -9 -9.0 -9  3 -9
202505302100 108  27  2.0  -9 -9.0   -9 1000.5 1010.4  2   1.3  22.4  13.4  57.0  15.4   -9.0   -9.0   -9.0   -9.0   -9.0   -9.0   -9.0 -9 -9 -                        0   0   -9 -         -9  -9  -9  1936 -9.0 -9.00 -9  19.7  23.7  22.5  20.0  18.0  -9 -9.0 -9  3  2
202505302200 108  27  2.5  -9 -9.0   -9 1001.2 1011.1 -9  -9.0  21.3  12.9  59.0  14.9   -9.0   -9.0   -9.0   -9.0   -9.0   -9.0   -9.0 -9 -9 -                        0   0   -9 -         -9  -9  -9  1850 -9.0 -9.00 -9  18.7  23.0  21.8  20.0  18.2  -9 -9.0 -9  3 -9
202505302300 108  23  1.3  -9 -9.0   -9 1001.7 1011.6 -9  -9.0  20.6  12.5  60.0  14.5   -9.0   -9.0   -9.0   -9.0   -9.0   -9.0   -9.0 -9 -9 -                        0   0   -9 -         -9  -9  -9  1745 -9.0 -9.00 -9  17.7  22.5  21.3  20.0  18.3  -9 -9.0 -9  3 -9
202505310000 108  20  0.6  -9 -9.0   -9 1001.2 1011.1  0   0.7  19.7  12.2  62.0  14.2   -9.0   -9.0   -9.0   -9.0   -9.0   -9.0   -9.0 -9 -9 -                        0   0   -9 -         -9  -9  -9  1497 -9.0 -9.00 -9  16.6  21.9  20.8  19.8  18.4  -9 -9.0 -9  3  2
202505310100 108   5  0.6  -9 -9.0   -9 1000.9 1010.9 -9  -9.0  19.1  12.5  66.0  14.5   -9.0   -9.0   -9.0   -9.0   -9.0   -9.0   -9.0 -9 -9 -                        0   0   -9 -         -9  -9  -9  1561 -9.0 -9.00 -9  16.2  21.3  20.4  19.7  18.4  -9 -9.0 -9  3 -9
202505310200 108   5  2.0  -9 -9.0   -9 1001.0 1011.0 -9  -9.0  18.3  11.1  63.0  13.2   -9.0   -9.0   -9.0   -9.0   -9.0   -9.0   -9.0 -9 -9 -                        0   0   -9 -         -9  -9  -9  2351 -9.0 -9.00 -9  15.5  20.9  19.9  19.5  18.4  -9 -9.0 -9  3 -9
202505310300 108   5  1.7  -9 -9.0   -9 1001.0 1011.0  5  -0.1  17.6   9.9  61.0  12.2   -9.0   -9.0   -9.0   -9.0   -9.0   -9.0   -9.0 -9 -9 -                        3   0   -9 Ci         1   0   0  2661 -9.0 -9.00 -9  15.0  20.4  19.5  19.3  18.4  -9 -9.0 -9  3  2
202505310400 108   5  2.3  -9 -9.0   -9 1001.1 1011.2 -9  -9.0  17.1   8.7  58.0  11.2   -9.0   -9.0   -9.0   -9.0   -9.0   -9.0   -9.0 -9 -9 -                        5   0   -9 Ci         1   0   0  3357 -9.0 -9.00 -9  14.7  20.0  19.1  19.1  18.4  -9 -9.0 -9  3  2
202505310500 108   5  2.5  -9 -9.0   -9 1001.4 1011.5 -9  -9.0  16.7   8.3  58.0  10.9   -9.0   -9.0   -9.0   -9.0   -9.0   -9.0   -9.0 -9 -9 -                        7   0   -9 Ci         1   0   0  3294 -9.0 -9.00 -9  14.3  19.6  18.8  19.0  18.4  -9 -9.0 -9  3  2
202505310600 108   5  2.3  -9 -9.0   -9 1001.6 1011.7  2   0.7  16.6   8.7  60.0  11.2   -9.0   -9.0   -9.0   -9.0   -9.0   -9.0   -9.0 -9 -9 -                        6   0   -9 Ci         1   0   0  3355  0.0  0.07 -9  15.1  19.3  18.5  18.8  18.3  -9 -9.0 -9  3  2
202505310700 108   5  2.3  -9 -9.0   -9 1002.1 1012.2 -9  -9.0  17.5   9.8  61.0  12.1   -9.0   -9.0   -9.0   -9.0   -9.0   -9.0   -9.0 -9 -9 -                        7   0   -9 Ci         1   0   0  3300  0.0  0.44 -9  18.1  19.4  18.3  18.5  18.2  -9 -9.0 -9  3  2
202505310800 108   5  2.5  -9 -9.0   -9 1002.1 1012.1 -9  -9.0  19.4  10.1  55.0  12.4   -9.0   -9.0   -9.0   -9.0   -9.0   -9.0   -9.0 -9 -9 -                        7   0   -9 Ci         1   0   0  2769  1.0  1.04 -9  24.0  19.4  18.4  18.4  18.1  -9 -9.0 -9  3  2
202505310900 108   5  2.1  -9 -9.0   -9 1001.9 1011.8  0   0.1  21.4  10.5  50.0  12.7   -9.0   -9.0   -9.0   -9.0   -9.0   -9.0   -9.0 -9 -9 -                        6   0   -9 Ci         1   0   0  2859  1.0  1.92 -9  32.9  20.5  18.9  18.3  18.0  -9 -9.0 -9  3  2
202505311000 108  11  1.7  -9 -9.0   -9 1001.9 1011.7 -9  -9.0  23.4  11.7  48.0  13.7   -9.0   -9.0   -9.0   -9.0   -9.0   -9.0   -9.0 -9 -9 -                        8   0   -9 Ci         1   0   0  1977  1.0  2.59 -9  40.3  21.7  19.6  18.2  17.9  -9 -9.0 -9  3  2
202505311100 108  23  1.1  -9 -9.0   -9 1001.5 1011.3 -9  -9.0  24.3  12.5  48.0  14.5   -9.0   -9.0   -9.0   -9.0   -9.0   -9.0   -9.0 -9 -9 -                        8   0   -9 Ci         1   0   0  1664  0.8  2.46 -9  41.1  22.9  20.6  18.2  17.8  -9 -9.0 -9  3  2
202505311200 108  20  1.3  -9 -9.0   -9 1001.0 1010.8  7  -1.0  25.0  11.8  44.0  13.8   -9.0   -9.0   -9.0   -9.0   -9.0   -9.0   -9.0 -9 -9 -                        8   0   -9 Ci         2   0   0  1702  0.5  2.21 -9  39.1  23.7  21.4  18.2  17.7  -9 -9.0 -9  3  2
202505311300 108  16  1.4  -9 -9.0   -9 1000.3 1010.0 -9  -9.0  26.4  13.1  44.0  15.1   -9.0   -9.0   -9.0   -9.0   -9.0   -9.0   -9.0 -9 -9 -                        8   0   -9 Ci         2   0   0  1224  0.8  2.60 -9  44.7  24.4  22.0  18.4  17.6  -9 -9.0 -9  3  2
202505311400 108  29  1.9  -9 -9.0   -9  999.6 1009.3 -9  -9.0  26.3  11.9  41.0  13.9   -9.0   -9.0   -9.0   -9.0   -9.0   -9.0   -9.0 -9 -9 -                        8   0   -9 Ci         2   0   0  1276  0.2  1.98 -9  38.1  25.0  22.7  18.6  17.6  -9 -9.0 -9  3  2
202505311500 108  29  2.1  -9 -9.0   -9  999.2 1008.9  7  -1.9  26.4  11.7  40.0  13.7   -9.0   -9.0   -9.0   -9.0   -9.0   -9.0   -9.0 -9 -9 -                        8   0   -9 Ci         1   0   0  1321  0.5  1.92 -9  38.3  25.3  23.0  18.8  17.6  -9 -9.0 -9  3  2
202505311600 108  27  2.9  -9 -9.0   -9  998.5 1008.2 -9  -9.0  26.7  12.7  42.0  14.7   -9.0   -9.0   -9.0   -9.0   -9.0   -9.0   -9.0 -9 -9 -                        8   0   -9 Ci         1   0   0  1080  0.6  1.79 -9  36.2  25.5  23.3  19.1  17.7  -9 -9.0 -9  3  2
202505311700 108  29  2.9  -9 -9.0   -9  998.7 1008.4 -9  -9.0  25.6  12.7  45.0  14.7   -9.0   -9.0   -9.0   -9.0   -9.0   -9.0   -9.0 -9 -9 -                        6   0   -9 Ci         1   0   0  1030  0.4  1.20 -9  31.4  25.4  23.3  19.3  17.8  -9 -9.0 -9  3  2
202505311800 108  27  3.0  -9 -9.0   -9  998.6 1008.4  5  -0.5  24.2  13.7  52.0  15.7   -9.0   -9.0   -9.0   -9.0   -9.0   -9.0   -9.0  5 22 40                       6   0   -9 Ci         1   0   0   934  0.5  0.73 -9  27.2  25.0  23.1  19.5  17.8  -9 -9.0 -9  3  1
202505311900 108  27  3.1  -9 -9.0   -9  999.0 1008.8 -9  -9.0  22.7  12.9  54.0  14.9   -9.0   -9.0   -9.0   -9.0   -9.0   -9.0   -9.0 -9 -9 40                       6   6   65 -         -9  -9  -9  1019  0.0  0.37 -9  23.7  24.5  22.7  19.6  17.9  -9 -9.0 -9  3  2
202505312000 108  20  2.1  -9 -9.0   -9  999.2 1009.1 -9  -9.0  21.4  12.5  57.0  14.5   -9.0   -9.0   -9.0   -9.0   -9.0   -9.0   -9.0 -9 -9 -                        6   6   64 -         -9  -9  -9  1172  0.0  0.07 -9  20.4  23.5  22.2  19.6  17.9  -9 -9.0 -9  3 -9
202505312100 108  25  1.5  -9 -9.0   -9  999.3 1009.2  2   0.8  20.7  13.6  64.0  15.6   -9.0   -9.0   -9.0   -9.0   -9.0   -9.0   -9.0  5 22 40                       7   0   -9 Ci         1   0   0   929 -9.0 -9.00 -9  19.5  22.8  21.7  19.6  18.0  -9 -9.0 -9  3  1
202505312200 108  23  1.6  -9 -9.0   -9  999.8 1009.7 -9  -9.0  20.6  13.7  65.0  15.7   -9.0   -9.0   -9.0   -9.0   -9.0   -9.0   -9.0 -9 -9 40                       7   7   58 -         -9  -9  -9  1071 -9.0 -9.00 -9  18.8  22.2  21.2  19.6  18.1  -9 -9.0 -9  3  2
202505312300 108  25  1.6  -9 -9.0   -9  999.9 1009.8 -9  -9.0  20.3  14.1  68.0  16.1   -9.0   -9.0   -9.0   -9.0   -9.0   -9.0   -9.0 -9 -9 40                       7   7   45 -         -9  -9  -9   919 -9.0 -9.00 -9  18.5  21.8  20.8  19.5  18.2  -9 -9.0 -9  3  2
#7777END
