#START7777
#2345678901234567890123456789012345678901234567890123456789012345678901234567890123456789012345678901234567890123456789012345678901234567890123456789012345678901234567890123456789012345678901234567890123456789012345678901234567890123456789012345678901234
# YYMMDDHHMI STN  WD   WS GST  GST  GST     PA     PS PT    PR    TA    TD    HM    PV     RN     RN     RN     RN     SD     SD     SD WC WP WW                      CA  CA   CH CT        CT  CT  CT    VS   SS    SI ST    TS    TE    TE    TE    TE  ST   WH BF IR IX
#        KST  ID  16  m/s  WD   WS   TM    hPa    hPa  -   hPa     C     C     %   hPa     mm    DAY    JUN    INT    HR3    DAY    TOT -- -- ---------------------- TOT MID  MIN -------- TOP MID LOW                  GD     C     5    10    20    30 SEA    m --  -  -
202405010000 108   0  0.3  -9 -9.0   -9  998.9 1009.0  2   1.2  16.0  10.7  71.0  12.9   -9.0   -9.0   -9.0   -9.0   -9.0   -9.0   -9.0  5 22 40                       8   5    9 ScCi       1   0   5   918 -9.0 -9.00 -9  14.4  19.2  19.4  19.2  18.8  -9 -9.0 -9  3  1
202405010100 108   7  2.5  -9 -9.0   -9  998.8 1008.9 -9  -9.0  15.8   9.4  66.0  11.8   -9.0   -9.0   -9.0   -9.0   -9.0   -9.0   -9.0 -9 -9 40                       8   5    9 -         -9  -9  -9  2110 -9.0 -9.00 -9  14.2  18.9  19.2  19.0  18.8  -9 -9.0 -9  3  2
202405010200 108   7  3.6  -9 -9.0   -9  998.8 1008.9 -9  -9.0  15.5   8.7  64.0  11.2   -9.0   -9.0   -9.0   -9.0   -9.0   -9.0   -9.0 -9 -9 -                        8   8   15 -         -9  -9  -9  2292 -9.0 -9.00 -9  14.3  18.6  18.9  18.8  18.7  -9 -9.0 -9  3 -9
202405010300 108   5  3.3  -9 -9.0   -9  999.1 1009.2  3   0.2  14.7   7.9  64.0  10.6   -9.0   -9.0   -9.0   -9.0   -9.0   -9.0   -9.0 -9 -9 -                        8   2   15 ScCi       1   0   5  2541 -9.0 -9.00 -9  13.6  18.4  18.7  18.7  18.6  -9 -9.0 -9  3  2
202405010400 108   5  3.0  -9 -9.0   -9  999.5 1009.6 -9  -9.0  14.3   7.3  63.0  10.2   -9.0   -9.0   -9.0   -9.0   -9.0   -9.0   -9.0 -9 -9 -                        9   7   10 ScCi       1   0   5  2605 -9.0 -9.00 -9  13.3  18.1  18.4  18.5  18.5  -9 -9.0 -9  3  2
202405010500 108   7  2.3  -9 -9.0   -9 1000.0 1010.1 -9  -9.0  14.2   6.5  60.0   9.7   -9.0   -9.0   -9.0   -9.0   -9.0   -9.0   -9.0 -9 -9 -                        7   6   10 ScCi       1   0   5  2749 -9.0 -9.00 -9  13.1  17.9  18.2  18.3  18.4  -9 -9.0 -9  3  2
202405010600 108   5  3.4  -9 -9.0   -9 1000.6 1010.7  2   1.5  14.0   4.8  54.0   8.6   -9.0   -9.0   -9.0   -9.0   -9.0   -9.0   -9.0 -9 -9 -                        9   9   11 Sc         0   0   5  2946  0.0  0.00 -9  13.3  17.6  18.0  18.1  18.3  -9 -9.0 -9  3  2
202405010700 108   5  3.8  -9 -9.0   -9 1001.1 1011.2 -9  -9.0  14.3   3.7  49.0   8.0   -9.0   -9.0   -9.0   -9.0   -9.0   -9.0   -9.0 -9 -9 -                        8   8   12 Sc         0   0   5  3289  0.0  0.23 -9  15.7  17.4  17.7  17.9  18.2  -9 -9.0 -9  3  2
202405010800 108   5  3.6  -9 -9.0   -9 1001.7 1011.9 -9  -9.0  15.1   3.8  47.0   8.0   -9.0   -9.0   -9.0   -9.0   -9.0   -9.0   -9.0 -9 -9 -                        8   8   13 Sc         0   0   5  3391  0.0  0.59 -9  19.7  17.4  17.6  17.8  18.1  -9 -9.0 -9  3  2
202405010900 108   7  2.9  -9 -9.0   -9 1002.0 1012.0  2   1.3  17.2   3.8  41.0   8.0   -9.0   -9.0   -9.0   -9.0   -9.0   -9.0   -9.0 -9 -9 -                        8   8   15 Sc         0   0   5  2689  0.8  1.75 -9  29.4  17.6  17.6  17.7  18.0  -9 -9.0 -9  3  2
202405011000 108   7  2.4  -9 -9.0   -9 1002.2 1012.1 -9  -9.0  18.7   4.0  38.0   8.1   -9.0   -9.0   -9.0   -9.0   -9.0   -9.0   -9.0 -9 -9 -                        7   7   16 Sc         0   0   5  3113  0.9  2.47 -9  34.4  18.2  17.9  17.6  17.8  -9 -9.0 -9  3  2
202405011100 108   7  2.3  -9 -9.0   -9 1002.3 1012.2 -9  -9.0  19.3   3.4  35.0   7.8   -9.0   -9.0   -9.0   -9.0   -9.0   -9.0   -9.0 -9 -9 -                        7   7   15 Sc         0   0   5  3378  0.8  2.50 -9  40.1  19.0  18.3  17.6  17.7  -9 -9.0 -9  3  2
202405011200 108  32  1.8  -9 -9.0   -9 1001.8 1011.7  8  -0.3  20.5   4.0  34.0   8.1   -9.0   -9.0   -9.0   -9.0   -9.0   -9.0   -9.0 -9 -9 -                        0   0   -9 -         -9  -9  -9  3011  1.0  3.38 -9  46.5  19.8  18.8  17.8  17.7  -9 -9.0 -9  3  2
202405011300 108   9  2.0  -9 -9.0   -9 1001.2 1011.1 -9  -9.0  21.6   5.0  34.0   8.7   -9.0   -9.0   -9.0   -9.0   -9.0   -9.0   -9.0 -9 -9 -                        6   0   -9 Ci         1   0   0  3242  1.0  3.43 -9  46.9  20.8  19.5  18.0  17.7  -9 -9.0 -9  3  2
202405011400 108  34  2.3  -9 -9.0   -9 1000.8 1010.6 -9  -9.0  22.4   4.4  31.0   8.4   -9.0   -9.0   -9.0   -9.0   -9.0   -9.0   -9.0 -9 -9 -                        6   2   15 ScCi       1   0   5  2563  1.0  3.21 -9  46.0  21.6  20.2  18.3  17.8  -9 -9.0 -9  3  2
202405011500 108   7  2.1  -9 -9.0   -9 1000.3 1010.0  7  -1.7  23.5   4.9  30.0   8.7   -9.0   -9.0   -9.0   -9.0   -9.0   -9.0   -9.0 -9 -9 -                        5   3   16 ScCi       1   0   5  2727  1.0  3.12 -9  46.8  22.2  20.9  18.7  17.9  -9 -9.0 -9  3  2
202405011600 108   7  1.7  -9 -9.0   -9 1000.2 1009.9 -9  -9.0  23.8   4.1  28.0   8.2   -9.0   -9.0   -9.0   -9.0   -9.0   -9.0   -9.0 -9 -9 -                        5   5   15 Sc         0   0   5  2388  0.9  2.49 -9  40.4  22.7  21.4  19.1  18.0  -9 -9.0 -9  3  2
202405011700 108  36  2.1  -9 -9.0   -9 1000.5 1010.3 -9  -9.0  23.4   3.8  28.0   8.0   -9.0   -9.0   -9.0   -9.0   -9.0   -9.0   -9.0 -9 -9 -                        5   5   14 Sc         0   0   5  2566  0.5  1.36 -9  32.9  22.6  21.7  19.5  18.3  -9 -9.0 -9  3  2
202405011800 108   9  0.8  -9 -9.0   -9 1000.8 1010.6  3   0.6  23.1   4.0  29.0   8.1   -9.0   -9.0   -9.0   -9.0   -9.0   -9.0   -9.0 -9 -9 -                        7   7   15 Sc         0   0   5  3127  1.0  1.09 -9  25.6  22.5  21.8  19.8  18.5  -9 -9.0 -9  3  2
202405011900 108  25  2.0  -9 -9.0   -9 1001.6 1011.5 -9  -9.0  21.8   5.6  35.0   9.1   -9.0   -9.0   -9.0   -9.0   -9.0   -9.0   -9.0 -9 -9 -                        1   1   25 -         -9  -9  -9  2764  0.9  0.41 -9  20.7  22.2  21.7  20.0  18.7  -9 -9.0 -9  3 -9
202405012000 108  25  3.6  -9 -9.0   -9 1002.8 1012.7 -9  -9.0  19.7   9.2  51.0  11.6   -9.0   -9.0   -9.0   -9.0   -9.0   -9.0   -9.0 -9 -9 -                        0   0   -9 -         -9  -9  -9  2462  0.0  0.02 -9  17.6  21.7  21.5  20.2  19.0  -9 -9.0 -9  3 -9
202405012100 108  23  1.4  -9 -9.0   -9 1003.9 1013.9  2   3.3  18.6   9.3  55.0  11.7   -9.0   -9.0   -9.0   -9.0   -9.0   -9.0   -9.0 -9 -9 -                        0   0   -9 -         -9  -9  -9  2327 -9.0 -9.00 -9  15.7  21.1  21.1  20.2  19.1  -9 -9.0 -9  3  2
202405012200 108  14  0.9  -9 -9.0   -9 1004.5 1014.5 -9  -9.0  17.7   9.5  59.0  11.9   -9.0   -9.0   -9.0   -9.0   -9.0   -9.0   -9.0 -9 -9 -                        0   0   -9 -         -9  -9  -9  2157 -9.0 -9.00 -9  14.7  20.6  20.7  20.1  19.2  -9 -9.0 -9  3 -9
202405012300 108  27  0.8  -9 -9.0   -9 1005.4 1015.5 -9  -9.0  16.8   8.4  58.0  11.0   -9.0   -9.0   -9.0   -9.0   -9.0   -9.0   -9.0 -9 -9 -                        0   0   -9 -         -9  -9  -9  2407 -9.0 -9.00 -9  13.4  20.0  20.3  20.0  19.2  -9 -9.0 -9  3 -9
202405020000 108   0  0.1  -9 -9.0   -9 1005.8 1015.9  2   2.0  16.1   8.5  61.0  11.1   -9.0   -9.0   -9.0   -9.0   -9.0   -9.0   -9.0 -9 -9 -                        0   0   -9 -         -9  -9  -9  2327 -9.0 -9.00 -9  12.6  19.5  19.9  19.7  19.2  -9 -9.0 -9  3  2
202405020100 108  36  1.2  -9 -9.0   -9 1006.0 1016.2 -9  -9.0  15.4   7.9  61.0  10.6   -9.0   -9.0   -9.0   -9.0   -9.0   -9.0   -9.0 -9 -9 -                        0   0   -9 -         -9  -9  -9  2368 -9.0 -9.00 -9  11.9  19.1  19.5  19.5  19.1  -9 -9.0 -9  3 -9
202405020200 108   2  1.0  -9 -9.0   -9 1005.7 1015.9 -9  -9.0  15.0   7.2  60.0  10.2   -9.0   -9.0   -9.0   -9.0   -9.0   -9.0   -9.0 -9 -9 -                        0   0   -9 -         -9  -9  -9  2376 -9.0 -9.00 -9  11.5  18.6  19.1  19.2  19.0  -9 -9.0 -9  3 -9
202405020300 108   2  1.5  -9 -9.0   -9 1005.9 1016.1  0   0.2  14.3   7.5  64.0  10.4   -9.0   -9.0   -9.0   -9.0   -9.0   -9.0   -9.0 -9 -9 -                        0   0   -9 -         -9  -9  -9  2245 -9.0 -9.00 -9  11.0  18.2  18.8  19.0  18.9  -9 -9.0 -9  3  2
202405020400 108   5  1.7  -9 -9.0   -9 1006.4 1016.6 -9  -9.0  13.9   7.8  67.0  10.6   -9.0   -9.0   -9.0   -9.0   -9.0   -9.0   -9.0 -9 -9 -                        0   0   -9 -         -9  -9  -9  2034 -9.0 -9.00 -9  10.7  17.9  18.4  18.7  18.8  -9 -9.0 -9  3  2
202405020500 108   5  2.2  -9 -9.0   -9 1006.7 1017.0 -9  -9.0  13.0   7.6  70.0  10.4   -9.0   -9.0   -9.0   -9.0   -9.0   -9.0   -9.0 -9 -9 -                        0   0   -9 -         -9  -9  -9  1948 -9.0 -9.00 -9   9.9  17.5  18.1  18.5  18.7  -9 -9.0 -9  3  2
202405020600 108   2  2.0  -9 -9.0   -9 1007.1 1017.4  2   1.3  12.4   7.4  72.0  10.3   -9.0   -9.0   -9.0   -9.0   -9.0   -9.0   -9.0 -9 -9 -                        0   0   -9 -         -9  -9  -9  1852  0.0  0.01 -9  10.1  17.2  17.8  18.2  18.5  -9 -9.0 -9  3  2
202405020700 108   5  2.2  -9 -9.0   -9 1007.9 1018.2 -9  -9.0  13.0   8.2  73.0  10.9   -9.0   -9.0   -9.0   -9.0   -9.0   -9.0   -9.0 -9 -9 -                        0   0   -9 -         -9  -9  -9  2001  0.9  0.38 -9  13.5  16.9  17.5  18.0  18.4  -9 -9.0 -9  3  2
202405020800 108  11  1.0  -9 -9.0   -9 1008.4 1018.6 -9  -9.0  15.6   8.5  63.0  11.1   -9.0   -9.0   -9.0   -9.0   -9.0   -9.0   -9.0 -9 -9 -                        0   0   -9 -         -9  -9  -9  2025  1.0  1.05 -9  21.8  16.9  17.3  17.7  18.2  -9 -9.0 -9  3  2
202405020900 108  25  1.0  -9 -9.0   -9 1008.6 1018.7  2   1.3  17.7   9.0  57.0  11.5   -9.0   -9.0   -9.0   -9.0   -9.0   -9.0   -9.0 -9 -9 -                        0   0   -9 -         -9  -9  -9  1977  1.0  1.83 -9  30.6  17.4  17.4  17.6  18.0  -9 -9.0 -9  3  2
202405021000 108  18  2.7  -9 -9.0   -9 1008.9 1018.9 -9  -9.0  19.7   9.2  51.0  11.6   -9.0   -9.0   -9.0   -9.0   -9.0   -9.0   -9.0 -9 -9 -                        0   0   -9 -         -9  -9  -9  1685  1.0  2.48 -9  39.5  18.3  17.7  17.5  17.9  -9 -9.0 -9  3  2
202405021100 108  20  3.4  -9 -9.0   -9 1009.1 1019.1 -9  -9.0  20.9   8.5  45.0  11.1   -9.0   -9.0   -9.0   -9.0   -9.0   -9.0   -9.0 -9 -9 -                        0   0   -9 -         -9  -9  -9  2101  1.0  3.08 -9  46.1  19.3  18.3  17.6  17.8  -9 -9.0 -9  3  2
202405021200 108  23  3.4  -9 -9.0   -9 1008.8 1018.7  4   0.0  22.4   8.1  40.0  10.8   -9.0   -9.0   -9.0   -9.0   -9.0   -9.0   -9.0 -9 -9 -                        0   0   -9 -         -9  -9  -9  1442  1.0  3.44 -9  50.0  20.3  19.0  17.8  17.8  -9 -9.0 -9  3  2
202405021300 108  29  4.0  -9 -9.0   -9 1008.5 1018.4 -9  -9.0  22.4   6.5  36.0   9.7   -9.0   -9.0   -9.0   -9.0   -9.0   -9.0   -9.0 -9 -9 -                        0   0   -9 -         -9  -9  -9  1680  1.0  3.48 -9  48.2  21.2  19.8  18.1  17.8  -9 -9.0 -9  3  2
202405021400 108  25  4.2  -9 -9.0   -9 1008.2 1018.0 -9  -9.0  23.1   5.4  32.0   9.0   -9.0   -9.0   -9.0   -9.0   -9.0   -9.0   -9.0 -9 -9 -                        0   0   -9 -         -9  -9  -9  2586  1.0  3.47 -9  49.3  22.0  20.5  18.4  17.8  -9 -9.0 -9  3  2
202405021500 108  25  3.6  -9 -9.0   -9 1007.6 1017.4  7  -1.3  23.6   5.9  32.0   9.3   -9.0   -9.0   -9.0   -9.0   -9.0   -9.0   -9.0 -9 -9 -                        0   0   -9 -         -9  -9  -9  2474  1.0  3.19 -9  47.5  22.5  21.1  18.8  18.0  -9 -9.0 -9  3  2
202405021600 108  25  3.2  -9 -9.0   -9 1007.4 1017.2 -9  -9.0  23.3   5.6  32.0   9.1   -9.0   -9.0   -9.0   -9.0   -9.0   -9.0   -9.0 -9 -9 -                        0   0   -9 -         -9  -9  -9  2897  1.0  2.67 -9  42.2  22.9  21.6  19.2  18.1  -9 -9.0 -9  3  2
202405021700 108  25  3.4  -9 -9.0   -9 1007.5 1017.4 -9  -9.0  22.9   3.9  29.0   8.1   -9.0   -9.0   -9.0   -9.0   -9.0   -9.0   -9.0 -9 -9 -                        0   0   -9 -         -9  -9  -9  3066  1.0  2.00 -9  34.2  23.0  21.9  19.6  18.4  -9 -9.0 -9  3  2
202405021800 108  25  3.8  -9 -9.0   -9 1007.3 1017.2  6  -0.2  21.7   4.2  32.0   8.2   -9.0   -9.0   -9.0   -9.0   -9.0   -9.0   -9.0 -9 -9 -                        0   0   -9 -         -9  -9  -9  2975  1.0  1.21 -9  23.6  22.7  22.0  20.0  18.6  -9 -9.0 -9  3  2
202405021900 108  25  3.5  -9 -9.0   -9 1007.2 1017.2 -9  -9.0  20.1   4.1  35.0   8.2   -9.0   -9.0   -9.0   -9.0   -9.0   -9.0   -9.0 -9 -9 -                        0   0   -9 -         -9  -9  -9  2970  0.9  0.41 -9  19.0  22.2  21.8  20.2  18.9  -9 -9.0 -9  3 -9
202405022000 108  27  2.5  -9 -9.0   -9 1007.8 1017.8 -9  -9.0  18.6   3.9  38.0   8.1   -9.0   -9.0   -9.0   -9.0   -9.0   -9.0   -9.0 -9 -9 -                        0   0   -9 -         -9  -9  -9  2774  0.0  0.02 -9  16.2  21.7  21.5  20.3  19.0  -9 -9.0 -9  3 -9
202405022100 108  27  2.3  -9 -9.0   -9 1008.4 1018.5  2   1.3  17.5   4.0  41.0   8.1   -9.0   -9.0   -9.0   -9.0   -9.0   -9.0   -9.0 -9 -9 -                        0   0   -9 -         -9  -9  -9  2888 -9.0 -9.00 -9  14.7  21.1  21.1  20.2  19.2  -9 -9.0 -9  3  2
202405022200 108  25  2.6  -9 -9.0   -9 1008.4 1018.5 -9  -9.0  16.6   4.9  46.0   8.7   -9.0   -9.0   -9.0   -9.0   -9.0   -9.0   -9.0 -9 -9 -                        0   0   -9 -         -9  -9  -9  2688 -9.0 -9.00 -9  13.7  20.5  20.7  20.1  19.2  -9 -9.0 -9  3 -9
202405022300 108  25  0.7  -9 -9.0   -9 1008.1 1018.3 -9  -9.0  15.7   4.4  47.0   8.4   -9.0   -9.0   -9.0   -9.0   -9.0   -9.0   -9.0 -9 -9 -                        0   0   -9 -         -9  -9  -9  2607 -9.0 -9.00 -9  12.1  19.9  20.3  19.8  19.2  -9 -9.0 -9  3 -9
202405030000 108  27  1.6  -9 -9.0   -9 1008.1 1018.3  6  -0.2  15.1   4.4  49.0   8.4   -9.0   -9.0   -9.0   -9.0   -9.0   -9.0   -9.0 -9 -9 -                        0   0   -9 -         -9  -9  -9  2645 -9.0 -9.00 -9  11.4  19.4  19.8  19.7  19.2  -9 -9.0 -9  3  2
202405030100 108  27  1.9  -9 -9.0   -9 1008.3 1018.5 -9  -9.0  14.3   5.3  55.0   8.9   -9.0   -9.0   -9.0   -9.0   -9.0   -9.0   -9.0 -9 -9 -                        0   0   -9 -         -9  -9  -9  2459 -9.0 -9.00 -9  10.7  18.9  19.4  19.4  19.1  -9 -9.0 -9  3 -9
202405030200 108  27  2.4  -9 -9.0   -9 1008.4 1018.6 -9  -9.0  13.8   6.1  60.0   9.4   -9.0   -9.0   -9.0   -9.0   -9.0   -9.0   -9.0 -9 -9 -                        0   0   -9 -         -9  -9  -9  2160 -9.0 -9.00 -9  10.5  18.4  19.0  19.2  19.1  -9 -9.0 -9  3 -9
202405030300 108  25  2.3  -9 -9.0   -9 1008.6 1018.9  2   0.6  13.4   6.4  63.0   9.6   -9.0   -9.0   -9.0   -9.0   -9.0   -9.0   -9.0 -9 -9 -                        0   0   -9 -         -9  -9  -9  2084 -9.0 -9.00 -9  10.1  18.0  18.6  18.9  18.9  -9 -9.0 -9  3  2
202405030400 108  23  1.4  -9 -9.0   -9 1008.8 1019.1 -9  -9.0  13.0   6.3  64.0   9.5   -9.0   -9.0   -9.0   -9.0   -9.0   -9.0   -9.0 -9 -9 -                        0   0   -9 -         -9  -9  -9  1952 -9.0 -9.00 -9   9.4  17.7  18.3  18.6  18.8  -9 -9.0 -9  3  2
202405030500 108  29  0.9  -9 -9.0   -9 1009.1 1019.4 -9  -9.0  12.4   6.8  69.0   9.9   -9.0   -9.0   -9.0   -9.0   -9.0   -9.0   -9.0 -9 -9 -                        0   0   -9 -         -9  -9  -9  1737 -9.0 -9.00 -9   9.0  17.3  17.9  18.4  18.7  -9 -9.0 -9  3  2
202405030600 108  36  0.8  -9 -9.0   -9 1009.6 1019.9  2   1.0  12.2   7.4  73.0  10.3   -9.0   -9.0   -9.0   -9.0   -9.0   -9.0   -9.0 -9 -9 -                        0   0   -9 -         -9  -9  -9  1386  0.0  0.01 -9   9.3  17.0  17.6  18.1  18.5  -9 -9.0 -9  3  2
202405030700 108   5  1.5  -9 -9.0   -9 1009.8 1020.1 -9  -9.0  12.4   6.8  69.0   9.9   -9.0   -9.0   -9.0   -9.0   -9.0   -9.0   -9.0 -9 -9 -                        0   0   -9 -         -9  -9  -9  1849  0.9  0.38 -9  13.0  16.7  17.3  17.9  18.4  -9 -9.0 -9  3  2
202405030800 108   2  1.3  -9 -9.0   -9 1009.9 1020.1 -9  -9.0  14.9   8.1  64.0  10.8   -9.0   -9.0   -9.0   -9.0   -9.0   -9.0   -9.0 -9 -9 -                        0   0   -9 -         -9  -9  -9  1748  1.0  1.07 -9  20.7  16.7  17.1  17.5  18.1  -9 -9.0 -9  3  2
202405030900 108   7  1.1  -9 -9.0   -9 1009.5 1019.6  8  -0.3  17.9   7.8  52.0  10.6   -9.0   -9.0   -9.0   -9.0   -9.0   -9.0   -9.0 -9 -9 -                        0   0   -9 -         -9  -9  -9  1573  1.0  1.85 -9  29.8  17.3  17.2  17.4  18.0  -9 -9.0 -9  3  2
202405031000 108  16  1.3  -9 -9.0   -9 1009.5 1019.5 -9  -9.0  20.1   7.1  43.0  10.1   -9.0   -9.0   -9.0   -9.0   -9.0   -9.0   -9.0 -9 -9 -                        0   0   -9 -         -9  -9  -9  1497  1.0  2.48 -9  39.0  18.2  17.6  17.4  17.9  -9 -9.0 -9  3  2
202405031100 108  27  1.4  -9 -9.0   -9 1009.2 1019.1 -9  -9.0  21.9   6.9  38.0   9.9   -9.0   -9.0   -9.0   -9.0   -9.0   -9.0   -9.0 -9 -9 -                        0   0   -9 -         -9  -9  -9  1509  1.0  3.05 -9  45.6  19.3  18.2  17.5  17.8  -9 -9.0 -9  3  2
202405031200 108  34  1.6  -9 -9.0   -9 1008.4 1018.2  7  -1.4  23.4   7.0  35.0  10.0   -9.0   -9.0   -9.0   -9.0   -9.0   -9.0   -9.0 -9 -9 -                        0   0   -9 -         -9  -9  -9  1314  1.0  3.43 -9  50.5  20.1  18.9  17.6  17.7  -9 -9.0 -9  3  2
202405031300 108  20  2.0  -9 -9.0   -9 1007.5 1017.3 -9  -9.0  25.2   7.7  33.0  10.5   -9.0   -9.0   -9.0   -9.0   -9.0   -9.0   -9.0 -9 -9 -                        0   0   -9 -         -9  -9  -9  1533  1.0  3.53 -9  53.0  21.4  19.8  18.0  17.7  -9 -9.0 -9  3  2
202405031400 108  20  1.3  -9 -9.0   -9 1006.6 1016.4 -9  -9.0  26.5   7.9  31.0  10.6   -9.0   -9.0   -9.0   -9.0   -9.0   -9.0   -9.0 -9 -9 -                        0   0   -9 -         -9  -9  -9  1471  1.0  3.42 -9  53.1  22.1  20.6  18.4  17.8  -9 -9.0 -9  3  2
202405031500 108  20  2.9  -9 -9.0   -9 1005.9 1015.6  7  -2.6  27.3   7.1  28.0  10.1   -9.0   -9.0   -9.0   -9.0   -9.0   -9.0   -9.0 -9 -9 -                        0   0   -9 -         -9  -9  -9  1438  1.0  3.10 -9  50.0  22.9  21.4  18.8  17.9  -9 -9.0 -9  3  2
202405031600 108  20  2.4  -9 -9.0   -9 1005.4 1015.1 -9  -9.0  27.7   6.9  27.0   9.9   -9.0   -9.0   -9.0   -9.0   -9.0   -9.0   -9.0 -9 -9 -                        0   0   -9 -         -9  -9  -9  1568  1.0  2.57 -9  45.7  23.5  22.0  19.3  18.1  -9 -9.0 -9  3  2
202405031700 108  25  2.6  -9 -9.0   -9 1005.3 1015.0 -9  -9.0  27.7   7.5  28.0  10.4   -9.0   -9.0   -9.0   -9.0   -9.0   -9.0   -9.0 -9 -9 -                        0   0   -9 -         -9  -9  -9  1667  1.0  1.89 -9  38.1  24.0  22.5  19.8  18.3  -9 -9.0 -9  3  2
202405031800 108  27  3.2  -9 -9.0   -9 1005.6 1015.4  5  -0.2  26.2   8.1  32.0  10.8   -9.0   -9.0   -9.0   -9.0   -9.0   -9.0   -9.0 -9 -9 -                        0   0   -9 -         -9  -9  -9  1923  1.0  1.07 -9  27.4  23.9  22.7  20.2  18.6  -9 -9.0 -9  3  2
202405031900 108  27  2.9  -9 -9.0   -9 1006.3 1016.1 -9  -9.0  22.8   7.3  37.0  10.2   -9.0   -9.0   -9.0   -9.0   -9.0   -9.0   -9.0 -9 -9 -                        0   0   -9 -         -9  -9  -9  2100  0.9  0.41 -9  21.3  23.4  22.6  20.5  18.9  -9 -9.0 -9  3 -9
202405032000 108  27  3.2  -9 -9.0   -9 1006.8 1016.8 -9  -9.0  20.6   6.5  40.0   9.7   -9.0   -9.0   -9.0   -9.0   -9.0   -9.0   -9.0 -9 -9 -                        0   0   -9 -         -9  -9  -9  2028  0.0  0.02 -9  18.0  22.6  22.3  20.8  19.3  -9 -9.0 -9  3 -9
202405032100 108  25  2.2  -9 -9.0   -9 1007.2 1017.1  2   1.7  19.6   5.9  41.0   9.3   -9.0   -9.0   -9.0   -9.0   -9.0   -9.0   -9.0 -9 -9 -                        0   0   -9 -         -9  -9  -9  1893 -9.0 -9.00 -9  16.2  21.9  21.9  20.8  19.5  -9 -9.0 -9  3  2
202405032200 108  29  0.8  -9 -9.0   -9 1007.2 1017.2 -9  -9.0  18.7   5.8  43.0   9.2   -9.0   -9.0   -9.0   -9.0   -9.0   -9.0   -9.0 -9 -9 -                        0   0   -9 -         -9  -9  -9  1712 -9.0 -9.00 -9  14.6  21.2  21.4  20.7  19.6  -9 -9.0 -9  3 -9
202405032300 108  25  1.8  -9 -9.0   -9 1007.4 1017.4 -9  -9.0  17.8   6.3  47.0   9.5   -9.0   -9.0   -9.0   -9.0   -9.0   -9.0   -9.0 -9 -9 -                        0   0   -9 -         -9  -9  -9  1604 -9.0 -9.00 -9  13.9  20.6  21.0  20.5  19.6  -9 -9.0 -9  3 -9
202405040000 108  27  1.4  -9 -9.0   -9 1007.7 1017.8  2   0.7  17.2   6.9  51.0   9.9   -9.0   -9.0   -9.0   -9.0   -9.0   -9.0   -9.0 -9 -9 -                        0   0   -9 -         -9  -9  -9  1491 -9.0 -9.00 -9  13.3  20.1  20.5  20.2  19.6  -9 -9.0 -9  3  2
202405040100 108   2  1.0  -9 -9.0   -9 1007.3 1017.4 -9  -9.0  16.7   7.3  54.0  10.2   -9.0   -9.0   -9.0   -9.0   -9.0   -9.0   -9.0 -9 -9 -                        0   0   -9 -         -9  -9  -9  1471 -9.0 -9.00 -9  12.7  19.6  20.1  20.0  19.6  -9 -9.0 -9  3 -9
202405040200 108   5  0.9  -9 -9.0   -9 1006.8 1016.9 -9  -9.0  16.0   6.9  55.0   9.9   -9.0   -9.0   -9.0   -9.0   -9.0   -9.0   -9.0 -9 -9 -                        0   0   -9 -         -9  -9  -9  1519 -9.0 -9.00 -9  11.9  19.2  19.7  19.8  19.5  -9 -9.0 -9  3 -9
202405040300 108   2  1.9  -9 -9.0   -9 1006.6 1016.8  7  -1.0  15.6   7.6  59.0  10.4   -9.0   -9.0   -9.0   -9.0   -9.0   -9.0   -9.0 -9 -9 -                        0   0   -9 -         -9  -9  -9  1603 -9.0 -9.00 -9  11.5  18.8  19.3  19.5  19.4  -9 -9.0 -9  3  2
202405040400 108   5  1.4  -9 -9.0   -9 1006.4 1016.6 -9  -9.0  15.0   8.0  63.0  10.7   -9.0   -9.0   -9.0   -9.0   -9.0   -9.0   -9.0 -9 -9 -                        0   0   -9 -         -9  -9  -9  1678 -9.0 -9.00 -9  10.9  18.4  19.0  19.2  19.3  -9 -9.0 -9  3  2
202405040500 108   2  1.2  -9 -9.0   -9 1006.5 1016.7 -9  -9.0  15.2   8.1  63.0  10.8   -9.0   -9.0   -9.0   -9.0   -9.0   -9.0   -9.0 -9 -9 -                        0   0   -9 -         -9  -9  -9  1698 -9.0 -9.00 -9  11.0  18.1  18.6  19.0  19.1  -9 -9.0 -9  3  2
202405040600 108   2  1.6  -9 -9.0   -9 1007.0 1017.2  3   0.4  14.7   8.1  65.0  10.8   -9.0   -9.0   -9.0   -9.0   -9.0   -9.0   -9.0 -9 -9 -                        0   0   -9 -         -9  -9  -9  1489  0.0  0.01 -9  11.0  17.8  18.3  18.7  19.0  -9 -9.0 -9  3  2
202405040700 108   5  1.1  -9 -9.0   -9 1007.2 1017.4 -9  -9.0  14.9   8.8  67.0  11.3   -9.0   -9.0   -9.0   -9.0   -9.0   -9.0   -9.0 -9 -9 -                        0   0   -9 -         -9  -9  -9  1495  0.7  0.35 -9  14.8  17.5  18.1  18.5  18.8  -9 -9.0 -9  3  2
202405040800 108   5  2.0  -9 -9.0   -9 1007.1 1017.1 -9  -9.0  17.8   9.9  60.0  12.2   -9.0   -9.0   -9.0   -9.0   -9.0   -9.0   -9.0 -9 -9 -                        0   0   -9 -         -9  -9  -9  1286  1.0  1.02 -9  23.2  17.6  17.9  18.3  18.7  -9 -9.0 -9  3  2
202405040900 108   2  1.4  -9 -9.0   -9 1007.0 1017.0  8  -0.2  20.0  10.1  53.0  12.4   -9.0   -9.0   -9.0   -9.0   -9.0   -9.0   -9.0 -9 -9 -                        6   0   -9 Ci         1   0   0  1145  1.0  1.77 -9  32.0  18.0  18.1  18.1  18.5  -9 -9.0 -9  3  2
202405041000 108  23  1.9  -9 -9.0   -9 1007.0 1016.9 -9  -9.0  22.4   9.5  44.0  11.9   -9.0   -9.0   -9.0   -9.0   -9.0   -9.0   -9.0 -9 -9 -                        1   0   -9 Ci         1   0   0  1107  1.0  2.35 -9  41.1  18.8  18.4  18.1  18.4  -9 -9.0 -9  3  2
202405041100 108  18  2.0  -9 -9.0   -9 1006.5 1016.3 -9  -9.0  24.4   7.9  35.0  10.6   -9.0   -9.0   -9.0   -9.0   -9.0   -9.0   -9.0 -9 -9 -                        2   0   -9 Ci         1   0   0  1005  1.0  3.04 -9  48.8  19.9  19.0  18.1  18.3  -9 -9.0 -9  3  2
202405041200 108  23  1.7  -9 -9.0   -9 1005.8 1015.6  7  -1.4  26.1   9.8  36.0  12.1   -9.0   -9.0   -9.0   -9.0   -9.0   -9.0   -9.0  5  0 40                       2   0   -9 Ci         1   0   0   805  1.0  3.32 -9  53.0  21.1  19.8  18.3  18.2  -9 -9.0 -9  3  1
202405041300 108  16  2.8  -9 -9.0   -9 1005.4 1015.1 -9  -9.0  27.3   8.6  31.0  11.2   -9.0   -9.0   -9.0   -9.0   -9.0   -9.0   -9.0  5  0 40                       3   0   -9 Ci         1   0   0   908  1.0  3.41 -9  53.7  22.2  20.7  18.7  18.2  -9 -9.0 -9  3  1
202405041400 108  18  2.5  -9 -9.0   -9 1004.7 1014.3 -9  -9.0  28.4   8.1  28.0  10.8   -9.0   -9.0   -9.0   -9.0   -9.0   -9.0   -9.0 -9 -9 40                       4   0   -9 Ci         1   0   0  1062  1.0  3.29 -9  53.5  23.2  21.6  19.1  18.3  -9 -9.0 -9  3  2
202405041500 108  27  3.3  -9 -9.0   -9 1004.4 1014.1  7  -1.5  28.1   8.3  29.0  10.9   -9.0   -9.0   -9.0   -9.0   -9.0   -9.0   -9.0  5  0 40                       3   0   -9 Ci         1   0   0   821  1.0  2.66 -9  47.3  23.8  22.3  19.6  18.5  -9 -9.0 -9  3  1
202405041600 108  25  3.0  -9 -9.0   -9 1004.1 1013.8 -9  -9.0  27.3   8.6  31.0  11.2   -9.0   -9.0   -9.0   -9.0   -9.0   -9.0   -9.0  5  0 40                       3   0   -9 Ci         1   0   0   951  1.0  2.37 -9  42.4  24.1  22.8  20.1  18.7  -9 -9.0 -9  3  1
202405041700 108  25  3.5  -9 -9.0   -9 1004.0 1013.8 -9  -9.0  25.9   8.3  33.0  10.9   -9.0   -9.0   -9.0   -9.0   -9.0   -9.0   -9.0 -9 -9 40                       1   0   -9 Ci         1   0   0  1059  1.0  1.67 -9  35.8  24.1  23.0  20.5  19.0  -9 -9.0 -9  3  2
202405041800 108  27  3.7  -9 -9.0   -9 1004.2 1014.0  5  -0.1  25.2   8.2  34.0  10.9   -9.0   -9.0   -9.0   -9.0   -9.0   -9.0   -9.0 -9 -9 -                        1   0   -9 Ci         1   0   0  1202  1.0  0.99 -9  27.1  23.9  23.1  20.8  19.3  -9 -9.0 -9  3  2
202405041900 108  27  3.3  -9 -9.0   -9 1004.3 1014.1 -9  -9.0  23.7   9.2  40.0  11.6   -9.0   -9.0   -9.0   -9.0   -9.0   -9.0   -9.0 -9 -9 -                        0   0   -9 -         -9  -9  -9  1440  0.8  0.34 -9  22.3  23.4  23.0  21.0  19.5  -9 -9.0 -9  3 -9
202405042000 108  27  2.3  -9 -9.0   -9 1005.0 1014.9 -9  -9.0  21.4   7.2  40.0  10.2   -9.0   -9.0   -9.0   -9.0   -9.0   -9.0   -9.0 -9 -9 -                        4   1   -9 -         -9  -9  -9  1825  0.0  0.02 -9  19.3  22.8  22.7  21.1  19.7  -9 -9.0 -9  3 -9
202405042100 108  34  0.7  -9 -9.0   -9 1005.0 1015.0  2   1.0  20.6   5.7  38.0   9.2   -9.0   -9.0   -9.0   -9.0   -9.0   -9.0   -9.0 -9 -9 -                        8   8   15 Sc         0   0   5  2220 -9.0 -9.00 -9  18.6  22.2  22.3  21.1  19.9  -9 -9.0 -9  3  2
202405042200 108  18  0.7  -9 -9.0   -9 1005.1 1015.1 -9  -9.0  20.7   5.4  37.0   9.0   -9.0   -9.0   -9.0   -9.0   -9.0   -9.0   -9.0 -9 -9 -                       10   1   -9 -         -9  -9  -9  2260 -9.0 -9.00 -9  19.8  21.7  21.9  21.0  20.0  -9 -9.0 -9  3 -9
202405042300 108  23  0.7  -9 -9.0   -9 1005.2 1015.2 -9  -9.0  20.7   5.8  38.0   9.2   -9.0   -9.0   -9.0   -9.0   -9.0   -9.0   -9.0 -9 -9 -                        9   1   -9 -         -9  -9  -9  2398 -9.0 -9.00 -9  19.8  21.4  21.6  20.9  20.0  -9 -9.0 -9  3 -9
202405050000 108   5  2.1  -9 -9.0   -9 1004.7 1014.7  8  -0.3  20.6   7.9  44.0  10.6    0.0    0.0    0.0   -9.0   -9.0   -9.0   -9.0 21 62 01                       7   0   -9 Ci         1   0   0  2156 -9.0 -9.00 -9  18.7  21.2  21.3  20.7  20.0  -9 -9.0 -9  4  1
202405050100 108   5  1.9  -9 -9.0   -9 1004.4 1014.4 -9  -9.0  19.9   8.2  47.0  10.9   -9.0   -9.0   -9.0   -9.0   -9.0   -9.0   -9.0 -9 -9 -                        8   1   -9 -         -9  -9  -9  1804 -9.0 -9.00 -9  18.1  20.9  21.1  20.6  20.0  -9 -9.0 -9  3 -9
202405050200 108   5  1.2  -9 -9.0   -9 1003.7 1013.7 -9  -9.0  19.9   8.5  48.0  11.1   -9.0   -9.0   -9.0   -9.0   -9.0   -9.0   -9.0 -9 -9 -                        9   1   -9 -         -9  -9  -9  1727 -9.0 -9.00 -9  18.6  20.6  20.8  20.4  19.9  -9 -9.0 -9  3 -9
202405050300 108  29  0.5  -9 -9.0   -9 1003.9 1013.9  5  -0.8  20.1   9.3  50.0  11.7    0.0    0.0    0.0   -9.0   -9.0   -9.0   -9.0 60 62 01                      10   7   10 ScAs      -9   2   5  1161 -9.0 -9.00 -9  18.5  20.4  20.6  20.2  19.8  -9 -9.0 -9  4  1
202405050400 108  25  1.2  -9 -9.0   -9 1003.7 1013.6 -9  -9.0  19.0  13.8  72.0  15.8    0.2    0.2    0.2   -9.0   -9.0   -9.0   -9.0 61 66 1901                    10   8    7 StNs      -9   2   7   578 -9.0 -9.00 -9  17.3  20.3  20.5  20.1  19.8  -9 -9.0 -9  4  1
202405050500 108   7  1.9  -9 -9.0   -9 1003.3 1013.3 -9  -9.0  17.6  15.0  85.0  17.0    1.7    1.9    1.9   -9.0   -9.0   -9.0   -9.0 61 66 1901                    10   8    7 StNs      -9   2   7   282 -9.0 -9.00 -9  17.0  20.1  20.3  19.9  19.7  -9 -9.0 -9  4  1
202405050600 108   7  2.9  -9 -9.0   -9 1002.6 1012.7  7  -1.2  16.8  14.7  88.0  16.7    0.1    2.0    2.0   -9.0   -9.0   -9.0   -9.0 21 62 1901                    10   7    9 ScAs      -9   2   5   394  0.0  0.00 -9  16.8  19.9  20.1  19.8  19.6  -9 -9.0 -9  4  1
202405050700 108   7  2.9  -9 -9.0   -9 1002.0 1012.0 -9  -9.0  17.0  15.1  89.0  17.2    0.0    2.0    2.0   -9.0   -9.0   -9.0   -9.0 60 62 1901                    10   8    9 ScAs      -9   2   5   639  0.0  0.05 -9  17.3  19.7  19.9  19.7  19.5  -9 -9.0 -9  4  1
202405050800 108   5  2.6  -9 -9.0   -9 1001.7 1011.7 -9  -9.0  17.4  15.0  86.0  17.0    0.0    2.0    2.0   -9.0   -9.0   -9.0   -9.0 60 66 1901                    10   7    9 ScAs      -9   2   5   516  0.0  0.15 -9  17.8  19.6  19.8  19.5  19.4  -9 -9.0 -9  4  1
202405050900 108   5  2.7  -9 -9.0   -9 1001.6 1011.6  7  -1.1  17.0  15.5  91.0  17.6    1.2    3.2    3.2   -9.0   -9.0   -9.0   -9.0 61 66 1901                    10   8    5 StNs      -9   2   7   176  0.0  0.11 -9  17.5  19.5  19.7  19.4  19.3  -9 -9.0 -9  1  1
202405051000 108   7  1.8  -9 -9.0   -9 1001.0 1011.0 -9  -9.0  17.1  16.1  94.0  18.3    2.6    5.8    5.8   -9.0   -9.0   -9.0   -9.0 61 66 1901                    10   9    2 StNs      -9   2   7   139  0.0  0.10 -9  17.6  19.4  19.5  19.3  19.3  -9 -9.0 -9  4  1
202405051100 108   5  2.6  -9 -9.0   -9 1000.5 1010.5 -9  -9.0  17.5  16.8  96.0  19.1    4.9   10.7   10.7   -9.0   -9.0   -9.0   -9.0 63 66 1901                    10   9    2 StNs      -9   2   7   219  0.0  0.13 -9  18.0  19.2  19.4  19.2  19.2  -9 -9.0 -9  4  1
202405051200 108   9  2.5  -9 -9.0   -9  999.5 1009.4  7  -2.2  18.3  17.4  95.0  19.9    4.5   15.2   15.2   -9.0   -9.0   -9.0   -9.0 63 66 1901                    10   9    3 StNs      -9   2   7   403  0.0  0.39 -9  19.9  19.1  19.2  19.1  19.1  -9 -9.0 -9  4  1
202405051300 108   9  3.0  -9 -9.0   -9  998.4 1008.3 -9  -9.0  18.5  17.3  93.0  19.7    4.2   19.4   19.4   -9.0   -9.0   -9.0   -9.0 63 66 1901                    10   9    4 StNs      -9   2   7   715  0.0  0.39 -9  19.9  19.2  19.2  18.9  19.0  -9 -9.0 -9  4  1
202405051400 108   7  2.4  -9 -9.0   -9  997.4 1007.3 -9  -9.0  18.5  17.3  93.0  19.7    2.0   21.4   21.4   -9.0   -9.0   -9.0   -9.0 61 66 1901                    10   9    3 StNs      -9   2   7   874  0.0  0.31 -9  19.8  19.3  19.3  18.9  18.9  -9 -9.0 -9  4  1
202405051500 108   9  2.8  -9 -9.0   -9  996.2 1006.1  7  -3.3  18.4  17.2  93.0  19.6    7.8   29.2   29.2   -9.0   -9.0   -9.0   -9.0 63 66 1901                    10   9    5 StNs      -9   2   7   813  0.0  0.22 -9  18.9  19.3  19.3  18.8  18.9  -9 -9.0 -9  4  1
202405051600 108   9  2.0  -9 -9.0   -9  994.8 1004.7 -9  -9.0  18.6  17.6  94.0  20.1    3.0   32.2   32.2   -9.0   -9.0   -9.0   -9.0 63 66 1901                    10   9    5 StNs      -9   2   7   804  0.0  0.13 -9  18.6  19.3  19.3  18.8  18.8  -9 -9.0 -9  4  1
202405051700 108   9  2.9  -9 -9.0   -9  994.1 1004.0 -9  -9.0  18.8  17.6  93.0  20.1    0.9   33.1   33.1   -9.0   -9.0   -9.0   -9.0 61 66 1901                    10   9    5 StNs      -9   2   7  1780  0.0  0.10 -9  18.6  19.2  19.2  18.8  18.8  -9 -9.0 -9  4  1
202405051800 108  11  2.6  -9 -9.0   -9  993.9 1003.8  7  -2.3  18.9  17.7  93.0  20.2    1.7   34.8   34.8   -9.0   -9.0   -9.0   -9.0 61 66 1901                    10   9    3 StNs      -9   2   7   699  0.0  0.06 -9  18.6  19.2  19.2  18.7  18.7  -9 -9.0 -9  4  1
202405051900 108  16  2.8  -9 -9.0   -9  994.3 1004.2 -9  -9.0  18.9  17.9  94.0  20.5    2.0   36.8   36.8   -9.0   -9.0   -9.0   -9.0 61 66 1901                    10   9    4 StNs      -9   2   7   562  0.0  0.03 -9  18.3  19.2  19.2  18.6  18.6  -9 -9.0 -9  4  1
202405052000 108  20  4.4  25 10.0 1951  995.0 1004.9 -9  -9.0  18.6  17.7  95.0  20.2    6.7   43.5   43.5   -9.0   -9.0   -9.0   -9.0 63 66 1901                    10   9    2 StNs      -9   2   7   362  0.0  0.00 -9  18.0  19.1  19.1  18.6  18.6  -9 -9.0 -9  4  1
202405052100 108  23  4.0  18 10.0 2004  995.3 1005.3  2   1.5  17.4  16.4  94.0  18.6    3.0   46.5   46.5   -9.0   -9.0   -9.0   -9.0 63 66 1901                    10   9    3 StNs      -9   2   7   297 -9.0 -9.00 -9  17.3  19.0  19.0  18.5  18.6  -9 -9.0 -9  1  1
202405052200 108  23  3.4  -9 -9.0   -9  995.3 1005.3 -9  -9.0  16.7  15.8  95.0  17.9    1.0   47.5   47.5   -9.0   -9.0   -9.0   -9.0 61 66 1901                    10   9    5 StNs      -9   2   7   367 -9.0 -9.00 -9  16.8  18.9  18.9  18.5  18.5  -9 -9.0 -9  4  1
202405052300 108  20  4.0  -9 -9.0   -9  995.2 1005.2 -9  -9.0  16.2  15.3  95.0  17.4    0.5   48.0   48.0   -9.0   -9.0   -9.0   -9.0 61 66 1901                    10   9    3 StNs      -9   2   7   707 -9.0 -9.00 -9  16.4  18.7  18.8  18.4  18.5  -9 -9.0 -9  4  1
202405060000 108  23  3.8  -9 -9.0   -9  995.0 1005.0  7  -0.3  15.7  14.8  95.0  16.8    0.3   48.3   48.3   -9.0   -9.0   -9.0   -9.0 61 66 1901                    10   9    3 StNs      -9   2   7   610 -9.0 -9.00 -9  16.0  18.6  18.7  18.4  18.5  -9 -9.0 -9  4  1
202405060100 108  20  3.8  -9 -9.0   -9  995.5 1005.6 -9  -9.0  15.2  14.5  96.0  16.5    0.4    0.4    0.4   -9.0   -9.0   -9.0   -9.0 61 66 1901                    10   9    2 StNs      -9   2   7   742 -9.0 -9.00 -9  15.6  18.4  18.6  18.3  18.4  -9 -9.0 -9  4  1
202405060200 108  20  2.7  -9 -9.0   -9  995.3 1005.4 -9  -9.0  14.7  13.9  95.0  15.9    3.4    3.8    3.8   -9.0   -9.0   -9.0   -9.0 63 66 1901                    10   9    2 StNs      -9   2   7   444 -9.0 -9.00 -9  15.1  18.2  18.4  18.2  18.4  -9 -9.0 -9  4  1
202405060300 108  23  3.1  -9 -9.0   -9  995.3 1005.4  0   0.4  14.4  13.6  95.0  15.6    3.3    7.1    7.1   -9.0   -9.0   -9.0   -9.0 63 66 1901                    10   9    2 StNs      -9   2   7   898 -9.0 -9.00 -9  14.9  17.9  18.2  18.1  18.3  -9 -9.0 -9  4  1
202405060400 108  23  3.6  -9 -9.0   -9  995.4 1005.5 -9  -9.0  14.2  13.5  96.0  15.5    0.5    7.6    7.6   -9.0   -9.0   -9.0   -9.0 61 66 1901                    10   9    2 StNs      -9   2   7   801 -9.0 -9.00 -9  14.6  17.7  18.0  18.0  18.3  -9 -9.0 -9  4  1
202405060500 108  20  3.1  -9 -9.0   -9  995.6 1005.7 -9  -9.0  14.1  13.4  96.0  15.4    0.8    8.4    8.4   -9.0   -9.0   -9.0   -9.0 61 66 1901                    10   9    2 StNs      -9   2   7  1544 -9.0 -9.00 -9  14.7  17.6  17.8  17.9  18.3  -9 -9.0 -9  4  1
202405060600 108  20  3.6  -9 -9.0   -9  995.4 1005.5  0   0.1  14.0  13.2  95.0  15.2    0.0    8.4    8.4   -9.0   -9.0   -9.0   -9.0 60 66 01                      10   8    5 ScAs      -9   2   7  1536  0.0  0.00 -9  14.7  17.4  17.7  17.8  18.2  -9 -9.0 -9  4  1
202405060700 108  23  2.9  -9 -9.0   -9  996.2 1006.3 -9  -9.0  14.0  13.5  97.0  15.5    0.1    8.5    8.5   -9.0   -9.0   -9.0   -9.0 60 66 1901                    10   8    5 ScAs      -9   2   5   387  0.0  0.03 -9  14.8  17.4  17.6  17.6  18.1  -9 -9.0 -9  4  1
202405060800 108  23  3.8  -9 -9.0   -9  996.4 1006.5 -9  -9.0  14.0  13.5  97.0  15.5    0.5    9.0    9.0   -9.0   -9.0   -9.0   -9.0 61 66 1901                    10   8    3 StNs      -9   2   7   523  0.0  0.08 -9  14.9  17.3  17.5  17.6  18.0  -9 -9.0 -9  4  1
202405060900 108  23  2.4  -9 -9.0   -9  996.7 1006.8  2   1.3  14.0  13.3  96.0  15.3    0.5    9.5    9.5   -9.0   -9.0   -9.0   -9.0 61 66 1901                    10   8    2 StNs      -9   2   7   249  0.0  0.12 -9  15.3  17.2  17.4  17.5  18.0  -9 -9.0 -9  1  1
202405061000 108  20  4.0  -9 -9.0   -9  997.1 1007.2 -9  -9.0  14.1  13.4  96.0  15.4    0.4    9.9    9.9   -9.0   -9.0   -9.0   -9.0 61 66 1901                    10   9    3 StNs      -9   2   7   472  0.0  0.29 -9  16.2  17.2  17.3  17.4  17.9  -9 -9.0 -9  4  1
202405061100 108  20  3.8  -9 -9.0   -9  997.2 1007.3 -9  -9.0  14.1  13.3  95.0  15.3    0.4   10.3   10.3   -9.0   -9.0   -9.0   -9.0 61 66 1901                    10   9    3 StNs      -9   2   7   633  0.0  0.29 -9  16.6  17.2  17.3  17.3  17.8  -9 -9.0 -9  4  1
202405061200 108  23  4.5  -9 -9.0   -9  997.4 1007.5  2   0.7  13.9  13.1  95.0  15.1    0.4   10.7   10.7   -9.0   -9.0   -9.0   -9.0 61 66 1901                    10   9    3 StNs      -9   2   7   498  0.0  0.32 -9  16.1  17.2  17.3  17.3  17.7  -9 -9.0 -9  4  1
202405061300 108  20  3.2  -9 -9.0   -9  997.4 1007.5 -9  -9.0  14.0  13.2  95.0  15.2    0.2   10.9   10.9   -9.0   -9.0   -9.0   -9.0 61 66 1901                    10   9    3 StNs      -9   2   7   673  0.0  0.44 -9  17.4  17.3  17.3  17.2  17.7  -9 -9.0 -9  4  1
202405061400 108  23  3.6  -9 -9.0   -9  997.5 1007.6 -9  -9.0  13.8  12.8  94.0  14.8    0.3   11.2   11.2   -9.0   -9.0   -9.0   -9.0 61 66 1901                    10   8    3 StNs      -9   2   7   800  0.0  0.43 -9  17.3  17.3  17.3  17.2  17.6  -9 -9.0 -9  4  1
202405061500 108  20  3.3  -9 -9.0   -9  997.2 1007.3  8  -0.2  13.9  12.7  93.0  14.7    0.0   11.2   11.2   -9.0   -9.0   -9.0   -9.0 21 62 1901                    10   8    4 StAs      -9   2   6  1025  0.0  0.32 -9  15.9  17.4  17.3  17.2  17.6  -9 -9.0 -9  4  1
202405061600 108  20  3.9  -9 -9.0   -9  997.2 1007.3 -9  -9.0  13.8  12.3  91.0  14.3    0.0   11.2   11.2   -9.0   -9.0   -9.0   -9.0 21 62 01                      10   8    4 StAs      -9   2   6  1876  0.0  0.14 -9  15.2  17.3  17.3  17.2  17.5  -9 -9.0 -9  4  1
202405061700 108  20  3.3  -9 -9.0   -9  996.9 1007.0 -9  -9.0  13.6  12.4  93.0  14.4    0.0   11.2   11.2   -9.0   -9.0   -9.0   -9.0 21 62 1901                    10   8    3 StAs      -9   2   6   622  0.0  0.12 -9  14.9  17.2  17.3  17.1  17.5  -9 -9.0 -9  4  1
202405061800 108  23  2.1  -9 -9.0   -9  996.9 1007.0  6  -0.3  13.5  11.8  90.0  13.8   -9.0   11.2   11.2   -9.0   -9.0   -9.0   -9.0 -9 62 19                      10   9    4 StAs      -9   2   6  1534  0.0  0.09 -9  14.6  17.1  17.2  17.1  17.5  -9 -9.0 -9  3  1
202405061900 108  20  2.1  -9 -9.0   -9  996.9 1007.0 -9  -9.0  13.4  11.6  89.0  13.7    0.0   11.2   11.2   -9.0   -9.0   -9.0   -9.0 50 52 02                      10  10    3 St        -9  -9   7  1061  0.0  0.04 -9  14.3  17.0  17.1  17.1  17.5  -9 -9.0 -9  4  1
202405062000 108  18  2.4  -9 -9.0   -9  997.5 1007.6 -9  -9.0  13.6  11.9  90.0  13.9    0.0   11.2   11.2   -9.0   -9.0   -9.0   -9.0 51 55 1902                    10  10    4 St        -9  -9   7   922  0.0  0.00 -9  14.1  16.9  17.0  17.0  17.4  -9 -9.0 -9  4  1
202405062100 108  16  3.4  -9 -9.0   -9  997.7 1007.8  2   0.8  13.7  12.0  90.0  14.0    0.0   11.2   11.2   -9.0   -9.0   -9.0   -9.0 50 65 1902                    10  10    3 St        -9  -9   7   467 -9.0 -9.00 -9  14.0  16.8  16.9  16.9  17.4  -9 -9.0 -9  1  1
202405062200 108  18  1.9  -9 -9.0   -9  997.9 1008.0 -9  -9.0  13.5  12.7  95.0  14.7    0.6   11.8   11.8   -9.0   -9.0   -9.0   -9.0 51 55 1902                    10  10    2 St        -9  -9   7   188 -9.0 -9.00 -9  14.1  16.7  16.8  16.9  17.3  -9 -9.0 -9  4  1
202405062300 108  18  1.5  -9 -9.0   -9  997.7 1007.8 -9  -9.0  13.5  12.7  95.0  14.7    0.5   12.3   12.3   -9.0   -9.0   -9.0   -9.0 51 55 1902                    10  10    3 St        -9  -9   7   294 -9.0 -9.00 -9  14.1  16.6  16.7  16.8  17.3  -9 -9.0 -9  4  1
202405070000 108  18  3.3  -9 -9.0   -9  997.4 1007.5  8  -0.3  13.4  11.6  89.0  13.7    0.0   12.3   12.3   -9.0   -9.0   -9.0   -9.0 20 52 1902                    10  10    4 St        -9  -9   6   567 -9.0 -9.00 -9  13.7  16.5  16.7  16.7  17.2  -9 -9.0 -9  4  1
202405070100 108  18  1.8  -9 -9.0   -9  997.3 1007.4 -9  -9.0  13.4  11.7  90.0  13.7    0.0    0.0    0.0   -9.0   -9.0   -9.0   -9.0 50 52 1902                    10  10    3 St        -9  -9   7   398 -9.0 -9.00 -9  13.7  16.4  16.6  16.6  17.2  -9 -9.0 -9  4  1
202405070200 108  20  2.4  -9 -9.0   -9  997.4 1007.6 -9  -9.0  12.8  11.3  91.0  13.4    0.0    0.0    0.0   -9.0   -9.0   -9.0   -9.0 51 55 1902                    10  10    2 St        -9  -9   7   494 -9.0 -9.00 -9  13.4  16.3  16.5  16.6  17.1  -9 -9.0 -9  4  1
202405070300 108  11  1.5  -9 -9.0   -9  997.5 1007.7  3   0.2  12.8  11.6  93.0  13.7    0.1    0.1    0.1   -9.0   -9.0   -9.0   -9.0 51 55 1902                    10  10    2 St        -9  -9   7   409 -9.0 -9.00 -9  13.4  16.2  16.4  16.5  17.0  -9 -9.0 -9  4  1
202405070400 108  14  2.1  -9 -9.0   -9  997.2 1007.4 -9  -9.0  12.9  11.4  91.0  13.5    0.1    0.2    0.2   -9.0   -9.0   -9.0   -9.0 51 55 1902                    10  10    3 St        -9  -9   7   396 -9.0 -9.00 -9  13.5  16.1  16.3  16.4  17.0  -9 -9.0 -9  4  1
202405070500 108   9  1.1  -9 -9.0   -9  997.5 1007.7 -9  -9.0  12.9  11.9  94.0  13.9    0.3    0.5    0.5   -9.0   -9.0   -9.0   -9.0 51 55 1902                    10  10    2 St        -9  -9   7   205 -9.0 -9.00 -9  13.4  16.0  16.2  16.4  16.9  -9 -9.0 -9  4  1
202405070600 108   7  1.8  -9 -9.0   -9  998.1 1008.3  3   0.6  12.8  12.0  95.0  14.0    0.9    1.4    1.4   -9.0   -9.0   -9.0   -9.0 61 65 190201                  10   9    3 StNs      -9   2   7   114  0.0  0.00 -9  13.4  16.0  16.2  16.3  16.9  -9 -9.0 -9  4  1
202405070700 108   5  1.9  -9 -9.0   -9  998.4 1008.6 -9  -9.0  12.8  12.0  95.0  14.0    0.5    1.9    1.9   -9.0   -9.0   -9.0   -9.0 61 66 1901                    10   9    3 StNs      -9   2   7   182  0.0  0.04 -9  13.7  15.9  16.1  16.2  16.8  -9 -9.0 -9  4  1
202405070800 108   5  2.8  -9 -9.0   -9  999.1 1009.3 -9  -9.0  13.0  12.2  95.0  14.2    0.0    1.9    1.9   -9.0   -9.0   -9.0   -9.0 60 66 1901                    10   8    6 ScAs      -9   2   5   316  0.0  0.11 -9  14.1  15.8  16.0  16.1  16.7  -9 -9.0 -9  4  1
202405070900 108   5  3.7  -9 -9.0   -9  999.9 1010.1  2   1.8  12.5  11.5  94.0  13.6    0.5    2.4    2.4   -9.0   -9.0   -9.0   -9.0 61 65 1901                    10   6    4 StNs      -9   2   7   930  0.0  0.07 -9  13.5  15.8  16.0  16.1  16.7  -9 -9.0 -9  1  1
202405071000 108   7  3.6  -9 -9.0   -9 1000.2 1010.4 -9  -9.0  13.1  10.8  86.0  12.9    0.0    2.4    2.4   -9.0   -9.0   -9.0   -9.0 21 62 1901                     9   9    6 Sc         0   0   5  3947  0.0  0.56 -9  17.3  15.8  15.9  16.0  16.6  -9 -9.0 -9  4  1
202405071100 108   7  4.4  -9 -9.0   -9 1000.7 1010.9 -9  -9.0  13.2   9.2  77.0  11.6   -9.0    2.4    2.4   -9.0   -9.0   -9.0   -9.0 -9 -9 -                        9   9    8 Sc         0   0   5  4128  0.0  0.63 -9  15.6  15.9  15.9  16.0  16.6  -9 -9.0 -9  3  2
202405071200 108   5  3.2  -9 -9.0   -9 1001.1 1011.3  2   1.2  13.5   9.3  76.0  11.7   -9.0    2.4    2.4   -9.0   -9.0   -9.0   -9.0 -9 62 -                        9   9    7 Sc         0   0   5  4388  0.0  0.55 -9  15.5  16.0  16.0  16.0  16.5  -9 -9.0 -9  3  1
202405071300 108   7  2.9  -9 -9.0   -9 1001.2 1011.3 -9  -9.0  14.0   9.6  75.0  11.9    0.0    2.4    2.4   -9.0   -9.0   -9.0   -9.0 60 62 01                      10   7    6 ScAs      -9   2   5  3367  0.0  0.49 -9  16.9  16.0  16.0  16.0  16.5  -9 -9.0 -9  4  1
202405071400 108   5  3.1  -9 -9.0   -9 1001.6 1011.7 -9  -9.0  14.4  10.2  76.0  12.4    0.0    2.4    2.4   -9.0   -9.0   -9.0   -9.0 60 66 01                      10   8    7 ScAs      -9   2   5  3997  0.0  0.68 -9  17.5  16.1  16.1  16.0  16.5  -9 -9.0 -9  4  1
202405071500 108   5  4.0  -9 -9.0   -9 1001.6 1011.7  1   0.4  14.7   9.6  72.0  11.9    0.0    2.4    2.4   -9.0   -9.0   -9.0   -9.0 61 66 01                      10   8    5 StNs      -9   2   7  3517  0.0  0.64 -9  17.1  16.2  16.2  16.0  16.5  -9 -9.0 -9  4  1
202405071600 108   5  3.7  -9 -9.0   -9 1001.7 1011.9 -9  -9.0  14.9   9.2  69.0  11.6    0.0    2.4    2.4   -9.0   -9.0   -9.0   -9.0 21 62 01                       9   9    8 Sc         0   0   5  3791  0.0  0.48 -9  15.7  16.4  16.2  16.0  16.5  -9 -9.0 -9  4  1
202405071700 108   7  4.0  -9 -9.0   -9 1001.9 1012.1 -9  -9.0  14.9   8.3  65.0  10.9    0.0    2.4    2.4   -9.0   -9.0   -9.0   -9.0 61 62 01                      10   7    6 StNs      -9   2   7  3668  0.0  0.27 -9  14.7  16.4  16.3  16.1  16.5  -9 -9.0 -9  4  1
202405071800 108   5  4.8  -9 -9.0   -9 1002.9 1013.0  2   1.3  14.5   7.9  65.0  10.6    0.0    2.4    2.4   -9.0   -9.0   -9.0   -9.0 60 66 01                      10   8    6 ScAs      -9   2   5  3695  0.0  0.17 -9  13.4  16.3  16.3  16.1  16.5  -9 -9.0 -9  4  1
202405071900 108   7  4.0  -9 -9.0   -9 1003.6 1013.8 -9  -9.0  14.0   7.2  64.0  10.2    0.0    2.4    2.4   -9.0   -9.0   -9.0   -9.0 60 66 01                      10   8    7 ScAs      -9   2   5  3511  0.0  0.06 -9  12.5  16.1  16.2  16.1  16.5  -9 -9.0 -9  4  1
202405072000 108   7  3.8  -9 -9.0   -9 1004.3 1014.5 -9  -9.0  13.5   6.8  64.0   9.9    0.0    2.4    2.4   -9.0   -9.0   -9.0   -9.0 61 66 01                      10   8    5 StNs      -9   2   7  2819  0.0  0.00 -9  11.9  15.9  16.1  16.1  16.5  -9 -9.0 -9  4  1
202405072100 108   7  3.6  -9 -9.0   -9 1005.2 1015.4  2   2.4  13.3   6.3  63.0   9.5    0.0    2.4    2.4   -9.0   -9.0   -9.0   -9.0 21 62 01                       9   7   37 AcCi       2   3   0  3387 -9.0 -9.00 -9  11.4  15.7  15.9  16.0  16.4  -9 -9.0 -9  1  1
202405072200 108   7  3.2  -9 -9.0   -9 1005.9 1016.1 -9  -9.0  12.9   6.0  63.0   9.3   -9.0    2.4    2.4   -9.0   -9.0   -9.0   -9.0 -9 -9 -                       10   9   -9 -         -9  -9  -9  3275 -9.0 -9.00 -9  10.9  15.5  15.7  15.9  16.4  -9 -9.0 -9  3  2
202405072300 108   5  2.7  -9 -9.0   -9 1006.2 1016.5 -9  -9.0  12.6   5.2  61.0   8.8   -9.0    2.4    2.4   -9.0   -9.0   -9.0   -9.0 -9 -9 -                        9   9   -9 -         -9  -9  -9  3190 -9.0 -9.00 -9  10.6  15.3  15.6  15.8  16.4  -9 -9.0 -9  3  2
202405080000 108   5  2.7  -9 -9.0   -9 1006.7 1017.0  2   1.6  12.2   4.6  60.0   8.5   -9.0    2.4    2.4   -9.0   -9.0   -9.0   -9.0 -9 -9 -                        9   0   -9 Ci         2   0   0  3203 -9.0 -9.00 -9   9.9  15.1  15.4  15.7  16.3  -9 -9.0 -9  3  2
202405080100 108   5  3.1  -9 -9.0   -9 1006.6 1016.9 -9  -9.0  11.5   4.4  62.0   8.4   -9.0   -9.0   -9.0   -9.0   -9.0   -9.0   -9.0 -9 -9 -                        6   6   -9 -         -9  -9  -9  3367 -9.0 -9.00 -9   8.9  14.9  15.2  15.6  16.3  -9 -9.0 -9  3  2
202405080200 108   5  2.6  -9 -9.0   -9 1007.0 1017.4 -9  -9.0  11.0   4.8  66.0   8.6   -9.0   -9.0   -9.0   -9.0   -9.0   -9.0   -9.0 -9 -9 -                        6   6   -9 -         -9  -9  -9  3150 -9.0 -9.00 -9   8.7  14.7  15.0  15.5  16.2  -9 -9.0 -9  3  2
202405080300 108   9  1.4  -9 -9.0   -9 1007.5 1017.9  3   0.9  10.4   4.5  67.0   8.4   -9.0   -9.0   -9.0   -9.0   -9.0   -9.0   -9.0 -9 -9 -                        7   0   -9 Ci         1   0   0  2888 -9.0 -9.00 -9   8.2  14.4  14.8  15.3  16.1  -9 -9.0 -9  3  2
202405080400 108   5  2.6  -9 -9.0   -9 1007.4 1017.8 -9  -9.0   9.8   4.5  70.0   8.4   -9.0   -9.0   -9.0   -9.0   -9.0   -9.0   -9.0 -9 -9 -                        1   0   -9 Ci         1   0   0  2955 -9.0 -9.00 -9   7.5  14.2  14.4  14.9  15.8  -9 -9.0 -9  3  2
202405080500 108   5  2.8  -9 -9.0   -9 1007.7 1018.1 -9  -9.0   9.4   4.5  72.0   8.4   -9.0   -9.0   -9.0   -9.0   -9.0   -9.0   -9.0 -9 -9 -                        0   0   -9 -         -9  -9  -9  3012 -9.0 -9.00 -9   7.1  13.9  14.4  15.0  15.9  -9 -9.0 -9  3  2
202405080600 108   2  1.2  -9 -9.0   -9 1008.4 1018.8  3   0.9   9.0   4.4  73.0   8.4   -9.0   -9.0   -9.0   -9.0   -9.0   -9.0   -9.0 -9 -9 -                        0   0   -9 -         -9  -9  -9  3009  0.2  0.03 -9   7.2  13.6  14.1  14.8  15.7  -9 -9.0 -9  3  2
202405080700 108  11  0.6  -9 -9.0   -9 1008.9 1019.3 -9  -9.0   9.5   4.6  72.0   8.5   -9.0   -9.0   -9.0   -9.0   -9.0   -9.0   -9.0 -9 -9 -                        0   0   -9 -         -9  -9  -9  3139  1.0  0.43 -9  10.3  13.4  13.9  14.6  15.6  -9 -9.0 -9  3  2
202405080800 108   7  2.4  -9 -9.0   -9 1009.3 1019.6 -9  -9.0  12.2   5.8  65.0   9.2   -9.0   -9.0   -9.0   -9.0   -9.0   -9.0   -9.0 -9 -9 -                        0   0   -9 -         -9  -9  -9  3082  1.0  1.18 -9  16.3  13.5  13.8  14.5  15.6  -9 -9.0 -9  3  2
202405080900 108   2  3.6  -9 -9.0   -9 1009.4 1019.6  1   0.8  13.9   5.5  57.0   9.0   -9.0   -9.0   -9.0   -9.0   -9.0   -9.0   -9.0 -9 -9 -                        0   0   -9 -         -9  -9  -9  3219  1.0  1.94 -9  21.3  13.9  14.0  14.4  15.5  -9 -9.0 -9  3  2
202405081000 108   5  2.4  -9 -9.0   -9 1009.2 1019.4 -9  -9.0  15.7   6.1  53.0   9.4   -9.0   -9.0   -9.0   -9.0   -9.0   -9.0   -9.0 -9 -9 -                        0   0   -9 -         -9  -9  -9  3220  1.0  2.60 -9  26.6  14.7  14.3  14.4  15.4  -9 -9.0 -9  3  2
202405081100 108   7  2.2  -9 -9.0   -9 1009.2 1019.3 -9  -9.0  17.1   5.6  47.0   9.1   -9.0   -9.0   -9.0   -9.0   -9.0   -9.0   -9.0 -9 -9 -                        0   0   -9 -         -9  -9  -9  3176  1.0  3.18 -9  30.4  15.7  14.9  14.4  15.2  -9 -9.0 -9  3  2
202405081200 108  32  1.6  -9 -9.0   -9 1008.7 1018.8  7  -0.8  17.9   5.7  45.0   9.2   -9.0   -9.0   -9.0   -9.0   -9.0   -9.0   -9.0 -9 -9 -                        0   0   -9 -         -9  -9  -9  3027  1.0  3.54 -9  32.9  16.8  15.7  14.7  15.2  -9 -9.0 -9  3  2
202405081300 108  20  2.2  -9 -9.0   -9 1007.9 1017.8 -9  -9.0  19.6   7.3  45.0  10.2   -9.0   -9.0   -9.0   -9.0   -9.0   -9.0   -9.0 -9 -9 -                        2   2   10 Sc         0   0   5  3062  0.9  3.36 -9  34.0  17.9  16.5  15.0  15.2  -9 -9.0 -9  3  2
202405081400 108  27  2.4  -9 -9.0   -9 1007.4 1017.4 -9  -9.0  20.0   7.6  45.0  10.4   -9.0   -9.0   -9.0   -9.0   -9.0   -9.0   -9.0 -9 -9 -                        5   5   10 Sc         0   0   5  2599  0.7  3.07 -9  29.4  18.9  17.4  15.4  15.4  -9 -9.0 -9  3  2
202405081500 108  27  3.4  -9 -9.0   -9 1007.0 1017.0  7  -1.8  20.7   6.6  40.0   9.7   -9.0   -9.0   -9.0   -9.0   -9.0   -9.0   -9.0 -9 -9 -                        4   4   10 Sc         0   0   5  3064  0.8  2.82 -9  31.3  19.4  18.0  15.9  15.6  -9 -9.0 -9  3  2
202405081600 108  27  1.6  -9 -9.0   -9 1006.3 1016.2 -9  -9.0  21.0   6.8  40.0   9.9   -9.0   -9.0   -9.0   -9.0   -9.0   -9.0   -9.0 -9 -9 -                        2   2   10 Sc         0   0   5  3425  0.8  2.31 -9  28.8  19.8  18.5  16.4  15.8  -9 -9.0 -9  3  2
202405081700 108  29  3.2  -9 -9.0   -9 1006.1 1016.0 -9  -9.0  21.0   7.5  42.0  10.4   -9.0   -9.0   -9.0   -9.0   -9.0   -9.0   -9.0 -9 -9 -                        4   4   10 Sc         0   0   5  3561  1.0  1.95 -9  25.1  19.9  18.8  16.8  16.0  -9 -9.0 -9  3  2
202405081800 108  27  4.3  -9 -9.0   -9 1006.1 1016.1  5  -0.9  18.6   8.8  53.0  11.3   -9.0   -9.0   -9.0   -9.0   -9.0   -9.0   -9.0 -9 -9 -                        3   3   40 Ac         0   3   0  2945  0.2  0.51 -9  17.2  19.7  18.9  17.2  16.3  -9 -9.0 -9  3  2
202405081900 108  25  4.6  -9 -9.0   -9 1006.5 1016.6 -9  -9.0  16.7   7.3  54.0  10.2   -9.0   -9.0   -9.0   -9.0   -9.0   -9.0   -9.0 -9 -9 -                        0   0   -9 -         -9  -9  -9  2818  0.4  0.26 -9  14.6  19.2  18.8  17.4  16.6  -9 -9.0 -9  3 -9
202405082000 108  25  2.2  -9 -9.0   -9 1006.9 1017.1 -9  -9.0  15.5   6.7  56.0   9.8   -9.0   -9.0   -9.0   -9.0   -9.0   -9.0   -9.0 -9 -9 -                        0   0   -9 -         -9  -9  -9  3116  0.0  0.03 -9  12.8  18.6  18.5  17.5  16.8  -9 -9.0 -9  3 -9
202405082100 108  20  1.7  -9 -9.0   -9 1007.5 1017.7  2   1.6  14.4   6.7  60.0   9.8   -9.0   -9.0   -9.0   -9.0   -9.0   -9.0   -9.0 -9 -9 -                        0   0   -9 -         -9  -9  -9  3215 -9.0 -9.00 -9  11.9  18.1  18.1  17.5  16.9  -9 -9.0 -9  3  2
202405082200 108  29  2.0  -9 -9.0   -9 1007.8 1018.0 -9  -9.0  13.8   7.3  65.0  10.2   -9.0   -9.0   -9.0   -9.0   -9.0   -9.0   -9.0 -9 -9 -                        0   0   -9 -         -9  -9  -9  2931 -9.0 -9.00 -9  11.3  17.5  17.7  17.4  17.0  -9 -9.0 -9  3 -9
202405082300 108  25  2.2  -9 -9.0   -9 1008.1 1018.4 -9  -9.0  13.3   7.0  66.0  10.0   -9.0   -9.0   -9.0   -9.0   -9.0   -9.0   -9.0 -9 -9 -                        0   0   -9 -         -9  -9  -9  2751 -9.0 -9.00 -9  10.8  17.0  17.3  17.2  17.0  -9 -9.0 -9  3 -9
202405090000 108  29  1.5  -9 -9.0   -9 1008.1 1018.4  1   0.7  12.8   8.4  75.0  11.0   -9.0   -9.0   -9.0   -9.0   -9.0   -9.0   -9.0 -9 -9 -                        0   0   -9 -         -9  -9  -9  2473 -9.0 -9.00 -9  10.5  16.6  17.0  17.0  17.0  -9 -9.0 -9  3  2
202405090100 108  29  1.8  -9 -9.0   -9 1008.4 1018.7 -9  -9.0  12.5   8.7  78.0  11.2   -9.0   -9.0   -9.0   -9.0   -9.0   -9.0   -9.0 -9 -9 -                        0   0   -9 -         -9  -9  -9  2414 -9.0 -9.00 -9  10.3  16.3  16.6  16.7  16.9  -9 -9.0 -9  3 -9
202405090200 108  29  1.6  -9 -9.0   -9 1008.4 1018.7 -9  -9.0  12.1   8.9  81.0  11.4   -9.0   -9.0   -9.0   -9.0   -9.0   -9.0   -9.0 -9 -9 -                        0   0   -9 -         -9  -9  -9  2149 -9.0 -9.00 -9  10.0  16.0  16.3  16.5  16.7  -9 -9.0 -9  3 -9
202405090300 108  29  1.2  -9 -9.0   -9 1008.4 1018.7  1   0.3  11.7   8.7  82.0  11.2   -9.0   -9.0   -9.0   -9.0   -9.0   -9.0   -9.0 -9 -9 -                        0   0   -9 -         -9  -9  -9  2098 -9.0 -9.00 -9   9.5  15.7  16.1  16.3  16.7  -9 -9.0 -9  3  2
202405090400 108  27  0.9  -9 -9.0   -9 1008.6 1019.0 -9  -9.0  11.3   8.6  84.0  11.2   -9.0   -9.0   -9.0   -9.0   -9.0   -9.0   -9.0 -9 -9 -                        0   0   -9 -         -9  -9  -9  2044 -9.0 -9.00 -9   9.0  15.4  15.8  16.2  16.7  -9 -9.0 -9  3  2
202405090500 108   0  0.3  -9 -9.0   -9 1008.7 1019.1 -9  -9.0  11.1   8.8  86.0  11.3   -9.0   -9.0   -9.0   -9.0   -9.0   -9.0   -9.0 -9 -9 -                        0   0   -9 -         -9  -9  -9  1670 -9.0 -9.00 -9   8.7  15.1  15.6  16.0  16.6  -9 -9.0 -9  3  2
202405090600 108  36  0.7  -9 -9.0   -9 1008.7 1019.1  1   0.4  10.9   9.1  89.0  11.6   -9.0   -9.0   -9.0   -9.0   -9.0   -9.0   -9.0 -9 -9 -                        0   0   -9 -         -9  -9  -9  1470  0.1  0.03 -9   9.1  14.8  15.3  15.9  16.5  -9 -9.0 -9  3  2
202405090700 108  20  1.6  -9 -9.0   -9 1008.8 1019.2 -9  -9.0  11.4   8.7  84.0  11.2   -9.0   -9.0   -9.0   -9.0   -9.0   -9.0   -9.0 -9 -9 -                        0   0   -9 -         -9  -9  -9  2029  1.0  0.42 -9  12.2  14.6  15.1  15.6  16.4  -9 -9.0 -9  3  2
202405090800 108  25  1.2  -9 -9.0   -9 1009.1 1019.4 -9  -9.0  13.1   8.7  75.0  11.2   -9.0   -9.0   -9.0   -9.0   -9.0   -9.0   -9.0 -9 -9 -                        1   0   -9 Ci         1   0   0  2068  1.0  0.91 -9  17.4  14.7  15.0  15.4  16.2  -9 -9.0 -9  3  2
202405090900 108  23  2.3  -9 -9.0   -9 1008.9 1019.1  4   0.0  15.1   8.0  63.0  10.7   -9.0   -9.0   -9.0   -9.0   -9.0   -9.0   -9.0 -9 -9 -                        0   0   -9 -         -9  -9  -9  2752  1.0  1.77 -9  22.7  15.2  15.1  15.3  16.1  -9 -9.0 -9  3  2
202405091000 108  23  2.6  -9 -9.0   -9 1008.7 1018.8 -9  -9.0  17.0   8.6  58.0  11.2   -9.0   -9.0   -9.0   -9.0   -9.0   -9.0   -9.0 -9 -9 -                        1   1   33 Ac         0   3   0  2878  1.0  2.34 -9  26.4  16.0  15.5  15.3  16.0  -9 -9.0 -9  3  2
202405091100 108  20  2.5  -9 -9.0   -9 1008.6 1018.6 -9  -9.0  18.5   9.2  55.0  11.6   -9.0   -9.0   -9.0   -9.0   -9.0   -9.0   -9.0 -9 -9 -                        0   0   -9 -         -9  -9  -9  2249  1.0  2.96 -9  30.5  17.0  16.1  15.4  15.9  -9 -9.0 -9  3  2
202405091200 108  20  3.5  -9 -9.0   -9 1008.2 1018.2  7  -0.9  19.6   7.9  47.0  10.6   -9.0   -9.0   -9.0   -9.0   -9.0   -9.0   -9.0 -9 -9 -                        0   0   -9 -         -9  -9  -9  2305  1.0  3.30 -9  32.6  18.1  16.9  15.6  15.9  -9 -9.0 -9  3  2
202405091300 108  23  4.6  -9 -9.0   -9 1007.8 1017.8 -9  -9.0  20.5   7.8  44.0  10.6   -9.0   -9.0   -9.0   -9.0   -9.0   -9.0   -9.0 -9 -9 -                        1   0   -9 Ci         1   0   0  2770  1.0  3.41 -9  33.4  19.2  17.7  15.9  15.9  -9 -9.0 -9  3  2
202405091400 108  20  5.3  -9 -9.0   -9 1007.1 1017.1 -9  -9.0  20.9   7.8  43.0  10.6   -9.0   -9.0   -9.0   -9.0   -9.0   -9.0   -9.0 -9 -9 -                        0   0   -9 -         -9  -9  -9  2727  1.0  3.31 -9  34.2  20.0  18.5  16.4  16.1  -9 -9.0 -9  3  2
202405091500 108  20  4.9  -9 -9.0   -9 1006.6 1016.5  7  -1.7  21.6   6.6  38.0   9.7   -9.0   -9.0   -9.0   -9.0   -9.0   -9.0   -9.0 -9 -9 -                        0   0   -9 -         -9  -9  -9  2439  1.0  2.97 -9  34.0  20.6  19.2  16.8  16.2  -9 -9.0 -9  3  2
202405091600 108  25  3.2  23 10.0 1530 1006.1 1016.0 -9  -9.0  21.6   5.8  36.0   9.2   -9.0   -9.0   -9.0   -9.0   -9.0   -9.0   -9.0 -9 -9 -                        0   0   -9 -         -9  -9  -9  2554  1.0  2.46 -9  31.8  20.8  19.6  17.2  16.4  -9 -9.0 -9  3  2
202405091700 108  23  5.2  20 11.0 1619 1006.2 1016.2 -9  -9.0  20.4   5.9  39.0   9.3   -9.0   -9.0   -9.0   -9.0   -9.0   -9.0   -9.0 -9 -9 -                        0   0   -9 -         -9  -9  -9  2431  1.0  1.82 -9  26.8  20.8  19.8  17.7  16.7  -9 -9.0 -9  3  2
202405091800 108  23  4.2  20 11.0 1619 1006.4 1016.4  5  -0.1  19.1   6.5  44.0   9.7   -9.0   -9.0   -9.0   -9.0   -9.0   -9.0   -9.0 -9 -9 -                        0   0   -9 -         -9  -9  -9  2300  1.0  1.05 -9  20.5  20.6  19.9  18.0  17.0  -9 -9.0 -9  3  2
202405091900 108  23  4.1  20 10.0 1804 1006.7 1016.8 -9  -9.0  17.3   7.8  54.0  10.6   -9.0   -9.0   -9.0   -9.0   -9.0   -9.0   -9.0 -9 -9 -                        0   0   -9 -         -9  -9  -9  1942  0.7  0.39 -9  16.8  20.2  19.7  18.2  17.2  -9 -9.0 -9  3 -9
202405092000 108  20  3.7  -9 -9.0   -9 1006.8 1016.9 -9  -9.0  16.4   9.3  63.0  11.7   -9.0   -9.0   -9.0   -9.0   -9.0   -9.0   -9.0 -9 -9 -                        0   0   -9 -         -9  -9  -9  1741  0.0  0.03 -9  14.8  19.6  19.4  18.3  17.4  -9 -9.0 -9  3 -9
202405092100 108  20  3.4  20 11.0 1619 1007.4 1017.6  2   1.2  15.8   9.8  68.0  12.1   -9.0   -9.0   -9.0   -9.0   -9.0   -9.0   -9.0 -9 -9 -                        0   0   -9 -         -9  -9  -9  1714 -9.0 -9.00 -9  13.9  19.1  19.1  18.3  17.6  -9 -9.0 -9  3  2
202405092200 108  20  2.2  -9 -9.0   -9 1008.0 1018.2 -9  -9.0  15.4  10.7  74.0  12.9   -9.0   -9.0   -9.0   -9.0   -9.0   -9.0   -9.0 -9 -9 -                        0   0   -9 -         -9  -9  -9  1459 -9.0 -9.00 -9  13.5  18.6  18.7  18.2  17.6  -9 -9.0 -9  3 -9
202405092300 108  20  2.9  -9 -9.0   -9 1008.0 1018.2 -9  -9.0  15.1  10.6  75.0  12.8   -9.0   -9.0   -9.0   -9.0   -9.0   -9.0   -9.0 -9 -9 -                        1   1   -9 -         -9  -9  -9  1380 -9.0 -9.00 -9  13.1  18.2  18.4  18.1  17.7  -9 -9.0 -9  3 -9
202405100000 108  20  3.7  -9 -9.0   -9 1008.3 1018.5  2   0.9  14.7  10.8  78.0  12.9   -9.0   -9.0   -9.0   -9.0   -9.0   -9.0   -9.0 -9 -9 -                        2   2   10 Sc         0   0   5  1326 -9.0 -9.00 -9  12.7  17.8  18.1  17.9  17.7  -9 -9.0 -9  3  2
202405100100 108  23  2.2  -9 -9.0   -9 1008.3 1018.5 -9  -9.0  14.4  10.9  80.0  13.0   -9.0   -9.0   -9.0   -9.0   -9.0   -9.0   -9.0 -9 -9 -                        0   0   -9 -         -9  -9  -9  1091 -9.0 -9.00 -9  12.2  17.5  17.8  17.7  17.6  -9 -9.0 -9  3 -9
202405100200 108  20  1.1  -9 -9.0   -9 1008.2 1018.4 -9  -9.0  14.0  10.7  81.0  12.9   -9.0   -9.0   -9.0   -9.0   -9.0   -9.0   -9.0 -9 -9 -                        0   0   -9 -         -9  -9  -9  1206 -9.0 -9.00 -9  11.6  17.2  17.5  17.5  17.6  -9 -9.0 -9  3 -9
202405100300 108  20  1.3  -9 -9.0   -9 1007.9 1018.1  7  -0.4  13.8  10.7  82.0  12.9   -9.0   -9.0   -9.0   -9.0   -9.0   -9.0   -9.0 10  0 19                       0   0   -9 -         -9  -9  -9   986 -9.0 -9.00 -9  11.4  16.9  17.2  17.3  17.5  -9 -9.0 -9  3  1
202405100400 108  23  1.2  -9 -9.0   -9 1008.1 1018.3 -9  -9.0  13.5  10.1  80.0  12.4   -9.0   -9.0   -9.0   -9.0   -9.0   -9.0   -9.0 -9 -9 19                       0   0   -9 -         -9  -9  -9  1375 -9.0 -9.00 -9  10.9  16.6  17.0  17.1  17.4  -9 -9.0 -9  3  2
202405100500 108   5  0.9  -9 -9.0   -9 1008.2 1018.5 -9  -9.0  12.9  10.4  85.0  12.6   -9.0   -9.0   -9.0   -9.0   -9.0   -9.0   -9.0 -9 -9 -                        0   0   -9 -         -9  -9  -9  1200 -9.0 -9.00 -9  10.6  16.3  16.7  17.0  17.3  -9 -9.0 -9  3  2
202405100600 108  34  1.4  -9 -9.0   -9 1008.4 1018.7  2   0.6  12.5  10.3  87.0  12.5   -9.0   -9.0   -9.0   -9.0   -9.0   -9.0   -9.0 10  0 19                       0   0   -9 -         -9  -9  -9   991  0.0  0.02 -9  10.8  16.1  16.5  16.8  17.2  -9 -9.0 -9  3  1
202405100700 108   0  0.4  -9 -9.0   -9 1008.7 1019.0 -9  -9.0  13.1  10.8  86.0  12.9   -9.0   -9.0   -9.0   -9.0   -9.0   -9.0   -9.0 10  0 19                       0   0   -9 -         -9  -9  -9   916  0.8  0.40 -9  13.9  15.9  16.3  16.6  17.1  -9 -9.0 -9  3  1
202405100800 108  18  1.5  -9 -9.0   -9 1008.9 1019.1 -9  -9.0  15.0  10.9  77.0  13.0   -9.0   -9.0   -9.0   -9.0   -9.0   -9.0   -9.0 -9 -9 19                       0   0   -9 -         -9  -9  -9  1449  1.0  1.07 -9  19.4  16.0  16.2  16.4  17.0  -9 -9.0 -9  3  2
202405100900 108  20  1.6  -9 -9.0   -9 1008.7 1018.8  0   0.1  16.9  10.7  67.0  12.9   -9.0   -9.0   -9.0   -9.0   -9.0   -9.0   -9.0 -9 -9 -                        0   0   -9 -         -9  -9  -9  2049  1.0  1.82 -9  24.8  16.5  16.2  16.6  16.5  -9 -9.0 -9  3  2
202405101000 108  23  2.9  -9 -9.0   -9 1008.9 1018.9 -9  -9.0  18.5   7.8  50.0  10.6   -9.0   -9.0   -9.0   -9.0   -9.0   -9.0   -9.0 -9 -9 -                        3   0   -9 Ci         1   0   0  2808  1.0  2.46 -9  28.8  17.3  16.7  16.1  16.6  -9 -9.0 -9  3  2
202405101100 108  20  2.7  -9 -9.0   -9 1008.6 1018.6 -9  -9.0  20.5   8.1  45.0  10.8   -9.0   -9.0   -9.0   -9.0   -9.0   -9.0   -9.0 -9 -9 -                        4   0   -9 Ci         1   0   0  2991  1.0  3.07 -9  33.5  18.3  17.3  16.3  16.6  -9 -9.0 -9  3  2
202405101200 108  20  4.1  -9 -9.0   -9 1008.2 1018.2  8  -0.6  21.2   7.4  41.0  10.3   -9.0   -9.0   -9.0   -9.0   -9.0   -9.0   -9.0 -9 -9 -                        4   0   -9 Ci         1   0   0  2164  1.0  3.03 -9  35.4  19.3  18.1  16.5  16.6  -9 -9.0 -9  3  2
202405101300 108  23  4.3  -9 -9.0   -9 1007.7 1017.6 -9  -9.0  22.3   6.4  36.0   9.6   -9.0   -9.0   -9.0   -9.0   -9.0   -9.0   -9.0 -9 -9 -                        1   0   -9 Ci         1   0   0  2649  1.0  3.46 -9  39.3  20.2  18.8  16.8  16.6  -9 -9.0 -9  3  2
202405101400 108  20  3.2  -9 -9.0   -9 1007.3 1017.1 -9  -9.0  23.1   7.9  38.0  10.6   -9.0   -9.0   -9.0   -9.0   -9.0   -9.0   -9.0 -9 -9 -                        1   0   -9 Ci         1   0   0  2570  1.0  3.39 -9  41.7  21.0  19.5  17.2  16.7  -9 -9.0 -9  3  2
202405101500 108  23  3.8  -9 -9.0   -9 1006.5 1016.3  7  -1.9  23.7   8.1  37.0  10.8   -9.0   -9.0   -9.0   -9.0   -9.0   -9.0   -9.0 -9 -9 -                        2   0   -9 Ci         1   0   0  2887  1.0  3.09 -9  41.3  21.6  20.2  17.7  16.9  -9 -9.0 -9  3  2
202405101600 108  25  4.4  23 10.0 1535 1005.8 1015.6 -9  -9.0  23.6   5.4  31.0   9.0   -9.0   -9.0   -9.0   -9.0   -9.0   -9.0   -9.0 -9 -9 -                        5   0   -9 Ci         1   0   0  2995  1.0  2.63 -9  37.3  22.0  20.8  18.1  17.1  -9 -9.0 -9  3  2
202405101700 108  25  4.7  -9 -9.0   -9 1005.7 1015.5 -9  -9.0  22.8   5.2  32.0   8.8   -9.0   -9.0   -9.0   -9.0   -9.0   -9.0   -9.0 -9 -9 -                        7   0   -9 Ci         1   0   0  3435  1.0  1.99 -9  30.8  22.1  21.1  18.6  17.4  -9 -9.0 -9  3  2
202405101800 108  23  4.1  23 10.0 1535 1005.7 1015.6  5  -0.7  21.4   4.8  34.0   8.6   -9.0   -9.0   -9.0   -9.0   -9.0   -9.0   -9.0 -9 -9 -                        8   0   -9 Ci         1   0   0  2993  1.0  1.13 -9  23.5  21.9  21.2  19.0  17.7  -9 -9.0 -9  3  2
202405101900 108  23  2.7  -9 -9.0   -9 1005.8 1015.8 -9  -9.0  19.8   4.6  37.0   8.5   -9.0   -9.0   -9.0   -9.0   -9.0   -9.0   -9.0 -9 -9 -                        7   1   -9 -         -9  -9  -9  3673  0.7  0.42 -9  19.4  21.5  21.0  19.3  18.0  -9 -9.0 -9  3 -9
202405102000 108  25  2.5  -9 -9.0   -9 1005.8 1015.8 -9  -9.0  18.5   5.6  43.0   9.1   -9.0   -9.0   -9.0   -9.0   -9.0   -9.0   -9.0 -9 -9 -                        7   1   -9 -         -9  -9  -9  3213  0.0  0.04 -9  16.5  20.9  20.8  19.5  18.3  -9 -9.0 -9  3 -9
202405102100 108  23  1.3  23 10.0 1535 1006.1 1016.2  2   0.6  17.5   5.0  44.0   8.7   -9.0   -9.0   -9.0   -9.0   -9.0   -9.0   -9.0 -9 -9 -                        2   0   -9 Ci         1   0   0  3153 -9.0 -9.00 -9  14.7  20.3  20.4  19.5  18.5  -9 -9.0 -9  3  2
202405102200 108  20  2.8  -9 -9.0   -9 1006.5 1016.6 -9  -9.0  17.2   4.1  42.0   8.2   -9.0   -9.0   -9.0   -9.0   -9.0   -9.0   -9.0 -9 -9 -                        5   1   -9 -         -9  -9  -9  3509 -9.0 -9.00 -9  13.5  19.7  19.9  19.3  18.6  -9 -9.0 -9  3 -9
202405102300 108  25  3.3  -9 -9.0   -9 1006.7 1016.8 -9  -9.0  16.6   5.2  47.0   8.8   -9.0   -9.0   -9.0   -9.0   -9.0   -9.0   -9.0 -9 -9 -                        2   1   -9 -         -9  -9  -9  3430 -9.0 -9.00 -9  12.9  19.1  19.5  19.2  18.6  -9 -9.0 -9  3  2
202405110000 108  23  2.1  -9 -9.0   -9 1006.5 1016.7  0   0.5  15.9   6.3  53.0   9.5   -9.0   -9.0   -9.0   -9.0   -9.0   -9.0   -9.0 -9 -9 -                        0   0   -9 -         -9  -9  -9  3202 -9.0 -9.00 -9  12.3  18.7  19.1  18.9  18.6  -9 -9.0 -9  3  2
202405110100 108  20  2.5  -9 -9.0   -9 1006.0 1016.2 -9  -9.0  15.5   6.7  56.0   9.8   -9.0   -9.0   -9.0   -9.0   -9.0   -9.0   -9.0 -9 -9 -                        2   1   -9 -         -9  -9  -9  3115 -9.0 -9.00 -9  11.8  18.3  18.7  18.7  18.5  -9 -9.0 -9  3 -9
202405110200 108  20  2.9  -9 -9.0   -9 1005.8 1016.0 -9  -9.0  15.3   8.2  63.0  10.9   -9.0   -9.0   -9.0   -9.0   -9.0   -9.0   -9.0 -9 -9 -                        0   0   -9 -         -9  -9  -9  2920 -9.0 -9.00 -9  11.6  17.9  18.4  18.4  18.4  -9 -9.0 -9  3 -9
202405110300 108  20  2.5  -9 -9.0   -9 1005.5 1015.7  7  -1.0  15.2   9.7  70.0  12.0   -9.0   -9.0   -9.0   -9.0   -9.0   -9.0   -9.0 -9 -9 -                        8   8   10 Sc         0   0   5  2769 -9.0 -9.00 -9  12.8  17.6  18.0  18.2  18.3  -9 -9.0 -9  3  2
202405110400 108  14  2.3  -9 -9.0   -9 1004.8 1015.0 -9  -9.0  15.3  10.0  71.0  12.3   -9.0   -9.0   -9.0   -9.0   -9.0   -9.0   -9.0 -9 -9 -                        8   8   10 Sc         0   0   5  2548 -9.0 -9.00 -9  13.0  17.4  17.8  18.0  18.2  -9 -9.0 -9  3  2
202405110500 108   9  1.7  -9 -9.0   -9 1004.3 1014.4 -9  -9.0  15.7  10.6  72.0  12.8   -9.0   -9.0   -9.0   -9.0   -9.0   -9.0   -9.0 -9 -9 -                        9   9   10 Sc         0   0   5  2768 -9.0 -9.00 -9  13.7  17.2  17.6  17.8  18.0  -9 -9.0 -9  3  2
202405110600 108   9  1.3  -9 -9.0   -9 1003.8 1013.9  7  -1.8  15.8  10.1  69.0  12.4   -9.0   -9.0   -9.0   -9.0   -9.0   -9.0   -9.0 -9 -9 -                        9   9    8 Sc         0   0   5  2622  0.0  0.01 -9  14.4  17.2  17.4  17.6  17.9  -9 -9.0 -9  3  2
202405110700 108   7  0.9  -9 -9.0   -9 1003.5 1013.6 -9  -9.0  16.3  10.5  69.0  12.7   -9.0   -9.0   -9.0   -9.0   -9.0   -9.0   -9.0 -9 -9 -                        9   9    7 Sc         0   0   5  2919  0.0  0.14 -9  15.8  17.1  17.4  17.4  17.8  -9 -9.0 -9  3  2
202405110800 108  14  3.2  -9 -9.0   -9 1003.1 1013.1 -9  -9.0  17.2  11.4  69.0  13.5   -9.0   -9.0   -9.0   -9.0   -9.0   -9.0   -9.0 -9 -9 -                        9   9    7 Sc         0   0   5  3203  0.0  0.18 -9  16.4  17.2  17.3  17.3  17.7  -9 -9.0 -9  3  2
202405110900 108  18  2.8  -9 -9.0   -9 1002.6 1012.6  7  -1.3  18.2  12.4  69.0  14.4   -9.0   -9.0   -9.0   -9.0   -9.0   -9.0   -9.0 -9 -9 -                        9   9   10 Sc         0   0   5  2841  0.0  0.39 -9  18.7  17.3  17.4  17.2  17.6  -9 -9.0 -9  3  2
202405111000 108  20  5.0  20 10.0  909 1002.0 1012.0 -9  -9.0  19.8  13.2  66.0  15.2   -9.0   -9.0   -9.0   -9.0   -9.0   -9.0   -9.0 -9 -9 -                        8   8   10 Sc         0   0   5  2530  0.1  1.19 -9  23.8  17.6  17.5  17.2  17.5  -9 -9.0 -9  3  2
202405111100 108  18  5.8  18 13.0 1050 1001.2 1011.1 -9  -9.0  20.9  13.5  63.0  15.5   -9.0   -9.0   -9.0   -9.0   -9.0   -9.0   -9.0 -9 -9 -                        9   9   10 Sc         0   0   5  2514  0.0  1.32 -9  23.1  18.1  17.8  17.2  17.5  -9 -9.0 -9  3  2
202405111200 108  20  6.5  18 13.0 1050 1000.7 1010.6  7  -2.0  21.6  14.4  64.0  16.4   -9.0   -9.0   -9.0   -9.0   -9.0   -9.0   -9.0 -9 -9 -                        9   9   10 Sc         0   0   5  2473  0.0  0.89 -9  23.3  18.6  18.1  17.3  17.4  -9 -9.0 -9  3  2
202405111300 108  20  7.1  18 18.0 1248 1000.0 1009.8 -9  -9.0  21.8  13.9  61.0  15.9   -9.0   -9.0   -9.0   -9.0   -9.0   -9.0   -9.0 -9 -9 -                       10   8   10 ScAs      -9   2   5  2443  0.0  0.72 -9  22.1  18.9  18.4  17.4  17.4  -9 -9.0 -9  3  2
202405111400 108  20  5.9  20 15.0 1319  999.9 1009.8 -9  -9.0  20.8  15.1  70.0  17.2    0.1    0.1    0.1   -9.0   -9.0   -9.0   -9.0 60 62 01                      10   8   10 ScAs      -9   2   5  2099  0.0  0.40 -9  20.9  19.0  18.5  17.6  17.5  -9 -9.0 -9  4  1
202405111500 108  23  4.5  18 18.0 1248  999.8 1009.7  7  -0.9  18.4  16.1  87.0  18.3    2.1    2.2    2.2   -9.0   -9.0   -9.0   -9.0 61 66 1901                    10   8    7 StNs      -9   2   7   638  0.0  0.23 -9  18.4  18.9  18.6  17.7  17.5  -9 -9.0 -9  4  1
202405111600 108  23  4.4  20 10.0 1547  998.9 1008.9 -9  -9.0  17.7  16.0  90.0  18.2    1.6    3.8    3.8   -9.0   -9.0   -9.0   -9.0 61 66 1901                    10   8    5 StNs      -9   2   7   738  0.0  0.12 -9  17.7  18.7  18.5  17.8  17.6  -9 -9.0 -9  4  1
202405111700 108  18  5.7  18 13.0 1637  998.5 1008.5 -9  -9.0  16.9  15.9  94.0  18.1    4.0    7.8    7.8   -9.0   -9.0   -9.0   -9.0 63 66 1901                    10   9    5 StNs      -9   2   7   479  0.0  0.08 -9  16.9  18.6  18.4  17.8  17.6  -9 -9.0 -9  4  1
202405111800 108  25  2.0  18 13.0 1637  998.0 1008.0  7  -1.7  16.9  16.0  95.0  18.2    7.7   15.5   15.5   -9.0   -9.0   -9.0   -9.0 63 66 1901                    10   8    3 StNs      -9   2   7   453  0.0  0.03 -9  16.8  18.3  18.3  17.8  17.7  -9 -9.0 -9  4  1
202405111900 108  23  4.0  -9 -9.0   -9  997.9 1007.9 -9  -9.0  16.9  16.2  96.0  18.4    5.6   21.1   21.1   -9.0   -9.0   -9.0   -9.0 63 66 1901                    10   8    2 StNs      -9   2   7   613  0.0  0.02 -9  16.6  18.1  18.1  17.7  17.7  -9 -9.0 -9  4  1
202405112000 108  23  4.6  -9 -9.0   -9  998.1 1008.1 -9  -9.0  16.5  15.8  96.0  17.9    2.5   23.6   23.6   -9.0   -9.0   -9.0   -9.0 61 66 1901                    10   9    3 StNs      -9   2   7   497  0.0  0.00 -9  16.3  17.9  18.0  17.6  17.7  -9 -9.0 -9  4  1
202405112100 108  25  4.0  18 13.0 1637  999.1 1009.2  3   1.2  15.4  14.4  94.0  16.4    4.8   28.4   28.4   -9.0   -9.0   -9.0   -9.0 63 66 1901                    10   9    3 StNs      -9   2   7   667 -9.0 -9.00 -9  15.5  17.8  17.8  17.6  17.7  -9 -9.0 -9  1  1
202405112200 108  23  2.7  -9 -9.0   -9  999.9 1010.0 -9  -9.0  14.4  13.4  94.0  15.4    3.1   31.5   31.5   -9.0   -9.0   -9.0   -9.0 63 66 1901                    10   8    5 StNs      -9   2   7   648 -9.0 -9.00 -9  15.0  17.5  17.6  17.5  17.6  -9 -9.0 -9  4  1
202405112300 108  23  1.9  -9 -9.0   -9 1000.1 1010.2 -9  -9.0  14.0  12.8  93.0  14.8    0.2   31.7   31.7   -9.0   -9.0   -9.0   -9.0 21 62 1901                    10   6   10 ScAs      -9   2   5  1655 -9.0 -9.00 -9  14.8  17.3  17.5  17.3  17.5  -9 -9.0 -9  4  1
202405120000 108  27  0.8  -9 -9.0   -9 1000.1 1010.2  1   1.0  14.1  12.8  92.0  14.8   -9.0   31.7   31.7   -9.0   -9.0   -9.0   -9.0 10 62 19                       9   9   10 Sc         0   0   5   909 -9.0 -9.00 -9  14.8  17.2  17.3  17.2  17.5  -9 -9.0 -9  3  1
202405120100 108  25  2.3  -9 -9.0   -9 1000.4 1010.5 -9  -9.0  13.9  12.7  93.0  14.7   -9.0   -9.0   -9.0   -9.0   -9.0   -9.0   -9.0 -9 -9 19                       6   1   -9 -         -9  -9  -9   532 -9.0 -9.00 -9  14.3  17.1  17.2  17.1  17.4  -9 -9.0 -9  3  2
202405120200 108  27  1.5  -9 -9.0   -9 1000.0 1010.2 -9  -9.0  13.3  12.0  92.0  14.0   -9.0   -9.0   -9.0   -9.0   -9.0   -9.0   -9.0 -9 -9 19                       3   1   -9 -         -9  -9  -9   489 -9.0 -9.00 -9  12.7  17.0  17.1  17.1  17.4  -9 -9.0 -9  3  2
202405120300 108  27  1.6  -9 -9.0   -9  999.9 1010.1  8  -0.1  13.0  11.8  93.0  13.8   -9.0   -9.0   -9.0   -9.0   -9.0   -9.0   -9.0 10 61 19                       1   1   10 Sc         0   0   5   353 -9.0 -9.00 -9  12.0  16.8  17.0  17.0  17.3  -9 -9.0 -9  3  1
202405120400 108  23  0.8  -9 -9.0   -9  999.9 1010.1 -9  -9.0  12.6  11.3  92.0  13.4   -9.0   -9.0   -9.0   -9.0   -9.0   -9.0   -9.0 10 22 19                       7   7   11 Sc         0   0   5   454 -9.0 -9.00 -9  11.6  16.5  16.8  16.8  17.2  -9 -9.0 -9  3  1
202405120500 108  27  1.8  -9 -9.0   -9 1000.2 1010.4 -9  -9.0  12.3  11.1  93.0  13.2   -9.0   -9.0   -9.0   -9.0   -9.0   -9.0   -9.0 10 22 19                       8   8   10 Sc         0   0   5   435 -9.0 -9.00 -9  11.6  16.2  16.5  16.7  17.2  -9 -9.0 -9  3  1
202405120600 108  25  2.7  -9 -9.0   -9 1000.7 1010.9  2   0.8  11.9  10.7  93.0  12.9   -9.0   -9.0   -9.0   -9.0   -9.0   -9.0   -9.0 10 22 19                       8   8   11 Sc         0   0   5   605  0.0  0.03 -9  11.7  16.0  16.3  16.6  17.1  -9 -9.0 -9  3  1
202405120700 108  23  1.7  -9 -9.0   -9 1000.7 1010.9 -9  -9.0  12.1  10.8  92.0  12.9   -9.0   -9.0   -9.0   -9.0   -9.0   -9.0   -9.0 10 22 19                       8   8   10 Sc         0   0   5   777  0.1  0.31 -9  13.0  15.9  16.2  16.4  17.0  -9 -9.0 -9  3  1
202405120800 108  18  1.3  -9 -9.0   -9 1000.8 1011.0 -9  -9.0  13.1  11.6  91.0  13.7   -9.0   -9.0   -9.0   -9.0   -9.0   -9.0   -9.0 -9 -9 19                       7   7   10 Sc         0   0   5  1001  0.5  0.91 -9  20.9  15.8  16.1  16.2  16.8  -9 -9.0 -9  3  2
202405120900 108  25  1.5  -9 -9.0   -9 1000.9 1011.0  1   0.1  14.5  11.0  80.0  13.1   -9.0   -9.0   -9.0   -9.0   -9.0   -9.0   -9.0 -9 -9 -                        2   2   10 Sc         0   0   5  1147  0.9  1.83 -9  23.0  16.3  16.2  16.1  16.7  -9 -9.0 -9  3  2
202405121000 108  25  2.2  -9 -9.0   -9 1000.8 1010.9 -9  -9.0  16.2  11.5  74.0  13.6   -9.0   -9.0   -9.0   -9.0   -9.0   -9.0   -9.0  6  0 42                       0   0   -9 -         -9  -9  -9  1309  1.0  2.58 -9  28.0  16.9  16.6  16.1  16.6  -9 -9.0 -9  3  1
202405121100 108  32  2.7  -9 -9.0   -9 1000.9 1010.9 -9  -9.0  17.5  11.0  66.0  13.1   -9.0   -9.0   -9.0   -9.0   -9.0   -9.0   -9.0  6  0 42                       1   1   10 Sc         0   0   5  1516  1.0  3.18 -9  31.0  17.9  17.1  16.1  16.5  -9 -9.0 -9  3  1
202405121200 108  29  4.8  -9 -9.0   -9 1000.8 1010.7  7  -0.3  18.9   8.8  52.0  11.3   -9.0   -9.0   -9.0   -9.0   -9.0   -9.0   -9.0  6  0 42                       2   2   10 Sc         0   0   5  1786  1.0  3.42 -9  31.2  18.8  17.8  16.4  16.5  -9 -9.0 -9  3  1
202405121300 108  29  3.6  -9 -9.0   -9  999.9 1009.8 -9  -9.0  20.0   8.0  46.0  10.7   -9.0   -9.0   -9.0   -9.0   -9.0   -9.0   -9.0  6  0 42                       1   0   -9 Ci         1   0   0  1992  1.0  3.68 -9  32.7  19.6  18.4  16.6  16.6  -9 -9.0 -9  3  1
202405121400 108  29  4.1  -9 -9.0   -9  999.7 1009.6 -9  -9.0  20.5   6.0  39.0   9.3   -9.0   -9.0   -9.0   -9.0   -9.0   -9.0   -9.0  6  0 42                       1   0   -9 Ci         1   0   0  1955  1.0  3.51 -9  31.4  20.3  19.0  17.0  16.7  -9 -9.0 -9  3  1
202405121500 108  29  4.2  29 11.0 1412  999.1 1009.0  7  -1.7  21.1   6.9  40.0   9.9   -9.0   -9.0   -9.0   -9.0   -9.0   -9.0   -9.0  6  0 42                       4   0   -9 Ci         1   0   0  2207  1.0  3.10 -9  30.2  20.7  19.5  17.3  16.8  -9 -9.0 -9  3  1
202405121600 108  23  3.6  32 10.0 1502  998.9 1008.8 -9  -9.0  21.4   9.6  47.0  11.9   -9.0   -9.0   -9.0   -9.0   -9.0   -9.0   -9.0  6  0 42                       4   1   10 ScCi       1   0   5  2122  1.0  2.56 -9  29.3  21.0  19.9  17.7  17.0  -9 -9.0 -9  3  1
202405121700 108  25  3.1  -9 -9.0   -9  999.1 1009.0 -9  -9.0  21.2   9.1  46.0  11.6   -9.0   -9.0   -9.0   -9.0   -9.0   -9.0   -9.0  6 22 42                       5   0   -9 Ci         1   0   0  2140  1.0  1.96 -9  25.8  21.1  20.1  18.0  17.2  -9 -9.0 -9  3  1
202405121800 108  20  3.9  32 10.0 1502  999.3 1009.2  3   0.2  20.8   9.9  50.0  12.2   -9.0   -9.0   -9.0   -9.0   -9.0   -9.0   -9.0 -9 -9 42                       4   0   -9 Ci         1   0   0  2659  1.0  1.29 -9  21.0  21.0  20.3  18.3  17.4  -9 -9.0 -9  3  2
202405121900 108  25  2.9  -9 -9.0   -9  999.8 1009.7 -9  -9.0  20.0   8.6  48.0  11.2   -9.0   -9.0   -9.0   -9.0   -9.0   -9.0   -9.0 -9 -9 -                        2   1   -9 -         -9  -9  -9  2907  0.9  0.51 -9  18.1  20.8  20.3  18.6  17.7  -9 -9.0 -9  3 -9
202405122000 108  32  3.8  -9 -9.0   -9 1000.7 1010.6 -9  -9.0  18.7   8.0  50.0  10.7   -9.0   -9.0   -9.0   -9.0   -9.0   -9.0   -9.0 -9 -9 -                        0   0   -9 -         -9  -9  -9  2875  0.0  0.04 -9  15.7  20.4  20.1  18.8  17.9  -9 -9.0 -9  3 -9
202405122100 108  32  4.2  32 10.0 1502 1001.6 1011.6  2   2.4  17.5   7.8  53.0  10.6   -9.0   -9.0   -9.0   -9.0   -9.0   -9.0   -9.0 -9 -9 -                        0   0   -9 -         -9  -9  -9  2695 -9.0 -9.00 -9  14.4  19.8  19.8  18.8  18.1  -9 -9.0 -9  3  2
202405122200 108  29  2.3  -9 -9.0   -9 1002.2 1012.3 -9  -9.0  16.6   7.5  55.0  10.4   -9.0   -9.0   -9.0   -9.0   -9.0   -9.0   -9.0 -9 -9 -                        0   0   -9 -         -9  -9  -9  2790 -9.0 -9.00 -9  13.6  19.3  19.4  18.7  18.2  -9 -9.0 -9  3 -9
202405122300 108  32  3.4  -9 -9.0   -9 1002.6 1012.7 -9  -9.0  16.1   7.0  55.0  10.0   -9.0   -9.0   -9.0   -9.0   -9.0   -9.0   -9.0 -9 -9 -                        0   0   -9 -         -9  -9  -9  2722 -9.0 -9.00 -9  12.9  18.8  19.0  18.6  18.2  -9 -9.0 -9  3 -9
202405130000 108  29  2.0  -9 -9.0   -9 1002.8 1013.0  2   1.4  15.2   7.2  59.0  10.2   -9.0   -9.0   -9.0   -9.0   -9.0   -9.0   -9.0 -9 -9 -                        0   0   -9 -         -9  -9  -9  2820 -9.0 -9.00 -9  12.4  18.4  18.6  18.4  18.2  -9 -9.0 -9  3  2
202405130100 108  29  1.6  -9 -9.0   -9 1002.9 1013.0 -9  -9.0  14.7   7.4  62.0  10.3   -9.0   -9.0   -9.0   -9.0   -9.0   -9.0   -9.0 -9 -9 -                        0   0   -9 -         -9  -9  -9  2879 -9.0 -9.00 -9  12.0  17.9  18.3  17.9  17.9  -9 -9.0 -9  3 -9
202405130200 108  25  1.1  -9 -9.0   -9 1002.9 1013.1 -9  -9.0  13.8   7.3  65.0  10.2   -9.0   -9.0   -9.0   -9.0   -9.0   -9.0   -9.0 -9 -9 -                        1   1   -9 -         -9  -9  -9  2818 -9.0 -9.00 -9  11.5  17.5  17.9  17.7  17.7  -9 -9.0 -9  3 -9
202405130300 108  27  1.0  -9 -9.0   -9 1003.0 1013.2  2   0.2  13.1   7.3  68.0  10.2   -9.0   -9.0   -9.0   -9.0   -9.0   -9.0   -9.0 -9 -9 -                        0   0   -9 -         -9  -9  -9  2885 -9.0 -9.00 -9  11.0  17.2  17.6  17.7  17.9  -9 -9.0 -9  3  2
202405130400 108  27  2.2  -9 -9.0   -9 1003.0 1013.2 -9  -9.0  12.5   7.3  71.0  10.2   -9.0   -9.0   -9.0   -9.0   -9.0   -9.0   -9.0 -9 -9 -                        0   0   -9 -         -9  -9  -9  2670 -9.0 -9.00 -9  10.6  16.8  17.3  17.5  17.8  -9 -9.0 -9  3  2
202405130500 108   0  0.2  -9 -9.0   -9 1003.3 1013.6 -9  -9.0  12.1   7.3  73.0  10.2   -9.0   -9.0   -9.0   -9.0   -9.0   -9.0   -9.0 -9 -9 -                        0   0   -9 -         -9  -9  -9  2609 -9.0 -9.00 -9  10.2  16.5  17.0  17.3  17.7  -9 -9.0 -9  3  2
202405130600 108   2  1.5  -9 -9.0   -9 1003.8 1014.1  2   0.9  12.0   7.8  76.0  10.6   -9.0   -9.0   -9.0   -9.0   -9.0   -9.0   -9.0 -9 -9 -                        0   0   -9 -         -9  -9  -9  2679  0.2  0.03 -9  10.3  16.2  16.7  17.0  17.6  -9 -9.0 -9  3  2
202405130700 108   2  2.0  -9 -9.0   -9 1004.5 1014.8 -9  -9.0  12.4   8.2  76.0  10.9   -9.0   -9.0   -9.0   -9.0   -9.0   -9.0   -9.0 -9 -9 -                        0   0   -9 -         -9  -9  -9  2368  1.0  0.49 -9  13.1  15.9  16.4  16.8  17.4  -9 -9.0 -9  3  2
202405130800 108   7  1.0  -9 -9.0   -9 1004.9 1015.1 -9  -9.0  15.4   9.7  69.0  12.0   -9.0   -9.0   -9.0   -9.0   -9.0   -9.0   -9.0 -9 -9 -                        0   0   -9 -         -9  -9  -9  2054  1.0  1.22 -9  19.2  16.0  16.3  16.7  17.3  -9 -9.0 -9  3  2
202405130900 108  16  0.8  -9 -9.0   -9 1004.9 1014.9  0   0.8  17.7  10.7  64.0  12.9   -9.0   -9.0   -9.0   -9.0   -9.0   -9.0   -9.0 -9 -9 -                        0   0   -9 -         -9  -9  -9  1919  1.0  1.98 -9  24.9  16.5  16.4  16.5  17.1  -9 -9.0 -9  3  2
202405131000 108  27  2.1  -9 -9.0   -9 1005.0 1014.9 -9  -9.0  19.6  10.0  54.0  12.3   -9.0   -9.0   -9.0   -9.0   -9.0   -9.0   -9.0 -9 -9 -                        0   0   -9 -         -9  -9  -9  2515  1.0  2.58 -9  29.1  17.4  16.9  16.5  17.1  -9 -9.0 -9  3  2
202405131100 108  25  2.6  -9 -9.0   -9 1004.9 1014.8 -9  -9.0  21.1   9.0  46.0  11.5   -9.0   -9.0   -9.0   -9.0   -9.0   -9.0   -9.0 -9 -9 -                        0   0   -9 -         -9  -9  -9  3115  1.0  3.21 -9  32.5  18.5  17.5  16.6  17.0  -9 -9.0 -9  3  2
202405131200 108  29  2.8  -9 -9.0   -9 1004.5 1014.4  7  -0.5  22.2   7.1  38.0  10.1   -9.0   -9.0   -9.0   -9.0   -9.0   -9.0   -9.0 -9 -9 -                        0   0   -9 -         -9  -9  -9  3010  1.0  3.56 -9  34.0  19.6  18.3  16.8  16.9  -9 -9.0 -9  3  2
202405131300 108  34  3.3  -9 -9.0   -9 1004.0 1013.8 -9  -9.0  23.1   4.5  30.0   8.4   -9.0   -9.0   -9.0   -9.0   -9.0   -9.0   -9.0 -9 -9 -                        0   0   -9 -         -9  -9  -9  2964  1.0  3.72 -9  34.1  20.6  19.1  17.1  17.0  -9 -9.0 -9  3  2
202405131400 108  32  3.9  -9 -9.0   -9 1003.5 1013.3 -9  -9.0  23.9   5.2  30.0   8.8   -9.0   -9.0   -9.0   -9.0   -9.0   -9.0   -9.0 -9 -9 -                        0   0   -9 -         -9  -9  -9  3461  1.0  3.57 -9  34.5  21.3  19.9  17.5  17.1  -9 -9.0 -9  3  2
202405131500 108  27  3.3  -9 -9.0   -9 1003.1 1012.8  7  -1.6  24.4   7.9  35.0  10.6   -9.0   -9.0   -9.0   -9.0   -9.0   -9.0   -9.0 -9 -9 -                        0   0   -9 -         -9  -9  -9  3063  1.0  3.26 -9  34.6  21.9  20.5  18.0  17.2  -9 -9.0 -9  3  2
202405131600 108  25  3.8  -9 -9.0   -9 1002.8 1012.5 -9  -9.0  24.0   8.4  37.0  11.0   -9.0   -9.0   -9.0   -9.0   -9.0   -9.0   -9.0 -9 -9 -                        0   0   -9 -         -9  -9  -9  2870  1.0  2.68 -9  32.1  22.3  21.0  18.4  17.5  -9 -9.0 -9  3  2
202405131700 108  25  4.8  -9 -9.0   -9 1003.0 1012.8 -9  -9.0  23.3   4.2  29.0   8.2   -9.0   -9.0   -9.0   -9.0   -9.0   -9.0   -9.0 -9 -9 -                        0   0   -9 -         -9  -9  -9  2781  1.0  2.01 -9  27.7  22.4  21.3  18.9  17.7  -9 -9.0 -9  3  2
202405131800 108  29  3.9  -9 -9.0   -9 1003.3 1013.2  3   0.4  22.2   4.7  32.0   8.5   -9.0   -9.0   -9.0   -9.0   -9.0   -9.0   -9.0 -9 -9 -                        0   0   -9 -         -9  -9  -9  3791  1.0  1.28 -9  21.6  22.1  21.4  19.2  18.0  -9 -9.0 -9  3  2
202405131900 108  27  2.3  -9 -9.0   -9 1003.4 1013.3 -9  -9.0  20.7   6.2  39.0   9.5   -9.0   -9.0   -9.0   -9.0   -9.0   -9.0   -9.0 -9 -9 -                        0   0   -9 -         -9  -9  -9  3321  0.9  0.47 -9  19.0  21.7  21.3  19.5  18.3  -9 -9.0 -9  3 -9
202405132000 108  27  2.6  -9 -9.0   -9 1003.7 1013.6 -9  -9.0  19.1   6.5  44.0   9.7   -9.0   -9.0   -9.0   -9.0   -9.0   -9.0   -9.0 -9 -9 -                        3   1   -9 -         -9  -9  -9  3326  0.0  0.03 -9  16.8  21.2  21.0  19.7  18.6  -9 -9.0 -9  3 -9
202405132100 108  25  2.9  -9 -9.0   -9 1004.6 1014.6  2   1.4  18.4   6.5  46.0   9.7   -9.0   -9.0   -9.0   -9.0   -9.0   -9.0   -9.0 -9 -9 -                        0   0   -9 -         -9  -9  -9  3073 -9.0 -9.00 -9  15.5  20.6  20.6  19.7  18.7  -9 -9.0 -9  3  2
202405132200 108  25  2.6  -9 -9.0   -9 1004.9 1014.9 -9  -9.0  17.7   6.2  47.0   9.5   -9.0   -9.0   -9.0   -9.0   -9.0   -9.0   -9.0 -9 -9 -                        0   0   -9 -         -9  -9  -9  2770 -9.0 -9.00 -9  14.6  20.1  20.2  19.6  18.8  -9 -9.0 -9  3 -9
202405132300 108  27  2.2  -9 -9.0   -9 1004.8 1014.9 -9  -9.0  17.0   7.0  52.0  10.0   -9.0   -9.0   -9.0   -9.0   -9.0   -9.0   -9.0 -9 -9 -                        0   0   -9 -         -9  -9  -9  2688 -9.0 -9.00 -9  13.9  19.6  19.9  19.4  18.9  -9 -9.0 -9  3 -9
202405140000 108  29  2.2  -9 -9.0   -9 1005.1 1015.2  2   0.6  16.1   7.3  56.0  10.2   -9.0   -9.0   -9.0   -9.0   -9.0   -9.0   -9.0 -9 -9 -                        0   0   -9 -         -9  -9  -9  2865 -9.0 -9.00 -9  13.2  19.1  19.5  19.2  18.9  -9 -9.0 -9  3  2
202405140100 108  25  0.9  -9 -9.0   -9 1004.9 1015.1 -9  -9.0  15.3   7.3  59.0  10.2   -9.0   -9.0   -9.0   -9.0   -9.0   -9.0   -9.0 -9 -9 -                        0   0   -9 -         -9  -9  -9  2770 -9.0 -9.00 -9  12.6  18.7  19.1  19.0  18.8  -9 -9.0 -9  3 -9
202405140200 108   0  0.1  -9 -9.0   -9 1004.7 1014.9 -9  -9.0  14.6   7.8  64.0  10.6   -9.0   -9.0   -9.0   -9.0   -9.0   -9.0   -9.0 -9 -9 -                        0   0   -9 -         -9  -9  -9  2429 -9.0 -9.00 -9  12.1  18.3  18.7  18.8  18.7  -9 -9.0 -9  3 -9
202405140300 108  29  1.4  -9 -9.0   -9 1004.8 1015.0  5  -0.2  14.2   7.9  66.0  10.6   -9.0   -9.0   -9.0   -9.0   -9.0   -9.0   -9.0 -9 -9 -                        0   0   -9 -         -9  -9  -9  2301 -9.0 -9.00 -9  11.8  17.9  18.4  18.5  18.6  -9 -9.0 -9  3  2
202405140400 108   0  0.1  -9 -9.0   -9 1004.9 1015.1 -9  -9.0  13.7   8.5  71.0  11.1   -9.0   -9.0   -9.0   -9.0   -9.0   -9.0   -9.0 -9 -9 -                        0   0   -9 -         -9  -9  -9  2229 -9.0 -9.00 -9  11.3  17.5  18.0  18.3  18.5  -9 -9.0 -9  3  2
202405140500 108   2  1.5  -9 -9.0   -9 1005.0 1015.2 -9  -9.0  13.2   7.8  70.0  10.6   -9.0   -9.0   -9.0   -9.0   -9.0   -9.0   -9.0 -9 -9 -                        0   0   -9 -         -9  -9  -9  2280 -9.0 -9.00 -9  11.0  17.2  17.7  18.0  18.4  -9 -9.0 -9  3  2
202405140600 108   2  1.7  -9 -9.0   -9 1005.6 1015.9  2   0.9  12.7   7.1  69.0  10.1   -9.0   -9.0   -9.0   -9.0   -9.0   -9.0   -9.0 -9 -9 -                        0   0   -9 -         -9  -9  -9  2404  0.0  0.03 -9  11.1  16.9  17.4  17.8  18.2  -9 -9.0 -9  3  2
202405140700 108   2  1.2  -9 -9.0   -9 1006.3 1016.5 -9  -9.0  13.5   8.1  70.0  10.8   -9.0   -9.0   -9.0   -9.0   -9.0   -9.0   -9.0 -9 -9 -                        0   0   -9 -         -9  -9  -9  2402  1.0  0.44 -9  14.0  16.6  17.1  17.4  17.9  -9 -9.0 -9  3  2
202405140800 108   5  1.5  -9 -9.0   -9 1006.4 1016.5 -9  -9.0  16.3   9.4  64.0  11.8   -9.0   -9.0   -9.0   -9.0   -9.0   -9.0   -9.0 -9 -9 -                        0   0   -9 -         -9  -9  -9  2025  1.0  1.18 -9  19.5  16.7  17.0  17.2  17.8  -9 -9.0 -9  3  2
202405140900 108  18  1.7  -9 -9.0   -9 1006.3 1016.3  0   0.4  18.7   8.0  50.0  10.7   -9.0   -9.0   -9.0   -9.0   -9.0   -9.0   -9.0 -9 -9 -                        1   0   -9 Ci         1   0   0  2316  1.0  1.95 -9  25.3  17.1  17.1  17.1  17.7  -9 -9.0 -9  3  2
202405141000 108  20  2.1  -9 -9.0   -9 1006.3 1016.3 -9  -9.0  20.3   7.2  43.0  10.2   -9.0   -9.0   -9.0   -9.0   -9.0   -9.0   -9.0 -9 -9 -                        1   0   -9 Ci         1   0   0  2754  1.0  2.57 -9  29.6  18.0  17.6  17.1  17.6  -9 -9.0 -9  3  2
202405141100 108  20  3.7  -9 -9.0   -9 1006.3 1016.2 -9  -9.0  21.9   6.5  37.0   9.7   -9.0   -9.0   -9.0   -9.0   -9.0   -9.0   -9.0 -9 -9 -                        0   0   -9 -         -9  -9  -9  2622  1.0  3.19 -9  32.7  19.1  18.2  17.1  17.5  -9 -9.0 -9  3  2
202405141200 108  23  4.8  -9 -9.0   -9 1006.0 1015.8  7  -0.5  23.2   5.1  31.0   8.8   -9.0   -9.0   -9.0   -9.0   -9.0   -9.0   -9.0 -9 -9 -                        0   0   -9 -         -9  -9  -9  2884  1.0  3.54 -9  35.7  20.2  19.0  17.3  17.4  -9 -9.0 -9  3  2
202405141300 108  20  3.8  -9 -9.0   -9 1005.8 1015.6 -9  -9.0  23.6   5.4  31.0   9.0   -9.0   -9.0   -9.0   -9.0   -9.0   -9.0   -9.0 -9 -9 -                        0   0   -9 -         -9  -9  -9  3601  1.0  3.70 -9  37.9  21.3  19.9  17.7  17.5  -9 -9.0 -9  3  2
202405141400 108  25  3.3  -9 -9.0   -9 1005.1 1014.9 -9  -9.0  24.3   5.6  30.0   9.1   -9.0   -9.0   -9.0   -9.0   -9.0   -9.0   -9.0 -9 -9 -                        0   0   -9 -         -9  -9  -9  3229  1.0  3.58 -9  38.6  22.2  20.7  18.1  17.6  -9 -9.0 -9  3  2
202405141500 108  25  4.0  -9 -9.0   -9 1004.7 1014.4  7  -1.4  24.4   4.1  27.0   8.2   -9.0   -9.0   -9.0   -9.0   -9.0   -9.0   -9.0 -9 -9 -                        0   0   -9 -         -9  -9  -9  3804  1.0  3.25 -9  37.6  22.8  21.4  18.6  17.7  -9 -9.0 -9  3  2
202405141600 108  27  4.2  -9 -9.0   -9 1004.3 1014.1 -9  -9.0  24.0   3.2  26.0   7.7   -9.0   -9.0   -9.0   -9.0   -9.0   -9.0   -9.0 -9 -9 -                        0   0   -9 -         -9  -9  -9  3846  1.0  2.73 -9  35.0  23.0  21.9  19.1  18.0  -9 -9.0 -9  3  2
202405141700 108  23  3.9  -9 -9.0   -9 1004.2 1014.0 -9  -9.0  23.7   2.4  25.0   7.3   -9.0   -9.0   -9.0   -9.0   -9.0   -9.0   -9.0 -9 -9 -                        0   0   -9 -         -9  -9  -9  3697  1.0  2.05 -9  30.4  23.0  22.1  19.5  18.3  -9 -9.0 -9  3  2
202405141800 108  23  3.5  -9 -9.0   -9 1004.1 1013.9  7  -0.5  22.7   2.7  27.0   7.4   -9.0   -9.0   -9.0   -9.0   -9.0   -9.0   -9.0 -9 -9 -                        0   0   -9 -         -9  -9  -9  3303  1.0  1.29 -9  23.8  22.8  22.2  19.9  18.6  -9 -9.0 -9  3  2
202405141900 108  27  3.7  -9 -9.0   -9 1004.4 1014.3 -9  -9.0  20.9   3.1  31.0   7.6   -9.0   -9.0   -9.0   -9.0   -9.0   -9.0   -9.0 -9 -9 -                        0   0   -9 -         -9  -9  -9  3454  1.0  0.48 -9  20.1  22.4  22.1  20.2  18.9  -9 -9.0 -9  3 -9
202405142000 108  27  2.9  -9 -9.0   -9 1004.9 1014.8 -9  -9.0  19.1   2.8  34.0   7.5   -9.0   -9.0   -9.0   -9.0   -9.0   -9.0   -9.0 -9 -9 -                        0   0   -9 -         -9  -9  -9  3269  0.0  0.04 -9  17.5  21.8  21.8  20.4  19.2  -9 -9.0 -9  3 -9
202405142100 108  27  2.9  -9 -9.0   -9 1005.3 1015.3  2   1.4  18.2   2.4  35.0   7.3   -9.0   -9.0   -9.0   -9.0   -9.0   -9.0   -9.0 -9 -9 -                        0   0   -9 -         -9  -9  -9  3309 -9.0 -9.00 -9  16.0  21.2  21.4  20.4  19.3  -9 -9.0 -9  3  2
202405142200 108  27  1.6  -9 -9.0   -9 1005.7 1015.8 -9  -9.0  17.4   3.2  39.0   7.7   -9.0   -9.0   -9.0   -9.0   -9.0   -9.0   -9.0 -9 -9 -                        0   0   -9 -         -9  -9  -9  2885 -9.0 -9.00 -9  15.1  20.6  20.9  20.2  19.4  -9 -9.0 -9  3 -9
202405142300 108  23  1.6  -9 -9.0   -9 1005.5 1015.6 -9  -9.0  16.8   3.1  40.0   7.6   -9.0   -9.0   -9.0   -9.0   -9.0   -9.0   -9.0 -9 -9 -                        0   0   -9 -         -9  -9  -9  2951 -9.0 -9.00 -9  14.2  20.1  20.5  20.0  19.4  -9 -9.0 -9  3 -9
202405150000 108  27  2.3  -9 -9.0   -9 1005.6 1015.7  0   0.4  16.3   3.0  41.0   7.6   -9.0   -9.0   -9.0   -9.0   -9.0   -9.0   -9.0 -9 -9 -                        0   0   -9 -         -9  -9  -9  3321 -9.0 -9.00 -9  13.5  19.6  20.1  19.8  19.4  -9 -9.0 -9  3  2
202405150100 108  23  1.4  -9 -9.0   -9 1005.1 1015.2 -9  -9.0  15.7   3.4  44.0   7.8   -9.0   -9.0   -9.0   -9.0   -9.0   -9.0   -9.0 -9 -9 -                        0   0   -9 -         -9  -9  -9  3331 -9.0 -9.00 -9  13.0  19.2  19.7  19.5  19.3  -9 -9.0 -9  3 -9
202405150200 108  25  1.0  -9 -9.0   -9 1004.7 1014.9 -9  -9.0  15.0   4.0  48.0   8.1   -9.0   -9.0   -9.0   -9.0   -9.0   -9.0   -9.0 -9 -9 -                        0   0   -9 -         -9  -9  -9  2987 -9.0 -9.00 -9  12.6  18.7  19.3  19.3  19.2  -9 -9.0 -9  3 -9
202405150300 108  27  0.9  -9 -9.0   -9 1004.5 1014.6  7  -1.1  14.7   5.2  53.0   8.8   -9.0   -9.0   -9.0   -9.0   -9.0   -9.0   -9.0 -9 -9 -                        0   0   -9 -         -9  -9  -9  2963 -9.0 -9.00 -9  12.4  18.4  18.9  19.0  19.1  -9 -9.0 -9  3  2
202405150400 108  23  0.6  -9 -9.0   -9 1004.1 1014.3 -9  -9.0  14.3   5.6  56.0   9.1   -9.0   -9.0   -9.0   -9.0   -9.0   -9.0   -9.0 -9 -9 -                        0   0   -9 -         -9  -9  -9  3056 -9.0 -9.00 -9  12.2  18.0  18.6  18.8  18.9  -9 -9.0 -9  3  2
202405150500 108   9  0.7  -9 -9.0   -9 1003.7 1013.9 -9  -9.0  13.9   5.7  58.0   9.2   -9.0   -9.0   -9.0   -9.0   -9.0   -9.0   -9.0 -9 -9 -                        0   0   -9 -         -9  -9  -9  3123 -9.0 -9.00 -9  12.1  17.7  18.3  18.5  18.8  -9 -9.0 -9  3  2
202405150600 108  27  1.0  -9 -9.0   -9 1004.4 1014.6  4   0.0  13.8   5.9  59.0   9.3   -9.0   -9.0   -9.0   -9.0   -9.0   -9.0   -9.0 -9 -9 -                        0   0   -9 -         -9  -9  -9  3310  0.0  0.03 -9  12.4  17.5  18.0  18.3  18.6  -9 -9.0 -9  3  2
202405150700 108   7  0.5  -9 -9.0   -9 1004.2 1014.4 -9  -9.0  14.5   6.3  58.0   9.5   -9.0   -9.0   -9.0   -9.0   -9.0   -9.0   -9.0 -9 -9 -                        1   1   30 Ac         0   3   0  2913  0.3  0.35 -9  14.5  17.3  17.8  18.0  18.5  -9 -9.0 -9  3  2
202405150800 108  23  1.8  -9 -9.0   -9 1004.0 1014.1 -9  -9.0  16.3   7.4  56.0  10.3   -9.0   -9.0   -9.0   -9.0   -9.0   -9.0   -9.0 -9 -9 -                        0   0   -9 -         -9  -9  -9  2522  1.0  0.94 -9  19.1  17.3  17.7  17.9  18.4  -9 -9.0 -9  3  2
202405150900 108  29  3.1  -9 -9.0   -9 1003.7 1013.7  7  -0.9  17.6   8.9  57.0  11.4   -9.0   -9.0   -9.0   -9.0   -9.0   -9.0   -9.0 -9 -9 -                        2   2   10 Sc         0   0   5  2474  1.0  1.72 -9  23.6  17.8  17.8  17.7  18.2  -9 -9.0 -9  3  2
202405151000 108  29  2.8  -9 -9.0   -9 1003.4 1013.4 -9  -9.0  18.7  10.7  60.0  12.9   -9.0   -9.0   -9.0   -9.0   -9.0   -9.0   -9.0 -9 -9 -                        7   7   10 Sc         0   0   5  1996  0.7  2.26 -9  29.0  18.4  18.1  17.7  18.1  -9 -9.0 -9  3  2
202405151100 108  29  3.7  -9 -9.0   -9 1003.4 1013.4 -9  -9.0  17.6  11.1  66.0  13.2   -9.0   -9.0   -9.0   -9.0   -9.0   -9.0   -9.0 -9 -9 -                        9   9   10 Sc         0   0   5  1357  0.1  1.52 -9  23.2  19.0  18.5  17.7  18.0  -9 -9.0 -9  3  2
202405151200 108  32  3.6  -9 -9.0   -9 1002.7 1012.8  7  -0.9  16.1   9.7  66.0  12.0   -9.0   -9.0   -9.0   -9.0   -9.0   -9.0   -9.0 -9 -9 -                       10   8    7 ScAs      -9   2   5  2246  0.0  0.55 -9  19.6  19.2  18.8  17.8  18.0  -9 -9.0 -9  3  2
202405151300 108  29  4.2  -9 -9.0   -9 1002.1 1012.3 -9  -9.0  14.1   9.1  72.0  11.6   -9.0   -9.0   -9.0   -9.0   -9.0   -9.0   -9.0 -9 -9 -                       10   8    8 ScAs      -9   2   5  3325  0.0  0.21 -9  16.8  19.0  18.8  18.0  18.0  -9 -9.0 -9  3  2
202405151400 108  32  4.6  27 10.0 1339 1001.6 1011.8 -9  -9.0  12.3  10.0  86.0  12.3    0.0    0.0    0.0   -9.0   -9.0   -9.0   -9.0 61 62 1901                    10   8    6 StNs      -9   2   7   953  0.0  0.09 -9  14.7  18.7  18.7  18.0  18.0  -9 -9.0 -9  4  1
202405151500 108  27  2.8  27 10.0 1339 1001.2 1011.5  7  -1.3  11.8  10.2  90.0  12.4    3.0    3.0    3.0   -9.0   -9.0   -9.0   -9.0 63 66 1901                    10   9    6 StNs      -9   2   7   882  0.0  0.15 -9  14.2  18.3  18.4  17.9  18.0  -9 -9.0 -9  4  1
202405151600 108  29  3.6  -9 -9.0   -9 1000.7 1011.0 -9  -9.0  11.6  10.1  91.0  12.4    3.1    6.1    6.1   -9.0   -9.0   -9.0   -9.0 63 66 1901                    10   8    6 StNs      -9   2   7   855  0.0  0.24 -9  14.0  17.8  18.1  17.9  18.0  -9 -9.0 -9  4  1
202405151700 108  29  2.2  -9 -9.0   -9 1000.2 1010.5 -9  -9.0  11.4  10.3  93.0  12.5    3.4    9.5    9.5   -9.0   -9.0   -9.0   -9.0 63 66 1901                    10   9    5 StNs      -9   2   7   791  0.0  0.13 -9  13.5  17.4  17.7  17.7  18.0  -9 -9.0 -9  4  1
202405151800 108  32  3.9  -9 -9.0   -9  999.8 1010.1  7  -1.4  11.1   9.5  90.0  11.9    2.4   11.9   11.9   -9.0   -9.0   -9.0   -9.0 61 66 1901                    10   9    5 StNs      -9   2   7  1694  0.0  0.11 -9  12.8  17.0  17.4  17.5  17.8  -9 -9.0 -9  4  1
202405151900 108  27  1.8  -9 -9.0   -9 1000.2 1010.5 -9  -9.0  10.4   8.6  89.0  11.2    1.1   13.0   13.0   -9.0   -9.0   -9.0   -9.0 61 66 01                      10   9    5 StNs      -9   2   7  1894  0.0  0.06 -9  12.4  16.7  17.1  17.4  17.8  -9 -9.0 -9  4  1
202405152000 108  32  4.5  -9 -9.0   -9 1001.1 1011.4 -9  -9.0   9.1   7.5  90.0  10.4    2.0   15.0   15.0   -9.0   -9.0   -9.0   -9.0 61 66 01                      10   9    5 StNs      -9   2   7  1044  0.0  0.00 -9  10.9  16.3  16.8  17.2  17.7  -9 -9.0 -9  4  1
202405152100 108  32  5.6  -9 -9.0   -9 1001.9 1012.3  2   2.2   7.8   6.2  90.0   9.5    2.6   17.6   17.6   -9.0   -9.0   -9.0   -9.0 61 66 01                      10   9    5 StNs      -9   2   7  1489 -9.0 -9.00 -9   9.4  15.9  16.4  16.6  17.3  -9 -9.0 -9  1  1
202405152200 108  34  3.6  34 12.0 2121 1002.5 1012.9 -9  -9.0   7.3   5.6  89.0   9.1    1.0   18.6   18.6   -9.0   -9.0   -9.0   -9.0 61 66 01                      10   9    6 StNs      -9   2   7  1997 -9.0 -9.00 -9   9.2  15.3  16.0  16.5  17.4  -9 -9.0 -9  4  1
202405152300 108  36  1.9  -9 -9.0   -9 1001.8 1012.2 -9  -9.0   7.6   5.8  89.0   9.2    1.0   19.6   19.6   -9.0   -9.0   -9.0   -9.0 61 66 01                      10   9    6 StNs      -9   2   7   958 -9.0 -9.00 -9   9.3  15.0  15.6  16.3  17.2  -9 -9.0 -9  4  1
202405160000 108   5  2.0  34 12.0 2121 1001.3 1011.7  8  -0.6   7.7   5.9  89.0   9.3    1.0   20.6   20.6   -9.0   -9.0   -9.0   -9.0 61 66 01                      10   9    8 StNs      -9   2   7  2788 -9.0 -9.00 -9   9.5  14.7  15.3  16.0  17.1  -9 -9.0 -9  4  1
202405160100 108  29  3.4  -9 -9.0   -9 1001.0 1011.4 -9  -9.0   7.5   6.2  92.0   9.5    0.1    0.1    0.1   -9.0   -9.0   -9.0   -9.0 61 66 01                      10   8    8 StNs      -9   2   7  3569 -9.0 -9.00 -9   9.2  14.5  15.1  15.8  16.9  -9 -9.0 -9  4  1
202405160200 108  32  2.0  -9 -9.0   -9 1000.8 1011.2 -9  -9.0   7.3   5.6  89.0   9.1    0.0    0.1    0.1   -9.0   -9.0   -9.0   -9.0 21 62 01                       9   2   12 ScAs       0   2   5  4524 -9.0 -9.00 -9   9.2  14.4  14.9  15.6  16.7  -9 -9.0 -9  4  1
202405160300 108  20  2.2  34 12.0 2121 1000.7 1011.1  7  -0.6   7.4   5.6  89.0   9.1   -9.0    0.1    0.1   -9.0   -9.0   -9.0   -9.0 -9 62 -                        8   5   14 ScAs       0   2   5  4345 -9.0 -9.00 -9   9.5  14.2  14.7  15.4  16.6  -9 -9.0 -9  3  1
202405160400 108  29  3.3  -9 -9.0   -9 1000.6 1011.0 -9  -9.0   7.3   6.0  92.0   9.3   -9.0    0.1    0.1   -9.0   -9.0   -9.0   -9.0 -9 -9 -                        7   7   18 Sc         0   0   5  4096 -9.0 -9.00 -9   8.7  14.1  14.6  15.2  16.4  -9 -9.0 -9  3  2
202405160500 108  32  2.7  -9 -9.0   -9 1000.4 1010.8 -9  -9.0   7.2   5.9  92.0   9.3   -9.0    0.1    0.1   -9.0   -9.0   -9.0   -9.0 -9 -9 -                        2   2   18 Sc         0   0   5  3982 -9.0 -9.00 -9   7.9  14.0  14.5  15.1  16.3  -9 -9.0 -9  3  2
202405160600 108  29  2.5  -9 -9.0   -9 1000.6 1011.0  5  -0.1   6.9   5.6  92.0   9.1   -9.0    0.1    0.1   -9.0   -9.0   -9.0   -9.0 -9 -9 -                        1   0   -9 Ci         1   0   0  3906  0.1  0.03 -9   7.5  13.8  14.3  15.0  16.2  -9 -9.0 -9  3  2
202405160700 108  29  2.9  -9 -9.0   -9 1000.7 1011.1 -9  -9.0   7.7   5.4  86.0   9.0   -9.0    0.1    0.1   -9.0   -9.0   -9.0   -9.0 -9 -9 -                        1   0   -9 Ci         1   0   0  3594  1.0  0.53 -9   9.8  13.6  14.1  14.9  16.1  -9 -9.0 -9  3  2
202405160800 108  29  3.5  -9 -9.0   -9 1000.6 1010.9 -9  -9.0   9.5   5.8  78.0   9.2   -9.0    0.1    0.1   -9.0   -9.0   -9.0   -9.0 -9 -9 -                        0   0   -9 -         -9  -9  -9  1793  1.0  1.36 -9  15.7  13.6  14.0  14.8  16.0  -9 -9.0 -9  3  2
202405160900 108  29  2.3  -9 -9.0   -9 1000.5 1010.8  8  -0.2  11.6   6.3  70.0   9.5   -9.0    0.1    0.1   -9.0   -9.0   -9.0   -9.0 -9 -9 -                        0   0   -9 -         -9  -9  -9  2689  1.0  2.13 -9  21.7  14.0  14.1  14.6  15.8  -9 -9.0 -9  3  2
202405161000 108  27  2.6  -9 -9.0   -9 1000.4 1010.6 -9  -9.0  13.5   7.2  66.0  10.2   -9.0    0.1    0.1   -9.0   -9.0   -9.0   -9.0 -9 -9 -                        0   0   -9 -         -9  -9  -9  3268  1.0  2.76 -9  24.6  14.7  14.4  14.5  15.7  -9 -9.0 -9  3  2
202405161100 108  29  3.2  -9 -9.0   -9  999.8 1009.9 -9  -9.0  15.5   5.1  50.0   8.8   -9.0    0.1    0.1   -9.0   -9.0   -9.0   -9.0 -9 -9 -                        0   0   -9 -         -9  -9  -9  3835  1.0  3.33 -9  27.9  15.7  14.9  14.4  15.5  -9 -9.0 -9  3  2
202405161200 108  27  3.6  -9 -9.0   -9  999.0 1009.0  7  -1.8  17.0   4.9  45.0   8.7   -9.0    0.1    0.1   -9.0   -9.0   -9.0   -9.0 -9 -9 -                        0   0   -9 -         -9  -9  -9  4003  1.0  3.66 -9  29.7  16.9  15.7  14.7  15.4  -9 -9.0 -9  3  2
202405161300 108  25  3.7  -9 -9.0   -9  998.1 1008.0 -9  -9.0  18.2   4.3  40.0   8.3   -9.0    0.1    0.1   -9.0   -9.0   -9.0   -9.0 -9 -9 -                        0   0   -9 -         -9  -9  -9  3801  1.0  3.81 -9  30.4  17.9  16.6  15.0  15.5  -9 -9.0 -9  3  2
202405161400 108  25  4.3  -9 -9.0   -9  997.8 1007.7 -9  -9.0  18.6   4.7  40.0   8.5   -9.0    0.1    0.1   -9.0   -9.0   -9.0   -9.0 -9 -9 -                        0   0   -9 -         -9  -9  -9  3616  1.0  3.64 -9  30.6  18.9  17.5  15.4  15.5  -9 -9.0 -9  3  2
202405161500 108  27  5.0  -9 -9.0   -9  997.7 1007.6  7  -1.4  19.1   4.0  37.0   8.1   -9.0    0.1    0.1   -9.0   -9.0   -9.0   -9.0 -9 -9 -                        0   0   -9 -         -9  -9  -9  3177  1.0  3.34 -9  29.8  19.7  18.3  16.0  15.8  -9 -9.0 -9  3  2
202405161600 108  23  4.0  -9 -9.0   -9  997.4 1007.3 -9  -9.0  19.5   4.0  36.0   8.1   -9.0    0.1    0.1   -9.0   -9.0   -9.0   -9.0 -9 -9 -                        0   0   -9 -         -9  -9  -9  3809  1.0  2.78 -9  28.2  20.3  18.9  16.6  16.1  -9 -9.0 -9  3  2
202405161700 108  20  4.4  -9 -9.0   -9  997.6 1007.5 -9  -9.0  19.0   2.3  33.0   7.2   -9.0    0.1    0.1   -9.0   -9.0   -9.0   -9.0 -9 -9 -                        0   0   -9 -         -9  -9  -9  3705  1.0  2.10 -9  24.4  20.5  19.3  17.0  16.3  -9 -9.0 -9  3  2
202405161800 108  23  2.4  -9 -9.0   -9  997.9 1007.8  3   0.2  18.8   2.1  33.0   7.1   -9.0    0.1    0.1   -9.0   -9.0   -9.0   -9.0 -9 -9 -                        0   0   -9 -         -9  -9  -9  3689  1.0  1.32 -9  19.4  20.4  19.5  17.3  16.5  -9 -9.0 -9  3  2
202405161900 108  23  2.5  -9 -9.0   -9  998.5 1008.5 -9  -9.0  17.4   1.7  35.0   6.9   -9.0    0.1    0.1   -9.0   -9.0   -9.0   -9.0 -9 -9 -                        0   0   -9 -         -9  -9  -9  3806  1.0  0.52 -9  16.5  20.0  19.5  17.8  16.9  -9 -9.0 -9  3 -9
202405162000 108  25  2.7  -9 -9.0   -9  999.2 1009.3 -9  -9.0  15.9   2.9  42.0   7.5   -9.0    0.1    0.1   -9.0   -9.0   -9.0   -9.0 -9 -9 -                        0   0   -9 -         -9  -9  -9  3427  0.0  0.04 -9  14.5  19.4  19.2  17.8  16.9  -9 -9.0 -9  3 -9
202405162100 108  25  2.3  -9 -9.0   -9  999.8 1009.9  2   2.1  15.0   6.0  55.0   9.3   -9.0    0.1    0.1   -9.0   -9.0   -9.0   -9.0 -9 -9 -                        3   0   -9 Ci         1   0   0  2230 -9.0 -9.00 -9  13.5  18.7  18.8  17.8  17.1  -9 -9.0 -9  3  2
202405162200 108  25  2.4  -9 -9.0   -9 1000.5 1010.6 -9  -9.0  14.4   5.7  56.0   9.2   -9.0    0.1    0.1   -9.0   -9.0   -9.0   -9.0 -9 -9 -                        0   0   -9 -         -9  -9  -9  1902 -9.0 -9.00 -9  12.7  18.1  18.3  17.7  17.3  -9 -9.0 -9  3 -9
202405162300 108  23  2.7  -9 -9.0   -9 1000.5 1010.6 -9  -9.0  14.0   6.8  62.0   9.9   -9.0    0.1    0.1   -9.0   -9.0   -9.0   -9.0 -9 -9 -                        0   0   -9 -         -9  -9  -9  1886 -9.0 -9.00 -9  12.1  17.6  17.9  17.6  17.3  -9 -9.0 -9  3 -9
202405170000 108  23  1.8  -9 -9.0   -9 1000.9 1011.1  2   1.2  13.4   7.8  69.0  10.6   -9.0    0.1    0.1   -9.0   -9.0   -9.0   -9.0 -9 -9 -                        0   0   -9 -         -9  -9  -9  1490 -9.0 -9.00 -9  11.8  17.1  17.5  17.4  17.3  -9 -9.0 -9  3  2
202405170100 108  25  1.5  -9 -9.0   -9 1001.3 1011.5 -9  -9.0  12.9   8.7  76.0  11.2   -9.0   -9.0   -9.0   -9.0   -9.0   -9.0   -9.0 -9 -9 -                        0   0   -9 -         -9  -9  -9  1135 -9.0 -9.00 -9  11.4  16.7  17.2  17.2  17.3  -9 -9.0 -9  3 -9
202405170200 108  25  0.6  -9 -9.0   -9 1001.5 1011.7 -9  -9.0  12.4   8.6  78.0  11.2   -9.0   -9.0   -9.0   -9.0   -9.0   -9.0   -9.0 -9 -9 -                        0   0   -9 -         -9  -9  -9  1022 -9.0 -9.00 -9  11.0  16.4  16.9  17.0  17.2  -9 -9.0 -9  3 -9
202405170300 108  11  0.8  -9 -9.0   -9 1001.8 1012.1  2   1.0  12.0   8.6  80.0  11.2   -9.0   -9.0   -9.0   -9.0   -9.0   -9.0   -9.0 -9 -9 -                        0   0   -9 -         -9  -9  -9  1064 -9.0 -9.00 -9  10.6  16.0  16.6  16.8  17.1  -9 -9.0 -9  3  2
202405170400 108   2  1.1  -9 -9.0   -9 1002.1 1012.4 -9  -9.0  11.4   8.7  84.0  11.2   -9.0   -9.0   -9.0   -9.0   -9.0   -9.0   -9.0 10  0 19                       0   0   -9 -         -9  -9  -9   818 -9.0 -9.00 -9  10.3  15.7  16.3  16.5  17.0  -9 -9.0 -9  3  1
202405170500 108   5  1.5  -9 -9.0   -9 1002.4 1012.7 -9  -9.0  11.1   8.8  86.0  11.3   -9.0   -9.0   -9.0   -9.0   -9.0   -9.0   -9.0 10  0 19                       0   0   -9 -         -9  -9  -9   654 -9.0 -9.00 -9  10.3  15.5  16.0  16.3  16.9  -9 -9.0 -9  3  1
202405170600 108   5  1.7  -9 -9.0   -9 1003.0 1013.3  2   1.2  11.1   9.3  89.0  11.7   -9.0   -9.0   -9.0   -9.0   -9.0   -9.0   -9.0 10  0 19                       8   6    8 ScCi       1   0   5   594  0.0  0.04 -9  11.3  15.2  15.8  16.1  16.8  -9 -9.0 -9  3  1
202405170700 108   5  2.3  -9 -9.0   -9 1003.5 1013.7 -9  -9.0  12.5  10.3  87.0  12.5   -9.0   -9.0   -9.0   -9.0   -9.0   -9.0   -9.0 10 22 19                       6   0   -9 Ci         1   0   0   730  0.2  0.39 -9  13.4  15.1  15.6  15.8  16.6  -9 -9.0 -9  3  1
202405170800 108   5  2.3  -9 -9.0   -9 1003.8 1013.9 -9  -9.0  14.6  10.7  78.0  12.9   -9.0   -9.0   -9.0   -9.0   -9.0   -9.0   -9.0 10  0 19                       4   0   -9 Ci         1   0   0   945  1.0  1.04 -9  17.4  15.2  15.6  15.9  16.7  -9 -9.0 -9  3  1
202405170900 108   9  1.6  -9 -9.0   -9 1004.0 1014.1  2   0.8  16.8  11.7  72.0  13.7   -9.0   -9.0   -9.0   -9.0   -9.0   -9.0   -9.0 -9 -9 19                       8   0   -9 Ci         2   0   0  1161  1.0  1.80 -9  22.2  15.7  15.7  15.7  16.5  -9 -9.0 -9  3  2
202405171000 108  20  2.8  -9 -9.0   -9 1004.0 1014.0 -9  -9.0  18.2  11.2  64.0  13.3   -9.0   -9.0   -9.0   -9.0   -9.0   -9.0   -9.0 -9 -9 -                        7   0   -9 Ci         1   0   0  1792  0.6  1.67 -9  23.7  16.4  16.1  15.7  16.3  -9 -9.0 -9  3  2
202405171100 108  20  2.5  -9 -9.0   -9 1004.0 1014.0 -9  -9.0  20.0  11.4  58.0  13.5   -9.0   -9.0   -9.0   -9.0   -9.0   -9.0   -9.0 -9 -9 -                        7   0   -9 Ci         1   0   0  1971  1.0  2.87 -9  28.3  17.4  16.7  15.7  16.2  -9 -9.0 -9  3  2
202405171200 108  27  1.6  -9 -9.0   -9 1003.6 1013.5  7  -0.6  21.7  12.2  55.0  14.2   -9.0   -9.0   -9.0   -9.0   -9.0   -9.0   -9.0 -9 -9 -                        6   0   -9 Ci         1   0   0  1685  1.0  2.90 -9  32.2  18.5  17.5  15.8  16.1  -9 -9.0 -9  3  2
202405171300 108  20  2.7  -9 -9.0   -9 1003.1 1012.9 -9  -9.0  23.7  11.7  47.0  13.7   -9.0   -9.0   -9.0   -9.0   -9.0   -9.0   -9.0 -9 -9 -                        4   0   -9 Ci         1   0   0  1855  1.0  3.31 -9  33.3  19.7  18.5  16.4  16.3  -9 -9.0 -9  3  2
202405171400 108  25  2.9  -9 -9.0   -9 1002.9 1012.6 -9  -9.0  24.4  12.0  46.0  14.0   -9.0   -9.0   -9.0   -9.0   -9.0   -9.0   -9.0 -9 -9 -                        8   0   -9 Ci         1   0   0  2037  1.0  2.98 -9  32.0  20.8  19.4  16.9  16.5  -9 -9.0 -9  3  2
202405171500 108  25  3.4  -9 -9.0   -9 1002.9 1012.6  6  -0.9  24.2  12.1  47.0  14.1   -9.0   -9.0   -9.0   -9.0   -9.0   -9.0   -9.0 -9 -9 -                        8   0   -9 Ci         2   0   0  2484  0.8  2.55 -9  28.4  21.6  20.2  17.3  16.5  -9 -9.0 -9  3  2
202405171600 108  25  3.9  -9 -9.0   -9 1003.0 1012.8 -9  -9.0  23.4  13.2  53.0  15.2   -9.0   -9.0   -9.0   -9.0   -9.0   -9.0   -9.0 -9 -9 -                        8   0   -9 Ci         1   0   0  2441  0.4  1.40 -9  27.8  21.8  20.7  17.8  16.8  -9 -9.0 -9  3  2
202405171700 108  20  3.5  -9 -9.0   -9 1002.8 1012.6 -9  -9.0  23.9  10.8  44.0  12.9   -9.0   -9.0   -9.0   -9.0   -9.0   -9.0   -9.0 -9 -9 -                        3   0   -9 Ci         1   0   0  2506  1.0  1.84 -9  26.5  21.9  20.9  18.2  17.1  -9 -9.0 -9  3  2
202405171800 108  23  2.5  -9 -9.0   -9 1003.0 1012.8  1   0.2  23.3  10.6  45.0  12.8   -9.0   -9.0   -9.0   -9.0   -9.0   -9.0   -9.0 -9 -9 -                        0   0   -9 -         -9  -9  -9  2642  1.0  1.10 -9  22.6  21.9  21.1  18.6  17.3  -9 -9.0 -9  3  2
202405171900 108  23  2.0  -9 -9.0   -9 1003.5 1013.3 -9  -9.0  22.3  12.2  53.0  14.2   -9.0   -9.0   -9.0   -9.0   -9.0   -9.0   -9.0 -9 -9 -                        0   0   -9 -         -9  -9  -9  2521  0.8  0.46 -9  20.3  21.6  21.0  18.9  17.7  -9 -9.0 -9  3 -9
202405172000 108  23  2.6  -9 -9.0   -9 1004.1 1014.0 -9  -9.0  20.7  11.5  56.0  13.6   -9.0   -9.0   -9.0   -9.0   -9.0   -9.0   -9.0 -9 -9 -                        0   0   -9 -         -9  -9  -9  2702  0.0  0.05 -9  18.2  21.1  20.8  19.1  17.9  -9 -9.0 -9  3 -9
202405172100 108  23  2.6  -9 -9.0   -9 1005.2 1015.1  2   2.3  19.6  10.3  55.0  12.5   -9.0   -9.0   -9.0   -9.0   -9.0   -9.0   -9.0 -9 -9 -                        0   0   -9 -         -9  -9  -9  3007 -9.0 -9.00 -9  16.8  20.5  20.5  19.1  18.1  -9 -9.0 -9  3  2
202405172200 108  25  2.5  -9 -9.0   -9 1006.0 1016.0 -9  -9.0  18.8   9.8  56.0  12.1   -9.0   -9.0   -9.0   -9.0   -9.0   -9.0   -9.0 -9 -9 -                        0   0   -9 -         -9  -9  -9  3105 -9.0 -9.00 -9  16.1  19.9  20.0  19.0  18.2  -9 -9.0 -9  3 -9
202405172300 108  23  2.7  -9 -9.0   -9 1006.2 1016.2 -9  -9.0  18.3  10.8  62.0  12.9   -9.0   -9.0   -9.0   -9.0   -9.0   -9.0   -9.0 -9 -9 -                        0   0   -9 -         -9  -9  -9  3299 -9.0 -9.00 -9  15.3  19.5  19.7  18.9  18.3  -9 -9.0 -9  3 -9
202405180000 108  27  1.9  -9 -9.0   -9 1006.3 1016.4  2   1.3  17.5  11.0  66.0  13.1   -9.0   -9.0   -9.0   -9.0   -9.0   -9.0   -9.0 -9 -9 -                        0   0   -9 -         -9  -9  -9  3238 -9.0 -9.00 -9  14.7  19.1  19.3  18.8  18.3  -9 -9.0 -9  3  2
202405180100 108  25  1.4  -9 -9.0   -9 1006.2 1016.3 -9  -9.0  17.0  11.0  68.0  13.1   -9.0   -9.0   -9.0   -9.0   -9.0   -9.0   -9.0 -9 -9 -                        0   0   -9 -         -9  -9  -9  3085 -9.0 -9.00 -9  14.2  18.7  19.0  18.6  18.3  -9 -9.0 -9  3 -9
202405180200 108  25  1.7  -9 -9.0   -9 1006.4 1016.5 -9  -9.0  16.7  11.4  71.0  13.5   -9.0   -9.0   -9.0   -9.0   -9.0   -9.0   -9.0 -9 -9 -                        0   0   -9 -         -9  -9  -9  3032 -9.0 -9.00 -9  14.0  18.3  18.6  18.4  18.2  -9 -9.0 -9  3 -9
202405180300 108   0  0.4  -9 -9.0   -9 1006.2 1016.3  6  -0.1  16.7  11.6  72.0  13.7   -9.0   -9.0   -9.0   -9.0   -9.0   -9.0   -9.0 -9 -9 -                        3   3   10 Sc         0   0   5  2813 -9.0 -9.00 -9  14.0  18.0  18.3  18.2  18.1  -9 -9.0 -9  3  2
202405180400 108   0  0.1  -9 -9.0   -9 1006.6 1016.7 -9  -9.0  16.7  12.0  74.0  14.0   -9.0   -9.0   -9.0   -9.0   -9.0   -9.0   -9.0 -9 -9 -                        8   8   10 Sc         0   0   5  2885 -9.0 -9.00 -9  15.4  17.7  18.1  18.0  18.1  -9 -9.0 -9  3  2
202405180500 108   5  1.3  -9 -9.0   -9 1006.8 1016.9 -9  -9.0  16.6  11.9  74.0  13.9   -9.0   -9.0   -9.0   -9.0   -9.0   -9.0   -9.0 -9 -9 -                        6   6   10 Sc         0   0   5  2792 -9.0 -9.00 -9  14.9  17.6  17.9  17.8  18.0  -9 -9.0 -9  3  2
202405180600 108   5  1.8  -9 -9.0   -9 1007.2 1017.4  2   1.1  16.0  11.3  74.0  13.4   -9.0   -9.0   -9.0   -9.0   -9.0   -9.0   -9.0 -9 -9 -                        6   4   10 ScCi       1   0   5  2783  0.0  0.03 -9  14.4  17.5  17.8  17.7  17.9  -9 -9.0 -9  3  2
202405180700 108   5  1.5  -9 -9.0   -9 1007.9 1018.0 -9  -9.0  16.3  11.6  74.0  13.7   -9.0   -9.0   -9.0   -9.0   -9.0   -9.0   -9.0 -9 -9 -                        5   3   10 ScCi       1   0   5  2595  0.5  0.35 -9  15.6  17.3  17.6  17.5  17.8  -9 -9.0 -9  3  2
202405180800 108   7  1.0  -9 -9.0   -9 1007.9 1017.9 -9  -9.0  18.7  12.2  66.0  14.2   -9.0   -9.0   -9.0   -9.0   -9.0   -9.0   -9.0 -9 -9 -                        2   0   -9 Ci         1   0   0  2795  0.9  1.12 -9  20.3  17.4  17.6  17.4  17.7  -9 -9.0 -9  3  2
202405180900 108  11  1.1  -9 -9.0   -9 1008.0 1018.0  1   0.6  20.4  13.8  66.0  15.8   -9.0   -9.0   -9.0   -9.0   -9.0   -9.0   -9.0 -9 -9 -                        3   3   15 Sc         0   0   5  3742  0.8  1.58 -9  24.0  17.8  17.7  17.3  17.6  -9 -9.0 -9  3  2
202405181000 108  16  2.4  -9 -9.0   -9 1007.9 1017.8 -9  -9.0  21.9  14.2  62.0  16.2   -9.0   -9.0   -9.0   -9.0   -9.0   -9.0   -9.0 -9 -9 -                        4   4   15 Sc         0   0   5  2946  0.9  2.42 -9  27.0  18.6  18.1  17.3  17.5  -9 -9.0 -9  3  2
202405181100 108  18  2.7  -9 -9.0   -9 1007.8 1017.6 -9  -9.0  23.0  14.5  59.0  16.5   -9.0   -9.0   -9.0   -9.0   -9.0   -9.0   -9.0 -9 -9 -                        6   6   15 Sc         0   0   5  3184  0.6  2.30 -9  29.2  19.5  18.8  17.4  17.4  -9 -9.0 -9  3  2
202405181200 108  16  2.5  -9 -9.0   -9 1007.0 1016.8  7  -1.2  24.3  14.3  54.0  16.3   -9.0   -9.0   -9.0   -9.0   -9.0   -9.0   -9.0 -9 -9 -                        5   5   16 Sc         0   0   5  3237  0.9  3.28 -9  34.6  20.5  19.5  17.6  17.4  -9 -9.0 -9  3  2
202405181300 108  23  3.2  -9 -9.0   -9 1006.3 1016.1 -9  -9.0  25.1  13.9  50.0  15.9   -9.0   -9.0   -9.0   -9.0   -9.0   -9.0   -9.0 -9 -9 -                        3   3   16 Sc         0   0   5  2271  0.8  3.19 -9  35.0  21.7  20.4  18.0  17.5  -9 -9.0 -9  3  2
202405181400 108  23  2.7  -9 -9.0   -9 1005.8 1015.6 -9  -9.0  25.8  13.9  48.0  15.9   -9.0   -9.0   -9.0   -9.0   -9.0   -9.0   -9.0 -9 -9 -                        2   2   15 Sc         0   0   5  2625  1.0  3.43 -9  36.3  22.7  21.3  18.5  17.6  -9 -9.0 -9  3  2
202405181500 108  23  2.4  -9 -9.0   -9 1005.1 1014.8  7  -2.0  26.5  14.9  49.0  16.9   -9.0   -9.0   -9.0   -9.0   -9.0   -9.0   -9.0 -9 -9 -                        1   1   14 Sc         0   0   5  2809  1.0  3.06 -9  35.2  23.5  22.1  18.9  17.7  -9 -9.0 -9  3  2
202405181600 108  27  3.1  -9 -9.0   -9 1004.7 1014.5 -9  -9.0  26.0  15.3  52.0  17.4   -9.0   -9.0   -9.0   -9.0   -9.0   -9.0   -9.0 -9 -9 -                        1   1   12 Sc         0   0   5  3202  0.9  2.40 -9  33.1  24.1  22.8  19.4  18.0  -9 -9.0 -9  3  2
202405181700 108  27  3.8  -9 -9.0   -9 1004.9 1014.7 -9  -9.0  25.3  15.3  54.0  17.4   -9.0   -9.0   -9.0   -9.0   -9.0   -9.0   -9.0 -9 -9 -                        1   1   12 Sc         0   0   5  3378  1.0  2.00 -9  30.4  24.2  23.1  19.9  18.3  -9 -9.0 -9  3  2
202405181800 108  29  3.8  -9 -9.0   -9 1005.2 1015.0  3   0.2  23.6  15.1  59.0  17.2   -9.0   -9.0   -9.0   -9.0   -9.0   -9.0   -9.0 -9 -9 -                        0   0   -9 -         -9  -9  -9  3425  1.0  1.21 -9  25.3  24.0  23.2  20.3  18.6  -9 -9.0 -9  3  2
202405181900 108  25  3.1  -9 -9.0   -9 1005.5 1015.4 -9  -9.0  22.4  15.0  63.0  17.0   -9.0   -9.0   -9.0   -9.0   -9.0   -9.0   -9.0 -9 -9 -                        0   0   -9 -         -9  -9  -9  3218  1.0  0.46 -9  22.5  23.6  23.1  20.6  18.9  -9 -9.0 -9  3 -9
202405182000 108  27  2.7  -9 -9.0   -9 1006.2 1016.2 -9  -9.0  20.8  14.4  67.0  16.4   -9.0   -9.0   -9.0   -9.0   -9.0   -9.0   -9.0 -9 -9 -                        0   0   -9 -         -9  -9  -9  2904  0.0  0.05 -9  20.3  23.0  22.7  20.8  19.2  -9 -9.0 -9  3 -9
202405182100 108  27  2.4  -9 -9.0   -9 1007.0 1017.0  2   2.0  19.9  14.2  70.0  16.2   -9.0   -9.0   -9.0   -9.0   -9.0   -9.0   -9.0 -9 -9 -                        0   0   -9 -         -9  -9  -9  2890 -9.0 -9.00 -9  18.9  22.3  22.3  20.8  19.4  -9 -9.0 -9  3  2
202405182200 108  32  1.0  -9 -9.0   -9 1007.3 1017.3 -9  -9.0  19.4  13.9  71.0  15.9   -9.0   -9.0   -9.0   -9.0   -9.0   -9.0   -9.0 -9 -9 -                        0   0   -9 -         -9  -9  -9  2866 -9.0 -9.00 -9  18.1  21.8  21.9  20.7  19.6  -9 -9.0 -9  3 -9
202405182300 108  27  0.6  -9 -9.0   -9 1007.5 1017.5 -9  -9.0  18.7  13.7  73.0  15.7   -9.0   -9.0   -9.0   -9.0   -9.0   -9.0   -9.0 -9 -9 -                        0   0   -9 -         -9  -9  -9  2674 -9.0 -9.00 -9  17.3  21.2  21.4  20.6  19.6  -9 -9.0 -9  3 -9
202405190000 108  29  0.9  -9 -9.0   -9 1007.3 1017.3  0   0.3  18.3  14.3  78.0  16.3   -9.0   -9.0   -9.0   -9.0   -9.0   -9.0   -9.0 -9 -9 -                        0   0   -9 -         -9  -9  -9  1853 -9.0 -9.00 -9  16.7  20.7  21.0  20.4  19.6  -9 -9.0 -9  3  2
202405190100 108   0  0.4  -9 -9.0   -9 1007.0 1017.1 -9  -9.0  17.6  13.9  79.0  15.9   -9.0   -9.0   -9.0   -9.0   -9.0   -9.0   -9.0 -9 -9 -                        0   0   -9 -         -9  -9  -9  2608 -9.0 -9.00 -9  16.2  20.3  20.6  20.1  19.6  -9 -9.0 -9  3 -9
202405190200 108  27  1.0  -9 -9.0   -9 1006.6 1016.7 -9  -9.0  17.2  13.9  81.0  15.9   -9.0   -9.0   -9.0   -9.0   -9.0   -9.0   -9.0 -9 -9 -                        0   0   -9 -         -9  -9  -9  2390 -9.0 -9.00 -9  15.7  19.9  20.3  19.9  19.5  -9 -9.0 -9  3 -9
202405190300 108   0  0.1  -9 -9.0   -9 1006.2 1016.3  7  -1.0  16.7  13.6  82.0  15.6   -9.0   -9.0   -9.0   -9.0   -9.0   -9.0   -9.0 -9 -9 -                        0   0   -9 -         -9  -9  -9  2495 -9.0 -9.00 -9  15.2  19.5  19.9  19.7  19.4  -9 -9.0 -9  3  2
202405190400 108  36  1.1  -9 -9.0   -9 1006.2 1016.3 -9  -9.0  16.4  13.6  84.0  15.6   -9.0   -9.0   -9.0   -9.0   -9.0   -9.0   -9.0 -9 -9 -                        0   0   -9 -         -9  -9  -9  2465 -9.0 -9.00 -9  14.9  19.2  19.6  19.4  19.3  -9 -9.0 -9  3  2
202405190500 108   2  1.3  -9 -9.0   -9 1006.2 1016.3 -9  -9.0  16.2  13.8  86.0  15.8   -9.0   -9.0   -9.0   -9.0   -9.0   -9.0   -9.0 -9 -9 -                        1   0   -9 Ci         1   0   0  2271 -9.0 -9.00 -9  14.6  18.9  19.3  19.2  19.2  -9 -9.0 -9  3  2
202405190600 108   2  1.2  -9 -9.0   -9 1006.2 1016.3  4   0.0  15.9  13.9  88.0  15.9   -9.0   -9.0   -9.0   -9.0   -9.0   -9.0   -9.0 -9 -9 -                        0   0   -9 -         -9  -9  -9  2054  0.0  0.04 -9  14.8  18.6  19.1  19.0  19.1  -9 -9.0 -9  3  2
202405190700 108   5  1.6  -9 -9.0   -9 1006.4 1016.5 -9  -9.0  16.7  14.3  86.0  16.3   -9.0   -9.0   -9.0   -9.0   -9.0   -9.0   -9.0 -9 -9 -                        0   0   -9 -         -9  -9  -9  2419  1.0  0.47 -9  16.9  18.4  18.8  18.8  19.0  -9 -9.0 -9  3  2
202405190800 108   9  0.7  -9 -9.0   -9 1006.3 1016.3 -9  -9.0  18.6  15.0  80.0  17.0   -9.0   -9.0   -9.0   -9.0   -9.0   -9.0   -9.0 -9 -9 -                        0   0   -9 -         -9  -9  -9  2514  1.0  1.19 -9  21.5  18.5  18.7  18.6  18.8  -9 -9.0 -9  3  2
202405190900 108   9  0.7  -9 -9.0   -9 1006.2 1016.1  8  -0.2  21.0  15.0  69.0  17.0   -9.0   -9.0   -9.0   -9.0   -9.0   -9.0   -9.0 -9 -9 -                        0   0   -9 -         -9  -9  -9  2692  1.0  1.92 -9  26.5  19.0  18.9  18.5  18.7  -9 -9.0 -9  3  2
202405191000 108  34  1.9  -9 -9.0   -9 1005.7 1015.6 -9  -9.0  22.4  13.9  59.0  15.9   -9.0   -9.0   -9.0   -9.0   -9.0   -9.0   -9.0 -9 -9 -                        0   0   -9 -         -9  -9  -9  3225  1.0  2.53 -9  30.7  19.9  19.4  18.4  18.6  -9 -9.0 -9  3  2
202405191100 108  20  2.0  -9 -9.0   -9 1005.5 1015.3 -9  -9.0  24.2  15.1  57.0  17.2   -9.0   -9.0   -9.0   -9.0   -9.0   -9.0   -9.0 -9 -9 -                        0   0   -9 -         -9  -9  -9  3218  1.0  3.07 -9  33.8  20.9  20.0  18.4  18.3  -9 -9.0 -9  3  2
202405191200 108  20  1.5  -9 -9.0   -9 1005.1 1014.9  7  -1.2  25.5  13.9  49.0  15.9   -9.0   -9.0   -9.0   -9.0   -9.0   -9.0   -9.0 -9 -9 -                        0   0   -9 -         -9  -9  -9  3329  1.0  3.42 -9  36.6  22.0  20.9  18.6  18.3  -9 -9.0 -9  3  2
202405191300 108  25  2.9  -9 -9.0   -9 1004.5 1014.2 -9  -9.0  26.4  11.7  40.0  13.7   -9.0   -9.0   -9.0   -9.0   -9.0   -9.0   -9.0 -9 -9 -                        0   0   -9 -         -9  -9  -9  4083  1.0  3.58 -9  38.2  23.2  21.8  19.0  18.3  -9 -9.0 -9  3  2
202405191400 108  27  2.6  -9 -9.0   -9 1003.6 1013.3 -9  -9.0  26.8   8.2  31.0  10.9   -9.0   -9.0   -9.0   -9.0   -9.0   -9.0   -9.0 -9 -9 -                        0   0   -9 -         -9  -9  -9  3752  1.0  3.50 -9  39.2  24.2  22.8  19.6  18.6  -9 -9.0 -9  3  2
202405191500 108  27  3.3  -9 -9.0   -9 1003.1 1012.8  7  -2.1  27.6  13.5  42.0  15.5   -9.0   -9.0   -9.0   -9.0   -9.0   -9.0   -9.0 -9 -9 -                        0   0   -9 -         -9  -9  -9  3227  1.0  3.05 -9  38.0  24.9  23.5  20.2  18.9  -9 -9.0 -9  3  2
202405191600 108  25  2.7  -9 -9.0   -9 1003.2 1012.9 -9  -9.0  27.4  14.7  46.0  16.7   -9.0   -9.0   -9.0   -9.0   -9.0   -9.0   -9.0 -9 -9 -                        0   0   -9 -         -9  -9  -9  2774  1.0  2.54 -9  36.1  25.4  24.1  20.8  19.2  -9 -9.0 -9  3  2
202405191700 108  27  4.3  -9 -9.0   -9 1003.3 1013.0 -9  -9.0  26.3  11.9  41.0  13.9   -9.0   -9.0   -9.0   -9.0   -9.0   -9.0   -9.0 -9 -9 -                        0   0   -9 -         -9  -9  -9  3796  1.0  1.96 -9  32.0  25.5  24.4  21.2  19.5  -9 -9.0 -9  3  2
202405191800 108  27  2.5  -9 -9.0   -9 1002.9 1012.7  8  -0.1  25.6  11.3  41.0  13.4   -9.0   -9.0   -9.0   -9.0   -9.0   -9.0   -9.0 -9 -9 -                        1   0   -9 Ci         1   0   0  3906  1.0  1.26 -9  27.1  25.2  24.5  21.6  19.8  -9 -9.0 -9  3  2
202405191900 108  27  2.7  -9 -9.0   -9 1003.1 1012.9 -9  -9.0  23.5  10.5  44.0  12.7   -9.0   -9.0   -9.0   -9.0   -9.0   -9.0   -9.0 -9 -9 -                        0   0   -9 -         -9  -9  -9  4141  0.6  0.42 -9  23.3  24.7  24.3  21.9  20.1  -9 -9.0 -9  3 -9
202405192000 108  27  3.3  -9 -9.0   -9 1004.0 1013.9 -9  -9.0  21.8  10.6  49.0  12.8   -9.0   -9.0   -9.0   -9.0   -9.0   -9.0   -9.0 -9 -9 -                        4   0   -9 -         -9  -9  -9  3663  0.0  0.04 -9  20.7  24.0  23.9  22.0  20.3  -9 -9.0 -9  3 -9
202405192100 108  25  4.0  -9 -9.0   -9 1005.5 1015.5  2   2.8  20.8  13.4  63.0  15.4   -9.0   -9.0   -9.0   -9.0   -9.0   -9.0   -9.0 -9 -9 -                        6   0   -9 Ci         1   0   0  3175 -9.0 -9.00 -9  19.7  23.3  23.4  22.0  20.5  -9 -9.0 -9  3  2
202405192200 108  23  2.2  -9 -9.0   -9 1005.1 1015.1 -9  -9.0  19.9  13.8  68.0  15.8   -9.0   -9.0   -9.0   -9.0   -9.0   -9.0   -9.0 -9 -9 -                        0   0   -9 -         -9  -9  -9  2914 -9.0 -9.00 -9  18.8  22.8  22.9  21.8  20.5  -9 -9.0 -9  3 -9
202405192300 108  34  0.6  -9 -9.0   -9 1004.5 1014.4 -9  -9.0  19.1  13.4  70.0  15.4   -9.0   -9.0   -9.0   -9.0   -9.0   -9.0   -9.0 -9 -9 -                        4   0   -9 -         -9  -9  -9  2914 -9.0 -9.00 -9  18.0  22.2  22.5  21.6  20.6  -9 -9.0 -9  3 -9
202405200000 108  29  1.1  -9 -9.0   -9 1003.7 1013.7  7  -1.8  18.5  13.1  71.0  15.1   -9.0   -9.0   -9.0   -9.0   -9.0   -9.0   -9.0 -9 -9 -                        2   0   -9 Ci         1   0   0  2874 -9.0 -9.00 -9  17.2  21.7  22.0  21.4  20.6  -9 -9.0 -9  3  2
202405200100 108  36  1.3  -9 -9.0   -9 1003.0 1013.0 -9  -9.0  17.9  13.1  74.0  15.1   -9.0   -9.0   -9.0   -9.0   -9.0   -9.0   -9.0 -9 -9 -                        6   0   -9 -         -9  -9  -9  2750 -9.0 -9.00 -9  17.1  21.2  21.6  21.1  20.5  -9 -9.0 -9  3  2
202405200200 108  32  1.2  -9 -9.0   -9 1003.1 1013.1 -9  -9.0  18.0  13.4  75.0  15.4   -9.0   -9.0   -9.0   -9.0   -9.0   -9.0   -9.0 -9 -9 -                        0   0   -9 -         -9  -9  -9  2678 -9.0 -9.00 -9  16.9  20.8  21.3  20.9  20.4  -9 -9.0 -9  3 -9
202405200300 108  27  1.6  -9 -9.0   -9 1003.4 1013.4  5  -0.3  17.9  13.3  75.0  15.3   -9.0   -9.0   -9.0   -9.0   -9.0   -9.0   -9.0 -9 -9 -                        7   7   33 Ac         0   3   0  2483 -9.0 -9.00 -9  17.3  20.6  20.9  20.6  20.3  -9 -9.0 -9  3  2
202405200400 108  27  2.0  -9 -9.0   -9 1003.7 1013.7 -9  -9.0  17.8  13.3  75.0  15.3   -9.0   -9.0   -9.0   -9.0   -9.0   -9.0   -9.0 -9 -9 -                        7   7   34 Ac         0   3   0  2394 -9.0 -9.00 -9  17.3  20.3  20.7  20.4  20.2  -9 -9.0 -9  3  2
202405200500 108  27  1.8  -9 -9.0   -9 1004.0 1014.0 -9  -9.0  17.7  13.6  77.0  15.6   -9.0   -9.0   -9.0   -9.0   -9.0   -9.0   -9.0 -9 -9 -                        9   9   33 Ac         0   3   0  2224 -9.0 -9.00 -9  17.3  20.2  20.5  20.2  20.1  -9 -9.0 -9  3  2
202405200600 108  27  2.0  -9 -9.0   -9 1004.4 1014.4  2   1.0  17.7  13.4  76.0  15.4   -9.0   -9.0   -9.0   -9.0   -9.0   -9.0   -9.0 -9 -9 -                        9   9   38 Ac         0   3   0  2520  0.0  0.00 -9  17.4  20.0  20.3  20.0  20.0  -9 -9.0 -9  3  2
202405200700 108  25  2.1  -9 -9.0   -9 1005.2 1015.2 -9  -9.0  17.9  12.9  73.0  14.9   -9.0   -9.0   -9.0   -9.0   -9.0   -9.0   -9.0 -9 -9 -                       10  10   30 As        -9   2   0  2749  0.0  0.14 -9  18.0  19.9  20.1  19.8  19.8  -9 -9.0 -9  3  2
202405200800 108  23  2.1  -9 -9.0   -9 1005.5 1015.5 -9  -9.0  18.5  13.7  74.0  15.7   -9.0   -9.0   -9.0   -9.0   -9.0   -9.0   -9.0 -9 -9 -                       10  10   30 As        -9   2   0  2867  0.0  0.26 -9  19.1  19.9  20.1  19.7  19.7  -9 -9.0 -9  3  2
202405200900 108  25  1.3  -9 -9.0   -9 1005.6 1015.5  1   1.1  19.7  14.5  72.0  16.5   -9.0   -9.0   -9.0   -9.0   -9.0   -9.0   -9.0 -9 -9 -                        8   8   10 Sc         0   0   5  2093  0.0  0.64 -9  21.9  19.9  20.0  19.6  19.6  -9 -9.0 -9  3  2
202405201000 108  25  2.5  -9 -9.0   -9 1005.5 1015.4 -9  -9.0  21.2  15.5  70.0  17.6   -9.0   -9.0   -9.0   -9.0   -9.0   -9.0   -9.0 -9 -9 -                        8   8   10 Sc         0   0   5  2343  0.2  1.32 -9  25.1  20.3  20.2  19.5  19.5  -9 -9.0 -9  3  2
202405201100 108  20  3.6  -9 -9.0   -9 1005.1 1015.0 -9  -9.0  22.1  15.6  67.0  17.7   -9.0   -9.0   -9.0   -9.0   -9.0   -9.0   -9.0 -9 -9 -                        9   9   10 Sc         0   0   5  2669  0.1  1.63 -9  26.9  20.9  20.5  19.5  19.5  -9 -9.0 -9  3  2
202405201200 108  23  4.1  -9 -9.0   -9 1005.1 1015.0  6  -0.5  22.3  15.6  66.0  17.7   -9.0   -9.0   -9.0   -9.0   -9.0   -9.0   -9.0 -9 -9 -                        9   9   10 Sc         0   0   5  3012  0.0  1.47 -9  27.0  21.4  20.9  19.6  19.4  -9 -9.0 -9  3  2
202405201300 108  25  3.8  -9 -9.0   -9 1004.7 1014.5 -9  -9.0  22.7  15.2  63.0  17.3   -9.0   -9.0   -9.0   -9.0   -9.0   -9.0   -9.0 -9 -9 -                        9   9   10 Sc         0   0   5  2695  0.1  1.38 -9  27.6  21.8  21.3  19.8  19.4  -9 -9.0 -9  3  2
202405201400 108  25  2.6  -9 -9.0   -9 1004.4 1014.2 -9  -9.0  22.4  15.9  67.0  18.1   -9.0   -9.0   -9.0   -9.0   -9.0   -9.0   -9.0 -9 -9 -                        9   9   10 Sc         0   0   5  2315  0.0  1.30 -9  26.6  22.1  21.6  19.9  19.5  -9 -9.0 -9  3  2
202405201500 108  25  3.3  -9 -9.0   -9 1004.3 1014.2  6  -0.8  21.7  16.2  71.0  18.4   -9.0   -9.0   -9.0   -9.0   -9.0   -9.0   -9.0 -9 -9 -                        9   9   10 Sc         0   0   5  2070  0.0  0.92 -9  25.6  22.4  21.8  20.2  19.5  -9 -9.0 -9  3  2
202405201600 108  23  3.9  -9 -9.0   -9 1004.3 1014.2 -9  -9.0  21.4  15.9  71.0  18.1   -9.0   -9.0   -9.0   -9.0   -9.0   -9.0   -9.0 -9 -9 -                        9   9   10 Sc         0   0   5  1972  0.0  0.92 -9  25.2  22.4  22.0  20.3  19.6  -9 -9.0 -9  3  2
202405201700 108  27  3.3  -9 -9.0   -9 1004.6 1014.5 -9  -9.0  21.3  15.8  71.0  17.9   -9.0   -9.0   -9.0   -9.0   -9.0   -9.0   -9.0 -9 -9 -                        8   8   10 Sc         0   0   5  1891  0.0  0.67 -9  24.5  22.4  22.0  20.4  19.7  -9 -9.0 -9  3  2
202405201800 108  27  3.3  -9 -9.0   -9 1004.9 1014.8  2   0.6  20.9  15.4  71.0  17.5   -9.0   -9.0   -9.0   -9.0   -9.0   -9.0   -9.0 -9 -9 -                        8   8   10 Sc         0   0   5  1726  0.1  0.58 -9  23.0  22.4  22.1  20.6  19.8  -9 -9.0 -9  3  2
202405201900 108  27  2.5  -9 -9.0   -9 1005.3 1015.3 -9  -9.0  20.3  15.0  72.0  17.0   -9.0   -9.0   -9.0   -9.0   -9.0   -9.0   -9.0 -9 -9 -                        0   0   -9 -         -9  -9  -9  1736  0.0  0.19 -9  21.5  22.2  22.0  20.6  19.9  -9 -9.0 -9  3 -9
202405202000 108  27  1.9  -9 -9.0   -9 1005.8 1015.7 -9  -9.0  19.4  15.2  77.0  17.3   -9.0   -9.0   -9.0   -9.0   -9.0   -9.0   -9.0 -9 -9 -                        3   0   -9 -         -9  -9  -9  1202  0.0  0.03 -9  19.6  21.9  21.8  20.6  19.9  -9 -9.0 -9  3 -9
202405202100 108  27  2.0  -9 -9.0   -9 1006.6 1016.6  2   1.8  18.3  15.1  82.0  17.2   -9.0   -9.0   -9.0   -9.0   -9.0   -9.0   -9.0 10 11 19                       1   1   10 Sc         0   0   5   862 -9.0 -9.00 -9  18.1  21.5  21.6  20.6  20.0  -9 -9.0 -9  3  1
202405202200 108  29  2.1  -9 -9.0   -9 1007.2 1017.3 -9  -9.0  17.5  14.7  84.0  16.7   -9.0   -9.0   -9.0   -9.0   -9.0   -9.0   -9.0 -9 -9 19                       0   0   -9 -         -9  -9  -9   618 -9.0 -9.00 -9  17.3  21.1  21.2  20.5  20.0  -9 -9.0 -9  3  2
202405202300 108  25  2.0  -9 -9.0   -9 1007.6 1017.7 -9  -9.0  17.0  14.6  86.0  16.6   -9.0   -9.0   -9.0   -9.0   -9.0   -9.0   -9.0 -9 -9 19                       6   0   -9 -         -9  -9  -9   532 -9.0 -9.00 -9  17.1  20.6  20.9  20.4  20.0  -9 -9.0 -9  3  2
202405210000 108  25  1.8  -9 -9.0   -9 1007.6 1017.7  1   1.1  16.8  14.6  87.0  16.6   -9.0   -9.0   -9.0   -9.0   -9.0   -9.0   -9.0 10 22 19                       7   7   34 Ac         0   3   0   418 -9.0 -9.00 -9  16.6  20.3  20.6  20.2  20.0  -9 -9.0 -9  3  1
202405210100 108  27  1.9  -9 -9.0   -9 1007.5 1017.6 -9  -9.0  16.7  14.6  88.0  16.6   -9.0   -9.0   -9.0   -9.0   -9.0   -9.0   -9.0 -9 -9 19                       2   0   -9 -         -9  -9  -9   399 -9.0 -9.00 -9  17.0  20.0  20.4  20.0  19.9  -9 -9.0 -9  3  2
202405210200 108  27  2.3  -9 -9.0   -9 1007.4 1017.5 -9  -9.0  16.7  14.6  88.0  16.6   -9.0   -9.0   -9.0   -9.0   -9.0   -9.0   -9.0 -9 -9 19                       9   0   -9 -         -9  -9  -9   320 -9.0 -9.00 -9  17.3  19.8  20.1  19.9  19.8  -9 -9.0 -9  3  2
202405210300 108  29  0.5  -9 -9.0   -9 1007.5 1017.6  5  -0.1  16.8  14.6  87.0  16.6   -9.0   -9.0   -9.0   -9.0   -9.0   -9.0   -9.0 10 22 19                       9   9   12 Sc         0   0   5   322 -9.0 -9.00 -9  17.4  19.7  20.0  19.7  19.7  -9 -9.0 -9  3  1
202405210400 108   0  0.4  -9 -9.0   -9 1007.5 1017.6 -9  -9.0  16.7  14.5  87.0  16.5   -9.0   -9.0   -9.0   -9.0   -9.0   -9.0   -9.0 10 22 19                       7   7   34 Ac         0   3   0   335 -9.0 -9.00 -9  16.3  19.6  19.8  19.6  19.6  -9 -9.0 -9  3  1
202405210500 108  34  1.1  -9 -9.0   -9 1007.8 1017.9 -9  -9.0  16.5  14.8  90.0  16.8   -9.0   -9.0   -9.0   -9.0   -9.0   -9.0   -9.0 10 22 19                       9   9    9 Sc         0   0   5   358 -9.0 -9.00 -9  16.6  19.3  19.6  19.4  19.5  -9 -9.0 -9  3  1
202405210600 108  27  1.4  -9 -9.0   -9 1008.4 1018.5  2   0.9  16.3  14.6  90.0  16.6   -9.0   -9.0   -9.0   -9.0   -9.0   -9.0   -9.0 10 22 19                       9   9    9 Sc         0   0   5   325  0.0  0.03 -9  16.1  19.2  19.5  19.3  19.5  -9 -9.0 -9  3  1
202405210700 108   0  0.3  -9 -9.0   -9 1009.0 1019.1 -9  -9.0  16.7  14.8  89.0  16.8   -9.0   -9.0   -9.0   -9.0   -9.0   -9.0   -9.0 10 22 19                      10  10    6 St        -9  -9   6   438  0.0  0.20 -9  17.9  19.0  19.3  19.1  19.4  -9 -9.0 -9  3  1
202405210800 108   7  1.5  -9 -9.0   -9 1009.4 1019.4 -9  -9.0  18.6  15.8  84.0  17.9   -9.0   -9.0   -9.0   -9.0   -9.0   -9.0   -9.0 -9 -9 19                       9   9   10 Sc         0   0   5  1028  0.1  0.62 -9  20.8  19.1  19.3  19.0  19.3  -9 -9.0 -9  3  2
202405210900 108   5  2.3  -9 -9.0   -9 1009.4 1019.4  1   0.9  20.8  15.9  74.0  18.1   -9.0   -9.0   -9.0   -9.0   -9.0   -9.0   -9.0 -9 -9 -                        3   3   10 Sc         0   0   5  1518  0.6  1.59 -9  26.0  19.5  19.4  18.9  19.2  -9 -9.0 -9  3  2
202405211000 108  11  2.3  -9 -9.0   -9 1009.5 1019.5 -9  -9.0  21.4  14.7  66.0  16.7   -9.0   -9.0   -9.0   -9.0   -9.0   -9.0   -9.0 -9 -9 -                        6   6   10 Sc         0   0   5  1667  0.3  1.49 -9  25.8  20.1  19.7  18.9  19.1  -9 -9.0 -9  3  2
202405211100 108  11  2.1  -9 -9.0   -9 1009.3 1019.2 -9  -9.0  23.2  15.7  63.0  17.8   -9.0   -9.0   -9.0   -9.0   -9.0   -9.0   -9.0 -9 -9 -                        4   4   10 Sc         0   0   5  1806  0.6  2.49 -9  32.7  20.8  20.2  19.0  19.0  -9 -9.0 -9  3  2
202405211200 108   7  2.0  -9 -9.0   -9 1008.9 1018.7  8  -0.7  24.4  14.7  55.0  16.7   -9.0   -9.0   -9.0   -9.0   -9.0   -9.0   -9.0 -9 -9 -                        2   2   10 Sc         0   0   5  2249  0.9  3.46 -9  35.5  21.9  20.9  19.0  18.8  -9 -9.0 -9  3  2
202405211300 108   7  1.7  -9 -9.0   -9 1008.2 1018.0 -9  -9.0  25.8  14.8  51.0  16.8   -9.0   -9.0   -9.0   -9.0   -9.0   -9.0   -9.0 -9 -9 -                        0   0   -9 -         -9  -9  -9  2400  1.0  3.55 -9  39.6  23.0  21.8  19.4  18.9  -9 -9.0 -9  3  2
202405211400 108  14  1.8  -9 -9.0   -9 1007.5 1017.3 -9  -9.0  26.6  14.0  46.0  16.0   -9.0   -9.0   -9.0   -9.0   -9.0   -9.0   -9.0 -9 -9 -                        0   0   -9 -         -9  -9  -9  2682  1.0  3.46 -9  40.9  24.1  22.8  19.8  19.0  -9 -9.0 -9  3  2
202405211500 108   7  1.1  -9 -9.0   -9 1007.0 1016.7  7  -2.0  27.5  13.4  42.0  15.4   -9.0   -9.0   -9.0   -9.0   -9.0   -9.0   -9.0 -9 -9 -                        0   0   -9 -         -9  -9  -9  2550  1.0  3.11 -9  40.0  25.1  23.7  20.5  19.3  -9 -9.0 -9  3  2
202405211600 108  14  2.4  -9 -9.0   -9 1006.2 1015.9 -9  -9.0  27.9  12.6  39.0  14.6   -9.0   -9.0   -9.0   -9.0   -9.0   -9.0   -9.0 -9 -9 -                        1   0   -9 Ci         1   0   0  3162  1.0  2.68 -9  39.1  25.6  24.3  21.0  19.6  -9 -9.0 -9  3  2
202405211700 108   7  1.4  -9 -9.0   -9 1006.0 1015.7 -9  -9.0  28.2  10.8  34.0  12.9   -9.0   -9.0   -9.0   -9.0   -9.0   -9.0   -9.0 -9 -9 -                        1   1   10 Sc         0   0   5  2911  1.0  2.02 -9  35.1  25.8  24.8  21.5  19.9  -9 -9.0 -9  3  2
202405211800 108  27  3.2  -9 -9.0   -9 1006.3 1016.1  5  -0.6  26.1  16.0  54.0  18.2   -9.0   -9.0   -9.0   -9.0   -9.0   -9.0   -9.0  5  0 40                       0   0   -9 -         -9  -9  -9   799  1.0  1.19 -9  28.7  25.7  24.9  21.9  20.2  -9 -9.0 -9  3  1
202405211900 108  27  2.7  -9 -9.0   -9 1006.6 1016.4 -9  -9.0  24.4  15.8  59.0  17.9   -9.0   -9.0   -9.0   -9.0   -9.0   -9.0   -9.0 -9 -9 40                       0   0   -9 -         -9  -9  -9   911  0.9  0.43 -9  25.1  25.3  24.8  22.3  20.5  -9 -9.0 -9  3  2
202405212000 108  25  2.2  -9 -9.0   -9 1007.1 1017.0 -9  -9.0  22.8  15.6  64.0  17.7   -9.0   -9.0   -9.0   -9.0   -9.0   -9.0   -9.0 -9 -9 40                       0   0   -9 -         -9  -9  -9   889  0.0  0.05 -9  22.4  24.7  24.5  22.5  20.8  -9 -9.0 -9  3  2
202405212100 108  27  1.7  -9 -9.0   -9 1008.0 1017.9  2   1.8  21.9  15.4  67.0  17.5   -9.0   -9.0   -9.0   -9.0   -9.0   -9.0   -9.0  5  0 40                       0   0   -9 -         -9  -9  -9   827 -9.0 -9.00 -9  20.8  24.0  24.1  22.5  20.9  -9 -9.0 -9  3  1
202405212200 108  23  2.2  -9 -9.0   -9 1008.4 1018.4 -9  -9.0  20.9  15.6  72.0  17.7   -9.0   -9.0   -9.0   -9.0   -9.0   -9.0   -9.0 -9 -9 40                       0   0   -9 -         -9  -9  -9   649 -9.0 -9.00 -9  19.7  23.4  23.6  22.4  21.1  -9 -9.0 -9  3  2
202405212300 108  25  2.0  -9 -9.0   -9 1008.4 1018.4 -9  -9.0  20.2  14.9  72.0  16.9   -9.0   -9.0   -9.0   -9.0   -9.0   -9.0   -9.0 -9 -9 40                       0   0   -9 -         -9  -9  -9   526 -9.0 -9.00 -9  18.8  22.9  23.2  22.2  21.1  -9 -9.0 -9  3  2
202405220000 108  27  1.9  -9 -9.0   -9 1008.3 1018.3  0   0.4  19.4  15.0  76.0  17.0   -9.0   -9.0   -9.0   -9.0   -9.0   -9.0   -9.0  5  0 40                       0   0   -9 -         -9  -9  -9   461 -9.0 -9.00 -9  18.1  22.5  22.8  22.0  21.1  -9 -9.0 -9  3  1
202405220100 108  27  1.9  -9 -9.0   -9 1008.3 1018.3 -9  -9.0  18.6  15.0  80.0  17.0   -9.0   -9.0   -9.0   -9.0   -9.0   -9.0   -9.0 -9 -9 4019                     4   1   -9 -         -9  -9  -9   348 -9.0 -9.00 -9  17.6  22.0  22.4  21.8  21.1  -9 -9.0 -9  3  2
202405220200 108  25  2.4  -9 -9.0   -9 1008.2 1018.2 -9  -9.0  18.0  14.8  82.0  16.8   -9.0   -9.0   -9.0   -9.0   -9.0   -9.0   -9.0 -9 -9 19                       3   1   -9 -         -9  -9  -9   306 -9.0 -9.00 -9  17.1  21.6  22.0  21.6  21.0  -9 -9.0 -9  3  2
202405220300 108  27  1.1  -9 -9.0   -9 1008.3 1018.4  3   0.1  17.5  14.7  84.0  16.7   -9.0   -9.0   -9.0   -9.0   -9.0   -9.0   -9.0 10  0 19                       5   0   -9 Ci         1   0   0   297 -9.0 -9.00 -9  16.7  21.3  21.7  21.3  20.9  -9 -9.0 -9  3  1
202405220400 108  25  1.7  -9 -9.0   -9 1008.2 1018.3 -9  -9.0  17.5  14.9  85.0  16.9   -9.0   -9.0   -9.0   -9.0   -9.0   -9.0   -9.0 10 22 19                       6   1    8 ScCi       1   0   5   320 -9.0 -9.00 -9  17.5  20.9  21.4  21.0  20.8  -9 -9.0 -9  3  1
202405220500 108  25  2.3  -9 -9.0   -9 1008.1 1018.2 -9  -9.0  16.7  14.6  88.0  16.6   -9.0   -9.0   -9.0   -9.0   -9.0   -9.0   -9.0 10  0 19                       3   1    8 ScCi       1   0   5   265 -9.0 -9.00 -9  16.3  20.7  21.1  20.8  20.7  -9 -9.0 -9  3  1
202405220600 108  20  1.3  -9 -9.0   -9 1007.8 1017.9  7  -0.5  16.4  14.5  89.0  16.5   -9.0   -9.0   -9.0   -9.0   -9.0   -9.0   -9.0 10 11 19                       7   7    6 St         0   0   6   230  0.0  0.06 -9  16.9  20.4  20.8  20.6  20.6  -9 -9.0 -9  3  1
202405220700 108  27  1.8  -9 -9.0   -9 1007.8 1017.9 -9  -9.0  16.8  14.9  89.0  16.9   -9.0   -9.0   -9.0   -9.0   -9.0   -9.0   -9.0 10 22 19                       8   8    6 St         0   0   6   250  0.0  0.34 -9  19.1  20.3  20.6  20.4  20.4  -9 -9.0 -9  3  1
202405220800 108  27  1.4  -9 -9.0   -9 1007.6 1017.7 -9  -9.0  17.8  15.4  86.0  17.5   -9.0   -9.0   -9.0   -9.0   -9.0   -9.0   -9.0 10 22 19                       8   3    6 StCi       1   0   6   341  0.0  0.84 -9  21.7  20.4  20.5  20.2  20.3  -9 -9.0 -9  3  1
202405220900 108  29  2.0  -9 -9.0   -9 1007.9 1017.9  4   0.0  18.8  15.4  81.0  17.5   -9.0   -9.0   -9.0   -9.0   -9.0   -9.0   -9.0 10 11 19                       8   7    8 ScCi       1   0   5   428  0.0  1.21 -9  24.7  20.6  20.6  20.1  20.2  -9 -9.0 -9  3  1
202405221000 108  25  2.5  -9 -9.0   -9 1007.5 1017.5 -9  -9.0  20.6  16.0  75.0  18.2   -9.0   -9.0   -9.0   -9.0   -9.0   -9.0   -9.0 10 22 19                       7   4    8 ScCi       1   0   5   495  0.8  2.33 -9  31.4  21.2  20.9  20.1  20.1  -9 -9.0 -9  3  1
202405221100 108  27  2.8  -9 -9.0   -9 1007.1 1017.0 -9  -9.0  21.8  16.5  72.0  18.8   -9.0   -9.0   -9.0   -9.0   -9.0   -9.0   -9.0  5 22 4019                     6   2   10 ScCi       1   0   5   562  0.9  2.84 -9  36.2  22.0  21.4  20.2  20.0  -9 -9.0 -9  3  1
202405221200 108  25  2.7  -9 -9.0   -9 1006.6 1016.4  7  -1.5  23.4  15.9  63.0  18.1   -9.0   -9.0   -9.0   -9.0   -9.0   -9.0   -9.0  5 11 4019                     3   1   10 ScCi       1   0   5   766  1.0  3.46 -9  41.1  22.9  22.0  20.3  20.0  -9 -9.0 -9  3  1
202405221300 108  25  3.5  -9 -9.0   -9 1005.8 1015.5 -9  -9.0  24.5  15.6  58.0  17.7   -9.0   -9.0   -9.0   -9.0   -9.0   -9.0   -9.0  5  0 40                       3   0   -9 Ci         1   0   0   853  1.0  3.56 -9  42.8  24.0  22.8  20.6  20.0  -9 -9.0 -9  3  1
202405221400 108  25  3.3  -9 -9.0   -9 1004.9 1014.7 -9  -9.0  25.1  14.2  51.0  16.2   -9.0   -9.0   -9.0   -9.0   -9.0   -9.0   -9.0 -9 -9 40                       6   0   -9 Ci         1   0   0  1762  1.0  3.33 -9  42.5  24.9  23.7  21.0  20.1  -9 -9.0 -9  3  2
202405221500 108  25  3.4  -9 -9.0   -9 1004.5 1014.3  7  -2.1  25.3  13.8  49.0  15.8   -9.0   -9.0   -9.0   -9.0   -9.0   -9.0   -9.0 -9 -9 -                        7   0   -9 Ci         1   0   0  2106  1.0  2.90 -9  40.2  25.4  24.3  21.4  20.3  -9 -9.0 -9  3  2
202405221600 108  27  3.8  -9 -9.0   -9 1004.2 1014.0 -9  -9.0  25.2  15.2  54.0  17.3   -9.0   -9.0   -9.0   -9.0   -9.0   -9.0   -9.0 -9 -9 -                        5   0   -9 Ci         1   0   0  1754  1.0  2.48 -9  38.2  25.7  24.7  21.9  20.5  -9 -9.0 -9  3  2
202405221700 108  27  3.2  -9 -9.0   -9 1003.7 1013.5 -9  -9.0  25.1  13.6  49.0  15.6   -9.0   -9.0   -9.0   -9.0   -9.0   -9.0   -9.0 -9 -9 -                        6   0   -9 Ci         1   0   0  2574  1.0  2.04 -9  34.6  25.8  25.0  22.2  20.7  -9 -9.0 -9  3  2
202405221800 108  25  2.9  -9 -9.0   -9 1003.4 1013.1  7  -1.2  24.4  12.9  49.0  14.9   -9.0   -9.0   -9.0   -9.0   -9.0   -9.0   -9.0 -9 -9 -                        3   0   -9 Ci         1   0   0  2162  1.0  1.34 -9  28.1  25.6  25.0  22.5  21.0  -9 -9.0 -9  3  2
202405221900 108  29  2.8  -9 -9.0   -9 1003.5 1013.3 -9  -9.0  22.8  13.8  57.0  15.8   -9.0   -9.0   -9.0   -9.0   -9.0   -9.0   -9.0 -9 -9 -                        6   1   -9 -         -9  -9  -9  1957  1.0  0.59 -9  24.6  25.2  24.9  22.8  21.2  -9 -9.0 -9  3 -9
202405222000 108  27  1.8  -9 -9.0   -9 1003.8 1013.7 -9  -9.0  21.0  13.1  61.0  15.1   -9.0   -9.0   -9.0   -9.0   -9.0   -9.0   -9.0 -9 -9 -                        5   1   -9 -         -9  -9  -9  2129  0.3  0.08 -9  21.8  24.6  24.6  22.9  21.4  -9 -9.0 -9  3 -9
202405222100 108  27  2.0  -9 -9.0   -9 1004.0 1014.0  2   0.9  19.8  12.7  64.0  14.7   -9.0   -9.0   -9.0   -9.0   -9.0   -9.0   -9.0 -9 -9 -                        5   0   -9 Ci         1   0   0  1958 -9.0 -9.00 -9  20.0  23.9  24.1  22.8  21.6  -9 -9.0 -9  3  2
202405222200 108  27  1.4  -9 -9.0   -9 1003.9 1013.8 -9  -9.0  19.2  13.1  68.0  15.1   -9.0   -9.0   -9.0   -9.0   -9.0   -9.0   -9.0 -9 -9 -                        6   1   -9 -         -9  -9  -9  1633 -9.0 -9.00 -9  19.1  23.3  23.6  22.7  21.6  -9 -9.0 -9  3 -9
202405222300 108  25  2.1  -9 -9.0   -9 1003.8 1013.8 -9  -9.0  18.8  13.2  70.0  15.2   -9.0   -9.0   -9.0   -9.0   -9.0   -9.0   -9.0 -9 -9 -                        6   1   -9 -         -9  -9  -9  1542 -9.0 -9.00 -9  18.3  22.7  23.2  22.5  21.6  -9 -9.0 -9  3 -9
202405230000 108  27  1.3  -9 -9.0   -9 1003.4 1013.4  7  -0.6  18.4  13.2  72.0  15.2   -9.0   -9.0   -9.0   -9.0   -9.0   -9.0   -9.0 -9 -9 -                        8   0   -9 Ci         1   0   0  1395 -9.0 -9.00 -9  17.9  22.3  22.7  22.2  21.6  -9 -9.0 -9  3  2
202405230100 108  29  1.7  -9 -9.0   -9 1003.1 1013.1 -9  -9.0  18.1  13.3  74.0  15.3   -9.0   -9.0   -9.0   -9.0   -9.0   -9.0   -9.0 -9 -9 -                       10   1   -9 -         -9  -9  -9  1265 -9.0 -9.00 -9  17.6  21.9  22.4  22.0  21.5  -9 -9.0 -9  3 -9
202405230200 108  29  1.4  -9 -9.0   -9 1002.8 1012.8 -9  -9.0  17.5  13.0  75.0  15.0   -9.0   -9.0   -9.0   -9.0   -9.0   -9.0   -9.0 -9 -9 -                        7   1   -9 -         -9  -9  -9  1127 -9.0 -9.00 -9  16.9  21.6  22.0  21.7  21.4  -9 -9.0 -9  3 -9
202405230300 108  29  1.3  -9 -9.0   -9 1002.3 1012.3  7  -1.1  17.0  13.1  78.0  15.1   -9.0   -9.0   -9.0   -9.0   -9.0   -9.0   -9.0 -9 -9 -                        8   0   -9 Ci         2   0   0  1003 -9.0 -9.00 -9  16.7  21.2  21.7  21.5  21.3  -9 -9.0 -9  3  2
202405230400 108  25  1.6  -9 -9.0   -9 1002.1 1012.2 -9  -9.0  16.5  12.6  78.0  14.6   -9.0   -9.0   -9.0   -9.0   -9.0   -9.0   -9.0 10 22 19                       8   0   -9 Ci         2   0   0   993 -9.0 -9.00 -9  16.6  20.9  21.4  21.2  21.2  -9 -9.0 -9  3  1
202405230500 108  27  1.4  -9 -9.0   -9 1002.1 1012.2 -9  -9.0  16.3  13.0  81.0  15.0   -9.0   -9.0   -9.0   -9.0   -9.0   -9.0   -9.0 10 22 19                       7   0   -9 Ci         1   0   0   880 -9.0 -9.00 -9  16.2  20.6  21.1  21.0  21.0  -9 -9.0 -9  3  1
202405230600 108  25  1.9  -9 -9.0   -9 1002.4 1012.5  3   0.2  15.9  13.0  83.0  15.0   -9.0   -9.0   -9.0   -9.0   -9.0   -9.0   -9.0 10 11 19                       2   0   -9 Ci         1   0   0   866  0.0  0.03 -9  15.7  20.4  20.9  20.7  20.8  -9 -9.0 -9  3  1
202405230700 108  29  2.2  -9 -9.0   -9 1002.3 1012.4 -9  -9.0  16.2  13.3  83.0  15.3   -9.0   -9.0   -9.0   -9.0   -9.0   -9.0   -9.0 10  0 19                       0   0   -9 -         -9  -9  -9   882  0.7  0.45 -9  17.7  20.2  20.6  20.4  20.6  -9 -9.0 -9  3  1
202405230800 108  29  2.0  -9 -9.0   -9 1002.1 1012.1 -9  -9.0  17.6  14.1  80.0  16.1   -9.0   -9.0   -9.0   -9.0   -9.0   -9.0   -9.0 10  0 19                       0   0   -9 -         -9  -9  -9   864  1.0  1.25 -9  22.9  20.2  20.5  20.4  20.6  -9 -9.0 -9  3  1
202405230900 108  25  1.6  -9 -9.0   -9 1001.9 1011.8  7  -0.7  19.6  14.6  73.0  16.6   -9.0   -9.0   -9.0   -9.0   -9.0   -9.0   -9.0 -9 -9 19                       0   0   -9 -         -9  -9  -9  1017  1.0  2.00 -9  28.7  20.6  20.6  20.2  20.4  -9 -9.0 -9  3  2
202405231000 108  25  2.3  -9 -9.0   -9 1001.5 1011.4 -9  -9.0  21.3  14.4  65.0  16.4   -9.0   -9.0   -9.0   -9.0   -9.0   -9.0   -9.0 -9 -9 -                        0   0   -9 -         -9  -9  -9  1278  1.0  2.64 -9  34.6  21.3  20.9  20.2  20.4  -9 -9.0 -9  3  2
202405231100 108  23  3.1  -9 -9.0   -9 1001.5 1011.3 -9  -9.0  22.6  14.9  62.0  16.9   -9.0   -9.0   -9.0   -9.0   -9.0   -9.0   -9.0 -9 -9 -                        0   0   -9 -         -9  -9  -9  1143  1.0  3.19 -9  39.4  22.2  21.5  20.3  20.3  -9 -9.0 -9  3  2
202405231200 108  27  2.6  -9 -9.0   -9 1001.1 1010.8  7  -1.0  24.1  15.5  59.0  17.6   -9.0   -9.0   -9.0   -9.0   -9.0   -9.0   -9.0 -9 -9 -                        0   0   -9 -         -9  -9  -9  1025  1.0  3.47 -9  42.8  23.2  22.3  20.5  20.2  -9 -9.0 -9  3  2
202405231300 108  27  3.1  -9 -9.0   -9 1000.6 1010.4 -9  -9.0  24.9  14.6  53.0  16.6   -9.0   -9.0   -9.0   -9.0   -9.0   -9.0   -9.0 -9 -9 -                        0   0   -9 -         -9  -9  -9  1350  1.0  3.60 -9  44.6  24.2  23.1  20.8  20.2  -9 -9.0 -9  3  2
202405231400 108  27  3.2  -9 -9.0   -9  999.8 1009.5 -9  -9.0  25.4  13.9  49.0  15.9   -9.0   -9.0   -9.0   -9.0   -9.0   -9.0   -9.0 -9 -9 -                        0   0   -9 -         -9  -9  -9  2108  1.0  3.54 -9  45.4  25.1  23.9  21.2  20.4  -9 -9.0 -9  3  2
202405231500 108  25  3.5  -9 -9.0   -9  999.2 1008.9  7  -1.9  25.8  14.5  50.0  16.5   -9.0   -9.0   -9.0   -9.0   -9.0   -9.0   -9.0 -9 -9 -                        0   0   -9 -         -9  -9  -9  2393  1.0  3.22 -9  44.3  25.8  24.6  21.5  20.4  -9 -9.0 -9  3  2
202405231600 108  25  3.1  -9 -9.0   -9  999.0 1008.7 -9  -9.0  26.3  15.0  50.0  17.0   -9.0   -9.0   -9.0   -9.0   -9.0   -9.0   -9.0 -9 -9 -                        0   0   -9 -         -9  -9  -9  2454  1.0  2.70 -9  41.1  26.3  25.2  21.9  20.6  -9 -9.0 -9  3  2
202405231700 108  25  3.4  -9 -9.0   -9  999.1 1008.8 -9  -9.0  25.4  14.5  51.0  16.5   -9.0   -9.0   -9.0   -9.0   -9.0   -9.0   -9.0 -9 -9 -                        0   0   -9 -         -9  -9  -9  3305  1.0  2.05 -9  35.9  26.4  25.5  22.4  20.8  -9 -9.0 -9  3  2
202405231800 108  27  3.8  -9 -9.0   -9  999.4 1009.1  3   0.2  24.1  10.7  43.0  12.9   -9.0   -9.0   -9.0   -9.0   -9.0   -9.0   -9.0 -9 -9 -                        0   0   -9 -         -9  -9  -9  3665  1.0  1.33 -9  28.5  26.1  25.6  22.8  21.1  -9 -9.0 -9  3  2
202405231900 108  27  3.5  -9 -9.0   -9  999.5 1009.3 -9  -9.0  22.5  13.0  55.0  15.0   -9.0   -9.0   -9.0   -9.0   -9.0   -9.0   -9.0 -9 -9 -                        0   0   -9 -         -9  -9  -9  2953  1.0  0.56 -9  24.6  25.6  25.4  23.2  21.5  -9 -9.0 -9  3 -9
202405232000 108  29  3.0  -9 -9.0   -9 1000.3 1010.2 -9  -9.0  20.5  14.3  68.0  16.3   -9.0   -9.0   -9.0   -9.0   -9.0   -9.0   -9.0 -9 -9 -                        0   0   -9 -         -9  -9  -9  1922  0.0  0.07 -9  21.9  24.9  25.0  23.3  21.8  -9 -9.0 -9  3 -9
202405232100 108  27  2.8  -9 -9.0   -9 1001.0 1010.9  2   1.8  18.6  13.6  73.0  15.6   -9.0   -9.0   -9.0   -9.0   -9.0   -9.0   -9.0 -9 -9 -                        0   0   -9 -         -9  -9  -9  1598 -9.0 -9.00 -9  20.1  24.2  24.5  23.2  21.9  -9 -9.0 -9  3  2
202405232200 108  29  2.9  -9 -9.0   -9 1001.6 1011.6 -9  -9.0  17.7  14.0  79.0  16.0   -9.0   -9.0   -9.0   -9.0   -9.0   -9.0   -9.0 -9 -9 -                        0   0   -9 -         -9  -9  -9  1304 -9.0 -9.00 -9  19.0  23.5  24.0  23.1  22.0  -9 -9.0 -9  3 -9
202405232300 108  25  3.1  -9 -9.0   -9 1001.6 1011.6 -9  -9.0  16.8  13.8  83.0  15.8   -9.0   -9.0   -9.0   -9.0   -9.0   -9.0   -9.0 -9 -9 19                       0   0   -9 -         -9  -9  -9   859 -9.0 -9.00 -9  18.1  22.9  23.5  22.9  22.0  -9 -9.0 -9  3  2
202405240000 108  27  2.7  -9 -9.0   -9 1001.8 1011.9  2   1.0  16.4  13.6  84.0  15.6   -9.0   -9.0   -9.0   -9.0   -9.0   -9.0   -9.0 10 22 19                       9   9    3 St         0   0   6   616 -9.0 -9.00 -9  18.5  22.4  23.0  22.6  22.0  -9 -9.0 -9  3  1
202405240100 108  25  2.4  -9 -9.0   -9 1001.7 1011.8 -9  -9.0  16.0  13.2  84.0  15.2   -9.0   -9.0   -9.0   -9.0   -9.0   -9.0   -9.0 -9 -9 19                       8   8    3 -         -9  -9  -9   681 -9.0 -9.00 -9  18.0  22.1  22.7  22.3  21.9  -9 -9.0 -9  3  2
202405240200 108  25  2.5  -9 -9.0   -9 1001.0 1011.1 -9  -9.0  15.7  13.3  86.0  15.3   -9.0   -9.0   -9.0   -9.0   -9.0   -9.0   -9.0 -9 -9 19                       6   6    4 -         -9  -9  -9   728 -9.0 -9.00 -9  17.2  21.7  22.3  22.1  21.8  -9 -9.0 -9  3  2
202405240300 108  25  1.9  -9 -9.0   -9 1001.4 1011.5  5  -0.4  15.8  13.4  86.0  15.4   -9.0   -9.0   -9.0   -9.0   -9.0   -9.0   -9.0 10 22 19                       9   9    3 St         0   0   6   690 -9.0 -9.00 -9  17.6  21.4  22.0  21.6  21.5  -9 -9.0 -9  3  1
202405240400 108  27  2.2  -9 -9.0   -9 1001.5 1011.6 -9  -9.0  15.9  13.5  86.0  15.5   -9.0   -9.0   -9.0   -9.0   -9.0   -9.0   -9.0 10 22 19                      10  10    3 St        -9  -9   6   688 -9.0 -9.00 -9  17.8  21.2  21.7  21.4  21.4  -9 -9.0 -9  3  1
202405240500 108  29  1.6  -9 -9.0   -9 1001.8 1011.9 -9  -9.0  15.7  13.3  86.0  15.3   -9.0   -9.0   -9.0   -9.0   -9.0   -9.0   -9.0 10 22 19                      10  10    3 St        -9  -9   6   660 -9.0 -9.00 -9  17.8  21.0  21.5  21.2  21.3  -9 -9.0 -9  3  1
202405240600 108  27  2.3  -9 -9.0   -9 1001.7 1011.8  0   0.3  15.8  13.6  87.0  15.6   -9.0   -9.0   -9.0   -9.0   -9.0   -9.0   -9.0 10 22 19                      10  10    3 St        -9  -9   6   616  0.0  0.02 -9  18.0  20.8  21.3  21.0  21.1  -9 -9.0 -9  3  1
202405240700 108  27  1.4  -9 -9.0   -9 1002.1 1012.2 -9  -9.0  16.3  13.9  86.0  15.9   -9.0   -9.0   -9.0   -9.0   -9.0   -9.0   -9.0 10 22 19                      10  10    4 St        -9  -9   6   687  0.0  0.14 -9  19.0  20.7  21.1  20.8  21.0  -9 -9.0 -9  3  1
202405240800 108  25  1.5  -9 -9.0   -9 1002.6 1012.6 -9  -9.0  17.0  14.0  83.0  16.0   -9.0   -9.0   -9.0   -9.0   -9.0   -9.0   -9.0 10 22 19                      10  10    3 St        -9  -9   6   755  0.0  0.40 -9  20.8  20.7  21.0  20.8  21.0  -9 -9.0 -9  3  1
202405240900 108  27  1.8  -9 -9.0   -9 1002.9 1012.9  2   1.1  17.9  14.5  81.0  16.5   -9.0   -9.0   -9.0   -9.0   -9.0   -9.0   -9.0 10 22 19                       9   9    3 St         0   0   6   766  0.0  0.81 -9  25.2  20.8  21.0  20.7  20.9  -9 -9.0 -9  3  1
202405241000 108  27  1.1  -9 -9.0   -9 1002.9 1012.8 -9  -9.0  19.3  14.9  76.0  16.9   -9.0   -9.0   -9.0   -9.0   -9.0   -9.0   -9.0 10 22 19                       9   9    3 St         0   0   6   873  0.2  1.61 -9  29.6  21.3  21.2  20.7  20.8  -9 -9.0 -9  3  1
202405241100 108  16  1.5  -9 -9.0   -9 1002.4 1012.3 -9  -9.0  21.4  15.4  69.0  17.5   -9.0   -9.0   -9.0   -9.0   -9.0   -9.0   -9.0  5 22 4019                     6   6    6 Sc         0   0   5   985  0.6  2.58 -9  37.1  22.1  21.6  20.6  20.7  -9 -9.0 -9  3  1
202405241200 108  23  2.1  -9 -9.0   -9 1002.4 1012.2  7  -0.7  23.5  16.5  65.0  18.8   -9.0   -9.0   -9.0   -9.0   -9.0   -9.0   -9.0 -9 -9 40                       6   6    7 Sc         0   0   5  1047  1.0  3.20 -9  41.2  23.3  22.3  20.8  20.6  -9 -9.0 -9  3  2
202405241300 108  29  3.1  -9 -9.0   -9 1002.8 1012.6 -9  -9.0  23.0  16.0  65.0  18.2   -9.0   -9.0   -9.0   -9.0   -9.0   -9.0   -9.0 -9 -9 -                        8   8    8 Sc         0   0   5  1021  0.2  1.90 -9  35.6  24.1  23.0  20.9  20.5  -9 -9.0 -9  3  2
202405241400 108  27  3.0  -9 -9.0   -9 1002.6 1012.4 -9  -9.0  23.0  16.2  66.0  18.4   -9.0   -9.0   -9.0   -9.0   -9.0   -9.0   -9.0  5 22 40                       8   8    8 Sc         0   0   5   803  0.3  2.12 -9  37.6  24.2  23.4  21.3  20.6  -9 -9.0 -9  3  1
202405241500 108  29  3.3  -9 -9.0   -9 1002.0 1011.8  8  -0.4  22.8  16.3  67.0  18.5   -9.0   -9.0   -9.0   -9.0   -9.0   -9.0   -9.0  5 22 40                       9   9    8 Sc         0   0   5   899  0.6  2.67 -9  37.8  24.7  23.8  21.5  20.7  -9 -9.0 -9  3  1
202405241600 108  27  2.4  -9 -9.0   -9 1001.6 1011.4 -9  -9.0  23.6  16.6  65.0  18.9   -9.0   -9.0   -9.0   -9.0   -9.0   -9.0   -9.0 -9 -9 40                       7   7    8 Sc         0   0   5  1067  0.1  1.77 -9  38.2  24.9  24.1  21.8  20.8  -9 -9.0 -9  3  2
202405241700 108  32  2.1  -9 -9.0   -9 1001.5 1011.2 -9  -9.0  24.4  16.6  62.0  18.9   -9.0   -9.0   -9.0   -9.0   -9.0   -9.0   -9.0 -9 -9 -                        5   5    8 Sc         0   0   5  1223  0.8  1.71 -9  36.1  25.0  24.4  22.1  21.0  -9 -9.0 -9  3  2
202405241800 108  29  2.6  -9 -9.0   -9 1001.7 1011.4  5  -0.4  24.2  16.7  63.0  19.0   -9.0   -9.0   -9.0   -9.0   -9.0   -9.0   -9.0 -9 -9 -                        7   7    8 Sc         0   0   5  1390  0.5  1.12 -9  30.1  25.1  24.6  22.2  21.0  -9 -9.0 -9  3  2
202405241900 108  32  2.4  -9 -9.0   -9 1002.3 1012.1 -9  -9.0  23.1  16.8  68.0  19.1   -9.0   -9.0   -9.0   -9.0   -9.0   -9.0   -9.0 -9 -9 -                        3   3    8 -         -9  -9  -9  1412  0.4  0.41 -9  25.8  24.9  24.6  22.7  21.5  -9 -9.0 -9  3 -9
202405242000 108  36  1.7  -9 -9.0   -9 1002.9 1012.8 -9  -9.0  22.1  16.3  70.0  18.5   -9.0   -9.0   -9.0   -9.0   -9.0   -9.0   -9.0 -9 -9 -                        2   2    8 -         -9  -9  -9  1317  0.0  0.05 -9  22.2  24.4  24.4  22.8  21.6  -9 -9.0 -9  3 -9
202405242100 108  36  1.4  -9 -9.0   -9 1003.4 1013.3  2   1.9  21.3  16.0  72.0  18.2   -9.0   -9.0   -9.0   -9.0   -9.0   -9.0   -9.0 -9 -9 -                        2   2    9 Sc         0   0   5  1391 -9.0 -9.00 -9  20.4  23.9  24.0  22.8  21.8  -9 -9.0 -9  3  2
202405242200 108  34  1.4  -9 -9.0   -9 1004.2 1014.1 -9  -9.0  20.8  15.9  74.0  18.1   -9.0   -9.0   -9.0   -9.0   -9.0   -9.0   -9.0 -9 -9 -                        2   1   -9 -         -9  -9  -9  1568 -9.0 -9.00 -9  19.1  23.4  23.7  22.7  21.8  -9 -9.0 -9  3 -9
202405242300 108  27  2.2  -9 -9.0   -9 1004.3 1014.3 -9  -9.0  19.9  15.9  78.0  18.1   -9.0   -9.0   -9.0   -9.0   -9.0   -9.0   -9.0 -9 -9 -                        2   1   -9 -         -9  -9  -9  1209 -9.0 -9.00 -9  18.3  22.9  23.3  22.6  21.8  -9 -9.0 -9  3 -9
202405250000 108  32  0.5  -9 -9.0   -9 1004.5 1014.4  2   1.1  19.4  15.8  80.0  17.9   -9.0   -9.0   -9.0   -9.0   -9.0   -9.0   -9.0 -9 -9 -                        1   1   38 Ac         0   3   0  1240 -9.0 -9.00 -9  17.5  22.5  22.9  22.4  21.8  -9 -9.0 -9  3  2
202405250100 108   5  1.6  -9 -9.0   -9 1004.5 1014.5 -9  -9.0  18.8  15.4  81.0  17.5   -9.0   -9.0   -9.0   -9.0   -9.0   -9.0   -9.0 -9 -9 -                        0   0   -9 -         -9  -9  -9  1210 -9.0 -9.00 -9  17.2  22.1  22.6  22.2  21.8  -9 -9.0 -9  3 -9
202405250200 108   5  1.4  -9 -9.0   -9 1004.5 1014.5 -9  -9.0  18.8  15.8  83.0  17.9   -9.0   -9.0   -9.0   -9.0   -9.0   -9.0   -9.0 -9 -9 -                        3   3   11 -         -9  -9  -9  1204 -9.0 -9.00 -9  17.5  21.8  22.3  22.0  21.7  -9 -9.0 -9  3 -9
202405250300 108   5  2.3  -9 -9.0   -9 1004.4 1014.4  4   0.0  18.8  15.6  82.0  17.7   -9.0   -9.0   -9.0   -9.0   -9.0   -9.0   -9.0 -9 -9 -                        7   7   10 Sc         0   0   5  1614 -9.0 -9.00 -9  18.3  21.5  22.0  21.8  21.6  -9 -9.0 -9  3  2
202405250400 108   7  1.3  -9 -9.0   -9 1004.8 1014.8 -9  -9.0  18.9  14.3  75.0  16.3   -9.0   -9.0   -9.0   -9.0   -9.0   -9.0   -9.0 -9 -9 -                        9   9    8 Sc         0   0   5  2654 -9.0 -9.00 -9  18.5  21.4  21.8  21.6  21.5  -9 -9.0 -9  3  2
202405250500 108   5  2.0  -9 -9.0   -9 1004.8 1014.8 -9  -9.0  19.0  14.0  73.0  16.0   -9.0   -9.0   -9.0   -9.0   -9.0   -9.0   -9.0 -9 -9 -                        9   9    7 Sc         0   0   5  2616 -9.0 -9.00 -9  18.5  21.2  21.6  21.4  21.4  -9 -9.0 -9  3  2
202405250600 108   7  1.8  -9 -9.0   -9 1005.4 1015.4  2   1.0  19.0  14.0  73.0  16.0   -9.0   -9.0   -9.0   -9.0   -9.0   -9.0   -9.0 -9 -9 -                        9   9    7 Sc         0   0   5  2661  0.0  0.01 -9  18.9  21.1  21.5  21.2  21.3  -9 -9.0 -9  3  2
202405250700 108   5  2.2  -9 -9.0   -9 1005.8 1015.8 -9  -9.0  19.2  14.0  72.0  16.0   -9.0   -9.0   -9.0   -9.0   -9.0   -9.0   -9.0 -9 -9 -                        9   9    9 Sc         0   0   5  2612  0.0  0.22 -9  20.4  21.0  21.4  21.1  21.2  -9 -9.0 -9  3  2
202405250800 108   9  1.3  -9 -9.0   -9 1006.4 1016.3 -9  -9.0  19.6  12.3  63.0  14.3   -9.0   -9.0   -9.0   -9.0   -9.0   -9.0   -9.0 -9 -9 -                        9   9    9 Sc         0   0   5  2595  0.0  0.32 -9  21.0  21.1  21.3  21.0  21.1  -9 -9.0 -9  3  2
202405250900 108  11  2.0  -9 -9.0   -9 1006.6 1016.6  2   1.2  19.9  10.8  56.0  12.9   -9.0   -9.0   -9.0   -9.0   -9.0   -9.0   -9.0 -9 -9 -                        9   9    9 Sc         0   0   5  3261  0.0  0.43 -9  23.9  21.1  21.3  20.9  21.0  -9 -9.0 -9  3  2
202405251000 108   9  2.0  -9 -9.0   -9 1006.3 1016.2 -9  -9.0  21.8  12.6  56.0  14.6   -9.0   -9.0   -9.0   -9.0   -9.0   -9.0   -9.0 -9 -9 -                        8   0   -9 Ci         1   0   0  2990  0.3  1.54 -9  35.7  21.3  21.4  20.8  20.9  -9 -9.0 -9  3  2
202405251100 108  11  1.8  -9 -9.0   -9 1006.3 1016.1 -9  -9.0  22.8  11.5  49.0  13.6   -9.0   -9.0   -9.0   -9.0   -9.0   -9.0   -9.0 -9 -9 -                        8   0   -9 Ci         1   0   0  2600  0.6  2.54 -9  36.9  22.2  21.8  20.7  20.7  -9 -9.0 -9  3  2
202405251200 108   9  2.1  -9 -9.0   -9 1006.1 1015.9  7  -0.7  24.1  12.3  48.0  14.3   -9.0   -9.0   -9.0   -9.0   -9.0   -9.0   -9.0 -9 -9 -                        8   8   12 Sc         0   0   5  2152  0.2  2.37 -9  42.6  22.9  22.3  20.9  20.8  -9 -9.0 -9  3  2
202405251300 108  14  2.8  -9 -9.0   -9 1005.5 1015.2 -9  -9.0  24.5  12.4  47.0  14.4   -9.0   -9.0   -9.0   -9.0   -9.0   -9.0   -9.0 -9 -9 -                        8   8   33 Ac         0   3   0  1954  0.5  2.71 -9  41.6  23.7  22.9  21.1  20.7  -9 -9.0 -9  3  2
202405251400 108  11  2.9  -9 -9.0   -9 1005.3 1015.0 -9  -9.0  24.6  13.4  50.0  15.4   -9.0   -9.0   -9.0   -9.0   -9.0   -9.0   -9.0 -9 -9 -                        8   8   34 Ac         0   3   0  1676  0.2  2.32 -9  40.7  24.4  23.6  21.4  20.8  -9 -9.0 -9  3  2
202405251500 108  16  1.7  -9 -9.0   -9 1005.1 1014.8  7  -1.1  24.5  13.3  50.0  15.3   -9.0   -9.0   -9.0   -9.0   -9.0   -9.0   -9.0 -9 -9 -                        9   9   32 Ac         0   3   0  1555  0.2  2.02 -9  38.4  24.9  24.1  21.7  20.9  -9 -9.0 -9  3  2
202405251600 108  23  1.3  -9 -9.0   -9 1004.7 1014.4 -9  -9.0  24.5  13.6  51.0  15.6   -9.0   -9.0   -9.0   -9.0   -9.0   -9.0   -9.0 -9 -9 -                        9   9   10 Sc         0   0   5  1567  0.1  1.29 -9  37.1  25.0  24.4  22.1  21.0  -9 -9.0 -9  3  2
202405251700 108  16  2.4  -9 -9.0   -9 1004.1 1013.9 -9  -9.0  23.9  13.4  52.0  15.4   -9.0   -9.0   -9.0   -9.0   -9.0   -9.0   -9.0 -9 -9 -                        9   9   11 Sc         0   0   5  1515  0.0  0.59 -9  29.1  25.0  24.5  22.0  20.9  -9 -9.0 -9  3  2
202405251800 108  20  2.7  -9 -9.0   -9 1003.8 1013.6  7  -1.2  23.7  14.6  57.0  16.6   -9.0   -9.0   -9.0   -9.0   -9.0   -9.0   -9.0 -9 -9 -                        7   7    9 Sc         0   0   5  1292  0.1  0.60 -9  27.7  24.7  24.4  22.2  21.0  -9 -9.0 -9  3  2
202405251900 108  23  2.2  -9 -9.0   -9 1003.7 1013.5 -9  -9.0  22.9  14.4  59.0  16.4   -9.0   -9.0   -9.0   -9.0   -9.0   -9.0   -9.0 -9 -9 -                        7   7    9 -         -9  -9  -9  1093  0.1  0.35 -9  23.9  24.4  24.3  22.7  21.6  -9 -9.0 -9  3 -9
202405252000 108  27  1.6  -9 -9.0   -9 1003.3 1013.2 -9  -9.0  21.6  15.4  68.0  17.5   -9.0   -9.0   -9.0   -9.0   -9.0   -9.0   -9.0 -9 -9 40                       5   5    9 -         -9  -9  -9   859  0.0  0.03 -9  20.8  24.0  24.1  22.7  21.7  -9 -9.0 -9  3  2
202405252100 108  25  1.6  -9 -9.0   -9 1003.7 1013.6  4   0.0  20.7  15.4  72.0  17.5   -9.0   -9.0   -9.0   -9.0   -9.0   -9.0   -9.0  5 11 40                       4   0   -9 Ci         1   0   0   799 -9.0 -9.00 -9  19.6  23.5  23.7  22.7  21.8  -9 -9.0 -9  3  1
202405252200 108  25  0.9  -9 -9.0   -9 1003.7 1013.7 -9  -9.0  20.3  15.0  72.0  17.0   -9.0   -9.0   -9.0   -9.0   -9.0   -9.0   -9.0 -9 -9 40                       6   0   -9 -         -9  -9  -9   780 -9.0 -9.00 -9  19.2  23.0  23.4  22.5  21.8  -9 -9.0 -9  3  2
202405252300 108  34  0.8  -9 -9.0   -9 1003.6 1013.6 -9  -9.0  20.2  15.4  74.0  17.5   -9.0   -9.0   -9.0   -9.0   -9.0   -9.0   -9.0 -9 -9 40                       8   8    9 -         -9  -9  -9   744 -9.0 -9.00 -9  19.7  22.6  23.0  22.4  21.8  -9 -9.0 -9  3  2
202405260000 108   9  1.4  -9 -9.0   -9 1002.9 1012.8  8  -0.8  20.4  13.3  64.0  15.3   -9.0   -9.0   -9.0   -9.0   -9.0   -9.0   -9.0 -9 -9 40                       9   9    9 Sc         0   0   5  1893 -9.0 -9.00 -9  20.0  22.3  22.7  22.2  21.8  -9 -9.0 -9  3  2
202405260100 108  11  2.4  -9 -9.0   -9 1002.6 1012.5 -9  -9.0  20.5  12.7  61.0  14.7   -9.0   -9.0   -9.0   -9.0   -9.0   -9.0   -9.0 -9 -9 -                        6   6    9 -         -9  -9  -9  2373 -9.0 -9.00 -9  20.0  22.1  22.5  22.0  21.7  -9 -9.0 -9  3 -9
202405260200 108  11  2.5  -9 -9.0   -9 1002.1 1012.0 -9  -9.0  20.5  12.2  59.0  14.2   -9.0   -9.0   -9.0   -9.0   -9.0   -9.0   -9.0 -9 -9 -                        8   8    9 -         -9  -9  -9  2473 -9.0 -9.00 -9  19.9  22.0  22.3  21.9  21.6  -9 -9.0 -9  3 -9
202405260300 108   9  1.2  -9 -9.0   -9 1001.5 1011.4  7  -1.4  20.2  11.9  59.0  13.9   -9.0   -9.0   -9.0   -9.0   -9.0   -9.0   -9.0 -9 -9 -                        7   0   -9 Ci         1   0   0  2492 -9.0 -9.00 -9  18.6  21.8  22.2  21.7  21.6  -9 -9.0 -9  3  2
202405260400 108  11  2.3  -9 -9.0   -9 1000.9 1010.8 -9  -9.0  19.5  11.5  60.0  13.6   -9.0   -9.0   -9.0   -9.0   -9.0   -9.0   -9.0 -9 -9 -                        8   0   -9 Ci         1   0   0  2615 -9.0 -9.00 -9  17.2  21.6  22.0  21.6  21.5  -9 -9.0 -9  3  2
202405260500 108  11  2.0  -9 -9.0   -9 1000.3 1010.2 -9  -9.0  18.9  11.2  61.0  13.3   -9.0   -9.0   -9.0   -9.0   -9.0   -9.0   -9.0 -9 -9 -                        6   0   -9 Ci         1   0   0  2729 -9.0 -9.00 -9  16.5  21.3  21.7  21.4  21.4  -9 -9.0 -9  3  2
202405260600 108   7  1.5  -9 -9.0   -9  999.7 1009.6  7  -1.8  18.7  11.5  63.0  13.6   -9.0   -9.0   -9.0   -9.0   -9.0   -9.0   -9.0 -9 -9 -                        8   0   -9 Ci         1   0   0  2808  0.0  0.05 -9  17.0  21.0  21.5  21.3  21.3  -9 -9.0 -9  3  2
202405260700 108   7  1.5  -9 -9.0   -9  999.5 1009.4 -9  -9.0  19.1  12.3  65.0  14.3   -9.0   -9.0   -9.0   -9.0   -9.0   -9.0   -9.0 -9 -9 -                        8   0   -9 Ci         1   0   0  2553  0.6  0.42 -9  20.4  20.8  21.3  21.1  21.2  -9 -9.0 -9  3  2
202405260800 108   9  1.7  -9 -9.0   -9  999.2 1009.1 -9  -9.0  21.1  12.5  58.0  14.5   -9.0   -9.0   -9.0   -9.0   -9.0   -9.0   -9.0 -9 -9 -                        6   0   -9 Ci         1   0   0  2992  1.0  1.20 -9  28.7  20.9  21.2  21.0  21.1  -9 -9.0 -9  3  2
202405260900 108  16  2.0  -9 -9.0   -9  998.5 1008.3  7  -1.3  22.6  12.8  54.0  14.8   -9.0   -9.0   -9.0   -9.0   -9.0   -9.0   -9.0 -9 -9 -                        8   5   12 ScAc       0   3   5  2647  0.8  1.78 -9  31.9  21.5  21.4  20.8  21.0  -9 -9.0 -9  3  2
202405261000 108  20  2.6  -9 -9.0   -9  998.0 1007.7 -9  -9.0  23.4  12.0  49.0  14.0   -9.0   -9.0   -9.0   -9.0   -9.0   -9.0   -9.0 -9 -9 -                        9   9   12 Sc         0   0   5  2836  0.4  1.94 -9  34.1  22.2  21.8  20.8  20.9  -9 -9.0 -9  3  2
202405261100 108  20  2.9  -9 -9.0   -9  997.8 1007.5 -9  -9.0  23.5  12.7  51.0  14.7   -9.0   -9.0   -9.0   -9.0   -9.0   -9.0   -9.0 -9 -9 -                        9   9   12 Sc         0   0   5  2109  0.2  1.50 -9  34.9  22.7  22.2  20.8  20.7  -9 -9.0 -9  3  2
202405261200 108  20  3.4  -9 -9.0   -9  997.0 1006.7  7  -1.6  22.9  12.5  52.0  14.5   -9.0   -9.0   -9.0   -9.0   -9.0   -9.0   -9.0 -9 -9 -                       10   5    9 ScAs      -9   2   5  2322  0.1  1.44 -9  29.5  23.1  22.6  21.0  20.8  -9 -9.0 -9  3  2
202405261300 108  23  3.2  -9 -9.0   -9  996.1 1005.9 -9  -9.0  22.1  13.1  57.0  15.1    0.0    0.0    0.0   -9.0   -9.0   -9.0   -9.0 21 62 01                      10   6   10 ScAs      -9   2   5  2338  0.0  0.54 -9  27.3  23.1  22.8  21.3  20.9  -9 -9.0 -9  4  1
202405261400 108  27  3.1  -9 -9.0   -9  994.7 1004.6 -9  -9.0  20.2  16.4  79.0  18.6    0.6    0.6    0.6   -9.0   -9.0   -9.0   -9.0 60 62 1901                    10   7    9 ScAs      -9   2   5   731  0.0  0.41 -9  23.5  23.0  22.8  21.5  20.9  -9 -9.0 -9  4  1
202405261500 108  14  1.4  -9 -9.0   -9  993.8 1003.6  7  -3.1  19.5  17.0  86.0  19.4    1.0    1.6    1.6   -9.0   -9.0   -9.0   -9.0 61 66 1901                    10   7    7 StNs      -9   2   7   238  0.0  0.30 -9  22.1  22.7  22.7  21.5  21.0  -9 -9.0 -9  4  1
202405261600 108  14  1.9  -9 -9.0   -9  992.5 1002.3 -9  -9.0  19.3  17.4  89.0  19.9    0.3    1.9    1.9   -9.0   -9.0   -9.0   -9.0 61 66 1901                    10   8    7 StNs      -9   2   7   232  0.0  0.39 -9  21.7  22.5  22.5  21.5  21.0  -9 -9.0 -9  4  1
202405261700 108  16  1.7  -9 -9.0   -9  991.5 1001.3 -9  -9.0  19.3  17.9  92.0  20.5    1.2    3.1    3.1   -9.0   -9.0   -9.0   -9.0 61 66 1901                    10   8    6 StNs      -9   2   7   209  0.0  0.12 -9  20.7  22.3  22.4  21.5  21.1  -9 -9.0 -9  4  1
202405261800 108  18  3.3  -9 -9.0   -9  991.4 1001.2  7  -2.4  19.4  18.2  93.0  20.9    2.9    6.0    6.0   -9.0   -9.0   -9.0   -9.0 61 66 1901                    10   8    5 StNs      -9   2   7   748  0.0  0.08 -9  20.4  22.0  22.2  21.4  21.1  -9 -9.0 -9  4  1
202405261900 108  23  5.1  -9 -9.0   -9  991.4 1001.2 -9  -9.0  19.4  18.2  93.0  20.9    0.0    6.0    6.0   -9.0   -9.0   -9.0   -9.0 60 66 1901                    10   7    7 ScAs      -9   2   5  2061  0.0  0.02 -9  19.7  21.8  22.0  21.3  21.1  -9 -9.0 -9  4  1
202405262000 108  23  3.7  20 10.0 1908  991.3 1001.1 -9  -9.0  19.1  18.2  95.0  20.9    0.1    6.1    6.1   -9.0   -9.0   -9.0   -9.0 61 66 1901                    10   8    5 StNs      -9   2   7   334  0.0  0.01 -9  19.5  21.5  21.8  21.2  21.0  -9 -9.0 -9  4  1
202405262100 108  25  3.3  20 10.0 1908  991.3 1001.1  6  -0.1  18.7  17.8  95.0  20.4    0.4    6.5    6.5   -9.0   -9.0   -9.0   -9.0 61 66 1901                    10   9    5 StNs      -9   2   7   305 -9.0 -9.00 -9  19.1  21.3  21.6  21.1  21.0  -9 -9.0 -9  1  1
202405262200 108  25  2.4  -9 -9.0   -9  991.7 1001.6 -9  -9.0  17.9  16.7  93.0  19.0    2.2    8.7    8.7   -9.0   -9.0   -9.0   -9.0 61 66 1901                    10   8    6 StNs      -9   2   7   918 -9.0 -9.00 -9  18.6  21.1  21.4  21.0  21.0  -9 -9.0 -9  4  1
202405262300 108  25  3.2  -9 -9.0   -9  991.6 1001.5 -9  -9.0  17.3  16.1  93.0  18.3    0.0    8.7    8.7   -9.0   -9.0   -9.0   -9.0 21 62 1901                    10   9    7 ScAs      -9   2   5   471 -9.0 -9.00 -9  18.1  20.8  21.2  20.9  20.9  -9 -9.0 -9  4  1
202405270000 108  25  3.0  -9 -9.0   -9  991.8 1001.7  2   0.6  17.0  15.6  92.0  17.7   -9.0    8.7    8.7   -9.0   -9.0   -9.0   -9.0 10 22 19                       9   9    8 Sc         0   0   5   389 -9.0 -9.00 -9  17.7  20.6  21.0  20.7  20.8  -9 -9.0 -9  3  1
202405270100 108  20  2.4  -9 -9.0   -9  991.9 1001.9 -9  -9.0  16.5  15.0  91.0  17.0   -9.0   -9.0   -9.0   -9.0   -9.0   -9.0   -9.0 -9 -9 19                       0   0   -9 -         -9  -9  -9   457 -9.0 -9.00 -9  16.5  20.4  20.8  20.6  20.8  -9 -9.0 -9  3  2
202405270200 108  23  2.9  -9 -9.0   -9  992.0 1002.0 -9  -9.0  15.7  14.2  91.0  16.2   -9.0   -9.0   -9.0   -9.0   -9.0   -9.0   -9.0 -9 -9 19                       2   2    9 -         -9  -9  -9   569 -9.0 -9.00 -9  15.3  20.1  20.6  20.5  20.8  -9 -9.0 -9  3  2
202405270300 108  25  3.5  -9 -9.0   -9  992.0 1002.1  2   0.4  15.1  13.2  89.0  15.2   -9.0   -9.0   -9.0   -9.0   -9.0   -9.0   -9.0 10 11 19                       0   0   -9 -         -9  -9  -9   997 -9.0 -9.00 -9  14.4  19.8  20.3  20.4  20.7  -9 -9.0 -9  3  1
202405270400 108  25  3.5  -9 -9.0   -9  992.2 1002.3 -9  -9.0  14.9  13.4  91.0  15.4   -9.0   -9.0   -9.0   -9.0   -9.0   -9.0   -9.0 10 22 19                       7   7   10 Sc         0   0   5   758 -9.0 -9.00 -9  14.7  19.4  20.0  20.2  20.6  -9 -9.0 -9  3  1
202405270500 108  27  1.9  -9 -9.0   -9  992.7 1002.7 -9  -9.0  14.7  13.2  91.0  15.2   -9.0   -9.0   -9.0   -9.0   -9.0   -9.0   -9.0 10 22 19                       7   7   10 Sc         0   0   5   713 -9.0 -9.00 -9  14.7  19.2  19.8  20.0  20.5  -9 -9.0 -9  3  1
202405270600 108  27  2.8  -9 -9.0   -9  993.5 1003.6  2   1.5  14.2  12.4  89.0  14.4   -9.0   -9.0   -9.0   -9.0   -9.0   -9.0   -9.0 -9 -9 19                       0   0   -9 -         -9  -9  -9  1419  0.1  0.05 -9  13.7  18.9  19.5  19.8  20.4  -9 -9.0 -9  3  2
202405270700 108  27  2.7  -9 -9.0   -9  994.0 1004.0 -9  -9.0  14.5  11.4  82.0  13.5   -9.0   -9.0   -9.0   -9.0   -9.0   -9.0   -9.0 -9 -9 -                        0   0   -9 -         -9  -9  -9  2698  1.0  0.60 -9  16.2  18.6  19.3  19.7  20.3  -9 -9.0 -9  3  2
202405270800 108  29  2.9  -9 -9.0   -9  994.0 1004.0 -9  -9.0  16.0  10.7  71.0  12.9   -9.0   -9.0   -9.0   -9.0   -9.0   -9.0   -9.0 -9 -9 -                        0   0   -9 -         -9  -9  -9  3804  1.0  1.36 -9  21.4  18.6  19.1  19.5  20.2  -9 -9.0 -9  3  2
202405270900 108  29  3.4  -9 -9.0   -9  993.7 1003.6  4   0.0  17.6  10.4  63.0  12.6   -9.0   -9.0   -9.0   -9.0   -9.0   -9.0   -9.0 -9 -9 -                        1   0   -9 Ci         1   0   0  3519  1.0  2.10 -9  25.5  19.2  19.2  19.4  20.1  -9 -9.0 -9  3  2
202405271000 108  29  3.9  -9 -9.0   -9  993.5 1003.3 -9  -9.0  19.3  10.8  58.0  12.9   -9.0   -9.0   -9.0   -9.0   -9.0   -9.0   -9.0 -9 -9 -                        3   3   10 Sc         0   0   5  3127  1.0  2.68 -9  27.7  19.9  19.5  19.3  20.0  -9 -9.0 -9  3  2
202405271100 108  25  3.9  29 10.0 1023  993.3 1003.2 -9  -9.0  20.1   9.9  52.0  12.2   -9.0   -9.0   -9.0   -9.0   -9.0   -9.0   -9.0 -9 -9 -                        3   1   10 ScCi       1   0   5  3459  0.9  3.09 -9  30.1  20.6  20.0  19.4  19.9  -9 -9.0 -9  3  2
202405271200 108  25  4.5  29 10.0 1023  993.0 1002.8  7  -0.8  20.8  10.5  52.0  12.7   -9.0   -9.0   -9.0   -9.0   -9.0   -9.0   -9.0 -9 -9 -                        3   1   10 ScCi       1   0   5  3474  0.9  3.29 -9  31.3  21.5  20.6  19.6  19.8  -9 -9.0 -9  3  2
202405271300 108  27  5.0  27 12.0 1251  992.1 1001.9 -9  -9.0  21.2  10.6  51.0  12.8   -9.0   -9.0   -9.0   -9.0   -9.0   -9.0   -9.0 -9 -9 -                        5   5   10 Sc         0   0   5  3590  0.9  3.32 -9  31.7  22.4  21.3  19.8  19.8  -9 -9.0 -9  3  2
202405271400 108  25  3.9  -9 -9.0   -9  991.9 1001.6 -9  -9.0  22.2  11.8  52.0  13.8   -9.0   -9.0   -9.0   -9.0   -9.0   -9.0   -9.0 -9 -9 -                        6   5   10 ScCi       1   0   5  4508  0.6  2.84 -9  32.0  23.0  22.0  20.2  19.9  -9 -9.0 -9  3  2
202405271500 108  27  4.1  27 12.0 1251  992.4 1002.1  5  -0.7  22.5   8.5  41.0  11.1   -9.0   -9.0   -9.0   -9.0   -9.0   -9.0   -9.0 -9 -9 -                        7   4   10 ScCi       1   0   5  4020  0.8  2.63 -9  31.2  23.4  22.5  20.5  20.0  -9 -9.0 -9  3  2
202405271600 108  27  3.6  -9 -9.0   -9  992.7 1002.4 -9  -9.0  22.6   9.7  44.0  12.0   -9.0   -9.0   -9.0   -9.0   -9.0   -9.0   -9.0 -9 -9 -                        6   4   10 ScCi       1   0   5  4017  0.7  2.08 -9  30.5  23.5  22.8  20.9  20.2  -9 -9.0 -9  3  2
202405271700 108  27  3.3  -9 -9.0   -9  993.1 1002.9 -9  -9.0  21.9   9.0  44.0  11.5   -9.0   -9.0   -9.0   -9.0   -9.0   -9.0   -9.0 -9 -9 -                        8   6   10 ScCi       1   0   5  3416  0.7  1.69 -9  25.5  23.6  23.0  21.2  20.4  -9 -9.0 -9  3  2
202405271800 108  27  3.1  -9 -9.0   -9  993.7 1003.5  2   1.4  21.3   9.2  46.0  11.6   -9.0   -9.0   -9.0   -9.0   -9.0   -9.0   -9.0 -9 -9 -                        8   6   10 ScCi       1   0   5  4168  0.1  0.62 -9  22.9  23.3  23.0  21.4  20.6  -9 -9.0 -9  3  2
202405271900 108  27  2.4  -9 -9.0   -9  994.2 1004.0 -9  -9.0  20.8   9.0  47.0  11.5   -9.0   -9.0   -9.0   -9.0   -9.0   -9.0   -9.0 -9 -9 -                        7   7    9 -         -9  -9  -9  3554  0.1  0.42 -9  20.7  22.9  22.8  21.5  20.7  -9 -9.0 -9  3 -9
202405272000 108  27  2.4  -9 -9.0   -9  994.7 1004.6 -9  -9.0  20.1   8.7  48.0  11.2   -9.0   -9.0   -9.0   -9.0   -9.0   -9.0   -9.0 -9 -9 -                        7   7    9 -         -9  -9  -9  3851  0.1  0.12 -9  18.4  22.5  22.5  21.5  20.9  -9 -9.0 -9  3 -9
202405272100 108  25  3.3  -9 -9.0   -9  994.8 1004.6  1   1.1  19.1  11.1  60.0  13.2   -9.0   -9.0   -9.0   -9.0   -9.0   -9.0   -9.0 -9 -9 -                        6   0   -9 Ci         1   0   0  3325 -9.0 -9.00 -9  16.9  21.9  22.1  21.5  21.0  -9 -9.0 -9  3  2
202405272200 108  27  2.1  -9 -9.0   -9  995.1 1005.0 -9  -9.0  18.1  11.1  64.0  13.2   -9.0   -9.0   -9.0   -9.0   -9.0   -9.0   -9.0 -9 -9 -                        7   7    9 -         -9  -9  -9  3063 -9.0 -9.00 -9  16.1  21.4  21.7  21.3  21.0  -9 -9.0 -9  3 -9
202405272300 108  27  2.7  -9 -9.0   -9  995.2 1005.1 -9  -9.0  17.5  10.8  65.0  12.9   -9.0   -9.0   -9.0   -9.0   -9.0   -9.0   -9.0 -9 -9 -                        5   5    9 -         -9  -9  -9  3291 -9.0 -9.00 -9  15.3  20.9  21.3  21.2  21.0  -9 -9.0 -9  3 -9
202405280000 108  29  2.6  -9 -9.0   -9  994.5 1004.5  8  -0.1  17.0  10.8  67.0  12.9   -9.0   -9.0   -9.0   -9.0   -9.0   -9.0   -9.0 -9 -9 -                        1   0   -9 Ci         1   0   0  3220 -9.0 -9.00 -9  14.7  20.5  21.0  21.0  20.9  -9 -9.0 -9  3  2
202405280100 108  29  1.8  -9 -9.0   -9  994.3 1004.3 -9  -9.0  16.6  10.6  68.0  12.8   -9.0   -9.0   -9.0   -9.0   -9.0   -9.0   -9.0 -9 -9 -                        6   6    9 -         -9  -9  -9  3073 -9.0 -9.00 -9  14.4  20.1  20.6  20.7  20.9  -9 -9.0 -9  3 -9
202405280200 108  27  1.6  -9 -9.0   -9  994.6 1004.6 -9  -9.0  16.0  10.7  71.0  12.9   -9.0   -9.0   -9.0   -9.0   -9.0   -9.0   -9.0 -9 -9 -                        5   5    9 -         -9  -9  -9  3010 -9.0 -9.00 -9  13.8  19.7  20.3  20.5  20.8  -9 -9.0 -9  3 -9
202405280300 108   2  1.3  -9 -9.0   -9  995.2 1005.3  3   0.8  15.5  10.6  73.0  12.8   -9.0   -9.0   -9.0   -9.0   -9.0   -9.0   -9.0 -9 -9 -                        0   0   -9 -         -9  -9  -9  3007 -9.0 -9.00 -9  13.5  19.4  20.0  20.3  20.7  -9 -9.0 -9  3  2
202405280400 108  36  1.4  -9 -9.0   -9  995.2 1005.3 -9  -9.0  15.2  10.7  75.0  12.9   -9.0   -9.0   -9.0   -9.0   -9.0   -9.0   -9.0 -9 -9 -                        2   0   -9 Ci         1   0   0  2937 -9.0 -9.00 -9  13.1  19.1  19.7  20.1  20.6  -9 -9.0 -9  3  2
202405280500 108   5  0.5  -9 -9.0   -9  995.1 1005.2 -9  -9.0  14.7  10.8  78.0  12.9   -9.0   -9.0   -9.0   -9.0   -9.0   -9.0   -9.0 -9 -9 -                        3   0   -9 Ci         1   0   0  2772 -9.0 -9.00 -9  12.7  18.7  19.4  19.8  20.4  -9 -9.0 -9  3  2
202405280600 108   5  2.2  -9 -9.0   -9  995.7 1005.8  3   0.5  14.3  10.6  79.0  12.8   -9.0   -9.0   -9.0   -9.0   -9.0   -9.0   -9.0 -9 -9 -                        4   0   -9 Ci         1   0   0  2836  0.1  0.07 -9  13.4  18.5  19.1  19.6  20.3  -9 -9.0 -9  3  2
202405280700 108   5  2.1  -9 -9.0   -9  996.0 1006.1 -9  -9.0  15.1  11.0  77.0  13.1   -9.0   -9.0   -9.0   -9.0   -9.0   -9.0   -9.0 -9 -9 -                        0   0   -9 -         -9  -9  -9  2665  0.6  0.39 -9  16.3  18.3  18.9  19.4  20.1  -9 -9.0 -9  3  2
202405280800 108   5  2.6  -9 -9.0   -9  996.2 1006.1 -9  -9.0  17.9  11.2  65.0  13.3   -9.0   -9.0   -9.0   -9.0   -9.0   -9.0   -9.0 -9 -9 -                        0   0   -9 -         -9  -9  -9  2697  1.0  1.35 -9  22.0  18.5  18.8  19.2  20.0  -9 -9.0 -9  3  2
202405280900 108   5  3.6  -9 -9.0   -9  996.3 1006.2  2   0.4  19.8  11.0  57.0  13.1   -9.0   -9.0   -9.0   -9.0   -9.0   -9.0   -9.0 -9 -9 -                        0   0   -9 -         -9  -9  -9  3746  1.0  2.08 -9  27.0  19.0  19.0  19.1  19.9  -9 -9.0 -9  3  2
202405281000 108   9  3.0   9 10.0  955  996.3 1006.1 -9  -9.0  21.6  10.4  49.0  12.6   -9.0   -9.0   -9.0   -9.0   -9.0   -9.0   -9.0 -9 -9 -                        0   0   -9 -         -9  -9  -9  3447  1.0  2.71 -9  31.8  19.8  19.4  19.1  19.7  -9 -9.0 -9  3  2
202405281100 108   7  3.4  -9 -9.0   -9  996.4 1006.1 -9  -9.0  22.9  10.3  45.0  12.5   -9.0   -9.0   -9.0   -9.0   -9.0   -9.0   -9.0 -9 -9 -                        1   1   10 Sc         0   0   5  4329  1.0  3.31 -9  37.1  20.8  20.0  19.2  19.6  -9 -9.0 -9  3  2
202405281200 108   5  3.8   9 10.0  955  996.2 1005.9  7  -0.3  23.8  10.1  42.0  12.4   -9.0   -9.0   -9.0   -9.0   -9.0   -9.0   -9.0 -9 -9 -                        4   4   15 Sc         0   0   5  4412  0.9  3.50 -9  39.6  22.1  20.9  19.4  19.6  -9 -9.0 -9  3  2
202405281300 108   2  3.7  -9 -9.0   -9  995.6 1005.2 -9  -9.0  24.6   9.3  38.0  11.7   -9.0   -9.0   -9.0   -9.0   -9.0   -9.0   -9.0 -9 -9 -                        6   6   15 Sc         0   0   5  4212  0.8  3.36 -9  38.1  23.2  21.8  19.8  19.6  -9 -9.0 -9  3  2
202405281400 108  34  3.3  -9 -9.0   -9  995.7 1005.3 -9  -9.0  24.6   9.3  38.0  11.7   -9.0   -9.0   -9.0   -9.0   -9.0   -9.0   -9.0 -9 -9 -                        6   6   15 Sc         0   0   5  4410  0.4  2.32 -9  37.7  23.8  22.6  20.3  19.8  -9 -9.0 -9  3  2
202405281500 108   5  3.7   9 10.0  955  995.7 1005.3  5  -0.6  24.7  10.1  40.0  12.4   -9.0   -9.0   -9.0   -9.0   -9.0   -9.0   -9.0 -9 -9 -                        6   6   15 Sc         0   0   5  4492  0.4  2.03 -9  33.2  24.1  23.1  20.8  20.0  -9 -9.0 -9  3  2
202405281600 108   2  3.6  -9 -9.0   -9  995.8 1005.4 -9  -9.0  24.7  10.5  41.0  12.7   -9.0   -9.0   -9.0   -9.0   -9.0   -9.0   -9.0 -9 -9 -                        4   4   15 Sc         0   0   5  4237  0.5  1.94 -9  34.6  24.3  23.4  21.2  20.2  -9 -9.0 -9  3  2
202405281700 108   5  3.7  -9 -9.0   -9  995.6 1005.3 -9  -9.0  25.9   8.8  34.0  11.3   -9.0   -9.0   -9.0   -9.0   -9.0   -9.0   -9.0 -9 -9 -                        3   3   15 Sc         0   0   5  3823  1.0  2.31 -9  35.9  24.5  23.7  21.4  20.4  -9 -9.0 -9  3  2
202405281800 108  36  3.5  -9 -9.0   -9  995.9 1005.6  2   0.3  25.5   8.0  33.0  10.7   -9.0   -9.0   -9.0   -9.0   -9.0   -9.0   -9.0 -9 -9 -                        1   1   10 Sc         0   0   5  4274  1.0  1.41 -9  27.9  24.5  23.9  21.7  20.6  -9 -9.0 -9  3  2
202405281900 108  32  3.6  -9 -9.0   -9  996.5 1006.2 -9  -9.0  24.2   6.8  33.0   9.9   -9.0   -9.0   -9.0   -9.0   -9.0   -9.0   -9.0 -9 -9 -                        0   0   -9 -         -9  -9  -9  4309  1.0  0.67 -9  23.1  23.9  23.9  21.8  20.6  -9 -9.0 -9  3 -9
202405282000 108  34  2.7  -9 -9.0   -9  997.4 1007.2 -9  -9.0  22.8   7.3  37.0  10.2   -9.0   -9.0   -9.0   -9.0   -9.0   -9.0   -9.0 -9 -9 -                        0   0   -9 -         -9  -9  -9  4255  0.4  0.10 -9  20.4  23.4  23.6  22.1  20.9  -9 -9.0 -9  3 -9
202405282100 108  27  3.1  -9 -9.0   -9  998.4 1008.3  2   2.7  20.8   9.9  50.0  12.2   -9.0   -9.0   -9.0   -9.0   -9.0   -9.0   -9.0 -9 -9 -                        0   0   -9 -         -9  -9  -9  4088 -9.0 -9.00 -9  18.6  22.9  23.2  22.1  21.1  -9 -9.0 -9  3  2
202405282200 108  23  2.1  -9 -9.0   -9  999.4 1009.3 -9  -9.0  19.7  11.7  60.0  13.7   -9.0   -9.0   -9.0   -9.0   -9.0   -9.0   -9.0 -9 -9 -                        0   0   -9 -         -9  -9  -9  3716 -9.0 -9.00 -9  17.6  22.3  22.7  22.0  21.2  -9 -9.0 -9  3 -9
202405282300 108  29  1.5  -9 -9.0   -9  999.6 1009.5 -9  -9.0  19.1  11.3  61.0  13.4   -9.0   -9.0   -9.0   -9.0   -9.0   -9.0   -9.0 -9 -9 -                        0   0   -9 -         -9  -9  -9  3662 -9.0 -9.00 -9  16.8  21.7  22.2  21.8  21.3  -9 -9.0 -9  3 -9
202405290000 108  27  2.2  -9 -9.0   -9 1000.0 1009.9  2   1.6  18.4  11.4  64.0  13.5   -9.0   -9.0   -9.0   -9.0   -9.0   -9.0   -9.0 -9 -9 -                        0   0   -9 -         -9  -9  -9  3610 -9.0 -9.00 -9  16.1  21.2  21.8  21.6  21.2  -9 -9.0 -9  3  2
202405290100 108  27  0.7  -9 -9.0   -9 1000.4 1010.4 -9  -9.0  17.9  11.2  65.0  13.3   -9.0   -9.0   -9.0   -9.0   -9.0   -9.0   -9.0 -9 -9 -                        0   0   -9 -         -9  -9  -9  3563 -9.0 -9.00 -9  15.5  20.8  21.4  21.3  21.2  -9 -9.0 -9  3 -9
202405290200 108  25  1.9  -9 -9.0   -9 1000.6 1010.6 -9  -9.0  17.2  11.2  68.0  13.3   -9.0   -9.0   -9.0   -9.0   -9.0   -9.0   -9.0 -9 -9 -                        0   0   -9 -         -9  -9  -9  3497 -9.0 -9.00 -9  15.1  20.4  21.0  21.1  21.1  -9 -9.0 -9  3 -9
202405290300 108  25  0.9  -9 -9.0   -9 1000.9 1010.9  2   1.0  16.8  11.7  72.0  13.7   -9.0   -9.0   -9.0   -9.0   -9.0   -9.0   -9.0 -9 -9 -                        0   0   -9 -         -9  -9  -9  3415 -9.0 -9.00 -9  14.6  20.1  20.7  20.8  21.0  -9 -9.0 -9  3  2
202405290400 108   2  0.9  -9 -9.0   -9 1001.1 1011.2 -9  -9.0  16.4  11.5  73.0  13.6   -9.0   -9.0   -9.0   -9.0   -9.0   -9.0   -9.0 -9 -9 -                        0   0   -9 -         -9  -9  -9  3312 -9.0 -9.00 -9  14.2  19.8  20.4  20.6  20.9  -9 -9.0 -9  3  2
202405290500 108   2  1.6  -9 -9.0   -9 1001.4 1011.5 -9  -9.0  15.9  11.6  76.0  13.7   -9.0   -9.0   -9.0   -9.0   -9.0   -9.0   -9.0 -9 -9 -                        0   0   -9 -         -9  -9  -9  3302 -9.0 -9.00 -9  13.7  19.5  20.1  20.4  20.7  -9 -9.0 -9  3  2
202405290600 108   2  1.1  -9 -9.0   -9 1002.3 1012.4  2   1.5  15.5  11.0  75.0  13.1   -9.0   -9.0   -9.0   -9.0   -9.0   -9.0   -9.0 -9 -9 -                        0   0   -9 -         -9  -9  -9  3411  0.0  0.05 -9  14.0  19.2  19.8  20.1  20.6  -9 -9.0 -9  3  2
202405290700 108   2  0.8  -9 -9.0   -9 1002.7 1012.8 -9  -9.0  16.5  11.4  72.0  13.5   -9.0   -9.0   -9.0   -9.0   -9.0   -9.0   -9.0 -9 -9 -                        0   0   -9 -         -9  -9  -9  3340  1.0  0.53 -9  17.5  18.9  19.5  19.9  20.5  -9 -9.0 -9  3  2
202405290800 108   7  0.6  -9 -9.0   -9 1002.9 1012.8 -9  -9.0  19.0  12.2  65.0  14.2   -9.0   -9.0   -9.0   -9.0   -9.0   -9.0   -9.0 -9 -9 -                        0   0   -9 -         -9  -9  -9  2536  1.0  1.27 -9  23.9  19.2  19.5  19.7  20.3  -9 -9.0 -9  3  2
202405290900 108  20  1.7  -9 -9.0   -9 1003.0 1012.9  2   0.5  21.2  13.3  61.0  15.3   -9.0   -9.0   -9.0   -9.0   -9.0   -9.0   -9.0 -9 -9 -                        0   0   -9 -         -9  -9  -9  2626  1.0  1.98 -9  30.4  19.8  19.7  19.4  20.0  -9 -9.0 -9  3  2
202405291000 108  20  2.3  -9 -9.0   -9 1003.2 1013.0 -9  -9.0  22.7  12.9  54.0  14.9   -9.0   -9.0   -9.0   -9.0   -9.0   -9.0   -9.0 -9 -9 -                        0   0   -9 -         -9  -9  -9  2544  1.0  2.62 -9  36.8  20.8  20.2  19.5  19.9  -9 -9.0 -9  3  2
202405291100 108  25  3.3  -9 -9.0   -9 1003.2 1012.9 -9  -9.0  24.3  11.9  46.0  13.9   -9.0   -9.0   -9.0   -9.0   -9.0   -9.0   -9.0 -9 -9 -                        0   0   -9 -         -9  -9  -9  3137  1.0  3.17 -9  41.8  22.0  20.9  19.6  19.9  -9 -9.0 -9  3  2
202405291200 108  29  3.1  -9 -9.0   -9 1003.0 1012.8  8  -0.1  25.2  11.7  43.0  13.7   -9.0   -9.0   -9.0   -9.0   -9.0   -9.0   -9.0 -9 -9 -                        6   0   -9 Ci         1   0   0  2698  1.0  3.46 -9  44.9  23.2  21.9  19.9  19.9  -9 -9.0 -9  3  2
202405291300 108  27  3.6  -9 -9.0   -9 1002.7 1012.4 -9  -9.0  26.2   9.9  36.0  12.2   -9.0   -9.0   -9.0   -9.0   -9.0   -9.0   -9.0 -9 -9 -                        8   0   -9 Ci         1   0   0  2602  1.0  3.49 -9  47.3  24.2  22.8  20.4  19.9  -9 -9.0 -9  3  2
202405291400 108  25  3.4  -9 -9.0   -9 1002.3 1012.0 -9  -9.0  26.5  10.6  37.0  12.8   -9.0   -9.0   -9.0   -9.0   -9.0   -9.0   -9.0 -9 -9 -                        8   0   -9 Ci         1   0   0  3517  1.0  3.32 -9  43.2  25.1  23.6  20.8  20.0  -9 -9.0 -9  3  2
202405291500 108  27  3.5  -9 -9.0   -9 1002.0 1011.7  7  -1.1  26.6   9.8  35.0  12.1   -9.0   -9.0   -9.0   -9.0   -9.0   -9.0   -9.0 -9 -9 -                        8   0   -9 Ci         1   0   0  3389  0.9  2.78 -9  44.7  25.5  24.2  21.3  20.2  -9 -9.0 -9  3  2
202405291600 108  25  3.3  -9 -9.0   -9 1001.3 1011.0 -9  -9.0  26.4   9.2  34.0  11.6   -9.0   -9.0   -9.0   -9.0   -9.0   -9.0   -9.0 -9 -9 -                        4   0   -9 Ci         1   0   0  3512  1.0  2.72 -9  42.5  25.9  24.7  21.8  20.5  -9 -9.0 -9  3  2
202405291700 108  27  3.4  -9 -9.0   -9 1000.8 1010.5 -9  -9.0  26.2   9.0  34.0  11.5   -9.0   -9.0   -9.0   -9.0   -9.0   -9.0   -9.0 -9 -9 -                        3   0   -9 Ci         1   0   0  3979  1.0  2.03 -9  37.1  25.9  25.1  22.2  20.8  -9 -9.0 -9  3  2
202405291800 108  27  3.5  -9 -9.0   -9 1000.6 1010.3  7  -1.4  25.4   9.2  36.0  11.6   -9.0   -9.0   -9.0   -9.0   -9.0   -9.0   -9.0 -9 -9 -                        0   0   -9 -         -9  -9  -9  3294  1.0  1.30 -9  29.3  25.7  25.1  22.4  20.9  -9 -9.0 -9  3  2
202405291900 108  27  3.0  -9 -9.0   -9 1000.9 1010.6 -9  -9.0  24.0   9.1  39.0  11.6   -9.0   -9.0   -9.0   -9.0   -9.0   -9.0   -9.0 -9 -9 -                        0   0   -9 -         -9  -9  -9  3438  1.0  0.56 -9  24.4  25.3  25.0  22.8  21.3  -9 -9.0 -9  3 -9
202405292000 108  27  2.6  -9 -9.0   -9 1001.5 1011.3 -9  -9.0  22.1   8.9  43.0  11.4   -9.0   -9.0   -9.0   -9.0   -9.0   -9.0   -9.0 -9 -9 -                        0   0   -9 -         -9  -9  -9  3497  0.3  0.10 -9  21.0  24.5  24.6  22.9  21.5  -9 -9.0 -9  3 -9
202405292100 108  27  2.6  -9 -9.0   -9 1003.2 1013.1  2   2.8  20.8   8.7  46.0  11.2   -9.0   -9.0   -9.0   -9.0   -9.0   -9.0   -9.0 -9 -9 -                        1   0   -9 Ci         1   0   0  3542 -9.0 -9.00 -9  19.2  23.6  24.1  22.9  21.7  -9 -9.0 -9  3  2
202405292200 108  32  1.6  -9 -9.0   -9 1003.6 1013.6 -9  -9.0  20.0   8.3  47.0  10.9   -9.0   -9.0   -9.0   -9.0   -9.0   -9.0   -9.0 -9 -9 -                        6   1   -9 -         -9  -9  -9  3441 -9.0 -9.00 -9  17.8  22.9  23.6  22.8  21.8  -9 -9.0 -9  3 -9
202405292300 108  29  0.9  -9 -9.0   -9 1003.3 1013.2 -9  -9.0  19.0   7.4  47.0  10.3   -9.0   -9.0   -9.0   -9.0   -9.0   -9.0   -9.0 -9 -9 -                        6   1   -9 -         -9  -9  -9  3548 -9.0 -9.00 -9  16.6  22.3  23.1  22.5  21.8  -9 -9.0 -9  3 -9
202405300000 108  27  1.0  -9 -9.0   -9 1002.8 1012.8  8  -0.3  17.9   5.7  45.0   9.2   -9.0   -9.0   -9.0   -9.0   -9.0   -9.0   -9.0 -9 -9 -                        7   0   -9 Ci         1   0   0  3507 -9.0 -9.00 -9  16.0  21.7  22.6  22.3  21.8  -9 -9.0 -9  3  2
202405300100 108  29  0.6  -9 -9.0   -9 1002.8 1012.8 -9  -9.0  17.5   6.0  47.0   9.3   -9.0   -9.0   -9.0   -9.0   -9.0   -9.0   -9.0 -9 -9 -                        8   1   -9 -         -9  -9  -9  3483 -9.0 -9.00 -9  16.0  21.2  22.1  22.0  21.7  -9 -9.0 -9  3 -9
202405300200 108   0  0.4  -9 -9.0   -9 1002.6 1012.6 -9  -9.0  17.2   4.8  44.0   8.6   -9.0   -9.0   -9.0   -9.0   -9.0   -9.0   -9.0 -9 -9 -                        8   1   -9 -         -9  -9  -9  3679 -9.0 -9.00 -9  16.0  20.8  21.7  21.7  21.6  -9 -9.0 -9  3 -9
202405300300 108   2  1.4  -9 -9.0   -9 1002.3 1012.3  7  -0.5  17.1   5.9  48.0   9.3   -9.0   -9.0   -9.0   -9.0   -9.0   -9.0   -9.0 -9 -9 -                        9   0   -9 Ci         2   0   0  3917 -9.0 -9.00 -9  16.0  20.5  21.4  21.4  21.5  -9 -9.0 -9  3  2
202405300400 108   2  2.3  -9 -9.0   -9 1002.0 1012.1 -9  -9.0  16.8   6.0  49.0   9.3   -9.0   -9.0   -9.0   -9.0   -9.0   -9.0   -9.0 -9 -9 -                        9   0   -9 Ci         2   0   0  3297 -9.0 -9.00 -9  15.5  20.2  21.1  21.2  21.4  -9 -9.0 -9  3  2
202405300500 108   2  1.4  -9 -9.0   -9 1002.4 1012.5 -9  -9.0  16.3   6.4  52.0   9.6   -9.0   -9.0   -9.0   -9.0   -9.0   -9.0   -9.0 -9 -9 -                        9   0   -9 Ci         2   0   0  3209 -9.0 -9.00 -9  14.9  19.9  20.8  21.0  21.2  -9 -9.0 -9  3  2
202405300600 108   2  1.5  -9 -9.0   -9 1002.2 1012.3  4   0.0  16.2   7.4  56.0  10.3   -9.0   -9.0   -9.0   -9.0   -9.0   -9.0   -9.0 -9 -9 -                        6   0   -9 Ci         1   0   0  3153  0.0  0.03 -9  15.1  19.6  20.5  20.7  21.1  -9 -9.0 -9  3  2
202405300700 108   5  1.8  -9 -9.0   -9 1001.7 1011.7 -9  -9.0  17.4   8.2  55.0  10.9   -9.0   -9.0   -9.0   -9.0   -9.0   -9.0   -9.0 -9 -9 -                        9   5   45 AcCi       2   3   0  3030  0.2  0.45 -9  18.4  19.5  20.3  20.5  20.9  -9 -9.0 -9  3  2
202405300800 108   5  2.3  -9 -9.0   -9 1002.2 1012.2 -9  -9.0  18.6   9.9  57.0  12.2   -9.0   -9.0   -9.0   -9.0   -9.0   -9.0   -9.0 -9 -9 -                        8   4   45 AcCi       2   3   0  2978  0.0  0.60 -9  21.8  19.6  20.3  20.3  20.8  -9 -9.0 -9  3  2
202405300900 108   2  2.3  -9 -9.0   -9 1002.5 1012.4  3   0.1  20.4   9.0  48.0  11.5   -9.0   -9.0   -9.0   -9.0   -9.0   -9.0   -9.0 -9 -9 -                        9   4   45 AcCi       2   3   0  3216  0.1  1.20 -9  27.2  19.9  20.4  20.2  20.6  -9 -9.0 -9  3  2
202405301000 108   5  2.1  -9 -9.0   -9 1002.0 1011.9 -9  -9.0  21.8   9.3  45.0  11.7   -9.0   -9.0   -9.0   -9.0   -9.0   -9.0   -9.0 -9 -9 -                        9   5   45 AcCi       2   3   0  2794  0.0  1.44 -9  29.0  20.4  20.6  20.1  20.5  -9 -9.0 -9  3  2
202405301100 108  27  2.1  -9 -9.0   -9 1002.2 1012.0 -9  -9.0  23.2   9.5  42.0  11.9   -9.0   -9.0   -9.0   -9.0   -9.0   -9.0   -9.0 -9 -9 -                        9   3   18 ScAcCi     2   3   5  3137  0.2  1.98 -9  33.8  21.1  21.0  20.2  20.4  -9 -9.0 -9  3  2
202405301200 108  27  1.7  -9 -9.0   -9 1001.9 1011.7  7  -0.7  22.8   9.9  44.0  12.2   -9.0   -9.0   -9.0   -9.0   -9.0   -9.0   -9.0 -9 -9 -                        9   7   38 AcCi       2   3   0  2907  0.0  0.79 -9  27.5  21.7  21.5  20.3  20.4  -9 -9.0 -9  3  2
202405301300 108   2  2.0  -9 -9.0   -9 1000.9 1010.6 -9  -9.0  24.0   9.5  40.0  11.9   -9.0   -9.0   -9.0   -9.0   -9.0   -9.0   -9.0 -9 -9 -                        9   6   42 AcCi       2   3   0  3270  0.0  1.47 -9  35.2  21.8  21.7  20.5  20.4  -9 -9.0 -9  3  2
202405301400 108  29  2.6  -9 -9.0   -9 1000.6 1010.3 -9  -9.0  24.2   8.9  38.0  11.4   -9.0   -9.0   -9.0   -9.0   -9.0   -9.0   -9.0 -9 -9 -                        9   6   44 AcCi       2   3   0  3038  0.1  1.58 -9  35.1  22.2  22.1  20.7  20.4  -9 -9.0 -9  3  2
202405301500 108  34  1.2  -9 -9.0   -9 1000.3 1010.0  7  -1.7  24.1   9.6  40.0  11.9   -9.0   -9.0   -9.0   -9.0   -9.0   -9.0   -9.0 -9 -9 -                        9   7   43 AcCi       2   3   0  2608  0.0  1.10 -9  30.8  22.6  22.4  20.9  20.5  -9 -9.0 -9  3  2
202405301600 108  20  1.6  -9 -9.0   -9  999.7 1009.4 -9  -9.0  24.6   9.3  38.0  11.7   -9.0   -9.0   -9.0   -9.0   -9.0   -9.0   -9.0 -9 -9 -                        9   9   30 Ac         0   3   0  2039  0.0  1.03 -9  29.5  22.8  22.6  21.1  20.6  -9 -9.0 -9  3  2
202405301700 108  16  1.1  -9 -9.0   -9  998.9 1008.6 -9  -9.0  24.2   9.7  40.0  12.0   -9.0   -9.0   -9.0   -9.0   -9.0   -9.0   -9.0 -9 -9 -                        9   7   36 AcCi       2   3   0  1737  0.0  0.59 -9  26.5  22.9  22.8  21.2  20.7  -9 -9.0 -9  3  2
202405301800 108  32  1.7  -9 -9.0   -9  998.6 1008.3  7  -1.7  23.7  10.3  43.0  12.5   -9.0   -9.0   -9.0   -9.0   -9.0   -9.0   -9.0 -9 -9 -                        9   6   47 AcCi       2   3   0  2113  0.0  0.37 -9  25.3  22.8  22.8  21.4  20.8  -9 -9.0 -9  3  2
202405301900 108  27  1.5  -9 -9.0   -9  999.0 1008.8 -9  -9.0  22.9  10.6  46.0  12.8   -9.0   -9.0   -9.0   -9.0   -9.0   -9.0   -9.0 -9 -9 -                       10  10   42 -         -9  -9  -9  1804  0.0  0.28 -9  23.2  22.6  22.7  21.5  20.9  -9 -9.0 -9  3 -9
202405302000 108  27  1.4  -9 -9.0   -9  999.1 1008.9 -9  -9.0  22.0  10.7  49.0  12.9   -9.0   -9.0   -9.0   -9.0   -9.0   -9.0   -9.0 -9 -9 -                        9   9   44 -         -9  -9  -9  1897  0.0  0.06 -9  20.8  22.3  22.6  21.5  21.0  -9 -9.0 -9  3 -9
202405302100 108  27  0.7  -9 -9.0   -9  999.8 1009.7  2   1.4  21.4  11.4  53.0  13.5   -9.0   -9.0   -9.0   -9.0   -9.0   -9.0   -9.0 -9 -9 -                        8   6   44 AcCi       2   3   0  2280 -9.0 -9.00 -9  19.8  22.0  22.4  21.5  21.0  -9 -9.0 -9  3  2
202405302200 108  29  1.7  -9 -9.0   -9 1000.7 1010.6 -9  -9.0  21.0  11.8  56.0  13.8   -9.0   -9.0   -9.0   -9.0   -9.0   -9.0   -9.0 -9 -9 -                       10  10   44 -         -9  -9  -9  2408 -9.0 -9.00 -9  19.3  21.6  22.1  21.4  21.0  -9 -9.0 -9  3 -9
202405302300 108  32  3.2  -9 -9.0   -9 1000.6 1010.5 -9  -9.0  20.7  12.3  59.0  14.3   -9.0   -9.0   -9.0   -9.0   -9.0   -9.0   -9.0 -9 -9 -                       10  10   44 -         -9  -9  -9  2369 -9.0 -9.00 -9  18.9  21.4  21.9  21.3  21.0  -9 -9.0 -9  3 -9
202405310000 108  29  1.9  -9 -9.0   -9 1000.5 1010.5  0   0.8  19.9  12.1  61.0  14.1   -9.0   -9.0   -9.0   -9.0   -9.0   -9.0   -9.0 -9 -9 -                        9   7   44 AcCi       2   3   0  2569 -9.0 -9.00 -9  18.4  21.1  21.6  21.2  21.0  -9 -9.0 -9  3  2
202405310100 108  27  1.0  -9 -9.0   -9 1000.0 1009.9 -9  -9.0  19.6  11.8  61.0  13.8   -9.0   -9.0   -9.0   -9.0   -9.0   -9.0   -9.0 -9 -9 -                       10  10   44 -         -9  -9  -9  2565 -9.0 -9.00 -9  18.2  20.9  21.4  21.0  21.0  -9 -9.0 -9  3 -9
202405310200 108  34  1.3  -9 -9.0   -9  999.4 1009.3 -9  -9.0  19.5  11.5  60.0  13.6   -9.0   -9.0   -9.0   -9.0   -9.0   -9.0   -9.0 -9 -9 -                        9   9   44 -         -9  -9  -9  2172 -9.0 -9.00 -9  17.8  20.7  21.2  20.9  20.9  -9 -9.0 -9  3 -9
202405310300 108  29  2.0  -9 -9.0   -9  999.3 1009.2  7  -1.3  19.0  12.2  65.0  14.2   -9.0   -9.0   -9.0   -9.0   -9.0   -9.0   -9.0 -9 -9 -                        2   2   45 Ac         0   3   0  2306 -9.0 -9.00 -9  16.4  20.5  21.0  20.8  20.8  -9 -9.0 -9  3  2
202405310400 108  29  1.9  -9 -9.0   -9  999.4 1009.4 -9  -9.0  18.0  11.9  68.0  13.9   -9.0   -9.0   -9.0   -9.0   -9.0   -9.0   -9.0 -9 -9 -                        1   1   40 Ac         0   3   0  2486 -9.0 -9.00 -9  15.3  20.2  20.8  20.6  20.8  -9 -9.0 -9  3  2
202405310500 108  29  1.8  -9 -9.0   -9  999.7 1009.7 -9  -9.0  17.4  12.2  72.0  14.2   -9.0   -9.0   -9.0   -9.0   -9.0   -9.0   -9.0 -9 -9 -                        0   0   -9 -         -9  -9  -9  2162 -9.0 -9.00 -9  14.6  19.9  20.5  20.5  20.7  -9 -9.0 -9  3  2
202405310600 108  29  1.0  -9 -9.0   -9 1000.1 1010.1  2   0.9  17.0  12.3  74.0  14.3   -9.0   -9.0   -9.0   -9.0   -9.0   -9.0   -9.0 -9 -9 -                        0   0   -9 -         -9  -9  -9  2034  0.0  0.04 -9  14.7  19.5  20.3  20.3  20.6  -9 -9.0 -9  3  2
202405310700 108  27  1.7  -9 -9.0   -9 1000.2 1010.2 -9  -9.0  17.6  12.9  74.0  14.9   -9.0   -9.0   -9.0   -9.0   -9.0   -9.0   -9.0 -9 -9 -                        0   0   -9 -         -9  -9  -9  1609  1.0  0.56 -9  18.3  19.3  20.0  20.1  20.5  -9 -9.0 -9  3  2
202405310800 108  25  2.0  -9 -9.0   -9 1000.3 1010.2 -9  -9.0  19.3  13.0  67.0  15.0   -9.0   -9.0   -9.0   -9.0   -9.0   -9.0   -9.0 -9 -9 -                        0   0   -9 -         -9  -9  -9  1665  1.0  1.33 -9  25.2  19.5  20.0  19.9  20.4  -9 -9.0 -9  3  2
202405310900 108  27  3.2  -9 -9.0   -9 1000.3 1010.2  1   0.1  20.6  13.0  62.0  15.0   -9.0   -9.0   -9.0   -9.0   -9.0   -9.0   -9.0 -9 -9 -                        1   1   10 Sc         0   0   5  1750  1.0  2.06 -9  31.6  20.0  20.2  19.8  20.2  -9 -9.0 -9  3  2
202405311000 108  27  2.4  -9 -9.0   -9 1000.1 1009.9 -9  -9.0  21.8  13.4  59.0  15.4   -9.0   -9.0   -9.0   -9.0   -9.0   -9.0   -9.0 -9 -9 -                        2   2   10 Sc         0   0   5  1999  1.0  2.67 -9  38.3  20.8  20.6  19.8  20.1  -9 -9.0 -9  3  2
202405311100 108  25  2.8  -9 -9.0   -9 1000.3 1010.1 -9  -9.0  22.5  13.5  57.0  15.5   -9.0   -9.0   -9.0   -9.0   -9.0   -9.0   -9.0 -9 -9 -                        2   2   10 Sc         0   0   5  2048  0.9  3.08 -9  41.6  21.8  21.2  19.9  20.1  -9 -9.0 -9  3  2
202405311200 108  27  2.7  -9 -9.0   -9 1000.1 1009.9  6  -0.3  23.3  10.3  44.0  12.5   -9.0   -9.0   -9.0   -9.0   -9.0   -9.0   -9.0 -9 -9 -                        0   0   -9 -         -9  -9  -9  3842  1.0  3.53 -9  46.8  22.8  21.9  20.2  20.1  -9 -9.0 -9  3  2
202405311300 108  27  3.2  -9 -9.0   -9  999.4 1009.1 -9  -9.0  23.7   8.9  39.0  11.4   -9.0   -9.0   -9.0   -9.0   -9.0   -9.0   -9.0 -9 -9 -                        0   0   -9 -         -9  -9  -9  3809  1.0  3.78 -9  48.9  23.9  22.8  20.6  20.1  -9 -9.0 -9  3  2
202405311400 108  27  3.1  -9 -9.0   -9  998.9 1008.6 -9  -9.0  24.6  10.8  42.0  12.9   -9.0   -9.0   -9.0   -9.0   -9.0   -9.0   -9.0 -9 -9 -                        0   0   -9 -         -9  -9  -9  3708  1.0  3.66 -9  49.3  24.8  23.7  21.0  20.2  -9 -9.0 -9  3  2
202405311500 108  27  3.1  -9 -9.0   -9  998.4 1008.1  7  -1.8  25.1  10.9  41.0  13.0   -9.0   -9.0   -9.0   -9.0   -9.0   -9.0   -9.0 -9 -9 -                        0   0   -9 -         -9  -9  -9  3615  1.0  3.30 -9  47.9  25.5  24.5  21.4  20.3  -9 -9.0 -9  3  2
202405311600 108  29  4.1  -9 -9.0   -9  998.4 1008.1 -9  -9.0  24.5  11.4  44.0  13.5   -9.0   -9.0   -9.0   -9.0   -9.0   -9.0   -9.0 -9 -9 -                        0   0   -9 -         -9  -9  -9  3813  1.0  2.75 -9  43.5  25.9  25.1  21.9  20.6  -9 -9.0 -9  3  2
202405311700 108  27  5.1  -9 -9.0   -9  998.7 1008.4 -9  -9.0  23.4  10.0  43.0  12.3   -9.0   -9.0   -9.0   -9.0   -9.0   -9.0   -9.0 -9 -9 -                        1   0   -9 Ci         1   0   0  3977  1.0  2.08 -9  37.0  25.7  25.3  22.1  20.7  -9 -9.0 -9  3  2
202405311800 108  29  5.2  27 10.0 1710  999.7 1009.6  2   1.5  21.4   8.9  45.0  11.4   -9.0   -9.0   -9.0   -9.0   -9.0   -9.0   -9.0 -9 -9 -                        4   4   10 Sc         0   0   5  3971  0.9  1.19 -9  27.0  25.4  25.2  22.8  21.2  -9 -9.0 -9  3  2
202405311900 108  29  2.7  -9 -9.0   -9  999.9 1009.8 -9  -9.0  18.7  11.9  65.0  13.9    1.0    1.0    1.0   -9.0   -9.0   -9.0   -9.0 29 98 04                       8   8    6 CuSc       0   0   8  3671  0.0  0.23 -9  20.9  24.8  24.9  23.0  21.5  -9 -9.0 -9  4  1
202405312000 108  25  1.2  -9 -9.0   -9  999.8 1009.7 -9  -9.0  18.4  12.3  68.0  14.3   -9.0    1.0    1.0   -9.0   -9.0   -9.0   -9.0 -9 -9 -                        8   8   17 -         -9  -9  -9  3216  0.0  0.05 -9  19.3  24.0  24.3  23.0  21.7  -9 -9.0 -9  3  2
202405312100 108  20  2.5  27 10.0 1710 1000.1 1010.0  2   0.4  18.7  12.4  67.0  14.4   -9.0    1.0    1.0   -9.0   -9.0   -9.0   -9.0 -9 98 -                        9   9   12 Sc         0   0   5  3449 -9.0 -9.00 -9  19.0  23.3  23.8  22.9  21.8  -9 -9.0 -9  3  1
202405312200 108  23  2.3  -9 -9.0   -9 1000.6 1010.5 -9  -9.0  18.8  13.8  73.0  15.8   -9.0    1.0    1.0   -9.0   -9.0   -9.0   -9.0 -9 -9 -                       10   9   12 -         -9  -9  -9  2528 -9.0 -9.00 -9  19.0  22.8  23.3  22.7  21.9  -9 -9.0 -9  3 -9
202405312300 108  20  2.8  -9 -9.0   -9 1000.6 1010.5 -9  -9.0  18.4  14.8  80.0  16.8    0.0    1.0    1.0   -9.0   -9.0   -9.0   -9.0 50 52 02                      10  10    5 St        -9  -9   7   963 -9.0 -9.00 -9  18.8  22.5  22.9  22.4  21.9  -9 -9.0 -9  4  1
#7777END
