#START7777
#2345678901234567890123456789012345678901234567890123456789012345678901234567890123456789012345678901234567890123456789012345678901234567890123456789012345678901234567890123456789012345678901234567890123456789012345678901234567890123456789012345678901234
# YYMMDDHHMI STN  WD   WS GST  GST  GST     PA     PS PT    PR    TA    TD    HM    PV     RN     RN     RN     RN     SD     SD     SD WC WP WW                      CA  CA   CH CT        CT  CT  CT    VS   SS    SI ST    TS    TE    TE    TE    TE  ST   WH BF IR IX
#        KST  ID  16  m/s  WD   WS   TM    hPa    hPa  -   hPa     C     C     %   hPa     mm    DAY    JUN    INT    HR3    DAY    TOT -- -- ---------------------- TOT MID  MIN -------- TOP MID LOW                  GD     C     5    10    20    30 SEA    m --  -  -
202501010000 108  29  0.7  -9 -9.0   -9 1011.6 1022.5  0   0.1  -1.2  -7.9  60.0   3.4   -9.0    0.0    0.0   -9.0   -9.0   -9.0   -9.0 -9 -9 -                        0   0   -9 -         -9  -9  -9  3546 -9.0 -9.00 -9  -3.0  -0.3  -0.3   0.9   1.7  -9 -9.0 -9  3  2
202501010100 108  25  1.1  -9 -9.0   -9 1011.7 1022.6 -9  -9.0  -1.7  -8.0  62.0   3.3   -9.0   -9.0   -9.0   -9.0   -9.0   -9.0   -9.0 -9 -9 -                        0   0   -9 -         -9  -9  -9  3274 -9.0 -9.00 -9  -3.3  -0.3  -0.3   0.9   1.7  -9 -9.0 -9  3 -9
202501010200 108  34  0.5  -9 -9.0   -9 1011.5 1022.4 -9  -9.0  -1.8  -7.7  64.0   3.4   -9.0   -9.0   -9.0   -9.0   -9.0   -9.0   -9.0 -9 -9 -                        0   0   -9 -         -9  -9  -9  3460 -9.0 -9.00 -9  -3.5  -0.3  -0.3   0.9   1.7  -9 -9.0 -9  3 -9
202501010300 108   2  1.9  -9 -9.0   -9 1011.3 1022.2  8  -0.3  -2.0  -7.5  66.0   3.5   -9.0   -9.0   -9.0   -9.0   -9.0   -9.0   -9.0 -9 -9 -                        0   0   -9 -         -9  -9  -9  3256 -9.0 -9.00 -9  -3.6  -0.3  -0.3   0.9   1.7  -9 -9.0 -9  3  2
202501010400 108   2  2.2  -9 -9.0   -9 1010.8 1021.7 -9  -9.0  -2.3  -7.6  67.0   3.5   -9.0   -9.0   -9.0   -9.0   -9.0   -9.0   -9.0 -9 -9 -                        0   0   -9 -         -9  -9  -9  3111 -9.0 -9.00 -9  -3.7  -0.3  -0.3   0.9   1.7  -9 -9.0 -9  3  2
202501010500 108   5  2.0  -9 -9.0   -9 1010.8 1021.7 -9  -9.0  -2.5  -7.4  69.0   3.5   -9.0   -9.0   -9.0   -9.0   -9.0   -9.0   -9.0 -9 -9 -                        7   7   17 Sc         0   0   5  2989 -9.0 -9.00 -9  -3.6  -0.4  -0.3   0.9   1.7  -9 -9.0 -9  3  2
202501010600 108   2  2.1  -9 -9.0   -9 1010.8 1021.7  6  -0.5  -1.9  -7.0  68.0   3.6   -9.0   -9.0   -9.0   -9.0   -9.0   -9.0   -9.0 -9 -9 -                        8   8   14 Sc         0   0   5  2947 -9.0 -9.00 -9  -2.5  -0.4  -0.3   0.9   1.7  -9 -9.0 -9  3  2
202501010700 108   2  2.7  -9 -9.0   -9 1011.2 1022.1 -9  -9.0  -1.3  -6.4  68.0   3.8   -9.0   -9.0   -9.0   -9.0   -9.0   -9.0   -9.0 -9 -9 -                        9   9   14 Sc         0   0   5  3113 -9.0 -9.00 -9  -1.9  -0.4  -0.3   0.9   1.7  -9 -9.0 -9  3  2
202501010800 108   2  2.4  -9 -9.0   -9 1011.1 1022.0 -9  -9.0  -0.8  -5.9  68.0   3.9   -9.0   -9.0   -9.0   -9.0   -9.0   -9.0   -9.0 -9 -9 -                        9   9   15 Sc         0   0   5  3000  0.0  0.00 -9  -1.7  -0.3  -0.3   0.9   1.7  -9 -9.0 -9  3  2
202501010900 108   5  1.7  -9 -9.0   -9 1011.2 1022.1  1   0.4  -0.1  -5.3  68.0   4.1   -9.0   -9.0   -9.0   -9.0   -9.0   -9.0   -9.0 -9 -9 -                        8   8   15 Sc         0   0   5  3159  0.0  0.13 -9  -1.1  -0.3  -0.3   0.9   1.7  -9 -9.0 -9  3  2
202501011000 108   5  1.6  -9 -9.0   -9 1011.7 1022.5 -9  -9.0   1.2  -4.4  66.0   4.4   -9.0   -9.0   -9.0   -9.0   -9.0   -9.0   -9.0 -9 -9 -                        9   9   15 Sc         0   0   5  3018  0.0  0.37 -9  -0.5  -0.3  -0.3   0.9   1.7  -9 -9.0 -9  3  2
202501011100 108   5  1.6  -9 -9.0   -9 1011.7 1022.4 -9  -9.0   3.1  -3.9  60.0   4.6   -9.0   -9.0   -9.0   -9.0   -9.0   -9.0   -9.0 -9 -9 -                        2   2   15 Sc         0   0   5  2649  0.4  0.93 -9   0.0  -0.3  -0.3   0.9   1.7  -9 -9.0 -9  3  2
202501011200 108  18  2.1  -9 -9.0   -9 1011.0 1021.6  8  -0.5   6.7  -1.7  55.0   5.4   -9.0   -9.0   -9.0   -9.0   -9.0   -9.0   -9.0 -9 -9 -                        2   2   12 Sc         0   0   5  2490  1.0  1.70 -9   2.5  -0.3  -0.3   0.9   1.7  -9 -9.0 -9  3  2
202501011300 108  25  3.3  -9 -9.0   -9 1010.3 1020.8 -9  -9.0   7.8  -1.7  51.0   5.4   -9.0   -9.0   -9.0   -9.0   -9.0   -9.0   -9.0 -9 -9 -                        5   5   11 Sc         0   0   5  2154  0.9  1.73 -9   4.6  -0.3  -0.3   0.9   1.7  -9 -9.0 -9  3  2
202501011400 108  25  3.9  -9 -9.0   -9 1009.8 1020.3 -9  -9.0   7.7  -1.0  54.0   5.7   -9.0   -9.0   -9.0   -9.0   -9.0   -9.0   -9.0 -9 -9 -                        3   3   11 Sc         0   0   5  1540  0.3  0.81 -9   3.5  -0.2  -0.3   0.9   1.7  -9 -9.0 -9  3  2
202501011500 108  25  4.7  -9 -9.0   -9 1009.5 1020.0  7  -1.6   8.5  -0.8  52.0   5.8   -9.0   -9.0   -9.0   -9.0   -9.0   -9.0   -9.0 -9 -9 -                        3   3   11 Sc         0   0   5  1399  1.0  1.36 -9   4.3  -0.2  -0.3   0.9   1.7  -9 -9.0 -9  3  2
202501011600 108  25  4.2  -9 -9.0   -9 1009.8 1020.3 -9  -9.0   8.4  -1.4  50.0   5.5   -9.0   -9.0   -9.0   -9.0   -9.0   -9.0   -9.0 -9 -9 -                        1   1   13 Sc         0   0   5  1491  1.0  1.08 -9   3.4  -0.1  -0.3   0.9   1.7  -9 -9.0 -9  3  2
202501011700 108  25  2.4  -9 -9.0   -9 1010.1 1020.7 -9  -9.0   7.1  -1.8  53.0   5.4   -9.0   -9.0   -9.0   -9.0   -9.0   -9.0   -9.0 -9 -9 -                        0   0   -9 -         -9  -9  -9  1488  1.0  0.41 -9   0.4  -0.2  -0.2   0.9   1.7  -9 -9.0 -9  3  2
202501011800 108  25  2.9  -9 -9.0   -9 1010.4 1021.0  2   1.0   5.6  -1.7  59.0   5.4   -9.0   -9.0   -9.0   -9.0   -9.0   -9.0   -9.0 -9 -9 -                        0   0   -9 -         -9  -9  -9  1401  0.0  0.03 -9  -0.2  -0.2  -0.2   0.9   1.7  -9 -9.0 -9  3  2
202501011900 108  27  1.7  -9 -9.0   -9 1010.8 1021.5 -9  -9.0   4.7  -1.5  64.0   5.5   -9.0   -9.0   -9.0   -9.0   -9.0   -9.0   -9.0 -9 -9 -                        0   0   -9 -         -9  -9  -9  1323 -9.0 -9.00 -9  -0.2  -0.2  -0.3   0.9   1.7  -9 -9.0 -9  3 -9
202501012000 108  27  2.2  -9 -9.0   -9 1011.2 1021.9 -9  -9.0   3.8  -0.6  73.0   5.8   -9.0   -9.0   -9.0   -9.0   -9.0   -9.0   -9.0 -9 -9 -                        0   0   -9 -         -9  -9  -9  1196 -9.0 -9.00 -9  -0.3  -0.2  -0.3   0.9   1.7  -9 -9.0 -9  3 -9
202501012100 108  29  1.0  -9 -9.0   -9 1011.6 1022.3  2   1.3   3.3  -0.8  74.0   5.8   -9.0   -9.0   -9.0   -9.0   -9.0   -9.0   -9.0 -9 -9 -                        0   0   -9 -         -9  -9  -9  1158 -9.0 -9.00 -9  -0.4  -0.2  -0.3   0.9   1.7  -9 -9.0 -9  3  2
202501012200 108  32  2.0  -9 -9.0   -9 1012.0 1022.7 -9  -9.0   3.0  -1.5  72.0   5.5   -9.0   -9.0   -9.0   -9.0   -9.0   -9.0   -9.0 -9 -9 -                        0   0   -9 -         -9  -9  -9  1284 -9.0 -9.00 -9  -0.5  -0.2  -0.2   0.9   1.7  -9 -9.0 -9  3 -9
202501012300 108  27  1.2  -9 -9.0   -9 1012.1 1022.9 -9  -9.0   1.9  -2.8  71.0   5.0   -9.0   -9.0   -9.0   -9.0   -9.0   -9.0   -9.0 -9 -9 -                        0   0   -9 -         -9  -9  -9  1316 -9.0 -9.00 -9  -0.7  -0.2  -0.2   0.9   1.7  -9 -9.0 -9  3 -9
202501020000 108  27  1.5  -9 -9.0   -9 1012.3 1023.1  2   0.8   0.7  -3.7  72.0   4.6   -9.0   -9.0   -9.0   -9.0   -9.0   -9.0   -9.0 -9 -9 -                        0   0   -9 -         -9  -9  -9  1242 -9.0 -9.00 -9  -0.9  -0.2  -0.3   0.9   1.7  -9 -9.0 -9  3  2
202501020100 108  32  1.4  -9 -9.0   -9 1012.3 1023.2 -9  -9.0   0.4  -3.7  74.0   4.6   -9.0   -9.0   -9.0   -9.0   -9.0   -9.0   -9.0 -9 -9 -                        0   0   -9 -         -9  -9  -9  1282 -9.0 -9.00 -9  -1.3  -0.2  -0.3   0.9   1.7  -9 -9.0 -9  3 -9
202501020200 108  27  1.2  -9 -9.0   -9 1012.6 1023.5 -9  -9.0  -0.7  -4.5  75.0   4.4   -9.0   -9.0   -9.0   -9.0   -9.0   -9.0   -9.0 -9 -9 -                        0   0   -9 -         -9  -9  -9  1409 -9.0 -9.00 -9  -1.9  -0.2  -0.3   0.8   1.7  -9 -9.0 -9  3 -9
202501020300 108  27  1.6  -9 -9.0   -9 1013.0 1023.9  2   0.8  -1.4  -6.1  70.0   3.9   -9.0   -9.0   -9.0   -9.0   -9.0   -9.0   -9.0 -9 -9 -                        0   0   -9 -         -9  -9  -9  1874 -9.0 -9.00 -9  -2.4  -0.2  -0.3   0.8   1.6  -9 -9.0 -9  3  2
202501020400 108  25  2.0  -9 -9.0   -9 1013.3 1024.2 -9  -9.0  -1.5  -5.8  72.0   4.0   -9.0   -9.0   -9.0   -9.0   -9.0   -9.0   -9.0 -9 -9 -                        0   0   -9 -         -9  -9  -9  1784 -9.0 -9.00 -9  -2.9  -0.2  -0.3   0.8   1.6  -9 -9.0 -9  3  2
202501020500 108  27  1.1  -9 -9.0   -9 1013.3 1024.3 -9  -9.0  -2.3  -6.4  73.0   3.8   -9.0   -9.0   -9.0   -9.0   -9.0   -9.0   -9.0 -9 -9 -                        0   0   -9 -         -9  -9  -9  1739 -9.0 -9.00 -9  -3.4  -0.2  -0.3   0.8   1.6  -9 -9.0 -9  3  2
202501020600 108  27  0.9  -9 -9.0   -9 1013.3 1024.3  1   0.4  -2.5  -6.5  74.0   3.8   -9.0   -9.0   -9.0   -9.0   -9.0   -9.0   -9.0 -9 -9 -                        0   0   -9 -         -9  -9  -9  1876 -9.0 -9.00 -9  -3.8  -0.3  -0.3   0.8   1.6  -9 -9.0 -9  3  2
202501020700 108  27  2.8  -9 -9.0   -9 1013.7 1024.7 -9  -9.0  -2.5  -6.5  74.0   3.8   -9.0   -9.0   -9.0   -9.0   -9.0   -9.0   -9.0 -9 -9 -                        0   0   -9 -         -9  -9  -9  2003 -9.0 -9.00 -9  -4.0  -0.3  -0.3   0.8   1.6  -9 -9.0 -9  3  2
202501020800 108  27  0.8  -9 -9.0   -9 1014.2 1025.2 -9  -9.0  -2.8  -8.0  67.0   3.3   -9.0   -9.0   -9.0   -9.0   -9.0   -9.0   -9.0 -9 -9 -                        2   0   -9 Ci         1   0   0  2076  0.0  0.00 -9  -4.1  -0.3  -0.3   0.8   1.6  -9 -9.0 -9  3  2
202501020900 108  29  0.8  -9 -9.0   -9 1014.6 1025.6  2   1.3  -2.3  -7.8  66.0   3.4   -9.0   -9.0   -9.0   -9.0   -9.0   -9.0   -9.0 -9 -9 -                        6   0   -9 Ci         1   0   0  2005  0.9  0.31 -9  -2.8  -0.3  -0.3   0.8   1.6  -9 -9.0 -9  3  2
202501021000 108  27  1.7  -9 -9.0   -9 1015.0 1025.9 -9  -9.0  -0.3  -8.0  56.0   3.3   -9.0   -9.0   -9.0   -9.0   -9.0   -9.0   -9.0 -9 -9 -                        3   0   -9 Ci         1   0   0  2416  1.0  0.69 -9  -1.0  -0.2  -0.3   0.7   1.6  -9 -9.0 -9  3  2
202501021100 108  29  2.4  -9 -9.0   -9 1014.6 1025.4 -9  -9.0   1.9  -9.9  41.0   2.9   -9.0   -9.0   -9.0   -9.0   -9.0   -9.0   -9.0 -9 -9 -                        0   0   -9 -         -9  -9  -9  3200  1.0  1.33 -9  -0.3  -0.2  -0.1   0.6   1.6  -9 -9.0 -9  3  2
202501021200 108  27  2.8  -9 -9.0   -9 1013.9 1024.6  8  -1.0   3.5  -9.1  39.0   3.1   -9.0   -9.0   -9.0   -9.0   -9.0   -9.0   -9.0 -9 -9 -                        0   0   -9 -         -9  -9  -9  3201  1.0  1.79 -9   1.5  -0.3  -0.3   0.7   1.5  -9 -9.0 -9  3  2
202501021300 108  29  3.6  -9 -9.0   -9 1013.0 1023.7 -9  -9.0   4.8 -11.7  29.0   2.5   -9.0   -9.0   -9.0   -9.0   -9.0   -9.0   -9.0 -9 -9 -                        0   0   -9 -         -9  -9  -9  3356  1.0  1.97 -9   4.1  -0.2  -0.3   0.7   1.5  -9 -9.0 -9  3  2
202501021400 108  29  3.3  -9 -9.0   -9 1012.7 1023.4 -9  -9.0   5.2 -13.2  25.0   2.2   -9.0   -9.0   -9.0   -9.0   -9.0   -9.0   -9.0 -9 -9 -                        0   0   -9 -         -9  -9  -9  4422  1.0  1.90 -9   5.2  -0.2  -0.3   0.7   1.4  -9 -9.0 -9  3  2
202501021500 108  29  2.1  -9 -9.0   -9 1012.8 1023.4  6  -1.2   5.9 -11.7  27.0   2.5   -9.0   -9.0   -9.0   -9.0   -9.0   -9.0   -9.0 -9 -9 -                        0   0   -9 -         -9  -9  -9  3915  1.0  1.56 -9   3.8  -0.1  -0.3   0.6   1.4  -9 -9.0 -9  3  2
202501021600 108  27  3.2  -9 -9.0   -9 1013.0 1023.7 -9  -9.0   5.4 -12.6  26.0   2.3   -9.0   -9.0   -9.0   -9.0   -9.0   -9.0   -9.0 -9 -9 -                        0   0   -9 -         -9  -9  -9  4105  1.0  1.01 -9   0.7  -0.1  -0.3   0.6   1.4  -9 -9.0 -9  3  2
202501021700 108  29  2.6  -9 -9.0   -9 1013.1 1023.8 -9  -9.0   4.1 -12.8  28.0   2.3   -9.0   -9.0   -9.0   -9.0   -9.0   -9.0   -9.0 -9 -9 -                        0   0   -9 -         -9  -9  -9  4468  1.0  0.45 -9  -0.2  -0.2  -0.3   0.6   1.4  -9 -9.0 -9  3  2
202501021800 108  27  2.0  -9 -9.0   -9 1013.6 1024.4  2   1.0   2.7 -12.7  31.0   2.3   -9.0   -9.0   -9.0   -9.0   -9.0   -9.0   -9.0 -9 -9 -                        0   0   -9 -         -9  -9  -9  4213  0.1  0.02 -9  -0.3  -0.2  -0.3   0.8   1.5  -9 -9.0 -9  3  2
202501021900 108  29  2.0  -9 -9.0   -9 1014.0 1024.8 -9  -9.0   1.8 -13.1  32.0   2.2   -9.0   -9.0   -9.0   -9.0   -9.0   -9.0   -9.0 -9 -9 -                        0   0   -9 -         -9  -9  -9  4017 -9.0 -9.00 -9  -0.6  -0.2  -0.3   0.9   1.7  -9 -9.0 -9  3 -9
202501022000 108  34  1.7  -9 -9.0   -9 1014.2 1025.0 -9  -9.0   1.0 -13.1  34.0   2.2   -9.0   -9.0   -9.0   -9.0   -9.0   -9.0   -9.0 -9 -9 -                        0   0   -9 -         -9  -9  -9  3590 -9.0 -9.00 -9  -1.0  -0.3  -0.2   0.9   1.7  -9 -9.0 -9  3 -9
202501022100 108   0  0.4  -9 -9.0   -9 1014.1 1025.0  1   0.6   0.0 -12.9  37.0   2.3   -9.0   -9.0   -9.0   -9.0   -9.0   -9.0   -9.0 -9 -9 -                        0   0   -9 -         -9  -9  -9  3498 -9.0 -9.00 -9  -1.5  -0.2  -0.2   0.9   1.7  -9 -9.0 -9  3  2
202501022200 108  27  2.6  -9 -9.0   -9 1014.2 1025.1 -9  -9.0  -0.2 -12.2  40.0   2.4   -9.0   -9.0   -9.0   -9.0   -9.0   -9.0   -9.0 -9 -9 -                        0   0   -9 -         -9  -9  -9  3367 -9.0 -9.00 -9  -2.2  -0.2  -0.2   0.9   1.7  -9 -9.0 -9  3 -9
202501022300 108  32  3.2  -9 -9.0   -9 1014.6 1025.5 -9  -9.0  -0.8 -11.2  45.0   2.6   -9.0   -9.0   -9.0   -9.0   -9.0   -9.0   -9.0 -9 -9 -                        0   0   -9 -         -9  -9  -9  2710 -9.0 -9.00 -9  -2.8  -0.2  -0.2   0.9   1.7  -9 -9.0 -9  3 -9
202501030000 108  27  3.2  -9 -9.0   -9 1015.0 1026.0  2   1.0  -2.0 -12.1  46.0   2.4   -9.0   -9.0   -9.0   -9.0   -9.0   -9.0   -9.0 -9 -9 -                        0   0   -9 -         -9  -9  -9  3758 -9.0 -9.00 -9  -3.5  -0.2  -0.3   0.9   1.7  -9 -9.0 -9  3  2
202501030100 108  29  2.3  -9 -9.0   -9 1015.1 1026.1 -9  -9.0  -2.8 -12.3  48.0   2.4   -9.0   -9.0   -9.0   -9.0   -9.0   -9.0   -9.0 -9 -9 -                        0   0   -9 -         -9  -9  -9  3509 -9.0 -9.00 -9  -4.1  -0.2  -0.3   0.9   1.7  -9 -9.0 -9  3 -9
202501030200 108  32  2.0  -9 -9.0   -9 1015.2 1026.2 -9  -9.0  -3.5 -12.6  49.0   2.3   -9.0   -9.0   -9.0   -9.0   -9.0   -9.0   -9.0 -9 -9 -                        0   0   -9 -         -9  -9  -9  3285 -9.0 -9.00 -9  -4.6  -0.2  -0.3   0.9   1.7  -9 -9.0 -9  3 -9
202501030300 108  32  2.7  -9 -9.0   -9 1015.2 1026.3  2   0.3  -3.7 -12.8  49.0   2.3   -9.0   -9.0   -9.0   -9.0   -9.0   -9.0   -9.0 -9 -9 -                        0   0   -9 -         -9  -9  -9  3370 -9.0 -9.00 -9  -4.9  -0.2  -0.3   0.9   1.7  -9 -9.0 -9  3  2
202501030400 108  27  1.3  -9 -9.0   -9 1015.0 1026.1 -9  -9.0  -4.5 -13.1  51.0   2.2   -9.0   -9.0   -9.0   -9.0   -9.0   -9.0   -9.0 -9 -9 -                        0   0   -9 -         -9  -9  -9  3333 -9.0 -9.00 -9  -5.2  -0.2  -0.3   0.9   1.7  -9 -9.0 -9  3  2
202501030500 108  27  1.0  -9 -9.0   -9 1014.6 1025.7 -9  -9.0  -4.8 -13.1  52.0   2.2   -9.0   -9.0   -9.0   -9.0   -9.0   -9.0   -9.0 -9 -9 -                        0   0   -9 -         -9  -9  -9  3128 -9.0 -9.00 -9  -5.5  -0.2  -0.3   0.9   1.7  -9 -9.0 -9  3  2
202501030600 108  27  1.3  -9 -9.0   -9 1014.9 1026.0  5  -0.3  -5.1 -12.7  55.0   2.3   -9.0   -9.0   -9.0   -9.0   -9.0   -9.0   -9.0 -9 -9 -                        0   0   -9 -         -9  -9  -9  3165 -9.0 -9.00 -9  -5.7  -0.3  -0.4   0.9   1.7  -9 -9.0 -9  3  2
202501030700 108  32  1.8  -9 -9.0   -9 1015.3 1026.4 -9  -9.0  -4.9 -12.1  57.0   2.4   -9.0   -9.0   -9.0   -9.0   -9.0   -9.0   -9.0 -9 -9 -                        0   0   -9 -         -9  -9  -9  3153 -9.0 -9.00 -9  -5.8  -0.3  -0.4   0.9   1.7  -9 -9.0 -9  3  2
202501030800 108  29  1.5  -9 -9.0   -9 1016.1 1027.2 -9  -9.0  -4.7 -12.6  54.0   2.3   -9.0   -9.0   -9.0   -9.0   -9.0   -9.0   -9.0 -9 -9 -                        0   0   -9 -         -9  -9  -9  3228  0.0  0.00 -9  -5.7  -0.3  -0.4   0.9   1.7  -9 -9.0 -9  3  2
202501030900 108  29  2.2  -9 -9.0   -9 1016.2 1027.3  2   1.3  -4.1 -13.0  50.0   2.3   -9.0   -9.0   -9.0   -9.0   -9.0   -9.0   -9.0 -9 -9 -                        0   0   -9 -         -9  -9  -9  3052  1.0  0.32 -9  -4.9  -0.4  -0.5   0.9   1.7  -9 -9.0 -9  3  2
202501031000 108  29  2.4  -9 -9.0   -9 1016.4 1027.4 -9  -9.0  -2.6 -14.3  40.0   2.0   -9.0   -9.0   -9.0   -9.0   -9.0   -9.0   -9.0 -9 -9 -                        0   0   -9 -         -9  -9  -9  3323  1.0  0.89 -9  -1.7  -0.4  -0.5   0.9   1.7  -9 -9.0 -9  3  2
202501031100 108  18  1.0  -9 -9.0   -9 1016.1 1027.0 -9  -9.0  -0.1 -13.4  36.0   2.2   -9.0   -9.0   -9.0   -9.0   -9.0   -9.0   -9.0 -9 -9 -                        2   0   -9 Ci         1   0   0  3781  1.0  1.45 -9  -0.3  -0.2  -0.5   0.9   1.7  -9 -9.0 -9  3  2
202501031200 108  20  2.4  -9 -9.0   -9 1015.2 1026.0  8  -1.3   1.9 -13.8  30.0   2.1   -9.0   -9.0   -9.0   -9.0   -9.0   -9.0   -9.0 -9 -9 -                        1   1   12 Sc         0   0   5  4014  1.0  1.70 -9   1.2  -0.2  -0.4   0.9   1.7  -9 -9.0 -9  3  2
202501031300 108  27  2.4  -9 -9.0   -9 1014.4 1025.2 -9  -9.0   2.3 -13.9  29.0   2.1   -9.0   -9.0   -9.0   -9.0   -9.0   -9.0   -9.0 -9 -9 -                        7   5   10 ScCi       1   0   5  4168  1.0  1.75 -9   3.3  -0.1  -0.4   0.9   1.7  -9 -9.0 -9  3  2
202501031400 108  25  2.6  -9 -9.0   -9 1014.2 1025.0 -9  -9.0   2.7 -11.6  34.0   2.5   -9.0   -9.0   -9.0   -9.0   -9.0   -9.0   -9.0 -9 -9 -                        8   8   10 Sc         0   0   5  4477  0.9  1.69 -9   3.5  -0.1  -0.4   0.8   1.7  -9 -9.0 -9  3  2
202501031500 108  27  2.7  -9 -9.0   -9 1013.9 1024.7  7  -1.3   2.2 -10.6  38.0   2.7   -9.0   -9.0   -9.0   -9.0   -9.0   -9.0   -9.0 -9 -9 -                        7   7   10 Sc         0   0   5  4152  0.1  0.73 -9   1.2  -0.1  -0.3   0.9   1.7  -9 -9.0 -9  3  2
202501031600 108  25  3.5  -9 -9.0   -9 1013.8 1024.6 -9  -9.0   3.1  -9.5  39.0   3.0   -9.0   -9.0   -9.0   -9.0   -9.0   -9.0   -9.0 -9 -9 -                        2   2   12 Sc         0   0   5  3688  0.6  0.85 -9   1.0  -0.1  -0.3   0.9   1.7  -9 -9.0 -9  3  2
202501031700 108  20  2.9  -9 -9.0   -9 1013.7 1024.5 -9  -9.0   2.1  -8.9  44.0   3.1   -9.0   -9.0   -9.0   -9.0   -9.0   -9.0   -9.0 -9 -9 -                        0   0   -9 -         -9  -9  -9  4567  1.0  0.49 -9  -0.2  -0.1  -0.3   0.9   1.7  -9 -9.0 -9  3  2
202501031800 108  23  2.5  -9 -9.0   -9 1014.0 1024.8  3   0.1   1.2  -5.0  63.0   4.2   -9.0   -9.0   -9.0   -9.0   -9.0   -9.0   -9.0 -9 -9 -                        8   8   10 Sc         0   0   5  3377  0.1  0.03 -9  -0.3  -0.1  -0.3   0.8   1.7  -9 -9.0 -9  3  2
202501031900 108  27  2.3  -9 -9.0   -9 1014.3 1025.2 -9  -9.0   0.9  -4.5  67.0   4.4   -9.0   -9.0   -9.0   -9.0   -9.0   -9.0   -9.0 -9 -9 -                        5   5    8 -         -9  -9  -9  2969 -9.0 -9.00 -9  -0.4  -0.1  -0.3   0.9   1.7  -9 -9.0 -9  3 -9
202501032000 108  27  1.9  -9 -9.0   -9 1014.3 1025.2 -9  -9.0   0.4  -5.2  66.0   4.2   -9.0   -9.0   -9.0   -9.0   -9.0   -9.0   -9.0 -9 -9 -                        6   6    9 -         -9  -9  -9  3254 -9.0 -9.00 -9  -0.6  -0.1  -0.3   0.9   1.7  -9 -9.0 -9  3 -9
202501032100 108  29  1.5  -9 -9.0   -9 1014.5 1025.4  2   0.6   0.5  -4.3  70.0   4.4    0.0    0.0    0.0   -9.0   -9.0   -9.0   -9.0 70 70 05                       9   9    8 Sc         0   0   5  2893 -9.0 -9.00 -9  -0.5  -0.1  -0.3   0.9   1.7  -9 -9.0 -9  1  1
202501032200 108  27  3.2  -9 -9.0   -9 1014.9 1025.8 -9  -9.0   0.4  -4.2  71.0   4.5   -9.0    0.0    0.0   -9.0   -9.0   -9.0   -9.0 22 70 05                       2   2   11 Sc         0   0   5  2864 -9.0 -9.00 -9  -0.8  -0.1  -0.3   0.9   1.7  -9 -9.0 -9  4  1
202501032300 108  29  4.2  -9 -9.0   -9 1015.1 1026.0 -9  -9.0  -0.7  -5.5  70.0   4.1   -9.0    0.0    0.0   -9.0   -9.0   -9.0   -9.0 -9 -9 -                        0   0   -9 -         -9  -9  -9  2220 -9.0 -9.00 -9  -1.6  -0.1  -0.3   0.8   1.7  -9 -9.0 -9  3 -9
202501040000 108  32  3.6  -9 -9.0   -9 1015.4 1026.4  2   1.0  -1.9  -8.4  61.0   3.2    0.0    0.0    0.0   -9.0   -9.0   -9.0   -9.0 -9 70 -                        0   0   -9 -         -9  -9  -9  2150 -9.0 -9.00 -9  -2.5  -0.1  -0.3   0.8   1.7  -9 -9.0 -9  3  1
202501040100 108  27  2.5  -9 -9.0   -9 1015.4 1026.4 -9  -9.0  -2.6  -9.7  58.0   2.9   -9.0   -9.0   -9.0   -9.0   -9.0   -9.0   -9.0 -9 -9 -                        0   0   -9 -         -9  -9  -9  2407 -9.0 -9.00 -9  -3.0  -0.2  -0.3   0.8   1.7  -9 -9.0 -9  3 -9
202501040200 108  27  3.1  -9 -9.0   -9 1015.7 1026.7 -9  -9.0  -3.0 -10.1  58.0   2.8   -9.0   -9.0   -9.0   -9.0   -9.0   -9.0   -9.0 -9 -9 -                        0   0   -9 -         -9  -9  -9  2478 -9.0 -9.00 -9  -3.9  -0.2  -0.3   0.8   1.7  -9 -9.0 -9  3 -9
202501040300 108  34  1.9  -9 -9.0   -9 1016.0 1027.1  2   0.7  -3.5  -9.9  61.0   2.9   -9.0   -9.0   -9.0   -9.0   -9.0   -9.0   -9.0 -9 70 -                        0   0   -9 -         -9  -9  -9  2384 -9.0 -9.00 -9  -4.4  -0.2  -0.3   0.8   1.7  -9 -9.0 -9  3  1
202501040400 108  34  1.5  -9 -9.0   -9 1015.7 1026.8 -9  -9.0  -4.2 -10.4  62.0   2.8   -9.0   -9.0   -9.0   -9.0   -9.0   -9.0   -9.0 -9 -9 -                        0   0   -9 -         -9  -9  -9  2294 -9.0 -9.00 -9  -5.0  -0.2  -0.4   0.8   1.7  -9 -9.0 -9  3  2
202501040500 108  29  0.9  -9 -9.0   -9 1015.5 1026.6 -9  -9.0  -4.3 -11.1  59.0   2.6   -9.0   -9.0   -9.0   -9.0   -9.0   -9.0   -9.0 -9 -9 -                        0   0   -9 -         -9  -9  -9  2425 -9.0 -9.00 -9  -5.3  -0.3  -0.4   0.8   1.7  -9 -9.0 -9  3  2
202501040600 108  27  1.0  -9 -9.0   -9 1015.8 1026.9  5  -0.2  -4.9 -11.4  60.0   2.6   -9.0   -9.0   -9.0   -9.0   -9.0   -9.0   -9.0 -9 -9 -                        0   0   -9 -         -9  -9  -9  2554 -9.0 -9.00 -9  -5.6  -0.3  -0.5   0.8   1.7  -9 -9.0 -9  3  2
202501040700 108  36  0.5  -9 -9.0   -9 1016.0 1027.1 -9  -9.0  -5.1 -11.0  63.0   2.6   -9.0   -9.0   -9.0   -9.0   -9.0   -9.0   -9.0 -9 -9 -                        0   0   -9 -         -9  -9  -9  2539 -9.0 -9.00 -9  -5.8  -0.4  -0.5   0.8   1.7  -9 -9.0 -9  3  2
202501040800 108   2  1.8  -9 -9.0   -9 1016.1 1027.2 -9  -9.0  -5.4 -11.7  61.0   2.5   -9.0   -9.0   -9.0   -9.0   -9.0   -9.0   -9.0 -9 -9 -                        0   0   -9 -         -9  -9  -9  2620  0.0  0.00 -9  -5.8  -0.4  -0.6   0.8   1.6  -9 -9.0 -9  3  2
202501040900 108   5  1.4  -9 -9.0   -9 1016.5 1027.6  2   0.7  -4.7 -10.0  66.0   2.9   -9.0   -9.0   -9.0   -9.0   -9.0   -9.0   -9.0 -9 -9 -                        0   0   -9 -         -9  -9  -9  2208  1.0  0.31 -9  -4.8  -0.5  -0.6   0.8   1.6  -9 -9.0 -9  3  2
202501041000 108   5  2.3  -9 -9.0   -9 1016.4 1027.4 -9  -9.0  -1.7  -7.8  63.0   3.4   -9.0   -9.0   -9.0   -9.0   -9.0   -9.0   -9.0 -9 -9 -                        0   0   -9 -         -9  -9  -9  1796  1.0  0.89 -9  -1.5  -0.4  -0.6   0.8   1.6  -9 -9.0 -9  3  2
202501041100 108   5  0.8  -9 -9.0   -9 1016.7 1027.6 -9  -9.0   0.7  -9.3  47.0   3.0   -9.0   -9.0   -9.0   -9.0   -9.0   -9.0   -9.0 -9 -9 -                        0   0   -9 -         -9  -9  -9  2330  1.0  1.44 -9  -0.1  -0.4  -0.6   0.8   1.6  -9 -9.0 -9  3  2
202501041200 108  16  1.7  -9 -9.0   -9 1016.1 1026.9  7  -0.7   3.3  -8.7  41.0   3.2   -9.0   -9.0   -9.0   -9.0   -9.0   -9.0   -9.0 -9 -9 -                        0   0   -9 -         -9  -9  -9  2477  1.0  1.76 -9   2.5  -0.3  -0.6   0.4   1.3  -9 -9.0 -9  3  2
202501041300 108  29  2.2  -9 -9.0   -9 1015.5 1026.3 -9  -9.0   3.7 -11.9  31.0   2.5   -9.0   -9.0   -9.0   -9.0   -9.0   -9.0   -9.0 -9 -9 -                        0   0   -9 -         -9  -9  -9  3438  1.0  1.97 -9   5.7  -0.3  -0.5   0.5   1.3  -9 -9.0 -9  3  2
202501041400 108  23  2.7  -9 -9.0   -9 1015.1 1025.8 -9  -9.0   5.1 -11.5  29.0   2.5   -9.0   -9.0   -9.0   -9.0   -9.0   -9.0   -9.0 -9 -9 -                        0   0   -9 -         -9  -9  -9  4453  1.0  1.91 -9   6.3  -0.3  -0.5   0.4   1.3  -9 -9.0 -9  3  2
202501041500 108  25  1.5  -9 -9.0   -9 1015.1 1025.8  6  -1.1   5.5 -12.5  26.0   2.3   -9.0   -9.0   -9.0   -9.0   -9.0   -9.0   -9.0 -9 -9 -                        0   0   -9 -         -9  -9  -9  4217  1.0  1.59 -9   4.1  -0.2  -0.4   0.5   1.3  -9 -9.0 -9  3  2
202501041600 108  27  2.5  -9 -9.0   -9 1014.9 1025.6 -9  -9.0   4.8 -11.7  29.0   2.5   -9.0   -9.0   -9.0   -9.0   -9.0   -9.0   -9.0 -9 -9 -                        4   4   14 Sc         0   0   5  3881  0.8  0.93 -9   0.8  -0.2  -0.4   0.5   1.3  -9 -9.0 -9  3  2
202501041700 108  27  1.8  -9 -9.0   -9 1014.9 1025.6 -9  -9.0   3.6 -10.1  36.0   2.8   -9.0   -9.0   -9.0   -9.0   -9.0   -9.0   -9.0 -9 -9 -                        7   7   14 Sc         0   0   5  3524  0.1  0.21 -9  -0.2  -0.1  -0.4   0.5   1.3  -9 -9.0 -9  3  2
202501041800 108  29  1.8  -9 -9.0   -9 1015.0 1025.8  4   0.0   3.0  -9.6  39.0   3.0   -9.0   -9.0   -9.0   -9.0   -9.0   -9.0   -9.0 -9 -9 -                        7   7    9 Sc         0   0   5  3719  0.0  0.02 -9  -0.2  -0.1  -0.4   0.5   1.3  -9 -9.0 -9  3  2
202501041900 108  20  2.1  -9 -9.0   -9 1015.1 1025.9 -9  -9.0   2.4 -10.5  38.0   2.8   -9.0   -9.0   -9.0   -9.0   -9.0   -9.0   -9.0 -9 -9 -                        4   4   11 -         -9  -9  -9  3729 -9.0 -9.00 -9  -0.3  -0.1  -0.4   0.5   1.4  -9 -9.0 -9  3 -9
202501042000 108  18  1.0  -9 -9.0   -9 1014.6 1025.4 -9  -9.0   1.3  -9.3  45.0   3.0   -9.0   -9.0   -9.0   -9.0   -9.0   -9.0   -9.0 -9 -9 -                        0   0   -9 -         -9  -9  -9  3257 -9.0 -9.00 -9  -0.6  -0.2  -0.4   0.5   1.3  -9 -9.0 -9  3 -9
202501042100 108  16  1.7  -9 -9.0   -9 1014.3 1025.2  8  -0.6   0.8  -8.9  48.0   3.1   -9.0   -9.0   -9.0   -9.0   -9.0   -9.0   -9.0 -9 -9 -                        0   0   -9 -         -9  -9  -9  3316 -9.0 -9.00 -9  -1.0  -0.2  -0.4   0.6   1.4  -9 -9.0 -9  3  2
202501042200 108   2  1.7  -9 -9.0   -9 1014.5 1025.4 -9  -9.0   0.4  -8.8  50.0   3.1   -9.0   -9.0   -9.0   -9.0   -9.0   -9.0   -9.0 -9 -9 -                        0   0   -9 -         -9  -9  -9  3172 -9.0 -9.00 -9  -1.5  -0.2  -0.4   0.5   1.3  -9 -9.0 -9  3 -9
202501042300 108   5  1.3  -9 -9.0   -9 1014.2 1025.1 -9  -9.0   0.0  -8.7  52.0   3.2   -9.0   -9.0   -9.0   -9.0   -9.0   -9.0   -9.0 -9 -9 -                        4   4    8 -         -9  -9  -9  3042 -9.0 -9.00 -9  -2.0  -0.2  -0.4   0.5   1.4  -9 -9.0 -9  3 -9
202501050000 108   5  2.1  -9 -9.0   -9 1013.3 1024.2  8  -1.0  -0.3  -8.0  56.0   3.3   -9.0   -9.0   -9.0   -9.0   -9.0   -9.0   -9.0 -9 -9 -                        4   4   13 Sc         0   0   5  3020 -9.0 -9.00 -9  -1.8  -0.2  -0.4   0.5   1.3  -9 -9.0 -9  3  2
202501050100 108   5  2.3  -9 -9.0   -9 1012.3 1023.2 -9  -9.0  -0.6  -8.0  57.0   3.3   -9.0   -9.0   -9.0   -9.0   -9.0   -9.0   -9.0 -9 -9 -                        6   2   66 -         -9  -9  -9  2951 -9.0 -9.00 -9  -2.6  -0.2  -0.4   0.5   1.3  -9 -9.0 -9  3 -9
202501050200 108   5  1.8  -9 -9.0   -9 1012.0 1022.9 -9  -9.0  -0.6  -7.4  60.0   3.5   -9.0   -9.0   -9.0   -9.0   -9.0   -9.0   -9.0 -9 -9 -                        9   6   28 -         -9  -9  -9  2950 -9.0 -9.00 -9  -2.4  -0.2  -0.4   0.8   1.6  -9 -9.0 -9  3 -9
202501050300 108   5  2.2  -9 -9.0   -9 1012.0 1022.9  6  -1.3   0.1  -6.5  61.0   3.8    0.0    0.0    0.0   -9.0   -9.0   -9.0   -9.0 70 72 05                      10   9    8 ScAs      -9   2   5  2186 -9.0 -9.00 -9  -1.4  -0.2  -0.4   0.8   1.6  -9 -9.0 -9  4  1
202501050400 108   5  2.7  -9 -9.0   -9 1011.2 1022.0 -9  -9.0   0.6  -5.8  62.0   4.0   -9.0    0.0    0.0   -9.0   -9.0   -9.0   -9.0 22 72 05                      10   7   10 ScAs      -9   2   5  2949 -9.0 -9.00 -9  -1.3  -0.2  -0.4   0.8   1.6  -9 -9.0 -9  4  1
202501050500 108   5  2.3  -9 -9.0   -9 1010.4 1021.2 -9  -9.0   0.7  -6.1  60.0   3.9   -9.0    0.0    0.0   -9.0   -9.0   -9.0   -9.0 -9 -9 -                       10   7    9 ScAs      -9   2   5  2919 -9.0 -9.00 -9  -1.3  -0.2  -0.4   0.8   1.6  -9 -9.0 -9  3  2
202501050600 108   5  2.6  -9 -9.0   -9 1010.1 1020.9  7  -2.0   0.5  -3.9  72.0   4.6    0.3    0.3    0.3   -9.0    0.2    0.2    0.2 70 72 05                      10   9    6 ScAs      -9   2   5   310 -9.0 -9.00 -9  -1.0  -0.2  -0.3   0.8   1.6  -9 -9.0 -9  4  1
202501050700 108   5  2.5  -9 -9.0   -9 1010.2 1021.1 -9  -9.0  -0.2  -2.1  87.0   5.2   -9.0    0.6    0.6   -9.0   -9.0    0.7    0.7 71 77 05                      10   9    5 ScAs      -9   2   5   209 -9.0 -9.00 -9  -1.0  -0.2  -0.3   0.8   1.6  -9 -9.0 -9  4  1
202501050800 108   7  1.9  -9 -9.0   -9 1010.4 1021.3 -9  -9.0  -0.2  -1.4  91.0   5.5   -9.0    1.8    1.8   -9.0   -9.0    1.8    1.8 73 77 05                      10   9    2 StNs      -9   2   7    80  0.0  0.00 -9  -0.8  -0.2  -0.3   0.8   1.6  -9 -9.0 -9  4  1
202501050900 108   7  2.0  -9 -9.0   -9 1010.2 1021.1  0   0.2  -0.3  -1.4  92.0   5.5    4.1    4.4    4.4   -9.0    4.8    5.0    5.0 71 77 05                      10   7    7 StNs      -9   2   7   189  0.0  0.02 -9  -0.8  -0.2  -0.3   0.8   1.6  -9 -9.0 -9  1  1
202501051000 108   5  2.6  -9 -9.0   -9 1009.8 1020.6 -9  -9.0  -0.1  -1.1  93.0   5.6   -9.0    4.7    4.7   -9.0   -9.0    5.3    5.3 71 77 05                      10   8    7 StNs      -9   2   7   193  0.0  0.04 -9  -0.7  -0.2  -0.3   0.8   1.6  -9 -9.0 -9  4  1
202501051100 108   5  1.9  -9 -9.0   -9 1009.8 1020.6 -9  -9.0   0.4  -0.4  94.0   5.9   -9.0    5.3    5.3   -9.0   -9.0    5.7    5.7 71 77 05                      10   6    7 StNs      -9   2   7   268  0.0  0.07 -9  -0.6  -0.1  -0.3   0.7   1.6  -9 -9.0 -9  4  1
202501051200 108   5  2.3  -9 -9.0   -9 1009.0 1019.8  7  -1.3   0.6  -0.4  93.0   5.9    1.3    5.7    5.7   -9.0    0.9    5.9    5.9 71 77 05                      10   8    6 StNs      -9   2   7   154  0.0  0.07 -9  -0.5  -0.1  -0.3   0.8   1.6  -9 -9.0 -9  4  1
202501051300 108   7  1.8  -9 -9.0   -9 1008.2 1019.0 -9  -9.0   0.8  -0.2  93.0   6.0   -9.0    6.6    6.6   -9.0   -9.0    6.4    6.4 71 77 05                      10   7    7 StNs      -9   2   7   220  0.0  0.05 -9  -0.5  -0.1  -0.3   0.7   1.6  -9 -9.0 -9  4  1
202501051400 108   5  2.6  -9 -9.0   -9 1007.4 1018.2 -9  -9.0   1.2   0.1  93.0   6.2   -9.0    6.7    6.7   -9.0   -9.0    6.3    6.3 22 72 1905                    10   6    9 ScAs      -9   2   5   285  0.0  0.08 -9  -0.5  -0.1  -0.3   0.7   1.6  -9 -9.0 -9  4  1
202501051500 108   5  3.1  -9 -9.0   -9 1006.7 1017.4  7  -2.4   1.8   0.4  91.0   6.3    1.0    6.7    6.7   -9.0    0.5    5.9    5.9 10 72 19                       9   9   10 Sc         0   0   5   364  0.0  0.33 -9  -0.4  -0.1  -0.3   0.7   1.5  -9 -9.0 -9  3  1
202501051600 108   5  2.9  -9 -9.0   -9 1006.7 1017.4 -9  -9.0   1.8   0.4  91.0   6.3   -9.0    6.7    6.7   -9.0   -9.0    5.4    5.4 10 22 19                       9   9   10 Sc         0   0   5   388  0.0  0.27 -9  -0.4  -0.1  -0.3   0.7   1.5  -9 -9.0 -9  3  1
202501051700 108   5  2.8  -9 -9.0   -9 1006.9 1017.6 -9  -9.0   1.9   0.4  90.0   6.3   -9.0    6.7    6.7   -9.0   -9.0    5.2    5.2 10 22 19                       9   9    8 Sc         0   0   5   432  0.0  0.09 -9  -0.4  -0.1  -0.3   0.7   1.5  -9 -9.0 -9  3  1
202501051800 108   5  2.8  -9 -9.0   -9 1006.7 1017.4  4   0.0   1.9   0.4  90.0   6.3   -9.0    6.7    6.7   -9.0   -9.0    5.0    5.0 10 22 19                       9   9    3 St         0   0   6   512  0.0  0.01 -9  -0.4  -0.1  -0.3   0.7   1.5  -9 -9.0 -9  3  1
202501051900 108   5  2.7  -9 -9.0   -9 1007.0 1017.7 -9  -9.0   2.1   0.6  90.0   6.4   -9.0    6.7    6.7   -9.0   -9.0    4.8    4.8 -9 -9 19                       7   7    2 -         -9  -9  -9   544 -9.0 -9.00 -9  -0.4  -0.1  -0.3   0.7   1.5  -9 -9.0 -9  3  2
202501052000 108   5  2.8  -9 -9.0   -9 1006.9 1017.6 -9  -9.0   2.2   0.7  90.0   6.4   -9.0    6.7    6.7   -9.0   -9.0    4.6    4.6 -9 -9 19                       9   9    2 -         -9  -9  -9   549 -9.0 -9.00 -9  -0.4  -0.1  -0.3   0.7   1.5  -9 -9.0 -9  3  2
202501052100 108   5  2.6  -9 -9.0   -9 1006.7 1017.4  4   0.0   2.2   0.7  90.0   6.4   -9.0    6.7    6.7   -9.0   -9.0    4.4    4.4 10 22 19                       9   9    3 St         0   0   6   558 -9.0 -9.00 -9  -0.2  -0.1  -0.3   0.7   1.5  -9 -9.0 -9  3  1
202501052200 108   5  2.6  -9 -9.0   -9 1006.3 1017.0 -9  -9.0   2.4   0.9  90.0   6.5   -9.0    6.7    6.7   -9.0   -9.0    4.2    4.2 -9 -9 19                       7   7    2 -         -9  -9  -9   512 -9.0 -9.00 -9  -0.2  -0.1  -0.3   0.7   1.5  -9 -9.0 -9  3  2
202501052300 108   7  2.3  -9 -9.0   -9 1006.1 1016.8 -9  -9.0   2.4   0.9  90.0   6.5   -9.0    6.7    6.7   -9.0   -9.0    4.0    4.0 -9 -9 19                       8   8    2 -         -9  -9  -9   430 -9.0 -9.00 -9  -0.2  -0.1  -0.3   0.7   1.5  -9 -9.0 -9  3  2
202501060000 108   5  2.2  -9 -9.0   -9 1005.6 1016.3  7  -1.1   2.4   1.0  91.0   6.6   -9.0    6.7    6.7   -9.0   -9.0    3.9    3.9 10 22 19                       8   8    3 St         0   0   6   406 -9.0 -9.00 -9  -0.2  -0.1  -0.3   0.7   1.5  -9 -9.0 -9  3  1
202501060100 108   5  2.3  -9 -9.0   -9 1004.6 1015.3 -9  -9.0   2.5   1.0  90.0   6.6   -9.0   -9.0   -9.0   -9.0   -9.0   -9.0    3.7 -9 -9 19                       7   7    2 -         -9  -9  -9   355 -9.0 -9.00 -9  -0.2  -0.1  -0.3   0.7   1.5  -9 -9.0 -9  3  2
202501060200 108  34  4.7  34 10.0  155 1004.5 1015.2 -9  -9.0   2.9   2.0  94.0   7.1   -9.0   -9.0   -9.0   -9.0   -9.0   -9.0    3.5 -9 -9 19                       9   9    2 -         -9  -9  -9   285 -9.0 -9.00 -9  -0.2  -0.1  -0.3   0.7   1.5  -9 -9.0 -9  3  2
202501060300 108  25  1.0  34 10.0  155 1004.4 1015.1  7  -1.2   2.7   1.5  92.0   6.8    1.2    1.2    1.2   -9.0   -9.0   -9.0    2.9 60 62 1901                    10   9    6 ScAs      -9   2   5   386 -9.0 -9.00 -9  -0.2  -0.1  -0.3   0.7   1.5  -9 -9.0 -9  4  1
202501060400 108   5  0.6  -9 -9.0   -9 1003.7 1014.4 -9  -9.0   2.4   1.3  93.0   6.7   -9.0    2.9    2.9   -9.0   -9.0   -9.0    2.4 61 66 1901                    10   9    4 StNs      -9   2   7   207 -9.0 -9.00 -9  -0.2  -0.1  -0.3   0.7   1.5  -9 -9.0 -9  4  1
202501060500 108  36  2.4  -9 -9.0   -9 1003.3 1014.0 -9  -9.0   2.3   1.4  94.0   6.8   -9.0    3.0    3.0   -9.0   -9.0   -9.0    2.2 21 62 1901                    10   7    6 ScAs      -9   2   5   160 -9.0 -9.00 -9  -0.2  -0.1  -0.3   0.7   1.5  -9 -9.0 -9  4  1
202501060600 108  36  2.1  -9 -9.0   -9 1003.7 1014.4  5  -0.7   2.2   1.4  95.0   6.8    1.8    3.0    3.0   -9.0   -9.0   -9.0    2.2 10 62 19                      10  10    2 St        -9  -9   6   135 -9.0 -9.00 -9  -0.2  -0.1  -0.3   0.7   1.5  -9 -9.0 -9  3  1
202501060700 108   0  0.3  -9 -9.0   -9 1004.1 1014.8 -9  -9.0   2.2   1.3  94.0   6.7   -9.0    3.0    3.0   -9.0   -9.0   -9.0    2.1 10 22 19                       9   9    3 St         0   0   6   189 -9.0 -9.00 -9  -0.2  -0.1  -0.3   0.7   1.5  -9 -9.0 -9  3  1
202501060800 108  25  1.5  -9 -9.0   -9 1004.3 1015.0 -9  -9.0   2.3   1.4  94.0   6.8   -9.0    3.0    3.0   -9.0   -9.0   -9.0    2.1 10 22 19                       9   9    3 St         0   0   6   237  0.0  0.00 -9  -0.2  -0.1  -0.3   0.7   1.5  -9 -9.0 -9  3  1
202501060900 108  27  2.0  -9 -9.0   -9 1004.5 1015.2  2   0.8   2.5   1.7  95.0   6.9    0.0    3.0    3.0   -9.0   -9.0   -9.0    2.0 21 62 1901                    10  10    3 St        -9  -9   6   183  0.0  0.03 -9  -0.2  -0.1  -0.3   0.7   1.5  -9 -9.0 -9  1  1
202501061000 108  27  3.6  -9 -9.0   -9 1005.1 1015.8 -9  -9.0   2.1   0.9  92.0   6.5   -9.0    3.0    3.0   -9.0   -9.0   -9.0    1.9 68 72 1906                    10  10    3 St        -9  -9   7   237  0.0  0.12 -9  -0.2  -0.1  -0.3   0.5   1.3  -9 -9.0 -9  4  1
202501061100 108  29  3.1  -9 -9.0   -9 1005.2 1015.9 -9  -9.0   2.3   0.0  85.0   6.1   -9.0    3.0    3.0   -9.0   -9.0   -9.0    1.7 23 72 1906                     7   7    5 Sc         0   0   5   329  0.0  0.46 -9  -0.2  -0.1  -0.4   0.4   1.2  -9 -9.0 -9  4  1
202501061200 108  29  3.6  -9 -9.0   -9 1004.8 1015.5  0   0.3   2.7  -1.6  73.0   5.4    0.0    3.0    3.0   -9.0   -9.0   -9.0    1.2 10 72 19                       8   8    6 Sc         0   0   5   434  0.1  0.91 -9  -0.2  -0.1  -0.3   0.7   1.5  -9 -9.0 -9  3  1
202501061300 108  29  3.8  -9 -9.0   -9 1004.3 1015.0 -9  -9.0   2.9  -2.4  68.0   5.1   -9.0    3.0    3.0   -9.0   -9.0   -9.0    0.5  5 22 4019                     7   7    7 Sc         0   0   5   412  0.6  1.59 -9  -0.2  -0.1  -0.3   0.5   1.2  -9 -9.0 -9  3  1
202501061400 108  29  3.9  -9 -9.0   -9 1004.1 1014.8 -9  -9.0   2.7  -3.2  65.0   4.8   -9.0    3.0    3.0   -9.0   -9.0   -9.0   -9.0  5 22 40                       6   6    8 Sc         0   0   5   482  0.5  1.26 -9   0.2  -0.1  -0.3   0.5   1.2  -9 -9.0 -9  3  1
202501061500 108  29  4.0  -9 -9.0   -9 1004.5 1015.2  5  -0.3   2.4  -3.7  64.0   4.6   -9.0    3.0    3.0   -9.0   -9.0   -9.0   -9.0  5 71 40                       4   4    9 Sc         0   0   5   484  0.5  0.82 -9   0.2  -0.1  -0.3   0.5   1.3  -9 -9.0 -9  3  1
202501061600 108  27  3.6  -9 -9.0   -9 1005.3 1016.0 -9  -9.0   2.0  -4.5  62.0   4.4   -9.0    3.0    3.0   -9.0   -9.0   -9.0   -9.0  5 22 40                       5   5   11 Sc         0   0   5   562  0.6  0.72 -9  -0.2  -0.1  -0.3   0.5   1.3  -9 -9.0 -9  3  1
202501061700 108  29  4.5  -9 -9.0   -9 1005.9 1016.7 -9  -9.0   1.2  -4.6  65.0   4.3   -9.0    3.0    3.0   -9.0   -9.0   -9.0   -9.0  5  0 40                       3   3    9 Sc         0   0   5   514  0.0  0.16 -9  -0.2  -0.1  -0.3   0.5   1.2  -9 -9.0 -9  3  1
202501061800 108  29  3.6  -9 -9.0   -9 1006.7 1017.5  2   2.3   0.2  -5.4  66.0   4.1   -9.0    3.0    3.0   -9.0   -9.0   -9.0   -9.0  5  0 40                       6   6    9 Sc         0   0   5   592  0.0  0.02 -9  -0.2  -0.1  -0.4   0.4   1.2  -9 -9.0 -9  3  1
202501061900 108  27  2.9  -9 -9.0   -9 1007.4 1018.2 -9  -9.0  -0.7  -6.4  65.0   3.8   -9.0    3.0    3.0   -9.0   -9.0   -9.0   -9.0 -9 -9 40                       0   0   -9 -         -9  -9  -9   805 -9.0 -9.00 -9  -0.6  -0.1  -0.3   0.4   1.2  -9 -9.0 -9  3  2
202501062000 108  27  3.3  -9 -9.0   -9 1007.9 1018.8 -9  -9.0  -1.3  -7.2  64.0   3.6   -9.0    3.0    3.0   -9.0   -9.0   -9.0   -9.0 -9 -9 40                       0   0   -9 -         -9  -9  -9  1438 -9.0 -9.00 -9  -0.9  -0.1  -0.3   0.4   1.3  -9 -9.0 -9  3  2
202501062100 108  29  3.0  -9 -9.0   -9 1008.6 1019.5  2   2.0  -1.8  -8.7  59.0   3.2   -9.0    3.0    3.0   -9.0   -9.0   -9.0   -9.0 -9 -9 -                        1   1   10 Sc         0   0   5  2378 -9.0 -9.00 -9  -1.1  -0.1  -0.3   0.4   1.2  -9 -9.0 -9  3  2
202501062200 108  27  4.5  -9 -9.0   -9 1008.9 1019.8 -9  -9.0  -2.4  -9.7  57.0   2.9   -9.0    3.0    3.0   -9.0   -9.0   -9.0   -9.0 -9 -9 -                        0   0   -9 -         -9  -9  -9  2818 -9.0 -9.00 -9  -1.5  -0.1  -0.3   0.5   1.2  -9 -9.0 -9  3 -9
202501062300 108  25  2.5  -9 -9.0   -9 1008.9 1019.8 -9  -9.0  -2.8  -9.2  61.0   3.0   -9.0    3.0    3.0   -9.0   -9.0   -9.0   -9.0 -9 -9 -                        0   0   -9 -         -9  -9  -9  2704 -9.0 -9.00 -9  -1.6  -0.1  -0.3   0.5   1.2  -9 -9.0 -9  3 -9
202501070000 108  27  2.9  -9 -9.0   -9 1008.7 1019.6  0   0.1  -3.0  -9.4  61.0   3.0   -9.0    3.0    3.0   -9.0   -9.0   -9.0   -9.0 -9 -9 -                        1   1   12 Sc         0   0   5  2807 -9.0 -9.00 -9  -1.8  -0.1  -0.3   0.5   1.2  -9 -9.0 -9  3  2
202501070100 108  27  3.1  -9 -9.0   -9 1008.5 1019.5 -9  -9.0  -3.2 -10.9  55.0   2.7   -9.0   -9.0   -9.0   -9.0   -9.0   -9.0   -9.0 -9 -9 -                        0   0   -9 -         -9  -9  -9  2968 -9.0 -9.00 -9  -2.3  -0.1  -0.3   0.5   1.2  -9 -9.0 -9  3 -9
202501070200 108  27  3.9  -9 -9.0   -9 1008.2 1019.2 -9  -9.0  -3.6 -12.5  50.0   2.3   -9.0   -9.0   -9.0   -9.0   -9.0   -9.0   -9.0 -9 -9 -                        0   0   -9 -         -9  -9  -9  3058 -9.0 -9.00 -9  -2.7  -0.1  -0.3   0.5   1.2  -9 -9.0 -9  3 -9
202501070300 108  27  3.5  -9 -9.0   -9 1008.6 1019.6  4   0.0  -3.9 -12.5  51.0   2.3   -9.0   -9.0   -9.0   -9.0   -9.0   -9.0   -9.0 -9 -9 -                        0   0   -9 -         -9  -9  -9  3042 -9.0 -9.00 -9  -3.0  -0.1  -0.3   0.5   1.2  -9 -9.0 -9  3  2
202501070400 108  25  3.4  -9 -9.0   -9 1008.0 1019.0 -9  -9.0  -4.2 -12.3  53.0   2.4   -9.0   -9.0   -9.0   -9.0   -9.0   -9.0   -9.0 -9 -9 -                        0   0   -9 -         -9  -9  -9  2807 -9.0 -9.00 -9  -3.3  -0.1  -0.3   0.5   1.2  -9 -9.0 -9  3  2
202501070500 108  29  2.2  -9 -9.0   -9 1007.7 1018.7 -9  -9.0  -4.4 -12.5  53.0   2.3   -9.0   -9.0   -9.0   -9.0   -9.0   -9.0   -9.0 -9 -9 -                        0   0   -9 -         -9  -9  -9  2900 -9.0 -9.00 -9  -3.5  -0.1  -0.4   0.4   1.2  -9 -9.0 -9  3  2
202501070600 108  29  1.9  -9 -9.0   -9 1007.8 1018.8  5  -0.8  -5.0 -12.6  55.0   2.3   -9.0   -9.0   -9.0   -9.0   -9.0   -9.0   -9.0 -9 -9 -                        0   0   -9 -         -9  -9  -9  2645 -9.0 -9.00 -9  -3.8  -0.1  -0.3   0.5   1.2  -9 -9.0 -9  3  2
202501070700 108  27  2.1  -9 -9.0   -9 1007.8 1018.8 -9  -9.0  -5.1 -12.9  54.0   2.3   -9.0   -9.0   -9.0   -9.0   -9.0   -9.0   -9.0 -9 -9 -                        0   0   -9 -         -9  -9  -9  2433 -9.0 -9.00 -9  -4.0  -0.1  -0.3   0.5   1.2  -9 -9.0 -9  3  2
202501070800 108  23  0.7  -9 -9.0   -9 1008.0 1019.1 -9  -9.0  -5.7 -13.0  56.0   2.3   -9.0   -9.0   -9.0   -9.0   -9.0   -9.0   -9.0 -9 -9 -                        0   0   -9 -         -9  -9  -9  2570  0.0  0.00 -9  -4.1  -0.1  -0.3   0.5   1.2  -9 -9.0 -9  3  2
202501070900 108  27  1.2  -9 -9.0   -9 1008.2 1019.2  2   0.4  -5.1 -12.7  55.0   2.3   -9.0   -9.0   -9.0   -9.0   -9.0   -9.0   -9.0 -9 -9 -                        0   0   -9 -         -9  -9  -9  2712  1.0  0.30 -9  -3.5  -0.1  -0.3   0.5   1.2  -9 -9.0 -9  3  2
202501071000 108  27  2.2  -9 -9.0   -9 1008.2 1019.2 -9  -9.0  -3.3 -13.2  46.0   2.2   -9.0   -9.0   -9.0   -9.0   -9.0   -9.0   -9.0 -9 -9 -                        0   0   -9 -         -9  -9  -9  3132  1.0  0.83 -9  -1.1  -0.2  -0.3   0.5   1.2  -9 -9.0 -9  3  2
202501071100 108  23  2.8  -9 -9.0   -9 1007.9 1018.8 -9  -9.0  -1.4 -12.9  41.0   2.3   -9.0   -9.0   -9.0   -9.0   -9.0   -9.0   -9.0 -9 -9 -                        0   0   -9 -         -9  -9  -9  3471  1.0  1.43 -9  -0.3  -0.2  -0.4   0.5   1.2  -9 -9.0 -9  3  2
202501071200 108  25  4.4  -9 -9.0   -9 1007.1 1017.9  7  -1.3  -0.6 -13.1  38.0   2.2   -9.0   -9.0   -9.0   -9.0   -9.0   -9.0   -9.0 -9 -9 -                        0   0   -9 -         -9  -9  -9  3862  1.0  1.81 -9   0.3  -0.3  -0.3   0.5   1.2  -9 -9.0 -9  3  2
202501071300 108  25  3.0  -9 -9.0   -9 1005.9 1016.7 -9  -9.0   0.7 -11.3  40.0   2.6   -9.0   -9.0   -9.0   -9.0   -9.0   -9.0   -9.0 -9 -9 -                        1   1   10 Sc         0   0   5  2718  1.0  1.98 -9   1.8  -0.3  -0.3   0.5   1.2  -9 -9.0 -9  3  2
202501071400 108  25  4.5  -9 -9.0   -9 1005.3 1016.1 -9  -9.0   1.0  -9.6  45.0   3.0   -9.0   -9.0   -9.0   -9.0   -9.0   -9.0   -9.0 -9 -9 -                        5   5   12 Sc         0   0   5  3629  0.9  1.63 -9   2.0  -0.3  -0.3   0.5   1.2  -9 -9.0 -9  3  2
202501071500 108  25  5.4  -9 -9.0   -9 1005.4 1016.2  5  -1.7   0.7  -8.3  51.0   3.3   -9.0   -9.0   -9.0   -9.0   -9.0   -9.0   -9.0 -9 -9 -                        7   7   11 Sc         0   0   5  3409  0.7  1.41 -9   0.5  -0.2  -0.3   0.5   1.2  -9 -9.0 -9  3  2
202501071600 108  27  3.8  27 10.0 1537 1005.9 1016.7 -9  -9.0   0.0  -8.7  52.0   3.2   -9.0   -9.0   -9.0   -9.0   -9.0   -9.0   -9.0 -9 -9 -                        7   7   11 Sc         0   0   5  3167  0.4  0.58 -9  -0.2  -0.2  -0.3   0.5   1.2  -9 -9.0 -9  3  2
202501071700 108  27  3.7  -9 -9.0   -9 1006.2 1017.0 -9  -9.0  -0.4  -7.8  57.0   3.4   -9.0   -9.0   -9.0   -9.0   -9.0   -9.0   -9.0 -9 -9 -                        6   6   12 Sc         0   0   5  3183  0.0  0.14 -9  -0.2  -0.2  -0.3   0.5   1.2  -9 -9.0 -9  3  2
202501071800 108  27  4.2  27 10.0 1537 1006.9 1017.8  2   1.6  -1.0  -6.5  66.0   3.8    0.0    0.0    0.0   -9.0   -9.0   -9.0   -9.0 70 72 05                       9   9    9 Sc         0   0   5   469  0.0  0.02 -9  -0.3  -0.2  -0.3   0.5   1.2  -9 -9.0 -9  4  1
202501071900 108  23  2.2  -9 -9.0   -9 1007.1 1018.0 -9  -9.0  -1.4  -6.3  69.0   3.8   -9.0    0.1    0.1   -9.0   -9.0    0.4    0.4 22 70 05                       0   0   -9 -         -9  -9  -9  2945 -9.0 -9.00 -9  -0.4  -0.2  -0.3   0.5   1.2  -9 -9.0 -9  4  1
202501072000 108  27  2.5  -9 -9.0   -9 1007.8 1018.7 -9  -9.0  -1.7  -6.6  69.0   3.7   -9.0    0.1    0.1   -9.0   -9.0    0.4    0.4 -9 -9 -                        3   1   -9 -         -9  -9  -9  2758 -9.0 -9.00 -9  -0.6  -0.2  -0.3   0.5   1.2  -9 -9.0 -9  3  2
202501072100 108  27  3.3  27 10.0 1537 1008.3 1019.2  2   1.4  -1.9 -10.2  53.0   2.8    0.1    0.1    0.1   -9.0    0.4    0.3    0.3 -9 70 -                        0   0   -9 -         -9  -9  -9  3917 -9.0 -9.00 -9  -0.9  -0.2  -0.4   0.5   1.2  -9 -9.0 -9  3  1
202501072200 108  36  1.8  -9 -9.0   -9 1008.3 1019.2 -9  -9.0  -2.7 -10.2  56.0   2.8   -9.0    0.1    0.1   -9.0   -9.0    0.2    0.2 -9 -9 -                        0   0   -9 -         -9  -9  -9  3251 -9.0 -9.00 -9  -1.3  -0.2  -0.4   0.5   1.2  -9 -9.0 -9  3  2
202501072300 108   0  0.2  -9 -9.0   -9 1008.3 1019.3 -9  -9.0  -3.9 -10.9  58.0   2.7   -9.0    0.1    0.1   -9.0   -9.0    0.2    0.2 -9 -9 -                        0   0   -9 -         -9  -9  -9  3622 -9.0 -9.00 -9  -2.1  -0.2  -0.4   0.5   1.2  -9 -9.0 -9  3  2
202501080000 108  29  0.6  -9 -9.0   -9 1008.0 1019.0  8  -0.2  -4.3 -11.1  59.0   2.6   -9.0    0.1    0.1   -9.0   -9.0    0.2    0.2 -9 -9 -                        0   0   -9 -         -9  -9  -9  3885 -9.0 -9.00 -9  -2.9  -0.2  -0.4   0.4   1.2  -9 -9.0 -9  3  2
202501080100 108  32  0.7  -9 -9.0   -9 1008.2 1019.2 -9  -9.0  -4.4 -10.3  63.0   2.8   -9.0   -9.0   -9.0   -9.0   -9.0   -9.0    0.2 -9 -9 -                        0   0   -9 -         -9  -9  -9  3585 -9.0 -9.00 -9  -3.3  -0.3  -0.4   0.4   1.2  -9 -9.0 -9  3  2
202501080200 108  27  1.4  -9 -9.0   -9 1008.0 1019.0 -9  -9.0  -4.7 -10.2  65.0   2.8   -9.0   -9.0   -9.0   -9.0   -9.0   -9.0    0.2 -9 -9 -                        0   0   -9 -         -9  -9  -9  3599 -9.0 -9.00 -9  -3.6  -0.3  -0.4   0.4   1.1  -9 -9.0 -9  3  2
202501080300 108  27  1.2  -9 -9.0   -9 1008.4 1019.4  2   0.4  -4.1  -9.5  66.0   3.0   -9.0   -9.0   -9.0   -9.0   -9.0   -9.0    0.2 -9 -9 -                        9   9   18 Sc         0   0   5  3436 -9.0 -9.00 -9  -3.0  -0.4  -0.5   0.4   1.1  -9 -9.0 -9  3  2
202501080400 108  32  0.7  -9 -9.0   -9 1008.2 1019.2 -9  -9.0  -4.3  -9.5  67.0   3.0   -9.0   -9.0   -9.0   -9.0   -9.0   -9.0    0.2 -9 -9 -                        0   0   -9 -         -9  -9  -9  3510 -9.0 -9.00 -9  -3.7  -0.4  -0.5   0.4   1.2  -9 -9.0 -9  3  2
202501080500 108  29  1.7  -9 -9.0   -9 1008.5 1019.5 -9  -9.0  -4.4  -9.6  67.0   3.0   -9.0   -9.0   -9.0   -9.0   -9.0   -9.0    0.2 -9 -9 -                        0   0   -9 -         -9  -9  -9  3667 -9.0 -9.00 -9  -4.1  -0.4  -0.5   0.4   1.1  -9 -9.0 -9  3  2
202501080600 108  29  1.0  -9 -9.0   -9 1008.5 1019.5  1   0.1  -4.5 -10.0  65.0   2.9   -9.0   -9.0   -9.0   -9.0   -9.0   -9.0    0.2 -9 -9 -                        0   0   -9 -         -9  -9  -9  3723 -9.0 -9.00 -9  -4.3  -0.4  -0.5   0.4   1.2  -9 -9.0 -9  3  2
202501080700 108  27  0.9  -9 -9.0   -9 1008.8 1019.8 -9  -9.0  -4.5 -10.6  62.0   2.7   -9.0   -9.0   -9.0   -9.0   -9.0   -9.0    0.2 -9 -9 -                        0   0   -9 -         -9  -9  -9  3601 -9.0 -9.00 -9  -4.3  -0.4  -0.5   0.5   1.2  -9 -9.0 -9  3  2
202501080800 108  29  1.2  -9 -9.0   -9 1009.1 1020.1 -9  -9.0  -4.8 -10.7  63.0   2.7   -9.0   -9.0   -9.0   -9.0   -9.0   -9.0    0.2 -9 -9 -                        4   4   14 Sc         0   0   5  2811  0.0  0.00 -9  -4.2  -0.5  -0.6   0.5   1.2  -9 -9.0 -9  3  2
202501080900 108  25  1.1  -9 -9.0   -9 1009.6 1020.6  2   1.1  -4.1 -12.2  53.0   2.4   -9.0   -9.0   -9.0   -9.0   -9.0   -9.0    0.2 -9 -9 -                        8   8   13 Sc         0   0   5  3482  0.0  0.16 -9  -2.5  -0.6  -0.6   0.4   1.2  -9 -9.0 -9  3  2
202501081000 108  27  1.9  -9 -9.0   -9 1010.1 1021.1 -9  -9.0  -2.9 -12.1  49.0   2.4   -9.0   -9.0   -9.0   -9.0   -9.0   -9.0    0.2 -9 -9 -                        8   4   10 ScCi       1   0   5  3220  0.0  0.44 -9  -1.4  -0.4  -0.6   0.4   1.2  -9 -9.0 -9  3  2
202501081100 108  27  2.5  -9 -9.0   -9 1010.0 1020.9 -9  -9.0  -1.8 -12.4  44.0   2.4   -9.0   -9.0   -9.0   -9.0   -9.0   -9.0    0.2 -9 -9 -                        6   3   11 ScCi       1   0   5  2748  0.6  0.88 -9  -0.5  -0.4  -0.5   0.4   1.2  -9 -9.0 -9  3  2
202501081200 108  29  2.6  -9 -9.0   -9 1009.3 1020.2  8  -0.4  -1.0 -11.1  46.0   2.6   -9.0   -9.0   -9.0   -9.0   -9.0   -9.0   -9.0 -9 -9 -                        3   3   13 Sc         0   0   5  2240  1.0  1.58 -9   0.0  -0.5  -0.5   0.4   1.2  -9 -9.0 -9  3  2
202501081300 108  25  2.8  -9 -9.0   -9 1008.7 1019.5 -9  -9.0  -0.3 -11.1  44.0   2.6   -9.0   -9.0   -9.0   -9.0   -9.0   -9.0   -9.0 -9 -9 -                        7   7   14 Sc         0   0   5  2043  0.5  1.35 -9   0.6  -0.5  -0.5   0.4   1.2  -9 -9.0 -9  3  2
202501081400 108  25  3.7  -9 -9.0   -9 1008.1 1018.9 -9  -9.0  -0.1 -10.9  44.0   2.7   -9.0   -9.0   -9.0   -9.0   -9.0   -9.0   -9.0 -9 -9 -                        7   7   15 Sc         0   0   5  1993  0.6  1.23 -9   0.6  -0.5  -0.4   0.4   1.2  -9 -9.0 -9  3  2
202501081500 108  32  3.0  -9 -9.0   -9 1007.5 1018.3  7  -1.9   0.1 -10.4  45.0   2.8   -9.0   -9.0   -9.0   -9.0   -9.0   -9.0   -9.0 -9 -9 -                        1   1   17 Sc         0   0   5  2158  0.7  1.13 -9   0.0  -0.6  -0.4   0.4   1.2  -9 -9.0 -9  3  2
202501081600 108  27  4.9  27 10.0 1544 1007.5 1018.3 -9  -9.0  -0.1 -10.9  44.0   2.7   -9.0   -9.0   -9.0   -9.0   -9.0   -9.0   -9.0 -9 -9 -                        3   3   16 Sc         0   0   5  3180  0.5  0.76 -9  -0.3  -0.5  -0.4   0.4   1.2  -9 -9.0 -9  3  2
202501081700 108  29  5.4  27 10.0 1620 1007.9 1018.8 -9  -9.0  -1.0 -12.3  42.0   2.4   -9.0   -9.0   -9.0   -9.0   -9.0   -9.0   -9.0 -9 -9 -                        1   1   15 Sc         0   0   5  4328  0.8  0.44 -9  -0.4  -0.5  -0.4   0.4   1.2  -9 -9.0 -9  3  2
202501081800 108  27  4.4  27 10.0 1620 1008.4 1019.3  2   1.0  -2.0 -12.3  45.0   2.4   -9.0   -9.0   -9.0   -9.0   -9.0   -9.0   -9.0 -9 -9 -                        0   0   -9 -         -9  -9  -9  4151  0.2  0.05 -9  -1.0  -0.4  -0.4   0.4   1.2  -9 -9.0 -9  3  2
202501081900 108  27  4.9  -9 -9.0   -9 1008.9 1019.9 -9  -9.0  -2.9 -11.6  51.0   2.5   -9.0   -9.0   -9.0   -9.0   -9.0   -9.0   -9.0 -9 -9 -                        3   1   -9 -         -9  -9  -9  4221 -9.0 -9.00 -9  -1.7  -0.4  -0.4   0.4   1.2  -9 -9.0 -9  3 -9
202501082000 108  29  4.3  -9 -9.0   -9 1009.9 1020.9 -9  -9.0  -4.1 -11.3  57.0   2.6   -9.0   -9.0   -9.0   -9.0   -9.0   -9.0   -9.0 -9 -9 -                        0   0   -9 -         -9  -9  -9  3210 -9.0 -9.00 -9  -3.0  -0.5  -0.4   0.4   1.1  -9 -9.0 -9  3 -9
202501082100 108  29  4.4  27 10.0 1620 1010.8 1021.9  2   2.6  -5.2 -12.6  56.0   2.3   -9.0   -9.0   -9.0   -9.0   -9.0   -9.0   -9.0 -9 -9 -                        0   0   -9 -         -9  -9  -9  2688 -9.0 -9.00 -9  -4.1  -0.5  -0.5   0.4   1.2  -9 -9.0 -9  3  2
202501082200 108  27  2.9  -9 -9.0   -9 1011.2 1022.3 -9  -9.0  -5.8 -12.9  57.0   2.3   -9.0   -9.0   -9.0   -9.0   -9.0   -9.0   -9.0 -9 -9 -                        0   0   -9 -         -9  -9  -9  2610 -9.0 -9.00 -9  -4.6  -0.6  -0.6   0.4   1.2  -9 -9.0 -9  3 -9
202501082300 108  27  3.7  -9 -9.0   -9 1011.6 1022.7 -9  -9.0  -5.7 -12.4  59.0   2.4   -9.0    0.0    0.0   -9.0   -9.0   -9.0   -9.0 70 72 05                       8   8    8 Sc         0   0   5  2091 -9.0 -9.00 -9  -4.0  -0.7  -0.7   0.4   1.2  -9 -9.0 -9  4  1
202501090000 108  29  4.0  27 10.0 2318 1011.9 1023.0  2   1.1  -6.1 -11.6  65.0   2.5    0.0    0.0    0.0   -9.0   -9.0   -9.0   -9.0 71 77 05                       8   8    7 Sc         0   0   5  2015 -9.0 -9.00 -9  -4.0  -0.7  -0.7   0.4   1.2  -9 -9.0 -9  4  1
202501090100 108  27  5.7  29 11.0    6 1012.5 1023.7 -9  -9.0  -7.5 -15.9  51.0   1.8   -9.0    0.0    0.0   -9.0   -9.0   -9.0   -9.0 22 70 05                       0   0   -9 -         -9  -9  -9  3237 -9.0 -9.00 -9  -5.5  -0.7  -0.8   0.4   1.2  -9 -9.0 -9  4  1
202501090200 108  27  2.3  -9 -9.0   -9 1012.7 1023.9 -9  -9.0  -8.2 -17.0  49.0   1.6   -9.0    0.0    0.0   -9.0   -9.0   -9.0   -9.0 -9 -9 -                        0   0   -9 -         -9  -9  -9  3249 -9.0 -9.00 -9  -5.8  -0.7  -0.8   0.4   1.1  -9 -9.0 -9  3 -9
202501090300 108  27  4.1  29 11.0    6 1013.5 1024.7  2   1.7  -8.4 -19.9  39.0   1.3    0.0    0.0    0.0   -9.0   -9.0   -9.0   -9.0 -9 70 -                        0   0   -9 -         -9  -9  -9  4419 -9.0 -9.00 -9  -6.3  -0.9  -1.0   0.4   1.2  -9 -9.0 -9  3  1
202501090400 108  29  4.1  27 10.0  344 1013.5 1024.8 -9  -9.0  -8.8 -21.5  35.0   1.1   -9.0    0.0    0.0   -9.0   -9.0   -9.0   -9.0 -9 -9 -                        0   0   -9 -         -9  -9  -9  4662 -9.0 -9.00 -9  -6.6  -1.0  -1.1   0.4   1.2  -9 -9.0 -9  3  2
202501090500 108  29  3.6  27 11.0  440 1013.3 1024.6 -9  -9.0  -9.2 -21.5  36.0   1.1   -9.0    0.0    0.0   -9.0   -9.0   -9.0   -9.0 -9 -9 -                        0   0   -9 -         -9  -9  -9  4887 -9.0 -9.00 -9  -6.7  -1.1  -1.2   0.4   1.2  -9 -9.0 -9  3  2
202501090600 108  27  4.2  27 11.0  440 1013.2 1024.5  8  -0.2  -9.5 -21.5  37.0   1.1   -9.0    0.0    0.0   -9.0   -9.0   -9.0   -9.0 -9 -9 -                        0   0   -9 -         -9  -9  -9  4922 -9.0 -9.00 -9  -6.9  -1.2  -1.4   0.4   1.1  -9 -9.0 -9  3  2
202501090700 108  29  3.3  -9 -9.0   -9 1013.6 1024.9 -9  -9.0  -9.8 -21.1  39.0   1.1   -9.0    0.0    0.0   -9.0   -9.0   -9.0   -9.0 -9 -9 -                        0   0   -9 -         -9  -9  -9  4899 -9.0 -9.00 -9  -7.0  -1.4  -1.5   0.4   1.1  -9 -9.0 -9  3  2
202501090800 108  29  3.8  -9 -9.0   -9 1014.0 1025.3 -9  -9.0 -10.1 -20.8  41.0   1.2   -9.0    0.0    0.0   -9.0   -9.0   -9.0   -9.0 -9 -9 -                        0   0   -9 -         -9  -9  -9  4853  0.0  0.00 -9  -7.2  -1.7  -1.6   0.3   1.1  -9 -9.0 -9  3  2
202501090900 108  27  4.8  27 11.0  440 1014.4 1025.7  2   1.2 -10.1 -20.6  42.0   1.2   -9.0    0.0    0.0   -9.0   -9.0   -9.0   -9.0 -9 -9 -                        0   0   -9 -         -9  -9  -9  4520  1.0  0.34 -9  -6.9  -1.8  -1.8   0.3   1.1  -9 -9.0 -9  3  2
202501091000 108  29  5.4  27 10.0  951 1014.7 1026.0 -9  -9.0  -9.4 -20.5  40.0   1.2   -9.0    0.0    0.0   -9.0   -9.0   -9.0   -9.0 -9 -9 -                        0   0   -9 -         -9  -9  -9  4543  1.0  0.94 -9  -4.1  -2.1  -1.8   0.3   1.1  -9 -9.0 -9  3  2
202501091100 108  27  6.0  25 10.0 1055 1014.4 1025.6 -9  -9.0  -8.5 -20.0  39.0   1.3   -9.0    0.0    0.0   -9.0   -9.0   -9.0   -9.0 -9 -9 -                        0   0   -9 -         -9  -9  -9  4301  1.0  1.54 -9  -2.0  -2.3  -1.7   0.2   1.1  -9 -9.0 -9  3  2
202501091200 108  27  5.2  32 13.0 1132 1013.7 1024.9  8  -0.8  -8.1 -21.2  34.0   1.1   -9.0    0.0    0.0   -9.0   -9.0   -9.0   -9.0 -9 -9 -                        0   0   -9 -         -9  -9  -9  4201  1.0  1.96 -9  -0.7  -1.2  -1.6   0.2   1.1  -9 -9.0 -9  3  2
202501091300 108  29  7.2  29 13.0 1247 1013.0 1024.2 -9  -9.0  -8.5 -20.9  36.0   1.2   -9.0    0.0    0.0   -9.0   -9.0   -9.0   -9.0 -9 -9 -                        1   1   11 Sc         0   0   5  4524  1.0  2.12 -9  -0.4  -1.1  -1.4   0.2   1.1  -9 -9.0 -9  3  2
202501091400 108  29  5.5  34 14.0 1326 1012.8 1024.0 -9  -9.0  -8.1 -21.5  33.0   1.1   -9.0    0.0    0.0   -9.0   -9.0   -9.0   -9.0 -9 -9 -                        2   2   17 Sc         0   0   5  3893  1.0  2.01 -9  -0.3  -1.1  -1.4   0.2   1.1  -9 -9.0 -9  3  2
202501091500 108  27  5.3  34 14.0 1326 1013.1 1024.3  5  -0.6  -8.0 -21.4  33.0   1.1   -9.0    0.0    0.0   -9.0   -9.0   -9.0   -9.0 -9 -9 -                        1   1   17 Sc         0   0   5  3209  1.0  1.74 -9  -0.6  -1.1  -1.4   0.2   1.1  -9 -9.0 -9  3  2
202501091600 108  29  6.2  29 11.0 1536 1013.4 1024.6 -9  -9.0  -8.6 -21.6  34.0   1.1   -9.0    0.0    0.0   -9.0   -9.0   -9.0   -9.0 -9 -9 -                        2   2   17 Sc         0   0   5  3261  1.0  1.19 -9  -2.5  -1.3  -1.4   0.2   1.0  -9 -9.0 -9  3  2
202501091700 108  29  4.2  29 12.0 1634 1014.4 1025.7 -9  -9.0  -9.4 -21.4  37.0   1.1   -9.0    0.0    0.0   -9.0   -9.0   -9.0   -9.0 -9 -9 -                        4   4   12 Sc         0   0   5  2925  0.5  0.48 -9  -4.2  -1.5  -1.5   0.2   1.0  -9 -9.0 -9  3  2
202501091800 108  32  3.8  29 12.0 1634 1015.6 1026.9  2   2.6 -10.3 -22.8  35.0   1.0   -9.0    0.0    0.0   -9.0   -9.0   -9.0   -9.0 -9 -9 -                        0   0   -9 -         -9  -9  -9  2781  0.0  0.04 -9  -6.3  -1.6  -1.7   0.5   1.3  -9 -9.0 -9  3  2
202501091900 108  32  3.5  -9 -9.0   -9 1016.6 1028.0 -9  -9.0 -10.6 -21.9  39.0   1.1   -9.0    0.0    0.0   -9.0   -9.0   -9.0   -9.0 -9 -9 -                        0   0   -9 -         -9  -9  -9  2657 -9.0 -9.00 -9  -7.0  -1.7  -1.9   0.5   1.3  -9 -9.0 -9  3  2
202501092000 108  34  1.7  -9 -9.0   -9 1017.4 1028.8 -9  -9.0 -11.1 -22.0  40.0   1.1   -9.0    0.0    0.0   -9.0   -9.0   -9.0   -9.0 -9 -9 -                        0   0   -9 -         -9  -9  -9  2688 -9.0 -9.00 -9  -7.2  -1.9  -2.0   0.5   1.3  -9 -9.0 -9  3  2
202501092100 108  29  1.7  29 12.0 1634 1018.0 1029.4  2   2.5 -11.4 -21.7  42.0   1.1   -9.0    0.0    0.0   -9.0   -9.0   -9.0   -9.0 -9 -9 -                        0   0   -9 -         -9  -9  -9  2694 -9.0 -9.00 -9  -7.4  -2.1  -2.2   0.5   1.3  -9 -9.0 -9  3  2
202501092200 108  27  2.5  -9 -9.0   -9 1018.5 1029.9 -9  -9.0 -11.3 -21.6  42.0   1.1   -9.0    0.0    0.0   -9.0   -9.0   -9.0   -9.0 -9 -9 -                        0   0   -9 -         -9  -9  -9  2723 -9.0 -9.00 -9  -7.5  -2.2  -2.3   0.4   1.3  -9 -9.0 -9  3  2
202501092300 108  27  2.3  -9 -9.0   -9 1019.3 1030.7 -9  -9.0 -11.4 -21.5  43.0   1.1   -9.0    0.0    0.0   -9.0   -9.0   -9.0   -9.0 -9 -9 -                        0   0   -9 -         -9  -9  -9  2718 -9.0 -9.00 -9  -7.6  -2.4  -2.5   0.3   1.2  -9 -9.0 -9  3  2
202501100000 108  32  0.7  -9 -9.0   -9 1019.4 1030.8  2   1.4 -11.6 -21.1  45.0   1.1   -9.0    0.0    0.0   -9.0   -9.0   -9.0   -9.0 -9 -9 -                        0   0   -9 -         -9  -9  -9  3047 -9.0 -9.00 -9  -7.6  -2.5  -2.6   0.3   1.2  -9 -9.0 -9  3  2
202501100100 108  27  1.1  -9 -9.0   -9 1019.5 1030.9 -9  -9.0 -11.7 -21.2  45.0   1.1   -9.0   -9.0   -9.0   -9.0   -9.0   -9.0   -9.0 -9 -9 -                        0   0   -9 -         -9  -9  -9  3141 -9.0 -9.00 -9  -7.6  -2.6  -2.7   0.2   1.2  -9 -9.0 -9  3 -9
202501100200 108  32  1.3  -9 -9.0   -9 1019.9 1031.4 -9  -9.0 -11.7 -21.0  46.0   1.1   -9.0   -9.0   -9.0   -9.0   -9.0   -9.0   -9.0 -9 -9 -                        0   0   -9 -         -9  -9  -9  3324 -9.0 -9.00 -9  -7.7  -2.7  -2.8   0.2   1.1  -9 -9.0 -9  3 -9
202501100300 108  29  1.5  -9 -9.0   -9 1020.5 1032.0  2   1.2 -11.6 -20.6  47.0   1.2   -9.0   -9.0   -9.0   -9.0   -9.0   -9.0   -9.0 -9 -9 -                        0   0   -9 -         -9  -9  -9  3072 -9.0 -9.00 -9  -7.7  -2.8  -3.0   0.1   1.1  -9 -9.0 -9  3  2
202501100400 108  34  2.2  -9 -9.0   -9 1020.5 1032.0 -9  -9.0 -11.6 -20.1  49.0   1.2   -9.0   -9.0   -9.0   -9.0   -9.0   -9.0   -9.0 -9 -9 -                        0   0   -9 -         -9  -9  -9  3308 -9.0 -9.00 -9  -7.8  -2.9  -3.1   0.1   1.1  -9 -9.0 -9  3  2
202501100500 108  34  2.6  -9 -9.0   -9 1020.7 1032.2 -9  -9.0 -11.6 -20.1  49.0   1.2   -9.0   -9.0   -9.0   -9.0   -9.0   -9.0   -9.0 -9 -9 -                        0   0   -9 -         -9  -9  -9  3131 -9.0 -9.00 -9  -7.9  -3.0  -3.1   0.1   1.1  -9 -9.0 -9  3  2
202501100600 108  32  2.5  -9 -9.0   -9 1020.8 1032.3  2   0.3 -11.5 -20.1  49.0   1.2   -9.0   -9.0   -9.0   -9.0   -9.0   -9.0   -9.0 -9 -9 -                        0   0   -9 -         -9  -9  -9  3335 -9.0 -9.00 -9  -8.0  -3.1  -3.3   0.0   1.0  -9 -9.0 -9  3  2
202501100700 108  32  0.9  -9 -9.0   -9 1021.4 1032.9 -9  -9.0 -12.0 -19.8  52.0   1.3   -9.0   -9.0   -9.0   -9.0   -9.0   -9.0   -9.0 -9 -9 -                        0   0   -9 -         -9  -9  -9  3098 -9.0 -9.00 -9  -8.0  -3.2  -3.4   0.0   1.0  -9 -9.0 -9  3  2
202501100800 108   2  1.3  -9 -9.0   -9 1021.6 1033.1 -9  -9.0 -12.1 -19.9  52.0   1.3   -9.0   -9.0   -9.0   -9.0   -9.0   -9.0   -9.0 -9 -9 -                        0   0   -9 -         -9  -9  -9  3117  0.0  0.00 -9  -7.9  -3.3  -3.5   0.0   1.0  -9 -9.0 -9  3  2
202501100900 108  25  1.3  -9 -9.0   -9 1021.7 1033.1  1   0.8 -11.2 -19.5  50.0   1.3   -9.0   -9.0   -9.0   -9.0   -9.0   -9.0   -9.0 -9 -9 -                        0   0   -9 -         -9  -9  -9  3800  1.0  0.32 -9  -7.2  -3.5  -3.5  -0.1   1.0  -9 -9.0 -9  3  2
202501101000 108  27  1.5  -9 -9.0   -9 1022.1 1033.4 -9  -9.0  -8.8 -17.8  48.0   1.5   -9.0   -9.0   -9.0   -9.0   -9.0   -9.0   -9.0 -9 -9 -                        0   0   -9 -         -9  -9  -9  3569  1.0  0.90 -9  -3.7  -3.4  -3.4  -0.2   0.9  -9 -9.0 -9  3  2
202501101100 108  29  2.6  -9 -9.0   -9 1022.1 1033.4 -9  -9.0  -7.8 -17.4  46.0   1.6   -9.0   -9.0   -9.0   -9.0   -9.0   -9.0   -9.0 -9 -9 -                        0   0   -9 -         -9  -9  -9  4051  1.0  1.52 -9  -1.4  -2.8  -3.1  -0.3   0.8  -9 -9.0 -9  3  2
202501101200 108  20  1.8  -9 -9.0   -9 1021.7 1032.9  8  -0.2  -5.4 -15.7  44.0   1.8   -9.0   -9.0   -9.0   -9.0   -9.0   -9.0   -9.0 -9 -9 -                        0   0   -9 -         -9  -9  -9  3629  1.0  1.89 -9  -0.1  -2.3  -2.8  -0.5   0.5  -9 -9.0 -9  3  2
202501101300 108  25  1.6  -9 -9.0   -9 1020.5 1031.6 -9  -9.0  -4.4 -15.4  42.0   1.8   -9.0   -9.0   -9.0   -9.0   -9.0   -9.0   -9.0 -9 -9 -                        0   0   -9 -         -9  -9  -9  3861  1.0  2.06 -9   1.2  -1.9  -2.3  -0.5   0.6  -9 -9.0 -9  3  2
202501101400 108  32  1.2  -9 -9.0   -9 1019.7 1030.8 -9  -9.0  -3.4 -15.7  38.0   1.8   -9.0   -9.0   -9.0   -9.0   -9.0   -9.0   -9.0 -9 -9 -                        0   0   -9 -         -9  -9  -9  3596  1.0  2.01 -9   2.4  -1.7  -1.9  -0.4   0.6  -9 -9.0 -9  3  2
202501101500 108  20  2.0  -9 -9.0   -9 1019.4 1030.4  7  -2.5  -2.0 -15.1  36.0   1.9   -9.0   -9.0   -9.0   -9.0   -9.0   -9.0   -9.0 -9 -9 -                        0   0   -9 -         -9  -9  -9  3625  1.0  1.71 -9   1.0  -1.4  -1.6  -0.3   0.7  -9 -9.0 -9  3  2
202501101600 108  27  2.1  -9 -9.0   -9 1019.4 1030.4 -9  -9.0  -2.3 -15.3  36.0   1.9   -9.0   -9.0   -9.0   -9.0   -9.0   -9.0   -9.0 -9 -9 -                        0   0   -9 -         -9  -9  -9  3883  1.0  1.18 -9  -0.3  -1.3  -1.5  -0.3   0.7  -9 -9.0 -9  3  2
202501101700 108  27  2.1  -9 -9.0   -9 1019.5 1030.6 -9  -9.0  -3.0 -14.1  42.0   2.1   -9.0   -9.0   -9.0   -9.0   -9.0   -9.0   -9.0 -9 -9 -                        0   0   -9 -         -9  -9  -9  3990  1.0  0.52 -9  -0.7  -1.3  -1.4  -0.3   0.7  -9 -9.0 -9  3  2
202501101800 108  29  1.4  -9 -9.0   -9 1019.8 1030.9  2   0.5  -4.2 -14.3  45.0   2.0   -9.0   -9.0   -9.0   -9.0   -9.0   -9.0   -9.0 -9 -9 -                        0   0   -9 -         -9  -9  -9  3631  0.2  0.06 -9  -2.2  -1.3  -1.5  -0.2   0.8  -9 -9.0 -9  3  2
202501101900 108  36  1.6  -9 -9.0   -9 1019.9 1031.1 -9  -9.0  -5.2 -14.7  47.0   2.0   -9.0   -9.0   -9.0   -9.0   -9.0   -9.0   -9.0 -9 -9 -                        0   0   -9 -         -9  -9  -9  3275 -9.0 -9.00 -9  -3.9  -1.6  -1.6  -0.1   0.8  -9 -9.0 -9  3  2
202501102000 108  36  0.7  -9 -9.0   -9 1020.1 1031.3 -9  -9.0  -5.7 -14.4  50.0   2.0   -9.0   -9.0   -9.0   -9.0   -9.0   -9.0   -9.0 -9 -9 -                        0   0   -9 -         -9  -9  -9  3277 -9.0 -9.00 -9  -4.9  -1.8  -1.8  -0.1   0.9  -9 -9.0 -9  3  2
202501102100 108  32  0.9  -9 -9.0   -9 1020.5 1031.7  2   0.8  -6.1 -13.9  54.0   2.1   -9.0   -9.0   -9.0   -9.0   -9.0   -9.0   -9.0 -9 -9 -                        6   6    9 Sc         0   0   5  2978 -9.0 -9.00 -9  -5.3  -2.0  -2.0  -0.1   0.9  -9 -9.0 -9  3  2
202501102200 108  34  0.9  -9 -9.0   -9 1020.7 1031.9 -9  -9.0  -5.9 -13.2  56.0   2.2   -9.0   -9.0   -9.0   -9.0   -9.0   -9.0   -9.0 -9 -9 -                        8   8    8 -         -9  -9  -9  2988 -9.0 -9.00 -9  -5.0  -2.2  -2.1  -0.1   0.9  -9 -9.0 -9  3  2
202501102300 108   5  1.0  -9 -9.0   -9 1020.7 1031.9 -9  -9.0  -6.0 -12.7  59.0   2.3   -9.0   -9.0   -9.0   -9.0   -9.0   -9.0   -9.0 -9 -9 -                        7   7    6 -         -9  -9  -9  2985 -9.0 -9.00 -9  -5.0  -2.3  -2.3  -0.1   0.9  -9 -9.0 -9  3  2
202501110000 108  36  1.5  -9 -9.0   -9 1020.4 1031.6  8  -0.1  -6.1 -12.8  59.0   2.3   -9.0   -9.0   -9.0   -9.0   -9.0   -9.0   -9.0 -9 -9 -                        6   6    8 Sc         0   0   5  2762 -9.0 -9.00 -9  -5.0  -2.4  -2.3  -0.1   0.9  -9 -9.0 -9  3  2
202501110100 108  27  1.6  -9 -9.0   -9 1020.1 1031.3 -9  -9.0  -6.4 -12.2  63.0   2.4   -9.0   -9.0   -9.0   -9.0   -9.0   -9.0   -9.0 -9 -9 -                        0   0   -9 -         -9  -9  -9  2541 -9.0 -9.00 -9  -5.5  -2.4  -2.4  -0.2   0.9  -9 -9.0 -9  3 -9
202501110200 108  34  0.6  -9 -9.0   -9 1019.8 1031.0 -9  -9.0  -7.0 -12.6  64.0   2.3   -9.0   -9.0   -9.0   -9.0   -9.0   -9.0   -9.0 -9 -9 -                        0   0   -9 -         -9  -9  -9  2705 -9.0 -9.00 -9  -6.2  -2.6  -2.5  -0.2   0.8  -9 -9.0 -9  3 -9
202501110300 108  29  0.8  -9 -9.0   -9 1019.9 1031.2  5  -0.4  -7.5 -12.7  66.0   2.3   -9.0   -9.0   -9.0   -9.0   -9.0   -9.0   -9.0 -9 -9 -                        0   0   -9 -         -9  -9  -9  2828 -9.0 -9.00 -9  -6.6  -2.8  -2.7  -0.2   0.9  -9 -9.0 -9  3  2
202501110400 108  29  1.1  -9 -9.0   -9 1019.4 1030.7 -9  -9.0  -8.1 -13.1  67.0   2.2   -9.0   -9.0   -9.0   -9.0   -9.0   -9.0   -9.0 -9 -9 -                        0   0   -9 -         -9  -9  -9  2670 -9.0 -9.00 -9  -6.8  -3.0  -2.9  -0.2   0.8  -9 -9.0 -9  3  2
202501110500 108   5  1.5  -9 -9.0   -9 1019.0 1030.3 -9  -9.0  -8.5 -12.8  71.0   2.3   -9.0   -9.0   -9.0   -9.0   -9.0   -9.0   -9.0 -9 -9 -                        0   0   -9 -         -9  -9  -9  2517 -9.0 -9.00 -9  -7.0  -3.0  -3.1  -0.2   0.8  -9 -9.0 -9  3  2
202501110600 108   5  1.6  -9 -9.0   -9 1018.8 1030.1  7  -1.1  -9.0 -13.1  72.0   2.2   -9.0   -9.0   -9.0   -9.0   -9.0   -9.0   -9.0 -9 -9 -                        0   0   -9 -         -9  -9  -9  2354 -9.0 -9.00 -9  -7.2  -3.2  -3.3  -0.2   0.8  -9 -9.0 -9  3  2
202501110700 108   5  2.6  -9 -9.0   -9 1019.0 1030.3 -9  -9.0  -9.2 -13.3  72.0   2.2   -9.0   -9.0   -9.0   -9.0   -9.0   -9.0   -9.0 -9 -9 -                        0   0   -9 -         -9  -9  -9  2133 -9.0 -9.00 -9  -7.3  -3.3  -3.4  -0.3   0.8  -9 -9.0 -9  3  2
202501110800 108   5  2.4  -9 -9.0   -9 1019.4 1030.7 -9  -9.0  -9.4 -13.3  73.0   2.2   -9.0   -9.0   -9.0   -9.0   -9.0   -9.0   -9.0 -9 -9 -                        0   0   -9 -         -9  -9  -9  2014  0.0  0.00 -9  -7.4  -3.4  -3.5  -0.3   0.8  -9 -9.0 -9  3  2
202501110900 108   7  2.0  -9 -9.0   -9 1020.0 1031.3  2   1.2  -8.7 -13.0  71.0   2.3   -9.0   -9.0   -9.0   -9.0   -9.0   -9.0   -9.0 -9 -9 -                        0   0   -9 -         -9  -9  -9  2156  0.9  0.31 -9  -6.6  -3.5  -3.6  -0.4   0.7  -9 -9.0 -9  3  2
202501111000 108   5  2.3  -9 -9.0   -9 1020.1 1031.3 -9  -9.0  -6.3 -12.4  62.0   2.4   -9.0   -9.0   -9.0   -9.0   -9.0   -9.0   -9.0 -9 -9 -                        0   0   -9 -         -9  -9  -9  2072  1.0  0.85 -9  -3.1  -3.3  -3.5  -0.4   0.7  -9 -9.0 -9  3  2
202501111100 108   2  2.2  -9 -9.0   -9 1019.8 1030.9 -9  -9.0  -4.4 -12.1  55.0   2.4   -9.0   -9.0   -9.0   -9.0   -9.0   -9.0   -9.0 -9 -9 -                        0   0   -9 -         -9  -9  -9  2251  1.0  1.45 -9  -1.0  -2.8  -3.1  -0.5   0.6  -9 -9.0 -9  3  2
202501111200 108  29  1.0  -9 -9.0   -9 1018.7 1029.7  7  -1.6  -2.7 -11.4  51.0   2.6   -9.0   -9.0   -9.0   -9.0   -9.0   -9.0   -9.0 -9 -9 -                        0   0   -9 -         -9  -9  -9  2364  1.0  1.82 -9   0.9  -2.7  -2.6  -0.5   0.6  -9 -9.0 -9  3  2
202501111300 108  18  1.5  -9 -9.0   -9 1017.5 1028.4 -9  -9.0  -0.5 -11.0  45.0   2.6   -9.0   -9.0   -9.0   -9.0   -9.0   -9.0   -9.0 -9 -9 -                        0   0   -9 -         -9  -9  -9  2201  1.0  1.99 -9   3.0  -2.3  -2.2  -0.5   0.6  -9 -9.0 -9  3  2
202501111400 108  27  2.7  -9 -9.0   -9 1016.9 1027.9 -9  -9.0  -0.9 -13.1  39.0   2.2   -9.0   -9.0   -9.0   -9.0   -9.0   -9.0   -9.0 -9 -9 -                        0   0   -9 -         -9  -9  -9  3111  1.0  1.94 -9   3.1  -2.0  -1.8  -0.4   0.7  -9 -9.0 -9  3  2
202501111500 108  20  3.4  -9 -9.0   -9 1016.5 1027.4  7  -2.3   0.3 -12.7  37.0   2.3   -9.0   -9.0   -9.0   -9.0   -9.0   -9.0   -9.0 -9 -9 -                        0   0   -9 -         -9  -9  -9  3561  1.0  1.67 -9   1.6  -1.7  -1.5  -0.4   0.7  -9 -9.0 -9  3  2
202501111600 108  29  2.0  -9 -9.0   -9 1016.4 1027.3 -9  -9.0  -0.6 -13.1  38.0   2.2   -9.0   -9.0   -9.0   -9.0   -9.0   -9.0   -9.0 -9 -9 -                        0   0   -9 -         -9  -9  -9  3509  1.0  1.15 -9  -0.3  -1.2  -1.3  -0.3   0.7  -9 -9.0 -9  3  2
202501111700 108  27  2.1  -9 -9.0   -9 1016.3 1027.3 -9  -9.0  -1.4 -13.2  40.0   2.2   -9.0   -9.0   -9.0   -9.0   -9.0   -9.0   -9.0 -9 -9 -                        0   0   -9 -         -9  -9  -9  3178  1.0  0.51 -9  -0.4  -1.1  -1.2  -0.3   0.7  -9 -9.0 -9  3  2
202501111800 108  27  1.9  -9 -9.0   -9 1016.4 1027.4  4   0.0  -2.5 -12.8  45.0   2.3   -9.0   -9.0   -9.0   -9.0   -9.0   -9.0   -9.0 -9 -9 -                        0   0   -9 -         -9  -9  -9  2866  0.2  0.05 -9  -1.4  -1.2  -1.3  -0.3   0.7  -9 -9.0 -9  3  2
202501111900 108  27  2.6  -9 -9.0   -9 1016.4 1027.4 -9  -9.0  -3.3 -11.5  53.0   2.5   -9.0   -9.0   -9.0   -9.0   -9.0   -9.0   -9.0 -9 -9 -                        0   0   -9 -         -9  -9  -9  2763 -9.0 -9.00 -9  -2.7  -1.4  -1.4  -0.3   0.7  -9 -9.0 -9  3 -9
202501112000 108  27  1.2  -9 -9.0   -9 1016.2 1027.3 -9  -9.0  -4.0 -11.5  56.0   2.5   -9.0   -9.0   -9.0   -9.0   -9.0   -9.0   -9.0 -9 -9 -                        0   0   -9 -         -9  -9  -9  2539 -9.0 -9.00 -9  -4.1  -1.5  -1.5  -0.2   0.7  -9 -9.0 -9  3 -9
202501112100 108   0  0.4  -9 -9.0   -9 1016.0 1027.1  7  -0.3  -5.0 -12.6  55.0   2.3   -9.0   -9.0   -9.0   -9.0   -9.0   -9.0   -9.0 -9 -9 -                        0   0   -9 -         -9  -9  -9  2652 -9.0 -9.00 -9  -4.9  -1.7  -1.7  -0.2   0.8  -9 -9.0 -9  3  2
202501112200 108  27  0.8  -9 -9.0   -9 1016.0 1027.1 -9  -9.0  -5.4 -12.5  57.0   2.3   -9.0   -9.0   -9.0   -9.0   -9.0   -9.0   -9.0 -9 -9 -                        0   0   -9 -         -9  -9  -9  2667 -9.0 -9.00 -9  -5.4  -1.9  -2.0  -0.2   0.7  -9 -9.0 -9  3 -9
202501112300 108  27  1.4  -9 -9.0   -9 1015.7 1026.9 -9  -9.0  -6.0 -12.3  61.0   2.4   -9.0   -9.0   -9.0   -9.0   -9.0   -9.0   -9.0 -9 -9 -                        0   0   -9 -         -9  -9  -9  2508 -9.0 -9.00 -9  -5.8  -2.1  -2.2  -0.2   0.8  -9 -9.0 -9  3 -9
202501120000 108  27  0.7  -9 -9.0   -9 1015.3 1026.4  7  -0.7  -6.0 -12.1  62.0   2.4   -9.0   -9.0   -9.0   -9.0   -9.0   -9.0   -9.0 -9 -9 -                        0   0   -9 -         -9  -9  -9  2459 -9.0 -9.00 -9  -6.0  -2.3  -2.4  -0.2   0.7  -9 -9.0 -9  3  2
202501120100 108   2  1.6  -9 -9.0   -9 1014.9 1026.1 -9  -9.0  -6.1 -12.4  61.0   2.4   -9.0   -9.0   -9.0   -9.0   -9.0   -9.0   -9.0 -9 -9 -                        0   0   -9 -         -9  -9  -9  1971 -9.0 -9.00 -9  -6.2  -2.5  -2.6  -0.3   0.7  -9 -9.0 -9  3 -9
202501120200 108   2  1.8  -9 -9.0   -9 1014.6 1025.8 -9  -9.0  -6.4 -11.9  65.0   2.5   -9.0   -9.0   -9.0   -9.0   -9.0   -9.0   -9.0 -9 -9 -                        0   0   -9 -         -9  -9  -9  2112 -9.0 -9.00 -9  -6.5  -2.6  -2.7  -0.4   0.7  -9 -9.0 -9  3 -9
202501120300 108   2  1.8  -9 -9.0   -9 1014.3 1025.5  7  -0.9  -6.8 -11.9  67.0   2.5   -9.0   -9.0   -9.0   -9.0   -9.0   -9.0   -9.0 -9 -9 -                        0   0   -9 -         -9  -9  -9  2145 -9.0 -9.00 -9  -6.6  -2.8  -2.9  -0.4   0.6  -9 -9.0 -9  3  2
202501120400 108   2  2.1  -9 -9.0   -9 1014.0 1025.2 -9  -9.0  -7.1 -12.0  68.0   2.4   -9.0   -9.0   -9.0   -9.0   -9.0   -9.0   -9.0 -9 -9 -                        0   0   -9 -         -9  -9  -9  2108 -9.0 -9.00 -9  -6.8  -3.0  -3.1  -0.4   0.6  -9 -9.0 -9  3  2
202501120500 108   5  2.0  -9 -9.0   -9 1013.7 1024.9 -9  -9.0  -7.5 -12.0  70.0   2.4   -9.0   -9.0   -9.0   -9.0   -9.0   -9.0   -9.0 -9 -9 -                        0   0   -9 -         -9  -9  -9  2142 -9.0 -9.00 -9  -7.1  -3.1  -3.2  -0.5   0.6  -9 -9.0 -9  3  2
202501120600 108   2  2.2  -9 -9.0   -9 1013.5 1024.7  7  -0.8  -7.7 -11.8  72.0   2.5   -9.0   -9.0   -9.0   -9.0   -9.0   -9.0   -9.0 -9 -9 -                        0   0   -9 -         -9  -9  -9  2065 -9.0 -9.00 -9  -7.2  -3.3  -3.4  -0.5   0.6  -9 -9.0 -9  3  2
202501120700 108   2  2.1  -9 -9.0   -9 1013.8 1025.0 -9  -9.0  -8.0 -11.9  73.0   2.5   -9.0   -9.0   -9.0   -9.0   -9.0   -9.0   -9.0 -9 -9 -                        0   0   -9 -         -9  -9  -9  1911 -9.0 -9.00 -9  -7.3  -3.4  -3.5  -0.5   0.6  -9 -9.0 -9  3  2
202501120800 108   2  2.6  -9 -9.0   -9 1014.0 1025.2 -9  -9.0  -8.2 -11.8  75.0   2.5   -9.0   -9.0   -9.0   -9.0   -9.0   -9.0   -9.0 -9 -9 -                        0   0   -9 -         -9  -9  -9  1805  0.0  0.00 -9  -7.3  -3.5  -3.6  -0.6   0.6  -9 -9.0 -9  3  2
202501120900 108   5  1.9  -9 -9.0   -9 1014.1 1025.3  2   0.6  -7.7 -11.5  74.0   2.5   -9.0   -9.0   -9.0   -9.0   -9.0   -9.0   -9.0 -9 -9 -                        0   0   -9 -         -9  -9  -9  1826  0.6  0.24 -9  -6.2  -3.5  -3.7  -0.6   0.5  -9 -9.0 -9  3  2
202501121000 108   5  2.4  -9 -9.0   -9 1014.3 1025.4 -9  -9.0  -5.5 -10.4  68.0   2.8   -9.0   -9.0   -9.0   -9.0   -9.0   -9.0   -9.0 -9 -9 -                        0   0   -9 -         -9  -9  -9  1635  1.0  0.66 -9  -3.3  -3.4  -3.5  -0.7   0.5  -9 -9.0 -9  3  2
202501121100 108   7  1.4  -9 -9.0   -9 1014.0 1025.0 -9  -9.0  -3.0  -9.9  59.0   2.9   -9.0   -9.0   -9.0   -9.0   -9.0   -9.0   -9.0 -9 -9 -                        0   0   -9 -         -9  -9  -9  1775  1.0  1.40 -9  -0.8  -2.8  -3.1  -0.8   0.4  -9 -9.0 -9  3  2
202501121200 108   5  1.1  -9 -9.0   -9 1013.1 1024.0  8  -1.3  -1.0  -9.8  51.0   2.9   -9.0   -9.0   -9.0   -9.0   -9.0   -9.0   -9.0 -9 -9 -                        0   0   -9 -         -9  -9  -9  1725  1.0  1.74 -9   1.4  -2.2  -2.6  -0.8   0.4  -9 -9.0 -9  3  2
202501121300 108  20  0.9  -9 -9.0   -9 1012.2 1023.0 -9  -9.0   1.2 -10.6  41.0   2.7   -9.0   -9.0   -9.0   -9.0   -9.0   -9.0   -9.0 -9 -9 -                        0   0   -9 -         -9  -9  -9  2480  1.0  1.88 -9   3.5  -1.8  -2.1  -0.7   0.4  -9 -9.0 -9  3  2
202501121400 108  29  2.1  -9 -9.0   -9 1011.6 1022.4 -9  -9.0   1.9 -10.9  38.0   2.7   -9.0   -9.0   -9.0   -9.0   -9.0   -9.0   -9.0 -9 -9 -                        5   5   10 Sc         0   0   5  2563  0.9  1.73 -9   3.9  -1.4  -1.7  -0.6   0.5  -9 -9.0 -9  3  2
202501121500 108  32  2.5  -9 -9.0   -9 1011.6 1022.4  6  -1.6   1.6  -9.9  42.0   2.9   -9.0   -9.0   -9.0   -9.0   -9.0   -9.0   -9.0 -9 -9 -                        6   6    9 Sc         0   0   5  2285  0.4  1.09 -9   0.8  -1.1  -1.4  -0.5   0.5  -9 -9.0 -9  3  2
202501121600 108  29  2.2  -9 -9.0   -9 1011.9 1022.7 -9  -9.0   1.8  -9.4  43.0   3.0   -9.0   -9.0   -9.0   -9.0   -9.0   -9.0   -9.0 -9 -9 -                        0   0   -9 -         -9  -9  -9  2187  0.7  0.69 -9   0.0  -0.9  -1.2  -0.5   0.5  -9 -9.0 -9  3  2
202501121700 108  25  2.5  -9 -9.0   -9 1012.2 1023.0 -9  -9.0   1.1  -9.5  45.0   3.0   -9.0   -9.0   -9.0   -9.0   -9.0   -9.0   -9.0 -9 -9 -                        0   0   -9 -         -9  -9  -9  2431  0.9  0.42 -9  -0.3  -0.8  -1.1  -0.5   0.5  -9 -9.0 -9  3  2
202501121800 108  27  1.4  -9 -9.0   -9 1012.6 1023.5  2   1.1  -0.2  -9.3  50.0   3.0   -9.0   -9.0   -9.0   -9.0   -9.0   -9.0   -9.0 -9 -9 -                        0   0   -9 -         -9  -9  -9  2120  0.2  0.05 -9  -0.6  -0.8  -1.0  -0.4   0.5  -9 -9.0 -9  3  2
202501121900 108  29  1.4  -9 -9.0   -9 1013.1 1024.0 -9  -9.0  -0.9  -9.2  53.0   3.0   -9.0   -9.0   -9.0   -9.0   -9.0   -9.0   -9.0 -9 -9 -                        0   0   -9 -         -9  -9  -9  1858 -9.0 -9.00 -9  -1.5  -0.9  -1.1  -0.4   0.5  -9 -9.0 -9  3 -9
202501122000 108  29  1.2  -9 -9.0   -9 1013.6 1024.5 -9  -9.0  -1.5  -9.6  54.0   3.0   -9.0   -9.0   -9.0   -9.0   -9.0   -9.0   -9.0 -9 -9 -                        0   0   -9 -         -9  -9  -9  1922 -9.0 -9.00 -9  -2.7  -1.0  -1.2  -0.4   0.5  -9 -9.0 -9  3 -9
202501122100 108  27  1.2  -9 -9.0   -9 1014.2 1025.2  2   1.7  -2.5  -9.4  59.0   3.0   -9.0   -9.0   -9.0   -9.0   -9.0   -9.0   -9.0 -9 -9 -                        0   0   -9 -         -9  -9  -9  1878 -9.0 -9.00 -9  -4.0  -1.2  -1.4  -0.4   0.6  -9 -9.0 -9  3  2
202501122200 108  29  1.0  -9 -9.0   -9 1014.7 1025.7 -9  -9.0  -3.2  -9.0  64.0   3.1   -9.0   -9.0   -9.0   -9.0   -9.0   -9.0   -9.0 -9 -9 -                        0   0   -9 -         -9  -9  -9  1627 -9.0 -9.00 -9  -4.7  -1.4  -1.6  -0.3   0.6  -9 -9.0 -9  3 -9
202501122300 108  29  1.7  -9 -9.0   -9 1015.2 1026.2 -9  -9.0  -3.2  -8.8  65.0   3.1   -9.0   -9.0   -9.0   -9.0   -9.0   -9.0   -9.0 -9 -9 -                        0   0   -9 -         -9  -9  -9  1583 -9.0 -9.00 -9  -5.1  -1.6  -1.8  -0.3   0.6  -9 -9.0 -9  3 -9
202501130000 108  32  1.6  -9 -9.0   -9 1015.0 1026.0  0   0.8  -3.3  -9.1  64.0   3.1   -9.0   -9.0   -9.0   -9.0   -9.0   -9.0   -9.0 -9 -9 -                        0   0   -9 -         -9  -9  -9  1498 -9.0 -9.00 -9  -5.3  -1.8  -2.0  -0.3   0.6  -9 -9.0 -9  3  2
202501130100 108  23  1.2  -9 -9.0   -9 1015.0 1026.1 -9  -9.0  -4.1  -9.3  67.0   3.0   -9.0   -9.0   -9.0   -9.0   -9.0   -9.0   -9.0 -9 -9 -                        0   0   -9 -         -9  -9  -9  1405 -9.0 -9.00 -9  -5.7  -2.0  -2.1  -0.3   0.6  -9 -9.0 -9  3 -9
202501130200 108   5  1.1  -9 -9.0   -9 1014.9 1026.0 -9  -9.0  -4.5  -9.5  68.0   3.0   -9.0   -9.0   -9.0   -9.0   -9.0   -9.0   -9.0 -9 -9 -                        0   0   -9 -         -9  -9  -9  1529 -9.0 -9.00 -9  -6.0  -2.2  -2.3  -0.4   0.6  -9 -9.0 -9  3 -9
202501130300 108  27  1.1  -9 -9.0   -9 1015.3 1026.4  2   0.4  -4.7  -9.3  70.0   3.0   -9.0   -9.0   -9.0   -9.0   -9.0   -9.0   -9.0 -9 -9 -                        0   0   -9 -         -9  -9  -9  1460 -9.0 -9.00 -9  -6.2  -2.4  -2.5  -0.4   0.6  -9 -9.0 -9  3  2
202501130400 108   5  1.6  -9 -9.0   -9 1015.1 1026.2 -9  -9.0  -5.1  -9.1  73.0   3.1   -9.0   -9.0   -9.0   -9.0   -9.0   -9.0   -9.0 -9 -9 -                        0   0   -9 -         -9  -9  -9  1258 -9.0 -9.00 -9  -6.3  -2.6  -2.7  -0.5   0.5  -9 -9.0 -9  3  2
202501130500 108   2  2.4  -9 -9.0   -9 1014.9 1026.0 -9  -9.0  -5.3  -9.0  75.0   3.1   -9.0   -9.0   -9.0   -9.0   -9.0   -9.0   -9.0 -9 -9 -                        0   0   -9 -         -9  -9  -9  1214 -9.0 -9.00 -9  -6.3  -2.7  -2.8  -0.5   0.5  -9 -9.0 -9  3  2
202501130600 108   2  1.8  -9 -9.0   -9 1014.9 1026.0  6  -0.4  -5.6  -9.1  76.0   3.1   -9.0   -9.0   -9.0   -9.0   -9.0   -9.0   -9.0 -9 -9 -                        6   1   10 ScCi       1   0   5  1197 -9.0 -9.00 -9  -6.1  -2.8  -3.0  -0.6   0.5  -9 -9.0 -9  3  2
202501130700 108   5  2.3  -9 -9.0   -9 1015.1 1026.2 -9  -9.0  -5.1  -8.5  77.0   3.2   -9.0   -9.0   -9.0   -9.0   -9.0   -9.0   -9.0 -9 -9 -                        9   9   10 Sc         0   0   5  1243 -9.0 -9.00 -9  -5.0  -2.9  -3.0  -0.6   0.5  -9 -9.0 -9  3  2
202501130800 108   5  2.2  -9 -9.0   -9 1015.3 1026.4 -9  -9.0  -4.2  -8.1  74.0   3.3   -9.0    0.0    0.0   -9.0   -9.0   -9.0   -9.0 70 72 05                       9   9   11 Sc         0   0   5  1225  0.0  0.00 -9  -4.0  -2.7  -2.9  -0.7   0.4  -9 -9.0 -9  4  1
202501130900 108   5  2.0  -9 -9.0   -9 1015.6 1026.6  2   0.6  -3.4  -7.3  74.0   3.5    0.0    0.0    0.0   -9.0   -9.0   -9.0   -9.0 71 77 05                       9   9    9 Sc         0   0   5  1094  0.0  0.07 -9  -3.1  -2.5  -2.7  -0.8   0.4  -9 -9.0 -9  1  1
202501131000 108   5  2.9  -9 -9.0   -9 1016.0 1027.0 -9  -9.0  -2.2  -6.3  73.0   3.8   -9.0    0.0    0.0   -9.0   -9.0   -9.0   -9.0 22 72 05                       8   8   14 Sc         0   0   5  1072  0.0  0.42 -9  -1.3  -2.3  -2.5  -0.8   0.3  -9 -9.0 -9  4  1
202501131100 108   5  2.7  -9 -9.0   -9 1015.9 1026.8 -9  -9.0  -0.8  -6.1  67.0   3.9   -9.0    0.0    0.0   -9.0   -9.0   -9.0   -9.0 -9 -9 -                        8   8   46 Ac         0   3   0  1063  0.2  0.98 -9  -0.4  -1.8  -2.1  -0.8   0.3  -9 -9.0 -9  3  2
202501131200 108   5  2.4  -9 -9.0   -9 1014.9 1025.8  8  -0.8   1.1  -5.8  60.0   4.0    0.0    0.0    0.0   -9.0   -9.0   -9.0   -9.0 -9 71 -                        0   0   -9 -         -9  -9  -9  1068  1.0  1.58 -9   2.2  -1.5  -1.8  -0.7   0.4  -9 -9.0 -9  3  1
202501131300 108   7  1.3  -9 -9.0   -9 1013.9 1024.7 -9  -9.0   2.6  -4.8  58.0   4.3   -9.0    0.0    0.0   -9.0   -9.0   -9.0   -9.0 -9 -9 -                        6   6   10 Sc         0   0   5  1124  0.6  1.27 -9   2.9  -1.2  -1.4  -0.6   0.4  -9 -9.0 -9  3  2
202501131400 108  20  2.6  -9 -9.0   -9 1012.9 1023.6 -9  -9.0   3.9  -3.3  59.0   4.8   -9.0    0.0    0.0   -9.0   -9.0   -9.0   -9.0 -9 -9 -                        8   8   10 Sc         0   0   5  1194  0.4  1.09 -9   2.5  -1.0  -1.2  -0.6   0.4  -9 -9.0 -9  3  2
202501131500 108  20  4.0  -9 -9.0   -9 1012.5 1023.2  7  -2.6   3.9  -2.7  62.0   5.0    0.0    0.0    0.0   -9.0   -9.0   -9.0   -9.0 70 71 05                       9   9    8 Sc         0   0   5  1191  0.0  0.46 -9   1.2  -0.8  -1.1  -0.5   0.4  -9 -9.0 -9  4  1
202501131600 108  23  2.7  -9 -9.0   -9 1012.7 1023.4 -9  -9.0   3.5  -1.2  71.0   5.6   -9.0    0.0    0.0   -9.0   -9.0   -9.0   -9.0 71 77 05                       9   9    6 Sc         0   0   5   798  0.0  0.18 -9   0.2  -0.7  -1.0  -0.5   0.4  -9 -9.0 -9  4  1
202501131700 108  23  1.1  -9 -9.0   -9 1012.7 1023.5 -9  -9.0   2.1   0.1  87.0   6.2   -9.0    0.5    0.5   -9.0   -9.0    0.1    0.1 71 77 0605                     9   9    8 Sc         0   0   5   243  0.0  0.04 -9  -0.2  -0.7  -0.9  -0.5   0.4  -9 -9.0 -9  4  1
202501131800 108  36  0.5  -9 -9.0   -9 1012.6 1023.4  0   0.2   2.0   0.3  89.0   6.2    1.0    1.0    1.0   -9.0    0.1    0.1    0.1 68 77 0605                     9   9    7 Sc         0   0   5   139  0.0  0.01 -9  -0.2  -0.6  -0.8  -0.4   0.4  -9 -9.0 -9  4  1
202501131900 108   2  1.4  -9 -9.0   -9 1012.7 1023.5 -9  -9.0   1.6   0.2  91.0   6.2   -9.0    1.3    1.3   -9.0   -9.0    0.1    0.1 68 77 06                       9   9    5 Sc         0   0   5   153 -9.0 -9.00 -9  -0.2  -0.6  -0.8  -0.4   0.4  -9 -9.0 -9  4  1
202501132000 108   2  2.2  -9 -9.0   -9 1012.4 1023.2 -9  -9.0   1.6   0.4  92.0   6.3   -9.0    1.3    1.3   -9.0   -9.0    0.1    0.1 23 72 1906                     9   9    5 Sc         0   0   5   149 -9.0 -9.00 -9  -0.2  -0.5  -0.8  -0.4   0.5  -9 -9.0 -9  4  1
202501132100 108   2  1.3  -9 -9.0   -9 1012.7 1023.5  1   0.1   1.6   0.2  91.0   6.2    0.3    1.3    1.3   -9.0    0.0    0.1    0.1 10 72 19                       7   7    5 Sc         0   0   5   173 -9.0 -9.00 -9  -0.2  -0.5  -0.7  -0.4   0.5  -9 -9.0 -9  3  1
202501132200 108   2  1.4  -9 -9.0   -9 1012.8 1023.6 -9  -9.0   1.6   0.1  90.0   6.2   -9.0    1.3    1.3   -9.0   -9.0    0.1    0.1 -9 -9 19                       9   6   13 -         -9  -9  -9   175 -9.0 -9.00 -9  -0.2  -0.5  -0.7  -0.4   0.5  -9 -9.0 -9  3  2
202501132300 108   5  1.2  -9 -9.0   -9 1012.8 1023.6 -9  -9.0   1.8   0.4  91.0   6.3   -9.0    1.3    1.3   -9.0   -9.0    0.1    0.1 68 72 1906                     9   9   11 Sc         0   0   5   181 -9.0 -9.00 -9  -0.2  -0.5  -0.7  -0.4   0.5  -9 -9.0 -9  4  1
202501140000 108   2  1.5  -9 -9.0   -9 1012.5 1023.3  8  -0.2   1.7   0.6  93.0   6.4    0.0    1.3    1.3   -9.0   -9.0    0.1    0.1 23 72 1906                     9   9   10 Sc         0   0   5   171 -9.0 -9.00 -9  -0.3  -0.5  -0.7  -0.4   0.5  -9 -9.0 -9  4  1
202501140100 108   5  1.5  -9 -9.0   -9 1012.2 1023.0 -9  -9.0   1.7   0.6  93.0   6.4   -9.0   -9.0   -9.0   -9.0   -9.0   -9.0    0.1 -9 -9 19                      10   7   10 -         -9  -9  -9   207 -9.0 -9.00 -9  -0.3  -0.5  -0.7  -0.3   0.5  -9 -9.0 -9  3  2
202501140200 108   5  0.6  -9 -9.0   -9 1012.1 1022.9 -9  -9.0   1.8   0.6  92.0   6.4   -9.0   -9.0   -9.0   -9.0   -9.0   -9.0    0.1 -9 -9 19                      10  10    9 -         -9  -9  -9   246 -9.0 -9.00 -9  -0.3  -0.5  -0.6  -0.3   0.5  -9 -9.0 -9  3  2
202501140300 108   2  1.7  -9 -9.0   -9 1012.0 1022.8  7  -0.5   1.8   0.6  92.0   6.4    0.0    0.0    0.0   -9.0   -9.0   -9.0    0.1 23 72 190605                   9   9    8 Sc         0   0   5   215 -9.0 -9.00 -9  -0.3  -0.4  -0.6  -0.3   0.5  -9 -9.0 -9  4  1
202501140400 108   2  1.8  -9 -9.0   -9 1011.8 1022.6 -9  -9.0   1.8   0.7  93.0   6.4   -9.0    0.0    0.0   -9.0   -9.0   -9.0    0.1 10 22 19                       9   9    5 Sc         0   0   5   204 -9.0 -9.00 -9  -0.3  -0.4  -0.6  -0.3   0.5  -9 -9.0 -9  3  1
202501140500 108   7  0.7  -9 -9.0   -9 1012.0 1022.8 -9  -9.0   2.0   0.6  91.0   6.4   -9.0    0.0    0.0   -9.0   -9.0   -9.0    0.1 68 72 1906                     9   9    5 Sc         0   0   5   257 -9.0 -9.00 -9  -0.3  -0.4  -0.6  -0.3   0.5  -9 -9.0 -9  4  1
202501140600 108   5  1.6  -9 -9.0   -9 1011.9 1022.7  5  -0.1   1.7   0.6  93.0   6.4    0.1    0.1    0.1   -9.0   -9.0   -9.0    0.1 23 71 1906                     0   0   -9 -         -9  -9  -9   187 -9.0 -9.00 -9  -0.3  -0.4  -0.6  -0.3   0.5  -9 -9.0 -9  4  1
202501140700 108   2  1.9  -9 -9.0   -9 1012.1 1022.9 -9  -9.0   1.1   0.0  93.0   6.1   -9.0    0.1    0.1   -9.0   -9.0   -9.0    0.1 10  0 19                       0   0   -9 -         -9  -9  -9   152 -9.0 -9.00 -9  -0.6  -0.4  -0.6  -0.3   0.5  -9 -9.0 -9  3  1
202501140800 108   2  2.0  -9 -9.0   -9 1012.1 1022.9 -9  -9.0   0.8   0.0  94.0   6.1   -9.0    0.1    0.1   -9.0   -9.0   -9.0    0.1 10  0 19                       4   4    7 Sc         0   0   5   108  0.0  0.00 -9  -0.9  -0.4  -0.6  -0.3   0.5  -9 -9.0 -9  3  1
202501140900 108   2  2.3  -9 -9.0   -9 1012.4 1023.2  2   0.5   1.2   0.7  97.0   6.4   -9.0    0.1    0.1   -9.0   -9.0   -9.0    0.1 10 70 19                       5   5    7 Sc         0   0   5   118  0.0  0.15 -9  -0.5  -0.4  -0.6  -0.3   0.5  -9 -9.0 -9  3  1
202501141000 108   2  1.8  -9 -9.0   -9 1012.9 1023.7 -9  -9.0   1.8   1.3  97.0   6.7   -9.0    0.1    0.1   -9.0   -9.0   -9.0    0.1 10 22 19                       6   6   11 Sc         0   0   5   149  0.0  0.36 -9  -0.4  -0.4  -0.6  -0.3   0.5  -9 -9.0 -9  3  1
202501141100 108   5  1.5  -9 -9.0   -9 1013.0 1023.8 -9  -9.0   3.0   2.4  96.0   7.3   -9.0    0.1    0.1   -9.0   -9.0   -9.0   -9.0 10 22 19                       6   6   10 Sc         0   0   5   237  0.4  0.77 -9  -0.2  -0.4  -0.6  -0.3   0.5  -9 -9.0 -9  3  1
202501141200 108  27  1.8  -9 -9.0   -9 1012.7 1023.4  0   0.2   5.0   3.3  89.0   7.7   -9.0    0.1    0.1   -9.0   -9.0   -9.0   -9.0 10 22 19                       8   8    6 Sc         0   0   5   402  0.5  1.12 -9   4.5  -0.5  -0.6  -0.3   0.5  -9 -9.0 -9  3  1
202501141300 108  29  3.6  -9 -9.0   -9 1012.2 1022.9 -9  -9.0   5.0   0.1  71.0   6.2   -9.0    0.1    0.1   -9.0   -9.0   -9.0   -9.0 10 22 19                       7   7   13 Sc         0   0   5   585  0.2  1.01 -9   4.2  -0.5  -0.6  -0.3   0.5  -9 -9.0 -9  3  1
202501141400 108  29  2.9  -9 -9.0   -9 1012.0 1022.7 -9  -9.0   4.7  -1.5  64.0   5.5   -9.0    0.1    0.1   -9.0   -9.0   -9.0   -9.0  5 22 4019                     6   1   12 ScCi       1   0   5   676  0.3  1.22 -9   3.5  -0.5  -0.6  -0.3   0.5  -9 -9.0 -9  3  1
202501141500 108  29  2.9  -9 -9.0   -9 1012.3 1023.0  5  -0.4   4.8  -4.5  51.0   4.4   -9.0    0.1    0.1   -9.0   -9.0   -9.0   -9.0 -9 -9 40                       8   8   27 Ac         0   3   0  1321  0.8  1.28 -9   2.9  -0.4  -0.6  -0.3   0.5  -9 -9.0 -9  3  2
202501141600 108  27  2.4  -9 -9.0   -9 1012.4 1023.1 -9  -9.0   4.8  -5.3  48.0   4.1   -9.0    0.1    0.1   -9.0   -9.0   -9.0   -9.0 -9 -9 -                        8   6   30 AcCi       1   3   0  1415  0.1  0.56 -9   1.2  -0.4  -0.6  -0.3   0.5  -9 -9.0 -9  3  2
202501141700 108  27  3.7  -9 -9.0   -9 1012.9 1023.6 -9  -9.0   4.3  -4.9  51.0   4.2   -9.0    0.1    0.1   -9.0   -9.0   -9.0   -9.0 -9 -9 -                       10  10   26 As        -9   2   0  1327  0.0  0.20 -9   0.0  -0.4  -0.5  -0.3   0.5  -9 -9.0 -9  3  2
202501141800 108  27  3.0  -9 -9.0   -9 1013.3 1024.0  2   1.0   3.8  -4.4  55.0   4.4   -9.0    0.1    0.1   -9.0   -9.0   -9.0   -9.0 -9 -9 -                        7   3   16 ScCi       1   0   5  1124  0.0  0.02 -9  -0.5  -0.4  -0.5  -0.3   0.5  -9 -9.0 -9  3  2
202501141900 108  27  2.6  -9 -9.0   -9 1013.7 1024.5 -9  -9.0   3.2  -5.9  51.0   3.9   -9.0    0.1    0.1   -9.0   -9.0   -9.0   -9.0 -9 -9 -                       10   0   -9 -         -9  -9  -9  1253 -9.0 -9.00 -9  -0.2  -0.4  -0.5  -0.3   0.5  -9 -9.0 -9  3 -9
202501142000 108  29  1.9  -9 -9.0   -9 1013.8 1024.6 -9  -9.0   2.5  -6.6  51.0   3.7   -9.0    0.1    0.1   -9.0   -9.0   -9.0   -9.0 -9 -9 -                        8   8   28 -         -9  -9  -9  1276 -9.0 -9.00 -9  -0.2  -0.3  -0.5  -0.3   0.5  -9 -9.0 -9  3 -9
202501142100 108  29  4.2  -9 -9.0   -9 1014.4 1025.2  2   1.2   1.6  -7.9  49.0   3.4   -9.0    0.1    0.1   -9.0   -9.0   -9.0   -9.0 -9 -9 -                        3   3   30 Ac         0   3   0  1378 -9.0 -9.00 -9  -0.3  -0.3  -0.5  -0.3   0.5  -9 -9.0 -9  3  2
202501142200 108  32  2.5  -9 -9.0   -9 1015.2 1026.1 -9  -9.0   0.1 -11.3  42.0   2.6   -9.0    0.1    0.1   -9.0   -9.0   -9.0   -9.0 -9 -9 -                        0   0   -9 -         -9  -9  -9  2958 -9.0 -9.00 -9  -0.7  -0.3  -0.5  -0.3   0.5  -9 -9.0 -9  3 -9
202501142300 108  27  3.2  -9 -9.0   -9 1015.8 1026.8 -9  -9.0  -1.1 -10.7  48.0   2.7   -9.0    0.1    0.1   -9.0   -9.0   -9.0   -9.0 -9 -9 -                        0   0   -9 -         -9  -9  -9  3153 -9.0 -9.00 -9  -1.1  -0.3  -0.5  -0.3   0.5  -9 -9.0 -9  3 -9
202501150000 108  27  3.2  -9 -9.0   -9 1016.1 1027.1  2   1.9  -1.7 -10.7  50.0   2.7   -9.0    0.1    0.1   -9.0   -9.0   -9.0   -9.0 -9 -9 -                        0   0   -9 -         -9  -9  -9  2702 -9.0 -9.00 -9  -1.4  -0.3  -0.5  -0.3   0.5  -9 -9.0 -9  3  2
202501150100 108  27  2.7  -9 -9.0   -9 1016.1 1027.1 -9  -9.0  -2.2 -10.5  53.0   2.8   -9.0   -9.0   -9.0   -9.0   -9.0   -9.0   -9.0 -9 -9 -                        0   0   -9 -         -9  -9  -9  2509 -9.0 -9.00 -9  -1.8  -0.3  -0.5  -0.3   0.5  -9 -9.0 -9  3 -9
202501150200 108  29  2.0  -9 -9.0   -9 1016.2 1027.2 -9  -9.0  -2.9 -10.6  55.0   2.7   -9.0   -9.0   -9.0   -9.0   -9.0   -9.0   -9.0 -9 -9 -                        0   0   -9 -         -9  -9  -9  2650 -9.0 -9.00 -9  -2.5  -0.3  -0.5  -0.3   0.5  -9 -9.0 -9  3 -9
202501150300 108  29  1.5  -9 -9.0   -9 1016.4 1027.4  2   0.3  -3.3 -10.8  56.0   2.7   -9.0   -9.0   -9.0   -9.0   -9.0   -9.0   -9.0 -9 -9 -                        0   0   -9 -         -9  -9  -9  2792 -9.0 -9.00 -9  -3.2  -0.3  -0.5  -0.3   0.5  -9 -9.0 -9  3  2
202501150400 108  29  3.9  -9 -9.0   -9 1016.7 1027.8 -9  -9.0  -3.6 -12.5  50.0   2.3   -9.0   -9.0   -9.0   -9.0   -9.0   -9.0   -9.0 -9 -9 -                        0   0   -9 -         -9  -9  -9  3150 -9.0 -9.00 -9  -4.0  -0.3  -0.5  -0.3   0.5  -9 -9.0 -9  3  2
202501150500 108  27  2.0  -9 -9.0   -9 1016.8 1027.9 -9  -9.0  -4.3 -13.1  50.0   2.2   -9.0   -9.0   -9.0   -9.0   -9.0   -9.0   -9.0 -9 -9 -                        0   0   -9 -         -9  -9  -9  2945 -9.0 -9.00 -9  -4.5  -0.4  -0.6  -0.3   0.5  -9 -9.0 -9  3  2
202501150600 108  27  2.1  -9 -9.0   -9 1017.0 1028.1  2   0.7  -4.8 -13.4  51.0   2.2   -9.0   -9.0   -9.0   -9.0   -9.0   -9.0   -9.0 -9 -9 -                        0   0   -9 -         -9  -9  -9  2947 -9.0 -9.00 -9  -5.0  -0.6  -0.7  -0.3   0.5  -9 -9.0 -9  3  2
202501150700 108  27  2.1  -9 -9.0   -9 1017.4 1028.5 -9  -9.0  -5.0 -13.8  50.0   2.1   -9.0   -9.0   -9.0   -9.0   -9.0   -9.0   -9.0 -9 -9 -                        0   0   -9 -         -9  -9  -9  2636 -9.0 -9.00 -9  -5.3  -0.7  -0.9  -0.3   0.5  -9 -9.0 -9  3  2
202501150800 108  25  2.3  -9 -9.0   -9 1017.7 1028.8 -9  -9.0  -5.2 -14.2  49.0   2.0   -9.0   -9.0   -9.0   -9.0   -9.0   -9.0   -9.0 -9 -9 -                        0   0   -9 -         -9  -9  -9  2687  0.0  0.00 -9  -5.6  -1.0  -1.1  -0.3   0.5  -9 -9.0 -9  3  2
202501150900 108  27  3.5  -9 -9.0   -9 1018.3 1029.4  2   1.3  -4.6 -14.7  45.0   2.0   -9.0   -9.0   -9.0   -9.0   -9.0   -9.0   -9.0 -9 -9 -                        0   0   -9 -         -9  -9  -9  2764  0.9  0.32 -9  -4.9  -1.2  -1.3  -0.3   0.5  -9 -9.0 -9  3  2
202501151000 108  32  5.1  -9 -9.0   -9 1018.7 1029.8 -9  -9.0  -3.8 -17.4  34.0   1.6   -9.0   -9.0   -9.0   -9.0   -9.0   -9.0   -9.0 -9 -9 -                        0   0   -9 -         -9  -9  -9  3789  1.0  0.92 -9  -2.1  -1.4  -1.5  -0.3   0.5  -9 -9.0 -9  3  2
202501151100 108  32  3.7  -9 -9.0   -9 1018.9 1030.0 -9  -9.0  -3.2 -17.2  33.0   1.6   -9.0   -9.0   -9.0   -9.0   -9.0   -9.0   -9.0 -9 -9 -                        0   0   -9 -         -9  -9  -9  3806  1.0  1.55 -9  -0.6  -1.3  -1.4  -0.3   0.5  -9 -9.0 -9  3  2
202501151200 108  27  4.1  -9 -9.0   -9 1018.2 1029.2  8  -0.2  -2.6 -18.6  28.0   1.4   -9.0   -9.0   -9.0   -9.0   -9.0   -9.0   -9.0 -9 -9 -                        0   0   -9 -         -9  -9  -9  4228  1.0  1.98 -9   0.4  -1.2  -1.3  -0.3   0.5  -9 -9.0 -9  3  2
202501151300 108  27  4.0  -9 -9.0   -9 1017.3 1028.3 -9  -9.0  -1.6 -17.7  28.0   1.5   -9.0   -9.0   -9.0   -9.0   -9.0   -9.0   -9.0 -9 -9 -                        0   0   -9 -         -9  -9  -9  4144  1.0  2.14 -9   1.5  -1.1  -1.2  -0.3   0.5  -9 -9.0 -9  3  2
202501151400 108  29  4.4  -9 -9.0   -9 1016.7 1027.7 -9  -9.0  -1.7 -19.1  25.0   1.4   -9.0   -9.0   -9.0   -9.0   -9.0   -9.0   -9.0 -9 -9 -                        0   0   -9 -         -9  -9  -9  4783  1.0  2.09 -9   2.5  -1.0  -1.1  -0.3   0.5  -9 -9.0 -9  3  2
202501151500 108  25  3.8  -9 -9.0   -9 1016.6 1027.6  7  -1.6  -0.9 -18.5  25.0   1.4   -9.0   -9.0   -9.0   -9.0   -9.0   -9.0   -9.0 -9 -9 -                        0   0   -9 -         -9  -9  -9  3891  1.0  1.78 -9   2.2  -0.9  -1.0  -0.3   0.5  -9 -9.0 -9  3  2
202501151600 108  29  3.6  -9 -9.0   -9 1016.8 1027.8 -9  -9.0  -1.0 -18.5  25.0   1.4   -9.0   -9.0   -9.0   -9.0   -9.0   -9.0   -9.0 -9 -9 -                        0   0   -9 -         -9  -9  -9  3805  1.0  1.30 -9  -0.2  -0.8  -1.0  -0.3   0.5  -9 -9.0 -9  3  2
202501151700 108  27  3.0  -9 -9.0   -9 1017.0 1028.0 -9  -9.0  -1.9 -18.0  28.0   1.5   -9.0   -9.0   -9.0   -9.0   -9.0   -9.0   -9.0 -9 -9 -                        0   0   -9 -         -9  -9  -9  4368  1.0  0.59 -9  -0.4  -0.8  -1.0  -0.3   0.5  -9 -9.0 -9  3  2
202501151800 108  27  2.8  -9 -9.0   -9 1017.2 1028.2  2   0.6  -2.7 -16.4  34.0   1.7   -9.0   -9.0   -9.0   -9.0   -9.0   -9.0   -9.0 -9 -9 -                        0   0   -9 -         -9  -9  -9  4420  0.3  0.07 -9  -1.2  -1.4  -1.1  -0.3   0.5  -9 -9.0 -9  3  2
202501151900 108  27  2.6  -9 -9.0   -9 1017.7 1028.8 -9  -9.0  -3.2 -14.9  40.0   1.9   -9.0   -9.0   -9.0   -9.0   -9.0   -9.0   -9.0 -9 -9 -                        0   0   -9 -         -9  -9  -9  4093 -9.0 -9.00 -9  -1.7  -0.9  -1.2  -0.3   0.5  -9 -9.0 -9  3 -9
202501152000 108  25  2.9  -9 -9.0   -9 1017.8 1028.9 -9  -9.0  -3.4 -14.7  41.0   2.0   -9.0   -9.0   -9.0   -9.0   -9.0   -9.0   -9.0 -9 -9 -                        0   0   -9 -         -9  -9  -9  3882 -9.0 -9.00 -9  -3.0  -1.1  -1.4  -0.3   0.4  -9 -9.0 -9  3 -9
202501152100 108  27  1.1  -9 -9.0   -9 1018.3 1029.4  2   1.2  -4.0 -15.9  39.0   1.8   -9.0   -9.0   -9.0   -9.0   -9.0   -9.0   -9.0 -9 -9 -                        0   0   -9 -         -9  -9  -9  3846 -9.0 -9.00 -9  -4.2  -1.2  -1.5  -0.3   0.5  -9 -9.0 -9  3  2
202501152200 108  32  1.2  -9 -9.0   -9 1018.1 1029.2 -9  -9.0  -4.5 -15.5  42.0   1.8   -9.0   -9.0   -9.0   -9.0   -9.0   -9.0   -9.0 -9 -9 -                        0   0   -9 -         -9  -9  -9  4269 -9.0 -9.00 -9  -4.9  -1.4  -1.7  -0.3   0.5  -9 -9.0 -9  3 -9
202501152300 108  27  1.8  -9 -9.0   -9 1018.1 1029.2 -9  -9.0  -5.0 -14.5  47.0   2.0   -9.0   -9.0   -9.0   -9.0   -9.0   -9.0   -9.0 -9 -9 -                        0   0   -9 -         -9  -9  -9  4566 -9.0 -9.00 -9  -4.9  -1.6  -1.8  -0.3   0.4  -9 -9.0 -9  3 -9
202501160000 108  32  0.7  -9 -9.0   -9 1017.6 1028.7  7  -0.7  -4.9 -14.2  48.0   2.0   -9.0   -9.0   -9.0   -9.0   -9.0   -9.0   -9.0 -9 -9 -                        8   8    6 Sc         0   0   5  4166 -9.0 -9.00 -9  -4.2  -1.7  -1.9  -0.4   0.4  -9 -9.0 -9  3  2
202501160100 108  27  0.9  -9 -9.0   -9 1017.0 1028.1 -9  -9.0  -4.4 -13.7  48.0   2.1   -9.0   -9.0   -9.0   -9.0   -9.0   -9.0   -9.0 -9 -9 -                        9   9    6 -         -9  -9  -9  4530 -9.0 -9.00 -9  -3.6  -1.7  -1.9  -0.3   0.5  -9 -9.0 -9  3 -9
202501160200 108   0  0.4  -9 -9.0   -9 1016.2 1027.3 -9  -9.0  -4.0 -12.9  50.0   2.3   -9.0    0.0    0.0   -9.0   -9.0   -9.0   -9.0 70 72 05                       9   9    7 Sc         0   0   5  4299 -9.0 -9.00 -9  -3.4  -1.7  -1.9  -0.4   0.4  -9 -9.0 -9  4  1
202501160300 108   2  1.8  -9 -9.0   -9 1015.9 1027.0  7  -1.7  -3.8 -12.2  52.0   2.4    0.0    0.0    0.0   -9.0   -9.0   -9.0   -9.0 22 72 05                       9   9   11 Sc         0   0   5  4393 -9.0 -9.00 -9  -3.3  -1.7  -1.9  -0.4   0.4  -9 -9.0 -9  4  1
202501160400 108   5  1.7  -9 -9.0   -9 1015.2 1026.2 -9  -9.0  -3.6 -11.5  54.0   2.5   -9.0    0.0    0.0   -9.0   -9.0   -9.0   -9.0 -9 -9 -                        9   9   12 Sc         0   0   5  4500 -9.0 -9.00 -9  -3.2  -1.6  -1.9  -0.4   0.4  -9 -9.0 -9  3  2
202501160500 108   5  2.2  -9 -9.0   -9 1014.6 1025.6 -9  -9.0  -3.5 -12.4  50.0   2.4   -9.0    0.0    0.0   -9.0   -9.0   -9.0   -9.0 -9 -9 -                        9   9   12 Sc         0   0   5  4313 -9.0 -9.00 -9  -3.2  -1.6  -1.8  -0.4   0.4  -9 -9.0 -9  3  2
202501160600 108   5  2.0  -9 -9.0   -9 1014.5 1025.5  7  -1.5  -3.4 -12.3  50.0   2.4   -9.0    0.0    0.0   -9.0   -9.0   -9.0   -9.0 -9 -9 -                        9   9   11 Sc         0   0   5  4287 -9.0 -9.00 -9  -3.1  -1.6  -1.8  -0.4   0.4  -9 -9.0 -9  3  2
202501160700 108   5  2.1  -9 -9.0   -9 1014.4 1025.4 -9  -9.0  -3.2 -11.4  53.0   2.6   -9.0    0.0    0.0   -9.0   -9.0   -9.0   -9.0 -9 -9 -                        9   9   11 Sc         0   0   5  4248 -9.0 -9.00 -9  -3.0  -1.6  -1.8  -0.4   0.4  -9 -9.0 -9  3  2
202501160800 108   5  2.0  -9 -9.0   -9 1014.5 1025.5 -9  -9.0  -2.9 -10.6  55.0   2.7   -9.0    0.0    0.0   -9.0   -9.0   -9.0   -9.0 -9 -9 -                        9   9   11 Sc         0   0   5  4131  0.0  0.00 -9  -2.8  -1.5  -1.8  -0.4   0.4  -9 -9.0 -9  3  2
202501160900 108   2  2.3  -9 -9.0   -9 1014.5 1025.5  4   0.0  -2.5 -10.0  56.0   2.9   -9.0    0.0    0.0   -9.0   -9.0   -9.0   -9.0 -9 -9 -                        9   9   11 Sc         0   0   5  3854  0.0  0.04 -9  -2.5  -1.5  -1.7  -0.4   0.4  -9 -9.0 -9  3  2
202501161000 108  36  1.5  -9 -9.0   -9 1014.4 1025.4 -9  -9.0  -2.0  -9.3  57.0   3.0   -9.0    0.0    0.0   -9.0   -9.0   -9.0   -9.0 22 72 05                       9   9   12 Sc         0   0   5  3594  0.0  0.13 -9  -1.8  -1.4  -1.7  -0.4   0.4  -9 -9.0 -9  4  1
202501161100 108   5  1.3  -9 -9.0   -9 1014.4 1025.3 -9  -9.0  -1.0  -8.2  58.0   3.3   -9.0    0.0    0.0   -9.0   -9.0   -9.0   -9.0 -9 -9 -                        9   9   13 Sc         0   0   5  3231  0.0  0.28 -9  -1.0  -1.3  -1.5  -0.4   0.4  -9 -9.0 -9  3  2
202501161200 108  20  1.3  -9 -9.0   -9 1013.4 1024.3  7  -1.2   0.3  -4.7  69.0   4.3    0.0    0.0    0.0   -9.0   -9.0   -9.0   -9.0 -9 72 -                        9   9   13 Sc         0   0   5  2721  0.0  0.47 -9  -0.5  -1.2  -1.3  -0.4   0.4  -9 -9.0 -9  3  1
202501161300 108  25  2.3  -9 -9.0   -9 1012.4 1023.2 -9  -9.0   1.4  -3.8  68.0   4.6   -9.0    0.0    0.0   -9.0   -9.0   -9.0   -9.0 -9 -9 -                        9   9   10 Sc         0   0   5  2435  0.0  0.55 -9  -0.3  -1.1  -1.2  -0.4   0.4  -9 -9.0 -9  3  2
202501161400 108  23  3.1  -9 -9.0   -9 1011.7 1022.5 -9  -9.0   2.5  -3.6  64.0   4.7   -9.0    0.0    0.0   -9.0   -9.0   -9.0   -9.0 -9 -9 -                        9   9    8 Sc         0   0   5  2048  0.2  0.87 -9  -0.1  -1.2  -1.0  -0.4   0.4  -9 -9.0 -9  3  2
202501161500 108  27  3.0  -9 -9.0   -9 1011.5 1022.2  7  -2.1   2.8  -3.5  63.0   4.7   -9.0    0.0    0.0   -9.0   -9.0   -9.0   -9.0 -9 72 -                        9   9    8 Sc         0   0   5  2029  0.0  0.29 -9  -0.2  -1.1  -0.9  -0.4   0.4  -9 -9.0 -9  3  1
202501161600 108  27  3.6  -9 -9.0   -9 1011.7 1022.5 -9  -9.0   2.6  -2.5  69.0   5.1   -9.0    0.0    0.0   -9.0   -9.0   -9.0   -9.0 70 72 05                       9   9    8 Sc         0   0   5  1585  0.0  0.17 -9  -0.2  -1.0  -0.9  -0.4   0.4  -9 -9.0 -9  4  1
202501161700 108  27  1.9  -9 -9.0   -9 1011.7 1022.5 -9  -9.0   2.5  -2.0  72.0   5.3   -9.0    0.0    0.0   -9.0   -9.0   -9.0   -9.0 22 72 05                       9   9    7 Sc         0   0   5  1415  0.0  0.10 -9  -0.3  -0.8  -0.8  -0.4   0.4  -9 -9.0 -9  4  1
202501161800 108  29  2.5  -9 -9.0   -9 1012.1 1022.9  2   0.7   2.5  -1.6  74.0   5.4    0.0    0.0    0.0   -9.0   -9.0   -9.0   -9.0 22 72 05                       9   9    7 Sc         0   0   5  1221  0.0  0.01 -9  -0.3  -0.8  -0.8  -0.4   0.4  -9 -9.0 -9  4  1
202501161900 108  29  1.1  -9 -9.0   -9 1012.3 1023.1 -9  -9.0   2.0  -2.1  74.0   5.2   -9.0    0.0    0.0   -9.0   -9.0   -9.0   -9.0 -9 -9 -                        3   3    6 -         -9  -9  -9  1200 -9.0 -9.00 -9  -0.3  -0.8  -0.7  -0.4   0.4  -9 -9.0 -9  3 -9
202501162000 108  34  0.9  -9 -9.0   -9 1012.7 1023.5 -9  -9.0   1.9  -1.7  77.0   5.4   -9.0    0.0    0.0   -9.0   -9.0   -9.0   -9.0 -9 -9 -                        5   5    5 -         -9  -9  -9  1094 -9.0 -9.00 -9  -0.3  -0.8  -0.7  -0.4   0.4  -9 -9.0 -9  3 -9
202501162100 108  32  2.9  -9 -9.0   -9 1013.2 1024.0  2   1.1   1.5  -1.4  81.0   5.5   -9.0    0.0    0.0   -9.0   -9.0   -9.0   -9.0 -9 71 -                        0   0   -9 -         -9  -9  -9  1001 -9.0 -9.00 -9  -0.8  -0.7  -0.7  -0.4   0.4  -9 -9.0 -9  3  1
202501162200 108  34  2.8  -9 -9.0   -9 1013.7 1024.6 -9  -9.0   0.7  -3.5  73.0   4.7   -9.0    0.0    0.0   -9.0   -9.0   -9.0   -9.0 -9 -9 -                        0   0   -9 -         -9  -9  -9  1234 -9.0 -9.00 -9  -1.5  -0.7  -0.7  -0.4   0.4  -9 -9.0 -9  3 -9
202501162300 108  29  2.8  -9 -9.0   -9 1014.0 1024.9 -9  -9.0  -0.3  -4.2  75.0   4.5   -9.0    0.0    0.0   -9.0   -9.0   -9.0   -9.0 -9 -9 -                        0   0   -9 -         -9  -9  -9  1187 -9.0 -9.00 -9  -2.4  -0.8  -0.7  -0.4   0.4  -9 -9.0 -9  3 -9
202501170000 108  27  2.7  -9 -9.0   -9 1014.4 1025.3  2   1.3  -1.1  -4.7  76.0   4.3   -9.0    0.0    0.0   -9.0   -9.0   -9.0   -9.0 -9 -9 -                        0   0   -9 -         -9  -9  -9  1133 -9.0 -9.00 -9  -3.1  -0.8  -0.8  -0.4   0.4  -9 -9.0 -9  3  2
202501170100 108  27  1.4  -9 -9.0   -9 1014.8 1025.8 -9  -9.0  -1.8  -5.6  75.0   4.0   -9.0   -9.0   -9.0   -9.0   -9.0   -9.0   -9.0 -9 -9 -                        0   0   -9 -         -9  -9  -9  1155 -9.0 -9.00 -9  -3.7  -0.9  -0.9  -0.4   0.4  -9 -9.0 -9  3 -9
202501170200 108  29  0.5  -9 -9.0   -9 1015.1 1026.1 -9  -9.0  -2.6  -6.6  74.0   3.7   -9.0   -9.0   -9.0   -9.0   -9.0   -9.0   -9.0 -9 -9 -                        0   0   -9 -         -9  -9  -9  1248 -9.0 -9.00 -9  -4.2  -1.1  -1.1  -0.4   0.4  -9 -9.0 -9  3 -9
202501170300 108  27  1.0  -9 -9.0   -9 1015.2 1026.2  2   0.9  -3.3  -6.5  78.0   3.8   -9.0   -9.0   -9.0   -9.0   -9.0   -9.0   -9.0 -9 -9 -                        0   0   -9 -         -9  -9  -9  1143 -9.0 -9.00 -9  -4.6  -1.3  -1.3  -0.3   0.4  -9 -9.0 -9  3  2
202501170400 108  29  0.6  -9 -9.0   -9 1015.2 1026.3 -9  -9.0  -3.7  -7.1  77.0   3.6   -9.0   -9.0   -9.0   -9.0   -9.0   -9.0   -9.0 -9 -9 -                        0   0   -9 -         -9  -9  -9  1419 -9.0 -9.00 -9  -4.9  -1.5  -1.5  -0.3   0.4  -9 -9.0 -9  3  2
202501170500 108   5  1.0  -9 -9.0   -9 1015.2 1026.3 -9  -9.0  -3.9  -7.8  74.0   3.4   -9.0   -9.0   -9.0   -9.0   -9.0   -9.0   -9.0 -9 -9 -                        0   0   -9 -         -9  -9  -9  1641 -9.0 -9.00 -9  -5.1  -1.8  -1.7  -0.3   0.4  -9 -9.0 -9  3  2
202501170600 108   2  1.7  -9 -9.0   -9 1015.3 1026.4  2   0.2  -4.4  -7.8  77.0   3.4   -9.0   -9.0   -9.0   -9.0   -9.0   -9.0   -9.0 -9 -9 -                        0   0   -9 -         -9  -9  -9  1496 -9.0 -9.00 -9  -5.3  -2.0  -1.9  -0.3   0.4  -9 -9.0 -9  3  2
202501170700 108   5  1.4  -9 -9.0   -9 1015.9 1027.0 -9  -9.0  -4.5  -7.5  79.0   3.5   -9.0   -9.0   -9.0   -9.0   -9.0   -9.0   -9.0 -9 -9 -                        0   0   -9 -         -9  -9  -9  1389 -9.0 -9.00 -9  -5.5  -2.1  -2.0  -0.3   0.5  -9 -9.0 -9  3  2
202501170800 108   5  2.3  -9 -9.0   -9 1016.5 1027.6 -9  -9.0  -4.9  -7.5  82.0   3.5   -9.0   -9.0   -9.0   -9.0   -9.0   -9.0   -9.0 -9 -9 -                        0   0   -9 -         -9  -9  -9  1136  0.0  0.00 -9  -5.4  -2.3  -2.2  -0.3   0.5  -9 -9.0 -9  3  2
202501170900 108   5  2.0  -9 -9.0   -9 1016.7 1027.8  2   1.4  -4.4  -6.5  85.0   3.8   -9.0   -9.0   -9.0   -9.0   -9.0   -9.0   -9.0 10  0 19                       0   0   -9 -         -9  -9  -9   751  0.8  0.28 -9  -4.4  -2.5  -2.3  -0.4   0.4  -9 -9.0 -9  3  1
202501171000 108   7  2.2  -9 -9.0   -9 1016.8 1027.8 -9  -9.0  -1.9  -5.2  78.0   4.2   -9.0   -9.0   -9.0   -9.0   -9.0   -9.0   -9.0 10  0 19                       0   0   -9 -         -9  -9  -9   757  1.0  0.85 -9  -1.6  -2.6  -2.2  -0.4   0.4  -9 -9.0 -9  3  1
202501171100 108   5  2.6  -9 -9.0   -9 1016.6 1027.5 -9  -9.0  -0.1  -5.5  67.0   4.1   -9.0   -9.0   -9.0   -9.0   -9.0   -9.0   -9.0  5  0 4019                     0   0   -9 -         -9  -9  -9   933  1.0  1.46 -9   0.5  -2.3  -1.9  -0.5   0.3  -9 -9.0 -9  3  1
202501171200 108  36  1.6  -9 -9.0   -9 1016.3 1027.1  7  -0.7   1.8  -4.5  63.0   4.4   -9.0   -9.0   -9.0   -9.0   -9.0   -9.0   -9.0  5  0 40                       0   0   -9 -         -9  -9  -9   886  1.0  1.82 -9   3.3  -1.5  -1.6  -0.4   0.4  -9 -9.0 -9  3  1
202501171300 108  20  1.7  -9 -9.0   -9 1015.7 1026.4 -9  -9.0   4.5  -4.2  53.0   4.5   -9.0   -9.0   -9.0   -9.0   -9.0   -9.0   -9.0 -9 -9 40                       0   0   -9 -         -9  -9  -9  1162  1.0  2.00 -9   6.4  -1.3  -1.3  -0.4   0.4  -9 -9.0 -9  3  2
202501171400 108  27  2.7  -9 -9.0   -9 1015.1 1025.8 -9  -9.0   5.1  -5.3  47.0   4.1   -9.0   -9.0   -9.0   -9.0   -9.0   -9.0   -9.0 -9 -9 -                        0   0   -9 -         -9  -9  -9  1311  1.0  1.92 -9   7.0  -1.1  -1.1  -0.4   0.4  -9 -9.0 -9  3  2
202501171500 108  29  2.6  -9 -9.0   -9 1014.8 1025.5  7  -1.6   4.6  -7.8  40.0   3.4   -9.0   -9.0   -9.0   -9.0   -9.0   -9.0   -9.0 -9 -9 -                        0   0   -9 -         -9  -9  -9  1670  1.0  1.66 -9   5.9  -0.9  -1.0  -0.4   0.4  -9 -9.0 -9  3  2
202501171600 108  29  2.5  -9 -9.0   -9 1014.8 1025.5 -9  -9.0   5.0  -8.8  36.0   3.1   -9.0   -9.0   -9.0   -9.0   -9.0   -9.0   -9.0 -9 -9 -                        0   0   -9 -         -9  -9  -9  2514  1.0  1.22 -9   1.3  -0.8  -0.9  -0.4   0.4  -9 -9.0 -9  3  2
202501171700 108  29  2.8  -9 -9.0   -9 1015.1 1025.8 -9  -9.0   4.2 -10.6  33.0   2.7   -9.0   -9.0   -9.0   -9.0   -9.0   -9.0   -9.0 -9 -9 -                        0   0   -9 -         -9  -9  -9  2317  1.0  0.55 -9  -0.2  -0.6  -0.8  -0.4   0.4  -9 -9.0 -9  3  2
202501171800 108  27  2.5  -9 -9.0   -9 1015.5 1026.3  2   0.8   2.8 -10.1  38.0   2.8   -9.0   -9.0   -9.0   -9.0   -9.0   -9.0   -9.0 -9 -9 -                        0   0   -9 -         -9  -9  -9  2313  0.2  0.08 -9  -0.3  -0.7  -0.8  -0.4   0.4  -9 -9.0 -9  3  2
202501171900 108  29  3.0  -9 -9.0   -9 1015.9 1026.7 -9  -9.0   1.8  -8.3  47.0   3.3   -9.0   -9.0   -9.0   -9.0   -9.0   -9.0   -9.0 -9 -9 -                        0   0   -9 -         -9  -9  -9  2531 -9.0 -9.00 -9  -0.7  -1.1  -0.8  -0.4   0.4  -9 -9.0 -9  3 -9
202501172000 108  27  2.6  -9 -9.0   -9 1016.1 1027.0 -9  -9.0   0.8  -8.2  51.0   3.3   -9.0   -9.0   -9.0   -9.0   -9.0   -9.0   -9.0 -9 -9 -                        0   0   -9 -         -9  -9  -9  2710 -9.0 -9.00 -9  -0.9  -1.0  -0.8  -0.4   0.4  -9 -9.0 -9  3 -9
202501172100 108  25  2.2  -9 -9.0   -9 1016.2 1027.1  2   0.8   0.1  -7.6  56.0   3.5   -9.0   -9.0   -9.0   -9.0   -9.0   -9.0   -9.0 -9 -9 -                        0   0   -9 -         -9  -9  -9  2739 -9.0 -9.00 -9  -1.2  -0.9  -0.8  -0.4   0.4  -9 -9.0 -9  3  2
202501172200 108  29  0.5  -9 -9.0   -9 1016.2 1027.1 -9  -9.0  -0.6  -7.6  59.0   3.5   -9.0   -9.0   -9.0   -9.0   -9.0   -9.0   -9.0 -9 -9 -                        0   0   -9 -         -9  -9  -9  2475 -9.0 -9.00 -9  -1.8  -1.0  -0.9  -0.4   0.4  -9 -9.0 -9  3 -9
202501172300 108  27  0.9  -9 -9.0   -9 1016.1 1027.0 -9  -9.0  -1.0  -7.5  61.0   3.5   -9.0   -9.0   -9.0   -9.0   -9.0   -9.0   -9.0 -9 -9 -                        0   0   -9 -         -9  -9  -9  2480 -9.0 -9.00 -9  -2.6  -1.0  -1.0  -0.5   0.3  -9 -9.0 -9  3 -9
202501180000 108  27  1.4  -9 -9.0   -9 1015.9 1026.9  7  -0.2  -1.4  -7.7  62.0   3.4   -9.0   -9.0   -9.0   -9.0   -9.0   -9.0   -9.0 -9 -9 -                        0   0   -9 -         -9  -9  -9  2329 -9.0 -9.00 -9  -3.4  -1.2  -1.1  -0.4   0.3  -9 -9.0 -9  3  2
202501180100 108  25  1.3  -9 -9.0   -9 1015.8 1026.8 -9  -9.0  -1.8  -7.9  63.0   3.4   -9.0   -9.0   -9.0   -9.0   -9.0   -9.0   -9.0 -9 -9 -                        0   0   -9 -         -9  -9  -9  2502 -9.0 -9.00 -9  -4.0  -1.3  -1.2  -0.4   0.3  -9 -9.0 -9  3 -9
202501180200 108  36  0.8  -9 -9.0   -9 1015.8 1026.8 -9  -9.0  -2.1  -7.8  65.0   3.4   -9.0   -9.0   -9.0   -9.0   -9.0   -9.0   -9.0 -9 -9 -                        0   0   -9 -         -9  -9  -9  2345 -9.0 -9.00 -9  -4.5  -1.4  -1.3  -0.4   0.3  -9 -9.0 -9  3 -9
202501180300 108   5  1.7  -9 -9.0   -9 1015.9 1026.9  4   0.0  -2.2  -8.5  62.0   3.2   -9.0   -9.0   -9.0   -9.0   -9.0   -9.0   -9.0 -9 -9 -                        0   0   -9 -         -9  -9  -9  2446 -9.0 -9.00 -9  -4.8  -1.5  -1.5  -0.4   0.4  -9 -9.0 -9  3  2
202501180400 108   2  1.9  -9 -9.0   -9 1015.5 1026.5 -9  -9.0  -2.7  -8.3  65.0   3.3   -9.0   -9.0   -9.0   -9.0   -9.0   -9.0   -9.0 -9 -9 -                        0   0   -9 -         -9  -9  -9  2055 -9.0 -9.00 -9  -5.1  -1.7  -1.6  -0.4   0.4  -9 -9.0 -9  3  2
202501180500 108   5  1.8  -9 -9.0   -9 1015.1 1026.1 -9  -9.0  -3.2  -8.2  68.0   3.3   -9.0   -9.0   -9.0   -9.0   -9.0   -9.0   -9.0 -9 -9 -                        0   0   -9 -         -9  -9  -9  2180 -9.0 -9.00 -9  -5.3  -1.8  -1.7  -0.4   0.4  -9 -9.0 -9  3  2
202501180600 108   5  1.7  -9 -9.0   -9 1014.9 1025.9  7  -1.0  -3.5  -8.3  69.0   3.3   -9.0   -9.0   -9.0   -9.0   -9.0   -9.0   -9.0 -9 -9 -                        0   0   -9 -         -9  -9  -9  2178 -9.0 -9.00 -9  -5.5  -2.0  -1.9  -0.4   0.4  -9 -9.0 -9  3  2
202501180700 108   2  2.1  -9 -9.0   -9 1015.4 1026.5 -9  -9.0  -3.6  -8.4  69.0   3.2   -9.0   -9.0   -9.0   -9.0   -9.0   -9.0   -9.0 -9 -9 -                        0   0   -9 -         -9  -9  -9  2052 -9.0 -9.00 -9  -5.7  -2.1  -2.0  -0.4   0.4  -9 -9.0 -9  3  2
202501180800 108   5  2.2  -9 -9.0   -9 1015.5 1026.6 -9  -9.0  -4.0  -8.4  71.0   3.2   -9.0   -9.0   -9.0   -9.0   -9.0   -9.0   -9.0 -9 -9 -                        0   0   -9 -         -9  -9  -9  1886  0.0  0.00 -9  -5.7  -2.3  -2.1  -0.4   0.4  -9 -9.0 -9  3  2
202501180900 108   7  1.1  -9 -9.0   -9 1015.4 1026.4  0   0.5  -2.8  -7.7  69.0   3.4   -9.0   -9.0   -9.0   -9.0   -9.0   -9.0   -9.0 -9 -9 -                        0   0   -9 -         -9  -9  -9  1993  0.8  0.33 -9  -4.6  -2.4  -2.3  -0.4   0.3  -9 -9.0 -9  3  2
202501181000 108   5  1.9  -9 -9.0   -9 1015.6 1026.5 -9  -9.0  -0.5  -6.8  62.0   3.7   -9.0   -9.0   -9.0   -9.0   -9.0   -9.0   -9.0 -9 -9 -                        0   0   -9 -         -9  -9  -9  1855  1.0  0.90 -9  -1.2  -2.2  -2.2  -0.5   0.3  -9 -9.0 -9  3  2
202501181100 108   5  1.9  -9 -9.0   -9 1015.3 1026.1 -9  -9.0   2.2  -6.6  52.0   3.7   -9.0   -9.0   -9.0   -9.0   -9.0   -9.0   -9.0 -9 -9 -                        0   0   -9 -         -9  -9  -9  1821  1.0  1.47 -9   0.3  -1.9  -1.9  -0.6   0.2  -9 -9.0 -9  3  2
202501181200 108   5  1.3  -9 -9.0   -9 1014.3 1025.0  8  -1.4   4.4  -6.8  44.0   3.7   -9.0   -9.0   -9.0   -9.0   -9.0   -9.0   -9.0 -9 -9 -                        3   0   -9 Ci         1   0   0  1707  1.0  1.82 -9   3.8  -1.7  -1.5  -0.5   0.3  -9 -9.0 -9  3  2
202501181300 108   7  0.8  -9 -9.0   -9 1013.0 1023.6 -9  -9.0   6.1  -7.1  38.0   3.6   -9.0   -9.0   -9.0   -9.0   -9.0   -9.0   -9.0 -9 -9 -                        6   0   -9 Ci         1   0   0  2047  1.0  1.91 -9   7.1  -1.5  -1.3  -0.5   0.3  -9 -9.0 -9  3  2
202501181400 108  20  2.7  -9 -9.0   -9 1012.0 1022.6 -9  -9.0   7.4  -9.0  30.0   3.1   -9.0   -9.0   -9.0   -9.0   -9.0   -9.0   -9.0 -9 -9 -                        8   0   -9 Ci         1   0   0  2609  1.0  1.72 -9   6.3  -1.3  -1.1  -0.5   0.3  -9 -9.0 -9  3  2
202501181500 108  27  2.2  -9 -9.0   -9 1011.3 1021.9  7  -3.1   6.8  -9.6  30.0   3.0   -9.0   -9.0   -9.0   -9.0   -9.0   -9.0   -9.0 -9 -9 -                        8   0   -9 Ci         1   0   0  2326  0.9  1.20 -9   4.3  -1.1  -1.0  -0.5   0.3  -9 -9.0 -9  3  2
202501181600 108  29  1.8  -9 -9.0   -9 1010.9 1021.5 -9  -9.0   6.8  -9.1  31.0   3.1   -9.0   -9.0   -9.0   -9.0   -9.0   -9.0   -9.0 -9 -9 -                        6   0   -9 Ci         1   0   0  2161  1.0  0.96 -9   2.4  -0.9  -0.9  -0.5   0.3  -9 -9.0 -9  3  2
202501181700 108  27  1.9  -9 -9.0   -9 1010.9 1021.5 -9  -9.0   5.7  -9.7  32.0   2.9   -9.0   -9.0   -9.0   -9.0   -9.0   -9.0   -9.0 -9 -9 -                        8   0   -9 Ci         1   0   0  2213  0.2  0.38 -9  -0.3  -0.8  -0.8  -0.5   0.3  -9 -9.0 -9  3  2
202501181800 108  27  2.3  -9 -9.0   -9 1011.1 1021.8  5  -0.1   4.1  -8.3  40.0   3.3   -9.0   -9.0   -9.0   -9.0   -9.0   -9.0   -9.0 -9 -9 -                        7   0   -9 Ci         1   0   0  1769  0.0  0.06 -9  -0.4  -0.9  -0.8  -0.5   0.3  -9 -9.0 -9  3  2
202501181900 108  27  2.4  -9 -9.0   -9 1011.4 1022.1 -9  -9.0   3.1  -7.7  45.0   3.4   -9.0   -9.0   -9.0   -9.0   -9.0   -9.0   -9.0 -9 -9 -                        6   6   -9 -         -9  -9  -9  2715 -9.0 -9.00 -9  -0.5  -0.9  -0.8  -0.5   0.2  -9 -9.0 -9  3 -9
202501182000 108  25  1.0  -9 -9.0   -9 1011.1 1021.9 -9  -9.0   2.1  -7.0  51.0   3.6   -9.0   -9.0   -9.0   -9.0   -9.0   -9.0   -9.0 -9 -9 -                        0   0   -9 -         -9  -9  -9  2550 -9.0 -9.00 -9  -0.8  -0.9  -0.8  -0.7   0.0  -9 -9.0 -9  3 -9
202501182100 108  27  1.1  -9 -9.0   -9 1010.9 1021.7  8  -0.1   1.2  -6.8  55.0   3.7   -9.0   -9.0   -9.0   -9.0   -9.0   -9.0   -9.0 -9 -9 -                        0   0   -9 -         -9  -9  -9  2350 -9.0 -9.00 -9  -1.1  -1.1  -0.8  -0.7   0.1  -9 -9.0 -9  3  2
202501182200 108  27  0.5  -9 -9.0   -9 1010.6 1021.4 -9  -9.0   0.7  -5.9  61.0   3.9   -9.0   -9.0   -9.0   -9.0   -9.0   -9.0   -9.0 -9 -9 -                        0   0   -9 -         -9  -9  -9  2371 -9.0 -9.00 -9  -1.3  -1.0  -0.8  -0.7   0.0  -9 -9.0 -9  3 -9
202501182300 108  34  0.6  -9 -9.0   -9 1010.2 1021.0 -9  -9.0   0.1  -5.9  64.0   3.9   -9.0   -9.0   -9.0   -9.0   -9.0   -9.0   -9.0 -9 -9 -                        0   0   -9 -         -9  -9  -9  2310 -9.0 -9.00 -9  -1.9  -0.9  -0.9  -0.7   0.0  -9 -9.0 -9  3 -9
202501190000 108   2  1.6  -9 -9.0   -9 1010.0 1020.9  7  -0.8  -0.2  -6.2  64.0   3.8   -9.0   -9.0   -9.0   -9.0   -9.0   -9.0   -9.0 -9 -9 -                        0   0   -9 -         -9  -9  -9  2497 -9.0 -9.00 -9  -2.6  -1.0  -0.9  -0.7   0.0  -9 -9.0 -9  3  2
202501190100 108   5  1.3  -9 -9.0   -9 1009.9 1020.8 -9  -9.0  -0.7  -7.0  62.0   3.6   -9.0   -9.0   -9.0   -9.0   -9.0   -9.0   -9.0 -9 -9 -                        0   0   -9 -         -9  -9  -9  2113 -9.0 -9.00 -9  -3.3  -1.3  -1.0  -0.7   0.0  -9 -9.0 -9  3 -9
202501190200 108   2  2.0  -9 -9.0   -9 1009.7 1020.6 -9  -9.0  -1.1  -6.8  65.0   3.7   -9.0   -9.0   -9.0   -9.0   -9.0   -9.0   -9.0 -9 -9 -                        0   0   -9 -         -9  -9  -9  2031 -9.0 -9.00 -9  -2.9  -1.4  -1.1  -0.7   0.0  -9 -9.0 -9  3 -9
202501190300 108   2  2.2  -9 -9.0   -9 1009.0 1019.9  7  -1.0  -0.6  -6.1  66.0   3.9   -9.0   -9.0   -9.0   -9.0   -9.0   -9.0   -9.0 -9 -9 -                        8   8    9 Sc         0   0   5  1997 -9.0 -9.00 -9  -2.2  -1.4  -1.2  -0.7   0.1  -9 -9.0 -9  3  2
202501190400 108   7  2.1  -9 -9.0   -9 1008.4 1019.2 -9  -9.0   0.0  -6.2  63.0   3.8   -9.0   -9.0   -9.0   -9.0   -9.0   -9.0   -9.0 -9 -9 -                        9   9   10 Sc         0   0   5  2031 -9.0 -9.00 -9  -1.8  -1.4  -1.1  -0.7   0.1  -9 -9.0 -9  3  2
202501190500 108   7  3.0  -9 -9.0   -9 1007.9 1018.7 -9  -9.0   0.3  -7.2  57.0   3.6   -9.0   -9.0   -9.0   -9.0   -9.0   -9.0   -9.0 -9 -9 -                        9   9   11 Sc         0   0   5  2030 -9.0 -9.00 -9  -1.7  -1.5  -1.1  -0.7   0.1  -9 -9.0 -9  3  2
202501190600 108   7  1.8  -9 -9.0   -9 1007.8 1018.6  7  -1.3   0.5  -7.0  57.0   3.6   -9.0   -9.0   -9.0   -9.0   -9.0   -9.0   -9.0 -9 -9 -                        8   8   11 Sc         0   0   5  2079 -9.0 -9.00 -9  -1.7  -1.4  -1.1  -0.7   0.1  -9 -9.0 -9  3  2
202501190700 108   5  1.6  -9 -9.0   -9 1007.7 1018.5 -9  -9.0   0.5  -6.6  59.0   3.7   -9.0   -9.0   -9.0   -9.0   -9.0   -9.0   -9.0 -9 -9 -                        4   4    9 Sc         0   0   5  2153 -9.0 -9.00 -9  -2.1  -1.4  -1.1  -0.7   0.0  -9 -9.0 -9  3  2
202501190800 108   5  1.7  -9 -9.0   -9 1007.8 1018.6 -9  -9.0   0.9  -6.0  60.0   3.9   -9.0   -9.0   -9.0   -9.0   -9.0   -9.0   -9.0 -9 -9 -                        7   7    8 Sc         0   0   5  2170  0.0  0.01 -9  -1.6  -1.4  -1.1  -0.7   0.1  -9 -9.0 -9  3  2
202501190900 108   5  2.7  -9 -9.0   -9 1007.8 1018.6  4   0.0   1.2  -5.2  62.0   4.2   -9.0   -9.0   -9.0   -9.0   -9.0   -9.0   -9.0 -9 -9 -                        9   9    8 Sc         0   0   5  1940  0.0  0.11 -9  -1.3  -1.4  -1.0  -0.7   0.1  -9 -9.0 -9  3  2
202501191000 108   5  2.2  -9 -9.0   -9 1007.9 1018.6 -9  -9.0   2.1  -4.6  61.0   4.3   -9.0   -9.0   -9.0   -9.0   -9.0   -9.0   -9.0 -9 -9 -                        8   8    7 Sc         0   0   5  1827  0.1  0.30 -9  -0.7  -1.4  -1.0  -0.7   0.0  -9 -9.0 -9  3  2
202501191100 108   7  2.4  -9 -9.0   -9 1007.7 1018.4 -9  -9.0   3.1  -4.6  57.0   4.3   -9.0   -9.0   -9.0   -9.0   -9.0   -9.0   -9.0 -9 -9 -                        6   6    7 Sc         0   0   5  1739  0.3  0.70 -9  -0.4  -1.4  -1.0  -0.7   0.0  -9 -9.0 -9  3  2
202501191200 108   5  2.6  -9 -9.0   -9 1006.7 1017.3  7  -1.3   4.9  -4.1  52.0   4.5   -9.0   -9.0   -9.0   -9.0   -9.0   -9.0   -9.0 -9 -9 -                        7   5    7 ScCi       1   0   5  1677  0.6  1.34 -9   2.3  -1.5  -0.9  -0.7   0.0  -9 -9.0 -9  3  2
202501191300 108   7  1.8  -9 -9.0   -9 1005.5 1016.0 -9  -9.0   6.7  -3.2  49.0   4.8   -9.0   -9.0   -9.0   -9.0   -9.0   -9.0   -9.0 -9 -9 -                        6   6   10 Sc         0   0   5  1629  1.0  1.86 -9   7.5  -1.7  -0.9  -0.7   0.0  -9 -9.0 -9  3  2
202501191400 108  18  2.1  -9 -9.0   -9 1004.6 1015.0 -9  -9.0   8.4  -1.4  50.0   5.5   -9.0   -9.0   -9.0   -9.0   -9.0   -9.0   -9.0 -9 -9 -                        5   5   12 Sc         0   0   5  1788  0.7  1.49 -9   6.0  -1.4  -0.8  -0.7   0.1  -9 -9.0 -9  3  2
202501191500 108  20  2.9  -9 -9.0   -9 1004.2 1014.6  7  -2.7   8.8   0.2  55.0   6.2   -9.0   -9.0   -9.0   -9.0   -9.0   -9.0   -9.0 -9 -9 -                        7   3    9 ScCi       1   0   5  1743  0.7  1.22 -9   6.0  -1.4  -0.8  -0.7   0.0  -9 -9.0 -9  3  2
202501191600 108  25  1.9  -9 -9.0   -9 1004.1 1014.6 -9  -9.0   8.2   0.6  59.0   6.4   -9.0   -9.0   -9.0   -9.0   -9.0   -9.0   -9.0 -9 -9 -                        7   7   10 Sc         0   0   5  1545  0.3  0.65 -9   2.6  -1.2  -0.8  -0.7   0.1  -9 -9.0 -9  3  2
202501191700 108  27  2.4  -9 -9.0   -9 1004.2 1014.7 -9  -9.0   7.7   1.0  63.0   6.6   -9.0   -9.0   -9.0   -9.0   -9.0   -9.0   -9.0 -9 -9 -                        6   6    9 Sc         0   0   5  1386  0.0  0.21 -9   1.4  -1.1  -0.8  -0.7   0.0  -9 -9.0 -9  3  2
202501191800 108  29  1.5  -9 -9.0   -9 1004.3 1014.8  2   0.2   6.8   1.2  68.0   6.7   -9.0   -9.0   -9.0   -9.0   -9.0   -9.0   -9.0 -9 -9 -                        6   6   11 Sc         0   0   5  1243  0.0  0.04 -9  -0.3  -1.0  -0.7  -0.7   0.0  -9 -9.0 -9  3  2
202501191900 108  29  1.3  -9 -9.0   -9 1004.9 1015.4 -9  -9.0   6.0   1.5  73.0   6.8   -9.0   -9.0   -9.0   -9.0   -9.0   -9.0   -9.0 -9 -9 -                        0   0   -9 -         -9  -9  -9  1097 -9.0 -9.00 -9  -0.4  -1.0  -0.7  -0.7   0.0  -9 -9.0 -9  3 -9
202501192000 108  27  1.0  -9 -9.0   -9 1005.1 1015.7 -9  -9.0   5.5   1.4  75.0   6.8   -9.0   -9.0   -9.0   -9.0   -9.0   -9.0   -9.0 -9 -9 -                        5   5    9 -         -9  -9  -9  1009 -9.0 -9.00 -9  -0.4  -1.1  -0.7  -0.7   0.0  -9 -9.0 -9  3 -9
202501192100 108  27  1.2  -9 -9.0   -9 1005.3 1015.9  2   1.1   5.3   1.7  78.0   6.9   -9.0   -9.0   -9.0   -9.0   -9.0   -9.0   -9.0 10 22 19                       8   8    9 Sc         0   0   5   921 -9.0 -9.00 -9  -0.4  -1.1  -0.7  -0.7   0.0  -9 -9.0 -9  3  1
202501192200 108  29  0.5  -9 -9.0   -9 1005.1 1015.7 -9  -9.0   4.8   1.8  81.0   7.0   -9.0   -9.0   -9.0   -9.0   -9.0   -9.0   -9.0 -9 -9 19                       0   0   -9 -         -9  -9  -9   848 -9.0 -9.00 -9  -0.4  -1.0  -0.7  -0.7   0.0  -9 -9.0 -9  3  2
202501192300 108  32  0.5  -9 -9.0   -9 1005.1 1015.7 -9  -9.0   4.3   1.6  83.0   6.9   -9.0   -9.0   -9.0   -9.0   -9.0   -9.0   -9.0 -9 -9 19                       0   0   -9 -         -9  -9  -9   777 -9.0 -9.00 -9  -0.4  -1.0  -0.7  -0.7   0.0  -9 -9.0 -9  3  2
202501200000 108   5  2.2  -9 -9.0   -9 1005.0 1015.6  7  -0.3   3.8   1.0  82.0   6.6   -9.0   -9.0   -9.0   -9.0   -9.0   -9.0   -9.0 10 22 19                       6   6    8 Sc         0   0   5   747 -9.0 -9.00 -9  -0.4  -1.0  -0.7  -0.7   0.0  -9 -9.0 -9  3  1
202501200100 108   2  1.4  -9 -9.0   -9 1004.8 1015.5 -9  -9.0   3.1   0.3  82.0   6.2   -9.0   -9.0   -9.0   -9.0   -9.0   -9.0   -9.0 -9 -9 19                       0   0   -9 -         -9  -9  -9   721 -9.0 -9.00 -9  -0.5  -1.0  -0.7  -0.7   0.0  -9 -9.0 -9  3  2
202501200200 108   5  1.3  -9 -9.0   -9 1004.7 1015.4 -9  -9.0   3.0   0.3  83.0   6.2   -9.0   -9.0   -9.0   -9.0   -9.0   -9.0   -9.0 -9 -9 19                       9   4    6 -         -9  -9  -9   692 -9.0 -9.00 -9  -0.5  -1.0  -0.7  -0.7   0.1  -9 -9.0 -9  3  2
202501200300 108   5  0.6  -9 -9.0   -9 1004.7 1015.4  6  -0.2   3.2   0.4  82.0   6.3    0.0    0.0    0.0   -9.0   -9.0   -9.0   -9.0 21 62 1901                     9   9    6 Sc         0   0   5   720 -9.0 -9.00 -9  -0.5  -1.0  -0.7  -0.7   0.0  -9 -9.0 -9  4  1
202501200400 108   5  1.4  -9 -9.0   -9 1004.0 1014.6 -9  -9.0   3.4   0.6  82.0   6.4   -9.0    0.0    0.0   -9.0   -9.0   -9.0   -9.0 10 22 19                       9   9    5 Sc         0   0   5   682 -9.0 -9.00 -9  -0.4  -1.0  -0.7  -0.7   0.0  -9 -9.0 -9  3  1
202501200500 108   2  1.5  -9 -9.0   -9 1003.7 1014.3 -9  -9.0   3.6   0.4  80.0   6.3   -9.0    0.0    0.0   -9.0   -9.0   -9.0   -9.0 10 22 19                       9   9    5 Sc         0   0   5   693 -9.0 -9.00 -9  -0.4  -1.0  -0.7  -0.7   0.0  -9 -9.0 -9  3  1
202501200600 108   2  1.8  -9 -9.0   -9 1003.9 1014.5  5  -0.9   3.7   0.5  80.0   6.3   -9.0    0.0    0.0   -9.0   -9.0   -9.0   -9.0 10 22 19                       9   9    5 Sc         0   0   5   684 -9.0 -9.00 -9  -0.4  -1.0  -0.7  -0.7   0.0  -9 -9.0 -9  3  1
202501200700 108   5  1.4  -9 -9.0   -9 1004.3 1014.9 -9  -9.0   3.3   0.3  81.0   6.2   -9.0    0.0    0.0   -9.0   -9.0   -9.0   -9.0 10 22 19                       7   7    8 Sc         0   0   5   653 -9.0 -9.00 -9  -0.4  -1.0  -0.7  -0.7   0.0  -9 -9.0 -9  3  1
202501200800 108   5  1.7  -9 -9.0   -9 1004.5 1015.2 -9  -9.0   3.1   0.3  82.0   6.2   -9.0    0.0    0.0   -9.0   -9.0   -9.0   -9.0 10 22 19                       9   9    4 Sc         0   0   5   600  0.0  0.01 -9  -0.4  -1.0  -0.6  -0.7   0.0  -9 -9.0 -9  3  1
202501200900 108   5  0.8  -9 -9.0   -9 1004.9 1015.6  2   1.1   3.3   0.5  82.0   6.3   -9.0    0.0    0.0   -9.0   -9.0   -9.0   -9.0 10 22 19                       8   8    4 Sc         0   0   5   495  0.0  0.12 -9  -0.4  -1.0  -0.6  -0.6   0.1  -9 -9.0 -9  3  1
202501201000 108  18  2.6  -9 -9.0   -9 1005.4 1016.0 -9  -9.0   4.3   0.6  77.0   6.4   -9.0    0.0    0.0   -9.0   -9.0   -9.0   -9.0 10 22 19                       8   8    5 Sc         0   0   5   315  0.0  0.51 -9  -0.4  -1.1  -0.7  -0.7   0.0  -9 -9.0 -9  3  1
202501201100 108  20  1.8  -9 -9.0   -9 1005.7 1016.3 -9  -9.0   4.6   0.9  77.0   6.5   -9.0    0.0    0.0   -9.0   -9.0   -9.0   -9.0 10 22 19                       9   9    6 Sc         0   0   5   258  0.1  0.52 -9   2.1  -1.1  -0.6  -0.6   0.1  -9 -9.0 -9  3  1
202501201200 108  25  2.4  -9 -9.0   -9 1005.2 1015.8  0   0.2   5.0  -0.2  69.0   6.0   -9.0    0.0    0.0   -9.0   -9.0   -9.0   -9.0  5 22 4019                     8   8    6 Sc         0   0   5   333  0.0  0.79 -9   3.8  -1.2  -0.6  -0.7   0.1  -9 -9.0 -9  3  1
202501201300 108  25  1.7  -9 -9.0   -9 1004.4 1014.9 -9  -9.0   6.1   0.0  65.0   6.1   -9.0    0.0    0.0   -9.0   -9.0   -9.0   -9.0  5 22 40                       8   8    8 Sc         0   0   5   366  0.5  1.32 -9   6.6  -1.4  -0.6  -0.7   0.0  -9 -9.0 -9  3  1
202501201400 108  20  2.1  -9 -9.0   -9 1004.1 1014.6 -9  -9.0   7.0  -0.7  58.0   5.8   -9.0    0.0    0.0   -9.0   -9.0   -9.0   -9.0  5 22 40                       7   7    9 Sc         0   0   5   401  0.8  1.64 -9   7.0  -1.3  -0.6  -0.6   0.0  -9 -9.0 -9  3  1
202501201500 108  18  1.9  -9 -9.0   -9 1004.0 1014.5  7  -1.3   7.3  -1.1  55.0   5.6   -9.0    0.0    0.0   -9.0   -9.0   -9.0   -9.0  5 11 40                       4   4    9 Sc         0   0   5   429  0.8  1.26 -9   5.6  -1.2  -0.6  -0.6   0.0  -9 -9.0 -9  3  1
202501201600 108  23  1.6  -9 -9.0   -9 1004.5 1015.0 -9  -9.0   7.2  -2.0  52.0   5.3   -9.0    0.0    0.0   -9.0   -9.0   -9.0   -9.0  5  0 40                       4   4   10 Sc         0   0   5   510  1.0  0.91 -9   3.7  -1.1  -0.6  -0.6   0.1  -9 -9.0 -9  3  1
202501201700 108  23  2.2  -9 -9.0   -9 1005.0 1015.5 -9  -9.0   6.1  -2.5  54.0   5.1   -9.0    0.0    0.0   -9.0   -9.0   -9.0   -9.0  5  0 40                       1   1   12 Sc         0   0   5   551  0.6  0.41 -9   0.5  -1.0  -0.6  -0.6   0.0  -9 -9.0 -9  3  1
202501201800 108  27  1.9  -9 -9.0   -9 1005.8 1016.4  2   1.9   4.8  -2.0  61.0   5.3   -9.0    0.0    0.0   -9.0   -9.0   -9.0   -9.0  5  0 40                       0   0   -9 -         -9  -9  -9   439  0.0  0.06 -9  -0.4  -0.9  -0.6  -0.7   0.0  -9 -9.0 -9  3  1
202501201900 108  27  1.3  -9 -9.0   -9 1006.5 1017.1 -9  -9.0   3.9  -1.8  66.0   5.4   -9.0    0.0    0.0   -9.0   -9.0   -9.0   -9.0 -9 -9 40                       0   0   -9 -         -9  -9  -9   370 -9.0 -9.00 -9  -0.4  -1.0  -0.6  -0.6   0.0  -9 -9.0 -9  3  2
202501202000 108  27  1.4  -9 -9.0   -9 1007.0 1017.7 -9  -9.0   2.9  -2.0  70.0   5.3   -9.0    0.0    0.0   -9.0   -9.0   -9.0   -9.0 -9 -9 40                       0   0   -9 -         -9  -9  -9   343 -9.0 -9.00 -9  -0.5  -0.9  -0.6  -0.6   0.1  -9 -9.0 -9  3  2
202501202100 108  32  1.5  -9 -9.0   -9 1007.6 1018.3  2   1.9   2.6  -1.5  74.0   5.5   -9.0    0.0    0.0   -9.0   -9.0   -9.0   -9.0  5  0 40                       0   0   -9 -         -9  -9  -9   327 -9.0 -9.00 -9  -0.6  -0.9  -0.6  -0.7   0.1  -9 -9.0 -9  3  1
202501202200 108  27  1.7  -9 -9.0   -9 1008.1 1018.8 -9  -9.0   1.9  -1.8  76.0   5.4   -9.0    0.0    0.0   -9.0   -9.0   -9.0   -9.0 -9 -9 40                       0   0   -9 -         -9  -9  -9   296 -9.0 -9.00 -9  -0.7  -0.9  -0.6  -0.6   0.0  -9 -9.0 -9  3  2
202501202300 108  27  1.3  -9 -9.0   -9 1008.3 1019.1 -9  -9.0   1.4  -1.8  79.0   5.4   -9.0    0.0    0.0   -9.0   -9.0   -9.0   -9.0 -9 -9 40                       0   0   -9 -         -9  -9  -9   273 -9.0 -9.00 -9  -0.8  -1.0  -0.6  -0.7   0.0  -9 -9.0 -9  3  2
202501210000 108  27  1.3  -9 -9.0   -9 1008.5 1019.3  2   1.0   0.9  -1.8  82.0   5.4   -9.0    0.0    0.0   -9.0   -9.0   -9.0   -9.0 10  0 4019                     0   0   -9 -         -9  -9  -9   254 -9.0 -9.00 -9  -0.9  -0.9  -0.6  -0.7   0.1  -9 -9.0 -9  3  1
202501210100 108  27  1.4  -9 -9.0   -9 1008.7 1019.5 -9  -9.0   0.7  -1.8  83.0   5.4   -9.0   -9.0   -9.0   -9.0   -9.0   -9.0   -9.0 -9 -9 19                       0   0   -9 -         -9  -9  -9   237 -9.0 -9.00 -9  -1.0  -0.9  -0.6  -0.6   0.1  -9 -9.0 -9  3  2
202501210200 108   2  1.4  -9 -9.0   -9 1009.0 1019.8 -9  -9.0   0.4  -2.1  83.0   5.2   -9.0   -9.0   -9.0   -9.0   -9.0   -9.0   -9.0 -9 -9 19                       0   0   -9 -         -9  -9  -9   256 -9.0 -9.00 -9  -1.1  -0.9  -0.6  -0.7   0.0  -9 -9.0 -9  3  2
202501210300 108   2  1.6  -9 -9.0   -9 1009.4 1020.2  2   0.9   0.2  -2.0  85.0   5.3   -9.0   -9.0   -9.0   -9.0   -9.0   -9.0   -9.0 10  0 19                       0   0   -9 -         -9  -9  -9   250 -9.0 -9.00 -9  -1.2  -0.9  -0.6  -0.7   0.0  -9 -9.0 -9  3  1
202501210400 108   2  2.0  -9 -9.0   -9 1009.4 1020.2 -9  -9.0  -0.1  -2.1  86.0   5.2   -9.0   -9.0   -9.0   -9.0   -9.0   -9.0   -9.0 10  0 19                       0   0   -9 -         -9  -9  -9   236 -9.0 -9.00 -9  -1.3  -0.9  -0.6  -0.7   0.0  -9 -9.0 -9  3  1
202501210500 108   2  1.5  -9 -9.0   -9 1009.6 1020.5 -9  -9.0  -0.3  -2.2  87.0   5.2   -9.0   -9.0   -9.0   -9.0   -9.0   -9.0   -9.0 10  0 19                       0   0   -9 -         -9  -9  -9   235 -9.0 -9.00 -9  -1.5  -0.9  -0.6  -0.7   0.0  -9 -9.0 -9  3  1
202501210600 108   2  1.6  -9 -9.0   -9 1009.7 1020.6  2   0.4  -0.6  -2.3  88.0   5.2   -9.0   -9.0   -9.0   -9.0   -9.0   -9.0   -9.0 10  0 19                       0   0   -9 -         -9  -9  -9   219 -9.0 -9.00 -9  -1.8  -0.9  -0.6  -0.7   0.0  -9 -9.0 -9  3  1
202501210700 108   5  1.6  -9 -9.0   -9 1010.4 1021.3 -9  -9.0  -0.7  -2.2  89.0   5.2   -9.0   -9.0   -9.0   -9.0   -9.0   -9.0   -9.0 10  0 19                       0   0   -9 -         -9  -9  -9   226 -9.0 -9.00 -9  -2.1  -0.9  -0.6  -0.7   0.0  -9 -9.0 -9  3  1
202501210800 108   2  2.0  -9 -9.0   -9 1010.6 1021.5 -9  -9.0  -0.9  -2.3  90.0   5.2   -9.0   -9.0   -9.0   -9.0   -9.0   -9.0   -9.0 10  0 19                       0   0   -9 -         -9  -9  -9   195  0.0  0.00 -9  -2.3  -0.9  -0.6  -0.7   0.0  -9 -9.0 -9  3  1
202501210900 108   2  1.8  -9 -9.0   -9 1011.3 1022.2  2   1.6  -0.3  -1.7  90.0   5.4   -9.0   -9.0   -9.0   -9.0   -9.0   -9.0   -9.0 10  0 19                       0   0   -9 -         -9  -9  -9   214  0.0  0.22 -9  -1.3  -1.0  -0.6  -0.7   0.0  -9 -9.0 -9  3  1
202501211000 108  36  1.2  -9 -9.0   -9 1011.8 1022.6 -9  -9.0   1.1  -0.8  87.0   5.8   -9.0   -9.0   -9.0   -9.0   -9.0   -9.0   -9.0 10  0 19                       0   0   -9 -         -9  -9  -9   227  0.8  0.53 -9  -0.6  -1.0  -0.6  -0.7   0.0  -9 -9.0 -9  3  1
202501211100 108  20  1.8  -9 -9.0   -9 1011.9 1022.6 -9  -9.0   3.2   0.2  81.0   6.2   -9.0   -9.0   -9.0   -9.0   -9.0   -9.0   -9.0 10  0 19                       0   0   -9 -         -9  -9  -9   236  0.9  1.11 -9   0.0  -1.1  -0.6  -0.7   0.0  -9 -9.0 -9  3  1
202501211200 108  20  2.3  -9 -9.0   -9 1011.8 1022.5  0   0.3   4.8   1.1  77.0   6.6   -9.0   -9.0   -9.0   -9.0   -9.0   -9.0   -9.0 10  0 19                       3   3    8 Sc         0   0   5   243  1.0  1.54 -9   1.7  -1.2  -0.6  -0.7   0.0  -9 -9.0 -9  3  1
202501211300 108  25  2.3  -9 -9.0   -9 1011.3 1021.9 -9  -9.0   5.5   1.2  74.0   6.7   -9.0   -9.0   -9.0   -9.0   -9.0   -9.0   -9.0 10  0 19                       4   4    8 Sc         0   0   5   247  0.9  1.70 -9   3.6  -1.3  -0.6  -0.7   0.0  -9 -9.0 -9  3  1
202501211400 108  23  1.8  -9 -9.0   -9 1010.9 1021.5 -9  -9.0   6.3   0.6  67.0   6.4   -9.0   -9.0   -9.0   -9.0   -9.0   -9.0   -9.0  5  0 4019                     4   0   -9 Ci         1   0   0   317  1.0  1.63 -9   5.4  -1.2  -0.6  -0.7   0.0  -9 -9.0 -9  3  1
202501211500 108  23  1.6  -9 -9.0   -9 1010.9 1021.5  6  -1.0   6.1   0.0  65.0   6.1   -9.0   -9.0   -9.0   -9.0   -9.0   -9.0   -9.0  5  0 40                       7   0   -9 Ci         1   0   0   323  0.7  1.09 -9   4.4  -1.1  -0.6  -0.7   0.0  -9 -9.0 -9  3  1
202501211600 108  29  2.3  -9 -9.0   -9 1011.0 1021.6 -9  -9.0   5.7   0.2  68.0   6.2   -9.0   -9.0   -9.0   -9.0   -9.0   -9.0   -9.0  5  0 40                       4   0   -9 Ci         1   0   0   295  0.7  0.64 -9   2.3  -1.0  -0.6  -0.7   0.0  -9 -9.0 -9  3  1
202501211700 108  29  1.0  -9 -9.0   -9 1011.0 1021.6 -9  -9.0   5.2   0.1  70.0   6.2   -9.0   -9.0   -9.0   -9.0   -9.0   -9.0   -9.0  5  0 40                       0   0   -9 -         -9  -9  -9   295  0.4  0.38 -9   0.3  -0.9  -0.6  -0.7   0.0  -9 -9.0 -9  3  1
202501211800 108  32  0.5  -9 -9.0   -9 1011.2 1021.9  2   0.4   4.2  -0.2  73.0   6.0   -9.0   -9.0   -9.0   -9.0   -9.0   -9.0   -9.0  5  0 40                       0   0   -9 -         -9  -9  -9   276  0.0  0.06 -9  -0.4  -0.9  -0.6  -0.7   0.0  -9 -9.0 -9  3  1
202501211900 108  27  1.6  -9 -9.0   -9 1011.8 1022.5 -9  -9.0   3.2   0.0  79.0   6.1   -9.0   -9.0   -9.0   -9.0   -9.0   -9.0   -9.0 -9 -9 40                       0   0   -9 -         -9  -9  -9   261 -9.0 -9.00 -9  -0.4  -0.9  -0.6  -0.7   0.0  -9 -9.0 -9  3  2
202501212000 108  29  1.4  -9 -9.0   -9 1012.0 1022.8 -9  -9.0   2.7  -0.4  80.0   5.9   -9.0   -9.0   -9.0   -9.0   -9.0   -9.0   -9.0 -9 -9 4019                     0   0   -9 -         -9  -9  -9   265 -9.0 -9.00 -9  -0.5  -0.9  -0.6  -0.7   0.0  -9 -9.0 -9  3  2
202501212100 108   0  0.4  -9 -9.0   -9 1012.1 1022.9  2   1.0   2.2  -0.5  82.0   5.9   -9.0   -9.0   -9.0   -9.0   -9.0   -9.0   -9.0 10  0 19                       0   0   -9 -         -9  -9  -9   260 -9.0 -9.00 -9  -0.7  -0.9  -0.6  -0.7   0.0  -9 -9.0 -9  3  1
202501212200 108  25  0.5  -9 -9.0   -9 1012.4 1023.2 -9  -9.0   2.2  -1.1  79.0   5.6   -9.0   -9.0   -9.0   -9.0   -9.0   -9.0   -9.0 -9 -9 19                       5   5    9 -         -9  -9  -9   406 -9.0 -9.00 -9  -0.6  -0.9  -0.6  -0.7   0.0  -9 -9.0 -9  3  2
202501212300 108  36  1.2  -9 -9.0   -9 1012.4 1023.2 -9  -9.0   2.3  -1.1  78.0   5.6   -9.0   -9.0   -9.0   -9.0   -9.0   -9.0   -9.0 -9 -9 19                       7   7    8 -         -9  -9  -9   451 -9.0 -9.00 -9  -0.5  -0.9  -0.6  -0.7   0.0  -9 -9.0 -9  3  2
202501220000 108   5  2.1  -9 -9.0   -9 1012.3 1023.1  0   0.2   2.4  -1.0  78.0   5.7   -9.0   -9.0   -9.0   -9.0   -9.0   -9.0   -9.0 10 22 19                       8   8   11 Sc         0   0   5   448 -9.0 -9.00 -9  -0.5  -0.9  -0.6  -0.7   0.0  -9 -9.0 -9  3  1
202501220100 108   5  1.7  -9 -9.0   -9 1012.2 1023.0 -9  -9.0   2.5  -1.1  77.0   5.6   -9.0   -9.0   -9.0   -9.0   -9.0   -9.0   -9.0 -9 -9 19                       6   6    8 -         -9  -9  -9   399 -9.0 -9.00 -9  -0.5  -0.9  -0.6  -0.6   0.0  -9 -9.0 -9  3  2
202501220200 108   5  1.5  -9 -9.0   -9 1012.2 1023.0 -9  -9.0   2.4  -1.2  77.0   5.6   -9.0   -9.0   -9.0   -9.0   -9.0   -9.0   -9.0 -9 -9 19                       7   7    7 -         -9  -9  -9   396 -9.0 -9.00 -9  -0.5  -0.9  -0.6  -0.6   0.0  -9 -9.0 -9  3  2
202501220300 108  36  1.7  -9 -9.0   -9 1012.2 1023.0  6  -0.1   2.2  -1.2  78.0   5.6   -9.0   -9.0   -9.0   -9.0   -9.0   -9.0   -9.0 10 22 19                       7   7    6 Sc         0   0   5   393 -9.0 -9.00 -9  -0.5  -0.9  -0.6  -0.6   0.1  -9 -9.0 -9  3  1
202501220400 108   2  1.8  -9 -9.0   -9 1012.0 1022.8 -9  -9.0   2.3  -1.1  78.0   5.6   -9.0   -9.0   -9.0   -9.0   -9.0   -9.0   -9.0 10 22 19                       8   8    5 Sc         0   0   5   377 -9.0 -9.00 -9  -0.5  -0.9  -0.6  -0.6   0.1  -9 -9.0 -9  3  1
202501220500 108   2  2.0  -9 -9.0   -9 1012.0 1022.8 -9  -9.0   2.4  -1.0  78.0   5.7   -9.0   -9.0   -9.0   -9.0   -9.0   -9.0   -9.0 10 22 19                       8   8    5 Sc         0   0   5   384 -9.0 -9.00 -9  -0.5  -0.9  -0.6  -0.6   0.1  -9 -9.0 -9  3  1
202501220600 108  23  1.8  -9 -9.0   -9 1012.3 1023.0  4   0.0   3.2   0.5  83.0   6.3   -9.0   -9.0   -9.0   -9.0   -9.0   -9.0   -9.0 10 22 19                       8   8    5 Sc         0   0   5   458 -9.0 -9.00 -9  -0.5  -0.9  -0.6  -0.6   0.0  -9 -9.0 -9  3  1
202501220700 108  25  2.0  -9 -9.0   -9 1012.6 1023.3 -9  -9.0   3.4   0.9  84.0   6.5   -9.0   -9.0   -9.0   -9.0   -9.0   -9.0   -9.0 10 22 19                       8   8    3 St         0   0   6   403 -9.0 -9.00 -9  -0.4  -0.9  -0.6  -0.6   0.0  -9 -9.0 -9  3  1
202501220800 108  25  0.9  -9 -9.0   -9 1012.9 1023.7 -9  -9.0   2.9   0.6  85.0   6.4   -9.0   -9.0   -9.0   -9.0   -9.0   -9.0   -9.0 10 22 19                       6   4   10 ScCi       1   0   5   325  0.0  0.00 -9  -0.4  -0.9  -0.6  -0.6   0.1  -9 -9.0 -9  3  1
202501220900 108  29  1.3  -9 -9.0   -9 1013.3 1024.1  2   1.1   3.0   1.2  88.0   6.7   -9.0   -9.0   -9.0   -9.0   -9.0   -9.0   -9.0 10 22 19                       7   7    5 Sc         0   0   5   311  0.0  0.25 -9  -0.5  -0.9  -0.6  -0.6   0.1  -9 -9.0 -9  3  1
202501221000 108  27  2.0  -9 -9.0   -9 1013.9 1024.6 -9  -9.0   3.4   1.4  87.0   6.8   -9.0   -9.0   -9.0   -9.0   -9.0   -9.0   -9.0 10 22 19                       8   8    6 Sc         0   0   5   275  0.0  0.44 -9  -0.5  -1.0  -0.6  -0.6   0.0  -9 -9.0 -9  3  1
202501221100 108  25  1.4  -9 -9.0   -9 1013.7 1024.4 -9  -9.0   3.9   1.1  82.0   6.6   -9.0   -9.0   -9.0   -9.0   -9.0   -9.0   -9.0 10 22 19                       7   7    6 Sc         0   0   5   332  0.0  0.54 -9  -0.1  -1.0  -0.6  -0.6   0.1  -9 -9.0 -9  3  1
202501221200 108  25  1.7  -9 -9.0   -9 1013.5 1024.1  4   0.0   5.7   1.6  75.0   6.9   -9.0   -9.0   -9.0   -9.0   -9.0   -9.0   -9.0 10 11 19                       3   3    6 Sc         0   0   5   416  0.5  1.36 -9   4.7  -1.2  -0.6  -0.6   0.0  -9 -9.0 -9  3  1
202501221300 108  20  1.9  -9 -9.0   -9 1013.0 1023.6 -9  -9.0   6.7   0.5  65.0   6.3   -9.0   -9.0   -9.0   -9.0   -9.0   -9.0   -9.0  5 22 4019                     6   1    7 ScCi       1   0   5   536  1.0  1.94 -9   9.5  -1.3  -0.6  -0.6   0.1  -9 -9.0 -9  3  1
202501221400 108  23  2.8  -9 -9.0   -9 1012.6 1023.2 -9  -9.0   7.3  -4.1  44.0   4.5   -9.0   -9.0   -9.0   -9.0   -9.0   -9.0   -9.0  5  0 40                       3   0   -9 Ci         1   0   0   990  1.0  1.90 -9   9.0  -1.2  -0.6  -0.6   0.0  -9 -9.0 -9  3  1
202501221500 108  25  2.9  -9 -9.0   -9 1012.5 1023.1  7  -1.0   7.5  -2.5  49.0   5.1   -9.0   -9.0   -9.0   -9.0   -9.0   -9.0   -9.0  5  0 40                       2   0   -9 Ci         1   0   0   736  1.0  1.42 -9   6.4  -1.1  -0.6  -0.6   0.1  -9 -9.0 -9  3  1
202501221600 108  25  3.0  -9 -9.0   -9 1012.5 1023.1 -9  -9.0   7.0  -4.7  43.0   4.3   -9.0   -9.0   -9.0   -9.0   -9.0   -9.0   -9.0 -9 -9 40                       6   0   -9 Ci         1   0   0  1028  1.0  0.93 -9   2.9  -1.1  -0.6  -0.6   0.1  -9 -9.0 -9  3  2
202501221700 108  25  2.7  -9 -9.0   -9 1012.7 1023.3 -9  -9.0   6.1  -4.9  45.0   4.2   -9.0   -9.0   -9.0   -9.0   -9.0   -9.0   -9.0 -9 -9 -                        4   0   -9 Ci         1   0   0  1102  1.0  0.57 -9   1.0  -0.9  -0.6  -0.6   0.0  -9 -9.0 -9  3  2
202501221800 108  27  2.4  -9 -9.0   -9 1012.9 1023.6  2   0.5   4.6  -4.4  52.0   4.4   -9.0   -9.0   -9.0   -9.0   -9.0   -9.0   -9.0 -9 -9 -                        0   0   -9 -         -9  -9  -9  1032  0.0  0.07 -9  -0.4  -0.9  -0.5  -0.6   0.2  -9 -9.0 -9  3  2
202501221900 108  27  2.3  -9 -9.0   -9 1012.9 1023.6 -9  -9.0   3.4  -3.8  59.0   4.6   -9.0   -9.0   -9.0   -9.0   -9.0   -9.0   -9.0 -9 -9 40                       0   0   -9 -         -9  -9  -9   859 -9.0 -9.00 -9  -0.4  -0.8  -0.5  -0.6   0.1  -9 -9.0 -9  3  2
202501222000 108  29  1.8  -9 -9.0   -9 1013.0 1023.8 -9  -9.0   2.6  -4.3  60.0   4.4   -9.0   -9.0   -9.0   -9.0   -9.0   -9.0   -9.0 -9 -9 40                       0   0   -9 -         -9  -9  -9   837 -9.0 -9.00 -9  -0.5  -0.9  -0.6  -0.6   0.1  -9 -9.0 -9  3  2
202501222100 108  27  1.7  -9 -9.0   -9 1013.4 1024.2  2   0.6   1.8  -4.9  61.0   4.2   -9.0   -9.0   -9.0   -9.0   -9.0   -9.0   -9.0 -9 -9 40                       0   0   -9 -         -9  -9  -9  1040 -9.0 -9.00 -9  -0.7  -0.9  -0.6  -0.6   0.0  -9 -9.0 -9  3  2
202501222200 108  27  2.2  -9 -9.0   -9 1013.7 1024.5 -9  -9.0   1.7  -2.8  72.0   5.0   -9.0   -9.0   -9.0   -9.0   -9.0   -9.0   -9.0 -9 -9 40                       0   0   -9 -         -9  -9  -9   989 -9.0 -9.00 -9  -0.8  -0.9  -0.6  -0.6   0.1  -9 -9.0 -9  3  2
202501222300 108  27  1.8  -9 -9.0   -9 1014.0 1024.8 -9  -9.0   1.3  -2.4  76.0   5.1   -9.0   -9.0   -9.0   -9.0   -9.0   -9.0   -9.0 -9 -9 40                       0   0   -9 -         -9  -9  -9   735 -9.0 -9.00 -9  -0.9  -0.9  -0.6  -0.6   0.1  -9 -9.0 -9  3  2
202501230000 108  23  0.7  -9 -9.0   -9 1014.1 1025.0  2   0.8   0.5  -3.2  76.0   4.8   -9.0   -9.0   -9.0   -9.0   -9.0   -9.0   -9.0  5  0 40                       0   0   -9 -         -9  -9  -9   752 -9.0 -9.00 -9  -1.1  -1.0  -0.6  -0.6   0.1  -9 -9.0 -9  3  1
202501230100 108  27  1.9  -9 -9.0   -9 1014.0 1024.9 -9  -9.0  -0.2  -3.9  76.0   4.6   -9.0   -9.0   -9.0   -9.0   -9.0   -9.0   -9.0 -9 -9 40                       0   0   -9 -         -9  -9  -9   758 -9.0 -9.00 -9  -1.1  -0.9  -0.6  -0.6   0.0  -9 -9.0 -9  3  2
202501230200 108  27  1.7  -9 -9.0   -9 1014.0 1024.9 -9  -9.0  -0.6  -4.1  77.0   4.5   -9.0   -9.0   -9.0   -9.0   -9.0   -9.0   -9.0 -9 -9 40                       0   0   -9 -         -9  -9  -9   715 -9.0 -9.00 -9  -1.3  -1.0  -0.6  -0.6   0.1  -9 -9.0 -9  3  2
202501230300 108  36  1.1  -9 -9.0   -9 1014.2 1025.1  3   0.1  -0.6  -4.4  75.0   4.4   -9.0   -9.0   -9.0   -9.0   -9.0   -9.0   -9.0 -9 -9 40                       0   0   -9 -         -9  -9  -9  1065 -9.0 -9.00 -9  -1.5  -0.9  -0.6  -0.6   0.1  -9 -9.0 -9  3  2
202501230400 108  27  1.6  -9 -9.0   -9 1014.0 1024.9 -9  -9.0  -1.0  -4.3  78.0   4.4   -9.0   -9.0   -9.0   -9.0   -9.0   -9.0   -9.0 10  0 19                       0   0   -9 -         -9  -9  -9   848 -9.0 -9.00 -9  -1.6  -0.9  -0.6  -0.6   0.1  -9 -9.0 -9  3  1
202501230500 108   0  0.3  -9 -9.0   -9 1014.1 1025.0 -9  -9.0  -1.5  -4.1  82.0   4.5   -9.0   -9.0   -9.0   -9.0   -9.0   -9.0   -9.0 10  0 19                       0   0   -9 -         -9  -9  -9   786 -9.0 -9.00 -9  -1.9  -0.9  -0.6  -0.6   0.1  -9 -9.0 -9  3  1
202501230600 108  27  1.3  -9 -9.0   -9 1014.1 1025.1  4   0.0  -1.8  -4.4  82.0   4.4   -9.0   -9.0   -9.0   -9.0   -9.0   -9.0   -9.0 10  0 19                       0   0   -9 -         -9  -9  -9   809 -9.0 -9.00 -9  -2.3  -0.9  -0.6  -0.6   0.1  -9 -9.0 -9  3  1
202501230700 108  27  1.6  -9 -9.0   -9 1014.5 1025.5 -9  -9.0  -2.3  -4.9  82.0   4.2   -9.0   -9.0   -9.0   -9.0   -9.0   -9.0   -9.0 10  0 19                       0   0   -9 -         -9  -9  -9   941 -9.0 -9.00 -9  -2.6  -0.9  -0.6  -0.6   0.1  -9 -9.0 -9  3  1
202501230800 108   7  1.4  -9 -9.0   -9 1014.9 1025.9 -9  -9.0  -2.1  -5.0  80.0   4.2   -9.0   -9.0   -9.0   -9.0   -9.0   -9.0   -9.0 10  0 19                       0   0   -9 -         -9  -9  -9   988  0.0  0.00 -9  -2.8  -0.9  -0.6  -0.6   0.1  -9 -9.0 -9  3  1
202501230900 108   5  1.4  -9 -9.0   -9 1015.2 1026.2  2   1.1  -1.6  -5.1  77.0   4.2   -9.0   -9.0   -9.0   -9.0   -9.0   -9.0   -9.0 -9 -9 19                       0   0   -9 -         -9  -9  -9  1056  0.9  0.33 -9  -2.1  -1.0  -0.6  -0.6   0.0  -9 -9.0 -9  3  2
202501231000 108  23  0.9  -9 -9.0   -9 1015.2 1026.0 -9  -9.0   1.2  -4.6  65.0   4.3   -9.0   -9.0   -9.0   -9.0   -9.0   -9.0   -9.0 -9 -9 -                        0   0   -9 -         -9  -9  -9  1240  1.0  0.94 -9  -0.7  -1.1  -0.6  -0.6   0.1  -9 -9.0 -9  3  2
202501231100 108  27  2.3  -9 -9.0   -9 1015.3 1026.1 -9  -9.0   3.0  -9.6  39.0   3.0   -9.0   -9.0   -9.0   -9.0   -9.0   -9.0   -9.0 -9 -9 -                        0   0   -9 -         -9  -9  -9  3034  1.0  1.59 -9   0.2  -1.3  -0.6  -0.6   0.1  -9 -9.0 -9  3  2
202501231200 108  18  2.3  -9 -9.0   -9 1014.5 1025.2  7  -1.0   5.8  -6.7  40.0   3.7   -9.0   -9.0   -9.0   -9.0   -9.0   -9.0   -9.0 -9 -9 -                        0   0   -9 -         -9  -9  -9  1843  1.0  1.97 -9   3.4  -1.3  -0.6  -0.6   0.1  -9 -9.0 -9  3  2
202501231300 108  27  2.9  -9 -9.0   -9 1013.7 1024.3 -9  -9.0   5.8  -8.1  36.0   3.3   -9.0   -9.0   -9.0   -9.0   -9.0   -9.0   -9.0 -9 -9 -                        0   0   -9 -         -9  -9  -9  2028  1.0  2.14 -9   5.6  -1.2  -0.6  -0.5   0.1  -9 -9.0 -9  3  2
202501231400 108  27  2.2  -9 -9.0   -9 1013.3 1023.9 -9  -9.0   6.9  -8.2  33.0   3.3   -9.0   -9.0   -9.0   -9.0   -9.0   -9.0   -9.0 -9 -9 -                        0   0   -9 -         -9  -9  -9  1868  1.0  2.10 -9   7.9  -1.3  -0.6  -0.5   0.1  -9 -9.0 -9  3  2
202501231500 108  23  2.5  -9 -9.0   -9 1012.7 1023.3  7  -1.9   7.4 -10.4  27.0   2.8   -9.0   -9.0   -9.0   -9.0   -9.0   -9.0   -9.0 -9 -9 -                        0   0   -9 -         -9  -9  -9  3168  1.0  1.84 -9   7.7  -1.2  -0.6  -0.6   0.1  -9 -9.0 -9  3  2
202501231600 108  29  2.9  -9 -9.0   -9 1012.7 1023.3 -9  -9.0   7.3 -11.4  25.0   2.6   -9.0   -9.0   -9.0   -9.0   -9.0   -9.0   -9.0 -9 -9 -                        0   0   -9 -         -9  -9  -9  3557  1.0  1.36 -9   2.9  -1.1  -0.6  -0.5   0.1  -9 -9.0 -9  3  2
202501231700 108  29  2.3  -9 -9.0   -9 1012.7 1023.3 -9  -9.0   6.2 -10.5  29.0   2.8   -9.0   -9.0   -9.0   -9.0   -9.0   -9.0   -9.0 -9 -9 -                        0   0   -9 -         -9  -9  -9  3409  1.0  0.67 -9   0.0  -1.0  -0.6  -0.5   0.1  -9 -9.0 -9  3  2
202501231800 108  27  2.8  -9 -9.0   -9 1013.0 1023.7  2   0.4   4.6  -9.5  35.0   3.0   -9.0   -9.0   -9.0   -9.0   -9.0   -9.0   -9.0 -9 -9 -                        0   0   -9 -         -9  -9  -9  2989  0.4  0.12 -9  -0.5  -0.9  -0.6  -0.5   0.1  -9 -9.0 -9  3  2
202501231900 108  27  2.4  -9 -9.0   -9 1013.3 1024.1 -9  -9.0   3.1  -8.2  43.0   3.3   -9.0   -9.0   -9.0   -9.0   -9.0   -9.0   -9.0 -9 -9 -                        0   0   -9 -         -9  -9  -9  2632 -9.0 -9.00 -9  -0.4  -0.2  -0.6  -0.5   0.1  -9 -9.0 -9  3 -9
202501232000 108  23  1.7  -9 -9.0   -9 1013.5 1024.3 -9  -9.0   2.3  -8.1  46.0   3.3   -9.0   -9.0   -9.0   -9.0   -9.0   -9.0   -9.0 -9 -9 -                        0   0   -9 -         -9  -9  -9  2480 -9.0 -9.00 -9  -0.6  -0.4  -0.6  -0.5   0.1  -9 -9.0 -9  3 -9
202501232100 108  29  1.5  -9 -9.0   -9 1013.8 1024.6  2   0.9   1.7  -8.7  46.0   3.2   -9.0   -9.0   -9.0   -9.0   -9.0   -9.0   -9.0 -9 -9 -                        0   0   -9 -         -9  -9  -9  2403 -9.0 -9.00 -9  -0.8  -0.6  -0.6  -0.5   0.1  -9 -9.0 -9  3  2
202501232200 108  27  0.9  -9 -9.0   -9 1014.5 1025.4 -9  -9.0   0.9  -8.8  48.0   3.1   -9.0   -9.0   -9.0   -9.0   -9.0   -9.0   -9.0 -9 -9 -                        0   0   -9 -         -9  -9  -9  2296 -9.0 -9.00 -9  -1.1  -1.0  -0.6  -0.5   0.1  -9 -9.0 -9  3 -9
202501232300 108  32  1.2  -9 -9.0   -9 1014.7 1025.6 -9  -9.0   0.5  -8.7  50.0   3.2   -9.0   -9.0   -9.0   -9.0   -9.0   -9.0   -9.0 -9 -9 -                        0   0   -9 -         -9  -9  -9  2189 -9.0 -9.00 -9  -1.0  -0.2  -0.6  -0.5   0.1  -9 -9.0 -9  3 -9
202501240000 108   0  0.2  -9 -9.0   -9 1014.8 1025.7  2   1.1   0.1  -8.6  52.0   3.2   -9.0   -9.0   -9.0   -9.0   -9.0   -9.0   -9.0 -9 -9 -                        0   0   -9 -         -9  -9  -9  2205 -9.0 -9.00 -9  -1.2  -0.2  -0.6  -0.5   0.1  -9 -9.0 -9  3  2
202501240100 108   5  1.0  -9 -9.0   -9 1015.2 1026.1 -9  -9.0  -0.5  -8.6  54.0   3.2   -9.0   -9.0   -9.0   -9.0   -9.0   -9.0   -9.0 -9 -9 -                        0   0   -9 -         -9  -9  -9  2228 -9.0 -9.00 -9  -1.4  -0.2  -0.6  -0.5   0.1  -9 -9.0 -9  3 -9
202501240200 108  32  0.7  -9 -9.0   -9 1015.3 1026.2 -9  -9.0  -0.7  -8.4  56.0   3.2   -9.0   -9.0   -9.0   -9.0   -9.0   -9.0   -9.0 -9 -9 -                        0   0   -9 -         -9  -9  -9  2097 -9.0 -9.00 -9  -1.7  -0.2  -0.5  -0.4   0.3  -9 -9.0 -9  3 -9
202501240300 108  36  0.7  -9 -9.0   -9 1015.4 1026.4  2   0.7  -1.2  -7.9  60.0   3.4   -9.0   -9.0   -9.0   -9.0   -9.0   -9.0   -9.0 -9 -9 -                        0   0   -9 -         -9  -9  -9  2079 -9.0 -9.00 -9  -2.2  -0.2  -0.5  -0.3   0.3  -9 -9.0 -9  3  2
202501240400 108   2  2.0  -9 -9.0   -9 1015.2 1026.2 -9  -9.0  -1.4  -8.3  59.0   3.3   -9.0   -9.0   -9.0   -9.0   -9.0   -9.0   -9.0 -9 -9 -                        0   0   -9 -         -9  -9  -9  1891 -9.0 -9.00 -9  -2.6  -0.2  -0.5  -0.3   0.3  -9 -9.0 -9  3  2
202501240500 108   2  1.9  -9 -9.0   -9 1015.2 1026.2 -9  -9.0  -1.8  -7.9  63.0   3.4   -9.0   -9.0   -9.0   -9.0   -9.0   -9.0   -9.0 -9 -9 -                        0   0   -9 -         -9  -9  -9  1715 -9.0 -9.00 -9  -2.9  -0.2  -0.5  -0.3   0.3  -9 -9.0 -9  3  2
202501240600 108   2  1.8  -9 -9.0   -9 1014.9 1025.9  7  -0.5  -2.2  -8.1  64.0   3.3   -9.0   -9.0   -9.0   -9.0   -9.0   -9.0   -9.0 -9 -9 -                        0   0   -9 -         -9  -9  -9  1702 -9.0 -9.00 -9  -3.3  -0.2  -0.6  -0.3   0.3  -9 -9.0 -9  3  2
202501240700 108  36  1.0  -9 -9.0   -9 1015.1 1026.1 -9  -9.0  -2.3  -8.1  64.0   3.3   -9.0   -9.0   -9.0   -9.0   -9.0   -9.0   -9.0 -9 -9 -                        0   0   -9 -         -9  -9  -9  1744 -9.0 -9.00 -9  -3.7  -0.3  -0.6  -0.3   0.3  -9 -9.0 -9  3  2
202501240800 108   2  2.1  -9 -9.0   -9 1015.6 1026.6 -9  -9.0  -2.6  -8.0  66.0   3.3   -9.0   -9.0   -9.0   -9.0   -9.0   -9.0   -9.0 -9 -9 -                        0   0   -9 -         -9  -9  -9  1719  0.0  0.01 -9  -3.7  -0.3  -0.6  -0.3   0.4  -9 -9.0 -9  3  2
202501240900 108   2  2.0  -9 -9.0   -9 1016.1 1027.1  2   1.2  -2.0  -7.7  65.0   3.4   -9.0   -9.0   -9.0   -9.0   -9.0   -9.0   -9.0 -9 -9 -                        0   0   -9 -         -9  -9  -9  1508  1.0  0.36 -9  -2.8  -0.4  -0.8  -0.5   0.1  -9 -9.0 -9  3  2
202501241000 108   9  2.1  -9 -9.0   -9 1016.4 1027.2 -9  -9.0   1.8  -7.0  52.0   3.6   -9.0   -9.0   -9.0   -9.0   -9.0   -9.0   -9.0 -9 -9 -                        0   0   -9 -         -9  -9  -9  1668  1.0  1.00 -9  -0.6  -0.4  -0.8  -0.5   0.1  -9 -9.0 -9  3  2
202501241100 108   5  0.6  -9 -9.0   -9 1016.6 1027.3 -9  -9.0   4.2  -6.9  44.0   3.6   -9.0   -9.0   -9.0   -9.0   -9.0   -9.0   -9.0 -9 -9 -                        0   0   -9 -         -9  -9  -9  2088  1.0  1.58 -9   0.8  -0.4  -0.8  -0.5   0.1  -9 -9.0 -9  3  2
202501241200 108   7  1.7  -9 -9.0   -9 1015.8 1026.4  8  -0.7   6.4  -8.7  33.0   3.2   -9.0   -9.0   -9.0   -9.0   -9.0   -9.0   -9.0 -9 -9 -                        0   0   -9 -         -9  -9  -9  2300  1.0  1.96 -9   4.2  -0.5  -0.7  -0.5   0.2  -9 -9.0 -9  3  2
202501241300 108   9  1.3  -9 -9.0   -9 1015.0 1025.6 -9  -9.0   7.9  -8.6  30.0   3.2   -9.0   -9.0   -9.0   -9.0   -9.0   -9.0   -9.0 -9 -9 -                        0   0   -9 -         -9  -9  -9  2038  1.0  2.14 -9   7.3  -0.4  -0.7  -0.5   0.2  -9 -9.0 -9  3  2
202501241400 108  18  1.9  -9 -9.0   -9 1014.2 1024.7 -9  -9.0   9.2  -6.2  33.0   3.8   -9.0   -9.0   -9.0   -9.0   -9.0   -9.0   -9.0 -9 -9 -                        0   0   -9 -         -9  -9  -9  1634  1.0  2.02 -9   9.0  -0.4  -0.7  -0.5   0.2  -9 -9.0 -9  3  2
202501241500 108   5  0.7  -9 -9.0   -9 1013.8 1024.3  7  -2.1   9.7  -7.5  29.0   3.5   -9.0   -9.0   -9.0   -9.0   -9.0   -9.0   -9.0 -9 -9 -                        0   0   -9 -         -9  -9  -9  1729  1.0  1.69 -9   8.2  -0.4  -0.7  -0.5   0.2  -9 -9.0 -9  3  2
202501241600 108  25  2.2  -9 -9.0   -9 1013.7 1024.2 -9  -9.0  10.3  -7.4  28.0   3.5   -9.0   -9.0   -9.0   -9.0   -9.0   -9.0   -9.0 -9 -9 -                        0   0   -9 -         -9  -9  -9  1829  1.0  1.22 -9   4.0  -0.3  -0.7  -0.5   0.1  -9 -9.0 -9  3  2
202501241700 108  29  2.8  -9 -9.0   -9 1013.8 1024.3 -9  -9.0   9.0 -10.5  24.0   2.8   -9.0   -9.0   -9.0   -9.0   -9.0   -9.0   -9.0 -9 -9 -                        0   0   -9 -         -9  -9  -9  3249  1.0  0.59 -9   1.0  -0.3  -0.6  -0.5   0.1  -9 -9.0 -9  3  2
202501241800 108  32  2.5  -9 -9.0   -9 1014.4 1025.0  3   0.7   7.4  -9.5  29.0   3.0   -9.0   -9.0   -9.0   -9.0   -9.0   -9.0   -9.0 -9 -9 -                        0   0   -9 -         -9  -9  -9  3176  0.4  0.11 -9  -0.2  -0.2  -0.5  -0.2   0.5  -9 -9.0 -9  3  2
202501241900 108  27  0.9  -9 -9.0   -9 1015.1 1025.8 -9  -9.0   6.0  -8.3  35.0   3.3   -9.0   -9.0   -9.0   -9.0   -9.0   -9.0   -9.0 -9 -9 -                        0   0   -9 -         -9  -9  -9  2353 -9.0 -9.00 -9  -0.3  -0.5  -0.5  -0.3   0.4  -9 -9.0 -9  3 -9
202501242000 108  29  1.2  -9 -9.0   -9 1015.7 1026.4 -9  -9.0   4.7  -7.7  40.0   3.4   -9.0   -9.0   -9.0   -9.0   -9.0   -9.0   -9.0 -9 -9 -                        0   0   -9 -         -9  -9  -9  2021 -9.0 -9.00 -9  -0.5  -0.8  -0.4  -0.1   0.6  -9 -9.0 -9  3 -9
202501242100 108  27  0.7  -9 -9.0   -9 1016.2 1026.9  2   1.9   4.1  -7.3  43.0   3.5   -9.0   -9.0   -9.0   -9.0   -9.0   -9.0   -9.0 -9 -9 -                        0   0   -9 -         -9  -9  -9  2019 -9.0 -9.00 -9  -0.7  -0.7  -0.4  -0.1   0.6  -9 -9.0 -9  3  2
202501242200 108   0  0.4  -9 -9.0   -9 1016.6 1027.4 -9  -9.0   3.3  -7.8  44.0   3.4   -9.0   -9.0   -9.0   -9.0   -9.0   -9.0   -9.0 -9 -9 -                        0   0   -9 -         -9  -9  -9  2437 -9.0 -9.00 -9  -0.8  -0.7  -0.4  -0.1   0.6  -9 -9.0 -9  3 -9
202501242300 108   5  1.9  -9 -9.0   -9 1016.5 1027.3 -9  -9.0   2.7  -8.9  42.0   3.1   -9.0   -9.0   -9.0   -9.0   -9.0   -9.0   -9.0 -9 -9 -                        0   0   -9 -         -9  -9  -9  2378 -9.0 -9.00 -9  -0.9  -0.8  -0.4  -0.1   0.6  -9 -9.0 -9  3 -9
202501250000 108   7  2.1  -9 -9.0   -9 1016.5 1027.3  0   0.4   2.6  -8.4  44.0   3.2   -9.0   -9.0   -9.0   -9.0   -9.0   -9.0   -9.0 -9 -9 -                        0   0   -9 -         -9  -9  -9  2398 -9.0 -9.00 -9  -1.0  -0.9  -0.4   0.0   0.6  -9 -9.0 -9  3  2
202501250100 108   5  2.5  -9 -9.0   -9 1016.7 1027.5 -9  -9.0   2.3  -7.3  49.0   3.5   -9.0   -9.0   -9.0   -9.0   -9.0   -9.0   -9.0 -9 -9 -                        0   0   -9 -         -9  -9  -9  2389 -9.0 -9.00 -9  -1.1  -0.9  -0.4   0.0   0.6  -9 -9.0 -9  3 -9
202501250200 108   5  2.9  -9 -9.0   -9 1016.8 1027.6 -9  -9.0   2.2  -6.1  54.0   3.9   -9.0   -9.0   -9.0   -9.0   -9.0   -9.0   -9.0 -9 -9 -                        0   0   -9 -         -9  -9  -9  2624 -9.0 -9.00 -9  -1.2  -0.9  -0.4   0.0   0.6  -9 -9.0 -9  3 -9
202501250300 108   7  2.3  -9 -9.0   -9 1017.3 1028.1  2   0.8   2.1  -5.5  57.0   4.1   -9.0   -9.0   -9.0   -9.0   -9.0   -9.0   -9.0 -9 -9 -                        0   0   -9 -         -9  -9  -9  2740 -9.0 -9.00 -9  -1.3  -0.9  -0.4   0.0   0.6  -9 -9.0 -9  3  2
202501250400 108   7  2.0  -9 -9.0   -9 1017.3 1028.2 -9  -9.0   1.5  -5.2  61.0   4.2   -9.0   -9.0   -9.0   -9.0   -9.0   -9.0   -9.0 -9 -9 -                        0   0   -9 -         -9  -9  -9  2812 -9.0 -9.00 -9  -1.6  -0.8  -0.4   0.0   0.6  -9 -9.0 -9  3  2
202501250500 108   7  2.7  -9 -9.0   -9 1017.4 1028.3 -9  -9.0   1.6  -4.2  65.0   4.5   -9.0   -9.0   -9.0   -9.0   -9.0   -9.0   -9.0 -9 -9 -                        0   0   -9 -         -9  -9  -9  2841 -9.0 -9.00 -9  -1.7  -0.9  -0.5   0.0   0.6  -9 -9.0 -9  3  2
202501250600 108   7  2.7  -9 -9.0   -9 1017.7 1028.6  2   0.5   1.3  -3.9  68.0   4.6   -9.0   -9.0   -9.0   -9.0   -9.0   -9.0   -9.0 -9 -9 -                        0   0   -9 -         -9  -9  -9  2809 -9.0 -9.00 -9  -2.1  -0.9  -0.5   0.0   0.6  -9 -9.0 -9  3  2
202501250700 108   7  3.5  -9 -9.0   -9 1017.9 1028.7 -9  -9.0   1.9  -3.0  70.0   4.9   -9.0   -9.0   -9.0   -9.0   -9.0   -9.0   -9.0 -9 -9 -                        0   0   -9 -         -9  -9  -9  3622 -9.0 -9.00 -9  -2.1  -0.9  -0.5   0.0   0.6  -9 -9.0 -9  3  2
202501250800 108   5  3.9  -9 -9.0   -9 1018.3 1029.1 -9  -9.0   2.3  -2.6  70.0   5.0   -9.0   -9.0   -9.0   -9.0   -9.0   -9.0   -9.0 -9 -9 -                        0   0   -9 -         -9  -9  -9  4317  0.0  0.01 -9  -1.8  -0.9  -0.5   0.0   0.6  -9 -9.0 -9  3  2
202501250900 108   5  3.2  -9 -9.0   -9 1019.0 1029.8  2   1.2   3.6  -2.1  66.0   5.2   -9.0   -9.0   -9.0   -9.0   -9.0   -9.0   -9.0 -9 -9 -                        0   0   -9 -         -9  -9  -9  4213  1.0  0.39 -9  -1.1  -0.5  -0.5  -0.1   0.6  -9 -9.0 -9  3  2
202501251000 108   5  4.1  -9 -9.0   -9 1019.5 1030.2 -9  -9.0   6.0  -1.6  58.0   5.4   -9.0   -9.0   -9.0   -9.0   -9.0   -9.0   -9.0 -9 -9 -                        0   0   -9 -         -9  -9  -9  4506  1.0  1.00 -9  -0.4  -0.6  -0.7  -0.4   0.2  -9 -9.0 -9  3  2
202501251100 108   5  3.1  -9 -9.0   -9 1019.5 1030.1 -9  -9.0   7.8  -1.7  51.0   5.4   -9.0   -9.0   -9.0   -9.0   -9.0   -9.0   -9.0 -9 -9 -                        0   0   -9 -         -9  -9  -9  3665  1.0  1.60 -9   1.7  -0.6  -0.7  -0.5   0.2  -9 -9.0 -9  3  2
202501251200 108   9  3.5  -9 -9.0   -9 1018.3 1028.9  8  -0.9   9.2  -1.8  46.0   5.4   -9.0   -9.0   -9.0   -9.0   -9.0   -9.0   -9.0 -9 -9 -                        0   0   -9 -         -9  -9  -9  4526  1.0  2.00 -9   6.5  -0.5  -0.6  -0.4   0.2  -9 -9.0 -9  3  2
202501251300 108   7  2.8  -9 -9.0   -9 1017.2 1027.7 -9  -9.0  10.1  -2.2  42.0   5.2   -9.0   -9.0   -9.0   -9.0   -9.0   -9.0   -9.0 -9 -9 -                        1   1   10 Sc         0   0   5  4172  1.0  2.20 -9  10.1  -0.5  -0.6  -0.5   0.2  -9 -9.0 -9  3  2
202501251400 108   9  2.0  -9 -9.0   -9 1016.4 1026.9 -9  -9.0  11.2  -2.2  39.0   5.2   -9.0   -9.0   -9.0   -9.0   -9.0   -9.0   -9.0 -9 -9 -                        4   4   16 Sc         0   0   5  3203  1.0  2.14 -9  12.1  -0.6  -0.6  -0.4   0.2  -9 -9.0 -9  3  2
202501251500 108   2  3.7  -9 -9.0   -9 1016.1 1026.6  7  -2.3   9.8  -4.2  37.0   4.5   -9.0   -9.0   -9.0   -9.0   -9.0   -9.0   -9.0 -9 -9 -                        6   6   16 Sc         0   0   5  4584  0.4  1.09 -9   5.4  -0.4  -0.6  -0.4   0.2  -9 -9.0 -9  3  2
202501251600 108   5  2.2  -9 -9.0   -9 1016.0 1026.5 -9  -9.0   9.3  -4.3  38.0   4.4   -9.0   -9.0   -9.0   -9.0   -9.0   -9.0   -9.0 -9 -9 -                        3   3   17 Sc         0   0   5  4861  0.1  0.49 -9   2.8  -0.4  -0.6  -0.4   0.2  -9 -9.0 -9  3  2
202501251700 108   5  3.6  -9 -9.0   -9 1016.1 1026.6 -9  -9.0   9.7  -4.3  37.0   4.4   -9.0   -9.0   -9.0   -9.0   -9.0   -9.0   -9.0 -9 -9 -                        5   5   18 Sc         0   0   5  4876  0.8  0.61 -9   3.0  -0.4  -0.6  -0.4   0.2  -9 -9.0 -9  3  2
202501251800 108   5  2.3  -9 -9.0   -9 1016.6 1027.2  3   0.6   7.8  -4.9  40.0   4.2   -9.0   -9.0   -9.0   -9.0   -9.0   -9.0   -9.0 -9 -9 -                        0   0   -9 -         -9  -9  -9  4622  0.4  0.14 -9  -0.5  -0.5  -0.6  -0.4   0.2  -9 -9.0 -9  3  2
202501251900 108   5  3.9  -9 -9.0   -9 1017.2 1027.8 -9  -9.0   6.7  -4.4  45.0   4.4   -9.0   -9.0   -9.0   -9.0   -9.0   -9.0   -9.0 -9 -9 -                        0   0   -9 -         -9  -9  -9  4636 -9.0 -9.00 -9  -0.4  -0.7  -0.4   0.0   0.6  -9 -9.0 -9  3 -9
202501252000 108   5  3.7  -9 -9.0   -9 1017.7 1028.4 -9  -9.0   5.6  -4.5  48.0   4.4   -9.0   -9.0   -9.0   -9.0   -9.0   -9.0   -9.0 -9 -9 -                        0   0   -9 -         -9  -9  -9  4618 -9.0 -9.00 -9  -0.3  -0.5  -0.4   0.0   0.6  -9 -9.0 -9  3 -9
202501252100 108   5  3.5  -9 -9.0   -9 1018.2 1028.9  2   1.7   4.7  -4.5  51.0   4.4   -9.0   -9.0   -9.0   -9.0   -9.0   -9.0   -9.0 -9 -9 -                        0   0   -9 -         -9  -9  -9  4699 -9.0 -9.00 -9  -0.6  -1.0  -0.4   0.0   0.6  -9 -9.0 -9  3  2
202501252200 108   7  4.2  -9 -9.0   -9 1018.7 1029.5 -9  -9.0   4.4  -4.3  53.0   4.4   -9.0   -9.0   -9.0   -9.0   -9.0   -9.0   -9.0 -9 -9 -                        0   0   -9 -         -9  -9  -9  4854 -9.0 -9.00 -9  -0.6  -1.0  -0.4   0.0   0.6  -9 -9.0 -9  3 -9
202501252300 108   7  4.4  -9 -9.0   -9 1018.8 1029.6 -9  -9.0   3.9  -4.3  55.0   4.4   -9.0   -9.0   -9.0   -9.0   -9.0   -9.0   -9.0 -9 -9 -                        0   0   -9 -         -9  -9  -9  4677 -9.0 -9.00 -9  -0.7  -1.0  -0.4   0.0   0.6  -9 -9.0 -9  3 -9
202501260000 108   7  3.8  -9 -9.0   -9 1019.0 1029.8  2   0.9   3.4  -4.3  57.0   4.4   -9.0   -9.0   -9.0   -9.0   -9.0   -9.0   -9.0 -9 -9 -                        3   3   15 Sc         0   0   5  4893 -9.0 -9.00 -9  -0.8  -1.0  -0.4   0.0   0.6  -9 -9.0 -9  3  2
202501260100 108   5  4.0  -9 -9.0   -9 1018.7 1029.5 -9  -9.0   3.2  -4.2  58.0   4.5   -9.0   -9.0   -9.0   -9.0   -9.0   -9.0   -9.0 -9 -9 -                        7   7   18 -         -9  -9  -9  4700 -9.0 -9.00 -9  -0.7  -1.0  -0.4   0.0   0.6  -9 -9.0 -9  3 -9
202501260200 108   7  2.6  -9 -9.0   -9 1019.3 1030.1 -9  -9.0   3.2  -4.7  56.0   4.3   -9.0   -9.0   -9.0   -9.0   -9.0   -9.0   -9.0 -9 -9 -                        7   7   19 -         -9  -9  -9  4686 -9.0 -9.00 -9  -0.7  -1.0  -0.4   0.0   0.6  -9 -9.0 -9  3 -9
202501260300 108   5  3.4  -9 -9.0   -9 1019.4 1030.2  3   0.4   3.1  -5.0  55.0   4.2   -9.0   -9.0   -9.0   -9.0   -9.0   -9.0   -9.0 -9 -9 -                        8   8   18 Sc         0   0   5  4668 -9.0 -9.00 -9  -0.7  -1.0  -0.4   0.0   0.6  -9 -9.0 -9  3  2
202501260400 108   5  3.3  -9 -9.0   -9 1019.0 1029.8 -9  -9.0   3.1  -5.3  54.0   4.1   -9.0   -9.0   -9.0   -9.0   -9.0   -9.0   -9.0 -9 -9 -                        8   8   18 Sc         0   0   5  4725 -9.0 -9.00 -9  -0.7  -1.0  -0.4   0.0   0.6  -9 -9.0 -9  3  2
202501260500 108   7  3.4  -9 -9.0   -9 1018.4 1029.2 -9  -9.0   2.7  -5.2  56.0   4.2   -9.0   -9.0   -9.0   -9.0   -9.0   -9.0   -9.0 -9 -9 -                        0   0   -9 -         -9  -9  -9  4779 -9.0 -9.00 -9  -0.9  -1.0  -0.4   0.0   0.6  -9 -9.0 -9  3  2
202501260600 108   5  3.0  -9 -9.0   -9 1018.2 1029.0  7  -1.2   2.0  -5.4  58.0   4.1   -9.0   -9.0   -9.0   -9.0   -9.0   -9.0   -9.0 -9 -9 -                        1   0   -9 Ci         1   0   0  4643 -9.0 -9.00 -9  -1.0  -1.0  -0.4   0.0   0.6  -9 -9.0 -9  3  2
202501260700 108   5  3.9  -9 -9.0   -9 1017.6 1028.4 -9  -9.0   1.9  -5.0  60.0   4.2   -9.0   -9.0   -9.0   -9.0   -9.0   -9.0   -9.0 -9 -9 -                        7   0   -9 Ci         1   0   0  4767 -9.0 -9.00 -9  -1.0  -1.0  -0.4   0.0   0.6  -9 -9.0 -9  3  2
202501260800 108   5  4.0  -9 -9.0   -9 1017.7 1028.5 -9  -9.0   2.0  -5.1  59.0   4.2   -9.0   -9.0   -9.0   -9.0   -9.0   -9.0   -9.0 -9 -9 -                        7   0   -9 Ci         1   0   0  4520  0.0  0.01 -9  -0.9  -1.0  -0.4   0.0   0.6  -9 -9.0 -9  3  2
202501260900 108   5  3.9  -9 -9.0   -9 1017.5 1028.3  7  -0.7   2.5  -4.9  58.0   4.2   -9.0   -9.0   -9.0   -9.0   -9.0   -9.0   -9.0 -9 -9 -                        7   0   -9 Ci         1   0   0  4414  0.0  0.26 -9  -0.6  -1.1  -0.4   0.0   0.6  -9 -9.0 -9  3  2
202501261000 108   5  3.4  -9 -9.0   -9 1017.5 1028.3 -9  -9.0   3.7  -5.0  53.0   4.2   -9.0   -9.0   -9.0   -9.0   -9.0   -9.0   -9.0 -9 -9 -                        8   0   -9 Ci         1   0   0  4259  0.3  0.53 -9  -0.5  -1.1  -0.4  -0.1   0.5  -9 -9.0 -9  3  2
202501261100 108   5  2.9  -9 -9.0   -9 1017.0 1027.7 -9  -9.0   5.6  -4.8  47.0   4.3   -9.0   -9.0   -9.0   -9.0   -9.0   -9.0   -9.0 -9 -9 -                        6   0   -9 Ci         1   0   0  4334  1.0  1.35 -9   0.7  -1.2  -0.5  -0.2   0.4  -9 -9.0 -9  3  2
202501261200 108   7  1.6  -9 -9.0   -9 1016.0 1026.6  7  -1.7   6.6  -5.1  43.0   4.2   -9.0   -9.0   -9.0   -9.0   -9.0   -9.0   -9.0 -9 -9 -                       10   0   -9 Cs         7   0   0  4609  0.6  1.50 -9   2.3  -0.2  -0.6  -0.4   0.2  -9 -9.0 -9  3  2
202501261300 108   2  2.8  -9 -9.0   -9 1014.2 1024.8 -9  -9.0   7.0  -5.3  41.0   4.1   -9.0   -9.0   -9.0   -9.0   -9.0   -9.0   -9.0 -9 -9 -                       10   0   -9 Cs         7   0   0  4509  0.0  1.01 -9   4.5  -0.3  -0.6  -0.4   0.2  -9 -9.0 -9  3  2
202501261400 108   5  2.7  -9 -9.0   -9 1013.1 1023.7 -9  -9.0   7.5  -5.5  39.0   4.1   -9.0   -9.0   -9.0   -9.0   -9.0   -9.0   -9.0 -9 -9 -                        9   9   43 Ac         0   3   0  4719  0.0  1.02 -9   5.5  -0.2  -0.6  -0.4   0.2  -9 -9.0 -9  3  2
202501261500 108   9  1.6  -9 -9.0   -9 1012.6 1023.2  7  -3.4   7.2  -5.8  39.0   4.0   -9.0   -9.0   -9.0   -9.0   -9.0   -9.0   -9.0 -9 -9 -                       10  10   29 As        -9   2   0  4625  0.0  0.62 -9   3.8  -0.2  -0.6  -0.4   0.2  -9 -9.0 -9  3  2
202501261600 108   5  2.4  -9 -9.0   -9 1012.3 1022.9 -9  -9.0   6.9  -5.4  41.0   4.1   -9.0   -9.0   -9.0   -9.0   -9.0   -9.0   -9.0 -9 -9 -                       10   2   10 ScAs      -9   2   5  4862  0.0  0.40 -9   2.8  -0.2  -0.6  -0.4   0.2  -9 -9.0 -9  3  2
202501261700 108   5  2.8  -9 -9.0   -9 1011.3 1021.9 -9  -9.0   6.4  -5.6  42.0   4.0   -9.0   -9.0   -9.0   -9.0   -9.0   -9.0   -9.0 -9 -9 -                       10   1   10 ScAs      -9   2   5  4840  0.0  0.23 -9   1.4  -0.3  -0.5  -0.3   0.2  -9 -9.0 -9  3  2
202501261800 108   5  3.0  -9 -9.0   -9 1010.7 1021.3  7  -1.9   5.8  -5.2  45.0   4.2   -9.0   -9.0   -9.0   -9.0   -9.0   -9.0   -9.0 -9 -9 -                        8   2   10 ScAs       0   2   5  4824  0.0  0.05 -9  -0.2  -0.9  -0.5  -0.3   0.2  -9 -9.0 -9  3  2
202501261900 108   5  2.6  -9 -9.0   -9 1011.1 1021.7 -9  -9.0   5.2  -5.2  47.0   4.2   -9.0   -9.0   -9.0   -9.0   -9.0   -9.0   -9.0 -9 -9 -                        9   9   22 -         -9  -9  -9  4420 -9.0 -9.00 -9  -0.5  -0.9  -0.6  -0.3   0.2  -9 -9.0 -9  3 -9
202501262000 108   5  2.7  -9 -9.0   -9 1010.3 1021.0 -9  -9.0   4.7  -5.1  49.0   4.2   -9.0   -9.0   -9.0   -9.0   -9.0   -9.0   -9.0 -9 -9 -                        9   9   26 -         -9  -9  -9  4492 -9.0 -9.00 -9  -0.4  -0.9  -0.6  -0.4   0.2  -9 -9.0 -9  3 -9
202501262100 108   5  2.0  -9 -9.0   -9 1009.5 1020.2  8  -1.1   4.5  -4.7  51.0   4.3   -9.0   -9.0   -9.0   -9.0   -9.0   -9.0   -9.0 -9 -9 -                       10   6   12 ScAs      -9   2   5  4056 -9.0 -9.00 -9  -0.4  -0.9  -0.6  -0.3   0.2  -9 -9.0 -9  3  2
202501262200 108   9  1.5  -9 -9.0   -9 1009.0 1019.6 -9  -9.0   4.6  -4.6  51.0   4.3   -9.0   -9.0   -9.0   -9.0   -9.0   -9.0   -9.0 -9 -9 -                       10   1   15 -         -9  -9  -9  4047 -9.0 -9.00 -9  -0.4  -0.9  -0.5  -0.4   0.2  -9 -9.0 -9  3 -9
202501262300 108  16  4.0  -9 -9.0   -9 1008.4 1019.0 -9  -9.0   5.2  -3.8  52.0   4.6   -9.0   -9.0   -9.0   -9.0   -9.0   -9.0   -9.0 -9 -9 -                       10  10   13 -         -9  -9  -9  4100 -9.0 -9.00 -9  -0.4  -0.9  -0.5  -0.4   0.2  -9 -9.0 -9  3 -9
202501270000 108  14  2.6  -9 -9.0   -9 1007.9 1018.5  7  -1.7   5.1  -3.2  55.0   4.8   -9.0   -9.0   -9.0   -9.0   -9.0   -9.0   -9.0 -9 -9 -                       10   7   11 ScAs      -9   2   5  3774 -9.0 -9.00 -9  -0.4  -0.9  -0.5  -0.4   0.2  -9 -9.0 -9  3  2
202501270100 108  18  2.9  -9 -9.0   -9 1007.1 1017.7 -9  -9.0   4.3  -1.2  67.0   5.6   -9.0    0.0    0.0   -9.0   -9.0   -9.0   -9.0 60 62 01                      10   7    9 ScAs      -9   2   5  2835 -9.0 -9.00 -9  -0.4  -0.9  -0.6  -0.4   0.2  -9 -9.0 -9  4  1
202501270200 108   9  1.6  -9 -9.0   -9 1006.3 1017.0 -9  -9.0   3.1   0.6  84.0   6.4   -9.0    0.2    0.2   -9.0   -9.0   -9.0   -9.0 61 66 01                      10   8    7 StNs      -9   2   7  1527 -9.0 -9.00 -9  -0.4  -0.9  -0.5  -0.3   0.2  -9 -9.0 -9  4  1
202501270300 108  11  1.8  -9 -9.0   -9 1005.4 1016.1  7  -2.4   3.0   1.0  87.0   6.6    0.2    0.2    0.2   -9.0   -9.0   -9.0   -9.0 61 66 01                      10   8    6 StNs      -9   2   7  1206 -9.0 -9.00 -9  -0.3  -0.9  -0.5  -0.3   0.2  -9 -9.0 -9  4  1
202501270400 108  11  2.1  -9 -9.0   -9 1004.4 1015.1 -9  -9.0   2.7   1.0  89.0   6.6   -9.0    0.5    0.5   -9.0   -9.0   -9.0   -9.0 61 66 01                      10   8    6 StNs      -9   2   7  1153 -9.0 -9.00 -9   0.0  -0.9  -0.6  -0.3   0.2  -9 -9.0 -9  4  1
202501270500 108   9  2.1  -9 -9.0   -9 1003.5 1014.2 -9  -9.0   2.7   1.0  89.0   6.6   -9.0    0.6    0.6   -9.0   -9.0   -9.0   -9.0 60 66 01                      10   8    8 ScAs      -9   2   5  1370 -9.0 -9.00 -9   0.0  -0.9  -0.5  -0.3   0.2  -9 -9.0 -9  4  1
202501270600 108  18  2.3  -9 -9.0   -9 1003.0 1013.7  7  -2.4   2.9   1.4  90.0   6.8    0.7    0.9    0.9   -9.0   -9.0   -9.0   -9.0 61 66 01                      10   8    5 StNs      -9   2   7  1027 -9.0 -9.00 -9   0.1  -0.9  -0.6  -0.3   0.2  -9 -9.0 -9  4  1
202501270700 108  20  2.8  -9 -9.0   -9 1003.3 1014.0 -9  -9.0   1.9   0.7  92.0   6.4   -9.0    1.6    1.6   -9.0   -9.0   -9.0   -9.0 68 76 190601                  10   8    4 StNs      -9   2   7   357 -9.0 -9.00 -9  -0.4  -0.9  -0.5  -0.3   0.2  -9 -9.0 -9  4  1
202501270800 108  23  3.2  -9 -9.0   -9 1003.7 1014.4 -9  -9.0   1.3   0.4  94.0   6.3   -9.0    2.8    2.8   -9.0   -9.0    0.6    0.6 71 77 190605                  10   8    3 StNs      -9   2   7   155  0.0  0.00 -9  -0.4  -0.9  -0.5  -0.3   0.2  -9 -9.0 -9  4  1
202501270900 108  25  2.9  27 10.0  820 1004.4 1015.2  2   1.5   0.5  -0.6  92.0   5.8    3.3    4.2    4.2   -9.0    1.3    1.3    1.3 71 76 05                      10   8    3 StNs      -9   2   7   309  0.0  0.06 -9  -0.4  -0.9  -0.6  -0.3   0.2  -9 -9.0 -9  1  1
202501271000 108  25  4.7  20 12.0  918 1005.1 1015.9 -9  -9.0  -0.7  -2.7  86.0   5.0   -9.0    4.2    4.2   -9.0   -9.0    1.6    1.6 71 77 05                      10   8    3 StNs      -9   2   7   115  0.0  0.18 -9  -0.4  -0.9  -0.5  -0.3   0.2  -9 -9.0 -9  4  1
202501271100 108  23  4.1  -9 -9.0   -9 1005.2 1016.0 -9  -9.0  -0.3  -4.5  73.0   4.4   -9.0    4.7    4.7   -9.0   -9.0    2.4    2.4 70 77 05                      10   6    9 ScAs      -9   2   5  1096  0.0  0.22 -9  -0.4  -1.0  -0.5  -0.4   0.2  -9 -9.0 -9  4  1
202501271200 108  27  3.7  20 13.0 1118 1004.7 1015.5  0   0.3   0.0  -5.4  67.0   4.1    0.5    4.7    4.7   -9.0    1.1    2.3    2.3 70 77 05                       9   9   10 Sc         0   0   5  1537  0.0  0.59 -9  -0.3  -1.0  -0.6  -0.3   0.2  -9 -9.0 -9  4  1
202501271300 108  25  2.4  -9 -9.0   -9 1003.9 1014.6 -9  -9.0   1.0  -5.2  63.0   4.2   -9.0    4.7    4.7   -9.0   -9.0    1.3    1.3 22 72 05                       7   7   10 Sc         0   0   5  1427  0.5  1.35 -9  -0.1  -1.0  -0.5  -0.3   0.2  -9 -9.0 -9  4  1
202501271400 108  18  3.4  25 11.0 1325 1002.9 1013.6 -9  -9.0   1.3  -6.5  56.0   3.8   -9.0    4.7    4.7   -9.0   -9.0    1.1    1.1 22 72 05                       8   8   13 Sc         0   0   5  1702  0.6  1.43 -9   0.4  -0.1  -0.6  -0.3   0.2  -9 -9.0 -9  4  1
202501271500 108  23  5.8  18 13.0 1421 1002.4 1013.1  7  -2.4   0.4  -4.2  71.0   4.5    0.0    4.7    4.7   -9.0    0.0    1.1    1.1 70 72 05                       9   9    9 Sc         0   0   5  1845  0.1  0.56 -9   0.1  -0.1  -0.6  -0.3   0.2  -9 -9.0 -9  4  1
202501271600 108  23  3.2  23 12.0 1536 1002.5 1013.3 -9  -9.0  -0.8  -2.5  88.0   5.1   -9.0    5.4    5.4   -9.0   -9.0    2.2    2.2 71 77 05                       9   9    5 Sc         0   0   5   419  0.0  0.28 -9  -0.2  -0.2  -0.5  -0.3   0.2  -9 -9.0 -9  4  1
202501271700 108  27  4.5  25 10.0 1636 1002.4 1013.2 -9  -9.0  -0.6  -4.3  76.0   4.4   -9.0    5.5    5.5   -9.0   -9.0    2.4    2.4 22 72 05                       9   9    6 Sc         0   0   5  1338  0.0  0.17 -9  -0.3  -0.3  -0.5  -0.3   0.3  -9 -9.0 -9  4  1
202501271800 108  27  3.7  23 12.0 1536 1002.5 1013.3  1   0.2  -1.0  -5.2  73.0   4.2    0.8    5.5    5.5   -9.0    1.4    2.5    2.5 70 72 05                       9   9    6 Sc         0   0   5  1358  0.0  0.05 -9  -0.4  -0.9  -0.5  -0.3   0.3  -9 -9.0 -9  4  1
202501271900 108  27  3.6  29 10.0 1829 1002.9 1013.7 -9  -9.0  -1.4  -6.7  67.0   3.7   -9.0    5.5    5.5   -9.0   -9.0    2.5    2.5 70 77 05                       8   8   10 Sc         0   0   5  2081 -9.0 -9.00 -9  -0.4  -0.9  -0.6  -0.3   0.2  -9 -9.0 -9  4  1
202501272000 108  25  4.6  27 10.0 1940 1003.3 1014.1 -9  -9.0  -1.4  -6.7  67.0   3.7   -9.0    5.5    5.5   -9.0   -9.0    2.3    2.3 70 77 05                       8   8    8 Sc         0   0   5  2131 -9.0 -9.00 -9  -0.5  -0.9  -0.6  -0.3   0.2  -9 -9.0 -9  4  1
202501272100 108  27  3.6  23 12.0 1536 1003.6 1014.4  2   1.1  -1.5  -6.6  68.0   3.7    0.0    5.5    5.5   -9.0    0.0    2.3    2.3 70 77 05                       8   8    8 Sc         0   0   5  2059 -9.0 -9.00 -9  -0.4  -0.9  -0.6  -0.3   0.2  -9 -9.0 -9  1  1
202501272200 108  27  3.2  -9 -9.0   -9 1003.4 1014.2 -9  -9.0  -1.7  -6.0  72.0   3.9   -9.0    5.5    5.5   -9.0   -9.0    2.3    2.3 70 77 05                       9   9    7 Sc         0   0   5  1888 -9.0 -9.00 -9  -0.4  -0.9  -0.5  -0.3   0.2  -9 -9.0 -9  4  1
202501272300 108  25  4.2  -9 -9.0   -9 1003.4 1014.3 -9  -9.0  -2.3  -5.9  76.0   3.9   -9.0    5.6    5.6   -9.0   -9.0    2.5    2.5 70 77 05                       9   9    7 Sc         0   0   5  1117 -9.0 -9.00 -9  -0.4  -0.7  -0.5  -0.3   0.2  -9 -9.0 -9  4  1
202501280000 108  27  4.0  -9 -9.0   -9 1003.4 1014.3  5  -0.1  -2.7  -6.5  75.0   3.8    0.1    5.6    5.6   -9.0    0.3    2.6    2.6 70 77 05                       9   9    7 Sc         0   0   5  1177 -9.0 -9.00 -9  -0.4  -0.7  -0.5  -0.3   0.2  -9 -9.0 -9  4  1
202501280100 108  27  5.0  -9 -9.0   -9 1003.0 1013.9 -9  -9.0  -2.7  -7.0  72.0   3.6   -9.0    0.0    0.0   -9.0   -9.0   -9.0    2.6 70 77 05                       9   9    8 Sc         0   0   5  1553 -9.0 -9.00 -9  -0.4  -0.7  -0.6  -0.3   0.2  -9 -9.0 -9  4  1
202501280200 108  25  4.0  -9 -9.0   -9 1002.7 1013.6 -9  -9.0  -2.9  -6.7  75.0   3.7   -9.0    0.0    0.0   -9.0   -9.0   -9.0    2.6 70 77 05                       9   9    8 Sc         0   0   5  1019 -9.0 -9.00 -9  -0.4  -0.7  -0.5  -0.3   0.2  -9 -9.0 -9  4  1
202501280300 108  27  5.0  -9 -9.0   -9 1002.5 1013.4  7  -0.9  -3.3  -6.2  80.0   3.8    0.0    0.0    0.0   -9.0    0.0    0.0    2.5 70 77 05                       9   9    6 Sc         0   0   5   163 -9.0 -9.00 -9  -0.4  -0.7  -0.5  -0.3   0.2  -9 -9.0 -9  4  1
202501280400 108  25  3.8  25 10.0  304 1002.2 1013.1 -9  -9.0  -3.7  -7.3  76.0   3.5   -9.0    0.1    0.1   -9.0   -9.0    0.3    2.8 70 77 05                       9   9   10 Sc         0   0   5  1398 -9.0 -9.00 -9  -0.4  -0.7  -0.6  -0.3   0.2  -9 -9.0 -9  4  1
202501280500 108  27  4.2  27 11.0  404 1001.9 1012.8 -9  -9.0  -3.8  -8.2  71.0   3.3   -9.0    0.1    0.1   -9.0   -9.0    0.4    2.8 70 77 05                       9   9    9 Sc         0   0   5  1336 -9.0 -9.00 -9  -0.4  -0.7  -0.5  -0.3   0.2  -9 -9.0 -9  4  1
202501280600 108  25  4.7  27 11.0  404 1001.9 1012.8  6  -0.6  -3.9  -8.3  71.0   3.3    0.1    0.1    0.1   -9.0    0.4    0.3    2.6 70 77 05                       9   9    8 Sc         0   0   5  1418 -9.0 -9.00 -9  -0.5  -0.7  -0.5  -0.3   0.2  -9 -9.0 -9  4  1
202501280700 108  25  3.9  -9 -9.0   -9 1002.1 1013.0 -9  -9.0  -4.2  -7.6  77.0   3.5   -9.0    0.1    0.1   -9.0   -9.0    0.3    2.6 70 77 05                       9   9    9 Sc         0   0   5   573 -9.0 -9.00 -9  -0.5  -0.7  -0.5  -0.3   0.2  -9 -9.0 -9  4  1
202501280800 108  25  3.4  -9 -9.0   -9 1002.5 1013.4 -9  -9.0  -4.3  -7.7  77.0   3.4   -9.0    0.1    0.1   -9.0   -9.0    0.2    2.5 70 77 05                       9   9    6 Sc         0   0   5  1426  0.0  0.00 -9  -0.5  -0.7  -0.6  -0.3   0.2  -9 -9.0 -9  4  1
202501280900 108  25  4.6  27 11.0  404 1002.8 1013.7  2   0.9  -4.1  -7.7  76.0   3.4    0.0    0.1    0.1   -9.0    0.0    0.2    2.5 70 77 05                       9   9    8 Sc         0   0   5  1233  0.0  0.11 -9  -0.5  -0.7  -0.6  -0.3   0.2  -9 -9.0 -9  1  1
202501281000 108  27  5.0  27 10.0  936 1003.0 1013.9 -9  -9.0  -3.5  -7.4  74.0   3.5   -9.0    0.1    0.1   -9.0   -9.0    0.2    2.5 70 77 05                       7   7    5 Sc         0   0   5  1397  0.1  0.57 -9  -0.4  -0.7  -0.6  -0.3   0.2  -9 -9.0 -9  4  1
202501281100 108  27  4.4  25 10.0 1015 1003.2 1014.1 -9  -9.0  -3.2  -7.3  73.0   3.5   -9.0    0.1    0.1   -9.0   -9.0    0.1    2.4 70 77 05                       9   9    5 Sc         0   0   5   822  0.3  0.93 -9  -0.4  -0.7  -0.6  -0.3   0.2  -9 -9.0 -9  4  1
202501281200 108  27  5.2  27 10.0  936 1003.2 1014.1  1   0.4  -3.0  -7.3  72.0   3.5    0.0    0.1    0.1   -9.0    0.0    0.1    2.4 71 77 05                       9   9    6 Sc         0   0   5   576  0.0  0.76 -9  -0.4  -0.8  -0.6  -0.3   0.2  -9 -9.0 -9  4  1
202501281300 108  29  5.1  25 12.0 1239 1003.2 1014.1 -9  -9.0  -3.2  -7.1  74.0   3.6   -9.0    0.1    0.1   -9.0   -9.0    0.2    2.4 71 77 05                       9   9    7 Sc         0   0   5   162  0.0  0.73 -9  -0.4  -0.7  -0.5  -0.3   0.2  -9 -9.0 -9  4  1
202501281400 108  27  4.4  25 11.0 1312 1003.3 1014.2 -9  -9.0  -3.0  -7.7  70.0   3.4   -9.0    0.1    0.1   -9.0   -9.0    0.3    2.4 71 77 05                       9   9    7 Sc         0   0   5   749  0.0  0.72 -9  -0.4  -0.8  -0.6  -0.3   0.2  -9 -9.0 -9  4  1
202501281500 108  29  5.2  29 14.0 1500 1003.7 1014.6  2   0.5  -2.6  -9.5  59.0   3.0    0.0    0.1    0.1   -9.0    0.2    0.1    2.1 70 77 05                       9   9    8 Sc         0   0   5  2061  0.1  0.80 -9  -0.4  -0.7  -0.6  -0.3   0.2  -9 -9.0 -9  4  1
202501281600 108  27  4.9  29 15.0 1508 1004.6 1015.5 -9  -9.0  -2.9  -9.1  62.0   3.1   -9.0    0.1    0.1   -9.0   -9.0    0.1    2.1 70 77 05                       8   8    8 Sc         0   0   5  1866  0.1  0.60 -9  -0.4  -0.7  -0.5  -0.3   0.3  -9 -9.0 -9  4  1
202501281700 108  27  4.1  -9 -9.0   -9 1005.4 1016.3 -9  -9.0  -3.1  -8.7  65.0   3.2   -9.0    0.1    0.1   -9.0   -9.0    0.1    2.0 70 77 05                       8   8    8 Sc         0   0   5  1713  0.0  0.42 -9  -0.4  -0.7  -0.5  -0.3   0.2  -9 -9.0 -9  4  1
202501281800 108  29  3.2  29 15.0 1508 1006.2 1017.2  2   2.6  -4.0  -9.6  65.0   3.0    0.0    0.1    0.1   -9.0    0.0    0.1    2.0 22 71 05                       4   4    8 Sc         0   0   4  1987  0.0  0.10 -9  -0.4  -0.7  -0.6  -0.3   0.2  -9 -9.0 -9  4  1
202501281900 108  27  3.4  -9 -9.0   -9 1007.1 1018.1 -9  -9.0  -4.7  -9.3  70.0   3.0   -9.0    0.1    0.1   -9.0   -9.0    0.0    1.9 -9 -9 -                        6   3   10 -         -9  -9  -9  1924 -9.0 -9.00 -9  -0.6  -0.7  -0.4   0.1   0.7  -9 -9.0 -9  3  2
202501282000 108  27  3.8  -9 -9.0   -9 1008.0 1019.0 -9  -9.0  -4.9  -9.1  72.0   3.1   -9.0    0.1    0.1   -9.0   -9.0    0.0    1.9 70 72 05                       8   8    7 Sc         0   0   5  1569 -9.0 -9.00 -9  -0.7  -0.7  -0.4   0.1   0.7  -9 -9.0 -9  4  1
202501282100 108  27  2.9  29 15.0 1508 1008.6 1019.6  2   2.4  -4.9  -9.5  70.0   3.0    0.0    0.1    0.1   -9.0    0.0    0.0    1.9 70 77 05                       9   9    7 Sc         0   0   5  1734 -9.0 -9.00 -9  -0.8  -0.7  -0.4   0.1   0.7  -9 -9.0 -9  1  1
202501282200 108  29  3.3  -9 -9.0   -9 1009.0 1020.0 -9  -9.0  -5.0  -9.6  70.0   3.0   -9.0    0.1    0.1   -9.0   -9.0    0.0    1.9 70 77 05                       9   9    7 Sc         0   0   5  1602 -9.0 -9.00 -9  -0.8  -0.7  -0.4   0.1   0.7  -9 -9.0 -9  4  1
202501282300 108  27  2.2  -9 -9.0   -9 1009.4 1020.5 -9  -9.0  -5.2  -9.2  73.0   3.0   -9.0    0.1    0.1   -9.0   -9.0    0.0    1.9 71 77 05                       9   9    6 Sc         0   0   5  1264 -9.0 -9.00 -9  -0.8  -0.8  -0.4   0.1   0.7  -9 -9.0 -9  4  1
202501290000 108  25  2.5  -9 -9.0   -9 1009.8 1020.9  2   1.3  -5.2  -8.6  77.0   3.2    0.0    0.1    0.1   -9.0    0.1    0.1    1.9 71 77 05                       9   9    7 Sc         0   0   5   673 -9.0 -9.00 -9  -0.8  -0.7  -0.4   0.2   0.7  -9 -9.0 -9  4  1
202501290100 108  25  2.0  -9 -9.0   -9 1010.1 1021.2 -9  -9.0  -5.1  -8.3  78.0   3.3   -9.0    0.0    0.0   -9.0   -9.0    0.0    1.9 71 77 05                       9   9    8 Sc         0   0   5  1403 -9.0 -9.00 -9  -0.8  -0.7  -0.4   0.1   0.7  -9 -9.0 -9  4  1
202501290200 108  27  2.8  -9 -9.0   -9 1010.2 1021.2 -9  -9.0  -4.8  -8.2  77.0   3.3   -9.0    0.0    0.0   -9.0   -9.0    0.0    1.9 71 77 05                       9   9    8 Sc         0   0   5  1190 -9.0 -9.00 -9  -0.9  -0.7  -0.4   0.2   0.7  -9 -9.0 -9  4  1
202501290300 108  29  3.0  -9 -9.0   -9 1010.6 1021.6  2   0.7  -4.7  -7.4  81.0   3.5    0.0    0.0    0.0   -9.0    0.0    0.0    1.9 71 77 05                       9   9    5 Sc         0   0   5   497 -9.0 -9.00 -9  -0.9  -0.7  -0.4   0.2   0.7  -9 -9.0 -9  4  1
202501290400 108  29  3.3  -9 -9.0   -9 1010.7 1021.8 -9  -9.0  -5.2  -7.7  82.0   3.4   -9.0    0.0    0.0   -9.0   -9.0    0.4    2.2 71 77 05                       9   9    5 Sc         0   0   5   281 -9.0 -9.00 -9  -0.9  -0.7  -0.4   0.2   0.7  -9 -9.0 -9  4  1
202501290500 108  27  2.7  -9 -9.0   -9 1010.7 1021.8 -9  -9.0  -5.4  -7.5  85.0   3.5   -9.0    0.2    0.2   -9.0   -9.0    1.0    2.9 71 77 05                       8   8    5 Sc         0   0   5   328 -9.0 -9.00 -9  -0.9  -0.7  -0.4   0.2   0.7  -9 -9.0 -9  4  1
202501290600 108  29  3.0  -9 -9.0   -9 1011.0 1022.1  2   0.5  -5.8  -8.0  84.0   3.3    0.2    0.2    0.2   -9.0    1.0    1.0    2.9 71 77 05                       8   8    5 Sc         0   0   5   779 -9.0 -9.00 -9  -0.9  -0.8  -0.4   0.2   0.7  -9 -9.0 -9  4  1
202501290700 108  27  2.0  -9 -9.0   -9 1011.7 1022.8 -9  -9.0  -6.2  -9.0  80.0   3.1   -9.0    0.2    0.2   -9.0   -9.0    1.0    2.9 71 77 05                       8   8    6 Sc         0   0   5  1121 -9.0 -9.00 -9  -1.0  -0.7  -0.4   0.2   0.7  -9 -9.0 -9  4  1
202501290800 108  29  1.6  -9 -9.0   -9 1012.4 1023.5 -9  -9.0  -6.3  -9.1  80.0   3.1   -9.0    0.2    0.2   -9.0   -9.0    1.0    2.9 71 77 05                       8   8    6 Sc         0   0   5   992  0.0  0.02 -9  -1.0  -0.7  -0.4   0.2   0.7  -9 -9.0 -9  4  1
202501290900 108  29  2.3  -9 -9.0   -9 1013.4 1024.5  2   2.4  -6.4  -9.2  80.0   3.0    0.0    0.2    0.2   -9.0    0.0    1.0    2.9 70 77 05                       6   6    4 Sc         0   0   5   555  0.1  0.21 -9  -1.0  -0.7  -0.4   0.2   0.7  -9 -9.0 -9  1  1
202501291000 108  27  2.6  -9 -9.0   -9 1014.1 1025.2 -9  -9.0  -5.3  -9.3  73.0   3.0   -9.0    0.2    0.2   -9.0   -9.0    1.0    2.8 70 77 05                       8   8    4 Sc         0   0   5  1380  0.7  0.71 -9  -0.7  -0.8  -0.6  -0.2   0.3  -9 -9.0 -9  4  1
202501291100 108  27  3.4  -9 -9.0   -9 1014.5 1025.6 -9  -9.0  -4.5  -9.5  68.0   3.0   -9.0    0.2    0.2   -9.0   -9.0    0.8    2.6 70 77 05                       8   8    5 Sc         0   0   5  2150  0.2  0.89 -9  -0.6  -0.8  -0.6  -0.2   0.3  -9 -9.0 -9  4  1
202501291200 108  27  3.6  -9 -9.0   -9 1014.2 1025.2  0   0.7  -3.6  -9.8  62.0   2.9    0.0    0.2    0.2   -9.0    0.0    0.3    2.0 22 72 05                       6   6    6 Sc         0   0   5  2145  0.7  1.85 -9  -0.5  -0.8  -0.6  -0.2   0.3  -9 -9.0 -9  4  1
202501291300 108  27  4.4  -9 -9.0   -9 1013.5 1024.5 -9  -9.0  -2.1 -10.9  51.0   2.7   -9.0    0.2    0.2   -9.0   -9.0   -9.0    1.3 -9 -9 -                        4   4    9 Sc         0   0   5  2251  0.9  2.34 -9  -0.4  -0.8  -0.6  -0.2   0.3  -9 -9.0 -9  3  2
202501291400 108  25  4.4  -9 -9.0   -9 1013.3 1024.2 -9  -9.0  -1.5 -10.5  50.0   2.8   -9.0    0.2    0.2   -9.0   -9.0   -9.0    0.8 -9 -9 -                        6   6   10 Sc         0   0   5  1998  1.0  2.51 -9  -0.4  -0.8  -0.6  -0.2   0.3  -9 -9.0 -9  3  2
202501291500 108  27  4.5  27 10.0 1408 1013.6 1024.6  5  -0.6  -2.3 -10.3  54.0   2.8   -9.0    0.2    0.2   -9.0   -9.0   -9.0    0.7 -9 71 -                        5   5    9 Sc         0   0   5  2339  0.8  1.65 -9  -0.4  -0.7  -0.6  -0.2   0.3  -9 -9.0 -9  3  1
202501291600 108  27  4.5  -9 -9.0   -9 1013.8 1024.8 -9  -9.0  -1.9 -11.7  47.0   2.5   -9.0    0.2    0.2   -9.0   -9.0   -9.0    0.5 -9 -9 -                        1   1   13 Sc         0   0   5  2718  0.9  1.31 -9  -0.4  -0.7  -0.6  -0.2   0.3  -9 -9.0 -9  3  2
202501291700 108  29  3.3  -9 -9.0   -9 1013.8 1024.8 -9  -9.0  -2.5 -12.8  45.0   2.3   -9.0    0.2    0.2   -9.0   -9.0   -9.0    0.5 -9 -9 -                        0   0   -9 -         -9  -9  -9  2990  1.0  0.70 -9  -0.4  -0.8  -0.6  -0.2   0.3  -9 -9.0 -9  3  2
202501291800 108  27  3.2  -9 -9.0   -9 1014.2 1025.2  2   0.6  -3.6 -11.8  53.0   2.5   -9.0    0.2    0.2   -9.0   -9.0   -9.0    0.5 -9 -9 -                        0   0   -9 -         -9  -9  -9  2726  0.4  0.16 -9  -0.5  -0.8  -0.5   0.0   0.5  -9 -9.0 -9  3  2
202501291900 108  27  2.8  -9 -9.0   -9 1014.5 1025.6 -9  -9.0  -4.3 -11.7  56.0   2.5   -9.0    0.2    0.2   -9.0   -9.0   -9.0    0.4 -9 -9 -                        0   0   -9 -         -9  -9  -9  3188 -9.0 -9.00 -9  -0.8  -0.8  -0.5   0.0   0.6  -9 -9.0 -9  3  2
202501292000 108  27  2.9  -9 -9.0   -9 1014.7 1025.8 -9  -9.0  -4.7 -12.3  55.0   2.4   -9.0    0.2    0.2   -9.0   -9.0   -9.0    0.4 -9 -9 -                        0   0   -9 -         -9  -9  -9  3577 -9.0 -9.00 -9  -1.3  -0.9  -0.5   0.0   0.6  -9 -9.0 -9  3  2
202501292100 108  27  3.0  -9 -9.0   -9 1015.1 1026.2  2   1.0  -5.0 -12.2  57.0   2.4   -9.0    0.2    0.2   -9.0   -9.0   -9.0    0.4 -9 -9 -                        0   0   -9 -         -9  -9  -9  3839 -9.0 -9.00 -9  -2.0  -0.9  -0.5   0.1   0.6  -9 -9.0 -9  3  2
202501292200 108  27  2.7  -9 -9.0   -9 1015.4 1026.5 -9  -9.0  -5.4 -12.8  56.0   2.3   -9.0    0.2    0.2   -9.0   -9.0   -9.0    0.4 -9 -9 -                        0   0   -9 -         -9  -9  -9  4078 -9.0 -9.00 -9  -2.5  -0.9  -0.5   0.0   0.6  -9 -9.0 -9  3  2
202501292300 108  25  2.8  -9 -9.0   -9 1015.6 1026.7 -9  -9.0  -5.4 -12.1  59.0   2.4   -9.0    0.2    0.2   -9.0   -9.0   -9.0    0.4 -9 -9 -                        5   1   14 -         -9  -9  -9  3595 -9.0 -9.00 -9  -2.7  -0.9  -0.5   0.0   0.6  -9 -9.0 -9  3  2
202501300000 108  27  2.6  -9 -9.0   -9 1015.6 1026.7  1   0.5  -5.5 -12.4  58.0   2.4   -9.0    0.2    0.2   -9.0   -9.0   -9.0    0.4 -9 -9 -                        0   0   -9 -         -9  -9  -9  3666 -9.0 -9.00 -9  -2.9  -1.0  -0.6   0.0   0.5  -9 -9.0 -9  3  2
202501300100 108  27  2.5  -9 -9.0   -9 1015.9 1027.1 -9  -9.0  -5.9 -12.2  61.0   2.4   -9.0   -9.0   -9.0   -9.0   -9.0   -9.0    0.4 -9 -9 -                        5   2   17 -         -9  -9  -9  3262 -9.0 -9.00 -9  -3.0  -1.0  -0.6   0.1   0.6  -9 -9.0 -9  3  2
202501300200 108  25  2.2  -9 -9.0   -9 1016.3 1027.5 -9  -9.0  -6.2 -12.1  63.0   2.4   -9.0   -9.0   -9.0   -9.0   -9.0   -9.0    0.4 -9 -9 -                        1   1   18 -         -9  -9  -9  3023 -9.0 -9.00 -9  -3.3  -1.1  -0.6   0.0   0.6  -9 -9.0 -9  3  2
202501300300 108  27  0.9  -9 -9.0   -9 1016.5 1027.7  2   1.0  -6.6 -12.4  63.0   2.4   -9.0   -9.0   -9.0   -9.0   -9.0   -9.0    0.4 -9 -9 -                        5   5   14 Sc         0   0   5  3253 -9.0 -9.00 -9  -3.4  -1.1  -0.7   0.0   0.6  -9 -9.0 -9  3  2
202501300400 108  27  1.7  -9 -9.0   -9 1016.1 1027.3 -9  -9.0  -6.5 -12.5  62.0   2.3   -9.0   -9.0   -9.0   -9.0   -9.0   -9.0    0.4 -9 -9 -                        5   5   13 Sc         0   0   5  3308 -9.0 -9.00 -9  -3.5  -1.2  -0.7   0.1   0.6  -9 -9.0 -9  3  2
202501300500 108  27  1.2  -9 -9.0   -9 1016.4 1027.6 -9  -9.0  -7.1 -13.1  62.0   2.2   -9.0   -9.0   -9.0   -9.0   -9.0   -9.0    0.4 -9 -9 -                        6   6   13 Sc         0   0   5  3329 -9.0 -9.00 -9  -3.7  -1.2  -0.8   0.1   0.6  -9 -9.0 -9  3  2
202501300600 108  32  1.2  -9 -9.0   -9 1016.7 1027.9  3   0.2  -7.2 -13.2  62.0   2.2   -9.0   -9.0   -9.0   -9.0   -9.0   -9.0    0.4 -9 -9 -                        6   6   15 Sc         0   0   5  3319 -9.0 -9.00 -9  -3.9  -1.3  -0.8   0.1   0.6  -9 -9.0 -9  3  2
202501300700 108  27  1.7  -9 -9.0   -9 1016.8 1028.0 -9  -9.0  -7.3 -13.5  61.0   2.2   -9.0   -9.0   -9.0   -9.0   -9.0   -9.0    0.4 -9 -9 -                        6   6   14 Sc         0   0   5  3192 -9.0 -9.00 -9  -3.9  -1.4  -0.9   0.1   0.6  -9 -9.0 -9  3  2
202501300800 108  32  1.1  -9 -9.0   -9 1017.2 1028.4 -9  -9.0  -7.4 -13.4  62.0   2.2   -9.0   -9.0   -9.0   -9.0   -9.0   -9.0    0.4 -9 -9 -                        4   4   14 Sc         0   0   5  3082  0.0  0.01 -9  -3.9  -1.4  -0.9   0.1   0.6  -9 -9.0 -9  3  2
202501300900 108  36  1.2  -9 -9.0   -9 1017.7 1028.9  2   1.0  -7.0 -12.8  63.0   2.3   -9.0   -9.0   -9.0   -9.0   -9.0   -9.0    0.4 -9 -9 -                        6   6   12 Sc         0   0   5  2929  0.2  0.26 -9  -2.9  -0.8  -0.9   0.1   0.6  -9 -9.0 -9  3  2
202501301000 108  29  1.4  -9 -9.0   -9 1017.9 1029.0 -9  -9.0  -5.2 -13.0  54.0   2.3   -9.0   -9.0   -9.0   -9.0   -9.0   -9.0    0.3 -9 -9 -                        2   2   11 Sc         0   0   5  3317  0.9  0.87 -9  -1.2  -0.6  -1.0  -0.2   0.3  -9 -9.0 -9  3  2
202501301100 108  20  1.2  -9 -9.0   -9 1018.1 1029.2 -9  -9.0  -3.4 -13.1  47.0   2.2   -9.0   -9.0   -9.0   -9.0   -9.0   -9.0    0.3 -9 -9 -                        8   8   12 Sc         0   0   5  3019  0.7  1.22 -9  -0.6  -0.5  -0.9  -0.1   0.4  -9 -9.0 -9  3  2
202501301200 108  25  1.4  -9 -9.0   -9 1017.5 1028.5  8  -0.4  -2.3 -14.4  39.0   2.0   -9.0   -9.0   -9.0   -9.0   -9.0   -9.0    0.3 -9 -9 -                        1   1   11 Sc         0   0   5  3637  0.3  1.40 -9  -0.3  -0.4  -0.8  -0.2   0.4  -9 -9.0 -9  3  2
202501301300 108  25  2.8  -9 -9.0   -9 1017.0 1028.0 -9  -9.0  -1.2 -15.0  34.0   1.9   -9.0   -9.0   -9.0   -9.0   -9.0   -9.0    0.3 -9 -9 -                        8   8   12 Sc         0   0   5  3434  0.5  1.72 -9   0.0  -0.3  -0.8  -0.1   0.4  -9 -9.0 -9  3  2
202501301400 108  20  2.6  -9 -9.0   -9 1016.6 1027.6 -9  -9.0  -1.3 -14.8  35.0   1.9   -9.0   -9.0   -9.0   -9.0   -9.0   -9.0    0.2 -9 -9 -                        8   8   12 Sc         0   0   5  3579  0.1  1.15 -9   0.3  -0.3  -0.7  -0.1   0.4  -9 -9.0 -9  3  2
202501301500 108  25  1.9  -9 -9.0   -9 1016.7 1027.7  5  -0.8  -1.3 -15.5  33.0   1.8   -9.0   -9.0   -9.0   -9.0   -9.0   -9.0   -9.0 -9 -9 -                        9   9   11 Sc         0   0   5  3820  0.0  0.71 -9   0.0  -0.3  -0.7  -0.1   0.4  -9 -9.0 -9  3  2
202501301600 108  25  2.4  -9 -9.0   -9 1016.7 1027.7 -9  -9.0  -1.7 -17.0  30.0   1.6   -9.0   -9.0   -9.0   -9.0   -9.0   -9.0   -9.0 -9 -9 -                        9   9   10 Sc         0   0   5  4590  0.0  0.40 -9  -0.2  -0.3  -0.7  -0.2   0.4  -9 -9.0 -9  3  2
202501301700 108  29  2.1  -9 -9.0   -9 1016.9 1027.9 -9  -9.0  -1.7 -16.2  32.0   1.7   -9.0   -9.0   -9.0   -9.0   -9.0   -9.0   -9.0 -9 -9 -                        9   9   12 Sc         0   0   5  3816  0.0  0.21 -9  -0.2  -0.2  -0.7  -0.2   0.4  -9 -9.0 -9  3  2
202501301800 108  29  1.5  -9 -9.0   -9 1016.7 1027.7  4   0.0  -1.8 -15.6  34.0   1.8   -9.0   -9.0   -9.0   -9.0   -9.0   -9.0   -9.0 -9 -9 -                        9   9   11 Sc         0   0   5  3881  0.0  0.06 -9  -0.2  -0.2  -0.7  -0.2   0.4  -9 -9.0 -9  3  2
202501301900 108  25  1.2  -9 -9.0   -9 1016.9 1027.9 -9  -9.0  -1.8 -14.9  36.0   1.9   -9.0   -9.0   -9.0   -9.0   -9.0   -9.0   -9.0 -9 -9 -                        9   9   11 -         -9  -9  -9  3790 -9.0 -9.00 -9  -0.3  -0.2  -0.7  -0.2   0.4  -9 -9.0 -9  3 -9
202501302000 108  25  0.9  -9 -9.0   -9 1016.9 1027.9 -9  -9.0  -1.9 -15.3  35.0   1.9   -9.0   -9.0   -9.0   -9.0   -9.0   -9.0   -9.0 -9 -9 -                        9   9   10 -         -9  -9  -9  3868 -9.0 -9.00 -9  -0.5  -0.2  -0.7  -0.2   0.4  -9 -9.0 -9  3 -9
202501302100 108  34  1.0  -9 -9.0   -9 1016.7 1027.7  4   0.0  -2.1 -14.5  38.0   2.0   -9.0   -9.0   -9.0   -9.0   -9.0   -9.0   -9.0 -9 -9 -                        8   8   14 Sc         0   0   5  3651 -9.0 -9.00 -9  -0.6  -0.2  -0.7  -0.2   0.4  -9 -9.0 -9  3  2
202501302200 108  36  1.0  -9 -9.0   -9 1016.9 1027.9 -9  -9.0  -1.9 -14.6  37.0   2.0   -9.0   -9.0   -9.0   -9.0   -9.0   -9.0   -9.0 -9 -9 -                        9   8    9 -         -9  -9  -9  3579 -9.0 -9.00 -9  -0.7  -0.3  -0.7  -0.2   0.3  -9 -9.0 -9  3 -9
202501302300 108   2  1.3  -9 -9.0   -9 1016.8 1027.8 -9  -9.0  -2.0 -13.8  40.0   2.1   -9.0   -9.0   -9.0   -9.0   -9.0   -9.0   -9.0 -9 -9 -                        9   9    8 -         -9  -9  -9  3673 -9.0 -9.00 -9  -0.9  -0.3  -0.7  -0.2   0.4  -9 -9.0 -9  3 -9
202501310000 108   5  1.4  -9 -9.0   -9 1016.6 1027.6  8  -0.1  -1.8 -13.3  41.0   2.2   -9.0   -9.0   -9.0   -9.0   -9.0   -9.0   -9.0 -9 -9 -                        9   9    8 Sc         0   0   5  3523 -9.0 -9.00 -9  -1.1  -0.3  -0.7  -0.2   0.3  -9 -9.0 -9  3  2
202501310100 108   5  1.6  -9 -9.0   -9 1016.3 1027.3 -9  -9.0  -1.6 -13.1  41.0   2.2   -9.0   -9.0   -9.0   -9.0   -9.0   -9.0   -9.0 -9 -9 -                        9   8    7 -         -9  -9  -9  3460 -9.0 -9.00 -9  -1.3  -0.3  -0.7  -0.2   0.3  -9 -9.0 -9  3 -9
202501310200 108   5  1.5  -9 -9.0   -9 1016.1 1027.1 -9  -9.0  -1.9 -12.8  43.0   2.3   -9.0   -9.0   -9.0   -9.0   -9.0   -9.0   -9.0 -9 -9 -                        9   9    7 -         -9  -9  -9  3689 -9.0 -9.00 -9  -1.4  -0.3  -0.7  -0.2   0.4  -9 -9.0 -9  3 -9
202501310300 108   5  1.9  -9 -9.0   -9 1016.3 1027.3  5  -0.3  -1.7 -11.8  46.0   2.5    0.0    0.0    0.0   -9.0   -9.0   -9.0   -9.0 70 72 05                       9   9    7 Sc         0   0   5  2744 -9.0 -9.00 -9  -1.4  -0.3  -0.7  -0.2   0.4  -9 -9.0 -9  4  1
202501310400 108   7  1.4  -9 -9.0   -9 1016.1 1027.1 -9  -9.0  -1.9  -9.7  55.0   2.9   -9.0    0.0    0.0   -9.0   -9.0    0.1    0.1 71 77 05                       9   9    7 Sc         0   0   5  1373 -9.0 -9.00 -9  -1.3  -0.3  -0.8  -0.2   0.4  -9 -9.0 -9  4  1
202501310500 108   5  2.1  -9 -9.0   -9 1015.8 1026.8 -9  -9.0  -2.3  -7.4  68.0   3.5   -9.0    0.0    0.0   -9.0   -9.0    0.1    0.1 71 77 05                       9   9    7 Sc         0   0   5  2004 -9.0 -9.00 -9  -1.4  -0.3  -0.8  -0.2   0.4  -9 -9.0 -9  4  1
202501310600 108   7  1.2  -9 -9.0   -9 1016.1 1027.1  5  -0.2  -2.5  -6.8  72.0   3.7    0.0    0.0    0.0   -9.0    0.2    0.2    0.2 71 77 05                       9   9    7 Sc         0   0   5  1640 -9.0 -9.00 -9  -1.4  -0.3  -0.8  -0.2   0.3  -9 -9.0 -9  4  1
202501310700 108   5  2.5  -9 -9.0   -9 1016.4 1027.4 -9  -9.0  -2.6  -6.0  77.0   3.9   -9.0    0.1    0.1   -9.0   -9.0    0.2    0.2 71 77 05                       9   9    7 Sc         0   0   5  1317 -9.0 -9.00 -9  -1.4  -0.3  -0.8  -0.2   0.4  -9 -9.0 -9  4  1
202501310800 108   5  2.5  -9 -9.0   -9 1016.8 1027.8 -9  -9.0  -2.4  -5.2  81.0   4.2   -9.0    0.1    0.1   -9.0   -9.0    0.3    0.3 70 77 05                       9   9    6 Sc         0   0   5  1366  0.0  0.01 -9  -1.3  -0.4  -0.8  -0.2   0.4  -9 -9.0 -9  4  1
202501310900 108   7  2.5  -9 -9.0   -9 1016.9 1027.9  2   0.8  -2.1  -4.7  82.0   4.3    0.1    0.1    0.1   -9.0    0.1    0.3    0.3 71 77 05                       9   9    6 Sc         0   0   5   906  0.0  0.10 -9  -1.0  -0.4  -0.8  -0.2   0.4  -9 -9.0 -9  1  1
202501311000 108   5  2.6  -9 -9.0   -9 1017.2 1028.2 -9  -9.0  -1.9  -4.4  83.0   4.4   -9.0    0.1    0.1   -9.0   -9.0    0.4    0.4 71 77 05                       9   9    7 Sc         0   0   5   698  0.0  0.25 -9  -0.7  -0.3  -0.8  -0.2   0.3  -9 -9.0 -9  4  1
202501311100 108   5  3.2  -9 -9.0   -9 1016.9 1027.9 -9  -9.0  -1.5  -4.1  82.0   4.5   -9.0    0.1    0.1   -9.0   -9.0    0.4    0.4 22 72 05                       9   9    6 Sc         0   0   5  1232  0.0  0.19 -9  -0.6  -0.3  -0.7  -0.2   0.4  -9 -9.0 -9  4  1
202501311200 108   7  2.0  -9 -9.0   -9 1016.5 1027.5  8  -0.4  -0.9  -4.0  79.0   4.5    0.0    0.1    0.1   -9.0    0.1    0.3    0.3 70 72 05                       9   9    6 Sc         0   0   5  1147  0.0  0.32 -9  -0.5  -0.3  -0.7  -0.2   0.4  -9 -9.0 -9  4  1
202501311300 108   7  1.6  -9 -9.0   -9 1015.9 1026.8 -9  -9.0  -0.6  -3.4  81.0   4.8   -9.0    0.1    0.1   -9.0   -9.0    0.3    0.3 71 77 05                       9   9    6 Sc         0   0   5   670  0.0  0.23 -9  -0.4  -0.3  -0.7  -0.2   0.4  -9 -9.0 -9  4  1
202501311400 108   7  2.5  -9 -9.0   -9 1015.5 1026.4 -9  -9.0  -0.7  -2.5  87.0   5.1   -9.0    0.8    0.8   -9.0   -9.0    1.0    1.0 71 77 05                      10  10    4 St        -9  -9   7   155  0.0  0.20 -9  -0.4  -0.3  -0.7  -0.2   0.4  -9 -9.0 -9  4  1
202501311500 108   5  2.9  -9 -9.0   -9 1014.7 1025.6  7  -1.9  -0.4  -1.8  90.0   5.4    1.4    1.5    1.5   -9.0    1.7    2.0    2.0 71 77 05                      10  10    4 St        -9  -9   7   153  0.0  0.26 -9  -0.4  -0.2  -0.7  -0.2   0.4  -9 -9.0 -9  4  1
202501311600 108   5  2.5  -9 -9.0   -9 1014.1 1025.0 -9  -9.0  -0.2  -1.6  90.0   5.4   -9.0    1.9    1.9   -9.0   -9.0    2.3    2.3 71 77 05                      10  10    4 St        -9  -9   7   406  0.0  0.19 -9  -0.4  -0.2  -0.7  -0.2   0.3  -9 -9.0 -9  4  1
202501311700 108   5  2.5  -9 -9.0   -9 1014.0 1024.9 -9  -9.0  -0.1  -1.5  90.0   5.5   -9.0    1.9    1.9   -9.0   -9.0    2.4    2.4 71 77 05                      10  10    5 St        -9  -9   7   516  0.0  0.06 -9  -0.4  -0.2  -0.7  -0.2   0.3  -9 -9.0 -9  4  1
202501311800 108   5  1.7  -9 -9.0   -9 1014.2 1025.1  5  -0.5   0.0  -1.2  91.0   5.6    0.6    2.1    2.1   -9.0    0.6    2.6    2.6 71 77 05                      10  10    3 St        -9  -9   7   299  0.0  0.02 -9  -0.4  -0.2  -0.6  -0.2   0.4  -9 -9.0 -9  4  1
202501311900 108   5  1.5  -9 -9.0   -9 1014.5 1025.4 -9  -9.0   0.2  -0.9  92.0   5.7   -9.0    2.2    2.2   -9.0   -9.0    2.7    2.7 71 77 05                      10  10    5 St        -9  -9   7   348 -9.0 -9.00 -9  -0.4  -0.2  -0.6  -0.2   0.3  -9 -9.0 -9  4  1
202501312000 108   7  1.2  -9 -9.0   -9 1014.6 1025.5 -9  -9.0   0.3  -0.8  92.0   5.8   -9.0    2.4    2.4   -9.0   -9.0    2.9    2.9 71 77 05                      10  10    5 St        -9  -9   7   315 -9.0 -9.00 -9  -0.4  -0.2  -0.6  -0.2   0.4  -9 -9.0 -9  4  1
202501312100 108   7  2.1  -9 -9.0   -9 1014.5 1025.4  0   0.3   0.4  -0.9  91.0   5.7    0.3    2.4    2.4   -9.0    0.3    2.9    2.9 71 77 1905                    10  10    4 St        -9  -9   7   513 -9.0 -9.00 -9  -0.4  -0.2  -0.6  -0.2   0.3  -9 -9.0 -9  1  1
202501312200 108   7  1.7  -9 -9.0   -9 1014.4 1025.3 -9  -9.0   0.6  -0.7  91.0   5.8   -9.0    2.4    2.4   -9.0   -9.0    2.9    2.9 22 72 1905                     9   9    9 Sc         0   0   5   590 -9.0 -9.00 -9  -0.4  -0.2  -0.6  -0.2   0.3  -9 -9.0 -9  4  1
202501312300 108   5  0.9  -9 -9.0   -9 1014.6 1025.5 -9  -9.0   0.6  -0.8  90.0   5.8   -9.0    2.4    2.4   -9.0   -9.0    2.8    2.8 -9 -9 19                      10  10    9 -         -9  -9  -9   463 -9.0 -9.00 -9  -0.4  -0.2  -0.6  -0.2   0.3  -9 -9.0 -9  3  2
#7777END
