#START7777
#2345678901234567890123456789012345678901234567890123456789012345678901234567890123456789012345678901234567890123456789012345678901234567890123456789012345678901234567890123456789012345678901234567890123456789012345678901234567890123456789012345678901234
# YYMMDDHHMI STN  WD   WS GST  GST  GST     PA     PS PT    PR    TA    TD    HM    PV     RN     RN     RN     RN     SD     SD     SD WC WP WW                      CA  CA   CH CT        CT  CT  CT    VS   SS    SI ST    TS    TE    TE    TE    TE  ST   WH BF IR IX
#        KST  ID  16  m/s  WD   WS   TM    hPa    hPa  -   hPa     C     C     %   hPa     mm    DAY    JUN    INT    HR3    DAY    TOT -- -- ---------------------- TOT MID  MIN -------- TOP MID LOW                  GD     C     5    10    20    30 SEA    m --  -  -
202410010000 108  29  0.9  -9 -9.0   -9 1001.8 1011.7  7  -1.4  21.8  16.5  72.0  18.8   -9.0   -9.0   -9.0   -9.0   -9.0   -9.0   -9.0 -9 -9 -                       10   0   -9 Cs         7   0   0  3917 -9.0 -9.00 -9  20.3  22.8  23.2  23.9  24.1  -9 -9.0 -9  3  2
202410010100 108  36  1.2  -9 -9.0   -9 1001.2 1011.1 -9  -9.0  21.6  16.7  74.0  19.0   -9.0   -9.0   -9.0   -9.0   -9.0   -9.0   -9.0 -9 -9 -                        8   8   48 -         -9  -9  -9  3493 -9.0 -9.00 -9  20.0  22.7  23.0  23.8  24.1  -9 -9.0 -9  3 -9
202410010200 108   0  0.2  -9 -9.0   -9 1000.8 1010.7 -9  -9.0  21.3  16.6  75.0  18.9   -9.0   -9.0   -9.0   -9.0   -9.0   -9.0   -9.0 -9 -9 -                        8   8   51 -         -9  -9  -9  3305 -9.0 -9.00 -9  19.4  22.5  22.8  23.4  23.8  -9 -9.0 -9  3 -9
202410010300 108  18  0.6  -9 -9.0   -9 1000.1 1010.0  7  -1.7  21.0  16.8  77.0  19.1   -9.0   -9.0   -9.0   -9.0   -9.0   -9.0   -9.0 -9 -9 -                        5   5    7 Sc         0   0   5  3505 -9.0 -9.00 -9  19.3  22.2  22.5  23.0  23.4  -9 -9.0 -9  3  2
202410010400 108  11  1.2  -9 -9.0   -9  999.3 1009.2 -9  -9.0  21.2  16.7  76.0  19.0   -9.0   -9.0   -9.0   -9.0   -9.0   -9.0   -9.0 -9 -9 -                        7   0   -9 Ci         1   0   0  3647 -9.0 -9.00 -9  19.3  22.1  22.5  23.2  23.7  -9 -9.0 -9  3  2
202410010500 108   2  1.4  -9 -9.0   -9  998.9 1008.8 -9  -9.0  21.0  17.0  78.0  19.4   -9.0   -9.0   -9.0   -9.0   -9.0   -9.0   -9.0 -9 -9 -                        9   9    7 Sc         0   0   5  3561 -9.0 -9.00 -9  20.1  22.1  22.3  23.1  23.6  -9 -9.0 -9  3  2
202410010600 108  34  1.3  -9 -9.0   -9  999.0 1008.9  5  -1.1  20.7  18.6  88.0  21.4    1.6    1.6    1.6   -9.0   -9.0   -9.0   -9.0 61 62 01                      10   9    4 StNs      -9   2   7   542 -9.0 -9.00 -9  19.8  22.0  22.3  22.9  23.5  -9 -9.0 -9  4  1
202410010700 108  18  2.6  -9 -9.0   -9  999.3 1009.2 -9  -9.0  20.5  18.2  87.0  20.9    0.5    2.1    2.1   -9.0   -9.0   -9.0   -9.0 60 66 01                      10   8    7 ScAs      -9   2   5  1923  0.0  0.00 -9  20.0  21.9  22.2  22.8  23.4  -9 -9.0 -9  4  1
202410010800 108  20  2.1  -9 -9.0   -9  999.3 1009.2 -9  -9.0  20.6  18.7  89.0  21.6    0.1    2.2    2.2   -9.0   -9.0   -9.0   -9.0 21 62 01                      10   8    6 ScAs      -9   2   5  2042  0.0  0.06 -9  20.8  21.9  22.2  22.9  23.6  -9 -9.0 -9  4  1
202410010900 108  27  2.7  -9 -9.0   -9  999.7 1009.6  2   0.7  20.5  18.4  88.0  21.2    0.0    2.2    2.2   -9.0   -9.0   -9.0   -9.0 60 62 01                      10   8    6 ScAs      -9   2   5  1101  0.0  0.15 -9  20.8  22.1  22.3  22.9  23.5  -9 -9.0 -9  1  1
202410011000 108  27  3.2  -9 -9.0   -9 1000.5 1010.4 -9  -9.0  18.6  16.0  85.0  18.2    0.3    2.5    2.5   -9.0   -9.0   -9.0   -9.0 21 62 01                      10   9    8 ScAs      -9   2   5  3896  0.0  0.23 -9  20.3  21.9  22.2  22.8  23.5  -9 -9.0 -9  4  1
202410011100 108  29  4.4  -9 -9.0   -9 1000.4 1010.3 -9  -9.0  18.7  14.9  79.0  16.9   -9.0    2.5    2.5   -9.0   -9.0   -9.0   -9.0 -9 -9 -                       10   6    9 ScAs      -9   2   5  4375  0.0  0.85 -9  21.1  22.0  22.2  22.6  23.3  -9 -9.0 -9  3  2
202410011200 108  29  4.1  -9 -9.0   -9 1001.1 1011.0  2   1.4  18.8  12.9  69.0  14.9   -9.0    2.5    2.5   -9.0   -9.0   -9.0   -9.0 -9 62 -                       10   5   10 ScAs      -9   2   5  4449  0.0  1.03 -9  22.0  22.1  22.2  22.6  23.2  -9 -9.0 -9  3  1
202410011300 108  27  3.5  -9 -9.0   -9 1000.9 1010.8 -9  -9.0  18.6  12.1  66.0  14.1    0.0    2.5    2.5   -9.0   -9.0   -9.0   -9.0 60 62 01                      10   7    8 ScAs      -9   2   5  4074  0.0  0.76 -9  21.3  22.1  22.2  22.5  23.1  -9 -9.0 -9  4  1
202410011400 108  27  3.1  -9 -9.0   -9 1000.4 1010.3 -9  -9.0  19.2  12.2  64.0  14.2    0.0    2.5    2.5   -9.0   -9.0   -9.0   -9.0 21 62 01                      10  10   38 As        -9   2   0  4072  0.0  1.25 -9  23.5  22.2  22.3  22.5  23.1  -9 -9.0 -9  4  1
202410011500 108  29  3.9  -9 -9.0   -9 1000.4 1010.3  6  -0.7  19.0   9.4  54.0  11.8   -9.0    2.5    2.5   -9.0   -9.0   -9.0   -9.0 -9 62 -                        9   9   32 As         0   2   0  4068  0.1  1.08 -9  21.3  22.5  22.5  22.5  23.1  -9 -9.0 -9  3  1
202410011600 108  27  3.1  -9 -9.0   -9 1000.3 1010.2 -9  -9.0  19.6  10.3  55.0  12.5   -9.0    2.5    2.5   -9.0   -9.0   -9.0   -9.0 -9 -9 -                        8   2   11 ScCi       2   0   5  4476  0.5  1.01 -9  21.3  22.4  22.4  22.5  23.1  -9 -9.0 -9  3  2
202410011700 108  29  3.7  -9 -9.0   -9 1000.9 1010.8 -9  -9.0  19.6   6.6  43.0   9.7   -9.0    2.5    2.5   -9.0   -9.0   -9.0   -9.0 -9 -9 -                        8   0   -9 Ci         1   0   0  4515  0.8  0.93 -9  18.5  22.1  22.3  22.5  23.1  -9 -9.0 -9  3  2
202410011800 108  29  2.0  -9 -9.0   -9 1001.8 1011.8  3   1.5  18.3   4.8  41.0   8.6   -9.0    2.5    2.5   -9.0   -9.0   -9.0   -9.0 -9 -9 -                        3   0   -9 Ci         1   0   0  4852  0.8  0.37 -9  15.7  21.6  21.9  22.5  24.0  -9 -9.0 -9  3  2
202410011900 108  27  3.2  -9 -9.0   -9 1002.6 1012.6 -9  -9.0  17.0   4.9  45.0   8.7   -9.0    2.5    2.5   -9.0   -9.0   -9.0   -9.0 -9 -9 -                        2   1   75 -         -9  -9  -9  4605  0.0  0.01 -9  13.7  20.8  21.0  21.3  21.7  -9 -9.0 -9  3 -9
202410012000 108  32  2.7  -9 -9.0   -9 1003.3 1013.4 -9  -9.0  15.9   6.0  52.0   9.3   -9.0    2.5    2.5   -9.0   -9.0   -9.0   -9.0 -9 -9 -                        1   1   67 -         -9  -9  -9  4384 -9.0 -9.00 -9  12.8  20.0  20.4  21.1  21.6  -9 -9.0 -9  3 -9
202410012100 108  32  4.8  -9 -9.0   -9 1004.4 1014.6  2   2.8  15.1   6.6  57.0   9.7   -9.0    2.5    2.5   -9.0   -9.0   -9.0   -9.0 -9 -9 -                        0   0   -9 -         -9  -9  -9  4140 -9.0 -9.00 -9  12.1  19.4  19.8  20.9  21.6  -9 -9.0 -9  3  2
202410012200 108  27  3.2  -9 -9.0   -9 1005.1 1015.3 -9  -9.0  14.4   7.2  62.0  10.2   -9.0    2.5    2.5   -9.0   -9.0   -9.0   -9.0 -9 -9 -                        0   0   -9 -         -9  -9  -9  4174 -9.0 -9.00 -9  12.0  18.9  19.3  20.7  21.5  -9 -9.0 -9  3 -9
202410012300 108  27  2.0  -9 -9.0   -9 1005.2 1015.4 -9  -9.0  14.0   7.2  64.0  10.2   -9.0    2.5    2.5   -9.0   -9.0   -9.0   -9.0 -9 -9 -                        0   0   -9 -         -9  -9  -9  3976 -9.0 -9.00 -9  11.8  18.6  18.9  20.5  21.4  -9 -9.0 -9  3 -9
202410020000 108  29  0.8  -9 -9.0   -9 1005.4 1015.6  2   1.0  13.3   7.0  66.0  10.0   -9.0    2.5    2.5   -9.0   -9.0   -9.0   -9.0 -9 -9 -                        0   0   -9 -         -9  -9  -9  4002 -9.0 -9.00 -9  11.4  18.2  18.6  20.2  21.2  -9 -9.0 -9  3  2
202410020100 108  36  1.4  -9 -9.0   -9 1004.9 1015.1 -9  -9.0  12.8   7.8  72.0  10.6   -9.0   -9.0   -9.0   -9.0   -9.0   -9.0   -9.0 -9 -9 -                        4   3   60 -         -9  -9  -9  3811 -9.0 -9.00 -9  11.3  17.8  18.2  19.9  21.0  -9 -9.0 -9  3 -9
202410020200 108  29  0.8  -9 -9.0   -9 1005.5 1015.8 -9  -9.0  12.5   7.9  74.0  10.6   -9.0   -9.0   -9.0   -9.0   -9.0   -9.0   -9.0 -9 -9 -                        7   4   -9 -         -9  -9  -9  4073 -9.0 -9.00 -9  11.0  17.4  17.9  19.7  20.9  -9 -9.0 -9  3 -9
202410020300 108  29  1.5  -9 -9.0   -9 1005.7 1016.0  3   0.4  12.6   8.0  74.0  10.7   -9.0   -9.0   -9.0   -9.0   -9.0   -9.0   -9.0 -9 -9 -                        8   0   -9 Ci         1   0   0  3792 -9.0 -9.00 -9  11.0  17.1  17.6  19.4  20.7  -9 -9.0 -9  3  2
202410020400 108  27  1.0  -9 -9.0   -9 1005.9 1016.2 -9  -9.0  12.3   7.7  74.0  10.5   -9.0   -9.0   -9.0   -9.0   -9.0   -9.0   -9.0 -9 -9 -                        8   0   -9 Ci         1   0   0  3857 -9.0 -9.00 -9  11.2  17.0  17.3  19.2  20.6  -9 -9.0 -9  3  2
202410020500 108  32  2.3  -9 -9.0   -9 1006.3 1016.6 -9  -9.0  12.3   6.7  69.0   9.8   -9.0   -9.0   -9.0   -9.0   -9.0   -9.0   -9.0 -9 -9 -                        7   0   -9 Ci         1   0   0  3883 -9.0 -9.00 -9  10.5  16.8  17.1  19.0  20.4  -9 -9.0 -9  3  2
202410020600 108  34  2.9  -9 -9.0   -9 1006.5 1016.8  2   0.8  12.1   4.0  58.0   8.1   -9.0   -9.0   -9.0   -9.0   -9.0   -9.0   -9.0 -9 -9 -                        7   0   -9 Ci         1   0   0  4436 -9.0 -9.00 -9   9.7  16.5  16.9  18.8  20.3  -9 -9.0 -9  3  2
202410020700 108  34  1.9  -9 -9.0   -9 1007.4 1017.7 -9  -9.0  11.7   3.1  56.0   7.6   -9.0   -9.0   -9.0   -9.0   -9.0   -9.0   -9.0 -9 -9 -                        7   0   -9 Ci         1   0   0  4491  0.0  0.02 -9   9.7  16.2  16.6  18.6  20.1  -9 -9.0 -9  3  2
202410020800 108  29  2.1  -9 -9.0   -9 1008.3 1018.6 -9  -9.0  11.7   4.1  60.0   8.2   -9.0   -9.0   -9.0   -9.0   -9.0   -9.0   -9.0 -9 -9 -                        4   0   -9 Ci         1   0   0  4482  0.0  0.22 -9  10.7  16.1  16.4  18.4  20.0  -9 -9.0 -9  3  2
202410020900 108  29  3.0  -9 -9.0   -9 1008.5 1018.8  2   2.0  13.2   4.0  54.0   8.1   -9.0   -9.0   -9.0   -9.0   -9.0   -9.0   -9.0 -9 -9 -                        1   0   -9 Ci         1   0   0  4653  0.7  0.94 -9  14.6  16.2  16.7  19.7  21.5  -9 -9.0 -9  3  2
202410021000 108  29  4.6  -9 -9.0   -9 1008.7 1018.9 -9  -9.0  14.6   4.8  52.0   8.6   -9.0   -9.0   -9.0   -9.0   -9.0   -9.0   -9.0 -9 -9 -                        0   0   -9 -         -9  -9  -9  4283  1.0  2.08 -9  19.0  17.2  17.0  19.5  21.3  -9 -9.0 -9  3  2
202410021100 108  29  3.0  -9 -9.0   -9 1009.0 1019.2 -9  -9.0  16.2   4.8  47.0   8.6   -9.0   -9.0   -9.0   -9.0   -9.0   -9.0   -9.0 -9 -9 -                        0   0   -9 -         -9  -9  -9  4524  1.0  2.61 -9  23.8  18.3  17.7  19.4  21.2  -9 -9.0 -9  3  2
202410021200 108  29  3.7  -9 -9.0   -9 1008.6 1018.7  8  -0.1  17.2   4.1  42.0   8.2   -9.0   -9.0   -9.0   -9.0   -9.0   -9.0   -9.0 -9 -9 -                        0   0   -9 -         -9  -9  -9  4645  1.0  2.93 -9  27.7  19.4  18.5  19.4  21.0  -9 -9.0 -9  3  2
202410021300 108  27  4.0  -9 -9.0   -9 1008.0 1018.0 -9  -9.0  18.1   3.5  38.0   7.8   -9.0   -9.0   -9.0   -9.0   -9.0   -9.0   -9.0 -9 -9 -                        0   0   -9 -         -9  -9  -9  4151  1.0  3.03 -9  30.0  20.3  19.5  19.5  21.0  -9 -9.0 -9  3  2
202410021400 108  29  3.6  -9 -9.0   -9 1007.8 1017.8 -9  -9.0  18.7   2.4  34.0   7.3   -9.0   -9.0   -9.0   -9.0   -9.0   -9.0   -9.0 -9 -9 -                        0   0   -9 -         -9  -9  -9  4738  1.0  2.87 -9  30.1  20.9  20.2  19.7  20.9  -9 -9.0 -9  3  2
202410021500 108  32  3.5  -9 -9.0   -9 1007.5 1017.5  7  -1.2  19.2   2.5  33.0   7.3   -9.0   -9.0   -9.0   -9.0   -9.0   -9.0   -9.0 -9 -9 -                        0   0   -9 -         -9  -9  -9  4109  1.0  2.49 -9  28.5  21.2  20.6  19.9  20.9  -9 -9.0 -9  3  2
202410021600 108  32  3.6  -9 -9.0   -9 1007.5 1017.5 -9  -9.0  19.3   2.6  33.0   7.4   -9.0   -9.0   -9.0   -9.0   -9.0   -9.0   -9.0 -9 -9 -                        0   0   -9 -         -9  -9  -9  4178  1.0  1.90 -9  25.7  21.2  20.8  20.1  20.9  -9 -9.0 -9  3  2
202410021700 108  29  2.4  -9 -9.0   -9 1008.0 1018.0 -9  -9.0  18.9   3.0  35.0   7.6   -9.0   -9.0   -9.0   -9.0   -9.0   -9.0   -9.0 -9 -9 -                        0   0   -9 -         -9  -9  -9  4544  1.0  1.18 -9  19.9  21.0  20.6  19.5  20.1  -9 -9.0 -9  3  2
202410021800 108  34  3.6  -9 -9.0   -9 1008.4 1018.5  2   1.0  17.1   2.2  37.0   7.2   -9.0   -9.0   -9.0   -9.0   -9.0   -9.0   -9.0 -9 -9 -                        0   0   -9 -         -9  -9  -9  4635  0.8  0.38 -9  16.3  20.3  20.5  20.8  21.3  -9 -9.0 -9  3  2
202410021900 108  34  3.2  -9 -9.0   -9 1009.2 1019.4 -9  -9.0  16.3   2.3  39.0   7.2   -9.0   -9.0   -9.0   -9.0   -9.0   -9.0   -9.0 -9 -9 -                        0   0   -9 -         -9  -9  -9  4497  0.0  0.01 -9  14.4  19.5  19.9  20.7  21.3  -9 -9.0 -9  3 -9
202410022000 108  34  3.4  -9 -9.0   -9 1009.8 1020.0 -9  -9.0  15.7   1.0  37.0   6.6   -9.0   -9.0   -9.0   -9.0   -9.0   -9.0   -9.0 -9 -9 -                        0   0   -9 -         -9  -9  -9  4521 -9.0 -9.00 -9  13.3  18.9  19.3  20.7  21.3  -9 -9.0 -9  3 -9
202410022100 108  34  2.3  -9 -9.0   -9 1010.5 1020.8  2   2.3  14.9   1.0  39.0   6.6   -9.0   -9.0   -9.0   -9.0   -9.0   -9.0   -9.0 -9 -9 -                        0   0   -9 -         -9  -9  -9  4265 -9.0 -9.00 -9  12.5  18.4  18.8  20.5  21.2  -9 -9.0 -9  3  2
202410022200 108  27  0.8  -9 -9.0   -9 1011.0 1021.2 -9  -9.0  14.0   1.2  42.0   6.7   -9.0   -9.0   -9.0   -9.0   -9.0   -9.0   -9.0 -9 -9 -                        0   0   -9 -         -9  -9  -9  4134 -9.0 -9.00 -9  11.6  17.9  18.4  20.4  21.3  -9 -9.0 -9  3 -9
202410022300 108   5  1.7  -9 -9.0   -9 1011.2 1021.5 -9  -9.0  12.9   2.1  48.0   7.1   -9.0   -9.0   -9.0   -9.0   -9.0   -9.0   -9.0 -9 -9 -                        0   0   -9 -         -9  -9  -9  3817 -9.0 -9.00 -9  10.9  17.4  18.0  20.4  21.5  -9 -9.0 -9  3 -9
202410030000 108   5  0.7  -9 -9.0   -9 1011.4 1021.7  2   0.9  12.6   3.2  53.0   7.7   -9.0   -9.0   -9.0   -9.0   -9.0   -9.0   -9.0 -9 -9 -                        0   0   -9 -         -9  -9  -9  3838 -9.0 -9.00 -9  10.6  16.9  17.6  20.3  21.4  -9 -9.0 -9  3  2
202410030100 108   5  2.1  -9 -9.0   -9 1011.5 1021.9 -9  -9.0  11.6   2.8  55.0   7.5   -9.0   -9.0   -9.0   -9.0   -9.0   -9.0   -9.0 -9 -9 -                        0   0   -9 -         -9  -9  -9  3696 -9.0 -9.00 -9  10.1  16.5  17.2  20.0  21.3  -9 -9.0 -9  3 -9
202410030200 108   5  1.4  -9 -9.0   -9 1011.4 1021.8 -9  -9.0  11.5   3.2  57.0   7.7   -9.0   -9.0   -9.0   -9.0   -9.0   -9.0   -9.0 -9 -9 -                        0   0   -9 -         -9  -9  -9  3952 -9.0 -9.00 -9   9.9  16.2  16.9  19.8  21.2  -9 -9.0 -9  3 -9
202410030300 108   5  1.7  -9 -9.0   -9 1011.4 1021.8  0   0.1  11.1   3.6  60.0   7.9   -9.0   -9.0   -9.0   -9.0   -9.0   -9.0   -9.0 -9 -9 -                        0   0   -9 -         -9  -9  -9  3934 -9.0 -9.00 -9   9.6  16.0  16.6  19.6  21.1  -9 -9.0 -9  3  2
202410030400 108   2  1.6  -9 -9.0   -9 1011.3 1021.7 -9  -9.0  11.1   4.5  64.0   8.4   -9.0   -9.0   -9.0   -9.0   -9.0   -9.0   -9.0 -9 -9 -                        0   0   -9 -         -9  -9  -9  3930 -9.0 -9.00 -9   9.5  15.7  16.4  19.4  21.0  -9 -9.0 -9  3  2
202410030500 108   5  1.8  -9 -9.0   -9 1011.4 1021.8 -9  -9.0  10.9   5.2  68.0   8.8   -9.0   -9.0   -9.0   -9.0   -9.0   -9.0   -9.0 -9 -9 -                        0   0   -9 -         -9  -9  -9  4432 -9.0 -9.00 -9   9.4  15.5  16.1  19.2  20.8  -9 -9.0 -9  3  2
202410030600 108   5  1.6  -9 -9.0   -9 1012.0 1022.4  3   0.6  10.9   6.0  72.0   9.3   -9.0   -9.0   -9.0   -9.0   -9.0   -9.0   -9.0 -9 -9 -                        0   0   -9 -         -9  -9  -9  4320 -9.0 -9.00 -9   9.4  15.3  16.0  19.0  20.7  -9 -9.0 -9  3  2
202410030700 108   5  1.0  -9 -9.0   -9 1012.3 1022.7 -9  -9.0  10.9   6.2  73.0   9.5   -9.0   -9.0   -9.0   -9.0   -9.0   -9.0   -9.0 -9 -9 -                        0   0   -9 -         -9  -9  -9  4198  0.1  0.02 -9   9.6  15.2  15.8  18.8  20.5  -9 -9.0 -9  3  2
202410030800 108   9  1.4  -9 -9.0   -9 1012.3 1022.6 -9  -9.0  12.5   7.5  72.0  10.4   -9.0   -9.0   -9.0   -9.0   -9.0   -9.0   -9.0 -9 -9 -                        0   0   -9 -         -9  -9  -9  4050  1.0  0.52 -9  10.7  15.2  15.7  18.6  20.4  -9 -9.0 -9  3  2
202410030900 108   9  2.4  -9 -9.0   -9 1012.3 1022.5  0   0.1  16.1   8.8  62.0  11.3   -9.0   -9.0   -9.0   -9.0   -9.0   -9.0   -9.0 -9 -9 -                        0   0   -9 -         -9  -9  -9  3827  1.0  1.26 -9  16.8  15.8  15.9  18.4  20.2  -9 -9.0 -9  3  2
202410031000 108   5  3.1  -9 -9.0   -9 1012.3 1022.4 -9  -9.0  18.3   9.6  57.0  11.9   -9.0   -9.0   -9.0   -9.0   -9.0   -9.0   -9.0 -9 -9 -                        0   0   -9 -         -9  -9  -9  3994  1.0  1.98 -9  21.8  17.2  16.7  18.3  20.1  -9 -9.0 -9  3  2
202410031100 108   5  3.4  -9 -9.0   -9 1012.0 1022.1 -9  -9.0  20.0   8.9  49.0  11.4   -9.0   -9.0   -9.0   -9.0   -9.0   -9.0   -9.0 -9 -9 -                        0   0   -9 -         -9  -9  -9  4373  1.0  2.51 -9  26.8  18.5  17.5  18.3  19.9  -9 -9.0 -9  3  2
202410031200 108  11  2.1  -9 -9.0   -9 1011.5 1021.5  7  -1.0  21.1   9.0  46.0  11.5   -9.0   -9.0   -9.0   -9.0   -9.0   -9.0   -9.0 -9 -9 -                        1   1   10 Sc         0   0   5  4395  1.0  2.83 -9  31.3  19.6  18.6  18.4  19.9  -9 -9.0 -9  3  2
202410031300 108  16  2.5  -9 -9.0   -9 1010.9 1020.8 -9  -9.0  22.1   8.2  41.0  10.9   -9.0   -9.0   -9.0   -9.0   -9.0   -9.0   -9.0 -9 -9 -                        1   1   10 Sc         0   0   5  4930  1.0  2.96 -9  35.2  20.8  19.8  18.6  19.8  -9 -9.0 -9  3  2
202410031400 108   2  2.7  -9 -9.0   -9 1010.4 1020.4 -9  -9.0  21.4   7.5  41.0  10.4   -9.0   -9.0   -9.0   -9.0   -9.0   -9.0   -9.0 -9 -9 -                        7   5   15 ScCi       1   0   5  4224  0.4  1.61 -9  29.1  21.4  20.6  18.9  19.9  -9 -9.0 -9  3  2
202410031500 108   5  2.0  -9 -9.0   -9 1010.3 1020.3  7  -1.2  21.2   7.4  41.0  10.3   -9.0   -9.0   -9.0   -9.0   -9.0   -9.0   -9.0 -9 -9 -                        8   5   15 ScAc       0   3   5  4750  0.3  1.09 -9  25.5  21.5  20.9  19.3  20.0  -9 -9.0 -9  3  2
202410031600 108  11  1.4  -9 -9.0   -9 1010.3 1020.3 -9  -9.0  20.7   7.6  43.0  10.4   -9.0   -9.0   -9.0   -9.0   -9.0   -9.0   -9.0 -9 -9 -                        8   3   15 ScAc       0   3   5  4682  0.0  0.47 -9  23.1  21.4  21.0  19.7  20.1  -9 -9.0 -9  3  2
202410031700 108  16  1.3  -9 -9.0   -9 1010.6 1020.6 -9  -9.0  20.6   8.2  45.0  10.9   -9.0   -9.0   -9.0   -9.0   -9.0   -9.0   -9.0 -9 -9 -                        8   4   15 ScAc       0   3   5  4535  0.2  0.49 -9  21.4  21.2  21.0  20.0  20.3  -9 -9.0 -9  3  2
202410031800 108  18  2.9  -9 -9.0   -9 1010.7 1020.7  2   0.4  19.5   9.0  51.0  11.5   -9.0   -9.0   -9.0   -9.0   -9.0   -9.0   -9.0 -9 -9 -                        7   5   15 ScAc       0   3   5  3998  0.3  0.14 -9  19.3  20.8  20.8  20.2  20.5  -9 -9.0 -9  3  2
202410031900 108   5  3.0  -9 -9.0   -9 1010.9 1020.9 -9  -9.0  18.7   9.9  57.0  12.2   -9.0   -9.0   -9.0   -9.0   -9.0   -9.0   -9.0 -9 -9 -                        9   4   13 -         -9  -9  -9  4496  0.0  0.02 -9  18.1  20.3  20.5  20.4  20.7  -9 -9.0 -9  3 -9
202410032000 108  11  1.9  -9 -9.0   -9 1011.5 1021.6 -9  -9.0  17.7  10.0  61.0  12.3   -9.0   -9.0   -9.0   -9.0   -9.0   -9.0   -9.0 -9 -9 -                        1   1   14 -         -9  -9  -9  3955 -9.0 -9.00 -9  16.0  19.8  20.1  20.4  20.8  -9 -9.0 -9  3 -9
202410032100 108   2  2.0  -9 -9.0   -9 1011.7 1021.9  2   1.2  16.6  10.4  67.0  12.6   -9.0   -9.0   -9.0   -9.0   -9.0   -9.0   -9.0 -9 -9 -                        0   0   -9 -         -9  -9  -9  3773 -9.0 -9.00 -9  14.7  19.3  19.6  20.4  20.9  -9 -9.0 -9  3  2
202410032200 108   2  1.9  -9 -9.0   -9 1011.9 1022.1 -9  -9.0  15.9   9.9  68.0  12.2   -9.0   -9.0   -9.0   -9.0   -9.0   -9.0   -9.0 -9 -9 -                        0   0   -9 -         -9  -9  -9  3929 -9.0 -9.00 -9  13.9  18.7  19.2  20.3  20.9  -9 -9.0 -9  3 -9
202410032300 108   2  2.1  -9 -9.0   -9 1012.0 1022.2 -9  -9.0  15.3  10.2  72.0  12.4   -9.0   -9.0   -9.0   -9.0   -9.0   -9.0   -9.0 -9 -9 -                        0   0   -9 -         -9  -9  -9  4356 -9.0 -9.00 -9  13.3  18.3  18.8  20.2  20.9  -9 -9.0 -9  3 -9
202410040000 108   2  2.1  -9 -9.0   -9 1012.1 1022.3  2   0.4  14.6   9.8  73.0  12.1   -9.0   -9.0   -9.0   -9.0   -9.0   -9.0   -9.0 -9 -9 -                        0   0   -9 -         -9  -9  -9  3971 -9.0 -9.00 -9  12.8  17.9  18.4  20.1  20.9  -9 -9.0 -9  3  2
202410040100 108   7  1.4  -9 -9.0   -9 1012.0 1022.3 -9  -9.0  14.1  10.1  77.0  12.4   -9.0   -9.0   -9.0   -9.0   -9.0   -9.0   -9.0 -9 -9 -                        0   0   -9 -         -9  -9  -9  3924 -9.0 -9.00 -9  12.3  17.5  18.1  19.9  20.9  -9 -9.0 -9  3 -9
202410040200 108   2  2.1  -9 -9.0   -9 1012.5 1022.8 -9  -9.0  13.7  10.4  81.0  12.6   -9.0   -9.0   -9.0   -9.0   -9.0   -9.0   -9.0 -9 -9 -                        0   0   -9 -         -9  -9  -9  3481 -9.0 -9.00 -9  12.0  17.2  17.8  19.8  20.8  -9 -9.0 -9  3 -9
202410040300 108   2  1.3  -9 -9.0   -9 1012.8 1023.1  2   0.8  13.3  10.1  81.0  12.4   -9.0   -9.0   -9.0   -9.0   -9.0   -9.0   -9.0 -9 -9 -                        0   0   -9 -         -9  -9  -9  4079 -9.0 -9.00 -9  11.6  16.9  17.5  19.6  20.7  -9 -9.0 -9  3  2
202410040400 108  36  1.3  -9 -9.0   -9 1013.3 1023.6 -9  -9.0  13.2  10.1  82.0  12.4   -9.0   -9.0   -9.0   -9.0   -9.0   -9.0   -9.0 -9 -9 -                        0   0   -9 -         -9  -9  -9  4090 -9.0 -9.00 -9  11.4  16.6  17.2  19.4  20.6  -9 -9.0 -9  3  2
202410040500 108   2  1.6  -9 -9.0   -9 1013.6 1023.9 -9  -9.0  12.7   9.8  83.0  12.1   -9.0   -9.0   -9.0   -9.0   -9.0   -9.0   -9.0 -9 -9 -                        0   0   -9 -         -9  -9  -9  4152 -9.0 -9.00 -9  11.1  16.4  17.0  19.3  20.5  -9 -9.0 -9  3  2
202410040600 108   2  1.1  -9 -9.0   -9 1014.0 1024.4  2   1.3  12.3   9.6  84.0  11.9   -9.0   -9.0   -9.0   -9.0   -9.0   -9.0   -9.0 -9 -9 -                        0   0   -9 -         -9  -9  -9  3867 -9.0 -9.00 -9  10.6  16.2  16.7  19.1  20.4  -9 -9.0 -9  3  2
202410040700 108   5  1.6  -9 -9.0   -9 1014.2 1024.6 -9  -9.0  11.9   9.4  85.0  11.8   -9.0   -9.0   -9.0   -9.0   -9.0   -9.0   -9.0 -9 -9 -                        0   0   -9 -         -9  -9  -9  3053  0.1  0.02 -9  10.7  15.9  16.5  18.9  20.3  -9 -9.0 -9  3  2
202410040800 108   7  2.5  -9 -9.0   -9 1014.5 1024.8 -9  -9.0  13.3  10.1  81.0  12.4   -9.0   -9.0   -9.0   -9.0   -9.0   -9.0   -9.0 -9 -9 -                        0   0   -9 -         -9  -9  -9  3473  1.0  0.52 -9  11.7  15.8  16.3  18.7  20.2  -9 -9.0 -9  3  2
202410040900 108   7  1.5  -9 -9.0   -9 1014.6 1024.8  1   0.4  15.9  10.2  69.0  12.4   -9.0   -9.0   -9.0   -9.0   -9.0   -9.0   -9.0 -9 -9 -                        0   0   -9 -         -9  -9  -9  3970  1.0  1.27 -9  20.8  16.2  16.5  18.6  20.1  -9 -9.0 -9  3  2
202410041000 108   7  1.3  -9 -9.0   -9 1014.5 1024.6 -9  -9.0  18.1  10.9  63.0  13.0   -9.0   -9.0   -9.0   -9.0   -9.0   -9.0   -9.0 -9 -9 -                        0   0   -9 -         -9  -9  -9  3889  1.0  1.98 -9  30.6  17.4  17.1  18.5  19.9  -9 -9.0 -9  3  2
202410041100 108   7  2.0  -9 -9.0   -9 1014.5 1024.6 -9  -9.0  20.2   9.1  49.0  11.6   -9.0   -9.0   -9.0   -9.0   -9.0   -9.0   -9.0 -9 -9 -                        0   0   -9 -         -9  -9  -9  4522  1.0  2.51 -9  38.2  18.7  18.0  18.4  19.8  -9 -9.0 -9  3  2
202410041200 108   7  1.5  -9 -9.0   -9 1014.0 1024.0  7  -0.8  21.3   8.8  45.0  11.3   -9.0   -9.0   -9.0   -9.0   -9.0   -9.0   -9.0 -9 -9 -                        0   0   -9 -         -9  -9  -9  4317  1.0  2.82 -9  43.7  19.8  19.0  18.5  19.8  -9 -9.0 -9  3  2
202410041300 108   7  1.8  -9 -9.0   -9 1013.1 1023.0 -9  -9.0  22.4   8.1  40.0  10.8   -9.0   -9.0   -9.0   -9.0   -9.0   -9.0   -9.0 -9 -9 -                        0   0   -9 -         -9  -9  -9  3817  1.0  2.90 -9  46.3  21.0  20.1  18.7  19.8  -9 -9.0 -9  3  2
202410041400 108  14  2.6  -9 -9.0   -9 1012.6 1022.5 -9  -9.0  23.8   9.0  39.0  11.5   -9.0   -9.0   -9.0   -9.0   -9.0   -9.0   -9.0 -9 -9 -                        0   0   -9 -         -9  -9  -9  3557  1.0  2.73 -9  45.5  21.8  21.1  19.0  19.8  -9 -9.0 -9  3  2
202410041500 108  20  2.2  -9 -9.0   -9 1012.3 1022.1  7  -1.9  24.0   7.9  36.0  10.6   -9.0   -9.0   -9.0   -9.0   -9.0   -9.0   -9.0 -9 -9 -                        0   0   -9 -         -9  -9  -9  3997  1.0  2.35 -9  42.0  22.4  21.8  19.4  19.9  -9 -9.0 -9  3  2
202410041600 108  27  1.7  -9 -9.0   -9 1012.1 1022.0 -9  -9.0  23.6   7.6  36.0  10.4   -9.0   -9.0   -9.0   -9.0   -9.0   -9.0   -9.0 -9 -9 -                        0   0   -9 -         -9  -9  -9  4178  1.0  1.78 -9  35.5  22.5  22.0  19.7  19.9  -9 -9.0 -9  3  2
202410041700 108  27  2.2  -9 -9.0   -9 1012.1 1022.0 -9  -9.0  23.0   7.5  37.0  10.4   -9.0   -9.0   -9.0   -9.0   -9.0   -9.0   -9.0 -9 -9 -                        0   0   -9 -         -9  -9  -9  3915  1.0  1.07 -9  23.8  22.2  21.8  19.4  19.3  -9 -9.0 -9  3  2
202410041800 108  29  2.0  -9 -9.0   -9 1012.1 1022.1  4   0.0  20.8   7.4  42.0  10.3   -9.0   -9.0   -9.0   -9.0   -9.0   -9.0   -9.0 -9 -9 -                        0   0   -9 -         -9  -9  -9  4273  0.8  0.36 -9  18.4  21.6  21.6  20.6  20.6  -9 -9.0 -9  3  2
202410041900 108  32  3.4  -9 -9.0   -9 1012.5 1022.5 -9  -9.0  19.6   8.2  48.0  10.9   -9.0   -9.0   -9.0   -9.0   -9.0   -9.0   -9.0 -9 -9 -                        0   0   -9 -         -9  -9  -9  3965  0.0  0.01 -9  16.5  20.7  21.0  20.7  20.7  -9 -9.0 -9  3 -9
202410042000 108  32  2.8  -9 -9.0   -9 1013.0 1023.0 -9  -9.0  18.8   8.4  51.0  11.0   -9.0   -9.0   -9.0   -9.0   -9.0   -9.0   -9.0 -9 -9 -                        0   0   -9 -         -9  -9  -9  3824 -9.0 -9.00 -9  15.2  20.1  20.4  20.7  20.8  -9 -9.0 -9  3 -9
202410042100 108  32  1.8  -9 -9.0   -9 1013.6 1023.7  2   1.6  17.6   8.9  57.0  11.4   -9.0   -9.0   -9.0   -9.0   -9.0   -9.0   -9.0 -9 -9 -                        0   0   -9 -         -9  -9  -9  3669 -9.0 -9.00 -9  14.0  19.5  20.0  20.8  21.0  -9 -9.0 -9  3  2
202410042200 108  32  2.2  -9 -9.0   -9 1013.7 1023.8 -9  -9.0  17.6   9.2  58.0  11.6   -9.0   -9.0   -9.0   -9.0   -9.0   -9.0   -9.0 -9 -9 -                        0   0   -9 -         -9  -9  -9  3716 -9.0 -9.00 -9  13.7  19.0  19.5  20.7  21.1  -9 -9.0 -9  3 -9
202410042300 108  34  0.7  -9 -9.0   -9 1013.8 1024.0 -9  -9.0  16.5   8.9  61.0  11.4   -9.0   -9.0   -9.0   -9.0   -9.0   -9.0   -9.0 -9 -9 -                        0   0   -9 -         -9  -9  -9  3582 -9.0 -9.00 -9  12.5  18.6  19.2  20.5  21.0  -9 -9.0 -9  3 -9
202410050000 108   2  0.8  -9 -9.0   -9 1013.7 1023.9  0   0.2  15.7   9.3  66.0  11.7   -9.0   -9.0   -9.0   -9.0   -9.0   -9.0   -9.0 -9 -9 -                        0   0   -9 -         -9  -9  -9  3314 -9.0 -9.00 -9  11.9  18.1  18.7  20.3  20.9  -9 -9.0 -9  3  2
202410050100 108   2  2.0  -9 -9.0   -9 1013.8 1024.1 -9  -9.0  14.9   8.8  67.0  11.3   -9.0   -9.0   -9.0   -9.0   -9.0   -9.0   -9.0 -9 -9 -                        0   0   -9 -         -9  -9  -9  3317 -9.0 -9.00 -9  11.5  17.8  18.4  20.1  20.9  -9 -9.0 -9  3 -9
202410050200 108   5  1.8  -9 -9.0   -9 1013.7 1024.0 -9  -9.0  14.0   9.2  73.0  11.6   -9.0   -9.0   -9.0   -9.0   -9.0   -9.0   -9.0 -9 -9 -                        2   0   -9 -         -9  -9  -9  3174 -9.0 -9.00 -9  10.9  17.4  18.0  20.0  20.9  -9 -9.0 -9  3 -9
202410050300 108   2  1.9  -9 -9.0   -9 1013.6 1023.9  4   0.0  13.3   8.9  75.0  11.4   -9.0   -9.0   -9.0   -9.0   -9.0   -9.0   -9.0 -9 -9 -                        0   0   -9 -         -9  -9  -9  3120 -9.0 -9.00 -9  10.6  17.0  17.7  19.8  20.8  -9 -9.0 -9  3  2
202410050400 108   2  1.3  -9 -9.0   -9 1013.3 1023.6 -9  -9.0  12.8   8.8  77.0  11.3   -9.0   -9.0   -9.0   -9.0   -9.0   -9.0   -9.0 -9 -9 -                        1   0   -9 Ci         1   0   0  3250 -9.0 -9.00 -9  10.3  16.7  17.4  19.6  20.7  -9 -9.0 -9  3  2
202410050500 108   2  2.3  -9 -9.0   -9 1013.4 1023.8 -9  -9.0  12.2   8.4  78.0  11.0   -9.0   -9.0   -9.0   -9.0   -9.0   -9.0   -9.0 -9 -9 -                        2   0   -9 Ci         1   0   0  3037 -9.0 -9.00 -9   9.9  16.4  17.1  19.4  20.5  -9 -9.0 -9  3  2
202410050600 108   2  2.3  -9 -9.0   -9 1013.4 1023.8  5  -0.1  11.7   8.5  81.0  11.1   -9.0   -9.0   -9.0   -9.0   -9.0   -9.0   -9.0 -9 -9 -                        4   0   -9 Ci         1   0   0  2766 -9.0 -9.00 -9   9.7  16.1  16.8  19.2  20.4  -9 -9.0 -9  3  2
202410050700 108   2  2.1  -9 -9.0   -9 1013.6 1024.0 -9  -9.0  11.6   8.6  82.0  11.2   -9.0   -9.0   -9.0   -9.0   -9.0   -9.0   -9.0 -9 -9 -                        6   0   -9 Ci         1   0   0  2594  0.1  0.04 -9  10.6  15.9  16.5  19.0  20.3  -9 -9.0 -9  3  2
202410050800 108   5  0.9  -9 -9.0   -9 1013.9 1024.2 -9  -9.0  12.7   8.9  78.0  11.4   -9.0   -9.0   -9.0   -9.0   -9.0   -9.0   -9.0 -9 -9 -                        3   0   -9 Ci         1   0   0  2689  0.7  0.36 -9  11.7  16.0  16.5  18.7  20.1  -9 -9.0 -9  3  2
202410050900 108   5  1.8  -9 -9.0   -9 1014.0 1024.2  1   0.4  15.7   9.5  67.0  11.9   -9.0   -9.0   -9.0   -9.0   -9.0   -9.0   -9.0 -9 -9 -                        2   0   -9 Ci         1   0   0  3206  0.9  1.06 -9  22.7  16.3  16.5  18.5  19.9  -9 -9.0 -9  3  2
202410051000 108   7  1.4  -9 -9.0   -9 1014.1 1024.2 -9  -9.0  17.6  10.2  62.0  12.4   -9.0   -9.0   -9.0   -9.0   -9.0   -9.0   -9.0 -9 -9 -                        4   0   -9 Ci         1   0   0  3237  0.9  1.49 -9  30.5  17.3  17.1  18.4  19.8  -9 -9.0 -9  3  2
202410051100 108   7  1.7  -9 -9.0   -9 1013.5 1023.6 -9  -9.0  20.2  10.3  53.0  12.5   -9.0   -9.0   -9.0   -9.0   -9.0   -9.0   -9.0 -9 -9 -                        7   0   -9 Ci         1   0   0  4316  1.0  2.44 -9  40.1  18.5  17.9  18.4  19.7  -9 -9.0 -9  3  2
202410051200 108   7  1.6  -9 -9.0   -9 1013.0 1023.0  7  -1.2  21.6   9.1  45.0  11.6   -9.0   -9.0   -9.0   -9.0   -9.0   -9.0   -9.0 -9 -9 -                        6   0   -9 Ci         1   0   0  3840  1.0  2.61 -9  42.4  19.8  19.0  18.4  19.6  -9 -9.0 -9  3  2
202410051300 108  25  1.1  -9 -9.0   -9 1012.2 1022.1 -9  -9.0  22.8   9.2  42.0  11.6   -9.0   -9.0   -9.0   -9.0   -9.0   -9.0   -9.0 -9 -9 -                        8   0   -9 Ci         1   0   0  3609  1.0  2.39 -9  42.2  20.8  20.0  18.5  19.5  -9 -9.0 -9  3  2
202410051400 108  11  1.5  -9 -9.0   -9 1011.4 1021.3 -9  -9.0  23.6   9.1  40.0  11.6   -9.0   -9.0   -9.0   -9.0   -9.0   -9.0   -9.0 -9 -9 -                        8   0   -9 Ci         1   0   0  2923  1.0  2.36 -9  44.2  21.6  20.9  18.9  19.6  -9 -9.0 -9  3  2
202410051500 108  25  2.5  -9 -9.0   -9 1011.0 1020.8  7  -2.2  24.0   9.9  41.0  12.2   -9.0   -9.0   -9.0   -9.0   -9.0   -9.0   -9.0 -9 -9 -                        4   0   -9 Ci         1   0   0  3134  1.0  1.94 -9  38.5  22.3  21.7  19.1  19.5  -9 -9.0 -9  3  2
202410051600 108  25  2.1  -9 -9.0   -9 1011.2 1021.0 -9  -9.0  23.9  10.1  42.0  12.4   -9.0   -9.0   -9.0   -9.0   -9.0   -9.0   -9.0 -9 -9 -                        7   1   40 AcCi       1   3   0  2792  1.0  1.58 -9  33.5  22.5  22.0  19.5  19.7  -9 -9.0 -9  3  2
202410051700 108  29  2.1  -9 -9.0   -9 1011.0 1020.9 -9  -9.0  22.7   9.8  44.0  12.1   -9.0   -9.0   -9.0   -9.0   -9.0   -9.0   -9.0 -9 -9 -                        5   0   -9 CcCi       9   0   0  3716  0.6  0.81 -9  24.6  22.3  21.9  19.5  19.4  -9 -9.0 -9  3  2
202410051800 108  29  2.2  -9 -9.0   -9 1011.2 1021.2  2   0.4  20.8   9.6  49.0  11.9   -9.0   -9.0   -9.0   -9.0   -9.0   -9.0   -9.0 -9 -9 -                        1   0   -9 Ci         1   0   0  3620  0.5  0.22 -9  18.4  21.6  21.7  20.5  20.5  -9 -9.0 -9  3  2
202410051900 108   0  0.4  -9 -9.0   -9 1010.9 1020.9 -9  -9.0  19.3   9.4  53.0  11.8   -9.0   -9.0   -9.0   -9.0   -9.0   -9.0   -9.0 -9 -9 -                        2   2   -9 -         -9  -9  -9  3411  0.0  0.01 -9  15.4  20.7  21.0  20.6  20.6  -9 -9.0 -9  3 -9
202410052000 108  27  1.1  -9 -9.0   -9 1011.5 1021.6 -9  -9.0  17.9   9.7  59.0  12.0   -9.0   -9.0   -9.0   -9.0   -9.0   -9.0   -9.0 -9 -9 -                        2   2   -9 -         -9  -9  -9  3090 -9.0 -9.00 -9  14.1  19.9  20.3  20.5  20.6  -9 -9.0 -9  3 -9
202410052100 108  32  1.0  -9 -9.0   -9 1011.7 1021.8  3   0.6  17.1   9.9  63.0  12.2   -9.0   -9.0   -9.0   -9.0   -9.0   -9.0   -9.0 -9 -9 -                        4   0   -9 Ci         1   0   0  2971 -9.0 -9.00 -9  13.3  19.2  19.7  20.4  20.6  -9 -9.0 -9  3  2
202410052200 108   0  0.3  -9 -9.0   -9 1011.8 1022.0 -9  -9.0  16.4   9.5  64.0  11.9   -9.0   -9.0   -9.0   -9.0   -9.0   -9.0   -9.0 -9 -9 -                        8   1   -9 -         -9  -9  -9  2985 -9.0 -9.00 -9  13.2  18.7  19.2  20.3  20.7  -9 -9.0 -9  3 -9
202410052300 108   5  1.3  -9 -9.0   -9 1012.0 1022.2 -9  -9.0  15.9   8.6  62.0  11.2   -9.0   -9.0   -9.0   -9.0   -9.0   -9.0   -9.0 -9 -9 -                        7   0   -9 -         -9  -9  -9  3052 -9.0 -9.00 -9  12.7  18.3  18.9  20.2  20.7  -9 -9.0 -9  3 -9
202410060000 108   2  1.0  -9 -9.0   -9 1011.8 1022.0  0   0.2  15.4   8.1  62.0  10.8   -9.0   -9.0   -9.0   -9.0   -9.0   -9.0   -9.0 -9 -9 -                        8   0   -9 Ci         1   0   0  3224 -9.0 -9.00 -9  12.3  18.0  18.5  20.0  20.7  -9 -9.0 -9  3  2
202410060100 108   2  1.6  -9 -9.0   -9 1011.5 1021.7 -9  -9.0  14.7   8.1  65.0  10.8   -9.0   -9.0   -9.0   -9.0   -9.0   -9.0   -9.0 -9 -9 -                        5   0   -9 -         -9  -9  -9  3396 -9.0 -9.00 -9  11.3  17.6  18.2  19.8  20.6  -9 -9.0 -9  3 -9
202410060200 108   2  1.7  -9 -9.0   -9 1011.4 1021.7 -9  -9.0  13.9   8.0  68.0  10.7   -9.0   -9.0   -9.0   -9.0   -9.0   -9.0   -9.0 -9 -9 -                        9   1   -9 -         -9  -9  -9  3211 -9.0 -9.00 -9  11.6  17.2  17.8  19.7  20.5  -9 -9.0 -9  3 -9
202410060300 108   5  1.6  -9 -9.0   -9 1011.2 1021.5  7  -0.5  13.6   8.0  69.0  10.7   -9.0   -9.0   -9.0   -9.0   -9.0   -9.0   -9.0 -9 -9 -                        6   0   -9 Ci         1   0   0  3309 -9.0 -9.00 -9  10.8  16.9  17.5  19.5  20.5  -9 -9.0 -9  3  2
202410060400 108   5  1.5  -9 -9.0   -9 1010.7 1021.0 -9  -9.0  13.1   8.1  72.0  10.8   -9.0   -9.0   -9.0   -9.0   -9.0   -9.0   -9.0 -9 -9 -                        1   0   -9 Ci         1   0   0  3164 -9.0 -9.00 -9  10.2  16.7  17.2  19.3  20.3  -9 -9.0 -9  3  2
202410060500 108   2  1.3  -9 -9.0   -9 1010.8 1021.1 -9  -9.0  12.5   7.9  74.0  10.6   -9.0   -9.0   -9.0   -9.0   -9.0   -9.0   -9.0 -9 -9 -                        6   0   -9 Ci         1   0   0  3256 -9.0 -9.00 -9  10.4  16.3  17.0  19.1  20.3  -9 -9.0 -9  3  2
202410060600 108   5  1.4  -9 -9.0   -9 1011.0 1021.3  5  -0.2  12.4   8.2  76.0  10.9   -9.0   -9.0   -9.0   -9.0   -9.0   -9.0   -9.0 -9 -9 -                        8   0   -9 Cc         9   0   0  3235 -9.0 -9.00 -9  10.4  16.1  16.7  18.9  20.1  -9 -9.0 -9  3  2
202410060700 108  34  1.6  -9 -9.0   -9 1011.0 1021.3 -9  -9.0  12.7   8.7  77.0  11.2   -9.0   -9.0   -9.0   -9.0   -9.0   -9.0   -9.0 -9 -9 -                       10   0   -9 Cs         7   0   0  3218  0.0  0.01 -9  12.4  16.0  16.6  18.8  20.0  -9 -9.0 -9  3  2
202410060800 108   5  0.5  -9 -9.0   -9 1011.3 1021.6 -9  -9.0  13.6   9.2  75.0  11.6   -9.0   -9.0   -9.0   -9.0   -9.0   -9.0   -9.0 -9 -9 -                       10   4   43 AcCs       7   3   0  3150  0.0  0.15 -9  14.7  16.2  16.6  18.6  19.9  -9 -9.0 -9  3  2
202410060900 108   5  1.8  -9 -9.0   -9 1011.8 1022.0  2   0.7  14.6  10.2  75.0  12.4   -9.0   -9.0   -9.0   -9.0   -9.0   -9.0   -9.0 -9 -9 -                       10  10   44 Ac        -9   3   0  2862  0.0  0.31 -9  16.7  16.7  16.9  18.5  19.8  -9 -9.0 -9  3  2
202410061000 108   7  0.6  -9 -9.0   -9 1012.0 1022.2 -9  -9.0  15.4  10.3  72.0  12.5   -9.0   -9.0   -9.0   -9.0   -9.0   -9.0   -9.0 -9 -9 -                       10  10   41 Ac        -9   3   0  3143  0.0  0.45 -9  18.0  17.1  17.2  18.4  19.7  -9 -9.0 -9  3  2
202410061100 108   5  2.0  -9 -9.0   -9 1011.5 1021.7 -9  -9.0  16.2  10.7  70.0  12.9   -9.0   -9.0   -9.0   -9.0   -9.0   -9.0   -9.0 -9 -9 -                       10  10   39 Ac        -9   3   0  2685  0.0  0.46 -9  19.4  17.6  17.6  18.4  19.6  -9 -9.0 -9  3  2
202410061200 108   5  2.6  -9 -9.0   -9 1010.4 1020.5  8  -1.5  16.6  10.8  69.0  12.9   -9.0   -9.0   -9.0   -9.0   -9.0   -9.0   -9.0 -9 -9 -                       10   4   11 ScAs      -9   2   5  3719  0.0  0.41 -9  19.4  17.9  17.9  18.4  19.6  -9 -9.0 -9  3  2
202410061300 108   5  2.3  -9 -9.0   -9 1009.3 1019.4 -9  -9.0  16.9  11.1  69.0  13.2   -9.0   -9.0   -9.0   -9.0   -9.0   -9.0   -9.0 -9 -9 -                       10   7   10 ScAs      -9   2   5  3270  0.0  0.39 -9  19.3  18.1  18.1  18.4  19.5  -9 -9.0 -9  3  2
202410061400 108  34  1.7  -9 -9.0   -9 1008.8 1018.9 -9  -9.0  17.4  11.6  69.0  13.7    0.0    0.0    0.0   -9.0   -9.0   -9.0   -9.0 60 62 01                      10   8   10 ScAs      -9   2   5  2794  0.0  0.57 -9  20.4  18.5  18.4  18.5  19.5  -9 -9.0 -9  4  1
202410061500 108  20  1.1  -9 -9.0   -9 1009.0 1019.1  5  -1.4  17.9  11.9  68.0  13.9    0.0    0.0    0.0   -9.0   -9.0   -9.0   -9.0 60 66 01                      10   8   10 ScAs      -9   2   5  3166  0.0  0.46 -9  20.0  18.8  18.7  18.6  19.5  -9 -9.0 -9  4  1
202410061600 108  27  1.2  -9 -9.0   -9 1009.6 1019.7 -9  -9.0  17.3  13.0  76.0  15.0    0.0    0.0    0.0   -9.0   -9.0   -9.0   -9.0 21 62 01                      10   5   11 ScAs      -9   2   5  2137  0.0  0.27 -9  18.4  18.9  18.8  18.7  19.5  -9 -9.0 -9  4  1
202410061700 108  27  1.6  -9 -9.0   -9 1009.6 1019.7 -9  -9.0  16.9  12.2  74.0  14.2    0.0    0.0    0.0   -9.0   -9.0   -9.0   -9.0 21 62 01                      10  10   26 As        -9   2   0  2433  0.0  0.12 -9  17.0  18.7  18.8  18.7  19.5  -9 -9.0 -9  4  1
202410061800 108  34  1.3  -9 -9.0   -9 1009.3 1019.4  0   0.3  16.9  12.8  77.0  14.8   -9.0    0.0    0.0   -9.0   -9.0   -9.0   -9.0 -9 62 -                       10  10   26 As        -9   2   0  2811  0.0  0.04 -9  16.5  18.5  18.6  18.8  19.5  -9 -9.0 -9  3  1
202410061900 108  36  1.9  -9 -9.0   -9 1009.0 1019.1 -9  -9.0  16.6  12.7  78.0  14.7   -9.0    0.0    0.0   -9.0   -9.0   -9.0   -9.0 -9 -9 -                       10  10   23 -         -9  -9  -9  2556  0.0  0.01 -9  16.0  18.3  18.5  18.8  19.6  -9 -9.0 -9  3 -9
202410062000 108  34  1.1  -9 -9.0   -9 1009.2 1019.3 -9  -9.0  16.6  12.9  79.0  14.9   -9.0    0.0    0.0   -9.0   -9.0   -9.0   -9.0 -9 -9 -                       10  10   23 -         -9  -9  -9  2117 -9.0 -9.00 -9  15.9  18.1  18.3  18.8  19.6  -9 -9.0 -9  3 -9
202410062100 108  32  0.7  -9 -9.0   -9 1009.0 1019.1  6  -0.3  16.4  12.5  78.0  14.5   -9.0    0.0    0.0   -9.0   -9.0   -9.0   -9.0 -9 62 -                        8   8   29 Ac         0   3   0  2415 -9.0 -9.00 -9  15.3  18.0  18.2  18.8  19.6  -9 -9.0 -9  3  1
202410062200 108  29  1.6  -9 -9.0   -9 1009.1 1019.3 -9  -9.0  15.8  10.9  73.0  13.0   -9.0    0.0    0.0   -9.0   -9.0   -9.0   -9.0 -9 -9 -                        9   3   32 -         -9  -9  -9  3261 -9.0 -9.00 -9  14.2  17.8  18.1  18.8  19.6  -9 -9.0 -9  3 -9
202410062300 108  20  0.5  -9 -9.0   -9 1008.7 1018.9 -9  -9.0  15.0  10.5  75.0  12.7   -9.0    0.0    0.0   -9.0   -9.0   -9.0   -9.0 -9 -9 -                        9   4   75 -         -9  -9  -9  2916 -9.0 -9.00 -9  13.2  17.5  17.8  18.7  19.6  -9 -9.0 -9  3 -9
202410070000 108  34  1.1  -9 -9.0   -9 1008.6 1018.8  8  -0.3  14.7  10.5  76.0  12.7   -9.0    0.0    0.0   -9.0   -9.0   -9.0   -9.0 -9 -9 -                        9   0   -9 Ci         1   0   0  2830 -9.0 -9.00 -9  13.5  17.2  17.5  18.7  19.5  -9 -9.0 -9  3  2
202410070100 108  27  1.2  -9 -9.0   -9 1008.5 1018.7 -9  -9.0  14.6  10.7  78.0  12.9   -9.0   -9.0   -9.0   -9.0   -9.0   -9.0   -9.0 -9 -9 -                       10   9   64 -         -9  -9  -9  2785 -9.0 -9.00 -9  13.4  17.0  17.4  18.6  19.5  -9 -9.0 -9  3 -9
202410070200 108  27  1.4  -9 -9.0   -9 1008.6 1018.8 -9  -9.0  14.3  10.3  77.0  12.5   -9.0   -9.0   -9.0   -9.0   -9.0   -9.0   -9.0 -9 -9 -                       10   9   52 -         -9  -9  -9  2728 -9.0 -9.00 -9  13.5  16.9  17.2  18.5  19.5  -9 -9.0 -9  3 -9
202410070300 108  34  0.8  -9 -9.0   -9 1008.1 1018.3  7  -0.5  14.3  10.1  76.0  12.4   -9.0   -9.0   -9.0   -9.0   -9.0   -9.0   -9.0 -9 -9 -                        9   9   46 Ac         0   3   0  3147 -9.0 -9.00 -9  13.7  16.8  17.1  18.4  19.4  -9 -9.0 -9  3  2
202410070400 108  34  0.7  -9 -9.0   -9 1008.0 1018.2 -9  -9.0  14.3  10.5  78.0  12.7   -9.0   -9.0   -9.0   -9.0   -9.0   -9.0   -9.0 -9 -9 -                        9   6   49 AcCi       1   3   0  2664 -9.0 -9.00 -9  13.3  16.7  17.0  18.3  19.4  -9 -9.0 -9  3  2
202410070500 108  29  0.6  -9 -9.0   -9 1008.1 1018.3 -9  -9.0  14.2  10.9  81.0  13.0   -9.0   -9.0   -9.0   -9.0   -9.0   -9.0   -9.0 -9 -9 -                        9   0   -9 Ci         2   0   0  2613 -9.0 -9.00 -9  13.4  16.6  16.9  18.2  19.3  -9 -9.0 -9  3  2
202410070600 108   0  0.3  -9 -9.0   -9 1007.9 1018.1  7  -0.2  14.2  10.9  81.0  13.0   -9.0   -9.0   -9.0   -9.0   -9.0   -9.0   -9.0 -9 -9 -                        9   0   -9 Ci         2   0   0  2421 -9.0 -9.00 -9  13.4  16.5  16.9  18.3  19.4  -9 -9.0 -9  3  2
202410070700 108   2  1.5  -9 -9.0   -9 1007.6 1017.8 -9  -9.0  14.0  11.1  83.0  13.2   -9.0   -9.0   -9.0   -9.0   -9.0   -9.0   -9.0 -9 -9 -                        9   0   -9 Ci         2   0   0  2185  0.0  0.01 -9  13.3  16.5  16.8  18.2  19.4  -9 -9.0 -9  3  2
202410070800 108  34  1.8  -9 -9.0   -9 1007.9 1018.1 -9  -9.0  14.3  11.4  83.0  13.5   -9.0   -9.0   -9.0   -9.0   -9.0   -9.0   -9.0 -9 -9 -                        9   0   -9 Ci         2   0   0  2011  0.0  0.13 -9  14.5  16.5  16.8  18.1  19.3  -9 -9.0 -9  3  2
202410070900 108   0  0.0  -9 -9.0   -9 1007.9 1018.1  4   0.0  15.7  12.4  81.0  14.4   -9.0   -9.0   -9.0   -9.0   -9.0   -9.0   -9.0 -9 -9 -                        8   3   40 AcCi       2   3   0  1731  0.2  0.61 -9  19.3  16.9  16.9  17.8  18.9  -9 -9.0 -9  3  2
202410071000 108  29  1.6  -9 -9.0   -9 1007.6 1017.7 -9  -9.0  17.7  12.9  74.0  14.9   -9.0   -9.0   -9.0   -9.0   -9.0   -9.0   -9.0 -9 -9 -                        8   0   -9 Ci         2   0   0  1464  0.3  1.20 -9  25.8  17.9  17.6  17.8  18.9  -9 -9.0 -9  3  2
202410071100 108  29  2.4  -9 -9.0   -9 1007.4 1017.4 -9  -9.0  18.8  12.9  69.0  14.9   -9.0   -9.0   -9.0   -9.0   -9.0   -9.0   -9.0 -9 -9 -                        7   0   -9 Ci         2   0   0  1303  0.6  1.46 -9  31.0  18.7  18.2  17.7  18.7  -9 -9.0 -9  3  2
202410071200 108  27  2.4  -9 -9.0   -9 1007.2 1017.2  7  -0.9  19.4  12.8  66.0  14.8   -9.0   -9.0   -9.0   -9.0   -9.0   -9.0   -9.0 -9 -9 -                        8   0   -9 Ci         2   0   0  1562  0.4  1.37 -9  28.5  19.4  18.8  17.8  18.8  -9 -9.0 -9  3  2
202410071300 108  25  1.7  -9 -9.0   -9 1006.2 1016.2 -9  -9.0  20.5  12.7  61.0  14.7   -9.0   -9.0   -9.0   -9.0   -9.0   -9.0   -9.0 -9 -9 -                        9   0   -9 Cs         8   0   0  1605  0.1  1.55 -9  31.1  20.2  19.5  18.0  18.7  -9 -9.0 -9  3  2
202410071400 108  29  2.5  -9 -9.0   -9 1005.4 1015.4 -9  -9.0  20.3  12.7  62.0  14.7   -9.0   -9.0   -9.0   -9.0   -9.0   -9.0   -9.0 -9 -9 -                       10   4   48 AcCs       7   3   0  1603  0.1  1.10 -9  28.5  20.7  20.1  18.2  18.8  -9 -9.0 -9  3  2
202410071500 108  29  2.7  -9 -9.0   -9 1005.6 1015.6  5  -1.6  20.4  12.1  59.0  14.1   -9.0   -9.0   -9.0   -9.0   -9.0   -9.0   -9.0 -9 -9 -                       10   3   48 AcCs       7   3   0  1983  0.1  1.11 -9  26.9  20.9  20.4  18.5  18.9  -9 -9.0 -9  3  2
202410071600 108  32  2.7  -9 -9.0   -9 1005.5 1015.4 -9  -9.0  19.6  11.1  58.0  13.2   -9.0   -9.0   -9.0   -9.0   -9.0   -9.0   -9.0 -9 -9 -                       10  10   39 Ac        -9   3   0  2485  0.0  0.47 -9  22.2  20.7  20.5  18.7  19.0  -9 -9.0 -9  3  2
202410071700 108  27  1.7  -9 -9.0   -9 1005.6 1015.5 -9  -9.0  19.3  12.7  66.0  14.7   -9.0   -9.0   -9.0   -9.0   -9.0   -9.0   -9.0 -9 -9 -                        9   9   36 Ac         0   3   0  1484  0.0  0.25 -9  20.5  20.4  20.2  18.9  19.0  -9 -9.0 -9  3  2
202410071800 108  27  1.4  -9 -9.0   -9 1005.8 1015.8  3   0.2  18.7  12.4  67.0  14.4   -9.0   -9.0   -9.0   -9.0   -9.0   -9.0   -9.0 -9 -9 -                        9   0   -9 Ci         2   0   0  1554  0.0  0.07 -9  18.3  20.0  19.9  18.9  19.1  -9 -9.0 -9  3  2
202410071900 108  27  1.1  -9 -9.0   -9 1005.9 1015.9 -9  -9.0  18.2  12.6  70.0  14.6   -9.0   -9.0   -9.0   -9.0   -9.0   -9.0   -9.0 -9 -9 -                        9   9   55 -         -9  -9  -9  1478  0.0  0.00 -9  16.9  19.6  19.6  19.0  19.2  -9 -9.0 -9  3 -9
202410072000 108   2  0.6  -9 -9.0   -9 1006.2 1016.2 -9  -9.0  17.6  12.9  74.0  14.9   -9.0   -9.0   -9.0   -9.0   -9.0   -9.0   -9.0 -9 -9 -                        8   8   -9 -         -9  -9  -9  1360 -9.0 -9.00 -9  15.4  19.1  19.2  19.1  19.3  -9 -9.0 -9  3 -9
202410072100 108  27  0.6  -9 -9.0   -9 1006.6 1016.7  2   0.9  16.9  12.8  77.0  14.8   -9.0   -9.0   -9.0   -9.0   -9.0   -9.0   -9.0 -9 -9 -                        0   0   -9 -         -9  -9  -9  1137 -9.0 -9.00 -9  14.3  18.6  18.9  19.1  19.5  -9 -9.0 -9  3  2
202410072200 108  27  1.0  -9 -9.0   -9 1006.6 1016.7 -9  -9.0  16.4  12.7  79.0  14.7   -9.0   -9.0   -9.0   -9.0   -9.0   -9.0   -9.0 -9 -9 -                        5   1   -9 -         -9  -9  -9  1034 -9.0 -9.00 -9  13.7  18.2  18.6  19.4  19.9  -9 -9.0 -9  3 -9
202410072300 108  34  1.0  -9 -9.0   -9 1006.7 1016.9 -9  -9.0  15.9  12.8  82.0  14.8   -9.0   -9.0   -9.0   -9.0   -9.0   -9.0   -9.0 -9 -9 19                       0   0   -9 -         -9  -9  -9   812 -9.0 -9.00 -9  13.3  17.8  18.2  19.3  19.9  -9 -9.0 -9  3  2
202410080000 108   5  0.9  -9 -9.0   -9 1006.5 1016.7  4   0.0  15.6  12.8  84.0  14.8   -9.0   -9.0   -9.0   -9.0   -9.0   -9.0   -9.0 10  0 19                       0   0   -9 -         -9  -9  -9   757 -9.0 -9.00 -9  12.9  17.5  18.0  19.2  19.9  -9 -9.0 -9  3  1
202410080100 108  36  0.8  -9 -9.0   -9 1006.3 1016.5 -9  -9.0  15.1  12.7  86.0  14.7   -9.0   -9.0   -9.0   -9.0   -9.0   -9.0   -9.0 -9 -9 19                       3   0   -9 -         -9  -9  -9   757 -9.0 -9.00 -9  12.5  17.2  17.7  19.1  19.9  -9 -9.0 -9  3  2
202410080200 108  36  0.8  -9 -9.0   -9 1006.2 1016.4 -9  -9.0  14.8  12.6  87.0  14.6   -9.0   -9.0   -9.0   -9.0   -9.0   -9.0   -9.0 -9 -9 19                       0   0   -9 -         -9  -9  -9   692 -9.0 -9.00 -9  12.1  17.0  17.5  19.0  19.8  -9 -9.0 -9  3  2
202410080300 108   2  0.6  -9 -9.0   -9 1006.2 1016.4  6  -0.3  14.4  12.6  89.0  14.6   -9.0   -9.0   -9.0   -9.0   -9.0   -9.0   -9.0 10  0 19                       0   0   -9 -         -9  -9  -9   601 -9.0 -9.00 -9  11.8  16.7  17.2  18.8  19.8  -9 -9.0 -9  3  1
202410080400 108   2  1.5  -9 -9.0   -9 1006.1 1016.3 -9  -9.0  14.0  12.2  89.0  14.2   -9.0   -9.0   -9.0   -9.0   -9.0   -9.0   -9.0 10  0 19                       0   0   -9 -         -9  -9  -9   519 -9.0 -9.00 -9  11.6  16.5  17.0  18.7  19.7  -9 -9.0 -9  3  1
202410080500 108   2  1.4  -9 -9.0   -9 1006.3 1016.5 -9  -9.0  13.5  12.0  91.0  14.0   -9.0   -9.0   -9.0   -9.0   -9.0   -9.0   -9.0 10  0 19                       0   0   -9 -         -9  -9  -9   472 -9.0 -9.00 -9  11.3  16.3  16.8  18.6  19.6  -9 -9.0 -9  3  1
202410080600 108   5  1.9  -9 -9.0   -9 1006.3 1016.5  1   0.1  13.1  11.6  91.0  13.7   -9.0   -9.0   -9.0   -9.0   -9.0   -9.0   -9.0 10  0 19                       0   0   -9 -         -9  -9  -9   394 -9.0 -9.00 -9  11.0  16.1  16.6  18.4  19.5  -9 -9.0 -9  3  1
202410080700 108   2  1.8  -9 -9.0   -9 1006.5 1016.8 -9  -9.0  12.8  11.6  93.0  13.7   -9.0   -9.0   -9.0   -9.0   -9.0   -9.0   -9.0 10  0 19                       0   0   -9 -         -9  -9  -9   383  0.0  0.01 -9  11.1  15.8  16.3  18.3  19.4  -9 -9.0 -9  3  1
202410080800 108   2  2.1  -9 -9.0   -9 1007.0 1017.2 -9  -9.0  13.3  12.3  94.0  14.3   -9.0   -9.0   -9.0   -9.0   -9.0   -9.0   -9.0 10  0 19                       0   0   -9 -         -9  -9  -9   481  0.5  0.33 -9  13.6  15.8  16.2  18.1  19.3  -9 -9.0 -9  3  1
202410080900 108   5  1.2  -9 -9.0   -9 1007.4 1017.6  2   1.1  15.1  13.2  89.0  15.2   -9.0   -9.0   -9.0   -9.0   -9.0   -9.0   -9.0 10  0 19                       0   0   -9 -         -9  -9  -9   672  1.0  0.91 -9  20.1  16.3  16.4  17.7  19.0  -9 -9.0 -9  3  1
202410081000 108   7  1.5  -9 -9.0   -9 1007.3 1017.4 -9  -9.0  17.2  13.3  78.0  15.3   -9.0   -9.0   -9.0   -9.0   -9.0   -9.0   -9.0 10  0 19                       0   0   -9 -         -9  -9  -9   911  1.0  1.66 -9  28.6  17.3  17.0  17.6  18.8  -9 -9.0 -9  3  1
202410081100 108  11  1.4  -9 -9.0   -9 1007.0 1016.9 -9  -9.0  19.5  13.8  70.0  15.8   -9.0   -9.0   -9.0   -9.0   -9.0   -9.0   -9.0 -9 -9 19                       0   0   -9 -         -9  -9  -9  1124  1.0  2.21 -9  35.9  18.4  17.7  17.6  18.8  -9 -9.0 -9  3  2
202410081200 108   5  1.4  -9 -9.0   -9 1006.6 1016.6  7  -1.0  20.7  13.1  62.0  15.1   -9.0   -9.0   -9.0   -9.0   -9.0   -9.0   -9.0 -9 -9 -                        2   2   10 Sc         0   0   5  1599  1.0  2.57 -9  42.4  19.5  18.6  17.5  18.4  -9 -9.0 -9  3  2
202410081300 108   2  1.4  -9 -9.0   -9 1005.8 1015.7 -9  -9.0  22.2  13.2  57.0  15.2   -9.0   -9.0   -9.0   -9.0   -9.0   -9.0   -9.0 -9 -9 -                        3   3   11 Sc         0   0   5  2022  0.8  2.20 -9  42.9  20.4  19.6  17.8  18.6  -9 -9.0 -9  3  2
202410081400 108  11  1.5  -9 -9.0   -9 1005.2 1015.0 -9  -9.0  22.9  13.0  54.0  15.0   -9.0   -9.0   -9.0   -9.0   -9.0   -9.0   -9.0 -9 -9 -                        6   6   14 Sc         0   0   5  2071  0.7  1.99 -9  42.9  21.0  20.3  18.1  18.6  -9 -9.0 -9  3  2
202410081500 108  14  2.1  -9 -9.0   -9 1004.9 1014.7  7  -1.9  23.8  13.3  52.0  15.3   -9.0   -9.0   -9.0   -9.0   -9.0   -9.0   -9.0 -9 -9 -                        6   6   12 Sc         0   0   5  3302  0.5  1.51 -9  40.8  21.4  20.8  18.5  18.8  -9 -9.0 -9  3  2
202410081600 108   2  2.9  -9 -9.0   -9 1005.0 1014.9 -9  -9.0  22.0  13.0  57.0  15.0   -9.0   -9.0   -9.0   -9.0   -9.0   -9.0   -9.0 -9 -9 -                        7   7   12 Sc         0   0   5  3451  0.2  0.66 -9  24.8  21.6  21.1  18.8  19.0  -9 -9.0 -9  3  2
202410081700 108  32  1.8  -9 -9.0   -9 1005.1 1015.0 -9  -9.0  21.3  13.2  60.0  15.2   -9.0   -9.0   -9.0   -9.0   -9.0   -9.0   -9.0 -9 -9 -                        3   3   12 Sc         0   0   5  4100  0.1  0.37 -9  22.3  21.2  20.9  19.1  19.1  -9 -9.0 -9  3  2
202410081800 108   2  1.9  -9 -9.0   -9 1005.3 1015.3  2   0.6  20.3  13.2  64.0  15.2   -9.0   -9.0   -9.0   -9.0   -9.0   -9.0   -9.0 -9 -9 -                        2   2   11 Sc         0   0   5  3992  0.0  0.12 -9  18.5  20.7  20.6  19.3  19.2  -9 -9.0 -9  3  2
202410081900 108   5  2.3  -9 -9.0   -9 1005.9 1015.9 -9  -9.0  19.0  12.9  68.0  14.9   -9.0   -9.0   -9.0   -9.0   -9.0   -9.0   -9.0 -9 -9 -                        2   1   -9 -         -9  -9  -9  3536  0.0  0.00 -9  16.5  20.0  20.1  19.2  19.3  -9 -9.0 -9  3  2
202410082000 108   7  3.2  -9 -9.0   -9 1006.6 1016.6 -9  -9.0  18.6  12.7  69.0  14.7   -9.0   -9.0   -9.0   -9.0   -9.0   -9.0   -9.0 -9 -9 -                        2   2   14 -         -9  -9  -9  4731 -9.0 -9.00 -9  16.1  19.5  19.7  19.4  19.5  -9 -9.0 -9  3 -9
202410082100 108   5  3.1  -9 -9.0   -9 1007.1 1017.1  2   1.8  17.8  12.4  71.0  14.4   -9.0   -9.0   -9.0   -9.0   -9.0   -9.0   -9.0 -9 -9 -                        0   0   -9 -         -9  -9  -9  4827 -9.0 -9.00 -9  15.1  19.1  19.3  19.3  19.4  -9 -9.0 -9  3  2
202410082200 108   5  2.5  -9 -9.0   -9 1007.5 1017.6 -9  -9.0  17.1  11.7  71.0  13.7   -9.0   -9.0   -9.0   -9.0   -9.0   -9.0   -9.0 -9 -9 -                        0   0   -9 -         -9  -9  -9  4829 -9.0 -9.00 -9  14.3  18.7  19.0  19.3  19.6  -9 -9.0 -9  3 -9
202410082300 108   7  2.4  -9 -9.0   -9 1007.6 1017.7 -9  -9.0  16.7  11.4  71.0  13.5   -9.0   -9.0   -9.0   -9.0   -9.0   -9.0   -9.0 -9 -9 -                        2   1   -9 -         -9  -9  -9  4833 -9.0 -9.00 -9  13.9  18.4  18.7  19.2  19.6  -9 -9.0 -9  3 -9
202410090000 108   7  2.8  -9 -9.0   -9 1007.4 1017.5  0   0.4  16.3  11.4  73.0  13.5   -9.0   -9.0   -9.0   -9.0   -9.0   -9.0   -9.0 -9 -9 -                        0   0   -9 -         -9  -9  -9  4641 -9.0 -9.00 -9  13.6  18.1  18.4  19.0  19.5  -9 -9.0 -9  3  2
202410090100 108   5  2.4  -9 -9.0   -9 1007.3 1017.5 -9  -9.0  15.9  11.2  74.0  13.3   -9.0   -9.0   -9.0   -9.0   -9.0   -9.0   -9.0 -9 -9 -                        0   0   -9 -         -9  -9  -9  4371 -9.0 -9.00 -9  13.1  17.8  18.1  18.9  19.4  -9 -9.0 -9  3 -9
202410090200 108   5  2.8  -9 -9.0   -9 1007.3 1017.5 -9  -9.0  15.4  11.1  76.0  13.2   -9.0   -9.0   -9.0   -9.0   -9.0   -9.0   -9.0 -9 -9 -                        0   0   -9 -         -9  -9  -9  4493 -9.0 -9.00 -9  12.8  17.5  17.8  18.6  19.3  -9 -9.0 -9  3 -9
202410090300 108   5  2.6  -9 -9.0   -9 1007.0 1017.2  7  -0.3  15.2  11.1  77.0  13.2   -9.0   -9.0   -9.0   -9.0   -9.0   -9.0   -9.0 -9 -9 -                        0   0   -9 -         -9  -9  -9  4038 -9.0 -9.00 -9  12.6  17.3  17.6  18.7  19.4  -9 -9.0 -9  3  2
202410090400 108   5  2.1  -9 -9.0   -9 1006.9 1017.1 -9  -9.0  14.8  10.9  78.0  13.0   -9.0   -9.0   -9.0   -9.0   -9.0   -9.0   -9.0 -9 -9 -                        0   0   -9 -         -9  -9  -9  3999 -9.0 -9.00 -9  12.2  17.0  17.4  18.5  19.3  -9 -9.0 -9  3  2
202410090500 108   5  2.0  -9 -9.0   -9 1007.1 1017.3 -9  -9.0  14.4  10.9  80.0  13.0   -9.0   -9.0   -9.0   -9.0   -9.0   -9.0   -9.0 -9 -9 -                        0   0   -9 -         -9  -9  -9  4094 -9.0 -9.00 -9  12.0  16.8  17.2  18.4  19.3  -9 -9.0 -9  3  2
202410090600 108   5  2.0  -9 -9.0   -9 1007.3 1017.5  3   0.3  14.1  11.0  82.0  13.1   -9.0   -9.0   -9.0   -9.0   -9.0   -9.0   -9.0 -9 -9 -                        0   0   -9 -         -9  -9  -9  3932 -9.0 -9.00 -9  11.7  16.6  17.0  18.3  19.2  -9 -9.0 -9  3  2
202410090700 108   7  1.3  -9 -9.0   -9 1007.7 1017.9 -9  -9.0  13.9  11.0  83.0  13.1   -9.0   -9.0   -9.0   -9.0   -9.0   -9.0   -9.0 -9 -9 -                        3   1   18 ScCi       1   0   5  3640  0.0  0.01 -9  12.0  16.4  16.8  18.2  19.2  -9 -9.0 -9  3  2
202410090800 108   5  2.9  -9 -9.0   -9 1007.6 1017.8 -9  -9.0  14.9  11.6  81.0  13.7   -9.0   -9.0   -9.0   -9.0   -9.0   -9.0   -9.0 -9 -9 -                        0   0   -9 -         -9  -9  -9  3401  0.6  0.36 -9  13.3  16.4  16.7  18.0  19.0  -9 -9.0 -9  3  2
202410090900 108   5  2.5  -9 -9.0   -9 1007.6 1017.7  0   0.2  17.4  12.0  71.0  14.0   -9.0   -9.0   -9.0   -9.0   -9.0   -9.0   -9.0 -9 -9 -                        2   0   -9 Ci         1   0   0  3820  1.0  1.13 -9  22.7  16.8  16.9  18.3  19.4  -9 -9.0 -9  3  2
202410091000 108   5  2.8  -9 -9.0   -9 1007.5 1017.5 -9  -9.0  19.3  12.0  63.0  14.0   -9.0   -9.0   -9.0   -9.0   -9.0   -9.0   -9.0 -9 -9 -                        1   0   -9 Ci         1   0   0  3227  1.0  1.83 -9  31.9  17.8  17.4  18.2  19.3  -9 -9.0 -9  3  2
202410091100 108   7  3.1  -9 -9.0   -9 1006.9 1016.8 -9  -9.0  21.2  12.8  59.0  14.8   -9.0   -9.0   -9.0   -9.0   -9.0   -9.0   -9.0 -9 -9 -                        4   0   -9 Ci         1   0   0  3916  1.0  2.31 -9  38.2  18.9  18.2  18.2  19.3  -9 -9.0 -9  3  2
202410091200 108   7  2.4  -9 -9.0   -9 1006.3 1016.2  7  -1.5  22.4  11.7  51.0  13.7   -9.0   -9.0   -9.0   -9.0   -9.0   -9.0   -9.0 -9 -9 -                        7   0   -9 Ci         1   0   0  3941  1.0  2.62 -9  41.9  20.0  19.1  18.3  19.2  -9 -9.0 -9  3  2
202410091300 108   5  2.7  -9 -9.0   -9 1005.4 1015.2 -9  -9.0  23.1  11.7  49.0  13.7   -9.0   -9.0   -9.0   -9.0   -9.0   -9.0   -9.0 -9 -9 -                        6   3   14 ScCi       1   0   5  4065  0.8  2.43 -9  41.7  21.0  20.2  18.5  19.2  -9 -9.0 -9  3  2
202410091400 108   7  2.2  -9 -9.0   -9 1004.6 1014.3 -9  -9.0  24.3  11.9  46.0  13.9   -9.0   -9.0   -9.0   -9.0   -9.0   -9.0   -9.0 -9 -9 -                        7   3   14 ScCi       1   0   5  3861  1.0  2.41 -9  44.6  21.8  21.1  18.8  19.3  -9 -9.0 -9  3  2
202410091500 108  16  1.8  -9 -9.0   -9 1004.3 1014.1  7  -2.1  23.6  11.2  46.0  13.3   -9.0   -9.0   -9.0   -9.0   -9.0   -9.0   -9.0 -9 -9 -                        8   5   15 ScCi       1   0   5  4131  0.3  1.29 -9  32.3  22.3  21.7  19.1  19.4  -9 -9.0 -9  3  2
202410091600 108  16  2.5  -9 -9.0   -9 1003.9 1013.7 -9  -9.0  23.5  11.2  46.0  13.3   -9.0   -9.0   -9.0   -9.0   -9.0   -9.0   -9.0 -9 -9 -                        6   3   15 ScCi       1   0   5  4013  0.7  1.33 -9  28.9  22.5  22.0  19.5  19.5  -9 -9.0 -9  3  2
202410091700 108  29  1.5  -9 -9.0   -9 1003.8 1013.6 -9  -9.0  22.9  11.9  50.0  13.9   -9.0   -9.0   -9.0   -9.0   -9.0   -9.0   -9.0 -9 -9 -                        6   3   15 ScCi       1   0   5  4130  0.4  0.67 -9  25.1  22.2  21.9  19.8  19.6  -9 -9.0 -9  3  2
202410091800 108   9  1.4  -9 -9.0   -9 1003.9 1013.8  5  -0.3  21.9  11.2  51.0  13.3   -9.0   -9.0   -9.0   -9.0   -9.0   -9.0   -9.0 -9 -9 -                        6   2   14 ScCi       1   0   5  4226  0.3  0.22 -9  20.6  21.8  21.5  19.1  18.8  -9 -9.0 -9  3  2
202410091900 108   5  2.4  -9 -9.0   -9 1004.0 1014.0 -9  -9.0  20.0  11.4  58.0  13.5   -9.0   -9.0   -9.0   -9.0   -9.0   -9.0   -9.0 -9 -9 -                        4   1   64 -         -9  -9  -9  3863  0.0  0.00 -9  17.5  21.0  21.0  19.3  19.0  -9 -9.0 -9  3 -9
202410092000 108   2  1.8  -9 -9.0   -9 1004.4 1014.3 -9  -9.0  19.2  11.7  62.0  13.7   -9.0   -9.0   -9.0   -9.0   -9.0   -9.0   -9.0 -9 -9 -                        4   4   65 -         -9  -9  -9  3791 -9.0 -9.00 -9  16.0  20.2  20.6  20.4  20.3  -9 -9.0 -9  3 -9
202410092100 108   5  1.8  -9 -9.0   -9 1004.5 1014.5  2   0.7  18.4  11.6  65.0  13.7   -9.0   -9.0   -9.0   -9.0   -9.0   -9.0   -9.0 -9 -9 -                        7   7   30 Ac         0   3   0  3534 -9.0 -9.00 -9  15.4  19.6  20.0  20.4  20.4  -9 -9.0 -9  3  2
202410092200 108   5  2.5  -9 -9.0   -9 1004.7 1014.7 -9  -9.0  18.2  12.1  68.0  14.1   -9.0   -9.0   -9.0   -9.0   -9.0   -9.0   -9.0 -9 -9 -                        6   1   24 -         -9  -9  -9  3817 -9.0 -9.00 -9  16.3  19.3  19.6  20.3  20.4  -9 -9.0 -9  3 -9
202410092300 108   5  2.5  -9 -9.0   -9 1004.7 1014.7 -9  -9.0  17.9  12.1  69.0  14.1   -9.0   -9.0   -9.0   -9.0   -9.0   -9.0   -9.0 -9 -9 -                        7   0   -9 -         -9  -9  -9  3636 -9.0 -9.00 -9  15.5  19.0  19.4  20.2  20.4  -9 -9.0 -9  3 -9
202410100000 108   5  2.6  -9 -9.0   -9 1004.4 1014.4  8  -0.1  17.7  12.1  70.0  14.1   -9.0   -9.0   -9.0   -9.0   -9.0   -9.0   -9.0 -9 -9 -                        8   1   15 ScCi       1   0   5  3775 -9.0 -9.00 -9  15.6  18.9  19.2  20.0  20.4  -9 -9.0 -9  3  2
202410100100 108   5  2.4  -9 -9.0   -9 1004.2 1014.3 -9  -9.0  17.2  11.8  71.0  13.8   -9.0   -9.0   -9.0   -9.0   -9.0   -9.0   -9.0 -9 -9 -                        7   5   23 -         -9  -9  -9  3802 -9.0 -9.00 -9  14.9  18.7  19.0  19.9  20.4  -9 -9.0 -9  3 -9
202410100200 108   5  2.6  -9 -9.0   -9 1004.4 1014.5 -9  -9.0  16.6  11.9  74.0  13.9   -9.0   -9.0   -9.0   -9.0   -9.0   -9.0   -9.0 -9 -9 -                        6   2   25 -         -9  -9  -9  3880 -9.0 -9.00 -9  14.5  18.4  18.8  19.8  20.4  -9 -9.0 -9  3 -9
202410100300 108   5  2.2  -9 -9.0   -9 1004.5 1014.6  3   0.2  16.3  11.8  75.0  13.8   -9.0   -9.0   -9.0   -9.0   -9.0   -9.0   -9.0 -9 -9 -                        8   4   35 AcCi       2   3   0  3785 -9.0 -9.00 -9  14.2  18.2  18.6  19.7  20.3  -9 -9.0 -9  3  2
202410100400 108   5  1.8  -9 -9.0   -9 1004.1 1014.2 -9  -9.0  16.2  11.7  75.0  13.7   -9.0   -9.0   -9.0   -9.0   -9.0   -9.0   -9.0 -9 -9 -                        8   3   35 AcCi       2   3   0  3473 -9.0 -9.00 -9  14.5  18.0  18.4  19.6  20.3  -9 -9.0 -9  3  2
202410100500 108   5  2.1  -9 -9.0   -9 1004.3 1014.4 -9  -9.0  15.9  11.6  76.0  13.7   -9.0   -9.0   -9.0   -9.0   -9.0   -9.0   -9.0 -9 -9 -                        8   5   32 AcCi       1   3   0  3373 -9.0 -9.00 -9  14.2  17.9  18.2  19.5  20.2  -9 -9.0 -9  3  2
202410100600 108   5  1.9  -9 -9.0   -9 1004.6 1014.8  3   0.2  15.5  11.4  77.0  13.5   -9.0   -9.0   -9.0   -9.0   -9.0   -9.0   -9.0 -9 -9 -                        5   2   32 AcCi       1   3   0  3475 -9.0 -9.00 -9  13.5  17.7  18.1  19.3  20.1  -9 -9.0 -9  3  2
202410100700 108   5  2.6  -9 -9.0   -9 1004.8 1015.0 -9  -9.0  15.4  11.3  77.0  13.4   -9.0   -9.0   -9.0   -9.0   -9.0   -9.0   -9.0 -9 -9 -                        6   3   18 ScAs       0   2   5  3183  0.0  0.02 -9  14.8  17.5  17.9  19.2  20.1  -9 -9.0 -9  3  2
202410100800 108   5  2.6  -9 -9.0   -9 1005.1 1015.2 -9  -9.0  15.9  11.6  76.0  13.7   -9.0   -9.0   -9.0   -9.0   -9.0   -9.0   -9.0 -9 -9 -                        8   8   12 Sc         0   0   5  3008  0.0  0.19 -9  16.3  17.6  17.9  19.1  20.0  -9 -9.0 -9  3  2
202410100900 108   5  2.6  -9 -9.0   -9 1005.4 1015.5  2   0.7  17.1  12.0  72.0  14.0   -9.0   -9.0   -9.0   -9.0   -9.0   -9.0   -9.0 -9 -9 -                        3   1   10 ScAc       0   3   5  3249  0.3  0.59 -9  22.4  17.8  18.0  19.0  19.9  -9 -9.0 -9  3  2
202410101000 108   9  1.7  -9 -9.0   -9 1005.5 1015.4 -9  -9.0  19.2  11.9  63.0  13.9   -9.0   -9.0   -9.0   -9.0   -9.0   -9.0   -9.0 -9 -9 -                        5   3   15 ScAc       0   3   5  3387  1.0  1.56 -9  31.9  18.6  18.3  18.9  19.8  -9 -9.0 -9  3  2
202410101100 108  14  1.4  -9 -9.0   -9 1005.3 1015.3 -9  -9.0  19.8  11.2  58.0  13.3   -9.0   -9.0   -9.0   -9.0   -9.0   -9.0   -9.0 -9 -9 -                        7   7   10 Sc         0   0   5  3601  0.5  1.55 -9  26.7  19.7  19.1  18.9  19.7  -9 -9.0 -9  3  2
202410101200 108  11  1.5  -9 -9.0   -9 1004.8 1014.7  7  -0.8  20.7  11.8  57.0  13.8   -9.0   -9.0   -9.0   -9.0   -9.0   -9.0   -9.0 -9 -9 -                        7   7   13 Sc         0   0   5  3671  0.4  1.62 -9  29.2  20.5  19.9  18.9  19.7  -9 -9.0 -9  3  2
202410101300 108   9  1.4  -9 -9.0   -9 1004.0 1013.9 -9  -9.0  21.7  12.8  57.0  14.8    0.0    0.0    0.0   -9.0   -9.0   -9.0   -9.0 21 60 01                       3   3   11 Sc         0   0   5  2905  0.4  1.47 -9  35.2  20.9  20.5  19.1  19.6  -9 -9.0 -9  4  1
202410101400 108   7  1.7  -9 -9.0   -9 1003.2 1013.0 -9  -9.0  23.1  12.1  50.0  14.1   -9.0    0.0    0.0   -9.0   -9.0   -9.0   -9.0 -9 -9 -                        4   4   12 Sc         0   0   5  3470  1.0  2.70 -9  42.7  21.6  21.1  19.1  19.5  -9 -9.0 -9  3  2
202410101500 108  34  1.9  -9 -9.0   -9 1002.9 1012.7  7  -2.0  23.2  12.1  50.0  14.1   -9.0    0.0    0.0   -9.0   -9.0   -9.0   -9.0 -9 61 -                        5   5   13 Sc         0   0   5  2712  0.7  1.60 -9  36.1  22.1  21.6  19.3  19.4  -9 -9.0 -9  3  1
202410101600 108   7  1.5  -9 -9.0   -9 1002.9 1012.7 -9  -9.0  23.7  12.0  48.0  14.0   -9.0    0.0    0.0   -9.0   -9.0   -9.0   -9.0 -9 -9 -                        3   3   14 Sc         0   0   5  2907  0.9  1.57 -9  33.3  22.4  22.1  19.3  19.3  -9 -9.0 -9  3  2
202410101700 108   5  1.6  -9 -9.0   -9 1003.1 1012.9 -9  -9.0  23.4  12.0  49.0  14.0   -9.0    0.0    0.0   -9.0   -9.0   -9.0   -9.0 -9 -9 -                        4   4   15 Sc         0   0   5  2693  1.0  0.92 -9  26.5  22.5  22.1  19.2  19.0  -9 -9.0 -9  3  2
202410101800 108  34  1.9  -9 -9.0   -9 1003.5 1013.4  2   0.7  21.8  12.0  54.0  14.0   -9.0    0.0    0.0   -9.0   -9.0   -9.0   -9.0 -9 -9 -                        6   6   14 Sc         0   0   5  3307  0.1  0.12 -9  21.6  22.1  21.8  19.4  19.1  -9 -9.0 -9  3  2
202410101900 108  25  2.3  -9 -9.0   -9 1003.9 1013.8 -9  -9.0  20.8  12.4  59.0  14.4   -9.0    0.0    0.0   -9.0   -9.0   -9.0   -9.0 -9 -9 -                        4   4   13 -         -9  -9  -9  2499  0.0  0.00 -9  19.7  21.5  21.4  19.5  19.2  -9 -9.0 -9  3 -9
202410102000 108  27  2.2  -9 -9.0   -9 1004.5 1014.5 -9  -9.0  19.9  13.1  65.0  15.1   -9.0    0.0    0.0   -9.0   -9.0   -9.0   -9.0 -9 -9 -                        4   4   12 -         -9  -9  -9  1967 -9.0 -9.00 -9  18.5  21.0  20.9  19.6  19.3  -9 -9.0 -9  3 -9
202410102100 108  29  2.5  -9 -9.0   -9 1004.9 1014.8  2   1.4  19.1  13.2  69.0  15.2   -9.0    0.0    0.0   -9.0   -9.0   -9.0   -9.0 -9 -9 -                        2   2   11 Sc         0   0   5  1917 -9.0 -9.00 -9  16.9  20.5  20.6  19.6  19.3  -9 -9.0 -9  3  2
202410102200 108   0  0.2  -9 -9.0   -9 1005.1 1015.1 -9  -9.0  18.4  13.0  71.0  15.0   -9.0    0.0    0.0   -9.0   -9.0   -9.0   -9.0 -9 -9 -                        2   2   -9 -         -9  -9  -9  1782 -9.0 -9.00 -9  15.5  20.0  20.1  19.5  19.4  -9 -9.0 -9  3 -9
202410102300 108   2  1.7  -9 -9.0   -9 1005.2 1015.2 -9  -9.0  17.6  12.6  73.0  14.6   -9.0    0.0    0.0   -9.0   -9.0   -9.0   -9.0 -9 -9 -                        0   0   -9 -         -9  -9  -9  2088 -9.0 -9.00 -9  14.7  19.5  19.7  19.4  19.4  -9 -9.0 -9  3 -9
202410110000 108  36  1.4  -9 -9.0   -9 1005.1 1015.2  1   0.4  17.0  12.7  76.0  14.7   -9.0    0.0    0.0   -9.0   -9.0   -9.0   -9.0 -9 -9 -                        0   0   -9 -         -9  -9  -9  2049 -9.0 -9.00 -9  14.1  19.0  19.3  19.2  19.4  -9 -9.0 -9  3  2
202410110100 108  36  1.6  -9 -9.0   -9 1005.5 1015.6 -9  -9.0  16.4  12.5  78.0  14.5   -9.0   -9.0   -9.0   -9.0   -9.0   -9.0   -9.0 -9 -9 -                        0   0   -9 -         -9  -9  -9  1811 -9.0 -9.00 -9  13.6  18.7  18.9  19.1  19.3  -9 -9.0 -9  3 -9
202410110200 108   2  1.6  -9 -9.0   -9 1005.6 1015.7 -9  -9.0  15.9  12.8  82.0  14.8   -9.0   -9.0   -9.0   -9.0   -9.0   -9.0   -9.0 -9 -9 -                        0   0   -9 -         -9  -9  -9  1729 -9.0 -9.00 -9  13.3  18.3  18.6  18.9  19.3  -9 -9.0 -9  3 -9
202410110300 108   2  1.9  -9 -9.0   -9 1005.7 1015.9  2   0.7  15.2  12.3  83.0  14.3   -9.0   -9.0   -9.0   -9.0   -9.0   -9.0   -9.0 -9 -9 -                        0   0   -9 -         -9  -9  -9  1488 -9.0 -9.00 -9  12.6  18.0  18.3  18.7  19.2  -9 -9.0 -9  3  2
202410110400 108   2  1.3  -9 -9.0   -9 1005.9 1016.1 -9  -9.0  15.0  12.4  85.0  14.4   -9.0   -9.0   -9.0   -9.0   -9.0   -9.0   -9.0 -9 -9 -                        0   0   -9 -         -9  -9  -9  1511 -9.0 -9.00 -9  12.5  17.7  18.0  18.5  19.1  -9 -9.0 -9  3  2
202410110500 108   5  1.8  -9 -9.0   -9 1006.2 1016.4 -9  -9.0  14.6  12.2  86.0  14.2   -9.0   -9.0   -9.0   -9.0   -9.0   -9.0   -9.0 -9 -9 -                        0   0   -9 -         -9  -9  -9  1556 -9.0 -9.00 -9  12.3  17.4  17.7  18.4  19.0  -9 -9.0 -9  3  2
202410110600 108   2  1.6  -9 -9.0   -9 1006.6 1016.8  2   0.9  14.1  11.7  86.0  13.7   -9.0   -9.0   -9.0   -9.0   -9.0   -9.0   -9.0 -9 -9 -                        0   0   -9 -         -9  -9  -9  1325 -9.0 -9.00 -9  11.8  17.2  17.5  18.2  18.9  -9 -9.0 -9  3  2
202410110700 108   2  1.3  -9 -9.0   -9 1006.9 1017.1 -9  -9.0  14.0  12.2  89.0  14.2   -9.0   -9.0   -9.0   -9.0   -9.0   -9.0   -9.0 -9 -9 -                        0   0   -9 -         -9  -9  -9  1240  0.0  0.01 -9  12.1  17.0  17.2  18.0  18.8  -9 -9.0 -9  3  2
202410110800 108   5  2.1  -9 -9.0   -9 1007.5 1017.7 -9  -9.0  14.5  12.7  89.0  14.7   -9.0   -9.0   -9.0   -9.0   -9.0   -9.0   -9.0 -9 -9 -                        0   0   -9 -         -9  -9  -9  1238  0.8  0.37 -9  14.3  16.9  17.1  17.9  18.7  -9 -9.0 -9  3  2
202410110900 108   7  2.2  -9 -9.0   -9 1007.8 1017.9  2   1.1  16.8  13.5  81.0  15.5   -9.0   -9.0   -9.0   -9.0   -9.0   -9.0   -9.0 -9 -9 -                        0   0   -9 -         -9  -9  -9  1603  1.0  0.99 -9  22.3  17.4  17.3  17.9  18.8  -9 -9.0 -9  3  2
202410111000 108   5  1.8  -9 -9.0   -9 1008.2 1018.2 -9  -9.0  18.9  13.7  72.0  15.7   -9.0   -9.0   -9.0   -9.0   -9.0   -9.0   -9.0 -9 -9 -                        0   0   -9 -         -9  -9  -9  1904  1.0  1.66 -9  30.6  18.3  17.8  17.9  18.8  -9 -9.0 -9  3  2
202410111100 108  11  1.2  -9 -9.0   -9 1008.0 1018.0 -9  -9.0  21.0  14.3  66.0  16.3   -9.0   -9.0   -9.0   -9.0   -9.0   -9.0   -9.0 -9 -9 -                        1   1   10 Sc         0   0   5  1430  1.0  2.16 -9  36.8  19.4  18.6  17.9  18.7  -9 -9.0 -9  3  2
202410111200 108  16  1.9  -9 -9.0   -9 1007.9 1017.8  8  -0.1  22.7  14.0  58.0  16.0   -9.0   -9.0   -9.0   -9.0   -9.0   -9.0   -9.0 -9 -9 -                        2   2    9 Sc         0   0   5  1615  0.8  2.17 -9  41.9  20.6  19.5  18.0  18.7  -9 -9.0 -9  3  2
202410111300 108  23  2.4  -9 -9.0   -9 1007.3 1017.1 -9  -9.0  23.8  11.1  45.0  13.2   -9.0   -9.0   -9.0   -9.0   -9.0   -9.0   -9.0 -9 -9 -                        3   3   12 Sc         0   0   5  1663  1.0  2.61 -9  44.3  21.7  20.6  18.2  18.7  -9 -9.0 -9  3  2
202410111400 108  18  2.4  -9 -9.0   -9 1006.6 1016.4 -9  -9.0  23.7  12.0  48.0  14.0   -9.0   -9.0   -9.0   -9.0   -9.0   -9.0   -9.0 -9 -9 -                        3   3   15 Sc         0   0   5  1257  0.4  1.44 -9  36.0  22.1  21.2  18.4  18.7  -9 -9.0 -9  3  2
202410111500 108  23  3.0  -9 -9.0   -9 1006.2 1016.0  7  -1.8  24.3  12.5  48.0  14.5   -9.0   -9.0   -9.0   -9.0   -9.0   -9.0   -9.0 -9 -9 -                        3   3   14 Sc         0   0   5  1186  1.0  2.05 -9  37.6  22.6  21.8  18.7  18.8  -9 -9.0 -9  3  2
202410111600 108  27  2.2  -9 -9.0   -9 1006.5 1016.3 -9  -9.0  24.2  11.1  44.0  13.2   -9.0   -9.0   -9.0   -9.0   -9.0   -9.0   -9.0 -9 -9 -                        2   2   15 Sc         0   0   5  1280  1.0  1.52 -9  33.4  22.8  22.2  19.0  18.9  -9 -9.0 -9  3  2
202410111700 108  25  3.1  -9 -9.0   -9 1006.9 1016.7 -9  -9.0  22.9  10.6  46.0  12.8   -9.0   -9.0   -9.0   -9.0   -9.0   -9.0   -9.0 -9 -9 -                        0   0   -9 -         -9  -9  -9  1593  1.0  0.88 -9  23.4  22.5  22.1  19.2  19.0  -9 -9.0 -9  3  2
202410111800 108  27  2.6  -9 -9.0   -9 1007.3 1017.3  2   1.3  21.0  10.1  50.0  12.4   -9.0   -9.0   -9.0   -9.0   -9.0   -9.0   -9.0 -9 -9 -                        0   0   -9 -         -9  -9  -9  1560  0.5  0.19 -9  19.0  21.7  21.8  20.5  20.3  -9 -9.0 -9  3  2
202410111900 108  27  2.5  -9 -9.0   -9 1008.1 1018.0 -9  -9.0  19.7  11.4  59.0  13.5   -9.0   -9.0   -9.0   -9.0   -9.0   -9.0   -9.0 -9 -9 -                        0   0   -9 -         -9  -9  -9  1212  0.0  0.00 -9  16.9  20.9  21.2  20.6  20.4  -9 -9.0 -9  3 -9
202410112000 108  29  1.7  -9 -9.0   -9 1008.8 1018.8 -9  -9.0  18.8  12.0  65.0  14.0   -9.0   -9.0   -9.0   -9.0   -9.0   -9.0   -9.0 -9 -9 40                       0   0   -9 -         -9  -9  -9   899 -9.0 -9.00 -9  15.3  20.2  20.6  20.5  20.4  -9 -9.0 -9  3  2
202410112100 108  29  1.4  -9 -9.0   -9 1009.2 1019.3  2   2.0  17.9  11.9  68.0  13.9   -9.0   -9.0   -9.0   -9.0   -9.0   -9.0   -9.0  5  0 40                       0   0   -9 -         -9  -9  -9   878 -9.0 -9.00 -9  14.1  19.6  20.0  20.3  20.3  -9 -9.0 -9  3  1
202410112200 108  27  1.3  -9 -9.0   -9 1009.9 1020.0 -9  -9.0  17.2  11.6  70.0  13.7   -9.0   -9.0   -9.0   -9.0   -9.0   -9.0   -9.0 -9 -9 40                       0   0   -9 -         -9  -9  -9   907 -9.0 -9.00 -9  13.4  19.1  19.5  20.2  20.4  -9 -9.0 -9  3  2
202410112300 108  29  1.5  -9 -9.0   -9 1010.4 1020.5 -9  -9.0  16.7  11.8  73.0  13.8   -9.0   -9.0   -9.0   -9.0   -9.0   -9.0   -9.0 -9 -9 40                       0   0   -9 -         -9  -9  -9   927 -9.0 -9.00 -9  13.2  18.6  18.9  19.3  19.5  -9 -9.0 -9  3  2
202410120000 108  32  1.3  -9 -9.0   -9 1010.5 1020.7  2   1.4  16.5  12.2  76.0  14.2   -9.0   -9.0   -9.0   -9.0   -9.0   -9.0   -9.0 -9 -9 40                       0   0   -9 -         -9  -9  -9  1008 -9.0 -9.00 -9  12.7  18.3  18.6  19.0  19.3  -9 -9.0 -9  3  2
202410120100 108   0  0.4  -9 -9.0   -9 1010.6 1020.8 -9  -9.0  16.0  11.9  77.0  13.9   -9.0   -9.0   -9.0   -9.0   -9.0   -9.0   -9.0 -9 -9 -                        0   0   -9 -         -9  -9  -9  1061 -9.0 -9.00 -9  12.2  18.0  18.3  18.8  19.2  -9 -9.0 -9  3 -9
202410120200 108  36  0.6  -9 -9.0   -9 1010.8 1021.0 -9  -9.0  15.6  11.5  77.0  13.6   -9.0   -9.0   -9.0   -9.0   -9.0   -9.0   -9.0 -9 -9 -                        0   0   -9 -         -9  -9  -9  1002 -9.0 -9.00 -9  11.9  17.7  18.0  18.6  19.2  -9 -9.0 -9  3 -9
202410120300 108   2  1.3  -9 -9.0   -9 1010.8 1021.0  1   0.3  15.0  11.7  81.0  13.7   -9.0   -9.0   -9.0   -9.0   -9.0   -9.0   -9.0 10  0 19                       0   0   -9 -         -9  -9  -9   827 -9.0 -9.00 -9  11.7  17.4  17.7  18.4  19.1  -9 -9.0 -9  3  1
202410120400 108   2  1.1  -9 -9.0   -9 1011.1 1021.3 -9  -9.0  14.6  11.5  82.0  13.6   -9.0   -9.0   -9.0   -9.0   -9.0   -9.0   -9.0 10  0 19                       0   0   -9 -         -9  -9  -9   683 -9.0 -9.00 -9  11.3  17.1  17.4  18.3  19.0  -9 -9.0 -9  3  1
202410120500 108   2  1.7  -9 -9.0   -9 1011.4 1021.6 -9  -9.0  14.1  11.4  84.0  13.5   -9.0   -9.0   -9.0   -9.0   -9.0   -9.0   -9.0 10  0 19                       0   0   -9 -         -9  -9  -9   572 -9.0 -9.00 -9  11.0  16.9  17.2  18.1  18.9  -9 -9.0 -9  3  1
202410120600 108  36  1.5  -9 -9.0   -9 1012.0 1022.3  2   1.3  13.9  11.4  85.0  13.5   -9.0   -9.0   -9.0   -9.0   -9.0   -9.0   -9.0 10  0 19                       0   0   -9 -         -9  -9  -9   577 -9.0 -9.00 -9  10.8  16.6  16.9  17.9  18.7  -9 -9.0 -9  3  1
202410120700 108   2  1.6  -9 -9.0   -9 1012.5 1022.8 -9  -9.0  13.4  11.2  87.0  13.3   -9.0   -9.0   -9.0   -9.0   -9.0   -9.0   -9.0 10  0 19                       0   0   -9 -         -9  -9  -9   517  0.0  0.01 -9  11.0  16.4  16.7  17.8  18.6  -9 -9.0 -9  3  1
202410120800 108   5  1.6  -9 -9.0   -9 1013.2 1023.5 -9  -9.0  13.8  11.8  88.0  13.8   -9.0   -9.0   -9.0   -9.0   -9.0   -9.0   -9.0 10  0 19                       0   0   -9 -         -9  -9  -9   651  0.9  0.37 -9  13.1  16.3  16.5  17.6  18.6  -9 -9.0 -9  3  1
202410120900 108   2  2.0  -9 -9.0   -9 1013.5 1023.7  2   1.4  16.2  13.1  82.0  15.1   -9.0   -9.0   -9.0   -9.0   -9.0   -9.0   -9.0 10  0 19                       0   0   -9 -         -9  -9  -9   642  1.0  1.04 -9  21.9  16.8  16.9  18.4  19.5  -9 -9.0 -9  3  1
202410121000 108   9  0.8  -9 -9.0   -9 1013.5 1023.5 -9  -9.0  18.9  12.8  68.0  14.8   -9.0   -9.0   -9.0   -9.0   -9.0   -9.0   -9.0  5  0 4019                     0   0   -9 -         -9  -9  -9   783  1.0  1.79 -9  31.4  17.9  17.5  18.5  19.6  -9 -9.0 -9  3  1
202410121100 108  16  2.2  -9 -9.0   -9 1013.1 1023.1 -9  -9.0  21.2  10.6  51.0  12.8   -9.0   -9.0   -9.0   -9.0   -9.0   -9.0   -9.0 -9 -9 40                       0   0   -9 -         -9  -9  -9  1183  1.0  2.25 -9  37.1  19.2  18.3  18.4  19.5  -9 -9.0 -9  3  2
202410121200 108  27  1.9  -9 -9.0   -9 1012.7 1022.6  7  -1.1  22.3   9.7  45.0  12.0   -9.0   -9.0   -9.0   -9.0   -9.0   -9.0   -9.0 -9 -9 -                        0   0   -9 -         -9  -9  -9  2044  1.0  2.57 -9  42.7  20.3  19.3  18.4  19.3  -9 -9.0 -9  3  2
202410121300 108  25  2.1  -9 -9.0   -9 1012.1 1022.0 -9  -9.0  23.4   6.6  34.0   9.7   -9.0   -9.0   -9.0   -9.0   -9.0   -9.0   -9.0 -9 -9 -                        0   0   -9 -         -9  -9  -9  3016  1.0  2.72 -9  45.0  21.3  20.3  18.6  19.3  -9 -9.0 -9  3  2
202410121400 108  27  1.7  -9 -9.0   -9 1011.7 1021.5 -9  -9.0  23.9   4.7  29.0   8.5   -9.0   -9.0   -9.0   -9.0   -9.0   -9.0   -9.0 -9 -9 -                        0   0   -9 -         -9  -9  -9  3606  1.0  2.56 -9  44.4  21.7  21.0  18.9  19.3  -9 -9.0 -9  3  2
202410121500 108  29  2.3  -9 -9.0   -9 1011.5 1021.3  7  -1.3  24.0   5.3  30.0   8.9   -9.0   -9.0   -9.0   -9.0   -9.0   -9.0   -9.0 -9 -9 -                        0   0   -9 -         -9  -9  -9  3167  1.0  2.18 -9  39.8  22.0  21.4  19.2  19.4  -9 -9.0 -9  3  2
202410121600 108  27  2.4  -9 -9.0   -9 1011.5 1021.3 -9  -9.0  24.3   3.5  26.0   7.8   -9.0   -9.0   -9.0   -9.0   -9.0   -9.0   -9.0 -9 -9 -                        0   0   -9 -         -9  -9  -9  3202  1.0  1.60 -9  33.1  22.0  21.5  19.5  19.5  -9 -9.0 -9  3  2
202410121700 108  29  2.2  -9 -9.0   -9 1011.5 1021.4 -9  -9.0  23.4   4.8  30.0   8.6   -9.0   -9.0   -9.0   -9.0   -9.0   -9.0   -9.0 -9 -9 -                        0   0   -9 -         -9  -9  -9  3536  1.0  0.88 -9  22.5  21.8  21.4  19.5  19.4  -9 -9.0 -9  3  2
202410121800 108  27  1.4  -9 -9.0   -9 1011.7 1021.7  2   0.4  21.3   5.6  36.0   9.1   -9.0   -9.0   -9.0   -9.0   -9.0   -9.0   -9.0 -9 -9 -                        0   0   -9 -         -9  -9  -9  3196  0.5  0.22 -9  17.6  21.0  21.1  20.2  20.1  -9 -9.0 -9  3  2
202410121900 108  25  1.6  -9 -9.0   -9 1012.2 1022.2 -9  -9.0  19.7   9.2  51.0  11.6   -9.0   -9.0   -9.0   -9.0   -9.0   -9.0   -9.0 -9 -9 -                        0   0   -9 -         -9  -9  -9  2918 -9.0 -9.00 -9  15.7  20.2  20.5  20.4  20.3  -9 -9.0 -9  3 -9
202410122000 108  25  0.6  -9 -9.0   -9 1012.8 1022.8 -9  -9.0  18.7   8.6  52.0  11.2   -9.0   -9.0   -9.0   -9.0   -9.0   -9.0   -9.0 -9 -9 -                        0   0   -9 -         -9  -9  -9  2779 -9.0 -9.00 -9  14.4  19.6  20.0  20.4  20.4  -9 -9.0 -9  3 -9
202410122100 108  25  0.8  -9 -9.0   -9 1013.1 1023.2  2   1.5  17.8   9.6  59.0  11.9   -9.0   -9.0   -9.0   -9.0   -9.0   -9.0   -9.0 -9 -9 -                        0   0   -9 -         -9  -9  -9  2402 -9.0 -9.00 -9  13.5  19.0  19.5  20.3  20.5  -9 -9.0 -9  3  2
202410122200 108   0  0.2  -9 -9.0   -9 1013.2 1023.4 -9  -9.0  16.8   9.7  63.0  12.0   -9.0   -9.0   -9.0   -9.0   -9.0   -9.0   -9.0 -9 -9 -                        0   0   -9 -         -9  -9  -9  2270 -9.0 -9.00 -9  12.8  18.5  19.0  20.2  20.5  -9 -9.0 -9  3 -9
202410122300 108   7  0.5  -9 -9.0   -9 1013.5 1023.7 -9  -9.0  16.4   9.3  63.0  11.7   -9.0   -9.0   -9.0   -9.0   -9.0   -9.0   -9.0 -9 -9 -                        0   0   -9 -         -9  -9  -9  2395 -9.0 -9.00 -9  12.2  18.1  18.6  20.0  20.5  -9 -9.0 -9  3 -9
202410130000 108   2  1.3  -9 -9.0   -9 1013.3 1023.5  0   0.3  15.7   9.5  67.0  11.9   -9.0   -9.0   -9.0   -9.0   -9.0   -9.0   -9.0 -9 -9 -                        0   0   -9 -         -9  -9  -9  2480 -9.0 -9.00 -9  12.0  17.7  18.3  19.9  20.4  -9 -9.0 -9  3  2
202410130100 108   2  1.6  -9 -9.0   -9 1013.2 1023.5 -9  -9.0  15.1  10.0  72.0  12.3   -9.0   -9.0   -9.0   -9.0   -9.0   -9.0   -9.0 -9 -9 -                        0   0   -9 -         -9  -9  -9  2212 -9.0 -9.00 -9  11.7  17.4  18.0  19.7  20.4  -9 -9.0 -9  3 -9
202410130200 108   2  1.7  -9 -9.0   -9 1013.3 1023.6 -9  -9.0  14.8  10.4  75.0  12.6   -9.0   -9.0   -9.0   -9.0   -9.0   -9.0   -9.0 -9 -9 -                        0   0   -9 -         -9  -9  -9  1951 -9.0 -9.00 -9  11.4  17.1  17.7  19.5  20.3  -9 -9.0 -9  3 -9
202410130300 108   2  1.6  -9 -9.0   -9 1013.2 1023.5  4   0.0  14.1  10.3  78.0  12.5   -9.0   -9.0   -9.0   -9.0   -9.0   -9.0   -9.0 -9 -9 -                        0   0   -9 -         -9  -9  -9  1815 -9.0 -9.00 -9  11.0  16.8  17.4  19.3  20.2  -9 -9.0 -9  3  2
202410130400 108   5  2.0  -9 -9.0   -9 1013.0 1023.3 -9  -9.0  13.5  10.2  81.0  12.4   -9.0   -9.0   -9.0   -9.0   -9.0   -9.0   -9.0 -9 -9 -                        0   0   -9 -         -9  -9  -9  1641 -9.0 -9.00 -9  10.4  16.6  17.1  19.2  20.1  -9 -9.0 -9  3  2
202410130500 108   5  1.6  -9 -9.0   -9 1013.0 1023.3 -9  -9.0  13.2  10.0  81.0  12.3   -9.0   -9.0   -9.0   -9.0   -9.0   -9.0   -9.0 -9 -9 -                        0   0   -9 -         -9  -9  -9  1682 -9.0 -9.00 -9  10.3  16.3  16.9  19.0  20.0  -9 -9.0 -9  3  2
202410130600 108   5  1.7  -9 -9.0   -9 1013.3 1023.6  3   0.1  12.8  10.1  84.0  12.4   -9.0   -9.0   -9.0   -9.0   -9.0   -9.0   -9.0 -9 -9 -                        1   0   -9 Ci         1   0   0  1680 -9.0 -9.00 -9  10.1  16.1  16.7  18.8  19.9  -9 -9.0 -9  3  2
202410130700 108   5  2.1  -9 -9.0   -9 1013.4 1023.7 -9  -9.0  12.8  10.3  85.0  12.5   -9.0   -9.0   -9.0   -9.0   -9.0   -9.0   -9.0 -9 -9 -                        2   0   -9 Ci         1   0   0  1673  0.1  0.01 -9  10.5  15.9  16.5  18.6  19.8  -9 -9.0 -9  3  2
202410130800 108   7  2.0  -9 -9.0   -9 1013.8 1024.1 -9  -9.0  14.2  11.3  83.0  13.4   -9.0   -9.0   -9.0   -9.0   -9.0   -9.0   -9.0 -9 -9 -                        1   0   -9 Ci         1   0   0  1895  1.0  0.41 -9  12.5  15.9  16.4  18.5  19.7  -9 -9.0 -9  3  2
202410130900 108   7  2.2  -9 -9.0   -9 1013.8 1024.0  0   0.4  16.6  12.1  75.0  14.1   -9.0   -9.0   -9.0   -9.0   -9.0   -9.0   -9.0 -9 -9 -                        5   0   -9 Ci         1   0   0  2243  1.0  1.09 -9  22.3  16.4  16.5  18.3  19.5  -9 -9.0 -9  3  2
202410131000 108   7  2.1  -9 -9.0   -9 1013.9 1023.9 -9  -9.0  19.0  12.2  65.0  14.2   -9.0   -9.0   -9.0   -9.0   -9.0   -9.0   -9.0 -9 -9 -                        2   0   -9 Ci         1   0   0  2506  1.0  1.79 -9  32.2  17.5  17.1  18.2  19.4  -9 -9.0 -9  3  2
202410131100 108   7  2.2  -9 -9.0   -9 1013.6 1023.6 -9  -9.0  20.9  12.3  58.0  14.3   -9.0   -9.0   -9.0   -9.0   -9.0   -9.0   -9.0 -9 -9 -                        9   0   -9 Ci         2   0   0  2324  0.9  2.14 -9  31.6  18.8  18.0  18.2  19.3  -9 -9.0 -9  3  2
202410131200 108   5  2.2  -9 -9.0   -9 1013.1 1023.1  7  -0.9  21.8  12.8  57.0  14.8   -9.0   -9.0   -9.0   -9.0   -9.0   -9.0   -9.0 -9 -9 -                        9   0   -9 Ci         2   0   0  2737  0.4  1.56 -9  35.5  19.7  18.9  18.3  19.3  -9 -9.0 -9  3  2
202410131300 108  14  2.1  -9 -9.0   -9 1012.7 1022.6 -9  -9.0  22.1  12.3  54.0  14.3   -9.0   -9.0   -9.0   -9.0   -9.0   -9.0   -9.0 -9 -9 -                        9   0   -9 Ci         2   0   0  2637  0.2  1.35 -9  30.8  20.5  19.8  18.5  19.2  -9 -9.0 -9  3  2
202410131400 108  14  2.6  -9 -9.0   -9 1012.3 1022.2 -9  -9.0  22.1  11.4  51.0  13.5   -9.0   -9.0   -9.0   -9.0   -9.0   -9.0   -9.0 -9 -9 -                        9   0   -9 Ci         2   0   0  2523  0.0  1.10 -9  28.3  21.0  20.4  18.7  19.3  -9 -9.0 -9  3  2
202410131500 108   9  1.9  -9 -9.0   -9 1011.7 1021.6  7  -1.5  22.4  11.4  50.0  13.5   -9.0   -9.0   -9.0   -9.0   -9.0   -9.0   -9.0 -9 -9 -                        9   0   -9 Ci         2   0   0  2618  0.0  0.86 -9  29.7  21.1  20.7  18.9  19.3  -9 -9.0 -9  3  2
202410131600 108  11  1.8  -9 -9.0   -9 1011.5 1021.4 -9  -9.0  22.4  11.4  50.0  13.5   -9.0   -9.0   -9.0   -9.0   -9.0   -9.0   -9.0 -9 -9 -                        9   5   49 AcCi       2   3   0  3071  0.1  0.65 -9  25.9  21.3  20.9  19.2  19.4  -9 -9.0 -9  3  2
202410131700 108   9  1.9  -9 -9.0   -9 1011.6 1021.6 -9  -9.0  21.7  11.1  51.0  13.2   -9.0   -9.0   -9.0   -9.0   -9.0   -9.0   -9.0 -9 -9 -                        9   8   47 AcCi       1   3   0  3000  0.0  0.35 -9  22.2  21.1  20.9  19.4  19.5  -9 -9.0 -9  3  2
202410131800 108   5  2.0  -9 -9.0   -9 1011.7 1021.7  3   0.1  20.8  11.9  57.0  13.9   -9.0   -9.0   -9.0   -9.0   -9.0   -9.0   -9.0 -9 -9 -                        9   9   49 Ac         0   3   0  2857  0.0  0.12 -9  18.8  20.6  20.6  19.6  19.7  -9 -9.0 -9  3  2
202410131900 108   5  1.5  -9 -9.0   -9 1011.7 1021.8 -9  -9.0  20.0  11.9  60.0  13.9   -9.0   -9.0   -9.0   -9.0   -9.0   -9.0   -9.0 -9 -9 -                       10  10   48 -         -9  -9  -9  2760 -9.0 -9.00 -9  17.9  20.0  20.2  19.7  19.8  -9 -9.0 -9  3 -9
202410132000 108   5  2.1  -9 -9.0   -9 1012.0 1022.0 -9  -9.0  19.4  12.6  65.0  14.6   -9.0   -9.0   -9.0   -9.0   -9.0   -9.0   -9.0 -9 -9 -                       10  10   42 -         -9  -9  -9  2464 -9.0 -9.00 -9  17.4  19.6  19.9  19.7  19.8  -9 -9.0 -9  3 -9
202410132100 108   5  2.5  -9 -9.0   -9 1011.9 1021.9  0   0.2  19.2  12.6  66.0  14.6   -9.0   -9.0   -9.0   -9.0   -9.0   -9.0   -9.0 -9 -9 -                        9   9   43 Ac         0   3   0  2386 -9.0 -9.00 -9  17.2  19.4  19.6  19.7  19.9  -9 -9.0 -9  3  2
202410132200 108   5  2.5  -9 -9.0   -9 1011.7 1021.7 -9  -9.0  19.0  12.7  67.0  14.7   -9.0   -9.0   -9.0   -9.0   -9.0   -9.0   -9.0 -9 -9 -                       10  10   44 -         -9  -9  -9  2654 -9.0 -9.00 -9  17.0  19.2  19.4  19.6  19.9  -9 -9.0 -9  3 -9
202410132300 108   5  2.3  -9 -9.0   -9 1011.9 1021.9 -9  -9.0  18.7  12.6  68.0  14.6   -9.0   -9.0   -9.0   -9.0   -9.0   -9.0   -9.0 -9 -9 -                       10  10   44 -         -9  -9  -9  2715 -9.0 -9.00 -9  16.6  19.0  19.2  19.6  19.9  -9 -9.0 -9  3 -9
202410140000 108   5  1.7  -9 -9.0   -9 1011.7 1021.8  5  -0.1  18.4  12.6  69.0  14.6   -9.0   -9.0   -9.0   -9.0   -9.0   -9.0   -9.0 -9 -9 -                        9   9   46 Ac         0   3   0  2684 -9.0 -9.00 -9  16.4  18.8  19.1  19.5  19.9  -9 -9.0 -9  3  2
202410140100 108   5  1.9  -9 -9.0   -9 1011.5 1021.6 -9  -9.0  18.2  12.6  70.0  14.6   -9.0   -9.0   -9.0   -9.0   -9.0   -9.0   -9.0 -9 -9 -                        8   8   46 -         -9  -9  -9  2899 -9.0 -9.00 -9  15.8  18.7  18.9  19.5  19.9  -9 -9.0 -9  3 -9
202410140200 108   7  2.2  -9 -9.0   -9 1011.5 1021.6 -9  -9.0  17.9  12.7  72.0  14.7   -9.0   -9.0   -9.0   -9.0   -9.0   -9.0   -9.0 -9 -9 -                        9   9   45 -         -9  -9  -9  2699 -9.0 -9.00 -9  15.8  18.5  18.7  19.4  19.9  -9 -9.0 -9  3 -9
202410140300 108   7  2.1  -9 -9.0   -9 1011.1 1021.2  7  -0.6  17.7  12.9  74.0  14.9   -9.0   -9.0   -9.0   -9.0   -9.0   -9.0   -9.0 -9 -9 -                        8   8   45 Ac         0   3   0  2883 -9.0 -9.00 -9  15.4  18.3  18.6  19.3  19.9  -9 -9.0 -9  3  2
202410140400 108   7  1.5  -9 -9.0   -9 1010.5 1020.6 -9  -9.0  17.6  12.9  74.0  14.9   -9.0   -9.0   -9.0   -9.0   -9.0   -9.0   -9.0 -9 -9 -                        9   9   42 Ac         0   3   0  2832 -9.0 -9.00 -9  15.8  18.2  18.5  19.2  19.9  -9 -9.0 -9  3  2
202410140500 108   7  1.6  -9 -9.0   -9 1010.4 1020.5 -9  -9.0  17.6  12.6  73.0  14.6   -9.0   -9.0   -9.0   -9.0   -9.0   -9.0   -9.0 -9 -9 -                        9   9   39 Ac         0   3   0  3059 -9.0 -9.00 -9  16.0  18.2  18.4  19.2  19.8  -9 -9.0 -9  3  2
202410140600 108   7  1.8  -9 -9.0   -9 1010.2 1020.3  7  -0.9  17.6  12.6  73.0  14.6   -9.0   -9.0   -9.0   -9.0   -9.0   -9.0   -9.0 -9 -9 -                       10  10   30 As        -9   2   0  3286 -9.0 -9.00 -9  16.0  18.1  18.3  19.1  19.8  -9 -9.0 -9  3  2
202410140700 108   7  2.7  -9 -9.0   -9 1009.9 1020.0 -9  -9.0  17.6  12.4  72.0  14.4   -9.0   -9.0   -9.0   -9.0   -9.0   -9.0   -9.0 -9 -9 -                       10  10   30 As        -9   2   0  3322  0.0  0.00 -9  16.1  18.1  18.3  19.0  19.7  -9 -9.0 -9  3  2
202410140800 108   7  1.6  -9 -9.0   -9 1010.1 1020.2 -9  -9.0  17.8  12.4  71.0  14.4   -9.0   -9.0   -9.0   -9.0   -9.0   -9.0   -9.0 -9 -9 -                       10  10   30 As        -9   2   0  3365  0.0  0.09 -9  17.1  18.1  18.3  19.0  19.7  -9 -9.0 -9  3  2
202410140900 108   9  2.1  -9 -9.0   -9 1010.2 1020.2  5  -0.1  18.6  13.0  70.0  15.0   -9.0   -9.0   -9.0   -9.0   -9.0   -9.0   -9.0 -9 -9 -                       10   8   48 AcCs       7   3   0  3535  0.0  0.38 -9  20.2  18.4  18.4  18.9  19.7  -9 -9.0 -9  3  2
202410141000 108   5  1.9  -9 -9.0   -9 1009.9 1019.9 -9  -9.0  19.3  13.4  69.0  15.4   -9.0   -9.0   -9.0   -9.0   -9.0   -9.0   -9.0 -9 -9 -                       10   8   34 AcCs       7   3   0  3320  0.0  0.52 -9  22.1  18.8  18.7  18.9  19.6  -9 -9.0 -9  3  2
202410141100 108   9  2.0  -9 -9.0   -9 1009.6 1019.6 -9  -9.0  20.1  13.7  67.0  15.7   -9.0   -9.0   -9.0   -9.0   -9.0   -9.0   -9.0 -9 -9 -                       10   8   37 AcCs       7   3   0  3474  0.0  0.64 -9  24.5  19.3  19.1  18.9  19.6  -9 -9.0 -9  3  2
202410141200 108   5  1.9  -9 -9.0   -9 1009.2 1019.2  7  -1.0  20.2  13.8  67.0  15.8   -9.0   -9.0   -9.0   -9.0   -9.0   -9.0   -9.0 -9 -9 -                       10  10   30 As        -9   2   0  2912  0.0  0.47 -9  22.9  19.6  19.5  19.0  19.6  -9 -9.0 -9  3  2
202410141300 108  11  2.0  -9 -9.0   -9 1008.4 1018.4 -9  -9.0  20.5  14.6  69.0  16.6    0.0    0.0    0.0   -9.0   -9.0   -9.0   -9.0 60 62 01                      10  10   30 As        -9   2   0  2905  0.0  0.51 -9  22.7  19.9  19.7  19.1  19.6  -9 -9.0 -9  4  1
202410141400 108   5  1.5  -9 -9.0   -9 1007.9 1017.9 -9  -9.0  21.2  15.0  68.0  17.0    0.0    0.0    0.0   -9.0   -9.0   -9.0   -9.0 21 62 01                      10   8   38 AcCs       7   3   0  2710  0.0  0.78 -9  26.2  20.3  20.0  19.2  19.6  -9 -9.0 -9  4  1
202410141500 108   9  1.6  -9 -9.0   -9 1007.5 1017.4  7  -1.8  21.5  13.4  60.0  15.4   -9.0    0.0    0.0   -9.0   -9.0   -9.0   -9.0 -9 62 -                        9   4   16 ScAc       0   3   5  3489  0.0  0.72 -9  26.2  20.7  20.4  19.3  19.6  -9 -9.0 -9  3  1
202410141600 108   9  2.1  -9 -9.0   -9 1006.9 1016.8 -9  -9.0  21.2  12.8  59.0  14.8   -9.0    0.0    0.0   -9.0   -9.0   -9.0   -9.0 -9 -9 -                        9   4   18 ScAcCi     2   3   5  3779  0.0  0.35 -9  23.2  20.7  20.6  19.4  19.7  -9 -9.0 -9  3  2
202410141700 108   9  1.7  -9 -9.0   -9 1007.2 1017.2 -9  -9.0  20.8  13.9  65.0  15.9   -9.0    0.0    0.0   -9.0   -9.0   -9.0   -9.0 -9 -9 -                       10   8   14 ScAs      -9   2   5  3234  0.0  0.22 -9  20.8  20.6  20.5  19.5  19.7  -9 -9.0 -9  3  2
202410141800 108   7  1.8  -9 -9.0   -9 1006.8 1016.8  6  -0.6  20.4  14.0  67.0  16.0    0.0    0.0    0.0   -9.0   -9.0   -9.0   -9.0 21 62 01                      10   8   12 ScAs      -9   2   5  3612  0.0  0.03 -9  19.6  20.3  20.3  19.6  19.8  -9 -9.0 -9  4  1
202410141900 108   7  1.2  -9 -9.0   -9 1007.1 1017.1 -9  -9.0  20.1  14.0  68.0  16.0   -9.0    0.0    0.0   -9.0   -9.0   -9.0   -9.0 -9 -9 -                       10   2   12 -         -9  -9  -9  3025 -9.0 -9.00 -9  18.3  20.0  20.1  19.7  19.8  -9 -9.0 -9  3 -9
202410142000 108   5  1.9  -9 -9.0   -9 1007.5 1017.4 -9  -9.0  19.7  14.5  72.0  16.5   -9.0    0.0    0.0   -9.0   -9.0   -9.0   -9.0 -9 -9 -                       10   7   12 -         -9  -9  -9  2711 -9.0 -9.00 -9  18.3  19.7  19.8  19.7  19.9  -9 -9.0 -9  3 -9
202410142100 108   7  1.2  -9 -9.0   -9 1007.3 1017.2  0   0.4  19.6  14.6  73.0  16.6   -9.0    0.0    0.0   -9.0   -9.0   -9.0   -9.0 -9 62 -                        9   8   10 ScCi       1   0   5  2640 -9.0 -9.00 -9  18.5  19.5  19.7  19.7  19.9  -9 -9.0 -9  3  1
202410142200 108   5  2.6  -9 -9.0   -9 1006.8 1016.8 -9  -9.0  19.1  14.5  75.0  16.5   -9.0    0.0    0.0   -9.0   -9.0   -9.0   -9.0 -9 -9 -                        7   5   11 -         -9  -9  -9  2597 -9.0 -9.00 -9  16.9  19.4  19.6  19.6  19.9  -9 -9.0 -9  3 -9
202410142300 108   5  1.9  -9 -9.0   -9 1006.8 1016.8 -9  -9.0  18.8  14.6  77.0  16.6   -9.0    0.0    0.0   -9.0   -9.0   -9.0   -9.0 -9 -9 -                        6   3   11 -         -9  -9  -9  2692 -9.0 -9.00 -9  17.5  19.2  19.4  19.6  20.0  -9 -9.0 -9  3 -9
202410150000 108   5  1.8  -9 -9.0   -9 1006.6 1016.6  7  -0.6  18.8  14.8  78.0  16.8   -9.0    0.0    0.0   -9.0   -9.0   -9.0   -9.0 -9 -9 -                        9   8   11 ScAc       0   3   5  2706 -9.0 -9.00 -9  17.7  19.1  19.3  19.6  20.0  -9 -9.0 -9  3  2
202410150100 108   5  2.2  -9 -9.0   -9 1006.3 1016.3 -9  -9.0  18.8  14.8  78.0  16.8   -9.0   -9.0   -9.0   -9.0   -9.0   -9.0   -9.0 -9 -9 -                        9   9    9 -         -9  -9  -9  2718 -9.0 -9.00 -9  17.9  19.1  19.2  19.5  19.9  -9 -9.0 -9  3 -9
202410150200 108   5  2.1  -9 -9.0   -9 1006.2 1016.2 -9  -9.0  18.7  14.9  79.0  16.9    0.0    0.0    0.0   -9.0   -9.0   -9.0   -9.0 60 62 01                      10   8   11 ScAs      -9   2   5  2508 -9.0 -9.00 -9  17.7  19.1  19.2  19.5  19.9  -9 -9.0 -9  4  1
202410150300 108   5  2.1  -9 -9.0   -9 1005.5 1015.5  7  -1.1  18.4  15.2  82.0  17.3    0.0    0.0    0.0   -9.0   -9.0   -9.0   -9.0 60 66 01                      10   8   11 ScAs      -9   2   5  1633 -9.0 -9.00 -9  17.2  19.0  19.1  19.4  19.9  -9 -9.0 -9  4  1
202410150400 108   5  1.9  -9 -9.0   -9 1005.4 1015.4 -9  -9.0  17.9  15.6  87.0  17.7    0.4    0.4    0.4   -9.0   -9.0   -9.0   -9.0 61 66 01                      10   8    9 StNs      -9   2   7  1316 -9.0 -9.00 -9  16.9  18.9  19.0  19.4  19.9  -9 -9.0 -9  4  1
202410150500 108   5  2.2  -9 -9.0   -9 1005.4 1015.4 -9  -9.0  17.8  15.9  89.0  18.1    0.0    0.4    0.4   -9.0   -9.0   -9.0   -9.0 61 66 01                      10   8    9 StNs      -9   2   7  1193 -9.0 -9.00 -9  16.9  18.8  19.0  19.3  19.9  -9 -9.0 -9  4  1
202410150600 108   5  1.3  -9 -9.0   -9 1005.5 1015.5  4   0.0  17.7  15.8  89.0  17.9    0.0    0.4    0.4   -9.0   -9.0   -9.0   -9.0 21 62 01                      10   8   10 ScAs      -9   2   5  1250 -9.0 -9.00 -9  16.6  18.7  18.9  19.3  19.8  -9 -9.0 -9  4  1
202410150700 108   5  2.5  -9 -9.0   -9 1005.5 1015.5 -9  -9.0  17.6  15.7  89.0  17.8   -9.0    0.4    0.4   -9.0   -9.0   -9.0   -9.0 -9 -9 -                       10   8   18 ScAs      -9   2   5  1221  0.0  0.01 -9  16.9  18.6  18.8  19.2  19.7  -9 -9.0 -9  3  2
202410150800 108   5  1.7  -9 -9.0   -9 1006.1 1016.1 -9  -9.0  18.1  16.0  88.0  18.2   -9.0    0.4    0.4   -9.0   -9.0   -9.0   -9.0 -9 -9 -                       10   7   10 ScAs      -9   2   5  1593  0.0  0.20 -9  19.3  18.7  18.8  19.1  19.7  -9 -9.0 -9  3  2
202410150900 108   5  2.0  -9 -9.0   -9 1006.7 1016.7  2   1.2  18.4  16.1  87.0  18.3    0.0    0.4    0.4   -9.0   -9.0   -9.0   -9.0 60 62 01                      10   8   10 ScAs      -9   2   5   789  0.0  0.20 -9  18.9  18.9  18.9  19.1  19.7  -9 -9.0 -9  1  1
202410151000 108   5  1.8  -9 -9.0   -9 1006.8 1016.8 -9  -9.0  18.9  16.8  88.0  19.1    0.1    0.5    0.5   -9.0   -9.0   -9.0   -9.0 61 66 01                      10   8    5 StNs      -9   2   7  1058  0.0  0.42 -9  20.9  19.2  19.1  19.1  19.6  -9 -9.0 -9  4  1
202410151100 108   5  1.5  -9 -9.0   -9 1007.0 1016.9 -9  -9.0  19.6  16.8  84.0  19.1    0.0    0.5    0.5   -9.0   -9.0   -9.0   -9.0 21 62 01                      10   7   10 ScAs      -9   2   5  1071  0.0  0.52 -9  22.4  19.6  19.4  19.1  19.6  -9 -9.0 -9  4  1
202410151200 108   2  2.3  -9 -9.0   -9 1006.6 1016.6  8  -0.1  20.5  17.1  81.0  19.5   -9.0    0.5    0.5   -9.0   -9.0   -9.0   -9.0 -9 62 -                       10   7   10 ScAs      -9   2   5  1243  0.0  0.76 -9  24.6  20.1  19.9  19.1  19.6  -9 -9.0 -9  3  1
202410151300 108  27  1.7  -9 -9.0   -9 1006.6 1016.5 -9  -9.0  21.1  17.3  79.0  19.7   -9.0    0.5    0.5   -9.0   -9.0   -9.0   -9.0 -9 -9 -                       10   7    8 ScAs      -9   2   5  1547  0.0  0.77 -9  24.1  20.7  20.4  19.2  19.6  -9 -9.0 -9  3  2
202410151400 108  27  2.0  -9 -9.0   -9 1006.4 1016.3 -9  -9.0  21.3  17.5  79.0  20.0   -9.0    0.5    0.5   -9.0   -9.0   -9.0   -9.0 -9 -9 -                       10   8    8 ScAs      -9   2   5  1352  0.0  0.43 -9  24.6  20.9  20.6  19.4  19.6  -9 -9.0 -9  3  2
202410151500 108  29  1.8  -9 -9.0   -9 1006.1 1016.0  7  -0.6  21.7  17.8  79.0  20.4   -9.0    0.5    0.5   -9.0   -9.0   -9.0   -9.0 -9 62 -                       10   6    8 ScAs      -9   1   5  1148  0.0  0.69 -9  25.5  21.2  20.9  19.5  19.7  -9 -9.0 -9  3  1
202410151600 108  32  2.8  -9 -9.0   -9 1006.7 1016.7 -9  -9.0  20.8  17.6  82.0  20.1    0.0    0.5    0.5   -9.0   -9.0   -9.0   -9.0 21 62 1901                    10   8    8 ScAs      -9   2   5   700  0.0  0.29 -9  21.3  21.2  21.0  19.6  19.7  -9 -9.0 -9  4  1
202410151700 108  29  1.9  -9 -9.0   -9 1007.2 1017.2 -9  -9.0  20.6  17.0  80.0  19.4   -9.0    0.5    0.5   -9.0   -9.0   -9.0   -9.0 -9 -9 19                      10   8    8 ScAs      -9   2   5  1467  0.0  0.22 -9  21.0  20.9  20.8  19.7  19.8  -9 -9.0 -9  3  2
202410151800 108  27  2.0  -9 -9.0   -9 1007.7 1017.7  2   1.7  20.3  17.1  82.0  19.5   -9.0    0.5    0.5   -9.0   -9.0   -9.0   -9.0 -9 62 -                        8   8   10 Sc         0   0   5  1165  0.0  0.08 -9  19.5  20.7  20.6  19.8  19.9  -9 -9.0 -9  3  1
202410151900 108  32  1.5  -9 -9.0   -9 1008.3 1018.3 -9  -9.0  19.9  17.2  85.0  19.6   -9.0    0.5    0.5   -9.0   -9.0   -9.0   -9.0 -9 -9 19                       3   3   12 -         -9  -9  -9   964 -9.0 -9.00 -9  18.2  20.3  20.4  19.7  19.8  -9 -9.0 -9  3  2
202410152000 108  27  1.2  -9 -9.0   -9 1008.8 1018.8 -9  -9.0  19.3  16.8  86.0  19.1   -9.0    0.5    0.5   -9.0   -9.0   -9.0   -9.0 -9 -9 19                       0   0   -9 -         -9  -9  -9   791 -9.0 -9.00 -9  16.3  19.9  20.0  19.7  19.7  -9 -9.0 -9  3  2
202410152100 108  29  1.2  -9 -9.0   -9 1009.1 1019.1  2   1.4  18.7  16.8  89.0  19.1   -9.0    0.5    0.5   -9.0   -9.0   -9.0   -9.0 10 61 19                       0   0   -9 -         -9  -9  -9   650 -9.0 -9.00 -9  15.6  19.4  19.7  19.7  19.9  -9 -9.0 -9  3  1
202410152200 108  27  1.3  -9 -9.0   -9 1009.4 1019.4 -9  -9.0  18.3  16.6  90.0  18.9   -9.0    0.5    0.5   -9.0   -9.0   -9.0   -9.0 -9 -9 19                       0   0   -9 -         -9  -9  -9   550 -9.0 -9.00 -9  15.3  19.1  19.4  19.7  20.0  -9 -9.0 -9  3  2
202410152300 108  29  2.3  -9 -9.0   -9 1009.7 1019.8 -9  -9.0  18.1  16.6  91.0  18.9   -9.0    0.5    0.5   -9.0   -9.0   -9.0   -9.0 -9 -9 19                       3   1   -9 -         -9  -9  -9   634 -9.0 -9.00 -9  15.2  18.8  19.1  19.7  20.0  -9 -9.0 -9  3  2
202410160000 108  27  2.2  -9 -9.0   -9 1009.8 1019.9  2   0.8  17.7  16.2  91.0  18.4   -9.0    0.5    0.5   -9.0   -9.0   -9.0   -9.0 10  0 19                       0   0   -9 -         -9  -9  -9   676 -9.0 -9.00 -9  14.9  18.6  18.9  19.5  19.9  -9 -9.0 -9  3  1
202410160100 108  34  0.5  -9 -9.0   -9 1010.0 1020.1 -9  -9.0  17.3  15.6  90.0  17.7   -9.0   -9.0   -9.0   -9.0   -9.0   -9.0   -9.0 -9 -9 19                       6   1   -9 -         -9  -9  -9   772 -9.0 -9.00 -9  14.4  18.4  18.7  19.2  19.6  -9 -9.0 -9  3  2
202410160200 108  29  1.6  -9 -9.0   -9 1010.5 1020.6 -9  -9.0  16.9  15.5  92.0  17.6   -9.0   -9.0   -9.0   -9.0   -9.0   -9.0   -9.0 -9 -9 19                       0   0   -9 -         -9  -9  -9   619 -9.0 -9.00 -9  14.1  18.2  18.5  19.1  19.6  -9 -9.0 -9  3  2
202410160300 108  36  1.0  -9 -9.0   -9 1010.7 1020.9  2   1.0  16.4  15.0  92.0  17.0   -9.0   -9.0   -9.0   -9.0   -9.0   -9.0   -9.0 10  0 19                       0   0   -9 -         -9  -9  -9   559 -9.0 -9.00 -9  13.4  17.9  18.2  18.9  19.5  -9 -9.0 -9  3  1
202410160400 108   0  0.4  -9 -9.0   -9 1011.0 1021.2 -9  -9.0  16.0  14.8  93.0  16.8   -9.0   -9.0   -9.0   -9.0   -9.0   -9.0   -9.0 10  0 19                       0   0   -9 -         -9  -9  -9   556 -9.0 -9.00 -9  12.7  17.6  17.9  18.7  19.5  -9 -9.0 -9  3  1
202410160500 108   0  0.0  -9 -9.0   -9 1011.3 1021.5 -9  -9.0  15.4  13.9  91.0  15.9   -9.0   -9.0   -9.0   -9.0   -9.0   -9.0   -9.0 10  0 19                       0   0   -9 -         -9  -9  -9   476 -9.0 -9.00 -9  12.0  17.3  17.8  19.1  19.8  -9 -9.0 -9  3  1
202410160600 108   2  1.5  -9 -9.0   -9 1011.7 1022.0  2   1.1  14.8  13.6  93.0  15.6   -9.0   -9.0   -9.0   -9.0   -9.0   -9.0   -9.0 10  0 19                       2   0   -9 Ci         1   0   0   453 -9.0 -9.00 -9  12.1  17.0  17.5  19.0  19.8  -9 -9.0 -9  3  1
202410160700 108   5  1.2  -9 -9.0   -9 1012.1 1022.3 -9  -9.0  14.6  13.8  95.0  15.8   -9.0   -9.0   -9.0   -9.0   -9.0   -9.0   -9.0 10 22 19                      10  10    2 St        -9  -9   6   165  0.0  0.00 -9  14.3  16.8  17.3  18.8  19.7  -9 -9.0 -9  3  1
202410160800 108   5  1.7  -9 -9.0   -9 1012.6 1022.9 -9  -9.0  15.0  14.3  96.0  16.3   -9.0   -9.0   -9.0   -9.0   -9.0   -9.0   -9.0 10 22 19                      10  10    2 St        -9  -9   6   221  0.0  0.06 -9  15.6  17.0  17.3  18.6  19.5  -9 -9.0 -9  3  1
202410160900 108   5  2.6  -9 -9.0   -9 1013.2 1023.4  2   1.4  15.5  14.6  95.0  16.6   -9.0   -9.0   -9.0   -9.0   -9.0   -9.0   -9.0 10 11 19                      10  10    7 St        -9  -9   6   308  0.0  0.19 -9  16.9  17.3  17.3  17.6  18.4  -9 -9.0 -9  3  1
202410161000 108   5  2.0  -9 -9.0   -9 1013.5 1023.7 -9  -9.0  16.2  15.0  93.0  17.0   -9.0   -9.0   -9.0   -9.0   -9.0   -9.0   -9.0 10 22 19                      10  10    8 St        -9  -9   6   391  0.0  0.35 -9  19.6  17.6  17.5  17.5  18.3  -9 -9.0 -9  3  1
202410161100 108   5  1.8  -9 -9.0   -9 1013.0 1023.1 -9  -9.0  18.2  15.2  83.0  17.3   -9.0   -9.0   -9.0   -9.0   -9.0   -9.0   -9.0 10  0 19                       4   0   -9 Ci         1   0   0   663  0.4  1.44 -9  27.2  18.3  18.0  17.8  18.6  -9 -9.0 -9  3  1
202410161200 108  16  1.6  -9 -9.0   -9 1012.6 1022.6  8  -0.8  20.8  14.4  67.0  16.4   -9.0   -9.0   -9.0   -9.0   -9.0   -9.0   -9.0 -9 -9 19                       1   1   12 Sc         0   0   5  1137  1.0  2.57 -9  35.3  19.3  18.9  18.6  19.4  -9 -9.0 -9  3  2
202410161300 108  23  1.9  -9 -9.0   -9 1011.8 1021.7 -9  -9.0  22.4  12.6  54.0  14.6   -9.0   -9.0   -9.0   -9.0   -9.0   -9.0   -9.0 -9 -9 -                        0   0   -9 -         -9  -9  -9  1565  1.0  2.61 -9  39.4  20.5  19.9  18.7  19.4  -9 -9.0 -9  3  2
202410161400 108  20  2.3  -9 -9.0   -9 1011.1 1020.9 -9  -9.0  23.7  13.2  52.0  15.2   -9.0   -9.0   -9.0   -9.0   -9.0   -9.0   -9.0 -9 -9 -                        0   0   -9 -         -9  -9  -9  1279  1.0  2.44 -9  39.3  21.3  20.7  18.9  19.4  -9 -9.0 -9  3  2
202410161500 108  25  2.0  -9 -9.0   -9 1011.2 1021.0  5  -1.6  24.0  14.3  55.0  16.3   -9.0   -9.0   -9.0   -9.0   -9.0   -9.0   -9.0 -9 -9 -                        0   0   -9 -         -9  -9  -9  1014  1.0  1.99 -9  35.9  22.0  21.3  19.2  19.4  -9 -9.0 -9  3  2
202410161600 108  27  1.7  -9 -9.0   -9 1011.1 1020.9 -9  -9.0  23.8  13.6  53.0  15.6   -9.0   -9.0   -9.0   -9.0   -9.0   -9.0   -9.0 -9 -9 -                        0   0   -9 -         -9  -9  -9   956  1.0  1.35 -9  30.5  22.0  21.4  18.7  18.6  -9 -9.0 -9  3  2
202410161700 108  29  1.3  -9 -9.0   -9 1010.9 1020.8 -9  -9.0  22.9  12.8  53.0  14.8   -9.0   -9.0   -9.0   -9.0   -9.0   -9.0   -9.0 -9 -9 -                        0   0   -9 -         -9  -9  -9  1067  1.0  0.69 -9  23.2  21.8  21.3  19.0  18.8  -9 -9.0 -9  3  2
202410161800 108  27  1.3  -9 -9.0   -9 1011.1 1021.1  3   0.1  20.8  13.2  62.0  15.2   -9.0   -9.0   -9.0   -9.0   -9.0   -9.0   -9.0  5  0 40                       2   0   -9 Ci         1   0   0   845  0.4  0.15 -9  18.9  21.1  21.1  19.8  19.5  -9 -9.0 -9  3  1
202410161900 108  29  1.2  -9 -9.0   -9 1011.8 1021.8 -9  -9.0  19.5  12.9  66.0  14.9   -9.0   -9.0   -9.0   -9.0   -9.0   -9.0   -9.0 -9 -9 40                       0   0   -9 -         -9  -9  -9   804 -9.0 -9.00 -9  16.8  20.4  20.6  20.2  20.1  -9 -9.0 -9  3  2
202410162000 108  36  1.7  -9 -9.0   -9 1012.2 1022.3 -9  -9.0  18.5  12.6  69.0  14.6   -9.0   -9.0   -9.0   -9.0   -9.0   -9.0   -9.0 -9 -9 40                       0   0   -9 -         -9  -9  -9   843 -9.0 -9.00 -9  15.5  19.7  20.1  20.2  20.2  -9 -9.0 -9  3  2
202410162100 108   0  0.1  -9 -9.0   -9 1012.8 1022.9  2   1.8  17.7  12.7  73.0  14.7   -9.0   -9.0   -9.0   -9.0   -9.0   -9.0   -9.0  5  0 40                       0   0   -9 -         -9  -9  -9   836 -9.0 -9.00 -9  14.3  19.2  19.6  20.2  20.3  -9 -9.0 -9  3  1
202410162200 108  27  1.6  -9 -9.0   -9 1012.8 1023.0 -9  -9.0  16.9  12.6  76.0  14.6   -9.0   -9.0   -9.0   -9.0   -9.0   -9.0   -9.0 -9 -9 40                       3   1   -9 -         -9  -9  -9   853 -9.0 -9.00 -9  13.9  18.7  19.1  20.1  20.3  -9 -9.0 -9  3  2
202410162300 108  27  1.1  -9 -9.0   -9 1012.8 1023.0 -9  -9.0  16.3  12.2  77.0  14.2   -9.0   -9.0   -9.0   -9.0   -9.0   -9.0   -9.0 -9 -9 40                       5   1   -9 -         -9  -9  -9   831 -9.0 -9.00 -9  13.4  18.3  18.7  19.9  20.3  -9 -9.0 -9  3  2
202410170000 108  36  1.2  -9 -9.0   -9 1012.5 1022.7  8  -0.2  15.7  11.8  78.0  13.8   -9.0   -9.0   -9.0   -9.0   -9.0   -9.0   -9.0  5 22 40                       7   0   -9 Ci         1   0   0   884 -9.0 -9.00 -9  13.1  17.9  18.4  19.7  20.2  -9 -9.0 -9  3  1
202410170100 108   2  1.5  -9 -9.0   -9 1012.7 1022.9 -9  -9.0  15.3  12.0  81.0  14.0   -9.0   -9.0   -9.0   -9.0   -9.0   -9.0   -9.0 -9 -9 4019                     6   1   -9 -         -9  -9  -9   827 -9.0 -9.00 -9  13.0  17.6  18.1  19.5  20.1  -9 -9.0 -9  3  2
202410170200 108   2  1.9  -9 -9.0   -9 1012.8 1023.0 -9  -9.0  14.7  11.6  82.0  13.7   -9.0   -9.0   -9.0   -9.0   -9.0   -9.0   -9.0 -9 -9 19                       5   1   -9 -         -9  -9  -9   796 -9.0 -9.00 -9  12.6  17.4  17.8  19.2  19.9  -9 -9.0 -9  3  2
202410170300 108   5  1.9  -9 -9.0   -9 1012.5 1022.8  0   0.1  14.2  11.5  84.0  13.6   -9.0   -9.0   -9.0   -9.0   -9.0   -9.0   -9.0 10 22 19                       8   0   -9 Ci         1   0   0   718 -9.0 -9.00 -9  12.4  17.1  17.5  18.8  19.5  -9 -9.0 -9  3  1
202410170400 108   2  1.6  -9 -9.0   -9 1012.4 1022.7 -9  -9.0  13.9  11.5  86.0  13.6   -9.0   -9.0   -9.0   -9.0   -9.0   -9.0   -9.0 10 22 19                       8   0   -9 Ci         1   0   0   725 -9.0 -9.00 -9  12.5  16.9  17.3  18.9  19.7  -9 -9.0 -9  3  1
202410170500 108   5  2.0  -9 -9.0   -9 1012.4 1022.7 -9  -9.0  13.9  11.4  85.0  13.5   -9.0   -9.0   -9.0   -9.0   -9.0   -9.0   -9.0 10 22 19                       8   0   -9 Ci         2   0   0   923 -9.0 -9.00 -9  12.8  16.7  17.2  18.9  19.8  -9 -9.0 -9  3  1
202410170600 108   2  1.7  -9 -9.0   -9 1012.6 1022.9  3   0.1  13.9  11.4  85.0  13.5   -9.0   -9.0   -9.0   -9.0   -9.0   -9.0   -9.0 10 22 19                       9   0   -9 Ci         2   0   0   898 -9.0 -9.00 -9  12.7  16.6  17.1  18.8  19.7  -9 -9.0 -9  3  1
202410170700 108   2  1.7  -9 -9.0   -9 1013.1 1023.4 -9  -9.0  13.9  11.5  86.0  13.6   -9.0   -9.0   -9.0   -9.0   -9.0   -9.0   -9.0 10 22 19                       9   0   -9 Ci         2   0   0   874  0.0  0.00 -9  12.8  16.5  16.9  18.6  19.6  -9 -9.0 -9  3  1
202410170800 108   5  2.0  -9 -9.0   -9 1013.2 1023.5 -9  -9.0  14.1  11.7  86.0  13.7   -9.0   -9.0   -9.0   -9.0   -9.0   -9.0   -9.0 10 22 19                      10   0   -9 Cs         7   0   0   903  0.0  0.13 -9  14.6  16.5  16.9  18.4  19.4  -9 -9.0 -9  3  1
202410170900 108   7  1.5  -9 -9.0   -9 1013.6 1023.9  2   1.0  15.2  12.1  82.0  14.1   -9.0   -9.0   -9.0   -9.0   -9.0   -9.0   -9.0 10 22 19                       9   0   -9 Cs         6   0   0   977  0.0  0.40 -9  17.5  16.8  17.0  18.4  19.4  -9 -9.0 -9  3  1
202410171000 108   5  1.8  -9 -9.0   -9 1013.4 1023.5 -9  -9.0  17.1  12.6  75.0  14.6   -9.0   -9.0   -9.0   -9.0   -9.0   -9.0   -9.0 -9 -9 19                       4   0   -9 Ci         1   0   0  1045  0.2  0.91 -9  22.3  17.4  17.4  18.0  18.9  -9 -9.0 -9  3  2
202410171100 108   7  1.7  -9 -9.0   -9 1013.3 1023.4 -9  -9.0  20.0  13.9  68.0  15.9   -9.0   -9.0   -9.0   -9.0   -9.0   -9.0   -9.0 -9 -9 -                        1   0   -9 Ci         1   0   0  1323  1.0  2.00 -9  31.7  18.3  17.9  17.7  18.8  -9 -9.0 -9  3  2
202410171200 108   7  1.7  -9 -9.0   -9 1012.6 1022.5  7  -1.4  22.5  14.8  62.0  16.8   -9.0   -9.0   -9.0   -9.0   -9.0   -9.0   -9.0 -9 -9 -                        0   0   -9 -         -9  -9  -9  1472  1.0  2.39 -9  37.9  19.4  18.8  17.6  18.4  -9 -9.0 -9  3  2
202410171300 108   7  2.0  -9 -9.0   -9 1011.5 1021.3 -9  -9.0  23.7  14.1  55.0  16.1   -9.0   -9.0   -9.0   -9.0   -9.0   -9.0   -9.0 -9 -9 -                        0   0   -9 -         -9  -9  -9  1593  1.0  2.47 -9  40.6  20.5  19.7  17.7  18.2  -9 -9.0 -9  3  2
202410171400 108  14  1.6  -9 -9.0   -9 1011.1 1021.0 -9  -9.0  25.0  14.1  51.0  16.1   -9.0   -9.0   -9.0   -9.0   -9.0   -9.0   -9.0 -9 -9 -                        0   0   -9 -         -9  -9  -9  1644  1.0  2.29 -9  40.4  21.4  20.7  18.6  19.1  -9 -9.0 -9  3  2
202410171500 108   5  2.3  -9 -9.0   -9 1010.4 1020.2  7  -2.3  25.4  13.5  48.0  15.5   -9.0   -9.0   -9.0   -9.0   -9.0   -9.0   -9.0 -9 -9 -                        0   0   -9 -         -9  -9  -9  1899  1.0  1.94 -9  37.2  22.0  21.3  18.6  18.8  -9 -9.0 -9  3  2
202410171600 108   7  1.6  -9 -9.0   -9 1010.2 1020.0 -9  -9.0  25.6  14.3  50.0  16.3   -9.0   -9.0   -9.0   -9.0   -9.0   -9.0   -9.0 -9 -9 -                        0   0   -9 -         -9  -9  -9  1711  1.0  1.36 -9  31.5  22.2  21.6  18.8  18.8  -9 -9.0 -9  3  2
202410171700 108   5  2.1  -9 -9.0   -9 1009.7 1019.6 -9  -9.0  24.8  13.0  48.0  15.0   -9.0   -9.0   -9.0   -9.0   -9.0   -9.0   -9.0 -9 -9 -                        0   0   -9 -         -9  -9  -9  2057  1.0  0.69 -9  24.1  22.0  21.7  19.6  19.4  -9 -9.0 -9  3  2
202410171800 108   5  2.0  -9 -9.0   -9 1009.2 1019.1  7  -1.1  22.4  13.1  56.0  15.1   -9.0   -9.0   -9.0   -9.0   -9.0   -9.0   -9.0 -9 -9 -                        1   0   -9 Ci         1   0   0  2113  0.3  0.12 -9  19.4  21.4  21.4  19.9  19.6  -9 -9.0 -9  3  2
202410171900 108   2  2.1  -9 -9.0   -9 1009.3 1019.3 -9  -9.0  20.9  13.0  61.0  15.0   -9.0   -9.0   -9.0   -9.0   -9.0   -9.0   -9.0 -9 -9 -                        6   0   -9 -         -9  -9  -9  2147 -9.0 -9.00 -9  17.6  20.7  20.9  20.1  19.9  -9 -9.0 -9  3 -9
202410172000 108   5  2.2  -9 -9.0   -9 1009.4 1019.4 -9  -9.0  20.0  13.4  66.0  15.4   -9.0   -9.0   -9.0   -9.0   -9.0   -9.0   -9.0 -9 -9 -                        0   0   -9 -         -9  -9  -9  1836 -9.0 -9.00 -9  16.6  20.1  20.4  20.2  20.0  -9 -9.0 -9  3 -9
202410172100 108  36  0.8  -9 -9.0   -9 1010.1 1020.1  2   1.0  19.7  13.8  69.0  15.8   -9.0   -9.0   -9.0   -9.0   -9.0   -9.0   -9.0 -9 -9 -                        0   0   -9 -         -9  -9  -9  1906 -9.0 -9.00 -9  15.9  19.6  19.9  20.2  20.1  -9 -9.0 -9  3  2
202410172200 108   5  2.0  -9 -9.0   -9 1010.2 1020.2 -9  -9.0  19.0  14.0  73.0  16.0   -9.0   -9.0   -9.0   -9.0   -9.0   -9.0   -9.0 -9 -9 -                        8   0   -9 -         -9  -9  -9  1634 -9.0 -9.00 -9  16.2  19.3  19.6  20.1  20.2  -9 -9.0 -9  3 -9
202410172300 108   7  1.3  -9 -9.0   -9 1010.0 1020.0 -9  -9.0  18.6  13.8  74.0  15.8   -9.0   -9.0   -9.0   -9.0   -9.0   -9.0   -9.0 -9 -9 -                        8   0   -9 -         -9  -9  -9  1666 -9.0 -9.00 -9  15.8  19.0  19.3  20.0  20.2  -9 -9.0 -9  3 -9
202410180000 108   7  2.2  -9 -9.0   -9 1009.5 1019.5  8  -0.6  18.3  14.1  77.0  16.1   -9.0   -9.0   -9.0   -9.0   -9.0   -9.0   -9.0 -9 -9 -                        8   0   -9 Cs         8   0   0  1626 -9.0 -9.00 -9  15.6  18.8  19.1  19.9  20.2  -9 -9.0 -9  3  2
202410180100 108   5  2.9  -9 -9.0   -9 1008.7 1018.7 -9  -9.0  18.0  14.2  79.0  16.2   -9.0   -9.0   -9.0   -9.0   -9.0   -9.0   -9.0 -9 -9 -                       10   2   41 -         -9  -9  -9  1605 -9.0 -9.00 -9  15.8  18.6  18.9  19.7  20.1  -9 -9.0 -9  3 -9
202410180200 108   5  1.7  -9 -9.0   -9 1009.4 1019.5 -9  -9.0  18.1  14.1  78.0  16.1   -9.0   -9.0   -9.0   -9.0   -9.0   -9.0   -9.0 -9 -9 -                       10   8   35 -         -9  -9  -9  1706 -9.0 -9.00 -9  16.6  18.6  18.8  19.6  20.1  -9 -9.0 -9  3 -9
202410180300 108   7  1.8  -9 -9.0   -9 1008.9 1019.0  5  -0.5  17.9  14.0  78.0  16.0   -9.0   -9.0   -9.0   -9.0   -9.0   -9.0   -9.0 -9 -9 -                        8   8   38 Ac         0   3   0  1723 -9.0 -9.00 -9  16.2  18.6  18.8  19.5  20.0  -9 -9.0 -9  3  2
202410180400 108   5  2.4  -9 -9.0   -9 1008.1 1018.1 -9  -9.0  17.9  14.0  78.0  16.0   -9.0   -9.0   -9.0   -9.0   -9.0   -9.0   -9.0 -9 -9 -                        9   9   37 Ac         0   3   0  1973 -9.0 -9.00 -9  16.4  18.5  18.7  19.4  20.0  -9 -9.0 -9  3  2
202410180500 108   7  1.9  -9 -9.0   -9 1007.8 1017.8 -9  -9.0  17.9  13.8  77.0  15.8   -9.0   -9.0   -9.0   -9.0   -9.0   -9.0   -9.0 -9 -9 -                       10  10   34 Ac        -9   3   0  2279 -9.0 -9.00 -9  16.8  18.5  18.7  19.3  19.9  -9 -9.0 -9  3  2
202410180600 108   5  2.6  -9 -9.0   -9 1007.5 1017.5  7  -1.5  18.0  13.6  76.0  15.6    0.0    0.0    0.0   -9.0   -9.0   -9.0   -9.0 21 62 01                       9   3   13 ScAs       0   2   5  2305 -9.0 -9.00 -9  16.8  18.5  18.6  19.3  19.9  -9 -9.0 -9  4  1
202410180700 108   5  3.0  -9 -9.0   -9 1007.0 1017.0 -9  -9.0  18.0  13.6  76.0  15.6    0.0    0.0    0.0   -9.0   -9.0   -9.0   -9.0 60 62 01                      10   5   10 ScAs      -9   2   5  2412  0.0  0.00 -9  16.8  18.5  18.6  19.2  19.8  -9 -9.0 -9  4  1
202410180800 108   5  2.8  -9 -9.0   -9 1007.0 1017.0 -9  -9.0  18.3  13.7  75.0  15.7    0.0    0.0    0.0   -9.0   -9.0   -9.0   -9.0 21 62 01                      10   6   10 ScAs      -9   2   5  2441  0.0  0.12 -9  17.9  18.5  18.6  19.1  19.8  -9 -9.0 -9  4  1
202410180900 108   5  3.1  -9 -9.0   -9 1006.8 1016.8  7  -0.7  18.7  14.1  75.0  16.1    0.0    0.0    0.0   -9.0   -9.0   -9.0   -9.0 60 62 01                      10   7   10 ScAs      -9   2   5  2378  0.0  0.21 -9  18.9  18.6  18.7  19.1  19.7  -9 -9.0 -9  1  1
202410181000 108   5  3.0  -9 -9.0   -9 1006.4 1016.4 -9  -9.0  18.7  15.1  80.0  17.2    0.2    0.2    0.2   -9.0   -9.0   -9.0   -9.0 60 66 01                      10   8   10 ScAs      -9   2   5  1487  0.0  0.24 -9  18.5  18.7  18.8  19.1  19.7  -9 -9.0 -9  4  1
202410181100 108   5  3.1  -9 -9.0   -9 1004.8 1014.8 -9  -9.0  18.5  15.3  82.0  17.4    0.3    0.5    0.5   -9.0   -9.0   -9.0   -9.0 60 66 01                      10   8   10 ScAs      -9   2   5  1982  0.0  0.24 -9  19.2  18.8  18.9  19.0  19.6  -9 -9.0 -9  4  1
202410181200 108   7  2.7  -9 -9.0   -9 1003.9 1013.9  7  -2.9  18.4  15.6  84.0  17.7    0.1    0.6    0.6   -9.0   -9.0   -9.0   -9.0 61 66 01                      10   8    8 StNs      -9   2   7  1180  0.0  0.27 -9  18.9  18.9  18.9  19.0  19.6  -9 -9.0 -9  4  1
202410181300 108  32  1.5  -9 -9.0   -9 1003.4 1013.4 -9  -9.0  17.6  15.7  89.0  17.8    6.9    7.5    7.5   -9.0   -9.0   -9.0   -9.0 63 66 1901                    10   7    8 StNs      -9   2   7   327  0.0  0.12 -9  17.3  18.7  18.8  19.1  19.6  -9 -9.0 -9  4  1
202410181400 108   7  4.4  -9 -9.0   -9 1000.4 1010.4 -9  -9.0  16.8  15.8  94.0  17.9   11.0   18.5   18.5   -9.0   -9.0   -9.0   -9.0 63 66 1901                    10   9    7 StNs      -9   2   7   321  0.0  0.08 -9  16.7  18.1  18.1  19.0  19.6  -9 -9.0 -9  4  1
202410181500 108   5  3.0  -9 -9.0   -9  999.5 1009.5  7  -4.4  16.6  15.9  96.0  18.1   12.2   30.7   30.7   -9.0   -9.0   -9.0   -9.0 63 66 1901                    10   8    5 StNs      -9   2   7   219  0.0  0.04 -9  16.3  17.7  17.6  18.9  19.6  -9 -9.0 -9  4  1
202410181600 108   9  1.6  -9 -9.0   -9  999.9 1009.9 -9  -9.0  16.7  16.0  96.0  18.2   16.1   46.8   46.8   -9.0   -9.0   -9.0   -9.0 65 66 1901                    10   9    5 StNs      -9   2   7   617  0.0  0.06 -9  16.7  17.4  17.3  18.7  19.5  -9 -9.0 -9  4  1
202410181700 108   5  2.3  -9 -9.0   -9  999.7 1009.7 -9  -9.0  17.1  16.4  96.0  18.6    0.3   47.1   47.1   -9.0   -9.0   -9.0   -9.0 21 62 1901                    10   8    8 ScAs      -9   2   5  2325  0.0  0.12 -9  17.2  17.6  17.7  18.5  19.4  -9 -9.0 -9  4  1
202410181800 108  29  1.9  -9 -9.0   -9  999.8 1009.8  0   0.3  17.0  16.0  94.0  18.2   -9.0   47.1   47.1   -9.0   -9.0   -9.0   -9.0 -9 62 -                       10   8    7 ScAs      -9   2   5  1289  0.0  0.04 -9  17.0  17.8  17.9  18.4  19.3  -9 -9.0 -9  3  1
202410181900 108   7  1.9  -9 -9.0   -9 1000.1 1010.1 -9  -9.0  16.7  15.5  93.0  17.6   -9.0   47.1   47.1   -9.0   -9.0   -9.0   -9.0 -9 -9 -                       10  10    2 -         -9  -9  -9  1483 -9.0 -9.00 -9  16.7  17.9  17.9  18.4  19.2  -9 -9.0 -9  3 -9
202410182000 108   7  2.4  -9 -9.0   -9 1000.2 1010.3 -9  -9.0  16.2  15.0  93.0  17.0    0.0   47.1   47.1   -9.0   -9.0   -9.0   -9.0 60 62 01                      10   8    7 ScAs      -9   2   5  2462 -9.0 -9.00 -9  16.4  17.8  17.9  18.4  19.1  -9 -9.0 -9  4  1
202410182100 108   7  2.3  -9 -9.0   -9 1000.0 1010.1  0   0.3  16.3  15.1  93.0  17.2    0.0   47.1   47.1   -9.0   -9.0   -9.0   -9.0 60 66 01                      10   8    7 ScAs      -9   2   5  2165 -9.0 -9.00 -9  16.4  17.8  17.9  18.3  19.0  -9 -9.0 -9  1  1
202410182200 108  34  1.2  -9 -9.0   -9 1000.3 1010.4 -9  -9.0  16.5  15.3  93.0  17.4    0.0   47.1   47.1   -9.0   -9.0   -9.0   -9.0 60 66 01                      10   9    7 ScAs      -9   2   5  1876 -9.0 -9.00 -9  16.6  17.7  17.8  18.3  19.0  -9 -9.0 -9  4  1
202410182300 108   5  0.7  -9 -9.0   -9 1000.3 1010.3 -9  -9.0  16.8  15.8  94.0  17.9    0.0   47.1   47.1   -9.0   -9.0   -9.0   -9.0 21 62 01                      10   7    9 ScAs      -9   2   5  1156 -9.0 -9.00 -9  16.8  17.8  17.8  18.2  18.9  -9 -9.0 -9  4  1
202410190000 108   7  2.1  -9 -9.0   -9  999.4 1009.4  8  -0.7  16.6  15.4  93.0  17.5   -9.0   47.1   47.1   -9.0   -9.0   -9.0   -9.0 -9 62 -                       10   6   10 ScAs      -9   2   5  1733 -9.0 -9.00 -9  16.6  17.8  17.8  18.1  18.8  -9 -9.0 -9  3  1
202410190100 108   9  0.6  -9 -9.0   -9  999.6 1009.6 -9  -9.0  16.6  15.2  92.0  17.3   -9.0   -9.0   -9.0   -9.0   -9.0   -9.0   -9.0 -9 -9 -                       10  10    4 -         -9  -9  -9  2617 -9.0 -9.00 -9  16.7  17.8  17.8  18.0  18.7  -9 -9.0 -9  3 -9
202410190200 108  29  2.8  -9 -9.0   -9 1000.4 1010.4 -9  -9.0  16.8  15.9  95.0  18.1    0.0    0.0    0.0   -9.0   -9.0   -9.0   -9.0 60 62 01                      10   7    9 ScAs      -9   2   5  1200 -9.0 -9.00 -9  16.7  17.8  17.7  17.7  18.4  -9 -9.0 -9  4  1
202410190300 108  29  2.3  -9 -9.0   -9 1000.5 1010.6  2   1.2  16.1  15.2  95.0  17.3    0.9    0.9    0.9   -9.0   -9.0   -9.0   -9.0 61 66 1901                    10   7    7 StNs      -9   2   7   476 -9.0 -9.00 -9  16.3  17.7  17.7  17.6  18.2  -9 -9.0 -9  4  1
202410190400 108  29  0.8  -9 -9.0   -9 1001.0 1011.1 -9  -9.0  16.0  15.0  94.0  17.0    0.1    1.0    1.0   -9.0   -9.0   -9.0   -9.0 21 62 1901                    10   6   10 ScAs      -9   2   5  2601 -9.0 -9.00 -9  16.2  17.6  17.5  17.1  17.7  -9 -9.0 -9  4  1
202410190500 108  27  0.8  -9 -9.0   -9 1001.5 1011.6 -9  -9.0  15.9  14.5  92.0  16.5   -9.0    1.0    1.0   -9.0   -9.0   -9.0   -9.0 -9 -9 -                        9   9   10 Sc         0   0   5  3797 -9.0 -9.00 -9  16.1  17.5  17.4  17.0  17.6  -9 -9.0 -9  3  2
202410190600 108  18  0.9  -9 -9.0   -9 1002.2 1012.3  2   1.7  15.9  14.5  92.0  16.5   -9.0    1.0    1.0   -9.0   -9.0   -9.0   -9.0 -9 62 -                        9   9   32 Ac         0   3   0  3547 -9.0 -9.00 -9  15.8  17.5  17.4  17.0  17.6  -9 -9.0 -9  3  1
202410190700 108  29  1.8  -9 -9.0   -9 1003.1 1013.2 -9  -9.0  15.7  14.2  91.0  16.2   -9.0    1.0    1.0   -9.0   -9.0   -9.0   -9.0 -9 -9 -                        2   2   10 Sc         0   0   5  3917  0.0  0.01 -9  15.6  17.4  17.3  16.9  17.5  -9 -9.0 -9  3  2
202410190800 108  29  3.5  -9 -9.0   -9 1004.5 1014.6 -9  -9.0  15.6  14.2  92.0  16.2   -9.0    1.0    1.0   -9.0   -9.0   -9.0   -9.0 -9 -9 -                        6   6    8 Sc         0   0   5  3707  0.0  0.12 -9  15.9  17.3  17.2  16.9  17.5  -9 -9.0 -9  3  2
202410190900 108  27  1.8  -9 -9.0   -9 1005.5 1015.6  2   3.3  15.8  14.1  90.0  16.1   -9.0    1.0    1.0   -9.0   -9.0   -9.0   -9.0 -9 61 -                        6   6    7 Sc         0   0   5  3469  0.0  0.28 -9  17.1  17.3  17.4  18.0  18.8  -9 -9.0 -9  3  1
202410191000 108  27  1.5  -9 -9.0   -9 1005.8 1015.8 -9  -9.0  18.0  14.8  82.0  16.8   -9.0    1.0    1.0   -9.0   -9.0   -9.0   -9.0 -9 -9 -                        3   1    6 ScCi       1   0   5  4160  0.9  1.51 -9  22.8  17.8  17.6  17.9  18.7  -9 -9.0 -9  3  2
202410191100 108   5  1.7  -9 -9.0   -9 1005.9 1015.8 -9  -9.0  19.7  14.7  73.0  16.7   -9.0    1.0    1.0   -9.0   -9.0   -9.0   -9.0 -9 -9 -                        6   6    7 Sc         0   0   5  3834  0.7  1.57 -9  24.1  18.5  18.0  17.8  18.5  -9 -9.0 -9  3  2
202410191200 108   5  3.4  -9 -9.0   -9 1006.5 1016.5  2   0.9  20.8  14.6  68.0  16.6   -9.0    1.0    1.0   -9.0   -9.0   -9.0   -9.0 -9 -9 -                        8   8    9 Sc         0   0   5  4703  0.4  1.74 -9  24.4  19.4  18.8  17.9  18.5  -9 -9.0 -9  3  2
202410191300 108   5  3.3  -9 -9.0   -9 1006.5 1016.5 -9  -9.0  20.5  14.3  68.0  16.3   -9.0    1.0    1.0   -9.0   -9.0   -9.0   -9.0 -9 -9 -                        9   9   10 Sc         0   0   5  4271  0.0  0.80 -9  22.8  19.8  19.3  18.0  18.5  -9 -9.0 -9  3  2
202410191400 108   5  4.7  -9 -9.0   -9 1007.2 1017.2 -9  -9.0  20.2  14.0  68.0  16.0   -9.0    1.0    1.0   -9.0   -9.0   -9.0   -9.0 -9 -9 -                        9   9   11 Sc         0   0   5  4468  0.1  0.90 -9  21.8  20.0  19.7  18.3  18.6  -9 -9.0 -9  3  2
202410191500 108   5  3.6  -9 -9.0   -9 1007.8 1017.8  2   1.3  20.2  13.6  66.0  15.6   -9.0    1.0    1.0   -9.0   -9.0   -9.0   -9.0 -9 -9 -                        8   8   10 Sc         0   0   5  4515  0.0  0.67 -9  22.0  20.1  19.8  18.5  18.7  -9 -9.0 -9  3  2
202410191600 108   5  3.2  -9 -9.0   -9 1009.0 1019.0 -9  -9.0  19.7  13.3  67.0  15.3   -9.0    1.0    1.0   -9.0   -9.0   -9.0   -9.0 -9 -9 -                        8   8    9 Sc         0   0   5  4828  0.0  0.40 -9  20.3  20.1  19.8  18.6  18.7  -9 -9.0 -9  3  2
202410191700 108   7  3.6  -9 -9.0   -9 1010.2 1020.2 -9  -9.0  18.9  11.2  61.0  13.3   -9.0    1.0    1.0   -9.0   -9.0   -9.0   -9.0 -9 -9 -                        8   8   11 Sc         0   0   5  4996  0.0  0.14 -9  18.5  19.7  19.6  18.7  18.8  -9 -9.0 -9  3  2
202410191800 108   5  5.6  -9 -9.0   -9 1011.8 1021.9  2   4.1  17.5   9.8  61.0  12.1   -9.0    1.0    1.0   -9.0   -9.0   -9.0   -9.0 -9 -9 -                        8   8   11 Sc         0   0   5  4885  0.0  0.05 -9  16.7  19.2  19.3  19.0  19.1  -9 -9.0 -9  3  2
202410191900 108   7  4.8   5 11.0 1802 1013.4 1023.6 -9  -9.0  16.2   9.1  63.0  11.6   -9.0    1.0    1.0   -9.0   -9.0   -9.0   -9.0 -9 -9 -                        8   7   12 -         -9  -9  -9  4923 -9.0 -9.00 -9  15.6  18.7  18.8  19.0  19.1  -9 -9.0 -9  3 -9
202410192000 108   5  5.7   7 11.0 1945 1014.7 1025.0 -9  -9.0  15.1   8.0  63.0  10.7   -9.0    1.0    1.0   -9.0   -9.0   -9.0   -9.0 -9 -9 -                        8   6   13 -         -9  -9  -9  4989 -9.0 -9.00 -9  14.5  18.1  18.3  18.8  19.1  -9 -9.0 -9  3 -9
202410192100 108   7  5.4   5 12.0 2046 1015.6 1025.9  2   4.0  14.1   7.3  64.0  10.2   -9.0    1.0    1.0   -9.0   -9.0   -9.0   -9.0 -9 -9 -                        3   3   17 Sc         0   0   5  4882 -9.0 -9.00 -9  13.3  17.6  17.8  18.3  18.9  -9 -9.0 -9  3  2
202410192200 108   5  6.6   2 13.0 2128 1016.3 1026.6 -9  -9.0  13.3   6.3  63.0   9.5   -9.0    1.0    1.0   -9.0   -9.0   -9.0   -9.0 -9 -9 -                        0   0   -9 -         -9  -9  -9  4874 -9.0 -9.00 -9  12.2  17.1  17.4  18.3  18.7  -9 -9.0 -9  3 -9
202410192300 108   5  5.2   5 11.0 2221 1016.9 1027.3 -9  -9.0  12.7   6.0  64.0   9.3   -9.0    1.0    1.0   -9.0   -9.0   -9.0   -9.0 -9 -9 -                        0   0   -9 -         -9  -9  -9  4866 -9.0 -9.00 -9  11.6  16.6  16.7  17.4  17.9  -9 -9.0 -9  3 -9
202410200000 108   7  5.2   2 13.0 2128 1017.7 1028.1  2   2.2  12.4   5.7  64.0   9.2   -9.0    1.0    1.0   -9.0   -9.0   -9.0   -9.0 -9 -9 -                        1   1   33 Ac         0   3   0  4886 -9.0 -9.00 -9  11.1  16.1  16.3  17.2  17.8  -9 -9.0 -9  3  2
202410200100 108   5  5.3  -9 -9.0   -9 1018.5 1028.9 -9  -9.0  11.9   5.0  63.0   8.7   -9.0   -9.0   -9.0   -9.0   -9.0   -9.0   -9.0 -9 -9 -                        0   0   -9 -         -9  -9  -9  4744 -9.0 -9.00 -9  10.6  15.7  15.9  17.0  17.7  -9 -9.0 -9  3 -9
202410200200 108   5  4.5   5 11.0  105 1019.3 1029.7 -9  -9.0  11.7   5.1  64.0   8.8   -9.0   -9.0   -9.0   -9.0   -9.0   -9.0   -9.0 -9 -9 -                        0   0   -9 -         -9  -9  -9  4584 -9.0 -9.00 -9  10.2  15.4  15.5  16.8  17.6  -9 -9.0 -9  3 -9
202410200300 108   5  3.5   2 13.0 2128 1019.3 1029.8  2   1.7  11.3   4.9  65.0   8.7   -9.0   -9.0   -9.0   -9.0   -9.0   -9.0   -9.0 -9 -9 -                        0   0   -9 -         -9  -9  -9  4402 -9.0 -9.00 -9   9.9  15.1  15.5  17.7  18.9  -9 -9.0 -9  3  2
202410200400 108   7  3.8  -9 -9.0   -9 1019.7 1030.2 -9  -9.0  11.2   4.6  64.0   8.5   -9.0   -9.0   -9.0   -9.0   -9.0   -9.0   -9.0 -9 -9 -                        0   0   -9 -         -9  -9  -9  4531 -9.0 -9.00 -9   9.6  14.8  15.2  17.5  18.7  -9 -9.0 -9  3  2
202410200500 108   5  3.7  -9 -9.0   -9 1019.9 1030.4 -9  -9.0  10.9   4.5  65.0   8.4   -9.0   -9.0   -9.0   -9.0   -9.0   -9.0   -9.0 -9 -9 -                        0   0   -9 -         -9  -9  -9  4777 -9.0 -9.00 -9   9.4  14.5  14.9  17.3  18.6  -9 -9.0 -9  3  2
202410200600 108   7  3.8  -9 -9.0   -9 1020.5 1031.0  2   1.2  10.8   4.0  63.0   8.1   -9.0   -9.0   -9.0   -9.0   -9.0   -9.0   -9.0 -9 -9 -                        0   0   -9 -         -9  -9  -9  4203 -9.0 -9.00 -9   9.1  14.2  14.6  17.1  18.5  -9 -9.0 -9  3  2
202410200700 108   7  3.5   5 10.0  624 1020.8 1031.3 -9  -9.0  10.6   3.8  63.0   8.0   -9.0   -9.0   -9.0   -9.0   -9.0   -9.0   -9.0 -9 -9 -                        0   0   -9 -         -9  -9  -9  3816  0.0  0.01 -9   8.9  14.0  14.4  16.9  18.3  -9 -9.0 -9  3  2
202410200800 108   7  3.7  -9 -9.0   -9 1021.6 1032.1 -9  -9.0  11.2   4.1  62.0   8.2   -9.0   -9.0   -9.0   -9.0   -9.0   -9.0   -9.0 -9 -9 -                        0   0   -9 -         -9  -9  -9  4408  0.7  0.35 -9   9.4  13.8  14.2  16.7  18.2  -9 -9.0 -9  3  2
202410200900 108   7  4.6   5 10.0  624 1022.3 1032.7  2   1.7  12.8   3.7  54.0   8.0   -9.0   -9.0   -9.0   -9.0   -9.0   -9.0   -9.0 -9 -9 -                        0   0   -9 -         -9  -9  -9  3750  1.0  1.01 -9  13.5  14.0  14.2  16.5  18.1  -9 -9.0 -9  3  2
202410201000 108   5  4.6   7 10.0  915 1021.7 1032.0 -9  -9.0  14.3   4.8  53.0   8.6   -9.0   -9.0   -9.0   -9.0   -9.0   -9.0   -9.0 -9 -9 -                        0   0   -9 -         -9  -9  -9  3813  1.0  1.74 -9  17.9  14.7  14.4  16.4  17.9  -9 -9.0 -9  3  2
202410201100 108   7  4.3   7 10.0 1048 1021.4 1031.7 -9  -9.0  15.3   4.3  48.0   8.3   -9.0   -9.0   -9.0   -9.0   -9.0   -9.0   -9.0 -9 -9 -                        1   0   -9 Ci         1   0   0  3511  1.0  2.28 -9  21.0  15.4  14.9  16.3  17.8  -9 -9.0 -9  3  2
202410201200 108   9  4.3   5 10.0 1146 1020.9 1031.2  7  -1.5  16.1   4.4  46.0   8.4   -9.0   -9.0   -9.0   -9.0   -9.0   -9.0   -9.0 -9 -9 -                        1   0   -9 Ci         1   0   0  4482  1.0  2.59 -9  24.2  16.1  15.6  16.3  17.7  -9 -9.0 -9  3  2
202410201300 108   9  3.9  -9 -9.0   -9 1020.2 1030.4 -9  -9.0  16.7   4.3  44.0   8.3   -9.0   -9.0   -9.0   -9.0   -9.0   -9.0   -9.0 -9 -9 -                        1   0   -9 Ci         1   0   0  4298  1.0  2.68 -9  25.8  16.8  16.2  16.4  17.6  -9 -9.0 -9  3  2
202410201400 108   7  3.8  -9 -9.0   -9 1019.7 1029.9 -9  -9.0  17.4   5.3  45.0   8.9   -9.0   -9.0   -9.0   -9.0   -9.0   -9.0   -9.0 -9 -9 -                        2   0   -9 Ci         1   0   0  3859  1.0  2.49 -9  24.9  17.3  16.8  16.5  17.5  -9 -9.0 -9  3  2
202410201500 108   7  3.4   5 10.0 1146 1019.2 1029.4  7  -1.8  17.7   5.9  46.0   9.3   -9.0   -9.0   -9.0   -9.0   -9.0   -9.0   -9.0 -9 -9 -                        3   0   -9 Ci         1   0   0  4577  1.0  1.99 -9  22.5  17.7  17.2  16.6  17.4  -9 -9.0 -9  3  2
202410201600 108   7  2.6  -9 -9.0   -9 1018.7 1028.9 -9  -9.0  17.5   5.4  45.0   9.0   -9.0   -9.0   -9.0   -9.0   -9.0   -9.0   -9.0 -9 -9 -                        3   0   -9 Ci         1   0   0  4062  1.0  1.44 -9  19.9  17.8  17.4  17.0  17.7  -9 -9.0 -9  3  2
202410201700 108   9  3.0  -9 -9.0   -9 1018.2 1028.4 -9  -9.0  16.7   4.6  45.0   8.5   -9.0   -9.0   -9.0   -9.0   -9.0   -9.0   -9.0 -9 -9 -                        3   0   -9 Ci         1   0   0  4485  1.0  0.78 -9  16.0  17.6  17.2  16.3  16.7  -9 -9.0 -9  3  2
202410201800 108  11  2.4  -9 -9.0   -9 1018.3 1028.6  5  -0.8  15.3   5.2  51.0   8.8   -9.0   -9.0   -9.0   -9.0   -9.0   -9.0   -9.0 -9 -9 -                        6   0   -9 Ci         1   0   0  4379  0.3  0.11 -9  13.7  17.1  17.0  17.2  17.8  -9 -9.0 -9  3  2
202410201900 108   7  3.9  -9 -9.0   -9 1019.0 1029.3 -9  -9.0  14.2   4.7  53.0   8.5   -9.0   -9.0   -9.0   -9.0   -9.0   -9.0   -9.0 -9 -9 -                        4   1   -9 -         -9  -9  -9  4502 -9.0 -9.00 -9  12.3  16.5  16.6  17.4  18.0  -9 -9.0 -9  3 -9
202410202000 108   9  3.6  -9 -9.0   -9 1019.0 1029.4 -9  -9.0  13.4   4.5  55.0   8.4   -9.0   -9.0   -9.0   -9.0   -9.0   -9.0   -9.0 -9 -9 -                        4   1   -9 -         -9  -9  -9  4364 -9.0 -9.00 -9  11.4  16.0  16.2  17.4  18.1  -9 -9.0 -9  3 -9
202410202100 108   7  3.0  -9 -9.0   -9 1019.2 1029.6  2   1.0  12.6   4.5  58.0   8.4   -9.0   -9.0   -9.0   -9.0   -9.0   -9.0   -9.0 -9 -9 -                        1   0   -9 Ci         1   0   0  4421 -9.0 -9.00 -9  10.8  15.6  15.8  17.4  18.1  -9 -9.0 -9  3  2
202410202200 108   5  3.0  -9 -9.0   -9 1018.9 1029.3 -9  -9.0  11.7   4.6  62.0   8.5   -9.0   -9.0   -9.0   -9.0   -9.0   -9.0   -9.0 -9 -9 -                        2   1   -9 -         -9  -9  -9  4317 -9.0 -9.00 -9  10.2  15.2  15.5  17.2  18.1  -9 -9.0 -9  3 -9
202410202300 108   5  2.7  -9 -9.0   -9 1019.1 1029.6 -9  -9.0  11.2   4.4  63.0   8.4   -9.0   -9.0   -9.0   -9.0   -9.0   -9.0   -9.0 -9 -9 -                        2   1   -9 -         -9  -9  -9  4270 -9.0 -9.00 -9   9.8  14.8  15.1  17.1  18.0  -9 -9.0 -9  3 -9
202410210000 108   7  3.4  -9 -9.0   -9 1017.9 1028.4  7  -1.2  10.8   4.4  65.0   8.4   -9.0   -9.0   -9.0   -9.0   -9.0   -9.0   -9.0 -9 -9 -                        0   0   -9 -         -9  -9  -9  4146 -9.0 -9.00 -9   9.4  14.4  14.8  16.9  18.0  -9 -9.0 -9  3  2
202410210100 108   5  2.3  -9 -9.0   -9 1018.2 1028.7 -9  -9.0  10.2   4.3  67.0   8.3   -9.0   -9.0   -9.0   -9.0   -9.0   -9.0   -9.0 -9 -9 -                        2   1   -9 -         -9  -9  -9  4488 -9.0 -9.00 -9   9.1  14.1  14.5  16.7  17.9  -9 -9.0 -9  3 -9
202410210200 108   5  2.3  -9 -9.0   -9 1017.5 1028.0 -9  -9.0  10.0   4.3  68.0   8.3   -9.0   -9.0   -9.0   -9.0   -9.0   -9.0   -9.0 -9 -9 -                        5   1   -9 -         -9  -9  -9  4327 -9.0 -9.00 -9   8.9  13.9  14.2  16.5  17.8  -9 -9.0 -9  3 -9
202410210300 108   5  3.1  -9 -9.0   -9 1017.2 1027.7  8  -0.7   9.8   4.3  69.0   8.3   -9.0   -9.0   -9.0   -9.0   -9.0   -9.0   -9.0 -9 -9 -                        3   0   -9 Ci         1   0   0  4341 -9.0 -9.00 -9   8.7  13.6  14.0  16.3  17.7  -9 -9.0 -9  3  2
202410210400 108   5  3.9  -9 -9.0   -9 1016.4 1026.9 -9  -9.0  10.1   4.8  70.0   8.6   -9.0   -9.0   -9.0   -9.0   -9.0   -9.0   -9.0 -9 -9 -                        8   0   -9 Ci         2   0   0  4369 -9.0 -9.00 -9   9.0  13.4  13.8  16.2  17.5  -9 -9.0 -9  3  2
202410210500 108   7  3.2  -9 -9.0   -9 1015.5 1026.0 -9  -9.0  10.1   4.6  69.0   8.5   -9.0   -9.0   -9.0   -9.0   -9.0   -9.0   -9.0 -9 -9 -                        6   0   -9 Ci         1   0   0  4448 -9.0 -9.00 -9   9.1  13.4  13.7  16.0  17.4  -9 -9.0 -9  3  2
202410210600 108   7  3.1  -9 -9.0   -9 1014.7 1025.2  7  -2.5  10.2   4.9  70.0   8.7   -9.0   -9.0   -9.0   -9.0   -9.0   -9.0   -9.0 -9 -9 -                        8   5   45 AcCi       2   3   0  4200 -9.0 -9.00 -9   9.3  13.3  13.6  15.8  17.3  -9 -9.0 -9  3  2
202410210700 108   5  3.3  -9 -9.0   -9 1015.1 1025.6 -9  -9.0  10.5   5.2  70.0   8.8   -9.0   -9.0   -9.0   -9.0   -9.0   -9.0   -9.0 -9 -9 -                        8   8   44 Ac         0   3   0  4243  0.0  0.01 -9   9.7  13.2  13.5  15.7  17.2  -9 -9.0 -9  3  2
202410210800 108   5  3.5  -9 -9.0   -9 1014.9 1025.3 -9  -9.0  11.3   5.8  69.0   9.2   -9.0   -9.0   -9.0   -9.0   -9.0   -9.0   -9.0 -9 -9 -                        8   8   45 Ac         0   3   0  4376  0.0  0.21 -9  11.1  13.3  13.5  15.6  17.1  -9 -9.0 -9  3  2
202410210900 108   5  2.7  -9 -9.0   -9 1015.7 1026.1  2   0.9  12.1   6.1  67.0   9.4   -9.0   -9.0   -9.0   -9.0   -9.0   -9.0   -9.0 -9 -9 -                       10  10   44 As        -9   2   0  4223  0.0  0.36 -9  12.4  13.6  13.7  15.5  17.0  -9 -9.0 -9  3  2
202410211000 108   5  2.8  -9 -9.0   -9 1015.3 1025.6 -9  -9.0  13.1   7.1  67.0  10.1    0.0    0.0    0.0   -9.0   -9.0   -9.0   -9.0 21 62 01                       8   8   32 Ac         0   3   0  4428  0.1  0.45 -9  14.9  13.9  13.9  15.4  16.9  -9 -9.0 -9  4  1
202410211100 108   7  2.7  -9 -9.0   -9 1014.6 1024.9 -9  -9.0  15.3   7.8  61.0  10.6   -9.0    0.0    0.0   -9.0   -9.0   -9.0   -9.0 -9 -9 -                        8   8   37 Ac         0   3   0  3566  0.4  1.36 -9  19.0  14.6  14.4  15.3  16.8  -9 -9.0 -9  3  2
202410211200 108   5  2.4  -9 -9.0   -9 1013.8 1024.0  7  -2.1  16.4   8.3  59.0  10.9   -9.0    0.0    0.0   -9.0   -9.0   -9.0   -9.0 -9 62 -                        9   9   35 Ac         0   3   0  3922  0.1  1.52 -9  20.2  15.6  15.1  15.4  16.7  -9 -9.0 -9  3  1
202410211300 108   7  1.6  -9 -9.0   -9 1013.2 1023.3 -9  -9.0  17.3   8.9  58.0  11.4   -9.0    0.0    0.0   -9.0   -9.0   -9.0   -9.0 -9 -9 -                        9   9   32 Ac         0   3   0  3994  0.0  1.30 -9  21.5  16.4  15.9  15.5  16.7  -9 -9.0 -9  3  2
202410211400 108  11  2.1  -9 -9.0   -9 1012.4 1022.5 -9  -9.0  18.5   9.5  56.0  11.9   -9.0    0.0    0.0   -9.0   -9.0   -9.0   -9.0 -9 -9 -                        8   8   28 Ac         0   3   0  3666  0.2  1.51 -9  23.6  17.2  16.6  15.7  16.7  -9 -9.0 -9  3  2
202410211500 108  14  1.6  -9 -9.0   -9 1012.0 1022.0  7  -2.0  19.1   9.5  54.0  11.9   -9.0    0.0    0.0   -9.0   -9.0   -9.0   -9.0 -9 62 -                        9   9   28 Ac         0   3   0  3808  0.2  1.19 -9  22.1  17.8  17.3  15.9  16.7  -9 -9.0 -9  3  1
202410211600 108  14  2.0  -9 -9.0   -9 1011.6 1021.6 -9  -9.0  19.0   9.4  54.0  11.8   -9.0    0.0    0.0   -9.0   -9.0   -9.0   -9.0 -9 -9 -                        9   9   28 Ac         0   3   0  3779  0.1  0.68 -9  19.9  18.1  17.7  16.2  16.8  -9 -9.0 -9  3  2
202410211700 108   2  2.1  -9 -9.0   -9 1011.3 1021.3 -9  -9.0  18.5  10.3  59.0  12.5   -9.0    0.0    0.0   -9.0   -9.0   -9.0   -9.0 -9 -9 -                       10  10   22 As        -9   2   0  3648  0.0  0.28 -9  18.2  18.0  17.7  16.4  16.9  -9 -9.0 -9  3  2
202410211800 108   5  1.8  -9 -9.0   -9 1011.5 1021.6  5  -0.4  17.6  10.4  63.0  12.6   -9.0    0.0    0.0   -9.0   -9.0   -9.0   -9.0 -9 -9 -                       10  10   28 As        -9   2   0  3557  0.0  0.05 -9  16.6  17.7  17.5  16.6  17.0  -9 -9.0 -9  3  2
202410211900 108   2  1.7  -9 -9.0   -9 1012.2 1022.3 -9  -9.0  17.3  10.8  66.0  12.9   -9.0    0.0    0.0   -9.0   -9.0   -9.0   -9.0 -9 -9 -                       10   4   17 -         -9  -9  -9  3652 -9.0 -9.00 -9  16.1  17.3  17.2  16.7  17.0  -9 -9.0 -9  3 -9
202410212000 108   5  1.6  -9 -9.0   -9 1012.0 1022.1 -9  -9.0  17.1  11.3  69.0  13.4    0.0    0.0    0.0   -9.0   -9.0   -9.0   -9.0 60 62 01                      10   7   15 ScAs      -9   2   5  2865 -9.0 -9.00 -9  15.8  17.1  17.1  16.8  17.1  -9 -9.0 -9  4  1
202410212100 108   2  1.5  -9 -9.0   -9 1012.3 1022.5  2   0.9  16.7  11.8  73.0  13.8    0.0    0.0    0.0   -9.0   -9.0   -9.0   -9.0 60 66 01                      10   8   12 ScAs      -9   2   5  3573 -9.0 -9.00 -9  15.7  16.9  16.9  16.7  17.1  -9 -9.0 -9  1  1
202410212200 108   2  1.6  -9 -9.0   -9 1012.0 1022.2 -9  -9.0  16.6  11.7  73.0  13.7    0.0    0.0    0.0   -9.0   -9.0   -9.0   -9.0 21 62 01                      10   3   17 ScAs      -9   2   5  3525 -9.0 -9.00 -9  15.6  16.8  16.6  16.0  16.4  -9 -9.0 -9  4  1
202410212300 108   2  2.1  -9 -9.0   -9 1011.9 1022.1 -9  -9.0  16.4  12.1  76.0  14.1   -9.0    0.0    0.0   -9.0   -9.0   -9.0   -9.0 -9 -9 -                       10   8   11 -         -9  -9  -9  3332 -9.0 -9.00 -9  15.5  16.7  16.5  16.0  16.4  -9 -9.0 -9  3 -9
202410220000 108   5  2.2  -9 -9.0   -9 1011.0 1021.2  7  -1.3  16.2  11.9  76.0  13.9    0.0    0.0    0.0   -9.0   -9.0   -9.0   -9.0 21 62 01                      10   7   17 ScAs      -9   2   5  3274 -9.0 -9.00 -9  15.2  16.6  16.5  16.0  16.4  -9 -9.0 -9  4  1
202410220100 108   7  2.1  -9 -9.0   -9 1009.8 1020.0 -9  -9.0  16.0  11.5  75.0  13.6   -9.0   -9.0   -9.0   -9.0   -9.0   -9.0   -9.0 -9 -9 -                       10   0   -9 -         -9  -9  -9  3245 -9.0 -9.00 -9  15.0  16.5  16.4  16.0  16.4  -9 -9.0 -9  3 -9
202410220200 108   7  1.4  -9 -9.0   -9 1010.3 1020.5 -9  -9.0  16.0  10.9  72.0  13.0    0.0    0.0    0.0   -9.0   -9.0   -9.0   -9.0 60 62 01                      10   8   11 ScAs      -9   2   5  2656 -9.0 -9.00 -9  15.2  16.5  16.3  15.9  16.5  -9 -9.0 -9  4  1
202410220300 108   9  1.8  -9 -9.0   -9 1010.1 1020.3  5  -0.9  15.8  11.7  77.0  13.7    0.0    0.0    0.0   -9.0   -9.0   -9.0   -9.0 60 66 01                      10   8   11 ScAs      -9   2   5  2400 -9.0 -9.00 -9  15.1  16.4  16.3  15.9  16.4  -9 -9.0 -9  4  1
202410220400 108   5  2.1  -9 -9.0   -9 1009.3 1019.5 -9  -9.0  15.4  12.3  82.0  14.3    0.2    0.2    0.2   -9.0   -9.0   -9.0   -9.0 60 66 01                      10   8   11 ScAs      -9   2   5  2698 -9.0 -9.00 -9  14.9  16.3  16.2  15.9  16.4  -9 -9.0 -9  4  1
202410220500 108   5  1.7  -9 -9.0   -9 1008.5 1018.7 -9  -9.0  15.3  11.8  80.0  13.8    0.0    0.2    0.2   -9.0   -9.0   -9.0   -9.0 60 66 01                      10   8   13 ScAs      -9   2   5  2822 -9.0 -9.00 -9  14.7  16.2  16.1  15.9  16.4  -9 -9.0 -9  4  1
202410220600 108   7  1.9  -9 -9.0   -9 1007.8 1018.0  7  -2.3  15.2  12.1  82.0  14.1    0.0    0.2    0.2   -9.0   -9.0   -9.0   -9.0 60 66 01                      10   7   11 ScAs      -9   2   5  2883 -9.0 -9.00 -9  14.5  16.2  16.0  15.9  16.4  -9 -9.0 -9  4  1
202410220700 108   7  2.3  -9 -9.0   -9 1007.6 1017.8 -9  -9.0  14.9  12.3  85.0  14.3    0.1    0.3    0.3   -9.0   -9.0   -9.0   -9.0 60 66 01                      10   8   13 ScAs      -9   2   5  2395  0.0  0.00 -9  14.4  16.1  16.0  15.8  16.4  -9 -9.0 -9  4  1
202410220800 108   5  2.9  -9 -9.0   -9 1007.3 1017.5 -9  -9.0  15.0  12.8  87.0  14.8    0.0    0.3    0.3   -9.0   -9.0   -9.0   -9.0 60 66 01                      10   7   15 ScAs      -9   2   5  2575  0.0  0.06 -9  14.8  16.0  15.9  15.7  16.4  -9 -9.0 -9  4  1
202410220900 108   5  2.8  -9 -9.0   -9 1006.7 1016.9  7  -1.1  15.0  13.3  90.0  15.3    0.7    1.0    1.0   -9.0   -9.0   -9.0   -9.0 61 66 01                      10   7    7 StNs      -9   2   7  1009  0.0  0.12 -9  15.2  16.1  15.9  15.7  16.4  -9 -9.0 -9  1  1
202410221000 108   5  3.2  -9 -9.0   -9 1006.3 1016.5 -9  -9.0  15.1  13.6  91.0  15.6    0.3    1.3    1.3   -9.0   -9.0   -9.0   -9.0 60 66 01                      10   7    9 ScAs      -9   2   5  2056  0.0  0.15 -9  15.6  16.1  16.0  15.7  16.3  -9 -9.0 -9  4  1
202410221100 108   7  2.2  -9 -9.0   -9 1005.6 1015.8 -9  -9.0  15.3  14.1  93.0  16.1    1.0    2.3    2.3   -9.0   -9.0   -9.0   -9.0 61 66 1901                    10   8    6 StNs      -9   2   7   459  0.0  0.16 -9  16.0  16.2  16.0  15.7  16.3  -9 -9.0 -9  4  1
202410221200 108   7  2.4  -9 -9.0   -9 1004.5 1014.7  7  -2.2  15.5  14.5  94.0  16.5    0.5    2.8    2.8   -9.0   -9.0   -9.0   -9.0 60 66 1901                    10   8    8 ScAs      -9   2   5  1199  0.0  0.26 -9  16.6  16.3  16.1  15.7  16.3  -9 -9.0 -9  4  1
202410221300 108   7  2.4  -9 -9.0   -9 1004.1 1014.3 -9  -9.0  15.4  14.4  94.0  16.4    1.1    3.9    3.9   -9.0   -9.0   -9.0   -9.0 61 62 1901                    10   7    4 StNs      -9   2   7   418  0.0  0.18 -9  16.0  16.5  16.3  15.7  16.3  -9 -9.0 -9  4  1
202410221400 108   5  1.8  -9 -9.0   -9 1002.4 1012.5 -9  -9.0  15.7  14.7  94.0  16.7    0.8    4.7    4.7   -9.0   -9.0   -9.0   -9.0 21 62 1901                    10   9    7 ScAs      -9   2   5  1625  0.0  0.17 -9  16.5  16.5  16.3  15.6  16.3  -9 -9.0 -9  4  1
202410221500 108   5  1.1  -9 -9.0   -9 1002.2 1012.3  7  -2.4  15.7  14.8  95.0  16.8    1.1    5.8    5.8   -9.0   -9.0   -9.0   -9.0 61 62 1901                    10   8    4 StNs      -9   2   7   786  0.0  0.08 -9  16.2  16.6  16.4  15.7  16.2  -9 -9.0 -9  4  1
202410221600 108  34  1.2  -9 -9.0   -9 1001.9 1012.0 -9  -9.0  15.8  14.8  94.0  16.8    0.4    6.2    6.2   -9.0   -9.0   -9.0   -9.0 61 66 190201                  10   9    6 StNs      -9   2   7   286  0.0  0.05 -9  16.1  16.6  16.4  15.7  16.3  -9 -9.0 -9  4  1
202410221700 108   5  0.5  -9 -9.0   -9 1001.3 1011.4 -9  -9.0  15.9  15.0  95.0  17.0    0.4    6.6    6.6   -9.0   -9.0   -9.0   -9.0 61 66 1901                    10   8    3 StNs      -9   2   7   578  0.0  0.03 -9  16.1  16.6  16.4  15.7  16.2  -9 -9.0 -9  4  1
202410221800 108   5  1.1  -9 -9.0   -9 1000.7 1010.8  7  -1.5  15.9  15.2  96.0  17.3    2.9    9.5    9.5   -9.0   -9.0   -9.0   -9.0 61 66 1901                    10   9    3 StNs      -9   2   7   298  0.0  0.01 -9  15.8  16.6  16.6  16.8  17.4  -9 -9.0 -9  4  1
202410221900 108   5  0.9  -9 -9.0   -9 1000.5 1010.6 -9  -9.0  16.0  15.3  96.0  17.4    1.4   10.9   10.9   -9.0   -9.0   -9.0   -9.0 61 66 1901                    10   8    3 StNs      -9   2   7   222 -9.0 -9.00 -9  15.8  16.5  16.5  16.8  17.4  -9 -9.0 -9  4  1
202410222000 108   2  1.3  -9 -9.0   -9 1000.1 1010.2 -9  -9.0  15.9  15.2  96.0  17.3    1.8   12.7   12.7   -9.0   -9.0   -9.0   -9.0 61 66 1901                    10   9    3 StNs      -9   2   7   357 -9.0 -9.00 -9  15.8  16.5  16.5  16.8  17.4  -9 -9.0 -9  4  1
202410222100 108   5  1.0  -9 -9.0   -9  999.5 1009.6  7  -1.2  15.9  15.2  96.0  17.3    2.8   15.5   15.5   -9.0   -9.0   -9.0   -9.0 61 66 1901                    10   9    3 StNs      -9   2   7   330 -9.0 -9.00 -9  15.8  16.5  16.5  16.8  17.4  -9 -9.0 -9  1  1
202410222200 108  23  3.4  -9 -9.0   -9  999.3 1009.3 -9  -9.0  16.6  16.2  98.0  18.4    2.0   17.5   17.5   -9.0   -9.0   -9.0   -9.0 61 66 1901                    10   9    3 StNs      -9   2   7   355 -9.0 -9.00 -9  16.0  16.5  16.5  16.7  17.3  -9 -9.0 -9  4  1
202410222300 108  23  3.3  -9 -9.0   -9  999.5 1009.6 -9  -9.0  15.9  15.2  96.0  17.3    1.6   19.1   19.1   -9.0   -9.0   -9.0   -9.0 61 66 1901                    10   9    3 StNs      -9   2   7   506 -9.0 -9.00 -9  15.7  16.5  16.5  16.6  17.3  -9 -9.0 -9  4  1
202410230000 108  25  3.4  -9 -9.0   -9  999.4 1009.5  5  -0.1  15.2  14.5  96.0  16.5    1.5   20.6   20.6   -9.0   -9.0   -9.0   -9.0 61 66 1901                    10   9    3 StNs      -9   2   7   295 -9.0 -9.00 -9  15.2  16.4  16.4  16.6  17.2  -9 -9.0 -9  4  1
202410230100 108  25  3.6  -9 -9.0   -9  999.8 1009.9 -9  -9.0  14.8  13.6  93.0  15.6    1.1    1.1    1.1   -9.0   -9.0   -9.0   -9.0 60 66 1901                    10   9    7 ScAs      -9   2   5   979 -9.0 -9.00 -9  14.8  16.3  16.1  15.6  16.1  -9 -9.0 -9  4  1
202410230200 108  27  4.1  -9 -9.0   -9 1000.0 1010.1 -9  -9.0  14.4  12.6  89.0  14.6    0.2    1.3    1.3   -9.0   -9.0   -9.0   -9.0 60 66 1901                    10   8    7 ScAs      -9   2   5  2262 -9.0 -9.00 -9  14.2  16.1  16.0  15.5  16.1  -9 -9.0 -9  4  1
202410230300 108  25  5.0  27 10.0  227 1000.5 1010.7  2   1.2  13.6  11.6  88.0  13.7    0.0    1.3    1.3   -9.0   -9.0   -9.0   -9.0 60 66 01                      10   8    8 ScAs      -9   2   5  3141 -9.0 -9.00 -9  13.6  15.9  15.8  15.5  16.0  -9 -9.0 -9  4  1
202410230400 108  25  4.7  29 10.0  307 1000.8 1011.0 -9  -9.0  12.5  11.2  92.0  13.3    0.9    2.2    2.2   -9.0   -9.0   -9.0   -9.0 60 66 01                      10   8    7 ScAs      -9   2   5  1638 -9.0 -9.00 -9  13.1  15.7  15.6  15.4  16.0  -9 -9.0 -9  4  1
202410230500 108  25  3.0  27 11.0  403 1000.9 1011.1 -9  -9.0  11.9  10.1  89.0  12.4    0.0    2.2    2.2   -9.0   -9.0   -9.0   -9.0 21 62 01                      10   8   11 ScAs      -9   2   5  3877 -9.0 -9.00 -9  12.5  15.4  15.3  15.4  16.0  -9 -9.0 -9  4  1
202410230600 108  25  2.5  27 11.0  403 1001.4 1011.7  2   1.0  11.5  10.0  91.0  12.3    0.0    2.2    2.2   -9.0   -9.0   -9.0   -9.0 60 62 01                      10   8    7 ScAs      -9   2   5  1489 -9.0 -9.00 -9  12.4  15.2  15.1  15.2  15.9  -9 -9.0 -9  4  1
202410230700 108  25  4.6  -9 -9.0   -9 1002.2 1012.5 -9  -9.0  11.5   8.1  80.0  10.8    0.1    2.3    2.3   -9.0   -9.0   -9.0   -9.0 21 62 01                       9   9    9 Sc         0   0   5  4408  0.0  0.01 -9  11.6  14.9  14.9  15.1  15.9  -9 -9.0 -9  4  1
202410230800 108  25  4.5  27 10.0  723 1003.0 1013.3 -9  -9.0  11.7   7.7  77.0  10.5   -9.0    2.3    2.3   -9.0   -9.0   -9.0   -9.0 -9 -9 -                        9   9    8 Sc         0   0   5  4296  0.0  0.07 -9  11.8  14.7  14.6  15.1  15.9  -9 -9.0 -9  3  2
202410230900 108  25  6.6  27 12.0  848 1003.9 1014.1  2   2.4  12.5   7.1  70.0  10.1   -9.0    2.3    2.3   -9.0   -9.0   -9.0   -9.0 -9 62 -                        7   7    9 Sc         0   0   5  3752  0.4  0.73 -9  14.4  14.6  14.6  15.1  15.9  -9 -9.0 -9  3  1
202410231000 108  27  4.6  25 13.0  935 1005.1 1015.4 -9  -9.0  12.5   6.9  69.0   9.9   -9.0    2.3    2.3   -9.0   -9.0   -9.0   -9.0 -9 -9 -                        6   6    8 Sc         0   0   5  3972  0.4  0.90 -9  13.9  14.9  14.6  14.9  15.8  -9 -9.0 -9  3  2
202410231100 108  25  5.3  27 12.0 1044 1005.6 1015.8 -9  -9.0  13.0   7.2  68.0  10.2   -9.0    2.3    2.3   -9.0   -9.0   -9.0   -9.0 -9 -9 -                        7   7    8 Sc         0   0   5  3922  0.0  0.71 -9  15.5  15.0  15.0  16.0  17.0  -9 -9.0 -9  3  2
202410231200 108  25  5.0  25 13.0  935 1005.6 1015.8  1   1.7  13.9   7.6  66.0  10.4   -9.0    2.3    2.3   -9.0   -9.0   -9.0   -9.0 -9 -9 -                        5   5    8 Sc         0   0   5  4479  0.3  1.48 -9  18.5  15.4  15.3  16.0  17.0  -9 -9.0 -9  3  2
202410231300 108  25  4.2  -9 -9.0   -9 1005.4 1015.6 -9  -9.0  14.9   8.1  64.0  10.8   -9.0    2.3    2.3   -9.0   -9.0   -9.0   -9.0 -9 -9 -                        4   4    8 Sc         0   0   5  3974  0.5  1.80 -9  22.1  15.8  15.7  16.0  16.9  -9 -9.0 -9  3  2
202410231400 108  25  3.7  -9 -9.0   -9 1005.5 1015.7 -9  -9.0  15.0   8.0  63.0  10.7   -9.0    2.3    2.3   -9.0   -9.0   -9.0   -9.0 -9 -9 -                        6   6    9 Sc         0   0   5  3740  0.4  1.67 -9  20.0  16.3  16.1  16.0  16.9  -9 -9.0 -9  3  2
202410231500 108  23  3.9  25 13.0  935 1006.3 1016.5  3   0.7  15.0   8.4  65.0  11.0   -9.0    2.3    2.3   -9.0   -9.0   -9.0   -9.0 -9 -9 -                        7   7    8 Sc         0   0   5  2947  0.4  1.13 -9  18.5  16.7  16.4  16.1  16.9  -9 -9.0 -9  3  2
202410231600 108  25  2.8  -9 -9.0   -9 1006.7 1016.9 -9  -9.0  15.0   8.2  64.0  10.9   -9.0    2.3    2.3   -9.0   -9.0   -9.0   -9.0 -9 -9 -                        7   7    9 Sc         0   0   5  3782  0.3  0.81 -9  16.9  16.8  16.6  16.3  16.9  -9 -9.0 -9  3  2
202410231700 108  27  3.0  -9 -9.0   -9 1007.3 1017.5 -9  -9.0  14.4   7.8  65.0  10.6   -9.0    2.3    2.3   -9.0   -9.0   -9.0   -9.0 -9 -9 -                        6   6    9 Sc         0   0   5  3120  0.2  0.40 -9  15.0  16.7  16.6  16.4  17.0  -9 -9.0 -9  3  2
202410231800 108  25  2.6  -9 -9.0   -9 1007.5 1017.7  2   1.2  13.7   7.6  67.0  10.4   -9.0    2.3    2.3   -9.0   -9.0   -9.0   -9.0 -9 -9 -                        6   6    9 Sc         0   0   5  3226  0.0  0.05 -9  13.4  16.3  16.3  16.4  17.0  -9 -9.0 -9  3  2
202410231900 108  25  2.5  -9 -9.0   -9 1008.3 1018.6 -9  -9.0  13.1   7.9  71.0  10.6   -9.0    2.3    2.3   -9.0   -9.0   -9.0   -9.0 -9 -9 -                        6   6   10 -         -9  -9  -9  2907 -9.0 -9.00 -9  12.3  15.9  15.9  16.2  16.8  -9 -9.0 -9  3 -9
202410232000 108  25  2.4  -9 -9.0   -9 1008.5 1018.8 -9  -9.0  12.9   8.1  73.0  10.8   -9.0    2.3    2.3   -9.0   -9.0   -9.0   -9.0 -9 -9 -                        6   6    9 -         -9  -9  -9  2627 -9.0 -9.00 -9  12.5  15.5  15.4  15.4  15.9  -9 -9.0 -9  3 -9
202410232100 108  32  2.9  -9 -9.0   -9 1009.1 1019.4  2   1.7  11.7   7.0  73.0  10.0   -9.0    2.3    2.3   -9.0   -9.0   -9.0   -9.0 -9 -9 -                        2   2    9 Sc         0   0   5  2613 -9.0 -9.00 -9  10.7  15.2  15.1  15.3  15.9  -9 -9.0 -9  3  2
202410232200 108  32  2.6  -9 -9.0   -9 1009.6 1020.0 -9  -9.0  11.0   6.9  76.0   9.9   -9.0    2.3    2.3   -9.0   -9.0   -9.0   -9.0 -9 -9 -                        0   0   -9 -         -9  -9  -9  2574 -9.0 -9.00 -9   9.8  14.7  14.7  15.2  15.8  -9 -9.0 -9  3 -9
202410232300 108  32  1.5  -9 -9.0   -9 1009.9 1020.3 -9  -9.0  10.3   6.9  80.0   9.9   -9.0    2.3    2.3   -9.0   -9.0   -9.0   -9.0 -9 -9 -                        0   0   -9 -         -9  -9  -9  2268 -9.0 -9.00 -9   9.2  14.2  14.6  16.3  17.1  -9 -9.0 -9  3 -9
202410240000 108  27  2.1  -9 -9.0   -9 1010.3 1020.7  2   1.3   9.4   6.4  82.0   9.6   -9.0    2.3    2.3   -9.0   -9.0   -9.0   -9.0 -9 -9 -                        0   0   -9 -         -9  -9  -9  2100 -9.0 -9.00 -9   8.6  13.7  14.2  16.1  17.1  -9 -9.0 -9  3  2
202410240100 108  27  1.8  -9 -9.0   -9 1010.6 1021.1 -9  -9.0   8.9   6.6  86.0   9.7   -9.0   -9.0   -9.0   -9.0   -9.0   -9.0   -9.0 -9 -9 -                        0   0   -9 -         -9  -9  -9  1897 -9.0 -9.00 -9   8.1  13.3  13.8  15.9  17.0  -9 -9.0 -9  3 -9
202410240200 108   0  0.1  -9 -9.0   -9 1011.0 1021.5 -9  -9.0   8.5   6.1  85.0   9.4   -9.0   -9.0   -9.0   -9.0   -9.0   -9.0   -9.0 -9 -9 -                        0   0   -9 -         -9  -9  -9  2156 -9.0 -9.00 -9   7.7  12.9  13.4  15.7  16.9  -9 -9.0 -9  3 -9
202410240300 108  27  1.1  -9 -9.0   -9 1010.8 1021.3  0   0.6   8.0   5.9  87.0   9.3   -9.0   -9.0   -9.0   -9.0   -9.0   -9.0   -9.0 -9 -9 -                        0   0   -9 -         -9  -9  -9  1929 -9.0 -9.00 -9   7.3  12.6  13.1  15.5  16.8  -9 -9.0 -9  3  2
202410240400 108  29  2.3  -9 -9.0   -9 1010.9 1021.4 -9  -9.0   8.0   6.2  89.0   9.5   -9.0   -9.0   -9.0   -9.0   -9.0   -9.0   -9.0 -9 -9 -                        0   0   -9 -         -9  -9  -9  1978 -9.0 -9.00 -9   7.2  12.3  12.8  15.3  16.7  -9 -9.0 -9  3  2
202410240500 108  27  1.4  -9 -9.0   -9 1010.9 1021.4 -9  -9.0   7.5   5.4  87.0   9.0   -9.0   -9.0   -9.0   -9.0   -9.0   -9.0   -9.0 -9 -9 -                        0   0   -9 -         -9  -9  -9  1763 -9.0 -9.00 -9   6.8  12.1  12.5  15.2  16.6  -9 -9.0 -9  3  2
202410240600 108  32  0.7  -9 -9.0   -9 1011.2 1021.7  2   0.4   7.2   5.6  90.0   9.1   -9.0   -9.0   -9.0   -9.0   -9.0   -9.0   -9.0 -9 -9 -                        0   0   -9 -         -9  -9  -9  1626 -9.0 -9.00 -9   6.5  11.8  12.3  15.0  16.5  -9 -9.0 -9  3  2
202410240700 108   2  1.2  -9 -9.0   -9 1011.5 1022.1 -9  -9.0   7.1   5.2  88.0   8.8   -9.0   -9.0   -9.0   -9.0   -9.0   -9.0   -9.0 -9 -9 -                        0   0   -9 -         -9  -9  -9  1850  0.0  0.00 -9   6.5  11.5  12.0  14.8  16.3  -9 -9.0 -9  3  2
202410240800 108   2  1.6  -9 -9.0   -9 1012.0 1022.5 -9  -9.0   7.4   5.8  90.0   9.2   -9.0   -9.0   -9.0   -9.0   -9.0   -9.0   -9.0 -9 -9 -                        0   0   -9 -         -9  -9  -9  1765  0.6  0.28 -9   7.2  11.4  11.8  14.4  16.1  -9 -9.0 -9  3  2
202410240900 108   2  1.1  -9 -9.0   -9 1012.6 1023.0  2   1.3   9.7   6.9  83.0   9.9   -9.0   -9.0   -9.0   -9.0   -9.0   -9.0   -9.0 -9 -9 -                        0   0   -9 -         -9  -9  -9  1829  1.0  0.91 -9  12.4  11.7  11.7  13.4  14.9  -9 -9.0 -9  3  2
202410241000 108   2  1.5  -9 -9.0   -9 1012.9 1023.3 -9  -9.0  12.2   7.4  73.0  10.3   -9.0   -9.0   -9.0   -9.0   -9.0   -9.0   -9.0 -9 -9 -                        0   0   -9 -         -9  -9  -9  1891  1.0  1.60 -9  18.0  12.6  12.1  13.2  14.8  -9 -9.0 -9  3  2
202410241100 108  25  2.2  -9 -9.0   -9 1012.8 1023.0 -9  -9.0  14.4   6.2  58.0   9.5   -9.0   -9.0   -9.0   -9.0   -9.0   -9.0   -9.0 -9 -9 -                        0   0   -9 -         -9  -9  -9  3259  1.0  2.11 -9  21.1  13.6  12.8  13.2  14.7  -9 -9.0 -9  3  2
202410241200 108  29  3.3  -9 -9.0   -9 1012.3 1022.5  8  -0.5  15.9   7.3  57.0  10.2   -9.0   -9.0   -9.0   -9.0   -9.0   -9.0   -9.0 -9 -9 -                        0   0   -9 -         -9  -9  -9  3060  1.0  2.42 -9  24.1  14.6  13.7  13.3  14.6  -9 -9.0 -9  3  2
202410241300 108  29  2.8  -9 -9.0   -9 1011.5 1021.6 -9  -9.0  17.3   7.8  54.0  10.6   -9.0   -9.0   -9.0   -9.0   -9.0   -9.0   -9.0 -9 -9 -                        0   0   -9 -         -9  -9  -9  2754  1.0  2.48 -9  25.5  15.5  14.6  13.4  14.6  -9 -9.0 -9  3  2
202410241400 108  29  3.0  -9 -9.0   -9 1010.9 1021.0 -9  -9.0  17.8   7.8  52.0  10.6   -9.0   -9.0   -9.0   -9.0   -9.0   -9.0   -9.0 -9 -9 -                        0   0   -9 -         -9  -9  -9  2135  1.0  2.31 -9  24.0  16.1  15.3  13.7  14.6  -9 -9.0 -9  3  2
202410241500 108  34  4.3  -9 -9.0   -9 1010.6 1020.7  7  -1.8  18.3   7.6  50.0  10.4   -9.0   -9.0   -9.0   -9.0   -9.0   -9.0   -9.0 -9 -9 -                        0   0   -9 -         -9  -9  -9  1735  1.0  1.89 -9  22.2  16.5  15.7  13.9  14.7  -9 -9.0 -9  3  2
202410241600 108  34  2.5  -9 -9.0   -9 1011.1 1021.2 -9  -9.0  18.1   8.0  52.0  10.7   -9.0   -9.0   -9.0   -9.0   -9.0   -9.0   -9.0 -9 -9 -                        0   0   -9 -         -9  -9  -9  1933  1.0  1.31 -9  18.8  16.7  16.0  14.2  14.8  -9 -9.0 -9  3  2
202410241700 108  34  3.0  -9 -9.0   -9 1011.0 1021.1 -9  -9.0  17.2   6.9  51.0   9.9   -9.0   -9.0   -9.0   -9.0   -9.0   -9.0   -9.0 -9 -9 -                        0   0   -9 -         -9  -9  -9  1910  1.0  0.62 -9  15.2  16.5  16.0  14.5  14.9  -9 -9.0 -9  3  2
202410241800 108  34  2.4  -9 -9.0   -9 1011.7 1021.9  2   1.2  15.9   6.8  55.0   9.9   -9.0   -9.0   -9.0   -9.0   -9.0   -9.0   -9.0 -9 -9 -                        0   0   -9 -         -9  -9  -9  1912  0.3  0.10 -9  12.8  16.0  15.9  15.6  16.0  -9 -9.0 -9  3  2
202410241900 108  34  1.8  -9 -9.0   -9 1012.2 1022.5 -9  -9.0  14.9   7.1  60.0  10.1   -9.0   -9.0   -9.0   -9.0   -9.0   -9.0   -9.0 -9 -9 -                        0   0   -9 -         -9  -9  -9  1714 -9.0 -9.00 -9  11.6  15.5  15.4  15.4  15.9  -9 -9.0 -9  3 -9
202410242000 108  34  0.9  -9 -9.0   -9 1012.5 1022.8 -9  -9.0  14.0   7.7  66.0  10.5   -9.0   -9.0   -9.0   -9.0   -9.0   -9.0   -9.0 -9 -9 -                        0   0   -9 -         -9  -9  -9  1426 -9.0 -9.00 -9  10.8  14.9  15.0  15.4  15.9  -9 -9.0 -9  3 -9
202410242100 108   2  1.3  -9 -9.0   -9 1012.9 1023.2  2   1.3  13.2   8.0  71.0  10.7   -9.0   -9.0   -9.0   -9.0   -9.0   -9.0   -9.0 -9 -9 -                        0   0   -9 -         -9  -9  -9  1316 -9.0 -9.00 -9  10.1  14.4  14.6  15.4  15.9  -9 -9.0 -9  3  2
202410242200 108  36  1.1  -9 -9.0   -9 1013.6 1023.9 -9  -9.0  12.5   7.9  74.0  10.6   -9.0   -9.0   -9.0   -9.0   -9.0   -9.0   -9.0 -9 -9 -                        0   0   -9 -         -9  -9  -9  1253 -9.0 -9.00 -9   9.6  14.0  14.2  15.3  16.0  -9 -9.0 -9  3 -9
202410242300 108   5  0.6  -9 -9.0   -9 1014.0 1024.4 -9  -9.0  11.9   7.6  75.0  10.4   -9.0   -9.0   -9.0   -9.0   -9.0   -9.0   -9.0 -9 -9 -                        0   0   -9 -         -9  -9  -9  1240 -9.0 -9.00 -9   9.2  13.7  13.9  15.3  16.1  -9 -9.0 -9  3 -9
202410250000 108   2  1.1  -9 -9.0   -9 1014.3 1024.7  2   1.5  11.5   7.7  78.0  10.5   -9.0   -9.0   -9.0   -9.0   -9.0   -9.0   -9.0 -9 -9 -                        0   0   -9 -         -9  -9  -9  1231 -9.0 -9.00 -9   8.9  13.3  13.6  15.0  15.9  -9 -9.0 -9  3  2
202410250100 108   2  1.9  -9 -9.0   -9 1014.5 1024.9 -9  -9.0  10.8   8.0  83.0  10.7   -9.0   -9.0   -9.0   -9.0   -9.0   -9.0   -9.0 -9 -9 19                       0   0   -9 -         -9  -9  -9   978 -9.0 -9.00 -9   8.7  13.1  13.4  14.9  15.9  -9 -9.0 -9  3  2
202410250200 108   5  1.8  -9 -9.0   -9 1014.3 1024.8 -9  -9.0  10.2   7.6  84.0  10.4   -9.0   -9.0   -9.0   -9.0   -9.0   -9.0   -9.0 -9 -9 19                       0   0   -9 -         -9  -9  -9   974 -9.0 -9.00 -9   8.4  12.8  13.1  14.7  15.8  -9 -9.0 -9  3  2
202410250300 108   2  1.9  -9 -9.0   -9 1014.5 1025.0  2   0.3  10.0   7.7  86.0  10.5   -9.0   -9.0   -9.0   -9.0   -9.0   -9.0   -9.0 10  0 19                       0   0   -9 -         -9  -9  -9   853 -9.0 -9.00 -9   8.2  12.6  12.9  14.6  15.7  -9 -9.0 -9  3  1
202410250400 108   7  1.8  -9 -9.0   -9 1014.4 1024.9 -9  -9.0   9.8   7.9  88.0  10.6   -9.0   -9.0   -9.0   -9.0   -9.0   -9.0   -9.0 10  0 19                       0   0   -9 -         -9  -9  -9   887 -9.0 -9.00 -9   8.1  12.4  12.5  13.7  14.8  -9 -9.0 -9  3  1
202410250500 108   2  1.5  -9 -9.0   -9 1014.8 1025.3 -9  -9.0   9.6   7.8  89.0  10.6   -9.0   -9.0   -9.0   -9.0   -9.0   -9.0   -9.0 10  0 19                       0   0   -9 -         -9  -9  -9   915 -9.0 -9.00 -9   7.9  12.3  12.3  13.5  14.7  -9 -9.0 -9  3  1
202410250600 108   2  2.0  -9 -9.0   -9 1015.2 1025.7  3   0.7   9.2   7.4  89.0  10.3   -9.0   -9.0   -9.0   -9.0   -9.0   -9.0   -9.0 10  0 19                       0   0   -9 -         -9  -9  -9   799 -9.0 -9.00 -9   7.7  12.1  12.1  13.4  14.6  -9 -9.0 -9  3  1
202410250700 108   5  1.9  -9 -9.0   -9 1014.8 1025.3 -9  -9.0   8.8   7.0  89.0  10.0   -9.0   -9.0   -9.0   -9.0   -9.0   -9.0   -9.0 10  0 19                       0   0   -9 -         -9  -9  -9   916  0.0  0.00 -9   7.5  11.9  11.9  13.2  14.5  -9 -9.0 -9  3  1
202410250800 108   7  1.6  -9 -9.0   -9 1015.6 1026.1 -9  -9.0   9.5   7.9  90.0  10.6   -9.0   -9.0   -9.0   -9.0   -9.0   -9.0   -9.0 -9 -9 19                       0   0   -9 -         -9  -9  -9  1228  0.5  0.27 -9   8.3  11.8  11.8  13.1  14.4  -9 -9.0 -9  3  2
202410250900 108   7  1.9  -9 -9.0   -9 1015.9 1026.3  3   0.6  12.3   8.5  78.0  11.1   -9.0   -9.0   -9.0   -9.0   -9.0   -9.0   -9.0 -9 -9 -                        0   0   -9 -         -9  -9  -9  1527  1.0  0.93 -9  13.5  12.1  12.2  14.2  15.7  -9 -9.0 -9  3  2
202410251000 108   7  2.1  -9 -9.0   -9 1015.9 1026.2 -9  -9.0  14.7   7.9  64.0  10.6   -9.0   -9.0   -9.0   -9.0   -9.0   -9.0   -9.0 -9 -9 -                        0   0   -9 -         -9  -9  -9  2860  1.0  1.63 -9  19.3  13.1  12.7  14.1  15.6  -9 -9.0 -9  3  2
202410251100 108   7  2.7  -9 -9.0   -9 1015.5 1025.7 -9  -9.0  17.0   7.6  54.0  10.4   -9.0   -9.0   -9.0   -9.0   -9.0   -9.0   -9.0 -9 -9 -                        0   0   -9 -         -9  -9  -9  3538  1.0  2.16 -9  22.4  14.0  13.4  14.1  15.5  -9 -9.0 -9  3  2
202410251200 108   5  2.7  -9 -9.0   -9 1015.0 1025.1  7  -1.2  18.7   7.4  48.0  10.3   -9.0   -9.0   -9.0   -9.0   -9.0   -9.0   -9.0 -9 -9 -                        2   0   -9 Ci         1   0   0  3853  1.0  2.43 -9  25.4  15.0  14.2  14.1  15.4  -9 -9.0 -9  3  2
202410251300 108   7  2.4  -9 -9.0   -9 1014.0 1024.1 -9  -9.0  20.2   6.1  40.0   9.4   -9.0   -9.0   -9.0   -9.0   -9.0   -9.0   -9.0 -9 -9 -                        2   0   -9 Ci         1   0   0  3837  1.0  2.54 -9  26.9  16.0  15.1  14.3  15.4  -9 -9.0 -9  3  2
202410251400 108   7  1.8  -9 -9.0   -9 1013.3 1023.3 -9  -9.0  21.4   5.6  36.0   9.1   -9.0   -9.0   -9.0   -9.0   -9.0   -9.0   -9.0 -9 -9 -                        7   0   -9 Ci         1   0   0  4299  1.0  2.25 -9  24.5  16.8  16.0  14.6  15.4  -9 -9.0 -9  3  2
202410251500 108   7  0.8  -9 -9.0   -9 1013.2 1023.2  7  -1.9  21.3   5.2  35.0   8.8   -9.0   -9.0   -9.0   -9.0   -9.0   -9.0   -9.0 -9 -9 -                        7   0   -9 Ci         1   0   0  4053  0.9  1.30 -9  21.3  17.2  16.5  14.9  15.5  -9 -9.0 -9  3  2
202410251600 108   5  1.3  -9 -9.0   -9 1013.4 1023.4 -9  -9.0  21.0   5.7  37.0   9.2   -9.0   -9.0   -9.0   -9.0   -9.0   -9.0   -9.0 -9 -9 -                        7   0   -9 Ci         1   0   0  4208  0.5  0.94 -9  19.4  17.4  16.8  15.3  15.6  -9 -9.0 -9  3  2
202410251700 108  34  0.8  -9 -9.0   -9 1013.6 1023.6 -9  -9.0  19.7   7.4  45.0  10.3   -9.0   -9.0   -9.0   -9.0   -9.0   -9.0   -9.0 -9 -9 -                        8   0   -9 Ci         2   0   0  4170  0.0  0.38 -9  16.9  17.3  16.9  15.6  15.8  -9 -9.0 -9  3  2
202410251800 108   2  0.9  -9 -9.0   -9 1013.6 1023.7  2   0.5  18.1   7.7  51.0  10.5   -9.0   -9.0   -9.0   -9.0   -9.0   -9.0   -9.0 -9 -9 -                        8   0   -9 Ci         2   0   0  3671  0.0  0.05 -9  14.6  16.8  16.6  15.8  16.0  -9 -9.0 -9  3  2
202410251900 108   2  0.9  -9 -9.0   -9 1013.8 1024.0 -9  -9.0  17.0   7.8  55.0  10.6   -9.0   -9.0   -9.0   -9.0   -9.0   -9.0   -9.0 -9 -9 -                        9   4   -9 -         -9  -9  -9  3153 -9.0 -9.00 -9  13.4  16.2  16.2  16.0  16.2  -9 -9.0 -9  3 -9
202410252000 108   5  1.5  -9 -9.0   -9 1013.4 1023.6 -9  -9.0  15.9   6.5  54.0   9.7   -9.0   -9.0   -9.0   -9.0   -9.0   -9.0   -9.0 -9 -9 -                        9   8   74 -         -9  -9  -9  3098 -9.0 -9.00 -9  12.6  15.7  15.8  16.0  16.3  -9 -9.0 -9  3 -9
202410252100 108   2  1.3  -9 -9.0   -9 1013.3 1023.5  8  -0.2  15.5   7.0  57.0  10.0   -9.0   -9.0   -9.0   -9.0   -9.0   -9.0   -9.0 -9 -9 -                        8   0   -9 Ci         2   0   0  2955 -9.0 -9.00 -9  12.2  15.3  15.5  16.0  16.4  -9 -9.0 -9  3  2
202410252200 108   2  1.8  -9 -9.0   -9 1013.6 1023.9 -9  -9.0  15.0   7.5  61.0  10.4   -9.0   -9.0   -9.0   -9.0   -9.0   -9.0   -9.0 -9 -9 -                        8   8   71 -         -9  -9  -9  2909 -9.0 -9.00 -9  11.9  15.0  15.2  15.9  16.4  -9 -9.0 -9  3 -9
202410252300 108   5  1.6  -9 -9.0   -9 1013.4 1023.7 -9  -9.0  14.3   8.2  67.0  10.9   -9.0   -9.0   -9.0   -9.0   -9.0   -9.0   -9.0 -9 -9 -                        6   6   72 -         -9  -9  -9  3064 -9.0 -9.00 -9  11.5  14.8  14.9  15.9  16.4  -9 -9.0 -9  3 -9
202410260000 108   5  0.9  -9 -9.0   -9 1013.3 1023.6  0   0.1  13.8   8.2  69.0  10.9   -9.0   -9.0   -9.0   -9.0   -9.0   -9.0   -9.0 -9 -9 -                        7   0   -9 Ci         1   0   0  3067 -9.0 -9.00 -9  10.8  14.5  14.7  15.8  16.4  -9 -9.0 -9  3  2
202410260100 108   5  1.4  -9 -9.0   -9 1013.4 1023.7 -9  -9.0  13.4   8.6  73.0  11.2   -9.0   -9.0   -9.0   -9.0   -9.0   -9.0   -9.0 -9 -9 -                        7   7   66 -         -9  -9  -9  2500 -9.0 -9.00 -9  10.7  14.2  14.4  15.7  16.4  -9 -9.0 -9  3 -9
202410260200 108   2  1.3  -9 -9.0   -9 1013.2 1023.5 -9  -9.0  12.8   8.6  76.0  11.2   -9.0   -9.0   -9.0   -9.0   -9.0   -9.0   -9.0 -9 -9 -                        4   4   70 -         -9  -9  -9  2356 -9.0 -9.00 -9  10.1  13.9  14.2  15.5  16.4  -9 -9.0 -9  3 -9
202410260300 108   2  1.8  -9 -9.0   -9 1012.9 1023.3  8  -0.3  12.2   8.6  79.0  11.2   -9.0   -9.0   -9.0   -9.0   -9.0   -9.0   -9.0 -9 -9 -                        6   0   -9 Ci         1   0   0  2290 -9.0 -9.00 -9   9.7  13.7  14.0  15.4  16.3  -9 -9.0 -9  3  2
202410260400 108   5  1.8  -9 -9.0   -9 1012.3 1022.7 -9  -9.0  11.8   8.4  80.0  11.0   -9.0   -9.0   -9.0   -9.0   -9.0   -9.0   -9.0 -9 -9 -                        6   0   -9 Ci         1   0   0  2471 -9.0 -9.00 -9   9.6  13.4  13.7  15.3  16.2  -9 -9.0 -9  3  2
202410260500 108   2  1.9  -9 -9.0   -9 1012.4 1022.8 -9  -9.0  11.6   8.4  81.0  11.0   -9.0   -9.0   -9.0   -9.0   -9.0   -9.0   -9.0 -9 -9 -                        2   0   -9 Ci         1   0   0  2428 -9.0 -9.00 -9   9.0  13.2  13.5  15.2  16.2  -9 -9.0 -9  3  2
202410260600 108   5  1.8  -9 -9.0   -9 1012.5 1022.9  5  -0.4  11.0   8.5  85.0  11.1   -9.0   -9.0   -9.0   -9.0   -9.0   -9.0   -9.0 -9 -9 -                        7   0   -9 Ci         1   0   0  2105 -9.0 -9.00 -9   8.9  12.9  13.3  15.0  16.1  -9 -9.0 -9  3  2
202410260700 108   5  1.6  -9 -9.0   -9 1012.4 1022.8 -9  -9.0  10.8   8.1  84.0  10.8   -9.0   -9.0   -9.0   -9.0   -9.0   -9.0   -9.0 -9 -9 -                        5   0   -9 Cc         9   0   0  2415  0.0  0.00 -9   8.7  12.7  13.1  14.8  15.9  -9 -9.0 -9  3  2
202410260800 108   7  1.5  -9 -9.0   -9 1012.4 1022.8 -9  -9.0  11.4   8.9  85.0  11.4   -9.0   -9.0   -9.0   -9.0   -9.0   -9.0   -9.0 -9 -9 -                        1   0   -9 Cc         9   0   0  2351  0.5  0.25 -9   9.5  12.6  12.9  14.6  15.7  -9 -9.0 -9  3  2
202410260900 108   7  2.5  -9 -9.0   -9 1012.3 1022.5  7  -0.4  14.2   9.8  75.0  12.1   -9.0   -9.0   -9.0   -9.0   -9.0   -9.0   -9.0 -9 -9 -                        1   0   -9 Ci         1   0   0  2804  1.0  0.92 -9  14.7  13.0  12.8  13.6  14.7  -9 -9.0 -9  3  2
202410261000 108   7  2.1  -9 -9.0   -9 1011.6 1021.8 -9  -9.0  16.6  10.8  69.0  12.9   -9.0   -9.0   -9.0   -9.0   -9.0   -9.0   -9.0 -9 -9 -                        0   0   -9 -         -9  -9  -9  2677  1.0  1.60 -9  20.3  13.9  13.3  13.6  14.7  -9 -9.0 -9  3  2
202410261100 108   9  1.7  -9 -9.0   -9 1011.2 1021.2 -9  -9.0  19.3  11.5  61.0  13.6   -9.0   -9.0   -9.0   -9.0   -9.0   -9.0   -9.0 -9 -9 -                        0   0   -9 -         -9  -9  -9  2952  1.0  2.10 -9  23.7  15.0  14.0  13.6  14.7  -9 -9.0 -9  3  2
202410261200 108   9  2.2  -9 -9.0   -9 1010.6 1020.6  7  -1.9  20.9  12.0  57.0  14.0   -9.0   -9.0   -9.0   -9.0   -9.0   -9.0   -9.0 -9 -9 -                        0   0   -9 -         -9  -9  -9  3919  1.0  2.39 -9  27.1  16.1  15.0  13.7  14.7  -9 -9.0 -9  3  2
202410261300 108   7  3.0  -9 -9.0   -9 1009.4 1019.3 -9  -9.0  21.8  11.7  53.0  13.7   -9.0   -9.0   -9.0   -9.0   -9.0   -9.0   -9.0 -9 -9 -                        0   0   -9 -         -9  -9  -9  4067  1.0  2.48 -9  28.2  17.1  16.0  13.9  14.6  -9 -9.0 -9  3  2
202410261400 108  11  3.0  -9 -9.0   -9 1008.2 1018.1 -9  -9.0  23.0  11.0  47.0  13.1   -9.0   -9.0   -9.0   -9.0   -9.0   -9.0   -9.0 -9 -9 -                        0   0   -9 -         -9  -9  -9  4545  1.0  2.34 -9  27.1  17.8  16.8  14.2  14.7  -9 -9.0 -9  3  2
202410261500 108   9  1.5  -9 -9.0   -9 1007.8 1017.6  7  -3.0  23.5  11.2  46.0  13.3   -9.0   -9.0   -9.0   -9.0   -9.0   -9.0   -9.0 -9 -9 -                        0   0   -9 -         -9  -9  -9  4436  1.0  1.93 -9  25.6  18.3  17.4  14.5  14.8  -9 -9.0 -9  3  2
202410261600 108  18  2.4  -9 -9.0   -9 1008.4 1018.2 -9  -9.0  24.0  11.6  46.0  13.7   -9.0   -9.0   -9.0   -9.0   -9.0   -9.0   -9.0 -9 -9 -                        0   0   -9 -         -9  -9  -9  4434  1.0  1.32 -9  21.5  18.6  17.8  14.9  14.9  -9 -9.0 -9  3  2
202410261700 108  14  2.6  -9 -9.0   -9 1007.8 1017.7 -9  -9.0  22.6  11.9  51.0  13.9   -9.0   -9.0   -9.0   -9.0   -9.0   -9.0   -9.0 -9 -9 -                        1   0   -9 Ci         1   0   0  4332  1.0  0.62 -9  18.2  18.5  17.9  15.2  15.1  -9 -9.0 -9  3  2
202410261800 108  16  1.2  -9 -9.0   -9 1008.2 1018.2  1   0.6  21.0  11.8  56.0  13.8   -9.0   -9.0   -9.0   -9.0   -9.0   -9.0   -9.0 -9 -9 -                        1   0   -9 Ci         1   0   0  3677  0.2  0.09 -9  16.1  18.0  17.6  15.5  15.3  -9 -9.0 -9  3  2
202410261900 108   2  0.6  -9 -9.0   -9 1008.5 1018.5 -9  -9.0  19.5  12.7  65.0  14.7   -9.0   -9.0   -9.0   -9.0   -9.0   -9.0   -9.0 -9 -9 -                        0   0   -9 -         -9  -9  -9  2912 -9.0 -9.00 -9  14.9  17.4  17.2  15.6  15.4  -9 -9.0 -9  3  2
202410262000 108   7  1.5  -9 -9.0   -9 1008.2 1018.2 -9  -9.0  18.4  12.3  68.0  14.3   -9.0   -9.0   -9.0   -9.0   -9.0   -9.0   -9.0 -9 -9 -                        2   2   -9 -         -9  -9  -9  2626 -9.0 -9.00 -9  14.0  16.9  16.8  15.7  15.6  -9 -9.0 -9  3 -9
202410262100 108   2  1.9  -9 -9.0   -9 1008.1 1018.2  4   0.0  17.4  12.0  71.0  14.0   -9.0   -9.0   -9.0   -9.0   -9.0   -9.0   -9.0 -9 -9 -                        0   0   -9 -         -9  -9  -9  2627 -9.0 -9.00 -9  13.4  16.5  16.4  15.7  15.6  -9 -9.0 -9  3  2
202410262200 108   2  1.8  -9 -9.0   -9 1008.6 1018.7 -9  -9.0  16.8  11.9  73.0  13.9   -9.0   -9.0   -9.0   -9.0   -9.0   -9.0   -9.0 -9 -9 -                        5   2   14 -         -9  -9  -9  2173 -9.0 -9.00 -9  13.2  16.1  16.1  15.6  15.7  -9 -9.0 -9  3 -9
202410262300 108   5  2.0  -9 -9.0   -9 1008.5 1018.6 -9  -9.0  16.6  12.3  76.0  14.3   -9.0   -9.0   -9.0   -9.0   -9.0   -9.0   -9.0 -9 -9 -                        4   4   14 -         -9  -9  -9  2771 -9.0 -9.00 -9  13.0  15.9  15.8  15.5  15.7  -9 -9.0 -9  3 -9
202410270000 108   2  1.5  -9 -9.0   -9 1007.8 1018.0  8  -0.2  16.1  12.0  77.0  14.0   -9.0   -9.0   -9.0   -9.0   -9.0   -9.0   -9.0 -9 -9 -                        7   0   -9 Ci         1   0   0  3029 -9.0 -9.00 -9  12.6  15.6  15.6  15.4  15.7  -9 -9.0 -9  3  2
202410270100 108   5  1.6  -9 -9.0   -9 1007.9 1018.1 -9  -9.0  15.9  12.0  78.0  14.0   -9.0   -9.0   -9.0   -9.0   -9.0   -9.0   -9.0 -9 -9 -                        7   7   65 -         -9  -9  -9  2734 -9.0 -9.00 -9  12.6  15.4  15.4  15.3  15.7  -9 -9.0 -9  3 -9
202410270200 108   5  2.0  -9 -9.0   -9 1007.3 1017.5 -9  -9.0  15.4  11.7  79.0  13.7   -9.0   -9.0   -9.0   -9.0   -9.0   -9.0   -9.0 -9 -9 -                       10   9   63 -         -9  -9  -9  2952 -9.0 -9.00 -9  12.9  15.3  15.2  15.2  15.7  -9 -9.0 -9  3 -9
202410270300 108   7  1.8  -9 -9.0   -9 1006.3 1016.5  8  -1.5  15.4  11.9  80.0  13.9   -9.0   -9.0   -9.0   -9.0   -9.0   -9.0   -9.0 -9 -9 -                        9   0   -9 Ci         2   0   0  2808 -9.0 -9.00 -9  12.9  15.2  15.1  15.1  15.6  -9 -9.0 -9  3  2
202410270400 108   7  1.4  -9 -9.0   -9 1005.9 1016.1 -9  -9.0  15.1  11.6  80.0  13.7   -9.0   -9.0   -9.0   -9.0   -9.0   -9.0   -9.0 -9 -9 -                        9   0   -9 Ci         2   0   0  3045 -9.0 -9.00 -9  12.7  15.1  15.0  15.0  15.6  -9 -9.0 -9  3  2
202410270500 108   9  1.0  -9 -9.0   -9 1005.8 1016.0 -9  -9.0  15.0  11.7  81.0  13.7   -9.0   -9.0   -9.0   -9.0   -9.0   -9.0   -9.0 -9 -9 -                        8   0   -9 Ci         2   0   0  3378 -9.0 -9.00 -9  12.7  15.0  14.9  14.9  15.5  -9 -9.0 -9  3  2
202410270600 108   2  1.3  -9 -9.0   -9 1005.7 1015.9  7  -0.6  14.7  11.6  82.0  13.7   -9.0   -9.0   -9.0   -9.0   -9.0   -9.0   -9.0 -9 -9 -                        7   0   -9 Ci         1   0   0  3166 -9.0 -9.00 -9  12.5  14.9  14.8  14.9  15.5  -9 -9.0 -9  3  2
202410270700 108   5  1.9  -9 -9.0   -9 1005.0 1015.2 -9  -9.0  14.4  11.5  83.0  13.6   -9.0   -9.0   -9.0   -9.0   -9.0   -9.0   -9.0 -9 -9 -                        8   0   -9 Ci         2   0   0  2923  0.0  0.00 -9  12.4  14.8  14.7  14.8  15.4  -9 -9.0 -9  3  2
202410270800 108   5  1.9  -9 -9.0   -9 1004.2 1014.4 -9  -9.0  14.5  12.0  85.0  14.0   -9.0   -9.0   -9.0   -9.0   -9.0   -9.0   -9.0 -9 -9 -                        8   0   -9 Ci         2   0   0  2925  0.0  0.12 -9  13.5  14.8  14.7  14.7  15.3  -9 -9.0 -9  3  2
202410270900 108  36  1.5  -9 -9.0   -9 1004.7 1014.9  5  -1.0  15.5  12.4  82.0  14.4   -9.0   -9.0   -9.0   -9.0   -9.0   -9.0   -9.0 -9 -9 -                        9   6    7 ScAc       0   3   5  2963  0.0  0.38 -9  15.9  15.0  14.8  14.6  15.3  -9 -9.0 -9  3  2
202410271000 108   5  1.3  -9 -9.0   -9 1004.3 1014.4 -9  -9.0  17.1  12.8  76.0  14.8   -9.0   -9.0   -9.0   -9.0   -9.0   -9.0   -9.0 -9 -9 -                        8   2    7 ScAcCi     2   3   5  3101  0.2  0.85 -9  19.7  15.7  15.2  14.6  15.3  -9 -9.0 -9  3  2
202410271100 108  25  1.5  -9 -9.0   -9 1003.9 1013.9 -9  -9.0  17.5  13.0  75.0  15.0   -9.0   -9.0   -9.0   -9.0   -9.0   -9.0   -9.0 -9 -9 -                        9   6    7 ScAc       0   3   5  2113  0.0  0.53 -9  18.3  16.3  15.8  14.7  15.3  -9 -9.0 -9  3  2
202410271200 108  29  2.7  -9 -9.0   -9 1003.2 1013.2  7  -1.7  18.3  12.9  71.0  14.9   -9.0   -9.0   -9.0   -9.0   -9.0   -9.0   -9.0 -9 -9 -                        9   7    7 ScAc       0   3   5  2309  0.0  0.94 -9  20.3  16.9  16.3  14.7  15.3  -9 -9.0 -9  3  2
202410271300 108  29  2.5  -9 -9.0   -9 1002.6 1012.6 -9  -9.0  18.6  13.0  70.0  15.0   -9.0   -9.0   -9.0   -9.0   -9.0   -9.0   -9.0 -9 -9 -                        9   4    7 ScAc       0   3   5  2211  0.0  0.95 -9  21.4  17.4  16.8  14.9  15.3  -9 -9.0 -9  3  2
202410271400 108  29  2.5  -9 -9.0   -9 1002.1 1012.1 -9  -9.0  18.3  12.5  69.0  14.5   -9.0   -9.0   -9.0   -9.0   -9.0   -9.0   -9.0 -9 -9 -                       10   3    7 ScAs      -9   2   5  2017  0.0  0.66 -9  18.9  17.7  17.1  15.0  15.3  -9 -9.0 -9  3  2
202410271500 108  27  1.9  -9 -9.0   -9 1001.3 1011.3  7  -1.9  17.8  12.6  72.0  14.6    0.0    0.0    0.0   -9.0   -9.0   -9.0   -9.0 21 62 01                      10   5   10 ScAs      -9   2   5  1699  0.0  0.40 -9  18.1  17.6  17.2  15.2  15.4  -9 -9.0 -9  4  1
202410271600 108  27  1.6  -9 -9.0   -9 1001.8 1011.8 -9  -9.0  17.6  12.4  72.0  14.4   -9.0    0.0    0.0   -9.0   -9.0   -9.0   -9.0 -9 -9 -                       10  10   31 As        -9   2   0  1787  0.0  0.32 -9  17.5  17.5  17.1  15.4  15.5  -9 -9.0 -9  3  2
202410271700 108  27  2.0  -9 -9.0   -9 1001.6 1011.6 -9  -9.0  17.1  12.6  75.0  14.6   -9.0    0.0    0.0   -9.0   -9.0   -9.0   -9.0 -9 -9 -                       10  10   32 As        -9   2   0  1712  0.0  0.09 -9  16.3  17.3  17.0  15.5  15.5  -9 -9.0 -9  3  2
202410271800 108  29  2.1  -9 -9.0   -9 1001.6 1011.7  0   0.4  16.6  12.9  79.0  14.9   -9.0    0.0    0.0   -9.0   -9.0   -9.0   -9.0 -9 -9 -                        9   5   40 AcCi       2   3   0  1185  0.0  0.03 -9  15.2  17.0  16.8  15.5  15.6  -9 -9.0 -9  3  2
202410271900 108  27  2.7  -9 -9.0   -9 1002.3 1012.4 -9  -9.0  16.1  12.8  81.0  14.8   -9.0    0.0    0.0   -9.0   -9.0   -9.0   -9.0 -9 -9 -                        9   8   61 -         -9  -9  -9  1027 -9.0 -9.00 -9  14.4  16.7  16.5  15.5  15.7  -9 -9.0 -9  3 -9
202410272000 108  27  2.4  -9 -9.0   -9 1003.0 1013.1 -9  -9.0  15.7  12.6  82.0  14.6   -9.0    0.0    0.0   -9.0   -9.0   -9.0   -9.0 -9 -9 19                       8   8   65 -         -9  -9  -9   972 -9.0 -9.00 -9  13.9  16.4  16.2  15.5  15.7  -9 -9.0 -9  3  2
202410272100 108  27  1.0  -9 -9.0   -9 1002.5 1012.6  0   0.9  15.4  12.3  82.0  14.3   -9.0    0.0    0.0   -9.0   -9.0   -9.0   -9.0 10 22 19                       8   0   -9 Ci         2   0   0   881 -9.0 -9.00 -9  13.5  16.1  16.0  15.5  15.7  -9 -9.0 -9  3  1
202410272200 108   0  0.2  -9 -9.0   -9 1002.6 1012.8 -9  -9.0  14.9  12.2  84.0  14.2   -9.0    0.0    0.0   -9.0   -9.0   -9.0   -9.0 -9 -9 19                       7   7   71 -         -9  -9  -9   861 -9.0 -9.00 -9  12.8  15.8  15.7  15.4  15.7  -9 -9.0 -9  3  2
202410272300 108  29  0.7  -9 -9.0   -9 1002.6 1012.7 -9  -9.0  14.5  12.1  86.0  14.1   -9.0    0.0    0.0   -9.0   -9.0   -9.0   -9.0 -9 -9 19                       7   7   74 -         -9  -9  -9   665 -9.0 -9.00 -9  12.3  15.5  15.4  15.3  15.7  -9 -9.0 -9  3  2
202410280000 108   0  0.1  -9 -9.0   -9 1002.3 1012.5  8  -0.1  14.0  11.8  87.0  13.8   -9.0    0.0    0.0   -9.0   -9.0   -9.0   -9.0 10 22 19                       5   0   -9 Ci         1   0   0   586 -9.0 -9.00 -9  11.7  15.2  15.1  15.2  15.7  -9 -9.0 -9  3  1
202410280100 108  27  1.6  -9 -9.0   -9 1002.2 1012.4 -9  -9.0  13.6  11.9  90.0  13.9   -9.0   -9.0   -9.0   -9.0   -9.0   -9.0   -9.0 -9 -9 19                       0   0   -9 -         -9  -9  -9   526 -9.0 -9.00 -9  11.3  14.9  14.9  15.1  15.6  -9 -9.0 -9  3  2
202410280200 108   0  0.1  -9 -9.0   -9 1002.5 1012.7 -9  -9.0  13.2  11.7  91.0  13.7   -9.0   -9.0   -9.0   -9.0   -9.0   -9.0   -9.0 -9 -9 19                       0   0   -9 -         -9  -9  -9   520 -9.0 -9.00 -9  10.8  14.6  14.6  15.0  15.6  -9 -9.0 -9  3  2
202410280300 108   0  0.0  -9 -9.0   -9 1002.4 1012.6  0   0.1  12.7  11.2  91.0  13.3   -9.0   -9.0   -9.0   -9.0   -9.0   -9.0   -9.0 10 22 19                       7   0   -9 Ci         1   0   0   483 -9.0 -9.00 -9  10.6  14.3  14.4  14.8  15.5  -9 -9.0 -9  3  1
202410280400 108  32  0.7  -9 -9.0   -9 1002.1 1012.3 -9  -9.0  12.5  11.3  93.0  13.4   -9.0   -9.0   -9.0   -9.0   -9.0   -9.0   -9.0 10  0 19                       1   0   -9 Ci         1   0   0   419 -9.0 -9.00 -9  10.3  14.1  14.2  14.7  15.4  -9 -9.0 -9  3  1
202410280500 108   5  1.3  -9 -9.0   -9 1002.9 1013.1 -9  -9.0  12.4  11.2  93.0  13.3   -9.0   -9.0   -9.0   -9.0   -9.0   -9.0   -9.0 10 22 19                       9   9    6 St         0   0   6   416 -9.0 -9.00 -9  11.9  14.0  14.0  14.6  15.4  -9 -9.0 -9  3  1
202410280600 108   5  1.5  -9 -9.0   -9 1003.2 1013.4  3   0.8  12.7  11.7  94.0  13.7   -9.0   -9.0   -9.0   -9.0   -9.0   -9.0   -9.0 10 11 19                      10  10    5 St        -9  -9   6   321 -9.0 -9.00 -9  12.5  14.1  14.0  14.4  15.3  -9 -9.0 -9  3  1
202410280700 108   5  2.3  -9 -9.0   -9 1003.4 1013.6 -9  -9.0  12.9  11.9  94.0  13.9   -9.0   -9.0   -9.0   -9.0   -9.0   -9.0   -9.0 10 22 19                      10  10    5 St        -9  -9   6   315  0.0  0.00 -9  12.8  14.2  14.1  14.4  15.2  -9 -9.0 -9  3  1
202410280800 108   5  2.0  -9 -9.0   -9 1004.2 1014.4 -9  -9.0  13.1  11.9  93.0  13.9   -9.0   -9.0   -9.0   -9.0   -9.0   -9.0   -9.0 10 22 19                      10  10    5 St        -9  -9   6   382  0.0  0.06 -9  13.5  14.3  14.2  14.3  15.1  -9 -9.0 -9  3  1
202410280900 108   5  2.6  -9 -9.0   -9 1004.7 1014.9  2   1.5  13.6  12.1  91.0  14.1   -9.0   -9.0   -9.0   -9.0   -9.0   -9.0   -9.0 10 11 19                      10  10    5 St        -9  -9   6   485  0.0  0.27 -9  15.0  14.5  14.3  14.2  15.1  -9 -9.0 -9  3  1
202410281000 108   7  1.9  -9 -9.0   -9 1005.0 1015.2 -9  -9.0  14.4  12.0  86.0  14.0   -9.0   -9.0   -9.0   -9.0   -9.0   -9.0   -9.0 10 22 19                       8   8   10 Sc         0   0   5   702  0.1  0.70 -9  17.8  14.9  14.6  14.2  15.0  -9 -9.0 -9  3  1
202410281100 108   5  1.6  -9 -9.0   -9 1005.1 1015.2 -9  -9.0  16.0  12.3  79.0  14.3   -9.0   -9.0   -9.0   -9.0   -9.0   -9.0   -9.0 -9 -9 19                       8   8   15 Sc         0   0   5  1001  0.4  1.40 -9  20.4  15.6  15.3  15.3  16.2  -9 -9.0 -9  3  2
202410281200 108  36  2.6  -9 -9.0   -9 1005.1 1015.2  1   0.3  17.0  12.3  74.0  14.3   -9.0   -9.0   -9.0   -9.0   -9.0   -9.0   -9.0 -9 -9 -                        9   9   13 Sc         0   0   5  1538  0.1  1.26 -9  20.8  16.4  16.0  15.4  16.2  -9 -9.0 -9  3  2
202410281300 108   2  2.3  -9 -9.0   -9 1003.9 1013.9 -9  -9.0  18.7  12.8  69.0  14.8   -9.0   -9.0   -9.0   -9.0   -9.0   -9.0   -9.0 -9 -9 -                        2   2   14 Sc         0   0   5  1588  0.5  1.74 -9  26.2  17.0  16.6  15.6  16.2  -9 -9.0 -9  3  2
202410281400 108   7  1.7  -9 -9.0   -9 1003.5 1013.4 -9  -9.0  19.4  12.6  65.0  14.6   -9.0   -9.0   -9.0   -9.0   -9.0   -9.0   -9.0 -9 -9 -                        5   5    8 Sc         0   0   5  2503  0.5  1.60 -9  24.2  17.6  17.1  15.7  16.2  -9 -9.0 -9  3  2
202410281500 108   5  1.7  -9 -9.0   -9 1003.4 1013.4  6  -1.8  20.1  13.0  64.0  15.0   -9.0   -9.0   -9.0   -9.0   -9.0   -9.0   -9.0 -9 -9 -                        7   7    9 Sc         0   0   5  3154  0.2  1.15 -9  22.9  18.1  17.6  16.0  16.3  -9 -9.0 -9  3  2
202410281600 108   5  3.1  -9 -9.0   -9 1003.6 1013.5 -9  -9.0  19.6  12.1  62.0  14.1   -9.0   -9.0   -9.0   -9.0   -9.0   -9.0   -9.0 -9 -9 -                        9   9   11 Sc         0   0   5  4233  0.1  0.51 -9  18.6  18.2  17.8  16.2  16.4  -9 -9.0 -9  3  2
202410281700 108   5  3.0  -9 -9.0   -9 1003.9 1013.8 -9  -9.0  19.0  11.7  63.0  13.7   -9.0   -9.0   -9.0   -9.0   -9.0   -9.0   -9.0 -9 -9 -                        7   7   12 Sc         0   0   5  4437  0.0  0.21 -9  17.3  18.0  17.7  16.5  16.5  -9 -9.0 -9  3  2
202410281800 108   7  2.5  -9 -9.0   -9 1004.6 1014.6  2   1.2  18.4  10.9  62.0  13.0   -9.0   -9.0   -9.0   -9.0   -9.0   -9.0   -9.0 -9 -9 -                        8   8   10 Sc         0   0   5  4915  0.0  0.02 -9  16.1  17.7  17.5  16.6  16.7  -9 -9.0 -9  3  2
202410281900 108   5  3.8  -9 -9.0   -9 1005.4 1015.4 -9  -9.0  17.7  10.3  62.0  12.5    0.0    0.0    0.0   -9.0   -9.0   -9.0   -9.0 21 62 01                       6   6   12 Sc         0   0   5  4856 -9.0 -9.00 -9  15.0  17.4  17.3  16.7  16.8  -9 -9.0 -9  4  1
202410282000 108   5  3.9  -9 -9.0   -9 1005.9 1016.0 -9  -9.0  16.9  10.0  64.0  12.3   -9.0    0.0    0.0   -9.0   -9.0   -9.0   -9.0 -9 -9 -                        6   1   17 -         -9  -9  -9  4907 -9.0 -9.00 -9  14.0  17.0  17.0  16.8  16.9  -9 -9.0 -9  3 -9
202410282100 108   7  3.7  -9 -9.0   -9 1006.8 1016.9  2   2.3  16.0   9.4  65.0  11.8   -9.0    0.0    0.0   -9.0   -9.0   -9.0   -9.0 -9 62 -                        7   7   13 Sc         0   0   5  4921 -9.0 -9.00 -9  13.1  16.5  16.6  16.7  16.9  -9 -9.0 -9  3  1
202410282200 108   7  3.6  -9 -9.0   -9 1007.5 1017.7 -9  -9.0  15.7   8.8  64.0  11.3   -9.0    0.0    0.0   -9.0   -9.0   -9.0   -9.0 -9 -9 -                        9   7   23 -         -9  -9  -9  4969 -9.0 -9.00 -9  13.3  16.2  16.3  16.7  17.0  -9 -9.0 -9  3 -9
202410282300 108   7  2.6  -9 -9.0   -9 1007.8 1018.0 -9  -9.0  15.4   8.8  65.0  11.3   -9.0    0.0    0.0   -9.0   -9.0   -9.0   -9.0 -9 -9 -                       10  10   23 -         -9  -9  -9  4918 -9.0 -9.00 -9  13.4  16.0  16.1  16.6  17.0  -9 -9.0 -9  3 -9
202410290000 108   7  3.5  -9 -9.0   -9 1007.9 1018.1  2   1.2  15.1   8.7  66.0  11.2   -9.0    0.0    0.0   -9.0   -9.0   -9.0   -9.0 -9 -9 -                        8   8   17 Sc         0   0   5  4956 -9.0 -9.00 -9  13.0  15.9  16.0  16.5  17.0  -9 -9.0 -9  3  2
202410290100 108   7  2.4  -9 -9.0   -9 1008.0 1018.2 -9  -9.0  14.7   8.6  67.0  11.2   -9.0   -9.0   -9.0   -9.0   -9.0   -9.0   -9.0 -9 -9 -                        8   8   26 -         -9  -9  -9  4976 -9.0 -9.00 -9  12.7  15.7  15.8  16.5  17.0  -9 -9.0 -9  3 -9
202410290200 108   7  3.1  -9 -9.0   -9 1008.1 1018.3 -9  -9.0  14.5   8.6  68.0  11.2   -9.0   -9.0   -9.0   -9.0   -9.0   -9.0   -9.0 -9 -9 -                        7   7   26 -         -9  -9  -9  4977 -9.0 -9.00 -9  12.5  15.5  15.6  16.4  16.9  -9 -9.0 -9  3 -9
202410290300 108   5  4.5  -9 -9.0   -9 1007.8 1018.0  8  -0.1  14.1   8.2  68.0  10.9   -9.0   -9.0   -9.0   -9.0   -9.0   -9.0   -9.0 -9 -9 -                        7   7   17 Sc         0   0   5  4809 -9.0 -9.00 -9  12.1  15.3  15.4  16.3  16.9  -9 -9.0 -9  3  2
202410290400 108   5  3.3  -9 -9.0   -9 1007.4 1017.6 -9  -9.0  13.8   8.2  69.0  10.9   -9.0   -9.0   -9.0   -9.0   -9.0   -9.0   -9.0 -9 -9 -                        8   8   17 Sc         0   0   5  4293 -9.0 -9.00 -9  11.9  15.1  15.2  16.2  16.8  -9 -9.0 -9  3  2
202410290500 108   7  2.3  -9 -9.0   -9 1007.5 1017.7 -9  -9.0  13.5   8.1  70.0  10.8   -9.0   -9.0   -9.0   -9.0   -9.0   -9.0   -9.0 -9 -9 -                        7   7   17 Sc         0   0   5  4590 -9.0 -9.00 -9  11.3  14.9  15.1  16.1  16.8  -9 -9.0 -9  3  2
202410290600 108   5  3.6  -9 -9.0   -9 1007.5 1017.7  5  -0.3  13.5   7.7  68.0  10.5   -9.0   -9.0   -9.0   -9.0   -9.0   -9.0   -9.0 -9 -9 -                        8   8   17 Sc         0   0   5  4371 -9.0 -9.00 -9  11.6  14.7  14.9  16.0  16.7  -9 -9.0 -9  3  2
202410290700 108   7  3.0  -9 -9.0   -9 1007.7 1017.9 -9  -9.0  13.6   7.3  66.0  10.2   -9.0   -9.0   -9.0   -9.0   -9.0   -9.0   -9.0 -9 -9 -                        8   8   15 Sc         0   0   5  4341  0.0  0.00 -9  11.8  14.6  14.8  15.9  16.7  -9 -9.0 -9  3  2
202410290800 108   5  2.6  -9 -9.0   -9 1008.3 1018.5 -9  -9.0  13.7   7.2  65.0  10.2   -9.0   -9.0   -9.0   -9.0   -9.0   -9.0   -9.0 -9 -9 -                        8   6   15 ScAc       0   3   5  4147  0.0  0.10 -9  12.4  14.6  14.7  15.8  16.6  -9 -9.0 -9  3  2
202410290900 108   7  2.7  -9 -9.0   -9 1009.0 1019.2  2   1.5  14.2   7.2  63.0  10.2   -9.0   -9.0   -9.0   -9.0   -9.0   -9.0   -9.0 -9 -9 -                        8   2   15 ScAc       0   3   5  4216  0.0  0.31 -9  13.8  14.7  14.7  15.7  16.6  -9 -9.0 -9  3  2
202410291000 108   5  2.8  -9 -9.0   -9 1009.0 1019.2 -9  -9.0  15.4   7.1  58.0  10.1   -9.0   -9.0   -9.0   -9.0   -9.0   -9.0   -9.0 -9 -9 -                        9   3   19 ScAc       0   3   5  4323  0.2  0.91 -9  16.9  15.1  15.0  15.6  16.5  -9 -9.0 -9  3  2
202410291100 108   7  1.1  -9 -9.0   -9 1008.9 1019.1 -9  -9.0  15.6   7.3  58.0  10.2    0.0    0.0    0.0   -9.0   -9.0   -9.0   -9.0 60 62 01                      10   6   13 ScAs      -9   2   5  3714  0.0  0.58 -9  15.9  15.6  15.4  15.6  16.4  -9 -9.0 -9  4  1
202410291200 108   7  2.4  -9 -9.0   -9 1008.4 1018.6  7  -0.6  15.8   7.2  57.0  10.2    0.0    0.0    0.0   -9.0   -9.0   -9.0   -9.0 21 62 01                       9   4   18 ScAc       0   3   5  4456  0.0  0.52 -9  17.2  15.8  15.6  15.6  16.4  -9 -9.0 -9  4  1
202410291300 108   7  2.5  -9 -9.0   -9 1007.8 1017.9 -9  -9.0  16.9   7.2  53.0  10.2   -9.0    0.0    0.0   -9.0   -9.0   -9.0   -9.0 -9 -9 -                        8   5   18 ScAc       0   3   5  3923  0.0  1.06 -9  19.7  16.2  16.0  15.7  16.4  -9 -9.0 -9  3  2
202410291400 108   5  2.0  -9 -9.0   -9 1007.3 1017.4 -9  -9.0  17.6   6.7  49.0   9.8   -9.0    0.0    0.0   -9.0   -9.0   -9.0   -9.0 -9 -9 -                        8   1   18 ScAc       0   3   5  3788  0.0  1.07 -9  19.4  16.8  16.4  15.8  16.4  -9 -9.0 -9  3  2
202410291500 108   2  2.6  -9 -9.0   -9 1007.1 1017.1  7  -1.5  18.1   7.7  51.0  10.5   -9.0    0.0    0.0   -9.0   -9.0   -9.0   -9.0 -9 62 -                        9   6   18 ScAc       0   3   5  4522  0.0  0.90 -9  19.1  17.1  16.8  15.9  16.4  -9 -9.0 -9  3  1
202410291600 108  36  1.5  -9 -9.0   -9 1007.4 1017.4 -9  -9.0  18.0   7.9  52.0  10.6   -9.0    0.0    0.0   -9.0   -9.0   -9.0   -9.0 -9 -9 -                       10   3   18 ScAs      -9   2   5  4045  0.0  0.55 -9  17.7  17.3  17.0  16.0  16.4  -9 -9.0 -9  3  2
202410291700 108  36  1.9  -9 -9.0   -9 1007.2 1017.3 -9  -9.0  17.0   9.8  63.0  12.1    0.0    0.0    0.0   -9.0   -9.0   -9.0   -9.0 21 62 01                       7   6   15 ScAc       0   3   5  4038  0.0  0.19 -9  16.4  17.1  16.9  16.2  16.5  -9 -9.0 -9  4  1
202410291800 108   5  1.4  -9 -9.0   -9 1007.3 1017.4  1   0.3  16.3   9.4  64.0  11.8   -9.0    0.0    0.0   -9.0   -9.0   -9.0   -9.0 -9 61 -                        4   4   11 Sc         0   0   5  3780  0.0  0.03 -9  14.6  16.8  16.7  16.3  16.6  -9 -9.0 -9  3  1
202410291900 108   5  0.7  -9 -9.0   -9 1007.9 1018.1 -9  -9.0  15.3   8.9  66.0  11.4   -9.0    0.0    0.0   -9.0   -9.0   -9.0   -9.0 -9 -9 -                        4   4   16 -         -9  -9  -9  3614 -9.0 -9.00 -9  13.5  16.2  16.3  16.3  16.6  -9 -9.0 -9  3 -9
202410292000 108  36  1.0  -9 -9.0   -9 1008.6 1018.8 -9  -9.0  15.1   9.6  70.0  11.9   -9.0    0.0    0.0   -9.0   -9.0   -9.0   -9.0 -9 -9 -                        7   7   10 -         -9  -9  -9  3098 -9.0 -9.00 -9  13.5  15.9  16.0  16.3  16.7  -9 -9.0 -9  3 -9
202410292100 108   2  1.8  -9 -9.0   -9 1008.5 1018.7  0   1.3  14.6   9.3  71.0  11.7   -9.0    0.0    0.0   -9.0   -9.0   -9.0   -9.0 -9 61 -                        3   3    9 Sc         0   0   5  3201 -9.0 -9.00 -9  12.7  15.6  15.7  16.3  16.7  -9 -9.0 -9  3  1
202410292200 108   5  1.3  -9 -9.0   -9 1009.2 1019.4 -9  -9.0  13.9   9.3  74.0  11.7   -9.0    0.0    0.0   -9.0   -9.0   -9.0   -9.0 -9 -9 -                        1   1   22 -         -9  -9  -9  2807 -9.0 -9.00 -9  11.6  15.3  15.5  16.2  16.7  -9 -9.0 -9  3 -9
202410292300 108   5  0.8  -9 -9.0   -9 1009.0 1019.2 -9  -9.0  13.9   9.1  73.0  11.6   -9.0    0.0    0.0   -9.0   -9.0   -9.0   -9.0 -9 -9 -                        1   1    8 -         -9  -9  -9  3460 -9.0 -9.00 -9  12.3  15.0  15.2  16.1  16.7  -9 -9.0 -9  3 -9
202410300000 108   2  1.8  -9 -9.0   -9 1009.1 1019.3  0   0.6  13.7   9.3  75.0  11.7   -9.0    0.0    0.0   -9.0   -9.0   -9.0   -9.0 -9 -9 -                        0   0   -9 -         -9  -9  -9  3069 -9.0 -9.00 -9  11.5  14.9  15.0  16.0  16.7  -9 -9.0 -9  3  2
202410300100 108   2  1.3  -9 -9.0   -9 1009.7 1020.0 -9  -9.0  13.2   9.4  78.0  11.8   -9.0   -9.0   -9.0   -9.0   -9.0   -9.0   -9.0 -9 -9 -                        0   0   -9 -         -9  -9  -9  2968 -9.0 -9.00 -9  10.8  14.6  14.8  15.9  16.6  -9 -9.0 -9  3 -9
202410300200 108  32  0.7  -9 -9.0   -9 1010.1 1020.4 -9  -9.0  13.0   9.4  79.0  11.8   -9.0   -9.0   -9.0   -9.0   -9.0   -9.0   -9.0 -9 -9 -                        0   0   -9 -         -9  -9  -9  2826 -9.0 -9.00 -9  11.1  14.3  14.6  15.8  16.6  -9 -9.0 -9  3 -9
202410300300 108  36  1.0  -9 -9.0   -9 1010.3 1020.6  2   1.3  12.7   9.3  80.0  11.7   -9.0   -9.0   -9.0   -9.0   -9.0   -9.0   -9.0 -9 -9 -                        6   6    9 Sc         0   0   5  3082 -9.0 -9.00 -9  11.5  14.1  14.4  15.7  16.5  -9 -9.0 -9  3  2
202410300400 108   0  0.1  -9 -9.0   -9 1010.5 1020.8 -9  -9.0  12.6   9.4  81.0  11.8   -9.0   -9.0   -9.0   -9.0   -9.0   -9.0   -9.0 -9 -9 -                        3   3    9 Sc         0   0   5  2826 -9.0 -9.00 -9  10.7  14.0  14.3  15.6  16.4  -9 -9.0 -9  3  2
202410300500 108   0  0.3  -9 -9.0   -9 1011.0 1021.3 -9  -9.0  12.3   9.4  83.0  11.8   -9.0   -9.0   -9.0   -9.0   -9.0   -9.0   -9.0 -9 -9 -                        0   0   -9 -         -9  -9  -9  2498 -9.0 -9.00 -9  10.3  13.9  14.1  15.4  16.4  -9 -9.0 -9  3  2
202410300600 108   5  0.6  -9 -9.0   -9 1011.3 1021.7  2   1.1  11.8   9.3  85.0  11.7   -9.0   -9.0   -9.0   -9.0   -9.0   -9.0   -9.0 -9 -9 -                        0   0   -9 -         -9  -9  -9  2287 -9.0 -9.00 -9   9.6  13.6  13.9  15.3  16.3  -9 -9.0 -9  3  2
202410300700 108   2  0.5  -9 -9.0   -9 1011.9 1022.3 -9  -9.0  11.5   9.5  88.0  11.9   -9.0   -9.0   -9.0   -9.0   -9.0   -9.0   -9.0 -9 -9 -                        0   0   -9 -         -9  -9  -9  2058  0.0  0.00 -9   9.3  13.4  13.7  15.2  16.2  -9 -9.0 -9  3  2
202410300800 108  36  1.3  -9 -9.0   -9 1012.2 1022.6 -9  -9.0  11.6   9.8  89.0  12.1   -9.0   -9.0   -9.0   -9.0   -9.0   -9.0   -9.0 -9 -9 -                        0   0   -9 -         -9  -9  -9  1649  0.5  0.19 -9  10.2  13.2  13.5  15.1  16.2  -9 -9.0 -9  3  2
202410300900 108  34  1.2  -9 -9.0   -9 1012.8 1023.1  2   1.4  13.2  10.5  84.0  12.7   -9.0   -9.0   -9.0   -9.0   -9.0   -9.0   -9.0 -9 -9 -                        0   0   -9 -         -9  -9  -9  1427  1.0  0.77 -9  14.6  13.5  13.5  15.0  16.1  -9 -9.0 -9  3  2
202410301000 108   7  0.9  -9 -9.0   -9 1012.6 1022.8 -9  -9.0  15.9  11.0  73.0  13.1   -9.0   -9.0   -9.0   -9.0   -9.0   -9.0   -9.0 -9 -9 -                        0   0   -9 -         -9  -9  -9  1505  1.0  1.46 -9  20.1  14.3  13.9  14.8  16.0  -9 -9.0 -9  3  2
202410301100 108  14  1.3  -9 -9.0   -9 1013.0 1023.1 -9  -9.0  18.0  10.8  63.0  12.9   -9.0   -9.0   -9.0   -9.0   -9.0   -9.0   -9.0 -9 -9 -                        1   1   15 Sc         0   0   5  1664  1.0  1.98 -9  23.1  15.4  14.6  14.8  15.9  -9 -9.0 -9  3  2
202410301200 108  16  1.2  -9 -9.0   -9 1012.6 1022.7  7  -0.4  19.9  11.8  60.0  13.8   -9.0   -9.0   -9.0   -9.0   -9.0   -9.0   -9.0 -9 -9 -                        0   0   -9 -         -9  -9  -9  1705  1.0  2.24 -9  25.9  16.5  15.5  14.9  15.8  -9 -9.0 -9  3  2
202410301300 108  20  2.6  -9 -9.0   -9 1011.7 1021.7 -9  -9.0  20.6  10.6  53.0  12.8   -9.0   -9.0   -9.0   -9.0   -9.0   -9.0   -9.0 -9 -9 -                        0   0   -9 -         -9  -9  -9  1709  1.0  2.33 -9  26.7  17.4  16.5  15.1  15.8  -9 -9.0 -9  3  2
202410301400 108  23  2.6  -9 -9.0   -9 1011.0 1021.0 -9  -9.0  21.3  10.1  49.0  12.4   -9.0   -9.0   -9.0   -9.0   -9.0   -9.0   -9.0 -9 -9 -                        0   0   -9 -         -9  -9  -9  1906  1.0  2.20 -9  25.6  18.1  17.2  15.3  15.8  -9 -9.0 -9  3  2
202410301500 108  27  2.4  -9 -9.0   -9 1010.5 1020.5  7  -2.2  21.2   9.4  47.0  11.8   -9.0   -9.0   -9.0   -9.0   -9.0   -9.0   -9.0 -9 -9 -                        0   0   -9 -         -9  -9  -9  2048  1.0  1.79 -9  23.4  18.4  17.7  15.6  15.9  -9 -9.0 -9  3  2
202410301600 108  25  2.5  -9 -9.0   -9 1010.9 1020.9 -9  -9.0  20.8   9.0  47.0  11.5   -9.0   -9.0   -9.0   -9.0   -9.0   -9.0   -9.0 -9 -9 -                        0   0   -9 -         -9  -9  -9  1985  1.0  1.21 -9  19.1  18.4  17.8  16.0  16.0  -9 -9.0 -9  3  2
202410301700 108  27  2.7  -9 -9.0   -9 1011.3 1021.3 -9  -9.0  19.4   8.6  50.0  11.2   -9.0   -9.0   -9.0   -9.0   -9.0   -9.0   -9.0 -9 -9 -                        0   0   -9 -         -9  -9  -9  2226  1.0  0.52 -9  16.1  18.1  17.7  16.2  16.2  -9 -9.0 -9  3  2
202410301800 108  32  2.8  -9 -9.0   -9 1011.8 1021.9  2   1.4  17.8   9.9  60.0  12.2   -9.0   -9.0   -9.0   -9.0   -9.0   -9.0   -9.0 -9 -9 -                        0   0   -9 -         -9  -9  -9  2188  0.1  0.06 -9  14.3  17.5  17.3  16.4  16.4  -9 -9.0 -9  3  2
202410301900 108  32  3.1  -9 -9.0   -9 1012.7 1022.9 -9  -9.0  16.9  10.7  67.0  12.9   -9.0   -9.0   -9.0   -9.0   -9.0   -9.0   -9.0 -9 -9 -                        0   0   -9 -         -9  -9  -9  1770 -9.0 -9.00 -9  13.4  16.9  16.9  16.5  16.5  -9 -9.0 -9  3 -9
202410302000 108  32  3.7  -9 -9.0   -9 1012.8 1023.0 -9  -9.0  16.2  11.1  72.0  13.2   -9.0   -9.0   -9.0   -9.0   -9.0   -9.0   -9.0 -9 -9 -                        3   1   -9 -         -9  -9  -9  1580 -9.0 -9.00 -9  12.8  16.4  16.5  16.5  16.6  -9 -9.0 -9  3 -9
202410302100 108  27  1.0  -9 -9.0   -9 1012.7 1022.9  0   1.0  15.5  10.6  73.0  12.8   -9.0   -9.0   -9.0   -9.0   -9.0   -9.0   -9.0 -9 -9 -                        4   0   -9 Ci         1   0   0  1555 -9.0 -9.00 -9  12.3  16.0  16.1  16.5  16.7  -9 -9.0 -9  3  2
202410302200 108   0  0.3  -9 -9.0   -9 1012.8 1023.1 -9  -9.0  15.0  10.5  75.0  12.7   -9.0   -9.0   -9.0   -9.0   -9.0   -9.0   -9.0 -9 -9 -                        7   7   74 -         -9  -9  -9  1447 -9.0 -9.00 -9  12.0  15.6  15.8  16.4  16.7  -9 -9.0 -9  3 -9
202410302300 108  34  1.3  -9 -9.0   -9 1013.0 1023.3 -9  -9.0  14.2  10.6  79.0  12.8   -9.0   -9.0   -9.0   -9.0   -9.0   -9.0   -9.0 -9 -9 -                        2   2   -9 -         -9  -9  -9  1320 -9.0 -9.00 -9  11.3  15.3  15.5  16.3  16.7  -9 -9.0 -9  3 -9
202410310000 108  34  1.1  -9 -9.0   -9 1013.2 1023.5  2   0.6  13.7  10.4  81.0  12.6   -9.0   -9.0   -9.0   -9.0   -9.0   -9.0   -9.0 -9 -9 -                        0   0   -9 -         -9  -9  -9  1163 -9.0 -9.00 -9  10.7  14.9  15.2  16.2  16.7  -9 -9.0 -9  3  2
202410310100 108   2  2.0  -9 -9.0   -9 1013.1 1023.4 -9  -9.0  13.0  10.5  85.0  12.7   -9.0   -9.0   -9.0   -9.0   -9.0   -9.0   -9.0 -9 -9 -                        0   0   -9 -         -9  -9  -9  1007 -9.0 -9.00 -9  10.3  14.6  14.9  16.1  16.7  -9 -9.0 -9  3  2
202410310200 108   2  1.9  -9 -9.0   -9 1013.3 1023.6 -9  -9.0  12.4  10.1  86.0  12.4   -9.0   -9.0   -9.0   -9.0   -9.0   -9.0   -9.0 -9 -9 19                       0   0   -9 -         -9  -9  -9   958 -9.0 -9.00 -9   9.9  14.2  14.6  15.9  16.6  -9 -9.0 -9  3  2
202410310300 108   7  1.7  -9 -9.0   -9 1013.3 1023.7  3   0.2  12.0   9.7  86.0  12.0   -9.0   -9.0   -9.0   -9.0   -9.0   -9.0   -9.0 -9 -9 19                       0   0   -9 -         -9  -9  -9  1205 -9.0 -9.00 -9   9.7  14.0  14.3  15.7  16.5  -9 -9.0 -9  3  2
202410310400 108   7  1.9  -9 -9.0   -9 1012.7 1023.1 -9  -9.0  11.8   9.1  84.0  11.6   -9.0   -9.0   -9.0   -9.0   -9.0   -9.0   -9.0 -9 -9 -                        0   0   -9 -         -9  -9  -9  1541 -9.0 -9.00 -9   9.4  13.7  14.0  15.6  16.5  -9 -9.0 -9  3  2
202410310500 108   7  1.7  -9 -9.0   -9 1013.1 1023.5 -9  -9.0  11.6   8.8  83.0  11.3   -9.0   -9.0   -9.0   -9.0   -9.0   -9.0   -9.0 -9 -9 -                        0   0   -9 -         -9  -9  -9  1614 -9.0 -9.00 -9   9.1  13.5  13.8  15.4  16.4  -9 -9.0 -9  3  2
202410310600 108   5  1.1  -9 -9.0   -9 1013.4 1023.8  3   0.1  11.4   8.9  85.0  11.4   -9.0   -9.0   -9.0   -9.0   -9.0   -9.0   -9.0 -9 -9 -                        0   0   -9 -         -9  -9  -9  1473 -9.0 -9.00 -9   8.9  13.3  13.6  15.3  16.3  -9 -9.0 -9  3  2
202410310700 108   2  1.9  -9 -9.0   -9 1013.6 1024.0 -9  -9.0  11.2   8.9  86.0  11.4   -9.0   -9.0   -9.0   -9.0   -9.0   -9.0   -9.0 -9 -9 -                        0   0   -9 -         -9  -9  -9  1298  0.0  0.00 -9   8.8  13.1  13.4  15.1  16.2  -9 -9.0 -9  3  2
202410310800 108   5  1.6  -9 -9.0   -9 1014.0 1024.4 -9  -9.0  11.3   9.0  86.0  11.5   -9.0   -9.0   -9.0   -9.0   -9.0   -9.0   -9.0 -9 -9 -                        2   0   -9 Ci         1   0   0  1493  0.5  0.21 -9  10.0  12.9  13.2  15.0  16.1  -9 -9.0 -9  3  2
202410310900 108   5  2.1  -9 -9.0   -9 1014.3 1024.6  2   0.8  13.5   9.7  78.0  12.0   -9.0   -9.0   -9.0   -9.0   -9.0   -9.0   -9.0 -9 -9 -                        3   0   -9 Ci         1   0   0  1672  1.0  0.81 -9  14.4  13.3  13.3  14.8  16.0  -9 -9.0 -9  3  2
202410311000 108   9  2.2  -9 -9.0   -9 1013.9 1024.1 -9  -9.0  16.1  10.6  70.0  12.8   -9.0   -9.0   -9.0   -9.0   -9.0   -9.0   -9.0 -9 -9 -                        2   0   -9 Ci         1   0   0  1573  1.0  1.48 -9  19.7  14.1  13.7  14.7  15.9  -9 -9.0 -9  3  2
202410311100 108   7  1.2  -9 -9.0   -9 1013.3 1023.4 -9  -9.0  18.4  10.7  61.0  12.9   -9.0   -9.0   -9.0   -9.0   -9.0   -9.0   -9.0 -9 -9 -                        6   2   45 AcCi       1   3   0  1907  1.0  2.07 -9  23.9  15.1  14.4  14.7  15.8  -9 -9.0 -9  3  2
202410311200 108   9  1.8  -9 -9.0   -9 1013.1 1023.1  7  -1.5  19.7   9.8  53.0  12.1   -9.0   -9.0   -9.0   -9.0   -9.0   -9.0   -9.0 -9 -9 -                        1   0   -9 Cc         9   0   0  2498  0.8  1.89 -9  25.4  16.1  15.2  14.7  15.7  -9 -9.0 -9  3  2
202410311300 108   5  1.3  -9 -9.0   -9 1012.1 1022.1 -9  -9.0  21.0   9.5  48.0  11.9   -9.0   -9.0   -9.0   -9.0   -9.0   -9.0   -9.0 -9 -9 -                        0   0   -9 -         -9  -9  -9  2135  1.0  2.32 -9  27.1  16.9  16.0  14.9  15.7  -9 -9.0 -9  3  2
202410311400 108  18  1.6  -9 -9.0   -9 1011.1 1021.0 -9  -9.0  22.0   9.1  44.0  11.6   -9.0   -9.0   -9.0   -9.0   -9.0   -9.0   -9.0 -9 -9 -                        0   0   -9 -         -9  -9  -9  2733  1.0  2.16 -9  26.3  17.6  16.8  15.1  15.7  -9 -9.0 -9  3  2
202410311500 108  27  1.6  -9 -9.0   -9 1011.2 1021.1  5  -2.0  22.3   9.1  43.0  11.6   -9.0   -9.0   -9.0   -9.0   -9.0   -9.0   -9.0 -9 -9 -                        0   0   -9 -         -9  -9  -9  2114  1.0  1.73 -9  24.0  18.0  17.3  15.4  15.8  -9 -9.0 -9  3  2
202410311600 108  16  0.9  -9 -9.0   -9 1010.9 1020.8 -9  -9.0  22.2   9.3  44.0  11.7   -9.0   -9.0   -9.0   -9.0   -9.0   -9.0   -9.0 -9 -9 -                        0   0   -9 -         -9  -9  -9  2180  1.0  1.16 -9  20.1  18.2  17.6  15.7  15.9  -9 -9.0 -9  3  2
202410311700 108  27  1.1  -9 -9.0   -9 1010.7 1020.7 -9  -9.0  21.0   8.9  46.0  11.4   -9.0   -9.0   -9.0   -9.0   -9.0   -9.0   -9.0 -9 -9 -                        1   0   -9 Ci         1   0   0  2177  1.0  0.50 -9  17.2  17.9  17.5  16.1  16.0  -9 -9.0 -9  3  2
202410311800 108  32  0.8  -9 -9.0   -9 1010.7 1020.7  6  -0.4  18.7   9.7  56.0  12.0   -9.0   -9.0   -9.0   -9.0   -9.0   -9.0   -9.0 -9 -9 -                        2   0   -9 Ci         1   0   0  2099  0.1  0.05 -9  14.6  17.4  17.2  16.3  16.2  -9 -9.0 -9  3  2
202410311900 108  32  1.5  -9 -9.0   -9 1011.1 1021.2 -9  -9.0  17.2   9.3  60.0  11.7   -9.0   -9.0   -9.0   -9.0   -9.0   -9.0   -9.0 -9 -9 -                        0   0   -9 -         -9  -9  -9  1995 -9.0 -9.00 -9  13.2  16.7  16.7  16.4  16.4  -9 -9.0 -9  3 -9
202410312000 108  29  2.0  -9 -9.0   -9 1011.6 1021.8 -9  -9.0  16.6   9.5  63.0  11.9   -9.0   -9.0   -9.0   -9.0   -9.0   -9.0   -9.0 -9 -9 -                        0   0   -9 -         -9  -9  -9  1429 -9.0 -9.00 -9  12.5  16.2  16.3  16.4  16.5  -9 -9.0 -9  3 -9
202410312100 108  32  0.8  -9 -9.0   -9 1011.7 1021.9  2   1.2  15.8   9.6  67.0  11.9   -9.0   -9.0   -9.0   -9.0   -9.0   -9.0   -9.0 -9 -9 -                        0   0   -9 -         -9  -9  -9  1328 -9.0 -9.00 -9  11.8  15.7  15.9  16.4  16.6  -9 -9.0 -9  3  2
202410312200 108   0  0.2  -9 -9.0   -9 1011.9 1022.2 -9  -9.0  14.9   9.6  71.0  11.9   -9.0   -9.0   -9.0   -9.0   -9.0   -9.0   -9.0 -9 -9 -                        0   0   -9 -         -9  -9  -9  1307 -9.0 -9.00 -9  11.2  15.3  15.5  16.3  16.6  -9 -9.0 -9  3 -9
202410312300 108  36  1.5  -9 -9.0   -9 1012.3 1022.5 -9  -9.0  14.4   8.9  70.0  11.4   -9.0   -9.0   -9.0   -9.0   -9.0   -9.0   -9.0 -9 -9 -                        0   0   -9 -         -9  -9  -9  1593 -9.0 -9.00 -9  10.8  14.9  15.2  16.2  16.6  -9 -9.0 -9  3 -9
#7777END
