#START7777
#2345678901234567890123456789012345678901234567890123456789012345678901234567890123456789012345678901234567890123456789012345678901234567890123456789012345678901234567890123456789012345678901234567890123456789012345678901234567890123456789012345678901234
# YYMMDDHHMI STN  WD   WS GST  GST  GST     PA     PS PT    PR    TA    TD    HM    PV     RN     RN     RN     RN     SD     SD     SD WC WP WW                      CA  CA   CH CT        CT  CT  CT    VS   SS    SI ST    TS    TE    TE    TE    TE  ST   WH BF IR IX
#        KST  ID  16  m/s  WD   WS   TM    hPa    hPa  -   hPa     C     C     %   hPa     mm    DAY    JUN    INT    HR3    DAY    TOT -- -- ---------------------- TOT MID  MIN -------- TOP MID LOW                  GD     C     5    10    20    30 SEA    m --  -  -
202404010000 108  23  1.7  -9 -9.0   -9 1002.0 1012.3  1   1.3   9.5  -0.4  50.0   5.9   -9.0   -9.0   -9.0   -9.0   -9.0   -9.0   -9.0 -9 -9 -                        0   0   -9 -         -9  -9  -9  2694 -9.0 -9.00 -9   5.3  10.5  10.5  10.3   9.9  -9 -9.0 -9  3  2
202404010100 108  29  2.1  -9 -9.0   -9 1002.8 1013.2 -9  -9.0   8.6  -0.4  53.0   5.9   -9.0   -9.0   -9.0   -9.0   -9.0   -9.0   -9.0 -9 -9 -                        0   0   -9 -         -9  -9  -9  2631 -9.0 -9.00 -9   4.6  10.1  10.2  10.2   9.9  -9 -9.0 -9  3 -9
202404010200 108  29  1.2  -9 -9.0   -9 1002.8 1013.2 -9  -9.0   7.7  -1.2  53.0   5.6   -9.0   -9.0   -9.0   -9.0   -9.0   -9.0   -9.0 -9 -9 -                        0   0   -9 -         -9  -9  -9  2936 -9.0 -9.00 -9   3.9   9.7   9.9  10.0   9.9  -9 -9.0 -9  3 -9
202404010300 108   0  0.3  -9 -9.0   -9 1002.7 1013.2  1   0.9   7.2  -1.5  54.0   5.5   -9.0   -9.0   -9.0   -9.0   -9.0   -9.0   -9.0 -9 -9 -                        0   0   -9 -         -9  -9  -9  2907 -9.0 -9.00 -9   3.2   9.3   9.6   9.8   9.9  -9 -9.0 -9  3  2
202404010400 108   0  0.3  -9 -9.0   -9 1002.7 1013.2 -9  -9.0   6.7  -1.4  56.0   5.5   -9.0   -9.0   -9.0   -9.0   -9.0   -9.0   -9.0 -9 -9 -                        0   0   -9 -         -9  -9  -9  2901 -9.0 -9.00 -9   2.7   8.9   9.3   9.7   9.8  -9 -9.0 -9  3  2
202404010500 108  27  1.2  -9 -9.0   -9 1003.1 1013.6 -9  -9.0   6.4  -1.5  57.0   5.5   -9.0   -9.0   -9.0   -9.0   -9.0   -9.0   -9.0 -9 -9 -                        0   0   -9 -         -9  -9  -9  3138 -9.0 -9.00 -9   2.4   8.6   9.0   9.4   9.7  -9 -9.0 -9  3  2
202404010600 108  25  1.0  -9 -9.0   -9 1004.0 1014.5  2   1.3   5.8  -2.0  57.0   5.3   -9.0   -9.0   -9.0   -9.0   -9.0   -9.0   -9.0 -9 -9 -                        0   0   -9 -         -9  -9  -9  3131 -9.0 -9.00 -9   2.1   8.3   8.7   9.2   9.6  -9 -9.0 -9  3  2
202404010700 108  27  0.7  -9 -9.0   -9 1004.9 1015.4 -9  -9.0   5.7  -1.9  58.0   5.3   -9.0   -9.0   -9.0   -9.0   -9.0   -9.0   -9.0 -9 -9 -                        0   0   -9 -         -9  -9  -9  2987  0.3  0.07 -9   2.4   8.0   8.4   9.0   9.5  -9 -9.0 -9  3  2
202404010800 108   0  0.4  -9 -9.0   -9 1005.4 1015.9 -9  -9.0   7.5  -0.7  56.0   5.8   -9.0   -9.0   -9.0   -9.0   -9.0   -9.0   -9.0 -9 -9 -                        0   0   -9 -         -9  -9  -9  2621  1.0  0.60 -9   7.5   7.8   8.2   8.8   9.4  -9 -9.0 -9  3  2
202404010900 108   9  1.0  -9 -9.0   -9 1005.6 1015.9  1   1.4  10.9  -2.1  40.0   5.2   -9.0   -9.0   -9.0   -9.0   -9.0   -9.0   -9.0 -9 -9 -                        0   0   -9 -         -9  -9  -9  2299  1.0  1.38 -9  14.1   8.0   8.1   8.5   9.2  -9 -9.0 -9  3  2
202404011000 108   9  1.8  -9 -9.0   -9 1005.8 1016.0 -9  -9.0  13.6  -4.6  28.0   4.3   -9.0   -9.0   -9.0   -9.0   -9.0   -9.0   -9.0 -9 -9 -                        1   0   -9 Ci         1   0   0  2914  1.0  2.10 -9  19.5   8.7   8.3   8.5   9.1  -9 -9.0 -9  3  2
202404011100 108  18  2.3  -9 -9.0   -9 1005.6 1015.8 -9  -9.0  15.6  -3.8  26.0   4.6   -9.0   -9.0   -9.0   -9.0   -9.0   -9.0   -9.0 -9 -9 -                        0   0   -9 -         -9  -9  -9  3070  1.0  2.70 -9  23.3   9.6   8.8   8.5   9.0  -9 -9.0 -9  3  2
202404011200 108  18  2.7  -9 -9.0   -9 1005.2 1015.3  8  -0.6  16.9  -5.6  21.0   4.0   -9.0   -9.0   -9.0   -9.0   -9.0   -9.0   -9.0 -9 -9 -                        1   0   -9 Ci         1   0   0  4060  1.0  3.07 -9  25.7  10.7   9.4   8.7   9.0  -9 -9.0 -9  3  2
202404011300 108  25  2.6  -9 -9.0   -9 1004.5 1014.5 -9  -9.0  17.8  -8.4  16.0   3.2   -9.0   -9.0   -9.0   -9.0   -9.0   -9.0   -9.0 -9 -9 -                        1   0   -9 Ci         1   0   0  3884  1.0  3.27 -9  27.9  11.8  10.2   8.9   9.0  -9 -9.0 -9  3  2
202404011400 108  29  3.2  -9 -9.0   -9 1004.2 1014.2 -9  -9.0  18.0  -7.4  17.0   3.5   -9.0   -9.0   -9.0   -9.0   -9.0   -9.0   -9.0 -9 -9 -                        0   0   -9 -         -9  -9  -9  3716  1.0  3.16 -9  28.2  12.6  11.0   9.3   9.0  -9 -9.0 -9  3  2
202404011500 108  23  3.8  -9 -9.0   -9 1004.0 1014.0  7  -1.3  18.9  -4.5  20.0   4.4   -9.0   -9.0   -9.0   -9.0   -9.0   -9.0   -9.0 -9 -9 -                        1   0   -9 Cc         9   0   0  2943  1.0  2.82 -9  27.0  13.3  11.6   9.7   9.2  -9 -9.0 -9  3  2
202404011600 108  23  3.8  -9 -9.0   -9 1004.0 1014.0 -9  -9.0  18.1  -5.2  20.0   4.2   -9.0   -9.0   -9.0   -9.0   -9.0   -9.0   -9.0 -9 -9 -                        3   1   34 AcCi       1   3   0  3601  1.0  2.14 -9  23.6  13.7  12.2  10.2   9.4  -9 -9.0 -9  3  2
202404011700 108  25  3.4  -9 -9.0   -9 1004.1 1014.1 -9  -9.0  17.3  -6.5  19.0   3.8   -9.0   -9.0   -9.0   -9.0   -9.0   -9.0   -9.0 -9 -9 -                        2   1   35 AcCi       1   3   0  3934  1.0  1.52 -9  19.2  13.9  12.5  10.6   9.6  -9 -9.0 -9  3  2
202404011800 108  25  2.2  -9 -9.0   -9 1004.3 1014.4  2   0.4  16.2  -9.6  16.0   3.0   -9.0   -9.0   -9.0   -9.0   -9.0   -9.0   -9.0 -9 -9 -                        0   0   -9 -         -9  -9  -9  4086  1.0  0.75 -9  13.8  13.8  12.7  10.9   9.9  -9 -9.0 -9  3  2
202404011900 108  27  2.4  -9 -9.0   -9 1004.1 1014.3 -9  -9.0  14.3  -8.4  20.0   3.2   -9.0   -9.0   -9.0   -9.0   -9.0   -9.0   -9.0 -9 -9 -                        0   0   -9 -         -9  -9  -9  4078  0.2  0.14 -9  10.6  13.4  12.7  11.3  10.2  -9 -9.0 -9  3 -9
202404012000 108  29  1.8  -9 -9.0   -9 1004.5 1014.7 -9  -9.0  12.7  -9.7  20.0   2.9   -9.0   -9.0   -9.0   -9.0   -9.0   -9.0   -9.0 -9 -9 -                        0   0   -9 -         -9  -9  -9  4740 -9.0 -9.00 -9   8.6  12.8  12.4  11.4  10.4  -9 -9.0 -9  3 -9
202404012100 108  25  2.1  -9 -9.0   -9 1004.5 1014.8  3   0.4  11.8 -11.1  19.0   2.6   -9.0   -9.0   -9.0   -9.0   -9.0   -9.0   -9.0 -9 -9 -                        0   0   -9 -         -9  -9  -9  4836 -9.0 -9.00 -9   7.4  12.3  12.1  11.4  10.5  -9 -9.0 -9  3  2
202404012200 108  25  0.5  -9 -9.0   -9 1004.4 1014.7 -9  -9.0  10.9 -10.6  21.0   2.7   -9.0   -9.0   -9.0   -9.0   -9.0   -9.0   -9.0 -9 -9 -                        0   0   -9 -         -9  -9  -9  4400 -9.0 -9.00 -9   6.6  11.8  11.8  11.3  10.6  -9 -9.0 -9  3 -9
202404012300 108  36  0.8  -9 -9.0   -9 1004.0 1014.4 -9  -9.0  10.2  -9.5  24.0   3.0   -9.0   -9.0   -9.0   -9.0   -9.0   -9.0   -9.0 -9 -9 -                        0   0   -9 -         -9  -9  -9  3618 -9.0 -9.00 -9   5.9  11.3  11.4  11.2  10.7  -9 -9.0 -9  3 -9
202404020000 108  27  1.3  -9 -9.0   -9 1004.5 1014.9  3   0.1   9.5  -7.6  29.0   3.5   -9.0   -9.0   -9.0   -9.0   -9.0   -9.0   -9.0 -9 -9 -                        0   0   -9 -         -9  -9  -9  2969 -9.0 -9.00 -9   5.2  10.8  11.0  11.0  10.7  -9 -9.0 -9  3  2
202404020100 108   2  1.0  -9 -9.0   -9 1004.6 1015.0 -9  -9.0   8.9  -6.5  33.0   3.8   -9.0   -9.0   -9.0   -9.0   -9.0   -9.0   -9.0 -9 -9 -                        0   0   -9 -         -9  -9  -9  2428 -9.0 -9.00 -9   4.7  10.4  10.7  10.9  10.7  -9 -9.0 -9  3 -9
202404020200 108   2  2.2  -9 -9.0   -9 1004.6 1015.0 -9  -9.0   8.5  -6.1  35.0   3.9   -9.0   -9.0   -9.0   -9.0   -9.0   -9.0   -9.0 -9 -9 -                        0   0   -9 -         -9  -9  -9  2531 -9.0 -9.00 -9   4.3  10.1  10.4  10.6  10.6  -9 -9.0 -9  3 -9
202404020300 108   2  2.3  -9 -9.0   -9 1004.2 1014.6  8  -0.3   7.8  -5.3  39.0   4.1   -9.0   -9.0   -9.0   -9.0   -9.0   -9.0   -9.0 -9 -9 -                        0   0   -9 -         -9  -9  -9  2438 -9.0 -9.00 -9   4.0   9.7  10.1  10.4  10.5  -9 -9.0 -9  3  2
202404020400 108   5  2.0  -9 -9.0   -9 1004.1 1014.5 -9  -9.0   7.6  -5.1  40.0   4.2   -9.0   -9.0   -9.0   -9.0   -9.0   -9.0   -9.0 -9 -9 -                        4   0   -9 Ci         1   0   0  2500 -9.0 -9.00 -9   3.7   9.4   9.8  10.2  10.4  -9 -9.0 -9  3  2
202404020500 108   2  2.0  -9 -9.0   -9 1004.4 1014.9 -9  -9.0   7.6  -4.5  42.0   4.4   -9.0   -9.0   -9.0   -9.0   -9.0   -9.0   -9.0 -9 -9 -                        0   0   -9 -         -9  -9  -9  2635 -9.0 -9.00 -9   3.5   9.2   9.5  10.0  10.3  -9 -9.0 -9  3  2
202404020600 108   5  2.3  -9 -9.0   -9 1004.2 1014.7  0   0.1   7.0  -4.1  45.0   4.5   -9.0   -9.0   -9.0   -9.0   -9.0   -9.0   -9.0 -9 -9 -                        6   0   -9 Ci         1   0   0  2525 -9.0 -9.00 -9   3.3   8.9   9.3   9.8  10.2  -9 -9.0 -9  3  2
202404020700 108   7  2.6  -9 -9.0   -9 1004.4 1014.8 -9  -9.0   7.8  -4.3  42.0   4.4   -9.0   -9.0   -9.0   -9.0   -9.0   -9.0   -9.0 -9 -9 -                        8   0   -9 Ci         1   0   0  2724  0.0  0.08 -9   4.2   8.7   9.1   9.6  10.1  -9 -9.0 -9  3  2
202404020800 108   7  2.0  -9 -9.0   -9 1005.0 1015.4 -9  -9.0  10.0  -4.4  36.0   4.4   -9.0   -9.0   -9.0   -9.0   -9.0   -9.0   -9.0 -9 -9 -                        8   0   -9 Ci         1   0   0  2594  0.8  0.55 -9   8.4   8.6   8.9   9.4  10.0  -9 -9.0 -9  3  2
202404020900 108   5  2.8  -9 -9.0   -9 1005.0 1015.2  0   0.5  13.4  -4.7  28.0   4.3   -9.0   -9.0   -9.0   -9.0   -9.0   -9.0   -9.0 -9 -9 -                        1   0   -9 Ci         1   0   0  2616  1.0  1.29 -9  14.4   8.8   8.9   9.3   9.8  -9 -9.0 -9  3  2
202404021000 108   5  2.6  -9 -9.0   -9 1005.0 1015.1 -9  -9.0  16.4  -2.1  28.0   5.2   -9.0   -9.0   -9.0   -9.0   -9.0   -9.0   -9.0 -9 -9 -                        1   0   -9 Ci         1   0   0  2368  1.0  2.14 -9  20.7   9.5   9.1   9.1   9.6  -9 -9.0 -9  3  2
202404021100 108   5  2.8  -9 -9.0   -9 1004.8 1014.8 -9  -9.0  18.8  -2.7  23.0   5.0   -9.0   -9.0   -9.0   -9.0   -9.0   -9.0   -9.0 -9 -9 -                        1   0   -9 Ci         1   0   0  2403  1.0  2.71 -9  25.4  10.3   9.5   9.2   9.6  -9 -9.0 -9  3  2
202404021200 108  29  1.8  -9 -9.0   -9 1003.8 1013.8  7  -1.4  20.5  -2.6  21.0   5.0   -9.0   -9.0   -9.0   -9.0   -9.0   -9.0   -9.0 -9 -9 -                        6   0   -9 Ci         1   0   0  2182  1.0  3.04 -9  28.9  11.4  10.2   9.3   9.6  -9 -9.0 -9  3  2
202404021300 108  18  1.7  -9 -9.0   -9 1003.0 1012.8 -9  -9.0  22.2  -1.8  20.0   5.4   -9.0   -9.0   -9.0   -9.0   -9.0   -9.0   -9.0 -9 -9 -                        5   0   -9 Ci         1   0   0  2744  1.0  2.92 -9  29.9  12.5  10.9   9.6   9.6  -9 -9.0 -9  3  2
202404021400 108  20  2.3  -9 -9.0   -9 1002.1 1011.9 -9  -9.0  23.5  -0.7  20.0   5.8   -9.0   -9.0   -9.0   -9.0   -9.0   -9.0   -9.0 -9 -9 -                        2   0   -9 Ci         1   0   0  2212  1.0  3.08 -9  31.0  13.5  11.8  10.0   9.6  -9 -9.0 -9  3  2
202404021500 108  27  3.6  -9 -9.0   -9 1001.5 1011.3  7  -2.5  23.6   0.6  22.0   6.4   -9.0   -9.0   -9.0   -9.0   -9.0   -9.0   -9.0 -9 -9 -                        6   0   -9 Ci         1   0   0  1956  1.0  2.64 -9  29.7  14.4  12.6  10.5   9.8  -9 -9.0 -9  3  2
202404021600 108  29  3.3  -9 -9.0   -9 1001.3 1011.2 -9  -9.0  21.1   3.7  32.0   8.0   -9.0   -9.0   -9.0   -9.0   -9.0   -9.0   -9.0 -9 -9 -                        7   0   -9 Ci         2   0   0  1621  0.7  1.51 -9  23.1  15.0  13.3  11.0  10.0  -9 -9.0 -9  3  2
202404021700 108  29  2.3  -9 -9.0   -9 1000.8 1010.7 -9  -9.0  20.3   4.7  36.0   8.5   -9.0   -9.0   -9.0   -9.0   -9.0   -9.0   -9.0 -9 -9 -                        8   2   46 AcCi       2   3   0  1665  0.1  0.86 -9  20.4  15.0  13.6  11.5  10.3  -9 -9.0 -9  3  2
202404021800 108  29  2.5  -9 -9.0   -9 1000.6 1010.5  7  -0.8  20.0   6.6  42.0   9.7   -9.0   -9.0   -9.0   -9.0   -9.0   -9.0   -9.0 -9 -9 -                        6   1   45 AcCi       1   3   0  1658  0.7  0.70 -9  17.5  14.9  13.8  11.8  10.6  -9 -9.0 -9  3  2
202404021900 108  29  0.9  -9 -9.0   -9 1000.2 1010.1 -9  -9.0  18.6   7.6  49.0  10.4   -9.0   -9.0   -9.0   -9.0   -9.0   -9.0   -9.0 -9 -9 -                        7   7   65 -         -9  -9  -9  1908  0.2  0.17 -9  14.6  14.7  13.8  12.1  10.8  -9 -9.0 -9  3 -9
202404022000 108  27  0.7  -9 -9.0   -9 1000.1 1010.1 -9  -9.0  17.7   7.4  51.0  10.3   -9.0   -9.0   -9.0   -9.0   -9.0   -9.0   -9.0 -9 -9 -                        5   5   72 -         -9  -9  -9  1776 -9.0 -9.00 -9  12.5  14.3  13.7  12.3  11.1  -9 -9.0 -9  3 -9
202404022100 108   2  1.2  -9 -9.0   -9 1000.0 1010.1  6  -0.4  16.5   6.0  50.0   9.3   -9.0   -9.0   -9.0   -9.0   -9.0   -9.0   -9.0 -9 -9 -                        0   0   -9 -         -9  -9  -9  1648 -9.0 -9.00 -9  11.2  13.9  13.5  12.4  11.3  -9 -9.0 -9  3  2
202404022200 108  32  0.7  -9 -9.0   -9 1000.1 1010.2 -9  -9.0  15.5   5.9  53.0   9.3   -9.0   -9.0   -9.0   -9.0   -9.0   -9.0   -9.0 -9 -9 -                        6   4   63 -         -9  -9  -9  1557 -9.0 -9.00 -9  10.2  13.4  13.2  12.4  11.4  -9 -9.0 -9  3 -9
202404022300 108   0  0.4  -9 -9.0   -9  999.7 1009.8 -9  -9.0  14.8   5.5  54.0   9.0   -9.0   -9.0   -9.0   -9.0   -9.0   -9.0   -9.0 -9 -9 -                        5   5   53 -         -9  -9  -9  1598 -9.0 -9.00 -9   9.5  13.0  12.9  12.3  11.5  -9 -9.0 -9  3 -9
202404030000 108   2  2.4  -9 -9.0   -9  999.3 1009.4  8  -0.7  14.1   4.6  53.0   8.5   -9.0   -9.0   -9.0   -9.0   -9.0   -9.0   -9.0 -9 -9 -                        0   0   -9 -         -9  -9  -9  1479 -9.0 -9.00 -9   8.9  12.6  12.6  12.2  11.5  -9 -9.0 -9  3  2
202404030100 108   7  1.6  -9 -9.0   -9  998.7 1008.8 -9  -9.0  14.0   3.1  48.0   7.6   -9.0   -9.0   -9.0   -9.0   -9.0   -9.0   -9.0 -9 -9 -                        8   8   48 -         -9  -9  -9  1414 -9.0 -9.00 -9   8.9  12.3  12.3  12.0  11.5  -9 -9.0 -9  3 -9
202404030200 108   7  2.5  -9 -9.0   -9  998.3 1008.4 -9  -9.0  14.1   2.9  47.0   7.5   -9.0   -9.0   -9.0   -9.0   -9.0   -9.0   -9.0 -9 -9 -                       10   9   39 -         -9  -9  -9  1391 -9.0 -9.00 -9   9.9  12.1  12.1  11.9  11.5  -9 -9.0 -9  3 -9
202404030300 108   7  2.4  -9 -9.0   -9  997.6 1007.7  7  -1.7  14.5   2.3  44.0   7.2   -9.0   -9.0   -9.0   -9.0   -9.0   -9.0   -9.0 -9 -9 -                        8   8   43 Ac         0   3   0  1579 -9.0 -9.00 -9   9.6  11.9  11.9  11.7  11.5  -9 -9.0 -9  3  2
202404030400 108   7  2.2  -9 -9.0   -9  996.8 1006.9 -9  -9.0  14.6   2.4  44.0   7.3   -9.0   -9.0   -9.0   -9.0   -9.0   -9.0   -9.0 -9 -9 -                        8   8   41 Ac         0   3   0  1940 -9.0 -9.00 -9   9.9  11.8  11.8  11.6  11.4  -9 -9.0 -9  3  2
202404030500 108   7  1.7  -9 -9.0   -9  996.9 1007.0 -9  -9.0  14.6   2.4  44.0   7.3   -9.0   -9.0   -9.0   -9.0   -9.0   -9.0   -9.0 -9 -9 -                        9   9   32 Ac         0   3   0  1918 -9.0 -9.00 -9  10.2  11.7  11.7  11.5  11.3  -9 -9.0 -9  3  2
202404030600 108   5  1.8  -9 -9.0   -9  996.5 1006.6  7  -1.1  14.7   3.4  47.0   7.8   -9.0   -9.0   -9.0   -9.0   -9.0   -9.0   -9.0 -9 -9 -                        9   7   34 AcCi       2   3   0  2401 -9.0 -9.00 -9  10.2  11.7  11.6  11.4  11.3  -9 -9.0 -9  3  2
202404030700 108   7  2.1  -9 -9.0   -9  997.0 1007.1 -9  -9.0  14.8   2.9  45.0   7.5   -9.0   -9.0   -9.0   -9.0   -9.0   -9.0   -9.0 -9 -9 -                       10  10   31 As        -9   2   0  2599  0.0  0.03 -9  10.6  11.6  11.5  11.3  11.2  -9 -9.0 -9  3  2
202404030800 108   9  2.0  -9 -9.0   -9  996.9 1007.0 -9  -9.0  15.5   3.9  46.0   8.1   -9.0   -9.0   -9.0   -9.0   -9.0   -9.0   -9.0 -9 -9 -                       10  10   30 As        -9   2   0  2742  0.0  0.23 -9  12.8  11.6  11.5  11.2  11.2  -9 -9.0 -9  3  2
202404030900 108   7  2.0  -9 -9.0   -9  996.8 1006.8  0   0.2  16.5   3.8  43.0   8.0   -9.0   -9.0   -9.0   -9.0   -9.0   -9.0   -9.0 -9 -9 -                       10   6   11 ScAs      -9   2   5  2445  0.0  0.49 -9  14.2  11.8  11.5  11.2  11.1  -9 -9.0 -9  3  2
202404031000 108   7  2.8  -9 -9.0   -9  996.6 1006.6 -9  -9.0  17.1   4.0  42.0   8.1   -9.0   -9.0   -9.0   -9.0   -9.0   -9.0   -9.0 -9 -9 -                       10   2   12 ScAs      -9   1   5  2243  0.0  0.54 -9  15.0  12.1  11.7  11.2  11.1  -9 -9.0 -9  3  2
202404031100 108   5  2.2  -9 -9.0   -9  996.6 1006.6 -9  -9.0  17.5   5.7  46.0   9.2   -9.0   -9.0   -9.0   -9.0   -9.0   -9.0   -9.0 -9 -9 -                       10   8   15 ScAs      -9   2   5  3726  0.0  0.55 -9  15.7  12.4  11.8  11.2  11.1  -9 -9.0 -9  3  2
202404031200 108   9  2.3  -9 -9.0   -9  996.1 1006.0  7  -0.8  18.1   8.0  52.0  10.7    0.0    0.0    0.0   -9.0   -9.0   -9.0   -9.0 60 62 01                      10   4   10 ScAs      -9   1   5  4022  0.0  0.74 -9  17.8  12.6  12.0  11.3  11.0  -9 -9.0 -9  4  1
202404031300 108   9  2.1  -9 -9.0   -9  995.2 1005.1 -9  -9.0  18.9   8.8  52.0  11.3    0.0    0.0    0.0   -9.0   -9.0   -9.0   -9.0 21 62 01                      10   3   10 ScAs      -9   1   5  3979  0.0  1.27 -9  20.6  13.0  12.3  11.4  11.1  -9 -9.0 -9  4  1
202404031400 108   5  1.4  -9 -9.0   -9  994.6 1004.4 -9  -9.0  19.7   8.9  50.0  11.4   -9.0    0.0    0.0   -9.0   -9.0   -9.0   -9.0 -9 -9 -                       10   7   14 ScAs      -9   2   5  3239  0.0  1.29 -9  21.2  13.6  12.7  11.5  11.1  -9 -9.0 -9  3  2
202404031500 108  16  2.6  -9 -9.0   -9  994.0 1003.8  7  -2.2  19.3   9.7  54.0  12.0   -9.0    0.0    0.0   -9.0   -9.0   -9.0   -9.0 -9 62 -                       10   7   10 ScAs      -9   2   5  3212  0.0  0.59 -9  18.3  14.0  13.0  11.7  11.1  -9 -9.0 -9  3  1
202404031600 108  11  1.7  -9 -9.0   -9  993.9 1003.7 -9  -9.0  19.1   9.8  55.0  12.1   -9.0    0.0    0.0   -9.0   -9.0   -9.0   -9.0 -9 -9 -                       10   7   15 ScAs      -9   1   5  3786  0.0  0.62 -9  18.7  14.2  13.3  11.9  11.2  -9 -9.0 -9  3  2
202404031700 108  20  1.3  -9 -9.0   -9  994.1 1004.0 -9  -9.0  18.6  10.6  60.0  12.8   -9.0    0.0    0.0   -9.0   -9.0   -9.0   -9.0 -9 -9 -                       10   8   15 ScAs      -9   1   5  3166  0.0  0.34 -9  17.0  14.4  13.5  12.1  11.4  -9 -9.0 -9  3  2
202404031800 108  16  1.6  -9 -9.0   -9  994.5 1004.4  3   0.6  18.5  10.0  58.0  12.3   -9.0    0.0    0.0   -9.0   -9.0   -9.0   -9.0 -9 -9 -                        7   3   14 ScCi       1   0   5  3545  0.0  0.32 -9  16.1  14.4  13.6  12.3  11.5  -9 -9.0 -9  3  2
202404031900 108  20  1.6  -9 -9.0   -9  995.5 1005.4 -9  -9.0  17.8   9.4  58.0  11.8   -9.0    0.0    0.0   -9.0   -9.0   -9.0   -9.0 -9 -9 -                        6   4   15 -         -9  -9  -9  3802  0.3  0.17 -9  13.8  14.3  13.6  12.4  11.6  -9 -9.0 -9  3 -9
202404032000 108  25  1.4  -9 -9.0   -9  997.0 1007.0 -9  -9.0  16.7   9.1  61.0  11.6   -9.0    0.0    0.0   -9.0   -9.0   -9.0   -9.0 -9 -9 -                        1   1   -9 -         -9  -9  -9  2640 -9.0 -9.00 -9  11.9  14.0  13.5  12.5  11.7  -9 -9.0 -9  3 -9
202404032100 108  20  1.8  -9 -9.0   -9  998.1 1008.2  2   3.8  16.1  11.2  73.0  13.3   -9.0    0.0    0.0   -9.0   -9.0   -9.0   -9.0 -9 -9 -                        0   0   -9 -         -9  -9  -9  1395 -9.0 -9.00 -9  11.3  13.6  13.3  12.5  11.8  -9 -9.0 -9  3  2
202404032200 108  20  1.5  -9 -9.0   -9  999.0 1009.1 -9  -9.0  15.7  11.0  74.0  13.1   -9.0    0.0    0.0   -9.0   -9.0   -9.0   -9.0 -9 -9 -                        9   5   34 -         -9  -9  -9  1228 -9.0 -9.00 -9  11.8  13.2  13.1  12.5  11.8  -9 -9.0 -9  3 -9
202404032300 108   0  0.3  -9 -9.0   -9  999.5 1009.6 -9  -9.0  15.3  10.4  73.0  12.6   -9.0    0.0    0.0   -9.0   -9.0   -9.0   -9.0 -9 -9 -                        6   6   37 -         -9  -9  -9  1441 -9.0 -9.00 -9  11.2  13.0  12.9  12.4  11.8  -9 -9.0 -9  3 -9
202404040000 108   5  1.2  -9 -9.0   -9  999.3 1009.4  0   1.2  14.9  10.6  76.0  12.8   -9.0    0.0    0.0   -9.0   -9.0   -9.0   -9.0 -9 -9 -                        8   8   33 Ac         0   3   0  1192 -9.0 -9.00 -9  11.0  12.8  12.7  12.3  11.8  -9 -9.0 -9  3  2
202404040100 108   5  2.4  -9 -9.0   -9  999.4 1009.5 -9  -9.0  14.2   9.2  72.0  11.6   -9.0   -9.0   -9.0   -9.0   -9.0   -9.0   -9.0 -9 -9 -                        6   6   32 -         -9  -9  -9  1751 -9.0 -9.00 -9  10.5  12.7  12.6  12.2  11.8  -9 -9.0 -9  3 -9
202404040200 108   5  2.5  -9 -9.0   -9  999.7 1009.8 -9  -9.0  13.7   6.7  63.0   9.8   -9.0   -9.0   -9.0   -9.0   -9.0   -9.0   -9.0 -9 -9 -                        6   2   65 -         -9  -9  -9  3222 -9.0 -9.00 -9   9.7  12.5  12.4  12.1  11.8  -9 -9.0 -9  3 -9
202404040300 108   5  2.5  -9 -9.0   -9 1000.1 1010.3  2   0.9  13.4   6.2  62.0   9.5   -9.0   -9.0   -9.0   -9.0   -9.0   -9.0   -9.0 -9 -9 -                        8   3   37 AcCi       1   3   0  3117 -9.0 -9.00 -9   9.6  12.3  12.3  12.0  11.8  -9 -9.0 -9  3  2
202404040400 108   5  3.0  -9 -9.0   -9 1000.6 1010.8 -9  -9.0  12.9   5.5  61.0   9.0   -9.0   -9.0   -9.0   -9.0   -9.0   -9.0   -9.0 -9 -9 -                        8   8   33 Ac         0   3   0  2749 -9.0 -9.00 -9   9.6  12.1  12.1  11.9  11.7  -9 -9.0 -9  3  2
202404040500 108   7  3.2  -9 -9.0   -9 1001.1 1011.3 -9  -9.0  12.8   4.9  59.0   8.7   -9.0   -9.0   -9.0   -9.0   -9.0   -9.0   -9.0 -9 -9 -                        8   5    8 ScAc       0   3   5  2872 -9.0 -9.00 -9   9.7  12.0  12.0  11.8  11.7  -9 -9.0 -9  3  2
202404040600 108   5  3.5  -9 -9.0   -9 1002.4 1012.6  2   2.3  12.5   4.6  59.0   8.5   -9.0   -9.0   -9.0   -9.0   -9.0   -9.0   -9.0 -9 -9 -                        9   5    8 ScAc       0   3   5  2867 -9.0 -9.00 -9   9.6  11.8  11.8  11.7  11.6  -9 -9.0 -9  3  2
202404040700 108   5  4.1  -9 -9.0   -9 1002.9 1013.1 -9  -9.0  12.5   4.6  59.0   8.5   -9.0   -9.0   -9.0   -9.0   -9.0   -9.0   -9.0 -9 -9 -                        9   4    9 ScAc       0   3   5  2750  0.0  0.02 -9   9.8  11.7  11.7  11.6  11.6  -9 -9.0 -9  3  2
202404040800 108   7  4.3  -9 -9.0   -9 1003.8 1014.0 -9  -9.0  13.1   4.7  57.0   8.5   -9.0   -9.0   -9.0   -9.0   -9.0   -9.0   -9.0 -9 -9 -                        9   9   30 Ac         0   3   0  2630  0.0  0.27 -9  11.4  11.7  11.6  11.5  11.5  -9 -9.0 -9  3  2
202404040900 108   5  4.7  -9 -9.0   -9 1004.2 1014.4  2   1.8  14.5   3.8  49.0   8.0   -9.0   -9.0   -9.0   -9.0   -9.0   -9.0   -9.0 -9 -9 -                        6   1   10 ScAcCi     1   3   5  3272  0.2  0.78 -9  14.9  11.7  11.6  11.4  11.4  -9 -9.0 -9  3  2
202404041000 108   9  4.1  -9 -9.0   -9 1004.5 1014.6 -9  -9.0  16.3   3.6  43.0   7.9   -9.0   -9.0   -9.0   -9.0   -9.0   -9.0   -9.0 -9 -9 -                        8   2   11 ScCc       9   0   5  3365  0.8  1.75 -9  19.8  12.1  11.7  11.4  11.4  -9 -9.0 -9  3  2
202404041100 108   7  4.2  -9 -9.0   -9 1004.4 1014.4 -9  -9.0  18.2   4.7  41.0   8.5   -9.0   -9.0   -9.0   -9.0   -9.0   -9.0   -9.0 -9 -9 -                        2   2   10 Sc         0   0   5  3464  1.0  2.55 -9  25.3  12.7  12.0  11.3  11.2  -9 -9.0 -9  3  2
202404041200 108   7  2.3  -9 -9.0   -9 1004.8 1014.7  2   0.3  19.3   6.0  42.0   9.3   -9.0   -9.0   -9.0   -9.0   -9.0   -9.0   -9.0 -9 -9 -                        7   4   13 ScCi       1   0   5  3143  0.6  2.34 -9  26.0  13.4  12.4  11.5  11.3  -9 -9.0 -9  3  2
202404041300 108  11  2.9  -9 -9.0   -9 1004.5 1014.4 -9  -9.0  19.4   6.8  44.0   9.9   -9.0   -9.0   -9.0   -9.0   -9.0   -9.0   -9.0 -9 -9 -                        4   4   13 Sc         0   0   5  3045  0.3  2.20 -9  26.7  14.2  13.0  11.6  11.2  -9 -9.0 -9  3  2
202404041400 108   7  2.8  -9 -9.0   -9 1004.2 1014.2 -9  -9.0  20.1   7.1  43.0  10.1   -9.0   -9.0   -9.0   -9.0   -9.0   -9.0   -9.0 -9 -9 -                        7   4   14 ScAc       0   3   5  3062  0.4  2.09 -9  25.0  14.9  13.6  11.9  11.3  -9 -9.0 -9  3  2
202404041500 108  16  2.1  -9 -9.0   -9 1003.8 1013.7  7  -1.0  19.3   6.7  44.0   9.8   -9.0   -9.0   -9.0   -9.0   -9.0   -9.0   -9.0 -9 -9 -                        7   7   15 Sc         0   0   5  2821  0.1  1.21 -9  21.7  15.4  14.0  12.4  11.4  -9 -9.0 -9  3  2
202404041600 108   9  2.4  -9 -9.0   -9 1003.7 1013.6 -9  -9.0  19.4   6.4  43.0   9.6   -9.0   -9.0   -9.0   -9.0   -9.0   -9.0   -9.0 -9 -9 -                        6   6   16 Sc         0   0   5  3153  0.2  1.27 -9  20.9  15.6  14.4  12.5  11.5  -9 -9.0 -9  3  2
202404041700 108  14  3.9  -9 -9.0   -9 1004.1 1014.1 -9  -9.0  18.7   6.5  45.0   9.7   -9.0   -9.0   -9.0   -9.0   -9.0   -9.0   -9.0 -9 -9 -                        6   6   17 Sc         0   0   5  2803  0.0  0.63 -9  18.5  15.7  14.7  12.9  11.8  -9 -9.0 -9  3  2
202404041800 108  14  3.0  -9 -9.0   -9 1004.6 1014.6  3   0.9  17.5   6.6  49.0   9.7   -9.0   -9.0   -9.0   -9.0   -9.0   -9.0   -9.0 -9 -9 -                        6   6   17 Sc         0   0   5  2926  0.0  0.25 -9  15.7  15.5  14.7  13.2  12.0  -9 -9.0 -9  3  2
202404041900 108  14  3.3  -9 -9.0   -9 1005.2 1015.3 -9  -9.0  16.4   5.9  50.0   9.3   -9.0   -9.0   -9.0   -9.0   -9.0   -9.0   -9.0 -9 -9 -                        6   2   25 -         -9  -9  -9  3027  0.0  0.11 -9  13.2  15.2  14.6  13.3  12.2  -9 -9.0 -9  3 -9
202404042000 108  14  2.8  -9 -9.0   -9 1006.2 1016.4 -9  -9.0  15.4   6.1  54.0   9.4   -9.0   -9.0   -9.0   -9.0   -9.0   -9.0   -9.0 -9 -9 -                        4   3   -9 -         -9  -9  -9  2810 -9.0 -9.00 -9  11.6  14.8  14.4  13.4  12.3  -9 -9.0 -9  3 -9
202404042100 108  11  3.0  -9 -9.0   -9 1007.3 1017.5  2   2.9  14.6   5.9  56.0   9.3   -9.0   -9.0   -9.0   -9.0   -9.0   -9.0   -9.0 -9 -9 -                        4   0   -9 Ci         1   0   0  2642 -9.0 -9.00 -9  10.7  14.3  14.1  13.3  12.4  -9 -9.0 -9  3  2
202404042200 108  11  3.5  -9 -9.0   -9 1008.1 1018.3 -9  -9.0  14.1   5.4  56.0   9.0   -9.0   -9.0   -9.0   -9.0   -9.0   -9.0   -9.0 -9 -9 -                        5   1   -9 -         -9  -9  -9  2851 -9.0 -9.00 -9  10.0  13.9  13.8  13.3  12.5  -9 -9.0 -9  3 -9
202404042300 108   9  2.4  -9 -9.0   -9 1008.0 1018.2 -9  -9.0  13.5   4.6  55.0   8.5   -9.0   -9.0   -9.0   -9.0   -9.0   -9.0   -9.0 -9 -9 -                        6   1   -9 -         -9  -9  -9  2978 -9.0 -9.00 -9   9.4  13.6  13.6  13.1  12.5  -9 -9.0 -9  3 -9
202404050000 108   9  2.4  -9 -9.0   -9 1008.2 1018.5  2   1.0  13.1   4.5  56.0   8.4   -9.0   -9.0   -9.0   -9.0   -9.0   -9.0   -9.0 -9 -9 -                        5   5   14 Sc         0   0   5  3188 -9.0 -9.00 -9   9.0  13.2  13.3  13.0  12.5  -9 -9.0 -9  3  2
202404050100 108  11  1.5  -9 -9.0   -9 1008.4 1018.7 -9  -9.0  12.8   3.9  55.0   8.1   -9.0   -9.0   -9.0   -9.0   -9.0   -9.0   -9.0 -9 -9 -                        4   4   12 -         -9  -9  -9  3297 -9.0 -9.00 -9   9.6  12.9  13.0  12.8  12.5  -9 -9.0 -9  3 -9
202404050200 108   9  2.4  -9 -9.0   -9 1008.4 1018.7 -9  -9.0  12.8   3.7  54.0   8.0   -9.0   -9.0   -9.0   -9.0   -9.0   -9.0   -9.0 -9 -9 -                        9   9   12 -         -9  -9  -9  3345 -9.0 -9.00 -9  10.0  12.7  12.8  12.7  12.4  -9 -9.0 -9  3 -9
202404050300 108  11  2.9  -9 -9.0   -9 1008.3 1018.6  0   0.1  12.7   2.5  50.0   7.3   -9.0   -9.0   -9.0   -9.0   -9.0   -9.0   -9.0 -9 -9 -                        9   9    8 Sc         0   0   5  3269 -9.0 -9.00 -9   9.8  12.6  12.6  12.5  12.3  -9 -9.0 -9  3  2
202404050400 108   7  2.7  -9 -9.0   -9 1008.4 1018.7 -9  -9.0  12.5   2.6  51.0   7.4   -9.0   -9.0   -9.0   -9.0   -9.0   -9.0   -9.0 -9 -9 -                        9   9    9 Sc         0   0   5  3278 -9.0 -9.00 -9   9.9  12.5  12.5  12.4  12.3  -9 -9.0 -9  3  2
202404050500 108   9  1.7  -9 -9.0   -9 1008.2 1018.5 -9  -9.0  12.2   2.3  51.0   7.2   -9.0   -9.0   -9.0   -9.0   -9.0   -9.0   -9.0 -9 -9 -                        9   9    8 Sc         0   0   5  3349 -9.0 -9.00 -9   9.8  12.3  12.4  12.2  12.2  -9 -9.0 -9  3  2
202404050600 108  14  2.1  -9 -9.0   -9 1008.5 1018.8  3   0.2  12.1   2.2  51.0   7.2   -9.0   -9.0   -9.0   -9.0   -9.0   -9.0   -9.0 -9 -9 -                        9   9    8 Sc         0   0   5  3238 -9.0 -9.00 -9   9.7  12.2  12.2  12.1  12.1  -9 -9.0 -9  3  2
202404050700 108   7  2.3  -9 -9.0   -9 1008.8 1019.1 -9  -9.0  12.1   2.7  53.0   7.4   -9.0   -9.0   -9.0   -9.0   -9.0   -9.0   -9.0 -9 -9 -                        9   9    9 Sc         0   0   5  3296  0.0  0.04 -9  10.1  12.1  12.1  12.0  12.0  -9 -9.0 -9  3  2
202404050800 108   5  3.2  -9 -9.0   -9 1009.3 1019.6 -9  -9.0  12.3   2.7  52.0   7.4   -9.0   -9.0   -9.0   -9.0   -9.0   -9.0   -9.0 -9 -9 -                        9   9    7 Sc         0   0   5  3143  0.0  0.13 -9  10.7  12.1  12.0  11.9  12.0  -9 -9.0 -9  3  2
202404050900 108  14  2.8  -9 -9.0   -9 1009.9 1020.2  2   1.4  12.4   2.8  52.0   7.5   -9.0   -9.0   -9.0   -9.0   -9.0   -9.0   -9.0 -9 -9 -                        9   9    8 Sc         0   0   5  2908  0.0  0.21 -9  11.0  12.1  12.0  11.8  11.9  -9 -9.0 -9  3  2
202404051000 108  11  3.0  -9 -9.0   -9 1009.8 1020.1 -9  -9.0  13.3   3.0  50.0   7.6   -9.0   -9.0   -9.0   -9.0   -9.0   -9.0   -9.0 -9 -9 -                        7   7    8 Sc         0   0   5  2683  0.0  0.66 -9  14.8  12.1  12.0  11.8  11.8  -9 -9.0 -9  3  2
202404051100 108   9  1.8  -9 -9.0   -9 1009.3 1019.5 -9  -9.0  15.9   3.9  45.0   8.1   -9.0   -9.0   -9.0   -9.0   -9.0   -9.0   -9.0 -9 -9 -                        2   2   10 Sc         0   0   5  3135  0.7  2.40 -9  24.9  12.5  12.1  11.7  11.8  -9 -9.0 -9  3  2
202404051200 108  18  1.8  -9 -9.0   -9 1008.6 1018.7  7  -1.5  16.7   5.0  46.0   8.7   -9.0   -9.0   -9.0   -9.0   -9.0   -9.0   -9.0 -9 -9 -                        9   9    8 Sc         0   0   5  2235  0.4  2.01 -9  21.9  13.4  12.5  11.8  11.7  -9 -9.0 -9  3  2
202404051300 108  20  3.7  -9 -9.0   -9 1008.3 1018.4 -9  -9.0  17.3   6.1  48.0   9.4   -9.0   -9.0   -9.0   -9.0   -9.0   -9.0   -9.0 -9 -9 -                        3   3   10 Sc         0   0   5  1918  0.2  1.67 -9  24.1  14.0  13.0  11.9  11.7  -9 -9.0 -9  3  2
202404051400 108  20  3.5  -9 -9.0   -9 1007.6 1017.6 -9  -9.0  18.1   6.9  48.0   9.9   -9.0   -9.0   -9.0   -9.0   -9.0   -9.0   -9.0 -9 -9 -                        6   6   10 Sc         0   0   5  1884  0.7  2.54 -9  24.5  14.7  13.5  12.1  11.7  -9 -9.0 -9  3  2
202404051500 108  23  4.5  -9 -9.0   -9 1007.0 1017.0  7  -1.7  18.4   7.7  50.0  10.5   -9.0   -9.0   -9.0   -9.0   -9.0   -9.0   -9.0 -9 -9 -                        3   3   10 Sc         0   0   5  2010  0.9  2.71 -9  28.0  15.3  14.0  12.3  11.7  -9 -9.0 -9  3  2
202404051600 108  23  4.5  -9 -9.0   -9 1006.9 1016.9 -9  -9.0  17.9   6.1  46.0   9.4   -9.0   -9.0   -9.0   -9.0   -9.0   -9.0   -9.0 -9 -9 -                        0   0   -9 -         -9  -9  -9  1818  1.0  2.25 -9  25.7  15.7  14.5  12.7  11.9  -9 -9.0 -9  3  2
202404051700 108  23  3.9  -9 -9.0   -9 1007.0 1017.0 -9  -9.0  17.7   4.2  41.0   8.2   -9.0   -9.0   -9.0   -9.0   -9.0   -9.0   -9.0 -9 -9 -                        0   0   -9 -         -9  -9  -9  2452  1.0  1.54 -9  21.5  15.9  14.8  13.0  12.1  -9 -9.0 -9  3  2
202404051800 108  25  3.6  -9 -9.0   -9 1007.4 1017.5  3   0.5  16.4   2.7  40.0   7.4   -9.0   -9.0   -9.0   -9.0   -9.0   -9.0   -9.0 -9 -9 -                        0   0   -9 -         -9  -9  -9  2703  1.0  0.77 -9  16.1  15.8  15.0  13.4  12.3  -9 -9.0 -9  3  2
202404051900 108  25  1.7  -9 -9.0   -9 1007.6 1017.8 -9  -9.0  14.9   2.0  42.0   7.1   -9.0   -9.0   -9.0   -9.0   -9.0   -9.0   -9.0 -9 -9 -                        0   0   -9 -         -9  -9  -9  2389  0.3  0.18 -9  12.9  15.5  14.9  13.6  12.5  -9 -9.0 -9  3 -9
202404052000 108  20  2.8  -9 -9.0   -9 1008.4 1018.6 -9  -9.0  13.9   2.1  45.0   7.1   -9.0   -9.0   -9.0   -9.0   -9.0   -9.0   -9.0 -9 -9 -                        0   0   -9 -         -9  -9  -9  2064 -9.0 -9.00 -9  10.9  15.0  14.7  13.7  12.7  -9 -9.0 -9  3 -9
202404052100 108  27  2.2  -9 -9.0   -9 1009.3 1019.6  2   2.1  12.8   3.7  54.0   8.0   -9.0   -9.0   -9.0   -9.0   -9.0   -9.0   -9.0 -9 -9 -                        0   0   -9 -         -9  -9  -9  1887 -9.0 -9.00 -9   9.8  14.4  14.3  13.7  12.9  -9 -9.0 -9  3  2
202404052200 108  29  2.1  -9 -9.0   -9 1010.0 1020.4 -9  -9.0  11.6   4.7  63.0   8.5   -9.0   -9.0   -9.0   -9.0   -9.0   -9.0   -9.0 -9 -9 -                        0   0   -9 -         -9  -9  -9  1587 -9.0 -9.00 -9   9.0  13.9  14.0  13.6  12.9  -9 -9.0 -9  3 -9
202404052300 108   0  0.4  -9 -9.0   -9 1009.8 1020.2 -9  -9.0  10.9   4.1  63.0   8.2   -9.0   -9.0   -9.0   -9.0   -9.0   -9.0   -9.0 -9 -9 -                        0   0   -9 -         -9  -9  -9  1439 -9.0 -9.00 -9   8.1  13.5  13.6  13.5  12.9  -9 -9.0 -9  3 -9
202404060000 108  27  0.7  -9 -9.0   -9 1009.5 1019.9  0   0.3  10.2   4.3  67.0   8.3   -9.0   -9.0   -9.0   -9.0   -9.0   -9.0   -9.0 -9 -9 -                        2   0   -9 Ci         1   0   0  1343 -9.0 -9.00 -9   7.3  13.0  13.3  13.3  12.9  -9 -9.0 -9  3  2
202404060100 108  29  1.3  -9 -9.0   -9 1009.6 1020.0 -9  -9.0  10.3   5.0  70.0   8.7   -9.0   -9.0   -9.0   -9.0   -9.0   -9.0   -9.0 -9 -9 -                        5   1   -9 -         -9  -9  -9  1265 -9.0 -9.00 -9   6.9  12.6  12.9  13.1  12.9  -9 -9.0 -9  3 -9
202404060200 108  25  1.8  -9 -9.0   -9 1009.6 1020.0 -9  -9.0   9.7   4.6  71.0   8.5   -9.0   -9.0   -9.0   -9.0   -9.0   -9.0   -9.0 -9 -9 -                        7   1   -9 -         -9  -9  -9  1266 -9.0 -9.00 -9   7.0  12.2  12.6  12.9  12.8  -9 -9.0 -9  3 -9
202404060300 108  25  2.1  -9 -9.0   -9 1009.7 1020.1  2   0.2   9.5   4.8  73.0   8.6   -9.0   -9.0   -9.0   -9.0   -9.0   -9.0   -9.0 -9 -9 -                        4   0   -9 Ci         1   0   0  1005 -9.0 -9.00 -9   6.8  12.0  12.3  12.6  12.7  -9 -9.0 -9  3  2
202404060400 108  29  1.1  -9 -9.0   -9 1009.9 1020.3 -9  -9.0   9.2   4.7  74.0   8.5   -9.0   -9.0   -9.0   -9.0   -9.0   -9.0   -9.0  5  0 40                       2   0   -9 Ci         1   0   0   781 -9.0 -9.00 -9   6.2  11.7  12.0  12.4  12.6  -9 -9.0 -9  3  1
202404060500 108  27  1.5  -9 -9.0   -9 1009.7 1020.2 -9  -9.0   8.4   4.5  77.0   8.4   -9.0   -9.0   -9.0   -9.0   -9.0   -9.0   -9.0  5  0 40                       0   0   -9 -         -9  -9  -9   713 -9.0 -9.00 -9   5.4  11.4  11.8  12.2  12.4  -9 -9.0 -9  3  1
202404060600 108  27  1.5  -9 -9.0   -9 1010.1 1020.6  2   0.5   8.2   4.9  80.0   8.7   -9.0   -9.0   -9.0   -9.0   -9.0   -9.0   -9.0 10  0 4019                     4   0   -9 Ci         1   0   0   706 -9.0 -9.00 -9   5.1  11.1  11.5  12.0  12.3  -9 -9.0 -9  3  1
202404060700 108  27  1.0  -9 -9.0   -9 1010.4 1020.9 -9  -9.0   8.3   5.0  80.0   8.7   -9.0   -9.0   -9.0   -9.0   -9.0   -9.0   -9.0 10 22 19                       9   0   -9 Ci         1   0   0   726  0.0  0.11 -9   6.8  10.8  11.2  11.8  12.2  -9 -9.0 -9  3  1
202404060800 108  34  1.3  -9 -9.0   -9 1010.2 1020.6 -9  -9.0   9.4   5.3  76.0   8.9   -9.0   -9.0   -9.0   -9.0   -9.0   -9.0   -9.0 10 22 19                      10   0   -9 Cs         7   0   0   746  0.0  0.47 -9  10.0  10.7  11.1  11.5  12.0  -9 -9.0 -9  3  1
202404060900 108  23  0.6  -9 -9.0   -9 1010.3 1020.7  0   0.1  11.0   5.7  70.0   9.2   -9.0   -9.0   -9.0   -9.0   -9.0   -9.0   -9.0 10 11 19                       8   0   -9 Ci         1   0   0   819  0.1  0.85 -9  14.2  10.9  11.0  11.4  11.9  -9 -9.0 -9  3  1
202404061000 108  20  1.2  -9 -9.0   -9 1010.3 1020.6 -9  -9.0  12.7   2.2  49.0   7.2   -9.0   -9.0   -9.0   -9.0   -9.0   -9.0   -9.0 -9 -9 4019                     9   0   -9 Ci         2   0   0  1307  0.0  1.28 -9  16.3  11.4  11.2  11.3  11.8  -9 -9.0 -9  3  2
202404061100 108  23  1.7  -9 -9.0   -9 1010.5 1020.7 -9  -9.0  14.1   2.3  45.0   7.2   -9.0   -9.0   -9.0   -9.0   -9.0   -9.0   -9.0 -9 -9 -                        9   0   -9 Ci         2   0   0  1417  0.1  1.38 -9  19.0  12.0  11.5  11.3  11.7  -9 -9.0 -9  3  2
202404061200 108  29  1.5  -9 -9.0   -9 1009.6 1019.8  7  -0.9  15.6  -0.6  33.0   5.8   -9.0   -9.0   -9.0   -9.0   -9.0   -9.0   -9.0 -9 -9 -                        8   0   -9 Ci         1   0   0  1574  1.0  2.16 -9  24.7  12.7  12.0  11.3  11.5  -9 -9.0 -9  3  2
202404061300 108  27  3.4  -9 -9.0   -9 1008.7 1018.7 -9  -9.0  18.2   2.0  34.0   7.1   -9.0   -9.0   -9.0   -9.0   -9.0   -9.0   -9.0 -9 -9 -                        8   0   -9 Ci         1   0   0  1406  1.0  3.06 -9  28.2  13.5  12.5  11.5  11.6  -9 -9.0 -9  3  2
202404061400 108  25  3.1  -9 -9.0   -9 1007.9 1017.9 -9  -9.0  18.2   2.0  34.0   7.1   -9.0   -9.0   -9.0   -9.0   -9.0   -9.0   -9.0 -9 -9 -                        9   0   -9 Ci         2   0   0  1551  0.6  2.04 -9  25.5  14.3  13.1  11.8  11.6  -9 -9.0 -9  3  2
202404061500 108  23  3.7  -9 -9.0   -9 1007.6 1017.6  7  -2.2  18.7   0.7  30.0   6.4   -9.0   -9.0   -9.0   -9.0   -9.0   -9.0   -9.0 -9 -9 -                        7   0   -9 Ci         1   0   0  1448  0.9  2.10 -9  24.6  14.9  13.6  12.1  11.7  -9 -9.0 -9  3  2
202404061600 108  27  4.6  -9 -9.0   -9 1007.2 1017.3 -9  -9.0  17.4   0.5  32.0   6.3   -9.0   -9.0   -9.0   -9.0   -9.0   -9.0   -9.0 -9 -9 -                        6   0   -9 Ci         1   0   0  1567  0.6  1.67 -9  22.9  15.3  14.1  12.4  11.8  -9 -9.0 -9  3  2
202404061700 108  25  3.4  -9 -9.0   -9 1006.9 1017.0 -9  -9.0  16.7  -0.5  31.0   5.9   -9.0   -9.0   -9.0   -9.0   -9.0   -9.0   -9.0 -9 -9 -                        0   0   -9 -         -9  -9  -9  1568  1.0  1.47 -9  20.2  15.3  14.3  12.8  12.0  -9 -9.0 -9  3  2
202404061800 108  23  1.9  -9 -9.0   -9 1006.5 1016.6  7  -1.0  16.1  -1.5  30.0   5.5   -9.0   -9.0   -9.0   -9.0   -9.0   -9.0   -9.0 -9 -9 -                        0   0   -9 -         -9  -9  -9  1573  1.0  0.73 -9  15.4  15.3  14.4  13.4  12.1  -9 -9.0 -9  3  2
202404061900 108  27  2.8  -9 -9.0   -9 1006.6 1016.8 -9  -9.0  14.3  -0.9  35.0   5.7   -9.0   -9.0   -9.0   -9.0   -9.0   -9.0   -9.0 -9 -9 -                        0   0   -9 -         -9  -9  -9  1518  0.3  0.17 -9  12.0  14.9  14.4  13.2  12.4  -9 -9.0 -9  3 -9
202404062000 108  27  2.0  -9 -9.0   -9 1007.2 1017.5 -9  -9.0  12.9  -1.4  37.0   5.5   -9.0   -9.0   -9.0   -9.0   -9.0   -9.0   -9.0 -9 -9 -                        0   0   -9 -         -9  -9  -9  1441 -9.0 -9.00 -9  10.0  14.4  14.2  13.3  12.5  -9 -9.0 -9  3  2
202404062100 108  29  1.0  -9 -9.0   -9 1007.9 1018.2  2   1.6  12.0  -1.9  38.0   5.3   -9.0   -9.0   -9.0   -9.0   -9.0   -9.0   -9.0 -9 -9 -                        0   0   -9 -         -9  -9  -9  1553 -9.0 -9.00 -9   8.8  13.9  13.8  13.3  12.6  -9 -9.0 -9  3  2
202404062200 108  25  1.0  -9 -9.0   -9 1008.1 1018.5 -9  -9.0  11.0  -3.5  36.0   4.7   -9.0   -9.0   -9.0   -9.0   -9.0   -9.0   -9.0 -9 -9 -                        0   0   -9 -         -9  -9  -9  1770 -9.0 -9.00 -9   7.8  13.3  13.5  13.2  12.7  -9 -9.0 -9  3 -9
202404062300 108  27  1.9  -9 -9.0   -9 1008.3 1018.7 -9  -9.0  10.6  -3.8  36.0   4.6   -9.0   -9.0   -9.0   -9.0   -9.0   -9.0   -9.0 -9 -9 -                        3   1   -9 -         -9  -9  -9  1734 -9.0 -9.00 -9   7.1  12.9  13.1  13.0  12.7  -9 -9.0 -9  3 -9
202404070000 108  25  1.5  -9 -9.0   -9 1008.7 1019.1  2   0.9  10.3  -4.5  35.0   4.4   -9.0   -9.0   -9.0   -9.0   -9.0   -9.0   -9.0 -9 -9 -                        0   0   -9 -         -9  -9  -9  1864 -9.0 -9.00 -9   6.5  12.4  12.7  12.8  12.7  -9 -9.0 -9  3  2
202404070100 108  34  0.6  -9 -9.0   -9 1008.6 1019.0 -9  -9.0   9.8  -3.8  38.0   4.6   -9.0   -9.0   -9.0   -9.0   -9.0   -9.0   -9.0 -9 -9 -                        0   0   -9 -         -9  -9  -9  1812 -9.0 -9.00 -9   6.0  12.1  12.4  12.6  12.6  -9 -9.0 -9  3 -9
202404070200 108  29  1.6  -9 -9.0   -9 1008.7 1019.1 -9  -9.0   9.7  -3.2  40.0   4.8   -9.0   -9.0   -9.0   -9.0   -9.0   -9.0   -9.0 -9 -9 -                        6   1   -9 -         -9  -9  -9  1728 -9.0 -9.00 -9   5.7  11.7  12.1  12.4  12.5  -9 -9.0 -9  3 -9
202404070300 108  27  1.6  -9 -9.0   -9 1008.5 1018.9  7  -0.2   9.0  -3.9  40.0   4.6   -9.0   -9.0   -9.0   -9.0   -9.0   -9.0   -9.0 -9 -9 -                        7   0   -9 Ci         1   0   0  1826 -9.0 -9.00 -9   5.4  11.4  11.8  12.2  12.4  -9 -9.0 -9  3  2
202404070400 108   0  0.4  -9 -9.0   -9 1008.2 1018.6 -9  -9.0   8.7  -2.5  45.0   5.1   -9.0   -9.0   -9.0   -9.0   -9.0   -9.0   -9.0 -9 -9 -                        4   0   -9 Ci         1   0   0  1658 -9.0 -9.00 -9   5.0  11.1  11.5  12.0  12.3  -9 -9.0 -9  3  2
202404070500 108   5  0.6  -9 -9.0   -9 1008.3 1018.8 -9  -9.0   8.3  -3.5  43.0   4.7   -9.0   -9.0   -9.0   -9.0   -9.0   -9.0   -9.0 -9 -9 -                        2   0   -9 Ci         1   0   0  1623 -9.0 -9.00 -9   4.7  10.8  11.2  11.7  12.2  -9 -9.0 -9  3  2
202404070600 108   2  2.2  -9 -9.0   -9 1008.1 1018.6  6  -0.3   7.9  -1.9  50.0   5.3   -9.0   -9.0   -9.0   -9.0   -9.0   -9.0   -9.0 -9 -9 -                        0   0   -9 -         -9  -9  -9  1492 -9.0 -9.00 -9   4.3  10.5  11.0  11.5  12.0  -9 -9.0 -9  3  2
202404070700 108   5  1.7  -9 -9.0   -9 1008.5 1019.0 -9  -9.0   7.9  -1.3  52.0   5.6   -9.0   -9.0   -9.0   -9.0   -9.0   -9.0   -9.0 -9 -9 -                        0   0   -9 -         -9  -9  -9  1551  0.1  0.10 -9   5.3  10.3  10.7  11.3  11.9  -9 -9.0 -9  3  2
202404070800 108   2  1.2  -9 -9.0   -9 1009.0 1019.4 -9  -9.0   9.8  -0.1  50.0   6.1   -9.0   -9.0   -9.0   -9.0   -9.0   -9.0   -9.0 -9 -9 -                        0   0   -9 -         -9  -9  -9  1401  1.0  0.60 -9   9.9  10.2  10.5  11.1  11.7  -9 -9.0 -9  3  2
202404070900 108   9  0.8  -9 -9.0   -9 1009.3 1019.6  2   1.0  12.7   0.4  43.0   6.3   -9.0   -9.0   -9.0   -9.0   -9.0   -9.0   -9.0 -9 -9 -                        0   0   -9 -         -9  -9  -9  1277  1.0  1.35 -9  16.0  10.4  10.5  10.9  11.6  -9 -9.0 -9  3  2
202404071000 108  14  1.2  -9 -9.0   -9 1009.1 1019.3 -9  -9.0  15.6   0.5  36.0   6.3   -9.0   -9.0   -9.0   -9.0   -9.0   -9.0   -9.0 -9 -9 -                        0   0   -9 -         -9  -9  -9  1180  1.0  1.98 -9  21.6  11.1  10.8  10.8  11.4  -9 -9.0 -9  3  2
202404071100 108  25  1.8  -9 -9.0   -9 1008.7 1018.8 -9  -9.0  17.4  -0.8  29.0   5.8   -9.0   -9.0   -9.0   -9.0   -9.0   -9.0   -9.0 -9 -9 -                        0   0   -9 -         -9  -9  -9  1432  1.0  2.65 -9  26.8  12.1  11.2  10.8  11.3  -9 -9.0 -9  3  2
202404071200 108  20  2.7  -9 -9.0   -9 1008.1 1018.1  7  -1.5  19.4  -1.1  25.0   5.6   -9.0   -9.0   -9.0   -9.0   -9.0   -9.0   -9.0 -9 -9 -                        0   0   -9 -         -9  -9  -9  1579  1.0  3.05 -9  30.0  13.2  11.9  11.0  11.2  -9 -9.0 -9  3  2
202404071300 108  27  2.5  -9 -9.0   -9 1007.4 1017.4 -9  -9.0  20.3  -1.5  23.0   5.5   -9.0   -9.0   -9.0   -9.0   -9.0   -9.0   -9.0 -9 -9 -                        0   0   -9 -         -9  -9  -9  1376  1.0  3.17 -9  32.4  14.3  12.7  11.3  11.2  -9 -9.0 -9  3  2
202404071400 108  20  2.0  -9 -9.0   -9 1006.4 1016.3 -9  -9.0  22.0  -0.1  23.0   6.1   -9.0   -9.0   -9.0   -9.0   -9.0   -9.0   -9.0 -9 -9 -                        0   0   -9 -         -9  -9  -9  1290  1.0  3.10 -9  33.4  15.2  13.5  11.7  11.3  -9 -9.0 -9  3  2
202404071500 108  20  3.3  -9 -9.0   -9 1005.6 1015.4  7  -2.7  22.9   0.0  22.0   6.1   -9.0   -9.0   -9.0   -9.0   -9.0   -9.0   -9.0 -9 -9 -                        1   0   -9 Ci         1   0   0  1304  1.0  2.76 -9  31.9  16.1  14.3  12.2  11.5  -9 -9.0 -9  3  2
202404071600 108  27  3.0  -9 -9.0   -9 1004.9 1014.7 -9  -9.0  23.2   0.8  23.0   6.5   -9.0   -9.0   -9.0   -9.0   -9.0   -9.0   -9.0 -9 -9 -                        1   0   -9 Ci         1   0   0  1169  1.0  2.20 -9  29.6  16.6  15.0  12.7  11.7  -9 -9.0 -9  3  2
202404071700 108  25  3.3  -9 -9.0   -9 1005.0 1014.8 -9  -9.0  22.7   1.0  24.0   6.6   -9.0   -9.0   -9.0   -9.0   -9.0   -9.0   -9.0 -9 -9 -                        0   0   -9 -         -9  -9  -9  1432  1.0  1.51 -9  24.7  16.9  15.4  13.1  11.9  -9 -9.0 -9  3  2
202404071800 108  25  5.2  -9 -9.0   -9 1005.8 1015.8  3   0.4  19.9  -0.1  26.0   6.1   -9.0   -9.0   -9.0   -9.0   -9.0   -9.0   -9.0 -9 -9 -                        0   0   -9 -         -9  -9  -9  1631  1.0  0.75 -9  18.7  16.8  15.6  13.6  12.2  -9 -9.0 -9  3  2
202404071900 108  27  3.4  -9 -9.0   -9 1006.5 1016.6 -9  -9.0  17.4  -0.3  30.0   6.0   -9.0   -9.0   -9.0   -9.0   -9.0   -9.0   -9.0 -9 -9 -                        0   0   -9 -         -9  -9  -9  2166  0.3  0.18 -9  14.8  16.4  15.6  13.9  12.5  -9 -9.0 -9  3 -9
202404072000 108  25  2.8  -9 -9.0   -9 1007.4 1017.6 -9  -9.0  15.6  -1.4  31.0   5.5   -9.0   -9.0   -9.0   -9.0   -9.0   -9.0   -9.0 -9 -9 -                        0   0   -9 -         -9  -9  -9  2085 -9.0 -9.00 -9  12.5  15.8  15.3  14.0  12.8  -9 -9.0 -9  3  2
202404072100 108  27  2.1  -9 -9.0   -9 1007.5 1017.7  2   1.9  14.3  -4.9  26.0   4.2   -9.0   -9.0   -9.0   -9.0   -9.0   -9.0   -9.0 -9 -9 -                        0   0   -9 -         -9  -9  -9  2676 -9.0 -9.00 -9  10.8  15.2  15.0  14.1  12.9  -9 -9.0 -9  3  2
202404072200 108  25  1.7  -9 -9.0   -9 1007.7 1017.9 -9  -9.0  13.4  -4.3  29.0   4.4   -9.0   -9.0   -9.0   -9.0   -9.0   -9.0   -9.0 -9 -9 -                        5   1   -9 -         -9  -9  -9  2591 -9.0 -9.00 -9   9.7  14.6  14.6  14.0  13.1  -9 -9.0 -9  3 -9
202404072300 108  25  2.0  -9 -9.0   -9 1007.6 1017.9 -9  -9.0  12.5  -4.2  31.0   4.5   -9.0   -9.0   -9.0   -9.0   -9.0   -9.0   -9.0 -9 -9 -                        6   1   -9 -         -9  -9  -9  2628 -9.0 -9.00 -9   8.9  14.1  14.2  13.8  13.1  -9 -9.0 -9  3 -9
202404080000 108  20  0.5  -9 -9.0   -9 1008.0 1018.3  2   0.6  12.0  -3.0  35.0   4.9   -9.0   -9.0   -9.0   -9.0   -9.0   -9.0   -9.0 -9 -9 -                        0   0   -9 -         -9  -9  -9  2406 -9.0 -9.00 -9   8.2  13.6  13.8  13.6  13.1  -9 -9.0 -9  3  2
202404080100 108   0  0.2  -9 -9.0   -9 1007.6 1017.9 -9  -9.0  11.6  -1.5  40.0   5.5   -9.0   -9.0   -9.0   -9.0   -9.0   -9.0   -9.0 -9 -9 -                        9   1   -9 -         -9  -9  -9  2361 -9.0 -9.00 -9   8.0  13.2  13.5  13.4  13.1  -9 -9.0 -9  3 -9
202404080200 108  34  0.6  -9 -9.0   -9 1007.2 1017.5 -9  -9.0  11.7  -1.1  41.0   5.6   -9.0   -9.0   -9.0   -9.0   -9.0   -9.0   -9.0 -9 -9 -                        9   1   -9 -         -9  -9  -9  2246 -9.0 -9.00 -9   8.3  12.9  13.1  13.2  13.0  -9 -9.0 -9  3 -9
202404080300 108   2  1.7  -9 -9.0   -9 1006.9 1017.2  7  -1.1  11.5   0.0  45.0   6.1   -9.0   -9.0   -9.0   -9.0   -9.0   -9.0   -9.0 -9 -9 -                        9   0   -9 Ci         2   0   0  2239 -9.0 -9.00 -9   8.2  12.6  12.8  13.0  12.9  -9 -9.0 -9  3  2
202404080400 108   2  1.1  -9 -9.0   -9 1006.7 1017.0 -9  -9.0  11.5   0.0  45.0   6.1   -9.0   -9.0   -9.0   -9.0   -9.0   -9.0   -9.0 -9 -9 -                        9   0   -9 Ci         2   0   0  2091 -9.0 -9.00 -9   8.1  12.4  12.6  12.8  12.8  -9 -9.0 -9  3  2
202404080500 108   0  0.4  -9 -9.0   -9 1006.9 1017.2 -9  -9.0  11.3   0.0  46.0   6.1   -9.0   -9.0   -9.0   -9.0   -9.0   -9.0   -9.0 -9 -9 -                        6   0   -9 Ci         1   0   0  2076 -9.0 -9.00 -9   7.5  12.2  12.4  12.6  12.7  -9 -9.0 -9  3  2
202404080600 108  27  1.0  -9 -9.0   -9 1007.4 1017.8  3   0.6  11.1   1.0  50.0   6.6   -9.0   -9.0   -9.0   -9.0   -9.0   -9.0   -9.0 -9 -9 -                        8   0   -9 Ci         1   0   0  2077 -9.0 -9.00 -9   7.4  11.9  12.2  12.4  12.6  -9 -9.0 -9  3  2
202404080700 108   2  1.3  -9 -9.0   -9 1007.6 1018.0 -9  -9.0  11.1   1.0  50.0   6.6   -9.0   -9.0   -9.0   -9.0   -9.0   -9.0   -9.0 -9 -9 -                        9   0   -9 Ci         2   0   0  1930  0.0  0.05 -9   8.5  11.7  12.0  12.2  12.5  -9 -9.0 -9  3  2
202404080800 108   7  0.8  -9 -9.0   -9 1007.6 1017.9 -9  -9.0  12.1   1.6  49.0   6.9   -9.0   -9.0   -9.0   -9.0   -9.0   -9.0   -9.0 -9 -9 -                        9   0   -9 Ci         1   0   0  1885  0.0  0.38 -9  11.7  11.7  11.9  12.1  12.4  -9 -9.0 -9  3  2
202404080900 108  36  1.6  -9 -9.0   -9 1007.3 1017.5  8  -0.3  14.2   1.1  41.0   6.6   -9.0   -9.0   -9.0   -9.0   -9.0   -9.0   -9.0 -9 -9 -                        9   0   -9 Ci         2   0   0  1867  0.2  0.88 -9  14.9  11.9  11.9  12.0  12.3  -9 -9.0 -9  3  2
202404081000 108  18  1.8  -9 -9.0   -9 1007.2 1017.3 -9  -9.0  16.3   2.6  40.0   7.4   -9.0   -9.0   -9.0   -9.0   -9.0   -9.0   -9.0 -9 -9 -                        9   0   -9 Ci         2   0   0  1504  0.0  1.22 -9  18.5  12.4  12.0  11.9  12.2  -9 -9.0 -9  3  2
202404081100 108  23  1.6  -9 -9.0   -9 1007.3 1017.4 -9  -9.0  17.7   2.8  37.0   7.5   -9.0   -9.0   -9.0   -9.0   -9.0   -9.0   -9.0 -9 -9 -                       10   0   -9 Cs         7   0   0  1559  0.0  1.29 -9  20.3  13.0  12.4  11.9  12.1  -9 -9.0 -9  3  2
202404081200 108  29  2.2  -9 -9.0   -9 1007.0 1017.0  7  -0.5  18.8   2.1  33.0   7.1   -9.0   -9.0   -9.0   -9.0   -9.0   -9.0   -9.0 -9 -9 -                       10   0   -9 Cs         7   0   0  1598  0.0  1.70 -9  23.9  13.6  12.8  12.0  12.0  -9 -9.0 -9  3  2
202404081300 108  25  1.7  -9 -9.0   -9 1006.2 1016.2 -9  -9.0  20.4   2.6  31.0   7.4   -9.0   -9.0   -9.0   -9.0   -9.0   -9.0   -9.0 -9 -9 -                        9   0   -9 Cs         8   0   0  1405  0.2  1.97 -9  26.1  14.3  13.3  12.1  11.9  -9 -9.0 -9  3  2
202404081400 108  20  2.2  -9 -9.0   -9 1005.5 1015.4 -9  -9.0  22.0   3.1  29.0   7.6   -9.0   -9.0   -9.0   -9.0   -9.0   -9.0   -9.0 -9 -9 -                        8   0   -9 Cs         8   0   0  1251  0.8  2.38 -9  29.8  15.1  13.9  12.4  12.1  -9 -9.0 -9  3  2
202404081500 108  27  2.7  -9 -9.0   -9 1005.0 1014.8  7  -2.2  22.5   6.2  35.0   9.5   -9.0   -9.0   -9.0   -9.0   -9.0   -9.0   -9.0 -9 -9 -                        8   0   -9 Cs         8   0   0  1320  0.8  2.08 -9  27.3  15.8  14.5  12.8  12.2  -9 -9.0 -9  3  2
202404081600 108  27  2.8  -9 -9.0   -9 1004.4 1014.3 -9  -9.0  21.9   6.5  37.0   9.7   -9.0   -9.0   -9.0   -9.0   -9.0   -9.0   -9.0 -9 -9 -                       10   0   -9 Cs         7   0   0  1207  0.0  1.16 -9  23.8  16.3  15.0  13.1  12.3  -9 -9.0 -9  3  2
202404081700 108  27  3.5  -9 -9.0   -9 1004.8 1014.7 -9  -9.0  21.3   7.1  40.0  10.1   -9.0   -9.0   -9.0   -9.0   -9.0   -9.0   -9.0 -9 -9 -                       10   0   -9 Cs         7   0   0  1076  0.0  0.69 -9  21.3  16.4  15.3  13.5  12.5  -9 -9.0 -9  3  2
202404081800 108  27  3.8  -9 -9.0   -9 1004.9 1014.9  3   0.1  19.8   7.5  45.0  10.4   -9.0   -9.0   -9.0   -9.0   -9.0   -9.0   -9.0 -9 -9 -                       10   0   -9 Cs         7   0   0  1434  0.0  0.48 -9  18.7  16.3  15.4  13.8  12.7  -9 -9.0 -9  3  2
202404081900 108  29  4.1  -9 -9.0   -9 1005.3 1015.3 -9  -9.0  18.1   7.7  51.0  10.5   -9.0   -9.0   -9.0   -9.0   -9.0   -9.0   -9.0 -9 -9 -                        8   1   -9 -         -9  -9  -9  1893  0.0  0.16 -9  15.7  16.1  15.4  14.0  12.9  -9 -9.0 -9  3 -9
202404082000 108  29  4.2  -9 -9.0   -9 1005.7 1015.8 -9  -9.0  16.8   7.9  56.0  10.6   -9.0   -9.0   -9.0   -9.0   -9.0   -9.0   -9.0 -9 -9 -                        8   1   -9 -         -9  -9  -9  1734  0.0  0.00 -9  14.1  15.7  15.3  14.1  13.0  -9 -9.0 -9  3 -9
202404082100 108  29  4.0  -9 -9.0   -9 1006.1 1016.2  2   1.3  16.4   8.3  59.0  10.9   -9.0   -9.0   -9.0   -9.0   -9.0   -9.0   -9.0 -9 -9 -                       10   0   -9 Cs         7   0   0  1664 -9.0 -9.00 -9  13.3  15.4  15.1  14.1  13.2  -9 -9.0 -9  3  2
202404082200 108  29  3.7  -9 -9.0   -9 1005.8 1015.9 -9  -9.0  16.2   8.1  59.0  10.8   -9.0   -9.0   -9.0   -9.0   -9.0   -9.0   -9.0 -9 -9 -                        8   1   -9 -         -9  -9  -9  1520 -9.0 -9.00 -9  12.6  15.0  14.8  14.1  13.2  -9 -9.0 -9  3 -9
202404082300 108  27  3.6  -9 -9.0   -9 1005.5 1015.6 -9  -9.0  15.8   8.2  61.0  10.9   -9.0   -9.0   -9.0   -9.0   -9.0   -9.0   -9.0 -9 -9 -                        0   0   -9 -         -9  -9  -9  1281 -9.0 -9.00 -9  11.6  14.8  14.6  14.0  13.3  -9 -9.0 -9  3 -9
202404090000 108  27  3.1  -9 -9.0   -9 1005.5 1015.7  5  -0.5  14.9   8.1  64.0  10.8   -9.0   -9.0   -9.0   -9.0   -9.0   -9.0   -9.0 -9 -9 -                        2   0   -9 Ci         1   0   0  1209 -9.0 -9.00 -9  10.8  14.4  14.4  13.9  13.3  -9 -9.0 -9  3  2
202404090100 108  25  0.7  -9 -9.0   -9 1005.4 1015.6 -9  -9.0  14.3   7.7  65.0  10.5   -9.0   -9.0   -9.0   -9.0   -9.0   -9.0   -9.0 -9 -9 -                        0   0   -9 -         -9  -9  -9  1068 -9.0 -9.00 -9  10.0  14.1  14.1  13.8  13.3  -9 -9.0 -9  3 -9
202404090200 108   5  3.3  -9 -9.0   -9 1005.8 1016.0 -9  -9.0  13.6   6.9  64.0   9.9   -9.0   -9.0   -9.0   -9.0   -9.0   -9.0   -9.0 -9 -9 -                        0   0   -9 -         -9  -9  -9  1166 -9.0 -9.00 -9   9.6  13.8  13.9  13.6  13.3  -9 -9.0 -9  3 -9
202404090300 108   7  3.5  -9 -9.0   -9 1006.3 1016.6  3   0.9  12.8   5.2  60.0   8.8   -9.0   -9.0   -9.0   -9.0   -9.0   -9.0   -9.0 -9 -9 -                        0   0   -9 -         -9  -9  -9  1500 -9.0 -9.00 -9   8.9  13.5  13.6  13.5  13.2  -9 -9.0 -9  3  2
202404090400 108   5  4.0  -9 -9.0   -9 1006.5 1016.8 -9  -9.0  11.9   4.6  61.0   8.5   -9.0   -9.0   -9.0   -9.0   -9.0   -9.0   -9.0 -9 -9 -                        0   0   -9 -         -9  -9  -9  1583 -9.0 -9.00 -9   8.3  13.2  13.3  13.3  13.2  -9 -9.0 -9  3  2
202404090500 108   5  4.6  -9 -9.0   -9 1007.4 1017.7 -9  -9.0  11.5  -0.9  42.0   5.7   -9.0   -9.0   -9.0   -9.0   -9.0   -9.0   -9.0 -9 -9 -                        0   0   -9 -         -9  -9  -9  2949 -9.0 -9.00 -9   7.4  12.9  13.1  13.1  13.1  -9 -9.0 -9  3  2
202404090600 108   7  5.6   7 12.0  545 1008.3 1018.7  2   2.1  10.9  -3.9  35.0   4.6   -9.0   -9.0   -9.0   -9.0   -9.0   -9.0   -9.0 -9 -9 -                        0   0   -9 -         -9  -9  -9  3167 -9.0 -9.00 -9   6.8  12.6  12.8  12.9  13.0  -9 -9.0 -9  3  2
202404090700 108   5  7.5   5 12.0  658 1009.5 1019.9 -9  -9.0  10.7  -3.7  36.0   4.6   -9.0   -9.0   -9.0   -9.0   -9.0   -9.0   -9.0 -9 -9 -                        0   0   -9 -         -9  -9  -9  3419  0.3  0.13 -9   7.2  12.3  12.6  12.8  12.9  -9 -9.0 -9  3  2
202404090800 108   5  6.4   7 13.0  718 1010.6 1021.0 -9  -9.0  11.5  -3.0  36.0   4.9   -9.0   -9.0   -9.0   -9.0   -9.0   -9.0   -9.0 -9 -9 -                        0   0   -9 -         -9  -9  -9  3268  1.0  0.72 -9  10.9  12.1  12.3  12.6  12.8  -9 -9.0 -9  3  2
202404090900 108   7  5.4   7 13.0  718 1010.9 1021.2  2   2.5  12.9  -2.6  34.0   5.0   -9.0   -9.0   -9.0   -9.0   -9.0   -9.0   -9.0 -9 -9 -                        0   0   -9 -         -9  -9  -9  2764  1.0  1.52 -9  16.6  12.1  12.2  12.4  12.7  -9 -9.0 -9  3  2
202404091000 108   7  4.5   5 11.0  913 1011.2 1021.4 -9  -9.0  14.6  -2.3  31.0   5.2   -9.0   -9.0   -9.0   -9.0   -9.0   -9.0   -9.0 -9 -9 -                        0   0   -9 -         -9  -9  -9  3040  1.0  2.22 -9  22.4  12.4  12.3  12.3  12.6  -9 -9.0 -9  3  2
202404091100 108   9  4.4  -9 -9.0   -9 1011.5 1021.7 -9  -9.0  16.3  -2.7  27.0   5.0   -9.0   -9.0   -9.0   -9.0   -9.0   -9.0   -9.0 -9 -9 -                        0   0   -9 -         -9  -9  -9  3755  1.0  2.86 -9  28.2  13.1  12.5  12.2  12.5  -9 -9.0 -9  3  2
202404091200 108   5  4.2   5 11.0  913 1011.5 1021.6  0   0.4  17.6  -3.2  24.0   4.8   -9.0   -9.0   -9.0   -9.0   -9.0   -9.0   -9.0 -9 -9 -                        0   0   -9 -         -9  -9  -9  3339  1.0  3.23 -9  31.5  13.9  13.0  12.3  12.4  -9 -9.0 -9  3  2
202404091300 108   7  4.0  -9 -9.0   -9 1011.1 1021.1 -9  -9.0  18.9  -3.3  22.0   4.8   -9.0   -9.0   -9.0   -9.0   -9.0   -9.0   -9.0 -9 -9 -                        0   0   -9 -         -9  -9  -9  3352  1.0  3.39 -9  33.7  14.7  13.6  12.5  12.4  -9 -9.0 -9  3  2
202404091400 108   7  3.4  -9 -9.0   -9 1010.7 1020.7 -9  -9.0  20.0  -1.7  23.0   5.4   -9.0   -9.0   -9.0   -9.0   -9.0   -9.0   -9.0 -9 -9 -                        0   0   -9 -         -9  -9  -9  3187  1.0  3.32 -9  34.8  15.6  14.3  12.7  12.4  -9 -9.0 -9  3  2
202404091500 108   9  3.3   5 11.0  913 1010.7 1020.7  6  -0.9  20.2  -2.2  22.0   5.2   -9.0   -9.0   -9.0   -9.0   -9.0   -9.0   -9.0 -9 -9 -                        1   0   -9 Ci         1   0   0  2814  1.0  2.99 -9  33.9  16.3  14.9  13.1  12.5  -9 -9.0 -9  3  2
202404091600 108   5  1.9  -9 -9.0   -9 1009.9 1019.9 -9  -9.0  20.7  -1.8  22.0   5.4   -9.0   -9.0   -9.0   -9.0   -9.0   -9.0   -9.0 -9 -9 -                        1   0   -9 Ci         1   0   0  2931  1.0  2.43 -9  31.3  16.9  15.5  13.5  12.6  -9 -9.0 -9  3  2
202404091700 108  36  2.2  -9 -9.0   -9 1009.8 1019.8 -9  -9.0  20.5  -3.9  19.0   4.6   -9.0   -9.0   -9.0   -9.0   -9.0   -9.0   -9.0 -9 -9 -                        0   0   -9 -         -9  -9  -9  3285  1.0  1.74 -9  26.2  17.1  15.9  13.9  12.9  -9 -9.0 -9  3  2
202404091800 108  34  2.4  -9 -9.0   -9 1009.7 1019.7  7  -1.0  19.7  -2.6  22.0   5.0   -9.0   -9.0   -9.0   -9.0   -9.0   -9.0   -9.0 -9 -9 -                        0   0   -9 -         -9  -9  -9  2890  1.0  0.91 -9  19.2  17.1  16.1  14.3  13.1  -9 -9.0 -9  3  2
202404091900 108  34  1.9  -9 -9.0   -9 1010.0 1020.1 -9  -9.0  17.9  -3.5  23.0   4.7   -9.0   -9.0   -9.0   -9.0   -9.0   -9.0   -9.0 -9 -9 -                        0   0   -9 -         -9  -9  -9  3449  0.6  0.22 -9  15.2  16.8  16.1  14.6  13.4  -9 -9.0 -9  3 -9
202404092000 108  29  1.4  -9 -9.0   -9 1010.5 1020.7 -9  -9.0  16.4  -2.1  28.0   5.2   -9.0   -9.0   -9.0   -9.0   -9.0   -9.0   -9.0 -9 -9 -                        0   0   -9 -         -9  -9  -9  2990  0.0  0.00 -9  12.5  16.2  15.9  14.8  13.6  -9 -9.0 -9  3 -9
202404092100 108   2  2.3  -9 -9.0   -9 1011.5 1021.8  2   2.1  15.0  -2.4  30.0   5.1   -9.0   -9.0   -9.0   -9.0   -9.0   -9.0   -9.0 -9 -9 -                        0   0   -9 -         -9  -9  -9  3301 -9.0 -9.00 -9  10.9  15.6  15.5  14.8  13.8  -9 -9.0 -9  3  2
202404092200 108   5  2.1  -9 -9.0   -9 1012.0 1022.3 -9  -9.0  13.9  -2.9  31.0   4.9   -9.0   -9.0   -9.0   -9.0   -9.0   -9.0   -9.0 -9 -9 -                        3   1   -9 -         -9  -9  -9  3251 -9.0 -9.00 -9   9.9  15.1  15.1  14.7  13.9  -9 -9.0 -9  3 -9
202404092300 108   5  4.0  -9 -9.0   -9 1012.1 1022.4 -9  -9.0  13.4  -2.9  32.0   4.9   -9.0   -9.0   -9.0   -9.0   -9.0   -9.0   -9.0 -9 -9 -                        0   0   -9 -         -9  -9  -9  3793 -9.0 -9.00 -9   9.5  14.6  14.8  14.6  13.9  -9 -9.0 -9  3 -9
202404100000 108   5  3.2  -9 -9.0   -9 1012.8 1023.1  2   1.3  13.2  -3.1  32.0   4.9   -9.0   -9.0   -9.0   -9.0   -9.0   -9.0   -9.0 -9 -9 -                        2   0   -9 Ci         1   0   0  3842 -9.0 -9.00 -9   9.3  14.2  14.4  14.4  13.9  -9 -9.0 -9  3  2
202404100100 108   5  2.8  -9 -9.0   -9 1013.2 1023.6 -9  -9.0  12.2  -2.8  35.0   5.0   -9.0   -9.0   -9.0   -9.0   -9.0   -9.0   -9.0 -9 -9 -                        4   1   -9 -         -9  -9  -9  3948 -9.0 -9.00 -9   8.5  13.9  14.1  14.2  13.9  -9 -9.0 -9  3 -9
202404100200 108   7  2.4  -9 -9.0   -9 1013.1 1023.5 -9  -9.0  11.8  -1.3  40.0   5.6   -9.0   -9.0   -9.0   -9.0   -9.0   -9.0   -9.0 -9 -9 -                        4   1   -9 -         -9  -9  -9  3576 -9.0 -9.00 -9   8.2  13.5  13.8  14.0  13.8  -9 -9.0 -9  3 -9
202404100300 108  11  2.5  -9 -9.0   -9 1013.1 1023.5  0   0.4  11.7   0.7  47.0   6.4   -9.0   -9.0   -9.0   -9.0   -9.0   -9.0   -9.0 -9 -9 -                        1   0   -9 Ci         1   0   0  3157 -9.0 -9.00 -9   7.9  13.2  13.5  13.7  13.7  -9 -9.0 -9  3  2
202404100400 108   9  1.6  -9 -9.0   -9 1013.2 1023.6 -9  -9.0  10.8   0.4  49.0   6.3   -9.0   -9.0   -9.0   -9.0   -9.0   -9.0   -9.0 -9 -9 -                        0   0   -9 -         -9  -9  -9  3029 -9.0 -9.00 -9   7.3  12.9  13.2  13.5  13.6  -9 -9.0 -9  3  2
202404100500 108  11  1.9  -9 -9.0   -9 1013.9 1024.4 -9  -9.0  10.4   1.9  56.0   7.0   -9.0   -9.0   -9.0   -9.0   -9.0   -9.0   -9.0 -9 -9 -                        0   0   -9 -         -9  -9  -9  2352 -9.0 -9.00 -9   6.9  12.6  13.0  13.3  13.5  -9 -9.0 -9  3  2
202404100600 108  11  2.1  -9 -9.0   -9 1014.6 1025.1  2   1.6  10.4   3.1  61.0   7.6   -9.0   -9.0   -9.0   -9.0   -9.0   -9.0   -9.0 -9 -9 -                        0   0   -9 -         -9  -9  -9  1907 -9.0 -9.00 -9   6.8  12.4  12.7  13.1  13.4  -9 -9.0 -9  3  2
202404100700 108  20  2.5  -9 -9.0   -9 1015.3 1025.8 -9  -9.0  10.8   5.3  69.0   8.9   -9.0   -9.0   -9.0   -9.0   -9.0   -9.0   -9.0 -9 -9 -                        0   0   -9 -         -9  -9  -9  1473  0.0  0.12 -9   8.1  12.1  12.5  12.9  13.2  -9 -9.0 -9  3  2
202404100800 108  18  3.3  -9 -9.0   -9 1015.7 1026.1 -9  -9.0  11.8   6.9  72.0   9.9   -9.0   -9.0   -9.0   -9.0   -9.0   -9.0   -9.0 -9 -9 -                        8   8   12 Sc         0   0   5  1391  0.6  0.48 -9  11.4  12.1  12.3  12.6  13.0  -9 -9.0 -9  3  2
202404100900 108  18  3.1  -9 -9.0   -9 1015.7 1026.1  1   1.0  12.7   7.5  71.0  10.4   -9.0   -9.0   -9.0   -9.0   -9.0   -9.0   -9.0 -9 -9 -                        8   8   10 Sc         0   0   5  1436  0.1  0.56 -9  13.9  12.3  12.3  12.5  13.0  -9 -9.0 -9  3  2
202404101000 108  23  2.6  -9 -9.0   -9 1016.1 1026.4 -9  -9.0  13.9   7.6  66.0  10.4   -9.0   -9.0   -9.0   -9.0   -9.0   -9.0   -9.0 -9 -9 -                        7   7   10 Sc         0   0   5  1621  0.1  0.97 -9  17.0  12.6  12.4  12.4  12.8  -9 -9.0 -9  3  2
202404101100 108  18  2.8  -9 -9.0   -9 1015.7 1026.0 -9  -9.0  15.3   8.0  62.0  10.7   -9.0   -9.0   -9.0   -9.0   -9.0   -9.0   -9.0 -9 -9 -                        7   7   10 Sc         0   0   5  1486  0.5  1.82 -9  22.9  13.2  12.7  12.4  12.7  -9 -9.0 -9  3  2
202404101200 108  23  2.9  -9 -9.0   -9 1015.3 1025.5  8  -0.6  16.5   7.6  56.0  10.4   -9.0   -9.0   -9.0   -9.0   -9.0   -9.0   -9.0 -9 -9 -                        8   8   10 Sc         0   0   5  1547  0.4  2.11 -9  26.0  14.0  13.2  12.5  12.6  -9 -9.0 -9  3  2
202404101300 108  20  1.6  -9 -9.0   -9 1014.6 1024.8 -9  -9.0  17.2   7.7  54.0  10.5   -9.0   -9.0   -9.0   -9.0   -9.0   -9.0   -9.0 -9 -9 -                        8   7   10 ScCi       2   0   5  1658  0.3  1.85 -9  27.3  14.7  13.7  12.7  12.6  -9 -9.0 -9  3  2
202404101400 108  18  3.1  -9 -9.0   -9 1013.9 1024.0 -9  -9.0  18.1   7.5  50.0  10.4   -9.0   -9.0   -9.0   -9.0   -9.0   -9.0   -9.0 -9 -9 -                        7   4   10 ScCi       1   0   5  1855  0.8  2.36 -9  29.9  15.4  14.3  12.9  12.7  -9 -9.0 -9  3  2
202404101500 108  18  3.3  -9 -9.0   -9 1013.2 1023.3  7  -2.2  18.0   7.4  50.0  10.3   -9.0   -9.0   -9.0   -9.0   -9.0   -9.0   -9.0 -9 -9 -                       10   1   10 ScCs       7   0   5  1771  0.6  2.08 -9  26.1  16.1  14.8  13.2  12.7  -9 -9.0 -9  3  2
202404101600 108  27  2.7  -9 -9.0   -9 1012.9 1023.0 -9  -9.0  18.1   7.5  50.0  10.4   -9.0   -9.0   -9.0   -9.0   -9.0   -9.0   -9.0 -9 -9 -                        7   1   10 ScCi       1   0   5  1732  0.4  1.47 -9  25.4  16.4  15.2  13.4  12.7  -9 -9.0 -9  3  2
202404101700 108  27  3.8  -9 -9.0   -9 1013.0 1023.1 -9  -9.0  17.1   7.9  55.0  10.6   -9.0   -9.0   -9.0   -9.0   -9.0   -9.0   -9.0 -9 -9 -                        6   6   10 Sc         0   0   5  1752  0.1  0.94 -9  21.6  16.5  15.5  13.8  12.9  -9 -9.0 -9  3  2
202404101800 108  29  4.0  -9 -9.0   -9 1013.4 1023.7  3   0.4  15.2   8.4  64.0  11.0   -9.0   -9.0   -9.0   -9.0   -9.0   -9.0   -9.0 -9 -9 -                        5   2   10 ScCi       1   0   5  1867  0.0  0.50 -9  17.5  16.4  15.6  14.2  13.2  -9 -9.0 -9  3  2
202404101900 108  27  2.7  -9 -9.0   -9 1013.5 1023.8 -9  -9.0  14.1   8.4  69.0  11.0   -9.0   -9.0   -9.0   -9.0   -9.0   -9.0   -9.0 -9 -9 -                        5   1   -9 -         -9  -9  -9  1710  0.0  0.11 -9  14.7  16.1  15.6  14.3  13.4  -9 -9.0 -9  3 -9
202404102000 108  27  2.0  -9 -9.0   -9 1013.4 1023.7 -9  -9.0  13.4   8.6  73.0  11.2   -9.0   -9.0   -9.0   -9.0   -9.0   -9.0   -9.0 -9 -9 -                        7   1   -9 -         -9  -9  -9  1747  0.0  0.01 -9  13.1  15.7  15.3  14.4  13.5  -9 -9.0 -9  3 -9
202404102100 108  27  1.9  -9 -9.0   -9 1013.9 1024.2  2   0.5  13.2   8.8  75.0  11.3   -9.0   -9.0   -9.0   -9.0   -9.0   -9.0   -9.0 -9 -9 -                        8   8   12 Sc         0   0   5  1477 -9.0 -9.00 -9  12.5  15.3  15.1  14.4  13.6  -9 -9.0 -9  3  2
202404102200 108  29  1.5  -9 -9.0   -9 1014.0 1024.3 -9  -9.0  13.1   8.7  75.0  11.2   -9.0   -9.0   -9.0   -9.0   -9.0   -9.0   -9.0 -9 -9 -                        9   1   -9 -         -9  -9  -9  1442 -9.0 -9.00 -9  12.1  14.9  14.8  14.3  13.7  -9 -9.0 -9  3 -9
202404102300 108  29  1.3  -9 -9.0   -9 1014.1 1024.4 -9  -9.0  12.8   8.4  75.0  11.0   -9.0   -9.0   -9.0   -9.0   -9.0   -9.0   -9.0 -9 -9 -                       10   1   -9 -         -9  -9  -9  1396 -9.0 -9.00 -9  11.8  14.6  14.6  14.2  13.7  -9 -9.0 -9  3 -9
202404110000 108  32  1.9  -9 -9.0   -9 1014.2 1024.6  2   0.4  12.5   8.5  77.0  11.1   -9.0   -9.0   -9.0   -9.0   -9.0   -9.0   -9.0 -9 -9 -                        8   0   -9 Ci         1   0   0  1638 -9.0 -9.00 -9  11.3  14.4  14.4  14.1  13.7  -9 -9.0 -9  3  2
202404110100 108  36  1.3  -9 -9.0   -9 1014.2 1024.6 -9  -9.0  12.3   8.3  77.0  10.9   -9.0   -9.0   -9.0   -9.0   -9.0   -9.0   -9.0 -9 -9 -                        9   1   -9 -         -9  -9  -9  1632 -9.0 -9.00 -9  11.0  14.1  14.2  14.0  13.7  -9 -9.0 -9  3 -9
202404110200 108   2  1.0  -9 -9.0   -9 1013.6 1024.0 -9  -9.0  12.1   8.1  77.0  10.8   -9.0   -9.0   -9.0   -9.0   -9.0   -9.0   -9.0 -9 -9 -                       10   1   -9 -         -9  -9  -9  1657 -9.0 -9.00 -9  10.9  13.9  14.0  13.8  13.6  -9 -9.0 -9  3 -9
202404110300 108   5  1.3  -9 -9.0   -9 1013.2 1023.6  7  -1.0  12.0   8.2  78.0  10.9   -9.0   -9.0   -9.0   -9.0   -9.0   -9.0   -9.0 -9 -9 -                        9   0   -9 Ci         2   0   0  1489 -9.0 -9.00 -9  10.9  13.7  13.8  13.7  13.6  -9 -9.0 -9  3  2
202404110400 108  36  1.8  -9 -9.0   -9 1013.0 1023.4 -9  -9.0  11.8   8.4  80.0  11.0   -9.0   -9.0   -9.0   -9.0   -9.0   -9.0   -9.0 -9 -9 -                       10  10   30 As        -9   2   0  1322 -9.0 -9.00 -9  10.6  13.5  13.6  13.6  13.5  -9 -9.0 -9  3  2
202404110500 108   5  2.2  -9 -9.0   -9 1012.2 1022.6 -9  -9.0  11.7   8.1  79.0  10.8   -9.0   -9.0   -9.0   -9.0   -9.0   -9.0   -9.0 -9 -9 -                       10  10   30 As        -9   2   0  1368 -9.0 -9.00 -9  10.6  13.4  13.5  13.4  13.5  -9 -9.0 -9  3  2
202404110600 108   5  1.4  -9 -9.0   -9 1012.5 1022.9  5  -0.7  11.8   8.4  80.0  11.0   -9.0   -9.0   -9.0   -9.0   -9.0   -9.0   -9.0 -9 -9 -                       10  10   30 As        -9   2   0  1351 -9.0 -9.00 -9  10.6  13.2  13.3  13.3  13.4  -9 -9.0 -9  3  2
202404110700 108   5  1.3  -9 -9.0   -9 1012.5 1022.9 -9  -9.0  11.9   8.3  79.0  10.9   -9.0   -9.0   -9.0   -9.0   -9.0   -9.0   -9.0 -9 -9 -                       10   6   10 ScAs      -9   2   5  1377  0.0  0.02 -9  11.0  13.1  13.2  13.2  13.3  -9 -9.0 -9  3  2
202404110800 108   7  1.9  -9 -9.0   -9 1012.7 1023.0 -9  -9.0  12.5   9.1  80.0  11.6    0.0    0.0    0.0   -9.0   -9.0   -9.0   -9.0 60 62 01                      10   7   10 ScAs      -9   2   5  1223  0.0  0.14 -9  12.1  13.1  13.1  13.1  13.2  -9 -9.0 -9  4  1
202404110900 108   2  1.3  -9 -9.0   -9 1012.9 1023.2  2   0.3  13.2   9.2  77.0  11.6    0.0    0.0    0.0   -9.0   -9.0   -9.0   -9.0 21 62 01                      10   7   10 ScAs      -9   2   5  1294  0.0  0.38 -9  14.0  13.1  13.1  13.0  13.2  -9 -9.0 -9  1  1
202404111000 108   5  1.9  -9 -9.0   -9 1012.8 1023.1 -9  -9.0  15.3   9.6  69.0  11.9   -9.0    0.0    0.0   -9.0   -9.0   -9.0   -9.0 -9 -9 -                        9   6   28 AsCi       2   2   0  1416  0.0  1.22 -9  19.2  13.4  13.1  12.9  13.1  -9 -9.0 -9  3  2
202404111100 108   9  1.4  -9 -9.0   -9 1012.2 1022.4 -9  -9.0  16.6   9.0  61.0  11.5   -9.0    0.0    0.0   -9.0   -9.0   -9.0   -9.0 -9 -9 -                        9   7   28 AsCi       2   2   0  1506  0.0  1.36 -9  21.6  13.9  13.4  13.0  13.0  -9 -9.0 -9  3  2
202404111200 108   7  1.8  -9 -9.0   -9 1011.7 1021.8  7  -1.4  17.6   8.4  55.0  11.0   -9.0    0.0    0.0   -9.0   -9.0   -9.0   -9.0 -9 -9 -                        9   5   30 AcCi       2   3   0  1501  0.0  1.35 -9  22.6  14.5  13.8  13.0  13.0  -9 -9.0 -9  3  2
202404111300 108  16  1.2  -9 -9.0   -9 1011.0 1021.0 -9  -9.0  19.0   7.4  47.0  10.3   -9.0    0.0    0.0   -9.0   -9.0   -9.0   -9.0 -9 -9 -                        9   9   30 Ac         0   3   0  1934  0.3  2.02 -9  26.7  15.1  14.2  13.1  12.9  -9 -9.0 -9  3  2
202404111400 108  36  1.2  -9 -9.0   -9 1010.5 1020.5 -9  -9.0  19.6   8.2  48.0  10.9   -9.0    0.0    0.0   -9.0   -9.0   -9.0   -9.0 -9 -9 -                        8   3   15 ScAc       0   3   5  1392  0.6  2.30 -9  29.5  15.9  14.8  13.4  13.0  -9 -9.0 -9  3  2
202404111500 108  23  2.1  -9 -9.0   -9 1009.8 1019.8  7  -2.0  19.9   7.9  46.0  10.6   -9.0    0.0    0.0   -9.0   -9.0   -9.0   -9.0 -9 -9 -                        4   4   30 Ac         0   3   0  1298  0.0  1.18 -9  27.0  16.4  15.3  13.7  13.1  -9 -9.0 -9  3  2
202404111600 108  23  2.1  -9 -9.0   -9 1009.0 1019.0 -9  -9.0  21.0   7.9  43.0  10.6   -9.0    0.0    0.0   -9.0   -9.0   -9.0   -9.0 -9 -9 -                        4   0   -9 Ci         2   0   0  1407  1.0  2.04 -9  27.7  16.8  15.7  14.0  13.2  -9 -9.0 -9  3  2
202404111700 108  27  1.9  -9 -9.0   -9 1008.4 1018.4 -9  -9.0  20.9   7.4  42.0  10.3   -9.0    0.0    0.0   -9.0   -9.0   -9.0   -9.0 -9 -9 -                        0   0   -9 -         -9  -9  -9  1424  0.8  1.34 -9  24.8  17.1  16.0  14.3  13.4  -9 -9.0 -9  3  2
202404111800 108  25  2.3  -9 -9.0   -9 1008.4 1018.4  6  -1.4  20.1   7.4  44.0  10.3   -9.0    0.0    0.0   -9.0   -9.0   -9.0   -9.0 -9 -9 -                        0   0   -9 -         -9  -9  -9  1326  1.0  0.74 -9  19.9  17.2  16.2  14.6  13.5  -9 -9.0 -9  3  2
202404111900 108  32  2.5  -9 -9.0   -9 1008.7 1018.7 -9  -9.0  18.7   6.8  46.0   9.9   -9.0    0.0    0.0   -9.0   -9.0   -9.0   -9.0 -9 -9 -                        0   0   -9 -         -9  -9  -9  1649  0.3  0.19 -9  16.3  16.9  16.3  14.9  13.8  -9 -9.0 -9  3 -9
202404112000 108  25  2.4  -9 -9.0   -9 1009.2 1019.3 -9  -9.0  17.2   6.6  50.0   9.7   -9.0    0.0    0.0   -9.0   -9.0   -9.0   -9.0 -9 -9 -                        0   0   -9 -         -9  -9  -9  1709  0.0  0.00 -9  14.0  16.5  16.1  15.0  13.9  -9 -9.0 -9  3 -9
202404112100 108  25  3.3  -9 -9.0   -9 1010.0 1020.2  2   1.8  15.9   6.0  52.0   9.3   -9.0    0.0    0.0   -9.0   -9.0   -9.0   -9.0 -9 -9 -                        0   0   -9 -         -9  -9  -9  1910 -9.0 -9.00 -9  12.9  16.0  15.8  15.0  14.1  -9 -9.0 -9  3  2
202404112200 108  27  2.6  -9 -9.0   -9 1010.4 1020.6 -9  -9.0  15.2   5.3  52.0   8.9   -9.0    0.0    0.0   -9.0   -9.0   -9.0   -9.0 -9 -9 -                        0   0   -9 -         -9  -9  -9  2072 -9.0 -9.00 -9  11.9  15.6  15.5  14.9  14.2  -9 -9.0 -9  3 -9
202404112300 108  27  0.7  -9 -9.0   -9 1010.3 1020.5 -9  -9.0  14.3   5.1  54.0   8.8   -9.0    0.0    0.0   -9.0   -9.0   -9.0   -9.0 -9 -9 -                        0   0   -9 -         -9  -9  -9  2131 -9.0 -9.00 -9  10.9  15.2  15.2  14.8  14.2  -9 -9.0 -9  3 -9
202404120000 108  27  1.1  -9 -9.0   -9 1010.4 1020.7  2   0.5  13.4   4.7  56.0   8.5   -9.0    0.0    0.0   -9.0   -9.0   -9.0   -9.0 -9 -9 -                        0   0   -9 -         -9  -9  -9  1973 -9.0 -9.00 -9  10.1  14.8  14.9  14.7  14.2  -9 -9.0 -9  3  2
202404120100 108  29  1.2  -9 -9.0   -9 1010.3 1020.6 -9  -9.0  13.1   5.9  62.0   9.3   -9.0   -9.0   -9.0   -9.0   -9.0   -9.0   -9.0 -9 -9 -                        0   0   -9 -         -9  -9  -9  1879 -9.0 -9.00 -9   9.5  14.4  14.6  14.5  14.1  -9 -9.0 -9  3 -9
202404120200 108  36  1.2  -9 -9.0   -9 1010.1 1020.4 -9  -9.0  12.4   6.2  66.0   9.5   -9.0   -9.0   -9.0   -9.0   -9.0   -9.0   -9.0 -9 -9 -                        0   0   -9 -         -9  -9  -9  1813 -9.0 -9.00 -9   9.0  14.0  14.3  14.3  14.1  -9 -9.0 -9  3 -9
202404120300 108  34  1.0  -9 -9.0   -9 1010.0 1020.3  7  -0.4  12.1   5.9  66.0   9.3   -9.0   -9.0   -9.0   -9.0   -9.0   -9.0   -9.0 -9 -9 -                        2   0   -9 Ci         1   0   0  1660 -9.0 -9.00 -9   8.7  13.7  14.0  14.1  14.0  -9 -9.0 -9  3  2
202404120400 108   2  1.3  -9 -9.0   -9 1009.8 1020.1 -9  -9.0  12.2   6.2  67.0   9.5   -9.0   -9.0   -9.0   -9.0   -9.0   -9.0   -9.0 -9 -9 -                        8   8   10 Sc         0   0   5  1567 -9.0 -9.00 -9  10.4  13.5  13.7  13.9  13.9  -9 -9.0 -9  3  2
202404120500 108   5  1.4  -9 -9.0   -9 1009.6 1019.9 -9  -9.0  12.5   6.7  68.0   9.8   -9.0   -9.0   -9.0   -9.0   -9.0   -9.0   -9.0 -9 -9 -                        8   8   10 Sc         0   0   5  1369 -9.0 -9.00 -9  10.7  13.3  13.6  13.7  13.8  -9 -9.0 -9  3  2
202404120600 108   2  2.2  -9 -9.0   -9 1009.6 1019.9  6  -0.4  12.3   7.1  71.0  10.1   -9.0   -9.0   -9.0   -9.0   -9.0   -9.0   -9.0 -9 -9 -                        8   8   10 Sc         0   0   5  1162 -9.0 -9.00 -9   9.7  13.3  13.4  13.5  13.7  -9 -9.0 -9  3  2
202404120700 108   2  2.0  -9 -9.0   -9 1009.6 1019.9 -9  -9.0  12.3   7.5  73.0  10.4   -9.0   -9.0   -9.0   -9.0   -9.0   -9.0   -9.0 -9 -9 -                        3   3   10 Sc         0   0   5  1023  0.0  0.11 -9  10.9  13.1  13.3  13.4  13.6  -9 -9.0 -9  3  2
202404120800 108   5  1.8  -9 -9.0   -9 1009.8 1020.0 -9  -9.0  13.7   8.3  70.0  10.9   -9.0   -9.0   -9.0   -9.0   -9.0   -9.0   -9.0  5 22 40                       7   7   10 Sc         0   0   5   985  0.2  0.46 -9  13.7  13.1  13.2  13.3  13.5  -9 -9.0 -9  3  1
202404120900 108   5  2.3  -9 -9.0   -9 1009.7 1019.9  4   0.0  16.0   9.1  64.0  11.6   -9.0   -9.0   -9.0   -9.0   -9.0   -9.0   -9.0  5 11 40                       4   4   10 Sc         0   0   5   936  0.3  1.07 -9  19.8  13.4  13.2  13.2  13.4  -9 -9.0 -9  3  1
202404121000 108  20  1.6  -9 -9.0   -9 1009.7 1019.8 -9  -9.0  17.6   9.9  61.0  12.2   -9.0   -9.0   -9.0   -9.0   -9.0   -9.0   -9.0 -9 -9 40                       4   4   10 Sc         0   0   5  1182  0.8  1.75 -9  23.1  14.0  13.5  13.0  13.1  -9 -9.0 -9  3  2
202404121100 108  29  1.9  -9 -9.0   -9 1009.1 1019.1 -9  -9.0  19.2  10.7  58.0  12.9   -9.0   -9.0   -9.0   -9.0   -9.0   -9.0   -9.0 -9 -9 -                        1   1   10 Sc         0   0   5  1450  0.9  2.67 -9  31.2  14.8  13.9  13.2  13.2  -9 -9.0 -9  3  2
202404121200 108  27  2.5  -9 -9.0   -9 1008.4 1018.4  7  -1.5  20.5   9.7  50.0  12.0   -9.0   -9.0   -9.0   -9.0   -9.0   -9.0   -9.0 -9 -9 -                        1   0   -9 Ci         1   0   0  1621  1.0  3.08 -9  35.0  15.7  14.6  13.4  13.2  -9 -9.0 -9  3  2
202404121300 108  20  3.5  -9 -9.0   -9 1007.7 1017.6 -9  -9.0  22.2   9.6  45.0  11.9   -9.0   -9.0   -9.0   -9.0   -9.0   -9.0   -9.0 -9 -9 -                        2   0   -9 Ci         1   0   0  1857  1.0  3.20 -9  36.4  16.8  15.3  13.7  13.3  -9 -9.0 -9  3  2
202404121400 108  25  3.1  -9 -9.0   -9 1007.1 1016.9 -9  -9.0  23.2   8.4  39.0  11.0   -9.0   -9.0   -9.0   -9.0   -9.0   -9.0   -9.0 -9 -9 -                        0   0   -9 -         -9  -9  -9  1886  1.0  3.23 -9  37.5  17.7  16.1  14.1  13.3  -9 -9.0 -9  3  2
202404121500 108  25  2.6  -9 -9.0   -9 1006.5 1016.3  7  -2.1  24.0   8.7  38.0  11.2   -9.0   -9.0   -9.0   -9.0   -9.0   -9.0   -9.0 -9 -9 -                        0   0   -9 -         -9  -9  -9  1956  1.0  2.85 -9  36.4  18.5  16.8  14.5  13.5  -9 -9.0 -9  3  2
202404121600 108  25  2.4  -9 -9.0   -9 1006.0 1015.8 -9  -9.0  24.0   5.8  31.0   9.2   -9.0   -9.0   -9.0   -9.0   -9.0   -9.0   -9.0 -9 -9 -                        0   0   -9 -         -9  -9  -9  2830  1.0  2.34 -9  33.8  19.0  17.4  15.0  13.7  -9 -9.0 -9  3  2
202404121700 108  27  3.7  -9 -9.0   -9 1005.7 1015.5 -9  -9.0  22.9   8.9  41.0  11.4   -9.0   -9.0   -9.0   -9.0   -9.0   -9.0   -9.0 -9 -9 -                        0   0   -9 -         -9  -9  -9  2665  1.0  1.69 -9  28.6  19.2  17.8  15.5  14.0  -9 -9.0 -9  3  2
202404121800 108  27  3.1  -9 -9.0   -9 1005.7 1015.6  5  -0.7  21.7   9.8  47.0  12.1   -9.0   -9.0   -9.0   -9.0   -9.0   -9.0   -9.0 -9 -9 -                        0   0   -9 -         -9  -9  -9  2571  1.0  0.89 -9  22.1  19.1  18.0  15.8  14.3  -9 -9.0 -9  3  2
202404121900 108  27  2.5  -9 -9.0   -9 1006.0 1015.9 -9  -9.0  19.6  10.0  54.0  12.3   -9.0   -9.0   -9.0   -9.0   -9.0   -9.0   -9.0 -9 -9 -                        0   0   -9 -         -9  -9  -9  2514  0.6  0.25 -9  18.2  18.7  17.9  16.1  14.6  -9 -9.0 -9  3 -9
202404122000 108  27  2.7  -9 -9.0   -9 1006.6 1016.6 -9  -9.0  17.9  10.5  62.0  12.7   -9.0   -9.0   -9.0   -9.0   -9.0   -9.0   -9.0 -9 -9 -                        0   0   -9 -         -9  -9  -9  2259  0.0  0.00 -9  15.8  18.2  17.7  16.3  14.8  -9 -9.0 -9  3 -9
202404122100 108  25  2.2  -9 -9.0   -9 1007.1 1017.2  2   1.6  16.7  10.7  68.0  12.9   -9.0   -9.0   -9.0   -9.0   -9.0   -9.0   -9.0 -9 -9 -                        0   0   -9 -         -9  -9  -9  1699 -9.0 -9.00 -9  14.4  17.6  17.4  16.3  15.0  -9 -9.0 -9  3  2
202404122200 108  25  2.5  -9 -9.0   -9 1007.3 1017.5 -9  -9.0  16.0  10.3  69.0  12.5   -9.0   -9.0   -9.0   -9.0   -9.0   -9.0   -9.0 -9 -9 -                        0   0   -9 -         -9  -9  -9  1720 -9.0 -9.00 -9  13.3  17.1  17.0  16.2  15.1  -9 -9.0 -9  3 -9
202404122300 108  27  2.4  -9 -9.0   -9 1007.6 1017.8 -9  -9.0  15.3  10.2  72.0  12.4   -9.0   -9.0   -9.0   -9.0   -9.0   -9.0   -9.0 -9 -9 -                        0   0   -9 -         -9  -9  -9  1699 -9.0 -9.00 -9  12.3  16.7  16.7  16.1  15.1  -9 -9.0 -9  3 -9
202404130000 108  27  1.5  -9 -9.0   -9 1007.6 1017.8  1   0.6  14.6   9.8  73.0  12.1   -9.0   -9.0   -9.0   -9.0   -9.0   -9.0   -9.0 -9 -9 -                        0   0   -9 -         -9  -9  -9  1674 -9.0 -9.00 -9  11.5  16.2  16.3  15.9  15.1  -9 -9.0 -9  3  2
202404130100 108  29  2.4  -9 -9.0   -9 1007.7 1017.9 -9  -9.0  14.4   8.3  67.0  10.9   -9.0   -9.0   -9.0   -9.0   -9.0   -9.0   -9.0 -9 -9 -                        0   0   -9 -         -9  -9  -9  2445 -9.0 -9.00 -9  10.9  15.8  16.0  15.7  15.1  -9 -9.0 -9  3 -9
202404130200 108  36  1.3  -9 -9.0   -9 1007.6 1017.8 -9  -9.0  13.6   7.5  67.0  10.4   -9.0   -9.0   -9.0   -9.0   -9.0   -9.0   -9.0 -9 -9 -                        0   0   -9 -         -9  -9  -9  2467 -9.0 -9.00 -9  10.1  15.4  15.7  15.5  15.1  -9 -9.0 -9  3 -9
202404130300 108   0  0.3  -9 -9.0   -9 1007.7 1018.0  2   0.2  12.7   7.1  69.0  10.1   -9.0   -9.0   -9.0   -9.0   -9.0   -9.0   -9.0 -9 -9 -                        0   0   -9 -         -9  -9  -9  2275 -9.0 -9.00 -9   9.2  15.1  15.3  15.3  15.0  -9 -9.0 -9  3  2
202404130400 108  27  1.5  -9 -9.0   -9 1008.0 1018.3 -9  -9.0  12.3   7.7  74.0  10.5   -9.0   -9.0   -9.0   -9.0   -9.0   -9.0   -9.0 -9 -9 -                        0   0   -9 -         -9  -9  -9  2092 -9.0 -9.00 -9   8.8  14.7  15.0  15.1  14.9  -9 -9.0 -9  3  2
202404130500 108  25  1.1  -9 -9.0   -9 1008.0 1018.3 -9  -9.0  11.8   8.0  78.0  10.7   -9.0   -9.0   -9.0   -9.0   -9.0   -9.0   -9.0 -9 -9 -                        0   0   -9 -         -9  -9  -9  1847 -9.0 -9.00 -9   8.4  14.3  14.7  14.9  14.8  -9 -9.0 -9  3  2
202404130600 108  29  0.7  -9 -9.0   -9 1008.2 1018.6  2   0.6  11.3   7.4  77.0  10.3   -9.0   -9.0   -9.0   -9.0   -9.0   -9.0   -9.0 -9 -9 -                        0   0   -9 -         -9  -9  -9  2048 -9.0 -9.00 -9   8.0  14.0  14.4  14.6  14.6  -9 -9.0 -9  3  2
202404130700 108   2  1.5  -9 -9.0   -9 1008.7 1019.1 -9  -9.0  11.4   7.8  79.0  10.6   -9.0   -9.0   -9.0   -9.0   -9.0   -9.0   -9.0 -9 -9 -                        0   0   -9 -         -9  -9  -9  1882  0.5  0.16 -9   9.2  13.7  14.1  14.4  14.5  -9 -9.0 -9  3  2
202404130800 108   2  0.5  -9 -9.0   -9 1008.9 1019.1 -9  -9.0  13.6   8.6  72.0  11.2   -9.0   -9.0   -9.0   -9.0   -9.0   -9.0   -9.0 -9 -9 -                        0   0   -9 -         -9  -9  -9  1809  1.0  0.78 -9  15.1  13.6  13.9  14.2  14.4  -9 -9.0 -9  3  2
202404130900 108  27  0.8  -9 -9.0   -9 1008.9 1019.1  1   0.5  16.1   9.2  64.0  11.6   -9.0   -9.0   -9.0   -9.0   -9.0   -9.0   -9.0 -9 -9 -                        0   0   -9 -         -9  -9  -9  1701  1.0  1.57 -9  21.9  14.0  13.9  13.9  14.1  -9 -9.0 -9  3  2
202404131000 108   9  1.6  -9 -9.0   -9 1008.7 1018.7 -9  -9.0  19.3   9.4  53.0  11.8   -9.0   -9.0   -9.0   -9.0   -9.0   -9.0   -9.0 -9 -9 -                        0   0   -9 -         -9  -9  -9  1516  1.0  2.27 -9  28.7  14.7  14.2  13.9  14.1  -9 -9.0 -9  3  2
202404131100 108  16  1.3  -9 -9.0   -9 1008.5 1018.4 -9  -9.0  21.8   9.9  47.0  12.2   -9.0   -9.0   -9.0   -9.0   -9.0   -9.0   -9.0 -9 -9 -                        0   0   -9 -         -9  -9  -9  1751  1.0  2.85 -9  34.2  15.6  14.7  13.9  14.0  -9 -9.0 -9  3  2
202404131200 108  18  2.4  -9 -9.0   -9 1007.6 1017.4  7  -1.7  23.7  10.0  42.0  12.3   -9.0   -9.0   -9.0   -9.0   -9.0   -9.0   -9.0 -9 -9 -                        0   0   -9 -         -9  -9  -9  1605  1.0  3.19 -9  37.6  16.8  15.4  14.1  14.0  -9 -9.0 -9  3  2
202404131300 108  16  1.6  -9 -9.0   -9 1006.7 1016.5 -9  -9.0  25.4   8.8  35.0  11.3   -9.0   -9.0   -9.0   -9.0   -9.0   -9.0   -9.0 -9 -9 -                        0   0   -9 -         -9  -9  -9  2173  1.0  3.33 -9  40.4  18.0  16.3  14.4  14.0  -9 -9.0 -9  3  2
202404131400 108  23  2.8  -9 -9.0   -9 1006.2 1015.9 -9  -9.0  26.6   8.0  31.0  10.7   -9.0   -9.0   -9.0   -9.0   -9.0   -9.0   -9.0 -9 -9 -                        0   0   -9 -         -9  -9  -9  2206  1.0  3.26 -9  40.5  19.0  17.1  14.9  14.0  -9 -9.0 -9  3  2
202404131500 108  27  4.0  -9 -9.0   -9 1005.9 1015.6  7  -1.8  26.7   6.1  27.0   9.4   -9.0   -9.0   -9.0   -9.0   -9.0   -9.0   -9.0 -9 -9 -                        0   0   -9 -         -9  -9  -9  2635  1.0  2.94 -9  39.1  19.8  17.9  15.4  14.2  -9 -9.0 -9  3  2
202404131600 108  25  3.6  -9 -9.0   -9 1005.7 1015.4 -9  -9.0  27.0   4.6  24.0   8.5   -9.0   -9.0   -9.0   -9.0   -9.0   -9.0   -9.0 -9 -9 -                        0   0   -9 -         -9  -9  -9  3203  1.0  2.41 -9  36.1  20.2  18.5  15.9  14.5  -9 -9.0 -9  3  2
202404131700 108  29  3.3  -9 -9.0   -9 1005.6 1015.4 -9  -9.0  26.2   6.2  28.0   9.5   -9.0   -9.0   -9.0   -9.0   -9.0   -9.0   -9.0 -9 -9 -                        0   0   -9 -         -9  -9  -9  3559  1.0  1.72 -9  30.9  20.4  18.9  16.3  14.7  -9 -9.0 -9  3  2
202404131800 108  27  3.9  -9 -9.0   -9 1005.8 1015.6  4   0.0  25.0   7.5  33.0  10.4   -9.0   -9.0   -9.0   -9.0   -9.0   -9.0   -9.0 -9 -9 -                        0   0   -9 -         -9  -9  -9  2995  1.0  0.91 -9  23.9  20.2  19.0  16.7  15.0  -9 -9.0 -9  3  2
202404131900 108  27  2.8  -9 -9.0   -9 1006.1 1015.9 -9  -9.0  23.2   8.4  39.0  11.0   -9.0   -9.0   -9.0   -9.0   -9.0   -9.0   -9.0 -9 -9 -                        0   0   -9 -         -9  -9  -9  2720  0.6  0.25 -9  20.0  19.8  19.0  17.0  15.3  -9 -9.0 -9  3 -9
202404132000 108  27  1.9  -9 -9.0   -9 1006.5 1016.4 -9  -9.0  21.1   9.3  47.0  11.7   -9.0   -9.0   -9.0   -9.0   -9.0   -9.0   -9.0 -9 -9 -                        0   0   -9 -         -9  -9  -9  2566  0.0  0.01 -9  17.5  19.3  18.8  17.3  15.6  -9 -9.0 -9  3 -9
202404132100 108  27  1.6  -9 -9.0   -9 1007.0 1017.0  2   1.4  19.8   8.4  48.0  11.0   -9.0   -9.0   -9.0   -9.0   -9.0   -9.0   -9.0 -9 -9 -                        0   0   -9 -         -9  -9  -9  2446 -9.0 -9.00 -9  15.8  18.8  18.5  17.3  15.8  -9 -9.0 -9  3  2
202404132200 108  18  1.4  -9 -9.0   -9 1007.0 1017.0 -9  -9.0  18.9   8.8  52.0  11.3   -9.0   -9.0   -9.0   -9.0   -9.0   -9.0   -9.0 -9 -9 -                        0   0   -9 -         -9  -9  -9  2494 -9.0 -9.00 -9  14.6  18.2  18.1  17.2  16.0  -9 -9.0 -9  3 -9
202404132300 108  20  1.7  -9 -9.0   -9 1007.1 1017.1 -9  -9.0  18.2   9.0  55.0  11.5   -9.0   -9.0   -9.0   -9.0   -9.0   -9.0   -9.0 -9 -9 -                        0   0   -9 -         -9  -9  -9  2395 -9.0 -9.00 -9  13.8  17.7  17.7  17.1  16.0  -9 -9.0 -9  3 -9
202404140000 108  25  1.4  -9 -9.0   -9 1007.4 1017.5  2   0.5  17.3   9.2  59.0  11.6   -9.0   -9.0   -9.0   -9.0   -9.0   -9.0   -9.0 -9 -9 -                        0   0   -9 -         -9  -9  -9  2729 -9.0 -9.00 -9  12.9  17.3  17.4  16.9  16.0  -9 -9.0 -9  3  2
202404140100 108   0  0.2  -9 -9.0   -9 1007.6 1017.7 -9  -9.0  16.7   8.8  60.0  11.3   -9.0   -9.0   -9.0   -9.0   -9.0   -9.0   -9.0 -9 -9 -                        0   0   -9 -         -9  -9  -9  2492 -9.0 -9.00 -9  12.2  16.9  17.0  16.7  16.0  -9 -9.0 -9  3 -9
202404140200 108  32  0.5  -9 -9.0   -9 1007.7 1017.9 -9  -9.0  15.8   9.4  66.0  11.8   -9.0   -9.0   -9.0   -9.0   -9.0   -9.0   -9.0 -9 -9 -                        0   0   -9 -         -9  -9  -9  2467 -9.0 -9.00 -9  11.4  16.5  16.7  16.5  16.0  -9 -9.0 -9  3 -9
202404140300 108  25  0.9  -9 -9.0   -9 1007.8 1018.0  2   0.5  15.2   8.8  66.0  11.3   -9.0   -9.0   -9.0   -9.0   -9.0   -9.0   -9.0 -9 -9 -                        0   0   -9 -         -9  -9  -9  2444 -9.0 -9.00 -9  11.0  16.1  16.3  16.3  15.9  -9 -9.0 -9  3  2
202404140400 108  25  0.8  -9 -9.0   -9 1007.5 1017.7 -9  -9.0  14.6   8.9  69.0  11.4   -9.0   -9.0   -9.0   -9.0   -9.0   -9.0   -9.0 -9 -9 -                        0   0   -9 -         -9  -9  -9  2411 -9.0 -9.00 -9  10.4  15.7  16.0  16.1  15.8  -9 -9.0 -9  3  2
202404140500 108   0  0.4  -9 -9.0   -9 1007.7 1017.9 -9  -9.0  14.3   9.1  71.0  11.6   -9.0   -9.0   -9.0   -9.0   -9.0   -9.0   -9.0 -9 -9 -                        0   0   -9 -         -9  -9  -9  2212 -9.0 -9.00 -9  10.0  15.4  15.7  15.8  15.7  -9 -9.0 -9  3  2
202404140600 108   0  0.1  -9 -9.0   -9 1008.0 1018.2  3   0.2  13.7   8.7  72.0  11.2   -9.0   -9.0   -9.0   -9.0   -9.0   -9.0   -9.0 -9 -9 -                        0   0   -9 -         -9  -9  -9  2194  0.0  0.00 -9   9.6  15.1  15.4  15.6  15.6  -9 -9.0 -9  3  2
202404140700 108  36  0.9  -9 -9.0   -9 1008.6 1018.8 -9  -9.0  13.8   8.8  72.0  11.3   -9.0   -9.0   -9.0   -9.0   -9.0   -9.0   -9.0 -9 -9 -                        0   0   -9 -         -9  -9  -9  2151  0.4  0.16 -9  10.7  14.8  15.2  15.4  15.4  -9 -9.0 -9  3  2
202404140800 108   5  2.0  -9 -9.0   -9 1008.6 1018.8 -9  -9.0  15.9   9.7  67.0  12.0   -9.0   -9.0   -9.0   -9.0   -9.0   -9.0   -9.0 -9 -9 -                        0   0   -9 -         -9  -9  -9  1685  1.0  0.78 -9  16.3  14.7  15.0  15.2  15.3  -9 -9.0 -9  3  2
202404140900 108   5  2.6  -9 -9.0   -9 1008.3 1018.3  0   0.1  18.7   9.9  57.0  12.2   -9.0   -9.0   -9.0   -9.0   -9.0   -9.0   -9.0 -9 -9 -                        0   0   -9 -         -9  -9  -9  1627  1.0  1.56 -9  23.1  15.1  15.0  15.0  15.1  -9 -9.0 -9  3  2
202404141000 108   7  2.2  -9 -9.0   -9 1008.0 1017.9 -9  -9.0  21.5  10.9  51.0  13.0   -9.0   -9.0   -9.0   -9.0   -9.0   -9.0   -9.0 -9 -9 -                        0   0   -9 -         -9  -9  -9  1564  1.0  2.25 -9  30.2  15.8  15.2  14.9  15.0  -9 -9.0 -9  3  2
202404141100 108  11  2.1  -9 -9.0   -9 1007.7 1017.5 -9  -9.0  23.7   8.9  39.0  11.4   -9.0   -9.0   -9.0   -9.0   -9.0   -9.0   -9.0 -9 -9 -                        0   0   -9 -         -9  -9  -9  1883  1.0  2.88 -9  36.1  16.9  15.7  15.0  14.9  -9 -9.0 -9  3  2
202404141200 108   9  2.3  -9 -9.0   -9 1007.1 1016.9  7  -1.4  25.8   6.8  30.0   9.9   -9.0   -9.0   -9.0   -9.0   -9.0   -9.0   -9.0 -9 -9 -                        2   0   -9 Ci         1   0   0  2475  1.0  3.26 -9  40.3  18.1  16.4  15.1  14.9  -9 -9.0 -9  3  2
202404141300 108   7  2.4  -9 -9.0   -9 1006.1 1015.8 -9  -9.0  27.2   7.6  29.0  10.4   -9.0   -9.0   -9.0   -9.0   -9.0   -9.0   -9.0 -9 -9 -                        7   0   -9 Ci         1   0   0  2486  1.0  3.34 -9  42.7  19.3  17.2  15.4  14.9  -9 -9.0 -9  3  2
202404141400 108   9  2.2  -9 -9.0   -9 1005.2 1014.8 -9  -9.0  28.9   9.0  29.0  11.5   -9.0   -9.0   -9.0   -9.0   -9.0   -9.0   -9.0 -9 -9 -                        7   0   -9 Ci         1   0   0  2501  1.0  3.22 -9  43.5  20.3  18.1  15.9  15.0  -9 -9.0 -9  3  2
202404141500 108  27  4.0  -9 -9.0   -9 1004.5 1014.1  7  -2.8  28.7   8.3  28.0  10.9   -9.0   -9.0   -9.0   -9.0   -9.0   -9.0   -9.0 -9 -9 -                        4   0   -9 Ci         1   0   0  1502  1.0  2.92 -9  41.4  21.1  18.8  16.3  15.1  -9 -9.0 -9  3  2
202404141600 108  29  3.0  -9 -9.0   -9 1004.0 1013.7 -9  -9.0  27.8   8.1  29.0  10.8   -9.0   -9.0   -9.0   -9.0   -9.0   -9.0   -9.0 -9 -9 -                        8   0   -9 Ci         1   0   0  1489  1.0  2.04 -9  35.7  21.5  19.5  16.9  15.4  -9 -9.0 -9  3  2
202404141700 108  25  3.3  -9 -9.0   -9 1004.4 1014.1 -9  -9.0  27.4   7.2  28.0  10.2   -9.0   -9.0   -9.0   -9.0   -9.0   -9.0   -9.0 -9 -9 -                        4   0   -9 Ci         1   0   0  2227  1.0  1.51 -9  31.5  21.6  19.8  17.3  15.7  -9 -9.0 -9  3  2
202404141800 108  29  4.6  -9 -9.0   -9 1004.6 1014.4  3   0.3  25.5   7.1  31.0  10.1   -9.0   -9.0   -9.0   -9.0   -9.0   -9.0   -9.0 -9 -9 -                        8   0   -9 Ci         1   0   0  2713  1.0  0.78 -9  25.0  21.3  20.0  17.7  16.0  -9 -9.0 -9  3  2
202404141900 108  27  2.5  -9 -9.0   -9 1004.4 1014.2 -9  -9.0  22.6   7.1  37.0  10.1   -9.0   -9.0   -9.0   -9.0   -9.0   -9.0   -9.0 -9 -9 -                        5   1   -9 -         -9  -9  -9  3054  0.3  0.23 -9  20.5  20.8  19.9  18.0  16.2  -9 -9.0 -9  3 -9
202404142000 108  23  1.7  -9 -9.0   -9 1004.5 1014.4 -9  -9.0  21.3   7.1  40.0  10.1   -9.0   -9.0   -9.0   -9.0   -9.0   -9.0   -9.0 -9 -9 -                        6   1   -9 -         -9  -9  -9  2774  0.0  0.00 -9  18.2  20.2  19.7  18.1  16.5  -9 -9.0 -9  3 -9
202404142100 108  23  1.3  -9 -9.0   -9 1004.6 1014.5  3   0.1  20.7   7.6  43.0  10.4   -9.0   -9.0   -9.0   -9.0   -9.0   -9.0   -9.0 -9 -9 -                        3   0   -9 Ci         1   0   0  2867 -9.0 -9.00 -9  16.8  19.6  19.3  18.1  16.6  -9 -9.0 -9  3  2
202404142200 108   2  1.8  -9 -9.0   -9 1004.1 1014.1 -9  -9.0  19.8   7.8  46.0  10.6   -9.0   -9.0   -9.0   -9.0   -9.0   -9.0   -9.0 -9 -9 -                        6   1   -9 -         -9  -9  -9  2793 -9.0 -9.00 -9  15.6  19.0  18.9  18.1  16.7  -9 -9.0 -9  3 -9
202404142300 108   2  2.2  -9 -9.0   -9 1003.9 1013.8 -9  -9.0  18.9   7.6  48.0  10.4   -9.0   -9.0   -9.0   -9.0   -9.0   -9.0   -9.0 -9 -9 -                        6   1   -9 -         -9  -9  -9  2585 -9.0 -9.00 -9  14.8  18.5  18.6  17.9  16.8  -9 -9.0 -9  3 -9
202404150000 108   5  2.1  -9 -9.0   -9 1003.5 1013.5  7  -1.0  18.2   7.5  50.0  10.4   -9.0   -9.0   -9.0   -9.0   -9.0   -9.0   -9.0 -9 -9 -                        7   0   -9 Ci         1   0   0  2468 -9.0 -9.00 -9  14.2  18.1  18.2  17.7  16.8  -9 -9.0 -9  3  2
202404150100 108   5  1.6  -9 -9.0   -9 1003.1 1013.1 -9  -9.0  18.4   8.0  51.0  10.7   -9.0   -9.0   -9.0   -9.0   -9.0   -9.0   -9.0 -9 -9 -                        4   1   -9 -         -9  -9  -9  2488 -9.0 -9.00 -9  13.9  17.7  17.8  17.5  16.8  -9 -9.0 -9  3 -9
202404150200 108   5  2.3  -9 -9.0   -9 1002.0 1012.0 -9  -9.0  18.3   7.6  50.0  10.4   -9.0   -9.0   -9.0   -9.0   -9.0   -9.0   -9.0 -9 -9 -                        4   1   -9 -         -9  -9  -9  2755 -9.0 -9.00 -9  13.6  17.4  17.5  17.3  16.7  -9 -9.0 -9  3 -9
202404150300 108   7  2.6  -9 -9.0   -9 1001.1 1011.0  7  -2.5  18.5   6.9  47.0   9.9   -9.0   -9.0   -9.0   -9.0   -9.0   -9.0   -9.0 -9 -9 -                        4   4   30 Ac         0   3   0  2822 -9.0 -9.00 -9  14.0  17.1  17.3  17.1  16.6  -9 -9.0 -9  3  2
202404150400 108   7  2.4  -9 -9.0   -9 1000.6 1010.5 -9  -9.0  18.8   6.9  46.0   9.9   -9.0   -9.0   -9.0   -9.0   -9.0   -9.0   -9.0 -9 -9 -                        7   7   30 Ac         0   3   0  3298 -9.0 -9.00 -9  14.9  16.9  17.1  16.9  16.5  -9 -9.0 -9  3  2
202404150500 108   7  2.9  -9 -9.0   -9 1000.2 1010.1 -9  -9.0  19.1   7.1  46.0  10.1   -9.0   -9.0   -9.0   -9.0   -9.0   -9.0   -9.0 -9 -9 -                        7   7   28 Ac         0   3   0  3523 -9.0 -9.00 -9  15.1  16.8  16.9  16.7  16.4  -9 -9.0 -9  3  2
202404150600 108   9  2.7  -9 -9.0   -9  999.9 1009.8  7  -1.2  19.2   7.6  47.0  10.4   -9.0   -9.0   -9.0   -9.0   -9.0   -9.0   -9.0 -9 -9 -                        6   3   19 ScAc       0   3   5  3406  0.0  0.00 -9  15.0  16.7  16.8  16.6  16.3  -9 -9.0 -9  3  2
202404150700 108   9  2.0  -9 -9.0   -9  999.6 1009.5 -9  -9.0  19.5   8.4  49.0  11.0   -9.0   -9.0   -9.0   -9.0   -9.0   -9.0   -9.0 -9 -9 -                        8   5   16 ScAc       0   3   5  3553  0.0  0.10 -9  16.3  16.6  16.6  16.4  16.2  -9 -9.0 -9  3  2
202404150800 108  14  2.2  -9 -9.0   -9  999.8 1009.7 -9  -9.0  20.0   8.9  49.0  11.4    0.0    0.0    0.0   -9.0   -9.0   -9.0   -9.0 60 62 01                      10   7   14 ScAs      -9   2   5  3533  0.0  0.17 -9  17.0  16.6  16.6  16.3  16.1  -9 -9.0 -9  4  1
202404150900 108   5  2.5  -9 -9.0   -9  999.8 1009.8  4   0.0  18.0  13.2  74.0  15.2    1.9    1.9    1.9   -9.0   -9.0   -9.0   -9.0 61 66 1901                    10   7    9 StNs      -9   2   7   575  0.0  0.11 -9  15.9  16.6  16.5  16.2  16.0  -9 -9.0 -9  1  1
202404151000 108   7  2.8  -9 -9.0   -9 1000.5 1010.6 -9  -9.0  16.3  14.3  88.0  16.3    7.1    9.0    9.0   -9.0   -9.0   -9.0   -9.0 63 66 1901                    10   9    7 StNs      -9   2   7   649  0.0  0.09 -9  15.3  16.5  16.5  16.2  16.0  -9 -9.0 -9  4  1
202404151100 108   5  3.1  -9 -9.0   -9  999.9 1010.0 -9  -9.0  15.9  14.2  90.0  16.2    4.2   13.2   13.2   -9.0   -9.0   -9.0   -9.0 63 66 1901                    10   7    3 StNs      -9   2   7  1120  0.0  0.09 -9  15.5  16.3  16.3  16.1  15.9  -9 -9.0 -9  4  1
202404151200 108   9  3.0  -9 -9.0   -9  999.5 1009.5  8  -0.3  16.8  14.7  88.0  16.7    0.3   13.5   13.5   -9.0   -9.0   -9.0   -9.0 60 66 01                      10   9   12 ScAs      -9   2   5  2183  0.0  0.66 -9  20.0  16.2  16.2  16.0  15.8  -9 -9.0 -9  4  1
202404151300 108  11  3.1  -9 -9.0   -9  999.6 1009.6 -9  -9.0  16.8  15.1  90.0  17.2    0.6   14.1   14.1   -9.0   -9.0   -9.0   -9.0 60 66 1901                    10   8    9 ScAs      -9   2   5   258  0.0  0.60 -9  18.1  16.5  16.3  15.9  15.7  -9 -9.0 -9  4  1
202404151400 108  14  1.6  -9 -9.0   -9  999.7 1009.7 -9  -9.0  16.8  15.4  92.0  17.5    2.0   16.1   16.1   -9.0   -9.0   -9.0   -9.0 61 66 1901                    10   8    8 StNs      -9   2   7   560  0.0  0.35 -9  18.5  16.6  16.4  15.9  15.7  -9 -9.0 -9  4  1
202404151500 108  16  2.6  -9 -9.0   -9  998.8 1008.8  8  -0.7  16.7  15.2  91.0  17.3    0.3   16.4   16.4   -9.0   -9.0   -9.0   -9.0 61 66 1901                    10   8    6 StNs      -9   2   7   685  0.0  0.48 -9  18.3  16.8  16.5  15.9  15.7  -9 -9.0 -9  4  1
202404151600 108  14  1.7  -9 -9.0   -9  998.3 1008.3 -9  -9.0  16.9  15.4  91.0  17.5    0.2   16.6   16.6   -9.0   -9.0   -9.0   -9.0 60 66 1901                    10   7   10 ScAs      -9   2   5   924  0.0  0.25 -9  17.7  16.9  16.6  15.9  15.6  -9 -9.0 -9  4  1
202404151700 108  27  3.1  -9 -9.0   -9  998.6 1008.7 -9  -9.0  15.9  14.4  91.0  16.4    0.4   17.0   17.0   -9.0   -9.0   -9.0   -9.0 61 66 1901                    10   7    6 StNs      -9   2   7   244  0.0  0.13 -9  16.7  16.9  16.6  16.0  15.6  -9 -9.0 -9  4  1
202404151800 108  23  3.6  -9 -9.0   -9  999.2 1009.3  3   0.5  14.8  13.5  92.0  15.5    0.1   17.1   17.1   -9.0   -9.0   -9.0   -9.0 61 66 1901                    10   7    6 StNs      -9   2   7   467  0.0  0.11 -9  15.6  16.8  16.6  16.0  15.7  -9 -9.0 -9  1  1
202404151900 108  25  3.5  -9 -9.0   -9  999.8 1010.0 -9  -9.0  13.6  12.1  91.0  14.1    0.0   17.1   17.1   -9.0   -9.0   -9.0   -9.0 21 62 1901                     9   9    6 Sc         0   0   5   284  0.0  0.03 -9  14.5  16.6  16.5  16.0  15.7  -9 -9.0 -9  4  1
202404152000 108  23  4.2  -9 -9.0   -9 1000.9 1011.1 -9  -9.0  12.1  10.5  90.0  12.7   -9.0   17.1   17.1   -9.0   -9.0   -9.0   -9.0 -9 -9 19                       8   8    6 -         -9  -9  -9   615  0.0  0.01 -9  13.2  16.4  16.3  16.0  15.7  -9 -9.0 -9  3  2
202404152100 108  27  2.9  -9 -9.0   -9 1001.7 1012.0  2   2.7  11.8  10.3  91.0  12.5    0.0   17.1   17.1   -9.0   -9.0   -9.0   -9.0 50 65 1902                    10  10    3 St        -9  -9   7   688 -9.0 -9.00 -9  12.8  16.1  16.1  15.9  15.7  -9 -9.0 -9  1  1
202404152200 108  27  1.9  -9 -9.0   -9 1002.0 1012.3 -9  -9.0  11.9  10.4  91.0  12.6    0.0   17.1   17.1   -9.0   -9.0   -9.0   -9.0 51 55 1902                    10  10    3 St        -9  -9   7   665 -9.0 -9.00 -9  12.7  15.8  15.9  15.8  15.6  -9 -9.0 -9  4  1
202404152300 108   0  0.3  -9 -9.0   -9 1001.6 1011.8 -9  -9.0  12.2  10.4  89.0  12.6    0.0   17.1   17.1   -9.0   -9.0   -9.0   -9.0 20 52 1902                     9   9    3 St         0   0   6   963 -9.0 -9.00 -9  12.9  15.5  15.7  15.6  15.6  -9 -9.0 -9  4  1
202404160000 108  20  2.4  -9 -9.0   -9 1001.7 1011.9  5  -0.1  12.4  10.6  89.0  12.8   -9.0   17.1   17.1   -9.0   -9.0   -9.0   -9.0 10 52 19                       9   9    3 St         0   0   6   629 -9.0 -9.00 -9  12.8  15.4  15.5  15.5  15.5  -9 -9.0 -9  3  1
202404160100 108  20  1.8  -9 -9.0   -9 1001.5 1011.7 -9  -9.0  12.1  10.3  89.0  12.5   -9.0   -9.0   -9.0   -9.0   -9.0   -9.0   -9.0 -9 -9 19                       9   9    4 -         -9  -9  -9   741 -9.0 -9.00 -9  12.6  15.2  15.4  15.4  15.4  -9 -9.0 -9  3  2
202404160200 108  20  3.3  -9 -9.0   -9 1001.6 1011.9 -9  -9.0  11.7  10.4  92.0  12.6    0.0    0.0    0.0   -9.0   -9.0   -9.0   -9.0 51 52 1902                    10  10    2 St        -9  -9   7   628 -9.0 -9.00 -9  12.2  15.1  15.2  15.2  15.3  -9 -9.0 -9  4  1
202404160300 108  18  1.7  -9 -9.0   -9 1001.1 1011.4  7  -0.5  11.5  10.4  93.0  12.6    0.4    0.4    0.4   -9.0   -9.0   -9.0   -9.0 61 65 190201                  10   9    4 StNs      -9   2   7   641 -9.0 -9.00 -9  12.2  15.0  15.1  15.1  15.3  -9 -9.0 -9  4  1
202404160400 108  18  3.1  -9 -9.0   -9 1000.8 1011.1 -9  -9.0  11.6  10.5  93.0  12.7    0.1    0.5    0.5   -9.0   -9.0   -9.0   -9.0 21 62 1901                     9   9    3 St         0   0   6   947 -9.0 -9.00 -9  12.1  14.8  14.9  15.0  15.2  -9 -9.0 -9  4  1
202404160500 108  20  2.5  -9 -9.0   -9 1000.5 1010.7 -9  -9.0  11.8  10.5  92.0  12.7    0.0    0.5    0.5   -9.0   -9.0   -9.0   -9.0 21 62 1901                     9   9    3 St         0   0   6   956 -9.0 -9.00 -9  12.2  14.7  14.8  14.9  15.1  -9 -9.0 -9  4  1
202404160600 108  25  1.7  -9 -9.0   -9 1000.8 1011.0  5  -0.4  11.9  10.7  93.0  12.9   -9.0    0.5    0.5   -9.0   -9.0   -9.0   -9.0 10 62 19                      10  10    3 St        -9  -9   6   460  0.0  0.00 -9  12.3  14.5  14.7  14.8  15.0  -9 -9.0 -9  3  1
202404160700 108  27  2.3  -9 -9.0   -9 1001.6 1011.9 -9  -9.0  11.8  11.0  95.0  13.1    0.3    0.8    0.8   -9.0   -9.0   -9.0   -9.0 61 62 1901                    10   7    3 StNs      -9   2   7   219  0.0  0.01 -9  12.3  14.4  14.6  14.6  14.9  -9 -9.0 -9  4  1
202404160800 108  27  2.1  -9 -9.0   -9 1001.8 1012.1 -9  -9.0  12.0  11.3  96.0  13.4    0.8    1.6    1.6   -9.0   -9.0   -9.0   -9.0 61 66 1901                    10   9    6 StNs      -9   2   7   175  0.0  0.05 -9  12.6  14.4  14.5  14.5  14.8  -9 -9.0 -9  4  1
202404160900 108  25  2.5  -9 -9.0   -9 1001.9 1012.2  2   1.2  12.0  11.0  94.0  13.1    0.7    2.3    2.3   -9.0   -9.0   -9.0   -9.0 21 62 1901                    10   6   10 ScAs      -9   2   5   747  0.0  0.20 -9  13.8  14.3  14.4  14.4  14.7  -9 -9.0 -9  1  1
202404161000 108  20  2.7  -9 -9.0   -9 1002.2 1012.4 -9  -9.0  12.2  10.9  92.0  13.0    0.0    2.3    2.3   -9.0   -9.0   -9.0   -9.0 20 52 1902                    10  10    6 St        -9  -9   6   781  0.0  0.35 -9  14.1  14.3  14.4  14.4  14.7  -9 -9.0 -9  4  1
202404161100 108  20  3.2  -9 -9.0   -9 1002.4 1012.6 -9  -9.0  12.4  10.7  90.0  12.9   -9.0    2.3    2.3   -9.0   -9.0   -9.0   -9.0 10 22 19                      10  10    5 St        -9  -9   6   725  0.0  0.47 -9  15.3  14.4  14.4  14.4  14.7  -9 -9.0 -9  3  1
202404161200 108  23  2.8  -9 -9.0   -9 1002.1 1012.3  0   0.1  13.2  10.3  83.0  12.5   -9.0    2.3    2.3   -9.0   -9.0   -9.0   -9.0 10 52 19                      10  10    5 St        -9  -9   6   666  0.0  0.86 -9  18.4  14.6  14.5  14.3  14.6  -9 -9.0 -9  3  1
202404161300 108  20  2.2  -9 -9.0   -9 1001.9 1012.0 -9  -9.0  15.7  10.8  73.0  12.9   -9.0    2.3    2.3   -9.0   -9.0   -9.0   -9.0  6 22 4219                     9   9    9 Sc         0   0   5   831  0.6  2.56 -9  25.8  15.1  14.7  14.4  14.6  -9 -9.0 -9  3  1
202404161400 108  23  3.2  -9 -9.0   -9 1001.6 1011.7 -9  -9.0  16.5   9.8  65.0  12.1   -9.0    2.3    2.3   -9.0   -9.0   -9.0   -9.0  6 22 4219                     9   9    8 Sc         0   0   5   749  0.4  2.24 -9  24.6  16.0  15.2  14.4  14.5  -9 -9.0 -9  3  1
202404161500 108  25  3.6  -9 -9.0   -9 1001.4 1011.4  7  -0.9  17.0   9.8  63.0  12.1   -9.0    2.3    2.3   -9.0   -9.0   -9.0   -9.0  6 52 42                       8   8    9 Sc         0   0   5   612  0.9  2.48 -9  25.5  16.7  15.7  14.6  14.5  -9 -9.0 -9  3  1
202404161600 108  25  2.3  -9 -9.0   -9 1001.2 1011.2 -9  -9.0  17.6   9.9  61.0  12.2   -9.0    2.3    2.3   -9.0   -9.0   -9.0   -9.0  6  0 42                       1   0   -9 Ci         1   0   0   747  1.0  2.05 -9  24.5  17.2  16.2  14.9  14.6  -9 -9.0 -9  3  1
202404161700 108  18  3.8  -9 -9.0   -9 1001.5 1011.5 -9  -9.0  17.1  10.2  64.0  12.4   -9.0    2.3    2.3   -9.0   -9.0   -9.0   -9.0  6  0 42                       0   0   -9 -         -9  -9  -9   647  0.8  1.31 -9  20.9  17.5  16.6  15.2  14.7  -9 -9.0 -9  3  1
202404161800 108  20  2.7  -9 -9.0   -9 1001.6 1011.7  3   0.3  16.2   9.6  65.0  11.9   -9.0    2.3    2.3   -9.0   -9.0   -9.0   -9.0  6  0 42                       0   0   -9 -         -9  -9  -9   708  0.0  0.68 -9  17.9  17.5  16.7  15.5  14.9  -9 -9.0 -9  3  1
202404161900 108  27  2.5  -9 -9.0   -9 1002.1 1012.3 -9  -9.0  14.9  10.2  74.0  12.4   -9.0    2.3    2.3   -9.0   -9.0   -9.0   -9.0  6  0 42                       0   0   -9 -         -9  -9  -9   532  0.0  0.19 -9  15.1  17.2  16.7  15.7  15.0  -9 -9.0 -9  3  1
202404162000 108  27  1.2  -9 -9.0   -9 1002.4 1012.6 -9  -9.0  13.8  10.0  78.0  12.3   -9.0    2.3    2.3   -9.0   -9.0   -9.0   -9.0  6  0 42                       0   0   -9 -         -9  -9  -9   497  0.0  0.00 -9  13.3  16.7  16.5  15.7  15.1  -9 -9.0 -9  3  1
202404162100 108  25  2.3  -9 -9.0   -9 1003.0 1013.2  2   1.5  12.9   9.8  82.0  12.1   -9.0    2.3    2.3   -9.0   -9.0   -9.0   -9.0  6  0 4219                     2   2   10 Sc         0   0   5   414 -9.0 -9.00 -9  12.2  16.3  16.2  15.7  15.2  -9 -9.0 -9  3  1
202404162200 108  27  2.0  -9 -9.0   -9 1003.2 1013.4 -9  -9.0  12.4   9.9  85.0  12.2   -9.0    2.3    2.3   -9.0   -9.0   -9.0   -9.0  6  0 4219                     0   0   -9 -         -9  -9  -9   377 -9.0 -9.00 -9  11.4  15.8  15.9  15.7  15.3  -9 -9.0 -9  3  1
202404162300 108  27  1.5  -9 -9.0   -9 1002.8 1013.1 -9  -9.0  12.0   9.7  86.0  12.0   -9.0    2.3    2.3   -9.0   -9.0   -9.0   -9.0  6  0 4219                     0   0   -9 -         -9  -9  -9   306 -9.0 -9.00 -9  10.8  15.4  15.6  15.5  15.3  -9 -9.0 -9  3  1
202404170000 108  25  1.7  -9 -9.0   -9 1002.8 1013.1  6  -0.1  11.5   9.5  88.0  11.9   -9.0    2.3    2.3   -9.0   -9.0   -9.0   -9.0  6  0 4219                     0   0   -9 -         -9  -9  -9   292 -9.0 -9.00 -9  10.2  15.0  15.3  15.4  15.3  -9 -9.0 -9  3  1
202404170100 108  27  1.7  -9 -9.0   -9 1003.3 1013.6 -9  -9.0  11.2   9.6  90.0  11.9   -9.0   -9.0   -9.0   -9.0   -9.0   -9.0   -9.0  6  0 4219                     0   0   -9 -         -9  -9  -9   301 -9.0 -9.00 -9   9.7  14.7  15.0  15.2  15.2  -9 -9.0 -9  3  1
202404170200 108  25  2.4  -9 -9.0   -9 1003.3 1013.6 -9  -9.0  10.9   9.4  91.0  11.8   -9.0   -9.0   -9.0   -9.0   -9.0   -9.0   -9.0  6  0 4219                     0   0   -9 -         -9  -9  -9   232 -9.0 -9.00 -9   9.5  14.3  14.7  15.0  15.1  -9 -9.0 -9  3  1
202404170300 108  27  2.4  -9 -9.0   -9 1003.6 1013.9  2   0.8  10.6   9.3  92.0  11.7   -9.0   -9.0   -9.0   -9.0   -9.0   -9.0   -9.0  6  0 4219                     6   6   10 Sc         0   0   5   201 -9.0 -9.00 -9  10.1  14.1  14.4  14.8  15.0  -9 -9.0 -9  3  1
202404170400 108  25  2.1  -9 -9.0   -9 1003.7 1014.1 -9  -9.0  10.4   9.3  93.0  11.7   -9.0   -9.0   -9.0   -9.0   -9.0   -9.0   -9.0  6 22 4219                     7   7   10 Sc         0   0   5   186 -9.0 -9.00 -9  10.5  13.9  14.2  14.6  14.9  -9 -9.0 -9  3  1
202404170500 108  25  2.3  -9 -9.0   -9 1003.8 1014.2 -9  -9.0  10.0   8.5  91.0  11.1   -9.0   -9.0   -9.0   -9.0   -9.0   -9.0   -9.0  6 22 4219                     7   7   10 Sc         0   0   5   229 -9.0 -9.00 -9  10.5  13.7  14.0  14.4  14.8  -9 -9.0 -9  3  1
202404170600 108  29  1.4  -9 -9.0   -9 1004.0 1014.4  2   0.5   9.8   8.3  91.0  10.9   -9.0   -9.0   -9.0   -9.0   -9.0   -9.0   -9.0  6 22 4219                    10  10    6 St        -9  -9   6   285  0.0  0.00 -9  10.2  13.6  13.9  14.3  14.7  -9 -9.0 -9  3  1
202404170700 108  20  1.6  -9 -9.0   -9 1004.4 1014.8 -9  -9.0   9.9   8.1  89.0  10.8   -9.0   -9.0   -9.0   -9.0   -9.0   -9.0   -9.0 10 22 4219                    10  10    6 St        -9  -9   6   369  0.0  0.11 -9  11.0  13.5  13.8  14.1  14.6  -9 -9.0 -9  3  1
202404170800 108  36  1.5  -9 -9.0   -9 1004.0 1014.3 -9  -9.0  10.7   8.6  87.0  11.2   -9.0   -9.0   -9.0   -9.0   -9.0   -9.0   -9.0 10 22 19                       6   6   10 Sc         0   0   5   414  0.6  0.68 -9  14.0  13.5  13.7  14.0  14.5  -9 -9.0 -9  3  1
202404170900 108   5  1.8  -9 -9.0   -9 1004.1 1014.3  6  -0.1  12.8   9.0  78.0  11.5   -9.0   -9.0   -9.0   -9.0   -9.0   -9.0   -9.0 10 11 19                       1   0   -9 Ci         1   0   0   501  1.0  1.49 -9  18.8  13.6  13.7  13.9  14.4  -9 -9.0 -9  3  1
202404171000 108   7  1.3  -9 -9.0   -9 1003.7 1013.9 -9  -9.0  15.1   8.0  63.0  10.7   -9.0   -9.0   -9.0   -9.0   -9.0   -9.0   -9.0  5 22 4019                     7   0   -9 Ci         1   0   0   750  1.0  2.23 -9  23.9  14.2  13.9  13.8  14.3  -9 -9.0 -9  3  1
202404171100 108  16  1.4  -9 -9.0   -9 1003.2 1013.2 -9  -9.0  17.4   8.7  57.0  11.2   -9.0   -9.0   -9.0   -9.0   -9.0   -9.0   -9.0  5 22 40                       6   0   -9 Ci         1   0   0   828  1.0  2.69 -9  27.3  15.0  14.3  13.9  14.2  -9 -9.0 -9  3  1
202404171200 108  20  2.8  -9 -9.0   -9 1002.7 1012.7  7  -1.6  18.6   8.8  53.0  11.3   -9.0   -9.0   -9.0   -9.0   -9.0   -9.0   -9.0  6 22 4240                     5   0   -9 Ci         1   0   0   767  1.0  3.04 -9  29.6  16.1  15.0  14.1  14.2  -9 -9.0 -9  3  1
202404171300 108  27  2.8  -9 -9.0   -9 1002.0 1012.0 -9  -9.0  19.8   7.8  46.0  10.6   -9.0   -9.0   -9.0   -9.0   -9.0   -9.0   -9.0  6 22 42                       6   0   -9 Ci         1   0   0   951  1.0  3.01 -9  31.0  17.1  15.7  14.4  14.2  -9 -9.0 -9  3  1
202404171400 108  25  2.6  -9 -9.0   -9 1001.2 1011.1 -9  -9.0  20.7   8.3  45.0  10.9   -9.0   -9.0   -9.0   -9.0   -9.0   -9.0   -9.0  6 22 42                       6   0   -9 Ci         1   0   0   971  1.0  2.80 -9  30.4  17.9  16.5  14.7  14.3  -9 -9.0 -9  3  1
202404171500 108  27  3.1  -9 -9.0   -9 1000.3 1010.1  7  -2.6  21.7   5.9  36.0   9.3   -9.0   -9.0   -9.0   -9.0   -9.0   -9.0   -9.0  6 22 42                       7   0   -9 Ci         1   0   0   787  1.0  2.75 -9  30.1  18.5  17.0  15.2  14.5  -9 -9.0 -9  3  1
202404171600 108  25  2.5  -9 -9.0   -9  999.8 1009.7 -9  -9.0  21.2   7.7  42.0  10.5   -9.0   -9.0   -9.0   -9.0   -9.0   -9.0   -9.0  6 22 42                       7   0   -9 Ci         1   0   0   997  1.0  2.07 -9  26.5  18.9  17.5  15.6  14.7  -9 -9.0 -9  3  1
202404171700 108  25  3.6  -9 -9.0   -9  999.6 1009.5 -9  -9.0  20.7   7.6  43.0  10.4   -9.0   -9.0   -9.0   -9.0   -9.0   -9.0   -9.0  6 22 42                       7   0   -9 Ci         1   0   0  1128  0.9  1.43 -9  23.4  19.0  17.8  16.0  14.9  -9 -9.0 -9  3  1
202404171800 108  25  3.5  -9 -9.0   -9  999.4 1009.3  7  -0.8  19.0   6.7  45.0   9.8   -9.0   -9.0   -9.0   -9.0   -9.0   -9.0   -9.0  6 22 42                       5   0   -9 Ci         1   0   0  1204  0.7  0.70 -9  19.0  18.8  17.9  16.3  15.2  -9 -9.0 -9  3  1
202404171900 108  25  2.6  -9 -9.0   -9  999.7 1009.7 -9  -9.0  17.5   6.6  49.0   9.7   -9.0   -9.0   -9.0   -9.0   -9.0   -9.0   -9.0  6  0 42                       1   0   -9 Ci         1   0   0  1191  0.1  0.19 -9  15.9  18.4  17.8  16.5  15.4  -9 -9.0 -9  3  1
202404172000 108  27  2.3  -9 -9.0   -9 1000.4 1010.5 -9  -9.0  15.9   7.3  57.0  10.2   -9.0   -9.0   -9.0   -9.0   -9.0   -9.0   -9.0  6  0 42                       3   0   -9 Ci         1   0   0  1354  0.0  0.01 -9  13.9  17.8  17.5  16.6  15.6  -9 -9.0 -9  3  1
202404172100 108  25  2.6  -9 -9.0   -9 1000.9 1011.0  2   1.7  14.5   6.8  60.0   9.9   -9.0   -9.0   -9.0   -9.0   -9.0   -9.0   -9.0  6  0 42                       3   0   -9 Ci         1   0   0  1515 -9.0 -9.00 -9  12.6  17.2  17.2  16.5  15.7  -9 -9.0 -9  3  1
202404172200 108  25  2.2  -9 -9.0   -9 1000.8 1011.0 -9  -9.0  13.7   6.0  60.0   9.3   -9.0   -9.0   -9.0   -9.0   -9.0   -9.0   -9.0  6  0 42                       0   0   -9 -         -9  -9  -9  1357 -9.0 -9.00 -9  11.7  16.7  16.8  16.3  15.7  -9 -9.0 -9  3  1
202404172300 108  25  2.1  -9 -9.0   -9 1000.7 1010.9 -9  -9.0  13.3   6.6  64.0   9.7   -9.0   -9.0   -9.0   -9.0   -9.0   -9.0   -9.0  6  0 42                       0   0   -9 -         -9  -9  -9  1375 -9.0 -9.00 -9  11.1  16.2  16.4  16.3  15.8  -9 -9.0 -9  3  1
202404180000 108  27  0.5  -9 -9.0   -9 1000.3 1010.5  7  -0.5  12.9   6.9  67.0   9.9   -9.0   -9.0   -9.0   -9.0   -9.0   -9.0   -9.0  6  0 42                       0   0   -9 -         -9  -9  -9  1358 -9.0 -9.00 -9  10.6  15.7  16.0  16.1  15.8  -9 -9.0 -9  3  1
202404180100 108   0  0.0  -9 -9.0   -9 1000.4 1010.6 -9  -9.0  12.6   7.4  71.0  10.3   -9.0   -9.0   -9.0   -9.0   -9.0   -9.0   -9.0  6  0 42                       0   0   -9 -         -9  -9  -9  1262 -9.0 -9.00 -9  10.1  15.4  15.7  15.8  15.7  -9 -9.0 -9  3  1
202404180200 108  34  0.5  -9 -9.0   -9  999.9 1010.1 -9  -9.0  12.3   7.7  74.0  10.5   -9.0   -9.0   -9.0   -9.0   -9.0   -9.0   -9.0  6  0 42                       0   0   -9 -         -9  -9  -9  1182 -9.0 -9.00 -9   9.8  15.0  15.4  15.6  15.6  -9 -9.0 -9  3  1
202404180300 108  29  0.9  -9 -9.0   -9  999.4 1009.6  8  -0.9  11.9   7.7  76.0  10.5   -9.0   -9.0   -9.0   -9.0   -9.0   -9.0   -9.0  6  0 42                       0   0   -9 -         -9  -9  -9  1217 -9.0 -9.00 -9   9.4  14.7  15.1  15.4  15.5  -9 -9.0 -9  3  1
202404180400 108  27  1.3  -9 -9.0   -9  999.2 1009.5 -9  -9.0  11.4   7.5  77.0  10.4   -9.0   -9.0   -9.0   -9.0   -9.0   -9.0   -9.0  6  0 42                       0   0   -9 -         -9  -9  -9  1183 -9.0 -9.00 -9   9.1  14.4  14.8  15.2  15.4  -9 -9.0 -9  3  1
202404180500 108  27  2.2  -9 -9.0   -9  999.5 1009.8 -9  -9.0  11.1   7.5  79.0  10.4   -9.0   -9.0   -9.0   -9.0   -9.0   -9.0   -9.0  6  0 42                       0   0   -9 -         -9  -9  -9  1134 -9.0 -9.00 -9   8.9  14.1  14.5  15.0  15.3  -9 -9.0 -9  3  1
202404180600 108  27  0.5  -9 -9.0   -9 1000.0 1010.3  3   0.7  10.8   7.4  80.0  10.3   -9.0   -9.0   -9.0   -9.0   -9.0   -9.0   -9.0  6  0 42                       0   0   -9 -         -9  -9  -9  1118  0.0  0.00 -9   8.6  13.9  14.3  14.8  15.2  -9 -9.0 -9  3  1
202404180700 108  27  0.5  -9 -9.0   -9 1000.6 1010.9 -9  -9.0  11.0   7.8  81.0  10.6   -9.0   -9.0   -9.0   -9.0   -9.0   -9.0   -9.0  6  0 42                       0   0   -9 -         -9  -9  -9  1072  0.1  0.18 -9   9.9  13.6  14.0  14.6  15.0  -9 -9.0 -9  3  1
202404180800 108   2  1.8  -9 -9.0   -9 1000.9 1011.1 -9  -9.0  13.0   9.2  78.0  11.6   -9.0   -9.0   -9.0   -9.0   -9.0   -9.0   -9.0  6  0 42                       0   0   -9 -         -9  -9  -9  1087  1.0  0.75 -9  14.8  13.6  13.9  14.4  14.9  -9 -9.0 -9  3  1
202404180900 108   7  1.5  -9 -9.0   -9 1000.8 1010.9  0   0.6  15.6   9.7  68.0  12.0   -9.0   -9.0   -9.0   -9.0   -9.0   -9.0   -9.0  6  0 42                       0   0   -9 -         -9  -9  -9  1039  1.0  1.53 -9  20.4  13.9  13.9  14.2  14.7  -9 -9.0 -9  3  1
202404181000 108  18  1.9  -9 -9.0   -9 1001.0 1011.0 -9  -9.0  17.9  10.5  62.0  12.7   -9.0   -9.0   -9.0   -9.0   -9.0   -9.0   -9.0  6  0 42                       0   0   -9 -         -9  -9  -9  1005  1.0  2.20 -9  25.4  14.6  14.2  14.2  14.6  -9 -9.0 -9  3  1
202404181100 108  18  2.3  -9 -9.0   -9 1001.0 1011.0 -9  -9.0  19.9  10.8  56.0  12.9   -9.0   -9.0   -9.0   -9.0   -9.0   -9.0   -9.0  6  0 42                       0   0   -9 -         -9  -9  -9  1092  1.0  2.77 -9  29.6  15.7  14.8  14.2  14.6  -9 -9.0 -9  3  1
202404181200 108  25  2.4  -9 -9.0   -9 1000.6 1010.4  8  -0.5  21.9  10.3  48.0  12.5   -9.0   -9.0   -9.0   -9.0   -9.0   -9.0   -9.0  6  0 42                       0   0   -9 -         -9  -9  -9  1130  1.0  3.17 -9  32.2  16.8  15.5  14.4  14.5  -9 -9.0 -9  3  1
202404181300 108  29  3.2  -9 -9.0   -9 1000.0 1009.8 -9  -9.0  22.4   7.3  38.0  10.2   -9.0   -9.0   -9.0   -9.0   -9.0   -9.0   -9.0  6  0 42                       0   0   -9 -         -9  -9  -9  1483  1.0  3.36 -9  33.2  17.9  16.4  14.8  14.5  -9 -9.0 -9  3  1
202404181400 108  25  2.8  -9 -9.0   -9  999.1 1008.8 -9  -9.0  24.3   9.0  38.0  11.5   -9.0   -9.0   -9.0   -9.0   -9.0   -9.0   -9.0  6  0 42                       0   0   -9 -         -9  -9  -9  1332  1.0  3.30 -9  34.0  18.8  17.2  15.2  14.6  -9 -9.0 -9  3  1
202404181500 108  25  3.2  -9 -9.0   -9  998.2 1007.9  7  -2.5  24.9   7.9  34.0  10.6   -9.0   -9.0   -9.0   -9.0   -9.0   -9.0   -9.0  6  0 42                       0   0   -9 -         -9  -9  -9  1681  1.0  2.94 -9  33.0  19.5  17.9  15.7  14.8  -9 -9.0 -9  3  1
202404181600 108  25  3.3  -9 -9.0   -9  997.9 1007.6 -9  -9.0  24.7   7.7  34.0  10.5   -9.0   -9.0   -9.0   -9.0   -9.0   -9.0   -9.0  6  0 42                       0   0   -9 -         -9  -9  -9  1997  1.0  2.36 -9  30.5  19.9  18.5  16.2  15.1  -9 -9.0 -9  3  1
202404181700 108  27  3.7  -9 -9.0   -9  998.3 1008.0 -9  -9.0  23.5   5.8  32.0   9.2   -9.0   -9.0   -9.0   -9.0   -9.0   -9.0   -9.0  6  0 42                       0   0   -9 -         -9  -9  -9  2024  1.0  1.69 -9  26.2  20.0  18.8  16.6  15.3  -9 -9.0 -9  3  1
202404181800 108  29  4.5  -9 -9.0   -9  998.7 1008.6  3   0.7  21.2   2.9  30.0   7.5   -9.0   -9.0   -9.0   -9.0   -9.0   -9.0   -9.0  6  0 42                       0   0   -9 -         -9  -9  -9  2652  1.0  0.93 -9  21.0  19.8  18.9  17.0  15.6  -9 -9.0 -9  3  1
202404181900 108  27  3.1  -9 -9.0   -9  999.6 1009.5 -9  -9.0  19.2   0.2  28.0   6.2   -9.0   -9.0   -9.0   -9.0   -9.0   -9.0   -9.0  6  0 42                       0   0   -9 -         -9  -9  -9  3051  0.6  0.27 -9  17.4  19.4  18.8  17.3  15.9  -9 -9.0 -9  3  1
202404182000 108  27  3.6  -9 -9.0   -9 1000.3 1010.3 -9  -9.0  17.7   0.7  32.0   6.4   -9.0   -9.0   -9.0   -9.0   -9.0   -9.0   -9.0  6  0 42                       0   0   -9 -         -9  -9  -9  3156  0.0  0.00 -9  15.1  18.7  18.5  17.4  16.1  -9 -9.0 -9  3  1
202404182100 108  27  3.2  -9 -9.0   -9 1000.9 1010.9  2   2.3  17.0   1.8  36.0   7.0   -9.0   -9.0   -9.0   -9.0   -9.0   -9.0   -9.0 -9 -9 42                       0   0   -9 -         -9  -9  -9  2768 -9.0 -9.00 -9  13.8  18.1  18.1  17.4  16.3  -9 -9.0 -9  3  2
202404182200 108  27  2.5  -9 -9.0   -9 1001.4 1011.5 -9  -9.0  16.1   3.5  43.0   7.8   -9.0   -9.0   -9.0   -9.0   -9.0   -9.0   -9.0 -9 -9 -                        0   0   -9 -         -9  -9  -9  2296 -9.0 -9.00 -9  12.9  17.6  17.7  17.2  16.4  -9 -9.0 -9  3 -9
202404182300 108  25  1.3  -9 -9.0   -9 1001.8 1011.9 -9  -9.0  15.5   4.5  48.0   8.4   -9.0   -9.0   -9.0   -9.0   -9.0   -9.0   -9.0 -9 -9 -                        0   0   -9 -         -9  -9  -9  2003 -9.0 -9.00 -9  12.1  17.1  17.3  17.1  16.4  -9 -9.0 -9  3 -9
202404190000 108  23  0.8  -9 -9.0   -9 1002.2 1012.4  2   1.5  14.8   5.5  54.0   9.0   -9.0   -9.0   -9.0   -9.0   -9.0   -9.0   -9.0 -9 -9 -                        0   0   -9 -         -9  -9  -9  1751 -9.0 -9.00 -9  11.4  16.6  16.9  16.8  16.4  -9 -9.0 -9  3  2
202404190100 108  23  1.8  -9 -9.0   -9 1002.1 1012.3 -9  -9.0  13.9   5.7  58.0   9.2   -9.0   -9.0   -9.0   -9.0   -9.0   -9.0   -9.0 -9 -9 -                        0   0   -9 -         -9  -9  -9  1696 -9.0 -9.00 -9  10.7  16.2  16.6  16.6  16.3  -9 -9.0 -9  3 -9
202404190200 108  25  1.7  -9 -9.0   -9 1002.2 1012.4 -9  -9.0  13.1   5.4  60.0   9.0   -9.0   -9.0   -9.0   -9.0   -9.0   -9.0   -9.0 -9 -9 -                        0   0   -9 -         -9  -9  -9  1690 -9.0 -9.00 -9  10.1  15.8  16.2  16.4  16.2  -9 -9.0 -9  3 -9
202404190300 108  34  0.5  -9 -9.0   -9 1001.7 1011.9  7  -0.5  12.7   5.8  63.0   9.2   -9.0   -9.0   -9.0   -9.0   -9.0   -9.0   -9.0 -9 -9 -                        0   0   -9 -         -9  -9  -9  1746 -9.0 -9.00 -9   9.8  15.4  15.8  16.1  16.1  -9 -9.0 -9  3  2
202404190400 108  27  0.5  -9 -9.0   -9 1002.1 1012.3 -9  -9.0  12.1   5.7  65.0   9.2   -9.0   -9.0   -9.0   -9.0   -9.0   -9.0   -9.0 -9 -9 -                        0   0   -9 -         -9  -9  -9  1745 -9.0 -9.00 -9   9.5  15.1  15.5  15.9  16.0  -9 -9.0 -9  3  2
202404190500 108   2  1.5  -9 -9.0   -9 1002.0 1012.3 -9  -9.0  11.9   5.9  67.0   9.3   -9.0   -9.0   -9.0   -9.0   -9.0   -9.0   -9.0 -9 -9 -                        0   0   -9 -         -9  -9  -9  1736 -9.0 -9.00 -9   9.3  14.8  15.2  15.7  15.9  -9 -9.0 -9  3  2
202404190600 108   2  1.4  -9 -9.0   -9 1002.5 1012.8  2   0.9  11.7   5.5  66.0   9.0   -9.0   -9.0   -9.0   -9.0   -9.0   -9.0   -9.0 -9 -9 -                        0   0   -9 -         -9  -9  -9  1682  0.0  0.00 -9   9.1  14.5  14.9  15.4  15.8  -9 -9.0 -9  3  2
202404190700 108   5  2.2  -9 -9.0   -9 1002.9 1013.2 -9  -9.0  11.8   6.0  68.0   9.3   -9.0   -9.0   -9.0   -9.0   -9.0   -9.0   -9.0 -9 -9 -                        0   0   -9 -         -9  -9  -9  1708  0.2  0.19 -9  10.4  14.3  14.7  15.2  15.6  -9 -9.0 -9  3  2
202404190800 108   5  2.5  -9 -9.0   -9 1003.3 1013.5 -9  -9.0  14.0   6.3  60.0   9.5   -9.0   -9.0   -9.0   -9.0   -9.0   -9.0   -9.0 -9 -9 -                        0   0   -9 -         -9  -9  -9  1705  1.0  0.79 -9  14.9  14.2  14.5  15.0  15.5  -9 -9.0 -9  3  2
202404190900 108  25  1.4  -9 -9.0   -9 1003.6 1013.7  2   0.9  16.1   5.6  50.0   9.1   -9.0   -9.0   -9.0   -9.0   -9.0   -9.0   -9.0 -9 -9 -                        0   0   -9 -         -9  -9  -9  1384  1.0  1.54 -9  20.6  14.5  14.6  14.8  15.3  -9 -9.0 -9  3  2
202404191000 108  20  2.4  -9 -9.0   -9 1003.8 1013.8 -9  -9.0  18.3   6.1  45.0   9.4   -9.0   -9.0   -9.0   -9.0   -9.0   -9.0   -9.0 -9 -9 -                        0   0   -9 -         -9  -9  -9  1180  1.0  2.21 -9  25.3  15.2  14.8  14.8  15.2  -9 -9.0 -9  3  2
202404191100 108  25  2.5  -9 -9.0   -9 1003.0 1013.0 -9  -9.0  20.2   6.8  42.0   9.9   -9.0   -9.0   -9.0   -9.0   -9.0   -9.0   -9.0 -9 -9 -                        1   0   -9 Ci         1   0   0  1068  1.0  2.79 -9  29.6  16.2  15.4  14.8  15.1  -9 -9.0 -9  3  2
202404191200 108  23  1.8  -9 -9.0   -9 1002.4 1012.3  8  -1.4  21.8   7.5  40.0  10.4   -9.0   -9.0   -9.0   -9.0   -9.0   -9.0   -9.0  5  0 40                       8   0   -9 Ci         1   0   0   941  1.0  2.94 -9  31.1  17.2  16.0  15.0  15.1  -9 -9.0 -9  3  1
202404191300 108  23  2.8  -9 -9.0   -9 1001.7 1011.5 -9  -9.0  23.3   8.1  38.0  10.8   -9.0   -9.0   -9.0   -9.0   -9.0   -9.0   -9.0  5 22 40                       8   0   -9 Ci         2   0   0   861  1.0  3.32 -9  34.5  18.2  16.8  15.3  15.1  -9 -9.0 -9  3  1
202404191400 108  18  3.7  -9 -9.0   -9 1001.4 1011.1 -9  -9.0  23.8   8.6  38.0  11.2   -9.0   -9.0   -9.0   -9.0   -9.0   -9.0   -9.0  5 22 40                       8   0   -9 Ci         1   0   0   972  0.9  2.68 -9  33.3  19.1  17.6  15.7  15.2  -9 -9.0 -9  3  1
202404191500 108  23  2.8  -9 -9.0   -9 1000.7 1010.4  7  -1.9  24.1   8.4  37.0  11.0   -9.0   -9.0   -9.0   -9.0   -9.0   -9.0   -9.0  5  0 40                       1   0   -9 Ci         1   0   0   951  1.0  2.72 -9  32.8  19.7  18.3  16.2  15.3  -9 -9.0 -9  3  1
202404191600 108  23  3.0  -9 -9.0   -9 1000.4 1010.2 -9  -9.0  23.4   7.0  35.0  10.0   -9.0   -9.0   -9.0   -9.0   -9.0   -9.0   -9.0 -9 -9 40                       5   0   -9 Ci         1   0   0  1054  1.0  2.10 -9  29.3  20.1  18.8  16.6  15.5  -9 -9.0 -9  3  2
202404191700 108  25  3.5  -9 -9.0   -9 1000.5 1010.3 -9  -9.0  22.6   6.3  35.0   9.5   -9.0   -9.0   -9.0   -9.0   -9.0   -9.0   -9.0 -9 -9 -                        9   0   -9 Ci         1   0   0  1146  1.0  1.41 -9  25.9  20.2  19.1  17.0  15.8  -9 -9.0 -9  3  2
202404191800 108  27  3.1  -9 -9.0   -9 1000.8 1010.7  3   0.3  21.1   7.3  41.0  10.2   -9.0   -9.0   -9.0   -9.0   -9.0   -9.0   -9.0 -9 -9 -                        9   0   -9 Ci         1   0   0  1068  0.3  0.63 -9  21.9  20.0  19.2  17.4  16.0  -9 -9.0 -9  3  2
202404191900 108  27  2.1  -9 -9.0   -9 1001.3 1011.2 -9  -9.0  19.5   9.3  52.0  11.7   -9.0   -9.0   -9.0   -9.0   -9.0   -9.0   -9.0 -9 -9 -                        8   1   -9 -         -9  -9  -9  1112  0.0  0.18 -9  18.8  19.6  19.1  17.6  16.3  -9 -9.0 -9  3 -9
202404192000 108  27  2.4  -9 -9.0   -9 1001.9 1011.9 -9  -9.0  18.2   9.5  57.0  11.9   -9.0   -9.0   -9.0   -9.0   -9.0   -9.0   -9.0 -9 -9 -                        9   1   -9 -         -9  -9  -9  1055  0.0  0.00 -9  16.8  19.1  18.9  17.7  16.5  -9 -9.0 -9  3 -9
202404192100 108  27  3.1  -9 -9.0   -9 1002.5 1012.5  2   1.8  17.2   8.8  58.0  11.3   -9.0   -9.0   -9.0   -9.0   -9.0   -9.0   -9.0 -9 -9 -                        7   0   -9 Ci         1   0   0  1104 -9.0 -9.00 -9  15.6  18.6  18.5  17.7  16.6  -9 -9.0 -9  3  2
202404192200 108  25  1.1  -9 -9.0   -9 1002.8 1012.9 -9  -9.0  16.4   6.5  52.0   9.7   -9.0   -9.0   -9.0   -9.0   -9.0   -9.0   -9.0 -9 -9 -                        7   1   -9 -         -9  -9  -9  1316 -9.0 -9.00 -9  14.4  18.2  18.2  17.6  16.7  -9 -9.0 -9  3 -9
202404192300 108  20  0.8  -9 -9.0   -9 1002.3 1012.4 -9  -9.0  16.0   6.6  54.0   9.7   -9.0   -9.0   -9.0   -9.0   -9.0   -9.0   -9.0 -9 -9 -                        9   1   -9 -         -9  -9  -9  1300 -9.0 -9.00 -9  14.1  17.7  17.8  17.5  16.8  -9 -9.0 -9  3 -9
202404200000 108   2  0.8  -9 -9.0   -9 1002.1 1012.2  8  -0.3  15.8   7.7  59.0  10.5   -9.0   -9.0   -9.0   -9.0   -9.0   -9.0   -9.0 -9 -9 -                        6   0   -9 Ci         1   0   0  1335 -9.0 -9.00 -9  13.6  17.3  17.5  17.3  16.7  -9 -9.0 -9  3  2
202404200100 108   0  0.3  -9 -9.0   -9 1001.8 1011.9 -9  -9.0  15.7   8.4  62.0  11.0   -9.0   -9.0   -9.0   -9.0   -9.0   -9.0   -9.0 -9 -9 -                        9   1   -9 -         -9  -9  -9  1161 -9.0 -9.00 -9  13.4  17.0  17.2  17.1  16.7  -9 -9.0 -9  3 -9
202404200200 108   2  1.2  -9 -9.0   -9 1001.1 1011.2 -9  -9.0  15.6   9.0  65.0  11.5   -9.0   -9.0   -9.0   -9.0   -9.0   -9.0   -9.0 -9 -9 -                       10   1   -9 -         -9  -9  -9  1002 -9.0 -9.00 -9  13.6  16.7  16.9  16.9  16.6  -9 -9.0 -9  3  2
202404200300 108   5  2.5  -9 -9.0   -9 1000.7 1010.8  7  -1.4  15.2   8.8  66.0  11.3   -9.0   -9.0   -9.0   -9.0   -9.0   -9.0   -9.0  5 22 40                      10   3   40 AcCs       7   3   0   924 -9.0 -9.00 -9  13.4  16.5  16.7  16.7  16.6  -9 -9.0 -9  3  1
202404200400 108   5  1.9  -9 -9.0   -9 1000.6 1010.7 -9  -9.0  15.4   9.5  68.0  11.9   -9.0   -9.0   -9.0   -9.0   -9.0   -9.0   -9.0  5 22 40                      10   6   40 AcCs       7   3   0   789 -9.0 -9.00 -9  13.5  16.3  16.5  16.6  16.5  -9 -9.0 -9  3  1
202404200500 108   7  3.1  -9 -9.0   -9  999.8 1009.9 -9  -9.0  15.5   9.8  69.0  12.1   -9.0   -9.0   -9.0   -9.0   -9.0   -9.0   -9.0  5 22 40                      10   7   40 AcCs       7   3   0   770 -9.0 -9.00 -9  13.5  16.2  16.4  16.4  16.4  -9 -9.0 -9  3  1
202404200600 108   7  1.9  -9 -9.0   -9 1000.0 1010.1  5  -0.7  15.6   9.0  65.0  11.5   -9.0   -9.0   -9.0   -9.0   -9.0   -9.0   -9.0  5 22 40                      10   5   35 AcCs       7   3   0   690  0.0  0.00 -9  13.4  16.1  16.2  16.3  16.3  -9 -9.0 -9  3  1
202404200700 108   7  2.3  -9 -9.0   -9 1000.0 1010.1 -9  -9.0  15.6   8.8  64.0  11.3   -9.0   -9.0   -9.0   -9.0   -9.0   -9.0   -9.0  5 22 40                      10   5   15 ScAs      -9   2   5   759  0.0  0.03 -9  13.6  16.0  16.1  16.1  16.2  -9 -9.0 -9  3  1
202404200800 108   5  2.9  -9 -9.0   -9 1000.0 1010.1 -9  -9.0  16.1   8.8  62.0  11.3   -9.0   -9.0   -9.0   -9.0   -9.0   -9.0   -9.0  5 22 40                      10   5   15 ScAs      -9   2   5   782  0.0  0.20 -9  14.8  15.9  16.0  16.0  16.1  -9 -9.0 -9  3  1
202404200900 108   9  1.4  16 13.0  817 1001.5 1011.6  2   1.5  16.6   8.7  60.0  11.2   -9.0   -9.0   -9.0   -9.0   -9.0   -9.0   -9.0  5 22 40                      10   6   12 ScAs      -9   2   5   783  0.0  0.20 -9  15.2  15.9  15.9  15.9  16.0  -9 -9.0 -9  3  1
202404201000 108   7  0.8  -9 -9.0   -9 1002.2 1012.2 -9  -9.0  17.2   9.1  59.0  11.6    0.0    0.0    0.0   -9.0   -9.0   -9.0   -9.0 60 62 4001                    10   6   13 ScAs      -9   2   5   834  0.0  0.38 -9  16.6  16.0  15.9  15.8  15.9  -9 -9.0 -9  4  1
202404201100 108   7  1.0  -9 -9.0   -9 1001.7 1011.7 -9  -9.0  16.8  11.9  73.0  13.9    0.5    0.5    0.5   -9.0   -9.0   -9.0   -9.0 61 66 4001                    10   7    9 StNs      -9   2   7  2078  0.0  0.68 -9  18.8  16.1  16.0  15.8  15.9  -9 -9.0 -9  4  1
202404201200 108   7  2.9  -9 -9.0   -9 1001.1 1011.1  8  -0.5  16.9  11.3  70.0  13.4    0.0    0.5    0.5   -9.0   -9.0   -9.0   -9.0 60 66 01                      10   6   15 ScAs      -9   2   5  2247  0.0  0.65 -9  18.7  16.3  16.1  15.8  15.8  -9 -9.0 -9  4  1
202404201300 108   7  2.6  -9 -9.0   -9 1000.6 1010.7 -9  -9.0  16.4  11.5  73.0  13.6    0.0    0.5    0.5   -9.0   -9.0   -9.0   -9.0 61 66 01                      10   7    9 StNs      -9   2   7  1357  0.0  0.59 -9  17.8  16.5  16.2  15.8  15.8  -9 -9.0 -9  4  1
202404201400 108   5  3.3  -9 -9.0   -9  999.5 1009.6 -9  -9.0  16.1  12.0  77.0  14.0    0.2    0.7    0.7   -9.0   -9.0   -9.0   -9.0 60 66 01                      10   6   11 ScAs      -9   2   5  1248  0.0  0.63 -9  17.7  16.5  16.3  15.8  15.8  -9 -9.0 -9  4  1
202404201500 108   7  3.9  -9 -9.0   -9  999.1 1009.2  7  -1.9  15.0  12.6  86.0  14.6    0.5    1.2    1.2   -9.0   -9.0   -9.0   -9.0 61 66 1901                    10   8    7 StNs      -9   2   7   431  0.0  0.34 -9  16.3  16.5  16.3  15.9  15.8  -9 -9.0 -9  4  1
202404201600 108   7  3.4  -9 -9.0   -9  998.7 1008.8 -9  -9.0  14.4  12.6  89.0  14.6    0.8    2.0    2.0   -9.0   -9.0   -9.0   -9.0 61 66 1901                    10   8    8 StNs      -9   2   7   605  0.0  0.44 -9  16.5  16.4  16.3  15.9  15.8  -9 -9.0 -9  4  1
202404201700 108   5  3.6  -9 -9.0   -9  998.5 1008.6 -9  -9.0  14.1  12.6  91.0  14.6    0.9    2.9    2.9   -9.0   -9.0   -9.0   -9.0 61 66 1901                    10   8    6 StNs      -9   2   7   433  0.0  0.18 -9  15.3  16.3  16.2  15.9  15.8  -9 -9.0 -9  4  1
202404201800 108   5  4.6  -9 -9.0   -9  998.7 1008.8  5  -0.4  13.7  12.4  92.0  14.4    0.3    3.2    3.2   -9.0   -9.0   -9.0   -9.0 61 66 1901                    10   8    6 StNs      -9   2   7   774  0.0  0.11 -9  14.5  16.2  16.1  15.9  15.8  -9 -9.0 -9  4  1
202404201900 108   5  3.7  -9 -9.0   -9  999.4 1009.6 -9  -9.0  13.5  12.3  93.0  14.3    1.0    4.2    4.2   -9.0   -9.0   -9.0   -9.0 61 66 1901                    10   8    4 StNs      -9   2   7   453  0.0  0.04 -9  14.0  16.0  16.0  15.8  15.7  -9 -9.0 -9  4  1
202404202000 108   7  4.7  -9 -9.0   -9  999.4 1009.6 -9  -9.0  13.3  12.1  93.0  14.1    0.6    4.8    4.8   -9.0   -9.0   -9.0   -9.0 61 66 1901                    10   8    8 StNs      -9   2   7  1169  0.0  0.00 -9  13.5  15.8  15.9  15.8  15.7  -9 -9.0 -9  4  1
202404202100 108   5  4.4  -9 -9.0   -9  999.8 1010.0  2   1.2  13.2  11.9  92.0  13.9    0.0    4.8    4.8   -9.0   -9.0   -9.0   -9.0 61 66 01                      10   8    7 StNs      -9   2   7  1453 -9.0 -9.00 -9  13.2  15.6  15.7  15.7  15.7  -9 -9.0 -9  1  1
202404202200 108   5  5.2  -9 -9.0   -9  999.9 1010.1 -9  -9.0  13.0  11.5  91.0  13.6    0.0    4.8    4.8   -9.0   -9.0   -9.0   -9.0 61 66 01                      10   8    7 StNs      -9   2   7  1344 -9.0 -9.00 -9  13.0  15.5  15.6  15.6  15.7  -9 -9.0 -9  4  1
202404202300 108   5  4.7  -9 -9.0   -9  999.5 1009.7 -9  -9.0  13.0  11.3  90.0  13.4    0.0    4.8    4.8   -9.0   -9.0   -9.0   -9.0 61 66 01                      10   7    7 StNs      -9   2   7  1873 -9.0 -9.00 -9  12.8  15.3  15.4  15.5  15.6  -9 -9.0 -9  4  1
202404210000 108   7  4.5  -9 -9.0   -9  999.5 1009.7  6  -0.3  13.3  11.1  87.0  13.2    0.0    4.8    4.8   -9.0   -9.0   -9.0   -9.0 21 62 01                       8   8    9 Sc         0   0   5  4532 -9.0 -9.00 -9  12.7  15.2  15.3  15.4  15.6  -9 -9.0 -9  4  1
202404210100 108   7  3.5  -9 -9.0   -9  999.6 1009.7 -9  -9.0  13.6  11.1  85.0  13.2   -9.0   -9.0   -9.0   -9.0   -9.0   -9.0   -9.0 -9 -9 -                       10   6   10 -         -9  -9  -9  4749 -9.0 -9.00 -9  12.8  15.0  15.2  15.3  15.5  -9 -9.0 -9  3 -9
202404210200 108   7  3.5  -9 -9.0   -9  999.5 1009.6 -9  -9.0  13.9  10.6  81.0  12.8   -9.0   -9.0   -9.0   -9.0   -9.0   -9.0   -9.0 -9 -9 -                        4   4   12 -         -9  -9  -9  4390 -9.0 -9.00 -9  12.8  14.9  15.1  15.2  15.4  -9 -9.0 -9  3 -9
202404210300 108   7  3.1  -9 -9.0   -9  999.5 1009.6  6  -0.1  14.0  10.5  80.0  12.7   -9.0   -9.0   -9.0   -9.0   -9.0   -9.0   -9.0 -9 62 -                        8   8   10 Sc         0   0   5  4680 -9.0 -9.00 -9  12.9  14.9  15.0  15.1  15.4  -9 -9.0 -9  3  1
202404210400 108   5  2.7  -9 -9.0   -9  999.5 1009.6 -9  -9.0  13.7  10.1  79.0  12.4   -9.0   -9.0   -9.0   -9.0   -9.0   -9.0   -9.0 -9 -9 -                        8   8   11 Sc         0   0   5  4827 -9.0 -9.00 -9  12.7  14.8  14.9  15.0  15.3  -9 -9.0 -9  3  2
202404210500 108   5  2.7  -9 -9.0   -9  999.7 1009.9 -9  -9.0  13.6   9.8  78.0  12.1   -9.0   -9.0   -9.0   -9.0   -9.0   -9.0   -9.0 -9 -9 -                        8   6   11 ScCi       1   0   5  4727 -9.0 -9.00 -9  12.6  14.7  14.8  14.9  15.2  -9 -9.0 -9  3  2
202404210600 108   5  3.8  -9 -9.0   -9  999.8 1009.9  1   0.3  13.7   9.9  78.0  12.2   -9.0   -9.0   -9.0   -9.0   -9.0   -9.0   -9.0 -9 -9 -                        8   7   13 ScCi       1   0   5  4219  0.0  0.00 -9  12.3  14.7  14.7  14.8  15.2  -9 -9.0 -9  3  2
202404210700 108   5  3.3  -9 -9.0   -9 1000.2 1010.3 -9  -9.0  14.1  10.1  77.0  12.4   -9.0   -9.0   -9.0   -9.0   -9.0   -9.0   -9.0 -9 -9 -                        8   8   15 Sc         0   0   5  4543  0.0  0.17 -9  13.4  14.6  14.7  14.8  15.1  -9 -9.0 -9  3  2
202404210800 108   7  3.2  -9 -9.0   -9 1000.6 1010.7 -9  -9.0  15.1  10.4  74.0  12.6   -9.0   -9.0   -9.0   -9.0   -9.0   -9.0   -9.0 -9 -9 -                        8   8   15 Sc         0   0   5  4428  0.0  0.39 -9  15.2  14.6  14.6  14.7  15.0  -9 -9.0 -9  3  2
202404210900 108   7  3.1  -9 -9.0   -9 1001.1 1011.2  2   1.3  16.6  10.8  69.0  12.9   -9.0   -9.0   -9.0   -9.0   -9.0   -9.0   -9.0 -9 -9 -                        9   9   12 Sc         0   0   5  4226  0.0  0.83 -9  18.8  14.8  14.7  14.7  15.0  -9 -9.0 -9  3  2
202404211000 108   7  3.7  -9 -9.0   -9 1001.2 1011.2 -9  -9.0  17.9  11.2  65.0  13.3   -9.0   -9.0   -9.0   -9.0   -9.0   -9.0   -9.0 -9 -9 -                        9   9   10 Sc         0   0   5  3955  0.0  1.37 -9  21.4  15.2  14.9  14.7  14.9  -9 -9.0 -9  3  2
202404211100 108   7  4.4  -9 -9.0   -9 1000.8 1010.7 -9  -9.0  19.6  11.8  61.0  13.8   -9.0   -9.0   -9.0   -9.0   -9.0   -9.0   -9.0 -9 -9 -                        8   8   16 Sc         0   0   5  3427  0.3  1.93 -9  24.5  15.7  15.2  14.7  14.9  -9 -9.0 -9  3  2
202404211200 108   7  3.9   5 10.0 1104 1000.3 1010.2  7  -1.0  21.4  12.2  56.0  14.2   -9.0   -9.0   -9.0   -9.0   -9.0   -9.0   -9.0 -9 -9 -                        8   8   16 Sc         0   0   5  3467  0.6  2.56 -9  30.3  16.4  15.6  14.8  14.9  -9 -9.0 -9  3  2
202404211300 108   7  3.5  -9 -9.0   -9 1000.3 1010.2 -9  -9.0  21.1  12.2  57.0  14.2   -9.0   -9.0   -9.0   -9.0   -9.0   -9.0   -9.0 -9 -9 -                        9   9   15 Sc         0   0   5  3905  0.1  1.80 -9  25.2  17.3  16.2  15.1  14.9  -9 -9.0 -9  3  2
202404211400 108   7  3.3  -9 -9.0   -9 1000.6 1010.5 -9  -9.0  20.7  11.8  57.0  13.8   -9.0   -9.0   -9.0   -9.0   -9.0   -9.0   -9.0 -9 -9 -                        9   9   10 Sc         0   0   5  3969  0.0  0.90 -9  22.9  17.6  16.7  15.4  15.0  -9 -9.0 -9  3  2
202404211500 108   5  3.7   5 10.0 1104 1000.5 1010.5  1   0.3  19.9  11.3  58.0  13.4   -9.0   -9.0   -9.0   -9.0   -9.0   -9.0   -9.0 -9 -9 -                        9   9   10 Sc         0   0   5  2872  0.0  0.55 -9  20.6  17.7  16.9  15.6  15.1  -9 -9.0 -9  3  2
202404211600 108   5  4.2  -9 -9.0   -9 1000.5 1010.4 -9  -9.0  19.5  11.0  58.0  13.1   -9.0   -9.0   -9.0   -9.0   -9.0   -9.0   -9.0 -9 -9 -                       10   5   10 ScAs      -9   2   5  2703  0.0  0.58 -9  19.6  17.7  17.0  15.9  15.3  -9 -9.0 -9  3  2
202404211700 108   5  4.2  -9 -9.0   -9 1000.8 1010.7 -9  -9.0  19.2  10.7  58.0  12.9   -9.0   -9.0   -9.0   -9.0   -9.0   -9.0   -9.0 -9 -9 -                       10   5   10 ScAs      -9   2   5  2789  0.0  0.45 -9  18.9  17.6  17.1  16.0  15.4  -9 -9.0 -9  3  2
202404211800 108   5  3.9  -9 -9.0   -9 1001.0 1010.9  3   0.4  18.6  10.1  58.0  12.4   -9.0   -9.0   -9.0   -9.0   -9.0   -9.0   -9.0 -9 -9 -                       10   6   10 ScAs      -9   2   5  2659  0.0  0.23 -9  17.3  17.5  17.1  16.1  15.5  -9 -9.0 -9  3  2
202404211900 108   7  3.9  -9 -9.0   -9 1001.3 1011.3 -9  -9.0  18.0  10.1  60.0  12.4   -9.0   -9.0   -9.0   -9.0   -9.0   -9.0   -9.0 -9 -9 -                        9   9   23 -         -9  -9  -9  2488  0.0  0.10 -9  16.0  17.3  17.0  16.2  15.6  -9 -9.0 -9  3 -9
202404212000 108   7  3.4  -9 -9.0   -9 1001.5 1011.5 -9  -9.0  17.5   9.8  61.0  12.1   -9.0   -9.0   -9.0   -9.0   -9.0   -9.0   -9.0 -9 -9 -                        7   7   23 -         -9  -9  -9  2807  0.0  0.00 -9  15.0  17.1  16.9  16.2  15.7  -9 -9.0 -9  3 -9
202404212100 108   5  5.1   2 10.0 2025 1001.8 1011.8  2   0.9  17.0   9.6  62.0  11.9   -9.0   -9.0   -9.0   -9.0   -9.0   -9.0   -9.0 -9 -9 -                        9   9   19 Sc         0   0   5  2598 -9.0 -9.00 -9  14.6  16.8  16.7  16.2  15.8  -9 -9.0 -9  3  2
202404212200 108   7  4.1   5 10.0 2107 1002.1 1012.2 -9  -9.0  16.6   9.5  63.0  11.9   -9.0   -9.0   -9.0   -9.0   -9.0   -9.0   -9.0 -9 -9 -                       10  10   18 -         -9  -9  -9  2401 -9.0 -9.00 -9  14.3  16.6  16.5  16.1  15.8  -9 -9.0 -9  3 -9
202404212300 108   7  3.5  -9 -9.0   -9 1002.5 1012.6 -9  -9.0  16.4   9.3  63.0  11.7   -9.0   -9.0   -9.0   -9.0   -9.0   -9.0   -9.0 -9 -9 -                       10  10   18 -         -9  -9  -9  2475 -9.0 -9.00 -9  14.1  16.4  16.4  16.1  15.8  -9 -9.0 -9  3 -9
202404220000 108   7  3.4   5 10.0 2107 1002.6 1012.7  2   0.9  16.1   9.0  63.0  11.5   -9.0   -9.0   -9.0   -9.0   -9.0   -9.0   -9.0 -9 -9 -                        9   9   17 Sc         0   0   5  2429 -9.0 -9.00 -9  13.9  16.2  16.2  16.0  15.8  -9 -9.0 -9  3  2
202404220100 108   7  3.3  -9 -9.0   -9 1002.5 1012.6 -9  -9.0  15.9   8.6  62.0  11.2   -9.0   -9.0   -9.0   -9.0   -9.0   -9.0   -9.0 -9 -9 -                       10  10   17 -         -9  -9  -9  2356 -9.0 -9.00 -9  13.6  16.1  16.1  15.9  15.8  -9 -9.0 -9  3 -9
202404220200 108   7  3.1  -9 -9.0   -9 1002.3 1012.4 -9  -9.0  15.6   8.3  62.0  10.9   -9.0   -9.0   -9.0   -9.0   -9.0   -9.0   -9.0 -9 -9 -                        9   9   17 -         -9  -9  -9  2381 -9.0 -9.00 -9  13.4  15.9  16.0  15.8  15.7  -9 -9.0 -9  3 -9
202404220300 108   5  2.6   5 10.0 2107 1002.5 1012.6  5  -0.1  15.4   7.6  60.0  10.4   -9.0   -9.0   -9.0   -9.0   -9.0   -9.0   -9.0 -9 -9 -                        9   9   17 Sc         0   0   5  2525 -9.0 -9.00 -9  13.2  15.8  15.8  15.7  15.7  -9 -9.0 -9  3  2
202404220400 108   7  3.3  -9 -9.0   -9 1002.2 1012.3 -9  -9.0  15.3   7.0  58.0  10.0   -9.0   -9.0   -9.0   -9.0   -9.0   -9.0   -9.0 -9 -9 -                       10   8   12 ScAs      -9   2   5  2725 -9.0 -9.00 -9  12.9  15.6  15.7  15.6  15.6  -9 -9.0 -9  3  2
202404220500 108   5  3.0  -9 -9.0   -9 1002.1 1012.3 -9  -9.0  15.1   7.1  59.0  10.1   -9.0   -9.0   -9.0   -9.0   -9.0   -9.0   -9.0 -9 -9 -                        9   8   16 ScAs       0   2   5  2649 -9.0 -9.00 -9  12.6  15.5  15.6  15.5  15.6  -9 -9.0 -9  3  2
202404220600 108   7  2.8  -9 -9.0   -9 1002.7 1012.9  3   0.3  15.0   6.7  58.0   9.8   -9.0   -9.0   -9.0   -9.0   -9.0   -9.0   -9.0 -9 -9 -                        9   8   16 ScAs       0   2   5  2550  0.0  0.00 -9  12.7  15.4  15.4  15.4  15.5  -9 -9.0 -9  3  2
202404220700 108   7  1.7  -9 -9.0   -9 1003.1 1013.3 -9  -9.0  15.1   6.8  58.0   9.9   -9.0   -9.0   -9.0   -9.0   -9.0   -9.0   -9.0 -9 -9 -                        9   8   15 ScAs       0   2   5  2482  0.0  0.08 -9  13.6  15.2  15.3  15.3  15.5  -9 -9.0 -9  3  2
202404220800 108   7  2.6  -9 -9.0   -9 1003.3 1013.4 -9  -9.0  16.0   6.9  55.0   9.9   -9.0   -9.0   -9.0   -9.0   -9.0   -9.0   -9.0 -9 -9 -                        8   8   16 Sc         0   0   5  2584  0.0  0.42 -9  16.5  15.2  15.3  15.2  15.4  -9 -9.0 -9  3  2
202404220900 108   5  4.1  -9 -9.0   -9 1003.7 1013.8  2   0.9  16.7   6.2  50.0   9.5   -9.0   -9.0   -9.0   -9.0   -9.0   -9.0   -9.0 -9 -9 -                        9   9   15 Sc         0   0   5  2662  0.0  0.77 -9  18.6  15.4  15.3  15.2  15.4  -9 -9.0 -9  3  2
202404221000 108   5  4.4  -9 -9.0   -9 1003.8 1013.8 -9  -9.0  17.4   6.2  48.0   9.5   -9.0   -9.0   -9.0   -9.0   -9.0   -9.0   -9.0 -9 -9 -                        8   8   15 Sc         0   0   5  2971  0.0  1.11 -9  20.1  15.6  15.4  15.1  15.3  -9 -9.0 -9  3  2
202404221100 108   5  3.4  -9 -9.0   -9 1004.1 1014.1 -9  -9.0  18.1   7.2  49.0  10.2   -9.0   -9.0   -9.0   -9.0   -9.0   -9.0   -9.0 -9 -9 -                        8   8   15 Sc         0   0   5  2787  0.0  1.22 -9  22.1  16.0  15.6  15.2  15.3  -9 -9.0 -9  3  2
202404221200 108   5  3.6  -9 -9.0   -9 1003.6 1013.6  8  -0.2  19.8   7.8  46.0  10.6   -9.0   -9.0   -9.0   -9.0   -9.0   -9.0   -9.0 -9 -9 -                        9   9   15 Sc         0   0   5  3037  0.1  2.00 -9  30.1  16.4  15.9  15.2  15.2  -9 -9.0 -9  3  2
202404221300 108   5  3.4  -9 -9.0   -9 1003.0 1012.9 -9  -9.0  21.3   8.5  44.0  11.1   -9.0   -9.0   -9.0   -9.0   -9.0   -9.0   -9.0 -9 -9 -                        5   0   -9 Ci         1   0   0  2914  0.4  2.87 -9  35.1  17.2  16.3  15.4  15.2  -9 -9.0 -9  3  2
202404221400 108   5  4.1  -9 -9.0   -9 1002.4 1012.3 -9  -9.0  21.9   9.4  45.0  11.8   -9.0   -9.0   -9.0   -9.0   -9.0   -9.0   -9.0 -9 -9 -                        5   3   10 ScCi       1   0   5  3362  0.4  2.35 -9  31.2  18.0  16.9  15.6  15.3  -9 -9.0 -9  3  2
202404221500 108   7  2.8  -9 -9.0   -9 1001.8 1011.6  7  -2.0  23.3   9.2  41.0  11.6   -9.0   -9.0   -9.0   -9.0   -9.0   -9.0   -9.0 -9 -9 -                        2   0   -9 Ci         1   0   0  2901  0.9  2.96 -9  37.4  18.6  17.5  15.9  15.4  -9 -9.0 -9  3  2
202404221600 108   5  2.8  -9 -9.0   -9 1001.4 1011.1 -9  -9.0  23.9   9.8  41.0  12.1   -9.0   -9.0   -9.0   -9.0   -9.0   -9.0   -9.0 -9 -9 -                        1   0   -9 Ci         1   0   0  2870  1.0  2.53 -9  34.9  19.2  18.0  16.3  15.5  -9 -9.0 -9  3  2
202404221700 108  11  1.5  -9 -9.0   -9 1001.5 1011.2 -9  -9.0  24.0   9.1  39.0  11.6   -9.0   -9.0   -9.0   -9.0   -9.0   -9.0   -9.0 -9 -9 -                        2   0   -9 Ci         1   0   0  2606  1.0  1.82 -9  30.6  19.6  18.5  16.7  15.7  -9 -9.0 -9  3  2
202404221800 108   7  2.8  -9 -9.0   -9 1001.6 1011.4  5  -0.2  23.4   9.3  41.0  11.7   -9.0   -9.0   -9.0   -9.0   -9.0   -9.0   -9.0 -9 -9 -                        6   6   15 Sc         0   0   5  3384  0.8  1.05 -9  24.2  19.7  18.8  17.0  15.9  -9 -9.0 -9  3  2
202404221900 108   5  2.1  -9 -9.0   -9 1002.0 1011.8 -9  -9.0  22.2   9.3  44.0  11.7   -9.0   -9.0   -9.0   -9.0   -9.0   -9.0   -9.0 -9 -9 -                        9   9   15 -         -9  -9  -9  2728  0.0  0.16 -9  20.6  19.5  18.9  17.3  16.2  -9 -9.0 -9  3 -9
202404222000 108   7  2.5  -9 -9.0   -9 1002.8 1012.7 -9  -9.0  21.4   9.2  46.0  11.6   -9.0   -9.0   -9.0   -9.0   -9.0   -9.0   -9.0 -9 -9 -                        9   9   15 -         -9  -9  -9  2866  0.0  0.00 -9  18.9  19.2  18.8  17.5  16.4  -9 -9.0 -9  3 -9
202404222100 108   5  4.6  -9 -9.0   -9 1003.5 1013.5  2   2.1  20.4   8.0  45.0  10.7   -9.0   -9.0   -9.0   -9.0   -9.0   -9.0   -9.0 -9 -9 -                        7   7   19 Sc         0   0   5  2809 -9.0 -9.00 -9  17.3  18.8  18.6  17.6  16.6  -9 -9.0 -9  3  2
202404222200 108   5  4.0  -9 -9.0   -9 1004.4 1014.3 -9  -9.0  19.3   7.6  47.0  10.4   -9.0   -9.0   -9.0   -9.0   -9.0   -9.0   -9.0 -9 -9 -                        9   1   22 -         -9  -9  -9  3001 -9.0 -9.00 -9  16.7  18.5  18.4  17.6  16.7  -9 -9.0 -9  3 -9
202404222300 108   7  3.4  -9 -9.0   -9 1004.4 1014.4 -9  -9.0  18.0   7.4  50.0  10.3   -9.0   -9.0   -9.0   -9.0   -9.0   -9.0   -9.0 -9 -9 -                        3   3   -9 -         -9  -9  -9  3108 -9.0 -9.00 -9  14.6  18.2  18.1  17.6  16.8  -9 -9.0 -9  3 -9
202404230000 108   5  4.0  -9 -9.0   -9 1004.6 1014.7  2   1.2  16.6   7.2  54.0  10.2   -9.0   -9.0   -9.0   -9.0   -9.0   -9.0   -9.0 -9 -9 -                        1   0   -9 Ci         1   0   0  3102 -9.0 -9.00 -9  13.4  17.8  17.9  17.5  16.8  -9 -9.0 -9  3  2
202404230100 108   5  3.5  -9 -9.0   -9 1004.2 1014.3 -9  -9.0  15.6   7.1  57.0  10.1   -9.0   -9.0   -9.0   -9.0   -9.0   -9.0   -9.0 -9 -9 -                        3   1   -9 -         -9  -9  -9  3322 -9.0 -9.00 -9  12.5  17.4  17.5  17.3  16.8  -9 -9.0 -9  3 -9
202404230200 108   5  3.8  -9 -9.0   -9 1004.2 1014.4 -9  -9.0  14.8   6.8  59.0   9.9   -9.0   -9.0   -9.0   -9.0   -9.0   -9.0   -9.0 -9 -9 -                        3   3   75 -         -9  -9  -9  3396 -9.0 -9.00 -9  11.8  17.0  17.2  17.1  16.7  -9 -9.0 -9  3 -9
202404230300 108   5  3.6  -9 -9.0   -9 1004.0 1014.2  7  -0.5  14.4   6.9  61.0   9.9   -9.0   -9.0   -9.0   -9.0   -9.0   -9.0   -9.0 -9 -9 -                        5   0   -9 Ci         1   0   0  3218 -9.0 -9.00 -9  11.4  16.6  16.9  16.9  16.7  -9 -9.0 -9  3  2
202404230400 108   7  2.3  -9 -9.0   -9 1003.9 1014.1 -9  -9.0  13.9   6.9  63.0   9.9   -9.0   -9.0   -9.0   -9.0   -9.0   -9.0   -9.0 -9 -9 -                        3   0   -9 Ci         1   0   0  3330 -9.0 -9.00 -9  10.9  16.3  16.6  16.7  16.6  -9 -9.0 -9  3  2
202404230500 108   5  3.3  -9 -9.0   -9 1003.7 1013.9 -9  -9.0  13.5   7.0  65.0  10.0   -9.0   -9.0   -9.0   -9.0   -9.0   -9.0   -9.0 -9 -9 -                        0   0   -9 -         -9  -9  -9  3287 -9.0 -9.00 -9  10.6  16.0  16.3  16.5  16.5  -9 -9.0 -9  3  2
202404230600 108   7  3.4  -9 -9.0   -9 1003.9 1014.1  5  -0.1  13.3   7.0  66.0  10.0   -9.0   -9.0   -9.0   -9.0   -9.0   -9.0   -9.0 -9 -9 -                        6   2   30 AcCi       1   3   0  3208  0.0  0.00 -9  10.5  15.7  16.1  16.3  16.4  -9 -9.0 -9  3  2
202404230700 108   5  3.9  -9 -9.0   -9 1003.9 1014.1 -9  -9.0  14.0   7.5  65.0  10.4   -9.0   -9.0   -9.0   -9.0   -9.0   -9.0   -9.0 -9 -9 -                        8   8   28 Ac         0   3   0  3029  0.3  0.29 -9  13.7  15.5  15.8  16.1  16.3  -9 -9.0 -9  3  2
202404230800 108   5  3.8  -9 -9.0   -9 1004.0 1014.2 -9  -9.0  15.0   8.2  64.0  10.9   -9.0   -9.0   -9.0   -9.0   -9.0   -9.0   -9.0 -9 -9 -                        8   8   27 Ac         0   3   0  2620  0.2  0.65 -9  16.6  15.5  15.7  15.9  16.2  -9 -9.0 -9  3  2
202404230900 108   5  5.0  -9 -9.0   -9 1003.2 1013.3  8  -0.8  16.2   8.4  60.0  11.0   -9.0   -9.0   -9.0   -9.0   -9.0   -9.0   -9.0 -9 -9 -                        8   8   27 Ac         0   3   0  3218  0.5  1.19 -9  20.5  15.7  15.7  15.8  16.1  -9 -9.0 -9  3  2
202404231000 108   5  3.1  -9 -9.0   -9 1002.5 1012.5 -9  -9.0  18.5   8.7  53.0  11.2   -9.0   -9.0   -9.0   -9.0   -9.0   -9.0   -9.0 -9 -9 -                        7   0   -9 Ci         1   0   0  3347  1.0  2.18 -9  29.7  16.1  15.8  15.7  15.9  -9 -9.0 -9  3  2
202404231100 108   7  4.1  -9 -9.0   -9 1002.1 1012.0 -9  -9.0  20.3   9.5  50.0  11.9   -9.0   -9.0   -9.0   -9.0   -9.0   -9.0   -9.0 -9 -9 -                        5   0   -9 Ci         1   0   0  3015  1.0  3.00 -9  35.4  16.9  16.2  15.7  15.9  -9 -9.0 -9  3  2
202404231200 108   7  3.2  -9 -9.0   -9 1001.4 1011.3  7  -2.0  21.2   8.7  45.0  11.2   -9.0   -9.0   -9.0   -9.0   -9.0   -9.0   -9.0 -9 -9 -                        5   0   -9 Ci         1   0   0  3113  1.0  3.31 -9  40.0  17.8  16.8  15.8  15.8  -9 -9.0 -9  3  2
202404231300 108   9  2.6  -9 -9.0   -9 1000.6 1010.4 -9  -9.0  22.4   8.8  42.0  11.3   -9.0   -9.0   -9.0   -9.0   -9.0   -9.0   -9.0 -9 -9 -                        7   0   -9 Ci         1   0   0  2995  1.0  3.24 -9  40.5  18.8  17.5  16.1  15.8  -9 -9.0 -9  3  2
202404231400 108   7  2.7  -9 -9.0   -9  999.8 1009.5 -9  -9.0  24.1   8.4  37.0  11.0   -9.0   -9.0   -9.0   -9.0   -9.0   -9.0   -9.0 -9 -9 -                        8   6   15 ScCi       1   0   5  3132  1.0  3.50 -9  42.4  19.7  18.3  16.5  15.9  -9 -9.0 -9  3  2
202404231500 108   7  2.8  -9 -9.0   -9  998.7 1008.5  7  -2.8  22.6   8.3  40.0  10.9   -9.0   -9.0   -9.0   -9.0   -9.0   -9.0   -9.0 -9 -9 -                       10   5   13 ScAs      -9   2   5  3730  0.0  0.93 -9  27.6  20.3  19.0  16.9  16.0  -9 -9.0 -9  3  2
202404231600 108   5  3.2  -9 -9.0   -9  998.1 1007.9 -9  -9.0  21.6   8.4  43.0  11.0   -9.0   -9.0   -9.0   -9.0   -9.0   -9.0   -9.0 -9 -9 -                       10   7   12 ScAs      -9   2   5  3507  0.0  0.42 -9  23.3  20.2  19.2  17.3  16.2  -9 -9.0 -9  3  2
202404231700 108   5  3.5  -9 -9.0   -9  997.9 1007.8 -9  -9.0  20.8   8.4  45.0  11.0   -9.0   -9.0   -9.0   -9.0   -9.0   -9.0   -9.0 -9 -9 -                       10   6   12 ScAs      -9   2   5  3279  0.0  0.32 -9  21.3  19.9  19.2  17.6  16.5  -9 -9.0 -9  3  2
202404231800 108   7  3.0  -9 -9.0   -9  998.3 1008.2  5  -0.3  19.9   7.9  46.0  10.6   -9.0   -9.0   -9.0   -9.0   -9.0   -9.0   -9.0 -9 -9 -                       10   8   12 ScAs      -9   2   5  3342  0.0  0.11 -9  19.1  19.6  19.1  17.8  16.7  -9 -9.0 -9  3  2
202404231900 108   7  3.2  -9 -9.0   -9  998.9 1008.8 -9  -9.0  18.7   7.4  48.0  10.3    0.0    0.0    0.0   -9.0   -9.0   -9.0   -9.0 60 62 01                      10   9    8 ScAs      -9   2   5  2687  0.0  0.02 -9  17.5  19.2  18.9  17.9  16.8  -9 -9.0 -9  4  1
202404232000 108   5  4.3  -9 -9.0   -9  999.1 1009.1 -9  -9.0  17.0   7.8  55.0  10.6    0.0    0.0    0.0   -9.0   -9.0   -9.0   -9.0 61 66 01                      10   9    6 StNs      -9   2   7  2738  0.0  0.00 -9  14.8  18.8  18.6  17.9  17.0  -9 -9.0 -9  4  1
202404232100 108   7  4.0  -9 -9.0   -9  999.6 1009.7  2   1.5  16.2   7.4  56.0  10.3    0.0    0.0    0.0    0.0   -9.0   -9.0   -9.0 60 66 01                      10   8   10 ScAs      -9   2   5  3105 -9.0 -9.00 -9  14.0  18.3  18.3  17.8  17.0  -9 -9.0 -9  1  1
202404232200 108   5  5.0  -9 -9.0   -9  999.3 1009.4 -9  -9.0  15.4   6.9  57.0   9.9    0.0    0.0    0.0   -9.0   -9.0   -9.0   -9.0 60 66 01                      10   7   10 ScAs      -9   2   5  3095 -9.0 -9.00 -9  13.5  17.9  18.0  17.7  17.1  -9 -9.0 -9  4  1
202404232300 108   7  3.3  -9 -9.0   -9  999.2 1009.3 -9  -9.0  14.9   7.1  60.0  10.1    0.0    0.0    0.0   -9.0   -9.0   -9.0   -9.0 21 62 01                      10   8   10 ScAs      -9   2   5  3158 -9.0 -9.00 -9  13.5  17.6  17.7  17.5  17.1  -9 -9.0 -9  4  1
202404240000 108   7  3.6  -9 -9.0   -9  998.9 1009.0  7  -0.7  14.2   7.9  66.0  10.6   -9.0    0.0    0.0   -9.0   -9.0   -9.0   -9.0 -9 62 -                        9   9   10 Sc         0   0   5  3001 -9.0 -9.00 -9  13.3  17.3  17.4  17.3  17.0  -9 -9.0 -9  3  1
202404240100 108   7  4.0  -9 -9.0   -9  998.2 1008.3 -9  -9.0  13.8   7.7  67.0  10.5   -9.0   -9.0   -9.0   -9.0   -9.0   -9.0   -9.0 -9 -9 -                       10   9    7 -         -9  -9  -9  3117 -9.0 -9.00 -9  13.0  17.0  17.2  17.2  17.0  -9 -9.0 -9  3  2
202404240200 108   5  4.1  -9 -9.0   -9  997.6 1007.7 -9  -9.0  13.5   8.1  70.0  10.8    0.0    0.0    0.0   -9.0   -9.0   -9.0   -9.0 61 62 01                      10   8    7 StNs      -9   2   7  3024 -9.0 -9.00 -9  12.8  16.7  16.9  17.0  16.9  -9 -9.0 -9  4  1
202404240300 108   5  4.1  -9 -9.0   -9  997.1 1007.2  7  -1.8  13.3   8.1  71.0  10.8    0.0    0.0    0.0   -9.0   -9.0   -9.0   -9.0 21 62 01                       8   8    7 Sc         0   0   5  3309 -9.0 -9.00 -9  12.7  16.5  16.7  16.8  16.8  -9 -9.0 -9  4  1
202404240400 108   5  3.1  -9 -9.0   -9  996.6 1006.7 -9  -9.0  13.2   8.4  73.0  11.0    0.0    0.0    0.0   -9.0   -9.0   -9.0   -9.0 60 62 01                      10   8    7 ScAs      -9   2   5  2619 -9.0 -9.00 -9  12.5  16.3  16.5  16.7  16.7  -9 -9.0 -9  4  1
202404240500 108   7  2.5  -9 -9.0   -9  996.2 1006.4 -9  -9.0  12.3   9.8  85.0  12.1    0.5    0.5    0.5   -9.0   -9.0   -9.0   -9.0 61 66 1901                    10   9    5 StNs      -9   2   7   843 -9.0 -9.00 -9  12.2  16.1  16.3  16.5  16.6  -9 -9.0 -9  4  1
202404240600 108   5  2.9  -9 -9.0   -9  996.3 1006.5  5  -0.7  11.8  10.3  91.0  12.5    2.7    3.2    3.2   -9.0   -9.0   -9.0   -9.0 61 66 1901                    10   9    5 StNs      -9   2   7   657  0.0  0.00 -9  11.9  15.9  16.1  16.3  16.5  -9 -9.0 -9  4  1
202404240700 108   5  3.1  -9 -9.0   -9  996.2 1006.4 -9  -9.0  11.5  10.4  93.0  12.6    3.3    6.5    6.5   -9.0   -9.0   -9.0   -9.0 63 66 1901                    10   9    7 StNs      -9   2   7  1162  0.0  0.03 -9  12.1  15.6  15.9  16.2  16.4  -9 -9.0 -9  4  1
202404240800 108   5  3.0  -9 -9.0   -9  996.2 1006.4 -9  -9.0  11.6  10.1  91.0  12.4    1.5    8.0    8.0   -9.0   -9.0   -9.0   -9.0 61 66 01                      10   9    7 StNs      -9   2   7  1845  0.0  0.10 -9  12.5  15.3  15.6  16.0  16.3  -9 -9.0 -9  4  1
202404240900 108   5  2.0  -9 -9.0   -9  996.7 1006.9  3   0.4  11.9  10.6  92.0  12.8    0.5    8.5    8.5   -9.0   -9.0   -9.0   -9.0 61 66 01                      10   7    7 StNs      -9   2   7  1401  0.0  0.21 -9  13.5  15.1  15.4  15.8  16.2  -9 -9.0 -9  1  1
202404241000 108   5  3.7  -9 -9.0   -9  996.7 1006.9 -9  -9.0  12.5  10.8  90.0  12.9    0.5    9.0    9.0   -9.0   -9.0   -9.0   -9.0 21 62 01                       9   9   10 Sc         0   0   5  3033  0.0  0.48 -9  16.4  15.1  15.3  15.7  16.1  -9 -9.0 -9  4  1
202404241100 108   5  2.5  -9 -9.0   -9  996.7 1006.8 -9  -9.0  14.1  10.6  80.0  12.8   -9.0    9.0    9.0   -9.0   -9.0   -9.0   -9.0 -9 -9 -                        9   9   11 Sc         0   0   5  3245  0.4  1.90 -9  20.0  15.4  15.4  15.5  16.0  -9 -9.0 -9  3  2
202404241200 108   5  1.5  -9 -9.0   -9  996.9 1007.0  3   0.1  14.1  10.3  78.0  12.5   -9.0    9.0    9.0   -9.0   -9.0   -9.0   -9.0 -9 62 -                        9   9   12 Sc         0   0   5  3617  0.0  0.64 -9  18.0  15.8  15.6  15.5  15.9  -9 -9.0 -9  3  1
202404241300 108  27  1.8  -9 -9.0   -9  996.8 1006.9 -9  -9.0  14.8   9.7  72.0  12.0   -9.0    9.0    9.0   -9.0   -9.0   -9.0   -9.0 -9 -9 -                        9   9   12 Sc         0   0   5  3822  0.0  1.03 -9  18.3  16.2  15.8  15.5  15.8  -9 -9.0 -9  3  2
202404241400 108  25  3.0  -9 -9.0   -9  996.9 1006.9 -9  -9.0  16.3  10.3  68.0  12.5   -9.0    9.0    9.0   -9.0   -9.0   -9.0   -9.0 -9 -9 -                        9   9   12 Sc         0   0   5  3943  0.3  1.44 -9  22.5  16.5  16.1  15.6  15.8  -9 -9.0 -9  3  2
202404241500 108  25  3.0  -9 -9.0   -9  997.0 1007.1  3   0.1  15.8  10.1  69.0  12.4   -9.0    9.0    9.0   -9.0   -9.0   -9.0   -9.0 -9 62 -                        9   9   13 Sc         0   0   5  3481  0.0  0.92 -9  19.4  16.9  16.4  15.7  15.8  -9 -9.0 -9  3  1
202404241600 108  25  2.2  -9 -9.0   -9  997.0 1007.0 -9  -9.0  16.2  10.2  68.0  12.4   -9.0    9.0    9.0   -9.0   -9.0   -9.0   -9.0 -9 -9 -                        9   9   11 Sc         0   0   5  3746  0.1  1.03 -9  19.4  17.2  16.6  15.8  15.8  -9 -9.0 -9  3  2
202404241700 108  25  4.3  -9 -9.0   -9  997.4 1007.5 -9  -9.0  15.6  10.5  72.0  12.7   -9.0    9.0    9.0   -9.0   -9.0   -9.0   -9.0 -9 -9 -                        8   8   14 Sc         0   0   5  3139  0.1  0.72 -9  18.7  17.3  16.8  16.0  15.8  -9 -9.0 -9  3  2
202404241800 108  27  2.8  -9 -9.0   -9  997.7 1007.8  3   0.7  15.3  10.0  71.0  12.3   -9.0    9.0    9.0   -9.0   -9.0   -9.0   -9.0 -9 -9 -                        5   5   12 Sc         0   0   5  3178  0.5  0.79 -9  15.7  17.3  16.8  16.1  15.9  -9 -9.0 -9  3  2
202404241900 108  25  4.5  -9 -9.0   -9  998.0 1008.1 -9  -9.0  14.2   9.4  73.0  11.8   -9.0    9.0    9.0   -9.0   -9.0   -9.0   -9.0 -9 -9 -                        3   3   10 -         -9  -9  -9  2691  0.5  0.23 -9  13.3  17.1  16.8  16.2  16.0  -9 -9.0 -9  3  2
202404242000 108  25  2.2  -9 -9.0   -9  998.8 1009.0 -9  -9.0  13.0   9.4  79.0  11.8   -9.0    9.0    9.0   -9.0   -9.0   -9.0   -9.0 -9 -9 -                        0   0   -9 -         -9  -9  -9  1952  0.0  0.01 -9  11.8  16.7  16.6  16.2  16.0  -9 -9.0 -9  3 -9
202404242100 108  20  2.5  -9 -9.0   -9  999.6 1009.8  2   2.0  12.1   9.1  82.0  11.6   -9.0    9.0    9.0   -9.0   -9.0   -9.0   -9.0 -9 -9 -                        2   2   10 Sc         0   0   5  1178 -9.0 -9.00 -9  11.0  16.2  16.4  16.2  16.0  -9 -9.0 -9  3  2
202404242200 108  25  3.4  -9 -9.0   -9 1000.4 1010.7 -9  -9.0  11.4   8.9  85.0  11.4   -9.0    9.0    9.0   -9.0   -9.0   -9.0   -9.0 -9 -9 -                        2   2   10 -         -9  -9  -9  1253 -9.0 -9.00 -9  10.9  15.8  16.1  16.1  16.0  -9 -9.0 -9  3  2
202404242300 108  25  2.6  -9 -9.0   -9 1000.6 1010.9 -9  -9.0  11.1   8.8  86.0  11.3   -9.0    9.0    9.0   -9.0   -9.0   -9.0   -9.0 -9 -9 -                        7   7   10 -         -9  -9  -9  1048 -9.0 -9.00 -9  11.4  15.5  15.8  15.9  16.0  -9 -9.0 -9  3  2
202404250000 108  23  2.2  -9 -9.0   -9 1001.0 1011.3  2   1.5  11.1   9.0  87.0  11.5   -9.0    9.0    9.0   -9.0   -9.0   -9.0   -9.0 10 22 19                       9   9   10 Sc         0   0   5   988 -9.0 -9.00 -9  11.5  15.3  15.5  15.8  15.9  -9 -9.0 -9  3  1
202404250100 108  20  2.2  -9 -9.0   -9 1001.5 1011.8 -9  -9.0  11.0   9.0  88.0  11.5   -9.0   -9.0   -9.0   -9.0   -9.0   -9.0   -9.0 -9 -9 19                      10   9    9 -         -9  -9  -9  1052 -9.0 -9.00 -9  11.6  15.1  15.4  15.6  15.9  -9 -9.0 -9  3  2
202404250200 108  20  1.6  -9 -9.0   -9 1001.1 1011.4 -9  -9.0  10.9   8.9  88.0  11.4   -9.0   -9.0   -9.0   -9.0   -9.0   -9.0   -9.0 -9 -9 -                       10   9   10 -         -9  -9  -9  1158 -9.0 -9.00 -9  11.6  15.0  15.2  15.5  15.8  -9 -9.0 -9  3  2
202404250300 108  25  2.1  -9 -9.0   -9 1001.6 1011.9  2   0.6  10.9   8.6  86.0  11.2   -9.0   -9.0   -9.0   -9.0   -9.0   -9.0   -9.0 -9 -9 -                       10  10    6 St        -9  -9   6  1240 -9.0 -9.00 -9  11.5  14.8  15.1  15.3  15.7  -9 -9.0 -9  3  2
202404250400 108  20  2.9  -9 -9.0   -9 1001.7 1012.0 -9  -9.0  10.8   8.7  87.0  11.2   -9.0   -9.0   -9.0   -9.0   -9.0   -9.0   -9.0 -9 -9 -                       10  10    6 St        -9  -9   6  1019 -9.0 -9.00 -9  11.5  14.7  14.9  15.2  15.6  -9 -9.0 -9  3  2
202404250500 108  20  1.4  -9 -9.0   -9 1001.7 1012.0 -9  -9.0  10.7   8.7  88.0  11.2   -9.0   -9.0   -9.0   -9.0   -9.0   -9.0   -9.0 10 22 19                      10  10    6 St        -9  -9   6   756 -9.0 -9.00 -9  11.5  14.6  14.8  15.1  15.5  -9 -9.0 -9  3  1
202404250600 108  18  2.5  -9 -9.0   -9 1002.1 1012.4  2   0.5  10.4   8.8  90.0  11.3   -9.0   -9.0   -9.0   -9.0   -9.0   -9.0   -9.0 10 22 19                       9   9    6 St         0   0   6   741  0.0  0.01 -9  11.3  14.5  14.7  15.0  15.4  -9 -9.0 -9  3  1
202404250700 108  18  1.0  -9 -9.0   -9 1002.0 1012.3 -9  -9.0  10.5   8.5  88.0  11.1   -9.0   -9.0   -9.0   -9.0   -9.0   -9.0   -9.0 10 22 19                       9   9    6 St         0   0   6   877  0.0  0.04 -9  11.8  14.4  14.6  14.9  15.4  -9 -9.0 -9  3  1
202404250800 108  25  0.8  -9 -9.0   -9 1002.9 1013.2 -9  -9.0  10.7   8.7  88.0  11.2   -9.0   -9.0   -9.0   -9.0   -9.0   -9.0   -9.0 10 22 19                       9   9    6 St         0   0   6   958  0.0  0.16 -9  12.6  14.3  14.5  14.8  15.3  -9 -9.0 -9  3  1
202404250900 108  18  1.2  -9 -9.0   -9 1003.1 1013.4  3   1.0  11.1   8.8  86.0  11.3   -9.0   -9.0   -9.0   -9.0   -9.0   -9.0   -9.0 10 22 19                       9   9    7 St         0   0   6   940  0.0  0.30 -9  13.9  14.3  14.5  14.7  15.2  -9 -9.0 -9  3  1
202404251000 108  27  1.6  -9 -9.0   -9 1003.1 1013.4 -9  -9.0  11.6   8.8  83.0  11.3   -9.0   -9.0   -9.0   -9.0   -9.0   -9.0   -9.0 10 22 19                       9   9    6 St         0   0   6   809  0.0  0.53 -9  14.9  14.5  14.5  14.6  15.1  -9 -9.0 -9  3  1
202404251100 108  16  0.9  -9 -9.0   -9 1003.1 1013.3 -9  -9.0  12.4   9.2  81.0  11.6   -9.0   -9.0   -9.0   -9.0   -9.0   -9.0   -9.0 10 22 19                       9   9    6 St         0   0   6   883  0.0  0.51 -9  16.6  14.7  14.6  14.6  15.1  -9 -9.0 -9  3  1
202404251200 108   2  1.1  -9 -9.0   -9 1002.4 1012.6  7  -0.8  13.8   9.0  73.0  11.5   -9.0   -9.0   -9.0   -9.0   -9.0   -9.0   -9.0 10 22 19                       7   7   10 Sc         0   0   5   898  0.0  1.48 -9  22.5  15.0  14.8  14.6  15.0  -9 -9.0 -9  3  1
202404251300 108  27  1.8  -9 -9.0   -9 1001.5 1011.6 -9  -9.0  16.4  10.0  66.0  12.3   -9.0   -9.0   -9.0   -9.0   -9.0   -9.0   -9.0  5  0 4019                     0   0   -9 -         -9  -9  -9   932  1.0  3.54 -9  31.9  15.8  15.2  14.7  15.0  -9 -9.0 -9  3  1
202404251400 108  18  1.1  -9 -9.0   -9 1000.7 1010.7 -9  -9.0  18.2  10.0  59.0  12.3   -9.0   -9.0   -9.0   -9.0   -9.0   -9.0   -9.0  5  0 40                       0   0   -9 -         -9  -9  -9   796  1.0  3.52 -9  33.3  17.2  16.0  14.9  15.0  -9 -9.0 -9  3  1
202404251500 108  20  1.6  -9 -9.0   -9 1000.2 1010.2  7  -2.4  19.9  10.8  56.0  12.9   -9.0   -9.0   -9.0   -9.0   -9.0   -9.0   -9.0  5  0 40                       0   0   -9 -         -9  -9  -9   944  1.0  3.08 -9  32.5  18.2  16.9  15.2  15.0  -9 -9.0 -9  3  1
202404251600 108  27  3.0  -9 -9.0   -9 1000.1 1010.0 -9  -9.0  20.5   9.1  48.0  11.6   -9.0   -9.0   -9.0   -9.0   -9.0   -9.0   -9.0 -9 -9 40                       0   0   -9 -         -9  -9  -9  1072  1.0  2.51 -9  28.9  19.0  17.6  15.7  15.2  -9 -9.0 -9  3  2
202404251700 108  32  2.5  -9 -9.0   -9  999.8 1009.7 -9  -9.0  20.5  10.0  51.0  12.3   -9.0   -9.0   -9.0   -9.0   -9.0   -9.0   -9.0  5  0 40                       0   0   -9 -         -9  -9  -9   891  1.0  1.73 -9  24.4  19.2  18.1  16.2  15.4  -9 -9.0 -9  3  1
202404251800 108  27  2.1  -9 -9.0   -9  999.8 1009.7  6  -0.5  19.7  10.6  56.0  12.8   -9.0   -9.0   -9.0   -9.0   -9.0   -9.0   -9.0  5  0 40                       0   0   -9 -         -9  -9  -9   681  1.0  0.89 -9  20.0  19.1  18.3  16.5  15.6  -9 -9.0 -9  3  1
202404251900 108  27  2.7  -9 -9.0   -9 1000.5 1010.5 -9  -9.0  18.0  10.3  61.0  12.5   -9.0   -9.0   -9.0   -9.0   -9.0   -9.0   -9.0 -9 -9 40                       0   0   -9 -         -9  -9  -9   692  0.2  0.28 -9  16.7  18.8  18.2  16.8  15.9  -9 -9.0 -9  3  2
202404252000 108  27  2.5  -9 -9.0   -9 1001.1 1011.2 -9  -9.0  16.4  11.1  71.0  13.2   -9.0   -9.0   -9.0   -9.0   -9.0   -9.0   -9.0 -9 -9 40                       0   0   -9 -         -9  -9  -9   782  0.0  0.01 -9  14.7  18.3  18.0  17.0  16.1  -9 -9.0 -9  3  2
202404252100 108  25  0.7  -9 -9.0   -9 1001.5 1011.6  2   1.9  15.5  11.2  76.0  13.3   -9.0   -9.0   -9.0   -9.0   -9.0   -9.0   -9.0  5  0 40                       0   0   -9 -         -9  -9  -9   807 -9.0 -9.00 -9  13.5  17.8  17.7  17.0  16.2  -9 -9.0 -9  3  1
202404252200 108  27  1.5  -9 -9.0   -9 1001.6 1011.7 -9  -9.0  14.6  10.7  78.0  12.9   -9.0   -9.0   -9.0   -9.0   -9.0   -9.0   -9.0 -9 -9 40                       0   0   -9 -         -9  -9  -9   711 -9.0 -9.00 -9  12.5  17.3  17.4  17.0  16.3  -9 -9.0 -9  3  2
202404252300 108  27  1.1  -9 -9.0   -9 1001.5 1011.6 -9  -9.0  14.0  10.5  80.0  12.7   -9.0   -9.0   -9.0   -9.0   -9.0   -9.0   -9.0 -9 -9 4019                     0   0   -9 -         -9  -9  -9   690 -9.0 -9.00 -9  11.9  16.8  17.0  16.8  16.4  -9 -9.0 -9  3  2
202404260000 108   0  0.4  -9 -9.0   -9 1001.1 1011.3  8  -0.3  13.6  10.5  82.0  12.7   -9.0   -9.0   -9.0   -9.0   -9.0   -9.0   -9.0 10  0 19                       0   0   -9 -         -9  -9  -9   682 -9.0 -9.00 -9  11.2  16.4  16.7  16.7  16.4  -9 -9.0 -9  3  1
202404260100 108   5  0.7  -9 -9.0   -9 1001.3 1011.5 -9  -9.0  13.3  10.2  82.0  12.4   -9.0   -9.0   -9.0   -9.0   -9.0   -9.0   -9.0 -9 -9 19                       0   0   -9 -         -9  -9  -9   712 -9.0 -9.00 -9  10.8  16.0  16.4  16.5  16.4  -9 -9.0 -9  3  2
202404260200 108   0  0.3  -9 -9.0   -9 1001.2 1011.4 -9  -9.0  12.8  10.1  84.0  12.4   -9.0   -9.0   -9.0   -9.0   -9.0   -9.0   -9.0 -9 -9 19                       0   0   -9 -         -9  -9  -9   619 -9.0 -9.00 -9  10.4  15.7  16.1  16.3  16.3  -9 -9.0 -9  3  2
202404260300 108   5  0.8  -9 -9.0   -9 1001.0 1011.2  8  -0.1  12.4   9.9  85.0  12.2   -9.0   -9.0   -9.0   -9.0   -9.0   -9.0   -9.0 10  0 19                       0   0   -9 -         -9  -9  -9   651 -9.0 -9.00 -9  10.0  15.4  15.8  16.1  16.2  -9 -9.0 -9  3  1
202404260400 108   2  1.5  -9 -9.0   -9 1000.8 1011.0 -9  -9.0  12.0   9.7  86.0  12.0   -9.0   -9.0   -9.0   -9.0   -9.0   -9.0   -9.0 10  0 19                       0   0   -9 -         -9  -9  -9   589 -9.0 -9.00 -9   9.8  15.1  15.5  15.9  16.1  -9 -9.0 -9  3  1
202404260500 108  36  1.3  -9 -9.0   -9 1000.8 1011.0 -9  -9.0  11.9   9.9  88.0  12.2   -9.0   -9.0   -9.0   -9.0   -9.0   -9.0   -9.0 10  0 19                       0   0   -9 -         -9  -9  -9   579 -9.0 -9.00 -9   9.6  14.8  15.3  15.7  16.0  -9 -9.0 -9  3  1
202404260600 108   2  1.9  -9 -9.0   -9 1001.0 1011.3  3   0.1  11.5   9.7  89.0  12.0   -9.0   -9.0   -9.0   -9.0   -9.0   -9.0   -9.0 10  0 19                       6   0   -9 Ci         1   0   0   493  0.0  0.00 -9   9.7  14.6  15.0  15.5  15.9  -9 -9.0 -9  3  1
202404260700 108   2  2.0  -9 -9.0   -9 1001.1 1011.4 -9  -9.0  11.7  10.1  90.0  12.4   -9.0   -9.0   -9.0   -9.0   -9.0   -9.0   -9.0 10 22 19                       8   0   -9 Ci         1   0   0   580  0.0  0.22 -9  11.8  14.4  14.8  15.3  15.7  -9 -9.0 -9  3  1
202404260800 108   5  1.7  -9 -9.0   -9 1001.2 1011.4 -9  -9.0  13.5  11.3  87.0  13.4   -9.0   -9.0   -9.0   -9.0   -9.0   -9.0   -9.0 10 22 19                       8   0   -9 Ci         1   0   0   597  0.5  0.74 -9  16.9  14.4  14.7  15.1  15.7  -9 -9.0 -9  3  1
202404260900 108   5  2.0  -9 -9.0   -9 1000.7 1010.8  8  -0.5  15.6  11.3  76.0  13.4   -9.0   -9.0   -9.0   -9.0   -9.0   -9.0   -9.0 10  0 19                       7   0   -9 Ci         1   0   0   744  1.0  1.37 -9  20.7  14.7  14.8  15.0  15.5  -9 -9.0 -9  3  1
202404261000 108   9  1.2  -9 -9.0   -9 1000.7 1010.7 -9  -9.0  17.8  10.6  63.0  12.8   -9.0   -9.0   -9.0   -9.0   -9.0   -9.0   -9.0  5 22 4019                     8   0   -9 Ci         2   0   0   971  0.9  1.88 -9  23.9  15.4  15.0  15.0  15.4  -9 -9.0 -9  3  1
202404261100 108  27  0.5  -9 -9.0   -9 1000.9 1010.8 -9  -9.0  19.3  10.2  56.0  12.4   -9.0   -9.0   -9.0   -9.0   -9.0   -9.0   -9.0 -9 -9 40                       6   0   -9 Ci         1   0   0  1403  0.7  1.94 -9  26.8  16.2  15.5  15.0  15.3  -9 -9.0 -9  3  2
202404261200 108  25  1.3  -9 -9.0   -9 1000.5 1010.4  7  -0.4  21.3   9.8  48.0  12.1   -9.0   -9.0   -9.0   -9.0   -9.0   -9.0   -9.0 -9 -9 -                        4   0   -9 Ci         1   0   0  1314  1.0  2.52 -9  31.9  17.1  16.1  15.2  15.3  -9 -9.0 -9  3  2
202404261300 108  27  2.3  -9 -9.0   -9  999.6 1009.4 -9  -9.0  23.3   8.9  40.0  11.4   -9.0   -9.0   -9.0   -9.0   -9.0   -9.0   -9.0 -9 -9 -                        5   0   -9 Ci         1   0   0  1276  1.0  3.30 -9  35.8  18.2  16.8  15.4  15.3  -9 -9.0 -9  3  2
202404261400 108  23  1.8  -9 -9.0   -9  998.8 1008.6 -9  -9.0  24.8  10.2  40.0  12.4   -9.0   -9.0   -9.0   -9.0   -9.0   -9.0   -9.0 -9 -9 -                        5   0   -9 Ci         1   0   0  1466  1.0  3.27 -9  37.6  19.3  17.7  15.8  15.4  -9 -9.0 -9  3  2
202404261500 108  23  2.5  -9 -9.0   -9  998.2 1007.9  7  -2.5  25.4   6.5  30.0   9.7   -9.0   -9.0   -9.0   -9.0   -9.0   -9.0   -9.0 -9 -9 -                        7   0   -9 Ci         1   0   0  1483  1.0  2.94 -9  36.2  20.2  18.6  16.3  15.5  -9 -9.0 -9  3  2
202404261600 108  25  1.6  -9 -9.0   -9  998.0 1007.7 -9  -9.0  26.0   4.4  25.0   8.4   -9.0   -9.0   -9.0   -9.0   -9.0   -9.0   -9.0  6  0 42                       2   0   -9 Ci         1   0   0  1348  1.0  2.50 -9  33.9  20.8  19.2  16.8  15.8  -9 -9.0 -9  3  1
202404261700 108  27  1.8  -9 -9.0   -9  997.7 1007.4 -9  -9.0  25.8   5.8  28.0   9.2   -9.0   -9.0   -9.0   -9.0   -9.0   -9.0   -9.0  6  0 42                       3   0   -9 Ci         1   0   0  1216  1.0  1.77 -9  29.3  21.0  19.7  17.3  16.0  -9 -9.0 -9  3  1
202404261800 108  27  3.2  -9 -9.0   -9  997.9 1007.6  5  -0.3  23.8   9.3  40.0  11.7   -9.0   -9.0   -9.0   -9.0   -9.0   -9.0   -9.0  6  0 42                       3   0   -9 Ci         1   0   0  1584  0.9  0.91 -9  22.6  20.8  19.8  17.7  16.3  -9 -9.0 -9  3  1
202404261900 108  27  3.7  -9 -9.0   -9  998.8 1008.6 -9  -9.0  21.5   4.5  33.0   8.4   -9.0   -9.0   -9.0   -9.0   -9.0   -9.0   -9.0  6  0 42                       1   0   -9 Ci         1   0   0  1943  0.7  0.37 -9  18.9  20.4  19.8  18.1  16.7  -9 -9.0 -9  3  1
202404262000 108  27  3.3  -9 -9.0   -9  999.3 1009.2 -9  -9.0  19.3   6.7  44.0   9.8   -9.0   -9.0   -9.0   -9.0   -9.0   -9.0   -9.0  6  0 42                       0   0   -9 -         -9  -9  -9  2359  0.0  0.01 -9  16.3  19.8  19.5  18.2  16.9  -9 -9.0 -9  3  1
202404262100 108  25  2.6  -9 -9.0   -9 1000.0 1010.0  2   2.4  17.4   7.7  53.0  10.5   -9.0   -9.0   -9.0   -9.0   -9.0   -9.0   -9.0  6  0 42                       0   0   -9 -         -9  -9  -9  2247 -9.0 -9.00 -9  14.7  19.2  19.1  18.2  17.1  -9 -9.0 -9  3  1
202404262200 108  25  2.0  -9 -9.0   -9 1000.3 1010.4 -9  -9.0  16.4   8.3  59.0  10.9   -9.0   -9.0   -9.0   -9.0   -9.0   -9.0   -9.0 -9 -9 42                       0   0   -9 -         -9  -9  -9  1746 -9.0 -9.00 -9  13.5  18.6  18.7  18.1  17.2  -9 -9.0 -9  3  2
202404262300 108  25  2.0  -9 -9.0   -9 1000.8 1010.9 -9  -9.0  15.7   8.4  62.0  11.0   -9.0   -9.0   -9.0   -9.0   -9.0   -9.0   -9.0 -9 -9 -                        0   0   -9 -         -9  -9  -9  1562 -9.0 -9.00 -9  12.8  18.1  18.3  18.0  17.3  -9 -9.0 -9  3 -9
202404270000 108  25  2.5  -9 -9.0   -9 1000.9 1011.0  2   1.0  15.0   9.1  68.0  11.6   -9.0   -9.0   -9.0   -9.0   -9.0   -9.0   -9.0  5  0 40                       0   0   -9 -         -9  -9  -9   906 -9.0 -9.00 -9  12.2  17.6  17.9  17.8  17.3  -9 -9.0 -9  3  1
202404270100 108  25  1.7  -9 -9.0   -9 1001.2 1011.3 -9  -9.0  14.2   9.0  71.0  11.5   -9.0   -9.0   -9.0   -9.0   -9.0   -9.0   -9.0 -9 -9 40                       0   0   -9 -         -9  -9  -9   765 -9.0 -9.00 -9  11.5  17.2  17.5  17.6  17.2  -9 -9.0 -9  3  2
202404270200 108  27  1.1  -9 -9.0   -9 1000.7 1010.9 -9  -9.0  13.6   9.0  74.0  11.5   -9.0   -9.0   -9.0   -9.0   -9.0   -9.0   -9.0 -9 -9 40                       0   0   -9 -         -9  -9  -9   728 -9.0 -9.00 -9  10.8  16.8  17.2  17.3  17.1  -9 -9.0 -9  3  2
202404270300 108  36  1.1  -9 -9.0   -9 1000.4 1010.6  8  -0.4  12.9   8.7  76.0  11.2   -9.0   -9.0   -9.0   -9.0   -9.0   -9.0   -9.0  5  0 40                       0   0   -9 -         -9  -9  -9   994 -9.0 -9.00 -9  10.1  16.4  16.8  17.1  17.1  -9 -9.0 -9  3  1
202404270400 108  27  0.7  -9 -9.0   -9 1000.7 1010.9 -9  -9.0  12.4   8.2  76.0  10.9   -9.0   -9.0   -9.0   -9.0   -9.0   -9.0   -9.0 -9 -9 40                       0   0   -9 -         -9  -9  -9  1228 -9.0 -9.00 -9   9.4  16.0  16.5  16.9  16.9  -9 -9.0 -9  3  2
202404270500 108   0  0.1  -9 -9.0   -9 1001.1 1011.3 -9  -9.0  11.9   7.9  77.0  10.6   -9.0   -9.0   -9.0   -9.0   -9.0   -9.0   -9.0 -9 -9 -                        0   0   -9 -         -9  -9  -9  1172 -9.0 -9.00 -9   8.8  15.6  16.1  16.6  16.8  -9 -9.0 -9  3  2
202404270600 108   5  1.5  -9 -9.0   -9 1000.9 1011.2  0   0.6  11.6   7.6  77.0  10.4   -9.0   -9.0   -9.0   -9.0   -9.0   -9.0   -9.0 -9 -9 -                        0   0   -9 -         -9  -9  -9  1620  0.0  0.00 -9   8.8  15.3  15.8  16.4  16.7  -9 -9.0 -9  3  2
202404270700 108   0  0.3  -9 -9.0   -9 1001.6 1011.8 -9  -9.0  12.1   8.1  77.0  10.8   -9.0   -9.0   -9.0   -9.0   -9.0   -9.0   -9.0 -9 -9 -                        0   0   -9 -         -9  -9  -9  1754  0.7  0.32 -9  11.2  15.0  15.5  16.1  16.5  -9 -9.0 -9  3  2
202404270800 108  27  0.5  -9 -9.0   -9 1001.9 1012.0 -9  -9.0  14.2   9.6  74.0  11.9   -9.0   -9.0   -9.0   -9.0   -9.0   -9.0   -9.0 -9 -9 -                        0   0   -9 -         -9  -9  -9  1322  1.0  0.98 -9  18.1  15.0  15.3  15.9  16.4  -9 -9.0 -9  3  2
202404270900 108  20  1.6  -9 -9.0   -9 1001.9 1012.0  1   0.8  16.7  10.3  66.0  12.5   -9.0   -9.0   -9.0   -9.0   -9.0   -9.0   -9.0  5  0 40                       0   0   -9 -         -9  -9  -9   806  1.0  1.79 -9  24.2  15.4  15.4  15.7  16.2  -9 -9.0 -9  3  1
202404271000 108  27  2.2  -9 -9.0   -9 1001.9 1011.8 -9  -9.0  18.8  10.3  58.0  12.5   -9.0   -9.0   -9.0   -9.0   -9.0   -9.0   -9.0  5  0 40                       0   0   -9 -         -9  -9  -9   972  1.0  2.45 -9  29.7  16.3  15.8  15.6  16.1  -9 -9.0 -9  3  1
202404271100 108  25  1.9  -9 -9.0   -9 1001.6 1011.5 -9  -9.0  21.0   9.8  49.0  12.1   -9.0   -9.0   -9.0   -9.0   -9.0   -9.0   -9.0 -9 -9 40                       0   0   -9 -         -9  -9  -9  1360  1.0  3.05 -9  36.3  17.3  16.4  15.7  16.0  -9 -9.0 -9  3  2
202404271200 108  29  3.1  -9 -9.0   -9 1001.6 1011.4  7  -0.6  22.0   9.1  44.0  11.6   -9.0   -9.0   -9.0   -9.0   -9.0   -9.0   -9.0 -9 -9 -                        0   0   -9 -         -9  -9  -9  1342  1.0  3.45 -9  40.3  18.4  17.1  15.9  15.9  -9 -9.0 -9  3  2
202404271300 108  29  1.8  -9 -9.0   -9 1001.0 1010.8 -9  -9.0  23.5   9.4  41.0  11.8   -9.0   -9.0   -9.0   -9.0   -9.0   -9.0   -9.0 -9 -9 -                        0   0   -9 -         -9  -9  -9  1621  1.0  3.53 -9  43.6  19.4  18.0  16.2  16.0  -9 -9.0 -9  3  2
202404271400 108  29  2.7  -9 -9.0   -9 1000.5 1010.2 -9  -9.0  24.7   8.1  35.0  10.8   -9.0   -9.0   -9.0   -9.0   -9.0   -9.0   -9.0 -9 -9 -                        0   0   -9 -         -9  -9  -9  2758  1.0  3.47 -9  44.4  20.4  18.8  16.7  16.1  -9 -9.0 -9  3  2
202404271500 108  23  3.2  -9 -9.0   -9  999.6 1009.3  7  -2.1  25.8   8.7  34.0  11.2   -9.0   -9.0   -9.0   -9.0   -9.0   -9.0   -9.0 -9 -9 -                        0   0   -9 -         -9  -9  -9  2537  1.0  3.16 -9  43.1  21.2  19.6  17.2  16.2  -9 -9.0 -9  3  2
202404271600 108  25  3.4  -9 -9.0   -9  999.3 1009.0 -9  -9.0  26.1   9.4  35.0  11.8   -9.0   -9.0   -9.0   -9.0   -9.0   -9.0   -9.0 -9 -9 -                        0   0   -9 -         -9  -9  -9  2689  1.0  2.60 -9  38.9  21.7  20.2  17.7  16.5  -9 -9.0 -9  3  2
202404271700 108  25  4.0  -9 -9.0   -9  999.6 1009.4 -9  -9.0  24.8  10.6  41.0  12.8   -9.0   -9.0   -9.0   -9.0   -9.0   -9.0   -9.0 -9 -9 -                        0   0   -9 -         -9  -9  -9  2375  1.0  1.89 -9  32.5  21.9  20.6  18.2  16.7  -9 -9.0 -9  3  2
202404271800 108  25  3.5  -9 -9.0   -9 1000.0 1009.7  3   0.4  23.6  10.2  43.0  12.4   -9.0   -9.0   -9.0   -9.0   -9.0   -9.0   -9.0 -9 -9 -                        1   0   -9 Ci         1   0   0  3132  1.0  1.13 -9  23.9  21.7  20.7  18.5  17.0  -9 -9.0 -9  3  2
202404271900 108  27  3.2  -9 -9.0   -9 1000.9 1010.8 -9  -9.0  21.1   8.6  45.0  11.2   -9.0   -9.0   -9.0   -9.0   -9.0   -9.0   -9.0 -9 -9 -                        0   0   -9 -         -9  -9  -9  3186  0.8  0.40 -9  19.7  21.3  20.7  18.9  17.4  -9 -9.0 -9  3 -9
202404272000 108  25  2.9  -9 -9.0   -9 1001.7 1011.6 -9  -9.0  18.8   8.4  51.0  11.0   -9.0   -9.0   -9.0   -9.0   -9.0   -9.0   -9.0 -9 -9 -                        0   0   -9 -         -9  -9  -9  2993  0.0  0.01 -9  16.9  20.7  20.4  19.0  17.6  -9 -9.0 -9  3 -9
202404272100 108  20  1.3  -9 -9.0   -9 1002.3 1012.3  2   2.6  17.6   7.0  50.0  10.0   -9.0   -9.0   -9.0   -9.0   -9.0   -9.0   -9.0 -9 -9 -                        0   0   -9 -         -9  -9  -9  3715 -9.0 -9.00 -9  15.1  20.0  20.0  19.1  17.8  -9 -9.0 -9  3  2
202404272200 108  27  1.3  -9 -9.0   -9 1002.8 1012.9 -9  -9.0  16.9   6.9  52.0   9.9   -9.0   -9.0   -9.0   -9.0   -9.0   -9.0   -9.0 -9 -9 -                        0   0   -9 -         -9  -9  -9  3473 -9.0 -9.00 -9  13.9  19.4  19.5  19.0  17.9  -9 -9.0 -9  3 -9
202404272300 108  25  1.1  -9 -9.0   -9 1002.7 1012.8 -9  -9.0  16.0   7.2  56.0  10.2   -9.0   -9.0   -9.0   -9.0   -9.0   -9.0   -9.0 -9 -9 -                        0   0   -9 -         -9  -9  -9  3398 -9.0 -9.00 -9  13.1  18.8  19.1  18.8  18.0  -9 -9.0 -9  3 -9
202404280000 108  29  1.0  -9 -9.0   -9 1002.9 1013.0  2   0.7  15.6   8.0  61.0  10.7   -9.0   -9.0   -9.0   -9.0   -9.0   -9.0   -9.0 -9 -9 -                        1   0   -9 Ci         1   0   0  2966 -9.0 -9.00 -9  12.4  18.3  18.7  18.6  17.9  -9 -9.0 -9  3  2
202404280100 108  27  1.9  -9 -9.0   -9 1003.5 1013.7 -9  -9.0  14.8   8.2  65.0  10.9   -9.0   -9.0   -9.0   -9.0   -9.0   -9.0   -9.0 -9 -9 -                        2   0   -9 -         -9  -9  -9  2817 -9.0 -9.00 -9  12.0  17.9  18.3  18.3  17.9  -9 -9.0 -9  3 -9
202404280200 108  27  1.1  -9 -9.0   -9 1003.5 1013.7 -9  -9.0  14.3   8.4  68.0  11.0   -9.0   -9.0   -9.0   -9.0   -9.0   -9.0   -9.0 -9 -9 -                        0   0   -9 -         -9  -9  -9  2513 -9.0 -9.00 -9  11.3  17.5  17.9  18.1  17.8  -9 -9.0 -9  3 -9
202404280300 108   2  1.3  -9 -9.0   -9 1003.1 1013.3  0   0.3  14.0   8.8  71.0  11.3   -9.0   -9.0   -9.0   -9.0   -9.0   -9.0   -9.0 -9 -9 -                        0   0   -9 -         -9  -9  -9  2496 -9.0 -9.00 -9  10.9  17.1  17.6  17.8  17.7  -9 -9.0 -9  3  2
202404280400 108   7  1.1  -9 -9.0   -9 1002.8 1013.0 -9  -9.0  13.5   8.9  74.0  11.4   -9.0   -9.0   -9.0   -9.0   -9.0   -9.0   -9.0 -9 -9 -                        0   0   -9 -         -9  -9  -9  2308 -9.0 -9.00 -9  10.3  16.8  17.2  17.6  17.6  -9 -9.0 -9  3  2
202404280500 108   0  0.4  -9 -9.0   -9 1003.1 1013.3 -9  -9.0  13.5   9.5  77.0  11.9   -9.0   -9.0   -9.0   -9.0   -9.0   -9.0   -9.0 -9 -9 -                        0   0   -9 -         -9  -9  -9  2205 -9.0 -9.00 -9  10.0  16.4  16.9  17.3  17.5  -9 -9.0 -9  3  2
202404280600 108  34  0.5  -9 -9.0   -9 1003.7 1013.9  3   0.6  13.0   9.4  79.0  11.8   -9.0   -9.0   -9.0   -9.0   -9.0   -9.0   -9.0 -9 -9 -                        0   0   -9 -         -9  -9  -9  2120  0.0  0.00 -9  10.0  16.1  16.6  17.1  17.3  -9 -9.0 -9  3  2
202404280700 108   5  1.3  -9 -9.0   -9 1004.0 1014.2 -9  -9.0  13.4   9.8  79.0  12.1   -9.0   -9.0   -9.0   -9.0   -9.0   -9.0   -9.0 -9 -9 -                        2   0   -9 Ci         1   0   0  2098  0.8  0.36 -9  12.9  15.9  16.4  16.8  17.2  -9 -9.0 -9  3  2
202404280800 108   7  1.1  -9 -9.0   -9 1004.4 1014.5 -9  -9.0  16.0  10.9  72.0  13.0   -9.0   -9.0   -9.0   -9.0   -9.0   -9.0   -9.0 -9 -9 -                        4   0   -9 Ci         1   0   0  2185  1.0  0.99 -9  20.2  15.9  16.2  16.6  17.0  -9 -9.0 -9  3  2
202404280900 108   9  2.1  -9 -9.0   -9 1003.8 1013.8  8  -0.1  18.6  11.1  62.0  13.2   -9.0   -9.0   -9.0   -9.0   -9.0   -9.0   -9.0 -9 -9 -                        7   0   -9 Ci         1   0   0  2116  1.0  1.66 -9  25.6  16.4  16.3  16.5  16.9  -9 -9.0 -9  3  2
202404281000 108   7  1.4  -9 -9.0   -9 1004.0 1013.9 -9  -9.0  20.7  11.0  54.0  13.1   -9.0   -9.0   -9.0   -9.0   -9.0   -9.0   -9.0 -9 -9 -                        8   0   -9 Ci         1   0   0  2272  1.0  2.22 -9  31.7  17.1  16.6  16.4  16.7  -9 -9.0 -9  3  2
202404281100 108   2  1.4  -9 -9.0   -9 1003.8 1013.6 -9  -9.0  22.9  11.9  50.0  13.9   -9.0   -9.0   -9.0   -9.0   -9.0   -9.0   -9.0 -9 -9 -                        7   0   -9 Ci         1   0   0  2053  1.0  2.96 -9  39.2  18.1  17.2  16.5  16.6  -9 -9.0 -9  3  2
202404281200 108   5  2.4  -9 -9.0   -9 1003.2 1012.9  8  -0.9  24.7  10.5  41.0  12.7   -9.0   -9.0   -9.0   -9.0   -9.0   -9.0   -9.0 -9 -9 -                        7   0   -9 Ci         1   0   0  2561  1.0  3.22 -9  43.9  19.1  18.0  16.7  16.6  -9 -9.0 -9  3  2
202404281300 108   7  1.0  -9 -9.0   -9 1002.5 1012.2 -9  -9.0  26.3  10.0  36.0  12.3   -9.0   -9.0   -9.0   -9.0   -9.0   -9.0   -9.0 -9 -9 -                        7   0   -9 Ci         1   0   0  2437  1.0  3.46 -9  46.3  20.2  18.8  17.0  16.6  -9 -9.0 -9  3  2
202404281400 108  20  2.2  -9 -9.0   -9 1002.1 1011.8 -9  -9.0  27.6   8.4  30.0  11.0   -9.0   -9.0   -9.0   -9.0   -9.0   -9.0   -9.0 -9 -9 -                       10   0   -9 Cs         7   0   0  2790  1.0  2.94 -9  41.7  21.2  19.6  17.4  16.7  -9 -9.0 -9  3  2
202404281500 108  20  2.5  -9 -9.0   -9 1001.5 1011.1  7  -1.8  27.9   6.0  25.0   9.3   -9.0   -9.0   -9.0   -9.0   -9.0   -9.0   -9.0 -9 -9 -                        9   0   -9 Cs         8   0   0  2329  0.9  2.30 -9  42.8  22.0  20.3  17.9  16.9  -9 -9.0 -9  3  2
202404281600 108  18  1.1  -9 -9.0   -9 1001.2 1010.8 -9  -9.0  28.9   7.4  26.0  10.3   -9.0   -9.0   -9.0   -9.0   -9.0   -9.0   -9.0 -9 -9 -                        3   0   -9 Ci         1   0   0  2598  1.0  2.51 -9  39.6  22.5  20.9  18.4  17.1  -9 -9.0 -9  3  2
202404281700 108  25  3.0  -9 -9.0   -9 1001.3 1010.9 -9  -9.0  27.7  11.2  36.0  13.3   -9.0   -9.0   -9.0   -9.0   -9.0   -9.0   -9.0 -9 -9 -                        7   0   -9 Ci         1   0   0  1493  1.0  1.54 -9  32.2  22.7  21.4  18.9  17.4  -9 -9.0 -9  3  2
202404281800 108  27  3.1  -9 -9.0   -9 1001.5 1011.2  3   0.1  26.1  11.8  41.0  13.8   -9.0   -9.0   -9.0   -9.0   -9.0   -9.0   -9.0 -9 -9 -                        7   0   -9 Ci         1   0   0  1335  0.7  0.73 -9  26.0  22.6  21.5  19.3  17.7  -9 -9.0 -9  3  2
202404281900 108  29  1.5  -9 -9.0   -9 1001.5 1011.2 -9  -9.0  24.2  12.8  49.0  14.8   -9.0   -9.0   -9.0   -9.0   -9.0   -9.0   -9.0 -9 -9 -                        7   0   -9 -         -9  -9  -9  1666  0.0  0.24 -9  21.8  22.2  21.5  19.6  18.0  -9 -9.0 -9  3 -9
202404282000 108  27  2.0  -9 -9.0   -9 1001.7 1011.5 -9  -9.0  22.6  12.5  53.0  14.5   -9.0   -9.0   -9.0   -9.0   -9.0   -9.0   -9.0 -9 -9 -                        8   0   -9 -         -9  -9  -9  1584  0.0  0.01 -9  19.1  21.6  21.2  19.7  18.2  -9 -9.0 -9  3 -9
202404282100 108  34  1.1  -9 -9.0   -9 1002.1 1012.0  2   0.8  21.6  11.8  54.0  13.8   -9.0   -9.0   -9.0   -9.0   -9.0   -9.0   -9.0 -9 -9 -                        8   0   -9 Ci         1   0   0  1716 -9.0 -9.00 -9  17.7  21.1  20.9  19.7  18.4  -9 -9.0 -9  3  2
202404282200 108   7  1.5  -9 -9.0   -9 1001.8 1011.7 -9  -9.0  20.5  11.1  55.0  13.2   -9.0   -9.0   -9.0   -9.0   -9.0   -9.0   -9.0 -9 -9 -                        9   0   -9 -         -9  -9  -9  1861 -9.0 -9.00 -9  16.8  20.5  20.5  19.7  18.5  -9 -9.0 -9  3 -9
202404282300 108   7  1.8  -9 -9.0   -9 1001.5 1011.5 -9  -9.0  20.1  11.3  57.0  13.4   -9.0   -9.0   -9.0   -9.0   -9.0   -9.0   -9.0 -9 -9 -                       10   0   -9 -         -9  -9  -9  1979 -9.0 -9.00 -9  16.7  20.0  20.1  19.5  18.6  -9 -9.0 -9  3 -9
202404290000 108   5  2.1  -9 -9.0   -9 1001.3 1011.2  7  -0.8  19.4  10.1  55.0  12.4   -9.0   -9.0   -9.0   -9.0   -9.0   -9.0   -9.0 -9 -9 -                        9   0   -9 Ci         2   0   0  2294 -9.0 -9.00 -9  16.2  19.7  19.8  19.4  18.6  -9 -9.0 -9  3  2
202404290100 108   5  2.9  -9 -9.0   -9 1001.2 1011.1 -9  -9.0  19.0   9.1  53.0  11.6   -9.0   -9.0   -9.0   -9.0   -9.0   -9.0   -9.0 -9 -9 -                       10   0   -9 -         -9  -9  -9  2312 -9.0 -9.00 -9  15.8  19.4  19.5  19.2  18.5  -9 -9.0 -9  3 -9
202404290200 108   5  3.3  -9 -9.0   -9 1000.9 1010.8 -9  -9.0  18.4   8.3  52.0  10.9   -9.0   -9.0   -9.0   -9.0   -9.0   -9.0   -9.0 -9 -9 -                       10   0   -9 -         -9  -9  -9  2267 -9.0 -9.00 -9  15.3  19.1  19.2  19.0  18.5  -9 -9.0 -9  3 -9
202404290300 108   5  4.2  -9 -9.0   -9 1000.7 1010.7  7  -0.5  17.8   7.8  52.0  10.6   -9.0   -9.0   -9.0   -9.0   -9.0   -9.0   -9.0 -9 -9 -                        8   0   -9 Ci         1   0   0  2245 -9.0 -9.00 -9  14.6  18.8  19.0  18.8  18.4  -9 -9.0 -9  3  2
202404290400 108   5  3.4  -9 -9.0   -9 1000.5 1010.5 -9  -9.0  17.5   7.5  52.0  10.4   -9.0   -9.0   -9.0   -9.0   -9.0   -9.0   -9.0 -9 -9 -                        9   0   -9 Ci         2   0   0  2396 -9.0 -9.00 -9  14.5  18.5  18.7  18.6  18.3  -9 -9.0 -9  3  2
202404290500 108   7  2.8  -9 -9.0   -9 1000.8 1010.8 -9  -9.0  17.3   7.0  51.0  10.0   -9.0   -9.0   -9.0   -9.0   -9.0   -9.0   -9.0 -9 -9 -                        9   0   -9 Ci         2   0   0  2337 -9.0 -9.00 -9  14.6  18.3  18.5  18.4  18.3  -9 -9.0 -9  3  2
202404290600 108   5  4.1  -9 -9.0   -9 1000.4 1010.4  8  -0.3  16.9   6.9  52.0   9.9   -9.0   -9.0   -9.0   -9.0   -9.0   -9.0   -9.0 -9 -9 -                        9   0   -9 Ci         2   0   0  2415  0.0  0.00 -9  14.6  18.1  18.3  18.3  18.2  -9 -9.0 -9  3  2
202404290700 108   5  4.1  -9 -9.0   -9 1000.6 1010.6 -9  -9.0  17.2   6.9  51.0   9.9   -9.0   -9.0   -9.0   -9.0   -9.0   -9.0   -9.0 -9 -9 -                        9   0   -9 Ci         2   0   0  2264  0.0  0.11 -9  15.8  17.9  18.1  18.1  18.1  -9 -9.0 -9  3  2
202404290800 108   5  4.0  -9 -9.0   -9 1000.2 1010.2 -9  -9.0  17.7   7.4  51.0  10.3   -9.0   -9.0   -9.0   -9.0   -9.0   -9.0   -9.0 -9 -9 -                        9   0   -9 Ci         2   0   0  2292  0.0  0.41 -9  17.9  17.8  17.9  17.9  17.9  -9 -9.0 -9  3  2
202404290900 108   7  3.5  -9 -9.0   -9 1000.0 1009.9  8  -0.5  18.7   7.4  48.0  10.3   -9.0   -9.0   -9.0   -9.0   -9.0   -9.0   -9.0 -9 -9 -                        8   0   -9 Ci         2   0   0  2092  0.0  0.79 -9  21.3  17.8  17.9  17.8  17.8  -9 -9.0 -9  3  2
202404291000 108   7  3.7  -9 -9.0   -9 1000.0 1009.9 -9  -9.0  20.6   7.5  43.0  10.4   -9.0   -9.0   -9.0   -9.0   -9.0   -9.0   -9.0 -9 -9 -                        7   0   -9 Ci         1   0   0  2171  0.9  1.95 -9  29.3  18.2  18.0  17.7  17.7  -9 -9.0 -9  3  2
202404291100 108   7  4.0   5 10.0 1003  999.4 1009.2 -9  -9.0  22.6   8.6  41.0  11.2   -9.0   -9.0   -9.0   -9.0   -9.0   -9.0   -9.0 -9 -9 -                        8   0   -9 Ci         1   0   0  2510  0.9  2.55 -9  38.6  18.7  18.2  17.7  17.7  -9 -9.0 -9  3  2
202404291200 108   9  3.8   5 10.0 1003  998.5 1008.2  7  -1.7  23.9   8.7  38.0  11.2   -9.0   -9.0   -9.0   -9.0   -9.0   -9.0   -9.0 -9 -9 -                        8   0   -9 Ci         1   0   0  2572  1.0  3.11 -9  37.9  19.7  18.8  17.8  17.6  -9 -9.0 -9  3  2
202404291300 108   7  3.2  -9 -9.0   -9  998.0 1007.7 -9  -9.0  24.3   9.4  39.0  11.8   -9.0   -9.0   -9.0   -9.0   -9.0   -9.0   -9.0 -9 -9 -                        9   0   -9 Ci         1   0   0  2853  0.5  2.13 -9  39.4  20.4  19.4  18.0  17.6  -9 -9.0 -9  3  2
202404291400 108   7  3.1  -9 -9.0   -9  997.4 1007.1 -9  -9.0  25.2   9.8  38.0  12.1   -9.0   -9.0   -9.0   -9.0   -9.0   -9.0   -9.0 -9 -9 -                        7   0   -9 Ci         1   0   0  2573  1.0  2.77 -9  45.5  21.0  19.9  18.3  17.6  -9 -9.0 -9  3  2
202404291500 108  11  2.1   5 10.0 1003  996.4 1006.1  7  -2.1  26.0  10.5  38.0  12.7   -9.0   -9.0   -9.0   -9.0   -9.0   -9.0   -9.0 -9 -9 -                        8   0   -9 Ci         1   0   0  3344  1.0  2.81 -9  42.6  21.6  20.5  18.6  17.7  -9 -9.0 -9  3  2
202404291600 108  14  2.1  -9 -9.0   -9  995.6 1005.3 -9  -9.0  25.2  10.2  39.0  12.4   -9.0   -9.0   -9.0   -9.0   -9.0   -9.0   -9.0 -9 -9 -                        8   0   -9 Ci         2   0   0  2472  0.8  1.77 -9  33.9  22.1  21.0  18.9  17.9  -9 -9.0 -9  3  2
202404291700 108  18  2.0  -9 -9.0   -9  995.5 1005.2 -9  -9.0  25.6  10.6  39.0  12.8   -9.0   -9.0   -9.0   -9.0   -9.0   -9.0   -9.0 -9 -9 -                        8   0   -9 Ci         1   0   0  2534  1.0  1.51 -9  34.0  22.3  21.3  19.3  18.1  -9 -9.0 -9  3  2
202404291800 108  20  1.8  -9 -9.0   -9  995.5 1005.2  6  -0.9  25.3  10.3  39.0  12.5   -9.0   -9.0   -9.0   -9.0   -9.0   -9.0   -9.0 -9 -9 -                        2   0   -9 Ci         1   0   0  2637  1.0  1.09 -9  25.5  22.3  21.5  19.6  18.3  -9 -9.0 -9  3  2
202404291900 108  27  3.5  -9 -9.0   -9  995.8 1005.5 -9  -9.0  23.5  10.8  45.0  12.9   -9.0   -9.0   -9.0   -9.0   -9.0   -9.0   -9.0 -9 -9 -                        5   0   -9 -         -9  -9  -9  1872  0.7  0.34 -9  22.1  22.1  21.5  19.8  18.5  -9 -9.0 -9  3 -9
202404292000 108  27  2.6  -9 -9.0   -9  996.7 1006.5 -9  -9.0  21.5  10.9  51.0  13.0   -9.0   -9.0   -9.0   -9.0   -9.0   -9.0   -9.0 -9 -9 -                        0   0   -9 -         -9  -9  -9  1849  0.0  0.02 -9  18.9  21.6  21.3  20.0  18.7  -9 -9.0 -9  3 -9
202404292100 108  29  1.6  -9 -9.0   -9  997.4 1007.3  2   2.1  20.2  11.1  56.0  13.2   -9.0   -9.0   -9.0   -9.0   -9.0   -9.0   -9.0 -9 -9 -                        2   2   18 Sc         0   0   5  1837 -9.0 -9.00 -9  17.4  21.1  21.0  20.0  18.8  -9 -9.0 -9  3  2
202404292200 108  27  3.2  -9 -9.0   -9  997.7 1007.6 -9  -9.0  19.5  10.7  57.0  12.9   -9.0   -9.0   -9.0   -9.0   -9.0   -9.0   -9.0 -9 -9 -                        7   7   18 -         -9  -9  -9  1545 -9.0 -9.00 -9  17.9  20.6  20.7  19.9  18.9  -9 -9.0 -9  3 -9
202404292300 108  27  2.2  -9 -9.0   -9  997.5 1007.4 -9  -9.0  18.6  10.6  60.0  12.8   -9.0   -9.0   -9.0   -9.0   -9.0   -9.0   -9.0 -9 -9 -                        0   0   -9 -         -9  -9  -9  1539 -9.0 -9.00 -9  16.2  20.2  20.4  19.8  18.9  -9 -9.0 -9  3 -9
202404300000 108  27  2.3  -9 -9.0   -9  997.0 1006.9  8  -0.4  18.0  10.3  61.0  12.5   -9.0   -9.0   -9.0   -9.0   -9.0   -9.0   -9.0 -9 -9 -                        0   0   -9 -         -9  -9  -9  1393 -9.0 -9.00 -9  15.2  19.8  20.0  19.6  18.9  -9 -9.0 -9  3  2
202404300100 108  27  1.8  -9 -9.0   -9  996.6 1006.5 -9  -9.0  17.7  10.5  63.0  12.7   -9.0   -9.0   -9.0   -9.0   -9.0   -9.0   -9.0 -9 -9 -                        6   1   -9 -         -9  -9  -9  1393 -9.0 -9.00 -9  14.9  19.5  19.7  19.4  18.9  -9 -9.0 -9  3 -9
202404300200 108  23  1.1  -9 -9.0   -9  995.6 1005.6 -9  -9.0  17.1  10.2  64.0  12.4   -9.0   -9.0   -9.0   -9.0   -9.0   -9.0   -9.0 -9 -9 -                        4   1   -9 -         -9  -9  -9  1348 -9.0 -9.00 -9  14.2  19.1  19.4  19.2  18.8  -9 -9.0 -9  3 -9
202404300300 108   9  1.0  -9 -9.0   -9  995.0 1004.9  7  -2.0  17.6  11.6  68.0  13.7   -9.0   -9.0   -9.0   -9.0   -9.0   -9.0   -9.0 -9 -9 -                        9   9   10 Sc         0   0   5  1143 -9.0 -9.00 -9  16.2  18.8  19.1  19.0  18.8  -9 -9.0 -9  3  2
202404300400 108   0  0.2  -9 -9.0   -9  994.7 1004.6 -9  -9.0  17.6  11.3  67.0  13.4   -9.0   -9.0   -9.0   -9.0   -9.0   -9.0   -9.0 -9 -9 -                        7   7   12 Sc         0   0   5  1255 -9.0 -9.00 -9  15.6  18.7  18.9  18.8  18.7  -9 -9.0 -9  3  2
202404300500 108  18  2.2  -9 -9.0   -9  995.0 1004.9 -9  -9.0  17.7  12.3  71.0  14.3   -9.0   -9.0   -9.0   -9.0   -9.0   -9.0   -9.0 -9 -9 -                        8   8   15 Sc         0   0   5  1287 -9.0 -9.00 -9  15.8  18.5  18.7  18.7  18.6  -9 -9.0 -9  3  2
202404300600 108  27  1.4  -9 -9.0   -9  995.2 1005.1  3   0.2  17.6  12.4  72.0  14.4   -9.0   -9.0   -9.0   -9.0   -9.0   -9.0   -9.0 -9 -9 -                        8   8   15 Sc         0   0   5  1170  0.0  0.00 -9  16.0  18.4  18.6  18.5  18.4  -9 -9.0 -9  3  2
202404300700 108  25  4.3  -9 -9.0   -9  996.0 1006.0 -9  -9.0  16.5  11.2  71.0  13.3   -9.0   -9.0   -9.0   -9.0   -9.0   -9.0   -9.0  5 22 40                       8   8   15 Sc         0   0   5   878  0.0  0.15 -9  16.8  18.3  18.4  18.4  18.3  -9 -9.0 -9  3  1
202404300800 108  20  1.8  -9 -9.0   -9  995.8 1005.8 -9  -9.0  17.0  11.0  68.0  13.1   -9.0   -9.0   -9.0   -9.0   -9.0   -9.0   -9.0 -9 -9 40                       8   2   15 ScCi       1   0   5  1184  0.0  0.37 -9  19.3  18.2  18.4  18.2  18.3  -9 -9.0 -9  3  2
202404300900 108  20  2.8  -9 -9.0   -9  995.9 1005.8  0   0.7  18.2  11.0  63.0  13.1   -9.0   -9.0   -9.0   -9.0   -9.0   -9.0   -9.0 -9 -9 -                        8   1   15 ScCi       1   0   5  1248  0.9  1.46 -9  27.7  18.4  18.4  18.1  18.2  -9 -9.0 -9  3  2
202404301000 108  20  2.3  -9 -9.0   -9  995.9 1005.8 -9  -9.0  19.1  11.6  62.0  13.7   -9.0   -9.0   -9.0   -9.0   -9.0   -9.0   -9.0 -9 -9 -                        8   0   -9 Ci         1   0   0  1198  1.0  1.85 -9  31.2  19.0  18.6  18.1  18.1  -9 -9.0 -9  3  2
202404301100 108  23  2.6  -9 -9.0   -9  996.1 1006.0 -9  -9.0  19.9  11.6  59.0  13.7   -9.0   -9.0   -9.0   -9.0   -9.0   -9.0   -9.0 -9 -9 -                        9   2   10 ScCi       2   0   5  1014  0.6  1.99 -9  31.4  19.6  19.0  18.1  18.0  -9 -9.0 -9  3  2
202404301200 108  23  2.6  -9 -9.0   -9  995.8 1005.7  8  -0.1  20.8  11.6  56.0  13.7   -9.0   -9.0   -9.0   -9.0   -9.0   -9.0   -9.0  5 22 40                       9   3   10 ScCi       1   0   5   872  0.7  2.42 -9  40.5  20.1  19.4  18.3  18.0  -9 -9.0 -9  3  1
202404301300 108  20  2.4  -9 -9.0   -9  995.4 1005.2 -9  -9.0  21.7  10.8  50.0  12.9   -9.0   -9.0   -9.0   -9.0   -9.0   -9.0   -9.0 -9 -9 40                       9   4   10 ScCi       1   0   5  1070  0.9  2.55 -9  39.6  20.9  19.9  18.4  18.0  -9 -9.0 -9  3  2
202404301400 108  20  2.6  -9 -9.0   -9  994.9 1004.7 -9  -9.0  22.1  10.5  48.0  12.7   -9.0   -9.0   -9.0   -9.0   -9.0   -9.0   -9.0 -9 -9 -                        8   3   10 ScCi       1   0   5  1041  0.7  2.35 -9  37.6  21.5  20.4  18.7  18.0  -9 -9.0 -9  3  2
202404301500 108  20  3.2  -9 -9.0   -9  994.4 1004.2  7  -1.5  22.0  10.4  48.0  12.6   -9.0   -9.0   -9.0   -9.0   -9.0   -9.0   -9.0 -9 -9 -                        8   2   10 ScCi       1   0   5  1050  0.6  2.05 -9  35.8  22.0  20.8  19.0  18.1  -9 -9.0 -9  3  2
202404301600 108  20  2.6  -9 -9.0   -9  994.8 1004.6 -9  -9.0  21.3   9.2  46.0  11.6   -9.0   -9.0   -9.0   -9.0   -9.0   -9.0   -9.0 -9 -9 -                        9   0   -9 Ci         2   0   0  1271  0.1  1.49 -9  29.9  22.2  21.2  19.3  18.3  -9 -9.0 -9  3  2
202404301700 108  25  2.9  -9 -9.0   -9  995.1 1005.0 -9  -9.0  20.3  10.1  52.0  12.4   -9.0   -9.0   -9.0   -9.0   -9.0   -9.0   -9.0 -9 -9 -                       10   0   -9 Cs         7   0   0  1194  0.0  0.74 -9  25.3  22.0  21.3  19.5  18.4  -9 -9.0 -9  3  2
202404301800 108  27  2.2  -9 -9.0   -9  995.6 1005.4  2   1.2  19.6  10.8  57.0  12.9   -9.0   -9.0   -9.0   -9.0   -9.0   -9.0   -9.0 -9 -9 -                       10   0   -9 Cs         7   0   0  1009  0.0  0.36 -9  22.1  21.7  21.2  19.7  18.6  -9 -9.0 -9  3  2
202404301900 108  25  3.1  -9 -9.0   -9  996.2 1006.1 -9  -9.0  18.5   9.8  57.0  12.1   -9.0   -9.0   -9.0   -9.0   -9.0   -9.0   -9.0 -9 -9 -                        9   9   13 -         -9  -9  -9  1065  0.0  0.16 -9  19.0  21.3  21.0  19.8  18.7  -9 -9.0 -9  3 -9
202404302000 108  25  2.4  -9 -9.0   -9  997.0 1006.9 -9  -9.0  17.8  10.6  63.0  12.8   -9.0   -9.0   -9.0   -9.0   -9.0   -9.0   -9.0 -9 -9 40                      10  10   13 -         -9  -9  -9   994  0.0  0.01 -9  17.6  20.9  20.8  19.8  18.8  -9 -9.0 -9  3  2
202404302100 108  25  1.5  -9 -9.0   -9  997.8 1007.8  2   2.4  17.2  10.5  65.0  12.7   -9.0   -9.0   -9.0   -9.0   -9.0   -9.0   -9.0  5 22 40                       8   3   46 AcCi       1   3   0   998 -9.0 -9.00 -9  15.8  20.4  20.4  19.7  18.9  -9 -9.0 -9  3  1
202404302200 108  25  2.2  -9 -9.0   -9  998.2 1008.2 -9  -9.0  16.7  10.7  68.0  12.9   -9.0   -9.0   -9.0   -9.0   -9.0   -9.0   -9.0 -9 -9 40                       7   1   45 -         -9  -9  -9   952 -9.0 -9.00 -9  15.1  20.0  20.1  19.6  18.9  -9 -9.0 -9  3  2
202404302300 108  27  1.1  -9 -9.0   -9  998.5 1008.5 -9  -9.0  16.3  10.5  69.0  12.7   -9.0   -9.0   -9.0   -9.0   -9.0   -9.0   -9.0 -9 -9 40                       7   5   15 -         -9  -9  -9   939 -9.0 -9.00 -9  15.0  19.5  19.7  19.4  18.9  -9 -9.0 -9  3  2
#7777END
