#START7777
#2345678901234567890123456789012345678901234567890123456789012345678901234567890123456789012345678901234567890123456789012345678901234567890123456789012345678901234567890123456789012345678901234567890123456789012345678901234567890123456789012345678901234
# YYMMDDHHMI STN  WD   WS GST  GST  GST     PA     PS PT    PR    TA    TD    HM    PV     RN     RN     RN     RN     SD     SD     SD WC WP WW                      CA  CA   CH CT        CT  CT  CT    VS   SS    SI ST    TS    TE    TE    TE    TE  ST   WH BF IR IX
#        KST  ID  16  m/s  WD   WS   TM    hPa    hPa  -   hPa     C     C     %   hPa     mm    DAY    JUN    INT    HR3    DAY    TOT -- -- ---------------------- TOT MID  MIN -------- TOP MID LOW                  GD     C     5    10    20    30 SEA    m --  -  -
202502010000 108   5  1.5  -9 -9.0   -9 1014.2 1025.1  8  -0.3   0.6  -0.8  90.0   5.8    0.0    2.4    2.4   -9.0    0.0    2.8    2.8 10 72 19                       9   9   10 Sc         0   0   5   546 -9.0 -9.00 -9  -0.4  -0.2  -0.6  -0.2   0.3  -9 -9.0 -9  3  1
202502010100 108   5  1.2  -9 -9.0   -9 1013.7 1024.6 -9  -9.0   0.4  -1.0  90.0   5.7   -9.0   -9.0   -9.0   -9.0   -9.0   -9.0    2.8 -9 -9 19                      10   1   34 -         -9  -9  -9   571 -9.0 -9.00 -9  -0.5  -0.2  -0.6  -0.2   0.3  -9 -9.0 -9  3  2
202502010200 108   2  2.2  -9 -9.0   -9 1013.3 1024.2 -9  -9.0  -0.1  -1.3  91.0   5.6   -9.0   -9.0   -9.0   -9.0   -9.0   -9.0    2.8 -9 -9 19                       9   9   33 -         -9  -9  -9   405 -9.0 -9.00 -9  -0.6  -0.2  -0.6  -0.2   0.4  -9 -9.0 -9  3  2
202502010300 108   5  0.8  -9 -9.0   -9 1013.3 1024.2  6  -0.9  -0.5  -1.7  91.0   5.4   -9.0   -9.0   -9.0   -9.0   -9.0   -9.0    2.8 10 72 19                       8   0   -9 Ci         1   0   0   411 -9.0 -9.00 -9  -0.7  -0.2  -0.6  -0.2   0.4  -9 -9.0 -9  3  1
202502010400 108   5  1.1  -9 -9.0   -9 1013.1 1024.0 -9  -9.0  -1.0  -2.2  91.0   5.2   -9.0   -9.0   -9.0   -9.0   -9.0   -9.0    2.8 10 22 19                       8   4   33 AcCi       1   3   0   446 -9.0 -9.00 -9  -0.9  -0.2  -0.6  -0.2   0.4  -9 -9.0 -9  3  1
202502010500 108   2  1.4  -9 -9.0   -9 1012.9 1023.8 -9  -9.0  -1.4  -2.6  91.0   5.0   -9.0   -9.0   -9.0   -9.0   -9.0   -9.0    2.8 10 22 19                       8   3   33 AcCi       1   3   0   458 -9.0 -9.00 -9  -1.0  -0.2  -0.6  -0.2   0.4  -9 -9.0 -9  3  1
202502010600 108   5  1.4  -9 -9.0   -9 1012.6 1023.5  7  -0.7  -1.8  -3.2  90.0   4.8   -9.0   -9.0   -9.0   -9.0   -9.0   -9.0    2.8 10 22 19                       9   0   -9 Ci         2   0   0   629 -9.0 -9.00 -9  -1.1  -0.2  -0.6  -0.2   0.3  -9 -9.0 -9  3  1
202502010700 108   2  1.8  -9 -9.0   -9 1012.5 1023.5 -9  -9.0  -2.0  -3.5  89.0   4.7   -9.0   -9.0   -9.0   -9.0   -9.0   -9.0    2.7 10 22 19                       9   0   -9 Ci         2   0   0   678 -9.0 -9.00 -9  -1.1  -0.2  -0.7  -0.2   0.3  -9 -9.0 -9  3  1
202502010800 108   5  1.5  -9 -9.0   -9 1012.8 1023.8 -9  -9.0  -2.0  -3.7  88.0   4.6   -9.0   -9.0   -9.0   -9.0   -9.0   -9.0    2.7 10 22 19                       9   0   -9 Ci         2   0   0   643  0.0  0.00 -9  -1.2  -0.2  -0.7  -0.2   0.3  -9 -9.0 -9  3  1
202502010900 108   5  1.7  -9 -9.0   -9 1012.5 1023.4  8  -0.1  -1.6  -3.3  88.0   4.8   -9.0   -9.0   -9.0   -9.0   -9.0   -9.0    2.7 10 22 19                       9   0   -9 Ci         2   0   0   763  0.0  0.21 -9  -1.1  -0.3  -0.7  -0.2   0.3  -9 -9.0 -9  3  1
202502011000 108   5  2.2  -9 -9.0   -9 1011.9 1022.8 -9  -9.0  -0.4  -3.1  82.0   4.9   -9.0   -9.0   -9.0   -9.0   -9.0   -9.0    2.7 10 22 19                       9   0   -9 Ci         1   0   0   795  0.0  0.51 -9  -0.8  -0.3  -0.7  -0.2   0.3  -9 -9.0 -9  3  1
202502011100 108   7  2.7  -9 -9.0   -9 1011.6 1022.4 -9  -9.0   1.5  -2.1  77.0   5.2   -9.0   -9.0   -9.0   -9.0   -9.0   -9.0    2.5 10 22 19                       9   0   -9 Ci         1   0   0   989  0.8  1.15 -9  -0.5  -0.3  -0.7  -0.2   0.3  -9 -9.0 -9  3  1
202502011200 108   5  2.5  -9 -9.0   -9 1010.9 1021.6  7  -1.8   2.6  -1.5  74.0   5.5   -9.0   -9.0   -9.0   -9.0   -9.0   -9.0    2.2 -9 -9 19                       8   0   -9 Ci         1   0   0  1040  1.0  1.40 -9  -0.4  -0.2  -0.7  -0.2   0.3  -9 -9.0 -9  3  2
202502011300 108   5  1.4  -9 -9.0   -9 1009.9 1020.6 -9  -9.0   3.8  -1.3  69.0   5.6   -9.0   -9.0   -9.0   -9.0   -9.0   -9.0    1.6 -9 -9 -                        3   0   -9 Ci         1   0   0  1206  1.0  1.85 -9  -0.3  -0.2  -0.7  -0.2   0.3  -9 -9.0 -9  3  2
202502011400 108  34  1.4  -9 -9.0   -9 1008.8 1019.4 -9  -9.0   5.5  -0.7  64.0   5.8   -9.0   -9.0   -9.0   -9.0   -9.0   -9.0    0.2 -9 -9 -                        0   0   -9 -         -9  -9  -9  1319  1.0  2.12 -9  -0.3  -0.2  -0.5   0.2   0.8  -9 -9.0 -9  3  2
202502011500 108  18  0.9  -9 -9.0   -9 1008.5 1019.0  7  -2.6   7.2  -0.2  59.0   6.0   -9.0   -9.0   -9.0   -9.0   -9.0   -9.0   -9.0 -9 -9 -                        0   0   -9 -         -9  -9  -9  1098  1.0  1.79 -9  -0.3  -0.2  -0.5   0.2   0.7  -9 -9.0 -9  3  2
202502011600 108  25  1.1  -9 -9.0   -9 1008.8 1019.3 -9  -9.0   7.8  -0.6  55.0   5.8   -9.0   -9.0   -9.0   -9.0   -9.0   -9.0   -9.0 -9 -9 -                        0   0   -9 -         -9  -9  -9  1185  1.0  1.29 -9   0.2  -0.2  -0.5   0.2   0.8  -9 -9.0 -9  3  2
202502011700 108  27  2.4  -9 -9.0   -9 1008.8 1019.4 -9  -9.0   6.9  -2.2  52.0   5.2   -9.0   -9.0   -9.0   -9.0   -9.0   -9.0   -9.0 -9 -9 -                        0   0   -9 -         -9  -9  -9  1429  1.0  0.66 -9  -0.1  -0.2  -0.5   0.2   0.7  -9 -9.0 -9  3  2
202502011800 108  27  1.6  -9 -9.0   -9 1009.0 1019.6  2   0.6   5.0  -4.0  52.0   4.5   -9.0   -9.0   -9.0   -9.0   -9.0   -9.0   -9.0 -9 -9 -                        0   0   -9 -         -9  -9  -9  1726  0.5  0.17 -9  -0.2  -0.2  -0.6  -0.2   0.4  -9 -9.0 -9  3  2
202502011900 108  29  1.1  -9 -9.0   -9 1009.1 1019.8 -9  -9.0   3.7  -4.2  56.0   4.5   -9.0   -9.0   -9.0   -9.0   -9.0   -9.0   -9.0 -9 -9 -                        0   0   -9 -         -9  -9  -9  1701 -9.0 -9.00 -9  -0.2  -0.1  -0.6  -0.2   0.3  -9 -9.0 -9  3 -9
202502012000 108  27  1.9  -9 -9.0   -9 1009.2 1019.9 -9  -9.0   2.6  -3.7  63.0   4.6   -9.0   -9.0   -9.0   -9.0   -9.0   -9.0   -9.0 -9 -9 -                        0   0   -9 -         -9  -9  -9  1425 -9.0 -9.00 -9  -0.2  -0.2  -0.6  -0.2   0.3  -9 -9.0 -9  3 -9
202502012100 108  29  1.4  -9 -9.0   -9 1009.3 1020.1  2   0.5   1.7  -3.5  68.0   4.7   -9.0   -9.0   -9.0   -9.0   -9.0   -9.0   -9.0 -9 -9 -                        0   0   -9 -         -9  -9  -9  1333 -9.0 -9.00 -9  -0.4  -0.2  -0.6  -0.2   0.3  -9 -9.0 -9  3  2
202502012200 108  27  2.0  -9 -9.0   -9 1009.2 1020.0 -9  -9.0   0.9  -3.9  70.0   4.6   -9.0   -9.0   -9.0   -9.0   -9.0   -9.0   -9.0 -9 -9 -                        0   0   -9 -         -9  -9  -9  1285 -9.0 -9.00 -9  -0.6  -0.2  -0.6  -0.2   0.3  -9 -9.0 -9  3 -9
202502012300 108  20  0.6  -9 -9.0   -9 1009.1 1019.9 -9  -9.0   0.3  -4.5  70.0   4.4   -9.0   -9.0   -9.0   -9.0   -9.0   -9.0   -9.0 -9 -9 -                        0   0   -9 -         -9  -9  -9  1447 -9.0 -9.00 -9  -0.7  -0.2  -0.6  -0.2   0.3  -9 -9.0 -9  3 -9
202502020000 108   7  2.8  -9 -9.0   -9 1009.1 1019.9  6  -0.2   0.0  -4.4  72.0   4.4   -9.0   -9.0   -9.0   -9.0   -9.0   -9.0   -9.0 -9 -9 -                        0   0   -9 -         -9  -9  -9  1449 -9.0 -9.00 -9  -0.8  -0.2  -0.6  -0.2   0.3  -9 -9.0 -9  3  2
202502020100 108  23  0.7  -9 -9.0   -9 1009.6 1020.5 -9  -9.0  -0.4  -4.2  75.0   4.5   -9.0   -9.0   -9.0   -9.0   -9.0   -9.0   -9.0 -9 -9 -                        3   0   -9 -         -9  -9  -9  1237 -9.0 -9.00 -9  -1.0  -0.2  -0.6  -0.2   0.3  -9 -9.0 -9  3 -9
202502020200 108  29  0.7  -9 -9.0   -9 1009.7 1020.6 -9  -9.0  -1.1  -4.2  79.0   4.5   -9.0   -9.0   -9.0   -9.0   -9.0   -9.0   -9.0 -9 -9 -                        0   0   -9 -         -9  -9  -9  1028 -9.0 -9.00 -9  -1.2  -0.2  -0.6  -0.2   0.3  -9 -9.0 -9  3 -9
202502020300 108   2  0.9  -9 -9.0   -9 1009.8 1020.7  2   0.8  -1.3  -3.9  82.0   4.6   -9.0   -9.0   -9.0   -9.0   -9.0   -9.0   -9.0 -9 -9 -                        5   0   -9 Ci         1   0   0  1030 -9.0 -9.00 -9  -1.5  -0.2  -0.6  -0.2   0.3  -9 -9.0 -9  3  2
202502020400 108  36  1.1  -9 -9.0   -9 1009.8 1020.7 -9  -9.0  -1.4  -4.7  78.0   4.3   -9.0   -9.0   -9.0   -9.0   -9.0   -9.0   -9.0 -9 -9 -                        3   0   -9 Ci         1   0   0  1403 -9.0 -9.00 -9  -1.8  -0.2  -0.6  -0.2   0.4  -9 -9.0 -9  3  2
202502020500 108   5  1.6  -9 -9.0   -9 1009.5 1020.4 -9  -9.0  -1.8  -4.6  81.0   4.3   -9.0   -9.0   -9.0   -9.0   -9.0   -9.0   -9.0 -9 -9 -                        0   0   -9 -         -9  -9  -9  1398 -9.0 -9.00 -9  -2.0  -0.2  -0.6  -0.2   0.3  -9 -9.0 -9  3  2
202502020600 108   2  2.2  -9 -9.0   -9 1009.0 1019.9  7  -0.8  -2.2  -5.0  81.0   4.2   -9.0   -9.0   -9.0   -9.0   -9.0   -9.0   -9.0 -9 -9 -                        0   0   -9 -         -9  -9  -9  1407 -9.0 -9.00 -9  -2.3  -0.2  -0.6  -0.2   0.3  -9 -9.0 -9  3  2
202502020700 108   0  0.3  -9 -9.0   -9 1009.0 1019.9 -9  -9.0  -2.0  -4.5  83.0   4.4   -9.0   -9.0   -9.0   -9.0   -9.0   -9.0   -9.0 -9 -9 -                        5   0   -9 Ci         1   0   0  1322 -9.0 -9.00 -9  -2.5  -0.2  -0.6  -0.2   0.3  -9 -9.0 -9  3  2
202502020800 108   2  1.8  -9 -9.0   -9 1009.0 1019.9 -9  -9.0  -2.4  -4.7  84.0   4.3   -9.0   -9.0   -9.0   -9.0   -9.0   -9.0   -9.0 -9 -9 -                        1   0   -9 Ci         1   0   0  1256  0.1  0.02 -9  -2.6  -0.2  -0.6  -0.2   0.3  -9 -9.0 -9  3  2
202502020900 108   7  1.6  -9 -9.0   -9 1008.5 1019.4  7  -0.5  -1.5  -3.8  84.0   4.6   -9.0   -9.0   -9.0   -9.0   -9.0   -9.0   -9.0 -9 -9 -                        0   0   -9 -         -9  -9  -9  1768  0.9  0.34 -9  -1.7  -0.2  -0.6  -0.2   0.3  -9 -9.0 -9  3  2
202502021000 108  27  0.5  -9 -9.0   -9 1009.0 1019.8 -9  -9.0   1.1  -3.0  74.0   4.9   -9.0   -9.0   -9.0   -9.0   -9.0   -9.0   -9.0 -9 -9 -                        0   0   -9 -         -9  -9  -9  1812  1.0  1.08 -9  -0.5  -0.2  -0.7  -0.2   0.3  -9 -9.0 -9  3  2
202502021100 108  20  1.9  -9 -9.0   -9 1009.1 1019.8 -9  -9.0   4.2  -1.5  66.0   5.5   -9.0   -9.0   -9.0   -9.0   -9.0   -9.0   -9.0 -9 -9 -                        1   0   -9 Ci         1   0   0  1611  1.0  1.66 -9   0.0  -0.3  -0.6  -0.2   0.3  -9 -9.0 -9  3  2
202502021200 108  29  2.2  -9 -9.0   -9 1008.1 1018.7  8  -0.7   4.9  -2.6  58.0   5.0   -9.0   -9.0   -9.0   -9.0   -9.0   -9.0   -9.0 -9 -9 -                        5   0   -9 Ci         1   0   0  1481  1.0  1.94 -9   1.5  -0.3  -0.6  -0.2   0.3  -9 -9.0 -9  3  2
202502021300 108  29  3.1  -9 -9.0   -9 1006.9 1017.5 -9  -9.0   5.2  -3.3  54.0   4.8   -9.0   -9.0   -9.0   -9.0   -9.0   -9.0   -9.0 -9 -9 -                        4   0   -9 Ci         1   0   0  1855  1.0  2.06 -9   3.3  -0.3  -0.6  -0.2   0.3  -9 -9.0 -9  3  2
202502021400 108  25  3.0  -9 -9.0   -9 1006.8 1017.3 -9  -9.0   6.4  -3.2  50.0   4.8   -9.0   -9.0   -9.0   -9.0   -9.0   -9.0   -9.0 -9 -9 -                        8   0   -9 Ci         1   0   0  2110  1.0  1.86 -9   4.0  -0.3  -0.6  -0.2   0.3  -9 -9.0 -9  3  2
202502021500 108  27  2.8  -9 -9.0   -9 1005.9 1016.4  7  -2.3   6.6  -5.4  42.0   4.1   -9.0   -9.0   -9.0   -9.0   -9.0   -9.0   -9.0 -9 -9 -                        8   0   -9 Ci         1   0   0  2499  1.0  1.50 -9   4.4  -0.3  -0.6  -0.2   0.3  -9 -9.0 -9  3  2
202502021600 108  27  2.9  -9 -9.0   -9 1006.4 1017.0 -9  -9.0   6.2  -4.2  47.0   4.5   -9.0   -9.0   -9.0   -9.0   -9.0   -9.0   -9.0 -9 -9 -                        8   2   27 AcCi       1   3   0  2224  0.7  1.00 -9   2.4  -0.2  -0.6  -0.2   0.3  -9 -9.0 -9  3  2
202502021700 108  27  2.6  -9 -9.0   -9 1006.1 1016.7 -9  -9.0   5.2  -3.6  53.0   4.7   -9.0   -9.0   -9.0   -9.0   -9.0   -9.0   -9.0 -9 -9 -                        9   2   28 AcCi       1   3   0  2081  0.1  0.47 -9   0.9  -0.2  -0.6  -0.2   0.4  -9 -9.0 -9  3  2
202502021800 108  25  4.3  -9 -9.0   -9 1006.4 1017.1  2   0.7   3.7  -5.2  52.0   4.2   -9.0   -9.0   -9.0   -9.0   -9.0   -9.0   -9.0 -9 -9 -                        3   0   -9 Ci         1   0   0  2389  0.0  0.11 -9  -0.2  -0.1  -0.6  -0.2   0.3  -9 -9.0 -9  3  2
202502021900 108  25  2.9  -9 -9.0   -9 1006.9 1017.6 -9  -9.0   2.2  -5.9  55.0   3.9   -9.0   -9.0   -9.0   -9.0   -9.0   -9.0   -9.0 -9 -9 -                        7   7   21 -         -9  -9  -9  2413 -9.0 -9.00 -9  -0.2  -0.2  -0.6  -0.2   0.3  -9 -9.0 -9  3 -9
202502022000 108  25  2.7  -9 -9.0   -9 1006.5 1017.2 -9  -9.0   1.7  -5.2  60.0   4.2   -9.0   -9.0   -9.0   -9.0   -9.0   -9.0   -9.0 -9 -9 -                        7   7   20 -         -9  -9  -9  2207 -9.0 -9.00 -9  -0.2  -0.2  -0.6  -0.2   0.3  -9 -9.0 -9  3 -9
202502022100 108  25  1.9  -9 -9.0   -9 1006.4 1017.1  4   0.0   1.5  -3.7  68.0   4.6   -9.0   -9.0   -9.0   -9.0   -9.0   -9.0   -9.0 -9 -9 -                        7   7   18 Sc         0   0   5  1428 -9.0 -9.00 -9  -0.3  -0.2  -0.6  -0.2   0.3  -9 -9.0 -9  3  2
202502022200 108  25  2.7  -9 -9.0   -9 1006.3 1017.0 -9  -9.0   1.7  -2.2  75.0   5.2   -9.0    0.0    0.0   -9.0   -9.0   -9.0   -9.0 22 72 1905                     7   7   14 Sc         0   0   5   808 -9.0 -9.00 -9  -0.3  -0.2  -0.6  -0.2   0.3  -9 -9.0 -9  4  1
202502022300 108  27  3.0  -9 -9.0   -9 1006.4 1017.2 -9  -9.0   1.3  -2.2  77.0   5.2   -9.0    0.0    0.0   -9.0   -9.0   -9.0   -9.0 -9 -9 19                       7   6   16 -         -9  -9  -9   620 -9.0 -9.00 -9  -0.4  -0.1  -0.6  -0.2   0.3  -9 -9.0 -9  3  2
202502030000 108  25  3.3  -9 -9.0   -9 1006.7 1017.5  3   0.4   0.6  -4.2  70.0   4.5    0.0    0.0    0.0   -9.0   -9.0   -9.0   -9.0 10 70 19                       0   0   -9 -         -9  -9  -9   960 -9.0 -9.00 -9  -0.5  -0.2  -0.6  -0.2   0.3  -9 -9.0 -9  3  1
202502030100 108  27  3.6  -9 -9.0   -9 1007.2 1018.0 -9  -9.0   0.4  -4.0  72.0   4.5   -9.0   -9.0   -9.0   -9.0   -9.0   -9.0   -9.0 -9 -9 19                       8   8   13 -         -9  -9  -9   851 -9.0 -9.00 -9  -0.4  -0.2  -0.6  -0.2   0.3  -9 -9.0 -9  3  2
202502030200 108  27  4.0  29 10.0  143 1007.5 1018.3 -9  -9.0   0.0  -6.8  60.0   3.7   -9.0   -9.0   -9.0   -9.0   -9.0   -9.0   -9.0 -9 -9 19                       9   8    9 -         -9  -9  -9  1392 -9.0 -9.00 -9  -0.6  -0.2  -0.6  -0.2   0.3  -9 -9.0 -9  3  2
202502030300 108  27  3.8  29 10.0  143 1007.7 1018.5  2   1.0  -0.7  -8.1  57.0   3.3   -9.0   -9.0   -9.0   -9.0   -9.0   -9.0   -9.0 -9 70 -                        0   0   -9 -         -9  -9  -9  1537 -9.0 -9.00 -9  -0.9  -0.2  -0.6  -0.2   0.3  -9 -9.0 -9  3  1
202502030400 108  27  1.9  -9 -9.0   -9 1007.0 1017.9 -9  -9.0  -1.6  -8.1  61.0   3.3   -9.0   -9.0   -9.0   -9.0   -9.0   -9.0   -9.0 -9 -9 -                        0   0   -9 -         -9  -9  -9  1309 -9.0 -9.00 -9  -1.1  -0.2  -0.6  -0.2   0.3  -9 -9.0 -9  3  2
202502030500 108  25  3.9  -9 -9.0   -9 1007.4 1018.3 -9  -9.0  -2.0  -7.5  66.0   3.5   -9.0   -9.0   -9.0   -9.0   -9.0   -9.0   -9.0 -9 -9 -                        0   0   -9 -         -9  -9  -9  1170 -9.0 -9.00 -9  -1.4  -0.2  -0.4   0.2   0.7  -9 -9.0 -9  3  2
202502030600 108  27  4.3  -9 -9.0   -9 1007.4 1018.3  5  -0.2  -3.0  -9.9  59.0   2.9   -9.0   -9.0   -9.0   -9.0   -9.0   -9.0   -9.0 -9 -9 -                        0   0   -9 -         -9  -9  -9  1761 -9.0 -9.00 -9  -1.9  -0.2  -0.5   0.1   0.6  -9 -9.0 -9  3  2
202502030700 108  27  3.8  -9 -9.0   -9 1007.4 1018.4 -9  -9.0  -4.1 -10.7  60.0   2.7   -9.0   -9.0   -9.0   -9.0   -9.0   -9.0   -9.0 -9 -9 -                        0   0   -9 -         -9  -9  -9  2168 -9.0 -9.00 -9  -2.5  -0.2  -0.5   0.1   0.6  -9 -9.0 -9  3  2
202502030800 108  27  3.1  -9 -9.0   -9 1008.5 1019.5 -9  -9.0  -4.7 -12.1  56.0   2.4   -9.0   -9.0   -9.0   -9.0   -9.0   -9.0   -9.0 -9 -9 -                        0   0   -9 -         -9  -9  -9  2734  0.1  0.03 -9  -3.1  -0.2  -0.4   0.2   0.7  -9 -9.0 -9  3  2
202502030900 108  29  5.5  -9 -9.0   -9 1009.5 1020.5  2   2.2  -4.7 -12.8  53.0   2.3   -9.0   -9.0   -9.0   -9.0   -9.0   -9.0   -9.0 -9 -9 -                        0   0   -9 -         -9  -9  -9  3072  1.0  0.44 -9  -2.7  -0.2  -0.5   0.1   0.6  -9 -9.0 -9  3  2
202502031000 108  27  5.7  29 11.0  927 1009.7 1020.7 -9  -9.0  -4.3 -13.9  47.0   2.1   -9.0   -9.0   -9.0   -9.0   -9.0   -9.0   -9.0 -9 -9 -                        0   0   -9 -         -9  -9  -9  3386  1.0  1.18 -9  -0.5  -0.2  -0.6  -0.2   0.3  -9 -9.0 -9  3  2
202502031100 108  29  4.7  29 11.0 1044 1009.8 1020.8 -9  -9.0  -3.9 -14.6  43.0   2.0   -9.0   -9.0   -9.0   -9.0   -9.0   -9.0   -9.0 -9 -9 -                        0   0   -9 -         -9  -9  -9  3399  1.0  1.78 -9  -0.1  -0.2  -0.6  -0.2   0.4  -9 -9.0 -9  3  2
202502031200 108  27  5.5  29 11.0 1044 1009.5 1020.5  4   0.0  -3.0 -15.0  39.0   1.9   -9.0   -9.0   -9.0   -9.0   -9.0   -9.0   -9.0 -9 -9 -                        0   0   -9 -         -9  -9  -9  3813  1.0  2.21 -9   1.6  -0.3  -0.6  -0.1   0.3  -9 -9.0 -9  3  2
202502031300 108  29  4.5  27 13.0 1222 1008.9 1019.9 -9  -9.0  -3.0 -16.3  35.0   1.7   -9.0   -9.0   -9.0   -9.0   -9.0   -9.0   -9.0 -9 -9 -                        0   0   -9 -         -9  -9  -9  4258  1.0  2.43 -9   3.3  -0.3  -0.7  -0.2   0.4  -9 -9.0 -9  3  2
202502031400 108  27  5.2  29 10.0 1338 1008.1 1019.0 -9  -9.0  -2.2 -15.9  34.0   1.8   -9.0   -9.0   -9.0   -9.0   -9.0   -9.0   -9.0 -9 -9 -                        0   0   -9 -         -9  -9  -9  4212  1.0  2.39 -9   4.9  -0.3  -0.6  -0.2   0.4  -9 -9.0 -9  3  2
202502031500 108  27  5.0  27 13.0 1222 1007.6 1018.5  7  -2.0  -1.8 -16.7  31.0   1.7   -9.0   -9.0   -9.0   -9.0   -9.0   -9.0   -9.0 -9 -9 -                        0   0   -9 -         -9  -9  -9  4608  1.0  2.10 -9   4.3  -0.3  -0.6  -0.2   0.3  -9 -9.0 -9  3  2
202502031600 108  27  4.5  29 14.0 1543 1008.0 1018.9 -9  -9.0  -2.5 -17.3  31.0   1.6   -9.0   -9.0   -9.0   -9.0   -9.0   -9.0   -9.0 -9 -9 -                        0   0   -9 -         -9  -9  -9  4312  1.0  1.51 -9   0.4  -0.2  -0.6  -0.2   0.4  -9 -9.0 -9  3  2
202502031700 108  27  4.9  25 14.0 1649 1008.2 1019.1 -9  -9.0  -2.9 -15.2  38.0   1.9   -9.0   -9.0   -9.0   -9.0   -9.0   -9.0   -9.0 -9 -9 -                        0   0   -9 -         -9  -9  -9  3825  1.0  0.81 -9  -0.3  -0.2  -0.6  -0.2   0.3  -9 -9.0 -9  3  2
202502031800 108  29  4.2  25 14.0 1649 1008.9 1019.9  2   1.4  -4.4 -15.1  43.0   1.9   -9.0   -9.0   -9.0   -9.0   -9.0   -9.0   -9.0 -9 -9 -                        0   0   -9 -         -9  -9  -9  3910  0.5  0.20 -9  -1.2  -1.0  -0.6   0.0   0.4  -9 -9.0 -9  3  2
202502031900 108  27  3.7  -9 -9.0   -9 1009.3 1020.4 -9  -9.0  -5.3 -14.6  48.0   2.0   -9.0   -9.0   -9.0   -9.0   -9.0   -9.0   -9.0 -9 -9 -                        0   0   -9 -         -9  -9  -9  3784 -9.0 -9.00 -9  -1.6  -0.5  -0.6   0.2   0.7  -9 -9.0 -9  3 -9
202502032000 108  29  5.1  -9 -9.0   -9 1010.0 1021.1 -9  -9.0  -6.2 -14.9  50.0   1.9   -9.0   -9.0   -9.0   -9.0   -9.0   -9.0   -9.0 -9 -9 -                        0   0   -9 -         -9  -9  -9  3533 -9.0 -9.00 -9  -2.4  -0.8  -0.6   0.2   0.7  -9 -9.0 -9  3 -9
202502032100 108  29  4.6  25 14.0 1649 1010.7 1021.8  2   1.9  -7.1 -14.6  55.0   2.0   -9.0   -9.0   -9.0   -9.0   -9.0   -9.0   -9.0 -9 -9 -                        0   0   -9 -         -9  -9  -9  3105 -9.0 -9.00 -9  -3.6  -0.9  -0.7   0.2   0.7  -9 -9.0 -9  3  2
202502032200 108  27  4.7  -9 -9.0   -9 1010.8 1022.0 -9  -9.0  -7.8 -15.7  53.0   1.8   -9.0   -9.0   -9.0   -9.0   -9.0   -9.0   -9.0 -9 -9 -                        0   0   -9 -         -9  -9  -9  3917 -9.0 -9.00 -9  -4.7  -0.8  -0.8   0.2   0.8  -9 -9.0 -9  3 -9
202502032300 108  27  3.0  -9 -9.0   -9 1010.6 1021.8 -9  -9.0  -8.1 -15.5  55.0   1.8   -9.0   -9.0   -9.0   -9.0   -9.0   -9.0   -9.0 -9 -9 -                        0   0   -9 -         -9  -9  -9  3607 -9.0 -9.00 -9  -5.3  -0.9  -0.9   0.2   0.8  -9 -9.0 -9  3 -9
202502040000 108  27  4.2  -9 -9.0   -9 1010.6 1021.8  4   0.0  -8.2 -16.1  53.0   1.7   -9.0   -9.0   -9.0   -9.0   -9.0   -9.0   -9.0 -9 -9 -                        0   0   -9 -         -9  -9  -9  4191 -9.0 -9.00 -9  -5.7  -1.0  -1.0   0.2   0.8  -9 -9.0 -9  3  2
202502040100 108  29  3.0  -9 -9.0   -9 1010.2 1021.4 -9  -9.0  -8.5 -16.8  51.0   1.6   -9.0   -9.0   -9.0   -9.0   -9.0   -9.0   -9.0 -9 -9 -                        0   0   -9 -         -9  -9  -9  3783 -9.0 -9.00 -9  -6.1  -1.1  -1.1   0.2   0.8  -9 -9.0 -9  3 -9
202502040200 108  29  3.8  -9 -9.0   -9 1010.4 1021.6 -9  -9.0  -8.9 -17.6  49.0   1.5   -9.0   -9.0   -9.0   -9.0   -9.0   -9.0   -9.0 -9 -9 -                        0   0   -9 -         -9  -9  -9  3433 -9.0 -9.00 -9  -6.5  -1.2  -1.2   0.2   0.7  -9 -9.0 -9  3 -9
202502040300 108  27  3.5  -9 -9.0   -9 1010.1 1021.3  7  -0.5  -9.5 -17.5  52.0   1.6   -9.0   -9.0   -9.0   -9.0   -9.0   -9.0   -9.0 -9 -9 -                        0   0   -9 -         -9  -9  -9  3380 -9.0 -9.00 -9  -6.6  -1.1  -1.3   0.2   0.7  -9 -9.0 -9  3  2
202502040400 108  27  3.6  -9 -9.0   -9 1009.5 1020.8 -9  -9.0  -9.9 -17.6  53.0   1.5   -9.0   -9.0   -9.0   -9.0   -9.0   -9.0   -9.0 -9 -9 -                        0   0   -9 -         -9  -9  -9  3572 -9.0 -9.00 -9  -6.8  -1.1  -1.5   0.0   0.6  -9 -9.0 -9  3  2
202502040500 108  25  3.6  -9 -9.0   -9 1009.2 1020.5 -9  -9.0 -10.5 -17.8  55.0   1.5   -9.0   -9.0   -9.0   -9.0   -9.0   -9.0   -9.0 -9 -9 -                        0   0   -9 -         -9  -9  -9  3428 -9.0 -9.00 -9  -7.0  -1.2  -1.6   0.0   0.5  -9 -9.0 -9  3  2
202502040600 108  27  3.5  -9 -9.0   -9 1009.0 1020.3  7  -1.0 -10.7 -18.2  54.0   1.5   -9.0   -9.0   -9.0   -9.0   -9.0   -9.0   -9.0 -9 -9 -                        0   0   -9 -         -9  -9  -9  3679 -9.0 -9.00 -9  -7.2  -1.3  -1.6   0.2   0.7  -9 -9.0 -9  3  2
202502040700 108  27  3.1  -9 -9.0   -9 1009.1 1020.4 -9  -9.0 -11.2 -18.4  55.0   1.4   -9.0   -9.0   -9.0   -9.0   -9.0   -9.0   -9.0 -9 -9 -                        0   0   -9 -         -9  -9  -9  3045 -9.0 -9.00 -9  -7.4  -1.4  -1.7   0.2   0.7  -9 -9.0 -9  3  2
202502040800 108  29  2.7  -9 -9.0   -9 1009.5 1020.8 -9  -9.0 -11.4 -18.4  56.0   1.4   -9.0   -9.0   -9.0   -9.0   -9.0   -9.0   -9.0 -9 -9 -                        0   0   -9 -         -9  -9  -9  3061  0.1  0.02 -9  -7.3  -1.5  -1.8   0.1   0.7  -9 -9.0 -9  3  2
202502040900 108  29  2.8  -9 -9.0   -9 1009.7 1021.0  2   0.7 -11.0 -19.4  50.0   1.3   -9.0   -9.0   -9.0   -9.0   -9.0   -9.0   -9.0 -9 -9 -                        0   0   -9 -         -9  -9  -9  3067  1.0  0.48 -9  -6.1  -1.5  -1.9   0.1   0.7  -9 -9.0 -9  3  2
202502041000 108  29  4.5  -9 -9.0   -9 1009.4 1020.7 -9  -9.0 -10.1 -19.2  47.0   1.3   -9.0   -9.0   -9.0   -9.0   -9.0   -9.0   -9.0 -9 -9 -                        0   0   -9 -         -9  -9  -9  3420  1.0  1.23 -9  -1.9  -1.4  -1.8   0.1   0.6  -9 -9.0 -9  3  2
202502041100 108  29  4.3  -9 -9.0   -9 1009.3 1020.5 -9  -9.0  -9.3 -19.3  44.0   1.3   -9.0   -9.0   -9.0   -9.0   -9.0   -9.0   -9.0 -9 -9 -                        0   0   -9 -         -9  -9  -9  3697  1.0  1.84 -9  -0.5  -1.2  -1.7   0.0   0.6  -9 -9.0 -9  3  2
202502041200 108  27  4.1  -9 -9.0   -9 1008.7 1019.9  7  -1.1  -7.9 -18.0  44.0   1.5   -9.0   -9.0   -9.0   -9.0   -9.0   -9.0   -9.0 -9 -9 -                        0   0   -9 -         -9  -9  -9  3548  1.0  2.27 -9   0.8  -1.1  -1.5   0.0   0.6  -9 -9.0 -9  3  2
202502041300 108  27  4.2  -9 -9.0   -9 1008.2 1019.3 -9  -9.0  -6.7 -17.7  41.0   1.5   -9.0   -9.0   -9.0   -9.0   -9.0   -9.0   -9.0 -9 -9 -                        0   0   -9 -         -9  -9  -9  3885  1.0  2.47 -9   2.6  -0.9  -1.4  -0.3   0.3  -9 -9.0 -9  3  2
202502041400 108  29  5.4  29 11.0 1347 1007.3 1018.4 -9  -9.0  -6.7 -18.3  39.0   1.5   -9.0   -9.0   -9.0   -9.0   -9.0   -9.0   -9.0 -9 -9 -                        0   0   -9 -         -9  -9  -9  4296  1.0  2.43 -9   3.2  -0.8  -1.2  -0.2   0.3  -9 -9.0 -9  3  2
202502041500 108  27  5.3  29 11.0 1347 1006.9 1018.0  7  -1.9  -5.9 -17.3  40.0   1.6   -9.0   -9.0   -9.0   -9.0   -9.0   -9.0   -9.0 -9 -9 -                        0   0   -9 -         -9  -9  -9  3772  1.0  2.14 -9   3.1  -0.7  -1.1  -0.2   0.3  -9 -9.0 -9  3  2
202502041600 108  27  4.8  29 10.0 1539 1006.8 1017.8 -9  -9.0  -5.8 -16.9  41.0   1.6   -9.0   -9.0   -9.0   -9.0   -9.0   -9.0   -9.0 -9 -9 -                        0   0   -9 -         -9  -9  -9  3917  1.0  1.61 -9   0.5  -0.6  -1.0  -0.2   0.4  -9 -9.0 -9  3  2
202502041700 108  27  4.3  -9 -9.0   -9 1006.7 1017.8 -9  -9.0  -6.3 -16.8  43.0   1.6   -9.0   -9.0   -9.0   -9.0   -9.0   -9.0   -9.0 -9 -9 -                        0   0   -9 -         -9  -9  -9  4044  1.0  0.90 -9  -0.5  -0.7  -1.1  -0.2   0.4  -9 -9.0 -9  3  2
202502041800 108  29  3.3  29 10.0 1539 1006.7 1017.8  6  -0.2  -7.4 -16.3  49.0   1.7   -9.0   -9.0   -9.0   -9.0   -9.0   -9.0   -9.0 -9 -9 -                        0   0   -9 -         -9  -9  -9  3896  0.6  0.24 -9  -1.5  -0.8  -1.2  -0.2   0.4  -9 -9.0 -9  3  2
202502041900 108  27  3.4  -9 -9.0   -9 1007.0 1018.2 -9  -9.0  -8.2 -16.8  50.0   1.6   -9.0   -9.0   -9.0   -9.0   -9.0   -9.0   -9.0 -9 -9 -                        0   0   -9 -         -9  -9  -9  3807 -9.0 -9.00 -9  -3.1  -1.0  -1.3   0.0   0.6  -9 -9.0 -9  3 -9
202502042000 108  27  3.2  -9 -9.0   -9 1007.5 1018.7 -9  -9.0  -8.8 -17.1  51.0   1.6   -9.0   -9.0   -9.0   -9.0   -9.0   -9.0   -9.0 -9 -9 -                        0   0   -9 -         -9  -9  -9  3865 -9.0 -9.00 -9  -5.2  -1.2  -1.5   0.0   0.6  -9 -9.0 -9  3 -9
202502042100 108  27  3.8  29 10.0 1539 1007.9 1019.1  2   1.3  -9.2 -16.5  55.0   1.7   -9.0   -9.0   -9.0   -9.0   -9.0   -9.0   -9.0 -9 -9 -                        0   0   -9 -         -9  -9  -9  3259 -9.0 -9.00 -9  -6.2  -1.4  -1.7   0.0   0.6  -9 -9.0 -9  3  2
202502042200 108  29  3.2  -9 -9.0   -9 1008.3 1019.5 -9  -9.0  -9.8 -16.3  59.0   1.7   -9.0   -9.0   -9.0   -9.0   -9.0   -9.0   -9.0 -9 -9 -                        0   0   -9 -         -9  -9  -9  3475 -9.0 -9.00 -9  -6.7  -1.4  -1.8   0.1   0.7  -9 -9.0 -9  3 -9
202502042300 108  27  3.0  -9 -9.0   -9 1008.5 1019.8 -9  -9.0 -10.4 -16.6  60.0   1.7   -9.0   -9.0   -9.0   -9.0   -9.0   -9.0   -9.0 -9 -9 -                        0   0   -9 -         -9  -9  -9  3412 -9.0 -9.00 -9  -7.1  -1.6  -1.9   0.1   0.7  -9 -9.0 -9  3 -9
202502050000 108  27  3.9  -9 -9.0   -9 1008.2 1019.5  0   0.4 -10.5 -16.3  62.0   1.7   -9.0   -9.0   -9.0   -9.0   -9.0   -9.0   -9.0 -9 -9 -                        0   0   -9 -         -9  -9  -9  3586 -9.0 -9.00 -9  -7.4  -1.8  -2.0   0.1   0.7  -9 -9.0 -9  3  2
202502050100 108  29  3.1  -9 -9.0   -9 1008.1 1019.4 -9  -9.0 -10.6 -16.4  62.0   1.7   -9.0   -9.0   -9.0   -9.0   -9.0   -9.0   -9.0 -9 -9 -                        0   0   -9 -         -9  -9  -9  3745 -9.0 -9.00 -9  -7.6  -2.0  -2.2   0.1   0.7  -9 -9.0 -9  3 -9
202502050200 108  29  2.6  -9 -9.0   -9 1008.0 1019.3 -9  -9.0 -10.9 -16.9  61.0   1.6   -9.0   -9.0   -9.0   -9.0   -9.0   -9.0   -9.0 -9 -9 -                        0   0   -9 -         -9  -9  -9  3865 -9.0 -9.00 -9  -7.7  -2.0  -2.3   0.0   0.7  -9 -9.0 -9  3 -9
202502050300 108  25  2.2  -9 -9.0   -9 1007.6 1018.9  7  -0.6 -11.3 -17.1  62.0   1.6   -9.0   -9.0   -9.0   -9.0   -9.0   -9.0   -9.0 -9 -9 -                        0   0   -9 -         -9  -9  -9  3653 -9.0 -9.00 -9  -7.8  -2.5  -2.4   0.0   0.6  -9 -9.0 -9  3  2
202502050400 108  27  2.5  -9 -9.0   -9 1007.1 1018.4 -9  -9.0 -11.4 -17.2  62.0   1.6   -9.0   -9.0   -9.0   -9.0   -9.0   -9.0   -9.0 -9 -9 -                        0   0   -9 -         -9  -9  -9  3355 -9.0 -9.00 -9  -7.9  -2.4  -2.5   0.0   0.6  -9 -9.0 -9  3  2
202502050500 108  25  2.4  -9 -9.0   -9 1007.0 1018.3 -9  -9.0 -11.6 -16.8  65.0   1.6   -9.0   -9.0   -9.0   -9.0   -9.0   -9.0   -9.0 -9 -9 -                        0   0   -9 -         -9  -9  -9  3547 -9.0 -9.00 -9  -7.8  -2.4  -2.6   0.0   0.6  -9 -9.0 -9  3  2
202502050600 108  27  2.1  -9 -9.0   -9 1006.6 1017.9  7  -1.0 -11.4 -16.6  65.0   1.7   -9.0   -9.0   -9.0   -9.0   -9.0   -9.0   -9.0 -9 -9 -                        0   0   -9 -         -9  -9  -9  3611 -9.0 -9.00 -9  -7.9  -2.5  -2.7  -0.1   0.6  -9 -9.0 -9  3  2
202502050700 108  27  2.7  -9 -9.0   -9 1006.6 1017.9 -9  -9.0 -11.3 -17.5  60.0   1.6   -9.0   -9.0   -9.0   -9.0   -9.0   -9.0   -9.0 -9 -9 -                        0   0   -9 -         -9  -9  -9  4140 -9.0 -9.00 -9  -8.1  -2.6  -2.8  -0.1   0.6  -9 -9.0 -9  3  2
202502050800 108  29  1.9  -9 -9.0   -9 1007.4 1018.7 -9  -9.0 -11.2 -17.8  58.0   1.5   -9.0   -9.0   -9.0   -9.0   -9.0   -9.0   -9.0 -9 -9 -                        0   0   -9 -         -9  -9  -9  3800  0.1  0.02 -9  -7.9  -2.7  -2.9  -0.1   0.5  -9 -9.0 -9  3  2
202502050900 108  27  3.5  -9 -9.0   -9 1008.4 1019.7  2   1.8 -10.5 -17.8  55.0   1.5   -9.0   -9.0   -9.0   -9.0   -9.0   -9.0   -9.0 -9 -9 -                        9   0   -9 Ci         2   0   0  4020  0.5  0.34 -9  -5.8  -2.7  -2.9  -0.2   0.5  -9 -9.0 -9  3  2
202502051000 108  32  2.5  -9 -9.0   -9 1008.1 1019.3 -9  -9.0  -9.5 -18.2  49.0   1.5   -9.0   -9.0   -9.0   -9.0   -9.0   -9.0   -9.0 -9 -9 -                        9   0   -9 Ci         2   0   0  3624  0.1  0.59 -9  -3.3  -2.7  -2.7  -0.3   0.4  -9 -9.0 -9  3  2
202502051100 108  27  3.3  -9 -9.0   -9 1007.9 1019.1 -9  -9.0  -8.6 -19.2  42.0   1.3   -9.0   -9.0   -9.0   -9.0   -9.0   -9.0   -9.0 -9 -9 -                        9   2   15 ScCi       2   0   5  4006  0.4  0.91 -9  -2.2  -2.3  -2.4  -0.3   0.4  -9 -9.0 -9  3  2
202502051200 108  27  3.0  -9 -9.0   -9 1007.4 1018.5  7  -1.2  -7.5 -19.1  39.0   1.4   -9.0   -9.0   -9.0   -9.0   -9.0   -9.0   -9.0 -9 -9 -                        7   1   14 ScCi       2   0   5  4218  0.2  0.82 -9  -1.0  -2.0  -2.1  -0.3   0.4  -9 -9.0 -9  3  2
202502051300 108  29  6.6  29 12.0 1258 1006.6 1017.6 -9  -9.0  -5.6 -19.0  34.0   1.4   -9.0   -9.0   -9.0   -9.0   -9.0   -9.0   -9.0 -9 -9 -                        0   0   -9 -         -9  -9  -9  4123  0.9  2.11 -9   0.9  -1.9  -2.0  -0.8  -0.1  -9 -9.0 -9  3  2
202502051400 108  27  3.8  29 11.0 1325 1005.8 1016.8 -9  -9.0  -4.1 -17.6  34.0   1.5   -9.0   -9.0   -9.0   -9.0   -9.0   -9.0   -9.0 -9 -9 -                        0   0   -9 -         -9  -9  -9  4031  1.0  2.41 -9   3.7  -1.7  -1.6  -0.5   0.2  -9 -9.0 -9  3  2
202502051500 108  29  3.9  29 12.0 1258 1005.7 1016.7  7  -1.8  -3.9 -17.1  35.0   1.6   -9.0   -9.0   -9.0   -9.0   -9.0   -9.0   -9.0 -9 -9 -                        0   0   -9 -         -9  -9  -9  4517  1.0  2.12 -9   4.0  -1.5  -1.5  -0.5   0.1  -9 -9.0 -9  3  2
202502051600 108  29  5.0  27 11.0 1536 1006.1 1017.1 -9  -9.0  -4.3 -16.8  37.0   1.6   -9.0   -9.0   -9.0   -9.0   -9.0   -9.0   -9.0 -9 -9 -                        0   0   -9 -         -9  -9  -9  3759  1.0  1.61 -9   0.7  -1.3  -1.3  -0.5   0.2  -9 -9.0 -9  3  2
202502051700 108  27  5.7  32 11.0 1653 1006.4 1017.4 -9  -9.0  -4.9 -18.3  34.0   1.5   -9.0   -9.0   -9.0   -9.0   -9.0   -9.0   -9.0 -9 -9 -                        0   0   -9 -         -9  -9  -9  4081  1.0  0.87 -9  -0.7  -1.3  -1.3  -0.5   0.2  -9 -9.0 -9  3  2
202502051800 108  27  4.2  32 11.0 1653 1006.6 1017.7  2   1.0  -6.0 -17.1  41.0   1.6   -9.0   -9.0   -9.0   -9.0   -9.0   -9.0   -9.0 -9 -9 -                        0   0   -9 -         -9  -9  -9  4308  0.6  0.24 -9  -2.0  -1.5  -1.3  -0.1   0.5  -9 -9.0 -9  3  2
202502051900 108  27  4.8  -9 -9.0   -9 1007.7 1018.8 -9  -9.0  -6.9 -16.8  45.0   1.6   -9.0   -9.0   -9.0   -9.0   -9.0   -9.0   -9.0 -9 -9 -                        0   0   -9 -         -9  -9  -9  4477 -9.0 -9.00 -9  -4.2  -1.6  -1.5  -0.1   0.5  -9 -9.0 -9  3  2
202502052000 108  29  4.1  -9 -9.0   -9 1008.6 1019.7 -9  -9.0  -7.5 -17.1  46.0   1.6   -9.0   -9.0   -9.0   -9.0   -9.0   -9.0   -9.0 -9 -9 -                        0   0   -9 -         -9  -9  -9  4080 -9.0 -9.00 -9  -5.6  -1.6  -1.7  -0.1   0.6  -9 -9.0 -9  3 -9
202502052100 108  27  4.5  32 11.0 1653 1009.5 1020.7  2   3.0  -8.4 -18.5  44.0   1.4   -9.0   -9.0   -9.0   -9.0   -9.0   -9.0   -9.0 -9 -9 -                        0   0   -9 -         -9  -9  -9  4308 -9.0 -9.00 -9  -6.5  -1.8  -2.0  -0.2   0.5  -9 -9.0 -9  3  2
202502052200 108  25  3.3  -9 -9.0   -9 1010.2 1021.4 -9  -9.0  -9.2 -19.2  44.0   1.3   -9.0   -9.0   -9.0   -9.0   -9.0   -9.0   -9.0 -9 -9 -                        0   0   -9 -         -9  -9  -9  4434 -9.0 -9.00 -9  -7.1  -2.0  -2.2  -0.1   0.6  -9 -9.0 -9  3 -9
202502052300 108  27  2.5  -9 -9.0   -9 1010.9 1022.2 -9  -9.0  -9.7 -18.6  48.0   1.4   -9.0   -9.0   -9.0   -9.0   -9.0   -9.0   -9.0 -9 -9 -                        0   0   -9 -         -9  -9  -9  4122 -9.0 -9.00 -9  -7.4  -2.2  -2.5  -0.2   0.5  -9 -9.0 -9  3 -9
202502060000 108  34  2.6  -9 -9.0   -9 1010.7 1022.0  0   1.3 -10.2 -18.2  52.0   1.5   -9.0   -9.0   -9.0   -9.0   -9.0   -9.0   -9.0 -9 -9 -                        0   0   -9 -         -9  -9  -9  3981 -9.0 -9.00 -9  -7.8  -2.5  -2.8  -0.3   0.4  -9 -9.0 -9  3  2
202502060100 108  27  1.3  -9 -9.0   -9 1011.0 1022.3 -9  -9.0 -10.8 -18.5  53.0   1.4   -9.0   -9.0   -9.0   -9.0   -9.0   -9.0   -9.0 -9 -9 -                        0   0   -9 -         -9  -9  -9  3992 -9.0 -9.00 -9  -7.9  -2.7  -3.0  -0.3   0.4  -9 -9.0 -9  3 -9
202502060200 108  29  1.0  -9 -9.0   -9 1010.8 1022.1 -9  -9.0 -10.9 -18.4  54.0   1.4   -9.0   -9.0   -9.0   -9.0   -9.0   -9.0   -9.0 -9 -9 -                        0   0   -9 -         -9  -9  -9  3926 -9.0 -9.00 -9  -8.0  -2.8  -3.1  -0.3   0.4  -9 -9.0 -9  3 -9
202502060300 108  27  1.0  -9 -9.0   -9 1010.7 1022.0  4   0.0 -11.2 -18.9  53.0   1.4   -9.0   -9.0   -9.0   -9.0   -9.0   -9.0   -9.0 -9 -9 -                        0   0   -9 -         -9  -9  -9  4492 -9.0 -9.00 -9  -8.2  -3.0  -3.2  -0.3   0.4  -9 -9.0 -9  3  2
202502060400 108  25  1.4  -9 -9.0   -9 1010.2 1021.5 -9  -9.0 -11.5 -19.1  53.0   1.4   -9.0   -9.0   -9.0   -9.0   -9.0   -9.0   -9.0 -9 -9 -                        0   0   -9 -         -9  -9  -9  4634 -9.0 -9.00 -9  -8.4  -3.1  -3.4  -0.3   0.4  -9 -9.0 -9  3  2
202502060500 108  29  1.5  -9 -9.0   -9 1010.6 1021.9 -9  -9.0 -11.0 -17.8  57.0   1.5   -9.0   -9.0   -9.0   -9.0   -9.0   -9.0   -9.0 -9 -9 -                        0   0   -9 -         -9  -9  -9  4131 -9.0 -9.00 -9  -8.4  -3.3  -3.5  -0.4   0.4  -9 -9.0 -9  3  2
202502060600 108  29  1.6  -9 -9.0   -9 1010.9 1022.2  3   0.2 -11.0 -17.2  60.0   1.6   -9.0   -9.0   -9.0   -9.0   -9.0   -9.0   -9.0 -9 -9 -                        0   0   -9 -         -9  -9  -9  3758 -9.0 -9.00 -9  -8.5  -3.4  -3.7  -0.4   0.4  -9 -9.0 -9  3  2
202502060700 108  29  1.0  -9 -9.0   -9 1011.3 1022.6 -9  -9.0 -10.9 -17.5  58.0   1.6   -9.0   -9.0   -9.0   -9.0   -9.0   -9.0   -9.0 -9 -9 -                        0   0   -9 -         -9  -9  -9  4003 -9.0 -9.00 -9  -8.5  -3.5  -3.8  -0.4   0.4  -9 -9.0 -9  3  2
202502060800 108   5  1.0  -9 -9.0   -9 1012.0 1023.3 -9  -9.0 -11.2 -17.2  61.0   1.6   -9.0   -9.0   -9.0   -9.0   -9.0   -9.0   -9.0 -9 -9 -                        0   0   -9 -         -9  -9  -9  3667  0.0  0.02 -9  -8.3  -3.6  -3.9  -0.5   0.4  -9 -9.0 -9  3  2
202502060900 108  18  1.5  -9 -9.0   -9 1012.4 1023.7  2   1.5  -9.9 -17.2  55.0   1.6   -9.0   -9.0   -9.0   -9.0   -9.0   -9.0   -9.0 -9 -9 -                        0   0   -9 -         -9  -9  -9  4068  1.0  0.48 -9  -6.5  -3.5  -3.9  -0.5   0.4  -9 -9.0 -9  3  2
202502061000 108   0  0.4  -9 -9.0   -9 1011.6 1022.7 -9  -9.0  -6.7 -17.5  42.0   1.6   -9.0   -9.0   -9.0   -9.0   -9.0   -9.0   -9.0 -9 -9 -                        0   0   -9 -         -9  -9  -9  4273  1.0  1.21 -9  -1.3  -3.0  -3.9  -1.2  -0.3  -9 -9.0 -9  3  2
202502061100 108  18  2.2  -9 -9.0   -9 1011.3 1022.3 -9  -9.0  -3.7 -16.9  35.0   1.6   -9.0   -9.0   -9.0   -9.0   -9.0   -9.0   -9.0 -9 -9 -                        0   0   -9 -         -9  -9  -9  4096  1.0  1.81 -9   0.7  -2.3  -3.4  -1.3  -0.4  -9 -9.0 -9  3  2
202502061200 108  18  2.9  -9 -9.0   -9 1010.7 1021.6  7  -2.1  -2.2 -16.3  33.0   1.7   -9.0   -9.0   -9.0   -9.0   -9.0   -9.0   -9.0 -9 -9 -                        0   0   -9 -         -9  -9  -9  3704  1.0  2.22 -9   4.5  -1.8  -2.9  -1.4  -0.5  -9 -9.0 -9  3  2
202502061300 108  20  3.5  -9 -9.0   -9 1009.2 1020.1 -9  -9.0  -1.0 -14.9  34.0   1.9   -9.0   -9.0   -9.0   -9.0   -9.0   -9.0   -9.0 -9 -9 -                        3   3   27 Ac         0   3   0  4027  1.0  2.40 -9   6.5  -1.4  -2.3  -1.3  -0.4  -9 -9.0 -9  3  2
202502061400 108  23  3.3  -9 -9.0   -9 1007.7 1018.6 -9  -9.0  -0.8 -12.1  42.0   2.4   -9.0   -9.0   -9.0   -9.0   -9.0   -9.0   -9.0 -9 -9 -                        7   7   15 Sc         0   0   5  3328  0.8  2.01 -9   3.0  -1.1  -1.8  -1.0  -0.2  -9 -9.0 -9  3  2
202502061500 108  18  4.0  -9 -9.0   -9 1007.4 1018.3  7  -3.3  -0.9  -9.7  51.0   2.9   -9.0   -9.0   -9.0   -9.0   -9.0   -9.0   -9.0 -9 -9 -                        9   9    9 Sc         0   0   5  2884  0.1  0.87 -9   1.5  -0.9  -1.6  -1.0  -0.1  -9 -9.0 -9  3  2
202502061600 108  23  1.4  -9 -9.0   -9 1007.3 1018.2 -9  -9.0  -2.2  -5.0  81.0   4.2   -9.0    0.4    0.4   -9.0   -9.0    0.8    0.8 73 72 05                      10  10    2 St        -9  -9   7    51  0.0  0.25 -9  -0.2  -0.7  -1.3  -0.8   0.0  -9 -9.0 -9  4  1
202502061700 108  18  0.8  -9 -9.0   -9 1007.5 1018.4 -9  -9.0  -2.0  -4.3  84.0   4.4   -9.0    2.3    2.3   -9.0   -9.0    3.3    3.3 70 77 05                       9   9    4 Sc         0   0   5  1063  0.0  0.11 -9  -0.2  -0.7  -1.2  -0.6   0.1  -9 -9.0 -9  4  1
202502061800 108  25  0.9  -9 -9.0   -9 1007.7 1018.6  3   0.3  -1.9  -4.0  85.0   4.5    2.3    2.3    2.3   -9.0    3.3    3.1    3.1 22 72 05                       8   5   10 ScCi       1   0   5  1103  0.0  0.05 -9  -0.2  -0.6  -1.2  -0.8  -0.1  -9 -9.0 -9  4  1
202502061900 108  25  1.4  -9 -9.0   -9 1007.9 1018.8 -9  -9.0  -2.5  -5.1  82.0   4.2   -9.0    2.3    2.3   -9.0   -9.0    3.0    3.0 -9 -9 -                        6   4   37 -         -9  -9  -9  1649  0.0  0.00 -9  -0.3  -0.6  -1.1  -0.6   0.1  -9 -9.0 -9  3  2
202502062000 108  23  1.1  -9 -9.0   -9 1008.3 1019.2 -9  -9.0  -2.7  -5.3  82.0   4.1   -9.0    2.3    2.3   -9.0   -9.0    2.9    2.9 -9 -9 -                        8   7   21 -         -9  -9  -9  1640 -9.0 -9.00 -9  -0.3  -0.6  -1.2  -0.7   0.0  -9 -9.0 -9  3  2
202502062100 108  34  1.6  -9 -9.0   -9 1008.5 1019.4  2   0.8  -2.8  -5.6  81.0   4.0   -9.0    2.3    2.3   -9.0   -9.0    2.8    2.8 -9 72 -                        8   5    5 ScAs       0   1   5  1762 -9.0 -9.00 -9  -0.3  -0.6  -1.2  -0.7   0.0  -9 -9.0 -9  3  1
202502062200 108  34  2.2  -9 -9.0   -9 1009.0 1020.0 -9  -9.0  -3.3  -7.8  71.0   3.4   -9.0    2.3    2.3   -9.0   -9.0    2.7    2.7 -9 -9 -                        9   2   18 -         -9  -9  -9  2332 -9.0 -9.00 -9  -0.4  -0.7  -1.2  -0.7   0.0  -9 -9.0 -9  3  2
202502062300 108   2  0.7  -9 -9.0   -9 1008.6 1019.6 -9  -9.0  -4.1  -9.9  64.0   2.9   -9.0    2.3    2.3   -9.0   -9.0    2.6    2.6 -9 -9 -                        2   2   18 -         -9  -9  -9  2740 -9.0 -9.00 -9  -0.6  -0.7  -1.2  -0.7   0.0  -9 -9.0 -9  3  2
202502070000 108   5  0.8  -9 -9.0   -9 1007.9 1018.9  8  -0.5  -5.0 -11.3  61.0   2.6   -9.0    2.3    2.3   -9.0   -9.0    2.5    2.5 -9 -9 -                        0   0   -9 -         -9  -9  -9  3052 -9.0 -9.00 -9  -1.3  -0.8  -1.3  -0.7   0.0  -9 -9.0 -9  3  2
202502070100 108   2  2.4  -9 -9.0   -9 1007.1 1018.2 -9  -9.0  -5.9  -9.9  73.0   2.9   -9.0   -9.0   -9.0   -9.0   -9.0   -9.0    2.5 -9 -9 -                        2   2   35 -         -9  -9  -9  2669 -9.0 -9.00 -9  -2.2  -0.9  -1.4  -0.7   0.0  -9 -9.0 -9  3  2
202502070200 108   2  2.0  -9 -9.0   -9 1006.6 1017.7 -9  -9.0  -5.9  -9.2  77.0   3.0   -9.0   -9.0   -9.0   -9.0   -9.0   -9.0    2.4 -9 -9 -                       10   5   13 -         -9  -9  -9  2213 -9.0 -9.00 -9  -2.5  -1.0  -1.5  -0.7   0.0  -9 -9.0 -9  3  2
202502070300 108  29  1.7  -9 -9.0   -9 1006.7 1017.7  6  -1.2  -5.1  -8.3  78.0   3.3   -9.0   -9.0   -9.0   -9.0   -9.0   -9.0    2.3 -9 -9 -                        9   9   12 Sc         0   0   5  2146 -9.0 -9.00 -9  -2.2  -1.0  -1.5  -0.7   0.0  -9 -9.0 -9  3  2
202502070400 108  29  1.5  -9 -9.0   -9 1006.1 1017.1 -9  -9.0  -5.2  -9.1  74.0   3.1   -9.0    0.0    0.0   -9.0   -9.0    0.1    2.4 71 72 05                      10   8    8 ScAs      -9   2   5  1976 -9.0 -9.00 -9  -2.2  -1.0  -1.6  -0.7   0.0  -9 -9.0 -9  4  1
202502070500 108  32  2.8  -9 -9.0   -9 1005.2 1016.2 -9  -9.0  -5.5 -11.0  65.0   2.6   -9.0    0.0    0.0   -9.0   -9.0    0.2    2.5 70 77 05                      10   8    7 ScAs      -9   2   5  2421 -9.0 -9.00 -9  -2.3  -1.1  -1.6  -0.7   0.0  -9 -9.0 -9  4  1
202502070600 108  32  5.0  -9 -9.0   -9 1005.0 1016.1  7  -1.6  -6.5  -9.7  78.0   2.9    0.0    0.0    0.0   -9.0    0.2    0.2    2.5 70 77 05                      10   8   10 ScAs      -9   2   5   768 -9.0 -9.00 -9  -2.5  -1.1  -1.6  -0.7   0.0  -9 -9.0 -9  4  1
202502070700 108  32  2.6  -9 -9.0   -9 1005.6 1016.7 -9  -9.0  -6.9  -9.6  81.0   3.0   -9.0    0.2    0.2   -9.0   -9.0    0.5    2.8 71 77 05                      10   8    5 ScAs      -9   2   5   302 -9.0 -9.00 -9  -2.5  -1.2  -1.7  -0.7   0.0  -9 -9.0 -9  4  1
202502070800 108  29  4.0  -9 -9.0   -9 1007.0 1018.1 -9  -9.0  -7.3 -10.6  77.0   2.7   -9.0    0.3    0.3   -9.0   -9.0    0.7    2.8 71 77 05                      10   8    6 ScAs      -9   2   5   537  0.0  0.01 -9  -2.6  -1.2  -1.7  -0.7   0.0  -9 -9.0 -9  4  1
202502070900 108  29  4.1  32 11.0  804 1008.1 1019.2  2   3.1  -7.6 -11.6  73.0   2.5    0.4    0.4    0.4   -9.0    0.5    0.6    2.6 22 72 05                       7   7    8 Sc         0   0   5  2011  0.0  0.22 -9  -2.5  -1.3  -1.8  -0.7   0.0  -9 -9.0 -9  1  1
202502071000 108  27  4.6  29 11.0  949 1008.9 1020.0 -9  -9.0  -7.6 -14.2  59.0   2.0   -9.0    0.4    0.4   -9.0   -9.0    0.4    2.4 22 70 05                       4   4   15 Sc         0   0   5  1562  0.2  0.64 -9  -2.3  -1.4  -1.9  -0.7   0.0  -9 -9.0 -9  4  1
202502071100 108  29  5.0  27 15.0 1015 1009.7 1020.9 -9  -9.0  -7.6 -16.2  50.0   1.7   -9.0    0.4    0.4   -9.0   -9.0    0.2    2.3 -9 -9 -                        1   1   11 Sc         0   0   5  2211  1.0  1.88 -9  -1.5  -1.3  -1.8  -0.5   0.1  -9 -9.0 -9  3  2
202502071200 108  27  5.7  27 15.0 1015 1009.5 1020.6  0   1.4  -7.1 -16.5  47.0   1.7    0.0    0.4    0.4   -9.0    0.0    0.2    2.3 -9 70 -                        1   1   10 Sc         0   0   5  2399  1.0  2.29 -9  -1.0  -1.2  -1.8  -0.7   0.0  -9 -9.0 -9  3  1
202502071300 108  29  5.1  25 11.0 1222 1008.8 1019.9 -9  -9.0  -6.8 -16.2  47.0   1.7   -9.0    0.4    0.4   -9.0   -9.0    0.2    1.8 -9 -9 -                        6   6   10 Sc         0   0   5  3319  1.0  2.63 -9  -0.6  -1.1  -1.7  -0.7   0.0  -9 -9.0 -9  3  2
202502071400 108  29  5.9  29 12.0 1348 1009.0 1020.2 -9  -9.0  -7.7 -17.0  47.0   1.6   -9.0    0.4    0.4   -9.0   -9.0    0.1    1.8 -9 -9 -                        3   3   11 Sc         0   0   5  3135  0.8  2.25 -9  -0.5  -1.0  -1.6  -0.7   0.0  -9 -9.0 -9  3  2
202502071500 108  29  5.8  27 15.0 1015 1009.2 1020.4  5  -0.2  -7.7 -17.8  44.0   1.5   -9.0    0.4    0.4   -9.0   -9.0    0.1    1.7 -9 70 -                        1   1   12 Sc         0   0   5  3119  1.0  2.14 -9  -0.5  -1.1  -1.6  -0.7   0.0  -9 -9.0 -9  3  1
202502071600 108  29  5.6  29 12.0 1513 1010.0 1021.2 -9  -9.0  -7.7 -17.8  44.0   1.5   -9.0    0.4    0.4   -9.0   -9.0   -9.0    1.7 -9 -9 -                        1   1   10 Sc         0   0   5  3007  1.0  1.67 -9  -0.6  -1.2  -1.7  -0.7   0.0  -9 -9.0 -9  3  2
202502071700 108  27  5.5  29 13.0 1627 1010.9 1022.1 -9  -9.0  -8.2 -18.3  44.0   1.5   -9.0    0.4    0.4   -9.0   -9.0   -9.0    1.6 -9 -9 -                        1   1   10 Sc         0   0   5  2939  1.0  0.93 -9  -1.9  -1.3  -1.8  -0.7   0.0  -9 -9.0 -9  3  2
202502071800 108  27  4.2  29 13.0 1627 1011.8 1023.0  2   2.6  -9.1 -17.4  51.0   1.6   -9.0    0.4    0.4   -9.0   -9.0   -9.0    1.6 -9 -9 -                        0   0   -9 -         -9  -9  -9  2930  0.6  0.27 -9  -3.2  -1.4  -2.0  -0.7   0.0  -9 -9.0 -9  3  2
202502071900 108  25  3.9  -9 -9.0   -9 1013.1 1024.4 -9  -9.0  -9.8 -17.6  53.0   1.5   -9.0    0.4    0.4   -9.0   -9.0   -9.0    1.6 -9 -9 -                        0   0   -9 -         -9  -9  -9  2816  0.0  0.00 -9  -3.8  -1.6  -2.1  -0.7   0.0  -9 -9.0 -9  3  2
202502072000 108  25  3.5  -9 -9.0   -9 1014.0 1025.3 -9  -9.0 -10.1 -17.2  56.0   1.6   -9.0    0.4    0.4   -9.0   -9.0   -9.0    1.6 -9 -9 -                        0   0   -9 -         -9  -9  -9  2762 -9.0 -9.00 -9  -4.1  -1.8  -2.2  -0.7   0.0  -9 -9.0 -9  3  2
202502072100 108  27  3.3  29 13.0 1627 1014.8 1026.1  2   3.1 -10.3 -17.8  54.0   1.5   -9.0    0.4    0.4   -9.0   -9.0   -9.0    1.6 -9 -9 -                        0   0   -9 -         -9  -9  -9  2853 -9.0 -9.00 -9  -4.4  -2.0  -2.4  -0.7   0.0  -9 -9.0 -9  3  2
202502072200 108  27  2.3  -9 -9.0   -9 1015.3 1026.7 -9  -9.0 -10.6 -17.9  55.0   1.5   -9.0    0.4    0.4   -9.0   -9.0   -9.0    1.6 -9 -9 -                        0   0   -9 -         -9  -9  -9  3035 -9.0 -9.00 -9  -4.6  -2.1  -2.5  -0.8   0.0  -9 -9.0 -9  3  2
202502072300 108  29  3.0  -9 -9.0   -9 1015.5 1026.9 -9  -9.0 -10.6 -17.9  55.0   1.5   -9.0    0.4    0.4   -9.0   -9.0   -9.0    1.6 -9 -9 -                        0   0   -9 -         -9  -9  -9  2980 -9.0 -9.00 -9  -4.7  -2.3  -2.7  -0.9  -0.1  -9 -9.0 -9  3  2
202502080000 108  27  2.9  -9 -9.0   -9 1015.8 1027.1  2   1.0 -10.7 -17.7  56.0   1.5   -9.0    0.4    0.4   -9.0   -9.0   -9.0    1.5 -9 -9 -                        0   0   -9 -         -9  -9  -9  3090 -9.0 -9.00 -9  -4.9  -2.4  -2.8  -0.9  -0.1  -9 -9.0 -9  3  2
202502080100 108  27  3.3  -9 -9.0   -9 1016.3 1027.7 -9  -9.0 -10.7 -17.7  56.0   1.5   -9.0   -9.0   -9.0   -9.0   -9.0   -9.0    1.5 -9 -9 -                        0   0   -9 -         -9  -9  -9  3225 -9.0 -9.00 -9  -5.0  -2.5  -2.9  -0.9  -0.1  -9 -9.0 -9  3  2
202502080200 108  25  2.4  -9 -9.0   -9 1015.9 1027.3 -9  -9.0 -10.9 -17.7  57.0   1.5   -9.0   -9.0   -9.0   -9.0   -9.0   -9.0    1.5 -9 -9 -                        0   0   -9 -         -9  -9  -9  3337 -9.0 -9.00 -9  -5.1  -2.6  -3.0  -1.0  -0.2  -9 -9.0 -9  3  2
202502080300 108  27  1.8  -9 -9.0   -9 1016.2 1027.6  0   0.5 -11.2 -17.8  58.0   1.5   -9.0   -9.0   -9.0   -9.0   -9.0   -9.0    1.5 -9 -9 -                        0   0   -9 -         -9  -9  -9  3284 -9.0 -9.00 -9  -5.2  -2.7  -3.1  -1.0  -0.2  -9 -9.0 -9  3  2
202502080400 108  25  2.8  -9 -9.0   -9 1016.1 1027.5 -9  -9.0 -11.2 -17.6  59.0   1.5   -9.0   -9.0   -9.0   -9.0   -9.0   -9.0    1.5 -9 -9 -                        0   0   -9 -         -9  -9  -9  3324 -9.0 -9.00 -9  -5.3  -2.8  -3.2  -1.1  -0.2  -9 -9.0 -9  3  2
202502080500 108  27  2.9  -9 -9.0   -9 1015.9 1027.3 -9  -9.0 -11.4 -17.6  60.0   1.5   -9.0   -9.0   -9.0   -9.0   -9.0   -9.0    1.5 -9 -9 -                        0   0   -9 -         -9  -9  -9  3350 -9.0 -9.00 -9  -5.4  -2.8  -3.3  -1.2  -0.3  -9 -9.0 -9  3  2
202502080600 108  25  2.4  -9 -9.0   -9 1016.2 1027.6  4   0.0 -11.5 -17.7  60.0   1.5   -9.0   -9.0   -9.0   -9.0   -9.0   -9.0    1.5 -9 -9 -                        0   0   -9 -         -9  -9  -9  3534 -9.0 -9.00 -9  -5.4  -2.9  -3.4  -1.2  -0.3  -9 -9.0 -9  3  2
202502080700 108  25  2.7  -9 -9.0   -9 1016.7 1028.1 -9  -9.0 -11.5 -17.7  60.0   1.5   -9.0   -9.0   -9.0   -9.0   -9.0   -9.0    1.5 -9 -9 -                        0   0   -9 -         -9  -9  -9  3423 -9.0 -9.00 -9  -5.5  -3.0  -3.5  -1.3  -0.3  -9 -9.0 -9  3  2
202502080800 108  27  3.0  -9 -9.0   -9 1017.3 1028.7 -9  -9.0 -11.4 -18.0  58.0   1.5   -9.0   -9.0   -9.0   -9.0   -9.0   -9.0    1.5 -9 -9 -                        0   0   -9 -         -9  -9  -9  3597  0.0  0.03 -9  -5.5  -3.1  -3.5  -1.3  -0.3  -9 -9.0 -9  3  2
202502080900 108  27  2.2  -9 -9.0   -9 1018.3 1029.7  2   2.1 -10.5 -17.3  57.0   1.6   -9.0   -9.0   -9.0   -9.0   -9.0   -9.0    1.5 -9 -9 -                        0   0   -9 -         -9  -9  -9  3739  1.0  0.55 -9  -5.1  -3.1  -3.6  -1.3  -0.3  -9 -9.0 -9  3  2
202502081000 108  29  3.6  -9 -9.0   -9 1018.6 1029.9 -9  -9.0  -8.9 -16.7  53.0   1.7   -9.0   -9.0   -9.0   -9.0   -9.0   -9.0    1.5 -9 -9 -                        0   0   -9 -         -9  -9  -9  3280  1.0  1.28 -9  -3.3  -2.9  -3.5  -1.4  -0.4  -9 -9.0 -9  3  2
202502081100 108  29  3.5  -9 -9.0   -9 1018.5 1029.8 -9  -9.0  -7.9 -16.7  49.0   1.7   -9.0   -9.0   -9.0   -9.0   -9.0   -9.0    1.4 -9 -9 -                        0   0   -9 -         -9  -9  -9  3284  1.0  1.90 -9  -2.0  -2.6  -3.4  -1.5  -0.5  -9 -9.0 -9  3  2
202502081200 108  29  2.9  -9 -9.0   -9 1018.2 1029.4  8  -0.3  -7.0 -16.6  46.0   1.7   -9.0   -9.0   -9.0   -9.0   -9.0   -9.0    1.4 -9 -9 -                        0   0   -9 -         -9  -9  -9  3396  1.0  2.34 -9  -1.0  -2.3  -3.1  -1.6  -0.5  -9 -9.0 -9  3  2
202502081300 108  29  2.8  -9 -9.0   -9 1017.4 1028.6 -9  -9.0  -6.2 -15.9  46.0   1.8   -9.0   -9.0   -9.0   -9.0   -9.0   -9.0    1.3 -9 -9 -                        0   0   -9 -         -9  -9  -9  3549  1.0  2.52 -9  -0.6  -2.0  -2.9  -1.6  -0.5  -9 -9.0 -9  3  2
202502081400 108  25  2.6  -9 -9.0   -9 1016.7 1027.8 -9  -9.0  -4.8 -14.6  46.0   2.0   -9.0   -9.0   -9.0   -9.0   -9.0   -9.0    1.0 -9 -9 -                        0   0   -9 -         -9  -9  -9  2626  1.0  2.46 -9  -0.4  -1.7  -2.6  -1.5  -0.5  -9 -9.0 -9  3  2
202502081500 108  25  2.9  -9 -9.0   -9 1016.3 1027.4  7  -2.0  -4.0 -14.2  45.0   2.0   -9.0   -9.0   -9.0   -9.0   -9.0   -9.0    0.8 -9 -9 -                        0   0   -9 -         -9  -9  -9  3507  1.0  2.17 -9  -0.1  -1.5  -2.2  -1.4  -0.5  -9 -9.0 -9  3  2
202502081600 108  27  3.2  -9 -9.0   -9 1016.3 1027.4 -9  -9.0  -3.7 -13.9  45.0   2.1   -9.0   -9.0   -9.0   -9.0   -9.0   -9.0    0.7 -9 -9 -                        0   0   -9 -         -9  -9  -9  3380  1.0  1.66 -9  -0.1  -1.3  -1.9  -1.2  -0.3  -9 -9.0 -9  3  2
202502081700 108  29  3.0  -9 -9.0   -9 1016.4 1027.5 -9  -9.0  -4.0 -14.2  45.0   2.0   -9.0   -9.0   -9.0   -9.0   -9.0   -9.0    0.7 -9 -9 -                        0   0   -9 -         -9  -9  -9  3237  1.0  0.93 -9  -0.2  -1.2  -1.8  -1.1  -0.3  -9 -9.0 -9  3  2
202502081800 108  27  3.1  -9 -9.0   -9 1016.6 1027.7  2   0.3  -5.1 -14.1  49.0   2.1   -9.0   -9.0   -9.0   -9.0   -9.0   -9.0    0.7 -9 -9 -                        0   0   -9 -         -9  -9  -9  3409  0.6  0.28 -9  -0.5  -1.3  -1.8  -1.0  -0.2  -9 -9.0 -9  3  2
202502081900 108  27  1.6  -9 -9.0   -9 1016.9 1028.1 -9  -9.0  -5.8 -14.1  52.0   2.1   -9.0   -9.0   -9.0   -9.0   -9.0   -9.0    0.7 -9 -9 -                        0   0   -9 -         -9  -9  -9  3192  0.0  0.00 -9  -1.5  -1.4  -1.9  -1.0  -0.2  -9 -9.0 -9  3  2
202502082000 108  27  2.6  -9 -9.0   -9 1017.2 1028.4 -9  -9.0  -6.2 -13.7  55.0   2.1   -9.0   -9.0   -9.0   -9.0   -9.0   -9.0    0.7 -9 -9 -                        0   0   -9 -         -9  -9  -9  3330 -9.0 -9.00 -9  -3.4  -1.6  -2.0  -0.9  -0.2  -9 -9.0 -9  3  2
202502082100 108  25  2.4  -9 -9.0   -9 1017.7 1028.9  2   1.2  -6.5 -13.4  58.0   2.2   -9.0   -9.0   -9.0   -9.0   -9.0   -9.0    0.7 -9 -9 -                        0   0   -9 -         -9  -9  -9  3173 -9.0 -9.00 -9  -4.0  -1.7  -2.1  -0.9  -0.1  -9 -9.0 -9  3  2
202502082200 108  27  2.6  -9 -9.0   -9 1018.1 1029.3 -9  -9.0  -6.8 -13.4  59.0   2.2   -9.0   -9.0   -9.0   -9.0   -9.0   -9.0    0.7 -9 -9 -                        0   0   -9 -         -9  -9  -9  3013 -9.0 -9.00 -9  -4.3  -1.9  -2.2  -0.9  -0.1  -9 -9.0 -9  3  2
202502082300 108  36  2.0  -9 -9.0   -9 1017.7 1028.9 -9  -9.0  -7.3 -13.3  62.0   2.2   -9.0   -9.0   -9.0   -9.0   -9.0   -9.0    0.7 -9 -9 -                        0   0   -9 -         -9  -9  -9  2507 -9.0 -9.00 -9  -4.6  -2.0  -2.4  -0.9  -0.1  -9 -9.0 -9  3  2
202502090000 108  29  2.5  -9 -9.0   -9 1017.7 1028.9  4   0.0  -7.5 -13.3  63.0   2.2   -9.0   -9.0   -9.0   -9.0   -9.0   -9.0    0.7 -9 -9 -                        0   0   -9 -         -9  -9  -9  2449 -9.0 -9.00 -9  -4.8  -2.2  -2.5  -1.0  -0.1  -9 -9.0 -9  3  2
202502090100 108  27  1.1  -9 -9.0   -9 1017.5 1028.8 -9  -9.0  -8.2 -13.8  64.0   2.1   -9.0   -9.0   -9.0   -9.0   -9.0   -9.0    0.7 -9 -9 -                        0   0   -9 -         -9  -9  -9  2183 -9.0 -9.00 -9  -5.1  -2.3  -2.7  -1.0  -0.2  -9 -9.0 -9  3  2
202502090200 108  25  1.4  -9 -9.0   -9 1017.4 1028.7 -9  -9.0  -8.9 -14.1  66.0   2.1   -9.0   -9.0   -9.0   -9.0   -9.0   -9.0    0.7 -9 -9 -                        0   0   -9 -         -9  -9  -9  2355 -9.0 -9.00 -9  -5.4  -2.5  -2.9  -1.1  -0.2  -9 -9.0 -9  3  2
202502090300 108  27  1.4  -9 -9.0   -9 1017.5 1028.8  5  -0.1  -8.9 -13.2  71.0   2.2   -9.0   -9.0   -9.0   -9.0   -9.0   -9.0    0.7 -9 -9 -                        0   0   -9 -         -9  -9  -9  2203 -9.0 -9.00 -9  -5.5  -2.7  -3.1  -1.1  -0.2  -9 -9.0 -9  3  2
202502090400 108  27  1.3  -9 -9.0   -9 1017.1 1028.4 -9  -9.0  -9.2 -13.1  73.0   2.2   -9.0   -9.0   -9.0   -9.0   -9.0   -9.0    0.7 -9 -9 -                        0   0   -9 -         -9  -9  -9  2245 -9.0 -9.00 -9  -5.7  -2.8  -3.2  -1.2  -0.2  -9 -9.0 -9  3  2
202502090500 108  29  0.6  -9 -9.0   -9 1017.1 1028.4 -9  -9.0  -9.1 -13.0  73.0   2.3   -9.0   -9.0   -9.0   -9.0   -9.0   -9.0    0.7 -9 -9 -                        0   0   -9 -         -9  -9  -9  2281 -9.0 -9.00 -9  -5.9  -2.9  -3.3  -1.3  -0.3  -9 -9.0 -9  3  2
202502090600 108   0  0.4  -9 -9.0   -9 1017.1 1028.4  6  -0.4  -9.2 -12.8  75.0   2.3   -9.0   -9.0   -9.0   -9.0   -9.0   -9.0    0.7 -9 -9 -                        0   0   -9 -         -9  -9  -9  2646 -9.0 -9.00 -9  -6.0  -3.1  -3.5  -1.4  -0.3  -9 -9.0 -9  3  2
202502090700 108   5  1.7  -9 -9.0   -9 1017.3 1028.6 -9  -9.0  -9.4 -13.0  75.0   2.3   -9.0   -9.0   -9.0   -9.0   -9.0   -9.0    0.7 -9 -9 -                        0   0   -9 -         -9  -9  -9  2483 -9.0 -9.00 -9  -6.0  -3.2  -3.6  -1.5  -0.4  -9 -9.0 -9  3  2
202502090800 108   2  1.3  -9 -9.0   -9 1017.4 1028.7 -9  -9.0  -9.5 -12.7  77.0   2.3   -9.0   -9.0   -9.0   -9.0   -9.0   -9.0    0.7 -9 -9 -                        0   0   -9 -         -9  -9  -9  2217  0.0  0.03 -9  -6.0  -3.3  -3.7  -1.5  -0.4  -9 -9.0 -9  3  2
202502090900 108   5  2.0  -9 -9.0   -9 1017.7 1029.0  2   0.6  -8.2 -11.3  78.0   2.6   -9.0   -9.0   -9.0   -9.0   -9.0   -9.0    0.7 -9 -9 -                        0   0   -9 -         -9  -9  -9  1917  1.0  0.50 -9  -5.0  -3.3  -3.7  -1.6  -0.4  -9 -9.0 -9  3  2
202502091000 108  23  1.2  -9 -9.0   -9 1017.3 1028.4 -9  -9.0  -4.9 -10.2  66.0   2.8   -9.0   -9.0   -9.0   -9.0   -9.0   -9.0    0.7 -9 -9 -                        0   0   -9 -         -9  -9  -9  2256  1.0  1.23 -9  -2.4  -2.9  -3.5  -1.7  -0.5  -9 -9.0 -9  3  2
202502091100 108  32  2.7  -9 -9.0   -9 1017.2 1028.3 -9  -9.0  -3.4 -12.1  51.0   2.4   -9.0   -9.0   -9.0   -9.0   -9.0   -9.0    0.6 -9 -9 -                        0   0   -9 -         -9  -9  -9  3346  1.0  1.89 -9  -1.0  -2.3  -3.0  -1.6  -0.4  -9 -9.0 -9  3  2
202502091200 108  32  2.4  -9 -9.0   -9 1016.7 1027.7  7  -1.3  -2.3 -11.8  48.0   2.5   -9.0   -9.0   -9.0   -9.0   -9.0   -9.0   -9.0 -9 -9 -                        0   0   -9 -         -9  -9  -9  3185  1.0  2.34 -9  -0.5  -1.9  -2.7  -1.6  -0.5  -9 -9.0 -9  3  2
202502091300 108  29  3.8  -9 -9.0   -9 1015.7 1026.7 -9  -9.0  -1.4 -13.2  40.0   2.2   -9.0   -9.0   -9.0   -9.0   -9.0   -9.0   -9.0 -9 -9 -                        0   0   -9 -         -9  -9  -9  4367  1.0  2.53 -9   0.4  -1.6  -2.3  -1.5  -0.4  -9 -9.0 -9  3  2
202502091400 108  27  3.3  -9 -9.0   -9 1014.8 1025.7 -9  -9.0   0.1 -11.3  42.0   2.6   -9.0   -9.0   -9.0   -9.0   -9.0   -9.0   -9.0 -9 -9 -                        0   0   -9 -         -9  -9  -9  3888  1.0  2.49 -9   3.4  -1.4  -1.9  -1.4  -0.4  -9 -9.0 -9  3  2
202502091500 108  25  2.7  -9 -9.0   -9 1014.2 1025.0  7  -2.7   1.4 -10.7  40.0   2.7   -9.0   -9.0   -9.0   -9.0   -9.0   -9.0   -9.0 -9 -9 -                        0   0   -9 -         -9  -9  -9  3943  1.0  2.18 -9   4.3  -1.1  -1.6  -1.2  -0.3  -9 -9.0 -9  3  2
202502091600 108  25  3.3  -9 -9.0   -9 1014.1 1024.9 -9  -9.0   1.2 -10.6  41.0   2.7   -9.0   -9.0   -9.0   -9.0   -9.0   -9.0   -9.0 -9 -9 -                        0   0   -9 -         -9  -9  -9  4053  1.0  1.68 -9   2.3  -0.9  -1.4  -1.1  -0.3  -9 -9.0 -9  3  2
202502091700 108  23  3.4  -9 -9.0   -9 1013.9 1024.8 -9  -9.0  -0.3  -9.2  51.0   3.0   -9.0   -9.0   -9.0   -9.0   -9.0   -9.0   -9.0 -9 -9 -                        1   1   10 Sc         0   0   5  3592  0.8  0.81 -9  -0.2  -0.8  -1.3  -1.1  -0.3  -9 -9.0 -9  3  2
202502091800 108  25  2.9  -9 -9.0   -9 1014.1 1025.1  3   0.1  -1.8  -8.9  58.0   3.1   -9.0   -9.0   -9.0   -9.0   -9.0   -9.0   -9.0 -9 -9 -                        2   0   -9 Ci         1   0   0  3121  0.6  0.27 -9  -0.3  -0.8  -1.2  -1.0  -0.3  -9 -9.0 -9  3  2
202502091900 108  25  2.6  -9 -9.0   -9 1014.5 1025.5 -9  -9.0  -2.6  -8.2  65.0   3.3   -9.0   -9.0   -9.0   -9.0   -9.0   -9.0   -9.0 -9 -9 -                        0   0   -9 -         -9  -9  -9  3252  0.0  0.01 -9  -0.8  -0.9  -1.1  -0.8  -0.1  -9 -9.0 -9  3 -9
202502092000 108  25  3.2  -9 -9.0   -9 1014.6 1025.6 -9  -9.0  -3.0  -7.8  69.0   3.4   -9.0   -9.0   -9.0   -9.0   -9.0   -9.0   -9.0 -9 -9 -                        0   0   -9 -         -9  -9  -9  3300 -9.0 -9.00 -9  -1.0  -0.9  -1.2  -0.7  -0.1  -9 -9.0 -9  3 -9
202502092100 108  25  2.4  -9 -9.0   -9 1014.8 1025.8  2   0.7  -3.5  -8.0  71.0   3.3   -9.0   -9.0   -9.0   -9.0   -9.0   -9.0   -9.0 -9 -9 -                        0   0   -9 -         -9  -9  -9  2924 -9.0 -9.00 -9  -1.3  -1.0  -1.3  -0.7  -0.1  -9 -9.0 -9  3  2
202502092200 108  27  2.9  -9 -9.0   -9 1015.0 1026.1 -9  -9.0  -3.7  -8.3  70.0   3.3   -9.0   -9.0   -9.0   -9.0   -9.0   -9.0   -9.0 -9 -9 -                        0   0   -9 -         -9  -9  -9  2761 -9.0 -9.00 -9  -1.8  -1.1  -1.4  -0.7  -0.1  -9 -9.0 -9  3 -9
202502092300 108  27  2.0  -9 -9.0   -9 1015.1 1026.2 -9  -9.0  -4.3  -9.3  68.0   3.0   -9.0   -9.0   -9.0   -9.0   -9.0   -9.0   -9.0 -9 -9 -                        0   0   -9 -         -9  -9  -9  2468 -9.0 -9.00 -9  -2.8  -1.1  -1.4  -0.7  -0.1  -9 -9.0 -9  3 -9
202502100000 108  29  1.7  -9 -9.0   -9 1015.4 1026.5  2   0.7  -4.9  -9.7  69.0   2.9   -9.0   -9.0   -9.0   -9.0   -9.0   -9.0   -9.0 -9 -9 -                        0   0   -9 -         -9  -9  -9  2288 -9.0 -9.00 -9  -3.8  -1.3  -1.5  -0.7  -0.1  -9 -9.0 -9  3  2
202502100100 108  29  2.7  -9 -9.0   -9 1015.3 1026.4 -9  -9.0  -5.1  -9.7  70.0   2.9   -9.0   -9.0   -9.0   -9.0   -9.0   -9.0   -9.0 -9 -9 -                        0   0   -9 -         -9  -9  -9  2090 -9.0 -9.00 -9  -4.5  -1.4  -1.8  -0.9  -0.3  -9 -9.0 -9  3 -9
202502100200 108  32  2.2  -9 -9.0   -9 1015.5 1026.6 -9  -9.0  -5.5 -11.4  63.0   2.6   -9.0   -9.0   -9.0   -9.0   -9.0   -9.0   -9.0 -9 -9 -                        0   0   -9 -         -9  -9  -9  2707 -9.0 -9.00 -9  -4.9  -1.5  -1.9  -0.9  -0.3  -9 -9.0 -9  3 -9
202502100300 108  27  1.9  -9 -9.0   -9 1015.7 1026.9  3   0.4  -6.4 -12.4  62.0   2.4   -9.0   -9.0   -9.0   -9.0   -9.0   -9.0   -9.0 -9 -9 -                        0   0   -9 -         -9  -9  -9  3004 -9.0 -9.00 -9  -5.4  -1.7  -2.1  -0.9  -0.3  -9 -9.0 -9  3  2
202502100400 108  18  1.5  -9 -9.0   -9 1015.7 1026.9 -9  -9.0  -7.1 -12.9  63.0   2.3   -9.0   -9.0   -9.0   -9.0   -9.0   -9.0   -9.0 -9 -9 -                        1   1   10 Sc         0   0   5  3562 -9.0 -9.00 -9  -5.7  -1.9  -2.2  -0.7  -0.1  -9 -9.0 -9  3  2
202502100500 108  25  0.7  -9 -9.0   -9 1015.7 1026.9 -9  -9.0  -6.4 -12.4  62.0   2.4   -9.0   -9.0   -9.0   -9.0   -9.0   -9.0   -9.0 -9 -9 -                        8   8   12 Sc         0   0   5  3256 -9.0 -9.00 -9  -4.6  -2.2  -2.5  -0.9  -0.1  -9 -9.0 -9  3  2
202502100600 108   2  2.5  -9 -9.0   -9 1014.7 1025.9  7  -1.0  -6.6 -12.2  64.0   2.4   -9.0   -9.0   -9.0   -9.0   -9.0   -9.0   -9.0 -9 -9 -                        0   0   -9 -         -9  -9  -9  3193 -9.0 -9.00 -9  -5.3  -2.2  -2.5  -0.9  -0.1  -9 -9.0 -9  3  2
202502100700 108   2  2.4  -9 -9.0   -9 1015.2 1026.4 -9  -9.0  -7.4 -12.4  67.0   2.4   -9.0   -9.0   -9.0   -9.0   -9.0   -9.0   -9.0 -9 -9 -                        0   0   -9 -         -9  -9  -9  3139 -9.0 -9.00 -9  -5.8  -2.4  -2.7  -1.0  -0.1  -9 -9.0 -9  3  2
202502100800 108   2  2.2  -9 -9.0   -9 1015.6 1026.8 -9  -9.0  -6.7 -11.6  68.0   2.5   -9.0   -9.0   -9.0   -9.0   -9.0   -9.0   -9.0 -9 -9 -                        7   7    9 Sc         0   0   5  3104  0.0  0.02 -9  -4.6  -2.6  -2.9  -1.1  -0.2  -9 -9.0 -9  3  2
202502100900 108  36  2.3  -9 -9.0   -9 1015.9 1027.0  2   1.1  -5.3 -10.8  65.0   2.7   -9.0   -9.0   -9.0   -9.0   -9.0   -9.0   -9.0 -9 -9 -                        5   5    8 Sc         0   0   5  3064  0.1  0.27 -9  -2.9  -2.5  -2.9  -1.2  -0.2  -9 -9.0 -9  3  2
202502101000 108  18  1.9  -9 -9.0   -9 1016.1 1027.1 -9  -9.0  -2.7 -10.5  55.0   2.8   -9.0   -9.0   -9.0   -9.0   -9.0   -9.0   -9.0 -9 -9 -                        1   1   15 Sc         0   0   5  3253  0.9  1.09 -9  -0.8  -2.2  -2.8  -1.6  -0.6  -9 -9.0 -9  3  2
202502101100 108  18  2.2  -9 -9.0   -9 1016.3 1027.2 -9  -9.0  -0.7 -10.1  49.0   2.8   -9.0   -9.0   -9.0   -9.0   -9.0   -9.0   -9.0 -9 -9 -                        5   5   14 Sc         0   0   5  3310  0.8  1.57 -9   0.3  -1.8  -2.3  -1.2  -0.2  -9 -9.0 -9  3  2
202502101200 108  23  2.4  -9 -9.0   -9 1016.2 1027.1  0   0.1   0.7  -9.6  46.0   3.0   -9.0   -9.0   -9.0   -9.0   -9.0   -9.0   -9.0 -9 -9 -                        3   3    9 Sc         0   0   5  3118  0.8  1.94 -9   1.9  -1.5  -1.9  -1.1  -0.1  -9 -9.0 -9  3  2
202502101300 108  25  2.8  -9 -9.0   -9 1015.2 1026.1 -9  -9.0   1.1  -8.9  47.0   3.1   -9.0   -9.0   -9.0   -9.0   -9.0   -9.0   -9.0 -9 -9 -                        2   2    9 Sc         0   0   5  3144  0.8  2.14 -9   3.9  -1.2  -1.6  -1.0  -0.1  -9 -9.0 -9  3  2
202502101400 108  25  3.8  -9 -9.0   -9 1014.7 1025.5 -9  -9.0   1.4  -7.9  50.0   3.4   -9.0    0.0    0.0   -9.0   -9.0   -9.0   -9.0 70 70 05                       3   3   10 Sc         0   0   5  2582  0.7  1.95 -9   3.3  -1.0  -1.4  -0.9  -0.2  -9 -9.0 -9  4  1
202502101500 108  27  3.7  -9 -9.0   -9 1014.4 1025.2  7  -1.9   1.5  -6.3  56.0   3.8    0.0    0.0    0.0   -9.0   -9.0   -9.0   -9.0 70 77 05                       2   2    8 Sc         0   0   5  2954  1.0  2.02 -9   4.4  -0.9  -1.2  -0.9  -0.2  -9 -9.0 -9  4  1
202502101600 108  25  4.4  -9 -9.0   -9 1014.2 1025.0 -9  -9.0   2.4  -7.7  47.0   3.4   -9.0    0.0    0.0   -9.0   -9.0   -9.0   -9.0 22 70 05                       3   3   10 Sc         0   0   5  3672  0.8  1.38 -9   4.1  -0.8  -1.1  -0.8  -0.2  -9 -9.0 -9  4  1
202502101700 108  27  2.6  -9 -9.0   -9 1014.2 1025.0 -9  -9.0   1.7  -8.4  47.0   3.2   -9.0    0.0    0.0   -9.0   -9.0   -9.0   -9.0 -9 -9 -                        1   1   10 Sc         0   0   5  3253  1.0  0.97 -9  -0.4  -0.7  -1.1  -0.8  -0.2  -9 -9.0 -9  3  2
202502101800 108  27  2.6  -9 -9.0   -9 1015.0 1025.9  3   0.7   0.1  -8.3  53.0   3.3    0.0    0.0    0.0   -9.0   -9.0   -9.0   -9.0 -9 70 -                        0   0   -9 -         -9  -9  -9  2749  0.3  0.20 -9  -0.3  -0.6  -1.0  -0.8  -0.2  -9 -9.0 -9  3  1
202502101900 108  27  3.3  -9 -9.0   -9 1015.6 1026.5 -9  -9.0  -0.7  -7.5  60.0   3.5   -9.0    0.0    0.0   -9.0   -9.0   -9.0   -9.0 -9 -9 -                        0   0   -9 -         -9  -9  -9  2554  0.0  0.00 -9  -0.6  -0.6  -1.1  -1.0  -0.5  -9 -9.0 -9  3 -9
202502102000 108  27  2.0  -9 -9.0   -9 1016.3 1027.3 -9  -9.0  -1.3  -7.2  64.0   3.6   -9.0    0.0    0.0   -9.0   -9.0   -9.0   -9.0 -9 -9 -                        0   0   -9 -         -9  -9  -9  2272 -9.0 -9.00 -9  -0.9  -0.6  -1.1  -1.0  -0.4  -9 -9.0 -9  3 -9
202502102100 108  29  1.2  -9 -9.0   -9 1016.6 1027.6  2   1.7  -2.0  -7.3  67.0   3.5   -9.0    0.0    0.0   -9.0   -9.0   -9.0   -9.0 -9 70 -                        0   0   -9 -         -9  -9  -9  2204 -9.0 -9.00 -9  -1.1  -0.6  -1.1  -1.0  -0.4  -9 -9.0 -9  3  1
202502102200 108  29  1.3  -9 -9.0   -9 1016.7 1027.7 -9  -9.0  -2.6  -7.1  71.0   3.6   -9.0    0.0    0.0   -9.0   -9.0   -9.0   -9.0 -9 -9 -                        0   0   -9 -         -9  -9  -9  1910 -9.0 -9.00 -9  -1.3  -0.7  -1.2  -1.0  -0.4  -9 -9.0 -9  3 -9
202502102300 108  29  0.7  -9 -9.0   -9 1017.1 1028.1 -9  -9.0  -2.9  -6.7  75.0   3.7   -9.0    0.0    0.0   -9.0   -9.0   -9.0   -9.0 -9 -9 -                        0   0   -9 -         -9  -9  -9  1841 -9.0 -9.00 -9  -1.6  -0.8  -1.3  -0.9  -0.4  -9 -9.0 -9  3 -9
202502110000 108  27  1.0  -9 -9.0   -9 1017.3 1028.3  2   0.7  -3.0  -6.8  75.0   3.7   -9.0    0.0    0.0   -9.0   -9.0   -9.0   -9.0 -9 -9 -                        0   0   -9 -         -9  -9  -9  1735 -9.0 -9.00 -9  -2.4  -1.0  -1.4  -0.9  -0.4  -9 -9.0 -9  3  2
202502110100 108   2  1.2  -9 -9.0   -9 1017.4 1028.5 -9  -9.0  -3.6  -7.2  76.0   3.6   -9.0   -9.0   -9.0   -9.0   -9.0   -9.0   -9.0 -9 -9 -                        0   0   -9 -         -9  -9  -9  1630 -9.0 -9.00 -9  -3.3  -1.1  -1.6  -0.9  -0.4  -9 -9.0 -9  3 -9
202502110200 108   2  1.2  -9 -9.0   -9 1017.8 1028.9 -9  -9.0  -3.8  -7.0  78.0   3.6   -9.0   -9.0   -9.0   -9.0   -9.0   -9.0   -9.0 -9 -9 -                        0   0   -9 -         -9  -9  -9  1575 -9.0 -9.00 -9  -3.9  -1.3  -1.7  -0.9  -0.4  -9 -9.0 -9  3 -9
202502110300 108   2  1.7  -9 -9.0   -9 1018.1 1029.2  2   0.9  -4.4  -7.6  78.0   3.5   -9.0   -9.0   -9.0   -9.0   -9.0   -9.0   -9.0 -9 -9 -                        0   0   -9 -         -9  -9  -9  1602 -9.0 -9.00 -9  -4.4  -1.4  -1.8  -0.9  -0.3  -9 -9.0 -9  3  2
202502110400 108   2  1.9  -9 -9.0   -9 1018.4 1029.5 -9  -9.0  -4.8  -7.7  80.0   3.4   -9.0   -9.0   -9.0   -9.0   -9.0   -9.0   -9.0 -9 -9 -                        0   0   -9 -         -9  -9  -9  1489 -9.0 -9.00 -9  -4.8  -1.6  -2.0  -0.9  -0.3  -9 -9.0 -9  3  2
202502110500 108   5  0.8  -9 -9.0   -9 1018.8 1029.9 -9  -9.0  -5.0  -7.9  80.0   3.4   -9.0   -9.0   -9.0   -9.0   -9.0   -9.0   -9.0 -9 -9 -                        0   0   -9 -         -9  -9  -9  1498 -9.0 -9.00 -9  -5.1  -1.8  -2.2  -0.9  -0.3  -9 -9.0 -9  3  2
202502110600 108   5  2.0  -9 -9.0   -9 1019.1 1030.3  2   1.1  -5.5  -8.4  80.0   3.2   -9.0   -9.0   -9.0   -9.0   -9.0   -9.0   -9.0 -9 -9 -                        0   0   -9 -         -9  -9  -9  1327 -9.0 -9.00 -9  -5.3  -1.9  -2.3  -0.9  -0.3  -9 -9.0 -9  3  2
202502110700 108   5  2.5  -9 -9.0   -9 1019.5 1030.7 -9  -9.0  -5.6  -8.1  82.0   3.3   -9.0   -9.0   -9.0   -9.0   -9.0   -9.0   -9.0 -9 -9 -                        0   0   -9 -         -9  -9  -9  1266 -9.0 -9.00 -9  -5.4  -2.1  -2.5  -1.0  -0.4  -9 -9.0 -9  3  2
202502110800 108   2  2.4  -9 -9.0   -9 1019.9 1031.1 -9  -9.0  -5.5  -7.9  83.0   3.4   -9.0   -9.0   -9.0   -9.0   -9.0   -9.0   -9.0 -9 -9 -                        0   0   -9 -         -9  -9  -9  1183  0.0  0.03 -9  -5.1  -2.3  -2.7  -1.1  -0.4  -9 -9.0 -9  3  2
202502110900 108   5  2.8  -9 -9.0   -9 1020.1 1031.2  2   0.9  -3.9  -6.6  81.0   3.7   -9.0   -9.0   -9.0   -9.0   -9.0   -9.0   -9.0 -9 -9 -                        0   0   -9 -         -9  -9  -9  1149  1.0  0.46 -9  -3.2  -2.3  -2.8  -1.3  -0.5  -9 -9.0 -9  3  2
202502111000 108   5  2.4  -9 -9.0   -9 1020.0 1031.0 -9  -9.0  -0.9  -5.5  71.0   4.1   -9.0   -9.0   -9.0   -9.0   -9.0   -9.0   -9.0 -9 -9 -                        0   0   -9 -         -9  -9  -9  1181  1.0  1.15 -9  -0.6  -2.0  -2.7  -1.5  -0.7  -9 -9.0 -9  3  2
202502111100 108   5  2.9  -9 -9.0   -9 1019.7 1030.6 -9  -9.0   0.9  -5.3  63.0   4.1   -9.0   -9.0   -9.0   -9.0   -9.0   -9.0   -9.0 -9 -9 -                        0   0   -9 -         -9  -9  -9  1255  1.0  1.74 -9   1.2  -1.6  -2.3  -1.5  -0.7  -9 -9.0 -9  3  2
202502111200 108   7  3.1  -9 -9.0   -9 1019.1 1029.9  7  -1.3   2.8  -5.3  55.0   4.1   -9.0   -9.0   -9.0   -9.0   -9.0   -9.0   -9.0 -9 -9 -                        0   0   -9 -         -9  -9  -9  1605  1.0  2.17 -9   4.6  -1.4  -1.9  -1.3  -0.5  -9 -9.0 -9  3  2
202502111300 108   9  1.7  -9 -9.0   -9 1018.1 1028.8 -9  -9.0   4.4  -5.1  50.0   4.2   -9.0   -9.0   -9.0   -9.0   -9.0   -9.0   -9.0 -9 -9 -                        0   0   -9 -         -9  -9  -9  1539  1.0  2.36 -9   8.3  -1.2  -1.7  -1.3  -0.6  -9 -9.0 -9  3  2
202502111400 108   7  2.3  -9 -9.0   -9 1016.6 1027.3 -9  -9.0   5.8  -4.6  47.0   4.3   -9.0   -9.0   -9.0   -9.0   -9.0   -9.0   -9.0 -9 -9 -                        0   0   -9 -         -9  -9  -9  1481  1.0  2.31 -9   9.6  -1.1  -1.5  -1.2  -0.5  -9 -9.0 -9  3  2
202502111500 108  14  1.7  -9 -9.0   -9 1015.7 1026.3  7  -3.6   7.0  -4.7  43.0   4.3   -9.0   -9.0   -9.0   -9.0   -9.0   -9.0   -9.0 -9 -9 -                        0   0   -9 -         -9  -9  -9  1755  1.0  2.01 -9   8.7  -0.9  -1.4  -1.2  -0.5  -9 -9.0 -9  3  2
202502111600 108  32  2.2  -9 -9.0   -9 1014.9 1025.5 -9  -9.0   6.7  -5.9  40.0   3.9   -9.0   -9.0   -9.0   -9.0   -9.0   -9.0   -9.0 -9 -9 -                        0   0   -9 -         -9  -9  -9  1738  1.0  1.51 -9   5.5  -0.8  -1.3  -1.2  -0.5  -9 -9.0 -9  3  2
202502111700 108   2  1.8  -9 -9.0   -9 1015.0 1025.6 -9  -9.0   6.4  -6.5  39.0   3.8   -9.0   -9.0   -9.0   -9.0   -9.0   -9.0   -9.0 -9 -9 -                        0   0   -9 -         -9  -9  -9  1812  1.0  0.81 -9   1.0  -0.6  -1.2  -1.1  -0.5  -9 -9.0 -9  3  2
202502111800 108  34  2.5  -9 -9.0   -9 1015.0 1025.7  5  -0.6   4.7  -6.8  43.0   3.7   -9.0   -9.0   -9.0   -9.0   -9.0   -9.0   -9.0 -9 -9 -                        5   0   -9 Ci         1   0   0  1724  0.4  0.22 -9  -0.2  -0.6  -1.1  -1.1  -0.5  -9 -9.0 -9  3  2
202502111900 108   7  1.2  -9 -9.0   -9 1014.9 1025.6 -9  -9.0   3.7  -6.5  47.0   3.8   -9.0   -9.0   -9.0   -9.0   -9.0   -9.0   -9.0 -9 -9 -                        7   6   61 -         -9  -9  -9  1626  0.0  0.00 -9  -0.2  -0.5  -1.1  -1.1  -0.5  -9 -9.0 -9  3 -9
202502112000 108   5  2.6  -9 -9.0   -9 1014.4 1025.2 -9  -9.0   2.5  -6.6  51.0   3.7   -9.0   -9.0   -9.0   -9.0   -9.0   -9.0   -9.0 -9 -9 -                        6   6   65 -         -9  -9  -9  1623 -9.0 -9.00 -9  -0.3  -0.5  -1.1  -1.1  -0.5  -9 -9.0 -9  3 -9
202502112100 108   5  2.4  -9 -9.0   -9 1013.8 1024.6  7  -1.1   2.0  -7.0  51.0   3.6   -9.0   -9.0   -9.0   -9.0   -9.0   -9.0   -9.0 -9 -9 -                        4   0   -9 Ci         1   0   0  1761 -9.0 -9.00 -9  -0.5  -0.5  -1.1  -1.0  -0.5  -9 -9.0 -9  3  2
202502112200 108   7  0.9  -9 -9.0   -9 1013.1 1023.9 -9  -9.0   1.3  -7.7  51.0   3.4   -9.0   -9.0   -9.0   -9.0   -9.0   -9.0   -9.0 -9 -9 -                        8   8   67 -         -9  -9  -9  2050 -9.0 -9.00 -9  -0.5  -0.5  -1.0  -1.0  -0.5  -9 -9.0 -9  3 -9
202502112300 108   7  2.7  -9 -9.0   -9 1012.5 1023.3 -9  -9.0   1.3  -8.0  50.0   3.3   -9.0   -9.0   -9.0   -9.0   -9.0   -9.0   -9.0 -9 -9 -                        7   6   32 -         -9  -9  -9  2106 -9.0 -9.00 -9  -0.7  -0.5  -1.0  -1.0  -0.5  -9 -9.0 -9  3 -9
202502120000 108   7  2.8  -9 -9.0   -9 1011.8 1022.6  7  -2.0   1.3  -8.7  47.0   3.2   -9.0   -9.0   -9.0   -9.0   -9.0   -9.0   -9.0 -9 -9 -                        8   4   31 AcCi       1   3   0  2521 -9.0 -9.00 -9  -0.6  -0.5  -1.0  -0.9  -0.4  -9 -9.0 -9  3  2
202502120100 108   5  1.3  -9 -9.0   -9 1012.5 1023.3 -9  -9.0   1.3  -8.0  50.0   3.3   -9.0   -9.0   -9.0   -9.0   -9.0   -9.0   -9.0 -9 -9 -                       10   8   33 -         -9  -9  -9  2387 -9.0 -9.00 -9  -0.4  -0.5  -1.0  -0.9  -0.4  -9 -9.0 -9  3 -9
202502120200 108   5  2.3  -9 -9.0   -9 1011.6 1022.4 -9  -9.0   1.7  -7.3  51.0   3.5   -9.0   -9.0   -9.0   -9.0   -9.0   -9.0   -9.0 -9 -9 -                       10   1   20 -         -9  -9  -9  2114 -9.0 -9.00 -9  -0.4  -0.5  -1.0  -0.9  -0.4  -9 -9.0 -9  3 -9
202502120300 108   7  1.8  -9 -9.0   -9 1011.7 1022.5  5  -0.1   1.9  -7.4  50.0   3.5    0.0    0.0    0.0   -9.0   -9.0   -9.0   -9.0 22 72 05                      10   7   11 ScAs      -9   2   5  2206 -9.0 -9.00 -9  -0.4  -0.5  -1.0  -0.9  -0.4  -9 -9.0 -9  4  1
202502120400 108  25  1.2  -9 -9.0   -9 1010.2 1021.0 -9  -9.0   2.0  -6.1  55.0   3.9   -9.0    0.0    0.0   -9.0   -9.0   -9.0   -9.0 -9 -9 -                       10   6    8 ScAs      -9   2   5  2306 -9.0 -9.00 -9  -0.4  -0.5  -1.0  -0.9  -0.4  -9 -9.0 -9  3  2
202502120500 108  16  2.4  -9 -9.0   -9 1009.4 1020.2 -9  -9.0   2.1  -4.0  64.0   4.5   -9.0    0.0    0.0   -9.0   -9.0   -9.0   -9.0 70 72 05                      10   8    8 ScAs      -9   2   5   871 -9.0 -9.00 -9  -0.4  -0.4  -1.0  -0.9  -0.4  -9 -9.0 -9  4  1
202502120600 108   7  2.1  -9 -9.0   -9 1008.0 1018.8  7  -3.7   1.1  -1.8  81.0   5.4    0.2    0.2    0.2   -9.0    0.4    0.4    0.4 71 77 05                      10   8    7 StNs      -9   2   7   306 -9.0 -9.00 -9  -0.3  -0.4  -1.0  -0.9  -0.4  -9 -9.0 -9  4  1
202502120700 108   7  2.2  -9 -9.0   -9 1006.7 1017.5 -9  -9.0   0.5  -1.2  88.0   5.6   -9.0    0.6    0.6   -9.0   -9.0    0.9    0.9 71 77 05                      10   8    6 StNs      -9   2   7   179 -9.0 -9.00 -9  -0.3  -0.4  -0.9  -0.8  -0.4  -9 -9.0 -9  4  1
202502120800 108   7  2.5  -9 -9.0   -9 1005.9 1016.7 -9  -9.0   0.5  -0.8  91.0   5.8   -9.0    1.0    1.0   -9.0   -9.0    1.5    1.5 71 77 05                      10   8    5 StNs      -9   2   7   228  0.0  0.00 -9  -0.3  -0.4  -0.9  -0.8  -0.4  -9 -9.0 -9  4  1
202502120900 108   5  3.0  -9 -9.0   -9 1005.2 1016.0  7  -2.8   0.5  -0.8  91.0   5.8    1.1    1.3    1.3   -9.0    1.1    1.5    1.5 71 77 05                      10   8    4 StNs      -9   2   7   234  0.0  0.04 -9  -0.3  -0.4  -0.9  -0.8  -0.4  -9 -9.0 -9  1  1
202502121000 108   5  2.7  -9 -9.0   -9 1004.6 1015.4 -9  -9.0   0.6  -0.7  91.0   5.8   -9.0    1.8    1.8   -9.0   -9.0    1.9    1.9 71 77 05                      10   8    4 StNs      -9   2   7   146  0.0  0.11 -9  -0.3  -0.4  -1.0  -0.9  -0.4  -9 -9.0 -9  4  1
202502121100 108   5  2.4  -9 -9.0   -9 1003.9 1014.6 -9  -9.0   0.9  -0.4  91.0   5.9   -9.0    2.2    2.2   -9.0   -9.0    2.1    2.1 71 77 05                      10   7    4 StNs      -9   2   7   260  0.0  0.20 -9  -0.3  -0.4  -0.9  -0.9  -0.4  -9 -9.0 -9  4  1
202502121200 108   5  1.8  -9 -9.0   -9 1003.1 1013.8  7  -2.2   1.2  -0.4  89.0   5.9    1.0    2.3    2.3   -9.0    0.6    2.1    2.1 71 77 05                      10   7    4 StNs      -9   2   7   316  0.0  0.16 -9  -0.3  -0.4  -0.9  -0.9  -0.4  -9 -9.0 -9  4  1
202502121300 108   5  1.6  -9 -9.0   -9 1002.1 1012.8 -9  -9.0   1.5  -0.1  89.0   6.1   -9.0    2.4    2.4   -9.0   -9.0    2.0    2.0 71 77 05                      10  10    3 St        -9  -9   7   274  0.0  0.19 -9  -0.3  -0.4  -0.9  -0.9  -0.4  -9 -9.0 -9  4  1
202502121400 108  18  0.7  -9 -9.0   -9 1001.3 1012.0 -9  -9.0   1.7  -0.2  87.0   6.0   -9.0    2.4    2.4   -9.0   -9.0    1.8    1.8 71 77 05                      10  10    3 St        -9  -9   7   289  0.0  0.15 -9  -0.3  -0.4  -0.9  -0.9  -0.5  -9 -9.0 -9  4  1
202502121500 108  23  1.2  -9 -9.0   -9 1000.6 1011.3  7  -2.5   2.1   0.9  92.0   6.5    0.2    2.5    2.5   -9.0    0.0    1.8    1.8 51 75 190502                  10  10    2 St        -9  -9   7   142  0.0  0.17 -9  -0.3  -0.4  -0.9  -0.9  -0.4  -9 -9.0 -9  4  1
202502121600 108  27  3.0  -9 -9.0   -9 1000.7 1011.3 -9  -9.0   2.4   1.6  95.0   6.9   -9.0    2.5    2.5   -9.0   -9.0    1.4    1.4 20 52 1902                    10  10    3 St        -9  -9   6   155  0.0  0.13 -9  -0.3  -0.4  -0.9  -0.9  -0.4  -9 -9.0 -9  4  1
202502121700 108  27  3.6  -9 -9.0   -9 1001.6 1012.3 -9  -9.0   2.1   1.3  95.0   6.7   -9.0    2.5    2.5   -9.0   -9.0    1.0    1.0 50 52 1902                    10  10    2 St        -9  -9   7   145  0.0  0.07 -9  -0.3  -0.4  -0.9  -0.9  -0.4  -9 -9.0 -9  4  1
202502121800 108  25  4.1  -9 -9.0   -9 1002.6 1013.3  2   2.0   1.8   0.0  88.0   6.1    0.0    2.5    2.5   -9.0   -9.0    0.5    0.5 20 52 1902                     8   8    3 St         0   0   6   586  0.0  0.06 -9  -0.3  -0.4  -0.9  -0.9  -0.5  -9 -9.0 -9  4  1
202502121900 108  27  3.3  -9 -9.0   -9 1004.0 1014.7 -9  -9.0   1.3  -1.9  79.0   5.3   -9.0    2.5    2.5   -9.0   -9.0    0.5    0.5 -9 -9 19                       8   8    5 -         -9  -9  -9  2041  0.0  0.00 -9  -0.3  -0.4  -0.9  -0.9  -0.4  -9 -9.0 -9  3  2
202502122000 108  27  4.9  32 10.0 1953 1006.0 1016.8 -9  -9.0   0.0  -4.0  74.0   4.5   -9.0    2.5    2.5   -9.0   -9.0    0.5    0.5 -9 -9 -                        8   1    8 -         -9  -9  -9  3139 -9.0 -9.00 -9  -0.2  -0.4  -0.9  -0.9  -0.4  -9 -9.0 -9  3  2
202502122100 108  27  4.6  32 11.0 2008 1007.8 1018.7  2   5.4  -1.4  -8.6  58.0   3.2   -9.0    2.5    2.5   -9.0   -9.0    0.5    0.5 -9 51 -                        2   0   -9 Ci         1   0   0  3110 -9.0 -9.00 -9  -0.4  -0.4  -0.9  -0.9  -0.5  -9 -9.0 -9  3  1
202502122200 108  27  3.5  32 10.0 2137 1009.3 1020.2 -9  -9.0  -2.1  -9.2  58.0   3.0   -9.0    2.5    2.5   -9.0   -9.0    0.5    0.5 -9 -9 -                        0   0   -9 -         -9  -9  -9  3045 -9.0 -9.00 -9  -0.8  -0.4  -0.9  -0.9  -0.5  -9 -9.0 -9  3  2
202502122300 108  27  3.7  -9 -9.0   -9 1010.4 1021.4 -9  -9.0  -2.5  -9.4  59.0   3.0   -9.0    2.5    2.5   -9.0   -9.0    0.5    0.5 -9 -9 -                        0   0   -9 -         -9  -9  -9  3396 -9.0 -9.00 -9  -1.1  -0.4  -0.9  -0.9  -0.5  -9 -9.0 -9  3  2
202502130000 108  27  3.5  32 10.0 2137 1011.1 1022.1  2   3.4  -2.9 -10.2  57.0   2.8   -9.0    2.5    2.5   -9.0   -9.0    0.5    0.5 -9 -9 -                        0   0   -9 -         -9  -9  -9  3924 -9.0 -9.00 -9  -1.5  -0.4  -0.9  -0.9  -0.5  -9 -9.0 -9  3  2
202502130100 108  25  2.4  -9 -9.0   -9 1011.4 1022.4 -9  -9.0  -3.5 -11.2  55.0   2.6   -9.0   -9.0   -9.0   -9.0   -9.0   -9.0    0.5 -9 -9 -                        0   0   -9 -         -9  -9  -9  4413 -9.0 -9.00 -9  -2.2  -0.4  -1.0  -0.9  -0.5  -9 -9.0 -9  3  2
202502130200 108  25  1.5  -9 -9.0   -9 1012.4 1023.4 -9  -9.0  -3.8 -11.3  56.0   2.6   -9.0   -9.0   -9.0   -9.0   -9.0   -9.0    0.5 -9 -9 -                        0   0   -9 -         -9  -9  -9  4183 -9.0 -9.00 -9  -2.7  -0.5  -0.8  -0.5  -0.1  -9 -9.0 -9  3  2
202502130300 108  25  2.7  32 10.0 2137 1012.6 1023.6  2   1.5  -4.0 -11.7  55.0   2.5   -9.0   -9.0   -9.0   -9.0   -9.0   -9.0    0.5 -9 -9 -                        0   0   -9 -         -9  -9  -9  4437 -9.0 -9.00 -9  -3.1  -0.7  -1.0  -0.5  -0.1  -9 -9.0 -9  3  2
202502130400 108  25  2.3  -9 -9.0   -9 1012.8 1023.9 -9  -9.0  -4.3 -12.7  52.0   2.3   -9.0   -9.0   -9.0   -9.0   -9.0   -9.0    0.5 -9 -9 -                        0   0   -9 -         -9  -9  -9  4323 -9.0 -9.00 -9  -3.4  -0.8  -1.1  -0.5  -0.1  -9 -9.0 -9  3  2
202502130500 108  27  0.5  -9 -9.0   -9 1012.9 1024.0 -9  -9.0  -4.9 -12.7  54.0   2.3   -9.0   -9.0   -9.0   -9.0   -9.0   -9.0    0.5 -9 -9 -                        0   0   -9 -         -9  -9  -9  4288 -9.0 -9.00 -9  -3.9  -1.0  -1.3  -0.5  -0.1  -9 -9.0 -9  3  2
202502130600 108  27  1.0  -9 -9.0   -9 1013.1 1024.2  2   0.6  -5.4 -12.5  57.0   2.3   -9.0   -9.0   -9.0   -9.0   -9.0   -9.0    0.5 -9 -9 -                        0   0   -9 -         -9  -9  -9  4222 -9.0 -9.00 -9  -4.2  -1.2  -1.5  -0.5  -0.1  -9 -9.0 -9  3  2
202502130700 108  23  0.6  -9 -9.0   -9 1013.5 1024.6 -9  -9.0  -5.8 -12.1  61.0   2.4   -9.0   -9.0   -9.0   -9.0   -9.0   -9.0    0.5 -9 -9 -                        0   0   -9 -         -9  -9  -9  4302 -9.0 -9.00 -9  -4.6  -1.5  -1.7  -0.5  -0.1  -9 -9.0 -9  3  2
202502130800 108  34  0.6  -9 -9.0   -9 1013.7 1024.8 -9  -9.0  -5.4 -11.5  62.0   2.5   -9.0   -9.0   -9.0   -9.0   -9.0   -9.0    0.5 -9 -9 -                        0   0   -9 -         -9  -9  -9  3945  0.0  0.04 -9  -4.5  -1.7  -1.9  -0.5  -0.1  -9 -9.0 -9  3  2
202502130900 108   0  0.3  -9 -9.0   -9 1013.6 1024.6  0   0.4  -3.6 -11.8  53.0   2.5   -9.0   -9.0   -9.0   -9.0   -9.0   -9.0    0.5 -9 -9 -                        0   0   -9 -         -9  -9  -9  3615  1.0  0.54 -9  -3.3  -1.8  -2.2  -0.8  -0.4  -9 -9.0 -9  3  2
202502131000 108  18  1.9  -9 -9.0   -9 1013.5 1024.4 -9  -9.0  -0.2  -9.1  51.0   3.1   -9.0   -9.0   -9.0   -9.0   -9.0   -9.0    0.5 -9 -9 -                        0   0   -9 -         -9  -9  -9  2898  1.0  1.35 -9  -0.8  -1.5  -2.1  -0.9  -0.5  -9 -9.0 -9  3  2
202502131100 108  20  1.6  -9 -9.0   -9 1013.3 1024.1 -9  -9.0   1.9  -9.9  41.0   2.9   -9.0   -9.0   -9.0   -9.0   -9.0   -9.0    0.5 -9 -9 -                        0   0   -9 -         -9  -9  -9  3448  1.0  1.93 -9   0.0  -1.2  -1.8  -1.0  -0.5  -9 -9.0 -9  3  2
202502131200 108  27  2.8  -9 -9.0   -9 1012.9 1023.7  7  -0.9   3.0  -9.9  38.0   2.9   -9.0   -9.0   -9.0   -9.0   -9.0   -9.0   -9.0 -9 -9 -                        0   0   -9 -         -9  -9  -9  3679  1.0  2.35 -9   2.4  -1.1  -1.6  -1.0  -0.5  -9 -9.0 -9  3  2
202502131300 108  23  4.4  -9 -9.0   -9 1012.4 1023.1 -9  -9.0   4.6  -8.1  39.0   3.3   -9.0   -9.0   -9.0   -9.0   -9.0   -9.0   -9.0 -9 -9 -                        0   0   -9 -         -9  -9  -9  3724  1.0  2.56 -9   6.7  -1.0  -1.4  -1.0  -0.5  -9 -9.0 -9  3  2
202502131400 108  27  4.8  -9 -9.0   -9 1011.7 1022.4 -9  -9.0   5.1  -8.0  38.0   3.3   -9.0   -9.0   -9.0   -9.0   -9.0   -9.0   -9.0 -9 -9 -                        0   0   -9 -         -9  -9  -9  3705  1.0  2.51 -9   9.0  -0.9  -1.3  -0.9  -0.4  -9 -9.0 -9  3  2
202502131500 108  27  4.3  -9 -9.0   -9 1011.2 1021.8  7  -1.9   5.6  -8.3  36.0   3.3   -9.0   -9.0   -9.0   -9.0   -9.0   -9.0   -9.0 -9 -9 -                        0   0   -9 -         -9  -9  -9  3490  1.0  2.22 -9   8.2  -0.8  -1.2  -1.0  -0.5  -9 -9.0 -9  3  2
202502131600 108  25  3.8  -9 -9.0   -9 1010.5 1021.1 -9  -9.0   5.9  -7.0  39.0   3.6   -9.0   -9.0   -9.0   -9.0   -9.0   -9.0   -9.0 -9 -9 -                        0   0   -9 -         -9  -9  -9  4046  1.0  1.72 -9   5.5  -0.7  -1.1  -1.0  -0.5  -9 -9.0 -9  3  2
202502131700 108  23  3.1  -9 -9.0   -9 1010.8 1021.4 -9  -9.0   5.2  -5.7  45.0   4.0   -9.0   -9.0   -9.0   -9.0   -9.0   -9.0   -9.0 -9 -9 -                        0   0   -9 -         -9  -9  -9  3865  1.0  0.99 -9   0.7  -0.5  -1.1  -1.0  -0.5  -9 -9.0 -9  3  2
202502131800 108  25  3.5  -9 -9.0   -9 1010.7 1021.4  5  -0.4   3.7  -4.7  54.0   4.3   -9.0   -9.0   -9.0   -9.0   -9.0   -9.0   -9.0 -9 -9 -                        0   0   -9 -         -9  -9  -9  3541  0.6  0.29 -9  -0.3  -0.5  -1.1  -1.0  -0.5  -9 -9.0 -9  3  2
202502131900 108  25  2.8  -9 -9.0   -9 1011.3 1022.0 -9  -9.0   2.9  -4.7  57.0   4.3   -9.0   -9.0   -9.0   -9.0   -9.0   -9.0   -9.0 -9 -9 -                        0   0   -9 -         -9  -9  -9  3352  0.0  0.00 -9  -0.2  -0.5  -1.1  -1.0  -0.5  -9 -9.0 -9  3 -9
202502132000 108  25  2.3  -9 -9.0   -9 1011.4 1022.2 -9  -9.0   2.4  -5.2  57.0   4.2   -9.0   -9.0   -9.0   -9.0   -9.0   -9.0   -9.0 -9 -9 -                        0   0   -9 -         -9  -9  -9  3261 -9.0 -9.00 -9  -0.3  -0.5  -1.0  -1.0  -0.5  -9 -9.0 -9  3 -9
202502132100 108  25  2.2  -9 -9.0   -9 1011.6 1022.4  2   1.0   2.1  -4.8  60.0   4.3   -9.0   -9.0   -9.0   -9.0   -9.0   -9.0   -9.0 -9 -9 -                        0   0   -9 -         -9  -9  -9  3174 -9.0 -9.00 -9  -0.5  -0.4  -1.0  -1.0  -0.5  -9 -9.0 -9  3  2
202502132200 108  23  1.4  -9 -9.0   -9 1011.9 1022.7 -9  -9.0   1.7  -4.8  62.0   4.3   -9.0   -9.0   -9.0   -9.0   -9.0   -9.0   -9.0 -9 -9 -                        0   0   -9 -         -9  -9  -9  2670 -9.0 -9.00 -9  -0.6  -0.4  -1.0  -1.0  -0.5  -9 -9.0 -9  3 -9
202502132300 108  23  1.1  -9 -9.0   -9 1011.8 1022.6 -9  -9.0   1.0  -4.4  67.0   4.4   -9.0   -9.0   -9.0   -9.0   -9.0   -9.0   -9.0 -9 -9 -                        0   0   -9 -         -9  -9  -9  2368 -9.0 -9.00 -9  -0.8  -0.4  -1.0  -1.0  -0.5  -9 -9.0 -9  3 -9
202502140000 108   0  0.1  -9 -9.0   -9 1011.7 1022.5  0   0.1   0.5  -3.9  72.0   4.6   -9.0   -9.0   -9.0   -9.0   -9.0   -9.0   -9.0 -9 -9 -                        0   0   -9 -         -9  -9  -9  2134 -9.0 -9.00 -9  -0.9  -0.4  -1.0  -1.0  -0.5  -9 -9.0 -9  3  2
202502140100 108  23  1.1  -9 -9.0   -9 1011.9 1022.8 -9  -9.0   0.3  -3.6  75.0   4.7   -9.0   -9.0   -9.0   -9.0   -9.0   -9.0   -9.0 -9 -9 -                        0   0   -9 -         -9  -9  -9  2020 -9.0 -9.00 -9  -1.0  -0.4  -1.0  -1.0  -0.5  -9 -9.0 -9  3 -9
202502140200 108  20  0.7  -9 -9.0   -9 1012.0 1022.9 -9  -9.0  -0.1  -3.4  78.0   4.8   -9.0   -9.0   -9.0   -9.0   -9.0   -9.0   -9.0 -9 -9 -                        0   0   -9 -         -9  -9  -9  1876 -9.0 -9.00 -9  -1.1  -0.5  -1.1  -1.0  -0.5  -9 -9.0 -9  3 -9
202502140300 108  36  0.5  -9 -9.0   -9 1011.9 1022.8  0   0.3  -0.4  -3.4  80.0   4.8   -9.0   -9.0   -9.0   -9.0   -9.0   -9.0   -9.0 -9 -9 -                        0   0   -9 -         -9  -9  -9  1784 -9.0 -9.00 -9  -1.3  -0.5  -1.1  -0.9  -0.5  -9 -9.0 -9  3  2
202502140400 108   0  0.1  -9 -9.0   -9 1011.6 1022.5 -9  -9.0  -0.4  -3.1  82.0   4.9   -9.0   -9.0   -9.0   -9.0   -9.0   -9.0   -9.0 -9 -9 -                        0   0   -9 -         -9  -9  -9  1701 -9.0 -9.00 -9  -1.4  -0.5  -1.2  -0.9  -0.5  -9 -9.0 -9  3  2
202502140500 108   2  1.7  -9 -9.0   -9 1011.5 1022.4 -9  -9.0  -0.9  -3.4  83.0   4.8   -9.0   -9.0   -9.0   -9.0   -9.0   -9.0   -9.0 -9 -9 -                        0   0   -9 -         -9  -9  -9  1590 -9.0 -9.00 -9  -1.5  -0.6  -1.2  -0.9  -0.5  -9 -9.0 -9  3  2
202502140600 108   2  1.7  -9 -9.0   -9 1011.7 1022.6  5  -0.2  -1.0  -3.3  84.0   4.8   -9.0   -9.0   -9.0   -9.0   -9.0   -9.0   -9.0 -9 -9 -                        0   0   -9 -         -9  -9  -9  1662 -9.0 -9.00 -9  -1.7  -0.6  -1.3  -0.9  -0.5  -9 -9.0 -9  3  2
202502140700 108   2  2.3  -9 -9.0   -9 1011.5 1022.4 -9  -9.0  -1.4  -3.7  84.0   4.6   -9.0   -9.0   -9.0   -9.0   -9.0   -9.0   -9.0 -9 -9 -                        0   0   -9 -         -9  -9  -9  1676 -9.0 -9.00 -9  -2.0  -0.7  -1.4  -0.9  -0.5  -9 -9.0 -9  3  2
202502140800 108   2  2.0  -9 -9.0   -9 1011.8 1022.7 -9  -9.0  -1.5  -3.5  86.0   4.7   -9.0   -9.0   -9.0   -9.0   -9.0   -9.0   -9.0 -9 -9 -                        0   0   -9 -         -9  -9  -9  1504  0.0  0.04 -9  -2.0  -0.8  -1.4  -0.9  -0.5  -9 -9.0 -9  3  2
202502140900 108   5  2.6  -9 -9.0   -9 1012.0 1022.9  3   0.3  -0.1  -2.1  86.0   5.2   -9.0   -9.0   -9.0   -9.0   -9.0   -9.0   -9.0 -9 -9 -                        0   0   -9 -         -9  -9  -9  1537  0.9  0.49 -9  -0.8  -0.8  -1.4  -0.9  -0.5  -9 -9.0 -9  3  2
202502141000 108   2  2.2  -9 -9.0   -9 1012.1 1022.9 -9  -9.0   2.4  -1.4  76.0   5.5   -9.0   -9.0   -9.0   -9.0   -9.0   -9.0   -9.0 -9 -9 -                        0   0   -9 -         -9  -9  -9  1370  1.0  1.19 -9  -0.1  -0.8  -1.3  -0.9  -0.5  -9 -9.0 -9  3  2
202502141100 108  18  1.4  -9 -9.0   -9 1011.7 1022.3 -9  -9.0   5.3   0.4  71.0   6.3   -9.0   -9.0   -9.0   -9.0   -9.0   -9.0   -9.0 -9 -9 -                        0   0   -9 -         -9  -9  -9  1299  1.0  1.69 -9   2.4  -0.7  -1.2  -0.9  -0.4  -9 -9.0 -9  3  2
202502141200 108  23  2.5  -9 -9.0   -9 1011.0 1021.5  7  -1.4   7.6   0.0  59.0   6.1   -9.0   -9.0   -9.0   -9.0   -9.0   -9.0   -9.0 -9 -9 -                        0   0   -9 -         -9  -9  -9  1143  1.0  2.21 -9   6.6  -0.7  -1.1  -0.9  -0.4  -9 -9.0 -9  3  2
202502141300 108  18  2.7  -9 -9.0   -9 1010.1 1020.6 -9  -9.0   9.1  -0.2  52.0   6.0   -9.0   -9.0   -9.0   -9.0   -9.0   -9.0   -9.0 -9 -9 -                        0   0   -9 -         -9  -9  -9  1267  1.0  2.39 -9   9.8  -0.7  -1.1  -0.9  -0.4  -9 -9.0 -9  3  2
202502141400 108  23  3.4  -9 -9.0   -9 1009.4 1019.8 -9  -9.0   9.7  -1.0  47.0   5.7   -9.0   -9.0   -9.0   -9.0   -9.0   -9.0   -9.0 -9 -9 -                        3   0   -9 Ci         1   0   0  1065  1.0  2.30 -9  10.4  -0.7  -1.0  -0.9  -0.4  -9 -9.0 -9  3  2
202502141500 108  27  3.3  -9 -9.0   -9 1009.2 1019.6  7  -1.9   9.7  -3.9  38.0   4.6   -9.0   -9.0   -9.0   -9.0   -9.0   -9.0   -9.0 -9 -9 -                        5   0   -9 Ci         1   0   0  1315  1.0  1.87 -9   8.6  -0.6  -1.0  -0.9  -0.4  -9 -9.0 -9  3  2
202502141600 108  23  3.4  -9 -9.0   -9 1009.2 1019.6 -9  -9.0   9.6  -4.4  37.0   4.4   -9.0   -9.0   -9.0   -9.0   -9.0   -9.0   -9.0 -9 -9 -                        3   0   -9 Ci         1   0   0  1277  1.0  1.41 -9   5.6  -0.6  -1.0  -0.9  -0.4  -9 -9.0 -9  3  2
202502141700 108  25  3.6  -9 -9.0   -9 1009.2 1019.7 -9  -9.0   8.6  -6.7  33.0   3.7   -9.0   -9.0   -9.0   -9.0   -9.0   -9.0   -9.0 -9 -9 -                        4   0   -9 Ci         1   0   0  1381  1.0  0.87 -9   1.8  -0.5  -0.9  -0.9  -0.4  -9 -9.0 -9  3  2
202502141800 108  27  2.5  -9 -9.0   -9 1009.1 1019.6  4   0.0   7.1  -6.2  38.0   3.8   -9.0   -9.0   -9.0   -9.0   -9.0   -9.0   -9.0 -9 -9 -                        5   0   -9 Ci         1   0   0  1461  0.6  0.29 -9  -0.5  -0.4  -0.9  -0.9  -0.4  -9 -9.0 -9  3  2
202502141900 108  25  1.3  -9 -9.0   -9 1009.3 1019.9 -9  -9.0   6.0  -4.7  46.0   4.3   -9.0   -9.0   -9.0   -9.0   -9.0   -9.0   -9.0 -9 -9 -                        0   0   -9 -         -9  -9  -9  1333  0.0  0.00 -9  -0.3  -0.4  -0.9  -0.9  -0.4  -9 -9.0 -9  3 -9
202502142000 108  27  1.5  -9 -9.0   -9 1009.7 1020.3 -9  -9.0   4.9  -2.9  57.0   4.9   -9.0   -9.0   -9.0   -9.0   -9.0   -9.0   -9.0 -9 -9 -                        2   2   49 -         -9  -9  -9  1126 -9.0 -9.00 -9  -0.2  -0.4  -0.9  -0.9  -0.4  -9 -9.0 -9  3 -9
202502142100 108  25  1.9  -9 -9.0   -9 1009.9 1020.6  2   1.0   4.1  -1.0  69.0   5.7   -9.0   -9.0   -9.0   -9.0   -9.0   -9.0   -9.0  5  0 40                       2   0   -9 Ci         1   0   0   904 -9.0 -9.00 -9  -0.3  -0.4  -0.9  -0.9  -0.4  -9 -9.0 -9  3  1
202502142200 108  23  1.7  -9 -9.0   -9 1010.3 1021.0 -9  -9.0   3.6  -0.2  76.0   6.0   -9.0   -9.0   -9.0   -9.0   -9.0   -9.0   -9.0 -9 -9 40                       0   0   -9 -         -9  -9  -9   716 -9.0 -9.00 -9  -0.4  -0.3  -0.9  -0.9  -0.5  -9 -9.0 -9  3  2
202502142300 108  25  1.7  -9 -9.0   -9 1010.2 1020.9 -9  -9.0   3.0   0.0  81.0   6.1   -9.0   -9.0   -9.0   -9.0   -9.0   -9.0   -9.0 -9 -9 4019                     0   0   -9 -         -9  -9  -9   570 -9.0 -9.00 -9  -0.5  -0.3  -0.9  -0.9  -0.5  -9 -9.0 -9  3  2
202502150000 108  27  1.1  -9 -9.0   -9 1010.2 1020.9  0   0.3   2.5   0.2  85.0   6.2   -9.0   -9.0   -9.0   -9.0   -9.0   -9.0   -9.0 10  0 19                       0   0   -9 -         -9  -9  -9   463 -9.0 -9.00 -9  -0.6  -0.3  -0.9  -0.9  -0.5  -9 -9.0 -9  3  1
202502150100 108   0  0.0  -9 -9.0   -9 1010.2 1020.9 -9  -9.0   2.4   0.2  86.0   6.2   -9.0   -9.0   -9.0   -9.0   -9.0   -9.0   -9.0 -9 -9 19                       0   0   -9 -         -9  -9  -9   456 -9.0 -9.00 -9  -0.4  -0.3  -0.9  -0.9  -0.5  -9 -9.0 -9  3  2
202502150200 108  34  1.3  -9 -9.0   -9 1009.6 1020.3 -9  -9.0   2.3   0.5  88.0   6.3   -9.0   -9.0   -9.0   -9.0   -9.0   -9.0   -9.0 -9 -9 19                       0   0   -9 -         -9  -9  -9   338 -9.0 -9.00 -9  -0.7  -0.3  -0.9  -0.9  -0.5  -9 -9.0 -9  3  2
202502150300 108   0  0.1  -9 -9.0   -9 1009.4 1020.2  7  -0.7   1.7   0.2  90.0   6.2   -9.0   -9.0   -9.0   -9.0   -9.0   -9.0   -9.0 10  0 19                       0   0   -9 -         -9  -9  -9   321 -9.0 -9.00 -9  -0.8  -0.3  -0.9  -0.9  -0.5  -9 -9.0 -9  3  1
202502150400 108   2  1.7  -9 -9.0   -9 1008.8 1019.6 -9  -9.0   1.2  -0.2  90.0   6.0   -9.0   -9.0   -9.0   -9.0   -9.0   -9.0   -9.0 10 22 19                       6   4    7 ScCi       1   0   5   277 -9.0 -9.00 -9  -0.8  -0.3  -0.9  -0.9  -0.5  -9 -9.0 -9  3  1
202502150500 108   2  1.7  -9 -9.0   -9 1008.6 1019.4 -9  -9.0   1.1  -0.6  88.0   5.8   -9.0   -9.0   -9.0   -9.0   -9.0   -9.0   -9.0 10 22 19                       6   6    7 Sc         0   0   5   478 -9.0 -9.00 -9  -0.7  -0.3  -0.9  -0.9  -0.5  -9 -9.0 -9  3  1
202502150600 108   5  1.5  -9 -9.0   -9 1008.8 1019.6  5  -0.6   0.8  -0.9  88.0   5.7   -9.0   -9.0   -9.0   -9.0   -9.0   -9.0   -9.0 10 11 19                       4   4    7 Sc         0   0   5   428 -9.0 -9.00 -9  -0.7  -0.3  -0.9  -0.9  -0.5  -9 -9.0 -9  3  1
202502150700 108   5  2.3  -9 -9.0   -9 1008.5 1019.3 -9  -9.0   0.5  -1.1  89.0   5.6   -9.0   -9.0   -9.0   -9.0   -9.0   -9.0   -9.0 10 22 19                       7   7    7 Sc         0   0   5   378 -9.0 -9.00 -9  -0.9  -0.3  -0.9  -0.9  -0.5  -9 -9.0 -9  3  1
202502150800 108   5  2.3  -9 -9.0   -9 1008.6 1019.4 -9  -9.0   0.6  -1.0  89.0   5.7   -9.0   -9.0   -9.0   -9.0   -9.0   -9.0   -9.0 10 22 19                       8   3    7 ScAc       0   3   5   383  0.0  0.04 -9  -0.6  -0.3  -0.9  -0.9  -0.5  -9 -9.0 -9  3  1
202502150900 108   5  1.8  -9 -9.0   -9 1008.3 1019.1  7  -0.5   1.5  -0.1  89.0   6.1   -9.0   -9.0   -9.0   -9.0   -9.0   -9.0   -9.0 10 11 19                       7   7   42 Ac         0   3   0   440  0.1  0.35 -9  -0.4  -0.3  -0.9  -0.9  -0.5  -9 -9.0 -9  3  1
202502151000 108   5  1.7  -9 -9.0   -9 1007.6 1018.3 -9  -9.0   3.2   0.5  83.0   6.3   -9.0   -9.0   -9.0   -9.0   -9.0   -9.0   -9.0 10 22 19                       8   8   36 Ac         0   3   0   473  0.1  0.69 -9  -0.2  -0.3  -0.9  -0.9  -0.5  -9 -9.0 -9  3  1
202502151100 108   7  1.6  -9 -9.0   -9 1007.4 1018.0 -9  -9.0   4.7   0.6  75.0   6.4   -9.0   -9.0   -9.0   -9.0   -9.0   -9.0   -9.0 10 22 19                       8   3    8 ScAc       0   3   5   566  0.1  1.18 -9   0.8  -0.4  -0.9  -0.9  -0.5  -9 -9.0 -9  3  1
202502151200 108   2  1.9  -9 -9.0   -9 1007.0 1017.6  7  -1.5   5.5   0.4  70.0   6.3   -9.0   -9.0   -9.0   -9.0   -9.0   -9.0   -9.0 10 22 19                       9   4    6 ScAc       0   3   5   685  0.0  0.96 -9   1.6  -0.4  -0.9  -0.9  -0.5  -9 -9.0 -9  3  1
202502151300 108  18  2.3  -9 -9.0   -9 1006.0 1016.5 -9  -9.0   6.3   0.6  67.0   6.4   -9.0   -9.0   -9.0   -9.0   -9.0   -9.0   -9.0  5 22 4019                    10   6    7 ScAs      -9   2   5   723  0.0  0.99 -9   2.4  -0.3  -0.9  -0.9  -0.5  -9 -9.0 -9  3  1
202502151400 108  20  3.2  -9 -9.0   -9 1005.5 1016.0 -9  -9.0   6.8   0.2  63.0   6.2   -9.0   -9.0   -9.0   -9.0   -9.0   -9.0   -9.0  5 22 40                      10   3    8 ScAs      -9   1   5   866  0.0  1.01 -9   5.0  -0.4  -0.9  -0.9  -0.5  -9 -9.0 -9  3  1
202502151500 108  27  2.4  -9 -9.0   -9 1004.8 1015.3  7  -2.3   7.8   0.2  59.0   6.2   -9.0   -9.0   -9.0   -9.0   -9.0   -9.0   -9.0 -9 -9 40                       6   6    8 Sc         0   0   5  1046  0.3  1.32 -9   7.8  -0.4  -0.9  -0.9  -0.5  -9 -9.0 -9  3  2
202502151600 108  25  2.6  -9 -9.0   -9 1004.8 1015.3 -9  -9.0   7.7   0.0  58.0   6.1   -9.0   -9.0   -9.0   -9.0   -9.0   -9.0   -9.0 -9 -9 -                        7   7   10 Sc         0   0   5  1048  0.3  0.88 -9   4.8  -0.3  -0.8  -0.9  -0.4  -9 -9.0 -9  3  2
202502151700 108  27  2.3  -9 -9.0   -9 1005.0 1015.5 -9  -9.0   7.2   0.3  62.0   6.2   -9.0   -9.0   -9.0   -9.0   -9.0   -9.0   -9.0 -9 -9 -                        8   8    9 Sc         0   0   5  1117  0.0  0.38 -9   2.7  -0.3  -0.8  -0.9  -0.4  -9 -9.0 -9  3  2
202502151800 108  27  1.6  -9 -9.0   -9 1004.6 1015.1  8  -0.2   6.7   0.3  64.0   6.2   -9.0   -9.0   -9.0   -9.0   -9.0   -9.0   -9.0 -9 -9 -                        7   7   10 Sc         0   0   5  1273  0.0  0.14 -9   1.0  -0.3  -0.8  -0.8  -0.4  -9 -9.0 -9  3  2
202502151900 108  25  2.0  -9 -9.0   -9 1004.9 1015.4 -9  -9.0   6.1   0.6  68.0   6.4   -9.0   -9.0   -9.0   -9.0   -9.0   -9.0   -9.0 -9 -9 -                        5   5    8 -         -9  -9  -9  1180  0.0  0.01 -9   0.1  -0.2  -0.8  -0.8  -0.4  -9 -9.0 -9  3 -9
202502152000 108  23  1.5  -9 -9.0   -9 1005.0 1015.6 -9  -9.0   5.7   0.6  70.0   6.4   -9.0   -9.0   -9.0   -9.0   -9.0   -9.0   -9.0 -9 -9 -                        7   5    8 -         -9  -9  -9  1421 -9.0 -9.00 -9  -0.3  -0.2  -0.8  -0.8  -0.4  -9 -9.0 -9  3 -9
202502152100 108  29  1.4  -9 -9.0   -9 1005.4 1016.0  2   0.9   5.3   0.6  72.0   6.4   -9.0   -9.0   -9.0   -9.0   -9.0   -9.0   -9.0 -9 -9 -                        8   8   11 Sc         0   0   5  1543 -9.0 -9.00 -9  -0.2  -0.3  -0.8  -0.8  -0.4  -9 -9.0 -9  3  2
202502152200 108  25  1.8  -9 -9.0   -9 1006.3 1016.9 -9  -9.0   4.9   0.6  74.0   6.4   -9.0   -9.0   -9.0   -9.0   -9.0   -9.0   -9.0 -9 -9 -                        0   0   -9 -         -9  -9  -9  1274 -9.0 -9.00 -9  -0.2  -0.2  -0.8  -0.8  -0.4  -9 -9.0 -9  3 -9
202502152300 108  23  0.5  -9 -9.0   -9 1006.2 1016.8 -9  -9.0   4.2   0.3  76.0   6.2   -9.0   -9.0   -9.0   -9.0   -9.0   -9.0   -9.0 -9 -9 -                        0   0   -9 -         -9  -9  -9  1131 -9.0 -9.00 -9  -0.2  -0.2  -0.8  -0.8  -0.4  -9 -9.0 -9  3 -9
202502160000 108  23  1.2  -9 -9.0   -9 1006.6 1017.2  2   1.2   3.4   0.2  80.0   6.2   -9.0   -9.0   -9.0   -9.0   -9.0   -9.0   -9.0 10  0 19                       2   0   -9 Ci         1   0   0   875 -9.0 -9.00 -9  -0.2  -0.2  -0.8  -0.8  -0.4  -9 -9.0 -9  3  1
202502160100 108  29  0.5  -9 -9.0   -9 1006.2 1016.9 -9  -9.0   2.8   0.1  83.0   6.2   -9.0   -9.0   -9.0   -9.0   -9.0   -9.0   -9.0 -9 -9 19                       0   0   -9 -         -9  -9  -9   684 -9.0 -9.00 -9  -0.3  -0.2  -0.8  -0.9  -0.5  -9 -9.0 -9  3  2
202502160200 108   2  1.4  -9 -9.0   -9 1006.0 1016.7 -9  -9.0   2.4   0.1  85.0   6.2   -9.0   -9.0   -9.0   -9.0   -9.0   -9.0   -9.0 -9 -9 19                       0   0   -9 -         -9  -9  -9   715 -9.0 -9.00 -9  -0.4  -0.2  -0.8  -0.9  -0.5  -9 -9.0 -9  3  2
202502160300 108   2  0.6  -9 -9.0   -9 1006.4 1017.1  5  -0.1   2.3   0.3  87.0   6.2   -9.0   -9.0   -9.0   -9.0   -9.0   -9.0   -9.0 10 11 19                       8   8   10 Sc         0   0   5   684 -9.0 -9.00 -9  -0.4  -0.2  -0.8  -0.9  -0.5  -9 -9.0 -9  3  1
202502160400 108   5  1.2  -9 -9.0   -9 1005.9 1016.6 -9  -9.0   2.1   0.1  87.0   6.2   -9.0   -9.0   -9.0   -9.0   -9.0   -9.0   -9.0 10 22 19                       8   8   10 Sc         0   0   5   617 -9.0 -9.00 -9  -0.4  -0.2  -0.8  -0.9  -0.5  -9 -9.0 -9  3  1
202502160500 108   2  1.8  -9 -9.0   -9 1005.9 1016.6 -9  -9.0   1.9   0.1  88.0   6.2   -9.0   -9.0   -9.0   -9.0   -9.0   -9.0   -9.0 10 22 19                       6   6    9 Sc         0   0   5   601 -9.0 -9.00 -9  -0.4  -0.2  -0.8  -0.9  -0.5  -9 -9.0 -9  3  1
202502160600 108   2  1.9  -9 -9.0   -9 1005.5 1016.2  7  -0.9   1.7   0.0  88.0   6.1   -9.0   -9.0   -9.0   -9.0   -9.0   -9.0   -9.0 10 22 19                       8   8   10 Sc         0   0   5   536 -9.0 -9.00 -9  -0.5  -0.2  -0.8  -0.9  -0.4  -9 -9.0 -9  3  1
202502160700 108   2  2.1  -9 -9.0   -9 1005.2 1015.9 -9  -9.0   1.4  -0.2  89.0   6.0   -9.0   -9.0   -9.0   -9.0   -9.0   -9.0   -9.0 10 22 19                       6   6    8 Sc         0   0   5   517 -9.0 -9.00 -9  -0.4  -0.2  -0.8  -0.8  -0.4  -9 -9.0 -9  3  1
202502160800 108   2  1.8  -9 -9.0   -9 1005.5 1016.2 -9  -9.0   1.4   0.0  90.0   6.1   -9.0   -9.0   -9.0   -9.0   -9.0   -9.0   -9.0 10 22 19                       7   0   -9 Ci         1   0   0   526  0.0  0.05 -9  -0.4  -0.2  -0.8  -0.8  -0.4  -9 -9.0 -9  3  1
202502160900 108   5  1.6  -9 -9.0   -9 1005.7 1016.4  3   0.2   2.5   0.8  89.0   6.5   -9.0   -9.0   -9.0   -9.0   -9.0   -9.0   -9.0 10 11 19                       2   2   10 Sc         0   0   5   601  0.4  0.43 -9  -0.3  -0.2  -0.8  -0.9  -0.5  -9 -9.0 -9  3  1
202502161000 108   7  1.6  -9 -9.0   -9 1004.9 1015.5 -9  -9.0   4.4   1.5  82.0   6.8   -9.0   -9.0   -9.0   -9.0   -9.0   -9.0   -9.0 10  0 19                       0   0   -9 -         -9  -9  -9   687  0.9  1.01 -9   0.3  -0.3  -0.9  -0.9  -0.5  -9 -9.0 -9  3  1
202502161100 108   7  0.9  -9 -9.0   -9 1005.0 1015.5 -9  -9.0   6.2   2.0  75.0   7.1   -9.0   -9.0   -9.0   -9.0   -9.0   -9.0   -9.0 10 22 19                       7   7    6 Sc         0   0   5   852  0.7  1.36 -9   1.8  -0.3  -0.8  -0.9  -0.4  -9 -9.0 -9  3  1
202502161200 108  18  2.5  -9 -9.0   -9 1004.6 1015.1  7  -1.3   8.0   2.8  70.0   7.5   -9.0   -9.0   -9.0   -9.0   -9.0   -9.0   -9.0 -9 -9 19                       7   7    6 Sc         0   0   5  1048  0.3  1.45 -9   8.4  -0.4  -0.8  -0.9  -0.4  -9 -9.0 -9  3  2
202502161300 108  18  4.5  -9 -9.0   -9 1003.8 1014.2 -9  -9.0   8.6   2.1  64.0   7.1   -9.0   -9.0   -9.0   -9.0   -9.0   -9.0   -9.0  5 22 40                       8   8    7 Sc         0   0   5   921  0.3  1.41 -9   8.4  -0.4  -0.8  -0.9  -0.4  -9 -9.0 -9  3  1
202502161400 108  23  3.6  -9 -9.0   -9 1003.2 1013.6 -9  -9.0   9.4   1.5  58.0   6.8   -9.0   -9.0   -9.0   -9.0   -9.0   -9.0   -9.0  5 22 40                       6   6    8 Sc         0   0   5   771  0.6  1.77 -9  10.5  -0.4  -0.8  -0.8  -0.4  -9 -9.0 -9  3  1
202502161500 108  20  3.8  -9 -9.0   -9 1003.0 1013.4  7  -1.7   8.9   2.8  66.0   7.5   -9.0   -9.0   -9.0   -9.0   -9.0   -9.0   -9.0  5 11 40                       8   8    7 Sc         0   0   5   527  0.1  0.87 -9   5.9  -0.3  -0.8  -0.8  -0.4  -9 -9.0 -9  3  1
202502161600 108  25  3.3  -9 -9.0   -9 1003.2 1013.6 -9  -9.0   8.7   3.3  69.0   7.7   -9.0   -9.0   -9.0   -9.0   -9.0   -9.0   -9.0  5 22 40                       8   8    7 Sc         0   0   5   460  0.1  0.52 -9   4.7  -0.3  -0.8  -0.8  -0.4  -9 -9.0 -9  3  1
202502161700 108  23  3.8  -9 -9.0   -9 1003.1 1013.5 -9  -9.0   8.0   3.2  72.0   7.7   -9.0   -9.0   -9.0   -9.0   -9.0   -9.0   -9.0  5 22 40                       7   7    6 Sc         0   0   5   408  0.0  0.32 -9   3.7  -0.2  -0.8  -0.8  -0.4  -9 -9.0 -9  3  1
202502161800 108  27  3.6  -9 -9.0   -9 1003.3 1013.8  2   0.4   6.7   2.9  77.0   7.5   -9.0   -9.0   -9.0   -9.0   -9.0   -9.0   -9.0  5 11 40                       3   3    7 Sc         0   0   5   285  0.0  0.13 -9   1.7  -0.2  -0.8  -0.8  -0.4  -9 -9.0 -9  3  1
202502161900 108  25  3.2  -9 -9.0   -9 1004.2 1014.7 -9  -9.0   6.0   3.3  83.0   7.7   -9.0   -9.0   -9.0   -9.0   -9.0   -9.0   -9.0 -9 -9 4019                     0   0   -9 -         -9  -9  -9   256  0.0  0.00 -9   0.8  -0.2  -0.8  -0.8  -0.4  -9 -9.0 -9  3  2
202502162000 108  25  3.4  -9 -9.0   -9 1004.8 1015.4 -9  -9.0   5.3   2.9  85.0   7.5   -9.0   -9.0   -9.0   -9.0   -9.0   -9.0   -9.0 -9 -9 19                       2   2    2 -         -9  -9  -9   275 -9.0 -9.00 -9   1.1  -0.2  -0.8  -0.8  -0.4  -9 -9.0 -9  3  2
202502162100 108  27  3.3  -9 -9.0   -9 1005.8 1016.4  2   2.6   4.0   0.1  76.0   6.2   -9.0   -9.0   -9.0   -9.0   -9.0   -9.0   -9.0 10 11 19                       4   4    6 Sc         0   0   5   382 -9.0 -9.00 -9  -0.1  -0.2  -0.8  -0.8  -0.4  -9 -9.0 -9  3  1
202502162200 108  27  4.3  -9 -9.0   -9 1006.8 1017.5 -9  -9.0   2.4  -2.9  68.0   4.9   -9.0   -9.0   -9.0   -9.0   -9.0   -9.0   -9.0 -9 -9 4019                     0   0   -9 -         -9  -9  -9   568 -9.0 -9.00 -9  -0.2  -0.2  -0.8  -0.8  -0.4  -9 -9.0 -9  3  2
202502162300 108  27  3.4  -9 -9.0   -9 1007.5 1018.3 -9  -9.0   1.2  -5.7  60.0   4.0   -9.0   -9.0   -9.0   -9.0   -9.0   -9.0   -9.0 -9 -9 40                       0   0   -9 -         -9  -9  -9  1526 -9.0 -9.00 -9  -0.2  -0.2  -0.8  -0.8  -0.4  -9 -9.0 -9  3  2
202502170000 108  27  3.0  -9 -9.0   -9 1008.4 1019.2  2   2.8   0.4  -8.3  52.0   3.3   -9.0   -9.0   -9.0   -9.0   -9.0   -9.0   -9.0 -9 -9 -                        0   0   -9 -         -9  -9  -9  3045 -9.0 -9.00 -9  -0.6  -0.2  -0.6  -0.4   0.0  -9 -9.0 -9  3  2
202502170100 108  27  3.3  -9 -9.0   -9 1009.2 1020.0 -9  -9.0  -0.1 -10.0  47.0   2.9   -9.0   -9.0   -9.0   -9.0   -9.0   -9.0   -9.0 -9 -9 -                        0   0   -9 -         -9  -9  -9  3983 -9.0 -9.00 -9  -0.9  -0.2  -0.6  -0.5   0.0  -9 -9.0 -9  3 -9
202502170200 108  27  3.0  -9 -9.0   -9 1009.6 1020.5 -9  -9.0  -0.5 -11.8  42.0   2.5   -9.0   -9.0   -9.0   -9.0   -9.0   -9.0   -9.0 -9 -9 -                        0   0   -9 -         -9  -9  -9  4176 -9.0 -9.00 -9  -1.1  -0.2  -0.5  -0.3   0.1  -9 -9.0 -9  3 -9
202502170300 108  27  2.3  -9 -9.0   -9 1009.6 1020.5  1   1.3  -0.9 -14.1  36.0   2.1   -9.0   -9.0   -9.0   -9.0   -9.0   -9.0   -9.0 -9 -9 -                        0   0   -9 -         -9  -9  -9  4225 -9.0 -9.00 -9  -1.3  -0.2  -0.6  -0.4   0.1  -9 -9.0 -9  3  2
202502170400 108  27  4.7  27 11.0  356 1010.3 1021.2 -9  -9.0  -1.0 -14.9  34.0   1.9   -9.0   -9.0   -9.0   -9.0   -9.0   -9.0   -9.0 -9 -9 -                        0   0   -9 -         -9  -9  -9  4029 -9.0 -9.00 -9  -1.6  -0.2  -0.6  -0.5   0.0  -9 -9.0 -9  3  2
202502170500 108  27  4.2  -9 -9.0   -9 1011.4 1022.3 -9  -9.0  -1.1 -14.6  35.0   2.0   -9.0   -9.0   -9.0   -9.0   -9.0   -9.0   -9.0 -9 -9 -                        0   0   -9 -         -9  -9  -9  3841 -9.0 -9.00 -9  -1.8  -0.2  -0.6  -0.5   0.0  -9 -9.0 -9  3  2
202502170600 108  27  2.8  27 11.0  356 1012.0 1022.9  2   2.4  -1.5 -14.0  38.0   2.1   -9.0   -9.0   -9.0   -9.0   -9.0   -9.0   -9.0 -9 -9 -                        0   0   -9 -         -9  -9  -9  3508 -9.0 -9.00 -9  -1.9  -0.2  -0.6  -0.5   0.0  -9 -9.0 -9  3  2
202502170700 108  25  2.8  -9 -9.0   -9 1012.2 1023.1 -9  -9.0  -1.8 -13.0  42.0   2.3   -9.0   -9.0   -9.0   -9.0   -9.0   -9.0   -9.0 -9 -9 -                        0   0   -9 -         -9  -9  -9  3618 -9.0 -9.00 -9  -2.1  -0.2  -0.6  -0.5   0.0  -9 -9.0 -9  3  2
202502170800 108  23  2.8  -9 -9.0   -9 1012.8 1023.7 -9  -9.0  -1.8 -12.7  43.0   2.3   -9.0   -9.0   -9.0   -9.0   -9.0   -9.0   -9.0 -9 -9 -                        0   0   -9 -         -9  -9  -9  3250  0.1  0.06 -9  -1.9  -0.2  -0.6  -0.5   0.0  -9 -9.0 -9  3  2
202502170900 108  27  3.0  27 11.0  356 1013.6 1024.5  2   1.6  -0.6 -12.8  39.0   2.3   -9.0   -9.0   -9.0   -9.0   -9.0   -9.0   -9.0 -9 -9 -                        0   0   -9 -         -9  -9  -9  3159  1.0  0.61 -9  -0.7  -0.2  -0.8  -0.8  -0.4  -9 -9.0 -9  3  2
202502171000 108  29  4.5  -9 -9.0   -9 1013.5 1024.4 -9  -9.0   0.1 -14.6  32.0   2.0   -9.0   -9.0   -9.0   -9.0   -9.0   -9.0   -9.0 -9 -9 -                        0   0   -9 -         -9  -9  -9  3055  1.0  1.41 -9   0.2  -0.3  -0.8  -0.8  -0.3  -9 -9.0 -9  3  2
202502171100 108  29  3.8  27 10.0 1006 1013.4 1024.2 -9  -9.0   0.8 -14.4  31.0   2.0   -9.0   -9.0   -9.0   -9.0   -9.0   -9.0   -9.0 -9 -9 -                        0   0   -9 -         -9  -9  -9  3039  1.0  2.02 -9   2.4  -0.3  -0.8  -0.8  -0.4  -9 -9.0 -9  3  2
202502171200 108  27  3.5  27 10.0 1006 1013.2 1024.0  7  -0.5   1.6 -14.9  28.0   1.9   -9.0   -9.0   -9.0   -9.0   -9.0   -9.0   -9.0 -9 -9 -                        0   0   -9 -         -9  -9  -9  3179  1.0  2.47 -9   6.0  -0.4  -0.8  -0.8  -0.4  -9 -9.0 -9  3  2
202502171300 108  27  4.2  -9 -9.0   -9 1012.6 1023.4 -9  -9.0   2.6 -13.2  30.0   2.2   -9.0   -9.0   -9.0   -9.0   -9.0   -9.0   -9.0 -9 -9 -                        0   0   -9 -         -9  -9  -9  3790  1.0  2.67 -9   8.5  -0.4  -0.8  -0.8  -0.4  -9 -9.0 -9  3  2
202502171400 108  32  4.7  -9 -9.0   -9 1012.3 1023.1 -9  -9.0   2.8 -13.9  28.0   2.1   -9.0   -9.0   -9.0   -9.0   -9.0   -9.0   -9.0 -9 -9 -                        0   0   -9 -         -9  -9  -9  3891  1.0  2.64 -9  10.6  -0.4  -0.8  -0.8  -0.3  -9 -9.0 -9  3  2
202502171500 108  29  4.0  27 10.0 1006 1012.5 1023.3  5  -0.7   2.9 -13.4  29.0   2.2   -9.0   -9.0   -9.0   -9.0   -9.0   -9.0   -9.0 -9 -9 -                        0   0   -9 -         -9  -9  -9  3913  1.0  2.35 -9   9.8  -0.4  -0.8  -0.8  -0.4  -9 -9.0 -9  3  2
202502171600 108  25  5.0  -9 -9.0   -9 1012.6 1023.3 -9  -9.0   3.3 -13.0  29.0   2.3   -9.0   -9.0   -9.0   -9.0   -9.0   -9.0   -9.0 -9 -9 -                        0   0   -9 -         -9  -9  -9  3902  1.0  1.83 -9   6.4  -0.3  -0.8  -0.8  -0.4  -9 -9.0 -9  3  2
202502171700 108  27  4.8  32 10.0 1619 1012.7 1023.5 -9  -9.0   2.3 -13.1  31.0   2.2   -9.0   -9.0   -9.0   -9.0   -9.0   -9.0   -9.0 -9 -9 -                        0   0   -9 -         -9  -9  -9  4610  1.0  1.13 -9   0.6  -0.2  -0.8  -0.8  -0.4  -9 -9.0 -9  3  2
202502171800 108  27  2.7  32 10.0 1619 1012.8 1023.6  2   0.3   1.0 -12.0  37.0   2.4   -9.0   -9.0   -9.0   -9.0   -9.0   -9.0   -9.0 -9 -9 -                        0   0   -9 -         -9  -9  -9  4380  0.8  0.37 -9  -0.2  -0.2  -0.7  -0.6  -0.2  -9 -9.0 -9  3  2
202502171900 108  27  3.5  -9 -9.0   -9 1013.3 1024.2 -9  -9.0   0.0 -12.3  39.0   2.4   -9.0   -9.0   -9.0   -9.0   -9.0   -9.0   -9.0 -9 -9 -                        0   0   -9 -         -9  -9  -9  4492  0.0  0.01 -9  -0.6  -0.2  -0.5  -0.3   0.1  -9 -9.0 -9  3 -9
202502172000 108  29  3.0  -9 -9.0   -9 1013.7 1024.6 -9  -9.0  -0.7 -11.1  45.0   2.6   -9.0   -9.0   -9.0   -9.0   -9.0   -9.0   -9.0 -9 -9 -                        0   0   -9 -         -9  -9  -9  3875 -9.0 -9.00 -9  -0.9  -0.2  -0.4  -0.2   0.2  -9 -9.0 -9  3 -9
202502172100 108  29  4.5  32 10.0 1619 1014.0 1025.0  2   1.4  -1.6 -10.9  49.0   2.7   -9.0   -9.0   -9.0   -9.0   -9.0   -9.0   -9.0 -9 -9 -                        2   0   -9 Ci         1   0   0  3279 -9.0 -9.00 -9  -1.2  -0.2  -0.4  -0.2   0.3  -9 -9.0 -9  3  2
202502172200 108  32  4.1  -9 -9.0   -9 1014.5 1025.5 -9  -9.0  -2.4 -10.4  54.0   2.8   -9.0   -9.0   -9.0   -9.0   -9.0   -9.0   -9.0 -9 -9 -                        0   0   -9 -         -9  -9  -9  3197 -9.0 -9.00 -9  -1.5  -0.2  -0.4  -0.2   0.3  -9 -9.0 -9  3 -9
202502172300 108  27  2.8  -9 -9.0   -9 1014.4 1025.4 -9  -9.0  -3.0 -10.3  57.0   2.8   -9.0   -9.0   -9.0   -9.0   -9.0   -9.0   -9.0 -9 -9 -                        0   0   -9 -         -9  -9  -9  3112 -9.0 -9.00 -9  -1.7  -0.2  -0.4  -0.2   0.3  -9 -9.0 -9  3 -9
202502180000 108  25  2.0  -9 -9.0   -9 1014.4 1025.4  0   0.4  -3.4 -10.7  57.0   2.7   -9.0   -9.0   -9.0   -9.0   -9.0   -9.0   -9.0 -9 -9 -                        0   0   -9 -         -9  -9  -9  3152 -9.0 -9.00 -9  -1.9  -0.2  -0.4  -0.2   0.3  -9 -9.0 -9  3  2
202502180100 108  34  1.2  -9 -9.0   -9 1014.6 1025.7 -9  -9.0  -3.9 -10.9  58.0   2.7   -9.0   -9.0   -9.0   -9.0   -9.0   -9.0   -9.0 -9 -9 -                        0   0   -9 -         -9  -9  -9  3280 -9.0 -9.00 -9  -2.1  -0.3  -0.4  -0.2   0.3  -9 -9.0 -9  3 -9
202502180200 108  25  1.5  -9 -9.0   -9 1014.7 1025.8 -9  -9.0  -4.0 -10.8  59.0   2.7   -9.0   -9.0   -9.0   -9.0   -9.0   -9.0   -9.0 -9 -9 -                        0   0   -9 -         -9  -9  -9  3344 -9.0 -9.00 -9  -2.3  -0.3  -0.4  -0.2   0.3  -9 -9.0 -9  3 -9
202502180300 108  27  2.3  -9 -9.0   -9 1014.8 1025.9  2   0.5  -4.1 -11.1  58.0   2.6   -9.0   -9.0   -9.0   -9.0   -9.0   -9.0   -9.0 -9 -9 -                        0   0   -9 -         -9  -9  -9  3436 -9.0 -9.00 -9  -2.6  -0.3  -0.4  -0.2   0.3  -9 -9.0 -9  3  2
202502180400 108  27  2.8  -9 -9.0   -9 1014.9 1026.0 -9  -9.0  -4.1 -12.2  53.0   2.4   -9.0   -9.0   -9.0   -9.0   -9.0   -9.0   -9.0 -9 -9 -                        0   0   -9 -         -9  -9  -9  3403 -9.0 -9.00 -9  -2.9  -0.3  -0.4  -0.2   0.3  -9 -9.0 -9  3  2
202502180500 108  29  2.5  -9 -9.0   -9 1015.0 1026.1 -9  -9.0  -4.4 -13.7  48.0   2.1   -9.0   -9.0   -9.0   -9.0   -9.0   -9.0   -9.0 -9 -9 -                        0   0   -9 -         -9  -9  -9  3753 -9.0 -9.00 -9  -3.2  -0.3  -0.4  -0.1   0.3  -9 -9.0 -9  3  2
202502180600 108  27  2.8  -9 -9.0   -9 1015.4 1026.5  2   0.6  -4.7 -14.8  45.0   1.9   -9.0   -9.0   -9.0   -9.0   -9.0   -9.0   -9.0 -9 -9 -                        0   0   -9 -         -9  -9  -9  3804 -9.0 -9.00 -9  -3.5  -0.3  -0.4  -0.2   0.3  -9 -9.0 -9  3  2
202502180700 108  27  2.0  -9 -9.0   -9 1015.8 1026.9 -9  -9.0  -5.1 -14.9  46.0   1.9   -9.0   -9.0   -9.0   -9.0   -9.0   -9.0   -9.0 -9 -9 -                        0   0   -9 -         -9  -9  -9  3522 -9.0 -9.00 -9  -3.7  -0.3  -0.4  -0.2   0.3  -9 -9.0 -9  3  2
202502180800 108  27  2.1  -9 -9.0   -9 1016.3 1027.4 -9  -9.0  -5.0 -14.5  47.0   2.0   -9.0   -9.0   -9.0   -9.0   -9.0   -9.0   -9.0 -9 -9 -                        0   0   -9 -         -9  -9  -9  3385  0.1  0.06 -9  -3.6  -0.3  -0.4  -0.1   0.3  -9 -9.0 -9  3  2
202502180900 108  29  2.4  -9 -9.0   -9 1016.5 1027.6  2   1.1  -3.6 -14.1  44.0   2.1   -9.0   -9.0   -9.0   -9.0   -9.0   -9.0   -9.0 -9 -9 -                        0   0   -9 -         -9  -9  -9  3502  1.0  0.67 -9  -1.5  -0.4  -0.5  -0.3   0.2  -9 -9.0 -9  3  2
202502181000 108  29  4.1  -9 -9.0   -9 1016.2 1027.2 -9  -9.0  -1.8 -14.9  36.0   1.9   -9.0   -9.0   -9.0   -9.0   -9.0   -9.0   -9.0 -9 -9 -                        0   0   -9 -         -9  -9  -9  3507  1.0  1.42 -9  -0.1  -0.5  -0.7  -0.6  -0.1  -9 -9.0 -9  3  2
202502181100 108  29  5.2  27 11.0 1038 1015.7 1026.6 -9  -9.0  -1.0 -14.9  34.0   1.9   -9.0   -9.0   -9.0   -9.0   -9.0   -9.0   -9.0 -9 -9 -                        0   0   -9 -         -9  -9  -9  3754  1.0  2.03 -9   1.4  -0.5  -0.7  -0.5   0.0  -9 -9.0 -9  3  2
202502181200 108  29  5.5  27 11.0 1038 1015.4 1026.3  7  -1.3  -0.3 -15.0  32.0   1.9   -9.0   -9.0   -9.0   -9.0   -9.0   -9.0   -9.0 -9 -9 -                        0   0   -9 -         -9  -9  -9  3410  1.0  2.45 -9   4.2  -0.6  -0.7  -0.6  -0.1  -9 -9.0 -9  3  2
202502181300 108  27  3.5  29 10.0 1243 1014.4 1025.2 -9  -9.0   1.1 -15.4  28.0   1.8   -9.0   -9.0   -9.0   -9.0   -9.0   -9.0   -9.0 -9 -9 -                        0   0   -9 -         -9  -9  -9  2889  1.0  2.65 -9   7.4  -0.6  -0.7  -0.5  -0.1  -9 -9.0 -9  3  2
202502181400 108  27  4.3  27 12.0 1325 1013.9 1024.7 -9  -9.0   1.7 -17.2  23.0   1.6   -9.0   -9.0   -9.0   -9.0   -9.0   -9.0   -9.0 -9 -9 -                        0   0   -9 -         -9  -9  -9  3826  1.0  2.64 -9   8.3  -0.5  -0.7  -0.5  -0.1  -9 -9.0 -9  3  2
202502181500 108  29  5.0  27 12.0 1325 1013.4 1024.2  7  -2.1   2.1 -16.4  24.0   1.7   -9.0   -9.0   -9.0   -9.0   -9.0   -9.0   -9.0 -9 -9 -                        0   0   -9 -         -9  -9  -9  4518  1.0  2.37 -9   7.1  -0.5  -0.7  -0.5  -0.1  -9 -9.0 -9  3  2
202502181600 108  29  6.0  27 11.0 1528 1012.9 1023.7 -9  -9.0   1.8 -17.1  23.0   1.6   -9.0   -9.0   -9.0   -9.0   -9.0   -9.0   -9.0 -9 -9 -                        0   0   -9 -         -9  -9  -9  4898  1.0  1.86 -9   4.1  -0.5  -0.7  -0.5  -0.1  -9 -9.0 -9  3  2
202502181700 108  27  5.1  29 11.0 1641 1013.1 1023.9 -9  -9.0   1.6 -16.8  24.0   1.6   -9.0   -9.0   -9.0   -9.0   -9.0   -9.0   -9.0 -9 -9 -                        0   0   -9 -         -9  -9  -9  4301  1.0  1.18 -9   0.0  -0.4  -0.7  -0.6  -0.1  -9 -9.0 -9  3  2
202502181800 108  27  4.3  27 11.0 1528 1013.4 1024.3  3   0.1   0.1 -15.8  29.0   1.8   -9.0   -9.0   -9.0   -9.0   -9.0   -9.0   -9.0 -9 -9 -                        0   0   -9 -         -9  -9  -9  4910  0.8  0.39 -9  -0.4  -0.3  -0.6  -0.4   0.1  -9 -9.0 -9  3  2
202502181900 108  27  4.3  -9 -9.0   -9 1014.2 1025.1 -9  -9.0  -1.0 -14.9  34.0   1.9   -9.0   -9.0   -9.0   -9.0   -9.0   -9.0   -9.0 -9 -9 -                        0   0   -9 -         -9  -9  -9  4913  0.0  0.01 -9  -0.9  -0.3  -0.5  -0.2   0.2  -9 -9.0 -9  3 -9
202502182000 108  27  4.0  -9 -9.0   -9 1014.7 1025.7 -9  -9.0  -2.0 -15.4  35.0   1.8   -9.0   -9.0   -9.0   -9.0   -9.0   -9.0   -9.0 -9 -9 -                        0   0   -9 -         -9  -9  -9  4691 -9.0 -9.00 -9  -1.2  -0.3  -0.5  -0.2   0.2  -9 -9.0 -9  3 -9
202502182100 108  27  3.1  27 11.0 1528 1015.5 1026.5  2   2.2  -2.9 -14.3  41.0   2.0   -9.0   -9.0   -9.0   -9.0   -9.0   -9.0   -9.0 -9 -9 -                        0   0   -9 -         -9  -9  -9  4032 -9.0 -9.00 -9  -1.5  -0.3  -0.5  -0.2   0.2  -9 -9.0 -9  3  2
202502182200 108  29  3.2  -9 -9.0   -9 1016.0 1027.1 -9  -9.0  -3.7 -13.3  47.0   2.2   -9.0   -9.0   -9.0   -9.0   -9.0   -9.0   -9.0 -9 -9 -                        0   0   -9 -         -9  -9  -9  3492 -9.0 -9.00 -9  -1.9  -0.4  -0.5  -0.2   0.2  -9 -9.0 -9  3 -9
202502182300 108  29  0.8  -9 -9.0   -9 1015.9 1027.0 -9  -9.0  -4.4 -13.5  49.0   2.2   -9.0   -9.0   -9.0   -9.0   -9.0   -9.0   -9.0 -9 -9 -                        0   0   -9 -         -9  -9  -9  3638 -9.0 -9.00 -9  -2.1  -0.3  -0.7  -0.4   0.1  -9 -9.0 -9  3 -9
202502190000 108  27  2.1  -9 -9.0   -9 1016.1 1027.2  2   0.7  -4.7 -13.8  49.0   2.1   -9.0   -9.0   -9.0   -9.0   -9.0   -9.0   -9.0 -9 -9 -                        0   0   -9 -         -9  -9  -9  3653 -9.0 -9.00 -9  -2.6  -0.3  -0.7  -0.4   0.1  -9 -9.0 -9  3  2
202502190100 108  23  2.0  -9 -9.0   -9 1016.7 1027.8 -9  -9.0  -4.9 -13.5  51.0   2.2   -9.0   -9.0   -9.0   -9.0   -9.0   -9.0   -9.0 -9 -9 -                        0   0   -9 -         -9  -9  -9  3838 -9.0 -9.00 -9  -3.1  -0.4  -0.8  -0.4   0.1  -9 -9.0 -9  3 -9
202502190200 108  27  0.9  -9 -9.0   -9 1016.5 1027.6 -9  -9.0  -5.4 -13.4  53.0   2.2   -9.0   -9.0   -9.0   -9.0   -9.0   -9.0   -9.0 -9 -9 -                        0   0   -9 -         -9  -9  -9  3713 -9.0 -9.00 -9  -3.6  -0.5  -0.9  -0.5   0.0  -9 -9.0 -9  3 -9
202502190300 108  27  2.1  -9 -9.0   -9 1016.5 1027.6  0   0.4  -5.4 -13.2  54.0   2.2   -9.0   -9.0   -9.0   -9.0   -9.0   -9.0   -9.0 -9 -9 -                        0   0   -9 -         -9  -9  -9  3914 -9.0 -9.00 -9  -4.0  -0.6  -1.0  -0.5   0.0  -9 -9.0 -9  3  2
202502190400 108  25  0.9  -9 -9.0   -9 1015.9 1027.0 -9  -9.0  -5.8 -13.4  55.0   2.2   -9.0   -9.0   -9.0   -9.0   -9.0   -9.0   -9.0 -9 -9 -                        0   0   -9 -         -9  -9  -9  4085 -9.0 -9.00 -9  -4.5  -0.7  -1.1  -0.5   0.0  -9 -9.0 -9  3  2
202502190500 108  25  2.0  -9 -9.0   -9 1015.9 1027.0 -9  -9.0  -5.7 -12.8  57.0   2.3   -9.0   -9.0   -9.0   -9.0   -9.0   -9.0   -9.0 -9 -9 -                        0   0   -9 -         -9  -9  -9  4083 -9.0 -9.00 -9  -4.7  -0.8  -1.2  -0.5   0.0  -9 -9.0 -9  3  2
202502190600 108  27  3.0  -9 -9.0   -9 1016.0 1027.1  5  -0.5  -5.3 -12.7  56.0   2.3   -9.0   -9.0   -9.0   -9.0   -9.0   -9.0   -9.0 -9 -9 -                        0   0   -9 -         -9  -9  -9  3742 -9.0 -9.00 -9  -4.9  -0.9  -1.3  -0.5   0.0  -9 -9.0 -9  3  2
202502190700 108  27  2.8  -9 -9.0   -9 1016.4 1027.5 -9  -9.0  -5.4 -12.5  57.0   2.3   -9.0   -9.0   -9.0   -9.0   -9.0   -9.0   -9.0 -9 -9 -                        0   0   -9 -         -9  -9  -9  3409 -9.0 -9.00 -9  -5.1  -1.0  -1.4  -0.4   0.0  -9 -9.0 -9  3  2
202502190800 108  27  2.8  -9 -9.0   -9 1017.1 1028.2 -9  -9.0  -5.4 -11.9  60.0   2.5   -9.0   -9.0   -9.0   -9.0   -9.0   -9.0   -9.0 -9 -9 -                        0   0   -9 -         -9  -9  -9  3455  0.2  0.08 -9  -5.0  -1.1  -1.5  -0.4   0.0  -9 -9.0 -9  3  2
202502190900 108  29  4.2  -9 -9.0   -9 1017.8 1028.9  2   1.8  -4.5 -11.7  57.0   2.5   -9.0   -9.0   -9.0   -9.0   -9.0   -9.0   -9.0 -9 -9 -                        0   0   -9 -         -9  -9  -9  3463  1.0  0.70 -9  -2.8  -1.2  -1.5  -0.4   0.1  -9 -9.0 -9  3  2
202502191000 108  29  3.7  -9 -9.0   -9 1018.1 1029.2 -9  -9.0  -3.3 -13.0  47.0   2.3   -9.0   -9.0   -9.0   -9.0   -9.0   -9.0   -9.0 -9 -9 -                        0   0   -9 -         -9  -9  -9  3132  1.0  1.44 -9  -0.2  -1.0  -1.3  -0.3   0.2  -9 -9.0 -9  3  2
202502191100 108  27  3.6  -9 -9.0   -9 1018.1 1029.1 -9  -9.0  -2.2 -13.4  42.0   2.2   -9.0   -9.0   -9.0   -9.0   -9.0   -9.0   -9.0 -9 -9 -                        0   0   -9 -         -9  -9  -9  3117  1.0  2.04 -9   1.9  -0.9  -1.2  -0.3   0.2  -9 -9.0 -9  3  2
202502191200 108  32  4.1  -9 -9.0   -9 1017.7 1028.7  8  -0.2  -1.4 -13.5  39.0   2.2   -9.0   -9.0   -9.0   -9.0   -9.0   -9.0   -9.0 -9 -9 -                        0   0   -9 -         -9  -9  -9  3757  1.0  2.49 -9   4.8  -0.9  -1.0  -0.3   0.2  -9 -9.0 -9  3  2
202502191300 108  29  3.9  -9 -9.0   -9 1017.0 1028.0 -9  -9.0  -0.8 -13.3  38.0   2.2   -9.0   -9.0   -9.0   -9.0   -9.0   -9.0   -9.0 -9 -9 -                        0   0   -9 -         -9  -9  -9  3721  1.0  2.69 -9   7.9  -0.8  -0.9  -0.3   0.2  -9 -9.0 -9  3  2
202502191400 108  29  4.1  -9 -9.0   -9 1016.5 1027.4 -9  -9.0  -0.1 -13.4  36.0   2.2   -9.0   -9.0   -9.0   -9.0   -9.0   -9.0   -9.0 -9 -9 -                        0   0   -9 -         -9  -9  -9  3853  1.0  2.67 -9   9.4  -0.7  -0.8  -0.3   0.2  -9 -9.0 -9  3  2
202502191500 108  27  3.4  -9 -9.0   -9 1016.3 1027.2  7  -1.5   1.0 -13.8  32.0   2.1   -9.0   -9.0   -9.0   -9.0   -9.0   -9.0   -9.0 -9 -9 -                        0   0   -9 -         -9  -9  -9  3771  1.0  2.36 -9   8.6  -0.7  -0.8  -0.3   0.2  -9 -9.0 -9  3  2
202502191600 108  29  4.2  -9 -9.0   -9 1016.3 1027.2 -9  -9.0   0.8 -14.8  30.0   1.9   -9.0   -9.0   -9.0   -9.0   -9.0   -9.0   -9.0 -9 -9 -                        0   0   -9 -         -9  -9  -9  4101  1.0  1.85 -9   5.2  -0.6  -0.8  -0.3   0.2  -9 -9.0 -9  3  2
202502191700 108  29  3.3  -9 -9.0   -9 1016.4 1027.3 -9  -9.0   0.8 -15.2  29.0   1.9   -9.0   -9.0   -9.0   -9.0   -9.0   -9.0   -9.0 -9 -9 -                        0   0   -9 -         -9  -9  -9  4510  1.0  1.17 -9   0.1  -0.5  -0.9  -0.5   0.0  -9 -9.0 -9  3  2
202502191800 108  29  3.8  -9 -9.0   -9 1016.4 1027.3  1   0.1  -0.6 -16.0  30.0   1.8   -9.0   -9.0   -9.0   -9.0   -9.0   -9.0   -9.0 -9 -9 -                        0   0   -9 -         -9  -9  -9  4407  0.8  0.40 -9  -0.3  -0.4  -0.8  -0.5   0.0  -9 -9.0 -9  3  2
202502191900 108  27  3.2  -9 -9.0   -9 1017.2 1028.2 -9  -9.0  -1.5 -15.0  35.0   1.9   -9.0   -9.0   -9.0   -9.0   -9.0   -9.0   -9.0 -9 -9 -                        0   0   -9 -         -9  -9  -9  4107  0.0  0.01 -9  -0.9  -0.4  -0.8  -0.5   0.0  -9 -9.0 -9  3 -9
202502192000 108  29  3.2  -9 -9.0   -9 1017.9 1028.9 -9  -9.0  -2.3 -14.7  38.0   2.0   -9.0   -9.0   -9.0   -9.0   -9.0   -9.0   -9.0 -9 -9 -                        0   0   -9 -         -9  -9  -9  3999 -9.0 -9.00 -9  -1.2  -0.5  -0.7  -0.3   0.2  -9 -9.0 -9  3 -9
202502192100 108  29  4.1  -9 -9.0   -9 1018.6 1029.7  2   2.4  -3.1 -14.2  42.0   2.0   -9.0   -9.0   -9.0   -9.0   -9.0   -9.0   -9.0 -9 -9 -                        0   0   -9 -         -9  -9  -9  3360 -9.0 -9.00 -9  -1.5  -0.5  -0.7  -0.3   0.2  -9 -9.0 -9  3  2
202502192200 108  32  2.3  -9 -9.0   -9 1018.8 1029.9 -9  -9.0  -3.8 -14.0  45.0   2.1   -9.0   -9.0   -9.0   -9.0   -9.0   -9.0   -9.0 -9 -9 -                        0   0   -9 -         -9  -9  -9  3241 -9.0 -9.00 -9  -1.9  -0.5  -0.8  -0.3   0.2  -9 -9.0 -9  3 -9
202502192300 108  34  1.8  -9 -9.0   -9 1018.8 1029.9 -9  -9.0  -4.3 -14.2  46.0   2.0   -9.0   -9.0   -9.0   -9.0   -9.0   -9.0   -9.0 -9 -9 -                        0   0   -9 -         -9  -9  -9  3187 -9.0 -9.00 -9  -2.5  -0.7  -0.9  -0.3   0.2  -9 -9.0 -9  3 -9
202502200000 108  36  1.5  -9 -9.0   -9 1018.9 1030.0  2   0.3  -4.9 -14.2  48.0   2.0   -9.0   -9.0   -9.0   -9.0   -9.0   -9.0   -9.0 -9 -9 -                        0   0   -9 -         -9  -9  -9  3278 -9.0 -9.00 -9  -3.2  -0.8  -1.0  -0.2   0.3  -9 -9.0 -9  3  2
202502200100 108  27  1.7  -9 -9.0   -9 1018.8 1030.0 -9  -9.0  -5.5 -14.5  49.0   2.0   -9.0   -9.0   -9.0   -9.0   -9.0   -9.0   -9.0 -9 -9 -                        0   0   -9 -         -9  -9  -9  3236 -9.0 -9.00 -9  -3.9  -0.8  -1.2  -0.3   0.2  -9 -9.0 -9  3 -9
202502200200 108  27  2.1  -9 -9.0   -9 1018.7 1029.9 -9  -9.0  -5.6 -13.9  52.0   2.1   -9.0   -9.0   -9.0   -9.0   -9.0   -9.0   -9.0 -9 -9 -                        0   0   -9 -         -9  -9  -9  3488 -9.0 -9.00 -9  -4.4  -1.0  -1.4  -0.3   0.3  -9 -9.0 -9  3 -9
202502200300 108  29  1.6  -9 -9.0   -9 1018.8 1030.0  4   0.0  -5.5 -13.3  54.0   2.2   -9.0   -9.0   -9.0   -9.0   -9.0   -9.0   -9.0 -9 -9 -                        0   0   -9 -         -9  -9  -9  3143 -9.0 -9.00 -9  -4.9  -1.1  -1.5  -0.2   0.3  -9 -9.0 -9  3  2
202502200400 108  32  0.7  -9 -9.0   -9 1018.7 1029.9 -9  -9.0  -6.1 -13.4  56.0   2.2   -9.0   -9.0   -9.0   -9.0   -9.0   -9.0   -9.0 -9 -9 -                        0   0   -9 -         -9  -9  -9  3243 -9.0 -9.00 -9  -5.3  -1.2  -1.6  -0.2   0.3  -9 -9.0 -9  3  2
202502200500 108  29  0.6  -9 -9.0   -9 1018.7 1029.9 -9  -9.0  -6.4 -13.5  57.0   2.2   -9.0   -9.0   -9.0   -9.0   -9.0   -9.0   -9.0 -9 -9 -                        0   0   -9 -         -9  -9  -9  3208 -9.0 -9.00 -9  -5.8  -1.3  -1.7  -0.2   0.3  -9 -9.0 -9  3  2
202502200600 108  32  1.1  -9 -9.0   -9 1018.9 1030.1  3   0.1  -6.2 -12.9  59.0   2.3   -9.0   -9.0   -9.0   -9.0   -9.0   -9.0   -9.0 -9 -9 -                        0   0   -9 -         -9  -9  -9  3160 -9.0 -9.00 -9  -6.0  -1.5  -1.8  -0.2   0.3  -9 -9.0 -9  3  2
202502200700 108  29  0.8  -9 -9.0   -9 1019.3 1030.5 -9  -9.0  -6.5 -12.7  61.0   2.3   -9.0   -9.0   -9.0   -9.0   -9.0   -9.0   -9.0 -9 -9 -                        0   0   -9 -         -9  -9  -9  3236 -9.0 -9.00 -9  -6.2  -1.6  -2.0  -0.3   0.3  -9 -9.0 -9  3  2
202502200800 108  29  1.2  -9 -9.0   -9 1019.9 1031.1 -9  -9.0  -6.1 -12.4  61.0   2.4   -9.0   -9.0   -9.0   -9.0   -9.0   -9.0   -9.0 -9 -9 -                        0   0   -9 -         -9  -9  -9  3022  0.2  0.08 -9  -5.8  -1.7  -2.1  -0.3   0.2  -9 -9.0 -9  3  2
202502200900 108  29  2.4  -9 -9.0   -9 1020.0 1031.1  1   1.0  -4.3 -12.4  53.0   2.4   -9.0   -9.0   -9.0   -9.0   -9.0   -9.0   -9.0 -9 -9 -                        0   0   -9 -         -9  -9  -9  3395  1.0  0.69 -9  -3.1  -2.1  -2.0  -0.2   0.3  -9 -9.0 -9  3  2
202502201000 108  29  3.0  -9 -9.0   -9 1020.3 1031.4 -9  -9.0  -2.8 -12.8  46.0   2.3   -9.0   -9.0   -9.0   -9.0   -9.0   -9.0   -9.0 -9 -9 -                        0   0   -9 -         -9  -9  -9  3279  1.0  1.45 -9  -0.3  -1.8  -2.1  -0.8  -0.3  -9 -9.0 -9  3  2
202502201100 108  29  3.8  -9 -9.0   -9 1019.9 1030.9 -9  -9.0  -1.3 -14.4  36.0   2.0   -9.0   -9.0   -9.0   -9.0   -9.0   -9.0   -9.0 -9 -9 -                        0   0   -9 -         -9  -9  -9  3436  1.0  2.03 -9   2.0  -1.6  -1.5  -0.4   0.2  -9 -9.0 -9  3  2
202502201200 108  29  4.0  -9 -9.0   -9 1019.4 1030.4  8  -0.7  -0.6 -15.3  32.0   1.9   -9.0   -9.0   -9.0   -9.0   -9.0   -9.0   -9.0 -9 -9 -                        0   0   -9 -         -9  -9  -9  3399  1.0  2.51 -9   5.5  -1.4  -1.3  -0.3   0.2  -9 -9.0 -9  3  2
202502201300 108  29  4.4  -9 -9.0   -9 1018.2 1029.1 -9  -9.0  -0.3 -15.0  32.0   1.9   -9.0   -9.0   -9.0   -9.0   -9.0   -9.0   -9.0 -9 -9 -                        0   0   -9 -         -9  -9  -9  3635  1.0  2.77 -9   8.0  -2.0  -1.1  -0.4   0.2  -9 -9.0 -9  3  2
202502201400 108  29  3.5  -9 -9.0   -9 1017.6 1028.5 -9  -9.0   1.0 -14.2  31.0   2.0   -9.0   -9.0   -9.0   -9.0   -9.0   -9.0   -9.0 -9 -9 -                        0   0   -9 -         -9  -9  -9  3176  1.0  2.69 -9  10.2  -2.0  -1.0  -0.3   0.2  -9 -9.0 -9  3  2
202502201500 108  29  4.1  -9 -9.0   -9 1017.0 1027.9  7  -2.5   1.4 -13.5  32.0   2.2   -9.0   -9.0   -9.0   -9.0   -9.0   -9.0   -9.0 -9 -9 -                        0   0   -9 -         -9  -9  -9  2806  1.0  2.37 -9   9.1  -1.2  -0.9  -0.4   0.2  -9 -9.0 -9  3  2
202502201600 108  27  3.8  -9 -9.0   -9 1017.2 1028.0 -9  -9.0   1.8 -13.5  31.0   2.2   -9.0   -9.0   -9.0   -9.0   -9.0   -9.0   -9.0 -9 -9 -                        0   0   -9 -         -9  -9  -9  3419  1.0  1.85 -9   5.7  -1.1  -0.9  -0.4   0.2  -9 -9.0 -9  3  2
202502201700 108  27  3.7  -9 -9.0   -9 1017.1 1028.0 -9  -9.0   1.2 -14.9  29.0   1.9   -9.0   -9.0   -9.0   -9.0   -9.0   -9.0   -9.0 -9 -9 -                        0   0   -9 -         -9  -9  -9  4213  1.0  1.19 -9   0.1  -0.9  -0.9  -0.4   0.1  -9 -9.0 -9  3  2
202502201800 108  29  3.2  -9 -9.0   -9 1017.5 1028.4  2   0.5  -0.3 -16.2  29.0   1.7   -9.0   -9.0   -9.0   -9.0   -9.0   -9.0   -9.0 -9 -9 -                        0   0   -9 -         -9  -9  -9  4536  0.8  0.42 -9  -0.4  -0.9  -0.8  -0.3   0.2  -9 -9.0 -9  3  2
202502201900 108  27  3.6  -9 -9.0   -9 1018.0 1029.0 -9  -9.0  -1.5 -16.8  30.0   1.6   -9.0   -9.0   -9.0   -9.0   -9.0   -9.0   -9.0 -9 -9 -                        0   0   -9 -         -9  -9  -9  4659  0.0  0.02 -9  -0.9  -0.9  -0.8  -0.4   0.2  -9 -9.0 -9  3 -9
202502202000 108  27  3.3  -9 -9.0   -9 1018.2 1029.2 -9  -9.0  -2.0 -16.5  32.0   1.7   -9.0   -9.0   -9.0   -9.0   -9.0   -9.0   -9.0 -9 -9 -                        0   0   -9 -         -9  -9  -9  4398 -9.0 -9.00 -9  -1.2  -0.8  -0.8  -0.3   0.2  -9 -9.0 -9  3 -9
202502202100 108  29  3.9  -9 -9.0   -9 1018.8 1029.8  2   1.4  -2.7 -16.0  35.0   1.8   -9.0   -9.0   -9.0   -9.0   -9.0   -9.0   -9.0 -9 -9 -                        0   0   -9 -         -9  -9  -9  4025 -9.0 -9.00 -9  -1.6  -0.9  -0.8  -0.3   0.2  -9 -9.0 -9  3  2
202502202200 108  29  2.9  -9 -9.0   -9 1019.3 1030.4 -9  -9.0  -3.5 -14.3  43.0   2.0   -9.0   -9.0   -9.0   -9.0   -9.0   -9.0   -9.0 -9 -9 -                        0   0   -9 -         -9  -9  -9  3487 -9.0 -9.00 -9  -2.1  -0.9  -0.9  -0.3   0.2  -9 -9.0 -9  3 -9
202502202300 108  29  3.1  -9 -9.0   -9 1019.2 1030.3 -9  -9.0  -4.3 -13.1  50.0   2.2   -9.0   -9.0   -9.0   -9.0   -9.0   -9.0   -9.0 -9 -9 -                        0   0   -9 -         -9  -9  -9  2905 -9.0 -9.00 -9  -2.8  -0.8  -1.0  -0.3   0.2  -9 -9.0 -9  3 -9
202502210000 108  32  2.9  -9 -9.0   -9 1019.3 1030.4  1   0.6  -4.9 -13.2  52.0   2.2   -9.0   -9.0   -9.0   -9.0   -9.0   -9.0   -9.0 -9 -9 -                        0   0   -9 -         -9  -9  -9  2712 -9.0 -9.00 -9  -3.6  -0.9  -1.2  -0.3   0.2  -9 -9.0 -9  3  2
202502210100 108  27  2.2  -9 -9.0   -9 1019.3 1030.5 -9  -9.0  -5.4 -13.4  53.0   2.2   -9.0   -9.0   -9.0   -9.0   -9.0   -9.0   -9.0 -9 -9 -                        0   0   -9 -         -9  -9  -9  2699 -9.0 -9.00 -9  -4.1  -1.0  -1.3  -0.3   0.2  -9 -9.0 -9  3 -9
202502210200 108  27  1.1  -9 -9.0   -9 1019.5 1030.7 -9  -9.0  -5.8 -13.6  54.0   2.1   -9.0   -9.0   -9.0   -9.0   -9.0   -9.0   -9.0 -9 -9 -                        0   0   -9 -         -9  -9  -9  2808 -9.0 -9.00 -9  -4.7  -1.2  -1.4  -0.3   0.3  -9 -9.0 -9  3 -9
202502210300 108  27  1.5  -9 -9.0   -9 1019.3 1030.5  0   0.1  -6.1 -13.2  57.0   2.2   -9.0   -9.0   -9.0   -9.0   -9.0   -9.0   -9.0 -9 -9 -                        0   0   -9 -         -9  -9  -9  3078 -9.0 -9.00 -9  -5.1  -1.1  -1.6  -0.3   0.3  -9 -9.0 -9  3  2
202502210400 108  29  1.7  -9 -9.0   -9 1019.2 1030.4 -9  -9.0  -6.2 -12.7  60.0   2.3   -9.0   -9.0   -9.0   -9.0   -9.0   -9.0   -9.0 -9 -9 -                        0   0   -9 -         -9  -9  -9  3110 -9.0 -9.00 -9  -5.5  -1.3  -1.7  -0.2   0.3  -9 -9.0 -9  3  2
202502210500 108  27  1.3  -9 -9.0   -9 1019.2 1030.4 -9  -9.0  -6.3 -12.6  61.0   2.3   -9.0   -9.0   -9.0   -9.0   -9.0   -9.0   -9.0 -9 -9 -                        0   0   -9 -         -9  -9  -9  3014 -9.0 -9.00 -9  -5.9  -1.4  -1.9  -0.2   0.3  -9 -9.0 -9  3  2
202502210600 108  29  1.8  -9 -9.0   -9 1019.5 1030.7  3   0.2  -6.1 -12.2  62.0   2.4   -9.0   -9.0   -9.0   -9.0   -9.0   -9.0   -9.0 -9 -9 -                        0   0   -9 -         -9  -9  -9  2952 -9.0 -9.00 -9  -6.1  -1.6  -2.0  -0.3   0.2  -9 -9.0 -9  3  2
202502210700 108  29  1.5  -9 -9.0   -9 1019.8 1031.0 -9  -9.0  -6.1 -11.8  64.0   2.5   -9.0   -9.0   -9.0   -9.0   -9.0   -9.0   -9.0 -9 -9 -                        0   0   -9 -         -9  -9  -9  2846 -9.0 -9.00 -9  -6.3  -1.7  -2.2  -0.4   0.2  -9 -9.0 -9  3  2
202502210800 108  27  0.9  -9 -9.0   -9 1020.1 1031.3 -9  -9.0  -6.3 -12.0  64.0   2.4   -9.0   -9.0   -9.0   -9.0   -9.0   -9.0   -9.0 -9 -9 -                        0   0   -9 -         -9  -9  -9  2695  0.2  0.09 -9  -6.0  -1.8  -2.3  -0.4   0.1  -9 -9.0 -9  3  2
202502210900 108  29  1.9  -9 -9.0   -9 1020.3 1031.4  2   0.7  -4.6 -11.4  59.0   2.6   -9.0   -9.0   -9.0   -9.0   -9.0   -9.0   -9.0 -9 -9 -                        0   0   -9 -         -9  -9  -9  3207  1.0  0.67 -9  -3.0  -2.0  -2.3  -0.5   0.1  -9 -9.0 -9  3  2
202502211000 108  29  2.9  -9 -9.0   -9 1020.2 1031.3 -9  -9.0  -3.0 -11.9  50.0   2.5   -9.0   -9.0   -9.0   -9.0   -9.0   -9.0   -9.0 -9 -9 -                        0   0   -9 -         -9  -9  -9  2980  1.0  1.48 -9  -0.1  -1.6  -2.2  -0.6  -0.1  -9 -9.0 -9  3  2
202502211100 108  25  2.2  -9 -9.0   -9 1020.0 1031.0 -9  -9.0  -1.2 -12.2  43.0   2.4   -9.0   -9.0   -9.0   -9.0   -9.0   -9.0   -9.0 -9 -9 -                        0   0   -9 -         -9  -9  -9  3084  1.0  2.06 -9   2.7  -1.3  -1.7  -0.5   0.0  -9 -9.0 -9  3  2
202502211200 108  32  3.5  -9 -9.0   -9 1019.5 1030.5  7  -0.9  -0.4 -13.6  36.0   2.1   -9.0   -9.0   -9.0   -9.0   -9.0   -9.0   -9.0 -9 -9 -                        0   0   -9 -         -9  -9  -9  3226  1.0  2.49 -9   6.5  -1.0  -1.4  -0.5   0.0  -9 -9.0 -9  3  2
202502211300 108  27  2.7  -9 -9.0   -9 1018.5 1029.4 -9  -9.0   1.0 -13.8  32.0   2.1   -9.0   -9.0   -9.0   -9.0   -9.0   -9.0   -9.0 -9 -9 -                        0   0   -9 -         -9  -9  -9  2995  1.0  2.71 -9  10.4  -0.9  -1.2  -0.5   0.1  -9 -9.0 -9  3  2
202502211400 108  27  3.6  -9 -9.0   -9 1018.1 1028.9 -9  -9.0   2.2 -12.4  33.0   2.4   -9.0   -9.0   -9.0   -9.0   -9.0   -9.0   -9.0 -9 -9 -                        0   0   -9 -         -9  -9  -9  2883  1.0  2.64 -9  11.5  -0.7  -1.1  -0.5   0.1  -9 -9.0 -9  3  2
202502211500 108  23  4.2  -9 -9.0   -9 1018.2 1029.0  5  -1.5   2.2 -12.0  34.0   2.4   -9.0   -9.0   -9.0   -9.0   -9.0   -9.0   -9.0 -9 -9 -                        0   0   -9 -         -9  -9  -9  2512  1.0  2.35 -9   9.5  -0.8  -1.0  -0.5   0.1  -9 -9.0 -9  3  2
202502211600 108  25  4.2  -9 -9.0   -9 1018.1 1029.0 -9  -9.0   1.9 -12.7  33.0   2.3   -9.0   -9.0   -9.0   -9.0   -9.0   -9.0   -9.0 -9 -9 -                        0   0   -9 -         -9  -9  -9  3150  1.0  1.77 -9   5.7  -0.7  -0.9  -0.4   0.1  -9 -9.0 -9  3  2
202502211700 108  20  3.2  -9 -9.0   -9 1018.0 1028.9 -9  -9.0   1.7 -10.8  39.0   2.7   -9.0   -9.0   -9.0   -9.0   -9.0   -9.0   -9.0 -9 -9 -                        2   2   10 Sc         0   0   5  3068  1.0  1.09 -9   0.9  -0.5  -0.9  -0.5   0.0  -9 -9.0 -9  3  2
202502211800 108  27  4.2  -9 -9.0   -9 1018.3 1029.2  3   0.2   0.2 -16.6  27.0   1.7   -9.0   -9.0   -9.0   -9.0   -9.0   -9.0   -9.0 -9 -9 -                        0   0   -9 -         -9  -9  -9  3973  0.9  0.36 -9  -0.3  -0.4  -1.0  -0.7  -0.1  -9 -9.0 -9  3  2
202502211900 108  27  3.7  -9 -9.0   -9 1018.8 1029.8 -9  -9.0  -0.8 -16.2  30.0   1.7   -9.0   -9.0   -9.0   -9.0   -9.0   -9.0   -9.0 -9 -9 -                        0   0   -9 -         -9  -9  -9  3737  0.0  0.02 -9  -0.7  -0.4  -1.0  -0.7  -0.1  -9 -9.0 -9  3 -9
202502212000 108  27  4.2  -9 -9.0   -9 1019.4 1030.4 -9  -9.0  -1.4 -14.2  37.0   2.0   -9.0   -9.0   -9.0   -9.0   -9.0   -9.0   -9.0 -9 -9 -                        0   0   -9 -         -9  -9  -9  3619 -9.0 -9.00 -9  -1.0  -0.4  -0.9  -0.5   0.0  -9 -9.0 -9  3 -9
202502212100 108  27  4.1  -9 -9.0   -9 1019.8 1030.8  2   1.6  -2.0 -14.1  39.0   2.1   -9.0   -9.0   -9.0   -9.0   -9.0   -9.0   -9.0 -9 -9 -                        0   0   -9 -         -9  -9  -9  3379 -9.0 -9.00 -9  -1.2  -0.4  -0.8  -0.5   0.1  -9 -9.0 -9  3  2
202502212200 108  29  4.3  -9 -9.0   -9 1020.0 1031.1 -9  -9.0  -2.5 -14.5  39.0   2.0   -9.0   -9.0   -9.0   -9.0   -9.0   -9.0   -9.0 -9 -9 -                        0   0   -9 -         -9  -9  -9  3281 -9.0 -9.00 -9  -1.6  -0.4  -0.9  -0.5   0.1  -9 -9.0 -9  3 -9
202502212300 108  27  3.2  -9 -9.0   -9 1020.2 1031.3 -9  -9.0  -3.1 -14.5  41.0   2.0   -9.0   -9.0   -9.0   -9.0   -9.0   -9.0   -9.0 -9 -9 -                        0   0   -9 -         -9  -9  -9  3236 -9.0 -9.00 -9  -2.2  -0.5  -0.9  -0.4   0.1  -9 -9.0 -9  3 -9
202502220000 108  27  3.3  -9 -9.0   -9 1020.3 1031.4  2   0.6  -3.4 -12.8  48.0   2.3   -9.0   -9.0   -9.0   -9.0   -9.0   -9.0   -9.0 -9 -9 -                        2   2   10 Sc         0   0   5  3339 -9.0 -9.00 -9  -2.8  -0.6  -1.0  -0.4   0.1  -9 -9.0 -9  3  2
202502220100 108  27  2.1  -9 -9.0   -9 1020.4 1031.5 -9  -9.0  -3.8 -12.2  52.0   2.4   -9.0   -9.0   -9.0   -9.0   -9.0   -9.0   -9.0 -9 -9 -                        5   1   19 -         -9  -9  -9  3226 -9.0 -9.00 -9  -3.3  -0.7  -1.1  -0.4   0.2  -9 -9.0 -9  3 -9
202502220200 108  29  0.8  -9 -9.0   -9 1020.6 1031.7 -9  -9.0  -4.4 -12.1  55.0   2.4   -9.0   -9.0   -9.0   -9.0   -9.0   -9.0   -9.0 -9 -9 -                        0   0   -9 -         -9  -9  -9  3327 -9.0 -9.00 -9  -3.9  -0.8  -1.2  -0.4   0.2  -9 -9.0 -9  3 -9
202502220300 108  27  1.9  -9 -9.0   -9 1020.8 1032.0  2   0.6  -4.7 -10.8  62.0   2.7   -9.0   -9.0   -9.0   -9.0   -9.0   -9.0   -9.0 -9 -9 -                        0   0   -9 -         -9  -9  -9  3116 -9.0 -9.00 -9  -4.3  -0.9  -1.4  -0.3   0.2  -9 -9.0 -9  3  2
202502220400 108  32  0.8  -9 -9.0   -9 1020.5 1031.7 -9  -9.0  -5.1 -10.8  64.0   2.7   -9.0   -9.0   -9.0   -9.0   -9.0   -9.0   -9.0 -9 -9 -                        0   0   -9 -         -9  -9  -9  2704 -9.0 -9.00 -9  -4.8  -1.1  -1.5  -0.3   0.2  -9 -9.0 -9  3  2
202502220500 108  27  2.2  -9 -9.0   -9 1020.6 1031.8 -9  -9.0  -5.2 -10.0  69.0   2.9   -9.0   -9.0   -9.0   -9.0   -9.0   -9.0   -9.0 -9 -9 -                        0   0   -9 -         -9  -9  -9  2787 -9.0 -9.00 -9  -5.2  -1.2  -1.7  -0.3   0.2  -9 -9.0 -9  3  2
202502220600 108  29  2.2  -9 -9.0   -9 1020.8 1032.0  4   0.0  -5.1  -9.9  69.0   2.9   -9.0   -9.0   -9.0   -9.0   -9.0   -9.0   -9.0 -9 -9 -                        0   0   -9 -         -9  -9  -9  2471 -9.0 -9.00 -9  -5.4  -1.3  -1.7  -0.3   0.3  -9 -9.0 -9  3  2
202502220700 108  27  2.4  -9 -9.0   -9 1021.2 1032.4 -9  -9.0  -5.3  -9.7  71.0   2.9   -9.0   -9.0   -9.0   -9.0   -9.0   -9.0   -9.0 -9 -9 -                        0   0   -9 -         -9  -9  -9  2193 -9.0 -9.00 -9  -5.6  -1.4  -1.8  -0.3   0.3  -9 -9.0 -9  3  2
202502220800 108  27  1.9  -9 -9.0   -9 1021.7 1032.9 -9  -9.0  -5.4  -9.6  72.0   3.0   -9.0   -9.0   -9.0   -9.0   -9.0   -9.0   -9.0 -9 -9 -                        0   0   -9 -         -9  -9  -9  2159  0.3  0.09 -9  -5.4  -1.5  -2.0  -0.3   0.2  -9 -9.0 -9  3  2
202502220900 108  27  2.2  -9 -9.0   -9 1022.3 1033.4  2   1.4  -4.1  -9.9  64.0   2.9   -9.0   -9.0   -9.0   -9.0   -9.0   -9.0   -9.0 -9 -9 -                        0   0   -9 -         -9  -9  -9  2219  1.0  0.67 -9  -2.6  -1.8  -2.0  -0.4   0.1  -9 -9.0 -9  3  2
202502221000 108  29  1.7  -9 -9.0   -9 1022.0 1033.1 -9  -9.0  -2.6 -10.4  55.0   2.8   -9.0   -9.0   -9.0   -9.0   -9.0   -9.0   -9.0 -9 -9 -                        0   0   -9 -         -9  -9  -9  2650  1.0  1.50 -9   0.3  -1.3  -1.9  -0.5   0.0  -9 -9.0 -9  3  2
202502221100 108  29  2.3  -9 -9.0   -9 1021.7 1032.7 -9  -9.0  -0.8 -11.8  43.0   2.5   -9.0   -9.0   -9.0   -9.0   -9.0   -9.0   -9.0 -9 -9 -                        0   0   -9 -         -9  -9  -9  2599  1.0  2.07 -9   3.3  -1.1  -1.5  -0.5   0.1  -9 -9.0 -9  3  2
202502221200 108  25  3.4  -9 -9.0   -9 1021.4 1032.3  7  -1.1   0.7 -13.7  33.0   2.1   -9.0   -9.0   -9.0   -9.0   -9.0   -9.0   -9.0 -9 -9 -                        0   0   -9 -         -9  -9  -9  3170  1.0  2.55 -9   7.6  -0.8  -1.3  -0.5   0.1  -9 -9.0 -9  3  2
202502221300 108  29  2.8  -9 -9.0   -9 1020.6 1031.5 -9  -9.0   1.3 -14.0  31.0   2.1   -9.0   -9.0   -9.0   -9.0   -9.0   -9.0   -9.0 -9 -9 -                        0   0   -9 -         -9  -9  -9  3704  1.0  2.76 -9  11.2  -0.7  -1.1  -0.5   0.1  -9 -9.0 -9  3  2
202502221400 108  25  3.3  -9 -9.0   -9 1020.2 1031.0 -9  -9.0   2.5 -12.1  33.0   2.4   -9.0   -9.0   -9.0   -9.0   -9.0   -9.0   -9.0 -9 -9 -                        0   0   -9 -         -9  -9  -9  2713  1.0  2.68 -9  12.5  -0.6  -1.0  -0.5   0.1  -9 -9.0 -9  3  2
202502221500 108  25  4.4  -9 -9.0   -9 1020.1 1031.0  6  -1.3   1.7 -11.8  36.0   2.5   -9.0   -9.0   -9.0   -9.0   -9.0   -9.0   -9.0 -9 -9 -                        0   0   -9 -         -9  -9  -9  2419  1.0  2.38 -9   9.9  -0.5  -1.0  -0.5   0.1  -9 -9.0 -9  3  2
202502221600 108  25  3.2  -9 -9.0   -9 1019.5 1030.4 -9  -9.0   2.2 -11.0  37.0   2.6   -9.0   -9.0   -9.0   -9.0   -9.0   -9.0   -9.0 -9 -9 -                        0   0   -9 -         -9  -9  -9  2297  1.0  1.85 -9   6.9  -0.6  -0.9  -0.5   0.1  -9 -9.0 -9  3  2
202502221700 108  25  3.3  -9 -9.0   -9 1019.5 1030.4 -9  -9.0   1.6 -12.2  35.0   2.4   -9.0   -9.0   -9.0   -9.0   -9.0   -9.0   -9.0 -9 -9 -                        0   0   -9 -         -9  -9  -9  2824  1.0  1.16 -9   1.0  -0.6  -0.9  -0.5   0.1  -9 -9.0 -9  3  2
202502221800 108  25  2.5  -9 -9.0   -9 1019.6 1030.5  5  -0.5   0.1 -11.3  42.0   2.6   -9.0   -9.0   -9.0   -9.0   -9.0   -9.0   -9.0 -9 -9 -                        0   0   -9 -         -9  -9  -9  2532  0.9  0.38 -9  -0.3  -0.5  -0.8  -0.4   0.2  -9 -9.0 -9  3  2
202502221900 108  25  3.2  -9 -9.0   -9 1019.8 1030.8 -9  -9.0  -1.0 -10.9  47.0   2.7   -9.0   -9.0   -9.0   -9.0   -9.0   -9.0   -9.0 -9 -9 -                        0   0   -9 -         -9  -9  -9  2618  0.0  0.02 -9  -0.6  -0.5  -0.7  -0.2   0.3  -9 -9.0 -9  3 -9
202502222000 108  25  3.0  -9 -9.0   -9 1020.2 1031.2 -9  -9.0  -1.4 -10.5  50.0   2.8   -9.0   -9.0   -9.0   -9.0   -9.0   -9.0   -9.0 -9 -9 -                        0   0   -9 -         -9  -9  -9  2772 -9.0 -9.00 -9  -0.9  -0.6  -0.7  -0.3   0.3  -9 -9.0 -9  3 -9
202502222100 108  29  2.7  -9 -9.0   -9 1020.9 1032.0  2   1.5  -2.2 -15.2  36.0   1.9   -9.0   -9.0   -9.0   -9.0   -9.0   -9.0   -9.0 -9 -9 -                        0   0   -9 -         -9  -9  -9  3150 -9.0 -9.00 -9  -1.3  -0.7  -0.7  -0.2   0.3  -9 -9.0 -9  3  2
202502222200 108  29  3.6  -9 -9.0   -9 1021.4 1032.5 -9  -9.0  -3.2 -14.0  43.0   2.1   -9.0   -9.0   -9.0   -9.0   -9.0   -9.0   -9.0 -9 -9 -                        0   0   -9 -         -9  -9  -9  2945 -9.0 -9.00 -9  -1.7  -0.4  -0.7  -0.2   0.3  -9 -9.0 -9  3 -9
202502222300 108  32  3.2  -9 -9.0   -9 1021.2 1032.3 -9  -9.0  -4.0 -13.4  48.0   2.2   -9.0   -9.0   -9.0   -9.0   -9.0   -9.0   -9.0 -9 -9 -                        0   0   -9 -         -9  -9  -9  2818 -9.0 -9.00 -9  -2.5  -0.4  -0.7  -0.2   0.3  -9 -9.0 -9  3 -9
202502230000 108  11  1.1  -9 -9.0   -9 1021.2 1032.4  0   0.4  -4.8 -13.4  51.0   2.2   -9.0   -9.0   -9.0   -9.0   -9.0   -9.0   -9.0 -9 -9 -                        0   0   -9 -         -9  -9  -9  2749 -9.0 -9.00 -9  -3.2  -0.4  -0.8  -0.2   0.4  -9 -9.0 -9  3  2
202502230100 108  29  1.7  -9 -9.0   -9 1021.1 1032.3 -9  -9.0  -5.5 -13.5  53.0   2.2   -9.0   -9.0   -9.0   -9.0   -9.0   -9.0   -9.0 -9 -9 -                        0   0   -9 -         -9  -9  -9  2882 -9.0 -9.00 -9  -3.9  -0.6  -1.0  -0.1   0.4  -9 -9.0 -9  3 -9
202502230200 108  27  2.0  -9 -9.0   -9 1021.3 1032.5 -9  -9.0  -5.7 -13.5  54.0   2.2   -9.0   -9.0   -9.0   -9.0   -9.0   -9.0   -9.0 -9 -9 -                        0   0   -9 -         -9  -9  -9  2954 -9.0 -9.00 -9  -4.4  -0.8  -1.1  -0.1   0.4  -9 -9.0 -9  3 -9
202502230300 108  27  1.3  -9 -9.0   -9 1021.1 1032.3  6  -0.1  -6.0 -13.5  55.0   2.2   -9.0   -9.0   -9.0   -9.0   -9.0   -9.0   -9.0 -9 -9 -                        0   0   -9 -         -9  -9  -9  2891 -9.0 -9.00 -9  -4.9  -0.9  -1.3  -0.1   0.4  -9 -9.0 -9  3  2
202502230400 108  34  0.6  -9 -9.0   -9 1020.6 1031.8 -9  -9.0  -6.2 -13.3  57.0   2.2   -9.0   -9.0   -9.0   -9.0   -9.0   -9.0   -9.0 -9 -9 -                        0   0   -9 -         -9  -9  -9  3010 -9.0 -9.00 -9  -5.4  -1.1  -1.5  -0.1   0.4  -9 -9.0 -9  3  2
202502230500 108  27  1.5  -9 -9.0   -9 1020.4 1031.6 -9  -9.0  -6.4 -13.5  57.0   2.2   -9.0   -9.0   -9.0   -9.0   -9.0   -9.0   -9.0 -9 -9 -                        0   0   -9 -         -9  -9  -9  3119 -9.0 -9.00 -9  -5.9  -1.2  -1.6  -0.1   0.5  -9 -9.0 -9  3  2
202502230600 108  25  2.1  -9 -9.0   -9 1020.6 1031.8  5  -0.5  -6.2 -13.3  57.0   2.2   -9.0   -9.0   -9.0   -9.0   -9.0   -9.0   -9.0 -9 -9 -                        0   0   -9 -         -9  -9  -9  3067 -9.0 -9.00 -9  -6.1  -1.4  -1.8  -0.1   0.4  -9 -9.0 -9  3  2
202502230700 108  27  2.0  -9 -9.0   -9 1020.7 1031.9 -9  -9.0  -6.1 -13.2  57.0   2.2   -9.0   -9.0   -9.0   -9.0   -9.0   -9.0   -9.0 -9 -9 -                        0   0   -9 -         -9  -9  -9  3016 -9.0 -9.00 -9  -6.2  -1.5  -1.9  -0.1   0.4  -9 -9.0 -9  3  2
202502230800 108  27  2.1  -9 -9.0   -9 1020.9 1032.1 -9  -9.0  -6.2 -12.9  59.0   2.3   -9.0   -9.0   -9.0   -9.0   -9.0   -9.0   -9.0 -9 -9 -                        0   0   -9 -         -9  -9  -9  2882  0.3  0.11 -9  -5.9  -1.6  -2.0  -0.1   0.4  -9 -9.0 -9  3  2
202502230900 108  27  3.4  -9 -9.0   -9 1021.2 1032.4  2   0.6  -4.8 -13.1  52.0   2.2   -9.0   -9.0   -9.0   -9.0   -9.0   -9.0   -9.0 -9 -9 -                        0   0   -9 -         -9  -9  -9  2894  1.0  0.67 -9  -2.9  -1.7  -2.1  -0.2   0.3  -9 -9.0 -9  3  2
202502231000 108  27  3.6  -9 -9.0   -9 1020.9 1032.0 -9  -9.0  -3.6 -14.3  43.0   2.0   -9.0   -9.0   -9.0   -9.0   -9.0   -9.0   -9.0 -9 -9 -                        0   0   -9 -         -9  -9  -9  3416  1.0  1.51 -9  -0.2  -1.4  -2.1  -0.7  -0.1  -9 -9.0 -9  3  2
202502231100 108  27  3.2  -9 -9.0   -9 1020.4 1031.4 -9  -9.0  -2.0 -14.4  38.0   2.0   -9.0   -9.0   -9.0   -9.0   -9.0   -9.0   -9.0 -9 -9 -                        0   0   -9 -         -9  -9  -9  2999  1.0  2.12 -9   2.6  -1.1  -1.8  -0.7  -0.1  -9 -9.0 -9  3  2
202502231200 108  27  3.9  -9 -9.0   -9 1019.6 1030.6  7  -1.8  -1.4 -14.2  37.0   2.0   -9.0   -9.0   -9.0   -9.0   -9.0   -9.0   -9.0 -9 -9 -                        1   1   15 Sc         0   0   5  3153  1.0  2.55 -9   6.3  -0.9  -1.5  -0.7   0.0  -9 -9.0 -9  3  2
202502231300 108  29  4.3  -9 -9.0   -9 1018.5 1029.5 -9  -9.0  -1.4 -14.9  35.0   1.9   -9.0   -9.0   -9.0   -9.0   -9.0   -9.0   -9.0 -9 -9 -                        1   1   16 Sc         0   0   5  2963  1.0  2.76 -9   8.8  -0.9  -1.3  -0.6   0.0  -9 -9.0 -9  3  2
202502231400 108  25  4.0  23 11.0 1341 1018.0 1028.9 -9  -9.0   0.0 -14.7  32.0   2.0   -9.0   -9.0   -9.0   -9.0   -9.0   -9.0   -9.0 -9 -9 -                        1   1   15 Sc         0   0   5  2831  1.0  2.73 -9  10.6  -0.6  -1.2  -0.6  -0.1  -9 -9.0 -9  3  2
202502231500 108  27  5.3  23 11.0 1341 1017.6 1028.5  7  -2.1   0.1 -15.4  30.0   1.8   -9.0   -9.0   -9.0   -9.0   -9.0   -9.0   -9.0 -9 -9 -                        1   1   17 Sc         0   0   5  2988  1.0  2.47 -9   8.9  -0.7  -1.1  -0.6  -0.1  -9 -9.0 -9  3  2
202502231600 108  29  4.1  -9 -9.0   -9 1017.5 1028.4 -9  -9.0   0.2 -14.9  31.0   1.9   -9.0   -9.0   -9.0   -9.0   -9.0   -9.0   -9.0 -9 -9 -                        2   2   17 Sc         0   0   5  3378  1.0  1.85 -9   5.7  -0.6  -1.1  -0.7  -0.2  -9 -9.0 -9  3  2
202502231700 108  25  4.8  29 10.0 1611 1017.5 1028.4 -9  -9.0   0.0 -15.5  30.0   1.8   -9.0   -9.0   -9.0   -9.0   -9.0   -9.0   -9.0 -9 -9 -                        0   0   -9 -         -9  -9  -9  3473  0.9  1.12 -9   0.3  -0.5  -1.0  -0.7  -0.1  -9 -9.0 -9  3  2
202502231800 108  29  4.0  29 10.0 1611 1018.0 1029.0  3   0.5  -1.6 -15.1  35.0   1.9   -9.0   -9.0   -9.0   -9.0   -9.0   -9.0   -9.0 -9 -9 -                        0   0   -9 -         -9  -9  -9  3098  0.9  0.44 -9  -0.4  -0.4  -1.1  -0.8  -0.2  -9 -9.0 -9  3  2
202502231900 108  29  3.2  -9 -9.0   -9 1018.5 1029.5 -9  -9.0  -2.6 -14.9  38.0   1.9   -9.0   -9.0   -9.0   -9.0   -9.0   -9.0   -9.0 -9 -9 -                        0   0   -9 -         -9  -9  -9  3126  0.0  0.02 -9  -0.8  -0.4  -1.0  -0.7  -0.1  -9 -9.0 -9  3 -9
202502232000 108  29  3.8  -9 -9.0   -9 1019.0 1030.1 -9  -9.0  -3.2 -14.3  42.0   2.0   -9.0   -9.0   -9.0   -9.0   -9.0   -9.0   -9.0 -9 -9 -                        0   0   -9 -         -9  -9  -9  2754 -9.0 -9.00 -9  -1.3  -0.4  -1.0  -0.6  -0.1  -9 -9.0 -9  3 -9
202502232100 108  29  3.5  29 10.0 1611 1019.6 1030.7  2   1.7  -3.7 -13.6  46.0   2.1   -9.0   -9.0   -9.0   -9.0   -9.0   -9.0   -9.0 -9 -9 -                        0   0   -9 -         -9  -9  -9  2682 -9.0 -9.00 -9  -2.0  -0.4  -1.0  -0.6   0.0  -9 -9.0 -9  3  2
202502232200 108  29  2.6  -9 -9.0   -9 1020.0 1031.1 -9  -9.0  -4.3 -13.6  48.0   2.1   -9.0   -9.0   -9.0   -9.0   -9.0   -9.0   -9.0 -9 -9 -                        0   0   -9 -         -9  -9  -9  2682 -9.0 -9.00 -9  -2.9  -0.5  -1.1  -0.6   0.0  -9 -9.0 -9  3 -9
202502232300 108  29  2.3  -9 -9.0   -9 1019.9 1031.1 -9  -9.0  -4.8 -13.6  50.0   2.1   -9.0   -9.0   -9.0   -9.0   -9.0   -9.0   -9.0 -9 -9 -                        0   0   -9 -         -9  -9  -9  3042 -9.0 -9.00 -9  -3.6  -0.6  -1.2  -0.6   0.0  -9 -9.0 -9  3 -9
202502240000 108  20  1.9  -9 -9.0   -9 1019.6 1030.8  0   0.1  -5.4 -13.9  51.0   2.1   -9.0   -9.0   -9.0   -9.0   -9.0   -9.0   -9.0 -9 -9 -                        0   0   -9 -         -9  -9  -9  3195 -9.0 -9.00 -9  -4.2  -0.8  -1.4  -0.5   0.0  -9 -9.0 -9  3  2
202502240100 108  23  1.7  -9 -9.0   -9 1019.9 1031.1 -9  -9.0  -5.7 -13.7  53.0   2.1   -9.0   -9.0   -9.0   -9.0   -9.0   -9.0   -9.0 -9 -9 -                        0   0   -9 -         -9  -9  -9  3308 -9.0 -9.00 -9  -4.6  -0.9  -1.5  -0.5   0.0  -9 -9.0 -9  3 -9
202502240200 108  20  0.8  -9 -9.0   -9 1019.8 1031.0 -9  -9.0  -6.0 -14.0  53.0   2.1   -9.0   -9.0   -9.0   -9.0   -9.0   -9.0   -9.0 -9 -9 -                        0   0   -9 -         -9  -9  -9  3129 -9.0 -9.00 -9  -5.2  -1.0  -1.7  -0.5   0.0  -9 -9.0 -9  3 -9
202502240300 108  27  1.8  -9 -9.0   -9 1019.6 1030.8  4   0.0  -6.0 -13.3  56.0   2.2   -9.0   -9.0   -9.0   -9.0   -9.0   -9.0   -9.0 -9 -9 -                        0   0   -9 -         -9  -9  -9  3200 -9.0 -9.00 -9  -5.6  -1.2  -1.8  -0.4   0.1  -9 -9.0 -9  3  2
202502240400 108  27  1.6  -9 -9.0   -9 1019.3 1030.5 -9  -9.0  -6.1 -13.2  57.0   2.2   -9.0   -9.0   -9.0   -9.0   -9.0   -9.0   -9.0 -9 -9 -                        0   0   -9 -         -9  -9  -9  3283 -9.0 -9.00 -9  -6.0  -1.3  -2.0  -0.5   0.1  -9 -9.0 -9  3  2
202502240500 108  27  1.2  -9 -9.0   -9 1019.5 1030.7 -9  -9.0  -6.0 -12.7  59.0   2.3   -9.0   -9.0   -9.0   -9.0   -9.0   -9.0   -9.0 -9 -9 -                        0   0   -9 -         -9  -9  -9  3418 -9.0 -9.00 -9  -6.1  -1.5  -2.1  -0.5   0.0  -9 -9.0 -9  3  2
202502240600 108  27  2.3  -9 -9.0   -9 1019.6 1030.8  4   0.0  -5.9 -12.2  61.0   2.4   -9.0   -9.0   -9.0   -9.0   -9.0   -9.0   -9.0 -9 -9 -                        0   0   -9 -         -9  -9  -9  3224 -9.0 -9.00 -9  -6.3  -1.6  -2.2  -0.6   0.0  -9 -9.0 -9  3  2
202502240700 108  29  1.5  -9 -9.0   -9 1019.7 1030.9 -9  -9.0  -6.2 -12.1  63.0   2.4   -9.0   -9.0   -9.0   -9.0   -9.0   -9.0   -9.0 -9 -9 -                        0   0   -9 -         -9  -9  -9  3122 -9.0 -9.00 -9  -6.6  -1.7  -2.4  -0.6   0.0  -9 -9.0 -9  3  2
202502240800 108  29  1.9  -9 -9.0   -9 1020.2 1031.4 -9  -9.0  -5.9 -11.6  64.0   2.5   -9.0   -9.0   -9.0   -9.0   -9.0   -9.0   -9.0 -9 -9 -                        0   0   -9 -         -9  -9  -9  3100  0.4  0.12 -9  -6.2  -1.8  -2.5  -0.7  -0.1  -9 -9.0 -9  3  2
202502240900 108  27  2.9  -9 -9.0   -9 1021.1 1032.2  2   1.4  -3.9 -11.6  55.0   2.5   -9.0   -9.0   -9.0   -9.0   -9.0   -9.0   -9.0 -9 -9 -                        0   0   -9 -         -9  -9  -9  2772  1.0  0.74 -9  -2.5  -1.9  -2.7  -1.1  -0.5  -9 -9.0 -9  3  2
202502241000 108  29  3.1  -9 -9.0   -9 1021.5 1032.6 -9  -9.0  -2.5 -12.5  46.0   2.3   -9.0   -9.0   -9.0   -9.0   -9.0   -9.0   -9.0 -9 -9 -                        0   0   -9 -         -9  -9  -9  3106  1.0  1.55 -9   0.4  -1.5  -2.2  -0.7  -0.1  -9 -9.0 -9  3  2
202502241100 108  32  3.2  -9 -9.0   -9 1021.5 1032.5 -9  -9.0  -0.9 -13.1  39.0   2.2   -9.0   -9.0   -9.0   -9.0   -9.0   -9.0   -9.0 -9 -9 -                        0   0   -9 -         -9  -9  -9  3268  1.0  2.15 -9   3.8  -1.2  -1.8  -0.8  -0.1  -9 -9.0 -9  3  2
202502241200 108  29  3.0  -9 -9.0   -9 1021.2 1032.1  8  -0.1   0.5 -13.2  35.0   2.2   -9.0   -9.0   -9.0   -9.0   -9.0   -9.0   -9.0 -9 -9 -                        0   0   -9 -         -9  -9  -9  3044  1.0  2.59 -9   9.5  -0.8  -1.7  -1.1  -0.5  -9 -9.0 -9  3  2
202502241300 108  29  3.9  -9 -9.0   -9 1020.4 1031.3 -9  -9.0   1.4 -13.9  31.0   2.1   -9.0   -9.0   -9.0   -9.0   -9.0   -9.0   -9.0 -9 -9 -                        0   0   -9 -         -9  -9  -9  2600  1.0  2.78 -9  12.0  -0.7  -1.4  -0.9  -0.3  -9 -9.0 -9  3  2
202502241400 108  29  4.2  -9 -9.0   -9 1019.6 1030.4 -9  -9.0   2.6 -12.8  31.0   2.3   -9.0   -9.0   -9.0   -9.0   -9.0   -9.0   -9.0 -9 -9 -                        0   0   -9 -         -9  -9  -9  3031  1.0  2.76 -9  12.8  -0.6  -1.3  -0.9  -0.3  -9 -9.0 -9  3  2
202502241500 108  29  4.1  -9 -9.0   -9 1019.3 1030.1  7  -2.0   3.6 -12.8  29.0   2.3   -9.0   -9.0   -9.0   -9.0   -9.0   -9.0   -9.0 -9 -9 -                        0   0   -9 -         -9  -9  -9  3702  1.0  2.44 -9  11.4  -0.5  -1.2  -0.8  -0.2  -9 -9.0 -9  3  2
202502241600 108  23  3.5  -9 -9.0   -9 1019.1 1029.9 -9  -9.0   4.5 -10.8  32.0   2.7   -9.0   -9.0   -9.0   -9.0   -9.0   -9.0   -9.0 -9 -9 -                        0   0   -9 -         -9  -9  -9  2703  1.0  1.91 -9   8.3  -0.5  -1.1  -0.9  -0.2  -9 -9.0 -9  3  2
202502241700 108  23  2.7  -9 -9.0   -9 1019.0 1029.8 -9  -9.0   4.3 -10.9  32.0   2.7   -9.0   -9.0   -9.0   -9.0   -9.0   -9.0   -9.0 -9 -9 -                        0   0   -9 -         -9  -9  -9  3539  1.0  1.21 -9   2.5  -0.4  -1.1  -0.8  -0.3  -9 -9.0 -9  3  2
202502241800 108  23  3.4  -9 -9.0   -9 1019.4 1030.2  3   0.1   2.7 -10.5  37.0   2.8   -9.0   -9.0   -9.0   -9.0   -9.0   -9.0   -9.0 -9 -9 -                        0   0   -9 -         -9  -9  -9  3793  0.9  0.47 -9  -0.2  -0.4  -1.1  -0.9  -0.3  -9 -9.0 -9  3  2
202502241900 108  23  2.1  -9 -9.0   -9 1019.6 1030.5 -9  -9.0   1.5 -10.0  42.0   2.9   -9.0   -9.0   -9.0   -9.0   -9.0   -9.0   -9.0 -9 -9 -                        0   0   -9 -         -9  -9  -9  3119  0.0  0.02 -9  -0.4  -0.3  -1.1  -0.8  -0.3  -9 -9.0 -9  3 -9
202502242000 108  25  1.2  -9 -9.0   -9 1019.8 1030.7 -9  -9.0   0.7  -9.3  47.0   3.0   -9.0   -9.0   -9.0   -9.0   -9.0   -9.0   -9.0 -9 -9 -                        0   0   -9 -         -9  -9  -9  3154 -9.0 -9.00 -9  -0.6  -0.3  -0.7  -0.3   0.3  -9 -9.0 -9  3 -9
202502242100 108  25  2.1  -9 -9.0   -9 1020.4 1031.3  2   1.1   0.2  -7.7  55.0   3.4   -9.0   -9.0   -9.0   -9.0   -9.0   -9.0   -9.0 -9 -9 -                        0   0   -9 -         -9  -9  -9  3186 -9.0 -9.00 -9  -0.8  -0.3  -0.7  -0.3   0.3  -9 -9.0 -9  3  2
202502242200 108  27  2.3  -9 -9.0   -9 1020.5 1031.4 -9  -9.0   0.2  -5.6  65.0   4.0   -9.0   -9.0   -9.0   -9.0   -9.0   -9.0   -9.0 -9 -9 -                        0   0   -9 -         -9  -9  -9  2929 -9.0 -9.00 -9  -0.9  -0.3  -0.7  -0.3   0.3  -9 -9.0 -9  3 -9
202502242300 108   0  0.4  -9 -9.0   -9 1020.0 1031.0 -9  -9.0  -0.4  -6.1  65.0   3.9   -9.0   -9.0   -9.0   -9.0   -9.0   -9.0   -9.0 -9 -9 -                        0   0   -9 -         -9  -9  -9  2786 -9.0 -9.00 -9  -1.3  -0.3  -0.7  -0.3   0.3  -9 -9.0 -9  3 -9
202502250000 108  23  0.7  -9 -9.0   -9 1019.6 1030.6  8  -0.7  -1.3  -6.0  70.0   3.9   -9.0   -9.0   -9.0   -9.0   -9.0   -9.0   -9.0 -9 -9 -                        0   0   -9 -         -9  -9  -9  2516 -9.0 -9.00 -9  -1.9  -0.4  -0.7  -0.3   0.3  -9 -9.0 -9  3  2
202502250100 108  25  2.0  -9 -9.0   -9 1019.8 1030.8 -9  -9.0  -1.4  -5.6  73.0   4.0   -9.0   -9.0   -9.0   -9.0   -9.0   -9.0   -9.0 -9 -9 -                        0   0   -9 -         -9  -9  -9  2497 -9.0 -9.00 -9  -2.4  -0.4  -0.8  -0.2   0.3  -9 -9.0 -9  3 -9
202502250200 108  27  1.5  -9 -9.0   -9 1019.6 1030.6 -9  -9.0  -1.4  -4.9  77.0   4.2   -9.0   -9.0   -9.0   -9.0   -9.0   -9.0   -9.0 -9 -9 -                        0   0   -9 -         -9  -9  -9  2169 -9.0 -9.00 -9  -2.8  -0.5  -0.9  -0.2   0.3  -9 -9.0 -9  3 -9
202502250300 108  23  1.8  -9 -9.0   -9 1019.4 1030.4  8  -0.2  -1.7  -4.8  79.0   4.3   -9.0   -9.0   -9.0   -9.0   -9.0   -9.0   -9.0 -9 -9 -                        0   0   -9 -         -9  -9  -9  1929 -9.0 -9.00 -9  -3.2  -0.6  -1.0  -0.2   0.3  -9 -9.0 -9  3  2
202502250400 108  23  1.1  -9 -9.0   -9 1018.9 1029.9 -9  -9.0  -1.9  -4.8  80.0   4.3   -9.0   -9.0   -9.0   -9.0   -9.0   -9.0   -9.0 -9 -9 -                        2   0   -9 Ci         1   0   0  1734 -9.0 -9.00 -9  -3.5  -0.7  -1.1  -0.2   0.3  -9 -9.0 -9  3  2
202502250500 108   0  0.1  -9 -9.0   -9 1018.6 1029.6 -9  -9.0  -2.3  -4.8  83.0   4.3   -9.0   -9.0   -9.0   -9.0   -9.0   -9.0   -9.0 -9 -9 -                        0   0   -9 -         -9  -9  -9  1574 -9.0 -9.00 -9  -3.8  -0.8  -1.2  -0.2   0.3  -9 -9.0 -9  3  2
202502250600 108   2  2.1  -9 -9.0   -9 1018.1 1029.1  7  -1.3  -2.7  -5.0  84.0   4.2   -9.0   -9.0   -9.0   -9.0   -9.0   -9.0   -9.0 -9 -9 -                        0   0   -9 -         -9  -9  -9  1384 -9.0 -9.00 -9  -4.0  -0.8  -1.3  -0.2   0.3  -9 -9.0 -9  3  2
202502250700 108   2  2.2  -9 -9.0   -9 1017.9 1029.0 -9  -9.0  -3.0  -5.4  83.0   4.1   -9.0   -9.0   -9.0   -9.0   -9.0   -9.0   -9.0 -9 -9 -                        0   0   -9 -         -9  -9  -9  1624 -9.0 -9.00 -9  -4.3  -0.9  -1.3  -0.2   0.3  -9 -9.0 -9  3  2
202502250800 108   5  1.5  -9 -9.0   -9 1018.2 1029.3 -9  -9.0  -2.9  -5.5  82.0   4.1   -9.0   -9.0   -9.0   -9.0   -9.0   -9.0   -9.0 -9 -9 -                        0   0   -9 -         -9  -9  -9  1731  0.4  0.13 -9  -3.8  -1.0  -1.4  -0.2   0.3  -9 -9.0 -9  3  2
202502250900 108   2  1.8  -9 -9.0   -9 1018.1 1029.1  4   0.0  -0.9  -4.0  79.0   4.5   -9.0   -9.0   -9.0   -9.0   -9.0   -9.0   -9.0 -9 -9 -                        0   0   -9 -         -9  -9  -9  1626  1.0  0.68 -9  -1.1  -1.0  -1.6  -0.5   0.0  -9 -9.0 -9  3  2
202502251000 108  18  2.8  -9 -9.0   -9 1017.3 1028.1 -9  -9.0   2.8  -2.9  66.0   4.9   -9.0   -9.0   -9.0   -9.0   -9.0   -9.0   -9.0 -9 -9 -                        6   0   -9 Ci         1   0   0  2780  1.0  1.48 -9   1.4  -0.8  -1.5  -0.8  -0.2  -9 -9.0 -9  3  2
202502251100 108  20  4.3  -9 -9.0   -9 1016.6 1027.3 -9  -9.0   4.6  -3.2  57.0   4.8   -9.0   -9.0   -9.0   -9.0   -9.0   -9.0   -9.0 -9 -9 -                        4   4    9 Sc         0   0   5  3783  1.0  2.08 -9   5.1  -0.6  -1.3  -0.8  -0.2  -9 -9.0 -9  3  2
202502251200 108  23  4.4  -9 -9.0   -9 1015.7 1026.4  7  -2.7   5.0  -3.5  54.0   4.7   -9.0   -9.0   -9.0   -9.0   -9.0   -9.0   -9.0 -9 -9 -                        8   2    9 ScCi       1   0   5  3763  0.6  1.97 -9   6.8  -0.4  -1.2  -0.8  -0.2  -9 -9.0 -9  3  2
202502251300 108  25  5.1  27 11.0 1257 1014.9 1025.6 -9  -9.0   5.4  -3.4  53.0   4.8   -9.0   -9.0   -9.0   -9.0   -9.0   -9.0   -9.0 -9 -9 -                        9   7   10 ScCi       1   0   5  3625  0.7  1.88 -9   7.0  -0.3  -1.1  -0.8  -0.2  -9 -9.0 -9  3  2
202502251400 108  23  5.3  -9 -9.0   -9 1014.0 1024.7 -9  -9.0   5.2  -2.8  56.0   5.0   -9.0   -9.0   -9.0   -9.0   -9.0   -9.0   -9.0 -9 -9 -                        9   6   10 ScCi       2   0   5  4089  0.1  0.99 -9   4.7  -0.3  -1.1  -0.8  -0.2  -9 -9.0 -9  3  2
202502251500 108  23  4.7  27 11.0 1257 1013.4 1024.1  7  -2.3   5.2  -1.9  60.0   5.3   -9.0   -9.0   -9.0   -9.0   -9.0   -9.0   -9.0 -9 -9 -                        9   7    9 ScCi       1   0   5  3380  0.0  0.63 -9   3.5  -0.3  -1.0  -0.8  -0.2  -9 -9.0 -9  3  2
202502251600 108  20  3.0  18 10.0 1545 1012.9 1023.5 -9  -9.0   5.6  -1.3  61.0   5.6   -9.0   -9.0   -9.0   -9.0   -9.0   -9.0   -9.0 -9 -9 -                        8   5    8 ScCi       1   0   5  3004  0.2  0.80 -9   4.5  -0.3  -1.0  -0.8  -0.2  -9 -9.0 -9  3  2
202502251700 108  23  4.6  -9 -9.0   -9 1012.1 1022.7 -9  -9.0   5.5  -1.6  60.0   5.4   -9.0   -9.0   -9.0   -9.0   -9.0   -9.0   -9.0 -9 -9 -                        4   4    9 Sc         0   0   5  2645  0.3  0.66 -9   3.2  -0.3  -1.0  -0.8  -0.2  -9 -9.0 -9  3  2
202502251800 108  20  3.3  18 10.0 1545 1012.2 1022.9  5  -1.2   5.0  -0.6  67.0   5.8   -9.0   -9.0   -9.0   -9.0   -9.0   -9.0   -9.0 -9 -9 -                        8   8    7 Sc         0   0   5  2488  0.1  0.15 -9   1.3  -0.3  -1.0  -0.8  -0.2  -9 -9.0 -9  3  2
202502251900 108  23  4.4  -9 -9.0   -9 1012.3 1023.0 -9  -9.0   4.7  -0.5  69.0   5.9   -9.0   -9.0   -9.0   -9.0   -9.0   -9.0   -9.0 -9 -9 -                        7   6   13 -         -9  -9  -9  1743  0.0  0.01 -9   0.5  -0.2  -1.0  -0.8  -0.3  -9 -9.0 -9  3 -9
202502252000 108  20  3.5  -9 -9.0   -9 1012.4 1023.1 -9  -9.0   4.5  -0.1  72.0   6.1   -9.0   -9.0   -9.0   -9.0   -9.0   -9.0   -9.0 -9 -9 -                        7   3    7 -         -9  -9  -9  1612 -9.0 -9.00 -9  -0.1  -0.2  -1.0  -0.8  -0.3  -9 -9.0 -9  3 -9
202502252100 108  20  3.7  18 10.0 1545 1012.3 1023.0  0   0.1   4.2   0.1  75.0   6.2   -9.0   -9.0   -9.0   -9.0   -9.0   -9.0   -9.0 -9 -9 -                        6   6   13 Sc         0   0   5  1433 -9.0 -9.00 -9  -0.4  -0.2  -1.0  -0.8  -0.3  -9 -9.0 -9  3  2
202502252200 108  23  2.9  -9 -9.0   -9 1012.4 1023.1 -9  -9.0   3.7   0.2  78.0   6.2   -9.0   -9.0   -9.0   -9.0   -9.0   -9.0   -9.0 -9 -9 -                        3   3    7 -         -9  -9  -9  1348 -9.0 -9.00 -9  -0.2  -0.2  -1.0  -0.9  -0.3  -9 -9.0 -9  3 -9
202502252300 108  20  2.0  -9 -9.0   -9 1012.4 1023.1 -9  -9.0   3.2   0.2  81.0   6.2   -9.0   -9.0   -9.0   -9.0   -9.0   -9.0   -9.0 -9 -9 -                        2   2    8 -         -9  -9  -9  1082 -9.0 -9.00 -9  -0.2  -0.2  -1.1  -1.0  -0.5  -9 -9.0 -9  3 -9
202502260000 108  23  1.9  -9 -9.0   -9 1012.2 1022.9  8  -0.1   2.9   0.2  83.0   6.2   -9.0   -9.0   -9.0   -9.0   -9.0   -9.0   -9.0 10 22 19                       7   7    6 Sc         0   0   5   870 -9.0 -9.00 -9  -0.2  -0.2  -1.2  -1.3  -0.7  -9 -9.0 -9  3  1
202502260100 108  23  2.0  -9 -9.0   -9 1012.2 1022.9 -9  -9.0   3.1   0.6  84.0   6.4   -9.0   -9.0   -9.0   -9.0   -9.0   -9.0   -9.0 -9 -9 19                       0   0   -9 -         -9  -9  -9   705 -9.0 -9.00 -9  -0.2  -0.2  -1.2  -1.2  -0.6  -9 -9.0 -9  3  2
202502260200 108  23  1.1  -9 -9.0   -9 1012.2 1022.9 -9  -9.0   3.2   0.7  84.0   6.4   -9.0   -9.0   -9.0   -9.0   -9.0   -9.0   -9.0 -9 -9 19                       6   6    4 -         -9  -9  -9   566 -9.0 -9.00 -9  -0.2  -0.2  -1.2  -1.2  -0.7  -9 -9.0 -9  3  2
202502260300 108  23  1.6  -9 -9.0   -9 1011.8 1022.5  7  -0.4   3.3   1.0  85.0   6.6   -9.0   -9.0   -9.0   -9.0   -9.0   -9.0   -9.0 10 22 19                       8   8    6 Sc         0   0   5   455 -9.0 -9.00 -9  -0.2  -0.2  -1.2  -1.2  -0.7  -9 -9.0 -9  3  1
202502260400 108  27  1.7  -9 -9.0   -9 1011.8 1022.5 -9  -9.0   3.1   0.9  86.0   6.5   -9.0   -9.0   -9.0   -9.0   -9.0   -9.0   -9.0 10 22 19                       6   6    7 Sc         0   0   5   359 -9.0 -9.00 -9  -0.2  -0.2  -1.2  -1.2  -0.7  -9 -9.0 -9  3  1
202502260500 108  25  1.9  -9 -9.0   -9 1012.0 1022.8 -9  -9.0   2.4   0.4  87.0   6.3   -9.0   -9.0   -9.0   -9.0   -9.0   -9.0   -9.0 10  0 19                       2   2    7 Sc         0   0   5   314 -9.0 -9.00 -9  -0.3  -0.2  -1.2  -1.2  -0.7  -9 -9.0 -9  3  1
202502260600 108  27  2.5  -9 -9.0   -9 1012.3 1023.1  2   0.6   1.9   0.0  87.0   6.1   -9.0   -9.0   -9.0   -9.0   -9.0   -9.0   -9.0 10  0 19                       0   0   -9 -         -9  -9  -9   342 -9.0 -9.00 -9  -0.3  -0.2  -1.2  -1.2  -0.7  -9 -9.0 -9  3  1
202502260700 108   0  0.4  -9 -9.0   -9 1012.4 1023.2 -9  -9.0   1.2  -0.8  86.0   5.8   -9.0   -9.0   -9.0   -9.0   -9.0   -9.0   -9.0 10  0 19                       0   0   -9 -         -9  -9  -9   298 -9.0 -9.00 -9  -0.5  -0.2  -0.9  -0.8  -0.2  -9 -9.0 -9  3  1
202502260800 108  27  2.4  -9 -9.0   -9 1013.2 1024.0 -9  -9.0   1.1  -0.3  90.0   6.0   -9.0   -9.0   -9.0   -9.0   -9.0   -9.0   -9.0 10  0 19                       0   0   -9 -         -9  -9  -9   272  0.0  0.10 -9  -0.4  -0.2  -1.0  -0.9  -0.4  -9 -9.0 -9  3  1
202502260900 108  27  2.6  -9 -9.0   -9 1014.1 1024.9  2   1.8   1.7  -0.2  87.0   6.0   -9.0   -9.0   -9.0   -9.0   -9.0   -9.0   -9.0 10  0 19                       3   3    8 Sc         0   0   5   308  0.7  0.52 -9  -0.3  -0.2  -1.2  -1.3  -0.7  -9 -9.0 -9  3  1
202502261000 108  29  2.7  -9 -9.0   -9 1014.5 1025.3 -9  -9.0   2.5  -3.8  63.0   4.6   -9.0   -9.0   -9.0   -9.0   -9.0   -9.0   -9.0  5  0 4019                     0   0   -9 -         -9  -9  -9   926  1.0  1.36 -9   1.9  -0.3  -1.2  -1.3  -0.7  -9 -9.0 -9  3  1
202502261100 108  29  3.5  -9 -9.0   -9 1014.8 1025.6 -9  -9.0   3.4  -6.0  50.0   3.9   -9.0   -9.0   -9.0   -9.0   -9.0   -9.0   -9.0 -9 -9 40                       0   0   -9 -         -9  -9  -9  1031  1.0  2.16 -9  10.1  -0.2  -1.0  -1.1  -0.5  -9 -9.0 -9  3  2
202502261200 108  32  3.2  -9 -9.0   -9 1014.4 1025.1  0   0.2   5.3 -11.3  29.0   2.6   -9.0   -9.0   -9.0   -9.0   -9.0   -9.0   -9.0 -9 -9 -                        0   0   -9 -         -9  -9  -9  2052  1.0  2.57 -9  14.3  -0.2  -1.0  -1.1  -0.5  -9 -9.0 -9  3  2
202502261300 108  27  4.0  -9 -9.0   -9 1013.7 1024.3 -9  -9.0   7.0 -15.7  18.0   1.8   -9.0   -9.0   -9.0   -9.0   -9.0   -9.0   -9.0 -9 -9 -                        0   0   -9 -         -9  -9  -9  4076  1.0  2.84 -9  16.0  -0.1  -1.0  -1.1  -0.5  -9 -9.0 -9  3  2
202502261400 108  29  3.8  -9 -9.0   -9 1012.9 1023.5 -9  -9.0   7.7 -14.5  19.0   2.0   -9.0   -9.0   -9.0   -9.0   -9.0   -9.0   -9.0 -9 -9 -                        0   0   -9 -         -9  -9  -9  2957  1.0  2.81 -9  16.1  -0.1  -1.0  -1.1  -0.6  -9 -9.0 -9  3  2
202502261500 108  29  4.5  29 10.0 1459 1012.2 1022.7  7  -2.4   8.3 -12.2  22.0   2.4   -9.0   -9.0   -9.0   -9.0   -9.0   -9.0   -9.0 -9 -9 -                        0   0   -9 -         -9  -9  -9  3296  1.0  2.45 -9  13.4  -0.1  -1.0  -1.1  -0.6  -9 -9.0 -9  3  2
202502261600 108  25  5.1  -9 -9.0   -9 1011.9 1022.4 -9  -9.0   8.4 -12.1  22.0   2.4   -9.0   -9.0   -9.0   -9.0   -9.0   -9.0   -9.0 -9 -9 -                        0   0   -9 -         -9  -9  -9  2995  1.0  1.91 -9  10.1   0.0  -1.0  -1.1  -0.6  -9 -9.0 -9  3  2
202502261700 108  25  3.8  -9 -9.0   -9 1011.8 1022.3 -9  -9.0   8.1 -11.8  23.0   2.5   -9.0   -9.0   -9.0   -9.0   -9.0   -9.0   -9.0 -9 -9 -                        0   0   -9 -         -9  -9  -9  3453  1.0  1.23 -9   4.5  -0.1  -1.0  -1.1  -0.5  -9 -9.0 -9  3  2
202502261800 108  25  3.1  -9 -9.0   -9 1012.0 1022.6  5  -0.1   6.1 -13.5  23.0   2.2   -9.0   -9.0   -9.0   -9.0   -9.0   -9.0   -9.0 -9 -9 -                        0   0   -9 -         -9  -9  -9  3364  0.9  0.46 -9   0.2  -0.2  -1.0  -1.1  -0.6  -9 -9.0 -9  3  2
202502261900 108  27  2.4  -9 -9.0   -9 1012.3 1023.0 -9  -9.0   4.4 -13.4  26.0   2.2   -9.0   -9.0   -9.0   -9.0   -9.0   -9.0   -9.0 -9 -9 -                        0   0   -9 -         -9  -9  -9  3276  0.0  0.02 -9  -0.3  -0.2  -0.6  -0.4   0.1  -9 -9.0 -9  3 -9
202502262000 108  27  1.8  -9 -9.0   -9 1012.9 1023.6 -9  -9.0   3.4 -15.8  23.0   1.8   -9.0   -9.0   -9.0   -9.0   -9.0   -9.0   -9.0 -9 -9 -                        0   0   -9 -         -9  -9  -9  3896 -9.0 -9.00 -9  -0.4  -0.2  -0.6  -0.4   0.1  -9 -9.0 -9  3 -9
202502262100 108  23  1.2  -9 -9.0   -9 1013.0 1023.8  2   1.2   2.3 -15.7  25.0   1.8   -9.0   -9.0   -9.0   -9.0   -9.0   -9.0   -9.0 -9 -9 -                        0   0   -9 -         -9  -9  -9  3742 -9.0 -9.00 -9  -0.7  -0.2  -0.5  -0.3   0.3  -9 -9.0 -9  3  2
202502262200 108  25  1.6  -9 -9.0   -9 1013.4 1024.2 -9  -9.0   1.5 -15.0  28.0   1.9   -9.0   -9.0   -9.0   -9.0   -9.0   -9.0   -9.0 -9 -9 -                        0   0   -9 -         -9  -9  -9  3689 -9.0 -9.00 -9  -0.9  -0.2  -0.5  -0.2   0.3  -9 -9.0 -9  3 -9
202502262300 108  29  1.9  -9 -9.0   -9 1013.3 1024.1 -9  -9.0   1.2 -13.7  32.0   2.1   -9.0   -9.0   -9.0   -9.0   -9.0   -9.0   -9.0 -9 -9 -                        0   0   -9 -         -9  -9  -9  3582 -9.0 -9.00 -9  -1.0  -0.2  -0.5  -0.2   0.3  -9 -9.0 -9  3 -9
202502270000 108  27  1.5  -9 -9.0   -9 1013.4 1024.2  1   0.4   0.8 -12.2  37.0   2.4   -9.0   -9.0   -9.0   -9.0   -9.0   -9.0   -9.0 -9 -9 -                        0   0   -9 -         -9  -9  -9  3764 -9.0 -9.00 -9  -1.2  -0.2  -0.5  -0.2   0.3  -9 -9.0 -9  3  2
202502270100 108  29  0.9  -9 -9.0   -9 1013.2 1024.1 -9  -9.0   0.6 -11.4  40.0   2.6   -9.0   -9.0   -9.0   -9.0   -9.0   -9.0   -9.0 -9 -9 -                        0   0   -9 -         -9  -9  -9  3490 -9.0 -9.00 -9  -1.3  -0.2  -0.5  -0.2   0.3  -9 -9.0 -9  3 -9
202502270200 108   0  0.1  -9 -9.0   -9 1013.2 1024.1 -9  -9.0  -0.1 -11.2  43.0   2.6   -9.0   -9.0   -9.0   -9.0   -9.0   -9.0   -9.0 -9 -9 -                        0   0   -9 -         -9  -9  -9  3348 -9.0 -9.00 -9  -1.5  -0.2  -0.5  -0.2   0.3  -9 -9.0 -9  3 -9
202502270300 108   7  1.5  -9 -9.0   -9 1012.7 1023.6  7  -0.6  -0.7 -12.0  42.0   2.4   -9.0   -9.0   -9.0   -9.0   -9.0   -9.0   -9.0 -9 -9 -                        0   0   -9 -         -9  -9  -9  3815 -9.0 -9.00 -9  -1.7  -0.2  -0.5  -0.2   0.3  -9 -9.0 -9  3  2
202502270400 108   2  2.0  -9 -9.0   -9 1012.3 1023.2 -9  -9.0  -1.1 -12.4  42.0   2.4   -9.0   -9.0   -9.0   -9.0   -9.0   -9.0   -9.0 -9 -9 -                        0   0   -9 -         -9  -9  -9  3778 -9.0 -9.00 -9  -1.9  -0.2  -0.5  -0.2   0.3  -9 -9.0 -9  3  2
202502270500 108   2  2.0  -9 -9.0   -9 1012.4 1023.3 -9  -9.0  -1.3 -12.0  44.0   2.4   -9.0   -9.0   -9.0   -9.0   -9.0   -9.0   -9.0 -9 -9 -                        0   0   -9 -         -9  -9  -9  3791 -9.0 -9.00 -9  -2.1  -0.2  -0.5  -0.2   0.3  -9 -9.0 -9  3  2
202502270600 108   2  2.2  -9 -9.0   -9 1012.7 1023.6  4   0.0  -1.7 -12.1  45.0   2.4   -9.0   -9.0   -9.0   -9.0   -9.0   -9.0   -9.0 -9 -9 -                        0   0   -9 -         -9  -9  -9  4098 -9.0 -9.00 -9  -2.3  -0.2  -0.5  -0.2   0.3  -9 -9.0 -9  3  2
202502270700 108   5  1.6  -9 -9.0   -9 1013.0 1024.0 -9  -9.0  -1.9 -11.7  47.0   2.5   -9.0   -9.0   -9.0   -9.0   -9.0   -9.0   -9.0 -9 -9 -                        0   0   -9 -         -9  -9  -9  3886 -9.0 -9.00 -9  -2.5  -0.2  -0.5  -0.2   0.3  -9 -9.0 -9  3  2
202502270800 108   2  2.0  -9 -9.0   -9 1013.6 1024.6 -9  -9.0  -1.7 -11.8  46.0   2.5   -9.0   -9.0   -9.0   -9.0   -9.0   -9.0   -9.0 -9 -9 -                        0   0   -9 -         -9  -9  -9  3614  0.4  0.14 -9  -2.1  -0.2  -0.5  -0.2   0.3  -9 -9.0 -9  3  2
202502270900 108   5  1.6  -9 -9.0   -9 1013.9 1024.7  2   1.1   1.4 -10.7  40.0   2.7   -9.0   -9.0   -9.0   -9.0   -9.0   -9.0   -9.0 -9 -9 -                        0   0   -9 -         -9  -9  -9  3553  1.0  0.70 -9  -0.6  -0.2  -0.7  -0.4   0.1  -9 -9.0 -9  3  2
202502271000 108   7  1.6  -9 -9.0   -9 1013.5 1024.2 -9  -9.0   4.6 -11.5  30.0   2.5   -9.0   -9.0   -9.0   -9.0   -9.0   -9.0   -9.0 -9 -9 -                        0   0   -9 -         -9  -9  -9  3287  1.0  1.48 -9   1.2  -0.1  -1.1  -1.3  -0.7  -9 -9.0 -9  3  2
202502271100 108   2  2.4  -9 -9.0   -9 1013.2 1023.8 -9  -9.0   6.4 -12.2  25.0   2.4   -9.0   -9.0   -9.0   -9.0   -9.0   -9.0   -9.0 -9 -9 -                        0   0   -9 -         -9  -9  -9  3190  1.0  2.10 -9   5.2   0.0  -0.6  -0.4   0.1  -9 -9.0 -9  3  2
202502271200 108  11  1.5  -9 -9.0   -9 1012.5 1023.0  7  -1.7   9.5 -13.0  19.0   2.3   -9.0   -9.0   -9.0   -9.0   -9.0   -9.0   -9.0 -9 -9 -                        0   0   -9 -         -9  -9  -9  3689  1.0  2.55 -9  10.5   0.0  -0.6  -0.4   0.1  -9 -9.0 -9  3  2
202502271300 108  20  2.2  -9 -9.0   -9 1011.4 1021.8 -9  -9.0  11.5 -12.7  17.0   2.3   -9.0   -9.0   -9.0   -9.0   -9.0   -9.0   -9.0 -9 -9 -                        0   0   -9 -         -9  -9  -9  3518  1.0  2.76 -9  14.0   0.0  -0.6  -0.4   0.1  -9 -9.0 -9  3  2
202502271400 108  20  3.3  -9 -9.0   -9 1010.1 1020.4 -9  -9.0  12.8 -13.2  15.0   2.2   -9.0   -9.0   -9.0   -9.0   -9.0   -9.0   -9.0 -9 -9 -                        0   0   -9 -         -9  -9  -9  3193  1.0  2.71 -9  15.8   0.0  -0.6  -0.4   0.1  -9 -9.0 -9  3  2
202502271500 108  20  3.0  -9 -9.0   -9 1009.1 1019.4  7  -3.6  13.9 -14.1  13.0   2.1   -9.0   -9.0   -9.0   -9.0   -9.0   -9.0   -9.0 -9 -9 -                        0   0   -9 -         -9  -9  -9  3979  1.0  2.43 -9  15.4   0.1  -0.6  -0.4   0.1  -9 -9.0 -9  3  2
202502271600 108  27  2.3  -9 -9.0   -9 1008.7 1019.0 -9  -9.0  14.0 -14.0  13.0   2.1   -9.0   -9.0   -9.0   -9.0   -9.0   -9.0   -9.0 -9 -9 -                        3   0   -9 Ci         1   0   0  3977  1.0  1.90 -9  12.5   0.2  -0.6  -0.4   0.1  -9 -9.0 -9  3  2
202502271700 108  29  3.0  -9 -9.0   -9 1008.2 1018.5 -9  -9.0  13.1 -13.8  14.0   2.1   -9.0   -9.0   -9.0   -9.0   -9.0   -9.0   -9.0 -9 -9 -                        7   0   -9 Ci         1   0   0  3505  1.0  1.18 -9   6.8   0.1  -0.5  -0.4   0.1  -9 -9.0 -9  3  2
202502271800 108  29  1.9  -9 -9.0   -9 1007.7 1018.1  7  -1.3  11.6 -11.9  18.0   2.5   -9.0   -9.0   -9.0   -9.0   -9.0   -9.0   -9.0 -9 -9 -                        7   0   -9 Ci         1   0   0  3460  0.6  0.32 -9   2.9   0.0  -0.5  -0.4   0.1  -9 -9.0 -9  3  2
202502271900 108  27  1.5  -9 -9.0   -9 1008.0 1018.4 -9  -9.0   9.6 -11.7  21.0   2.5   -9.0   -9.0   -9.0   -9.0   -9.0   -9.0   -9.0 -9 -9 -                        0   0   -9 -         -9  -9  -9  3248  0.0  0.02 -9  -0.4  -0.1  -0.6  -0.4   0.1  -9 -9.0 -9  3 -9
202502272000 108  27  1.9  -9 -9.0   -9 1008.4 1018.9 -9  -9.0   8.2 -10.2  26.0   2.8   -9.0   -9.0   -9.0   -9.0   -9.0   -9.0   -9.0 -9 -9 -                        0   0   -9 -         -9  -9  -9  2704 -9.0 -9.00 -9  -0.3  -0.1  -0.6  -0.4   0.1  -9 -9.0 -9  3 -9
202502272100 108  29  2.0  -9 -9.0   -9 1008.7 1019.2  2   1.1   7.4 -10.4  27.0   2.8   -9.0   -9.0   -9.0   -9.0   -9.0   -9.0   -9.0 -9 -9 -                        2   0   -9 Ci         1   0   0  2661 -9.0 -9.00 -9  -0.3  -0.1  -0.6  -0.4   0.1  -9 -9.0 -9  3  2
202502272200 108  23  1.7  -9 -9.0   -9 1008.9 1019.5 -9  -9.0   6.1 -11.0  28.0   2.6   -9.0   -9.0   -9.0   -9.0   -9.0   -9.0   -9.0 -9 -9 -                        0   0   -9 -         -9  -9  -9  2739 -9.0 -9.00 -9  -0.4  -0.1  -0.6  -0.4   0.1  -9 -9.0 -9  3 -9
202502272300 108  18  1.4  -9 -9.0   -9 1009.2 1019.8 -9  -9.0   5.0 -10.7  31.0   2.7   -9.0   -9.0   -9.0   -9.0   -9.0   -9.0   -9.0 -9 -9 -                        0   0   -9 -         -9  -9  -9  2730 -9.0 -9.00 -9  -0.6  -0.1  -0.6  -0.4   0.1  -9 -9.0 -9  3 -9
202502280000 108  23  0.7  -9 -9.0   -9 1009.1 1019.7  0   0.5   5.0 -10.7  31.0   2.7   -9.0   -9.0   -9.0   -9.0   -9.0   -9.0   -9.0 -9 -9 -                        7   7   37 Ac         0   3   0  2846 -9.0 -9.00 -9  -0.4  -0.2  -0.6  -0.4   0.1  -9 -9.0 -9  3  2
202502280100 108   0  0.2  -9 -9.0   -9 1009.2 1019.8 -9  -9.0   5.1 -11.9  28.0   2.5   -9.0   -9.0   -9.0   -9.0   -9.0   -9.0   -9.0 -9 -9 -                        0   0   -9 -         -9  -9  -9  3108 -9.0 -9.00 -9  -0.4  -0.1  -0.6  -0.4   0.1  -9 -9.0 -9  3 -9
202502280200 108   2  0.7  -9 -9.0   -9 1009.4 1020.0 -9  -9.0   5.5 -10.7  30.0   2.7   -9.0   -9.0   -9.0   -9.0   -9.0   -9.0   -9.0 -9 -9 -                        8   8   11 -         -9  -9  -9  2725 -9.0 -9.00 -9  -0.4  -0.1  -0.6  -0.4   0.1  -9 -9.0 -9  3 -9
202502280300 108  36  1.2  -9 -9.0   -9 1009.1 1019.7  4   0.0   5.3  -8.5  36.0   3.2   -9.0   -9.0   -9.0   -9.0   -9.0   -9.0   -9.0 -9 -9 -                        2   2   33 Ac         0   3   0  2341 -9.0 -9.00 -9  -0.4  -0.1  -0.6  -0.4   0.1  -9 -9.0 -9  3  2
202502280400 108   5  1.8  -9 -9.0   -9 1008.4 1019.1 -9  -9.0   4.3  -8.4  39.0   3.2   -9.0   -9.0   -9.0   -9.0   -9.0   -9.0   -9.0 -9 -9 -                        0   0   -9 -         -9  -9  -9  2281 -9.0 -9.00 -9  -0.6  -0.2  -0.6  -0.4   0.1  -9 -9.0 -9  3  2
202502280500 108   5  1.1  -9 -9.0   -9 1008.4 1019.1 -9  -9.0   3.9  -8.8  39.0   3.1   -9.0   -9.0   -9.0   -9.0   -9.0   -9.0   -9.0 -9 -9 -                        2   2   10 Sc         0   0   5  2275 -9.0 -9.00 -9  -0.6  -0.2  -0.6  -0.4   0.1  -9 -9.0 -9  3  2
202502280600 108   2  1.4  -9 -9.0   -9 1008.3 1019.0  7  -0.7   3.8  -8.5  40.0   3.2   -9.0   -9.0   -9.0   -9.0   -9.0   -9.0   -9.0 -9 -9 -                        7   7   10 Sc         0   0   5  2241 -9.0 -9.00 -9  -0.5  -0.1  -0.6  -0.4   0.1  -9 -9.0 -9  3  2
202502280700 108   2  1.8  -9 -9.0   -9 1008.1 1018.8 -9  -9.0   3.9  -7.5  43.0   3.5   -9.0   -9.0   -9.0   -9.0   -9.0   -9.0   -9.0 -9 -9 -                        7   7    8 Sc         0   0   5  2103 -9.0 -9.00 -9  -0.4  -0.1  -0.6  -0.4   0.1  -9 -9.0 -9  3  2
202502280800 108   2  1.5  -9 -9.0   -9 1008.6 1019.3 -9  -9.0   4.1  -7.0  44.0   3.6   -9.0   -9.0   -9.0   -9.0   -9.0   -9.0   -9.0 -9 -9 -                        9   9    8 Sc         0   0   5  2062  0.0  0.08 -9  -0.3  -0.1  -0.6  -0.4   0.1  -9 -9.0 -9  3  2
202502280900 108   5  1.1  -9 -9.0   -9 1009.1 1019.7  3   0.7   5.4  -6.5  42.0   3.8   -9.0   -9.0   -9.0   -9.0   -9.0   -9.0   -9.0 -9 -9 -                        9   9    7 Sc         0   0   5  1971  0.0  0.25 -9  -0.2  -0.1  -0.6  -0.4   0.1  -9 -9.0 -9  3  2
202502281000 108   0  0.4  -9 -9.0   -9 1009.9 1020.5 -9  -9.0   6.7  -5.0  43.0   4.2   -9.0   -9.0   -9.0   -9.0   -9.0   -9.0   -9.0 -9 -9 -                        9   9    7 Sc         0   0   5  1723  0.0  0.39 -9  -0.1  -0.2  -0.6  -0.4   0.1  -9 -9.0 -9  3  2
202502281100 108  18  2.7  -9 -9.0   -9 1010.4 1020.9 -9  -9.0   8.4  -3.4  43.0   4.8   -9.0   -9.0   -9.0   -9.0   -9.0   -9.0   -9.0 -9 -9 -                        9   9    7 Sc         0   0   5  1777  0.0  0.64 -9   1.2   0.0  -0.6  -0.4   0.1  -9 -9.0 -9  3  2
202502281200 108  18  2.3  -9 -9.0   -9 1010.7 1021.2  2   1.5   9.1  -1.6  47.0   5.4   -9.0   -9.0   -9.0   -9.0   -9.0   -9.0   -9.0 -9 -9 -                        9   9    7 Sc         0   0   5  1357  0.0  0.76 -9   3.8   0.1  -0.5  -0.4   0.1  -9 -9.0 -9  3  2
202502281300 108  16  2.3  -9 -9.0   -9 1010.0 1020.4 -9  -9.0  11.3   0.3  47.0   6.2   -9.0   -9.0   -9.0   -9.0   -9.0   -9.0   -9.0 -9 -9 -                        7   7   11 Sc         0   0   5  1217  0.1  1.62 -9  11.3   0.3  -0.5  -0.4   0.1  -9 -9.0 -9  3  2
202502281400 108  23  2.2  -9 -9.0   -9 1009.6 1019.9 -9  -9.0  13.1   2.3  48.0   7.2   -9.0   -9.0   -9.0   -9.0   -9.0   -9.0   -9.0 -9 -9 -                        6   6   10 Sc         0   0   5  1249  0.7  2.35 -9  16.5   0.5  -0.4  -0.5   0.1  -9 -9.0 -9  3  2
202502281500 108  23  1.4  -9 -9.0   -9 1009.5 1019.8  7  -1.4  12.8   2.8  51.0   7.5   -9.0   -9.0   -9.0   -9.0   -9.0   -9.0   -9.0 -9 -9 -                        4   4   10 Sc         0   0   5  1431  0.2  1.41 -9  12.0   0.5  -0.4  -0.5   0.1  -9 -9.0 -9  3  2
202502281600 108  27  2.3  -9 -9.0   -9 1009.1 1019.4 -9  -9.0  13.2   3.2  51.0   7.7   -9.0   -9.0   -9.0   -9.0   -9.0   -9.0   -9.0 -9 -9 -                        2   2   10 Sc         0   0   5  1374  0.8  1.61 -9  12.6   0.5  -0.4  -0.5   0.1  -9 -9.0 -9  3  2
202502281700 108  29  1.4  -9 -9.0   -9 1008.8 1019.1 -9  -9.0  13.1   3.7  53.0   8.0   -9.0   -9.0   -9.0   -9.0   -9.0   -9.0   -9.0 -9 -9 -                        1   1   10 Sc         0   0   5  1349  0.8  0.95 -9   8.7   0.5  -0.4  -0.5   0.1  -9 -9.0 -9  3  2
202502281800 108  32  1.5  -9 -9.0   -9 1008.8 1019.2  5  -0.6  11.7   3.4  57.0   7.8   -9.0   -9.0   -9.0   -9.0   -9.0   -9.0   -9.0 -9 -9 -                        0   0   -9 -         -9  -9  -9  1332  0.8  0.35 -9   4.6   0.3  -0.4  -0.4   0.1  -9 -9.0 -9  3  2
202502281900 108  29  0.5  -9 -9.0   -9 1009.1 1019.5 -9  -9.0  10.1   2.9  61.0   7.5   -9.0   -9.0   -9.0   -9.0   -9.0   -9.0   -9.0 -9 -9 -                        0   0   -9 -         -9  -9  -9  1259  0.0  0.02 -9   1.1   0.1  -0.5  -0.4   0.1  -9 -9.0 -9  3 -9
202502282000 108  29  1.0  -9 -9.0   -9 1009.4 1019.9 -9  -9.0   8.9   2.8  66.0   7.5   -9.0   -9.0   -9.0   -9.0   -9.0   -9.0   -9.0 -9 -9 -                        0   0   -9 -         -9  -9  -9  1089 -9.0 -9.00 -9  -0.5  -0.1  -0.5  -0.4   0.1  -9 -9.0 -9  3 -9
202502282100 108  27  1.6  -9 -9.0   -9 1009.8 1020.3  2   1.1   8.0   3.0  71.0   7.6   -9.0   -9.0   -9.0   -9.0   -9.0   -9.0   -9.0  5  0 40                       0   0   -9 -         -9  -9  -9   927 -9.0 -9.00 -9  -0.3  -0.1  -0.6  -0.4   0.1  -9 -9.0 -9  3  1
202502282200 108   2  1.5  -9 -9.0   -9 1009.9 1020.4 -9  -9.0   7.3   2.7  73.0   7.4   -9.0   -9.0   -9.0   -9.0   -9.0   -9.0   -9.0 -9 -9 40                       0   0   -9 -         -9  -9  -9   766 -9.0 -9.00 -9  -0.3  -0.1  -0.6  -0.4   0.1  -9 -9.0 -9  3  2
202502282300 108   0  0.1  -9 -9.0   -9 1010.1 1020.7 -9  -9.0   6.8   2.4  74.0   7.3   -9.0   -9.0   -9.0   -9.0   -9.0   -9.0   -9.0 -9 -9 40                       0   0   -9 -         -9  -9  -9   756 -9.0 -9.00 -9  -0.3  -0.2  -0.6  -0.4   0.1  -9 -9.0 -9  3  2
#7777END
