#START7777
#2345678901234567890123456789012345678901234567890123456789012345678901234567890123456789012345678901234567890123456789012345678901234567890123456789012345678901234567890123456789012345678901234567890123456789012345678901234567890123456789012345678901234
# YYMMDDHHMI STN  WD   WS GST  GST  GST     PA     PS PT    PR    TA    TD    HM    PV     RN     RN     RN     RN     SD     SD     SD WC WP WW                      CA  CA   CH CT        CT  CT  CT    VS   SS    SI ST    TS    TE    TE    TE    TE  ST   WH BF IR IX
#        KST  ID  16  m/s  WD   WS   TM    hPa    hPa  -   hPa     C     C     %   hPa     mm    DAY    JUN    INT    HR3    DAY    TOT -- -- ---------------------- TOT MID  MIN -------- TOP MID LOW                  GD     C     5    10    20    30 SEA    m --  -  -
202407010000 108  23  1.6  -9 -9.0   -9  991.8 1001.5  1   0.8  22.8  20.5  87.0  24.1   -9.0   32.2   32.2   -9.0   -9.0   -9.0   -9.0 -9 -9 -                        8   8   10 Sc         0   0   5  1040 -9.0 -9.00 -9  21.7  23.4  24.5  24.0  24.2  -9 -9.0 -9  3  2
202407010100 108  25  2.6  -9 -9.0   -9  992.4 1002.1 -9  -9.0  22.5  20.4  88.0  24.0   -9.0   -9.0   -9.0   -9.0   -9.0   -9.0   -9.0 -9 -9 19                       1   1   -9 -         -9  -9  -9   804 -9.0 -9.00 -9  20.8  23.3  24.4  23.9  24.2  -9 -9.0 -9  3  2
202407010200 108  23  1.2  -9 -9.0   -9  992.4 1002.1 -9  -9.0  22.4  20.4  89.0  24.0   -9.0   -9.0   -9.0   -9.0   -9.0   -9.0   -9.0 -9 -9 19                       0   0   -9 -         -9  -9  -9   726 -9.0 -9.00 -9  21.1  23.1  24.3  23.8  24.1  -9 -9.0 -9  3  2
202407010300 108  27  1.9  -9 -9.0   -9  993.0 1002.7  2   1.2  22.4  20.4  89.0  24.0   -9.0   -9.0   -9.0   -9.0   -9.0   -9.0   -9.0 10 22 19                       8   8    8 Sc         0   0   5   735 -9.0 -9.00 -9  21.3  23.0  24.1  23.7  24.1  -9 -9.0 -9  3  1
202407010400 108  23  1.7  -9 -9.0   -9  993.4 1003.1 -9  -9.0  22.3  20.2  88.0  23.7   -9.0   -9.0   -9.0   -9.0   -9.0   -9.0   -9.0 10 22 19                       9   9    6 Sc         0   0   5   801 -9.0 -9.00 -9  21.6  23.4  24.1  23.6  24.0  -9 -9.0 -9  3  1
202407010500 108  27  2.0  -9 -9.0   -9  993.6 1003.4 -9  -9.0  22.1  19.6  86.0  22.8   -9.0   -9.0   -9.0   -9.0   -9.0   -9.0   -9.0 10 22 19                       9   9    8 Sc         0   0   5   951 -9.0 -9.00 -9  21.4  23.0  24.0  23.6  24.0  -9 -9.0 -9  3  1
202407010600 108  20  1.0  -9 -9.0   -9  993.5 1003.3  0   0.6  22.0  19.3  85.0  22.4   -9.0   -9.0   -9.0   -9.0   -9.0   -9.0   -9.0 -9 -9 19                       9   9    8 Sc         0   0   5  1384  0.0  0.01 -9  21.6  22.9  23.9  23.5  23.9  -9 -9.0 -9  3  2
202407010700 108  32  0.5  -9 -9.0   -9  993.6 1003.3 -9  -9.0  22.4  19.5  84.0  22.7   -9.0   -9.0   -9.0   -9.0   -9.0   -9.0   -9.0 -9 -9 -                        9   9    8 Sc         0   0   5  1624  0.0  0.21 -9  23.0  22.9  23.9  23.4  23.8  -9 -9.0 -9  3  2
202407010800 108  27  1.4  -9 -9.0   -9  994.2 1003.9 -9  -9.0  23.0  19.7  82.0  22.9   -9.0   -9.0   -9.0   -9.0   -9.0   -9.0   -9.0 -9 -9 -                        7   7    8 Sc         0   0   5  1548  0.0  0.46 -9  24.5  23.6  23.9  23.4  23.8  -9 -9.0 -9  3  2
202407010900 108  27  1.3  -9 -9.0   -9  994.2 1003.9  1   0.6  24.9  19.2  71.0  22.2   -9.0   -9.0   -9.0   -9.0   -9.0   -9.0   -9.0 -9 -9 -                        8   8    8 Sc         0   0   5  2994  0.7  1.77 -9  30.3  24.1  24.1  23.5  23.9  -9 -9.0 -9  3  2
202407011000 108  20  1.9  -9 -9.0   -9  994.5 1004.2 -9  -9.0  25.2  19.3  70.0  22.4   -9.0   -9.0   -9.0   -9.0   -9.0   -9.0   -9.0 -9 -9 -                        4   4    9 Sc         0   0   5  2202  0.1  1.10 -9  30.7  24.7  24.4  23.5  23.9  -9 -9.0 -9  3  2
202407011100 108  34  1.9  -9 -9.0   -9  994.1 1003.7 -9  -9.0  26.8  18.6  61.0  21.4   -9.0   -9.0   -9.0   -9.0   -9.0   -9.0   -9.0 -9 -9 -                        3   3   10 Sc         0   0   5  2417  0.8  2.61 -9  32.5  25.5  24.8  23.5  23.6  -9 -9.0 -9  3  2
202407011200 108  29  2.7  -9 -9.0   -9  994.3 1003.9  4   0.0  28.0  18.6  57.0  21.4   -9.0   -9.0   -9.0   -9.0   -9.0   -9.0   -9.0 -9 -9 -                        2   2   10 Sc         0   0   5  2154  0.9  3.12 -9  34.5  26.4  25.5  23.9  23.9  -9 -9.0 -9  3  2
202407011300 108  29  2.3  -9 -9.0   -9  993.7 1003.2 -9  -9.0  29.0  19.0  55.0  22.0   -9.0   -9.0   -9.0   -9.0   -9.0   -9.0   -9.0 -9 -9 -                        4   1   10 ScCi       1   0   5  2012  1.0  3.47 -9  38.8  27.4  26.3  24.2  23.9  -9 -9.0 -9  3  2
202407011400 108  29  2.3  -9 -9.0   -9  993.4 1002.9 -9  -9.0  30.3  19.3  52.0  22.4   -9.0   -9.0   -9.0   -9.0   -9.0   -9.0   -9.0 -9 -9 -                        3   3   11 Sc         0   0   5  2903  0.9  3.23 -9  37.9  28.3  27.1  24.5  23.9  -9 -9.0 -9  3  2
202407011500 108  27  1.8  -9 -9.0   -9  993.3 1002.8  7  -1.1  30.7  19.3  51.0  22.4   -9.0   -9.0   -9.0   -9.0   -9.0   -9.0   -9.0 -9 -9 -                        5   5   12 Sc         0   0   5  2298  0.7  2.70 -9  38.7  28.8  27.7  24.9  24.1  -9 -9.0 -9  3  2
202407011600 108  29  2.1  -9 -9.0   -9  992.9 1002.4 -9  -9.0  31.2  18.8  48.0  21.7   -9.0   -9.0   -9.0   -9.0   -9.0   -9.0   -9.0 -9 -9 -                        2   2   12 Sc         0   0   5  2083  0.7  2.40 -9  35.7  29.2  28.1  24.9  23.8  -9 -9.0 -9  3  2
202407011700 108  32  2.3  -9 -9.0   -9  992.4 1001.9 -9  -9.0  31.1  19.1  49.0  22.1   -9.0   -9.0   -9.0   -9.0   -9.0   -9.0   -9.0 -9 -9 -                        2   1   12 ScCi       1   0   5  2536  0.8  1.74 -9  32.2  29.3  28.3  25.4  24.2  -9 -9.0 -9  3  2
202407011800 108  29  2.0  -9 -9.0   -9  992.7 1002.2  5  -0.6  30.8  19.8  52.0  23.1   -9.0   -9.0   -9.0   -9.0   -9.0   -9.0   -9.0 -9 -9 -                        2   2   10 Sc         0   0   5  2194  0.7  1.10 -9  30.2  29.1  28.5  26.2  25.0  -9 -9.0 -9  3  2
202407011900 108  25  2.8  -9 -9.0   -9  993.4 1002.9 -9  -9.0  29.5  21.1  61.0  25.0   -9.0   -9.0   -9.0   -9.0   -9.0   -9.0   -9.0 -9 -9 -                        3   3   -9 -         -9  -9  -9  2791  1.0  0.65 -9  27.2  28.8  28.4  25.5  24.2  -9 -9.0 -9  3 -9
202407012000 108  27  2.5  -9 -9.0   -9  994.0 1003.6 -9  -9.0  27.8  21.1  67.0  25.0   -9.0   -9.0   -9.0   -9.0   -9.0   -9.0   -9.0 -9 -9 -                        4   4   -9 -         -9  -9  -9  2386  0.0  0.12 -9  25.2  28.3  28.2  26.0  24.8  -9 -9.0 -9  3 -9
202407012100 108  25  2.6  -9 -9.0   -9  995.0 1004.6  2   2.4  26.5  20.8  71.0  24.6   -9.0   -9.0   -9.0   -9.0   -9.0   -9.0   -9.0 -9 -9 -                        3   0   -9 Ci         1   0   0  2646 -9.0 -9.00 -9  24.0  27.8  27.7  25.9  24.9  -9 -9.0 -9  3  2
202407012200 108  27  2.4  -9 -9.0   -9  995.4 1005.1 -9  -9.0  25.9  20.9  74.0  24.7   -9.0   -9.0   -9.0   -9.0   -9.0   -9.0   -9.0 -9 -9 -                        3   3   -9 -         -9  -9  -9  2588 -9.0 -9.00 -9  23.5  27.3  27.4  25.7  24.8  -9 -9.0 -9  3 -9
202407012300 108   0  0.4  -9 -9.0   -9  995.4 1005.1 -9  -9.0  25.6  21.0  76.0  24.9   -9.0   -9.0   -9.0   -9.0   -9.0   -9.0   -9.0 -9 -9 -                        5   5   -9 -         -9  -9  -9  2343 -9.0 -9.00 -9  23.4  26.8  27.0  25.6  24.9  -9 -9.0 -9  3 -9
202407020000 108  29  1.1  -9 -9.0   -9  995.1 1004.8  0   0.2  25.2  20.8  77.0  24.6   -9.0   -9.0   -9.0   -9.0   -9.0   -9.0   -9.0 -9 -9 -                        7   0   -9 Ci         1   0   0  2440 -9.0 -9.00 -9  23.2  26.5  26.7  25.6  25.1  -9 -9.0 -9  3  2
202407020100 108   2  1.5  -9 -9.0   -9  994.6 1004.3 -9  -9.0  24.8  20.6  78.0  24.3   -9.0   -9.0   -9.0   -9.0   -9.0   -9.0   -9.0 -9 -9 -                        7   7   -9 -         -9  -9  -9  2376 -9.0 -9.00 -9  22.7  26.2  26.4  25.4  25.1  -9 -9.0 -9  3 -9
202407020200 108   5  1.6  -9 -9.0   -9  994.3 1003.9 -9  -9.0  24.6  20.9  80.0  24.7   -9.0   -9.0   -9.0   -9.0   -9.0   -9.0   -9.0 -9 -9 -                        9   9   -9 -         -9  -9  -9  2187 -9.0 -9.00 -9  22.6  25.9  26.2  25.2  25.0  -9 -9.0 -9  3 -9
202407020300 108   5  2.2  -9 -9.0   -9  994.2 1003.8  7  -1.0  24.4  20.9  81.0  24.7   -9.0   -9.0   -9.0   -9.0   -9.0   -9.0   -9.0 -9 -9 -                       10   3   45 AcCs       7   3   0  1908 -9.0 -9.00 -9  22.6  25.6  25.9  25.1  24.9  -9 -9.0 -9  3  2
202407020400 108   5  2.3  -9 -9.0   -9  994.3 1003.9 -9  -9.0  24.4  21.1  82.0  25.0   -9.0   -9.0   -9.0   -9.0   -9.0   -9.0   -9.0 -9 -9 -                       10   3   10 ScCs       7   0   5  1912 -9.0 -9.00 -9  22.6  25.5  25.8  25.0  25.0  -9 -9.0 -9  3  2
202407020500 108   5  3.2  -9 -9.0   -9  994.4 1004.0 -9  -9.0  24.4  20.9  81.0  24.7   -9.0   -9.0   -9.0   -9.0   -9.0   -9.0   -9.0 -9 -9 -                       10   2   10 ScCs       7   0   5  1954 -9.0 -9.00 -9  22.5  25.3  25.6  24.8  24.9  -9 -9.0 -9  3  2
202407020600 108   5  2.6  -9 -9.0   -9  994.5 1004.1  2   0.3  24.4  20.7  80.0  24.4   -9.0   -9.0   -9.0   -9.0   -9.0   -9.0   -9.0 -9 -9 -                        9   3   10 ScAc       0   3   5  2060  0.0  0.01 -9  22.7  25.1  25.5  24.7  24.8  -9 -9.0 -9  3  2
202407020700 108   5  3.2  -9 -9.0   -9  994.5 1004.1 -9  -9.0  24.4  20.3  78.0  23.8    0.0    0.0    0.0   -9.0   -9.0   -9.0   -9.0 60 62 01                      10   4   10 ScAs      -9   2   5  2028  0.0  0.05 -9  22.7  24.9  25.3  24.5  24.6  -9 -9.0 -9  4  1
202407020800 108   7  2.6  -9 -9.0   -9  994.6 1004.3 -9  -9.0  24.0  20.7  82.0  24.4    0.3    0.3    0.3   -9.0   -9.0   -9.0   -9.0 61 66 01                      10   6    8 StNs      -9   2   7  1772  0.0  0.10 -9  23.0  24.8  25.2  24.4  24.5  -9 -9.0 -9  4  1
202407020900 108   7  3.1  -9 -9.0   -9  994.6 1004.3  1   0.2  23.7  21.0  85.0  24.9    0.7    1.0    1.0   -9.0   -9.0   -9.0   -9.0 61 66 01                      10   7    6 StNs      -9   2   7  1118  0.0  0.14 -9  23.5  24.7  25.1  24.3  24.4  -9 -9.0 -9  1  1
202407021000 108   7  2.1  -9 -9.0   -9  995.1 1004.8 -9  -9.0  23.5  21.5  89.0  25.6    2.5    3.5    3.5   -9.0   -9.0   -9.0   -9.0 61 66 1901                    10   6    5 StNs      -9   2   7   547  0.0  0.30 -9  23.8  24.6  25.1  24.6  24.8  -9 -9.0 -9  4  1
202407021100 108   7  2.4  -9 -9.0   -9  995.3 1005.0 -9  -9.0  23.1  21.5  91.0  25.6    5.5    9.0    9.0   -9.0   -9.0   -9.0   -9.0 63 66 1901                    10   7    5 StNs      -9   2   7   457  0.0  0.32 -9  23.5  24.6  25.0  24.5  24.7  -9 -9.0 -9  4  1
202407021200 108   7  3.8  -9 -9.0   -9  994.9 1004.7  0   0.4  22.1  21.0  94.0  24.9   20.1   29.1   29.1   -9.0   -9.0   -9.0   -9.0 65 66 1901                    10   9    4 StNs      -9   2   7   234  0.0  0.12 -9  21.7  23.9  24.6  24.1  24.6  -9 -9.0 -9  4  1
202407021300 108   5  4.1  -9 -9.0   -9  994.7 1004.5 -9  -9.0  22.0  21.3  96.0  25.3   21.9   51.0   51.0   -9.0   -9.0   -9.0   -9.0 65 66 1901                    10   9    4 StNs      -9   2   7   260  0.0  0.12 -9  21.8  22.9  23.8  23.5  24.5  -9 -9.0 -9  4  1
202407021400 108   5  4.4   7 10.0 1323  994.4 1004.2 -9  -9.0  22.0  21.4  97.0  25.5    7.2   58.2   58.2   -9.0   -9.0   -9.0   -9.0 63 66 1901                    10   8    5 StNs      -9   2   7   670  0.0  0.17 -9  22.1  22.9  23.3  22.9  23.9  -9 -9.0 -9  4  1
202407021500 108   5  3.7   7 10.0 1323  994.4 1004.2  6  -0.5  22.0  21.3  96.0  25.3    1.9   60.1   60.1   -9.0   -9.0   -9.0   -9.0 61 66 1901                    10   7    5 StNs      -9   2   7   394  0.0  0.12 -9  22.3  22.8  23.3  22.9  23.8  -9 -9.0 -9  4  1
202407021600 108   5  3.9  -9 -9.0   -9  994.0 1003.8 -9  -9.0  22.1  21.5  97.0  25.6    1.5   61.6   61.6   -9.0   -9.0   -9.0   -9.0 61 66 1901                    10   8    6 StNs      -9   2   7   353  0.0  0.20 -9  22.6  22.7  23.4  23.3  24.1  -9 -9.0 -9  4  1
202407021700 108   5  4.2  -9 -9.0   -9  993.5 1003.3 -9  -9.0  22.1  21.4  96.0  25.5    1.0   62.6   62.6   -9.0   -9.0   -9.0   -9.0 61 66 1901                    10   7    6 StNs      -9   2   7   557  0.0  0.15 -9  22.3  22.6  23.4  22.7  23.4  -9 -9.0 -9  4  1
202407021800 108   5  3.6  -9 -9.0   -9  992.7 1002.5  7  -1.7  22.1  21.2  95.0  25.2    0.2   62.8   62.8   -9.0   -9.0   -9.0   -9.0 61 66 1901                    10   5    6 StNs      -9   2   7  2432  0.0  0.07 -9  22.1  22.8  23.4  22.9  23.5  -9 -9.0 -9  4  1
202407021900 108   5  2.7  -9 -9.0   -9  993.1 1002.8 -9  -9.0  22.3  21.4  95.0  25.5    0.1   62.9   62.9   -9.0   -9.0   -9.0   -9.0 61 66 01                      10   5    6 StNs      -9   2   7  1207  0.0  0.04 -9  22.1  22.7  23.5  22.9  23.5  -9 -9.0 -9  4  1
202407022000 108   5  2.8  -9 -9.0   -9  993.4 1003.1 -9  -9.0  22.4  21.5  95.0  25.6    0.1   63.0   63.0   -9.0   -9.0   -9.0   -9.0 60 66 01                      10   6    7 ScAs      -9   2   5  3918  0.0  0.02 -9  22.1  23.1  23.5  23.2  23.8  -9 -9.0 -9  4  1
202407022100 108   7  3.0  -9 -9.0   -9  993.3 1003.0  0   0.5  22.7  21.6  94.0  25.8    0.2   63.2   63.2   -9.0   -9.0   -9.0   -9.0 60 66 01                      10   8    7 ScAs      -9   2   5  3176 -9.0 -9.00 -9  22.2  23.0  23.5  23.1  23.7  -9 -9.0 -9  1  1
202407022200 108   5  2.0  -9 -9.0   -9  993.3 1003.0 -9  -9.0  23.1  22.0  94.0  26.4    0.0   63.2   63.2   -9.0   -9.0   -9.0   -9.0 60 66 01                      10   8    8 ScAs      -9   2   5  2964 -9.0 -9.00 -9  22.3  22.7  23.5  23.1  23.7  -9 -9.0 -9  4  1
202407022300 108   9  2.0  -9 -9.0   -9  993.1 1002.8 -9  -9.0  23.8  22.5  93.0  27.2    0.3   63.5   63.5   -9.0   -9.0   -9.0   -9.0 61 66 01                      10   9    6 StNs      -9   2   7  1377 -9.0 -9.00 -9  22.7  22.9  23.5  23.2  23.7  -9 -9.0 -9  4  1
202407030000 108  14  1.5  -9 -9.0   -9  993.2 1002.8  6  -0.2  24.1  23.2  95.0  28.4    1.6   65.1   65.1   -9.0   -9.0   -9.0   -9.0 61 66 01                      10   9    5 StNs      -9   2   7  1072 -9.0 -9.00 -9  22.9  22.8  23.6  23.2  23.6  -9 -9.0 -9  4  1
202407030100 108  20  5.4  18 12.0   34  993.7 1003.3 -9  -9.0  24.5  23.4  94.0  28.8    0.8    0.8    0.8   -9.0   -9.0   -9.0   -9.0 61 66 01                      10   8    6 StNs      -9   2   7  1085 -9.0 -9.00 -9  23.2  23.2  23.6  23.1  23.6  -9 -9.0 -9  4  1
202407030200 108  20  3.8  -9 -9.0   -9  993.9 1003.5 -9  -9.0  24.3  22.7  91.0  27.6    0.0    0.8    0.8   -9.0   -9.0   -9.0   -9.0 21 62 01                      10   7    8 ScAs      -9   2   5  1393 -9.0 -9.00 -9  22.7  22.7  23.7  23.1  23.5  -9 -9.0 -9  4  1
202407030300 108  18  4.0  18 12.0   34  994.3 1004.0  2   1.2  24.1  22.3  90.0  26.9    0.0    0.8    0.8   -9.0   -9.0   -9.0   -9.0 60 62 01                      10   7    8 ScAs      -9   2   5  1313 -9.0 -9.00 -9  22.6  22.2  23.7  23.2  23.6  -9 -9.0 -9  4  1
202407030400 108  20  3.4  -9 -9.0   -9  994.5 1004.2 -9  -9.0  24.1  21.9  88.0  26.3    0.0    0.8    0.8   -9.0   -9.0   -9.0   -9.0 21 62 01                      10   8    8 ScAs      -9   2   5  1455 -9.0 -9.00 -9  22.4  22.4  23.7  23.2  23.5  -9 -9.0 -9  4  1
202407030500 108  23  4.0  -9 -9.0   -9  995.1 1004.8 -9  -9.0  24.0  21.5  86.0  25.6   -9.0    0.8    0.8   -9.0   -9.0   -9.0   -9.0 -9 -9 -                        9   9    7 Sc         0   0   5  1659 -9.0 -9.00 -9  22.2  22.4  23.7  23.3  23.6  -9 -9.0 -9  3  2
202407030600 108  23  4.0  -9 -9.0   -9  995.9 1005.6  2   1.6  23.7  21.0  85.0  24.9   -9.0    0.8    0.8   -9.0   -9.0   -9.0   -9.0 -9 62 -                        9   9    7 Sc         0   0   5  1958  0.0  0.01 -9  22.0  22.6  23.7  23.3  23.6  -9 -9.0 -9  3  1
202407030700 108  23  4.3  -9 -9.0   -9  996.8 1006.5 -9  -9.0  23.7  21.0  85.0  24.9    0.0    0.8    0.8   -9.0   -9.0   -9.0   -9.0 21 62 01                       9   9    7 Sc         0   0   5  1797  0.0  0.07 -9  22.5  23.0  23.7  23.3  23.7  -9 -9.0 -9  4  1
202407030800 108  23  3.7  20 11.0  748  997.9 1007.6 -9  -9.0  23.7  20.6  83.0  24.3    0.0    0.8    0.8   -9.0   -9.0   -9.0   -9.0 21 62 01                       9   9    7 Sc         0   0   5  2474  0.0  0.28 -9  23.4  23.1  23.6  23.3  23.6  -9 -9.0 -9  4  1
202407030900 108  23  3.7  20 11.0  748  998.1 1007.8  2   2.2  24.3  20.6  80.0  24.3   -9.0    0.8    0.8   -9.0   -9.0   -9.0   -9.0 -9 62 -                        8   8    7 Sc         0   0   5  3109  0.1  0.66 -9  26.9  23.5  23.7  23.2  23.5  -9 -9.0 -9  3  1
202407031000 108  23  3.7  -9 -9.0   -9  998.4 1008.1 -9  -9.0  24.8  20.4  77.0  24.0   -9.0    0.8    0.8   -9.0   -9.0   -9.0   -9.0 -9 -9 -                        9   9    7 Sc         0   0   5  2938  0.2  1.04 -9  26.9  23.8  23.8  23.1  23.4  -9 -9.0 -9  3  2
202407031100 108  20  4.8  -9 -9.0   -9  998.6 1008.3 -9  -9.0  25.5  20.2  73.0  23.7   -9.0    0.8    0.8   -9.0   -9.0   -9.0   -9.0 -9 -9 -                        8   8    7 Sc         0   0   5  3170  0.2  1.71 -9  30.1  24.2  24.0  23.1  23.4  -9 -9.0 -9  3  2
202407031200 108  20  4.2  -9 -9.0   -9  998.6 1008.3  1   0.5  25.9  20.0  70.0  23.4   -9.0    0.8    0.8   -9.0   -9.0   -9.0   -9.0 -9 -9 -                        8   8    7 Sc         0   0   5  4207  0.1  1.38 -9  28.9  24.7  24.4  23.2  23.4  -9 -9.0 -9  3  2
202407031300 108  20  3.8  -9 -9.0   -9  998.8 1008.5 -9  -9.0  25.2  20.0  73.0  23.4   -9.0    0.8    0.8   -9.0   -9.0   -9.0   -9.0 -9 -9 -                       10   7    7 ScAs      -9   2   5  3306  0.0  0.59 -9  25.8  25.0  24.7  23.5  23.5  -9 -9.0 -9  3  2
202407031400 108  23  4.6  -9 -9.0   -9  998.7 1008.4 -9  -9.0  24.9  19.9  74.0  23.2   -9.0    0.8    0.8   -9.0   -9.0   -9.0   -9.0 -9 -9 -                       10   8    7 ScAs      -9   2   5  2999  0.0  0.58 -9  25.8  24.9  24.7  23.5  23.5  -9 -9.0 -9  3  2
202407031500 108  25  3.4  -9 -9.0   -9  998.7 1008.4  0   0.1  25.4  20.2  73.0  23.7   -9.0    0.8    0.8   -9.0   -9.0   -9.0   -9.0 -9 -9 -                       10   8    7 ScAs      -9   2   5  2536  0.0  0.83 -9  26.2  25.0  24.8  23.7  23.6  -9 -9.0 -9  3  2
202407031600 108  27  4.0  -9 -9.0   -9  998.6 1008.3 -9  -9.0  25.4  20.4  74.0  24.0   -9.0    0.8    0.8   -9.0   -9.0   -9.0   -9.0 -9 -9 -                       10   7    7 ScAs      -9   2   5  2028  0.0  0.75 -9  26.7  25.0  24.9  23.7  23.6  -9 -9.0 -9  3  2
202407031700 108  25  3.3  -9 -9.0   -9  998.6 1008.3 -9  -9.0  25.4  20.6  75.0  24.3   -9.0    0.8    0.8   -9.0   -9.0   -9.0   -9.0 -9 -9 -                       10   7    8 ScAs      -9   2   5  1535  0.0  0.46 -9  25.7  25.1  24.9  23.8  23.7  -9 -9.0 -9  3  2
202407031800 108  27  3.3  -9 -9.0   -9  998.9 1008.6  3   0.2  25.2  20.6  76.0  24.3   -9.0    0.8    0.8   -9.0   -9.0   -9.0   -9.0 -9 -9 -                       10   8    8 ScAs      -9   2   5  1487  0.0  0.35 -9  25.1  25.0  24.9  23.7  23.6  -9 -9.0 -9  3  2
202407031900 108  23  2.8  -9 -9.0   -9  999.1 1008.8 -9  -9.0  25.1  20.9  78.0  24.7   -9.0    0.8    0.8   -9.0   -9.0   -9.0   -9.0 -9 -9 -                        8   8   -9 -         -9  -9  -9  1045  0.0  0.15 -9  24.2  25.0  24.9  23.6  23.5  -9 -9.0 -9  3 -9
202407032000 108  20  3.2  -9 -9.0   -9  999.4 1009.2 -9  -9.0  24.8  21.1  80.0  25.0   -9.0    0.8    0.8   -9.0   -9.0   -9.0   -9.0 -9 -9 19                       6   6   -9 -         -9  -9  -9   698  0.0  0.05 -9  23.5  24.8  24.8  23.6  23.5  -9 -9.0 -9  3  2
202407032100 108  23  2.7  -9 -9.0   -9  999.8 1009.5  2   0.9  24.7  21.4  82.0  25.5   -9.0    0.8    0.8   -9.0   -9.0   -9.0   -9.0 10 22 19                       9   9    9 Sc         0   0   5   580 -9.0 -9.00 -9  23.2  24.6  24.7  23.6  23.6  -9 -9.0 -9  3  1
202407032200 108  23  1.9  -9 -9.0   -9 1000.2 1009.9 -9  -9.0  24.6  21.7  84.0  26.0   -9.0    0.8    0.8   -9.0   -9.0   -9.0   -9.0 -9 -9 19                       9   9   -9 -         -9  -9  -9   501 -9.0 -9.00 -9  23.2  24.5  24.6  23.6  23.6  -9 -9.0 -9  3  2
202407032300 108  20  1.7  -9 -9.0   -9 1000.2 1009.9 -9  -9.0  24.3  21.4  84.0  25.5   -9.0    0.8    0.8   -9.0   -9.0   -9.0   -9.0 -9 -9 19                       6   6   -9 -         -9  -9  -9   448 -9.0 -9.00 -9  22.7  24.4  24.5  23.6  23.6  -9 -9.0 -9  3  2
202407040000 108  20  3.5  -9 -9.0   -9 1000.0 1009.7  0   0.2  24.1  21.6  86.0  25.8   -9.0    0.8    0.8   -9.0   -9.0   -9.0   -9.0 10 22 19                       8   8    9 Sc         0   0   5   351 -9.0 -9.00 -9  22.7  24.3  24.4  23.5  23.5  -9 -9.0 -9  3  1
202407040100 108  23  2.9  -9 -9.0   -9  999.8 1009.5 -9  -9.0  24.0  21.6  87.0  25.8   -9.0   -9.0   -9.0   -9.0   -9.0   -9.0   -9.0 -9 -9 19                       8   8   -9 -         -9  -9  -9   401 -9.0 -9.00 -9  22.6  24.2  24.3  23.4  23.4  -9 -9.0 -9  3  2
202407040200 108  23  3.0  -9 -9.0   -9  999.9 1009.6 -9  -9.0  24.0  21.5  86.0  25.6   -9.0   -9.0   -9.0   -9.0   -9.0   -9.0   -9.0 -9 -9 19                       9   9   -9 -         -9  -9  -9   416 -9.0 -9.00 -9  22.6  24.1  24.2  23.3  23.4  -9 -9.0 -9  3  2
202407040300 108  23  3.4  -9 -9.0   -9  999.7 1009.4  7  -0.3  23.9  21.4  86.0  25.5   -9.0   -9.0   -9.0   -9.0   -9.0   -9.0   -9.0 10 22 19                       9   9    8 Sc         0   0   5   368 -9.0 -9.00 -9  22.5  24.0  24.2  23.3  23.5  -9 -9.0 -9  3  1
202407040400 108  20  2.3  -9 -9.0   -9  999.7 1009.4 -9  -9.0  23.8  21.3  86.0  25.3   -9.0   -9.0   -9.0   -9.0   -9.0   -9.0   -9.0 10 22 19                       9   9    8 Sc         0   0   5   386 -9.0 -9.00 -9  22.5  23.9  24.1  23.3  23.5  -9 -9.0 -9  3  1
202407040500 108  25  2.3  -9 -9.0   -9  999.8 1009.5 -9  -9.0  23.5  20.8  85.0  24.6    0.0    0.0    0.0   -9.0   -9.0   -9.0   -9.0 21 62 1901                     8   8    8 Sc         0   0   5   430 -9.0 -9.00 -9  22.1  23.9  24.1  23.5  23.8  -9 -9.0 -9  4  1
202407040600 108  20  2.9  -9 -9.0   -9 1000.3 1010.1  2   0.7  23.4  20.9  86.0  24.7   -9.0    0.0    0.0   -9.0   -9.0   -9.0   -9.0 10 62 19                       7   7    8 Sc         0   0   5   369  0.0  0.02 -9  22.3  23.8  24.0  23.5  23.7  -9 -9.0 -9  3  1
202407040700 108  23  2.4  -9 -9.0   -9 1000.1 1009.9 -9  -9.0  23.3  20.8  86.0  24.6   -9.0    0.0    0.0   -9.0   -9.0   -9.0   -9.0 10 22 19                       6   4    8 ScCi       1   0   5   373  0.0  0.30 -9  23.2  23.7  23.9  23.4  23.7  -9 -9.0 -9  3  1
202407040800 108  20  3.2  -9 -9.0   -9 1000.2 1009.9 -9  -9.0  23.7  20.4  82.0  24.0   -9.0    0.0    0.0   -9.0   -9.0   -9.0   -9.0 10 22 19                       8   8    8 Sc         0   0   5   482  0.0  0.49 -9  24.9  23.8  23.9  23.3  23.6  -9 -9.0 -9  3  1
202407040900 108  23  2.8  -9 -9.0   -9  999.5 1009.2  7  -0.9  24.5  20.6  79.0  24.3   -9.0    0.0    0.0   -9.0   -9.0   -9.0   -9.0 10 62 19                       9   9   10 Sc         0   0   5   556  0.1  0.87 -9  27.0  24.0  24.0  22.9  23.2  -9 -9.0 -9  3  1
202407041000 108  20  1.8  -9 -9.0   -9  999.1 1008.8 -9  -9.0  25.2  20.8  77.0  24.6   -9.0    0.0    0.0   -9.0   -9.0   -9.0   -9.0 10 22 19                       9   9   10 Sc         0   0   5   561  0.1  1.17 -9  28.4  24.5  24.2  22.7  22.9  -9 -9.0 -9  3  1
202407041100 108  20  3.1  -9 -9.0   -9  998.8 1008.5 -9  -9.0  26.5  21.0  72.0  24.9   -9.0    0.0    0.0   -9.0   -9.0   -9.0   -9.0 10 22 19                       5   5   12 Sc         0   0   5   592  0.4  1.97 -9  34.2  24.9  24.6  23.4  23.4  -9 -9.0 -9  3  1
202407041200 108  25  2.5  -9 -9.0   -9  998.2 1007.8  7  -1.4  28.0  21.0  66.0  24.9   -9.0    0.0    0.0   -9.0   -9.0   -9.0   -9.0  5 22 4019                     7   7   11 Sc         0   0   5   757  0.7  2.98 -9  36.8  25.9  25.0  22.7  22.5  -9 -9.0 -9  3  1
202407041300 108  20  3.0  -9 -9.0   -9  998.0 1007.6 -9  -9.0  28.4  21.1  65.0  25.0   -9.0    0.0    0.0   -9.0   -9.0   -9.0   -9.0  5 22 40                       8   8   11 Sc         0   0   5   774  0.3  2.19 -9  36.2  26.7  25.7  22.8  22.4  -9 -9.0 -9  3  1
202407041400 108  25  3.0  -9 -9.0   -9  996.6 1006.1 -9  -9.0  29.7  21.6  62.0  25.8   -9.0    0.0    0.0   -9.0   -9.0   -9.0   -9.0 -9 -9 40                       6   6   11 Sc         0   0   5  1249  0.7  2.94 -9  40.1  27.2  26.3  23.1  22.5  -9 -9.0 -9  3  2
202407041500 108  18  2.7  -9 -9.0   -9  995.5 1005.0  7  -2.8  30.6  21.9  60.0  26.3   -9.0    0.0    0.0   -9.0   -9.0   -9.0   -9.0 -9 -9 -                        8   8   10 Sc         0   0   5  1459  0.8  2.97 -9  37.6  28.1  27.0  23.5  22.7  -9 -9.0 -9  3  2
202407041600 108  18  2.7  -9 -9.0   -9  994.4 1003.9 -9  -9.0  30.3  20.8  57.0  24.6   -9.0    0.0    0.0   -9.0   -9.0   -9.0   -9.0 -9 -9 -                        8   8   12 Sc         0   0   5  1585  0.3  1.75 -9  34.3  28.5  27.5  24.3  23.3  -9 -9.0 -9  3  2
202407041700 108  20  2.8  -9 -9.0   -9  993.7 1003.2 -9  -9.0  29.5  20.6  59.0  24.3    0.0    0.0    0.0   -9.0   -9.0   -9.0   -9.0 60 62 01                      10   7    9 ScAs      -9   2   5  1878  0.0  0.45 -9  29.3  28.4  27.6  24.6  23.6  -9 -9.0 -9  4  1
202407041800 108  16  2.7  -9 -9.0   -9  993.0 1002.5  7  -2.5  29.3  21.5  63.0  25.6    0.0    0.0    0.0   -9.0   -9.0   -9.0   -9.0 21 62 01                      10   6    9 ScAs      -9   2   5  1566  0.0  0.37 -9  28.6  28.0  27.5  25.1  23.9  -9 -9.0 -9  4  1
202407041900 108  16  3.3  -9 -9.0   -9  992.4 1001.9 -9  -9.0  29.0  21.7  65.0  26.0    0.0    0.0    0.0   -9.0   -9.0   -9.0   -9.0 60 62 01                      10   7    8 ScAs      -9   2   5  1570  0.0  0.28 -9  27.1  27.7  27.4  25.1  24.1  -9 -9.0 -9  4  1
202407042000 108  16  2.9  -9 -9.0   -9  991.4 1000.9 -9  -9.0  28.7  22.4  69.0  27.1    0.0    0.0    0.0   -9.0   -9.0   -9.0   -9.0 21 62 01                       9   5    8 ScAs       0   2   5  1861  0.0  0.06 -9  26.0  27.3  27.2  25.2  24.2  -9 -9.0 -9  4  1
202407042100 108  23  4.8  -9 -9.0   -9  991.9 1001.4  5  -1.1  29.0  23.2  71.0  28.4    0.0    0.0    0.0   -9.0   -9.0   -9.0   -9.0 21 62 01                       9   4    8 ScAs       0   2   5  2129 -9.0 -9.00 -9  25.9  27.0  26.9  25.1  24.2  -9 -9.0 -9  1  1
202407042200 108  20  4.9  18 11.0 2107  992.1 1001.6 -9  -9.0  28.2  23.5  76.0  28.9    0.0    0.0    0.0   -9.0   -9.0   -9.0   -9.0 60 62 01                      10   8    7 ScAs      -9   2   5  2429 -9.0 -9.00 -9  25.5  26.8  26.7  25.0  24.3  -9 -9.0 -9  4  1
202407042300 108  20  3.1  18 13.0 2201  991.7 1001.3 -9  -9.0  26.2  23.4  85.0  28.8    3.6    3.6    3.6   -9.0   -9.0   -9.0   -9.0 21 62 01                      10   8    7 ScAs      -9   2   5  1911 -9.0 -9.00 -9  24.9  26.5  26.4  24.2  23.5  -9 -9.0 -9  4  1
202407050000 108  20  4.6  18 13.0 2201  991.1 1000.7  8  -0.7  25.8  23.4  87.0  28.8    0.0    3.6    3.6   -9.0   -9.0   -9.0   -9.0 61 62 01                      10   8    5 StNs      -9   2   7  1187 -9.0 -9.00 -9  24.5  26.2  26.2  24.1  23.5  -9 -9.0 -9  4  1
202407050100 108  23  5.3  16 14.0   36  990.5 1000.1 -9  -9.0  24.7  22.9  90.0  27.9    3.3    3.3    3.3   -9.0   -9.0   -9.0   -9.0 62 66 01                      10   8    7 ScAs      -9   2   5  2159 -9.0 -9.00 -9  23.9  25.9  26.0  23.9  23.4  -9 -9.0 -9  4  1
202407050200 108  23  6.3  23 16.0  200  991.0 1000.7 -9  -9.0  23.6  21.3  87.0  25.3    0.6    3.9    3.9   -9.0   -9.0   -9.0   -9.0 61 66 01                      10   7    5 StNs      -9   2   7  1111 -9.0 -9.00 -9  23.0  25.7  25.8  23.8  23.4  -9 -9.0 -9  4  1
202407050300 108  20  7.0  23 16.0  200  991.0 1000.7  4   0.0  22.3  20.5  90.0  24.1    0.0    3.9    3.9   -9.0   -9.0   -9.0   -9.0 60 66 01                      10   7    8 ScAs      -9   2   5  1178 -9.0 -9.00 -9  22.1  25.4  25.5  23.6  23.3  -9 -9.0 -9  4  1
202407050400 108  20  2.8  25 11.0  301  991.1 1000.8 -9  -9.0  21.9  20.1  90.0  23.5    0.0    3.9    3.9   -9.0   -9.0   -9.0   -9.0 51 65 0201                    10  10    5 St        -9  -9   7  1397 -9.0 -9.00 -9  22.1  25.1  25.3  23.5  23.3  -9 -9.0 -9  4  1
202407050500 108  23  5.6  18 10.0  419  991.7 1001.5 -9  -9.0  21.4  20.2  93.0  23.7    0.0    3.9    3.9   -9.0   -9.0   -9.0   -9.0 51 55 1902                    10  10    4 St        -9  -9   7   942 -9.0 -9.00 -9  21.7  24.8  25.0  23.3  23.2  -9 -9.0 -9  4  1
202407050600 108  20  3.5  25 11.0  301  992.2 1002.0  2   1.3  21.3  20.4  95.0  24.0    0.2    4.1    4.1   -9.0   -9.0   -9.0   -9.0 51 65 190201                  10  10    4 St        -9  -9   7   493  0.0  0.00 -9  21.7  24.1  24.8  23.1  23.1  -9 -9.0 -9  4  1
202407050700 108  20  3.3  -9 -9.0   -9  993.1 1002.9 -9  -9.0  21.5  20.4  94.0  24.0    0.0    4.1    4.1   -9.0   -9.0   -9.0   -9.0 20 52 1902                    10  10    5 St        -9  -9   6   832  0.0  0.05 -9  21.9  23.5  24.8  24.4  24.6  -9 -9.0 -9  4  1
202407050800 108  23  2.8  -9 -9.0   -9  994.0 1003.8 -9  -9.0  22.1  20.7  92.0  24.4   -9.0    4.1    4.1   -9.0   -9.0   -9.0   -9.0 -9 -9 19                      10  10    5 St        -9  -9   6  1177  0.0  0.21 -9  22.8  23.0  24.5  22.9  23.0  -9 -9.0 -9  3  2
202407050900 108  20  3.1  25 11.0  301  994.6 1004.4  2   2.4  22.2  20.2  89.0  23.7   -9.0    4.1    4.1   -9.0   -9.0   -9.0   -9.0 -9 65 -                        9   9    9 Sc         0   0   5  1992  0.0  0.28 -9  23.1  22.3  24.4  22.7  22.9  -9 -9.0 -9  3  1
202407051000 108  20  3.2  -9 -9.0   -9  994.9 1004.7 -9  -9.0  22.4  20.4  89.0  24.0   -9.0    4.1    4.1   -9.0   -9.0   -9.0   -9.0 -9 -9 -                        9   9    9 Sc         0   0   5  2168  0.0  0.46 -9  25.2  22.1  24.4  22.6  22.8  -9 -9.0 -9  3  2
202407051100 108  20  3.8  -9 -9.0   -9  995.3 1005.0 -9  -9.0  22.8  20.1  85.0  23.5   -9.0    4.1    4.1   -9.0   -9.0   -9.0   -9.0 -9 -9 -                        9   9    9 Sc         0   0   5  2022  0.0  0.67 -9  25.0  23.1  24.5  22.6  22.8  -9 -9.0 -9  3  2
202407051200 108  23  2.6  -9 -9.0   -9  995.5 1005.2  2   0.8  23.5  20.2  82.0  23.7   -9.0    4.1    4.1   -9.0   -9.0   -9.0   -9.0 -9 -9 -                        9   9   10 Sc         0   0   5  1760  0.0  0.88 -9  28.0  22.5  24.5  22.6  22.7  -9 -9.0 -9  3  2
202407051300 108  27  3.8  -9 -9.0   -9  995.2 1004.8 -9  -9.0  24.6  19.8  75.0  23.1   -9.0    4.1    4.1   -9.0   -9.0   -9.0   -9.0 -9 -9 -                        9   9    9 Sc         0   0   5  2080  0.1  1.68 -9  31.6  23.0  24.8  22.7  22.7  -9 -9.0 -9  3  2
202407051400 108  25  2.7  -9 -9.0   -9  995.1 1004.8 -9  -9.0  25.0  20.0  74.0  23.4   -9.0    4.1    4.1   -9.0   -9.0   -9.0   -9.0 -9 -9 -                        9   9   11 Sc         0   0   5  1836  0.1  1.41 -9  29.1  25.1  25.1  22.8  22.7  -9 -9.0 -9  3  2
202407051500 108  25  4.0  -9 -9.0   -9  995.1 1004.8  6  -0.4  25.3  20.1  73.0  23.5   -9.0    4.1    4.1   -9.0   -9.0   -9.0   -9.0 -9 -9 -                        9   9   10 Sc         0   0   5  1759  0.4  1.74 -9  30.1  25.5  25.4  22.9  22.8  -9 -9.0 -9  3  2
202407051600 108  23  2.9  -9 -9.0   -9  995.0 1004.7 -9  -9.0  25.5  19.8  71.0  23.1   -9.0    4.1    4.1   -9.0   -9.0   -9.0   -9.0 -9 -9 -                        8   8   11 Sc         0   0   5  1654  0.1  1.23 -9  29.7  25.7  25.6  23.0  22.8  -9 -9.0 -9  3  2
202407051700 108  27  2.4  -9 -9.0   -9  994.8 1004.5 -9  -9.0  26.1  19.9  69.0  23.2   -9.0    4.1    4.1   -9.0   -9.0   -9.0   -9.0 -9 -9 -                        7   7   10 Sc         0   0   5  1739  0.6  1.60 -9  29.8  25.8  25.8  23.2  22.8  -9 -9.0 -9  3  2
202407051800 108  25  2.3  -9 -9.0   -9  995.0 1004.7  5  -0.1  25.6  19.2  68.0  22.2   -9.0    4.1    4.1   -9.0   -9.0   -9.0   -9.0 -9 -9 -                        8   8   10 Sc         0   0   5  2417  0.1  0.78 -9  27.4  26.0  25.9  23.3  22.9  -9 -9.0 -9  3  2
202407051900 108  20  2.1  -9 -9.0   -9  995.2 1004.9 -9  -9.0  25.1  19.2  70.0  22.2   -9.0    4.1    4.1   -9.0   -9.0   -9.0   -9.0 -9 -9 -                        5   1   -9 -         -9  -9  -9  2354  0.0  0.19 -9  25.1  25.8  25.9  23.4  22.9  -9 -9.0 -9  3 -9
202407052000 108  20  2.9  -9 -9.0   -9  995.5 1005.2 -9  -9.0  24.2  18.3  70.0  21.0   -9.0    4.1    4.1   -9.0   -9.0   -9.0   -9.0 -9 -9 -                        9   1   -9 -         -9  -9  -9  2597  0.0  0.07 -9  23.0  25.6  25.8  23.4  22.9  -9 -9.0 -9  3 -9
202407052100 108  27  0.9  -9 -9.0   -9  996.4 1006.1  2   1.4  24.0  18.4  71.0  21.2   -9.0    4.1    4.1   -9.0   -9.0   -9.0   -9.0 -9 -9 -                        9   9    7 Sc         0   0   5  2635 -9.0 -9.00 -9  22.8  25.2  25.6  23.4  23.0  -9 -9.0 -9  3  2
202407052200 108  34  1.4  -9 -9.0   -9  996.1 1005.8 -9  -9.0  23.5  18.5  74.0  21.3   -9.0    4.1    4.1   -9.0   -9.0   -9.0   -9.0 -9 -9 -                        8   1   -9 -         -9  -9  -9  2436 -9.0 -9.00 -9  22.1  24.9  25.3  23.3  23.0  -9 -9.0 -9  3 -9
202407052300 108   5  1.0  -9 -9.0   -9  995.7 1005.4 -9  -9.0  23.3  18.8  76.0  21.7   -9.0    4.1    4.1   -9.0   -9.0   -9.0   -9.0 -9 -9 -                        8   1   -9 -         -9  -9  -9  2262 -9.0 -9.00 -9  22.1  24.6  25.1  23.2  23.0  -9 -9.0 -9  3 -9
202407060000 108  36  1.2  -9 -9.0   -9  995.5 1005.2  7  -0.9  23.2  18.7  76.0  21.6   -9.0    4.1    4.1   -9.0   -9.0   -9.0   -9.0 -9 -9 -                        9   9    9 Sc         0   0   5  2124 -9.0 -9.00 -9  22.0  24.3  24.9  23.1  23.0  -9 -9.0 -9  3  2
202407060100 108   2  1.6  -9 -9.0   -9  995.1 1004.8 -9  -9.0  23.0  18.9  78.0  21.8   -9.0   -9.0   -9.0   -9.0   -9.0   -9.0   -9.0 -9 -9 -                       10   1   -9 -         -9  -9  -9  1967 -9.0 -9.00 -9  21.8  24.2  24.7  23.0  23.0  -9 -9.0 -9  3 -9
202407060200 108   5  1.6  -9 -9.0   -9  994.7 1004.4 -9  -9.0  22.7  19.0  80.0  22.0   -9.0   -9.0   -9.0   -9.0   -9.0   -9.0   -9.0 -9 -9 -                        9   1   -9 -         -9  -9  -9  1679 -9.0 -9.00 -9  21.6  24.0  24.5  22.8  22.8  -9 -9.0 -9  3 -9
202407060300 108   5  2.3  -9 -9.0   -9  994.7 1004.4  6  -0.8  22.9  19.4  81.0  22.5   -9.0   -9.0   -9.0   -9.0   -9.0   -9.0   -9.0 -9 -9 -                       10   7    9 ScAs      -9   2   5  1564 -9.0 -9.00 -9  21.7  23.8  24.4  22.7  22.8  -9 -9.0 -9  3  2
202407060400 108   7  0.8  -9 -9.0   -9  995.0 1004.7 -9  -9.0  22.9  19.6  82.0  22.8    0.0    0.0    0.0   -9.0   -9.0   -9.0   -9.0 60 62 01                      10   8    7 ScAs      -9   2   5  1148 -9.0 -9.00 -9  21.9  23.7  24.3  22.6  22.7  -9 -9.0 -9  4  1
202407060500 108   5  1.6  -9 -9.0   -9  994.7 1004.5 -9  -9.0  22.4  20.4  89.0  24.0    1.0    1.0    1.0   -9.0   -9.0   -9.0   -9.0 60 66 1901                    10   6    7 ScAs      -9   2   5   512 -9.0 -9.00 -9  21.8  23.6  24.2  22.5  22.6  -9 -9.0 -9  4  1
202407060600 108   5  2.2  -9 -9.0   -9  994.3 1004.1  8  -0.3  22.1  20.7  92.0  24.4    1.5    2.5    2.5   -9.0   -9.0   -9.0   -9.0 61 66 1901                    10   8    6 StNs      -9   2   7   449  0.0  0.00 -9  21.9  23.5  24.1  22.4  22.6  -9 -9.0 -9  4  1
202407060700 108   5  2.6  -9 -9.0   -9  994.0 1003.8 -9  -9.0  22.1  20.9  93.0  24.7    0.0    2.5    2.5   -9.0   -9.0   -9.0   -9.0 21 62 1901                    10   8    7 ScAs      -9   2   5   425  0.0  0.06 -9  22.3  23.4  24.0  22.3  22.5  -9 -9.0 -9  4  1
202407060800 108   5  2.9  -9 -9.0   -9  994.0 1003.8 -9  -9.0  22.3  20.9  92.0  24.7   -9.0    2.5    2.5   -9.0   -9.0   -9.0   -9.0 10 22 19                      10   6    7 ScAs      -9   2   5   677  0.0  0.14 -9  22.8  23.2  23.9  22.2  22.5  -9 -9.0 -9  3  1
202407060900 108   5  2.4  -9 -9.0   -9  994.1 1003.8  6  -0.3  22.7  21.1  91.0  25.0   -9.0    2.5    2.5   -9.0   -9.0   -9.0   -9.0 10 62 19                      10   6    8 ScAs      -9   2   5   812  0.0  0.31 -9  23.5  21.6  23.9  22.2  22.5  -9 -9.0 -9  3  1
202407061000 108   7  3.0  -9 -9.0   -9  993.3 1003.0 -9  -9.0  23.4  21.6  90.0  25.8   -9.0    2.5    2.5   -9.0   -9.0   -9.0   -9.0 10 22 19                      10   7    8 ScAs      -9   2   5   925  0.0  0.40 -9  25.1  22.0  24.1  23.7  24.0  -9 -9.0 -9  3  1
202407061100 108   7  1.5  -9 -9.0   -9  992.9 1002.6 -9  -9.0  25.1  22.9  88.0  27.9   -9.0    2.5    2.5   -9.0   -9.0   -9.0   -9.0 -9 -9 19                      10   8    8 ScAs      -9   2   5  1334  0.0  0.87 -9  27.7  24.2  24.2  23.5  23.8  -9 -9.0 -9  3  2
202407061200 108  14  2.3  -9 -9.0   -9  992.3 1001.9  7  -1.9  26.6  23.8  85.0  29.5   -9.0    2.5    2.5   -9.0   -9.0   -9.0   -9.0 -9 -9 -                       10   8    8 ScAs      -9   2   5  1861  0.0  0.61 -9  28.1  24.6  24.5  23.5  23.7  -9 -9.0 -9  3  2
202407061300 108  18  3.8  -9 -9.0   -9  991.4 1000.9 -9  -9.0  28.2  24.4  80.0  30.6   -9.0    2.5    2.5   -9.0   -9.0   -9.0   -9.0 -9 -9 -                       10   8    8 ScAs      -9   2   5  2413  0.0  0.84 -9  28.7  25.0  24.8  23.5  23.6  -9 -9.0 -9  3  2
202407061400 108  18  5.4  18 12.0 1356  990.7 1000.2 -9  -9.0  29.6  24.6  75.0  30.9   -9.0    2.5    2.5   -9.0   -9.0   -9.0   -9.0 -9 -9 -                        9   9    9 Sc         0   0   5  2331  0.0  1.34 -9  32.1  25.4  25.0  23.3  23.1  -9 -9.0 -9  3  2
202407061500 108  20  4.1  18 12.0 1356  990.7 1000.2  6  -1.7  29.6  24.2  73.0  30.2   -9.0    2.5    2.5   -9.0   -9.0   -9.0   -9.0 -9 -9 -                        9   9   10 Sc         0   0   5  2316  0.1  1.05 -9  29.5  26.0  25.5  23.3  23.1  -9 -9.0 -9  3  2
202407061600 108  20  5.6  20 13.0 1517  990.8 1000.3 -9  -9.0  28.7  24.0  76.0  29.8   -9.0    2.5    2.5   -9.0   -9.0   -9.0   -9.0 -9 -9 -                        9   9   10 Sc         0   0   5  2108  0.0  0.48 -9  27.3  26.2  25.7  23.5  23.1  -9 -9.0 -9  3  2
202407061700 108  20  5.4  20 12.0 1629  990.6 1000.1 -9  -9.0  28.7  24.0  76.0  29.8   -9.0    2.5    2.5   -9.0   -9.0   -9.0   -9.0 -9 -9 -                        9   9   10 Sc         0   0   5  1978  0.0  0.61 -9  28.4  26.2  25.8  23.7  23.2  -9 -9.0 -9  3  2
202407061800 108  20  4.4  20 13.0 1517  990.8 1000.3  1   0.1  27.8  23.8  79.0  29.5    0.0    2.5    2.5   -9.0   -9.0   -9.0   -9.0 21 62 01                      10   8   10 ScAs      -9   2   5  1621  0.0  0.10 -9  26.2  26.1  25.9  23.7  23.2  -9 -9.0 -9  4  1
202407061900 108  20  5.4  18 12.0 1811  991.2 1000.8 -9  -9.0  27.1  23.5  81.0  28.9   -9.0    2.5    2.5   -9.0   -9.0   -9.0   -9.0 -9 -9 -                       10   1   -9 -         -9  -9  -9  1308  0.0  0.02 -9  25.3  25.9  25.8  24.1  23.6  -9 -9.0 -9  3 -9
202407062000 108  23  5.5  23 13.0 1947  991.7 1001.3 -9  -9.0  26.5  23.3  83.0  28.6    0.0    2.5    2.5   -9.0   -9.0   -9.0   -9.0 60 62 01                      10   8    8 ScAs      -9   2   5  1120  0.0  0.01 -9  24.8  25.8  25.7  24.0  23.6  -9 -9.0 -9  4  1
202407062100 108  23  5.6  20 13.0 1517  992.4 1002.1  2   1.8  25.3  23.1  88.0  28.3    0.1    2.6    2.6   -9.0   -9.0   -9.0   -9.0 61 66 1901                    10   8    6 StNs      -9   2   7   972 -9.0 -9.00 -9  24.2  25.6  25.6  23.9  23.5  -9 -9.0 -9  1  1
202407062200 108  25  3.8  -9 -9.0   -9  993.3 1002.9 -9  -9.0  24.5  22.1  87.0  26.6    0.2    2.8    2.8   -9.0   -9.0   -9.0   -9.0 21 62 1901                    10   8   10 ScAs      -9   2   5  1433 -9.0 -9.00 -9  23.6  25.3  25.4  23.9  23.7  -9 -9.0 -9  4  1
202407062300 108  23  2.6  -9 -9.0   -9  993.6 1003.2 -9  -9.0  24.3  21.8  86.0  26.1   -9.0    2.8    2.8   -9.0   -9.0   -9.0   -9.0 -9 -9 -                        6   1   -9 -         -9  -9  -9  1804 -9.0 -9.00 -9  23.2  25.1  25.3  24.0  23.8  -9 -9.0 -9  3 -9
202407070000 108  23  2.9  -9 -9.0   -9  993.9 1003.6  2   1.5  24.0  21.1  84.0  25.0   -9.0    2.8    2.8   -9.0   -9.0   -9.0   -9.0 -9 62 -                        9   9   10 Sc         0   0   5  1871 -9.0 -9.00 -9  22.9  24.9  25.1  24.0  23.8  -9 -9.0 -9  3  1
202407070100 108  25  3.1  -9 -9.0   -9  994.1 1003.8 -9  -9.0  23.1  20.2  84.0  23.7   -9.0   -9.0   -9.0   -9.0   -9.0   -9.0   -9.0 -9 -9 -                        6   1   -9 -         -9  -9  -9  1782 -9.0 -9.00 -9  21.6  24.8  24.9  23.9  23.8  -9 -9.0 -9  3 -9
202407070200 108  27  2.6  -9 -9.0   -9  993.8 1003.5 -9  -9.0  22.6  20.1  86.0  23.5   -9.0   -9.0   -9.0   -9.0   -9.0   -9.0   -9.0 -9 -9 -                        3   1   -9 -         -9  -9  -9  1688 -9.0 -9.00 -9  21.1  24.5  24.7  23.5  23.4  -9 -9.0 -9  3 -9
202407070300 108  27  2.1  -9 -9.0   -9  994.0 1003.8  1   0.2  22.2  19.9  87.0  23.2   -9.0   -9.0   -9.0   -9.0   -9.0   -9.0   -9.0 -9 61 -                        3   3   13 Sc         0   0   5  1494 -9.0 -9.00 -9  20.7  24.3  24.6  24.3  24.5  -9 -9.0 -9  3  1
202407070400 108  27  2.1  -9 -9.0   -9  993.6 1003.4 -9  -9.0  21.9  19.9  89.0  23.2   -9.0   -9.0   -9.0   -9.0   -9.0   -9.0   -9.0 -9 -9 -                        3   3   13 Sc         0   0   5  1235 -9.0 -9.00 -9  20.5  24.0  24.4  24.2  24.4  -9 -9.0 -9  3  2
202407070500 108  36  0.9  -9 -9.0   -9  993.9 1003.7 -9  -9.0  21.6  19.7  89.0  22.9   -9.0   -9.0   -9.0   -9.0   -9.0   -9.0   -9.0 -9 -9 -                        5   0   -9 Ci         1   0   0  1195 -9.0 -9.00 -9  20.3  23.8  24.2  24.1  24.3  -9 -9.0 -9  3  2
202407070600 108   2  0.8  -9 -9.0   -9  994.1 1003.9  3   0.1  21.5  19.7  90.0  22.9   -9.0   -9.0   -9.0   -9.0   -9.0   -9.0   -9.0 -9 -9 -                        8   0   -9 Ci         2   0   0  1042  0.0  0.03 -9  20.9  23.6  24.0  23.9  24.2  -9 -9.0 -9  3  2
202407070700 108   0  0.2  -9 -9.0   -9  994.6 1004.4 -9  -9.0  22.0  20.2  90.0  23.7   -9.0   -9.0   -9.0   -9.0   -9.0   -9.0   -9.0 -9 -9 -                        9   0   -9 Ci         2   0   0  1136  0.0  0.26 -9  22.8  23.5  23.7  22.2  22.5  -9 -9.0 -9  3  2
202407070800 108  27  0.8  -9 -9.0   -9  995.6 1005.3 -9  -9.0  22.7  20.6  88.0  24.3   -9.0   -9.0   -9.0   -9.0   -9.0   -9.0   -9.0 -9 -9 -                        9   0   -9 Ci         2   0   0  1077  0.0  0.48 -9  24.8  23.7  23.7  22.2  22.5  -9 -9.0 -9  3  2
202407070900 108   5  1.5  -9 -9.0   -9  994.9 1004.6  0   0.7  23.6  21.1  86.0  25.0   -9.0   -9.0   -9.0   -9.0   -9.0   -9.0   -9.0 -9 -9 -                        9   6   35 AcCi       2   3   0  1080  0.0  0.65 -9  26.8  23.9  23.9  23.0  23.3  -9 -9.0 -9  3  2
202407071000 108   9  1.2  -9 -9.0   -9  995.1 1004.8 -9  -9.0  25.0  21.3  80.0  25.3   -9.0   -9.0   -9.0   -9.0   -9.0   -9.0   -9.0 -9 -9 -                        8   4   40 AcCi       1   3   0  1076  0.1  1.34 -9  30.3  24.3  24.2  23.6  24.0  -9 -9.0 -9  3  2
202407071100 108  16  1.3  -9 -9.0   -9  995.4 1005.1 -9  -9.0  25.8  21.6  78.0  25.8   -9.0   -9.0   -9.0   -9.0   -9.0   -9.0   -9.0 -9 -9 -                        9   6   37 AcCi       2   3   0  1018  0.0  1.28 -9  31.0  24.8  24.6  23.7  24.0  -9 -9.0 -9  3  2
202407071200 108  18  2.2  -9 -9.0   -9  995.2 1004.9  0   0.3  26.0  21.2  75.0  25.2   -9.0   -9.0   -9.0   -9.0   -9.0   -9.0   -9.0 -9 -9 -                       10   7   37 AcCs       7   3   0  1065  0.0  0.97 -9  28.9  25.3  25.0  23.9  24.0  -9 -9.0 -9  3  2
202407071300 108  18  1.0  -9 -9.0   -9  994.1 1003.7 -9  -9.0  27.5  21.9  72.0  26.3   -9.0   -9.0   -9.0   -9.0   -9.0   -9.0   -9.0 -9 -9 -                        8   6   40 AcCi       1   3   0  1290  0.2  1.74 -9  36.0  25.6  25.3  24.1  24.0  -9 -9.0 -9  3  2
202407071400 108  14  2.5  -9 -9.0   -9  993.6 1003.2 -9  -9.0  28.0  21.7  69.0  26.0   -9.0   -9.0   -9.0   -9.0   -9.0   -9.0   -9.0 -9 -9 -                       10   3   10 ScCs       7   0   5  1313  0.3  1.88 -9  32.8  26.4  25.8  24.2  24.0  -9 -9.0 -9  3  2
202407071500 108  16  2.3  -9 -9.0   -9  993.7 1003.3  5  -1.6  27.4  21.8  72.0  26.1   -9.0   -9.0   -9.0   -9.0   -9.0   -9.0   -9.0 -9 -9 -                       10   6   10 ScAs      -9   2   5  1566  0.0  1.19 -9  31.3  26.7  26.2  24.5  24.1  -9 -9.0 -9  3  2
202407071600 108  18  2.9  -9 -9.0   -9  994.2 1003.8 -9  -9.0  26.5  22.5  79.0  27.2   -9.0   -9.0   -9.0   -9.0   -9.0   -9.0   -9.0 -9 -9 -                       10   8    8 ScAs      -9   2   5  1952  0.0  0.64 -9  27.9  26.8  26.4  24.7  24.2  -9 -9.0 -9  3  2
202407071700 108  20  1.7  -9 -9.0   -9  993.9 1003.5 -9  -9.0  26.6  22.6  79.0  27.4   -9.0   -9.0   -9.0   -9.0   -9.0   -9.0   -9.0 -9 -9 -                       10   8    7 ScAs      -9   2   5  2234  0.0  0.42 -9  28.3  26.6  26.4  24.9  24.4  -9 -9.0 -9  3  2
202407071800 108  25  2.2  -9 -9.0   -9  993.8 1003.5  0   0.2  26.0  22.6  82.0  27.4    0.0    0.0    0.0   -9.0   -9.0   -9.0   -9.0 60 62 01                      10   8    7 ScAs      -9   2   5  1851  0.0  0.16 -9  25.8  26.5  26.3  25.0  24.5  -9 -9.0 -9  4  1
202407071900 108  27  1.7  -9 -9.0   -9  994.0 1003.6 -9  -9.0  24.5  22.9  91.0  27.9   19.9   19.9   19.9   -9.0   -9.0   -9.0   -9.0 65 66 1901                    10   9    5 StNs      -9   2   7   238  0.0  0.04 -9  23.5  25.9  26.1  25.1  24.6  -9 -9.0 -9  4  1
202407072000 108  27  1.5  -9 -9.0   -9  994.0 1003.6 -9  -9.0  24.2  22.6  91.0  27.4    7.3   27.2   27.2   -9.0   -9.0   -9.0   -9.0 63 66 1901                    10   8    6 StNs      -9   2   7  1486  0.0  0.01 -9  23.9  25.2  25.5  25.0  24.8  -9 -9.0 -9  4  1
202407072100 108  23  1.6  -9 -9.0   -9  994.6 1004.2  2   0.7  24.4  23.3  94.0  28.6    0.6   27.8   27.8   -9.0   -9.0   -9.0   -9.0 61 66 1901                    10   9    7 StNs      -9   2   7   344 -9.0 -9.00 -9  24.1  25.1  25.3  24.9  24.8  -9 -9.0 -9  1  1
202407072200 108  20  2.9  -9 -9.0   -9  994.5 1004.1 -9  -9.0  24.4  23.3  94.0  28.6    0.8   28.6   28.6   -9.0   -9.0   -9.0   -9.0 61 66 1901                    10   7    7 StNs      -9   2   7   916 -9.0 -9.00 -9  24.0  25.0  25.2  24.7  24.8  -9 -9.0 -9  4  1
202407072300 108  20  2.5  -9 -9.0   -9  993.8 1003.4 -9  -9.0  24.4  23.3  94.0  28.6    0.1   28.7   28.7   -9.0   -9.0   -9.0   -9.0 21 62 1901                    10   6    9 ScAs      -9   2   5   762 -9.0 -9.00 -9  24.0  24.9  25.2  24.7  24.7  -9 -9.0 -9  4  1
202407080000 108  20  2.4  -9 -9.0   -9  994.0 1003.6  5  -0.6  24.3  23.4  95.0  28.8   -9.0   28.7   28.7   -9.0   -9.0   -9.0   -9.0 10 62 19                      10   6    9 ScAs      -9   2   5   527 -9.0 -9.00 -9  24.0  24.9  25.1  24.6  24.7  -9 -9.0 -9  3  1
202407080100 108  23  3.0  -9 -9.0   -9  994.3 1004.0 -9  -9.0  24.0  23.3  96.0  28.6    0.0    0.0    0.0   -9.0   -9.0   -9.0   -9.0 60 62 1901                    10   7    9 ScAs      -9   2   5   435 -9.0 -9.00 -9  23.8  24.9  25.1  24.5  24.6  -9 -9.0 -9  4  1
202407080200 108  27  2.3  -9 -9.0   -9  993.3 1003.0 -9  -9.0  24.0  23.1  95.0  28.3    0.0    0.0    0.0   -9.0   -9.0   -9.0   -9.0 60 66 1901                    10   8    9 ScAs      -9   2   5   401 -9.0 -9.00 -9  23.8  24.8  25.0  24.5  24.6  -9 -9.0 -9  4  1
202407080300 108  23  1.7  -9 -9.0   -9  993.1 1002.8  8  -0.8  23.9  23.2  96.0  28.4    0.8    0.8    0.8   -9.0   -9.0   -9.0   -9.0 61 66 1901                    10   8    7 StNs      -9   2   7   177 -9.0 -9.00 -9  23.7  24.8  25.0  24.4  24.6  -9 -9.0 -9  4  1
202407080400 108  25  1.6  -9 -9.0   -9  993.2 1002.9 -9  -9.0  23.8  23.1  96.0  28.3    1.4    2.2    2.2   -9.0   -9.0   -9.0   -9.0 61 66 1901                    10   8    6 StNs      -9   2   7   222 -9.0 -9.00 -9  23.7  24.7  24.9  24.4  24.5  -9 -9.0 -9  4  1
202407080500 108  20  1.5  -9 -9.0   -9  993.6 1003.3 -9  -9.0  23.8  23.2  97.0  28.4    6.8    9.0    9.0   -9.0   -9.0   -9.0   -9.0 63 66 1901                    10   8    5 StNs      -9   2   7   185 -9.0 -9.00 -9  23.5  24.6  24.8  24.3  24.5  -9 -9.0 -9  4  1
202407080600 108  18  1.3  -9 -9.0   -9  993.1 1002.8  4   0.0  23.9  23.2  96.0  28.4    0.5    9.5    9.5   -9.0   -9.0   -9.0   -9.0 61 66 1901                    10   7    7 StNs      -9   2   7   363  0.0  0.00 -9  23.7  24.5  24.7  24.3  24.4  -9 -9.0 -9  4  1
202407080700 108  20  2.0  -9 -9.0   -9  993.5 1003.1 -9  -9.0  24.2  23.5  96.0  28.9    0.0    9.5    9.5   -9.0   -9.0   -9.0   -9.0 21 62 1901                    10   6   10 ScAs      -9   2   5   467  0.0  0.05 -9  24.0  24.5  24.7  24.2  24.4  -9 -9.0 -9  4  1
202407080800 108  20  3.2  -9 -9.0   -9  993.3 1002.9 -9  -9.0  24.2  23.1  94.0  28.3   -9.0    9.5    9.5   -9.0   -9.0   -9.0   -9.0 10 22 19                      10   6   10 ScAs      -9   2   5   860  0.0  0.12 -9  24.5  24.5  24.7  24.2  24.4  -9 -9.0 -9  3  1
202407080900 108  23  2.0  -9 -9.0   -9  993.3 1002.9  0   0.1  24.2  22.9  93.0  27.9    0.0    9.5    9.5   -9.0   -9.0   -9.0   -9.0 60 62 1901                    10   8    8 ScAs      -9   2   5  1238  0.0  0.18 -9  24.6  24.5  24.7  24.1  24.3  -9 -9.0 -9  1  1
202407081000 108  20  2.4  -9 -9.0   -9  993.0 1002.6 -9  -9.0  24.1  22.5  91.0  27.2    0.0    9.5    9.5   -9.0   -9.0   -9.0   -9.0 60 66 01                      10   8    7 ScAs      -9   2   5  3222  0.0  0.29 -9  25.0  24.6  24.7  24.1  24.3  -9 -9.0 -9  4  1
202407081100 108  20  2.4  -9 -9.0   -9  993.3 1002.9 -9  -9.0  24.1  22.3  90.0  26.9    0.0    9.5    9.5   -9.0   -9.0   -9.0   -9.0 60 66 01                      10   8    6 ScAs      -9   2   5  2846  0.0  0.16 -9  24.6  24.6  24.7  24.1  24.2  -9 -9.0 -9  4  1
202407081200 108  23  2.7  -9 -9.0   -9  993.3 1003.0  3   0.1  23.9  22.5  92.0  27.2    0.3    9.8    9.8   -9.0   -9.0   -9.0   -9.0 61 66 1901                    10   8    3 StNs      -9   2   7   640  0.0  0.30 -9  25.1  24.7  24.8  24.0  24.2  -9 -9.0 -9  4  1
202407081300 108  25  1.9  -9 -9.0   -9  993.0 1002.6 -9  -9.0  24.0  22.7  93.0  27.6    0.4   10.2   10.2   -9.0   -9.0   -9.0   -9.0 61 66 1901                    10   9    3 StNs      -9   2   7   799  0.0  0.30 -9  24.7  24.8  24.6  22.8  22.8  -9 -9.0 -9  4  1
202407081400 108  27  1.4  -9 -9.0   -9  993.0 1002.7 -9  -9.0  23.9  22.8  94.0  27.7    3.2   13.4   13.4   -9.0   -9.0   -9.0   -9.0 63 66 1901                    10   9    3 StNs      -9   2   7   413  0.0  0.27 -9  24.8  24.8  24.7  22.8  22.7  -9 -9.0 -9  4  1
202407081500 108  29  2.0  -9 -9.0   -9  992.5 1002.1  7  -0.9  24.0  22.9  94.0  27.9    1.8   15.2   15.2   -9.0   -9.0   -9.0   -9.0 61 66 1901                    10   9    4 StNs      -9   2   7   344  0.0  0.30 -9  25.3  24.8  24.9  24.1  24.2  -9 -9.0 -9  4  1
202407081600 108  20  3.2  -9 -9.0   -9  992.6 1002.2 -9  -9.0  24.3  23.0  93.0  28.1    0.2   15.4   15.4   -9.0   -9.0   -9.0   -9.0 60 66 1901                    10   8    6 ScAs      -9   2   5  1223  0.0  0.66 -9  26.5  24.9  24.9  24.2  24.3  -9 -9.0 -9  4  1
202407081700 108  16  2.3  -9 -9.0   -9  991.4 1001.0 -9  -9.0  24.5  23.1  92.0  28.3    0.0   15.4   15.4   -9.0   -9.0   -9.0   -9.0 21 62 01                      10   8    7 ScAs      -9   2   5  1934  0.0  0.35 -9  26.0  25.0  25.0  24.2  24.3  -9 -9.0 -9  4  1
202407081800 108  23  1.4  -9 -9.0   -9  991.7 1001.3  5  -0.8  24.3  22.5  90.0  27.2    0.0   15.4   15.4   -9.0   -9.0   -9.0   -9.0 60 62 01                      10   8    7 ScAs      -9   2   5  1336  0.0  0.23 -9  25.3  25.1  25.1  24.3  24.3  -9 -9.0 -9  4  1
202407081900 108  23  2.7  -9 -9.0   -9  992.3 1001.9 -9  -9.0  23.9  22.6  93.0  27.4    2.7   18.1   18.1   -9.0   -9.0   -9.0   -9.0 61 66 1901                    10   9    3 StNs      -9   2   7   442  0.0  0.11 -9  24.1  25.1  25.1  24.3  24.3  -9 -9.0 -9  4  1
202407082000 108  34  1.8  -9 -9.0   -9  991.7 1001.4 -9  -9.0  23.4  22.1  93.0  26.6    3.0   21.1   21.1   -9.0   -9.0   -9.0   -9.0 63 66 1901                    10   8    5 StNs      -9   2   7  1128  0.0  0.04 -9  23.6  24.9  25.0  24.3  24.3  -9 -9.0 -9  4  1
202407082100 108  29  1.3  -9 -9.0   -9  992.1 1001.8  0   0.5  23.1  21.7  92.0  26.0    0.0   21.1   21.1   -9.0   -9.0   -9.0   -9.0 21 62 01                       8   6    7 ScAc       0   3   5  2735 -9.0 -9.00 -9  23.2  24.7  24.9  24.3  24.3  -9 -9.0 -9  1  1
202407082200 108  20  0.7  -9 -9.0   -9  993.0 1002.7 -9  -9.0  23.2  21.8  92.0  26.1   -9.0   21.1   21.1   -9.0   -9.0   -9.0   -9.0 -9 -9 -                        7   7    3 -         -9  -9  -9  3260 -9.0 -9.00 -9  23.3  24.6  24.8  24.3  24.3  -9 -9.0 -9  3 -9
202407082300 108  27  0.9  -9 -9.0   -9  993.2 1002.9 -9  -9.0  23.2  21.9  93.0  26.3    0.0   21.1   21.1   -9.0   -9.0   -9.0   -9.0 21 62 01                      10   7    7 ScAs      -9   2   5  1434 -9.0 -9.00 -9  23.1  24.5  24.7  24.2  24.3  -9 -9.0 -9  4  1
202407090000 108  20  1.9  -9 -9.0   -9  993.2 1002.9  1   1.1  23.2  22.1  94.0  26.6   -9.0   21.1   21.1   -9.0   -9.0   -9.0   -9.0 -9 62 -                       10   7    7 ScAs      -9   2   5  1485 -9.0 -9.00 -9  23.2  24.4  24.6  24.1  24.3  -9 -9.0 -9  3  1
202407090100 108  25  0.8  -9 -9.0   -9  992.9 1002.6 -9  -9.0  23.3  22.0  93.0  26.4   -9.0   -9.0   -9.0   -9.0   -9.0   -9.0   -9.0 -9 -9 -                        3   3    3 -         -9  -9  -9  1596 -9.0 -9.00 -9  23.2  24.4  24.5  24.1  24.3  -9 -9.0 -9  3 -9
202407090200 108  32  0.7  -9 -9.0   -9  992.5 1002.2 -9  -9.0  23.2  21.9  93.0  26.3   -9.0   -9.0   -9.0   -9.0   -9.0   -9.0   -9.0 -9 -9 19                       6   6    3 -         -9  -9  -9   732 -9.0 -9.00 -9  22.6  24.3  24.5  24.0  24.2  -9 -9.0 -9  3  2
202407090300 108  25  0.9  -9 -9.0   -9  992.5 1002.2  6  -0.7  22.9  21.7  93.0  26.0   -9.0   -9.0   -9.0   -9.0   -9.0   -9.0   -9.0 10 62 19                       7   7    7 Sc         0   0   5   723 -9.0 -9.00 -9  22.4  24.2  24.4  24.0  24.2  -9 -9.0 -9  3  1
202407090400 108  23  0.6  -9 -9.0   -9  992.8 1002.5 -9  -9.0  22.9  21.8  94.0  26.1   -9.0   -9.0   -9.0   -9.0   -9.0   -9.0   -9.0 10 22 19                       9   9    7 Sc         0   0   5   713 -9.0 -9.00 -9  22.5  24.1  24.3  23.9  24.2  -9 -9.0 -9  3  1
202407090500 108  25  0.6  -9 -9.0   -9  993.0 1002.7 -9  -9.0  22.8  21.6  93.0  25.8   -9.0   -9.0   -9.0   -9.0   -9.0   -9.0   -9.0 10 22 19                      10   5    7 ScCs       7   0   5   765 -9.0 -9.00 -9  22.2  24.0  24.2  23.9  24.1  -9 -9.0 -9  3  1
202407090600 108   0  0.4  -9 -9.0   -9  993.7 1003.4  2   1.2  22.8  21.7  94.0  26.0   -9.0   -9.0   -9.0   -9.0   -9.0   -9.0   -9.0 10 22 19                      10   5    7 ScCs       7   0   5   619  0.0  0.02 -9  22.7  23.9  24.2  23.8  24.1  -9 -9.0 -9  3  1
202407090700 108  18  1.6  -9 -9.0   -9  994.8 1004.5 -9  -9.0  23.0  21.8  93.0  26.1   -9.0   -9.0   -9.0   -9.0   -9.0   -9.0   -9.0 10 22 19                       9   9    7 Sc         0   0   5   972  0.0  0.16 -9  23.8  23.9  24.1  23.8  24.1  -9 -9.0 -9  3  1
202407090800 108  25  1.5  -9 -9.0   -9  995.2 1004.9 -9  -9.0  23.5  22.1  92.0  26.6   -9.0   -9.0   -9.0   -9.0   -9.0   -9.0   -9.0 -9 -9 19                       9   9    7 Sc         0   0   5  1162  0.0  0.39 -9  25.3  24.0  24.1  23.7  24.0  -9 -9.0 -9  3  2
202407090900 108  18  2.1  -9 -9.0   -9  995.4 1005.1  2   1.7  24.1  21.7  87.0  26.0   -9.0   -9.0   -9.0   -9.0   -9.0   -9.0   -9.0 -9 -9 -                        9   9    8 Sc         0   0   5  1576  0.0  0.66 -9  27.2  24.2  24.3  23.7  24.0  -9 -9.0 -9  3  2
202407091000 108  14  2.3  -9 -9.0   -9  994.2 1003.9 -9  -9.0  25.4  22.2  83.0  26.8   -9.0   -9.0   -9.0   -9.0   -9.0   -9.0   -9.0 -9 -9 -                        9   2    8 ScCc       9   0   5  2187  0.1  1.15 -9  29.9  24.5  24.4  23.7  24.0  -9 -9.0 -9  3  2
202407091100 108  18  1.6  -9 -9.0   -9  994.6 1004.3 -9  -9.0  26.0  22.2  80.0  26.8   -9.0   -9.0   -9.0   -9.0   -9.0   -9.0   -9.0 -9 -9 -                        9   7    9 ScCi       1   0   5  2087  0.0  1.15 -9  28.9  25.0  24.8  23.8  24.0  -9 -9.0 -9  3  2
202407091200 108  16  1.7  -9 -9.0   -9  995.3 1005.0  5  -0.1  26.2  22.4  80.0  27.1    0.0    0.0    0.0   -9.0   -9.0   -9.0   -9.0 60 62 01                      10   8    8 ScAs      -9   2   5  1647  0.0  0.75 -9  29.1  25.3  25.0  23.9  24.0  -9 -9.0 -9  4  1
202407091300 108  18  2.8  -9 -9.0   -9  995.0 1004.6 -9  -9.0  26.4  22.6  80.0  27.4    0.0    0.0    0.0   -9.0   -9.0   -9.0   -9.0 21 62 01                       9   3    8 ScAs       0   2   5  1462  0.0  0.84 -9  29.8  25.5  25.3  24.1  24.0  -9 -9.0 -9  4  1
202407091400 108  14  2.5  -9 -9.0   -9  994.3 1003.9 -9  -9.0  26.4  22.8  81.0  27.7   -9.0    0.0    0.0   -9.0   -9.0   -9.0   -9.0 -9 -9 -                       10   5    8 ScAs      -9   2   5  1750  0.0  0.93 -9  27.8  25.8  25.5  24.2  24.1  -9 -9.0 -9  3  2
202407091500 108  20  3.3  -9 -9.0   -9  995.2 1004.9  5  -0.1  25.8  22.6  83.0  27.4    0.0    0.0    0.0   -9.0   -9.0   -9.0   -9.0 60 62 01                      10   6    8 ScAs      -9   2   5  1613  0.0  0.34 -9  26.9  25.9  25.7  24.4  24.1  -9 -9.0 -9  4  1
202407091600 108  20  3.6  -9 -9.0   -9  995.1 1004.8 -9  -9.0  25.3  22.1  83.0  26.6    0.0    0.0    0.0   -9.0   -9.0   -9.0   -9.0 21 62 01                      10   6    8 ScAs      -9   2   5  1479  0.0  0.45 -9  26.7  25.8  25.7  24.5  24.2  -9 -9.0 -9  4  1
202407091700 108  14  1.0  -9 -9.0   -9  994.0 1003.7 -9  -9.0  25.2  22.2  84.0  26.8    0.1    0.1    0.1   -9.0   -9.0   -9.0   -9.0 60 62 01                      10   6    8 ScAs      -9   2   5  1232  0.0  0.36 -9  26.4  25.7  25.6  24.6  24.3  -9 -9.0 -9  4  1
202407091800 108  16  2.6  -9 -9.0   -9  993.9 1003.6  7  -1.3  25.1  22.1  84.0  26.6    0.0    0.1    0.1   -9.0   -9.0   -9.0   -9.0 21 62 01                      10   4    9 ScAs      -9   1   5  1330  0.0  0.37 -9  26.0  25.6  25.6  24.6  24.3  -9 -9.0 -9  4  1
202407091900 108  11  1.4  -9 -9.0   -9  993.6 1003.3 -9  -9.0  25.1  22.0  83.0  26.4   -9.0    0.1    0.1   -9.0   -9.0   -9.0   -9.0 -9 -9 -                        9   1   -9 -         -9  -9  -9  2268  0.0  0.18 -9  25.0  25.5  25.5  24.6  24.4  -9 -9.0 -9  3 -9
202407092000 108  14  2.4  -9 -9.0   -9  994.2 1003.9 -9  -9.0  25.0  22.1  84.0  26.6   -9.0    0.1    0.1   -9.0   -9.0   -9.0   -9.0 -9 -9 -                       10   1   -9 -         -9  -9  -9  2266  0.0  0.02 -9  24.3  25.4  25.5  24.6  24.4  -9 -9.0 -9  3 -9
202407092100 108   9  1.1  -9 -9.0   -9  994.3 1004.0  3   0.4  24.8  21.9  84.0  26.3    0.0    0.1    0.1   -9.0   -9.0   -9.0   -9.0 60 62 01                      10   6    8 ScAs      -9   2   5  2845 -9.0 -9.00 -9  24.0  25.3  25.4  24.6  24.4  -9 -9.0 -9  1  1
202407092200 108  11  2.4  -9 -9.0   -9  994.5 1004.1 -9  -9.0  24.6  21.9  85.0  26.3    0.0    0.1    0.1   -9.0   -9.0   -9.0   -9.0 60 66 01                      10   7    7 ScAs      -9   2   5  2560 -9.0 -9.00 -9  23.7  25.1  25.2  24.6  24.5  -9 -9.0 -9  4  1
202407092300 108   7  2.1  -9 -9.0   -9  993.5 1003.1 -9  -9.0  24.3  21.9  87.0  26.3    0.0    0.1    0.1   -9.0   -9.0   -9.0   -9.0 60 66 01                      10   8    7 ScAs      -9   2   5  2941 -9.0 -9.00 -9  23.5  24.9  25.1  24.5  24.5  -9 -9.0 -9  4  1
202407100000 108   7  1.9  -9 -9.0   -9  993.3 1003.0  8  -1.0  23.9  22.1  90.0  26.6    0.2    0.3    0.3   -9.0   -9.0   -9.0   -9.0 61 66 01                      10   8    5 StNs      -9   2   7  1781 -9.0 -9.00 -9  23.4  24.8  25.0  24.5  24.5  -9 -9.0 -9  4  1
202407100100 108   9  2.5  -9 -9.0   -9  991.6 1001.3 -9  -9.0  23.6  22.2  92.0  26.8    1.4    1.4    1.4   -9.0   -9.0   -9.0   -9.0 61 66 01                      10   8    5 StNs      -9   2   7  1337 -9.0 -9.00 -9  23.1  24.7  24.9  24.4  24.4  -9 -9.0 -9  4  1
202407100200 108   7  2.2  -9 -9.0   -9  991.9 1001.6 -9  -9.0  23.4  22.0  92.0  26.4    0.0    1.4    1.4   -9.0   -9.0   -9.0   -9.0 21 62 01                      10   7    7 ScAs      -9   2   5  3096 -9.0 -9.00 -9  22.8  24.5  24.8  24.3  24.4  -9 -9.0 -9  4  1
202407100300 108   7  3.6  -9 -9.0   -9  989.1  998.8  7  -4.2  23.1  21.8  93.0  26.1    0.0    1.4    1.4   -9.0   -9.0   -9.0   -9.0 60 62 01                      10   7    7 ScAs      -9   2   5  2348 -9.0 -9.00 -9  22.6  24.4  24.7  24.3  24.4  -9 -9.0 -9  4  1
202407100400 108  32  3.2  -9 -9.0   -9  990.0  999.7 -9  -9.0  23.0  20.8  88.0  24.6    0.0    1.4    1.4   -9.0   -9.0   -9.0   -9.0 60 66 01                      10   7    7 ScAs      -9   2   5  4245 -9.0 -9.00 -9  22.3  24.3  24.5  24.2  24.4  -9 -9.0 -9  4  1
202407100500 108   2  2.0  -9 -9.0   -9  989.6  999.3 -9  -9.0  22.8  20.5  87.0  24.1    0.0    1.4    1.4   -9.0   -9.0   -9.0   -9.0 21 62 01                      10   7    7 ScAs      -9   2   5  4344 -9.0 -9.00 -9  21.8  24.2  24.4  24.1  24.3  -9 -9.0 -9  4  1
202407100600 108   5  2.3  -9 -9.0   -9  989.7  999.4  0   0.6  22.8  20.7  88.0  24.4   -9.0    1.4    1.4   -9.0   -9.0   -9.0   -9.0 -9 62 -                        7   5   10 ScCi       1   0   5  3904  0.0  0.03 -9  21.9  24.0  24.3  24.0  24.3  -9 -9.0 -9  3  1
202407100700 108   7  1.8  -9 -9.0   -9  990.0  999.7 -9  -9.0  23.4  21.2  88.0  25.2   -9.0    1.4    1.4   -9.0   -9.0   -9.0   -9.0 -9 -9 -                        6   2   10 ScCi       1   0   5  3064  0.5  0.39 -9  23.0  23.9  24.2  23.9  24.2  -9 -9.0 -9  3  2
202407100800 108   7  1.8  -9 -9.0   -9  989.9  999.6 -9  -9.0  24.9  21.8  83.0  26.1   -9.0    1.4    1.4   -9.0   -9.0   -9.0   -9.0 -9 -9 -                        6   2   35 AcCi       1   3   0  3487  0.7  0.91 -9  26.9  24.0  24.2  23.9  24.2  -9 -9.0 -9  3  2
202407100900 108   5  2.4  -9 -9.0   -9  990.2  999.8  2   0.4  26.4  22.0  77.0  26.4   -9.0    1.4    1.4   -9.0   -9.0   -9.0   -9.0 -9 62 -                        6   0   -9 Ci         1   0   0  4203  0.9  1.60 -9  30.3  24.4  24.4  23.8  24.1  -9 -9.0 -9  3  1
202407101000 108   5  2.5  -9 -9.0   -9  989.7  999.2 -9  -9.0  27.9  22.3  72.0  26.9   -9.0    1.4    1.4   -9.0   -9.0   -9.0   -9.0 -9 -9 -                        4   0   -9 Ci         1   0   0  4051  0.9  2.26 -9  35.6  24.9  24.7  23.9  24.1  -9 -9.0 -9  3  2
202407101100 108   7  1.5  -9 -9.0   -9  989.5  999.0 -9  -9.0  29.1  22.5  68.0  27.2   -9.0    1.4    1.4   -9.0   -9.0   -9.0   -9.0 -9 -9 -                        5   2   12 ScCi       1   0   5  4350  1.0  3.05 -9  39.2  25.7  25.2  24.0  24.0  -9 -9.0 -9  3  2
202407101200 108   5  2.4  -9 -9.0   -9  989.4  998.9  7  -0.9  30.3  22.1  62.0  26.6   -9.0    1.4    1.4   -9.0   -9.0   -9.0   -9.0 -9 -9 -                        8   8   10 Sc         0   0   5  4316  1.0  3.45 -9  41.4  26.7  25.9  24.2  24.1  -9 -9.0 -9  3  2
202407101300 108  18  1.6  -9 -9.0   -9  989.1  998.6 -9  -9.0  30.6  21.9  60.0  26.3   -9.0    1.4    1.4   -9.0   -9.0   -9.0   -9.0 -9 -9 -                        8   8   11 Sc         0   0   5  3958  0.6  2.62 -9  40.5  27.7  26.7  24.6  24.1  -9 -9.0 -9  3  2
202407101400 108  27  2.1  -9 -9.0   -9  989.2  998.7 -9  -9.0  30.4  22.2  62.0  26.8   -9.0    1.4    1.4   -9.0   -9.0   -9.0   -9.0 -9 -9 -                        8   8   11 Sc         0   0   5  3818  0.5  2.09 -9  33.5  28.5  27.4  25.0  24.3  -9 -9.0 -9  3  2
202407101500 108  32  3.4  -9 -9.0   -9  989.6  999.1  3   0.2  29.0  23.2  71.0  28.4    0.0    1.4    1.4   -9.0   -9.0   -9.0   -9.0 80 82 04                       9   9    6 CuSc       0   0   8  3608  0.0  0.68 -9  30.9  28.5  27.7  25.4  24.5  -9 -9.0 -9  4  1
202407101600 108  25  2.1  -9 -9.0   -9  989.3  998.7 -9  -9.0  29.6  22.8  67.0  27.7    0.0    1.4    1.4   -9.0   -9.0   -9.0   -9.0 25 82 04                       8   4    6 CuScAc     0   3   8  3883  0.0  0.67 -9  30.3  28.2  27.7  25.7  24.7  -9 -9.0 -9  4  1
202407101700 108  36  3.1  -9 -9.0   -9  989.4  998.9 -9  -9.0  29.9  22.3  64.0  26.9   -9.0    1.4    1.4   -9.0   -9.0   -9.0   -9.0 -9 -9 -                        9   9    5 CuSc       0   0   8  3768  0.0  0.78 -9  30.3  28.1  27.6  25.9  24.9  -9 -9.0 -9  3  2
202407101800 108   7  1.2  -9 -9.0   -9  989.3  998.8  5  -0.3  29.5  23.4  70.0  28.8   -9.0    1.4    1.4   -9.0   -9.0   -9.0   -9.0 -9 82 -                        6   6    6 CuSc       0   0   8  4574  0.4  0.74 -9  30.0  27.9  27.6  26.0  25.1  -9 -9.0 -9  3  1
202407101900 108  25  2.9  -9 -9.0   -9  989.9  999.4 -9  -9.0  28.7  23.1  72.0  28.3   -9.0    1.4    1.4   -9.0   -9.0   -9.0   -9.0 -9 -9 -                        6   1   -9 -         -9  -9  -9  3280  0.5  0.65 -9  27.8  27.9  27.6  26.1  25.2  -9 -9.0 -9  3 -9
202407102000 108  25  2.0  -9 -9.0   -9  990.3  999.9 -9  -9.0  27.2  22.5  76.0  27.2   -9.0    1.4    1.4   -9.0   -9.0   -9.0   -9.0 -9 -9 -                        6   1   -9 -         -9  -9  -9  3392  0.1  0.12 -9  25.8  27.7  27.5  26.1  25.3  -9 -9.0 -9  3 -9
202407102100 108  27  1.3  -9 -9.0   -9  990.9 1000.5  2   1.7  26.7  22.1  76.0  26.6   -9.0    1.4    1.4   -9.0   -9.0   -9.0   -9.0 -9 81 -                        1   1   30 Ac         0   3   0  3187 -9.0 -9.00 -9  24.8  27.3  27.3  26.1  25.4  -9 -9.0 -9  3  1
202407102200 108  20  1.4  -9 -9.0   -9  991.4 1001.0 -9  -9.0  25.9  21.7  78.0  26.0   -9.0    1.4    1.4   -9.0   -9.0   -9.0   -9.0 -9 -9 -                        3   1   -9 -         -9  -9  -9  3062 -9.0 -9.00 -9  24.1  26.9  27.0  26.1  25.5  -9 -9.0 -9  3 -9
202407102300 108  25  0.9  -9 -9.0   -9  991.7 1001.4 -9  -9.0  25.5  21.5  79.0  25.6   -9.0    1.4    1.4   -9.0   -9.0   -9.0   -9.0 -9 -9 -                        3   1   -9 -         -9  -9  -9  3083 -9.0 -9.00 -9  23.7  26.6  26.7  26.0  25.5  -9 -9.0 -9  3 -9
202407110000 108  18  1.4  -9 -9.0   -9  991.7 1001.4  1   0.9  25.1  21.3  80.0  25.3   -9.0    1.4    1.4   -9.0   -9.0   -9.0   -9.0 -9 -9 -                        3   3   10 Sc         0   0   5  3020 -9.0 -9.00 -9  23.5  26.2  26.5  25.8  25.5  -9 -9.0 -9  3  2
202407110100 108  27  0.7  -9 -9.0   -9  991.7 1001.4 -9  -9.0  24.8  21.3  81.0  25.3   -9.0   -9.0   -9.0   -9.0   -9.0   -9.0   -9.0 -9 -9 -                        0   0   -9 -         -9  -9  -9  2714 -9.0 -9.00 -9  23.0  26.0  26.2  25.7  25.5  -9 -9.0 -9  3 -9
202407110200 108  29  0.9  -9 -9.0   -9  991.6 1001.2 -9  -9.0  24.5  21.4  83.0  25.5   -9.0   -9.0   -9.0   -9.0   -9.0   -9.0   -9.0 -9 -9 -                        1   1   -9 -         -9  -9  -9  2668 -9.0 -9.00 -9  23.1  25.7  26.0  25.6  25.4  -9 -9.0 -9  3 -9
202407110300 108  27  1.0  -9 -9.0   -9  991.7 1001.3  5  -0.1  24.4  21.7  85.0  26.0   -9.0   -9.0   -9.0   -9.0   -9.0   -9.0   -9.0 -9 -9 -                        6   6   10 Sc         0   0   5  2244 -9.0 -9.00 -9  22.9  25.5  25.8  25.4  25.4  -9 -9.0 -9  3  2
202407110400 108  20  0.8  -9 -9.0   -9  991.9 1001.5 -9  -9.0  24.2  21.7  86.0  26.0   -9.0   -9.0   -9.0   -9.0   -9.0   -9.0   -9.0 -9 -9 -                        7   7    9 Sc         0   0   5  1005 -9.0 -9.00 -9  23.3  25.3  25.6  25.3  25.3  -9 -9.0 -9  3  2
202407110500 108  25  0.6  -9 -9.0   -9  992.0 1001.6 -9  -9.0  24.0  21.5  86.0  25.6   -9.0   -9.0   -9.0   -9.0   -9.0   -9.0   -9.0 10 22 19                       7   7    9 Sc         0   0   5   715 -9.0 -9.00 -9  23.1  25.2  25.5  25.2  25.2  -9 -9.0 -9  3  1
202407110600 108  20  0.7  -9 -9.0   -9  992.1 1001.8  2   0.5  23.8  21.4  87.0  25.5   -9.0   -9.0   -9.0   -9.0   -9.0   -9.0   -9.0 10 22 19                       6   6    9 Sc         0   0   5   634  0.0  0.03 -9  23.1  25.1  25.4  25.1  25.2  -9 -9.0 -9  3  1
202407110700 108  23  1.6  -9 -9.0   -9  992.3 1001.9 -9  -9.0  23.9  21.5  87.0  25.6   -9.0   -9.0   -9.0   -9.0   -9.0   -9.0   -9.0 10 22 19                       8   8    8 Sc         0   0   5   546  0.0  0.26 -9  24.7  25.1  25.3  25.0  25.1  -9 -9.0 -9  3  1
202407110800 108  25  2.4  -9 -9.0   -9  992.8 1002.4 -9  -9.0  24.5  21.9  86.0  26.3   -9.0   -9.0   -9.0   -9.0   -9.0   -9.0   -9.0 10 22 19                       9   9    7 Sc         0   0   5   523  0.1  0.68 -9  26.7  25.2  25.3  24.9  25.0  -9 -9.0 -9  3  1
202407110900 108  23  1.7  -9 -9.0   -9  993.0 1002.6  2   0.8  24.4  22.0  87.0  26.4   -9.0   -9.0   -9.0   -9.0   -9.0   -9.0   -9.0 10 22 19                       9   9    7 Sc         0   0   5   452  0.0  0.71 -9  27.5  25.4  25.4  24.8  25.0  -9 -9.0 -9  3  1
202407111000 108  20  2.1  -9 -9.0   -9  992.8 1002.4 -9  -9.0  26.1  22.1  79.0  26.6   -9.0   -9.0   -9.0   -9.0   -9.0   -9.0   -9.0 10 22 19                       7   7    7 Sc         0   0   5   693  0.5  2.07 -9  34.1  25.7  25.6  24.9  24.9  -9 -9.0 -9  3  1
202407111100 108  25  2.4  -9 -9.0   -9  992.3 1001.9 -9  -9.0  27.2  22.3  75.0  26.9   -9.0   -9.0   -9.0   -9.0   -9.0   -9.0   -9.0 10 22 19                       8   8    7 Sc         0   0   5   660  0.7  2.59 -9  33.8  26.6  26.1  24.9  24.9  -9 -9.0 -9  3  1
202407111200 108  25  2.7  -9 -9.0   -9  991.9 1001.4  7  -1.2  28.3  22.9  73.0  27.9   -9.0   -9.0   -9.0   -9.0   -9.0   -9.0   -9.0 10 22 19                       6   6    7 Sc         0   0   5   619  0.7  2.76 -9  38.1  27.2  26.6  25.1  24.9  -9 -9.0 -9  3  1
202407111300 108  25  3.4  -9 -9.0   -9  991.9 1001.4 -9  -9.0  28.0  22.2  71.0  26.8   -9.0   -9.0   -9.0   -9.0   -9.0   -9.0   -9.0 10 22 19                       9   9    7 Sc         0   0   5   569  0.5  2.49 -9  33.3  28.0  27.2  25.4  24.9  -9 -9.0 -9  3  1
202407111400 108  25  2.7  -9 -9.0   -9  991.9 1001.4 -9  -9.0  28.4  22.3  70.0  26.9   -9.0   -9.0   -9.0   -9.0   -9.0   -9.0   -9.0 10 22 19                       8   8    7 Sc         0   0   5   639  0.7  2.44 -9  37.0  28.3  27.6  25.7  25.0  -9 -9.0 -9  3  1
202407111500 108  27  3.0  -9 -9.0   -9  991.5 1001.0  7  -0.4  28.4  22.1  69.0  26.6   -9.0   -9.0   -9.0   -9.0   -9.0   -9.0   -9.0  5 22 4019                     6   6    7 Sc         0   0   5   800  0.7  2.50 -9  36.6  28.7  28.0  25.9  25.2  -9 -9.0 -9  3  1
202407111600 108  25  2.7  -9 -9.0   -9  991.2 1000.7 -9  -9.0  28.7  21.9  67.0  26.3   -9.0   -9.0   -9.0   -9.0   -9.0   -9.0   -9.0 -9 -9 40                       8   8    7 Sc         0   0   5  1020  0.7  2.15 -9  33.4  28.9  28.3  26.2  25.3  -9 -9.0 -9  3  2
202407111700 108  27  3.5  -9 -9.0   -9  991.1 1000.6 -9  -9.0  28.3  21.8  68.0  26.1   -9.0   -9.0   -9.0   -9.0   -9.0   -9.0   -9.0  5 22 40                       8   2    7 ScCi       1   0   5   870  0.3  1.32 -9  32.0  28.9  28.4  26.4  25.5  -9 -9.0 -9  3  1
202407111800 108  25  1.7  -9 -9.0   -9  990.7 1000.2  7  -0.8  28.3  22.0  69.0  26.4   -9.0   -9.0   -9.0   -9.0   -9.0   -9.0   -9.0  5 22 40                       7   3    7 ScCi       1   0   5   965  0.7  1.27 -9  29.3  28.8  28.4  26.6  25.6  -9 -9.0 -9  3  1
202407111900 108  25  2.9  -9 -9.0   -9  991.0 1000.6 -9  -9.0  27.2  21.4  71.0  25.5   -9.0   -9.0   -9.0   -9.0   -9.0   -9.0   -9.0 -9 -9 40                       6   1   -9 -         -9  -9  -9   931  0.3  0.41 -9  26.7  28.5  28.3  26.7  25.8  -9 -9.0 -9  3  2
202407112000 108  27  2.8  -9 -9.0   -9  991.4 1001.0 -9  -9.0  25.8  20.8  74.0  24.6   -9.0   -9.0   -9.0   -9.0   -9.0   -9.0   -9.0 -9 -9 40                       4   1   -9 -         -9  -9  -9  1299  0.0  0.06 -9  24.6  28.1  28.1  26.8  25.9  -9 -9.0 -9  3  2
202407112100 108  29  2.2  -9 -9.0   -9  992.2 1001.9  2   1.7  24.8  21.3  81.0  25.3   -9.0   -9.0   -9.0   -9.0   -9.0   -9.0   -9.0 -9 -9 -                        1   0   -9 Ci         1   0   0  1165 -9.0 -9.00 -9  23.8  27.6  27.7  26.7  26.0  -9 -9.0 -9  3  2
202407112200 108  27  2.6  -9 -9.0   -9  992.8 1002.4 -9  -9.0  24.1  20.8  82.0  24.6   -9.0   -9.0   -9.0   -9.0   -9.0   -9.0   -9.0 -9 -9 -                        1   1   -9 -         -9  -9  -9  1206 -9.0 -9.00 -9  23.1  27.1  27.3  26.6  26.0  -9 -9.0 -9  3 -9
202407112300 108  27  1.9  -9 -9.0   -9  992.8 1002.5 -9  -9.0  23.6  20.7  84.0  24.4   -9.0   -9.0   -9.0   -9.0   -9.0   -9.0   -9.0 -9 -9 -                        3   1   -9 -         -9  -9  -9  1224 -9.0 -9.00 -9  22.6  26.7  27.0  26.4  26.0  -9 -9.0 -9  3 -9
202407120000 108  25  1.5  -9 -9.0   -9  992.4 1002.1  0   0.2  23.3  20.8  86.0  24.6   -9.0   -9.0   -9.0   -9.0   -9.0   -9.0   -9.0 10  0 19                       0   0   -9 -         -9  -9  -9   939 -9.0 -9.00 -9  22.3  26.3  26.7  26.3  26.0  -9 -9.0 -9  3  1
202407120100 108  29  1.8  -9 -9.0   -9  992.4 1002.1 -9  -9.0  23.0  20.5  86.0  24.1   -9.0   -9.0   -9.0   -9.0   -9.0   -9.0   -9.0 -9 -9 19                       0   0   -9 -         -9  -9  -9   826 -9.0 -9.00 -9  22.0  26.0  26.4  26.1  25.9  -9 -9.0 -9  3  2
202407120200 108  27  2.1  -9 -9.0   -9  992.2 1001.9 -9  -9.0  22.7  20.6  88.0  24.3   -9.0   -9.0   -9.0   -9.0   -9.0   -9.0   -9.0 -9 -9 19                       4   1   -9 -         -9  -9  -9   703 -9.0 -9.00 -9  21.8  25.7  26.1  25.9  25.9  -9 -9.0 -9  3  2
202407120300 108  27  1.4  -9 -9.0   -9  992.1 1001.8  7  -0.3  22.5  20.5  89.0  24.1   -9.0   -9.0   -9.0   -9.0   -9.0   -9.0   -9.0 10  0 19                       3   3    8 Sc         0   0   5   521 -9.0 -9.00 -9  21.7  25.5  25.9  25.7  25.8  -9 -9.0 -9  3  1
202407120400 108  36  0.7  -9 -9.0   -9  992.1 1001.8 -9  -9.0  22.3  20.5  90.0  24.1   -9.0   -9.0   -9.0   -9.0   -9.0   -9.0   -9.0 10  0 19                       0   0   -9 -         -9  -9  -9   569 -9.0 -9.00 -9  21.4  25.3  25.7  25.5  25.7  -9 -9.0 -9  3  1
202407120500 108  29  1.0  -9 -9.0   -9  992.1 1001.9 -9  -9.0  22.0  20.2  90.0  23.7   -9.0   -9.0   -9.0   -9.0   -9.0   -9.0   -9.0 10  0 19                       3   3    4 St         0   0   6   490 -9.0 -9.00 -9  21.1  25.1  25.5  25.4  25.6  -9 -9.0 -9  3  1
202407120600 108  27  0.6  -9 -9.0   -9  992.6 1002.4  2   0.6  21.9  20.1  90.0  23.5   -9.0   -9.0   -9.0   -9.0   -9.0   -9.0   -9.0 10  0 19                       6   6    4 St         0   0   6   555  0.0  0.03 -9  21.7  24.9  25.3  25.2  25.5  -9 -9.0 -9  3  1
202407120700 108  25  1.6  -9 -9.0   -9  992.9 1002.6 -9  -9.0  22.4  20.6  90.0  24.3   -9.0   -9.0   -9.0   -9.0   -9.0   -9.0   -9.0 10 22 19                       7   7    5 St         0   0   6   669  0.0  0.26 -9  23.7  24.7  25.1  25.1  25.4  -9 -9.0 -9  3  1
202407120800 108  25  2.0  -9 -9.0   -9  993.3 1003.0 -9  -9.0  23.2  21.0  88.0  24.9   -9.0   -9.0   -9.0   -9.0   -9.0   -9.0   -9.0 10 22 19                      10  10    4 St        -9  -9   6   697  0.0  0.49 -9  25.1  24.9  25.1  24.9  25.3  -9 -9.0 -9  3  1
202407120900 108  27  1.3  -9 -9.0   -9  993.1 1002.8  0   0.4  23.8  21.3  86.0  25.3   -9.0   -9.0   -9.0   -9.0   -9.0   -9.0   -9.0 10 11 19                      10  10    5 St        -9  -9   6   683  0.0  0.45 -9  25.6  25.1  25.2  24.9  25.2  -9 -9.0 -9  3  1
202407121000 108  25  1.4  -9 -9.0   -9  993.2 1002.8 -9  -9.0  24.2  21.3  84.0  25.3   -9.0   -9.0   -9.0   -9.0   -9.0   -9.0   -9.0 10 22 19                      10  10    5 St        -9  -9   6   608  0.0  0.37 -9  26.0  25.2  25.3  24.8  25.1  -9 -9.0 -9  3  1
202407121100 108  18  0.9  -9 -9.0   -9  993.0 1002.7 -9  -9.0  25.0  21.5  81.0  25.6   -9.0   -9.0   -9.0   -9.0   -9.0   -9.0   -9.0 10 22 19                       9   9    9 Sc         0   0   5   688  0.0  0.75 -9  28.4  25.4  25.4  24.8  25.1  -9 -9.0 -9  3  1
202407121200 108  18  0.9  -9 -9.0   -9  992.7 1002.3  7  -0.5  25.9  21.9  79.0  26.3   -9.0   -9.0   -9.0   -9.0   -9.0   -9.0   -9.0 10 22 19                       9   9    9 Sc         0   0   5   733  0.0  0.93 -9  28.6  25.8  25.6  24.9  25.0  -9 -9.0 -9  3  1
202407121300 108  27  0.8  -9 -9.0   -9  992.5 1002.1 -9  -9.0  26.6  21.5  74.0  25.6   -9.0   -9.0   -9.0   -9.0   -9.0   -9.0   -9.0 10 22 19                       9   9    9 Sc         0   0   5   689  0.0  0.75 -9  29.7  26.1  25.9  25.0  25.0  -9 -9.0 -9  3  1
202407121400 108  20  2.3  -9 -9.0   -9  992.4 1001.9 -9  -9.0  28.0  22.4  72.0  27.1   -9.0   -9.0   -9.0   -9.0   -9.0   -9.0   -9.0 10 22 19                       7   7    9 Sc         0   0   5   781  0.2  1.83 -9  34.7  26.4  26.2  25.1  25.0  -9 -9.0 -9  3  1
202407121500 108  16  1.1  -9 -9.0   -9  991.9 1001.4  7  -0.9  29.0  21.9  66.0  26.3   -9.0   -9.0   -9.0   -9.0   -9.0   -9.0   -9.0  5 22 4019                     6   6    9 Sc         0   0   5   828  0.4  2.15 -9  33.7  27.1  26.6  25.2  25.0  -9 -9.0 -9  3  1
202407121600 108  25  2.0  -9 -9.0   -9  991.9 1001.4 -9  -9.0  29.9  22.0  63.0  26.4   -9.0   -9.0   -9.0   -9.0   -9.0   -9.0   -9.0  5 22 40                       5   5   10 Sc         0   0   5   866  0.8  2.16 -9  34.9  27.6  27.1  25.5  25.1  -9 -9.0 -9  3  1
202407121700 108  27  2.2  -9 -9.0   -9  991.8 1001.3 -9  -9.0  30.1  22.0  62.0  26.4   -9.0   -9.0   -9.0   -9.0   -9.0   -9.0   -9.0  5  0 40                       2   2   10 Sc         0   0   5   824  1.0  1.60 -9  32.5  28.0  27.5  25.7  25.2  -9 -9.0 -9  3  1
202407121800 108  27  2.0  -9 -9.0   -9  991.9 1001.4  4   0.0  29.9  21.8  62.0  26.1   -9.0   -9.0   -9.0   -9.0   -9.0   -9.0   -9.0  5  0 40                       1   1   10 Sc         0   0   5   942  1.0  0.98 -9  29.8  28.1  27.7  26.0  25.3  -9 -9.0 -9  3  1
202407121900 108  27  1.8  -9 -9.0   -9  991.8 1001.3 -9  -9.0  28.8  23.0  71.0  28.1   -9.0   -9.0   -9.0   -9.0   -9.0   -9.0   -9.0 -9 -9 40                       0   0   -9 -         -9  -9  -9   857  0.3  0.48 -9  27.5  28.0  27.7  26.2  25.4  -9 -9.0 -9  3  2
202407122000 108  27  2.5  -9 -9.0   -9  992.6 1002.2 -9  -9.0  27.5  22.8  76.0  27.7   -9.0   -9.0   -9.0   -9.0   -9.0   -9.0   -9.0 -9 -9 40                       1   1   -9 -         -9  -9  -9   770  0.0  0.10 -9  25.5  27.7  27.6  26.3  25.6  -9 -9.0 -9  3  2
202407122100 108  25  3.2  -9 -9.0   -9  993.3 1002.9  3   1.5  26.6  22.8  80.0  27.7   -9.0   -9.0   -9.0   -9.0   -9.0   -9.0   -9.0 10  0 4019                     0   0   -9 -         -9  -9  -9   662 -9.0 -9.00 -9  24.5  27.3  27.4  26.3  25.7  -9 -9.0 -9  3  1
202407122200 108  25  1.9  -9 -9.0   -9  993.8 1003.5 -9  -9.0  25.9  22.7  83.0  27.6   -9.0   -9.0   -9.0   -9.0   -9.0   -9.0   -9.0 -9 -9 19                       0   0   -9 -         -9  -9  -9   627 -9.0 -9.00 -9  24.0  26.9  27.1  26.2  25.7  -9 -9.0 -9  3  2
202407122300 108  25  2.4  -9 -9.0   -9  994.0 1003.7 -9  -9.0  25.5  22.5  84.0  27.2   -9.0   -9.0   -9.0   -9.0   -9.0   -9.0   -9.0 -9 -9 19                       0   0   -9 -         -9  -9  -9   862 -9.0 -9.00 -9  23.6  26.6  26.8  26.1  25.7  -9 -9.0 -9  3  2
202407130000 108  29  2.1  -9 -9.0   -9  993.8 1003.5  0   0.6  25.1  22.1  84.0  26.6   -9.0   -9.0   -9.0   -9.0   -9.0   -9.0   -9.0 10  0 19                       0   0   -9 -         -9  -9  -9   976 -9.0 -9.00 -9  23.3  26.3  26.6  26.0  25.7  -9 -9.0 -9  3  1
202407130100 108  25  1.3  -9 -9.0   -9  993.5 1003.1 -9  -9.0  24.6  22.0  86.0  26.4   -9.0   -9.0   -9.0   -9.0   -9.0   -9.0   -9.0 -9 -9 19                       0   0   -9 -         -9  -9  -9   758 -9.0 -9.00 -9  23.0  26.0  26.3  25.9  25.7  -9 -9.0 -9  3  2
202407130200 108   0  0.0  -9 -9.0   -9  993.5 1003.1 -9  -9.0  24.4  21.8  86.0  26.1   -9.0   -9.0   -9.0   -9.0   -9.0   -9.0   -9.0 -9 -9 19                       0   0   -9 -         -9  -9  -9   702 -9.0 -9.00 -9  22.7  25.8  26.1  25.8  25.7  -9 -9.0 -9  3  2
202407130300 108   5  1.0  -9 -9.0   -9  993.4 1003.0  7  -0.5  24.1  21.9  88.0  26.3   -9.0   -9.0   -9.0   -9.0   -9.0   -9.0   -9.0 10  0 19                       0   0   -9 -         -9  -9  -9   602 -9.0 -9.00 -9  22.5  25.6  25.9  25.6  25.6  -9 -9.0 -9  3  1
202407130400 108   2  1.4  -9 -9.0   -9  993.5 1003.2 -9  -9.0  23.9  21.9  89.0  26.3   -9.0   -9.0   -9.0   -9.0   -9.0   -9.0   -9.0 10  0 19                       0   0   -9 -         -9  -9  -9   527 -9.0 -9.00 -9  22.2  25.4  25.7  25.5  25.6  -9 -9.0 -9  3  1
202407130500 108   2  1.7  -9 -9.0   -9  994.1 1003.8 -9  -9.0  23.7  22.1  91.0  26.6   -9.0   -9.0   -9.0   -9.0   -9.0   -9.0   -9.0 10  0 19                       1   0   -9 Ci         1   0   0   508 -9.0 -9.00 -9  22.2  25.2  25.5  25.3  25.5  -9 -9.0 -9  3  1
202407130600 108   2  1.2  -9 -9.0   -9  994.5 1004.2  2   1.2  23.5  21.9  91.0  26.3   -9.0   -9.0   -9.0   -9.0   -9.0   -9.0   -9.0 10  0 19                       0   0   -9 -         -9  -9  -9   498  0.0  0.03 -9  22.4  25.0  25.4  25.2  25.4  -9 -9.0 -9  3  1
202407130700 108   5  1.5  -9 -9.0   -9  994.8 1004.5 -9  -9.0  24.2  22.8  92.0  27.7   -9.0   -9.0   -9.0   -9.0   -9.0   -9.0   -9.0 10  0 19                       0   0   -9 -         -9  -9  -9   652  0.2  0.31 -9  24.1  24.9  25.3  25.1  25.3  -9 -9.0 -9  3  1
202407130800 108   7  1.6  -9 -9.0   -9  995.0 1004.7 -9  -9.0  25.6  23.2  87.0  28.4   -9.0   -9.0   -9.0   -9.0   -9.0   -9.0   -9.0 10  0 19                       0   0   -9 -         -9  -9  -9   843  1.0  0.81 -9  28.2  25.1  25.3  25.0  25.3  -9 -9.0 -9  3  1
202407130900 108   5  2.1  -9 -9.0   -9  995.2 1004.8  2   0.6  27.2  23.2  79.0  28.4   -9.0   -9.0   -9.0   -9.0   -9.0   -9.0   -9.0 10  0 19                       0   0   -9 -         -9  -9  -9   935  1.0  1.51 -9  31.9  25.4  25.4  24.9  25.2  -9 -9.0 -9  3  1
202407131000 108  11  1.4  -9 -9.0   -9  995.5 1005.1 -9  -9.0  28.3  23.4  75.0  28.8   -9.0   -9.0   -9.0   -9.0   -9.0   -9.0   -9.0 10  0 19                       2   2    7 Sc         0   0   5   862  0.8  1.93 -9  33.6  26.0  25.8  25.0  25.1  -9 -9.0 -9  3  1
202407131100 108   7  1.4  -9 -9.0   -9  995.6 1005.1 -9  -9.0  29.5  23.4  70.0  28.8   -9.0   -9.0   -9.0   -9.0   -9.0   -9.0   -9.0 10  0 19                       2   2    7 Sc         0   0   5   969  0.8  2.41 -9  36.7  26.8  26.3  25.1  25.1  -9 -9.0 -9  3  1
202407131200 108   7  1.8  -9 -9.0   -9  995.1 1004.6  8  -0.2  30.6  23.2  65.0  28.4   -9.0   -9.0   -9.0   -9.0   -9.0   -9.0   -9.0 -9 -9 19                       4   4   10 Sc         0   0   5  1172  0.4  2.00 -9  36.6  27.4  26.8  25.3  25.1  -9 -9.0 -9  3  2
202407131300 108  16  3.4  -9 -9.0   -9  995.1 1004.6 -9  -9.0  31.8  23.0  60.0  28.1   -9.0   -9.0   -9.0   -9.0   -9.0   -9.0   -9.0 -9 -9 -                        3   3   10 Sc         0   0   5  1187  0.9  3.10 -9  40.9  28.1  27.4  25.6  25.1  -9 -9.0 -9  3  2
202407131400 108  11  2.3  -9 -9.0   -9  994.7 1004.1 -9  -9.0  32.5  22.2  55.0  26.8   -9.0   -9.0   -9.0   -9.0   -9.0   -9.0   -9.0 -9 -9 -                        2   2   10 Sc         0   0   5  1202  1.0  3.18 -9  43.0  28.9  28.1  25.9  25.2  -9 -9.0 -9  3  2
202407131500 108  11  2.8  -9 -9.0   -9  994.4 1003.8  7  -0.8  32.6  19.1  45.0  22.1   -9.0   -9.0   -9.0   -9.0   -9.0   -9.0   -9.0 -9 -9 -                        1   1   10 Sc         0   0   5  1005  0.7  2.47 -9  41.7  29.4  28.7  26.3  25.4  -9 -9.0 -9  3  2
202407131600 108  16  3.9  -9 -9.0   -9  994.2 1003.6 -9  -9.0  32.9  19.0  44.0  22.0   -9.0   -9.0   -9.0   -9.0   -9.0   -9.0   -9.0 -9 -9 -                        1   1   10 Sc         0   0   5  1132  1.0  2.48 -9  39.3  29.7  29.0  26.7  25.6  -9 -9.0 -9  3  2
202407131700 108  16  3.3  -9 -9.0   -9  994.7 1004.1 -9  -9.0  32.5  18.6  44.0  21.4   -9.0   -9.0   -9.0   -9.0   -9.0   -9.0   -9.0 -9 -9 -                        3   2   10 ScCi       1   0   5  1251  1.0  1.91 -9  35.9  29.8  29.3  27.0  25.8  -9 -9.0 -9  3  2
202407131800 108  16  1.7  -9 -9.0   -9  994.7 1004.2  3   0.4  32.2  19.7  48.0  22.9   -9.0   -9.0   -9.0   -9.0   -9.0   -9.0   -9.0 -9 -9 -                        1   1   10 Sc         0   0   5  1295  0.9  1.04 -9  32.5  29.6  29.3  27.2  25.9  -9 -9.0 -9  3  2
202407131900 108  25  2.9  -9 -9.0   -9  995.5 1005.0 -9  -9.0  30.2  23.3  67.0  28.6   -9.0   -9.0   -9.0   -9.0   -9.0   -9.0   -9.0 -9 -9 40                       3   1   -9 -         -9  -9  -9   672  0.2  0.30 -9  29.4  29.3  29.2  27.4  26.2  -9 -9.0 -9  3  2
202407132000 108  27  2.3  -9 -9.0   -9  995.9 1005.4 -9  -9.0  28.8  22.5  69.0  27.2   -9.0   -9.0   -9.0   -9.0   -9.0   -9.0   -9.0 -9 -9 40                       6   1   -9 -         -9  -9  -9   657  0.0  0.06 -9  27.3  28.9  29.0  27.5  26.3  -9 -9.0 -9  3  2
202407132100 108  25  3.3  -9 -9.0   -9  996.8 1006.4  2   2.2  27.8  21.8  70.0  26.1   -9.0   -9.0   -9.0   -9.0   -9.0   -9.0   -9.0  5  0 40                       2   2   10 Sc         0   0   5   776 -9.0 -9.00 -9  26.1  28.5  28.7  27.5  26.4  -9 -9.0 -9  3  1
202407132200 108  27  3.3  -9 -9.0   -9  998.2 1007.8 -9  -9.0  27.0  21.2  71.0  25.2   -9.0   -9.0   -9.0   -9.0   -9.0   -9.0   -9.0 -9 -9 40                       7   1   -9 -         -9  -9  -9  1075 -9.0 -9.00 -9  25.5  28.1  28.3  27.4  26.5  -9 -9.0 -9  3  2
202407132300 108  25  2.3  -9 -9.0   -9  998.4 1008.1 -9  -9.0  26.8  21.5  73.0  25.6    0.0    0.0    0.0   -9.0   -9.0   -9.0   -9.0 80 82 04                       7   7    5 CuSc       0   0   8  1002 -9.0 -9.00 -9  25.4  27.7  28.0  27.2  26.6  -9 -9.0 -9  4  1
202407140000 108  32  0.8  -9 -9.0   -9  998.1 1007.8  0   1.4  26.7  21.6  74.0  25.8    0.0    0.0    0.0   -9.0   -9.0   -9.0   -9.0 60 86 190401                   9   9    7 Sc         0   0   5   807 -9.0 -9.00 -9  25.3  27.4  27.7  27.1  26.6  -9 -9.0 -9  4  1
202407140100 108  36  1.5  -9 -9.0   -9  997.8 1007.5 -9  -9.0  26.7  22.5  78.0  27.2    0.0    0.0    0.0   -9.0   -9.0   -9.0   -9.0 21 62 1901                     3   3   10 Sc         0   0   5   598 -9.0 -9.00 -9  25.1  27.2  27.5  26.9  26.5  -9 -9.0 -9  4  1
202407140200 108   2  1.6  -9 -9.0   -9  997.8 1007.5 -9  -9.0  26.4  22.6  80.0  27.4   -9.0    0.0    0.0   -9.0   -9.0   -9.0   -9.0 -9 -9 19                       3   1   -9 -         -9  -9  -9   558 -9.0 -9.00 -9  24.4  27.0  27.3  26.8  26.5  -9 -9.0 -9  3  2
202407140300 108   5  2.7  -9 -9.0   -9  997.9 1007.6  5  -0.2  26.1  21.3  75.0  25.3   -9.0    0.0    0.0   -9.0   -9.0   -9.0   -9.0 -9 86 19                       6   6    7 Sc         0   0   5  1059 -9.0 -9.00 -9  24.5  26.8  27.1  26.6  26.4  -9 -9.0 -9  3  1
202407140400 108   5  2.2  -9 -9.0   -9  997.9 1007.6 -9  -9.0  25.8  21.0  75.0  24.9   -9.0    0.0    0.0   -9.0   -9.0   -9.0   -9.0 -9 -9 -                        8   8    7 Sc         0   0   5  1164 -9.0 -9.00 -9  24.1  26.6  27.0  26.5  26.4  -9 -9.0 -9  3  2
202407140500 108   5  2.2  -9 -9.0   -9  998.5 1008.2 -9  -9.0  25.6  21.0  76.0  24.9   -9.0    0.0    0.0   -9.0   -9.0   -9.0   -9.0 -9 -9 -                        9   5    8 ScCi       2   0   5  1327 -9.0 -9.00 -9  23.9  26.4  26.8  26.4  26.3  -9 -9.0 -9  3  2
202407140600 108   5  2.5  -9 -9.0   -9  998.5 1008.2  1   0.6  25.0  20.6  77.0  24.3   -9.0    0.0    0.0   -9.0   -9.0   -9.0   -9.0 -9 -9 -                        8   0   -9 Ci         2   0   0  1213  0.0  0.03 -9  23.6  26.3  26.6  26.2  26.2  -9 -9.0 -9  3  2
202407140700 108   7  2.5  -9 -9.0   -9  999.2 1009.0 -9  -9.0  24.9  19.9  74.0  23.2   -9.0    0.0    0.0   -9.0   -9.0   -9.0   -9.0 -9 -9 -                        8   0   -9 Ci         2   0   0  1277  0.0  0.21 -9  24.1  26.1  26.5  26.1  26.1  -9 -9.0 -9  3  2
202407140800 108   7  2.9  -9 -9.0   -9  999.2 1008.9 -9  -9.0  25.7  19.8  70.0  23.1   -9.0    0.0    0.0   -9.0   -9.0   -9.0   -9.0 -9 -9 -                        4   0   -9 Ci         1   0   0  1368  0.5  0.76 -9  26.4  26.1  26.4  26.0  26.1  -9 -9.0 -9  3  2
202407140900 108   5  3.2  -9 -9.0   -9  999.8 1009.5  2   1.3  26.8  19.9  66.0  23.2   -9.0    0.0    0.0   -9.0   -9.0   -9.0   -9.0 -9 -9 -                        5   5   10 Sc         0   0   5  1572  0.8  1.47 -9  29.9  26.3  26.4  25.9  26.0  -9 -9.0 -9  3  2
202407141000 108   5  3.3  -9 -9.0   -9  999.4 1009.0 -9  -9.0  28.5  21.0  64.0  24.9   -9.0    0.0    0.0   -9.0   -9.0   -9.0   -9.0 -9 -9 -                        1   1   10 Sc         0   0   5  1601  0.9  2.21 -9  37.5  26.6  26.6  25.9  25.9  -9 -9.0 -9  3  2
202407141100 108   9  2.2  -9 -9.0   -9  999.4 1008.9 -9  -9.0  29.5  21.7  63.0  26.0   -9.0    0.0    0.0   -9.0   -9.0   -9.0   -9.0 -9 -9 -                        1   1   10 Sc         0   0   5  1648  0.9  2.65 -9  41.5  27.2  27.0  25.9  25.9  -9 -9.0 -9  3  2
202407141200 108   5  2.9  -9 -9.0   -9  999.1 1008.7  7  -0.8  30.6  21.6  59.0  25.8   -9.0    0.0    0.0   -9.0   -9.0   -9.0   -9.0 -9 -9 -                        3   3   10 Sc         0   0   5  1966  0.9  3.19 -9  41.9  28.0  27.5  26.1  25.8  -9 -9.0 -9  3  2
202407141300 108   7  2.6  -9 -9.0   -9  998.7 1008.2 -9  -9.0  30.9  21.6  58.0  25.8   -9.0    0.0    0.0   -9.0   -9.0   -9.0   -9.0 -9 -9 -                        6   6   10 Sc         0   0   5  1944  0.5  2.35 -9  42.1  28.6  28.1  26.4  25.9  -9 -9.0 -9  3  2
202407141400 108   9  2.4  -9 -9.0   -9  998.5 1008.0 -9  -9.0  31.6  21.7  56.0  26.0   -9.0    0.0    0.0   -9.0   -9.0   -9.0   -9.0 -9 -9 -                        7   7   10 Sc         0   0   5  1838  0.6  2.70 -9  42.6  29.0  28.5  26.6  26.0  -9 -9.0 -9  3  2
202407141500 108   9  2.0  -9 -9.0   -9  998.5 1008.0  6  -0.7  31.3  21.7  57.0  26.0   -9.0    0.0    0.0   -9.0   -9.0   -9.0   -9.0 -9 -9 -                        8   8   10 CuSc       0   0   8  1698  0.3  1.60 -9  38.4  29.4  29.0  26.9  26.1  -9 -9.0 -9  3  2
202407141600 108   9  2.6  -9 -9.0   -9  998.4 1007.9 -9  -9.0  31.4  21.5  56.0  25.6   -9.0    0.0    0.0   -9.0   -9.0   -9.0   -9.0 -9 -9 -                        6   6   10 Sc         0   0   5  2009  0.4  1.69 -9  37.9  29.5  29.2  27.2  26.2  -9 -9.0 -9  3  2
202407141700 108   9  2.4  -9 -9.0   -9  998.3 1007.8 -9  -9.0  32.1  21.9  55.0  26.3   -9.0    0.0    0.0   -9.0   -9.0   -9.0   -9.0 -9 -9 -                        5   5   10 Sc         0   0   5  2603  0.9  1.96 -9  38.6  29.5  29.3  27.5  26.4  -9 -9.0 -9  3  2
202407141800 108  11  3.0  -9 -9.0   -9  998.6 1008.1  3   0.1  31.5  21.6  56.0  25.8   -9.0    0.0    0.0   -9.0   -9.0   -9.0   -9.0 -9 -9 -                        5   5    8 CuSc       0   0   8  2684  0.7  1.15 -9  33.5  29.6  29.5  27.7  26.6  -9 -9.0 -9  3  2
202407141900 108  14  2.6  -9 -9.0   -9  999.0 1008.6 -9  -9.0  30.5  21.0  57.0  24.9   -9.0    0.0    0.0   -9.0   -9.0   -9.0   -9.0 -9 -9 -                        3   1   -9 -         -9  -9  -9  2827  0.2  0.32 -9  30.3  29.4  29.4  27.8  26.7  -9 -9.0 -9  3 -9
202407142000 108  11  2.8  -9 -9.0   -9  999.5 1009.1 -9  -9.0  29.1  22.0  66.0  26.4    0.4    0.4    0.4   -9.0   -9.0   -9.0   -9.0 25 82 04                       7   7    8 CuSc       0   0   8  2562  0.0  0.05 -9  27.8  29.1  29.3  27.9  26.8  -9 -9.0 -9  4  1
202407142100 108   9  2.6  -9 -9.0   -9 1000.1 1009.7  2   1.6  28.5  21.5  66.0  25.6   -9.0    0.4    0.4   -9.0   -9.0   -9.0   -9.0 -9 80 -                        0   0   -9 -         -9  -9  -9  3094 -9.0 -9.00 -9  26.1  28.6  29.0  27.9  26.9  -9 -9.0 -9  3  1
202407142200 108   7  1.5  -9 -9.0   -9 1000.8 1010.4 -9  -9.0  28.0  21.5  68.0  25.6   -9.0    0.4    0.4   -9.0   -9.0   -9.0   -9.0 -9 -9 -                        3   1   -9 -         -9  -9  -9  2944 -9.0 -9.00 -9  25.4  28.2  28.6  27.8  27.0  -9 -9.0 -9  3 -9
202407142300 108   9  2.2  -9 -9.0   -9 1001.1 1010.8 -9  -9.0  27.4  21.6  71.0  25.8   -9.0    0.4    0.4   -9.0   -9.0   -9.0   -9.0 -9 -9 -                        3   1   -9 -         -9  -9  -9  3064 -9.0 -9.00 -9  24.8  27.8  28.3  27.6  27.0  -9 -9.0 -9  3 -9
202407150000 108   9  2.1  -9 -9.0   -9 1001.0 1010.7  0   1.0  27.1  21.3  71.0  25.3   -9.0    0.4    0.4   -9.0   -9.0   -9.0   -9.0 -9 -9 -                        3   3   10 Sc         0   0   5  3407 -9.0 -9.00 -9  24.9  27.5  28.0  27.4  27.0  -9 -9.0 -9  3  2
202407150100 108   5  3.0  -9 -9.0   -9 1001.1 1010.8 -9  -9.0  26.3  21.0  73.0  24.9   -9.0   -9.0   -9.0   -9.0   -9.0   -9.0   -9.0 -9 -9 -                        3   1   -9 -         -9  -9  -9  3711 -9.0 -9.00 -9  24.0  27.3  27.8  27.3  26.9  -9 -9.0 -9  3 -9
202407150200 108   5  2.9  -9 -9.0   -9 1001.4 1011.1 -9  -9.0  25.6  20.3  73.0  23.8   -9.0   -9.0   -9.0   -9.0   -9.0   -9.0   -9.0 -9 -9 -                        3   1   -9 -         -9  -9  -9  4338 -9.0 -9.00 -9  23.4  27.0  27.5  27.1  26.9  -9 -9.0 -9  3 -9
202407150300 108   5  3.6  -9 -9.0   -9 1001.4 1011.2  2   0.5  25.2  19.7  72.0  22.9   -9.0   -9.0   -9.0   -9.0   -9.0   -9.0   -9.0 -9 -9 -                        4   4   10 Sc         0   0   5  4380 -9.0 -9.00 -9  23.0  26.7  27.3  26.9  26.8  -9 -9.0 -9  3  2
202407150400 108   7  2.9  -9 -9.0   -9 1001.3 1011.1 -9  -9.0  25.0  19.5  72.0  22.7   -9.0   -9.0   -9.0   -9.0   -9.0   -9.0   -9.0 -9 -9 -                        0   0   -9 -         -9  -9  -9  4363 -9.0 -9.00 -9  22.6  26.5  27.0  26.8  26.7  -9 -9.0 -9  3  2
202407150500 108   7  2.3  -9 -9.0   -9 1001.3 1011.0 -9  -9.0  24.7  19.3  72.0  22.4   -9.0   -9.0   -9.0   -9.0   -9.0   -9.0   -9.0 -9 -9 -                        0   0   -9 -         -9  -9  -9  4266 -9.0 -9.00 -9  22.3  26.2  26.8  26.6  26.6  -9 -9.0 -9  3  2
202407150600 108   7  2.6  -9 -9.0   -9 1001.7 1011.4  3   0.2  24.6  19.4  73.0  22.5   -9.0   -9.0   -9.0   -9.0   -9.0   -9.0   -9.0 -9 -9 -                        1   0   -9 Ci         1   0   0  4115  0.0  0.03 -9  22.4  26.0  26.6  26.4  26.5  -9 -9.0 -9  3  2
202407150700 108   7  2.4  -9 -9.0   -9 1001.8 1011.6 -9  -9.0  25.1  19.4  71.0  22.5   -9.0   -9.0   -9.0   -9.0   -9.0   -9.0   -9.0 -9 -9 -                        0   0   -9 -         -9  -9  -9  3698  0.9  0.41 -9  23.5  25.8  26.4  26.2  26.4  -9 -9.0 -9  3  2
202407150800 108   7  3.3  -9 -9.0   -9 1002.1 1011.8 -9  -9.0  26.5  19.8  67.0  23.1   -9.0   -9.0   -9.0   -9.0   -9.0   -9.0   -9.0 -9 -9 -                        0   0   -9 -         -9  -9  -9  3548  1.0  1.15 -9  28.7  25.9  26.3  26.1  26.3  -9 -9.0 -9  3  2
202407150900 108   7  2.7  -9 -9.0   -9 1001.9 1011.5  0   0.1  28.2  20.4  63.0  24.0   -9.0   -9.0   -9.0   -9.0   -9.0   -9.0   -9.0 -9 -9 -                        0   0   -9 -         -9  -9  -9  3200  1.0  1.85 -9  34.8  26.2  26.4  26.0  26.2  -9 -9.0 -9  3  2
202407151000 108   7  2.6  -9 -9.0   -9 1002.0 1011.6 -9  -9.0  29.0  20.4  60.0  24.0   -9.0   -9.0   -9.0   -9.0   -9.0   -9.0   -9.0 -9 -9 -                        1   1   10 Sc         0   0   5  3222  1.0  2.47 -9  40.6  26.7  26.7  26.0  26.1  -9 -9.0 -9  3  2
202407151100 108   9  2.8  -9 -9.0   -9 1001.9 1011.5 -9  -9.0  29.9  21.0  59.0  24.9   -9.0   -9.0   -9.0   -9.0   -9.0   -9.0   -9.0 -9 -9 -                        4   4   10 Sc         0   0   5  3585  0.9  2.76 -9  42.5  27.4  27.1  26.1  26.0  -9 -9.0 -9  3  2
202407151200 108   7  1.9  -9 -9.0   -9 1001.7 1011.3  8  -0.2  30.3  21.6  60.0  25.8   -9.0   -9.0   -9.0   -9.0   -9.0   -9.0   -9.0 -9 -9 -                        7   7   10 Sc         0   0   5  3660  0.5  2.19 -9  39.5  28.0  27.6  26.2  26.0  -9 -9.0 -9  3  2
202407151300 108  16  2.5  -9 -9.0   -9 1001.5 1011.1 -9  -9.0  30.5  21.2  58.0  25.2   -9.0   -9.0   -9.0   -9.0   -9.0   -9.0   -9.0 -9 -9 -                        8   8   10 Sc         0   0   5  3289  0.4  2.06 -9  36.9  28.6  28.1  26.5  26.1  -9 -9.0 -9  3  2
202407151400 108  14  1.7  -9 -9.0   -9 1001.2 1010.8 -9  -9.0  30.7  21.7  59.0  26.0   -9.0   -9.0   -9.0   -9.0   -9.0   -9.0   -9.0 -9 -9 -                        8   8   10 Sc         0   0   5  3444  0.0  1.04 -9  37.2  28.7  28.4  26.8  26.1  -9 -9.0 -9  3  2
202407151500 108  11  1.6  -9 -9.0   -9 1000.5 1010.1  7  -1.2  30.9  21.3  57.0  25.3   -9.0   -9.0   -9.0   -9.0   -9.0   -9.0   -9.0 -9 -9 -                        8   8    8 CuSc       0   0   8  3780  0.1  1.19 -9  35.4  28.9  28.6  27.0  26.3  -9 -9.0 -9  3  2
202407151600 108  14  2.5  -9 -9.0   -9 1000.1 1009.7 -9  -9.0  30.8  21.5  58.0  25.6   -9.0   -9.0   -9.0   -9.0   -9.0   -9.0   -9.0 -9 -9 -                        8   8   10 Sc         0   0   5  3500  0.2  1.06 -9  33.5  28.9  28.8  27.2  26.4  -9 -9.0 -9  3  2
202407151700 108  11  2.4  -9 -9.0   -9  999.7 1009.3 -9  -9.0  30.9  21.6  58.0  25.8   -9.0   -9.0   -9.0   -9.0   -9.0   -9.0   -9.0 -9 -9 -                        6   6    8 CuSc       0   0   8  3732  0.2  0.95 -9  33.0  29.0  28.9  27.3  26.5  -9 -9.0 -9  3  2
202407151800 108  14  2.7  -9 -9.0   -9  999.5 1009.1  7  -1.0  30.7  21.4  58.0  25.5   -9.0   -9.0   -9.0   -9.0   -9.0   -9.0   -9.0 -9 -9 -                        6   6    8 CuSc       0   0   8  3850  0.1  0.67 -9  31.6  28.9  28.9  27.4  26.6  -9 -9.0 -9  3  2
202407151900 108  11  2.3  -9 -9.0   -9  999.7 1009.3 -9  -9.0  30.4  21.4  59.0  25.5   -9.0   -9.0   -9.0   -9.0   -9.0   -9.0   -9.0 -9 -9 -                        5   1   -9 -         -9  -9  -9  3412  0.0  0.26 -9  30.0  28.8  28.9  27.5  26.7  -9 -9.0 -9  3 -9
202407152000 108  14  2.5  -9 -9.0   -9 1000.1 1009.7 -9  -9.0  29.8  21.4  61.0  25.5   -9.0   -9.0   -9.0   -9.0   -9.0   -9.0   -9.0 -9 -9 -                        5   1   -9 -         -9  -9  -9  3468  0.0  0.04 -9  28.0  28.5  28.7  27.5  26.8  -9 -9.0 -9  3 -9
202407152100 108  11  2.5  -9 -9.0   -9 1000.8 1010.4  2   1.3  29.4  21.8  64.0  26.1   -9.0   -9.0   -9.0   -9.0   -9.0   -9.0   -9.0 -9 -9 -                        9   9    8 Sc         0   0   5  3624 -9.0 -9.00 -9  27.4  28.3  28.5  27.5  26.9  -9 -9.0 -9  3  2
202407152200 108  11  2.3  -9 -9.0   -9 1001.1 1010.7 -9  -9.0  29.1  21.8  65.0  26.1   -9.0   -9.0   -9.0   -9.0   -9.0   -9.0   -9.0 -9 -9 -                        8   1   -9 -         -9  -9  -9  3849 -9.0 -9.00 -9  27.1  28.0  28.3  27.5  26.9  -9 -9.0 -9  3 -9
202407152300 108  11  2.2  -9 -9.0   -9 1001.2 1010.8 -9  -9.0  28.8  22.0  67.0  26.4   -9.0   -9.0   -9.0   -9.0   -9.0   -9.0   -9.0 -9 -9 -                        6   1   -9 -         -9  -9  -9  3726 -9.0 -9.00 -9  26.8  27.8  28.2  27.4  26.9  -9 -9.0 -9  3 -9
202407160000 108  14  3.0  -9 -9.0   -9 1001.2 1010.8  1   0.4  28.2  22.2  70.0  26.8    0.0    0.0    0.0   -9.0   -9.0   -9.0   -9.0 25 82 04                       6   6    8 CuSc       0   0   8  3759 -9.0 -9.00 -9  26.0  27.6  28.0  27.3  26.9  -9 -9.0 -9  4  1
202407160100 108  11  1.9  -9 -9.0   -9 1000.9 1010.5 -9  -9.0  27.9  21.9  70.0  26.3   -9.0   -9.0   -9.0   -9.0   -9.0   -9.0   -9.0 -9 -9 -                        6   6   -9 -         -9  -9  -9  3747 -9.0 -9.00 -9  25.8  27.5  27.8  27.2  26.8  -9 -9.0 -9  3  2
202407160200 108   9  2.0  -9 -9.0   -9 1000.7 1010.3 -9  -9.0  27.6  22.0  72.0  26.4   -9.0   -9.0   -9.0   -9.0   -9.0   -9.0   -9.0 -9 -9 -                        3   1   -9 -         -9  -9  -9  3467 -9.0 -9.00 -9  25.8  27.3  27.7  27.0  26.8  -9 -9.0 -9  3 -9
202407160300 108  11  2.0  -9 -9.0   -9 1000.2 1009.9  7  -0.9  27.2  21.9  73.0  26.3   -9.0   -9.0   -9.0   -9.0   -9.0   -9.0   -9.0 -9 81 -                        4   4   10 Sc         0   0   5  3476 -9.0 -9.00 -9  25.4  27.1  27.5  26.9  26.8  -9 -9.0 -9  3  1
202407160400 108   5  2.2  -9 -9.0   -9 1000.2 1009.9 -9  -9.0  26.6  21.7  75.0  26.0   -9.0   -9.0   -9.0   -9.0   -9.0   -9.0   -9.0 -9 -9 -                        2   2   10 Sc         0   0   5  3945 -9.0 -9.00 -9  24.8  27.0  27.4  26.8  26.7  -9 -9.0 -9  3  2
202407160500 108   5  2.2  -9 -9.0   -9 1000.6 1010.3 -9  -9.0  25.9  21.5  77.0  25.6   -9.0   -9.0   -9.0   -9.0   -9.0   -9.0   -9.0 -9 -9 -                        4   4   10 Sc         0   0   5  3909 -9.0 -9.00 -9  24.3  26.8  27.2  26.7  26.6  -9 -9.0 -9  3  2
202407160600 108   5  2.4  -9 -9.0   -9 1000.8 1010.5  2   0.6  25.8  21.6  78.0  25.8   -9.0   -9.0   -9.0   -9.0   -9.0   -9.0   -9.0 -9 -9 -                        3   3   10 Sc         0   0   5  3849  0.0  0.01 -9  24.6  26.6  27.0  26.6  26.5  -9 -9.0 -9  3  2
202407160700 108   5  2.7  -9 -9.0   -9 1001.0 1010.7 -9  -9.0  26.0  21.6  77.0  25.8   -9.0   -9.0   -9.0   -9.0   -9.0   -9.0   -9.0 -9 -9 -                        4   4   10 Sc         0   0   5  3809  0.7  0.39 -9  25.4  26.5  26.9  26.4  26.4  -9 -9.0 -9  3  2
202407160800 108  11  3.2  -9 -9.0   -9 1001.1 1010.8 -9  -9.0  27.5  22.2  73.0  26.8   -9.0   -9.0   -9.0   -9.0   -9.0   -9.0   -9.0 -9 -9 -                        4   1   10 ScCi       1   0   5  3527  0.9  1.08 -9  30.3  26.6  26.8  26.3  26.4  -9 -9.0 -9  3  2
202407160900 108  14  2.3  -9 -9.0   -9 1000.7 1010.3  8  -0.2  28.7  22.2  68.0  26.8   -9.0   -9.0   -9.0   -9.0   -9.0   -9.0   -9.0 -9 -9 -                        6   1   10 ScAcCi     1   3   5  3630  0.9  1.62 -9  34.3  26.8  27.0  26.3  26.3  -9 -9.0 -9  3  2
202407161000 108  14  2.1  -9 -9.0   -9 1000.5 1010.1 -9  -9.0  30.0  22.6  65.0  27.4   -9.0   -9.0   -9.0   -9.0   -9.0   -9.0   -9.0 -9 -9 -                        6   4   11 ScCi       1   0   5  3152  1.0  2.40 -9  42.1  27.3  27.3  26.4  26.3  -9 -9.0 -9  3  2
202407161100 108  11  4.0  -9 -9.0   -9 1000.1 1009.7 -9  -9.0  29.5  22.2  65.0  26.8   -9.0   -9.0   -9.0   -9.0   -9.0   -9.0   -9.0 -9 -9 -                        8   8   10 Sc         0   0   5  2735  0.2  1.40 -9  35.3  27.9  27.7  26.5  26.3  -9 -9.0 -9  3  2
202407161200 108   7  2.6  -9 -9.0   -9  999.8 1009.4  7  -0.9  30.3  22.4  63.0  27.1   -9.0   -9.0   -9.0   -9.0   -9.0   -9.0   -9.0 -9 -9 -                        9   8   10 ScCi       1   0   5  2931  0.3  2.07 -9  38.5  28.2  28.0  26.7  26.3  -9 -9.0 -9  3  2
202407161300 108  14  1.6  -9 -9.0   -9  999.5 1009.1 -9  -9.0  30.1  22.5  64.0  27.2   -9.0   -9.0   -9.0   -9.0   -9.0   -9.0   -9.0 -9 -9 -                       10   8   10 ScAs      -9   2   5  3130  0.2  1.54 -9  35.2  28.6  28.3  26.8  26.4  -9 -9.0 -9  3  2
202407161400 108  18  4.2  -9 -9.0   -9  999.5 1009.1 -9  -9.0  28.9  22.6  69.0  27.4    0.0    0.0    0.0   -9.0   -9.0   -9.0   -9.0 60 62 01                      10   8   10 ScAs      -9   2   5  2868  0.0  0.39 -9  29.3  28.6  28.5  27.0  26.4  -9 -9.0 -9  4  1
202407161500 108  16  3.2  -9 -9.0   -9  999.4 1009.0  7  -0.4  28.3  22.5  71.0  27.2    0.0    0.0    0.0   -9.0   -9.0   -9.0   -9.0 60 66 01                      10   8    9 ScAs      -9   2   5  2637  0.0  0.58 -9  30.7  28.4  28.5  27.2  26.5  -9 -9.0 -9  4  1
202407161600 108  14  1.7  -9 -9.0   -9  999.7 1009.4 -9  -9.0  25.9  22.9  84.0  27.9    3.5    3.5    3.5   -9.0   -9.0   -9.0   -9.0 63 66 01                      10   8    7 StNs      -9   2   7  1203  0.0  0.31 -9  27.4  28.1  28.4  27.2  26.6  -9 -9.0 -9  4  1
202407161700 108  11  2.2  -9 -9.0   -9  999.2 1008.9 -9  -9.0  25.6  23.6  89.0  29.1    2.8    6.3    6.3   -9.0   -9.0   -9.0   -9.0 61 66 01                      10   8    6 StNs      -9   2   7  1061  0.0  0.17 -9  26.5  27.8  28.1  27.2  26.6  -9 -9.0 -9  4  1
202407161800 108   9  1.4  -9 -9.0   -9  999.1 1008.8  8  -0.2  25.8  23.8  89.0  29.5    0.4    6.7    6.7   -9.0   -9.0   -9.0   -9.0 61 66 01                      10   8    5 StNs      -9   2   7  1610  0.0  0.26 -9  27.1  27.5  27.9  27.1  26.7  -9 -9.0 -9  4  1
202407161900 108   9  1.4  -9 -9.0   -9  999.0 1008.7 -9  -9.0  25.5  23.1  87.0  28.3    0.0    6.7    6.7   -9.0   -9.0   -9.0   -9.0 21 62 01                      10   8    5 StAs      -9   2   6  2564  0.0  0.09 -9  26.1  27.4  27.7  27.0  26.7  -9 -9.0 -9  4  1
202407162000 108  34  0.9  -9 -9.0   -9  999.2 1008.9 -9  -9.0  25.1  23.5  91.0  28.9    7.2   13.9   13.9   -9.0   -9.0   -9.0   -9.0 63 62 01                      10   8    5 StNs      -9   2   7   939  0.0  0.01 -9  25.3  27.0  27.5  26.9  26.6  -9 -9.0 -9  4  1
202407162100 108  20  2.7  -9 -9.0   -9  999.4 1009.1  3   0.3  25.4  23.9  92.0  29.7    0.5   14.4   14.4   -9.0   -9.0   -9.0   -9.0 61 66 01                      10   8    9 StNs      -9   2   7   518 -9.0 -9.00 -9  25.1  26.8  27.2  26.8  26.6  -9 -9.0 -9  1  1
202407162200 108  20  2.4  -9 -9.0   -9 1000.3 1010.0 -9  -9.0  25.4  23.8  91.0  29.5    0.2   14.6   14.6   -9.0   -9.0   -9.0   -9.0 60 66 01                      10   7    8 ScAs      -9   2   5  1153 -9.0 -9.00 -9  25.2  26.7  27.1  26.7  26.6  -9 -9.0 -9  4  1
202407162300 108  20  1.6  -9 -9.0   -9 1000.1 1009.8 -9  -9.0  24.7  23.3  92.0  28.6    1.9   16.5   16.5   -9.0   -9.0   -9.0   -9.0 61 66 01                      10   8    5 StNs      -9   2   7  1253 -9.0 -9.00 -9  24.7  26.5  27.0  26.6  26.5  -9 -9.0 -9  4  1
202407170000 108  14  2.0  -9 -9.0   -9  999.7 1009.4  0   0.3  24.6  23.3  93.0  28.6    0.5   17.0   17.0   -9.0   -9.0   -9.0   -9.0 61 66 01                      10   8    5 StNs      -9   2   7  1473 -9.0 -9.00 -9  24.7  26.4  26.8  26.4  26.5  -9 -9.0 -9  4  1
202407170100 108  11  1.2  -9 -9.0   -9  999.7 1009.4 -9  -9.0  24.4  22.6  90.0  27.4    0.3    0.3    0.3   -9.0   -9.0   -9.0   -9.0 61 66 01                      10   8    6 StNs      -9   2   7  2429 -9.0 -9.00 -9  24.5  26.3  26.7  26.3  26.4  -9 -9.0 -9  4  1
202407170200 108  11  1.0  -9 -9.0   -9  999.1 1008.8 -9  -9.0  24.4  23.1  93.0  28.3    1.6    1.9    1.9   -9.0   -9.0   -9.0   -9.0 61 66 01                      10   8    5 StNs      -9   2   7   604 -9.0 -9.00 -9  24.3  26.2  26.6  26.2  26.3  -9 -9.0 -9  4  1
202407170300 108  11  1.7  -9 -9.0   -9  998.5 1008.2  7  -1.2  24.2  23.1  94.0  28.3    3.4    5.3    5.3   -9.0   -9.0   -9.0   -9.0 63 66 01                      10   8    4 StNs      -9   2   7   572 -9.0 -9.00 -9  24.2  26.0  26.5  26.1  26.3  -9 -9.0 -9  4  1
202407170400 108  11  2.0  -9 -9.0   -9  997.7 1007.4 -9  -9.0  24.1  22.8  93.0  27.7    1.1    6.4    6.4   -9.0   -9.0   -9.0   -9.0 61 66 01                      10   8    4 StNs      -9   2   7  1439 -9.0 -9.00 -9  24.3  25.8  26.3  26.0  26.2  -9 -9.0 -9  4  1
202407170500 108  11  1.8  -9 -9.0   -9  997.7 1007.4 -9  -9.0  24.3  23.0  93.0  28.1    0.2    6.6    6.6   -9.0   -9.0   -9.0   -9.0 60 66 01                      10   8    7 ScAs      -9   2   5  2291 -9.0 -9.00 -9  24.4  25.7  26.2  25.9  26.2  -9 -9.0 -9  4  1
202407170600 108  14  1.2  -9 -9.0   -9  997.5 1007.2  7  -1.0  24.7  23.4  93.0  28.8    0.0    6.6    6.6   -9.0   -9.0   -9.0   -9.0 21 62 01                      10   8    7 ScAs      -9   2   5  1665  0.0  0.00 -9  24.6  25.7  26.1  25.9  26.1  -9 -9.0 -9  4  1
202407170700 108  16  2.9  -9 -9.0   -9  997.7 1007.4 -9  -9.0  25.0  23.9  94.0  29.7    0.0    6.6    6.6   -9.0   -9.0   -9.0   -9.0 60 62 01                      10   8    7 ScAs      -9   2   5  1406  0.0  0.02 -9  24.7  25.7  26.1  25.8  26.0  -9 -9.0 -9  4  1
202407170800 108  27  3.5  -9 -9.0   -9  998.4 1008.1 -9  -9.0  25.2  24.5  96.0  30.7    6.5   13.1   13.1   -9.0   -9.0   -9.0   -9.0 63 66 01                      10   9    4 StNs      -9   2   7   598  0.0  0.03 -9  24.8  25.6  26.0  25.7  26.0  -9 -9.0 -9  4  1
202407170900 108  25  2.4  -9 -9.0   -9  998.8 1008.5  2   1.3  25.2  24.6  97.0  30.9   32.2   45.3   45.3   -9.0   -9.0   -9.0   -9.0 97 96 01                      10   9    4 CbStNs    -9   2   9    80  0.0  0.07 -9  24.5  25.0  25.6  25.2  25.9  -9 -9.0 -9  1  1
202407171000 108   9  1.5  -9 -9.0   -9  998.6 1008.3 -9  -9.0  24.4  23.5  95.0  28.9   39.0   84.3   84.3   -9.0   -9.0   -9.0   -9.0 97 96 01                      10   9    4 CbStNs    -9   2   9  1040  0.0  0.03 -9  24.1  24.6  25.0  24.6  25.4  -9 -9.0 -9  4  1
202407171100 108   5  1.6  -9 -9.0   -9  998.8 1008.5 -9  -9.0  24.4  23.3  94.0  28.6    0.1   84.4   84.4   -9.0   -9.0   -9.0   -9.0 29 96 01                      10   8    7 ScAs      -9   2   5  3062  0.0  0.18 -9  25.1  24.6  25.0  24.7  25.3  -9 -9.0 -9  4  1
202407171200 108  18  1.9  -9 -9.0   -9  999.1 1008.8  3   0.3  25.6  24.1  92.0  30.0    0.0   84.4   84.4   -9.0   -9.0   -9.0   -9.0 21 96 01                      10   8    8 ScAs      -9   2   5  3227  0.0  0.44 -9  26.2  24.7  25.1  24.7  25.3  -9 -9.0 -9  4  1
202407171300 108  20  3.0  -9 -9.0   -9  998.9 1008.6 -9  -9.0  26.7  24.3  87.0  30.4    0.0   84.4   84.4   -9.0   -9.0   -9.0   -9.0 60 62 01                      10   8    8 ScAs      -9   2   5  2986  0.0  0.49 -9  28.4  24.9  25.2  24.7  25.2  -9 -9.0 -9  4  1
202407171400 108  18  6.3  18 11.0 1400  997.9 1007.5 -9  -9.0  28.0  23.5  77.0  28.9    0.0   84.4   84.4   -9.0   -9.0   -9.0   -9.0 60 66 01                      10   7    7 ScAs      -9   2   5  3434  0.1  1.59 -9  28.9  25.3  25.4  24.8  25.2  -9 -9.0 -9  4  1
202407171500 108  20  3.1  20 11.0 1404  997.8 1007.4  7  -1.4  27.1  24.3  85.0  30.4    0.0   84.4   84.4   -9.0   -9.0   -9.0   -9.0 60 96 01                      10   7    9 ScAs      -9   2   5  2547  0.0  0.28 -9  27.1  25.6  25.7  24.9  25.2  -9 -9.0 -9  4  1
202407171600 108  20  2.8  -9 -9.0   -9  997.2 1006.9 -9  -9.0  26.7  24.3  87.0  30.4    0.4   84.8   84.8   -9.0   -9.0   -9.0   -9.0 60 66 01                      10   8    8 ScAs      -9   2   5  1796  0.0  0.20 -9  26.2  25.6  25.9  25.0  25.2  -9 -9.0 -9  4  1
202407171700 108  25  4.1  -9 -9.0   -9  997.0 1006.7 -9  -9.0  26.2  24.6  91.0  30.9    1.8   86.6   86.6   -9.0   -9.0   -9.0   -9.0 61 66 01                      10   8    5 StNs      -9   2   7   467  0.0  0.06 -9  25.3  25.6  25.9  25.1  25.2  -9 -9.0 -9  4  1
202407171800 108  29  3.9  -9 -9.0   -9  997.0 1006.7  6  -0.7  25.0  23.0  89.0  28.1    4.0   90.6   90.6   -9.0   -9.0   -9.0   -9.0 63 66 01                      10   8    5 StNs      -9   2   7  3356  0.0  0.02 -9  24.8  25.5  25.9  25.2  25.3  -9 -9.0 -9  4  1
202407171900 108  27  2.3  -9 -9.0   -9  996.6 1006.3 -9  -9.0  24.5  23.1  92.0  28.3    0.0   90.6   90.6   -9.0   -9.0   -9.0   -9.0 60 66 01                      10   8    7 ScAs      -9   2   5  2525  0.0  0.05 -9  24.6  25.4  25.8  25.2  25.3  -9 -9.0 -9  4  1
202407172000 108   2  0.9  -9 -9.0   -9  996.3 1006.0 -9  -9.0  24.9  23.6  93.0  29.1    0.0   90.6   90.6   -9.0   -9.0   -9.0   -9.0 21 62 01                      10   7    7 ScAs      -9   2   5  2505  0.0  0.02 -9  24.8  25.3  25.7  25.2  25.3  -9 -9.0 -9  4  1
202407172100 108  18  3.6  -9 -9.0   -9  996.2 1005.9  7  -0.8  25.9  24.1  90.0  30.0   -9.0   90.6   90.6   -9.0   -9.0   -9.0   -9.0 -9 62 -                        8   8   10 Sc         0   0   5  2502 -9.0 -9.00 -9  24.7  25.2  25.7  25.2  25.3  -9 -9.0 -9  3  1
202407172200 108  20  2.8  -9 -9.0   -9  996.7 1006.4 -9  -9.0  26.2  24.0  88.0  29.8    0.0   90.6   90.6   -9.0   -9.0   -9.0   -9.0 60 62 01                      10   8   10 ScAs      -9   2   5  2701 -9.0 -9.00 -9  24.7  25.2  25.7  25.1  25.3  -9 -9.0 -9  4  1
202407172300 108  18  3.7  -9 -9.0   -9  996.1 1005.8 -9  -9.0  26.1  24.1  89.0  30.0    0.5   91.1   91.1   -9.0   -9.0   -9.0   -9.0 61 66 01                      10   8    6 StNs      -9   2   7  1022 -9.0 -9.00 -9  24.6  25.2  25.6  25.1  25.3  -9 -9.0 -9  4  1
202407180000 108  16  1.5  -9 -9.0   -9  995.5 1005.2  8  -0.7  25.6  24.3  93.0  30.4    7.7   98.8   98.8   -9.0   -9.0   -9.0   -9.0 63 66 01                      10   9    4 StNs      -9   2   7   357 -9.0 -9.00 -9  24.5  25.1  25.6  25.1  25.3  -9 -9.0 -9  4  1
202407180100 108   9  0.9  -9 -9.0   -9  994.6 1004.3 -9  -9.0  25.5  24.2  93.0  30.2    3.0    3.0    3.0   -9.0   -9.0   -9.0   -9.0 63 66 01                      10   8    5 StNs      -9   2   7  1898 -9.0 -9.00 -9  24.6  25.0  25.5  25.1  25.3  -9 -9.0 -9  4  1
202407180200 108  18  3.3  -9 -9.0   -9  993.9 1003.6 -9  -9.0  25.5  24.0  92.0  29.8    0.8    3.8    3.8   -9.0   -9.0   -9.0   -9.0 61 66 01                      10   8    5 StNs      -9   2   7  1199 -9.0 -9.00 -9  24.5  24.9  25.5  25.0  25.3  -9 -9.0 -9  4  1
202407180300 108  16  2.2  -9 -9.0   -9  993.2 1002.9  7  -2.3  25.6  23.8  90.0  29.5    0.1    3.9    3.9   -9.0   -9.0   -9.0   -9.0 61 66 01                      10   8    5 StNs      -9   2   7  2533 -9.0 -9.00 -9  24.5  24.9  25.5  25.0  25.3  -9 -9.0 -9  4  1
202407180400 108  18  6.9  18 13.0  356  993.9 1003.5 -9  -9.0  24.5  23.1  92.0  28.3    9.4   13.3   13.3   -9.0   -9.0   -9.0   -9.0 63 66 01                      10   8    5 StNs      -9   2   7   209 -9.0 -9.00 -9  23.8  24.8  25.4  25.0  25.2  -9 -9.0 -9  4  1
202407180500 108  18  2.2  20 12.0  401  992.9 1002.6 -9  -9.0  23.9  23.0  95.0  28.1    5.8   19.1   19.1   -9.0   -9.0   -9.0   -9.0 63 66 01                      10   9    4 StNs      -9   2   7   751 -9.0 -9.00 -9  23.6  24.6  25.3  24.9  25.2  -9 -9.0 -9  4  1
202407180600 108  14  2.2  18 13.0  356  991.8 1001.4  8  -1.5  24.1  23.7  98.0  29.3    9.6   28.7   28.7   -9.0   -9.0   -9.0   -9.0 63 66 1901                    10   9    3 StNs      -9   2   7   148  0.0  0.00 -9  23.5  24.4  25.1  24.8  25.2  -9 -9.0 -9  4  1
202407180700 108  23  2.7  18 12.0  615  992.1 1001.8 -9  -9.0  23.7  23.1  97.0  28.3   10.3   39.0   39.0   -9.0   -9.0   -9.0   -9.0 63 66 1901                    10   9    3 StNs      -9   2   7   387  0.0  0.01 -9  23.3  24.4  24.8  24.6  25.1  -9 -9.0 -9  4  1
202407180800 108  20  3.4  -9 -9.0   -9  992.8 1002.5 -9  -9.0  23.2  22.5  96.0  27.2   14.0   53.0   53.0   -9.0   -9.0   -9.0   -9.0 63 66 1901                    10   9    4 StNs      -9   2   7   594  0.0  0.02 -9  23.0  24.1  24.5  24.4  25.0  -9 -9.0 -9  4  1
202407180900 108  23  2.2  18 13.0  356  992.4 1002.1  0   0.7  23.3  22.4  95.0  27.1    2.7   55.7   55.7   -9.0   -9.0   -9.0   -9.0 61 66 1901                    10   7    5 StNs      -9   2   7   998  0.0  0.26 -9  24.2  24.0  24.4  24.3  24.9  -9 -9.0 -9  1  1
202407181000 108  20  2.3  -9 -9.0   -9  992.5 1002.2 -9  -9.0  23.3  22.7  97.0  27.6    7.3   63.0   63.0   -9.0   -9.0   -9.0   -9.0 63 66 1901                    10   9    3 StNs      -9   2   7   658  0.0  0.08 -9  23.6  24.0  24.4  24.2  24.8  -9 -9.0 -9  4  1
202407181100 108  20  2.8  -9 -9.0   -9  992.5 1002.2 -9  -9.0  23.5  23.1  98.0  28.3    7.7   70.7   70.7   -9.0   -9.0   -9.0   -9.0 63 66 1901                    10   9    4 StNs      -9   2   7   583  0.0  0.14 -9  23.7  23.9  24.3  24.1  24.7  -9 -9.0 -9  4  1
202407181200 108   9  1.5  -9 -9.0   -9  991.3 1000.9  8  -1.2  23.9  23.3  97.0  28.6    3.7   74.4   74.4   -9.0   -9.0   -9.0   -9.0 63 66 1901                    10   9    3 StNs      -9   2   7   998  0.0  0.23 -9  24.7  23.9  24.3  24.0  24.6  -9 -9.0 -9  4  1
202407181300 108   7  1.4  -9 -9.0   -9  990.3  999.9 -9  -9.0  23.9  23.5  98.0  28.9   12.9   87.3   87.3   -9.0   -9.0   -9.0   -9.0 63 66 1901                    10   9    3 StNs      -9   2   7   179  0.0  0.14 -9  23.9  24.0  24.3  24.0  24.5  -9 -9.0 -9  4  1
202407181400 108  32  1.8  -9 -9.0   -9  989.5  999.1 -9  -9.0  23.9  23.3  97.0  28.6   14.0  101.3  101.3   -9.0   -9.0   -9.0   -9.0 63 66 1901                    10   9    3 StNs      -9   2   7   211  0.0  0.13 -9  23.4  21.2  24.3  23.9  24.4  -9 -9.0 -9  4  1
202407181500 108   7  1.8  -9 -9.0   -9  988.9  998.5  7  -2.4  23.9  23.5  98.0  28.9   18.0  119.3  119.3   -9.0   -9.0   -9.0   -9.0 65 66 1901                    10   9    2 StNs      -9   2   7   150  0.0  0.14 -9  23.4  21.0  24.2  23.8  24.3  -9 -9.0 -9  4  1
202407181600 108   0  0.4  -9 -9.0   -9  989.3  998.9 -9  -9.0  24.3  23.7  97.0  29.3    9.5  128.8  128.8   -9.0   -9.0   -9.0   -9.0 62 66 1901                    10   8    7 ScAs      -9   2   5  3587  0.0  0.42 -9  25.8  22.9  24.1  23.7  24.2  -9 -9.0 -9  4  1
202407181700 108  25  2.5  -9 -9.0   -9  990.4 1000.0 -9  -9.0  24.5  23.6  95.0  29.1    0.0  128.8  128.8   -9.0   -9.0   -9.0   -9.0 21 62 01                      10   6    7 ScAs      -9   2   5  3604  0.0  0.36 -9  25.5  23.9  24.2  23.7  24.1  -9 -9.0 -9  4  1
202407181800 108  29  2.0  -9 -9.0   -9  990.9 1000.5  2   2.0  24.7  23.6  94.0  29.1   -9.0  128.8  128.8   -9.0   -9.0   -9.0   -9.0 -9 62 -                       10   8    7 ScAs      -9   2   5  2920  0.0  0.29 -9  25.3  24.1  24.4  23.8  24.1  -9 -9.0 -9  3  1
202407181900 108  23  1.7  -9 -9.0   -9  992.0 1001.6 -9  -9.0  24.6  23.3  93.0  28.6   -9.0  128.8  128.8   -9.0   -9.0   -9.0   -9.0 -9 -9 -                        9   1   -9 -         -9  -9  -9  3614  0.0  0.21 -9  25.0  24.2  24.5  23.9  24.2  -9 -9.0 -9  3 -9
202407182000 108  20  1.4  -9 -9.0   -9  992.6 1002.2 -9  -9.0  24.6  23.3  93.0  28.6   -9.0  128.8  128.8   -9.0   -9.0   -9.0   -9.0 -9 -9 -                       10   1   -9 -         -9  -9  -9  3156  0.0  0.04 -9  24.4  24.2  24.6  23.9  24.2  -9 -9.0 -9  3 -9
202407182100 108  20  2.1  -9 -9.0   -9  993.3 1003.0  2   2.5  24.8  23.9  95.0  29.7    0.0  128.8  128.8   -9.0   -9.0   -9.0   -9.0 21 62 1901                    10   8    7 ScAs      -9   2   5   891 -9.0 -9.00 -9  24.2  24.2  24.6  24.0  24.2  -9 -9.0 -9  1  1
202407182200 108  20  2.6  -9 -9.0   -9  993.9 1003.5 -9  -9.0  24.5  23.4  94.0  28.8   -9.0  128.8  128.8   -9.0   -9.0   -9.0   -9.0 -9 -9 19                       6   1   -9 -         -9  -9  -9   759 -9.0 -9.00 -9  24.0  24.0  24.6  24.0  24.2  -9 -9.0 -9  3  2
202407182300 108  20  2.1  -9 -9.0   -9  994.3 1003.9 -9  -9.0  24.4  23.5  95.0  28.9    0.0  128.8  128.8   -9.0   -9.0   -9.0   -9.0 50 52 1902                    10  10    3 St        -9  -9   7   550 -9.0 -9.00 -9  23.9  23.9  24.6  24.0  24.3  -9 -9.0 -9  4  1
202407190000 108  23  2.4  -9 -9.0   -9  994.5 1004.1  2   1.1  24.4  23.5  95.0  28.9    0.0  128.8  128.8   -9.0   -9.0   -9.0   -9.0 50 55 1902                    10  10    3 St        -9  -9   7   560 -9.0 -9.00 -9  23.5  21.6  24.6  24.1  24.3  -9 -9.0 -9  4  1
202407190100 108  23  1.9  -9 -9.0   -9  994.6 1004.2 -9  -9.0  24.4  23.7  96.0  29.3    0.0    0.0    0.0   -9.0   -9.0   -9.0   -9.0 51 55 1902                    10  10    3 St        -9  -9   7   311 -9.0 -9.00 -9  23.6  21.5  24.6  24.1  24.3  -9 -9.0 -9  4  1
202407190200 108  20  1.1  -9 -9.0   -9  994.5 1004.1 -9  -9.0  24.4  23.7  96.0  29.3    0.0    0.0    0.0   -9.0   -9.0   -9.0   -9.0 51 55 1902                    10  10    2 St        -9  -9   7   392 -9.0 -9.00 -9  23.5  21.5  24.6  24.1  24.3  -9 -9.0 -9  4  1
202407190300 108  20  2.3  -9 -9.0   -9  994.4 1004.0  8  -0.1  24.3  23.6  96.0  29.1    0.1    0.1    0.1   -9.0   -9.0   -9.0   -9.0 50 55 1902                    10  10    3 St        -9  -9   7   390 -9.0 -9.00 -9  23.4  21.5  24.6  24.1  24.3  -9 -9.0 -9  4  1
202407190400 108  23  1.0  -9 -9.0   -9  994.3 1003.9 -9  -9.0  24.3  23.4  95.0  28.8    0.0    0.1    0.1   -9.0   -9.0   -9.0   -9.0 20 52 1902                    10  10    5 St        -9  -9   6   496 -9.0 -9.00 -9  23.4  21.5  24.6  24.1  24.3  -9 -9.0 -9  4  1
202407190500 108   0  0.0  -9 -9.0   -9  994.4 1004.0 -9  -9.0  24.3  23.2  94.0  28.4   -9.0    0.1    0.1   -9.0   -9.0   -9.0   -9.0 10 22 19                       8   8    4 St         0   0   6   550 -9.0 -9.00 -9  23.3  21.5  24.6  24.1  24.3  -9 -9.0 -9  3  1
202407190600 108  16  1.3  -9 -9.0   -9  994.9 1004.6  3   0.6  24.3  23.4  95.0  28.8   -9.0    0.1    0.1   -9.0   -9.0   -9.0   -9.0 10 52 19                       8   2    5 ScCi       1   0   5   500  0.0  0.01 -9  23.8  24.1  24.6  24.1  24.3  -9 -9.0 -9  3  1
202407190700 108  20  1.8  -9 -9.0   -9  995.1 1004.7 -9  -9.0  24.4  23.3  94.0  28.6   -9.0    0.1    0.1   -9.0   -9.0   -9.0   -9.0 10 22 19                       8   6    5 ScCi       1   0   5   794  0.0  0.26 -9  24.7  24.3  24.6  24.1  24.3  -9 -9.0 -9  3  1
202407190800 108  18  2.2  -9 -9.0   -9  995.2 1004.9 -9  -9.0  24.8  23.4  92.0  28.8   -9.0    0.1    0.1   -9.0   -9.0   -9.0   -9.0 -9 -9 19                       9   2    7 ScCi       1   0   5  1250  0.0  0.55 -9  26.3  24.4  24.6  24.1  24.3  -9 -9.0 -9  3  2
202407190900 108  18  2.0  -9 -9.0   -9  995.3 1005.0  2   0.4  25.8  23.4  87.0  28.8   -9.0    0.1    0.1   -9.0   -9.0   -9.0   -9.0 -9 52 -                        9   9    7 Sc         0   0   5  1382  0.3  1.14 -9  29.3  24.7  24.8  24.1  24.3  -9 -9.0 -9  3  1
202407191000 108  18  2.4  -9 -9.0   -9  995.2 1004.8 -9  -9.0  26.7  23.5  83.0  28.9   -9.0    0.1    0.1   -9.0   -9.0   -9.0   -9.0 -9 -9 -                        9   9    8 Sc         0   0   5  1418  0.3  1.38 -9  33.0  25.0  25.0  24.2  24.3  -9 -9.0 -9  3  2
202407191100 108  18  3.4  -9 -9.0   -9  995.2 1004.8 -9  -9.0  28.0  23.5  77.0  28.9   -9.0    0.1    0.1   -9.0   -9.0   -9.0   -9.0 -9 -9 -                        9   6    8 ScCi       1   0   5  1589  0.6  2.11 -9  37.3  25.5  25.4  24.3  24.4  -9 -9.0 -9  3  2
202407191200 108  23  3.3  -9 -9.0   -9  995.2 1004.8  6  -0.2  28.4  22.8  72.0  27.7   -9.0    0.1    0.1   -9.0   -9.0   -9.0   -9.0 -9 -9 -                        8   5    8 ScCi       1   0   5  1615  0.7  2.52 -9  36.3  26.2  25.9  24.5  24.4  -9 -9.0 -9  3  2
202407191300 108  27  2.4  -9 -9.0   -9  994.5 1004.0 -9  -9.0  29.1  23.2  71.0  28.4   -9.0    0.1    0.1   -9.0   -9.0   -9.0   -9.0 -9 -9 -                        9   4    8 ScAcCi     1   3   5  1428  0.6  2.58 -9  38.7  26.8  26.4  24.8  24.5  -9 -9.0 -9  3  2
202407191400 108  20  3.1  -9 -9.0   -9  994.4 1003.9 -9  -9.0  29.9  23.0  67.0  28.1   -9.0    0.1    0.1   -9.0   -9.0   -9.0   -9.0 -9 -9 -                        8   5   10 ScCi       1   0   5  1765  1.0  3.18 -9  42.9  27.3  26.9  25.1  24.6  -9 -9.0 -9  3  2
202407191500 108  20  3.0  -9 -9.0   -9  994.5 1004.0  5  -0.8  30.7  22.5  62.0  27.2   -9.0    0.1    0.1   -9.0   -9.0   -9.0   -9.0 -9 -9 -                        8   4   10 ScCi       1   0   5  1870  0.9  3.15 -9  41.7  28.1  27.5  25.4  24.7  -9 -9.0 -9  3  2
202407191600 108  20  3.3  -9 -9.0   -9  994.6 1004.1 -9  -9.0  30.7  22.5  62.0  27.2   -9.0    0.1    0.1   -9.0   -9.0   -9.0   -9.0 -9 -9 -                        7   3   10 CuCi       1   0   2  2109  0.6  1.98 -9  38.0  28.4  28.0  25.8  24.9  -9 -9.0 -9  3  2
202407191700 108  25  3.1  -9 -9.0   -9  994.8 1004.3 -9  -9.0  30.2  23.1  66.0  28.3   -9.0    0.1    0.1   -9.0   -9.0   -9.0   -9.0 -9 -9 -                        6   3   10 CuCi       1   0   2  1746  0.4  1.27 -9  32.1  28.5  28.3  26.1  25.1  -9 -9.0 -9  3  2
202407191800 108  23  3.0  -9 -9.0   -9  994.9 1004.4  2   0.4  29.8  21.9  63.0  26.3   -9.0    0.1    0.1   -9.0   -9.0   -9.0   -9.0 -9 -9 -                        7   3   10 ScCi       1   0   5  2003  0.5  0.86 -9  30.4  28.3  28.3  26.3  25.3  -9 -9.0 -9  3  2
202407191900 108  23  2.7  -9 -9.0   -9  995.6 1005.1 -9  -9.0  28.7  22.9  71.0  27.9   -9.0    0.1    0.1   -9.0   -9.0   -9.0   -9.0 -9 -9 -                        1   1    7 -         -9  -9  -9  1928  0.5  0.59 -9  28.0  28.2  28.2  26.5  25.5  -9 -9.0 -9  3 -9
202407192000 108  20  3.1  -9 -9.0   -9  995.9 1005.5 -9  -9.0  27.8  23.3  77.0  28.6   -9.0    0.1    0.1   -9.0   -9.0   -9.0   -9.0 -9 -9 -                        0   0   -9 -         -9  -9  -9  1476  0.0  0.11 -9  26.1  27.8  28.0  26.6  25.6  -9 -9.0 -9  3 -9
202407192100 108  23  2.7  -9 -9.0   -9  996.3 1005.9  2   1.5  26.9  23.3  81.0  28.6   -9.0    0.1    0.1   -9.0   -9.0   -9.0   -9.0 -9 -9 -                        5   5    5 Sc         0   0   5  1676 -9.0 -9.00 -9  24.8  27.2  27.7  26.6  25.8  -9 -9.0 -9  3  2
202407192200 108  23  1.9  -9 -9.0   -9  996.7 1006.4 -9  -9.0  26.6  23.4  83.0  28.8   -9.0    0.1    0.1   -9.0   -9.0   -9.0   -9.0 -9 -9 -                        0   0   -9 -         -9  -9  -9  1422 -9.0 -9.00 -9  24.8  26.9  27.5  26.5  25.9  -9 -9.0 -9  3 -9
202407192300 108  23  3.3  -9 -9.0   -9  997.5 1007.2 -9  -9.0  26.3  23.3  84.0  28.6   -9.0    0.1    0.1   -9.0   -9.0   -9.0   -9.0 -9 -9 -                        0   0   -9 -         -9  -9  -9  1200 -9.0 -9.00 -9  24.8  26.6  27.2  26.4  25.9  -9 -9.0 -9  3 -9
202407200000 108  20  2.5  -9 -9.0   -9  997.8 1007.5  2   1.6  26.0  23.2  85.0  28.4   -9.0    0.1    0.1   -9.0   -9.0   -9.0   -9.0 -9 -9 -                        8   8    6 Sc         0   0   5  1013 -9.0 -9.00 -9  24.7  26.4  27.0  26.3  25.9  -9 -9.0 -9  3  2
202407200100 108  18  1.7  -9 -9.0   -9  997.6 1007.3 -9  -9.0  25.8  23.0  85.0  28.1   -9.0   -9.0   -9.0   -9.0   -9.0   -9.0   -9.0 -9 -9 -                        3   3    3 -         -9  -9  -9  1513 -9.0 -9.00 -9  24.8  26.2  26.9  26.2  25.9  -9 -9.0 -9  3 -9
202407200200 108  23  1.7  -9 -9.0   -9  997.4 1007.1 -9  -9.0  25.7  22.7  84.0  27.6   -9.0   -9.0   -9.0   -9.0   -9.0   -9.0   -9.0 -9 -9 -                        7   7    6 -         -9  -9  -9  2218 -9.0 -9.00 -9  24.6  26.0  26.7  26.1  25.9  -9 -9.0 -9  3 -9
202407200300 108   9  1.1  -9 -9.0   -9  997.0 1006.7  7  -0.8  25.5  22.5  84.0  27.2   -9.0   -9.0   -9.0   -9.0   -9.0   -9.0   -9.0 -9 -9 -                        6   2    7 ScCi       1   0   5  1792 -9.0 -9.00 -9  23.9  25.9  26.6  26.0  25.9  -9 -9.0 -9  3  2
202407200400 108  11  1.2  -9 -9.0   -9  997.5 1007.2 -9  -9.0  25.3  22.3  84.0  26.9   -9.0   -9.0   -9.0   -9.0   -9.0   -9.0   -9.0 -9 -9 -                        8   8    6 Sc         0   0   5  1286 -9.0 -9.00 -9  24.3  25.8  26.5  26.0  25.9  -9 -9.0 -9  3  2
202407200500 108  14  1.3  -9 -9.0   -9  997.9 1007.6 -9  -9.0  25.1  22.7  87.0  27.6   -9.0   -9.0   -9.0   -9.0   -9.0   -9.0   -9.0 -9 -9 -                       10   8    6 ScAs      -9   2   5  1458 -9.0 -9.00 -9  24.0  25.6  26.3  25.9  25.9  -9 -9.0 -9  3  2
202407200600 108   0  0.4  -9 -9.0   -9  998.2 1007.9  2   1.2  25.2  22.6  86.0  27.4   -9.0   -9.0   -9.0   -9.0   -9.0   -9.0   -9.0 -9 -9 -                       10   8    6 ScAs      -9   2   5  2032  0.0  0.01 -9  24.6  25.5  26.2  25.8  25.8  -9 -9.0 -9  3  2
202407200700 108  11  1.1  -9 -9.0   -9  997.9 1007.6 -9  -9.0  25.3  22.5  85.0  27.2   -9.0   -9.0   -9.0   -9.0   -9.0   -9.0   -9.0 -9 -9 -                       10   7    9 ScAs      -9   2   5  2352  0.0  0.13 -9  25.9  25.5  26.2  25.7  25.8  -9 -9.0 -9  3  2
202407200800 108  14  1.8  -9 -9.0   -9  997.9 1007.6 -9  -9.0  26.3  22.9  82.0  27.9   -9.0   -9.0   -9.0   -9.0   -9.0   -9.0   -9.0 -9 -9 -                        7   3    9 ScAcCi     1   3   5  2688  0.2  0.70 -9  28.7  25.5  26.2  25.7  25.7  -9 -9.0 -9  3  2
202407200900 108  18  3.0  -9 -9.0   -9  998.6 1008.3  3   0.4  26.5  22.5  79.0  27.2    0.0    0.0    0.0   -9.0   -9.0   -9.0   -9.0 60 62 01                      10   8    8 ScAs      -9   2   5  2267  0.2  0.89 -9  27.1  24.0  26.3  25.7  25.7  -9 -9.0 -9  1  1
202407201000 108  18  2.3  -9 -9.0   -9  998.9 1008.6 -9  -9.0  25.8  22.6  83.0  27.4    0.4    0.4    0.4   -9.0   -9.0   -9.0   -9.0 61 66 01                      10   8    7 StNs      -9   2   7  1666  0.0  0.44 -9  27.2  26.1  26.4  25.7  25.7  -9 -9.0 -9  4  1
202407201100 108  16  3.0  -9 -9.0   -9  998.2 1007.9 -9  -9.0  26.8  22.8  79.0  27.7    0.0    0.4    0.4   -9.0   -9.0   -9.0   -9.0 21 62 01                       9   4    7 ScAcCi     1   3   5  2598  0.3  1.54 -9  34.7  26.0  26.5  25.7  25.6  -9 -9.0 -9  4  1
202407201200 108  16  2.1  -9 -9.0   -9  997.7 1007.3  8  -1.0  27.8  23.3  77.0  28.6   -9.0    0.4    0.4   -9.0   -9.0   -9.0   -9.0 -9 62 -                        9   7    7 ScAc       0   3   5  2917  0.1  1.64 -9  34.4  26.4  26.7  25.8  25.7  -9 -9.0 -9  3  1
202407201300 108  11  2.7  -9 -9.0   -9  997.2 1006.8 -9  -9.0  27.5  23.0  77.0  28.1   -9.0    0.4    0.4   -9.0   -9.0   -9.0   -9.0 -9 -9 -                       10   7    7 ScAs      -9   2   5  3809  0.0  0.91 -9  29.6  24.9  27.0  25.9  25.7  -9 -9.0 -9  3  2
202407201400 108  14  2.5  -9 -9.0   -9  996.1 1005.7 -9  -9.0  28.4  23.7  76.0  29.3   -9.0    0.4    0.4   -9.0   -9.0   -9.0   -9.0 -9 -9 -                        9   4    7 ScAc       0   3   5  3014  0.0  1.33 -9  33.6  24.8  27.2  26.0  25.7  -9 -9.0 -9  3  2
202407201500 108   9  3.0  -9 -9.0   -9  995.1 1004.6  7  -2.7  29.6  24.4  74.0  30.6   -9.0    0.4    0.4   -9.0   -9.0   -9.0   -9.0 -9 62 -                        8   3    7 ScAcCi     1   3   5  3570  0.1  1.85 -9  38.2  25.0  27.4  26.1  25.8  -9 -9.0 -9  3  1
202407201600 108  16  3.3  -9 -9.0   -9  994.4 1003.9 -9  -9.0  30.4  24.0  69.0  29.8   -9.0    0.4    0.4   -9.0   -9.0   -9.0   -9.0 -9 -9 -                        7   2    8 ScAcCi     1   3   5  3116  0.8  2.49 -9  36.6  25.5  27.8  26.3  25.8  -9 -9.0 -9  3  2
202407201700 108  16  2.5  -9 -9.0   -9  994.2 1003.7 -9  -9.0  29.9  23.8  70.0  29.5   -9.0    0.4    0.4   -9.0   -9.0   -9.0   -9.0 -9 -9 -                        9   7    9 ScAc       0   3   5  3805  0.2  0.88 -9  30.1  25.9  28.1  26.5  25.9  -9 -9.0 -9  3  2
202407201800 108  16  2.9  -9 -9.0   -9  993.1 1002.6  7  -2.0  29.6  24.2  73.0  30.2   -9.0    0.4    0.4   -9.0   -9.0   -9.0   -9.0 -9 -9 -                        9   2    9 ScAcCi     1   3   5  3984  0.0  0.47 -9  29.5  25.8  28.2  26.7  26.0  -9 -9.0 -9  3  2
202407201900 108  20  3.9  -9 -9.0   -9  993.5 1003.1 -9  -9.0  27.6  25.4  88.0  32.4   12.1   12.5   12.5   -9.0   -9.0   -9.0   -9.0 95 96 01                      10   8    4 CbStNs    -9   2   9   128  0.0  0.12 -9  25.4  25.4  28.2  26.8  26.1  -9 -9.0 -9  4  1
202407202000 108  18  3.2  18 12.0 1912  993.4 1003.0 -9  -9.0  26.3  23.9  87.0  29.7    1.7   14.2   14.2   -9.0   -9.0   -9.0   -9.0 29 96 01                       9   6    7 ScAs       0   2   5  3637  0.0  0.02 -9  25.3  24.8  27.9  26.9  26.2  -9 -9.0 -9  4  1
202407202100 108  20  4.3  18 12.0 1912  993.9 1003.5  2   0.9  26.6  24.8  90.0  31.3    0.6   14.8   14.8   -9.0   -9.0   -9.0   -9.0 21 96 01                      10   7    5 ScAs      -9   2   5  2003 -9.0 -9.00 -9  25.3  24.4  27.6  26.9  26.3  -9 -9.0 -9  1  1
202407202200 108  20  4.4  -9 -9.0   -9  994.0 1003.6 -9  -9.0  26.7  24.7  89.0  31.1    0.1   14.9   14.9   -9.0   -9.0   -9.0   -9.0 21 62 01                      10   9    5 ScAs      -9   2   5  2109 -9.0 -9.00 -9  25.1  24.1  27.4  26.8  26.4  -9 -9.0 -9  4  1
202407202300 108  20  3.8  18 12.0 2210  993.7 1003.3 -9  -9.0  26.5  23.7  85.0  29.3   -9.0   14.9   14.9   -9.0   -9.0   -9.0   -9.0 -9 -9 -                        8   4    5 -         -9  -9  -9  2343 -9.0 -9.00 -9  24.5  24.0  27.3  26.7  26.4  -9 -9.0 -9  3 -9
202407210000 108  18  5.4  18 12.0 2210  992.9 1002.5  8  -1.0  26.4  22.6  80.0  27.4   -9.0   14.9   14.9   -9.0   -9.0   -9.0   -9.0 -9 62 -                       10   6    7 ScAs      -9   2   5  2768 -9.0 -9.00 -9  24.2  23.6  27.1  26.6  26.4  -9 -9.0 -9  3  1
202407210100 108  20  7.5  20 14.0   55  992.7 1002.3 -9  -9.0  25.9  22.1  80.0  26.6    0.0    0.0    0.0   -9.0   -9.0   -9.0   -9.0 60 62 01                      10   8    5 ScAs      -9   2   5  2304 -9.0 -9.00 -9  23.5  23.4  26.9  26.5  26.3  -9 -9.0 -9  4  1
202407210200 108  20  5.7  20 17.0  130  993.1 1002.8 -9  -9.0  25.1  21.1  79.0  25.0    0.0    0.0    0.0   -9.0   -9.0   -9.0   -9.0 60 66 01                      10   7    6 ScAs      -9   2   5  2631 -9.0 -9.00 -9  22.9  23.2  26.7  26.4  26.3  -9 -9.0 -9  4  1
202407210300 108  20  6.4  20 17.0  130  992.3 1001.9  8  -0.6  24.4  21.3  83.0  25.3    0.0    0.0    0.0   -9.0   -9.0   -9.0   -9.0 60 66 01                      10   9    5 ScAs      -9   2   5  1697 -9.0 -9.00 -9  22.5  22.9  26.5  26.2  26.3  -9 -9.0 -9  4  1
202407210400 108  23  7.3  23 14.0  305  993.4 1003.1 -9  -9.0  22.6  21.5  94.0  25.6    2.9    2.9    2.9   -9.0   -9.0   -9.0   -9.0 61 66 01                      10   9    3 StNs      -9   2   7   415 -9.0 -9.00 -9  21.8  22.6  26.3  26.1  26.2  -9 -9.0 -9  4  1
202407210500 108  23  6.7  20 14.0  450  993.8 1003.5 -9  -9.0  22.5  21.6  95.0  25.8    3.8    6.7    6.7   -9.0   -9.0   -9.0   -9.0 63 66 01                      10   9    4 StNs      -9   2   7   474 -9.0 -9.00 -9  21.6  22.3  26.0  26.0  26.2  -9 -9.0 -9  4  1
202407210600 108  23  4.5  23 14.0  305  995.2 1004.9  2   3.0  23.0  21.8  93.0  26.1    0.7    7.4    7.4   -9.0   -9.0   -9.0   -9.0 21 62 01                       9   7    5 ScAs       0   2   5  1815  0.0  0.00 -9  22.1  21.9  25.7  25.8  26.1  -9 -9.0 -9  4  1
202407210700 108  25  2.0  -9 -9.0   -9  996.8 1006.5 -9  -9.0  23.2  21.6  91.0  25.8   -9.0    7.4    7.4   -9.0   -9.0   -9.0   -9.0 -9 -9 -                        9   7    7 ScAs       0   2   5  2331  0.0  0.06 -9  22.9  21.8  25.6  25.6  26.0  -9 -9.0 -9  3  2
202407210800 108  23  2.7  -9 -9.0   -9  997.5 1007.2 -9  -9.0  23.7  21.9  90.0  26.3    0.0    7.4    7.4   -9.0   -9.0   -9.0   -9.0 60 62 01                      10   8    5 ScAs      -9   2   5  2065  0.0  0.34 -9  24.2  21.7  25.5  25.5  25.9  -9 -9.0 -9  4  1
202407210900 108  23  3.3  23 14.0  305  998.3 1008.0  2   3.1  23.7  21.9  90.0  26.3    0.0    7.4    7.4   -9.0   -9.0   -9.0   -9.0 60 66 01                      10   8    9 ScAs      -9   2   5  1189  0.0  0.24 -9  24.1  21.8  25.5  25.4  25.8  -9 -9.0 -9  1  1
202407211000 108  23  1.5  -9 -9.0   -9  998.1 1007.8 -9  -9.0  24.0  22.6  92.0  27.4    1.1    8.5    8.5   -9.0   -9.0   -9.0   -9.0 21 62 01                      10   5   10 ScAs      -9   2   5  1613  0.0  0.53 -9  28.2  21.5  25.5  25.3  25.7  -9 -9.0 -9  4  1
202407211100 108  23  2.4  -9 -9.0   -9  998.2 1007.9 -9  -9.0  25.6  24.0  91.0  29.8   -9.0    8.5    8.5   -9.0   -9.0   -9.0   -9.0 -9 -9 -                        9   9   11 Sc         0   0   5  1705  0.1  1.27 -9  34.9  22.9  25.6  25.3  25.6  -9 -9.0 -9  3  2
202407211200 108  20  3.2  -9 -9.0   -9  998.0 1007.6  7  -0.4  27.0  23.2  80.0  28.4   -9.0    8.5    8.5   -9.0   -9.0   -9.0   -9.0 -9 62 -                        9   9    9 Sc         0   0   5  2395  0.3  2.18 -9  33.0  23.2  25.9  25.3  25.6  -9 -9.0 -9  3  1
202407211300 108  23  3.6  -9 -9.0   -9  997.8 1007.4 -9  -9.0  27.6  24.0  81.0  29.8   -9.0    8.5    8.5   -9.0   -9.0   -9.0   -9.0 -9 -9 -                        9   9    9 Sc         0   0   5  2284  0.0  1.08 -9  30.8  23.6  26.3  25.4  25.6  -9 -9.0 -9  3  2
202407211400 108  23  2.5  -9 -9.0   -9  997.6 1007.2 -9  -9.0  28.0  24.2  80.0  30.2   -9.0    8.5    8.5   -9.0   -9.0   -9.0   -9.0 -9 -9 -                        9   9   10 Sc         0   0   5  1908  0.0  1.22 -9  32.1  23.7  26.6  25.6  25.6  -9 -9.0 -9  3  2
202407211500 108  20  3.7  -9 -9.0   -9  997.2 1006.8  7  -0.8  28.2  24.4  80.0  30.6   -9.0    8.5    8.5   -9.0   -9.0   -9.0   -9.0 -9 62 -                        9   9   11 Sc         0   0   5  1936  0.0  0.88 -9  32.1  23.9  26.9  25.8  25.6  -9 -9.0 -9  3  1
202407211600 108  20  3.1  -9 -9.0   -9  996.8 1006.3 -9  -9.0  29.4  24.7  76.0  31.1   -9.0    8.5    8.5   -9.0   -9.0   -9.0   -9.0 -9 -9 -                        9   9   11 Sc         0   0   5  2886  0.4  1.63 -9  33.2  24.2  27.1  25.9  25.7  -9 -9.0 -9  3  2
202407211700 108  18  3.0  -9 -9.0   -9  996.8 1006.3 -9  -9.0  29.3  23.9  73.0  29.7   -9.0    8.5    8.5   -9.0   -9.0   -9.0   -9.0 -9 -9 -                        8   8   10 Sc         0   0   5  2627  0.1  0.75 -9  30.4  24.6  27.4  26.1  25.8  -9 -9.0 -9  3  2
202407211800 108  20  2.6  -9 -9.0   -9  996.9 1006.4  5  -0.4  29.6  24.6  75.0  30.9   -9.0    8.5    8.5   -9.0   -9.0   -9.0   -9.0 -9 -9 -                        8   8   10 Sc         0   0   5  2509  0.4  0.87 -9  29.6  24.8  27.5  26.2  25.8  -9 -9.0 -9  3  2
202407211900 108  20  3.3  -9 -9.0   -9  997.3 1006.8 -9  -9.0  29.4  24.9  77.0  31.5   -9.0    8.5    8.5   -9.0   -9.0   -9.0   -9.0 -9 -9 -                        4   4    6 -         -9  -9  -9  2244  0.2  0.40 -9  27.7  24.9  27.6  26.4  25.9  -9 -9.0 -9  3 -9
202407212000 108  20  3.0  -9 -9.0   -9  997.7 1007.3 -9  -9.0  28.6  24.8  80.0  31.3    0.0    8.5    8.5   -9.0   -9.0   -9.0   -9.0 21 62 01                      10   8    7 ScAs      -9   2   5  2616  0.0  0.03 -9  26.3  24.7  27.7  26.5  26.0  -9 -9.0 -9  4  1
202407212100 108  18  3.7  -9 -9.0   -9  998.1 1007.7  2   1.3  28.2  25.0  83.0  31.7   -9.0    8.5    8.5   -9.0   -9.0   -9.0   -9.0 -9 62 -                       10   9    8 ScAs      -9   2   5  2448 -9.0 -9.00 -9  26.1  24.4  27.6  26.5  26.1  -9 -9.0 -9  3  1
202407212200 108  20  2.1  -9 -9.0   -9  998.2 1007.8 -9  -9.0  28.1  25.1  84.0  31.9   -9.0    8.5    8.5   -9.0   -9.0   -9.0   -9.0 -9 -9 -                        3   3    4 -         -9  -9  -9  2023 -9.0 -9.00 -9  26.0  24.2  27.5  26.5  26.1  -9 -9.0 -9  3 -9
202407212300 108  20  2.5  -9 -9.0   -9  998.6 1008.2 -9  -9.0  28.1  25.1  84.0  31.9   -9.0    8.5    8.5   -9.0   -9.0   -9.0   -9.0 -9 -9 -                        4   4    4 -         -9  -9  -9  1901 -9.0 -9.00 -9  25.9  24.0  27.3  26.5  26.2  -9 -9.0 -9  3 -9
202407220000 108  25  1.6  -9 -9.0   -9  999.0 1008.6  2   0.9  27.9  25.1  85.0  31.9   -9.0    8.5    8.5   -9.0   -9.0   -9.0   -9.0 -9 -9 -                        9   9    5 Sc         0   0   5  1788 -9.0 -9.00 -9  25.9  23.9  27.3  26.5  26.2  -9 -9.0 -9  3  2
202407220100 108  20  3.4  -9 -9.0   -9  998.9 1008.5 -9  -9.0  27.9  24.9  84.0  31.5   -9.0   -9.0   -9.0   -9.0   -9.0   -9.0   -9.0 -9 -9 -                        8   8    4 -         -9  -9  -9  2395 -9.0 -9.00 -9  25.7  23.8  27.2  26.4  26.2  -9 -9.0 -9  3 -9
202407220200 108  20  2.6  -9 -9.0   -9  998.8 1008.4 -9  -9.0  27.7  24.9  85.0  31.5   -9.0   -9.0   -9.0   -9.0   -9.0   -9.0   -9.0 -9 -9 -                        8   8    4 -         -9  -9  -9  2374 -9.0 -9.00 -9  25.6  23.7  27.1  26.4  26.2  -9 -9.0 -9  3 -9
202407220300 108  20  4.0  -9 -9.0   -9  998.1 1007.7  7  -0.9  27.6  24.8  85.0  31.3   -9.0   -9.0   -9.0   -9.0   -9.0   -9.0   -9.0 -9 -9 -                       10   9    5 ScAs      -9   2   5  2489 -9.0 -9.00 -9  25.4  23.6  27.0  26.4  26.2  -9 -9.0 -9  3  2
202407220400 108  18  3.4  -9 -9.0   -9  997.8 1007.4 -9  -9.0  27.2  24.8  87.0  31.3    0.0    0.0    0.0   -9.0   -9.0   -9.0   -9.0 21 62 01                      10   8    5 ScAs      -9   2   5  2421 -9.0 -9.00 -9  25.3  23.5  27.0  26.3  26.2  -9 -9.0 -9  4  1
202407220500 108  20  3.1  -9 -9.0   -9  997.6 1007.3 -9  -9.0  26.8  25.1  91.0  31.9    0.5    0.5    0.5   -9.0   -9.0   -9.0   -9.0 61 62 01                      10   7    4 StNs      -9   2   7   777 -9.0 -9.00 -9  25.1  23.4  26.9  26.3  26.2  -9 -9.0 -9  4  1
202407220600 108  18  3.2  -9 -9.0   -9  997.3 1007.0  7  -0.7  26.3  24.8  92.0  31.3   10.9   11.4   11.4   -9.0   -9.0   -9.0   -9.0 21 62 01                      10   9    5 ScAs      -9   2   5  2239  0.0  0.00 -9  24.9  23.2  26.8  26.2  26.2  -9 -9.0 -9  4  1
202407220700 108  20  2.2  -9 -9.0   -9  997.4 1007.1 -9  -9.0  26.2  24.7  92.0  31.1    0.0   11.4   11.4   -9.0   -9.0   -9.0   -9.0 21 62 01                       9   7    5 ScAs       0   2   5  2142  0.0  0.04 -9  25.3  23.0  26.7  26.2  26.2  -9 -9.0 -9  4  1
202407220800 108  18  2.6  -9 -9.0   -9  997.4 1007.1 -9  -9.0  26.5  24.7  90.0  31.1   -9.0   11.4   11.4   -9.0   -9.0   -9.0   -9.0 -9 -9 -                        9   7    6 ScAs       0   2   5  2585  0.0  0.24 -9  25.8  22.9  26.6  26.1  26.1  -9 -9.0 -9  3  2
202407220900 108  18  3.2  -9 -9.0   -9  997.5 1007.2  2   0.2  26.5  24.3  88.0  30.4    0.0   11.4   11.4   -9.0   -9.0   -9.0   -9.0 21 62 01                      10   8    6 ScAs      -9   2   5  2904  0.0  0.14 -9  25.7  22.9  26.6  26.1  26.1  -9 -9.0 -9  1  1
202407221000 108  20  4.1  -9 -9.0   -9  998.0 1007.7 -9  -9.0  26.6  24.2  87.0  30.2    0.0   11.4   11.4   -9.0   -9.0   -9.0   -9.0 60 66 01                      10   8    5 ScAs      -9   2   5  2664  0.0  0.11 -9  25.2  22.9  26.6  26.0  26.1  -9 -9.0 -9  4  1
202407221100 108  20  5.1  23 14.0 1051  997.4 1007.1 -9  -9.0  24.4  22.6  90.0  27.4   14.6   26.0   26.0   -9.0   -9.0   -9.0   -9.0 95 96 01                      10   8    3 CbStNs    -9   2   9   370  0.0  0.06 -9  23.4  22.8  26.5  26.0  26.1  -9 -9.0 -9  4  1
202407221200 108   9  0.9  23 14.0 1051  996.6 1006.3  8  -0.9  25.4  23.8  91.0  29.5    1.9   27.9   27.9   -9.0   -9.0   -9.0   -9.0 29 96 01                       9   7    6 ScAs       0   2   5  3617  0.0  0.62 -9  29.4  25.7  26.2  25.9  26.0  -9 -9.0 -9  4  1
202407221300 108  16  1.8  -9 -9.0   -9  995.9 1005.5 -9  -9.0  27.0  25.0  89.0  31.7   -9.0   27.9   27.9   -9.0   -9.0   -9.0   -9.0 -9 -9 -                       10   7    6 ScAs      -9   2   5  2932  0.0  1.25 -9  30.9  25.9  26.3  25.8  26.0  -9 -9.0 -9  3  2
202407221400 108  18  2.7  -9 -9.0   -9  995.7 1005.3 -9  -9.0  26.7  24.9  90.0  31.5    1.2   29.1   29.1   -9.0   -9.0   -9.0   -9.0 60 62 01                      10   7    6 ScAs      -9   2   5  1417  0.0  0.22 -9  27.2  26.2  26.5  25.8  25.9  -9 -9.0 -9  4  1
202407221500 108  23  3.9  23 14.0 1051  995.6 1005.3  6  -1.0  26.0  24.7  93.0  31.1   16.0   45.1   45.1   -9.0   -9.0   -9.0   -9.0 64 96 01                      10   8    6 ScAs      -9   2   5   228  0.0  0.24 -9  25.2  26.3  26.6  25.8  25.9  -9 -9.0 -9  4  1
202407221600 108  11  0.9  -9 -9.0   -9  994.3 1003.9 -9  -9.0  26.7  25.2  92.0  32.1    2.6   47.7   47.7   -9.0   -9.0   -9.0   -9.0 60 66 01                      10   7    7 ScAs      -9   2   5  2768  0.0  0.44 -9  28.2  26.1  26.5  25.9  25.9  -9 -9.0 -9  4  1
202407221700 108  18  1.7  -9 -9.0   -9  993.3 1002.9 -9  -9.0  27.2  25.2  89.0  32.1    0.0   47.7   47.7   -9.0   -9.0   -9.0   -9.0 21 62 01                      10   8    6 ScAs      -9   2   5  2897  0.0  0.43 -9  27.8  26.2  26.5  25.9  25.9  -9 -9.0 -9  4  1
202407221800 108  18  3.3  -9 -9.0   -9  993.5 1003.1  5  -2.2  27.3  24.7  86.0  31.1   -9.0   47.7   47.7   -9.0   -9.0   -9.0   -9.0 -9 62 -                       10   7    7 ScAs      -9   2   5  3276  0.0  0.18 -9  26.8  26.3  26.6  25.9  26.0  -9 -9.0 -9  3  1
202407221900 108  18  4.1  -9 -9.0   -9  992.6 1002.2 -9  -9.0  27.6  24.4  83.0  30.6   -9.0   47.7   47.7   -9.0   -9.0   -9.0   -9.0 -9 -9 -                       10  10    7 -         -9  -9  -9  3380  0.0  0.09 -9  26.3  26.3  26.6  25.9  26.0  -9 -9.0 -9  3 -9
202407222000 108  18  3.7  -9 -9.0   -9  992.0 1001.6 -9  -9.0  27.7  24.1  81.0  30.0   -9.0   47.7   47.7   -9.0   -9.0   -9.0   -9.0 -9 -9 -                       10  10    7 -         -9  -9  -9  3270  0.0  0.03 -9  25.8  26.3  26.6  25.9  26.0  -9 -9.0 -9  3 -9
202407222100 108  16  2.4  -9 -9.0   -9  992.1 1001.7  5  -1.4  27.6  24.2  82.0  30.2    0.0   47.7   47.7   -9.0   -9.0   -9.0   -9.0 21 62 01                      10   8    7 ScAs      -9   2   5  3190 -9.0 -9.00 -9  25.6  26.2  26.6  25.9  26.0  -9 -9.0 -9  1  1
202407222200 108  18  4.1  -9 -9.0   -9  992.4 1002.0 -9  -9.0  27.8  24.4  82.0  30.6   -9.0   47.7   47.7   -9.0   -9.0   -9.0   -9.0 -9 -9 -                       10  10    6 -         -9  -9  -9  3141 -9.0 -9.00 -9  25.6  26.1  26.5  25.9  26.0  -9 -9.0 -9  3 -9
202407222300 108  20  7.2  20 14.0 2256  991.2 1000.8 -9  -9.0  27.2  24.6  86.0  30.9    0.3   48.0   48.0   -9.0   -9.0   -9.0   -9.0 60 62 01                      10   8    9 ScAs      -9   2   5  1110 -9.0 -9.00 -9  25.2  26.0  26.5  25.9  26.0  -9 -9.0 -9  4  1
202407230000 108  20  5.3  20 16.0 2337  992.5 1002.1  3   0.4  26.0  25.1  95.0  31.9   31.9   79.9   79.9   -9.0   -9.0   -9.0   -9.0 97 96 01                      10   8    4 CbStNs    -9   2   9  2477 -9.0 -9.00 -9  24.9  25.5  26.1  25.8  26.0  -9 -9.0 -9  4  1
202407230100 108  20  5.1  16 13.0   49  993.2 1002.8 -9  -9.0  26.2  24.9  93.0  31.5    0.0    0.0    0.0   -9.0   -9.0   -9.0   -9.0 29 96 01                      10   6   10 ScAs      -9   2   5  1663 -9.0 -9.00 -9  25.0  25.5  26.0  25.7  25.9  -9 -9.0 -9  4  1
202407230200 108  23  4.3  18 12.0  145  993.8 1003.4 -9  -9.0  26.2  24.9  93.0  31.5   -9.0    0.0    0.0   -9.0   -9.0   -9.0   -9.0 -9 -9 -                        4   4    2 -         -9  -9  -9  1824 -9.0 -9.00 -9  25.1  25.5  26.0  25.6  25.9  -9 -9.0 -9  3 -9
202407230300 108  25  4.3  20 16.0 2337  993.8 1003.4  1   1.3  26.2  24.6  91.0  30.9   -9.0    0.0    0.0   -9.0   -9.0   -9.0   -9.0 -9 96 -                       10   6   10 ScAs      -9   2   5  2268 -9.0 -9.00 -9  25.1  25.5  26.0  25.6  25.8  -9 -9.0 -9  3  1
202407230400 108  23  3.6  18 12.0  301  994.0 1003.6 -9  -9.0  26.1  24.5  91.0  30.7   -9.0    0.0    0.0   -9.0   -9.0   -9.0   -9.0 -9 -9 -                        9   9    9 Sc         0   0   5  1932 -9.0 -9.00 -9  25.0  25.5  26.0  25.5  25.8  -9 -9.0 -9  3  2
202407230500 108  25  3.2  -9 -9.0   -9  994.2 1003.9 -9  -9.0  25.8  24.5  93.0  30.7    0.1    0.1    0.1   -9.0   -9.0   -9.0   -9.0 60 62 01                      10   7   10 ScAs      -9   2   5  1907 -9.0 -9.00 -9  24.9  25.5  25.9  25.5  25.8  -9 -9.0 -9  4  1
202407230600 108  23  3.3  18 12.0  301  994.2 1003.9  1   0.5  25.9  24.6  93.0  30.9    0.0    0.1    0.1   -9.0   -9.0   -9.0   -9.0 60 66 01                      10   8    9 ScAs      -9   2   5  1487  0.0  0.00 -9  25.0  25.4  25.9  25.5  25.7  -9 -9.0 -9  4  1
202407230700 108  20  3.3  18 10.0  643  994.0 1003.7 -9  -9.0  25.9  24.3  91.0  30.4    0.0    0.1    0.1   -9.0   -9.0   -9.0   -9.0 21 62 01                      10   6    9 ScAs      -9   2   5  1898  0.0  0.09 -9  25.9  25.6  25.9  25.5  25.7  -9 -9.0 -9  4  1
202407230800 108  20  4.4  -9 -9.0   -9  994.7 1004.3 -9  -9.0  26.2  24.2  89.0  30.2   -9.0    0.1    0.1   -9.0   -9.0   -9.0   -9.0 -9 -9 -                       10   6    9 ScAs      -9   2   5  3689  0.0  0.25 -9  26.2  25.6  25.9  25.5  25.7  -9 -9.0 -9  3  2
202407230900 108  20  3.0  18 12.0  301  995.1 1004.7  3   0.8  26.4  24.0  87.0  29.8   -9.0    0.1    0.1   -9.0   -9.0   -9.0   -9.0 -9 62 -                       10   8    6 ScAs      -9   2   5  3317  0.0  0.24 -9  26.2  25.7  26.0  25.5  25.7  -9 -9.0 -9  3  1
202407231000 108  20  4.2  18 11.0  940  995.2 1004.8 -9  -9.0  26.5  23.5  84.0  28.9   -9.0    0.1    0.1   -9.0   -9.0   -9.0   -9.0 -9 -9 -                       10   8    6 ScAs      -9   2   5  3835  0.0  0.27 -9  26.6  25.7  26.0  25.5  25.7  -9 -9.0 -9  3  2
202407231100 108  23  3.1  -9 -9.0   -9  995.2 1004.9 -9  -9.0  25.9  24.3  91.0  30.4    0.8    0.9    0.9   -9.0   -9.0   -9.0   -9.0 60 62 01                      10   8    5 ScAs      -9   2   5  2614  0.0  0.17 -9  25.8  25.8  26.0  25.5  25.7  -9 -9.0 -9  4  1
202407231200 108  20  1.5  18 11.0  940  994.5 1004.2  8  -0.5  26.0  24.4  91.0  30.6    0.3    1.2    1.2   -9.0   -9.0   -9.0   -9.0 61 66 01                      10   9    3 StNs      -9   2   7  2037  0.0  0.36 -9  27.0  25.8  26.0  25.5  25.6  -9 -9.0 -9  4  1
202407231300 108  20  2.4  -9 -9.0   -9  994.4 1004.0 -9  -9.0  26.3  24.5  90.0  30.7    0.5    1.7    1.7   -9.0   -9.0   -9.0   -9.0 61 66 01                      10   8    4 StNs      -9   2   7  2720  0.0  0.40 -9  29.2  25.9  26.1  25.5  25.6  -9 -9.0 -9  4  1
202407231400 108  20  3.2  -9 -9.0   -9  994.5 1004.1 -9  -9.0  26.4  24.2  88.0  30.2    0.3    2.0    2.0   -9.0   -9.0   -9.0   -9.0 60 66 01                      10   8    6 ScAs      -9   2   5  1814  0.0  0.64 -9  27.6  26.0  26.2  25.5  25.6  -9 -9.0 -9  4  1
202407231500 108  23  3.3  18 11.0  940  994.1 1003.7  7  -0.5  27.0  24.2  85.0  30.2    0.0    2.0    2.0   -9.0   -9.0   -9.0   -9.0 21 62 01                      10   8    6 ScAs      -9   2   5  3524  0.0  0.99 -9  28.7  26.2  26.4  25.6  25.6  -9 -9.0 -9  4  1
202407231600 108  23  2.9  -9 -9.0   -9  993.6 1003.2 -9  -9.0  27.2  24.0  83.0  29.8   -9.0    2.0    2.0   -9.0   -9.0   -9.0   -9.0 -9 -9 -                       10   8    6 ScAs      -9   2   5  3403  0.0  0.56 -9  28.3  26.4  26.5  25.6  25.7  -9 -9.0 -9  3  2
202407231700 108  25  3.2  -9 -9.0   -9  993.9 1003.5 -9  -9.0  27.0  24.2  85.0  30.2   -9.0    2.0    2.0   -9.0   -9.0   -9.0   -9.0 -9 -9 -                       10   7    5 ScAs      -9   1   5  2902  0.0  0.34 -9  27.2  26.5  26.6  25.7  25.7  -9 -9.0 -9  3  2
202407231800 108  25  2.7  -9 -9.0   -9  993.7 1003.3  5  -0.4  27.2  24.4  85.0  30.6   -9.0    2.0    2.0   -9.0   -9.0   -9.0   -9.0 -9 -9 -                       10   8    6 ScAs      -9   2   5  2785  0.0  0.41 -9  27.3  26.5  26.7  25.8  25.7  -9 -9.0 -9  3  2
202407231900 108  23  2.3  -9 -9.0   -9  993.4 1003.0 -9  -9.0  27.1  24.1  84.0  30.0   -9.0    2.0    2.0   -9.0   -9.0   -9.0   -9.0 -9 -9 -                       10  10    5 -         -9  -9  -9  2756  0.0  0.12 -9  26.4  26.5  26.7  25.8  25.8  -9 -9.0 -9  3 -9
202407232000 108  20  2.8  -9 -9.0   -9  993.6 1003.2 -9  -9.0  26.8  23.2  81.0  28.4   -9.0    2.0    2.0   -9.0   -9.0   -9.0   -9.0 -9 -9 -                        8   7    6 -         -9  -9  -9  3281  0.0  0.08 -9  25.6  26.4  26.6  25.9  25.8  -9 -9.0 -9  3 -9
202407232100 108  20  2.4  -9 -9.0   -9  994.6 1004.2  3   0.9  26.5  23.3  83.0  28.6   -9.0    2.0    2.0   -9.0   -9.0   -9.0   -9.0 -9 -9 -                        8   8    9 Sc         0   0   5  3321 -9.0 -9.00 -9  25.0  26.3  26.6  25.9  25.8  -9 -9.0 -9  3  2
202407232200 108  20  1.9  -9 -9.0   -9  995.4 1005.1 -9  -9.0  26.3  22.9  82.0  27.9   -9.0    2.0    2.0   -9.0   -9.0   -9.0   -9.0 -9 -9 -                        2   2    6 -         -9  -9  -9  3194 -9.0 -9.00 -9  24.9  26.2  26.5  25.9  25.8  -9 -9.0 -9  3 -9
202407232300 108  18  2.2  -9 -9.0   -9  995.2 1004.8 -9  -9.0  26.4  23.8  86.0  29.5   -9.0    2.0    2.0   -9.0   -9.0   -9.0   -9.0 -9 -9 -                        3   3    4 -         -9  -9  -9  2830 -9.0 -9.00 -9  25.1  26.1  26.4  25.8  25.8  -9 -9.0 -9  3 -9
202407240000 108  18  1.9  -9 -9.0   -9  995.4 1005.1  1   0.9  26.3  24.1  88.0  30.0   -9.0    2.0    2.0   -9.0   -9.0   -9.0   -9.0 -9 -9 -                        9   9    9 Sc         0   0   5  2037 -9.0 -9.00 -9  25.2  26.0  26.3  25.8  25.8  -9 -9.0 -9  3  2
202407240100 108  20  1.8  -9 -9.0   -9  995.2 1004.8 -9  -9.0  26.4  24.6  90.0  30.9    0.0    0.0    0.0   -9.0   -9.0   -9.0   -9.0 60 62 01                      10   6    9 ScAs      -9   2   5  2016 -9.0 -9.00 -9  25.2  26.0  26.3  25.8  25.8  -9 -9.0 -9  4  1
202407240200 108  20  2.3  -9 -9.0   -9  994.8 1004.4 -9  -9.0  26.4  24.9  92.0  31.5    0.1    0.1    0.1   -9.0   -9.0   -9.0   -9.0 95 96 01                      10   8    3 CbStNs    -9   2   9  1734 -9.0 -9.00 -9  25.4  25.9  26.3  25.7  25.8  -9 -9.0 -9  4  1
202407240300 108  20  1.9  -9 -9.0   -9  994.1 1003.7  7  -1.4  26.1  24.8  93.0  31.3    0.9    1.0    1.0   -9.0   -9.0   -9.0   -9.0 29 96 01                      10   7    9 ScAs      -9   2   5  1920 -9.0 -9.00 -9  25.2  25.9  26.2  25.7  25.8  -9 -9.0 -9  4  1
202407240400 108  20  3.0  -9 -9.0   -9  993.6 1003.2 -9  -9.0  26.2  25.1  94.0  31.9    0.0    1.0    1.0   -9.0   -9.0   -9.0   -9.0 21 62 01                       9   9    8 Sc         0   0   5  1168 -9.0 -9.00 -9  25.3  25.9  26.2  25.7  25.8  -9 -9.0 -9  4  1
202407240500 108  23  2.6  -9 -9.0   -9  994.0 1003.6 -9  -9.0  26.2  25.1  94.0  31.9    0.2    1.2    1.2   -9.0   -9.0   -9.0   -9.0 60 62 01                      10   8    8 ScAs      -9   2   5  1127 -9.0 -9.00 -9  25.3  25.8  26.2  25.6  25.8  -9 -9.0 -9  4  1
202407240600 108  27  3.1  -9 -9.0   -9  994.2 1003.8  3   0.1  26.1  25.2  95.0  32.1   12.2   13.4   13.4   -9.0   -9.0   -9.0   -9.0 21 62 01                      10   8    9 ScAs      -9   2   5  1137  0.0  0.00 -9  25.3  25.7  26.1  25.6  25.8  -9 -9.0 -9  4  1
202407240700 108  25  1.6  -9 -9.0   -9  994.9 1004.6 -9  -9.0  26.2  25.3  95.0  32.2   -9.0   13.4   13.4   -9.0   -9.0   -9.0   -9.0 -9 -9 -                       10   6    9 ScAs      -9   2   5  1659  0.0  0.05 -9  25.7  25.6  26.1  25.6  25.7  -9 -9.0 -9  3  2
202407240800 108  23  1.7  -9 -9.0   -9  995.3 1004.9 -9  -9.0  26.4  25.3  94.0  32.2    0.0   13.4   13.4   -9.0   -9.0   -9.0   -9.0 60 62 01                      10   7    9 ScAs      -9   2   5  1923  0.0  0.23 -9  27.0  25.7  26.1  25.5  25.7  -9 -9.0 -9  4  1
202407240900 108   0  0.3  -9 -9.0   -9  995.2 1004.8  0   1.0  27.2  25.9  93.0  33.4    0.7   14.1   14.1   -9.0   -9.0   -9.0   -9.0 21 62 01                       9   9    8 Sc         0   0   5  2466  0.2  0.80 -9  30.2  25.9  26.1  25.5  25.7  -9 -9.0 -9  1  1
202407241000 108  20  2.9  -9 -9.0   -9  995.0 1004.6 -9  -9.0  27.4  25.4  89.0  32.4    0.4   14.5   14.5   -9.0   -9.0   -9.0   -9.0 60 62 01                       9   7    7 ScAs       0   2   5   860  0.1  0.89 -9  29.8  26.3  26.3  25.6  25.7  -9 -9.0 -9  4  1
202407241100 108  25  2.1  -9 -9.0   -9  994.5 1004.1 -9  -9.0  28.2  26.2  89.0  34.0    0.2   14.7   14.7   -9.0   -9.0   -9.0   -9.0 60 66 01                       9   7    7 ScAs       0   2   5  2206  0.2  1.20 -9  32.0  26.6  26.6  25.6  25.7  -9 -9.0 -9  4  1
202407241200 108  25  3.0  -9 -9.0   -9  994.0 1003.5  7  -1.3  29.2  25.5  81.0  32.6    0.0   14.7   14.7   -9.0   -9.0   -9.0   -9.0 21 62 01                       9   5   11 ScCi       2   0   5  2354  0.2  1.69 -9  34.4  26.9  26.9  25.8  25.7  -9 -9.0 -9  4  1
202407241300 108  23  3.1  -9 -9.0   -9  993.9 1003.4 -9  -9.0  30.0  25.7  78.0  33.0   -9.0   14.7   14.7   -9.0   -9.0   -9.0   -9.0 -9 -9 -                        7   4    8 ScCi       1   0   5  3099  0.4  2.14 -9  38.8  27.3  27.2  25.9  25.7  -9 -9.0 -9  3  2
202407241400 108  20  3.5  -9 -9.0   -9  993.7 1003.2 -9  -9.0  30.9  25.7  74.0  33.0   -9.0   14.7   14.7   -9.0   -9.0   -9.0   -9.0 -9 -9 -                        8   4    8 ScAcCi     1   3   5  3462  0.5  2.57 -9  37.8  27.9  27.6  26.1  25.8  -9 -9.0 -9  3  2
202407241500 108  27  3.0  -9 -9.0   -9  993.8 1003.3  5  -0.2  30.8  25.3  73.0  32.2   -9.0   14.7   14.7   -9.0   -9.0   -9.0   -9.0 -9 62 -                        9   7    9 ScCi       1   0   5  2855  0.1  1.60 -9  34.4  28.3  28.1  26.4  25.9  -9 -9.0 -9  3  1
202407241600 108  25  4.0  -9 -9.0   -9  993.9 1003.4 -9  -9.0  30.8  25.3  73.0  32.2   -9.0   14.7   14.7   -9.0   -9.0   -9.0   -9.0 -9 -9 -                        8   4    8 ScCi       1   0   5  3181  0.3  1.44 -9  34.5  28.5  28.3  26.6  26.0  -9 -9.0 -9  3  2
202407241700 108  27  3.6  -9 -9.0   -9  993.8 1003.3 -9  -9.0  30.7  25.2  73.0  32.1   -9.0   14.7   14.7   -9.0   -9.0   -9.0   -9.0 -9 -9 -                        6   6    8 Sc         0   0   5  2951  0.5  1.60 -9  32.0  28.6  28.4  26.8  26.1  -9 -9.0 -9  3  2
202407241800 108  25  3.2  -9 -9.0   -9  993.5 1003.0  8  -0.3  29.9  25.2  76.0  32.1   -9.0   14.7   14.7   -9.0   -9.0   -9.0   -9.0 -9 -9 -                        5   5    8 Sc         0   0   5  3028  0.2  0.73 -9  30.0  28.6  28.5  27.0  26.3  -9 -9.0 -9  3  2
202407241900 108  25  3.2  -9 -9.0   -9  994.3 1003.8 -9  -9.0  29.2  24.9  78.0  31.5   -9.0   14.7   14.7   -9.0   -9.0   -9.0   -9.0 -9 -9 -                        3   3    5 -         -9  -9  -9  2826  0.3  0.31 -9  28.0  28.5  28.5  27.1  26.4  -9 -9.0 -9  3 -9
202407242000 108  25  3.0  -9 -9.0   -9  994.8 1004.3 -9  -9.0  28.5  24.9  81.0  31.5   -9.0   14.7   14.7   -9.0   -9.0   -9.0   -9.0 -9 -9 -                        1   1    5 -         -9  -9  -9  2774  0.0  0.06 -9  26.8  28.3  28.4  27.1  26.5  -9 -9.0 -9  3 -9
202407242100 108  23  2.9  -9 -9.0   -9  995.3 1004.9  2   1.9  28.1  24.9  83.0  31.5   -9.0   14.7   14.7   -9.0   -9.0   -9.0   -9.0 -9 -9 -                        4   4    7 Sc         0   0   5  2500 -9.0 -9.00 -9  26.3  28.0  28.2  27.1  26.5  -9 -9.0 -9  3  2
202407242200 108  23  2.6  -9 -9.0   -9  995.3 1004.9 -9  -9.0  28.0  25.2  85.0  32.1   -9.0   14.7   14.7   -9.0   -9.0   -9.0   -9.0 -9 -9 -                        1   1    4 -         -9  -9  -9  2629 -9.0 -9.00 -9  26.3  27.8  28.0  27.1  26.6  -9 -9.0 -9  3 -9
202407242300 108  20  2.7  -9 -9.0   -9  995.1 1004.7 -9  -9.0  27.7  24.9  85.0  31.5   -9.0   14.7   14.7   -9.0   -9.0   -9.0   -9.0 -9 -9 -                        1   1    4 -         -9  -9  -9  2637 -9.0 -9.00 -9  26.0  27.6  27.8  27.0  26.6  -9 -9.0 -9  3 -9
202407250000 108  20  1.4  -9 -9.0   -9  995.5 1005.1  3   0.2  27.6  25.0  86.0  31.7   -9.0   14.7   14.7   -9.0   -9.0   -9.0   -9.0 -9 -9 -                        7   7    7 Sc         0   0   5  2431 -9.0 -9.00 -9  26.3  27.4  27.7  27.0  26.6  -9 -9.0 -9  3  2
202407250100 108  20  1.9  -9 -9.0   -9  995.5 1005.1 -9  -9.0  27.4  25.2  88.0  32.1   -9.0   -9.0   -9.0   -9.0   -9.0   -9.0   -9.0 -9 -9 -                        4   3    3 -         -9  -9  -9  1889 -9.0 -9.00 -9  26.1  27.3  27.6  26.9  26.6  -9 -9.0 -9  3 -9
202407250200 108  20  2.0  -9 -9.0   -9  995.2 1004.8 -9  -9.0  27.2  25.0  88.0  31.7    0.0    0.0    0.0   -9.0   -9.0   -9.0   -9.0 25 82 04                       7   7    3 CuSc       0   0   8  1880 -9.0 -9.00 -9  25.9  27.2  27.5  26.8  26.6  -9 -9.0 -9  4  1
202407250300 108  23  1.4  -9 -9.0   -9  995.0 1004.6  7  -0.5  27.0  24.8  88.0  31.3   -9.0    0.0    0.0   -9.0   -9.0   -9.0   -9.0 -9 82 -                        8   8    5 Sc         0   0   5  1630 -9.0 -9.00 -9  25.9  27.1  27.4  26.7  26.6  -9 -9.0 -9  3  1
202407250400 108  18  1.7  -9 -9.0   -9  995.2 1004.8 -9  -9.0  27.0  25.0  89.0  31.7   -9.0    0.0    0.0   -9.0   -9.0   -9.0   -9.0 -9 -9 -                        8   8    4 Sc         0   0   5  1713 -9.0 -9.00 -9  26.1  27.0  27.3  26.7  26.6  -9 -9.0 -9  3  2
202407250500 108  14  1.1  -9 -9.0   -9  995.1 1004.7 -9  -9.0  26.9  24.9  89.0  31.5   -9.0    0.0    0.0   -9.0   -9.0   -9.0   -9.0 -9 -9 -                        6   6    5 Sc         0   0   5  1750 -9.0 -9.00 -9  25.7  26.9  27.2  26.6  26.6  -9 -9.0 -9  3  2
202407250600 108  20  1.7  -9 -9.0   -9  995.6 1005.2  2   0.6  26.8  25.0  90.0  31.7   -9.0    0.0    0.0   -9.0   -9.0   -9.0   -9.0 -9 -9 -                        8   4    5 ScAc       0   3   5  1542  0.0  0.02 -9  25.8  26.9  27.1  26.6  26.5  -9 -9.0 -9  3  2
202407250700 108  18  1.3  -9 -9.0   -9  996.0 1005.6 -9  -9.0  27.1  25.1  89.0  31.9    0.0    0.0    0.0   -9.0   -9.0   -9.0   -9.0 25 82 04                       8   6    6 ScCi       1   0   5  1486  0.0  0.27 -9  27.7  26.8  27.1  26.5  26.5  -9 -9.0 -9  4  1
202407250800 108  14  1.2  -9 -9.0   -9  996.1 1005.7 -9  -9.0  27.6  25.2  87.0  32.1   -9.0    0.0    0.0   -9.0   -9.0   -9.0   -9.0 -9 -9 -                        8   3    6 ScCi       1   0   5  2011  0.0  0.47 -9  29.1  26.9  27.1  26.5  26.5  -9 -9.0 -9  3  2
202407250900 108  14  1.2  -9 -9.0   -9  996.0 1005.6  0   0.4  28.5  25.3  83.0  32.2   -9.0    0.0    0.0   -9.0   -9.0   -9.0   -9.0 -9 82 -                        9   3    5 ScCi       2   0   5  2465  0.2  1.07 -9  31.2  27.1  27.2  26.5  26.4  -9 -9.0 -9  3  1
202407251000 108  14  1.5  -9 -9.0   -9  996.1 1005.6 -9  -9.0  29.3  25.2  79.0  32.1   -9.0    0.0    0.0   -9.0   -9.0   -9.0   -9.0 -9 -9 -                        8   2    6 ScCi       2   0   5  2235  0.2  1.33 -9  32.2  27.5  27.4  26.5  26.4  -9 -9.0 -9  3  2
202407251100 108  18  2.4  -9 -9.0   -9  996.3 1005.8 -9  -9.0  30.7  24.8  71.0  31.3   -9.0    0.0    0.0   -9.0   -9.0   -9.0   -9.0 -9 -9 -                        8   4   10 ScCi       2   0   5  3398  0.7  2.24 -9  37.9  27.8  27.8  26.6  26.4  -9 -9.0 -9  3  2
202407251200 108  18  1.6  -9 -9.0   -9  996.2 1005.7  0   0.1  30.6  25.1  73.0  31.9    0.0    0.0    0.0   -9.0   -9.0   -9.0   -9.0 80 82 04                       9   7    8 CuScCi     1   0   8  1347  0.3  1.43 -9  31.5  28.5  28.2  26.8  26.4  -9 -9.0 -9  4  1
202407251300 108  34  1.9  -9 -9.0   -9  996.1 1005.7 -9  -9.0  29.8  26.1  81.0  33.8    5.9    5.9    5.9   -9.0   -9.0   -9.0   -9.0 25 82 04                       9   7    8 CuScCi     2   0   8  2574  0.0  0.75 -9  31.7  28.5  28.5  27.0  26.5  -9 -9.0 -9  4  1
202407251400 108  27  2.0  -9 -9.0   -9  995.8 1005.3 -9  -9.0  31.3  26.3  75.0  34.2   -9.0    5.9    5.9   -9.0   -9.0   -9.0   -9.0 -9 -9 -                        8   4    8 CuScCi     2   0   8  2615  0.3  1.73 -9  37.9  28.5  28.5  27.2  26.6  -9 -9.0 -9  3  2
202407251500 108  27  2.5  -9 -9.0   -9  995.5 1005.0  7  -0.7  31.5  24.8  68.0  31.3   -9.0    5.9    5.9   -9.0   -9.0   -9.0   -9.0 -9 82 -                        8   4    8 CuScCi     2   0   2  2577  0.4  1.60 -9  33.1  29.0  28.8  27.3  26.7  -9 -9.0 -9  3  1
202407251600 108  20  1.8  -9 -9.0   -9  995.1 1004.6 -9  -9.0  32.2  25.0  66.0  31.7   -9.0    5.9    5.9   -9.0   -9.0   -9.0   -9.0 -9 -9 -                        8   4    8 CuScCi     1   0   2  3040  0.2  1.56 -9  35.1  29.2  29.0  27.5  26.8  -9 -9.0 -9  3  2
202407251700 108  25  2.0  -9 -9.0   -9  995.2 1004.7 -9  -9.0  32.0  24.8  66.0  31.3   -9.0    5.9    5.9   -9.0   -9.0   -9.0   -9.0 -9 -9 -                        8   3    8 CuScCi     1   0   2  2697  0.1  0.78 -9  32.4  29.4  29.2  27.6  26.9  -9 -9.0 -9  3  2
202407251800 108  29  2.2  -9 -9.0   -9  995.1 1004.6  6  -0.4  31.6  25.4  70.0  32.4   -9.0    5.9    5.9   -9.0   -9.0   -9.0   -9.0 -9 -9 -                        9   2    8 CuCi       2   0   2  2756  0.0  0.50 -9  30.9  29.4  29.3  27.8  27.0  -9 -9.0 -9  3  2
202407251900 108  29  2.1  -9 -9.0   -9  995.8 1005.3 -9  -9.0  30.9  25.0  71.0  31.7   -9.0    5.9    5.9   -9.0   -9.0   -9.0   -9.0 -9 -9 -                        8   0   -9 -         -9  -9  -9  2705  0.0  0.33 -9  29.2  29.3  29.3  27.9  27.1  -9 -9.0 -9  3 -9
202407252000 108  34  1.6  -9 -9.0   -9  996.5 1006.0 -9  -9.0  30.2  24.5  72.0  30.7   -9.0    5.9    5.9   -9.0   -9.0   -9.0   -9.0 -9 -9 -                        9   2   11 -         -9  -9  -9  3117  0.0  0.07 -9  28.0  29.1  29.2  27.9  27.1  -9 -9.0 -9  3 -9
202407252100 108  11  3.7  11 11.0 2058  998.0 1007.6  2   3.0  29.1  23.9  74.0  29.7   -9.0    5.9    5.9   -9.0   -9.0   -9.0   -9.0 -9 -9 -                        9   5    7 CuScCi     2   0   8  3183 -9.0 -9.00 -9  27.2  28.8  29.0  27.9  27.2  -9 -9.0 -9  3  2
202407252200 108   7  1.4  -9 -9.0   -9  998.6 1008.3 -9  -9.0  26.1  23.9  88.0  29.7   15.1   21.0   21.0   -9.0   -9.0   -9.0   -9.0 25 82 04                       8   6    8 CuScCi     1   0   8  3026 -9.0 -9.00 -9  25.6  28.0  28.6  27.9  27.3  -9 -9.0 -9  4  1
202407252300 108   5  3.1  -9 -9.0   -9  998.7 1008.4 -9  -9.0  25.9  24.1  90.0  30.0    0.0   21.0   21.0   -9.0   -9.0   -9.0   -9.0 25 82 04                       8   4   10 ScAc       0   3   5  2769 -9.0 -9.00 -9  25.5  27.6  28.1  27.7  27.4  -9 -9.0 -9  4  1
202407260000 108   5  2.9  -9 -9.0   -9  998.8 1008.5  2   0.9  25.4  23.9  92.0  29.7    4.3   25.3   25.3   -9.0   -9.0   -9.0   -9.0 81 82 04                       9   6    8 CuScCi     2   0   8  1289 -9.0 -9.00 -9  25.2  27.4  27.9  27.5  27.4  -9 -9.0 -9  4  1
202407260100 108   7  1.7  -9 -9.0   -9  998.9 1008.6 -9  -9.0  25.3  23.8  92.0  29.5    0.7    0.7    0.7   -9.0   -9.0   -9.0   -9.0 25 82 04                       8   5   11 ScCi       1   0   5  2273 -9.0 -9.00 -9  25.2  27.1  27.6  27.3  27.3  -9 -9.0 -9  4  1
202407260200 108   5  2.6  -9 -9.0   -9  998.4 1008.1 -9  -9.0  25.2  23.9  93.0  29.7   -9.0    0.7    0.7   -9.0   -9.0   -9.0   -9.0 -9 -9 -                       10   3   54 -         -9  -9  -9  2670 -9.0 -9.00 -9  24.8  27.0  27.5  27.2  27.2  -9 -9.0 -9  3 -9
202407260300 108   5  2.7  -9 -9.0   -9  998.1 1007.8  8  -0.7  25.2  23.8  92.0  29.5   -9.0    0.7    0.7   -9.0   -9.0   -9.0   -9.0 -9 82 -                        7   5   45 AcCi       1   3   0  2830 -9.0 -9.00 -9  24.6  26.9  27.4  27.1  27.2  -9 -9.0 -9  3  1
202407260400 108   5  2.8  -9 -9.0   -9  998.1 1007.8 -9  -9.0  25.3  24.0  93.0  29.8   -9.0    0.7    0.7   -9.0   -9.0   -9.0   -9.0 -9 -9 -                        7   7   46 Ac         0   3   0  3142 -9.0 -9.00 -9  24.8  26.8  27.2  27.0  27.1  -9 -9.0 -9  3  2
202407260500 108   5  2.6  -9 -9.0   -9  998.3 1008.0 -9  -9.0  25.3  23.8  92.0  29.5   -9.0    0.7    0.7   -9.0   -9.0   -9.0   -9.0 -9 -9 -                        5   3   45 AcCi       1   3   0  2869 -9.0 -9.00 -9  24.6  26.7  27.1  26.9  27.0  -9 -9.0 -9  3  2
202407260600 108   5  2.3  -9 -9.0   -9  998.8 1008.5  2   0.7  25.3  23.8  92.0  29.5   -9.0    0.7    0.7   -9.0   -9.0   -9.0   -9.0 -9 -9 -                        6   4   40 AcCi       1   3   0  2899  0.0  0.02 -9  24.8  26.6  27.1  26.8  27.0  -9 -9.0 -9  3  2
202407260700 108   5  2.3  -9 -9.0   -9  999.1 1008.8 -9  -9.0  25.9  24.3  91.0  30.4   -9.0    0.7    0.7   -9.0   -9.0   -9.0   -9.0 -9 -9 -                        6   1   16 ScCi       1   0   5  3008  0.8  0.43 -9  26.3  26.6  27.0  26.7  26.9  -9 -9.0 -9  3  2
202407260800 108   7  1.6  -9 -9.0   -9  999.3 1008.9 -9  -9.0  27.2  25.0  88.0  31.7   -9.0    0.7    0.7   -9.0   -9.0   -9.0   -9.0 -9 -9 -                        6   1   15 ScCi       1   0   5  3357  0.9  0.93 -9  31.1  26.6  27.0  26.6  26.8  -9 -9.0 -9  3  2
202407260900 108   9  1.2  -9 -9.0   -9  999.3 1008.9  1   0.4  28.6  25.6  84.0  32.8   -9.0    0.7    0.7   -9.0   -9.0   -9.0   -9.0 -9 -9 -                        7   5   17 ScCi       2   0   5  2851  0.9  1.48 -9  32.4  26.9  27.1  26.6  26.8  -9 -9.0 -9  3  2
202407261000 108   7  2.0  -9 -9.0   -9  999.3 1008.9 -9  -9.0  29.4  25.5  80.0  32.6   -9.0    0.7    0.7   -9.0   -9.0   -9.0   -9.0 -9 -9 -                        7   2   16 ScCi       2   0   5  2885  0.1  1.15 -9  33.7  27.2  27.3  26.6  26.7  -9 -9.0 -9  3  2
202407261100 108  11  2.8  -9 -9.0   -9  999.2 1008.7 -9  -9.0  31.3  25.6  72.0  32.8   -9.0    0.7    0.7   -9.0   -9.0   -9.0   -9.0 -9 -9 -                        7   2    8 ScCi       1   0   5  2630  1.0  2.83 -9  40.3  27.6  27.6  26.7  26.7  -9 -9.0 -9  3  2
202407261200 108  14  3.7  -9 -9.0   -9  999.3 1008.8  5  -0.1  32.0  25.5  69.0  32.6   -9.0    0.7    0.7   -9.0   -9.0   -9.0   -9.0 -9 -9 -                        9   1    8 ScCi       1   0   5  3370  0.9  2.53 -9  38.5  28.3  28.1  26.9  26.7  -9 -9.0 -9  3  2
202407261300 108  11  3.0  -9 -9.0   -9  999.1 1008.6 -9  -9.0  32.2  25.5  68.0  32.6   -9.0    0.7    0.7   -9.0   -9.0   -9.0   -9.0 -9 -9 -                        8   5   10 CuScCi     1   0   8  2845  0.6  2.13 -9  36.0  29.0  28.7  27.1  26.8  -9 -9.0 -9  3  2
202407261400 108  27  1.1  16 10.0 1337  998.9 1008.5 -9  -9.0  30.4  26.5  80.0  34.6    2.9    3.6    3.6   -9.0   -9.0   -9.0   -9.0 25 82 04                       7   4   10 CuCi       1   0   2  3667  0.4  1.93 -9  40.0  29.2  29.1  27.4  26.8  -9 -9.0 -9  4  1
202407261500 108  14  2.8  16 10.0 1337  998.4 1007.9  7  -0.9  32.4  27.1  74.0  35.9   -9.0    3.6    3.6   -9.0   -9.0   -9.0   -9.0 -9 82 -                        8   5   12 CuScCi     1   0   8  2849  0.8  2.70 -9  41.2  29.5  29.4  27.6  26.9  -9 -9.0 -9  3  1
202407261600 108  14  3.9  -9 -9.0   -9  998.1 1007.6 -9  -9.0  32.2  25.2  67.0  32.1   -9.0    3.6    3.6   -9.0   -9.0   -9.0   -9.0 -9 -9 -                        9   5    9 CuScCi     2   0   8  3265  0.3  1.23 -9  32.6  30.0  29.7  27.9  27.1  -9 -9.0 -9  3  2
202407261700 108  18  1.7  -9 -9.0   -9  999.3 1008.9 -9  -9.0  29.1  25.7  82.0  33.0    1.9    5.5    5.5   -9.0   -9.0   -9.0   -9.0 29 98 04                       9   7    6 CuScAs     0   2   8  2372  0.0  0.28 -9  30.4  29.9  29.8  28.1  27.2  -9 -9.0 -9  4  1
202407261800 108   9  1.2  -9 -9.0   -9  999.8 1009.4  3   1.5  29.3  25.6  81.0  32.8   -9.0    5.5    5.5   -9.0   -9.0   -9.0   -9.0 -9 98 -                        9   4    7 CuScAsCi   2   2   8  2529  0.0  0.36 -9  30.2  29.7  29.7  28.2  27.4  -9 -9.0 -9  3  1
202407261900 108  14  2.7  -9 -9.0   -9 1000.8 1010.4 -9  -9.0  29.1  25.4  81.0  32.4   -9.0    5.5    5.5   -9.0   -9.0   -9.0   -9.0 -9 -9 -                        9   5    8 -         -9  -9  -9  2767  0.0  0.23 -9  29.2  29.5  29.6  28.3  27.5  -9 -9.0 -9  3 -9
202407262000 108  11  1.4  -9 -9.0   -9 1001.4 1011.0 -9  -9.0  29.0  25.4  81.0  32.4   -9.0    5.5    5.5   -9.0   -9.0   -9.0   -9.0 -9 -9 -                       10   1   18 -         -9  -9  -9  2895  0.0  0.06 -9  28.2  29.3  29.5  28.3  27.6  -9 -9.0 -9  3 -9
202407262100 108  11  2.0  -9 -9.0   -9 1002.0 1011.6  2   2.2  28.8  24.9  80.0  31.5   -9.0    5.5    5.5   -9.0   -9.0   -9.0   -9.0 -9 98 -                        8   6   15 ScCi       1   0   5  3025 -9.0 -9.00 -9  27.7  29.1  29.3  28.3  27.6  -9 -9.0 -9  3  1
202407262200 108   9  0.8  -9 -9.0   -9 1002.6 1012.2 -9  -9.0  28.6  25.2  82.0  32.1   -9.0    5.5    5.5   -9.0   -9.0   -9.0   -9.0 -9 -9 -                       10   6   16 -         -9  -9  -9  2912 -9.0 -9.00 -9  27.6  28.9  29.1  28.2  27.7  -9 -9.0 -9  3 -9
202407262300 108   9  1.2  -9 -9.0   -9 1002.8 1012.4 -9  -9.0  28.5  25.1  82.0  31.9    0.0    5.5    5.5   -9.0   -9.0   -9.0   -9.0 60 62 01                      10   8   11 ScAs      -9   2   5  2028 -9.0 -9.00 -9  27.4  28.7  29.0  28.1  27.7  -9 -9.0 -9  4  1
202407270000 108   9  1.8  -9 -9.0   -9 1002.7 1012.3  0   0.7  28.1  24.9  83.0  31.5    0.0    5.5    5.5   -9.0   -9.0   -9.0   -9.0 60 66 01                      10   7   10 ScAs      -9   2   5  2883 -9.0 -9.00 -9  27.1  28.5  28.8  28.1  27.7  -9 -9.0 -9  4  1
202407270100 108  14  1.6  -9 -9.0   -9 1002.8 1012.5 -9  -9.0  27.9  24.7  83.0  31.1    0.0    0.0    0.0   -9.0   -9.0   -9.0   -9.0 60 66 01                      10   7   12 ScAs      -9   2   5  2858 -9.0 -9.00 -9  27.0  28.4  28.7  28.0  27.7  -9 -9.0 -9  4  1
202407270200 108   7  0.8  -9 -9.0   -9 1002.8 1012.5 -9  -9.0  27.8  24.8  84.0  31.3    0.0    0.0    0.0   -9.0   -9.0   -9.0   -9.0 21 62 01                       9   9    9 Sc         0   0   5  2909 -9.0 -9.00 -9  27.0  28.2  28.6  27.9  27.7  -9 -9.0 -9  4  1
202407270300 108   9  1.3  -9 -9.0   -9 1002.8 1012.5  1   0.2  27.7  24.7  84.0  31.1   -9.0    0.0    0.0   -9.0   -9.0   -9.0   -9.0 -9 62 -                        9   9    8 Sc         0   0   5  2929 -9.0 -9.00 -9  27.0  28.1  28.4  27.8  27.6  -9 -9.0 -9  3  1
202407270400 108   7  0.9  -9 -9.0   -9 1002.8 1012.5 -9  -9.0  27.7  24.9  85.0  31.5   -9.0    0.0    0.0   -9.0   -9.0   -9.0   -9.0 -9 -9 -                        9   5    8 ScCi       1   0   5  2612 -9.0 -9.00 -9  26.9  28.0  28.3  27.7  27.6  -9 -9.0 -9  3  2
202407270500 108   7  1.0  -9 -9.0   -9 1003.3 1013.0 -9  -9.0  27.6  24.8  85.0  31.3   -9.0    0.0    0.0   -9.0   -9.0   -9.0   -9.0 -9 -9 -                        7   7    8 Sc         0   0   5  2870 -9.0 -9.00 -9  26.8  28.0  28.3  27.7  27.6  -9 -9.0 -9  3  2
202407270600 108   5  0.8  -9 -9.0   -9 1003.6 1013.3  2   0.8  27.5  24.7  85.0  31.1   -9.0    0.0    0.0   -9.0   -9.0   -9.0   -9.0 -9 -9 -                        9   7   11 ScAc       0   3   5  2599  0.0  0.00 -9  26.7  27.9  28.2  27.6  27.5  -9 -9.0 -9  3  2
202407270700 108   9  0.8  -9 -9.0   -9 1004.0 1013.7 -9  -9.0  27.6  24.8  85.0  31.3   -9.0    0.0    0.0   -9.0   -9.0   -9.0   -9.0 -9 -9 -                        8   2   13 ScAcCi     1   3   5  3068  0.0  0.16 -9  27.6  27.8  28.1  27.5  27.5  -9 -9.0 -9  3  2
202407270800 108  14  2.0  -9 -9.0   -9 1004.2 1013.8 -9  -9.0  28.7  25.1  81.0  31.9   -9.0    0.0    0.0   -9.0   -9.0   -9.0   -9.0 -9 -9 -                        8   6   17 ScCi       1   0   5  3548  0.4  0.69 -9  30.1  27.8  28.1  27.5  27.4  -9 -9.0 -9  3  2
202407270900 108  16  2.6  -9 -9.0   -9 1004.5 1014.1  2   0.8  29.2  24.9  78.0  31.5   -9.0    0.0    0.0   -9.0   -9.0   -9.0   -9.0 -9 -9 -                       10   7    8 ScAs      -9   2   5  3730  0.2  0.96 -9  30.7  28.0  28.1  27.5  27.4  -9 -9.0 -9  3  2
202407271000 108  14  2.4  -9 -9.0   -9 1004.7 1014.3 -9  -9.0  29.7  25.2  77.0  32.1   -9.0    0.0    0.0   -9.0   -9.0   -9.0   -9.0 -9 -9 -                        9   9    7 Sc         0   0   5  3621  0.0  0.76 -9  32.7  28.2  28.3  27.5  27.4  -9 -9.0 -9  3  2
202407271100 108  16  2.4  -9 -9.0   -9 1004.6 1014.2 -9  -9.0  30.4  25.2  74.0  32.1   -9.0    0.0    0.0   -9.0   -9.0   -9.0   -9.0 -9 -9 -                        8   8    8 Sc         0   0   5  3906  0.0  1.31 -9  33.7  28.4  28.5  27.5  27.4  -9 -9.0 -9  3  2
202407271200 108  18  2.8  -9 -9.0   -9 1004.4 1014.0  8  -0.1  31.2  25.0  70.0  31.7   -9.0    0.0    0.0   -9.0   -9.0   -9.0   -9.0 -9 -9 -                        9   9    9 Sc         0   0   5  3540  0.3  2.02 -9  35.2  28.8  28.8  27.6  27.4  -9 -9.0 -9  3  2
202407271300 108  18  3.6  -9 -9.0   -9 1004.0 1013.6 -9  -9.0  31.3  24.9  69.0  31.5   -9.0    0.0    0.0   -9.0   -9.0   -9.0   -9.0 -9 -9 -                        9   9    9 Sc         0   0   5  3474  0.1  1.35 -9  33.1  29.2  29.1  27.8  27.4  -9 -9.0 -9  3  2
202407271400 108  25  3.1  -9 -9.0   -9 1004.2 1013.8 -9  -9.0  30.1  26.4  81.0  34.4    1.5    1.5    1.5   -9.0   -9.0   -9.0   -9.0 80 82 04                      10   8    7 CuScAs    -9   2   8  1482  0.0  0.76 -9  29.8  29.4  29.3  27.9  27.4  -9 -9.0 -9  4  1
202407271500 108  20  3.1  23 10.0 1401 1003.3 1012.9  7  -1.1  30.9  26.8  79.0  35.2    4.8    6.3    6.3   -9.0   -9.0   -9.0   -9.0 25 82 04                       7   7    8 CuSc       0   0   8  3472  0.6  2.70 -9  39.3  29.3  29.4  28.1  27.5  -9 -9.0 -9  4  1
202407271600 108  20  2.1  -9 -9.0   -9 1003.5 1013.1 -9  -9.0  29.2  26.4  85.0  34.4    3.4    9.7    9.7   -9.0   -9.0   -9.0   -9.0 81 82 04                       9   9    5 CuSc       0   0   8  2316  0.0  0.70 -9  32.5  29.7  29.6  28.2  27.6  -9 -9.0 -9  4  1
202407271700 108  16  2.2  -9 -9.0   -9 1003.6 1013.2 -9  -9.0  29.3  26.7  86.0  35.0    5.9   15.6   15.6   -9.0   -9.0   -9.0   -9.0 81 88 04                       9   9    5 CuSc       0   0   8  1170  0.0  0.74 -9  29.0  29.8  29.8  28.3  27.7  -9 -9.0 -9  4  1
202407271800 108  16  1.4  -9 -9.0   -9 1003.6 1013.2  1   0.3  28.7  26.8  90.0  35.2   10.1   25.7   25.7   -9.0   -9.0   -9.0   -9.0 81 88 04                       9   9    5 CuSc       0   0   8   463  0.1  0.37 -9  29.3  29.5  29.8  28.6  27.8  -9 -9.0 -9  4  1
202407271900 108   0  0.0  -9 -9.0   -9 1004.3 1013.9 -9  -9.0  28.3  26.4  90.0  34.4    7.8   33.5   33.5   -9.0   -9.0   -9.0   -9.0 25 82 04                       8   3    6 ScAcCs     9   3   5  1761  0.0  0.14 -9  28.8  29.2  29.6  28.6  28.1  -9 -9.0 -9  4  1
202407272000 108  14  1.1  -9 -9.0   -9 1004.6 1014.3 -9  -9.0  28.3  26.3  89.0  34.2   -9.0   33.5   33.5   -9.0   -9.0   -9.0   -9.0 -9 -9 -                        7   1    6 -         -9  -9  -9  2057  0.0  0.07 -9  28.0  29.0  29.4  28.6  28.2  -9 -9.0 -9  3 -9
202407272100 108   0  0.4  -9 -9.0   -9 1005.3 1015.0  2   1.8  28.1  26.4  91.0  34.4   -9.0   33.5   33.5   -9.0   -9.0   -9.0   -9.0 -9 82 -                        6   4   37 AcCi       1   3   0  1673 -9.0 -9.00 -9  27.6  28.9  29.2  28.5  28.2  -9 -9.0 -9  3  1
202407272200 108   2  1.4  -9 -9.0   -9 1005.5 1015.2 -9  -9.0  27.9  26.2  91.0  34.0   -9.0   33.5   33.5   -9.0   -9.0   -9.0   -9.0 -9 -9 -                        7   2   13 -         -9  -9  -9  1664 -9.0 -9.00 -9  27.4  28.7  29.1  28.4  28.2  -9 -9.0 -9  3 -9
202407272300 108   2  1.4  -9 -9.0   -9 1005.4 1015.1 -9  -9.0  27.7  26.0  91.0  33.6   -9.0   33.5   33.5   -9.0   -9.0   -9.0   -9.0 -9 -9 -                       10   3   10 -         -9  -9  -9  1461 -9.0 -9.00 -9  27.3  28.6  29.0  28.3  28.1  -9 -9.0 -9  3 -9
202407280000 108   2  1.6  -9 -9.0   -9 1005.3 1015.0  4   0.0  27.5  26.0  92.0  33.6   -9.0   33.5   33.5   -9.0   -9.0   -9.0   -9.0 -9 -9 -                        8   6    9 ScAc       0   3   5  1704 -9.0 -9.00 -9  27.2  28.5  28.8  28.3  28.1  -9 -9.0 -9  3  2
202407280100 108   2  1.4  -9 -9.0   -9 1005.0 1014.7 -9  -9.0  27.5  26.0  92.0  33.6   -9.0   -9.0   -9.0   -9.0   -9.0   -9.0   -9.0 -9 -9 -                        7   6    7 -         -9  -9  -9  2261 -9.0 -9.00 -9  26.9  28.4  28.7  28.2  28.1  -9 -9.0 -9  3 -9
202407280200 108   7  0.7  -9 -9.0   -9 1004.6 1014.3 -9  -9.0  27.5  25.8  91.0  33.2   -9.0   -9.0   -9.0   -9.0   -9.0   -9.0   -9.0 -9 -9 -                       10   2    8 -         -9  -9  -9  2356 -9.0 -9.00 -9  26.9  28.3  28.6  28.1  28.0  -9 -9.0 -9  3 -9
202407280300 108  11  1.0  -9 -9.0   -9 1004.3 1014.0  7  -1.0  27.5  25.7  90.0  33.0   -9.0   -9.0   -9.0   -9.0   -9.0   -9.0   -9.0 -9 -9 -                        9   9   41 Ac         0   3   0  2211 -9.0 -9.00 -9  26.8  28.2  28.5  28.0  28.0  -9 -9.0 -9  3  2
202407280400 108   9  0.7  -9 -9.0   -9 1004.2 1013.9 -9  -9.0  27.4  25.4  89.0  32.4   -9.0   -9.0   -9.0   -9.0   -9.0   -9.0   -9.0 -9 -9 -                        9   9   38 Ac         0   3   0  2091 -9.0 -9.00 -9  26.7  28.1  28.4  27.9  27.9  -9 -9.0 -9  3  2
202407280500 108  11  1.5  -9 -9.0   -9 1004.3 1014.0 -9  -9.0  27.4  25.0  87.0  31.7   -9.0   -9.0   -9.0   -9.0   -9.0   -9.0   -9.0 -9 -9 -                        9   9   38 Ac         0   3   0  2290 -9.0 -9.00 -9  26.6  28.0  28.4  27.9  27.9  -9 -9.0 -9  3  2
202407280600 108  14  1.1  -9 -9.0   -9 1004.3 1014.0  4   0.0  27.3  24.9  87.0  31.5   -9.0   -9.0   -9.0   -9.0   -9.0   -9.0   -9.0 -9 -9 -                        9   9   38 Ac         0   3   0  2279  0.0  0.01 -9  26.6  27.9  28.3  27.8  27.9  -9 -9.0 -9  3  2
202407280700 108  14  2.3  -9 -9.0   -9 1003.8 1013.5 -9  -9.0  27.5  24.7  85.0  31.1   -9.0   -9.0   -9.0   -9.0   -9.0   -9.0   -9.0 -9 -9 -                        9   2    7 StAc       0   3   6  2333  0.0  0.16 -9  27.2  27.9  28.2  27.7  27.8  -9 -9.0 -9  3  2
202407280800 108  16  1.7  -9 -9.0   -9 1003.8 1013.4 -9  -9.0  28.6  25.0  81.0  31.7   -9.0   -9.0   -9.0   -9.0   -9.0   -9.0   -9.0 -9 -9 -                        8   1    7 ScAcCi     1   3   5  2791  0.6  0.94 -9  31.0  27.9  28.2  27.7  27.8  -9 -9.0 -9  3  2
202407280900 108  18  3.9  -9 -9.0   -9 1003.6 1013.2  7  -0.8  29.3  24.4  75.0  30.6   -9.0   -9.0   -9.0   -9.0   -9.0   -9.0   -9.0 -9 -9 -                        9   7    8 ScCi       2   0   5  2686  0.7  1.37 -9  33.0  28.1  28.3  27.7  27.7  -9 -9.0 -9  3  2
202407281000 108  20  4.0  -9 -9.0   -9 1003.2 1012.8 -9  -9.0  30.1  24.4  72.0  30.6   -9.0   -9.0   -9.0   -9.0   -9.0   -9.0   -9.0 -9 -9 -                        9   9    8 Sc         0   0   5  3136  0.5  1.70 -9  35.0  28.4  28.5  27.7  27.7  -9 -9.0 -9  3  2
202407281100 108  20  4.0  -9 -9.0   -9 1003.0 1012.6 -9  -9.0  30.5  24.3  70.0  30.4   -9.0   -9.0   -9.0   -9.0   -9.0   -9.0   -9.0 -9 -9 -                        9   6    9 ScCi       2   0   5  3200  0.6  1.88 -9  35.6  28.7  28.8  27.8  27.7  -9 -9.0 -9  3  2
202407281200 108  18  5.1  -9 -9.0   -9 1002.6 1012.2  7  -1.0  31.0  23.6  65.0  29.1   -9.0   -9.0   -9.0   -9.0   -9.0   -9.0   -9.0 -9 -9 -                        8   6   10 ScCi       2   0   5  3156  0.6  2.34 -9  35.7  29.1  29.1  27.9  27.7  -9 -9.0 -9  3  2
202407281300 108  18  4.7  -9 -9.0   -9 1002.2 1011.7 -9  -9.0  31.7  24.0  64.0  29.8   -9.0   -9.0   -9.0   -9.0   -9.0   -9.0   -9.0 -9 -9 -                        8   6   10 ScCi       2   0   5  3643  0.4  2.14 -9  36.5  29.5  29.4  28.1  27.7  -9 -9.0 -9  3  2
202407281400 108  23  5.3  18 11.0 1326 1001.9 1011.4 -9  -9.0  32.0  23.5  61.0  28.9   -9.0   -9.0   -9.0   -9.0   -9.0   -9.0   -9.0 -9 -9 -                        8   6   11 ScCi       1   0   5  3312  0.4  2.19 -9  36.5  29.8  29.7  28.2  27.8  -9 -9.0 -9  3  2
202407281500 108  23  5.8  20 11.0 1410 1001.7 1011.2  7  -1.0  31.9  24.2  64.0  30.2   -9.0   -9.0   -9.0   -9.0   -9.0   -9.0   -9.0 -9 -9 -                        8   8   10 Sc         0   0   5  3490  0.6  2.37 -9  36.7  30.0  29.9  28.4  27.8  -9 -9.0 -9  3  2
202407281600 108  23  5.8  23 11.0 1511 1001.7 1011.3 -9  -9.0  30.6  24.0  68.0  29.8    0.0    0.0    0.0   -9.0   -9.0   -9.0   -9.0 25 82 04                       8   8    4 CuSc       0   0   8  2872  0.1  0.84 -9  31.6  30.1  30.1  28.6  27.9  -9 -9.0 -9  4  1
202407281700 108  23  4.6  18 11.0 1602 1001.2 1010.8 -9  -9.0  30.5  24.1  69.0  30.0   -9.0    0.0    0.0   -9.0   -9.0   -9.0   -9.0 -9 -9 -                        8   8    4 CuSc       0   0   8  3254  0.3  1.09 -9  31.2  29.9  30.0  28.7  28.0  -9 -9.0 -9  3  2
202407281800 108  20  6.0  18 12.0 1756 1000.9 1010.5  8  -0.7  30.3  23.9  69.0  29.7   -9.0    0.0    0.0   -9.0   -9.0   -9.0   -9.0 -9 82 -                        9   4    5 CuScAc     0   3   8  2919  0.3  0.93 -9  29.6  29.9  30.0  28.7  28.1  -9 -9.0 -9  3  1
202407281900 108  23  4.5  18 11.0 1807 1001.2 1010.8 -9  -9.0  29.7  24.3  73.0  30.4   -9.0    0.0    0.0   -9.0   -9.0   -9.0   -9.0 -9 -9 -                        6   6    7 -         -9  -9  -9  3145  0.0  0.33 -9  28.6  29.7  29.9  28.7  28.1  -9 -9.0 -9  3 -9
202407282000 108  20  3.6  -9 -9.0   -9 1001.2 1010.8 -9  -9.0  29.2  24.3  75.0  30.4   -9.0    0.0    0.0   -9.0   -9.0   -9.0   -9.0 -9 -9 -                        6   6    6 -         -9  -9  -9  3048  0.0  0.04 -9  27.7  29.5  29.7  28.7  28.2  -9 -9.0 -9  3 -9
202407282100 108  20  2.7  18 12.0 1756 1001.3 1010.9  2   0.4  28.8  24.3  77.0  30.4   -9.0    0.0    0.0   -9.0   -9.0   -9.0   -9.0 -9 82 -                        7   5    7 ScCi       1   0   5  2873 -9.0 -9.00 -9  27.0  29.2  29.5  28.7  28.2  -9 -9.0 -9  3  1
202407282200 108  20  3.4  -9 -9.0   -9 1001.2 1010.8 -9  -9.0  28.3  24.0  78.0  29.8   -9.0    0.0    0.0   -9.0   -9.0   -9.0   -9.0 -9 -9 -                        7   7    6 -         -9  -9  -9  2981 -9.0 -9.00 -9  26.5  29.0  29.3  28.6  28.2  -9 -9.0 -9  3 -9
202407282300 108  23  3.2  -9 -9.0   -9 1001.5 1011.1 -9  -9.0  28.0  24.0  79.0  29.8   -9.0    0.0    0.0   -9.0   -9.0   -9.0   -9.0 -9 -9 -                        7   7    6 -         -9  -9  -9  2956 -9.0 -9.00 -9  26.2  28.8  29.1  28.5  28.2  -9 -9.0 -9  3 -9
202407290000 108  20  4.3  -9 -9.0   -9 1001.3 1010.9  4   0.0  27.8  24.2  81.0  30.2   -9.0    0.0    0.0   -9.0   -9.0   -9.0   -9.0 -9 -9 -                        7   4    7 ScCi       1   0   5  2821 -9.0 -9.00 -9  26.1  28.5  28.9  28.4  28.2  -9 -9.0 -9  3  2
202407290100 108  20  3.0  -9 -9.0   -9 1001.4 1011.0 -9  -9.0  27.7  24.3  82.0  30.4   -9.0   -9.0   -9.0   -9.0   -9.0   -9.0   -9.0 -9 -9 -                        7   7    4 -         -9  -9  -9  2953 -9.0 -9.00 -9  26.3  28.4  28.8  28.3  28.2  -9 -9.0 -9  3 -9
202407290200 108  20  4.1  -9 -9.0   -9 1001.1 1010.8 -9  -9.0  27.5  24.1  82.0  30.0   -9.0   -9.0   -9.0   -9.0   -9.0   -9.0   -9.0 -9 -9 -                        7   7    4 -         -9  -9  -9  2912 -9.0 -9.00 -9  26.1  28.2  28.6  28.2  28.1  -9 -9.0 -9  3 -9
202407290300 108  20  4.5  -9 -9.0   -9 1000.5 1010.2  8  -0.7  27.4  24.2  83.0  30.2   -9.0   -9.0   -9.0   -9.0   -9.0   -9.0   -9.0 -9 -9 -                        7   7    5 St         0   0   6  2790 -9.0 -9.00 -9  25.9  28.1  28.5  28.1  28.1  -9 -9.0 -9  3  2
202407290400 108  23  3.6  -9 -9.0   -9 1000.4 1010.1 -9  -9.0  27.3  24.1  83.0  30.0   -9.0   -9.0   -9.0   -9.0   -9.0   -9.0   -9.0 -9 -9 -                        8   8    7 Sc         0   0   5  2783 -9.0 -9.00 -9  26.0  28.0  28.4  28.0  28.0  -9 -9.0 -9  3  2
202407290500 108  20  3.6  23 11.0  415 1000.1 1009.8 -9  -9.0  27.3  24.3  84.0  30.4   -9.0   -9.0   -9.0   -9.0   -9.0   -9.0   -9.0 -9 -9 -                        9   9    7 Sc         0   0   5  2602 -9.0 -9.00 -9  26.0  27.9  28.3  27.9  27.9  -9 -9.0 -9  3  2
202407290600 108  20  3.9  23 11.0  415  999.9 1009.6  7  -0.6  27.2  24.2  84.0  30.2    0.0    0.0    0.0   -9.0   -9.0   -9.0   -9.0 60 62 01                       9   6    7 ScAs       0   2   5  2351  0.0  0.00 -9  26.0  27.8  28.2  27.8  27.9  -9 -9.0 -9  4  1
202407290700 108  23  2.8  -9 -9.0   -9 1000.0 1009.7 -9  -9.0  27.3  24.3  84.0  30.4    0.0    0.0    0.0   -9.0   -9.0   -9.0   -9.0 21 62 01                       9   9    8 Sc         0   0   5  2503  0.0  0.11 -9  26.8  27.7  28.1  27.7  27.8  -9 -9.0 -9  4  1
202407290800 108  23  4.3  -9 -9.0   -9 1000.1 1009.7 -9  -9.0  27.4  24.4  84.0  30.6    0.0    0.0    0.0   -9.0   -9.0   -9.0   -9.0 60 62 01                      10   8    7 ScAs      -9   2   5  2171  0.0  0.15 -9  26.7  27.7  28.0  27.6  27.8  -9 -9.0 -9  4  1
202407290900 108  23  3.8  23 11.0  415  999.9 1009.5  8  -0.1  27.6  24.2  82.0  30.2    0.0    0.0    0.0   -9.0   -9.0   -9.0   -9.0 60 66 01                      10   8    9 ScAs      -9   2   5  2499  0.0  0.23 -9  26.9  27.6  28.0  27.6  27.7  -9 -9.0 -9  1  1
202407291000 108  23  4.8  20 11.0  948 1000.2 1009.8 -9  -9.0  27.5  24.3  83.0  30.4    0.0    0.0    0.0   -9.0   -9.0   -9.0   -9.0 60 66 01                      10   7    8 ScAs      -9   2   5  2251  0.0  0.25 -9  27.0  27.6  28.0  27.5  27.7  -9 -9.0 -9  4  1
202407291100 108  20  4.1  -9 -9.0   -9 1000.1 1009.7 -9  -9.0  27.5  24.3  83.0  30.4    0.0    0.0    0.0   -9.0   -9.0   -9.0   -9.0 60 66 01                      10   9    8 ScAs      -9   2   5  2132  0.0  0.21 -9  27.1  27.6  27.9  27.5  27.6  -9 -9.0 -9  4  1
202407291200 108  20  3.1  20 11.0  948  999.6 1009.2  8  -0.3  27.6  24.6  84.0  30.9    0.0    0.0    0.0   -9.0   -9.0   -9.0   -9.0 21 62 01                      10   8    9 ScAs      -9   2   5  1932  0.0  0.27 -9  27.5  27.6  27.9  27.4  27.6  -9 -9.0 -9  4  1
202407291300 108  23  5.0  23 10.0 1234  999.2 1008.8 -9  -9.0  27.6  24.6  84.0  30.9   -9.0    0.0    0.0   -9.0   -9.0   -9.0   -9.0 -9 -9 -                       10   7    9 ScAs      -9   2   5  2109  0.0  0.30 -9  27.2  27.6  27.9  27.4  27.6  -9 -9.0 -9  3  2
202407291400 108  23  3.8  -9 -9.0   -9  998.9 1008.5 -9  -9.0  27.7  24.7  84.0  31.1    0.0    0.0    0.0   -9.0   -9.0   -9.0   -9.0 60 62 01                      10   9    8 ScAs      -9   2   5  1955  0.0  0.20 -9  27.2  27.6  27.9  27.4  27.5  -9 -9.0 -9  4  1
202407291500 108  23  4.9  20 11.0  948  998.6 1008.2  7  -1.0  27.6  24.6  84.0  30.9    0.0    0.0    0.0   -9.0   -9.0   -9.0   -9.0 21 62 01                      10   8    9 ScAs      -9   2   5  1808  0.0  0.23 -9  27.3  27.6  27.9  27.4  27.5  -9 -9.0 -9  4  1
202407291600 108  23  3.4  -9 -9.0   -9  998.2 1007.8 -9  -9.0  27.6  24.6  84.0  30.9   -9.0    0.0    0.0   -9.0   -9.0   -9.0   -9.0 -9 -9 -                       10   8    9 ScAs      -9   2   5  1831  0.0  0.26 -9  27.4  27.6  27.9  27.3  27.5  -9 -9.0 -9  3  2
202407291700 108  23  5.0  -9 -9.0   -9  997.7 1007.3 -9  -9.0  27.4  24.6  85.0  30.9   -9.0    0.0    0.0   -9.0   -9.0   -9.0   -9.0 -9 -9 -                       10   6   10 ScAs      -9   2   5  1535  0.0  0.21 -9  27.0  27.6  27.9  27.3  27.4  -9 -9.0 -9  3  2
202407291800 108  23  3.7  -9 -9.0   -9  997.3 1006.9  7  -1.3  27.4  24.6  85.0  30.9   -9.0    0.0    0.0   -9.0   -9.0   -9.0   -9.0 -9 -9 -                       10   6   10 ScAs      -9   2   5  1332  0.0  0.11 -9  26.9  27.5  27.8  27.3  27.4  -9 -9.0 -9  3  2
202407291900 108  23  3.5  -9 -9.0   -9  997.5 1007.1 -9  -9.0  27.4  24.4  84.0  30.6   -9.0    0.0    0.0   -9.0   -9.0   -9.0   -9.0 -9 -9 -                        5   5    4 -         -9  -9  -9  1411  0.0  0.07 -9  26.5  27.5  27.8  27.3  27.4  -9 -9.0 -9  3 -9
202407292000 108  23  4.7  -9 -9.0   -9  997.8 1007.4 -9  -9.0  27.2  24.4  85.0  30.6   -9.0    0.0    0.0   -9.0   -9.0   -9.0   -9.0 -9 -9 -                        5   5    3 -         -9  -9  -9  1628  0.0  0.01 -9  26.1  27.4  27.8  27.2  27.4  -9 -9.0 -9  3 -9
202407292100 108  23  2.8  -9 -9.0   -9  998.4 1008.0  2   1.1  27.2  24.4  85.0  30.6   -9.0    0.0    0.0   -9.0   -9.0   -9.0   -9.0 -9 -9 -                        8   8    7 Sc         0   0   5  1810 -9.0 -9.00 -9  26.1  27.4  27.7  27.2  27.3  -9 -9.0 -9  3  2
202407292200 108  20  4.3  -9 -9.0   -9  998.5 1008.1 -9  -9.0  27.1  24.1  84.0  30.0   -9.0    0.0    0.0   -9.0   -9.0   -9.0   -9.0 -9 -9 -                        2   2    4 -         -9  -9  -9  1808 -9.0 -9.00 -9  25.9  27.3  27.6  27.2  27.3  -9 -9.0 -9  3 -9
202407292300 108  23  4.1  -9 -9.0   -9  998.2 1007.8 -9  -9.0  27.0  24.0  84.0  29.8   -9.0    0.0    0.0   -9.0   -9.0   -9.0   -9.0 -9 -9 -                        6   6    4 -         -9  -9  -9  1622 -9.0 -9.00 -9  25.9  27.2  27.6  27.1  27.3  -9 -9.0 -9  3 -9
202407300000 108  20  3.2  -9 -9.0   -9  997.9 1007.6  8  -0.4  26.8  24.0  85.0  29.8   -9.0    0.0    0.0   -9.0   -9.0   -9.0   -9.0 -9 -9 -                        7   7    4 St         0   0   6  1891 -9.0 -9.00 -9  25.8  27.2  27.5  27.1  27.2  -9 -9.0 -9  3  2
202407300100 108  20  3.1  -9 -9.0   -9  997.6 1007.3 -9  -9.0  26.7  24.1  86.0  30.0   -9.0   -9.0   -9.0   -9.0   -9.0   -9.0   -9.0 -9 -9 -                        6   6    3 -         -9  -9  -9  1937 -9.0 -9.00 -9  25.8  27.1  27.4  27.0  27.2  -9 -9.0 -9  3 -9
202407300200 108  23  3.3  -9 -9.0   -9  997.3 1007.0 -9  -9.0  26.6  24.0  86.0  29.8   -9.0   -9.0   -9.0   -9.0   -9.0   -9.0   -9.0 -9 -9 -                        6   6    4 -         -9  -9  -9  1883 -9.0 -9.00 -9  25.6  27.0  27.4  27.0  27.2  -9 -9.0 -9  3 -9
202407300300 108  23  3.6  -9 -9.0   -9  997.3 1007.0  6  -0.6  26.5  23.9  86.0  29.7   -9.0   -9.0   -9.0   -9.0   -9.0   -9.0   -9.0 -9 -9 -                        8   8    7 Sc         0   0   5  1672 -9.0 -9.00 -9  25.5  27.0  27.3  26.9  27.1  -9 -9.0 -9  3  2
202407300400 108  20  3.6  -9 -9.0   -9  997.3 1007.0 -9  -9.0  26.4  23.8  86.0  29.5   -9.0   -9.0   -9.0   -9.0   -9.0   -9.0   -9.0 -9 -9 -                        8   8    4 St         0   0   6  2197 -9.0 -9.00 -9  25.5  26.9  27.2  26.9  27.1  -9 -9.0 -9  3  2
202407300500 108  23  2.8  -9 -9.0   -9  997.6 1007.3 -9  -9.0  26.3  23.5  85.0  28.9   -9.0   -9.0   -9.0   -9.0   -9.0   -9.0   -9.0 -9 -9 -                        8   8    4 St         0   0   6  1993 -9.0 -9.00 -9  25.4  26.8  27.2  26.8  27.1  -9 -9.0 -9  3  2
202407300600 108  23  2.4  -9 -9.0   -9  997.9 1007.6  2   0.6  26.3  23.5  85.0  28.9   -9.0   -9.0   -9.0   -9.0   -9.0   -9.0   -9.0 -9 -9 -                        9   9    5 St         0   0   6  2222  0.0  0.00 -9  25.4  26.8  27.1  26.8  27.0  -9 -9.0 -9  3  2
202407300700 108  23  2.9  -9 -9.0   -9  998.1 1007.8 -9  -9.0  26.4  23.8  86.0  29.5   -9.0   -9.0   -9.0   -9.0   -9.0   -9.0   -9.0 -9 -9 -                        9   9    4 St         0   0   6  2054  0.0  0.08 -9  25.8  26.7  27.1  26.7  27.0  -9 -9.0 -9  3  2
202407300800 108  25  2.0  -9 -9.0   -9  998.3 1008.0 -9  -9.0  26.5  24.1  87.0  30.0   -9.0   -9.0   -9.0   -9.0   -9.0   -9.0   -9.0 -9 -9 -                        9   9    4 St         0   0   6  1840  0.0  0.14 -9  26.2  26.7  27.0  26.7  26.9  -9 -9.0 -9  3  2
202407300900 108  23  1.9  -9 -9.0   -9  998.2 1007.9  0   0.3  26.7  23.9  85.0  29.7   -9.0   -9.0   -9.0   -9.0   -9.0   -9.0   -9.0 -9 -9 -                        9   9    7 Sc         0   0   5  1997  0.0  0.25 -9  26.9  26.7  27.0  26.6  26.9  -9 -9.0 -9  3  2
202407301000 108  27  2.0  -9 -9.0   -9  998.3 1007.9 -9  -9.0  27.2  24.2  84.0  30.2   -9.0   -9.0   -9.0   -9.0   -9.0   -9.0   -9.0 -9 -9 -                        9   9    7 Sc         0   0   5  2022  0.0  0.48 -9  27.8  26.9  27.1  26.6  26.9  -9 -9.0 -9  3  2
202407301100 108  20  1.8  -9 -9.0   -9  997.9 1007.5 -9  -9.0  29.0  24.7  78.0  31.1   -9.0   -9.0   -9.0   -9.0   -9.0   -9.0   -9.0 -9 -9 -                        7   7    7 Sc         0   0   5  2710  0.4  2.02 -9  35.4  27.0  27.2  26.6  26.8  -9 -9.0 -9  3  2
202407301200 108  18  2.9  -9 -9.0   -9  997.4 1007.0  7  -0.9  30.2  25.0  74.0  31.7   -9.0   -9.0   -9.0   -9.0   -9.0   -9.0   -9.0 -9 -9 -                        7   7    7 Sc         0   0   5  2270  0.4  2.32 -9  37.5  27.6  27.6  26.7  26.8  -9 -9.0 -9  3  2
202407301300 108  20  3.6  -9 -9.0   -9  997.1 1006.6 -9  -9.0  30.8  24.9  71.0  31.5   -9.0   -9.0   -9.0   -9.0   -9.0   -9.0   -9.0 -9 -9 -                        7   7    7 Sc         0   0   5  2163  0.4  2.24 -9  38.2  28.2  28.1  26.9  26.8  -9 -9.0 -9  3  2
202407301400 108  20  3.0  -9 -9.0   -9  996.8 1006.3 -9  -9.0  31.1  24.9  70.0  31.5   -9.0   -9.0   -9.0   -9.0   -9.0   -9.0   -9.0 -9 -9 -                        7   7    8 Sc         0   0   5  2498  0.2  1.85 -9  36.1  28.7  28.5  27.1  26.9  -9 -9.0 -9  3  2
202407301500 108  25  3.3  -9 -9.0   -9  996.8 1006.3  6  -0.7  31.8  24.6  66.0  30.9   -9.0   -9.0   -9.0   -9.0   -9.0   -9.0   -9.0 -9 -9 -                        6   6    8 Sc         0   0   5  2098  0.6  2.48 -9  38.3  29.0  28.9  27.4  26.9  -9 -9.0 -9  3  2
202407301600 108  23  2.8  -9 -9.0   -9  996.6 1006.1 -9  -9.0  31.8  25.1  68.0  31.9   -9.0   -9.0   -9.0   -9.0   -9.0   -9.0   -9.0 -9 -9 -                        6   6    8 Sc         0   0   5  2055  0.4  1.58 -9  35.6  29.4  29.2  27.6  27.0  -9 -9.0 -9  3  2
202407301700 108  27  2.8  -9 -9.0   -9  996.4 1005.9 -9  -9.0  30.9  25.0  71.0  31.7   -9.0   -9.0   -9.0   -9.0   -9.0   -9.0   -9.0 -9 -9 -                        7   7    8 Sc         0   0   5  2019  0.1  0.87 -9  32.6  29.5  29.4  27.8  27.2  -9 -9.0 -9  3  2
202407301800 108  29  3.3  -9 -9.0   -9  996.3 1005.8  7  -0.5  31.2  24.8  69.0  31.3   -9.0   -9.0   -9.0   -9.0   -9.0   -9.0   -9.0 -9 -9 -                        3   3    8 Sc         0   0   5  2042  0.8  1.21 -9  31.1  29.5  29.5  28.0  27.3  -9 -9.0 -9  3  2
202407301900 108  25  3.1  -9 -9.0   -9  996.6 1006.1 -9  -9.0  30.1  24.7  73.0  31.1   -9.0   -9.0   -9.0   -9.0   -9.0   -9.0   -9.0 -9 -9 -                        0   0   -9 -         -9  -9  -9  2520  0.3  0.37 -9  29.3  29.4  29.5  28.1  27.4  -9 -9.0 -9  3 -9
202407302000 108  27  2.4  -9 -9.0   -9  997.0 1006.5 -9  -9.0  29.2  24.9  78.0  31.5   -9.0   -9.0   -9.0   -9.0   -9.0   -9.0   -9.0 -9 -9 -                        0   0   -9 -         -9  -9  -9  2237  0.0  0.06 -9  28.1  29.2  29.3  28.1  27.5  -9 -9.0 -9  3 -9
202407302100 108  27  2.6  -9 -9.0   -9  997.4 1007.0  2   1.2  28.6  25.0  81.0  31.7   -9.0   -9.0   -9.0   -9.0   -9.0   -9.0   -9.0 -9 -9 -                        8   8    7 Sc         0   0   5  1919 -9.0 -9.00 -9  27.7  28.9  29.1  28.1  27.6  -9 -9.0 -9  3  2
202407302200 108  25  2.4  -9 -9.0   -9  997.5 1007.1 -9  -9.0  28.2  24.8  82.0  31.3   -9.0   -9.0   -9.0   -9.0   -9.0   -9.0   -9.0 -9 -9 -                        2   2    4 -         -9  -9  -9  1839 -9.0 -9.00 -9  27.4  28.7  28.9  28.1  27.6  -9 -9.0 -9  3 -9
202407302300 108  27  2.1  -9 -9.0   -9  997.2 1006.8 -9  -9.0  27.9  24.9  84.0  31.5   -9.0   -9.0   -9.0   -9.0   -9.0   -9.0   -9.0 -9 -9 -                        0   0   -9 -         -9  -9  -9  1921 -9.0 -9.00 -9  27.2  28.5  28.8  28.0  27.6  -9 -9.0 -9  3 -9
202407310000 108  27  2.3  -9 -9.0   -9  997.5 1007.1  1   0.1  27.7  24.7  84.0  31.1   -9.0   -9.0   -9.0   -9.0   -9.0   -9.0   -9.0 -9 -9 -                        9   9   10 Sc         0   0   5  1957 -9.0 -9.00 -9  27.1  28.3  28.6  27.9  27.6  -9 -9.0 -9  3  2
202407310100 108  23  2.6  -9 -9.0   -9  997.5 1007.1 -9  -9.0  27.4  23.8  81.0  29.5   -9.0   -9.0   -9.0   -9.0   -9.0   -9.0   -9.0 -9 -9 -                        0   0   -9 -         -9  -9  -9  2524 -9.0 -9.00 -9  26.5  28.2  28.5  27.8  27.6  -9 -9.0 -9  3 -9
202407310200 108  20  2.1  -9 -9.0   -9  997.3 1006.9 -9  -9.0  27.2  23.2  79.0  28.4   -9.0   -9.0   -9.0   -9.0   -9.0   -9.0   -9.0 -9 -9 -                        8   8    7 -         -9  -9  -9  2233 -9.0 -9.00 -9  26.3  28.0  28.3  27.8  27.6  -9 -9.0 -9  3 -9
202407310300 108  18  1.9  -9 -9.0   -9  997.3 1006.9  6  -0.2  27.1  23.3  80.0  28.6   -9.0   -9.0   -9.0   -9.0   -9.0   -9.0   -9.0 -9 -9 -                        9   9   10 Sc         0   0   5  2517 -9.0 -9.00 -9  26.2  27.8  28.2  27.7  27.6  -9 -9.0 -9  3  2
202407310400 108  20  1.9  -9 -9.0   -9  997.6 1007.2 -9  -9.0  27.0  23.2  80.0  28.4   -9.0   -9.0   -9.0   -9.0   -9.0   -9.0   -9.0 -9 -9 -                        9   9    6 Sc         0   0   5  2571 -9.0 -9.00 -9  26.2  27.7  28.1  27.6  27.6  -9 -9.0 -9  3  2
202407310500 108  18  1.9  -9 -9.0   -9  997.8 1007.4 -9  -9.0  27.0  23.4  81.0  28.8   -9.0   -9.0   -9.0   -9.0   -9.0   -9.0   -9.0 -9 -9 -                        9   9    6 Sc         0   0   5  2733 -9.0 -9.00 -9  26.1  27.6  28.0  27.5  27.5  -9 -9.0 -9  3  2
202407310600 108  18  2.0  -9 -9.0   -9  998.2 1007.8  2   0.9  27.0  23.6  82.0  29.1   -9.0   -9.0   -9.0   -9.0   -9.0   -9.0   -9.0 -9 -9 -                        9   9    7 Sc         0   0   5  2373  0.0  0.00 -9  26.2  27.5  27.9  27.4  27.5  -9 -9.0 -9  3  2
202407310700 108  18  2.0  -9 -9.0   -9  998.2 1007.8 -9  -9.0  27.1  23.7  82.0  29.3   -9.0   -9.0   -9.0   -9.0   -9.0   -9.0   -9.0 -9 -9 -                        9   9    8 Sc         0   0   5  2778  0.0  0.16 -9  26.9  27.5  27.8  27.4  27.4  -9 -9.0 -9  3  2
202407310800 108  20  2.8  -9 -9.0   -9  998.0 1007.6 -9  -9.0  27.7  23.9  80.0  29.7   -9.0   -9.0   -9.0   -9.0   -9.0   -9.0   -9.0 -9 -9 -                        9   9   10 Sc         0   0   5  2894  0.4  0.68 -9  28.7  27.5  27.8  27.3  27.4  -9 -9.0 -9  3  2
202407310900 108  18  2.5  -9 -9.0   -9  997.7 1007.3  7  -0.5  28.3  24.3  79.0  30.4   -9.0   -9.0   -9.0   -9.0   -9.0   -9.0   -9.0 -9 -9 -                        7   7   10 Sc         0   0   5  3456  0.1  0.68 -9  30.2  27.6  27.9  27.3  27.4  -9 -9.0 -9  3  2
202407311000 108  20  2.6  -9 -9.0   -9  997.5 1007.0 -9  -9.0  29.1  24.2  75.0  30.2   -9.0   -9.0   -9.0   -9.0   -9.0   -9.0   -9.0 -9 -9 -                        8   8    7 Sc         0   0   5  3602  0.1  1.22 -9  32.3  27.9  28.0  27.3  27.3  -9 -9.0 -9  3  2
202407311100 108  14  3.0  -9 -9.0   -9  997.2 1006.8 -9  -9.0  30.1  24.4  72.0  30.6   -9.0   -9.0   -9.0   -9.0   -9.0   -9.0   -9.0 -9 -9 -                        7   7    7 Sc         0   0   5  2980  0.2  1.56 -9  34.7  28.2  28.3  27.4  27.3  -9 -9.0 -9  3  2
202407311200 108  20  3.0  -9 -9.0   -9  996.7 1006.2  7  -1.1  30.7  24.1  68.0  30.0   -9.0   -9.0   -9.0   -9.0   -9.0   -9.0   -9.0 -9 -9 -                        8   8    8 Sc         0   0   5  3386  0.2  1.75 -9  35.6  28.6  28.6  27.5  27.3  -9 -9.0 -9  3  2
202407311300 108  18  2.7  -9 -9.0   -9  996.5 1006.0 -9  -9.0  31.5  24.6  67.0  30.9   -9.0   -9.0   -9.0   -9.0   -9.0   -9.0   -9.0 -9 -9 -                        7   7    9 Sc         0   0   5  3120  0.3  2.04 -9  36.6  29.0  28.9  27.6  27.3  -9 -9.0 -9  3  2
202407311400 108  25  3.4  -9 -9.0   -9  995.9 1005.4 -9  -9.0  32.2  24.5  64.0  30.7   -9.0   -9.0   -9.0   -9.0   -9.0   -9.0   -9.0 -9 -9 -                        7   7   10 Sc         0   0   5  3559  0.5  2.51 -9  37.2  29.5  29.3  27.8  27.4  -9 -9.0 -9  3  2
202407311500 108  18  2.6  -9 -9.0   -9  995.5 1005.0  7  -1.2  32.6  24.8  64.0  31.3   -9.0   -9.0   -9.0   -9.0   -9.0   -9.0   -9.0 -9 -9 -                        7   7   10 Sc         0   0   5  3106  0.4  1.78 -9  37.1  29.8  29.7  28.1  27.5  -9 -9.0 -9  3  2
202407311600 108  23  3.5  -9 -9.0   -9  995.3 1004.8 -9  -9.0  32.6  23.8  60.0  29.5   -9.0   -9.0   -9.0   -9.0   -9.0   -9.0   -9.0 -9 -9 -                        4   4   10 Sc         0   0   5  3605  0.6  2.06 -9  34.9  30.2  30.0  28.3  27.6  -9 -9.0 -9  3  2
202407311700 108  20  4.5  -9 -9.0   -9  995.0 1004.4 -9  -9.0  32.7  24.1  61.0  30.0   -9.0   -9.0   -9.0   -9.0   -9.0   -9.0   -9.0 -9 -9 -                        3   3   10 Sc         0   0   5  3643  0.6  1.44 -9  33.1  30.2  30.1  28.5  27.7  -9 -9.0 -9  3  2
202407311800 108  25  3.1  -9 -9.0   -9  994.9 1004.4  6  -0.6  32.3  24.6  64.0  30.9   -9.0   -9.0   -9.0   -9.0   -9.0   -9.0   -9.0 -9 -9 -                        3   3   10 Sc         0   0   5  3114  0.8  1.03 -9  31.2  30.2  30.2  28.6  27.8  -9 -9.0 -9  3  2
202407311900 108  23  2.8  -9 -9.0   -9  995.3 1004.8 -9  -9.0  31.2  23.3  63.0  28.6   -9.0   -9.0   -9.0   -9.0   -9.0   -9.0   -9.0 -9 -9 -                        0   0   -9 -         -9  -9  -9  3498  0.4  0.42 -9  29.2  30.0  30.1  28.7  27.9  -9 -9.0 -9  3 -9
202407312000 108  27  2.5  -9 -9.0   -9  995.4 1004.9 -9  -9.0  29.7  25.0  76.0  31.7   -9.0   -9.0   -9.0   -9.0   -9.0   -9.0   -9.0 -9 -9 -                        0   0   -9 -         -9  -9  -9  3385  0.1  0.09 -9  28.1  29.7  29.9  28.8  28.0  -9 -9.0 -9  3 -9
202407312100 108  27  2.6  -9 -9.0   -9  995.9 1005.4  2   1.0  28.9  24.8  79.0  31.3   -9.0   -9.0   -9.0   -9.0   -9.0   -9.0   -9.0 -9 -9 -                        7   7    7 Sc         0   0   5  3339 -9.0 -9.00 -9  27.6  29.4  29.7  28.7  28.1  -9 -9.0 -9  3  2
202407312200 108  23  1.8  -9 -9.0   -9  995.8 1005.3 -9  -9.0  28.7  24.4  78.0  30.6   -9.0   -9.0   -9.0   -9.0   -9.0   -9.0   -9.0 -9 -9 -                        0   0   -9 -         -9  -9  -9  3618 -9.0 -9.00 -9  27.1  29.0  29.4  28.6  28.1  -9 -9.0 -9  3 -9
202407312300 108  18  3.0  -9 -9.0   -9  995.7 1005.3 -9  -9.0  28.3  24.0  78.0  29.8   -9.0   -9.0   -9.0   -9.0   -9.0   -9.0   -9.0 -9 -9 -                        0   0   -9 -         -9  -9  -9  3267 -9.0 -9.00 -9  27.0  28.8  29.2  28.5  28.1  -9 -9.0 -9  3 -9
#7777END
