#START7777
#2345678901234567890123456789012345678901234567890123456789012345678901234567890123456789012345678901234567890123456789012345678901234567890123456789012345678901234567890123456789012345678901234567890123456789012345678901234567890123456789012345678901234
# YYMMDDHHMI STN  WD   WS GST  GST  GST     PA     PS PT    PR    TA    TD    HM    PV     RN     RN     RN     RN     SD     SD     SD WC WP WW                      CA  CA   CH CT        CT  CT  CT    VS   SS    SI ST    TS    TE    TE    TE    TE  ST   WH BF IR IX
#        KST  ID  16  m/s  WD   WS   TM    hPa    hPa  -   hPa     C     C     %   hPa     mm    DAY    JUN    INT    HR3    DAY    TOT -- -- ---------------------- TOT MID  MIN -------- TOP MID LOW                  GD     C     5    10    20    30 SEA    m --  -  -
202605010000 108  27  2.5  -9 -9.0   -9 1000.7 1010.8  8  -0.6  15.8   1.1  37.0   6.6   -9.0   -9.0   -9.0   -9.0   -9.0   -9.0   -9.0 -9 -9 -                       10  10   26 As        -9   2   0  3295 -9.0 -9.00 -9  15.2  16.8  15.0  15.3  14.7  -9 -9.0 -9  3  2
202605010100 108  25  4.1  -9 -9.0   -9 1000.2 1010.3 -9  -9.0  15.6   1.3  38.0   6.7   -9.0   -9.0   -9.0   -9.0   -9.0   -9.0   -9.0 -9 -9 -                       10   9   29 -         -9  -9  -9  3085 -9.0 -9.00 -9  14.9  16.5  14.9  15.3  14.8  -9 -9.0 -9  3 -9
202605010200 108  25  2.2  -9 -9.0   -9  999.6 1009.7 -9  -9.0  15.0   3.1  45.0   7.6   -9.0   -9.0   -9.0   -9.0   -9.0   -9.0   -9.0 -9 -9 -                       10  10   26 -         -9  -9  -9  3137 -9.0 -9.00 -9  14.5  16.2  14.5  15.0  14.7  -9 -9.0 -9  3 -9
202605010300 108  25  2.9  -9 -9.0   -9  999.3 1009.4  7  -1.4  14.7   2.8  45.0   7.5    0.0    0.0    0.0   -9.0   -9.0   -9.0   -9.0 60 62 01                      10  10   27 -         -9  -9  -9  2847 -9.0 -9.00 -9  14.2  15.9  14.3  14.9  14.7  -9 -9.0 -9  4  1
202605010400 108  25  2.2  -9 -9.0   -9  999.0 1009.2 -9  -9.0  14.3   1.8  43.0   7.0    0.0    0.0    0.0   -9.0   -9.0   -9.0   -9.0 21 62 1                       10   1   21 -         -9  -9  -9  3055 -9.0 -9.00 -9  13.7  15.6  14.1  14.8  14.6  -9 -9.0 -9  1  1
202605010500 108  25  2.7  -9 -9.0   -9  998.9 1009.1 -9  -9.0  13.9   3.6  50.0   7.9   -9.0    0.0    0.0   -9.0   -9.0   -9.0   -9.0 -9 -9 -                       10  10   32 -         -9  -9  -9  2525 -9.0 -9.00 -9  13.4  15.4  13.8  14.7  14.6  -9 -9.0 -9  3  2
202605010600 108  27  2.6  -9 -9.0   -9  998.9 1009.1  6  -0.3  13.6   3.9  52.0   8.1   -9.0    0.0    0.0   -9.0   -9.0   -9.0   -9.0 -9 62 -                        8   8   35 -         -9  -9  -9  2690  0.0  0.00 -9  12.9  15.1  13.7  14.5  14.5  -9 -9.0 -9  3  1
202605010700 108  25  2.6  -9 -9.0   -9  999.1 1009.3 -9  -9.0  13.6   5.2  57.0   8.8   -9.0    0.0    0.0   -9.0   -9.0   -9.0   -9.0 -9 -9 -                        8   8   39 -         -9  -9  -9  2278  0.0  0.17 -9  14.0  15.0  13.5  14.5  14.4  -9 -9.0 -9  3  2
202605010800 108  27  2.7  -9 -9.0   -9  999.2 1009.4 -9  -9.0  14.1   4.0  51.0   8.1   -9.0    0.0    0.0   -9.0   -9.0   -9.0   -9.0 -9 -9 -                        8   8   34 -         -9  -9  -9  2396  0.0  0.44 -9  16.8  15.4  13.5  14.3  14.4  -9 -9.0 -9  3  2
202605010900 108  25  3.5  -9 -9.0   -9  998.4 1008.5  8  -0.6  15.9   2.6  41.0   7.4   -9.0    0.0    0.0   -9.0   -9.0   -9.0   -9.0 -9 61 -                        1   1   56 -         -9  -9  -9  2265  0.5  1.28 -9  28.3  16.3  13.6  14.2  14.3  -9 -9.0 -9  3  1
202605011000 108  27  4.0  -9 -9.0   -9  998.1 1008.1 -9  -9.0  18.4   1.3  32.0   6.7   -9.0    0.0    0.0   -9.0   -9.0   -9.0   -9.0 -9 -9 -                        0   0   -9 -         -9  -9  -9  2249  1.0  2.49 -9  37.6  18.8  14.5  14.4  14.5  -9 -9.0 -9  3  2
202605011100 108  29  5.4  29 14.0 1054  997.7 1007.6 -9  -9.0  19.5   1.4  30.0   6.8   -9.0    0.0    0.0   -9.0   -9.0   -9.0   -9.0 -9 -9 -                        0   0   -9 -         -9  -9  -9  1946  1.0  3.08 -9  43.3  20.9  15.6  14.8  14.8  -9 -9.0 -9  3  2
202605011200 108  29  5.1  29 14.0 1054  997.4 1007.3  7  -1.2  21.8   3.9  31.0   8.1   -9.0    0.0    0.0   -9.0   -9.0   -9.0   -9.0 -9 -9 -                        0   0   -9 -         -9  -9  -9  1958  1.0  3.43 -9  47.2  22.2  16.4  14.8  14.6  -9 -9.0 -9  3  2
202605011300 108  25  4.1  23 10.0 1247  997.3 1007.1 -9  -9.0  22.7   6.0  34.0   9.3   -9.0    0.0    0.0   -9.0   -9.0   -9.0   -9.0 -9 -9 -                        0   0   -9 -         -9  -9  -9  2136  1.0  3.50 -9  49.5  24.3  17.5  14.9  14.7  -9 -9.0 -9  3  2
202605011400 108  25  4.7  27 10.0 1357  997.1 1006.9 -9  -9.0  22.9   7.4  37.0  10.3   -9.0    0.0    0.0   -9.0   -9.0   -9.0   -9.0 -9 -9 -                        0   0   -9 -         -9  -9  -9  1919  1.0  3.43 -9  48.0  25.6  18.6  15.0  14.7  -9 -9.0 -9  3  2
202605011500 108  25  4.6  29 14.0 1054  997.0 1006.8  7  -0.5  23.8   6.9  34.0   9.9   -9.0    0.0    0.0   -9.0   -9.0   -9.0   -9.0 -9 -9 -                        0   0   -9 -         -9  -9  -9  2204  1.0  3.09 -9  43.6  25.7  19.4  15.5  14.8  -9 -9.0 -9  3  2
202605011600 108  20  4.0  23 10.0 1521  996.8 1006.6 -9  -9.0  24.1   7.2  34.0  10.2   -9.0    0.0    0.0   -9.0   -9.0   -9.0   -9.0 -9 -9 -                        0   0   -9 -         -9  -9  -9  1826  1.0  2.54 -9  40.3  25.3  19.9  16.0  15.1  -9 -9.0 -9  3  2
202605011700 108  23  3.7  27 10.0 1614  997.3 1007.1 -9  -9.0  23.8   6.1  32.0   9.4   -9.0    0.0    0.0   -9.0   -9.0   -9.0   -9.0 -9 -9 -                        0   0   -9 -         -9  -9  -9  1980  1.0  1.88 -9  35.0  24.3  20.0  16.4  15.3  -9 -9.0 -9  3  2
202605011800 108  25  5.9  25 11.0 1800  998.1 1008.0  3   1.2  21.3   5.2  35.0   8.8   -9.0    0.0    0.0   -9.0   -9.0   -9.0   -9.0 -9 -9 -                        0   0   -9 -         -9  -9  -9  1591  1.0  1.09 -9  24.9  22.9  19.6  16.7  15.6  -9 -9.0 -9  3  2
202605011900 108  25  4.0  23 11.0 1808  998.7 1008.7 -9  -9.0  18.8   4.8  40.0   8.6   -9.0    0.0    0.0   -9.0   -9.0   -9.0   -9.0 -9 -9 -                        0   0   -9 -         -9  -9  -9  1543  0.8  0.38 -9  19.1  21.0  18.1  15.7  14.7  -9 -9.0 -9  3 -9
202605012000 108  25  4.5  -9 -9.0   -9  999.9 1009.9 -9  -9.0  17.9   5.1  43.0   8.8   -9.0    0.0    0.0   -9.0   -9.0   -9.0   -9.0 -9 -9 -                        0   0   -9 -         -9  -9  -9  1478  0.0  0.02 -9  16.8  19.5  17.7  16.3  15.3  -9 -9.0 -9  3 -9
202605012100 108  20  2.0  25 11.0 1800 1000.8 1010.9  2   2.9  16.5   6.0  50.0   9.3   -9.0    0.0    0.0   -9.0   -9.0   -9.0   -9.0 -9 -9 -                        3   0   -9 -         -9  -9  -9  1358 -9.0 -9.00 -9  14.9  18.4  16.7  16.0  15.1  -9 -9.0 -9  3  2
202605012200 108  23  3.3  -9 -9.0   -9 1001.5 1011.6 -9  -9.0  15.8   6.7  55.0   9.8   -9.0    0.0    0.0   -9.0   -9.0   -9.0   -9.0 -9 -9 -                        5   0   -9 -         -9  -9  -9  1082 -9.0 -9.00 -9  14.2  17.6  16.1  16.0  15.2  -9 -9.0 -9  3 -9
202605012300 108  23  2.1  -9 -9.0   -9 1001.5 1011.7 -9  -9.0  15.2   7.2  59.0  10.2   -9.0    0.0    0.0   -9.0   -9.0   -9.0   -9.0 -9 -9 40                       3   0   -9 -         -9  -9  -9   927 -9.0 -9.00 -9  12.9  16.9  15.6  15.9  15.4  -9 -9.0 -9  3  2
202605020000 108  20  1.0  -9 -9.0   -9 1001.4 1011.6  0   0.7  14.6   6.9  60.0   9.9   -9.0    0.0    0.0   -9.0   -9.0   -9.0   -9.0  5 22 40                       5   0   -9 -         -9  -9  -9   650 -9.0 -9.00 -9  12.0  16.3  15.2  15.8  15.3  -9 -9.0 -9  3  1
202605020100 108  25  2.3  -9 -9.0   -9 1001.6 1011.8 -9  -9.0  14.2   7.4  64.0  10.3   -9.0   -9.0   -9.0   -9.0   -9.0   -9.0   -9.0 -9 -9 40                       5   0   -9 -         -9  -9  -9   746 -9.0 -9.00 -9  11.8  15.8  14.8  15.7  15.4  -9 -9.0 -9  3  2
202605020200 108  23  1.7  -9 -9.0   -9 1001.6 1011.8 -9  -9.0  14.0   7.9  67.0  10.6   -9.0   -9.0   -9.0   -9.0   -9.0   -9.0   -9.0 -9 -9 40                       4   0   -9 -         -9  -9  -9   702 -9.0 -9.00 -9  11.5  15.5  14.4  15.5  15.3  -9 -9.0 -9  3  2
202605020300 108  20  1.7  -9 -9.0   -9 1001.7 1011.9  2   0.3  13.8   7.9  68.0  10.6   -9.0   -9.0   -9.0   -9.0   -9.0   -9.0   -9.0  5 11 40                       4   0   -9 -         -9  -9  -9   594 -9.0 -9.00 -9  11.2  15.2  14.1  15.4  15.2  -9 -9.0 -9  3  1
202605020400 108  25  1.7  -9 -9.0   -9 1001.5 1011.7 -9  -9.0  13.4   8.4  72.0  11.0   -9.0   -9.0   -9.0   -9.0   -9.0   -9.0   -9.0  5  0 40                       4   0   -9 -         -9  -9  -9   528 -9.0 -9.00 -9  10.8  14.8  13.9  15.2  15.2  -9 -9.0 -9  3  1
202605020500 108   0  0.4  -9 -9.0   -9 1001.5 1011.7 -9  -9.0  13.1   8.7  75.0  11.2   -9.0   -9.0   -9.0   -9.0   -9.0   -9.0   -9.0  5  0 40                       4   3   74 -         -9  -9  -9   503 -9.0 -9.00 -9  10.3  14.5  13.6  15.0  15.1  -9 -9.0 -9  3  1
202605020600 108   7  0.8  -9 -9.0   -9 1001.9 1012.1  3   0.2  12.8   8.6  76.0  11.2   -9.0   -9.0   -9.0   -9.0   -9.0   -9.0   -9.0  5 11 40                       8   6   60 -         -9  -9  -9   478  0.0  0.00 -9  11.2  14.3  13.4  14.9  15.0  -9 -9.0 -9  3  1
202605020700 108   9  1.5  -9 -9.0   -9 1002.1 1012.3 -9  -9.0  13.6   9.0  74.0  11.5   -9.0   -9.0   -9.0   -9.0   -9.0   -9.0   -9.0  5 22 40                       8   8   52 -         -9  -9  -9   537  0.0  0.20 -9  14.4  14.5  13.2  14.7  14.9  -9 -9.0 -9  3  1
202605020800 108  14  1.2  -9 -9.0   -9 1001.8 1012.0 -9  -9.0  15.1   9.8  71.0  12.1   -9.0   -9.0   -9.0   -9.0   -9.0   -9.0   -9.0  5 22 40                       8   8   50 -         -9  -9  -9   587  0.1  0.63 -9  20.0  15.5  13.4  14.5  14.8  -9 -9.0 -9  3  1
202605020900 108  14  1.5  -9 -9.0   -9 1002.2 1012.3  1   0.2  16.9  10.2  65.0  12.4   -9.0   -9.0   -9.0   -9.0   -9.0   -9.0   -9.0  5 11 40                       7   7   50 -         -9  -9  -9   646  0.5  1.27 -9  26.3  17.0  14.5  15.3  15.5  -9 -9.0 -9  3  1
202605021000 108  18  1.9  -9 -9.0   -9 1002.4 1012.5 -9  -9.0  17.6  10.4  63.0  12.6   -9.0   -9.0   -9.0   -9.0   -9.0   -9.0   -9.0  5 22 40                      10  10   43 -         -9  -9  -9   618  0.1  1.22 -9  25.3  18.5  15.1  15.1  15.3  -9 -9.0 -9  3  1
202605021100 108  14  1.6  -9 -9.0   -9 1001.9 1011.9 -9  -9.0  19.4  11.4  60.0  13.5   -9.0   -9.0   -9.0   -9.0   -9.0   -9.0   -9.0  5 22 40                       9   9   40 -         -9  -9  -9   718  0.0  1.52 -9  31.4  19.6  15.8  15.2  15.3  -9 -9.0 -9  3  1
202605021200 108  20  2.6  -9 -9.0   -9 1001.7 1011.7  8  -0.6  20.3  11.2  56.0  13.3   -9.0   -9.0   -9.0   -9.0   -9.0   -9.0   -9.0  5 22 40                      10   1   40 -         -9  -9  -9   711  0.0  1.78 -9  32.4  21.1  16.5  15.2  15.2  -9 -9.0 -9  3  1
202605021300 108  20  2.3  -9 -9.0   -9 1000.9 1010.8 -9  -9.0  21.0  11.3  54.0  13.4   -9.0   -9.0   -9.0   -9.0   -9.0   -9.0   -9.0  5 22 40                      10  10   35 -         -9  -9  -9   685  0.0  1.57 -9  31.8  21.9  17.2  15.3  15.1  -9 -9.0 -9  3  1
202605021400 108  20  2.7  -9 -9.0   -9 1000.7 1010.6 -9  -9.0  22.1  11.7  52.0  13.7   -9.0   -9.0   -9.0   -9.0   -9.0   -9.0   -9.0  5 22 40                       9   9   36 -         -9  -9  -9   681  0.1  1.84 -9  35.1  22.7  17.7  15.5  15.2  -9 -9.0 -9  3  1
202605021500 108  20  2.9  -9 -9.0   -9 1000.2 1010.1  7  -1.6  21.9  12.1  54.0  14.1   -9.0   -9.0   -9.0   -9.0   -9.0   -9.0   -9.0  5 22 40                      10  10   31 -         -9  -9  -9   895  0.1  1.73 -9  32.8  23.3  18.3  15.7  15.2  -9 -9.0 -9  3  1
202605021600 108  23  2.4  -9 -9.0   -9  999.5 1009.4 -9  -9.0  20.6  12.8  61.0  14.8    0.0    0.0    0.0   -9.0   -9.0   -9.0   -9.0 21 62 4001                    10  10   29 -         -9  -9  -9   753  0.0  0.81 -9  27.5  22.5  18.5  16.0  15.5  -9 -9.0 -9  4  1
202605021700 108  25  3.4  -9 -9.0   -9  999.2 1009.1 -9  -9.0  20.3  12.5  61.0  14.5   -9.0    0.0    0.0   -9.0   -9.0   -9.0   -9.0  5 22 40                       9   9   30 -         -9  -9  -9   787  0.0  0.77 -9  26.2  22.0  18.4  16.2  15.5  -9 -9.0 -9  3  1
202605021800 108  23  2.7  -9 -9.0   -9  999.2 1009.2  5  -0.9  19.7  11.7  60.0  13.7   -9.0    0.0    0.0   -9.0   -9.0   -9.0   -9.0  5 62 40                      10  10   25 -         -9  -9  -9   880  0.0  0.34 -9  21.9  21.1  18.2  16.2  15.5  -9 -9.0 -9  3  1
202605021900 108  23  4.8  23 10.0 1850 1000.2 1010.2 -9  -9.0  17.9  10.2  61.0  12.4   -9.0    0.0    0.0   -9.0   -9.0   -9.0   -9.0 -9 -9 40                      10  10   25 -         -9  -9  -9   837  0.0  0.07 -9  18.9  20.0  17.9  16.6  15.8  -9 -9.0 -9  3  2
202605022000 108  20  2.4  -9 -9.0   -9 1000.7 1010.8 -9  -9.0  17.5  10.3  63.0  12.5   -9.0    0.0    0.0   -9.0   -9.0   -9.0   -9.0 -9 -9 40                      10   1   21 -         -9  -9  -9   864  0.0  0.01 -9  17.8  19.0  17.5  16.7  16.0  -9 -9.0 -9  3  2
202605022100 108  36  1.8  23 10.0 1850 1000.3 1010.4  0   1.2  17.2   9.8  62.0  12.1    0.0    0.0    0.0   -9.0   -9.0   -9.0   -9.0 21 62 4001                    10   5   21 -         -9  -9  -9   902 -9.0 -9.00 -9  17.0  18.4  17.1  16.7  16.1  -9 -9.0 -9  1  1
202605022200 108  20  1.5  -9 -9.0   -9 1001.1 1011.2 -9  -9.0  16.9  10.0  64.0  12.3    0.1    0.1    0.1   -9.0   -9.0   -9.0   -9.0 60 62 4001                    10   2   15 -         -9  -9  -9   667 -9.0 -9.00 -9  15.9  17.9  16.7  16.6  16.1  -9 -9.0 -9  4  1
202605022300 108  27  1.1  -9 -9.0   -9 1000.4 1010.5 -9  -9.0  16.0  11.3  74.0  13.4    0.2    0.3    0.3   -9.0   -9.0   -9.0   -9.0 61 66 4001                    10   5   18 -         -9  -9  -9   514 -9.0 -9.00 -9  15.1  17.3  16.4  16.5  16.1  -9 -9.0 -9  4  1
202605030000 108  27  0.8  -9 -9.0   -9  999.9 1010.0  8  -0.4  15.5  12.0  80.0  14.0    0.5    0.8    0.8   -9.0   -9.0   -9.0   -9.0 61 66 401901                  10   7   18 -         -9  -9  -9   357 -9.0 -9.00 -9  14.8  16.9  16.1  16.5  16.2  -9 -9.0 -9  4  1
202605030100 108  34  1.3  -9 -9.0   -9  999.2 1009.3 -9  -9.0  14.9  11.8  82.0  13.8    0.3    0.3    0.3   -9.0   -9.0   -9.0   -9.0 61 66 1901                    10  10   19 -         -9  -9  -9   351 -9.0 -9.00 -9  14.4  16.6  15.9  16.4  16.1  -9 -9.0 -9  4  1
202605030200 108  34  1.5  -9 -9.0   -9  998.4 1008.6 -9  -9.0  14.1  11.2  83.0  13.3    1.0    1.3    1.3   -9.0   -9.0   -9.0   -9.0 61 66 1901                    10   8   10 -         -9  -9  -9   409 -9.0 -9.00 -9  13.9  16.3  15.6  16.2  16.0  -9 -9.0 -9  4  1
202605030300 108  34  1.3  -9 -9.0   -9  997.7 1007.9  7  -2.1  13.6  11.4  87.0  13.5    1.3    2.6    2.6   -9.0   -9.0   -9.0   -9.0 61 66 1901                    10   3   10 -         -9  -9  -9   393 -9.0 -9.00 -9  13.8  15.9  15.1  15.8  15.7  -9 -9.0 -9  4  1
202605030400 108   5  1.9  -9 -9.0   -9  996.6 1006.8 -9  -9.0  13.1  11.3  89.0  13.4    2.4    5.0    5.0   -9.0   -9.0   -9.0   -9.0 61 66 1901                    10   9    7 -         -9  -9  -9   344 -9.0 -9.00 -9  13.6  15.4  14.8  15.7  15.6  -9 -9.0 -9  4  1
202605030500 108   2  1.4  -9 -9.0   -9  995.8 1006.0 -9  -9.0  12.8  11.1  90.0  13.2    1.6    6.6    6.6   -9.0   -9.0   -9.0   -9.0 61 66 1901                    10   5    8 -         -9  -9  -9   322 -9.0 -9.00 -9  13.5  15.3  14.5  15.6  15.6  -9 -9.0 -9  4  1
202605030600 108   5  1.4  -9 -9.0   -9  995.3 1005.5  7  -2.4  12.6  10.9  90.0  13.0    1.1    7.7    7.7   -9.0   -9.0   -9.0   -9.0 61 66 1901                    10   9    9 -         -9  -9  -9   360  0.0  0.00 -9  13.5  15.1  14.3  15.5  15.5  -9 -9.0 -9  4  1
202605030700 108   5  0.9  -9 -9.0   -9  994.5 1004.7 -9  -9.0  12.6  10.8  89.0  12.9    1.0    8.7    8.7   -9.0   -9.0   -9.0   -9.0 61 66 1901                    10  10    8 -         -9  -9  -9   749  0.0  0.05 -9  13.7  15.0  14.1  15.3  15.4  -9 -9.0 -9  4  1
202605030800 108   2  2.3  -9 -9.0   -9  994.0 1004.2 -9  -9.0  12.6  10.9  90.0  13.0    0.3    9.0    9.0   -9.0   -9.0   -9.0   -9.0 61 66 1901                    10   4    3 -         -9  -9  -9   473  0.0  0.05 -9  13.8  15.0  14.0  15.2  15.4  -9 -9.0 -9  4  1
202605030900 108   5  2.7  -9 -9.0   -9  993.4 1003.6  7  -1.9  12.9  11.1  89.0  13.2    0.2    9.2    9.2   -9.0   -9.0   -9.0   -9.0 60 66 1901                    10   5    4 -         -9  -9  -9  1119  0.0  0.25 -9  15.2  15.0  13.9  15.0  15.3  -9 -9.0 -9  1  1
202605031000 108   5  3.1  -9 -9.0   -9  993.2 1003.3 -9  -9.0  13.1  10.9  87.0  13.0    0.1    9.3    9.3   -9.0   -9.0   -9.0   -9.0 60 66 01                      10   6    6 -         -9  -9  -9  1104  0.0  0.34 -9  15.5  15.2  13.9  15.0  15.1  -9 -9.0 -9  4  1
202605031100 108   5  2.0  -9 -9.0   -9  992.5 1002.6 -9  -9.0  13.4  11.0  86.0  13.1    0.1    9.4    9.4   -9.0   -9.0   -9.0   -9.0 60 66 1901                    10   6    3 -         -9  -9  -9   786  0.0  0.47 -9  16.7  15.3  14.0  14.9  15.1  -9 -9.0 -9  4  1
202605031200 108  25  1.0  -9 -9.0   -9  992.2 1002.3  7  -1.3  13.4  11.0  86.0  13.1    0.0    9.4    9.4   -9.0   -9.0   -9.0   -9.0 61 66 1901                    10   7    2 -         -9  -9  -9   675  0.0  0.34 -9  16.3  15.5  14.1  14.9  15.0  -9 -9.0 -9  4  1
202605031300 108  27  1.3  -9 -9.0   -9  991.4 1001.5 -9  -9.0  13.5  11.3  87.0  13.4    0.3    9.7    9.7   -9.0   -9.0   -9.0   -9.0 61 66 1901                    10   7    5 -         -9  -9  -9   792  0.0  0.37 -9  17.0  15.7  14.2  14.8  15.0  -9 -9.0 -9  4  1
202605031400 108  23  0.8  -9 -9.0   -9  990.8 1000.9 -9  -9.0  14.0  11.5  85.0  13.6    0.1    9.8    9.8   -9.0   -9.0   -9.0   -9.0 60 66 1901                    10   7    8 -         -9  -9  -9  2032  0.0  0.43 -9  18.3  15.8  14.3  14.8  14.9  -9 -9.0 -9  4  1
202605031500 108  29  2.2  -9 -9.0   -9  990.6 1000.7  7  -1.6  14.4  11.5  83.0  13.6    0.0    9.8    9.8   -9.0   -9.0   -9.0   -9.0 60 66 01                      10   7    4 -         -9  -9  -9  1407  0.0  0.61 -9  18.9  16.2  14.5  14.7  14.9  -9 -9.0 -9  4  1
202605031600 108  27  2.0  -9 -9.0   -9  990.5 1000.6 -9  -9.0  14.8  10.9  78.0  13.0    0.0    9.8    9.8   -9.0   -9.0   -9.0   -9.0 21 62 01                      10   7    5 -         -9  -9  -9  2649  0.0  0.60 -9  19.3  16.4  14.7  14.8  14.8  -9 -9.0 -9  4  1
202605031700 108  25  3.0  -9 -9.0   -9  990.9 1001.0 -9  -9.0  14.5  10.8  79.0  12.9    0.0    9.8    9.8   -9.0   -9.0   -9.0   -9.0 60 62 01                      10   8    5 -         -9  -9  -9  2028  0.0  0.25 -9  15.9  16.4  14.8  14.8  14.9  -9 -9.0 -9  4  1
202605031800 108  25  3.4  -9 -9.0   -9  991.5 1001.6  3   0.9  13.1  10.4  84.0  12.6    0.0    9.8    9.8   -9.0   -9.0   -9.0   -9.0 21 62 01                      10   7    5 -         -9  -9  -9  1028  0.0  0.06 -9  14.3  16.0  14.7  14.9  14.9  -9 -9.0 -9  4  1
202605031900 108  25  2.3  -9 -9.0   -9  991.8 1001.9 -9  -9.0  12.8  10.3  85.0  12.5    0.0    9.8    9.8   -9.0   -9.0   -9.0   -9.0 50 52 1902                    10   9    3 -         -9  -9  -9   585  0.0  0.02 -9  13.9  15.6  14.5  14.9  14.9  -9 -9.0 -9  4  1
202605032000 108  27  3.1  -9 -9.0   -9  992.2 1002.4 -9  -9.0  12.0  10.2  89.0  12.4    0.2   10.0   10.0   -9.0   -9.0   -9.0   -9.0 61 65 190201                  10   8    4 -         -9  -9  -9   582  0.0  0.01 -9  13.2  15.3  14.2  14.9  14.9  -9 -9.0 -9  4  1
202605032100 108  27  1.8  -9 -9.0   -9  992.4 1002.6  2   1.0  12.1  10.1  88.0  12.4    0.0   10.0   10.0   -9.0   -9.0   -9.0   -9.0 60 65 1901                     9   8    4 -         -9  -9  -9   878 -9.0 -9.00 -9  13.1  15.0  13.9  14.8  14.9  -9 -9.0 -9  1  1
202605032200 108  23  2.6  -9 -9.0   -9  992.8 1003.0 -9  -9.0  12.2  10.4  89.0  12.6    0.5   10.5   10.5   -9.0   -9.0   -9.0   -9.0 61 66 1901                    10   9    3 -         -9  -9  -9   331 -9.0 -9.00 -9  13.0  14.8  13.8  14.7  14.8  -9 -9.0 -9  4  1
202605032300 108  25  2.3  -9 -9.0   -9  992.9 1003.1 -9  -9.0  11.8  10.5  92.0  12.7    1.0   11.5   11.5   -9.0   -9.0   -9.0   -9.0 61 66 1901                    10  10    2 -         -9  -9  -9   174 -9.0 -9.00 -9  12.7  14.6  13.6  14.6  14.8  -9 -9.0 -9  4  1
202605040000 108  29  2.5  -9 -9.0   -9  993.0 1003.2  2   0.6  11.7  10.5  93.0  12.7    3.3   14.8   14.8   -9.0   -9.0   -9.0   -9.0 63 66 1901                    10   8    1 -         -9  -9  -9   357 -9.0 -9.00 -9  12.5  14.2  13.3  14.4  14.7  -9 -9.0 -9  4  1
202605040100 108  27  4.2  29 10.0   39  993.8 1004.0 -9  -9.0  10.6   8.6  88.0  11.2    1.8    1.8    1.8   -9.0   -9.0   -9.0   -9.0 61 66 1901                     9   9    2 -         -9  -9  -9  1610 -9.0 -9.00 -9  11.5 -99.0 -99.0 -99.0 -99.0  -9 -9.0 -9  4  1
202605040200 108  29  3.2  29 11.0  108  994.7 1005.0 -9  -9.0   9.8   7.5  86.0  10.4    0.0    1.8    1.8   -9.0   -9.0   -9.0   -9.0 21 62 01                       9   9    4 -         -9  -9  -9  2459 -9.0 -9.00 -9  11.0 -99.0 -99.0 -99.0 -99.0  -9 -9.0 -9  4  1
202605040300 108  27  4.4  29 11.0  108  995.6 1005.9  2   2.7   9.6   6.1  79.0   9.4   -9.0    1.8    1.8   -9.0   -9.0   -9.0   -9.0 -9 62 -                        5   5    5 -         -9  -9  -9  3120 -9.0 -9.00 -9  10.0 -99.0 -99.0 -99.0 -99.0  -9 -9.0 -9  3  1
202605040400 108  27  3.4  -9 -9.0   -9  996.6 1006.9 -9  -9.0   9.2   5.5  78.0   9.0   -9.0    1.8    1.8   -9.0   -9.0   -9.0   -9.0 -9 -9 -                        0   0   -9 -         -9  -9  -9  3393 -9.0 -9.00 -9   8.5 -99.0 -99.0 -99.0 -99.0  -9 -9.0 -9  3  2
202605040500 108  27  2.3  -9 -9.0   -9  997.6 1008.0 -9  -9.0   8.7   5.4  80.0   9.0   -9.0    1.8    1.8   -9.0   -9.0   -9.0   -9.0 -9 -9 -                        0   0   -9 -         -9  -9  -9  3267 -9.0 -9.00 -9   7.9 -99.0 -99.0 -99.0 -99.0  -9 -9.0 -9  3  2
202605040600 108  29  1.6  -9 -9.0   -9  998.6 1009.0  2   3.1   8.3   5.5  83.0   9.0   -9.0    1.8    1.8   -9.0   -9.0   -9.0   -9.0 -9 -9 -                        0   0   -9 -         -9  -9  -9  3014  0.2  0.02 -9   7.6 -99.0 -99.0 -99.0 -99.0  -9 -9.0 -9  3  2
202605040700 108  29  1.8  -9 -9.0   -9  999.6 1010.0 -9  -9.0   8.6   5.6  82.0   9.1   -9.0    1.8    1.8   -9.0   -9.0   -9.0   -9.0 -9 -9 -                        0   0   -9 -         -9  -9  -9  2969  1.0  0.40 -9   9.6 -99.0 -99.0 -99.0 -99.0  -9 -9.0 -9  3  2
202605040800 108  27  3.2  -9 -9.0   -9 1000.6 1010.9 -9  -9.0  10.7   6.4  75.0   9.6   -9.0    1.8    1.8   -9.0   -9.0   -9.0   -9.0 -9 -9 -                        0   0   -9 -         -9  -9  -9  2874  1.0  1.12 -9  15.6 -99.0 -99.0 -99.0 -99.0  -9 -9.0 -9  3  2
202605040900 108  29  3.0  -9 -9.0   -9 1001.6 1011.8  2   2.8  12.7   7.1  69.0  10.1   -9.0    1.8    1.8   -9.0   -9.0   -9.0   -9.0 -9 -9 -                        0   0   -9 -         -9  -9  -9  2520  1.0  1.93 -9  21.5 -99.0 -99.0 -99.0 -99.0  -9 -9.0 -9  3  2
202605041000 108  29  3.1  -9 -9.0   -9 1002.4 1012.6 -9  -9.0  14.6   5.9  56.0   9.3   -9.0    1.8    1.8   -9.0   -9.0   -9.0   -9.0 -9 -9 -                        0   0   -9 -         -9  -9  -9  3085  1.0  2.57 -9  25.7 -99.0 -99.0 -99.0 -99.0  -9 -9.0 -9  3  2
202605041100 108  29  3.7  -9 -9.0   -9 1002.5 1012.6 -9  -9.0  17.4   5.6  46.0   9.1   -9.0    1.8    1.8   -9.0   -9.0   -9.0   -9.0 -9 -9 -                        0   0   -9 -         -9  -9  -9  2449  1.0  3.19 -9  28.7 -99.0 -99.0 -99.0 -99.0  -9 -9.0 -9  3  2
202605041200 108  29  4.6  -9 -9.0   -9 1002.7 1012.8  2   1.0  17.3   2.4  37.0   7.3   -9.0    1.8    1.8   -9.0   -9.0   -9.0   -9.0 -9 -9 -                        2   2   10 -         -9  -9  -9  2943  1.0  3.57 -9  31.1 -99.0 -99.0 -99.0 -99.0  -9 -9.0 -9  3  2
202605041300 108  29  4.2   2 10.0 1232 1002.6 1012.6 -9  -9.0  18.4   2.6  35.0   7.4   -9.0    1.8    1.8   -9.0   -9.0   -9.0   -9.0 -9 -9 -                        2   2   19 -         -9  -9  -9  2328  1.0  3.58 -9  37.2 -99.0 -99.0 -99.0 -99.0  -9 -9.0 -9  3  2
202605041400 108  27  4.6  -9 -9.0   -9 1002.8 1012.8 -9  -9.0  19.1   1.0  30.0   6.6   -9.0    1.8    1.8   -9.0   -9.0   -9.0   -9.0 -9 -9 -                        2   2   19 -         -9  -9  -9  2533  0.9  3.41 -9  35.4 -99.0 -99.0 -99.0 -99.0  -9 -9.0 -9  3  2
202605041500 108  27  4.6   2 10.0 1232 1002.6 1012.6  6  -0.2  19.1   0.1  28.0   6.2   -9.0    1.8    1.8   -9.0   -9.0   -9.0   -9.0 -9 -9 -                        2   2   19 -         -9  -9  -9  3066  0.9  2.75 -9  -9.0 -99.0 -99.0 -99.0 -99.0  -9 -9.0 -9  3  2
202605041600 108  25  5.1  25 10.0 1600 1002.7 1012.7 -9  -9.0  19.5   3.6  35.0   7.9   -9.0    1.8    1.8   -9.0   -9.0   -9.0   -9.0 -9 -9 -                        1   1   19 -         -9  -9  -9  2602  0.9  2.41 -9  30.6 -99.0 -99.0 -99.0 -99.0  -9 -9.0 -9  3  2
202605041700 108  23  4.1  -9 -9.0   -9 1003.0 1013.0 -9  -9.0  19.2   2.0  32.0   7.1   -9.0    1.8    1.8   -9.0   -9.0   -9.0   -9.0 -9 -9 -                        0   0   -9 -         -9  -9  -9  3239  1.0  2.05 -9  27.5 -99.0 -99.0 -99.0 -99.0  -9 -9.0 -9  3  2
202605041800 108  25  4.2  25 10.0 1600 1003.6 1013.7  2   1.1  18.1   1.5  33.0   6.8   -9.0    1.8    1.8   -9.0   -9.0   -9.0   -9.0 -9 -9 -                        0   0   -9 -         -9  -9  -9  3118  1.0  1.23 -9  19.0 -99.0 -99.0 -99.0 -99.0  -9 -9.0 -9  3  2
202605041900 108  25  3.1  -9 -9.0   -9 1004.1 1014.2 -9  -9.0  16.5   2.1  38.0   7.1   -9.0    1.8    1.8   -9.0   -9.0   -9.0   -9.0 -9 -9 -                        0   0   -9 -         -9  -9  -9  3060  0.9  0.42 -9  14.9 -99.0 -99.0 -99.0 -99.0  -9 -9.0 -9  3  2
202605042000 108  25  2.2  -9 -9.0   -9 1005.1 1015.3 -9  -9.0  14.9   2.0  42.0   7.1   -9.0    1.8    1.8   -9.0   -9.0   -9.0   -9.0 -9 -9 -                        0   0   -9 -         -9  -9  -9  3054  0.0  0.02 -9  12.6 -99.0 -99.0 -99.0 -99.0  -9 -9.0 -9  3  2
202605042100 108  20  1.7  25 10.0 1600 1006.3 1016.6  2   2.9  13.7   3.7  51.0   8.0   -9.0    1.8    1.8   -9.0   -9.0   -9.0   -9.0 -9 -9 -                        0   0   -9 -         -9  -9  -9  2684 -9.0 -9.00 -9  11.1 -99.0 -99.0 -99.0 -99.0  -9 -9.0 -9  3  2
202605042200 108  20  2.4  -9 -9.0   -9 1007.0 1017.3 -9  -9.0  12.7   4.6  58.0   8.5   -9.0    1.8    1.8   -9.0   -9.0   -9.0   -9.0 -9 -9 -                        0   0   -9 -         -9  -9  -9  2434 -9.0 -9.00 -9  10.2 -99.0 -99.0 -99.0 -99.0  -9 -9.0 -9  3  2
202605042300 108  25  2.1  -9 -9.0   -9 1007.5 1017.8 -9  -9.0  11.9   5.0  63.0   8.7   -9.0    1.8    1.8   -9.0   -9.0   -9.0   -9.0 -9 -9 -                        0   0   -9 -         -9  -9  -9  2184 -9.0 -9.00 -9   9.6 -99.0 -99.0 -99.0 -99.0  -9 -9.0 -9  3  2
202605050000 108  20  2.1  -9 -9.0   -9 1007.6 1018.0  2   1.4  11.1   5.6  69.0   9.1   -9.0    1.8    1.8   -9.0   -9.0   -9.0   -9.0 -9 -9 -                        0   0   -9 -         -9  -9  -9  1993 -9.0 -9.00 -9   9.0 -99.0 -99.0 -99.0 -99.0  -9 -9.0 -9  3  2
202605050100 108  25  1.4  -9 -9.0   -9 1007.7 1018.1 -9  -9.0  10.6   5.5  71.0   9.0   -9.0   -9.0   -9.0   -9.0   -9.0   -9.0   -9.0 -9 -9 -                        0   0   -9 -         -9  -9  -9  1853 -9.0 -9.00 -9   8.5 -99.0 -99.0 -99.0 -99.0  -9 -9.0 -9  3 -9
202605050200 108  25  1.2  -9 -9.0   -9 1007.7 1018.1 -9  -9.0  10.0   4.9  71.0   8.7   -9.0   -9.0   -9.0   -9.0   -9.0   -9.0   -9.0 -9 -9 -                        0   0   -9 -         -9  -9  -9  1754 -9.0 -9.00 -9   7.9 -99.0 -99.0 -99.0 -99.0  -9 -9.0 -9  3 -9
202605050300 108  25  1.6  -9 -9.0   -9 1007.8 1018.2  2   0.2   9.8   5.5  75.0   9.0   -9.0   -9.0   -9.0   -9.0   -9.0   -9.0   -9.0 -9 -9 -                        0   0   -9 -         -9  -9  -9  1565 -9.0 -9.00 -9   7.7 -99.0 -99.0 -99.0 -99.0  -9 -9.0 -9  3  2
202605050400 108  23  1.3  -9 -9.0   -9 1008.0 1018.4 -9  -9.0   9.3   5.6  78.0   9.1   -9.0   -9.0   -9.0   -9.0   -9.0   -9.0   -9.0 -9 -9 -                        0   0   -9 -         -9  -9  -9  1271 -9.0 -9.00 -9   7.0 -99.0 -99.0 -99.0 -99.0  -9 -9.0 -9  3  2
202605050500 108   2  0.8  -9 -9.0   -9 1008.4 1018.9 -9  -9.0   8.7   5.9  83.0   9.3   -9.0   -9.0   -9.0   -9.0   -9.0   -9.0   -9.0 -9 -9 -                        0   0   -9 -         -9  -9  -9  1159 -9.0 -9.00 -9   6.8 -99.0 -99.0 -99.0 -99.0  -9 -9.0 -9  3  2
202605050600 108   2  1.0  -9 -9.0   -9 1008.8 1019.3  2   1.1   8.4   5.6  83.0   9.1   -9.0   -9.0   -9.0   -9.0   -9.0   -9.0   -9.0 -9 -9 -                        0   0   -9 -         -9  -9  -9  1003  0.1  0.02 -9   7.0 -99.0 -99.0 -99.0 -99.0  -9 -9.0 -9  3  2
202605050700 108   2  1.2  -9 -9.0   -9 1009.3 1019.8 -9  -9.0   8.9   6.1  83.0   9.4   -9.0   -9.0   -9.0   -9.0   -9.0   -9.0   -9.0 -9 -9 -                        0   0   -9 -         -9  -9  -9  1221  1.0  0.38 -9   9.7 -99.0 -99.0 -99.0 -99.0  -9 -9.0 -9  3  2
202605050800 108  14  1.4  -9 -9.0   -9 1009.2 1019.6 -9  -9.0  11.7   7.0  73.0  10.0   -9.0   -9.0   -9.0   -9.0   -9.0   -9.0   -9.0 -9 -9 -                        0   0   -9 -         -9  -9  -9  1318  1.0  1.18 -9  17.8 -99.0 -99.0 -99.0 -99.0  -9 -9.0 -9  3  2
202605050900 108  16  1.8  -9 -9.0   -9 1009.2 1019.5  0   0.2  13.8   7.3  65.0  10.2   -9.0   -9.0   -9.0   -9.0   -9.0   -9.0   -9.0 -9 -9 -                        0   0   -9 -         -9  -9  -9  1712  1.0  1.98 -9  26.3 -99.0 -99.0 -99.0 -99.0  -9 -9.0 -9  3  2
202605051000 108  23  2.7  -9 -9.0   -9 1009.1 1019.3 -9  -9.0  15.7   5.0  49.0   8.7   -9.0   -9.0   -9.0   -9.0   -9.0   -9.0   -9.0 -9 -9 -                        0   0   -9 -         -9  -9  -9  2552  1.0  2.66 -9  34.5 -99.0 -99.0 -99.0 -99.0  -9 -9.0 -9  3  2
202605051100 108  18  3.4  -9 -9.0   -9 1008.8 1018.9 -9  -9.0  17.6   3.8  40.0   8.0   -9.0   -9.0   -9.0   -9.0   -9.0   -9.0   -9.0 -9 -9 -                        0   0   -9 -         -9  -9  -9  2866  1.0  3.26 -9  41.0 -99.0 -99.0 -99.0 -99.0  -9 -9.0 -9  3  2
202605051200 108  25  3.5  -9 -9.0   -9 1008.3 1018.4  7  -1.1  18.7   2.4  34.0   7.3   -9.0   -9.0   -9.0   -9.0   -9.0   -9.0   -9.0 -9 -9 -                        0   0   -9 -         -9  -9  -9  2540  1.0  3.62 -9  45.4 -99.0 -99.0 -99.0 -99.0  -9 -9.0 -9  3  2
202605051300 108  20  4.5  -9 -9.0   -9 1007.7 1017.7 -9  -9.0  19.6   0.5  28.0   6.3   -9.0   -9.0   -9.0   -9.0   -9.0   -9.0   -9.0 -9 -9 -                        0   0   -9 -         -9  -9  -9  3094  1.0  3.77 -9  47.5 -99.0 -99.0 -99.0 -99.0  -9 -9.0 -9  3  2
202605051400 108  23  5.3  -9 -9.0   -9 1007.3 1017.3 -9  -9.0  19.9  -1.2  24.0   5.6   -9.0   -9.0   -9.0   -9.0   -9.0   -9.0   -9.0 -9 -9 -                        0   0   -9 -         -9  -9  -9  3405  1.0  3.68 -9  45.6 -99.0 -99.0 -99.0 -99.0  -9 -9.0 -9  3  2
202605051500 108  23  4.7  -9 -9.0   -9 1006.4 1016.4  7  -2.0  20.6   1.9  29.0   7.0   -9.0   -9.0   -9.0   -9.0   -9.0   -9.0   -9.0 -9 -9 -                        0   0   -9 -         -9  -9  -9  3735  1.0  3.28 -9  42.6 -99.0 -99.0 -99.0 -99.0  -9 -9.0 -9  3  2
202605051600 108  20  4.4  -9 -9.0   -9 1005.6 1015.6 -9  -9.0  20.8   3.0  31.0   7.6   -9.0   -9.0   -9.0   -9.0   -9.0   -9.0   -9.0 -9 -9 -                        0   0   -9 -         -9  -9  -9  2290  1.0  2.72 -9  38.1 -99.0 -99.0 -99.0 -99.0  -9 -9.0 -9  3  2
202605051700 108  23  4.1  -9 -9.0   -9 1005.4 1015.4 -9  -9.0  20.1   1.9  30.0   7.0   -9.0   -9.0   -9.0   -9.0   -9.0   -9.0   -9.0 -9 -9 -                        0   0   -9 -         -9  -9  -9  3016  1.0  2.03 -9  31.3 -99.0 -99.0 -99.0 -99.0  -9 -9.0 -9  3  2
202605051800 108  25  3.8  -9 -9.0   -9 1005.4 1015.4  6  -1.0  19.0   0.0  28.0   6.1   -9.0   -9.0   -9.0   -9.0   -9.0   -9.0   -9.0 -9 -9 -                        0   0   -9 -         -9  -9  -9  2760  1.0  1.28 -9  21.6 -99.0 -99.0 -99.0 -99.0  -9 -9.0 -9  3  2
202605051900 108  27  4.5  -9 -9.0   -9 1005.6 1015.7 -9  -9.0  16.9  -0.3  31.0   6.0   -9.0   -9.0   -9.0   -9.0   -9.0   -9.0   -9.0 -9 -9 -                        0   0   -9 -         -9  -9  -9  3427  0.9  0.45 -9  16.2 -99.0 -99.0 -99.0 -99.0  -9 -9.0 -9  3 -9
202605052000 108  27  3.6  -9 -9.0   -9 1006.1 1016.3 -9  -9.0  15.2  -0.5  34.0   5.9   -9.0   -9.0   -9.0   -9.0   -9.0   -9.0   -9.0 -9 -9 -                        0   0   -9 -         -9  -9  -9  3295  0.0  0.02 -9  13.5 -99.0 -99.0 -99.0 -99.0  -9 -9.0 -9  3 -9
202605052100 108  27  2.1  -9 -9.0   -9 1006.8 1017.1  2   1.7  13.8   0.7  41.0   6.4   -9.0   -9.0   -9.0   -9.0   -9.0   -9.0   -9.0 -9 -9 -                        0   0   -9 -         -9  -9  -9  3253 -9.0 -9.00 -9  11.7 -99.0 -99.0 -99.0 -99.0  -9 -9.0 -9  3  2
202605052200 108  25  0.6  -9 -9.0   -9 1007.3 1017.6 -9  -9.0  12.8   0.5  43.0   6.3   -9.0   -9.0   -9.0   -9.0   -9.0   -9.0   -9.0 -9 -9 -                        0   0   -9 -         -9  -9  -9  3341 -9.0 -9.00 -9  10.1 -99.0 -99.0 -99.0 -99.0  -9 -9.0 -9  3 -9
202605052300 108   0  0.4  -9 -9.0   -9 1007.4 1017.7 -9  -9.0  12.0   1.8  50.0   7.0   -9.0   -9.0   -9.0   -9.0   -9.0   -9.0   -9.0 -9 -9 -                        0   0   -9 -         -9  -9  -9  3105 -9.0 -9.00 -9   9.4 -99.0 -99.0 -99.0 -99.0  -9 -9.0 -9  3 -9
202605060000 108  23  1.7  -9 -9.0   -9 1007.3 1017.6  0   0.5  11.8  -0.3  43.0   6.0   -9.0   -9.0   -9.0   -9.0   -9.0   -9.0   -9.0 -9 -9 -                        0   0   -9 -         -9  -9  -9  3306 -9.0 -9.00 -9   8.9 -99.0 -99.0 -99.0 -99.0  -9 -9.0 -9  3  2
202605060100 108  32  0.5  -9 -9.0   -9 1007.3 1017.7 -9  -9.0  11.3   0.9  49.0   6.5   -9.0   -9.0   -9.0   -9.0   -9.0   -9.0   -9.0 -9 -9 -                        0   0   -9 -         -9  -9  -9  3142 -9.0 -9.00 -9   8.7 -99.0 -99.0 -99.0 -99.0  -9 -9.0 -9  3 -9
202605060200 108   2  1.3  -9 -9.0   -9 1007.0 1017.4 -9  -9.0  10.5   2.0  56.0   7.1   -9.0   -9.0   -9.0   -9.0   -9.0   -9.0   -9.0 -9 -9 -                        0   0   -9 -         -9  -9  -9  3288 -9.0 -9.00 -9   8.4 -99.0 -99.0 -99.0 -99.0  -9 -9.0 -9  3 -9
202605060300 108   5  1.7  -9 -9.0   -9 1006.7 1017.1  8  -0.5  10.0   1.8  57.0   7.0   -9.0   -9.0   -9.0   -9.0   -9.0   -9.0   -9.0 -9 -9 -                        0   0   -9 -         -9  -9  -9  3250 -9.0 -9.00 -9   8.1 -99.0 -99.0 -99.0 -99.0  -9 -9.0 -9  3  2
202605060400 108   5  1.9  -9 -9.0   -9 1006.7 1017.1 -9  -9.0   9.5   2.7  63.0   7.4   -9.0   -9.0   -9.0   -9.0   -9.0   -9.0   -9.0 -9 -9 -                        2   2    7 -         -9  -9  -9  2925 -9.0 -9.00 -9   7.9 -99.0 -99.0 -99.0 -99.0  -9 -9.0 -9  3  2
202605060500 108   2  2.0  -9 -9.0   -9 1007.1 1017.5 -9  -9.0   9.3   3.0  65.0   7.6   -9.0   -9.0   -9.0   -9.0   -9.0   -9.0   -9.0 -9 -9 -                        2   2    7 -         -9  -9  -9  2862 -9.0 -9.00 -9   7.7 -99.0 -99.0 -99.0 -99.0  -9 -9.0 -9  3  2
202605060600 108   5  1.5  -9 -9.0   -9 1007.3 1017.7  2   0.6   9.3   3.0  65.0   7.6   -9.0   -9.0   -9.0   -9.0   -9.0   -9.0   -9.0 -9 -9 -                        1   1    7 -         -9  -9  -9  2681  0.0  0.01 -9   8.1 -99.0 -99.0 -99.0 -99.0  -9 -9.0 -9  3  2
202605060700 108   7  1.5  -9 -9.0   -9 1007.5 1017.9 -9  -9.0  10.5   4.1  65.0   8.2   -9.0   -9.0   -9.0   -9.0   -9.0   -9.0   -9.0 -9 -9 -                        5   5    7 -         -9  -9  -9  2411  0.2  0.31 -9  12.5 -99.0 -99.0 -99.0 -99.0  -9 -9.0 -9  3  2
202605060800 108   7  1.6  -9 -9.0   -9 1007.6 1017.9 -9  -9.0  12.9   4.3  56.0   8.3   -9.0   -9.0   -9.0   -9.0   -9.0   -9.0   -9.0 -9 -9 -                        5   5    6 -         -9  -9  -9  3054  0.2  0.76 -9  18.4 -99.0 -99.0 -99.0 -99.0  -9 -9.0 -9  3  2
202605060900 108   7  1.6  -9 -9.0   -9 1007.6 1017.8  0   0.1  15.7   5.2  50.0   8.8   -9.0   -9.0   -9.0   -9.0   -9.0   -9.0   -9.0 -9 -9 -                        0   0   -9 -         -9  -9  -9  2362  0.8  1.77 -9  29.0 -99.0 -99.0 -99.0 -99.0  -9 -9.0 -9  3  2
202605061000 108  16  1.1  -9 -9.0   -9 1007.6 1017.7 -9  -9.0  17.8   7.5  51.0  10.4   -9.0   -9.0   -9.0   -9.0   -9.0   -9.0   -9.0 -9 -9 -                        0   0   -9 -         -9  -9  -9  2253  1.0  2.50 -9  38.0 -99.0 -99.0 -99.0 -99.0  -9 -9.0 -9  3  2
202605061100 108  18  2.4  -9 -9.0   -9 1007.1 1017.1 -9  -9.0  20.0   9.5  51.0  11.9   -9.0   -9.0   -9.0   -9.0   -9.0   -9.0   -9.0 -9 -9 -                        2   1    1 -         -9  -9  -9  2009  1.0  3.06 -9  44.9 -99.0 -99.0 -99.0 -99.0  -9 -9.0 -9  3  2
202605061200 108  20  2.6  -9 -9.0   -9 1006.5 1016.5  7  -1.3  21.2   8.7  45.0  11.2   -9.0   -9.0   -9.0   -9.0   -9.0   -9.0   -9.0 -9 -9 -                        4   1    1 -         -9  -9  -9  2377  1.0  3.37 -9  48.9 -99.0 -99.0 -99.0 -99.0  -9 -9.0 -9  3  2
202605061300 108  20  4.0  -9 -9.0   -9 1005.6 1015.5 -9  -9.0  23.1   8.7  40.0  11.2   -9.0   -9.0   -9.0   -9.0   -9.0   -9.0   -9.0 -9 -9 -                        1   1   20 -         -9  -9  -9  2206  1.0  3.56 -9  50.5 -99.0 -99.0 -99.0 -99.0  -9 -9.0 -9  3  2
202605061400 108  23  5.5  -9 -9.0   -9 1005.1 1015.0 -9  -9.0  23.1   7.2  36.0  10.2   -9.0   -9.0   -9.0   -9.0   -9.0   -9.0   -9.0 -9 -9 -                        1   1    1 -         -9  -9  -9  2732  1.0  3.52 -9  48.1 -99.0 -99.0 -99.0 -99.0  -9 -9.0 -9  3  2
202605061500 108  20  3.8  -9 -9.0   -9 1004.7 1014.6  7  -1.9  23.7   8.9  39.0  11.4   -9.0   -9.0   -9.0   -9.0   -9.0   -9.0   -9.0 -9 -9 -                        1   1   19 -         -9  -9  -9  3234  0.9  2.90 -9  45.2  22.7  18.5  14.3  13.7  -9 -9.0 -9  3  2
202605061600 108  20  4.4  -9 -9.0   -9 1004.4 1014.3 -9  -9.0  22.9   7.0  36.0  10.0   -9.0   -9.0   -9.0   -9.0   -9.0   -9.0   -9.0 -9 -9 -                        1   1    1 -         -9  -9  -9  2723  1.0  2.69 -9  39.8  22.8  18.9  14.9  14.0  -9 -9.0 -9  3  2
202605061700 108  20  4.5  -9 -9.0   -9 1004.2 1014.1 -9  -9.0  22.1   6.7  37.0   9.8   -9.0   -9.0   -9.0   -9.0   -9.0   -9.0   -9.0 -9 -9 -                        1   1    1 -         -9  -9  -9  2370  1.0  1.92 -9  32.3  22.4  19.0  15.5  14.4  -9 -9.0 -9  3  2
202605061800 108  27  3.4  -9 -9.0   -9 1004.3 1014.2  5  -0.4  21.3   6.0  37.0   9.3   -9.0   -9.0   -9.0   -9.0   -9.0   -9.0   -9.0 -9 -9 -                        0   0   -9 -         -9  -9  -9  2524  1.0  1.12 -9  23.9  21.6  18.8  16.0  14.8  -9 -9.0 -9  3  2
202605061900 108  25  3.7  -9 -9.0   -9 1003.9 1013.9 -9  -9.0  19.6   5.9  41.0   9.3   -9.0   -9.0   -9.0   -9.0   -9.0   -9.0   -9.0 -9 -9 -                        3   1    1 -         -9  -9  -9  2523  0.9  0.40 -9  18.7  20.6  18.4  16.4  15.2  -9 -9.0 -9  3  2
202605062000 108  25  2.9  -9 -9.0   -9 1004.5 1014.6 -9  -9.0  18.4   6.2  45.0   9.5   -9.0   -9.0   -9.0   -9.0   -9.0   -9.0   -9.0 -9 -9 -                        2   1    1 -         -9  -9  -9  2543  0.0  0.02 -9  16.0  19.6  17.8  16.7  15.6  -9 -9.0 -9  3  2
202605062100 108  25  2.5  -9 -9.0   -9 1004.7 1014.8  3   0.6  17.4   5.9  47.0   9.3   -9.0   -9.0   -9.0   -9.0   -9.0   -9.0   -9.0 -9 -9 -                        1   0   -9 -         -9  -9  -9  2610 -9.0 -9.00 -9  14.6  18.7  17.2  16.7  15.8  -9 -9.0 -9  3  2
202605062200 108  25  1.6  -9 -9.0   -9 1004.7 1014.8 -9  -9.0  16.6   6.4  51.0   9.6   -9.0   -9.0   -9.0   -9.0   -9.0   -9.0   -9.0 -9 -9 -                        7   1    1 -         -9  -9  -9  2469 -9.0 -9.00 -9  13.4  18.1  15.9  15.7  14.8  -9 -9.0 -9  3  2
202605062300 108  25  1.9  -9 -9.0   -9 1004.7 1014.8 -9  -9.0  16.4   7.3  55.0  10.2   -9.0   -9.0   -9.0   -9.0   -9.0   -9.0   -9.0 -9 -9 -                        9   1   66 -         -9  -9  -9  2536 -9.0 -9.00 -9  14.2  17.5  15.4  15.6  14.9  -9 -9.0 -9  3 -9
202605070000 108  25  2.8  -9 -9.0   -9 1004.7 1014.8  4   0.0  16.2   6.5  53.0   9.7   -9.0   -9.0   -9.0   -9.0   -9.0   -9.0   -9.0 -9 -9 -                        6   0   -9 -         -9  -9  -9  2434 -9.0 -9.00 -9  13.6  17.2  15.1  15.5  15.0  -9 -9.0 -9  3  2
202605070100 108  18  1.9  -9 -9.0   -9 1003.6 1013.7 -9  -9.0  15.8   6.7  55.0   9.8   -9.0   -9.0   -9.0   -9.0   -9.0   -9.0   -9.0 -9 -9 -                        8   8   60 -         -9  -9  -9  2707 -9.0 -9.00 -9  13.2  16.8  14.8  15.4  15.0  -9 -9.0 -9  3 -9
202605070200 108  25  2.3  -9 -9.0   -9 1003.9 1014.1 -9  -9.0  15.1   5.8  54.0   9.2   -9.0   -9.0   -9.0   -9.0   -9.0   -9.0   -9.0 -9 -9 -                        8   7   70 -         -9  -9  -9  2917 -9.0 -9.00 -9  12.1  16.4  14.5  15.2  15.0  -9 -9.0 -9  3 -9
202605070300 108  25  1.2  -9 -9.0   -9 1003.8 1014.0  5  -0.8  14.6   6.1  57.0   9.4   -9.0   -9.0   -9.0   -9.0   -9.0   -9.0   -9.0 -9 -9 -                       10   0   -9 -         -9  -9  -9  2727 -9.0 -9.00 -9  11.6  16.1  14.2  15.1  14.9  -9 -9.0 -9  3  2
202605070400 108  23  1.1  -9 -9.0   -9 1003.4 1013.6 -9  -9.0  14.1   5.9  58.0   9.3   -9.0   -9.0   -9.0   -9.0   -9.0   -9.0   -9.0 -9 -9 -                        7   0   -9 -         -9  -9  -9  2808 -9.0 -9.00 -9  10.7  15.6  13.9  15.0  14.9  -9 -9.0 -9  3  2
202605070500 108   5  0.8  -9 -9.0   -9 1003.0 1013.2 -9  -9.0  13.5   6.5  63.0   9.7   -9.0   -9.0   -9.0   -9.0   -9.0   -9.0   -9.0 -9 -9 -                        7   0   -9 -         -9  -9  -9  2561 -9.0 -9.00 -9  10.0  15.1  13.6  14.8  14.8  -9 -9.0 -9  3  2
202605070600 108  20  1.3  -9 -9.0   -9 1003.3 1013.5  5  -0.5  13.1   5.9  62.0   9.3   -9.0   -9.0   -9.0   -9.0   -9.0   -9.0   -9.0 -9 -9 -                        9   0   -9 -         -9  -9  -9  2454  0.0  0.01 -9  10.6  15.0  13.3  14.7  14.8  -9 -9.0 -9  3  2
202605070700 108  27  0.6  -9 -9.0   -9 1003.7 1013.9 -9  -9.0  13.7   7.0  64.0  10.0   -9.0   -9.0   -9.0   -9.0   -9.0   -9.0   -9.0 -9 -9 -                        9   0   -9 -         -9  -9  -9  2538  0.1  0.30 -9  15.0  15.0  13.1  14.5  14.7  -9 -9.0 -9  3  2
202605070800 108  18  2.4  -9 -9.0   -9 1002.9 1013.0 -9  -9.0  15.9   7.6  58.0  10.4   -9.0   -9.0   -9.0   -9.0   -9.0   -9.0   -9.0 -9 -9 -                        7   7   64 -         -9  -9  -9  2634  0.6  0.81 -9  23.1  15.2  13.7  15.0  15.2  -9 -9.0 -9  3  2
202605070900 108  23  2.0  -9 -9.0   -9 1002.6 1012.7  8  -0.8  17.1   8.5  57.0  11.1   -9.0   -9.0   -9.0   -9.0   -9.0   -9.0   -9.0 -9 -9 -                        7   1    9 -         -9  -9  -9  2000  0.3  1.22 -9  24.1  16.3  14.3  14.8  15.1  -9 -9.0 -9  3  2
202605071000 108  23  3.2  -9 -9.0   -9 1002.5 1012.5 -9  -9.0  18.2   9.2  56.0  11.6   -9.0   -9.0   -9.0   -9.0   -9.0   -9.0   -9.0 -9 -9 -                        7   3   10 -         -9  -9  -9  1989  0.4  1.84 -9  29.3  17.8  14.8  14.6  14.9  -9 -9.0 -9  3  2
202605071100 108  20  4.1  -9 -9.0   -9 1001.9 1011.9 -9  -9.0  20.0  10.6  55.0  12.8   -9.0   -9.0   -9.0   -9.0   -9.0   -9.0   -9.0 -9 -9 -                        6   5   10 -         -9  -9  -9  2307  0.7  2.66 -9  34.1  19.3  15.7  14.5  14.6  -9 -9.0 -9  3  2
202605071200 108  25  4.6  -9 -9.0   -9 1001.6 1011.6  7  -1.1  19.9  10.8  56.0  12.9   -9.0   -9.0   -9.0   -9.0   -9.0   -9.0   -9.0 -9 -9 -                       10   7   10 -         -9  -9  -9  2409  0.3  2.10 -9  31.1  20.2  16.6  14.7  14.7  -9 -9.0 -9  3  2
202605071300 108  23  5.5  18 11.0 1254 1001.4 1011.4 -9  -9.0  19.0  11.0  60.0  13.1   -9.0   -9.0   -9.0   -9.0   -9.0   -9.0   -9.0 -9 -9 -                       10   9    9 -         -9  -9  -9  2247  0.0  1.05 -9  25.1  19.9  17.0  15.1  14.9  -9 -9.0 -9  3  2
202605071400 108  25  4.1  23 12.0 1303 1001.2 1011.2 -9  -9.0  17.8  11.1  65.0  13.2   -9.0   -9.0   -9.0   -9.0   -9.0   -9.0   -9.0 -9 -9 -                       10   9    7 -         -9  -9  -9  2262  0.0  0.68 -9  23.6  19.5  16.9  15.3  14.9  -9 -9.0 -9  3  2
202605071500 108  20  3.1  23 12.0 1303 1000.3 1010.4  7  -1.2  17.0  11.6  71.0  13.7    0.0    0.0    0.0   -9.0   -9.0   -9.0   -9.0 60 62 01                      10   1    7 -         -9  -9  -9  1485  0.0  0.17 -9  19.3  18.8  16.7  15.6  15.2  -9 -9.0 -9  4  1
202605071600 108  23  3.1  -9 -9.0   -9 1000.2 1010.3 -9  -9.0  15.3  12.7  85.0  14.7    0.5    0.5    0.5   -9.0   -9.0   -9.0   -9.0 61 66 1901                    10   8    3 -         -9  -9  -9   513  0.0  0.25 -9  17.1  18.0  16.5  15.8  15.3  -9 -9.0 -9  4  1
202605071700 108  20  2.0  -9 -9.0   -9  999.9 1010.0 -9  -9.0  15.0  13.3  90.0  15.3    2.0    2.5    2.5   -9.0   -9.0   -9.0   -9.0 61 66 1901                    10  10    2 -         -9  -9  -9   422  0.0  0.11 -9  16.9  17.5  16.1  15.8  15.3  -9 -9.0 -9  4  1
202605071800 108  27  2.6  -9 -9.0   -9  999.9 1010.1  5  -0.3  14.5  12.7  89.0  14.7    0.2    2.7    2.7   -9.0   -9.0   -9.0   -9.0 21 62 1901                     9   9    2 -         -9  -9  -9  1099  0.0  0.07 -9  16.3  17.2  15.9  15.8  15.4  -9 -9.0 -9  4  1
202605071900 108  29  2.0  -9 -9.0   -9 1000.2 1010.4 -9  -9.0  14.0  12.2  89.0  14.2   -9.0    2.7    2.7   -9.0   -9.0   -9.0   -9.0 -9 -9 19                      10  10    1 -         -9  -9  -9   510  0.0  0.02 -9  15.8  16.9  15.6  15.8  15.5  -9 -9.0 -9  3  2
202605072000 108  27  2.9  -9 -9.0   -9 1000.3 1010.5 -9  -9.0  13.8  11.8  88.0  13.8   -9.0    2.7    2.7   -9.0   -9.0   -9.0   -9.0 -9 -9 19                       7   7    2 -         -9  -9  -9  1164  0.0  0.01 -9  15.3  16.6  15.4  15.7  15.5  -9 -9.0 -9  3  2
202605072100 108  27  2.8  -9 -9.0   -9 1001.0 1011.2  2   1.1  13.7  11.5  87.0  13.6   -9.0    2.7    2.7   -9.0   -9.0   -9.0   -9.0 -9 62 -                        3   3    3 -         -9  -9  -9  1486 -9.0 -9.00 -9  14.8  16.3  15.2  15.7  15.5  -9 -9.0 -9  3  1
202605072200 108  25  2.7  -9 -9.0   -9 1001.5 1011.7 -9  -9.0  13.6  11.6  88.0  13.7   -9.0    2.7    2.7   -9.0   -9.0   -9.0   -9.0 -9 -9 -                        7   7    2 -         -9  -9  -9  1117 -9.0 -9.00 -9  14.7  16.1  15.0  15.6  15.5  -9 -9.0 -9  3 -9
202605072300 108  25  2.2  -9 -9.0   -9 1001.4 1011.6 -9  -9.0  13.6  11.8  89.0  13.8   -9.0    2.7    2.7   -9.0   -9.0   -9.0   -9.0 -9 -9 19                       3   3    2 -         -9  -9  -9   711 -9.0 -9.00 -9  14.6  15.9  14.8  15.5  15.5  -9 -9.0 -9  3  2
202605080000 108  27  2.0  -9 -9.0   -9 1001.8 1012.0  2   0.8  13.3  11.3  88.0  13.4   -9.0    2.7    2.7   -9.0   -9.0   -9.0   -9.0 10 11 19                       4   4    2 -         -9  -9  -9   635 -9.0 -9.00 -9  13.9  15.8  14.7  15.5  15.4  -9 -9.0 -9  3  1
202605080100 108  25  1.6  -9 -9.0   -9 1001.9 1012.1 -9  -9.0  12.8  10.6  87.0  12.8   -9.0   -9.0   -9.0   -9.0   -9.0   -9.0   -9.0 -9 -9 19                       0   0   -9 -         -9  -9  -9   695 -9.0 -9.00 -9  13.0  15.5  14.5  15.4  15.4  -9 -9.0 -9  3  2
202605080200 108  27  2.3  -9 -9.0   -9 1001.7 1012.0 -9  -9.0  11.9   9.2  84.0  11.6   -9.0   -9.0   -9.0   -9.0   -9.0   -9.0   -9.0 -9 -9 19                       0   0   -9 -         -9  -9  -9   976 -9.0 -9.00 -9  11.8  15.2  14.2  15.3  15.4  -9 -9.0 -9  3  2
202605080300 108  25  3.7  -9 -9.0   -9 1001.9 1012.2  2   0.2  11.4   8.6  83.0  11.2   -9.0   -9.0   -9.0   -9.0   -9.0   -9.0   -9.0 -9 -9 19                       0   0   -9 -         -9  -9  -9  1441 -9.0 -9.00 -9  11.1  14.7  13.9  15.2  15.3  -9 -9.0 -9  3  2
202605080400 108  23  2.1  -9 -9.0   -9 1002.2 1012.5 -9  -9.0  10.9   7.3  79.0  10.2   -9.0   -9.0   -9.0   -9.0   -9.0   -9.0   -9.0 -9 -9 -                        0   0   -9 -         -9  -9  -9  2024 -9.0 -9.00 -9  10.5  14.3  13.6  15.1  15.3  -9 -9.0 -9  3  2
202605080500 108  25  2.0  -9 -9.0   -9 1002.6 1013.0 -9  -9.0  10.2   6.8  80.0   9.9   -9.0   -9.0   -9.0   -9.0   -9.0   -9.0   -9.0 -9 -9 -                        0   0   -9 -         -9  -9  -9  2213 -9.0 -9.00 -9   9.8  13.9  13.2  15.0  15.2  -9 -9.0 -9  3  2
202605080600 108  27  2.0  -9 -9.0   -9 1003.0 1013.4  2   1.2  10.0   6.8  81.0   9.9   -9.0   -9.0   -9.0   -9.0   -9.0   -9.0   -9.0 -9 -9 -                        0   0   -9 -         -9  -9  -9  2371  0.2  0.03 -9   9.6  13.6  12.9  14.8  15.1  -9 -9.0 -9  3  2
202605080700 108  25  1.9  -9 -9.0   -9 1003.9 1014.3 -9  -9.0  10.2   6.3  77.0   9.5   -9.0   -9.0   -9.0   -9.0   -9.0   -9.0   -9.0 -9 -9 -                        0   0   -9 -         -9  -9  -9  3079  1.0  0.45 -9  11.6  13.3  12.5  14.6  15.0  -9 -9.0 -9  3  2
202605080800 108  27  2.1  -9 -9.0   -9 1004.4 1014.7 -9  -9.0  12.2   6.8  70.0   9.9   -9.0   -9.0   -9.0   -9.0   -9.0   -9.0   -9.0 -9 -9 -                        0   0   -9 -         -9  -9  -9  3265  1.0  1.26 -9  18.2  13.7  12.5  14.3  14.7  -9 -9.0 -9  3  2
202605080900 108  27  3.4  -9 -9.0   -9 1004.2 1014.4  0   1.0  14.1   5.4  56.0   9.0   -9.0   -9.0   -9.0   -9.0   -9.0   -9.0   -9.0 -9 -9 -                        0   0   -9 -         -9  -9  -9  3593  1.0  2.02 -9  22.7  14.4  12.8  14.1  14.6  -9 -9.0 -9  3  2
202605081000 108  27  3.6  -9 -9.0   -9 1004.1 1014.2 -9  -9.0  15.9   3.6  44.0   7.9   -9.0   -9.0   -9.0   -9.0   -9.0   -9.0   -9.0 -9 -9 -                        0   0   -9 -         -9  -9  -9  2958  1.0  2.67 -9  26.5  15.2  13.3  13.9  14.4  -9 -9.0 -9  3  2
202605081100 108  29  4.9  -9 -9.0   -9 1003.9 1014.0 -9  -9.0  17.4   2.5  37.0   7.3   -9.0   -9.0   -9.0   -9.0   -9.0   -9.0   -9.0 -9 -9 -                        0   0   -9 -         -9  -9  -9  2855  1.0  3.28 -9  -9.0 -99.0 -99.0 -99.0 -99.0  -9 -9.0 -9  3  2
202605081200 108  29  4.8  29 10.0 1144 1003.5 1013.6  7  -0.8  17.6   1.5  34.0   6.8   -9.0   -9.0   -9.0   -9.0   -9.0   -9.0   -9.0 -9 -9 -                        5   2   20 -         -9  -9  -9  3095  0.6  2.49 -9  -9.0 -99.0 -99.0 -99.0 -99.0  -9 -9.0 -9  3  2
202605081300 108  27  5.9  25 16.0 1216 1003.0 1013.0 -9  -9.0  19.3  -0.1  27.0   6.1   -9.0   -9.0   -9.0   -9.0   -9.0   -9.0   -9.0 -9 -9 -                        3   3   25 -         -9  -9  -9  3456  1.0  3.90 -9  -9.0 -99.0 -99.0 -99.0 -99.0  -9 -9.0 -9  3  2
202605081400 108  27  4.0  23 13.0 1307 1002.8 1012.8 -9  -9.0  20.2  -1.6  23.0   5.4   -9.0   -9.0   -9.0   -9.0   -9.0   -9.0   -9.0 -9 -9 -                        1   1    1 -         -9  -9  -9  3683  1.0  3.72 -9  -9.0 -99.0 -99.0 -99.0 -99.0  -9 -9.0 -9  3  2
202605081500 108  27  5.0  25 16.0 1216 1002.8 1012.8  6  -0.8  19.8  -0.2  26.0   6.0   -9.0   -9.0   -9.0   -9.0   -9.0   -9.0   -9.0 -9 -9 -                        2   2   27 -         -9  -9  -9  3589  1.0  3.26 -9  -9.0 -99.0 -99.0 -99.0 -99.0  -9 -9.0 -9  3  2
202605081600 108  32  5.6  29 14.0 1550 1002.8 1012.8 -9  -9.0  19.0  -0.9  26.0   5.7   -9.0   -9.0   -9.0   -9.0   -9.0   -9.0   -9.0 -9 -9 -                        1   1   25 -         -9  -9  -9  3881  0.9  2.56 -9  -9.0 -99.0 -99.0 -99.0 -99.0  -9 -9.0 -9  3  2
202605081700 108  29  4.4  32 13.0 1606 1002.9 1012.9 -9  -9.0  19.5   0.4  28.0   6.3   -9.0   -9.0   -9.0   -9.0   -9.0   -9.0   -9.0 -9 -9 -                        0   0   -9 -         -9  -9  -9  3788  1.0  2.05 -9  31.4  18.7  18.1  17.9  16.1  -9 -9.0 -9  3  2
202605081800 108  29  2.9  29 14.0 1550 1003.3 1013.3  2   0.5  19.4   1.3  30.0   6.7   -9.0   -9.0   -9.0   -9.0   -9.0   -9.0   -9.0 -9 -9 -                        0   0   -9 -         -9  -9  -9  3826  1.0  1.26 -9  25.5  18.6  18.0  17.9  16.2  -9 -9.0 -9  3  2
202605081900 108  27  3.3  -9 -9.0   -9 1004.1 1014.2 -9  -9.0  17.9   1.7  34.0   6.9   -9.0   -9.0   -9.0   -9.0   -9.0   -9.0   -9.0 -9 -9 -                        0   0   -9 -         -9  -9  -9  3360  0.9  0.45 -9  17.3  18.2  17.7  17.7  16.4  -9 -9.0 -9  3  2
202605082000 108  25  2.5  -9 -9.0   -9 1005.1 1015.2 -9  -9.0  16.6   2.5  39.0   7.3   -9.0   -9.0   -9.0   -9.0   -9.0   -9.0   -9.0 -9 -9 -                        0   0   -9 -         -9  -9  -9  3450  0.0  0.03 -9  14.5  17.4  17.2  17.4  16.5  -9 -9.0 -9  3  2
202605082100 108  25  2.8  29 14.0 1550 1006.3 1016.5  2   3.2  15.9   3.6  44.0   7.9   -9.0   -9.0   -9.0   -9.0   -9.0   -9.0   -9.0 -9 -9 -                        0   0   -9 -         -9  -9  -9  3294 -9.0 -9.00 -9  13.4  16.8  16.7  17.0  16.6  -9 -9.0 -9  3  2
202605082200 108  25  1.6  -9 -9.0   -9 1007.2 1017.4 -9  -9.0  14.9   3.6  47.0   7.9   -9.0   -9.0   -9.0   -9.0   -9.0   -9.0   -9.0 -9 -9 -                        0   0   -9 -         -9  -9  -9  3157 -9.0 -9.00 -9  12.3  16.4  16.3  16.7  16.6  -9 -9.0 -9  3 -9
202605082300 108  25  2.0  -9 -9.0   -9 1007.7 1018.0 -9  -9.0  14.1   3.2  48.0   7.7   -9.0   -9.0   -9.0   -9.0   -9.0   -9.0   -9.0 -9 -9 -                        0   0   -9 -         -9  -9  -9  3206 -9.0 -9.00 -9  11.4  15.8  15.9  16.3  16.7  -9 -9.0 -9  3 -9
202605090000 108  34  1.5  -9 -9.0   -9 1008.2 1018.5  2   2.0  13.3   3.9  53.0   8.1   -9.0   -9.0   -9.0   -9.0   -9.0   -9.0   -9.0 -9 -9 -                        0   0   -9 -         -9  -9  -9  3105 -9.0 -9.00 -9  10.1  15.4  15.5  15.9  16.6  -9 -9.0 -9  3  2
202605090100 108  29  2.8  -9 -9.0   -9 1008.2 1018.5 -9  -9.0  12.8   4.4  57.0   8.4   -9.0   -9.0   -9.0   -9.0   -9.0   -9.0   -9.0 -9 -9 -                        0   0   -9 -         -9  -9  -9  2848 -9.0 -9.00 -9  10.0  15.1  15.1  15.5  16.6  -9 -9.0 -9  3 -9
202605090200 108  29  3.3  -9 -9.0   -9 1008.1 1018.4 -9  -9.0  12.4   4.1  57.0   8.2   -9.0   -9.0   -9.0   -9.0   -9.0   -9.0   -9.0 -9 -9 -                        0   0   -9 -         -9  -9  -9  3031 -9.0 -9.00 -9   9.8  14.8  14.8  15.2  16.5  -9 -9.0 -9  3 -9
202605090300 108  29  1.5  -9 -9.0   -9 1008.4 1018.7  3   0.2  11.9   2.8  54.0   7.5   -9.0   -9.0   -9.0   -9.0   -9.0   -9.0   -9.0 -9 -9 -                        0   0   -9 -         -9  -9  -9  3061 -9.0 -9.00 -9   9.0  14.5  14.5  14.9  16.4  -9 -9.0 -9  3  2
202605090400 108  23  0.9  -9 -9.0   -9 1008.6 1019.0 -9  -9.0  10.8   3.0  59.0   7.6   -9.0   -9.0   -9.0   -9.0   -9.0   -9.0   -9.0 -9 -9 -                        0   0   -9 -         -9  -9  -9  3176 -9.0 -9.00 -9   8.1  14.0  14.2  14.6  16.3  -9 -9.0 -9  3  2
202605090500 108   0  0.2  -9 -9.0   -9 1009.0 1019.4 -9  -9.0  10.3   3.3  62.0   7.7   -9.0   -9.0   -9.0   -9.0   -9.0   -9.0   -9.0 -9 -9 -                        0   0   -9 -         -9  -9  -9  3001 -9.0 -9.00 -9   7.7  13.7  13.8  14.3  16.2  -9 -9.0 -9  3  2
202605090600 108  29  0.9  -9 -9.0   -9 1009.6 1020.0  2   1.3   9.8   3.3  64.0   7.7   -9.0   -9.0   -9.0   -9.0   -9.0   -9.0   -9.0 -9 -9 -                        0   0   -9 -         -9  -9  -9  3200  0.3  0.03 -9   7.7  13.3  13.5  14.0  16.1  -9 -9.0 -9  3  2
202605090700 108  25  0.9  -9 -9.0   -9 1010.1 1020.5 -9  -9.0  10.7   4.3  65.0   8.3   -9.0   -9.0   -9.0   -9.0   -9.0   -9.0   -9.0 -9 -9 -                        0   0   -9 -         -9  -9  -9  2811  1.0  0.45 -9   9.6  13.3  13.3  13.8  16.0  -9 -9.0 -9  3  2
202605090800 108  23  1.0  -9 -9.0   -9 1010.4 1020.7 -9  -9.0  13.3   5.4  59.0   9.0   -9.0   -9.0   -9.0   -9.0   -9.0   -9.0   -9.0 -9 -9 -                        0   0   -9 -         -9  -9  -9  2211  1.0  1.24 -9  12.3  14.0  13.5  14.0  15.9  -9 -9.0 -9  3  2
202605090900 108  25  1.4  -9 -9.0   -9 1010.3 1020.5  0   0.5  16.2   3.9  44.0   8.1   -9.0   -9.0   -9.0   -9.0   -9.0   -9.0   -9.0 -9 -9 -                        0   0   -9 -         -9  -9  -9  2927  1.0  2.03 -9  18.1  15.0  14.3  14.5  15.8  -9 -9.0 -9  3  2
202605091000 108  29  2.4  -9 -9.0   -9 1010.1 1020.2 -9  -9.0  18.0   1.4  33.0   6.8   -9.0   -9.0   -9.0   -9.0   -9.0   -9.0   -9.0 -9 -9 -                        0   0   -9 -         -9  -9  -9  3328  1.0  2.69 -9  34.3  16.3  15.3  15.3  15.7  -9 -9.0 -9  3  2
202605091100 108  23  3.0  -9 -9.0   -9 1009.8 1019.9 -9  -9.0  19.7   1.6  30.0   6.9   -9.0   -9.0   -9.0   -9.0   -9.0   -9.0   -9.0 -9 -9 -                        0   0   -9 -         -9  -9  -9  2890  1.0  3.29 -9  40.2  17.9  16.4  16.1  15.6  -9 -9.0 -9  3  2
202605091200 108  27  3.6  -9 -9.0   -9 1009.3 1019.3  7  -1.2  21.0   0.7  26.0   6.4   -9.0   -9.0   -9.0   -9.0   -9.0   -9.0   -9.0 -9 -9 -                        0   0   -9 -         -9  -9  -9  3365  1.0  3.58 -9  45.4  19.6  17.7  17.1  15.5  -9 -9.0 -9  3  2
202605091300 108  23  3.0  -9 -9.0   -9 1008.4 1018.3 -9  -9.0  22.4   1.3  25.0   6.7   -9.0   -9.0   -9.0   -9.0   -9.0   -9.0   -9.0 -9 -9 -                        0   0   -9 -         -9  -9  -9  3985  1.0  3.70 -9  48.5  20.9  18.8  18.1  15.6  -9 -9.0 -9  3  2
202605091400 108  25  3.9  -9 -9.0   -9 1008.2 1018.1 -9  -9.0  22.3   1.8  26.0   7.0   -9.0   -9.0   -9.0   -9.0   -9.0   -9.0   -9.0 -9 -9 -                        0   0   -9 -         -9  -9  -9  3453  1.0  3.56 -9  48.1  22.0  19.8  18.9  15.6  -9 -9.0 -9  3  2
202605091500 108  27  4.3  -9 -9.0   -9 1007.9 1017.9  7  -1.4  21.9   1.5  26.0   6.8   -9.0   -9.0   -9.0   -9.0   -9.0   -9.0   -9.0 -9 -9 -                        1   1   42 -         -9  -9  -9  3048  1.0  3.23 -9  46.5  22.9  20.5  19.6  15.8  -9 -9.0 -9  3  2
202605091600 108  29  3.7  -9 -9.0   -9 1007.7 1017.7 -9  -9.0  20.4  -0.8  24.0   5.8   -9.0   -9.0   -9.0   -9.0   -9.0   -9.0   -9.0 -9 -9 -                        4   4   39 -         -9  -9  -9  3175  0.5  1.85 -9  36.7  21.9  20.3  19.6  16.0  -9 -9.0 -9  3  2
202605091700 108  29  3.7  -9 -9.0   -9 1007.8 1017.8 -9  -9.0  19.8  -0.8  25.0   5.8   -9.0   -9.0   -9.0   -9.0   -9.0   -9.0   -9.0 -9 -9 -                        4   4   39 -         -9  -9  -9  3858  0.7  1.62 -9  29.5  21.5  20.0  19.6  16.2  -9 -9.0 -9  3  2
202605091800 108  27  3.5  -9 -9.0   -9 1007.8 1017.9  4   0.0  19.0   0.0  28.0   6.1   -9.0   -9.0   -9.0   -9.0   -9.0   -9.0   -9.0 -9 -9 -                        5   5   30 -         -9  -9  -9  3516  0.5  0.85 -9  24.1  20.7  19.6  19.3  16.5  -9 -9.0 -9  3  2
202605091900 108  29  2.4  -9 -9.0   -9 1007.6 1017.7 -9  -9.0  18.2   0.3  30.0   6.2   -9.0   -9.0   -9.0   -9.0   -9.0   -9.0   -9.0 -9 -9 -                        3   3   38 -         -9  -9  -9  3836  0.7  0.41 -9  19.1  19.9  19.1  19.0  16.7  -9 -9.0 -9  3 -9
202605092000 108  27  2.8  -9 -9.0   -9 1008.2 1018.4 -9  -9.0  16.4   2.0  38.0   7.1   -9.0   -9.0   -9.0   -9.0   -9.0   -9.0   -9.0 -9 -9 -                        0   0   -9 -         -9  -9  -9  3586  0.0  0.02 -9  15.9  18.9  18.5  18.5  16.8  -9 -9.0 -9  3 -9
202605092100 108  32  1.6  -9 -9.0   -9 1008.7 1018.9  3   1.0  15.1   1.2  39.0   6.7   -9.0   -9.0   -9.0   -9.0   -9.0   -9.0   -9.0 -9 -9 -                        0   0   -9 -         -9  -9  -9  3702 -9.0 -9.00 -9  14.0  18.1  17.8  18.0  17.0  -9 -9.0 -9  3  2
202605092200 108  32  2.0  -9 -9.0   -9 1009.1 1019.4 -9  -9.0  14.3   0.5  39.0   6.3   -9.0   -9.0   -9.0   -9.0   -9.0   -9.0   -9.0 -9 -9 -                        0   0   -9 -         -9  -9  -9  3884 -9.0 -9.00 -9  12.8  17.5  17.2  17.5  17.0  -9 -9.0 -9  3 -9
202605092300 108  29  1.6  -9 -9.0   -9 1009.2 1019.5 -9  -9.0  13.3   0.0  40.0   6.1   -9.0   -9.0   -9.0   -9.0   -9.0   -9.0   -9.0 -9 -9 -                        0   0   -9 -         -9  -9  -9  3706 -9.0 -9.00 -9  11.6  16.8  16.7  17.0  17.1  -9 -9.0 -9  3 -9
202605100000 108   0  0.3  -9 -9.0   -9 1009.1 1019.4  0   0.5  12.4   0.1  43.0   6.2   -9.0   -9.0   -9.0   -9.0   -9.0   -9.0   -9.0 -9 -9 -                        0   0   -9 -         -9  -9  -9  3843 -9.0 -9.00 -9  10.6  16.3  16.2  16.5  17.1  -9 -9.0 -9  3  2
202605100100 108   2  1.6  -9 -9.0   -9 1009.1 1019.4 -9  -9.0  12.1   0.5  45.0   6.3   -9.0   -9.0   -9.0   -9.0   -9.0   -9.0   -9.0 -9 -9 -                        0   0   -9 -         -9  -9  -9  3586 -9.0 -9.00 -9  10.0  15.8  15.7  16.1  17.0  -9 -9.0 -9  3 -9
202605100200 108   5  1.0  -9 -9.0   -9 1009.0 1019.4 -9  -9.0  11.5   1.4  50.0   6.8   -9.0   -9.0   -9.0   -9.0   -9.0   -9.0   -9.0 -9 -9 -                        0   0   -9 -         -9  -9  -9  3377 -9.0 -9.00 -9   9.4  15.3  15.3  15.7  16.9  -9 -9.0 -9  3 -9
202605100300 108   2  2.0  -9 -9.0   -9 1008.7 1019.1  7  -0.3  11.2   1.1  50.0   6.6   -9.0   -9.0   -9.0   -9.0   -9.0   -9.0   -9.0 -9 -9 -                        0   0   -9 -         -9  -9  -9  3530 -9.0 -9.00 -9   9.2  15.0  14.9  15.3  16.8  -9 -9.0 -9  3  2
202605100400 108   2  1.6  -9 -9.0   -9 1008.5 1018.9 -9  -9.0  10.7   1.4  53.0   6.8   -9.0   -9.0   -9.0   -9.0   -9.0   -9.0   -9.0 -9 -9 -                        0   0   -9 -         -9  -9  -9  3307 -9.0 -9.00 -9   8.7  14.6  14.6  15.0  16.7  -9 -9.0 -9  3  2
202605100500 108   2  2.2  -9 -9.0   -9 1008.6 1019.0 -9  -9.0  10.3   1.6  55.0   6.9   -9.0   -9.0   -9.0   -9.0   -9.0   -9.0   -9.0 -9 -9 -                        0   0   -9 -         -9  -9  -9  3545 -9.0 -9.00 -9   8.6  14.3  14.2  14.7  16.6  -9 -9.0 -9  3  2
202605100600 108   5  1.5  -9 -9.0   -9 1008.7 1019.1  4   0.0  10.2   2.5  59.0   7.3   -9.0   -9.0   -9.0   -9.0   -9.0   -9.0   -9.0 -9 -9 -                        4   4   42 -         -9  -9  -9  3464  0.0  0.02 -9   9.5  14.0  14.0  14.4  16.5  -9 -9.0 -9  3  2
202605100700 108   5  1.2  -9 -9.0   -9 1008.6 1019.0 -9  -9.0  11.1   3.3  59.0   7.7   -9.0   -9.0   -9.0   -9.0   -9.0   -9.0   -9.0 -9 -9 -                        6   6   40 -         -9  -9  -9  3314  0.4  0.36 -9  12.7  14.2  13.9  14.3  16.4  -9 -9.0 -9  3  2
202605100800 108   7  1.8  -9 -9.0   -9 1008.8 1019.1 -9  -9.0  13.9   4.1  52.0   8.2   -9.0   -9.0   -9.0   -9.0   -9.0   -9.0   -9.0 -9 -9 -                        5   2   10 -         -9  -9  -9  3154  0.6  0.85 -9  15.0  14.8  14.1  14.5  16.3  -9 -9.0 -9  3  2
202605100900 108   7  1.4  -9 -9.0   -9 1008.3 1018.5  7  -0.6  16.6   4.2  44.0   8.2   -9.0   -9.0   -9.0   -9.0   -9.0   -9.0   -9.0 -9 -9 -                        4   4   42 -         -9  -9  -9  2526  1.0  1.76 -9  19.9  15.8  14.7  14.9  16.1  -9 -9.0 -9  3  2
202605101000 108   9  1.3  -9 -9.0   -9 1008.1 1018.2 -9  -9.0  19.2   4.1  37.0   8.2   -9.0   -9.0   -9.0   -9.0   -9.0   -9.0   -9.0 -9 -9 -                        5   5   41 -         -9  -9  -9  2584  1.0  2.37 -9  32.4  17.4  15.7  15.7  16.0  -9 -9.0 -9  3  2
202605101100 108  23  2.9  -9 -9.0   -9 1008.0 1018.0 -9  -9.0  21.0   4.5  34.0   8.4   -9.0   -9.0   -9.0   -9.0   -9.0   -9.0   -9.0 -9 -9 -                        3   3   41 -         -9  -9  -9  2931  0.9  2.92 -9  40.3  19.3  17.0  16.6  16.0  -9 -9.0 -9  3  2
202605101200 108  18  3.0  -9 -9.0   -9 1007.6 1017.5  7  -1.0  22.3   4.7  32.0   8.5   -9.0   -9.0   -9.0   -9.0   -9.0   -9.0   -9.0 -9 -9 -                        1   1   41 -         -9  -9  -9  2237  1.0  3.53 -9  47.1  21.1  18.4  17.7  15.9  -9 -9.0 -9  3  2
202605101300 108  25  3.1  -9 -9.0   -9 1007.1 1017.0 -9  -9.0  23.5   2.8  26.0   7.5   -9.0   -9.0   -9.0   -9.0   -9.0   -9.0   -9.0 -9 -9 -                        1   1   40 -         -9  -9  -9  2621  1.0  3.59 -9  49.9  22.5  19.6  18.7  15.9  -9 -9.0 -9  3  2
202605101400 108  25  4.4  -9 -9.0   -9 1006.7 1016.6 -9  -9.0  24.2  -0.9  19.0   5.7   -9.0   -9.0   -9.0   -9.0   -9.0   -9.0   -9.0 -9 -9 -                        6   5   43 -         -9  -9  -9  4059  1.0  3.47 -9  49.8  23.5  20.6  19.6  16.0  -9 -9.0 -9  3  2
202605101500 108  20  3.6  -9 -9.0   -9 1005.6 1015.4  7  -2.1  24.1  -2.5  17.0   5.1   -9.0   -9.0   -9.0   -9.0   -9.0   -9.0   -9.0 -9 -9 -                        6   6   52 -         -9  -9  -9  3344  1.0  2.91 -9  45.7  23.6  21.2  20.2  16.2  -9 -9.0 -9  3  2
202605101600 108  25  4.7  -9 -9.0   -9 1005.5 1015.4 -9  -9.0  23.8  -2.7  17.0   5.0   -9.0   -9.0   -9.0   -9.0   -9.0   -9.0   -9.0 -9 -9 -                        5   5   49 -         -9  -9  -9  3532  1.0  2.64 -9  41.7  23.7  21.5  20.6  16.4  -9 -9.0 -9  3  2
202605101700 108  20  2.9  -9 -9.0   -9 1005.2 1015.1 -9  -9.0  23.3  -0.2  21.0   6.0   -9.0   -9.0   -9.0   -9.0   -9.0   -9.0   -9.0 -9 -9 -                        3   3   51 -         -9  -9  -9  3973  1.0  1.81 -9  34.8  23.2  21.4  20.6  16.6  -9 -9.0 -9  3  2
202605101800 108  23  3.0  -9 -9.0   -9 1005.2 1015.1  6  -0.3  21.6   0.7  25.0   6.4   -9.0   -9.0   -9.0   -9.0   -9.0   -9.0   -9.0 -9 -9 -                        3   3   47 -         -9  -9  -9  3672  0.8  1.03 -9  25.8  22.3  21.0  20.4  16.9  -9 -9.0 -9  3  2
202605101900 108  23  3.2  -9 -9.0   -9 1005.1 1015.1 -9  -9.0  19.8   0.2  27.0   6.2   -9.0   -9.0   -9.0   -9.0   -9.0   -9.0   -9.0 -9 -9 -                        5   5   43 -         -9  -9  -9  3784  0.5  0.35 -9  20.7  21.1  20.3  20.0  17.1  -9 -9.0 -9  3 -9
202605102000 108  25  3.5  -9 -9.0   -9 1005.5 1015.6 -9  -9.0  17.9  -0.4  29.0   5.9   -9.0   -9.0   -9.0   -9.0   -9.0   -9.0   -9.0 -9 -9 -                        0   0   -9 -         -9  -9  -9  4233  0.0  0.03 -9  16.4  19.9  19.5  19.5  17.3  -9 -9.0 -9  3 -9
202605102100 108  27  2.4  -9 -9.0   -9 1006.0 1016.1  2   1.0  16.4   2.0  38.0   7.1   -9.0   -9.0   -9.0   -9.0   -9.0   -9.0   -9.0 -9 -9 -                        0   0   -9 -         -9  -9  -9  3843 -9.0 -9.00 -9  14.2  18.7  18.7  18.9  17.4  -9 -9.0 -9  3  2
202605102200 108  27  1.9  -9 -9.0   -9 1006.3 1016.5 -9  -9.0  15.2   4.5  49.0   8.4   -9.0   -9.0   -9.0   -9.0   -9.0   -9.0   -9.0 -9 -9 -                        0   0   -9 -         -9  -9  -9  3432 -9.0 -9.00 -9  12.8  18.0  18.1  18.3  17.5  -9 -9.0 -9  3 -9
202605102300 108  25  2.0  -9 -9.0   -9 1006.5 1016.7 -9  -9.0  14.6   5.1  53.0   8.8   -9.0   -9.0   -9.0   -9.0   -9.0   -9.0   -9.0 -9 -9 -                        0   0   -9 -         -9  -9  -9  3449 -9.0 -9.00 -9  12.2  17.4  17.5  17.8  17.5  -9 -9.0 -9  3 -9
202605110000 108  20  2.8  -9 -9.0   -9 1006.4 1016.6  0   0.5  14.7   7.4  62.0  10.3   -9.0   -9.0   -9.0   -9.0   -9.0   -9.0   -9.0 -9 -9 -                        0   0   -9 -         -9  -9  -9  3434 -9.0 -9.00 -9  12.3  16.9  17.0  17.4  17.5  -9 -9.0 -9  3  2
202605110100 108  25  2.2  -9 -9.0   -9 1006.3 1016.5 -9  -9.0  14.4   8.5  68.0  11.1   -9.0   -9.0   -9.0   -9.0   -9.0   -9.0   -9.0 -9 -9 -                        0   0   -9 -         -9  -9  -9  3104 -9.0 -9.00 -9  11.9  16.6  16.7  17.0  17.5  -9 -9.0 -9  3 -9
202605110200 108  23  1.1  -9 -9.0   -9 1006.1 1016.3 -9  -9.0  14.0   8.8  71.0  11.3   -9.0   -9.0   -9.0   -9.0   -9.0   -9.0   -9.0 -9 -9 -                        0   0   -9 -         -9  -9  -9  3200 -9.0 -9.00 -9  11.7  16.3  16.3  16.7  17.4  -9 -9.0 -9  3 -9
202605110300 108  18  0.7  -9 -9.0   -9 1005.8 1016.0  7  -0.6  13.8   7.9  68.0  10.6   -9.0   -9.0   -9.0   -9.0   -9.0   -9.0   -9.0 -9 -9 -                        0   0   -9 -         -9  -9  -9  2958 -9.0 -9.00 -9  11.1  16.0  16.1  16.4  17.3  -9 -9.0 -9  3  2
202605110400 108   2  1.4  -9 -9.0   -9 1005.3 1015.6 -9  -9.0  13.3   8.5  73.0  11.1   -9.0   -9.0   -9.0   -9.0   -9.0   -9.0   -9.0 -9 -9 -                        0   0   -9 -         -9  -9  -9  2811 -9.0 -9.00 -9  10.7  15.8  15.8  16.1  17.2  -9 -9.0 -9  3  2
202605110500 108   2  1.2  -9 -9.0   -9 1005.1 1015.4 -9  -9.0  13.0   7.8  71.0  10.6   -9.0   -9.0   -9.0   -9.0   -9.0   -9.0   -9.0 -9 -9 -                        0   0   -9 -         -9  -9  -9  2792 -9.0 -9.00 -9  12.1  15.5  15.6  15.9  17.1  -9 -9.0 -9  3 -9
202605110600 108   5  2.0  -9 -9.0   -9 1005.6 1015.9  5  -0.1  13.6   8.0  69.0  10.7   -9.0   -9.0   -9.0   -9.0   -9.0   -9.0   -9.0 -9 -9 -                        7   7    9 -         -9  -9  -9  3083  0.0  0.01 -9  13.8  15.6  15.5  15.8  17.0  -9 -9.0 -9  3  2
202605110700 108   5  2.1  -9 -9.0   -9 1005.5 1015.7 -9  -9.0  14.5   8.4  67.0  11.0   -9.0   -9.0   -9.0   -9.0   -9.0   -9.0   -9.0 -9 -9 -                        6   6    6 -         -9  -9  -9  3023  0.0  0.18 -9  16.0  16.0  15.5  15.8  16.9  -9 -9.0 -9  3  2
202605110800 108   5  2.1  -9 -9.0   -9 1005.6 1015.8 -9  -9.0  15.4   9.0  66.0  11.5   -9.0   -9.0   -9.0   -9.0   -9.0   -9.0   -9.0 -9 -9 -                        9   9    6 -         -9  -9  -9  3044  0.0  0.28 -9  17.6  16.4  15.6  15.9  16.8  -9 -9.0 -9  3  2
202605110900 108   5  2.9  -9 -9.0   -9 1005.8 1016.0  3   0.1  15.8   9.6  67.0  11.9   -9.0   -9.0   -9.0   -9.0   -9.0   -9.0   -9.0 -9 -9 -                        9   9    6 -         -9  -9  -9  3129  0.0  0.21 -9  17.8  16.6  15.8  16.0  16.7  -9 -9.0 -9  3  2
202605111000 108   5  2.7  -9 -9.0   -9 1005.6 1015.7 -9  -9.0  16.7  10.7  68.0  12.9    0.0    0.0    0.0   -9.0   -9.0   -9.0   -9.0 21 62 01                       8   8    6 -         -9  -9  -9  2935  0.0  0.52 -9  22.5  16.9  15.9  16.1  16.7  -9 -9.0 -9  4  1
202605111100 108   7  1.2  -9 -9.0   -9 1005.5 1015.6 -9  -9.0  18.2  11.5  65.0  13.6   -9.0    0.0    0.0   -9.0   -9.0   -9.0   -9.0 -9 -9 -                        9   9    7 -         -9  -9  -9  2303  0.2  1.27 -9  23.1  17.9  16.5  16.5  16.6  -9 -9.0 -9  3  2
202605111200 108   7  1.3  -9 -9.0   -9 1005.0 1015.0  7  -1.0  19.1  11.6  62.0  13.7   -9.0    0.0    0.0   -9.0   -9.0   -9.0   -9.0 -9 62 -                        9   9    7 -         -9  -9  -9  2295  0.0  1.05 -9  26.5  18.5  17.0  16.9  16.6  -9 -9.0 -9  3  1
202605111300 108  18  0.9  -9 -9.0   -9 1004.1 1014.1 -9  -9.0  20.8  12.9  61.0  14.9   -9.0    0.0    0.0   -9.0   -9.0   -9.0   -9.0 -9 -9 -                       10   5   10 -         -9  -9  -9  2253  0.0  1.51 -9  30.3  19.5  17.7  17.5  16.5  -9 -9.0 -9  3  2
202605111400 108  25  2.5  -9 -9.0   -9 1003.5 1013.5 -9  -9.0  20.7  13.6  64.0  15.6    0.0    0.0    0.0   -9.0   -9.0   -9.0   -9.0 21 62 01                      10  10    8 -         -9  -9  -9  2338  0.0  0.68 -9  26.2  19.8  18.2  17.8  16.6  -9 -9.0 -9  4  1
202605111500 108  20  4.1  -9 -9.0   -9 1003.0 1013.0  7  -2.0  20.5  14.1  67.0  16.1    0.0    0.0    0.0   -9.0   -9.0   -9.0   -9.0 60 62 01                      10   8    8 -         -9  -9  -9  2803  0.0  0.61 -9  23.7  19.9  18.4  18.1  16.6  -9 -9.0 -9  4  1
202605111600 108  23  4.1  -9 -9.0   -9 1002.9 1012.9 -9  -9.0  18.7  15.3  81.0  17.4    0.5    0.5    0.5   -9.0   -9.0   -9.0   -9.0 61 66 01                      10   8    5 -         -9  -9  -9  1827  0.0  0.36 -9  19.7  19.1  18.3  18.0  16.7  -9 -9.0 -9  4  1
202605111700 108  20  2.9  -9 -9.0   -9 1002.3 1012.3 -9  -9.0  18.6  14.8  79.0  16.8    0.4    0.9    0.9   -9.0   -9.0   -9.0   -9.0 21 62 01                       9   7    5 -         -9  -9  -9  2356  0.0  0.59 -9  21.0  19.0  18.3  18.0  16.7  -9 -9.0 -9  4  1
202605111800 108  25  3.3  -9 -9.0   -9 1002.7 1012.7  5  -0.3  18.2  14.2  78.0  16.2   -9.0    0.9    0.9   -9.0   -9.0   -9.0   -9.0 -9 62 -                       10   8    5 -         -9  -9  -9  2777  0.0  0.33 -9  18.4  18.9  18.2  18.0  16.8  -9 -9.0 -9  3  1
202605111900 108  23  2.7  -9 -9.0   -9 1002.4 1012.4 -9  -9.0  18.0  14.0  78.0  16.0   -9.0    0.9    0.9   -9.0   -9.0   -9.0   -9.0 -9 -9 -                       10   6    6 -         -9  -9  -9  2631  0.0  0.09 -9  17.2  18.5  18.0  17.9  16.9  -9 -9.0 -9  3 -9
202605112000 108  27  1.6  -9 -9.0   -9 1002.5 1012.6 -9  -9.0  17.9  14.1  79.0  16.1    0.0    0.9    0.9   -9.0   -9.0   -9.0   -9.0 21 62 01                      10   8    5 -         -9  -9  -9  2342  0.0  0.01 -9  16.9  18.2  17.8  17.8  16.9  -9 -9.0 -9  4  1
202605112100 108  29  1.5  -9 -9.0   -9 1002.8 1012.9  3   0.2  17.6  14.2  81.0  16.2   -9.0    0.9    0.9   -9.0   -9.0   -9.0   -9.0 -9 21 -                       10   5    5 -         -9  -9  -9  2034 -9.0 -9.00 -9  16.5  17.9  17.6  17.6  16.9  -9 -9.0 -9  3  1
202605112200 108  25  2.5  -9 -9.0   -9 1003.7 1013.8 -9  -9.0  17.2  13.5  79.0  15.5   -9.0    0.9    0.9   -9.0   -9.0   -9.0   -9.0 -9 -9 -                       10   1    6 -         -9  -9  -9  2280 -9.0 -9.00 -9  16.0  17.7  17.3  17.5  17.0  -9 -9.0 -9  3 -9
202605112300 108  32  0.8  -9 -9.0   -9 1003.3 1013.4 -9  -9.0  16.8  13.3  80.0  15.3   -9.0    0.9    0.9   -9.0   -9.0   -9.0   -9.0 -9 -9 -                        8   5   23 -         -9  -9  -9  1721 -9.0 -9.00 -9  14.8  17.5  17.1  17.3  17.0  -9 -9.0 -9  3 -9
202605120000 108   2  1.9  -9 -9.0   -9 1002.9 1013.0  0   0.1  16.1  13.2  83.0  15.2   -9.0    0.9    0.9   -9.0   -9.0   -9.0   -9.0 -9 -9 -                        7   5   23 -         -9  -9  -9  1225 -9.0 -9.00 -9  14.8  17.1  16.9  17.1  17.0  -9 -9.0 -9  3  2
202605120100 108  36  0.8  -9 -9.0   -9 1002.6 1012.7 -9  -9.0  15.7  13.1  85.0  15.1   -9.0   -9.0   -9.0   -9.0   -9.0   -9.0   -9.0 -9 -9 -                        6   3    7 -         -9  -9  -9  1361 -9.0 -9.00 -9  14.2  16.9  16.7  16.9  17.0  -9 -9.0 -9  3 -9
202605120200 108   5  1.5  -9 -9.0   -9 1002.1 1012.2 -9  -9.0  16.1  13.5  85.0  15.5   -9.0   -9.0   -9.0   -9.0   -9.0   -9.0   -9.0 -9 -9 -                       10  10    5 -         -9  -9  -9  1592 -9.0 -9.00 -9  15.5  16.8  16.5  16.8  16.9  -9 -9.0 -9  3 -9
202605120300 108  32  2.3  -9 -9.0   -9 1001.7 1011.8  7  -1.2  16.0  14.6  92.0  16.6    4.9    4.9    4.9   -9.0   -9.0   -9.0   -9.0 62 62 01                      10  10    5 -         -9  -9  -9   308 -9.0 -9.00 -9  15.6  16.6  16.4  16.7  16.9  -9 -9.0 -9  4  1
202605120400 108   9  1.5  -9 -9.0   -9 1000.8 1010.9 -9  -9.0  15.4  14.4  94.0  16.4   12.7   17.6   17.6   -9.0   -9.0   -9.0   -9.0 92 96 01                      10   7   10 -         -9  -9  -9   499 -9.0 -9.00 -9  15.2  16.4  16.2  16.4  16.9  -9 -9.0 -9  4  1
202605120500 108  36  1.1  -9 -9.0   -9 1000.7 1010.8 -9  -9.0  15.4  14.4  94.0  16.4    0.0   17.6   17.6   -9.0   -9.0   -9.0   -9.0 21 62 1901                    10   4    2 -         -9  -9  -9   346 -9.0 -9.00 -9  15.4  16.4  16.1  16.3  16.8  -9 -9.0 -9  4  1
202605120600 108   5  1.2  -9 -9.0   -9 1001.0 1011.1  5  -0.7  15.5  14.3  93.0  16.3    0.5   18.1   18.1   -9.0   -9.0   -9.0   -9.0 21 96 1901                    10  10    2 -         -9  -9  -9   487  0.0  0.00 -9  15.6  16.4  16.1  16.3  16.8  -9 -9.0 -9  4  1
202605120700 108   5  2.1  -9 -9.0   -9 1000.8 1010.9 -9  -9.0  15.7  14.7  94.0  16.7   -9.0   18.1   18.1   -9.0   -9.0   -9.0   -9.0 10 22 19                      10   6   -9 -         -9  -9  -9   402  0.0  0.09 -9  16.3  16.5  16.1  16.3  16.7  -9 -9.0 -9  3  1
202605120800 108   5  1.7  -9 -9.0   -9 1001.0 1011.1 -9  -9.0  15.9  14.5  92.0  16.5   -9.0   18.1   18.1   -9.0   -9.0   -9.0   -9.0 10 22 19                      10   9    2 -         -9  -9  -9   641  0.0  0.23 -9  16.8  16.6  16.2  16.3  16.6  -9 -9.0 -9  3  1
202605120900 108   5  0.9  -9 -9.0   -9 1001.4 1011.5  3   0.4  17.1  15.4  90.0  17.5   -9.0   18.1   18.1   -9.0   -9.0   -9.0   -9.0 -9 96 19                       9   8    3 -         -9  -9  -9  1134  0.0  0.77 -9  20.0  17.0  16.4  16.5  16.6  -9 -9.0 -9  3  1
202605121000 108   7  0.6  -9 -9.0   -9 1001.4 1011.4 -9  -9.0  18.2  15.2  83.0  17.3   -9.0   18.1   18.1   -9.0   -9.0   -9.0   -9.0 -9 -9 -                        9   8    9 -         -9  -9  -9  1241  0.0  1.11 -9  23.9  17.6  16.8  16.8  16.6  -9 -9.0 -9  3  2
202605121100 108  23  1.2  -9 -9.0   -9 1001.2 1011.2 -9  -9.0  19.1  14.7  76.0  16.7   -9.0   18.1   18.1   -9.0   -9.0   -9.0   -9.0 -9 -9 -                        9   7    8 -         -9  -9  -9  1584  0.0  1.13 -9  23.0  18.3  17.4  17.2  16.6  -9 -9.0 -9  3  2
202605121200 108  29  1.9  -9 -9.0   -9 1000.2 1010.1  7  -1.4  20.8  15.1  70.0  17.2   -9.0   18.1   18.1   -9.0   -9.0   -9.0   -9.0 -9 -9 -                        7   2   12 -         -9  -9  -9  1738  0.4  2.29 -9  31.9  18.9  18.0  17.8  16.6  -9 -9.0 -9  3  2
202605121300 108  27  2.7  -9 -9.0   -9  999.4 1009.3 -9  -9.0  22.3  15.1  64.0  17.2   -9.0   18.1   18.1   -9.0   -9.0   -9.0   -9.0 -9 -9 -                        7   4    8 -         -9  -9  -9  1908  0.8  3.19 -9  32.9  20.4  19.2  18.6  16.6  -9 -9.0 -9  3  2
202605121400 108  27  3.0  -9 -9.0   -9  998.7 1008.5 -9  -9.0  22.8  14.6  60.0  16.6   -9.0   18.1   18.1   -9.0   -9.0   -9.0   -9.0 -9 -9 -                        5   5    9 -         -9  -9  -9  1996  0.9  3.02 -9  34.2  21.3  20.1  19.3  16.7  -9 -9.0 -9  3  2
202605121500 108  29  2.7  -9 -9.0   -9  997.9 1007.7  7  -2.4  23.9  14.3  55.0  16.3   -9.0   18.1   18.1   -9.0   -9.0   -9.0   -9.0 -9 -9 -                        2   2   12 -         -9  -9  -9  3596  0.9  3.07 -9  35.0  22.0  20.8  20.1  16.8  -9 -9.0 -9  3  2
202605121600 108  29  2.6  -9 -9.0   -9  997.1 1006.8 -9  -9.0  24.5  13.9  52.0  15.9   -9.0   18.1   18.1   -9.0   -9.0   -9.0   -9.0 -9 -9 -                        1   1   12 -         -9  -9  -9  3063  1.0  2.58 -9  33.3  22.5  21.3  20.6  17.0  -9 -9.0 -9  3  2
202605121700 108  27  2.6  -9 -9.0   -9  996.8 1006.6 -9  -9.0  24.3  12.8  49.0  14.8   -9.0   18.1   18.1   -9.0   -9.0   -9.0   -9.0 -9 -9 -                        0   0   -9 -         -9  -9  -9  3361  1.0  1.99 -9  30.2  22.7  21.5  21.0  17.2  -9 -9.0 -9  3  2
202605121800 108  27  2.7  -9 -9.0   -9  997.1 1006.9  5  -0.8  23.6  12.5  50.0  14.5   -9.0   18.1   18.1   -9.0   -9.0   -9.0   -9.0 -9 -9 -                        0   0   -9 -         -9  -9  -9  3354  1.0  1.21 -9  25.9  22.3  21.4  21.0  17.5  -9 -9.0 -9  3  2
202605121900 108  27  2.5  -9 -9.0   -9  997.3 1007.2 -9  -9.0  21.8  12.6  56.0  14.6   -9.0   18.1   18.1   -9.0   -9.0   -9.0   -9.0 -9 -9 -                        0   0   -9 -         -9  -9  -9  2941  0.9  0.46 -9  21.0  21.7  21.0  20.9  17.7  -9 -9.0 -9  3 -9
202605122000 108  29  1.9  -9 -9.0   -9  997.7 1007.6 -9  -9.0  20.4  12.6  61.0  14.6   -9.0   18.1   18.1   -9.0   -9.0   -9.0   -9.0 -9 -9 -                        0   0   -9 -         -9  -9  -9  2623  0.0  0.03 -9  18.6  20.7  20.5  20.5  17.9  -9 -9.0 -9  3 -9
202605122100 108  23  1.0  -9 -9.0   -9  998.4 1008.4  2   1.5  19.3  13.2  68.0  15.2   -9.0   18.1   18.1   -9.0   -9.0   -9.0   -9.0 -9 -9 -                        0   0   -9 -         -9  -9  -9  2717 -9.0 -9.00 -9  17.6  20.2  19.9  20.1  18.1  -9 -9.0 -9  3  2
202605122200 108  23  1.8  -9 -9.0   -9  998.5 1008.5 -9  -9.0  18.0  11.7  67.0  13.7   -9.0   18.1   18.1   -9.0   -9.0   -9.0   -9.0 -9 -9 -                        0   0   -9 -         -9  -9  -9  3018 -9.0 -9.00 -9  16.4  19.6  19.4  19.7  18.2  -9 -9.0 -9  3 -9
202605122300 108  25  2.8  -9 -9.0   -9  998.4 1008.4 -9  -9.0  17.3  11.7  70.0  13.7   -9.0   18.1   18.1   -9.0   -9.0   -9.0   -9.0 -9 -9 -                        0   0   -9 -         -9  -9  -9  3262 -9.0 -9.00 -9  15.7  19.0  18.9  19.2  18.2  -9 -9.0 -9  3 -9
202605130000 108  25  1.3  -9 -9.0   -9  999.0 1009.1  2   0.7  16.6  12.1  75.0  14.1   -9.0   18.1   18.1   -9.0   -9.0   -9.0   -9.0 -9 -9 -                        0   0   -9 -         -9  -9  -9  2628 -9.0 -9.00 -9  15.0  18.4  18.4  18.8  18.2  -9 -9.0 -9  3  2
202605130100 108  32  0.9  -9 -9.0   -9  999.3 1009.4 -9  -9.0  16.1  12.2  78.0  14.2   -9.0   -9.0   -9.0   -9.0   -9.0   -9.0   -9.0 -9 -9 -                        3   1   -9 -         -9  -9  -9  2218 -9.0 -9.00 -9  14.6  18.1  18.0  18.4  18.2  -9 -9.0 -9  3 -9
202605130200 108  32  1.0  -9 -9.0   -9  999.0 1009.1 -9  -9.0  15.4  11.5  78.0  13.6   -9.0   -9.0   -9.0   -9.0   -9.0   -9.0   -9.0 -9 -9 -                        0   0   -9 -         -9  -9  -9  2186 -9.0 -9.00 -9  14.2  17.9  17.7  18.1  18.2  -9 -9.0 -9  3 -9
202605130300 108  27  0.9  -9 -9.0   -9  999.1 1009.2  0   0.1  14.7  11.2  80.0  13.3   -9.0   -9.0   -9.0   -9.0   -9.0   -9.0   -9.0 -9 -9 -                        0   0   -9 -         -9  -9  -9  2245 -9.0 -9.00 -9  13.6  17.4  17.3  17.7  18.1  -9 -9.0 -9  3  2
202605130400 108  25  1.1  -9 -9.0   -9  999.5 1009.7 -9  -9.0  14.1  11.4  84.0  13.5   -9.0   -9.0   -9.0   -9.0   -9.0   -9.0   -9.0 -9 -9 -                        0   0   -9 -         -9  -9  -9  1915 -9.0 -9.00 -9  13.0  17.0  17.0  17.4  18.0  -9 -9.0 -9  3  2
202605130500 108  27  2.0  -9 -9.0   -9  999.9 1010.1 -9  -9.0  13.7  11.3  86.0  13.4   -9.0   -9.0   -9.0   -9.0   -9.0   -9.0   -9.0 -9 -9 -                        0   0   -9 -         -9  -9  -9  1622 -9.0 -9.00 -9  12.7  16.6  16.7  17.1  17.9  -9 -9.0 -9  3  2
202605130600 108  27  0.5  -9 -9.0   -9  999.9 1010.1  1   0.9  13.4  11.2  87.0  13.3   -9.0   -9.0   -9.0   -9.0   -9.0   -9.0   -9.0 -9 -9 -                        0   0   -9 -         -9  -9  -9  1218  0.2  0.03 -9  12.6  16.4  16.4  16.8  17.8  -9 -9.0 -9  3  2
202605130700 108  23  1.3  -9 -9.0   -9 1000.4 1010.6 -9  -9.0  14.2  12.2  88.0  14.2   -9.0   -9.0   -9.0   -9.0   -9.0   -9.0   -9.0 -9 -9 -                        0   0   -9 -         -9  -9  -9  1248  1.0  0.47 -9  14.0  16.4  16.2  16.6  17.7  -9 -9.0 -9  3  2
202605130800 108  29  0.5  -9 -9.0   -9 1000.4 1010.5 -9  -9.0  16.2  12.7  80.0  14.7   -9.0   -9.0   -9.0   -9.0   -9.0   -9.0   -9.0 -9 -9 -                        0   0   -9 -         -9  -9  -9  1558  1.0  1.25 -9  15.8  16.8  16.4  16.7  17.6  -9 -9.0 -9  3  2
202605130900 108   5  1.1  -9 -9.0   -9  999.9 1009.9  8  -0.2  19.1  12.5  66.0  14.5   -9.0   -9.0   -9.0   -9.0   -9.0   -9.0   -9.0 -9 -9 -                        0   0   -9 -         -9  -9  -9  2243  1.0  2.00 -9  18.9  17.7  17.0  17.1  17.5  -9 -9.0 -9  3  2
202605131000 108  27  1.3  -9 -9.0   -9 1000.1 1010.0 -9  -9.0  21.2  12.8  59.0  14.8   -9.0   -9.0   -9.0   -9.0   -9.0   -9.0   -9.0 -9 -9 -                        0   0   -9 -         -9  -9  -9  1660  1.0  2.60 -9  28.0  19.0  18.0  17.8  17.4  -9 -9.0 -9  3  2
202605131100 108  16  2.6  -9 -9.0   -9 1000.0 1009.8 -9  -9.0  23.3  12.8  52.0  14.8   -9.0   -9.0   -9.0   -9.0   -9.0   -9.0   -9.0 -9 -9 -                        0   0   -9 -         -9  -9  -9  2569  1.0  3.16 -9  33.3  20.4  19.1  18.7  17.3  -9 -9.0 -9  3  2
202605131200 108  25  2.7  -9 -9.0   -9  999.8 1009.6  8  -0.3  24.2  12.8  49.0  14.8   -9.0   -9.0   -9.0   -9.0   -9.0   -9.0   -9.0 -9 -9 -                        0   0   -9 -         -9  -9  -9  2651  1.0  3.53 -9  36.2  21.8  20.3  19.6  17.3  -9 -9.0 -9  3  2
202605131300 108  29  2.8  -9 -9.0   -9  999.6 1009.4 -9  -9.0  24.6  11.1  43.0  13.2   -9.0   -9.0   -9.0   -9.0   -9.0   -9.0   -9.0 -9 -9 -                        0   0   -9 -         -9  -9  -9  2225  1.0  3.63 -9  38.3  22.8  21.2  20.5  17.4  -9 -9.0 -9  3  2
202605131400 108  27  3.8  -9 -9.0   -9  999.1 1008.8 -9  -9.0  25.7  12.8  45.0  14.8   -9.0   -9.0   -9.0   -9.0   -9.0   -9.0   -9.0 -9 -9 -                        0   0   -9 -         -9  -9  -9  2420  1.0  3.48 -9  39.4  23.7  21.9  21.2  17.5  -9 -9.0 -9  3  2
202605131500 108  27  4.5  -9 -9.0   -9  999.1 1008.8  6  -0.8  25.6  13.1  46.0  15.1   -9.0   -9.0   -9.0   -9.0   -9.0   -9.0   -9.0 -9 -9 -                        1   1   48 -         -9  -9  -9  3841  1.0  3.18 -9  38.4  24.6  22.6  21.8  17.7  -9 -9.0 -9  3  2
202605131600 108  25  4.4  -9 -9.0   -9  998.9 1008.7 -9  -9.0  23.7  13.2  52.0  15.2   -9.0   -9.0   -9.0   -9.0   -9.0   -9.0   -9.0 -9 -9 -                        6   6   45 -         -9  -9  -9  3009  0.8  2.08 -9  32.5  24.5  22.8  22.0  17.9  -9 -9.0 -9  3  2
202605131700 108  25  3.7  -9 -9.0   -9  998.8 1008.6 -9  -9.0  23.5  13.0  52.0  15.0   -9.0   -9.0   -9.0   -9.0   -9.0   -9.0   -9.0 -9 -9 -                        4   4   43 -         -9  -9  -9  3078  0.7  1.48 -9  29.4  24.1  22.7  22.1  18.1  -9 -9.0 -9  3  2
202605131800 108  25  3.0  -9 -9.0   -9  998.7 1008.5  7  -0.3  22.9  12.2  51.0  14.2   -9.0   -9.0   -9.0   -9.0   -9.0   -9.0   -9.0 -9 -9 -                        6   6   41 -         -9  -9  -9  3323  0.6  1.13 -9  26.0  23.7  22.5  22.1  18.4  -9 -9.0 -9  3  2
202605131900 108  25  2.8  -9 -9.0   -9  999.2 1009.1 -9  -9.0  21.5  12.3  56.0  14.3   -9.0   -9.0   -9.0   -9.0   -9.0   -9.0   -9.0 -9 -9 -                        5   5   46 -         -9  -9  -9  3161  0.2  0.28 -9  22.1  22.9  22.0  21.8  18.6  -9 -9.0 -9  3 -9
202605132000 108  29  1.6  -9 -9.0   -9 1000.0 1009.9 -9  -9.0  20.6  10.9  54.0  13.0   -9.0   -9.0   -9.0   -9.0   -9.0   -9.0   -9.0 -9 -9 -                        8   8   40 -         -9  -9  -9  3499  0.0  0.03 -9  20.4  22.1  21.5  21.4  18.8  -9 -9.0 -9  3 -9
202605132100 108  23  2.1  -9 -9.0   -9 1000.6 1010.6  2   2.1  19.9  11.8  60.0  13.8   -9.0   -9.0   -9.0   -9.0   -9.0   -9.0   -9.0 -9 -9 -                        7   7   36 -         -9  -9  -9  3399 -9.0 -9.00 -9  19.5  21.5  20.9  21.0  18.9  -9 -9.0 -9  3  2
202605132200 108  25  2.2  -9 -9.0   -9 1001.1 1011.1 -9  -9.0  19.3  12.7  66.0  14.7    0.0    0.0    0.0   -9.0   -9.0   -9.0   -9.0 21 62 01                       7   7   33 -         -9  -9  -9  3093 -9.0 -9.00 -9  18.8  21.1  20.5  20.6  19.0  -9 -9.0 -9  4  1
202605132300 108  25  1.5  -9 -9.0   -9 1001.2 1011.2 -9  -9.0  18.5  13.1  71.0  15.1   -9.0    0.0    0.0   -9.0   -9.0   -9.0   -9.0 -9 -9 -                        7   7   36 -         -9  -9  -9  2721 -9.0 -9.00 -9  18.2  20.7  20.1  20.3  19.1  -9 -9.0 -9  3 -9
202605140000 108  32  0.8  -9 -9.0   -9 1001.5 1011.5  2   0.9  17.9  12.9  73.0  14.9   -9.0    0.0    0.0   -9.0   -9.0   -9.0   -9.0 -9 60 -                        2   2   37 -         -9  -9  -9  2688 -9.0 -9.00 -9  16.8  20.1  19.7  19.9  19.1  -9 -9.0 -9  3  1
202605140100 108  29  0.6  -9 -9.0   -9 1001.4 1011.5 -9  -9.0  17.0  12.5  75.0  14.5   -9.0   -9.0   -9.0   -9.0   -9.0   -9.0   -9.0 -9 -9 -                        0   0   -9 -         -9  -9  -9  2617 -9.0 -9.00 -9  16.1  19.7  19.3  19.6  19.1  -9 -9.0 -9  3 -9
202605140200 108  23  1.0  -9 -9.0   -9 1001.4 1011.5 -9  -9.0  16.3  12.0  76.0  14.0   -9.0   -9.0   -9.0   -9.0   -9.0   -9.0   -9.0 -9 -9 -                        0   0   -9 -         -9  -9  -9  2531 -9.0 -9.00 -9  15.3  19.3  18.9  19.2  19.0  -9 -9.0 -9  3 -9
202605140300 108  27  0.9  -9 -9.0   -9 1001.5 1011.6  2   0.1  15.8  11.9  78.0  13.9   -9.0   -9.0   -9.0   -9.0   -9.0   -9.0   -9.0 -9 60 -                        0   0   -9 -         -9  -9  -9  2287 -9.0 -9.00 -9  14.9  18.9  18.5  18.8  19.0  -9 -9.0 -9  3  1
202605140400 108   0  0.1  -9 -9.0   -9 1001.9 1012.0 -9  -9.0  15.4  12.1  81.0  14.1   -9.0   -9.0   -9.0   -9.0   -9.0   -9.0   -9.0 -9 -9 -                        0   0   -9 -         -9  -9  -9  2223 -9.0 -9.00 -9  14.4  18.5  18.2  18.5  18.9  -9 -9.0 -9  3  2
202605140500 108   2  1.5  -9 -9.0   -9 1002.3 1012.5 -9  -9.0  15.3  11.6  79.0  13.7   -9.0   -9.0   -9.0   -9.0   -9.0   -9.0   -9.0 -9 -9 -                        0   0   -9 -         -9  -9  -9  2471 -9.0 -9.00 -9  14.1  18.1  17.8  18.2  18.8  -9 -9.0 -9  3  2
202605140600 108  29  1.1  -9 -9.0   -9 1003.2 1013.4  2   1.8  15.3  11.8  80.0  13.8   -9.0   -9.0   -9.0   -9.0   -9.0   -9.0   -9.0 -9 -9 -                        0   0   -9 -         -9  -9  -9  2196  0.0  0.04 -9  14.4  17.8  17.6  17.9  18.7  -9 -9.0 -9  3  2
202605140700 108   2  0.9  -9 -9.0   -9 1003.7 1013.8 -9  -9.0  15.8  12.1  79.0  14.1   -9.0   -9.0   -9.0   -9.0   -9.0   -9.0   -9.0 -9 -9 -                        0   0   -9 -         -9  -9  -9  2304  1.0  0.44 -9  16.0  17.9  17.4  17.8  18.6  -9 -9.0 -9  3  2
202605140800 108   9  2.6  -9 -9.0   -9 1004.2 1014.2 -9  -9.0  19.1  13.2  69.0  15.2   -9.0   -9.0   -9.0   -9.0   -9.0   -9.0   -9.0 -9 -9 -                        0   0   -9 -         -9  -9  -9  2656  1.0  1.10 -9  18.2  18.5  17.7  17.9  18.5  -9 -9.0 -9  3  2
202605140900 108   7  2.0  -9 -9.0   -9 1004.7 1014.6  2   1.2  21.9  12.9  57.0  14.9   -9.0   -9.0   -9.0   -9.0   -9.0   -9.0   -9.0 -9 -9 -                        0   0   -9 -         -9  -9  -9  2988  1.0  1.89 -9  21.4  19.4  18.3  18.3  18.4  -9 -9.0 -9  3  2
202605141000 108   7  2.6  -9 -9.0   -9 1004.9 1014.7 -9  -9.0  24.1  12.3  48.0  14.3   -9.0   -9.0   -9.0   -9.0   -9.0   -9.0   -9.0 -9 -9 -                        0   0   -9 -         -9  -9  -9  3147  1.0  2.54 -9  31.1  20.6  19.1  18.9  18.3  -9 -9.0 -9  3  2
202605141100 108   7  2.5  -9 -9.0   -9 1004.9 1014.7 -9  -9.0  26.2  13.3  45.0  15.3   -9.0   -9.0   -9.0   -9.0   -9.0   -9.0   -9.0 -9 -9 -                        0   0   -9 -         -9  -9  -9  2916  1.0  3.13 -9  38.7  22.0  20.1  19.8  18.2  -9 -9.0 -9  3  2
202605141200 108   9  1.6  -9 -9.0   -9 1004.7 1014.4  8  -0.2  27.9  12.2  38.0  14.2   -9.0   -9.0   -9.0   -9.0   -9.0   -9.0   -9.0 -9 -9 -                        0   0   -9 -         -9  -9  -9  3136  1.0  3.46 -9  44.4  23.4  21.2  20.7  18.2  -9 -9.0 -9  3  2
202605141300 108  11  2.1  -9 -9.0   -9 1004.5 1014.2 -9  -9.0  29.2  11.2  33.0  13.3   -9.0   -9.0   -9.0   -9.0   -9.0   -9.0   -9.0 -9 -9 -                        0   0   -9 -         -9  -9  -9  2750  1.0  3.59 -9  48.2  24.7  22.4  21.6  18.3  -9 -9.0 -9  3  2
202605141400 108  11  2.0  -9 -9.0   -9 1004.3 1013.9 -9  -9.0  30.3  11.7  32.0  13.7   -9.0   -9.0   -9.0   -9.0   -9.0   -9.0   -9.0 -9 -9 -                        0   0   -9 -         -9  -9  -9  2967  1.0  3.47 -9  49.6  25.7  23.4  22.5  18.4  -9 -9.0 -9  3  2
202605141500 108   5  2.0  -9 -9.0   -9 1003.9 1013.5  7  -0.9  31.0  10.8  29.0  12.9   -9.0   -9.0   -9.0   -9.0   -9.0   -9.0   -9.0 -9 -9 -                        0   0   -9 -         -9  -9  -9  3290  1.0  3.12 -9  48.7  26.4  24.2  23.3  18.6  -9 -9.0 -9  3  2
202605141600 108   5  1.9  -9 -9.0   -9 1003.8 1013.4 -9  -9.0  31.3  11.1  29.0  13.2   -9.0   -9.0   -9.0   -9.0   -9.0   -9.0   -9.0 -9 -9 -                        0   0   -9 -         -9  -9  -9  2992  1.0  2.61 -9  46.0  26.7  24.7  23.8  18.8  -9 -9.0 -9  3  2
202605141700 108  14  1.9  -9 -9.0   -9 1003.8 1013.4 -9  -9.0  30.2   9.6  28.0  11.9   -9.0   -9.0   -9.0   -9.0   -9.0   -9.0   -9.0 -9 -9 -                        1   1   10 -         -9  -9  -9  3046  0.7  1.56 -9  33.5  26.5  24.7  24.0  19.1  -9 -9.0 -9  3  2
202605141800 108  27  3.2  -9 -9.0   -9 1004.1 1013.8  3   0.3  28.9  13.5  39.0  15.5   -9.0   -9.0   -9.0   -9.0   -9.0   -9.0   -9.0 -9 -9 -                        4   4   26 -         -9  -9  -9  2199  0.5  0.70 -9  31.8  25.7  24.4  23.9  19.4  -9 -9.0 -9  3  2
202605141900 108  25  2.8  -9 -9.0   -9 1004.5 1014.2 -9  -9.0  27.1  14.4  46.0  16.4   -9.0   -9.0   -9.0   -9.0   -9.0   -9.0   -9.0 -9 -9 -                        0   0   -9 -         -9  -9  -9  2001  0.8  0.42 -9  26.5  25.0  24.0  23.7  19.6  -9 -9.0 -9  3 -9
202605142000 108  25  1.6  -9 -9.0   -9 1005.0 1014.8 -9  -9.0  25.6  14.7  51.0  16.7   -9.0   -9.0   -9.0   -9.0   -9.0   -9.0   -9.0 -9 -9 -                        0   0   -9 -         -9  -9  -9  1889  0.0  0.05 -9  23.4  24.2  23.4  23.3  19.9  -9 -9.0 -9  3 -9
202605142100 108  25  1.1  -9 -9.0   -9 1005.9 1015.7  2   1.9  24.5  13.9  52.0  15.9   -9.0   -9.0   -9.0   -9.0   -9.0   -9.0   -9.0 -9 -9 -                        1   1   28 -         -9  -9  -9  2029 -9.0 -9.00 -9  21.8  23.5  22.9  22.9  20.0  -9 -9.0 -9  3  2
202605142200 108  27  2.0  -9 -9.0   -9 1006.9 1016.8 -9  -9.0  23.8  14.2  55.0  16.2   -9.0   -9.0   -9.0   -9.0   -9.0   -9.0   -9.0 -9 -9 -                        0   0   -9 -         -9  -9  -9  2025 -9.0 -9.00 -9  21.0  23.0  22.3  22.4  20.1  -9 -9.0 -9  3 -9
202605142300 108  27  1.2  -9 -9.0   -9 1007.8 1017.7 -9  -9.0  23.1  13.8  56.0  15.8   -9.0   -9.0   -9.0   -9.0   -9.0   -9.0   -9.0 -9 -9 -                        0   0   -9 -         -9  -9  -9  1816 -9.0 -9.00 -9  20.1  22.5  21.9  22.0  20.2  -9 -9.0 -9  3 -9
202605150000 108   0  0.4  -9 -9.0   -9 1008.5 1018.4  2   2.7  22.3  13.8  59.0  15.8   -9.0   -9.0   -9.0   -9.0   -9.0   -9.0   -9.0 -9 -9 -                        1   1   24 -         -9  -9  -9  1666 -9.0 -9.00 -9  19.5  22.0  21.5  21.6  20.2  -9 -9.0 -9  3  2
202605150100 108  18  1.6  -9 -9.0   -9 1009.1 1019.1 -9  -9.0  21.7  13.5  60.0  15.5   -9.0   -9.0   -9.0   -9.0   -9.0   -9.0   -9.0 -9 -9 -                        0   0   -9 -         -9  -9  -9  1636 -9.0 -9.00 -9  18.8  21.6  21.1  21.3  20.2  -9 -9.0 -9  3 -9
202605150200 108  18  1.7  -9 -9.0   -9 1009.4 1019.4 -9  -9.0  21.6  12.9  58.0  14.9   -9.0   -9.0   -9.0   -9.0   -9.0   -9.0   -9.0 -9 -9 -                        0   0   -9 -         -9  -9  -9  1968 -9.0 -9.00 -9  18.4  21.3  20.7  21.0  20.2  -9 -9.0 -9  3 -9
202605150300 108  25  2.6  -9 -9.0   -9 1010.1 1020.1  2   1.7  20.6  14.0  66.0  16.0   -9.0   -9.0   -9.0   -9.0   -9.0   -9.0   -9.0  5  0 40                       0   0   -9 -         -9  -9  -9   916 -9.0 -9.00 -9  18.2  20.9  20.4  20.7  20.1  -9 -9.0 -9  3  1
202605150400 108  25  1.1  -9 -9.0   -9 1010.4 1020.5 -9  -9.0  19.6  13.2  67.0  15.2   -9.0   -9.0   -9.0   -9.0   -9.0   -9.0   -9.0  5  0 40                       0   0   -9 -         -9  -9  -9   786 -9.0 -9.00 -9  17.4  20.6  20.1  20.4  20.1  -9 -9.0 -9  3  1
202605150500 108  27  1.0  -9 -9.0   -9 1010.8 1020.9 -9  -9.0  18.9  13.3  70.0  15.3   -9.0   -9.0   -9.0   -9.0   -9.0   -9.0   -9.0  5  0 40                       0   0   -9 -         -9  -9  -9   734 -9.0 -9.00 -9  16.5  20.1  19.8  20.1  20.0  -9 -9.0 -9  3  1
202605150600 108  27  1.0  -9 -9.0   -9 1011.1 1021.2  2   1.1  18.3  12.9  71.0  14.9   -9.0   -9.0   -9.0   -9.0   -9.0   -9.0   -9.0  5  0 40                       0   0   -9 -         -9  -9  -9   654  0.0  0.03 -9  16.6  19.8  19.5  19.8  19.9  -9 -9.0 -9  3  1
202605150700 108   2  0.9  -9 -9.0   -9 1011.6 1021.7 -9  -9.0  18.7  13.5  72.0  15.5   -9.0   -9.0   -9.0   -9.0   -9.0   -9.0   -9.0  5  0 40                       0   0   -9 -         -9  -9  -9   719  0.7  0.42 -9  18.2  19.8  19.3  19.6  19.8  -9 -9.0 -9  3  1
202605150800 108   5  2.1  -9 -9.0   -9 1011.8 1021.8 -9  -9.0  21.2  14.8  67.0  16.8   -9.0   -9.0   -9.0   -9.0   -9.0   -9.0   -9.0  5  0 40                       0   0   -9 -         -9  -9  -9   824  1.0  1.06 -9  20.5  20.4  19.5  19.6  19.7  -9 -9.0 -9  3  1
202605150900 108   9  1.5  -9 -9.0   -9 1011.9 1021.8  1   0.6  23.5  13.9  55.0  15.9   -9.0   -9.0   -9.0   -9.0   -9.0   -9.0   -9.0 -9 -9 40                       0   0   -9 -         -9  -9  -9  1354  1.0  1.85 -9  24.7  21.3  20.1  20.0  19.6  -9 -9.0 -9  3  2
202605151000 108  27  1.2  -9 -9.0   -9 1011.7 1021.6 -9  -9.0  24.9  12.4  46.0  14.4   -9.0   -9.0   -9.0   -9.0   -9.0   -9.0   -9.0 -9 -9 -                        0   0   -9 -         -9  -9  -9  1864  1.0  2.48 -9  36.0  22.5  20.9  20.7  19.5  -9 -9.0 -9  3  2
202605151100 108  18  1.7  -9 -9.0   -9 1011.3 1021.1 -9  -9.0  26.8  12.4  41.0  14.4   -9.0   -9.0   -9.0   -9.0   -9.0   -9.0   -9.0 -9 -9 -                        0   0   -9 -         -9  -9  -9  2367  1.0  3.07 -9  44.5  23.8  21.9  21.5  19.5  -9 -9.0 -9  3  2
202605151200 108   2  1.5  -9 -9.0   -9 1011.0 1020.8  7  -1.0  28.2  12.1  37.0  14.1   -9.0   -9.0   -9.0   -9.0   -9.0   -9.0   -9.0 -9 -9 -                        0   0   -9 -         -9  -9  -9  2223  1.0  3.42 -9  50.7  25.0  23.0  22.4  19.5  -9 -9.0 -9  3  2
202605151300 108  27  2.0  -9 -9.0   -9 1010.2 1019.9 -9  -9.0  29.1  12.4  36.0  14.4   -9.0   -9.0   -9.0   -9.0   -9.0   -9.0   -9.0 -9 -9 -                        0   0   -9 -         -9  -9  -9  2118  1.0  3.54 -9  53.1  25.9  23.8  23.1  19.5  -9 -9.0 -9  3  2
202605151400 108  18  1.2  -9 -9.0   -9 1009.5 1019.2 -9  -9.0  30.6  14.2  37.0  16.2   -9.0   -9.0   -9.0   -9.0   -9.0   -9.0   -9.0 -9 -9 -                        0   0   -9 -         -9  -9  -9  2315  1.0  3.36 -9  53.2  26.9  24.7  23.9  19.6  -9 -9.0 -9  3  2
202605151500 108  32  1.4  -9 -9.0   -9 1008.7 1018.3  7  -2.5  30.9  11.3  30.0  13.4   -9.0   -9.0   -9.0   -9.0   -9.0   -9.0   -9.0 -9 -9 -                        0   0   -9 -         -9  -9  -9  2764  1.0  3.08 -9  52.2  27.5  25.4  24.5  19.8  -9 -9.0 -9  3  2
202605151600 108  29  3.8  -9 -9.0   -9 1008.5 1018.2 -9  -9.0  29.9  14.8  40.0  16.8   -9.0   -9.0   -9.0   -9.0   -9.0   -9.0   -9.0 -9 -9 -                        0   0   -9 -         -9  -9  -9  2062  1.0  2.55 -9  46.6  27.6  25.7  24.9  20.0  -9 -9.0 -9  3  2
202605151700 108  27  3.3  -9 -9.0   -9 1008.5 1018.2 -9  -9.0  28.8  15.3  44.0  17.4   -9.0   -9.0   -9.0   -9.0   -9.0   -9.0   -9.0 -9 -9 -                        0   0   -9 -         -9  -9  -9  2308  1.0  1.86 -9  40.5  27.3  25.7  25.0  20.2  -9 -9.0 -9  3  2
202605151800 108  27  3.0  -9 -9.0   -9 1008.7 1018.4  3   0.1  27.8  15.1  46.0  17.2   -9.0   -9.0   -9.0   -9.0   -9.0   -9.0   -9.0 -9 -9 -                        0   0   -9 -         -9  -9  -9  2609  1.0  1.15 -9  33.0  26.7  25.4  24.9  20.5  -9 -9.0 -9  3  2
202605151900 108  27  2.3  -9 -9.0   -9 1009.3 1019.1 -9  -9.0  25.9  13.7  47.0  15.7   -9.0   -9.0   -9.0   -9.0   -9.0   -9.0   -9.0 -9 -9 -                        0   0   -9 -         -9  -9  -9  2646  0.9  0.43 -9  26.5  25.8  24.9  24.5  20.7  -9 -9.0 -9  3 -9
202605152000 108  25  1.7  -9 -9.0   -9 1009.8 1019.7 -9  -9.0  24.2  12.8  49.0  14.8   -9.0   -9.0   -9.0   -9.0   -9.0   -9.0   -9.0 -9 -9 -                        0   0   -9 -         -9  -9  -9  2661  0.0  0.04 -9  23.0  24.9  24.2  24.1  20.9  -9 -9.0 -9  3 -9
202605152100 108  25  1.5  -9 -9.0   -9 1010.3 1020.2  2   1.8  23.1  12.9  53.0  14.9   -9.0   -9.0   -9.0   -9.0   -9.0   -9.0   -9.0 -9 -9 -                        0   0   -9 -         -9  -9  -9  2634 -9.0 -9.00 -9  21.3  24.0  23.5  23.6  21.0  -9 -9.0 -9  3  2
202605152200 108  20  0.9  -9 -9.0   -9 1010.8 1020.8 -9  -9.0  22.2  13.5  58.0  15.5   -9.0   -9.0   -9.0   -9.0   -9.0   -9.0   -9.0 -9 -9 -                        0   0   -9 -         -9  -9  -9  2511 -9.0 -9.00 -9  20.0  23.4  22.9  23.1  21.1  -9 -9.0 -9  3 -9
202605152300 108  23  2.5  -9 -9.0   -9 1011.2 1021.2 -9  -9.0  21.6  13.7  61.0  15.7   -9.0   -9.0   -9.0   -9.0   -9.0   -9.0   -9.0 -9 -9 -                        0   0   -9 -         -9  -9  -9  2465 -9.0 -9.00 -9  19.5  22.8  22.4  22.6  21.2  -9 -9.0 -9  3 -9
202605160000 108  23  2.0  -9 -9.0   -9 1011.4 1021.4  2   1.2  21.0  13.6  63.0  15.6   -9.0   -9.0   -9.0   -9.0   -9.0   -9.0   -9.0 -9 -9 -                        0   0   -9 -         -9  -9  -9  2334 -9.0 -9.00 -9  18.6  22.3  21.9  22.2  21.2  -9 -9.0 -9  3  2
202605160100 108  25  1.2  -9 -9.0   -9 1011.4 1021.5 -9  -9.0  20.2  13.4  65.0  15.4   -9.0   -9.0   -9.0   -9.0   -9.0   -9.0   -9.0 -9 -9 -                        0   0   -9 -         -9  -9  -9  2268 -9.0 -9.00 -9  17.8  21.8  21.5  21.7  21.1  -9 -9.0 -9  3 -9
202605160200 108  25  1.8  -9 -9.0   -9 1011.6 1021.7 -9  -9.0  19.7  13.8  69.0  15.8   -9.0   -9.0   -9.0   -9.0   -9.0   -9.0   -9.0 -9 -9 -                        0   0   -9 -         -9  -9  -9  2125 -9.0 -9.00 -9  17.5  21.4  21.1  21.3  21.0  -9 -9.0 -9  3 -9
202605160300 108  25  2.2  -9 -9.0   -9 1011.6 1021.7  1   0.3  19.1  13.7  71.0  15.7   -9.0   -9.0   -9.0   -9.0   -9.0   -9.0   -9.0 -9 -9 -                        0   0   -9 -         -9  -9  -9  1949 -9.0 -9.00 -9  17.1  21.0  20.7  21.0  21.0  -9 -9.0 -9  3  2
202605160400 108  25  2.2  -9 -9.0   -9 1011.6 1021.7 -9  -9.0  18.4  13.2  72.0  15.2   -9.0   -9.0   -9.0   -9.0   -9.0   -9.0   -9.0 -9 -9 -                        0   0   -9 -         -9  -9  -9  1864 -9.0 -9.00 -9  16.6  20.7  20.4  20.7  20.9  -9 -9.0 -9  3  2
202605160500 108  27  1.3  -9 -9.0   -9 1011.7 1021.8 -9  -9.0  17.9  12.9  73.0  14.9   -9.0   -9.0   -9.0   -9.0   -9.0   -9.0   -9.0 -9 -9 -                        0   0   -9 -         -9  -9  -9  1608 -9.0 -9.00 -9  16.0  20.4  20.1  20.3  20.7  -9 -9.0 -9  3  2
202605160600 108  32  0.7  -9 -9.0   -9 1012.1 1022.3  2   0.6  17.6  13.7  78.0  15.7   -9.0   -9.0   -9.0   -9.0   -9.0   -9.0   -9.0 -9 -9 -                        0   0   -9 -         -9  -9  -9  1629  0.0  0.04 -9  16.1  20.1  19.8  20.1  20.6  -9 -9.0 -9  3  2
202605160700 108   2  0.8  -9 -9.0   -9 1012.3 1022.4 -9  -9.0  18.2  13.8  76.0  15.8   -9.0   -9.0   -9.0   -9.0   -9.0   -9.0   -9.0 -9 -9 -                        0   0   -9 -         -9  -9  -9  1617  1.0  0.45 -9  17.8  20.0  19.6  19.9  20.5  -9 -9.0 -9  3  2
202605160800 108   0  0.3  -9 -9.0   -9 1012.5 1022.5 -9  -9.0  21.0  14.8  68.0  16.8   -9.0   -9.0   -9.0   -9.0   -9.0   -9.0   -9.0 -9 -9 -                        0   0   -9 -         -9  -9  -9  1383  1.0  1.20 -9  20.3  20.7  19.8  20.0  20.4  -9 -9.0 -9  3  2
202605160900 108  18  2.2  -9 -9.0   -9 1012.5 1022.4  0   0.1  23.4  15.6  62.0  17.7   -9.0   -9.0   -9.0   -9.0   -9.0   -9.0   -9.0 -9 -9 -                        0   0   -9 -         -9  -9  -9  1251  1.0  1.97 -9  25.6  21.8  20.5  20.5  20.3  -9 -9.0 -9  3  2
202605161000 108  20  1.7  -9 -9.0   -9 1012.4 1022.3 -9  -9.0  25.2  15.2  54.0  17.3   -9.0   -9.0   -9.0   -9.0   -9.0   -9.0   -9.0 -9 -9 -                        0   0   -9 -         -9  -9  -9  1595  1.0  2.62 -9  39.0  23.1  21.5  21.2  20.2  -9 -9.0 -9  3  2
202605161100 108  29  2.8  -9 -9.0   -9 1012.3 1022.1 -9  -9.0  26.5  13.5  45.0  15.5   -9.0   -9.0   -9.0   -9.0   -9.0   -9.0   -9.0 -9 -9 -                        0   0   -9 -         -9  -9  -9  2071  1.0  3.20 -9  48.1  24.5  22.6  22.1  20.1  -9 -9.0 -9  3  2
202605161200 108  27  2.4  -9 -9.0   -9 1011.9 1021.7  7  -0.7  27.7  12.8  40.0  14.8   -9.0   -9.0   -9.0   -9.0   -9.0   -9.0   -9.0 -9 -9 -                        0   0   -9 -         -9  -9  -9  1988  1.0  3.51 -9  53.7  25.7  23.6  22.9  20.1  -9 -9.0 -9  3  2
202605161300 108  27  2.3  -9 -9.0   -9 1011.4 1021.1 -9  -9.0  29.0  10.6  32.0  12.8   -9.0   -9.0   -9.0   -9.0   -9.0   -9.0   -9.0 -9 -9 -                        0   0   -9 -         -9  -9  -9  2872  1.0  3.62 -9  56.8  26.8  24.5  23.7  20.1  -9 -9.0 -9  3  2
202605161400 108  29  4.3  -9 -9.0   -9 1010.9 1020.6 -9  -9.0  29.1  11.6  34.0  13.7   -9.0   -9.0   -9.0   -9.0   -9.0   -9.0   -9.0 -9 -9 -                        0   0   -9 -         -9  -9  -9  2687  1.0  3.60 -9  56.6  27.5  25.3  24.4  20.2  -9 -9.0 -9  3  2
202605161500 108  23  3.0  -9 -9.0   -9 1010.2 1019.9  7  -1.8  29.6  10.1  30.0  12.4   -9.0   -9.0   -9.0   -9.0   -9.0   -9.0   -9.0 -9 -9 -                        0   0   -9 -         -9  -9  -9  2483  1.0  3.23 -9  54.0  28.0  25.8  24.9  20.4  -9 -9.0 -9  3  2
202605161600 108  27  3.5  -9 -9.0   -9 1009.7 1019.4 -9  -9.0  29.5   9.5  29.0  11.9   -9.0   -9.0   -9.0   -9.0   -9.0   -9.0   -9.0 -9 -9 -                        0   0   -9 -         -9  -9  -9  3723  1.0  2.70 -9  49.2  28.1  26.1  25.2  20.5  -9 -9.0 -9  3  2
202605161700 108  25  4.0  -9 -9.0   -9 1009.7 1019.4 -9  -9.0  28.4  10.1  32.0  12.4   -9.0   -9.0   -9.0   -9.0   -9.0   -9.0   -9.0 -9 -9 -                        0   0   -9 -         -9  -9  -9  3339  1.0  1.99 -9  42.4  27.7  26.0  25.3  20.8  -9 -9.0 -9  3  2
202605161800 108  25  3.3  -9 -9.0   -9 1009.4 1019.2  7  -0.7  26.9   9.2  33.0  11.6   -9.0   -9.0   -9.0   -9.0   -9.0   -9.0   -9.0 -9 -9 -                        0   0   -9 -         -9  -9  -9  3376  1.0  1.30 -9  33.7  26.9  25.6  25.1  21.0  -9 -9.0 -9  3  2
202605161900 108  27  1.9  -9 -9.0   -9 1009.5 1019.4 -9  -9.0  25.0   8.4  35.0  11.0   -9.0   -9.0   -9.0   -9.0   -9.0   -9.0   -9.0 -9 -9 -                        0   0   -9 -         -9  -9  -9  3432  1.0  0.55 -9  25.5  25.9  25.0  24.7  21.2  -9 -9.0 -9  3 -9
202605162000 108  25  1.9  -9 -9.0   -9 1009.7 1019.6 -9  -9.0  22.8   8.8  41.0  11.3   -9.0   -9.0   -9.0   -9.0   -9.0   -9.0   -9.0 -9 -9 -                        0   0   -9 -         -9  -9  -9  3455  0.0  0.04 -9  21.6  24.7  24.2  24.2  21.4  -9 -9.0 -9  3 -9
202605162100 108  27  1.7  -9 -9.0   -9 1010.3 1020.3  2   1.1  21.5   8.3  43.0  10.9   -9.0   -9.0   -9.0   -9.0   -9.0   -9.0   -9.0 -9 -9 -                        0   0   -9 -         -9  -9  -9  3484 -9.0 -9.00 -9  19.7  23.8  23.4  23.6  21.5  -9 -9.0 -9  3  2
202605162200 108  25  1.9  -9 -9.0   -9 1010.9 1020.9 -9  -9.0  21.1   8.0  43.0  10.7   -9.0   -9.0   -9.0   -9.0   -9.0   -9.0   -9.0 -9 -9 -                        0   0   -9 -         -9  -9  -9  3740 -9.0 -9.00 -9  18.8  23.1  22.8  23.0  21.6  -9 -9.0 -9  3 -9
202605162300 108  25  1.7  -9 -9.0   -9 1011.2 1021.3 -9  -9.0  20.1   9.0  49.0  11.5   -9.0   -9.0   -9.0   -9.0   -9.0   -9.0   -9.0 -9 -9 -                        0   0   -9 -         -9  -9  -9  3093 -9.0 -9.00 -9  17.6  22.4  22.2  22.5  21.6  -9 -9.0 -9  3 -9
202605170000 108  25  1.7  -9 -9.0   -9 1011.2 1021.3  1   1.0  19.3  10.0  55.0  12.3   -9.0   -9.0   -9.0   -9.0   -9.0   -9.0   -9.0 -9 -9 -                        0   0   -9 -         -9  -9  -9  2888 -9.0 -9.00 -9  16.7  21.8  21.7  22.0  21.5  -9 -9.0 -9  3  2
202605170100 108  23  1.6  -9 -9.0   -9 1011.0 1021.1 -9  -9.0  18.4   9.9  58.0  12.2   -9.0   -9.0   -9.0   -9.0   -9.0   -9.0   -9.0 -9 -9 -                        0   0   -9 -         -9  -9  -9  2927 -9.0 -9.00 -9  15.9  21.3  21.2  21.5  21.5  -9 -9.0 -9  3 -9
202605170200 108  25  1.8  -9 -9.0   -9 1010.6 1020.7 -9  -9.0  17.8   9.9  60.0  12.2   -9.0   -9.0   -9.0   -9.0   -9.0   -9.0   -9.0 -9 -9 -                        0   0   -9 -         -9  -9  -9  2814 -9.0 -9.00 -9  15.6  20.9  20.7  21.1  21.4  -9 -9.0 -9  3 -9
202605170300 108  27  1.2  -9 -9.0   -9 1010.3 1020.4  7  -0.9  17.5   9.8  61.0  12.1   -9.0   -9.0   -9.0   -9.0   -9.0   -9.0   -9.0 -9 -9 -                        0   0   -9 -         -9  -9  -9  2822 -9.0 -9.00 -9  15.0  20.5  20.3  20.7  21.3  -9 -9.0 -9  3  2
202605170400 108  27  1.2  -9 -9.0   -9 1010.2 1020.4 -9  -9.0  17.1  10.2  64.0  12.4   -9.0   -9.0   -9.0   -9.0   -9.0   -9.0   -9.0 -9 -9 -                        0   0   -9 -         -9  -9  -9  2774 -9.0 -9.00 -9  14.6  20.1  20.0  20.3  21.1  -9 -9.0 -9  3  2
202605170500 108  25  1.0  -9 -9.0   -9 1010.2 1020.4 -9  -9.0  16.5  10.1  66.0  12.4   -9.0   -9.0   -9.0   -9.0   -9.0   -9.0   -9.0 -9 -9 -                        0   0   -9 -         -9  -9  -9  2672 -9.0 -9.00 -9  14.3  19.8  19.6  20.0  21.0  -9 -9.0 -9  3  2
202605170600 108  27  1.5  -9 -9.0   -9 1010.5 1020.7  2   0.3  16.2  10.2  68.0  12.4   -9.0   -9.0   -9.0   -9.0   -9.0   -9.0   -9.0 -9 -9 -                        3   0   -9 -         -9  -9  -9  2272  0.0  0.05 -9  15.0  19.5  19.3  19.7  20.9  -9 -9.0 -9  3  2
202605170700 108  27  0.7  -9 -9.0   -9 1010.7 1020.9 -9  -9.0  17.5  11.7  69.0  13.7   -9.0   -9.0   -9.0   -9.0   -9.0   -9.0   -9.0 -9 -9 -                        3   0   -9 -         -9  -9  -9  1683  1.0  0.47 -9  17.4  19.6  19.2  19.5  20.7  -9 -9.0 -9  3  2
202605170800 108  18  0.5  -9 -9.0   -9 1010.8 1020.9 -9  -9.0  19.9  12.6  63.0  14.6   -9.0   -9.0   -9.0   -9.0   -9.0   -9.0   -9.0 -9 -9 -                        0   0   -9 -         -9  -9  -9  1233  1.0  1.18 -9  20.2  20.3  19.4  19.7  20.6  -9 -9.0 -9  3  2
202605170900 108  23  1.7  -9 -9.0   -9 1011.1 1021.1  2   0.4  22.2  12.9  56.0  14.9   -9.0   -9.0   -9.0   -9.0   -9.0   -9.0   -9.0 -9 -9 -                        1   1   -9 -         -9  -9  -9  1538  1.0  1.96 -9  25.9  21.4  20.2  20.2  20.4  -9 -9.0 -9  3  2
202605171000 108  25  2.5  -9 -9.0   -9 1010.9 1020.8 -9  -9.0  24.0  11.6  46.0  13.7   -9.0   -9.0   -9.0   -9.0   -9.0   -9.0   -9.0 -9 -9 -                        5   1   -9 -         -9  -9  -9  2238  1.0  2.64 -9  39.7  22.8  21.1  20.9  20.3  -9 -9.0 -9  3  2
202605171100 108  27  2.0  -9 -9.0   -9 1010.6 1020.4 -9  -9.0  25.8  11.1  40.0  13.2   -9.0   -9.0   -9.0   -9.0   -9.0   -9.0   -9.0 -9 -9 -                        6   1   -9 -         -9  -9  -9  2423  1.0  3.02 -9  47.1  24.2  22.2  21.7  20.2  -9 -9.0 -9  3  2
202605171200 108  25  3.5  -9 -9.0   -9 1010.2 1020.0  7  -1.1  26.6  10.2  36.0  12.4   -9.0   -9.0   -9.0   -9.0   -9.0   -9.0   -9.0 -9 -9 -                        3   1   -9 -         -9  -9  -9  2531  1.0  3.35 -9  54.2  25.4  23.2  22.5  20.2  -9 -9.0 -9  3  2
202605171300 108  25  2.6  -9 -9.0   -9 1009.5 1019.2 -9  -9.0  27.9   9.6  32.0  11.9   -9.0   -9.0   -9.0   -9.0   -9.0   -9.0   -9.0 -9 -9 -                        1   1   -9 -         -9  -9  -9  2924  1.0  3.74 -9  57.1  26.7  24.3  23.4  20.2  -9 -9.0 -9  3  2
202605171400 108  29  2.8  -9 -9.0   -9 1008.7 1018.4 -9  -9.0  28.3   9.0  30.0  11.5   -9.0   -9.0   -9.0   -9.0   -9.0   -9.0   -9.0 -9 -9 -                        1   1   -9 -         -9  -9  -9  3335  1.0  3.54 -9  57.2  27.5  25.1  24.1  20.3  -9 -9.0 -9  3  2
202605171500 108  25  3.0  -9 -9.0   -9 1008.1 1017.8  7  -2.2  29.1   9.7  30.0  12.0   -9.0   -9.0   -9.0   -9.0   -9.0   -9.0   -9.0 -9 -9 -                        0   0   -9 -         -9  -9  -9  3500  1.0  3.24 -9  55.5  28.0  25.7  24.7  20.4  -9 -9.0 -9  3  2
202605171600 108  25  3.2  -9 -9.0   -9 1007.5 1017.2 -9  -9.0  28.8   8.9  29.0  11.4   -9.0   -9.0   -9.0   -9.0   -9.0   -9.0   -9.0 -9 -9 -                        1   1   -9 -         -9  -9  -9  3217  1.0  2.71 -9  50.4  28.1  26.0  25.1  20.6  -9 -9.0 -9  3  2
202605171700 108  27  2.5  -9 -9.0   -9 1007.0 1016.7 -9  -9.0  28.4   9.1  30.0  11.6   -9.0   -9.0   -9.0   -9.0   -9.0   -9.0   -9.0 -9 -9 -                        0   0   -9 -         -9  -9  -9  3431  1.0  2.04 -9  44.2  27.8  26.0  25.2  20.8  -9 -9.0 -9  3  2
202605171800 108  25  3.2  -9 -9.0   -9 1006.9 1016.7  6  -1.1  27.1   8.5  31.0  11.1   -9.0   -9.0   -9.0   -9.0   -9.0   -9.0   -9.0 -9 -9 -                        1   1   -9 -         -9  -9  -9  3052  1.0  1.24 -9  33.5  27.0  25.6  25.0  21.0  -9 -9.0 -9  3  2
202605171900 108  27  2.7  -9 -9.0   -9 1007.0 1016.8 -9  -9.0  25.0   7.5  33.0  10.4   -9.0   -9.0   -9.0   -9.0   -9.0   -9.0   -9.0 -9 -9 -                        2   1   -9 -         -9  -9  -9  3544  0.9  0.45 -9  25.7  25.9  25.0  24.7  21.2  -9 -9.0 -9  3 -9
202605172000 108  27  2.8  -9 -9.0   -9 1007.5 1017.4 -9  -9.0  22.8   7.7  38.0  10.5   -9.0   -9.0   -9.0   -9.0   -9.0   -9.0   -9.0 -9 -9 -                        5   1   -9 -         -9  -9  -9  3498  0.0  0.06 -9  21.4  24.7  24.2  24.1  21.4  -9 -9.0 -9  3 -9
202605172100 108  18  0.8  -9 -9.0   -9 1008.0 1018.0  2   1.3  21.6   7.4  40.0  10.3   -9.0   -9.0   -9.0   -9.0   -9.0   -9.0   -9.0 -9 -9 -                        5   1   -9 -         -9  -9  -9  3479 -9.0 -9.00 -9  19.4  23.7  23.4  23.5  21.5  -9 -9.0 -9  3  2
202605172200 108  23  0.9  -9 -9.0   -9 1008.4 1018.4 -9  -9.0  20.6   7.9  44.0  10.6   -9.0   -9.0   -9.0   -9.0   -9.0   -9.0   -9.0 -9 -9 -                        5   1   -9 -         -9  -9  -9  3225 -9.0 -9.00 -9  17.7  22.9  22.7  22.9  21.6  -9 -9.0 -9  3 -9
202605172300 108  27  0.8  -9 -9.0   -9 1008.1 1018.2 -9  -9.0  19.3   8.0  48.0  10.7   -9.0   -9.0   -9.0   -9.0   -9.0   -9.0   -9.0 -9 -9 -                        3   1   -9 -         -9  -9  -9  3315 -9.0 -9.00 -9  16.5  22.2  22.1  22.3  21.6  -9 -9.0 -9  3 -9
202605180000 108  27  1.3  -9 -9.0   -9 1008.2 1018.3  0   0.3  18.7   8.9  53.0  11.4   -9.0   -9.0   -9.0   -9.0   -9.0   -9.0   -9.0 -9 -9 -                        2   1   -9 -         -9  -9  -9  3080 -9.0 -9.00 -9  15.8  21.6  21.5  21.8  21.6  -9 -9.0 -9  3  2
202605180100 108  34  0.7  -9 -9.0   -9 1008.3 1018.4 -9  -9.0  18.1   8.9  55.0  11.4   -9.0   -9.0   -9.0   -9.0   -9.0   -9.0   -9.0 -9 -9 -                        0   0   -9 -         -9  -9  -9  2924 -9.0 -9.00 -9  15.3  21.1  21.0  21.3  21.5  -9 -9.0 -9  3 -9
202605180200 108   2  1.9  -9 -9.0   -9 1007.1 1017.2 -9  -9.0  17.4   8.7  57.0  11.2   -9.0   -9.0   -9.0   -9.0   -9.0   -9.0   -9.0 -9 -9 -                        0   0   -9 -         -9  -9  -9  3132 -9.0 -9.00 -9  14.6  20.6  20.6  20.9  21.4  -9 -9.0 -9  3 -9
202605180300 108   5  1.6  -9 -9.0   -9 1007.0 1017.2  6  -1.1  16.5   8.4  59.0  11.0   -9.0   -9.0   -9.0   -9.0   -9.0   -9.0   -9.0 -9 -9 -                        0   0   -9 -         -9  -9  -9  3099 -9.0 -9.00 -9  13.9  20.1  20.1  20.5  21.3  -9 -9.0 -9  3  2
202605180400 108   2  1.2  -9 -9.0   -9 1006.7 1016.8 -9  -9.0  16.9   8.8  59.0  11.3   -9.0   -9.0   -9.0   -9.0   -9.0   -9.0   -9.0 -9 -9 -                        0   0   -9 -         -9  -9  -9  3033 -9.0 -9.00 -9  13.8  19.8  19.7  20.1  21.2  -9 -9.0 -9  3  2
202605180500 108   5  1.5  -9 -9.0   -9 1006.5 1016.7 -9  -9.0  16.3   8.7  61.0  11.2   -9.0   -9.0   -9.0   -9.0   -9.0   -9.0   -9.0 -9 -9 -                        0   0   -9 -         -9  -9  -9  3076 -9.0 -9.00 -9  13.3  19.4  19.4  19.8  21.1  -9 -9.0 -9  3  2
202605180600 108   2  2.3  -9 -9.0   -9 1006.6 1016.8  5  -0.4  15.8   8.7  63.0  11.2   -9.0   -9.0   -9.0   -9.0   -9.0   -9.0   -9.0 -9 -9 -                        0   0   -9 -         -9  -9  -9  3025  0.2  0.05 -9  13.6  19.1  19.1  19.5  20.9  -9 -9.0 -9  3  2
202605180700 108   5  1.5  -9 -9.0   -9 1006.9 1017.0 -9  -9.0  16.8   9.7  63.0  12.0   -9.0   -9.0   -9.0   -9.0   -9.0   -9.0   -9.0 -9 -9 -                        0   0   -9 -         -9  -9  -9  2588  1.0  0.55 -9  15.8  19.1  18.9  19.3  20.8  -9 -9.0 -9  3  2
202605180800 108   9  1.7  -9 -9.0   -9 1007.2 1017.2 -9  -9.0  20.5  10.2  52.0  12.4   -9.0   -9.0   -9.0   -9.0   -9.0   -9.0   -9.0 -9 -9 -                        0   0   -9 -         -9  -9  -9  3201  1.0  1.33 -9  19.1  19.9  19.1  19.5  20.6  -9 -9.0 -9  3  2
202605180900 108   7  1.6  -9 -9.0   -9 1007.4 1017.3  2   0.5  23.3  10.3  44.0  12.5   -9.0   -9.0   -9.0   -9.0   -9.0   -9.0   -9.0 -9 -9 -                        0   0   -9 -         -9  -9  -9  3183  1.0  2.08 -9  25.6  21.1  19.9  20.0  20.5  -9 -9.0 -9  3  2
202605181000 108  18  1.6  -9 -9.0   -9 1007.1 1016.9 -9  -9.0  25.7   9.9  37.0  12.2   -9.0   -9.0   -9.0   -9.0   -9.0   -9.0   -9.0 -9 -9 -                        0   0   -9 -         -9  -9  -9  3432  1.0  2.70 -9  42.4  22.7  20.9  20.8  20.4  -9 -9.0 -9  3  2
202605181100 108  25  1.3  -9 -9.0   -9 1006.8 1016.5 -9  -9.0  27.5  10.6  35.0  12.8   -9.0   -9.0   -9.0   -9.0   -9.0   -9.0   -9.0 -9 -9 -                        5   1   -9 -         -9  -9  -9  3076  1.0  3.28 -9  51.8  24.6  22.3  21.8  20.3  -9 -9.0 -9  3  2
202605181200 108  18  2.3  -9 -9.0   -9 1006.5 1016.2  7  -1.1  28.7   8.3  28.0  10.9   -9.0   -9.0   -9.0   -9.0   -9.0   -9.0   -9.0 -9 -9 -                        7   1   -9 -         -9  -9  -9  2948  1.0  3.25 -9  52.1  26.2  23.6  22.7  20.2  -9 -9.0 -9  3  2
202605181300 108  18  3.1  -9 -9.0   -9 1006.2 1015.9 -9  -9.0  29.7   7.5  25.0  10.4   -9.0   -9.0   -9.0   -9.0   -9.0   -9.0   -9.0 -9 -9 -                        5   1   -9 -         -9  -9  -9  2816  1.0  3.62 -9  59.3  27.3  24.7  23.6  20.2  -9 -9.0 -9  3  2
202605181400 108  23  4.0  -9 -9.0   -9 1005.8 1015.5 -9  -9.0  29.7   6.3  23.0   9.5   -9.0   -9.0   -9.0   -9.0   -9.0   -9.0   -9.0 -9 -9 -                        5   1   -9 -         -9  -9  -9  2876  1.0  3.23 -9  56.9  28.0  25.5  24.3  20.3  -9 -9.0 -9  3  2
202605181500 108  23  3.7  -9 -9.0   -9 1005.1 1014.7  7  -1.5  29.6   5.6  22.0   9.1   -9.0   -9.0   -9.0   -9.0   -9.0   -9.0   -9.0 -9 -9 -                        8   1   -9 -         -9  -9  -9  3505  1.0  2.70 -9  53.9  28.1  25.9  24.7  20.5  -9 -9.0 -9  3  2
202605181600 108  23  3.5  -9 -9.0   -9 1004.8 1014.5 -9  -9.0  29.2   6.5  24.0   9.7   -9.0   -9.0   -9.0   -9.0   -9.0   -9.0   -9.0 -9 -9 -                        6   1   -9 -         -9  -9  -9  3004  1.0  2.64 -9  46.1  28.4  26.2  25.1  20.6  -9 -9.0 -9  3  2
202605181700 108  23  2.9  -9 -9.0   -9 1004.4 1014.1 -9  -9.0  28.3   7.5  27.0  10.4   -9.0   -9.0   -9.0   -9.0   -9.0   -9.0   -9.0 -9 -9 -                        8   1   -9 -         -9  -9  -9  2959  1.0  1.69 -9  38.6  27.9  26.1  25.1  20.8  -9 -9.0 -9  3  2
202605181800 108  27  3.1  -9 -9.0   -9 1004.6 1014.3  5  -0.4  26.7   7.6  30.0  10.4   -9.0   -9.0   -9.0   -9.0   -9.0   -9.0   -9.0 -9 -9 -                        7   1   -9 -         -9  -9  -9  3381  0.6  0.83 -9  30.4  26.9  25.6  24.9  21.0  -9 -9.0 -9  3  2
202605181900 108  27  2.8  -9 -9.0   -9 1004.8 1014.6 -9  -9.0  24.7   8.6  36.0  11.2   -9.0   -9.0   -9.0   -9.0   -9.0   -9.0   -9.0 -9 -9 -                        8   1   -9 -         -9  -9  -9  3129  0.1  0.33 -9  25.5  25.7  24.9  24.4  21.2  -9 -9.0 -9  3 -9
202605182000 108  27  3.4  -9 -9.0   -9 1005.3 1015.2 -9  -9.0  23.2   8.8  40.0  11.3   -9.0   -9.0   -9.0   -9.0   -9.0   -9.0   -9.0 -9 -9 -                        8   1   -9 -         -9  -9  -9  3071  0.0  0.03 -9  22.3  24.6  24.1  24.0  21.4  -9 -9.0 -9  3 -9
202605182100 108  27  2.4  -9 -9.0   -9 1005.8 1015.7  2   1.4  22.3   8.0  40.0  10.7   -9.0   -9.0   -9.0   -9.0   -9.0   -9.0   -9.0 -9 -9 -                       10   2   70 -         -9  -9  -9  3152 -9.0 -9.00 -9  21.2  23.8  23.5  23.4  21.5  -9 -9.0 -9  3  2
202605182200 108  27  1.7  -9 -9.0   -9 1006.4 1016.3 -9  -9.0  21.8   8.3  42.0  10.9   -9.0   -9.0   -9.0   -9.0   -9.0   -9.0   -9.0 -9 -9 -                       10   7   69 -         -9  -9  -9  3280 -9.0 -9.00 -9  20.5  23.2  22.9  23.0  21.6  -9 -9.0 -9  3 -9
202605182300 108  32  0.7  -9 -9.0   -9 1006.3 1016.3 -9  -9.0  21.4   8.2  43.0  10.9   -9.0   -9.0   -9.0   -9.0   -9.0   -9.0   -9.0 -9 -9 -                       10   9   65 -         -9  -9  -9  3083 -9.0 -9.00 -9  19.7  22.7  22.4  22.6  21.6  -9 -9.0 -9  3 -9
202605190000 108   2  0.9  -9 -9.0   -9 1005.8 1015.8  0   0.1  21.1   8.6  45.0  11.2   -9.0   -9.0   -9.0   -9.0   -9.0   -9.0   -9.0 -9 -9 -                       10   9   62 -         -9  -9  -9  3104 -9.0 -9.00 -9  19.2  22.3  22.0  22.2  21.6  -9 -9.0 -9  3  2
202605190100 108  32  0.5  -9 -9.0   -9 1005.5 1015.5 -9  -9.0  20.8   9.0  47.0  11.5   -9.0   -9.0   -9.0   -9.0   -9.0   -9.0   -9.0 -9 -9 -                       10  10   59 -         -9  -9  -9  2978 -9.0 -9.00 -9  19.0  22.0  21.6  21.9  21.5  -9 -9.0 -9  3 -9
202605190200 108  20  1.0  -9 -9.0   -9 1005.4 1015.4 -9  -9.0  20.6   9.5  49.0  11.9   -9.0   -9.0   -9.0   -9.0   -9.0   -9.0   -9.0 -9 -9 -                        9   9   65 -         -9  -9  -9  2824 -9.0 -9.00 -9  18.3  21.7  21.3  21.6  21.5  -9 -9.0 -9  3  2
202605190300 108  25  1.0  -9 -9.0   -9 1005.1 1015.1  7  -0.7  20.6  10.0  51.0  12.3   -9.0   -9.0   -9.0   -9.0   -9.0   -9.0   -9.0 -9 -9 -                       10  10   60 -         -9  -9  -9  2780 -9.0 -9.00 -9  18.6  21.4  21.1  21.3  21.4  -9 -9.0 -9  3  2
202605190400 108  18  1.0  -9 -9.0   -9 1005.0 1015.0 -9  -9.0  20.5  10.2  52.0  12.4   -9.0   -9.0   -9.0   -9.0   -9.0   -9.0   -9.0 -9 -9 -                       10  10   58 -         -9  -9  -9  2500 -9.0 -9.00 -9  18.6  21.3  20.8  21.1  21.3  -9 -9.0 -9  3  2
202605190500 108  18  1.3  -9 -9.0   -9 1004.4 1014.4 -9  -9.0  20.4  10.7  54.0  12.9   -9.0   -9.0   -9.0   -9.0   -9.0   -9.0   -9.0 -9 -9 -                       10  10   54 -         -9  -9  -9  2617 -9.0 -9.00 -9  18.6  21.1  20.7  20.9  21.2  -9 -9.0 -9  3  2
202605190600 108  36  1.5  -9 -9.0   -9 1004.4 1014.4  6  -0.7  20.1  11.5  58.0  13.6   -9.0   -9.0   -9.0   -9.0   -9.0   -9.0   -9.0 -9 -9 -                       10  10   51 -         -9  -9  -9  2517  0.0  0.01 -9  18.6  20.9  20.5  20.7  21.1  -9 -9.0 -9  3  2
202605190700 108   5  1.7  -9 -9.0   -9 1004.7 1014.7 -9  -9.0  19.9  11.1  57.0  13.2   -9.0   -9.0   -9.0   -9.0   -9.0   -9.0   -9.0 -9 -9 -                       10  10   53 -         -9  -9  -9  2579  0.0  0.13 -9  20.4  20.9  20.4  20.6  21.0  -9 -9.0 -9  3  2
202605190800 108   5  2.4  -9 -9.0   -9 1004.9 1014.9 -9  -9.0  20.8  11.6  56.0  13.7   -9.0   -9.0   -9.0   -9.0   -9.0   -9.0   -9.0 -9 -9 -                        9   0   -9 -         -9  -9  -9  2444  0.0  0.44 -9  24.1  21.1  20.4  20.6  20.9  -9 -9.0 -9  3  2
202605190900 108   5  1.8  -9 -9.0   -9 1004.8 1014.7  0   0.3  21.7  11.6  53.0  13.7   -9.0   -9.0   -9.0   -9.0   -9.0   -9.0   -9.0 -9 -9 -                       10   0   -9 -         -9  -9  -9  2194  0.0  0.75 -9  25.1  21.6  20.6  20.8  20.9  -9 -9.0 -9  3  2
202605191000 108  16  1.4  -9 -9.0   -9 1005.3 1015.2 -9  -9.0  23.4  12.0  49.0  14.0   -9.0   -9.0   -9.0   -9.0   -9.0   -9.0   -9.0 -9 -9 -                        9   0   -9 -         -9  -9  -9  2408  0.1  1.11 -9  32.3  22.3  21.0  21.1  20.8  -9 -9.0 -9  3  2
202605191100 108  25  1.7  -9 -9.0   -9 1005.0 1014.8 -9  -9.0  24.3  10.5  42.0  12.7   -9.0   -9.0   -9.0   -9.0   -9.0   -9.0   -9.0 -9 -9 -                        9   0   -9 -         -9  -9  -9  3139  0.1  1.61 -9  34.9  23.3  21.7  21.5  20.7  -9 -9.0 -9  3  2
202605191200 108  14  1.3  -9 -9.0   -9 1004.6 1014.4  8  -0.3  25.1  10.5  40.0  12.7   -9.0   -9.0   -9.0   -9.0   -9.0   -9.0   -9.0 -9 -9 -                        9   0   -9 -         -9  -9  -9  2425  0.2  1.83 -9  35.7  24.2  22.4  22.0  20.7  -9 -9.0 -9  3  2
202605191300 108  23  2.5  -9 -9.0   -9 1004.4 1014.2 -9  -9.0  25.0   9.6  38.0  11.9   -9.0   -9.0   -9.0   -9.0   -9.0   -9.0   -9.0 -9 -9 -                       10   0   -9 -         -9  -9  -9  2660  0.0  1.35 -9  32.4  24.5  22.9  22.4  20.7  -9 -9.0 -9  3  2
202605191400 108  27  2.4  -9 -9.0   -9 1003.7 1013.5 -9  -9.0  24.4  11.0  43.0  13.1   -9.0   -9.0   -9.0   -9.0   -9.0   -9.0   -9.0 -9 -9 -                       10   4   43 -         -9  -9  -9  2577  0.0  0.59 -9  28.6  24.3  22.9  22.5  20.7  -9 -9.0 -9  3  2
202605191500 108  27  3.5  -9 -9.0   -9 1003.2 1013.0  7  -1.4  23.5  12.1  49.0  14.1   -9.0   -9.0   -9.0   -9.0   -9.0   -9.0   -9.0 -9 -9 -                       10   3   45 -         -9  -9  -9  1949  0.0  0.70 -9  30.1  23.9  22.8  22.4  20.7  -9 -9.0 -9  3  2
202605191600 108  27  2.4  -9 -9.0   -9 1003.2 1013.0 -9  -9.0  23.7  13.2  52.0  15.2   -9.0   -9.0   -9.0   -9.0   -9.0   -9.0   -9.0 -9 -9 -                       10   0   -9 -         -9  -9  -9  1563  0.0  0.80 -9  29.2  24.0  22.8  22.5  20.8  -9 -9.0 -9  3  2
202605191700 108  32  2.6  -9 -9.0   -9 1002.9 1012.8 -9  -9.0  23.1  13.5  55.0  15.5   -9.0   -9.0   -9.0   -9.0   -9.0   -9.0   -9.0 -9 -9 -                       10   5   44 -         -9  -9  -9  1763  0.0  0.37 -9  25.8  23.6  22.7  22.4  20.8  -9 -9.0 -9  3  2
202605191800 108  32  2.2  -9 -9.0   -9 1003.0 1012.9  5  -0.1  22.6  14.1  59.0  16.1   -9.0   -9.0   -9.0   -9.0   -9.0   -9.0   -9.0 -9 -9 -                       10   7   42 -         -9  -9  -9  1743  0.0  0.27 -9  24.0  23.3  22.4  22.2  20.9  -9 -9.0 -9  3  2
202605191900 108   2  3.8  -9 -9.0   -9 1000.9 1010.8 -9  -9.0  21.9  12.9  57.0  14.9   -9.0   -9.0   -9.0   -9.0   -9.0   -9.0   -9.0 -9 -9 -                       10  10   30 -         -9  -9  -9  1801  0.0  0.05 -9  21.6  22.7  22.1  22.0  20.9  -9 -9.0 -9  3 -9
202605192000 108   5  3.0  -9 -9.0   -9 1002.2 1012.1 -9  -9.0  21.8  13.1  58.0  15.1   -9.0   -9.0   -9.0   -9.0   -9.0   -9.0   -9.0 -9 -9 -                       10  10   32 -         -9  -9  -9  1861  0.0  0.01 -9  21.0  22.4  21.8  21.8  20.9  -9 -9.0 -9  3 -9
202605192100 108  14  1.5  -9 -9.0   -9 1003.4 1013.3  3   0.4  21.4  12.2  56.0  14.2   -9.0   -9.0   -9.0   -9.0   -9.0   -9.0   -9.0 -9 -9 -                       10  10   28 -         -9  -9  -9  2077 -9.0 -9.00 -9  20.5  22.1  21.5  21.6  20.9  -9 -9.0 -9  3  2
202605192200 108   5  2.8  -9 -9.0   -9 1002.7 1012.6 -9  -9.0  21.4  12.2  56.0  14.2   -9.0   -9.0   -9.0   -9.0   -9.0   -9.0   -9.0 -9 -9 -                       10  10   27 -         -9  -9  -9  2149 -9.0 -9.00 -9  20.4  21.8  21.2  21.4  20.9  -9 -9.0 -9  3  2
202605192300 108   7  1.6  -9 -9.0   -9 1003.1 1013.0 -9  -9.0  21.4  11.9  55.0  13.9    0.0    0.0    0.0   -9.0   -9.0   -9.0   -9.0 21 62 01                      10  10   26 -         -9  -9  -9  2268 -9.0 -9.00 -9  20.1  21.6  21.0  21.2  20.9  -9 -9.0 -9  4  1
202605200000 108   7  3.2  -9 -9.0   -9 1002.9 1012.8  5  -0.5  21.8  12.3  55.0  14.3   -9.0    0.0    0.0   -9.0   -9.0   -9.0   -9.0 -9 62 -                       10  10   31 -         -9  -9  -9  2354 -9.0 -9.00 -9  20.2  21.4  20.9  21.0  20.8  -9 -9.0 -9  3  1
202605200100 108   5  2.3  -9 -9.0   -9 1002.5 1012.4 -9  -9.0  21.4  11.6  54.0  13.7    0.0    0.0    0.0   -9.0   -9.0   -9.0   -9.0 60 62 01                      10  10   23 -         -9  -9  -9  2513 -9.0 -9.00 -9  19.7  21.3  20.7  20.9  20.8  -9 -9.0 -9  4  1
202605200200 108   5  3.3  -9 -9.0   -9 1001.3 1011.2 -9  -9.0  21.2  12.0  56.0  14.0    0.0    0.0    0.0   -9.0   -9.0   -9.0   -9.0 21 62 1                       10  10   32 -         -9  -9  -9  2576 -9.0 -9.00 -9  19.7  21.2  20.6  20.7  20.7  -9 -9.0 -9  1  1
202605200300 108   5  2.5  -9 -9.0   -9 1001.3 1011.2  6  -1.6  21.0  11.3  54.0  13.4    0.0    0.0    0.0   -9.0   -9.0   -9.0   -9.0 60 62 01                      10   9   26 -         -9  -9  -9  2605 -9.0 -9.00 -9  19.5  21.0  20.4  20.6  20.7  -9 -9.0 -9  4  1
202605200400 108   5  1.9  -9 -9.0   -9 1001.4 1011.3 -9  -9.0  20.7  11.0  54.0  13.1    0.0    0.0    0.0   -9.0   -9.0   -9.0   -9.0 21 62 01                      10  10   29 -         -9  -9  -9  2610 -9.0 -9.00 -9  18.8  20.8  20.3  20.5  20.6  -9 -9.0 -9  4  1
202605200500 108   7  1.4  -9 -9.0   -9 1001.2 1011.1 -9  -9.0  20.6  10.6  53.0  12.8   -9.0    0.0    0.0   -9.0   -9.0   -9.0   -9.0 -9 -9 -                       10  10   30 -         -9  -9  -9  2743 -9.0 -9.00 -9  19.1  20.7  20.2  20.3  20.6  -9 -9.0 -9  3  2
202605200600 108   7  1.8  -9 -9.0   -9 1002.0 1012.0  3   0.8  20.2  12.1  60.0  14.1    0.1    0.1    0.1   -9.0   -9.0   -9.0   -9.0 60 62 01                      10  10   29 -         -9  -9  -9  1420  0.0  0.00 -9  18.3  20.5  20.0  20.2  20.5  -9 -9.0 -9  4  1
202605200700 108   9  2.5  -9 -9.0   -9 1002.5 1012.5 -9  -9.0  18.1  13.3  74.0  15.3    1.2    1.3    1.3   -9.0   -9.0   -9.0   -9.0 61 66 01                      10  10   26 -         -9  -9  -9  1544  0.0  0.05 -9  17.6  19.9  19.8  20.0  20.5  -9 -9.0 -9  4  1
202605200800 108   7  3.3  -9 -9.0   -9 1002.1 1012.2 -9  -9.0  17.1  13.9  82.0  15.9    1.2    2.5    2.5   -9.0   -9.0   -9.0   -9.0 61 66 01                      10   9   25 -         -9  -9  -9  1246  0.0  0.12 -9  17.7  19.7  19.7  20.0  20.4  -9 -9.0 -9  4  1
202605200900 108   5  3.8  -9 -9.0   -9 1001.6 1011.7  8  -0.3  17.1  14.3  84.0  16.3    0.4    2.9    2.9   -9.0   -9.0   -9.0   -9.0 61 66 01                      10   8   19 -         -9  -9  -9  1152  0.0  0.24 -9  18.2  19.6  19.5  19.8  20.3  -9 -9.0 -9  1  1
202605201000 108   5  3.7  -9 -9.0   -9 1001.6 1011.7 -9  -9.0  16.7  14.3  86.0  16.3    1.1    4.0    4.0   -9.0   -9.0   -9.0   -9.0 61 66 1901                    10   8   19 -         -9  -9  -9   986  0.0  0.28 -9  18.3  19.5  19.4  19.7  20.3  -9 -9.0 -9  4  1
202605201100 108   5  4.6  -9 -9.0   -9 1001.0 1011.1 -9  -9.0  16.3  14.3  88.0  16.3    1.8    5.8    5.8   -9.0   -9.0   -9.0   -9.0 61 66 1901                    10   8   18 -         -9  -9  -9   873  0.0  0.44 -9  18.5  19.4  19.3  19.6  20.2  -9 -9.0 -9  4  1
202605201200 108   5  4.0  -9 -9.0   -9 1000.7 1010.8  7  -0.9  15.9  14.2  90.0  16.2    2.6    8.4    8.4   -9.0   -9.0   -9.0   -9.0 61 66 1901                    10   9   13 -         -9  -9  -9   628  0.0  0.34 -9  18.0  19.2  19.1  19.5  20.1  -9 -9.0 -9  4  1
202605201300 108   5  4.1  -9 -9.0   -9  999.9 1010.0 -9  -9.0  15.6  14.4  93.0  16.4    3.4   11.8   11.8   -9.0   -9.0   -9.0   -9.0 63 66 1901                    10   9   11 -         -9  -9  -9   612  0.0  0.29 -9  17.7  18.9  18.9  19.3  20.1  -9 -9.0 -9  4  1
202605201400 108   5  3.3  -9 -9.0   -9  999.1 1009.2 -9  -9.0  15.8  14.9  95.0  16.9    4.3   16.1   16.1   -9.0   -9.0   -9.0   -9.0 63 66 1901                    10   9    3 -         -9  -9  -9   488  0.0  0.31 -9  18.1  18.7  18.7  19.1  20.0  -9 -9.0 -9  4  1
202605201500 108   7  4.5  -9 -9.0   -9  998.1 1008.2  7  -2.6  15.9  15.0  95.0  17.0    3.2   19.3   19.3   -9.0   -9.0   -9.0   -9.0 63 66 1901                    10   9    3 -         -9  -9  -9   575  0.0  0.31 -9  17.8  18.7  18.6  18.9  19.9  -9 -9.0 -9  4  1
202605201600 108   5  4.5  -9 -9.0   -9  997.4 1007.5 -9  -9.0  15.8  14.9  95.0  16.9    5.7   25.0   25.0   -9.0   -9.0   -9.0   -9.0 63 66 1901                    10   9    3 -         -9  -9  -9   524  0.0  0.25 -9  17.3  18.5  18.4  18.7  19.9  -9 -9.0 -9  4  1
202605201700 108   5  4.3  -9 -9.0   -9  996.4 1006.5 -9  -9.0  15.7  15.0  96.0  17.0    4.8   29.8   29.8   -9.0   -9.0   -9.0   -9.0 63 66 1901                    10   9    3 -         -9  -9  -9   539  0.0  0.20 -9  17.2  18.3  18.2  18.6  19.8  -9 -9.0 -9  4  1
202605201800 108   5  4.1  -9 -9.0   -9  996.0 1006.1  7  -2.1  15.5  14.8  96.0  16.8    5.7   35.5   35.5   -9.0   -9.0   -9.0   -9.0 63 66 1901                    10   9    3 -         -9  -9  -9   529  0.0  0.07 -9  16.5  18.1  18.0  18.4  19.7  -9 -9.0 -9  4  1
202605201900 108   7  4.2  -9 -9.0   -9  995.4 1005.5 -9  -9.0  15.4  14.9  97.0  16.9    4.5   40.0   40.0   -9.0   -9.0   -9.0   -9.0 63 66 1901                    10   9    4 -         -9  -9  -9   610  0.0  0.04 -9  16.3  17.9  17.8  18.2  19.6  -9 -9.0 -9  4  1
202605202000 108   5  4.0  -9 -9.0   -9  995.3 1005.4 -9  -9.0  15.3  14.8  97.0  16.8    6.0   46.0   46.0   -9.0   -9.0   -9.0   -9.0 63 66 1901                    10   9    3 -         -9  -9  -9   516  0.0  0.00 -9  16.0  17.7  17.6  18.0  19.5  -9 -9.0 -9  1  1
202605202100 108   7  3.8   5 10.0 2041  995.3 1005.4  6  -0.7  15.1  14.6  97.0  16.6    6.0   52.0   52.0   -9.0   -9.0   -9.0   -9.0 63 66 1901                    10   9    3 -         -9  -9  -9   500 -9.0 -9.00 -9  15.8  17.4  17.4  17.7  19.3  -9 -9.0 -9  1  1
202605202200 108   7  4.5  -9 -9.0   -9  995.3 1005.4 -9  -9.0  15.0  14.6  98.0  16.6    7.1   59.1   59.1   -9.0   -9.0   -9.0   -9.0 63 66 1901                    10   8    2 -         -9  -9  -9   574 -9.0 -9.00 -9  15.6  17.2  17.2  17.5  19.2  -9 -9.0 -9  4  1
202605202300 108   7  4.3  -9 -9.0   -9  995.0 1005.1 -9  -9.0  14.9  14.4  97.0  16.4    1.5   60.6   60.6   -9.0   -9.0   -9.0   -9.0 61 66 1901                    10   6    4 -         -9  -9  -9   825 -9.0 -9.00 -9  15.7  17.2  17.1  17.5  19.1  -9 -9.0 -9  4  1
202605210000 108   5  4.4  -9 -9.0   -9  995.0 1005.1  6  -0.3  14.8  14.4  98.0  16.4    2.5   63.1   63.1   -9.0   -9.0   -9.0   -9.0 61 66 1901                    10   9    4 -         -9  -9  -9   501 -9.0 -9.00 -9  15.6  17.1  17.0  17.4  18.9  -9 -9.0 -9  4  1
202605210100 108   7  4.5  -9 -9.0   -9  994.4 1004.5 -9  -9.0  14.7  14.3  98.0  16.3    1.5    1.5    1.5   -9.0   -9.0   -9.0   -9.0 61 66 1901                    10   7    5 -         -9  -9  -9   432 -9.0 -9.00 -9  15.5  17.1  16.9  17.3  18.8  -9 -9.0 -9  4  1
202605210200 108   7  3.9  -9 -9.0   -9  994.0 1004.1 -9  -9.0  14.7  14.3  98.0  16.3    1.3    2.8    2.8   -9.0   -9.0   -9.0   -9.0 61 66 1901                    10   6    5 -         -9  -9  -9   597 -9.0 -9.00 -9  15.6  17.0  16.9  17.3  18.7  -9 -9.0 -9  4  1
202605210300 108   5  3.7  -9 -9.0   -9  993.6 1003.7  7  -1.4  14.7  14.3  98.0  16.3    4.1    6.9    6.9   -9.0   -9.0   -9.0   -9.0 63 66 1901                    10   9    5 -         -9  -9  -9   330 -9.0 -9.00 -9  15.3  16.8  16.8  17.2  18.6  -9 -9.0 -9  4  1
202605210400 108   7  3.7  -9 -9.0   -9  993.1 1003.2 -9  -9.0  14.7  14.3  98.0  16.3    5.8   12.7   12.7   -9.0   -9.0   -9.0   -9.0 63 66 1901                     7   7    4 -         -9  -9  -9   875 -9.0 -9.00 -9  15.2  16.6  16.7  17.0  18.5  -9 -9.0 -9  4  1
202605210500 108   5  3.7  -9 -9.0   -9  993.6 1003.7 -9  -9.0  14.8  14.3  97.0  16.3    0.3   13.0   13.0   -9.0   -9.0   -9.0   -9.0 61 66 1901                     8   6    4 -         -9  -9  -9  3152 -9.0 -9.00 -9  15.3  16.6  16.6  17.0  18.4  -9 -9.0 -9  4  1
202605210600 108   5  3.6  -9 -9.0   -9  993.4 1003.5  5  -0.2  15.0  14.5  97.0  16.5    0.1   13.1   13.1   -9.0   -9.0   -9.0   -9.0 21 62 01                       7   7    5 -         -9  -9  -9  3750  0.0  0.01 -9  15.5  16.6  16.6  17.0  18.3  -9 -9.0 -9  4  1
202605210700 108   5  3.6  -9 -9.0   -9  993.9 1004.0 -9  -9.0  15.2  14.7  97.0  16.7    0.0   13.1   13.1   -9.0   -9.0   -9.0   -9.0 60 62 01                       9   9    5 -         -9  -9  -9  1006  0.0  0.05 -9  15.8  16.6  16.7  17.0  18.3  -9 -9.0 -9  4  1
202605210800 108   5  3.2  -9 -9.0   -9  994.7 1004.8 -9  -9.0  15.5  14.6  95.0  16.6    0.0   13.1   13.1   -9.0   -9.0   -9.0   -9.0 60 66 01                       9   9    5 -         -9  -9  -9   471  0.0  0.11 -9  16.4  16.7  16.7  17.0  18.2  -9 -9.0 -9  4  1
202605210900 108   5  3.1  -9 -9.0   -9  995.6 1005.7  2   2.2  15.9  15.0  95.0  17.0    0.3   13.4   13.4   -9.0   -9.0   -9.0   -9.0 60 66 01                       9   9    4 -         -9  -9  -9   501  0.0  0.32 -9  17.4  16.8  16.9  17.1  18.2  -9 -9.0 -9  1  1
202605211000 108   7  2.8  -9 -9.0   -9  995.8 1005.9 -9  -9.0  16.2  15.5  96.0  17.6    0.1   13.5   13.5   -9.0   -9.0   -9.0   -9.0 60 66 1                       10  10    4 -         -9  -9  -9   353  0.0  0.49 -9  18.1  17.0  17.0  17.2  18.1  -9 -9.0 -9  1  1
202605211100 108   5  2.9  -9 -9.0   -9  995.7 1005.7 -9  -9.0  16.7  16.2  97.0  18.4    0.3   13.8   13.8   -9.0   -9.0   -9.0   -9.0 60 66 01                       9   9    2 -         -9  -9  -9   935  0.0  0.53 -9  19.5  17.2  17.2  17.4  18.1  -9 -9.0 -9  4  1
202605211200 108   7  3.4  -9 -9.0   -9  996.0 1006.0  2   0.3  17.4  15.2  87.0  17.3    0.0   13.8   13.8   -9.0   -9.0   -9.0   -9.0 21 62 01                       9   9    5 -         -9  -9  -9  3972  0.0  0.99 -9  20.7  17.5  17.5  17.6  18.0  -9 -9.0 -9  4  1
202605211300 108   5  3.1  -9 -9.0   -9  996.4 1006.4 -9  -9.0  17.2  15.1  88.0  17.2    0.0   13.8   13.8   -9.0   -9.0   -9.0   -9.0 60 62 01                       9   9    5 -         -9  -9  -9   638  0.0  0.58 -9  19.2  17.7  17.8  17.8  18.0  -9 -9.0 -9  4  1
202605211400 108   7  2.2  -9 -9.0   -9  996.6 1006.6 -9  -9.0  17.6  15.4  87.0  17.5    0.2   14.0   14.0   -9.0   -9.0   -9.0   -9.0 60 66 01                       9   8   11 -         -9  -9  -9  2660  0.0  0.54 -9  19.7  17.7  17.9  17.9  18.1  -9 -9.0 -9  4  1
202605211500 108   5  3.0  -9 -9.0   -9  996.7 1006.7  2   0.7  18.5  15.7  84.0  17.8    0.0   14.0   14.0   -9.0   -9.0   -9.0   -9.0 21 62 01                       9   9   11 -         -9  -9  -9  4426  0.0  0.70 -9  21.5  17.9  18.1  18.1  18.1  -9 -9.0 -9  4  1
202605211600 108   5  2.6  -9 -9.0   -9  996.5 1006.4 -9  -9.0  20.0  15.6  76.0  17.7   -9.0   14.0   14.0   -9.0   -9.0   -9.0   -9.0 -9 -9 -                       10   8    7 -         -9  -9  -9  4367  0.0  1.43 -9  23.5  18.3  18.5  18.4  18.1  -9 -9.0 -9  3  2
202605211700 108   5  3.8  -9 -9.0   -9  996.9 1006.8 -9  -9.0  20.1  14.6  71.0  16.6   -9.0   14.0   14.0   -9.0   -9.0   -9.0   -9.0 -9 -9 -                       10   4    8 -         -9  -9  -9  4461  0.0  1.14 -9  22.6  18.8  18.8  18.7  18.1  -9 -9.0 -9  3  2
202605211800 108   5  3.6  -9 -9.0   -9  997.5 1007.4  3   0.7  19.7  13.1  66.0  15.1   -9.0   14.0   14.0   -9.0   -9.0   -9.0   -9.0 -9 -9 -                       10   5   10 -         -9  -9  -9  4484  0.0  0.55 -9  19.9  18.9  19.0  18.9  18.2  -9 -9.0 -9  3  2
202605211900 108   7  4.4  -9 -9.0   -9  997.7 1007.7 -9  -9.0  19.2  11.9  63.0  13.9   -9.0   14.0   14.0   -9.0   -9.0   -9.0   -9.0 -9 -9 -                       10   9   18 -         -9  -9  -9  4177  0.0  0.20 -9  18.2  18.7  18.9  18.9  18.3  -9 -9.0 -9  3 -9
202605212000 108   5  2.8  -9 -9.0   -9  998.8 1008.8 -9  -9.0  18.6  11.8  65.0  13.8   -9.0   14.0   14.0   -9.0   -9.0   -9.0   -9.0 -9 -9 -                        7   7   20 -         -9  -9  -9  4298  0.0  0.02 -9  17.0  18.4  18.7  18.8  18.3  -9 -9.0 -9  3  2
202605212100 108   7  2.6  -9 -9.0   -9 1000.2 1010.2  2   2.8  18.4  11.6  65.0  13.7   -9.0   14.0   14.0   -9.0   -9.0   -9.0   -9.0 -9 -9 -                        8   8   19 -         -9  -9  -9  4303 -9.0 -9.00 -9  16.7  18.1  18.5  18.7  18.4  -9 -9.0 -9  3  2
202605212200 108   7  3.1  -9 -9.0   -9 1000.8 1010.8 -9  -9.0  18.1  11.4  65.0  13.5   -9.0   14.0   14.0   -9.0   -9.0   -9.0   -9.0 -9 -9 -                        4   4   23 -         -9  -9  -9  4414 -9.0 -9.00 -9  16.1  17.9  18.3  18.6  18.5  -9 -9.0 -9  3  2
202605212300 108   5  3.0  -9 -9.0   -9 1001.0 1011.1 -9  -9.0  17.4  11.2  67.0  13.3   -9.0   14.0   14.0   -9.0   -9.0   -9.0   -9.0 -9 -9 -                        4   4   24 -         -9  -9  -9  4600 -9.0 -9.00 -9  15.0  17.7  18.1  18.4  18.5  -9 -9.0 -9  3 -9
202605220000 108   5  2.7  -9 -9.0   -9 1001.2 1011.3  2   1.1  16.4  11.5  73.0  13.6   -9.0   14.0   14.0   -9.0   -9.0   -9.0   -9.0 -9 -9 -                        6   1   19 -         -9  -9  -9  4037 -9.0 -9.00 -9  14.6  17.4  17.9  18.2  18.5  -9 -9.0 -9  3  2
202605220100 108   7  2.5  -9 -9.0   -9 1001.5 1011.6 -9  -9.0  15.8  10.9  73.0  13.0   -9.0   -9.0   -9.0   -9.0   -9.0   -9.0   -9.0 -9 -9 -                        6   1   -9 -         -9  -9  -9  4361 -9.0 -9.00 -9  14.2  17.1  17.6  17.9  18.5  -9 -9.0 -9  3 -9
202605220200 108   5  2.5  -9 -9.0   -9 1001.6 1011.7 -9  -9.0  15.4  10.7  74.0  12.9   -9.0   -9.0   -9.0   -9.0   -9.0   -9.0   -9.0 -9 -9 -                        6   1   -9 -         -9  -9  -9  4424 -9.0 -9.00 -9  13.8  16.9  17.4  17.7  18.5  -9 -9.0 -9  3 -9
202605220300 108   5  2.8  -9 -9.0   -9 1001.7 1011.9  2   0.6  15.1  10.8  76.0  12.9   -9.0   -9.0   -9.0   -9.0   -9.0   -9.0   -9.0 -9 -9 -                        7   0   -9 -         -9  -9  -9  4485 -9.0 -9.00 -9  13.6  16.6  17.1  17.5  18.4  -9 -9.0 -9  3  2
202605220400 108   5  3.1  -9 -9.0   -9 1001.7 1011.8 -9  -9.0  15.5  10.8  74.0  12.9   -9.0   -9.0   -9.0   -9.0   -9.0   -9.0   -9.0 -9 -9 -                        5   0   -9 -         -9  -9  -9  4445 -9.0 -9.00 -9  13.4  16.4  17.0  17.3  18.4  -9 -9.0 -9  3  2
202605220500 108   7  2.7  -9 -9.0   -9 1001.9 1012.1 -9  -9.0  15.3  10.6  74.0  12.8   -9.0   -9.0   -9.0   -9.0   -9.0   -9.0   -9.0 -9 -9 -                        1   0   -9 -         -9  -9  -9  4218 -9.0 -9.00 -9  13.1  16.3  16.8  17.2  18.3  -9 -9.0 -9  3  2
202605220600 108   7  2.4  -9 -9.0   -9 1002.7 1012.9  3   1.0  15.1  10.4  74.0  12.6   -9.0   -9.0   -9.0   -9.0   -9.0   -9.0   -9.0 -9 -9 -                        3   0   -9 -         -9  -9  -9  4474  0.1  0.04 -9  13.2  16.1  16.6  17.0  18.3  -9 -9.0 -9  3  2
202605220700 108   5  2.6  -9 -9.0   -9 1003.0 1013.1 -9  -9.0  16.0  10.9  72.0  13.0   -9.0   -9.0   -9.0   -9.0   -9.0   -9.0   -9.0 -9 -9 -                        7   0   -9 -         -9  -9  -9  3940  1.0  0.55 -9  14.3  16.0  16.5  16.9  18.2  -9 -9.0 -9  3  2
202605220800 108   5  3.3  -9 -9.0   -9 1003.3 1013.4 -9  -9.0  17.9  10.9  64.0  13.0   -9.0   -9.0   -9.0   -9.0   -9.0   -9.0   -9.0 -9 -9 -                        8   0   -9 -         -9  -9  -9  4042  1.0  1.24 -9  17.0  16.3  16.7  17.0  18.1  -9 -9.0 -9  3  2
202605220900 108   7  2.6  -9 -9.0   -9 1003.5 1013.5  2   0.6  19.5  10.2  55.0  12.4   -9.0   -9.0   -9.0   -9.0   -9.0   -9.0   -9.0 -9 -9 -                        6   0   -9 -         -9  -9  -9  3896  0.9  1.59 -9  18.5  16.9  17.2  17.3  18.0  -9 -9.0 -9  3  2
202605221000 108   7  2.5  -9 -9.0   -9 1004.0 1013.9 -9  -9.0  21.5  10.6  50.0  12.8   -9.0   -9.0   -9.0   -9.0   -9.0   -9.0   -9.0 -9 -9 -                        2   0   -9 -         -9  -9  -9  3637  1.0  2.53 -9  25.4  17.5  17.9  17.8  18.0  -9 -9.0 -9  3  2
202605221100 108   7  3.3  -9 -9.0   -9 1003.8 1013.7 -9  -9.0  22.8   9.5  43.0  11.9   -9.0   -9.0   -9.0   -9.0   -9.0   -9.0   -9.0 -9 -9 -                        0   0   -9 -         -9  -9  -9  3904  1.0  3.23 -9  30.9  18.5  18.8  18.6  17.9  -9 -9.0 -9  3  2
202605221200 108   7  3.9  -9 -9.0   -9 1003.3 1013.1  8  -0.4  23.7   9.6  41.0  11.9   -9.0   -9.0   -9.0   -9.0   -9.0   -9.0   -9.0 -9 -9 -                        0   0   -9 -         -9  -9  -9  3404  1.0  3.60 -9  33.9  19.5  19.8  19.4  17.9  -9 -9.0 -9  3  2
202605221300 108   7  2.9  -9 -9.0   -9 1002.1 1011.9 -9  -9.0  24.8  10.2  40.0  12.4   -9.0   -9.0   -9.0   -9.0   -9.0   -9.0   -9.0 -9 -9 -                        0   0   -9 -         -9  -9  -9  3055  1.0  3.70 -9  34.9  20.6  20.7  20.2  18.0  -9 -9.0 -9  3  2
202605221400 108   7  2.8  -9 -9.0   -9 1002.0 1011.7 -9  -9.0  25.9  10.4  38.0  12.6   -9.0   -9.0   -9.0   -9.0   -9.0   -9.0   -9.0 -9 -9 -                        0   0   -9 -         -9  -9  -9  3081  1.0  3.57 -9  35.4  21.6  21.5  21.0  18.1  -9 -9.0 -9  3  2
202605221500 108   7  3.5  -9 -9.0   -9 1001.4 1011.1  7  -2.0  26.4   9.2  34.0  11.6   -9.0   -9.0   -9.0   -9.0   -9.0   -9.0   -9.0 -9 -9 -                        0   0   -9 -         -9  -9  -9  2582  1.0  3.22 -9  34.6  22.3  22.2  21.7  18.3  -9 -9.0 -9  3  2
202605221600 108   5  3.5  -9 -9.0   -9 1001.0 1010.7 -9  -9.0  26.7   9.0  33.0  11.5   -9.0   -9.0   -9.0   -9.0   -9.0   -9.0   -9.0 -9 -9 -                        0   0   -9 -         -9  -9  -9  2341  1.0  2.67 -9  32.4  22.7  22.6  22.2  18.5  -9 -9.0 -9  3  2
202605221700 108  11  1.8  -9 -9.0   -9 1000.9 1010.6 -9  -9.0  26.8   8.7  32.0  11.2   -9.0   -9.0   -9.0   -9.0   -9.0   -9.0   -9.0 -9 -9 -                        0   0   -9 -         -9  -9  -9  2607  1.0  1.90 -9  29.4  22.6  22.7  22.4  18.7  -9 -9.0 -9  3  2
202605221800 108   5  3.3  -9 -9.0   -9 1000.6 1010.3  7  -0.8  25.6   6.7  30.0   9.8   -9.0   -9.0   -9.0   -9.0   -9.0   -9.0   -9.0 -9 -9 -                        0   0   -9 -         -9  -9  -9  2007  1.0  1.16 -9  23.6  22.3  22.5  22.4  19.0  -9 -9.0 -9  3  2
202605221900 108   5  2.9  -9 -9.0   -9 1000.8 1010.6 -9  -9.0  24.0   5.3  30.0   8.9   -9.0   -9.0   -9.0   -9.0   -9.0   -9.0   -9.0 -9 -9 -                        3   1   -9 -         -9  -9  -9  2378  0.7  0.44 -9  20.5  21.8  22.1  22.1  19.2  -9 -9.0 -9  3 -9
202605222000 108   7  3.4  -9 -9.0   -9 1000.7 1010.6 -9  -9.0  22.3   4.3  31.0   8.3   -9.0   -9.0   -9.0   -9.0   -9.0   -9.0   -9.0 -9 -9 -                        1   1   -9 -         -9  -9  -9  2590  0.1  0.06 -9  17.9  21.1  21.6  21.8  19.4  -9 -9.0 -9  3 -9
202605222100 108   5  2.9  -9 -9.0   -9 1000.9 1010.8  2   0.5  21.1   4.1  33.0   8.2   -9.0   -9.0   -9.0   -9.0   -9.0   -9.0   -9.0 -9 -9 -                        1   0   -9 -         -9  -9  -9  2832 -9.0 -9.00 -9  16.6  20.3  21.0  21.3  19.6  -9 -9.0 -9  3  2
202605222200 108   5  3.4  -9 -9.0   -9 1001.3 1011.3 -9  -9.0  20.2   5.4  38.0   9.0   -9.0   -9.0   -9.0   -9.0   -9.0   -9.0   -9.0 -9 -9 -                        4   1   -9 -         -9  -9  -9  2908 -9.0 -9.00 -9  16.2  19.9  20.4  20.8  19.7  -9 -9.0 -9  3 -9
202605222300 108   5  2.6  -9 -9.0   -9 1001.6 1011.6 -9  -9.0  19.4   6.4  43.0   9.6   -9.0   -9.0   -9.0   -9.0   -9.0   -9.0   -9.0 -9 -9 -                        7   1   -9 -         -9  -9  -9  3352 -9.0 -9.00 -9  15.8  19.5  20.0  20.4  19.8  -9 -9.0 -9  3 -9
202605230000 108   5  2.1  -9 -9.0   -9 1001.8 1011.8  2   1.0  18.6   6.7  46.0   9.8   -9.0   -9.0   -9.0   -9.0   -9.0   -9.0   -9.0 -9 -9 -                        8   0   -9 -         -9  -9  -9  3232 -9.0 -9.00 -9  15.4  18.9  19.6  20.0  19.8  -9 -9.0 -9  3  2
202605230100 108   7  2.9  -9 -9.0   -9 1001.9 1011.9 -9  -9.0  18.3   7.0  48.0  10.0   -9.0   -9.0   -9.0   -9.0   -9.0   -9.0   -9.0 -9 -9 -                        6   1   -9 -         -9  -9  -9  3630 -9.0 -9.00 -9  15.0  18.6  19.2  19.7  19.8  -9 -9.0 -9  3 -9
202605230200 108   5  2.4  -9 -9.0   -9 1002.1 1012.2 -9  -9.0  17.4   7.4  52.0  10.3   -9.0   -9.0   -9.0   -9.0   -9.0   -9.0   -9.0 -9 -9 -                        7   1   -9 -         -9  -9  -9  3500 -9.0 -9.00 -9  14.8  18.5  18.9  19.3  19.7  -9 -9.0 -9  3 -9
202605230300 108   5  2.4  -9 -9.0   -9 1002.3 1012.4  2   0.6  17.1   7.1  52.0  10.1   -9.0   -9.0   -9.0   -9.0   -9.0   -9.0   -9.0 -9 -9 -                        8   3   21 -         -9  -9  -9  3382 -9.0 -9.00 -9  14.8  18.2  18.6  19.1  19.6  -9 -9.0 -9  3  2
202605230400 108   7  1.9  -9 -9.0   -9 1002.1 1012.2 -9  -9.0  16.9   8.5  58.0  11.1   -9.0   -9.0   -9.0   -9.0   -9.0   -9.0   -9.0 -9 -9 -                        9   0   -9 -         -9  -9  -9  2979 -9.0 -9.00 -9  14.8  18.0  18.4  18.8  19.6  -9 -9.0 -9  3  2
202605230500 108   7  2.4  -9 -9.0   -9 1001.7 1011.8 -9  -9.0  16.6   9.2  62.0  11.6   -9.0   -9.0   -9.0   -9.0   -9.0   -9.0   -9.0 -9 -9 -                        9   1   24 -         -9  -9  -9  2639 -9.0 -9.00 -9  14.8  17.8  18.2  18.6  19.5  -9 -9.0 -9  3  2
202605230600 108   7  2.9  -9 -9.0   -9 1001.7 1011.8  6  -0.6  16.1   9.0  63.0  11.5   -9.0   -9.0   -9.0   -9.0   -9.0   -9.0   -9.0 -9 -9 -                       10   1   24 -         -9  -9  -9  2903  0.0  0.02 -9  14.8  17.6  18.0  18.4  19.4  -9 -9.0 -9  3  2
202605230700 108   7  2.7  -9 -9.0   -9 1001.7 1011.8 -9  -9.0  16.3   9.9  66.0  12.2   -9.0   -9.0   -9.0   -9.0   -9.0   -9.0   -9.0 -9 -9 -                        9   6   47 -         -9  -9  -9  2709  0.0  0.23 -9  15.9  17.3  17.9  18.3  19.3  -9 -9.0 -9  3  2
202605230800 108   5  2.8  -9 -9.0   -9 1002.8 1012.9 -9  -9.0  16.7   9.3  62.0  11.7   -9.0   -9.0   -9.0   -9.0   -9.0   -9.0   -9.0 -9 -9 -                       10   2   21 -         -9  -9  -9  2729  0.0  0.45 -9  16.9  17.4  17.9  18.3  19.2  -9 -9.0 -9  3  2
202605230900 108   5  2.9  -9 -9.0   -9 1003.0 1013.1  2   1.3  16.4   9.5  64.0  11.9    0.0    0.0    0.0   -9.0   -9.0   -9.0   -9.0 60 62 01                      10   5   22 -         -9  -9  -9  2630  0.0  0.20 -9  16.4  17.5  18.0  18.3  19.1  -9 -9.0 -9  1  1
202605231000 108   5  3.0  -9 -9.0   -9 1003.4 1013.5 -9  -9.0  17.2   9.8  62.0  12.1    0.0    0.0    0.0   -9.0   -9.0   -9.0   -9.0 21 62 01                       9   2   33 -         -9  -9  -9  2739  0.0  0.69 -9  18.8  17.7  18.0  18.3  19.0  -9 -9.0 -9  4  1
202605231100 108   5  2.4  -9 -9.0   -9 1003.2 1013.2 -9  -9.0  18.9  10.4  58.0  12.6   -9.0    0.0    0.0   -9.0   -9.0   -9.0   -9.0 -9 -9 -                       10  10   38 -         -9  -9  -9  2935  0.0  1.51 -9  22.7  18.1  18.4  18.5  18.9  -9 -9.0 -9  3  2
202605231200 108   9  2.3  -9 -9.0   -9 1002.7 1012.7  8  -0.4  19.5  10.5  56.0  12.7   -9.0    0.0    0.0   -9.0   -9.0   -9.0   -9.0 -9 62 -                        8   8   36 -         -9  -9  -9  2461  0.0  1.39 -9  22.8  18.5  18.8  18.9  18.9  -9 -9.0 -9  3  1
202605231300 108   7  2.3  -9 -9.0   -9 1002.3 1012.2 -9  -9.0  21.1  10.8  52.0  12.9   -9.0    0.0    0.0   -9.0   -9.0   -9.0   -9.0 -9 -9 -                        2   2   39 -         -9  -9  -9  2603  0.5  2.87 -9  33.1  18.9  19.4  19.5  18.8  -9 -9.0 -9  3  2
202605231400 108   7  1.9  -9 -9.0   -9 1001.8 1011.7 -9  -9.0  22.6  11.0  48.0  13.1   -9.0    0.0    0.0   -9.0   -9.0   -9.0   -9.0 -9 -9 -                        2   2   38 -         -9  -9  -9  3032  1.0  3.57 -9  34.5  20.4  20.4  20.4  18.8  -9 -9.0 -9  3  2
202605231500 108   5  1.9  -9 -9.0   -9 1001.0 1010.8  7  -1.9  23.7  10.7  44.0  12.9   -9.0    0.0    0.0   -9.0   -9.0   -9.0   -9.0 -9 61 -                        2   1   -9 -         -9  -9  -9  3231  1.0  3.20 -9  34.6  21.5  21.3  21.2  18.9  -9 -9.0 -9  3  1
202605231600 108   2  2.1  -9 -9.0   -9 1000.9 1010.7 -9  -9.0  24.1  10.0  41.0  12.3   -9.0    0.0    0.0   -9.0   -9.0   -9.0   -9.0 -9 -9 -                        1   0   -9 -         -9  -9  -9  2863  1.0  2.71 -9  33.1  22.1  21.9  21.7  19.0  -9 -9.0 -9  3  2
202605231700 108  32  1.8  -9 -9.0   -9 1000.7 1010.5 -9  -9.0  24.6   9.7  39.0  12.0   -9.0    0.0    0.0   -9.0   -9.0   -9.0   -9.0 -9 -9 -                        0   0   -9 -         -9  -9  -9  2765  1.0  2.04 -9  30.1  22.4  22.2  22.0  19.1  -9 -9.0 -9  3  2
202605231800 108  36  1.8  -9 -9.0   -9 1001.0 1010.8  4   0.0  24.2  10.1  41.0  12.4   -9.0    0.0    0.0   -9.0   -9.0   -9.0   -9.0 -9 -9 -                        1   0   -9 -         -9  -9  -9  2986  1.0  1.26 -9  24.5  22.3  22.1  22.1  19.3  -9 -9.0 -9  3  2
202605231900 108  25  3.5  -9 -9.0   -9 1001.7 1011.6 -9  -9.0  22.6  12.5  53.0  14.5   -9.0    0.0    0.0   -9.0   -9.0   -9.0   -9.0 -9 -9 -                        0   0   -9 -         -9  -9  -9  1732  1.0  0.50 -9  21.0  21.8  21.9  22.0  19.5  -9 -9.0 -9  3 -9
202605232000 108  23  2.7  -9 -9.0   -9 1002.4 1012.4 -9  -9.0  20.5  13.6  65.0  15.6   -9.0    0.0    0.0   -9.0   -9.0   -9.0   -9.0 -9 -9 -                        0   0   -9 -         -9  -9  -9  1297  0.2  0.06 -9  18.8  21.2  21.5  21.7  19.7  -9 -9.0 -9  3 -9
202605232100 108  25  1.1  -9 -9.0   -9 1003.3 1013.3  2   2.5  19.5  13.2  67.0  15.2   -9.0    0.0    0.0   -9.0   -9.0   -9.0   -9.0 -9 -9 -                        0   0   -9 -         -9  -9  -9  1437 -9.0 -9.00 -9  17.9  20.6  21.0  21.3  19.8  -9 -9.0 -9  3  2
202605232200 108  23  1.0  -9 -9.0   -9 1003.5 1013.5 -9  -9.0  18.5  12.9  70.0  14.9   -9.0    0.0    0.0   -9.0   -9.0   -9.0   -9.0 -9 -9 -                        0   0   -9 -         -9  -9  -9  1589 -9.0 -9.00 -9  16.9  20.1  20.5  20.9  19.9  -9 -9.0 -9  3 -9
202605232300 108   2  1.6  -9 -9.0   -9 1003.1 1013.2 -9  -9.0  17.9  12.1  69.0  14.1   -9.0    0.0    0.0   -9.0   -9.0   -9.0   -9.0 -9 -9 -                        1   0   -9 -         -9  -9  -9  2115 -9.0 -9.00 -9  16.2  19.5  20.1  20.5  19.9  -9 -9.0 -9  3 -9
202605240000 108   2  0.6  -9 -9.0   -9 1003.1 1013.2  6  -0.1  17.2  11.2  68.0  13.3   -9.0    0.0    0.0   -9.0   -9.0   -9.0   -9.0 -9 -9 -                        1   0   -9 -         -9  -9  -9  2648 -9.0 -9.00 -9  15.5  19.1  19.7  20.1  19.9  -9 -9.0 -9  3  2
202605240100 108  27  2.0  -9 -9.0   -9 1003.7 1013.8 -9  -9.0  16.7  11.6  72.0  13.7   -9.0   -9.0   -9.0   -9.0   -9.0   -9.0   -9.0 -9 -9 -                        1   0   -9 -         -9  -9  -9  2334 -9.0 -9.00 -9  15.1  18.6  19.3  19.7  19.9  -9 -9.0 -9  3 -9
202605240200 108  36  0.9  -9 -9.0   -9 1003.8 1013.9 -9  -9.0  16.4  11.9  75.0  13.9   -9.0   -9.0   -9.0   -9.0   -9.0   -9.0   -9.0 -9 -9 -                        2   0   -9 -         -9  -9  -9  2258 -9.0 -9.00 -9  14.7  18.3  19.0  19.4  19.9  -9 -9.0 -9  3 -9
202605240300 108   2  2.0  -9 -9.0   -9 1003.6 1013.7  0   0.5  15.8  11.3  75.0  13.4   -9.0   -9.0   -9.0   -9.0   -9.0   -9.0   -9.0 -9 -9 -                        2   0   -9 -         -9  -9  -9  2160 -9.0 -9.00 -9  14.4  18.0  18.7  19.1  19.8  -9 -9.0 -9  3  2
202605240400 108   5  1.6  -9 -9.0   -9 1003.6 1013.8 -9  -9.0  15.3  11.8  80.0  13.8   -9.0   -9.0   -9.0   -9.0   -9.0   -9.0   -9.0 -9 -9 -                        2   0   -9 -         -9  -9  -9  2073 -9.0 -9.00 -9  14.0  17.7  18.4  18.8  19.7  -9 -9.0 -9  3  2
202605240500 108  36  1.5  -9 -9.0   -9 1004.0 1014.2 -9  -9.0  15.1  11.6  80.0  13.7   -9.0   -9.0   -9.0   -9.0   -9.0   -9.0   -9.0 -9 -9 -                        0   0   -9 -         -9  -9  -9  2088 -9.0 -9.00 -9  13.8  17.4  18.1  18.5  19.6  -9 -9.0 -9  3  2
202605240600 108   5  1.8  -9 -9.0   -9 1004.6 1014.8  2   1.1  14.8  11.5  81.0  13.6   -9.0   -9.0   -9.0   -9.0   -9.0   -9.0   -9.0 -9 -9 -                        2   0   -9 -         -9  -9  -9  1952  0.0  0.04 -9  13.9  17.2  17.9  18.3  19.5  -9 -9.0 -9  3  2
202605240700 108   2  1.6  -9 -9.0   -9 1005.4 1015.6 -9  -9.0  15.8  12.3  80.0  14.3   -9.0   -9.0   -9.0   -9.0   -9.0   -9.0   -9.0 -9 -9 -                        7   0   -9 -         -9  -9  -9  1924  0.7  0.41 -9  15.3  17.1  17.7  18.2  19.4  -9 -9.0 -9  3  2
202605240800 108   5  1.7  -9 -9.0   -9 1005.3 1015.4 -9  -9.0  18.2  13.0  72.0  15.0   -9.0   -9.0   -9.0   -9.0   -9.0   -9.0   -9.0 -9 -9 -                        3   3   76 -         -9  -9  -9  2129  1.0  1.07 -9  17.2  17.6  17.9  18.3  19.3  -9 -9.0 -9  3  2
202605240900 108   5  1.7  -9 -9.0   -9 1005.3 1015.3  0   0.5  20.5  12.9  62.0  14.9   -9.0   -9.0   -9.0   -9.0   -9.0   -9.0   -9.0 -9 -9 -                        1   1   -9 -         -9  -9  -9  2418  1.0  2.01 -9  20.1  18.3  18.5  18.7  19.2  -9 -9.0 -9  3  2
202605241000 108   5  1.9  -9 -9.0   -9 1005.1 1015.0 -9  -9.0  22.7  12.9  54.0  14.9   -9.0   -9.0   -9.0   -9.0   -9.0   -9.0   -9.0 -9 -9 -                        0   0   -9 -         -9  -9  -9  2461  1.0  2.64 -9  28.2  19.1  19.3  19.3  19.1  -9 -9.0 -9  3  2
202605241100 108   9  1.1  -9 -9.0   -9 1005.1 1014.9 -9  -9.0  24.2  13.7  52.0  15.7   -9.0   -9.0   -9.0   -9.0   -9.0   -9.0   -9.0 -9 -9 -                        1   1   -9 -         -9  -9  -9  2782  1.0  3.27 -9  33.9  20.6  20.3  20.2  19.1  -9 -9.0 -9  3  2
202605241200 108  11  1.3  -9 -9.0   -9 1004.3 1014.1  7  -1.2  25.5  13.0  46.0  15.0   -9.0   -9.0   -9.0   -9.0   -9.0   -9.0   -9.0 -9 -9 -                        3   1   -9 -         -9  -9  -9  2200  1.0  3.19 -9  36.2  22.0  21.4  21.0  19.0  -9 -9.0 -9  3  2
202605241300 108  27  2.1  -9 -9.0   -9 1003.9 1013.6 -9  -9.0  26.5  13.5  45.0  15.5   -9.0   -9.0   -9.0   -9.0   -9.0   -9.0   -9.0 -9 -9 -                        1   0   -9 -         -9  -9  -9  1785  1.0  3.56 -9  37.9  23.2  22.4  21.9  19.1  -9 -9.0 -9  3  2
202605241400 108  18  1.0  -9 -9.0   -9 1003.0 1012.7 -9  -9.0  27.5  13.7  43.0  15.7   -9.0   -9.0   -9.0   -9.0   -9.0   -9.0   -9.0 -9 -9 -                        0   0   -9 -         -9  -9  -9  1931  1.0  3.55 -9  38.5  24.3  23.4  22.8  19.2  -9 -9.0 -9  3  2
202605241500 108  25  2.1  -9 -9.0   -9 1002.5 1012.2  7  -1.9  28.5  14.3  42.0  16.3   -9.0   -9.0   -9.0   -9.0   -9.0   -9.0   -9.0 -9 -9 -                        1   0   -9 -         -9  -9  -9  2347  1.0  3.20 -9  37.1  25.0  24.2  23.6  19.4  -9 -9.0 -9  3  2
202605241600 108  25  2.5  -9 -9.0   -9 1001.6 1011.2 -9  -9.0  28.9  15.0  43.0  17.0   -9.0   -9.0   -9.0   -9.0   -9.0   -9.0   -9.0 -9 -9 -                        1   0   -9 -         -9  -9  -9  2285  1.0  2.69 -9  35.5  25.4  24.7  24.1  19.6  -9 -9.0 -9  3  2
202605241700 108  25  2.3  -9 -9.0   -9 1001.4 1011.0 -9  -9.0  28.9  15.4  44.0  17.5   -9.0   -9.0   -9.0   -9.0   -9.0   -9.0   -9.0 -9 -9 -                        0   0   -9 -         -9  -9  -9  2415  1.0  2.01 -9  32.3  25.3  24.8  24.4  19.8  -9 -9.0 -9  3  2
202605241800 108  27  2.6  -9 -9.0   -9 1001.3 1011.0  6  -1.2  28.0  14.6  44.0  16.6   -9.0   -9.0   -9.0   -9.0   -9.0   -9.0   -9.0 -9 -9 -                        0   0   -9 -         -9  -9  -9  2486  1.0  1.28 -9  26.7  25.0  24.6  24.3  20.1  -9 -9.0 -9  3  2
202605241900 108  29  2.7  -9 -9.0   -9 1001.5 1011.2 -9  -9.0  26.4  14.1  47.0  16.1   -9.0   -9.0   -9.0   -9.0   -9.0   -9.0   -9.0 -9 -9 -                        0   0   -9 -         -9  -9  -9  2811  1.0  0.52 -9  23.4  24.3  24.2  24.1  20.4  -9 -9.0 -9  3 -9
202605242000 108  29  1.2  -9 -9.0   -9 1002.1 1011.9 -9  -9.0  24.7  15.6  57.0  17.7   -9.0   -9.0   -9.0   -9.0   -9.0   -9.0   -9.0 -9 -9 -                        0   0   -9 -         -9  -9  -9  2249  0.2  0.07 -9  21.4  23.4  23.7  23.7  20.6  -9 -9.0 -9  3 -9
202605242100 108  29  2.3  -9 -9.0   -9 1002.5 1012.3  2   1.3  23.2  15.7  63.0  17.8   -9.0   -9.0   -9.0   -9.0   -9.0   -9.0   -9.0 -9 -9 -                        0   0   -9 -         -9  -9  -9  2167 -9.0 -9.00 -9  20.2  22.8  23.1  23.2  20.8  -9 -9.0 -9  3  2
202605242200 108  27  1.8  -9 -9.0   -9 1002.8 1012.7 -9  -9.0  22.2  15.5  66.0  17.6   -9.0   -9.0   -9.0   -9.0   -9.0   -9.0   -9.0 -9 -9 -                        0   0   -9 -         -9  -9  -9  1817 -9.0 -9.00 -9  19.4  22.2  22.5  22.8  20.9  -9 -9.0 -9  3 -9
202605242300 108  29  1.0  -9 -9.0   -9 1002.7 1012.6 -9  -9.0  21.3  15.5  70.0  17.6   -9.0   -9.0   -9.0   -9.0   -9.0   -9.0   -9.0 -9 -9 -                        0   0   -9 -         -9  -9  -9  1772 -9.0 -9.00 -9  18.7  21.7  22.1  22.3  21.0  -9 -9.0 -9  3 -9
202605250000 108  29  0.8  -9 -9.0   -9 1002.4 1012.3  4   0.0  20.6  16.0  75.0  18.2   -9.0   -9.0   -9.0   -9.0   -9.0   -9.0   -9.0 -9 -9 -                        0   0   -9 -         -9  -9  -9  1743 -9.0 -9.00 -9  18.2  21.3  21.7  21.9  21.0  -9 -9.0 -9  3  2
202605250100 108   0  0.3  -9 -9.0   -9 1002.1 1012.1 -9  -9.0  19.9  15.3  75.0  17.4   -9.0   -9.0   -9.0   -9.0   -9.0   -9.0   -9.0 -9 -9 -                        0   0   -9 -         -9  -9  -9  1699 -9.0 -9.00 -9  17.6  20.9  21.3  21.5  21.0  -9 -9.0 -9  3 -9
202605250200 108  27  1.2  -9 -9.0   -9 1002.0 1012.0 -9  -9.0  19.3  15.5  79.0  17.6   -9.0   -9.0   -9.0   -9.0   -9.0   -9.0   -9.0 -9 -9 -                        3   0   -9 -         -9  -9  -9  1589 -9.0 -9.00 -9  17.2  20.5  20.9  21.2  20.9  -9 -9.0 -9  3 -9
202605250300 108  25  0.5  -9 -9.0   -9 1002.3 1012.3  4   0.0  18.8  14.8  78.0  16.8   -9.0   -9.0   -9.0   -9.0   -9.0   -9.0   -9.0 -9 -9 -                        0   0   -9 -         -9  -9  -9  1587 -9.0 -9.00 -9  16.9  20.1  20.6  20.9  20.9  -9 -9.0 -9  3  2
202605250400 108   2  1.4  -9 -9.0   -9 1002.1 1012.1 -9  -9.0  18.6  15.0  80.0  17.0   -9.0   -9.0   -9.0   -9.0   -9.0   -9.0   -9.0 -9 -9 -                        0   0   -9 -         -9  -9  -9  1566 -9.0 -9.00 -9  16.7  19.9  20.3  20.6  20.8  -9 -9.0 -9  3  2
202605250500 108   7  1.4  -9 -9.0   -9 1002.0 1012.0 -9  -9.0  18.1  14.7  81.0  16.7   -9.0   -9.0   -9.0   -9.0   -9.0   -9.0   -9.0 -9 -9 -                        0   0   -9 -         -9  -9  -9  1632 -9.0 -9.00 -9  16.4  19.6  20.0  20.3  20.7  -9 -9.0 -9  3  2
202605250600 108   7  1.6  -9 -9.0   -9 1002.1 1012.1  5  -0.2  18.1  15.1  83.0  17.2   -9.0   -9.0   -9.0   -9.0   -9.0   -9.0   -9.0 -9 -9 -                        0   0   -9 -         -9  -9  -9  1687  0.0  0.05 -9  16.8  19.4  19.8  20.1  20.6  -9 -9.0 -9  3  2
202605250700 108   7  2.0  -9 -9.0   -9 1002.3 1012.3 -9  -9.0  19.2  15.2  78.0  17.3   -9.0   -9.0   -9.0   -9.0   -9.0   -9.0   -9.0 -9 -9 -                        6   0   -9 -         -9  -9  -9  1935  1.0  0.48 -9  18.0  19.4  19.7  20.0  20.5  -9 -9.0 -9  3  2
202605250800 108   5  2.3  -9 -9.0   -9 1002.6 1012.5 -9  -9.0  21.5  15.7  70.0  17.8   -9.0   -9.0   -9.0   -9.0   -9.0   -9.0   -9.0 -9 -9 -                        3   0   -9 -         -9  -9  -9  1804  1.0  1.23 -9  19.9  19.9  19.9  20.1  20.4  -9 -9.0 -9  3  2
202605250900 108   7  2.0  -9 -9.0   -9 1002.4 1012.2  0   0.1  23.8  16.3  63.0  18.5   -9.0   -9.0   -9.0   -9.0   -9.0   -9.0   -9.0 -9 -9 -                        1   0   -9 -         -9  -9  -9  1962  1.0  1.93 -9  23.0  20.6  20.5  20.5  20.3  -9 -9.0 -9  3  2
202605251000 108   7  1.9  -9 -9.0   -9 1002.2 1012.0 -9  -9.0  25.7  17.0  59.0  19.4   -9.0   -9.0   -9.0   -9.0   -9.0   -9.0   -9.0 -9 -9 -                        1   0   -9 -         -9  -9  -9  1857  1.0  2.61 -9  30.7  21.6  21.3  21.1  20.3  -9 -9.0 -9  3  2
202605251100 108  20  2.6  -9 -9.0   -9 1001.9 1011.6 -9  -9.0  27.0  17.1  55.0  19.5   -9.0   -9.0   -9.0   -9.0   -9.0   -9.0   -9.0 -9 -9 -                        7   0   -9 -         -9  -9  -9  1803  1.0  3.19 -9  34.5  22.9  22.3  21.9  20.2  -9 -9.0 -9  3  2
202605251200 108  23  1.6  -9 -9.0   -9 1001.7 1011.4  7  -0.8  27.6  16.8  52.0  19.1   -9.0   -9.0   -9.0   -9.0   -9.0   -9.0   -9.0 -9 -9 -                        6   3   13 -         -9  -9  -9  1678  0.8  2.73 -9  32.2  24.0  23.2  22.7  20.2  -9 -9.0 -9  3  2
202605251300 108  14  1.3  -9 -9.0   -9 1000.8 1010.4 -9  -9.0  28.5  17.9  53.0  20.5   -9.0   -9.0   -9.0   -9.0   -9.0   -9.0   -9.0 -9 -9 -                        6   6   13 -         -9  -9  -9  1854  0.4  2.08 -9  34.9  24.4  23.8  23.2  20.3  -9 -9.0 -9  3  2
202605251400 108  23  2.0  -9 -9.0   -9 1000.1 1009.7 -9  -9.0  29.3  16.8  47.0  19.1   -9.0   -9.0   -9.0   -9.0   -9.0   -9.0   -9.0 -9 -9 -                        8   3   -9 -         -9  -9  -9  1903  0.9  2.99 -9  36.8  25.2  24.5  23.9  20.4  -9 -9.0 -9  3  2
202605251500 108  25  2.7  -9 -9.0   -9  999.6 1009.2  7  -2.2  29.6  16.7  46.0  19.0   -9.0   -9.0   -9.0   -9.0   -9.0   -9.0   -9.0 -9 -9 -                        8   7   15 -         -9  -9  -9  2028  0.7  2.30 -9  33.9  25.6  25.0  24.4  20.5  -9 -9.0 -9  3  2
202605251600 108  20  1.8  -9 -9.0   -9  999.3 1008.9 -9  -9.0  29.7  16.8  46.0  19.1   -9.0   -9.0   -9.0   -9.0   -9.0   -9.0   -9.0 -9 -9 -                        5   2   15 -         -9  -9  -9  2201  0.5  1.87 -9  32.7  25.7  25.2  24.7  20.7  -9 -9.0 -9  3  2
202605251700 108  23  2.2  -9 -9.0   -9  998.7 1008.3 -9  -9.0  29.4  16.2  45.0  18.4   -9.0   -9.0   -9.0   -9.0   -9.0   -9.0   -9.0 -9 -9 -                        5   2   16 -         -9  -9  -9  2217  0.6  1.61 -9  30.3  25.8  25.3  24.8  20.9  -9 -9.0 -9  3  2
202605251800 108  27  2.5  -9 -9.0   -9  998.3 1007.9  7  -1.3  28.8  17.0  49.0  19.4   -9.0   -9.0   -9.0   -9.0   -9.0   -9.0   -9.0 -9 -9 -                        7   2   -9 -         -9  -9  -9  2049  0.9  1.06 -9  27.1  25.5  25.2  24.9  21.1  -9 -9.0 -9  3  2
202605251900 108  27  2.5  -9 -9.0   -9  998.7 1008.4 -9  -9.0  27.1  17.2  55.0  19.6   -9.0   -9.0   -9.0   -9.0   -9.0   -9.0   -9.0 -9 -9 -                        8   1   -9 -         -9  -9  -9  2090  0.6  0.43 -9  24.5  24.9  24.9  24.7  21.3  -9 -9.0 -9  3 -9
202605252000 108  32  2.9  -9 -9.0   -9  999.0 1008.7 -9  -9.0  25.9  17.2  59.0  19.6   -9.0   -9.0   -9.0   -9.0   -9.0   -9.0   -9.0 -9 -9 -                        7   2   20 -         -9  -9  -9  1912  0.0  0.08 -9  22.8  24.3  24.4  24.3  21.5  -9 -9.0 -9  3 -9
202605252100 108  32  3.2  -9 -9.0   -9  999.4 1009.2  2   1.3  24.9  18.8  69.0  21.7   -9.0   -9.0   -9.0   -9.0   -9.0   -9.0   -9.0 -9 -9 -                        9   4   17 -         -9  -9  -9  1869 -9.0 -9.00 -9  22.2  23.8  23.9  24.0  21.6  -9 -9.0 -9  3  2
202605252200 108   0  0.3  -9 -9.0   -9  999.4 1009.2 -9  -9.0  24.3  17.7  67.0  20.2   -9.0   -9.0   -9.0   -9.0   -9.0   -9.0   -9.0 -9 -9 -                        9   5   22 -         -9  -9  -9  1974 -9.0 -9.00 -9  21.7  23.4  23.6  23.7  21.7  -9 -9.0 -9  3 -9
202605252300 108   5  1.9  -9 -9.0   -9  999.3 1009.1 -9  -9.0  23.7  17.6  69.0  20.1   -9.0   -9.0   -9.0   -9.0   -9.0   -9.0   -9.0 -9 -9 -                        8   2   54 -         -9  -9  -9  1823 -9.0 -9.00 -9  21.3  23.0  23.2  23.3  21.8  -9 -9.0 -9  3 -9
202605260000 108  36  0.7  -9 -9.0   -9  998.9 1008.7  7  -0.5  23.5  17.4  69.0  19.9   -9.0   -9.0   -9.0   -9.0   -9.0   -9.0   -9.0 -9 -9 -                        8   6   15 -         -9  -9  -9  1830 -9.0 -9.00 -9  21.4  22.7  22.9  23.1  21.8  -9 -9.0 -9  3  2
202605260100 108   5  1.5  -9 -9.0   -9  998.1 1007.9 -9  -9.0  23.0  17.8  73.0  20.4   -9.0   -9.0   -9.0   -9.0   -9.0   -9.0   -9.0 -9 -9 -                        6   6   14 -         -9  -9  -9  1745 -9.0 -9.00 -9  20.5  22.5  22.7  22.8  21.8  -9 -9.0 -9  3 -9
202605260200 108   2  1.1  -9 -9.0   -9  998.0 1007.8 -9  -9.0  22.6  17.5  73.0  20.0   -9.0   -9.0   -9.0   -9.0   -9.0   -9.0   -9.0 -9 -9 -                        9   2   62 -         -9  -9  -9  1665 -9.0 -9.00 -9  20.2  22.1  22.4  22.6  21.7  -9 -9.0 -9  3 -9
202605260300 108   5  1.0  -9 -9.0   -9  997.8 1007.6  7  -1.1  22.4  17.3  73.0  19.7   -9.0   -9.0   -9.0   -9.0   -9.0   -9.0   -9.0 -9 -9 -                        8   1   14 -         -9  -9  -9  1632 -9.0 -9.00 -9  20.2  21.9  22.2  22.4  21.7  -9 -9.0 -9  3  2
202605260400 108   2  0.6  -9 -9.0   -9  998.1 1007.9 -9  -9.0  22.2  17.5  75.0  20.0   -9.0   -9.0   -9.0   -9.0   -9.0   -9.0   -9.0 -9 -9 -                        9   9   14 -         -9  -9  -9  1615 -9.0 -9.00 -9  20.5  21.7  22.0  22.2  21.7  -9 -9.0 -9  3  2
202605260500 108   2  2.5  -9 -9.0   -9  998.2 1008.0 -9  -9.0  22.2  17.3  74.0  19.7   -9.0   -9.0   -9.0   -9.0   -9.0   -9.0   -9.0 -9 -9 -                        9   3   13 -         -9  -9  -9  1568 -9.0 -9.00 -9  20.3  21.7  21.9  22.0  21.6  -9 -9.0 -9  3  2
202605260600 108   2  2.1  -9 -9.0   -9  998.4 1008.3  2   0.7  21.8  17.5  77.0  20.0   -9.0   -9.0   -9.0   -9.0   -9.0   -9.0   -9.0 -9 -9 -                        8   8   55 -         -9  -9  -9  1471  0.0  0.03 -9  20.2  21.5  21.7  21.9  21.5  -9 -9.0 -9  3  2
202605260700 108   5  1.5  -9 -9.0   -9  998.7 1008.5 -9  -9.0  22.4  18.1  77.0  20.8   -9.0   -9.0   -9.0   -9.0   -9.0   -9.0   -9.0 -9 -9 -                        9   9   53 -         -9  -9  -9  1545  0.0  0.27 -9  21.8  21.5  21.6  21.8  21.5  -9 -9.0 -9  3  2
202605260800 108   5  2.4  -9 -9.0   -9  998.8 1008.6 -9  -9.0  23.7  18.3  72.0  21.0   -9.0   -9.0   -9.0   -9.0   -9.0   -9.0   -9.0 -9 -9 -                        9   5   41 -         -9  -9  -9  1586  0.0  0.58 -9  23.7  21.8  21.8  21.9  21.4  -9 -9.0 -9  3  2
202605260900 108   5  2.9  -9 -9.0   -9  998.5 1008.3  4   0.0  24.8  18.2  67.0  20.9   -9.0   -9.0   -9.0   -9.0   -9.0   -9.0   -9.0 -9 -9 -                        9   9   40 -         -9  -9  -9  1845  0.0  1.04 -9  25.7  22.2  22.1  22.1  21.4  -9 -9.0 -9  3  2
202605261000 108   7  2.1  -9 -9.0   -9  998.0 1007.7 -9  -9.0  26.3  18.6  63.0  21.4   -9.0   -9.0   -9.0   -9.0   -9.0   -9.0   -9.0 -9 -9 -                        9   9   40 -         -9  -9  -9  1693  0.1  1.58 -9  28.6  22.8  22.5  22.5  21.3  -9 -9.0 -9  3  2
202605261100 108   5  1.7  -9 -9.0   -9  997.3 1006.9 -9  -9.0  27.7  19.2  60.0  22.2   -9.0   -9.0   -9.0   -9.0   -9.0   -9.0   -9.0 -9 -9 -                        9   9   41 -         -9  -9  -9  1658  0.0  1.79 -9  30.9  23.4  23.1  22.9  21.3  -9 -9.0 -9  3  2
202605261200 108  11  1.6  -9 -9.0   -9  996.9 1006.5  7  -1.8  28.7  18.4  54.0  21.2   -9.0   -9.0   -9.0   -9.0   -9.0   -9.0   -9.0 -9 -9 -                        9   9   41 -         -9  -9  -9  2776  0.0  2.03 -9  31.3  24.3  23.7  23.5  21.3  -9 -9.0 -9  3  2
202605261300 108   5  2.0  -9 -9.0   -9  996.4 1006.0 -9  -9.0  28.9  19.2  56.0  22.2   -9.0   -9.0   -9.0   -9.0   -9.0   -9.0   -9.0 -9 -9 -                       10  10   42 -         -9  -9  -9  1888  0.0  1.37 -9  30.2  24.6  24.2  23.8  21.4  -9 -9.0 -9  3  2
202605261400 108   5  2.7  -9 -9.0   -9  996.4 1006.0 -9  -9.0  28.6  19.2  57.0  22.2   -9.0   -9.0   -9.0   -9.0   -9.0   -9.0   -9.0 -9 -9 -                       10   2   27 -         -9  -9  -9  1971  0.0  1.23 -9  29.4  24.8  24.4  24.1  21.4  -9 -9.0 -9  3  2
202605261500 108   5  3.0  -9 -9.0   -9  995.9 1005.5  7  -1.0  28.2  19.1  58.0  22.1   -9.0   -9.0   -9.0   -9.0   -9.0   -9.0   -9.0 -9 -9 -                       10   4   29 -         -9  -9  -9  1935  0.0  0.81 -9  27.6  24.8  24.5  24.2  21.5  -9 -9.0 -9  3  2
202605261600 108   5  3.1  -9 -9.0   -9  995.3 1004.9 -9  -9.0  27.6  19.6  62.0  22.8    0.0    0.0    0.0   -9.0   -9.0   -9.0   -9.0 60 66 01                      10   7   25 -         -9  -9  -9  1862  0.0  0.44 -9  26.3  24.6  24.4  24.2  21.6  -9 -9.0 -9  4  1
202605261700 108   5  2.8  -9 -9.0   -9  995.2 1004.8 -9  -9.0  27.0  20.3  67.0  23.8    0.0    0.0    0.0   -9.0   -9.0   -9.0   -9.0 61 66 01                      10   6   33 -         -9  -9  -9  1432  0.0  0.40 -9  25.6  24.4  24.3  24.1  21.7  -9 -9.0 -9  4  1
202605261800 108  14  2.3  -9 -9.0   -9  995.4 1005.1  5  -0.4  26.6  20.4  69.0  24.0    0.0    0.0    0.0   -9.0   -9.0   -9.0   -9.0 61 66 01                      10   3    9 -         -9  -9  -9  1295  0.0  0.23 -9  24.6  24.1  24.1  24.0  21.8  -9 -9.0 -9  4  1
202605261900 108   7  0.9  -9 -9.0   -9  995.7 1005.4 -9  -9.0  25.4  20.4  74.0  24.0    0.0    0.0    0.0   -9.0   -9.0   -9.0   -9.0 61 66 01                      10   1   13 -         -9  -9  -9  1679  0.0  0.11 -9  23.5  23.5  23.9  23.8  21.9  -9 -9.0 -9  4  1
202605262000 108  36  0.5  -9 -9.0   -9  996.1 1005.8 -9  -9.0  24.6  20.5  78.0  24.1    0.1    0.1    0.1   -9.0   -9.0   -9.0   -9.0 61 66 01                      10   2   28 -         -9  -9  -9  1608  0.0  0.02 -9  22.6  23.2  23.7  23.7  22.0  -9 -9.0 -9  4  1
202605262100 108  14  2.0  -9 -9.0   -9  996.8 1006.6  2   1.5  24.1  20.0  78.0  23.4    0.0    0.1    0.1   -9.0   -9.0   -9.0   -9.0 60 66 01                      10   1    9 -         -9  -9  -9  1837 -9.0 -9.00 -9  22.1  22.9  23.5  23.5  22.0  -9 -9.0 -9  1  1
202605262200 108  11  1.7  -9 -9.0   -9  997.0 1006.8 -9  -9.0  22.9  19.8  83.0  23.1    0.3    0.4    0.4   -9.0   -9.0   -9.0   -9.0 61 66 01                      10   3   17 -         -9  -9  -9  1137 -9.0 -9.00 -9  21.6  22.6  23.2  23.3  22.0  -9 -9.0 -9  4  1
202605262300 108   5  2.3  -9 -9.0   -9  996.4 1006.2 -9  -9.0  22.6  20.6  89.0  24.3    0.2    0.6    0.6   -9.0   -9.0   -9.0   -9.0 21 62 01                      10   4    3 -         -9  -9  -9  1049 -9.0 -9.00 -9  21.4  22.4  23.0  23.1  22.0  -9 -9.0 -9  4  1
202605270000 108   5  2.6  -9 -9.0   -9  996.2 1006.0  8  -0.6  22.6  20.6  89.0  24.3   -9.0    0.6    0.6   -9.0   -9.0   -9.0   -9.0 -9 62 -                       10   0   -9 -         -9  -9  -9  1208 -9.0 -9.00 -9  21.3  22.2  22.8  22.9  22.0  -9 -9.0 -9  3  1
202605270100 108   5  3.3  -9 -9.0   -9  995.6 1005.4 -9  -9.0  22.4  20.1  87.0  23.5   -9.0   -9.0   -9.0   -9.0   -9.0   -9.0   -9.0 -9 -9 -                       10  10   23 -         -9  -9  -9  1463 -9.0 -9.00 -9  21.0  22.1  22.7  22.8  22.0  -9 -9.0 -9  3 -9
202605270200 108   7  2.3  -9 -9.0   -9  995.6 1005.4 -9  -9.0  22.3  19.0  82.0  22.0   -9.0   -9.0   -9.0   -9.0   -9.0   -9.0   -9.0 -9 -9 -                        9   3   11 -         -9  -9  -9  1840 -9.0 -9.00 -9  20.8  21.9  22.5  22.6  22.0  -9 -9.0 -9  3 -9
202605270300 108   5  2.2  -9 -9.0   -9  995.4 1005.2  7  -0.8  22.3  18.2  78.0  20.9   -9.0   -9.0   -9.0   -9.0   -9.0   -9.0   -9.0 -9 62 -                       10   1   15 -         -9  -9  -9  1994 -9.0 -9.00 -9  20.6  21.7  22.4  22.5  21.9  -9 -9.0 -9  3  1
202605270400 108   5  2.7  -9 -9.0   -9  995.3 1005.1 -9  -9.0  22.2  18.3  79.0  21.0   -9.0   -9.0   -9.0   -9.0   -9.0   -9.0   -9.0 -9 -9 -                        9   2   13 -         -9  -9  -9  2044 -9.0 -9.00 -9  20.5  21.6  22.2  22.4  21.9  -9 -9.0 -9  3  2
202605270500 108   5  3.7  -9 -9.0   -9  995.2 1005.0 -9  -9.0  21.5  17.6  79.0  20.1    0.4    0.4    0.4   -9.0   -9.0   -9.0   -9.0 60 62 01                      10   8   10 -         -9  -9  -9  1767 -9.0 -9.00 -9  20.0  21.4  22.1  22.2  21.8  -9 -9.0 -9  4  1
202605270600 108   5  3.3  -9 -9.0   -9  995.3 1005.2  4   0.0  21.2  17.6  80.0  20.1    0.0    0.4    0.4   -9.0   -9.0   -9.0   -9.0 60 66 01                      10   5   11 -         -9  -9  -9  2325  0.0  0.00 -9  19.8  21.2  21.9  22.1  21.8  -9 -9.0 -9  4  1
202605270700 108   7  2.1  -9 -9.0   -9  996.0 1005.9 -9  -9.0  21.1  17.3  79.0  19.7    0.1    0.5    0.5   -9.0   -9.0   -9.0   -9.0 61 66 01                      10  10   11 -         -9  -9  -9  2322  0.0  0.03 -9  19.9  21.0  21.8  22.0  21.8  -9 -9.0 -9  4  1
202605270800 108   5  2.6  -9 -9.0   -9  996.1 1006.0 -9  -9.0  20.6  18.2  86.0  20.9    0.2    0.7    0.7   -9.0   -9.0   -9.0   -9.0 61 66 1901                    10   9   10 -         -9  -9  -9   609  0.0  0.15 -9  20.5  20.9  21.6  21.8  21.7  -9 -9.0 -9  4  1
202605270900 108   7  3.6  -9 -9.0   -9  995.9 1005.8  0   0.6  21.3  17.5  79.0  20.0    0.0    0.7    0.7   -9.0   -9.0   -9.0   -9.0 21 62 1901                    10   9   10 -         -9  -9  -9  2316  0.0  0.48 -9  22.5  20.9  21.6  21.8  21.6  -9 -9.0 -9  1  1
202605271000 108   7  2.8  -9 -9.0   -9  995.3 1005.1 -9  -9.0  22.0  16.9  73.0  19.2   -9.0    0.7    0.7   -9.0   -9.0   -9.0   -9.0 -9 -9 -                       10   9   10 -         -9  -9  -9  2535  0.0  0.75 -9  24.0  21.0  21.7  21.8  21.6  -9 -9.0 -9  3  2
202605271100 108   5  3.2  -9 -9.0   -9  995.0 1004.8 -9  -9.0  22.9  17.1  70.0  19.5   -9.0    0.7    0.7   -9.0   -9.0   -9.0   -9.0 -9 -9 -                        9   9   13 -         -9  -9  -9  2538  0.0  1.21 -9  24.6  21.3  22.0  22.0  21.5  -9 -9.0 -9  3  2
202605271200 108   5  3.2  -9 -9.0   -9  994.5 1004.2  7  -1.6  24.1  17.5  67.0  20.0   -9.0    0.7    0.7   -9.0   -9.0   -9.0   -9.0 -9 -9 -                        9   9   10 -         -9  -9  -9  2560  0.0  1.72 -9  26.9  21.7  22.3  22.2  21.5  -9 -9.0 -9  3  2
202605271300 108   7  2.2  -9 -9.0   -9  994.1 1003.8 -9  -9.0  25.0  18.1  66.0  20.8   -9.0    0.7    0.7   -9.0   -9.0   -9.0   -9.0 -9 -9 -                        9   9    9 -         -9  -9  -9  2362  0.0  1.56 -9  29.4  22.0  22.7  22.5  21.5  -9 -9.0 -9  3  2
202605271400 108   7  1.9  -9 -9.0   -9  993.6 1003.3 -9  -9.0  25.1  18.2  66.0  20.9   -9.0    0.7    0.7   -9.0   -9.0   -9.0   -9.0 -9 -9 -                        9   9    8 -         -9  -9  -9  2119  0.0  1.08 -9  26.2  22.6  23.1  22.8  21.5  -9 -9.0 -9  3  2
202605271500 108   5  2.3  -9 -9.0   -9  993.8 1003.5  5  -0.7  24.7  18.3  68.0  21.0   -9.0    0.7    0.7   -9.0   -9.0   -9.0   -9.0 -9 -9 -                       10  10    8 -         -9  -9  -9  2565  0.0  0.44 -9  24.1  22.7  23.2  23.0  21.5  -9 -9.0 -9  3  2
202605271600 108   5  1.7  -9 -9.0   -9  993.7 1003.4 -9  -9.0  24.4  18.5  70.0  21.3   -9.0    0.7    0.7   -9.0   -9.0   -9.0   -9.0 -9 -9 -                       10   8    8 -         -9  -9  -9  2181  0.0  0.21 -9  23.1  22.6  23.1  23.0  21.6  -9 -9.0 -9  3  2
202605271700 108   7  1.9  -9 -9.0   -9  993.7 1003.4 -9  -9.0  23.9  18.7  73.0  21.6    0.0    0.7    0.7   -9.0   -9.0   -9.0   -9.0 21 62 01                      10   8    6 -         -9  -9  -9  1996  0.0  0.12 -9  22.3  22.3  23.0  23.0  21.6  -9 -9.0 -9  4  1
202605271800 108   7  1.3  -9 -9.0   -9  993.5 1003.3  7  -0.2  23.4  18.7  75.0  21.6    0.0    0.7    0.7   -9.0   -9.0   -9.0   -9.0 21 62 01                      10   8    5 -         -9  -9  -9  1787  0.0  0.09 -9  22.0  22.1  22.9  22.9  21.7  -9 -9.0 -9  4  1
202605271900 108   5  2.5  -9 -9.0   -9  993.7 1003.5 -9  -9.0  22.4  19.1  82.0  22.1    0.2    0.9    0.9   -9.0   -9.0   -9.0   -9.0 60 62 01                      10  10    4 -         -9  -9  -9  1360  0.0  0.04 -9  21.3  22.0  22.7  22.8  21.7  -9 -9.0 -9  4  1
202605272000 108   5  2.4  -9 -9.0   -9  994.0 1003.8 -9  -9.0  21.5  19.2  87.0  22.2    0.0    0.9    0.9   -9.0   -9.0   -9.0   -9.0 61 66 01                      10   9    3 -         -9  -9  -9   830  0.0  0.01 -9  20.7  21.8  22.5  22.6  21.7  -9 -9.0 -9  4  1
202605272100 108   5  1.6  -9 -9.0   -9  994.5 1004.3  2   1.0  21.1  19.2  89.0  22.2    0.7    1.6    1.6   -9.0   -9.0   -9.0   -9.0 61 66 01                      10  10    2 -         -9  -9  -9   387 -9.0 -9.00 -9  20.5  21.5  22.3  22.5  21.7  -9 -9.0 -9  1  1
202605272200 108   5  2.2  -9 -9.0   -9  994.6 1004.5 -9  -9.0  20.8  19.2  91.0  22.2    0.6    2.2    2.2   -9.0   -9.0   -9.0   -9.0 61 66 01                       9   9    1 -         -9  -9  -9   750 -9.0 -9.00 -9  20.3  21.4  22.2  22.3  21.7  -9 -9.0 -9  4  1
202605272300 108   5  1.6  -9 -9.0   -9  994.5 1004.4 -9  -9.0  20.5  19.1  92.0  22.1    0.3    2.5    2.5   -9.0   -9.0   -9.0   -9.0 61 66 1                       10  10    1 -         -9  -9  -9   563 -9.0 -9.00 -9  20.1  21.2  22.0  22.2  21.7  -9 -9.0 -9  1  1
202605280000 108   7  1.8  -9 -9.0   -9  994.2 1004.1  8  -0.2  20.1  18.5  91.0  21.3    0.0    2.5    2.5   -9.0   -9.0   -9.0   -9.0 61 66 01                      10  10    2 -         -9  -9  -9  1290 -9.0 -9.00 -9  19.9  21.1  21.9  22.1  21.7  -9 -9.0 -9  4  1
202605280100 108   5  1.8  -9 -9.0   -9  994.1 1004.0 -9  -9.0  19.9  18.7  93.0  21.6    0.2    0.2    0.2   -9.0   -9.0   -9.0   -9.0 61 66 01                       9   9    1 -         -9  -9  -9   443 -9.0 -9.00 -9  19.7  20.9  21.7  21.9  21.7  -9 -9.0 -9  4  1
202605280200 108   5  1.4  -9 -9.0   -9  993.8 1003.7 -9  -9.0  19.6  18.4  93.0  21.2    0.8    1.0    1.0   -9.0   -9.0   -9.0   -9.0 61 66 1                       10   9    2 -         -9  -9  -9   434 -9.0 -9.00 -9  19.5  20.8  21.6  21.8  21.6  -9 -9.0 -9  1  1
202605280300 108   0  0.4  -9 -9.0   -9  993.7 1003.6  7  -0.5  19.6  18.4  93.0  21.2    1.0    2.0    2.0   -9.0   -9.0   -9.0   -9.0 61 66 1                        9   7    2 -         -9  -9  -9   268 -9.0 -9.00 -9  19.5  20.6  21.5  21.7  21.6  -9 -9.0 -9  1  1
202605280400 108  27  1.3  -9 -9.0   -9  993.4 1003.3 -9  -9.0  19.7  18.3  92.0  21.0    1.0    3.0    3.0   -9.0   -9.0   -9.0   -9.0 61 66 01                      10  10   -9 -         -9  -9  -9   656 -9.0 -9.00 -9  19.5  20.5  21.4  21.6  21.5  -9 -9.0 -9  4  1
202605280500 108  29  1.7  -9 -9.0   -9  993.3 1003.2 -9  -9.0  19.1  17.9  93.0  20.5    0.2    3.2    3.2   -9.0   -9.0   -9.0   -9.0 61 66 01                      10  10    3 -         -9  -9  -9   607 -9.0 -9.00 -9  19.2  20.4  21.3  21.5  21.5  -9 -9.0 -9  4  1
202605280600 108  29  1.6  -9 -9.0   -9  993.5 1003.4  5  -0.2  18.8  17.4  92.0  19.9    0.0    3.2    3.2   -9.0   -9.0   -9.0   -9.0 21 62 01                      10   7    1 -         -9  -9  -9  1708  0.0  0.01 -9  19.1  20.3  21.1  21.4  21.4  -9 -9.0 -9  4  1
202605280700 108  27  1.6  -9 -9.0   -9  993.6 1003.5 -9  -9.0  19.0  17.4  91.0  19.9   -9.0    3.2    3.2   -9.0   -9.0   -9.0   -9.0 -9 -9 -                       10   6    2 -         -9  -9  -9  1885  0.0  0.13 -9  19.6  20.2  21.1  21.3  21.4  -9 -9.0 -9  3  2
202605280800 108  27  2.4  -9 -9.0   -9  994.2 1004.1 -9  -9.0  19.0  17.4  91.0  19.9   -9.0    3.2    3.2   -9.0   -9.0   -9.0   -9.0 -9 -9 -                       10  10    2 -         -9  -9  -9  1747  0.0  0.18 -9  19.5  20.3  21.0  21.2  21.3  -9 -9.0 -9  3  2
202605280900 108  27  2.2  -9 -9.0   -9  994.4 1004.3  2   0.9  19.1  18.1  94.0  20.8    0.2    3.4    3.4   -9.0   -9.0   -9.0   -9.0 60 62 1901                    10  10    2 -         -9  -9  -9   367  0.0  0.24 -9  20.4  20.2  21.0  21.2  21.3  -9 -9.0 -9  1  1
202605281000 108  27  2.4  -9 -9.0   -9  994.4 1004.3 -9  -9.0  19.7  18.1  91.0  20.8    0.1    3.5    3.5   -9.0   -9.0   -9.0   -9.0 51 65 190201                  10  10    2 -         -9  -9  -9   780  0.0  0.54 -9  21.9  20.3  21.1  21.2  21.2  -9 -9.0 -9  4  1
202605281100 108  27  2.4  -9 -9.0   -9  994.4 1004.3 -9  -9.0  20.7  18.8  89.0  21.7    0.0    3.5    3.5   -9.0   -9.0   -9.0   -9.0 20 52 1902                    10  10    3 -         -9  -9  -9   815  0.0  1.12 -9  24.3  20.7  21.4  21.4  21.2  -9 -9.0 -9  4  1
202605281200 108  27  2.3  -9 -9.0   -9  994.1 1003.9  7  -0.4  21.8  19.1  85.0  22.1   -9.0    3.5    3.5   -9.0   -9.0   -9.0   -9.0 -9 65 19                       9   9    3 -         -9  -9  -9  1435  0.0  1.34 -9  27.3  21.0  21.8  21.6  21.1  -9 -9.0 -9  3  1
202605281300 108  27  2.1  -9 -9.0   -9  993.5 1003.2 -9  -9.0  23.5  19.6  79.0  22.8   -9.0    3.5    3.5   -9.0   -9.0   -9.0   -9.0 -9 -9 -                        4   4    5 -         -9  -9  -9  3040  0.3  2.27 -9  33.9  21.4  22.3  22.0  21.1  -9 -9.0 -9  3  2
202605281400 108  23  2.5  -9 -9.0   -9  993.3 1003.0 -9  -9.0  25.3  18.9  68.0  21.8   -9.0    3.5    3.5   -9.0   -9.0   -9.0   -9.0 -9 -9 -                        3   3    7 -         -9  -9  -9  2682  0.6  2.82 -9  33.8  22.6  23.2  22.8  21.1  -9 -9.0 -9  3  2
202605281500 108  23  3.5  -9 -9.0   -9  992.9 1002.5  7  -1.4  26.2  17.2  58.0  19.6   -9.0    3.5    3.5   -9.0   -9.0   -9.0   -9.0 -9 65 -                        2   2   10 -         -9  -9  -9  3541  0.8  2.95 -9  36.1  23.3  24.1  23.5  21.2  -9 -9.0 -9  3  1
202605281600 108  27  3.4  -9 -9.0   -9  992.9 1002.5 -9  -9.0  26.2  18.3  62.0  21.0   -9.0    3.5    3.5   -9.0   -9.0   -9.0   -9.0 -9 -9 -                        3   3    8 -         -9  -9  -9  2815  0.7  2.15 -9  31.8  24.0  24.6  24.0  21.3  -9 -9.0 -9  3  2
202605281700 108  25  4.2  -9 -9.0   -9  993.2 1002.9 -9  -9.0  24.7  18.1  67.0  20.8   -9.0    3.5    3.5   -9.0   -9.0   -9.0   -9.0 -9 -9 -                        3   3    7 -         -9  -9  -9  2968  0.2  0.92 -9  26.9  24.1  24.7  24.2  21.4  -9 -9.0 -9  3  2
202605281800 108  25  3.5  -9 -9.0   -9  993.5 1003.2  2   0.7  24.4  17.8  67.0  20.4   -9.0    3.5    3.5   -9.0   -9.0   -9.0   -9.0 -9 -9 -                        4   4    8 -         -9  -9  -9  2652  0.4  0.82 -9  25.2  23.7  24.5  24.2  21.6  -9 -9.0 -9  3  2
202605281900 108  25  3.6  -9 -9.0   -9  994.6 1004.4 -9  -9.0  22.7  16.7  69.0  19.0   -9.0    3.5    3.5   -9.0   -9.0   -9.0   -9.0 -9 -9 -                        2   2    6 -         -9  -9  -9  3181  0.8  0.50 -9  22.5  23.4  24.2  24.0  21.7  -9 -9.0 -9  3 -9
202605282000 108  25  3.3  -9 -9.0   -9  995.0 1004.8 -9  -9.0  21.4  16.5  74.0  18.8   -9.0    3.5    3.5   -9.0   -9.0   -9.0   -9.0 -9 -9 -                        6   3   11 -         -9  -9  -9  3081  0.0  0.04 -9  20.8  22.8  23.7  23.8  21.9  -9 -9.0 -9  3 -9
202605282100 108  23  3.3  -9 -9.0   -9  995.5 1005.4  2   2.2  19.7  15.5  77.0  17.6   -9.0    3.5    3.5   -9.0   -9.0   -9.0   -9.0 -9 -9 -                        6   5    6 -         -9  -9  -9  1565 -9.0 -9.00 -9  19.5  22.3  23.2  23.4  22.0  -9 -9.0 -9  3  2
202605282200 108  25  2.1  -9 -9.0   -9  996.2 1006.2 -9  -9.0  18.7  15.1  80.0  17.2   -9.0    3.5    3.5   -9.0   -9.0   -9.0   -9.0 -9 -9 19                       0   0   -9 -         -9  -9  -9   940 -9.0 -9.00 -9  18.8  21.8  22.8  23.0  22.0  -9 -9.0 -9  3  2
202605282300 108  25  2.1  -9 -9.0   -9  996.8 1006.8 -9  -9.0  17.8  14.8  83.0  16.8   -9.0    3.5    3.5   -9.0   -9.0   -9.0   -9.0 -9 -9 19                       1   1    3 -         -9  -9  -9   573 -9.0 -9.00 -9  17.8  21.2  22.3  22.6  22.0  -9 -9.0 -9  3  2
202605290000 108  23  2.5  -9 -9.0   -9  996.7 1006.7  0   1.3  17.6  15.0  85.0  17.0   -9.0    3.5    3.5   -9.0   -9.0   -9.0   -9.0 10  0 19                       0   0   -9 -         -9  -9  -9   401 -9.0 -9.00 -9  17.7  20.9  21.9  22.3  22.0  -9 -9.0 -9  3  1
202605290100 108  27  1.8  -9 -9.0   -9  996.8 1006.8 -9  -9.0  17.4  15.2  87.0  17.3   -9.0   -9.0   -9.0   -9.0   -9.0   -9.0   -9.0 -9 -9 19                       1   1    2 -         -9  -9  -9   415 -9.0 -9.00 -9  18.0  20.5  21.6  22.0  22.0  -9 -9.0 -9  3  2
202605290200 108  23  1.9  -9 -9.0   -9  997.0 1007.0 -9  -9.0  17.3  15.2  88.0  17.3   -9.0   -9.0   -9.0   -9.0   -9.0   -9.0   -9.0 -9 -9 19                       1   1    2 -         -9  -9  -9   392 -9.0 -9.00 -9  17.3  20.3  21.3  21.7  21.9  -9 -9.0 -9  3  2
202605290300 108  25  1.9  -9 -9.0   -9  997.7 1007.7  2   1.0  17.0  14.9  88.0  16.9   -9.0   -9.0   -9.0   -9.0   -9.0   -9.0   -9.0 10  0 19                       2   1   -9 -         -9  -9  -9   343 -9.0 -9.00 -9  16.6  20.0  21.1  21.5  21.9  -9 -9.0 -9  3  1
202605290400 108  29  1.2  -9 -9.0   -9  997.9 1008.0 -9  -9.0  16.8  14.9  89.0  16.9   -9.0   -9.0   -9.0   -9.0   -9.0   -9.0   -9.0 10  0 19                       1   1   -9 -         -9  -9  -9   310 -9.0 -9.00 -9  16.2  19.7  20.8  21.2  21.8  -9 -9.0 -9  3  1
202605290500 108  27  1.3  -9 -9.0   -9  998.3 1008.4 -9  -9.0  16.6  14.9  90.0  16.9   -9.0   -9.0   -9.0   -9.0   -9.0   -9.0   -9.0 10  0 19                       2   2    2 -         -9  -9  -9   295 -9.0 -9.00 -9  16.3  19.4  20.5  20.9  21.7  -9 -9.0 -9  3  1
202605290600 108  34  0.8  -9 -9.0   -9  999.1 1009.2  2   1.5  16.6  14.7  89.0  16.7   -9.0   -9.0   -9.0   -9.0   -9.0   -9.0   -9.0 10  0 19                       0   0   -9 -         -9  -9  -9   288  0.0  0.05 -9  16.4  19.2  20.3  20.7  21.6  -9 -9.0 -9  3  1
202605290700 108   2  1.1  -9 -9.0   -9  999.6 1009.6 -9  -9.0  17.3  15.8  91.0  17.9   -9.0   -9.0   -9.0   -9.0   -9.0   -9.0   -9.0 10  0 19                       0   0   -9 -         -9  -9  -9   411  0.2  0.36 -9  18.0  19.3  20.2  20.6  21.5  -9 -9.0 -9  3  1
202605290800 108   7  1.1  -9 -9.0   -9  999.9 1009.9 -9  -9.0  19.2  16.2  83.0  18.4   -9.0   -9.0   -9.0   -9.0   -9.0   -9.0   -9.0 10  0 19                       0   0   -9 -         -9  -9  -9   691  1.0  1.21 -9  19.4  19.6  20.4  20.6  21.4  -9 -9.0 -9  3  1
202605290900 108   2  1.1  -9 -9.0   -9  999.9 1009.8  0   0.6  21.4  15.9  71.0  18.1   -9.0   -9.0   -9.0   -9.0   -9.0   -9.0   -9.0 -9 -9 19                       0   0   -9 -         -9  -9  -9  1147  1.0  2.06 -9  22.3  20.2  20.9  21.0  21.3  -9 -9.0 -9  3  2
202605291000 108  27  1.5  -9 -9.0   -9  999.9 1009.7 -9  -9.0  22.8  15.6  64.0  17.7   -9.0   -9.0   -9.0   -9.0   -9.0   -9.0   -9.0 -9 -9 -                        0   0   -9 -         -9  -9  -9  1375  1.0  2.63 -9  29.3  21.0  21.8  21.6  21.2  -9 -9.0 -9  3  2
202605291100 108  29  2.5  -9 -9.0   -9  999.8 1009.6 -9  -9.0  24.0  14.6  56.0  16.6   -9.0   -9.0   -9.0   -9.0   -9.0   -9.0   -9.0 -9 -9 -                        0   0   -9 -         -9  -9  -9  1884  1.0  3.23 -9  34.2  22.0  22.7  22.3  21.1  -9 -9.0 -9  3  2
202605291200 108  27  3.3  -9 -9.0   -9  999.5 1009.2  7  -0.6  25.3  12.5  45.0  14.5   -9.0   -9.0   -9.0   -9.0   -9.0   -9.0   -9.0 -9 -9 -                        0   0   -9 -         -9  -9  -9  2042  1.0  3.61 -9  38.9  22.7  23.5  22.9  21.1  -9 -9.0 -9  3  2
202605291300 108  29  3.2  -9 -9.0   -9  999.0 1008.7 -9  -9.0  25.9  11.2  40.0  13.3   -9.0   -9.0   -9.0   -9.0   -9.0   -9.0   -9.0 -9 -9 -                        0   0   -9 -         -9  -9  -9  3155  1.0  3.73 -9  40.0  23.5  24.3  23.6  21.2  -9 -9.0 -9  3  2
202605291400 108  25  3.4  -9 -9.0   -9  998.6 1008.3 -9  -9.0  26.3  14.7  49.0  16.7   -9.0   -9.0   -9.0   -9.0   -9.0   -9.0   -9.0 -9 -9 -                        0   0   -9 -         -9  -9  -9  1973  0.9  3.21 -9  36.6  24.6  25.0  24.2  21.3  -9 -9.0 -9  3  2
202605291500 108  25  3.6  -9 -9.0   -9  998.3 1008.0  7  -1.2  26.7  14.4  47.0  16.4   -9.0   -9.0   -9.0   -9.0   -9.0   -9.0   -9.0 -9 -9 -                        1   1   -9 -         -9  -9  -9  2884  1.0  3.28 -9  38.5  24.9  25.4  24.8  21.4  -9 -9.0 -9  3  2
202605291600 108  25  4.3  -9 -9.0   -9  997.9 1007.6 -9  -9.0  26.6  10.7  37.0  12.9   -9.0   -9.0   -9.0   -9.0   -9.0   -9.0   -9.0 -9 -9 -                        0   0   -9 -         -9  -9  -9  3793  1.0  2.78 -9  36.5  25.2  25.7  25.1  21.6  -9 -9.0 -9  3  2
202605291700 108  20  4.1  -9 -9.0   -9  997.5 1007.2 -9  -9.0  26.4   9.6  35.0  11.9   -9.0   -9.0   -9.0   -9.0   -9.0   -9.0   -9.0 -9 -9 -                        0   0   -9 -         -9  -9  -9  2962  1.0  2.12 -9  32.8  25.2  25.6  25.2  21.8  -9 -9.0 -9  3  2
202605291800 108  23  3.1  -9 -9.0   -9  997.4 1007.1  7  -0.9  25.8   9.5  36.0  11.9   -9.0   -9.0   -9.0   -9.0   -9.0   -9.0   -9.0 -9 -9 -                        0   0   -9 -         -9  -9  -9  3249  1.0  1.38 -9  27.1  24.9  25.4  25.1  22.0  -9 -9.0 -9  3  2
202605291900 108  27  3.7  -9 -9.0   -9  998.0 1007.8 -9  -9.0  23.9   9.4  40.0  11.8   -9.0   -9.0   -9.0   -9.0   -9.0   -9.0   -9.0 -9 -9 -                        0   0   -9 -         -9  -9  -9  3423  1.0  0.64 -9  23.1  24.3  24.9  24.9  22.2  -9 -9.0 -9  3 -9
202605292000 108  27  3.2  -9 -9.0   -9  998.4 1008.2 -9  -9.0  22.5  11.2  49.0  13.3   -9.0   -9.0   -9.0   -9.0   -9.0   -9.0   -9.0 -9 -9 -                        0   0   -9 -         -9  -9  -9  3261  0.4  0.10 -9  20.8  23.5  24.3  24.5  22.3  -9 -9.0 -9  3 -9
202605292100 108  25  2.3  -9 -9.0   -9  999.3 1009.2  2   2.1  20.9  12.0  57.0  14.0   -9.0   -9.0   -9.0   -9.0   -9.0   -9.0   -9.0 -9 -9 -                        0   0   -9 -         -9  -9  -9  2590 -9.0 -9.00 -9  19.5  22.8  23.7  23.9  22.5  -9 -9.0 -9  3  2
202605292200 108  23  1.5  -9 -9.0   -9  999.9 1009.8 -9  -9.0  20.1  12.5  62.0  14.5   -9.0   -9.0   -9.0   -9.0   -9.0   -9.0   -9.0 -9 -9 -                        0   0   -9 -         -9  -9  -9  2460 -9.0 -9.00 -9  18.6  22.2  23.1  23.4  22.5  -9 -9.0 -9  3 -9
202605292300 108  25  1.8  -9 -9.0   -9  999.8 1009.8 -9  -9.0  19.4  12.6  65.0  14.6   -9.0   -9.0   -9.0   -9.0   -9.0   -9.0   -9.0 -9 -9 -                        0   0   -9 -         -9  -9  -9  2243 -9.0 -9.00 -9  17.9  21.7  22.6  23.0  22.5  -9 -9.0 -9  3 -9
202605300000 108  27  1.7  -9 -9.0   -9  999.8 1009.8  1   0.6  18.5  12.6  69.0  14.6   -9.0   -9.0   -9.0   -9.0   -9.0   -9.0   -9.0 -9 -9 -                        0   0   -9 -         -9  -9  -9  1806 -9.0 -9.00 -9  17.2  21.3  22.2  22.6  22.5  -9 -9.0 -9  3  2
202605300100 108  25  1.9  -9 -9.0   -9  999.8 1009.8 -9  -9.0  17.8  12.8  73.0  14.8   -9.0   -9.0   -9.0   -9.0   -9.0   -9.0   -9.0 -9 -9 -                        0   0   -9 -         -9  -9  -9  1571 -9.0 -9.00 -9  16.7  20.9  21.7  22.2  22.5  -9 -9.0 -9  3 -9
202605300200 108  25  1.5  -9 -9.0   -9  999.7 1009.8 -9  -9.0  17.2  12.5  74.0  14.5   -9.0   -9.0   -9.0   -9.0   -9.0   -9.0   -9.0 -9 -9 -                        0   0   -9 -         -9  -9  -9  1552 -9.0 -9.00 -9  16.2  20.5  21.4  21.8  22.4  -9 -9.0 -9  3 -9
202605300300 108  27  0.9  -9 -9.0   -9  999.3 1009.4  7  -0.4  16.7  12.4  76.0  14.4   -9.0   -9.0   -9.0   -9.0   -9.0   -9.0   -9.0 -9 -9 -                        0   0   -9 -         -9  -9  -9  1483 -9.0 -9.00 -9  15.4  19.9  21.0  21.5  22.3  -9 -9.0 -9  3  2
202605300400 108   0  0.3  -9 -9.0   -9  999.4 1009.5 -9  -9.0  16.2  12.1  77.0  14.1   -9.0   -9.0   -9.0   -9.0   -9.0   -9.0   -9.0 -9 -9 -                        0   0   -9 -         -9  -9  -9  1511 -9.0 -9.00 -9  15.1  19.5  20.7  21.1  22.1  -9 -9.0 -9  3  2
202605300500 108  36  1.0  -9 -9.0   -9  999.7 1009.8 -9  -9.0  16.0  12.7  81.0  14.7   -9.0   -9.0   -9.0   -9.0   -9.0   -9.0   -9.0 -9 -9 -                        0   0   -9 -         -9  -9  -9  1461 -9.0 -9.00 -9  15.0  19.2  20.3  20.8  22.0  -9 -9.0 -9  3  2
202605300600 108   0  0.1  -9 -9.0   -9 1000.2 1010.3  2   0.9  16.0  12.7  81.0  14.7   -9.0   -9.0   -9.0   -9.0   -9.0   -9.0   -9.0 -9 -9 -                        0   0   -9 -         -9  -9  -9  1368  0.1  0.05 -9  15.1  19.0  20.1  20.6  21.9  -9 -9.0 -9  3  2
202605300700 108   7  0.7  -9 -9.0   -9 1000.6 1010.7 -9  -9.0  17.1  13.2  78.0  15.2   -9.0   -9.0   -9.0   -9.0   -9.0   -9.0   -9.0 -9 -9 -                        0   0   -9 -         -9  -9  -9  1560  1.0  0.55 -9  16.6  18.9  19.9  20.4  21.8  -9 -9.0 -9  3  2
202605300800 108   9  1.4  -9 -9.0   -9 1000.8 1010.8 -9  -9.0  19.5  13.8  70.0  15.8   -9.0   -9.0   -9.0   -9.0   -9.0   -9.0   -9.0 -9 -9 -                        0   0   -9 -         -9  -9  -9  1654  1.0  1.31 -9  18.5  19.6  20.2  20.5  21.6  -9 -9.0 -9  3  2
202605300900 108  11  1.3  -9 -9.0   -9 1000.8 1010.7  0   0.4  21.5  14.6  65.0  16.6   -9.0   -9.0   -9.0   -9.0   -9.0   -9.0   -9.0 -9 -9 -                        0   0   -9 -         -9  -9  -9  1633  1.0  2.06 -9  21.8  20.2  20.8  20.9  21.5  -9 -9.0 -9  3  2
202605301000 108  23  2.0  -9 -9.0   -9 1000.8 1010.6 -9  -9.0  23.3  14.8  59.0  16.8   -9.0   -9.0   -9.0   -9.0   -9.0   -9.0   -9.0 -9 -9 -                        0   0   -9 -         -9  -9  -9  1735  1.0  2.66 -9  30.2  21.1  21.6  21.5  21.4  -9 -9.0 -9  3  2
202605301100 108  18  3.1  -9 -9.0   -9 1000.8 1010.6 -9  -9.0  25.0  14.7  53.0  16.7   -9.0   -9.0   -9.0   -9.0   -9.0   -9.0   -9.0 -9 -9 -                        0   0   -9 -         -9  -9  -9  1957  1.0  3.23 -9  37.2  22.6  22.7  22.3  21.3  -9 -9.0 -9  3  2
202605301200 108  20  3.2  -9 -9.0   -9 1000.6 1010.3  7  -0.4  26.3  14.7  49.0  16.7   -9.0   -9.0   -9.0   -9.0   -9.0   -9.0   -9.0 -9 -9 -                        0   0   -9 -         -9  -9  -9  1882  1.0  3.53 -9  41.1  23.8  23.7  23.1  21.3  -9 -9.0 -9  3  2
202605301300 108  23  3.4  -9 -9.0   -9 1000.3 1010.0 -9  -9.0  27.6  14.9  46.0  16.9   -9.0   -9.0   -9.0   -9.0   -9.0   -9.0   -9.0 -9 -9 -                        0   0   -9 -         -9  -9  -9  2437  1.0  3.66 -9  43.1  24.8  24.7  23.9  21.3  -9 -9.0 -9  3  2
202605301400 108  25  3.7  -9 -9.0   -9 1000.0 1009.6 -9  -9.0  28.3  13.7  41.0  15.7   -9.0   -9.0   -9.0   -9.0   -9.0   -9.0   -9.0 -9 -9 -                        0   0   -9 -         -9  -9  -9  2358  1.0  3.55 -9  44.0  25.6  25.5  24.7  21.4  -9 -9.0 -9  3  2
202605301500 108  23  3.5  -9 -9.0   -9  999.5 1009.1  7  -1.2  28.9  14.6  42.0  16.6   -9.0   -9.0   -9.0   -9.0   -9.0   -9.0   -9.0 -9 -9 -                        0   0   -9 -         -9  -9  -9  3131  1.0  3.25 -9  43.1  26.1  26.1  25.3  21.5  -9 -9.0 -9  3  2
202605301600 108  23  4.9  -9 -9.0   -9  999.3 1008.9 -9  -9.0  28.2  12.9  39.0  14.9   -9.0   -9.0   -9.0   -9.0   -9.0   -9.0   -9.0 -9 -9 -                        0   0   -9 -         -9  -9  -9  3449  1.0  2.76 -9  40.2  26.3  26.4  25.7  21.7  -9 -9.0 -9  3  2
202605301700 108  25  4.6  -9 -9.0   -9  999.3 1009.0 -9  -9.0  27.7  13.9  43.0  15.9   -9.0   -9.0   -9.0   -9.0   -9.0   -9.0   -9.0 -9 -9 -                        0   0   -9 -         -9  -9  -9  2742  1.0  2.13 -9  36.0  26.0  26.3  25.8  21.9  -9 -9.0 -9  3  2
202605301800 108  25  3.5  -9 -9.0   -9  999.6 1009.3  3   0.2  27.1  13.0  42.0  15.0   -9.0   -9.0   -9.0   -9.0   -9.0   -9.0   -9.0 -9 -9 -                        0   0   -9 -         -9  -9  -9  3453  1.0  1.39 -9  28.8  25.6  25.9  25.6  22.2  -9 -9.0 -9  3  2
202605301900 108  23  3.9  -9 -9.0   -9 1000.2 1009.9 -9  -9.0  25.7  12.5  44.0  14.5   -9.0   -9.0   -9.0   -9.0   -9.0   -9.0   -9.0 -9 -9 -                        0   0   -9 -         -9  -9  -9  3128  1.0  0.61 -9  24.3  24.8  25.5  25.4  22.4  -9 -9.0 -9  3 -9
202605302000 108  27  2.3  -9 -9.0   -9 1000.9 1010.7 -9  -9.0  24.3  13.5  51.0  15.5   -9.0   -9.0   -9.0   -9.0   -9.0   -9.0   -9.0 -9 -9 -                        0   0   -9 -         -9  -9  -9  2900  0.4  0.10 -9  22.0  24.0  24.9  25.0  22.6  -9 -9.0 -9  3 -9
202605302100 108  27  2.7  -9 -9.0   -9 1001.4 1011.2  2   1.9  22.9  13.3  55.0  15.3   -9.0   -9.0   -9.0   -9.0   -9.0   -9.0   -9.0 -9 -9 -                        0   0   -9 -         -9  -9  -9  2655 -9.0 -9.00 -9  20.6  23.3  24.3  24.5  22.7  -9 -9.0 -9  3  2
202605302200 108  25  2.6  -9 -9.0   -9 1001.9 1011.8 -9  -9.0  21.9  13.5  59.0  15.5   -9.0   -9.0   -9.0   -9.0   -9.0   -9.0   -9.0 -9 -9 -                        0   0   -9 -         -9  -9  -9  2205 -9.0 -9.00 -9  19.6  22.8  23.8  24.0  22.8  -9 -9.0 -9  3 -9
202605302300 108  25  2.6  -9 -9.0   -9 1002.3 1012.2 -9  -9.0  21.4  13.3  60.0  15.3   -9.0   -9.0   -9.0   -9.0   -9.0   -9.0   -9.0 -9 -9 -                        0   0   -9 -         -9  -9  -9  2012 -9.0 -9.00 -9  19.1  22.3  23.3  23.6  22.8  -9 -9.0 -9  3 -9
202605310000 108  23  0.9  -9 -9.0   -9 1002.5 1012.5  2   1.3  20.5  13.4  64.0  15.4   -9.0   -9.0   -9.0   -9.0   -9.0   -9.0   -9.0 -9 -9 -                        0   0   -9 -         -9  -9  -9  1842 -9.0 -9.00 -9  18.2  21.9  22.9  23.2  22.8  -9 -9.0 -9  3  2
202605310100 108  27  0.6  -9 -9.0   -9 1002.4 1012.4 -9  -9.0  19.9  13.5  67.0  15.5   -9.0   -9.0   -9.0   -9.0   -9.0   -9.0   -9.0 -9 -9 -                        0   0   -9 -         -9  -9  -9  1918 -9.0 -9.00 -9  17.6  21.4  22.4  22.8  22.8  -9 -9.0 -9  3 -9
202605310200 108  32  0.6  -9 -9.0   -9 1002.6 1012.6 -9  -9.0  19.3  13.6  70.0  15.6   -9.0   -9.0   -9.0   -9.0   -9.0   -9.0   -9.0 -9 -9 -                        0   0   -9 -         -9  -9  -9  1882 -9.0 -9.00 -9  17.3  21.0  22.0  22.4  22.7  -9 -9.0 -9  3 -9
202605310300 108   5  0.6  -9 -9.0   -9 1002.7 1012.7  3   0.2  18.7  13.5  72.0  15.5   -9.0   -9.0   -9.0   -9.0   -9.0   -9.0   -9.0 -9 -9 -                        0   0   -9 -         -9  -9  -9  1985 -9.0 -9.00 -9  16.8  20.7  21.7  22.1  22.6  -9 -9.0 -9  3  2
202605310400 108   2  1.0  -9 -9.0   -9 1002.8 1012.8 -9  -9.0  18.4  13.2  72.0  15.2   -9.0   -9.0   -9.0   -9.0   -9.0   -9.0   -9.0 -9 -9 -                        0   0   -9 -         -9  -9  -9  1873 -9.0 -9.00 -9  16.6  20.4  21.4  21.8  22.5  -9 -9.0 -9  3  2
202605310500 108   2  1.6  -9 -9.0   -9 1003.1 1013.2 -9  -9.0  17.7  13.2  75.0  15.2   -9.0   -9.0   -9.0   -9.0   -9.0   -9.0   -9.0 -9 -9 -                        0   0   -9 -         -9  -9  -9  1773 -9.0 -9.00 -9  16.1  20.1  21.1  21.5  22.4  -9 -9.0 -9  3  2
202605310600 108   2  1.6  -9 -9.0   -9 1003.4 1013.5  2   0.8  17.6  13.3  76.0  15.3   -9.0   -9.0   -9.0   -9.0   -9.0   -9.0   -9.0 -9 -9 -                        0   0   -9 -         -9  -9  -9  1855  0.1  0.05 -9  16.4  19.9  20.8  21.2  22.3  -9 -9.0 -9  3  2
202605310700 108   5  1.9  -9 -9.0   -9 1003.6 1013.6 -9  -9.0  19.0  14.0  73.0  16.0   -9.0   -9.0   -9.0   -9.0   -9.0   -9.0   -9.0 -9 -9 -                        0   0   -9 -         -9  -9  -9  1829  1.0  0.54 -9  17.5  19.6  20.6  21.1  22.1  -9 -9.0 -9  3  2
202605310800 108   5  1.2  -9 -9.0   -9 1004.1 1014.0 -9  -9.0  21.7  15.0  66.0  17.0   -9.0   -9.0   -9.0   -9.0   -9.0   -9.0   -9.0 -9 -9 -                        0   0   -9 -         -9  -9  -9  2252  1.0  1.33 -9  19.9  20.5  20.9  21.2  22.0  -9 -9.0 -9  3  2
202605310900 108  36  0.9  -9 -9.0   -9 1004.2 1014.0  1   0.5  23.9  14.3  55.0  16.3   -9.0   -9.0   -9.0   -9.0   -9.0   -9.0   -9.0 -9 -9 -                        0   0   -9 -         -9  -9  -9  1998  1.0  2.05 -9  23.7  21.2  21.5  21.6  21.9  -9 -9.0 -9  3  2
202605311000 108  20  1.5  -9 -9.0   -9 1004.1 1013.9 -9  -9.0  25.7  13.2  46.0  15.2   -9.0   -9.0   -9.0   -9.0   -9.0   -9.0   -9.0 -9 -9 -                        0   0   -9 -         -9  -9  -9  2382  1.0  2.71 -9  33.6  22.2  22.4  22.3  21.8  -9 -9.0 -9  3  2
202605311100 108  23  1.4  -9 -9.0   -9 1004.2 1013.9 -9  -9.0  27.5  11.9  38.0  13.9   -9.0   -9.0   -9.0   -9.0   -9.0   -9.0   -9.0 -9 -9 -                        0   0   -9 -         -9  -9  -9  3332  1.0  3.29 -9  42.0  23.3  23.5  23.0  21.7  -9 -9.0 -9  3  2
202605311200 108  25  3.2  -9 -9.0   -9 1004.0 1013.7  7  -0.3  29.1  11.6  34.0  13.7   -9.0   -9.0   -9.0   -9.0   -9.0   -9.0   -9.0 -9 -9 -                        0   0   -9 -         -9  -9  -9  3479  1.0  3.63 -9  46.5  24.4  24.5  23.9  21.7  -9 -9.0 -9  3  2
202605311300 108  27  3.4  -9 -9.0   -9 1003.5 1013.1 -9  -9.0  29.7   8.1  26.0  10.8   -9.0   -9.0   -9.0   -9.0   -9.0   -9.0   -9.0 -9 -9 -                        0   0   -9 -         -9  -9  -9  3790  1.0  3.69 -9  48.6  25.1  25.4  24.6  21.7  -9 -9.0 -9  3  2
202605311400 108  27  2.9  -9 -9.0   -9 1002.9 1012.5 -9  -9.0  30.2   7.3  24.0  10.2   -9.0   -9.0   -9.0   -9.0   -9.0   -9.0   -9.0 -9 -9 -                        0   0   -9 -         -9  -9  -9  3309  1.0  3.65 -9  49.4  25.8  26.1  25.3  21.8  -9 -9.0 -9  3  2
202605311500 108  25  3.7  -9 -9.0   -9 1002.6 1012.2  7  -1.5  30.7   5.8  21.0   9.2   -9.0   -9.0   -9.0   -9.0   -9.0   -9.0   -9.0 -9 -9 -                        0   0   -9 -         -9  -9  -9  3982  1.0  3.37 -9  47.4  26.3  26.6  25.8  22.0  -9 -9.0 -9  3  2
202605311600 108  27  4.0  -9 -9.0   -9 1002.6 1012.2 -9  -9.0  30.4   9.8  28.0  12.1   -9.0   -9.0   -9.0   -9.0   -9.0   -9.0   -9.0 -9 -9 -                        0   0   -9 -         -9  -9  -9  3296  1.0  2.79 -9  44.1  26.5  26.8  26.2  22.2  -9 -9.0 -9  3  2
202605311700 108  29  3.3  -9 -9.0   -9 1002.3 1011.9 -9  -9.0  29.7   6.3  23.0   9.5   -9.0   -9.0   -9.0   -9.0   -9.0   -9.0   -9.0 -9 -9 -                        0   0   -9 -         -9  -9  -9  3819  1.0  2.15 -9  39.0  26.3  26.7  26.2  22.4  -9 -9.0 -9  3  2
202605311800 108  29  2.9  -9 -9.0   -9 1002.5 1012.1  5  -0.1  29.1   6.4  24.0   9.6   -9.0   -9.0   -9.0   -9.0   -9.0   -9.0   -9.0 -9 -9 -                        0   0   -9 -         -9  -9  -9  4290  1.0  1.42 -9  29.7  26.0  26.3  26.1  22.6  -9 -9.0 -9  3  2
202605311900 108  27  2.1  -9 -9.0   -9 1002.8 1012.5 -9  -9.0  27.3   4.9  24.0   8.7   -9.0   -9.0   -9.0   -9.0   -9.0   -9.0   -9.0 -9 -9 -                        0   0   -9 -         -9  -9  -9  4254  1.0  0.68 -9  24.9  25.3  25.8  25.8  22.8  -9 -9.0 -9  3 -9
202605312000 108  27  1.7  -9 -9.0   -9 1003.2 1013.0 -9  -9.0  25.3   5.4  28.0   9.0   -9.0   -9.0   -9.0   -9.0   -9.0   -9.0   -9.0 -9 -9 -                        0   0   -9 -         -9  -9  -9  3938  0.4  0.10 -9  21.6  24.5  25.2  25.3  23.0  -9 -9.0 -9  3 -9
202605312100 108  29  0.9  -9 -9.0   -9 1003.7 1013.5  2   1.4  24.0   5.8  31.0   9.2   -9.0   -9.0   -9.0   -9.0   -9.0   -9.0   -9.0 -9 -9 -                        0   0   -9 -         -9  -9  -9  4159 -9.0 -9.00 -9  19.9  23.7  24.5  24.8  23.1  -9 -9.0 -9  3  2
202605312200 108  27  1.4  -9 -9.0   -9 1004.1 1014.0 -9  -9.0  22.7   8.0  39.0  10.7   -9.0   -9.0   -9.0   -9.0   -9.0   -9.0   -9.0 -9 -9 -                        4   1   -9 -         -9  -9  -9  3660 -9.0 -9.00 -9  19.0  23.0  23.9  24.2  23.2  -9 -9.0 -9  3 -9
202605312300 108  27  0.8  -9 -9.0   -9 1004.2 1014.1 -9  -9.0  21.6   7.7  41.0  10.5   -9.0   -9.0   -9.0   -9.0   -9.0   -9.0   -9.0 -9 -9 -                        4   1   -9 -         -9  -9  -9  3677 -9.0 -9.00 -9  18.2  22.5  23.4  23.7  23.2  -9 -9.0 -9  3 -9
#7777END
