#START7777
#2345678901234567890123456789012345678901234567890123456789012345678901234567890123456789012345678901234567890123456789012345678901234567890123456789012345678901234567890123456789012345678901234567890123456789012345678901234567890123456789012345678901234
# YYMMDDHHMI STN  WD   WS GST  GST  GST     PA     PS PT    PR    TA    TD    HM    PV     RN     RN     RN     RN     SD     SD     SD WC WP WW                      CA  CA   CH CT        CT  CT  CT    VS   SS    SI ST    TS    TE    TE    TE    TE  ST   WH BF IR IX
#        KST  ID  16  m/s  WD   WS   TM    hPa    hPa  -   hPa     C     C     %   hPa     mm    DAY    JUN    INT    HR3    DAY    TOT -- -- ---------------------- TOT MID  MIN -------- TOP MID LOW                  GD     C     5    10    20    30 SEA    m --  -  -
202408010000 108  20  2.7  -9 -9.0   -9  995.7 1005.3  6  -0.1  27.9  24.1  80.0  30.0   -9.0   -9.0   -9.0   -9.0   -9.0   -9.0   -9.0 -9 -9 -                        8   8   12 Sc         0   0   5  3209 -9.0 -9.00 -9  26.6  28.6  29.0  28.4  28.1  -9 -9.0 -9  3  2
202408010100 108  20  1.9  -9 -9.0   -9  996.1 1005.7 -9  -9.0  27.8  24.2  81.0  30.2   -9.0   -9.0   -9.0   -9.0   -9.0   -9.0   -9.0 -9 -9 -                        0   0   -9 -         -9  -9  -9  3071 -9.0 -9.00 -9  26.8  28.4  28.8  28.3  28.1  -9 -9.0 -9  3 -9
202408010200 108  18  2.5  -9 -9.0   -9  996.1 1005.7 -9  -9.0  27.8  24.4  82.0  30.6   -9.0   -9.0   -9.0   -9.0   -9.0   -9.0   -9.0 -9 -9 -                        3   3    4 -         -9  -9  -9  3065 -9.0 -9.00 -9  26.8  28.3  28.7  28.2  28.1  -9 -9.0 -9  3 -9
202408010300 108  18  2.4  -9 -9.0   -9  995.6 1005.2  8  -0.1  27.8  24.4  82.0  30.6   -9.0   -9.0   -9.0   -9.0   -9.0   -9.0   -9.0 -9 -9 -                        9   9    9 Sc         0   0   5  3523 -9.0 -9.00 -9  26.8  28.2  28.6  28.1  28.0  -9 -9.0 -9  3  2
202408010400 108  18  2.7  -9 -9.0   -9  995.2 1004.8 -9  -9.0  27.7  24.7  84.0  31.1    0.0    0.0    0.0   -9.0   -9.0   -9.0   -9.0 60 62 1                        9   9    8 Sc         0   0   5  2119 -9.0 -9.00 -9  26.8  28.1  28.5  28.0  28.0  -9 -9.0 -9  1  1
202408010500 108  18  2.5  -9 -9.0   -9  994.9 1004.5 -9  -9.0  27.3  24.5  85.0  30.7    0.3    0.3    0.3   -9.0   -9.0   -9.0   -9.0 21 60 01                       4   4   11 Sc         0   0   5  3316 -9.0 -9.00 -9  26.2  28.0  28.4  27.9  27.9  -9 -9.0 -9  4  1
202408010600 108  20  2.3  -9 -9.0   -9  995.1 1004.7  5  -0.5  27.5  24.1  82.0  30.0   -9.0    0.3    0.3   -9.0   -9.0   -9.0   -9.0 -9 61 -                        9   9    5 Sc         0   0   5  3859  0.0  0.00 -9  26.4  27.9  28.3  27.8  27.8  -9 -9.0 -9  3  1
202408010700 108  20  2.5  -9 -9.0   -9  995.4 1005.0 -9  -9.0  27.6  24.4  83.0  30.6    0.0    0.3    0.3   -9.0   -9.0   -9.0   -9.0 60 62 01                       9   9    5 Sc         0   0   5  2974  0.0  0.06 -9  26.9  27.8  28.2  27.8  27.8  -9 -9.0 -9  4  1
202408010800 108  20  3.3  -9 -9.0   -9  995.5 1005.1 -9  -9.0  28.0  24.8  83.0  31.3    0.0    0.3    0.3   -9.0   -9.0   -9.0   -9.0 21 62 01                       9   9    8 Sc         0   0   5  3320  0.0  0.34 -9  28.5  27.8  28.1  27.7  27.8  -9 -9.0 -9  4  1
202408010900 108  16  3.0  -9 -9.0   -9  995.0 1004.5  8  -0.2  28.9  25.0  80.0  31.7   -9.0    0.3    0.3   -9.0   -9.0   -9.0   -9.0 -9 61 -                        8   8    8 Sc         0   0   5  1316  0.1  0.84 -9  31.1  27.9  28.1  27.6  27.7  -9 -9.0 -9  3  1
202408011000 108  20  2.5  -9 -9.0   -9  995.0 1004.5 -9  -9.0  29.5  25.2  78.0  32.1   -9.0    0.3    0.3   -9.0   -9.0   -9.0   -9.0 -9 -9 -                        7   7    8 Sc         0   0   5  2624  0.1  0.88 -9  32.0  28.1  28.3  27.6  27.6  -9 -9.0 -9  3  2
202408011100 108  18  2.6  -9 -9.0   -9  995.1 1004.6 -9  -9.0  30.4  25.2  74.0  32.1   -9.0    0.3    0.3   -9.0   -9.0   -9.0   -9.0 -9 -9 -                        8   8    8 Sc         0   0   5  2397  0.2  1.56 -9  34.8  28.4  28.5  27.7  27.6  -9 -9.0 -9  3  2
202408011200 108  20  2.3  -9 -9.0   -9  994.7 1004.2  8  -0.3  31.1  25.2  71.0  32.1   -9.0    0.3    0.3   -9.0   -9.0   -9.0   -9.0 -9 -9 -                        9   9    8 Sc         0   0   5  2752  0.1  1.63 -9  34.9  28.9  28.8  27.8  27.6  -9 -9.0 -9  3  2
202408011300 108  25  2.4  -9 -9.0   -9  994.5 1004.0 -9  -9.0  31.3  25.4  71.0  32.4   -9.0    0.3    0.3   -9.0   -9.0   -9.0   -9.0 -9 -9 -                        9   9   11 Sc         0   0   5  2853  0.0  1.16 -9  35.9  29.2  29.1  28.0  27.6  -9 -9.0 -9  3  2
202408011400 108  20  3.3  -9 -9.0   -9  994.0 1003.5 -9  -9.0  32.2  25.2  67.0  32.1   -9.0    0.3    0.3   -9.0   -9.0   -9.0   -9.0 -9 -9 -                        8   8    8 Sc         0   0   5  3065  0.4  2.09 -9  37.0  29.6  29.3  28.2  27.7  -9 -9.0 -9  3  2
202408011500 108  18  2.9  -9 -9.0   -9  993.4 1002.8  7  -1.4  32.7  25.2  65.0  32.1   -9.0    0.3    0.3   -9.0   -9.0   -9.0   -9.0 -9 -9 -                        8   8    9 Sc         0   0   5  3172  0.5  2.17 -9  36.5  30.2  29.8  28.4  27.7  -9 -9.0 -9  3  2
202408011600 108  20  2.8  -9 -9.0   -9  992.7 1002.1 -9  -9.0  33.1  26.1  67.0  33.8   -9.0    0.3    0.3   -9.0   -9.0   -9.0   -9.0 -9 -9 -                        4   4   11 Sc         0   0   5  3085  0.5  1.85 -9  37.2  30.6  30.2  28.7  27.8  -9 -9.0 -9  3  2
202408011700 108  23  2.8  -9 -9.0   -9  992.8 1002.2 -9  -9.0  32.6  25.6  67.0  32.8   -9.0    0.3    0.3   -9.0   -9.0   -9.0   -9.0 -9 -9 -                        4   4   12 Sc         0   0   5  2598  0.3  0.96 -9  33.5  30.7  30.4  29.0  27.9  -9 -9.0 -9  3  2
202408011800 108  23  2.8  -9 -9.0   -9  992.9 1002.3  5  -0.5  32.6  25.6  67.0  32.8   -9.0    0.3    0.3   -9.0   -9.0   -9.0   -9.0 -9 -9 -                        2   2    9 Sc         0   0   5  2973  0.7  0.92 -9  32.2  30.6  30.5  29.2  28.1  -9 -9.0 -9  3  2
202408011900 108  23  2.3  -9 -9.0   -9  993.1 1002.6 -9  -9.0  31.7  25.0  68.0  31.7   -9.0    0.3    0.3   -9.0   -9.0   -9.0   -9.0 -9 -9 -                        2   1   13 -         -9  -9  -9  3049  0.7  0.46 -9  30.2  30.5  30.5  29.3  28.2  -9 -9.0 -9  3 -9
202408012000 108  29  2.8  -9 -9.0   -9  993.8 1003.3 -9  -9.0  30.4  25.4  75.0  32.4   -9.0    0.3    0.3   -9.0   -9.0   -9.0   -9.0 -9 -9 -                        2   2    7 -         -9  -9  -9  2624  0.0  0.03 -9  28.8  30.2  30.3  29.3  28.3  -9 -9.0 -9  3 -9
202408012100 108  27  2.2  -9 -9.0   -9  994.3 1003.8  2   1.5  29.6  25.3  78.0  32.2   -9.0    0.3    0.3   -9.0   -9.0   -9.0   -9.0 -9 -9 -                        2   2    6 Sc         0   0   5  2492 -9.0 -9.00 -9  27.9  29.8  30.0  29.2  28.4  -9 -9.0 -9  3  2
202408012200 108  27  1.8  -9 -9.0   -9  994.4 1003.9 -9  -9.0  29.2  25.3  80.0  32.2   -9.0    0.3    0.3   -9.0   -9.0   -9.0   -9.0 -9 -9 -                        4   4    6 -         -9  -9  -9  2408 -9.0 -9.00 -9  27.6  29.5  29.8  29.1  28.4  -9 -9.0 -9  3 -9
202408012300 108  25  2.5  -9 -9.0   -9  994.9 1004.4 -9  -9.0  29.1  25.0  79.0  31.7   -9.0    0.3    0.3   -9.0   -9.0   -9.0   -9.0 -9 -9 -                        4   4    6 -         -9  -9  -9  2523 -9.0 -9.00 -9  27.5  29.2  29.6  28.9  28.4  -9 -9.0 -9  3 -9
202408020000 108  25  1.7  -9 -9.0   -9  995.0 1004.5  2   0.7  29.0  24.9  79.0  31.5   -9.0    0.3    0.3   -9.0   -9.0   -9.0   -9.0 -9 -9 -                        7   7    7 Sc         0   0   5  2557 -9.0 -9.00 -9  27.2  29.0  29.4  28.8  28.4  -9 -9.0 -9  3  2
202408020100 108  20  2.4  -9 -9.0   -9  994.5 1004.0 -9  -9.0  28.8  24.9  80.0  31.5   -9.0   -9.0   -9.0   -9.0   -9.0   -9.0   -9.0 -9 -9 -                        6   6   -9 -         -9  -9  -9  2246 -9.0 -9.00 -9  27.0  28.8  29.2  28.6  28.4  -9 -9.0 -9  3  2
202408020200 108  18  2.7  -9 -9.0   -9  993.9 1003.4 -9  -9.0  28.7  25.3  82.0  32.2   -9.0   -9.0   -9.0   -9.0   -9.0   -9.0   -9.0 -9 -9 -                        7   7   -9 -         -9  -9  -9  1966 -9.0 -9.00 -9  27.2  28.7  29.0  28.5  28.3  -9 -9.0 -9  3  2
202408020300 108  23  3.2  -9 -9.0   -9  994.2 1003.7  5  -0.8  28.5  25.1  82.0  31.9   -9.0   -9.0   -9.0   -9.0   -9.0   -9.0   -9.0 -9 -9 -                        8   8    6 Sc         0   0   5  2229 -9.0 -9.00 -9  27.1  28.5  28.9  28.4  28.3  -9 -9.0 -9  3  2
202408020400 108  18  3.5  -9 -9.0   -9  994.0 1003.5 -9  -9.0  28.4  25.2  83.0  32.1   -9.0   -9.0   -9.0   -9.0   -9.0   -9.0   -9.0 -9 -9 -                        8   8    6 Sc         0   0   5  2291 -9.0 -9.00 -9  27.0  28.4  28.8  28.3  28.2  -9 -9.0 -9  3  2
202408020500 108  23  2.7  -9 -9.0   -9  994.2 1003.8 -9  -9.0  28.3  25.1  83.0  31.9   -9.0   -9.0   -9.0   -9.0   -9.0   -9.0   -9.0 -9 -9 -                        8   8    6 Sc         0   0   5  2251 -9.0 -9.00 -9  26.9  28.3  28.7  28.2  28.2  -9 -9.0 -9  3  2
202408020600 108  18  2.6  -9 -9.0   -9  994.0 1003.6  5  -0.1  28.2  25.0  83.0  31.7   -9.0   -9.0   -9.0   -9.0   -9.0   -9.0   -9.0 -9 -9 -                        9   9    6 Sc         0   0   5  2185  0.0  0.00 -9  27.0  28.2  28.6  28.1  28.1  -9 -9.0 -9  3  2
202408020700 108  18  3.7  -9 -9.0   -9  994.3 1003.9 -9  -9.0  28.3  25.1  83.0  31.9   -9.0   -9.0   -9.0   -9.0   -9.0   -9.0   -9.0 -9 -9 -                        9   9    6 Sc         0   0   5  2427  0.0  0.07 -9  27.3  28.1  28.5  28.0  28.0  -9 -9.0 -9  3  2
202408020800 108  20  2.1  -9 -9.0   -9  994.5 1004.0 -9  -9.0  28.5  25.3  83.0  32.2   -9.0   -9.0   -9.0   -9.0   -9.0   -9.0   -9.0 -9 -9 -                        9   9    6 Sc         0   0   5  2415  0.0  0.21 -9  28.1  28.1  28.5  27.9  28.0  -9 -9.0 -9  3  2
202408020900 108  20  2.8  -9 -9.0   -9  994.3 1003.8  0   0.2  28.9  25.0  80.0  31.7   -9.0   -9.0   -9.0   -9.0   -9.0   -9.0   -9.0 -9 -9 -                        9   9    7 Sc         0   0   5  2186  0.0  0.42 -9  29.2  28.2  28.5  27.9  27.9  -9 -9.0 -9  3  2
202408021000 108  20  2.6  -9 -9.0   -9  994.5 1004.0 -9  -9.0  28.9  25.0  80.0  31.7   -9.0   -9.0   -9.0   -9.0   -9.0   -9.0   -9.0 -9 -9 -                       10   9    7 ScAs      -9   2   5  2170  0.0  0.29 -9  28.9  28.3  28.5  27.9  27.9  -9 -9.0 -9  3  2
202408021100 108  23  2.7  -9 -9.0   -9  994.5 1004.0 -9  -9.0  29.3  25.8  82.0  33.2   -9.0   -9.0   -9.0   -9.0   -9.0   -9.0   -9.0 -9 -9 -                        9   9    7 Sc         0   0   5  2177  0.0  0.50 -9  30.3  28.3  28.6  27.9  27.9  -9 -9.0 -9  3  2
202408021200 108  25  2.8  -9 -9.0   -9  994.4 1003.9  0   0.1  29.8  25.5  78.0  32.6   -9.0   -9.0   -9.0   -9.0   -9.0   -9.0   -9.0 -9 -9 -                       10   7    9 ScAs      -9   2   5  2238  0.0  0.71 -9  31.1  28.5  28.6  27.9  27.8  -9 -9.0 -9  3  2
202408021300 108  27  2.6  -9 -9.0   -9  993.8 1003.3 -9  -9.0  30.8  26.0  76.0  33.6   -9.0   -9.0   -9.0   -9.0   -9.0   -9.0   -9.0 -9 -9 -                        7   4   10 ScAc       0   3   5  2184  0.1  1.32 -9  37.0  28.7  28.8  28.0  27.8  -9 -9.0 -9  3  2
202408021400 108  27  3.0  -9 -9.0   -9  993.7 1003.2 -9  -9.0  31.1  25.6  73.0  32.8   -9.0   -9.0   -9.0   -9.0   -9.0   -9.0   -9.0 -9 -9 -                        9   9   10 Sc         0   0   5  2087  0.2  1.29 -9  33.3  29.2  29.1  28.1  27.8  -9 -9.0 -9  3  2
202408021500 108  27  3.3  -9 -9.0   -9  993.7 1003.2  6  -0.7  31.7  26.0  72.0  33.6   -9.0   -9.0   -9.0   -9.0   -9.0   -9.0   -9.0 -9 -9 -                        5   5    8 CuSc       0   0   8  2262  0.2  1.22 -9  36.0  29.3  29.3  28.3  27.8  -9 -9.0 -9  3  2
202408021600 108  29  2.9  -9 -9.0   -9  993.3 1002.7 -9  -9.0  32.2  26.0  70.0  33.6   -9.0   -9.0   -9.0   -9.0   -9.0   -9.0   -9.0 -9 -9 -                        4   4   10 Sc         0   0   5  2086  0.5  1.63 -9  36.3  29.6  29.5  28.4  27.9  -9 -9.0 -9  3  2
202408021700 108  27  2.7  -9 -9.0   -9  993.3 1002.7 -9  -9.0  32.4  25.7  68.0  33.0   -9.0   -9.0   -9.0   -9.0   -9.0   -9.0   -9.0 -9 -9 -                        4   4    8 Sc         0   0   5  2212  0.7  1.58 -9  34.2  29.9  29.7  28.6  28.0  -9 -9.0 -9  3  2
202408021800 108  27  2.6  -9 -9.0   -9  993.3 1002.8  5  -0.4  31.7  26.2  73.0  34.0   -9.0   -9.0   -9.0   -9.0   -9.0   -9.0   -9.0 -9 -9 -                        8   1    8 ScCi       2   0   5  2103  0.2  0.71 -9  32.3  30.0  29.9  28.8  28.0  -9 -9.0 -9  3  2
202408021900 108  27  2.6  -9 -9.0   -9  994.0 1003.5 -9  -9.0  30.9  26.3  77.0  34.2   -9.0   -9.0   -9.0   -9.0   -9.0   -9.0   -9.0 -9 -9 -                        6   1    6 -         -9  -9  -9  1515  0.5  0.36 -9  29.9  29.9  29.9  28.9  28.1  -9 -9.0 -9  3 -9
202408022000 108  29  2.3  -9 -9.0   -9  994.7 1004.2 -9  -9.0  29.8  26.1  81.0  33.8   -9.0   -9.0   -9.0   -9.0   -9.0   -9.0   -9.0 -9 -9 -                        7   7    5 -         -9  -9  -9  1242  0.0  0.05 -9  28.5  29.7  29.8  28.9  28.2  -9 -9.0 -9  3 -9
202408022100 108  25  2.4  -9 -9.0   -9  995.1 1004.6  2   1.8  29.2  26.0  83.0  33.6   -9.0   -9.0   -9.0   -9.0   -9.0   -9.0   -9.0 -9 -9 -                        5   5    6 Sc         0   0   5  1090 -9.0 -9.00 -9  27.5  29.4  29.7  28.9  28.2  -9 -9.0 -9  3  2
202408022200 108  25  2.9  -9 -9.0   -9  995.8 1005.3 -9  -9.0  29.2  25.8  82.0  33.2   -9.0   -9.0   -9.0   -9.0   -9.0   -9.0   -9.0 -9 -9 19                       1   1    5 -         -9  -9  -9   754 -9.0 -9.00 -9  27.3  29.1  29.5  28.8  28.3  -9 -9.0 -9  3  2
202408022300 108  23  3.5  -9 -9.0   -9  996.2 1005.7 -9  -9.0  29.0  25.6  82.0  32.8   -9.0   -9.0   -9.0   -9.0   -9.0   -9.0   -9.0 -9 -9 19                       0   0   -9 -         -9  -9  -9   836 -9.0 -9.00 -9  26.9  28.9  29.3  28.6  28.3  -9 -9.0 -9  3  2
202408030000 108  23  1.9  -9 -9.0   -9  996.5 1006.0  2   1.4  28.9  25.9  84.0  33.4   -9.0   -9.0   -9.0   -9.0   -9.0   -9.0   -9.0 10 22 19                       9   9    6 Sc         0   0   5   747 -9.0 -9.00 -9  27.3  28.7  29.1  28.5  28.3  -9 -9.0 -9  3  1
202408030100 108  27  1.9  -9 -9.0   -9  996.3 1005.9 -9  -9.0  28.3  25.7  86.0  33.0   -9.0   -9.0   -9.0   -9.0   -9.0   -9.0   -9.0 -9 -9 19                       0   0   -9 -         -9  -9  -9   478 -9.0 -9.00 -9  26.5  28.6  29.0  28.4  28.2  -9 -9.0 -9  3  2
202408030200 108  29  1.2  -9 -9.0   -9  996.3 1005.9 -9  -9.0  28.0  25.8  88.0  33.2   -9.0   -9.0   -9.0   -9.0   -9.0   -9.0   -9.0 -9 -9 19                       0   0   -9 -         -9  -9  -9   406 -9.0 -9.00 -9  26.2  28.4  28.8  28.3  28.2  -9 -9.0 -9  3  2
202408030300 108  27  1.4  -9 -9.0   -9  996.5 1006.1  3   0.1  27.7  25.5  88.0  32.6   -9.0   -9.0   -9.0   -9.0   -9.0   -9.0   -9.0 10 22 19                       6   6    6 Sc         0   0   5   467 -9.0 -9.00 -9  26.4  28.3  28.7  28.2  28.2  -9 -9.0 -9  3  1
202408030400 108  29  1.8  -9 -9.0   -9  996.5 1006.1 -9  -9.0  27.3  24.9  87.0  31.5   -9.0   -9.0   -9.0   -9.0   -9.0   -9.0   -9.0 10 22 19                       8   8    6 Sc         0   0   5   865 -9.0 -9.00 -9  26.5  28.1  28.6  28.1  28.1  -9 -9.0 -9  3  1
202408030500 108  25  1.7  -9 -9.0   -9  997.0 1006.6 -9  -9.0  27.2  25.0  88.0  31.7   -9.0   -9.0   -9.0   -9.0   -9.0   -9.0   -9.0 10 22 19                       8   8    5 Sc         0   0   5   775 -9.0 -9.00 -9  26.4  28.0  28.4  28.0  28.0  -9 -9.0 -9  3  1
202408030600 108  27  1.4  -9 -9.0   -9  997.4 1007.0  2   0.9  27.3  25.1  88.0  31.9   -9.0   -9.0   -9.0   -9.0   -9.0   -9.0   -9.0 10 22 19                      10  10    3 St        -9  -9   6   694  0.0  0.00 -9  26.6  27.9  28.3  27.9  28.0  -9 -9.0 -9  3  1
202408030700 108  29  2.0  -9 -9.0   -9  997.8 1007.4 -9  -9.0  27.4  25.0  87.0  31.7   -9.0   -9.0   -9.0   -9.0   -9.0   -9.0   -9.0 10 22 19                       9   9    5 Sc         0   0   5   723  0.0  0.14 -9  27.4  27.9  28.3  27.8  27.9  -9 -9.0 -9  3  1
202408030800 108  27  1.7  -9 -9.0   -9  998.0 1007.6 -9  -9.0  27.9  25.1  85.0  31.9   -9.0   -9.0   -9.0   -9.0   -9.0   -9.0   -9.0 10 22 19                       9   9    5 Sc         0   0   5   834  0.0  0.40 -9  29.1  27.9  28.2  27.7  27.9  -9 -9.0 -9  3  1
202408030900 108  32  1.1  -9 -9.0   -9  998.1 1007.7  2   0.7  28.6  25.4  83.0  32.4   -9.0   -9.0   -9.0   -9.0   -9.0   -9.0   -9.0 10 22 19                       9   9    6 Sc         0   0   5   801  0.0  0.73 -9  31.2  28.1  28.3  27.7  27.8  -9 -9.0 -9  3  1
202408031000 108  25  1.4  -9 -9.0   -9  998.3 1007.9 -9  -9.0  29.9  25.8  79.0  33.2   -9.0   -9.0   -9.0   -9.0   -9.0   -9.0   -9.0 10 22 19                       7   7    6 Sc         0   0   5   939  0.4  1.62 -9  35.3  28.4  28.5  27.8  27.8  -9 -9.0 -9  3  1
202408031100 108  27  2.4  -9 -9.0   -9  998.0 1007.5 -9  -9.0  31.0  25.5  73.0  32.6   -9.0   -9.0   -9.0   -9.0   -9.0   -9.0   -9.0 10 22 19                       7   7    6 Sc         0   0   5   979  0.7  2.25 -9  37.0  29.1  28.9  27.9  27.8  -9 -9.0 -9  3  1
202408031200 108  25  2.5  -9 -9.0   -9  997.7 1007.2  8  -0.5  32.0  25.5  69.0  32.6   -9.0   -9.0   -9.0   -9.0   -9.0   -9.0   -9.0 -9 -9 19                       6   6    7 Sc         0   0   5  1139  0.6  2.50 -9  41.7  29.6  29.3  28.1  27.8  -9 -9.0 -9  3  2
202408031300 108  29  3.0  -9 -9.0   -9  997.4 1006.9 -9  -9.0  32.9  25.4  65.0  32.4   -9.0   -9.0   -9.0   -9.0   -9.0   -9.0   -9.0 -9 -9 -                        5   5    9 Sc         0   0   5  1602  0.8  3.06 -9  44.4  30.3  29.9  28.5  27.9  -9 -9.0 -9  3  2
202408031400 108  29  2.7  -9 -9.0   -9  997.0 1006.4 -9  -9.0  33.2  24.9  62.0  31.5   -9.0   -9.0   -9.0   -9.0   -9.0   -9.0   -9.0 -9 -9 -                        4   4    9 Sc         0   0   5  1960  0.9  3.03 -9  43.9  31.0  30.4  28.9  28.0  -9 -9.0 -9  3  2
202408031500 108  27  3.6  -9 -9.0   -9  996.9 1006.3  7  -0.9  33.8  24.9  60.0  31.5   -9.0   -9.0   -9.0   -9.0   -9.0   -9.0   -9.0 -9 -9 -                        4   4   11 Sc         0   0   5  1943  0.7  2.40 -9  44.0  31.3  30.9  29.3  28.1  -9 -9.0 -9  3  2
202408031600 108  29  2.9  -9 -9.0   -9  996.4 1005.8 -9  -9.0  34.0  25.1  60.0  31.9   -9.0   -9.0   -9.0   -9.0   -9.0   -9.0   -9.0 -9 -9 -                        3   3   11 Sc         0   0   5  1864  1.0  2.49 -9  42.1  31.6  31.2  29.6  28.3  -9 -9.0 -9  3  2
202408031700 108  27  2.4  -9 -9.0   -9  996.0 1005.4 -9  -9.0  33.8  25.4  62.0  32.4   -9.0   -9.0   -9.0   -9.0   -9.0   -9.0   -9.0 -9 -9 -                        1   1   10 Sc         0   0   5  2160  0.6  1.33 -9  37.8  31.6  31.4  29.9  28.4  -9 -9.0 -9  3  2
202408031800 108  27  2.9  -9 -9.0   -9  996.1 1005.5  5  -0.8  33.4  25.3  63.0  32.2   -9.0   -9.0   -9.0   -9.0   -9.0   -9.0   -9.0 -9 -9 -                        0   0   -9 -         -9  -9  -9  2388  1.0  1.16 -9  33.6  31.6  31.4  30.0  28.6  -9 -9.0 -9  3  2
202408031900 108  25  2.5  -9 -9.0   -9  996.6 1006.1 -9  -9.0  32.3  25.1  66.0  31.9   -9.0   -9.0   -9.0   -9.0   -9.0   -9.0   -9.0 -9 -9 -                        0   0   -9 -         -9  -9  -9  2244  1.0  0.48 -9  31.1  31.3  31.4  30.1  28.8  -9 -9.0 -9  3 -9
202408032000 108  29  2.2  -9 -9.0   -9  997.3 1006.8 -9  -9.0  30.7  24.5  70.0  30.7   -9.0   -9.0   -9.0   -9.0   -9.0   -9.0   -9.0 -9 -9 -                        0   0   -9 -         -9  -9  -9  2996  0.1  0.05 -9  29.0  30.9  31.2  30.2  28.9  -9 -9.0 -9  3 -9
202408032100 108  29  2.9  -9 -9.0   -9  997.9 1007.5  2   2.0  30.0  24.6  73.0  30.9   -9.0   -9.0   -9.0   -9.0   -9.0   -9.0   -9.0 -9 -9 -                        0   0   -9 -         -9  -9  -9  2589 -9.0 -9.00 -9  27.9  30.4  30.9  30.0  29.0  -9 -9.0 -9  3  2
202408032200 108  29  2.7  -9 -9.0   -9  998.3 1007.8 -9  -9.0  29.6  24.6  75.0  30.9   -9.0   -9.0   -9.0   -9.0   -9.0   -9.0   -9.0 -9 -9 -                        0   0   -9 -         -9  -9  -9  2713 -9.0 -9.00 -9  27.3  29.9  30.5  29.9  29.1  -9 -9.0 -9  3 -9
202408032300 108  29  1.5  -9 -9.0   -9  998.1 1007.6 -9  -9.0  29.2  24.3  75.0  30.4   -9.0   -9.0   -9.0   -9.0   -9.0   -9.0   -9.0 -9 -9 -                        0   0   -9 -         -9  -9  -9  2688 -9.0 -9.00 -9  26.8  29.5  30.2  29.7  29.1  -9 -9.0 -9  3 -9
202408040000 108  27  1.2  -9 -9.0   -9  997.9 1007.5  4   0.0  28.7  24.0  76.0  29.8   -9.0   -9.0   -9.0   -9.0   -9.0   -9.0   -9.0 -9 -9 -                        0   0   -9 -         -9  -9  -9  2533 -9.0 -9.00 -9  26.4  29.2  30.0  29.5  29.0  -9 -9.0 -9  3  2
202408040100 108   0  0.3  -9 -9.0   -9  998.1 1007.7 -9  -9.0  28.4  24.3  79.0  30.4   -9.0   -9.0   -9.0   -9.0   -9.0   -9.0   -9.0 -9 -9 -                        0   0   -9 -         -9  -9  -9  2288 -9.0 -9.00 -9  26.1  28.9  29.7  29.2  29.0  -9 -9.0 -9  3 -9
202408040200 108  34  0.5  -9 -9.0   -9  997.9 1007.5 -9  -9.0  28.1  24.5  81.0  30.7   -9.0   -9.0   -9.0   -9.0   -9.0   -9.0   -9.0 -9 -9 -                        0   0   -9 -         -9  -9  -9  2058 -9.0 -9.00 -9  25.9  28.6  29.5  29.1  28.9  -9 -9.0 -9  3 -9
202408040300 108  34  0.7  -9 -9.0   -9  997.7 1007.3  8  -0.2  28.0  24.8  83.0  31.3   -9.0   -9.0   -9.0   -9.0   -9.0   -9.0   -9.0 -9 -9 -                        0   0   -9 -         -9  -9  -9  1839 -9.0 -9.00 -9  25.8  28.4  29.2  28.9  28.8  -9 -9.0 -9  3  2
202408040400 108   0  0.4  -9 -9.0   -9  997.9 1007.5 -9  -9.0  27.8  24.8  84.0  31.3   -9.0   -9.0   -9.0   -9.0   -9.0   -9.0   -9.0 -9 -9 -                        0   0   -9 -         -9  -9  -9  1619 -9.0 -9.00 -9  25.6  28.1  29.0  28.7  28.7  -9 -9.0 -9  3  2
202408040500 108  32  0.8  -9 -9.0   -9  998.4 1008.0 -9  -9.0  27.6  24.8  85.0  31.3   -9.0   -9.0   -9.0   -9.0   -9.0   -9.0   -9.0 -9 -9 -                        0   0   -9 -         -9  -9  -9  1388 -9.0 -9.00 -9  25.4  28.0  28.9  28.6  28.7  -9 -9.0 -9  3  2
202408040600 108   5  1.0  -9 -9.0   -9  998.5 1008.1  2   0.8  27.3  24.9  87.0  31.5   -9.0   -9.0   -9.0   -9.0   -9.0   -9.0   -9.0 -9 -9 -                        0   0   -9 -         -9  -9  -9  1295  0.0  0.01 -9  25.5  27.8  28.7  28.4  28.6  -9 -9.0 -9  3  2
202408040700 108   2  1.4  -9 -9.0   -9  998.3 1007.9 -9  -9.0  27.6  25.2  87.0  32.1   -9.0   -9.0   -9.0   -9.0   -9.0   -9.0   -9.0 -9 -9 -                        0   0   -9 -         -9  -9  -9  1225  0.5  0.26 -9  27.2  27.6  28.6  28.3  28.5  -9 -9.0 -9  3  2
202408040800 108   7  1.4  -9 -9.0   -9  998.6 1008.2 -9  -9.0  29.1  26.1  84.0  33.8   -9.0   -9.0   -9.0   -9.0   -9.0   -9.0   -9.0 -9 -9 -                        0   0   -9 -         -9  -9  -9  1253  1.0  0.79 -9  31.5  27.6  28.5  28.2  28.4  -9 -9.0 -9  3  2
202408040900 108   5  2.0  -9 -9.0   -9  998.7 1008.3  3   0.2  30.6  26.0  77.0  33.6   -9.0   -9.0   -9.0   -9.0   -9.0   -9.0   -9.0 -9 -9 -                        1   1   10 Sc         0   0   5  1310  1.0  1.55 -9  36.5  27.9  28.7  28.1  28.3  -9 -9.0 -9  3  2
202408041000 108   9  1.0  -9 -9.0   -9  998.5 1008.0 -9  -9.0  31.8  25.8  71.0  33.2   -9.0   -9.0   -9.0   -9.0   -9.0   -9.0   -9.0 -9 -9 -                        3   3   10 Sc         0   0   5  1404  0.8  2.03 -9  38.6  28.4  29.0  28.2  28.2  -9 -9.0 -9  3  2
202408041100 108  11  1.0  -9 -9.0   -9  998.5 1007.9 -9  -9.0  33.6  25.5  63.0  32.6   -9.0   -9.0   -9.0   -9.0   -9.0   -9.0   -9.0 -9 -9 -                        5   5   10 Sc         0   0   5  2097  0.9  2.91 -9  47.9  29.0  29.5  28.4  28.2  -9 -9.0 -9  3  2
202408041200 108   9  1.6  -9 -9.0   -9  998.1 1007.5  7  -0.8  35.0  24.6  55.0  30.9   -9.0   -9.0   -9.0   -9.0   -9.0   -9.0   -9.0 -9 -9 -                        5   5   10 CuSc       0   0   8  2064  1.0  3.43 -9  52.2  29.6  30.1  28.8  28.2  -9 -9.0 -9  3  2
202408041300 108  27  1.4  -9 -9.0   -9  997.5 1006.9 -9  -9.0  34.2  24.4  57.0  30.6   -9.0   -9.0   -9.0   -9.0   -9.0   -9.0   -9.0 -9 -9 -                        8   8   10 CuSc       0   0   8  2115  0.2  1.67 -9  41.2  31.0  30.8  29.2  28.3  -9 -9.0 -9  3  2
202408041400 108  25  2.8  -9 -9.0   -9  997.1 1006.5 -9  -9.0  35.5  25.3  56.0  32.2   -9.0   -9.0   -9.0   -9.0   -9.0   -9.0   -9.0 -9 -9 -                        6   6   10 CuSc       0   0   8  2256  0.7  2.75 -9  51.5  31.1  31.2  29.6  28.4  -9 -9.0 -9  3  2
202408041500 108  27  3.0  -9 -9.0   -9  996.7 1006.1  7  -1.4  36.1  24.9  53.0  31.5   -9.0   -9.0   -9.0   -9.0   -9.0   -9.0   -9.0 -9 -9 -                        6   6   10 CuSc       0   0   8  2209  0.9  3.09 -9  52.0  31.8  31.7  30.0  28.6  -9 -9.0 -9  3  2
202408041600 108  29  2.5  -9 -9.0   -9  996.2 1005.6 -9  -9.0  36.0  24.9  53.0  31.5   -9.0   -9.0   -9.0   -9.0   -9.0   -9.0   -9.0 -9 -9 -                        7   7   10 CuSc       0   0   8  1977  0.9  2.42 -9  48.2  32.1  32.1  30.4  28.8  -9 -9.0 -9  3  2
202408041700 108  27  2.9  -9 -9.0   -9  996.2 1005.6 -9  -9.0  35.4  25.2  56.0  32.1   -9.0   -9.0   -9.0   -9.0   -9.0   -9.0   -9.0 -9 -9 -                        2   2   10 Cu         0   0   2  2228  1.0  1.88 -9  42.3  32.5  32.4  30.7  29.0  -9 -9.0 -9  3  2
202408041800 108  27  1.6  -9 -9.0   -9  995.9 1005.3  7  -0.8  34.9  25.1  57.0  31.9   -9.0   -9.0   -9.0   -9.0   -9.0   -9.0   -9.0 -9 -9 -                        0   0   -9 -         -9  -9  -9  2089  1.0  1.15 -9  36.7  32.6  32.5  30.9  29.2  -9 -9.0 -9  3  2
202408041900 108  32  2.3  -9 -9.0   -9  996.0 1005.4 -9  -9.0  33.8  25.4  62.0  32.4   -9.0   -9.0   -9.0   -9.0   -9.0   -9.0   -9.0 -9 -9 -                        0   0   -9 -         -9  -9  -9  2120  1.0  0.42 -9  33.3  32.3  32.4  31.1  29.4  -9 -9.0 -9  3 -9
202408042000 108  29  2.1  -9 -9.0   -9  996.1 1005.6 -9  -9.0  32.6  25.6  67.0  32.8   -9.0   -9.0   -9.0   -9.0   -9.0   -9.0   -9.0 -9 -9 -                        0   0   -9 -         -9  -9  -9  1976  0.0  0.04 -9  30.9  31.6  32.2  31.0  29.5  -9 -9.0 -9  3 -9
202408042100 108  27  1.8  -9 -9.0   -9  997.2 1006.7  2   1.4  31.8  25.8  71.0  33.2   -9.0   -9.0   -9.0   -9.0   -9.0   -9.0   -9.0 -9 -9 -                        6   4   12 ScCi       1   0   5  1896 -9.0 -9.00 -9  30.1  31.2  31.9  30.9  29.6  -9 -9.0 -9  3  2
202408042200 108  27  1.6  -9 -9.0   -9  997.5 1007.0 -9  -9.0  31.3  25.1  70.0  31.9   -9.0   -9.0   -9.0   -9.0   -9.0   -9.0   -9.0 -9 -9 -                        6   1   -9 -         -9  -9  -9  1954 -9.0 -9.00 -9  29.3  30.8  31.6  30.8  29.7  -9 -9.0 -9  3 -9
202408042300 108  27  1.6  -9 -9.0   -9  997.5 1007.0 -9  -9.0  30.8  25.1  72.0  31.9   -9.0   -9.0   -9.0   -9.0   -9.0   -9.0   -9.0 -9 -9 -                        4   1   -9 -         -9  -9  -9  2053 -9.0 -9.00 -9  28.7  30.5  31.3  30.6  29.7  -9 -9.0 -9  3 -9
202408050000 108  29  1.9  -9 -9.0   -9  997.7 1007.2  2   0.5  30.6  24.7  71.0  31.1   -9.0   -9.0   -9.0   -9.0   -9.0   -9.0   -9.0 -9 -9 -                        2   2   10 CuSc       0   0   8  2203 -9.0 -9.00 -9  28.7  30.2  31.0  30.4  29.7  -9 -9.0 -9  3  2
202408050100 108   5  0.8  -9 -9.0   -9  997.5 1007.1 -9  -9.0  30.3  24.4  71.0  30.6   -9.0   -9.0   -9.0   -9.0   -9.0   -9.0   -9.0 17 92 -                        8   7    6 CbStNs     0   2   9  2192 -9.0 -9.00 -9  28.8  29.9  30.7  30.2  29.6  -9 -9.0 -9  3  1
202408050200 108   5  1.6  -9 -9.0   -9  997.7 1007.3 -9  -9.0  29.0  23.4  72.0  28.8   -9.0   -9.0   -9.0   -9.0   -9.0   -9.0   -9.0 29 90 -                        3   3   10 Sc         0   0   5  2639 -9.0 -9.00 -9  27.5  29.7  30.5  30.0  29.6  -9 -9.0 -9  3  1
202408050300 108   7  1.1  -9 -9.0   -9  997.6 1007.2  4   0.0  28.9  24.2  76.0  30.2   -9.0   -9.0   -9.0   -9.0   -9.0   -9.0   -9.0 -9 91 -                        8   8   10 Sc         0   0   5  2214 -9.0 -9.00 -9  27.9  29.6  30.3  29.8  29.5  -9 -9.0 -9  3  1
202408050400 108   7  1.0  -9 -9.0   -9  997.7 1007.3 -9  -9.0  29.0  24.9  79.0  31.5    0.5    0.5    0.5   -9.0   -9.0   -9.0   -9.0 25 82 04                       9   9    8 CuSc       0   0   8  1131 -9.0 -9.00 -9  27.8  29.4  30.1  29.6  29.4  -9 -9.0 -9  4  1
202408050500 108  25  2.2  -9 -9.0   -9  998.1 1007.7 -9  -9.0  28.8  25.4  82.0  32.4    0.0    0.5    0.5   -9.0   -9.0   -9.0   -9.0 80 82 04                       9   9    7 CuSc       0   0   8  1259 -9.0 -9.00 -9  27.4  29.2  29.9  29.5  29.4  -9 -9.0 -9  4  1
202408050600 108   2  0.7  -9 -9.0   -9  997.7 1007.3  0   0.1  27.5  24.7  85.0  31.1    0.0    0.5    0.5   -9.0   -9.0   -9.0   -9.0 29 98 04                       7   5    7 CuScAs     0   2   8  1133  0.0  0.01 -9  26.7  28.7  29.7  29.3  29.3  -9 -9.0 -9  4  1
202408050700 108   5  2.8  -9 -9.0   -9  997.8 1007.4 -9  -9.0  27.6  25.4  88.0  32.4   -9.0    0.5    0.5   -9.0   -9.0   -9.0   -9.0 -9 -9 -                        8   5    7 ScAc       0   3   5  1170  0.0  0.15 -9  27.7  28.3  29.6  29.2  29.2  -9 -9.0 -9  3  2
202408050800 108   5  2.4  -9 -9.0   -9  997.7 1007.3 -9  -9.0  27.6  24.6  84.0  30.9   -9.0    0.5    0.5   -9.0   -9.0   -9.0   -9.0 -9 -9 -                        4   3    8 ScAc       0   3   5  2187  0.0  0.30 -9  28.9  28.1  29.5  29.0  29.1  -9 -9.0 -9  3  2
202408050900 108   7  1.0  -9 -9.0   -9  997.9 1007.5  2   0.2  29.1  25.7  82.0  33.0   -9.0    0.5    0.5   -9.0   -9.0   -9.0   -9.0 -9 98 -                        2   2    8 Sc         0   0   5  1747  0.5  1.06 -9  34.4  28.0  29.4  28.9  29.0  -9 -9.0 -9  3  1
202408051000 108   9  0.9  -9 -9.0   -9  998.1 1007.6 -9  -9.0  30.5  26.2  78.0  34.0   -9.0    0.5    0.5   -9.0   -9.0   -9.0   -9.0 -9 -9 -                        6   6    7 Sc         0   0   5  1203  0.3  1.20 -9  37.4  28.4  29.5  28.9  29.0  -9 -9.0 -9  3  2
202408051100 108  29  1.5  -9 -9.0   -9  998.1 1007.6 -9  -9.0  31.5  25.5  71.0  32.6   -9.0    0.5    0.5   -9.0   -9.0   -9.0   -9.0 -9 -9 -                        7   7    6 Sc         0   0   5  1076  0.5  1.83 -9  41.1  29.5  29.9  29.0  28.9  -9 -9.0 -9  3  2
202408051200 108  27  1.8  -9 -9.0   -9  997.8 1007.3  8  -0.2  32.0  25.3  68.0  32.2    0.0    0.5    0.5   -9.0   -9.0   -9.0   -9.0 80 82 04                       8   8    7 CuSc       0   0   8  1110  0.3  1.24 -9  36.2  30.1  30.2  29.2  28.9  -9 -9.0 -9  4  1
202408051300 108  23  0.5  -9 -9.0   -9  997.5 1007.0 -9  -9.0  32.3  25.3  67.0  32.2    0.0    0.5    0.5   -9.0   -9.0   -9.0   -9.0 25 82 04                       8   8    8 CuSc       0   0   8  1013  0.0  0.88 -9  36.7  30.2  30.4  29.4  28.9  -9 -9.0 -9  4  1
202408051400 108  18  2.0  -9 -9.0   -9  996.9 1006.4 -9  -9.0  32.7  26.0  68.0  33.6   -9.0    0.5    0.5   -9.0   -9.0   -9.0   -9.0 -9 -9 -                        7   7    8 CuSc       0   0   8  1304  0.1  1.05 -9  37.9  30.3  30.6  29.5  28.9  -9 -9.0 -9  3  2
202408051500 108   9  0.9  -9 -9.0   -9  996.1 1005.5  7  -1.8  32.9  26.4  69.0  34.4   -9.0    0.5    0.5   -9.0   -9.0   -9.0   -9.0 -9 82 -                        5   5    8 CuSc       0   0   8  1167  0.2  1.39 -9  39.2  30.5  30.8  29.7  29.0  -9 -9.0 -9  3  1
202408051600 108  16  0.7  -9 -9.0   -9  996.4 1005.8 -9  -9.0  33.2  25.4  64.0  32.4   -9.0    0.5    0.5   -9.0   -9.0   -9.0   -9.0 -9 -9 -                        8   8    8 CuSc       0   0   8  1360  0.4  1.18 -9  36.0  30.6  31.0  29.9  29.0  -9 -9.0 -9  3  2
202408051700 108   5  1.4  -9 -9.0   -9  996.3 1005.8 -9  -9.0  32.7  26.2  69.0  34.0    0.0    0.5    0.5   -9.0   -9.0   -9.0   -9.0 91 98 04                       6   6   10 CuSc       0   0   8  1811  0.3  0.82 -9  35.9  30.4  31.2  30.0  29.1  -9 -9.0 -9  4  1
202408051800 108  29  3.5  -9 -9.0   -9  995.8 1005.2  8  -0.3  33.0  25.5  65.0  32.6    0.0    0.5    0.5   -9.0   -9.0   -9.0   -9.0 25 98 04                       7   2   10 ScCi       1   0   5  2905  0.7  1.27 -9  35.2  30.5  31.2  30.1  29.2  -9 -9.0 -9  4  1
202408051900 108  27  4.0  -9 -9.0   -9  996.5 1006.0 -9  -9.0  31.6  23.9  64.0  29.7   -9.0    0.5    0.5   -9.0   -9.0   -9.0   -9.0 -9 -9 -                       10   0   -9 -         -9  -9  -9  3018  0.1  0.48 -9  32.3  30.3  31.2  30.2  29.3  -9 -9.0 -9  3 -9
202408052000 108  25  2.9  -9 -9.0   -9  997.1 1006.6 -9  -9.0  30.4  25.0  73.0  31.7   -9.0    0.5    0.5   -9.0   -9.0   -9.0   -9.0 -9 -9 -                       10   7   13 -         -9  -9  -9  2782  0.0  0.06 -9  29.5  28.2  31.0  30.2  29.3  -9 -9.0 -9  3 -9
202408052100 108  11  1.4  -9 -9.0   -9  998.2 1007.8  2   2.6  30.0  25.2  76.0  32.1   -9.0    0.5    0.5   -9.0   -9.0   -9.0   -9.0 13 98 -                       10   2   10 ScCs       7   0   5  2522 -9.0 -9.00 -9  28.8  27.9  30.8  30.1  29.4  -9 -9.0 -9  3  1
202408052200 108  11  2.5  -9 -9.0   -9  998.7 1008.3 -9  -9.0  29.9  25.2  76.0  32.1   -9.0    0.5    0.5   -9.0   -9.0   -9.0   -9.0 13 -9 -                       10   7    7 CuScAs    -9   2   8  2486 -9.0 -9.00 -9  28.4  27.6  30.6  29.9  29.4  -9 -9.0 -9  3  1
202408052300 108   7  1.6  -9 -9.0   -9  997.8 1007.4 -9  -9.0  28.8  24.3  77.0  30.4    0.0    0.5    0.5   -9.0   -9.0   -9.0   -9.0 95 98 04                      10   8    5 CbStNs    -9   2   9  2813 -9.0 -9.00 -9  27.6  27.3  30.4  29.8  29.4  -9 -9.0 -9  4  1
202408060000 108   5  2.0  -9 -9.0   -9  996.9 1006.5  8  -1.3  26.9  23.7  83.0  29.3    0.8    1.3    1.3   -9.0   -9.0   -9.0   -9.0 91 98 04                      10   7    8 CuScAs    -9   2   8  2673 -9.0 -9.00 -9  25.9  27.0  30.1  29.6  29.4  -9 -9.0 -9  4  1
202408060100 108  11  2.3  -9 -9.0   -9  997.2 1006.9 -9  -9.0  26.6  23.8  85.0  29.5    0.0    0.0    0.0   -9.0   -9.0   -9.0   -9.0 25 82 04                      10   7    6 CuScCs     7   0   8  3609 -9.0 -9.00 -9  25.7  26.4  29.9  29.5  29.3  -9 -9.0 -9  4  1
202408060200 108   9  2.1  -9 -9.0   -9  997.1 1006.8 -9  -9.0  26.7  24.3  87.0  30.4   -9.0    0.0    0.0   -9.0   -9.0   -9.0   -9.0 -9 -9 -                        6   5    6 -         -9  -9  -9  2583 -9.0 -9.00 -9  26.0  26.0  29.6  29.3  29.2  -9 -9.0 -9  3 -9
202408060300 108   7  1.4  -9 -9.0   -9  997.4 1007.1  2   0.6  26.4  23.8  86.0  29.5   -9.0    0.0    0.0   -9.0   -9.0   -9.0   -9.0 -9 98 -                        2   1   10 ScCi       1   0   5  2934 -9.0 -9.00 -9  25.1  25.8  29.4  29.1  29.2  -9 -9.0 -9  3  1
202408060400 108   5  1.3  -9 -9.0   -9  997.7 1007.4 -9  -9.0  26.2  23.8  87.0  29.5   -9.0    0.0    0.0   -9.0   -9.0   -9.0   -9.0 -9 -9 -                        3   1   10 ScAc       0   3   5  2889 -9.0 -9.00 -9  24.8  25.5  29.2  28.9  29.1  -9 -9.0 -9  3  2
202408060500 108   5  2.3  -9 -9.0   -9  998.0 1007.7 -9  -9.0  25.8  23.6  88.0  29.1   -9.0    0.0    0.0   -9.0   -9.0   -9.0   -9.0 -9 -9 -                        0   0   -9 -         -9  -9  -9  3348 -9.0 -9.00 -9  24.5  25.2  29.0  28.8  29.0  -9 -9.0 -9  3  2
202408060600 108   2  2.2  -9 -9.0   -9  998.4 1008.1  2   1.0  25.7  23.3  87.0  28.6   -9.0    0.0    0.0   -9.0   -9.0   -9.0   -9.0 -9 -9 -                        6   6   10 CuSc       0   0   8  3431  0.0  0.00 -9  24.8  25.0  28.8  28.6  28.9  -9 -9.0 -9  3  2
202408060700 108   5  1.0  -9 -9.0   -9  998.7 1008.4 -9  -9.0  26.2  23.6  86.0  29.1    0.0    0.0    0.0   -9.0   -9.0   -9.0   -9.0 80 82 04                       7   7   11 CuSc       0   0   8  3534  0.0  0.27 -9  26.6  24.9  28.7  28.5  28.8  -9 -9.0 -9  4  1
202408060800 108   5  1.5  -9 -9.0   -9  999.1 1008.8 -9  -9.0  26.7  23.5  83.0  28.9    0.0    0.0    0.0   -9.0   -9.0   -9.0   -9.0 25 82 04                       8   8   10 CuSc       0   0   8  3937  0.0  0.37 -9  28.0  24.8  28.6  28.3  28.7  -9 -9.0 -9  4  1
202408060900 108  11  1.8  -9 -9.0   -9  999.5 1009.2  2   1.1  27.2  23.8  82.0  29.5    0.0    0.0    0.0   -9.0   -9.0   -9.0   -9.0 29 98 04                       9   5    6 CuScAs     0   2   8  3339  0.1  0.48 -9  28.3  27.8  28.7  28.3  28.6  -9 -9.0 -9  1  1
202408061000 108   5  2.7  -9 -9.0   -9  999.2 1008.8 -9  -9.0  27.8  24.2  81.0  30.2   -9.0    0.0    0.0   -9.0   -9.0   -9.0   -9.0 -9 -9 -                        7   4   10 ScAs       0   2   5  3327  0.0  0.73 -9  30.6  27.8  28.7  28.2  28.5  -9 -9.0 -9  3  2
202408061100 108   5  2.1  -9 -9.0   -9  999.0 1008.6 -9  -9.0  28.8  24.7  79.0  31.1   -9.0    0.0    0.0   -9.0   -9.0   -9.0   -9.0 -9 -9 -                        8   0   -9 Ci         2   0   0  2600  0.2  1.50 -9  35.8  27.9  28.8  28.2  28.4  -9 -9.0 -9  3  2
202408061200 108   9  1.8  -9 -9.0   -9  998.9 1008.5  7  -0.7  30.5  24.6  71.0  30.9   -9.0    0.0    0.0   -9.0   -9.0   -9.0   -9.0 -9 -9 -                        8   1   10 ScAcCi     2   3   5  2436  0.9  3.13 -9  43.0  28.4  29.1  28.4  28.4  -9 -9.0 -9  3  2
202408061300 108   9  2.1  -9 -9.0   -9  998.3 1007.8 -9  -9.0  31.4  24.7  68.0  31.1   -9.0    0.0    0.0   -9.0   -9.0   -9.0   -9.0 -9 -9 -                        2   1    9 CuCi       1   0   2  3235  0.9  3.11 -9  49.4  29.1  29.7  28.6  28.4  -9 -9.0 -9  3  2
202408061400 108  16  2.2  -9 -9.0   -9  997.6 1007.1 -9  -9.0  30.8  24.4  69.0  30.6   -9.0    0.0    0.0   -9.0   -9.0   -9.0   -9.0 29 90 -                        3   2    7 CuCi       3   0   2  2132  0.4  1.44 -9  37.7  29.1  30.2  28.9  28.5  -9 -9.0 -9  3  1
202408061500 108  18  1.9  -9 -9.0   -9  997.4 1006.9  7  -1.6  32.9  24.9  63.0  31.5   -9.0    0.0    0.0   -9.0   -9.0   -9.0   -9.0 -9 91 -                        3   3    8 Cu         0   0   1  2445  1.0  3.08 -9  49.8  29.0  30.6  29.3  28.5  -9 -9.0 -9  3  1
202408061600 108  20  2.4  -9 -9.0   -9  996.9 1006.3 -9  -9.0  33.2  24.3  60.0  30.4   -9.0    0.0    0.0   -9.0   -9.0   -9.0   -9.0 -9 -9 -                        5   3    9 CuCi       1   0   1  2381  0.9  2.32 -9  41.4  29.8  31.0  29.6  28.7  -9 -9.0 -9  3  2
202408061700 108  20  2.8  -9 -9.0   -9  996.6 1006.1 -9  -9.0  32.9  24.3  61.0  30.4   -9.0    0.0    0.0   -9.0   -9.0   -9.0   -9.0 -9 -9 -                        6   6   10 Cu         0   0   2  2556  0.3  0.99 -9  38.9  29.4  31.3  29.9  28.8  -9 -9.0 -9  3  2
202408061800 108  25  1.8  -9 -9.0   -9  996.0 1005.4  7  -1.5  33.2  24.6  61.0  30.9   -9.0    0.0    0.0   -9.0   -9.0   -9.0   -9.0 -9 -9 -                        4   3   10 CuCi       1   0   1  2930  0.5  0.86 -9  35.4  29.5  31.4  30.1  28.9  -9 -9.0 -9  3  2
202408061900 108  29  2.2  -9 -9.0   -9  996.2 1005.7 -9  -9.0  32.6  24.8  64.0  31.3   -9.0    0.0    0.0   -9.0   -9.0   -9.0   -9.0 -9 -9 -                        5   4   10 -         -9  -9  -9  2511  0.9  0.51 -9  32.3  29.9  31.4  30.3  29.1  -9 -9.0 -9  3 -9
202408062000 108  29  2.1  -9 -9.0   -9  996.6 1006.1 -9  -9.0  31.5  24.6  67.0  30.9   -9.0    0.0    0.0   -9.0   -9.0   -9.0   -9.0 -9 -9 -                        3   3   10 -         -9  -9  -9  2646  0.1  0.05 -9  30.1  29.1  31.2  30.3  29.2  -9 -9.0 -9  3 -9
202408062100 108  29  0.6  -9 -9.0   -9  996.7 1006.2  2   0.8  30.8  24.4  69.0  30.6   -9.0    0.0    0.0   -9.0   -9.0   -9.0   -9.0 -9 -9 -                        3   3   10 Sc         0   0   5  2870 -9.0 -9.00 -9  28.8  28.6  31.0  30.2  29.3  -9 -9.0 -9  3  2
202408062200 108  27  2.7  -9 -9.0   -9  996.8 1006.4 -9  -9.0  30.0  24.6  73.0  30.9   -9.0    0.0    0.0   -9.0   -9.0   -9.0   -9.0 -9 -9 -                        5   5    9 -         -9  -9  -9  2749 -9.0 -9.00 -9  28.0  27.9  30.7  30.0  29.4  -9 -9.0 -9  3 -9
202408062300 108  25  2.5  -9 -9.0   -9  997.1 1006.6 -9  -9.0  29.2  24.7  77.0  31.1   -9.0    0.0    0.0   -9.0   -9.0   -9.0   -9.0 -9 -9 -                        6   2   72 -         -9  -9  -9  2588 -9.0 -9.00 -9  27.3  27.9  30.4  29.9  29.4  -9 -9.0 -9  3 -9
202408070000 108  27  2.2  -9 -9.0   -9  997.4 1007.0  2   0.8  28.9  24.8  79.0  31.3   -9.0    0.0    0.0   -9.0   -9.0   -9.0   -9.0 -9 -9 -                        8   2   10 ScCi       1   0   5  2420 -9.0 -9.00 -9  27.2  27.9  30.2  29.7  29.3  -9 -9.0 -9  3  2
202408070100 108  27  1.2  -9 -9.0   -9  997.3 1006.9 -9  -9.0  28.5  24.7  80.0  31.1   -9.0   -9.0   -9.0   -9.0   -9.0   -9.0   -9.0 -9 -9 -                        2   2   -9 -         -9  -9  -9  2384 -9.0 -9.00 -9  26.5  27.6  30.0  29.5  29.3  -9 -9.0 -9  3 -9
202408070200 108   2  0.5  -9 -9.0   -9  997.5 1007.1 -9  -9.0  28.2  23.9  78.0  29.7   -9.0   -9.0   -9.0   -9.0   -9.0   -9.0   -9.0 -9 -9 -                        6   2   55 -         -9  -9  -9  2588 -9.0 -9.00 -9  26.0  27.4  29.8  29.4  29.2  -9 -9.0 -9  3 -9
202408070300 108  34  0.9  -9 -9.0   -9  997.3 1006.9  6  -0.1  27.8  23.6  78.0  29.1   -9.0   -9.0   -9.0   -9.0   -9.0   -9.0   -9.0 -9 -9 -                        8   0   -9 Cs         8   0   0  2850 -9.0 -9.00 -9  26.2  26.9  29.5  29.2  29.2  -9 -9.0 -9  3  2
202408070400 108  32  0.7  -9 -9.0   -9  997.1 1006.7 -9  -9.0  27.6  23.6  79.0  29.1   -9.0   -9.0   -9.0   -9.0   -9.0   -9.0   -9.0 -9 -9 -                        4   0   -9 Ci         1   0   0  2811 -9.0 -9.00 -9  25.7  26.7  29.4  29.0  29.1  -9 -9.0 -9  3  2
202408070500 108  29  0.9  -9 -9.0   -9  997.5 1007.1 -9  -9.0  27.3  23.3  79.0  28.6   -9.0   -9.0   -9.0   -9.0   -9.0   -9.0   -9.0 -9 -9 -                       10   2   15 ScCs       7   0   5  2838 -9.0 -9.00 -9  26.0  26.5  29.2  28.9  29.0  -9 -9.0 -9  3  2
202408070600 108   0  0.2  -9 -9.0   -9  997.4 1007.0  0   0.1  27.2  23.4  80.0  28.8   -9.0   -9.0   -9.0   -9.0   -9.0   -9.0   -9.0 -9 -9 -                        7   4   48 AcCi       2   3   0  2824  0.0  0.00 -9  25.6  26.7  29.0  28.7  28.9  -9 -9.0 -9  3  2
202408070700 108   2  0.9  -9 -9.0   -9  997.6 1007.2 -9  -9.0  27.4  23.6  80.0  29.1   -9.0   -9.0   -9.0   -9.0   -9.0   -9.0   -9.0 -9 -9 -                        7   5   44 AcCc       9   3   0  2990  0.1  0.21 -9  27.4  26.2  28.9  28.6  28.9  -9 -9.0 -9  3  2
202408070800 108   7  0.8  -9 -9.0   -9  997.4 1007.0 -9  -9.0  28.5  24.4  79.0  30.6   -9.0   -9.0   -9.0   -9.0   -9.0   -9.0   -9.0 -9 -9 -                        7   4   43 AcCi       2   3   0  2398  0.4  0.68 -9  30.4  26.5  28.8  28.5  28.8  -9 -9.0 -9  3  2
202408070900 108  27  1.8  -9 -9.0   -9  997.6 1007.2  1   0.2  29.8  24.1  72.0  30.0   -9.0   -9.0   -9.0   -9.0   -9.0   -9.0   -9.0 -9 -9 -                        8   2   10 ScAc       0   3   5  2894  0.4  1.29 -9  34.8  26.6  29.0  28.5  28.7  -9 -9.0 -9  3  2
202408071000 108  27  2.5  -9 -9.0   -9  998.0 1007.5 -9  -9.0  29.5  24.3  74.0  30.4    0.0    0.0    0.0   -9.0   -9.0   -9.0   -9.0 95 96 01                      10   7    8 CbStNs    -9   2   9  2467  0.0  0.64 -9  31.2  27.2  29.2  28.5  28.6  -9 -9.0 -9  4  1
202408071100 108  20  1.5  -9 -9.0   -9  997.2 1006.8 -9  -9.0  28.3  24.5  80.0  30.7    3.4    3.4    3.4   -9.0   -9.0   -9.0   -9.0 92 96 01                       9   3   10 ScAc       0   3   5  2162  0.0  0.61 -9  31.9  26.7  29.3  28.6  28.6  -9 -9.0 -9  4  1
202408071200 108   5  1.2  -9 -9.0   -9  996.8 1006.4  8  -0.8  30.1  24.9  74.0  31.5    0.0    3.4    3.4   -9.0   -9.0   -9.0   -9.0 21 96 01                       6   1   10 ScAc       0   3   5  2744  0.3  2.07 -9  37.6  26.8  29.4  28.6  28.6  -9 -9.0 -9  4  1
202408071300 108  29  2.0  -9 -9.0   -9  996.2 1005.7 -9  -9.0  31.4  25.2  70.0  32.1   -9.0    3.4    3.4   -9.0   -9.0   -9.0   -9.0 -9 -9 -                        4   4    8 Sc         0   0   5  3556  1.0  3.38 -9  42.0  27.6  29.8  28.8  28.6  -9 -9.0 -9  3  2
202408071400 108  25  2.4  -9 -9.0   -9  995.6 1005.1 -9  -9.0  32.3  24.0  62.0  29.8   -9.0    3.4    3.4   -9.0   -9.0   -9.0   -9.0 -9 -9 -                        4   4   12 Sc         0   0   5  3542  0.9  3.04 -9  37.4  28.7  30.3  29.1  28.6  -9 -9.0 -9  3  2
202408071500 108  29  3.2  -9 -9.0   -9  995.1 1004.5  7  -1.9  33.2  24.0  59.0  29.8   -9.0    3.4    3.4   -9.0   -9.0   -9.0   -9.0 -9 96 -                        2   2   10 Sc         0   0   5  2858  1.0  3.02 -9  39.9  29.0  30.8  29.4  28.7  -9 -9.0 -9  3  1
202408071600 108  29  3.0  -9 -9.0   -9  994.6 1004.0 -9  -9.0  33.3  23.9  58.0  29.7   -9.0    3.4    3.4   -9.0   -9.0   -9.0   -9.0 -9 -9 -                        2   2   10 Sc         0   0   5  2920  1.0  2.54 -9  38.9  31.0  31.1  29.7  28.8  -9 -9.0 -9  3  2
202408071700 108  29  3.5  -9 -9.0   -9  994.4 1003.8 -9  -9.0  33.1  23.7  58.0  29.3   -9.0    3.4    3.4   -9.0   -9.0   -9.0   -9.0 -9 -9 -                        1   1   10 Sc         0   0   5  3264  0.9  1.70 -9  34.1  29.6  31.3  30.0  28.9  -9 -9.0 -9  3  2
202408071800 108  29  2.9  -9 -9.0   -9  994.3 1003.8  6  -0.7  32.3  23.2  59.0  28.4   -9.0    3.4    3.4   -9.0   -9.0   -9.0   -9.0 -9 -9 -                        3   1   10 CuAc       0   3   2  2770  0.9  1.07 -9  31.0  29.3  31.3  30.1  29.1  -9 -9.0 -9  3  2
202408071900 108  27  2.5  -9 -9.0   -9  994.4 1003.9 -9  -9.0  31.2  23.8  65.0  29.5   -9.0    3.4    3.4   -9.0   -9.0   -9.0   -9.0 -9 -9 -                        5   2   -9 -         -9  -9  -9  2935  0.7  0.42 -9  29.1  29.1  31.2  30.2  29.2  -9 -9.0 -9  3 -9
202408072000 108  27  2.9  -9 -9.0   -9  994.8 1004.3 -9  -9.0  29.6  23.7  71.0  29.3   -9.0    3.4    3.4   -9.0   -9.0   -9.0   -9.0 -9 -9 -                        3   3   21 -         -9  -9  -9  3060  0.0  0.03 -9  27.3  28.9  31.0  30.1  29.3  -9 -9.0 -9  3 -9
202408072100 108  27  2.5  -9 -9.0   -9  995.2 1004.7  2   0.9  28.7  23.5  74.0  28.9   -9.0    3.4    3.4   -9.0   -9.0   -9.0   -9.0 -9 -9 -                        1   1   15 Sc         0   0   5  2942 -9.0 -9.00 -9  26.2  28.4  30.7  30.0  29.4  -9 -9.0 -9  3  2
202408072200 108  27  2.2  -9 -9.0   -9  995.4 1005.0 -9  -9.0  28.2  23.9  78.0  29.7   -9.0    3.4    3.4   -9.0   -9.0   -9.0   -9.0 -9 -9 -                        3   1   33 -         -9  -9  -9  2518 -9.0 -9.00 -9  25.9  27.7  30.3  29.8  29.4  -9 -9.0 -9  3 -9
202408072300 108  25  1.4  -9 -9.0   -9  995.3 1004.9 -9  -9.0  27.9  23.9  79.0  29.7   -9.0    3.4    3.4   -9.0   -9.0   -9.0   -9.0 -9 -9 -                        3   2   31 -         -9  -9  -9  2514 -9.0 -9.00 -9  25.7  27.5  30.0  29.6  29.4  -9 -9.0 -9  3 -9
202408080000 108  27  0.6  -9 -9.0   -9  995.2 1004.8  0   0.1  27.7  23.9  80.0  29.7   -9.0    3.4    3.4   -9.0   -9.0   -9.0   -9.0 -9 -9 -                        3   0   -9 Ci         1   0   0  2394 -9.0 -9.00 -9  25.4  27.1  29.8  29.4  29.3  -9 -9.0 -9  3  2
202408080100 108  29  1.5  -9 -9.0   -9  995.3 1004.9 -9  -9.0  27.7  23.9  80.0  29.7   -9.0   -9.0   -9.0   -9.0   -9.0   -9.0   -9.0 -9 -9 -                        6   6   22 -         -9  -9  -9  2579 -9.0 -9.00 -9  25.9  26.5  29.5  29.2  29.2  -9 -9.0 -9  3 -9
202408080200 108  32  1.2  -9 -9.0   -9  995.0 1004.6 -9  -9.0  27.6  24.0  81.0  29.8   -9.0   -9.0   -9.0   -9.0   -9.0   -9.0   -9.0 -9 -9 -                       10   5   31 -         -9  -9  -9  2568 -9.0 -9.00 -9  25.9  26.6  29.3  29.1  29.2  -9 -9.0 -9  3 -9
202408080300 108  32  1.1  -9 -9.0   -9  994.9 1004.5  8  -0.3  27.6  24.0  81.0  29.8   -9.0   -9.0   -9.0   -9.0   -9.0   -9.0   -9.0 -9 -9 -                        9   9   13 Sc         0   0   5  2397 -9.0 -9.00 -9  25.9  25.2  29.2  28.9  29.1  -9 -9.0 -9  3  2
202408080400 108  32  1.4  -9 -9.0   -9  994.6 1004.2 -9  -9.0  27.4  24.4  84.0  30.6   -9.0   -9.0   -9.0   -9.0   -9.0   -9.0   -9.0 -9 -9 -                        6   6   10 Sc         0   0   5  2038 -9.0 -9.00 -9  25.6  25.1  29.0  28.8  29.0  -9 -9.0 -9  3  2
202408080500 108  32  0.7  -9 -9.0   -9  994.9 1004.5 -9  -9.0  27.3  24.3  84.0  30.4   -9.0   -9.0   -9.0   -9.0   -9.0   -9.0   -9.0 -9 -9 -                        8   8    8 Sc         0   0   5  2042 -9.0 -9.00 -9  25.8  24.9  28.9  28.6  28.9  -9 -9.0 -9  3  2
202408080600 108   0  0.2  -9 -9.0   -9  995.2 1004.8  3   0.3  27.1  24.3  85.0  30.4   -9.0   -9.0   -9.0   -9.0   -9.0   -9.0   -9.0 -9 -9 -                       10   7    8 ScAs      -9   2   5  2008  0.0  0.00 -9  25.8  24.8  28.8  28.5  28.8  -9 -9.0 -9  3  2
202408080700 108   2  0.7  -9 -9.0   -9  995.4 1005.0 -9  -9.0  27.3  24.3  84.0  30.4    0.0    0.0    0.0   -9.0   -9.0   -9.0   -9.0 21 62 01                      10   6   12 ScAs      -9   2   5  2159  0.0  0.10 -9  26.7  24.7  28.7  28.4  28.8  -9 -9.0 -9  4  1
202408080800 108  27  1.3  -9 -9.0   -9  995.4 1005.0 -9  -9.0  27.6  24.6  84.0  30.9   -9.0    0.0    0.0   -9.0   -9.0   -9.0   -9.0 -9 -9 -                        9   9    8 Sc         0   0   5  2224  0.0  0.29 -9  27.4  24.8  28.7  28.3  28.7  -9 -9.0 -9  3  2
202408080900 108  16  2.4  -9 -9.0   -9  995.1 1004.7  8  -0.1  27.4  23.6  80.0  29.1   -9.0    0.0    0.0   -9.0   -9.0   -9.0   -9.0 -9 62 -                        9   7    7 CuScCi     1   0   8  2323  0.0  0.30 -9  27.3  24.9  28.7  28.3  28.6  -9 -9.0 -9  3  1
202408081000 108  16  0.8  -9 -9.0   -9  994.6 1004.1 -9  -9.0  28.8  24.3  77.0  30.4   -9.0    0.0    0.0   -9.0   -9.0   -9.0   -9.0 -9 -9 -                        9   4    8 ScCi       2   0   5  2091  0.5  1.33 -9  31.8  25.0  28.8  28.3  28.5  -9 -9.0 -9  3  2
202408081100 108  20  1.6  -9 -9.0   -9  994.8 1004.3 -9  -9.0  29.2  24.5  76.0  30.7   -9.0    0.0    0.0   -9.0   -9.0   -9.0   -9.0 -9 -9 -                        9   4    7 ScCi       2   0   5  1865  0.0  0.89 -9  32.6  24.8  29.0  28.4  28.5  -9 -9.0 -9  3  2
202408081200 108  23  2.0  -9 -9.0   -9  994.9 1004.4  5  -0.3  29.6  24.2  73.0  30.2   -9.0    0.0    0.0   -9.0   -9.0   -9.0   -9.0 -9 -9 -                        9   5   12 ScCi       2   0   5  1864  0.0  1.20 -9  33.2  25.3  29.2  28.5  28.5  -9 -9.0 -9  3  2
202408081300 108  25  0.8  -9 -9.0   -9  994.8 1004.3 -9  -9.0  29.6  24.4  74.0  30.6    0.0    0.0    0.0   -9.0   -9.0   -9.0   -9.0 60 62 01                      10   6    9 ScAs      -9   2   5  1469  0.0  0.75 -9  31.2  25.5  29.5  28.6  28.5  -9 -9.0 -9  4  1
202408081400 108  25  2.5  -9 -9.0   -9  994.6 1004.1 -9  -9.0  29.6  24.4  74.0  30.6    0.0    0.0    0.0   -9.0   -9.0   -9.0   -9.0 21 62 01                       9   6    8 ScAc       0   3   5  1724  0.0  0.67 -9  31.7  25.4  29.6  28.7  28.5  -9 -9.0 -9  4  1
202408081500 108  29  2.8  -9 -9.0   -9  994.2 1003.7  7  -0.7  30.2  25.0  74.0  31.7   -9.0    0.0    0.0   -9.0   -9.0   -9.0   -9.0 -9 62 -                        9   4   10 ScAc       0   3   5  1384  0.0  1.28 -9  34.9  25.5  29.7  28.8  28.5  -9 -9.0 -9  3  1
202408081600 108  27  2.3  -9 -9.0   -9  993.9 1003.4 -9  -9.0  30.8  24.9  71.0  31.5   -9.0    0.0    0.0   -9.0   -9.0   -9.0   -9.0 -9 -9 -                        7   3    8 CuScAcCi   1   3   8  2175  0.2  1.27 -9  37.7  25.4  29.8  28.9  28.6  -9 -9.0 -9  3  2
202408081700 108  25  2.6  -9 -9.0   -9  993.5 1003.0 -9  -9.0  31.4  24.0  65.0  29.8   -9.0    0.0    0.0   -9.0   -9.0   -9.0   -9.0 -9 -9 -                        7   1    9 ScCi       1   0   5  2588  0.9  1.61 -9  35.0  25.8  30.0  29.0  28.6  -9 -9.0 -9  3  2
202408081800 108  27  2.0  -9 -9.0   -9  993.5 1003.0  6  -0.7  30.8  23.7  66.0  29.3   -9.0    0.0    0.0   -9.0   -9.0   -9.0   -9.0 -9 -9 -                        8   2    9 ScCi       1   0   5  2190  0.5  0.82 -9  31.5  25.8  30.1  29.1  28.6  -9 -9.0 -9  3  2
202408081900 108  27  1.6  -9 -9.0   -9  993.7 1003.2 -9  -9.0  30.3  23.9  69.0  29.7   -9.0    0.0    0.0   -9.0   -9.0   -9.0   -9.0 -9 -9 -                        8   1   -9 -         -9  -9  -9  2413  0.3  0.37 -9  29.4  25.6  30.1  29.2  28.7  -9 -9.0 -9  3 -9
202408082000 108  27  2.3  -9 -9.0   -9  994.3 1003.8 -9  -9.0  29.1  23.9  74.0  29.7   -9.0    0.0    0.0   -9.0   -9.0   -9.0   -9.0 -9 -9 -                        4   4    9 -         -9  -9  -9  2182  0.0  0.06 -9  27.3  25.2  30.0  29.2  28.8  -9 -9.0 -9  3 -9
202408082100 108  27  2.7  -9 -9.0   -9  995.0 1004.6  2   1.6  28.2  23.9  78.0  29.7   -9.0    0.0    0.0   -9.0   -9.0   -9.0   -9.0 -9 -9 -                        5   0   -9 Ci         1   0   0  1919 -9.0 -9.00 -9  26.2  24.8  29.8  29.2  28.8  -9 -9.0 -9  3  2
202408082200 108  27  1.8  -9 -9.0   -9  994.9 1004.5 -9  -9.0  27.7  23.5  78.0  28.9   -9.0    0.0    0.0   -9.0   -9.0   -9.0   -9.0 -9 -9 -                        3   1   -9 -         -9  -9  -9  1927 -9.0 -9.00 -9  25.5  24.4  29.5  29.0  28.8  -9 -9.0 -9  3 -9
202408082300 108  32  0.7  -9 -9.0   -9  995.0 1004.6 -9  -9.0  27.2  23.4  80.0  28.8   -9.0    0.0    0.0   -9.0   -9.0   -9.0   -9.0 -9 -9 -                        1   1   -9 -         -9  -9  -9  1779 -9.0 -9.00 -9  25.0  24.1  29.2  28.9  28.8  -9 -9.0 -9  3 -9
202408090000 108  20  1.0  -9 -9.0   -9  994.8 1004.4  7  -0.2  26.9  23.7  83.0  29.3   -9.0    0.0    0.0   -9.0   -9.0   -9.0   -9.0 -9 -9 -                        0   0   -9 -         -9  -9  -9  1634 -9.0 -9.00 -9  24.7  23.8  29.0  28.7  28.8  -9 -9.0 -9  3  2
202408090100 108  27  0.9  -9 -9.0   -9  994.6 1004.2 -9  -9.0  26.6  23.4  83.0  28.8   -9.0   -9.0   -9.0   -9.0   -9.0   -9.0   -9.0 -9 -9 -                        0   0   -9 -         -9  -9  -9  1547 -9.0 -9.00 -9  24.5  23.6  28.8  28.5  28.7  -9 -9.0 -9  3 -9
202408090200 108  29  0.8  -9 -9.0   -9  995.0 1004.6 -9  -9.0  26.4  23.6  85.0  29.1   -9.0   -9.0   -9.0   -9.0   -9.0   -9.0   -9.0 -9 -9 -                        0   0   -9 -         -9  -9  -9  1435 -9.0 -9.00 -9  24.3  23.4  28.6  28.4  28.6  -9 -9.0 -9  3 -9
202408090300 108  34  0.8  -9 -9.0   -9  994.8 1004.5  0   0.1  26.2  23.6  86.0  29.1   -9.0   -9.0   -9.0   -9.0   -9.0   -9.0   -9.0 -9 -9 -                        0   0   -9 -         -9  -9  -9  1276 -9.0 -9.00 -9  24.0  23.2  28.4  28.2  28.6  -9 -9.0 -9  3  2
202408090400 108   0  0.0  -9 -9.0   -9  995.0 1004.7 -9  -9.0  25.9  23.3  86.0  28.6   -9.0   -9.0   -9.0   -9.0   -9.0   -9.0   -9.0 -9 -9 -                        0   0   -9 -         -9  -9  -9  1342 -9.0 -9.00 -9  23.7  23.0  28.2  28.1  28.5  -9 -9.0 -9  3  2
202408090500 108  34  1.5  -9 -9.0   -9  995.0 1004.7 -9  -9.0  25.6  23.4  88.0  28.8   -9.0   -9.0   -9.0   -9.0   -9.0   -9.0   -9.0 -9 -9 -                        0   0   -9 -         -9  -9  -9  1164 -9.0 -9.00 -9  23.5  22.8  28.0  27.9  28.4  -9 -9.0 -9  3  2
202408090600 108   0  0.1  -9 -9.0   -9  995.4 1005.1  2   0.6  25.6  23.4  88.0  28.8   -9.0   -9.0   -9.0   -9.0   -9.0   -9.0   -9.0 -9 -9 -                        1   1   12 Sc         0   0   5  1418  0.0  0.00 -9  24.1  22.6  27.9  27.8  28.3  -9 -9.0 -9  3  2
202408090700 108   0  0.3  -9 -9.0   -9  995.4 1005.1 -9  -9.0  25.8  23.6  88.0  29.1   -9.0   -9.0   -9.0   -9.0   -9.0   -9.0   -9.0 -9 -9 -                        0   0   -9 -         -9  -9  -9  1289  0.3  0.22 -9  25.4  22.5  27.8  27.6  28.2  -9 -9.0 -9  3  2
202408090800 108   2  1.8  -9 -9.0   -9  995.2 1004.8 -9  -9.0  27.1  24.5  86.0  30.7   -9.0   -9.0   -9.0   -9.0   -9.0   -9.0   -9.0 -9 -9 -                        3   3   13 Sc         0   0   5  1348  0.9  0.82 -9  30.0  23.1  27.7  27.5  28.1  -9 -9.0 -9  3  2
202408090900 108   5  1.5  -9 -9.0   -9  995.2 1004.7  7  -0.4  29.1  24.2  75.0  30.2   -9.0   -9.0   -9.0   -9.0   -9.0   -9.0   -9.0 -9 -9 -                        3   3   10 Sc         0   0   5  1906  1.0  1.70 -9  36.2  23.5  27.9  27.5  28.0  -9 -9.0 -9  3  2
202408091000 108  20  1.5  -9 -9.0   -9  995.0 1004.5 -9  -9.0  29.4  24.0  73.0  29.8   -9.0   -9.0   -9.0   -9.0   -9.0   -9.0   -9.0 -9 -9 -                        5   5   10 Sc         0   0   5  2042  0.5  1.41 -9  33.6  24.2  28.2  27.6  27.9  -9 -9.0 -9  3  2
202408091100 108  20  1.0  -9 -9.0   -9  994.8 1004.3 -9  -9.0  29.6  24.2  73.0  30.2   -9.0   -9.0   -9.0   -9.0   -9.0   -9.0   -9.0 -9 -9 -                        6   6   10 Sc         0   0   5  1946  0.0  0.66 -9  32.3  24.4  28.5  27.8  27.9  -9 -9.0 -9  3  2
202408091200 108  25  1.9  -9 -9.0   -9  994.4 1003.9  7  -0.8  30.5  24.1  69.0  30.0   -9.0   -9.0   -9.0   -9.0   -9.0   -9.0   -9.0 -9 -9 -                        6   6   10 Sc         0   0   5  1813  0.1  1.27 -9  34.5  24.6  28.7  27.9  27.9  -9 -9.0 -9  3  2
202408091300 108  27  1.8  -9 -9.0   -9  994.0 1003.5 -9  -9.0  31.7  24.0  64.0  29.8   -9.0   -9.0   -9.0   -9.0   -9.0   -9.0   -9.0 -9 -9 -                        4   4   11 Sc         0   0   5  2009  0.3  1.73 -9  39.6  24.6  29.0  28.1  28.0  -9 -9.0 -9  3  2
202408091400 108  25  2.5  -9 -9.0   -9  993.6 1003.0 -9  -9.0  33.2  23.8  58.0  29.5   -9.0   -9.0   -9.0   -9.0   -9.0   -9.0   -9.0 -9 -9 -                        4   4    9 CuSc       0   0   2  2571  0.7  2.69 -9  47.9  24.4  29.4  28.3  28.0  -9 -9.0 -9  3  2
202408091500 108  32  2.6  -9 -9.0   -9  993.2 1002.6  7  -1.3  32.5  22.8  57.0  27.7   -9.0   -9.0   -9.0   -9.0   -9.0   -9.0   -9.0 -9 -9 -                        4   4    9 CuSc       0   0   2  2159  0.4  1.71 -9  37.3  26.1  29.9  28.6  28.1  -9 -9.0 -9  3  2
202408091600 108  27  2.3  -9 -9.0   -9  993.0 1002.4 -9  -9.0  32.6  23.5  59.0  28.9   -9.0   -9.0   -9.0   -9.0   -9.0   -9.0   -9.0 -9 -9 -                        6   6    9 CuSc       0   0   2  2271  0.1  0.83 -9  37.5  25.9  30.1  28.9  28.2  -9 -9.0 -9  3  2
202408091700 108  27  2.8  -9 -9.0   -9  993.0 1002.4 -9  -9.0  32.6  24.6  63.0  30.9   -9.0   -9.0   -9.0   -9.0   -9.0   -9.0   -9.0 -9 -9 -                        5   5    9 CuSc       0   0   2  2117  0.7  1.38 -9  36.3  26.8  30.2  29.1  28.3  -9 -9.0 -9  3  2
202408091800 108  25  2.7  -9 -9.0   -9  992.9 1002.3  7  -0.3  32.2  24.7  65.0  31.1   -9.0   -9.0   -9.0   -9.0   -9.0   -9.0   -9.0 -9 -9 -                        5   5    8 CuSc       0   0   8  2128  0.6  0.71 -9  34.3  26.8  30.3  29.2  28.4  -9 -9.0 -9  3  2
202408091900 108  25  2.4  -9 -9.0   -9  993.0 1002.5 -9  -9.0  31.3  24.4  67.0  30.6   -9.0   -9.0   -9.0   -9.0   -9.0   -9.0   -9.0 -9 -9 -                        5   1   15 -         -9  -9  -9  2125  0.4  0.39 -9  30.7  26.7  30.3  29.3  28.5  -9 -9.0 -9  3 -9
202408092000 108  29  2.8  -9 -9.0   -9  993.2 1002.7 -9  -9.0  30.3  24.4  71.0  30.6   -9.0   -9.0   -9.0   -9.0   -9.0   -9.0   -9.0 -9 -9 -                        7   1   -9 -         -9  -9  -9  2047  0.0  0.03 -9  28.8  29.9  30.2  29.3  28.6  -9 -9.0 -9  3 -9
202408092100 108  25  1.7  -9 -9.0   -9  993.7 1003.2  2   0.9  29.6  24.2  73.0  30.2   -9.0   -9.0   -9.0   -9.0   -9.0   -9.0   -9.0 -9 -9 -                        1   0   -9 Ci         1   0   0  1917 -9.0 -9.00 -9  27.7  29.5  30.0  29.3  28.7  -9 -9.0 -9  3  2
202408092200 108  25  1.3  -9 -9.0   -9  994.0 1003.5 -9  -9.0  29.2  24.3  75.0  30.4   -9.0   -9.0   -9.0   -9.0   -9.0   -9.0   -9.0 -9 -9 -                        1   1   23 -         -9  -9  -9  1876 -9.0 -9.00 -9  27.1  29.2  29.8  29.1  28.7  -9 -9.0 -9  3 -9
202408092300 108  29  1.6  -9 -9.0   -9  993.7 1003.2 -9  -9.0  28.8  24.5  78.0  30.7   -9.0   -9.0   -9.0   -9.0   -9.0   -9.0   -9.0 -9 -9 -                        5   1   -9 -         -9  -9  -9  1754 -9.0 -9.00 -9  26.5  28.9  29.5  29.0  28.7  -9 -9.0 -9  3 -9
202408100000 108  29  2.8  -9 -9.0   -9  993.9 1003.4  0   0.2  28.4  24.6  80.0  30.9   -9.0   -9.0   -9.0   -9.0   -9.0   -9.0   -9.0 -9 -9 -                        2   0   -9 Ci         1   0   0  1720 -9.0 -9.00 -9  26.2  28.6  29.3  28.8  28.7  -9 -9.0 -9  3  2
202408100100 108  25  0.8  -9 -9.0   -9  993.6 1003.2 -9  -9.0  27.9  24.3  81.0  30.4   -9.0   -9.0   -9.0   -9.0   -9.0   -9.0   -9.0 -9 -9 -                        5   1   -9 -         -9  -9  -9  1538 -9.0 -9.00 -9  25.6  28.4  29.1  28.7  28.6  -9 -9.0 -9  3 -9
202408100200 108  36  0.9  -9 -9.0   -9  993.5 1003.1 -9  -9.0  27.6  24.6  84.0  30.9   -9.0   -9.0   -9.0   -9.0   -9.0   -9.0   -9.0 -9 -9 -                        5   1   -9 -         -9  -9  -9  1522 -9.0 -9.00 -9  25.3  28.2  28.9  28.5  28.6  -9 -9.0 -9  3 -9
202408100300 108   5  0.8  -9 -9.0   -9  993.6 1003.2  5  -0.2  27.3  24.3  84.0  30.4   -9.0   -9.0   -9.0   -9.0   -9.0   -9.0   -9.0 -9 -9 -                        7   0   -9 Cc         9   0   0  1443 -9.0 -9.00 -9  25.2  28.0  28.7  28.4  28.5  -9 -9.0 -9  3  2
202408100400 108   5  1.5  -9 -9.0   -9  993.4 1003.0 -9  -9.0  26.9  24.1  85.0  30.0   -9.0   -9.0   -9.0   -9.0   -9.0   -9.0   -9.0 -9 -9 -                        8   0   -9 Ci         1   0   0  1387 -9.0 -9.00 -9  24.9  27.8  28.5  28.2  28.5  -9 -9.0 -9  3  2
202408100500 108   5  1.7  -9 -9.0   -9  993.7 1003.3 -9  -9.0  26.5  24.1  87.0  30.0   -9.0   -9.0   -9.0   -9.0   -9.0   -9.0   -9.0 -9 -9 -                        6   0   -9 Cc         9   0   0  1313 -9.0 -9.00 -9  24.8  27.6  28.4  28.1  28.4  -9 -9.0 -9  3  2
202408100600 108   5  2.0  -9 -9.0   -9  994.1 1003.7  3   0.5  26.4  24.0  87.0  29.8   -9.0   -9.0   -9.0   -9.0   -9.0   -9.0   -9.0 -9 -9 -                        8   0   -9 Cc         9   0   0  1305  0.0  0.00 -9  25.1  27.4  28.2  28.0  28.3  -9 -9.0 -9  3  2
202408100700 108   7  1.7  -9 -9.0   -9  994.3 1003.9 -9  -9.0  26.7  24.1  86.0  30.0   -9.0   -9.0   -9.0   -9.0   -9.0   -9.0   -9.0 -9 -9 -                        8   3   34 AcCc       9   3   0  1347  0.0  0.15 -9  26.3  26.9  28.1  27.8  28.2  -9 -9.0 -9  3  2
202408100800 108   7  1.8  -9 -9.0   -9  994.3 1003.9 -9  -9.0  27.4  24.4  84.0  30.6   -9.0   -9.0   -9.0   -9.0   -9.0   -9.0   -9.0 -9 -9 -                        9   0   -9 Cc         9   0   0  1405  0.0  0.44 -9  28.6  23.8  28.0  27.7  28.1  -9 -9.0 -9  3  2
202408100900 108   5  2.2  -9 -9.0   -9  994.1 1003.6  8  -0.1  28.9  24.8  79.0  31.3   -9.0   -9.0   -9.0   -9.0   -9.0   -9.0   -9.0 -9 -9 -                        5   1   13 ScCc       9   0   5  1407  0.5  1.17 -9  35.3  23.8  28.1  27.7  28.1  -9 -9.0 -9  3  2
202408101000 108   7  2.2  -9 -9.0   -9  993.8 1003.3 -9  -9.0  30.2  24.8  73.0  31.3   -9.0   -9.0   -9.0   -9.0   -9.0   -9.0   -9.0 -9 -9 -                        4   4    7 Sc         0   0   5  1232  0.7  1.75 -9  38.1  24.4  28.3  27.7  28.0  -9 -9.0 -9  3  2
202408101100 108   7  1.5  -9 -9.0   -9  993.6 1003.1 -9  -9.0  31.2  25.3  71.0  32.2   -9.0   -9.0   -9.0   -9.0   -9.0   -9.0   -9.0 -9 -9 -                        6   3    8 ScCi       1   0   5  1333  0.3  1.69 -9  40.7  26.3  28.7  27.9  28.0  -9 -9.0 -9  3  2
202408101200 108  11  2.5  -9 -9.0   -9  993.0 1002.4  7  -1.2  32.2  24.2  63.0  30.2   -9.0   -9.0   -9.0   -9.0   -9.0   -9.0   -9.0 -9 -9 -                        7   7   10 CuSc       0   0   8  1824  0.5  2.22 -9  44.7  24.5  29.1  28.1  28.0  -9 -9.0 -9  3  2
202408101300 108  20  1.9  -9 -9.0   -9  992.7 1002.1 -9  -9.0  32.8  24.5  62.0  30.7   -9.0   -9.0   -9.0   -9.0   -9.0   -9.0   -9.0 -9 -9 -                        7   7    9 CuSc       0   0   2  2049  0.2  1.63 -9  44.8  27.5  29.5  28.4  28.0  -9 -9.0 -9  3  2
202408101400 108  16  2.4  -9 -9.0   -9  992.2 1001.6 -9  -9.0  33.1  23.1  56.0  28.3   -9.0   -9.0   -9.0   -9.0   -9.0   -9.0   -9.0 -9 -9 -                        7   7    9 CuSc       0   0   2  2117  0.4  2.03 -9  41.2  28.9  30.0  28.7  28.1  -9 -9.0 -9  3  2
202408101500 108  23  2.3  -9 -9.0   -9  992.2 1001.6  6  -0.8  33.2  23.5  57.0  28.9   -9.0   -9.0   -9.0   -9.0   -9.0   -9.0   -9.0 -9 -9 -                        8   5    9 CuScCi     1   0   2  1762  0.1  1.15 -9  39.6  28.8  30.3  29.0  28.2  -9 -9.0 -9  3  2
202408101600 108  23  2.5  -9 -9.0   -9  992.0 1001.4 -9  -9.0  33.3  24.4  60.0  30.6   -9.0   -9.0   -9.0   -9.0   -9.0   -9.0   -9.0 -9 -9 -                        9   4    9 CuScCi     2   0   8  1699  0.3  1.34 -9  39.2  29.2  30.5  29.2  28.3  -9 -9.0 -9  3  2
202408101700 108  29  1.9  -9 -9.0   -9  991.9 1001.3 -9  -9.0  32.6  23.5  59.0  28.9   -9.0   -9.0   -9.0   -9.0   -9.0   -9.0   -9.0 -9 -9 -                        9   1   10 CuCi       2   0   1  1811  0.0  0.77 -9  37.0  31.2  30.6  29.4  28.5  -9 -9.0 -9  3  2
202408101800 108  27  2.0  -9 -9.0   -9  991.8 1001.2  7  -0.4  32.8  23.1  57.0  28.3   -9.0   -9.0   -9.0   -9.0   -9.0   -9.0   -9.0 -9 -9 -                        8   0   -9 Ci         2   0   0  1996  0.7  1.02 -9  35.0  31.1  30.6  29.5  28.6  -9 -9.0 -9  3  2
202408101900 108  25  1.6  -9 -9.0   -9  992.0 1001.4 -9  -9.0  32.2  23.1  59.0  28.3   -9.0   -9.0   -9.0   -9.0   -9.0   -9.0   -9.0 -9 -9 -                        2   1   -9 -         -9  -9  -9  2077  0.6  0.38 -9  30.9  30.6  30.6  29.5  28.7  -9 -9.0 -9  3 -9
202408102000 108  29  1.0  -9 -9.0   -9  992.2 1001.7 -9  -9.0  31.1  23.2  63.0  28.4   -9.0   -9.0   -9.0   -9.0   -9.0   -9.0   -9.0 -9 -9 -                        2   1   -9 -         -9  -9  -9  1996  0.0  0.02 -9  28.8  30.2  30.4  29.5  28.7  -9 -9.0 -9  3 -9
202408102100 108  27  1.2  -9 -9.0   -9  992.8 1002.3  2   1.1  30.2  23.3  67.0  28.6   -9.0   -9.0   -9.0   -9.0   -9.0   -9.0   -9.0 -9 -9 -                        7   0   -9 Ci         2   0   0  1660 -9.0 -9.00 -9  27.9  29.7  30.2  29.4  28.8  -9 -9.0 -9  3  2
202408102200 108  29  1.1  -9 -9.0   -9  992.8 1002.3 -9  -9.0  29.8  23.4  69.0  28.8   -9.0   -9.0   -9.0   -9.0   -9.0   -9.0   -9.0 -9 -9 -                        6   4   14 -         -9  -9  -9  1717 -9.0 -9.00 -9  27.3  29.3  29.9  29.3  28.8  -9 -9.0 -9  3 -9
202408102300 108  27  1.2  -9 -9.0   -9  993.0 1002.5 -9  -9.0  29.3  23.4  71.0  28.8   -9.0   -9.0   -9.0   -9.0   -9.0   -9.0   -9.0 -9 -9 -                        3   1   -9 -         -9  -9  -9  1594 -9.0 -9.00 -9  26.8  28.9  29.7  29.1  28.8  -9 -9.0 -9  3 -9
202408110000 108  27  0.5  -9 -9.0   -9  992.7 1002.2  8  -0.1  29.0  23.4  72.0  28.8   -9.0   -9.0   -9.0   -9.0   -9.0   -9.0   -9.0 -9 -9 -                        4   2   10 ScCi       1   0   5  1487 -9.0 -9.00 -9  26.5  28.6  29.5  29.0  28.8  -9 -9.0 -9  3  2
202408110100 108   0  0.4  -9 -9.0   -9  992.3 1001.8 -9  -9.0  28.8  23.9  75.0  29.7   -9.0   -9.0   -9.0   -9.0   -9.0   -9.0   -9.0 -9 -9 -                        5   3   68 -         -9  -9  -9  1319 -9.0 -9.00 -9  26.3  28.3  29.3  28.8  28.7  -9 -9.0 -9  3 -9
202408110200 108  23  0.7  -9 -9.0   -9  992.2 1001.7 -9  -9.0  28.7  23.5  74.0  28.9   -9.0   -9.0   -9.0   -9.0   -9.0   -9.0   -9.0 -9 -9 -                        9   3   12 -         -9  -9  -9  1419 -9.0 -9.00 -9  26.6  27.9  29.1  28.7  28.7  -9 -9.0 -9  3 -9
202408110300 108  11  1.4  -9 -9.0   -9  992.2 1001.7  6  -0.5  28.7  23.3  73.0  28.6   -9.0   -9.0   -9.0   -9.0   -9.0   -9.0   -9.0 -9 -9 -                        8   2    9 ScAcCi     1   3   5  1745 -9.0 -9.00 -9  26.5  27.7  28.9  28.6  28.6  -9 -9.0 -9  3  2
202408110400 108  14  1.7  -9 -9.0   -9  992.3 1001.8 -9  -9.0  28.5  23.1  73.0  28.3   -9.0   -9.0   -9.0   -9.0   -9.0   -9.0   -9.0 -9 -9 -                        8   0   -9 Cc         9   0   0  1706 -9.0 -9.00 -9  25.9  27.6  28.8  28.4  28.6  -9 -9.0 -9  3  2
202408110500 108   9  1.2  -9 -9.0   -9  992.2 1001.7 -9  -9.0  28.1  23.0  74.0  28.1   -9.0   -9.0   -9.0   -9.0   -9.0   -9.0   -9.0 -9 -9 -                        8   5   11 ScCi       1   0   5  1871 -9.0 -9.00 -9  26.0  27.4  28.7  28.3  28.5  -9 -9.0 -9  3  2
202408110600 108  11  1.2  -9 -9.0   -9  992.7 1002.3  2   0.6  27.8  22.9  75.0  27.9   -9.0   -9.0   -9.0   -9.0   -9.0   -9.0   -9.0 -9 -9 -                        8   3   11 ScCi       2   0   5  1837  0.0  0.00 -9  25.7  27.3  28.5  28.2  28.4  -9 -9.0 -9  3  2
202408110700 108  11  1.5  -9 -9.0   -9  992.9 1002.4 -9  -9.0  28.2  23.9  78.0  29.7   -9.0   -9.0   -9.0   -9.0   -9.0   -9.0   -9.0 -9 -9 -                        8   5   48 AcCi       2   3   0  1521  0.0  0.24 -9  28.2  27.0  28.4  28.1  28.4  -9 -9.0 -9  3  2
202408110800 108  11  2.3  -9 -9.0   -9  993.4 1002.9 -9  -9.0  28.9  24.4  77.0  30.6   -9.0   -9.0   -9.0   -9.0   -9.0   -9.0   -9.0 -9 -9 -                        8   0   -9 Cc         9   0   0  1180  0.0  0.53 -9  30.3  27.2  28.4  28.0  28.3  -9 -9.0 -9  3  2
202408110900 108  11  2.2  -9 -9.0   -9  993.4 1002.9  1   0.6  30.2  25.2  75.0  32.1   -9.0   -9.0   -9.0   -9.0   -9.0   -9.0   -9.0 -9 -9 -                        8   3    7 ScCc       9   0   5  1303  0.7  1.36 -9  36.7  27.4  28.5  28.0  28.2  -9 -9.0 -9  3  2
202408111000 108  16  2.3  -9 -9.0   -9  993.5 1003.0 -9  -9.0  31.1  25.2  71.0  32.1   -9.0   -9.0   -9.0   -9.0   -9.0   -9.0   -9.0 -9 -9 -                        7   4    7 CuCi       2   0   1  1752  0.3  1.55 -9  44.1  28.5  28.8  28.1  28.2  -9 -9.0 -9  3  2
202408111100 108  14  1.6  -9 -9.0   -9  992.9 1002.3 -9  -9.0  32.2  24.2  63.0  30.2   -9.0   -9.0   -9.0   -9.0   -9.0   -9.0   -9.0 -9 -9 -                        7   5    8 CuCi       1   0   2  1885  0.9  2.83 -9  47.7  29.6  29.2  28.3  28.2  -9 -9.0 -9  3  2
202408111200 108  11  2.1  -9 -9.0   -9  992.7 1002.1  8  -0.8  32.6  24.3  62.0  30.4   -9.0   -9.0   -9.0   -9.0   -9.0   -9.0   -9.0 -9 -9 -                        8   8   10 CuSc       0   0   2  2227  0.4  1.67 -9  45.3  30.1  29.7  28.6  28.2  -9 -9.0 -9  3  2
202408111300 108  16  2.9  -9 -9.0   -9  992.3 1001.7 -9  -9.0  33.4  24.5  60.0  30.7   -9.0   -9.0   -9.0   -9.0   -9.0   -9.0   -9.0 -9 -9 -                        6   6   11 Cu         0   0   2  2331  0.4  2.17 -9  50.0  30.7  30.1  28.9  28.3  -9 -9.0 -9  3  2
202408111400 108  20  3.3  -9 -9.0   -9  992.2 1001.6 -9  -9.0  33.9  23.5  55.0  28.9   -9.0   -9.0   -9.0   -9.0   -9.0   -9.0   -9.0 -9 -9 -                        6   6   11 Cu         0   0   2  2127  0.6  2.21 -9  51.4  31.0  30.5  29.1  28.3  -9 -9.0 -9  3  2
202408111500 108  14  2.2  -9 -9.0   -9  991.8 1001.2  7  -0.9  33.8  23.7  56.0  29.3   -9.0   -9.0   -9.0   -9.0   -9.0   -9.0   -9.0 -9 -9 -                        6   4   12 CuCi       2   0   2  2327  0.5  1.90 -9  43.0  32.2  30.9  29.4  28.5  -9 -9.0 -9  3  2
202408111600 108  16  2.3  -9 -9.0   -9  991.6 1001.0 -9  -9.0  33.7  23.6  56.0  29.1   -9.0   -9.0   -9.0   -9.0   -9.0   -9.0   -9.0 -9 -9 -                        6   4   12 CuCi       1   0   2  2233  0.5  1.39 -9  40.7  32.3  31.2  29.7  28.6  -9 -9.0 -9  3  2
202408111700 108  14  2.9  -9 -9.0   -9  991.7 1001.1 -9  -9.0  33.3  23.3  56.0  28.6   -9.0   -9.0   -9.0   -9.0   -9.0   -9.0   -9.0 -9 -9 -                        9   6   10 CuCc       9   0   2  2486  0.1  0.64 -9  36.9  31.8  31.2  29.9  28.7  -9 -9.0 -9  3  2
202408111800 108  14  2.6  -9 -9.0   -9  991.7 1001.1  5  -0.1  32.9  23.5  58.0  28.9   -9.0   -9.0   -9.0   -9.0   -9.0   -9.0   -9.0 -9 -9 -                        9   4   12 CuCi       2   0   2  2215  0.0  0.40 -9  34.1  31.1  31.2  30.0  28.9  -9 -9.0 -9  3  2
202408111900 108  16  1.7  -9 -9.0   -9  991.7 1001.1 -9  -9.0  32.5  23.7  60.0  29.3   -9.0   -9.0   -9.0   -9.0   -9.0   -9.0   -9.0 -9 -9 -                        8   7   51 -         -9  -9  -9  2199  0.0  0.21 -9  32.1  30.5  31.1  30.0  29.0  -9 -9.0 -9  3 -9
202408112000 108  25  1.4  -9 -9.0   -9  992.2 1001.6 -9  -9.0  31.9  23.7  62.0  29.3   -9.0   -9.0   -9.0   -9.0   -9.0   -9.0   -9.0 -9 -9 -                        5   5   -9 -         -9  -9  -9  2259  0.0  0.04 -9  29.5  30.2  30.9  30.0  29.0  -9 -9.0 -9  3 -9
202408112100 108  29  1.3  -9 -9.0   -9  992.6 1002.1  2   1.0  31.0  24.3  68.0  30.4   -9.0   -9.0   -9.0   -9.0   -9.0   -9.0   -9.0 -9 -9 -                        2   0   -9 Ci         1   0   0  1915 -9.0 -9.00 -9  28.3  28.6  30.6  29.8  29.1  -9 -9.0 -9  3  2
202408112200 108  27  1.0  -9 -9.0   -9  992.8 1002.3 -9  -9.0  30.4  24.5  71.0  30.7   -9.0   -9.0   -9.0   -9.0   -9.0   -9.0   -9.0 -9 -9 -                        2   1   -9 -         -9  -9  -9  1791 -9.0 -9.00 -9  27.7  28.6  30.3  29.7  29.1  -9 -9.0 -9  3 -9
202408112300 108  32  1.2  -9 -9.0   -9  992.9 1002.4 -9  -9.0  30.0  24.6  73.0  30.9   -9.0   -9.0   -9.0   -9.0   -9.0   -9.0   -9.0 -9 -9 -                        2   1   -9 -         -9  -9  -9  1723 -9.0 -9.00 -9  27.2  28.2  30.1  29.5  29.1  -9 -9.0 -9  3 -9
202408120000 108  27  0.9  -9 -9.0   -9  993.0 1002.5  2   0.4  29.5  24.5  75.0  30.7   -9.0   -9.0   -9.0   -9.0   -9.0   -9.0   -9.0 -9 -9 -                        1   0   -9 Ci         1   0   0  1327 -9.0 -9.00 -9  26.8  27.8  29.9  29.3  29.0  -9 -9.0 -9  3  2
202408120100 108  29  1.5  -9 -9.0   -9  993.1 1002.6 -9  -9.0  29.3  24.8  77.0  31.3   -9.0   -9.0   -9.0   -9.0   -9.0   -9.0   -9.0 -9 -9 -                        6   6   26 -         -9  -9  -9  1456 -9.0 -9.00 -9  27.2  27.6  29.7  29.2  29.0  -9 -9.0 -9  3 -9
202408120200 108  27  0.7  -9 -9.0   -9  992.9 1002.4 -9  -9.0  29.0  24.7  78.0  31.1   -9.0   -9.0   -9.0   -9.0   -9.0   -9.0   -9.0 -9 -9 -                        3   3   12 -         -9  -9  -9  1489 -9.0 -9.00 -9  26.4  27.4  29.5  29.0  28.9  -9 -9.0 -9  3 -9
202408120300 108   0  0.3  -9 -9.0   -9  993.0 1002.5  4   0.0  28.9  24.6  78.0  30.9   -9.0   -9.0   -9.0   -9.0   -9.0   -9.0   -9.0 -9 -9 -                        4   4   12 Sc         0   0   5  1404 -9.0 -9.00 -9  26.5  27.2  29.3  28.9  28.9  -9 -9.0 -9  3  2
202408120400 108   2  0.8  -9 -9.0   -9  993.1 1002.6 -9  -9.0  28.6  24.8  80.0  31.3   -9.0   -9.0   -9.0   -9.0   -9.0   -9.0   -9.0 -9 -9 -                        7   7    8 Sc         0   0   5  1476 -9.0 -9.00 -9  26.4  26.9  29.2  28.8  28.8  -9 -9.0 -9  3  2
202408120500 108  36  1.1  -9 -9.0   -9  993.5 1003.0 -9  -9.0  28.5  24.7  80.0  31.1   -9.0   -9.0   -9.0   -9.0   -9.0   -9.0   -9.0 -9 -9 -                        7   7    9 Sc         0   0   5  1458 -9.0 -9.00 -9  26.5  26.7  29.1  28.7  28.7  -9 -9.0 -9  3  2
202408120600 108   5  1.7  -9 -9.0   -9  994.1 1003.7  2   1.2  28.3  24.9  82.0  31.5   -9.0   -9.0   -9.0   -9.0   -9.0   -9.0   -9.0 -9 -9 -                        7   7    9 Sc         0   0   5  1421  0.0  0.00 -9  26.8  24.6  28.9  28.5  28.7  -9 -9.0 -9  3  2
202408120700 108   5  1.6  -9 -9.0   -9  994.4 1003.9 -9  -9.0  28.4  25.0  82.0  31.7   -9.0   -9.0   -9.0   -9.0   -9.0   -9.0   -9.0 -9 -9 -                        1   1   10 Sc         0   0   5  1401  0.1  0.16 -9  27.8  24.6  28.9  28.4  28.6  -9 -9.0 -9  3  2
202408120800 108   2  1.9  -9 -9.0   -9  994.7 1004.2 -9  -9.0  29.3  25.2  79.0  32.1   -9.0   -9.0   -9.0   -9.0   -9.0   -9.0   -9.0 -9 -9 -                        4   4    7 Sc         0   0   5  1453  0.8  0.66 -9  31.3  24.7  28.8  28.4  28.5  -9 -9.0 -9  3  2
202408120900 108   2  2.0  -9 -9.0   -9  994.7 1004.2  1   0.5  30.0  25.2  76.0  32.1   -9.0   -9.0   -9.0   -9.0   -9.0   -9.0   -9.0 -9 -9 -                        6   6    6 CuSc       0   0   8  1601  0.0  0.65 -9  33.3  24.8  28.9  28.3  28.5  -9 -9.0 -9  3  2
202408121000 108  27  2.4  -9 -9.0   -9  994.7 1004.2 -9  -9.0  30.3  24.6  72.0  30.9   -9.0   -9.0   -9.0   -9.0   -9.0   -9.0   -9.0 -9 -9 -                        7   7    7 Cu         0   0   2  2234  0.0  0.64 -9  32.7  25.1  29.1  28.4  28.4  -9 -9.0 -9  3  2
202408121100 108  18  2.3  -9 -9.0   -9  994.5 1003.9 -9  -9.0  32.5  24.8  64.0  31.3   -9.0   -9.0   -9.0   -9.0   -9.0   -9.0   -9.0 -9 -9 -                        5   5   10 Cu         0   0   2  2324  0.7  2.22 -9  51.1  27.8  29.2  28.5  28.4  -9 -9.0 -9  3  2
202408121200 108  27  2.1  -9 -9.0   -9  994.2 1003.6  7  -0.6  32.8  24.8  63.0  31.3   -9.0   -9.0   -9.0   -9.0   -9.0   -9.0   -9.0 -9 -9 -                        5   5   10 Cu         0   0   2  2034  0.4  1.98 -9  48.4  28.2  29.7  28.6  28.4  -9 -9.0 -9  3  2
202408121300 108  27  1.8  -9 -9.0   -9  994.0 1003.4 -9  -9.0  32.9  24.9  63.0  31.5   -9.0   -9.0   -9.0   -9.0   -9.0   -9.0   -9.0 -9 -9 -                        6   6   11 Cu         0   0   2  2104  0.1  1.30 -9  41.4  31.2  30.4  28.8  28.4  -9 -9.0 -9  3  2
202408121400 108  29  2.9  -9 -9.0   -9  994.0 1003.4 -9  -9.0  32.9  24.9  63.0  31.5   -9.0   -9.0   -9.0   -9.0   -9.0   -9.0   -9.0 -9 -9 -                        8   8   10 CuSc       0   0   8  1849  0.0  0.89 -9  38.4  30.4  30.6  29.0  28.4  -9 -9.0 -9  3  2
202408121500 108  25  2.5  -9 -9.0   -9  993.8 1003.2  7  -0.4  33.8  24.9  60.0  31.5   -9.0   -9.0   -9.0   -9.0   -9.0   -9.0   -9.0 -9 -9 -                        8   8   11 CuSc       0   0   2  2228  0.4  1.78 -9  45.6  31.5  30.7  29.2  28.5  -9 -9.0 -9  3  2
202408121600 108  27  2.3  -9 -9.0   -9  993.8 1003.2 -9  -9.0  33.6  24.4  59.0  30.6   -9.0   -9.0   -9.0   -9.0   -9.0   -9.0   -9.0 -9 -9 -                        7   7   11 CuSc       0   0   2  2061  0.3  1.22 -9  39.7  31.7  31.0  29.4  28.6  -9 -9.0 -9  3  2
202408121700 108  27  2.2  -9 -9.0   -9  993.6 1003.0 -9  -9.0  33.7  24.5  59.0  30.7   -9.0   -9.0   -9.0   -9.0   -9.0   -9.0   -9.0 -9 -9 -                        7   7   14 CuSc       0   0   2  2048  0.3  1.00 -9  38.0  31.4  31.1  29.6  28.7  -9 -9.0 -9  3  2
202408121800 108  29  1.9  -9 -9.0   -9  993.8 1003.2  4   0.0  33.7  24.8  60.0  31.3   -9.0   -9.0   -9.0   -9.0   -9.0   -9.0   -9.0 -9 -9 -                        3   3   11 Cu         0   0   2  2265  0.5  0.63 -9  35.4  29.6  31.2  29.7  28.8  -9 -9.0 -9  3  2
202408121900 108  32  2.5  -9 -9.0   -9  994.3 1003.7 -9  -9.0  32.8  24.8  63.0  31.3   -9.0   -9.0   -9.0   -9.0   -9.0   -9.0   -9.0 -9 -9 -                        3   2   -9 -         -9  -9  -9  2304  0.5  0.36 -9  31.7  28.9  31.1  29.7  28.8  -9 -9.0 -9  3 -9
202408122000 108  32  3.3  -9 -9.0   -9  994.9 1004.4 -9  -9.0  31.7  25.0  68.0  31.7   -9.0   -9.0   -9.0   -9.0   -9.0   -9.0   -9.0 -9 -9 -                        3   1   -9 -         -9  -9  -9  2432  0.0  0.02 -9  29.7  29.6  30.8  29.8  29.0  -9 -9.0 -9  3 -9
202408122100 108  32  3.2  -9 -9.0   -9  995.7 1005.2  2   2.0  31.0  25.1  71.0  31.9   -9.0   -9.0   -9.0   -9.0   -9.0   -9.0   -9.0 -9 -9 -                        0   0   -9 -         -9  -9  -9  2383 -9.0 -9.00 -9  28.8  29.2  30.5  29.7  29.0  -9 -9.0 -9  3  2
202408122200 108  29  2.4  -9 -9.0   -9  995.9 1005.4 -9  -9.0  30.5  24.6  71.0  30.9   -9.0   -9.0   -9.0   -9.0   -9.0   -9.0   -9.0 -9 -9 -                        1   1   -9 -         -9  -9  -9  2598 -9.0 -9.00 -9  28.1  28.9  30.3  29.6  29.0  -9 -9.0 -9  3 -9
202408122300 108  29  2.2  -9 -9.0   -9  996.2 1005.7 -9  -9.0  30.2  24.3  71.0  30.4   -9.0   -9.0   -9.0   -9.0   -9.0   -9.0   -9.0 -9 -9 -                        1   1   -9 -         -9  -9  -9  2777 -9.0 -9.00 -9  27.6  28.6  30.0  29.4  29.0  -9 -9.0 -9  3 -9
202408130000 108  27  1.2  -9 -9.0   -9  996.3 1005.9  2   0.7  29.9  24.7  74.0  31.1   -9.0   -9.0   -9.0   -9.0   -9.0   -9.0   -9.0 -9 -9 -                        0   0   -9 -         -9  -9  -9  2624 -9.0 -9.00 -9  27.1  28.4  29.8  29.3  29.0  -9 -9.0 -9  3  2
202408130100 108  32  1.1  -9 -9.0   -9  996.3 1005.8 -9  -9.0  29.4  24.9  77.0  31.5   -9.0   -9.0   -9.0   -9.0   -9.0   -9.0   -9.0 -9 -9 -                        1   1   15 -         -9  -9  -9  2378 -9.0 -9.00 -9  26.8  28.1  29.6  29.1  28.9  -9 -9.0 -9  3 -9
202408130200 108  27  0.8  -9 -9.0   -9  996.6 1006.1 -9  -9.0  29.2  24.9  78.0  31.5   -9.0   -9.0   -9.0   -9.0   -9.0   -9.0   -9.0 -9 -9 -                        1   1    9 -         -9  -9  -9  2203 -9.0 -9.00 -9  27.4  27.9  29.4  29.0  28.9  -9 -9.0 -9  3 -9
202408130300 108  32  1.5  -9 -9.0   -9  996.9 1006.5  3   0.6  28.8  24.9  80.0  31.5   -9.0   -9.0   -9.0   -9.0   -9.0   -9.0   -9.0 -9 -9 -                        2   2    9 Sc         0   0   5  2142 -9.0 -9.00 -9  26.5  27.8  29.3  28.8  28.8  -9 -9.0 -9  3  2
202408130400 108  29  1.3  -9 -9.0   -9  997.2 1006.8 -9  -9.0  28.5  25.1  82.0  31.9   -9.0   -9.0   -9.0   -9.0   -9.0   -9.0   -9.0 -9 -9 -                        3   3    9 Sc         0   0   5  1852 -9.0 -9.00 -9  26.1  27.6  29.1  28.7  28.7  -9 -9.0 -9  3  2
202408130500 108   0  0.3  -9 -9.0   -9  997.5 1007.1 -9  -9.0  28.2  25.0  83.0  31.7   -9.0   -9.0   -9.0   -9.0   -9.0   -9.0   -9.0 -9 -9 -                        6   6    9 Sc         0   0   5  1694 -9.0 -9.00 -9  25.7  27.2  29.0  28.6  28.7  -9 -9.0 -9  3  2
202408130600 108   0  0.3  -9 -9.0   -9  997.9 1007.5  2   1.0  28.2  24.8  82.0  31.3   -9.0   -9.0   -9.0   -9.0   -9.0   -9.0   -9.0 -9 -9 -                        6   6    9 Sc         0   0   5  1827  0.0  0.00 -9  26.8  27.1  28.8  28.5  28.6  -9 -9.0 -9  3  2
202408130700 108   5  1.4  -9 -9.0   -9  998.3 1007.9 -9  -9.0  28.2  25.0  83.0  31.7   -9.0   -9.0   -9.0   -9.0   -9.0   -9.0   -9.0 -9 -9 -                        1   1   11 Sc         0   0   5  1959  0.0  0.20 -9  27.9  26.9  28.7  28.4  28.5  -9 -9.0 -9  3  2
202408130800 108   5  2.2  -9 -9.0   -9  998.6 1008.1 -9  -9.0  29.6  25.5  79.0  32.6   -9.0   -9.0   -9.0   -9.0   -9.0   -9.0   -9.0 -9 -9 -                        0   0   -9 -         -9  -9  -9  1588  0.9  0.73 -9  33.4  27.1  28.7  28.3  28.5  -9 -9.0 -9  3  2
202408130900 108   7  2.4  -9 -9.0   -9  998.8 1008.4  2   0.9  30.5  25.3  74.0  32.2   -9.0   -9.0   -9.0   -9.0   -9.0   -9.0   -9.0 -9 -9 -                        6   6   11 Sc         0   0   5  1664  0.7  1.24 -9  37.7  27.5  28.9  28.3  28.4  -9 -9.0 -9  3  2
202408131000 108   7  1.7  -9 -9.0   -9  998.7 1008.2 -9  -9.0  32.0  25.3  68.0  32.2   -9.0   -9.0   -9.0   -9.0   -9.0   -9.0   -9.0 -9 -9 -                        4   4    8 Sc         0   0   5  1934  1.0  2.07 -9  46.1  28.0  29.3  28.3  28.3  -9 -9.0 -9  3  2
202408131100 108   5  1.8  -9 -9.0   -9  998.3 1007.8 -9  -9.0  32.5  24.8  64.0  31.3   -9.0   -9.0   -9.0   -9.0   -9.0   -9.0   -9.0 -9 -9 -                        7   7   10 CuSc       0   0   8  2126  0.5  1.82 -9  46.1  28.4  29.7  28.4  28.3  -9 -9.0 -9  3  2
202408131200 108  27  1.2  -9 -9.0   -9  997.9 1007.3  7  -1.1  33.8  24.6  59.0  30.9   -9.0   -9.0   -9.0   -9.0   -9.0   -9.0   -9.0 -9 -9 -                        7   7    9 CuSc       0   0   8  2132  0.9  2.76 -9  48.3  29.7  30.3  28.6  28.2  -9 -9.0 -9  3  2
202408131300 108  29  1.9  -9 -9.0   -9  997.3 1006.7 -9  -9.0  34.9  24.5  55.0  30.7   -9.0   -9.0   -9.0   -9.0   -9.0   -9.0   -9.0 -9 -9 -                        8   8   12 CuSc       0   0   8  2328  0.8  2.98 -9  56.9  29.6  30.9  28.6  27.8  -9 -9.0 -9  3  2
202408131400 108   5  1.8  -9 -9.0   -9  997.0 1006.4 -9  -9.0  35.6  25.7  57.0  33.0   -9.0   -9.0   -9.0   -9.0   -9.0   -9.0   -9.0 -9 -9 -                        6   6   13 Cu         0   0   2  2144  0.8  2.77 -9  54.2  32.1  31.6  29.2  28.2  -9 -9.0 -9  3  2
202408131500 108  25  2.2  -9 -9.0   -9  996.5 1005.9  7  -1.4  36.3  24.5  51.0  30.7   -9.0   -9.0   -9.0   -9.0   -9.0   -9.0   -9.0 -9 -9 -                        6   6   12 Cu         0   0   2  2743  0.8  2.53 -9  57.2  32.7  32.1  29.7  28.4  -9 -9.0 -9  3  2
202408131600 108  27  2.8  -9 -9.0   -9  996.2 1005.6 -9  -9.0  35.9  24.8  53.0  31.3   -9.0   -9.0   -9.0   -9.0   -9.0   -9.0   -9.0 -9 -9 -                        6   6   14 Cu         0   0   2  2838  0.5  1.60 -9  47.2  28.1  32.5  30.3  28.9  -9 -9.0 -9  3  2
202408131700 108   9  2.9  -9 -9.0   -9  996.2 1005.6 -9  -9.0  34.3  25.4  60.0  32.4    0.0    0.0    0.0   -9.0   -9.0   -9.0   -9.0 80 82 04                       8   8    9 CuSc       0   0   8  1748  0.4  1.27 -9  38.0  28.1  32.5  30.5  29.1  -9 -9.0 -9  4  1
202408131800 108   9  1.5  -9 -9.0   -9  996.4 1005.9  4   0.0  32.1  25.4  68.0  32.4    0.0    0.0    0.0   -9.0   -9.0   -9.0   -9.0 95 98 04                      10   8    4 CbCuNs    -9   2   9  2045  0.2  0.51 -9  31.7  32.4  32.3  30.5  29.1  -9 -9.0 -9  4  1
202408131900 108  18  2.0  -9 -9.0   -9  996.8 1006.3 -9  -9.0  30.8  25.6  74.0  32.8    0.0    0.0    0.0   -9.0   -9.0   -9.0   -9.0 29 98 04                       6   4   18 CuScCi     2   0   8  1903  0.0  0.30 -9  29.5  28.8  32.0  30.7  29.4  -9 -9.0 -9  4  1
202408132000 108  32  3.5  -9 -9.0   -9  997.3 1006.8 -9  -9.0  31.2  24.0  66.0  29.8   -9.0    0.0    0.0   -9.0   -9.0   -9.0   -9.0 -9 -9 -                        5   0   -9 -         -9  -9  -9  2810  0.0  0.03 -9  27.6  27.6  31.7  30.6  29.5  -9 -9.0 -9  3  2
202408132100 108  32  1.2  -9 -9.0   -9  997.9 1007.4  2   1.5  30.8  24.6  70.0  30.9   -9.0    0.0    0.0   -9.0   -9.0   -9.0   -9.0 -9 98 -                        0   0   -9 -         -9  -9  -9  2743 -9.0 -9.00 -9  27.2  26.9  31.2  30.5  29.6  -9 -9.0 -9  3  1
202408132200 108   2  1.2  -9 -9.0   -9  998.0 1007.6 -9  -9.0  30.4  25.0  73.0  31.7   -9.0    0.0    0.0   -9.0   -9.0   -9.0   -9.0 -9 -9 -                        2   1   -9 -         -9  -9  -9  2662 -9.0 -9.00 -9  26.9  26.4  30.8  30.3  29.6  -9 -9.0 -9  3 -9
202408132300 108  32  1.4  -9 -9.0   -9  997.9 1007.5 -9  -9.0  30.1  25.1  75.0  31.9   -9.0    0.0    0.0   -9.0   -9.0   -9.0   -9.0 -9 -9 -                        5   0   -9 -         -9  -9  -9  2496 -9.0 -9.00 -9  27.1  29.8  30.5  30.1  29.6  -9 -9.0 -9  3 -9
202408140000 108  32  0.6  -9 -9.0   -9  997.9 1007.5  0   0.1  29.8  25.1  76.0  31.9   -9.0    0.0    0.0   -9.0   -9.0   -9.0   -9.0 -9 -9 -                        2   2   40 Ac         0   3   0  2268 -9.0 -9.00 -9  26.7  29.5  30.3  29.9  29.5  -9 -9.0 -9  3  2
202408140100 108  36  0.6  -9 -9.0   -9  998.0 1007.5 -9  -9.0  29.5  25.0  77.0  31.7   -9.0   -9.0   -9.0   -9.0   -9.0   -9.0   -9.0 -9 -9 -                        8   6   37 -         -9  -9  -9  2350 -9.0 -9.00 -9  27.4  29.3  30.0  29.7  29.5  -9 -9.0 -9  3 -9
202408140200 108   7  1.0  -9 -9.0   -9  998.1 1007.6 -9  -9.0  29.4  25.1  78.0  31.9   -9.0   -9.0   -9.0   -9.0   -9.0   -9.0   -9.0 -9 -9 -                        6   6   37 -         -9  -9  -9  2296 -9.0 -9.00 -9  27.5  29.1  29.9  29.6  29.4  -9 -9.0 -9  3 -9
202408140300 108   9  1.5  -9 -9.0   -9  998.2 1007.7  2   0.2  29.4  25.3  79.0  32.2   -9.0   -9.0   -9.0   -9.0   -9.0   -9.0   -9.0 -9 -9 -                        8   8   41 Ac         0   3   0  1916 -9.0 -9.00 -9  27.4  29.0  29.7  29.4  29.4  -9 -9.0 -9  3  2
202408140400 108   5  1.8  -9 -9.0   -9  998.1 1007.7 -9  -9.0  29.0  24.9  79.0  31.5   -9.0   -9.0   -9.0   -9.0   -9.0   -9.0   -9.0 -9 -9 -                        7   7   33 Ac         0   3   0  1975 -9.0 -9.00 -9  27.1  28.9  29.6  29.3  29.3  -9 -9.0 -9  3  2
202408140500 108   5  1.6  -9 -9.0   -9  998.0 1007.6 -9  -9.0  28.6  24.8  80.0  31.3   -9.0   -9.0   -9.0   -9.0   -9.0   -9.0   -9.0 -9 -9 -                        3   3   45 Ac         0   3   0  1854 -9.0 -9.00 -9  26.3  28.7  29.5  29.2  29.2  -9 -9.0 -9  3  2
202408140600 108   5  1.7  -9 -9.0   -9  998.1 1007.7  4   0.0  28.3  24.7  81.0  31.1   -9.0   -9.0   -9.0   -9.0   -9.0   -9.0   -9.0 -9 -9 -                        4   4   35 Ac         0   3   0  1994  0.0  0.00 -9  26.5  28.2  29.3  29.1  29.1  -9 -9.0 -9  3  2
202408140700 108   5  2.3  -9 -9.0   -9  998.4 1008.0 -9  -9.0  28.5  24.7  80.0  31.1   -9.0   -9.0   -9.0   -9.0   -9.0   -9.0   -9.0 -9 -9 -                        3   3   35 Ac         0   3   0  2065  0.5  0.26 -9  27.6  25.3  29.2  29.0  29.1  -9 -9.0 -9  3  2
202408140800 108   5  1.9  -9 -9.0   -9  998.6 1008.1 -9  -9.0  29.7  24.7  75.0  31.1   -9.0   -9.0   -9.0   -9.0   -9.0   -9.0   -9.0 -9 -9 -                        5   5   35 Ac         0   3   0  1971  0.6  0.70 -9  33.4  25.3  29.1  28.8  29.0  -9 -9.0 -9  3  2
202408140900 108   5  2.3  -9 -9.0   -9  998.6 1008.1  1   0.4  31.1  25.4  72.0  32.4   -9.0   -9.0   -9.0   -9.0   -9.0   -9.0   -9.0 -9 -9 -                        1   1    7 Sc         0   0   5  2110  1.0  1.50 -9  40.6  25.5  29.3  28.8  28.9  -9 -9.0 -9  3  2
202408141000 108   5  2.1  -9 -9.0   -9  998.5 1008.0 -9  -9.0  32.2  24.7  65.0  31.1   -9.0   -9.0   -9.0   -9.0   -9.0   -9.0   -9.0 -9 -9 -                        1   1   14 Sc         0   0   5  2159  1.0  2.14 -9  47.4  25.6  29.6  28.8  28.8  -9 -9.0 -9  3  2
202408141100 108   5  2.2  -9 -9.0   -9  998.2 1007.7 -9  -9.0  33.2  24.6  61.0  30.9   -9.0   -9.0   -9.0   -9.0   -9.0   -9.0   -9.0 -9 -9 -                        2   2   14 Sc         0   0   5  2418  0.8  2.23 -9  49.5  30.8  30.1  29.0  28.8  -9 -9.0 -9  3  2
202408141200 108   7  1.6  -9 -9.0   -9  997.8 1007.3  7  -0.8  33.1  24.5  61.0  30.7   -9.0   -9.0   -9.0   -9.0   -9.0   -9.0   -9.0 -9 -9 -                        8   8   11 CuSc       0   0   8  2003  0.1  1.03 -9  40.9  30.2  30.5  29.2  28.8  -9 -9.0 -9  3  2
202408141300 108  36  1.3  -9 -9.0   -9  997.3 1006.7 -9  -9.0  33.3  24.1  59.0  30.0   -9.0   -9.0   -9.0   -9.0   -9.0   -9.0   -9.0 -9 -9 -                        8   8   10 CuSc       0   0   8  2143  0.0  0.72 -9  38.0  30.7  30.7  29.4  28.9  -9 -9.0 -9  3  2
202408141400 108  18  2.3  -9 -9.0   -9  996.7 1006.1 -9  -9.0  34.6  24.2  55.0  30.2   -9.0   -9.0   -9.0   -9.0   -9.0   -9.0   -9.0 -9 -9 -                        6   6   14 Cu         0   0   2  2261  0.3  1.50 -9  48.2  30.8  30.9  29.6  28.9  -9 -9.0 -9  3  2
202408141500 108  32  1.1  -9 -9.0   -9  996.4 1005.8  7  -1.5  34.7  23.7  53.0  29.3   -9.0   -9.0   -9.0   -9.0   -9.0   -9.0   -9.0 -9 -9 -                        5   5   15 Cu         0   0   2  2225  0.3  1.25 -9  41.0  31.4  31.2  29.7  29.0  -9 -9.0 -9  3  2
202408141600 108  27  3.4  -9 -9.0   -9  996.3 1005.7 -9  -9.0  34.0  25.9  63.0  33.4   -9.0   -9.0   -9.0   -9.0   -9.0   -9.0   -9.0 -9 -9 -                        7   7   13 CuSc       0   0   8  1251  0.1  0.79 -9  38.5  31.0  31.4  29.9  29.1  -9 -9.0 -9  3  2
202408141700 108  25  5.5  -9 -9.0   -9  996.3 1005.8 -9  -9.0  30.4  25.0  73.0  31.7    2.8    2.8    2.8   -9.0   -9.0   -9.0   -9.0 95 98 04                       8   8    6 CbCu       0   0   9   814  0.0  0.28 -9  29.5  31.2  31.3  30.0  29.1  -9 -9.0 -9  4  1
202408141800 108  32  4.8  34 11.0 1732  996.5 1006.1  3   0.3  28.0  24.0  79.0  29.8    0.2    3.0    3.0   -9.0   -9.0   -9.0   -9.0 95 98 04                       8   8    8 CbCu       0   0   9  2644  0.0  0.13 -9  27.7  30.2  31.0  30.0  29.2  -9 -9.0 -9  4  1
202408141900 108  25  1.2  -9 -9.0   -9  996.7 1006.3 -9  -9.0  27.9  23.4  77.0  28.8    0.0    3.0    3.0   -9.0   -9.0   -9.0   -9.0 29 98 04                       5   3   10 CuScCi     2   0   2  2741  0.0  0.06 -9  26.8  29.3  30.5  29.9  29.3  -9 -9.0 -9  4  1
202408142000 108  25  2.6  -9 -9.0   -9  997.3 1006.9 -9  -9.0  27.4  23.0  77.0  28.1   -9.0    3.0    3.0   -9.0   -9.0   -9.0   -9.0 -9 -9 -                        4   2   20 -         -9  -9  -9  2575  0.0  0.00 -9  25.7  27.9  30.1  29.7  29.3  -9 -9.0 -9  3 -9
202408142100 108  29  1.9  34 11.0 1732  997.8 1007.4  2   1.3  27.5  23.5  79.0  28.9   -9.0    3.0    3.0   -9.0   -9.0   -9.0   -9.0 13 98 -                        3   3   10 Cu         0   0   2  2354 -9.0 -9.00 -9  25.6  27.4  29.7  29.5  29.3  -9 -9.0 -9  3  1
202408142200 108  36  0.6  -9 -9.0   -9  997.8 1007.4 -9  -9.0  27.6  23.4  78.0  28.8   -9.0    3.0    3.0   -9.0   -9.0   -9.0   -9.0 -9 -9 -                        3   1   -9 -         -9  -9  -9  2362 -9.0 -9.00 -9  25.5  27.1  29.4  29.2  29.2  -9 -9.0 -9  3 -9
202408142300 108   2  1.1  -9 -9.0   -9  998.0 1007.6 -9  -9.0  27.6  23.8  80.0  29.5   -9.0    3.0    3.0   -9.0   -9.0   -9.0   -9.0 -9 -9 -                        8   2   23 -         -9  -9  -9  2326 -9.0 -9.00 -9  25.9  26.8  29.2  29.0  29.1  -9 -9.0 -9  3 -9
202408150000 108   2  1.3  -9 -9.0   -9  997.7 1007.3  8  -0.1  27.8  24.0  80.0  29.8   -9.0    3.0    3.0   -9.0   -9.0   -9.0   -9.0 -9 -9 -                        8   8   29 As         0   2   0  2219 -9.0 -9.00 -9  26.3  26.7  29.0  28.8  29.0  -9 -9.0 -9  3  2
202408150100 108  36  0.6  -9 -9.0   -9  997.8 1007.4 -9  -9.0  27.9  24.1  80.0  30.0    0.0    0.0    0.0   -9.0   -9.0   -9.0   -9.0 91 98 04                      10   3   10 CuScAs    -9   2   8  2144 -9.0 -9.00 -9  26.4  26.7  28.9  28.6  28.8  -9 -9.0 -9  4  1
202408150200 108   7  0.9  -9 -9.0   -9  997.5 1007.1 -9  -9.0  27.7  24.9  85.0  31.5    0.2    0.2    0.2   -9.0   -9.0   -9.0   -9.0 80 88 04                      10   3   10 CuScAs    -9   2   8  1448 -9.0 -9.00 -9  26.3  26.6  28.8  28.4  28.7  -9 -9.0 -9  4  1
202408150300 108   5  2.6  -9 -9.0   -9  997.4 1007.0  8  -0.3  27.3  24.5  85.0  30.7    0.1    0.3    0.3   -9.0   -9.0   -9.0   -9.0 25 98 04                       7   7   35 Ac         0   3   0  2057 -9.0 -9.00 -9  25.8  26.4  28.7  28.2  28.5  -9 -9.0 -9  4  1
202408150400 108   5  2.5  -9 -9.0   -9  997.5 1007.1 -9  -9.0  27.2  24.0  83.0  29.8   -9.0    0.3    0.3   -9.0   -9.0   -9.0   -9.0 -9 -9 -                        3   1   35 AcCi       1   3   0  2239 -9.0 -9.00 -9  25.2  26.1  28.6  28.1  28.4  -9 -9.0 -9  3  2
202408150500 108   5  2.2  -9 -9.0   -9  997.8 1007.4 -9  -9.0  26.9  23.9  84.0  29.7   -9.0    0.3    0.3   -9.0   -9.0   -9.0   -9.0 -9 -9 -                        2   0   -9 Ci         1   0   0  2237 -9.0 -9.00 -9  24.9  26.0  28.4  28.0  28.3  -9 -9.0 -9  3  2
202408150600 108   5  1.8  -9 -9.0   -9  998.1 1007.8  2   0.8  26.7  23.7  84.0  29.3   -9.0    0.3    0.3   -9.0   -9.0   -9.0   -9.0 -9 -9 -                        5   1    7 ScAc       0   3   5  2193  0.0  0.00 -9  24.8  25.8  28.3  27.9  28.2  -9 -9.0 -9  3  2
202408150700 108   5  1.8  -9 -9.0   -9  998.3 1008.0 -9  -9.0  26.9  23.5  82.0  28.9   -9.0    0.3    0.3   -9.0   -9.0   -9.0   -9.0 -9 -9 -                        7   7   10 Cu         0   0   1  2317  0.0  0.16 -9  25.8  25.4  28.1  28.0  28.4  -9 -9.0 -9  3  2
202408150800 108   5  2.1  -9 -9.0   -9  998.6 1008.2 -9  -9.0  27.7  23.7  79.0  29.3   -9.0    0.3    0.3   -9.0   -9.0   -9.0   -9.0 -9 -9 -                        7   4   10 CuAc       0   3   2  2699  0.1  0.52 -9  27.8  24.6  28.1  28.0  28.5  -9 -9.0 -9  3  2
202408150900 108   5  2.3  -9 -9.0   -9  998.7 1008.3  2   0.5  29.3  23.9  73.0  29.7   -9.0    0.3    0.3   -9.0   -9.0   -9.0   -9.0 -9 -9 -                        5   2   13 ScAc       0   3   5  2419  0.5  1.23 -9  33.4  24.9  28.2  27.9  28.4  -9 -9.0 -9  3  2
202408151000 108   5  1.8  -9 -9.0   -9  998.7 1008.3 -9  -9.0  30.1  23.7  69.0  29.3   -9.0    0.3    0.3   -9.0   -9.0   -9.0   -9.0 -9 -9 -                        4   4   12 Sc         0   0   5  2308  0.4  1.58 -9  33.7  25.5  28.5  28.0  28.3  -9 -9.0 -9  3  2
202408151100 108  18  1.3  -9 -9.0   -9  998.2 1007.7 -9  -9.0  31.5  23.0  61.0  28.1   -9.0    0.3    0.3   -9.0   -9.0   -9.0   -9.0 -9 -9 -                        1   1   10 Sc         0   0   5  2742  0.8  2.43 -9  38.9  25.7  28.9  28.1  28.3  -9 -9.0 -9  3  2
202408151200 108  34  1.2  -9 -9.0   -9  997.9 1007.4  7  -0.9  32.0  23.7  62.0  29.3   -9.0    0.3    0.3   -9.0   -9.0   -9.0   -9.0 -9 -9 -                        7   7   11 Sc         0   0   5  2285  0.4  1.98 -9  35.7  26.8  29.6  28.4  28.3  -9 -9.0 -9  3  2
202408151300 108  16  0.8  -9 -9.0   -9  997.4 1006.9 -9  -9.0  32.5  23.7  60.0  29.3   -9.0    0.3    0.3   -9.0   -9.0   -9.0   -9.0 -9 -9 -                        7   7   12 Sc         0   0   5  2489  0.0  1.32 -9  35.6  27.0  30.0  28.6  28.3  -9 -9.0 -9  3  2
202408151400 108  16  1.0  -9 -9.0   -9  996.8 1006.2 -9  -9.0  33.9  23.8  56.0  29.5   -9.0    0.3    0.3   -9.0   -9.0   -9.0   -9.0 -9 -9 -                        6   6   15 Sc         0   0   5  2568  0.8  2.78 -9  43.0  27.0  30.4  28.9  28.4  -9 -9.0 -9  3  2
202408151500 108  23  0.8  -9 -9.0   -9  996.0 1005.4  7  -2.0  34.2  24.1  56.0  30.0   -9.0    0.3    0.3   -9.0   -9.0   -9.0   -9.0 -9 -9 -                        7   7   10 CuSc       0   0   8  2222  0.5  1.90 -9  41.5  28.3  30.8  28.2  27.3  -9 -9.0 -9  3  2
202408151600 108  25  2.3  -9 -9.0   -9  995.9 1005.3 -9  -9.0  34.5  23.8  54.0  29.5   -9.0    0.3    0.3   -9.0   -9.0   -9.0   -9.0 -9 -9 -                        8   8   10 CuSc       0   0   8  2371  0.6  1.58 -9  39.2  31.9  31.2  28.4  27.3  -9 -9.0 -9  3  2
202408151700 108  29  4.4  32 13.0 1635  996.2 1005.8 -9  -9.0  28.2  23.9  78.0  29.7    6.1    6.4    6.4   -9.0   -9.0   -9.0   -9.0 92 98 04                       7   7    8 CuSc       0   0   8  2249  0.0  0.26 -9  28.5  30.4  31.1  29.3  28.3  -9 -9.0 -9  4  1
202408151800 108  23  1.8  32 13.0 1635  996.3 1005.9  3   0.5  28.6  24.3  78.0  30.4    0.0    6.4    6.4   -9.0   -9.0   -9.0   -9.0 25 98 04                       7   2   10 CuCi       1   0   2  1951  0.0  0.13 -9  27.7  26.3  30.5  29.4  28.5  -9 -9.0 -9  4  1
202408151900 108  34  1.5  -9 -9.0   -9  996.6 1006.2 -9  -9.0  28.5  24.7  80.0  31.1   -9.0    6.4    6.4   -9.0   -9.0   -9.0   -9.0 -9 -9 -                        6   4   68 -         -9  -9  -9  2003  0.0  0.09 -9  27.1  25.9  30.2  29.5  28.8  -9 -9.0 -9  3 -9
202408152000 108  27  2.3  -9 -9.0   -9  997.0 1006.6 -9  -9.0  28.1  24.3  80.0  30.4   -9.0    6.4    6.4   -9.0   -9.0   -9.0   -9.0 -9 -9 -                        7   2   37 -         -9  -9  -9  1991  0.0  0.02 -9  26.4  25.5  29.8  29.0  28.5  -9 -9.0 -9  3 -9
202408152100 108  25  1.2  32 13.0 1635  997.5 1007.1  2   1.2  28.1  24.3  80.0  30.4   -9.0    6.4    6.4   -9.0   -9.0   -9.0   -9.0 -9 98 -                        2   0   -9 Ci         1   0   0  2078 -9.0 -9.00 -9  26.1  25.2  29.6  29.0  28.7  -9 -9.0 -9  3  1
202408152200 108  36  1.1  -9 -9.0   -9  997.7 1007.3 -9  -9.0  28.1  24.3  80.0  30.4   -9.0    6.4    6.4   -9.0   -9.0   -9.0   -9.0 -9 -9 -                        5   1   -9 -         -9  -9  -9  1937 -9.0 -9.00 -9  26.0  25.0  29.3  28.8  28.7  -9 -9.0 -9  3 -9
202408152300 108  11  1.4  -9 -9.0   -9  997.8 1007.4 -9  -9.0  27.9  23.4  77.0  28.8   -9.0    6.4    6.4   -9.0   -9.0   -9.0   -9.0 -9 -9 -                        3   1   -9 -         -9  -9  -9  2237 -9.0 -9.00 -9  25.6  24.6  29.1  28.6  28.5  -9 -9.0 -9  3 -9
202408160000 108   2  1.4  -9 -9.0   -9  997.8 1007.4  1   0.3  27.5  23.5  79.0  28.9   -9.0    6.4    6.4   -9.0   -9.0   -9.0   -9.0 -9 -9 -                        3   3   14 Sc         0   0   5  2133 -9.0 -9.00 -9  25.4  24.4  28.8  28.0  28.0  -9 -9.0 -9  3  2
202408160100 108   5  1.5  -9 -9.0   -9  997.9 1007.5 -9  -9.0  27.4  23.8  81.0  29.5   -9.0   -9.0   -9.0   -9.0   -9.0   -9.0   -9.0 -9 -9 -                        3   1   -9 -         -9  -9  -9  2072 -9.0 -9.00 -9  25.1  24.2  28.6  27.7  27.7  -9 -9.0 -9  3 -9
202408160200 108   5  2.3  -9 -9.0   -9  997.8 1007.4 -9  -9.0  27.1  23.9  83.0  29.7   -9.0   -9.0   -9.0   -9.0   -9.0   -9.0   -9.0 -9 -9 -                        3   1   23 -         -9  -9  -9  2039 -9.0 -9.00 -9  24.9  24.0  28.4  27.5  27.6  -9 -9.0 -9  3 -9
202408160300 108   5  1.9  -9 -9.0   -9  998.0 1007.6  2   0.2  27.2  23.8  82.0  29.5   -9.0   -9.0   -9.0   -9.0   -9.0   -9.0   -9.0 -9 -9 -                        2   2   18 Sc         0   0   5  2434 -9.0 -9.00 -9  24.9  23.9  28.3  27.3  27.5  -9 -9.0 -9  3  2
202408160400 108   5  1.8  -9 -9.0   -9  998.2 1007.9 -9  -9.0  26.9  23.5  82.0  28.9   -9.0   -9.0   -9.0   -9.0   -9.0   -9.0   -9.0 -9 -9 -                        3   3   30 Ac         0   3   0  2273 -9.0 -9.00 -9  24.8  23.8  28.1  27.2  27.4  -9 -9.0 -9  3  2
202408160500 108   5  1.4  -9 -9.0   -9  998.2 1007.9 -9  -9.0  26.8  23.6  83.0  29.1   -9.0   -9.0   -9.0   -9.0   -9.0   -9.0   -9.0 -9 -9 -                        5   5   30 Ac         0   3   0  2193 -9.0 -9.00 -9  24.9  23.6  28.0  26.9  27.2  -9 -9.0 -9  3  2
202408160600 108   9  2.0  -9 -9.0   -9  998.8 1008.5  2   0.9  26.8  23.0  80.0  28.1   -9.0   -9.0   -9.0   -9.0   -9.0   -9.0   -9.0 -9 -9 -                        3   3   28 Ac         0   3   0  2626  0.0  0.00 -9  24.5  23.6  27.9  26.8  27.2  -9 -9.0 -9  3  2
202408160700 108   9  1.2  -9 -9.0   -9  999.0 1008.7 -9  -9.0  27.0  23.0  79.0  28.1   -9.0   -9.0   -9.0   -9.0   -9.0   -9.0   -9.0 -9 -9 -                        4   4   25 Ac         0   3   0  3000  0.2  0.20 -9  25.7  23.5  27.8  27.3  27.8  -9 -9.0 -9  3  2
202408160800 108   5  1.9  -9 -9.0   -9  999.2 1008.8 -9  -9.0  28.4  23.9  77.0  29.7   -9.0   -9.0   -9.0   -9.0   -9.0   -9.0   -9.0 -9 -9 -                        7   3   15 ScAc       0   3   5  2445  0.5  0.74 -9  30.8  23.7  27.8  27.5  28.0  -9 -9.0 -9  3  2
202408160900 108   7  2.0  -9 -9.0   -9  999.3 1008.9  2   0.4  29.4  23.5  71.0  28.9   -9.0   -9.0   -9.0   -9.0   -9.0   -9.0   -9.0 -9 -9 -                        1   1    8 Sc         0   0   5  2367  0.9  1.41 -9  31.8  25.2  28.0  27.4  27.8  -9 -9.0 -9  3  2
202408161000 108   9  1.5  -9 -9.0   -9  999.5 1009.1 -9  -9.0  30.7  23.6  66.0  29.1   -9.0   -9.0   -9.0   -9.0   -9.0   -9.0   -9.0 -9 -9 -                        1   1    9 Sc         0   0   5  2702  0.9  2.00 -9  36.3  25.4  28.4  27.7  28.0  -9 -9.0 -9  3  2
202408161100 108   5  3.4  -9 -9.0   -9  999.1 1008.6 -9  -9.0  31.9  23.4  61.0  28.8   -9.0   -9.0   -9.0   -9.0   -9.0   -9.0   -9.0 -9 -9 -                        3   3   10 Sc         0   0   5  2656  1.0  2.62 -9  37.8  26.4  29.0  27.9  28.0  -9 -9.0 -9  3  2
202408161200 108   2  2.6  -9 -9.0   -9  998.7 1008.2  8  -0.7  31.7  23.2  61.0  28.4   -9.0   -9.0   -9.0   -9.0   -9.0   -9.0   -9.0 -9 -9 -                        6   6   12 Sc         0   0   5  2583  0.1  1.26 -9  34.0  26.9  29.4  28.1  28.0  -9 -9.0 -9  3  2
202408161300 108   9  1.6  -9 -9.0   -9  998.1 1007.6 -9  -9.0  33.1  24.0  59.0  29.8   -9.0   -9.0   -9.0   -9.0   -9.0   -9.0   -9.0 -9 -9 -                        3   3   10 Sc         0   0   5  2659  0.7  2.58 -9  40.7  26.8  29.7  28.4  28.0  -9 -9.0 -9  3  2
202408161400 108   5  1.9  -9 -9.0   -9  997.7 1007.1 -9  -9.0  33.9  22.9  53.0  27.9   -9.0   -9.0   -9.0   -9.0   -9.0   -9.0   -9.0 -9 -9 -                        6   6   10 CuSc       0   0   8  2649  0.9  3.03 -9  38.0  27.6  30.4  28.7  28.1  -9 -9.0 -9  3  2
202408161500 108   5  1.7  -9 -9.0   -9  997.3 1006.7  7  -1.5  33.5  22.9  54.0  27.9   -9.0   -9.0   -9.0   -9.0   -9.0   -9.0   -9.0 -9 -9 -                        6   6   10 CuSc       0   0   8  2741  0.2  0.98 -9  33.6  27.9  30.8  29.0  28.2  -9 -9.0 -9  3  2
202408161600 108   5  3.3  -9 -9.0   -9  997.0 1006.4 -9  -9.0  33.5  23.2  55.0  28.4    0.0    0.0    0.0   -9.0   -9.0   -9.0   -9.0 25 82 04                       7   7   10 CuSc       0   0   8  2595  0.3  0.92 -9  33.3  28.0  30.8  29.0  28.0  -9 -9.0 -9  4  1
202408161700 108  25  1.8  -9 -9.0   -9  996.9 1006.3 -9  -9.0  33.5  23.8  57.0  29.5   -9.0    0.0    0.0   -9.0   -9.0   -9.0   -9.0 -9 -9 -                        5   5   10 CuSc       0   0   8  2617  0.4  0.74 -9  32.3  27.7  30.7  28.4  27.2  -9 -9.0 -9  3  2
202408161800 108  23  2.3  -9 -9.0   -9  997.1 1006.6  5  -0.1  32.4  24.1  62.0  30.0   -9.0    0.0    0.0   -9.0   -9.0   -9.0   -9.0 -9 81 -                        3   3   10 Cu         0   0   2  2134  0.6  0.69 -9  30.1  27.3  30.6  28.4  27.3  -9 -9.0 -9  3  1
202408161900 108  27  2.5  -9 -9.0   -9  997.8 1007.3 -9  -9.0  30.9  24.2  68.0  30.2   -9.0    0.0    0.0   -9.0   -9.0   -9.0   -9.0 -9 -9 -                        6   5   18 -         -9  -9  -9  2170  0.0  0.06 -9  28.4  26.9  30.4  28.3  27.3  -9 -9.0 -9  3 -9
202408162000 108  25  1.8  -9 -9.0   -9  998.5 1008.1 -9  -9.0  30.1  24.0  70.0  29.8   -9.0    0.0    0.0   -9.0   -9.0   -9.0   -9.0 -9 -9 -                        5   2   15 -         -9  -9  -9  2337  0.0  0.01 -9  27.4  26.8  30.1  28.2  27.3  -9 -9.0 -9  3 -9
202408162100 108  29  4.8  -9 -9.0   -9  998.9 1008.5  2   1.9  29.0  22.9  70.0  27.9   -9.0    0.0    0.0   -9.0   -9.0   -9.0   -9.0 -9 80 -                        1   1   16 Sc         0   0   5  2832 -9.0 -9.00 -9  26.4  26.4  29.8  28.0  27.3  -9 -9.0 -9  3  1
202408162200 108   5  0.6  -9 -9.0   -9  999.2 1008.8 -9  -9.0  28.9  23.7  74.0  29.3   -9.0    0.0    0.0   -9.0   -9.0   -9.0   -9.0 -9 -9 -                        7   1   -9 -         -9  -9  -9  2115 -9.0 -9.00 -9  26.2  25.9  29.4  27.8  27.3  -9 -9.0 -9  3 -9
202408162300 108   5  2.5  -9 -9.0   -9  999.5 1009.1 -9  -9.0  28.6  23.5  74.0  28.9   -9.0    0.0    0.0   -9.0   -9.0   -9.0   -9.0 -9 -9 -                        7   1   -9 -         -9  -9  -9  2426 -9.0 -9.00 -9  26.0  25.6  29.2  27.6  27.2  -9 -9.0 -9  3 -9
202408170000 108  36  2.0  -9 -9.0   -9  999.6 1009.2  2   0.7  28.4  23.5  75.0  28.9   -9.0    0.0    0.0   -9.0   -9.0   -9.0   -9.0 -9 -9 -                        2   0   -9 Ci         1   0   0  2357 -9.0 -9.00 -9  25.7  25.4  28.9  27.4  27.2  -9 -9.0 -9  3  2
202408170100 108   7  0.9  -9 -9.0   -9  999.5 1009.1 -9  -9.0  28.1  23.6  77.0  29.1   -9.0   -9.0   -9.0   -9.0   -9.0   -9.0   -9.0 -9 -9 -                        2   1   -9 -         -9  -9  -9  1999 -9.0 -9.00 -9  25.4  25.2  28.7  27.3  27.1  -9 -9.0 -9  3 -9
202408170200 108   5  2.3  -9 -9.0   -9  999.8 1009.4 -9  -9.0  28.1  23.8  78.0  29.5   -9.0   -9.0   -9.0   -9.0   -9.0   -9.0   -9.0 -9 -9 -                        6   1   28 -         -9  -9  -9  2108 -9.0 -9.00 -9  25.6  25.0  28.5  27.1  27.1  -9 -9.0 -9  3 -9
202408170300 108   9  1.0  -9 -9.0   -9  999.8 1009.4  1   0.2  28.2  23.5  76.0  28.9   -9.0   -9.0   -9.0   -9.0   -9.0   -9.0   -9.0 -9 -9 -                        9   9   30 Ac         0   3   0  2573 -9.0 -9.00 -9  25.9  24.9  28.4  27.0  27.0  -9 -9.0 -9  3  2
202408170400 108   5  1.4  -9 -9.0   -9 1000.1 1009.7 -9  -9.0  28.1  23.4  76.0  28.8   -9.0   -9.0   -9.0   -9.0   -9.0   -9.0   -9.0 -9 -9 -                        1   1   25 Ac         0   3   0  2553 -9.0 -9.00 -9  25.5  24.9  28.3  26.8  27.0  -9 -9.0 -9  3  2
202408170500 108   5  1.8  -9 -9.0   -9 1000.6 1010.2 -9  -9.0  27.6  23.4  78.0  28.8   -9.0   -9.0   -9.0   -9.0   -9.0   -9.0   -9.0 -9 -9 -                        2   2   25 Ac         0   3   0  2684 -9.0 -9.00 -9  25.1  24.8  28.2  26.7  26.9  -9 -9.0 -9  3  2
202408170600 108   2  1.6  -9 -9.0   -9 1000.7 1010.4  2   1.0  27.2  23.2  79.0  28.4   -9.0   -9.0   -9.0   -9.0   -9.0   -9.0   -9.0 -9 -9 -                        7   0   -9 Ci         2   0   0  2699  0.0  0.00 -9  24.8  24.6  28.0  26.6  26.7  -9 -9.0 -9  3  2
202408170700 108   5  1.6  -9 -9.0   -9 1000.7 1010.4 -9  -9.0  27.3  23.3  79.0  28.6   -9.0   -9.0   -9.0   -9.0   -9.0   -9.0   -9.0 -9 -9 -                        6   6   24 Ac         0   3   0  2863  0.0  0.13 -9  25.8  24.5  27.9  26.5  26.7  -9 -9.0 -9  3  2
202408170800 108   9  1.0  -9 -9.0   -9 1001.1 1010.7 -9  -9.0  28.7  24.2  77.0  30.2   -9.0   -9.0   -9.0   -9.0   -9.0   -9.0   -9.0 -9 -9 -                        5   0   -9 Ci         1   0   0  2753  0.9  0.68 -9  29.5  24.7  27.9  26.5  26.8  -9 -9.0 -9  3  2
202408170900 108   9  1.4  -9 -9.0   -9 1001.1 1010.7  1   0.3  30.0  23.6  69.0  29.1   -9.0   -9.0   -9.0   -9.0   -9.0   -9.0   -9.0 -9 -9 -                        1   0   -9 Ci         1   0   0  3038  1.0  1.44 -9  34.3  25.1  28.1  26.6  26.8  -9 -9.0 -9  3  2
202408171000 108  14  1.8  -9 -9.0   -9 1001.2 1010.8 -9  -9.0  31.1  23.2  63.0  28.4   -9.0   -9.0   -9.0   -9.0   -9.0   -9.0   -9.0 -9 -9 -                        3   1   10 ScCc       9   0   5  3047  0.9  1.85 -9  36.0  25.9  28.5  26.8  26.9  -9 -9.0 -9  3  2
202408171100 108  18  1.5  -9 -9.0   -9 1000.7 1010.2 -9  -9.0  32.2  23.1  59.0  28.3   -9.0   -9.0   -9.0   -9.0   -9.0   -9.0   -9.0 -9 -9 -                        4   2   11 ScCi       1   0   5  3428  0.9  2.53 -9  39.5  26.5  29.0  27.0  26.9  -9 -9.0 -9  3  2
202408171200 108  36  1.6  -9 -9.0   -9 1000.2 1009.7  8  -1.0  32.6  22.9  57.0  27.9   -9.0   -9.0   -9.0   -9.0   -9.0   -9.0   -9.0 -9 -9 -                        4   4   10 CuSc       0   0   2  2758  0.5  2.00 -9  38.0  27.2  29.6  27.3  26.9  -9 -9.0 -9  3  2
202408171300 108   2  1.6  -9 -9.0   -9  999.8 1009.3 -9  -9.0  32.8  23.4  58.0  28.8   -9.0   -9.0   -9.0   -9.0   -9.0   -9.0   -9.0 -9 -9 -                        6   6   10 CuSc       0   0   8  2794  0.1  1.11 -9  37.9  27.1  30.0  27.6  26.9  -9 -9.0 -9  3  2
202408171400 108  27  1.1  -9 -9.0   -9  999.3 1008.8 -9  -9.0  33.0  23.3  57.0  28.6    0.0    0.0    0.0   -9.0   -9.0   -9.0   -9.0 80 82 04                       6   6    9 CuSc       0   0   8  2243  0.2  1.07 -9  34.3  27.6  30.2  27.8  27.0  -9 -9.0 -9  4  1
202408171500 108  25  1.5  -9 -9.0   -9  998.9 1008.3  7  -1.4  33.7  23.0  54.0  28.1    0.0    0.0    0.0   -9.0   -9.0   -9.0   -9.0 25 80 04                       4   4    9 CuSc       0   0   8  3541  0.3  1.63 -9  39.1  27.5  30.4  28.0  27.1  -9 -9.0 -9  4  1
202408171600 108  27  2.4  -9 -9.0   -9  998.3 1007.7 -9  -9.0  33.6  23.3  55.0  28.6   -9.0    0.0    0.0   -9.0   -9.0   -9.0   -9.0 -9 -9 -                        6   6    9 CuSc       0   0   8  2731  0.2  1.11 -9  34.7  27.7  30.6  28.2  27.2  -9 -9.0 -9  3  2
202408171700 108  29  3.2  -9 -9.0   -9  998.7 1008.2 -9  -9.0  32.2  25.5  68.0  32.6   -9.0    0.0    0.0   -9.0   -9.0   -9.0   -9.0 -9 -9 -                        8   8    8 CuSc       0   0   2  1265  0.2  0.64 -9  33.9  27.5  30.7  28.3  27.2  -9 -9.0 -9  3  2
202408171800 108  27  2.2  -9 -9.0   -9  999.0 1008.5  3   0.2  31.4  25.0  69.0  31.7    0.0    0.0    0.0   -9.0   -9.0   -9.0   -9.0 95 98 04                       9   8    6 CbStNs     0   2   9  1429  0.1  0.48 -9  31.3  27.5  30.6  28.3  27.3  -9 -9.0 -9  4  1
202408171900 108  29  2.6  -9 -9.0   -9  998.8 1008.4 -9  -9.0  27.4  24.0  82.0  29.8   11.0   11.0   11.0   -9.0   -9.0   -9.0   -9.0 29 98 04                       8   6   30 AcCi       3   6   0  2779  0.0  0.05 -9  27.0  29.3  29.9  28.1  27.2  -9 -9.0 -9  4  1
202408172000 108  23  1.5  -9 -9.0   -9  999.6 1009.2 -9  -9.0  27.5  23.5  79.0  28.9   -9.0   11.0   11.0   -9.0   -9.0   -9.0   -9.0 -9 -9 -                        7   5   35 -         -9  -9  -9  2934  0.0  0.01 -9  26.4  28.9  29.4  27.9  27.2  -9 -9.0 -9  3 -9
202408172100 108   0  0.1  -9 -9.0   -9 1000.1 1009.7  3   1.2  27.6  24.0  81.0  29.8   -9.0   11.0   11.0   -9.0   -9.0   -9.0   -9.0 -9 98 -                        1   0   -9 Ci         1   0   0  2597 -9.0 -9.00 -9  26.1  28.6  29.2  27.6  27.2  -9 -9.0 -9  3  1
202408172200 108  34  1.5  -9 -9.0   -9 1000.0 1009.6 -9  -9.0  27.5  24.3  83.0  30.4   -9.0   11.0   11.0   -9.0   -9.0   -9.0   -9.0 -9 -9 -                        3   1   -9 -         -9  -9  -9  2310 -9.0 -9.00 -9  26.0  28.3  29.1  28.9  28.8  -9 -9.0 -9  3 -9
202408172300 108   2  1.2  -9 -9.0   -9 1000.5 1010.1 -9  -9.0  27.5  24.7  85.0  31.1   -9.0   11.0   11.0   -9.0   -9.0   -9.0   -9.0 -9 -9 -                        6   4   21 -         -9  -9  -9  1898 -9.0 -9.00 -9  26.2  28.1  28.9  28.7  28.7  -9 -9.0 -9  3 -9
202408180000 108   9  1.5  -9 -9.0   -9 1000.4 1010.1  1   0.4  27.3  24.1  83.0  30.0   -9.0   11.0   11.0   -9.0   -9.0   -9.0   -9.0 -9 -9 -                        3   3   14 Sc         0   0   5  1706 -9.0 -9.00 -9  25.8  27.9  28.7  28.5  28.7  -9 -9.0 -9  3  2
202408180100 108   2  1.2  -9 -9.0   -9 1000.3 1010.0 -9  -9.0  27.3  24.3  84.0  30.4   -9.0   -9.0   -9.0   -9.0   -9.0   -9.0   -9.0 -9 -9 -                       10   6   13 -         -9  -9  -9  1640 -9.0 -9.00 -9  26.1  27.9  28.6  28.4  28.6  -9 -9.0 -9  3 -9
202408180200 108   5  2.3  -9 -9.0   -9 1000.6 1010.3 -9  -9.0  27.2  24.4  85.0  30.6   -9.0   -9.0   -9.0   -9.0   -9.0   -9.0   -9.0 -9 -9 -                       10   1   11 -         -9  -9  -9  1800 -9.0 -9.00 -9  26.0  27.8  28.5  28.2  28.5  -9 -9.0 -9  3 -9
202408180300 108   5  2.1  -9 -9.0   -9 1000.4 1010.1  4   0.0  27.1  24.1  84.0  30.0   -9.0   -9.0   -9.0   -9.0   -9.0   -9.0   -9.0 -9 -9 -                        9   2   14 ScAc       0   3   5  2645 -9.0 -9.00 -9  26.0  27.4  28.4  28.1  28.4  -9 -9.0 -9  3  2
202408180400 108   5  1.6  -9 -9.0   -9 1000.4 1010.1 -9  -9.0  27.1  23.9  83.0  29.7    0.0    0.0    0.0   -9.0   -9.0   -9.0   -9.0 21 62 01                      10   4   10 ScAs      -9   2   5  2330 -9.0 -9.00 -9  26.1  27.3  28.2  27.9  28.2  -9 -9.0 -9  4  1
202408180500 108   5  2.2  -9 -9.0   -9 1000.3 1010.0 -9  -9.0  27.1  23.9  83.0  29.7   -9.0    0.0    0.0   -9.0   -9.0   -9.0   -9.0 -9 -9 -                       10  10   25 As        -9   2   0  2759 -9.0 -9.00 -9  25.6  24.2  28.0  26.5  26.6  -9 -9.0 -9  3  2
202408180600 108   5  2.2  -9 -9.0   -9 1000.3 1010.0  6  -0.1  27.0  24.0  84.0  29.8   -9.0    0.0    0.0   -9.0   -9.0   -9.0   -9.0 -9 62 -                        7   7   30 Ac         0   3   0  2876  0.0  0.00 -9  25.5  24.1  27.9  26.4  26.6  -9 -9.0 -9  3  1
202408180700 108   5  2.4  -9 -9.0   -9 1000.6 1010.3 -9  -9.0  27.3  24.1  83.0  30.0   -9.0    0.0    0.0   -9.0   -9.0   -9.0   -9.0 -9 -9 -                        8   8   30 Ac         0   3   0  3228  0.2  0.23 -9  26.7  24.0  27.9  26.3  26.5  -9 -9.0 -9  3  2
202408180800 108   7  1.2  -9 -9.0   -9 1000.7 1010.3 -9  -9.0  27.7  24.3  82.0  30.4   -9.0    0.0    0.0   -9.0   -9.0   -9.0   -9.0 -9 -9 -                        7   2    6 ScAc       0   3   5  2786  0.0  0.43 -9  28.3  24.1  27.9  26.3  26.5  -9 -9.0 -9  3  2
202408180900 108  11  2.0  -9 -9.0   -9 1000.2 1009.8  8  -0.2  29.5  24.1  73.0  30.0   -9.0    0.0    0.0   -9.0   -9.0   -9.0   -9.0 -9 61 -                        1   1   10 Sc         0   0   5  3127  0.7  1.33 -9  33.8  25.2  28.1  27.3  27.5  -9 -9.0 -9  3  1
202408181000 108  14  2.9  -9 -9.0   -9 1000.3 1009.9 -9  -9.0  30.2  23.8  69.0  29.5   -9.0    0.0    0.0   -9.0   -9.0   -9.0   -9.0 -9 -9 -                        2   2    9 Sc         0   0   5  2959  0.3  1.47 -9  35.7  25.8  28.5  27.8  28.0  -9 -9.0 -9  3  2
202408181100 108  11  2.2  -9 -9.0   -9  999.9 1009.4 -9  -9.0  32.0  24.0  63.0  29.8   -9.0    0.0    0.0   -9.0   -9.0   -9.0   -9.0 -9 -9 -                        3   3   10 Sc         0   0   5  3352  1.0  2.80 -9  40.5  26.6  29.0  27.9  27.9  -9 -9.0 -9  3  2
202408181200 108   9  1.8  -9 -9.0   -9  999.3 1008.8  8  -1.0  32.4  23.9  61.0  29.7   -9.0    0.0    0.0   -9.0   -9.0   -9.0   -9.0 -9 -9 -                        5   5   10 Cu         0   0   1  3295  0.6  2.38 -9  37.9  27.6  29.5  28.1  27.8  -9 -9.0 -9  3  2
202408181300 108  18  2.1  -9 -9.0   -9  998.8 1008.3 -9  -9.0  33.6  23.6  56.0  29.1   -9.0    0.0    0.0   -9.0   -9.0   -9.0   -9.0 -9 -9 -                        6   6   10 CuSc       0   0   2  3169  0.8  2.94 -9  38.4  28.5  30.1  28.3  27.8  -9 -9.0 -9  3  2
202408181400 108  25  3.0  -9 -9.0   -9  998.3 1007.8 -9  -9.0  33.1  24.8  62.0  31.3   -9.0    0.0    0.0   -9.0   -9.0   -9.0   -9.0 -9 -9 -                        6   6   10 CuSc       0   0   2  2932  0.3  1.49 -9  37.4  31.5  30.7  28.7  27.9  -9 -9.0 -9  3  2
202408181500 108  25  3.8  -9 -9.0   -9  998.0 1007.5  7  -1.3  31.8  24.6  66.0  30.9    0.0    0.0    0.0   -9.0   -9.0   -9.0   -9.0 80 81 04                       8   8    8 CuSc       0   0   8  2267  0.1  0.78 -9  31.1  30.6  30.7  28.1  26.9  -9 -9.0 -9  4  1
202408181600 108  27  2.7  -9 -9.0   -9  997.6 1007.1 -9  -9.0  31.3  25.8  73.0  33.2    0.0    0.0    0.0   -9.0   -9.0   -9.0   -9.0 25 82 04                       6   6    9 CuSc       0   0   8  2831  0.5  1.52 -9  35.0  28.0  30.6  28.2  27.0  -9 -9.0 -9  4  1
202408181700 108  27  2.5  -9 -9.0   -9  997.5 1007.0 -9  -9.0  31.5  24.3  66.0  30.4   -9.0    0.0    0.0   -9.0   -9.0   -9.0   -9.0 -9 -9 -                        4   2   10 CuCi       2   0   1  2891  0.6  1.40 -9  30.6  28.3  30.6  28.3  27.2  -9 -9.0 -9  3  2
202408181800 108  27  2.3  -9 -9.0   -9  997.4 1006.9  7  -0.6  30.8  24.9  71.0  31.5   -9.0    0.0    0.0   -9.0   -9.0   -9.0   -9.0 -9 81 -                        6   0   -9 Ci         2   0   0  1516  0.6  0.50 -9  29.1  28.0  30.5  28.3  27.2  -9 -9.0 -9  3  1
202408181900 108  27  1.9  -9 -9.0   -9  997.8 1007.3 -9  -9.0  30.5  24.6  71.0  30.9   -9.0    0.0    0.0   -9.0   -9.0   -9.0   -9.0 -9 -9 -                        5   1   -9 -         -9  -9  -9  1574  0.7  0.34 -9  28.2  27.7  30.3  28.2  27.3  -9 -9.0 -9  3 -9
202408182000 108  36  1.0  -9 -9.0   -9  998.4 1008.0 -9  -9.0  30.2  24.8  73.0  31.3   -9.0    0.0    0.0   -9.0   -9.0   -9.0   -9.0 -9 -9 -                        7   1   17 -         -9  -9  -9  1630  0.0  0.03 -9  27.4  27.2  30.1  28.1  27.2  -9 -9.0 -9  3 -9
202408182100 108   5  2.0  -9 -9.0   -9  999.0 1008.6  2   1.7  29.3  23.2  70.0  28.4   -9.0    0.0    0.0   -9.0   -9.0   -9.0   -9.0 29 98 -                        6   3    8 ScAc       0   3   5  3027 -9.0 -9.00 -9  26.9  26.8  29.8  28.0  27.3  -9 -9.0 -9  3  1
202408182200 108   7  1.2  -9 -9.0   -9  998.9 1008.5 -9  -9.0  28.4  23.9  77.0  29.7   -9.0    0.0    0.0   -9.0   -9.0   -9.0   -9.0 -9 -9 -                       10   4   45 -         -9  -9  -9  2606 -9.0 -9.00 -9  26.5  26.0  29.5  27.8  27.2  -9 -9.0 -9  3 -9
202408182300 108   5  1.6  -9 -9.0   -9  999.0 1008.6 -9  -9.0  28.1  23.8  78.0  29.5   -9.0    0.0    0.0   -9.0   -9.0   -9.0   -9.0 -9 -9 -                        8   2   47 -         -9  -9  -9  2655 -9.0 -9.00 -9  26.0  25.7  29.3  27.6  27.2  -9 -9.0 -9  3 -9
202408190000 108  36  1.6  -9 -9.0   -9  999.1 1008.7  3   0.1  27.8  24.2  81.0  30.2   -9.0    0.0    0.0   -9.0   -9.0   -9.0   -9.0 -9 -9 -                        2   0   -9 Ci         1   0   0  2359 -9.0 -9.00 -9  25.6  25.3  29.1  27.4  27.1  -9 -9.0 -9  3  2
202408190100 108  36  1.4  -9 -9.0   -9  998.9 1008.5 -9  -9.0  27.6  24.2  82.0  30.2   -9.0   -9.0   -9.0   -9.0   -9.0   -9.0   -9.0 -9 -9 -                        3   3   16 -         -9  -9  -9  2413 -9.0 -9.00 -9  25.5  25.1  28.8  27.3  27.1  -9 -9.0 -9  3 -9
202408190200 108   2  0.7  -9 -9.0   -9  998.8 1008.4 -9  -9.0  27.5  24.1  82.0  30.0   -9.0   -9.0   -9.0   -9.0   -9.0   -9.0   -9.0 -9 -9 -                        3   3   15 -         -9  -9  -9  2263 -9.0 -9.00 -9  25.6  24.9  28.7  27.1  27.0  -9 -9.0 -9  3 -9
202408190300 108   2  1.4  -9 -9.0   -9  998.6 1008.2  7  -0.5  27.3  24.1  83.0  30.0   -9.0   -9.0   -9.0   -9.0   -9.0   -9.0   -9.0 -9 -9 -                        3   3   15 Sc         0   0   5  1830 -9.0 -9.00 -9  25.4  24.8  28.5  27.0  26.9  -9 -9.0 -9  3  2
202408190400 108   5  2.1  -9 -9.0   -9  998.2 1007.8 -9  -9.0  27.0  24.4  86.0  30.6   -9.0   -9.0   -9.0   -9.0   -9.0   -9.0   -9.0 -9 -9 -                        2   2   17 Sc         0   0   5  1865 -9.0 -9.00 -9  25.0  24.6  28.4  26.9  26.9  -9 -9.0 -9  3  2
202408190500 108   5  1.4  -9 -9.0   -9  998.2 1007.9 -9  -9.0  26.7  24.1  86.0  30.0   -9.0   -9.0   -9.0   -9.0   -9.0   -9.0   -9.0 -9 -9 -                        1   1   44 Ac         0   3   0  1812 -9.0 -9.00 -9  24.7  24.4  28.2  26.7  26.8  -9 -9.0 -9  3  2
202408190600 108   5  2.1  -9 -9.0   -9  998.3 1008.0  5  -0.2  26.4  24.0  87.0  29.8   -9.0   -9.0   -9.0   -9.0   -9.0   -9.0   -9.0 -9 -9 -                        0   0   -9 -         -9  -9  -9  1516  0.0  0.00 -9  24.6  24.2  28.1  26.6  26.7  -9 -9.0 -9  3  2
202408190700 108   5  2.0  -9 -9.0   -9  998.8 1008.5 -9  -9.0  26.7  24.5  88.0  30.7   -9.0   -9.0   -9.0   -9.0   -9.0   -9.0   -9.0 -9 -9 -                        7   7   12 Sc         0   0   5  1996  0.1  0.14 -9  26.1  24.0  27.9  26.5  26.6  -9 -9.0 -9  3  2
202408190800 108   5  2.3  -9 -9.0   -9  998.6 1008.2 -9  -9.0  28.2  25.0  83.0  31.7   -9.0   -9.0   -9.0   -9.0   -9.0   -9.0   -9.0 -9 -9 -                        0   0   -9 -         -9  -9  -9  2202  0.6  0.69 -9  30.1  24.2  27.9  26.5  26.7  -9 -9.0 -9  3  2
202408190900 108   9  2.6  -9 -9.0   -9  998.7 1008.2  0   0.2  29.5  24.8  76.0  31.3   -9.0   -9.0   -9.0   -9.0   -9.0   -9.0   -9.0 -9 -9 -                        1   1    8 Sc         0   0   5  1980  1.0  1.42 -9  34.4  25.4  28.1  26.6  26.7  -9 -9.0 -9  3  2
202408191000 108  14  1.5  -9 -9.0   -9  998.8 1008.3 -9  -9.0  30.8  24.2  68.0  30.2   -9.0   -9.0   -9.0   -9.0   -9.0   -9.0   -9.0 -9 -9 -                        2   2    7 Cu         0   0   2  2054  0.9  2.13 -9  37.5  26.3  28.5  26.8  26.8  -9 -9.0 -9  3  2
202408191100 108   9  1.9  -9 -9.0   -9  998.6 1008.1 -9  -9.0  32.3  24.6  64.0  30.9   -9.0   -9.0   -9.0   -9.0   -9.0   -9.0   -9.0 -9 -9 -                        2   2    7 Cu         0   0   2  2727  0.9  2.48 -9  42.7  26.6  29.0  27.0  26.9  -9 -9.0 -9  3  2
202408191200 108  11  2.4  -9 -9.0   -9  997.9 1007.3  8  -0.9  33.5  23.8  57.0  29.5   -9.0   -9.0   -9.0   -9.0   -9.0   -9.0   -9.0 -9 -9 -                        3   3    7 Cu         0   0   2  2911  1.0  3.20 -9  47.8  27.7  29.7  27.3  26.9  -9 -9.0 -9  3  2
202408191300 108  16  2.6  -9 -9.0   -9  997.4 1006.8 -9  -9.0  34.6  23.6  53.0  29.1   -9.0   -9.0   -9.0   -9.0   -9.0   -9.0   -9.0 -9 -9 -                        4   4   12 Cu         0   0   2  2421  1.0  3.54 -9  53.2  31.6  30.5  27.7  27.0  -9 -9.0 -9  3  2
202408191400 108  18  2.5  -9 -9.0   -9  997.0 1006.4 -9  -9.0  35.2  22.8  49.0  27.7   -9.0   -9.0   -9.0   -9.0   -9.0   -9.0   -9.0 -9 -9 -                        6   6   10 Cu         0   0   2  2845  0.8  2.86 -9  48.9  32.2  31.2  28.2  27.1  -9 -9.0 -9  3  2
202408191500 108  11  2.9  -9 -9.0   -9  996.4 1005.8  7  -1.5  34.4  22.1  49.0  26.6   -9.0   -9.0   -9.0   -9.0   -9.0   -9.0   -9.0 -9 -9 -                        7   7   10 Cu         0   0   2  2743  0.4  1.43 -9  40.1  32.4  31.7  29.8  28.6  -9 -9.0 -9  3  2
202408191600 108  20  3.5  -9 -9.0   -9  996.2 1005.6 -9  -9.0  34.4  21.7  48.0  26.0   -9.0   -9.0   -9.0   -9.0   -9.0   -9.0   -9.0 -9 -9 -                        6   6   10 Cu         0   0   2  3337  0.3  1.23 -9  37.5  32.1  31.8  30.1  28.7  -9 -9.0 -9  3  2
202408191700 108  29  2.4  -9 -9.0   -9  996.1 1005.5 -9  -9.0  33.6  24.1  58.0  30.0   -9.0   -9.0   -9.0   -9.0   -9.0   -9.0   -9.0 -9 -9 -                        5   5   12 Cu         0   0   2  2101  0.1  0.55 -9  34.6  31.8  31.7  30.1  28.8  -9 -9.0 -9  3  2
202408191800 108  27  5.0  29 10.0 1758  996.9 1006.4  3   0.6  30.8  22.6  62.0  27.4    0.0    0.0    0.0   -9.0   -9.0   -9.0   -9.0 91 98 04                       6   6    8 CuSc       0   0   8  2065  0.0  0.19 -9  31.2  31.0  31.5  30.1  28.9  -9 -9.0 -9  4  1
202408191900 108  29  0.9  -9 -9.0   -9  997.3 1006.9 -9  -9.0  27.8  24.2  81.0  30.2    2.3    2.3    2.3   -9.0   -9.0   -9.0   -9.0 25 80 04                       3   3   10 CuSc       0   0   8  1824  0.0  0.21 -9  28.1  30.2  30.9  29.7  28.5  -9 -9.0 -9  4  1
202408192000 108  27  2.2  -9 -9.0   -9  997.8 1007.4 -9  -9.0  27.7  24.7  84.0  31.1   -9.0    2.3    2.3   -9.0   -9.0   -9.0   -9.0 -9 -9 -                        0   0   -9 -         -9  -9  -9  1353  0.0  0.01 -9  27.0  29.8  30.4  29.4  28.5  -9 -9.0 -9  3 -9
202408192100 108  23  0.9  29 10.0 1758  998.3 1007.9  2   1.5  27.9  24.5  82.0  30.7   -9.0    2.3    2.3   -9.0   -9.0   -9.0   -9.0 -9 98 -                        0   0   -9 -         -9  -9  -9  1363 -9.0 -9.00 -9  26.8  29.3  29.9  28.4  27.7  -9 -9.0 -9  3  1
202408192200 108  27  0.9  -9 -9.0   -9  998.8 1008.4 -9  -9.0  27.9  24.5  82.0  30.7   -9.0    2.3    2.3   -9.0   -9.0   -9.0   -9.0 -9 -9 -                        0   0   -9 -         -9  -9  -9  1287 -9.0 -9.00 -9  26.5  29.0  29.6  28.1  27.6  -9 -9.0 -9  3 -9
202408192300 108  36  0.9  -9 -9.0   -9  999.1 1008.7 -9  -9.0  27.9  24.1  80.0  30.0   -9.0    2.3    2.3   -9.0   -9.0   -9.0   -9.0 -9 -9 -                        5   1   -9 -         -9  -9  -9  1547 -9.0 -9.00 -9  26.2  28.7  29.4  27.9  27.5  -9 -9.0 -9  3 -9
202408200000 108   0  0.4  -9 -9.0   -9  999.1 1008.7  1   0.8  27.6  24.2  82.0  30.2   -9.0    2.3    2.3   -9.0   -9.0   -9.0   -9.0 -9 -9 -                        0   0   -9 -         -9  -9  -9  1403 -9.0 -9.00 -9  25.9  28.5  29.3  29.0  29.0  -9 -9.0 -9  3  2
202408200100 108   0  0.4  -9 -9.0   -9  999.2 1008.8 -9  -9.0  27.5  24.3  83.0  30.4   -9.0   -9.0   -9.0   -9.0   -9.0   -9.0   -9.0 -9 -9 -                        0   0   -9 -         -9  -9  -9  1308 -9.0 -9.00 -9  25.7  28.2  29.1  28.7  28.8  -9 -9.0 -9  3 -9
202408200200 108   2  1.7  -9 -9.0   -9  999.2 1008.8 -9  -9.0  27.3  23.9  82.0  29.7   -9.0   -9.0   -9.0   -9.0   -9.0   -9.0   -9.0 -9 -9 -                        3   1   -9 -         -9  -9  -9  1366 -9.0 -9.00 -9  25.6  28.0  28.7  27.6  27.6  -9 -9.0 -9  3 -9
202408200300 108   2  1.6  -9 -9.0   -9  999.2 1008.8  1   0.1  27.2  24.2  84.0  30.2   -9.0   -9.0   -9.0   -9.0   -9.0   -9.0   -9.0 -9 -9 -                        1   1   27 Ac         0   3   0  1200 -9.0 -9.00 -9  25.5  27.9  28.7  28.5  28.8  -9 -9.0 -9  3  2
202408200400 108   5  1.8  -9 -9.0   -9  999.2 1008.9 -9  -9.0  27.0  24.2  85.0  30.2   -9.0   -9.0   -9.0   -9.0   -9.0   -9.0   -9.0 -9 -9 -                        2   0   -9 Ci         1   0   0  1244 -9.0 -9.00 -9  25.4  27.7  28.5  28.4  28.7  -9 -9.0 -9  3  2
202408200500 108   5  2.4  -9 -9.0   -9  999.3 1009.0 -9  -9.0  27.1  24.5  86.0  30.7   -9.0   -9.0   -9.0   -9.0   -9.0   -9.0   -9.0 -9 -9 -                        0   0   -9 -         -9  -9  -9  1236 -9.0 -9.00 -9  25.3  27.6  28.2  26.9  27.0  -9 -9.0 -9  3  2
202408200600 108   5  2.5  -9 -9.0   -9  999.2 1008.9  0   0.1  27.0  23.8  83.0  29.5   -9.0   -9.0   -9.0   -9.0   -9.0   -9.0   -9.0 -9 -9 -                        2   0   -9 Ci         1   0   0  2275  0.0  0.00 -9  25.2  27.5  28.1  26.7  26.9  -9 -9.0 -9  3  2
202408200700 108   5  2.5  -9 -9.0   -9  998.9 1008.5 -9  -9.0  27.4  24.0  82.0  29.8   -9.0   -9.0   -9.0   -9.0   -9.0   -9.0   -9.0 -9 -9 -                        7   0   -9 Cc         9   0   0  2231  0.2  0.19 -9  26.3  27.4  27.9  26.6  26.8  -9 -9.0 -9  3  2
202408200800 108   7  2.2  -9 -9.0   -9  999.0 1008.6 -9  -9.0  29.1  24.4  76.0  30.6   -9.0   -9.0   -9.0   -9.0   -9.0   -9.0   -9.0 -9 -9 -                        8   0   -9 Cc         9   0   0  2285  0.9  0.74 -9  30.4  27.5  27.9  26.6  26.8  -9 -9.0 -9  3  2
202408200900 108   7  2.4  -9 -9.0   -9  999.7 1009.3  3   0.4  30.4  24.7  72.0  31.1   -9.0   -9.0   -9.0   -9.0   -9.0   -9.0   -9.0 -9 -9 -                        8   0   -9 Cc         9   0   0  2136  0.9  1.34 -9  33.5  25.4  28.1  26.6  26.9  -9 -9.0 -9  3  2
202408201000 108   9  2.5  -9 -9.0   -9  999.9 1009.4 -9  -9.0  31.6  24.7  67.0  31.1   -9.0   -9.0   -9.0   -9.0   -9.0   -9.0   -9.0 -9 -9 -                        4   4   35 Ac         0   3   0  1995  0.9  1.81 -9  37.1  26.1  28.5  26.8  26.9  -9 -9.0 -9  3  2
202408201100 108   7  3.1  -9 -9.0   -9  999.5 1009.0 -9  -9.0  32.8  24.8  63.0  31.3   -9.0   -9.0   -9.0   -9.0   -9.0   -9.0   -9.0 -9 -9 -                        4   2   35 AcCi       1   3   0  2463  0.9  2.44 -9  40.2  26.8  29.1  28.1  28.2  -9 -9.0 -9  3  2
202408201200 108   7  2.5  -9 -9.0   -9  999.0 1008.5  8  -0.8  33.6  24.7  60.0  31.1   -9.0   -9.0   -9.0   -9.0   -9.0   -9.0   -9.0 -9 -9 -                        6   4   11 ScCi       1   0   5  2250  0.8  2.60 -9  39.1  27.5  29.7  28.4  28.2  -9 -9.0 -9  3  2
202408201300 108   9  1.8  -9 -9.0   -9  998.4 1007.8 -9  -9.0  34.1  24.6  58.0  30.9   -9.0   -9.0   -9.0   -9.0   -9.0   -9.0   -9.0 -9 -9 -                        6   6   12 Cu         0   0   2  2128  0.4  2.08 -9  41.9  27.7  30.2  28.7  28.3  -9 -9.0 -9  3  2
202408201400 108   9  2.3  -9 -9.0   -9  998.1 1007.5 -9  -9.0  35.0  24.9  56.0  31.5   -9.0   -9.0   -9.0   -9.0   -9.0   -9.0   -9.0 -9 -9 -                        5   5   12 Cu         0   0   2  2685  0.6  2.55 -9  46.1  28.2  30.7  29.0  28.3  -9 -9.0 -9  3  2
202408201500 108  11  2.0  -9 -9.0   -9  997.8 1007.2  7  -1.3  35.1  24.6  55.0  30.9   -9.0   -9.0   -9.0   -9.0   -9.0   -9.0   -9.0 -9 -9 -                        7   7   10 Cu         0   0   2  2045  0.4  1.85 -9  41.9  28.4  31.0  28.4  27.3  -9 -9.0 -9  3  2
202408201600 108  14  2.5  -9 -9.0   -9  997.4 1006.8 -9  -9.0  35.1  24.6  55.0  30.9   -9.0   -9.0   -9.0   -9.0   -9.0   -9.0   -9.0 -9 -9 -                        7   7   10 CuSc       0   0   8  2428  0.4  1.53 -9  38.3  29.1  31.3  28.7  27.4  -9 -9.0 -9  3  2
202408201700 108   9  1.8  -9 -9.0   -9  997.3 1006.7 -9  -9.0  34.9  24.8  56.0  31.3   -9.0   -9.0   -9.0   -9.0   -9.0   -9.0   -9.0 -9 -9 -                        7   6   11 CuCi       1   0   2  2762  0.3  0.90 -9  36.6  28.9  31.4  28.9  27.6  -9 -9.0 -9  3  2
202408201800 108  11  2.8  -9 -9.0   -9  997.1 1006.5  7  -0.7  34.3  24.2  56.0  30.2   -9.0   -9.0   -9.0   -9.0   -9.0   -9.0   -9.0 -9 -9 -                        8   2   10 CuCi       1   0   2  2894  0.6  0.70 -9  33.3  28.8  31.4  29.0  27.7  -9 -9.0 -9  3  2
202408201900 108  11  2.8  -9 -9.0   -9  996.9 1006.3 -9  -9.0  33.5  24.6  60.0  30.9   -9.0   -9.0   -9.0   -9.0   -9.0   -9.0   -9.0 -9 -9 -                        7   1   -9 -         -9  -9  -9  2632  0.4  0.34 -9  31.0  28.6  31.2  29.0  27.7  -9 -9.0 -9  3 -9
202408202000 108  11  3.0  -9 -9.0   -9  997.7 1007.2 -9  -9.0  32.9  24.6  62.0  30.9   -9.0   -9.0   -9.0   -9.0   -9.0   -9.0   -9.0 -9 -9 -                        9   2   27 -         -9  -9  -9  2919  0.0  0.02 -9  29.5  27.8  31.0  28.9  27.7  -9 -9.0 -9  3 -9
202408202100 108   7  2.4  -9 -9.0   -9  998.6 1008.1  3   1.6  32.5  24.8  64.0  31.3    0.0    0.0    0.0   -9.0   -9.0   -9.0   -9.0 60 62 01                       9   7   11 ScCi       1   0   5  2869 -9.0 -9.00 -9  29.4  27.3  30.7  28.7  27.8  -9 -9.0 -9  1  1
202408202200 108   5  3.4  -9 -9.0   -9  998.6 1008.1 -9  -9.0  31.7  25.3  69.0  32.2    0.0    0.0    0.0   -9.0   -9.0   -9.0   -9.0 21 62 01                       8   2   10 ScCi       2   0   5  2156 -9.0 -9.00 -9  28.9  27.0  30.4  28.6  27.8  -9 -9.0 -9  4  1
202408202300 108   7  2.8  -9 -9.0   -9  998.5 1008.0 -9  -9.0  31.2  25.3  71.0  32.2   -9.0    0.0    0.0   -9.0   -9.0   -9.0   -9.0 -9 -9 -                        7   2   10 -         -9  -9  -9  2269 -9.0 -9.00 -9  28.5  26.8  30.2  28.5  27.8  -9 -9.0 -9  3 -9
202408210000 108   7  2.3  -9 -9.0   -9  998.3 1007.8  7  -0.3  30.8  25.1  72.0  31.9   -9.0    0.0    0.0   -9.0   -9.0   -9.0   -9.0 -9 62 -                        8   8   30 Ac         0   3   0  2471 -9.0 -9.00 -9  28.1  26.6  30.0  28.3  27.8  -9 -9.0 -9  3  1
202408210100 108   7  2.3  -9 -9.0   -9  998.1 1007.6 -9  -9.0  30.6  25.1  73.0  31.9    0.0    0.0    0.0   -9.0   -9.0   -9.0   -9.0 21 62 01                       9   7   30 ScAc       0   3   5  2730 -9.0 -9.00 -9  28.0  26.4  29.8  28.2  27.7  -9 -9.0 -9  4  1
202408210200 108   7  2.2  -9 -9.0   -9  998.4 1008.0 -9  -9.0  28.8  25.6  83.0  32.8    1.7    1.7    1.7   -9.0   -9.0   -9.0   -9.0 95 96 01                      10   9    6 CbStNs    -9   2   9  1337 -9.0 -9.00 -9  27.1  26.2  29.7  28.0  27.6  -9 -9.0 -9  4  1
202408210300 108   5  2.4  -9 -9.0   -9  997.4 1007.0  8  -0.8  28.1  26.1  89.0  33.8    5.1    6.8    6.8   -9.0   -9.0   -9.0   -9.0 92 96 01                      10   8    8 StNs      -9   2   7  1024 -9.0 -9.00 -9  26.9  25.1  29.4  27.7  27.3  -9 -9.0 -9  4  1
202408210400 108   7  4.8  -9 -9.0   -9  996.7 1006.3 -9  -9.0  27.5  25.7  90.0  33.0    0.4    7.2    7.2   -9.0   -9.0   -9.0   -9.0 61 66 01                      10   8    8 StNs      -9   2   7  1830 -9.0 -9.00 -9  26.5  25.0  29.1  27.4  27.2  -9 -9.0 -9  4  1
202408210500 108   7  2.4  -9 -9.0   -9  996.3 1005.9 -9  -9.0  27.3  25.6  91.0  32.8    0.1    7.3    7.3   -9.0   -9.0   -9.0   -9.0 60 66 01                      10   8   10 ScAs      -9   2   5  1741 -9.0 -9.00 -9  26.5  24.9  29.0  27.3  27.1  -9 -9.0 -9  4  1
202408210600 108   7  2.6  -9 -9.0   -9  996.0 1005.6  7  -1.4  27.1  25.8  93.0  33.2    6.4   13.7   13.7   -9.0   -9.0   -9.0   -9.0 95 96 01                      10   8    6 CbStNs    -9   2   9   217  0.0  0.00 -9  25.9  24.3  28.8  26.9  27.0  -9 -9.0 -9  4  1
202408210700 108   9  2.4  -9 -9.0   -9  996.1 1005.7 -9  -9.0  26.9  25.6  93.0  32.8    4.9   18.6   18.6   -9.0   -9.0   -9.0   -9.0 92 96 01                      10   9    8 StNs      -9   2   7   358  0.0  0.00 -9  25.9  24.4  28.5  26.9  27.0  -9 -9.0 -9  4  1
202408210800 108  18  3.0  -9 -9.0   -9  996.5 1006.1 -9  -9.0  27.1  26.0  94.0  33.6    8.1   26.7   26.7   -9.0   -9.0   -9.0   -9.0 92 96 01                      10   9    6 StNs      -9   2   7   391  0.0  0.01 -9  25.8  24.1  28.2  26.7  26.9  -9 -9.0 -9  4  1
202408210900 108  18  3.0  -9 -9.0   -9  996.9 1006.5  2   0.9  27.0  25.9  94.0  33.4   13.3   40.0   40.0   -9.0   -9.0   -9.0   -9.0 63 96 01                      10   9    3 StNs      -9   2   7   766  0.0  0.02 -9  25.9  23.8  27.8  26.3  26.8  -9 -9.0 -9  1  1
202408211000 108  20  3.8  20 10.0  948  997.2 1006.8 -9  -9.0  27.2  25.9  93.0  33.4    1.1   41.1   41.1   -9.0   -9.0   -9.0   -9.0 61 66 01                      10   7    7 StNs      -9   2   7  1976  0.0  0.10 -9  26.4  23.9  27.8  26.3  26.7  -9 -9.0 -9  4  1
202408211100 108  20  3.7  -9 -9.0   -9  997.8 1007.4 -9  -9.0  27.4  25.7  91.0  33.0    0.7   41.8   41.8   -9.0   -9.0   -9.0   -9.0 60 66 01                      10   8    9 ScAs      -9   2   5  3053  0.0  0.27 -9  27.6  23.8  27.8  26.2  26.6  -9 -9.0 -9  4  1
202408211200 108  20  3.2  18 11.0 1119  997.6 1007.2  0   0.7  27.9  26.2  91.0  34.0    0.3   42.1   42.1   -9.0   -9.0   -9.0   -9.0 61 66 01                      10   8    3 StNs      -9   2   7  2133  0.0  0.60 -9  29.2  24.2  28.0  26.2  26.5  -9 -9.0 -9  4  1
202408211300 108  18  3.1  -9 -9.0   -9  997.5 1007.1 -9  -9.0  27.9  25.7  88.0  33.0    0.1   42.2   42.2   -9.0   -9.0   -9.0   -9.0 60 66 01                      10   7    9 ScAs      -9   2   5  2742  0.0  0.58 -9  29.4  24.4  28.1  26.2  26.5  -9 -9.0 -9  4  1
202408211400 108  18  3.5  -9 -9.0   -9  997.0 1006.6 -9  -9.0  28.3  25.5  85.0  32.6    0.0   42.2   42.2   -9.0   -9.0   -9.0   -9.0 60 66 01                      10   7    8 ScAs      -9   2   5  3538  0.0  0.58 -9  29.4  24.6  28.3  26.3  26.4  -9 -9.0 -9  4  1
202408211500 108  18  4.0  18 11.0 1119  997.0 1006.5  7  -0.7  29.1  25.9  83.0  33.4    0.0   42.2   42.2   -9.0   -9.0   -9.0   -9.0 21 62 01                      10   5   10 ScAs      -9   2   5  2871  0.0  0.82 -9  31.0  24.9  28.4  26.4  26.4  -9 -9.0 -9  4  1
202408211600 108  18  4.9  -9 -9.0   -9  996.3 1005.8 -9  -9.0  29.6  25.5  79.0  32.6   -9.0   42.2   42.2   -9.0   -9.0   -9.0   -9.0 -9 -9 -                        9   8    9 ScCi       2   0   5  2900  0.0  0.86 -9  30.1  25.9  28.6  26.6  26.4  -9 -9.0 -9  3  2
202408211700 108  18  2.7  18 10.0 1620  996.2 1005.7 -9  -9.0  29.7  25.6  79.0  32.8   -9.0   42.2   42.2   -9.0   -9.0   -9.0   -9.0 -9 -9 -                        9   8    6 ScCi       2   0   5  2885  0.0  0.40 -9  29.4  25.9  28.8  26.6  26.4  -9 -9.0 -9  3  2
202408211800 108  16  2.5  18 10.0 1620  995.9 1005.4  7  -1.1  29.7  25.8  80.0  33.2   -9.0   42.2   42.2   -9.0   -9.0   -9.0   -9.0 -9 -9 -                        9   9    6 CuSc       0   0   8  2628  0.0  0.29 -9  28.4  26.0  28.8  26.6  26.4  -9 -9.0 -9  3  2
202408211900 108  18  4.0  -9 -9.0   -9  995.8 1005.4 -9  -9.0  29.8  25.5  78.0  32.6   -9.0   42.2   42.2   -9.0   -9.0   -9.0   -9.0 -9 -9 -                       10   9    7 -         -9  -9  -9  2845  0.0  0.15 -9  27.4  25.9  28.8  26.7  26.3  -9 -9.0 -9  3 -9
202408212000 108  18  2.4  -9 -9.0   -9  996.5 1006.0 -9  -9.0  29.6  25.7  80.0  33.0   -9.0   42.2   42.2   -9.0   -9.0   -9.0   -9.0 -9 -9 -                        7   7    6 -         -9  -9  -9  2821  0.0  0.00 -9  27.1  25.6  28.7  26.6  26.3  -9 -9.0 -9  3 -9
202408212100 108  18  3.8  18 10.0 1620  997.1 1006.6  2   1.2  29.5  25.2  78.0  32.1   -9.0   42.2   42.2   -9.0   -9.0   -9.0   -9.0 -9 -9 -                        8   3   11 ScCc       9   0   5  3083 -9.0 -9.00 -9  26.6  25.5  28.6  26.6  26.3  -9 -9.0 -9  3  2
202408212200 108  18  3.4  -9 -9.0   -9  997.6 1007.1 -9  -9.0  29.2  24.9  78.0  31.5   -9.0   42.2   42.2   -9.0   -9.0   -9.0   -9.0 -9 -9 -                        7   2   11 -         -9  -9  -9  3159 -9.0 -9.00 -9  26.3  25.3  28.5  26.6  26.3  -9 -9.0 -9  3 -9
202408212300 108  18  4.2  -9 -9.0   -9  997.5 1007.1 -9  -9.0  29.0  24.7  78.0  31.1   -9.0   42.2   42.2   -9.0   -9.0   -9.0   -9.0 -9 -9 -                        6   3   21 -         -9  -9  -9  3082 -9.0 -9.00 -9  25.9  25.1  28.4  26.5  26.3  -9 -9.0 -9  3 -9
202408220000 108  23  3.2  -9 -9.0   -9  997.6 1007.2  2   0.6  28.9  24.8  79.0  31.3   -9.0   42.2   42.2   -9.0   -9.0   -9.0   -9.0 -9 -9 -                        9   5    7 ScCi       1   0   5  2761 -9.0 -9.00 -9  26.0  24.5  28.3  26.4  26.3  -9 -9.0 -9  3  2
202408220100 108  20  3.4  -9 -9.0   -9  997.3 1006.9 -9  -9.0  28.7  25.1  81.0  31.9   -9.0   -9.0   -9.0   -9.0   -9.0   -9.0   -9.0 -9 -9 -                        7   7    5 -         -9  -9  -9  2740 -9.0 -9.00 -9  26.1  24.4  28.2  26.4  26.2  -9 -9.0 -9  3 -9
202408220200 108  20  2.8  -9 -9.0   -9  996.5 1006.1 -9  -9.0  28.6  25.0  81.0  31.7   -9.0   -9.0   -9.0   -9.0   -9.0   -9.0   -9.0 -9 -9 -                        8   6    5 -         -9  -9  -9  2653 -9.0 -9.00 -9  26.1  24.3  28.2  26.3  26.2  -9 -9.0 -9  3 -9
202408220300 108  18  2.6  -9 -9.0   -9  996.3 1005.9  7  -1.3  28.4  24.8  81.0  31.3   -9.0   -9.0   -9.0   -9.0   -9.0   -9.0   -9.0 -9 -9 -                        8   8    7 Sc         0   0   5  2776 -9.0 -9.00 -9  26.0  24.2  28.1  26.2  26.2  -9 -9.0 -9  3  2
202408220400 108  14  1.7  -9 -9.0   -9  995.8 1005.4 -9  -9.0  28.3  24.9  82.0  31.5   -9.0   -9.0   -9.0   -9.0   -9.0   -9.0   -9.0 -9 -9 -                        9   9    9 Sc         0   0   5  2731 -9.0 -9.00 -9  26.2  24.2  28.0  26.2  26.1  -9 -9.0 -9  3  2
202408220500 108  11  1.4  -9 -9.0   -9  995.2 1004.8 -9  -9.0  28.2  24.8  82.0  31.3   -9.0   -9.0   -9.0   -9.0   -9.0   -9.0   -9.0 -9 -9 -                        8   8    9 Sc         0   0   5  2947 -9.0 -9.00 -9  26.1  24.2  28.0  26.1  26.1  -9 -9.0 -9  3  2
202408220600 108  11  2.3  -9 -9.0   -9  995.0 1004.6  7  -1.3  28.1  25.1  84.0  31.9   -9.0   -9.0   -9.0   -9.0   -9.0   -9.0   -9.0 -9 -9 -                        8   3    7 ScCi       2   0   5  2935  0.0  0.00 -9  26.1  24.2  27.9  26.1  26.1  -9 -9.0 -9  3  2
202408220700 108  11  1.4  -9 -9.0   -9  994.8 1004.4 -9  -9.0  28.1  24.9  83.0  31.5   -9.0   -9.0   -9.0   -9.0   -9.0   -9.0   -9.0 -9 -9 -                        8   0   -9 Ci         2   0   0  3150  0.3  0.20 -9  26.5  24.4  27.9  26.0  26.0  -9 -9.0 -9  3  2
202408220800 108  16  1.7  -9 -9.0   -9  994.8 1004.3 -9  -9.0  29.2  24.9  78.0  31.5   -9.0   -9.0   -9.0   -9.0   -9.0   -9.0   -9.0 -9 -9 -                        8   1    8 ScCi       2   0   5  3235  0.7  0.77 -9  30.6  24.9  27.9  26.1  26.2  -9 -9.0 -9  3  2
202408220900 108  14  2.9  -9 -9.0   -9  993.9 1003.4  7  -1.2  29.9  24.7  74.0  31.1   -9.0   -9.0   -9.0   -9.0   -9.0   -9.0   -9.0 -9 -9 -                        9   7   10 ScCi       2   0   5  3386  0.4  0.99 -9  29.8  27.1  28.1  26.2  26.2  -9 -9.0 -9  3  2
202408221000 108  14  3.5  11 10.0  957  993.7 1003.2 -9  -9.0  30.2  24.5  72.0  30.7   -9.0   -9.0   -9.0   -9.0   -9.0   -9.0   -9.0 -9 -9 -                       10   9    8 ScAs      -9   2   5  3211  0.0  0.70 -9  30.0  27.4  28.3  26.2  26.1  -9 -9.0 -9  3  2
202408221100 108  14  3.6  -9 -9.0   -9  993.1 1002.6 -9  -9.0  29.8  24.6  74.0  30.9    0.0    0.0    0.0   -9.0   -9.0   -9.0   -9.0 21 62 01                      10   8    8 ScAs      -9   2   5  3128  0.0  0.47 -9  30.0  27.5  28.4  26.3  26.1  -9 -9.0 -9  4  1
202408221200 108  16  4.6  11 10.0  957  992.7 1002.2  7  -1.2  30.2  25.0  74.0  31.7   -9.0    0.0    0.0   -9.0   -9.0   -9.0   -9.0 -9 62 -                        9   9    8 Sc         0   0   5  3141  0.1  0.97 -9  32.1  27.6  28.5  26.4  26.1  -9 -9.0 -9  3  1
202408221300 108  16  4.0  -9 -9.0   -9  991.9 1001.4 -9  -9.0  30.3  24.9  73.0  31.5    0.0    0.0    0.0   -9.0   -9.0   -9.0   -9.0 21 62 01                       9   8    8 ScCi       2   0   5  2935  0.0  0.51 -9  29.3  27.9  28.6  26.4  26.1  -9 -9.0 -9  4  1
202408221400 108  18  4.2  14 11.0 1326  991.3 1000.8 -9  -9.0  30.2  25.0  74.0  31.7    0.0    0.0    0.0   -9.0   -9.0   -9.0   -9.0 60 62 01                      10   8    8 ScAs      -9   2   5  3037  0.0  0.26 -9  28.1  27.7  28.6  26.4  26.1  -9 -9.0 -9  4  1
202408221500 108  20  5.9  18 13.0 1418  991.5 1001.0  5  -1.2  29.5  25.6  80.0  32.8    0.0    0.0    0.0   -9.0   -9.0   -9.0   -9.0 60 66 01                      10   7    9 ScAs      -9   2   5  2686  0.0  0.37 -9  29.0  28.6  28.6  26.4  26.1  -9 -9.0 -9  4  1
202408221600 108  20  5.8  23 13.0 1600  991.4 1000.9 -9  -9.0  29.0  25.1  80.0  31.9    0.4    0.4    0.4   -9.0   -9.0   -9.0   -9.0 60 66 01                      10   7    5 ScAs      -9   2   5  1502  0.1  0.92 -9  28.4  28.7  28.6  26.5  26.2  -9 -9.0 -9  4  1
202408221700 108  20  4.4  20 11.0 1601  991.8 1001.3 -9  -9.0  28.5  25.3  83.0  32.2    0.1    0.5    0.5   -9.0   -9.0   -9.0   -9.0 21 62 01                       9   9    4 CuSc       0   0   8  2709  0.0  0.54 -9  28.9  28.7  28.6  26.4  26.1  -9 -9.0 -9  4  1
202408221800 108  20  4.0  23 13.0 1600  992.0 1001.5  3   0.5  28.5  24.7  80.0  31.1   -9.0    0.5    0.5   -9.0   -9.0   -9.0   -9.0 -9 62 -                        9   7    8 ScCi       2   0   5  2882  0.2  0.51 -9  27.8  28.5  28.9  27.1  27.1  -9 -9.0 -9  3  1
202408221900 108  23  5.7  18 10.0 1805  992.5 1002.1 -9  -9.0  27.9  24.7  83.0  31.1    0.1    0.6    0.6   -9.0   -9.0   -9.0   -9.0 21 62 01                      10   7    6 CuScAs    -9   2   8  2876  0.0  0.05 -9  26.8  28.3  28.5  27.2  27.0  -9 -9.0 -9  4  1
202408222000 108  25  3.0  -9 -9.0   -9  993.6 1003.2 -9  -9.0  27.7  24.1  81.0  30.0   -9.0    0.6    0.6   -9.0   -9.0   -9.0   -9.0 -9 -9 -                        6   6    5 -         -9  -9  -9  3300  0.0  0.01 -9  26.5  28.1  28.4  27.2  27.1  -9 -9.0 -9  3 -9
202408222100 108  25  3.0  23 13.0 1600  994.8 1004.4  2   2.9  27.3  24.1  83.0  30.0    0.0    0.6    0.6   -9.0   -9.0   -9.0   -9.0 21 62 01                       9   9    5 St         0   0   6  2983 -9.0 -9.00 -9  26.2  27.9  28.3  27.1  27.0  -9 -9.0 -9  1  1
202408222200 108  25  3.0  -9 -9.0   -9  995.4 1005.0 -9  -9.0  27.2  23.6  81.0  29.1   -9.0    0.6    0.6   -9.0   -9.0   -9.0   -9.0 -9 -9 -                        6   6    5 -         -9  -9  -9  3214 -9.0 -9.00 -9  26.0  27.7  28.1  27.0  27.0  -9 -9.0 -9  3 -9
202408222300 108  27  2.3  -9 -9.0   -9  995.9 1005.5 -9  -9.0  27.1  23.5  81.0  28.9   -9.0    0.6    0.6   -9.0   -9.0   -9.0   -9.0 -9 -9 -                        3   3    5 -         -9  -9  -9  2614 -9.0 -9.00 -9  25.8  27.6  28.0  26.9  27.0  -9 -9.0 -9  3 -9
202408230000 108  25  2.6  -9 -9.0   -9  996.3 1005.9  2   1.5  27.1  23.9  83.0  29.7   -9.0    0.6    0.6   -9.0   -9.0   -9.0   -9.0 -9 -9 -                        8   8    4 CuSc       0   0   8  1807 -9.0 -9.00 -9  25.8  27.4  27.8  26.7  26.8  -9 -9.0 -9  3  2
202408230100 108  25  3.7  -9 -9.0   -9  996.5 1006.1 -9  -9.0  27.1  23.7  82.0  29.3   -9.0   -9.0   -9.0   -9.0   -9.0   -9.0   -9.0 -9 -9 -                        3   3    4 -         -9  -9  -9  1285 -9.0 -9.00 -9  25.6  27.4  27.8  26.7  26.9  -9 -9.0 -9  3 -9
202408230200 108  23  4.9  23 10.0  154  996.4 1006.0 -9  -9.0  27.0  23.6  82.0  29.1   -9.0   -9.0   -9.0   -9.0   -9.0   -9.0   -9.0 -9 -9 -                        2   2    4 -         -9  -9  -9  1216 -9.0 -9.00 -9  25.4  27.3  27.7  26.7  26.9  -9 -9.0 -9  3 -9
202408230300 108  23  2.3  23 10.0  154  996.7 1006.3  2   0.4  26.7  23.3  82.0  28.6   -9.0   -9.0   -9.0   -9.0   -9.0   -9.0   -9.0 -9 -9 -                        7   7    6 Sc         0   0   5  1589 -9.0 -9.00 -9  25.4  27.2  27.6  26.6  26.8  -9 -9.0 -9  3  2
202408230400 108  20  2.5  -9 -9.0   -9  996.7 1006.3 -9  -9.0  26.7  23.5  83.0  28.9   -9.0   -9.0   -9.0   -9.0   -9.0   -9.0   -9.0 -9 -9 -                        7   7    6 Sc         0   0   5  1556 -9.0 -9.00 -9  25.1  27.1  27.5  26.5  26.8  -9 -9.0 -9  3  2
202408230500 108  20  2.5  -9 -9.0   -9  996.6 1006.3 -9  -9.0  26.5  23.9  86.0  29.7   -9.0   -9.0   -9.0   -9.0   -9.0   -9.0   -9.0 -9 -9 -                        9   9    4 St         0   0   6  1438 -9.0 -9.00 -9  25.5  27.0  27.4  26.5  26.8  -9 -9.0 -9  3  2
202408230600 108  20  3.5  -9 -9.0   -9  996.9 1006.6  2   0.3  26.4  23.8  86.0  29.5   -9.0   -9.0   -9.0   -9.0   -9.0   -9.0   -9.0 -9 -9 -                        9   9    4 St         0   0   6  1462  0.0  0.00 -9  25.4  27.0  27.4  26.4  26.7  -9 -9.0 -9  3  2
202408230700 108  20  3.3  -9 -9.0   -9  997.4 1007.1 -9  -9.0  26.4  24.0  87.0  29.8    0.0    0.0    0.0   -9.0   -9.0   -9.0   -9.0 60 62 01                      10   8    6 ScAs      -9   2   5  1354  0.0  0.05 -9  25.7  27.0  27.3  26.4  26.7  -9 -9.0 -9  4  1
202408230800 108  20  3.1  -9 -9.0   -9  997.8 1007.5 -9  -9.0  26.4  24.0  87.0  29.8    0.0    0.0    0.0   -9.0   -9.0   -9.0   -9.0 21 62 01                      10   7    6 ScAs      -9   2   5  1153  0.0  0.16 -9  26.4  27.0  27.3  26.3  26.6  -9 -9.0 -9  4  1
202408230900 108  20  2.7  -9 -9.0   -9  998.2 1007.8  2   1.2  27.0  23.6  82.0  29.1   -9.0    0.0    0.0   -9.0   -9.0   -9.0   -9.0 -9 62 -                        8   8    6 Sc         0   0   5  1559  0.1  0.67 -9  29.5  27.1  27.3  26.3  26.7  -9 -9.0 -9  3  1
202408231000 108  20  3.0  -9 -9.0   -9  998.5 1008.1 -9  -9.0  28.3  23.2  74.0  28.4   -9.0    0.0    0.0   -9.0   -9.0   -9.0   -9.0 -9 -9 -                        3   3    7 Sc         0   0   5  2068  0.7  1.83 -9  34.5  24.6  27.5  26.3  26.6  -9 -9.0 -9  3  2
202408231100 108  27  2.9  -9 -9.0   -9  998.3 1007.8 -9  -9.0  29.4  23.3  70.0  28.6   -9.0    0.0    0.0   -9.0   -9.0   -9.0   -9.0 -9 -9 -                        2   2   13 Sc         0   0   5  1955  0.8  2.34 -9  37.0  25.3  27.9  26.5  26.6  -9 -9.0 -9  3  2
202408231200 108  25  2.3  -9 -9.0   -9  997.9 1007.5  8  -0.3  30.3  23.2  66.0  28.4   -9.0    0.0    0.0   -9.0   -9.0   -9.0   -9.0 -9 -9 -                        6   6    8 Sc         0   0   5  1451  0.6  2.30 -9  37.2  26.2  28.3  26.4  26.2  -9 -9.0 -9  3  2
202408231300 108  27  2.6  -9 -9.0   -9  997.9 1007.4 -9  -9.0  30.7  23.3  65.0  28.6   -9.0    0.0    0.0   -9.0   -9.0   -9.0   -9.0 -9 -9 -                        5   5   10 Sc         0   0   5  1381  0.4  2.01 -9  35.7  26.6  28.7  26.4  26.2  -9 -9.0 -9  3  2
202408231400 108  25  3.0  -9 -9.0   -9  997.6 1007.1 -9  -9.0  31.0  23.3  64.0  28.6   -9.0    0.0    0.0   -9.0   -9.0   -9.0   -9.0 -9 -9 -                        6   6   10 Sc         0   0   5  1453  0.4  1.56 -9  35.9  28.7  29.8  26.3  25.8  -9 -9.0 -9  3  2
202408231500 108  27  3.1  -9 -9.0   -9  997.1 1006.6  7  -0.9  31.3  22.8  61.0  27.7   -9.0    0.0    0.0   -9.0   -9.0   -9.0   -9.0 -9 -9 -                        6   6   11 Sc         0   0   5  1676  0.5  1.99 -9  34.0  29.3  30.1  26.6  26.1  -9 -9.0 -9  3  2
202408231600 108  20  3.4  -9 -9.0   -9  996.9 1006.4 -9  -9.0  31.8  23.6  62.0  29.1   -9.0    0.0    0.0   -9.0   -9.0   -9.0   -9.0 -9 -9 -                        4   4   10 Sc         0   0   5  1596  0.6  1.84 -9  35.6  29.3  30.2  26.9  26.2  -9 -9.0 -9  3  2
202408231700 108  18  3.3  -9 -9.0   -9  996.8 1006.3 -9  -9.0  31.6  23.1  61.0  28.3   -9.0    0.0    0.0   -9.0   -9.0   -9.0   -9.0 -9 -9 -                        3   2   10 ScAc       0   3   5  1547  0.9  1.79 -9  32.7  29.5  30.3  27.0  26.4  -9 -9.0 -9  3  2
202408231800 108  20  3.4  -9 -9.0   -9  997.0 1006.5  5  -0.1  30.7  22.3  61.0  26.9   -9.0    0.0    0.0   -9.0   -9.0   -9.0   -9.0 -9 -9 -                        6   2   11 ScAc       0   3   5  1842  0.4  0.67 -9  30.4  29.2  30.2  27.1  26.4  -9 -9.0 -9  3  2
202408231900 108  20  3.2  -9 -9.0   -9  997.6 1007.1 -9  -9.0  29.6  22.3  65.0  26.9   -9.0    0.0    0.0   -9.0   -9.0   -9.0   -9.0 -9 -9 -                        1   1   10 -         -9  -9  -9  1714  0.2  0.26 -9  27.3  28.8  29.8  27.1  26.4  -9 -9.0 -9  3 -9
202408232000 108  20  3.5  -9 -9.0   -9  998.0 1007.6 -9  -9.0  28.7  22.6  70.0  27.4   -9.0    0.0    0.0   -9.0   -9.0   -9.0   -9.0 -9 -9 -                        0   0   -9 -         -9  -9  -9  1640  0.0  0.01 -9  26.0  28.2  29.3  27.1  26.4  -9 -9.0 -9  3 -9
202408232100 108  18  2.2  -9 -9.0   -9  998.7 1008.3  2   1.8  28.0  22.2  71.0  26.8   -9.0    0.0    0.0   -9.0   -9.0   -9.0   -9.0 -9 -9 -                        0   0   -9 -         -9  -9  -9  1541 -9.0 -9.00 -9  25.4  27.7  28.8  26.9  26.3  -9 -9.0 -9  3  2
202408232200 108  20  1.5  -9 -9.0   -9  999.1 1008.7 -9  -9.0  27.6  22.7  75.0  27.6   -9.0    0.0    0.0   -9.0   -9.0   -9.0   -9.0 -9 -9 -                        0   0   -9 -         -9  -9  -9  1191 -9.0 -9.00 -9  25.1  27.3  28.4  26.8  26.3  -9 -9.0 -9  3 -9
202408232300 108  20  1.8  -9 -9.0   -9  999.6 1009.3 -9  -9.0  27.2  22.8  77.0  27.7   -9.0    0.0    0.0   -9.0   -9.0   -9.0   -9.0 -9 -9 19                       1   0   -9 -         -9  -9  -9   928 -9.0 -9.00 -9  24.8  27.0  28.1  26.7  26.2  -9 -9.0 -9  3  2
202408240000 108  25  1.4  -9 -9.0   -9  999.7 1009.4  2   1.1  27.0  23.0  79.0  28.1   -9.0    0.0    0.0   -9.0   -9.0   -9.0   -9.0 10  0 19                       0   0   -9 -         -9  -9  -9   807 -9.0 -9.00 -9  24.7  26.7  27.8  26.5  26.2  -9 -9.0 -9  3  1
202408240100 108   0  0.4  -9 -9.0   -9  999.7 1009.4 -9  -9.0  26.6  23.0  81.0  28.1   -9.0   -9.0   -9.0   -9.0   -9.0   -9.0   -9.0 -9 -9 19                       1   0   -9 -         -9  -9  -9   865 -9.0 -9.00 -9  24.5  26.5  27.6  26.4  26.2  -9 -9.0 -9  3  2
202408240200 108   2  1.0  -9 -9.0   -9  999.9 1009.6 -9  -9.0  26.2  23.0  83.0  28.1   -9.0   -9.0   -9.0   -9.0   -9.0   -9.0   -9.0 -9 -9 19                       0   0   -9 -         -9  -9  -9   808 -9.0 -9.00 -9  24.4  26.3  27.4  26.2  26.1  -9 -9.0 -9  3  2
202408240300 108   2  1.0  -9 -9.0   -9 1000.1 1009.8  2   0.4  25.9  22.7  83.0  27.6   -9.0   -9.0   -9.0   -9.0   -9.0   -9.0   -9.0 10  0 19                       0   0   -9 -         -9  -9  -9   671 -9.0 -9.00 -9  24.2  26.1  27.2  26.1  26.1  -9 -9.0 -9  3  1
202408240400 108   2  0.7  -9 -9.0   -9 1000.0 1009.7 -9  -9.0  25.7  22.9  85.0  27.9   -9.0   -9.0   -9.0   -9.0   -9.0   -9.0   -9.0 10  0 19                       2   0   -9 Ci         1   0   0   679 -9.0 -9.00 -9  24.1  26.0  27.0  26.0  26.0  -9 -9.0 -9  3  1
202408240500 108   2  0.9  -9 -9.0   -9 1000.0 1009.7 -9  -9.0  25.5  23.1  87.0  28.3   -9.0   -9.0   -9.0   -9.0   -9.0   -9.0   -9.0 10  0 19                       3   0   -9 Ci         1   0   0   554 -9.0 -9.00 -9  24.0  25.9  26.9  25.9  25.9  -9 -9.0 -9  3  1
202408240600 108   5  1.5  -9 -9.0   -9 1000.6 1010.4  3   0.6  25.2  22.8  87.0  27.7   -9.0   -9.0   -9.0   -9.0   -9.0   -9.0   -9.0 10  0 19                       2   0   -9 Ci         1   0   0   489  0.0  0.00 -9  23.8  25.7  26.7  25.8  25.9  -9 -9.0 -9  3  1
202408240700 108   5  0.9  -9 -9.0   -9 1000.9 1010.7 -9  -9.0  25.3  23.1  88.0  28.3   -9.0   -9.0   -9.0   -9.0   -9.0   -9.0   -9.0 10  0 19                       2   2   10 Sc         0   0   5   513  0.0  0.14 -9  25.2  25.7  26.7  25.7  25.8  -9 -9.0 -9  3  1
202408240800 108   2  1.5  -9 -9.0   -9 1001.0 1010.7 -9  -9.0  26.2  23.8  87.0  29.5   -9.0   -9.0   -9.0   -9.0   -9.0   -9.0   -9.0 10  0 19                       3   1   10 ScCc       9   0   5   504  0.1  0.51 -9  27.2  23.6  26.8  25.6  25.8  -9 -9.0 -9  3  1
202408240900 108   9  0.9  -9 -9.0   -9 1001.1 1010.7  1   0.3  27.7  24.1  81.0  30.0   -9.0   -9.0   -9.0   -9.0   -9.0   -9.0   -9.0 10  0 19                       6   3    6 ScAc       0   3   5   584  0.5  1.02 -9  31.5  23.9  27.1  25.7  25.9  -9 -9.0 -9  3  1
202408241000 108  14  1.3  -9 -9.0   -9 1001.1 1010.7 -9  -9.0  29.2  24.5  76.0  30.7   -9.0   -9.0   -9.0   -9.0   -9.0   -9.0   -9.0 10 22 19                       7   4    6 ScAc       0   3   5   749  0.5  1.62 -9  34.3  27.8  27.7  25.8  26.0  -9 -9.0 -9  3  1
202408241100 108  20  1.8  -9 -9.0   -9 1001.0 1010.6 -9  -9.0  30.1  23.5  68.0  28.9   -9.0   -9.0   -9.0   -9.0   -9.0   -9.0   -9.0 -9 -9 19                       6   5    9 ScAc       0   3   5  1025  0.4  1.78 -9  34.0  28.6  28.4  26.0  26.0  -9 -9.0 -9  3  2
202408241200 108  25  2.9  -9 -9.0   -9 1000.6 1010.2  7  -0.5  29.0  24.3  76.0  30.4    0.7    0.7    0.7   -9.0   -9.0   -9.0   -9.0 80 82 04                       9   9    8 CuSc       0   0   8   425  0.0  0.86 -9  30.0  28.9  28.8  26.1  26.0  -9 -9.0 -9  4  1
202408241300 108   0  0.3  -9 -9.0   -9 1000.3 1009.9 -9  -9.0  28.1  22.7  73.0  27.6    0.8    1.5    1.5   -9.0   -9.0   -9.0   -9.0 80 88 04                       9   9    8 CuSc       0   0   8  1513  0.0  0.90 -9  31.1  28.7  28.8  26.1  25.9  -9 -9.0 -9  4  1
202408241400 108  18  2.6  -9 -9.0   -9 1000.3 1009.9 -9  -9.0  28.1  23.8  78.0  29.5    0.0    1.5    1.5   -9.0   -9.0   -9.0   -9.0 80 88 1904                     9   9    8 CuSc       0   0   8   729  0.0  0.63 -9  29.7  28.8  28.8  26.3  26.0  -9 -9.0 -9  4  1
202408241500 108   0  0.3  -9 -9.0   -9  999.4 1009.0  7  -1.2  29.1  24.8  78.0  31.3    0.5    2.0    2.0   -9.0   -9.0   -9.0   -9.0 25 82 1904                     7   3   11 ScAc       0   3   5   560  0.0  1.04 -9  33.2  28.8  28.8  26.3  26.0  -9 -9.0 -9  4  1
202408241600 108  27  0.5  -9 -9.0   -9  999.0 1008.6 -9  -9.0  30.1  25.1  75.0  31.9   -9.0    2.0    2.0   -9.0   -9.0   -9.0   -9.0 10 22 19                       6   6    9 CuSc       0   0   8   711  0.3  1.46 -9  32.3  29.2  29.2  26.5  26.1  -9 -9.0 -9  3  1
202408241700 108  25  2.4  -9 -9.0   -9  998.6 1008.2 -9  -9.0  30.4  23.8  68.0  29.5   -9.0    2.0    2.0   -9.0   -9.0   -9.0   -9.0 -9 -9 19                       7   3   10 ScAc       0   3   5  1067  0.6  1.26 -9  31.0  29.4  29.4  26.6  26.2  -9 -9.0 -9  3  2
202408241800 108  25  2.3  -9 -9.0   -9  998.5 1008.1  7  -0.9  29.8  24.1  72.0  30.0    0.0    2.0    2.0   -9.0   -9.0   -9.0   -9.0 80 82 04                       6   6    8 CuSc       0   0   8  1010  0.0  0.49 -9  29.3  29.3  29.4  26.7  26.2  -9 -9.0 -9  4  1
202408241900 108  25  2.7  -9 -9.0   -9  998.6 1008.2 -9  -9.0  29.3  24.4  75.0  30.6    0.0    2.0    2.0   -9.0   -9.0   -9.0   -9.0 25 82 04                       3   3   10 CuSc       0   0   8  1129  0.0  0.32 -9  27.7  29.1  29.2  26.7  26.2  -9 -9.0 -9  4  1
202408242000 108  27  2.7  -9 -9.0   -9  999.0 1008.6 -9  -9.0  28.3  22.7  72.0  27.6   -9.0    2.0    2.0   -9.0   -9.0   -9.0   -9.0 -9 -9 -                        5   1   -9 -         -9  -9  -9  1447  0.0  0.01 -9  26.0  28.7  28.9  26.6  26.1  -9 -9.0 -9  3 -9
202408242100 108  29  1.5  -9 -9.0   -9  999.6 1009.2  2   1.1  27.8  22.5  73.0  27.2   -9.0    2.0    2.0   -9.0   -9.0   -9.0   -9.0 -9 80 -                        0   0   -9 -         -9  -9  -9  1340 -9.0 -9.00 -9  25.6  28.3  28.4  26.6  26.1  -9 -9.0 -9  3  1
202408242200 108  27  1.0  -9 -9.0   -9  999.7 1009.3 -9  -9.0  27.3  22.4  75.0  27.1   -9.0    2.0    2.0   -9.0   -9.0   -9.0   -9.0 -9 -9 -                        1   0   -9 -         -9  -9  -9  1193 -9.0 -9.00 -9  25.1  27.9  28.1  26.5  26.1  -9 -9.0 -9  3 -9
202408242300 108   0  0.4  -9 -9.0   -9  999.7 1009.4 -9  -9.0  26.8  22.2  76.0  26.8   -9.0    2.0    2.0   -9.0   -9.0   -9.0   -9.0 -9 -9 -                        1   0   -9 -         -9  -9  -9  1139 -9.0 -9.00 -9  24.8  27.6  27.8  26.4  26.1  -9 -9.0 -9  3 -9
202408250000 108  34  0.7  -9 -9.0   -9  999.7 1009.4  1   0.2  26.5  22.7  80.0  27.6   -9.0    2.0    2.0   -9.0   -9.0   -9.0   -9.0 -9 -9 -                        0   0   -9 -         -9  -9  -9  1077 -9.0 -9.00 -9  24.6  27.3  27.5  26.2  26.0  -9 -9.0 -9  3  2
202408250100 108   0  0.0  -9 -9.0   -9  999.8 1009.5 -9  -9.0  26.1  22.3  80.0  26.9   -9.0   -9.0   -9.0   -9.0   -9.0   -9.0   -9.0 -9 -9 -                        3   3   46 -         -9  -9  -9  1290 -9.0 -9.00 -9  24.4  27.0  27.3  26.1  25.9  -9 -9.0 -9  3 -9
202408250200 108   0  0.3  -9 -9.0   -9  999.9 1009.6 -9  -9.0  25.9  22.7  83.0  27.6   -9.0   -9.0   -9.0   -9.0   -9.0   -9.0   -9.0 -9 -9 -                        1   1   -9 -         -9  -9  -9  1126 -9.0 -9.00 -9  24.3  26.8  27.1  26.0  25.9  -9 -9.0 -9  3 -9
202408250300 108   2  1.1  -9 -9.0   -9  999.8 1009.5  0   0.1  25.7  22.5  83.0  27.2   -9.0   -9.0   -9.0   -9.0   -9.0   -9.0   -9.0 -9 -9 -                        0   0   -9 -         -9  -9  -9  1069 -9.0 -9.00 -9  24.2  26.4  26.9  25.9  25.8  -9 -9.0 -9  3  2
202408250400 108  34  1.0  -9 -9.0   -9  999.7 1009.4 -9  -9.0  25.5  22.9  86.0  27.9   -9.0   -9.0   -9.0   -9.0   -9.0   -9.0   -9.0 10  0 19                       0   0   -9 -         -9  -9  -9   548 -9.0 -9.00 -9  23.6  23.4  26.8  25.7  25.8  -9 -9.0 -9  3  1
202408250500 108   2  1.4  -9 -9.0   -9  999.2 1008.9 -9  -9.0  25.2  23.0  88.0  28.1   -9.0   -9.0   -9.0   -9.0   -9.0   -9.0   -9.0 10  0 19                       1   0   -9 Ci         1   0   0   472 -9.0 -9.00 -9  23.4  23.3  26.6  25.6  25.7  -9 -9.0 -9  3  1
202408250600 108   2  1.7  -9 -9.0   -9  999.6 1009.4  5  -0.1  25.0  23.2  90.0  28.4   -9.0   -9.0   -9.0   -9.0   -9.0   -9.0   -9.0 10  0 19                       0   0   -9 -         -9  -9  -9   392  0.0  0.00 -9  23.3  23.1  26.5  25.5  25.6  -9 -9.0 -9  3  1
202408250700 108   2  1.6  -9 -9.0   -9 1000.1 1009.9 -9  -9.0  25.1  23.3  90.0  28.6   -9.0   -9.0   -9.0   -9.0   -9.0   -9.0   -9.0 10  0 19                       0   0   -9 -         -9  -9  -9   462  0.0  0.12 -9  24.6  22.9  26.4  25.4  25.5  -9 -9.0 -9  3  1
202408250800 108   5  1.5  -9 -9.0   -9 1000.2 1009.9 -9  -9.0  26.1  24.1  89.0  30.0   -9.0   -9.0   -9.0   -9.0   -9.0   -9.0   -9.0 10  0 19                       0   0   -9 -         -9  -9  -9   540  0.1  0.56 -9  27.4  24.5  26.5  25.4  25.5  -9 -9.0 -9  3  1
202408250900 108   5  1.5  -9 -9.0   -9 1000.1 1009.7  0   0.3  27.4  24.4  84.0  30.6   -9.0   -9.0   -9.0   -9.0   -9.0   -9.0   -9.0 10  0 19                       3   1   16 ScCi       2   0   5   555  0.6  1.16 -9  30.6  24.9  26.8  25.4  25.6  -9 -9.0 -9  3  1
202408251000 108   2  1.2  -9 -9.0   -9 1000.0 1009.6 -9  -9.0  28.5  24.0  77.0  29.8   -9.0   -9.0   -9.0   -9.0   -9.0   -9.0   -9.0 10  0 19                       4   4    8 Sc         0   0   5   749  0.6  1.55 -9  31.9  25.4  27.4  25.6  25.7  -9 -9.0 -9  3  1
202408251100 108  25  0.7  -9 -9.0   -9  999.8 1009.4 -9  -9.0  29.4  24.2  74.0  30.2   -9.0   -9.0   -9.0   -9.0   -9.0   -9.0   -9.0 10 22 19                       5   5    8 CuSc       0   0   8   896  0.2  1.34 -9  32.2  26.1  27.9  25.7  25.7  -9 -9.0 -9  3  1
202408251200 108  16  1.5  -9 -9.0   -9  999.2 1008.8  7  -0.9  30.7  24.3  69.0  30.4   -9.0   -9.0   -9.0   -9.0   -9.0   -9.0   -9.0 -9 -9 19                       6   6   10 Sc         0   0   5  1059  0.4  1.93 -9  35.1  26.6  28.5  25.9  25.8  -9 -9.0 -9  3  2
202408251300 108  27  1.5  -9 -9.0   -9  998.7 1008.2 -9  -9.0  31.5  23.8  64.0  29.5   -9.0   -9.0   -9.0   -9.0   -9.0   -9.0   -9.0 -9 -9 -                        7   7    8 CuSc       0   0   2  1287  0.5  2.11 -9  39.8  27.1  29.1  26.1  25.9  -9 -9.0 -9  3  2
202408251400 108  25  2.1  -9 -9.0   -9  998.3 1007.8 -9  -9.0  31.5  23.3  62.0  28.6   -9.0   -9.0   -9.0   -9.0   -9.0   -9.0   -9.0 -9 -9 -                        7   7    8 CuSc       0   0   2  1216  0.4  1.55 -9  32.9  27.9  29.7  26.3  26.0  -9 -9.0 -9  3  2
202408251500 108  27  1.3  -9 -9.0   -9  997.6 1007.1  7  -1.7  31.7  24.0  64.0  29.8   -9.0   -9.0   -9.0   -9.0   -9.0   -9.0   -9.0 -9 -9 -                        6   6    8 CuSc       0   0   8  1440  0.2  1.19 -9  35.8  27.8  29.8  26.5  26.0  -9 -9.0 -9  3  2
202408251600 108  25  2.5  -9 -9.0   -9  997.2 1006.7 -9  -9.0  32.6  23.8  60.0  29.5   -9.0   -9.0   -9.0   -9.0   -9.0   -9.0   -9.0 -9 -9 -                        6   6    9 CuSc       0   0   8  1404  0.8  2.05 -9  35.9  28.0  30.1  26.8  26.2  -9 -9.0 -9  3  2
202408251700 108  20  3.6  -9 -9.0   -9  997.5 1007.0 -9  -9.0  31.8  23.8  63.0  29.5   -9.0   -9.0   -9.0   -9.0   -9.0   -9.0   -9.0 -9 -9 -                        6   6    8 CuSc       0   0   2  1060  0.7  1.32 -9  32.0  28.4  30.3  27.0  26.3  -9 -9.0 -9  3  2
202408251800 108  16  1.4  -9 -9.0   -9  997.4 1006.9  5  -0.2  30.9  24.2  68.0  30.2   -9.0   -9.0   -9.0   -9.0   -9.0   -9.0   -9.0  5 22 40                       7   2    8 CuScCi     1   0   8   951  0.6  0.71 -9  29.8  28.4  30.3  27.1  26.3  -9 -9.0 -9  3  1
202408251900 108  23  1.1  -9 -9.0   -9  997.4 1007.0 -9  -9.0  30.2  23.8  69.0  29.5   -9.0   -9.0   -9.0   -9.0   -9.0   -9.0   -9.0 -9 -9 40                       7   1   -9 -         -9  -9  -9  1013  0.0  0.22 -9  27.8  28.0  30.0  27.1  26.3  -9 -9.0 -9  3  2
202408252000 108  23  1.1  -9 -9.0   -9  997.8 1007.3 -9  -9.0  29.5  24.3  74.0  30.4   -9.0   -9.0   -9.0   -9.0   -9.0   -9.0   -9.0 -9 -9 -                        0   0   -9 -         -9  -9  -9  1070  0.0  0.01 -9  26.6  27.5  29.5  27.1  26.3  -9 -9.0 -9  3  2
202408252100 108  32  2.7  -9 -9.0   -9  998.4 1008.0  2   1.1  28.8  23.6  74.0  29.1   -9.0   -9.0   -9.0   -9.0   -9.0   -9.0   -9.0 -9 -9 -                        0   0   -9 -         -9  -9  -9  1506 -9.0 -9.00 -9  25.9  27.0  29.1  27.0  26.3  -9 -9.0 -9  3  2
202408252200 108  32  2.6  -9 -9.0   -9  998.5 1008.1 -9  -9.0  28.3  24.0  78.0  29.8   -9.0   -9.0   -9.0   -9.0   -9.0   -9.0   -9.0 -9 -9 -                        0   0   -9 -         -9  -9  -9  1287 -9.0 -9.00 -9  25.5  26.5  28.6  27.0  26.4  -9 -9.0 -9  3 -9
202408252300 108  32  0.9  -9 -9.0   -9  998.4 1008.0 -9  -9.0  27.9  24.3  81.0  30.4   -9.0   -9.0   -9.0   -9.0   -9.0   -9.0   -9.0 -9 -9 -                        2   1   -9 -         -9  -9  -9  1161 -9.0 -9.00 -9  25.2  25.9  28.3  26.8  26.3  -9 -9.0 -9  3 -9
202408260000 108   0  0.2  -9 -9.0   -9  998.0 1007.6  8  -0.4  27.6  24.0  81.0  29.8   -9.0   -9.0   -9.0   -9.0   -9.0   -9.0   -9.0 -9 -9 -                        5   0   -9 Ci         1   0   0  1130 -9.0 -9.00 -9  24.9  25.7  28.1  26.7  26.3  -9 -9.0 -9  3  2
202408260100 108   0  0.3  -9 -9.0   -9  997.6 1007.2 -9  -9.0  27.1  23.5  81.0  28.9   -9.0   -9.0   -9.0   -9.0   -9.0   -9.0   -9.0 -9 -9 -                        2   1   -9 -         -9  -9  -9  1177 -9.0 -9.00 -9  24.5  25.4  27.8  26.5  26.2  -9 -9.0 -9  3 -9
202408260200 108  36  1.0  -9 -9.0   -9  997.5 1007.2 -9  -9.0  26.8  23.6  83.0  29.1   -9.0   -9.0   -9.0   -9.0   -9.0   -9.0   -9.0 -9 -9 19                       7   1   -9 -         -9  -9  -9   982 -9.0 -9.00 -9  24.5  25.1  27.6  26.4  26.1  -9 -9.0 -9  3  2
202408260300 108  34  0.6  -9 -9.0   -9  997.4 1007.1  7  -0.5  26.6  23.4  83.0  28.8   -9.0   -9.0   -9.0   -9.0   -9.0   -9.0   -9.0 10 22 19                       9   0   -9 Ci         2   0   0   873 -9.0 -9.00 -9  24.5  24.9  27.4  26.3  26.1  -9 -9.0 -9  3  1
202408260400 108   5  1.3  -9 -9.0   -9  997.3 1007.0 -9  -9.0  26.3  23.5  85.0  28.9   -9.0   -9.0   -9.0   -9.0   -9.0   -9.0   -9.0 10 22 19                       7   0   -9 Ci         1   0   0   773 -9.0 -9.00 -9  24.4  24.8  27.3  26.1  26.0  -9 -9.0 -9  3  1
202408260500 108   2  1.9  -9 -9.0   -9  997.2 1006.9 -9  -9.0  26.0  23.6  87.0  29.1   -9.0   -9.0   -9.0   -9.0   -9.0   -9.0   -9.0 10 22 19                       5   0   -9 Ci         1   0   0   742 -9.0 -9.00 -9  24.2  24.7  27.2  26.0  26.0  -9 -9.0 -9  3  1
202408260600 108   2  1.8  -9 -9.0   -9  997.4 1007.1  4   0.0  25.7  23.5  88.0  28.9   -9.0   -9.0   -9.0   -9.0   -9.0   -9.0   -9.0 10  0 19                       2   0   -9 Ci         1   0   0   659  0.0  0.00 -9  23.8  24.5  27.0  25.9  25.9  -9 -9.0 -9  3  1
202408260700 108   5  1.8  -9 -9.0   -9  997.7 1007.4 -9  -9.0  25.7  23.5  88.0  28.9   -9.0   -9.0   -9.0   -9.0   -9.0   -9.0   -9.0 10 22 19                       8   3   10 ScCi       1   0   5   809  0.0  0.10 -9  25.0  24.3  26.9  25.8  25.8  -9 -9.0 -9  3  1
202408260800 108   7  1.4  -9 -9.0   -9  997.8 1007.5 -9  -9.0  26.7  24.1  86.0  30.0   -9.0   -9.0   -9.0   -9.0   -9.0   -9.0   -9.0 10 22 19                       8   0   -9 Ci         2   0   0   953  0.0  0.47 -9  27.9  24.2  27.0  25.8  25.8  -9 -9.0 -9  3  1
202408260900 108   2  2.0  -9 -9.0   -9  997.8 1007.4  0   0.3  27.2  24.0  83.0  29.8   -9.0   -9.0   -9.0   -9.0   -9.0   -9.0   -9.0 10 11 19                       9   0   -9 Ci         2   0   0   923  0.0  0.62 -9  28.0  24.7  27.3  25.8  25.8  -9 -9.0 -9  3  1
202408261000 108  36  2.6  -9 -9.0   -9  998.1 1007.7 -9  -9.0  27.8  24.2  81.0  30.2   -9.0   -9.0   -9.0   -9.0   -9.0   -9.0   -9.0 10 22 19                       9   0   -9 Ci         2   0   0   983  0.0  0.64 -9  30.0  24.8  27.5  25.8  25.8  -9 -9.0 -9  3  1
202408261100 108  34  2.0  -9 -9.0   -9  997.9 1007.5 -9  -9.0  29.1  24.2  75.0  30.2   -9.0   -9.0   -9.0   -9.0   -9.0   -9.0   -9.0 10 22 19                       9   2   10 CuCi       2   0   1   867  0.2  1.61 -9  32.8  25.3  28.0  25.9  25.8  -9 -9.0 -9  3  1
202408261200 108   9  0.8  -9 -9.0   -9  997.2 1006.7  8  -0.7  29.7  23.8  71.0  29.5   -9.0   -9.0   -9.0   -9.0   -9.0   -9.0   -9.0 -9 -9 19                       9   2   10 CuCi       2   0   1  1078  0.0  1.12 -9  31.4  26.2  28.6  26.0  25.9  -9 -9.0 -9  3  2
202408261300 108   5  1.9  -9 -9.0   -9  996.4 1006.0 -9  -9.0  29.9  24.2  72.0  30.2   -9.0   -9.0   -9.0   -9.0   -9.0   -9.0   -9.0  5 22 40                       9   2   10 ScCi       2   0   1   988  0.0  0.73 -9  31.9  26.3  28.9  26.1  25.9  -9 -9.0 -9  3  1
202408261400 108   2  1.9  -9 -9.0   -9  995.9 1005.4 -9  -9.0  29.7  23.6  70.0  29.1   -9.0   -9.0   -9.0   -9.0   -9.0   -9.0   -9.0 -9 -9 40                       9   4    8 CuScCi     2   0   8  1232  0.0  0.48 -9  29.5  26.5  29.0  26.3  25.9  -9 -9.0 -9  3  2
202408261500 108  34  1.4  -9 -9.0   -9  995.7 1005.2  7  -1.5  30.5  24.1  69.0  30.0   -9.0   -9.0   -9.0   -9.0   -9.0   -9.0   -9.0 -9 -9 -                        8   4    8 CuScAc     0   3   8  1223  0.1  1.13 -9  33.4  26.4  29.0  26.4  26.0  -9 -9.0 -9  3  2
202408261600 108  27  1.2  -9 -9.0   -9  996.0 1005.5 -9  -9.0  30.4  23.8  68.0  29.5   -9.0   -9.0   -9.0   -9.0   -9.0   -9.0   -9.0 -9 -9 -                        9   6   10 CuScCi     1   0   2  1213  0.0  0.84 -9  30.3  26.9  29.2  26.5  26.1  -9 -9.0 -9  3  2
202408261700 108  32  2.8  -9 -9.0   -9  995.9 1005.4 -9  -9.0  29.5  24.3  74.0  30.4    0.0    0.0    0.0   -9.0   -9.0   -9.0   -9.0 25 82 04                       9   5    9 CuScAcCi   2   3   8  1361  0.0  0.27 -9  28.2  26.6  29.0  26.5  26.0  -9 -9.0 -9  4  1
202408261800 108  36  1.6  -9 -9.0   -9  995.7 1005.2  4   0.0  29.3  24.1  74.0  30.0   -9.0    0.0    0.0   -9.0   -9.0   -9.0   -9.0 -9 82 -                        9   1    8 CuAcCi     2   3   2  1500  0.0  0.15 -9  27.7  26.1  28.7  26.5  26.0  -9 -9.0 -9  3  1
202408261900 108  18  1.0  -9 -9.0   -9  995.9 1005.5 -9  -9.0  28.3  20.3  62.0  23.8   -9.0    0.0    0.0   -9.0   -9.0   -9.0   -9.0 -9 -9 -                       10   8   39 -         -9  -9  -9  2079  0.0  0.05 -9  26.2  25.9  28.5  26.5  26.0  -9 -9.0 -9  3 -9
202408262000 108   2  0.8  -9 -9.0   -9  996.3 1005.9 -9  -9.0  28.1  22.1  70.0  26.6   -9.0    0.0    0.0   -9.0   -9.0   -9.0   -9.0 -9 -9 -                       10  10   40 -         -9  -9  -9  1821  0.0  0.00 -9  25.8  25.6  28.2  26.4  26.0  -9 -9.0 -9  3 -9
202408262100 108   5  0.7  -9 -9.0   -9  996.5 1006.1  2   0.9  28.1  23.4  76.0  28.8   -9.0    0.0    0.0   -9.0   -9.0   -9.0   -9.0 -9 82 -                        9   6   35 AcCi       2   3   0  1557 -9.0 -9.00 -9  25.9  25.3  28.0  26.4  26.0  -9 -9.0 -9  3  1
202408262200 108   5  1.7  -9 -9.0   -9  996.4 1006.0 -9  -9.0  27.7  22.8  75.0  27.7   -9.0    0.0    0.0   -9.0   -9.0   -9.0   -9.0 -9 -9 -                       10  10   44 -         -9  -9  -9  1873 -9.0 -9.00 -9  25.4  25.1  27.8  26.3  26.0  -9 -9.0 -9  3 -9
202408262300 108   0  0.4  -9 -9.0   -9  996.1 1005.7 -9  -9.0  27.5  23.0  77.0  28.1   -9.0    0.0    0.0   -9.0   -9.0   -9.0   -9.0 -9 -9 -                       10  10   42 -         -9  -9  -9  1678 -9.0 -9.00 -9  25.4  25.0  27.6  26.2  26.0  -9 -9.0 -9  3 -9
202408270000 108   5  1.2  -9 -9.0   -9  996.1 1005.7  6  -0.4  27.3  23.1  78.0  28.3   -9.0    0.0    0.0   -9.0   -9.0   -9.0   -9.0 -9 -9 -                        9   6   38 AcCi       2   3   0  1734 -9.0 -9.00 -9  25.2  24.8  27.5  26.1  25.9  -9 -9.0 -9  3  2
202408270100 108  29  0.8  -9 -9.0   -9  996.0 1005.6 -9  -9.0  27.0  23.0  79.0  28.1   -9.0   -9.0   -9.0   -9.0   -9.0   -9.0   -9.0 -9 -9 -                       10   3   10 -         -9  -9  -9  1744 -9.0 -9.00 -9  25.1  24.8  27.4  26.0  25.9  -9 -9.0 -9  3 -9
202408270200 108   0  0.4  -9 -9.0   -9  995.6 1005.2 -9  -9.0  26.8  23.0  80.0  28.1    0.0    0.0    0.0   -9.0   -9.0   -9.0   -9.0 60 62 01                      10   3   10 ScAs      -9   2   5  1673 -9.0 -9.00 -9  25.0  24.7  27.2  25.9  25.8  -9 -9.0 -9  4  1
202408270300 108   5  1.4  -9 -9.0   -9  995.2 1004.8  7  -0.9  26.5  22.7  80.0  27.6    0.0    0.0    0.0   -9.0   -9.0   -9.0   -9.0 60 66 01                      10   4   12 ScAs      -9   2   5  1707 -9.0 -9.00 -9  24.8  24.6  27.1  25.8  25.8  -9 -9.0 -9  4  1
202408270400 108   5  1.8  -9 -9.0   -9  995.2 1004.9 -9  -9.0  26.1  22.5  81.0  27.2    0.0    0.0    0.0   -9.0   -9.0   -9.0   -9.0 21 62 01                      10   2   10 ScAs      -9   2   5  1823 -9.0 -9.00 -9  24.5  24.7  27.0  25.8  25.7  -9 -9.0 -9  4  1
202408270500 108  32  1.1  -9 -9.0   -9  995.2 1004.9 -9  -9.0  25.9  21.7  78.0  26.0   -9.0    0.0    0.0   -9.0   -9.0   -9.0   -9.0 -9 -9 -                       10   2   10 ScAs      -9   2   5  2105 -9.0 -9.00 -9  24.3  24.6  26.9  25.7  25.6  -9 -9.0 -9  3  2
202408270600 108   2  1.4  -9 -9.0   -9  995.7 1005.4  2   0.6  25.5  20.5  74.0  24.1   -9.0    0.0    0.0   -9.0   -9.0   -9.0   -9.0 -9 62 -                       10   3   10 ScAs      -9   2   5  2472  0.0  0.00 -9  24.0  24.3  26.7  25.6  25.6  -9 -9.0 -9  3  1
202408270700 108   5  1.8  -9 -9.0   -9  996.1 1005.8 -9  -9.0  25.3  20.1  73.0  23.5    0.0    0.0    0.0   -9.0   -9.0   -9.0   -9.0 60 62 01                      10   4   13 ScAs      -9   2   5  2557  0.0  0.02 -9  24.0  24.2  26.6  25.5  25.5  -9 -9.0 -9  4  1
202408270800 108   7  1.0  -9 -9.0   -9  996.7 1006.4 -9  -9.0  25.2  19.1  69.0  22.1    0.0    0.0    0.0   -9.0   -9.0   -9.0   -9.0 60 66 01                      10   4   15 ScAs      -9   2   5  2713  0.0  0.09 -9  24.3  24.0  26.5  25.4  25.5  -9 -9.0 -9  4  1
202408270900 108   5  2.7  -9 -9.0   -9  997.2 1006.9  2   1.5  25.0  20.8  78.0  24.6    0.0    0.0    0.0   -9.0   -9.0   -9.0   -9.0 61 66 01                      10   7    8 StNs      -9   2   7  1877  0.0  0.20 -9  24.6  24.0  26.4  25.3  25.4  -9 -9.0 -9  1  1
202408271000 108   5  0.9  -9 -9.0   -9  997.8 1007.5 -9  -9.0  24.7  19.5  73.0  22.7    0.3    0.3    0.3   -9.0   -9.0   -9.0   -9.0 21 62 01                      10   8    9 ScAs      -9   2   5  3200  0.0  0.42 -9  26.0  23.9  26.3  25.2  25.4  -9 -9.0 -9  4  1
202408271100 108   5  1.8  -9 -9.0   -9  997.3 1007.0 -9  -9.0  25.2  19.7  72.0  22.9   -9.0    0.3    0.3   -9.0   -9.0   -9.0   -9.0 -9 -9 -                       10  10   36 As        -9   2   0  2870  0.0  0.58 -9  26.4  24.1  26.4  25.2  25.3  -9 -9.0 -9  3  2
202408271200 108  34  2.7  -9 -9.0   -9  996.8 1006.5  8  -0.4  25.6  20.1  72.0  23.5   -9.0    0.3    0.3   -9.0   -9.0   -9.0   -9.0 -9 62 -                       10   2   19 ScAs      -9   2   5  2535  0.0  0.41 -9  25.8  24.2  26.6  25.2  25.3  -9 -9.0 -9  3  1
202408271300 108  32  2.6  -9 -9.0   -9  996.9 1006.6 -9  -9.0  26.0  18.9  65.0  21.8   -9.0    0.3    0.3   -9.0   -9.0   -9.0   -9.0 -9 -9 -                       10  10   22 As        -9   2   0  2926  0.0  0.50 -9  26.4  24.2  26.6  25.2  25.3  -9 -9.0 -9  3  2
202408271400 108   5  2.1  -9 -9.0   -9  996.0 1005.6 -9  -9.0  27.4  19.9  64.0  23.2   -9.0    0.3    0.3   -9.0   -9.0   -9.0   -9.0 -9 -9 -                        9   0   -9 Ci         2   0   0  3086  0.0  1.29 -9  30.5  24.6  26.9  25.2  25.4  -9 -9.0 -9  3  2
202408271500 108   5  2.9  -9 -9.0   -9  995.6 1005.2  8  -1.3  28.2  19.9  61.0  23.2   -9.0    0.3    0.3   -9.0   -9.0   -9.0   -9.0 -9 62 -                        9   0   -9 Ci         2   0   0  3034  0.4  1.66 -9  30.7  25.3  27.5  25.3  25.4  -9 -9.0 -9  3  1
202408271600 108   9  2.2  -9 -9.0   -9  995.5 1005.0 -9  -9.0  29.4  20.2  58.0  23.7   -9.0    0.3    0.3   -9.0   -9.0   -9.0   -9.0 -9 -9 -                        7   0   -9 Ci         1   0   0  2896  0.6  1.79 -9  32.7  25.5  27.8  25.5  25.5  -9 -9.0 -9  3  2
202408271700 108   7  2.9  -9 -9.0   -9  995.6 1005.1 -9  -9.0  30.1  19.4  53.0  22.5   -9.0    0.3    0.3   -9.0   -9.0   -9.0   -9.0 -9 -9 -                        2   2   38 Ac         0   3   0  3284  1.0  1.81 -9  28.6  26.0  28.1  25.7  25.6  -9 -9.0 -9  3  2
202408271800 108   7  2.2  -9 -9.0   -9  996.0 1005.5  3   0.3  29.6  19.5  55.0  22.7   -9.0    0.3    0.3   -9.0   -9.0   -9.0   -9.0 -9 -9 -                        0   0   -9 -         -9  -9  -9  3356  1.0  0.97 -9  26.3  26.0  28.1  25.8  25.6  -9 -9.0 -9  3  2
202408271900 108   5  2.5  -9 -9.0   -9  996.5 1006.1 -9  -9.0  28.4  19.6  59.0  22.8   -9.0    0.3    0.3   -9.0   -9.0   -9.0   -9.0 -9 -9 -                        0   0   -9 -         -9  -9  -9  3321  0.7  0.29 -9  24.4  25.6  27.8  25.8  25.5  -9 -9.0 -9  3 -9
202408272000 108   5  2.1  -9 -9.0   -9  997.2 1006.8 -9  -9.0  27.1  19.1  62.0  22.1   -9.0    0.3    0.3   -9.0   -9.0   -9.0   -9.0 -9 -9 -                        0   0   -9 -         -9  -9  -9  3154  0.0  0.01 -9  23.2  25.0  27.4  25.7  25.4  -9 -9.0 -9  3 -9
202408272100 108   5  2.0  -9 -9.0   -9  998.1 1007.8  2   2.3  26.3  19.4  66.0  22.5   -9.0    0.3    0.3   -9.0   -9.0   -9.0   -9.0 -9 -9 -                        0   0   -9 -         -9  -9  -9  3093 -9.0 -9.00 -9  22.6  24.4  26.9  25.7  25.4  -9 -9.0 -9  3  2
202408272200 108   5  1.9  -9 -9.0   -9  998.4 1008.1 -9  -9.0  25.8  19.1  67.0  22.1   -9.0    0.3    0.3   -9.0   -9.0   -9.0   -9.0 -9 -9 -                        0   0   -9 -         -9  -9  -9  2934 -9.0 -9.00 -9  22.3  24.0  26.5  25.6  25.4  -9 -9.0 -9  3 -9
202408272300 108   5  2.2  -9 -9.0   -9  998.5 1008.2 -9  -9.0  25.4  19.7  71.0  22.9   -9.0    0.3    0.3   -9.0   -9.0   -9.0   -9.0 -9 -9 -                        0   0   -9 -         -9  -9  -9  2938 -9.0 -9.00 -9  22.1  23.6  26.2  25.4  25.4  -9 -9.0 -9  3 -9
202408280000 108   5  2.6  -9 -9.0   -9  998.4 1008.1  0   0.3  25.0  19.5  72.0  22.7   -9.0    0.3    0.3   -9.0   -9.0   -9.0   -9.0 -9 -9 -                        0   0   -9 -         -9  -9  -9  2768 -9.0 -9.00 -9  21.7  23.3  26.0  25.2  25.3  -9 -9.0 -9  3  2
202408280100 108   5  2.8  -9 -9.0   -9  998.4 1008.1 -9  -9.0  24.7  19.7  74.0  22.9   -9.0   -9.0   -9.0   -9.0   -9.0   -9.0   -9.0 -9 -9 -                        0   0   -9 -         -9  -9  -9  2976 -9.0 -9.00 -9  21.6  23.1  25.7  25.1  25.2  -9 -9.0 -9  3 -9
202408280200 108   5  3.1  -9 -9.0   -9  998.3 1008.0 -9  -9.0  24.5  19.5  74.0  22.7   -9.0   -9.0   -9.0   -9.0   -9.0   -9.0   -9.0 -9 -9 -                        0   0   -9 -         -9  -9  -9  2975 -9.0 -9.00 -9  21.3  23.0  25.5  24.9  25.1  -9 -9.0 -9  3 -9
202408280300 108   5  2.6  -9 -9.0   -9  998.3 1008.0  6  -0.1  24.1  19.3  75.0  22.4   -9.0   -9.0   -9.0   -9.0   -9.0   -9.0   -9.0 -9 -9 -                        0   0   -9 -         -9  -9  -9  2809 -9.0 -9.00 -9  21.1  22.8  25.3  24.7  25.0  -9 -9.0 -9  3  2
202408280400 108   5  2.6  -9 -9.0   -9  998.3 1008.0 -9  -9.0  23.7  18.9  75.0  21.8   -9.0   -9.0   -9.0   -9.0   -9.0   -9.0   -9.0 -9 -9 -                        0   0   -9 -         -9  -9  -9  2922 -9.0 -9.00 -9  20.8  22.6  25.1  24.6  24.9  -9 -9.0 -9  3  2
202408280500 108   5  2.2  -9 -9.0   -9  998.5 1008.2 -9  -9.0  23.3  18.8  76.0  21.7   -9.0   -9.0   -9.0   -9.0   -9.0   -9.0   -9.0 -9 -9 -                        0   0   -9 -         -9  -9  -9  2882 -9.0 -9.00 -9  20.5  22.4  25.0  24.5  24.8  -9 -9.0 -9  3  2
202408280600 108   5  2.0  -9 -9.0   -9  998.9 1008.7  2   0.7  23.0  18.7  77.0  21.6   -9.0   -9.0   -9.0   -9.0   -9.0   -9.0   -9.0 -9 -9 -                        0   0   -9 -         -9  -9  -9  2939  0.0  0.00 -9  20.3  22.2  24.8  24.3  24.7  -9 -9.0 -9  3  2
202408280700 108   7  2.8  -9 -9.0   -9  999.2 1009.0 -9  -9.0  23.2  18.7  76.0  21.6   -9.0   -9.0   -9.0   -9.0   -9.0   -9.0   -9.0 -9 -9 -                        0   0   -9 -         -9  -9  -9  2756  0.8  0.19 -9  21.2  22.1  24.6  24.2  24.7  -9 -9.0 -9  3  2
202408280800 108   5  3.9  -9 -9.0   -9  999.5 1009.2 -9  -9.0  25.4  19.2  69.0  22.2   -9.0   -9.0   -9.0   -9.0   -9.0   -9.0   -9.0 -9 -9 -                        0   0   -9 -         -9  -9  -9  3211  1.0  0.83 -9  24.5  22.4  24.7  24.2  24.8  -9 -9.0 -9  3  2
202408280900 108   7  3.6  -9 -9.0   -9  999.8 1009.5  2   0.8  27.0  20.0  66.0  23.4   -9.0   -9.0   -9.0   -9.0   -9.0   -9.0   -9.0 -9 -9 -                        0   0   -9 -         -9  -9  -9  3009  1.0  1.60 -9  30.1  22.6  25.0  24.3  24.8  -9 -9.0 -9  3  2
202408281000 108   5  3.6  -9 -9.0   -9  999.9 1009.5 -9  -9.0  28.7  20.1  60.0  23.5   -9.0   -9.0   -9.0   -9.0   -9.0   -9.0   -9.0 -9 -9 -                        0   0   -9 -         -9  -9  -9  2866  1.0  2.24 -9  34.9  23.2  25.6  24.3  24.8  -9 -9.0 -9  3  2
202408281100 108   5  3.5  -9 -9.0   -9  999.5 1009.1 -9  -9.0  29.9  20.1  56.0  23.5   -9.0   -9.0   -9.0   -9.0   -9.0   -9.0   -9.0 -9 -9 -                        0   0   -9 -         -9  -9  -9  3034  1.0  2.83 -9  40.2  23.9  26.4  24.5  24.9  -9 -9.0 -9  3  2
202408281200 108   5  3.2  -9 -9.0   -9  999.0 1008.6  7  -0.9  30.7  20.3  54.0  23.8   -9.0   -9.0   -9.0   -9.0   -9.0   -9.0   -9.0 -9 -9 -                        0   0   -9 -         -9  -9  -9  2730  1.0  3.20 -9  45.2  24.6  27.4  24.8  25.0  -9 -9.0 -9  3  2
202408281300 108   9  2.9  -9 -9.0   -9  998.5 1008.0 -9  -9.0  31.6  21.1  54.0  25.0   -9.0   -9.0   -9.0   -9.0   -9.0   -9.0   -9.0 -9 -9 -                        0   0   -9 -         -9  -9  -9  2878  1.0  3.30 -9  48.6  25.3  28.3  25.1  25.2  -9 -9.0 -9  3  2
202408281400 108   7  2.0  -9 -9.0   -9  997.8 1007.3 -9  -9.0  32.5  21.0  51.0  24.9   -9.0   -9.0   -9.0   -9.0   -9.0   -9.0   -9.0 -9 -9 -                        0   0   -9 -         -9  -9  -9  3364  1.0  3.20 -9  49.8  25.6  29.2  25.5  25.3  -9 -9.0 -9  3  2
202408281500 108   7  2.2  -9 -9.0   -9  997.2 1006.7  7  -1.9  32.5  20.7  50.0  24.4   -9.0   -9.0   -9.0   -9.0   -9.0   -9.0   -9.0 -9 -9 -                        2   2   15 Sc         0   0   5  3494  0.7  2.03 -9  44.4  26.2  29.6  25.9  25.4  -9 -9.0 -9  3  2
202408281600 108   7  2.6  -9 -9.0   -9  997.0 1006.5 -9  -9.0  32.8  19.6  46.0  22.8   -9.0   -9.0   -9.0   -9.0   -9.0   -9.0   -9.0 -9 -9 -                        3   3   15 Sc         0   0   5  3455  0.9  2.25 -9  38.9  26.1  29.8  26.2  25.6  -9 -9.0 -9  3  2
202408281700 108   5  2.1  -9 -9.0   -9  997.0 1006.5 -9  -9.0  32.5  20.0  48.0  23.4   -9.0   -9.0   -9.0   -9.0   -9.0   -9.0   -9.0 -9 -9 -                        4   4   15 Sc         0   0   5  2892  0.7  1.39 -9  32.3  26.8  29.8  26.5  25.7  -9 -9.0 -9  3  2
202408281800 108   5  3.3  -9 -9.0   -9  997.1 1006.6  5  -0.1  32.0  20.9  52.0  24.7   -9.0   -9.0   -9.0   -9.0   -9.0   -9.0   -9.0 -9 -9 -                        1   1   15 Sc         0   0   5  3590  0.7  0.68 -9  30.1  26.6  29.6  26.7  25.9  -9 -9.0 -9  3  2
202408281900 108   5  2.6  -9 -9.0   -9  997.4 1006.9 -9  -9.0  30.9  20.2  53.0  23.7   -9.0   -9.0   -9.0   -9.0   -9.0   -9.0   -9.0 -9 -9 -                        0   0   -9 -         -9  -9  -9  3101  0.7  0.24 -9  27.2  25.8  29.2  26.7  25.9  -9 -9.0 -9  3 -9
202408282000 108   5  2.9  -9 -9.0   -9  997.7 1007.3 -9  -9.0  30.0  20.2  56.0  23.7   -9.0   -9.0   -9.0   -9.0   -9.0   -9.0   -9.0 -9 -9 -                        0   0   -9 -         -9  -9  -9  3083  0.0  0.00 -9  25.9  25.3  28.7  26.8  26.0  -9 -9.0 -9  3 -9
202408282100 108   7  3.0  -9 -9.0   -9  998.2 1007.7  2   1.1  29.3  20.4  59.0  24.0   -9.0   -9.0   -9.0   -9.0   -9.0   -9.0   -9.0 -9 -9 -                        0   0   -9 -         -9  -9  -9  3436 -9.0 -9.00 -9  25.1  24.8  28.3  26.7  26.1  -9 -9.0 -9  3  2
202408282200 108   7  3.4  -9 -9.0   -9  998.6 1008.2 -9  -9.0  28.5  20.2  61.0  23.7   -9.0   -9.0   -9.0   -9.0   -9.0   -9.0   -9.0 -9 -9 -                        0   0   -9 -         -9  -9  -9  3650 -9.0 -9.00 -9  24.5  24.9  27.9  26.6  26.1  -9 -9.0 -9  3 -9
202408282300 108   5  3.1  -9 -9.0   -9  998.4 1008.0 -9  -9.0  27.7  20.0  63.0  23.4   -9.0   -9.0   -9.0   -9.0   -9.0   -9.0   -9.0 -9 -9 -                        0   0   -9 -         -9  -9  -9  3540 -9.0 -9.00 -9  23.9  24.5  27.5  26.5  26.0  -9 -9.0 -9  3 -9
202408290000 108   5  3.2  -9 -9.0   -9  998.3 1008.0  0   0.3  26.9  19.5  64.0  22.7   -9.0   -9.0   -9.0   -9.0   -9.0   -9.0   -9.0 -9 -9 -                        0   0   -9 -         -9  -9  -9  4028 -9.0 -9.00 -9  23.3  24.2  27.2  26.3  26.0  -9 -9.0 -9  3  2
202408290100 108   7  3.3  -9 -9.0   -9  998.3 1008.0 -9  -9.0  26.4  19.0  64.0  22.0   -9.0   -9.0   -9.0   -9.0   -9.0   -9.0   -9.0 -9 -9 -                        0   0   -9 -         -9  -9  -9  4052 -9.0 -9.00 -9  22.8  23.9  26.9  26.2  26.0  -9 -9.0 -9  3 -9
202408290200 108   7  3.3  -9 -9.0   -9  998.1 1007.8 -9  -9.0  25.8  18.7  65.0  21.6   -9.0   -9.0   -9.0   -9.0   -9.0   -9.0   -9.0 -9 -9 -                        0   0   -9 -         -9  -9  -9  3543 -9.0 -9.00 -9  22.3  23.6  26.6  26.0  25.9  -9 -9.0 -9  3 -9
202408290300 108   7  2.7  -9 -9.0   -9  998.2 1007.9  5  -0.1  25.2  18.6  67.0  21.4   -9.0   -9.0   -9.0   -9.0   -9.0   -9.0   -9.0 -9 -9 -                        0   0   -9 -         -9  -9  -9  3897 -9.0 -9.00 -9  21.8  23.4  26.3  25.8  25.8  -9 -9.0 -9  3  2
202408290400 108   5  2.5  -9 -9.0   -9  998.2 1007.9 -9  -9.0  24.5  18.6  70.0  21.4   -9.0   -9.0   -9.0   -9.0   -9.0   -9.0   -9.0 -9 -9 -                        0   0   -9 -         -9  -9  -9  3505 -9.0 -9.00 -9  21.4  23.1  26.1  26.9  27.2  -9 -9.0 -9  3  2
202408290500 108   7  2.0  -9 -9.0   -9  998.2 1007.9 -9  -9.0  24.1  18.5  71.0  21.3   -9.0   -9.0   -9.0   -9.0   -9.0   -9.0   -9.0 -9 -9 -                        0   0   -9 -         -9  -9  -9  3482 -9.0 -9.00 -9  21.1  23.0  25.9  26.8  27.2  -9 -9.0 -9  3  2
202408290600 108   5  2.1  -9 -9.0   -9  998.4 1008.1  2   0.2  23.6  18.2  72.0  20.9   -9.0   -9.0   -9.0   -9.0   -9.0   -9.0   -9.0 -9 -9 -                        0   0   -9 -         -9  -9  -9  3339 -9.0 -9.00 -9  20.7  22.7  25.6  26.6  27.1  -9 -9.0 -9  3  2
202408290700 108   7  2.7  -9 -9.0   -9  998.7 1008.4 -9  -9.0  23.7  18.7  74.0  21.6   -9.0   -9.0   -9.0   -9.0   -9.0   -9.0   -9.0 -9 -9 -                        0   0   -9 -         -9  -9  -9  3464  0.8  0.20 -9  21.4  22.5  25.4  26.5  27.0  -9 -9.0 -9  3  2
202408290800 108   7  2.9  -9 -9.0   -9  998.6 1008.3 -9  -9.0  25.6  18.7  66.0  21.6   -9.0   -9.0   -9.0   -9.0   -9.0   -9.0   -9.0 -9 -9 -                        0   0   -9 -         -9  -9  -9  3180  1.0  0.83 -9  25.2  22.6  25.4  26.3  26.9  -9 -9.0 -9  3  2
202408290900 108   7  2.8  -9 -9.0   -9  998.5 1008.1  4   0.0  27.2  19.0  61.0  22.0   -9.0   -9.0   -9.0   -9.0   -9.0   -9.0   -9.0 -9 -9 -                        0   0   -9 -         -9  -9  -9  3323  1.0  1.62 -9  32.9  22.9  25.7  26.2  26.8  -9 -9.0 -9  3  2
202408291000 108   5  3.4  -9 -9.0   -9  998.4 1008.0 -9  -9.0  28.8  19.4  57.0  22.5   -9.0   -9.0   -9.0   -9.0   -9.0   -9.0   -9.0 -9 -9 -                        0   0   -9 -         -9  -9  -9  3208  1.0  2.26 -9  40.0  23.4  26.2  26.1  26.7  -9 -9.0 -9  3  2
202408291100 108   5  3.0  -9 -9.0   -9  997.7 1007.3 -9  -9.0  30.3  20.5  56.0  24.1   -9.0   -9.0   -9.0   -9.0   -9.0   -9.0   -9.0 -9 -9 -                        0   0   -9 -         -9  -9  -9  3503  1.0  2.85 -9  46.9  24.2  27.0  26.2  26.6  -9 -9.0 -9  3  2
202408291200 108   5  2.8  -9 -9.0   -9  997.2 1006.7  7  -1.4  31.4  20.9  54.0  24.7   -9.0   -9.0   -9.0   -9.0   -9.0   -9.0   -9.0 -9 -9 -                        0   0   -9 -         -9  -9  -9  3982  1.0  3.19 -9  51.5  25.1  28.0  26.3  26.6  -9 -9.0 -9  3  2
202408291300 108   9  2.9  -9 -9.0   -9  996.4 1005.9 -9  -9.0  32.6  21.7  53.0  26.0   -9.0   -9.0   -9.0   -9.0   -9.0   -9.0   -9.0 -9 -9 -                        0   0   -9 -         -9  -9  -9  3590  1.0  3.33 -9  54.2  25.7  29.0  26.6  26.7  -9 -9.0 -9  3  2
202408291400 108   5  3.8  -9 -9.0   -9  995.8 1005.2 -9  -9.0  33.0  21.5  51.0  25.6   -9.0   -9.0   -9.0   -9.0   -9.0   -9.0   -9.0 -9 -9 -                        4   4   15 Sc         0   0   5  3574  0.9  3.05 -9  51.9  30.4  29.9  27.1  26.9  -9 -9.0 -9  3  2
202408291500 108   5  3.3  -9 -9.0   -9  995.4 1004.8  7  -1.9  33.3  22.1  52.0  26.6   -9.0   -9.0   -9.0   -9.0   -9.0   -9.0   -9.0 -9 -9 -                        5   5   14 Sc         0   0   5  3032  0.8  2.51 -9  50.8  30.5  30.3  27.4  27.0  -9 -9.0 -9  3  2
202408291600 108   5  3.5  -9 -9.0   -9  995.1 1004.5 -9  -9.0  33.2  21.3  50.0  25.3   -9.0   -9.0   -9.0   -9.0   -9.0   -9.0   -9.0 -9 -9 -                        2   2   15 Sc         0   0   5  3418  0.8  2.12 -9  43.5  30.7  30.5  27.8  27.2  -9 -9.0 -9  3  2
202408291700 108   7  3.3  -9 -9.0   -9  995.1 1004.5 -9  -9.0  32.8  21.3  51.0  25.3   -9.0   -9.0   -9.0   -9.0   -9.0   -9.0   -9.0 -9 -9 -                        0   0   -9 -         -9  -9  -9  3562  1.0  1.71 -9  35.0  30.7  30.5  28.0  27.4  -9 -9.0 -9  3  2
202408291800 108   5  3.6  -9 -9.0   -9  995.4 1004.9  3   0.1  31.7  21.5  55.0  25.6   -9.0   -9.0   -9.0   -9.0   -9.0   -9.0   -9.0 -9 -9 -                        0   0   -9 -         -9  -9  -9  3970  1.0  0.91 -9  30.8  30.3  30.3  28.3  27.5  -9 -9.0 -9  3  2
202408291900 108   7  3.7  -9 -9.0   -9  995.7 1005.2 -9  -9.0  30.2  20.7  57.0  24.4   -9.0   -9.0   -9.0   -9.0   -9.0   -9.0   -9.0 -9 -9 -                        0   0   -9 -         -9  -9  -9  4014  0.7  0.27 -9  27.9  29.6  29.9  28.4  27.7  -9 -9.0 -9  3 -9
202408292000 108   7  3.4  -9 -9.0   -9  995.9 1005.4 -9  -9.0  29.1  20.8  61.0  24.6   -9.0   -9.0   -9.0   -9.0   -9.0   -9.0   -9.0 -9 -9 -                        0   0   -9 -         -9  -9  -9  4234  0.0  0.01 -9  26.5  29.2  29.4  28.4  27.8  -9 -9.0 -9  3 -9
202408292100 108   5  4.8  -9 -9.0   -9  996.2 1005.8  2   0.9  28.0  20.0  62.0  23.4   -9.0   -9.0   -9.0   -9.0   -9.0   -9.0   -9.0 -9 -9 -                        0   0   -9 -         -9  -9  -9  4156 -9.0 -9.00 -9  25.6  28.6  28.8  28.3  27.8  -9 -9.0 -9  3  2
202408292200 108   7  2.6  -9 -9.0   -9  996.4 1006.0 -9  -9.0  27.6  19.9  63.0  23.2   -9.0   -9.0   -9.0   -9.0   -9.0   -9.0   -9.0 -9 -9 -                        1   1   -9 -         -9  -9  -9  4033 -9.0 -9.00 -9  25.1  28.1  28.4  28.2  27.7  -9 -9.0 -9  3 -9
202408292300 108   7  3.0  -9 -9.0   -9  996.2 1005.8 -9  -9.0  27.1  19.6  64.0  22.8   -9.0   -9.0   -9.0   -9.0   -9.0   -9.0   -9.0 -9 -9 -                        3   1   -9 -         -9  -9  -9  3906 -9.0 -9.00 -9  24.6  27.7  28.0  27.9  27.6  -9 -9.0 -9  3 -9
202408300000 108   5  2.6  -9 -9.0   -9  996.0 1005.6  8  -0.2  26.7  19.5  65.0  22.7   -9.0   -9.0   -9.0   -9.0   -9.0   -9.0   -9.0 -9 -9 -                        0   0   -9 -         -9  -9  -9  4037 -9.0 -9.00 -9  24.2  27.3  27.7  27.8  27.6  -9 -9.0 -9  3  2
202408300100 108   5  1.7  -9 -9.0   -9  995.8 1005.5 -9  -9.0  25.9  19.5  68.0  22.7   -9.0   -9.0   -9.0   -9.0   -9.0   -9.0   -9.0 -9 -9 -                        1   1   -9 -         -9  -9  -9  3840 -9.0 -9.00 -9  23.6  27.0  27.3  27.3  27.2  -9 -9.0 -9  3 -9
202408300200 108   9  0.8  -9 -9.0   -9  995.7 1005.4 -9  -9.0  25.4  19.2  69.0  22.2   -9.0   -9.0   -9.0   -9.0   -9.0   -9.0   -9.0 -9 -9 -                        1   1   -9 -         -9  -9  -9  3595 -9.0 -9.00 -9  23.2  26.6  27.0  27.1  27.1  -9 -9.0 -9  3 -9
202408300300 108   5  1.0  -9 -9.0   -9  995.6 1005.3  7  -0.3  25.0  19.1  70.0  22.1   -9.0   -9.0   -9.0   -9.0   -9.0   -9.0   -9.0 -9 -9 -                        1   1   30 Ac         0   3   0  3736 -9.0 -9.00 -9  22.9  26.3  26.8  26.9  27.0  -9 -9.0 -9  3  2
202408300400 108   0  0.3  -9 -9.0   -9  995.6 1005.2 -9  -9.0  24.7  19.5  73.0  22.7   -9.0   -9.0   -9.0   -9.0   -9.0   -9.0   -9.0 -9 -9 -                        4   4   30 Ac         0   3   0  3937 -9.0 -9.00 -9  22.6  26.0  26.5  26.9  27.1  -9 -9.0 -9  3  2
202408300500 108   5  2.2  -9 -9.0   -9  995.6 1005.3 -9  -9.0  24.1  19.1  74.0  22.1   -9.0   -9.0   -9.0   -9.0   -9.0   -9.0   -9.0 -9 -9 -                        0   0   -9 -         -9  -9  -9  3719 -9.0 -9.00 -9  22.3  25.8  26.4  27.2  27.5  -9 -9.0 -9  3  2
202408300600 108   7  1.1  -9 -9.0   -9  995.7 1005.4  3   0.1  23.8  18.8  74.0  21.7   -9.0   -9.0   -9.0   -9.0   -9.0   -9.0   -9.0 -9 -9 -                        0   0   -9 -         -9  -9  -9  3635 -9.0 -9.00 -9  22.0  25.6  26.2  27.0  27.4  -9 -9.0 -9  3  2
202408300700 108   5  2.2  -9 -9.0   -9  996.2 1005.9 -9  -9.0  23.8  19.0  75.0  22.0   -9.0   -9.0   -9.0   -9.0   -9.0   -9.0   -9.0 -9 -9 -                        0   0   -9 -         -9  -9  -9  3652  0.8  0.19 -9  22.8  25.4  26.0  26.9  27.3  -9 -9.0 -9  3  2
202408300800 108   5  2.2  -9 -9.0   -9  996.1 1005.8 -9  -9.0  25.6  19.9  71.0  23.2   -9.0   -9.0   -9.0   -9.0   -9.0   -9.0   -9.0 -9 -9 -                        1   1   30 Ac         0   3   0  3482  1.0  0.82 -9  27.0  25.7  25.9  26.7  27.2  -9 -9.0 -9  3  2
202408300900 108   7  2.2  -9 -9.0   -9  996.2 1005.8  0   0.4  27.5  20.5  66.0  24.1   -9.0   -9.0   -9.0   -9.0   -9.0   -9.0   -9.0 -9 -9 -                        3   3   40 Ac         0   3   0  4276  1.0  1.37 -9  34.8  26.3  26.2  26.6  27.1  -9 -9.0 -9  3  2
202408301000 108  25  1.2  -9 -9.0   -9  996.3 1005.8 -9  -9.0  29.3  21.5  63.0  25.6   -9.0   -9.0   -9.0   -9.0   -9.0   -9.0   -9.0 -9 -9 -                        2   2   38 Ac         0   3   0  3317  0.9  2.13 -9  42.7  27.1  26.8  26.6  27.1  -9 -9.0 -9  3  2
202408301100 108  29  3.7  -9 -9.0   -9  995.9 1005.4 -9  -9.0  30.3  21.3  59.0  25.3   -9.0   -9.0   -9.0   -9.0   -9.0   -9.0   -9.0 -9 -9 -                        0   0   -9 -         -9  -9  -9  3868  1.0  2.82 -9  50.5  28.7  27.6  26.6  27.0  -9 -9.0 -9  3  2
202408301200 108  29  3.8  -9 -9.0   -9  995.3 1004.8  7  -1.0  31.0  20.8  55.0  24.6   -9.0   -9.0   -9.0   -9.0   -9.0   -9.0   -9.0 -9 -9 -                        1   1   12 Sc         0   0   5  3592  1.0  3.20 -9  54.7  29.5  28.3  26.8  27.0  -9 -9.0 -9  3  2
202408301300 108  27  2.7  -9 -9.0   -9  994.8 1004.3 -9  -9.0  32.0  21.5  54.0  25.6   -9.0   -9.0   -9.0   -9.0   -9.0   -9.0   -9.0 -9 -9 -                        1   1   12 Sc         0   0   5  3925  1.0  3.32 -9  57.3  30.3  29.2  27.0  27.0  -9 -9.0 -9  3  2
202408301400 108  25  2.4  -9 -9.0   -9  994.2 1003.6 -9  -9.0  32.7  21.5  52.0  25.6   -9.0   -9.0   -9.0   -9.0   -9.0   -9.0   -9.0 -9 -9 -                        1   1   15 Sc         0   0   5  3489  1.0  3.18 -9  57.0  31.1  30.0  27.3  27.1  -9 -9.0 -9  3  2
202408301500 108  27  2.8  -9 -9.0   -9  993.9 1003.3  7  -1.5  32.4  20.9  51.0  24.7   -9.0   -9.0   -9.0   -9.0   -9.0   -9.0   -9.0 -9 -9 -                        2   2   12 Sc         0   0   5  3916  0.7  2.27 -9  47.1  31.5  30.6  27.6  27.2  -9 -9.0 -9  3  2
202408301600 108  29  3.6  -9 -9.0   -9  993.8 1003.2 -9  -9.0  32.3  20.2  49.0  23.7   -9.0   -9.0   -9.0   -9.0   -9.0   -9.0   -9.0 -9 -9 -                        1   1   15 Sc         0   0   5  3202  0.9  2.26 -9  44.1  31.3  30.6  28.0  27.4  -9 -9.0 -9  3  2
202408301700 108  27  3.5  -9 -9.0   -9  993.6 1003.0 -9  -9.0  32.3  19.5  47.0  22.7   -9.0   -9.0   -9.0   -9.0   -9.0   -9.0   -9.0 -9 -9 -                        0   0   -9 -         -9  -9  -9  3851  1.0  1.74 -9  34.9  31.2  30.5  28.2  27.5  -9 -9.0 -9  3  2
202408301800 108  25  3.2  -9 -9.0   -9  993.6 1003.1  5  -0.2  31.4  19.7  50.0  22.9   -9.0   -9.0   -9.0   -9.0   -9.0   -9.0   -9.0 -9 -9 -                        0   0   -9 -         -9  -9  -9  3165  1.0  0.96 -9  30.4  30.6  30.3  28.4  27.7  -9 -9.0 -9  3  2
202408301900 108  25  3.1  -9 -9.0   -9  994.1 1003.6 -9  -9.0  29.6  22.3  65.0  26.9   -9.0   -9.0   -9.0   -9.0   -9.0   -9.0   -9.0 -9 -9 -                        0   0   -9 -         -9  -9  -9  2928  0.7  0.26 -9  27.6  29.9  29.8  28.5  27.8  -9 -9.0 -9  3 -9
202408302000 108  27  3.1  -9 -9.0   -9  994.5 1004.1 -9  -9.0  28.1  22.1  70.0  26.6   -9.0   -9.0   -9.0   -9.0   -9.0   -9.0   -9.0 -9 -9 -                        0   0   -9 -         -9  -9  -9  2619  0.0  0.01 -9  26.0  29.3  29.2  28.1  27.4  -9 -9.0 -9  3 -9
202408302100 108  27  3.0  -9 -9.0   -9  994.8 1004.4  2   1.3  27.2  21.4  71.0  25.5   -9.0   -9.0   -9.0   -9.0   -9.0   -9.0   -9.0 -9 -9 -                        0   0   -9 -         -9  -9  -9  2654 -9.0 -9.00 -9  24.9  28.7  28.7  27.6  27.1  -9 -9.0 -9  3  2
202408302200 108  27  2.0  -9 -9.0   -9  995.1 1004.7 -9  -9.0  26.8  21.5  73.0  25.6   -9.0   -9.0   -9.0   -9.0   -9.0   -9.0   -9.0 -9 -9 -                        0   0   -9 -         -9  -9  -9  2548 -9.0 -9.00 -9  24.2  28.2  28.3  27.7  27.2  -9 -9.0 -9  3 -9
202408302300 108  29  2.1  -9 -9.0   -9  995.4 1005.0 -9  -9.0  26.5  21.2  73.0  25.2   -9.0   -9.0   -9.0   -9.0   -9.0   -9.0   -9.0 -9 -9 -                        0   0   -9 -         -9  -9  -9  2480 -9.0 -9.00 -9  23.8  27.7  28.0  27.7  27.4  -9 -9.0 -9  3 -9
202408310000 108  34  3.1  -9 -9.0   -9  995.3 1005.0  1   0.6  26.0  21.2  75.0  25.2   -9.0   -9.0   -9.0   -9.0   -9.0   -9.0   -9.0 -9 -9 -                        0   0   -9 -         -9  -9  -9  2413 -9.0 -9.00 -9  23.4  27.3  27.6  27.4  27.3  -9 -9.0 -9  3  2
202408310100 108  32  2.9  -9 -9.0   -9  995.3 1005.0 -9  -9.0  25.2  20.6  76.0  24.3   -9.0   -9.0   -9.0   -9.0   -9.0   -9.0   -9.0 -9 -9 -                        0   0   -9 -         -9  -9  -9  2077 -9.0 -9.00 -9  23.0  27.0  27.3  27.4  27.3  -9 -9.0 -9  3 -9
202408310200 108  29  2.3  -9 -9.0   -9  995.3 1004.9 -9  -9.0  24.7  20.3  77.0  23.8   -9.0   -9.0   -9.0   -9.0   -9.0   -9.0   -9.0 -9 -9 -                        0   0   -9 -         -9  -9  -9  2126 -9.0 -9.00 -9  22.3  26.7  27.0  27.1  27.1  -9 -9.0 -9  3 -9
202408310300 108  27  1.9  -9 -9.0   -9  995.5 1005.2  3   0.2  24.0  20.1  79.0  23.5   -9.0   -9.0   -9.0   -9.0   -9.0   -9.0   -9.0 -9 -9 -                        0   0   -9 -         -9  -9  -9  2135 -9.0 -9.00 -9  21.6  26.3  26.7  27.1  27.2  -9 -9.0 -9  3  2
202408310400 108  27  2.4  -9 -9.0   -9  995.6 1005.3 -9  -9.0  23.5  20.0  81.0  23.4   -9.0   -9.0   -9.0   -9.0   -9.0   -9.0   -9.0 -9 -9 -                        0   0   -9 -         -9  -9  -9  1973 -9.0 -9.00 -9  21.3  26.0  26.4  27.1  27.4  -9 -9.0 -9  3  2
202408310500 108  25  1.8  -9 -9.0   -9  995.9 1005.6 -9  -9.0  23.2  19.7  81.0  22.9   -9.0   -9.0   -9.0   -9.0   -9.0   -9.0   -9.0 -9 -9 -                        0   0   -9 -         -9  -9  -9  1893 -9.0 -9.00 -9  21.1  25.7  26.2  27.1  27.5  -9 -9.0 -9  3  2
202408310600 108   7  0.6  -9 -9.0   -9  996.4 1006.1  2   0.9  22.8  19.3  81.0  22.4   -9.0   -9.0   -9.0   -9.0   -9.0   -9.0   -9.0 -9 -9 -                        0   0   -9 -         -9  -9  -9  1964 -9.0 -9.00 -9  20.9  25.4  25.9  27.0  27.4  -9 -9.0 -9  3  2
202408310700 108  32  2.2  -9 -9.0   -9  997.0 1006.8 -9  -9.0  22.8  19.3  81.0  22.4   -9.0   -9.0   -9.0   -9.0   -9.0   -9.0   -9.0 -9 -9 -                        0   0   -9 -         -9  -9  -9  2014  0.6  0.16 -9  21.9  25.2  25.7  26.8  27.3  -9 -9.0 -9  3  2
202408310800 108  34  1.4  -9 -9.0   -9  997.4 1007.1 -9  -9.0  23.9  19.6  77.0  22.8   -9.0   -9.0   -9.0   -9.0   -9.0   -9.0   -9.0 -9 -9 -                        1   0   -9 Ci         1   0   0  2134  1.0  0.74 -9  26.3  25.5  25.7  26.6  27.1  -9 -9.0 -9  3  2
202408310900 108  20  1.3  -9 -9.0   -9  997.2 1006.9  0   0.8  25.8  20.8  74.0  24.6   -9.0   -9.0   -9.0   -9.0   -9.0   -9.0   -9.0 -9 -9 -                        3   0   -9 Ci         1   0   0  2246  1.0  1.52 -9  34.8  26.3  26.0  26.4  27.0  -9 -9.0 -9  3  2
202408311000 108  27  1.8  -9 -9.0   -9  997.4 1007.0 -9  -9.0  27.3  20.1  65.0  23.5   -9.0   -9.0   -9.0   -9.0   -9.0   -9.0   -9.0 -9 -9 -                        1   0   -9 Ci         1   0   0  2064  1.0  2.19 -9  42.6  27.3  26.5  26.4  26.9  -9 -9.0 -9  3  2
202408311100 108  27  1.2  -9 -9.0   -9  997.4 1007.0 -9  -9.0  28.8  20.5  61.0  24.1   -9.0   -9.0   -9.0   -9.0   -9.0   -9.0   -9.0 -9 -9 -                        4   0   -9 Ci         1   0   0  2227  1.0  2.78 -9  50.1  28.4  27.3  26.4  26.8  -9 -9.0 -9  3  2
202408311200 108  18  1.5  -9 -9.0   -9  996.7 1006.2  8  -0.7  30.4  21.4  59.0  25.5   -9.0   -9.0   -9.0   -9.0   -9.0   -9.0   -9.0 -9 -9 -                        5   0   -9 Ci         1   0   0  2093  1.0  2.80 -9  51.3  29.4  28.2  26.6  26.8  -9 -9.0 -9  3  2
202408311300 108  23  2.4  -9 -9.0   -9  996.2 1005.7 -9  -9.0  31.5  21.9  57.0  26.3   -9.0   -9.0   -9.0   -9.0   -9.0   -9.0   -9.0 -9 -9 -                        5   2   10 ScCi       1   0   5  2091  0.9  3.00 -9  56.9  30.4  29.2  26.8  26.8  -9 -9.0 -9  3  2
202408311400 108  25  2.6  -9 -9.0   -9  995.7 1005.2 -9  -9.0  32.2  20.1  49.0  23.5   -9.0   -9.0   -9.0   -9.0   -9.0   -9.0   -9.0 -9 -9 -                        3   3   10 Sc         0   0   5  2130  1.0  3.20 -9  56.3  31.1  30.1  27.1  26.9  -9 -9.0 -9  3  2
202408311500 108  29  2.8  -9 -9.0   -9  995.2 1004.7  7  -1.5  32.5  19.0  45.0  22.0   -9.0   -9.0   -9.0   -9.0   -9.0   -9.0   -9.0 -9 -9 -                        4   4   10 Sc         0   0   5  2089  0.9  2.72 -9  51.9  31.4  30.5  27.4  27.0  -9 -9.0 -9  3  2
202408311600 108  27  2.5  -9 -9.0   -9  995.2 1004.6 -9  -9.0  32.9  17.8  41.0  20.4   -9.0   -9.0   -9.0   -9.0   -9.0   -9.0   -9.0 -9 -9 -                        2   2   10 Sc         0   0   5  2857  1.0  2.34 -9  44.7  31.5  30.7  27.7  27.1  -9 -9.0 -9  3  2
202408311700 108  25  2.4  -9 -9.0   -9  995.1 1004.5 -9  -9.0  32.7  18.4  43.0  21.2   -9.0   -9.0   -9.0   -9.0   -9.0   -9.0   -9.0 -9 -9 -                        3   3   10 Sc         0   0   5  2487  1.0  1.61 -9  36.2  31.2  30.6  27.9  27.3  -9 -9.0 -9  3  2
202408311800 108  27  3.4  -9 -9.0   -9  995.5 1005.0  3   0.3  31.3  19.6  50.0  22.8   -9.0   -9.0   -9.0   -9.0   -9.0   -9.0   -9.0 -9 -9 -                        2   2   10 Sc         0   0   5  2536  1.0  0.87 -9  31.3  30.8  30.3  28.1  27.4  -9 -9.0 -9  3  2
202408311900 108  27  2.5  -9 -9.0   -9  995.7 1005.2 -9  -9.0  29.7  19.0  53.0  22.0   -9.0   -9.0   -9.0   -9.0   -9.0   -9.0   -9.0 -9 -9 -                        2   1   -9 -         -9  -9  -9  2552  0.6  0.22 -9  27.6  30.0  29.9  28.3  27.6  -9 -9.0 -9  3 -9
202408312000 108  29  2.2  -9 -9.0   -9  996.3 1005.8 -9  -9.0  28.8  19.1  56.0  22.1   -9.0   -9.0   -9.0   -9.0   -9.0   -9.0   -9.0 -9 -9 -                        0   0   -9 -         -9  -9  -9  2582  0.0  0.00 -9  25.8  29.2  29.3  28.3  27.6  -9 -9.0 -9  3 -9
202408312100 108  25  1.4  -9 -9.0   -9  996.8 1006.4  2   1.4  27.9  20.9  66.0  24.7   -9.0   -9.0   -9.0   -9.0   -9.0   -9.0   -9.0 -9 -9 -                        0   0   -9 -         -9  -9  -9  2028 -9.0 -9.00 -9  25.0  28.6  28.8  28.2  27.7  -9 -9.0 -9  3  2
202408312200 108   0  0.3  -9 -9.0   -9  996.8 1006.4 -9  -9.0  27.4  21.8  72.0  26.1   -9.0   -9.0   -9.0   -9.0   -9.0   -9.0   -9.0 -9 -9 -                        0   0   -9 -         -9  -9  -9  1636 -9.0 -9.00 -9  24.1  28.1  28.3  28.0  27.6  -9 -9.0 -9  3 -9
202408312300 108  25  1.6  -9 -9.0   -9  997.2 1006.9 -9  -9.0  26.7  20.7  70.0  24.4   -9.0   -9.0   -9.0   -9.0   -9.0   -9.0   -9.0 -9 -9 -                        0   0   -9 -         -9  -9  -9  1999 -9.0 -9.00 -9  23.6  27.7  27.9  27.8  27.6  -9 -9.0 -9  3 -9
#7777END
