#START7777
#2345678901234567890123456789012345678901234567890123456789012345678901234567890123456789012345678901234567890123456789012345678901234567890123456789012345678901234567890123456789012345678901234567890123456789012345678901234567890123456789012345678901234
# YYMMDDHHMI STN  WD   WS GST  GST  GST     PA     PS PT    PR    TA    TD    HM    PV     RN     RN     RN     RN     SD     SD     SD WC WP WW                      CA  CA   CH CT        CT  CT  CT    VS   SS    SI ST    TS    TE    TE    TE    TE  ST   WH BF IR IX
#        KST  ID  16  m/s  WD   WS   TM    hPa    hPa  -   hPa     C     C     %   hPa     mm    DAY    JUN    INT    HR3    DAY    TOT -- -- ---------------------- TOT MID  MIN -------- TOP MID LOW                  GD     C     5    10    20    30 SEA    m --  -  -
202406010000 108  20  2.6  -9 -9.0   -9  999.8 1009.7  8  -0.3  18.3  15.1  82.0  17.2    0.0    1.0    1.0   -9.0   -9.0   -9.0   -9.0 20 52 02                      10  10    4 St        -9  -9   6  1404 -9.0 -9.00 -9  18.8  22.2  22.6  22.2  21.8  -9 -9.0 -9  4  1
202406010100 108  20  2.7  -9 -9.0   -9  999.6 1009.5 -9  -9.0  18.3  15.1  82.0  17.2    0.0    0.0    0.0   -9.0   -9.0   -9.0   -9.0 20 52 02                      10  10    4 St        -9  -9   6  1004 -9.0 -9.00 -9  18.6  21.9  22.4  22.0  21.8  -9 -9.0 -9  4  1
202406010200 108  27  2.6  -9 -9.0   -9  999.4 1009.4 -9  -9.0  18.1  14.5  80.0  16.5   -9.0    0.0    0.0   -9.0   -9.0   -9.0   -9.0 -9 -9 -                        8   8    3 -         -9  -9  -9  1000 -9.0 -9.00 -9  18.2  21.7  22.1  21.8  21.7  -9 -9.0 -9  3 -9
202406010300 108  29  2.6  -9 -9.0   -9  999.6 1009.6  5  -0.1  18.0  14.6  81.0  16.6   -9.0    0.0    0.0   -9.0   -9.0   -9.0   -9.0 10 52 19                       9   9    8 Sc         0   0   5   992 -9.0 -9.00 -9  18.1  21.5  21.9  21.6  21.6  -9 -9.0 -9  3  1
202406010400 108  27  1.3  -9 -9.0   -9  999.8 1009.8 -9  -9.0  17.8  14.4  81.0  16.4   -9.0    0.0    0.0   -9.0   -9.0   -9.0   -9.0 -9 -9 19                       8   8    8 Sc         0   0   5  1154 -9.0 -9.00 -9  18.0  21.3  21.7  21.5  21.5  -9 -9.0 -9  3  2
202406010500 108  27  2.2  -9 -9.0   -9 1000.0 1010.0 -9  -9.0  17.7  14.7  83.0  16.7    0.0    0.0    0.0   -9.0   -9.0   -9.0   -9.0 60 62 01                       9   9    8 Sc         0   0   5  1208 -9.0 -9.00 -9  17.7  21.1  21.5  21.3  21.4  -9 -9.0 -9  4  1
202406010600 108  25  1.7  -9 -9.0   -9 1000.6 1010.6  2   1.0  17.6  15.0  85.0  17.0    0.0    0.0    0.0   -9.0   -9.0   -9.0   -9.0 21 62 01                       9   9    8 Sc         0   0   5  1077  0.0  0.02 -9  17.7  20.9  21.3  21.2  21.3  -9 -9.0 -9  4  1
202406010700 108  32  1.2  -9 -9.0   -9 1000.8 1010.8 -9  -9.0  17.7  14.3  81.0  16.3   -9.0    0.0    0.0   -9.0   -9.0   -9.0   -9.0 -9 -9 -                        7   7    9 Sc         0   0   5  1346  0.0  0.22 -9  18.2  20.7  21.1  21.0  21.2  -9 -9.0 -9  3  2
202406010800 108  29  1.8  -9 -9.0   -9 1000.9 1010.9 -9  -9.0  18.2  14.2  78.0  16.2   -9.0    0.0    0.0   -9.0   -9.0   -9.0   -9.0 -9 -9 -                        7   7    8 Sc         0   0   5  1593  0.0  0.56 -9  21.1  20.6  21.0  20.8  21.1  -9 -9.0 -9  3  2
202406010900 108  27  2.4  -9 -9.0   -9 1001.0 1010.9  1   0.3  19.4  13.7  70.0  15.7   -9.0    0.0    0.0   -9.0   -9.0   -9.0   -9.0 -9 62 -                        5   5    8 Sc         0   0   5  1699  0.4  1.27 -9  25.5  20.7  21.0  20.7  21.0  -9 -9.0 -9  3  1
202406011000 108  27  2.7  -9 -9.0   -9 1001.1 1011.0 -9  -9.0  20.5  13.6  65.0  15.6   -9.0    0.0    0.0   -9.0   -9.0   -9.0   -9.0 -9 -9 -                        5   5    8 Sc         0   0   5  1777  0.7  2.36 -9  31.4  21.3  21.2  20.7  20.9  -9 -9.0 -9  3  2
202406011100 108  27  3.4  -9 -9.0   -9 1001.1 1011.0 -9  -9.0  21.7  13.5  60.0  15.5   -9.0    0.0    0.0   -9.0   -9.0   -9.0   -9.0 -9 -9 -                        4   4   10 Sc         0   0   5  2002  0.8  3.02 -9  39.1  22.2  21.7  20.8  20.9  -9 -9.0 -9  3  2
202406011200 108  29  3.1  -9 -9.0   -9 1000.7 1010.5  8  -0.4  22.7  12.6  53.0  14.6   -9.0    0.0    0.0   -9.0   -9.0   -9.0   -9.0 -9 -9 -                        4   4    6 CuSc       0   0   8  2526  0.9  3.40 -9  42.2  23.2  22.4  20.9  20.8  -9 -9.0 -9  3  2
202406011300 108  29  3.5  -9 -9.0   -9 1000.5 1010.3 -9  -9.0  23.1  11.4  48.0  13.5   -9.0    0.0    0.0   -9.0   -9.0   -9.0   -9.0 -9 -9 -                        2   2    8 Sc         0   0   5  2796  0.8  3.29 -9  43.5  24.1  23.1  21.2  20.9  -9 -9.0 -9  3  2
202406011400 108  29  3.5  -9 -9.0   -9  999.8 1009.5 -9  -9.0  24.2   9.7  40.0  12.0   -9.0    0.0    0.0   -9.0   -9.0   -9.0   -9.0 -9 -9 -                        2   2   10 Sc         0   0   5  3690  0.9  3.37 -9  48.7  24.8  23.9  21.6  21.0  -9 -9.0 -9  3  2
202406011500 108  27  3.9  -9 -9.0   -9  999.3 1009.1  7  -1.4  24.8   8.7  36.0  11.2   -9.0    0.0    0.0   -9.0   -9.0   -9.0   -9.0 -9 -9 -                        4   4    8 Sc         0   0   5  3591  0.9  3.01 -9  45.3  25.4  24.5  22.0  21.1  -9 -9.0 -9  3  2
202406011600 108  27  3.9  -9 -9.0   -9  998.7 1008.5 -9  -9.0  24.8  11.0  42.0  13.1   -9.0    0.0    0.0   -9.0   -9.0   -9.0   -9.0 -9 -9 -                        3   3   10 Sc         0   0   5  3511  0.7  2.18 -9  43.1  25.6  24.9  22.3  21.1  -9 -9.0 -9  3  2
202406011700 108  23  3.9  -9 -9.0   -9  998.7 1008.4 -9  -9.0  24.5  11.7  45.0  13.7   -9.0    0.0    0.0   -9.0   -9.0   -9.0   -9.0 -9 -9 -                        1   1    8 Sc         0   0   5  3308  1.0  2.16 -9  38.5  25.7  25.2  22.6  21.3  -9 -9.0 -9  3  2
202406011800 108  25  2.6  -9 -9.0   -9  998.5 1008.2  7  -0.9  23.8  11.1  45.0  13.2   -9.0    0.0    0.0   -9.0   -9.0   -9.0   -9.0 -9 -9 -                        0   0   -9 -         -9  -9  -9  2933  1.0  1.44 -9  29.6  25.6  25.2  22.9  21.6  -9 -9.0 -9  3  2
202406011900 108  27  3.1  -9 -9.0   -9  998.6 1008.4 -9  -9.0  22.3  12.2  53.0  14.2   -9.0    0.0    0.0   -9.0   -9.0   -9.0   -9.0 -9 -9 -                        0   0   -9 -         -9  -9  -9  2737  1.0  0.64 -9  24.3  25.3  25.1  23.2  21.9  -9 -9.0 -9  3 -9
202406012000 108  25  2.3  -9 -9.0   -9  998.8 1008.7 -9  -9.0  20.8  12.4  59.0  14.4   -9.0    0.0    0.0   -9.0   -9.0   -9.0   -9.0 -9 -9 -                        1   1   -9 -         -9  -9  -9  2690  0.3  0.08 -9  21.9  24.6  24.8  23.3  22.1  -9 -9.0 -9  3  2
202406012100 108  20  3.0  -9 -9.0   -9  999.7 1009.6  2   1.4  20.3  12.7  62.0  14.7   -9.0    0.0    0.0   -9.0   -9.0   -9.0   -9.0 -9 -9 -                        2   2   10 Sc         0   0   5  2397 -9.0 -9.00 -9  20.5  24.0  24.4  23.3  22.2  -9 -9.0 -9  3  2
202406012200 108  27  3.5  -9 -9.0   -9 1000.0 1010.0 -9  -9.0  19.8  10.4  55.0  12.6   -9.0    0.0    0.0   -9.0   -9.0   -9.0   -9.0 -9 -9 -                        1   1   28 -         -9  -9  -9  3037 -9.0 -9.00 -9  18.9  23.4  23.9  23.1  22.3  -9 -9.0 -9  3 -9
202406012300 108  29  2.5  -9 -9.0   -9 1000.8 1010.7 -9  -9.0  19.3  10.0  55.0  12.3   -9.0    0.0    0.0   -9.0   -9.0   -9.0   -9.0 -9 -9 -                        1   1   28 -         -9  -9  -9  3312 -9.0 -9.00 -9  17.8  22.9  23.5  23.0  22.3  -9 -9.0 -9  3 -9
202406020000 108  29  2.9  -9 -9.0   -9 1000.6 1010.5  0   0.9  18.7  10.2  58.0  12.4   -9.0    0.0    0.0   -9.0   -9.0   -9.0   -9.0 -9 -9 -                        1   1   10 Sc         0   0   5  3261 -9.0 -9.00 -9  17.0  22.4  23.1  22.7  22.3  -9 -9.0 -9  3  2
202406020100 108  32  3.5  -9 -9.0   -9 1000.8 1010.8 -9  -9.0  18.2  10.2  60.0  12.4   -9.0   -9.0   -9.0   -9.0   -9.0   -9.0   -9.0 -9 -9 -                        0   0   -9 -         -9  -9  -9  3285 -9.0 -9.00 -9  16.4  22.0  22.7  22.5  22.2  -9 -9.0 -9  3 -9
202406020200 108  29  2.5  -9 -9.0   -9 1000.7 1010.7 -9  -9.0  17.6   9.9  61.0  12.2   -9.0   -9.0   -9.0   -9.0   -9.0   -9.0   -9.0 -9 -9 -                        0   0   -9 -         -9  -9  -9  3211 -9.0 -9.00 -9  15.7  21.6  22.3  22.2  22.1  -9 -9.0 -9  3 -9
202406020300 108  29  2.5  -9 -9.0   -9 1000.4 1010.4  8  -0.1  16.9  10.0  64.0  12.3   -9.0   -9.0   -9.0   -9.0   -9.0   -9.0   -9.0 -9 -9 -                        0   0   -9 -         -9  -9  -9  3120 -9.0 -9.00 -9  15.0  21.2  21.9  22.0  22.0  -9 -9.0 -9  3  2
202406020400 108  27  1.6  -9 -9.0   -9 1000.7 1010.8 -9  -9.0  16.1   9.7  66.0  12.0   -9.0   -9.0   -9.0   -9.0   -9.0   -9.0   -9.0 -9 -9 -                        0   0   -9 -         -9  -9  -9  3040 -9.0 -9.00 -9  14.3  20.8  21.6  21.7  21.9  -9 -9.0 -9  3  2
202406020500 108  29  1.9  -9 -9.0   -9 1000.9 1011.0 -9  -9.0  15.8  10.1  69.0  12.4   -9.0   -9.0   -9.0   -9.0   -9.0   -9.0   -9.0 -9 -9 -                        0   0   -9 -         -9  -9  -9  3092 -9.0 -9.00 -9  14.0  20.5  21.2  21.5  21.7  -9 -9.0 -9  3  2
202406020600 108  29  1.7  -9 -9.0   -9 1000.6 1010.7  0   0.3  15.7  10.2  70.0  12.4   -9.0   -9.0   -9.0   -9.0   -9.0   -9.0   -9.0 -9 -9 -                        0   0   -9 -         -9  -9  -9  2925  0.1  0.05 -9  14.3  20.1  20.9  21.2  21.6  -9 -9.0 -9  3  2
202406020700 108  29  1.8  -9 -9.0   -9 1000.8 1010.8 -9  -9.0  16.7  10.7  68.0  12.9   -9.0   -9.0   -9.0   -9.0   -9.0   -9.0   -9.0 -9 -9 -                        0   0   -9 -         -9  -9  -9  2768  1.0  0.60 -9  18.2  19.9  20.7  21.0  21.4  -9 -9.0 -9  3  2
202406020800 108  29  1.9  -9 -9.0   -9 1000.6 1010.6 -9  -9.0  18.3  10.6  61.0  12.8   -9.0   -9.0   -9.0   -9.0   -9.0   -9.0   -9.0 -9 -9 -                        0   0   -9 -         -9  -9  -9  3012  1.0  1.33 -9  25.6  20.0  20.6  20.7  21.3  -9 -9.0 -9  3  2
202406020900 108  25  1.8  -9 -9.0   -9 1000.3 1010.2  8  -0.5  20.3  10.1  52.0  12.4   -9.0   -9.0   -9.0   -9.0   -9.0   -9.0   -9.0 -9 -9 -                        0   0   -9 -         -9  -9  -9  3297  1.0  2.05 -9  33.1  20.6  20.7  20.6  21.1  -9 -9.0 -9  3  2
202406021000 108  29  4.3  -9 -9.0   -9 1000.1 1010.0 -9  -9.0  21.6   8.4  43.0  11.0   -9.0   -9.0   -9.0   -9.0   -9.0   -9.0   -9.0 -9 -9 -                        0   0   -9 -         -9  -9  -9  3808  1.0  2.68 -9  39.2  21.4  21.1  20.2  20.7  -9 -9.0 -9  3  2
202406021100 108  27  2.3  -9 -9.0   -9  999.8 1009.6 -9  -9.0  23.1   9.4  42.0  11.8   -9.0   -9.0   -9.0   -9.0   -9.0   -9.0   -9.0 -9 -9 -                        0   0   -9 -         -9  -9  -9  4116  1.0  3.25 -9  45.1  22.4  21.6  20.4  20.6  -9 -9.0 -9  3  2
202406021200 108  29  3.4  -9 -9.0   -9  999.5 1009.2  7  -1.0  23.8   9.3  40.0  11.7   -9.0   -9.0   -9.0   -9.0   -9.0   -9.0   -9.0 -9 -9 -                        1   1   14 Sc         0   0   5  3877  1.0  3.61 -9  48.5  23.4  22.4  20.8  20.8  -9 -9.0 -9  3  2
202406021300 108  25  4.4  -9 -9.0   -9  998.9 1008.6 -9  -9.0  25.0   9.6  38.0  11.9   -9.0   -9.0   -9.0   -9.0   -9.0   -9.0   -9.0 -9 -9 -                        2   2   14 Sc         0   0   5  3563  1.0  3.72 -9  48.1  24.4  23.3  21.1  20.8  -9 -9.0 -9  3  2
202406021400 108  32  3.8  -9 -9.0   -9  998.5 1008.2 -9  -9.0  25.1   9.7  38.0  12.0   -9.0   -9.0   -9.0   -9.0   -9.0   -9.0   -9.0 -9 -9 -                        3   3   13 Sc         0   0   5  3818  0.8  3.16 -9  48.3  25.2  24.1  21.5  20.9  -9 -9.0 -9  3  2
202406021500 108  32  3.8  -9 -9.0   -9  998.1 1007.8  7  -1.4  24.5  10.0  40.0  12.3   -9.0   -9.0   -9.0   -9.0   -9.0   -9.0   -9.0 -9 -9 -                        7   7   13 Sc         0   0   5  4102  0.4  1.84 -9  35.1  25.7  24.7  21.8  20.9  -9 -9.0 -9  3  2
202406021600 108  29  4.4  -9 -9.0   -9  998.1 1007.8 -9  -9.0  25.4  11.1  41.0  13.2   -9.0   -9.0   -9.0   -9.0   -9.0   -9.0   -9.0 -9 -9 -                        4   4   12 Sc         0   0   5  3379  0.6  2.09 -9  45.5  25.5  24.9  22.0  20.9  -9 -9.0 -9  3  2
202406021700 108  25  4.1  -9 -9.0   -9  998.1 1007.8 -9  -9.0  25.2  10.2  39.0  12.4   -9.0   -9.0   -9.0   -9.0   -9.0   -9.0   -9.0 -9 -9 -                        6   2   12 ScCi       1   0   5  3600  1.0  2.25 -9  39.2  25.8  25.1  22.7  21.5  -9 -9.0 -9  3  2
202406021800 108  27  4.5  -9 -9.0   -9  998.0 1007.7  7  -0.1  23.9  10.5  43.0  12.7   -9.0   -9.0   -9.0   -9.0   -9.0   -9.0   -9.0 -9 -9 -                        2   1   15 ScCi       1   0   5  4173  1.0  1.34 -9  29.4  25.7  25.3  22.9  21.7  -9 -9.0 -9  3  2
202406021900 108  27  3.0  -9 -9.0   -9  998.5 1008.3 -9  -9.0  22.8  10.8  47.0  12.9   -9.0   -9.0   -9.0   -9.0   -9.0   -9.0   -9.0 -9 -9 -                        3   1   -9 -         -9  -9  -9  3730  1.0  0.62 -9  24.2  25.2  25.1  23.2  22.0  -9 -9.0 -9  3 -9
202406022000 108  32  2.3  -9 -9.0   -9  999.1 1009.0 -9  -9.0  21.4   8.9  45.0  11.4   -9.0   -9.0   -9.0   -9.0   -9.0   -9.0   -9.0 -9 -9 -                        4   1   -9 -         -9  -9  -9  3620  0.5  0.11 -9  20.9  24.6  24.8  23.3  22.2  -9 -9.0 -9  3 -9
202406022100 108  27  1.4  -9 -9.0   -9  999.6 1009.5  2   1.8  20.2   8.5  47.0  11.1   -9.0   -9.0   -9.0   -9.0   -9.0   -9.0   -9.0 -9 -9 -                        0   0   -9 -         -9  -9  -9  3731 -9.0 -9.00 -9  19.1  23.9  24.4  23.3  22.3  -9 -9.0 -9  3  2
202406022200 108  29  1.1  -9 -9.0   -9  999.9 1009.8 -9  -9.0  19.7   8.3  48.0  10.9   -9.0   -9.0   -9.0   -9.0   -9.0   -9.0   -9.0 -9 -9 -                        0   0   -9 -         -9  -9  -9  3558 -9.0 -9.00 -9  17.9  23.3  23.9  23.1  22.3  -9 -9.0 -9  3 -9
202406022300 108  36  0.7  -9 -9.0   -9  999.9 1009.8 -9  -9.0  18.9   8.8  52.0  11.3   -9.0   -9.0   -9.0   -9.0   -9.0   -9.0   -9.0 -9 -9 -                        0   0   -9 -         -9  -9  -9  3603 -9.0 -9.00 -9  17.0  22.8  23.4  22.9  22.4  -9 -9.0 -9  3 -9
202406030000 108   2  1.0  -9 -9.0   -9 1000.2 1010.2  2   0.7  18.1   9.9  59.0  12.2   -9.0   -9.0   -9.0   -9.0   -9.0   -9.0   -9.0 -9 -9 -                        0   0   -9 -         -9  -9  -9  3227 -9.0 -9.00 -9  16.2  22.2  23.0  22.7  22.3  -9 -9.0 -9  3  2
202406030100 108   5  1.6  -9 -9.0   -9 1000.0 1010.0 -9  -9.0  17.6  11.1  66.0  13.2   -9.0   -9.0   -9.0   -9.0   -9.0   -9.0   -9.0 -9 -9 -                        0   0   -9 -         -9  -9  -9  3298 -9.0 -9.00 -9  15.7  21.8  22.5  22.4  22.2  -9 -9.0 -9  3 -9
202406030200 108   5  1.7  -9 -9.0   -9  999.9 1009.9 -9  -9.0  17.0  11.6  71.0  13.7   -9.0   -9.0   -9.0   -9.0   -9.0   -9.0   -9.0 -9 -9 -                        0   0   -9 -         -9  -9  -9  3159 -9.0 -9.00 -9  15.2  21.4  22.2  22.2  22.2  -9 -9.0 -9  3 -9
202406030300 108   5  1.3  -9 -9.0   -9 1000.0 1010.0  5  -0.2  16.7  12.0  74.0  14.0   -9.0   -9.0   -9.0   -9.0   -9.0   -9.0   -9.0 -9 -9 -                        0   0   -9 -         -9  -9  -9  2868 -9.0 -9.00 -9  14.8  21.0  21.8  21.9  22.0  -9 -9.0 -9  3  2
202406030400 108   5  2.4  -9 -9.0   -9  999.9 1010.0 -9  -9.0  16.1  12.0  77.0  14.0   -9.0   -9.0   -9.0   -9.0   -9.0   -9.0   -9.0 -9 -9 -                        0   0   -9 -         -9  -9  -9  2579 -9.0 -9.00 -9  14.5  20.7  21.5  21.7  21.9  -9 -9.0 -9  3  2
202406030500 108   5  2.0  -9 -9.0   -9 1000.1 1010.2 -9  -9.0  15.9  12.0  78.0  14.0   -9.0   -9.0   -9.0   -9.0   -9.0   -9.0   -9.0 -9 -9 -                        0   0   -9 -         -9  -9  -9  2957 -9.0 -9.00 -9  14.2  20.4  21.2  21.4  21.8  -9 -9.0 -9  3  2
202406030600 108   5  2.2  -9 -9.0   -9 1000.4 1010.5  2   0.5  16.0  12.3  79.0  14.3   -9.0   -9.0   -9.0   -9.0   -9.0   -9.0   -9.0 -9 -9 -                        0   0   -9 -         -9  -9  -9  3000  0.0  0.05 -9  14.8  20.1  20.9  21.2  21.6  -9 -9.0 -9  3  2
202406030700 108   5  2.4  -9 -9.0   -9 1001.0 1011.0 -9  -9.0  17.3  11.9  71.0  13.9   -9.0   -9.0   -9.0   -9.0   -9.0   -9.0   -9.0 -9 -9 -                        0   0   -9 -         -9  -9  -9  3105  1.0  0.59 -9  18.7  19.9  20.7  21.0  21.5  -9 -9.0 -9  3  2
202406030800 108   9  2.6  -9 -9.0   -9 1001.1 1011.0 -9  -9.0  19.6  11.3  59.0  13.4   -9.0   -9.0   -9.0   -9.0   -9.0   -9.0   -9.0 -9 -9 -                        0   0   -9 -         -9  -9  -9  3581  1.0  1.36 -9  26.9  20.1  20.6  20.8  21.3  -9 -9.0 -9  3  2
202406030900 108   5  2.6  -9 -9.0   -9 1001.1 1011.0  1   0.5  21.4  11.1  52.0  13.2   -9.0   -9.0   -9.0   -9.0   -9.0   -9.0   -9.0 -9 -9 -                        0   0   -9 -         -9  -9  -9  3701  1.0  2.10 -9  34.5  20.6  20.8  20.6  21.1  -9 -9.0 -9  3  2
202406031000 108   5  2.7  -9 -9.0   -9 1001.0 1010.8 -9  -9.0  23.0  10.0  44.0  12.3   -9.0   -9.0   -9.0   -9.0   -9.0   -9.0   -9.0 -9 -9 -                        0   0   -9 -         -9  -9  -9  4097  1.0  2.72 -9  41.4  21.5  21.2  20.6  21.0  -9 -9.0 -9  3  2
202406031100 108   7  2.3  -9 -9.0   -9 1001.0 1010.7 -9  -9.0  24.4   9.5  39.0  11.9   -9.0   -9.0   -9.0   -9.0   -9.0   -9.0   -9.0 -9 -9 -                        0   0   -9 -         -9  -9  -9  4427  1.0  3.32 -9  47.3  22.5  21.8  20.7  20.9  -9 -9.0 -9  3  2
202406031200 108   5  2.6  -9 -9.0   -9 1000.4 1010.1  7  -0.9  25.4   8.8  35.0  11.3   -9.0   -9.0   -9.0   -9.0   -9.0   -9.0   -9.0 -9 -9 -                        0   0   -9 -         -9  -9  -9  3950  1.0  3.63 -9  50.8  23.8  22.7  21.0  20.9  -9 -9.0 -9  3  2
202406031300 108  34  2.8  -9 -9.0   -9  999.9 1009.6 -9  -9.0  26.4   9.2  34.0  11.6   -9.0   -9.0   -9.0   -9.0   -9.0   -9.0   -9.0 -9 -9 -                        0   0   -9 -         -9  -9  -9  3708  1.0  3.76 -9  53.5  25.3  23.7  21.3  20.9  -9 -9.0 -9  3  2
202406031400 108   9  2.3  -9 -9.0   -9  999.5 1009.1 -9  -9.0  27.4   9.2  32.0  11.6   -9.0   -9.0   -9.0   -9.0   -9.0   -9.0   -9.0 -9 -9 -                        0   0   -9 -         -9  -9  -9  3084  1.0  3.65 -9  54.2  26.4  24.6  21.7  21.0  -9 -9.0 -9  3  2
202406031500 108   2  3.7  -9 -9.0   -9  999.2 1008.8  7  -1.3  28.2  10.3  33.0  12.5   -9.0   -9.0   -9.0   -9.0   -9.0   -9.0   -9.0 -9 -9 -                        5   5   11 Sc         0   0   5  3785  1.0  3.36 -9  53.8  27.2  25.5  22.2  21.0  -9 -9.0 -9  3  2
202406031600 108  27  1.2  -9 -9.0   -9  998.9 1008.5 -9  -9.0  28.5  10.1  32.0  12.4   -9.0   -9.0   -9.0   -9.0   -9.0   -9.0   -9.0 -9 -9 -                        6   6   12 Sc         0   0   5  3388  0.9  2.84 -9  52.1  27.6  26.1  22.9  21.0  -9 -9.0 -9  3  2
202406031700 108   5  2.6  -9 -9.0   -9  999.0 1008.6 -9  -9.0  27.2  10.8  36.0  12.9   -9.0   -9.0   -9.0   -9.0   -9.0   -9.0   -9.0 -9 -9 -                        7   7   12 Sc         0   0   5  4215  0.5  1.33 -9  34.3  27.6  26.5  23.3  21.7  -9 -9.0 -9  3  2
202406031800 108  36  1.9  -9 -9.0   -9  999.1 1008.8  4   0.0  26.6   9.8  35.0  12.1   -9.0   -9.0   -9.0   -9.0   -9.0   -9.0   -9.0 -9 -9 -                        3   3   10 Sc         0   0   5  3996  0.2  0.52 -9  30.1  27.0  26.4  23.7  22.1  -9 -9.0 -9  3  2
202406031900 108   5  3.0  -9 -9.0   -9  999.8 1009.5 -9  -9.0  26.1   9.4  35.0  11.8   -9.0   -9.0   -9.0   -9.0   -9.0   -9.0   -9.0 -9 -9 -                        6   1   -9 -         -9  -9  -9  4369  0.6  0.64 -9  27.4  26.5  26.1  23.9  22.3  -9 -9.0 -9  3 -9
202406032000 108   5  3.9  -9 -9.0   -9 1000.6 1010.3 -9  -9.0  24.4   7.5  34.0  10.4   -9.0   -9.0   -9.0   -9.0   -9.0   -9.0   -9.0 -9 -9 -                        4   1   -9 -         -9  -9  -9  4113  0.0  0.08 -9  23.0  25.9  25.8  24.0  22.6  -9 -9.0 -9  3 -9
202406032100 108   7  3.6  -9 -9.0   -9 1001.5 1011.3  2   2.5  23.2   6.4  34.0   9.6   -9.0   -9.0   -9.0   -9.0   -9.0   -9.0   -9.0 -9 -9 -                        0   0   -9 -         -9  -9  -9  4262 -9.0 -9.00 -9  20.8  25.1  25.4  24.0  22.7  -9 -9.0 -9  3  2
202406032200 108   7  3.4  -9 -9.0   -9 1002.3 1012.1 -9  -9.0  22.1   5.9  35.0   9.3   -9.0   -9.0   -9.0   -9.0   -9.0   -9.0   -9.0 -9 -9 -                        0   0   -9 -         -9  -9  -9  4324 -9.0 -9.00 -9  19.3  24.5  24.9  24.0  22.9  -9 -9.0 -9  3 -9
202406032300 108   5  3.2  -9 -9.0   -9 1002.9 1012.8 -9  -9.0  21.1   5.4  36.0   9.0   -9.0   -9.0   -9.0   -9.0   -9.0   -9.0   -9.0 -9 -9 -                        0   0   -9 -         -9  -9  -9  4351 -9.0 -9.00 -9  17.9  23.9  24.4  23.8  22.9  -9 -9.0 -9  3 -9
202406040000 108   5  3.9  -9 -9.0   -9 1003.3 1013.3  2   2.0  20.4   5.2  37.0   8.8   -9.0   -9.0   -9.0   -9.0   -9.0   -9.0   -9.0 -9 -9 -                        0   0   -9 -         -9  -9  -9  4229 -9.0 -9.00 -9  17.1  23.3  23.9  23.6  23.0  -9 -9.0 -9  3  2
202406040100 108   5  3.0  -9 -9.0   -9 1003.6 1013.5 -9  -9.0  19.7   5.7  40.0   9.2   -9.0   -9.0   -9.0   -9.0   -9.0   -9.0   -9.0 -9 -9 -                        0   0   -9 -         -9  -9  -9  4306 -9.0 -9.00 -9  16.4  22.9  23.5  23.3  22.9  -9 -9.0 -9  3 -9
202406040200 108   5  3.7  -9 -9.0   -9 1003.7 1013.6 -9  -9.0  19.2   5.6  41.0   9.1   -9.0   -9.0   -9.0   -9.0   -9.0   -9.0   -9.0 -9 -9 -                        0   0   -9 -         -9  -9  -9  4363 -9.0 -9.00 -9  16.0  22.4  23.1  23.0  22.8  -9 -9.0 -9  3 -9
202406040300 108   5  2.3  -9 -9.0   -9 1003.9 1013.9  2   0.6  18.4   6.2  45.0   9.5   -9.0   -9.0   -9.0   -9.0   -9.0   -9.0   -9.0 -9 -9 -                        0   0   -9 -         -9  -9  -9  4492 -9.0 -9.00 -9  15.2  21.9  22.7  22.8  22.7  -9 -9.0 -9  3  2
202406040400 108   5  2.6  -9 -9.0   -9 1004.2 1014.2 -9  -9.0  17.6   6.1  47.0   9.4   -9.0   -9.0   -9.0   -9.0   -9.0   -9.0   -9.0 -9 -9 -                        0   0   -9 -         -9  -9  -9  4000 -9.0 -9.00 -9  14.6  21.6  22.3  22.5  22.6  -9 -9.0 -9  3  2
202406040500 108   5  2.1  -9 -9.0   -9 1004.8 1014.9 -9  -9.0  16.7   6.2  50.0   9.5   -9.0   -9.0   -9.0   -9.0   -9.0   -9.0   -9.0 -9 -9 -                        0   0   -9 -         -9  -9  -9  4251 -9.0 -9.00 -9  13.8  21.2  22.0  22.0  22.2  -9 -9.0 -9  3  2
202406040600 108   5  1.4  -9 -9.0   -9 1005.2 1015.3  2   1.4  16.3   7.2  55.0  10.2   -9.0   -9.0   -9.0   -9.0   -9.0   -9.0   -9.0 -9 -9 -                        0   0   -9 -         -9  -9  -9  4098  0.0  0.04 -9  14.0  20.8  21.6  21.7  22.1  -9 -9.0 -9  3  2
202406040700 108   5  2.3  -9 -9.0   -9 1005.7 1015.7 -9  -9.0  17.9   8.1  53.0  10.8   -9.0   -9.0   -9.0   -9.0   -9.0   -9.0   -9.0 -9 -9 -                        0   0   -9 -         -9  -9  -9  4218  1.0  0.63 -9  18.8  20.3  21.3  21.7  22.1  -9 -9.0 -9  3  2
202406040800 108   7  2.9  -9 -9.0   -9 1006.0 1016.0 -9  -9.0  20.2   9.4  50.0  11.8   -9.0   -9.0   -9.0   -9.0   -9.0   -9.0   -9.0 -9 -9 -                        0   0   -9 -         -9  -9  -9  4264  1.0  1.37 -9  27.9  20.4  21.2  21.3  21.8  -9 -9.0 -9  3  2
202406040900 108   7  2.1  -9 -9.0   -9 1006.2 1016.1  2   0.8  22.3  10.1  46.0  12.4   -9.0   -9.0   -9.0   -9.0   -9.0   -9.0   -9.0 -9 -9 -                        0   0   -9 -         -9  -9  -9  4374  1.0  2.10 -9  36.0  21.0  21.3  21.1  21.6  -9 -9.0 -9  3  2
202406041000 108   9  1.5  -9 -9.0   -9 1006.1 1015.9 -9  -9.0  23.9   9.4  40.0  11.8   -9.0   -9.0   -9.0   -9.0   -9.0   -9.0   -9.0 -9 -9 -                        0   0   -9 -         -9  -9  -9  4281  1.0  2.69 -9  43.1  21.9  21.7  21.1  21.5  -9 -9.0 -9  3  2
202406041100 108   5  1.7  -9 -9.0   -9 1005.9 1015.7 -9  -9.0  25.6   8.1  33.0  10.8   -9.0   -9.0   -9.0   -9.0   -9.0   -9.0   -9.0 -9 -9 -                        0   0   -9 -         -9  -9  -9  4162  1.0  3.26 -9  49.1  23.5  22.4  21.2  21.4  -9 -9.0 -9  3  2
202406041200 108   5  2.2  -9 -9.0   -9 1005.3 1015.0  7  -1.1  26.3   8.7  33.0  11.2   -9.0   -9.0   -9.0   -9.0   -9.0   -9.0   -9.0 -9 -9 -                        0   0   -9 -         -9  -9  -9  3970  1.0  3.58 -9  52.9  24.8  23.2  21.4  21.3  -9 -9.0 -9  3  2
202406041300 108   9  1.7  -9 -9.0   -9 1004.7 1014.4 -9  -9.0  27.6   9.4  32.0  11.8   -9.0   -9.0   -9.0   -9.0   -9.0   -9.0   -9.0 -9 -9 -                        0   0   -9 -         -9  -9  -9  3730  1.0  3.67 -9  55.6  26.0  24.2  21.8  21.4  -9 -9.0 -9  3  2
202406041400 108  27  2.4  -9 -9.0   -9 1004.5 1014.2 -9  -9.0  28.3   9.0  30.0  11.5   -9.0   -9.0   -9.0   -9.0   -9.0   -9.0   -9.0 -9 -9 -                        0   0   -9 -         -9  -9  -9  3399  1.0  3.57 -9  55.5  27.2  25.3  22.3  21.5  -9 -9.0 -9  3  2
202406041500 108  25  3.3  -9 -9.0   -9 1004.2 1013.8  7  -1.2  28.5   9.2  30.0  11.6   -9.0   -9.0   -9.0   -9.0   -9.0   -9.0   -9.0 -9 -9 -                        1   1   10 Sc         0   0   5  3007  1.0  3.26 -9  53.0  28.0  26.1  22.5  21.3  -9 -9.0 -9  3  2
202406041600 108  25  2.7  -9 -9.0   -9 1004.0 1013.6 -9  -9.0  29.1  10.2  31.0  12.4   -9.0   -9.0   -9.0   -9.0   -9.0   -9.0   -9.0 -9 -9 -                        1   1   10 Sc         0   0   5  3629  1.0  2.76 -9  49.9  28.4  26.7  23.0  21.5  -9 -9.0 -9  3  2
202406041700 108  25  3.4  -9 -9.0   -9 1004.1 1013.7 -9  -9.0  28.6  11.6  35.0  13.7   -9.0   -9.0   -9.0   -9.0   -9.0   -9.0   -9.0 -9 -9 -                        1   1   10 Sc         0   0   5  3916  1.0  2.10 -9  43.7  28.4  27.0  23.5  21.8  -9 -9.0 -9  3  2
202406041800 108  27  3.5  -9 -9.0   -9 1004.3 1014.0  3   0.2  27.7  11.2  36.0  13.3   -9.0   -9.0   -9.0   -9.0   -9.0   -9.0   -9.0 -9 -9 -                        0   0   -9 -         -9  -9  -9  3398  1.0  1.38 -9  33.4  28.1  27.1  24.2  22.3  -9 -9.0 -9  3  2
202406041900 108  27  3.6  -9 -9.0   -9 1004.6 1014.4 -9  -9.0  25.8  10.3  38.0  12.5   -9.0   -9.0   -9.0   -9.0   -9.0   -9.0   -9.0 -9 -9 -                        0   0   -9 -         -9  -9  -9  3566  1.0  0.64 -9  26.8  27.4  27.0  24.5  22.7  -9 -9.0 -9  3 -9
202406042000 108  18  1.7  -9 -9.0   -9 1005.0 1014.8 -9  -9.0  23.7   9.2  40.0  11.6   -9.0   -9.0   -9.0   -9.0   -9.0   -9.0   -9.0 -9 -9 -                        0   0   -9 -         -9  -9  -9  3639  0.5  0.12 -9  22.8  26.4  26.5  24.7  23.0  -9 -9.0 -9  3 -9
202406042100 108  25  2.6  -9 -9.0   -9 1006.0 1015.9  2   1.9  22.6   9.0  42.0  11.5   -9.0   -9.0   -9.0   -9.0   -9.0   -9.0   -9.0 -9 -9 -                        0   0   -9 -         -9  -9  -9  3720 -9.0 -9.00 -9  20.9  25.7  26.0  24.7  23.3  -9 -9.0 -9  3  2
202406042200 108  25  1.4  -9 -9.0   -9 1006.9 1016.8 -9  -9.0  21.8   9.3  45.0  11.7   -9.0   -9.0   -9.0   -9.0   -9.0   -9.0   -9.0 -9 -9 -                        0   0   -9 -         -9  -9  -9  3657 -9.0 -9.00 -9  19.7  25.0  25.5  24.6  23.4  -9 -9.0 -9  3 -9
202406042300 108  23  1.3  -9 -9.0   -9 1007.2 1017.2 -9  -9.0  21.1   9.3  47.0  11.7   -9.0   -9.0   -9.0   -9.0   -9.0   -9.0   -9.0 -9 -9 -                        0   0   -9 -         -9  -9  -9  3514 -9.0 -9.00 -9  18.6  24.3  24.9  24.4  23.4  -9 -9.0 -9  3 -9
202406050000 108  23  1.8  -9 -9.0   -9 1007.1 1017.1  0   1.2  20.5   9.7  50.0  12.0   -9.0   -9.0   -9.0   -9.0   -9.0   -9.0   -9.0 -9 -9 -                        0   0   -9 -         -9  -9  -9  3482 -9.0 -9.00 -9  17.8  23.6  24.5  24.1  23.4  -9 -9.0 -9  3  2
202406050100 108  27  1.8  -9 -9.0   -9 1007.2 1017.2 -9  -9.0  20.1  10.4  54.0  12.6   -9.0   -9.0   -9.0   -9.0   -9.0   -9.0   -9.0 -9 -9 -                        0   0   -9 -         -9  -9  -9  3180 -9.0 -9.00 -9  17.4  23.1  24.0  23.8  23.4  -9 -9.0 -9  3 -9
202406050200 108  29  0.5  -9 -9.0   -9 1007.3 1017.2 -9  -9.0  19.6  10.3  55.0  12.5   -9.0   -9.0   -9.0   -9.0   -9.0   -9.0   -9.0 -9 -9 -                        0   0   -9 -         -9  -9  -9  3238 -9.0 -9.00 -9  16.6  22.7  23.6  23.6  23.3  -9 -9.0 -9  3 -9
202406050300 108  25  1.3  -9 -9.0   -9 1007.2 1017.2  1   0.1  19.0  10.7  59.0  12.9   -9.0   -9.0   -9.0   -9.0   -9.0   -9.0   -9.0 -9 -9 -                        0   0   -9 -         -9  -9  -9  3119 -9.0 -9.00 -9  16.2  22.3  23.2  23.3  23.2  -9 -9.0 -9  3  2
202406050400 108  29  0.9  -9 -9.0   -9 1007.4 1017.4 -9  -9.0  18.7  11.2  62.0  13.3   -9.0   -9.0   -9.0   -9.0   -9.0   -9.0   -9.0 -9 -9 -                        0   0   -9 -         -9  -9  -9  3031 -9.0 -9.00 -9  15.8  22.1  22.9  23.0  23.0  -9 -9.0 -9  3  2
202406050500 108   0  0.3  -9 -9.0   -9 1007.7 1017.7 -9  -9.0  18.3  11.3  64.0  13.4   -9.0   -9.0   -9.0   -9.0   -9.0   -9.0   -9.0 -9 -9 -                        0   0   -9 -         -9  -9  -9  2968 -9.0 -9.00 -9  15.4  21.8  22.5  22.8  22.9  -9 -9.0 -9  3  2
202406050600 108   2  0.9  -9 -9.0   -9 1008.1 1018.1  2   0.9  18.1  11.6  66.0  13.7   -9.0   -9.0   -9.0   -9.0   -9.0   -9.0   -9.0 -9 -9 -                        0   0   -9 -         -9  -9  -9  2839  0.0  0.05 -9  16.0  21.5  22.2  22.5  22.7  -9 -9.0 -9  3  2
202406050700 108   2  1.4  -9 -9.0   -9 1008.3 1018.3 -9  -9.0  19.0  11.7  63.0  13.7   -9.0   -9.0   -9.0   -9.0   -9.0   -9.0   -9.0 -9 -9 -                        0   0   -9 -         -9  -9  -9  2841  1.0  0.56 -9  20.6  21.3  22.0  22.2  22.5  -9 -9.0 -9  3  2
202406050800 108   2  1.4  -9 -9.0   -9 1008.6 1018.5 -9  -9.0  21.8  12.3  55.0  14.3   -9.0   -9.0   -9.0   -9.0   -9.0   -9.0   -9.0 -9 -9 -                        0   0   -9 -         -9  -9  -9  2934  1.0  1.27 -9  29.5  21.5  21.9  22.0  22.4  -9 -9.0 -9  3  2
202406050900 108   5  2.0  -9 -9.0   -9 1008.7 1018.5  1   0.4  24.1  13.6  52.0  15.6   -9.0   -9.0   -9.0   -9.0   -9.0   -9.0   -9.0 -9 -9 -                        1   0   -9 Ci         1   0   0  2150  1.0  1.98 -9  37.6  22.1  22.1  21.7  21.9  -9 -9.0 -9  3  2
202406051000 108  25  2.2  -9 -9.0   -9 1008.5 1018.3 -9  -9.0  25.2  13.4  48.0  15.4   -9.0   -9.0   -9.0   -9.0   -9.0   -9.0   -9.0 -9 -9 -                        5   0   -9 Ci         1   0   0  1690  1.0  2.53 -9  44.0  23.1  22.5  21.8  22.1  -9 -9.0 -9  3  2
202406051100 108  23  2.3  -9 -9.0   -9 1008.1 1017.8 -9  -9.0  26.9  14.6  47.0  16.6   -9.0   -9.0   -9.0   -9.0   -9.0   -9.0   -9.0 -9 -9 -                        7   0   -9 Ci         1   0   0  1174  1.0  2.97 -9  48.6  24.5  23.2  21.8  21.8  -9 -9.0 -9  3  2
202406051200 108  29  2.3  -9 -9.0   -9 1007.7 1017.4  7  -1.1  28.0  14.2  43.0  16.2   -9.0   -9.0   -9.0   -9.0   -9.0   -9.0   -9.0 -9 -9 -                        8   0   -9 Ci         1   0   0  1362  1.0  3.20 -9  51.9  25.8  24.1  22.1  21.9  -9 -9.0 -9  3  2
202406051300 108  34  1.8  -9 -9.0   -9 1007.0 1016.6 -9  -9.0  29.6  15.3  42.0  17.4   -9.0   -9.0   -9.0   -9.0   -9.0   -9.0   -9.0 -9 -9 -                        8   1   10 ScCi       1   0   5  1604  1.0  3.21 -9  52.5  26.8  25.0  22.5  21.9  -9 -9.0 -9  3  2
202406051400 108  20  2.4  -9 -9.0   -9 1006.5 1016.1 -9  -9.0  30.0  14.1  38.0  16.1   -9.0   -9.0   -9.0   -9.0   -9.0   -9.0   -9.0 -9 -9 -                        8   1   10 ScCi       1   0   5  1847  1.0  2.90 -9  49.6  27.8  25.8  22.9  22.0  -9 -9.0 -9  3  2
202406051500 108  29  2.6  -9 -9.0   -9 1006.2 1015.8  7  -1.6  29.5  13.6  38.0  15.6   -9.0   -9.0   -9.0   -9.0   -9.0   -9.0   -9.0 -9 -9 -                        9   2   10 ScCi       1   0   5  1947  0.7  2.00 -9  45.3  28.1  26.5  23.4  22.2  -9 -9.0 -9  3  2
202406051600 108  25  3.8  -9 -9.0   -9 1006.1 1015.7 -9  -9.0  28.7  15.9  46.0  18.1   -9.0   -9.0   -9.0   -9.0   -9.0   -9.0   -9.0 -9 -9 -                        9   1   10 ScCi       2   0   5  1676  0.8  1.97 -9  41.5  28.3  26.8  23.8  22.4  -9 -9.0 -9  3  2
202406051700 108  29  3.5  -9 -9.0   -9 1005.9 1015.6 -9  -9.0  27.7  16.0  49.0  18.2   -9.0   -9.0   -9.0   -9.0   -9.0   -9.0   -9.0 -9 -9 -                        9   0   -9 Ci         2   0   0  2209  0.9  1.47 -9  37.1  28.1  27.0  24.2  22.6  -9 -9.0 -9  3  2
202406051800 108  27  2.3  -9 -9.0   -9 1006.1 1015.9  3   0.1  26.2  16.1  54.0  18.3   -9.0   -9.0   -9.0   -9.0   -9.0   -9.0   -9.0 -9 -9 -                        9   0   -9 Ci         2   0   0  2368  0.0  0.65 -9  31.1  27.6  26.9  24.5  23.0  -9 -9.0 -9  3  2
202406051900 108  27  2.0  -9 -9.0   -9 1006.5 1016.3 -9  -9.0  25.0  14.7  53.0  16.7   -9.0   -9.0   -9.0   -9.0   -9.0   -9.0   -9.0 -9 -9 -                        8   1   -9 -         -9  -9  -9  2567  0.0  0.31 -9  27.0  27.0  26.6  24.7  23.2  -9 -9.0 -9  3 -9
202406052000 108  27  2.0  -9 -9.0   -9 1006.8 1016.6 -9  -9.0  23.5  13.0  52.0  15.0   -9.0   -9.0   -9.0   -9.0   -9.0   -9.0   -9.0 -9 -9 -                        7   1   -9 -         -9  -9  -9  2892  0.0  0.07 -9  23.1  26.4  26.3  24.7  23.4  -9 -9.0 -9  3 -9
202406052100 108  23  0.8  -9 -9.0   -9 1007.4 1017.3  2   1.4  22.6  12.8  54.0  14.8   -9.0   -9.0   -9.0   -9.0   -9.0   -9.0   -9.0 -9 -9 -                        8   0   -9 Ci         1   0   0  2995 -9.0 -9.00 -9  21.4  25.7  25.8  24.6  23.5  -9 -9.0 -9  3  2
202406052200 108  23  2.2  -9 -9.0   -9 1007.8 1017.7 -9  -9.0  21.8  13.6  60.0  15.6   -9.0   -9.0   -9.0   -9.0   -9.0   -9.0   -9.0 -9 -9 -                        6   1   -9 -         -9  -9  -9  2395 -9.0 -9.00 -9  20.2  25.0  25.4  24.5  23.5  -9 -9.0 -9  3 -9
202406052300 108  25  2.5  -9 -9.0   -9 1007.6 1017.5 -9  -9.0  21.4  14.3  64.0  16.3   -9.0   -9.0   -9.0   -9.0   -9.0   -9.0   -9.0 -9 -9 -                        5   1   -9 -         -9  -9  -9  2147 -9.0 -9.00 -9  19.4  24.5  24.9  24.3  23.5  -9 -9.0 -9  3 -9
202406060000 108  23  1.7  -9 -9.0   -9 1007.6 1017.6  0   0.3  21.1  14.2  65.0  16.2   -9.0   -9.0   -9.0   -9.0   -9.0   -9.0   -9.0 -9 -9 -                        8   0   -9 Ci         1   0   0  2124 -9.0 -9.00 -9  19.0  24.1  24.5  24.1  23.5  -9 -9.0 -9  3  2
202406060100 108  23  0.5  -9 -9.0   -9 1007.4 1017.4 -9  -9.0  20.7  13.3  63.0  15.3   -9.0   -9.0   -9.0   -9.0   -9.0   -9.0   -9.0 -9 -9 -                        8   1   -9 -         -9  -9  -9  2158 -9.0 -9.00 -9  18.4  23.7  24.2  23.8  23.4  -9 -9.0 -9  3 -9
202406060200 108  27  1.7  -9 -9.0   -9 1007.3 1017.3 -9  -9.0  20.1  13.3  65.0  15.3   -9.0   -9.0   -9.0   -9.0   -9.0   -9.0   -9.0 -9 -9 -                        7   1   -9 -         -9  -9  -9  2011 -9.0 -9.00 -9  18.1  23.3  23.8  23.6  23.3  -9 -9.0 -9  3 -9
202406060300 108  29  1.3  -9 -9.0   -9 1007.0 1017.0  7  -0.6  20.0  12.9  64.0  14.9   -9.0   -9.0   -9.0   -9.0   -9.0   -9.0   -9.0 -9 -9 -                        7   0   -9 Ci         1   0   0  2289 -9.0 -9.00 -9  18.0  23.0  23.5  23.4  23.2  -9 -9.0 -9  3  2
202406060400 108  27  1.4  -9 -9.0   -9 1007.1 1017.1 -9  -9.0  19.8  13.4  67.0  15.4   -9.0   -9.0   -9.0   -9.0   -9.0   -9.0   -9.0 -9 -9 -                        7   0   -9 Ci         1   0   0  1985 -9.0 -9.00 -9  18.0  22.7  23.2  23.2  23.1  -9 -9.0 -9  3  2
202406060500 108  27  1.5  -9 -9.0   -9 1007.2 1017.1 -9  -9.0  19.5  13.4  68.0  15.4   -9.0   -9.0   -9.0   -9.0   -9.0   -9.0   -9.0 -9 -9 -                        9   0   -9 Ci         2   0   0  1629 -9.0 -9.00 -9  17.8  22.5  23.0  22.9  23.0  -9 -9.0 -9  3  2
202406060600 108  27  1.0  -9 -9.0   -9 1007.3 1017.3  2   0.3  19.4  13.3  68.0  15.3   -9.0   -9.0   -9.0   -9.0   -9.0   -9.0   -9.0 -9 -9 -                        9   0   -9 Ci         2   0   0  2117  0.0  0.03 -9  18.6  22.2  22.8  22.8  22.9  -9 -9.0 -9  3  2
202406060700 108  36  0.6  -9 -9.0   -9 1007.5 1017.4 -9  -9.0  19.7  13.3  67.0  15.3   -9.0   -9.0   -9.0   -9.0   -9.0   -9.0   -9.0 -9 -9 -                        8   0   -9 Ci         1   0   0  2269  0.0  0.27 -9  21.0  22.1  22.6  22.6  22.8  -9 -9.0 -9  3  2
202406060800 108   5  1.3  -9 -9.0   -9 1007.5 1017.4 -9  -9.0  21.8  14.4  63.0  16.4   -9.0   -9.0   -9.0   -9.0   -9.0   -9.0   -9.0 -9 -9 -                        7   0   -9 Ci         1   0   0  2328  0.8  0.87 -9  28.5  22.2  22.5  22.4  22.6  -9 -9.0 -9  3  2
202406060900 108   9  1.0  -9 -9.0   -9 1007.6 1017.4  1   0.1  23.6  15.1  59.0  17.2   -9.0   -9.0   -9.0   -9.0   -9.0   -9.0   -9.0 -9 -9 -                        1   0   -9 Ci         1   0   0  1187  1.0  1.85 -9  36.8  22.7  22.6  22.3  22.5  -9 -9.0 -9  3  2
202406061000 108  20  1.7  -9 -9.0   -9 1007.2 1017.0 -9  -9.0  25.7  15.6  54.0  17.7   -9.0   -9.0   -9.0   -9.0   -9.0   -9.0   -9.0  5  0 40                       2   0   -9 Ci         1   0   0   983  1.0  2.38 -9  42.6  23.7  23.0  22.3  22.4  -9 -9.0 -9  3  1
202406061100 108  16  2.3  -9 -9.0   -9 1007.1 1016.8 -9  -9.0  27.4  15.7  49.0  17.8   -9.0   -9.0   -9.0   -9.0   -9.0   -9.0   -9.0 -9 -9 40                       1   0   -9 Ci         1   0   0  1030  1.0  2.95 -9  49.3  25.0  23.7  22.2  22.2  -9 -9.0 -9  3  2
202406061200 108  11  1.6  -9 -9.0   -9 1006.5 1016.2  7  -1.2  28.2  15.4  46.0  17.5   -9.0   -9.0   -9.0   -9.0   -9.0   -9.0   -9.0 -9 -9 -                        3   1   10 ScCi       1   0   5  1268  0.8  2.87 -9  46.3  26.3  24.6  22.6  22.2  -9 -9.0 -9  3  2
202406061300 108  18  2.3  -9 -9.0   -9 1005.7 1015.3 -9  -9.0  30.1  15.0  40.0  17.0   -9.0   -9.0   -9.0   -9.0   -9.0   -9.0   -9.0 -9 -9 -                        4   3   10 ScCi       1   0   5  1978  0.9  3.35 -9  54.4  27.4  25.4  22.9  22.3  -9 -9.0 -9  3  2
202406061400 108   2  2.5  -9 -9.0   -9 1004.7 1014.3 -9  -9.0  29.4  14.3  40.0  16.3   -9.0   -9.0   -9.0   -9.0   -9.0   -9.0   -9.0 -9 -9 -                        4   3   10 ScCi       1   0   5  1578  0.8  2.79 -9  46.4  28.3  26.3  23.4  22.4  -9 -9.0 -9  3  2
202406061500 108  16  1.7  -9 -9.0   -9 1004.1 1013.7  7  -2.5  30.6  14.2  37.0  16.2   -9.0   -9.0   -9.0   -9.0   -9.0   -9.0   -9.0 -9 -9 -                        3   3   10 Sc         0   0   5  1971  0.7  2.49 -9  52.0  28.6  26.8  23.9  22.6  -9 -9.0 -9  3  2
202406061600 108  18  3.6  -9 -9.0   -9 1003.5 1013.1 -9  -9.0  30.9  13.6  35.0  15.6   -9.0   -9.0   -9.0   -9.0   -9.0   -9.0   -9.0 -9 -9 -                        3   3   10 Sc         0   0   5  2172  0.9  2.35 -9  49.1  29.0  27.3  24.3  22.8  -9 -9.0 -9  3  2
202406061700 108  20  3.1  -9 -9.0   -9 1003.4 1013.0 -9  -9.0  29.8  16.2  44.0  18.4   -9.0   -9.0   -9.0   -9.0   -9.0   -9.0   -9.0 -9 -9 -                        4   4    8 CuSc       0   0   2  1173  0.6  1.47 -9  38.2  29.1  27.7  24.7  23.0  -9 -9.0 -9  3  2
202406061800 108  27  4.2  -9 -9.0   -9 1003.6 1013.3  5  -0.4  26.8  16.4  53.0  18.6   -9.0   -9.0   -9.0   -9.0   -9.0   -9.0   -9.0 -9 -9 -                        4   4    8 Cu         0   0   2  1404  0.2  0.32 -9  29.2  28.4  27.6  25.0  23.3  -9 -9.0 -9  3  2
202406061900 108  25  3.2  -9 -9.0   -9 1003.9 1013.6 -9  -9.0  26.0  15.3  52.0  17.4   -9.0   -9.0   -9.0   -9.0   -9.0   -9.0   -9.0 29 90 -                        1   1   18 Sc         0   0   4  1760  0.6  0.40 -9  27.6  27.6  27.3  25.1  23.5  -9 -9.0 -9  3  1
202406062000 108  25  3.1  -9 -9.0   -9 1004.3 1014.1 -9  -9.0  24.8  14.5  53.0  16.5   -9.0   -9.0   -9.0   -9.0   -9.0   -9.0   -9.0 -9 -9 -                        0   0   -9 -         -9  -9  -9  1956  0.0  0.08 -9  23.6  26.6  26.9  25.2  23.8  -9 -9.0 -9  3 -9
202406062100 108  27  3.5  -9 -9.0   -9 1005.4 1015.2  2   1.9  23.4  13.5  54.0  15.5   -9.0   -9.0   -9.0   -9.0   -9.0   -9.0   -9.0 -9 90 -                        0   0   -9 -         -9  -9  -9  2748 -9.0 -9.00 -9  21.8  25.9  26.4  25.1  23.9  -9 -9.0 -9  3  1
202406062200 108  27  2.3  -9 -9.0   -9 1005.6 1015.5 -9  -9.0  22.1  12.0  53.0  14.0   -9.0   -9.0   -9.0   -9.0   -9.0   -9.0   -9.0 -9 -9 -                        0   0   -9 -         -9  -9  -9  2864 -9.0 -9.00 -9  20.2  25.3  25.9  25.0  23.9  -9 -9.0 -9  3 -9
202406062300 108  25  2.5  -9 -9.0   -9 1005.8 1015.7 -9  -9.0  21.4  11.1  52.0  13.2   -9.0   -9.0   -9.0   -9.0   -9.0   -9.0   -9.0 -9 -9 -                        4   1   -9 -         -9  -9  -9  3040 -9.0 -9.00 -9  19.1  24.7  25.4  24.7  23.9  -9 -9.0 -9  3 -9
202406070000 108  29  0.9  -9 -9.0   -9 1005.6 1015.6  0   0.4  20.8  10.8  53.0  12.9   -9.0   -9.0   -9.0   -9.0   -9.0   -9.0   -9.0 -9 -9 -                        0   0   -9 -         -9  -9  -9  2820 -9.0 -9.00 -9  18.1  24.2  25.0  24.5  23.8  -9 -9.0 -9  3  2
202406070100 108  25  1.1  -9 -9.0   -9 1005.6 1015.6 -9  -9.0  20.3  10.9  55.0  13.0   -9.0   -9.0   -9.0   -9.0   -9.0   -9.0   -9.0 -9 -9 -                        2   1   -9 -         -9  -9  -9  3011 -9.0 -9.00 -9  17.3  23.7  24.5  24.2  23.8  -9 -9.0 -9  3 -9
202406070200 108  25  1.0  -9 -9.0   -9 1005.5 1015.5 -9  -9.0  19.8  11.0  57.0  13.1   -9.0   -9.0   -9.0   -9.0   -9.0   -9.0   -9.0 -9 -9 -                        4   1   -9 -         -9  -9  -9  3173 -9.0 -9.00 -9  16.9  23.2  24.1  24.0  23.7  -9 -9.0 -9  3 -9
202406070300 108  20  1.4  -9 -9.0   -9 1004.7 1014.6  7  -1.0  19.3  11.0  59.0  13.1   -9.0   -9.0   -9.0   -9.0   -9.0   -9.0   -9.0 -9 -9 -                        0   0   -9 -         -9  -9  -9  3024 -9.0 -9.00 -9  16.4  22.8  23.7  23.7  23.6  -9 -9.0 -9  3  2
202406070400 108  25  1.6  -9 -9.0   -9 1004.6 1014.6 -9  -9.0  18.9  11.6  63.0  13.7   -9.0   -9.0   -9.0   -9.0   -9.0   -9.0   -9.0 -9 -9 -                        4   0   -9 Ci         1   0   0  2707 -9.0 -9.00 -9  16.0  22.4  23.4  23.4  23.4  -9 -9.0 -9  3  2
202406070500 108  25  2.5  -9 -9.0   -9 1005.3 1015.3 -9  -9.0  18.5  12.4  68.0  14.4   -9.0   -9.0   -9.0   -9.0   -9.0   -9.0   -9.0 -9 -9 -                        5   0   -9 Ci         1   0   0  2203 -9.0 -9.00 -9  16.1  22.1  23.1  23.2  23.3  -9 -9.0 -9  3  2
202406070600 108  23  0.5  -9 -9.0   -9 1005.3 1015.3  1   0.7  18.3  12.7  70.0  14.7   -9.0   -9.0   -9.0   -9.0   -9.0   -9.0   -9.0 -9 -9 -                        7   0   -9 Ci         1   0   0  1549  0.0  0.07 -9  17.2  21.9  22.8  22.9  23.1  -9 -9.0 -9  3  2
202406070700 108   0  0.4  -9 -9.0   -9 1005.3 1015.2 -9  -9.0  19.3  13.2  68.0  15.2   -9.0   -9.0   -9.0   -9.0   -9.0   -9.0   -9.0 -9 -9 -                        8   0   -9 Ci         1   0   0  1723  0.0  0.49 -9  22.2  21.8  22.6  22.7  23.0  -9 -9.0 -9  3  2
202406070800 108  27  0.8  -9 -9.0   -9 1005.2 1015.2 -9  -9.0  20.7  12.9  61.0  14.9   -9.0   -9.0   -9.0   -9.0   -9.0   -9.0   -9.0 -9 -9 -                        7   0   -9 Ci         1   0   0  2208  0.7  0.90 -9  27.5  22.0  22.6  22.5  22.9  -9 -9.0 -9  3  2
202406070900 108  27  1.9  -9 -9.0   -9 1005.1 1015.0  7  -0.3  22.4  13.4  57.0  15.4   -9.0   -9.0   -9.0   -9.0   -9.0   -9.0   -9.0 -9 -9 -                        7   0   -9 Ci         1   0   0  1976  1.0  1.67 -9  35.5  22.4  22.7  22.4  22.7  -9 -9.0 -9  3  2
202406071000 108  27  1.9  -9 -9.0   -9 1004.7 1014.5 -9  -9.0  23.9  13.1  51.0  15.1   -9.0   -9.0   -9.0   -9.0   -9.0   -9.0   -9.0 -9 -9 -                        8   0   -9 Ci         1   0   0  2174  1.0  2.14 -9  40.8  23.2  23.1  22.2  22.4  -9 -9.0 -9  3  2
202406071100 108  29  1.7  -9 -9.0   -9 1003.9 1013.7 -9  -9.0  25.0  12.8  47.0  14.8   -9.0   -9.0   -9.0   -9.0   -9.0   -9.0   -9.0 -9 -9 -                        9   0   -9 Ci         2   0   0  2209  0.7  2.26 -9  40.7  24.1  23.6  22.4  22.4  -9 -9.0 -9  3  2
202406071200 108  27  2.2  -9 -9.0   -9 1003.7 1013.5  7  -1.5  25.9  12.7  44.0  14.7   -9.0   -9.0   -9.0   -9.0   -9.0   -9.0   -9.0 -9 -9 -                        9   1   12 ScCi       2   0   5  2067  0.7  2.32 -9  42.2  25.4  24.2  22.6  22.4  -9 -9.0 -9  3  2
202406071300 108  32  2.0  -9 -9.0   -9 1003.1 1012.8 -9  -9.0  26.3  12.7  43.0  14.7   -9.0   -9.0   -9.0   -9.0   -9.0   -9.0   -9.0 -9 -9 -                        9   0   -9 Ci         2   0   0  1788  0.4  2.17 -9  40.2  26.2  24.8  22.8  22.4  -9 -9.0 -9  3  2
202406071400 108  27  1.9  -9 -9.0   -9 1002.2 1011.9 -9  -9.0  27.1  13.0  42.0  15.0   -9.0   -9.0   -9.0   -9.0   -9.0   -9.0   -9.0 -9 -9 -                        9   0   -9 Ci         2   0   0  1651  0.4  1.99 -9  46.7  26.5  25.2  23.2  22.5  -9 -9.0 -9  3  2
202406071500 108  23  3.1  -9 -9.0   -9 1001.7 1011.4  7  -2.1  27.7  13.6  42.0  15.6   -9.0   -9.0   -9.0   -9.0   -9.0   -9.0   -9.0 -9 -9 -                        9   0   -9 Ci         2   0   0  1907  0.7  2.08 -9  44.1  27.0  25.6  23.1  22.3  -9 -9.0 -9  3  2
202406071600 108  29  1.9  -9 -9.0   -9 1001.1 1010.7 -9  -9.0  27.6  13.1  41.0  15.1   -9.0   -9.0   -9.0   -9.0   -9.0   -9.0   -9.0 -9 -9 -                        9   0   -9 Ci         2   0   0  2051  0.5  1.75 -9  40.0  27.3  26.0  23.4  22.5  -9 -9.0 -9  3  2
202406071700 108  25  2.7  -9 -9.0   -9 1000.5 1010.1 -9  -9.0  27.6  13.5  42.0  15.5   -9.0   -9.0   -9.0   -9.0   -9.0   -9.0   -9.0 -9 -9 -                        9   0   -9 Ci         2   0   0  2124  0.2  1.11 -9  37.9  27.3  26.2  23.8  22.7  -9 -9.0 -9  3  2
202406071800 108  25  1.9  -9 -9.0   -9 1000.4 1010.0  7  -1.4  27.6  13.5  42.0  15.5   -9.0   -9.0   -9.0   -9.0   -9.0   -9.0   -9.0 -9 -9 -                        8   1   10 ScAcCi     1   3   5  2074  0.8  1.15 -9  32.7  27.2  26.3  24.0  22.9  -9 -9.0 -9  3  2
202406071900 108  29  3.4  -9 -9.0   -9 1000.8 1010.5 -9  -9.0  25.7  14.4  50.0  16.4   -9.0   -9.0   -9.0   -9.0   -9.0   -9.0   -9.0 -9 -9 -                       10   1   -9 -         -9  -9  -9  2131  0.0  0.26 -9  27.7  26.8  26.3  24.2  23.0  -9 -9.0 -9  3 -9
202406072000 108  27  2.6  -9 -9.0   -9 1001.2 1010.9 -9  -9.0  24.1  12.7  49.0  14.7    0.0    0.0    0.0   -9.0   -9.0   -9.0   -9.0 60 62 01                      10   4   10 ScAs      -9   2   5  2672  0.0  0.05 -9  24.5  25.9  26.0  24.4  23.4  -9 -9.0 -9  4  1
202406072100 108  20  1.9  -9 -9.0   -9 1001.6 1011.4  2   1.4  23.3  13.1  53.0  15.1    0.0    0.0    0.0   -9.0   -9.0   -9.0   -9.0 60 66 01                      10   5   10 ScAs      -9   2   5  2597 -9.0 -9.00 -9  22.9  25.4  25.7  24.4  23.5  -9 -9.0 -9  1  1
202406072200 108  27  2.4  -9 -9.0   -9 1001.9 1011.7 -9  -9.0  22.4  14.2  60.0  16.2    0.0    0.0    0.0   -9.0   -9.0   -9.0   -9.0 60 66 01                      10   5   10 ScAs      -9   2   5  2347 -9.0 -9.00 -9  21.0  24.9  25.3  24.3  23.5  -9 -9.0 -9  4  1
202406072300 108  27  2.0  -9 -9.0   -9 1001.9 1011.7 -9  -9.0  22.0  13.0  57.0  15.0    0.0    0.0    0.0   -9.0   -9.0   -9.0   -9.0 60 66 01                      10   4   10 ScAs      -9   2   5  2546 -9.0 -9.00 -9  20.9  24.6  24.9  24.2  23.5  -9 -9.0 -9  4  1
202406080000 108  25  2.3  -9 -9.0   -9 1001.9 1011.9  2   0.5  19.9  13.5  67.0  15.5    0.8    0.8    0.8   -9.0   -9.0   -9.0   -9.0 60 66 01                      10   6   10 ScAs      -9   2   5  1221 -9.0 -9.00 -9  18.9  24.1  24.6  23.9  23.4  -9 -9.0 -9  4  1
202406080100 108  25  0.6  -9 -9.0   -9 1001.4 1011.3 -9  -9.0  19.6  13.7  69.0  15.7    0.0    0.0    0.0   -9.0   -9.0   -9.0   -9.0 60 66 01                      10   6   10 ScAs      -9   2   5  1999 -9.0 -9.00 -9  19.3  23.6  24.2  23.7  23.4  -9 -9.0 -9  4  1
202406080200 108  27  1.0  -9 -9.0   -9 1001.2 1011.1 -9  -9.0  19.6  13.0  66.0  15.0    0.0    0.0    0.0   -9.0   -9.0   -9.0   -9.0 60 66 01                      10   8   10 ScAs      -9   2   5  2135 -9.0 -9.00 -9  19.1  23.2  23.9  23.5  23.3  -9 -9.0 -9  4  1
202406080300 108  36  1.3  -9 -9.0   -9 1000.9 1010.8  7  -1.1  19.2  14.6  75.0  16.6    0.0    0.0    0.0   -9.0   -9.0   -9.0   -9.0 61 66 1901                    10   7    8 StNs      -9   2   7   942 -9.0 -9.00 -9  18.8  22.9  23.6  23.3  23.2  -9 -9.0 -9  4  1
202406080400 108  34  1.2  -9 -9.0   -9 1000.4 1010.3 -9  -9.0  18.3  15.1  82.0  17.2    0.5    0.5    0.5   -9.0   -9.0   -9.0   -9.0 61 66 1901                    10   8    8 StNs      -9   2   7   512 -9.0 -9.00 -9  18.4  22.6  23.3  23.1  23.1  -9 -9.0 -9  4  1
202406080500 108   5  1.4  -9 -9.0   -9 1000.4 1010.4 -9  -9.0  18.0  15.2  84.0  17.3    0.0    0.5    0.5   -9.0   -9.0   -9.0   -9.0 60 66 1901                    10   7   10 ScAs      -9   2   5   751 -9.0 -9.00 -9  18.4  22.3  23.1  22.9  23.0  -9 -9.0 -9  4  1
202406080600 108   5  2.2  -9 -9.0   -9 1000.0 1010.0  7  -0.8  18.0  15.6  86.0  17.7    0.0    0.5    0.5   -9.0   -9.0   -9.0   -9.0 60 66 1901                    10   7   10 ScAs      -9   2   5   763  0.0  0.01 -9  18.5  22.1  22.9  22.8  22.9  -9 -9.0 -9  4  1
202406080700 108   5  1.8  -9 -9.0   -9 1000.0 1010.0 -9  -9.0  17.9  16.0  89.0  18.2    0.6    1.1    1.1   -9.0   -9.0   -9.0   -9.0 60 66 1901                    10   7   10 ScAs      -9   2   5   277  0.0  0.07 -9  18.8  21.9  22.7  22.6  22.9  -9 -9.0 -9  4  1
202406080800 108   7  1.4  -9 -9.0   -9  999.8 1009.7 -9  -9.0  18.2  16.5  90.0  18.8    0.3    1.4    1.4   -9.0   -9.0   -9.0   -9.0 60 66 1901                    10   7   10 ScAs      -9   2   5   279  0.0  0.21 -9  19.8  21.8  22.5  22.5  22.8  -9 -9.0 -9  4  1
202406080900 108   9  1.1  -9 -9.0   -9  999.7 1009.7  6  -0.3  18.1  16.6  91.0  18.9    2.4    3.8    3.8   -9.0   -9.0   -9.0   -9.0 61 66 1901                    10   8    5 StNs      -9   2   7   254  0.0  0.11 -9  19.2  21.8  22.4  22.4  22.7  -9 -9.0 -9  1  1
202406081000 108   5  0.9  -9 -9.0   -9  999.6 1009.5 -9  -9.0  18.2  17.0  93.0  19.4   12.3   16.1   16.1   -9.0   -9.0   -9.0   -9.0 63 66 1901                    10   8    6 StNs      -9   2   7   123  0.0  0.08 -9  19.0  21.1  22.0  21.9  22.6  -9 -9.0 -9  4  1
202406081100 108   9  0.6  -9 -9.0   -9  999.5 1009.4 -9  -9.0  18.9  17.5  92.0  20.0    0.5   16.6   16.6   -9.0   -9.0   -9.0   -9.0 60 66 1901                    10   7   10 ScAs      -9   2   5   390  0.0  0.34 -9  21.0  21.1  21.7  22.0  22.6  -9 -9.0 -9  4  1
202406081200 108  18  1.0  -9 -9.0   -9  999.3 1009.2  7  -0.5  19.5  17.6  89.0  20.1    0.3   16.9   16.9   -9.0   -9.0   -9.0   -9.0 21 62 1901                    10   7   10 ScAs      -9   2   5   800  0.0  0.51 -9  23.5  21.3  21.7  21.8  22.4  -9 -9.0 -9  4  1
202406081300 108  18  1.6  -9 -9.0   -9  998.7 1008.6 -9  -9.0  20.5  18.0  86.0  20.6   -9.0   16.9   16.9   -9.0   -9.0   -9.0   -9.0 10 22 19                       9   9    8 Sc         0   0   5   690  0.0  0.98 -9  24.6  21.7  21.9  21.7  22.3  -9 -9.0 -9  3  1
202406081400 108  18  3.0  -9 -9.0   -9  998.1 1007.9 -9  -9.0  21.9  18.4  81.0  21.2   -9.0   16.9   16.9   -9.0   -9.0   -9.0   -9.0 -9 -9 19                       9   9    8 Sc         0   0   5  1019  0.0  1.35 -9  28.1  22.2  22.3  21.7  22.2  -9 -9.0 -9  3  2
202406081500 108  32  2.3  -9 -9.0   -9  997.5 1007.2  7  -2.0  23.1  18.4  75.0  21.2   -9.0   16.9   16.9   -9.0   -9.0   -9.0   -9.0 -9 62 -                        8   8    8 Sc         0   0   5  1134  0.2  1.42 -9  27.2  22.9  22.7  21.8  22.1  -9 -9.0 -9  3  1
202406081600 108  29  3.2  -9 -9.0   -9  997.2 1006.9 -9  -9.0  24.2  18.1  69.0  20.8   -9.0   16.9   16.9   -9.0   -9.0   -9.0   -9.0 -9 -9 -                        5   5    8 Sc         0   0   5  2457  0.3  1.46 -9  31.7  23.1  23.1  22.0  22.1  -9 -9.0 -9  3  2
202406081700 108  20  3.1  -9 -9.0   -9  997.0 1006.7 -9  -9.0  24.2  16.1  61.0  18.3   -9.0   16.9   16.9   -9.0   -9.0   -9.0   -9.0 -9 -9 -                        4   4    8 Sc         0   0   5  3222  0.4  1.34 -9  28.3  23.6  23.5  22.2  22.1  -9 -9.0 -9  3  2
202406081800 108  25  3.3  -9 -9.0   -9  997.0 1006.7  6  -0.5  24.0  15.7  60.0  17.8   -9.0   16.9   16.9   -9.0   -9.0   -9.0   -9.0 -9 -9 -                        3   3   10 Sc         0   0   5  3710  0.7  1.22 -9  24.7  23.9  23.7  22.4  22.1  -9 -9.0 -9  3  2
202406081900 108  25  2.6  -9 -9.0   -9  997.2 1006.9 -9  -9.0  23.2  16.0  64.0  18.2   -9.0   16.9   16.9   -9.0   -9.0   -9.0   -9.0 -9 -9 -                        0   0   -9 -         -9  -9  -9  3318  0.5  0.49 -9  22.1  23.7  23.8  22.6  22.2  -9 -9.0 -9  3 -9
202406082000 108  25  1.7  -9 -9.0   -9  997.5 1007.3 -9  -9.0  22.0  16.7  72.0  19.0   -9.0   16.9   16.9   -9.0   -9.0   -9.0   -9.0 -9 -9 -                        5   1   -9 -         -9  -9  -9  2377  0.4  0.11 -9  20.3  23.4  23.7  22.7  22.3  -9 -9.0 -9  3 -9
202406082100 108  29  1.3  -9 -9.0   -9  997.5 1007.3  1   0.6  21.2  16.7  76.0  19.0   -9.0   16.9   16.9   -9.0   -9.0   -9.0   -9.0 -9 -9 -                        2   0   -9 Ci         1   0   0  2056 -9.0 -9.00 -9  19.3  22.9  23.4  22.7  22.4  -9 -9.0 -9  3  2
202406082200 108  27  1.9  -9 -9.0   -9  998.1 1008.0 -9  -9.0  20.6  16.8  79.0  19.1   -9.0   16.9   16.9   -9.0   -9.0   -9.0   -9.0 -9 -9 -                        6   1   -9 -         -9  -9  -9  1758 -9.0 -9.00 -9  18.7  22.5  23.1  22.6  22.4  -9 -9.0 -9  3 -9
202406082300 108  32  0.5  -9 -9.0   -9  998.0 1007.9 -9  -9.0  20.2  16.6  80.0  18.9   -9.0   16.9   16.9   -9.0   -9.0   -9.0   -9.0 -9 -9 -                        3   1   -9 -         -9  -9  -9  1406 -9.0 -9.00 -9  18.1  22.1  22.8  22.5  22.4  -9 -9.0 -9  3 -9
202406090000 108  27  0.9  -9 -9.0   -9  998.1 1008.0  1   0.7  19.5  16.7  84.0  19.0   -9.0   16.9   16.9   -9.0   -9.0   -9.0   -9.0 -9 -9 -                        6   0   -9 Ci         1   0   0  1142 -9.0 -9.00 -9  17.6  21.8  22.5  22.3  22.4  -9 -9.0 -9  3  2
202406090100 108  25  0.9  -9 -9.0   -9  998.0 1007.9 -9  -9.0  19.0  16.4  85.0  18.6   -9.0   -9.0   -9.0   -9.0   -9.0   -9.0   -9.0 -9 -9 19                       6   1   -9 -         -9  -9  -9   738 -9.0 -9.00 -9  17.2  21.4  22.2  22.1  22.3  -9 -9.0 -9  3  2
202406090200 108  36  1.3  -9 -9.0   -9  997.9 1007.8 -9  -9.0  18.6  16.5  88.0  18.8   -9.0   -9.0   -9.0   -9.0   -9.0   -9.0   -9.0 -9 -9 19                       8   1   -9 -         -9  -9  -9   679 -9.0 -9.00 -9  16.8  21.1  21.9  22.0  22.2  -9 -9.0 -9  3  2
202406090300 108  29  1.0  -9 -9.0   -9  998.2 1008.1  3   0.1  18.1  16.2  89.0  18.4   -9.0   -9.0   -9.0   -9.0   -9.0   -9.0   -9.0 10 22 19                       5   0   -9 Ci         1   0   0   805 -9.0 -9.00 -9  16.4  20.9  21.7  21.8  22.1  -9 -9.0 -9  3  1
202406090400 108  36  1.4  -9 -9.0   -9  998.4 1008.4 -9  -9.0  17.7  16.0  90.0  18.2   -9.0   -9.0   -9.0   -9.0   -9.0   -9.0   -9.0 10 22 19                       7   0   -9 Ci         1   0   0   641 -9.0 -9.00 -9  16.2  20.6  21.4  21.6  22.0  -9 -9.0 -9  3  1
202406090500 108   2  1.3  -9 -9.0   -9  998.3 1008.3 -9  -9.0  17.7  16.0  90.0  18.2   -9.0   -9.0   -9.0   -9.0   -9.0   -9.0   -9.0 10 22 19                       6   0   -9 Ci         1   0   0   797 -9.0 -9.00 -9  16.2  20.3  21.2  21.4  21.9  -9 -9.0 -9  3  1
202406090600 108   5  2.0  -9 -9.0   -9  998.2 1008.2  0   0.1  17.4  15.9  91.0  18.1   -9.0   -9.0   -9.0   -9.0   -9.0   -9.0   -9.0 10 22 19                       8   0   -9 Ci         1   0   0   627  0.0  0.04 -9  16.3  20.1  21.0  21.2  21.8  -9 -9.0 -9  3  1
202406090700 108   2  1.7  -9 -9.0   -9  998.5 1008.4 -9  -9.0  18.2  16.7  91.0  19.0   -9.0   -9.0   -9.0   -9.0   -9.0   -9.0   -9.0 10 22 19                       8   0   -9 Ci         1   0   0   920  0.4  0.42 -9  19.1  19.8  20.8  21.1  21.7  -9 -9.0 -9  3  1
202406090800 108  11  0.6  -9 -9.0   -9  998.5 1008.4 -9  -9.0  20.3  17.5  84.0  20.0   -9.0   -9.0   -9.0   -9.0   -9.0   -9.0   -9.0 -9 -9 19                       8   1    8 ScCi       1   0   5  1135  1.0  1.31 -9  24.9  20.2  20.8  21.0  21.7  -9 -9.0 -9  3  2
202406090900 108  18  1.0  -9 -9.0   -9  998.4 1008.2  4   0.0  22.2  17.1  73.0  19.5   -9.0   -9.0   -9.0   -9.0   -9.0   -9.0   -9.0 -9 -9 -                        7   1    8 ScCi       1   0   5  1847  1.0  1.89 -9  28.9  20.8  21.1  20.9  21.5  -9 -9.0 -9  3  2
202406091000 108  20  1.9  -9 -9.0   -9  998.2 1007.9 -9  -9.0  23.8  17.5  68.0  20.0   -9.0   -9.0   -9.0   -9.0   -9.0   -9.0   -9.0 -9 -9 -                        7   1    8 ScCi       1   0   5  1710  1.0  2.41 -9  32.7  21.7  21.6  20.8  21.3  -9 -9.0 -9  3  2
202406091100 108  18  2.3  -9 -9.0   -9  998.1 1007.8 -9  -9.0  25.3  17.2  61.0  19.6   -9.0   -9.0   -9.0   -9.0   -9.0   -9.0   -9.0 -9 -9 -                        6   0   -9 Ci         1   0   0  1687  1.0  3.13 -9  36.8  22.8  22.3  20.8  21.0  -9 -9.0 -9  3  2
202406091200 108  25  2.3  -9 -9.0   -9  997.9 1007.6  7  -0.6  26.0  16.2  55.0  18.4   -9.0   -9.0   -9.0   -9.0   -9.0   -9.0   -9.0 -9 -9 -                        8   0   -9 Ci         1   0   0  2037  1.0  3.19 -9  37.3  24.0  23.3  21.2  21.1  -9 -9.0 -9  3  2
202406091300 108  23  2.1  -9 -9.0   -9  997.5 1007.2 -9  -9.0  26.8  15.4  50.0  17.5   -9.0   -9.0   -9.0   -9.0   -9.0   -9.0   -9.0 -9 -9 -                        8   0   -9 Ci         2   0   0  2449  1.0  3.08 -9  37.2  25.1  24.2  21.6  21.2  -9 -9.0 -9  3  2
202406091400 108  27  2.1  -9 -9.0   -9  997.1 1006.7 -9  -9.0  27.8  16.7  51.0  19.0   -9.0   -9.0   -9.0   -9.0   -9.0   -9.0   -9.0 -9 -9 -                        8   0   -9 Ci         2   0   0  2075  1.0  3.13 -9  39.2  25.8  25.0  22.1  21.4  -9 -9.0 -9  3  2
202406091500 108  25  2.8  -9 -9.0   -9  996.9 1006.5  7  -1.1  28.8  17.0  49.0  19.4   -9.0   -9.0   -9.0   -9.0   -9.0   -9.0   -9.0 -9 -9 -                        5   1   10 ScCi       1   0   5  1671  1.0  3.06 -9  41.4  26.5  25.7  22.7  21.7  -9 -9.0 -9  3  2
202406091600 108  27  4.1  -9 -9.0   -9  996.8 1006.4 -9  -9.0  28.5  16.7  49.0  19.0   -9.0   -9.0   -9.0   -9.0   -9.0   -9.0   -9.0 -9 -9 -                        4   0   -9 Ci         1   0   0  1296  1.0  2.67 -9  39.3  27.0  26.3  23.2  22.0  -9 -9.0 -9  3  2
202406091700 108  27  4.0  -9 -9.0   -9  997.0 1006.6 -9  -9.0  27.4  16.6  52.0  18.9   -9.0   -9.0   -9.0   -9.0   -9.0   -9.0   -9.0 -9 -9 -                        3   0   -9 Ci         1   0   0  2065  1.0  2.06 -9  36.2  27.1  26.6  23.7  22.3  -9 -9.0 -9  3  2
202406091800 108  27  3.0  -9 -9.0   -9  996.9 1006.5  4   0.0  26.8  16.1  52.0  18.3   -9.0   -9.0   -9.0   -9.0   -9.0   -9.0   -9.0 -9 -9 -                        2   0   -9 Ci         1   0   0  2157  1.0  1.34 -9  29.9  26.9  26.6  24.0  22.5  -9 -9.0 -9  3  2
202406091900 108  29  2.2  -9 -9.0   -9  997.1 1006.8 -9  -9.0  25.3  16.9  60.0  19.2   -9.0   -9.0   -9.0   -9.0   -9.0   -9.0   -9.0 -9 -9 -                        0   0   -9 -         -9  -9  -9  2337  0.9  0.56 -9  26.0  26.5  26.5  24.2  22.7  -9 -9.0 -9  3 -9
202406092000 108  27  2.1  -9 -9.0   -9  997.4 1007.1 -9  -9.0  23.4  16.4  65.0  18.6   -9.0   -9.0   -9.0   -9.0   -9.0   -9.0   -9.0 -9 -9 -                        3   1   -9 -         -9  -9  -9  2008  0.0  0.09 -9  23.4  25.9  26.1  24.5  23.1  -9 -9.0 -9  3 -9
202406092100 108  29  2.1  -9 -9.0   -9  998.2 1008.0  2   1.5  22.8  16.5  68.0  18.8   -9.0   -9.0   -9.0   -9.0   -9.0   -9.0   -9.0 -9 -9 -                        1   1   19 Sc         0   0   5  1686 -9.0 -9.00 -9  22.2  25.2  25.6  24.5  23.3  -9 -9.0 -9  3  2
202406092200 108  27  1.7  -9 -9.0   -9  998.7 1008.5 -9  -9.0  22.0  16.0  69.0  18.2   -9.0   -9.0   -9.0   -9.0   -9.0   -9.0   -9.0 -9 -9 -                        0   0   -9 -         -9  -9  -9  1194 -9.0 -9.00 -9  20.9  24.7  25.2  24.3  23.4  -9 -9.0 -9  3 -9
202406092300 108  27  1.8  -9 -9.0   -9  998.6 1008.4 -9  -9.0  21.4  16.1  72.0  18.3   -9.0   -9.0   -9.0   -9.0   -9.0   -9.0   -9.0 -9 -9 -                        0   0   -9 -         -9  -9  -9  1087 -9.0 -9.00 -9  20.0  24.1  24.7  24.1  23.4  -9 -9.0 -9  3 -9
202406100000 108  36  0.6  -9 -9.0   -9  998.2 1008.1  0   0.1  21.0  16.1  74.0  18.3   -9.0   -9.0   -9.0   -9.0   -9.0   -9.0   -9.0 -9 -9 -                        0   0   -9 -         -9  -9  -9  1055 -9.0 -9.00 -9  19.3  23.7  24.3  23.9  23.4  -9 -9.0 -9  3  2
202406100100 108  29  1.6  -9 -9.0   -9  998.1 1008.0 -9  -9.0  20.4  15.8  75.0  17.9   -9.0   -9.0   -9.0   -9.0   -9.0   -9.0   -9.0 -9 -9 19                       0   0   -9 -         -9  -9  -9   990 -9.0 -9.00 -9  18.7  23.2  23.9  23.7  23.3  -9 -9.0 -9  3  2
202406100200 108  27  1.3  -9 -9.0   -9  998.3 1008.2 -9  -9.0  20.0  16.0  78.0  18.2   -9.0   -9.0   -9.0   -9.0   -9.0   -9.0   -9.0 -9 -9 19                       0   0   -9 -         -9  -9  -9   964 -9.0 -9.00 -9  18.2  22.9  23.6  23.4  23.2  -9 -9.0 -9  3  2
202406100300 108  29  0.5  -9 -9.0   -9  998.3 1008.1  4   0.0  19.7  15.9  79.0  18.1   -9.0   -9.0   -9.0   -9.0   -9.0   -9.0   -9.0 -9 -9 19                       0   0   -9 -         -9  -9  -9  1017 -9.0 -9.00 -9  17.8  22.5  23.2  23.2  23.1  -9 -9.0 -9  3  2
202406100400 108  27  1.3  -9 -9.0   -9  998.8 1008.7 -9  -9.0  19.5  16.1  81.0  18.3   -9.0   -9.0   -9.0   -9.0   -9.0   -9.0   -9.0 10  0 19                       0   0   -9 -         -9  -9  -9   889 -9.0 -9.00 -9  17.6  22.2  22.9  22.9  23.0  -9 -9.0 -9  3  1
202406100500 108   7  0.5  -9 -9.0   -9  998.9 1008.8 -9  -9.0  19.3  16.3  83.0  18.5   -9.0   -9.0   -9.0   -9.0   -9.0   -9.0   -9.0 10  0 19                       0   0   -9 -         -9  -9  -9   646 -9.0 -9.00 -9  17.3  21.9  22.6  22.7  22.8  -9 -9.0 -9  3  1
202406100600 108   2  1.7  -9 -9.0   -9  998.9 1008.8  1   0.7  19.0  16.4  85.0  18.6   -9.0   -9.0   -9.0   -9.0   -9.0   -9.0   -9.0 10  0 19                       0   0   -9 -         -9  -9  -9   574  0.0  0.06 -9  18.0  21.7  22.4  22.4  22.7  -9 -9.0 -9  3  1
202406100700 108   5  1.6  -9 -9.0   -9  998.8 1008.7 -9  -9.0  20.0  17.0  83.0  19.4   -9.0   -9.0   -9.0   -9.0   -9.0   -9.0   -9.0 10  0 19                       0   0   -9 -         -9  -9  -9   689  0.8  0.46 -9  20.7  21.5  22.2  22.2  22.6  -9 -9.0 -9  3  1
202406100800 108   9  1.1  -9 -9.0   -9  998.7 1008.5 -9  -9.0  22.0  17.3  75.0  19.7   -9.0   -9.0   -9.0   -9.0   -9.0   -9.0   -9.0 -9 -9 19                       0   0   -9 -         -9  -9  -9  1230  1.0  1.09 -9  25.5  21.7  22.2  22.0  22.4  -9 -9.0 -9  3  2
202406100900 108  16  1.7  -9 -9.0   -9  998.1 1007.8  7  -1.0  23.8  16.5  64.0  18.8   -9.0   -9.0   -9.0   -9.0   -9.0   -9.0   -9.0 -9 -9 -                        0   0   -9 -         -9  -9  -9  1532  1.0  1.80 -9  31.0  22.3  22.4  21.9  22.3  -9 -9.0 -9  3  2
202406101000 108  18  2.4  -9 -9.0   -9  997.5 1007.2 -9  -9.0  25.6  15.3  53.0  17.4   -9.0   -9.0   -9.0   -9.0   -9.0   -9.0   -9.0 -9 -9 -                        1   0   -9 Ci         1   0   0  2320  1.0  2.43 -9  36.2  23.1  22.9  21.8  22.0  -9 -9.0 -9  3  2
202406101100 108  23  2.7  -9 -9.0   -9  997.2 1006.8 -9  -9.0  26.9  16.2  52.0  18.4   -9.0   -9.0   -9.0   -9.0   -9.0   -9.0   -9.0 -9 -9 -                        2   0   -9 Ci         1   0   0  1765  0.8  2.67 -9  40.9  24.1  23.6  21.9  21.9  -9 -9.0 -9  3  2
202406101200 108  20  2.2  -9 -9.0   -9  996.5 1006.1  7  -1.7  28.3  17.4  52.0  19.9   -9.0   -9.0   -9.0   -9.0   -9.0   -9.0   -9.0 -9 -9 -                        0   0   -9 -         -9  -9  -9  1496  1.0  3.17 -9  44.8  25.2  24.5  22.3  22.0  -9 -9.0 -9  3  2
202406101300 108  20  2.9  -9 -9.0   -9  995.9 1005.4 -9  -9.0  29.5  17.3  48.0  19.7   -9.0   -9.0   -9.0   -9.0   -9.0   -9.0   -9.0 -9 -9 -                        0   0   -9 -         -9  -9  -9  1693  1.0  3.28 -9  47.7  26.4  25.5  22.7  22.1  -9 -9.0 -9  3  2
202406101400 108  25  3.3  -9 -9.0   -9  995.4 1004.9 -9  -9.0  30.5  17.5  46.0  20.0   -9.0   -9.0   -9.0   -9.0   -9.0   -9.0   -9.0 -9 -9 -                        0   0   -9 -         -9  -9  -9  1673  1.0  3.23 -9  48.0  27.4  26.4  23.3  22.3  -9 -9.0 -9  3  2
202406101500 108  27  3.4  -9 -9.0   -9  995.1 1004.6  7  -1.5  30.9  17.2  44.0  19.6   -9.0   -9.0   -9.0   -9.0   -9.0   -9.0   -9.0 -9 -9 -                        2   0   -9 Ci         1   0   0  1708  0.9  2.80 -9  47.9  28.1  27.2  23.8  22.5  -9 -9.0 -9  3  2
202406101600 108  27  4.2  -9 -9.0   -9  995.2 1004.7 -9  -9.0  29.6  18.3  51.0  21.0   -9.0   -9.0   -9.0   -9.0   -9.0   -9.0   -9.0 -9 -9 -                        5   2   12 ScCi       1   0   5  1551  0.6  2.04 -9  41.1  28.4  27.7  24.4  22.8  -9 -9.0 -9  3  2
202406101700 108  23  4.3  -9 -9.0   -9  994.7 1004.2 -9  -9.0  29.8  18.5  51.0  21.3   -9.0   -9.0   -9.0   -9.0   -9.0   -9.0   -9.0 -9 -9 -                        0   0   -9 -         -9  -9  -9  1520  1.0  1.78 -9  39.4  28.2  27.8  24.8  23.1  -9 -9.0 -9  3  2
202406101800 108  20  3.7  -9 -9.0   -9  994.8 1004.3  5  -0.3  28.6  18.3  54.0  21.0   -9.0   -9.0   -9.0   -9.0   -9.0   -9.0   -9.0 -9 -9 -                        0   0   -9 -         -9  -9  -9  1536  1.0  1.17 -9  33.0  28.1  27.9  25.1  23.3  -9 -9.0 -9  3  2
202406101900 108  27  3.6  -9 -9.0   -9  995.7 1005.3 -9  -9.0  26.8  18.9  62.0  21.8   -9.0   -9.0   -9.0   -9.0   -9.0   -9.0   -9.0 -9 -9 -                        0   0   -9 -         -9  -9  -9  1372  0.8  0.50 -9  28.5  27.7  27.7  25.4  23.6  -9 -9.0 -9  3 -9
202406102000 108  25  2.9  -9 -9.0   -9  996.0 1005.7 -9  -9.0  24.5  18.8  71.0  21.7   -9.0   -9.0   -9.0   -9.0   -9.0   -9.0   -9.0 -9 -9 -                        0   0   -9 -         -9  -9  -9  1012  0.0  0.09 -9  25.1  27.1  27.3  25.4  23.8  -9 -9.0 -9  3 -9
202406102100 108  27  2.8  -9 -9.0   -9  996.4 1006.1  2   1.8  23.8  19.0  75.0  22.0   -9.0   -9.0   -9.0   -9.0   -9.0   -9.0   -9.0  5  0 40                       0   0   -9 -         -9  -9  -9   882 -9.0 -9.00 -9  23.6  26.4  26.9  25.4  24.0  -9 -9.0 -9  3  1
202406102200 108  27  2.1  -9 -9.0   -9  997.2 1006.9 -9  -9.0  23.2  19.1  78.0  22.1   -9.0   -9.0   -9.0   -9.0   -9.0   -9.0   -9.0 -9 -9 40                       0   0   -9 -         -9  -9  -9   707 -9.0 -9.00 -9  22.6  25.8  26.4  25.3  24.1  -9 -9.0 -9  3  2
202406102300 108  27  2.1  -9 -9.0   -9  997.7 1007.5 -9  -9.0  22.9  19.2  80.0  22.2   -9.0   -9.0   -9.0   -9.0   -9.0   -9.0   -9.0 -9 -9 4019                     1   1   -9 -         -9  -9  -9   688 -9.0 -9.00 -9  23.0  25.3  25.9  25.1  24.2  -9 -9.0 -9  3  2
202406110000 108  20  3.1  -9 -9.0   -9  997.5 1007.2  0   1.1  23.1  18.8  77.0  21.7   -9.0   -9.0   -9.0   -9.0   -9.0   -9.0   -9.0 10 22 19                       9   9    5 St         0   0   6   631 -9.0 -9.00 -9  23.3  25.0  25.6  24.9  24.1  -9 -9.0 -9  3  1
202406110100 108  18  3.1  -9 -9.0   -9  997.3 1007.1 -9  -9.0  22.9  18.8  78.0  21.7   -9.0   -9.0   -9.0   -9.0   -9.0   -9.0   -9.0 -9 -9 19                       8   8   -9 -         -9  -9  -9   577 -9.0 -9.00 -9  23.1  24.7  25.3  24.6  24.1  -9 -9.0 -9  3  2
202406110200 108  18  2.7  -9 -9.0   -9  997.4 1007.2 -9  -9.0  22.6  18.5  78.0  21.3   -9.0   -9.0   -9.0   -9.0   -9.0   -9.0   -9.0 -9 -9 19                       4   1   -9 -         -9  -9  -9   564 -9.0 -9.00 -9  22.8  24.5  25.1  24.5  24.0  -9 -9.0 -9  3  2
202406110300 108  18  2.0  -9 -9.0   -9  997.6 1007.4  3   0.2  22.4  18.5  79.0  21.3   -9.0   -9.0   -9.0   -9.0   -9.0   -9.0   -9.0 10 22 19                       9   9    5 St         0   0   6   591 -9.0 -9.00 -9  22.5  24.3  24.9  24.3  23.9  -9 -9.0 -9  3  1
202406110400 108  18  2.3  -9 -9.0   -9  997.9 1007.7 -9  -9.0  22.2  18.1  78.0  20.8   -9.0   -9.0   -9.0   -9.0   -9.0   -9.0   -9.0 10 22 19                       9   9    5 St         0   0   6   679 -9.0 -9.00 -9  22.2  24.1  24.7  24.1  23.8  -9 -9.0 -9  3  1
202406110500 108  18  2.5  -9 -9.0   -9  998.2 1008.0 -9  -9.0  22.0  17.9  78.0  20.5   -9.0   -9.0   -9.0   -9.0   -9.0   -9.0   -9.0 10 22 19                       9   9    6 St         0   0   6   632 -9.0 -9.00 -9  21.9  24.0  24.5  24.0  23.8  -9 -9.0 -9  3  1
202406110600 108  14  1.3  -9 -9.0   -9  998.3 1008.1  2   0.7  22.0  17.7  77.0  20.2   -9.0   -9.0   -9.0   -9.0   -9.0   -9.0   -9.0 10 22 19                       8   8    8 Sc         0   0   5   588  0.0  0.04 -9  22.1  23.8  24.3  23.8  23.7  -9 -9.0 -9  3  1
202406110700 108  16  2.6  -9 -9.0   -9  998.5 1008.3 -9  -9.0  22.2  17.7  76.0  20.2   -9.0   -9.0   -9.0   -9.0   -9.0   -9.0   -9.0 10 22 19                       9   9    8 Sc         0   0   5   578  0.0  0.29 -9  24.1  23.6  24.1  23.7  23.6  -9 -9.0 -9  3  1
202406110800 108  11  2.2  -9 -9.0   -9  998.5 1008.2 -9  -9.0  23.2  18.0  73.0  20.6   -9.0   -9.0   -9.0   -9.0   -9.0   -9.0   -9.0 10 22 19                       8   8    8 Sc         0   0   5   512  0.2  0.77 -9  27.3  23.7  24.1  23.5  23.5  -9 -9.0 -9  3  1
202406110900 108  11  1.5  -9 -9.0   -9  998.4 1008.1  4   0.0  24.8  18.4  68.0  21.2   -9.0   -9.0   -9.0   -9.0   -9.0   -9.0   -9.0  5 22 4019                     8   8   12 Sc         0   0   5   611  0.7  1.59 -9  35.7  24.0  24.2  23.5  23.4  -9 -9.0 -9  3  1
202406111000 108  18  2.7  -9 -9.0   -9  998.1 1007.8 -9  -9.0  25.5  18.1  64.0  20.8   -9.0   -9.0   -9.0   -9.0   -9.0   -9.0   -9.0  5  0 40                       4   0   -9 Ci         1   0   0   608  0.7  2.01 -9  39.3  24.8  24.6  23.4  23.2  -9 -9.0 -9  3  1
202406111100 108  16  1.6  -9 -9.0   -9  997.2 1006.8 -9  -9.0  26.9  17.9  58.0  20.5   -9.0   -9.0   -9.0   -9.0   -9.0   -9.0   -9.0  5  0 40                       1   0   -9 Ci         1   0   0   703  1.0  3.03 -9  46.6  25.7  25.2  23.6  23.2  -9 -9.0 -9  3  1
202406111200 108  25  2.1  -9 -9.0   -9  996.8 1006.4  7  -1.7  28.5  17.9  53.0  20.5   -9.0   -9.0   -9.0   -9.0   -9.0   -9.0   -9.0  5  0 40                       0   0   -9 -         -9  -9  -9   773  1.0  3.32 -9  50.6  26.8  26.0  23.8  23.2  -9 -9.0 -9  3  1
202406111300 108  18  3.3  -9 -9.0   -9  996.2 1005.7 -9  -9.0  29.7  18.4  51.0  21.2   -9.0   -9.0   -9.0   -9.0   -9.0   -9.0   -9.0  5  0 40                       0   0   -9 -         -9  -9  -9   820  1.0  3.45 -9  53.0  27.9  26.9  24.2  23.3  -9 -9.0 -9  3  1
202406111400 108  23  2.7  -9 -9.0   -9  995.8 1005.3 -9  -9.0  30.6  19.3  51.0  22.4   -9.0   -9.0   -9.0   -9.0   -9.0   -9.0   -9.0  5  0 40                       0   0   -9 -         -9  -9  -9   848  1.0  3.30 -9  52.7  28.8  27.8  24.7  23.4  -9 -9.0 -9  3  1
202406111500 108  25  3.9  -9 -9.0   -9  995.6 1005.1  7  -1.3  31.2  19.2  49.0  22.2   -9.0   -9.0   -9.0   -9.0   -9.0   -9.0   -9.0 -9 -9 40                       0   0   -9 -         -9  -9  -9  1112  1.0  2.98 -9  51.9  29.4  28.6  25.1  23.6  -9 -9.0 -9  3  2
202406111600 108  23  2.8  -9 -9.0   -9  995.4 1004.9 -9  -9.0  31.4  19.0  48.0  22.0   -9.0   -9.0   -9.0   -9.0   -9.0   -9.0   -9.0 -9 -9 -                        0   0   -9 -         -9  -9  -9  1801  1.0  2.61 -9  48.6  29.8  29.1  25.6  23.8  -9 -9.0 -9  3  2
202406111700 108  25  4.3  -9 -9.0   -9  995.5 1005.0 -9  -9.0  29.7  15.0  41.0  17.0   -9.0   -9.0   -9.0   -9.0   -9.0   -9.0   -9.0 -9 -9 -                        6   0   -9 Ci         1   0   0  2247  1.0  1.89 -9  42.4  29.7  29.3  26.1  24.1  -9 -9.0 -9  3  2
202406111800 108  20  3.0  -9 -9.0   -9  995.7 1005.2  3   0.1  28.9  15.0  43.0  17.0   -9.0   -9.0   -9.0   -9.0   -9.0   -9.0   -9.0 -9 -9 -                        7   0   -9 Ci         1   0   0  3188  1.0  1.28 -9  34.8  29.4  29.2  26.4  24.4  -9 -9.0 -9  3  2
202406111900 108  27  2.9  -9 -9.0   -9  996.1 1005.7 -9  -9.0  26.7  16.0  52.0  18.2   -9.0   -9.0   -9.0   -9.0   -9.0   -9.0   -9.0 -9 -9 -                        7   1   -9 -         -9  -9  -9  2813  0.6  0.53 -9  28.8  28.8  29.0  26.6  24.7  -9 -9.0 -9  3 -9
202406112000 108  27  2.9  -9 -9.0   -9  996.3 1006.0 -9  -9.0  25.2  16.3  58.0  18.5   -9.0   -9.0   -9.0   -9.0   -9.0   -9.0   -9.0 -9 -9 -                        8   1   -9 -         -9  -9  -9  2534  0.0  0.08 -9  25.3  27.8  28.5  26.6  24.9  -9 -9.0 -9  3 -9
202406112100 108  27  2.8  -9 -9.0   -9  996.9 1006.6  2   1.4  23.9  15.9  61.0  18.1   -9.0   -9.0   -9.0   -9.0   -9.0   -9.0   -9.0 -9 -9 -                        7   0   -9 Ci         1   0   0  3166 -9.0 -9.00 -9  23.4  26.9  27.9  26.6  25.1  -9 -9.0 -9  3  2
202406112200 108  27  1.6  -9 -9.0   -9  997.0 1006.7 -9  -9.0  23.0  16.2  66.0  18.4   -9.0   -9.0   -9.0   -9.0   -9.0   -9.0   -9.0 -9 -9 -                        8   1   -9 -         -9  -9  -9  2982 -9.0 -9.00 -9  22.2  26.2  27.4  26.3  25.1  -9 -9.0 -9  3 -9
202406112300 108  29  1.6  -9 -9.0   -9  996.7 1006.5 -9  -9.0  22.3  15.8  67.0  17.9   -9.0   -9.0   -9.0   -9.0   -9.0   -9.0   -9.0 -9 -9 -                        4   1   -9 -         -9  -9  -9  2803 -9.0 -9.00 -9  20.9  25.6  26.9  26.1  25.2  -9 -9.0 -9  3 -9
202406120000 108  36  1.0  -9 -9.0   -9  996.4 1006.2  8  -0.4  21.7  15.7  69.0  17.8   -9.0   -9.0   -9.0   -9.0   -9.0   -9.0   -9.0 -9 -9 -                        2   0   -9 Ci         1   0   0  3024 -9.0 -9.00 -9  19.9  25.1  26.3  25.8  25.1  -9 -9.0 -9  3  2
202406120100 108   0  0.3  -9 -9.0   -9  995.8 1005.6 -9  -9.0  21.2  15.5  70.0  17.6   -9.0   -9.0   -9.0   -9.0   -9.0   -9.0   -9.0 -9 -9 -                        0   0   -9 -         -9  -9  -9  2623 -9.0 -9.00 -9  19.1  24.6  25.9  25.5  25.0  -9 -9.0 -9  3 -9
202406120200 108  36  0.9  -9 -9.0   -9  995.2 1005.1 -9  -9.0  20.7  15.6  73.0  17.7   -9.0   -9.0   -9.0   -9.0   -9.0   -9.0   -9.0 -9 -9 -                        0   0   -9 -         -9  -9  -9  2359 -9.0 -9.00 -9  18.5  24.1  25.4  25.2  24.9  -9 -9.0 -9  3 -9
202406120300 108  29  1.6  -9 -9.0   -9  996.3 1006.2  4   0.0  20.4  16.2  77.0  18.4   -9.0   -9.0   -9.0   -9.0   -9.0   -9.0   -9.0 -9 -9 -                        0   0   -9 -         -9  -9  -9  2098 -9.0 -9.00 -9  18.3  23.7  25.0  24.9  24.8  -9 -9.0 -9  3  2
202406120400 108   7  0.6  -9 -9.0   -9  996.3 1006.2 -9  -9.0  19.8  15.4  76.0  17.5   -9.0   -9.0   -9.0   -9.0   -9.0   -9.0   -9.0 -9 -9 -                        0   0   -9 -         -9  -9  -9  1743 -9.0 -9.00 -9  17.5  23.3  24.6  24.6  24.6  -9 -9.0 -9  3  2
202406120500 108  25  0.7  -9 -9.0   -9  996.9 1006.8 -9  -9.0  19.4  15.8  80.0  17.9   -9.0   -9.0   -9.0   -9.0   -9.0   -9.0   -9.0 -9 -9 -                        3   0   -9 Ci         1   0   0  1487 -9.0 -9.00 -9  17.1  23.0  24.3  24.3  24.5  -9 -9.0 -9  3  2
202406120600 108  29  2.2  -9 -9.0   -9  998.4 1008.3  2   2.1  19.6  16.0  80.0  18.2   -9.0   -9.0   -9.0   -9.0   -9.0   -9.0   -9.0 -9 -9 -                        8   2   10 ScCi       2   0   5  1408  0.0  0.07 -9  18.2  22.6  24.0  24.1  24.3  -9 -9.0 -9  3  2
202406120700 108  27  1.4  -9 -9.0   -9  998.2 1008.1 -9  -9.0  19.9  16.7  82.0  19.0   -9.0   -9.0   -9.0   -9.0   -9.0   -9.0   -9.0 -9 -9 -                        8   0   -9 Ci         1   0   0  1320  0.8  0.47 -9  21.7  22.5  23.7  23.8  24.1  -9 -9.0 -9  3  2
202406120800 108  11  1.6  -9 -9.0   -9  997.0 1006.8 -9  -9.0  21.9  16.8  73.0  19.1   -9.0   -9.0   -9.0   -9.0   -9.0   -9.0   -9.0 -9 -9 -                        8   0   -9 Ci         1   0   0  2461  1.0  1.17 -9  28.0  22.6  23.6  23.5  23.8  -9 -9.0 -9  3  2
202406120900 108   9  1.6  -9 -9.0   -9  996.6 1006.3  7  -2.0  24.2  16.4  62.0  18.6   -9.0   -9.0   -9.0   -9.0   -9.0   -9.0   -9.0 -9 -9 -                        7   0   -9 Ci         1   0   0  2012  1.0  1.84 -9  35.3  23.1  23.8  23.4  23.7  -9 -9.0 -9  3  2
202406121000 108  16  2.4  -9 -9.0   -9  996.1 1005.8 -9  -9.0  26.0  14.7  50.0  16.7   -9.0   -9.0   -9.0   -9.0   -9.0   -9.0   -9.0 -9 -9 -                        6   0   -9 Ci         1   0   0  3133  1.0  2.51 -9  43.1  23.9  24.2  23.4  23.6  -9 -9.0 -9  3  2
202406121100 108  25  2.0  -9 -9.0   -9  995.7 1005.3 -9  -9.0  27.9  15.8  48.0  17.9   -9.0   -9.0   -9.0   -9.0   -9.0   -9.0   -9.0 -9 -9 -                        3   0   -9 Ci         1   0   0  2570  1.0  3.10 -9  49.2  25.0  24.9  23.3  23.3  -9 -9.0 -9  3  2
202406121200 108  25  1.9  -9 -9.0   -9  995.0 1004.5  7  -1.8  29.3  15.0  42.0  17.0   -9.0   -9.0   -9.0   -9.0   -9.0   -9.0   -9.0 -9 -9 -                        1   0   -9 Ci         1   0   0  2525  1.0  3.41 -9  53.5  26.2  25.8  23.7  23.3  -9 -9.0 -9  3  2
202406121300 108  25  1.7  -9 -9.0   -9  994.5 1004.0 -9  -9.0  30.6  15.0  39.0  17.0   -9.0   -9.0   -9.0   -9.0   -9.0   -9.0   -9.0 -9 -9 -                        2   0   -9 Cc         9   0   0  2904  1.0  3.36 -9  54.0  27.4  26.8  24.0  23.4  -9 -9.0 -9  3  2
202406121400 108  27  2.6  -9 -9.0   -9  994.2 1003.7 -9  -9.0  31.5  15.4  38.0  17.5   -9.0   -9.0   -9.0   -9.0   -9.0   -9.0   -9.0 -9 -9 -                        0   0   -9 -         -9  -9  -9  2522  1.0  3.44 -9  55.7  28.2  27.7  24.4  23.4  -9 -9.0 -9  3  2
202406121500 108  27  3.8  -9 -9.0   -9  994.3 1003.8  5  -0.7  30.9  16.8  43.0  19.1   -9.0   -9.0   -9.0   -9.0   -9.0   -9.0   -9.0 -9 -9 -                        2   0   -9 Ci         1   0   0  1622  1.0  3.03 -9  52.0  28.9  28.5  25.1  23.7  -9 -9.0 -9  3  2
202406121600 108  27  3.4  -9 -9.0   -9  994.2 1003.7 -9  -9.0  30.0  16.0  43.0  18.2   -9.0   -9.0   -9.0   -9.0   -9.0   -9.0   -9.0 -9 -9 -                        6   0   -9 Ci         1   0   0  2027  1.0  2.35 -9  45.2  29.0  28.8  25.6  24.0  -9 -9.0 -9  3  2
202406121700 108  27  3.9  -9 -9.0   -9  994.1 1003.6 -9  -9.0  28.7  15.2  44.0  17.3   -9.0   -9.0   -9.0   -9.0   -9.0   -9.0   -9.0 -9 -9 -                        7   0   -9 Ci         1   0   0  2851  0.6  1.41 -9  40.3  28.8  28.9  26.1  24.4  -9 -9.0 -9  3  2
202406121800 108  29  3.3  -9 -9.0   -9  994.6 1004.2  3   0.4  28.0  16.6  50.0  18.9   -9.0   -9.0   -9.0   -9.0   -9.0   -9.0   -9.0 -9 -9 -                        5   1   45 AcCcCi     9   3   0  2785  0.9  1.27 -9  33.4  28.6  28.8  26.4  24.7  -9 -9.0 -9  3  2
202406121900 108  25  3.8  -9 -9.0   -9  994.9 1004.6 -9  -9.0  25.3  15.8  56.0  17.9   -9.0   -9.0   -9.0   -9.0   -9.0   -9.0   -9.0 -9 -9 -                        7   1   -9 -         -9  -9  -9  2784  0.0  0.24 -9  27.9  27.9  28.6  26.5  24.9  -9 -9.0 -9  3 -9
202406122000 108  29  2.7  -9 -9.0   -9  994.9 1004.6 -9  -9.0  24.2  16.7  63.0  19.0   -9.0   -9.0   -9.0   -9.0   -9.0   -9.0   -9.0 -9 -9 -                        7   1   -9 -         -9  -9  -9  2560  0.0  0.06 -9  25.0  27.3  28.1  26.4  25.0  -9 -9.0 -9  3 -9
202406122100 108  25  2.4  -9 -9.0   -9  994.9 1004.6  1   0.4  23.4  16.4  65.0  18.6   -9.0   -9.0   -9.0   -9.0   -9.0   -9.0   -9.0 -9 -9 -                        4   2   45 AcCi       1   3   0  2621 -9.0 -9.00 -9  22.6  26.6  27.6  26.3  25.1  -9 -9.0 -9  3  2
202406122200 108  27  1.8  -9 -9.0   -9  995.0 1004.7 -9  -9.0  22.8  15.8  65.0  17.9   -9.0   -9.0   -9.0   -9.0   -9.0   -9.0   -9.0 -9 -9 -                        6   1   -9 -         -9  -9  -9  2611 -9.0 -9.00 -9  21.9  26.0  27.1  26.1  25.1  -9 -9.0 -9  3 -9
202406122300 108  27  1.4  -9 -9.0   -9  995.1 1004.9 -9  -9.0  22.5  15.8  66.0  17.9   -9.0   -9.0   -9.0   -9.0   -9.0   -9.0   -9.0 -9 -9 -                        6   1   -9 -         -9  -9  -9  2475 -9.0 -9.00 -9  21.4  25.5  26.6  25.9  25.1  -9 -9.0 -9  3 -9
202406130000 108  25  2.1  -9 -9.0   -9  994.9 1004.7  0   0.1  22.2  15.7  67.0  17.8   -9.0   -9.0   -9.0   -9.0   -9.0   -9.0   -9.0 -9 -9 -                        6   2   33 AcCi       1   3   0  2391 -9.0 -9.00 -9  20.4  25.0  26.2  25.6  25.0  -9 -9.0 -9  3  2
202406130100 108   0  0.2  -9 -9.0   -9  995.0 1004.8 -9  -9.0  21.8  15.3  67.0  17.4   -9.0   -9.0   -9.0   -9.0   -9.0   -9.0   -9.0 -9 -9 -                        8   1   -9 -         -9  -9  -9  2395 -9.0 -9.00 -9  20.6  24.6  25.8  25.4  25.0  -9 -9.0 -9  3 -9
202406130200 108   0  0.2  -9 -9.0   -9  994.9 1004.7 -9  -9.0  21.5  14.3  64.0  16.3   -9.0   -9.0   -9.0   -9.0   -9.0   -9.0   -9.0 -9 -9 -                        7   1   -9 -         -9  -9  -9  2885 -9.0 -9.00 -9  20.1  24.2  25.5  25.1  24.9  -9 -9.0 -9  3 -9
202406130300 108   5  0.6  -9 -9.0   -9  994.5 1004.3  8  -0.4  21.0  14.1  65.0  16.1   -9.0   -9.0   -9.0   -9.0   -9.0   -9.0   -9.0 -9 -9 -                        3   3   34 Ac         0   3   0  2909 -9.0 -9.00 -9  18.7  23.9  25.2  24.9  24.8  -9 -9.0 -9  3  2
202406130400 108  34  0.5  -9 -9.0   -9  994.7 1004.5 -9  -9.0  20.7  14.8  69.0  16.8   -9.0   -9.0   -9.0   -9.0   -9.0   -9.0   -9.0 -9 -9 -                        7   7   35 Ac         0   3   0  2573 -9.0 -9.00 -9  18.6  23.6  24.8  24.7  24.6  -9 -9.0 -9  3  2
202406130500 108  27  1.1  -9 -9.0   -9  995.2 1005.1 -9  -9.0  20.1  14.2  69.0  16.2   -9.0   -9.0   -9.0   -9.0   -9.0   -9.0   -9.0 -9 -9 -                        7   7   33 Ac         0   3   0  2707 -9.0 -9.00 -9  17.8  23.3  24.5  24.4  24.5  -9 -9.0 -9  3  2
202406130600 108  36  1.2  -9 -9.0   -9  995.6 1005.5  2   1.2  20.1  14.6  71.0  16.6   -9.0   -9.0   -9.0   -9.0   -9.0   -9.0   -9.0 -9 -9 -                        4   0   -9 Ci         1   0   0  2671  0.0  0.04 -9  18.4  22.8  24.2  24.2  24.4  -9 -9.0 -9  3  2
202406130700 108   2  1.9  -9 -9.0   -9  995.4 1005.2 -9  -9.0  21.1  15.8  72.0  17.9   -9.0   -9.0   -9.0   -9.0   -9.0   -9.0   -9.0 -9 -9 -                        2   0   -9 Ci         1   0   0  2165  0.8  0.49 -9  22.2  22.6  24.0  24.0  24.2  -9 -9.0 -9  3  2
202406130800 108   2  1.8  -9 -9.0   -9  995.1 1004.8 -9  -9.0  23.3  16.5  66.0  18.8   -9.0   -9.0   -9.0   -9.0   -9.0   -9.0   -9.0 -9 -9 -                        0   0   -9 -         -9  -9  -9  1892  1.0  1.12 -9  30.1  22.7  23.8  23.6  23.9  -9 -9.0 -9  3  2
202406130900 108   9  0.8  -9 -9.0   -9  994.7 1004.4  7  -1.1  25.6  16.9  59.0  19.2   -9.0   -9.0   -9.0   -9.0   -9.0   -9.0   -9.0 -9 -9 -                        0   0   -9 -         -9  -9  -9  1956  1.0  1.95 -9  38.4  23.2  24.1  23.5  23.8  -9 -9.0 -9  3  2
202406131000 108  36  1.2  -9 -9.0   -9  994.9 1004.5 -9  -9.0  27.5  17.0  53.0  19.4   -9.0   -9.0   -9.0   -9.0   -9.0   -9.0   -9.0 -9 -9 -                        0   0   -9 -         -9  -9  -9  1845  1.0  2.56 -9  45.5  24.2  24.5  23.5  23.7  -9 -9.0 -9  3  2
202406131100 108  29  2.1  -9 -9.0   -9  995.0 1004.5 -9  -9.0  29.1  16.2  46.0  18.4   -9.0   -9.0   -9.0   -9.0   -9.0   -9.0   -9.0 -9 -9 -                        1   0   -9 Ci         1   0   0  2475  1.0  3.08 -9  51.7  25.3  25.3  23.7  23.6  -9 -9.0 -9  3  2
202406131200 108  23  2.5  -9 -9.0   -9  994.9 1004.4  4   0.0  30.6  15.8  41.0  17.9   -9.0   -9.0   -9.0   -9.0   -9.0   -9.0   -9.0 -9 -9 -                        0   0   -9 -         -9  -9  -9  2314  1.0  3.43 -9  55.9  26.4  26.1  23.9  23.6  -9 -9.0 -9  3  2
202406131300 108  20  3.5  -9 -9.0   -9  994.5 1004.0 -9  -9.0  31.5  12.8  32.0  14.8   -9.0   -9.0   -9.0   -9.0   -9.0   -9.0   -9.0 -9 -9 -                        0   0   -9 -         -9  -9  -9  3559  1.0  3.55 -9  57.9  27.5  27.0  24.5  23.7  -9 -9.0 -9  3  2
202406131400 108  27  3.0  -9 -9.0   -9  994.2 1003.7 -9  -9.0  32.2  15.2  36.0  17.3   -9.0   -9.0   -9.0   -9.0   -9.0   -9.0   -9.0 -9 -9 -                        1   0   -9 Ci         1   0   0  2880  1.0  3.47 -9  57.5  28.5  28.0  24.9  23.9  -9 -9.0 -9  3  2
202406131500 108  27  2.5  -9 -9.0   -9  993.8 1003.2  7  -1.2  32.3  16.1  38.0  18.3   -9.0   -9.0   -9.0   -9.0   -9.0   -9.0   -9.0 -9 -9 -                        0   0   -9 -         -9  -9  -9  2009  1.0  3.14 -9  56.1  29.1  28.8  25.5  24.0  -9 -9.0 -9  3  2
202406131600 108  25  3.2  -9 -9.0   -9  993.5 1002.9 -9  -9.0  32.6  14.2  33.0  16.2   -9.0   -9.0   -9.0   -9.0   -9.0   -9.0   -9.0 -9 -9 -                        0   0   -9 -         -9  -9  -9  2616  1.0  2.70 -9  52.4  29.6  29.4  26.0  24.3  -9 -9.0 -9  3  2
202406131700 108  27  3.8  -9 -9.0   -9  993.6 1003.1 -9  -9.0  31.8  14.4  35.0  16.4   -9.0   -9.0   -9.0   -9.0   -9.0   -9.0   -9.0 -9 -9 -                        0   0   -9 -         -9  -9  -9  2869  1.0  2.09 -9  46.1  29.7  29.7  26.4  24.6  -9 -9.0 -9  3  2
202406131800 108  27  3.2  -9 -9.0   -9  993.5 1003.0  5  -0.2  31.0  14.5  37.0  16.5   -9.0   -9.0   -9.0   -9.0   -9.0   -9.0   -9.0 -9 -9 -                        0   0   -9 -         -9  -9  -9  2464  1.0  1.39 -9  36.3  29.4  29.7  26.8  24.9  -9 -9.0 -9  3  2
202406131900 108  27  2.7  -9 -9.0   -9  993.9 1003.4 -9  -9.0  29.6  15.6  43.0  17.7   -9.0   -9.0   -9.0   -9.0   -9.0   -9.0   -9.0 -9 -9 -                        0   0   -9 -         -9  -9  -9  3184  1.0  0.66 -9  30.0  28.9  29.5  27.0  25.1  -9 -9.0 -9  3 -9
202406132000 108  27  1.7  -9 -9.0   -9  994.2 1003.8 -9  -9.0  27.8  14.0  43.0  16.0   -9.0   -9.0   -9.0   -9.0   -9.0   -9.0   -9.0 -9 -9 -                        0   0   -9 -         -9  -9  -9  3399  0.5  0.13 -9  25.8  28.2  29.1  27.2  25.5  -9 -9.0 -9  3 -9
202406132100 108  27  2.0  -9 -9.0   -9  994.5 1004.1  2   1.1  26.5  14.2  47.0  16.2   -9.0   -9.0   -9.0   -9.0   -9.0   -9.0   -9.0 -9 -9 -                        0   0   -9 -         -9  -9  -9  3274 -9.0 -9.00 -9  23.7  27.3  28.5  27.2  25.7  -9 -9.0 -9  3  2
202406132200 108  25  2.1  -9 -9.0   -9  994.4 1004.1 -9  -9.0  25.6  14.7  51.0  16.7   -9.0   -9.0   -9.0   -9.0   -9.0   -9.0   -9.0 -9 -9 -                        0   0   -9 -         -9  -9  -9  3187 -9.0 -9.00 -9  22.4  26.6  28.0  27.0  25.8  -9 -9.0 -9  3 -9
202406132300 108  29  1.2  -9 -9.0   -9  994.6 1004.3 -9  -9.0  24.9  14.6  53.0  16.6   -9.0   -9.0   -9.0   -9.0   -9.0   -9.0   -9.0 -9 -9 -                        0   0   -9 -         -9  -9  -9  3220 -9.0 -9.00 -9  21.3  26.0  27.4  26.8  25.8  -9 -9.0 -9  3 -9
202406140000 108  27  2.1  -9 -9.0   -9  994.7 1004.4  2   0.3  23.9  13.7  53.0  15.7   -9.0   -9.0   -9.0   -9.0   -9.0   -9.0   -9.0 -9 -9 -                        0   0   -9 -         -9  -9  -9  3331 -9.0 -9.00 -9  20.7  25.5  26.9  26.5  25.7  -9 -9.0 -9  3  2
202406140100 108  36  1.7  -9 -9.0   -9  994.4 1004.1 -9  -9.0  23.4  14.3  57.0  16.3   -9.0   -9.0   -9.0   -9.0   -9.0   -9.0   -9.0 -9 -9 -                        0   0   -9 -         -9  -9  -9  3217 -9.0 -9.00 -9  20.1  25.0  26.5  26.2  25.7  -9 -9.0 -9  3 -9
202406140200 108  27  1.7  -9 -9.0   -9  994.6 1004.3 -9  -9.0  23.1  14.3  58.0  16.3   -9.0   -9.0   -9.0   -9.0   -9.0   -9.0   -9.0 -9 -9 -                        0   0   -9 -         -9  -9  -9  3284 -9.0 -9.00 -9  19.6  24.6  26.1  25.9  25.6  -9 -9.0 -9  3 -9
202406140300 108  27  2.5  -9 -9.0   -9  995.2 1005.0  3   0.6  22.3  14.1  60.0  16.1   -9.0   -9.0   -9.0   -9.0   -9.0   -9.0   -9.0 -9 -9 -                        0   0   -9 -         -9  -9  -9  3264 -9.0 -9.00 -9  19.2  24.2  25.7  25.7  25.5  -9 -9.0 -9  3  2
202406140400 108  23  1.0  -9 -9.0   -9  995.8 1005.6 -9  -9.0  21.9  15.9  69.0  18.1   -9.0   -9.0   -9.0   -9.0   -9.0   -9.0   -9.0 -9 -9 -                        0   0   -9 -         -9  -9  -9  2247 -9.0 -9.00 -9  18.7  23.9  25.4  25.4  25.3  -9 -9.0 -9  3  2
202406140500 108  34  1.1  -9 -9.0   -9  995.9 1005.7 -9  -9.0  21.7  16.8  74.0  19.1   -9.0   -9.0   -9.0   -9.0   -9.0   -9.0   -9.0 -9 -9 -                        3   0   -9 Ci         1   0   0  2203 -9.0 -9.00 -9  18.3  23.6  25.0  25.1  25.2  -9 -9.0 -9  3  2
202406140600 108  29  1.7  -9 -9.0   -9  996.3 1006.1  2   1.1  21.6  16.3  72.0  18.5   -9.0   -9.0   -9.0   -9.0   -9.0   -9.0   -9.0 -9 -9 -                        7   2   33 AcCi       1   3   0  2225  0.0  0.09 -9  20.0  23.2  24.7  24.9  25.0  -9 -9.0 -9  3  2
202406140700 108  11  0.5  -9 -9.0   -9  996.8 1006.6 -9  -9.0  22.4  16.6  70.0  18.9   -9.0   -9.0   -9.0   -9.0   -9.0   -9.0   -9.0 -9 -9 -                        8   0   -9 Ci         2   0   0  2646  0.6  0.46 -9  24.1  23.1  24.5  24.6  24.8  -9 -9.0 -9  3  2
202406140800 108  25  0.9  -9 -9.0   -9  996.6 1006.3 -9  -9.0  24.1  17.3  66.0  19.7   -9.0   -9.0   -9.0   -9.0   -9.0   -9.0   -9.0 -9 -9 -                        4   0   -9 Ci         1   0   0  2503  1.0  1.07 -9  30.6  23.3  24.5  24.3  24.5  -9 -9.0 -9  3  2
202406140900 108  11  1.4  -9 -9.0   -9  996.1 1005.7  8  -0.4  26.5  17.5  58.0  20.0   -9.0   -9.0   -9.0   -9.0   -9.0   -9.0   -9.0 -9 -9 -                        2   0   -9 Ci         1   0   0  2150  1.0  1.76 -9  39.2  23.7  24.7  24.3  24.5  -9 -9.0 -9  3  2
202406141000 108   5  2.2  -9 -9.0   -9  995.4 1004.9 -9  -9.0  28.7  15.9  46.0  18.1   -9.0   -9.0   -9.0   -9.0   -9.0   -9.0   -9.0 -9 -9 -                        3   0   -9 Ci         1   0   0  2885  1.0  2.48 -9  45.8  24.5  25.1  24.3  24.4  -9 -9.0 -9  3  2
202406141100 108  14  2.5  -9 -9.0   -9  994.7 1004.2 -9  -9.0  30.2  14.7  39.0  16.7   -9.0   -9.0   -9.0   -9.0   -9.0   -9.0   -9.0 -9 -9 -                        3   0   -9 Ci         1   0   0  3547  1.0  3.01 -9  52.4  25.5  25.8  24.5  24.3  -9 -9.0 -9  3  2
202406141200 108  16  2.7  -9 -9.0   -9  994.1 1003.6  7  -2.1  31.6  14.2  35.0  16.2   -9.0   -9.0   -9.0   -9.0   -9.0   -9.0   -9.0 -9 -9 -                        6   0   -9 Ci         1   0   0  2486  1.0  3.42 -9  56.6  26.8  26.7  24.7  24.3  -9 -9.0 -9  3  2
202406141300 108  20  2.8  -9 -9.0   -9  993.7 1003.2 -9  -9.0  31.9  16.2  39.0  18.4   -9.0   -9.0   -9.0   -9.0   -9.0   -9.0   -9.0 -9 -9 -                        8   0   -9 Ci         2   0   0  2326  0.9  2.97 -9  50.1  28.0  27.7  25.1  24.4  -9 -9.0 -9  3  2
202406141400 108  20  2.7  -9 -9.0   -9  993.4 1002.8 -9  -9.0  32.6  16.4  38.0  18.6   -9.0   -9.0   -9.0   -9.0   -9.0   -9.0   -9.0 -9 -9 -                        8   0   -9 Ci         2   0   0  2757  0.8  2.42 -9  50.5  28.6  28.4  25.6  24.5  -9 -9.0 -9  3  2
202406141500 108  27  3.8  -9 -9.0   -9  993.7 1003.1  5  -0.5  32.3  18.1  43.0  20.8   -9.0   -9.0   -9.0   -9.0   -9.0   -9.0   -9.0 -9 -9 -                        5   0   -9 Ci         1   0   0  1832  0.7  2.17 -9  51.1  28.9  28.9  26.0  24.7  -9 -9.0 -9  3  2
202406141600 108  27  5.5  -9 -9.0   -9  993.9 1003.4 -9  -9.0  31.1  14.6  37.0  16.6   -9.0   -9.0   -9.0   -9.0   -9.0   -9.0   -9.0 -9 -9 -                        6   3   38 AcCi       1   3   0  2751  0.9  2.40 -9  45.6  29.1  29.2  26.4  24.9  -9 -9.0 -9  3  2
202406141700 108  25  4.4  -9 -9.0   -9  994.4 1004.0 -9  -9.0  28.3  15.9  47.0  18.1   -9.0   -9.0   -9.0   -9.0   -9.0   -9.0   -9.0 -9 -9 -                        6   4   35 AcCi       1   3   0  2592  0.2  0.93 -9  36.2  28.8  29.2  26.7  25.1  -9 -9.0 -9  3  2
202406141800 108  25  3.4  -9 -9.0   -9  994.3 1003.9  0   0.8  27.3  17.4  55.0  19.9   -9.0   -9.0   -9.0   -9.0   -9.0   -9.0   -9.0 -9 -9 -                        9   6   45 AcCi       1   3   0  2468  0.0  0.74 -9  32.9  28.3  28.9  26.9  25.3  -9 -9.0 -9  3  2
202406141900 108  25  2.9  -9 -9.0   -9  994.3 1003.9 -9  -9.0  26.2  16.4  55.0  18.6   -9.0   -9.0   -9.0   -9.0   -9.0   -9.0   -9.0 -9 -9 -                        8   1   -9 -         -9  -9  -9  2412  0.0  0.27 -9  28.7  27.9  28.7  26.9  25.5  -9 -9.0 -9  3 -9
202406142000 108  27  2.1  -9 -9.0   -9  994.4 1004.1 -9  -9.0  25.5  16.3  57.0  18.5   -9.0   -9.0   -9.0   -9.0   -9.0   -9.0   -9.0 -9 -9 -                        9   1   -9 -         -9  -9  -9  2425  0.0  0.05 -9  26.1  27.3  28.3  26.9  25.6  -9 -9.0 -9  3 -9
202406142100 108  27  2.3  -9 -9.0   -9  994.7 1004.4  2   0.5  24.9  16.5  60.0  18.8   -9.0   -9.0   -9.0   -9.0   -9.0   -9.0   -9.0 -9 -9 -                        7   3   45 AcCi       1   3   0  2478 -9.0 -9.00 -9  24.5  26.8  27.8  26.8  25.7  -9 -9.0 -9  3  2
202406142200 108  27  1.9  -9 -9.0   -9  995.4 1005.1 -9  -9.0  24.3  17.7  67.0  20.2   -9.0   -9.0   -9.0   -9.0   -9.0   -9.0   -9.0 -9 -9 -                        9   1   -9 -         -9  -9  -9  1799 -9.0 -9.00 -9  23.9  26.2  27.4  26.6  25.7  -9 -9.0 -9  3 -9
202406142300 108  29  1.7  -9 -9.0   -9  995.8 1005.5 -9  -9.0  24.0  17.2  66.0  19.6   -9.0   -9.0   -9.0   -9.0   -9.0   -9.0   -9.0 -9 -9 -                        9   1   -9 -         -9  -9  -9  1838 -9.0 -9.00 -9  23.6  25.8  27.1  26.4  25.7  -9 -9.0 -9  3 -9
202406150000 108  29  0.9  -9 -9.0   -9  995.5 1005.2  0   0.8  23.8  16.8  65.0  19.1   -9.0   -9.0   -9.0   -9.0   -9.0   -9.0   -9.0 -9 -9 -                        9   3   10 ScAc       0   3   5  1860 -9.0 -9.00 -9  23.3  25.5  26.7  26.2  25.7  -9 -9.0 -9  3  2
202406150100 108  29  1.1  -9 -9.0   -9  995.0 1004.7 -9  -9.0  23.6  17.1  67.0  19.5   -9.0   -9.0   -9.0   -9.0   -9.0   -9.0   -9.0 -9 -9 -                       10   1   -9 -         -9  -9  -9  1649 -9.0 -9.00 -9  23.1  25.2  26.4  26.0  25.6  -9 -9.0 -9  3 -9
202406150200 108  27  1.4  -9 -9.0   -9  994.8 1004.5 -9  -9.0  23.4  17.1  68.0  19.5    0.0    0.0    0.0   -9.0   -9.0   -9.0   -9.0 60 62 01                      10   5   10 ScAs      -9   2   5  1343 -9.0 -9.00 -9  22.6  25.0  26.2  25.8  25.5  -9 -9.0 -9  4  1
202406150300 108   0  0.3  -9 -9.0   -9  994.2 1003.9  7  -1.3  23.3  17.2  69.0  19.6    0.0    0.0    0.0   -9.0   -9.0   -9.0   -9.0 60 66 01                      10   4   10 ScAs      -9   2   5  1518 -9.0 -9.00 -9  22.5  24.7  25.9  25.6  25.4  -9 -9.0 -9  4  1
202406150400 108  20  1.9  -9 -9.0   -9  994.6 1004.4 -9  -9.0  22.4  18.5  79.0  21.3    3.8    3.8    3.8   -9.0   -9.0   -9.0   -9.0 63 66 1901                    10   7    8 StNs      -9   2   7   160 -9.0 -9.00 -9  21.0  24.4  25.7  25.4  25.3  -9 -9.0 -9  4  1
202406150500 108   0  0.4  -9 -9.0   -9  994.6 1004.4 -9  -9.0  21.9  19.0  84.0  22.0    1.3    5.1    5.1   -9.0   -9.0   -9.0   -9.0 61 66 1901                    10   5    8 StNs      -9   2   7   630 -9.0 -9.00 -9  21.5  24.1  25.4  25.2  25.2  -9 -9.0 -9  4  1
202406150600 108  27  0.8  -9 -9.0   -9  994.7 1004.5  2   0.6  21.9  19.2  85.0  22.2    0.3    5.4    5.4   -9.0   -9.0   -9.0   -9.0 61 66 1901                    10   7    8 StNs      -9   2   7   633  0.0  0.02 -9  21.7  23.8  25.2  25.0  25.1  -9 -9.0 -9  4  1
202406150700 108  14  0.9  -9 -9.0   -9  994.3 1004.1 -9  -9.0  22.0  19.3  85.0  22.4    0.3    5.7    5.7   -9.0   -9.0   -9.0   -9.0 21 62 1901                     9   7   10 ScAc       0   3   5   946  0.0  0.17 -9  22.8  23.6  24.9  24.7  24.8  -9 -9.0 -9  4  1
202406150800 108  16  0.5  -9 -9.0   -9  994.8 1004.5 -9  -9.0  23.1  19.8  82.0  23.1   -9.0    5.7    5.7   -9.0   -9.0   -9.0   -9.0 10 22 19                       8   6   10 ScCc       9   0   5   926  0.3  0.78 -9  27.5  23.6  24.8  24.5  24.7  -9 -9.0 -9  3  1
202406150900 108  25  1.4  -9 -9.0   -9  994.4 1004.1  6  -0.4  23.7  19.6  78.0  22.8   -9.0    5.7    5.7   -9.0   -9.0   -9.0   -9.0 -9 62 19                       8   8   13 Sc         0   0   5  1027  0.1  1.12 -9  27.9  24.1  24.9  24.4  24.5  -9 -9.0 -9  3  1
202406151000 108  25  1.7  -9 -9.0   -9  994.3 1003.9 -9  -9.0  24.5  19.9  76.0  23.2   -9.0    5.7    5.7   -9.0   -9.0   -9.0   -9.0 10 22 19                       9   9    8 Sc         0   0   5   969  0.1  1.13 -9  29.3  24.5  25.1  24.4  24.4  -9 -9.0 -9  3  1
202406151100 108  27  1.8  -9 -9.0   -9  994.3 1004.0 -9  -9.0  25.0  19.5  72.0  22.7   -9.0    5.7    5.7   -9.0   -9.0   -9.0   -9.0 -9 -9 19                       9   8    8 ScAc       0   3   5  1131  0.0  1.04 -9  29.4  24.9  25.4  24.4  24.4  -9 -9.0 -9  3  2
202406151200 108  29  2.1  -9 -9.0   -9  994.3 1004.0  5  -0.1  24.9  19.7  73.0  22.9    0.0    5.7    5.7   -9.0   -9.0   -9.0   -9.0 60 62 01                      10   8    8 ScAs      -9   2   5  1072  0.0  0.56 -9  26.3  25.3  25.7  24.5  24.3  -9 -9.0 -9  4  1
202406151300 108  27  1.8  -9 -9.0   -9  993.9 1003.6 -9  -9.0  25.0  20.2  75.0  23.7    0.4    6.1    6.1   -9.0   -9.0   -9.0   -9.0 21 62 01                       9   2    7 ScAcCi     1   3   5  1602  0.0  0.84 -9  30.7  25.0  25.7  24.6  24.3  -9 -9.0 -9  4  1
202406151400 108  27  2.6  -9 -9.0   -9  993.1 1002.7 -9  -9.0  25.9  19.5  68.0  22.7   -9.0    6.1    6.1   -9.0   -9.0   -9.0   -9.0 -9 -9 -                        8   5    8 ScCi       1   0   5  1543  0.2  1.70 -9  30.9  25.4  25.9  24.7  24.3  -9 -9.0 -9  3  2
202406151500 108  27  2.8  -9 -9.0   -9  992.3 1001.9  7  -2.1  27.2  18.7  60.0  21.6   -9.0    6.1    6.1   -9.0   -9.0   -9.0   -9.0 -9 62 -                        5   4   10 ScCi       1   0   5  2317  0.6  2.55 -9  33.5  26.0  26.3  24.8  24.4  -9 -9.0 -9  3  1
202406151600 108  27  3.4  -9 -9.0   -9  991.9 1001.4 -9  -9.0  28.0  18.3  56.0  21.0   -9.0    6.1    6.1   -9.0   -9.0   -9.0   -9.0 -9 -9 -                        4   3   11 ScCi       1   0   5  2334  0.8  2.43 -9  35.2  26.8  26.9  25.0  24.4  -9 -9.0 -9  3  2
202406151700 108  25  2.8  -9 -9.0   -9  991.6 1001.1 -9  -9.0  27.9  18.8  58.0  21.7   -9.0    6.1    6.1   -9.0   -9.0   -9.0   -9.0 -9 -9 -                        5   2   10 ScAc       0   3   5  2822  0.8  1.90 -9  32.8  27.2  27.3  25.2  24.4  -9 -9.0 -9  3  2
202406151800 108  27  3.6  -9 -9.0   -9  992.0 1001.6  5  -0.3  26.8  18.9  62.0  21.8   -9.0    6.1    6.1   -9.0   -9.0   -9.0   -9.0 -9 -9 -                        6   2    8 CuScAc     0   3   2  2687  0.3  0.97 -9  28.4  27.1  27.4  25.4  24.5  -9 -9.0 -9  3  2
202406151900 108  25  2.3  -9 -9.0   -9  992.3 1002.0 -9  -9.0  25.6  18.7  66.0  21.6   -9.0    6.1    6.1   -9.0   -9.0   -9.0   -9.0 -9 -9 -                        6   6   -9 -         -9  -9  -9  2324  0.2  0.40 -9  25.3  26.6  27.3  25.6  24.7  -9 -9.0 -9  3 -9
202406152000 108  27  2.5  -9 -9.0   -9  992.9 1002.5 -9  -9.0  24.6  18.7  70.0  21.6   -9.0    6.1    6.1   -9.0   -9.0   -9.0   -9.0 -9 -9 -                        6   6   -9 -         -9  -9  -9  2208  0.0  0.10 -9  23.3  26.0  26.9  25.6  24.8  -9 -9.0 -9  3 -9
202406152100 108  25  2.4  -9 -9.0   -9  993.0 1002.7  2   1.1  23.8  18.2  71.0  20.9   -9.0    6.1    6.1   -9.0   -9.0   -9.0   -9.0 -9 -9 -                        3   3   35 Ac         0   3   0  2344 -9.0 -9.00 -9  21.8  25.4  26.5  25.6  24.9  -9 -9.0 -9  3  2
202406152200 108  27  2.3  -9 -9.0   -9  993.7 1003.4 -9  -9.0  23.1  18.4  75.0  21.2   -9.0    6.1    6.1   -9.0   -9.0   -9.0   -9.0 -9 -9 -                        5   5   -9 -         -9  -9  -9  2127 -9.0 -9.00 -9  21.1  24.9  26.1  25.4  24.9  -9 -9.0 -9  3 -9
202406152300 108  27  1.9  -9 -9.0   -9  994.1 1003.8 -9  -9.0  22.5  18.2  77.0  20.9   -9.0    6.1    6.1   -9.0   -9.0   -9.0   -9.0 -9 -9 -                        0   0   -9 -         -9  -9  -9  1918 -9.0 -9.00 -9  20.4  24.5  25.7  25.2  24.9  -9 -9.0 -9  3 -9
202406160000 108  27  2.1  -9 -9.0   -9  994.0 1003.8  1   1.1  21.9  18.2  80.0  20.9   -9.0    6.1    6.1   -9.0   -9.0   -9.0   -9.0 -9 -9 -                        0   0   -9 -         -9  -9  -9  1640 -9.0 -9.00 -9  19.7  24.0  25.3  25.0  24.8  -9 -9.0 -9  3  2
202406160100 108  27  1.9  -9 -9.0   -9  993.9 1003.7 -9  -9.0  21.5  18.4  83.0  21.2   -9.0   -9.0   -9.0   -9.0   -9.0   -9.0   -9.0 -9 -9 19                       0   0   -9 -         -9  -9  -9   850 -9.0 -9.00 -9  19.2  23.5  24.9  24.7  24.8  -9 -9.0 -9  3  2
202406160200 108  27  1.3  -9 -9.0   -9  994.3 1004.1 -9  -9.0  21.1  18.4  85.0  21.2   -9.0   -9.0   -9.0   -9.0   -9.0   -9.0   -9.0 -9 -9 19                       0   0   -9 -         -9  -9  -9   706 -9.0 -9.00 -9  18.9  23.2  24.6  24.5  24.6  -9 -9.0 -9  3  2
202406160300 108  27  1.2  -9 -9.0   -9  994.2 1004.0  0   0.2  20.9  18.6  87.0  21.4   -9.0   -9.0   -9.0   -9.0   -9.0   -9.0   -9.0 10  0 19                       3   3    7 Sc         0   0   5   687 -9.0 -9.00 -9  18.9  23.0  24.3  24.3  24.5  -9 -9.0 -9  3  1
202406160400 108  25  2.2  -9 -9.0   -9  994.3 1004.2 -9  -9.0  20.4  18.3  88.0  21.0   -9.0   -9.0   -9.0   -9.0   -9.0   -9.0   -9.0 10  0 19                       0   0   -9 -         -9  -9  -9   733 -9.0 -9.00 -9  18.3  22.5  24.0  24.2  24.5  -9 -9.0 -9  3  1
202406160500 108  27  2.1  -9 -9.0   -9  994.6 1004.5 -9  -9.0  20.0  17.7  87.0  20.2   -9.0   -9.0   -9.0   -9.0   -9.0   -9.0   -9.0 -9 -9 19                       0   0   -9 -         -9  -9  -9  1125 -9.0 -9.00 -9  17.8  22.1  23.7  24.0  24.4  -9 -9.0 -9  3  2
202406160600 108  27  1.9  -9 -9.0   -9  995.4 1005.3  2   1.3  19.9  17.1  84.0  19.5   -9.0   -9.0   -9.0   -9.0   -9.0   -9.0   -9.0 -9 -9 -                        0   0   -9 -         -9  -9  -9  1654  0.0  0.06 -9  18.0  21.6  23.5  23.8  24.2  -9 -9.0 -9  3  2
202406160700 108  29  2.4  -9 -9.0   -9  996.1 1006.0 -9  -9.0  20.7  16.5  77.0  18.8   -9.0   -9.0   -9.0   -9.0   -9.0   -9.0   -9.0 -9 -9 -                        0   0   -9 -         -9  -9  -9  2026  1.0  0.54 -9  20.3  21.3  23.3  23.5  24.1  -9 -9.0 -9  3  2
202406160800 108  27  2.9  -9 -9.0   -9  996.2 1006.0 -9  -9.0  22.1  16.3  70.0  18.5   -9.0   -9.0   -9.0   -9.0   -9.0   -9.0   -9.0 -9 -9 -                        0   0   -9 -         -9  -9  -9  2208  1.0  1.31 -9  25.3  21.5  23.2  23.3  23.9  -9 -9.0 -9  3  2
202406160900 108  27  2.9  -9 -9.0   -9  996.5 1006.2  2   0.9  23.4  16.4  65.0  18.6   -9.0   -9.0   -9.0   -9.0   -9.0   -9.0   -9.0 -9 -9 -                        0   0   -9 -         -9  -9  -9  2724  1.0  2.05 -9  30.3  22.0  23.4  23.2  23.8  -9 -9.0 -9  3  2
202406161000 108  29  2.3  -9 -9.0   -9  996.2 1005.9 -9  -9.0  24.8  15.4  56.0  17.5   -9.0   -9.0   -9.0   -9.0   -9.0   -9.0   -9.0 -9 -9 -                        0   0   -9 -         -9  -9  -9  3024  1.0  2.73 -9  35.2  22.9  23.8  23.3  23.7  -9 -9.0 -9  3  2
202406161100 108  29  3.7  -9 -9.0   -9  996.4 1006.1 -9  -9.0  26.2  13.9  47.0  15.9   -9.0   -9.0   -9.0   -9.0   -9.0   -9.0   -9.0 -9 -9 -                        2   2    9 Sc         0   0   5  3510  1.0  3.18 -9  39.2  24.9  24.5  23.4  23.6  -9 -9.0 -9  3  2
202406161200 108  32  3.4  -9 -9.0   -9  996.0 1005.6  7  -0.6  27.4  13.3  42.0  15.3   -9.0   -9.0   -9.0   -9.0   -9.0   -9.0   -9.0 -9 -9 -                        0   0   -9 -         -9  -9  -9  3688  1.0  3.57 -9  44.7  25.9  25.3  23.6  23.6  -9 -9.0 -9  3  2
202406161300 108  27  3.3  -9 -9.0   -9  995.7 1005.3 -9  -9.0  28.1  14.0  42.0  16.0   -9.0   -9.0   -9.0   -9.0   -9.0   -9.0   -9.0 -9 -9 -                        0   0   -9 -         -9  -9  -9  3583  1.0  3.71 -9  48.4  27.3  26.2  24.0  23.6  -9 -9.0 -9  3  2
202406161400 108  27  3.6  -9 -9.0   -9  995.6 1005.1 -9  -9.0  28.9  14.3  41.0  16.3   -9.0   -9.0   -9.0   -9.0   -9.0   -9.0   -9.0 -9 -9 -                        3   3    9 Sc         0   0   5  3035  0.9  3.36 -9  48.4  28.0  27.1  24.4  23.7  -9 -9.0 -9  3  2
202406161500 108  27  3.3  -9 -9.0   -9  995.4 1004.9  7  -0.7  29.1  14.8  42.0  16.8   -9.0   -9.0   -9.0   -9.0   -9.0   -9.0   -9.0 -9 -9 -                        3   3    9 Sc         0   0   5  2953  0.8  2.71 -9  45.8  28.5  27.8  24.9  23.9  -9 -9.0 -9  3  2
202406161600 108  23  4.9  -9 -9.0   -9  995.4 1004.9 -9  -9.0  29.0  16.2  46.0  18.4   -9.0   -9.0   -9.0   -9.0   -9.0   -9.0   -9.0 -9 -9 -                        1   1    8 Sc         0   0   5  2378  0.9  2.58 -9  45.6  28.8  28.3  25.4  24.1  -9 -9.0 -9  3  2
202406161700 108  27  4.1  -9 -9.0   -9  995.4 1004.9 -9  -9.0  28.8  14.6  42.0  16.6   -9.0   -9.0   -9.0   -9.0   -9.0   -9.0   -9.0 -9 -9 -                        0   0   -9 -         -9  -9  -9  3424  1.0  1.95 -9  41.3  28.9  28.7  25.8  24.4  -9 -9.0 -9  3  2
202406161800 108  29  4.2  -9 -9.0   -9  995.9 1005.5  2   0.6  27.9  14.1  43.0  16.1   -9.0   -9.0   -9.0   -9.0   -9.0   -9.0   -9.0 -9 -9 -                        0   0   -9 -         -9  -9  -9  3583  1.0  1.43 -9  33.0  27.6  28.7  26.2  24.6  -9 -9.0 -9  3  2
202406161900 108  23  4.3  -9 -9.0   -9  996.7 1006.4 -9  -9.0  26.4  14.1  47.0  16.1   -9.0   -9.0   -9.0   -9.0   -9.0   -9.0   -9.0 -9 -9 -                        0   0   -9 -         -9  -9  -9  3566  1.0  0.70 -9  27.6  27.0  28.4  26.3  24.8  -9 -9.0 -9  3 -9
202406162000 108  23  2.5  -9 -9.0   -9  997.3 1007.0 -9  -9.0  24.9  13.4  49.0  15.4   -9.0   -9.0   -9.0   -9.0   -9.0   -9.0   -9.0 -9 -9 -                        0   0   -9 -         -9  -9  -9  3680  0.6  0.14 -9  24.3  26.2  27.9  26.4  25.0  -9 -9.0 -9  3 -9
202406162100 108  23  2.7  -9 -9.0   -9  998.0 1007.7  2   2.2  23.8  12.4  49.0  14.4   -9.0   -9.0   -9.0   -9.0   -9.0   -9.0   -9.0 -9 -9 -                        0   0   -9 -         -9  -9  -9  3680 -9.0 -9.00 -9  22.3  26.0  27.4  26.2  25.1  -9 -9.0 -9  3  2
202406162200 108  23  2.4  -9 -9.0   -9  998.5 1008.3 -9  -9.0  23.0  11.7  49.0  13.7   -9.0   -9.0   -9.0   -9.0   -9.0   -9.0   -9.0 -9 -9 -                        0   0   -9 -         -9  -9  -9  3791 -9.0 -9.00 -9  20.9  25.3  26.8  26.1  25.2  -9 -9.0 -9  3 -9
202406162300 108  25  1.9  -9 -9.0   -9  998.6 1008.4 -9  -9.0  22.2  12.1  53.0  14.1   -9.0   -9.0   -9.0   -9.0   -9.0   -9.0   -9.0 -9 -9 -                        0   0   -9 -         -9  -9  -9  3655 -9.0 -9.00 -9  19.9  24.6  26.2  25.8  25.2  -9 -9.0 -9  3 -9
202406170000 108  27  2.6  -9 -9.0   -9  998.6 1008.4  1   0.7  21.6  12.1  55.0  14.1   -9.0   -9.0   -9.0   -9.0   -9.0   -9.0   -9.0 -9 -9 -                        1   0   -9 Ci         1   0   0  3554 -9.0 -9.00 -9  19.2  24.2  25.7  25.5  25.2  -9 -9.0 -9  3  2
202406170100 108  27  1.5  -9 -9.0   -9  998.6 1008.5 -9  -9.0  21.1  11.6  55.0  13.7   -9.0   -9.0   -9.0   -9.0   -9.0   -9.0   -9.0 -9 -9 -                        0   0   -9 -         -9  -9  -9  3489 -9.0 -9.00 -9  18.4  23.7  25.2  25.2  25.1  -9 -9.0 -9  3 -9
202406170200 108  25  0.9  -9 -9.0   -9  998.9 1008.8 -9  -9.0  20.5  12.2  59.0  14.2   -9.0   -9.0   -9.0   -9.0   -9.0   -9.0   -9.0 -9 -9 -                        4   4   -9 -         -9  -9  -9  3743 -9.0 -9.00 -9  17.6  23.2  24.8  25.0  25.0  -9 -9.0 -9  3 -9
202406170300 108  29  1.4  -9 -9.0   -9  998.8 1008.7  0   0.3  20.3  13.2  64.0  15.2   -9.0   -9.0   -9.0   -9.0   -9.0   -9.0   -9.0 -9 -9 -                        0   0   -9 -         -9  -9  -9  3486 -9.0 -9.00 -9  17.2  22.7  24.3  24.7  24.9  -9 -9.0 -9  3  2
202406170400 108  25  1.0  -9 -9.0   -9  998.7 1008.6 -9  -9.0  19.6  13.2  67.0  15.2   -9.0   -9.0   -9.0   -9.0   -9.0   -9.0   -9.0 -9 -9 -                        0   0   -9 -         -9  -9  -9  3205 -9.0 -9.00 -9  16.6  22.4  24.0  24.4  24.7  -9 -9.0 -9  3  2
202406170500 108   0  0.4  -9 -9.0   -9  999.0 1008.9 -9  -9.0  19.2  13.8  71.0  15.8   -9.0   -9.0   -9.0   -9.0   -9.0   -9.0   -9.0 -9 -9 -                        2   0   -9 Ci         1   0   0  3091 -9.0 -9.00 -9  16.1  22.0  23.6  24.1  24.6  -9 -9.0 -9  3  2
202406170600 108   2  0.8  -9 -9.0   -9  999.4 1009.3  3   0.6  18.9  13.7  72.0  15.7   -9.0   -9.0   -9.0   -9.0   -9.0   -9.0   -9.0 -9 -9 -                        2   0   -9 Ci         1   0   0  2953  0.0  0.05 -9  16.6  21.6  23.2  23.8  24.4  -9 -9.0 -9  3  2
202406170700 108   7  0.6  -9 -9.0   -9  999.2 1009.1 -9  -9.0  20.1  14.0  68.0  16.0   -9.0   -9.0   -9.0   -9.0   -9.0   -9.0   -9.0 -9 -9 -                        3   0   -9 Ci         1   0   0  3800  1.0  0.59 -9  20.0  21.3  23.0  23.6  24.2  -9 -9.0 -9  3  2
202406170800 108   7  0.6  -9 -9.0   -9  999.3 1009.1 -9  -9.0  22.5  14.5  61.0  16.5   -9.0   -9.0   -9.0   -9.0   -9.0   -9.0   -9.0 -9 -9 -                        5   0   -9 Ci         1   0   0  2599  1.0  1.31 -9  27.4  21.6  22.9  23.3  24.0  -9 -9.0 -9  3  2
202406170900 108  16  1.5  -9 -9.0   -9  999.0 1008.7  7  -0.6  24.7  14.1  52.0  16.1   -9.0   -9.0   -9.0   -9.0   -9.0   -9.0   -9.0 -9 -9 -                        6   0   -9 Ci         1   0   0  3051  1.0  1.98 -9  34.2  22.3  23.2  23.2  23.9  -9 -9.0 -9  3  2
202406171000 108  20  1.5  -9 -9.0   -9  998.3 1008.0 -9  -9.0  26.0  13.8  47.0  15.8   -9.0   -9.0   -9.0   -9.0   -9.0   -9.0   -9.0 -9 -9 -                        8   0   -9 Ci         1   0   0  2931  1.0  2.41 -9  40.0  23.3  23.8  23.2  23.7  -9 -9.0 -9  3  2
202406171100 108  25  2.3  -9 -9.0   -9  998.1 1007.7 -9  -9.0  27.5  14.1  44.0  16.1   -9.0   -9.0   -9.0   -9.0   -9.0   -9.0   -9.0 -9 -9 -                        7   0   -9 Ci         1   0   0  3107  1.0  3.11 -9  47.2  24.6  24.6  23.3  23.5  -9 -9.0 -9  3  2
202406171200 108  25  2.8  -9 -9.0   -9  997.7 1007.3  7  -1.4  28.8  14.6  42.0  16.6   -9.0   -9.0   -9.0   -9.0   -9.0   -9.0   -9.0 -9 -9 -                        8   0   -9 Ci         1   0   0  2797  1.0  3.26 -9  48.6  26.0  25.6  23.7  23.6  -9 -9.0 -9  3  2
202406171300 108  25  3.5  -9 -9.0   -9  996.9 1006.5 -9  -9.0  29.9  11.4  32.0  13.5   -9.0   -9.0   -9.0   -9.0   -9.0   -9.0   -9.0 -9 -9 -                        8   0   -9 Ci         2   0   0  3035  1.0  3.44 -9  52.4  26.9  26.6  24.1  23.6  -9 -9.0 -9  3  2
202406171400 108  27  4.0  -9 -9.0   -9  996.3 1005.8 -9  -9.0  29.6  10.6  31.0  12.8   -9.0   -9.0   -9.0   -9.0   -9.0   -9.0   -9.0 -9 -9 -                        7   0   -9 Ci         2   0   0  3455  1.0  3.16 -9  48.8  28.0  27.5  24.6  23.7  -9 -9.0 -9  3  2
202406171500 108  23  3.8  -9 -9.0   -9  996.5 1006.1  5  -1.2  30.0  11.0  31.0  13.1   -9.0   -9.0   -9.0   -9.0   -9.0   -9.0   -9.0 -9 -9 -                        9   0   -9 Ci         2   0   0  3389  1.0  2.70 -9  46.3  28.5  28.1  25.1  23.9  -9 -9.0 -9  3  2
202406171600 108  25  3.3  -9 -9.0   -9  996.3 1005.8 -9  -9.0  30.1  11.5  32.0  13.6   -9.0   -9.0   -9.0   -9.0   -9.0   -9.0   -9.0 -9 -9 -                        8   0   -9 Ci         2   0   0  4111  1.0  2.39 -9  47.1  28.6  28.5  25.5  24.2  -9 -9.0 -9  3  2
202406171700 108  25  3.3  -9 -9.0   -9  996.0 1005.5 -9  -9.0  29.0   9.6  30.0  11.9   -9.0   -9.0   -9.0   -9.0   -9.0   -9.0   -9.0 -9 -9 -                        8   0   -9 Ci         2   0   0  3837  0.9  1.60 -9  39.9  28.6  28.7  26.0  24.5  -9 -9.0 -9  3  2
202406171800 108  25  3.3  -9 -9.0   -9  995.5 1005.0  7  -1.1  28.8   8.4  28.0  11.0   -9.0   -9.0   -9.0   -9.0   -9.0   -9.0   -9.0 -9 -9 -                        8   0   -9 Ci         1   0   0  3934  1.0  1.44 -9  34.5  28.3  28.6  26.3  24.8  -9 -9.0 -9  3  2
202406171900 108  25  3.4  -9 -9.0   -9  995.8 1005.4 -9  -9.0  27.3   9.1  32.0  11.6   -9.0   -9.0   -9.0   -9.0   -9.0   -9.0   -9.0 -9 -9 -                        7   7   -9 -         -9  -9  -9  4142  0.7  0.57 -9  28.6  28.0  28.4  26.5  25.0  -9 -9.0 -9  3 -9
202406172000 108  25  2.9  -9 -9.0   -9  996.0 1005.7 -9  -9.0  25.8  10.7  39.0  12.9   -9.0   -9.0   -9.0   -9.0   -9.0   -9.0   -9.0 -9 -9 -                        5   5   -9 -         -9  -9  -9  3911  0.5  0.16 -9  24.7  26.8  27.9  26.5  25.2  -9 -9.0 -9  3 -9
202406172100 108  25  3.6  -9 -9.0   -9  996.4 1006.0  2   1.0  24.7  11.2  43.0  13.3   -9.0   -9.0   -9.0   -9.0   -9.0   -9.0   -9.0 -9 -9 -                        4   0   -9 Ci         1   0   0  3840 -9.0 -9.00 -9  22.8  26.2  27.4  26.2  25.2  -9 -9.0 -9  3  2
202406172200 108  27  2.9  -9 -9.0   -9  996.9 1006.6 -9  -9.0  23.7  10.7  44.0  12.9   -9.0   -9.0   -9.0   -9.0   -9.0   -9.0   -9.0 -9 -9 -                        0   0   -9 -         -9  -9  -9  3967 -9.0 -9.00 -9  21.3  25.5  26.9  26.1  25.3  -9 -9.0 -9  3 -9
202406172300 108  27  3.1  -9 -9.0   -9  996.8 1006.5 -9  -9.0  23.0  11.7  49.0  13.7   -9.0   -9.0   -9.0   -9.0   -9.0   -9.0   -9.0 -9 -9 -                        0   0   -9 -         -9  -9  -9  3905 -9.0 -9.00 -9  20.6  25.1  26.4  25.9  25.3  -9 -9.0 -9  3 -9
202406180000 108  27  1.9  -9 -9.0   -9  996.3 1006.1  0   0.1  22.5  13.0  55.0  15.0   -9.0   -9.0   -9.0   -9.0   -9.0   -9.0   -9.0 -9 -9 -                        0   0   -9 -         -9  -9  -9  3431 -9.0 -9.00 -9  19.9  24.5  25.9  25.7  25.3  -9 -9.0 -9  3  2
202406180100 108  27  1.8  -9 -9.0   -9  996.3 1006.1 -9  -9.0  22.0  13.8  60.0  15.8   -9.0   -9.0   -9.0   -9.0   -9.0   -9.0   -9.0 -9 -9 -                        0   0   -9 -         -9  -9  -9  3587 -9.0 -9.00 -9  19.2  24.1  25.5  25.4  25.2  -9 -9.0 -9  3 -9
202406180200 108  29  1.8  -9 -9.0   -9  995.9 1005.7 -9  -9.0  21.5  15.7  70.0  17.8   -9.0   -9.0   -9.0   -9.0   -9.0   -9.0   -9.0 -9 -9 -                        0   0   -9 -         -9  -9  -9  2926 -9.0 -9.00 -9  18.8  23.6  25.1  25.1  25.1  -9 -9.0 -9  3 -9
202406180300 108  27  0.9  -9 -9.0   -9  995.9 1005.7  6  -0.4  21.1  16.4  75.0  18.6   -9.0   -9.0   -9.0   -9.0   -9.0   -9.0   -9.0 -9 -9 -                        0   0   -9 -         -9  -9  -9  2296 -9.0 -9.00 -9  18.2  23.2  24.7  24.8  24.9  -9 -9.0 -9  3  2
202406180400 108  29  0.9  -9 -9.0   -9  996.2 1006.0 -9  -9.0  21.1  17.7  81.0  20.2   -9.0   -9.0   -9.0   -9.0   -9.0   -9.0   -9.0 -9 -9 -                        0   0   -9 -         -9  -9  -9  1888 -9.0 -9.00 -9  18.0  22.9  24.4  24.6  24.8  -9 -9.0 -9  3  2
202406180500 108  34  0.6  -9 -9.0   -9  996.6 1006.5 -9  -9.0  20.6  17.4  82.0  19.9   -9.0   -9.0   -9.0   -9.0   -9.0   -9.0   -9.0 -9 -9 -                        0   0   -9 -         -9  -9  -9  1825 -9.0 -9.00 -9  17.8  22.6  24.1  24.4  24.6  -9 -9.0 -9  3  2
202406180600 108  29  1.3  -9 -9.0   -9  997.1 1007.0  2   1.3  20.5  17.5  83.0  20.0   -9.0   -9.0   -9.0   -9.0   -9.0   -9.0   -9.0 -9 -9 -                        0   0   -9 -         -9  -9  -9  1814  0.0  0.05 -9  18.5  22.4  23.9  24.1  24.5  -9 -9.0 -9  3  2
202406180700 108  23  0.8  -9 -9.0   -9  997.1 1006.9 -9  -9.0  21.2  17.2  78.0  19.6   -9.0   -9.0   -9.0   -9.0   -9.0   -9.0   -9.0 -9 -9 -                        0   0   -9 -         -9  -9  -9  1373  1.0  0.50 -9  22.1  22.2  23.6  23.9  24.3  -9 -9.0 -9  3  2
202406180800 108   9  1.4  -9 -9.0   -9  997.2 1006.9 -9  -9.0  23.6  18.2  72.0  20.9   -9.0   -9.0   -9.0   -9.0   -9.0   -9.0   -9.0 -9 -9 -                        0   0   -9 -         -9  -9  -9  1518  1.0  1.21 -9  29.7  22.4  23.5  23.3  23.9  -9 -9.0 -9  3  2
202406180900 108  16  1.5  -9 -9.0   -9  996.9 1006.6  7  -0.4  25.2  18.1  65.0  20.8   -9.0   -9.0   -9.0   -9.0   -9.0   -9.0   -9.0 -9 -9 -                        0   0   -9 -         -9  -9  -9  1674  1.0  1.91 -9  37.5  23.1  23.9  23.6  24.1  -9 -9.0 -9  3  2
202406181000 108  14  1.8  -9 -9.0   -9  996.8 1006.4 -9  -9.0  27.1  18.6  60.0  21.4   -9.0   -9.0   -9.0   -9.0   -9.0   -9.0   -9.0 -9 -9 -                        0   0   -9 -         -9  -9  -9  1852  1.0  2.57 -9  44.7  24.2  24.5  23.7  24.0  -9 -9.0 -9  3  2
202406181100 108  23  2.4  -9 -9.0   -9  996.6 1006.2 -9  -9.0  28.4  16.9  50.0  19.2   -9.0   -9.0   -9.0   -9.0   -9.0   -9.0   -9.0 -9 -9 -                        0   0   -9 -         -9  -9  -9  2079  1.0  3.09 -9  50.7  25.5  25.3  23.9  23.9  -9 -9.0 -9  3  2
202406181200 108  25  2.5  -9 -9.0   -9  996.3 1005.9  7  -0.7  29.9  17.0  46.0  19.4   -9.0   -9.0   -9.0   -9.0   -9.0   -9.0   -9.0 -9 -9 -                        0   0   -9 -         -9  -9  -9  2553  1.0  3.39 -9  54.9  26.9  26.3  24.3  23.9  -9 -9.0 -9  3  2
202406181300 108  25  2.6  -9 -9.0   -9  995.8 1005.3 -9  -9.0  31.3  17.5  44.0  20.0   -9.0   -9.0   -9.0   -9.0   -9.0   -9.0   -9.0 -9 -9 -                        0   0   -9 -         -9  -9  -9  1769  1.0  3.49 -9  56.6  28.8  27.4  24.7  24.0  -9 -9.0 -9  3  2
202406181400 108  25  2.2  -9 -9.0   -9  995.5 1004.9 -9  -9.0  32.7  18.4  43.0  21.2   -9.0   -9.0   -9.0   -9.0   -9.0   -9.0   -9.0 -9 -9 -                        0   0   -9 -         -9  -9  -9  2273  1.0  3.38 -9  58.1  29.9  28.4  25.2  24.1  -9 -9.0 -9  3  2
202406181500 108  23  3.1  -9 -9.0   -9  995.2 1004.7  7  -1.2  32.6  17.2  40.0  19.6   -9.0   -9.0   -9.0   -9.0   -9.0   -9.0   -9.0 -9 -9 -                        0   0   -9 -         -9  -9  -9  2518  1.0  3.06 -9  55.7  30.7  29.3  25.7  24.3  -9 -9.0 -9  3  2
202406181600 108  25  3.9  -9 -9.0   -9  995.1 1004.6 -9  -9.0  32.4  16.2  38.0  18.4   -9.0   -9.0   -9.0   -9.0   -9.0   -9.0   -9.0 -9 -9 -                        0   0   -9 -         -9  -9  -9  2933  1.0  2.59 -9  51.7  31.0  29.9  26.3  24.6  -9 -9.0 -9  3  2
202406181700 108  25  3.5  -9 -9.0   -9  995.2 1004.7 -9  -9.0  31.9  15.8  38.0  17.9   -9.0   -9.0   -9.0   -9.0   -9.0   -9.0   -9.0 -9 -9 -                        0   0   -9 -         -9  -9  -9  3271  1.0  1.91 -9  45.8  31.0  30.1  26.8  24.8  -9 -9.0 -9  3  2
202406181800 108  27  3.2  -9 -9.0   -9  995.5 1005.0  3   0.3  30.5  14.9  39.0  16.9   -9.0   -9.0   -9.0   -9.0   -9.0   -9.0   -9.0 -9 -9 -                        0   0   -9 -         -9  -9  -9  3093  1.0  1.32 -9  36.6  30.5  30.1  27.1  25.2  -9 -9.0 -9  3  2
202406181900 108  27  3.6  -9 -9.0   -9  996.1 1005.7 -9  -9.0  28.5  14.3  42.0  16.3   -9.0   -9.0   -9.0   -9.0   -9.0   -9.0   -9.0 -9 -9 -                        0   0   -9 -         -9  -9  -9  3207  1.0  0.62 -9  29.9  29.8  29.8  27.3  25.5  -9 -9.0 -9  3 -9
202406182000 108  23  2.9  -9 -9.0   -9  997.0 1006.7 -9  -9.0  26.5  16.7  55.0  19.0   -9.0   -9.0   -9.0   -9.0   -9.0   -9.0   -9.0 -9 -9 -                        0   0   -9 -         -9  -9  -9  2927  0.4  0.13 -9  26.2  28.9  29.3  27.4  25.7  -9 -9.0 -9  3 -9
202406182100 108  27  3.2  -9 -9.0   -9  997.7 1007.4  2   2.4  25.0  16.4  59.0  18.6   -9.0   -9.0   -9.0   -9.0   -9.0   -9.0   -9.0 -9 -9 -                        0   0   -9 -         -9  -9  -9  2842 -9.0 -9.00 -9  24.1  28.0  28.7  27.0  25.6  -9 -9.0 -9  3  2
202406182200 108  27  2.1  -9 -9.0   -9  998.5 1008.2 -9  -9.0  24.4  17.3  65.0  19.7   -9.0   -9.0   -9.0   -9.0   -9.0   -9.0   -9.0 -9 -9 -                        0   0   -9 -         -9  -9  -9  2383 -9.0 -9.00 -9  22.9  27.3  28.1  26.8  25.6  -9 -9.0 -9  3 -9
202406182300 108  29  1.7  -9 -9.0   -9  998.6 1008.3 -9  -9.0  23.8  17.5  68.0  20.0   -9.0   -9.0   -9.0   -9.0   -9.0   -9.0   -9.0 -9 -9 -                        0   0   -9 -         -9  -9  -9  2108 -9.0 -9.00 -9  21.8  26.6  27.6  26.6  25.7  -9 -9.0 -9  3 -9
202406190000 108   2  1.1  -9 -9.0   -9  998.4 1008.1  0   0.7  23.4  17.3  69.0  19.7   -9.0   -9.0   -9.0   -9.0   -9.0   -9.0   -9.0 -9 -9 -                        0   0   -9 -         -9  -9  -9  2168 -9.0 -9.00 -9  20.9  26.1  27.1  26.4  25.6  -9 -9.0 -9  3  2
202406190100 108  18  1.0  -9 -9.0   -9  998.7 1008.5 -9  -9.0  22.9  17.3  71.0  19.7   -9.0   -9.0   -9.0   -9.0   -9.0   -9.0   -9.0 -9 -9 -                        0   0   -9 -         -9  -9  -9  1937 -9.0 -9.00 -9  20.2  25.6  26.6  26.1  25.6  -9 -9.0 -9  3 -9
202406190200 108   0  0.1  -9 -9.0   -9  998.7 1008.5 -9  -9.0  22.5  17.4  73.0  19.9   -9.0   -9.0   -9.0   -9.0   -9.0   -9.0   -9.0 -9 -9 -                        0   0   -9 -         -9  -9  -9  2052 -9.0 -9.00 -9  19.6  25.1  26.2  25.8  25.4  -9 -9.0 -9  3 -9
202406190300 108  27  1.2  -9 -9.0   -9  998.8 1008.6  2   0.5  22.2  17.5  75.0  20.0   -9.0   -9.0   -9.0   -9.0   -9.0   -9.0   -9.0 -9 -9 -                        0   0   -9 -         -9  -9  -9  1835 -9.0 -9.00 -9  19.3  24.7  25.8  25.5  25.3  -9 -9.0 -9  3  2
202406190400 108  36  1.1  -9 -9.0   -9  998.6 1008.4 -9  -9.0  21.9  17.6  77.0  20.1   -9.0   -9.0   -9.0   -9.0   -9.0   -9.0   -9.0 -9 -9 -                        0   0   -9 -         -9  -9  -9  1786 -9.0 -9.00 -9  19.0  24.4  25.4  25.2  25.2  -9 -9.0 -9  3  2
202406190500 108   0  0.4  -9 -9.0   -9  998.9 1008.7 -9  -9.0  21.5  17.8  80.0  20.4   -9.0   -9.0   -9.0   -9.0   -9.0   -9.0   -9.0 -9 -9 -                        0   0   -9 -         -9  -9  -9  1517 -9.0 -9.00 -9  18.6  24.0  25.1  25.0  25.1  -9 -9.0 -9  3  2
202406190600 108   0  0.4  -9 -9.0   -9  999.7 1009.6  3   1.0  21.5  18.2  82.0  20.9   -9.0   -9.0   -9.0   -9.0   -9.0   -9.0   -9.0 -9 -9 -                        4   0   -9 Ci         1   0   0  1426  0.0  0.06 -9  19.6  23.7  24.8  24.8  24.9  -9 -9.0 -9  3  2
202406190700 108   5  1.7  -9 -9.0   -9  999.9 1009.7 -9  -9.0  22.7  18.0  75.0  20.6   -9.0   -9.0   -9.0   -9.0   -9.0   -9.0   -9.0 -9 -9 -                        3   0   -9 Ci         1   0   0  1760  1.0  0.51 -9  23.7  23.6  24.6  24.5  24.8  -9 -9.0 -9  3  2
202406190800 108   7  1.8  -9 -9.0   -9  999.8 1009.6 -9  -9.0  24.9  18.3  67.0  21.0   -9.0   -9.0   -9.0   -9.0   -9.0   -9.0   -9.0 -9 -9 -                        6   0   -9 Ci         1   0   0  1677  1.0  1.20 -9  31.6  23.8  24.6  24.2  24.5  -9 -9.0 -9  3  2
202406190900 108   7  1.3  -9 -9.0   -9  999.7 1009.4  8  -0.2  26.8  18.9  62.0  21.8   -9.0   -9.0   -9.0   -9.0   -9.0   -9.0   -9.0 -9 -9 -                        5   0   -9 Ci         1   0   0  1826  1.0  1.76 -9  37.8  24.5  24.8  24.2  24.4  -9 -9.0 -9  3  2
202406191000 108   9  1.1  -9 -9.0   -9  999.3 1008.9 -9  -9.0  28.5  18.2  54.0  20.9   -9.0   -9.0   -9.0   -9.0   -9.0   -9.0   -9.0 -9 -9 -                        7   0   -9 Ci         1   0   0  1847  1.0  2.33 -9  45.2  25.4  25.3  24.5  24.5  -9 -9.0 -9  3  2
202406191100 108  11  1.6  -9 -9.0   -9  998.8 1008.4 -9  -9.0  30.5  17.5  46.0  20.0   -9.0   -9.0   -9.0   -9.0   -9.0   -9.0   -9.0 -9 -9 -                        6   0   -9 Ci         1   0   0  2035  1.0  2.91 -9  52.1  26.6  26.0  24.6  24.5  -9 -9.0 -9  3  2
202406191200 108   7  1.4  -9 -9.0   -9  998.3 1007.8  7  -1.6  32.3  16.5  39.0  18.8   -9.0   -9.0   -9.0   -9.0   -9.0   -9.0   -9.0 -9 -9 -                        5   0   -9 Ci         1   0   0  2109  1.0  3.25 -9  56.8  28.0  27.0  24.9  24.4  -9 -9.0 -9  3  2
202406191300 108  20  2.6  -9 -9.0   -9  998.0 1007.4 -9  -9.0  34.0  17.6  38.0  20.1   -9.0   -9.0   -9.0   -9.0   -9.0   -9.0   -9.0 -9 -9 -                        2   0   -9 Ci         1   0   0  1933  1.0  3.43 -9  60.2  29.3  28.0  25.3  24.5  -9 -9.0 -9  3  2
202406191400 108  23  1.8  -9 -9.0   -9  997.6 1007.0 -9  -9.0  34.7  16.5  34.0  18.8   -9.0   -9.0   -9.0   -9.0   -9.0   -9.0   -9.0 -9 -9 -                        0   0   -9 -         -9  -9  -9  1941  1.0  3.39 -9  60.8  30.6  29.1  25.8  24.6  -9 -9.0 -9  3  2
202406191500 108  20  3.0  -9 -9.0   -9  997.0 1006.4  7  -1.4  35.4  17.1  34.0  19.5   -9.0   -9.0   -9.0   -9.0   -9.0   -9.0   -9.0 -9 -9 -                        0   0   -9 -         -9  -9  -9  1990  1.0  3.04 -9  58.5  31.3  30.1  26.3  24.8  -9 -9.0 -9  3  2
202406191600 108  27  2.8  -9 -9.0   -9  996.5 1005.9 -9  -9.0  35.6  17.7  35.0  20.2   -9.0   -9.0   -9.0   -9.0   -9.0   -9.0   -9.0 -9 -9 -                        0   0   -9 -         -9  -9  -9  1874  1.0  2.54 -9  54.4  31.9  30.7  26.9  25.1  -9 -9.0 -9  3  2
202406191700 108  27  3.1  -9 -9.0   -9  996.1 1005.5 -9  -9.0  35.3  17.5  35.0  20.0   -9.0   -9.0   -9.0   -9.0   -9.0   -9.0   -9.0 -9 -9 -                        2   0   -9 Ci         1   0   0  1889  1.0  1.85 -9  48.4  31.9  31.0  27.3  25.3  -9 -9.0 -9  3  2
202406191800 108  27  2.5  -9 -9.0   -9  995.9 1005.3  7  -1.1  34.8  17.0  35.0  19.4   -9.0   -9.0   -9.0   -9.0   -9.0   -9.0   -9.0 -9 -9 -                        2   0   -9 Ci         1   0   0  1884  1.0  1.26 -9  40.0  31.6  31.0  27.7  25.6  -9 -9.0 -9  3  2
202406191900 108  27  2.1  -9 -9.0   -9  995.8 1005.2 -9  -9.0  33.6  16.4  36.0  18.6   -9.0   -9.0   -9.0   -9.0   -9.0   -9.0   -9.0 -9 -9 -                        6   6   -9 -         -9  -9  -9  1957  0.9  0.58 -9  34.0  31.0  30.8  27.9  25.8  -9 -9.0 -9  3 -9
202406192000 108  27  2.2  -9 -9.0   -9  995.9 1005.4 -9  -9.0  32.0  17.4  42.0  19.9   -9.0   -9.0   -9.0   -9.0   -9.0   -9.0   -9.0 -9 -9 -                        7   7   -9 -         -9  -9  -9  2086  0.1  0.14 -9  29.9  30.2  30.4  28.1  26.1  -9 -9.0 -9  3 -9
202406192100 108  25  3.0  -9 -9.0   -9  996.5 1006.0  3   0.7  30.1  18.2  49.0  20.9   -9.0   -9.0   -9.0   -9.0   -9.0   -9.0   -9.0 -9 -9 -                        6   0   -9 Ci         1   0   0  2212 -9.0 -9.00 -9  27.7  29.2  29.9  28.1  26.3  -9 -9.0 -9  3  2
202406192200 108  29  0.9  -9 -9.0   -9  997.1 1006.6 -9  -9.0  29.1  18.2  52.0  20.9   -9.0   -9.0   -9.0   -9.0   -9.0   -9.0   -9.0 -9 -9 -                        7   7   -9 -         -9  -9  -9  2382 -9.0 -9.00 -9  25.9  28.7  29.4  28.0  26.5  -9 -9.0 -9  3 -9
202406192300 108  29  1.2  -9 -9.0   -9  996.9 1006.5 -9  -9.0  28.3  18.9  57.0  21.8   -9.0   -9.0   -9.0   -9.0   -9.0   -9.0   -9.0 -9 -9 -                        7   7   -9 -         -9  -9  -9  2099 -9.0 -9.00 -9  24.8  28.0  28.9  27.7  26.4  -9 -9.0 -9  3 -9
202406200000 108  25  1.5  -9 -9.0   -9  997.0 1006.6  1   0.6  27.6  18.5  58.0  21.3   -9.0   -9.0   -9.0   -9.0   -9.0   -9.0   -9.0 -9 -9 -                        4   0   -9 Ci         1   0   0  1758 -9.0 -9.00 -9  23.8  27.5  28.4  27.6  26.6  -9 -9.0 -9  3  2
202406200100 108  20  2.6  -9 -9.0   -9  997.2 1006.8 -9  -9.0  27.0  16.5  53.0  18.8   -9.0   -9.0   -9.0   -9.0   -9.0   -9.0   -9.0 -9 -9 -                        0   0   -9 -         -9  -9  -9  1598 -9.0 -9.00 -9  23.0  27.1  28.0  27.2  26.4  -9 -9.0 -9  3 -9
202406200200 108  25  1.8  -9 -9.0   -9  996.9 1006.6 -9  -9.0  26.0  16.8  57.0  19.1   -9.0   -9.0   -9.0   -9.0   -9.0   -9.0   -9.0 -9 -9 -                        0   0   -9 -         -9  -9  -9  1718 -9.0 -9.00 -9  22.1  26.6  27.6  27.0  26.3  -9 -9.0 -9  3 -9
202406200300 108  27  1.5  -9 -9.0   -9  996.5 1006.2  8  -0.4  25.0  16.4  59.0  18.6   -9.0   -9.0   -9.0   -9.0   -9.0   -9.0   -9.0 -9 -9 -                        0   0   -9 -         -9  -9  -9  1742 -9.0 -9.00 -9  21.2  26.2  27.2  26.7  26.2  -9 -9.0 -9  3  2
202406200400 108  29  1.2  -9 -9.0   -9  996.5 1006.2 -9  -9.0  24.3  16.5  62.0  18.8   -9.0   -9.0   -9.0   -9.0   -9.0   -9.0   -9.0 -9 -9 -                        0   0   -9 -         -9  -9  -9  1830 -9.0 -9.00 -9  20.3  25.7  26.8  26.4  26.0  -9 -9.0 -9  3  2
202406200500 108  27  0.8  -9 -9.0   -9  996.4 1006.1 -9  -9.0  23.7  16.4  64.0  18.6   -9.0   -9.0   -9.0   -9.0   -9.0   -9.0   -9.0 -9 -9 -                        0   0   -9 -         -9  -9  -9  1777 -9.0 -9.00 -9  19.7  25.3  26.4  25.9  25.7  -9 -9.0 -9  3  2
202406200600 108  29  1.3  -9 -9.0   -9  996.4 1006.1  6  -0.1  23.4  16.1  64.0  18.3   -9.0   -9.0   -9.0   -9.0   -9.0   -9.0   -9.0 -9 -9 -                        0   0   -9 -         -9  -9  -9  1867  0.0  0.04 -9  20.3  24.9  26.0  25.6  25.5  -9 -9.0 -9  3  2
202406200700 108  29  1.0  -9 -9.0   -9  996.5 1006.2 -9  -9.0  24.1  16.3  62.0  18.5   -9.0   -9.0   -9.0   -9.0   -9.0   -9.0   -9.0 -9 -9 -                        0   0   -9 -         -9  -9  -9  1919  1.0  0.48 -9  24.3  24.7  25.8  25.5  25.5  -9 -9.0 -9  3  2
202406200800 108   0  0.3  -9 -9.0   -9  996.2 1005.9 -9  -9.0  26.0  16.5  56.0  18.8   -9.0   -9.0   -9.0   -9.0   -9.0   -9.0   -9.0 -9 -9 -                        0   0   -9 -         -9  -9  -9  2488  1.0  1.19 -9  32.7  24.9  25.6  25.3  25.4  -9 -9.0 -9  3  2
202406200900 108   5  2.2  -9 -9.0   -9  996.0 1005.6  8  -0.5  28.4  16.6  49.0  18.9   -9.0   -9.0   -9.0   -9.0   -9.0   -9.0   -9.0 -9 -9 -                        0   0   -9 -         -9  -9  -9  1763  1.0  1.90 -9  40.8  25.5  25.8  25.2  25.3  -9 -9.0 -9  3  2
202406201000 108   5  2.3  -9 -9.0   -9  995.2 1004.7 -9  -9.0  30.6  15.4  40.0  17.5   -9.0   -9.0   -9.0   -9.0   -9.0   -9.0   -9.0 -9 -9 -                        1   0   -9 Ci         1   0   0  2031  1.0  2.55 -9  48.6  26.5  26.3  25.4  25.4  -9 -9.0 -9  3  2
202406201100 108  36  1.5  -9 -9.0   -9  994.9 1004.4 -9  -9.0  32.0  15.8  38.0  17.9   -9.0   -9.0   -9.0   -9.0   -9.0   -9.0   -9.0 -9 -9 -                        1   0   -9 Ci         1   0   0  2013  1.0  3.01 -9  54.9  27.7  27.0  25.5  25.3  -9 -9.0 -9  3  2
202406201200 108   5  2.6  -9 -9.0   -9  994.2 1003.6  7  -2.0  33.6  16.0  35.0  18.2   -9.0   -9.0   -9.0   -9.0   -9.0   -9.0   -9.0 -9 -9 -                        6   0   -9 Ci         1   0   0  1960  1.0  3.26 -9  57.4  29.0  27.8  25.8  25.2  -9 -9.0 -9  3  2
202406201300 108  11  2.5  -9 -9.0   -9  993.5 1002.9 -9  -9.0  34.7  16.0  33.0  18.2   -9.0   -9.0   -9.0   -9.0   -9.0   -9.0   -9.0 -9 -9 -                        7   0   -9 Ci         1   0   0  2455  1.0  3.21 -9  61.2  30.1  28.8  26.1  25.3  -9 -9.0 -9  3  2
202406201400 108  14  3.1  -9 -9.0   -9  992.9 1002.3 -9  -9.0  35.3  16.0  32.0  18.2   -9.0   -9.0   -9.0   -9.0   -9.0   -9.0   -9.0 -9 -9 -                        7   0   -9 Ci         1   0   0  2155  1.0  3.13 -9  57.9  31.2  29.7  26.6  25.4  -9 -9.0 -9  3  2
202406201500 108  16  1.9  -9 -9.0   -9  992.4 1001.8  7  -1.8  35.1  14.3  29.0  16.3   -9.0   -9.0   -9.0   -9.0   -9.0   -9.0   -9.0 -9 -9 -                        8   0   -9 Ci         2   0   0  2528  0.8  2.31 -9  50.7  32.0  30.5  27.0  25.5  -9 -9.0 -9  3  2
202406201600 108  18  3.6  -9 -9.0   -9  992.0 1001.4 -9  -9.0  34.2  13.6  29.0  15.6   -9.0   -9.0   -9.0   -9.0   -9.0   -9.0   -9.0 -9 -9 -                        8   0   -9 Ci         2   0   0  2934  0.2  1.64 -9  46.4  32.0  30.9  27.5  25.7  -9 -9.0 -9  3  2
202406201700 108  18  2.1  -9 -9.0   -9  991.5 1000.9 -9  -9.0  34.3  15.2  32.0  17.3   -9.0   -9.0   -9.0   -9.0   -9.0   -9.0   -9.0 -9 -9 -                        8   0   -9 Ci         1   0   0  2839  0.9  1.65 -9  44.4  31.9  31.0  27.9  26.0  -9 -9.0 -9  3  2
202406201800 108  16  1.9  -9 -9.0   -9  991.4 1000.8  7  -1.0  33.4  15.8  35.0  17.9   -9.0   -9.0   -9.0   -9.0   -9.0   -9.0   -9.0 -9 -9 -                        7   0   -9 Ci         1   0   0  2357  0.8  0.85 -9  38.1  31.5  31.0  28.1  26.2  -9 -9.0 -9  3  2
202406201900 108  14  2.7  -9 -9.0   -9  991.5 1000.9 -9  -9.0  32.7  13.3  31.0  15.3   -9.0   -9.0   -9.0   -9.0   -9.0   -9.0   -9.0 -9 -9 -                        5   5   -9 -         -9  -9  -9  3159  1.0  0.59 -9  33.3  30.8  30.8  28.3  26.4  -9 -9.0 -9  3 -9
202406202000 108  11  2.3  -9 -9.0   -9  992.2 1001.7 -9  -9.0  30.9  13.2  34.0  15.2   -9.0   -9.0   -9.0   -9.0   -9.0   -9.0   -9.0 -9 -9 -                        5   5   -9 -         -9  -9  -9  3502  0.4  0.18 -9  28.3  30.1  30.5  28.4  26.6  -9 -9.0 -9  3 -9
202406202100 108  14  2.2  -9 -9.0   -9  992.5 1002.0  2   1.2  29.7  13.8  38.0  15.8   -9.0   -9.0   -9.0   -9.0   -9.0   -9.0   -9.0 -9 -9 -                        0   0   -9 -         -9  -9  -9  3240 -9.0 -9.00 -9  25.7  29.5  29.9  28.4  26.8  -9 -9.0 -9  3  2
202406202200 108  27  2.1  -9 -9.0   -9  993.0 1002.5 -9  -9.0  28.6  14.7  43.0  16.7   -9.0   -9.0   -9.0   -9.0   -9.0   -9.0   -9.0 -9 -9 -                        0   0   -9 -         -9  -9  -9  3019 -9.0 -9.00 -9  24.1  28.5  29.3  28.2  26.9  -9 -9.0 -9  3 -9
202406202300 108  27  2.3  -9 -9.0   -9  993.2 1002.8 -9  -9.0  27.1  15.1  48.0  17.2   -9.0   -9.0   -9.0   -9.0   -9.0   -9.0   -9.0 -9 -9 -                        0   0   -9 -         -9  -9  -9  2883 -9.0 -9.00 -9  23.1  27.8  28.8  28.0  26.9  -9 -9.0 -9  3 -9
202406210000 108  27  2.3  -9 -9.0   -9  993.4 1003.0  2   1.0  26.4  15.7  52.0  17.8   -9.0   -9.0   -9.0   -9.0   -9.0   -9.0   -9.0 -9 -9 -                        1   0   -9 Ci         1   0   0  2980 -9.0 -9.00 -9  22.6  27.3  28.3  27.7  26.9  -9 -9.0 -9  3  2
202406210100 108  27  1.7  -9 -9.0   -9  992.8 1002.5 -9  -9.0  25.5  15.2  53.0  17.3   -9.0   -9.0   -9.0   -9.0   -9.0   -9.0   -9.0 -9 -9 -                        5   5   -9 -         -9  -9  -9  2821 -9.0 -9.00 -9  21.9  26.8  27.8  27.5  26.9  -9 -9.0 -9  3 -9
202406210200 108  27  1.5  -9 -9.0   -9  992.7 1002.3 -9  -9.0  24.4  14.4  54.0  16.4   -9.0   -9.0   -9.0   -9.0   -9.0   -9.0   -9.0 -9 -9 -                        0   0   -9 -         -9  -9  -9  3200 -9.0 -9.00 -9  20.7  26.3  27.4  27.2  26.7  -9 -9.0 -9  3 -9
202406210300 108  27  1.3  -9 -9.0   -9  992.5 1002.2  7  -0.8  23.8  14.2  55.0  16.2   -9.0   -9.0   -9.0   -9.0   -9.0   -9.0   -9.0 -9 -9 -                        1   0   -9 Ci         1   0   0  3186 -9.0 -9.00 -9  20.1  25.9  27.0  27.0  26.7  -9 -9.0 -9  3  2
202406210400 108  27  1.1  -9 -9.0   -9  992.5 1002.2 -9  -9.0  23.5  14.4  57.0  16.4   -9.0   -9.0   -9.0   -9.0   -9.0   -9.0   -9.0 -9 -9 -                        4   0   -9 Ci         1   0   0  3119 -9.0 -9.00 -9  19.7  25.5  26.6  26.7  26.6  -9 -9.0 -9  3  2
202406210500 108   2  0.8  -9 -9.0   -9  992.5 1002.2 -9  -9.0  23.1  14.6  59.0  16.6   -9.0   -9.0   -9.0   -9.0   -9.0   -9.0   -9.0 -9 -9 -                        8   0   -9 Ci         1   0   0  3176 -9.0 -9.00 -9  19.6  25.1  26.3  26.4  26.4  -9 -9.0 -9  3  2
202406210600 108  29  0.6  -9 -9.0   -9  992.6 1002.3  2   0.1  23.0  15.0  61.0  17.0   -9.0   -9.0   -9.0   -9.0   -9.0   -9.0   -9.0 -9 -9 -                        7   0   -9 Ci         1   0   0  2896  0.0  0.06 -9  20.3  24.8  25.9  26.2  26.3  -9 -9.0 -9  3  2
202406210700 108   2  0.8  -9 -9.0   -9  992.4 1002.0 -9  -9.0  24.0  15.4  59.0  17.5   -9.0   -9.0   -9.0   -9.0   -9.0   -9.0   -9.0 -9 -9 -                        8   0   -9 Ci         1   0   0  2747  0.6  0.43 -9  24.8  24.6  25.7  25.9  26.1  -9 -9.0 -9  3  2
202406210800 108   0  0.3  -9 -9.0   -9  992.4 1002.0 -9  -9.0  25.9  16.4  56.0  18.6   -9.0   -9.0   -9.0   -9.0   -9.0   -9.0   -9.0 -9 -9 -                        7   0   -9 Ci         1   0   0  2534  1.0  1.05 -9  31.0  24.8  25.6  25.7  25.9  -9 -9.0 -9  3  2
202406210900 108  16  1.3  -9 -9.0   -9  992.2 1001.8  7  -0.5  27.8  16.1  49.0  18.3   -9.0   -9.0   -9.0   -9.0   -9.0   -9.0   -9.0 -9 -9 -                        6   0   -9 Ci         1   0   0  2444  1.0  1.70 -9  40.6  25.5  25.8  25.6  25.8  -9 -9.0 -9  3  2
202406211000 108  20  2.0  -9 -9.0   -9  991.8 1001.3 -9  -9.0  29.9  15.9  43.0  18.1   -9.0   -9.0   -9.0   -9.0   -9.0   -9.0   -9.0 -9 -9 -                        5   0   -9 Ci         1   0   0  2414  1.0  2.45 -9  48.4  26.6  26.3  25.6  25.7  -9 -9.0 -9  3  2
202406211100 108  23  3.5  -9 -9.0   -9  991.8 1001.3 -9  -9.0  31.3  16.0  40.0  18.2   -9.0   -9.0   -9.0   -9.0   -9.0   -9.0   -9.0 -9 -9 -                        5   0   -9 Ci         1   0   0  2722  1.0  3.03 -9  55.3  28.0  27.1  25.7  25.6  -9 -9.0 -9  3  2
202406211200 108  20  2.3  -9 -9.0   -9  991.7 1001.1  7  -0.7  33.0  16.7  38.0  19.0   -9.0   -9.0   -9.0   -9.0   -9.0   -9.0   -9.0 -9 -9 -                        6   0   -9 Ci         1   0   0  2543  1.0  3.34 -9  59.4  29.4  28.0  26.0  25.6  -9 -9.0 -9  3  2
202406211300 108  25  2.1  -9 -9.0   -9  991.3 1000.7 -9  -9.0  33.7  16.1  35.0  18.3   -9.0   -9.0   -9.0   -9.0   -9.0   -9.0   -9.0 -9 -9 -                        6   0   -9 Ci         1   0   0  2207  1.0  3.09 -9  60.2  30.6  29.0  26.4  25.6  -9 -9.0 -9  3  2
202406211400 108  20  3.5  -9 -9.0   -9  991.1 1000.5 -9  -9.0  33.0  17.1  39.0  19.5   -9.0   -9.0   -9.0   -9.0   -9.0   -9.0   -9.0 -9 -9 -                        7   0   -9 Ci         1   0   0  2135  0.8  2.46 -9  56.1  31.4  29.8  26.8  25.7  -9 -9.0 -9  3  2
202406211500 108  27  2.8  -9 -9.0   -9  991.1 1000.5  6  -0.6  33.2  16.9  38.0  19.2   -9.0   -9.0   -9.0   -9.0   -9.0   -9.0   -9.0 -9 -9 -                        8   0   -9 Ci         2   0   0  2417  0.9  2.53 -9  51.6  32.0  30.4  27.3  25.9  -9 -9.0 -9  3  2
202406211600 108  25  4.0  -9 -9.0   -9  991.5 1001.0 -9  -9.0  30.8  15.6  40.0  17.7   -9.0   -9.0   -9.0   -9.0   -9.0   -9.0   -9.0 -9 -9 -                        9   0   -9 Ci         2   0   0  2774  0.3  1.59 -9  43.0  31.9  30.8  27.7  26.1  -9 -9.0 -9  3  2
202406211700 108  27  3.6  -9 -9.0   -9  991.6 1001.1 -9  -9.0  30.2  17.6  47.0  20.1   -9.0   -9.0   -9.0   -9.0   -9.0   -9.0   -9.0 -9 -9 -                        8   0   -9 Ci         2   0   0  2771  0.1  1.11 -9  42.8  31.3  30.8  28.0  26.3  -9 -9.0 -9  3  2
202406211800 108  29  3.1  -9 -9.0   -9  991.5 1001.0  0   0.5  30.3  17.7  47.0  20.2   -9.0   -9.0   -9.0   -9.0   -9.0   -9.0   -9.0 -9 -9 -                        1   0   -9 Ci         1   0   0  3400  1.0  1.37 -9  37.8  31.0  30.6  28.2  26.5  -9 -9.0 -9  3  2
202406211900 108  29  2.2  -9 -9.0   -9  991.5 1001.0 -9  -9.0  29.2  16.3  46.0  18.5   -9.0   -9.0   -9.0   -9.0   -9.0   -9.0   -9.0 -9 -9 -                        5   5   -9 -         -9  -9  -9  3098  0.6  0.46 -9  30.8  30.4  30.4  28.4  26.7  -9 -9.0 -9  3 -9
202406212000 108  27  1.2  -9 -9.0   -9  991.6 1001.1 -9  -9.0  28.1  16.3  49.0  18.5   -9.0   -9.0   -9.0   -9.0   -9.0   -9.0   -9.0 -9 -9 -                        8   8   -9 -         -9  -9  -9  3167  0.0  0.08 -9  27.8  29.6  30.0  28.4  26.8  -9 -9.0 -9  3 -9
202406212100 108  27  2.5  -9 -9.0   -9  992.7 1002.3  2   1.3  27.6  16.2  50.0  18.4   -9.0   -9.0   -9.0   -9.0   -9.0   -9.0   -9.0 -9 -9 -                        7   0   -9 Ci         1   0   0  3115 -9.0 -9.00 -9  26.2  28.8  29.5  28.3  26.9  -9 -9.0 -9  3  2
202406212200 108  27  2.9  -9 -9.0   -9  993.3 1002.9 -9  -9.0  26.7  16.3  53.0  18.5   -9.0   -9.0   -9.0   -9.0   -9.0   -9.0   -9.0 -9 -9 -                       10  10   -9 -         -9  -9  -9  3014 -9.0 -9.00 -9  25.6  28.2  29.0  28.1  27.0  -9 -9.0 -9  3 -9
202406212300 108  27  2.3  -9 -9.0   -9  993.4 1003.0 -9  -9.0  26.0  17.3  59.0  19.7   -9.0   -9.0   -9.0   -9.0   -9.0   -9.0   -9.0 -9 -9 -                       10  10   -9 -         -9  -9  -9  3003 -9.0 -9.00 -9  25.2  27.7  28.6  27.9  27.0  -9 -9.0 -9  3 -9
202406220000 108  25  1.2  -9 -9.0   -9  992.9 1002.6  0   0.3  25.7  17.3  60.0  19.7   -9.0   -9.0   -9.0   -9.0   -9.0   -9.0   -9.0 -9 -9 -                       10  10   30 As        -9   2   0  2875 -9.0 -9.00 -9  24.7  27.3  28.2  27.7  26.9  -9 -9.0 -9  3  2
202406220100 108  27  2.1  -9 -9.0   -9  993.0 1002.7 -9  -9.0  25.6  17.5  61.0  20.0   -9.0   -9.0   -9.0   -9.0   -9.0   -9.0   -9.0 -9 -9 -                        9   9   -9 -         -9  -9  -9  2727 -9.0 -9.00 -9  24.2  26.9  27.9  27.4  26.8  -9 -9.0 -9  3 -9
202406220200 108  34  0.9  -9 -9.0   -9  992.4 1002.1 -9  -9.0  25.3  17.2  61.0  19.6   -9.0   -9.0   -9.0   -9.0   -9.0   -9.0   -9.0 -9 -9 -                       10  10   -9 -         -9  -9  -9  2720 -9.0 -9.00 -9  24.0  26.6  27.6  27.2  26.8  -9 -9.0 -9  3 -9
202406220300 108   7  0.8  -9 -9.0   -9  991.3 1001.0  8  -1.6  25.1  17.0  61.0  19.4   -9.0   -9.0   -9.0   -9.0   -9.0   -9.0   -9.0 -9 -9 -                       10  10   28 As        -9   2   0  2635 -9.0 -9.00 -9  23.8  26.3  27.3  27.0  26.6  -9 -9.0 -9  3  2
202406220400 108  18  1.3  -9 -9.0   -9  991.8 1001.5 -9  -9.0  25.2  18.3  66.0  21.0   -9.0   -9.0   -9.0   -9.0   -9.0   -9.0   -9.0 -9 -9 -                       10  10   28 As        -9   2   0  2886 -9.0 -9.00 -9  24.1  26.1  27.0  26.8  26.5  -9 -9.0 -9  3  2
202406220500 108  27  1.6  -9 -9.0   -9  991.4 1001.1 -9  -9.0  25.3  19.4  70.0  22.5    0.0    0.0    0.0   -9.0   -9.0   -9.0   -9.0 21 62 01                      10   7   10 ScAs      -9   2   5  2408 -9.0 -9.00 -9  24.4  25.9  26.8  26.6  26.4  -9 -9.0 -9  4  1
202406220600 108  36  1.1  -9 -9.0   -9  991.5 1001.2  0   0.2  25.3  19.6  71.0  22.8   -9.0    0.0    0.0   -9.0   -9.0   -9.0   -9.0 -9 62 -                       10   7   10 ScAs      -9   2   5  2347  0.0  0.00 -9  24.8  25.8  26.7  26.4  26.3  -9 -9.0 -9  3  1
202406220700 108   5  1.8  -9 -9.0   -9  990.8 1000.5 -9  -9.0  25.3  17.7  63.0  20.2   -9.0    0.0    0.0   -9.0   -9.0   -9.0   -9.0 -9 -9 -                       10   6   11 ScAs      -9   2   5  2344  0.0  0.09 -9  25.8  25.7  26.5  26.3  26.2  -9 -9.0 -9  3  2
202406220800 108   9  1.9  -9 -9.0   -9  990.2  999.8 -9  -9.0  25.8  18.9  66.0  21.8    0.0    0.0    0.0   -9.0   -9.0   -9.0   -9.0 60 62 01                      10   7   10 ScAs      -9   2   5  2110  0.0  0.27 -9  27.4  25.7  26.5  26.1  26.1  -9 -9.0 -9  4  1
202406220900 108   9  2.3  -9 -9.0   -9  990.0  999.6  7  -1.6  26.0  19.3  67.0  22.4    0.0    0.0    0.0   -9.0   -9.0   -9.0   -9.0 60 66 01                      10   7   10 ScAs      -9   2   5  1910  0.0  0.36 -9  26.3  25.9  26.5  26.0  26.0  -9 -9.0 -9  1  1
202406221000 108   7  1.5  -9 -9.0   -9  989.8  999.4 -9  -9.0  25.2  20.2  74.0  23.7    0.1    0.1    0.1   -9.0   -9.0   -9.0   -9.0 61 66 01                      10   8    8 StNs      -9   2   7  1009  0.0  0.12 -9  24.4  25.8  26.5  26.0  25.9  -9 -9.0 -9  4  1
202406221100 108   7  2.0  -9 -9.0   -9  989.6  999.2 -9  -9.0  23.7  21.2  86.0  25.2    4.0    4.1    4.1   -9.0   -9.0   -9.0   -9.0 63 66 1901                    10   9    4 StNs      -9   2   7   308  0.0  0.11 -9  23.7  25.2  26.3  25.5  25.5  -9 -9.0 -9  4  1
202406221200 108   5  2.4  -9 -9.0   -9  988.9  998.6  7  -1.0  22.9  20.7  88.0  24.4    3.2    7.3    7.3   -9.0   -9.0   -9.0   -9.0 63 66 1901                    10   9    4 StNs      -9   2   7   324  0.0  0.22 -9  23.4  24.9  26.2  25.5  25.4  -9 -9.0 -9  4  1
202406221300 108   5  3.3  -9 -9.0   -9  988.1  997.8 -9  -9.0  22.6  21.0  91.0  24.9    4.1   11.4   11.4   -9.0   -9.0   -9.0   -9.0 63 66 1901                    10   9    3 StNs      -9   2   7   283  0.0  0.19 -9  23.2  24.6  25.9  25.3  25.4  -9 -9.0 -9  4  1
202406221400 108   5  2.9  -9 -9.0   -9  987.2  996.9 -9  -9.0  22.8  21.4  92.0  25.5    2.4   13.8   13.8   -9.0   -9.0   -9.0   -9.0 61 66 1901                    10   9    3 StNs      -9   2   7   240  0.0  0.33 -9  23.8  24.3  25.6  25.2  25.3  -9 -9.0 -9  4  1
202406221500 108   7  2.4  -9 -9.0   -9  986.6  996.2  7  -2.4  23.5  21.7  90.0  26.0    1.2   15.0   15.0   -9.0   -9.0   -9.0   -9.0 61 66 1901                    10   8    5 StNs      -9   2   7   454  0.0  0.68 -9  26.0  24.4  25.5  25.0  25.2  -9 -9.0 -9  4  1
202406221600 108   5  2.4  -9 -9.0   -9  986.1  995.7 -9  -9.0  23.5  21.7  90.0  26.0    0.9   15.9   15.9   -9.0   -9.0   -9.0   -9.0 61 66 1901                    10   8    4 StNs      -9   2   7   534  0.0  0.34 -9  25.6  24.8  25.5  24.9  25.1  -9 -9.0 -9  4  1
202406221700 108   5  2.9  -9 -9.0   -9  985.3  994.9 -9  -9.0  23.8  21.6  88.0  25.8    0.1   16.0   16.0   -9.0   -9.0   -9.0   -9.0 21 62 1901                    10   8    7 ScAs      -9   2   5  1076  0.0  0.51 -9  25.3  24.9  25.5  24.9  25.1  -9 -9.0 -9  4  1
202406221800 108   5  2.4  -9 -9.0   -9  985.0  994.6  7  -1.6  23.9  21.7  88.0  26.0   -9.0   16.0   16.0   -9.0   -9.0   -9.0   -9.0 -9 62 -                       10   8    7 ScAs      -9   2   5  1594  0.0  0.26 -9  24.7  24.9  25.5  25.0  25.2  -9 -9.0 -9  3  1
202406221900 108   5  2.5  -9 -9.0   -9  985.6  995.2 -9  -9.0  23.8  21.4  87.0  25.5    0.0   16.0   16.0   -9.0   -9.0   -9.0   -9.0 60 62 01                      10   8    7 ScAs      -9   2   5  1657  0.0  0.09 -9  23.8  24.6  25.5  25.0  25.2  -9 -9.0 -9  4  1
202406222000 108   5  2.0  -9 -9.0   -9  986.0  995.6 -9  -9.0  23.5  21.7  90.0  26.0    0.1   16.1   16.1   -9.0   -9.0   -9.0   -9.0 60 66 1901                    10   8    8 ScAs      -9   2   5   673  0.0  0.02 -9  23.4  24.3  25.4  25.0  25.1  -9 -9.0 -9  4  1
202406222100 108   5  1.8  -9 -9.0   -9  986.5  996.1  2   1.5  23.5  21.5  89.0  25.6    0.0   16.1   16.1   -9.0   -9.0   -9.0   -9.0 21 62 1901                    10   6    8 ScAs      -9   2   5  1903 -9.0 -9.00 -9  23.2  24.3  25.3  24.9  25.1  -9 -9.0 -9  1  1
202406222200 108   5  1.9  -9 -9.0   -9  986.8  996.4 -9  -9.0  23.6  21.3  87.0  25.3    0.0   16.1   16.1   -9.0   -9.0   -9.0   -9.0 60 62 01                      10   7    8 ScAs      -9   2   5  1930 -9.0 -9.00 -9  23.0  23.8  25.2  24.8  25.0  -9 -9.0 -9  4  1
202406222300 108   7  1.9  -9 -9.0   -9  986.9  996.5 -9  -9.0  23.5  21.2  87.0  25.2    0.0   16.1   16.1   -9.0   -9.0   -9.0   -9.0 60 66 01                      10   8    9 ScAs      -9   2   5  1457 -9.0 -9.00 -9  22.8  23.8  25.1  24.8  25.0  -9 -9.0 -9  4  1
202406230000 108   5  1.9  -9 -9.0   -9  986.8  996.4  0   0.3  23.1  21.5  91.0  25.6    0.4   16.5   16.5   -9.0   -9.0   -9.0   -9.0 61 66 1901                    10   8    5 StNs      -9   2   7   379 -9.0 -9.00 -9  22.7  23.7  25.0  24.7  24.9  -9 -9.0 -9  4  1
202406230100 108   5  1.8  -9 -9.0   -9  986.7  996.3 -9  -9.0  22.9  21.5  92.0  25.6    0.2    0.2    0.2   -9.0   -9.0   -9.0   -9.0 61 66 1901                    10   8    7 StNs      -9   2   7   826 -9.0 -9.00 -9  22.6  23.2  24.9  24.5  24.7  -9 -9.0 -9  4  1
202406230200 108   5  1.3  -9 -9.0   -9  986.4  996.1 -9  -9.0  22.7  21.3  92.0  25.3    0.1    0.3    0.3   -9.0   -9.0   -9.0   -9.0 61 66 1901                    10   8    5 StNs      -9   2   7   355 -9.0 -9.00 -9  22.4  23.2  24.8  24.3  24.6  -9 -9.0 -9  4  1
202406230300 108   2  1.0  -9 -9.0   -9  986.6  996.3  5  -0.1  22.6  21.2  92.0  25.2    0.3    0.6    0.6   -9.0   -9.0   -9.0   -9.0 61 66 1901                    10   8    5 StNs      -9   2   7   263 -9.0 -9.00 -9  22.4  22.9  24.7  24.3  24.6  -9 -9.0 -9  4  1
202406230400 108   0  0.4  -9 -9.0   -9  986.8  996.5 -9  -9.0  22.6  21.4  93.0  25.5    0.7    1.3    1.3   -9.0   -9.0   -9.0   -9.0 61 66 1901                    10   8    5 StNs      -9   2   7   442 -9.0 -9.00 -9  22.4  22.8  24.6  24.2  24.5  -9 -9.0 -9  4  1
202406230500 108   0  0.2  -9 -9.0   -9  987.3  997.0 -9  -9.0  22.6  21.4  93.0  25.5    0.5    1.8    1.8   -9.0   -9.0   -9.0   -9.0 61 66 1901                    10   8    5 StNs      -9   2   7   233 -9.0 -9.00 -9  22.3  22.7  24.5  24.2  24.5  -9 -9.0 -9  4  1
202406230600 108   7  0.5  -9 -9.0   -9  987.4  997.1  2   0.8  22.6  21.4  93.0  25.5    0.3    2.1    2.1   -9.0   -9.0   -9.0   -9.0 21 62 1901                     9   7    9 ScAs       0   2   5  1324  0.0  0.01 -9  22.3  22.5  24.4  24.1  24.4  -9 -9.0 -9  4  1
202406230700 108  34  1.0  -9 -9.0   -9  987.7  997.4 -9  -9.0  22.7  21.1  91.0  25.0   -9.0    2.1    2.1   -9.0   -9.0   -9.0   -9.0 -9 -9 -                        9   6    9 ScAs       0   2   5  2212  0.0  0.20 -9  23.4  22.5  24.4  24.0  24.4  -9 -9.0 -9  3  2
202406230800 108  29  0.9  -9 -9.0   -9  988.1  997.7 -9  -9.0  23.3  21.3  89.0  25.3   -9.0    2.1    2.1   -9.0   -9.0   -9.0   -9.0 -9 -9 -                        9   4   10 ScAcCi     2   3   5  1905  0.0  0.46 -9  25.4  22.7  24.4  23.9  24.2  -9 -9.0 -9  3  2
202406230900 108  27  1.2  -9 -9.0   -9  988.5  998.1  2   1.0  24.0  21.5  86.0  25.6   -9.0    2.1    2.1   -9.0   -9.0   -9.0   -9.0 -9 62 -                        9   7   10 ScCc       9   0   5  1749  0.0  0.76 -9  26.6  22.9  24.5  23.8  24.1  -9 -9.0 -9  3  1
202406231000 108  27  1.7  -9 -9.0   -9  988.3  997.9 -9  -9.0  25.0  21.7  82.0  26.0   -9.0    2.1    2.1   -9.0   -9.0   -9.0   -9.0 -9 -9 -                        9   4   10 ScCi       2   0   5  1949  0.1  1.39 -9  30.6  24.6  24.7  23.9  24.1  -9 -9.0 -9  3  2
202406231100 108  29  2.6  -9 -9.0   -9  988.2  997.8 -9  -9.0  26.6  21.7  75.0  26.0   -9.0    2.1    2.1   -9.0   -9.0   -9.0   -9.0 -9 -9 -                        9   3   10 ScCi       2   0   5  3345  0.6  2.21 -9  34.0  25.5  25.1  24.0  24.1  -9 -9.0 -9  3  2
202406231200 108  23  2.8  -9 -9.0   -9  988.1  997.6  7  -0.5  27.8  21.3  68.0  25.3   -9.0    2.1    2.1   -9.0   -9.0   -9.0   -9.0 -9 -9 -                        9   3   10 ScCi       2   0   5  3186  0.7  2.67 -9  34.9  26.5  25.8  24.3  24.1  -9 -9.0 -9  3  2
202406231300 108  27  1.9  -9 -9.0   -9  988.0  997.5 -9  -9.0  28.6  20.8  63.0  24.6   -9.0    2.1    2.1   -9.0   -9.0   -9.0   -9.0 -9 -9 -                        5   3   10 ScCi       1   0   5  3563  0.5  2.63 -9  38.7  27.3  26.5  24.6  24.2  -9 -9.0 -9  3  2
202406231400 108  27  2.8  -9 -9.0   -9  987.8  997.3 -9  -9.0  30.0  21.6  61.0  25.8   -9.0    2.1    2.1   -9.0   -9.0   -9.0   -9.0 -9 -9 -                        5   5   10 Sc         0   0   5  3751  0.7  3.00 -9  39.0  28.4  27.4  25.0  24.3  -9 -9.0 -9  3  2
202406231500 108  23  3.5  -9 -9.0   -9  987.7  997.2  7  -0.4  29.2  21.1  62.0  25.0   -9.0    2.1    2.1   -9.0   -9.0   -9.0   -9.0 -9 -9 -                        6   6   10 Sc         0   0   5  2227  0.3  1.75 -9  34.8  29.0  28.1  25.5  24.5  -9 -9.0 -9  3  2
202406231600 108  20  4.5  -9 -9.0   -9  987.8  997.3 -9  -9.0  28.7  20.9  63.0  24.7   -9.0    2.1    2.1   -9.0   -9.0   -9.0   -9.0 -9 -9 -                        6   6   10 Sc         0   0   5  2657  0.3  1.44 -9  32.1  29.1  28.4  25.9  24.7  -9 -9.0 -9  3  2
202406231700 108  20  4.6  -9 -9.0   -9  988.2  997.7 -9  -9.0  27.8  20.3  64.0  23.8   -9.0    2.1    2.1   -9.0   -9.0   -9.0   -9.0 -9 -9 -                        5   5   10 Sc         0   0   5  3399  0.4  1.32 -9  30.1  28.9  28.4  26.2  24.9  -9 -9.0 -9  3  2
202406231800 108  23  3.3  -9 -9.0   -9  988.7  998.3  2   1.1  27.1  20.9  69.0  24.7   -9.0    2.1    2.1   -9.0   -9.0   -9.0   -9.0 -9 -9 -                        4   4   10 Sc         0   0   5  3750  0.2  0.74 -9  27.6  28.7  28.4  26.4  25.1  -9 -9.0 -9  3  2
202406231900 108  23  3.1  -9 -9.0   -9  989.3  998.9 -9  -9.0  25.7  20.7  74.0  24.4   -9.0    2.1    2.1   -9.0   -9.0   -9.0   -9.0 -9 -9 -                        8   8   -9 -         -9  -9  -9  3166  0.0  0.21 -9  25.4  28.1  28.1  26.4  25.2  -9 -9.0 -9  3 -9
202406232000 108  20  4.0  -9 -9.0   -9  990.1  999.8 -9  -9.0  24.9  20.7  78.0  24.4   -9.0    2.1    2.1   -9.0   -9.0   -9.0   -9.0 -9 -9 -                        9   9   -9 -         -9  -9  -9  1519  0.0  0.05 -9  24.4  27.5  27.7  26.3  25.3  -9 -9.0 -9  3 -9
202406232100 108  20  2.7  -9 -9.0   -9  990.5 1000.1  2   1.8  24.7  21.0  80.0  24.9   -9.0    2.1    2.1   -9.0   -9.0   -9.0   -9.0 -9 -9 -                        9   7   10 ScCi       1   0   5  2503 -9.0 -9.00 -9  24.1  27.0  27.3  26.2  25.4  -9 -9.0 -9  3  2
202406232200 108  25  3.6  -9 -9.0   -9  991.1 1000.7 -9  -9.0  24.1  21.4  85.0  25.5    3.0    5.1    5.1   -9.0   -9.0   -9.0   -9.0 92 96 01                      10   8    7 ScAs      -9   2   5  1652 -9.0 -9.00 -9  23.5  26.6  27.0  26.0  25.4  -9 -9.0 -9  4  1
202406232300 108  25  0.6  -9 -9.0   -9  991.4 1001.1 -9  -9.0  22.8  20.3  86.0  23.8    0.0    5.1    5.1   -9.0   -9.0   -9.0   -9.0 60 66 01                      10   8    8 ScAs      -9   2   5  2227 -9.0 -9.00 -9  23.3  26.1  26.6  25.8  25.4  -9 -9.0 -9  4  1
202406240000 108  34  2.0  -9 -9.0   -9  991.4 1001.1  1   1.0  22.7  20.2  86.0  23.7    0.0    5.1    5.1   -9.0   -9.0   -9.0   -9.0 21 96 01                      10   8    8 ScAs      -9   2   5  1647 -9.0 -9.00 -9  23.0  25.7  26.3  25.7  25.4  -9 -9.0 -9  4  1
202406240100 108  18  1.1  -9 -9.0   -9  991.0 1000.7 -9  -9.0  22.7  20.2  86.0  23.7   -9.0   -9.0   -9.0   -9.0   -9.0   -9.0   -9.0 -9 -9 -                        3   3   -9 -         -9  -9  -9  1537 -9.0 -9.00 -9  22.9  25.4  26.0  25.5  25.3  -9 -9.0 -9  3 -9
202406240200 108   0  0.2  -9 -9.0   -9  990.5 1000.2 -9  -9.0  22.8  20.5  87.0  24.1    0.0    0.0    0.0   -9.0   -9.0   -9.0   -9.0 21 62 01                       8   8    8 Sc         0   0   5  1254 -9.0 -9.00 -9  23.0  25.2  25.8  25.4  25.4  -9 -9.0 -9  4  1
202406240300 108  20  2.9  -9 -9.0   -9  990.4 1000.1  7  -1.0  23.0  21.0  89.0  24.9   -9.0    0.0    0.0   -9.0   -9.0   -9.0   -9.0 10 96 19                       7   7    8 Sc         0   0   5   766 -9.0 -9.00 -9  22.7  24.9  25.5  25.1  25.1  -9 -9.0 -9  3  1
202406240400 108  20  3.0  -9 -9.0   -9  990.7 1000.4 -9  -9.0  23.0  20.8  88.0  24.6   -9.0    0.0    0.0   -9.0   -9.0   -9.0   -9.0 10 22 19                       7   7   10 Sc         0   0   5   880 -9.0 -9.00 -9  22.6  24.2  25.4  24.9  25.0  -9 -9.0 -9  3  1
202406240500 108  20  2.8  -9 -9.0   -9  991.6 1001.3 -9  -9.0  22.8  20.7  88.0  24.4   -9.0    0.0    0.0   -9.0   -9.0   -9.0   -9.0 10 22 19                       9   9    8 Sc         0   0   5   852 -9.0 -9.00 -9  22.1  24.2  25.2  24.8  24.9  -9 -9.0 -9  3  1
202406240600 108  23  2.7  -9 -9.0   -9  992.0 1001.7  2   1.6  22.8  20.5  87.0  24.1   -9.0    0.0    0.0   -9.0   -9.0   -9.0   -9.0 10 22 19                       7   7    8 Sc         0   0   5   884  0.0  0.05 -9  22.1  24.1  25.1  24.7  24.8  -9 -9.0 -9  3  1
202406240700 108  23  3.2  -9 -9.0   -9  992.4 1002.1 -9  -9.0  23.1  20.4  85.0  24.0   -9.0    0.0    0.0   -9.0   -9.0   -9.0   -9.0 -9 -9 19                       7   7    8 Sc         0   0   5  1383  0.0  0.35 -9  23.8  24.3  25.0  24.6  24.8  -9 -9.0 -9  3  2
202406240800 108  23  1.6  -9 -9.0   -9  992.5 1002.2 -9  -9.0  23.8  20.7  83.0  24.4   -9.0    0.0    0.0   -9.0   -9.0   -9.0   -9.0 -9 -9 -                        7   7    8 Sc         0   0   5  1380  0.0  0.55 -9  25.6  24.5  25.0  24.6  24.9  -9 -9.0 -9  3  2
202406240900 108  20  3.0  -9 -9.0   -9  992.6 1002.2  1   0.5  24.4  20.5  79.0  24.1   -9.0    0.0    0.0   -9.0   -9.0   -9.0   -9.0 -9 -9 -                        7   7    8 Sc         0   0   5  1462  0.1  0.85 -9  28.2  24.7  25.1  24.6  24.8  -9 -9.0 -9  3  2
202406241000 108  25  2.5  -9 -9.0   -9  992.3 1002.0 -9  -9.0  25.3  20.1  73.0  23.5   -9.0    0.0    0.0   -9.0   -9.0   -9.0   -9.0 -9 -9 -                        6   6    8 Sc         0   0   5  1255  0.4  1.37 -9  28.3  25.0  25.3  24.4  24.5  -9 -9.0 -9  3  2
202406241100 108  27  2.9  -9 -9.0   -9  992.1 1001.7 -9  -9.0  26.6  20.2  68.0  23.7   -9.0    0.0    0.0   -9.0   -9.0   -9.0   -9.0 -9 -9 -                        7   7    8 Sc         0   0   5  1254  0.5  2.02 -9  31.6  25.6  25.7  24.6  24.6  -9 -9.0 -9  3  2
202406241200 108  23  3.9  -9 -9.0   -9  992.3 1001.9  5  -0.3  27.1  19.9  65.0  23.2   -9.0    0.0    0.0   -9.0   -9.0   -9.0   -9.0 -9 -9 -                        6   6    8 Sc         0   0   5  1266  0.5  2.06 -9  34.4  26.1  26.2  24.7  24.6  -9 -9.0 -9  3  2
202406241300 108  23  3.0  -9 -9.0   -9  992.5 1002.1 -9  -9.0  27.6  19.6  62.0  22.8   -9.0    0.0    0.0   -9.0   -9.0   -9.0   -9.0 -9 -9 -                        9   7    8 ScCi       2   0   5  1307  0.5  2.29 -9  32.0  26.9  26.8  25.1  24.7  -9 -9.0 -9  3  2
202406241400 108  23  3.6  -9 -9.0   -9  992.8 1002.4 -9  -9.0  27.3  18.5  59.0  21.3   -9.0    0.0    0.0   -9.0   -9.0   -9.0   -9.0 -9 -9 -                        7   5    8 ScCi       2   0   5  1823  0.4  1.82 -9  32.2  27.2  27.2  25.4  24.8  -9 -9.0 -9  3  2
202406241500 108  27  4.2  -9 -9.0   -9  992.8 1002.4  1   0.5  27.1  17.5  56.0  20.0   -9.0    0.0    0.0   -9.0   -9.0   -9.0   -9.0 -9 -9 -                        8   1    8 ScCi       2   0   5  1718  0.6  1.93 -9  31.9  27.4  27.5  25.7  24.9  -9 -9.0 -9  3  2
202406241600 108  27  4.1  -9 -9.0   -9  992.7 1002.3 -9  -9.0  27.4  14.4  45.0  16.4   -9.0    0.0    0.0   -9.0   -9.0   -9.0   -9.0 -9 -9 -                        4   0   -9 Ci         1   0   0  1376  1.0  2.47 -9  33.7  27.6  27.8  25.9  25.1  -9 -9.0 -9  3  2
202406241700 108  27  4.5  -9 -9.0   -9  992.9 1002.5 -9  -9.0  27.0  17.7  57.0  20.2   -9.0    0.0    0.0   -9.0   -9.0   -9.0   -9.0 -9 -9 -                        6   1    8 ScCi       1   0   5  1646  1.0  1.83 -9  32.1  27.8  27.9  26.1  25.2  -9 -9.0 -9  3  2
202406241800 108  25  4.1  -9 -9.0   -9  993.5 1003.1  3   0.7  26.0  16.5  56.0  18.8   -9.0    0.0    0.0   -9.0   -9.0   -9.0   -9.0 -9 -9 -                        6   0   -9 Ci         1   0   0  1475  0.9  1.26 -9  27.5  27.1  27.9  26.3  25.4  -9 -9.0 -9  3  2
202406241900 108  23  3.3  -9 -9.0   -9  994.4 1004.0 -9  -9.0  24.7  15.3  56.0  17.4   -9.0    0.0    0.0   -9.0   -9.0   -9.0   -9.0 -9 -9 -                        0   0   -9 -         -9  -9  -9  1892  1.0  0.66 -9  23.7  27.0  27.7  26.2  25.3  -9 -9.0 -9  3 -9
202406242000 108  23  3.3  -9 -9.0   -9  995.0 1004.7 -9  -9.0  23.5  16.0  63.0  18.2   -9.0    0.0    0.0   -9.0   -9.0   -9.0   -9.0 -9 -9 -                        3   3   -9 -         -9  -9  -9  1828  0.1  0.11 -9  21.7  26.2  27.3  26.2  25.4  -9 -9.0 -9  3 -9
202406242100 108  20  2.3  -9 -9.0   -9  995.4 1005.2  2   2.1  22.6  16.3  68.0  18.5   -9.0    0.0    0.0   -9.0   -9.0   -9.0   -9.0 -9 -9 -                        1   0   -9 Ci         1   0   0  2021 -9.0 -9.00 -9  20.7  25.5  26.8  26.0  25.4  -9 -9.0 -9  3  2
202406242200 108  25  2.8  -9 -9.0   -9  996.2 1006.0 -9  -9.0  22.2  16.6  71.0  18.9   -9.0    0.0    0.0   -9.0   -9.0   -9.0   -9.0 -9 -9 -                        6   6   -9 -         -9  -9  -9  2234 -9.0 -9.00 -9  20.2  25.1  26.3  25.8  25.4  -9 -9.0 -9  3 -9
202406242300 108  27  2.4  -9 -9.0   -9  996.6 1006.4 -9  -9.0  21.7  14.8  65.0  16.8   -9.0    0.0    0.0   -9.0   -9.0   -9.0   -9.0 -9 -9 -                        6   6   -9 -         -9  -9  -9  2842 -9.0 -9.00 -9  19.0  24.6  25.9  25.6  25.4  -9 -9.0 -9  3 -9
202406250000 108  27  2.5  -9 -9.0   -9  996.9 1006.7  2   1.5  21.2  13.8  63.0  15.8   -9.0    0.0    0.0   -9.0   -9.0   -9.0   -9.0 -9 -9 -                        4   0   -9 Ci         1   0   0  3323 -9.0 -9.00 -9  18.4  24.1  25.5  25.3  25.3  -9 -9.0 -9  3  2
202406250100 108  25  2.8  -9 -9.0   -9  997.0 1006.9 -9  -9.0  20.8  13.9  65.0  15.9   -9.0   -9.0   -9.0   -9.0   -9.0   -9.0   -9.0 -9 -9 -                        6   6   -9 -         -9  -9  -9  3078 -9.0 -9.00 -9  17.9  23.8  25.0  25.0  25.2  -9 -9.0 -9  3 -9
202406250200 108  25  2.2  -9 -9.0   -9  997.2 1007.1 -9  -9.0  20.4  14.9  71.0  16.9   -9.0   -9.0   -9.0   -9.0   -9.0   -9.0   -9.0 -9 -9 -                        7   7   -9 -         -9  -9  -9  2809 -9.0 -9.00 -9  17.6  23.4  24.7  24.8  25.1  -9 -9.0 -9  3 -9
202406250300 108  25  2.2  -9 -9.0   -9  997.4 1007.3  2   0.6  20.0  14.7  72.0  16.7   -9.0   -9.0   -9.0   -9.0   -9.0   -9.0   -9.0 -9 -9 -                        7   0   -9 Ci         1   0   0  2885 -9.0 -9.00 -9  17.5  23.1  24.3  24.5  24.9  -9 -9.0 -9  3  2
202406250400 108  25  2.6  -9 -9.0   -9  997.9 1007.8 -9  -9.0  19.9  15.3  75.0  17.4   -9.0   -9.0   -9.0   -9.0   -9.0   -9.0   -9.0 -9 -9 -                        3   0   -9 Ci         1   0   0  2715 -9.0 -9.00 -9  17.3  22.7  24.0  24.2  24.8  -9 -9.0 -9  3  2
202406250500 108  25  1.9  -9 -9.0   -9  998.6 1008.5 -9  -9.0  19.5  15.3  77.0  17.4   -9.0   -9.0   -9.0   -9.0   -9.0   -9.0   -9.0 -9 -9 -                        4   0   -9 Ci         1   0   0  2858 -9.0 -9.00 -9  16.9  22.4  23.7  24.0  24.6  -9 -9.0 -9  3  2
202406250600 108  23  0.9  -9 -9.0   -9  999.6 1009.5  2   2.2  19.1  14.5  75.0  16.5   -9.0   -9.0   -9.0   -9.0   -9.0   -9.0   -9.0 -9 -9 -                        2   0   -9 Ci         1   0   0  3108  0.0  0.04 -9  16.8  22.4  23.4  23.8  24.5  -9 -9.0 -9  3  2
202406250700 108  27  1.5  -9 -9.0   -9 1000.1 1010.1 -9  -9.0  19.8  14.5  72.0  16.5   -9.0   -9.0   -9.0   -9.0   -9.0   -9.0   -9.0 -9 -9 -                        1   0   -9 Ci         1   0   0  4022  1.0  0.55 -9  19.6  21.2  23.2  23.5  24.3  -9 -9.0 -9  3  2
202406250800 108  27  2.2  -9 -9.0   -9 1000.2 1010.0 -9  -9.0  21.7  13.0  58.0  15.0   -9.0   -9.0   -9.0   -9.0   -9.0   -9.0   -9.0 -9 -9 -                        1   0   -9 Ci         1   0   0  4611  1.0  1.30 -9  25.2  21.6  23.1  23.4  24.2  -9 -9.0 -9  3  2
202406250900 108  25  3.5  -9 -9.0   -9 1000.1 1009.9  0   0.4  23.2  12.4  51.0  14.4   -9.0   -9.0   -9.0   -9.0   -9.0   -9.0   -9.0 -9 -9 -                        2   0   -9 Ci         1   0   0  3936  1.0  2.07 -9  30.4  22.3  23.3  23.0  23.9  -9 -9.0 -9  3  2
202406251000 108  27  2.9  -9 -9.0   -9 1000.0 1009.7 -9  -9.0  24.1  13.6  52.0  15.6   -9.0   -9.0   -9.0   -9.0   -9.0   -9.0   -9.0 -9 -9 -                        6   0   -9 Ci         2   0   0  3331  0.9  2.13 -9  32.5  22.9  23.7  23.0  23.7  -9 -9.0 -9  3  2
202406251100 108  25  3.8  -9 -9.0   -9  999.9 1009.7 -9  -9.0  24.8  13.6  50.0  15.6   -9.0   -9.0   -9.0   -9.0   -9.0   -9.0   -9.0 -9 -9 -                        8   1    8 ScAcCi     2   3   5  4234  0.4  1.85 -9  32.5  23.3  24.1  23.1  23.6  -9 -9.0 -9  3  2
202406251200 108  25  3.8  -9 -9.0   -9  999.7 1009.4  7  -0.5  25.6  13.7  48.0  15.7   -9.0   -9.0   -9.0   -9.0   -9.0   -9.0   -9.0 -9 -9 -                        7   2    8 ScAcCi     2   3   5  4200  0.4  2.06 -9  39.0  23.3  24.6  23.5  23.8  -9 -9.0 -9  3  2
202406251300 108  25  2.9  -9 -9.0   -9  999.5 1009.2 -9  -9.0  27.0  14.3  46.0  16.3   -9.0   -9.0   -9.0   -9.0   -9.0   -9.0   -9.0 -9 -9 -                        7   2    8 ScCi       2   0   5  3826  0.8  3.39 -9  43.4  24.4  25.2  23.5  23.6  -9 -9.0 -9  3  2
202406251400 108  25  4.3  25 10.0 1320  999.7 1009.4 -9  -9.0  27.0  13.6  44.0  15.6   -9.0   -9.0   -9.0   -9.0   -9.0   -9.0   -9.0 -9 -9 -                        6   4    7 CuCi       1   0   2  4172  0.9  3.37 -9  46.3  24.8  26.0  23.8  23.6  -9 -9.0 -9  3  2
202406251500 108  23  4.6  25 10.0 1320  999.3 1009.0  7  -0.4  26.6  15.3  50.0  17.4   -9.0   -9.0   -9.0   -9.0   -9.0   -9.0   -9.0 -9 -9 -                        6   3    7 CuCi       1   0   2  3913  0.8  2.86 -9  44.3  26.1  26.7  24.2  23.7  -9 -9.0 -9  3  2
202406251600 108  23  5.3  25 11.0 1515  999.4 1009.1 -9  -9.0  26.3  15.3  51.0  17.4   -9.0   -9.0   -9.0   -9.0   -9.0   -9.0   -9.0 -9 -9 -                        6   3    7 CuCi       1   0   2  3141  0.8  2.51 -9  40.5  26.5  27.2  24.7  23.9  -9 -9.0 -9  3  2
202406251700 108  25  4.5  18 10.0 1602  999.7 1009.4 -9  -9.0  26.1  16.6  56.0  18.9   -9.0   -9.0   -9.0   -9.0   -9.0   -9.0   -9.0 -9 -9 -                        5   1    7 CuCi       1   0   1  3985  0.4  1.28 -9  36.4  26.2  27.4  25.0  24.0  -9 -9.0 -9  3  2
202406251800 108  23  4.5  25 11.0 1515 1000.1 1009.9  2   0.9  25.1  16.5  59.0  18.8   -9.0   -9.0   -9.0   -9.0   -9.0   -9.0   -9.0 -9 -9 -                        5   3    7 ScCi       1   0   5  3320  0.7  0.90 -9  29.0  26.2  27.3  25.2  24.2  -9 -9.0 -9  3  2
202406251900 108  20  4.5  -9 -9.0   -9 1000.8 1010.6 -9  -9.0  24.8  17.0  62.0  19.4   -9.0   -9.0   -9.0   -9.0   -9.0   -9.0   -9.0 -9 -9 -                        1   1   -9 -         -9  -9  -9  3416  0.9  0.70 -9  26.4  26.1  27.1  25.3  24.4  -9 -9.0 -9  3 -9
202406252000 108  20  2.2  -9 -9.0   -9 1001.4 1011.1 -9  -9.0  23.8  16.8  65.0  19.1   -9.0   -9.0   -9.0   -9.0   -9.0   -9.0   -9.0 -9 -9 -                        7   7   -9 -         -9  -9  -9  3547  0.7  0.23 -9  23.4  25.6  26.9  25.8  25.0  -9 -9.0 -9  3 -9
202406252100 108  18  3.1  25 11.0 1515 1002.2 1012.0  2   2.1  22.8  16.8  69.0  19.1   -9.0   -9.0   -9.0   -9.0   -9.0   -9.0   -9.0 -9 -9 -                        5   0   -9 Ci         1   0   0  3058 -9.0 -9.00 -9  21.7  25.1  26.6  25.8  25.1  -9 -9.0 -9  3  2
202406252200 108  23  1.9  -9 -9.0   -9 1002.8 1012.7 -9  -9.0  22.1  16.8  72.0  19.1   -9.0   -9.0   -9.0   -9.0   -9.0   -9.0   -9.0 -9 -9 -                        4   4   -9 -         -9  -9  -9  2934 -9.0 -9.00 -9  20.5  24.6  26.1  25.6  25.2  -9 -9.0 -9  3 -9
202406252300 108  20  2.1  -9 -9.0   -9 1002.8 1012.7 -9  -9.0  21.4  16.1  72.0  18.3   -9.0   -9.0   -9.0   -9.0   -9.0   -9.0   -9.0 -9 -9 -                        0   0   -9 -         -9  -9  -9  3025 -9.0 -9.00 -9  19.6  24.1  25.7  25.4  25.1  -9 -9.0 -9  3 -9
202406260000 108   0  0.4  -9 -9.0   -9 1003.3 1013.2  2   1.2  20.9  15.4  71.0  17.5   -9.0   -9.0   -9.0   -9.0   -9.0   -9.0   -9.0 -9 -9 -                        0   0   -9 -         -9  -9  -9  3306 -9.0 -9.00 -9  18.7  23.6  25.3  25.2  25.1  -9 -9.0 -9  3  2
202406260100 108  25  1.4  -9 -9.0   -9 1003.6 1013.6 -9  -9.0  20.3  15.5  74.0  17.6   -9.0   -9.0   -9.0   -9.0   -9.0   -9.0   -9.0 -9 -9 -                        0   0   -9 -         -9  -9  -9  3076 -9.0 -9.00 -9  18.2  23.2  24.9  24.9  25.0  -9 -9.0 -9  3 -9
202406260200 108  23  0.8  -9 -9.0   -9 1003.8 1013.8 -9  -9.0  20.0  15.8  77.0  17.9   -9.0   -9.0   -9.0   -9.0   -9.0   -9.0   -9.0 -9 -9 -                        0   0   -9 -         -9  -9  -9  2624 -9.0 -9.00 -9  17.8  22.8  24.5  24.7  24.9  -9 -9.0 -9  3 -9
202406260300 108  23  0.5  -9 -9.0   -9 1004.1 1014.0  2   0.8  19.7  15.9  79.0  18.1   -9.0   -9.0   -9.0   -9.0   -9.0   -9.0   -9.0 -9 -9 -                        0   0   -9 -         -9  -9  -9  2447 -9.0 -9.00 -9  17.4  22.4  24.2  24.4  24.8  -9 -9.0 -9  3  2
202406260400 108  36  1.1  -9 -9.0   -9 1004.5 1014.4 -9  -9.0  19.4  16.2  82.0  18.4   -9.0   -9.0   -9.0   -9.0   -9.0   -9.0   -9.0 -9 -9 -                        0   0   -9 -         -9  -9  -9  2526 -9.0 -9.00 -9  17.2  22.1  23.8  24.2  24.7  -9 -9.0 -9  3  2
202406260500 108   0  0.3  -9 -9.0   -9 1004.9 1014.8 -9  -9.0  19.1  16.3  84.0  18.5   -9.0   -9.0   -9.0   -9.0   -9.0   -9.0   -9.0 -9 -9 -                        0   0   -9 -         -9  -9  -9  2255 -9.0 -9.00 -9  16.9  21.8  23.5  23.9  24.5  -9 -9.0 -9  3  2
202406260600 108   2  0.9  -9 -9.0   -9 1005.5 1015.5  2   1.5  19.0  16.4  85.0  18.6   -9.0   -9.0   -9.0   -9.0   -9.0   -9.0   -9.0 -9 -9 -                        0   0   -9 -         -9  -9  -9  2129  0.0  0.05 -9  17.5  21.5  23.3  23.6  24.2  -9 -9.0 -9  3  2
202406260700 108   2  2.1  -9 -9.0   -9 1005.9 1015.9 -9  -9.0  20.1  17.1  83.0  19.5   -9.0   -9.0   -9.0   -9.0   -9.0   -9.0   -9.0 -9 -9 -                        2   0   -9 Ci         1   0   0  2287  0.9  0.54 -9  20.5  21.3  23.1  23.3  24.1  -9 -9.0 -9  3  2
202406260800 108   2  2.6  -9 -9.0   -9 1005.9 1015.8 -9  -9.0  22.2  17.5  75.0  20.0   -9.0   -9.0   -9.0   -9.0   -9.0   -9.0   -9.0 -9 -9 -                        1   0   -9 Ci         1   0   0  2259  1.0  1.20 -9  26.9  21.5  23.0  23.1  23.9  -9 -9.0 -9  3  2
202406260900 108   2  1.1  -9 -9.0   -9 1005.8 1015.6  0   0.1  23.8  16.8  65.0  19.1   -9.0   -9.0   -9.0   -9.0   -9.0   -9.0   -9.0 -9 -9 -                        1   0   -9 Ci         1   0   0  2713  1.0  1.98 -9  34.3  22.0  23.3  23.0  23.7  -9 -9.0 -9  3  2
202406261000 108   9  1.2  -9 -9.0   -9 1005.4 1015.2 -9  -9.0  25.9  17.2  59.0  19.6   -9.0   -9.0   -9.0   -9.0   -9.0   -9.0   -9.0 -9 -9 -                        1   1   10 Sc         0   0   5  2685  1.0  2.60 -9  41.5  22.9  23.7  22.9  23.5  -9 -9.0 -9  3  2
202406261100 108  20  2.7  -9 -9.0   -9 1005.2 1014.9 -9  -9.0  26.9  17.6  57.0  20.1   -9.0   -9.0   -9.0   -9.0   -9.0   -9.0   -9.0 -9 -9 -                        2   2   10 Sc         0   0   5  2260  0.9  2.77 -9  44.5  23.8  24.6  23.1  23.5  -9 -9.0 -9  3  2
202406261200 108  20  2.7  -9 -9.0   -9 1004.8 1014.4  7  -1.2  28.6  18.0  53.0  20.6   -9.0   -9.0   -9.0   -9.0   -9.0   -9.0   -9.0 -9 -9 -                        4   4   10 Sc         0   0   5  2076  1.0  3.32 -9  51.2  25.3  25.5  23.5  23.5  -9 -9.0 -9  3  2
202406261300 108  32  2.1  -9 -9.0   -9 1004.5 1014.1 -9  -9.0  29.7  17.5  48.0  20.0   -9.0   -9.0   -9.0   -9.0   -9.0   -9.0   -9.0 -9 -9 -                        5   5   10 Sc         0   0   5  2788  0.7  2.77 -9  54.0  26.6  26.5  24.0  23.5  -9 -9.0 -9  3  2
202406261400 108  29  2.7  -9 -9.0   -9 1004.0 1013.6 -9  -9.0  29.6  16.0  44.0  18.2   -9.0   -9.0   -9.0   -9.0   -9.0   -9.0   -9.0 -9 -9 -                        5   5   10 Sc         0   0   5  3220  0.6  2.49 -9  43.6  27.2  27.3  24.5  23.7  -9 -9.0 -9  3  2
202406261500 108  27  2.3  -9 -9.0   -9 1003.5 1013.1  7  -1.3  30.8  16.0  41.0  18.2   -9.0   -9.0   -9.0   -9.0   -9.0   -9.0   -9.0 -9 -9 -                        4   4   10 Sc         0   0   5  3252  0.9  2.91 -9  52.4  28.0  28.0  25.0  23.9  -9 -9.0 -9  3  2
202406261600 108  27  2.0  -9 -9.0   -9 1003.0 1012.6 -9  -9.0  31.2  15.9  40.0  18.1   -9.0   -9.0   -9.0   -9.0   -9.0   -9.0   -9.0 -9 -9 -                        3   3   10 Sc         0   0   5  3978  0.9  2.64 -9  49.5  28.5  28.5  25.5  24.1  -9 -9.0 -9  3  2
202406261700 108  23  3.3  -9 -9.0   -9 1002.8 1012.4 -9  -9.0  31.1  17.0  43.0  19.4   -9.0   -9.0   -9.0   -9.0   -9.0   -9.0   -9.0 -9 -9 -                        6   6   10 Sc         0   0   5  3318  0.9  2.27 -9  43.3  28.8  28.9  25.9  24.4  -9 -9.0 -9  3  2
202406261800 108  27  4.2  -9 -9.0   -9 1003.1 1012.7  5  -0.4  29.4  16.5  46.0  18.8   -9.0   -9.0   -9.0   -9.0   -9.0   -9.0   -9.0 -9 -9 -                        1   1   10 Sc         0   0   5  3475  0.8  1.29 -9  34.6  28.5  29.1  26.4  24.8  -9 -9.0 -9  3  2
202406261900 108  25  3.5  -9 -9.0   -9 1003.3 1012.9 -9  -9.0  28.2  15.1  45.0  17.2   -9.0   -9.0   -9.0   -9.0   -9.0   -9.0   -9.0 -9 -9 -                        0   0   -9 -         -9  -9  -9  3828  1.0  0.65 -9  28.4  28.0  28.9  26.5  24.9  -9 -9.0 -9  3 -9
202406262000 108  25  3.5  -9 -9.0   -9 1003.7 1013.4 -9  -9.0  26.3  15.3  51.0  17.4   -9.0   -9.0   -9.0   -9.0   -9.0   -9.0   -9.0 -9 -9 -                        0   0   -9 -         -9  -9  -9  3804  0.7  0.16 -9  25.3  28.2  28.5  26.5  25.1  -9 -9.0 -9  3 -9
202406262100 108  27  2.3  -9 -9.0   -9 1004.3 1014.1  2   1.4  25.1  15.1  54.0  17.2   -9.0   -9.0   -9.0   -9.0   -9.0   -9.0   -9.0 -9 -9 -                        0   0   -9 -         -9  -9  -9  3904 -9.0 -9.00 -9  23.3  26.9  28.0  26.8  25.6  -9 -9.0 -9  3  2
202406262200 108  27  2.3  -9 -9.0   -9 1004.9 1014.7 -9  -9.0  24.1  15.3  58.0  17.4   -9.0   -9.0   -9.0   -9.0   -9.0   -9.0   -9.0 -9 -9 -                        0   0   -9 -         -9  -9  -9  3760 -9.0 -9.00 -9  22.0  25.8  27.5  26.6  25.7  -9 -9.0 -9  3 -9
202406262300 108  29  1.6  -9 -9.0   -9 1004.9 1014.7 -9  -9.0  23.4  15.6  62.0  17.7   -9.0   -9.0   -9.0   -9.0   -9.0   -9.0   -9.0 -9 -9 -                        0   0   -9 -         -9  -9  -9  3954 -9.0 -9.00 -9  21.0  25.0  27.0  26.4  25.7  -9 -9.0 -9  3 -9
202406270000 108  25  2.2  -9 -9.0   -9 1004.6 1014.4  0   0.3  22.7  15.7  65.0  17.8   -9.0   -9.0   -9.0   -9.0   -9.0   -9.0   -9.0 -9 -9 -                        0   0   -9 -         -9  -9  -9  3945 -9.0 -9.00 -9  20.3  24.6  26.5  26.2  25.7  -9 -9.0 -9  3  2
202406270100 108  27  1.6  -9 -9.0   -9 1004.4 1014.3 -9  -9.0  22.3  15.3  65.0  17.4   -9.0   -9.0   -9.0   -9.0   -9.0   -9.0   -9.0 -9 -9 -                        0   0   -9 -         -9  -9  -9  3858 -9.0 -9.00 -9  19.6  24.1  26.1  25.9  25.6  -9 -9.0 -9  3 -9
202406270200 108  29  1.1  -9 -9.0   -9 1004.1 1014.0 -9  -9.0  21.8  15.3  67.0  17.4   -9.0   -9.0   -9.0   -9.0   -9.0   -9.0   -9.0 -9 -9 -                        0   0   -9 -         -9  -9  -9  3935 -9.0 -9.00 -9  19.0  23.7  25.7  25.6  25.5  -9 -9.0 -9  3 -9
202406270300 108  27  1.0  -9 -9.0   -9 1004.1 1014.0  6  -0.4  21.4  15.4  69.0  17.5   -9.0   -9.0   -9.0   -9.0   -9.0   -9.0   -9.0 -9 -9 -                        0   0   -9 -         -9  -9  -9  3653 -9.0 -9.00 -9  18.6  23.3  25.3  25.3  25.4  -9 -9.0 -9  3  2
202406270400 108  32  0.6  -9 -9.0   -9 1004.3 1014.2 -9  -9.0  21.1  15.1  69.0  17.2   -9.0   -9.0   -9.0   -9.0   -9.0   -9.0   -9.0 -9 -9 -                        0   0   -9 -         -9  -9  -9  3871 -9.0 -9.00 -9  18.2  22.9  24.9  25.1  25.2  -9 -9.0 -9  3  2
202406270500 108  36  0.7  -9 -9.0   -9 1004.5 1014.4 -9  -9.0  20.8  14.8  69.0  16.8   -9.0   -9.0   -9.0   -9.0   -9.0   -9.0   -9.0 -9 -9 -                        0   0   -9 -         -9  -9  -9  3440 -9.0 -9.00 -9  17.9  22.6  24.6  24.8  25.1  -9 -9.0 -9  3  2
202406270600 108   2  1.3  -9 -9.0   -9 1004.4 1014.4  1   0.4  20.6  14.9  70.0  16.9   -9.0   -9.0   -9.0   -9.0   -9.0   -9.0   -9.0 -9 -9 -                        0   0   -9 -         -9  -9  -9  3616  0.0  0.04 -9  18.4  22.3  24.3  24.6  25.0  -9 -9.0 -9  3  2
202406270700 108   2  2.3  -9 -9.0   -9 1004.2 1014.1 -9  -9.0  21.5  15.7  70.0  17.8   -9.0   -9.0   -9.0   -9.0   -9.0   -9.0   -9.0 -9 -9 -                        0   0   -9 -         -9  -9  -9  3641  0.9  0.50 -9  21.9  22.1  24.1  24.3  24.7  -9 -9.0 -9  3  2
202406270800 108   5  2.0  -9 -9.0   -9 1003.8 1013.6 -9  -9.0  24.0  16.5  63.0  18.8   -9.0   -9.0   -9.0   -9.0   -9.0   -9.0   -9.0 -9 -9 -                        0   0   -9 -         -9  -9  -9  2729  1.0  1.22 -9  29.6  22.2  23.9  23.3  24.3  -9 -9.0 -9  3  2
202406270900 108   7  1.5  -9 -9.0   -9 1003.4 1013.1  7  -1.3  26.2  16.7  56.0  19.0   -9.0   -9.0   -9.0   -9.0   -9.0   -9.0   -9.0 -9 -9 -                        4   0   -9 Ci         1   0   0  2932  1.0  1.89 -9  36.9  22.8  24.2  23.6  24.1  -9 -9.0 -9  3  2
202406271000 108   2  1.7  -9 -9.0   -9 1002.6 1012.3 -9  -9.0  27.5  16.1  50.0  18.3   -9.0   -9.0   -9.0   -9.0   -9.0   -9.0   -9.0 -9 -9 -                        6   0   -9 Ci         1   0   0  3448  1.0  2.53 -9  43.2  23.9  24.7  23.8  24.2  -9 -9.0 -9  3  2
202406271100 108  18  1.1  -9 -9.0   -9 1002.2 1011.8 -9  -9.0  29.3  17.1  48.0  19.5   -9.0   -9.0   -9.0   -9.0   -9.0   -9.0   -9.0 -9 -9 -                        6   0   -9 Ci         1   0   0  2792  1.0  3.06 -9  49.3  25.0  25.4  24.0  24.1  -9 -9.0 -9  3  2
202406271200 108  11  2.7  -9 -9.0   -9 1001.4 1011.0  7  -2.1  30.3  15.9  42.0  18.1   -9.0   -9.0   -9.0   -9.0   -9.0   -9.0   -9.0 -9 -9 -                        7   3   38 AcCi       1   3   0  2395  1.0  3.12 -9  50.4  26.2  26.3  24.2  24.0  -9 -9.0 -9  3  2
202406271300 108  11  2.0  -9 -9.0   -9 1001.1 1010.6 -9  -9.0  31.6  15.9  39.0  18.1   -9.0   -9.0   -9.0   -9.0   -9.0   -9.0   -9.0 -9 -9 -                        7   1   12 ScCi       1   0   5  2659  1.0  3.16 -9  51.8  27.8  27.3  24.6  24.1  -9 -9.0 -9  3  2
202406271400 108  16  2.6  -9 -9.0   -9 1000.5 1010.0 -9  -9.0  31.3  16.0  40.0  18.2   -9.0   -9.0   -9.0   -9.0   -9.0   -9.0   -9.0 -9 -9 -                        9   2   12 ScCi       2   0   5  3447  0.9  2.40 -9  47.3  28.6  28.1  25.1  24.2  -9 -9.0 -9  3  2
202406271500 108  16  3.3  -9 -9.0   -9 1000.2 1009.8  7  -1.2  31.0  16.5  42.0  18.8   -9.0   -9.0   -9.0   -9.0   -9.0   -9.0   -9.0 -9 -9 -                       10   2   13 ScCs       7   0   5  2977  0.2  1.90 -9  43.2  28.9  28.6  25.4  24.2  -9 -9.0 -9  3  2
202406271600 108  11  1.9  -9 -9.0   -9  999.4 1009.0 -9  -9.0  30.5  15.3  40.0  17.4   -9.0   -9.0   -9.0   -9.0   -9.0   -9.0   -9.0 -9 -9 -                       10   4   13 ScCs       7   0   5  3375  0.0  1.33 -9  38.1  28.9  28.8  25.9  24.5  -9 -9.0 -9  3  2
202406271700 108  18  2.5  -9 -9.0   -9  999.0 1008.6 -9  -9.0  30.3  16.3  43.0  18.5   -9.0   -9.0   -9.0   -9.0   -9.0   -9.0   -9.0 -9 -9 -                        9   3   14 ScCs       6   0   5  3050  0.1  1.04 -9  37.5  28.7  28.8  26.2  24.8  -9 -9.0 -9  3  2
202406271800 108  16  1.6  -9 -9.0   -9  998.7 1008.3  7  -1.5  30.5  15.7  41.0  17.8   -9.0   -9.0   -9.0   -9.0   -9.0   -9.0   -9.0 -9 -9 -                        3   1   12 ScCi       1   0   5  2738  0.8  1.24 -9  34.5  28.6  28.8  26.4  25.0  -9 -9.0 -9  3  2
202406271900 108  14  2.2  -9 -9.0   -9  998.8 1008.4 -9  -9.0  28.9  15.0  43.0  17.0   -9.0   -9.0   -9.0   -9.0   -9.0   -9.0   -9.0 -9 -9 -                        4   4   -9 -         -9  -9  -9  3054  0.3  0.30 -9  28.1  28.1  28.7  26.2  24.8  -9 -9.0 -9  3 -9
202406272000 108  27  1.9  -9 -9.0   -9  999.1 1008.7 -9  -9.0  27.8  17.0  52.0  19.4   -9.0   -9.0   -9.0   -9.0   -9.0   -9.0   -9.0 -9 -9 -                        0   0   -9 -         -9  -9  -9  2679  0.1  0.11 -9  24.9  27.5  28.4  26.8  25.6  -9 -9.0 -9  3 -9
202406272100 108  29  1.4  -9 -9.0   -9  999.3 1009.0  2   0.7  26.5  17.2  57.0  19.6   -9.0   -9.0   -9.0   -9.0   -9.0   -9.0   -9.0 -9 -9 -                        0   0   -9 -         -9  -9  -9  2505 -9.0 -9.00 -9  23.4  26.9  27.9  26.8  25.8  -9 -9.0 -9  3  2
202406272200 108  27  0.9  -9 -9.0   -9  999.4 1009.1 -9  -9.0  25.6  16.7  58.0  19.0   -9.0   -9.0   -9.0   -9.0   -9.0   -9.0   -9.0 -9 -9 -                        0   0   -9 -         -9  -9  -9  2446 -9.0 -9.00 -9  21.9  26.4  27.5  26.7  25.9  -9 -9.0 -9  3 -9
202406272300 108  27  0.9  -9 -9.0   -9  999.3 1009.0 -9  -9.0  24.7  16.4  60.0  18.6   -9.0   -9.0   -9.0   -9.0   -9.0   -9.0   -9.0 -9 -9 -                        0   0   -9 -         -9  -9  -9  2371 -9.0 -9.00 -9  20.9  25.8  27.0  26.4  25.8  -9 -9.0 -9  3 -9
202406280000 108  29  0.7  -9 -9.0   -9  998.8 1008.5  8  -0.5  24.1  16.6  63.0  18.9   -9.0   -9.0   -9.0   -9.0   -9.0   -9.0   -9.0 -9 -9 -                        0   0   -9 -         -9  -9  -9  2174 -9.0 -9.00 -9  20.2  25.3  26.6  26.2  25.8  -9 -9.0 -9  3  2
202406280100 108  36  1.8  -9 -9.0   -9  998.5 1008.2 -9  -9.0  23.5  16.2  64.0  18.4   -9.0   -9.0   -9.0   -9.0   -9.0   -9.0   -9.0 -9 -9 -                        4   4   -9 -         -9  -9  -9  2002 -9.0 -9.00 -9  19.7  25.2  26.2  25.9  25.7  -9 -9.0 -9  3 -9
202406280200 108   2  1.0  -9 -9.0   -9  998.0 1007.8 -9  -9.0  22.8  16.5  68.0  18.8   -9.0   -9.0   -9.0   -9.0   -9.0   -9.0   -9.0 -9 -9 -                        0   0   -9 -         -9  -9  -9  1908 -9.0 -9.00 -9  19.1  24.8  25.8  25.6  25.6  -9 -9.0 -9  3 -9
202406280300 108   5  0.5  -9 -9.0   -9  997.9 1007.7  7  -0.8  22.4  16.6  70.0  18.9   -9.0   -9.0   -9.0   -9.0   -9.0   -9.0   -9.0 -9 -9 -                        0   0   -9 -         -9  -9  -9  1940 -9.0 -9.00 -9  18.6  24.2  25.4  25.3  25.4  -9 -9.0 -9  3  2
202406280400 108   2  1.2  -9 -9.0   -9  997.8 1007.6 -9  -9.0  22.0  16.4  71.0  18.6   -9.0   -9.0   -9.0   -9.0   -9.0   -9.0   -9.0 -9 -9 -                        0   0   -9 -         -9  -9  -9  2293 -9.0 -9.00 -9  18.3  23.7  25.1  25.1  25.3  -9 -9.0 -9  3  2
202406280500 108   5  1.0  -9 -9.0   -9  997.8 1007.6 -9  -9.0  21.6  16.3  72.0  18.5   -9.0   -9.0   -9.0   -9.0   -9.0   -9.0   -9.0 -9 -9 -                        6   0   -9 Ci         1   0   0  1966 -9.0 -9.00 -9  17.8  23.4  24.8  24.8  25.1  -9 -9.0 -9  3  2
202406280600 108   2  1.0  -9 -9.0   -9  998.3 1008.1  3   0.4  21.4  16.5  74.0  18.8   -9.0   -9.0   -9.0   -9.0   -9.0   -9.0   -9.0 -9 -9 -                        7   0   -9 Ci         2   0   0  2050  0.0  0.06 -9  19.3  23.1  24.5  24.6  25.0  -9 -9.0 -9  3  2
202406280700 108   5  1.7  -9 -9.0   -9  998.2 1008.0 -9  -9.0  23.0  17.6  72.0  20.1   -9.0   -9.0   -9.0   -9.0   -9.0   -9.0   -9.0 -9 -9 -                        8   0   -9 Ci         1   0   0  1949  0.9  0.62 -9  24.2  22.7  24.3  24.4  24.8  -9 -9.0 -9  3  2
202406280800 108  20  0.8  -9 -9.0   -9  998.4 1008.1 -9  -9.0  24.7  17.6  65.0  20.1   -9.0   -9.0   -9.0   -9.0   -9.0   -9.0   -9.0 -9 -9 -                        8   0   -9 Ci         1   0   0  1754  1.0  1.07 -9  30.1  22.9  24.4  24.2  24.7  -9 -9.0 -9  3  2
202406280900 108  27  1.7  -9 -9.0   -9  998.1 1007.8  7  -0.3  26.7  16.9  55.0  19.2   -9.0   -9.0   -9.0   -9.0   -9.0   -9.0   -9.0 -9 -9 -                        7   0   -9 Ci         1   0   0  2166  1.0  1.75 -9  37.3  23.4  24.6  24.1  24.5  -9 -9.0 -9  3  2
202406281000 108  27  1.9  -9 -9.0   -9  998.0 1007.6 -9  -9.0  27.4  16.3  51.0  18.5   -9.0   -9.0   -9.0   -9.0   -9.0   -9.0   -9.0 -9 -9 -                        3   0   -9 Ci         1   0   0  2625  0.7  1.88 -9  43.0  24.1  25.1  24.2  24.4  -9 -9.0 -9  3  2
202406281100 108  20  2.0  -9 -9.0   -9  997.5 1007.1 -9  -9.0  29.0  16.8  48.0  19.1   -9.0   -9.0   -9.0   -9.0   -9.0   -9.0   -9.0 -9 -9 -                        1   0   -9 Ci         1   0   0  2476  1.0  3.09 -9  50.2  25.6  25.7  24.3  24.4  -9 -9.0 -9  3  2
202406281200 108  20  2.3  -9 -9.0   -9  996.7 1006.2  7  -1.6  30.5  17.9  47.0  20.5   -9.0   -9.0   -9.0   -9.0   -9.0   -9.0   -9.0 -9 -9 -                        1   1   10 Sc         0   0   5  2574  1.0  3.48 -9  55.4  27.0  26.6  24.6  24.4  -9 -9.0 -9  3  2
202406281300 108  18  3.0  -9 -9.0   -9  996.2 1005.7 -9  -9.0  31.5  15.0  37.0  17.0   -9.0   -9.0   -9.0   -9.0   -9.0   -9.0   -9.0 -9 -9 -                        1   1   10 Sc         0   0   5  2906  1.0  3.61 -9  57.3  28.5  27.7  25.1  24.5  -9 -9.0 -9  3  2
202406281400 108  23  1.9  -9 -9.0   -9  995.5 1005.0 -9  -9.0  32.3  15.7  37.0  17.8   -9.0   -9.0   -9.0   -9.0   -9.0   -9.0   -9.0 -9 -9 -                        1   1   10 Sc         0   0   5  2292  1.0  3.45 -9  56.7  29.6  28.7  25.5  24.5  -9 -9.0 -9  3  2
202406281500 108  25  2.7  -9 -9.0   -9  995.4 1004.9  7  -1.3  32.4  16.6  39.0  18.9   -9.0   -9.0   -9.0   -9.0   -9.0   -9.0   -9.0 -9 -9 -                        1   1   10 Sc         0   0   5  2541  1.0  3.10 -9  54.3  30.3  29.5  26.1  24.7  -9 -9.0 -9  3  2
202406281600 108  27  3.8  -9 -9.0   -9  995.3 1004.8 -9  -9.0  31.7  16.8  41.0  19.1   -9.0   -9.0   -9.0   -9.0   -9.0   -9.0   -9.0 -9 -9 -                        0   0   -9 -         -9  -9  -9  2225  1.0  2.59 -9  49.8  30.6  30.0  26.6  25.0  -9 -9.0 -9  3  2
202406281700 108  27  4.2  -9 -9.0   -9  995.4 1004.9 -9  -9.0  31.2  15.9  40.0  18.1   -9.0   -9.0   -9.0   -9.0   -9.0   -9.0   -9.0 -9 -9 -                        0   0   -9 -         -9  -9  -9  2983  1.0  1.98 -9  44.1  30.5  30.2  27.0  25.2  -9 -9.0 -9  3  2
202406281800 108  27  3.9  -9 -9.0   -9  995.9 1005.4  3   0.5  30.0  15.3  41.0  17.4   -9.0   -9.0   -9.0   -9.0   -9.0   -9.0   -9.0 -9 -9 -                        0   0   -9 -         -9  -9  -9  2869  1.0  1.36 -9  35.8  30.4  30.2  27.4  25.5  -9 -9.0 -9  3  2
202406281900 108  27  3.5  -9 -9.0   -9  996.5 1006.1 -9  -9.0  28.7  14.8  43.0  16.8   -9.0   -9.0   -9.0   -9.0   -9.0   -9.0   -9.0 -9 -9 -                        0   0   -9 -         -9  -9  -9  3216  1.0  0.65 -9  29.6  30.0  29.9  27.6  25.9  -9 -9.0 -9  3 -9
202406282000 108  27  3.2  -9 -9.0   -9  996.7 1006.3 -9  -9.0  27.0  13.6  44.0  15.6   -9.0   -9.0   -9.0   -9.0   -9.0   -9.0   -9.0 -9 -9 -                        0   0   -9 -         -9  -9  -9  3617  0.6  0.15 -9  25.6  29.2  29.4  27.7  26.1  -9 -9.0 -9  3 -9
202406282100 108  27  2.2  -9 -9.0   -9  997.2 1006.9  2   1.5  25.7  15.0  52.0  17.0   -9.0   -9.0   -9.0   -9.0   -9.0   -9.0   -9.0 -9 -9 -                        0   0   -9 -         -9  -9  -9  3221 -9.0 -9.00 -9  23.6  28.6  28.9  27.5  26.2  -9 -9.0 -9  3  2
202406282200 108  27  1.1  -9 -9.0   -9  997.1 1006.8 -9  -9.0  24.9  15.2  55.0  17.3   -9.0   -9.0   -9.0   -9.0   -9.0   -9.0   -9.0 -9 -9 -                        0   0   -9 -         -9  -9  -9  2875 -9.0 -9.00 -9  22.4  28.0  28.3  27.3  26.2  -9 -9.0 -9  3 -9
202406282300 108  27  1.9  -9 -9.0   -9  997.2 1006.9 -9  -9.0  24.3  15.5  58.0  17.6   -9.0   -9.0   -9.0   -9.0   -9.0   -9.0   -9.0 -9 -9 -                        0   0   -9 -         -9  -9  -9  2632 -9.0 -9.00 -9  22.0  27.4  27.8  27.1  26.2  -9 -9.0 -9  3 -9
202406290000 108  27  1.6  -9 -9.0   -9  997.3 1007.0  3   0.1  24.0  15.4  59.0  17.5   -9.0   -9.0   -9.0   -9.0   -9.0   -9.0   -9.0 -9 -9 -                        0   0   -9 -         -9  -9  -9  2374 -9.0 -9.00 -9  21.5  26.9  27.3  26.8  26.2  -9 -9.0 -9  3  2
202406290100 108  29  1.0  -9 -9.0   -9  997.6 1007.3 -9  -9.0  23.7  15.4  60.0  17.5   -9.0   -9.0   -9.0   -9.0   -9.0   -9.0   -9.0 -9 -9 -                        0   0   -9 -         -9  -9  -9  2492 -9.0 -9.00 -9  20.9  26.5  26.9  26.5  26.1  -9 -9.0 -9  3 -9
202406290200 108  25  0.8  -9 -9.0   -9  997.6 1007.3 -9  -9.0  23.2  15.2  61.0  17.3   -9.0   -9.0   -9.0   -9.0   -9.0   -9.0   -9.0 -9 -9 -                        0   0   -9 -         -9  -9  -9  2132 -9.0 -9.00 -9  20.3  26.1  26.6  26.2  26.0  -9 -9.0 -9  3 -9
202406290300 108  34  1.2  -9 -9.0   -9  997.3 1007.0  4   0.0  23.0  15.5  63.0  17.6   -9.0   -9.0   -9.0   -9.0   -9.0   -9.0   -9.0 -9 -9 -                        0   0   -9 -         -9  -9  -9  2045 -9.0 -9.00 -9  20.0  25.7  26.2  26.0  25.9  -9 -9.0 -9  3  2
202406290400 108   5  1.5  -9 -9.0   -9  997.1 1006.9 -9  -9.0  22.2  15.2  65.0  17.3   -9.0   -9.0   -9.0   -9.0   -9.0   -9.0   -9.0 -9 -9 -                        0   0   -9 -         -9  -9  -9  2169 -9.0 -9.00 -9  19.5  25.4  25.9  25.7  25.8  -9 -9.0 -9  3  2
202406290500 108   2  2.1  -9 -9.0   -9  997.1 1006.9 -9  -9.0  21.7  15.2  67.0  17.3   -9.0   -9.0   -9.0   -9.0   -9.0   -9.0   -9.0 -9 -9 -                        0   0   -9 -         -9  -9  -9  2158 -9.0 -9.00 -9  19.2  25.0  25.6  25.5  25.7  -9 -9.0 -9  3  2
202406290600 108   5  1.8  -9 -9.0   -9  997.1 1006.9  6  -0.1  21.8  15.8  69.0  17.9   -9.0   -9.0   -9.0   -9.0   -9.0   -9.0   -9.0 -9 -9 -                        0   0   -9 -         -9  -9  -9  2314  0.0  0.05 -9  20.1  24.7  25.3  25.3  25.5  -9 -9.0 -9  3  2
202406290700 108   5  1.9  -9 -9.0   -9  996.9 1006.6 -9  -9.0  23.3  16.3  65.0  18.5   -9.0   -9.0   -9.0   -9.0   -9.0   -9.0   -9.0 -9 -9 -                        0   0   -9 -         -9  -9  -9  2274  0.9  0.48 -9  23.8  24.6  25.1  25.1  25.4  -9 -9.0 -9  3  2
202406290800 108   7  1.7  -9 -9.0   -9  997.2 1006.9 -9  -9.0  25.3  16.4  58.0  18.6   -9.0   -9.0   -9.0   -9.0   -9.0   -9.0   -9.0 -9 -9 -                        6   6   36 Ac         0   3   0  1968  0.9  1.09 -9  31.9  24.6  25.0  24.9  25.3  -9 -9.0 -9  3  2
202406290900 108  11  2.2  -9 -9.0   -9  996.4 1006.0  7  -0.9  27.1  16.6  53.0  18.9   -9.0   -9.0   -9.0   -9.0   -9.0   -9.0   -9.0 -9 -9 -                        7   1   15 ScCi       1   0   5  1984  0.8  1.67 -9  37.3  24.9  25.2  24.7  25.0  -9 -9.0 -9  3  2
202406291000 108  11  1.7  -9 -9.0   -9  996.0 1005.6 -9  -9.0  28.7  17.8  52.0  20.4   -9.0   -9.0   -9.0   -9.0   -9.0   -9.0   -9.0 -9 -9 -                        8   1   15 ScCs       6   0   5  2428  1.0  2.33 -9  45.3  26.1  25.7  24.8  25.0  -9 -9.0 -9  3  2
202406291100 108  11  1.5  -9 -9.0   -9  995.5 1005.0 -9  -9.0  30.0  18.4  50.0  21.2   -9.0   -9.0   -9.0   -9.0   -9.0   -9.0   -9.0 -9 -9 -                        7   0   -9 Ci         1   0   0  2681  0.8  2.50 -9  49.8  27.2  26.3  24.9  24.9  -9 -9.0 -9  3  2
202406291200 108  16  2.6  -9 -9.0   -9  994.9 1004.4  7  -1.6  31.3  18.6  47.0  21.4   -9.0   -9.0   -9.0   -9.0   -9.0   -9.0   -9.0 -9 -9 -                        7   3   10 ScCi       1   0   5  3246  0.9  3.35 -9  55.6  28.6  27.2  25.3  25.0  -9 -9.0 -9  3  2
202406291300 108  16  3.6  -9 -9.0   -9  994.2 1003.7 -9  -9.0  31.3  18.6  47.0  21.4   -9.0   -9.0   -9.0   -9.0   -9.0   -9.0   -9.0 -9 -9 -                        6   4   10 ScCi       1   0   5  2962  0.8  2.91 -9  50.1  29.9  28.2  25.6  25.0  -9 -9.0 -9  3  2
202406291400 108  14  3.2  -9 -9.0   -9  993.0 1002.4 -9  -9.0  32.0  18.9  46.0  21.8   -9.0   -9.0   -9.0   -9.0   -9.0   -9.0   -9.0 -9 -9 -                        8   8   10 Sc         0   0   5  2505  0.5  2.60 -9  49.2  30.6  29.0  26.1  25.1  -9 -9.0 -9  3  2
202406291500 108  14  2.7  -9 -9.0   -9  992.1 1001.6  7  -2.8  31.2  19.2  49.0  22.2   -9.0   -9.0   -9.0   -9.0   -9.0   -9.0   -9.0 -9 -9 -                        9   9   10 Sc         0   0   5  2719  0.1  1.18 -9  39.0  30.8  29.5  26.5  25.2  -9 -9.0 -9  3  2
202406291600 108  11  1.9  -9 -9.0   -9  991.1 1000.6 -9  -9.0  30.6  19.6  52.0  22.8   -9.0   -9.0   -9.0   -9.0   -9.0   -9.0   -9.0 -9 -9 -                        9   9   10 Sc         0   0   5  2745  0.0  0.55 -9  36.6  30.3  29.5  26.7  25.3  -9 -9.0 -9  3  2
202406291700 108   9  3.5  -9 -9.0   -9  990.0  999.4 -9  -9.0  31.3  20.2  52.0  23.7   -9.0   -9.0   -9.0   -9.0   -9.0   -9.0   -9.0 -9 -9 -                        9   6   10 ScCi       2   0   5  2861  0.2  1.25 -9  39.2  30.0  29.4  27.0  25.6  -9 -9.0 -9  3  2
202406291800 108   9  4.3  -9 -9.0   -9  989.0  998.5  7  -3.1  30.3  20.2  55.0  23.7   -9.0   -9.0   -9.0   -9.0   -9.0   -9.0   -9.0 -9 -9 -                       10   7   10 ScAs      -9   2   5  2909  0.0  0.38 -9  33.1  29.8  29.3  26.9  25.6  -9 -9.0 -9  3  2
202406291900 108  14  5.5  11 13.0 1852  989.2  998.7 -9  -9.0  27.8  21.5  69.0  25.6    0.0    0.0    0.0   -9.0   -9.0   -9.0   -9.0 60 62 01                      10   8   10 ScAs      -9   2   5  1213  0.0  0.10 -9  26.4  29.1  29.1  27.1  25.8  -9 -9.0 -9  4  1
202406292000 108   7  3.1  -9 -9.0   -9  988.7  998.3 -9  -9.0  25.1  22.3  85.0  26.9    2.2    2.2    2.2   -9.0   -9.0   -9.0   -9.0 61 66 1901                    10   8    6 StNs      -9   2   7   502  0.0  0.02 -9  24.7  28.3  28.8  27.0  25.9  -9 -9.0 -9  4  1
202406292100 108   7  2.6  11 13.0 1852  988.5  998.1  8  -0.4  24.3  22.7  91.0  27.6   10.9   13.1   13.1   -9.0   -9.0   -9.0   -9.0 63 66 1901                    10   9    3 StNs      -9   2   7   209 -9.0 -9.00 -9  23.8  27.0  28.2  26.7  26.0  -9 -9.0 -9  1  1
202406292200 108   7  1.8  -9 -9.0   -9  988.4  998.0 -9  -9.0  24.1  22.8  93.0  27.7   13.6   26.7   26.7   -9.0   -9.0   -9.0   -9.0 63 66 1901                    10   9    3 StNs      -9   2   7   348 -9.0 -9.00 -9  23.8  26.0  27.1  26.4  26.0  -9 -9.0 -9  4  1
202406292300 108   7  1.1  -9 -9.0   -9  987.6  997.2 -9  -9.0  24.2  22.9  93.0  27.9    8.1   34.8   34.8   -9.0   -9.0   -9.0   -9.0 63 66 1901                    10   8    4 StNs      -9   2   7   209 -9.0 -9.00 -9  23.5  25.2  26.6  26.1  25.9  -9 -9.0 -9  4  1
202406300000 108  18  2.5  -9 -9.0   -9  986.6  996.2  7  -1.9  24.4  23.3  94.0  28.6    3.5   38.3   38.3   -9.0   -9.0   -9.0   -9.0 63 66 1901                    10   7    6 StNs      -9   2   7  1305 -9.0 -9.00 -9  23.8  25.1  26.2  25.8  25.8  -9 -9.0 -9  4  1
202406300100 108  20  4.5  -9 -9.0   -9  986.0  995.6 -9  -9.0  24.4  23.5  95.0  28.9   15.1   15.1   15.1   -9.0   -9.0   -9.0   -9.0 65 66 1901                    10   8    6 StNs      -9   2   7   706 -9.0 -9.00 -9  23.6  24.6  25.8  25.3  25.7  -9 -9.0 -9  4  1
202406300200 108  20  4.1  -9 -9.0   -9  985.4  995.0 -9  -9.0  24.3  23.6  96.0  29.1    6.0   21.1   21.1   -9.0   -9.0   -9.0   -9.0 63 66 1901                    10   9    5 StNs      -9   2   7   371 -9.0 -9.00 -9  23.5  24.5  25.6  25.1  25.6  -9 -9.0 -9  4  1
202406300300 108  20  4.2  20 11.0  259  984.7  994.3  7  -1.9  24.2  23.5  96.0  28.9    8.4   29.5   29.5   -9.0   -9.0   -9.0   -9.0 63 66 1901                    10   7    4 StNs      -9   2   7   575 -9.0 -9.00 -9  23.4  24.3  25.4  24.9  25.4  -9 -9.0 -9  4  1
202406300400 108  20  4.2  25 11.0  332  984.6  994.2 -9  -9.0  24.1  23.0  94.0  28.1    1.4   30.9   30.9   -9.0   -9.0   -9.0   -9.0 21 62 1901                    10   6    9 ScAs      -9   2   5  1586 -9.0 -9.00 -9  23.4  24.3  25.3  24.8  25.3  -9 -9.0 -9  4  1
202406300500 108  20  3.8  -9 -9.0   -9  984.7  994.3 -9  -9.0  24.0  23.1  95.0  28.3    0.6   31.5   31.5   -9.0   -9.0   -9.0   -9.0 60 62 1901                    10   7    9 ScAs      -9   2   5   289 -9.0 -9.00 -9  23.3  24.3  25.2  24.7  25.1  -9 -9.0 -9  4  1
202406300600 108  20  5.5  18 13.0  542  984.9  994.5  3   0.2  23.6  22.5  94.0  27.2    0.6   32.1   32.1   -9.0   -9.0   -9.0   -9.0 21 62 1901                    10   6    9 ScAs      -9   2   5  2182  0.0  0.01 -9  23.1  24.3  25.2  24.7  25.0  -9 -9.0 -9  4  1
202406300700 108  20  4.1  18 12.0  610  984.7  994.3 -9  -9.0  23.3  21.7  91.0  26.0   -9.0   32.1   32.1   -9.0   -9.0   -9.0   -9.0 -9 -9 -                       10   6    9 ScAs      -9   2   5  3253  0.0  0.07 -9  23.0  24.2  25.1  24.6  25.0  -9 -9.0 -9  3  2
202406300800 108  20  5.3  18 13.0  718  985.2  994.8 -9  -9.0  22.7  21.3  92.0  25.3    0.0   32.1   32.1   -9.0   -9.0   -9.0   -9.0 60 62 01                      10   6   10 ScAs      -9   2   5  1655  0.0  0.05 -9  22.6  24.1  25.0  24.5  24.9  -9 -9.0 -9  4  1
202406300900 108  20  4.8  18 13.0  542  985.0  994.7  0   0.2  22.5  21.3  93.0  25.3    0.0   32.1   32.1   -9.0   -9.0   -9.0   -9.0 60 66 1901                    10   8    7 ScAs      -9   2   5   808  0.0  0.11 -9  22.5  23.7  24.9  24.5  24.8  -9 -9.0 -9  1  1
202406301000 108  20  5.2  20 11.0  921  985.7  995.4 -9  -9.0  22.1  20.9  93.0  24.7    0.1   32.2   32.2   -9.0   -9.0   -9.0   -9.0 21 62 1901                    10   8    4 StAs      -9   2   6  1388  0.0  0.24 -9  22.8  23.6  24.9  24.4  24.7  -9 -9.0 -9  4  1
202406301100 108  23  5.1  25 10.0 1021  986.3  996.0 -9  -9.0  22.3  20.7  91.0  24.4   -9.0   32.2   32.2   -9.0   -9.0   -9.0   -9.0 -9 -9 -                       10   8    4 StAs      -9   2   6  1266  0.0  0.31 -9  22.8  23.4  24.8  24.3  24.7  -9 -9.0 -9  3  2
202406301200 108  23  3.9  20 11.0  921  986.8  996.5  2   1.8  22.3  20.5  90.0  24.1   -9.0   32.2   32.2   -9.0   -9.0   -9.0   -9.0 -9 62 -                       10   8    5 StAs      -9   2   6  1191  0.0  0.26 -9  22.8  23.2  24.7  24.2  24.6  -9 -9.0 -9  3  1
202406301300 108  20  4.2  -9 -9.0   -9  987.1  996.8 -9  -9.0  22.6  20.5  88.0  24.1   -9.0   32.2   32.2   -9.0   -9.0   -9.0   -9.0 -9 -9 -                       10   8    6 ScAs      -9   2   5  1403  0.0  0.29 -9  23.0  23.1  24.7  24.2  24.5  -9 -9.0 -9  3  2
202406301400 108  20  3.2  -9 -9.0   -9  987.3  996.9 -9  -9.0  23.2  20.7  86.0  24.4   -9.0   32.2   32.2   -9.0   -9.0   -9.0   -9.0 -9 -9 -                       10   8    7 ScAs      -9   2   5  1771  0.0  0.36 -9  23.6  23.2  24.7  24.1  24.5  -9 -9.0 -9  3  2
202406301500 108  20  2.7  20 11.0  921  987.5  997.1  2   0.6  23.8  20.9  84.0  24.7   -9.0   32.2   32.2   -9.0   -9.0   -9.0   -9.0 -9 62 -                        9   9    8 Sc         0   0   5  2055  0.0  0.45 -9  24.4  23.2  24.7  24.1  24.4  -9 -9.0 -9  3  1
202406301600 108  25  2.0  -9 -9.0   -9  988.0  997.6 -9  -9.0  24.5  21.2  82.0  25.2   -9.0   32.2   32.2   -9.0   -9.0   -9.0   -9.0 -9 -9 -                        9   9   10 Sc         0   0   5  1985  0.0  0.52 -9  25.0  23.4  24.8  24.1  24.4  -9 -9.0 -9  3  2
202406301700 108  20  3.5  -9 -9.0   -9  988.3  997.9 -9  -9.0  24.9  21.2  80.0  25.2   -9.0   32.2   32.2   -9.0   -9.0   -9.0   -9.0 -9 -9 -                        9   9   10 Sc         0   0   5  2137  0.0  0.52 -9  25.3  23.5  24.9  24.1  24.4  -9 -9.0 -9  3  2
202406301800 108  23  2.5  -9 -9.0   -9  988.6  998.2  2   1.1  24.9  21.4  81.0  25.5   -9.0   32.2   32.2   -9.0   -9.0   -9.0   -9.0 -9 -9 -                        8   8   10 Sc         0   0   5  2049  0.0  0.39 -9  24.7  24.1  25.0  24.1  24.3  -9 -9.0 -9  3  2
202406301900 108  20  2.6  -9 -9.0   -9  989.2  998.8 -9  -9.0  24.7  21.2  81.0  25.2   -9.0   32.2   32.2   -9.0   -9.0   -9.0   -9.0 -9 -9 -                        1   1   -9 -         -9  -9  -9  2150  0.0  0.25 -9  23.8  24.2  25.1  24.2  24.3  -9 -9.0 -9  3 -9
202406302000 108  20  3.3  -9 -9.0   -9  989.9  999.5 -9  -9.0  24.5  21.2  82.0  25.2   -9.0   32.2   32.2   -9.0   -9.0   -9.0   -9.0 -9 -9 -                        3   3   -9 -         -9  -9  -9  1996  0.0  0.06 -9  23.0  24.1  25.1  24.2  24.3  -9 -9.0 -9  3  2
202406302100 108  20  2.1  -9 -9.0   -9  991.1 1000.7  2   2.5  23.8  20.7  83.0  24.4   -9.0   32.2   32.2   -9.0   -9.0   -9.0   -9.0 -9 -9 -                        3   3   10 Sc         0   0   5  1562 -9.0 -9.00 -9  21.8  24.0  25.0  24.2  24.3  -9 -9.0 -9  3  2
202406302200 108  20  2.9  -9 -9.0   -9  991.8 1001.5 -9  -9.0  23.1  20.4  85.0  24.0   -9.0   32.2   32.2   -9.0   -9.0   -9.0   -9.0 -9 -9 -                        6   6   -9 -         -9  -9  -9  1387 -9.0 -9.00 -9  21.3  23.8  24.8  24.1  24.3  -9 -9.0 -9  3 -9
202406302300 108  23  1.3  -9 -9.0   -9  991.7 1001.4 -9  -9.0  22.8  20.3  86.0  23.8   -9.0   32.2   32.2   -9.0   -9.0   -9.0   -9.0 -9 -9 -                        4   4   -9 -         -9  -9  -9  1196 -9.0 -9.00 -9  21.4  23.5  24.7  24.1  24.3  -9 -9.0 -9  3 -9
#7777END
