#START7777
#2345678901234567890123456789012345678901234567890123456789012345678901234567890123456789012345678901234567890123456789012345678901234567890123456789012345678901234567890123456789012345678901234567890123456789012345678901234567890123456789012345678901234
# YYMMDDHHMI STN  WD   WS GST  GST  GST     PA     PS PT    PR    TA    TD    HM    PV     RN     RN     RN     RN     SD     SD     SD WC WP WW                      CA  CA   CH CT        CT  CT  CT    VS   SS    SI ST    TS    TE    TE    TE    TE  ST   WH BF IR IX
#        KST  ID  16  m/s  WD   WS   TM    hPa    hPa  -   hPa     C     C     %   hPa     mm    DAY    JUN    INT    HR3    DAY    TOT -- -- ---------------------- TOT MID  MIN -------- TOP MID LOW                  GD     C     5    10    20    30 SEA    m --  -  -
202503010000 108   2  1.8  -9 -9.0   -9 1009.9 1020.5  0   0.2   6.2   2.0  75.0   7.1   -9.0   -9.0   -9.0   -9.0   -9.0   -9.0   -9.0  5  0 40                       0   0   -9 -         -9  -9  -9   694 -9.0 -9.00 -9  -0.3  -0.2  -0.6  -0.4   0.1  -9 -9.0 -9  3  1
202503010100 108   5  1.6  -9 -9.0   -9 1009.8 1020.4 -9  -9.0   5.4   1.8  78.0   7.0   -9.0   -9.0   -9.0   -9.0   -9.0   -9.0   -9.0 -9 -9 40                       0   0   -9 -         -9  -9  -9   656 -9.0 -9.00 -9  -0.3  -0.2  -0.6  -0.4   0.1  -9 -9.0 -9  3  2
202503010200 108   9  0.8  -9 -9.0   -9 1010.0 1020.6 -9  -9.0   5.0   1.8  80.0   7.0   -9.0   -9.0   -9.0   -9.0   -9.0   -9.0   -9.0 -9 -9 4019                     0   0   -9 -         -9  -9  -9   668 -9.0 -9.00 -9  -0.3  -0.2  -0.6  -0.4   0.1  -9 -9.0 -9  3  2
202503010300 108   2  1.6  -9 -9.0   -9 1009.9 1020.6  1   0.1   4.7   1.7  81.0   6.9   -9.0   -9.0   -9.0   -9.0   -9.0   -9.0   -9.0 10  0 19                       0   0   -9 -         -9  -9  -9   611 -9.0 -9.00 -9  -0.3  -0.2  -0.6  -0.4   0.1  -9 -9.0 -9  3  1
202503010400 108   2  1.9  -9 -9.0   -9 1009.6 1020.3 -9  -9.0   4.2   1.3  82.0   6.7   -9.0   -9.0   -9.0   -9.0   -9.0   -9.0   -9.0 10  0 19                       1   0   -9 Ci         1   0   0   584 -9.0 -9.00 -9  -0.4  -0.2  -0.6  -0.4   0.1  -9 -9.0 -9  3  1
202503010500 108   5  2.2  -9 -9.0   -9 1009.1 1019.8 -9  -9.0   3.5   0.8  83.0   6.5   -9.0   -9.0   -9.0   -9.0   -9.0   -9.0   -9.0 10 22 19                       6   0   -9 Ci         1   0   0   505 -9.0 -9.00 -9  -0.4  -0.2  -0.6  -0.4   0.1  -9 -9.0 -9  3  1
202503010600 108   5  2.2  -9 -9.0   -9 1009.1 1019.8  6  -0.8   3.4   0.9  84.0   6.5   -9.0   -9.0   -9.0   -9.0   -9.0   -9.0   -9.0 10  0 19                       6   0   -9 Ci         1   0   0   460 -9.0 -9.00 -9  -0.4  -0.2  -0.6  -0.4   0.1  -9 -9.0 -9  3  1
202503010700 108   5  1.8  -9 -9.0   -9 1008.5 1019.2 -9  -9.0   3.6   1.4  86.0   6.8   -9.0   -9.0   -9.0   -9.0   -9.0   -9.0   -9.0 10 22 19                       7   0   -9 Ci         1   0   0   454 -9.0 -9.00 -9  -0.4  -0.2  -0.6  -0.4   0.1  -9 -9.0 -9  3  1
202503010800 108   7  1.9  -9 -9.0   -9 1008.7 1019.4 -9  -9.0   4.1   1.4  83.0   6.8   -9.0   -9.0   -9.0   -9.0   -9.0   -9.0   -9.0 10 22 19                       8   0   -9 Ci         1   0   0   507  0.0  0.10 -9  -0.3  -0.1  -0.6  -0.4   0.1  -9 -9.0 -9  3  1
202503010900 108   7  2.4  -9 -9.0   -9 1009.0 1019.6  5  -0.2   5.6   2.0  78.0   7.1   -9.0   -9.0   -9.0   -9.0   -9.0   -9.0   -9.0 10 11 19                      10  10   40 As        -9   2   0   559  0.0  0.36 -9  -0.3  -0.1  -0.6  -0.4   0.1  -9 -9.0 -9  3  1
202503011000 108   7  3.0  -9 -9.0   -9 1008.4 1019.0 -9  -9.0   6.6   1.5  70.0   6.8   -9.0   -9.0   -9.0   -9.0   -9.0   -9.0   -9.0 10 22 19                      10  10   39 As        -9   2   0   639  0.0  0.36 -9   0.0  -0.1  -0.6  -0.4   0.1  -9 -9.0 -9  3  1
202503011100 108   7  2.6  -9 -9.0   -9 1007.7 1018.1 -9  -9.0   9.3   1.9  60.0   7.0   -9.0   -9.0   -9.0   -9.0   -9.0   -9.0   -9.0  5 22 4019                     7   0   -9 Ci         1   0   0   685  0.4  1.19 -9   6.3   0.2  -0.5  -0.4   0.1  -9 -9.0 -9  3  1
202503011200 108   5  2.1  -9 -9.0   -9 1007.2 1017.5  7  -2.1  12.2   1.7  49.0   6.9   -9.0   -9.0   -9.0   -9.0   -9.0   -9.0   -9.0  5 22 40                       7   0   -9 Ci         1   0   0   743  0.9  2.30 -9  13.9   0.7  -0.3  -0.4   0.1  -9 -9.0 -9  3  1
202503011300 108   5  2.1  -9 -9.0   -9 1006.4 1016.7 -9  -9.0  12.8   2.3  49.0   7.2   -9.0   -9.0   -9.0   -9.0   -9.0   -9.0   -9.0  5 22 40                      10  10   36 As        -9   2   0   834  0.2  1.27 -9  11.7   0.9  -0.2  -0.4   0.1  -9 -9.0 -9  3  1
202503011400 108   7  1.4  -9 -9.0   -9 1006.0 1016.3 -9  -9.0  12.2   2.3  51.0   7.2   -9.0   -9.0   -9.0   -9.0   -9.0   -9.0   -9.0  5 22 40                      10  10   22 As        -9   2   0   847  0.0  0.32 -9   7.4   0.8  -0.2  -0.4   0.1  -9 -9.0 -9  3  1
202503011500 108  14  3.3  -9 -9.0   -9 1003.9 1014.2  7  -3.3  11.4   4.5  63.0   8.4    0.4    0.4    0.4   -9.0   -9.0   -9.0   -9.0 60 62 4001                    10   4   12 ScAs      -9   2   5   728  0.0  0.23 -9   6.4   0.6  -0.3  -0.4   0.1  -9 -9.0 -9  4  1
202503011600 108   2  2.0  -9 -9.0   -9 1004.0 1014.3 -9  -9.0  12.2   5.5  64.0   9.0   -9.0    0.6    0.6   -9.0   -9.0   -9.0   -9.0 21 62 4001                     9   9   25 Ac         0   3   0   837  0.1  0.67 -9   9.2   0.6  -0.2  -0.4   0.1  -9 -9.0 -9  4  1
202503011700 108   9  2.0  -9 -9.0   -9 1004.3 1014.6 -9  -9.0  12.5   4.9  60.0   8.7   -9.0    0.6    0.6   -9.0   -9.0   -9.0   -9.0  5 22 40                       9   9   29 Ac         0   3   0   941  0.0  0.46 -9   7.7   0.7  -0.2  -0.5   0.1  -9 -9.0 -9  3  1
202503011800 108  36  0.6  -9 -9.0   -9 1005.4 1015.7  2   1.5  12.3   4.2  58.0   8.2    0.2    0.6    0.6   -9.0   -9.0   -9.0   -9.0  5 62 40                       9   9   29 Ac         0   3   0   890  0.1  0.25 -9   6.0   0.7  -0.1  -0.4   0.1  -9 -9.0 -9  3  1
202503011900 108   2  2.2  -9 -9.0   -9 1005.4 1015.7 -9  -9.0  11.3   4.2  62.0   8.2   -9.0    0.6    0.6   -9.0   -9.0   -9.0   -9.0 21 62 4001                     9   9   38 Ac         0   3   0   817  0.0  0.02 -9   3.9   0.6  -0.2  -0.4   0.1  -9 -9.0 -9  4  1
202503012000 108   2  2.5  -9 -9.0   -9 1005.1 1015.5 -9  -9.0  10.2   3.9  65.0   8.1   -9.0    0.6    0.6   -9.0   -9.0   -9.0   -9.0 -9 -9 40                       6   3   21 -         -9  -9  -9   785 -9.0 -9.00 -9   2.3   0.4  -0.3  -0.4   0.1  -9 -9.0 -9  3  2
202503012100 108   5  1.4  -9 -9.0   -9 1005.4 1015.8  3   0.1   9.5   3.6  67.0   7.9    0.0    0.6    0.6   -9.0   -9.0   -9.0   -9.0  5 62 40                       8   0   -9 Ci         1   0   0   773 -9.0 -9.00 -9   1.0   0.2  -0.4  -0.4   0.1  -9 -9.0 -9  3  1
202503012200 108   5  1.2  -9 -9.0   -9 1006.2 1016.6 -9  -9.0   9.1   3.9  70.0   8.1   -9.0    0.6    0.6   -9.0   -9.0   -9.0   -9.0 -9 -9 40                       9   7   18 -         -9  -9  -9   744 -9.0 -9.00 -9   1.6   0.1  -0.4  -0.4   0.1  -9 -9.0 -9  3  2
202503012300 108   7  2.9  -9 -9.0   -9 1005.5 1015.9 -9  -9.0   9.4   3.9  69.0   8.1   -9.0    0.6    0.6   -9.0   -9.0   -9.0   -9.0 -9 -9 40                       7   7   20 -         -9  -9  -9   772 -9.0 -9.00 -9   1.9   0.2  -0.4  -0.4   0.1  -9 -9.0 -9  3  2
202503020000 108   7  2.4  -9 -9.0   -9 1005.3 1015.7  8  -0.1   9.0   3.3  68.0   7.7   -9.0    0.6    0.6   -9.0   -9.0   -9.0   -9.0  5 22 40                       9   9   29 Ac         0   3   0   763 -9.0 -9.00 -9   1.5   0.2  -0.4  -0.4   0.1  -9 -9.0 -9  3  1
202503020100 108   5  1.4  -9 -9.0   -9 1005.0 1015.4 -9  -9.0   8.5   3.1  69.0   7.6   -9.0   -9.0   -9.0   -9.0   -9.0   -9.0   -9.0 -9 -9 40                       6   6   23 -         -9  -9  -9   818 -9.0 -9.00 -9   1.6   0.2  -0.4  -0.4   0.1  -9 -9.0 -9  3  2
202503020200 108   7  2.3  -9 -9.0   -9 1004.7 1015.1 -9  -9.0   8.7   2.9  67.0   7.5   -9.0   -9.0   -9.0   -9.0   -9.0   -9.0   -9.0 -9 -9 40                      10   7   28 -         -9  -9  -9   919 -9.0 -9.00 -9   1.2   0.2  -0.3  -0.4   0.1  -9 -9.0 -9  3  2
202503020300 108   7  0.7  -9 -9.0   -9 1005.1 1015.5  5  -0.2   8.6   3.0  68.0   7.6   -9.0   -9.0   -9.0   -9.0   -9.0   -9.0   -9.0  5 22 40                      10   7   18 ScAs      -9   2   5   929 -9.0 -9.00 -9   1.7   0.2  -0.4  -0.4   0.1  -9 -9.0 -9  3  1
202503020400 108  36  1.4  -9 -9.0   -9 1005.3 1015.7 -9  -9.0   8.6   3.4  70.0   7.8   -9.0   -9.0   -9.0   -9.0   -9.0   -9.0   -9.0  5 22 40                      10   8   18 ScAs      -9   2   5   799 -9.0 -9.00 -9   2.3   0.3  -0.3  -0.4   0.1  -9 -9.0 -9  3  1
202503020500 108   5  1.3  -9 -9.0   -9 1005.2 1015.6 -9  -9.0   8.6   3.4  70.0   7.8   -9.0   -9.0   -9.0   -9.0   -9.0   -9.0   -9.0  5 22 40                       9   9   18 Sc         0   0   5   796 -9.0 -9.00 -9   2.5   0.3  -0.3  -0.4   0.1  -9 -9.0 -9  3  1
202503020600 108   7  0.7  -9 -9.0   -9 1005.5 1016.0  2   0.5   8.5   2.9  68.0   7.5   -9.0   -9.0   -9.0   -9.0   -9.0   -9.0   -9.0  5 22 40                       9   9   18 Sc         0   0   5   798 -9.0 -9.00 -9   2.5   0.4  -0.2  -0.4   0.1  -9 -9.0 -9  3  1
202503020700 108   7  1.0  -9 -9.0   -9 1005.1 1015.6 -9  -9.0   8.4   2.8  68.0   7.5   -9.0   -9.0   -9.0   -9.0   -9.0   -9.0   -9.0  5 22 40                       9   9   17 Sc         0   0   5   748 -9.0 -9.00 -9   2.6   0.4  -0.2  -0.4   0.1  -9 -9.0 -9  3  1
202503020800 108   7  2.2  -9 -9.0   -9 1005.8 1016.3 -9  -9.0   8.6   2.1  64.0   7.1   -9.0   -9.0   -9.0   -9.0   -9.0   -9.0   -9.0  5 22 40                       9   9   17 Sc         0   0   5   831  0.0  0.03 -9   2.8   0.4  -0.2  -0.4   0.1  -9 -9.0 -9  3  1
202503020900 108   5  3.2  -9 -9.0   -9 1005.9 1016.3  1   0.3   9.0   2.0  62.0   7.1   -9.0   -9.0   -9.0   -9.0   -9.0   -9.0   -9.0  5 22 40                      10   7   17 ScAs      -9   2   5   867  0.0  0.16 -9   3.9   0.5  -0.1  -0.4   0.1  -9 -9.0 -9  3  1
202503021000 108   7  3.0  -9 -9.0   -9 1005.3 1015.7 -9  -9.0  10.4   1.7  55.0   6.9   -9.0   -9.0   -9.0   -9.0   -9.0   -9.0   -9.0 -9 -9 40                      10   6   17 ScAs      -9   2   5  1005  0.0  0.42 -9   6.8   0.7   0.0  -0.4   0.1  -9 -9.0 -9  3  2
202503021100 108   5  2.9  -9 -9.0   -9 1004.6 1014.9 -9  -9.0  11.7   1.6  50.0   6.9   -9.0   -9.0   -9.0   -9.0   -9.0   -9.0   -9.0 -9 -9 -                       10   2   17 ScAs      -9   2   5  1147  0.0  0.58 -9   8.6   1.1   0.3  -0.4   0.1  -9 -9.0 -9  3  2
202503021200 108   7  4.5  -9 -9.0   -9 1003.6 1013.8  7  -2.5  13.6   0.5  41.0   6.3   -9.0   -9.0   -9.0   -9.0   -9.0   -9.0   -9.0 -9 -9 -                        9   9   33 Ac         0   3   0  1306  0.1  1.22 -9  12.1   1.5   0.7  -0.5   0.1  -9 -9.0 -9  3  2
202503021300 108   5  4.6  -9 -9.0   -9 1002.5 1012.7 -9  -9.0  15.3  -0.4  34.0   5.9   -9.0   -9.0   -9.0   -9.0   -9.0   -9.0   -9.0 -9 -9 -                        9   9   35 Ac         0   3   0  1453  0.3  1.80 -9  13.5   2.1   1.2  -0.5   0.1  -9 -9.0 -9  3  2
202503021400 108   7  3.8  -9 -9.0   -9 1002.9 1013.1 -9  -9.0  14.6  -1.5  33.0   5.5   -9.0   -9.0   -9.0   -9.0   -9.0   -9.0   -9.0 -9 -9 -                       10   8   12 ScAs      -9   2   5  1895  0.0  0.64 -9   9.2   2.4   1.5  -0.5   0.1  -9 -9.0 -9  3  2
202503021500 108   7  4.7  -9 -9.0   -9 1002.7 1012.9  5  -0.9  13.5   0.4  41.0   6.3    0.0    0.0    0.0   -9.0   -9.0   -9.0   -9.0 60 62 01                      10   8   13 ScAs      -9   2   5  1551  0.0  0.21 -9   7.7   2.2   1.4  -0.5   0.1  -9 -9.0 -9  4  1
202503021600 108   7  5.4  -9 -9.0   -9 1003.6 1014.0 -9  -9.0  10.3   5.0  70.0   8.7   -9.0    0.0    0.0   -9.0   -9.0   -9.0   -9.0 61 66 1901                    10   8    8 StNs      -9   2   7   757  0.0  0.10 -9   6.5   1.9   1.2  -0.4   0.1  -9 -9.0 -9  4  1
202503021700 108   5  6.0   5 11.0 1602 1004.4 1014.9 -9  -9.0   7.9   5.1  83.0   8.8   -9.0    2.1    2.1   -9.0   -9.0   -9.0   -9.0 61 66 1901                    10   7    8 StNs      -9   2   7   690  0.0  0.06 -9   5.5   1.6   1.0  -0.5   0.1  -9 -9.0 -9  4  1
202503021800 108   5  5.5   5 11.0 1602 1005.6 1016.1  2   3.2   7.1   5.2  88.0   8.8    4.5    4.5    4.5   -9.0   -9.0   -9.0   -9.0 61 66 1901                    10   8    5 StNs      -9   2   7   658  0.0  0.02 -9   4.8   1.5   0.9  -0.4   0.1  -9 -9.0 -9  4  1
202503021900 108   5  5.3   5 10.0 1813 1005.8 1016.4 -9  -9.0   5.8   3.9  88.0   8.1   -9.0    7.3    7.3   -9.0   -9.0   -9.0   -9.0 61 66 1901                    10   8    5 StNs      -9   2   7  1365  0.0  0.01 -9   4.0   1.3   0.8  -0.4   0.1  -9 -9.0 -9  4  1
202503022000 108   7  5.6   7 13.0 1918 1005.7 1016.3 -9  -9.0   4.8   2.8  87.0   7.5   -9.0    8.2    8.2   -9.0   -9.0   -9.0   -9.0 61 66 01                      10   8    5 StNs      -9   2   7  1297 -9.0 -9.00 -9   3.2   1.1   0.6  -0.4   0.1  -9 -9.0 -9  4  1
202503022100 108   5  5.6   7 13.0 1918 1005.9 1016.5  2   0.4   4.2   2.2  87.0   7.2    4.5    9.0    9.0   -9.0   -9.0   -9.0   -9.0 61 66 01                      10   7    4 StNs      -9   2   7  2434 -9.0 -9.00 -9   2.3   0.9   0.4  -0.4   0.1  -9 -9.0 -9  1  1
202503022200 108   5  6.6   5 12.0 2116 1005.6 1016.2 -9  -9.0   3.6   0.9  83.0   6.5   -9.0    9.3    9.3   -9.0   -9.0   -9.0   -9.0 61 66 01                      10   9    4 StNs      -9   2   7  3307 -9.0 -9.00 -9   2.0   0.7   0.2  -0.4   0.1  -9 -9.0 -9  4  1
202503022300 108   7  6.6   5 12.0 2250 1006.5 1017.2 -9  -9.0   3.1  -0.1  79.0   6.1   -9.0    9.4    9.4   -9.0   -9.0   -9.0   -9.0 68 76 0601                    10   7    5 StNs      -9   2   7  2640 -9.0 -9.00 -9   1.0   0.6   0.0  -0.4   0.1  -9 -9.0 -9  4  1
202503030000 108   5  6.8   5 13.0 2341 1006.4 1017.1  0   0.6   2.2   0.5  89.0   6.3    2.8   11.8   11.8   -9.0   -9.0   -9.0   -9.0 68 76 06                      10   8    4 StNs      -9   2   7   833 -9.0 -9.00 -9   0.5   0.3  -0.1  -0.4   0.1  -9 -9.0 -9  4  1
202503030100 108   7  5.9   5 11.0    6 1006.0 1016.7 -9  -9.0   2.0   0.8  92.0   6.5   -9.0    3.3    3.3   -9.0   -9.0   -9.0   -9.0 63 76 0601                    10   8    4 StNs      -9   2   7   552 -9.0 -9.00 -9   0.7   0.2  -0.3  -0.4   0.1  -9 -9.0 -9  4  1
202503030200 108   5  5.0   5 12.0  126 1006.3 1017.0 -9  -9.0   1.8   0.7  93.0   6.4   -9.0    7.4    7.4   -9.0   -9.0   -9.0   -9.0 63 66 01                      10   7    4 StNs      -9   2   7   786 -9.0 -9.00 -9   0.5   0.1  -0.4  -0.4   0.1  -9 -9.0 -9  4  1
202503030300 108   5  8.1   5 14.0  255 1006.3 1017.0  5  -0.1   1.7   0.2  90.0   6.2    9.0    9.0    9.0   -9.0   -9.0   -9.0   -9.0 61 76 01                      10   7    4 StNs      -9   2   7  1295 -9.0 -9.00 -9   0.5   0.1  -0.4  -0.4   0.1  -9 -9.0 -9  4  1
202503030400 108   7  6.6   5 13.0  350 1007.1 1017.8 -9  -9.0   1.6  -0.3  87.0   6.0   -9.0    9.5    9.5   -9.0   -9.0   -9.0   -9.0 68 76 0601                    10   6    4 StNs      -9   2   7  1495 -9.0 -9.00 -9  -0.1   0.1  -0.4  -0.4   0.1  -9 -9.0 -9  4  1
202503030500 108   5  6.7   5 12.0  443 1008.0 1018.8 -9  -9.0   1.2  -0.2  90.0   6.0   -9.0   10.0   10.0   -9.0   -9.0    0.3    0.3 71 77 0605                    10   7    6 StNs      -9   2   7   569 -9.0 -9.00 -9  -0.1   0.0  -0.5  -0.4   0.1  -9 -9.0 -9  4  1
202503030600 108   7  6.6   5 13.0  350 1008.8 1019.6  2   2.6   1.2  -0.4  89.0   5.9    1.2   10.2   10.2   -9.0    0.6    0.6    0.6 71 76 05                      10   8    6 StNs      -9   2   7   322 -9.0 -9.00 -9  -0.1   0.0  -0.5  -0.4   0.1  -9 -9.0 -9  4  1
202503030700 108   5  4.1   5 12.0  601 1010.3 1021.1 -9  -9.0   1.1  -0.3  90.0   6.0   -9.0   10.4   10.4   -9.0   -9.0    1.1    1.1 71 77 05                      10   7    5 StNs      -9   2   7   899 -9.0 -9.00 -9  -0.1   0.0  -0.5  -0.4   0.2  -9 -9.0 -9  4  1
202503030800 108   7  4.9  -9 -9.0   -9 1010.4 1021.2 -9  -9.0   1.8  -1.6  78.0   5.4   -9.0   10.4   10.4   -9.0   -9.0    1.1    1.1 22 72 05                       8   3   10 ScAs       0   2   5  4734  0.0  0.05 -9   0.1  -0.1  -0.6  -0.4   0.2  -9 -9.0 -9  4  1
202503030900 108   7  5.2   5 13.0  350 1011.5 1022.3  2   2.7   2.6  -1.9  72.0   5.3    0.2   10.4   10.4   -9.0    0.5    0.8    0.8 -9 76 -                        8   7   15 ScAc       0   3   5  4159  0.0  0.40 -9   0.7  -0.1  -0.5  -0.4   0.2  -9 -9.0 -9  3  1
202503031000 108   7  6.7   5 15.0  940 1011.1 1021.8 -9  -9.0   3.2  -2.3  67.0   5.2   -9.0   10.4   10.4   -9.0   -9.0   -9.0   -9.0 -9 -9 -                        7   7   15 Sc         0   0   5  3767  0.0  0.66 -9   3.4   0.0  -0.5  -0.4   0.2  -9 -9.0 -9  3  2
202503031100 108   7  6.2   7 15.0 1038 1012.3 1023.0 -9  -9.0   4.7  -3.1  57.0   4.9   -9.0   10.4   10.4   -9.0   -9.0   -9.0   -9.0 -9 -9 -                        1   0   -9 Ci         1   0   0  3682  0.9  1.87 -9  10.4   0.4  -0.2  -0.4   0.2  -9 -9.0 -9  3  2
202503031200 108   7  6.7   7 15.0 1038 1012.4 1023.0  1   0.7   6.3  -2.5  53.0   5.1   -9.0   10.4   10.4   -9.0   -9.0   -9.0   -9.0 -9 -9 -                        0   0   -9 -         -9  -9  -9  3877  1.0  2.60 -9  14.4   1.0   0.2  -0.4   0.2  -9 -9.0 -9  3  2
202503031300 108   7  6.4   5 15.0 1209 1012.0 1022.6 -9  -9.0   6.9  -2.5  51.0   5.1   -9.0   10.4   10.4   -9.0   -9.0   -9.0   -9.0 -9 -9 -                        0   0   -9 -         -9  -9  -9  4142  1.0  2.81 -9  15.7   1.7   0.8  -0.4   0.2  -9 -9.0 -9  3  2
202503031400 108   7  7.1   5 13.0 1352 1011.5 1022.1 -9  -9.0   6.8  -3.4  48.0   4.8   -9.0   10.4   10.4   -9.0   -9.0   -9.0   -9.0 -9 -9 -                        6   0   -9 Ci         1   0   0  3895  1.0  2.66 -9  15.7   2.3   1.4  -0.4   0.2  -9 -9.0 -9  3  2
202503031500 108   5  7.1   7 15.0 1038 1011.3 1021.9  7  -1.1   6.6  -3.9  47.0   4.6   -9.0   10.4   10.4   -9.0   -9.0   -9.0   -9.0 -9 -9 -                        7   0   -9 Ci         1   0   0  3833  1.0  2.42 -9  13.6   2.7   1.7  -0.3   0.2  -9 -9.0 -9  3  2
202503031600 108   7  7.1   5 13.0 1511 1011.6 1022.2 -9  -9.0   5.6  -4.2  49.0   4.5   -9.0   10.4   10.4   -9.0   -9.0   -9.0   -9.0 -9 -9 -                        8   0   -9 Ci         1   0   0  3852  1.0  1.52 -9   8.9   2.9   1.8  -0.3   0.3  -9 -9.0 -9  3  2
202503031700 108   5  6.0   5 12.0 1644 1012.1 1022.8 -9  -9.0   4.7  -4.8  50.0   4.3   -9.0   10.4   10.4   -9.0   -9.0   -9.0   -9.0 -9 -9 -                        8   0   -9 Ci         1   0   0  4250  0.7  0.93 -9   5.6   2.8   1.7  -0.2   0.3  -9 -9.0 -9  3  2
202503031800 108   5  6.0   5 13.0 1511 1012.5 1023.2  2   1.3   3.6  -5.3  52.0   4.1   -9.0   10.4   10.4   -9.0   -9.0   -9.0   -9.0 -9 -9 -                        8   0   -9 Ci         1   0   0  4132  0.0  0.33 -9   2.4   2.4   1.4  -0.2   0.4  -9 -9.0 -9  3  2
202503031900 108   7  7.0   5 14.0 1844 1012.5 1023.3 -9  -9.0   2.7  -5.9  53.0   3.9   -9.0   10.4   10.4   -9.0   -9.0   -9.0   -9.0 -9 -9 -                        9   4   75 -         -9  -9  -9  4429  0.0  0.03 -9   0.4   2.0   1.0  -0.1   0.4  -9 -9.0 -9  3 -9
202503032000 108   5  7.8   5 16.0 1939 1012.2 1023.0 -9  -9.0   2.0  -7.0  51.0   3.6   -9.0   10.4   10.4   -9.0   -9.0   -9.0   -9.0 -9 -9 -                        6   6   67 -         -9  -9  -9  4380 -9.0 -9.00 -9  -0.7   1.6   0.5  -0.1   0.5  -9 -9.0 -9  3 -9
202503032100 108   7  6.9   5 16.0 1939 1012.3 1023.1  5  -0.1   1.6  -7.4  51.0   3.5   -9.0   10.4   10.4   -9.0   -9.0   -9.0   -9.0 -9 -9 -                        8   0   -9 Ci         2   0   0  4784 -9.0 -9.00 -9  -1.2   1.2   0.2   0.0   0.6  -9 -9.0 -9  3  2
202503032200 108   5  5.0   5 13.0 2105 1012.8 1023.6 -9  -9.0   1.4  -7.4  52.0   3.5   -9.0   10.4   10.4   -9.0   -9.0   -9.0   -9.0 -9 -9 -                        9   9   52 -         -9  -9  -9  4583 -9.0 -9.00 -9  -0.2   0.9  -0.1   0.0   0.7  -9 -9.0 -9  3 -9
202503032300 108   5  4.8   2 11.0 2230 1013.6 1024.4 -9  -9.0   1.2  -7.3  53.0   3.5   -9.0   10.4   10.4   -9.0   -9.0   -9.0   -9.0 -9 -9 -                        8   8   50 -         -9  -9  -9  4663 -9.0 -9.00 -9  -0.3   0.7  -0.2   0.0   0.7  -9 -9.0 -9  3 -9
202503040000 108   7  4.9   5 13.0 2105 1014.1 1024.9  2   1.8   1.3  -7.0  54.0   3.6   -9.0   10.4   10.4   -9.0   -9.0   -9.0   -9.0 -9 -9 -                        9   9   46 Ac         0   3   0  4555 -9.0 -9.00 -9  -0.4   0.6  -0.2   0.1   0.7  -9 -9.0 -9  3  2
202503040100 108   7  6.0  -9 -9.0   -9 1013.6 1024.4 -9  -9.0   1.3  -6.7  55.0   3.7   -9.0   -9.0   -9.0   -9.0   -9.0   -9.0   -9.0 -9 -9 -                        9   9   44 -         -9  -9  -9  4521 -9.0 -9.00 -9  -0.5   0.6  -0.3   0.1   0.8  -9 -9.0 -9  3 -9
202503040200 108   7  6.0   5 10.0  151 1013.3 1024.1 -9  -9.0   1.5  -6.5  55.0   3.8   -9.0   -9.0   -9.0   -9.0   -9.0   -9.0   -9.0 -9 -9 -                       10  10   42 -         -9  -9  -9  4623 -9.0 -9.00 -9  -0.5   0.5  -0.3   0.1   0.8  -9 -9.0 -9  3 -9
202503040300 108   7  5.0   5 13.0 2105 1012.9 1023.7  7  -1.2   1.6  -6.4  55.0   3.8   -9.0   -9.0   -9.0   -9.0   -9.0   -9.0   -9.0 -9 -9 -                       10  10   39 As        -9   2   0  4779 -9.0 -9.00 -9  -0.5   0.5  -0.3   0.1   0.8  -9 -9.0 -9  3  2
202503040400 108   5  5.7   5 11.0  359 1012.0 1022.8 -9  -9.0   1.6  -6.4  55.0   3.8   -9.0   -9.0   -9.0   -9.0   -9.0   -9.0   -9.0 -9 -9 -                       10  10   36 As        -9   2   0  4734 -9.0 -9.00 -9  -0.5   0.5  -0.3   0.1   0.8  -9 -9.0 -9  3  2
202503040500 108   5  5.7   5 12.0  425 1011.7 1022.5 -9  -9.0   1.7  -6.1  56.0   3.9   -9.0   -9.0   -9.0   -9.0   -9.0   -9.0   -9.0 -9 -9 -                       10   7   18 ScAs      -9   2   5  4566 -9.0 -9.00 -9  -0.5   0.5  -0.3   0.2   0.8  -9 -9.0 -9  3  2
202503040600 108   5  6.1   5 12.0  425 1011.0 1021.8  7  -1.9   2.0  -5.8  56.0   4.0   -9.0   -9.0   -9.0   -9.0   -9.0   -9.0   -9.0 -9 -9 -                       10   3   18 ScAs      -9   2   5  4705 -9.0 -9.00 -9  -0.4   0.5  -0.3   0.2   0.8  -9 -9.0 -9  3  2
202503040700 108   5  5.8   5 13.0  609 1010.5 1021.3 -9  -9.0   2.2  -5.4  57.0   4.1   -9.0   -9.0   -9.0   -9.0   -9.0   -9.0   -9.0 -9 -9 -                       10   7   12 ScAs      -9   2   5  4865 -9.0 -9.00 -9  -0.4   0.5  -0.3   0.2   0.9  -9 -9.0 -9  3  2
202503040800 108   7  6.2   5 12.0  751 1009.9 1020.6 -9  -9.0   2.4  -5.2  57.0   4.2   -9.0    0.0    0.0   -9.0   -9.0   -9.0   -9.0 70 72 05                      10   2   18 ScAs      -9   2   5  3985  0.0  0.03 -9  -0.3   0.5  -0.2   0.2   0.9  -9 -9.0 -9  4  1
202503040900 108   7  4.4   5 13.0  609 1011.2 1021.9  3   0.1   2.8  -4.8  57.0   4.3    0.0    0.0    0.0   -9.0   -9.0   -9.0   -9.0 70 77 05                      10   7   12 ScAs      -9   2   5  3902  0.0  0.10 -9  -0.3   0.5  -0.2   0.2   0.9  -9 -9.0 -9  1  1
202503041000 108   5  3.7   5 11.0  902 1012.6 1023.4 -9  -9.0   1.1  -0.9  86.0   5.7   -9.0    0.6    0.6   -9.0   -9.0    0.5    0.5 73 77 05                      10   7    3 StNs      -9   2   7    92  0.0  0.13 -9  -0.3   0.5  -0.2   0.2   0.9  -9 -9.0 -9  4  1
202503041100 108   5  3.8  -9 -9.0   -9 1012.0 1022.8 -9  -9.0   1.0  -0.3  91.0   6.0   -9.0    2.2    2.2   -9.0   -9.0    2.0    2.0 71 77 05                      10   8    3 StNs      -9   2   7   130  0.0  0.35 -9  -0.3   0.5  -0.2   0.3   0.9  -9 -9.0 -9  4  1
202503041200 108   5  4.3   5 11.0  902 1011.5 1022.3  0   0.4   1.1  -0.3  90.0   6.0    3.1    3.1    3.1   -9.0    3.1    3.1    3.1 71 77 05                      10   9    3 StNs      -9   2   7   141  0.0  0.54 -9  -0.3   0.5  -0.2   0.3   0.9  -9 -9.0 -9  4  1
202503041300 108   5  4.0  -9 -9.0   -9 1011.3 1022.1 -9  -9.0   1.6   0.1  90.0   6.2   -9.0    3.6    3.6   -9.0   -9.0    3.4    3.4 71 77 05                      10   9    3 StNs      -9   2   7   202  0.0  0.71 -9  -0.3   0.5  -0.2   0.3   0.9  -9 -9.0 -9  4  1
202503041400 108   5  4.1  -9 -9.0   -9 1010.5 1021.3 -9  -9.0   2.3   0.3  87.0   6.2   -9.0    3.8    3.8   -9.0   -9.0    2.4    2.4 68 77 0605                     9   7    5 StNs       0   2   7  2496  0.0  1.22 -9  -0.3   0.6  -0.1   0.3   0.9  -9 -9.0 -9  4  1
202503041500 108   7  3.7   5 11.0  902 1010.3 1021.0  7  -1.3   2.4   0.1  85.0   6.2    0.8    3.9    3.9   -9.0    0.3    1.3    1.3 68 77 06                       9   6    4 StNs       0   2   7  3358  0.0  0.78 -9  -0.1   0.8   0.0   0.3   0.9  -9 -9.0 -9  4  1
202503041600 108   5  4.4  -9 -9.0   -9 1008.9 1019.6 -9  -9.0   2.6   0.6  87.0   6.4   -9.0    4.0    4.0   -9.0   -9.0   -9.0   -9.0 68 77 06                       8   8    7 Sc         0   0   5  3569  0.0  0.66 -9   1.5   1.1   0.1   0.3   0.9  -9 -9.0 -9  4  1
202503041700 108   5  6.4  -9 -9.0   -9 1008.9 1019.6 -9  -9.0   3.2  -0.6  76.0   5.8   -9.0    4.0    4.0   -9.0   -9.0   -9.0   -9.0 23 70 06                       4   4   10 Sc         0   0   5  4776  0.5  0.78 -9   2.1   1.3   0.4   0.4   0.9  -9 -9.0 -9  4  1
202503041800 108   7  5.0  -9 -9.0   -9 1008.0 1018.7  7  -2.3   3.3  -1.4  71.0   5.5    0.1    4.0    4.0   -9.0   -9.0   -9.0   -9.0 -9 71 -                        7   7   18 Sc         0   0   5  5000  0.1  0.34 -9   1.4   1.3   0.5   0.4   0.9  -9 -9.0 -9  3  1
202503041900 108   5  3.5  -9 -9.0   -9 1008.6 1019.3 -9  -9.0   3.1  -1.6  71.0   5.4   -9.0    4.0    4.0   -9.0   -9.0   -9.0   -9.0 -9 -9 -                        9   9   18 -         -9  -9  -9  5000  0.0  0.04 -9   0.6   1.2   0.5   0.5   0.9  -9 -9.0 -9  3 -9
202503042000 108   7  3.2  -9 -9.0   -9 1010.4 1021.1 -9  -9.0   3.3  -2.0  68.0   5.3   -9.0    4.0    4.0   -9.0   -9.0   -9.0   -9.0 -9 -9 -                       10  10   18 -         -9  -9  -9  5000 -9.0 -9.00 -9   0.6   1.2   0.5   0.5   0.9  -9 -9.0 -9  3 -9
202503042100 108   7  4.7  -9 -9.0   -9 1010.4 1021.1  1   2.4   3.4  -2.3  66.0   5.2   -9.0    4.0    4.0   -9.0   -9.0   -9.0   -9.0 -9 71 -                        9   9   15 Sc         0   0   5  5000 -9.0 -9.00 -9   0.5   1.1   0.4   0.5   1.0  -9 -9.0 -9  3  1
202503042200 108   7  4.6  -9 -9.0   -9 1010.0 1020.7 -9  -9.0   3.4  -2.5  65.0   5.1   -9.0    4.0    4.0   -9.0   -9.0   -9.0   -9.0 -9 -9 -                       10  10   19 -         -9  -9  -9  5000 -9.0 -9.00 -9   0.5   1.1   0.4   0.6   1.0  -9 -9.0 -9  3 -9
202503042300 108   5  3.1  -9 -9.0   -9 1009.7 1020.4 -9  -9.0   3.4  -2.7  64.0   5.0   -9.0    4.0    4.0   -9.0   -9.0   -9.0   -9.0 -9 -9 -                       10  10   19 -         -9  -9  -9  5000 -9.0 -9.00 -9   0.5   1.1   0.4   0.6   1.0  -9 -9.0 -9  3 -9
202503050000 108   5  2.9  -9 -9.0   -9 1009.7 1020.4  6  -0.7   3.2  -2.5  66.0   5.1   -9.0    4.0    4.0   -9.0   -9.0   -9.0   -9.0 -9 -9 -                        9   9   19 Sc         0   0   5  5000 -9.0 -9.00 -9   0.4   1.1   0.4   0.6   1.0  -9 -9.0 -9  3  2
202503050100 108   5  2.4  -9 -9.0   -9 1010.3 1021.0 -9  -9.0   2.9  -2.8  66.0   5.0   -9.0   -9.0   -9.0   -9.0   -9.0   -9.0   -9.0 -9 -9 -                       10  10   18 -         -9  -9  -9  5000 -9.0 -9.00 -9   0.4   1.1   0.5   0.7   1.0  -9 -9.0 -9  3 -9
202503050200 108   5  2.9  -9 -9.0   -9 1010.3 1021.0 -9  -9.0   2.9  -2.8  66.0   5.0   -9.0   -9.0   -9.0   -9.0   -9.0   -9.0   -9.0 -9 -9 -                       10  10   18 -         -9  -9  -9  5000 -9.0 -9.00 -9   0.3   1.0   0.5   0.7   1.1  -9 -9.0 -9  3 -9
202503050300 108   7  2.7  -9 -9.0   -9 1009.9 1020.6  0   0.2   2.6  -3.1  66.0   4.9   -9.0   -9.0   -9.0   -9.0   -9.0   -9.0   -9.0 -9 -9 -                        9   9   18 Sc         0   0   5  5000 -9.0 -9.00 -9   0.2   1.0   0.5   0.8   1.1  -9 -9.0 -9  3  2
202503050400 108   7  3.0  -9 -9.0   -9 1009.5 1020.2 -9  -9.0   2.5  -3.2  66.0   4.8   -9.0   -9.0   -9.0   -9.0   -9.0   -9.0   -9.0 -9 -9 -                        9   9   18 Sc         0   0   5  4967 -9.0 -9.00 -9   0.2   1.0   0.5   0.8   1.1  -9 -9.0 -9  3  2
202503050500 108   7  1.5  -9 -9.0   -9 1009.9 1020.6 -9  -9.0   2.4  -3.3  66.0   4.8   -9.0   -9.0   -9.0   -9.0   -9.0   -9.0   -9.0 -9 -9 -                        9   9   18 Sc         0   0   5  5000 -9.0 -9.00 -9   0.2   1.0   0.5   0.8   1.1  -9 -9.0 -9  3  2
202503050600 108   5  2.0  -9 -9.0   -9 1009.9 1020.6  4   0.0   2.4  -3.1  67.0   4.9   -9.0   -9.0   -9.0   -9.0   -9.0   -9.0   -9.0 -9 -9 -                        9   9   18 Sc         0   0   5  4995 -9.0 -9.00 -9   0.1   1.0   0.5   0.9   1.1  -9 -9.0 -9  3  2
202503050700 108   2  0.9  -9 -9.0   -9 1010.8 1021.6 -9  -9.0   2.4  -3.1  67.0   4.9   -9.0   -9.0   -9.0   -9.0   -9.0   -9.0   -9.0 -9 -9 -                        9   9   18 Sc         0   0   5  4946  0.0  0.00 -9   0.1   1.0   0.5   0.9   1.1  -9 -9.0 -9  3  2
202503050800 108   5  2.0  -9 -9.0   -9 1011.6 1022.4 -9  -9.0   2.6  -2.9  67.0   4.9   -9.0    0.0    0.0   -9.0   -9.0   -9.0   -9.0 70 72 05                       9   9   15 Sc         0   0   5  4902  0.0  0.06 -9   0.8   0.9   0.5   0.9   1.2  -9 -9.0 -9  4  1
202503050900 108   5  2.3  -9 -9.0   -9 1012.1 1022.8  2   2.2   3.2  -2.5  66.0   5.1    0.0    0.0    0.0   -9.0   -9.0   -9.0   -9.0 22 72 05                       9   9   15 Sc         0   0   5  4907  0.0  0.26 -9   2.5   1.1   0.6   0.9   1.2  -9 -9.0 -9  1  1
202503051000 108   5  2.7  -9 -9.0   -9 1012.4 1023.1 -9  -9.0   4.1  -2.3  63.0   5.2   -9.0    0.0    0.0   -9.0   -9.0   -9.0   -9.0 -9 -9 -                        9   9   15 Sc         0   0   5  4996  0.0  0.53 -9   4.8   1.4   0.8   0.9   1.2  -9 -9.0 -9  3  2
202503051100 108   5  3.2  -9 -9.0   -9 1012.7 1023.4 -9  -9.0   5.2  -1.5  62.0   5.5   -9.0    0.0    0.0   -9.0   -9.0   -9.0   -9.0 -9 -9 -                        9   9   15 Sc         0   0   5  4790  0.0  0.89 -9   6.8   1.9   1.3   1.0   1.2  -9 -9.0 -9  3  2
202503051200 108   2  2.8  -9 -9.0   -9 1012.7 1023.3  0   0.5   5.8  -1.3  60.0   5.6   -9.0    0.0    0.0   -9.0   -9.0   -9.0   -9.0 -9 -9 -                        9   9   15 Sc         0   0   5  4591  0.0  0.95 -9   8.0   2.4   1.8   1.0   1.2  -9 -9.0 -9  3  2
202503051300 108  34  1.3  -9 -9.0   -9 1011.8 1022.4 -9  -9.0   6.2  -1.2  59.0   5.6   -9.0    0.0    0.0   -9.0   -9.0   -9.0   -9.0 -9 -9 -                        9   9   14 Sc         0   0   5  4790  0.0  0.95 -9   9.0   3.0   2.3   1.2   1.2  -9 -9.0 -9  3  2
202503051400 108  27  2.2  -9 -9.0   -9 1010.9 1021.5 -9  -9.0   7.3  -0.9  56.0   5.7   -9.0    0.0    0.0   -9.0   -9.0   -9.0   -9.0 -9 -9 -                        9   9   10 Sc         0   0   5  4567  0.0  1.43 -9  12.1   3.6   2.9   1.3   1.2  -9 -9.0 -9  3  2
202503051500 108   2  2.4  -9 -9.0   -9 1010.1 1020.6  7  -2.7   8.1  -0.4  55.0   5.9   -9.0    0.0    0.0   -9.0   -9.0   -9.0   -9.0 -9 -9 -                        8   8   10 Sc         0   0   5  5000  0.0  1.47 -9  11.9   4.4   3.6   1.5   1.3  -9 -9.0 -9  3  2
202503051600 108  29  1.8  -9 -9.0   -9 1010.0 1020.5 -9  -9.0   8.8  -0.5  52.0   5.9   -9.0    0.0    0.0   -9.0   -9.0   -9.0   -9.0 -9 -9 -                        5   5   11 Sc         0   0   5  4480  0.3  1.08 -9  14.4   4.7   4.0   1.7   1.3  -9 -9.0 -9  3  2
202503051700 108  23  1.3  -9 -9.0   -9 1010.2 1020.7 -9  -9.0   8.9  -0.7  51.0   5.8   -9.0    0.0    0.0   -9.0   -9.0   -9.0   -9.0 -9 -9 -                        5   5   11 Sc         0   0   5  4657  0.7  1.03 -9  10.4   5.0   4.3   1.9   1.4  -9 -9.0 -9  3  2
202503051800 108  29  1.9  -9 -9.0   -9 1010.9 1021.4  3   0.8   7.8  -1.4  52.0   5.5   -9.0    0.0    0.0   -9.0   -9.0   -9.0   -9.0 -9 -9 -                        5   5   17 Sc         0   0   5  4921  0.6  0.49 -9   6.2   5.1   4.4   2.2   1.5  -9 -9.0 -9  3  2
202503051900 108  27  2.1  -9 -9.0   -9 1011.9 1022.5 -9  -9.0   6.6  -0.8  59.0   5.8   -9.0    0.0    0.0   -9.0   -9.0   -9.0   -9.0 -9 -9 -                        5   4   12 -         -9  -9  -9  4979  0.0  0.04 -9   3.6   4.7   4.2   2.4   1.7  -9 -9.0 -9  3 -9
202503052000 108  29  2.0  -9 -9.0   -9 1012.4 1023.0 -9  -9.0   5.8  -1.1  61.0   5.6   -9.0    0.0    0.0   -9.0   -9.0   -9.0   -9.0 -9 -9 -                        2   2   12 -         -9  -9  -9  4980 -9.0 -9.00 -9   2.2   4.3   3.8   2.6   1.8  -9 -9.0 -9  3 -9
202503052100 108  27  2.8  -9 -9.0   -9 1012.8 1023.5  2   2.1   5.2  -0.6  66.0   5.8   -9.0    0.0    0.0   -9.0   -9.0   -9.0   -9.0 -9 -9 -                        2   2   12 Sc         0   0   5  4823 -9.0 -9.00 -9   1.5   3.8   3.4   2.7   2.0  -9 -9.0 -9  3  2
202503052200 108  27  2.5  -9 -9.0   -9 1013.2 1023.9 -9  -9.0   4.5  -0.5  70.0   5.9   -9.0    0.0    0.0   -9.0   -9.0   -9.0   -9.0 -9 -9 -                        0   0   -9 -         -9  -9  -9  4505 -9.0 -9.00 -9   0.6   3.4   3.1   2.8   2.1  -9 -9.0 -9  3 -9
202503052300 108  32  2.7  -9 -9.0   -9 1012.8 1023.5 -9  -9.0   4.0  -0.4  73.0   5.9   -9.0    0.0    0.0   -9.0   -9.0   -9.0   -9.0 -9 -9 -                        6   1   -9 -         -9  -9  -9  3942 -9.0 -9.00 -9   0.2   3.1   2.7   2.7   2.2  -9 -9.0 -9  3 -9
202503060000 108  29  2.6  -9 -9.0   -9 1012.9 1023.6  0   0.1   3.5  -0.7  74.0   5.8   -9.0    0.0    0.0   -9.0   -9.0   -9.0   -9.0 -9 -9 -                        2   2   14 Sc         0   0   5  2902 -9.0 -9.00 -9  -0.3   2.7   2.4   2.7   2.2  -9 -9.0 -9  3  2
202503060100 108  29  2.0  -9 -9.0   -9 1013.1 1023.9 -9  -9.0   2.8  -1.3  74.0   5.6   -9.0   -9.0   -9.0   -9.0   -9.0   -9.0   -9.0 -9 -9 -                        0   0   -9 -         -9  -9  -9  2529 -9.0 -9.00 -9  -0.1   2.4   2.1   2.7   2.3  -9 -9.0 -9  3 -9
202503060200 108  27  2.0  -9 -9.0   -9 1013.2 1024.0 -9  -9.0   2.0  -1.6  77.0   5.4   -9.0   -9.0   -9.0   -9.0   -9.0   -9.0   -9.0 -9 -9 -                        0   0   -9 -         -9  -9  -9  2307 -9.0 -9.00 -9  -0.1   2.1   1.8   2.6   2.3  -9 -9.0 -9  3 -9
202503060300 108  27  1.4  -9 -9.0   -9 1013.3 1024.1  2   0.5   1.5  -2.1  77.0   5.2   -9.0   -9.0   -9.0   -9.0   -9.0   -9.0   -9.0 -9 -9 -                        0   0   -9 -         -9  -9  -9  2178 -9.0 -9.00 -9  -0.3   1.9   1.6   2.5   2.3  -9 -9.0 -9  3  2
202503060400 108  27  2.2  -9 -9.0   -9 1013.2 1024.0 -9  -9.0   1.0  -2.0  80.0   5.3   -9.0   -9.0   -9.0   -9.0   -9.0   -9.0   -9.0 -9 -9 -                        0   0   -9 -         -9  -9  -9  2074 -9.0 -9.00 -9  -0.4   1.6   1.4   2.4   2.3  -9 -9.0 -9  3  2
202503060500 108  27  2.1  -9 -9.0   -9 1013.4 1024.3 -9  -9.0   0.6  -2.8  78.0   5.0   -9.0   -9.0   -9.0   -9.0   -9.0   -9.0   -9.0 -9 -9 -                        0   0   -9 -         -9  -9  -9  1925 -9.0 -9.00 -9  -0.7   1.5   1.2   2.3   2.3  -9 -9.0 -9  3  2
202503060600 108  25  1.2  -9 -9.0   -9 1013.6 1024.5  3   0.4   0.3  -3.2  77.0   4.8   -9.0   -9.0   -9.0   -9.0   -9.0   -9.0   -9.0 -9 -9 -                        0   0   -9 -         -9  -9  -9  1800 -9.0 -9.00 -9  -0.9   1.4   1.1   2.2   2.3  -9 -9.0 -9  3  2
202503060700 108  27  0.8  -9 -9.0   -9 1014.2 1025.1 -9  -9.0  -0.3  -3.1  81.0   4.9   -9.0   -9.0   -9.0   -9.0   -9.0   -9.0   -9.0 -9 -9 -                        0   0   -9 -         -9  -9  -9  1756  0.0  0.00 -9  -1.1   1.2   1.0   2.2   2.3  -9 -9.0 -9  3  2
202503060800 108  29  1.2  -9 -9.0   -9 1014.6 1025.5 -9  -9.0   0.1  -2.7  81.0   5.0   -9.0   -9.0   -9.0   -9.0   -9.0   -9.0   -9.0 -9 -9 -                        0   0   -9 -         -9  -9  -9  1814  0.5  0.20 -9  -0.6   1.1   0.9   2.1   2.3  -9 -9.0 -9  3  2
202503060900 108  25  2.2  -9 -9.0   -9 1015.3 1026.1  2   1.6   2.1  -2.8  70.0   5.0   -9.0   -9.0   -9.0   -9.0   -9.0   -9.0   -9.0 -9 -9 -                        0   0   -9 -         -9  -9  -9  1890  1.0  0.78 -9  -0.3   1.1   0.8   1.9   2.2  -9 -9.0 -9  3  2
202503061000 108  27  1.2  -9 -9.0   -9 1015.2 1025.9 -9  -9.0   4.3  -2.5  61.0   5.1   -9.0   -9.0   -9.0   -9.0   -9.0   -9.0   -9.0 -9 -9 -                        0   0   -9 -         -9  -9  -9  1770  1.0  1.59 -9   7.1   1.3   0.8   1.8   2.1  -9 -9.0 -9  3  2
202503061100 108  18  2.2  -9 -9.0   -9 1015.1 1025.7 -9  -9.0   6.8  -1.8  54.0   5.4   -9.0   -9.0   -9.0   -9.0   -9.0   -9.0   -9.0 -9 -9 -                        0   0   -9 -         -9  -9  -9  1700  1.0  2.20 -9  14.6   1.9   1.1   1.7   2.0  -9 -9.0 -9  3  2
202503061200 108  29  2.8  -9 -9.0   -9 1014.7 1025.3  7  -0.8   7.6  -3.0  47.0   4.9   -9.0   -9.0   -9.0   -9.0   -9.0   -9.0   -9.0 -9 -9 -                        1   1   10 Sc         0   0   5  1862  1.0  2.63 -9  17.9   3.1   1.9   1.7   2.0  -9 -9.0 -9  3  2
202503061300 108  27  3.1  -9 -9.0   -9 1014.0 1024.5 -9  -9.0   8.6  -4.6  39.0   4.3   -9.0   -9.0   -9.0   -9.0   -9.0   -9.0   -9.0 -9 -9 -                        2   2   10 Sc         0   0   5  2843  1.0  2.76 -9  19.7   4.2   3.0   1.8   1.9  -9 -9.0 -9  3  2
202503061400 108  29  3.4  -9 -9.0   -9 1013.6 1024.1 -9  -9.0   9.3  -5.0  36.0   4.2   -9.0   -9.0   -9.0   -9.0   -9.0   -9.0   -9.0 -9 -9 -                        2   2   10 Sc         0   0   5  2713  0.9  2.73 -9  19.4   5.0   3.9   1.9   1.9  -9 -9.0 -9  3  2
202503061500 108  29  3.9  -9 -9.0   -9 1013.2 1023.7  7  -1.6   9.8  -4.2  37.0   4.5   -9.0   -9.0   -9.0   -9.0   -9.0   -9.0   -9.0 -9 -9 -                        1   1   17 Sc         0   0   5  2735  1.0  2.55 -9  18.6   5.8   4.6   2.1   1.9  -9 -9.0 -9  3  2
202503061600 108  29  3.2  -9 -9.0   -9 1013.1 1023.6 -9  -9.0  10.3  -3.4  38.0   4.8   -9.0   -9.0   -9.0   -9.0   -9.0   -9.0   -9.0 -9 -9 -                        1   1   16 Sc         0   0   5  2154  1.0  2.02 -9  16.0   6.3   5.2   2.5   2.0  -9 -9.0 -9  3  2
202503061700 108  29  2.8  -9 -9.0   -9 1013.2 1023.7 -9  -9.0   9.6  -4.4  37.0   4.4   -9.0   -9.0   -9.0   -9.0   -9.0   -9.0   -9.0 -9 -9 -                        0   0   -9 -         -9  -9  -9  1734  1.0  1.28 -9  10.5   6.3   5.5   2.8   2.1  -9 -9.0 -9  3  2
202503061800 108  27  3.2  -9 -9.0   -9 1013.7 1024.2  3   0.5   8.6  -5.2  37.0   4.2   -9.0   -9.0   -9.0   -9.0   -9.0   -9.0   -9.0 -9 -9 -                        1   1   18 Sc         0   0   5  1978  1.0  0.51 -9   6.1   6.2   5.4   3.1   2.3  -9 -9.0 -9  3  2
202503061900 108  25  3.5  -9 -9.0   -9 1014.6 1025.2 -9  -9.0   7.2  -3.9  45.0   4.6   -9.0   -9.0   -9.0   -9.0   -9.0   -9.0   -9.0 -9 -9 -                        3   3   -9 -         -9  -9  -9  1718  0.1  0.05 -9   3.5   5.8   5.1   3.4   2.4  -9 -9.0 -9  3  2
202503062000 108  27  3.3  -9 -9.0   -9 1015.0 1025.6 -9  -9.0   6.3  -5.3  43.0   4.1   -9.0   -9.0   -9.0   -9.0   -9.0   -9.0   -9.0 -9 -9 -                        0   0   -9 -         -9  -9  -9  1683 -9.0 -9.00 -9   2.2   5.2   4.7   3.6   2.6  -9 -9.0 -9  3 -9
202503062100 108  29  3.1  -9 -9.0   -9 1015.8 1026.5  2   2.3   5.6  -5.7  44.0   4.0   -9.0   -9.0   -9.0   -9.0   -9.0   -9.0   -9.0 -9 -9 -                        0   0   -9 -         -9  -9  -9  1556 -9.0 -9.00 -9   1.2   4.7   4.3   3.7   2.8  -9 -9.0 -9  3  2
202503062200 108  29  1.2  -9 -9.0   -9 1016.4 1027.1 -9  -9.0   4.8  -5.8  46.0   4.0   -9.0   -9.0   -9.0   -9.0   -9.0   -9.0   -9.0 -9 -9 -                        0   0   -9 -         -9  -9  -9  1487 -9.0 -9.00 -9   0.5   4.3   3.9   3.7   2.9  -9 -9.0 -9  3 -9
202503062300 108  27  3.1  -9 -9.0   -9 1016.8 1027.6 -9  -9.0   3.8  -5.9  49.0   3.9   -9.0   -9.0   -9.0   -9.0   -9.0   -9.0   -9.0 -9 -9 -                        0   0   -9 -         -9  -9  -9  1450 -9.0 -9.00 -9  -0.2   3.8   3.5   3.7   3.0  -9 -9.0 -9  3 -9
202503070000 108  29  2.2  -9 -9.0   -9 1016.8 1027.6  1   1.1   3.2  -5.7  52.0   4.0   -9.0   -9.0   -9.0   -9.0   -9.0   -9.0   -9.0 -9 -9 -                        0   0   -9 -         -9  -9  -9  1403 -9.0 -9.00 -9  -0.7   3.4   3.1   3.6   3.1  -9 -9.0 -9  3  2
202503070100 108  27  1.7  -9 -9.0   -9 1016.9 1027.7 -9  -9.0   2.3  -5.5  56.0   4.1   -9.0   -9.0   -9.0   -9.0   -9.0   -9.0   -9.0 -9 -9 -                        0   0   -9 -         -9  -9  -9  1364 -9.0 -9.00 -9   0.0   3.0   2.7   3.6   3.1  -9 -9.0 -9  3 -9
202503070200 108  29  0.9  -9 -9.0   -9 1016.7 1027.5 -9  -9.0   1.7  -5.9  57.0   3.9   -9.0   -9.0   -9.0   -9.0   -9.0   -9.0   -9.0 -9 -9 -                        0   0   -9 -         -9  -9  -9  1350 -9.0 -9.00 -9  -0.2   2.6   2.4   3.4   3.1  -9 -9.0 -9  3 -9
202503070300 108  32  0.9  -9 -9.0   -9 1016.8 1027.7  1   0.1   1.2  -5.7  60.0   4.0   -9.0   -9.0   -9.0   -9.0   -9.0   -9.0   -9.0 -9 -9 -                        0   0   -9 -         -9  -9  -9  1339 -9.0 -9.00 -9  -0.5   2.3   2.1   3.3   3.1  -9 -9.0 -9  3  2
202503070400 108  29  0.6  -9 -9.0   -9 1016.6 1027.5 -9  -9.0   0.9  -5.5  62.0   4.1   -9.0   -9.0   -9.0   -9.0   -9.0   -9.0   -9.0 -9 -9 -                        0   0   -9 -         -9  -9  -9  1305 -9.0 -9.00 -9  -0.9   2.1   1.9   3.2   3.1  -9 -9.0 -9  3  2
202503070500 108  27  0.5  -9 -9.0   -9 1016.8 1027.7 -9  -9.0   0.6  -5.4  64.0   4.1   -9.0   -9.0   -9.0   -9.0   -9.0   -9.0   -9.0 -9 -9 -                        0   0   -9 -         -9  -9  -9  1313 -9.0 -9.00 -9  -1.1   1.9   1.7   3.0   3.0  -9 -9.0 -9  3  2
202503070600 108   2  1.7  -9 -9.0   -9 1017.1 1028.0  3   0.3   0.4  -6.0  62.0   3.9   -9.0   -9.0   -9.0   -9.0   -9.0   -9.0   -9.0 -9 -9 -                        0   0   -9 -         -9  -9  -9  1330 -9.0 -9.00 -9  -1.3   1.8   1.6   2.9   3.0  -9 -9.0 -9  3  2
202503070700 108   5  1.7  -9 -9.0   -9 1017.4 1028.3 -9  -9.0   0.1  -5.7  65.0   4.0   -9.0   -9.0   -9.0   -9.0   -9.0   -9.0   -9.0 -9 -9 -                        0   0   -9 -         -9  -9  -9  1293  0.0  0.00 -9  -1.4   1.6   1.4   2.8   2.9  -9 -9.0 -9  3  2
202503070800 108   5  2.1  -9 -9.0   -9 1018.1 1029.0 -9  -9.0   0.4  -5.0  67.0   4.2   -9.0   -9.0   -9.0   -9.0   -9.0   -9.0   -9.0 -9 -9 -                        0   0   -9 -         -9  -9  -9  1216  0.4  0.19 -9  -0.8   1.5   1.3   2.7   2.9  -9 -9.0 -9  3  2
202503070900 108   5  2.5  -9 -9.0   -9 1017.9 1028.7  0   0.7   3.0  -3.1  64.0   4.9   -9.0   -9.0   -9.0   -9.0   -9.0   -9.0   -9.0 -9 -9 -                        0   0   -9 -         -9  -9  -9  1083  1.0  0.79 -9  -0.3   1.5   1.2   2.5   2.8  -9 -9.0 -9  3  2
202503071000 108   2  2.5  -9 -9.0   -9 1017.7 1028.4 -9  -9.0   5.1  -2.0  60.0   5.3   -9.0   -9.0   -9.0   -9.0   -9.0   -9.0   -9.0  5 22 40                       8   0   -9 Ci         1   0   0   987  1.0  1.48 -9   4.3   1.6   1.2   2.4   2.7  -9 -9.0 -9  3  1
202503071100 108  14  1.4  -9 -9.0   -9 1017.1 1027.7 -9  -9.0   7.4  -3.4  46.0   4.8   -9.0   -9.0   -9.0   -9.0   -9.0   -9.0   -9.0 -9 -9 40                       7   0   -9 Ci         1   0   0  1063  1.0  2.02 -9  13.2   2.5   1.5   2.3   2.7  -9 -9.0 -9  3  2
202503071200 108  20  1.6  -9 -9.0   -9 1016.7 1027.3  7  -1.4   8.8  -3.7  41.0   4.6   -9.0   -9.0   -9.0   -9.0   -9.0   -9.0   -9.0 -9 -9 -                        8   0   -9 Ci         1   0   0  1142  1.0  2.33 -9  15.9   3.5   2.4   2.3   2.6  -9 -9.0 -9  3  2
202503071300 108  25  2.7  -9 -9.0   -9 1015.8 1026.3 -9  -9.0  10.0  -4.4  36.0   4.4   -9.0   -9.0   -9.0   -9.0   -9.0   -9.0   -9.0 -9 -9 -                        9   0   -9 Ci         1   0   0  1227  1.0  2.20 -9  16.1   4.7   3.5   2.3   2.5  -9 -9.0 -9  3  2
202503071400 108  18  1.7  -9 -9.0   -9 1014.9 1025.4 -9  -9.0  10.4  -4.4  35.0   4.4   -9.0   -9.0   -9.0   -9.0   -9.0   -9.0   -9.0 -9 -9 -                        9   0   -9 Ci         1   0   0  1421  1.0  2.10 -9  16.1   5.7   4.5   2.4   2.5  -9 -9.0 -9  3  2
202503071500 108  11  2.1  -9 -9.0   -9 1014.6 1025.1  7  -2.2  10.7  -4.5  34.0   4.4   -9.0   -9.0   -9.0   -9.0   -9.0   -9.0   -9.0 -9 -9 -                       10   0   -9 Cs         7   0   0  1293  0.9  1.70 -9  14.8   6.4   5.3   2.7   2.5  -9 -9.0 -9  3  2
202503071600 108  27  2.4  -9 -9.0   -9 1014.5 1024.9 -9  -9.0  11.1  -4.2  34.0   4.5   -9.0   -9.0   -9.0   -9.0   -9.0   -9.0   -9.0 -9 -9 -                        7   0   -9 Ci         1   0   0  1254  1.0  1.57 -9  14.4   6.8   5.8   3.0   2.5  -9 -9.0 -9  3  2
202503071700 108  25  3.4  -9 -9.0   -9 1014.5 1025.0 -9  -9.0   9.4  -5.3  35.0   4.1   -9.0   -9.0   -9.0   -9.0   -9.0   -9.0   -9.0 -9 -9 -                        8   0   -9 Ci         2   0   0  1375  0.3  0.64 -9   8.6   6.9   6.0   3.3   2.6  -9 -9.0 -9  3  2
202503071800 108  29  3.9  -9 -9.0   -9 1014.9 1025.5  3   0.4   8.1  -5.0  39.0   4.2   -9.0   -9.0   -9.0   -9.0   -9.0   -9.0   -9.0 -9 -9 -                        8   0   -9 Ci         2   0   0  1601  0.0  0.30 -9   5.6   6.6   5.9   3.6   2.8  -9 -9.0 -9  3  2
202503071900 108  27  2.3  -9 -9.0   -9 1014.9 1025.5 -9  -9.0   6.9  -5.1  42.0   4.2   -9.0   -9.0   -9.0   -9.0   -9.0   -9.0   -9.0 -9 -9 -                        8   8   54 -         -9  -9  -9  1583  0.0  0.03 -9   3.8   6.0   5.5   3.8   2.9  -9 -9.0 -9  3 -9
202503072000 108  25  2.3  -9 -9.0   -9 1015.0 1025.6 -9  -9.0   6.3  -4.2  47.0   4.5   -9.0   -9.0   -9.0   -9.0   -9.0   -9.0   -9.0 -9 -9 -                        9   9   51 -         -9  -9  -9  1266 -9.0 -9.00 -9   3.0   5.5   5.0   4.0   3.1  -9 -9.0 -9  3 -9
202503072100 108  29  1.5  -9 -9.0   -9 1015.1 1025.8  2   0.3   5.6  -6.6  41.0   3.7   -9.0   -9.0   -9.0   -9.0   -9.0   -9.0   -9.0 -9 -9 -                        9   5   45 AcCi       2   3   0  1455 -9.0 -9.00 -9   2.4   5.1   4.6   4.1   3.2  -9 -9.0 -9  3  2
202503072200 108   0  0.3  -9 -9.0   -9 1015.0 1025.7 -9  -9.0   5.0  -5.1  48.0   4.2   -9.0   -9.0   -9.0   -9.0   -9.0   -9.0   -9.0 -9 -9 -                        9   9   47 -         -9  -9  -9  1248 -9.0 -9.00 -9   2.0   4.7   4.3   4.1   3.3  -9 -9.0 -9  3 -9
202503072300 108   2  1.7  -9 -9.0   -9 1014.8 1025.5 -9  -9.0   4.7  -4.3  52.0   4.4   -9.0   -9.0   -9.0   -9.0   -9.0   -9.0   -9.0 -9 -9 -                        9   9   38 -         -9  -9  -9  1226 -9.0 -9.00 -9   1.8   4.3   4.0   4.0   3.4  -9 -9.0 -9  3 -9
202503080000 108   5  2.7  -9 -9.0   -9 1014.2 1024.9  7  -0.9   4.4  -4.3  53.0   4.4   -9.0   -9.0   -9.0   -9.0   -9.0   -9.0   -9.0 -9 -9 -                        9   3   40 AcCi       2   3   0  1304 -9.0 -9.00 -9   1.5   4.0   3.7   4.0   3.5  -9 -9.0 -9  3  2
202503080100 108   5  2.1  -9 -9.0   -9 1013.9 1024.6 -9  -9.0   4.4  -4.3  53.0   4.4   -9.0   -9.0   -9.0   -9.0   -9.0   -9.0   -9.0 -9 -9 -                        9   9   41 -         -9  -9  -9  1246 -9.0 -9.00 -9   1.1   3.8   3.5   3.9   3.5  -9 -9.0 -9  3 -9
202503080200 108  29  0.5  -9 -9.0   -9 1013.8 1024.5 -9  -9.0   4.3  -4.4  53.0   4.4   -9.0   -9.0   -9.0   -9.0   -9.0   -9.0   -9.0 -9 -9 -                        9   1   20 -         -9  -9  -9  1241 -9.0 -9.00 -9   1.0   3.6   3.3   3.8   3.5  -9 -9.0 -9  3 -9
202503080300 108  27  1.1  -9 -9.0   -9 1013.6 1024.3  7  -0.6   4.2  -3.3  58.0   4.8   -9.0   -9.0   -9.0   -9.0   -9.0   -9.0   -9.0 -9 -9 -                        9   6   34 AcCi       1   3   0  1088 -9.0 -9.00 -9   0.7   3.4   3.1   3.7   3.5  -9 -9.0 -9  3  2
202503080400 108  27  1.7  -9 -9.0   -9 1013.4 1024.1 -9  -9.0   3.6  -3.4  60.0   4.8   -9.0   -9.0   -9.0   -9.0   -9.0   -9.0   -9.0 -9 -9 -                        8   5   34 AcCi       1   3   0  1118 -9.0 -9.00 -9   0.2   3.1   2.8   3.6   3.4  -9 -9.0 -9  3  2
202503080500 108  27  2.7  -9 -9.0   -9 1013.7 1024.4 -9  -9.0   3.5  -3.1  62.0   4.9   -9.0   -9.0   -9.0   -9.0   -9.0   -9.0   -9.0 -9 -9 -                        9   5   33 AcCi       1   3   0  1001 -9.0 -9.00 -9   0.2   2.9   2.6   3.5   3.4  -9 -9.0 -9  3  2
202503080600 108  27  1.4  -9 -9.0   -9 1014.0 1024.8  3   0.5   3.3  -3.2  62.0   4.8   -9.0   -9.0   -9.0   -9.0   -9.0   -9.0   -9.0  5 22 40                       9   4   33 AcCi       1   3   0   969 -9.0 -9.00 -9   0.1   2.8   2.5   3.4   3.4  -9 -9.0 -9  3  1
202503080700 108  27  1.4  -9 -9.0   -9 1014.5 1025.3 -9  -9.0   3.1  -2.8  65.0   5.0   -9.0   -9.0   -9.0   -9.0   -9.0   -9.0   -9.0  5 22 40                       8   2   29 AcCi       1   3   0   854  0.0  0.00 -9  -0.2   2.6   2.3   3.3   3.3  -9 -9.0 -9  3  1
202503080800 108  25  1.2  -9 -9.0   -9 1015.1 1025.9 -9  -9.0   2.8  -2.7  67.0   5.0   -9.0   -9.0   -9.0   -9.0   -9.0   -9.0   -9.0  5 22 40                       9   5   30 AcCi       1   3   0   804  0.0  0.14 -9   0.5   2.5   2.2   3.2   3.3  -9 -9.0 -9  3  1
202503080900 108  25  1.3  -9 -9.0   -9 1015.5 1026.2  2   1.4   3.9  -2.3  64.0   5.2   -9.0   -9.0   -9.0   -9.0   -9.0   -9.0   -9.0  5 22 40                       8   2   30 AcCi       1   3   0   801  0.4  0.56 -9   4.1   2.5   2.2   3.1   3.2  -9 -9.0 -9  3  1
202503081000 108  29  1.5  -9 -9.0   -9 1015.4 1026.1 -9  -9.0   5.9  -5.1  45.0   4.2   -9.0   -9.0   -9.0   -9.0   -9.0   -9.0   -9.0 -9 -9 40                       9   6   33 AcCi       1   3   0  1301  0.8  1.38 -9   8.6   3.1   2.5   3.0   3.2  -9 -9.0 -9  3  2
202503081100 108  27  1.8  -9 -9.0   -9 1015.2 1025.8 -9  -9.0   7.0  -7.0  36.0   3.6   -9.0   -9.0   -9.0   -9.0   -9.0   -9.0   -9.0 -9 -9 -                        7   2   31 AcCi       1   3   0  1797  0.7  1.62 -9  13.1   4.0   3.1   3.0   3.2  -9 -9.0 -9  3  2
202503081200 108  25  1.9  -9 -9.0   -9 1014.7 1025.2  7  -1.0   8.7  -7.5  31.0   3.5   -9.0   -9.0   -9.0   -9.0   -9.0   -9.0   -9.0 -9 -9 -                        2   0   -9 Ci         1   0   0  2234  1.0  2.38 -9  18.3   4.9   3.8   3.0   3.1  -9 -9.0 -9  3  2
202503081300 108  18  2.5  -9 -9.0   -9 1014.3 1024.8 -9  -9.0  10.3  -7.4  28.0   3.5   -9.0   -9.0   -9.0   -9.0   -9.0   -9.0   -9.0 -9 -9 -                        0   0   -9 -         -9  -9  -9  2248  1.0  2.86 -9  21.0   6.0   4.8   3.1   3.0  -9 -9.0 -9  3  2
202503081400 108  18  3.9  -9 -9.0   -9 1013.7 1024.1 -9  -9.0  10.9  -6.4  29.0   3.8   -9.0   -9.0   -9.0   -9.0   -9.0   -9.0   -9.0 -9 -9 -                        0   0   -9 -         -9  -9  -9  1696  1.0  2.76 -9  20.2   7.0   5.7   3.3   3.0  -9 -9.0 -9  3  2
202503081500 108  25  4.3  -9 -9.0   -9 1013.6 1024.0  7  -1.2  10.7  -9.6  23.0   3.0   -9.0   -9.0   -9.0   -9.0   -9.0   -9.0   -9.0 -9 -9 -                        0   0   -9 -         -9  -9  -9  2900  1.0  2.46 -9  18.6   7.6   6.5   3.5   3.0  -9 -9.0 -9  3  2
202503081600 108  25  4.0  -9 -9.0   -9 1013.9 1024.4 -9  -9.0  10.1  -6.7  30.0   3.7   -9.0   -9.0   -9.0   -9.0   -9.0   -9.0   -9.0 -9 -9 -                        0   0   -9 -         -9  -9  -9  2904  1.0  1.93 -9  15.1   7.9   6.9   3.8   3.1  -9 -9.0 -9  3  2
202503081700 108  27  3.5  -9 -9.0   -9 1014.2 1024.7 -9  -9.0   9.0  -4.5  38.0   4.4   -9.0   -9.0   -9.0   -9.0   -9.0   -9.0   -9.0 -9 -9 -                        0   0   -9 -         -9  -9  -9  2255  1.0  1.23 -9  10.4   7.9   6.9   4.2   3.2  -9 -9.0 -9  3  2
202503081800 108  27  4.8  -9 -9.0   -9 1014.5 1025.1  2   1.1   7.2  -2.5  50.0   5.1   -9.0   -9.0   -9.0   -9.0   -9.0   -9.0   -9.0 -9 -9 -                        0   0   -9 -         -9  -9  -9  2024  1.0  0.46 -9   6.2   7.5   6.7   4.5   3.5  -9 -9.0 -9  3  2
202503081900 108  27  2.1  -9 -9.0   -9 1015.1 1025.7 -9  -9.0   6.2  -1.7  57.0   5.4   -9.0   -9.0   -9.0   -9.0   -9.0   -9.0   -9.0 -9 -9 -                        0   0   -9 -         -9  -9  -9  1798  0.1  0.05 -9   3.8   6.8   6.3   4.7   3.6  -9 -9.0 -9  3 -9
202503082000 108  29  3.2  -9 -9.0   -9 1015.8 1026.5 -9  -9.0   5.6  -0.2  66.0   6.0   -9.0   -9.0   -9.0   -9.0   -9.0   -9.0   -9.0 -9 -9 -                        0   0   -9 -         -9  -9  -9  1529 -9.0 -9.00 -9   2.9   6.2   5.8   4.9   3.8  -9 -9.0 -9  3 -9
202503082100 108  27  1.8  -9 -9.0   -9 1016.4 1027.1  2   2.0   4.9  -0.1  70.0   6.1   -9.0   -9.0   -9.0   -9.0   -9.0   -9.0   -9.0 -9 -9 -                        0   0   -9 -         -9  -9  -9  1342 -9.0 -9.00 -9   2.1   5.7   5.3   4.9   4.0  -9 -9.0 -9  3  2
202503082200 108  27  1.9  -9 -9.0   -9 1016.6 1027.3 -9  -9.0   4.4   0.5  76.0   6.3   -9.0   -9.0   -9.0   -9.0   -9.0   -9.0   -9.0 -9 -9 -                        0   0   -9 -         -9  -9  -9  1102 -9.0 -9.00 -9   1.5   5.2   4.9   4.9   4.1  -9 -9.0 -9  3 -9
202503082300 108  27  0.7  -9 -9.0   -9 1016.9 1027.7 -9  -9.0   4.0   0.6  79.0   6.4   -9.0   -9.0   -9.0   -9.0   -9.0   -9.0   -9.0 -9 -9 -                        0   0   -9 -         -9  -9  -9  1039 -9.0 -9.00 -9   0.9   4.8   4.5   4.9   4.2  -9 -9.0 -9  3 -9
202503090000 108  32  0.6  -9 -9.0   -9 1017.3 1028.0  2   0.9   3.7   0.9  82.0   6.5   -9.0   -9.0   -9.0   -9.0   -9.0   -9.0   -9.0 10  0 19                       0   0   -9 -         -9  -9  -9   929 -9.0 -9.00 -9   0.4   4.4   4.1   4.8   4.2  -9 -9.0 -9  3  1
202503090100 108  29  1.2  -9 -9.0   -9 1017.9 1028.7 -9  -9.0   3.2   0.5  83.0   6.3   -9.0   -9.0   -9.0   -9.0   -9.0   -9.0   -9.0 -9 -9 19                       0   0   -9 -         -9  -9  -9   854 -9.0 -9.00 -9   0.3   4.0   3.8   4.7   4.2  -9 -9.0 -9  3  2
202503090200 108  32  0.9  -9 -9.0   -9 1017.9 1028.7 -9  -9.0   2.9   0.7  86.0   6.4   -9.0   -9.0   -9.0   -9.0   -9.0   -9.0   -9.0 -9 -9 19                       0   0   -9 -         -9  -9  -9   707 -9.0 -9.00 -9   0.3   3.7   3.4   4.5   4.2  -9 -9.0 -9  3  2
202503090300 108  32  1.0  -9 -9.0   -9 1017.9 1028.7  1   0.7   2.6   0.6  87.0   6.4   -9.0   -9.0   -9.0   -9.0   -9.0   -9.0   -9.0 10  0 19                       0   0   -9 -         -9  -9  -9   644 -9.0 -9.00 -9   0.2   3.4   3.2   4.4   4.2  -9 -9.0 -9  3  1
202503090400 108  29  1.2  -9 -9.0   -9 1017.9 1028.7 -9  -9.0   2.4   0.7  89.0   6.4   -9.0   -9.0   -9.0   -9.0   -9.0   -9.0   -9.0 10  0 19                       0   0   -9 -         -9  -9  -9   534 -9.0 -9.00 -9   0.0   3.1   2.9   4.2   4.1  -9 -9.0 -9  3  1
202503090500 108   2  1.2  -9 -9.0   -9 1018.1 1028.9 -9  -9.0   2.1   0.3  88.0   6.2   -9.0   -9.0   -9.0   -9.0   -9.0   -9.0   -9.0 10  0 19                       0   0   -9 -         -9  -9  -9   608 -9.0 -9.00 -9  -0.1   2.9   2.7   4.1   4.1  -9 -9.0 -9  3  1
202503090600 108   2  1.4  -9 -9.0   -9 1018.7 1029.6  2   0.9   1.7   0.0  89.0   6.1   -9.0   -9.0   -9.0   -9.0   -9.0   -9.0   -9.0 10  0 19                       0   0   -9 -         -9  -9  -9   635 -9.0 -9.00 -9  -0.3   2.7   2.5   3.9   4.0  -9 -9.0 -9  3  1
202503090700 108   7  0.8  -9 -9.0   -9 1019.3 1030.2 -9  -9.0   1.3  -0.6  87.0   5.8   -9.0   -9.0   -9.0   -9.0   -9.0   -9.0   -9.0 10  0 19                       0   0   -9 -         -9  -9  -9   685  0.0  0.00 -9  -0.5   2.5   2.3   3.8   3.9  -9 -9.0 -9  3  1
202503090800 108   5  1.6  -9 -9.0   -9 1019.7 1030.6 -9  -9.0   1.4  -0.3  88.0   6.0   -9.0   -9.0   -9.0   -9.0   -9.0   -9.0   -9.0 10  0 19                       0   0   -9 -         -9  -9  -9   670  0.2  0.20 -9  -0.3   2.3   2.1   3.6   3.8  -9 -9.0 -9  3  1
202503090900 108   5  1.3  -9 -9.0   -9 1020.3 1031.1  2   1.5   3.7   0.9  82.0   6.5   -9.0   -9.0   -9.0   -9.0   -9.0   -9.0   -9.0 10  0 19                       0   0   -9 -         -9  -9  -9   748  1.0  0.83 -9   0.1   2.4   2.1   3.5   3.8  -9 -9.0 -9  3  1
202503091000 108  11  1.1  -9 -9.0   -9 1020.5 1031.2 -9  -9.0   6.4   1.9  73.0   7.0   -9.0   -9.0   -9.0   -9.0   -9.0   -9.0   -9.0 10  0 19                       0   0   -9 -         -9  -9  -9   700  1.0  1.57 -9  10.9   3.0   2.3   3.3   3.7  -9 -9.0 -9  3  1
202503091100 108   5  1.5  -9 -9.0   -9 1020.6 1031.2 -9  -9.0   8.2   0.6  59.0   6.4   -9.0   -9.0   -9.0   -9.0   -9.0   -9.0   -9.0  5  0 4019                     0   0   -9 -         -9  -9  -9   910  1.0  2.17 -9  16.1   4.1   3.0   3.3   3.6  -9 -9.0 -9  3  1
202503091200 108  16  2.2  -9 -9.0   -9 1020.0 1030.5  8  -0.6  10.5   1.0  52.0   6.6   -9.0   -9.0   -9.0   -9.0   -9.0   -9.0   -9.0  5  0 40                       1   1   12 Sc         0   0   5   879  1.0  2.59 -9  19.4   5.3   4.0   3.3   3.5  -9 -9.0 -9  3  1
202503091300 108  16  2.3  -9 -9.0   -9 1019.5 1030.0 -9  -9.0  12.1   1.6  49.0   6.9   -9.0   -9.0   -9.0   -9.0   -9.0   -9.0   -9.0  5  0 40                       0   0   -9 -         -9  -9  -9   922  1.0  2.81 -9  21.8   6.6   5.2   3.4   3.5  -9 -9.0 -9  3  1
202503091400 108  23  2.4  -9 -9.0   -9 1018.5 1028.9 -9  -9.0  12.8  -0.1  41.0   6.1   -9.0   -9.0   -9.0   -9.0   -9.0   -9.0   -9.0 -9 -9 40                       0   0   -9 -         -9  -9  -9  1197  1.0  2.75 -9  22.1   7.8   6.4   3.6   3.4  -9 -9.0 -9  3  2
202503091500 108  27  2.9  -9 -9.0   -9 1017.9 1028.3  7  -2.2  13.4  -1.0  37.0   5.7   -9.0   -9.0   -9.0   -9.0   -9.0   -9.0   -9.0 -9 -9 -                        0   0   -9 -         -9  -9  -9  1470  1.0  2.53 -9  21.1   8.6   7.3   3.9   3.4  -9 -9.0 -9  3  2
202503091600 108  23  3.2  -9 -9.0   -9 1017.3 1027.7 -9  -9.0  13.2  -1.9  35.0   5.3   -9.0   -9.0   -9.0   -9.0   -9.0   -9.0   -9.0 -9 -9 -                        0   0   -9 -         -9  -9  -9  1800  1.0  1.99 -9  17.8   9.0   7.8   4.2   3.5  -9 -9.0 -9  3  2
202503091700 108  25  2.3  -9 -9.0   -9 1017.1 1027.5 -9  -9.0  13.3  -1.4  36.0   5.5   -9.0   -9.0   -9.0   -9.0   -9.0   -9.0   -9.0 -9 -9 -                        0   0   -9 -         -9  -9  -9  1932  1.0  1.33 -9  13.4   9.0   8.1   4.6   3.7  -9 -9.0 -9  3  2
202503091800 108  25  2.7  -9 -9.0   -9 1017.0 1027.5  6  -0.8  11.4   1.3  50.0   6.7   -9.0   -9.0   -9.0   -9.0   -9.0   -9.0   -9.0  5  0 40                       0   0   -9 -         -9  -9  -9   982  1.0  0.54 -9   9.0   8.8   8.0   5.0   3.8  -9 -9.0 -9  3  1
202503091900 108  27  2.4  -9 -9.0   -9 1017.3 1027.8 -9  -9.0   9.5   2.1  60.0   7.1   -9.0   -9.0   -9.0   -9.0   -9.0   -9.0   -9.0 -9 -9 40                       0   0   -9 -         -9  -9  -9   840  0.2  0.06 -9   6.3   8.2   7.6   5.3   4.0  -9 -9.0 -9  3  2
202503092000 108  27  3.0  -9 -9.0   -9 1018.0 1028.6 -9  -9.0   7.8   1.4  64.0   6.8   -9.0   -9.0   -9.0   -9.0   -9.0   -9.0   -9.0 -9 -9 40                       0   0   -9 -         -9  -9  -9   751 -9.0 -9.00 -9   4.8   7.6   7.1   5.5   4.3  -9 -9.0 -9  3  2
202503092100 108  20  1.6  -9 -9.0   -9 1018.1 1028.7  2   1.2   7.1   1.1  66.0   6.6   -9.0   -9.0   -9.0   -9.0   -9.0   -9.0   -9.0  5  0 40                       0   0   -9 -         -9  -9  -9   661 -9.0 -9.00 -9   3.8   7.0   6.5   5.6   4.4  -9 -9.0 -9  3  1
202503092200 108  25  1.3  -9 -9.0   -9 1018.2 1028.9 -9  -9.0   6.2   1.1  70.0   6.6   -9.0   -9.0   -9.0   -9.0   -9.0   -9.0   -9.0 -9 -9 40                       0   0   -9 -         -9  -9  -9   606 -9.0 -9.00 -9   2.8   6.4   6.0   5.6   4.5  -9 -9.0 -9  3  2
202503092300 108  27  1.3  -9 -9.0   -9 1018.2 1028.9 -9  -9.0   5.6   0.9  72.0   6.5   -9.0   -9.0   -9.0   -9.0   -9.0   -9.0   -9.0 -9 -9 40                       0   0   -9 -         -9  -9  -9   564 -9.0 -9.00 -9   2.3   5.9   5.6   5.6   4.6  -9 -9.0 -9  3  2
202503100000 108  29  0.6  -9 -9.0   -9 1017.8 1028.5  8  -0.2   5.0   0.9  75.0   6.5   -9.0   -9.0   -9.0   -9.0   -9.0   -9.0   -9.0  5  0 40                       0   0   -9 -         -9  -9  -9   555 -9.0 -9.00 -9   1.5   5.5   5.2   5.6   4.8  -9 -9.0 -9  3  1
202503100100 108  29  1.4  -9 -9.0   -9 1018.1 1028.8 -9  -9.0   4.6   0.9  77.0   6.5   -9.0   -9.0   -9.0   -9.0   -9.0   -9.0   -9.0 -9 -9 40                       2   0   -9 -         -9  -9  -9   529 -9.0 -9.00 -9   0.9   5.0   4.8   5.5   4.8  -9 -9.0 -9  3  2
202503100200 108  27  2.2  -9 -9.0   -9 1017.9 1028.7 -9  -9.0   4.0   0.1  76.0   6.2   -9.0   -9.0   -9.0   -9.0   -9.0   -9.0   -9.0 -9 -9 40                       0   0   -9 -         -9  -9  -9   519 -9.0 -9.00 -9   0.6   4.6   4.4   5.3   4.8  -9 -9.0 -9  3  2
202503100300 108  27  1.2  -9 -9.0   -9 1017.5 1028.3  8  -0.2   3.6  -0.2  76.0   6.0   -9.0   -9.0   -9.0   -9.0   -9.0   -9.0   -9.0  5  0 40                       0   0   -9 -         -9  -9  -9   536 -9.0 -9.00 -9   0.6   4.3   4.1   5.2   4.8  -9 -9.0 -9  3  1
202503100400 108   2  1.6  -9 -9.0   -9 1017.1 1027.9 -9  -9.0   3.2  -0.2  78.0   6.0   -9.0   -9.0   -9.0   -9.0   -9.0   -9.0   -9.0  5  0 40                       4   0   -9 Ci         1   0   0   496 -9.0 -9.00 -9   0.5   4.0   3.8   5.0   4.8  -9 -9.0 -9  3  1
202503100500 108   5  2.1  -9 -9.0   -9 1017.0 1027.8 -9  -9.0   2.7  -0.2  81.0   6.0   -9.0   -9.0   -9.0   -9.0   -9.0   -9.0   -9.0 10  0 4019                     2   0   -9 Ci         1   0   0   441 -9.0 -9.00 -9   0.4   3.7   3.5   4.9   4.7  -9 -9.0 -9  3  1
202503100600 108   5  1.4  -9 -9.0   -9 1016.8 1027.6  7  -0.7   2.4  -0.1  83.0   6.1   -9.0   -9.0   -9.0   -9.0   -9.0   -9.0   -9.0 10  0 19                       5   0   -9 Ci         1   0   0   440 -9.0 -9.00 -9   0.3   3.5   3.3   4.7   4.7  -9 -9.0 -9  3  1
202503100700 108   2  2.2  -9 -9.0   -9 1017.2 1028.0 -9  -9.0   2.4  -0.1  83.0   6.1   -9.0   -9.0   -9.0   -9.0   -9.0   -9.0   -9.0 10  0 19                       0   0   -9 -         -9  -9  -9   392  0.0  0.00 -9   0.1   3.3   3.1   4.6   4.6  -9 -9.0 -9  3  1
202503100800 108   5  2.0  -9 -9.0   -9 1017.4 1028.2 -9  -9.0   2.8   0.3  84.0   6.2   -9.0   -9.0   -9.0   -9.0   -9.0   -9.0   -9.0 10  0 19                       2   0   -9 Ci         1   0   0   411  0.3  0.21 -9   0.1   3.1   2.9   4.4   4.6  -9 -9.0 -9  3  1
202503100900 108   5  2.3  -9 -9.0   -9 1017.3 1028.0  0   0.4   5.3   1.5  77.0   6.8   -9.0   -9.0   -9.0   -9.0   -9.0   -9.0   -9.0 10  0 19                       1   0   -9 Ci         1   0   0   453  1.0  0.77 -9   4.4   3.2   2.9   4.2   4.4  -9 -9.0 -9  3  1
202503101000 108   5  2.3  -9 -9.0   -9 1016.9 1027.5 -9  -9.0   8.2   1.7  64.0   6.9   -9.0   -9.0   -9.0   -9.0   -9.0   -9.0   -9.0  5  0 4019                     0   0   -9 -         -9  -9  -9   527  1.0  1.61 -9  12.2   4.0   3.1   3.7   4.0  -9 -9.0 -9  3  1
202503101100 108   9  1.2  -9 -9.0   -9 1016.5 1027.0 -9  -9.0  10.8   1.3  52.0   6.7   -9.0   -9.0   -9.0   -9.0   -9.0   -9.0   -9.0  5  0 40                       0   0   -9 -         -9  -9  -9   602  1.0  2.23 -9  17.4   5.1   4.0   4.0   4.3  -9 -9.0 -9  3  1
202503101200 108  14  2.2  -9 -9.0   -9 1015.8 1026.2  7  -1.8  12.9   1.5  46.0   6.8   -9.0   -9.0   -9.0   -9.0   -9.0   -9.0   -9.0  5  0 40                       0   0   -9 -         -9  -9  -9   703  1.0  2.61 -9  20.5   6.4   5.1   4.0   4.2  -9 -9.0 -9  3  1
202503101300 108  25  2.4  -9 -9.0   -9 1014.7 1025.0 -9  -9.0  13.8   1.0  42.0   6.6   -9.0   -9.0   -9.0   -9.0   -9.0   -9.0   -9.0  5  0 40                       0   0   -9 -         -9  -9  -9   737  1.0  2.77 -9  22.0   7.7   6.3   4.1   4.1  -9 -9.0 -9  3  1
202503101400 108  20  4.6  -9 -9.0   -9 1014.0 1024.3 -9  -9.0  14.3  -1.7  33.0   5.4   -9.0   -9.0   -9.0   -9.0   -9.0   -9.0   -9.0 -9 -9 40                       0   0   -9 -         -9  -9  -9  1073  1.0  2.71 -9  20.9   8.8   7.3   4.3   4.0  -9 -9.0 -9  3  2
202503101500 108  20  4.0  -9 -9.0   -9 1013.4 1023.7  7  -2.5  14.8  -1.3  33.0   5.6   -9.0   -9.0   -9.0   -9.0   -9.0   -9.0   -9.0 -9 -9 -                        0   0   -9 -         -9  -9  -9  1211  1.0  2.53 -9  20.5   9.5   8.1   4.6   4.1  -9 -9.0 -9  3  2
202503101600 108  23  3.3  -9 -9.0   -9 1012.8 1023.1 -9  -9.0  14.1  -1.5  34.0   5.5   -9.0   -9.0   -9.0   -9.0   -9.0   -9.0   -9.0 -9 -9 -                        0   0   -9 -         -9  -9  -9  1170  1.0  1.93 -9  17.3   9.8   8.6   5.0   4.2  -9 -9.0 -9  3  2
202503101700 108  25  4.0  -9 -9.0   -9 1012.5 1022.8 -9  -9.0  13.2  -1.9  35.0   5.3   -9.0   -9.0   -9.0   -9.0   -9.0   -9.0   -9.0 -9 -9 -                        0   0   -9 -         -9  -9  -9  1245  1.0  1.29 -9  13.1   9.8   8.8   5.4   4.3  -9 -9.0 -9  3  2
202503101800 108  25  3.2  -9 -9.0   -9 1012.5 1022.9  5  -0.8  11.9  -2.3  37.0   5.2   -9.0   -9.0   -9.0   -9.0   -9.0   -9.0   -9.0 -9 -9 -                        0   0   -9 -         -9  -9  -9  1282  1.0  0.55 -9   9.0   9.4   8.6   5.7   4.5  -9 -9.0 -9  3  2
202503101900 108  27  3.7  -9 -9.0   -9 1012.5 1023.0 -9  -9.0  10.1  -1.0  46.0   5.7   -9.0   -9.0   -9.0   -9.0   -9.0   -9.0   -9.0 -9 -9 -                        0   0   -9 -         -9  -9  -9  1050  0.2  0.06 -9   6.4   8.8   8.2   6.0   4.7  -9 -9.0 -9  3 -9
202503102000 108  29  1.8  -9 -9.0   -9 1012.9 1023.4 -9  -9.0   8.7   0.3  56.0   6.2   -9.0   -9.0   -9.0   -9.0   -9.0   -9.0   -9.0 -9 -9 40                       0   0   -9 -         -9  -9  -9   717 -9.0 -9.00 -9   4.9   8.1   7.6   6.2   4.9  -9 -9.0 -9  3  2
202503102100 108  27  2.5  -9 -9.0   -9 1013.0 1023.6  2   0.7   7.6   0.3  60.0   6.2   -9.0   -9.0   -9.0   -9.0   -9.0   -9.0   -9.0  5  0 40                       0   0   -9 -         -9  -9  -9   701 -9.0 -9.00 -9   4.0   7.4   7.0   6.3   5.0  -9 -9.0 -9  3  1
202503102200 108  32  0.5  -9 -9.0   -9 1012.9 1023.5 -9  -9.0   6.9  -0.1  61.0   6.1   -9.0   -9.0   -9.0   -9.0   -9.0   -9.0   -9.0 -9 -9 40                       0   0   -9 -         -9  -9  -9   712 -9.0 -9.00 -9   3.1   6.9   6.5   6.3   5.2  -9 -9.0 -9  3  2
202503102300 108   0  0.3  -9 -9.0   -9 1012.6 1023.2 -9  -9.0   5.9  -0.8  62.0   5.8   -9.0   -9.0   -9.0   -9.0   -9.0   -9.0   -9.0 -9 -9 40                       0   0   -9 -         -9  -9  -9   790 -9.0 -9.00 -9   2.0   6.4   6.0   6.2   5.3  -9 -9.0 -9  3  2
202503110000 108   0  0.3  -9 -9.0   -9 1012.5 1023.1  7  -0.5   5.4  -0.4  66.0   5.9   -9.0   -9.0   -9.0   -9.0   -9.0   -9.0   -9.0  5  0 40                       0   0   -9 -         -9  -9  -9   788 -9.0 -9.00 -9   1.5   5.8   5.6   6.1   5.3  -9 -9.0 -9  3  1
202503110100 108  36  1.1  -9 -9.0   -9 1012.2 1022.9 -9  -9.0   4.9  -0.3  69.0   6.0   -9.0   -9.0   -9.0   -9.0   -9.0   -9.0   -9.0 -9 -9 40                       0   0   -9 -         -9  -9  -9   701 -9.0 -9.00 -9   1.2   5.5   5.2   6.0   5.4  -9 -9.0 -9  3  2
202503110200 108  29  0.5  -9 -9.0   -9 1012.3 1023.0 -9  -9.0   4.6  -0.2  71.0   6.0   -9.0   -9.0   -9.0   -9.0   -9.0   -9.0   -9.0 -9 -9 40                       0   0   -9 -         -9  -9  -9   673 -9.0 -9.00 -9   0.7   5.0   4.8   5.8   5.4  -9 -9.0 -9  3  2
202503110300 108   5  0.5  -9 -9.0   -9 1011.9 1022.6  7  -0.5   4.1  -0.3  73.0   6.0   -9.0   -9.0   -9.0   -9.0   -9.0   -9.0   -9.0  5  0 40                       0   0   -9 -         -9  -9  -9   594 -9.0 -9.00 -9   0.4   4.7   4.5   5.7   5.3  -9 -9.0 -9  3  1
202503110400 108   5  1.4  -9 -9.0   -9 1011.8 1022.5 -9  -9.0   3.8  -0.6  73.0   5.8   -9.0   -9.0   -9.0   -9.0   -9.0   -9.0   -9.0  5 22 40                       6   0   -9 Ci         1   0   0   524 -9.0 -9.00 -9   0.7   4.4   4.2   5.5   5.3  -9 -9.0 -9  3  1
202503110500 108  34  0.9  -9 -9.0   -9 1012.0 1022.7 -9  -9.0   3.5  -0.7  74.0   5.8   -9.0   -9.0   -9.0   -9.0   -9.0   -9.0   -9.0  5 22 40                       7   0   -9 Ci         1   0   0   496 -9.0 -9.00 -9   0.6   4.1   3.9   5.4   5.3  -9 -9.0 -9  3  1
202503110600 108  34  0.9  -9 -9.0   -9 1012.3 1023.0  3   0.4   3.4  -0.6  75.0   5.8   -9.0   -9.0   -9.0   -9.0   -9.0   -9.0   -9.0  5 22 40                       7   0   -9 Ci         1   0   0   467 -9.0 -9.00 -9   0.5   3.9   3.7   5.2   5.2  -9 -9.0 -9  3  1
202503110700 108   5  1.4  -9 -9.0   -9 1011.9 1022.6 -9  -9.0   2.9  -0.7  77.0   5.8   -9.0   -9.0   -9.0   -9.0   -9.0   -9.0   -9.0  5 22 40                       7   0   -9 Ci         1   0   0   414  0.0  0.00 -9   0.4   3.7   3.5   5.0   5.1  -9 -9.0 -9  3  1
202503110800 108   5  2.0  -9 -9.0   -9 1011.8 1022.5 -9  -9.0   3.8  -0.2  75.0   6.0   -9.0   -9.0   -9.0   -9.0   -9.0   -9.0   -9.0  5 22 40                       7   0   -9 Ci         1   0   0   495  0.2  0.24 -9   0.7   3.6   3.3   4.9   5.0  -9 -9.0 -9  3  1
202503110900 108   7  1.4  -9 -9.0   -9 1012.0 1022.6  5  -0.4   6.3   0.1  65.0   6.2   -9.0   -9.0   -9.0   -9.0   -9.0   -9.0   -9.0  5 11 40                       0   0   -9 -         -9  -9  -9   509  1.0  0.87 -9   6.6   3.7   3.4   4.7   4.9  -9 -9.0 -9  3  1
202503111000 108   5  1.3  -9 -9.0   -9 1011.7 1022.2 -9  -9.0   8.8   0.9  58.0   6.5   -9.0   -9.0   -9.0   -9.0   -9.0   -9.0   -9.0  5  0 40                       0   0   -9 -         -9  -9  -9   513  1.0  1.69 -9  13.2   4.6   3.8   4.5   4.8  -9 -9.0 -9  3  1
202503111100 108   9  1.2  -9 -9.0   -9 1011.4 1021.8 -9  -9.0  11.2   0.5  48.0   6.3   -9.0   -9.0   -9.0   -9.0   -9.0   -9.0   -9.0  5  0 40                       0   0   -9 -         -9  -9  -9   855  1.0  2.28 -9  17.8   5.8   4.5   4.5   4.7  -9 -9.0 -9  3  1
202503111200 108  23  2.1  -9 -9.0   -9 1010.4 1020.7  7  -1.9  13.4   1.6  45.0   6.9   -9.0   -9.0   -9.0   -9.0   -9.0   -9.0   -9.0 -9 -9 40                       0   0   -9 -         -9  -9  -9  2190  1.0  2.73 -9  21.8   7.0   5.6   4.5   4.6  -9 -9.0 -9  3  2
202503111300 108  18  2.6  -9 -9.0   -9 1009.0 1019.3 -9  -9.0  14.6   1.8  42.0   7.0   -9.0   -9.0   -9.0   -9.0   -9.0   -9.0   -9.0 -9 -9 -                        0   0   -9 -         -9  -9  -9  1111  1.0  2.91 -9  23.3   8.3   6.8   4.6   4.5  -9 -9.0 -9  3  2
202503111400 108  18  2.4  -9 -9.0   -9 1008.5 1018.7 -9  -9.0  15.6   2.0  40.0   7.1   -9.0   -9.0   -9.0   -9.0   -9.0   -9.0   -9.0 -9 -9 -                        0   0   -9 -         -9  -9  -9  1152  1.0  2.80 -9  23.8   9.5   8.0   4.8   4.5  -9 -9.0 -9  3  2
202503111500 108  18  2.8  -9 -9.0   -9 1007.7 1017.9  7  -2.8  16.4   1.2  36.0   6.7   -9.0   -9.0   -9.0   -9.0   -9.0   -9.0   -9.0 -9 -9 -                        0   0   -9 -         -9  -9  -9  1402  1.0  2.50 -9  22.7  10.3   8.9   5.1   4.5  -9 -9.0 -9  3  2
202503111600 108  27  2.6  -9 -9.0   -9 1006.8 1017.0 -9  -9.0  16.2   1.0  36.0   6.6   -9.0   -9.0   -9.0   -9.0   -9.0   -9.0   -9.0 -9 -9 -                        0   0   -9 -         -9  -9  -9  1333  1.0  1.98 -9  19.8  10.8   9.5   5.5   4.6  -9 -9.0 -9  3  2
202503111700 108  29  2.6  -9 -9.0   -9 1006.2 1016.4 -9  -9.0  15.4   0.3  36.0   6.2   -9.0   -9.0   -9.0   -9.0   -9.0   -9.0   -9.0 -9 -9 -                        0   0   -9 -         -9  -9  -9  1576  1.0  1.31 -9  15.1  10.8   9.7   5.9   4.8  -9 -9.0 -9  3  2
202503111800 108  27  2.6  -9 -9.0   -9 1006.7 1017.0  5  -0.9  13.9   2.7  47.0   7.4   -9.0   -9.0   -9.0   -9.0   -9.0   -9.0   -9.0 -9 -9 -                        1   0   -9 Ci         1   0   0  1051  1.0  0.53 -9  11.0  10.5   9.6   6.3   5.0  -9 -9.0 -9  3  2
202503111900 108  27  4.0  -9 -9.0   -9 1008.4 1018.7 -9  -9.0  12.0   2.9  54.0   7.5   -9.0   -9.0   -9.0   -9.0   -9.0   -9.0   -9.0 -9 -9 -                        0   0   -9 -         -9  -9  -9  1478  0.0  0.05 -9   8.3   9.9   9.2   6.6   5.2  -9 -9.0 -9  3 -9
202503112000 108  27  2.1  -9 -9.0   -9 1008.9 1019.3 -9  -9.0  10.6   2.1  56.0   7.1   -9.0   -9.0   -9.0   -9.0   -9.0   -9.0   -9.0 -9 -9 -                        5   2   -9 -         -9  -9  -9  1408 -9.0 -9.00 -9   6.9   9.2   8.7   6.9   5.4  -9 -9.0 -9  3 -9
202503112100 108  18  1.4  -9 -9.0   -9 1008.7 1019.1  0   2.1   9.6   1.9  59.0   7.0   -9.0   -9.0   -9.0   -9.0   -9.0   -9.0   -9.0 -9 -9 -                        8   0   -9 Ci         1   0   0  1417 -9.0 -9.00 -9   5.9   8.6   8.1   7.0   5.6  -9 -9.0 -9  3  2
202503112200 108  27  0.9  -9 -9.0   -9 1008.0 1018.5 -9  -9.0   9.1   1.7  60.0   6.9   -9.0   -9.0   -9.0   -9.0   -9.0   -9.0   -9.0 -9 -9 -                        8   8   60 -         -9  -9  -9  1631 -9.0 -9.00 -9   5.6   8.1   7.6   7.0   5.7  -9 -9.0 -9  3 -9
202503112300 108  27  1.7  -9 -9.0   -9 1007.6 1018.1 -9  -9.0   8.9   2.2  63.0   7.2   -9.0   -9.0   -9.0   -9.0   -9.0   -9.0   -9.0 -9 -9 -                        8   8   46 -         -9  -9  -9  1665 -9.0 -9.00 -9   5.2   7.6   7.3   7.0   5.9  -9 -9.0 -9  3 -9
202503120000 108  25  0.7  -9 -9.0   -9 1006.9 1017.4  7  -1.7   8.1   1.6  64.0   6.9   -9.0   -9.0   -9.0   -9.0   -9.0   -9.0   -9.0 -9 -9 -                        5   0   -9 Ci         1   0   0  1623 -9.0 -9.00 -9   4.0   7.3   6.9   6.9   5.9  -9 -9.0 -9  3  2
202503120100 108   2  0.7  -9 -9.0   -9 1005.8 1016.3 -9  -9.0   7.7   2.3  69.0   7.2   -9.0   -9.0   -9.0   -9.0   -9.0   -9.0   -9.0 -9 -9 -                       10  10   49 -         -9  -9  -9  1409 -9.0 -9.00 -9   4.3   6.9   6.6   6.8   6.0  -9 -9.0 -9  3 -9
202503120200 108  27  1.5  -9 -9.0   -9 1005.5 1016.0 -9  -9.0   7.6   2.4  70.0   7.3   -9.0   -9.0   -9.0   -9.0   -9.0   -9.0   -9.0 -9 -9 -                        9   9   53 -         -9  -9  -9  1336 -9.0 -9.00 -9   4.0   6.6   6.3   6.7   6.0  -9 -9.0 -9  3 -9
202503120300 108  27  2.4  -9 -9.0   -9 1005.3 1015.8  7  -1.6   7.1   1.9  70.0   7.0   -9.0   -9.0   -9.0   -9.0   -9.0   -9.0   -9.0 -9 -9 -                        9   0   -9 Ci         2   0   0  1150 -9.0 -9.00 -9   4.0   6.4   6.0   6.6   6.0  -9 -9.0 -9  3  2
202503120400 108  29  2.1  -9 -9.0   -9 1005.7 1016.2 -9  -9.0   7.0   1.6  69.0   6.9   -9.0   -9.0   -9.0   -9.0   -9.0   -9.0   -9.0 -9 -9 -                        8   0   -9 Ci         2   0   0  1392 -9.0 -9.00 -9   3.8   6.2   5.8   6.5   6.0  -9 -9.0 -9  3  2
202503120500 108  25  2.0  -9 -9.0   -9 1005.5 1016.0 -9  -9.0   6.9   1.5  69.0   6.8   -9.0   -9.0   -9.0   -9.0   -9.0   -9.0   -9.0 -9 -9 -                        8   0   -9 Ci         2   0   0  1804 -9.0 -9.00 -9   3.8   6.0   5.7   6.4   6.0  -9 -9.0 -9  3  2
202503120600 108   9  1.0  -9 -9.0   -9 1005.1 1015.6  8  -0.2   6.7   1.4  69.0   6.8   -9.0   -9.0   -9.0   -9.0   -9.0   -9.0   -9.0 -9 -9 -                        9   0   -9 Ci         2   0   0  1825 -9.0 -9.00 -9   4.0   5.9   5.5   6.2   5.9  -9 -9.0 -9  3  2
202503120700 108   2  1.0  -9 -9.0   -9 1005.5 1016.0 -9  -9.0   7.0   1.8  70.0   7.0   -9.0   -9.0   -9.0   -9.0   -9.0   -9.0   -9.0 -9 -9 -                        9   9   33 Ac         0   3   0  1135  0.0  0.00 -9   4.6   5.8   5.4   6.1   5.9  -9 -9.0 -9  3  2
202503120800 108   0  0.1  -9 -9.0   -9 1005.6 1016.1 -9  -9.0   7.4   2.2  70.0   7.2   -9.0   -9.0   -9.0   -9.0   -9.0   -9.0   -9.0 -9 -9 -                        9   9   30 Ac         0   3   0  1084  0.0  0.08 -9   5.6   5.8   5.4   6.0   5.8  -9 -9.0 -9  3  2
202503120900 108  20  1.4  -9 -9.0   -9 1005.5 1015.9  0   0.3   8.6   2.5  66.0   7.3   -9.0   -9.0   -9.0   -9.0   -9.0   -9.0   -9.0 -9 -9 -                        9   9   13 Sc         0   0   5  1346  0.0  0.36 -9   7.9   6.1   5.5   5.9   5.7  -9 -9.0 -9  3  2
202503121000 108  20  2.8  -9 -9.0   -9 1005.7 1016.1 -9  -9.0   9.5   2.5  62.0   7.3   -9.0   -9.0   -9.0   -9.0   -9.0   -9.0   -9.0 -9 -9 -                        9   9   11 Sc         0   0   5  1358  0.0  0.58 -9   9.3   6.6   5.9   5.8   5.7  -9 -9.0 -9  3  2
202503121100 108  25  3.1  -9 -9.0   -9 1005.7 1016.1 -9  -9.0  10.5   2.0  56.0   7.1   -9.0   -9.0   -9.0   -9.0   -9.0   -9.0   -9.0 -9 -9 -                        9   9   10 Sc         0   0   5  1116  0.0  0.89 -9  11.5   7.2   6.4   5.7   5.6  -9 -9.0 -9  3  2
202503121200 108  20  3.3  -9 -9.0   -9 1005.1 1015.4  8  -0.5  11.4   1.8  52.0   7.0   -9.0   -9.0   -9.0   -9.0   -9.0   -9.0   -9.0 -9 -9 -                        8   8    7 Sc         0   0   5  1099  0.1  1.24 -9  13.7   7.9   6.8   5.3   5.1  -9 -9.0 -9  3  2
202503121300 108  20  2.5  -9 -9.0   -9 1004.7 1015.0 -9  -9.0  11.5   3.0  56.0   7.6   -9.0   -9.0   -9.0   -9.0   -9.0   -9.0   -9.0 -9 -9 -                        9   9    7 Sc         0   0   5  1138  0.0  0.70 -9  12.3   8.4   7.5   5.8   5.4  -9 -9.0 -9  3  2
202503121400 108  20  3.5  -9 -9.0   -9 1003.9 1014.2 -9  -9.0  11.6   2.8  55.0   7.5   -9.0   -9.0   -9.0   -9.0   -9.0   -9.0   -9.0 -9 -9 -                        9   9    6 Sc         0   0   5  1515  0.0  0.86 -9  12.2   8.8   7.9   5.9   5.4  -9 -9.0 -9  3  2
202503121500 108  25  2.7  -9 -9.0   -9 1004.0 1014.3  5  -1.1  11.0   3.2  59.0   7.7   -9.0   -9.0   -9.0   -9.0   -9.0   -9.0   -9.0 -9 -9 -                        9   9    6 Sc         0   0   5  1373  0.0  0.57 -9  10.9   8.9   8.1   6.1   5.5  -9 -9.0 -9  3  2
202503121600 108  23  3.2  -9 -9.0   -9 1004.0 1014.4 -9  -9.0  10.2   5.9  75.0   9.3   -9.0   -9.0   -9.0   -9.0   -9.0   -9.0   -9.0  5 22 40                      10  10    4 St        -9  -9   6   941  0.0  0.27 -9   9.7   8.9   8.2   6.3   5.6  -9 -9.0 -9  3  1
202503121700 108  25  3.1  -9 -9.0   -9 1004.8 1015.2 -9  -9.0   9.3   7.0  86.0  10.0   -9.0    0.0    0.0   -9.0   -9.0   -9.0   -9.0 50 52 401902                  10  10    2 St        -9  -9   7   384  0.0  0.07 -9   8.7   8.6   8.0   6.5   5.7  -9 -9.0 -9  4  1
202503121800 108  25  2.7  -9 -9.0   -9 1005.3 1015.7  2   1.4   8.7   6.8  88.0   9.9    0.0    0.0    0.0   -9.0   -9.0   -9.0   -9.0 20 52 1902                    10  10    2 St        -9  -9   6   738  0.0  0.05 -9   8.2   8.4   7.8   6.6   5.8  -9 -9.0 -9  4  1
202503121900 108  25  2.1  -9 -9.0   -9 1005.5 1016.0 -9  -9.0   8.4   6.6  89.0   9.7   -9.0    0.0    0.0   -9.0   -9.0   -9.0   -9.0 -9 -9 19                       8   8   -9 -         -9  -9  -9   490  0.0  0.01 -9   7.7   8.1   7.6   6.7   5.8  -9 -9.0 -9  3  2
202503122000 108  27  2.7  -9 -9.0   -9 1006.4 1016.9 -9  -9.0   8.1   6.2  88.0   9.5   -9.0    0.0    0.0   -9.0   -9.0   -9.0   -9.0 -9 -9 19                       6   6    1 -         -9  -9  -9   375 -9.0 -9.00 -9   7.4   7.9   7.4   6.7   5.9  -9 -9.0 -9  3  2
202503122100 108  27  1.6  -9 -9.0   -9 1006.6 1017.1  2   1.4   7.9   6.0  88.0   9.3   -9.0    0.0    0.0   -9.0   -9.0   -9.0   -9.0 10 52 19                       9   9    2 St         0   0   6   344 -9.0 -9.00 -9   7.2   7.8   7.3   6.7   6.0  -9 -9.0 -9  3  1
202503122200 108  27  1.8  -9 -9.0   -9 1007.4 1017.9 -9  -9.0   7.9   6.1  89.0   9.4   -9.0    0.0    0.0   -9.0   -9.0   -9.0   -9.0 -9 -9 19                       6   6    2 -         -9  -9  -9   278 -9.0 -9.00 -9   6.9   7.6   7.1   6.7   6.0  -9 -9.0 -9  3  2
202503122300 108  27  2.3  -9 -9.0   -9 1008.2 1018.7 -9  -9.0   7.6   5.5  87.0   9.0   -9.0    0.0    0.0   -9.0   -9.0   -9.0   -9.0 -9 -9 19                       6   6    2 -         -9  -9  -9   360 -9.0 -9.00 -9   6.5   7.5   7.0   6.7   6.0  -9 -9.0 -9  3  2
202503130000 108  27  2.0  -9 -9.0   -9 1008.7 1019.2  2   2.1   6.7   4.5  86.0   8.4   -9.0    0.0    0.0   -9.0   -9.0   -9.0   -9.0 10  0 19                       4   4   10 Sc         0   0   5   408 -9.0 -9.00 -9   4.8   7.2   6.8   6.7   6.1  -9 -9.0 -9  3  1
202503130100 108  27  1.8  -9 -9.0   -9 1008.9 1019.5 -9  -9.0   5.9   4.2  89.0   8.2   -9.0   -9.0   -9.0   -9.0   -9.0   -9.0   -9.0 -9 -9 19                       6   4   76 -         -9  -9  -9   398 -9.0 -9.00 -9   3.7   6.8   6.5   6.6   6.1  -9 -9.0 -9  3  2
202503130200 108  27  2.9  -9 -9.0   -9 1009.2 1019.8 -9  -9.0   5.5   4.2  92.0   8.2   -9.0   -9.0   -9.0   -9.0   -9.0   -9.0   -9.0 -9 -9 19                       6   6   73 -         -9  -9  -9   385 -9.0 -9.00 -9   3.4   6.4   6.1   6.5   6.1  -9 -9.0 -9  3  2
202503130300 108  20  0.5  -9 -9.0   -9 1009.5 1020.1  2   0.9   5.0   3.3  89.0   7.7   -9.0   -9.0   -9.0   -9.0   -9.0   -9.0   -9.0 10 11 19                       8   0   -9 Ci         1   0   0   401 -9.0 -9.00 -9   2.7   6.1   5.8   6.5   6.1  -9 -9.0 -9  3  1
202503130400 108  25  1.3  -9 -9.0   -9 1009.8 1020.5 -9  -9.0   4.4   3.2  92.0   7.7   -9.0   -9.0   -9.0   -9.0   -9.0   -9.0   -9.0 10 22 19                       6   0   -9 Ci         1   0   0   359 -9.0 -9.00 -9   2.0   5.8   5.5   6.4   6.1  -9 -9.0 -9  3  1
202503130500 108  25  1.6  -9 -9.0   -9 1010.1 1020.8 -9  -9.0   4.0   2.8  92.0   7.5   -9.0   -9.0   -9.0   -9.0   -9.0   -9.0   -9.0 10 22 19                       6   0   -9 Ci         1   0   0   324 -9.0 -9.00 -9   1.6   5.4   5.2   6.3   6.0  -9 -9.0 -9  3  1
202503130600 108  34  1.2  -9 -9.0   -9 1010.2 1020.9  2   0.8   3.4   2.2  92.0   7.2   -9.0   -9.0   -9.0   -9.0   -9.0   -9.0   -9.0 10  0 19                       0   0   -9 -         -9  -9  -9   486 -9.0 -9.00 -9   1.0   5.1   4.9   6.1   6.0  -9 -9.0 -9  3  1
202503130700 108  27  0.9  -9 -9.0   -9 1011.0 1021.7 -9  -9.0   3.3   2.2  93.0   7.2   -9.0   -9.0   -9.0   -9.0   -9.0   -9.0   -9.0 10 22 19                       5   0   -9 Ci         1   0   0   284  0.0  0.00 -9   0.8   4.8   4.6   6.0   6.0  -9 -9.0 -9  3  1
202503130800 108  27  1.2  -9 -9.0   -9 1011.5 1022.2 -9  -9.0   3.5   2.7  95.0   7.4   -9.0   -9.0   -9.0   -9.0   -9.0   -9.0   -9.0 10  0 19                       4   0   -9 Ci         1   0   0   356  0.4  0.25 -9   1.6   4.5   4.3   5.8   5.9  -9 -9.0 -9  3  1
202503130900 108  18  2.8  -9 -9.0   -9 1012.4 1023.0  2   2.1   5.7   4.6  93.0   8.5   -9.0   -9.0   -9.0   -9.0   -9.0   -9.0   -9.0 10  0 19                       5   0   -9 Ci         1   0   0   385  1.0  0.84 -9   7.7   4.7   4.3   5.6   5.8  -9 -9.0 -9  3  1
202503131000 108  25  2.0  -9 -9.0   -9 1012.9 1023.5 -9  -9.0   7.7   3.1  73.0   7.6   -9.0   -9.0   -9.0   -9.0   -9.0   -9.0   -9.0 10  0 19                       3   0   -9 Ci         1   0   0   630  1.0  1.64 -9  14.2   5.4   4.7   5.5   5.7  -9 -9.0 -9  3  1
202503131100 108  29  3.7  -9 -9.0   -9 1013.2 1023.7 -9  -9.0   9.4  -1.9  45.0   5.3   -9.0   -9.0   -9.0   -9.0   -9.0   -9.0   -9.0 -9 -9 19                       6   0   -9 Ci         1   0   0  1617  1.0  2.44 -9  18.5   6.6   5.4   5.4   5.6  -9 -9.0 -9  3  2
202503131200 108  29  4.0  -9 -9.0   -9 1012.9 1023.3  0   0.3  10.9  -4.3  34.0   4.4   -9.0   -9.0   -9.0   -9.0   -9.0   -9.0   -9.0 -9 -9 -                        7   0   -9 Ci         1   0   0  1466  1.0  2.52 -9  19.3   7.5   6.3   5.4   5.5  -9 -9.0 -9  3  2
202503131300 108  29  3.0  -9 -9.0   -9 1012.3 1022.7 -9  -9.0  12.5  -6.0  27.0   3.9   -9.0   -9.0   -9.0   -9.0   -9.0   -9.0   -9.0  6 22 42                       8   0   -9 Ci         1   0   0  1924  1.0  2.55 -9  21.2   8.5   7.2   5.5   5.5  -9 -9.0 -9  3  1
202503131400 108  27  3.0  -9 -9.0   -9 1011.3 1021.6 -9  -9.0  14.0  -5.7  25.0   4.0   -9.0   -9.0   -9.0   -9.0   -9.0   -9.0   -9.0  6 22 42                       7   0   -9 Ci         1   0   0  2296  1.0  2.83 -9  22.7   9.3   8.0   5.6   5.4  -9 -9.0 -9  3  1
202503131500 108  29  3.5  -9 -9.0   -9 1010.6 1020.9  7  -2.4  14.8  -6.1  23.0   3.9   -9.0   -9.0   -9.0   -9.0   -9.0   -9.0   -9.0  6 11 42                       8   0   -9 Ci         1   0   0  2610  1.0  2.24 -9  21.5   9.9   8.7   5.9   5.4  -9 -9.0 -9  3  1
202503131600 108  29  3.1  -9 -9.0   -9 1010.8 1021.1 -9  -9.0  14.6  -5.7  24.0   4.0   -9.0   -9.0   -9.0   -9.0   -9.0   -9.0   -9.0  6 22 42                       6   0   -9 Ci         1   0   0  2412  1.0  1.69 -9  18.2  10.3   9.1   6.2   5.5  -9 -9.0 -9  3  1
202503131700 108  27  2.4  -9 -9.0   -9 1009.9 1020.1 -9  -9.0  14.9  -5.5  24.0   4.1   -9.0   -9.0   -9.0   -9.0   -9.0   -9.0   -9.0  6  0 42                       0   0   -9 -         -9  -9  -9  2406  1.0  1.36 -9  14.3  10.3   9.3   6.5   5.6  -9 -9.0 -9  3  1
202503131800 108  27  3.2  -9 -9.0   -9 1010.2 1020.5  5  -0.4  13.9  -5.3  26.0   4.1   -9.0   -9.0   -9.0   -9.0   -9.0   -9.0   -9.0  6  0 42                       0   0   -9 -         -9  -9  -9  2621  1.0  0.50 -9   9.8  10.2   9.3   6.8   5.7  -9 -9.0 -9  3  1
202503131900 108  27  2.8  -9 -9.0   -9 1011.1 1021.5 -9  -9.0  11.8  -4.3  32.0   4.4   -9.0   -9.0   -9.0   -9.0   -9.0   -9.0   -9.0  6  0 42                       0   0   -9 -         -9  -9  -9  2451  0.1  0.07 -9   7.0   9.6   9.0   7.1   5.9  -9 -9.0 -9  3  1
202503132000 108  25  1.7  -9 -9.0   -9 1011.7 1022.1 -9  -9.0  10.4  -4.8  34.0   4.3   -9.0   -9.0   -9.0   -9.0   -9.0   -9.0   -9.0 -9 -9 42                       2   0   -9 -         -9  -9  -9  2343 -9.0 -9.00 -9   5.5   9.0   8.4   7.2   6.1  -9 -9.0 -9  3  2
202503132100 108  27  2.9  -9 -9.0   -9 1012.8 1023.3  2   2.8   9.5  -4.8  36.0   4.3   -9.0   -9.0   -9.0   -9.0   -9.0   -9.0   -9.0 -9 -9 -                        6   0   -9 Ci         1   0   0  2497 -9.0 -9.00 -9   4.9   8.3   7.9   7.3   6.2  -9 -9.0 -9  3  2
202503132200 108  29  2.7  -9 -9.0   -9 1013.5 1024.0 -9  -9.0   8.8  -4.4  39.0   4.4   -9.0   -9.0   -9.0   -9.0   -9.0   -9.0   -9.0 -9 -9 -                        7   7   64 -         -9  -9  -9  2472 -9.0 -9.00 -9   4.3   7.8   7.4   7.3   6.4  -9 -9.0 -9  3 -9
202503132300 108  27  2.4  -9 -9.0   -9 1014.1 1024.7 -9  -9.0   8.1  -3.7  43.0   4.6   -9.0   -9.0   -9.0   -9.0   -9.0   -9.0   -9.0 -9 -9 -                        6   6   64 -         -9  -9  -9  2345 -9.0 -9.00 -9   3.7   7.4   7.1   7.3   6.4  -9 -9.0 -9  3 -9
202503140000 108  25  1.9  -9 -9.0   -9 1014.2 1024.7  1   1.4   8.0  -3.5  44.0   4.7   -9.0   -9.0   -9.0   -9.0   -9.0   -9.0   -9.0 -9 -9 -                        8   0   -9 Ci         2   0   0  2346 -9.0 -9.00 -9   3.7   7.0   6.7   7.2   6.5  -9 -9.0 -9  3  2
202503140100 108  25  1.2  -9 -9.0   -9 1014.0 1024.6 -9  -9.0   7.5  -3.9  44.0   4.6   -9.0   -9.0   -9.0   -9.0   -9.0   -9.0   -9.0 -9 -9 -                        8   8   58 -         -9  -9  -9  2477 -9.0 -9.00 -9   3.4   6.7   6.4   7.1   6.5  -9 -9.0 -9  3 -9
202503140200 108  27  1.3  -9 -9.0   -9 1014.2 1024.8 -9  -9.0   7.0  -4.4  44.0   4.4   -9.0   -9.0   -9.0   -9.0   -9.0   -9.0   -9.0 -9 -9 -                        8   8   60 -         -9  -9  -9  2698 -9.0 -9.00 -9   2.7   6.4   6.1   6.9   6.5  -9 -9.0 -9  3 -9
202503140300 108  27  1.9  -9 -9.0   -9 1014.4 1025.0  3   0.3   6.1  -4.6  46.0   4.3   -9.0   -9.0   -9.0   -9.0   -9.0   -9.0   -9.0 -9 -9 -                        2   0   -9 Ci         1   0   0  2652 -9.0 -9.00 -9   1.9   6.1   5.8   6.8   6.5  -9 -9.0 -9  3  2
202503140400 108  23  1.5  -9 -9.0   -9 1014.7 1025.4 -9  -9.0   5.8  -5.5  44.0   4.1   -9.0   -9.0   -9.0   -9.0   -9.0   -9.0   -9.0 -9 -9 -                        0   0   -9 -         -9  -9  -9  3047 -9.0 -9.00 -9   1.4   5.7   5.5   6.6   6.4  -9 -9.0 -9  3  2
202503140500 108   0  0.3  -9 -9.0   -9 1014.7 1025.4 -9  -9.0   5.6  -4.5  48.0   4.4   -9.0   -9.0   -9.0   -9.0   -9.0   -9.0   -9.0 -9 -9 -                        0   0   -9 -         -9  -9  -9  2820 -9.0 -9.00 -9   1.1   5.4   5.1   6.5   6.4  -9 -9.0 -9  3  2
202503140600 108   9  0.9  -9 -9.0   -9 1015.2 1025.9  2   0.9   5.1  -5.5  46.0   4.1   -9.0   -9.0   -9.0   -9.0   -9.0   -9.0   -9.0 -9 -9 -                        0   0   -9 -         -9  -9  -9  2998 -9.0 -9.00 -9   0.7   5.1   4.9   6.3   6.3  -9 -9.0 -9  3  2
202503140700 108   0  0.2  -9 -9.0   -9 1015.6 1026.3 -9  -9.0   5.1  -4.2  51.0   4.5   -9.0   -9.0   -9.0   -9.0   -9.0   -9.0   -9.0 -9 -9 -                        0   0   -9 -         -9  -9  -9  2799  0.0  0.00 -9   0.5   4.8   4.6   6.2   6.2  -9 -9.0 -9  3  2
202503140800 108   2  1.3  -9 -9.0   -9 1015.9 1026.6 -9  -9.0   5.9  -5.1  45.0   4.2   -9.0   -9.0   -9.0   -9.0   -9.0   -9.0   -9.0 -9 -9 -                        0   0   -9 -         -9  -9  -9  2891  0.5  0.29 -9   2.2   4.6   4.4   6.0   6.1  -9 -9.0 -9  3  2
202503140900 108   9  1.3  -9 -9.0   -9 1015.9 1026.4  0   0.5   8.9  -5.3  36.0   4.1   -9.0   -9.0   -9.0   -9.0   -9.0   -9.0   -9.0 -9 -9 -                        0   0   -9 -         -9  -9  -9  2898  1.0  0.93 -9   7.4   4.9   4.4   5.7   6.0  -9 -9.0 -9  3  2
202503141000 108   7  3.8  -9 -9.0   -9 1015.7 1026.1 -9  -9.0  12.8  -5.7  27.0   4.0   -9.0   -9.0   -9.0   -9.0   -9.0   -9.0   -9.0 -9 -9 -                        0   0   -9 -         -9  -9  -9  3260  1.0  1.72 -9  13.5   5.9   4.9   5.6   5.9  -9 -9.0 -9  3  2
202503141100 108   5  3.4  -9 -9.0   -9 1015.7 1026.0 -9  -9.0  15.1  -6.5  22.0   3.8   -9.0   -9.0   -9.0   -9.0   -9.0   -9.0   -9.0 -9 -9 -                        0   0   -9 -         -9  -9  -9  3414  1.0  2.35 -9  18.4   7.1   5.8   5.6   5.8  -9 -9.0 -9  3  2
202503141200 108   7  2.0  -9 -9.0   -9 1014.8 1025.0  7  -1.4  16.5  -5.9  21.0   3.9   -9.0   -9.0   -9.0   -9.0   -9.0   -9.0   -9.0 -9 -9 -                        0   0   -9 -         -9  -9  -9  2873  1.0  2.76 -9  22.4   8.3   6.8   5.6   5.7  -9 -9.0 -9  3  2
202503141300 108  20  1.4  -9 -9.0   -9 1014.0 1024.2 -9  -9.0  17.7  -5.5  20.0   4.1   -9.0   -9.0   -9.0   -9.0   -9.0   -9.0   -9.0 -9 -9 -                        0   0   -9 -         -9  -9  -9  3150  1.0  2.92 -9  24.5   9.5   8.0   5.7   5.6  -9 -9.0 -9  3  2
202503141400 108   7  3.1  -9 -9.0   -9 1013.3 1023.4 -9  -9.0  19.1  -5.8  18.0   4.0   -9.0   -9.0   -9.0   -9.0   -9.0   -9.0   -9.0 -9 -9 -                        0   0   -9 -         -9  -9  -9  2447  1.0  2.86 -9  25.5  10.6   9.1   5.9   5.6  -9 -9.0 -9  3  2
202503141500 108   5  1.9  -9 -9.0   -9 1013.0 1023.1  7  -1.9  19.7  -5.3  18.0   4.1   -9.0   -9.0   -9.0   -9.0   -9.0   -9.0   -9.0 -9 -9 -                        0   0   -9 -         -9  -9  -9  2852  1.0  2.55 -9  25.2  11.4  10.0   6.2   5.6  -9 -9.0 -9  3  2
202503141600 108  25  2.8  -9 -9.0   -9 1012.7 1022.8 -9  -9.0  19.7  -5.3  18.0   4.1   -9.0   -9.0   -9.0   -9.0   -9.0   -9.0   -9.0 -9 -9 -                        0   0   -9 -         -9  -9  -9  2455  1.0  2.02 -9  22.0  11.9  10.6   6.6   5.6  -9 -9.0 -9  3  2
202503141700 108  25  2.6  -9 -9.0   -9 1012.6 1022.7 -9  -9.0  18.9  -5.2  19.0   4.2   -9.0   -9.0   -9.0   -9.0   -9.0   -9.0   -9.0 -9 -9 -                        3   0   -9 Ci         1   0   0  2461  1.0  1.24 -9  17.1  12.0  10.8   7.0   5.8  -9 -9.0 -9  3  2
202503141800 108  27  2.7  -9 -9.0   -9 1012.6 1022.8  5  -0.3  17.0  -4.3  23.0   4.4   -9.0   -9.0   -9.0   -9.0   -9.0   -9.0   -9.0 -9 -9 -                        6   0   -9 Ci         1   0   0  2599  0.2  0.43 -9  12.7  11.7  10.7   7.4   6.0  -9 -9.0 -9  3  2
202503141900 108  32  1.9  -9 -9.0   -9 1012.6 1022.8 -9  -9.0  15.6  -3.8  26.0   4.6   -9.0   -9.0   -9.0   -9.0   -9.0   -9.0   -9.0 -9 -9 -                        6   1   -9 -         -9  -9  -9  2385  0.0  0.04 -9   9.8  11.0  10.3   7.7   6.2  -9 -9.0 -9  3 -9
202503142000 108  29  2.6  -9 -9.0   -9 1012.7 1023.0 -9  -9.0  14.6  -3.7  28.0   4.6   -9.0   -9.0   -9.0   -9.0   -9.0   -9.0   -9.0 -9 -9 -                        6   1   -9 -         -9  -9  -9  2630 -9.0 -9.00 -9   8.4  10.4   9.8   7.9   6.4  -9 -9.0 -9  3 -9
202503142100 108  29  1.8  -9 -9.0   -9 1012.6 1022.9  0   0.1  13.8  -3.5  30.0   4.7   -9.0   -9.0   -9.0   -9.0   -9.0   -9.0   -9.0 -9 -9 -                        7   0   -9 Ci         1   0   0  2442 -9.0 -9.00 -9   7.6   9.9   9.3   8.0   6.6  -9 -9.0 -9  3  2
202503142200 108  29  0.9  -9 -9.0   -9 1013.2 1023.6 -9  -9.0  12.8  -3.9  31.0   4.6   -9.0   -9.0   -9.0   -9.0   -9.0   -9.0   -9.0 -9 -9 -                        8   3   50 -         -9  -9  -9  2444 -9.0 -9.00 -9   6.9   9.3   8.9   8.1   6.8  -9 -9.0 -9  3 -9
202503142300 108   7  1.9  -9 -9.0   -9 1013.3 1023.7 -9  -9.0  12.1  -3.7  33.0   4.6   -9.0   -9.0   -9.0   -9.0   -9.0   -9.0   -9.0 -9 -9 -                        9   7   49 -         -9  -9  -9  2329 -9.0 -9.00 -9   6.4   8.9   8.5   8.0   6.9  -9 -9.0 -9  3 -9
202503150000 108   7  3.7  -9 -9.0   -9 1012.6 1023.0  0   0.1  12.1  -4.5  31.0   4.4   -9.0   -9.0   -9.0   -9.0   -9.0   -9.0   -9.0 -9 -9 -                        9   6   43 AcCi       2   3   0  2371 -9.0 -9.00 -9   6.6   8.6   8.1   7.9   6.9  -9 -9.0 -9  3  2
202503150100 108   5  3.3  -9 -9.0   -9 1012.0 1022.4 -9  -9.0  12.0  -3.8  33.0   4.6   -9.0   -9.0   -9.0   -9.0   -9.0   -9.0   -9.0 -9 -9 -                       10  10   40 -         -9  -9  -9  2456 -9.0 -9.00 -9   6.6   8.4   7.9   7.8   7.0  -9 -9.0 -9  3 -9
202503150200 108   7  3.0  -9 -9.0   -9 1012.6 1023.0 -9  -9.0  11.9  -2.7  36.0   5.0   -9.0   -9.0   -9.0   -9.0   -9.0   -9.0   -9.0 -9 -9 -                       10  10   37 -         -9  -9  -9  3651 -9.0 -9.00 -9   6.5   8.3   7.8   7.7   7.0  -9 -9.0 -9  3 -9
202503150300 108   7  2.6  -9 -9.0   -9 1012.6 1023.0  4   0.0  11.5  -2.7  37.0   5.0   -9.0   -9.0   -9.0   -9.0   -9.0   -9.0   -9.0 -9 -9 -                        9   6   34 AcCi       2   3   0  3641 -9.0 -9.00 -9   6.4   8.1   7.6   7.6   7.0  -9 -9.0 -9  3  2
202503150400 108  11  3.0  -9 -9.0   -9 1012.6 1023.0 -9  -9.0  11.2  -0.6  44.0   5.8   -9.0   -9.0   -9.0   -9.0   -9.0   -9.0   -9.0 -9 -9 -                       10  10   32 As        -9   2   0  3589 -9.0 -9.00 -9   6.3   8.0   7.5   7.6   7.0  -9 -9.0 -9  3  2
202503150500 108   9  2.4  -9 -9.0   -9 1011.8 1022.2 -9  -9.0  10.7  -0.1  47.0   6.1   -9.0   -9.0   -9.0   -9.0   -9.0   -9.0   -9.0 -9 -9 -                       10  10   30 As        -9   2   0  3591 -9.0 -9.00 -9   6.2   7.9   7.4   7.5   6.9  -9 -9.0 -9  3  2
202503150600 108   7  2.4  -9 -9.0   -9 1011.9 1022.3  5  -0.7  10.3  -0.5  47.0   5.9   -9.0   -9.0   -9.0   -9.0   -9.0   -9.0   -9.0 -9 -9 -                       10  10   31 As        -9   2   0  3541 -9.0 -9.00 -9   6.1   7.7   7.2   7.4   6.9  -9 -9.0 -9  3  2
202503150700 108   9  2.9  -9 -9.0   -9 1012.0 1022.5 -9  -9.0  10.1  -0.7  47.0   5.8   -9.0   -9.0   -9.0   -9.0   -9.0   -9.0   -9.0 -9 -9 -                       10  10   29 As        -9   2   0  3962  0.0  0.00 -9   5.9   7.6   7.1   7.3   6.9  -9 -9.0 -9  3  2
202503150800 108   7  2.5  -9 -9.0   -9 1012.6 1023.1 -9  -9.0  10.1  -0.7  47.0   5.8   -9.0   -9.0   -9.0   -9.0   -9.0   -9.0   -9.0 -9 -9 -                       10  10   30 As        -9   2   0  3595  0.0  0.10 -9   6.7   7.5   7.0   7.2   6.8  -9 -9.0 -9  3  2
202503150900 108   7  4.5  -9 -9.0   -9 1012.5 1022.9  0   0.6  10.6  -1.8  42.0   5.4   -9.0   -9.0   -9.0   -9.0   -9.0   -9.0   -9.0 -9 -9 -                        8   5   13 ScAc       0   3   5  3745  0.0  0.36 -9   8.4   7.6   7.0   7.2   6.8  -9 -9.0 -9  3  2
202503151000 108   7  3.9  -9 -9.0   -9 1012.2 1022.6 -9  -9.0  11.8  -1.7  39.0   5.4   -9.0   -9.0   -9.0   -9.0   -9.0   -9.0   -9.0 -9 -9 -                        8   5   13 ScAc       0   3   5  3852  0.1  1.02 -9  12.4   8.0   7.2   7.1   6.7  -9 -9.0 -9  3  2
202503151100 108   9  3.9  -9 -9.0   -9 1012.6 1023.0 -9  -9.0  12.9  -3.4  32.0   4.8   -9.0   -9.0   -9.0   -9.0   -9.0   -9.0   -9.0 -9 -9 -                        8   8   15 Sc         0   0   5  3904  0.3  1.56 -9  14.2   8.6   7.7   7.0   6.7  -9 -9.0 -9  3  2
202503151200 108  14  3.1  -9 -9.0   -9 1012.0 1022.3  8  -0.6  14.9  -3.9  27.0   4.6   -9.0   -9.0   -9.0   -9.0   -9.0   -9.0   -9.0 -9 -9 -                        2   2   35 Ac         0   3   0  4442  0.7  2.26 -9  20.8   9.4   8.3   7.0   6.6  -9 -9.0 -9  3  2
202503151300 108   9  4.0  -9 -9.0   -9 1011.0 1021.2 -9  -9.0  15.3  -3.6  27.0   4.7   -9.0   -9.0   -9.0   -9.0   -9.0   -9.0   -9.0 -9 -9 -                        0   0   -9 -         -9  -9  -9  3936  1.0  2.78 -9  23.2  10.4   9.2   7.0   6.6  -9 -9.0 -9  3  2
202503151400 108   7  2.8  -9 -9.0   -9 1009.9 1020.1 -9  -9.0  16.2  -3.3  26.0   4.8   -9.0   -9.0   -9.0   -9.0   -9.0   -9.0   -9.0 -9 -9 -                        0   0   -9 -         -9  -9  -9  3901  1.0  2.88 -9  25.5  11.3  10.0   7.2   6.5  -9 -9.0 -9  3  2
202503151500 108  11  2.6  -9 -9.0   -9 1009.2 1019.4  7  -2.9  17.1  -3.1  25.0   4.9   -9.0   -9.0   -9.0   -9.0   -9.0   -9.0   -9.0 -9 -9 -                        6   0   -9 Ci         1   0   0  3957  1.0  2.52 -9  24.4  12.0  10.8   7.4   6.6  -9 -9.0 -9  3  2
202503151600 108  16  1.9  -9 -9.0   -9 1008.4 1018.6 -9  -9.0  16.6  -4.0  24.0   4.5   -9.0   -9.0   -9.0   -9.0   -9.0   -9.0   -9.0 -9 -9 -                        7   0   -9 Ci         1   0   0  4181  0.9  1.70 -9  20.4  12.4  11.2   7.7   6.6  -9 -9.0 -9  3  2
202503151700 108  25  2.1  -9 -9.0   -9 1007.8 1018.0 -9  -9.0  16.6  -4.0  24.0   4.5   -9.0   -9.0   -9.0   -9.0   -9.0   -9.0   -9.0 -9 -9 -                        6   0   -9 Ci         1   0   0  3803  1.0  1.30 -9  17.1  12.5  11.4   8.0   6.7  -9 -9.0 -9  3  2
202503151800 108  36  1.0  -9 -9.0   -9 1007.1 1017.3  7  -2.1  15.1  -4.2  26.0   4.5   -9.0   -9.0   -9.0   -9.0   -9.0   -9.0   -9.0 -9 -9 -                        9   2   40 AcCi       2   3   0  3834  0.3  0.36 -9  13.0  12.1  11.3   8.3   6.9  -9 -9.0 -9  3  2
202503151900 108  25  3.7  -9 -9.0   -9 1007.3 1017.6 -9  -9.0  13.1   0.4  42.0   6.3   -9.0   -9.0   -9.0   -9.0   -9.0   -9.0   -9.0 -9 -9 -                        8   2   58 -         -9  -9  -9  2869  0.0  0.05 -9  10.2  11.5  10.9   8.8   7.3  -9 -9.0 -9  3 -9
202503152000 108  25  2.8  -9 -9.0   -9 1007.6 1017.9 -9  -9.0  12.0   1.5  49.0   6.8   -9.0   -9.0   -9.0   -9.0   -9.0   -9.0   -9.0 -9 -9 -                        8   1   55 -         -9  -9  -9  2759 -9.0 -9.00 -9   9.0  10.9  10.4   8.9   7.5  -9 -9.0 -9  3 -9
202503152100 108  32  2.5  -9 -9.0   -9 1007.8 1018.2  2   0.9  11.4   1.6  51.0   6.9   -9.0   -9.0   -9.0   -9.0   -9.0   -9.0   -9.0 -9 -9 -                        9   7   18 ScCi       1   0   5  2918 -9.0 -9.00 -9   8.7  10.4  10.0   9.0   7.6  -9 -9.0 -9  3  2
202503152200 108  27  2.1  -9 -9.0   -9 1007.9 1018.3 -9  -9.0  11.2   1.6  52.0   6.9   -9.0   -9.0   -9.0   -9.0   -9.0   -9.0   -9.0 -9 -9 -                       10  10   15 -         -9  -9  -9  2693 -9.0 -9.00 -9   8.6  10.0   9.6   9.0   7.7  -9 -9.0 -9  3 -9
202503152300 108  20  2.4  -9 -9.0   -9 1007.7 1018.1 -9  -9.0  10.9   1.9  54.0   7.0   -9.0   -9.0   -9.0   -9.0   -9.0   -9.0   -9.0 -9 -9 -                       10  10   13 -         -9  -9  -9  2481 -9.0 -9.00 -9   8.4   9.8   9.3   8.9   7.8  -9 -9.0 -9  3 -9
202503160000 108  20  2.9  -9 -9.0   -9 1007.3 1017.7  8  -0.5  10.1   2.1  58.0   7.1    0.0    0.0    0.0   -9.0   -9.0   -9.0   -9.0 60 62 01                      10   7   12 ScAs      -9   2   5  2883 -9.0 -9.00 -9   7.9   9.5   9.1   8.8   7.8  -9 -9.0 -9  4  1
202503160100 108  18  3.2  -9 -9.0   -9 1006.8 1017.2 -9  -9.0   9.8   0.6  53.0   6.4   -9.0    0.0    0.0   -9.0   -9.0   -9.0   -9.0 21 62 01                      10   7   11 ScAs      -9   2   5  3741 -9.0 -9.00 -9   7.5   9.3   8.8   8.7   7.8  -9 -9.0 -9  4  1
202503160200 108  18  2.7  -9 -9.0   -9 1006.2 1016.6 -9  -9.0   9.4   0.2  53.0   6.2   -9.0    0.0    0.0   -9.0   -9.0   -9.0   -9.0 -9 -9 -                       10  10   12 -         -9  -9  -9  3983 -9.0 -9.00 -9   7.2   9.1   8.6   8.6   7.8  -9 -9.0 -9  3 -9
202503160300 108  18  2.8  -9 -9.0   -9 1005.3 1015.7  7  -2.0   9.1   0.7  56.0   6.4    0.0    0.0    0.0   -9.0   -9.0   -9.0   -9.0 60 62 01                      10   7   11 ScAs      -9   2   5  3344 -9.0 -9.00 -9   7.0   8.9   8.4   8.6   7.8  -9 -9.0 -9  4  1
202503160400 108  20  2.1  -9 -9.0   -9 1004.6 1015.1 -9  -9.0   8.0   1.8  65.0   7.0   -9.0    0.1    0.1   -9.0   -9.0   -9.0   -9.0 60 66 01                      10   8    9 ScAs      -9   2   5  4924 -9.0 -9.00 -9   6.5   8.6   8.3   8.5   7.9  -9 -9.0 -9  4  1
202503160500 108  23  0.6  -9 -9.0   -9 1004.0 1014.5 -9  -9.0   7.1   3.1  76.0   7.6   -9.0    0.3    0.3   -9.0   -9.0   -9.0   -9.0 61 66 01                      10   9    7 StNs      -9   2   7   957 -9.0 -9.00 -9   6.4   8.3   8.0   8.4   7.8  -9 -9.0 -9  4  1
202503160600 108  14  1.2  -9 -9.0   -9 1003.1 1013.6  7  -2.1   7.0   2.8  75.0   7.5    0.5    0.5    0.5   -9.0   -9.0   -9.0   -9.0 61 66 01                      10   9    6 StNs      -9   2   7  2465 -9.0 -9.00 -9   6.3   8.1   7.8   8.3   7.8  -9 -9.0 -9  4  1
202503160700 108  34  1.7  -9 -9.0   -9 1002.7 1013.2 -9  -9.0   6.6   3.9  83.0   8.1   -9.0    0.6    0.6   -9.0   -9.0   -9.0   -9.0 60 66 01                      10   8   10 ScAs      -9   2   5  1890  0.0  0.01 -9   6.2   7.9   7.6   8.2   7.8  -9 -9.0 -9  4  1
202503160800 108  27  3.0  -9 -9.0   -9 1002.6 1013.1 -9  -9.0   6.0   3.3  83.0   7.7   -9.0    0.6    0.6   -9.0   -9.0   -9.0   -9.0 60 66 01                      10   8    8 ScAs      -9   2   5  1841  0.0  0.05 -9   6.2   7.8   7.5   8.1   7.7  -9 -9.0 -9  4  1
202503160900 108  29  4.3  -9 -9.0   -9 1002.6 1013.2  5  -0.4   5.0   2.8  86.0   7.5    0.1    0.6    0.6   -9.0   -9.0   -9.0   -9.0 60 66 01                      10   8    7 ScAs      -9   2   5  2545  0.0  0.17 -9   6.5   7.6   7.3   8.0   7.7  -9 -9.0 -9  1  1
202503161000 108  27  2.9  -9 -9.0   -9 1002.7 1013.3 -9  -9.0   4.7   2.8  88.0   7.5   -9.0    0.8    0.8   -9.0   -9.0   -9.0   -9.0 60 66 01                      10   9    6 ScAs      -9   2   5   879  0.0  0.32 -9   7.2   7.5   7.2   7.9   7.6  -9 -9.0 -9  4  1
202503161100 108  29  3.8  -9 -9.0   -9 1002.6 1013.2 -9  -9.0   4.3   1.3  81.0   6.7   -9.0    0.8    0.8   -9.0   -9.0   -9.0   -9.0 21 62 01                      10   8    6 ScAs      -9   2   5  1532  0.0  0.35 -9   6.6   7.5   7.2   7.8   7.6  -9 -9.0 -9  4  1
202503161200 108  29  4.4  -9 -9.0   -9 1002.3 1012.9  8  -0.3   4.3  -0.1  73.0   6.1    0.2    0.8    0.8   -9.0   -9.0   -9.0   -9.0 -9 62 -                       10   8    6 ScAs      -9   2   5  1340  0.0  0.43 -9   7.0   7.4   7.0   7.7   7.5  -9 -9.0 -9  3  1
202503161300 108  29  4.9  -9 -9.0   -9 1001.6 1012.2 -9  -9.0   5.0  -1.9  61.0   5.3   -9.0    0.8    0.8   -9.0   -9.0   -9.0   -9.0 -9 -9 -                        8   8    9 Sc         0   0   5  1934  0.2  1.40 -9  10.7   7.5   7.1   7.6   7.5  -9 -9.0 -9  3  2
202503161400 108  29  4.2  -9 -9.0   -9 1000.9 1011.4 -9  -9.0   5.6  -4.2  49.0   4.5   -9.0    0.8    0.8   -9.0   -9.0   -9.0   -9.0 -9 -9 -                        6   6   11 Sc         0   0   5  1861  0.2  1.42 -9  14.5   7.7   7.2   7.5   7.4  -9 -9.0 -9  3  2
202503161500 108  29  4.8  -9 -9.0   -9 1000.2 1010.7  7  -2.2   6.2  -7.0  38.0   3.6   -9.0    0.8    0.8   -9.0   -9.0   -9.0   -9.0 -9 62 -                        6   6   16 Sc         0   0   5  2191  0.5  1.87 -9  13.5   8.0   7.5   7.4   7.3  -9 -9.0 -9  3  1
202503161600 108  29  5.5  29 10.0 1538 1000.4 1010.9 -9  -9.0   5.9  -8.4  35.0   3.2   -9.0    0.8    0.8   -9.0   -9.0   -9.0   -9.0 -9 -9 -                        1   1   17 Sc         0   0   5  2778  0.7  1.54 -9  12.4   8.2   7.7   7.5   7.3  -9 -9.0 -9  3  2
202503161700 108  27  5.1  29 11.0 1649 1000.9 1011.4 -9  -9.0   5.3 -11.3  29.0   2.6   -9.0    0.8    0.8   -9.0   -9.0   -9.0   -9.0 -9 -9 -                        0   0   -9 -         -9  -9  -9  3211  1.0  1.47 -9   9.6   8.1   7.6   7.5   7.3  -9 -9.0 -9  3  2
202503161800 108  29  4.1  29 11.0 1649 1001.5 1012.1  2   1.4   4.1 -11.1  32.0   2.6   -9.0    0.8    0.8   -9.0   -9.0   -9.0   -9.0 -9 -9 -                        1   1   15 Sc         0   0   5  2778  1.0  0.65 -9   5.2   7.8   7.4   7.6   7.3  -9 -9.0 -9  3  2
202503161900 108  27  4.4  29 11.0 1834 1001.9 1012.5 -9  -9.0   2.8 -10.8  36.0   2.7   -9.0    0.8    0.8   -9.0   -9.0   -9.0   -9.0 -9 -9 -                        6   6   14 -         -9  -9  -9  2641  0.3  0.08 -9   2.9   7.3   6.9   7.4   7.1  -9 -9.0 -9  3 -9
202503162000 108  27  5.3  27 10.0 1941 1002.4 1013.1 -9  -9.0   2.4  -9.8  40.0   2.9   -9.0    0.8    0.8   -9.0   -9.0   -9.0   -9.0 -9 -9 -                        6   6   13 -         -9  -9  -9  2486 -9.0 -9.00 -9   1.9   6.8   6.4   7.4   7.2  -9 -9.0 -9  3 -9
202503162100 108  27  4.0  29 11.0 1834 1003.2 1013.9  2   1.8   2.0  -9.5  42.0   3.0   -9.0    0.8    0.8   -9.0   -9.0   -9.0   -9.0 -9 -9 -                        6   6   15 Sc         0   0   5  2504 -9.0 -9.00 -9   1.2   6.3   6.0   7.4   7.2  -9 -9.0 -9  3  2
202503162200 108  27  3.2  -9 -9.0   -9 1003.6 1014.3 -9  -9.0   2.0  -9.2  43.0   3.0   -9.0    0.8    0.8   -9.0   -9.0   -9.0   -9.0 -9 -9 -                        7   0   -9 -         -9  -9  -9  2482 -9.0 -9.00 -9   1.2   5.9   5.6   7.2   7.2  -9 -9.0 -9  3 -9
202503162300 108  25  3.6  -9 -9.0   -9 1003.8 1014.5 -9  -9.0   1.6  -9.0  45.0   3.1   -9.0    0.8    0.8   -9.0   -9.0   -9.0   -9.0 -9 -9 -                        4   4   -9 -         -9  -9  -9  2325 -9.0 -9.00 -9   0.3   5.5   5.2   7.1   7.1  -9 -9.0 -9  3 -9
202503170000 108  27  4.5  -9 -9.0   -9 1003.8 1014.5  1   0.6   1.3  -8.5  48.0   3.2   -9.0    0.8    0.8   -9.0   -9.0   -9.0   -9.0 -9 -9 -                        0   0   -9 -         -9  -9  -9  2322 -9.0 -9.00 -9  -0.3   5.2   4.9   6.9   7.1  -9 -9.0 -9  3  2
202503170100 108  27  4.4  -9 -9.0   -9 1004.0 1014.7 -9  -9.0   1.1  -9.2  46.0   3.0   -9.0   -9.0   -9.0   -9.0   -9.0   -9.0   -9.0 -9 -9 -                        0   0   -9 -         -9  -9  -9  2648 -9.0 -9.00 -9   0.1   4.8   4.6   6.8   7.0  -9 -9.0 -9  3 -9
202503170200 108  36  1.7  -9 -9.0   -9 1004.7 1015.5 -9  -9.0   0.5  -9.8  46.0   2.9   -9.0   -9.0   -9.0   -9.0   -9.0   -9.0   -9.0 -9 -9 -                        0   0   -9 -         -9  -9  -9  2724 -9.0 -9.00 -9  -0.1   4.5   4.3   6.6   7.0  -9 -9.0 -9  3 -9
202503170300 108  18  0.8  -9 -9.0   -9 1005.1 1015.9  2   1.4  -0.4 -10.3  47.0   2.8   -9.0   -9.0   -9.0   -9.0   -9.0   -9.0   -9.0 -9 -9 -                        0   0   -9 -         -9  -9  -9  2903 -9.0 -9.00 -9  -0.5   4.2   4.0   6.5   6.9  -9 -9.0 -9  3  2
202503170400 108  27  2.8  -9 -9.0   -9 1005.1 1015.9 -9  -9.0  -0.3 -10.0  48.0   2.9   -9.0   -9.0   -9.0   -9.0   -9.0   -9.0   -9.0 -9 -9 -                        0   0   -9 -         -9  -9  -9  3174 -9.0 -9.00 -9  -0.8   3.9   3.8   6.3   6.8  -9 -9.0 -9  3  2
202503170500 108  27  1.6  -9 -9.0   -9 1004.9 1015.7 -9  -9.0  -0.7  -9.6  51.0   3.0   -9.0   -9.0   -9.0   -9.0   -9.0   -9.0   -9.0 -9 -9 -                        0   0   -9 -         -9  -9  -9  2740 -9.0 -9.00 -9  -1.1   3.7   3.5   6.1   6.7  -9 -9.0 -9  3  2
202503170600 108  27  3.2  -9 -9.0   -9 1005.6 1016.4  3   0.5  -0.9  -9.7  51.0   2.9   -9.0   -9.0   -9.0   -9.0   -9.0   -9.0   -9.0 -9 -9 -                        0   0   -9 -         -9  -9  -9  2629 -9.0 -9.00 -9  -1.3   3.4   3.3   5.9   6.6  -9 -9.0 -9  3  2
202503170700 108  27  2.2  -9 -9.0   -9 1006.3 1017.2 -9  -9.0  -1.3 -10.9  48.0   2.7   -9.0   -9.0   -9.0   -9.0   -9.0   -9.0   -9.0 -9 -9 -                        0   0   -9 -         -9  -9  -9  2891  0.0  0.01 -9  -1.5   3.2   3.1   5.7   6.5  -9 -9.0 -9  3  2
202503170800 108  29  2.8  -9 -9.0   -9 1006.9 1017.7 -9  -9.0  -0.5 -11.0  45.0   2.6   -9.0   -9.0   -9.0   -9.0   -9.0   -9.0   -9.0 -9 -9 -                        0   0   -9 -         -9  -9  -9  2981  1.0  0.38 -9  -0.9   3.1   2.9   5.5   6.4  -9 -9.0 -9  3  2
202503170900 108  29  3.9  -9 -9.0   -9 1007.4 1018.2  2   1.8   0.6 -11.1  41.0   2.6   -9.0   -9.0   -9.0   -9.0   -9.0   -9.0   -9.0 -9 -9 -                        0   0   -9 -         -9  -9  -9  3430  1.0  1.12 -9   0.7   3.0   2.8   5.3   6.1  -9 -9.0 -9  3  2
202503171000 108  29  3.0  -9 -9.0   -9 1007.8 1018.5 -9  -9.0   2.1 -11.4  36.0   2.6   -9.0   -9.0   -9.0   -9.0   -9.0   -9.0   -9.0 -9 -9 -                        0   0   -9 -         -9  -9  -9  3228  1.0  1.92 -9   9.4   3.5   2.8   5.1   6.1  -9 -9.0 -9  3  2
202503171100 108  29  2.5  -9 -9.0   -9 1007.5 1018.2 -9  -9.0   3.1 -12.4  31.0   2.4   -9.0   -9.0   -9.0   -9.0   -9.0   -9.0   -9.0 -9 -9 -                        4   0   -9 Ci         1   0   0  3322  1.0  2.52 -9  15.1   4.3   3.1   5.0   5.9  -9 -9.0 -9  3  2
202503171200 108  27  2.9  -9 -9.0   -9 1007.1 1017.7  8  -0.5   4.8 -13.6  25.0   2.1   -9.0   -9.0   -9.0   -9.0   -9.0   -9.0   -9.0 -9 -9 -                        8   0   -9 Ci         1   0   0  3373  1.0  2.52 -9  17.0   5.2   3.8   4.8   5.7  -9 -9.0 -9  3  2
202503171300 108  23  2.7  -9 -9.0   -9 1006.8 1017.4 -9  -9.0   5.8 -11.8  27.0   2.5   -9.0   -9.0   -9.0   -9.0   -9.0   -9.0   -9.0 -9 -9 -                        7   0   -9 Ci         1   0   0  2784  1.0  2.56 -9  18.9   6.2   4.8   4.8   5.6  -9 -9.0 -9  3  2
202503171400 108  23  3.4  -9 -9.0   -9 1006.0 1016.5 -9  -9.0   6.4 -11.2  27.0   2.6   -9.0   -9.0   -9.0   -9.0   -9.0   -9.0   -9.0 -9 -9 -                        7   0   -9 Ci         1   0   0  3046  1.0  2.84 -9  19.1   7.2   5.8   4.9   5.5  -9 -9.0 -9  3  2
202503171500 108  25  2.8  -9 -9.0   -9 1005.5 1016.0  7  -1.7   6.6  -9.7  30.0   2.9   -9.0   -9.0   -9.0   -9.0   -9.0   -9.0   -9.0 -9 -9 -                        6   0   -9 Ci         1   0   0  2334  1.0  2.39 -9  16.8   7.9   6.6   5.1   5.5  -9 -9.0 -9  3  2
202503171600 108  20  5.0  -9 -9.0   -9 1005.2 1015.7 -9  -9.0   6.0  -9.4  32.0   3.0   -9.0   -9.0   -9.0   -9.0   -9.0   -9.0   -9.0 -9 -9 -                        4   0   -9 Ci         1   0   0  2372  1.0  1.85 -9  14.1   8.3   7.1   5.3   5.5  -9 -9.0 -9  3  2
202503171700 108  25  3.4  -9 -9.0   -9 1005.1 1015.7 -9  -9.0   5.1  -9.8  33.0   2.9   -9.0   -9.0   -9.0   -9.0   -9.0   -9.0   -9.0 -9 -9 -                        6   0   -9 Ci         1   0   0  2508  0.4  0.81 -9   9.2   8.1   7.2   5.6   5.5  -9 -9.0 -9  3  2
202503171800 108  27  3.3  -9 -9.0   -9 1005.2 1015.8  5  -0.2   4.2  -9.5  36.0   3.0   -9.0   -9.0   -9.0   -9.0   -9.0   -9.0   -9.0 -9 -9 -                        8   4   18 ScCi       1   0   5  2616  0.1  0.37 -9   6.0   7.7   6.7   5.1   3.8  -9 -9.0 -9  3  2
202503171900 108  25  2.5  -9 -9.0   -9 1005.5 1016.1 -9  -9.0   3.8  -9.9  36.0   2.9   -9.0   -9.0   -9.0   -9.0   -9.0   -9.0   -9.0 -9 -9 -                        8   2   18 -         -9  -9  -9  3007  0.0  0.04 -9   4.1   7.2   6.6   6.2   5.9  -9 -9.0 -9  3 -9
202503172000 108  18  2.2  -9 -9.0   -9 1005.5 1016.1 -9  -9.0   3.7  -7.1  45.0   3.6   -9.0   -9.0   -9.0   -9.0   -9.0   -9.0   -9.0 -9 -9 -                        9   9   12 -         -9  -9  -9  2729 -9.0 -9.00 -9   3.7   6.7   6.2   6.3   6.0  -9 -9.0 -9  3  2
202503172100 108  20  0.8  -9 -9.0   -9 1004.9 1015.5  8  -0.3   3.6  -5.3  52.0   4.1    0.0    0.0    0.0   -9.0   -9.0   -9.0   -9.0 70 72 05                       9   9   12 Sc         0   0   5  2714 -9.0 -9.00 -9   3.5   6.3   5.9   6.4   6.1  -9 -9.0 -9  1  1
202503172200 108  16  2.5  -9 -9.0   -9 1004.3 1014.9 -9  -9.0   3.8  -6.2  48.0   3.8   -9.0    0.0    0.0   -9.0   -9.0   -9.0   -9.0 70 77 05                       9   9   10 Sc         0   0   5  2910 -9.0 -9.00 -9   3.3   6.0   5.6   6.4   6.2  -9 -9.0 -9  4  1
202503172300 108  14  2.6  -9 -9.0   -9 1003.5 1014.1 -9  -9.0   3.9  -6.1  48.0   3.9   -9.0    0.0    0.0   -9.0   -9.0   -9.0   -9.0 70 77 05                       9   9   10 Sc         0   0   5  2886 -9.0 -9.00 -9   3.2   5.8   5.4   6.3   6.2  -9 -9.0 -9  4  1
202503180000 108  16  4.5  -9 -9.0   -9 1003.1 1013.8  7  -1.7   1.6  -0.4  86.0   5.9    0.4    0.4    0.4   -9.0    0.3    0.3    0.3 73 77 05                      10   8    3 StNs      -9   2   7    67 -9.0 -9.00 -9   1.8   5.6   5.2   6.2   6.2  -9 -9.0 -9  4  1
202503180100 108   7  1.2  -9 -9.0   -9 1002.0 1012.7 -9  -9.0   1.1  -0.2  91.0   6.0   -9.0    2.6    2.6   -9.0   -9.0    3.3    3.5 71 77 05                      10   9    3 StNs      -9   2   7   134 -9.0 -9.00 -9   1.5   5.3   5.0   6.2   6.3  -9 -9.0 -9  4  1
202503180200 108   7  0.9  -9 -9.0   -9 1001.3 1012.0 -9  -9.0   0.9  -0.2  92.0   6.0   -9.0    3.5    3.5   -9.0   -9.0    4.5    4.7 71 77 05                      10   8    3 StNs      -9   2   7   149 -9.0 -9.00 -9   1.3   5.1   4.7   6.1   6.3  -9 -9.0 -9  4  1
202503180300 108   7  1.5  -9 -9.0   -9 1000.5 1011.2  7  -2.6   0.8  -0.2  93.0   6.0    4.3    4.3    4.3   -9.0    5.0    5.0    5.2 93 97 05                      10   9    3 StNs      -9   2   7    90 -9.0 -9.00 -9   1.3   4.9   4.6   6.0   6.2  -9 -9.0 -9  4  1
202503180400 108  11  0.8  -9 -9.0   -9  999.8 1010.5 -9  -9.0   0.9  -0.2  92.0   6.0   -9.0    4.6    4.6   -9.0   -9.0    5.0    5.2 70 77 05                      10   9    3 StNs      -9   2   7   422 -9.0 -9.00 -9   1.3   4.8   4.4   5.9   6.2  -9 -9.0 -9  4  1
202503180500 108   5  1.0  -9 -9.0   -9  999.3 1010.0 -9  -9.0   0.6  -0.5  92.0   5.9   -9.0    6.4    6.4   -9.0   -9.0    6.5    6.7 71 77 05                       9   9    5 Sc         0   0   5   704 -9.0 -9.00 -9   1.1   4.7   4.3   5.8   6.1  -9 -9.0 -9  4  1
202503180600 108   5  2.2  -9 -9.0   -9  999.2 1009.9  7  -1.3   0.5  -0.6  92.0   5.8    2.1    6.4    6.4   -9.0    1.0    6.0    6.2 70 77 05                       9   9    5 Sc         0   0   5   770 -9.0 -9.00 -9   1.2   4.6   4.2   5.7   6.1  -9 -9.0 -9  4  1
202503180700 108   5  2.3  -9 -9.0   -9  999.6 1010.3 -9  -9.0   0.4  -0.4  94.0   5.9   -9.0    7.5    7.5   -9.0   -9.0    6.6    6.8 71 77 05                      10   9    3 StNs      -9   2   7   126  0.0  0.00 -9   1.1   4.5   4.1   5.6   6.0  -9 -9.0 -9  4  1
202503180800 108   5  2.4  -9 -9.0   -9 1000.3 1011.0 -9  -9.0   0.4  -0.4  94.0   5.9   -9.0    9.5    9.5   -9.0   -9.0    8.7    8.9 71 77 05                      10   9    3 StNs      -9   2   7   138  0.0  0.02 -9   0.9   4.4   4.0   5.5   6.0  -9 -9.0 -9  4  1
202503180900 108   5  2.6  -9 -9.0   -9 1001.2 1011.9  2   2.0   1.0  -1.0  86.0   5.7    3.5    9.9    9.9   -9.0    2.7    8.5    8.7 22 72 05                       9   9    5 Sc         0   0   5  1377  0.0  0.13 -9   0.9   4.3   3.9   5.4   5.9  -9 -9.0 -9  1  1
202503181000 108  36  3.6  -9 -9.0   -9 1001.8 1012.4 -9  -9.0   2.8  -0.6  78.0   5.8   -9.0    9.9    9.9   -9.0   -9.0    8.0    8.2 22 72 05                       9   9   12 Sc         0   0   5  1820  0.9  0.31 -9   0.9   4.2   3.8   5.3   5.8  -9 -9.0 -9  4  1
202503181100 108  34  4.3  -9 -9.0   -9 1002.3 1013.0 -9  -9.0   2.5  -1.6  74.0   5.4   -9.0    9.9    9.9   -9.0   -9.0    6.0    6.2 22 72 05                       8   8    8 Sc         0   0   5  1964  0.3  1.07 -9   0.9   4.2   3.7   5.0   5.5  -9 -9.0 -9  4  1
202503181200 108  29  4.4  -9 -9.0   -9 1002.8 1013.5  2   1.6   2.4  -0.8  79.0   5.8    0.0    9.9    9.9   -9.0    0.0    4.5    4.7 70 72 05                       9   9    5 Sc         0   0   5   926  0.6  2.01 -9   1.0   4.0   3.1   3.8   4.4  -9 -9.0 -9  4  1
202503181300 108  32  3.3  -9 -9.0   -9 1003.1 1013.7 -9  -9.0   3.0  -1.1  74.0   5.6   -9.0    9.9    9.9   -9.0   -9.0    3.0    3.2 70 77 05                       9   9    8 Sc         0   0   5  1787  0.0  0.93 -9   0.9   4.0   3.0   3.8   4.4  -9 -9.0 -9  4  1
202503181400 108  34  5.0  -9 -9.0   -9 1003.1 1013.7 -9  -9.0   4.2  -2.4  62.0   5.1   -9.0    9.9    9.9   -9.0   -9.0    1.5    1.7 70 72 05                       9   9   10 Sc         0   0   5  3072  0.5  2.14 -9   4.0   4.1   3.0   3.7   4.3  -9 -9.0 -9  4  1
202503181500 108  32  4.2  -9 -9.0   -9 1003.8 1014.4  2   0.9   5.1  -3.2  55.0   4.8    0.0    9.9    9.9   -9.0    0.0    1.0    1.2 22 72 05                       8   8   11 Sc         0   0   5  3592  0.4  1.64 -9   8.3   4.4   3.1   3.7   4.3  -9 -9.0 -9  4  1
202503181600 108  32  4.7   2 12.0 1539 1004.2 1014.8 -9  -9.0   5.1  -4.4  50.0   4.4   -9.0    9.9    9.9   -9.0   -9.0   -9.0   -9.0 -9 -9 -                        7   7   18 Sc         0   0   5  3672  0.3  1.30 -9   8.1   4.6   3.4   3.6   4.3  -9 -9.0 -9  3  2
202503181700 108  34  4.6  -9 -9.0   -9 1005.1 1015.7 -9  -9.0   4.9  -4.4  51.0   4.4   -9.0    9.9    9.9   -9.0   -9.0   -9.0   -9.0 -9 -9 -                        8   8   13 Sc         0   0   5  3841  0.3  0.77 -9   4.9   4.8   3.6   3.6   4.2  -9 -9.0 -9  3  2
202503181800 108  32  3.0   2 12.0 1539 1006.1 1016.7  2   2.3   4.2  -4.0  55.0   4.5   -9.0    9.9    9.9   -9.0   -9.0   -9.0   -9.0 -9 -9 -                        5   3   13 ScAc       0   3   5  2699  0.3  0.31 -9   3.2   4.8   3.6   3.6   4.1  -9 -9.0 -9  3  2
202503181900 108  32  3.5  -9 -9.0   -9 1007.4 1018.1 -9  -9.0   3.5  -2.6  64.0   5.0   -9.0    9.9    9.9   -9.0   -9.0   -9.0   -9.0 70 72 05                       7   7   10 Sc         0   0   5  1242  0.2  0.07 -9   2.5   4.7   3.5   3.6   4.0  -9 -9.0 -9  4  1
202503182000 108  32  3.2  -9 -9.0   -9 1008.8 1019.5 -9  -9.0   2.6  -6.0  53.0   3.9   -9.0    9.9    9.9   -9.0   -9.0   -9.0   -9.0 22 72 05                       7   7   10 Sc         0   0   5  1409 -9.0 -9.00 -9   1.3   4.5   3.3   3.6   4.0  -9 -9.0 -9  4  1
202503182100 108  32  4.1   2 12.0 1539 1009.7 1020.5  2   3.8   1.9  -6.9  52.0   3.6    0.0    9.9    9.9   -9.0   -9.0   -9.0   -9.0 -9 72 -                        6   6   10 Sc         0   0   5  1353 -9.0 -9.00 -9   0.5   4.2   3.1   3.6   4.0  -9 -9.0 -9  3  1
202503182200 108  29  2.8  -9 -9.0   -9 1010.6 1021.4 -9  -9.0   1.5  -7.5  51.0   3.5   -9.0    9.9    9.9   -9.0   -9.0   -9.0   -9.0 -9 -9 -                        5   5   20 -         -9  -9  -9  1331 -9.0 -9.00 -9   0.3   3.9   2.8   3.6   4.0  -9 -9.0 -9  3 -9
202503182300 108  29  2.9  -9 -9.0   -9 1011.1 1021.9 -9  -9.0   1.1  -7.9  51.0   3.4   -9.0    9.9    9.9   -9.0   -9.0   -9.0   -9.0 -9 -9 -                        7   7   16 -         -9  -9  -9  1475 -9.0 -9.00 -9   0.2   3.6   2.6   3.5   4.0  -9 -9.0 -9  3 -9
202503190000 108  27  1.8  -9 -9.0   -9 1011.2 1022.0  2   1.5   0.7  -7.8  53.0   3.4   -9.0    9.9    9.9   -9.0   -9.0   -9.0   -9.0 -9 -9 -                        7   7   16 Sc         0   0   5  1534 -9.0 -9.00 -9   0.2   3.4   2.4   3.4   3.9  -9 -9.0 -9  3  2
202503190100 108   0  0.4  -9 -9.0   -9 1011.5 1022.4 -9  -9.0   0.1  -8.1  54.0   3.3   -9.0   -9.0   -9.0   -9.0   -9.0   -9.0   -9.0 -9 -9 -                        5   2   20 -         -9  -9  -9  1672 -9.0 -9.00 -9  -0.2   3.2   2.9   4.7   5.3  -9 -9.0 -9  3 -9
202503190200 108  27  0.8  -9 -9.0   -9 1011.5 1022.4 -9  -9.0  -0.6  -8.3  56.0   3.3   -9.0   -9.0   -9.0   -9.0   -9.0   -9.0   -9.0 -9 -9 -                        0   0   -9 -         -9  -9  -9  1868 -9.0 -9.00 -9  -0.8   2.9   2.8   4.7   5.4  -9 -9.0 -9  3 -9
202503190300 108  27  1.3  -9 -9.0   -9 1011.5 1022.4  1   0.4  -1.1  -7.8  60.0   3.4   -9.0   -9.0   -9.0   -9.0   -9.0   -9.0   -9.0 -9 -9 -                        0   0   -9 -         -9  -9  -9  1760 -9.0 -9.00 -9  -1.3   2.6   2.6   4.6   5.3  -9 -9.0 -9  3  2
202503190400 108  29  1.4  -9 -9.0   -9 1011.7 1022.6 -9  -9.0  -0.9  -7.0  63.0   3.6   -9.0   -9.0   -9.0   -9.0   -9.0   -9.0   -9.0 -9 -9 -                        0   0   -9 -         -9  -9  -9  1773 -9.0 -9.00 -9  -1.5   2.5   2.4   4.5   5.2  -9 -9.0 -9  3  2
202503190500 108  27  1.5  -9 -9.0   -9 1011.9 1022.8 -9  -9.0  -1.6  -7.1  66.0   3.6   -9.0   -9.0   -9.0   -9.0   -9.0   -9.0   -9.0 -9 -9 -                        0   0   -9 -         -9  -9  -9  1677 -9.0 -9.00 -9  -1.8   2.3   2.2   4.4   5.2  -9 -9.0 -9  3  2
202503190600 108  27  1.5  -9 -9.0   -9 1012.2 1023.1  2   0.7  -1.8  -6.9  68.0   3.6   -9.0   -9.0   -9.0   -9.0   -9.0   -9.0   -9.0 -9 -9 -                        0   0   -9 -         -9  -9  -9  1676 -9.0 -9.00 -9  -2.0   2.2   2.1   4.3   5.1  -9 -9.0 -9  3  2
202503190700 108  27  1.6  -9 -9.0   -9 1012.7 1023.6 -9  -9.0  -1.8  -7.5  65.0   3.5   -9.0   -9.0   -9.0   -9.0   -9.0   -9.0   -9.0 -9 -9 -                        0   0   -9 -         -9  -9  -9  1694  0.0  0.01 -9  -1.9   2.0   2.0   4.2   5.0  -9 -9.0 -9  3  2
202503190800 108  29  1.6  -9 -9.0   -9 1013.2 1024.1 -9  -9.0  -0.8  -7.1  62.0   3.6   -9.0   -9.0   -9.0   -9.0   -9.0   -9.0   -9.0 -9 -9 -                        0   0   -9 -         -9  -9  -9  1709  1.0  0.40 -9  -1.0   2.0   1.9   4.0   4.9  -9 -9.0 -9  3  2
202503190900 108  29  2.4  -9 -9.0   -9 1013.7 1024.5  2   1.4   0.8  -9.2  47.0   3.0   -9.0   -9.0   -9.0   -9.0   -9.0   -9.0   -9.0 -9 -9 -                        0   0   -9 -         -9  -9  -9  2200  1.0  1.18 -9  -0.3   2.0   1.7   3.7   4.6  -9 -9.0 -9  3  2
202503191000 108  32  2.2  -9 -9.0   -9 1014.0 1024.8 -9  -9.0   2.3  -8.7  44.0   3.2   -9.0   -9.0   -9.0   -9.0   -9.0   -9.0   -9.0 -9 -9 -                        0   0   -9 -         -9  -9  -9  2176  1.0  1.94 -9   4.6   2.1   1.6   3.4   4.3  -9 -9.0 -9  3  2
202503191100 108  27  3.4  -9 -9.0   -9 1013.8 1024.5 -9  -9.0   3.8 -10.6  34.0   2.7   -9.0   -9.0   -9.0   -9.0   -9.0   -9.0   -9.0 -9 -9 -                        0   0   -9 -         -9  -9  -9  2364  1.0  2.59 -9  13.1   2.6   1.8   3.3   4.3  -9 -9.0 -9  3  2
202503191200 108  29  3.9  -9 -9.0   -9 1013.5 1024.2  8  -0.3   4.5 -13.3  26.0   2.2   -9.0   -9.0   -9.0   -9.0   -9.0   -9.0   -9.0 -9 -9 -                        0   0   -9 -         -9  -9  -9  2521  1.0  3.01 -9  16.7   3.7   2.4   3.3   4.2  -9 -9.0 -9  3  2
202503191300 108  29  3.6  -9 -9.0   -9 1012.9 1023.6 -9  -9.0   5.4 -11.2  29.0   2.6   -9.0   -9.0   -9.0   -9.0   -9.0   -9.0   -9.0 -9 -9 -                        0   0   -9 -         -9  -9  -9  2346  1.0  3.18 -9  18.2   4.8   3.4   3.2   4.1  -9 -9.0 -9  3  2
202503191400 108  23  4.6  -9 -9.0   -9 1012.3 1022.9 -9  -9.0   6.7  -9.6  30.0   3.0   -9.0   -9.0   -9.0   -9.0   -9.0   -9.0   -9.0 -9 -9 -                        0   0   -9 -         -9  -9  -9  2237  1.0  3.11 -9  18.6   5.8   4.5   3.4   4.0  -9 -9.0 -9  3  2
202503191500 108  25  3.0  -9 -9.0   -9 1011.9 1022.5  7  -1.7   7.2  -9.2  30.0   3.0   -9.0   -9.0   -9.0   -9.0   -9.0   -9.0   -9.0 -9 -9 -                        0   0   -9 -         -9  -9  -9  1980  1.0  2.76 -9  18.0   6.6   5.4   3.6   4.0  -9 -9.0 -9  3  2
202503191600 108  25  4.0  -9 -9.0   -9 1011.7 1022.3 -9  -9.0   6.9  -9.5  30.0   3.0   -9.0   -9.0   -9.0   -9.0   -9.0   -9.0   -9.0 -9 -9 -                        0   0   -9 -         -9  -9  -9  2901  1.0  2.23 -9  15.4   7.2   6.0   3.8   4.0  -9 -9.0 -9  3  2
202503191700 108  25  2.6  -9 -9.0   -9 1011.6 1022.2 -9  -9.0   6.9  -8.6  32.0   3.2   -9.0   -9.0   -9.0   -9.0   -9.0   -9.0   -9.0 -9 -9 -                        0   0   -9 -         -9  -9  -9  2478  1.0  1.52 -9  11.1   7.2   6.2   4.2   4.1  -9 -9.0 -9  3  2
202503191800 108  27  3.8  -9 -9.0   -9 1012.0 1022.7  3   0.2   5.2  -7.6  39.0   3.5   -9.0   -9.0   -9.0   -9.0   -9.0   -9.0   -9.0 -9 -9 -                        0   0   -9 -         -9  -9  -9  2268  1.0  0.68 -9   5.7   7.0   6.3   4.7   4.5  -9 -9.0 -9  3  2
202503191900 108  27  3.5  -9 -9.0   -9 1012.3 1023.0 -9  -9.0   3.5  -5.4  52.0   4.1   -9.0   -9.0   -9.0   -9.0   -9.0   -9.0   -9.0 -9 -9 -                        0   0   -9 -         -9  -9  -9  1746  0.3  0.10 -9   3.1   6.4   5.8   4.9   4.5  -9 -9.0 -9  3 -9
202503192000 108  27  2.7  -9 -9.0   -9 1012.8 1023.6 -9  -9.0   2.9  -5.0  56.0   4.2   -9.0   -9.0   -9.0   -9.0   -9.0   -9.0   -9.0 -9 -9 -                        0   0   -9 -         -9  -9  -9  1674 -9.0 -9.00 -9   1.7   5.7   4.6   3.8   3.5  -9 -9.0 -9  3 -9
202503192100 108  27  1.8  -9 -9.0   -9 1013.0 1023.8  2   1.1   2.3  -4.6  60.0   4.3   -9.0   -9.0   -9.0   -9.0   -9.0   -9.0   -9.0 -9 -9 -                        0   0   -9 -         -9  -9  -9  1623 -9.0 -9.00 -9   0.9   5.2   5.0   5.4   5.1  -9 -9.0 -9  3  2
202503192200 108  32  0.9  -9 -9.0   -9 1013.1 1023.9 -9  -9.0   2.0  -4.3  63.0   4.4   -9.0   -9.0   -9.0   -9.0   -9.0   -9.0   -9.0 -9 -9 -                        0   0   -9 -         -9  -9  -9  1508 -9.0 -9.00 -9   0.3   4.7   4.5   5.4   5.2  -9 -9.0 -9  3 -9
202503192300 108  23  0.9  -9 -9.0   -9 1012.8 1023.6 -9  -9.0   1.8  -4.5  63.0   4.4   -9.0   -9.0   -9.0   -9.0   -9.0   -9.0   -9.0 -9 -9 -                        0   0   -9 -         -9  -9  -9  1639 -9.0 -9.00 -9   0.6   4.3   4.1   5.4   5.3  -9 -9.0 -9  3 -9
202503200000 108  18  2.3  -9 -9.0   -9 1012.6 1023.4  8  -0.4   2.2  -3.5  66.0   4.7   -9.0   -9.0   -9.0   -9.0   -9.0   -9.0   -9.0 -9 -9 -                        8   8    7 Sc         0   0   5  1736 -9.0 -9.00 -9   0.7   3.9   3.8   5.3   5.3  -9 -9.0 -9  3  2
202503200100 108  25  1.3  -9 -9.0   -9 1012.2 1023.0 -9  -9.0   2.5  -3.0  67.0   4.9   -9.0   -9.0   -9.0   -9.0   -9.0   -9.0   -9.0 -9 -9 -                        8   8    8 -         -9  -9  -9  1544 -9.0 -9.00 -9   0.8   3.8   3.6   5.1   5.3  -9 -9.0 -9  3 -9
202503200200 108  14  1.3  -9 -9.0   -9 1011.9 1022.6 -9  -9.0   2.9  -2.8  66.0   5.0   -9.0   -9.0   -9.0   -9.0   -9.0   -9.0   -9.0 -9 -9 -                        9   9    8 -         -9  -9  -9  1512 -9.0 -9.00 -9   1.8   3.7   3.6   5.0   5.3  -9 -9.0 -9  3 -9
202503200300 108   9  1.1  -9 -9.0   -9 1011.5 1022.2  7  -1.2   3.2  -2.7  65.0   5.0   -9.0   -9.0   -9.0   -9.0   -9.0   -9.0   -9.0 -9 -9 -                        9   9    7 Sc         0   0   5  1519 -9.0 -9.00 -9   2.1   3.8   3.6   4.9   5.2  -9 -9.0 -9  3  2
202503200400 108   0  0.4  -9 -9.0   -9 1011.3 1022.0 -9  -9.0   3.2  -2.7  65.0   5.0   -9.0   -9.0   -9.0   -9.0   -9.0   -9.0   -9.0 -9 -9 -                        7   7    9 Sc         0   0   5  1455 -9.0 -9.00 -9   2.3   3.8   3.6   4.8   5.2  -9 -9.0 -9  3  2
202503200500 108   7  0.7  -9 -9.0   -9 1010.9 1021.6 -9  -9.0   3.3  -2.4  66.0   5.1   -9.0   -9.0   -9.0   -9.0   -9.0   -9.0   -9.0 -9 -9 -                        9   9    9 Sc         0   0   5  1402 -9.0 -9.00 -9   2.4   3.8   3.6   4.8   5.2  -9 -9.0 -9  3  2
202503200600 108  11  1.7  -9 -9.0   -9 1010.5 1021.2  7  -1.0   3.3  -2.4  66.0   5.1   -9.0   -9.0   -9.0   -9.0   -9.0   -9.0   -9.0 -9 -9 -                        0   0   -9 -         -9  -9  -9  1267 -9.0 -9.00 -9   1.6   3.8   3.6   4.7   5.1  -9 -9.0 -9  3  2
202503200700 108   9  1.5  -9 -9.0   -9 1010.4 1021.1 -9  -9.0   2.8  -2.7  67.0   5.0   -9.0   -9.0   -9.0   -9.0   -9.0   -9.0   -9.0 -9 -9 -                        4   4   15 Sc         0   0   5  1171  0.0  0.01 -9   1.4   3.7   3.5   4.7   5.1  -9 -9.0 -9  3  2
202503200800 108   9  1.3  -9 -9.0   -9 1010.3 1021.0 -9  -9.0   3.2  -1.9  69.0   5.3   -9.0   -9.0   -9.0   -9.0   -9.0   -9.0   -9.0 -9 -9 -                        1   1   10 Sc         0   0   5  1316  0.2  0.27 -9   2.2   3.6   3.4   4.6   5.0  -9 -9.0 -9  3  2
202503200900 108   7  1.9  -9 -9.0   -9 1009.9 1020.5  7  -0.7   4.8  -1.0  66.0   5.7   -9.0   -9.0   -9.0   -9.0   -9.0   -9.0   -9.0 -9 -9 -                        8   8    7 Sc         0   0   5  1294  0.5  0.73 -9   6.1   3.7   3.4   4.5   5.0  -9 -9.0 -9  3  2
202503201000 108   7  1.9  -9 -9.0   -9 1009.5 1020.1 -9  -9.0   6.0  -0.5  63.0   5.9   -9.0   -9.0   -9.0   -9.0   -9.0   -9.0   -9.0 -9 -9 -                        8   8    7 Sc         0   0   5  1295  0.0  0.94 -9   8.5   4.3   3.8   4.4   4.8  -9 -9.0 -9  3  2
202503201100 108  18  1.0  -9 -9.0   -9 1008.9 1019.4 -9  -9.0   7.6   0.9  63.0   6.5   -9.0   -9.0   -9.0   -9.0   -9.0   -9.0   -9.0 -9 -9 -                        8   8    6 Sc         0   0   5  1311  0.0  1.28 -9  11.3   5.1   4.4   4.3   4.8  -9 -9.0 -9  3  2
202503201200 108  20  2.5  -9 -9.0   -9 1007.9 1018.3  7  -2.2  10.0   2.5  60.0   7.3   -9.0   -9.0   -9.0   -9.0   -9.0   -9.0   -9.0 -9 -9 -                        1   1    7 Sc         0   0   5  1103  0.4  2.05 -9  18.1   6.1   5.3   4.4   4.7  -9 -9.0 -9  3  2
202503201300 108  18  4.0  -9 -9.0   -9 1007.0 1017.3 -9  -9.0  12.2   2.6  52.0   7.4   -9.0   -9.0   -9.0   -9.0   -9.0   -9.0   -9.0 -9 -9 -                        0   0   -9 -         -9  -9  -9  1136  1.0  2.99 -9  21.0   7.5   6.4   4.6   4.8  -9 -9.0 -9  3  2
202503201400 108  18  4.3  -9 -9.0   -9 1005.8 1016.0 -9  -9.0  13.9   2.4  46.0   7.3   -9.0   -9.0   -9.0   -9.0   -9.0   -9.0   -9.0 -9 -9 -                        0   0   -9 -         -9  -9  -9  1425  1.0  2.96 -9  21.9   8.7   7.6   4.8   4.8  -9 -9.0 -9  3  2
202503201500 108  20  5.0  -9 -9.0   -9 1004.6 1014.8  7  -3.5  14.7   2.8  45.0   7.5   -9.0   -9.0   -9.0   -9.0   -9.0   -9.0   -9.0 -9 -9 -                        0   0   -9 -         -9  -9  -9  1622  1.0  2.59 -9  20.9   9.6   8.5   5.1   4.8  -9 -9.0 -9  3  2
202503201600 108  23  4.7  25 11.0 1533 1003.9 1014.1 -9  -9.0  14.4   1.6  42.0   6.9   -9.0   -9.0   -9.0   -9.0   -9.0   -9.0   -9.0 -9 -9 -                        0   0   -9 -         -9  -9  -9  1684  1.0  2.09 -9  18.1  10.0   9.1   5.5   4.9  -9 -9.0 -9  3  2
202503201700 108  23  4.2  23 10.0 1601 1003.4 1013.6 -9  -9.0  13.8   1.4  43.0   6.8   -9.0   -9.0   -9.0   -9.0   -9.0   -9.0   -9.0 -9 -9 -                        0   0   -9 -         -9  -9  -9  1346  1.0  1.42 -9  14.4  10.0   9.2   5.9   5.1  -9 -9.0 -9  3  2
202503201800 108  23  5.8  25 11.0 1533 1003.6 1013.9  5  -0.9  11.9   2.3  52.0   7.2   -9.0   -9.0   -9.0   -9.0   -9.0   -9.0   -9.0  5  0 40                       0   0   -9 -         -9  -9  -9   968  1.0  0.62 -9  10.0   9.6   9.1   6.3   5.3  -9 -9.0 -9  3  1
202503201900 108  25  3.1  -9 -9.0   -9 1003.6 1014.0 -9  -9.0  10.6   3.1  60.0   7.6   -9.0   -9.0   -9.0   -9.0   -9.0   -9.0   -9.0 -9 -9 40                       0   0   -9 -         -9  -9  -9   767  0.2  0.09 -9   7.6   9.1   8.7   6.6   5.5  -9 -9.0 -9  3  2
202503202000 108  23  2.5  -9 -9.0   -9 1003.8 1014.2 -9  -9.0   9.9   3.6  65.0   7.9   -9.0   -9.0   -9.0   -9.0   -9.0   -9.0   -9.0 -9 -9 40                       0   0   -9 -         -9  -9  -9   686 -9.0 -9.00 -9   6.4   8.5   8.2   6.7   5.6  -9 -9.0 -9  3  2
202503202100 108  20  3.6  25 11.0 1533 1004.0 1014.4  2   0.5   9.2   4.0  70.0   8.1   -9.0   -9.0   -9.0   -9.0   -9.0   -9.0   -9.0  5  0 40                       0   0   -9 -         -9  -9  -9   578 -9.0 -9.00 -9   5.8   8.0   7.7   6.9   5.8  -9 -9.0 -9  3  1
202503202200 108  23  3.1  -9 -9.0   -9 1004.1 1014.5 -9  -9.0   8.7   4.1  73.0   8.2   -9.0   -9.0   -9.0   -9.0   -9.0   -9.0   -9.0 -9 -9 40                       0   0   -9 -         -9  -9  -9   549 -9.0 -9.00 -9   5.6   7.6   7.4   6.9   6.0  -9 -9.0 -9  3  2
202503202300 108  20  3.9  -9 -9.0   -9 1003.7 1014.1 -9  -9.0   8.3   4.3  76.0   8.3   -9.0   -9.0   -9.0   -9.0   -9.0   -9.0   -9.0 -9 -9 40                       0   0   -9 -         -9  -9  -9   556 -9.0 -9.00 -9   5.3   7.3   7.1   6.9   6.1  -9 -9.0 -9  3  2
202503210000 108  23  3.7  -9 -9.0   -9 1003.6 1014.0  8  -0.4   8.1   4.4  78.0   8.4   -9.0   -9.0   -9.0   -9.0   -9.0   -9.0   -9.0  5 22 40                       8   8    5 Sc         0   0   5   583 -9.0 -9.00 -9   6.0   7.0   6.8   6.8   6.1  -9 -9.0 -9  3  1
202503210100 108  20  2.4  -9 -9.0   -9 1003.7 1014.2 -9  -9.0   8.0   4.5  79.0   8.4   -9.0   -9.0   -9.0   -9.0   -9.0   -9.0   -9.0 -9 -9 40                       8   8    4 -         -9  -9  -9   561 -9.0 -9.00 -9   6.2   6.9   6.7   6.8   6.2  -9 -9.0 -9  3  2
202503210200 108  23  2.7  -9 -9.0   -9 1003.9 1014.4 -9  -9.0   7.9   4.8  81.0   8.6   -9.0   -9.0   -9.0   -9.0   -9.0   -9.0   -9.0 -9 -9 4019                     8   8    3 -         -9  -9  -9   504 -9.0 -9.00 -9   6.2   6.9   6.7   6.7   6.2  -9 -9.0 -9  3  2
202503210300 108  20  2.4  -9 -9.0   -9 1003.4 1013.9  8  -0.1   7.9   4.8  81.0   8.6   -9.0   -9.0   -9.0   -9.0   -9.0   -9.0   -9.0 10 22 19                       9   9    7 Sc         0   0   5   431 -9.0 -9.00 -9   6.3   6.8   6.6   6.7   6.2  -9 -9.0 -9  3  1
202503210400 108  20  2.9  -9 -9.0   -9 1002.9 1013.3 -9  -9.0   7.9   5.1  83.0   8.8   -9.0   -9.0   -9.0   -9.0   -9.0   -9.0   -9.0 10 22 19                       9   9    9 Sc         0   0   5   360 -9.0 -9.00 -9   6.3   6.8   6.6   6.6   6.2  -9 -9.0 -9  3  1
202503210500 108  20  3.0  -9 -9.0   -9 1002.6 1013.0 -9  -9.0   8.0   5.4  84.0   9.0   -9.0   -9.0   -9.0   -9.0   -9.0   -9.0   -9.0 10 22 19                       9   9    9 Sc         0   0   5   323 -9.0 -9.00 -9   6.3   6.8   6.5   6.6   6.2  -9 -9.0 -9  3  1
202503210600 108  20  2.5  -9 -9.0   -9 1002.5 1012.9  7  -1.0   8.1   5.3  83.0   8.9   -9.0   -9.0   -9.0   -9.0   -9.0   -9.0   -9.0 10 22 19                       9   9    8 Sc         0   0   5   309 -9.0 -9.00 -9   6.3   6.7   6.5   6.5   6.2  -9 -9.0 -9  3  1
202503210700 108  18  2.1  -9 -9.0   -9 1002.6 1013.0 -9  -9.0   8.1   5.2  82.0   8.8   -9.0   -9.0   -9.0   -9.0   -9.0   -9.0   -9.0 10 22 19                       9   9    7 Sc         0   0   5   329  0.0  0.01 -9   6.4   6.7   6.5   6.5   6.2  -9 -9.0 -9  3  1
202503210800 108  16  2.3  -9 -9.0   -9 1002.3 1012.7 -9  -9.0   8.4   5.4  82.0   9.0   -9.0   -9.0   -9.0   -9.0   -9.0   -9.0   -9.0 10 22 19                       9   9    8 Sc         0   0   5   373  0.0  0.17 -9   7.3   6.7   6.5   6.5   6.2  -9 -9.0 -9  3  1
202503210900 108  16  1.5  -9 -9.0   -9 1002.4 1012.8  5  -0.1   9.2   5.5  78.0   9.0   -9.0   -9.0   -9.0   -9.0   -9.0   -9.0   -9.0 10 11 19                       1   1   10 Sc         0   0   5   447  0.2  0.60 -9   9.9   6.8   6.6   6.4   6.2  -9 -9.0 -9  3  1
202503211000 108  23  2.6  -9 -9.0   -9 1002.3 1012.6 -9  -9.0  11.4   5.4  67.0   9.0   -9.0   -9.0   -9.0   -9.0   -9.0   -9.0   -9.0  5  0 4019                     0   0   -9 -         -9  -9  -9   647  1.0  1.73 -9  16.0   7.7   6.9   6.3   6.1  -9 -9.0 -9  3  1
202503211100 108  18  2.9  -9 -9.0   -9 1002.0 1012.2 -9  -9.0  13.4   5.2  58.0   8.8   -9.0   -9.0   -9.0   -9.0   -9.0   -9.0   -9.0  5  0 40                       0   0   -9 -         -9  -9  -9   748  1.0  2.36 -9  20.1   8.8   7.7   6.3   6.0  -9 -9.0 -9  3  1
202503211200 108  18  3.1  -9 -9.0   -9 1001.0 1011.2  7  -1.6  15.0   5.2  52.0   8.8   -9.0   -9.0   -9.0   -9.0   -9.0   -9.0   -9.0  5  0 40                       0   0   -9 -         -9  -9  -9   806  1.0  2.77 -9  23.2  10.0   8.6   6.3   5.9  -9 -9.0 -9  3  1
202503211300 108  20  2.6  -9 -9.0   -9 1000.1 1010.2 -9  -9.0  16.8   4.7  45.0   8.5   -9.0   -9.0   -9.0   -9.0   -9.0   -9.0   -9.0  5  0 40                       0   0   -9 -         -9  -9  -9   954  1.0  2.96 -9  25.2  11.1   9.7   6.5   5.9  -9 -9.0 -9  3  1
202503211400 108  23  3.2  -9 -9.0   -9  999.1 1009.1 -9  -9.0  18.1   3.9  39.0   8.1   -9.0   -9.0   -9.0   -9.0   -9.0   -9.0   -9.0 -9 -9 40                       0   0   -9 -         -9  -9  -9  1146  1.0  2.94 -9  25.6  12.2  10.8   6.8   6.0  -9 -9.0 -9  3  2
202503211500 108  25  3.8  -9 -9.0   -9  998.8 1008.8  7  -2.4  18.3   3.3  37.0   7.7   -9.0   -9.0   -9.0   -9.0   -9.0   -9.0   -9.0 -9 -9 -                        0   0   -9 -         -9  -9  -9  1156  1.0  2.63 -9  24.4  12.9  11.6   7.1   6.0  -9 -9.0 -9  3  2
202503211600 108  25  3.8  -9 -9.0   -9  998.3 1008.3 -9  -9.0  18.3   2.1  34.0   7.1   -9.0   -9.0   -9.0   -9.0   -9.0   -9.0   -9.0 -9 -9 -                        0   0   -9 -         -9  -9  -9  1193  1.0  2.07 -9  21.6  13.2  12.0   7.5   6.2  -9 -9.0 -9  3  2
202503211700 108  25  4.1  -9 -9.0   -9  998.3 1008.3 -9  -9.0  17.2   1.9  36.0   7.0   -9.0   -9.0   -9.0   -9.0   -9.0   -9.0   -9.0 -9 -9 -                        0   0   -9 -         -9  -9  -9  1236  1.0  1.40 -9  17.8  13.1  12.1   7.9   6.3  -9 -9.0 -9  3  2
202503211800 108  25  3.2  -9 -9.0   -9  998.4 1008.5  5  -0.3  15.1   0.8  38.0   6.5   -9.0   -9.0   -9.0   -9.0   -9.0   -9.0   -9.0 -9 -9 -                        0   0   -9 -         -9  -9  -9  1374  1.0  0.69 -9  12.7  12.6  11.9   8.2   6.6  -9 -9.0 -9  3  2
202503211900 108  23  4.7  -9 -9.0   -9  998.9 1009.1 -9  -9.0  12.9   1.5  46.0   6.8   -9.0   -9.0   -9.0   -9.0   -9.0   -9.0   -9.0 -9 -9 -                        0   0   -9 -         -9  -9  -9  1354  0.3  0.11 -9   9.9  11.9  11.3   8.5   6.8  -9 -9.0 -9  3 -9
202503212000 108  23  4.3  -9 -9.0   -9  999.7 1010.0 -9  -9.0  11.5   1.6  51.0   6.9   -9.0   -9.0   -9.0   -9.0   -9.0   -9.0   -9.0 -9 -9 -                        0   0   -9 -         -9  -9  -9  1367 -9.0 -9.00 -9   8.3  11.1  10.6   8.5   6.8  -9 -9.0 -9  3 -9
202503212100 108  25  2.6  -9 -9.0   -9 1000.4 1010.7  2   2.2  10.7   2.0  55.0   7.1   -9.0   -9.0   -9.0   -9.0   -9.0   -9.0   -9.0 -9 -9 -                        0   0   -9 -         -9  -9  -9  1319 -9.0 -9.00 -9   7.3  10.4  10.0   8.6   7.0  -9 -9.0 -9  3  2
202503212200 108  23  2.8  -9 -9.0   -9 1000.6 1011.0 -9  -9.0   9.5   3.4  66.0   7.8   -9.0   -9.0   -9.0   -9.0   -9.0   -9.0   -9.0 -9 -9 -                        0   0   -9 -         -9  -9  -9  1262 -9.0 -9.00 -9   6.7   9.8   9.4   8.6   7.2  -9 -9.0 -9  3 -9
202503212300 108  25  2.4  -9 -9.0   -9 1000.9 1011.3 -9  -9.0   8.9   3.3  68.0   7.7   -9.0   -9.0   -9.0   -9.0   -9.0   -9.0   -9.0 -9 -9 -                        0   0   -9 -         -9  -9  -9  1158 -9.0 -9.00 -9   5.9   9.3   8.2   7.0   5.8  -9 -9.0 -9  3 -9
202503220000 108  25  1.7  -9 -9.0   -9 1000.9 1011.3  1   0.6   8.6   2.5  66.0   7.3   -9.0   -9.0   -9.0   -9.0   -9.0   -9.0   -9.0 -9 -9 -                        0   0   -9 -         -9  -9  -9  1123 -9.0 -9.00 -9   5.3   8.8   7.7   6.8   5.8  -9 -9.0 -9  3  2
202503220100 108  23  1.8  -9 -9.0   -9 1000.5 1010.9 -9  -9.0   8.4   2.4  66.0   7.3   -9.0   -9.0   -9.0   -9.0   -9.0   -9.0   -9.0 -9 -9 -                        0   0   -9 -         -9  -9  -9  1146 -9.0 -9.00 -9   4.9   8.4   7.3   6.7   5.8  -9 -9.0 -9  3 -9
202503220200 108  25  2.2  -9 -9.0   -9 1000.4 1010.8 -9  -9.0   8.5   2.9  68.0   7.5   -9.0   -9.0   -9.0   -9.0   -9.0   -9.0   -9.0 -9 -9 40                       0   0   -9 -         -9  -9  -9   984 -9.0 -9.00 -9   4.7   8.0   6.9   6.6   5.9  -9 -9.0 -9  3  2
202503220300 108  23  1.5  -9 -9.0   -9 1000.0 1010.4  7  -0.9   8.0   2.4  68.0   7.3   -9.0   -9.0   -9.0   -9.0   -9.0   -9.0   -9.0  5  0 40                       0   0   -9 -         -9  -9  -9   912 -9.0 -9.00 -9   4.2   7.7   6.6   6.5   5.8  -9 -9.0 -9  3  1
202503220400 108   2  0.5  -9 -9.0   -9  999.8 1010.2 -9  -9.0   7.5   2.7  72.0   7.4   -9.0   -9.0   -9.0   -9.0   -9.0   -9.0   -9.0  5  0 40                       0   0   -9 -         -9  -9  -9   815 -9.0 -9.00 -9   3.7   7.4   6.3   6.3   5.8  -9 -9.0 -9  3  1
202503220500 108   2  1.8  -9 -9.0   -9  999.3 1009.8 -9  -9.0   6.9   2.3  73.0   7.2   -9.0   -9.0   -9.0   -9.0   -9.0   -9.0   -9.0  5  0 40                       0   0   -9 -         -9  -9  -9   747 -9.0 -9.00 -9   3.4   7.1   6.1   6.2   5.8  -9 -9.0 -9  3  1
202503220600 108   2  1.8  -9 -9.0   -9  999.1 1009.6  7  -0.8   6.3   2.1  75.0   7.1   -9.0   -9.0   -9.0   -9.0   -9.0   -9.0   -9.0  5  0 40                       0   0   -9 -         -9  -9  -9   721 -9.0 -9.00 -9   3.1   6.8   5.8   6.0   5.8  -9 -9.0 -9  3  1
202503220700 108   2  2.0  -9 -9.0   -9  999.4 1009.9 -9  -9.0   6.2   2.2  76.0   7.2   -9.0   -9.0   -9.0   -9.0   -9.0   -9.0   -9.0  5  0 40                       0   0   -9 -         -9  -9  -9   704  0.0  0.02 -9   3.2   6.5   5.6   5.9   5.8  -9 -9.0 -9  3  1
202503220800 108   5  1.7  -9 -9.0   -9  999.5 1009.9 -9  -9.0   7.6   3.0  73.0   7.6   -9.0   -9.0   -9.0   -9.0   -9.0   -9.0   -9.0  5  0 40                       0   0   -9 -         -9  -9  -9   744  0.8  0.38 -9   5.1   6.4   5.4   5.8   5.7  -9 -9.0 -9  3  1
202503220900 108   5  1.8  -9 -9.0   -9  999.7 1010.0  2   0.4  10.3   3.9  65.0   8.1   -9.0   -9.0   -9.0   -9.0   -9.0   -9.0   -9.0  5  0 40                       0   0   -9 -         -9  -9  -9   744  1.0  1.07 -9  11.6   6.8   5.6   5.7   5.7  -9 -9.0 -9  3  1
202503221000 108  23  2.6  -9 -9.0   -9  999.9 1010.1 -9  -9.0  13.3   4.6  56.0   8.5   -9.0   -9.0   -9.0   -9.0   -9.0   -9.0   -9.0  5  0 40                       0   0   -9 -         -9  -9  -9   704  1.0  1.79 -9  17.0   7.9   6.3   5.8   5.9  -9 -9.0 -9  3  1
202503221100 108  20  3.1  -9 -9.0   -9  999.4 1009.5 -9  -9.0  15.7   5.0  49.0   8.7   -9.0   -9.0   -9.0   -9.0   -9.0   -9.0   -9.0  5  0 40                       0   0   -9 -         -9  -9  -9   744  1.0  2.40 -9  21.1   9.2   7.2   5.8   5.8  -9 -9.0 -9  3  1
202503221200 108  23  3.4  -9 -9.0   -9  999.0 1009.0  8  -1.0  17.6   4.8  43.0   8.6   -9.0   -9.0   -9.0   -9.0   -9.0   -9.0   -9.0  5  0 40                       0   0   -9 -         -9  -9  -9   791  1.0  2.83 -9  24.3  10.5   8.4   5.8   5.7  -9 -9.0 -9  3  1
202503221300 108  20  3.4  -9 -9.0   -9  998.5 1008.5 -9  -9.0  18.9   3.4  36.0   7.8   -9.0   -9.0   -9.0   -9.0   -9.0   -9.0   -9.0  5  0 40                       0   0   -9 -         -9  -9  -9   944  1.0  3.01 -9  26.2  11.8   9.5   5.9   5.6  -9 -9.0 -9  3  1
202503221400 108  20  4.6  -9 -9.0   -9  997.8 1007.7 -9  -9.0  19.4   3.1  34.0   7.6   -9.0   -9.0   -9.0   -9.0   -9.0   -9.0   -9.0 -9 -9 40                       0   0   -9 -         -9  -9  -9  1188  1.0  2.97 -9  25.6  12.8  10.6   6.0   5.5  -9 -9.0 -9  3  2
202503221500 108  23  5.2  -9 -9.0   -9  997.3 1007.2  7  -1.8  19.6   2.4  32.0   7.3   -9.0   -9.0   -9.0   -9.0   -9.0   -9.0   -9.0 -9 -9 -                        0   0   -9 -         -9  -9  -9  1194  1.0  2.64 -9  24.4  13.4  11.4   6.3   5.5  -9 -9.0 -9  3  2
202503221600 108  25  4.3  20 10.0 1537  997.3 1007.2 -9  -9.0  19.5   0.0  27.0   6.1   -9.0   -9.0   -9.0   -9.0   -9.0   -9.0   -9.0 -9 -9 -                        0   0   -9 -         -9  -9  -9  1199  1.0  2.11 -9  22.0  13.6  11.7   6.7   5.6  -9 -9.0 -9  3  2
202503221700 108  20  3.1  -9 -9.0   -9  997.1 1007.1 -9  -9.0  19.1   1.9  32.0   7.0   -9.0   -9.0   -9.0   -9.0   -9.0   -9.0   -9.0 -9 -9 -                        0   0   -9 -         -9  -9  -9  1188  1.0  1.45 -9  18.6  13.6  11.8   7.0   5.7  -9 -9.0 -9  3  2
202503221800 108  20  2.9  20 10.0 1537  997.3 1007.3  3   0.1  17.0   1.8  36.0   7.0   -9.0   -9.0   -9.0   -9.0   -9.0   -9.0   -9.0 -9 -9 -                        0   0   -9 -         -9  -9  -9  1317  1.0  0.66 -9  13.8  13.3  11.6   7.4   5.9  -9 -9.0 -9  3  2
202503221900 108  20  2.7  -9 -9.0   -9  997.9 1008.0 -9  -9.0  14.9   1.7  41.0   6.9   -9.0   -9.0   -9.0   -9.0   -9.0   -9.0   -9.0 -9 -9 -                        0   0   -9 -         -9  -9  -9  1332  0.3  0.11 -9  10.8  12.6  11.0   7.2   5.6  -9 -9.0 -9  3 -9
202503222000 108  25  2.8  -9 -9.0   -9  998.4 1008.6 -9  -9.0  13.4   2.2  47.0   7.2   -9.0   -9.0   -9.0   -9.0   -9.0   -9.0   -9.0 -9 -9 -                        0   0   -9 -         -9  -9  -9  1197 -9.0 -9.00 -9   9.1  11.7  10.5   7.7   6.2  -9 -9.0 -9  3 -9
202503222100 108  25  3.2  20 10.0 1537  998.9 1009.1  2   1.8  12.7   2.5  50.0   7.3   -9.0   -9.0   -9.0   -9.0   -9.0   -9.0   -9.0 -9 -9 -                        0   0   -9 -         -9  -9  -9  1076 -9.0 -9.00 -9   8.3  11.2   9.9   7.9   6.4  -9 -9.0 -9  3  2
202503222200 108  25  3.1  -9 -9.0   -9  999.4 1009.7 -9  -9.0  12.0   2.9  54.0   7.5   -9.0   -9.0   -9.0   -9.0   -9.0   -9.0   -9.0 -9 -9 -                        0   0   -9 -         -9  -9  -9  1019 -9.0 -9.00 -9   7.7  10.7   9.4   7.9   6.6  -9 -9.0 -9  3 -9
202503222300 108  20  2.6  -9 -9.0   -9  999.7 1010.0 -9  -9.0  11.4   3.4  58.0   7.8   -9.0   -9.0   -9.0   -9.0   -9.0   -9.0   -9.0 -9 -9 -                        0   0   -9 -         -9  -9  -9  1010 -9.0 -9.00 -9   7.0  10.1   9.0   7.9   6.7  -9 -9.0 -9  3 -9
202503230000 108  25  2.0  -9 -9.0   -9  999.8 1010.1  2   1.0  10.9   3.6  61.0   7.9   -9.0   -9.0   -9.0   -9.0   -9.0   -9.0   -9.0  5  0 40                       0   0   -9 -         -9  -9  -9   928 -9.0 -9.00 -9   6.5   9.7   8.6   7.8   6.7  -9 -9.0 -9  3  1
202503230100 108  23  1.9  -9 -9.0   -9  999.8 1010.1 -9  -9.0  10.4   3.8  64.0   8.0   -9.0   -9.0   -9.0   -9.0   -9.0   -9.0   -9.0 -9 -9 40                       0   0   -9 -         -9  -9  -9   902 -9.0 -9.00 -9   6.1   9.3   8.2   7.7   6.8  -9 -9.0 -9  3  2
202503230200 108  25  0.9  -9 -9.0   -9  999.6 1009.9 -9  -9.0   9.7   3.8  67.0   8.0   -9.0   -9.0   -9.0   -9.0   -9.0   -9.0   -9.0 -9 -9 40                       0   0   -9 -         -9  -9  -9   835 -9.0 -9.00 -9   5.5   9.0   7.9   7.6   6.8  -9 -9.0 -9  3  2
202503230300 108  32  0.6  -9 -9.0   -9  999.6 1010.0  5  -0.1   9.1   3.9  70.0   8.1   -9.0   -9.0   -9.0   -9.0   -9.0   -9.0   -9.0  5  0 40                       0   0   -9 -         -9  -9  -9   799 -9.0 -9.00 -9   4.9   8.6   7.5   7.3   6.8  -9 -9.0 -9  3  1
202503230400 108   5  1.3  -9 -9.0   -9  999.7 1010.1 -9  -9.0   8.2   3.4  72.0   7.8   -9.0   -9.0   -9.0   -9.0   -9.0   -9.0   -9.0  5  0 40                       0   0   -9 -         -9  -9  -9   754 -9.0 -9.00 -9   4.4   8.2   7.2   7.3   6.8  -9 -9.0 -9  3  1
202503230500 108   2  1.6  -9 -9.0   -9  999.9 1010.3 -9  -9.0   7.9   3.5  74.0   7.8   -9.0   -9.0   -9.0   -9.0   -9.0   -9.0   -9.0  5  0 40                       0   0   -9 -         -9  -9  -9   755 -9.0 -9.00 -9   4.1   7.9   6.9   7.1   6.8  -9 -9.0 -9  3  1
202503230600 108   5  2.2  -9 -9.0   -9 1000.1 1010.5  2   0.5   7.2   3.0  75.0   7.6   -9.0   -9.0   -9.0   -9.0   -9.0   -9.0   -9.0  5  0 40                       0   0   -9 -         -9  -9  -9   695 -9.0 -9.00 -9   3.6   7.6   6.6   7.0   6.7  -9 -9.0 -9  3  1
202503230700 108   7  1.9  -9 -9.0   -9 1000.8 1011.2 -9  -9.0   7.4   3.2  75.0   7.7   -9.0   -9.0   -9.0   -9.0   -9.0   -9.0   -9.0  5  0 40                       0   0   -9 -         -9  -9  -9   732  0.0  0.02 -9   4.0   7.3   6.3   6.8   6.7  -9 -9.0 -9  3  1
202503230800 108   7  1.7  -9 -9.0   -9 1001.2 1011.6 -9  -9.0   9.0   3.8  70.0   8.0   -9.0   -9.0   -9.0   -9.0   -9.0   -9.0   -9.0  5  0 40                       0   0   -9 -         -9  -9  -9   844  0.8  0.38 -9   5.9   7.2   6.2   6.7   6.6  -9 -9.0 -9  3  1
202503230900 108   7  2.1  -9 -9.0   -9 1001.2 1011.5  0   1.0  12.1   4.0  58.0   8.1   -9.0   -9.0   -9.0   -9.0   -9.0   -9.0   -9.0  5  0 40                       0   0   -9 -         -9  -9  -9   881  1.0  1.14 -9  12.5   7.6   6.4   6.6   6.6  -9 -9.0 -9  3  1
202503231000 108   7  2.4  -9 -9.0   -9 1001.3 1011.5 -9  -9.0  14.6   3.9  49.0   8.1   -9.0   -9.0   -9.0   -9.0   -9.0   -9.0   -9.0  5  0 40                       0   0   -9 -         -9  -9  -9   896  1.0  1.86 -9  18.1   8.6   7.0   6.5   6.6  -9 -9.0 -9  3  1
202503231100 108  18  1.8  -9 -9.0   -9 1000.9 1011.0 -9  -9.0  16.9   4.2  43.0   8.2   -9.0   -9.0   -9.0   -9.0   -9.0   -9.0   -9.0  5  0 40                       0   0   -9 -         -9  -9  -9   921  1.0  2.48 -9  22.6   9.9   7.9   6.4   6.4  -9 -9.0 -9  3  1
202503231200 108   7  1.1  -9 -9.0   -9 1000.0 1010.0  7  -1.5  19.3   4.6  38.0   8.5   -9.0   -9.0   -9.0   -9.0   -9.0   -9.0   -9.0  5  0 40                       0   0   -9 -         -9  -9  -9   904  1.0  2.85 -9  26.5  11.3   9.1   6.4   6.3  -9 -9.0 -9  3  1
202503231300 108  20  2.6  -9 -9.0   -9  998.9 1008.8 -9  -9.0  21.6   2.2  28.0   7.2   -9.0   -9.0   -9.0   -9.0   -9.0   -9.0   -9.0  5  0 40                       0   0   -9 -         -9  -9  -9   935  1.0  3.04 -9  28.2  12.7  10.4   6.5   6.2  -9 -9.0 -9  3  1
202503231400 108  23  2.4  -9 -9.0   -9  998.1 1007.9 -9  -9.0  23.3   2.7  26.0   7.4   -9.0   -9.0   -9.0   -9.0   -9.0   -9.0   -9.0  5  0 40                       0   0   -9 -         -9  -9  -9   962  1.0  2.96 -9  28.8  13.9  11.6   6.7   6.1  -9 -9.0 -9  3  1
202503231500 108  25  3.0  -9 -9.0   -9  997.3 1007.1  7  -2.9  23.8   3.1  26.0   7.6   -9.0   -9.0   -9.0   -9.0   -9.0   -9.0   -9.0  5  0 40                       6   0   -9 Ci         1   0   0   934  1.0  2.47 -9  26.0  14.8  12.6   7.0   6.1  -9 -9.0 -9  3  1
202503231600 108  20  4.0  -9 -9.0   -9  997.2 1007.0 -9  -9.0  23.0   3.9  29.0   8.1   -9.0   -9.0   -9.0   -9.0   -9.0   -9.0   -9.0  5 22 40                       7   0   -9 Ci         1   0   0   951  0.9  1.60 -9  22.6  15.1  13.0   7.5   6.2  -9 -9.0 -9  3  1
202503231700 108  23  3.2  -9 -9.0   -9  997.0 1006.9 -9  -9.0  21.5   1.6  27.0   6.9   -9.0   -9.0   -9.0   -9.0   -9.0   -9.0   -9.0 -9 -9 40                       8   0   -9 Ci         2   0   0  1336  0.2  0.67 -9  18.2  14.9  13.1   8.0   6.5  -9 -9.0 -9  3  2
202503231800 108  20  3.0  -9 -9.0   -9  997.2 1007.1  4   0.0  20.0   4.8  37.0   8.6   -9.0   -9.0   -9.0   -9.0   -9.0   -9.0   -9.0 -9 -9 -                        8   0   -9 Ci         2   0   0  1076  0.0  0.41 -9  15.3  14.5  12.8   8.4   6.7  -9 -9.0 -9  3  2
202503231900 108  23  2.9  -9 -9.0   -9  997.2 1007.2 -9  -9.0  18.0   5.2  43.0   8.8   -9.0   -9.0   -9.0   -9.0   -9.0   -9.0   -9.0 -9 -9 -                        7   7   75 -         -9  -9  -9  1092  0.0  0.08 -9  12.7  13.8  12.3   8.6   6.9  -9 -9.0 -9  3 -9
202503232000 108  25  1.1  -9 -9.0   -9  997.5 1007.6 -9  -9.0  16.7   5.3  47.0   8.9   -9.0   -9.0   -9.0   -9.0   -9.0   -9.0   -9.0 -9 -9 -                        7   7   59 -         -9  -9  -9  1052 -9.0 -9.00 -9  11.0  13.0  11.5   8.3   6.6  -9 -9.0 -9  3 -9
202503232100 108  25  0.5  -9 -9.0   -9  997.2 1007.3  0   0.2  15.8   3.5  44.0   7.8   -9.0   -9.0   -9.0   -9.0   -9.0   -9.0   -9.0 -9 -9 -                        9   0   -9 Ci         1   0   0  1060 -9.0 -9.00 -9  10.2  12.4  11.0   8.4   6.7  -9 -9.0 -9  3  2
202503232200 108   0  0.4  -9 -9.0   -9  997.0 1007.1 -9  -9.0  15.1   3.2  45.0   7.7   -9.0   -9.0   -9.0   -9.0   -9.0   -9.0   -9.0 -9 -9 -                        9   9   49 -         -9  -9  -9  1046 -9.0 -9.00 -9   9.8  11.8  10.7   8.8   7.3  -9 -9.0 -9  3 -9
202503232300 108   9  0.6  -9 -9.0   -9  996.9 1007.0 -9  -9.0  14.6   2.7  45.0   7.4   -9.0   -9.0   -9.0   -9.0   -9.0   -9.0   -9.0 -9 -9 40                      10  10   47 -         -9  -9  -9   935 -9.0 -9.00 -9   9.6  11.4  10.3   8.8   7.4  -9 -9.0 -9  3  2
202503240000 108   2  0.8  -9 -9.0   -9  996.3 1006.4  7  -0.9  14.4   2.2  44.0   7.2   -9.0   -9.0   -9.0   -9.0   -9.0   -9.0   -9.0 -9 -9 40                       9   7   43 AcCi       1   3   0  1004 -9.0 -9.00 -9   9.5  11.1  10.0   8.7   7.5  -9 -9.0 -9  3  2
202503240100 108   2  1.4  -9 -9.0   -9  995.7 1005.8 -9  -9.0  14.0   2.5  46.0   7.3   -9.0   -9.0   -9.0   -9.0   -9.0   -9.0   -9.0 -9 -9 -                       10  10   42 -         -9  -9  -9  1024 -9.0 -9.00 -9   9.1  10.9   9.7   8.6   7.5  -9 -9.0 -9  3 -9
202503240200 108   2  1.0  -9 -9.0   -9  995.1 1005.2 -9  -9.0  13.8   1.0  42.0   6.6   -9.0   -9.0   -9.0   -9.0   -9.0   -9.0   -9.0 -9 -9 -                       10  10   37 -         -9  -9  -9  1031 -9.0 -9.00 -9   8.8  10.6   9.5   8.5   7.5  -9 -9.0 -9  3 -9
202503240300 108  34  1.0  -9 -9.0   -9  994.5 1004.6  7  -1.8  13.6   1.2  43.0   6.7   -9.0   -9.0   -9.0   -9.0   -9.0   -9.0   -9.0 -9 -9 -                        9   7   34 AcCi       1   3   0  1022 -9.0 -9.00 -9   8.7  10.4   9.3   8.4   7.6  -9 -9.0 -9  3  2
202503240400 108   2  1.7  -9 -9.0   -9  993.9 1004.1 -9  -9.0  13.2   1.1  44.0   6.6   -9.0   -9.0   -9.0   -9.0   -9.0   -9.0   -9.0 -9 -9 -                        7   0   -9 Ci         1   0   0  1033 -9.0 -9.00 -9   8.0  10.3   9.1   8.3   7.6  -9 -9.0 -9  3  2
202503240500 108  36  1.1  -9 -9.0   -9  993.3 1003.5 -9  -9.0  12.6   0.9  45.0   6.5   -9.0   -9.0   -9.0   -9.0   -9.0   -9.0   -9.0 -9 -9 -                        9   6   40 AcCi       1   3   0  1034 -9.0 -9.00 -9   7.5  10.0   8.8   8.1   7.4  -9 -9.0 -9  3  2
202503240600 108  23  3.6  -9 -9.0   -9  993.6 1003.7  5  -0.9  14.2   0.7  40.0   6.4   -9.0   -9.0   -9.0   -9.0   -9.0   -9.0   -9.0 -9 -9 -                        9   8   30 AcCi       1   3   0  1155 -9.0 -9.00 -9   8.0   9.8   8.6   8.0   7.5  -9 -9.0 -9  3  2
202503240700 108  18  1.6  -9 -9.0   -9  993.3 1003.4 -9  -9.0  14.1   2.3  45.0   7.2   -9.0    0.0    0.0   -9.0   -9.0   -9.0   -9.0 21 62 01                       9   5   28 AcCi       1   3   0  1105  0.0  0.01 -9   8.6   9.8   8.6   7.9   7.4  -9 -9.0 -9  4  1
202503240800 108  20  2.7  -9 -9.0   -9  993.6 1003.7 -9  -9.0  14.4   4.0  50.0   8.1   -9.0    0.0    0.0   -9.0   -9.0   -9.0   -9.0 -9 -9 -                        8   3   10 ScCi       1   0   5  1202  0.0  0.18 -9  10.0   9.8   8.6   7.8   7.4  -9 -9.0 -9  3  2
202503240900 108  20  2.6  -9 -9.0   -9  993.5 1003.6  5  -0.1  15.3   6.0  54.0   9.3    0.0    0.0    0.0   -9.0   -9.0   -9.0   -9.0 -9 62 -                        8   3   37 AcCi       1   3   0  1378  0.1  0.73 -9  13.3  10.2   8.8   7.8   7.4  -9 -9.0 -9  3  1
202503241000 108  18  4.2  -9 -9.0   -9  992.9 1002.9 -9  -9.0  16.5   6.5  52.0   9.7   -9.0    0.0    0.0   -9.0   -9.0   -9.0   -9.0 -9 -9 -                        0   0   -9 -         -9  -9  -9  1333  0.9  1.56 -9  17.7  10.8   9.3   7.8   7.4  -9 -9.0 -9  3  2
202503241100 108  23  3.3  -9 -9.0   -9  992.6 1002.5 -9  -9.0  18.1   7.5  50.0  10.4   -9.0    0.0    0.0   -9.0   -9.0   -9.0   -9.0 -9 -9 -                        0   0   -9 -         -9  -9  -9  1392  1.0  2.24 -9  22.2  11.8  10.0   7.7   7.3  -9 -9.0 -9  3  2
202503241200 108  25  3.6  -9 -9.0   -9  992.3 1002.2  7  -1.4  18.8   7.5  48.0  10.4   -9.0    0.0    0.0   -9.0   -9.0   -9.0   -9.0 -9 -9 -                        0   0   -9 -         -9  -9  -9  1198  1.0  2.67 -9  25.0  12.9  10.8   7.8   7.2  -9 -9.0 -9  3  2
202503241300 108  23  3.1  -9 -9.0   -9  991.3 1001.1 -9  -9.0  20.5   8.4  46.0  11.0   -9.0    0.0    0.0   -9.0   -9.0   -9.0   -9.0 -9 -9 -                        0   0   -9 -         -9  -9  -9  1238  1.0  2.85 -9  27.2  14.0  11.8   7.9   7.2  -9 -9.0 -9  3  2
202503241400 108  20  4.0  -9 -9.0   -9  990.5 1000.3 -9  -9.0  21.3   8.5  44.0  11.1   -9.0    0.0    0.0   -9.0   -9.0   -9.0   -9.0 -9 -9 -                        0   0   -9 -         -9  -9  -9  1115  1.0  2.74 -9  27.1  15.0  12.8   8.0   7.1  -9 -9.0 -9  3  2
202503241500 108  25  3.9  -9 -9.0   -9  990.0  999.8  7  -2.4  20.0   8.9  49.0  11.4   -9.0    0.0    0.0   -9.0   -9.0   -9.0   -9.0 -9 -9 -                        7   0   -9 Ci         1   0   0  1018  1.0  2.24 -9  25.2  15.5  13.4   8.4   7.2  -9 -9.0 -9  3  2
202503241600 108  23  5.5  -9 -9.0   -9  990.1 1000.0 -9  -9.0  19.3   8.0  48.0  10.7   -9.0    0.0    0.0   -9.0   -9.0   -9.0   -9.0  5  0 40                       0   0   -9 -         -9  -9  -9   972  1.0  2.02 -9  22.4  15.7  13.7   8.6   7.2  -9 -9.0 -9  3  1
202503241700 108  23  3.7  -9 -9.0   -9  989.9  999.8 -9  -9.0  17.9   8.1  53.0  10.8   -9.0    0.0    0.0   -9.0   -9.0   -9.0   -9.0  5 22 40                       7   0   -9 Ci         2   0   0   906  0.6  0.97 -9  18.4  15.5  13.7   8.9   7.4  -9 -9.0 -9  3  1
202503241800 108  25  4.0  -9 -9.0   -9  990.3 1000.3  2   0.5  16.5   8.6  60.0  11.2   -9.0    0.0    0.0   -9.0   -9.0   -9.0   -9.0  5  0 40                       7   3   43 AcCi       2   3   0   887  0.0  0.43 -9  15.5  15.0  13.3   9.2   7.5  -9 -9.0 -9  3  1
202503241900 108  25  2.7  -9 -9.0   -9  990.5 1000.5 -9  -9.0  15.7   8.8  64.0  11.3   -9.0    0.0    0.0   -9.0   -9.0   -9.0   -9.0 -9 -9 40                       0   0   -9 -         -9  -9  -9   870  0.0  0.07 -9  13.0  14.3  12.8   9.4   7.6  -9 -9.0 -9  3  2
202503242000 108  25  3.9  -9 -9.0   -9  991.6 1001.7 -9  -9.0  14.8   8.9  68.0  11.4   -9.0    0.0    0.0   -9.0   -9.0   -9.0   -9.0 -9 -9 40                       0   0   -9 -         -9  -9  -9   733 -9.0 -9.00 -9  11.8  13.6  12.3   9.5   7.8  -9 -9.0 -9  3  2
202503242100 108  25  2.8  -9 -9.0   -9  992.3 1002.4  2   2.1  13.5   8.9  74.0  11.4   -9.0    0.0    0.0   -9.0   -9.0   -9.0   -9.0  5  0 40                       0   0   -9 -         -9  -9  -9   616 -9.0 -9.00 -9  10.9  13.1  11.8   9.6   8.0  -9 -9.0 -9  3  1
202503242200 108  23  3.4  -9 -9.0   -9  992.6 1002.8 -9  -9.0  12.6   8.6  77.0  11.2   -9.0    0.0    0.0   -9.0   -9.0   -9.0   -9.0 -9 -9 40                       0   0   -9 -         -9  -9  -9   524 -9.0 -9.00 -9  10.1  12.6  11.3   9.6   8.1  -9 -9.0 -9  3  2
202503242300 108  25  3.9  -9 -9.0   -9  993.5 1003.7 -9  -9.0  11.9   8.7  81.0  11.2   -9.0    0.0    0.0   -9.0   -9.0   -9.0   -9.0 -9 -9 4019                     0   0   -9 -         -9  -9  -9   410 -9.0 -9.00 -9  10.2  12.1  10.9   9.5   8.2  -9 -9.0 -9  3  2
202503250000 108  25  2.7  -9 -9.0   -9  993.6 1003.8  2   1.4  11.7   8.5  81.0  11.1   -9.0    0.0    0.0   -9.0   -9.0   -9.0   -9.0 10 22 19                       9   9    3 St         0   0   6   351 -9.0 -9.00 -9  10.4  11.8  10.7   9.5   8.3  -9 -9.0 -9  3  1
202503250100 108  18  2.1  -9 -9.0   -9  993.0 1003.2 -9  -9.0  11.5   8.1  80.0  10.8   -9.0   -9.0   -9.0   -9.0   -9.0   -9.0   -9.0 -9 -9 19                       2   2    4 -         -9  -9  -9   336 -9.0 -9.00 -9  10.1  11.6  10.4   9.4   8.3  -9 -9.0 -9  3  2
202503250200 108  14  2.1  -9 -9.0   -9  992.1 1002.3 -9  -9.0  11.1   7.5  79.0  10.4   -9.0   -9.0   -9.0   -9.0   -9.0   -9.0   -9.0 -9 -9 19                       0   0   -9 -         -9  -9  -9   378 -9.0 -9.00 -9   9.0  11.4  10.2   9.1   8.2  -9 -9.0 -9  3  2
202503250300 108  16  2.5  -9 -9.0   -9  991.9 1002.1  7  -1.7  10.7   7.7  82.0  10.5   -9.0   -9.0   -9.0   -9.0   -9.0   -9.0   -9.0 10 22 19                       8   8    5 St         0   0   6   353 -9.0 -9.00 -9   9.1  11.0   9.7   8.7   7.9  -9 -9.0 -9  3  1
202503250400 108  18  2.7  -9 -9.0   -9  992.2 1002.4 -9  -9.0  10.9   7.2  78.0  10.2   -9.0   -9.0   -9.0   -9.0   -9.0   -9.0   -9.0 10 22 19                       8   8    6 St         0   0   6   321 -9.0 -9.00 -9   9.3  10.8   9.5   8.6   7.9  -9 -9.0 -9  3  1
202503250500 108  18  2.1  -9 -9.0   -9  991.7 1001.9 -9  -9.0  10.8   6.9  77.0   9.9   -9.0   -9.0   -9.0   -9.0   -9.0   -9.0   -9.0 10 22 19                       9   9    6 St         0   0   6   347 -9.0 -9.00 -9   9.1  10.7   9.4   8.6   7.9  -9 -9.0 -9  3  1
202503250600 108  16  2.7  -9 -9.0   -9  991.6 1001.8  8  -0.3  10.8   6.9  77.0   9.9   -9.0   -9.0   -9.0   -9.0   -9.0   -9.0   -9.0 10 22 19                       9   9    5 St         0   0   6   338 -9.0 -9.00 -9   8.8  10.5   9.3   8.5   7.9  -9 -9.0 -9  3  1
202503250700 108  14  1.9  -9 -9.0   -9  991.6 1001.8 -9  -9.0  10.4   6.7  78.0   9.8   -9.0   -9.0   -9.0   -9.0   -9.0   -9.0   -9.0 10 22 19                       8   8    5 St         0   0   6   327  0.0  0.03 -9   8.5  10.3   9.1   8.3   7.8  -9 -9.0 -9  3  1
202503250800 108  14  2.4  -9 -9.0   -9  991.9 1002.1 -9  -9.0  10.9   7.0  77.0  10.0   -9.0   -9.0   -9.0   -9.0   -9.0   -9.0   -9.0 10 22 19                       8   8    5 Sc         0   0   5   354  0.0  0.26 -9  10.1  10.3   9.0   8.3   7.8  -9 -9.0 -9  3  1
202503250900 108  14  2.1  -9 -9.0   -9  990.7 1000.8  8  -1.0  12.4   7.2  71.0  10.2   -9.0   -9.0   -9.0   -9.0   -9.0   -9.0   -9.0 10 11 19                       3   0   -9 Ci         1   0   0   380  0.3  0.88 -9  13.9  10.6   9.1   8.2   7.8  -9 -9.0 -9  3  1
202503251000 108   9  2.3  -9 -9.0   -9  990.2 1000.3 -9  -9.0  13.6   7.5  67.0  10.4   -9.0   -9.0   -9.0   -9.0   -9.0   -9.0   -9.0  5 22 4019                     9   0   -9 Ci         2   0   0   414  0.5  1.38 -9  15.5  11.2   9.5   8.1   7.7  -9 -9.0 -9  3  1
202503251100 108  11  2.2  -9 -9.0   -9  988.6  998.6 -9  -9.0  15.6   7.3  58.0  10.2   -9.0   -9.0   -9.0   -9.0   -9.0   -9.0   -9.0  5 22 40                       8   0   -9 Ci         2   0   0   542  0.2  1.46 -9  18.6  11.9  10.2   8.4   8.0  -9 -9.0 -9  3  1
202503251200 108  16  2.7  -9 -9.0   -9  987.4  997.3  7  -3.5  17.8   5.3  44.0   8.9   -9.0   -9.0   -9.0   -9.0   -9.0   -9.0   -9.0  6 22 4240                     7   7   37 Ac         0   3   0   713  0.6  2.06 -9  22.5  12.8  10.9   8.4   8.0  -9 -9.0 -9  3  1
202503251300 108  18  2.9  -9 -9.0   -9  985.5  995.3 -9  -9.0  18.9   4.9  40.0   8.7   -9.0   -9.0   -9.0   -9.0   -9.0   -9.0   -9.0  6 22 42                       8   8   31 Ac         0   3   0   758  0.2  1.21 -9  21.6  13.4  11.6   8.5   7.9  -9 -9.0 -9  3  1
202503251400 108  20  7.1  18 16.0 1354  984.0  993.7 -9  -9.0  21.4   4.4  33.0   8.4   -9.0   -9.0   -9.0   -9.0   -9.0   -9.0   -9.0  6 22 42                       7   7   37 Ac         0   3   0   799  0.9  2.44 -9  22.8  14.3  12.3   8.6   7.9  -9 -9.0 -9  3  1
202503251500 108  23  7.6  18 16.0 1354  984.5  994.3  5  -3.0  18.5   6.9  47.0   9.9   -9.0   -9.0   -9.0   -9.0   -9.0   -9.0   -9.0  6 22 42                       8   0   -9 Ci         2   0   0   823  0.4  1.68 -9  20.1  14.6  12.8   8.8   7.9  -9 -9.0 -9  3  1
202503251600 108  20  5.0  20 13.0 1521  985.4  995.4 -9  -9.0  15.8   6.4  54.0   9.6   -9.0   -9.0   -9.0   -9.0   -9.0   -9.0   -9.0  6 22 42                       9   0   -9 Ci         2   0   0   770  0.0  0.98 -9  17.1  14.5  12.8   9.1   8.1  -9 -9.0 -9  3  1
202503251700 108  25  5.1  27 12.0 1637  986.2  996.2 -9  -9.0  13.8   4.9  55.0   8.7   -9.0   -9.0   -9.0   -9.0   -9.0   -9.0   -9.0  6 22 42                       9   0   -9 Ci         2   0   0   867  0.0  0.58 -9  14.7  14.2  12.6   9.3   8.0  -9 -9.0 -9  3  1
202503251800 108  25  3.8  20 13.0 1521  987.6  997.7  2   3.4  13.3   4.1  54.0   8.2   -9.0   -9.0   -9.0   -9.0   -9.0   -9.0   -9.0  6 22 42                       6   0   -9 Ci         1   0   0  1041  0.5  0.54 -9  12.5  13.7  12.1   9.2   7.8  -9 -9.0 -9  3  1
202503251900 108  20  3.2  -9 -9.0   -9  988.6  998.8 -9  -9.0  11.7   3.1  56.0   7.6   -9.0   -9.0   -9.0   -9.0   -9.0   -9.0   -9.0  6  0 42                       0   0   -9 -         -9  -9  -9  1325  0.3  0.13 -9  10.0  13.1  11.7   9.5   8.2  -9 -9.0 -9  3  1
202503252000 108  23  2.6  -9 -9.0   -9  990.2 1000.4 -9  -9.0  10.4   2.7  59.0   7.4   -9.0   -9.0   -9.0   -9.0   -9.0   -9.0   -9.0  6  0 42                       0   0   -9 -         -9  -9  -9  1546 -9.0 -9.00 -9   8.5  12.3  11.1   9.5   8.3  -9 -9.0 -9  3  1
202503252100 108  20  2.2  20 13.0 1521  991.8 1002.1  2   4.4   9.8   2.8  62.0   7.5   -9.0   -9.0   -9.0   -9.0   -9.0   -9.0   -9.0 -9 -9 42                       0   0   -9 -         -9  -9  -9  1505 -9.0 -9.00 -9   7.6  11.7  10.5   9.5   8.4  -9 -9.0 -9  3  2
202503252200 108  23  3.5  -9 -9.0   -9  992.6 1002.9 -9  -9.0   9.2   3.1  66.0   7.6   -9.0   -9.0   -9.0   -9.0   -9.0   -9.0   -9.0 -9 -9 -                        0   0   -9 -         -9  -9  -9  1429 -9.0 -9.00 -9   7.1  11.1  10.0   9.4   8.4  -9 -9.0 -9  3 -9
202503252300 108  20  2.8  -9 -9.0   -9  993.3 1003.6 -9  -9.0   8.8   3.2  68.0   7.7   -9.0   -9.0   -9.0   -9.0   -9.0   -9.0   -9.0 -9 -9 -                        0   0   -9 -         -9  -9  -9  1365 -9.0 -9.00 -9   6.6  10.6   9.5   9.3   8.5  -9 -9.0 -9  3 -9
202503260000 108  23  2.6  -9 -9.0   -9  994.2 1004.5  2   2.4   8.4   3.4  71.0   7.8   -9.0   -9.0   -9.0   -9.0   -9.0   -9.0   -9.0 -9 -9 -                        0   0   -9 -         -9  -9  -9  1311 -9.0 -9.00 -9   6.2  10.2   9.1   9.1   8.5  -9 -9.0 -9  3  2
202503260100 108  20  3.0  -9 -9.0   -9  994.8 1005.2 -9  -9.0   8.1   3.5  73.0   7.8   -9.0   -9.0   -9.0   -9.0   -9.0   -9.0   -9.0 -9 -9 -                        0   0   -9 -         -9  -9  -9  1283 -9.0 -9.00 -9   5.8   9.8   8.8   9.0   8.5  -9 -9.0 -9  3 -9
202503260200 108  20  2.6  -9 -9.0   -9  995.1 1005.5 -9  -9.0   7.9   3.1  72.0   7.6   -9.0   -9.0   -9.0   -9.0   -9.0   -9.0   -9.0 -9 -9 -                        0   0   -9 -         -9  -9  -9  1301 -9.0 -9.00 -9   5.5   9.5   8.5   8.8   8.4  -9 -9.0 -9  3 -9
202503260300 108  18  1.1  -9 -9.0   -9  995.5 1005.9  2   1.4   7.4   3.0  74.0   7.6   -9.0   -9.0   -9.0   -9.0   -9.0   -9.0   -9.0 -9 -9 -                        0   0   -9 -         -9  -9  -9  1261 -9.0 -9.00 -9   4.8   9.1   8.2   8.6   8.4  -9 -9.0 -9  3  2
202503260400 108  14  1.7  -9 -9.0   -9  995.7 1006.1 -9  -9.0   6.9   2.9  76.0   7.5   -9.0   -9.0   -9.0   -9.0   -9.0   -9.0   -9.0 -9 -9 -                        0   0   -9 -         -9  -9  -9  1214 -9.0 -9.00 -9   4.4   8.7   7.8   8.5   8.3  -9 -9.0 -9  3  2
202503260500 108   5  1.7  -9 -9.0   -9  995.8 1006.2 -9  -9.0   6.2   2.6  78.0   7.4   -9.0   -9.0   -9.0   -9.0   -9.0   -9.0   -9.0 -9 -9 -                        0   0   -9 -         -9  -9  -9  1284 -9.0 -9.00 -9   4.0   8.5   7.5   8.3   8.3  -9 -9.0 -9  3  2
202503260600 108   5  2.7  -9 -9.0   -9  996.2 1006.7  2   0.8   6.1   2.9  80.0   7.5   -9.0   -9.0   -9.0   -9.0   -9.0   -9.0   -9.0 -9 -9 -                        0   0   -9 -         -9  -9  -9  1336 -9.0 -9.00 -9   3.9   8.2   7.3   8.2   8.2  -9 -9.0 -9  3  2
202503260700 108   5  2.8  -9 -9.0   -9  997.0 1007.5 -9  -9.0   6.3   2.9  79.0   7.5   -9.0   -9.0   -9.0   -9.0   -9.0   -9.0   -9.0 -9 -9 -                        0   0   -9 -         -9  -9  -9  1393  0.0  0.04 -9   4.4   7.9   7.0   8.0   8.1  -9 -9.0 -9  3  2
202503260800 108   5  3.3  -9 -9.0   -9  997.2 1007.6 -9  -9.0   7.9   3.5  74.0   7.8   -9.0   -9.0   -9.0   -9.0   -9.0   -9.0   -9.0 -9 -9 -                        0   0   -9 -         -9  -9  -9  1333  0.7  0.41 -9   6.6   7.9   6.9   7.8   8.0  -9 -9.0 -9  3  2
202503260900 108   5  3.3  -9 -9.0   -9  997.3 1007.6  1   0.9  10.3   3.5  63.0   7.8   -9.0   -9.0   -9.0   -9.0   -9.0   -9.0   -9.0  6  0 42                       0   0   -9 -         -9  -9  -9  1343  1.0  1.19 -9  12.1   8.3   7.1   7.6   7.9  -9 -9.0 -9  3  1
202503261000 108   5  3.9  -9 -9.0   -9  996.4 1006.6 -9  -9.0  12.7   2.8  51.0   7.5   -9.0   -9.0   -9.0   -9.0   -9.0   -9.0   -9.0  6  0 42                       0   0   -9 -         -9  -9  -9  1497  1.0  1.94 -9  17.7   9.3   7.6   7.6   7.9  -9 -9.0 -9  3  1
202503261100 108  11  3.0  -9 -9.0   -9  996.2 1006.3 -9  -9.0  15.4   2.5  42.0   7.3   -9.0   -9.0   -9.0   -9.0   -9.0   -9.0   -9.0  6  0 42                       1   0   -9 Ci         1   0   0  1647  1.0  2.58 -9  22.9  10.6   8.5   7.5   7.8  -9 -9.0 -9  3  1
202503261200 108   7  3.1  -9 -9.0   -9  995.1 1005.1  7  -2.5  17.4   2.1  36.0   7.1   -9.0   -9.0   -9.0   -9.0   -9.0   -9.0   -9.0  6  0 42                       4   0   -9 Ci         1   0   0  1754  1.0  2.93 -9  26.4  11.8   9.6   7.5   7.7  -9 -9.0 -9  3  1
202503261300 108   9  2.1  -9 -9.0   -9  993.7 1003.6 -9  -9.0  19.4   1.3  30.0   6.7   -9.0   -9.0   -9.0   -9.0   -9.0   -9.0   -9.0  6 22 42                       7   0   -9 Ci         1   0   0  2104  1.0  3.03 -9  28.4  13.1  10.8   7.6   7.5  -9 -9.0 -9  3  1
202503261400 108   5  2.2  -9 -9.0   -9  992.6 1002.4 -9  -9.0  21.4   1.0  26.0   6.6   -9.0   -9.0   -9.0   -9.0   -9.0   -9.0   -9.0  6 22 42                       7   0   -9 Ci         1   0   0  2320  1.0  2.71 -9  28.5  14.3  11.8   7.8   7.5  -9 -9.0 -9  3  1
202503261500 108   7  1.6  -9 -9.0   -9  991.7 1001.5  7  -3.6  22.4   0.8  24.0   6.5   -9.0   -9.0   -9.0   -9.0   -9.0   -9.0   -9.0  6  0 42                       7   0   -9 Ci         1   0   0  2226  1.0  2.33 -9  27.3  15.0  12.7   8.1   7.4  -9 -9.0 -9  3  1
202503261600 108  11  1.5  -9 -9.0   -9  990.7 1000.4 -9  -9.0  23.5   0.5  22.0   6.3   -9.0   -9.0   -9.0   -9.0   -9.0   -9.0   -9.0  6 22 42                       7   0   -9 Ci         1   0   0  2259  1.0  1.95 -9  25.5  15.4  13.3   8.4   7.5  -9 -9.0 -9  3  1
202503261700 108   7  1.3  -9 -9.0   -9  989.9  999.6 -9  -9.0  23.6   0.0  21.0   6.1   -9.0   -9.0   -9.0   -9.0   -9.0   -9.0   -9.0  6 22 42                       7   0   -9 Ci         2   0   0  2239  0.8  1.14 -9  20.5  15.7  13.6   8.9   7.7  -9 -9.0 -9  3  1
202503261800 108  11  1.3  -9 -9.0   -9  989.2  998.9  7  -2.6  22.9   0.0  22.0   6.1   -9.0   -9.0   -9.0   -9.0   -9.0   -9.0   -9.0  6 22 42                       8   0   -9 Ci         2   0   0  2442  0.5  0.48 -9  17.3  15.3  13.6   9.3   7.8  -9 -9.0 -9  3  1
202503261900 108   2  1.0  -9 -9.0   -9  988.7  998.5 -9  -9.0  21.4  -0.6  23.0   5.8   -9.0   -9.0   -9.0   -9.0   -9.0   -9.0   -9.0  6  0 42                       3   0   -9 Ci         1   0   0  2229  0.0  0.10 -9  14.2  14.8  13.3   9.5   7.9  -9 -9.0 -9  3  1
202503262000 108   5  1.3  -9 -9.0   -9  988.7  998.5 -9  -9.0  19.6   0.5  28.0   6.3   -9.0   -9.0   -9.0   -9.0   -9.0   -9.0   -9.0  6  0 42                       4   0   -9 Ci         1   0   0  1721 -9.0 -9.00 -9  12.4  14.1  12.6   9.6   8.0  -9 -9.0 -9  3  1
202503262100 108   0  0.0  -9 -9.0   -9  988.8  998.7  5  -0.2  18.8   0.3  29.0   6.2   -9.0   -9.0   -9.0   -9.0   -9.0   -9.0   -9.0  6  0 42                       0   0   -9 -         -9  -9  -9  2035 -9.0 -9.00 -9  11.6  13.4  12.0   9.6   8.2  -9 -9.0 -9  3  1
202503262200 108  27  1.9  -9 -9.0   -9  988.8  998.7 -9  -9.0  17.9   0.5  31.0   6.3   -9.0   -9.0   -9.0   -9.0   -9.0   -9.0   -9.0 -9 -9 42                       4   3   72 -         -9  -9  -9  1960 -9.0 -9.00 -9  10.7  12.9  11.7   9.8   8.4  -9 -9.0 -9  3  2
202503262300 108  25  1.4  -9 -9.0   -9  989.2  999.1 -9  -9.0  18.3   2.5  35.0   7.3   -9.0   -9.0   -9.0   -9.0   -9.0   -9.0   -9.0 -9 -9 -                        8   4   74 -         -9  -9  -9  1633 -9.0 -9.00 -9  10.7  12.6  11.3   9.8   8.5  -9 -9.0 -9  3 -9
202503270000 108  20  2.2  -9 -9.0   -9  989.0  998.8  0   0.1  18.5   5.6  43.0   9.1   -9.0   -9.0   -9.0   -9.0   -9.0   -9.0   -9.0 -9 -9 -                        8   5   10 ScCi       1   0   5  1635 -9.0 -9.00 -9  11.4  12.3  11.1   9.8   8.6  -9 -9.0 -9  3  2
202503270100 108  29  2.6  -9 -9.0   -9  989.2  999.1 -9  -9.0  18.4   8.0  51.0  10.7   -9.0   -9.0   -9.0   -9.0   -9.0   -9.0   -9.0 -9 -9 -                       10   8   27 -         -9  -9  -9  1737 -9.0 -9.00 -9  11.8  12.3  11.0   9.7   8.7  -9 -9.0 -9  3 -9
202503270200 108  25  3.4  -9 -9.0   -9  989.2  999.1 -9  -9.0  18.4   9.9  58.0  12.2   -9.0   -9.0   -9.0   -9.0   -9.0   -9.0   -9.0 -9 -9 -                       10   9   11 -         -9  -9  -9  1788 -9.0 -9.00 -9  12.6  12.3  11.0   9.6   8.7  -9 -9.0 -9  3 -9
202503270300 108  25  2.4  -9 -9.0   -9  988.9  998.8  4   0.0  17.4   9.5  60.0  11.9   -9.0   -9.0   -9.0   -9.0   -9.0   -9.0   -9.0 -9 -9 -                        9   9   10 Sc         0   0   5  1619 -9.0 -9.00 -9  12.6  12.4  11.0   9.5   8.6  -9 -9.0 -9  3  2
202503270400 108  20  1.5  -9 -9.0   -9  988.6  998.6 -9  -9.0  16.6   9.9  65.0  12.2   -9.0   -9.0   -9.0   -9.0   -9.0   -9.0   -9.0 -9 -9 -                        8   8    9 Sc         0   0   5  1392 -9.0 -9.00 -9  12.5  12.4  11.0   9.4   8.6  -9 -9.0 -9  3  2
202503270500 108  23  2.4  -9 -9.0   -9  987.8  997.8 -9  -9.0  16.3  10.1  67.0  12.4   -9.0   -9.0   -9.0   -9.0   -9.0   -9.0   -9.0 -9 -9 -                        9   9    7 Sc         0   0   5  1531 -9.0 -9.00 -9  12.4  12.3  11.0   9.4   8.6  -9 -9.0 -9  3  2
202503270600 108  27  3.3  -9 -9.0   -9  987.9  997.9  5  -0.9  15.9  10.6  71.0  12.8   -9.0   -9.0   -9.0   -9.0   -9.0   -9.0   -9.0 -9 -9 -                        8   8    8 Sc         0   0   5  1621 -9.0 -9.00 -9  12.4  12.3  10.9   9.4   8.6  -9 -9.0 -9  3  2
202503270700 108  27  3.5  -9 -9.0   -9  989.8  999.9 -9  -9.0  13.7  11.3  86.0  13.4   -9.0    0.0    0.0   -9.0   -9.0   -9.0   -9.0 60 62 1901                    10   8    6 ScAs      -9   2   5   281  0.0  0.02 -9  11.9  12.0  10.9   9.4   8.7  -9 -9.0 -9  4  1
202503270800 108  25  2.4  -9 -9.0   -9  989.8  999.9 -9  -9.0  13.1  11.3  89.0  13.4   -9.0    0.2    0.2   -9.0   -9.0   -9.0   -9.0 60 66 1901                    10   8    6 ScAs      -9   2   5   521  0.0  0.08 -9  12.1  11.8  10.8   9.4   8.6  -9 -9.0 -9  4  1
202503270900 108  27  2.2  -9 -9.0   -9  989.7  999.8  0   1.9  13.2  11.4  89.0  13.5    0.2    0.2    0.2   -9.0   -9.0   -9.0   -9.0 60 66 1901                    10   8    6 ScAs      -9   2   5   575  0.0  0.10 -9  12.2  11.8  10.7   9.3   8.6  -9 -9.0 -9  1  1
202503271000 108  29  1.5  -9 -9.0   -9  989.9 1000.0 -9  -9.0  13.6  11.8  89.0  13.8   -9.0    0.2    0.2   -9.0   -9.0   -9.0   -9.0 21 62 1901                     9   9    6 Sc         0   0   5   558  0.0  0.22 -9  14.2  11.7  10.7   9.3   8.6  -9 -9.0 -9  4  1
202503271100 108  25  3.3  -9 -9.0   -9  990.4 1000.5 -9  -9.0  14.3  11.6  84.0  13.7   -9.0    0.2    0.2   -9.0   -9.0   -9.0   -9.0 -9 -9 19                       9   9    6 Sc         0   0   5  1192  0.0  0.70 -9  15.3  12.1  10.9   9.2   8.6  -9 -9.0 -9  3  2
202503271200 108  29  2.8  -9 -9.0   -9  990.2 1000.3  0   0.5  14.2  11.7  85.0  13.7    0.0    0.2    0.2   -9.0   -9.0   -9.0   -9.0 -9 62 -                        9   9    6 Sc         0   0   5  1003  0.0  0.52 -9  15.4  12.4  11.2   9.2   8.5  -9 -9.0 -9  3  1
202503271300 108  27  2.4  -9 -9.0   -9  990.8 1000.9 -9  -9.0  14.8  10.9  78.0  13.0   -9.0    0.2    0.2   -9.0   -9.0   -9.0   -9.0 -9 -9 -                        9   9    6 Sc         0   0   5  1377  0.0  0.47 -9  15.1  12.6  11.3   9.2   8.5  -9 -9.0 -9  3  2
202503271400 108  29  3.5  -9 -9.0   -9  990.1 1000.1 -9  -9.0  16.4  10.6  69.0  12.8   -9.0    0.2    0.2   -9.0   -9.0   -9.0   -9.0 -9 -9 -                        7   3    7 ScCi       2   0   5  1474  0.1  1.57 -9  20.6  12.9  12.6  11.1  10.3  -9 -9.0 -9  3  2
202503271500 108  32  3.1  -9 -9.0   -9  989.2  999.1  8  -1.2  17.6   8.9  57.0  11.4   -9.0    0.2    0.2   -9.0   -9.0   -9.0   -9.0 -9 62 -                        7   3   10 ScCi       2   0   5  1317  0.7  1.83 -9  21.6  13.7  13.2  11.2  10.4  -9 -9.0 -9  3  1
202503271600 108  27  4.1  -9 -9.0   -9  989.6  999.5 -9  -9.0  17.9   4.7  42.0   8.5   -9.0    0.2    0.2   -9.0   -9.0   -9.0   -9.0 -9 -9 -                        7   0   -9 Ci         1   0   0  1684  0.9  1.57 -9  19.9  14.3  13.7  11.3  10.4  -9 -9.0 -9  3  2
202503271700 108  27  4.6  -9 -9.0   -9  990.4 1000.4 -9  -9.0  16.5  -0.7  31.0   5.8   -9.0    0.2    0.2   -9.0   -9.0   -9.0   -9.0  6 22 42                       8   3   33 AcCi       1   3   0  1290  0.2  0.67 -9  15.8  14.2  13.8  11.5  10.4  -9 -9.0 -9  3  1
202503271800 108  27  6.1  27 11.0 1735  992.0 1002.1  2   3.0  13.6   0.2  40.0   6.2   -9.0    0.2    0.2   -9.0   -9.0   -9.0   -9.0  6 22 42                       9   9   36 Ac         0   3   0  2508  0.0  0.35 -9  13.1  13.8  13.5  11.7  10.5  -9 -9.0 -9  3  1
202503271900 108  29  6.6  29 11.0 1852  993.1 1003.3 -9  -9.0  12.4  -0.5  41.0   5.9   -9.0    0.2    0.2   -9.0   -9.0   -9.0   -9.0  6 22 42                       8   8   36 Ac         0   3   0  2857  0.0  0.06 -9  10.9  13.2  13.0  11.8  10.6  -9 -9.0 -9  3  1
202503272000 108  29  4.2  32 12.0 1906  993.9 1004.1 -9  -9.0  11.3   0.0  46.0   6.1   -9.0    0.2    0.2   -9.0   -9.0   -9.0   -9.0 -9 -9 42                      10  10   31 -         -9  -9  -9  2513 -9.0 -9.00 -9  10.0  12.6  12.4  11.8  10.7  -9 -9.0 -9  3  2
202503272100 108  29  2.8  32 12.0 1906  995.0 1005.3  2   3.2  10.3   0.5  51.0   6.3    0.0    0.2    0.2   -9.0   -9.0   -9.0   -9.0 60 62 01                      10   6   17 ScAs      -9   2   5  2020 -9.0 -9.00 -9   9.5  12.0  12.0  11.8  10.8  -9 -9.0 -9  1  1
202503272200 108  29  3.2  -9 -9.0   -9  995.7 1006.1 -9  -9.0   8.3   3.3  71.0   7.7   -9.0    0.3    0.3   -9.0   -9.0   -9.0   -9.0 21 62 01                      10   5   19 ScAs      -9   2   5  1845 -9.0 -9.00 -9   8.4  11.6  11.5  11.7  10.8  -9 -9.0 -9  4  1
202503272300 108  29  3.8  -9 -9.0   -9  997.0 1007.4 -9  -9.0   7.4   2.6  72.0   7.4   -9.0    0.3    0.3   -9.0   -9.0   -9.0   -9.0 -9 -9 -                       10   2   56 -         -9  -9  -9  1460 -9.0 -9.00 -9   7.4  11.1  11.0  11.6  10.8  -9 -9.0 -9  3 -9
202503280000 108  27  2.8  -9 -9.0   -9  997.7 1008.1  2   2.8   7.1   1.5  68.0   6.8    0.1    0.3    0.3   -9.0   -9.0   -9.0   -9.0 -9 62 -                        9   4   49 AcCi       2   3   0  1258 -9.0 -9.00 -9   6.8  10.8  10.6  11.4  10.8  -9 -9.0 -9  3  1
202503280100 108  29  3.9  -9 -9.0   -9  997.9 1008.3 -9  -9.0   6.7   0.3  64.0   6.2   -9.0   -9.0   -9.0   -9.0   -9.0   -9.0   -9.0 -9 -9 -                        9   9   62 -         -9  -9  -9  1076 -9.0 -9.00 -9   6.0  10.4  10.2  11.3  10.7  -9 -9.0 -9  3 -9
202503280200 108  27  2.7  -9 -9.0   -9  998.5 1009.0 -9  -9.0   6.2  -0.1  64.0   6.1   -9.0   -9.0   -9.0   -9.0   -9.0   -9.0   -9.0 -9 -9 -                        9   9   70 -         -9  -9  -9  1026 -9.0 -9.00 -9   5.4  10.0   9.8  11.1  10.7  -9 -9.0 -9  3 -9
202503280300 108  29  3.1  -9 -9.0   -9  998.0 1008.5  0   0.4   5.5  -1.4  61.0   5.5   -9.0   -9.0   -9.0   -9.0   -9.0   -9.0   -9.0 -9 62 -                        5   0   -9 Ci         1   0   0  1170 -9.0 -9.00 -9   4.6   9.6   9.5  10.9  10.7  -9 -9.0 -9  3  1
202503280400 108  32  2.7  -9 -9.0   -9  998.4 1008.9 -9  -9.0   4.7  -2.1  61.0   5.2   -9.0   -9.0   -9.0   -9.0   -9.0   -9.0   -9.0 -9 -9 -                        0   0   -9 -         -9  -9  -9  1334 -9.0 -9.00 -9   3.8   9.2   9.1  10.8  10.6  -9 -9.0 -9  3  2
202503280500 108  27  3.2  -9 -9.0   -9  999.3 1009.9 -9  -9.0   4.2  -2.8  60.0   5.0   -9.0   -9.0   -9.0   -9.0   -9.0   -9.0   -9.0 -9 -9 -                        5   0   -9 Ci         1   0   0  1796 -9.0 -9.00 -9   3.3   8.7   8.7  10.6  10.6  -9 -9.0 -9  3  2
202503280600 108  27  1.6  -9 -9.0   -9 1000.1 1010.7  2   2.2   3.8  -3.2  60.0   4.8   -9.0   -9.0   -9.0   -9.0   -9.0   -9.0   -9.0 -9 -9 -                        0   0   -9 -         -9  -9  -9  2181 -9.0 -9.00 -9   2.9   8.5   8.4  10.4  10.5  -9 -9.0 -9  3  2
202503280700 108  27  3.6  -9 -9.0   -9 1000.9 1011.5 -9  -9.0   3.7  -3.8  58.0   4.6   -9.0   -9.0   -9.0   -9.0   -9.0   -9.0   -9.0 -9 -9 -                        9   3   15 ScCi       1   0   5  3105  0.0  0.03 -9   3.3   8.1   8.0  10.2  10.4  -9 -9.0 -9  3  2
202503280800 108  34  1.4  -9 -9.0   -9 1001.9 1012.5 -9  -9.0   4.1  -3.6  57.0   4.7   -9.0   -9.0   -9.0   -9.0   -9.0   -9.0   -9.0 -9 -9 -                        9   2   17 ScCi       2   0   5  3421  0.0  0.29 -9   5.1   7.9   7.8  10.0  10.3  -9 -9.0 -9  3  2
202503280900 108  29  4.3  -9 -9.0   -9 1002.5 1013.1  2   2.4   4.5  -3.0  58.0   4.9   -9.0   -9.0   -9.0   -9.0   -9.0   -9.0   -9.0 -9 -9 -                        7   7    7 Sc         0   0   5  2869  0.0  0.49 -9   6.4   7.9   7.8   9.8  10.2  -9 -9.0 -9  3  2
202503281000 108   5  1.8  -9 -9.0   -9 1003.1 1013.6 -9  -9.0   5.9  -2.7  54.0   5.0   -9.0   -9.0   -9.0   -9.0   -9.0   -9.0   -9.0 -9 -9 -                        8   8    9 Sc         0   0   5  2471  0.1  0.85 -9  11.1   7.6   7.8   9.6  10.0  -9 -9.0 -9  3  2
202503281100 108  27  2.6  -9 -9.0   -9 1002.9 1013.3 -9  -9.0   8.2  -3.0  45.0   4.9   -9.0   -9.0   -9.0   -9.0   -9.0   -9.0   -9.0 -9 -9 -                        6   6   10 Sc         0   0   5  2962  0.7  2.64 -9  18.0   8.6   8.3   9.1   9.6  -9 -9.0 -9  3  2
202503281200 108  34  3.9  -9 -9.0   -9 1003.0 1013.4  0   0.3   9.5  -2.4  43.0   5.1   -9.0   -9.0   -9.0   -9.0   -9.0   -9.0   -9.0 -9 -9 -                        1   1   10 Sc         0   0   5  3088  0.7  2.52 -9  23.3   9.5   9.1   9.1   9.5  -9 -9.0 -9  3  2
202503281300 108  29  3.4  -9 -9.0   -9 1002.7 1013.0 -9  -9.0  11.0  -7.3  27.0   3.5   -9.0   -9.0   -9.0   -9.0   -9.0   -9.0   -9.0 -9 -9 -                        0   0   -9 -         -9  -9  -9  4006  1.0  3.36 -9  26.5  10.5  10.0   9.1   9.4  -9 -9.0 -9  3  2
202503281400 108  29  4.3  -9 -9.0   -9 1002.7 1013.0 -9  -9.0  11.4  -9.6  22.0   3.0   -9.0   -9.0   -9.0   -9.0   -9.0   -9.0   -9.0 -9 -9 -                        0   0   -9 -         -9  -9  -9  3854  1.0  3.31 -9  26.6  11.5  11.0   9.2   9.3  -9 -9.0 -9  3  2
202503281500 108  27  4.5  29 11.0 1447 1003.1 1013.4  4   0.0  11.4 -10.8  20.0   2.7   -9.0   -9.0   -9.0   -9.0   -9.0   -9.0   -9.0 -9 -9 -                        2   0   -9 Ci         1   0   0  4058  1.0  2.92 -9  24.0  12.0  11.6   9.4   9.3  -9 -9.0 -9  3  2
202503281600 108  27  5.4  25 11.0 1518 1003.4 1013.7 -9  -9.0  11.2 -12.3  18.0   2.4   -9.0   -9.0   -9.0   -9.0   -9.0   -9.0   -9.0 -9 -9 -                        2   0   -9 Ci         1   0   0  3623  1.0  2.42 -9  20.7  12.1  11.8   9.7   9.3  -9 -9.0 -9  3  2
202503281700 108  29  5.5  34 12.0 1608 1003.6 1014.0 -9  -9.0  10.5 -10.9  21.0   2.7   -9.0   -9.0   -9.0   -9.0   -9.0   -9.0   -9.0 -9 -9 -                        3   0   -9 Ci         1   0   0  3607  1.0  1.62 -9  15.9  11.8  11.5   9.8   9.3  -9 -9.0 -9  3  2
202503281800 108  29  5.0  34 12.0 1608 1004.3 1014.7  2   1.3   9.3 -13.2  19.0   2.2   -9.0   -9.0   -9.0   -9.0   -9.0   -9.0   -9.0 -9 -9 -                        4   0   -9 Ci         1   0   0  4510  0.9  0.82 -9  10.0  11.4  11.1   9.8   9.1  -9 -9.0 -9  3  2
202503281900 108  32  5.0  34 11.0 1849 1005.1 1015.6 -9  -9.0   7.7 -12.7  22.0   2.3   -9.0   -9.0   -9.0   -9.0   -9.0   -9.0   -9.0 -9 -9 -                        1   1   -9 -         -9  -9  -9  4627  0.4  0.19 -9   6.8  11.3  10.5  10.4   9.6  -9 -9.0 -9  3 -9
202503282000 108  29  3.6  29 10.0 1917 1006.2 1016.7 -9  -9.0   6.5 -10.2  29.0   2.8   -9.0   -9.0   -9.0   -9.0   -9.0   -9.0   -9.0 -9 -9 -                        4   1   -9 -         -9  -9  -9  4538 -9.0 -9.00 -9   5.2  10.5  10.2  10.7  10.0  -9 -9.0 -9  3 -9
202503282100 108  29  3.2  34 12.0 1608 1007.5 1018.1  2   3.4   5.2  -8.6  36.0   3.2   -9.0   -9.0   -9.0   -9.0   -9.0   -9.0   -9.0 -9 -9 -                        4   0   -9 Ci         1   0   0  3743 -9.0 -9.00 -9   4.0   9.9   9.6  10.6  10.1  -9 -9.0 -9  3  2
202503282200 108  32  3.2  -9 -9.0   -9 1008.2 1018.8 -9  -9.0   4.5  -8.9  37.0   3.1   -9.0   -9.0   -9.0   -9.0   -9.0   -9.0   -9.0 -9 -9 -                        2   1   -9 -         -9  -9  -9  4063 -9.0 -9.00 -9   3.2   9.3   9.0  10.5  10.2  -9 -9.0 -9  3 -9
202503282300 108  32  2.7  -9 -9.0   -9 1009.1 1019.8 -9  -9.0   4.0 -10.1  35.0   2.8   -9.0   -9.0   -9.0   -9.0   -9.0   -9.0   -9.0 -9 -9 -                        6   2   -9 -         -9  -9  -9  3968 -9.0 -9.00 -9   2.7   8.7   8.5  10.3  10.1  -9 -9.0 -9  3 -9
202503290000 108   0  0.4  -9 -9.0   -9 1009.5 1020.2  2   2.1   3.1 -10.5  36.0   2.8   -9.0   -9.0   -9.0   -9.0   -9.0   -9.0   -9.0 -9 -9 -                        0   0   -9 -         -9  -9  -9  3629 -9.0 -9.00 -9   1.7   8.3   8.1  10.2  10.1  -9 -9.0 -9  3  2
202503290100 108  36  1.5  -9 -9.0   -9 1009.7 1020.4 -9  -9.0   2.7 -11.6  34.0   2.5   -9.0   -9.0   -9.0   -9.0   -9.0   -9.0   -9.0 -9 -9 -                        0   0   -9 -         -9  -9  -9  4272 -9.0 -9.00 -9   1.0   7.7   7.6  10.0  10.1  -9 -9.0 -9  3 -9
202503290200 108  25  2.3  -9 -9.0   -9 1009.9 1020.7 -9  -9.0   1.9 -11.6  36.0   2.5   -9.0   -9.0   -9.0   -9.0   -9.0   -9.0   -9.0 -9 -9 -                        0   0   -9 -         -9  -9  -9  4324 -9.0 -9.00 -9   0.8   7.2   7.1   9.7  10.0  -9 -9.0 -9  3 -9
202503290300 108  27  1.6  -9 -9.0   -9 1009.8 1020.6  0   0.4   1.7 -10.8  39.0   2.7   -9.0   -9.0   -9.0   -9.0   -9.0   -9.0   -9.0 -9 -9 -                        0   0   -9 -         -9  -9  -9  4266 -9.0 -9.00 -9   0.5   6.7   6.7   9.5   9.9  -9 -9.0 -9  3  2
202503290400 108  25  1.2  -9 -9.0   -9 1009.6 1020.4 -9  -9.0   1.0 -10.5  42.0   2.8   -9.0   -9.0   -9.0   -9.0   -9.0   -9.0   -9.0 -9 -9 -                        0   0   -9 -         -9  -9  -9  4059 -9.0 -9.00 -9   0.3   6.3   6.3   9.3   9.8  -9 -9.0 -9  3  2
202503290500 108  27  2.7  -9 -9.0   -9 1009.9 1020.7 -9  -9.0   1.1  -9.8  44.0   2.9   -9.0   -9.0   -9.0   -9.0   -9.0   -9.0   -9.0 -9 -9 -                        0   0   -9 -         -9  -9  -9  3830 -9.0 -9.00 -9   0.1   5.9   5.9   9.0   9.7  -9 -9.0 -9  3  2
202503290600 108  27  2.2  -9 -9.0   -9 1010.1 1020.9  3   0.3   0.9  -9.4  46.0   3.0   -9.0   -9.0   -9.0   -9.0   -9.0   -9.0   -9.0 -9 -9 -                        0   0   -9 -         -9  -9  -9  3954 -9.0 -9.00 -9  -0.2   5.6   5.6   8.8   9.6  -9 -9.0 -9  3  2
202503290700 108  27  2.3  -9 -9.0   -9 1010.1 1020.9 -9  -9.0   0.9  -7.8  52.0   3.4   -9.0   -9.0   -9.0   -9.0   -9.0   -9.0   -9.0 -9 -9 -                        2   0   -9 Ci         1   0   0  3779  0.3  0.06 -9  -0.2   5.3   5.3   8.6   9.5  -9 -9.0 -9  3  2
202503290800 108  27  2.1  -9 -9.0   -9 1010.3 1021.0 -9  -9.0   2.9  -5.7  53.0   4.0   -9.0   -9.0   -9.0   -9.0   -9.0   -9.0   -9.0 -9 -9 -                        8   0   -9 Ci         1   0   0  3829  1.0  0.50 -9   1.3   5.2   5.1   8.3   9.3  -9 -9.0 -9  3  2
202503290900 108  20  2.2  -9 -9.0   -9 1009.7 1020.3  8  -0.6   5.0  -4.3  51.0   4.4   -9.0   -9.0   -9.0   -9.0   -9.0   -9.0   -9.0 -9 -9 -                        8   3   11 ScAs       0   2   5  3814  1.0  1.21 -9   7.6   5.7   5.3   8.0   9.0  -9 -9.0 -9  3  2
202503291000 108  20  4.0  -9 -9.0   -9 1009.7 1020.3 -9  -9.0   5.5  -1.8  59.0   5.4   -9.0    0.0    0.0   -9.0   -9.0   -9.0   -9.0 22 72 05                       7   4   10 ScAs       0   2   5  3357  0.1  0.88 -9  10.3   6.3   5.8   7.9   8.9  -9 -9.0 -9  4  1
202503291100 108  29  3.6  23 11.0 1031 1009.9 1020.6 -9  -9.0   3.9   0.5  79.0   6.3   -9.0    0.0    0.0   -9.0   -9.0   -9.0   -9.0 23 76 0601                     7   3    9 ScAc       0   3   5  3601  0.1  0.78 -9  11.6   6.5   6.2   7.8   8.8  -9 -9.0 -9  4  1
202503291200 108  25  4.9  23 11.0 1031 1009.7 1020.3  4   0.0   5.3  -0.9  64.0   5.7    0.0    0.0    0.0   -9.0   -9.0   -9.0   -9.0 -9 76 -                        7   7    8 Sc         0   0   5  3845  0.3  1.63 -9  11.0   7.3   6.7   7.7   8.6  -9 -9.0 -9  3  1
202503291300 108  29  4.4  29 11.0 1241 1009.7 1020.3 -9  -9.0   5.7  -4.4  48.0   4.4   -9.0    0.0    0.0   -9.0   -9.0   -9.0   -9.0 23 72 0605                     3   3   10 Sc         0   0   5  4587  0.4  2.07 -9  19.0   7.9   7.2   7.7   8.5  -9 -9.0 -9  4  1
202503291400 108  29  4.8  32 12.0 1308 1009.7 1020.3 -9  -9.0   5.2  -4.6  49.0   4.3   -9.0    0.0    0.0   -9.0   -9.0   -9.0   -9.0 70 72 05                       8   8   10 Sc         0   0   5  3705  0.3  1.41 -9  10.8   8.3   7.7   7.7   8.4  -9 -9.0 -9  4  1
202503291500 108  27  4.7  32 12.0 1308 1009.3 1019.9  7  -0.4   6.5 -10.2  29.0   2.8    0.0    0.0    0.0   -9.0   -9.0   -9.0   -9.0 22 76 05                       4   3   17 ScCi       1   0   5  4401  0.5  1.88 -9  16.0   8.5   7.9   7.8   8.4  -9 -9.0 -9  4  1
202503291600 108  29  7.7  27 14.0 1549 1009.8 1020.4 -9  -9.0   5.6 -16.2  19.0   1.7   -9.0    0.0    0.0   -9.0   -9.0   -9.0   -9.0 -9 -9 -                        1   0   -9 Ci         1   0   0  4071  1.0  2.46 -9  15.0   8.5   8.1   7.9   8.3  -9 -9.0 -9  3  2
202503291700 108  29  5.8  29 13.0 1605 1010.1 1020.7 -9  -9.0   5.4 -15.8  20.0   1.8   -9.0    0.0    0.0   -9.0   -9.0   -9.0   -9.0 -9 -9 -                        0   0   -9 -         -9  -9  -9  3866  1.0  1.79 -9  11.9   8.4   8.1   8.1   8.3  -9 -9.0 -9  3  2
202503291800 108  29  5.4  27 14.0 1549 1011.0 1021.7  2   1.8   4.6 -15.3  22.0   1.9   -9.0    0.0    0.0   -9.0   -9.0   -9.0   -9.0 -9 -9 -                        0   0   -9 -         -9  -9  -9  4733  0.9  0.85 -9   6.1   8.2   7.9   8.2   8.4  -9 -9.0 -9  3  2
202503291900 108  29  4.6  29 14.0 1823 1012.0 1022.7 -9  -9.0   3.1 -15.5  24.0   1.8   -9.0    0.0    0.0   -9.0   -9.0   -9.0   -9.0 -9 -9 -                        0   0   -9 -         -9  -9  -9  4703  0.4  0.16 -9   3.2   7.8   7.5   8.3   8.4  -9 -9.0 -9  3 -9
202503292000 108  29  3.7  -9 -9.0   -9 1013.2 1024.0 -9  -9.0   2.0 -15.0  27.0   1.9   -9.0    0.0    0.0   -9.0   -9.0   -9.0   -9.0 -9 -9 -                        0   0   -9 -         -9  -9  -9  4649 -9.0 -9.00 -9   1.7   7.2   6.9   8.3   8.5  -9 -9.0 -9  3 -9
202503292100 108  29  3.2  27 14.0 1549 1014.6 1025.4  2   3.7   1.6 -14.5  29.0   2.0   -9.0    0.0    0.0   -9.0   -9.0   -9.0   -9.0 -9 -9 -                        4   0   -9 Ci         1   0   0  4516 -9.0 -9.00 -9   0.8   6.6   6.5   8.4   8.6  -9 -9.0 -9  3  2
202503292200 108  27  3.7  -9 -9.0   -9 1015.4 1026.2 -9  -9.0   1.3 -13.2  33.0   2.2   -9.0    0.0    0.0   -9.0   -9.0   -9.0   -9.0 -9 -9 -                        0   0   -9 -         -9  -9  -9  4768 -9.0 -9.00 -9   0.6   6.2   6.0   8.3   8.6  -9 -9.0 -9  3 -9
202503292300 108  25  4.0  -9 -9.0   -9 1015.7 1026.6 -9  -9.0   1.0 -11.4  39.0   2.6   -9.0    0.0    0.0   -9.0   -9.0   -9.0   -9.0 -9 -9 -                        0   0   -9 -         -9  -9  -9  4460 -9.0 -9.00 -9   0.4   5.7   5.6   8.1   8.6  -9 -9.0 -9  3 -9
202503300000 108  25  3.1  -9 -9.0   -9 1015.9 1026.8  2   1.4   0.7  -9.6  46.0   3.0   -9.0    0.0    0.0   -9.0   -9.0   -9.0   -9.0 -9 -9 -                        0   0   -9 -         -9  -9  -9  4369 -9.0 -9.00 -9   0.2   5.4   5.3   8.0   8.6  -9 -9.0 -9  3  2
202503300100 108  25  2.9  -9 -9.0   -9 1016.4 1027.3 -9  -9.0   0.5  -8.7  50.0   3.2   -9.0   -9.0   -9.0   -9.0   -9.0   -9.0   -9.0 -9 -9 -                        0   0   -9 -         -9  -9  -9  3988 -9.0 -9.00 -9  -0.1   5.1   5.0   7.8   8.5  -9 -9.0 -9  3 -9
202503300200 108  25  1.9  -9 -9.0   -9 1016.6 1027.5 -9  -9.0   0.1  -8.6  52.0   3.2   -9.0   -9.0   -9.0   -9.0   -9.0   -9.0   -9.0 -9 -9 -                        0   0   -9 -         -9  -9  -9  4260 -9.0 -9.00 -9  -0.3   4.8   4.7   7.6   8.4  -9 -9.0 -9  3 -9
202503300300 108  25  2.6  -9 -9.0   -9 1016.6 1027.5  1   0.7  -0.2  -7.9  56.0   3.4   -9.0   -9.0   -9.0   -9.0   -9.0   -9.0   -9.0 -9 -9 -                        0   0   -9 -         -9  -9  -9  4097 -9.0 -9.00 -9  -0.5   4.5   4.5   7.4   8.3  -9 -9.0 -9  3  2
202503300400 108  27  1.6  -9 -9.0   -9 1016.9 1027.8 -9  -9.0  -0.6  -6.9  62.0   3.6   -9.0   -9.0   -9.0   -9.0   -9.0   -9.0   -9.0 -9 -9 -                        0   0   -9 -         -9  -9  -9  3966 -9.0 -9.00 -9  -0.8   4.2   4.3   7.3   8.3  -9 -9.0 -9  3  2
202503300500 108  27  1.2  -9 -9.0   -9 1017.3 1028.3 -9  -9.0  -1.1  -6.8  65.0   3.7   -9.0   -9.0   -9.0   -9.0   -9.0   -9.0   -9.0 -9 -9 -                        0   0   -9 -         -9  -9  -9  3961 -9.0 -9.00 -9  -1.0   4.0   4.1   7.1   8.2  -9 -9.0 -9  3  2
202503300600 108  34  1.5  -9 -9.0   -9 1017.4 1028.4  2   0.9  -1.2  -6.9  65.0   3.6   -9.0   -9.0   -9.0   -9.0   -9.0   -9.0   -9.0 -9 -9 -                        0   0   -9 -         -9  -9  -9  3734 -9.0 -9.00 -9  -1.3   3.7   3.8   7.0   8.1  -9 -9.0 -9  3  2
202503300700 108   0  0.4  -9 -9.0   -9 1017.7 1028.7 -9  -9.0  -1.7  -6.8  68.0   3.7   -9.0   -9.0   -9.0   -9.0   -9.0   -9.0   -9.0 -9 -9 -                        0   0   -9 -         -9  -9  -9  3752  0.3  0.07 -9  -1.3   3.4   3.6   6.8   8.0  -9 -9.0 -9  3  2
202503300800 108  27  2.1  -9 -9.0   -9 1018.0 1028.9 -9  -9.0   0.1  -9.3  49.0   3.0   -9.0   -9.0   -9.0   -9.0   -9.0   -9.0   -9.0 -9 -9 -                        0   0   -9 -         -9  -9  -9  4434  1.0  0.63 -9  -0.3   3.3   3.4   6.5   7.8  -9 -9.0 -9  3  2
202503300900 108  25  3.0  -9 -9.0   -9 1018.3 1029.1  2   0.7   2.7 -11.2  35.0   2.6   -9.0   -9.0   -9.0   -9.0   -9.0   -9.0   -9.0 -9 -9 -                        0   0   -9 -         -9  -9  -9  4230  1.0  1.49 -9   5.8   3.8   3.4   6.3   7.6  -9 -9.0 -9  3  2
202503301000 108  20  4.0  -9 -9.0   -9 1018.1 1028.8 -9  -9.0   4.9  -7.2  41.0   3.6   -9.0   -9.0   -9.0   -9.0   -9.0   -9.0   -9.0 -9 -9 -                        1   1   14 Sc         0   0   5  4048  1.0  2.18 -9  13.1   4.7   3.8   6.1   7.4  -9 -9.0 -9  3  2
202503301100 108  23  4.5  16 10.0 1053 1017.9 1028.6 -9  -9.0   5.7  -5.9  43.0   3.9   -9.0   -9.0   -9.0   -9.0   -9.0   -9.0   -9.0 -9 -9 -                        8   8   12 Sc         0   0   5  3690  0.6  2.12 -9  12.5   5.9   4.7   6.0   7.2  -9 -9.0 -9  3  2
202503301200 108  29  4.9  16 10.0 1053 1017.6 1028.3  7  -0.8   5.1  -4.4  50.0   4.4    0.0    0.0    0.0   -9.0   -9.0   -9.0   -9.0 70 72 05                       9   9    8 Sc         0   0   5  3834  0.3  1.41 -9  10.5   6.4   5.5   6.0   7.1  -9 -9.0 -9  4  1
202503301300 108  25  3.3  25 11.0 1206 1017.2 1027.9 -9  -9.0   5.3  -0.7  65.0   5.8   -9.0    0.0    0.0   -9.0   -9.0   -9.0   -9.0 70 77 05                       9   9    8 Sc         0   0   5  3447  0.4  1.81 -9  12.1   7.0   6.0   6.0   7.0  -9 -9.0 -9  4  1
202503301400 108  20  3.8  -9 -9.0   -9 1016.2 1026.9 -9  -9.0   6.2  -2.1  55.0   5.2   -9.0    0.0    0.0   -9.0   -9.0   -9.0   -9.0 70 77 05                       9   9    9 Sc         0   0   5  4141  0.1  0.91 -9  13.0   7.4   6.4   6.2   7.0  -9 -9.0 -9  4  1
202503301500 108  32  3.4  25 11.0 1206 1016.1 1026.8  7  -1.5   4.7  -1.3  65.0   5.6    0.0    0.0    0.0   -9.0   -9.0   -9.0   -9.0 70 77 05                       9   9    9 Sc         0   0   5  3039  0.0  0.54 -9   9.6   7.5   6.7   6.3   6.9  -9 -9.0 -9  4  1
202503301600 108  32  3.6  -9 -9.0   -9 1015.4 1026.1 -9  -9.0   5.2  -2.6  57.0   5.0   -9.0    0.0    0.0   -9.0   -9.0   -9.0   -9.0 22 72 05                       8   8   10 Sc         0   0   5  3899  0.0  0.60 -9   8.6   7.4   6.6   6.5   7.0  -9 -9.0 -9  4  1
202503301700 108  23  4.6  -9 -9.0   -9 1015.0 1025.6 -9  -9.0   7.4  -7.0  35.0   3.6   -9.0    0.0    0.0   -9.0   -9.0   -9.0   -9.0 -9 -9 -                        1   1   15 Sc         0   0   5  3730  0.9  1.56 -9  11.5   7.6   6.8   6.6   7.0  -9 -9.0 -9  3  2
202503301800 108  25  3.7  -9 -9.0   -9 1014.7 1025.3  7  -1.5   6.9  -8.6  32.0   3.2    0.0    0.0    0.0   -9.0   -9.0   -9.0   -9.0 -9 70 -                        0   0   -9 -         -9  -9  -9  4748  1.0  0.88 -9   6.5   7.7   6.9   6.7   7.0  -9 -9.0 -9  3  1
202503301900 108  25  3.6  -9 -9.0   -9 1014.7 1025.4 -9  -9.0   5.6  -6.6  41.0   3.7   -9.0    0.0    0.0   -9.0   -9.0   -9.0   -9.0 -9 -9 -                        0   0   -9 -         -9  -9  -9  3757  0.5  0.19 -9   4.0   7.3   6.7   6.8   7.1  -9 -9.0 -9  3 -9
202503302000 108  20  2.5  18 10.0 1925 1015.2 1025.9 -9  -9.0   4.8  -6.1  45.0   3.9   -9.0    0.0    0.0   -9.0   -9.0   -9.0   -9.0 -9 -9 -                        0   0   -9 -         -9  -9  -9  3908 -9.0 -9.00 -9   2.7   6.8   6.3   6.9   7.1  -9 -9.0 -9  3 -9
202503302100 108  23  3.1  18 10.0 1925 1016.1 1026.8  2   1.5   4.6  -5.2  49.0   4.2   -9.0    0.0    0.0   -9.0   -9.0   -9.0   -9.0 -9 70 -                        1   1   10 Sc         0   0   5  3656 -9.0 -9.00 -9   2.1   6.3   5.9   6.9   7.1  -9 -9.0 -9  3  1
202503302200 108  23  2.0  -9 -9.0   -9 1016.5 1027.2 -9  -9.0   4.5  -4.5  52.0   4.4   -9.0    0.0    0.0   -9.0   -9.0   -9.0   -9.0 -9 -9 -                        7   7   13 -         -9  -9  -9  3796 -9.0 -9.00 -9   2.2   6.0   5.6   6.9   7.2  -9 -9.0 -9  3 -9
202503302300 108  25  2.7  -9 -9.0   -9 1016.6 1027.3 -9  -9.0   4.4  -4.1  54.0   4.5   -9.0    0.0    0.0   -9.0   -9.0   -9.0   -9.0 -9 -9 -                        7   7   12 -         -9  -9  -9  3692 -9.0 -9.00 -9   2.2   5.7   5.4   6.8   7.2  -9 -9.0 -9  3 -9
202503310000 108  27  1.6  -9 -9.0   -9 1016.5 1027.2  0   0.4   4.1  -3.6  57.0   4.7   -9.0    0.0    0.0   -9.0   -9.0   -9.0   -9.0 -9 -9 -                        4   4   12 Sc         0   0   5  3349 -9.0 -9.00 -9   1.6   5.5   5.2   6.8   7.2  -9 -9.0 -9  3  2
202503310100 108  34  1.2  -9 -9.0   -9 1016.2 1026.9 -9  -9.0   3.9  -3.6  58.0   4.7   -9.0   -9.0   -9.0   -9.0   -9.0   -9.0   -9.0 -9 -9 -                        4   4   10 -         -9  -9  -9  3425 -9.0 -9.00 -9   1.3   5.4   5.0   6.7   7.2  -9 -9.0 -9  3 -9
202503310200 108   0  0.4  -9 -9.0   -9 1016.0 1026.8 -9  -9.0   2.9  -4.3  59.0   4.4   -9.0   -9.0   -9.0   -9.0   -9.0   -9.0   -9.0 -9 -9 -                        4   3   10 -         -9  -9  -9  3306 -9.0 -9.00 -9   0.6   5.1   4.8   6.6   7.2  -9 -9.0 -9  3 -9
202503310300 108   0  0.3  -9 -9.0   -9 1015.7 1026.5  7  -0.7   2.5  -4.0  62.0   4.5   -9.0   -9.0   -9.0   -9.0   -9.0   -9.0   -9.0 -9 -9 -                        0   0   -9 -         -9  -9  -9  3531 -9.0 -9.00 -9   0.5   4.8   4.5   6.5   7.1  -9 -9.0 -9  3  2
202503310400 108  34  1.1  -9 -9.0   -9 1015.8 1026.6 -9  -9.0   2.2  -3.5  66.0   4.7   -9.0   -9.0   -9.0   -9.0   -9.0   -9.0   -9.0 -9 -9 -                        7   7   10 Sc         0   0   5  3315 -9.0 -9.00 -9   0.6   4.5   4.3   6.4   7.2  -9 -9.0 -9  3  2
202503310500 108   5  2.0  -9 -9.0   -9 1015.6 1026.4 -9  -9.0   2.0  -3.4  67.0   4.8   -9.0   -9.0   -9.0   -9.0   -9.0   -9.0   -9.0 -9 -9 -                        1   1   10 Sc         0   0   5  3334 -9.0 -9.00 -9   0.5   4.3   4.1   6.3   7.1  -9 -9.0 -9  3  2
202503310600 108   5  2.5  -9 -9.0   -9 1015.4 1026.2  8  -0.3   1.3  -3.5  70.0   4.7   -9.0   -9.0   -9.0   -9.0   -9.0   -9.0   -9.0 -9 -9 -                        0   0   -9 -         -9  -9  -9  3007 -9.0 -9.00 -9   0.2   4.1   3.9   6.2   7.0  -9 -9.0 -9  3  2
202503310700 108   7  2.4  -9 -9.0   -9 1015.6 1026.4 -9  -9.0   1.5  -3.3  70.0   4.8   -9.0   -9.0   -9.0   -9.0   -9.0   -9.0   -9.0 -9 -9 -                        0   0   -9 -         -9  -9  -9  3105  0.2  0.07 -9   0.2   3.9   3.7   6.1   7.0  -9 -9.0 -9  3  2
202503310800 108   7  1.5  -9 -9.0   -9 1015.4 1026.2 -9  -9.0   3.5  -2.2  66.0   5.2   -9.0   -9.0   -9.0   -9.0   -9.0   -9.0   -9.0 -9 -9 -                        0   0   -9 -         -9  -9  -9  2938  1.0  0.57 -9   1.7   3.9   3.7   5.9   6.9  -9 -9.0 -9  3  2
202503310900 108   9  1.6  -9 -9.0   -9 1015.3 1026.0  8  -0.2   6.1  -0.8  61.0   5.8   -9.0   -9.0   -9.0   -9.0   -9.0   -9.0   -9.0 -9 -9 -                        0   0   -9 -         -9  -9  -9  1987  1.0  1.33 -9   9.9   4.5   4.0   5.9   6.9  -9 -9.0 -9  3  2
202503311000 108  14  1.5  -9 -9.0   -9 1015.5 1026.1 -9  -9.0   8.6   1.0  59.0   6.6   -9.0   -9.0   -9.0   -9.0   -9.0   -9.0   -9.0 -9 -9 -                        0   0   -9 -         -9  -9  -9  1652  1.0  2.02 -9  16.6   5.6   4.7   5.8   6.8  -9 -9.0 -9  3  2
202503311100 108  18  2.5  -9 -9.0   -9 1015.5 1026.0 -9  -9.0  10.1  -0.4  48.0   5.9   -9.0   -9.0   -9.0   -9.0   -9.0   -9.0   -9.0 -9 -9 -                        0   0   -9 -         -9  -9  -9  2057  1.0  2.71 -9  21.4   7.1   5.7   5.8   6.7  -9 -9.0 -9  3  2
202503311200 108  25  2.6  -9 -9.0   -9 1015.1 1025.5  8  -0.5  11.5  -0.9  42.0   5.7   -9.0   -9.0   -9.0   -9.0   -9.0   -9.0   -9.0 -9 -9 -                        0   0   -9 -         -9  -9  -9  2255  1.0  3.11 -9  25.2   8.6   7.0   5.9   6.6  -9 -9.0 -9  3  2
202503311300 108  25  3.0  -9 -9.0   -9 1014.5 1024.9 -9  -9.0  12.7  -0.5  40.0   5.9   -9.0   -9.0   -9.0   -9.0   -9.0   -9.0   -9.0 -9 -9 -                        2   2   16 Sc         0   0   5  2083  1.0  3.20 -9  27.0  10.0   8.4   6.0   6.5  -9 -9.0 -9  3  2
202503311400 108  20  3.6  -9 -9.0   -9 1013.3 1023.6 -9  -9.0  13.5  -1.3  36.0   5.6   -9.0   -9.0   -9.0   -9.0   -9.0   -9.0   -9.0 -9 -9 -                        0   0   -9 -         -9  -9  -9  1940  1.0  3.11 -9  26.8  11.1   9.6   6.3   6.5  -9 -9.0 -9  3  2
202503311500 108  23  3.3  -9 -9.0   -9 1012.4 1022.7  7  -2.8  13.6  -4.1  29.0   4.5   -9.0   -9.0   -9.0   -9.0   -9.0   -9.0   -9.0 -9 -9 -                        3   0   -9 Ci         1   0   0  3034  1.0  2.68 -9  25.2  11.8  10.4   6.7   6.6  -9 -9.0 -9  3  2
202503311600 108  20  3.1  -9 -9.0   -9 1011.8 1022.1 -9  -9.0  13.7  -5.4  26.0   4.1   -9.0   -9.0   -9.0   -9.0   -9.0   -9.0   -9.0 -9 -9 -                        7   0   -9 Ci         1   0   0  3317  1.0  2.21 -9  21.3  12.1  10.8   7.1   6.6  -9 -9.0 -9  3  2
202503311700 108  23  3.8  -9 -9.0   -9 1011.7 1022.1 -9  -9.0  12.7  -9.1  21.0   3.1   -9.0   -9.0   -9.0   -9.0   -9.0   -9.0   -9.0 -9 -9 -                        5   0   -9 Ci         1   0   0  4149  1.0  1.27 -9  16.4  11.9  10.8   7.4   6.7  -9 -9.0 -9  3  2
202503311800 108  25  3.2  -9 -9.0   -9 1012.0 1022.4  5  -0.3  11.5  -8.4  24.0   3.2   -9.0   -9.0   -9.0   -9.0   -9.0   -9.0   -9.0 -9 -9 -                        8   0   -9 Ci         1   0   0  4289  0.6  0.71 -9  11.6  11.4  10.6   7.8   6.9  -9 -9.0 -9  3  2
202503311900 108  25  2.9  -9 -9.0   -9 1012.2 1022.7 -9  -9.0  10.0  -9.1  25.0   3.1   -9.0   -9.0   -9.0   -9.0   -9.0   -9.0   -9.0 -9 -9 -                        4   4   66 -         -9  -9  -9  4353  0.0  0.16 -9   8.3  10.7   9.9   7.8   6.9  -9 -9.0 -9  3 -9
202503312000 108  27  2.9  -9 -9.0   -9 1012.7 1023.2 -9  -9.0   8.8  -6.6  33.0   3.7   -9.0   -9.0   -9.0   -9.0   -9.0   -9.0   -9.0 -9 -9 -                        6   6   66 -         -9  -9  -9  3009 -9.0 -9.00 -9   6.5  10.0   9.4   8.2   7.2  -9 -9.0 -9  3 -9
202503312100 108  27  2.5  -9 -9.0   -9 1013.2 1023.8  2   1.4   7.9  -3.6  44.0   4.7   -9.0   -9.0   -9.0   -9.0   -9.0   -9.0   -9.0 -9 -9 -                        0   0   -9 -         -9  -9  -9  2085 -9.0 -9.00 -9   5.6   9.3   8.7   8.2   7.3  -9 -9.0 -9  3  2
202503312200 108  27  1.5  -9 -9.0   -9 1013.5 1024.1 -9  -9.0   7.2  -1.0  56.0   5.7   -9.0   -9.0   -9.0   -9.0   -9.0   -9.0   -9.0 -9 -9 -                        6   6   63 -         -9  -9  -9  1368 -9.0 -9.00 -9   5.0   8.7   8.2   8.2   7.5  -9 -9.0 -9  3 -9
202503312300 108  25  1.5  -9 -9.0   -9 1013.9 1024.5 -9  -9.0   7.1   0.9  65.0   6.5   -9.0   -9.0   -9.0   -9.0   -9.0   -9.0   -9.0 -9 -9 -                        4   4   57 -         -9  -9  -9  1114 -9.0 -9.00 -9   4.4   8.2   7.7   8.2   7.6  -9 -9.0 -9  3 -9
#7777END
