#START7777
#2345678901234567890123456789012345678901234567890123456789012345678901234567890123456789012345678901234567890123456789012345678901234567890123456789012345678901234567890123456789012345678901234567890123456789012345678901234567890123456789012345678901234
# YYMMDDHHMI STN  WD   WS GST  GST  GST     PA     PS PT    PR    TA    TD    HM    PV     RN     RN     RN     RN     SD     SD     SD WC WP WW                      CA  CA   CH CT        CT  CT  CT    VS   SS    SI ST    TS    TE    TE    TE    TE  ST   WH BF IR IX
#        KST  ID  16  m/s  WD   WS   TM    hPa    hPa  -   hPa     C     C     %   hPa     mm    DAY    JUN    INT    HR3    DAY    TOT -- -- ---------------------- TOT MID  MIN -------- TOP MID LOW                  GD     C     5    10    20    30 SEA    m --  -  -
202602010000 108  23  1.8  -9 -9.0   -9 1016.1 1027.1  8  -0.3  -2.1  -8.8  60.0   3.1    0.0    0.0    0.0   -9.0   -9.0   -9.0   -9.0 70 72 05                       9   9    8 Sc         0   0   5  1215 -9.0 -9.00 -9  -2.3  -1.5  -2.1  -1.3  -0.8  -9 -9.0 -9  4  1
202602010100 108  25  2.4  -9 -9.0   -9 1016.0 1027.0 -9  -9.0  -2.0  -8.7  60.0   3.2   -9.0    0.0    0.0   -9.0   -9.0   -9.0   -9.0 22 72 05                       9   9    7 Sc         0   0   5  1112 -9.0 -9.00 -9  -2.2  -1.4  -2.1  -1.3  -0.8  -9 -9.0 -9  4  1
202602010200 108  29  2.4  -9 -9.0   -9 1016.3 1027.3 -9  -9.0  -2.6 -10.1  56.0   2.8   -9.0    0.0    0.0   -9.0   -9.0   -9.0   -9.0 -9 -9 -                        7   7    9 -         -9  -9  -9  1308 -9.0 -9.00 -9  -3.2  -1.4  -2.0  -1.3  -0.8  -9 -9.0 -9  3 -9
202602010300 108  29  1.8  -9 -9.0   -9 1016.2 1027.3  1   0.2  -3.6 -10.6  58.0   2.7    0.0    0.0    0.0   -9.0   -9.0   -9.0   -9.0 -9 71 -                        0   0   -9 -         -9  -9  -9  1247 -9.0 -9.00 -9  -4.7  -1.6  -2.0  -1.2  -0.8  -9 -9.0 -9  3  1
202602010400 108  32  1.8  -9 -9.0   -9 1016.2 1027.3 -9  -9.0  -4.5 -10.8  61.0   2.7   -9.0    0.0    0.0   -9.0   -9.0   -9.0   -9.0 -9 -9 -                        0   0   -9 -         -9  -9  -9  1295 -9.0 -9.00 -9  -5.5  -1.8  -2.1  -1.1  -0.6  -9 -9.0 -9  3  2
202602010500 108  32  3.1  -9 -9.0   -9 1016.1 1027.2 -9  -9.0  -5.1 -11.4  61.0   2.6   -9.0    0.0    0.0   -9.0   -9.0   -9.0   -9.0 -9 -9 -                        0   0   -9 -         -9  -9  -9  1469 -9.0 -9.00 -9  -5.8  -2.1  -2.2  -1.1  -0.6  -9 -9.0 -9  3  2
202602010600 108  27  1.7  -9 -9.0   -9 1016.2 1027.4  3   0.1  -6.1 -12.4  61.0   2.4   -9.0    0.0    0.0   -9.0   -9.0   -9.0   -9.0 -9 -9 -                        0   0   -9 -         -9  -9  -9  1592 -9.0 -9.00 -9  -6.5  -2.4  -2.4  -1.2  -0.6  -9 -9.0 -9  3  2
202602010700 108  27  1.0  -9 -9.0   -9 1016.2 1027.4 -9  -9.0  -6.8 -13.0  61.0   2.3   -9.0    0.0    0.0   -9.0   -9.0   -9.0   -9.0 -9 -9 -                        0   0   -9 -         -9  -9  -9  1828 -9.0 -9.00 -9  -7.0  -2.7  -2.6  -1.2  -0.6  -9 -9.0 -9  3  2
202602010800 108  23  0.8  -9 -9.0   -9 1016.3 1027.5 -9  -9.0  -7.1 -13.1  62.0   2.2   -9.0    0.0    0.0   -9.0   -9.0   -9.0   -9.0 -9 -9 -                        0   0   -9 -         -9  -9  -9  1994  0.1  0.01 -9  -7.0  -2.9  -2.8  -1.3  -0.5  -9 -9.0 -9  3  2
202602010900 108  29  1.0  -9 -9.0   -9 1016.7 1027.9  2   0.5  -6.0 -11.9  63.0   2.5   -9.0    0.0    0.0   -9.0   -9.0   -9.0   -9.0 -9 -9 -                        0   0   -9 -         -9  -9  -9  1958  1.0  0.42 -9  -4.6  -2.9  -2.9  -1.4  -0.6  -9 -9.0 -9  3  2
202602011000 108  23  2.3  -9 -9.0   -9 1017.1 1028.2 -9  -9.0  -3.3 -10.6  57.0   2.7   -9.0    0.0    0.0   -9.0   -9.0   -9.0   -9.0 -9 -9 -                        0   0   -9 -         -9  -9  -9  1952  1.0  1.02 -9  -0.3  -2.4  -2.9  -1.6  -0.7  -9 -9.0 -9  3  2
202602011100 108  29  2.9  -9 -9.0   -9 1017.2 1028.2 -9  -9.0  -2.0 -11.8  47.0   2.5   -9.0    0.0    0.0   -9.0   -9.0   -9.0   -9.0 -9 -9 -                        0   0   -9 -         -9  -9  -9  2161  1.0  1.68 -9   1.6  -1.8  -2.6  -1.7  -0.9  -9 -9.0 -9  3  2
202602011200 108  29  2.4  -9 -9.0   -9 1016.7 1027.6  8  -0.3  -0.5 -13.7  36.0   2.1   -9.0    0.0    0.0   -9.0   -9.0   -9.0   -9.0 -9 -9 -                        0   0   -9 -         -9  -9  -9  2801  1.0  2.07 -9   4.1  -1.4  -2.4  -1.8  -1.1  -9 -9.0 -9  3  2
202602011300 108  29  4.6  -9 -9.0   -9 1016.0 1026.9 -9  -9.0   0.1 -15.8  29.0   1.8   -9.0    0.0    0.0   -9.0   -9.0   -9.0   -9.0 -9 -9 -                        0   0   -9 -         -9  -9  -9  4340  1.0  2.28 -9   5.8  -1.0  -2.2  -1.9  -1.1  -9 -9.0 -9  3  2
202602011400 108  29  4.0  -9 -9.0   -9 1015.1 1026.0 -9  -9.0   0.9 -16.4  26.0   1.7   -9.0    0.0    0.0   -9.0   -9.0   -9.0   -9.0 -9 -9 -                        0   0   -9 -         -9  -9  -9  3743  1.0  2.26 -9   5.0  -0.8  -2.1  -1.9  -1.4  -9 -9.0 -9  3  2
202602011500 108  29  4.0  -9 -9.0   -9 1014.7 1025.5  7  -2.1   1.6 -15.4  27.0   1.8   -9.0    0.0    0.0   -9.0   -9.0   -9.0   -9.0 -9 -9 -                        0   0   -9 -         -9  -9  -9  3687  1.0  1.98 -9   3.0  -0.6  -2.3  -2.1  -1.6  -9 -9.0 -9  3  2
202602011600 108  27  3.5  -9 -9.0   -9 1014.7 1025.5 -9  -9.0   1.8 -13.9  30.0   2.1   -9.0    0.0    0.0   -9.0   -9.0   -9.0   -9.0 -9 -9 -                        0   0   -9 -         -9  -9  -9  2775  1.0  1.41 -9   1.4  -0.5  -2.4  -2.3  -1.7  -9 -9.0 -9  3  2
202602011700 108  25  3.1  -9 -9.0   -9 1014.8 1025.7 -9  -9.0   0.7 -12.7  36.0   2.3   -9.0    0.0    0.0   -9.0   -9.0   -9.0   -9.0 -9 -9 -                        0   0   -9 -         -9  -9  -9  2910  1.0  0.67 -9   0.5  -0.5  -2.3  -2.3  -1.8  -9 -9.0 -9  3  2
202602011800 108  25  2.1  -9 -9.0   -9 1014.9 1025.8  2   0.3  -0.4 -12.0  41.0   2.4   -9.0    0.0    0.0   -9.0   -9.0   -9.0   -9.0 -9 -9 -                        2   2   12 Sc         0   0   5  3123  0.2  0.14 -9  -0.2  -0.6  -2.1  -2.0  -1.6  -9 -9.0 -9  3  2
202602011900 108  27  1.2  -9 -9.0   -9 1015.2 1026.1 -9  -9.0  -0.5 -11.5  43.0   2.5   -9.0    0.0    0.0   -9.0   -9.0   -9.0   -9.0 -9 -9 -                        9   9    9 -         -9  -9  -9  2593 -9.0 -9.00 -9  -0.3  -0.7  -2.0  -1.8  -1.4  -9 -9.0 -9  3 -9
202602012000 108  27  2.5  -9 -9.0   -9 1015.2 1026.1 -9  -9.0  -0.4  -9.3  51.0   3.0   -9.0    0.0    0.0   -9.0   -9.0   -9.0   -9.0 70 72 05                       9   9    8 Sc         0   0   5  2515 -9.0 -9.00 -9  -0.4  -0.7  -1.9  -1.7  -1.4  -9 -9.0 -9  4  1
202602012100 108  18  0.6  -9 -9.0   -9 1014.9 1025.8  4   0.0  -0.5  -7.9  57.0   3.4    0.0    0.0    0.0   -9.0   -9.0   -9.0   -9.0 22 70 05                       9   9    9 Sc         0   0   5  2008 -9.0 -9.00 -9  -0.5  -0.7  -1.9  -1.6  -1.3  -9 -9.0 -9  1  1
202602012200 108  18  1.3  -9 -9.0   -9 1014.7 1025.6 -9  -9.0  -0.5  -8.6  54.0   3.2   -9.0    0.0    0.0   -9.0   -9.0   -9.0   -9.0 -9 -9 -                        7   7   11 -         -9  -9  -9  2219 -9.0 -9.00 -9  -0.7  -0.7  -1.9  -1.5  -1.3  -9 -9.0 -9  3 -9
202602012300 108  11  1.5  -9 -9.0   -9 1014.2 1025.1 -9  -9.0  -0.4  -8.5  54.0   3.2   -9.0    0.0    0.0   -9.0   -9.0   -9.0   -9.0 -9 -9 -                        7   7   11 -         -9  -9  -9  2231 -9.0 -9.00 -9  -0.9  -0.7  -1.8  -1.5  -1.1  -9 -9.0 -9  3 -9
202602020000 108  36  1.6  -9 -9.0   -9 1014.0 1024.9  7  -0.9  -0.5  -7.9  57.0   3.4    0.0    0.0    0.0   -9.0   -9.0   -9.0   -9.0 70 72 05                       9   9    9 Sc         0   0   5  2042 -9.0 -9.00 -9  -0.7  -0.7  -1.8  -1.4  -1.1  -9 -9.0 -9  4  1
202602020100 108  29  1.9  -9 -9.0   -9 1014.0 1024.9 -9  -9.0  -1.1  -3.1  86.0   4.9   -9.0    0.5    0.5   -9.0   -9.0    1.4    1.4 73 77 05                      10   8    3 StNs      -9   2   7    68 -9.0 -9.00 -9  -0.4  -0.7  -1.8  -1.4  -1.1  -9 -9.0 -9  4  1
202602020200 108   5  1.5  -9 -9.0   -9 1013.6 1024.5 -9  -9.0  -1.4  -3.1  88.0   4.9   -9.0    1.8    1.8   -9.0   -9.0    5.6    5.6 73 77 05                      10   9    2 StNs      -9   2   7    43 -9.0 -9.00 -9  -0.2  -0.7  -1.8  -1.4  -1.0  -9 -9.0 -9  4  1
202602020300 108   0  0.3  -9 -9.0   -9 1013.8 1024.8  5  -0.1  -1.8  -4.1  84.0   4.5    2.1    2.1    2.1   -9.0    6.0    6.0    6.0 71 77 05                      10   9    2 StNs      -9   2   7   534 -9.0 -9.00 -9  -0.2  -0.6  -1.8  -1.4  -1.3  -9 -9.0 -9  4  1
202602020400 108   0  0.4  -9 -9.0   -9 1013.6 1024.6 -9  -9.0  -1.9  -4.0  85.0   4.5   -9.0    2.3    2.3   -9.0   -9.0    6.2    6.2 70 77 05                      10   9    2 StNs      -9   2   7   257 -9.0 -9.00 -9  -0.2  -0.6  -1.8  -1.5  -1.2  -9 -9.0 -9  4  1
202602020500 108  29  1.6  -9 -9.0   -9 1013.5 1024.5 -9  -9.0  -2.4  -4.2  87.0   4.5   -9.0    2.4    2.4   -9.0   -9.0    6.2    6.2 22 72 1905                     4   4    7 Sc         0   0   5   351 -9.0 -9.00 -9  -0.3  -0.6  -1.9  -1.5  -1.1  -9 -9.0 -9  4  1
202602020600 108  27  1.7  -9 -9.0   -9 1014.0 1025.0  3   0.2  -3.2  -4.9  88.0   4.2    0.3    2.4    2.4   -9.0    0.2    6.2    6.2 22 72 1905                     3   3    7 Sc         0   0   5   451 -9.0 -9.00 -9  -0.5  -0.6  -1.8  -1.4  -1.0  -9 -9.0 -9  4  1
202602020700 108  29  3.2  -9 -9.0   -9 1014.7 1025.7 -9  -9.0  -3.3  -4.7  90.0   4.3   -9.0    2.4    2.4   -9.0   -9.0    6.0    6.0 10 22 19                       7   7    6 Sc         0   0   5   628 -9.0 -9.00 -9  -0.5  -0.7  -1.8  -1.4  -1.0  -9 -9.0 -9  3  1
202602020800 108  34  3.4  -9 -9.0   -9 1015.7 1026.8 -9  -9.0  -3.6  -5.6  86.0   4.0   -9.0    2.4    2.4   -9.0   -9.0    5.9    5.9 10 22 19                       6   6    7 Sc         0   0   5   566  0.0  0.01 -9  -0.5  -0.7  -1.7  -1.3  -1.0  -9 -9.0 -9  3  1
202602020900 108  29  2.2  -9 -9.0   -9 1016.4 1027.5  2   2.5  -3.8  -6.7  80.0   3.7   -9.0    2.4    2.4   -9.0   -9.0    5.7    5.7 10 71 19                       1   1   10 Sc         0   0   5   643  0.5  0.17 -9  -0.5  -0.7  -1.7  -1.2  -1.0  -9 -9.0 -9  3  1
202602021000 108  29  2.7  -9 -9.0   -9 1017.0 1028.0 -9  -9.0  -3.0  -7.1  73.0   3.6   -9.0    2.4    2.4   -9.0   -9.0    5.5    5.5 10  0 19                       0   0   -9 -         -9  -9  -9   802  1.0  0.56 -9   0.0  -0.6  -1.7  -1.2  -0.9  -9 -9.0 -9  3  1
202602021100 108  27  2.6  -9 -9.0   -9 1017.1 1028.1 -9  -9.0  -1.5  -7.8  62.0   3.4   -9.0    2.4    2.4   -9.0   -9.0    5.4    5.4  5  0 4019                     0   0   -9 -         -9  -9  -9   891  1.0  0.79 -9   0.2  -0.6  -1.8  -1.5  -1.0  -9 -9.0 -9  3  1
202602021200 108  29  3.6  -9 -9.0   -9 1017.0 1028.0  0   0.5  -1.3 -11.1  47.0   2.6   -9.0    2.4    2.4   -9.0   -9.0    4.0    4.0 -9 -9 40                       1   1   11 Sc         0   0   5  1611  0.9  1.74 -9   0.2  -0.5  -1.8  -1.5  -1.3  -9 -9.0 -9  3  2
202602021300 108  27  2.9  -9 -9.0   -9 1016.4 1027.3 -9  -9.0   0.1  -9.3  49.0   3.0   -9.0    2.4    2.4   -9.0   -9.0    2.5    2.5 -9 -9 -                        1   1   10 Sc         0   0   5  1302  0.9  2.09 -9   0.3  -0.5  -1.8  -1.5  -1.3  -9 -9.0 -9  3  2
202602021400 108  29  3.8  -9 -9.0   -9 1015.9 1026.8 -9  -9.0   0.0 -12.3  39.0   2.4   -9.0    2.4    2.4   -9.0   -9.0    1.5    1.5 -9 -9 -                        0   0   -9 -         -9  -9  -9  2671  1.0  2.28 -9   0.2  -0.5  -1.9  -1.7  -1.3  -9 -9.0 -9  3  2
202602021500 108  27  2.6  -9 -9.0   -9 1015.9 1026.8  6  -1.2   0.6 -12.4  37.0   2.4   -9.0    2.4    2.4   -9.0   -9.0    0.6    0.6 -9 -9 -                        0   0   -9 -         -9  -9  -9  2866  1.0  2.02 -9   0.4  -0.3  -1.9  -1.7  -1.5  -9 -9.0 -9  3  2
202602021600 108  29  2.9  -9 -9.0   -9 1016.4 1027.3 -9  -9.0   0.5 -13.2  35.0   2.2   -9.0    2.4    2.4   -9.0   -9.0    0.3    0.3 -9 -9 -                        0   0   -9 -         -9  -9  -9  3435  1.0  1.55 -9   0.4  -0.3  -1.9  -1.8  -1.4  -9 -9.0 -9  3  2
202602021700 108  25  3.7  -9 -9.0   -9 1016.8 1027.7 -9  -9.0   0.5 -13.2  35.0   2.2   -9.0    2.4    2.4   -9.0   -9.0   -9.0   -9.0 -9 -9 -                        0   0   -9 -         -9  -9  -9  3548  1.0  0.85 -9   0.4  -0.3  -1.9  -1.8  -1.4  -9 -9.0 -9  3  2
202602021800 108  25  2.5  -9 -9.0   -9 1017.1 1028.1  2   1.3  -1.0 -12.0  43.0   2.4   -9.0    2.4    2.4   -9.0   -9.0   -9.0   -9.0 -9 -9 -                        0   0   -9 -         -9  -9  -9  2708  0.5  0.21 -9   0.4  -0.3  -1.9  -1.7  -1.5  -9 -9.0 -9  3  2
202602021900 108  27  2.6  -9 -9.0   -9 1017.9 1028.9 -9  -9.0  -1.7 -10.5  51.0   2.8   -9.0    2.4    2.4   -9.0   -9.0   -9.0   -9.0 -9 -9 -                        0   0   -9 -         -9  -9  -9  2339 -9.0 -9.00 -9   0.2  -0.4  -1.8  -1.6  -1.3  -9 -9.0 -9  3 -9
202602022000 108  25  3.1  -9 -9.0   -9 1018.3 1029.3 -9  -9.0  -2.0  -9.6  56.0   3.0   -9.0    2.4    2.4   -9.0   -9.0   -9.0   -9.0 -9 -9 -                        0   0   -9 -         -9  -9  -9  2043 -9.0 -9.00 -9   0.0  -0.5  -1.7  -1.4  -1.1  -9 -9.0 -9  3 -9
202602022100 108  25  1.9  -9 -9.0   -9 1018.4 1029.4  2   1.3  -2.3  -9.6  57.0   3.0   -9.0    2.4    2.4   -9.0   -9.0   -9.0   -9.0 -9 -9 -                        0   0   -9 -         -9  -9  -9  2182 -9.0 -9.00 -9  -0.3  -0.6  -1.6  -1.2  -1.0  -9 -9.0 -9  3  2
202602022200 108  27  2.0  -9 -9.0   -9 1019.2 1030.3 -9  -9.0  -2.8 -10.3  56.0   2.8   -9.0    2.4    2.4   -9.0   -9.0   -9.0   -9.0 -9 -9 -                        0   0   -9 -         -9  -9  -9  2689 -9.0 -9.00 -9  -0.7  -0.7  -1.5  -1.0  -1.0  -9 -9.0 -9  3 -9
202602022300 108  29  1.7  -9 -9.0   -9 1019.5 1030.6 -9  -9.0  -3.5 -10.1  60.0   2.8   -9.0    2.4    2.4   -9.0   -9.0   -9.0   -9.0 -9 -9 -                        0   0   -9 -         -9  -9  -9  2159 -9.0 -9.00 -9  -1.3  -0.8  -1.4  -0.9  -0.7  -9 -9.0 -9  3 -9
202602030000 108  27  1.4  -9 -9.0   -9 1019.8 1030.9  2   1.5  -4.3 -11.1  59.0   2.6   -9.0    2.4    2.4   -9.0   -9.0   -9.0   -9.0 -9 -9 -                        0   0   -9 -         -9  -9  -9  2317 -9.0 -9.00 -9  -1.7  -0.9  -1.3  -0.7  -0.7  -9 -9.0 -9  3  2
202602030100 108  29  1.6  -9 -9.0   -9 1019.8 1031.0 -9  -9.0  -4.9 -11.0  62.0   2.6   -9.0   -9.0   -9.0   -9.0   -9.0   -9.0   -9.0 -9 -9 -                        0   0   -9 -         -9  -9  -9  2492 -9.0 -9.00 -9  -2.2  -1.1  -1.4  -0.6  -0.5  -9 -9.0 -9  3 -9
202602030200 108  27  1.5  -9 -9.0   -9 1020.1 1031.3 -9  -9.0  -5.3 -11.6  61.0   2.5   -9.0   -9.0   -9.0   -9.0   -9.0   -9.0   -9.0 -9 -9 -                        0   0   -9 -         -9  -9  -9  2692 -9.0 -9.00 -9  -2.5  -1.2  -1.4  -0.6  -0.4  -9 -9.0 -9  3 -9
202602030300 108  27  2.4  -9 -9.0   -9 1020.7 1031.9  2   1.0  -5.9 -12.4  60.0   2.4   -9.0   -9.0   -9.0   -9.0   -9.0   -9.0   -9.0 -9 -9 -                        0   0   -9 -         -9  -9  -9  2902 -9.0 -9.00 -9  -2.8  -1.4  -1.5  -0.6  -0.2  -9 -9.0 -9  3  2
202602030400 108  27  1.4  -9 -9.0   -9 1020.7 1031.9 -9  -9.0  -6.5 -12.7  61.0   2.3   -9.0   -9.0   -9.0   -9.0   -9.0   -9.0   -9.0 -9 -9 -                        0   0   -9 -         -9  -9  -9  3168 -9.0 -9.00 -9  -3.1  -1.5  -1.6  -0.6  -0.4  -9 -9.0 -9  3  2
202602030500 108  25  1.2  -9 -9.0   -9 1020.7 1032.0 -9  -9.0  -7.1 -13.1  62.0   2.2   -9.0   -9.0   -9.0   -9.0   -9.0   -9.0   -9.0 -9 -9 -                        0   0   -9 -         -9  -9  -9  3136 -9.0 -9.00 -9  -3.5  -1.7  -1.7  -0.7  -0.3  -9 -9.0 -9  3  2
202602030600 108   5  1.8  -9 -9.0   -9 1020.6 1031.9  4   0.0  -7.5 -13.1  64.0   2.2   -9.0   -9.0   -9.0   -9.0   -9.0   -9.0   -9.0 -9 -9 -                        0   0   -9 -         -9  -9  -9  3066 -9.0 -9.00 -9  -3.7  -1.9  -1.8  -0.6  -0.3  -9 -9.0 -9  3  2
202602030700 108   5  2.1  -9 -9.0   -9 1020.8 1032.1 -9  -9.0  -7.4 -12.4  67.0   2.4   -9.0   -9.0   -9.0   -9.0   -9.0   -9.0   -9.0 -9 -9 -                        0   0   -9 -         -9  -9  -9  3134 -9.0 -9.00 -9  -3.8  -2.0  -2.0  -0.7  -0.2  -9 -9.0 -9  3  2
202602030800 108   5  1.7  -9 -9.0   -9 1021.3 1032.6 -9  -9.0  -7.5 -12.2  69.0   2.4   -9.0   -9.0   -9.0   -9.0   -9.0   -9.0   -9.0 -9 -9 -                        0   0   -9 -         -9  -9  -9  2593  0.1  0.02 -9  -3.9  -2.2  -2.1  -0.8  -0.2  -9 -9.0 -9  3  2
202602030900 108   2  2.5  -9 -9.0   -9 1021.1 1032.3  0   0.4  -6.2 -10.7  70.0   2.7   -9.0   -9.0   -9.0   -9.0   -9.0   -9.0   -9.0 -9 -9 -                        0   0   -9 -         -9  -9  -9  2429  1.0  0.41 -9  -3.1  -2.2  -2.2  -0.9  -0.3  -9 -9.0 -9  3  2
202602031000 108   2  2.0  -9 -9.0   -9 1021.1 1032.2 -9  -9.0  -3.3  -9.3  63.0   3.0   -9.0   -9.0   -9.0   -9.0   -9.0   -9.0   -9.0 -9 -9 -                        0   0   -9 -         -9  -9  -9  2277  1.0  1.11 -9  -2.1  -1.8  -2.2  -1.1  -0.4  -9 -9.0 -9  3  2
202602031100 108  20  1.0  -9 -9.0   -9 1020.7 1031.7 -9  -9.0  -0.5  -9.6  50.0   3.0   -9.0   -9.0   -9.0   -9.0   -9.0   -9.0   -9.0 -9 -9 -                        0   0   -9 -         -9  -9  -9  2389  1.0  1.69 -9  -0.7  -1.4  -2.0  -1.2  -0.5  -9 -9.0 -9  3  2
202602031200 108  18  1.4  -9 -9.0   -9 1019.6 1030.5  7  -1.8   2.0  -9.0  44.0   3.1   -9.0   -9.0   -9.0   -9.0   -9.0   -9.0   -9.0 -9 -9 -                        0   0   -9 -         -9  -9  -9  2725  1.0  2.11 -9   0.2  -1.1  -1.8  -1.3  -0.7  -9 -9.0 -9  3  2
202602031300 108  25  2.1  -9 -9.0   -9 1018.9 1029.7 -9  -9.0   3.6  -8.1  42.0   3.3   -9.0   -9.0   -9.0   -9.0   -9.0   -9.0   -9.0 -9 -9 -                        0   0   -9 -         -9  -9  -9  3240  1.0  2.32 -9   5.7  -0.8  -1.8  -1.4  -0.8  -9 -9.0 -9  3  2
202602031400 108  27  2.2  -9 -9.0   -9 1018.0 1028.8 -9  -9.0   4.3  -6.9  44.0   3.6   -9.0   -9.0   -9.0   -9.0   -9.0   -9.0   -9.0 -9 -9 -                        0   0   -9 -         -9  -9  -9  2867  1.0  2.27 -9   6.3  -0.5  -1.9  -1.7  -1.2  -9 -9.0 -9  3  2
202602031500 108  23  2.2  -9 -9.0   -9 1017.3 1028.0  7  -2.5   5.4  -6.5  42.0   3.8   -9.0   -9.0   -9.0   -9.0   -9.0   -9.0   -9.0 -9 -9 -                        0   0   -9 -         -9  -9  -9  2615  1.0  1.98 -9   4.5  -0.3  -1.9  -1.8  -1.4  -9 -9.0 -9  3  2
202602031600 108  25  2.4  -9 -9.0   -9 1016.9 1027.6 -9  -9.0   5.1  -6.1  44.0   3.9   -9.0   -9.0   -9.0   -9.0   -9.0   -9.0   -9.0 -9 -9 -                        0   0   -9 -         -9  -9  -9  2696  1.0  1.48 -9   2.9  -0.1  -1.8  -1.8  -1.4  -9 -9.0 -9  3  2
202602031700 108  27  3.1  -9 -9.0   -9 1016.9 1027.7 -9  -9.0   4.0  -4.9  52.0   4.2   -9.0   -9.0   -9.0   -9.0   -9.0   -9.0   -9.0 -9 -9 -                        0   0   -9 -         -9  -9  -9  1764  1.0  0.75 -9   0.4  -0.1  -1.7  -1.7  -1.4  -9 -9.0 -9  3  2
202602031800 108  27  2.1  -9 -9.0   -9 1016.8 1027.6  6  -0.4   2.5  -4.7  59.0   4.3   -9.0   -9.0   -9.0   -9.0   -9.0   -9.0   -9.0 -9 -9 -                        8   8    8 Sc         0   0   5  1178  0.2  0.13 -9   0.4  -0.1  -1.7  -1.6  -1.3  -9 -9.0 -9  3  2
202602031900 108  27  1.8  -9 -9.0   -9 1016.7 1027.5 -9  -9.0   1.7  -4.8  62.0   4.3   -9.0   -9.0   -9.0   -9.0   -9.0   -9.0   -9.0 -9 -9 -                        6   6    9 -         -9  -9  -9  1215 -9.0 -9.00 -9   0.4  -0.1  -1.6  -1.6  -1.3  -9 -9.0 -9  3 -9
202602032000 108  29  1.1  -9 -9.0   -9 1016.3 1027.2 -9  -9.0   1.4  -4.2  66.0   4.5   -9.0   -9.0   -9.0   -9.0   -9.0   -9.0   -9.0 -9 -9 -                        6   6    7 -         -9  -9  -9  1122 -9.0 -9.00 -9   0.3  -0.1  -1.6  -1.6  -1.3  -9 -9.0 -9  3 -9
202602032100 108   0  0.3  -9 -9.0   -9 1015.8 1026.7  7  -0.9   1.2  -4.6  65.0   4.3   -9.0   -9.0   -9.0   -9.0   -9.0   -9.0   -9.0 -9 -9 -                        7   7    6 Sc         0   0   5  1105 -9.0 -9.00 -9   0.2  -0.1  -1.6  -1.6  -1.2  -9 -9.0 -9  3  2
202602032200 108   0  0.4  -9 -9.0   -9 1015.5 1026.4 -9  -9.0   1.2  -4.0  68.0   4.5   -9.0   -9.0   -9.0   -9.0   -9.0   -9.0   -9.0 -9 -9 -                        7   7    6 -         -9  -9  -9  1035 -9.0 -9.00 -9   0.0  -0.1  -1.6  -1.5  -1.2  -9 -9.0 -9  3 -9
202602032300 108  34  0.8  -9 -9.0   -9 1015.3 1026.2 -9  -9.0   1.1  -3.7  70.0   4.6   -9.0   -9.0   -9.0   -9.0   -9.0   -9.0   -9.0 -9 -9 40                       7   7    6 -         -9  -9  -9   914 -9.0 -9.00 -9   0.2  -0.1  -1.6  -1.5  -1.2  -9 -9.0 -9  3  2
202602040000 108  18  2.6  -9 -9.0   -9 1015.2 1026.0  7  -0.7   1.6  -2.7  73.0   5.0   -9.0   -9.0   -9.0   -9.0   -9.0   -9.0   -9.0 -9 -9 40                       8   8   12 Sc         0   0   5  1038 -9.0 -9.00 -9   0.0  -0.1  -1.6  -1.5  -1.2  -9 -9.0 -9  3  2
202602040100 108  20  1.4  -9 -9.0   -9 1015.2 1026.0 -9  -9.0   1.3  -2.4  76.0   5.1   -9.0   -9.0   -9.0   -9.0   -9.0   -9.0   -9.0 -9 -9 19                       0   0   -9 -         -9  -9  -9   930 -9.0 -9.00 -9  -0.4  -0.3  -1.6  -1.5  -1.2  -9 -9.0 -9  3  2
202602040200 108  20  1.6  -9 -9.0   -9 1015.0 1025.8 -9  -9.0   1.2  -2.3  77.0   5.2   -9.0   -9.0   -9.0   -9.0   -9.0   -9.0   -9.0 -9 -9 19                       9   4    9 -         -9  -9  -9   890 -9.0 -9.00 -9  -0.2  -0.3  -1.6  -1.5  -1.1  -9 -9.0 -9  3  2
202602040300 108   5  1.3  -9 -9.0   -9 1014.7 1025.5  7  -0.5   1.1  -2.6  76.0   5.0   -9.0   -9.0   -9.0   -9.0   -9.0   -9.0   -9.0 10 22 19                       9   9   10 Sc         0   0   5   800 -9.0 -9.00 -9  -0.2  -0.3  -1.6  -1.4  -1.2  -9 -9.0 -9  3  1
202602040400 108   7  2.0  -9 -9.0   -9 1014.3 1025.1 -9  -9.0   1.1  -2.4  77.0   5.1   -9.0   -9.0   -9.0   -9.0   -9.0   -9.0   -9.0 10 22 19                       9   9   10 Sc         0   0   5   767 -9.0 -9.00 -9  -0.1  -0.3  -1.6  -1.5  -1.2  -9 -9.0 -9  3  1
202602040500 108   5  2.3  -9 -9.0   -9 1014.1 1024.9 -9  -9.0   1.0  -2.9  75.0   4.9   -9.0   -9.0   -9.0   -9.0   -9.0   -9.0   -9.0 10 22 19                       9   9    9 Sc         0   0   5   752 -9.0 -9.00 -9  -0.1  -0.3  -1.6  -1.4  -1.2  -9 -9.0 -9  3  1
202602040600 108   5  2.5  -9 -9.0   -9 1013.8 1024.6  7  -0.9   1.0  -2.5  77.0   5.1   -9.0   -9.0   -9.0   -9.0   -9.0   -9.0   -9.0 10 22 19                       9   9   10 Sc         0   0   5   733 -9.0 -9.00 -9  -0.1  -0.2  -1.6  -1.5  -1.2  -9 -9.0 -9  3  1
202602040700 108   5  2.7  -9 -9.0   -9 1013.6 1024.4 -9  -9.0   1.1  -2.4  77.0   5.1   -9.0   -9.0   -9.0   -9.0   -9.0   -9.0   -9.0 10 22 19                       9   9   10 Sc         0   0   5   719 -9.0 -9.00 -9   0.0  -0.1  -1.6  -1.5  -1.3  -9 -9.0 -9  3  1
202602040800 108   5  1.9  -9 -9.0   -9 1013.6 1024.4 -9  -9.0   1.0  -2.7  76.0   5.0   -9.0   -9.0   -9.0   -9.0   -9.0   -9.0   -9.0 10 22 19                       8   8   11 Sc         0   0   5   684  0.0  0.01 -9  -0.2  -0.1  -1.6  -1.5  -1.2  -9 -9.0 -9  3  1
202602040900 108   5  2.0  -9 -9.0   -9 1013.7 1024.5  5  -0.1   1.3  -2.4  76.0   5.1   -9.0   -9.0   -9.0   -9.0   -9.0   -9.0   -9.0 10 22 19                       8   8   10 Sc         0   0   5   679  0.0  0.18 -9   0.2  -0.2  -1.6  -1.4  -1.2  -9 -9.0 -9  3  1
202602041000 108   7  1.3  -9 -9.0   -9 1013.5 1024.3 -9  -9.0   2.2  -1.9  74.0   5.3   -9.0   -9.0   -9.0   -9.0   -9.0   -9.0   -9.0 10 22 19                       9   9   12 Sc         0   0   5   704  0.0  0.41 -9   0.4  -0.1  -1.6  -1.5  -1.2  -9 -9.0 -9  3  1
202602041100 108   7  1.2  -9 -9.0   -9 1013.2 1023.9 -9  -9.0   3.4  -1.5  70.0   5.5   -9.0   -9.0   -9.0   -9.0   -9.0   -9.0   -9.0 10 22 19                       9   7    9 ScAc       0   3   5   710  0.0  0.56 -9   1.0   0.0  -1.6  -1.4  -1.2  -9 -9.0 -9  3  1
202602041200 108   5  2.1  -9 -9.0   -9 1012.6 1023.3  7  -1.2   4.0  -1.5  67.0   5.5   -9.0   -9.0   -9.0   -9.0   -9.0   -9.0   -9.0  5 22 4019                     9   9   13 Sc         0   0   5   709  0.0  0.52 -9   2.4   0.1  -1.6  -1.4  -1.1  -9 -9.0 -9  3  1
202602041300 108   5  1.7  -9 -9.0   -9 1012.1 1022.8 -9  -9.0   4.6  -1.4  65.0   5.5   -9.0   -9.0   -9.0   -9.0   -9.0   -9.0   -9.0  5 22 40                       9   9    7 Sc         0   0   5   724  0.0  0.62 -9   2.1   0.2  -1.6  -1.4  -1.2  -9 -9.0 -9  3  1
202602041400 108   5  1.8  -9 -9.0   -9 1011.3 1021.9 -9  -9.0   5.3  -0.9  64.0   5.7   -9.0   -9.0   -9.0   -9.0   -9.0   -9.0   -9.0  5 22 40                       9   9    7 Sc         0   0   5   714  0.0  0.45 -9   4.3   0.2  -1.5  -1.4  -1.3  -9 -9.0 -9  3  1
202602041500 108   5  1.6  -9 -9.0   -9 1010.6 1021.2  7  -2.1   5.3  -0.7  65.0   5.8   -9.0   -9.0   -9.0   -9.0   -9.0   -9.0   -9.0  5 22 40                       9   9    7 Sc         0   0   5   681  0.0  0.32 -9   2.4   0.2  -1.5  -1.4  -1.2  -9 -9.0 -9  3  1
202602041600 108   5  2.0  -9 -9.0   -9 1010.4 1021.0 -9  -9.0   5.4  -0.6  65.0   5.8   -9.0    0.0    0.0   -9.0   -9.0   -9.0   -9.0 21 62 4001                     9   9    8 Sc         0   0   5   666  0.0  0.35 -9   2.9   0.2  -1.5  -1.4  -1.3  -9 -9.0 -9  4  1
202602041700 108   5  1.2  -9 -9.0   -9 1010.4 1021.0 -9  -9.0   5.7  -0.5  64.0   5.9   -9.0    0.0    0.0   -9.0   -9.0   -9.0   -9.0  5 22 40                       8   4    9 ScCi       1   0   5   674  0.0  0.41 -9   2.2   0.3  -1.5  -1.5  -1.2  -9 -9.0 -9  3  1
202602041800 108   5  1.0  -9 -9.0   -9 1010.4 1021.0  6  -0.2   5.2  -0.4  67.0   5.9    0.0    0.0    0.0   -9.0   -9.0   -9.0   -9.0  5 62 40                       8   8   10 Sc         0   0   5   648  0.0  0.09 -9   0.5   0.2  -1.5  -1.4  -1.2  -9 -9.0 -9  3  1
202602041900 108   2  1.9  -9 -9.0   -9 1010.3 1021.0 -9  -9.0   4.5  -1.1  67.0   5.6   -9.0    0.0    0.0   -9.0   -9.0   -9.0   -9.0 -9 -9 40                       0   0   -9 -         -9  -9  -9   616 -9.0 -9.00 -9   0.5   0.2  -1.5  -1.4  -1.2  -9 -9.0 -9  3  2
202602042000 108   2  1.6  -9 -9.0   -9 1010.2 1020.9 -9  -9.0   3.7  -0.8  72.0   5.8   -9.0    0.0    0.0   -9.0   -9.0   -9.0   -9.0 -9 -9 40                       0   0   -9 -         -9  -9  -9   587 -9.0 -9.00 -9   0.5   0.2  -1.5  -1.4  -1.2  -9 -9.0 -9  3  2
202602042100 108   7  0.8  -9 -9.0   -9 1009.9 1020.6  7  -0.4   3.2  -1.1  73.0   5.6   -9.0    0.0    0.0   -9.0   -9.0   -9.0   -9.0  5 61 40                       0   0   -9 -         -9  -9  -9   552 -9.0 -9.00 -9   0.5   0.2  -1.5  -1.4  -1.3  -9 -9.0 -9  3  1
202602042200 108   5  0.9  -9 -9.0   -9 1009.7 1020.4 -9  -9.0   2.4  -1.5  75.0   5.5   -9.0    0.0    0.0   -9.0   -9.0   -9.0   -9.0 -9 -9 40                       0   0   -9 -         -9  -9  -9   546 -9.0 -9.00 -9   0.4   0.2  -1.5  -1.4  -1.3  -9 -9.0 -9  3  2
202602042300 108   5  1.2  -9 -9.0   -9 1009.5 1020.3 -9  -9.0   1.9  -1.5  78.0   5.5   -9.0    0.0    0.0   -9.0   -9.0   -9.0   -9.0 -9 -9 40                       0   0   -9 -         -9  -9  -9   500 -9.0 -9.00 -9   0.0   0.2  -1.5  -1.4  -1.2  -9 -9.0 -9  3  2
202602050000 108   5  1.5  -9 -9.0   -9 1009.5 1020.3  6  -0.3   1.4  -2.0  78.0   5.3   -9.0    0.0    0.0   -9.0   -9.0   -9.0   -9.0  5  0 40                       0   0   -9 -         -9  -9  -9   477 -9.0 -9.00 -9  -0.3   0.2  -1.5  -1.4  -1.1  -9 -9.0 -9  3  1
202602050100 108   7  1.0  -9 -9.0   -9 1009.6 1020.4 -9  -9.0   1.7  -1.5  79.0   5.5   -9.0   -9.0   -9.0   -9.0   -9.0   -9.0   -9.0 -9 -9 4019                     9   8    8 -         -9  -9  -9   480 -9.0 -9.00 -9   0.2   0.1  -1.5  -1.4  -1.2  -9 -9.0 -9  3  2
202602050200 108   5  1.8  -9 -9.0   -9 1009.3 1020.1 -9  -9.0   1.8  -1.2  80.0   5.6   -9.0   -9.0   -9.0   -9.0   -9.0   -9.0   -9.0 -9 -9 19                       9   9   11 -         -9  -9  -9   462 -9.0 -9.00 -9   0.3   0.1  -1.5  -1.4  -1.1  -9 -9.0 -9  3  2
202602050300 108   5  1.4  -9 -9.0   -9 1008.9 1019.6  8  -0.7   2.0  -1.2  79.0   5.6   -9.0   -9.0   -9.0   -9.0   -9.0   -9.0   -9.0 10  0 19                       9   9   11 Sc         0   0   5   456 -9.0 -9.00 -9   0.3   0.1  -1.5  -1.4  -1.2  -9 -9.0 -9  3  1
202602050400 108  14  0.5  -9 -9.0   -9 1008.6 1019.3 -9  -9.0   2.2  -1.2  78.0   5.6   -9.0   -9.0   -9.0   -9.0   -9.0   -9.0   -9.0 10 22 19                       9   9   10 Sc         0   0   5   465 -9.0 -9.00 -9   0.3   0.1  -1.5  -1.4  -1.1  -9 -9.0 -9  3  1
202602050500 108   5  0.6  -9 -9.0   -9 1008.5 1019.2 -9  -9.0   2.3  -1.1  78.0   5.6   -9.0   -9.0   -9.0   -9.0   -9.0   -9.0   -9.0 10 22 19                       8   8    9 Sc         0   0   5   448 -9.0 -9.00 -9   0.3   0.1  -1.5  -1.4  -1.3  -9 -9.0 -9  3  1
202602050600 108   5  1.2  -9 -9.0   -9 1007.9 1018.6  7  -1.0   2.6  -1.0  77.0   5.7   -9.0   -9.0   -9.0   -9.0   -9.0   -9.0   -9.0 10 22 19                       9   9    7 Sc         0   0   5   463 -9.0 -9.00 -9   0.3   0.1  -1.5  -1.3  -1.2  -9 -9.0 -9  3  1
202602050700 108   5  2.0  -9 -9.0   -9 1007.5 1018.2 -9  -9.0   2.6  -1.0  77.0   5.7   -9.0   -9.0   -9.0   -9.0   -9.0   -9.0   -9.0 10  0 19                       4   4   15 Sc         0   0   5   478 -9.0 -9.00 -9   0.3   0.1  -1.5  -1.4  -1.3  -9 -9.0 -9  3  1
202602050800 108   5  1.8  -9 -9.0   -9 1007.6 1018.3 -9  -9.0   2.3  -1.3  77.0   5.6   -9.0   -9.0   -9.0   -9.0   -9.0   -9.0   -9.0 10 22 19                       8   8    6 Sc         0   0   5   492  0.0  0.01 -9   0.2   0.1  -1.5  -1.4  -1.3  -9 -9.0 -9  3  1
202602050900 108   0  0.4  -9 -9.0   -9 1007.9 1018.6  4   0.0   3.1  -0.5  77.0   5.9    0.0    0.0    0.0   -9.0   -9.0   -9.0   -9.0 21 61 1901                     7   7    7 Sc         0   0   5   520  0.0  0.13 -9   0.4   0.1  -1.5  -1.4  -1.2  -9 -9.0 -9  1  1
202602051000 108   2  1.9  -9 -9.0   -9 1007.8 1018.4 -9  -9.0   4.5   0.2  74.0   6.2   -9.0    0.0    0.0   -9.0   -9.0   -9.0   -9.0 10 22 19                       9   9    6 Sc         0   0   5   549  0.1  0.57 -9   0.7   0.2  -1.5  -1.4  -1.2  -9 -9.0 -9  3  1
202602051100 108   2  1.2  -9 -9.0   -9 1007.2 1017.8 -9  -9.0   5.6   0.3  69.0   6.2   -9.0    0.0    0.0   -9.0   -9.0   -9.0   -9.0  5 22 4019                     9   9    6 Sc         0   0   5   570  0.0  0.54 -9   2.8   0.3  -1.5  -1.4  -1.3  -9 -9.0 -9  3  1
202602051200 108  20  2.4  -9 -9.0   -9 1006.5 1017.0  7  -1.6   8.2   2.2  66.0   7.2   -9.0    0.0    0.0   -9.0   -9.0   -9.0   -9.0  5 11 40                       4   4    7 Sc         0   0   5   810  0.3  1.31 -9   7.8   0.6  -1.5  -1.4  -1.2  -9 -9.0 -9  3  1
202602051300 108  20  3.3  -9 -9.0   -9 1005.4 1015.8 -9  -9.0   9.9   2.9  62.0   7.5   -9.0    0.0    0.0   -9.0   -9.0   -9.0   -9.0 -9 -9 40                       3   3    8 Sc         0   0   5  1005  0.8  2.00 -9   9.7   1.0  -1.5  -1.4  -1.3  -9 -9.0 -9  3  2
202602051400 108  23  3.7  -9 -9.0   -9 1005.5 1015.9 -9  -9.0   9.4   2.9  64.0   7.5   -9.0    0.0    0.0   -9.0   -9.0   -9.0   -9.0  5 22 40                       9   9    7 Sc         0   0   5   897  0.2  1.07 -9   7.2   1.0  -1.4  -1.4  -1.3  -9 -9.0 -9  3  1
202602051500 108  27  4.0  -9 -9.0   -9 1005.8 1016.2  5  -0.8   8.9   3.3  68.0   7.7   -9.0    0.0    0.0   -9.0   -9.0   -9.0   -9.0  5 11 40                       8   8    7 Sc         0   0   5   687  0.2  0.70 -9   6.7   1.0  -1.4  -1.4  -1.4  -9 -9.0 -9  3  1
202602051600 108  23  3.1  -9 -9.0   -9 1006.2 1016.7 -9  -9.0   8.3   2.9  69.0   7.5   -9.0    0.0    0.0   -9.0   -9.0   -9.0   -9.0  5  0 40                       2   2    7 Sc         0   0   5   528  0.5  0.83 -9   5.7   0.9  -1.4  -1.4  -1.2  -9 -9.0 -9  3  1
202602051700 108  23  3.0  -9 -9.0   -9 1007.1 1017.6 -9  -9.0   7.3   2.3  71.0   7.2   -9.0    0.0    0.0   -9.0   -9.0   -9.0   -9.0  5 22 40                       7   7    7 Sc         0   0   5   481  0.1  0.35 -9   3.6   0.7  -1.5  -1.4  -1.2  -9 -9.0 -9  3  1
202602051800 108  25  4.4  -9 -9.0   -9 1008.5 1019.1  2   2.9   5.3   2.1  80.0   7.1   -9.0    0.0    0.0   -9.0   -9.0   -9.0   -9.0  5 11 40                       8   8    6 Sc         0   0   5   341  0.0  0.09 -9   1.5   0.5  -1.4  -1.4  -1.2  -9 -9.0 -9  3  1
202602051900 108  25  2.7  -9 -9.0   -9 1009.6 1020.3 -9  -9.0   4.2  -0.2  73.0   6.0   -9.0    0.0    0.0   -9.0   -9.0   -9.0   -9.0 -9 -9 40                       0   0   -9 -         -9  -9  -9   347 -9.0 -9.00 -9   0.0   0.4  -1.4  -1.4  -1.3  -9 -9.0 -9  3  2
202602052000 108  25  2.0  -9 -9.0   -9 1009.3 1020.0 -9  -9.0   3.0  -1.1  74.0   5.6   -9.0    0.0    0.0   -9.0   -9.0   -9.0   -9.0 -9 -9 40                       0   0   -9 -         -9  -9  -9   310 -9.0 -9.00 -9   0.5   0.2  -1.4  -1.4  -1.3  -9 -9.0 -9  3  2
202602052100 108  27  4.1  -9 -9.0   -9 1009.6 1020.4  2   1.3   1.4  -6.9  54.0   3.6   -9.0    0.0    0.0   -9.0   -9.0   -9.0   -9.0 -9 -9 40                       3   0   -9 Ci         1   0   0  1139 -9.0 -9.00 -9   0.4   0.2  -1.4  -1.4  -1.2  -9 -9.0 -9  3  2
202602052200 108  29  4.5  -9 -9.0   -9 1010.5 1021.4 -9  -9.0  -0.3 -10.2  47.0   2.8   -9.0    0.0    0.0   -9.0   -9.0   -9.0   -9.0 -9 -9 -                        6   1   -9 -         -9  -9  -9  1968 -9.0 -9.00 -9  -0.1   0.1  -1.4  -1.4  -1.2  -9 -9.0 -9  3 -9
202602052300 108  29  3.2  -9 -9.0   -9 1011.0 1021.9 -9  -9.0  -1.8 -10.1  53.0   2.8   -9.0    0.0    0.0   -9.0   -9.0   -9.0   -9.0 -9 -9 -                        7   3   60 -         -9  -9  -9  1824 -9.0 -9.00 -9  -0.4   0.2  -1.4  -1.4  -1.2  -9 -9.0 -9  3 -9
202602060000 108  29  4.8  -9 -9.0   -9 1011.6 1022.6  2   2.2  -2.8 -11.0  53.0   2.6   -9.0    0.0    0.0   -9.0   -9.0   -9.0   -9.0 -9 -9 -                        7   0   -9 Ci         1   0   0  1963 -9.0 -9.00 -9  -0.8   0.2  -1.5  -1.4  -1.2  -9 -9.0 -9  3  2
202602060100 108  29  4.3  -9 -9.0   -9 1011.8 1022.8 -9  -9.0  -3.5 -12.4  50.0   2.4   -9.0   -9.0   -9.0   -9.0   -9.0   -9.0   -9.0 -9 -9 -                        9   9   56 -         -9  -9  -9  2054 -9.0 -9.00 -9  -1.0   0.1  -1.4  -1.3  -1.3  -9 -9.0 -9  3 -9
202602060200 108  27  3.9  -9 -9.0   -9 1012.7 1023.8 -9  -9.0  -4.3 -14.2  46.0   2.0   -9.0   -9.0   -9.0   -9.0   -9.0   -9.0   -9.0 -9 -9 -                       10  10   59 -         -9  -9  -9  2021 -9.0 -9.00 -9  -1.3   0.1  -1.4  -1.3  -1.2  -9 -9.0 -9  3 -9
202602060300 108  27  3.7  -9 -9.0   -9 1013.6 1024.7  2   2.1  -4.9 -15.3  44.0   1.9   -9.0   -9.0   -9.0   -9.0   -9.0   -9.0   -9.0 -9 -9 -                        8   0   -9 Ci         1   0   0  2131 -9.0 -9.00 -9  -1.5   0.1  -1.4  -1.4  -1.2  -9 -9.0 -9  3  2
202602060400 108  29  3.5  -9 -9.0   -9 1013.9 1025.0 -9  -9.0  -5.4 -17.2  39.0   1.6   -9.0   -9.0   -9.0   -9.0   -9.0   -9.0   -9.0 -9 -9 -                        8   0   -9 Ci         1   0   0  2459 -9.0 -9.00 -9  -2.0   0.0  -1.4  -1.3  -1.2  -9 -9.0 -9  3  2
202602060500 108  32  4.3  -9 -9.0   -9 1014.1 1025.2 -9  -9.0  -6.2 -18.2  38.0   1.5   -9.0   -9.0   -9.0   -9.0   -9.0   -9.0   -9.0 -9 -9 -                        7   0   -9 Ci         1   0   0  2552 -9.0 -9.00 -9  -2.6   0.0  -1.3  -1.2  -1.1  -9 -9.0 -9  3  2
202602060600 108  29  3.6  -9 -9.0   -9 1015.0 1026.2  2   1.5  -6.7 -19.3  36.0   1.3   -9.0   -9.0   -9.0   -9.0   -9.0   -9.0   -9.0 -9 -9 -                        8   0   -9 Ci         1   0   0  2842 -9.0 -9.00 -9  -2.9  -0.1  -1.3  -1.2  -1.1  -9 -9.0 -9  3  2
202602060700 108  27  3.0  -9 -9.0   -9 1015.5 1026.7 -9  -9.0  -7.5 -19.7  37.0   1.3   -9.0   -9.0   -9.0   -9.0   -9.0   -9.0   -9.0 -9 -9 -                        7   0   -9 Ci         1   0   0  2654 -9.0 -9.00 -9  -3.7  -0.1  -1.2  -1.1  -1.0  -9 -9.0 -9  3  2
202602060800 108  32  3.3  -9 -9.0   -9 1015.9 1027.1 -9  -9.0  -8.0 -20.1  37.0   1.2   -9.0   -9.0   -9.0   -9.0   -9.0   -9.0   -9.0 -9 -9 -                        7   0   -9 Ci         1   0   0  2517  0.0  0.02 -9  -4.3  -0.3  -1.2  -1.1  -0.9  -9 -9.0 -9  3  2
202602060900 108  29  4.0  -9 -9.0   -9 1016.0 1027.2  2   1.0  -8.0 -21.4  33.0   1.1   -9.0   -9.0   -9.0   -9.0   -9.0   -9.0   -9.0 -9 -9 -                        1   0   -9 Ci         1   0   0  2556  0.8  0.42 -9  -3.2  -0.4  -1.1  -1.0  -0.8  -9 -9.0 -9  3  2
202602061000 108  29  4.7  -9 -9.0   -9 1016.2 1027.4 -9  -9.0  -7.6 -22.2  30.0   1.0   -9.0   -9.0   -9.0   -9.0   -9.0   -9.0   -9.0 -9 -9 -                        5   0   -9 Ci         1   0   0  2256  1.0  1.19 -9  -0.4  -0.5  -1.1  -0.9  -0.7  -9 -9.0 -9  3  2
202602061100 108  29  4.3  -9 -9.0   -9 1016.2 1027.4 -9  -9.0  -6.4 -21.5  29.0   1.1   -9.0   -9.0   -9.0   -9.0   -9.0   -9.0   -9.0 -9 -9 -                        6   0   -9 Ci         1   0   0  2412  1.0  1.72 -9   0.4  -0.4  -1.1  -0.8  -0.7  -9 -9.0 -9  3  2
202602061200 108  27  3.8  -9 -9.0   -9 1015.8 1026.9  8  -0.3  -5.8 -22.2  26.0   1.0   -9.0   -9.0   -9.0   -9.0   -9.0   -9.0   -9.0 -9 -9 -                        5   0   -9 Ci         1   0   0  2260  1.0  2.10 -9   1.1  -0.3  -1.1  -0.7  -0.8  -9 -9.0 -9  3  2
202602061300 108  27  3.3  -9 -9.0   -9 1014.6 1025.7 -9  -9.0  -4.1 -22.2  23.0   1.0   -9.0   -9.0   -9.0   -9.0   -9.0   -9.0   -9.0 -9 -9 -                        5   0   -9 Ci         1   0   0  2115  1.0  2.41 -9   3.1  -0.1  -1.3  -1.0  -0.9  -9 -9.0 -9  3  2
202602061400 108  27  3.0  -9 -9.0   -9 1013.7 1024.7 -9  -9.0  -3.0 -20.7  24.0   1.2   -9.0   -9.0   -9.0   -9.0   -9.0   -9.0   -9.0 -9 -9 -                        1   0   -9 Ci         1   0   0  2715  1.0  2.37 -9   3.4   0.0  -1.4  -1.1  -1.0  -9 -9.0 -9  3  2
202602061500 108  27  3.2  -9 -9.0   -9 1013.2 1024.2  7  -2.7  -2.5 -20.8  23.0   1.2   -9.0   -9.0   -9.0   -9.0   -9.0   -9.0   -9.0 -9 -9 -                        2   0   -9 Ci         1   0   0  2201  1.0  2.07 -9   1.9   0.0  -1.4  -1.1  -1.0  -9 -9.0 -9  3  2
202602061600 108  23  3.7  -9 -9.0   -9 1013.4 1024.4 -9  -9.0  -2.7 -21.0  23.0   1.1   -9.0   -9.0   -9.0   -9.0   -9.0   -9.0   -9.0 -9 -9 -                        4   0   -9 Ci         1   0   0  2107  1.0  1.54 -9   0.6   0.0  -1.4  -1.1  -1.0  -9 -9.0 -9  3  2
202602061700 108  25  3.1  -9 -9.0   -9 1013.6 1024.6 -9  -9.0  -3.9 -20.6  26.0   1.2   -9.0   -9.0   -9.0   -9.0   -9.0   -9.0   -9.0 -9 -9 -                        6   0   -9 Ci         1   0   0  2219  1.0  0.80 -9   0.4  -0.2  -1.4  -1.1  -1.0  -9 -9.0 -9  3  2
202602061800 108  27  2.7  -9 -9.0   -9 1013.2 1024.3  0   0.1  -5.1 -20.8  28.0   1.2   -9.0   -9.0   -9.0   -9.0   -9.0   -9.0   -9.0 -9 -9 -                        7   0   -9 Ci         1   0   0  2291  0.0  0.17 -9  -0.4  -0.3  -1.4  -1.0  -0.9  -9 -9.0 -9  3  2
202602061900 108  29  3.2  -9 -9.0   -9 1013.5 1024.6 -9  -9.0  -5.5 -20.7  29.0   1.2   -9.0   -9.0   -9.0   -9.0   -9.0   -9.0   -9.0 -9 -9 -                        8   8   70 -         -9  -9  -9  2262  0.0  0.00 -9  -1.3  -0.6  -1.3  -0.9  -0.9  -9 -9.0 -9  3 -9
202602062000 108  29  3.1  -9 -9.0   -9 1013.6 1024.7 -9  -9.0  -6.2 -20.6  31.0   1.2   -9.0   -9.0   -9.0   -9.0   -9.0   -9.0   -9.0 -9 -9 -                        8   8   70 -         -9  -9  -9  2246 -9.0 -9.00 -9  -2.1  -0.8  -1.3  -0.8  -0.7  -9 -9.0 -9  3 -9
202602062100 108  29  3.3  -9 -9.0   -9 1014.0 1025.2  2   0.9  -6.8 -20.7  32.0   1.2   -9.0   -9.0   -9.0   -9.0   -9.0   -9.0   -9.0 -9 -9 -                        5   0   -9 Ci         1   0   0  2195 -9.0 -9.00 -9  -3.0  -1.0  -1.4  -0.7  -0.6  -9 -9.0 -9  3  2
202602062200 108  29  3.4  -9 -9.0   -9 1014.6 1025.8 -9  -9.0  -7.3 -20.5  34.0   1.2   -9.0   -9.0   -9.0   -9.0   -9.0   -9.0   -9.0 -9 -9 -                        8   5   58 -         -9  -9  -9  2202 -9.0 -9.00 -9  -3.8  -1.2  -1.2  -0.4  -0.4  -9 -9.0 -9  3 -9
202602062300 108  29  3.2  -9 -9.0   -9 1014.6 1025.8 -9  -9.0  -7.9 -20.7  35.0   1.2   -9.0   -9.0   -9.0   -9.0   -9.0   -9.0   -9.0 -9 -9 -                       10   9   54 -         -9  -9  -9  2189 -9.0 -9.00 -9  -3.9  -1.3  -1.3  -0.4  -0.3  -9 -9.0 -9  3 -9
202602070000 108  29  2.3  -9 -9.0   -9 1014.7 1025.9  2   0.7  -8.3 -21.0  35.0   1.1   -9.0   -9.0   -9.0   -9.0   -9.0   -9.0   -9.0 -9 -9 -                        9   0   -9 Ci         1   0   0  2367 -9.0 -9.00 -9  -4.3  -1.5  -1.5  -0.4  -0.3  -9 -9.0 -9  3  2
202602070100 108  29  2.6  -9 -9.0   -9 1014.8 1026.1 -9  -9.0  -8.6 -21.3  35.0   1.1   -9.0   -9.0   -9.0   -9.0   -9.0   -9.0   -9.0 -9 -9 -                        9   8   39 -         -9  -9  -9  2465 -9.0 -9.00 -9  -4.9  -1.6  -1.6  -0.4  -0.3  -9 -9.0 -9  3 -9
202602070200 108  29  2.2  -9 -9.0   -9 1014.8 1026.1 -9  -9.0  -8.9 -21.6  35.0   1.1   -9.0   -9.0   -9.0   -9.0   -9.0   -9.0   -9.0 -9 -9 -                        9   9   48 -         -9  -9  -9  2512 -9.0 -9.00 -9  -5.3  -1.8  -1.7  -0.5  -0.3  -9 -9.0 -9  3 -9
202602070300 108  29  2.2  -9 -9.0   -9 1014.6 1025.9  4   0.0  -9.5 -21.5  37.0   1.1   -9.0   -9.0   -9.0   -9.0   -9.0   -9.0   -9.0 -9 -9 -                        4   0   -9 Ci         1   0   0  2633 -9.0 -9.00 -9  -6.1  -2.0  -1.8  -0.5  -0.2  -9 -9.0 -9  3  2
202602070400 108  29  1.7  -9 -9.0   -9 1014.6 1025.9 -9  -9.0  -9.9 -21.5  38.0   1.1   -9.0   -9.0   -9.0   -9.0   -9.0   -9.0   -9.0 -9 -9 -                        3   0   -9 Ci         1   0   0  2604 -9.0 -9.00 -9  -6.6  -2.2  -2.0  -0.5  -0.2  -9 -9.0 -9  3  2
202602070500 108  29  1.3  -9 -9.0   -9 1014.4 1025.7 -9  -9.0 -10.4 -21.4  40.0   1.1   -9.0   -9.0   -9.0   -9.0   -9.0   -9.0   -9.0 -9 -9 -                        4   0   -9 Ci         1   0   0  2720 -9.0 -9.00 -9  -6.8  -2.4  -2.1  -0.5  -0.3  -9 -9.0 -9  3  2
202602070600 108  29  3.3  -9 -9.0   -9 1014.8 1026.1  3   0.2 -10.2 -21.5  39.0   1.1   -9.0   -9.0   -9.0   -9.0   -9.0   -9.0   -9.0 -9 -9 -                        7   0   -9 Ci         1   0   0  2842 -9.0 -9.00 -9  -6.9  -2.6  -2.3  -0.6  -0.2  -9 -9.0 -9  3  2
202602070700 108  32  3.5  -9 -9.0   -9 1015.1 1026.5 -9  -9.0 -10.7 -21.7  40.0   1.1   -9.0   -9.0   -9.0   -9.0   -9.0   -9.0   -9.0 -9 -9 -                        3   0   -9 Ci         1   0   0  2748 -9.0 -9.00 -9  -7.6  -2.8  -2.4  -0.6  -0.2  -9 -9.0 -9  3  2
202602070800 108  32  2.9  -9 -9.0   -9 1015.5 1026.9 -9  -9.0 -10.8 -22.3  38.0   1.0   -9.0   -9.0   -9.0   -9.0   -9.0   -9.0   -9.0 -9 -9 -                        0   0   -9 -         -9  -9  -9  2703  0.0  0.02 -9  -7.7  -3.0  -2.6  -0.7  -0.2  -9 -9.0 -9  3  2
202602070900 108  29  2.1  -9 -9.0   -9 1015.6 1026.9  1   0.8 -10.3 -21.0  41.0   1.1   -9.0   -9.0   -9.0   -9.0   -9.0   -9.0   -9.0 -9 -9 -                        0   0   -9 -         -9  -9  -9  2797  1.0  0.49 -9  -6.0  -3.0  -2.8  -0.8  -0.2  -9 -9.0 -9  3  2
202602071000 108  29  3.3  -9 -9.0   -9 1015.7 1027.0 -9  -9.0  -9.2 -21.2  37.0   1.1   -9.0   -9.0   -9.0   -9.0   -9.0   -9.0   -9.0 -9 -9 -                        0   0   -9 -         -9  -9  -9  3024  1.0  1.26 -9  -1.7  -2.7  -2.7  -1.0  -0.1  -9 -9.0 -9  3  2
202602071100 108  29  2.0  -9 -9.0   -9 1015.4 1026.6 -9  -9.0  -7.3 -21.9  30.0   1.1   -9.0   -9.0   -9.0   -9.0   -9.0   -9.0   -9.0 -9 -9 -                        0   0   -9 -         -9  -9  -9  2898  1.0  1.87 -9   0.3  -2.2  -2.6  -1.1  -0.4  -9 -9.0 -9  3  2
202602071200 108  25  3.3  -9 -9.0   -9 1015.0 1026.1  8  -0.8  -5.4 -20.6  29.0   1.2   -9.0   -9.0   -9.0   -9.0   -9.0   -9.0   -9.0 -9 -9 -                        0   0   -9 -         -9  -9  -9  3505  1.0  2.31 -9   1.2  -1.7  -2.4  -1.2  -0.4  -9 -9.0 -9  3  2
202602071300 108  25  3.6  -9 -9.0   -9 1014.5 1025.6 -9  -9.0  -4.8 -21.8  25.0   1.1   -9.0   -9.0   -9.0   -9.0   -9.0   -9.0   -9.0 -9 -9 -                        0   0   -9 -         -9  -9  -9  3325  1.0  2.52 -9   3.0  -1.2  -2.1  -1.2  -0.5  -9 -9.0 -9  3  2
202602071400 108  29  3.8  -9 -9.0   -9 1013.8 1024.9 -9  -9.0  -5.1 -22.1  25.0   1.0   -9.0   -9.0   -9.0   -9.0   -9.0   -9.0   -9.0 -9 -9 -                        0   0   -9 -         -9  -9  -9  3673  1.0  2.49 -9   3.1  -1.0  -1.9  -1.3  -0.4  -9 -9.0 -9  3  2
202602071500 108  25  5.0  -9 -9.0   -9 1013.4 1024.5  7  -1.6  -4.2 -20.8  26.0   1.2   -9.0   -9.0   -9.0   -9.0   -9.0   -9.0   -9.0 -9 -9 -                        0   0   -9 -         -9  -9  -9  4145  1.0  2.18 -9   1.2  -0.9  -1.8  -1.1  -0.7  -9 -9.0 -9  3  2
202602071600 108  27  4.9  25 11.0 1531 1013.3 1024.4 -9  -9.0  -4.3 -21.4  25.0   1.1   -9.0   -9.0   -9.0   -9.0   -9.0   -9.0   -9.0 -9 -9 -                        0   0   -9 -         -9  -9  -9  3294  1.0  1.67 -9   0.6  -0.9  -1.7  -1.1  -0.5  -9 -9.0 -9  3  2
202602071700 108  27  4.4  25 11.0 1636 1013.3 1024.4 -9  -9.0  -4.8 -23.3  22.0   0.9   -9.0   -9.0   -9.0   -9.0   -9.0   -9.0   -9.0 -9 -9 -                        0   0   -9 -         -9  -9  -9  4337  1.0  0.95 -9  -0.4  -1.1  -1.6  -1.0  -0.5  -9 -9.0 -9  3  2
202602071800 108  27  4.0  25 11.0 1531 1013.5 1024.6  3   0.1  -6.1 -24.4  22.0   0.9   -9.0   -9.0   -9.0   -9.0   -9.0   -9.0   -9.0 -9 -9 -                        0   0   -9 -         -9  -9  -9  4244  0.6  0.28 -9  -2.3  -1.4  -1.6  -0.8  -0.3  -9 -9.0 -9  3  2
202602071900 108  29  3.8  -9 -9.0   -9 1013.9 1025.1 -9  -9.0  -6.9 -23.6  25.0   0.9   -9.0   -9.0   -9.0   -9.0   -9.0   -9.0   -9.0 -9 -9 -                        0   0   -9 -         -9  -9  -9  4481  0.0  0.01 -9  -3.7  -1.7  -1.7  -0.7  -0.2  -9 -9.0 -9  3 -9
202602072000 108  29  4.5  -9 -9.0   -9 1014.4 1025.6 -9  -9.0  -7.6 -23.0  28.0   1.0   -9.0   -9.0   -9.0   -9.0   -9.0   -9.0   -9.0 -9 -9 -                        0   0   -9 -         -9  -9  -9  3964 -9.0 -9.00 -9  -5.0  -2.0  -1.9  -0.6  -0.2  -9 -9.0 -9  3 -9
202602072100 108  29  2.9  25 11.0 1531 1015.1 1026.4  2   1.8  -8.7 -20.8  37.0   1.2   -9.0   -9.0   -9.0   -9.0   -9.0   -9.0   -9.0 -9 -9 -                        0   0   -9 -         -9  -9  -9  3161 -9.0 -9.00 -9  -6.1  -2.3  -2.1  -0.7  -0.2  -9 -9.0 -9  3  2
202602072200 108  29  3.1  -9 -9.0   -9 1015.6 1026.9 -9  -9.0  -9.9 -19.6  45.0   1.3   -9.0   -9.0   -9.0   -9.0   -9.0   -9.0   -9.0 -9 -9 -                        0   0   -9 -         -9  -9  -9  2731 -9.0 -9.00 -9  -6.9  -2.6  -2.3  -0.8  -0.2  -9 -9.0 -9  3 -9
202602072300 108  29  1.9  32 10.0 2237 1015.8 1027.2 -9  -9.0 -10.5 -20.4  44.0   1.2   -9.0   -9.0   -9.0   -9.0   -9.0   -9.0   -9.0 -9 -9 -                        0   0   -9 -         -9  -9  -9  2630 -9.0 -9.00 -9  -7.5  -2.9  -2.5  -0.8  -0.1  -9 -9.0 -9  3 -9
202602080000 108  27  2.6  32 10.0 2237 1015.8 1027.2  1   0.8 -10.7 -20.3  45.0   1.2   -9.0   -9.0   -9.0   -9.0   -9.0   -9.0   -9.0 -9 -9 -                        0   0   -9 -         -9  -9  -9  2715 -9.0 -9.00 -9  -7.9  -3.1  -2.7  -0.9   0.0  -9 -9.0 -9  3  2
202602080100 108  27  3.8  -9 -9.0   -9 1015.7 1027.1 -9  -9.0 -10.6 -20.5  44.0   1.2   -9.0   -9.0   -9.0   -9.0   -9.0   -9.0   -9.0 -9 -9 -                        0   0   -9 -         -9  -9  -9  2986 -9.0 -9.00 -9  -8.1  -3.3  -2.9  -0.9  -0.2  -9 -9.0 -9  3 -9
202602080200 108  27  3.2  -9 -9.0   -9 1015.9 1027.3 -9  -9.0 -10.7 -21.4  41.0   1.1   -9.0   -9.0   -9.0   -9.0   -9.0   -9.0   -9.0 -9 -9 -                        0   0   -9 -         -9  -9  -9  2955 -9.0 -9.00 -9  -8.4  -3.5  -3.0  -1.1   0.0  -9 -9.0 -9  3 -9
202602080300 108  27  3.9  32 10.0 2237 1015.9 1027.3  1   0.1 -10.9 -22.1  39.0   1.0   -9.0   -9.0   -9.0   -9.0   -9.0   -9.0   -9.0 -9 -9 -                        0   0   -9 -         -9  -9  -9  2985 -9.0 -9.00 -9  -8.6  -3.6  -3.2  -1.1  -0.1  -9 -9.0 -9  3  2
202602080400 108  27  2.2  -9 -9.0   -9 1016.0 1027.4 -9  -9.0 -11.3 -22.2  40.0   1.0   -9.0   -9.0   -9.0   -9.0   -9.0   -9.0   -9.0 -9 -9 -                        0   0   -9 -         -9  -9  -9  3154 -9.0 -9.00 -9  -8.8  -3.8  -3.3  -1.2  -0.1  -9 -9.0 -9  3  2
202602080500 108  27  3.4  -9 -9.0   -9 1016.0 1027.4 -9  -9.0 -11.6 -21.9  42.0   1.1   -9.0   -9.0   -9.0   -9.0   -9.0   -9.0   -9.0 -9 -9 -                        0   0   -9 -         -9  -9  -9  3100 -9.0 -9.00 -9  -9.1  -4.0  -3.5  -1.3  -0.1  -9 -9.0 -9  3  2
202602080600 108  32  2.2  -9 -9.0   -9 1016.9 1028.3  2   1.0 -11.9 -21.9  43.0   1.1   -9.0   -9.0   -9.0   -9.0   -9.0   -9.0   -9.0 -9 -9 -                        0   0   -9 -         -9  -9  -9  3093 -9.0 -9.00 -9  -9.2  -4.2  -3.6  -1.5   0.0  -9 -9.0 -9  3  2
202602080700 108  27  2.5  -9 -9.0   -9 1017.5 1028.9 -9  -9.0 -12.2 -22.5  42.0   1.0   -9.0   -9.0   -9.0   -9.0   -9.0   -9.0   -9.0 -9 -9 -                        0   0   -9 -         -9  -9  -9  3118 -9.0 -9.00 -9  -9.5  -4.4  -3.8  -1.5  -0.2  -9 -9.0 -9  3  2
202602080800 108  32  2.9  -9 -9.0   -9 1018.2 1029.7 -9  -9.0 -12.2 -22.2  43.0   1.0   -9.0   -9.0   -9.0   -9.0   -9.0   -9.0   -9.0 -9 -9 -                        0   0   -9 -         -9  -9  -9  3142  0.0  0.03 -9  -9.3  -4.5  -3.9  -1.5  -0.2  -9 -9.0 -9  3  2
202602080900 108  27  3.3  -9 -9.0   -9 1019.0 1030.4  2   2.1 -11.7 -22.3  41.0   1.0   -9.0   -9.0   -9.0   -9.0   -9.0   -9.0   -9.0 -9 -9 -                        0   0   -9 -         -9  -9  -9  3113  1.0  0.48 -9  -7.5  -4.5  -4.0  -1.7  -0.2  -9 -9.0 -9  3  2
202602081000 108  29  2.5  -9 -9.0   -9 1019.6 1031.0 -9  -9.0 -10.4 -22.3  37.0   1.0   -9.0   -9.0   -9.0   -9.0   -9.0   -9.0   -9.0 -9 -9 -                        0   0   -9 -         -9  -9  -9  2966  1.0  1.20 -9  -2.8  -4.1  -3.9  -1.8  -0.2  -9 -9.0 -9  3  2
202602081100 108  27  3.2  -9 -9.0   -9 1019.8 1031.1 -9  -9.0  -9.3 -22.3  34.0   1.0   -9.0   -9.0   -9.0   -9.0   -9.0   -9.0   -9.0 -9 -9 -                        0   0   -9 -         -9  -9  -9  3192  1.0  1.82 -9  -0.1  -3.3  -3.6  -1.9  -0.3  -9 -9.0 -9  3  2
202602081200 108  27  2.6  -9 -9.0   -9 1019.5 1030.8  0   0.4  -7.6 -22.2  30.0   1.0   -9.0   -9.0   -9.0   -9.0   -9.0   -9.0   -9.0 -9 -9 -                        0   0   -9 -         -9  -9  -9  3224  1.0  2.24 -9   0.6  -2.7  -3.3  -1.8  -0.4  -9 -9.0 -9  3  2
202602081300 108  29  2.6  -9 -9.0   -9 1018.7 1029.9 -9  -9.0  -6.3 -21.4  29.0   1.1   -9.0   -9.0   -9.0   -9.0   -9.0   -9.0   -9.0 -9 -9 -                        0   0   -9 -         -9  -9  -9  2835  1.0  2.45 -9   2.8  -2.3  -2.9  -1.7  -0.5  -9 -9.0 -9  3  2
202602081400 108  29  3.7  -9 -9.0   -9 1018.2 1029.4 -9  -9.0  -5.8 -21.8  27.0   1.1   -9.0   -9.0   -9.0   -9.0   -9.0   -9.0   -9.0 -9 -9 -                        0   0   -9 -         -9  -9  -9  3660  1.0  2.47 -9   3.3  -1.8  -2.5  -1.7  -0.6  -9 -9.0 -9  3  2
202602081500 108  25  2.8  -9 -9.0   -9 1017.9 1029.0  7  -1.8  -4.0 -19.8  28.0   1.3   -9.0   -9.0   -9.0   -9.0   -9.0   -9.0   -9.0 -9 -9 -                        0   0   -9 -         -9  -9  -9  3196  1.0  2.17 -9   1.4  -1.5  -2.3  -1.5  -0.6  -9 -9.0 -9  3  2
202602081600 108  27  3.6  -9 -9.0   -9 1018.0 1029.1 -9  -9.0  -3.6 -19.5  28.0   1.3   -9.0   -9.0   -9.0   -9.0   -9.0   -9.0   -9.0 -9 -9 -                        0   0   -9 -         -9  -9  -9  3409  1.0  1.65 -9   0.6  -1.4  -2.1  -1.4  -0.4  -9 -9.0 -9  3  2
202602081700 108  27  4.1  -9 -9.0   -9 1018.2 1029.3 -9  -9.0  -4.1 -20.3  27.0   1.2   -9.0   -9.0   -9.0   -9.0   -9.0   -9.0   -9.0 -9 -9 -                        0   0   -9 -         -9  -9  -9  2713  1.0  0.93 -9  -0.6  -1.4  -2.0  -1.3  -0.5  -9 -9.0 -9  3  2
202602081800 108  25  3.0  -9 -9.0   -9 1018.5 1029.7  2   0.7  -5.3 -17.4  38.0   1.6   -9.0   -9.0   -9.0   -9.0   -9.0   -9.0   -9.0 -9 -9 -                        0   0   -9 -         -9  -9  -9  3633  0.6  0.28 -9  -2.6  -1.7  -1.9  -1.2  -0.4  -9 -9.0 -9  3  2
202602081900 108  25  2.3  -9 -9.0   -9 1018.9 1030.1 -9  -9.0  -5.9 -17.0  41.0   1.6   -9.0   -9.0   -9.0   -9.0   -9.0   -9.0   -9.0 -9 -9 -                        0   0   -9 -         -9  -9  -9  3544  0.0  0.01 -9  -3.8  -2.0  -2.0  -0.9  -0.3  -9 -9.0 -9  3 -9
202602082000 108  27  3.2  -9 -9.0   -9 1019.3 1030.5 -9  -9.0  -6.0 -17.1  41.0   1.6   -9.0   -9.0   -9.0   -9.0   -9.0   -9.0   -9.0 -9 -9 -                        0   0   -9 -         -9  -9  -9  3824 -9.0 -9.00 -9  -4.8  -2.3  -2.2  -1.0  -0.4  -9 -9.0 -9  3 -9
202602082100 108  25  3.0  -9 -9.0   -9 1019.9 1031.1  2   1.4  -6.3 -19.9  33.0   1.3   -9.0   -9.0   -9.0   -9.0   -9.0   -9.0   -9.0 -9 -9 -                        0   0   -9 -         -9  -9  -9  4011 -9.0 -9.00 -9  -5.7  -2.5  -2.3  -1.0  -0.4  -9 -9.0 -9  3  2
202602082200 108  27  1.9  -9 -9.0   -9 1020.3 1031.5 -9  -9.0  -7.0 -20.2  34.0   1.2   -9.0   -9.0   -9.0   -9.0   -9.0   -9.0   -9.0 -9 -9 -                        0   0   -9 -         -9  -9  -9  3520 -9.0 -9.00 -9  -6.2  -2.7  -2.5  -1.0  -0.3  -9 -9.0 -9  3 -9
202602082300 108  29  3.5  -9 -9.0   -9 1020.5 1031.8 -9  -9.0  -7.3 -19.8  36.0   1.3   -9.0   -9.0   -9.0   -9.0   -9.0   -9.0   -9.0 -9 -9 -                        0   0   -9 -         -9  -9  -9  3714 -9.0 -9.00 -9  -6.6  -2.8  -2.6  -1.1  -0.3  -9 -9.0 -9  3 -9
202602090000 108  29  1.4  -9 -9.0   -9 1020.9 1032.2  2   1.1  -8.1 -18.5  43.0   1.4   -9.0   -9.0   -9.0   -9.0   -9.0   -9.0   -9.0 -9 -9 -                        0   0   -9 -         -9  -9  -9  3781 -9.0 -9.00 -9  -6.9  -3.0  -2.7  -1.1  -0.3  -9 -9.0 -9  3  2
202602090100 108   9  0.9  -9 -9.0   -9 1020.7 1032.0 -9  -9.0  -8.8 -18.0  47.0   1.5   -9.0   -9.0   -9.0   -9.0   -9.0   -9.0   -9.0 -9 -9 -                        0   0   -9 -         -9  -9  -9  3569 -9.0 -9.00 -9  -7.2  -3.2  -2.9  -1.1  -0.3  -9 -9.0 -9  3 -9
202602090200 108  32  1.3  -9 -9.0   -9 1020.5 1031.8 -9  -9.0  -9.0 -17.5  50.0   1.6   -9.0   -9.0   -9.0   -9.0   -9.0   -9.0   -9.0 -9 -9 -                        0   0   -9 -         -9  -9  -9  3737 -9.0 -9.00 -9  -7.5  -3.4  -3.1  -1.3  -0.4  -9 -9.0 -9  3 -9
202602090300 108   5  1.1  -9 -9.0   -9 1020.2 1031.6  7  -0.6  -9.7 -17.5  53.0   1.6   -9.0   -9.0   -9.0   -9.0   -9.0   -9.0   -9.0 -9 -9 -                        0   0   -9 -         -9  -9  -9  3684 -9.0 -9.00 -9  -7.7  -3.6  -3.2  -1.3  -0.3  -9 -9.0 -9  3  2
202602090400 108  27  1.3  -9 -9.0   -9 1020.0 1031.4 -9  -9.0  -9.7 -17.5  53.0   1.6   -9.0   -9.0   -9.0   -9.0   -9.0   -9.0   -9.0 -9 -9 -                        0   0   -9 -         -9  -9  -9  3458 -9.0 -9.00 -9  -7.9  -3.8  -3.4  -1.4  -0.3  -9 -9.0 -9  3  2
202602090500 108  36  0.9  -9 -9.0   -9 1019.4 1030.8 -9  -9.0  -9.8 -17.3  54.0   1.6   -9.0   -9.0   -9.0   -9.0   -9.0   -9.0   -9.0 -9 -9 -                        0   0   -9 -         -9  -9  -9  3612 -9.0 -9.00 -9  -8.0  -4.0  -3.5  -1.5  -0.4  -9 -9.0 -9  3  2
202602090600 108   2  1.5  -9 -9.0   -9 1019.3 1030.7  7  -0.9 -10.0 -18.0  52.0   1.5   -9.0   -9.0   -9.0   -9.0   -9.0   -9.0   -9.0 -9 -9 -                        0   0   -9 -         -9  -9  -9  3650 -9.0 -9.00 -9  -8.1  -4.0  -3.6  -1.7  -0.4  -9 -9.0 -9  3  2
202602090700 108   5  1.6  -9 -9.0   -9 1019.4 1030.8 -9  -9.0  -9.9 -17.0  56.0   1.6   -9.0   -9.0   -9.0   -9.0   -9.0   -9.0   -9.0 -9 -9 -                        0   0   -9 -         -9  -9  -9  3461 -9.0 -9.00 -9  -8.2  -4.2  -3.8  -1.7  -0.4  -9 -9.0 -9  3  2
202602090800 108   5  2.0  -9 -9.0   -9 1019.9 1031.3 -9  -9.0  -9.9 -17.0  56.0   1.6   -9.0   -9.0   -9.0   -9.0   -9.0   -9.0   -9.0 -9 -9 -                        0   0   -9 -         -9  -9  -9  3642  0.0  0.03 -9  -7.8  -4.3  -3.8  -1.8  -0.5  -9 -9.0 -9  3  2
202602090900 108   5  2.2  -9 -9.0   -9 1020.2 1031.5  2   0.8  -8.2 -15.8  54.0   1.8   -9.0   -9.0   -9.0   -9.0   -9.0   -9.0   -9.0 -9 -9 -                        0   0   -9 -         -9  -9  -9  3524  1.0  0.50 -9  -5.3  -4.0  -3.8  -1.8  -0.5  -9 -9.0 -9  3  2
202602091000 108   5  2.2  -9 -9.0   -9 1020.1 1031.3 -9  -9.0  -4.9 -14.7  46.0   2.0   -9.0   -9.0   -9.0   -9.0   -9.0   -9.0   -9.0 -9 -9 -                        0   0   -9 -         -9  -9  -9  3269  1.0  1.22 -9  -0.6  -3.3  -3.6  -1.9  -0.6  -9 -9.0 -9  3  2
202602091100 108  18  1.7  -9 -9.0   -9 1020.2 1031.2 -9  -9.0  -1.7 -15.1  35.0   1.9   -9.0   -9.0   -9.0   -9.0   -9.0   -9.0   -9.0 -9 -9 -                        0   0   -9 -         -9  -9  -9  3595  1.0  1.81 -9   1.6  -2.4  -3.2  -2.0  -0.7  -9 -9.0 -9  3  2
202602091200 108  20  1.9  -9 -9.0   -9 1019.1 1030.0  7  -1.5   0.2 -14.2  33.0   2.0   -9.0   -9.0   -9.0   -9.0   -9.0   -9.0   -9.0 -9 -9 -                        1   1    7 Sc         0   0   5  3262  1.0  2.30 -9   4.5  -1.6  -2.6  -1.9  -0.8  -9 -9.0 -9  3  2
202602091300 108  18  1.6  -9 -9.0   -9 1017.9 1028.7 -9  -9.0   2.1 -11.1  37.0   2.6   -9.0   -9.0   -9.0   -9.0   -9.0   -9.0   -9.0 -9 -9 -                        0   0   -9 -         -9  -9  -9  3933  1.0  2.44 -9   7.2  -1.1  -2.2  -1.8  -0.9  -9 -9.0 -9  3  2
202602091400 108  23  2.8  -9 -9.0   -9 1017.0 1027.8 -9  -9.0   2.7  -9.5  40.0   3.0   -9.0   -9.0   -9.0   -9.0   -9.0   -9.0   -9.0 -9 -9 -                        0   0   -9 -         -9  -9  -9  3440  1.0  2.40 -9   7.1  -0.7  -2.0  -1.8  -1.0  -9 -9.0 -9  3  2
202602091500 108  23  2.0  -9 -9.0   -9 1016.3 1027.1  7  -2.9   3.8  -9.2  38.0   3.0   -9.0   -9.0   -9.0   -9.0   -9.0   -9.0   -9.0 -9 -9 -                        0   0   -9 -         -9  -9  -9  2812  1.0  2.12 -9   4.7  -0.5  -2.3  -2.2  -1.5  -9 -9.0 -9  3  2
202602091600 108  25  2.5  -9 -9.0   -9 1015.8 1026.5 -9  -9.0   4.0  -9.0  38.0   3.1   -9.0   -9.0   -9.0   -9.0   -9.0   -9.0   -9.0 -9 -9 -                        0   0   -9 -         -9  -9  -9  2978  1.0  1.59 -9   3.1  -0.3  -2.4  -2.3  -1.8  -9 -9.0 -9  3  2
202602091700 108  25  2.1  -9 -9.0   -9 1015.4 1026.2 -9  -9.0   3.6  -8.7  40.0   3.2   -9.0   -9.0   -9.0   -9.0   -9.0   -9.0   -9.0 -9 -9 -                        1   0   -9 Ci         1   0   0  2721  1.0  0.84 -9   0.5  -0.3  -2.3  -2.3  -1.8  -9 -9.0 -9  3  2
202602091800 108  27  1.8  -9 -9.0   -9 1015.6 1026.4  5  -0.7   2.0  -6.5  53.0   3.8   -9.0   -9.0   -9.0   -9.0   -9.0   -9.0   -9.0 -9 -9 -                        2   0   -9 Ci         1   0   0  2471  0.6  0.25 -9   0.5  -0.5  -2.1  -2.0  -1.5  -9 -9.0 -9  3  2
202602091900 108  27  2.0  -9 -9.0   -9 1016.1 1027.0 -9  -9.0   0.8  -5.6  62.0   4.0   -9.0   -9.0   -9.0   -9.0   -9.0   -9.0   -9.0 -9 -9 -                        0   0   -9 -         -9  -9  -9  2496  0.0  0.00 -9   0.1  -0.6  -1.9  -1.8  -1.4  -9 -9.0 -9  3 -9
202602092000 108  27  1.2  -9 -9.0   -9 1016.7 1027.6 -9  -9.0  -0.1  -5.7  66.0   4.0   -9.0   -9.0   -9.0   -9.0   -9.0   -9.0   -9.0 -9 -9 -                        3   1   -9 -         -9  -9  -9  2319 -9.0 -9.00 -9  -0.7  -0.7  -1.8  -1.5  -1.2  -9 -9.0 -9  3 -9
202602092100 108  27  0.8  -9 -9.0   -9 1016.5 1027.5  0   1.1  -0.9  -5.6  70.0   4.0   -9.0   -9.0   -9.0   -9.0   -9.0   -9.0   -9.0 -9 -9 -                        3   0   -9 Ci         1   0   0  2305 -9.0 -9.00 -9  -1.5  -0.8  -1.6  -1.3  -0.8  -9 -9.0 -9  3  2
202602092200 108   2  1.4  -9 -9.0   -9 1016.1 1027.1 -9  -9.0  -1.3  -5.8  71.0   4.0   -9.0   -9.0   -9.0   -9.0   -9.0   -9.0   -9.0 -9 -9 -                        6   1   -9 -         -9  -9  -9  1823 -9.0 -9.00 -9  -1.9  -0.9  -1.5  -1.0  -0.7  -9 -9.0 -9  3 -9
202602092300 108   2  1.6  -9 -9.0   -9 1015.8 1026.8 -9  -9.0  -1.8  -5.8  74.0   4.0   -9.0   -9.0   -9.0   -9.0   -9.0   -9.0   -9.0 -9 -9 -                        5   1   -9 -         -9  -9  -9  1678 -9.0 -9.00 -9  -2.6  -1.0  -1.5  -1.0  -0.7  -9 -9.0 -9  3 -9
202602100000 108   5  1.2  -9 -9.0   -9 1015.6 1026.6  7  -0.9  -2.1  -5.5  77.0   4.1   -9.0   -9.0   -9.0   -9.0   -9.0   -9.0   -9.0 -9 -9 -                        7   0   -9 Ci         1   0   0  1552 -9.0 -9.00 -9  -2.9  -1.2  -1.6  -0.9  -0.6  -9 -9.0 -9  3  2
202602100100 108   5  1.5  -9 -9.0   -9 1014.8 1025.8 -9  -9.0  -2.3  -5.7  77.0   4.0   -9.0   -9.0   -9.0   -9.0   -9.0   -9.0   -9.0 -9 -9 -                        8   7   59 -         -9  -9  -9  1566 -9.0 -9.00 -9  -3.1  -1.3  -1.7  -0.9  -0.6  -9 -9.0 -9  3 -9
202602100200 108   5  1.7  -9 -9.0   -9 1014.1 1025.1 -9  -9.0  -2.5  -6.3  75.0   3.8   -9.0   -9.0   -9.0   -9.0   -9.0   -9.0   -9.0 -9 -9 -                        9   9   49 -         -9  -9  -9  1532 -9.0 -9.00 -9  -2.8  -1.3  -1.7  -0.9  -0.7  -9 -9.0 -9  3 -9
202602100300 108   5  1.4  -9 -9.0   -9 1013.7 1024.7  7  -1.9  -2.1  -5.9  75.0   3.9   -9.0   -9.0   -9.0   -9.0   -9.0   -9.0   -9.0 -9 -9 -                       10   0   -9 Cs         7   0   0  1553 -9.0 -9.00 -9  -2.6  -1.3  -1.8  -0.9  -0.5  -9 -9.0 -9  3  2
202602100400 108   5  1.9  -9 -9.0   -9 1013.2 1024.2 -9  -9.0  -2.1  -5.9  75.0   3.9   -9.0   -9.0   -9.0   -9.0   -9.0   -9.0   -9.0 -9 -9 -                        9   3    9 ScAc       0   3   5  1482 -9.0 -9.00 -9  -2.3  -1.2  -1.8  -1.0  -0.7  -9 -9.0 -9  3  2
202602100500 108   5  1.5  -9 -9.0   -9 1012.8 1023.8 -9  -9.0  -1.9  -6.2  72.0   3.8   -9.0   -9.0   -9.0   -9.0   -9.0   -9.0   -9.0 -9 -9 -                        9   7    9 ScAc       0   3   5  1514 -9.0 -9.00 -9  -1.8  -1.2  -1.8  -1.0  -0.6  -9 -9.0 -9  3  2
202602100600 108   5  1.6  -9 -9.0   -9 1012.6 1023.5  7  -1.2  -1.4  -5.9  71.0   3.9   -9.0   -9.0   -9.0   -9.0   -9.0   -9.0   -9.0 -9 -9 -                       10   9   11 ScAs      -9   2   5  1539 -9.0 -9.00 -9  -1.5  -1.1  -1.8  -1.1  -0.7  -9 -9.0 -9  3  2
202602100700 108   5  1.6  -9 -9.0   -9 1012.7 1023.6 -9  -9.0  -1.0  -6.1  68.0   3.9   -9.0   -9.0   -9.0   -9.0   -9.0   -9.0   -9.0 -9 -9 -                       10   9    7 ScAs      -9   2   5  1591 -9.0 -9.00 -9  -1.3  -1.0  -1.7  -1.1  -0.8  -9 -9.0 -9  3  2
202602100800 108   5  2.2  -9 -9.0   -9 1012.6 1023.5 -9  -9.0  -0.7  -6.0  67.0   3.9   -9.0   -9.0   -9.0   -9.0   -9.0   -9.0   -9.0 -9 -9 -                       10   8    7 ScAs      -9   2   5  1547  0.0  0.00 -9  -1.1  -0.9  -1.7  -1.1  -0.8  -9 -9.0 -9  3  2
202602100900 108   5  2.7  -9 -9.0   -9 1012.4 1023.3  8  -0.2  -0.3  -6.0  65.0   3.9   -9.0   -9.0   -9.0   -9.0   -9.0   -9.0   -9.0 -9 -9 -                       10   7    7 ScAs      -9   2   5  1477  0.0  0.07 -9  -0.6  -0.8  -1.7  -1.1  -0.8  -9 -9.0 -9  3  2
202602101000 108   5  2.2  -9 -9.0   -9 1012.0 1022.9 -9  -9.0   0.3  -5.9  63.0   3.9   -9.0   -9.0   -9.0   -9.0   -9.0   -9.0   -9.0 -9 -9 -                       10   8    7 ScAs      -9   2   5  1498  0.0  0.24 -9   0.2  -0.6  -1.8  -1.4  -0.8  -9 -9.0 -9  3  2
202602101100 108   5  2.3  -9 -9.0   -9 1011.5 1022.3 -9  -9.0   1.3  -6.0  58.0   3.9   -9.0   -9.0   -9.0   -9.0   -9.0   -9.0   -9.0 -9 -9 -                       10   7   11 ScAs      -9   2   5  1502  0.0  0.45 -9   0.5  -0.4  -1.8  -1.4  -1.0  -9 -9.0 -9  3  2
202602101200 108   5  2.4  -9 -9.0   -9 1010.7 1021.5  7  -1.8   2.2  -6.1  54.0   3.9    0.0    0.0    0.0   -9.0   -9.0   -9.0   -9.0 70 72 05                      10   7    7 ScAs      -9   2   5  1390  0.0  0.68 -9   1.2  -0.2  -1.9  -1.6  -1.2  -9 -9.0 -9  4  1
202602101300 108   2  0.8  -9 -9.0   -9 1009.9 1020.6 -9  -9.0   2.8  -3.7  62.0   4.6   -9.0    0.0    0.0   -9.0   -9.0   -9.0   -9.0 70 77 05                      10   8    7 ScAs      -9   2   5  1173  0.0  0.61 -9   2.3   0.0  -1.8  -1.6  -1.2  -9 -9.0 -9  4  1
202602101400 108  18  1.7  -9 -9.0   -9 1008.6 1019.3 -9  -9.0   4.2  -1.5  66.0   5.5   -9.0    0.0    0.0   -9.0   -9.0   -9.0   -9.0 70 77 05                      10   8    7 ScAs      -9   2   5  1019  0.1  1.09 -9   3.0   0.0  -1.7  -1.5  -1.2  -9 -9.0 -9  4  1
202602101500 108  20  0.6  -9 -9.0   -9 1007.9 1018.5  7  -3.0   4.8  -0.8  67.0   5.8    0.0    0.0    0.0   -9.0   -9.0   -9.0   -9.0 60 76 0501                    10   8    7 ScAs      -9   2   5   863  0.0  0.66 -9   4.2   0.3  -1.7  -1.4  -1.2  -9 -9.0 -9  4  1
202602101600 108  27  2.0  -9 -9.0   -9 1008.2 1018.9 -9  -9.0   4.2   0.1  75.0   6.2   -9.0    0.0    0.0   -9.0   -9.0   -9.0   -9.0 60 66 01                      10   9    7 ScAs      -9   2   5   580  0.0  0.26 -9   1.7   0.2  -1.6  -1.5  -1.2  -9 -9.0 -9  4  1
202602101700 108  29  0.6  -9 -9.0   -9 1008.3 1019.0 -9  -9.0   3.6   0.9  83.0   6.5   -9.0    0.4    0.4   -9.0   -9.0   -9.0   -9.0 61 66 1901                    10   7    4 StNs      -9   2   7   458  0.0  0.10 -9   1.4   0.0  -1.6  -1.5  -1.2  -9 -9.0 -9  4  1
202602101800 108  27  0.8  -9 -9.0   -9 1008.4 1019.1  2   0.6   3.2   0.9  85.0   6.5    0.7    0.7    0.7   -9.0   -9.0   -9.0   -9.0 61 66 1901                    10   9    3 StNs      -9   2   7   411  0.0  0.03 -9   0.8   0.0  -1.6  -1.4  -1.2  -9 -9.0 -9  4  1
202602101900 108  27  1.0  -9 -9.0   -9 1008.8 1019.5 -9  -9.0   3.1   0.8  85.0   6.5   -9.0    0.8    0.8   -9.0   -9.0   -9.0   -9.0 61 66 1901                    10   9    2 StNs      -9   2   7   411  0.0  0.00 -9   0.7   0.0  -1.6  -1.4  -1.2  -9 -9.0 -9  4  1
202602102000 108  34  0.8  -9 -9.0   -9 1009.0 1019.7 -9  -9.0   3.1   1.1  87.0   6.6   -9.0    0.8    0.8   -9.0   -9.0   -9.0   -9.0 61 66 1901                    10   7    3 StNs      -9   2   7   319 -9.0 -9.00 -9   0.7   0.0  -1.6  -1.4  -1.2  -9 -9.0 -9  4  1
202602102100 108  27  0.6  -9 -9.0   -9 1009.3 1020.0  2   0.9   2.9   1.1  88.0   6.6    0.1    0.8    0.8   -9.0   -9.0   -9.0   -9.0 21 62 1901                     9   9    5 Sc         0   0   5   231 -9.0 -9.00 -9   0.6   0.0  -1.5  -1.4  -1.1  -9 -9.0 -9  1  1
202602102200 108  27  1.4  -9 -9.0   -9 1009.6 1020.3 -9  -9.0   2.7   0.7  87.0   6.4   -9.0    0.8    0.8   -9.0   -9.0   -9.0   -9.0 -9 -9 19                       6   6    3 -         -9  -9  -9   271 -9.0 -9.00 -9   0.1   0.0  -1.5  -1.4  -1.2  -9 -9.0 -9  3  2
202602102300 108  27  1.7  -9 -9.0   -9 1009.4 1020.1 -9  -9.0   2.5   0.7  88.0   6.4   -9.0    0.8    0.8   -9.0   -9.0   -9.0   -9.0 -9 -9 19                       6   6    7 -         -9  -9  -9   294 -9.0 -9.00 -9   0.3   0.0  -1.5  -1.4  -1.2  -9 -9.0 -9  3  2
202602110000 108  20  0.9  -9 -9.0   -9 1009.3 1020.1  0   0.1   1.9  -0.5  84.0   5.9   -9.0    0.8    0.8   -9.0   -9.0   -9.0   -9.0 10  0 19                       3   3    8 Sc         0   0   5   288 -9.0 -9.00 -9   0.4   0.0  -1.5  -1.3  -1.2  -9 -9.0 -9  3  1
202602110100 108  27  1.8  -9 -9.0   -9 1009.3 1020.1 -9  -9.0   1.4   0.0  90.0   6.1   -9.0   -9.0   -9.0   -9.0   -9.0   -9.0   -9.0 -9 -9 19                       0   0   -9 -         -9  -9  -9   198 -9.0 -9.00 -9   0.2   0.0  -1.5  -1.3  -1.3  -9 -9.0 -9  3  2
202602110200 108  32  0.9  -9 -9.0   -9 1009.5 1020.3 -9  -9.0   1.6   0.2  91.0   6.2   -9.0   -9.0   -9.0   -9.0   -9.0   -9.0   -9.0 -9 -9 19                       7   4    5 -         -9  -9  -9   239 -9.0 -9.00 -9   0.2  -0.1  -1.5  -1.4  -1.1  -9 -9.0 -9  3  2
202602110300 108  27  1.1  -9 -9.0   -9 1009.7 1020.5  2   0.4   1.5   0.0  90.0   6.1   -9.0   -9.0   -9.0   -9.0   -9.0   -9.0   -9.0 10 11 19                       9   9    8 Sc         0   0   5   236 -9.0 -9.00 -9   0.2  -0.1  -1.5  -1.3  -1.3  -9 -9.0 -9  3  1
202602110400 108  29  0.8  -9 -9.0   -9 1009.6 1020.4 -9  -9.0   1.7   0.3  91.0   6.2   -9.0   -9.0   -9.0   -9.0   -9.0   -9.0   -9.0 10 22 19                       9   9    8 Sc         0   0   5   219 -9.0 -9.00 -9   0.3  -0.1  -1.5  -1.4  -1.2  -9 -9.0 -9  3  1
202602110500 108   0  0.3  -9 -9.0   -9 1009.7 1020.5 -9  -9.0   1.7   0.0  89.0   6.1   -9.0   -9.0   -9.0   -9.0   -9.0   -9.0   -9.0 10 22 19                       9   9    7 Sc         0   0   5   244 -9.0 -9.00 -9   0.3  -0.1  -1.5  -1.3  -1.2  -9 -9.0 -9  3  1
202602110600 108  25  0.9  -9 -9.0   -9 1010.2 1021.0  3   0.5   1.8   0.1  89.0   6.2   -9.0   -9.0   -9.0   -9.0   -9.0   -9.0   -9.0 10 22 19                       9   9    9 Sc         0   0   5   204 -9.0 -9.00 -9   0.3  -0.1  -1.5  -1.3  -1.2  -9 -9.0 -9  3  1
202602110700 108  27  0.7  -9 -9.0   -9 1010.2 1021.0 -9  -9.0   1.9   0.4  90.0   6.3   -9.0    0.0    0.0   -9.0   -9.0   -9.0   -9.0 50 52 1902                    10  10    6 St        -9  -9   7   186 -9.0 -9.00 -9   0.3   0.0  -1.5  -1.3  -1.2  -9 -9.0 -9  4  1
202602110800 108  25  2.4  -9 -9.0   -9 1010.6 1021.4 -9  -9.0   2.0   0.8  92.0   6.5   -9.0    0.0    0.0   -9.0   -9.0   -9.0   -9.0 20 52 1902                    10  10    2 St        -9  -9   6   226  0.0  0.01 -9   0.3   0.0  -1.5  -1.4  -1.2  -9 -9.0 -9  4  1
202602110900 108  25  2.2  -9 -9.0   -9 1011.1 1021.9  2   0.9   2.2   0.7  90.0   6.4    0.0    0.0    0.0   -9.0   -9.0   -9.0   -9.0 10 52 19                      10  10    2 St        -9  -9   6   329  0.0  0.12 -9   0.3   0.0  -1.5  -1.3  -1.2  -9 -9.0 -9  3  1
202602111000 108  27  2.3  -9 -9.0   -9 1011.2 1021.9 -9  -9.0   2.6   0.8  88.0   6.5   -9.0    0.0    0.0   -9.0   -9.0   -9.0   -9.0 10 22 19                      10  10    3 St        -9  -9   6   358  0.0  0.40 -9   1.2   0.0  -1.5  -1.3  -1.1  -9 -9.0 -9  3  1
202602111100 108  29  2.2  -9 -9.0   -9 1011.5 1022.2 -9  -9.0   3.3   0.8  84.0   6.5   -9.0    0.0    0.0   -9.0   -9.0   -9.0   -9.0 10 22 19                       9   9    5 Sc         0   0   5   393  0.0  0.64 -9   4.8   0.1  -1.5  -1.3  -1.1  -9 -9.0 -9  3  1
202602111200 108  29  2.3  -9 -9.0   -9 1011.5 1022.2  1   0.3   3.2   0.7  84.0   6.4   -9.0    0.0    0.0   -9.0   -9.0   -9.0   -9.0 10 22 19                       9   9    5 Sc         0   0   5   323  0.0  0.47 -9   2.8   0.1  -1.5  -1.3  -1.2  -9 -9.0 -9  3  1
202602111300 108  32  2.8  -9 -9.0   -9 1011.0 1021.7 -9  -9.0   4.0   0.0  75.0   6.1   -9.0    0.0    0.0   -9.0   -9.0   -9.0   -9.0 10 22 19                       7   7    6 Sc         0   0   5   470  0.0  0.77 -9   6.0   0.0  -1.5  -1.3  -1.2  -9 -9.0 -9  3  1
202602111400 108  32  3.0  -9 -9.0   -9 1010.7 1021.3 -9  -9.0   5.4  -1.0  63.0   5.7   -9.0    0.0    0.0   -9.0   -9.0   -9.0   -9.0  5 22 4019                     6   6    6 Sc         0   0   5   656  0.5  1.79 -9   7.6   0.1  -1.5  -1.3  -1.1  -9 -9.0 -9  3  1
202602111500 108  27  3.2  -9 -9.0   -9 1010.6 1021.2  7  -1.0   6.6  -1.8  55.0   5.4   -9.0    0.0    0.0   -9.0   -9.0   -9.0   -9.0  5 22 40                       5   5    8 Sc         0   0   5   716  0.7  1.75 -9   8.7   0.2  -1.5  -1.3  -1.1  -9 -9.0 -9  3  1
202602111600 108  25  3.6  -9 -9.0   -9 1010.5 1021.1 -9  -9.0   6.8  -2.3  52.0   5.2   -9.0    0.0    0.0   -9.0   -9.0   -9.0   -9.0  5  0 40                       4   4   10 Sc         0   0   5   724  0.9  1.54 -9   6.8   0.4  -1.4  -1.3  -1.2  -9 -9.0 -9  3  1
202602111700 108  25  2.6  -9 -9.0   -9 1010.7 1021.3 -9  -9.0   6.2  -1.7  57.0   5.4   -9.0    0.0    0.0   -9.0   -9.0   -9.0   -9.0  5  0 40                       1   1   10 Sc         0   0   5   635  1.0  0.85 -9   3.1   0.4  -1.4  -1.3  -1.1  -9 -9.0 -9  3  1
202602111800 108  27  2.4  -9 -9.0   -9 1011.0 1021.7  3   0.5   4.3  -1.7  65.0   5.4   -9.0    0.0    0.0   -9.0   -9.0   -9.0   -9.0  5  0 40                       0   0   -9 -         -9  -9  -9   602  0.2  0.22 -9  -0.3   0.2  -1.4  -1.3  -1.1  -9 -9.0 -9  3  1
202602111900 108  27  2.3  -9 -9.0   -9 1011.5 1022.2 -9  -9.0   3.1  -2.0  69.0   5.3   -9.0    0.0    0.0   -9.0   -9.0   -9.0   -9.0 -9 -9 40                       0   0   -9 -         -9  -9  -9   532  0.0  0.01 -9   0.4   0.1  -1.4  -1.3  -1.1  -9 -9.0 -9  3  2
202602112000 108  27  2.1  -9 -9.0   -9 1011.5 1022.3 -9  -9.0   2.2  -1.9  74.0   5.3   -9.0    0.0    0.0   -9.0   -9.0   -9.0   -9.0 -9 -9 40                       0   0   -9 -         -9  -9  -9   416 -9.0 -9.00 -9   0.4   0.2  -1.4  -1.3  -1.2  -9 -9.0 -9  3  2
202602112100 108  20  1.7  -9 -9.0   -9 1011.6 1022.4  2   0.7   1.5  -2.4  75.0   5.1   -9.0    0.0    0.0   -9.0   -9.0   -9.0   -9.0  5  0 40                       0   0   -9 -         -9  -9  -9   364 -9.0 -9.00 -9   0.1   0.2  -1.4  -1.3  -1.2  -9 -9.0 -9  3  1
202602112200 108  25  0.8  -9 -9.0   -9 1011.7 1022.5 -9  -9.0   0.9  -2.5  78.0   5.1   -9.0    0.0    0.0   -9.0   -9.0   -9.0   -9.0 -9 -9 40                       0   0   -9 -         -9  -9  -9   289 -9.0 -9.00 -9  -0.2   0.1  -1.4  -1.3  -1.1  -9 -9.0 -9  3  2
202602112300 108  23  0.7  -9 -9.0   -9 1011.5 1022.3 -9  -9.0   0.3  -2.4  82.0   5.1   -9.0    0.0    0.0   -9.0   -9.0   -9.0   -9.0 -9 -9 4019                     0   0   -9 -         -9  -9  -9   251 -9.0 -9.00 -9  -0.4   0.1  -1.4  -1.3  -1.1  -9 -9.0 -9  3  2
202602120000 108  25  1.3  -9 -9.0   -9 1011.6 1022.5  1   0.1   0.1  -1.8  87.0   5.4   -9.0    0.0    0.0   -9.0   -9.0   -9.0   -9.0 10  0 19                       0   0   -9 -         -9  -9  -9   288 -9.0 -9.00 -9  -0.6   0.1  -1.4  -1.2  -1.1  -9 -9.0 -9  3  1
202602120100 108  27  0.6  -9 -9.0   -9 1011.9 1022.8 -9  -9.0  -0.3  -2.2  87.0   5.2   -9.0   -9.0   -9.0   -9.0   -9.0   -9.0   -9.0 -9 -9 19                       0   0   -9 -         -9  -9  -9   291 -9.0 -9.00 -9  -0.8   0.1  -1.4  -1.2  -1.1  -9 -9.0 -9  3  2
202602120200 108  27  1.9  -9 -9.0   -9 1012.6 1023.5 -9  -9.0  -0.7  -2.4  88.0   5.1   -9.0   -9.0   -9.0   -9.0   -9.0   -9.0   -9.0 -9 -9 19                       0   0   -9 -         -9  -9  -9   283 -9.0 -9.00 -9  -1.0   0.1  -1.4  -1.3  -1.1  -9 -9.0 -9  3  2
202602120300 108  27  1.4  -9 -9.0   -9 1012.8 1023.7  2   1.2  -1.0  -2.4  90.0   5.1   -9.0   -9.0   -9.0   -9.0   -9.0   -9.0   -9.0 10  0 19                       0   0   -9 -         -9  -9  -9   253 -9.0 -9.00 -9  -1.3   0.1  -1.3  -1.2  -1.0  -9 -9.0 -9  3  1
202602120400 108   0  0.2  -9 -9.0   -9 1012.2 1023.1 -9  -9.0  -1.8  -3.3  89.0   4.8   -9.0   -9.0   -9.0   -9.0   -9.0   -9.0   -9.0 10  0 19                       0   0   -9 -         -9  -9  -9   214 -9.0 -9.00 -9  -1.8   0.0  -1.3  -1.1  -1.0  -9 -9.0 -9  3  1
202602120500 108  36  0.6  -9 -9.0   -9 1012.2 1023.2 -9  -9.0  -2.1  -3.6  89.0   4.7   -9.0   -9.0   -9.0   -9.0   -9.0   -9.0   -9.0 10  0 19                       0   0   -9 -         -9  -9  -9   292 -9.0 -9.00 -9  -2.1   0.0  -1.3  -1.1  -1.0  -9 -9.0 -9  3  1
202602120600 108   0  0.2  -9 -9.0   -9 1012.4 1023.4  5  -0.3  -2.2  -3.4  91.0   4.8   -9.0   -9.0   -9.0   -9.0   -9.0   -9.0   -9.0 10  0 19                       0   0   -9 -         -9  -9  -9   258 -9.0 -9.00 -9  -2.5  -0.1  -1.2  -1.0  -0.9  -9 -9.0 -9  3  1
202602120700 108   5  0.9  -9 -9.0   -9 1012.8 1023.8 -9  -9.0  -2.4  -3.6  91.0   4.7   -9.0   -9.0   -9.0   -9.0   -9.0   -9.0   -9.0 10  0 19                       0   0   -9 -         -9  -9  -9   277 -9.0 -9.00 -9  -2.6  -0.1  -1.2  -1.0  -1.0  -9 -9.0 -9  3  1
202602120800 108   2  2.2  -9 -9.0   -9 1013.4 1024.4 -9  -9.0  -2.5  -3.4  93.0   4.8   -9.0   -9.0   -9.0   -9.0   -9.0   -9.0   -9.0 10  0 19                       0   0   -9 -         -9  -9  -9   236  0.0  0.03 -9  -2.4  -0.2  -1.1  -0.9  -0.7  -9 -9.0 -9  3  1
202602120900 108   2  2.7  -9 -9.0   -9 1013.9 1024.8  2   1.4  -1.4  -2.3  93.0   5.2   -9.0   -9.0   -9.0   -9.0   -9.0   -9.0   -9.0 10  0 19                       0   0   -9 -         -9  -9  -9   249  0.7  0.51 -9  -0.7  -0.3  -1.2  -0.9  -0.7  -9 -9.0 -9  3  1
202602121000 108   2  1.9  -9 -9.0   -9 1013.9 1024.7 -9  -9.0   0.9  -1.0  87.0   5.7   -9.0   -9.0   -9.0   -9.0   -9.0   -9.0   -9.0 10  0 19                       0   0   -9 -         -9  -9  -9   388  1.0  1.28 -9   0.3  -0.2  -1.3  -1.0  -1.1  -9 -9.0 -9  3  1
202602121100 108   5  1.9  -9 -9.0   -9 1013.8 1024.6 -9  -9.0   3.1  -1.6  71.0   5.4   -9.0   -9.0   -9.0   -9.0   -9.0   -9.0   -9.0  5 22 4019                     8   8    8 Sc         0   0   5   581  0.9  1.83 -9   2.5  -0.1  -1.4  -1.1  -1.0  -9 -9.0 -9  3  1
202602121200 108   7  1.5  -9 -9.0   -9 1013.3 1024.0  7  -0.8   4.1  -2.1  64.0   5.2   -9.0   -9.0   -9.0   -9.0   -9.0   -9.0   -9.0  5 11 40                       8   8    7 Sc         0   0   5   738  0.0  1.02 -9   3.2   0.0  -1.4  -1.1  -1.0  -9 -9.0 -9  3  1
202602121300 108  18  2.7  -9 -9.0   -9 1012.5 1023.1 -9  -9.0   5.9  -1.2  60.0   5.6   -9.0   -9.0   -9.0   -9.0   -9.0   -9.0   -9.0 -9 -9 40                       7   7    8 Sc         0   0   5  1208  0.1  1.43 -9   6.1   0.2  -1.3  -1.1  -1.0  -9 -9.0 -9  3  2
202602121400 108  20  2.5  -9 -9.0   -9 1011.6 1022.2 -9  -9.0   7.0  -0.7  58.0   5.8   -9.0   -9.0   -9.0   -9.0   -9.0   -9.0   -9.0 -9 -9 -                        5   5    8 Sc         0   0   5  1274  0.4  1.67 -9   6.7   0.5  -1.3  -1.2  -1.0  -9 -9.0 -9  3  2
202602121500 108  20  2.7  -9 -9.0   -9 1011.0 1021.5  7  -2.5   8.5   0.4  57.0   6.3   -9.0   -9.0   -9.0   -9.0   -9.0   -9.0   -9.0 -9 -9 -                        4   4    9 Sc         0   0   5  1243  0.6  1.62 -9   8.4   0.6  -1.3  -1.1  -1.0  -9 -9.0 -9  3  2
202602121600 108  23  2.9  -9 -9.0   -9 1010.8 1021.3 -9  -9.0   7.7   0.0  58.0   6.1   -9.0   -9.0   -9.0   -9.0   -9.0   -9.0   -9.0 -9 -9 -                        2   2   10 Sc         0   0   5  1297  0.4  0.93 -9   5.4   0.6  -1.3  -1.1  -0.9  -9 -9.0 -9  3  2
202602121700 108  25  3.7  -9 -9.0   -9 1010.5 1021.1 -9  -9.0   7.3  -0.1  59.0   6.1   -9.0   -9.0   -9.0   -9.0   -9.0   -9.0   -9.0 -9 -9 -                        2   2    9 Sc         0   0   5  1410  0.6  0.59 -9   2.9   0.4  -1.3  -1.1  -1.0  -9 -9.0 -9  3  2
202602121800 108  25  1.9  -9 -9.0   -9 1010.7 1021.3  5  -0.2   6.4   0.4  66.0   6.3   -9.0   -9.0   -9.0   -9.0   -9.0   -9.0   -9.0 -9 -9 -                        3   3    8 Sc         0   0   5  1272  0.1  0.19 -9   1.4   0.4  -1.3  -1.1  -1.1  -9 -9.0 -9  3  2
202602121900 108  25  2.4  -9 -9.0   -9 1011.1 1021.7 -9  -9.0   5.4   0.3  70.0   6.2   -9.0   -9.0   -9.0   -9.0   -9.0   -9.0   -9.0 -9 -9 -                        0   0   -9 -         -9  -9  -9  1240  0.0  0.01 -9   0.4   0.2  -1.3  -1.1  -1.0  -9 -9.0 -9  3 -9
202602122000 108  25  1.9  -9 -9.0   -9 1011.1 1021.8 -9  -9.0   4.7   0.2  73.0   6.2   -9.0   -9.0   -9.0   -9.0   -9.0   -9.0   -9.0 -9 -9 -                        0   0   -9 -         -9  -9  -9  1022 -9.0 -9.00 -9   0.5   0.3  -1.3  -1.1  -0.9  -9 -9.0 -9  3 -9
202602122100 108  23  2.1  -9 -9.0   -9 1011.3 1022.0  2   0.7   4.2   0.3  76.0   6.2   -9.0   -9.0   -9.0   -9.0   -9.0   -9.0   -9.0 10  0 19                       0   0   -9 -         -9  -9  -9   945 -9.0 -9.00 -9   0.5   0.2  -1.3  -1.1  -1.1  -9 -9.0 -9  3  1
202602122200 108  20  1.2  -9 -9.0   -9 1011.2 1021.9 -9  -9.0   3.8   0.0  76.0   6.1   -9.0   -9.0   -9.0   -9.0   -9.0   -9.0   -9.0 -9 -9 19                       0   0   -9 -         -9  -9  -9   968 -9.0 -9.00 -9   0.4   0.2  -1.3  -1.1  -1.0  -9 -9.0 -9  3  2
202602122300 108  20  0.8  -9 -9.0   -9 1011.0 1021.7 -9  -9.0   3.8   0.3  78.0   6.2   -9.0   -9.0   -9.0   -9.0   -9.0   -9.0   -9.0 -9 -9 19                       9   9    8 -         -9  -9  -9   936 -9.0 -9.00 -9   0.3   0.2  -1.3  -1.2  -1.0  -9 -9.0 -9  3  2
202602130000 108  20  1.0  -9 -9.0   -9 1010.9 1021.6  7  -0.4   4.0   1.0  81.0   6.6   -9.0   -9.0   -9.0   -9.0   -9.0   -9.0   -9.0 10 22 19                       8   8    8 Sc         0   0   5   864 -9.0 -9.00 -9   0.3   0.2  -1.3  -1.1  -1.1  -9 -9.0 -9  3  1
202602130100 108  16  0.6  -9 -9.0   -9 1010.5 1021.2 -9  -9.0   3.9   0.5  79.0   6.3   -9.0   -9.0   -9.0   -9.0   -9.0   -9.0   -9.0 -9 -9 19                       9   9    9 -         -9  -9  -9   747 -9.0 -9.00 -9   0.3   0.2  -1.3  -1.1  -1.0  -9 -9.0 -9  3  2
202602130200 108  18  1.3  -9 -9.0   -9 1010.4 1021.1 -9  -9.0   3.9   0.9  81.0   6.5   -9.0   -9.0   -9.0   -9.0   -9.0   -9.0   -9.0 -9 -9 19                       8   6    7 -         -9  -9  -9   606 -9.0 -9.00 -9   0.3   0.2  -1.3  -1.1  -1.0  -9 -9.0 -9  3  2
202602130300 108   0  0.4  -9 -9.0   -9 1010.2 1020.9  7  -0.7   3.8   1.0  82.0   6.6   -9.0   -9.0   -9.0   -9.0   -9.0   -9.0   -9.0 10 22 19                       8   8    7 Sc         0   0   5   578 -9.0 -9.00 -9   0.3   0.2  -1.3  -1.1  -0.9  -9 -9.0 -9  3  1
202602130400 108   2  1.1  -9 -9.0   -9 1009.8 1020.5 -9  -9.0   3.8   0.8  81.0   6.5   -9.0   -9.0   -9.0   -9.0   -9.0   -9.0   -9.0 10 22 19                       9   9    5 Sc         0   0   5   522 -9.0 -9.00 -9   0.3   0.2  -1.3  -1.1  -1.0  -9 -9.0 -9  3  1
202602130500 108   2  0.7  -9 -9.0   -9 1009.5 1020.2 -9  -9.0   3.8   1.0  82.0   6.6   -9.0   -9.0   -9.0   -9.0   -9.0   -9.0   -9.0 10 22 19                       9   9    5 Sc         0   0   5   509 -9.0 -9.00 -9   0.3   0.3  -1.3  -1.1  -1.0  -9 -9.0 -9  3  1
202602130600 108   5  2.1  -9 -9.0   -9 1009.5 1020.2  6  -0.7   3.7   0.7  81.0   6.4   -9.0   -9.0   -9.0   -9.0   -9.0   -9.0   -9.0 10 22 19                       9   9    6 Sc         0   0   5   534 -9.0 -9.00 -9   0.3   0.3  -1.3  -1.1  -1.0  -9 -9.0 -9  3  1
202602130700 108   5  1.3  -9 -9.0   -9 1009.2 1019.9 -9  -9.0   3.7   0.7  81.0   6.4   -9.0   -9.0   -9.0   -9.0   -9.0   -9.0   -9.0 10 22 19                       9   9    5 Sc         0   0   5   566 -9.0 -9.00 -9   0.4   0.3  -1.2  -1.1  -1.0  -9 -9.0 -9  3  1
202602130800 108   2  1.2  -9 -9.0   -9 1009.9 1020.6 -9  -9.0   3.6   0.9  83.0   6.5   -9.0   -9.0   -9.0   -9.0   -9.0   -9.0   -9.0 10 22 19                       7   7    6 Sc         0   0   5   536  0.0  0.02 -9   0.3   0.3  -1.2  -1.1  -1.0  -9 -9.0 -9  3  1
202602130900 108  20  1.0  -9 -9.0   -9 1010.1 1020.8  3   0.6   4.3   1.4  82.0   6.8   -9.0   -9.0   -9.0   -9.0   -9.0   -9.0   -9.0 10 22 19                       9   9    5 Sc         0   0   5   360  0.0  0.19 -9   0.5   0.4  -1.2  -1.1  -1.0  -9 -9.0 -9  3  1
202602131000 108  20  1.8  -9 -9.0   -9 1010.3 1020.9 -9  -9.0   5.4   2.2  80.0   7.2   -9.0   -9.0   -9.0   -9.0   -9.0   -9.0   -9.0 10 22 19                       9   9    6 Sc         0   0   5   337  0.0  0.47 -9   2.0   0.5  -1.2  -1.1  -1.0  -9 -9.0 -9  3  1
202602131100 108  18  1.8  -9 -9.0   -9 1010.0 1020.6 -9  -9.0   6.1   2.1  76.0   7.1   -9.0   -9.0   -9.0   -9.0   -9.0   -9.0   -9.0 10 22 19                       9   9    5 Sc         0   0   5   332  0.0  0.52 -9   5.0   0.7  -1.2  -1.1  -1.0  -9 -9.0 -9  3  1
202602131200 108  11  0.9  -9 -9.0   -9 1009.6 1020.2  8  -0.6   6.3   2.1  75.0   7.1   -9.0   -9.0   -9.0   -9.0   -9.0   -9.0   -9.0 10 22 19                       9   9    5 Sc         0   0   5   339  0.0  0.31 -9   4.5   0.6  -1.2  -1.1  -1.0  -9 -9.0 -9  3  1
202602131300 108   5  0.6  -9 -9.0   -9 1009.0 1019.5 -9  -9.0   7.2   2.4  72.0   7.3   -9.0   -9.0   -9.0   -9.0   -9.0   -9.0   -9.0 10 22 19                       9   9    6 Sc         0   0   5   351  0.0  0.53 -9   6.2   0.7  -1.2  -1.1  -1.0  -9 -9.0 -9  3  1
202602131400 108   5  1.4  -9 -9.0   -9 1008.7 1019.2 -9  -9.0   7.4   2.2  70.0   7.2   -9.0   -9.0   -9.0   -9.0   -9.0   -9.0   -9.0  5 22 4019                     9   9    7 Sc         0   0   5   354  0.0  0.42 -9   5.0   0.7  -1.2  -1.1  -1.0  -9 -9.0 -9  3  1
202602131500 108   7  1.8  -9 -9.0   -9 1008.7 1019.2  6  -1.0   7.5   2.3  70.0   7.2   -9.0   -9.0   -9.0   -9.0   -9.0   -9.0   -9.0  5 22 40                       9   9    7 Sc         0   0   5   344  0.0  0.29 -9   4.3   0.6  -1.2  -1.1  -0.9  -9 -9.0 -9  3  1
202602131600 108   2  1.2  -9 -9.0   -9 1008.8 1019.3 -9  -9.0   7.8   2.6  70.0   7.4   -9.0   -9.0   -9.0   -9.0   -9.0   -9.0   -9.0  5 22 40                       8   8    7 Sc         0   0   5   345  0.0  0.29 -9   4.4   0.7  -1.2  -1.1  -1.1  -9 -9.0 -9  3  1
202602131700 108   2  1.1  -9 -9.0   -9 1008.8 1019.3 -9  -9.0   7.8   2.2  68.0   7.2   -9.0   -9.0   -9.0   -9.0   -9.0   -9.0   -9.0  5 22 40                       7   7   10 Sc         0   0   5   342  0.0  0.20 -9   3.6   0.6  -1.2  -1.1  -1.1  -9 -9.0 -9  3  1
202602131800 108  27  0.9  -9 -9.0   -9 1008.6 1019.1  8  -0.1   7.5   2.5  71.0   7.3   -9.0   -9.0   -9.0   -9.0   -9.0   -9.0   -9.0  5 22 40                       5   5    9 Sc         0   0   5   345  0.0  0.11 -9   1.1   0.5  -1.2  -1.1  -1.0  -9 -9.0 -9  3  1
202602131900 108  29  1.2  -9 -9.0   -9 1008.6 1019.2 -9  -9.0   6.7   2.1  73.0   7.1   -9.0   -9.0   -9.0   -9.0   -9.0   -9.0   -9.0 -9 -9 40                       0   0   -9 -         -9  -9  -9   309  0.0  0.00 -9   0.3   0.3  -1.2  -1.1  -1.0  -9 -9.0 -9  3  2
202602132000 108  25  1.2  -9 -9.0   -9 1008.8 1019.4 -9  -9.0   5.8   2.4  79.0   7.3   -9.0   -9.0   -9.0   -9.0   -9.0   -9.0   -9.0 -9 -9 4019                     0   0   -9 -         -9  -9  -9   269 -9.0 -9.00 -9   0.4   0.2  -1.2  -1.1  -1.0  -9 -9.0 -9  3  2
202602132100 108   0  0.3  -9 -9.0   -9 1009.0 1019.6  2   0.5   5.1   2.2  82.0   7.2   -9.0   -9.0   -9.0   -9.0   -9.0   -9.0   -9.0 10 11 19                       0   0   -9 -         -9  -9  -9   254 -9.0 -9.00 -9   0.4   0.2  -1.2  -1.1  -1.0  -9 -9.0 -9  3  1
202602132200 108   5  0.5  -9 -9.0   -9 1009.0 1019.6 -9  -9.0   4.6   2.4  86.0   7.3   -9.0   -9.0   -9.0   -9.0   -9.0   -9.0   -9.0 -9 -9 19                       0   0   -9 -         -9  -9  -9   237 -9.0 -9.00 -9   0.3   0.2  -1.2  -1.1  -1.0  -9 -9.0 -9  3  2
202602132300 108   2  0.9  -9 -9.0   -9 1008.8 1019.4 -9  -9.0   4.5   2.1  85.0   7.1   -9.0   -9.0   -9.0   -9.0   -9.0   -9.0   -9.0 -9 -9 19                       0   0   -9 -         -9  -9  -9   231 -9.0 -9.00 -9   0.3   0.2  -1.2  -1.1  -1.0  -9 -9.0 -9  3  2
202602140000 108   2  1.6  -9 -9.0   -9 1008.8 1019.5  5  -0.1   4.2   1.8  85.0   7.0   -9.0   -9.0   -9.0   -9.0   -9.0   -9.0   -9.0 10 22 19                       8   8    6 Sc         0   0   5   215 -9.0 -9.00 -9   0.3   0.2  -1.2  -1.1  -1.0  -9 -9.0 -9  3  1
202602140100 108   2  1.3  -9 -9.0   -9 1008.9 1019.5 -9  -9.0   4.7   2.3  85.0   7.2   -9.0   -9.0   -9.0   -9.0   -9.0   -9.0   -9.0 -9 -9 19                       7   7    4 -         -9  -9  -9   233 -9.0 -9.00 -9   0.3   0.3  -1.2  -1.1  -1.0  -9 -9.0 -9  3  2
202602140200 108   5  1.5  -9 -9.0   -9 1009.0 1019.6 -9  -9.0   4.8   2.4  85.0   7.3   -9.0   -9.0   -9.0   -9.0   -9.0   -9.0   -9.0 -9 -9 19                       6   6    3 -         -9  -9  -9   234 -9.0 -9.00 -9   0.3   0.3  -1.2  -1.0  -1.1  -9 -9.0 -9  3  2
202602140300 108   5  1.3  -9 -9.0   -9 1008.7 1019.3  8  -0.2   5.0   2.5  84.0   7.3   -9.0   -9.0   -9.0   -9.0   -9.0   -9.0   -9.0 10 22 19                       9   9    5 Sc         0   0   5   234 -9.0 -9.00 -9   0.3   0.4  -1.2  -1.1  -1.0  -9 -9.0 -9  3  1
202602140400 108   5  1.5  -9 -9.0   -9 1008.2 1018.8 -9  -9.0   5.1   2.4  83.0   7.3   -9.0   -9.0   -9.0   -9.0   -9.0   -9.0   -9.0 10 22 19                       8   8    6 Sc         0   0   5   230 -9.0 -9.00 -9   0.3   0.4  -1.2  -1.1  -1.0  -9 -9.0 -9  3  1
202602140500 108   5  1.6  -9 -9.0   -9 1008.0 1018.6 -9  -9.0   5.1   2.4  83.0   7.3   -9.0   -9.0   -9.0   -9.0   -9.0   -9.0   -9.0 10 22 19                       8   8    6 Sc         0   0   5   223 -9.0 -9.00 -9   0.3   0.4  -1.2  -1.1  -1.0  -9 -9.0 -9  3  1
202602140600 108   2  1.5  -9 -9.0   -9 1007.9 1018.5  7  -0.8   4.7   2.2  84.0   7.2   -9.0   -9.0   -9.0   -9.0   -9.0   -9.0   -9.0 10 22 19                       9   9    6 Sc         0   0   5   200 -9.0 -9.00 -9   0.3   0.3  -1.2  -1.1  -1.0  -9 -9.0 -9  3  1
202602140700 108   5  1.2  -9 -9.0   -9 1007.7 1018.3 -9  -9.0   4.6   2.4  86.0   7.3   -9.0   -9.0   -9.0   -9.0   -9.0   -9.0   -9.0 10 22 19                       9   9    6 Sc         0   0   5   194 -9.0 -9.00 -9   0.4   0.3  -1.2  -1.1  -1.0  -9 -9.0 -9  3  1
202602140800 108   5  1.8  -9 -9.0   -9 1007.6 1018.2 -9  -9.0   4.6   2.6  87.0   7.4   -9.0   -9.0   -9.0   -9.0   -9.0   -9.0   -9.0 10 22 19                       8   6    6 ScCi       1   0   5   189  0.0  0.01 -9   0.4   0.4  -1.2  -1.1  -0.9  -9 -9.0 -9  3  1
202602140900 108   5  1.8  -9 -9.0   -9 1007.9 1018.5  4   0.0   5.2   3.2  87.0   7.7   -9.0   -9.0   -9.0   -9.0   -9.0   -9.0   -9.0 10 22 19                       9   9    6 Sc         0   0   5   214  0.0  0.20 -9   1.4   0.5  -1.2  -1.1  -1.0  -9 -9.0 -9  3  1
202602141000 108   5  2.1  -9 -9.0   -9 1007.9 1018.5 -9  -9.0   6.4   3.3  81.0   7.7   -9.0   -9.0   -9.0   -9.0   -9.0   -9.0   -9.0 10 22 19                       8   8    6 Sc         0   0   5   243  0.0  0.50 -9   5.3   0.8  -1.2  -1.0  -1.1  -9 -9.0 -9  3  1
202602141100 108   5  2.3  -9 -9.0   -9 1007.8 1018.3 -9  -9.0   8.0   4.0  76.0   8.1   -9.0   -9.0   -9.0   -9.0   -9.0   -9.0   -9.0 10 22 19                       8   8    6 Sc         0   0   5   281  0.1  0.82 -9   9.3   1.0  -1.2  -1.1  -1.0  -9 -9.0 -9  3  1
202602141200 108   5  2.6  -9 -9.0   -9 1007.4 1017.9  7  -0.6   8.6   3.6  71.0   7.9   -9.0   -9.0   -9.0   -9.0   -9.0   -9.0   -9.0 10 22 19                       8   8   10 Sc         0   0   5   300  0.0  0.66 -9   8.6   1.2  -1.2  -1.1  -1.0  -9 -9.0 -9  3  1
202602141300 108   5  1.3  -9 -9.0   -9 1006.3 1016.7 -9  -9.0  10.7   3.9  63.0   8.1   -9.0   -9.0   -9.0   -9.0   -9.0   -9.0   -9.0  5 22 4019                     7   7   13 Sc         0   0   5   364  0.5  1.85 -9  13.0   1.5  -1.2  -1.1  -1.0  -9 -9.0 -9  3  1
202602141400 108  18  2.2  -9 -9.0   -9 1005.2 1015.5 -9  -9.0  12.2   3.9  57.0   8.1   -9.0   -9.0   -9.0   -9.0   -9.0   -9.0   -9.0  5 22 40                       6   6    9 Sc         0   0   5   465  0.8  2.02 -9  12.9   1.7  -1.2  -1.2  -1.0  -9 -9.0 -9  3  1
202602141500 108  18  1.5  -9 -9.0   -9 1004.8 1015.1  7  -2.8  12.8   4.2  56.0   8.2   -9.0   -9.0   -9.0   -9.0   -9.0   -9.0   -9.0  5 22 40                       7   7   10 Sc         0   0   5   526  0.6  1.58 -9  11.1   1.9  -1.1  -1.1  -1.1  -9 -9.0 -9  3  1
202602141600 108  25  2.6  -9 -9.0   -9 1004.9 1015.2 -9  -9.0  12.1   4.3  59.0   8.3   -9.0   -9.0   -9.0   -9.0   -9.0   -9.0   -9.0  5 22 40                       7   7   10 Sc         0   0   5   934  0.0  0.56 -9   8.3   1.7  -1.1  -1.1  -1.0  -9 -9.0 -9  3  1
202602141700 108  27  2.0  -9 -9.0   -9 1004.8 1015.1 -9  -9.0  12.0   4.4  60.0   8.4   -9.0   -9.0   -9.0   -9.0   -9.0   -9.0   -9.0  5 22 40                       7   7    9 Sc         0   0   5   860  0.3  0.56 -9   7.0   1.5  -1.1  -1.0  -1.2  -9 -9.0 -9  3  1
202602141800 108  27  1.6  -9 -9.0   -9 1004.9 1015.2  1   0.1  11.0   4.4  64.0   8.4   -9.0   -9.0   -9.0   -9.0   -9.0   -9.0   -9.0  5 22 40                       7   7   10 Sc         0   0   5   912  0.0  0.19 -9   3.6   1.1  -1.2  -1.1  -1.0  -9 -9.0 -9  3  1
202602141900 108  25  0.9  -9 -9.0   -9 1005.3 1015.7 -9  -9.0  10.0   4.7  70.0   8.5   -9.0   -9.0   -9.0   -9.0   -9.0   -9.0   -9.0 -9 -9 40                       0   0   -9 -         -9  -9  -9   806  0.0  0.01 -9   1.5   0.7  -1.2  -1.1  -1.1  -9 -9.0 -9  3  2
202602142000 108  27  1.3  -9 -9.0   -9 1005.7 1016.1 -9  -9.0   9.3   5.0  75.0   8.7   -9.0   -9.0   -9.0   -9.0   -9.0   -9.0   -9.0 -9 -9 40                       0   0   -9 -         -9  -9  -9   611 -9.0 -9.00 -9   0.7   0.7  -1.2  -1.1  -1.0  -9 -9.0 -9  3  2
202602142100 108  29  1.1  -9 -9.0   -9 1006.2 1016.7  2   1.5   8.5   4.8  78.0   8.6   -9.0   -9.0   -9.0   -9.0   -9.0   -9.0   -9.0  5 11 40                       1   1   10 Sc         0   0   5   517 -9.0 -9.00 -9  -0.4   0.4  -1.2  -1.1  -1.0  -9 -9.0 -9  3  1
202602142200 108  27  1.1  -9 -9.0   -9 1006.4 1016.9 -9  -9.0   7.8   4.3  79.0   8.3   -9.0   -9.0   -9.0   -9.0   -9.0   -9.0   -9.0 -9 -9 4019                     0   0   -9 -         -9  -9  -9   433 -9.0 -9.00 -9  -0.3   0.4  -1.2  -1.1  -1.0  -9 -9.0 -9  3  2
202602142300 108  25  1.1  -9 -9.0   -9 1006.7 1017.2 -9  -9.0   7.2   4.4  83.0   8.4   -9.0   -9.0   -9.0   -9.0   -9.0   -9.0   -9.0 -9 -9 19                       0   0   -9 -         -9  -9  -9   346 -9.0 -9.00 -9   0.4   0.3  -1.2  -1.1  -1.1  -9 -9.0 -9  3  2
202602150000 108  27  1.9  -9 -9.0   -9 1007.0 1017.5  2   0.8   6.8   4.4  85.0   8.4   -9.0   -9.0   -9.0   -9.0   -9.0   -9.0   -9.0 10 22 19                       8   8    5 Sc         0   0   5   330 -9.0 -9.00 -9   0.4   0.3  -1.2  -1.1  -1.0  -9 -9.0 -9  3  1
202602150100 108  27  1.7  -9 -9.0   -9 1007.3 1017.8 -9  -9.0   7.4   4.8  84.0   8.6   -9.0   -9.0   -9.0   -9.0   -9.0   -9.0   -9.0 -9 -9 19                       9   9    5 -         -9  -9  -9   432 -9.0 -9.00 -9   0.9   0.6  -1.2  -1.1  -1.0  -9 -9.0 -9  3  2
202602150200 108  20  1.0  -9 -9.0   -9 1007.4 1017.9 -9  -9.0   7.5   4.7  83.0   8.5   -9.0   -9.0   -9.0   -9.0   -9.0   -9.0   -9.0 -9 -9 19                       9   9    5 -         -9  -9  -9   427 -9.0 -9.00 -9   1.8   0.7  -1.2  -1.1  -1.0  -9 -9.0 -9  3  2
202602150300 108  23  1.8  -9 -9.0   -9 1007.7 1018.2  2   0.7   7.5   4.7  83.0   8.5   -9.0   -9.0   -9.0   -9.0   -9.0   -9.0   -9.0 10 22 19                       9   9    5 Sc         0   0   5   383 -9.0 -9.00 -9   2.3   0.7  -1.2  -1.1  -1.0  -9 -9.0 -9  3  1
202602150400 108  32  1.1  -9 -9.0   -9 1007.6 1018.1 -9  -9.0   7.3   5.2  87.0   8.8   -9.0    0.0    0.0   -9.0   -9.0   -9.0   -9.0 50 52 1902                    10  10    4 St        -9  -9   7   333 -9.0 -9.00 -9   2.8   0.9  -1.2  -1.1  -1.0  -9 -9.0 -9  4  1
202602150500 108  29  2.3  -9 -9.0   -9 1007.9 1018.4 -9  -9.0   7.1   4.2  82.0   8.2   -9.0    0.0    0.0   -9.0   -9.0   -9.0   -9.0 20 52 1902                     9   9    5 Sc         0   0   5   529 -9.0 -9.00 -9   2.7   0.8  -1.2  -1.1  -1.0  -9 -9.0 -9  4  1
202602150600 108  32  1.1  -9 -9.0   -9 1008.3 1018.8  3   0.6   6.8   3.5  80.0   7.8    0.0    0.0    0.0   -9.0   -9.0   -9.0   -9.0 10 52 19                       9   9    5 Sc         0   0   5   609 -9.0 -9.00 -9   2.3   0.8  -1.2  -1.1  -1.0  -9 -9.0 -9  3  1
202602150700 108  32  1.3  -9 -9.0   -9 1009.0 1019.6 -9  -9.0   6.8   3.5  80.0   7.8   -9.0    0.0    0.0   -9.0   -9.0   -9.0   -9.0 10 22 19                       9   9    7 Sc         0   0   5   569 -9.0 -9.00 -9   2.2   0.8  -1.1  -1.1  -1.1  -9 -9.0 -9  3  1
202602150800 108  25  1.9  -9 -9.0   -9 1009.4 1020.0 -9  -9.0   6.7   3.4  80.0   7.8   -9.0    0.0    0.0   -9.0   -9.0   -9.0   -9.0 10 22 19                       9   9    7 Sc         0   0   5   512  0.0  0.02 -9   2.4   0.7  -1.2  -1.1  -1.1  -9 -9.0 -9  3  1
202602150900 108  27  2.8  -9 -9.0   -9 1010.0 1020.6  2   1.8   6.8   3.5  80.0   7.8   -9.0    0.0    0.0   -9.0   -9.0   -9.0   -9.0 10 22 19                       9   9    7 Sc         0   0   5   470  0.0  0.16 -9   3.8   0.9  -1.2  -1.2  -1.0  -9 -9.0 -9  3  1
202602151000 108  29  2.5  -9 -9.0   -9 1010.4 1021.0 -9  -9.0   7.3   3.5  77.0   7.8   -9.0    0.0    0.0   -9.0   -9.0   -9.0   -9.0 10 22 19                       8   8    8 Sc         0   0   5   456  0.2  0.62 -9   6.1   1.3  -1.1  -1.1  -1.0  -9 -9.0 -9  3  1
202602151100 108  29  3.2  -9 -9.0   -9 1010.5 1021.0 -9  -9.0   8.0   3.0  71.0   7.6   -9.0    0.0    0.0   -9.0   -9.0   -9.0   -9.0 10 22 19                       6   6   10 Sc         0   0   5   470  0.5  1.21 -9  10.4   1.7  -1.1  -1.2  -1.0  -9 -9.0 -9  3  1
202602151200 108  29  2.7  -9 -9.0   -9 1009.4 1019.9  8  -0.7   9.6   1.7  58.0   6.9   -9.0    0.0    0.0   -9.0   -9.0   -9.0   -9.0  5  0 4019                     0   0   -9 -         -9  -9  -9   650  1.0  2.06 -9  12.9   2.1  -1.0  -1.1  -1.1  -9 -9.0 -9  3  1
202602151300 108  29  3.4  -9 -9.0   -9 1008.8 1019.2 -9  -9.0  10.6  -2.1  41.0   5.2   -9.0    0.0    0.0   -9.0   -9.0   -9.0   -9.0 -9 -9 40                       0   0   -9 -         -9  -9  -9  1080  1.0  2.27 -9  14.0   2.6  -0.9  -1.2  -1.1  -9 -9.0 -9  3  2
202602151400 108  25  4.0  -9 -9.0   -9 1008.7 1019.1 -9  -9.0  11.3  -5.6  30.0   4.0   -9.0    0.0    0.0   -9.0   -9.0   -9.0   -9.0 -9 -9 -                        1   0   -9 Ci         1   0   0  1853  1.0  2.36 -9  12.4   2.8  -0.9  -1.2  -1.1  -9 -9.0 -9  3  2
202602151500 108  27  4.4  -9 -9.0   -9 1008.9 1019.3  5  -0.6  11.3  -6.1  29.0   3.9   -9.0    0.0    0.0   -9.0   -9.0   -9.0   -9.0 -9 -9 -                        0   0   -9 -         -9  -9  -9  1617  1.0  2.07 -9  10.6   2.8  -0.8  -1.2  -1.2  -9 -9.0 -9  3  2
202602151600 108  25  4.3  -9 -9.0   -9 1009.1 1019.5 -9  -9.0  10.6  -5.8  31.0   4.0   -9.0    0.0    0.0   -9.0   -9.0   -9.0   -9.0 -9 -9 -                        0   0   -9 -         -9  -9  -9  2697  1.0  1.69 -9   8.6   2.6  -0.8  -1.2  -1.1  -9 -9.0 -9  3  2
202602151700 108  29  3.5  -9 -9.0   -9 1009.4 1019.9 -9  -9.0   8.9  -9.1  27.0   3.1   -9.0    0.0    0.0   -9.0   -9.0   -9.0   -9.0 -9 -9 -                        2   0   -9 Ci         1   0   0  3475  1.0  0.97 -9   4.4   2.2  -0.9  -1.2  -1.2  -9 -9.0 -9  3  2
202602151800 108  27  3.2  -9 -9.0   -9 1009.8 1020.4  2   1.1   6.8  -8.0  34.0   3.3   -9.0    0.0    0.0   -9.0   -9.0   -9.0   -9.0 -9 -9 -                        8   0   -9 Ci         1   0   0  3074  0.5  0.30 -9   1.3   1.4  -1.0  -1.2  -1.1  -9 -9.0 -9  3  2
202602151900 108  29  3.8  -9 -9.0   -9 1010.8 1021.4 -9  -9.0   5.5  -7.3  39.0   3.5   -9.0    0.0    0.0   -9.0   -9.0   -9.0   -9.0 -9 -9 -                        6   1   -9 -         -9  -9  -9  3034  0.0  0.00 -9  -0.4   0.7  -1.1  -1.2  -1.1  -9 -9.0 -9  3 -9
202602152000 108  29  6.2  29 10.0 1952 1011.5 1022.2 -9  -9.0   4.4  -6.8  44.0   3.7   -9.0    0.0    0.0   -9.0   -9.0   -9.0   -9.0 -9 -9 -                        6   1   -9 -         -9  -9  -9  2762 -9.0 -9.00 -9   0.4   0.5  -1.2  -1.2  -1.0  -9 -9.0 -9  3 -9
202602152100 108  29  5.2  29 10.0 1952 1012.0 1022.7  2   2.3   3.3  -7.5  45.0   3.5   -9.0    0.0    0.0   -9.0   -9.0   -9.0   -9.0 -9 -9 -                        6   0   -9 Ci         1   0   0  2774 -9.0 -9.00 -9   0.3   0.3  -1.2  -1.1  -1.1  -9 -9.0 -9  3  2
202602152200 108  32  1.4  -9 -9.0   -9 1012.5 1023.3 -9  -9.0   2.1  -8.0  47.0   3.3   -9.0    0.0    0.0   -9.0   -9.0   -9.0   -9.0 -9 -9 -                        1   1   -9 -         -9  -9  -9  2917 -9.0 -9.00 -9   0.2   0.2  -1.2  -1.1  -1.1  -9 -9.0 -9  3 -9
202602152300 108  29  2.7  -9 -9.0   -9 1012.5 1023.3 -9  -9.0   1.3  -8.2  49.0   3.3   -9.0    0.0    0.0   -9.0   -9.0   -9.0   -9.0 -9 -9 -                        3   3   35 -         -9  -9  -9  3007 -9.0 -9.00 -9  -0.1   0.3  -1.2  -1.1  -1.0  -9 -9.0 -9  3 -9
202602160000 108  29  3.3  -9 -9.0   -9 1012.5 1023.3  1   0.6   0.7  -8.5  50.0   3.2   -9.0    0.0    0.0   -9.0   -9.0   -9.0   -9.0 -9 -9 -                        0   0   -9 -         -9  -9  -9  3080 -9.0 -9.00 -9  -0.4   0.2  -1.2  -1.1  -1.0  -9 -9.0 -9  3  2
202602160100 108  25  2.7  -9 -9.0   -9 1012.6 1023.5 -9  -9.0   0.1  -9.3  49.0   3.0   -9.0   -9.0   -9.0   -9.0   -9.0   -9.0   -9.0 -9 -9 -                        6   1   56 -         -9  -9  -9  3541 -9.0 -9.00 -9  -0.5   0.2  -1.2  -1.1  -1.0  -9 -9.0 -9  3 -9
202602160200 108  32  2.6  -9 -9.0   -9 1012.9 1023.8 -9  -9.0  -0.1  -9.0  51.0   3.1   -9.0   -9.0   -9.0   -9.0   -9.0   -9.0   -9.0 -9 -9 -                        6   6   54 -         -9  -9  -9  3167 -9.0 -9.00 -9  -0.6   0.1  -1.2  -1.1  -1.0  -9 -9.0 -9  3 -9
202602160300 108  29  2.9  -9 -9.0   -9 1013.5 1024.4  2   1.1  -0.1  -9.2  50.0   3.0   -9.0   -9.0   -9.0   -9.0   -9.0   -9.0   -9.0 -9 -9 -                        9   0   -9 Ci         1   0   0  3103 -9.0 -9.00 -9  -0.4   0.2  -1.2  -1.1  -1.1  -9 -9.0 -9  3  2
202602160400 108  29  2.8  -9 -9.0   -9 1013.0 1023.9 -9  -9.0  -0.3  -9.7  49.0   2.9   -9.0   -9.0   -9.0   -9.0   -9.0   -9.0   -9.0 -9 -9 -                        9   0   -9 Ci         1   0   0  3237 -9.0 -9.00 -9  -0.5   0.3  -1.2  -1.1  -0.9  -9 -9.0 -9  3  2
202602160500 108  29  1.3  -9 -9.0   -9 1013.0 1023.9 -9  -9.0  -0.8  -9.9  50.0   2.9   -9.0   -9.0   -9.0   -9.0   -9.0   -9.0   -9.0 -9 -9 -                        9   0   -9 Ci         1   0   0  3005 -9.0 -9.00 -9  -0.6   0.2  -1.2  -1.1  -1.0  -9 -9.0 -9  3  2
202602160600 108  27  2.3  -9 -9.0   -9 1013.8 1024.7  3   0.3  -1.1  -9.7  52.0   2.9   -9.0   -9.0   -9.0   -9.0   -9.0   -9.0   -9.0 -9 -9 -                        9   0   -9 Ci         1   0   0  2848 -9.0 -9.00 -9  -0.8   0.2  -1.2  -1.1  -1.0  -9 -9.0 -9  3  2
202602160700 108  29  2.9  -9 -9.0   -9 1014.3 1025.2 -9  -9.0  -1.3  -9.9  52.0   2.9   -9.0   -9.0   -9.0   -9.0   -9.0   -9.0   -9.0 -9 -9 -                        5   0   -9 Ci         1   0   0  2897 -9.0 -9.00 -9  -1.1   0.2  -1.2  -1.1  -1.0  -9 -9.0 -9  3  2
202602160800 108  29  2.6  -9 -9.0   -9 1014.7 1025.7 -9  -9.0  -1.6 -10.1  52.0   2.8   -9.0   -9.0   -9.0   -9.0   -9.0   -9.0   -9.0 -9 -9 -                        1   0   -9 Ci         1   0   0  2999  0.0  0.03 -9  -1.1   0.1  -1.2  -1.0  -1.0  -9 -9.0 -9  3  2
202602160900 108  29  2.7  -9 -9.0   -9 1015.0 1025.9  2   1.2  -0.8 -10.2  49.0   2.8   -9.0   -9.0   -9.0   -9.0   -9.0   -9.0   -9.0 -9 -9 -                        0   0   -9 -         -9  -9  -9  2984  0.9  0.54 -9   0.0   0.2  -1.2  -1.1  -1.0  -9 -9.0 -9  3  2
202602161000 108  29  2.5  -9 -9.0   -9 1015.3 1026.2 -9  -9.0   0.9 -10.0  44.0   2.9   -9.0   -9.0   -9.0   -9.0   -9.0   -9.0   -9.0 -9 -9 -                        1   0   -9 Ci         1   0   0  2754  1.0  1.35 -9   0.6   0.2  -1.2  -1.0  -1.0  -9 -9.0 -9  3  2
202602161100 108  27  1.2  -9 -9.0   -9 1014.7 1025.5 -9  -9.0   3.2  -9.1  40.0   3.1   -9.0   -9.0   -9.0   -9.0   -9.0   -9.0   -9.0 -9 -9 -                        0   0   -9 -         -9  -9  -9  2739  1.0  1.94 -9   3.9   0.5  -1.2  -1.1  -1.0  -9 -9.0 -9  3  2
202602161200 108  25  1.3  -9 -9.0   -9 1014.1 1024.8  8  -1.1   5.2  -8.3  37.0   3.3   -9.0   -9.0   -9.0   -9.0   -9.0   -9.0   -9.0 -9 -9 -                        1   0   -9 Ci         1   0   0  3230  1.0  2.34 -9   6.6   0.9  -1.1  -1.1  -1.0  -9 -9.0 -9  3  2
202602161300 108  29  3.0  -9 -9.0   -9 1013.2 1023.8 -9  -9.0   6.1  -7.8  36.0   3.4   -9.0   -9.0   -9.0   -9.0   -9.0   -9.0   -9.0 -9 -9 -                        1   0   -9 Ci         1   0   0  2890  1.0  2.54 -9   9.1   1.1  -1.1  -1.1  -1.0  -9 -9.0 -9  3  2
202602161400 108  27  2.1  -9 -9.0   -9 1012.3 1022.9 -9  -9.0   7.2  -6.9  36.0   3.6   -9.0   -9.0   -9.0   -9.0   -9.0   -9.0   -9.0 -9 -9 -                        1   0   -9 Ci         1   0   0  2790  1.0  2.53 -9   9.6   1.2  -1.1  -1.1  -1.0  -9 -9.0 -9  3  2
202602161500 108  27  2.8  -9 -9.0   -9 1012.1 1022.7  7  -2.1   7.7  -7.2  34.0   3.6   -9.0   -9.0   -9.0   -9.0   -9.0   -9.0   -9.0 -9 -9 -                        1   0   -9 Ci         1   0   0  2451  1.0  2.21 -9   9.0   1.4  -1.0  -1.1  -1.0  -9 -9.0 -9  3  2
202602161600 108  27  3.1  -9 -9.0   -9 1011.9 1022.4 -9  -9.0   8.4  -6.5  34.0   3.8   -9.0   -9.0   -9.0   -9.0   -9.0   -9.0   -9.0 -9 -9 -                        0   0   -9 -         -9  -9  -9  2698  1.0  1.76 -9   7.6   1.6  -1.0  -1.1  -1.0  -9 -9.0 -9  3  2
202602161700 108  27  3.0  -9 -9.0   -9 1012.2 1022.8 -9  -9.0   7.5  -6.2  37.0   3.8   -9.0   -9.0   -9.0   -9.0   -9.0   -9.0   -9.0 -9 -9 -                        1   0   -9 Ci         1   0   0  3039  1.0  0.99 -9   3.7   1.5  -1.0  -1.1  -1.1  -9 -9.0 -9  3  2
202602161800 108  25  4.1  -9 -9.0   -9 1013.2 1023.9  3   1.2   5.5  -7.7  38.0   3.4   -9.0   -9.0   -9.0   -9.0   -9.0   -9.0   -9.0 -9 -9 -                        2   0   -9 Ci         1   0   0  3099  0.7  0.33 -9   0.8   1.0  -1.0  -1.1  -1.0  -9 -9.0 -9  3  2
202602161900 108  27  2.9  -9 -9.0   -9 1013.6 1024.3 -9  -9.0   4.1  -8.9  38.0   3.1   -9.0   -9.0   -9.0   -9.0   -9.0   -9.0   -9.0 -9 -9 -                        5   0   -9 -         -9  -9  -9  3349  0.0  0.01 -9   0.6   0.4  -1.1  -1.1  -1.0  -9 -9.0 -9  3 -9
202602162000 108  29  2.3  -9 -9.0   -9 1013.9 1024.6 -9  -9.0   3.6  -9.0  39.0   3.1   -9.0   -9.0   -9.0   -9.0   -9.0   -9.0   -9.0 -9 -9 -                        5   0   -9 -         -9  -9  -9  3114 -9.0 -9.00 -9   0.4   0.3  -1.2  -1.0  -1.1  -9 -9.0 -9  3 -9
202602162100 108  27  2.0  -9 -9.0   -9 1014.0 1024.8  2   0.9   2.7  -9.5  40.0   3.0   -9.0   -9.0   -9.0   -9.0   -9.0   -9.0   -9.0 -9 -9 -                        4   0   -9 Ci         1   0   0  3119 -9.0 -9.00 -9   0.2   0.2  -1.2  -1.1  -1.0  -9 -9.0 -9  3  2
202602162200 108  27  1.7  -9 -9.0   -9 1014.2 1025.0 -9  -9.0   1.6  -9.3  44.0   3.0   -9.0   -9.0   -9.0   -9.0   -9.0   -9.0   -9.0 -9 -9 -                        0   0   -9 -         -9  -9  -9  2719 -9.0 -9.00 -9  -0.1   0.2  -1.2  -1.1  -1.0  -9 -9.0 -9  3 -9
202602162300 108  27  1.8  -9 -9.0   -9 1014.6 1025.5 -9  -9.0   0.7  -9.6  46.0   3.0   -9.0   -9.0   -9.0   -9.0   -9.0   -9.0   -9.0 -9 -9 -                        0   0   -9 -         -9  -9  -9  2472 -9.0 -9.00 -9  -0.3   0.2  -1.2  -1.1  -0.9  -9 -9.0 -9  3 -9
202602170000 108  27  1.6  -9 -9.0   -9 1014.3 1025.2  0   0.4  -0.1  -9.5  49.0   3.0   -9.0   -9.0   -9.0   -9.0   -9.0   -9.0   -9.0 -9 -9 -                        0   0   -9 -         -9  -9  -9  2562 -9.0 -9.00 -9  -0.5   0.2  -1.2  -1.1  -1.0  -9 -9.0 -9  3  2
202602170100 108  32  0.9  -9 -9.0   -9 1014.2 1025.1 -9  -9.0  -0.8  -9.6  51.0   3.0   -9.0   -9.0   -9.0   -9.0   -9.0   -9.0   -9.0 -9 -9 -                        0   0   -9 -         -9  -9  -9  2586 -9.0 -9.00 -9  -0.8   0.2  -1.2  -1.0  -0.9  -9 -9.0 -9  3 -9
202602170200 108  27  1.5  -9 -9.0   -9 1014.4 1025.3 -9  -9.0  -1.2  -9.5  53.0   3.0   -9.0   -9.0   -9.0   -9.0   -9.0   -9.0   -9.0 -9 -9 -                        0   0   -9 -         -9  -9  -9  2546 -9.0 -9.00 -9  -1.0   0.1  -1.1  -1.0  -1.0  -9 -9.0 -9  3 -9
202602170300 108  25  1.7  -9 -9.0   -9 1014.6 1025.6  3   0.4  -1.9  -9.3  57.0   3.0   -9.0   -9.0   -9.0   -9.0   -9.0   -9.0   -9.0 -9 -9 -                        4   0   -9 Ci         1   0   0  2498 -9.0 -9.00 -9  -1.1   0.1  -1.1  -1.0  -0.9  -9 -9.0 -9  3  2
202602170400 108  25  2.1  -9 -9.0   -9 1014.1 1025.1 -9  -9.0  -1.9  -9.0  58.0   3.1   -9.0   -9.0   -9.0   -9.0   -9.0   -9.0   -9.0 -9 -9 -                        0   0   -9 -         -9  -9  -9  2626 -9.0 -9.00 -9  -1.3   0.1  -1.1  -0.9  -0.8  -9 -9.0 -9  3  2
202602170500 108  25  2.0  -9 -9.0   -9 1013.9 1024.9 -9  -9.0  -2.2  -9.1  59.0   3.1   -9.0   -9.0   -9.0   -9.0   -9.0   -9.0   -9.0 -9 -9 -                        0   0   -9 -         -9  -9  -9  2608 -9.0 -9.00 -9  -1.4   0.1  -1.0  -0.9  -0.8  -9 -9.0 -9  3  2
202602170600 108  27  1.1  -9 -9.0   -9 1013.9 1024.9  6  -0.7  -2.9  -9.1  62.0   3.1   -9.0   -9.0   -9.0   -9.0   -9.0   -9.0   -9.0 -9 -9 -                        0   0   -9 -         -9  -9  -9  2548 -9.0 -9.00 -9  -1.7   0.1  -1.0  -0.9  -0.8  -9 -9.0 -9  3  2
202602170700 108  27  2.2  -9 -9.0   -9 1013.6 1024.6 -9  -9.0  -3.0  -8.8  64.0   3.1   -9.0   -9.0   -9.0   -9.0   -9.0   -9.0   -9.0 -9 -9 -                        0   0   -9 -         -9  -9  -9  2795 -9.0 -9.00 -9  -1.8   0.1  -1.0  -0.8  -0.8  -9 -9.0 -9  3  2
202602170800 108  27  1.3  -9 -9.0   -9 1014.2 1025.2 -9  -9.0  -3.1  -9.1  63.0   3.1   -9.0   -9.0   -9.0   -9.0   -9.0   -9.0   -9.0 -9 -9 -                        0   0   -9 -         -9  -9  -9  2713  0.0  0.05 -9  -1.5   0.1  -0.9  -0.7  -0.8  -9 -9.0 -9  3  2
202602170900 108  29  1.5  -9 -9.0   -9 1014.4 1025.4  3   0.5  -1.6  -9.9  53.0   2.9   -9.0   -9.0   -9.0   -9.0   -9.0   -9.0   -9.0 -9 -9 -                        0   0   -9 -         -9  -9  -9  3171  1.0  0.63 -9   0.0   0.3  -1.0  -0.8  -0.7  -9 -9.0 -9  3  2
202602171000 108  29  2.5  -9 -9.0   -9 1014.0 1024.9 -9  -9.0   0.7 -11.3  40.0   2.6   -9.0   -9.0   -9.0   -9.0   -9.0   -9.0   -9.0 -9 -9 -                        0   0   -9 -         -9  -9  -9  3556  1.0  1.44 -9   0.8   0.4  -1.1  -1.0  -1.1  -9 -9.0 -9  3  2
202602171100 108  29  2.0  -9 -9.0   -9 1013.5 1024.2 -9  -9.0   3.3 -11.1  34.0   2.6   -9.0   -9.0   -9.0   -9.0   -9.0   -9.0   -9.0 -9 -9 -                        0   0   -9 -         -9  -9  -9  3345  1.0  2.05 -9   4.3   0.6  -1.1  -1.0  -1.0  -9 -9.0 -9  3  2
202602171200 108  23  2.4  -9 -9.0   -9 1013.0 1023.7  7  -1.7   5.2 -12.3  27.0   2.4   -9.0   -9.0   -9.0   -9.0   -9.0   -9.0   -9.0 -9 -9 -                        0   0   -9 -         -9  -9  -9  3728  1.0  2.51 -9   7.0   0.9  -1.1  -1.0  -1.0  -9 -9.0 -9  3  2
202602171300 108  23  2.9  -9 -9.0   -9 1012.0 1022.6 -9  -9.0   6.6 -12.0  25.0   2.4   -9.0   -9.0   -9.0   -9.0   -9.0   -9.0   -9.0 -9 -9 -                        0   0   -9 -         -9  -9  -9  3788  1.0  2.70 -9   8.8   1.1  -1.1  -1.0  -1.0  -9 -9.0 -9  3  2
202602171400 108  27  2.2  -9 -9.0   -9 1011.0 1021.5 -9  -9.0   7.5 -14.0  20.0   2.1   -9.0   -9.0   -9.0   -9.0   -9.0   -9.0   -9.0 -9 -9 -                        0   0   -9 -         -9  -9  -9  3785  1.0  2.68 -9   8.2   1.2  -1.1  -1.0  -0.9  -9 -9.0 -9  3  2
202602171500 108  23  3.1  -9 -9.0   -9 1010.3 1020.8  7  -2.9   8.7 -12.4  21.0   2.4   -9.0   -9.0   -9.0   -9.0   -9.0   -9.0   -9.0 -9 -9 -                        0   0   -9 -         -9  -9  -9  3859  1.0  2.39 -9   8.2   1.2  -1.1  -1.0  -1.0  -9 -9.0 -9  3  2
202602171600 108  25  4.2  -9 -9.0   -9 1010.2 1020.7 -9  -9.0   7.4 -10.4  27.0   2.8   -9.0   -9.0   -9.0   -9.0   -9.0   -9.0   -9.0 -9 -9 -                        0   0   -9 -         -9  -9  -9  3766  1.0  1.86 -9   6.4   1.1  -1.1  -1.0  -0.9  -9 -9.0 -9  3  2
202602171700 108  25  3.6  -9 -9.0   -9 1010.0 1020.6 -9  -9.0   6.0  -9.8  31.0   2.9   -9.0   -9.0   -9.0   -9.0   -9.0   -9.0   -9.0 -9 -9 -                        0   0   -9 -         -9  -9  -9  3559  1.0  1.18 -9   2.3   0.8  -1.1  -1.0  -1.0  -9 -9.0 -9  3  2
202602171800 108  25  3.1  -9 -9.0   -9 1010.2 1020.9  3   0.1   3.7  -7.7  43.0   3.4   -9.0   -9.0   -9.0   -9.0   -9.0   -9.0   -9.0 -9 -9 -                        0   0   -9 -         -9  -9  -9  3642  0.8  0.37 -9   0.6   0.4  -1.1  -1.0  -1.0  -9 -9.0 -9  3  2
202602171900 108  23  3.0  -9 -9.0   -9 1010.6 1021.3 -9  -9.0   2.6  -5.0  57.0   4.2   -9.0   -9.0   -9.0   -9.0   -9.0   -9.0   -9.0 -9 -9 -                        0   0   -9 -         -9  -9  -9  2999  0.0  0.01 -9   0.5   0.3  -1.1  -1.0  -0.9  -9 -9.0 -9  3 -9
202602172000 108  25  3.0  -9 -9.0   -9 1010.7 1021.5 -9  -9.0   2.0  -4.3  63.0   4.4   -9.0   -9.0   -9.0   -9.0   -9.0   -9.0   -9.0 -9 -9 -                        0   0   -9 -         -9  -9  -9  2531 -9.0 -9.00 -9   0.3   0.2  -1.1  -1.0  -0.9  -9 -9.0 -9  3 -9
202602172100 108  25  2.1  -9 -9.0   -9 1011.1 1021.9  2   1.0   1.4  -3.8  68.0   4.6   -9.0   -9.0   -9.0   -9.0   -9.0   -9.0   -9.0 -9 -9 -                        0   0   -9 -         -9  -9  -9  2543 -9.0 -9.00 -9   0.1   0.3  -1.2  -1.0  -0.9  -9 -9.0 -9  3  2
202602172200 108  23  2.4  -9 -9.0   -9 1011.4 1022.2 -9  -9.0   1.6  -2.9  72.0   4.9   -9.0   -9.0   -9.0   -9.0   -9.0   -9.0   -9.0 -9 -9 -                        0   0   -9 -         -9  -9  -9  2735 -9.0 -9.00 -9   0.0   0.3  -1.1  -1.0  -1.0  -9 -9.0 -9  3 -9
202602172300 108  20  2.6  -9 -9.0   -9 1011.0 1021.8 -9  -9.0   1.3  -2.4  76.0   5.1   -9.0   -9.0   -9.0   -9.0   -9.0   -9.0   -9.0 -9 -9 -                        0   0   -9 -         -9  -9  -9  2114 -9.0 -9.00 -9  -0.1   0.2  -1.2  -1.0  -0.9  -9 -9.0 -9  3 -9
202602180000 108  20  2.7  -9 -9.0   -9 1010.5 1021.3  8  -0.6   1.1  -2.1  79.0   5.2   -9.0   -9.0   -9.0   -9.0   -9.0   -9.0   -9.0 -9 -9 -                        0   0   -9 -         -9  -9  -9  1783 -9.0 -9.00 -9  -0.2   0.2  -1.1  -1.0  -0.9  -9 -9.0 -9  3  2
202602180100 108  20  2.0  -9 -9.0   -9 1010.0 1020.8 -9  -9.0   1.0  -2.2  79.0   5.2   -9.0   -9.0   -9.0   -9.0   -9.0   -9.0   -9.0 -9 -9 -                        0   0   -9 -         -9  -9  -9  1559 -9.0 -9.00 -9  -0.3   0.2  -1.1  -1.0  -0.9  -9 -9.0 -9  3 -9
202602180200 108  20  2.0  -9 -9.0   -9 1009.9 1020.7 -9  -9.0   0.5  -2.3  81.0   5.2   -9.0   -9.0   -9.0   -9.0   -9.0   -9.0   -9.0 -9 -9 -                        0   0   -9 -         -9  -9  -9  1450 -9.0 -9.00 -9  -0.4   0.2  -1.1  -1.0  -0.8  -9 -9.0 -9  3 -9
202602180300 108  20  1.6  -9 -9.0   -9 1009.5 1020.3  7  -1.0   0.1  -2.9  80.0   4.9   -9.0   -9.0   -9.0   -9.0   -9.0   -9.0   -9.0 -9 -9 -                        0   0   -9 -         -9  -9  -9  1308 -9.0 -9.00 -9  -0.6   0.2  -1.1  -0.9  -1.0  -9 -9.0 -9  3  2
202602180400 108  25  1.7  -9 -9.0   -9 1009.1 1019.9 -9  -9.0   0.2  -2.1  84.0   5.2   -9.0   -9.0   -9.0   -9.0   -9.0   -9.0   -9.0 -9 -9 -                        0   0   -9 -         -9  -9  -9  1202 -9.0 -9.00 -9  -0.6   0.2  -1.1  -1.0  -0.9  -9 -9.0 -9  3  2
202602180500 108  25  1.6  -9 -9.0   -9 1008.8 1019.6 -9  -9.0  -0.1  -2.6  83.0   5.0   -9.0   -9.0   -9.0   -9.0   -9.0   -9.0   -9.0 -9 -9 -                        0   0   -9 -         -9  -9  -9  1017 -9.0 -9.00 -9  -0.7   0.2  -1.1  -0.9  -0.8  -9 -9.0 -9  3  2
202602180600 108  27  1.3  -9 -9.0   -9 1008.7 1019.5  7  -0.8  -0.4  -2.6  85.0   5.0   -9.0   -9.0   -9.0   -9.0   -9.0   -9.0   -9.0 10  0 19                       0   0   -9 -         -9  -9  -9   906 -9.0 -9.00 -9  -0.8   0.2  -1.1  -0.9  -0.8  -9 -9.0 -9  3  1
202602180700 108   0  0.4  -9 -9.0   -9 1008.9 1019.8 -9  -9.0  -0.7  -2.7  86.0   5.0   -9.0   -9.0   -9.0   -9.0   -9.0   -9.0   -9.0 10  0 19                       0   0   -9 -         -9  -9  -9   816 -9.0 -9.00 -9  -0.9   0.2  -1.0  -0.9  -0.9  -9 -9.0 -9  3  1
202602180800 108  29  0.6  -9 -9.0   -9 1009.5 1020.4 -9  -9.0  -0.4  -1.9  89.0   5.3   -9.0   -9.0   -9.0   -9.0   -9.0   -9.0   -9.0 10  0 19                       0   0   -9 -         -9  -9  -9   577  0.0  0.05 -9  -0.6   0.2  -1.0  -0.9  -0.9  -9 -9.0 -9  3  1
202602180900 108  27  1.8  -9 -9.0   -9 1010.1 1020.9  2   1.4   1.1  -1.6  82.0   5.4   -9.0   -9.0   -9.0   -9.0   -9.0   -9.0   -9.0 10  0 19                       0   0   -9 -         -9  -9  -9   730  1.0  0.53 -9   0.3   0.3  -1.1  -1.0  -1.0  -9 -9.0 -9  3  1
202602181000 108  29  3.1  -9 -9.0   -9 1010.7 1021.4 -9  -9.0   2.8  -4.2  60.0   4.5   -9.0   -9.0   -9.0   -9.0   -9.0   -9.0   -9.0 -9 -9 19                       0   0   -9 -         -9  -9  -9  1066  1.0  1.27 -9   1.0   0.4  -1.1  -0.9  -1.0  -9 -9.0 -9  3  2
202602181100 108  32  3.2  -9 -9.0   -9 1011.0 1021.7 -9  -9.0   4.1  -8.3  40.0   3.3   -9.0   -9.0   -9.0   -9.0   -9.0   -9.0   -9.0 -9 -9 -                        0   0   -9 -         -9  -9  -9  1849  1.0  1.94 -9   4.3   0.7  -1.1  -1.0  -0.9  -9 -9.0 -9  3  2
202602181200 108  27  4.3  -9 -9.0   -9 1011.1 1021.8  2   0.9   5.0  -8.5  37.0   3.2   -9.0   -9.0   -9.0   -9.0   -9.0   -9.0   -9.0 -9 -9 -                        0   0   -9 -         -9  -9  -9  2093  1.0  2.42 -9   6.7   0.9  -1.1  -1.0  -1.0  -9 -9.0 -9  3  2
202602181300 108  29  2.2  -9 -9.0   -9 1010.7 1021.3 -9  -9.0   6.6  -9.3  31.0   3.0   -9.0   -9.0   -9.0   -9.0   -9.0   -9.0   -9.0 -9 -9 -                        0   0   -9 -         -9  -9  -9  2399  1.0  2.67 -9   9.4   1.1  -1.1  -1.0  -1.0  -9 -9.0 -9  3  2
202602181400 108  27  3.6  -9 -9.0   -9 1010.3 1020.9 -9  -9.0   7.0  -9.8  29.0   2.9   -9.0   -9.0   -9.0   -9.0   -9.0   -9.0   -9.0 -9 -9 -                        0   0   -9 -         -9  -9  -9  3114  1.0  2.64 -9   9.3   1.2  -1.1  -1.0  -0.9  -9 -9.0 -9  3  2
202602181500 108  29  3.8  -9 -9.0   -9 1010.5 1021.1  5  -0.7   6.8 -10.9  27.0   2.7   -9.0   -9.0   -9.0   -9.0   -9.0   -9.0   -9.0 -9 -9 -                        0   0   -9 -         -9  -9  -9  3122  1.0  2.36 -9   8.4   1.2  -1.0  -1.0  -0.9  -9 -9.0 -9  3  2
202602181600 108  27  4.4  -9 -9.0   -9 1011.0 1021.6 -9  -9.0   7.0 -10.7  27.0   2.7   -9.0   -9.0   -9.0   -9.0   -9.0   -9.0   -9.0 -9 -9 -                        0   0   -9 -         -9  -9  -9  3522  1.0  1.86 -9   6.9   1.1  -1.0  -1.0  -1.0  -9 -9.0 -9  3  2
202602181700 108  29  3.5  -9 -9.0   -9 1011.2 1021.8 -9  -9.0   6.1 -11.0  28.0   2.6   -9.0   -9.0   -9.0   -9.0   -9.0   -9.0   -9.0 -9 -9 -                        0   0   -9 -         -9  -9  -9  3372  1.0  1.15 -9   2.9   0.9  -1.0  -1.0  -0.9  -9 -9.0 -9  3  2
202602181800 108  27  2.9  -9 -9.0   -9 1012.1 1022.8  2   1.7   4.7 -10.6  32.0   2.7   -9.0   -9.0   -9.0   -9.0   -9.0   -9.0   -9.0 -9 -9 -                        0   0   -9 -         -9  -9  -9  3606  0.8  0.39 -9   0.7   0.6  -1.1  -1.0  -0.9  -9 -9.0 -9  3  2
202602181900 108  23  2.2  -9 -9.0   -9 1012.8 1023.5 -9  -9.0   3.5  -8.5  41.0   3.2   -9.0   -9.0   -9.0   -9.0   -9.0   -9.0   -9.0 -9 -9 -                        0   0   -9 -         -9  -9  -9  3534  0.0  0.01 -9   0.5   0.3  -1.1  -1.0  -0.9  -9 -9.0 -9  3 -9
202602182000 108  25  3.0  -9 -9.0   -9 1013.2 1024.0 -9  -9.0   2.6  -8.1  45.0   3.3   -9.0   -9.0   -9.0   -9.0   -9.0   -9.0   -9.0 -9 -9 -                        0   0   -9 -         -9  -9  -9  4001 -9.0 -9.00 -9   0.3   0.2  -1.1  -1.0  -1.0  -9 -9.0 -9  3 -9
202602182100 108  29  2.1  -9 -9.0   -9 1013.2 1024.0  1   1.2   1.8  -8.3  47.0   3.3   -9.0   -9.0   -9.0   -9.0   -9.0   -9.0   -9.0 -9 -9 -                        0   0   -9 -         -9  -9  -9  3820 -9.0 -9.00 -9   0.1   0.3  -1.1  -1.1  -1.0  -9 -9.0 -9  3  2
202602182200 108  27  2.7  -9 -9.0   -9 1013.6 1024.4 -9  -9.0   1.3  -8.7  47.0   3.2   -9.0   -9.0   -9.0   -9.0   -9.0   -9.0   -9.0 -9 -9 -                        0   0   -9 -         -9  -9  -9  3101 -9.0 -9.00 -9  -0.2   0.3  -1.1  -1.0  -0.9  -9 -9.0 -9  3 -9
202602182300 108  25  2.1  -9 -9.0   -9 1013.5 1024.4 -9  -9.0   0.4  -8.5  51.0   3.2   -9.0   -9.0   -9.0   -9.0   -9.0   -9.0   -9.0 -9 -9 -                        0   0   -9 -         -9  -9  -9  2963 -9.0 -9.00 -9  -0.4   0.2  -1.1  -1.0  -0.9  -9 -9.0 -9  3 -9
202602190000 108  27  1.6  -9 -9.0   -9 1013.9 1024.8  2   0.8  -0.3  -8.2  55.0   3.3   -9.0   -9.0   -9.0   -9.0   -9.0   -9.0   -9.0 -9 -9 -                        0   0   -9 -         -9  -9  -9  2811 -9.0 -9.00 -9  -0.6   0.2  -1.1  -1.0  -0.9  -9 -9.0 -9  3  2
202602190100 108  27  1.8  -9 -9.0   -9 1014.4 1025.3 -9  -9.0  -0.6  -7.8  58.0   3.4   -9.0   -9.0   -9.0   -9.0   -9.0   -9.0   -9.0 -9 -9 -                        0   0   -9 -         -9  -9  -9  2775 -9.0 -9.00 -9  -0.7   0.2  -1.1  -0.9  -0.9  -9 -9.0 -9  3 -9
202602190200 108  27  2.8  -9 -9.0   -9 1015.1 1026.0 -9  -9.0  -0.8  -7.8  59.0   3.4   -9.0   -9.0   -9.0   -9.0   -9.0   -9.0   -9.0 -9 -9 -                        0   0   -9 -         -9  -9  -9  2847 -9.0 -9.00 -9  -0.8   0.2  -1.0  -0.9  -0.8  -9 -9.0 -9  3 -9
202602190300 108  27  1.8  -9 -9.0   -9 1015.2 1026.2  2   1.4  -1.3  -7.8  61.0   3.4   -9.0   -9.0   -9.0   -9.0   -9.0   -9.0   -9.0 -9 -9 -                        0   0   -9 -         -9  -9  -9  2927 -9.0 -9.00 -9  -1.0   0.2  -1.0  -0.9  -0.8  -9 -9.0 -9  3  2
202602190400 108  27  0.7  -9 -9.0   -9 1014.6 1025.6 -9  -9.0  -2.2  -8.7  61.0   3.2   -9.0   -9.0   -9.0   -9.0   -9.0   -9.0   -9.0 -9 -9 -                        0   0   -9 -         -9  -9  -9  3009 -9.0 -9.00 -9  -1.3   0.1  -1.0  -0.8  -0.8  -9 -9.0 -9  3  2
202602190500 108  36  1.7  -9 -9.0   -9 1014.4 1025.4 -9  -9.0  -2.5  -8.3  64.0   3.3   -9.0   -9.0   -9.0   -9.0   -9.0   -9.0   -9.0 -9 -9 -                        0   0   -9 -         -9  -9  -9  2987 -9.0 -9.00 -9  -1.4   0.1  -0.9  -0.8  -0.8  -9 -9.0 -9  3  2
202602190600 108   5  2.3  -9 -9.0   -9 1014.4 1025.4  6  -0.8  -3.2  -8.8  65.0   3.1   -9.0   -9.0   -9.0   -9.0   -9.0   -9.0   -9.0 -9 -9 -                        0   0   -9 -         -9  -9  -9  2888 -9.0 -9.00 -9  -1.6   0.1  -0.9  -0.7  -0.7  -9 -9.0 -9  3  2
202602190700 108  32  1.2  -9 -9.0   -9 1014.7 1025.7 -9  -9.0  -3.0  -8.0  68.0   3.3   -9.0   -9.0   -9.0   -9.0   -9.0   -9.0   -9.0 -9 -9 -                        0   0   -9 -         -9  -9  -9  2801 -9.0 -9.00 -9  -1.7   0.1  -0.9  -0.7  -0.7  -9 -9.0 -9  3  2
202602190800 108  27  1.1  -9 -9.0   -9 1015.1 1026.1 -9  -9.0  -2.6  -7.5  69.0   3.5   -9.0   -9.0   -9.0   -9.0   -9.0   -9.0   -9.0 -9 -9 -                        0   0   -9 -         -9  -9  -9  2648  0.2  0.07 -9  -1.4   0.2  -0.8  -0.6  -0.7  -9 -9.0 -9  3  2
202602190900 108   7  0.9  -9 -9.0   -9 1015.4 1026.3  2   0.9  -0.7  -6.2  66.0   3.8   -9.0   -9.0   -9.0   -9.0   -9.0   -9.0   -9.0 -9 -9 -                        0   0   -9 -         -9  -9  -9  2336  1.0  0.62 -9   0.2   0.3  -0.9  -0.7  -0.7  -9 -9.0 -9  3  2
202602191000 108  18  2.1  -9 -9.0   -9 1015.1 1025.9 -9  -9.0   2.3  -5.1  58.0   4.2   -9.0   -9.0   -9.0   -9.0   -9.0   -9.0   -9.0 -9 -9 -                        0   0   -9 -         -9  -9  -9  2209  1.0  1.39 -9   1.1   0.4  -1.1  -0.9  -0.9  -9 -9.0 -9  3  2
202602191100 108  25  1.7  -9 -9.0   -9 1015.1 1025.8 -9  -9.0   3.9  -6.6  46.0   3.7   -9.0   -9.0   -9.0   -9.0   -9.0   -9.0   -9.0 -9 -9 -                        0   0   -9 -         -9  -9  -9  2369  1.0  2.02 -9   4.7   0.8  -1.1  -0.9  -0.8  -9 -9.0 -9  3  2
202602191200 108  20  2.7  -9 -9.0   -9 1014.9 1025.6  7  -0.7   5.8  -6.7  40.0   3.7   -9.0   -9.0   -9.0   -9.0   -9.0   -9.0   -9.0 -9 -9 -                        0   0   -9 -         -9  -9  -9  3146  1.0  2.47 -9   7.4   1.0  -1.0  -1.0  -0.9  -9 -9.0 -9  3  2
202602191300 108  23  3.3  -9 -9.0   -9 1014.0 1024.6 -9  -9.0   6.3  -8.4  34.0   3.2   -9.0   -9.0   -9.0   -9.0   -9.0   -9.0   -9.0 -9 -9 -                        0   0   -9 -         -9  -9  -9  3507  1.0  2.65 -9   8.8   1.2  -1.0  -1.0  -0.9  -9 -9.0 -9  3  2
202602191400 108  20  2.6  -9 -9.0   -9 1012.8 1023.4 -9  -9.0   7.7  -7.5  33.0   3.5   -9.0   -9.0   -9.0   -9.0   -9.0   -9.0   -9.0 -9 -9 -                        0   0   -9 -         -9  -9  -9  2865  1.0  2.61 -9   8.6   1.3  -1.0  -1.0  -0.9  -9 -9.0 -9  3  2
202602191500 108  25  3.2  -9 -9.0   -9 1012.4 1022.9  7  -2.7   8.0  -9.4  28.0   3.0   -9.0   -9.0   -9.0   -9.0   -9.0   -9.0   -9.0 -9 -9 -                        0   0   -9 -         -9  -9  -9  4405  1.0  2.31 -9   8.4   1.3  -1.0  -1.0  -0.9  -9 -9.0 -9  3  2
202602191600 108  29  4.4  -9 -9.0   -9 1012.1 1022.7 -9  -9.0   7.2  -7.6  34.0   3.5   -9.0   -9.0   -9.0   -9.0   -9.0   -9.0   -9.0 -9 -9 -                        0   0   -9 -         -9  -9  -9  3369  1.0  1.79 -9   7.2   1.2  -1.0  -1.0  -0.9  -9 -9.0 -9  3  2
202602191700 108  27  2.9  -9 -9.0   -9 1011.8 1022.4 -9  -9.0   7.1  -9.3  30.0   3.0   -9.0   -9.0   -9.0   -9.0   -9.0   -9.0   -9.0 -9 -9 -                        0   0   -9 -         -9  -9  -9  4046  1.0  1.15 -9   3.1   0.6  -1.0  -1.0  -0.9  -9 -9.0 -9  3  2
202602191800 108  27  1.7  -9 -9.0   -9 1011.5 1022.1  7  -0.8   5.3 -11.7  28.0   2.5   -9.0   -9.0   -9.0   -9.0   -9.0   -9.0   -9.0 -9 -9 -                        0   0   -9 -         -9  -9  -9  4491  0.8  0.37 -9   0.5   0.5  -1.0  -1.0  -0.9  -9 -9.0 -9  3  2
202602191900 108  23  1.4  -9 -9.0   -9 1011.8 1022.5 -9  -9.0   4.1  -8.9  38.0   3.1   -9.0   -9.0   -9.0   -9.0   -9.0   -9.0   -9.0 -9 -9 -                        0   0   -9 -         -9  -9  -9  3604  0.0  0.01 -9   0.5   0.2  -1.1  -1.0  -0.8  -9 -9.0 -9  3 -9
202602192000 108  27  2.1  -9 -9.0   -9 1011.9 1022.6 -9  -9.0   3.3  -8.4  42.0   3.2   -9.0   -9.0   -9.0   -9.0   -9.0   -9.0   -9.0 -9 -9 -                        0   0   -9 -         -9  -9  -9  3696 -9.0 -9.00 -9   0.4   0.3  -1.1  -1.0  -1.0  -9 -9.0 -9  3 -9
202602192100 108  27  1.8  -9 -9.0   -9 1012.0 1022.8  2   0.7   2.3  -7.8  47.0   3.4   -9.0   -9.0   -9.0   -9.0   -9.0   -9.0   -9.0 -9 -9 -                        0   0   -9 -         -9  -9  -9  3813 -9.0 -9.00 -9   0.2   0.2  -1.1  -0.9  -1.0  -9 -9.0 -9  3  2
202602192200 108  32  0.6  -9 -9.0   -9 1011.9 1022.7 -9  -9.0   1.3  -7.2  53.0   3.6   -9.0   -9.0   -9.0   -9.0   -9.0   -9.0   -9.0 -9 -9 -                        0   0   -9 -         -9  -9  -9  3690 -9.0 -9.00 -9  -0.1   0.2  -1.1  -1.0  -0.9  -9 -9.0 -9  3 -9
202602192300 108   2  0.9  -9 -9.0   -9 1011.8 1022.6 -9  -9.0   0.8  -6.9  56.0   3.6   -9.0   -9.0   -9.0   -9.0   -9.0   -9.0   -9.0 -9 -9 -                        0   0   -9 -         -9  -9  -9  3525 -9.0 -9.00 -9  -0.3   0.2  -1.1  -0.9  -0.9  -9 -9.0 -9  3 -9
202602200000 108   2  1.3  -9 -9.0   -9 1011.5 1022.3  7  -0.5   0.5  -6.1  61.0   3.9   -9.0   -9.0   -9.0   -9.0   -9.0   -9.0   -9.0 -9 -9 -                        1   1   13 Sc         0   0   5  3769 -9.0 -9.00 -9  -0.3   0.2  -1.1  -0.9  -0.9  -9 -9.0 -9  3  2
202602200100 108   5  1.8  -9 -9.0   -9 1011.5 1022.4 -9  -9.0   0.1  -5.7  65.0   4.0   -9.0   -9.0   -9.0   -9.0   -9.0   -9.0   -9.0 -9 -9 -                        0   0   -9 -         -9  -9  -9  3660 -9.0 -9.00 -9  -0.5   0.2  -1.1  -0.8  -0.9  -9 -9.0 -9  3 -9
202602200200 108   5  1.9  -9 -9.0   -9 1011.4 1022.3 -9  -9.0  -0.3  -5.6  67.0   4.0   -9.0   -9.0   -9.0   -9.0   -9.0   -9.0   -9.0 -9 -9 -                        0   0   -9 -         -9  -9  -9  3287 -9.0 -9.00 -9  -0.6   0.2  -1.1  -0.9  -0.8  -9 -9.0 -9  3 -9
202602200300 108   5  2.2  -9 -9.0   -9 1011.0 1021.9  8  -0.4  -0.9  -6.0  68.0   3.9   -9.0   -9.0   -9.0   -9.0   -9.0   -9.0   -9.0 -9 -9 -                        0   0   -9 -         -9  -9  -9  3162 -9.0 -9.00 -9  -0.7   0.2  -1.0  -0.8  -0.8  -9 -9.0 -9  3  2
202602200400 108   5  2.2  -9 -9.0   -9 1010.8 1021.7 -9  -9.0  -0.3  -6.0  65.0   3.9   -9.0   -9.0   -9.0   -9.0   -9.0   -9.0   -9.0 -9 -9 -                        7   7   12 Sc         0   0   5  3172 -9.0 -9.00 -9   0.1   0.3  -1.0  -0.8  -0.8  -9 -9.0 -9  3  2
202602200500 108   5  2.6  -9 -9.0   -9 1010.3 1021.1 -9  -9.0   0.8  -5.4  63.0   4.1   -9.0   -9.0   -9.0   -9.0   -9.0   -9.0   -9.0 -9 -9 -                        4   4   10 Sc         0   0   5  2975 -9.0 -9.00 -9   0.0   0.4  -1.1  -1.0  -0.9  -9 -9.0 -9  3  2
202602200600 108   5  2.7  -9 -9.0   -9 1009.7 1020.5  7  -1.4   0.6  -5.6  63.0   4.0   -9.0   -9.0   -9.0   -9.0   -9.0   -9.0   -9.0 -9 -9 -                        0   0   -9 -         -9  -9  -9  2849 -9.0 -9.00 -9  -0.5   0.3  -1.1  -0.9  -0.8  -9 -9.0 -9  3  2
202602200700 108   5  2.3  -9 -9.0   -9 1009.8 1020.6 -9  -9.0   0.5  -5.7  63.0   4.0   -9.0   -9.0   -9.0   -9.0   -9.0   -9.0   -9.0 -9 -9 -                        0   0   -9 -         -9  -9  -9  2621 -9.0 -9.00 -9  -0.6   0.3  -1.1  -1.0  -0.8  -9 -9.0 -9  3  2
202602200800 108   5  2.7  -9 -9.0   -9 1009.3 1020.1 -9  -9.0   0.6  -5.6  63.0   4.0   -9.0   -9.0   -9.0   -9.0   -9.0   -9.0   -9.0 -9 -9 -                        0   0   -9 -         -9  -9  -9  2349  0.2  0.07 -9  -0.3   0.3  -1.1  -0.9  -0.9  -9 -9.0 -9  3  2
202602200900 108   7  2.0  -9 -9.0   -9 1009.4 1020.1  6  -0.4   2.4  -4.8  59.0   4.3   -9.0   -9.0   -9.0   -9.0   -9.0   -9.0   -9.0 -9 -9 -                        0   0   -9 -         -9  -9  -9  2314  1.0  0.52 -9   0.1   0.1  -1.1  -0.9  -0.9  -9 -9.0 -9  3  2
202602201000 108   7  2.6  -9 -9.0   -9 1009.1 1019.7 -9  -9.0   4.8  -3.9  53.0   4.6   -9.0   -9.0   -9.0   -9.0   -9.0   -9.0   -9.0 -9 -9 -                        0   0   -9 -         -9  -9  -9  2185  1.0  1.19 -9   1.2   0.6  -1.1  -1.0  -0.8  -9 -9.0 -9  3  2
202602201100 108   7  2.1  -9 -9.0   -9 1008.4 1018.9 -9  -9.0   6.9  -3.0  49.0   4.9   -9.0   -9.0   -9.0   -9.0   -9.0   -9.0   -9.0 -9 -9 -                        0   0   -9 -         -9  -9  -9  1721  1.0  1.81 -9   4.8   1.0  -1.0  -1.0  -0.8  -9 -9.0 -9  3  2
202602201200 108  14  1.4  -9 -9.0   -9 1007.7 1018.1  7  -2.0   9.3  -1.1  48.0   5.6   -9.0   -9.0   -9.0   -9.0   -9.0   -9.0   -9.0 -9 -9 -                        0   0   -9 -         -9  -9  -9  1387  1.0  2.21 -9   8.0   1.3  -1.0  -0.9  -0.9  -9 -9.0 -9  3  2
202602201300 108  20  2.0  -9 -9.0   -9 1006.8 1017.1 -9  -9.0  11.5  -0.3  44.0   6.0   -9.0   -9.0   -9.0   -9.0   -9.0   -9.0   -9.0 -9 -9 -                        0   0   -9 -         -9  -9  -9  1324  1.0  2.40 -9  11.4   1.6  -1.0  -1.0  -0.9  -9 -9.0 -9  3  2
202602201400 108  16  2.3  -9 -9.0   -9 1005.6 1015.9 -9  -9.0  13.0  -0.3  40.0   6.0   -9.0   -9.0   -9.0   -9.0   -9.0   -9.0   -9.0 -9 -9 -                        0   0   -9 -         -9  -9  -9  1194  1.0  2.35 -9  12.4   2.1  -0.8  -1.0  -1.0  -9 -9.0 -9  3  2
202602201500 108  23  4.4  -9 -9.0   -9 1005.1 1015.4  7  -2.7  13.4   0.3  41.0   6.2   -9.0   -9.0   -9.0   -9.0   -9.0   -9.0   -9.0 -9 -9 -                        0   0   -9 -         -9  -9  -9  1113  1.0  2.02 -9  11.8   2.3  -0.7  -1.0  -1.0  -9 -9.0 -9  3  2
202602201600 108  23  3.3  -9 -9.0   -9 1004.7 1014.9 -9  -9.0  13.5   0.4  41.0   6.3   -9.0   -9.0   -9.0   -9.0   -9.0   -9.0   -9.0 -9 -9 -                        0   0   -9 -         -9  -9  -9  1098  1.0  1.53 -9  10.4   2.4  -0.6  -1.0  -1.0  -9 -9.0 -9  3  2
202602201700 108  23  3.5  -9 -9.0   -9 1004.7 1015.0 -9  -9.0  12.4   1.3  47.0   6.7   -9.0   -9.0   -9.0   -9.0   -9.0   -9.0   -9.0  5  0 40                       0   0   -9 -         -9  -9  -9   901  1.0  0.88 -9   7.4   2.2  -0.6  -1.0  -1.0  -9 -9.0 -9  3  1
202602201800 108  23  2.4  -9 -9.0   -9 1004.6 1014.9  6  -0.5  11.1   1.3  51.0   6.7   -9.0   -9.0   -9.0   -9.0   -9.0   -9.0   -9.0  5  0 40                       0   0   -9 -         -9  -9  -9   911  0.6  0.31 -9   4.3   1.5  -0.7  -1.0  -0.8  -9 -9.0 -9  3  1
202602201900 108  20  2.9  -9 -9.0   -9 1004.9 1015.3 -9  -9.0  10.0  -1.4  45.0   5.5   -9.0   -9.0   -9.0   -9.0   -9.0   -9.0   -9.0 -9 -9 40                       0   0   -9 -         -9  -9  -9  1103  0.0  0.01 -9   2.2   1.0  -0.8  -1.0  -0.9  -9 -9.0 -9  3  2
202602202000 108  20  1.2  -9 -9.0   -9 1004.9 1015.3 -9  -9.0   9.1  -1.9  46.0   5.3   -9.0   -9.0   -9.0   -9.0   -9.0   -9.0   -9.0 -9 -9 -                        0   0   -9 -         -9  -9  -9  1148 -9.0 -9.00 -9   0.8   0.9  -0.9  -1.0  -0.9  -9 -9.0 -9  3 -9
202602202100 108  18  1.0  -9 -9.0   -9 1004.9 1015.4  2   0.5   8.2  -1.8  49.0   5.4   -9.0   -9.0   -9.0   -9.0   -9.0   -9.0   -9.0 -9 -9 -                        0   0   -9 -         -9  -9  -9  1121 -9.0 -9.00 -9   0.5   0.5  -1.0  -0.9  -0.9  -9 -9.0 -9  3  2
202602202200 108   9  0.5  -9 -9.0   -9 1004.9 1015.4 -9  -9.0   7.3  -1.6  53.0   5.4   -9.0   -9.0   -9.0   -9.0   -9.0   -9.0   -9.0 -9 -9 -                        0   0   -9 -         -9  -9  -9  1099 -9.0 -9.00 -9   0.4   0.3  -1.0  -0.9  -0.9  -9 -9.0 -9  3 -9
202602202300 108   2  1.7  -9 -9.0   -9 1004.8 1015.3 -9  -9.0   6.8  -2.3  52.0   5.2   -9.0   -9.0   -9.0   -9.0   -9.0   -9.0   -9.0 -9 -9 -                        0   0   -9 -         -9  -9  -9  1112 -9.0 -9.00 -9   0.4   0.5  -1.0  -1.0  -0.8  -9 -9.0 -9  3 -9
202602210000 108  36  1.8  -9 -9.0   -9 1004.7 1015.2  7  -0.2   6.0  -3.1  52.0   4.9   -9.0   -9.0   -9.0   -9.0   -9.0   -9.0   -9.0 -9 -9 -                        0   0   -9 -         -9  -9  -9  1171 -9.0 -9.00 -9   0.2   0.3  -1.1  -0.9  -0.8  -9 -9.0 -9  3  2
202602210100 108   5  1.3  -9 -9.0   -9 1004.6 1015.2 -9  -9.0   5.5  -2.8  55.0   5.0   -9.0   -9.0   -9.0   -9.0   -9.0   -9.0   -9.0 -9 -9 -                        0   0   -9 -         -9  -9  -9  1149 -9.0 -9.00 -9   0.1   0.3  -1.1  -0.9  -0.8  -9 -9.0 -9  3 -9
202602210200 108   5  1.3  -9 -9.0   -9 1004.4 1015.0 -9  -9.0   5.2  -2.4  58.0   5.1   -9.0   -9.0   -9.0   -9.0   -9.0   -9.0   -9.0 -9 -9 -                        0   0   -9 -         -9  -9  -9  1070 -9.0 -9.00 -9   0.0   0.2  -1.1  -0.9  -0.9  -9 -9.0 -9  3 -9
202602210300 108   5  1.4  -9 -9.0   -9 1004.0 1014.6  7  -0.6   4.8  -2.7  58.0   5.0   -9.0   -9.0   -9.0   -9.0   -9.0   -9.0   -9.0 -9 -9 -                        0   0   -9 -         -9  -9  -9  1100 -9.0 -9.00 -9   0.0   0.2  -1.1  -0.9  -0.8  -9 -9.0 -9  3  2
202602210400 108   7  1.4  -9 -9.0   -9 1003.8 1014.4 -9  -9.0   4.4  -2.7  60.0   5.0   -9.0   -9.0   -9.0   -9.0   -9.0   -9.0   -9.0 -9 -9 -                        0   0   -9 -         -9  -9  -9  1096 -9.0 -9.00 -9  -0.1   0.2  -1.1  -0.9  -0.9  -9 -9.0 -9  3  2
202602210500 108   7  1.5  -9 -9.0   -9 1003.5 1014.1 -9  -9.0   4.0  -2.2  64.0   5.2   -9.0   -9.0   -9.0   -9.0   -9.0   -9.0   -9.0 -9 -9 -                        0   0   -9 -         -9  -9  -9  1029 -9.0 -9.00 -9  -0.2   0.2  -1.1  -1.0  -0.8  -9 -9.0 -9  3  2
202602210600 108   5  1.8  -9 -9.0   -9 1003.2 1013.8  7  -0.8   3.7  -2.2  65.0   5.2   -9.0   -9.0   -9.0   -9.0   -9.0   -9.0   -9.0 -9 -9 -                        0   0   -9 -         -9  -9  -9  1028 -9.0 -9.00 -9  -0.2   0.2  -1.1  -1.0  -0.8  -9 -9.0 -9  3  2
202602210700 108   5  2.3  -9 -9.0   -9 1003.1 1013.7 -9  -9.0   3.9  -1.6  67.0   5.4   -9.0   -9.0   -9.0   -9.0   -9.0   -9.0   -9.0 -9 -9 -                        0   0   -9 -         -9  -9  -9  1019 -9.0 -9.00 -9  -0.2   0.2  -1.1  -1.0  -0.7  -9 -9.0 -9  3  2
202602210800 108   7  1.4  -9 -9.0   -9 1003.5 1014.1 -9  -9.0   4.3  -1.5  66.0   5.5   -9.0   -9.0   -9.0   -9.0   -9.0   -9.0   -9.0 -9 -9 -                        0   0   -9 -         -9  -9  -9  1010  0.1  0.07 -9   0.1   0.2  -1.1  -0.9  -0.8  -9 -9.0 -9  3  2
202602210900 108   5  2.1  -9 -9.0   -9 1003.7 1014.2  3   0.4   6.3  -0.4  62.0   5.9   -9.0   -9.0   -9.0   -9.0   -9.0   -9.0   -9.0 -9 -9 -                        0   0   -9 -         -9  -9  -9  1030  1.0  0.49 -9   0.4   0.6  -1.1  -1.0  -0.8  -9 -9.0 -9  3  2
202602211000 108   7  1.5  -9 -9.0   -9 1003.1 1013.5 -9  -9.0   9.2   0.6  55.0   6.4   -9.0   -9.0   -9.0   -9.0   -9.0   -9.0   -9.0  5  0 40                       0   0   -9 -         -9  -9  -9   978  1.0  1.21 -9   3.2   1.3  -1.0  -1.0  -0.9  -9 -9.0 -9  3  1
202602211100 108  16  3.1  -9 -9.0   -9 1002.4 1012.6 -9  -9.0  13.3   1.9  46.0   7.0   -9.0   -9.0   -9.0   -9.0   -9.0   -9.0   -9.0 -9 -9 40                       0   0   -9 -         -9  -9  -9  1489  1.0  1.84 -9  10.2   2.4  -0.8  -1.0  -1.0  -9 -9.0 -9  3  2
202602211200 108  18  4.3  -9 -9.0   -9 1001.9 1012.1  7  -2.1  14.7   1.9  42.0   7.0   -9.0   -9.0   -9.0   -9.0   -9.0   -9.0   -9.0 -9 -9 -                        2   0   -9 Ci         1   0   0  1378  1.0  2.29 -9  15.1   3.7  -0.4  -1.0  -0.9  -9 -9.0 -9  3  2
202602211300 108  20  4.5  -9 -9.0   -9 1000.7 1010.8 -9  -9.0  16.3   1.9  38.0   7.0   -9.0   -9.0   -9.0   -9.0   -9.0   -9.0   -9.0 -9 -9 -                        1   0   -9 Ci         1   0   0  1643  1.0  2.42 -9  17.0   4.9   0.1  -1.0  -1.0  -9 -9.0 -9  3  2
202602211400 108  18  5.5  20 11.0 1357  999.5 1009.5 -9  -9.0  17.8   0.4  31.0   6.3   -9.0   -9.0   -9.0   -9.0   -9.0   -9.0   -9.0 -9 -9 -                        0   0   -9 -         -9  -9  -9  2272  1.0  2.46 -9  16.4   5.7   0.4  -1.2  -1.0  -9 -9.0 -9  3  2
202602211500 108  20  7.1  18 15.0 1444  998.8 1008.8  7  -3.3  17.8  -1.4  27.0   5.5   -9.0   -9.0   -9.0   -9.0   -9.0   -9.0   -9.0 -9 -9 -                        0   0   -9 -         -9  -9  -9  2806  1.0  2.19 -9  14.8   5.9   0.7  -1.1  -1.0  -9 -9.0 -9  3  2
202602211600 108  20  4.7  18 10.0 1519  998.4 1008.4 -9  -9.0  18.1  -1.7  26.0   5.4   -9.0   -9.0   -9.0   -9.0   -9.0   -9.0   -9.0 -9 -9 -                        1   0   -9 Ci         1   0   0  2808  1.0  1.70 -9  12.7   5.8   0.8  -1.2  -1.1  -9 -9.0 -9  3  2
202602211700 108  20  5.4  20 10.0 1647  998.4 1008.5 -9  -9.0  16.8  -1.3  29.0   5.6   -9.0   -9.0   -9.0   -9.0   -9.0   -9.0   -9.0 -9 -9 -                        1   0   -9 Ci         1   0   0  2902  1.0  0.94 -9   9.6   5.3   0.9  -1.2  -1.1  -9 -9.0 -9  3  2
202602211800 108  20  5.1  23 12.0 1707  998.3 1008.4  6  -0.4  15.0  -1.1  33.0   5.6   -9.0   -9.0   -9.0   -9.0   -9.0   -9.0   -9.0 -9 -9 -                        2   0   -9 Ci         1   0   0  3047  0.6  0.32 -9   6.3   4.1   0.7  -1.1  -1.1  -9 -9.0 -9  3  2
202602211900 108  20  5.0  -9 -9.0   -9  998.4 1008.6 -9  -9.0  13.8   0.7  41.0   6.4   -9.0   -9.0   -9.0   -9.0   -9.0   -9.0   -9.0 -9 -9 -                        0   0   -9 -         -9  -9  -9  2986  0.0  0.02 -9   5.2   3.6   0.5  -1.1  -0.9  -9 -9.0 -9  3 -9
202602212000 108  20  4.6  18 11.0 1947  998.4 1008.6 -9  -9.0  13.1   0.7  43.0   6.4   -9.0   -9.0   -9.0   -9.0   -9.0   -9.0   -9.0 -9 -9 -                        0   0   -9 -         -9  -9  -9  3103 -9.0 -9.00 -9   4.5   3.1   0.2  -1.1  -1.0  -9 -9.0 -9  3 -9
202602212100 108  18  1.2  23 12.0 1707  998.4 1008.6  1   0.2  12.3  -1.2  39.0   5.6   -9.0   -9.0   -9.0   -9.0   -9.0   -9.0   -9.0 -9 -9 -                        5   0   -9 Ci         1   0   0  3089 -9.0 -9.00 -9   2.7   2.5   0.0  -1.1  -1.0  -9 -9.0 -9  3  2
202602212200 108  16  1.7  -9 -9.0   -9  998.3 1008.5 -9  -9.0  12.2  -0.3  42.0   6.0   -9.0   -9.0   -9.0   -9.0   -9.0   -9.0   -9.0 -9 -9 -                        8   8   75 -         -9  -9  -9  3333 -9.0 -9.00 -9   2.7   2.2  -0.2  -1.1  -0.9  -9 -9.0 -9  3 -9
202602212300 108  16  1.6  -9 -9.0   -9  998.5 1008.8 -9  -9.0  11.5   0.0  45.0   6.1   -9.0   -9.0   -9.0   -9.0   -9.0   -9.0   -9.0 -9 -9 -                        8   8   74 -         -9  -9  -9  3203 -9.0 -9.00 -9   1.7   1.9  -0.3  -1.1  -0.9  -9 -9.0 -9  3 -9
202602220000 108  18  1.1  -9 -9.0   -9  998.6 1008.9  3   0.3  11.3  -0.2  45.0   6.0   -9.0   -9.0   -9.0   -9.0   -9.0   -9.0   -9.0 -9 -9 -                        6   0   -9 Ci         1   0   0  3554 -9.0 -9.00 -9   1.3   1.7  -0.5  -1.1  -0.9  -9 -9.0 -9  3  2
202602220100 108  11  0.7  -9 -9.0   -9  998.6 1008.9 -9  -9.0  10.8  -0.3  46.0   6.0   -9.0   -9.0   -9.0   -9.0   -9.0   -9.0   -9.0 -9 -9 -                        7   1   66 -         -9  -9  -9  3422 -9.0 -9.00 -9   0.9   1.5  -0.6  -1.1  -0.9  -9 -9.0 -9  3 -9
202602220200 108  18  3.2  -9 -9.0   -9  998.0 1008.2 -9  -9.0  12.0   0.7  46.0   6.4   -9.0   -9.0   -9.0   -9.0   -9.0   -9.0   -9.0 -9 -9 -                        8   8   11 -         -9  -9  -9  3483 -9.0 -9.00 -9   3.7   1.9  -0.6  -1.0  -0.9  -9 -9.0 -9  3 -9
202602220300 108  16  2.3  -9 -9.0   -9  997.0 1007.2  7  -1.7  12.1   0.5  45.0   6.3   -9.0   -9.0   -9.0   -9.0   -9.0   -9.0   -9.0 -9 -9 -                        6   0   -9 Ci         1   0   0  3360 -9.0 -9.00 -9   2.9   2.0  -0.4  -1.0  -1.0  -9 -9.0 -9  3  2
202602220400 108  16  2.4  -9 -9.0   -9  996.6 1006.8 -9  -9.0  11.7   1.3  49.0   6.7   -9.0   -9.0   -9.0   -9.0   -9.0   -9.0   -9.0 -9 -9 -                        6   0   -9 Ci         1   0   0  3543 -9.0 -9.00 -9   2.5   2.0  -0.4  -1.0  -0.9  -9 -9.0 -9  3  2
202602220500 108  16  2.6  -9 -9.0   -9  995.8 1006.0 -9  -9.0  12.0   3.2  55.0   7.7   -9.0   -9.0   -9.0   -9.0   -9.0   -9.0   -9.0 -9 -9 -                        7   7   10 Sc         0   0   5  3272 -9.0 -9.00 -9   4.3   2.1  -0.4  -1.1  -0.9  -9 -9.0 -9  3  2
202602220600 108  16  2.1  -9 -9.0   -9  995.3 1005.5  7  -1.7  12.1   4.3  59.0   8.3   -9.0   -9.0   -9.0   -9.0   -9.0   -9.0   -9.0 -9 -9 -                        8   8    7 Sc         0   0   5  2810 -9.0 -9.00 -9   4.8   2.4  -0.3  -1.1  -0.9  -9 -9.0 -9  3  2
202602220700 108  18  1.4  -9 -9.0   -9  994.9 1005.1 -9  -9.0  12.2   5.5  64.0   9.0   -9.0   -9.0   -9.0   -9.0   -9.0   -9.0   -9.0 -9 -9 -                        9   9    6 Sc         0   0   5  2458 -9.0 -9.00 -9   5.3   2.7  -0.2  -1.1  -0.9  -9 -9.0 -9  3  2
202602220800 108  20  5.9  16 11.0  748  995.2 1005.4 -9  -9.0  12.4   8.4  77.0  11.0   -9.0   -9.0   -9.0   -9.0   -9.0   -9.0   -9.0 -9 -9 -                        9   9    6 Sc         0   0   5  1429  0.0  0.00 -9   7.0   2.9   0.0  -1.0  -0.9  -9 -9.0 -9  3  2
202602220900 108  20  4.9  20 11.0  837  996.0 1006.2  3   0.7  11.3   7.9  80.0  10.6   -9.0   -9.0   -9.0   -9.0   -9.0   -9.0   -9.0 10 22 19                       9   9    5 Sc         0   0   5   938  0.0  0.03 -9   7.1   3.3   0.1  -1.1  -0.9  -9 -9.0 -9  3  1
202602221000 108  23  4.3  25 12.0  940  996.3 1006.6 -9  -9.0  10.4   6.5  77.0   9.7   -9.0   -9.0   -9.0   -9.0   -9.0   -9.0   -9.0 10 22 19                       9   9    5 Sc         0   0   5   811  0.0  0.18 -9   7.9   3.3   0.3  -1.1  -0.9  -9 -9.0 -9  3  1
202602221100 108  20  3.7  -9 -9.0   -9  996.0 1006.3 -9  -9.0  10.4   5.7  73.0   9.2   -9.0   -9.0   -9.0   -9.0   -9.0   -9.0   -9.0  6 22 4219                     9   9    5 Sc         0   0   5   705  0.0  0.83 -9  11.2   4.2   0.5  -1.1  -0.9  -9 -9.0 -9  3  1
202602221200 108  25  3.0  25 12.0  940  996.0 1006.3  0   0.1  11.1   4.5  64.0   8.4   -9.0   -9.0   -9.0   -9.0   -9.0   -9.0   -9.0  6 22 4219                     9   2    6 ScAc       0   3   5   629  0.0  1.14 -9  11.1   5.1   0.8  -1.1  -1.0  -9 -9.0 -9  3  1
202602221300 108  20  4.3  -9 -9.0   -9  996.0 1006.3 -9  -9.0  10.7   4.1  64.0   8.2   -9.0   -9.0   -9.0   -9.0   -9.0   -9.0   -9.0  6 22 42                       8   2   10 ScAc       0   3   5   599  0.0  0.78 -9  11.2   5.1   1.0  -1.1  -1.1  -9 -9.0 -9  3  1
202602221400 108  23  4.7  25 12.0 1340  996.3 1006.6 -9  -9.0  10.5   3.5  62.0   7.8   -9.0   -9.0   -9.0   -9.0   -9.0   -9.0   -9.0  6 22 42                       8   1   10 ScCi       2   0   5   641  0.6  1.60 -9  14.0   5.6   1.2  -1.1  -1.1  -9 -9.0 -9  3  1
202602221500 108  25  5.2  20 13.0 1438  997.6 1007.9  2   1.6  10.6   0.0  48.0   6.1   -9.0   -9.0   -9.0   -9.0   -9.0   -9.0   -9.0  6 11 42                       1   1   10 Sc         0   0   5   979  1.0  1.93 -9  12.7   5.6   1.4  -1.2  -1.0  -9 -9.0 -9  3  1
202602221600 108  25  5.8  25 11.0 1522  998.9 1009.2 -9  -9.0  10.1  -8.0  27.0   3.3   -9.0   -9.0   -9.0   -9.0   -9.0   -9.0   -9.0  6  0 42                       0   0   -9 -         -9  -9  -9  1944  1.0  1.72 -9   9.8   5.3   1.4  -1.2  -1.0  -9 -9.0 -9  3  1
202602221700 108  27  4.4  29 11.0 1635 1000.8 1011.2 -9  -9.0   8.4 -11.0  24.0   2.6   -9.0   -9.0   -9.0   -9.0   -9.0   -9.0   -9.0  6  0 42                       0   0   -9 -         -9  -9  -9  3643  1.0  1.14 -9   5.6   4.1   1.3  -1.1  -1.1  -9 -9.0 -9  3  1
202602221800 108  27  4.1  29 11.0 1703 1002.4 1012.9  2   5.0   6.3 -11.8  26.0   2.5   -9.0   -9.0   -9.0   -9.0   -9.0   -9.0   -9.0 -9 -9 42                       0   0   -9 -         -9  -9  -9  3731  0.9  0.41 -9   2.4   3.3   0.9  -1.1  -1.0  -9 -9.0 -9  3  2
202602221900 108  25  4.9  29 10.0 1803 1004.3 1014.9 -9  -9.0   4.5 -13.3  26.0   2.2   -9.0   -9.0   -9.0   -9.0   -9.0   -9.0   -9.0 -9 -9 -                        0   0   -9 -         -9  -9  -9  4307  0.0  0.02 -9   0.1   2.3   0.4  -1.1  -1.0  -9 -9.0 -9  3  2
202602222000 108  29  4.5  27 12.0 1921 1006.0 1016.6 -9  -9.0   3.7 -14.0  26.0   2.1   -9.0   -9.0   -9.0   -9.0   -9.0   -9.0   -9.0 -9 -9 -                        0   0   -9 -         -9  -9  -9  4436 -9.0 -9.00 -9   0.5   1.5  -0.1  -1.0  -0.8  -9 -9.0 -9  3  2
202602222100 108  25  3.6  27 12.0 1921 1007.9 1018.6  2   5.7   2.7 -14.0  28.0   2.1   -9.0   -9.0   -9.0   -9.0   -9.0   -9.0   -9.0 -9 -9 -                        0   0   -9 -         -9  -9  -9  4418 -9.0 -9.00 -9   0.2   0.8  -0.5  -1.0  -0.9  -9 -9.0 -9  3  2
202602222200 108  27  3.4  -9 -9.0   -9 1009.1 1019.9 -9  -9.0   2.0 -13.8  30.0   2.1   -9.0   -9.0   -9.0   -9.0   -9.0   -9.0   -9.0 -9 -9 -                        0   0   -9 -         -9  -9  -9  4436 -9.0 -9.00 -9  -0.4   0.2  -0.8  -1.0  -0.9  -9 -9.0 -9  3  2
202602222300 108  27  3.3  -9 -9.0   -9 1010.2 1021.0 -9  -9.0   1.4 -13.5  32.0   2.2   -9.0   -9.0   -9.0   -9.0   -9.0   -9.0   -9.0 -9 -9 -                        0   0   -9 -         -9  -9  -9  4373 -9.0 -9.00 -9  -0.5   0.3  -1.0  -1.0  -0.8  -9 -9.0 -9  3  2
202602230000 108  25  3.4  -9 -9.0   -9 1010.9 1021.7  2   3.1   0.9 -13.5  33.0   2.2   -9.0   -9.0   -9.0   -9.0   -9.0   -9.0   -9.0 -9 -9 -                        0   0   -9 -         -9  -9  -9  4227 -9.0 -9.00 -9  -0.9   0.2  -1.1  -1.0  -0.8  -9 -9.0 -9  3  2
202602230100 108  25  2.4  -9 -9.0   -9 1011.5 1022.3 -9  -9.0   0.4 -14.0  33.0   2.1   -9.0   -9.0   -9.0   -9.0   -9.0   -9.0   -9.0 -9 -9 -                        0   0   -9 -         -9  -9  -9  4032 -9.0 -9.00 -9  -1.1   0.1  -1.1  -1.0  -0.8  -9 -9.0 -9  3 -9
202602230200 108  25  2.0  -9 -9.0   -9 1011.8 1022.7 -9  -9.0  -0.1 -13.7  35.0   2.1   -9.0   -9.0   -9.0   -9.0   -9.0   -9.0   -9.0 -9 -9 -                        0   0   -9 -         -9  -9  -9  3901 -9.0 -9.00 -9  -1.3   0.1  -1.1  -0.9  -0.7  -9 -9.0 -9  3 -9
202602230300 108  23  1.2  -9 -9.0   -9 1011.6 1022.5  0   0.8  -1.0 -14.5  35.0   2.0   -9.0   -9.0   -9.0   -9.0   -9.0   -9.0   -9.0 -9 -9 -                        0   0   -9 -         -9  -9  -9  4189 -9.0 -9.00 -9  -1.5   0.1  -1.1  -0.9  -0.7  -9 -9.0 -9  3  2
202602230400 108  25  1.7  -9 -9.0   -9 1012.0 1022.9 -9  -9.0  -1.2 -14.1  37.0   2.1   -9.0   -9.0   -9.0   -9.0   -9.0   -9.0   -9.0 -9 -9 -                        0   0   -9 -         -9  -9  -9  4186 -9.0 -9.00 -9  -1.5   0.1  -1.0  -0.8  -0.6  -9 -9.0 -9  3  2
202602230500 108  25  1.8  -9 -9.0   -9 1012.5 1023.4 -9  -9.0  -1.2 -14.7  35.0   2.0   -9.0   -9.0   -9.0   -9.0   -9.0   -9.0   -9.0 -9 -9 -                        0   0   -9 -         -9  -9  -9  4305 -9.0 -9.00 -9  -1.6   0.1  -1.0  -0.8  -0.6  -9 -9.0 -9  3  2
202602230600 108  25  2.4  -9 -9.0   -9 1013.1 1024.0  2   1.5  -1.0 -13.8  37.0   2.1   -9.0   -9.0   -9.0   -9.0   -9.0   -9.0   -9.0 -9 -9 -                        0   0   -9 -         -9  -9  -9  4085 -9.0 -9.00 -9  -1.6   0.2  -0.9  -0.7  -0.5  -9 -9.0 -9  3  2
202602230700 108  25  2.2  -9 -9.0   -9 1013.8 1024.7 -9  -9.0  -0.8 -13.3  38.0   2.2   -9.0   -9.0   -9.0   -9.0   -9.0   -9.0   -9.0 -9 -9 -                        0   0   -9 -         -9  -9  -9  3987 -9.0 -9.00 -9  -1.6   0.1  -0.9  -0.7  -0.5  -9 -9.0 -9  3  2
202602230800 108  25  2.2  -9 -9.0   -9 1014.7 1025.6 -9  -9.0  -0.1 -10.9  44.0   2.7   -9.0   -9.0   -9.0   -9.0   -9.0   -9.0   -9.0 -9 -9 -                        0   0   -9 -         -9  -9  -9  3845  0.2  0.10 -9  -1.1   0.2  -0.9  -0.7  -0.6  -9 -9.0 -9  3  2
202602230900 108  32  3.1  -9 -9.0   -9 1015.4 1026.2  2   2.2   1.4  -9.8  43.0   2.9   -9.0   -9.0   -9.0   -9.0   -9.0   -9.0   -9.0 -9 -9 -                        0   0   -9 -         -9  -9  -9  4155  1.0  0.68 -9   0.4   0.3  -1.0  -0.9  -0.6  -9 -9.0 -9  3  2
202602231000 108  32  4.0  -9 -9.0   -9 1015.4 1026.2 -9  -9.0   2.1 -15.0  27.0   1.9   -9.0   -9.0   -9.0   -9.0   -9.0   -9.0   -9.0 -9 -9 -                        4   0   -9 Ci         1   0   0  3209  1.0  1.50 -9   2.2   0.4  -1.1  -1.0  -0.7  -9 -9.0 -9  3  2
202602231100 108  29  3.8  -9 -9.0   -9 1015.7 1026.5 -9  -9.0   3.3 -13.9  27.0   2.1   -9.0   -9.0   -9.0   -9.0   -9.0   -9.0   -9.0 -9 -9 -                        5   0   -9 Ci         1   0   0  3308  1.0  2.09 -9   5.4   0.7  -1.0  -1.0  -0.6  -9 -9.0 -9  3  2
202602231200 108  29  4.0  -9 -9.0   -9 1015.2 1025.9  8  -0.3   3.9 -16.4  21.0   1.7   -9.0   -9.0   -9.0   -9.0   -9.0   -9.0   -9.0 -9 -9 -                        5   0   -9 Ci         1   0   0  3470  1.0  2.48 -9   8.2   1.0  -1.0  -1.0  -0.6  -9 -9.0 -9  3  2
202602231300 108  25  3.9  -9 -9.0   -9 1015.2 1025.9 -9  -9.0   5.1 -20.2  14.0   1.2   -9.0   -9.0   -9.0   -9.0   -9.0   -9.0   -9.0 -9 -9 -                        7   0   -9 Ci         1   0   0  4579  1.0  2.50 -9   9.6   1.1  -1.0  -1.0  -0.7  -9 -9.0 -9  3  2
202602231400 108  27  3.8  27 11.0 1305 1015.0 1025.7 -9  -9.0   5.7 -19.0  15.0   1.4   -9.0   -9.0   -9.0   -9.0   -9.0   -9.0   -9.0 -9 -9 -                        8   0   -9 Ci         1   0   0  3815  1.0  2.39 -9  10.9   1.2  -1.0  -0.9  -0.7  -9 -9.0 -9  3  2
202602231500 108  27  3.1  27 11.0 1305 1014.7 1025.4  7  -0.5   5.2 -17.9  17.0   1.5   -9.0   -9.0   -9.0   -9.0   -9.0   -9.0   -9.0 -9 -9 -                        8   5   39 AcCs       6   3   0  3684  1.0  1.78 -9   8.4   1.4  -0.9  -0.9  -0.8  -9 -9.0 -9  3  2
202602231600 108  25  4.2  -9 -9.0   -9 1015.0 1025.7 -9  -9.0   4.5 -17.1  19.0   1.6   -9.0   -9.0   -9.0   -9.0   -9.0   -9.0   -9.0 -9 -9 -                       10   8   41 AcCs       7   3   0  3815  0.3  1.11 -9   5.5   1.0  -0.8  -0.9  -0.7  -9 -9.0 -9  3  2
202602231700 108  29  3.5  -9 -9.0   -9 1015.3 1026.0 -9  -9.0   3.7 -17.2  20.0   1.6   -9.0   -9.0   -9.0   -9.0   -9.0   -9.0   -9.0 -9 -9 -                       10   8   45 AcCs       7   3   0  4210  0.0  0.56 -9   3.5   1.1  -0.7  -0.9  -0.8  -9 -9.0 -9  3  2
202602231800 108  27  3.8  -9 -9.0   -9 1015.9 1026.7  2   1.3   2.9 -14.7  26.0   2.0   -9.0   -9.0   -9.0   -9.0   -9.0   -9.0   -9.0 -9 -9 -                       10   0   -9 Cs         7   0   0  4015  0.0  0.23 -9   0.6   0.6  -0.8  -0.9  -0.8  -9 -9.0 -9  3  2
202602231900 108  27  2.7  -9 -9.0   -9 1016.1 1026.9 -9  -9.0   2.2 -13.2  31.0   2.2   -9.0   -9.0   -9.0   -9.0   -9.0   -9.0   -9.0 -9 -9 -                        9   8   53 -         -9  -9  -9  4052  0.0  0.01 -9   0.6   0.5  -0.9  -1.0  -0.6  -9 -9.0 -9  3 -9
202602232000 108  27  2.7  -9 -9.0   -9 1016.0 1026.8 -9  -9.0   1.6 -11.5  37.0   2.5   -9.0   -9.0   -9.0   -9.0   -9.0   -9.0   -9.0 -9 -9 -                        6   6   38 -         -9  -9  -9  4380 -9.0 -9.00 -9   0.5   0.4  -1.0  -1.0  -0.7  -9 -9.0 -9  3 -9
202602232100 108  29  2.2  -9 -9.0   -9 1016.0 1026.9  1   0.2   1.2 -11.2  39.0   2.6   -9.0   -9.0   -9.0   -9.0   -9.0   -9.0   -9.0 -9 -9 -                        8   8   28 Ac         0   3   0  3946 -9.0 -9.00 -9   0.1   0.1  -1.0  -1.0  -0.6  -9 -9.0 -9  3  2
202602232200 108  27  2.5  -9 -9.0   -9 1016.5 1027.4 -9  -9.0   1.3 -10.8  40.0   2.7   -9.0   -9.0   -9.0   -9.0   -9.0   -9.0   -9.0 -9 -9 -                       10   9   27 -         -9  -9  -9  4228 -9.0 -9.00 -9   0.1   0.2  -1.0  -0.9  -0.7  -9 -9.0 -9  3 -9
202602232300 108  27  1.9  -9 -9.0   -9 1016.4 1027.3 -9  -9.0   1.4 -11.0  39.0   2.6   -9.0   -9.0   -9.0   -9.0   -9.0   -9.0   -9.0 -9 -9 -                        9   9   26 -         -9  -9  -9  3977 -9.0 -9.00 -9   0.1   0.2  -1.1  -0.9  -0.7  -9 -9.0 -9  3 -9
202602240000 108  27  3.2  -9 -9.0   -9 1016.5 1027.4  1   0.5   1.4 -10.4  41.0   2.8   -9.0   -9.0   -9.0   -9.0   -9.0   -9.0   -9.0 -9 -9 -                        9   7   26 AcCi       2   3   0  4444 -9.0 -9.00 -9   0.1   0.2  -1.1  -0.9  -0.6  -9 -9.0 -9  3  2
202602240100 108  32  2.4  -9 -9.0   -9 1016.6 1027.4 -9  -9.0   1.6 -10.2  41.0   2.8   -9.0   -9.0   -9.0   -9.0   -9.0   -9.0   -9.0 -9 -9 -                       10  10   24 -         -9  -9  -9  4264 -9.0 -9.00 -9   0.1   0.2  -1.1  -0.9  -0.5  -9 -9.0 -9  3 -9
202602240200 108   2  2.3  -9 -9.0   -9 1016.3 1027.2 -9  -9.0   1.4 -10.7  40.0   2.7   -9.0   -9.0   -9.0   -9.0   -9.0   -9.0   -9.0 -9 -9 -                       10   3   19 -         -9  -9  -9  4434 -9.0 -9.00 -9   0.1   0.2  -1.1  -1.0  -0.7  -9 -9.0 -9  3 -9
202602240300 108   5  1.8  -9 -9.0   -9 1015.9 1026.7  7  -0.7   1.5 -11.6  37.0   2.5   -9.0   -9.0   -9.0   -9.0   -9.0   -9.0   -9.0 -9 -9 -                       10   3   17 ScAs      -9   2   5  4566 -9.0 -9.00 -9   0.1   0.2  -1.1  -1.0  -0.6  -9 -9.0 -9  3  2
202602240400 108   5  2.9  -9 -9.0   -9 1014.5 1025.3 -9  -9.0   1.2 -12.9  34.0   2.3   -9.0   -9.0   -9.0   -9.0   -9.0   -9.0   -9.0 -9 -9 -                       10   5   17 ScAs      -9   2   5  4020 -9.0 -9.00 -9   0.1   0.2  -1.1  -1.0  -0.5  -9 -9.0 -9  3  2
202602240500 108   5  2.9  -9 -9.0   -9 1014.1 1024.9 -9  -9.0   1.2 -14.1  31.0   2.1   -9.0   -9.0   -9.0   -9.0   -9.0   -9.0   -9.0 -9 -9 -                       10   6   16 ScAs      -9   2   5  3810 -9.0 -9.00 -9   0.0   0.2  -1.1  -1.0  -0.6  -9 -9.0 -9  3  2
202602240600 108  11  1.8  -9 -9.0   -9 1014.4 1025.2  5  -1.5   1.2 -14.9  29.0   1.9   -9.0   -9.0   -9.0   -9.0   -9.0   -9.0   -9.0 -9 -9 -                       10   8   11 ScAs      -9   2   5  3804 -9.0 -9.00 -9   0.0   0.2  -1.1  -1.0  -0.6  -9 -9.0 -9  3  2
202602240700 108  11  1.4  -9 -9.0   -9 1015.3 1026.1 -9  -9.0   1.4 -14.3  30.0   2.0   -9.0   -9.0   -9.0   -9.0   -9.0   -9.0   -9.0 -9 -9 -                       10   8   11 ScAs      -9   2   5  3799 -9.0 -9.00 -9   0.1   0.2  -1.1  -0.9  -0.4  -9 -9.0 -9  3  2
202602240800 108  36  2.7  -9 -9.0   -9 1015.8 1026.6 -9  -9.0   1.6 -13.7  31.0   2.1   -9.0   -9.0   -9.0   -9.0   -9.0   -9.0   -9.0 -9 -9 -                       10   4   15 ScAs      -9   2   5  3485  0.0  0.02 -9   0.1   0.2  -1.1  -0.9  -0.5  -9 -9.0 -9  3  2
202602240900 108   5  1.9  -9 -9.0   -9 1016.3 1027.1  2   1.9   2.1 -13.3  31.0   2.2   -9.0   -9.0   -9.0   -9.0   -9.0   -9.0   -9.0 -9 -9 -                       10   4    9 ScAs      -9   2   5  3028  0.0  0.12 -9   0.2   0.3  -1.1  -1.0  -0.5  -9 -9.0 -9  3  2
202602241000 108   7  1.3  -9 -9.0   -9 1015.4 1026.2 -9  -9.0   2.7 -13.1  30.0   2.2   -9.0   -9.0   -9.0   -9.0   -9.0   -9.0   -9.0 -9 -9 -                       10   7   11 ScAs      -9   2   5  3622  0.0  0.20 -9   0.3   0.4  -1.0  -1.0  -0.5  -9 -9.0 -9  3  2
202602241100 108  34  2.0  -9 -9.0   -9 1015.2 1025.9 -9  -9.0   3.9  -9.8  36.0   2.9   -9.0   -9.0   -9.0   -9.0   -9.0   -9.0   -9.0 -9 -9 -                       10   5   12 ScAs      -9   2   5  3164  0.0  0.42 -9   0.9   1.0  -1.0  -1.0  -0.5  -9 -9.0 -9  3  2
202602241200 108  27  1.8  -9 -9.0   -9 1015.2 1025.9  6  -1.2   3.9 -10.9  33.0   2.7   -9.0   -9.0   -9.0   -9.0   -9.0   -9.0   -9.0 -9 -9 -                       10   8   15 ScAs      -9   2   5  2943  0.0  0.42 -9   1.2   1.1  -0.9  -0.9  -0.5  -9 -9.0 -9  3  2
202602241300 108  25  1.3  -9 -9.0   -9 1014.4 1025.1 -9  -9.0   4.4 -10.5  33.0   2.8   -9.0   -9.0   -9.0   -9.0   -9.0   -9.0   -9.0 -9 -9 -                       10  10   30 As        -9   2   0  2926  0.0  0.52 -9   3.0   1.5  -0.8  -0.9  -0.6  -9 -9.0 -9  3  2
202602241400 108  27  1.0  -9 -9.0   -9 1013.9 1024.6 -9  -9.0   5.3 -10.1  32.0   2.8   -9.0   -9.0   -9.0   -9.0   -9.0   -9.0   -9.0 -9 -9 -                       10  10   28 As        -9   2   0  3277  0.0  0.62 -9   6.4   2.0  -0.7  -1.0  -0.5  -9 -9.0 -9  3  2
202602241500 108   7  1.7  -9 -9.0   -9 1013.6 1024.2  7  -1.7   5.7  -7.2  39.0   3.6   -9.0   -9.0   -9.0   -9.0   -9.0   -9.0   -9.0 -9 -9 -                       10  10   44 As        -9   2   0  2991  0.0  0.63 -9   6.2   2.5  -0.5  -0.9  -0.5  -9 -9.0 -9  3  2
202602241600 108  34  1.2  -9 -9.0   -9 1013.5 1024.1 -9  -9.0   5.7  -6.5  41.0   3.8   -9.0   -9.0   -9.0   -9.0   -9.0   -9.0   -9.0 -9 -9 -                       10  10   45 As        -9   2   0  3078  0.0  0.63 -9   6.2   2.7  -0.3  -1.0  -0.5  -9 -9.0 -9  3  2
202602241700 108   5  1.4  -9 -9.0   -9 1013.6 1024.2 -9  -9.0   5.8  -7.7  37.0   3.4   -9.0   -9.0   -9.0   -9.0   -9.0   -9.0   -9.0 -9 -9 -                        9   0   -9 Ci         2   0   0  2973  0.0  0.56 -9   5.2   2.7  -0.1  -1.0  -0.5  -9 -9.0 -9  3  2
202602241800 108  36  1.4  -9 -9.0   -9 1013.7 1024.4  3   0.2   5.3  -8.9  35.0   3.1   -9.0   -9.0   -9.0   -9.0   -9.0   -9.0   -9.0 -9 -9 -                        2   0   -9 Ci         1   0   0  2904  0.6  0.41 -9   1.6   2.2   0.0  -0.9  -0.6  -9 -9.0 -9  3  2
202602241900 108  32  1.8  -9 -9.0   -9 1014.0 1024.7 -9  -9.0   4.0  -9.0  38.0   3.1   -9.0   -9.0   -9.0   -9.0   -9.0   -9.0   -9.0 -9 -9 -                        0   0   -9 -         -9  -9  -9  3023  0.0  0.02 -9   0.6   1.3  -0.3  -0.9  -0.5  -9 -9.0 -9  3 -9
202602242000 108  34  1.4  -9 -9.0   -9 1014.4 1025.2 -9  -9.0   3.1  -8.9  41.0   3.1   -9.0   -9.0   -9.0   -9.0   -9.0   -9.0   -9.0 -9 -9 -                        0   0   -9 -         -9  -9  -9  3152 -9.0 -9.00 -9   0.4   0.5  -0.6  -0.9  -0.4  -9 -9.0 -9  3 -9
202602242100 108   5  1.6  -9 -9.0   -9 1014.7 1025.5  2   1.1   2.0  -8.4  46.0   3.2   -9.0   -9.0   -9.0   -9.0   -9.0   -9.0   -9.0 -9 -9 -                        0   0   -9 -         -9  -9  -9  2901 -9.0 -9.00 -9   0.0   0.2  -0.8  -1.0  -0.3  -9 -9.0 -9  3  2
202602242200 108   2  0.7  -9 -9.0   -9 1014.7 1025.5 -9  -9.0   1.7  -7.6  50.0   3.5   -9.0   -9.0   -9.0   -9.0   -9.0   -9.0   -9.0 -9 -9 -                        0   0   -9 -         -9  -9  -9  2776 -9.0 -9.00 -9  -0.2   0.4  -0.9  -0.9  -0.3  -9 -9.0 -9  3 -9
202602242300 108   2  1.8  -9 -9.0   -9 1014.3 1025.1 -9  -9.0   1.3  -8.2  49.0   3.3   -9.0   -9.0   -9.0   -9.0   -9.0   -9.0   -9.0 -9 -9 -                        0   0   -9 -         -9  -9  -9  2989 -9.0 -9.00 -9  -0.6   0.3  -1.0  -0.9  -0.2  -9 -9.0 -9  3 -9
202602250000 108   2  1.4  -9 -9.0   -9 1013.9 1024.8  7  -0.7   0.6  -7.9  53.0   3.4   -9.0   -9.0   -9.0   -9.0   -9.0   -9.0   -9.0 -9 -9 -                        0   0   -9 -         -9  -9  -9  3043 -9.0 -9.00 -9  -0.9   0.2  -1.0  -0.9  -0.2  -9 -9.0 -9  3  2
202602250100 108   5  0.8  -9 -9.0   -9 1013.5 1024.4 -9  -9.0   0.5  -7.9  53.0   3.4   -9.0   -9.0   -9.0   -9.0   -9.0   -9.0   -9.0 -9 -9 -                        0   0   -9 -         -9  -9  -9  3003 -9.0 -9.00 -9  -1.0   0.2  -1.0  -0.8  -0.1  -9 -9.0 -9  3 -9
202602250200 108  34  0.6  -9 -9.0   -9 1013.3 1024.2 -9  -9.0   0.4  -7.8  54.0   3.4   -9.0   -9.0   -9.0   -9.0   -9.0   -9.0   -9.0 -9 -9 -                        0   0   -9 -         -9  -9  -9  3146 -9.0 -9.00 -9  -1.1   0.2  -0.9  -0.8  -0.2  -9 -9.0 -9  3 -9
202602250300 108   2  0.9  -9 -9.0   -9 1013.0 1023.9  7  -0.9   0.3  -8.1  53.0   3.3   -9.0   -9.0   -9.0   -9.0   -9.0   -9.0   -9.0 -9 -9 -                        0   0   -9 -         -9  -9  -9  3263 -9.0 -9.00 -9  -1.2   0.2  -0.9  -0.8  -0.1  -9 -9.0 -9  3  2
202602250400 108  36  0.6  -9 -9.0   -9 1013.0 1023.9 -9  -9.0  -0.1  -8.0  55.0   3.3   -9.0   -9.0   -9.0   -9.0   -9.0   -9.0   -9.0 -9 -9 -                        0   0   -9 -         -9  -9  -9  2987 -9.0 -9.00 -9  -1.4   0.2  -0.9  -0.7   0.0  -9 -9.0 -9  3  2
202602250500 108   7  1.2  -9 -9.0   -9 1013.0 1023.9 -9  -9.0  -0.6  -8.3  56.0   3.3   -9.0   -9.0   -9.0   -9.0   -9.0   -9.0   -9.0 -9 -9 -                        0   0   -9 -         -9  -9  -9  3079 -9.0 -9.00 -9  -1.4   0.2  -0.9  -0.6  -0.1  -9 -9.0 -9  3  2
202602250600 108   5  2.0  -9 -9.0   -9 1013.2 1024.1  2   0.2  -1.0  -8.6  56.0   3.2   -9.0   -9.0   -9.0   -9.0   -9.0   -9.0   -9.0 -9 -9 -                        0   0   -9 -         -9  -9  -9  2803 -9.0 -9.00 -9  -1.5   0.2  -0.9  -0.6   0.0  -9 -9.0 -9  3  2
202602250700 108   5  1.3  -9 -9.0   -9 1013.5 1024.4 -9  -9.0  -1.1  -8.5  57.0   3.2   -9.0   -9.0   -9.0   -9.0   -9.0   -9.0   -9.0 -9 -9 -                        0   0   -9 -         -9  -9  -9  2628 -9.0 -9.00 -9  -1.6   0.2  -0.8  -0.6   0.1  -9 -9.0 -9  3  2
202602250800 108   7  1.2  -9 -9.0   -9 1013.7 1024.6 -9  -9.0  -1.0  -8.4  57.0   3.2   -9.0   -9.0   -9.0   -9.0   -9.0   -9.0   -9.0 -9 -9 -                        0   0   -9 -         -9  -9  -9  2558  0.4  0.13 -9  -1.0   0.3  -0.8  -0.6   0.2  -9 -9.0 -9  3  2
202602250900 108   5  2.1  -9 -9.0   -9 1013.9 1024.7  2   0.6   2.6  -7.8  46.0   3.4   -9.0   -9.0   -9.0   -9.0   -9.0   -9.0   -9.0 -9 -9 -                        0   0   -9 -         -9  -9  -9  2527  1.0  0.73 -9   0.4   0.4  -1.0  -0.8   0.1  -9 -9.0 -9  3  2
202602251000 108   9  2.5  -9 -9.0   -9 1013.8 1024.4 -9  -9.0   6.8  -9.1  31.0   3.1   -9.0   -9.0   -9.0   -9.0   -9.0   -9.0   -9.0 -9 -9 -                        0   0   -9 -         -9  -9  -9  2694  1.0  1.56 -9   3.1   0.8  -0.9  -0.8  -0.1  -9 -9.0 -9  3  2
202602251100 108   5  3.1  -9 -9.0   -9 1013.8 1024.3 -9  -9.0   9.3  -9.7  25.0   2.9   -9.0   -9.0   -9.0   -9.0   -9.0   -9.0   -9.0 -9 -9 -                        0   0   -9 -         -9  -9  -9  3504  1.0  2.19 -9   7.6   1.2  -0.9  -0.8  -0.1  -9 -9.0 -9  3  2
202602251200 108   5  2.2  -9 -9.0   -9 1013.6 1024.0  7  -0.7  11.4  -9.6  22.0   3.0   -9.0   -9.0   -9.0   -9.0   -9.0   -9.0   -9.0 -9 -9 -                        0   0   -9 -         -9  -9  -9  3581  1.0  2.61 -9  11.9   1.7  -0.9  -0.8  -0.1  -9 -9.0 -9  3  2
202602251300 108   5  2.4  -9 -9.0   -9 1012.5 1022.8 -9  -9.0  13.3  -9.8  19.0   2.9   -9.0   -9.0   -9.0   -9.0   -9.0   -9.0   -9.0 -9 -9 -                        0   0   -9 -         -9  -9  -9  3333  1.0  2.82 -9  16.5   2.1  -0.8  -0.7  -0.1  -9 -9.0 -9  3  2
202602251400 108   5  2.1  -9 -9.0   -9 1011.9 1022.2 -9  -9.0  14.2 -10.5  17.0   2.8   -9.0   -9.0   -9.0   -9.0   -9.0   -9.0   -9.0 -9 -9 -                        0   0   -9 -         -9  -9  -9  4067  1.0  2.77 -9  17.4   2.7  -0.5  -0.7  -0.1  -9 -9.0 -9  3  2
202602251500 108   7  1.9  -9 -9.0   -9 1011.2 1021.4  7  -2.6  15.7 -10.1  16.0   2.8   -9.0   -9.0   -9.0   -9.0   -9.0   -9.0   -9.0 -9 -9 -                        0   0   -9 -         -9  -9  -9  3597  1.0  2.47 -9  15.7   4.3   0.1  -0.6  -0.2  -9 -9.0 -9  3  2
202602251600 108   9  2.3  -9 -9.0   -9 1011.0 1021.2 -9  -9.0  16.0  -9.0  17.0   3.1   -9.0   -9.0   -9.0   -9.0   -9.0   -9.0   -9.0 -9 -9 -                        0   0   -9 -         -9  -9  -9  3766  1.0  1.95 -9  12.8   5.2   0.9  -0.6  -0.1  -9 -9.0 -9  3  2
202602251700 108   7  1.6  -9 -9.0   -9 1010.9 1021.1 -9  -9.0  15.4  -8.8  18.0   3.1   -9.0   -9.0   -9.0   -9.0   -9.0   -9.0   -9.0 -9 -9 -                        0   0   -9 -         -9  -9  -9  3550  1.0  1.26 -9   9.5   5.4   1.5  -0.4  -0.1  -9 -9.0 -9  3  2
202602251800 108   7  2.5  -9 -9.0   -9 1010.8 1021.1  6  -0.3  13.9  -6.9  23.0   3.6   -9.0   -9.0   -9.0   -9.0   -9.0   -9.0   -9.0 -9 -9 -                        0   0   -9 -         -9  -9  -9  4048  0.9  0.49 -9   5.7   4.8   1.7  -0.2   0.1  -9 -9.0 -9  3  2
202602251900 108  29  0.9  -9 -9.0   -9 1011.5 1021.9 -9  -9.0  12.0  -6.9  26.0   3.6   -9.0   -9.0   -9.0   -9.0   -9.0   -9.0   -9.0 -9 -9 -                        0   0   -9 -         -9  -9  -9  3681  0.0  0.02 -9   3.3   4.0   1.6   0.1   0.2  -9 -9.0 -9  3 -9
202602252000 108  29  1.5  -9 -9.0   -9 1011.8 1022.2 -9  -9.0  10.7  -7.1  28.0   3.6   -9.0   -9.0   -9.0   -9.0   -9.0   -9.0   -9.0 -9 -9 -                        0   0   -9 -         -9  -9  -9  2417 -9.0 -9.00 -9   2.2   3.5   1.3   0.3   0.4  -9 -9.0 -9  3 -9
202602252100 108   9  1.1  -9 -9.0   -9 1012.2 1022.7  2   1.6   9.2  -6.6  32.0   3.7   -9.0   -9.0   -9.0   -9.0   -9.0   -9.0   -9.0 -9 -9 -                        0   0   -9 -         -9  -9  -9  2484 -9.0 -9.00 -9   1.2   3.1   1.1   0.5   0.6  -9 -9.0 -9  3  2
202602252200 108   2  1.3  -9 -9.0   -9 1012.7 1023.2 -9  -9.0   8.5  -5.0  38.0   4.2   -9.0   -9.0   -9.0   -9.0   -9.0   -9.0   -9.0 -9 -9 -                        0   0   -9 -         -9  -9  -9  2854 -9.0 -9.00 -9   0.6   2.6   0.9   0.6   0.7  -9 -9.0 -9  3 -9
202602252300 108   5  2.6  -9 -9.0   -9 1012.6 1023.2 -9  -9.0   7.3  -4.4  43.0   4.4   -9.0   -9.0   -9.0   -9.0   -9.0   -9.0   -9.0 -9 -9 -                        0   0   -9 -         -9  -9  -9  3749 -9.0 -9.00 -9   0.0   2.2   0.8   0.8   1.0  -9 -9.0 -9  3 -9
202602260000 108   5  2.5  -9 -9.0   -9 1012.7 1023.3  2   0.6   7.1  -2.3  51.0   5.2   -9.0   -9.0   -9.0   -9.0   -9.0   -9.0   -9.0 -9 -9 -                        0   0   -9 -         -9  -9  -9  3520 -9.0 -9.00 -9   0.1   2.0   0.7   0.9   1.0  -9 -9.0 -9  3  2
202602260100 108   9  2.5  -9 -9.0   -9 1012.6 1023.2 -9  -9.0   6.8  -1.8  54.0   5.4   -9.0   -9.0   -9.0   -9.0   -9.0   -9.0   -9.0 -9 -9 -                        0   0   -9 -         -9  -9  -9  3736 -9.0 -9.00 -9  -0.1   1.9   0.6   1.0   1.0  -9 -9.0 -9  3 -9
202602260200 108   7  2.2  -9 -9.0   -9 1012.7 1023.3 -9  -9.0   6.5  -1.6  56.0   5.4   -9.0   -9.0   -9.0   -9.0   -9.0   -9.0   -9.0 -9 -9 -                        0   0   -9 -         -9  -9  -9  3848 -9.0 -9.00 -9  -0.3   1.9   0.5   0.9   0.9  -9 -9.0 -9  3 -9
202602260300 108   5  1.8  -9 -9.0   -9 1012.9 1023.6  3   0.3   5.3  -2.7  56.0   5.0   -9.0   -9.0   -9.0   -9.0   -9.0   -9.0   -9.0 -9 -9 -                        0   0   -9 -         -9  -9  -9  3542 -9.0 -9.00 -9   0.5   1.6   0.4   0.9   1.1  -9 -9.0 -9  3  2
202602260400 108   5  2.2  -9 -9.0   -9 1013.1 1023.8 -9  -9.0   4.1  -3.4  58.0   4.8   -9.0   -9.0   -9.0   -9.0   -9.0   -9.0   -9.0 -9 -9 -                        0   0   -9 -         -9  -9  -9  3639 -9.0 -9.00 -9   0.5   1.3   0.3   0.9   1.0  -9 -9.0 -9  3  2
202602260500 108   5  3.1  -9 -9.0   -9 1012.8 1023.5 -9  -9.0   3.7  -2.7  63.0   5.0   -9.0   -9.0   -9.0   -9.0   -9.0   -9.0   -9.0 -9 -9 -                        0   0   -9 -         -9  -9  -9  3422 -9.0 -9.00 -9   0.4   1.1   0.2   0.9   1.0  -9 -9.0 -9  3  2
202602260600 108   5  3.1  -9 -9.0   -9 1012.3 1023.0  8  -0.6   3.4  -2.9  63.0   4.9   -9.0   -9.0   -9.0   -9.0   -9.0   -9.0   -9.0 -9 -9 -                        0   0   -9 -         -9  -9  -9  3496 -9.0 -9.00 -9   0.3   1.0   0.0   0.8   0.9  -9 -9.0 -9  3  2
202602260700 108   5  2.3  -9 -9.0   -9 1012.2 1022.9 -9  -9.0   3.2  -2.9  64.0   4.9   -9.0   -9.0   -9.0   -9.0   -9.0   -9.0   -9.0 -9 -9 -                        0   0   -9 -         -9  -9  -9  3535 -9.0 -9.00 -9   0.2   0.9   0.0   0.8   0.9  -9 -9.0 -9  3  2
202602260800 108   7  1.3  -9 -9.0   -9 1012.5 1023.2 -9  -9.0   3.4  -2.9  63.0   4.9   -9.0   -9.0   -9.0   -9.0   -9.0   -9.0   -9.0 -9 -9 -                        0   0   -9 -         -9  -9  -9  3578  0.5  0.14 -9   0.3   1.0  -0.1   0.7   1.0  -9 -9.0 -9  3  2
202602260900 108   9  2.4  -9 -9.0   -9 1012.5 1023.1  0   0.1   5.9  -1.9  57.0   5.3   -9.0   -9.0   -9.0   -9.0   -9.0   -9.0   -9.0 -9 -9 -                        0   0   -9 -         -9  -9  -9  3112  1.0  0.74 -9   0.6   1.5  -0.1   0.6   1.0  -9 -9.0 -9  3  2
202602261000 108   7  1.3  -9 -9.0   -9 1012.2 1022.7 -9  -9.0   8.1  -1.7  50.0   5.4   -9.0   -9.0   -9.0   -9.0   -9.0   -9.0   -9.0 -9 -9 -                        3   0   -9 Ci         1   0   0  3862  1.0  1.48 -9   8.2   2.7   0.2   0.6   0.8  -9 -9.0 -9  3  2
202602261100 108   7  1.9  -9 -9.0   -9 1011.8 1022.3 -9  -9.0   9.3  -1.4  47.0   5.5   -9.0   -9.0   -9.0   -9.0   -9.0   -9.0   -9.0 -9 -9 -                        7   0   -9 Ci         1   0   0  3189  1.0  1.56 -9  13.2   3.9   0.7   0.6   0.7  -9 -9.0 -9  3  2
202602261200 108   9  1.7  -9 -9.0   -9 1010.4 1020.8  7  -2.3  11.1  -2.0  40.0   5.3   -9.0   -9.0   -9.0   -9.0   -9.0   -9.0   -9.0 -9 -9 -                        8   0   -9 Ci         1   0   0  4017  1.0  2.37 -9  16.5   5.3   1.4   0.6   0.7  -9 -9.0 -9  3  2
202602261300 108   9  2.1  -9 -9.0   -9 1008.9 1019.2 -9  -9.0  12.7  -1.2  38.0   5.6   -9.0   -9.0   -9.0   -9.0   -9.0   -9.0   -9.0 -9 -9 -                        8   0   -9 Ci         1   0   0  3011  1.0  2.14 -9  18.3   6.7   2.2   0.6   0.7  -9 -9.0 -9  3  2
202602261400 108   7  2.3  -9 -9.0   -9 1007.6 1017.9 -9  -9.0  13.4  -1.7  35.0   5.4   -9.0   -9.0   -9.0   -9.0   -9.0   -9.0   -9.0 -9 -9 -                        8   0   -9 Ci         1   0   0  2539  0.9  2.23 -9  16.4   7.7   3.0   0.8   0.7  -9 -9.0 -9  3  2
202602261500 108   7  2.3  -9 -9.0   -9 1007.4 1017.7  7  -3.1  13.1  -2.0  35.0   5.3   -9.0   -9.0   -9.0   -9.0   -9.0   -9.0   -9.0 -9 -9 -                        9   0   -9 Ci         2   0   0  3260  0.0  1.16 -9  13.5   8.0   3.6   1.2   0.7  -9 -9.0 -9  3  2
202602261600 108   9  1.6  -9 -9.0   -9 1007.3 1017.6 -9  -9.0  12.5  -2.1  36.0   5.2   -9.0   -9.0   -9.0   -9.0   -9.0   -9.0   -9.0 -9 -9 -                        9   3   41 AcCi       2   3   0  3175  0.0  0.56 -9  11.0   7.7   3.9   1.5   0.9  -9 -9.0 -9  3  2
202602261700 108  29  2.5  -9 -9.0   -9 1007.3 1017.6 -9  -9.0  12.1  -1.4  39.0   5.5   -9.0   -9.0   -9.0   -9.0   -9.0   -9.0   -9.0 -9 -9 -                        8   3   43 AcCi       1   3   0  2315  0.1  0.57 -9  10.2   7.6   4.1   1.8   1.1  -9 -9.0 -9  3  2
202602261800 108  32  1.5  -9 -9.0   -9 1007.0 1017.4  7  -0.3  11.3  -0.5  44.0   5.9   -9.0   -9.0   -9.0   -9.0   -9.0   -9.0   -9.0 -9 -9 -                        7   2   47 AcCi       1   3   0  2358  0.1  0.29 -9   7.2   7.0   4.1   2.0   1.3  -9 -9.0 -9  3  2
202602261900 108  29  2.4  -9 -9.0   -9 1007.1 1017.5 -9  -9.0  10.2  -0.6  47.0   5.8   -9.0   -9.0   -9.0   -9.0   -9.0   -9.0   -9.0 -9 -9 -                        9   9   45 -         -9  -9  -9  2385  0.0  0.01 -9   5.8   6.2   3.9   2.3   1.6  -9 -9.0 -9  3 -9
202602262000 108  27  2.7  -9 -9.0   -9 1007.5 1017.9 -9  -9.0   9.4  -0.2  51.0   6.0   -9.0   -9.0   -9.0   -9.0   -9.0   -9.0   -9.0 -9 -9 -                       10  10   42 -         -9  -9  -9  1975 -9.0 -9.00 -9   5.3   5.8   3.7   2.5   1.7  -9 -9.0 -9  3 -9
202602262100 108  27  1.4  -9 -9.0   -9 1007.6 1018.1  2   0.7   8.5   0.2  56.0   6.2   -9.0   -9.0   -9.0   -9.0   -9.0   -9.0   -9.0 -9 -9 -                        8   6   42 AcCi       1   3   0  1975 -9.0 -9.00 -9   4.7   5.4   3.5   2.6   1.9  -9 -9.0 -9  3  2
202602262200 108  27  0.8  -9 -9.0   -9 1007.6 1018.1 -9  -9.0   8.3   0.2  57.0   6.2   -9.0   -9.0   -9.0   -9.0   -9.0   -9.0   -9.0 -9 -9 -                       10  10   37 -         -9  -9  -9  1878 -9.0 -9.00 -9   4.5   5.1   3.3   2.6   2.0  -9 -9.0 -9  3 -9
202602262300 108  34  1.6  -9 -9.0   -9 1007.5 1018.0 -9  -9.0   8.1   0.5  59.0   6.3   -9.0   -9.0   -9.0   -9.0   -9.0   -9.0   -9.0 -9 -9 -                        9   9   33 -         -9  -9  -9  1869 -9.0 -9.00 -9   4.3   4.9   3.2   2.7   2.1  -9 -9.0 -9  3 -9
202602270000 108   5  1.7  -9 -9.0   -9 1007.6 1018.1  4   0.0   8.0  -0.2  56.0   6.0   -9.0   -9.0   -9.0   -9.0   -9.0   -9.0   -9.0 -9 -9 -                        4   4   15 Sc         0   0   5  1999 -9.0 -9.00 -9   4.1   4.8   3.0   2.6   2.2  -9 -9.0 -9  3  2
202602270100 108   5  2.4  -9 -9.0   -9 1007.6 1018.1 -9  -9.0   7.8  -0.6  55.0   5.8   -9.0   -9.0   -9.0   -9.0   -9.0   -9.0   -9.0 -9 -9 -                        8   1   35 -         -9  -9  -9  2661 -9.0 -9.00 -9   3.5   4.6   2.9   2.6   2.2  -9 -9.0 -9  3 -9
202602270200 108   5  2.5  -9 -9.0   -9 1007.4 1017.9 -9  -9.0   7.8  -0.4  56.0   5.9   -9.0   -9.0   -9.0   -9.0   -9.0   -9.0   -9.0 -9 -9 -                        8   5   12 -         -9  -9  -9  3130 -9.0 -9.00 -9   4.0   4.4   2.8   2.6   2.2  -9 -9.0 -9  3 -9
202602270300 108   5  3.0  -9 -9.0   -9 1007.1 1017.6  7  -0.5   7.8  -0.4  56.0   5.9   -9.0   -9.0   -9.0   -9.0   -9.0   -9.0   -9.0 -9 -9 -                        8   8   14 Sc         0   0   5  2810 -9.0 -9.00 -9   4.1   4.5   2.7   2.6   2.1  -9 -9.0 -9  3  2
202602270400 108   5  2.7  -9 -9.0   -9 1006.7 1017.2 -9  -9.0   7.2   0.0  60.0   6.1   -9.0   -9.0   -9.0   -9.0   -9.0   -9.0   -9.0 -9 -9 -                        7   0   -9 Ci         1   0   0  3122 -9.0 -9.00 -9   2.9   4.4   2.7   2.5   2.3  -9 -9.0 -9  3  2
202602270500 108   5  2.6  -9 -9.0   -9 1005.9 1016.4 -9  -9.0   6.5   0.1  64.0   6.2   -9.0   -9.0   -9.0   -9.0   -9.0   -9.0   -9.0 -9 -9 -                        0   0   -9 -         -9  -9  -9  3843 -9.0 -9.00 -9   1.9   4.0   2.6   2.5   2.2  -9 -9.0 -9  3  2
202602270600 108   7  2.8  -9 -9.0   -9 1005.7 1016.2  7  -1.4   6.2   0.5  67.0   6.3   -9.0   -9.0   -9.0   -9.0   -9.0   -9.0   -9.0 -9 -9 -                        6   0   -9 Ci         1   0   0  3950 -9.0 -9.00 -9   1.9   3.8   2.4   2.5   2.3  -9 -9.0 -9  3  2
202602270700 108   5  3.3  -9 -9.0   -9 1005.5 1016.0 -9  -9.0   6.4   1.1  69.0   6.6   -9.0   -9.0   -9.0   -9.0   -9.0   -9.0   -9.0 -9 -9 -                        6   0   -9 Ci         1   0   0  4449 -9.0 -9.00 -9   1.9   3.7   2.2   2.4   2.4  -9 -9.0 -9  3  2
202602270800 108   5  2.9  -9 -9.0   -9 1006.4 1016.9 -9  -9.0   6.6   1.1  68.0   6.6   -9.0   -9.0   -9.0   -9.0   -9.0   -9.0   -9.0 -9 -9 -                        6   0   -9 Ci         1   0   0  4696  0.3  0.18 -9   3.6   3.7   2.2   2.4   2.2  -9 -9.0 -9  3  2
202602270900 108   5  3.8  -9 -9.0   -9 1006.6 1017.1  3   0.9   8.6   1.2  60.0   6.7   -9.0   -9.0   -9.0   -9.0   -9.0   -9.0   -9.0 -9 -9 -                        6   0   -9 Ci         1   0   0  4523  1.0  0.79 -9   7.5   4.2   2.2   2.3   2.1  -9 -9.0 -9  3  2
202602271000 108   5  3.8  -9 -9.0   -9 1006.8 1017.2 -9  -9.0   9.6   0.7  54.0   6.4   -9.0   -9.0   -9.0   -9.0   -9.0   -9.0   -9.0 -9 -9 -                        5   0   -9 Ci         1   0   0  4320  0.9  1.14 -9  11.2   5.0   2.4   2.2   2.2  -9 -9.0 -9  3  2
202602271100 108   5  3.0  -9 -9.0   -9 1006.6 1017.0 -9  -9.0  10.8   0.7  50.0   6.4   -9.0   -9.0   -9.0   -9.0   -9.0   -9.0   -9.0 -9 -9 -                        7   7   14 Sc         0   0   5  4523  1.0  1.86 -9  15.5   6.1   2.8   2.3   2.2  -9 -9.0 -9  3  2
202602271200 108   5  3.4  -9 -9.0   -9 1006.4 1016.7  8  -0.4  11.6   0.9  48.0   6.5   -9.0   -9.0   -9.0   -9.0   -9.0   -9.0   -9.0 -9 -9 -                        8   8   13 Sc         0   0   5  4324  0.3  1.66 -9  15.8   7.2   3.4   2.3   2.1  -9 -9.0 -9  3  2
202602271300 108   7  2.8  -9 -9.0   -9 1006.1 1016.4 -9  -9.0  13.0   1.0  44.0   6.6   -9.0   -9.0   -9.0   -9.0   -9.0   -9.0   -9.0 -9 -9 -                        6   6   16 Sc         0   0   5  4623  0.4  2.00 -9  20.1   8.1   4.0   2.4   2.1  -9 -9.0 -9  3  2
202602271400 108   7  2.5  -9 -9.0   -9 1004.9 1015.1 -9  -9.0  13.9   1.1  42.0   6.6   -9.0   -9.0   -9.0   -9.0   -9.0   -9.0   -9.0 -9 -9 -                        4   4   15 Sc         0   0   5  4097  0.6  2.20 -9  19.2   9.2   4.8   2.8   2.4  -9 -9.0 -9  3  2
202602271500 108  11  2.0  -9 -9.0   -9 1004.1 1014.3  7  -2.4  14.8   0.9  39.0   6.5   -9.0   -9.0   -9.0   -9.0   -9.0   -9.0   -9.0 -9 -9 -                        1   1   15 Sc         0   0   5  3878  0.9  2.11 -9  19.7   9.4   5.2   2.8   2.2  -9 -9.0 -9  3  2
202602271600 108   7  2.1  -9 -9.0   -9 1004.2 1014.4 -9  -9.0  14.0   0.2  39.0   6.2   -9.0   -9.0   -9.0   -9.0   -9.0   -9.0   -9.0 -9 -9 -                        1   1   16 Sc         0   0   5  4289  0.8  1.65 -9  15.3   9.4   5.6   3.1   2.3  -9 -9.0 -9  3  2
202602271700 108   5  1.5  -9 -9.0   -9 1004.0 1014.2 -9  -9.0  13.9   0.1  39.0   6.2   -9.0   -9.0   -9.0   -9.0   -9.0   -9.0   -9.0 -9 -9 -                        1   1   15 Sc         0   0   5  4254  1.0  1.19 -9  12.2   9.2   5.8   3.4   2.4  -9 -9.0 -9  3  2
202602271800 108   5  1.5  -9 -9.0   -9 1004.6 1014.9  3   0.6  12.7  -0.2  41.0   6.0   -9.0   -9.0   -9.0   -9.0   -9.0   -9.0   -9.0 -9 -9 -                        2   2   16 Sc         0   0   5  4114  0.7  0.40 -9   8.7   8.4   5.8   3.7   2.7  -9 -9.0 -9  3  2
202602271900 108   5  1.9  -9 -9.0   -9 1005.4 1015.7 -9  -9.0  11.3  -0.2  45.0   6.0   -9.0   -9.0   -9.0   -9.0   -9.0   -9.0   -9.0 -9 -9 -                        5   5   16 -         -9  -9  -9  4374  0.0  0.03 -9   6.7   7.4   5.6   4.0   3.0  -9 -9.0 -9  3 -9
202602272000 108   5  2.6  -9 -9.0   -9 1006.3 1016.7 -9  -9.0   9.8  -0.4  49.0   5.9   -9.0   -9.0   -9.0   -9.0   -9.0   -9.0   -9.0 -9 -9 -                        0   0   -9 -         -9  -9  -9  4615 -9.0 -9.00 -9   4.7   6.8   5.3   4.1   3.2  -9 -9.0 -9  3 -9
202602272100 108   5  1.8  -9 -9.0   -9 1007.2 1017.7  2   2.8   8.7  -0.3  53.0   6.0   -9.0   -9.0   -9.0   -9.0   -9.0   -9.0   -9.0 -9 -9 -                        0   0   -9 -         -9  -9  -9  4807 -9.0 -9.00 -9   3.9   6.4   4.9   4.2   3.4  -9 -9.0 -9  3  2
202602272200 108   5  2.6  -9 -9.0   -9 1007.8 1018.3 -9  -9.0   7.7  -0.7  55.0   5.8   -9.0   -9.0   -9.0   -9.0   -9.0   -9.0   -9.0 -9 -9 -                        0   0   -9 -         -9  -9  -9  4703 -9.0 -9.00 -9   3.1   5.9   4.6   4.1   3.4  -9 -9.0 -9  3 -9
202602272300 108   2  2.4  -9 -9.0   -9 1008.1 1018.6 -9  -9.0   6.8  -1.3  56.0   5.6   -9.0   -9.0   -9.0   -9.0   -9.0   -9.0   -9.0 -9 -9 -                        0   0   -9 -         -9  -9  -9  4522 -9.0 -9.00 -9   2.3   5.4   4.3   4.2   3.5  -9 -9.0 -9  3 -9
202602280000 108   5  2.8  -9 -9.0   -9 1008.4 1019.0  2   1.3   6.1  -0.6  62.0   5.8   -9.0   -9.0   -9.0   -9.0   -9.0   -9.0   -9.0 -9 -9 -                        0   0   -9 -         -9  -9  -9  4545 -9.0 -9.00 -9   1.9   4.9   3.9   4.1   3.5  -9 -9.0 -9  3  2
202602280100 108   5  2.4  -9 -9.0   -9 1008.7 1019.3 -9  -9.0   5.3  -1.4  62.0   5.5   -9.0   -9.0   -9.0   -9.0   -9.0   -9.0   -9.0 -9 -9 -                        0   0   -9 -         -9  -9  -9  4386 -9.0 -9.00 -9   1.3   4.6   3.6   4.0   3.6  -9 -9.0 -9  3 -9
202602280200 108   2  2.1  -9 -9.0   -9 1009.2 1019.8 -9  -9.0   4.6  -1.6  64.0   5.4   -9.0   -9.0   -9.0   -9.0   -9.0   -9.0   -9.0 -9 -9 -                        0   0   -9 -         -9  -9  -9  4212 -9.0 -9.00 -9   0.7   4.1   3.3   3.8   3.5  -9 -9.0 -9  3 -9
202602280300 108  36  1.1  -9 -9.0   -9 1009.8 1020.5  2   1.5   4.3  -1.2  67.0   5.6   -9.0   -9.0   -9.0   -9.0   -9.0   -9.0   -9.0 -9 -9 -                        0   0   -9 -         -9  -9  -9  3590 -9.0 -9.00 -9   0.6   3.7   3.0   3.8   3.6  -9 -9.0 -9  3  2
202602280400 108   5  3.0  -9 -9.0   -9 1009.5 1020.2 -9  -9.0   3.7  -1.0  71.0   5.7   -9.0   -9.0   -9.0   -9.0   -9.0   -9.0   -9.0 -9 -9 -                        0   0   -9 -         -9  -9  -9  3648 -9.0 -9.00 -9   0.7   3.4   2.7   3.6   3.6  -9 -9.0 -9  3  2
202602280500 108   5  1.3  -9 -9.0   -9 1010.0 1020.7 -9  -9.0   3.3  -1.8  69.0   5.4   -9.0   -9.0   -9.0   -9.0   -9.0   -9.0   -9.0 -9 -9 -                        0   0   -9 -         -9  -9  -9  3461 -9.0 -9.00 -9   0.7   3.2   2.5   3.4   3.4  -9 -9.0 -9  3  2
202602280600 108   5  1.9  -9 -9.0   -9 1010.8 1021.5  3   1.0   2.8  -1.5  73.0   5.5   -9.0   -9.0   -9.0   -9.0   -9.0   -9.0   -9.0 -9 -9 -                        0   0   -9 -         -9  -9  -9  3222 -9.0 -9.00 -9   0.7   2.9   2.3   3.4   3.4  -9 -9.0 -9  3  2
202602280700 108   5  1.7  -9 -9.0   -9 1011.4 1022.2 -9  -9.0   2.2  -1.9  74.0   5.3   -9.0   -9.0   -9.0   -9.0   -9.0   -9.0   -9.0 -9 -9 -                        0   0   -9 -         -9  -9  -9  3077 -9.0 -9.00 -9   0.5   2.6   2.0   3.2   3.4  -9 -9.0 -9  3  2
202602280800 108   5  1.7  -9 -9.0   -9 1012.1 1022.9 -9  -9.0   2.4  -1.5  75.0   5.5   -9.0   -9.0   -9.0   -9.0   -9.0   -9.0   -9.0 -9 -9 -                        0   0   -9 -         -9  -9  -9  3112  0.3  0.14 -9   0.5   2.5   1.8   3.0   3.3  -9 -9.0 -9  3  2
202602280900 108   5  1.8  -9 -9.0   -9 1012.4 1023.1  2   1.6   4.7  -0.3  70.0   6.0   -9.0   -9.0   -9.0   -9.0   -9.0   -9.0   -9.0 -9 -9 -                        0   0   -9 -         -9  -9  -9  3120  1.0  0.66 -9   0.8   3.0   1.8   3.0   3.1  -9 -9.0 -9  3  2
202602281000 108   9  1.8  -9 -9.0   -9 1012.4 1023.0 -9  -9.0   7.6  -0.3  57.0   6.0   -9.0   -9.0   -9.0   -9.0   -9.0   -9.0   -9.0 -9 -9 -                        0   0   -9 -         -9  -9  -9  2589  1.0  1.42 -9  11.1   4.1   2.0   2.8   3.0  -9 -9.0 -9  3  2
202602281100 108   9  1.8  -9 -9.0   -9 1012.2 1022.7 -9  -9.0  10.0  -0.2  49.0   6.0   -9.0   -9.0   -9.0   -9.0   -9.0   -9.0   -9.0 -9 -9 -                        0   0   -9 -         -9  -9  -9  3584  1.0  2.06 -9  16.3   5.5   2.5   2.6   2.9  -9 -9.0 -9  3  2
202602281200 108   7  2.3  -9 -9.0   -9 1011.6 1022.0  7  -1.1  12.6  -0.3  41.0   6.0   -9.0   -9.0   -9.0   -9.0   -9.0   -9.0   -9.0 -9 -9 -                        0   0   -9 -         -9  -9  -9  3292  1.0  2.49 -9  19.6   6.9   3.1   2.6   2.8  -9 -9.0 -9  3  2
202602281300 108   7  2.3  -9 -9.0   -9 1010.8 1021.1 -9  -9.0  14.3  -0.9  35.0   5.7   -9.0   -9.0   -9.0   -9.0   -9.0   -9.0   -9.0 -9 -9 -                        0   0   -9 -         -9  -9  -9  3997  1.0  2.71 -9  21.2   8.1   3.9   2.7   2.7  -9 -9.0 -9  3  2
202602281400 108  11  2.2  -9 -9.0   -9 1010.2 1020.4 -9  -9.0  15.8  -0.8  32.0   5.8   -9.0   -9.0   -9.0   -9.0   -9.0   -9.0   -9.0 -9 -9 -                        0   0   -9 -         -9  -9  -9  3468  1.0  2.67 -9  21.4   9.0   4.7   2.9   2.7  -9 -9.0 -9  3  2
202602281500 108   9  2.6  -9 -9.0   -9 1009.9 1020.1  7  -1.9  16.2  -1.8  29.0   5.4   -9.0   -9.0   -9.0   -9.0   -9.0   -9.0   -9.0 -9 -9 -                        0   0   -9 -         -9  -9  -9  3456  1.0  2.38 -9  20.5   9.7   5.4   3.1   2.6  -9 -9.0 -9  3  2
202602281600 108   7  1.7  -9 -9.0   -9 1010.0 1020.2 -9  -9.0  16.7  -2.4  27.0   5.1   -9.0   -9.0   -9.0   -9.0   -9.0   -9.0   -9.0 -9 -9 -                        0   0   -9 -         -9  -9  -9  3555  1.0  1.86 -9  17.3  10.0   6.0   3.5   3.0  -9 -9.0 -9  3  2
202602281700 108   9  1.4  -9 -9.0   -9 1009.9 1020.1 -9  -9.0  16.3  -2.7  27.0   5.0   -9.0   -9.0   -9.0   -9.0   -9.0   -9.0   -9.0 -9 -9 -                        0   0   -9 -         -9  -9  -9  3921  1.0  1.19 -9  13.0   9.9   6.3   3.8   3.0  -9 -9.0 -9  3  2
202602281800 108   7  1.5  -9 -9.0   -9 1009.9 1020.1  4   0.0  15.1  -3.3  28.0   4.8   -9.0   -9.0   -9.0   -9.0   -9.0   -9.0   -9.0 -9 -9 -                        1   0   -9 Ci         1   0   0  3787  0.9  0.42 -9   9.2   9.1   6.4   4.3   3.2  -9 -9.0 -9  3  2
202602281900 108  25  3.4  -9 -9.0   -9 1010.7 1021.1 -9  -9.0  12.4   0.1  43.0   6.2   -9.0   -9.0   -9.0   -9.0   -9.0   -9.0   -9.0 -9 -9 -                        2   0   -9 -         -9  -9  -9  2605  0.0  0.03 -9   6.7   8.2   6.4   5.0   4.0  -9 -9.0 -9  3 -9
202602282000 108  25  2.2  -9 -9.0   -9 1011.1 1021.5 -9  -9.0  11.2   0.2  47.0   6.2   -9.0   -9.0   -9.0   -9.0   -9.0   -9.0   -9.0 -9 -9 -                        0   0   -9 -         -9  -9  -9  2598 -9.0 -9.00 -9   5.6   7.5   6.1   5.1   4.2  -9 -9.0 -9  3 -9
202602282100 108  23  1.1  -9 -9.0   -9 1011.5 1021.9  2   1.8  10.2   0.2  50.0   6.2   -9.0   -9.0   -9.0   -9.0   -9.0   -9.0   -9.0 -9 -9 -                        0   0   -9 -         -9  -9  -9  2449 -9.0 -9.00 -9   4.6   6.9   5.8   5.2   4.4  -9 -9.0 -9  3  2
202602282200 108   2  1.6  -9 -9.0   -9 1012.4 1022.9 -9  -9.0   9.2  -0.1  52.0   6.1   -9.0   -9.0   -9.0   -9.0   -9.0   -9.0   -9.0 -9 -9 -                        0   0   -9 -         -9  -9  -9  2309 -9.0 -9.00 -9   3.7   6.4   5.4   5.1   4.4  -9 -9.0 -9  3 -9
202602282300 108   7  2.5  -9 -9.0   -9 1012.9 1023.4 -9  -9.0   8.5  -1.3  50.0   5.6   -9.0   -9.0   -9.0   -9.0   -9.0   -9.0   -9.0 -9 -9 -                        5   1   -9 -         -9  -9  -9  2460 -9.0 -9.00 -9   3.4   6.0   5.1   5.1   4.5  -9 -9.0 -9  3 -9
#7777END
