#START7777
#2345678901234567890123456789012345678901234567890123456789012345678901234567890123456789012345678901234567890123456789012345678901234567890123456789012345678901234567890123456789012345678901234567890123456789012345678901234567890123456789012345678901234
# YYMMDDHHMI STN  WD   WS GST  GST  GST     PA     PS PT    PR    TA    TD    HM    PV     RN     RN     RN     RN     SD     SD     SD WC WP WW                      CA  CA   CH CT        CT  CT  CT    VS   SS    SI ST    TS    TE    TE    TE    TE  ST   WH BF IR IX
#        KST  ID  16  m/s  WD   WS   TM    hPa    hPa  -   hPa     C     C     %   hPa     mm    DAY    JUN    INT    HR3    DAY    TOT -- -- ---------------------- TOT MID  MIN -------- TOP MID LOW                  GD     C     5    10    20    30 SEA    m --  -  -
202603010000 108   7  1.7  -9 -9.0   -9 1013.1 1023.6  2   1.7   8.4  -0.9  52.0   5.7   -9.0   -9.0   -9.0   -9.0   -9.0   -9.0   -9.0 -9 -9 -                        7   0   -9 Ci         1   0   0  2988 -9.0 -9.00 -9   3.3   5.7   4.8   5.1   4.6  -9 -9.0 -9  3  2
202603010100 108   7  1.9  -9 -9.0   -9 1014.2 1024.8 -9  -9.0   8.0  -0.2  56.0   6.0   -9.0   -9.0   -9.0   -9.0   -9.0   -9.0   -9.0 -9 -9 -                        5   1   72 -         -9  -9  -9  3373 -9.0 -9.00 -9   2.9   5.6   4.5   4.9   4.6  -9 -9.0 -9  3 -9
202603010200 108   5  3.1  -9 -9.0   -9 1015.2 1025.8 -9  -9.0   7.5   0.0  59.0   6.1   -9.0   -9.0   -9.0   -9.0   -9.0   -9.0   -9.0 -9 -9 -                        8   6   56 -         -9  -9  -9  3074 -9.0 -9.00 -9   3.5   5.4   4.4   4.9   4.6  -9 -9.0 -9  3 -9
202603010300 108   7  2.8  -9 -9.0   -9 1015.4 1026.0  2   2.4   7.2   0.1  61.0   6.2   -9.0   -9.0   -9.0   -9.0   -9.0   -9.0   -9.0 -9 -9 -                        8   0   -9 Ci         1   0   0  2922 -9.0 -9.00 -9   3.4   5.4   4.2   4.7   4.5  -9 -9.0 -9  3  2
202603010400 108   7  3.1  -9 -9.0   -9 1014.7 1025.3 -9  -9.0   6.6   0.0  63.0   6.1   -9.0   -9.0   -9.0   -9.0   -9.0   -9.0   -9.0 -9 -9 -                        8   0   -9 Ci         1   0   0  3117 -9.0 -9.00 -9   3.2   5.2   4.2   4.8   4.4  -9 -9.0 -9  3  2
202603010500 108   7  3.2  -9 -9.0   -9 1013.9 1024.5 -9  -9.0   6.4   0.0  64.0   6.1   -9.0   -9.0   -9.0   -9.0   -9.0   -9.0   -9.0 -9 -9 -                        8   3   45 AcCi       1   3   0  2859 -9.0 -9.00 -9   3.4   5.1   4.0   4.5   4.5  -9 -9.0 -9  3  2
202603010600 108   5  4.2  -9 -9.0   -9 1013.9 1024.5  6  -1.5   6.3   0.1  65.0   6.2   -9.0   -9.0   -9.0   -9.0   -9.0   -9.0   -9.0 -9 -9 -                        7   3   45 AcCi       1   3   0  2632 -9.0 -9.00 -9   3.3   5.1   3.9   4.4   4.4  -9 -9.0 -9  3  2
202603010700 108   5  4.3  -9 -9.0   -9 1014.0 1024.6 -9  -9.0   5.8   0.1  67.0   6.2   -9.0   -9.0   -9.0   -9.0   -9.0   -9.0   -9.0 -9 -9 -                        2   2   44 Ac         0   3   0  2587 -9.0 -9.00 -9   2.5   4.9   3.8   4.4   4.2  -9 -9.0 -9  3  2
202603010800 108   5  4.0  -9 -9.0   -9 1014.9 1025.5 -9  -9.0   6.1   0.4  67.0   6.3   -9.0   -9.0   -9.0   -9.0   -9.0   -9.0   -9.0 -9 -9 -                        8   8   44 Ac         0   3   0  2743  0.0  0.11 -9   4.3   4.8   3.7   4.3   4.4  -9 -9.0 -9  3  2
202603010900 108   5  4.3  -9 -9.0   -9 1015.2 1025.8  2   1.3   7.7   0.6  61.0   6.4   -9.0   -9.0   -9.0   -9.0   -9.0   -9.0   -9.0 -9 -9 -                        8   8   39 Ac         0   3   0  2814  0.3  0.56 -9   9.1   5.3   3.7   4.1   4.2  -9 -9.0 -9  3  2
202603011000 108   7  3.0  -9 -9.0   -9 1014.7 1025.2 -9  -9.0  10.0   0.8  53.0   6.5   -9.0   -9.0   -9.0   -9.0   -9.0   -9.0   -9.0 -9 -9 -                        4   4   39 Ac         0   3   0  3101  0.9  1.40 -9  13.9   6.3   3.9   4.0   4.0  -9 -9.0 -9  3  2
202603011100 108   9  2.8  -9 -9.0   -9 1014.1 1024.5 -9  -9.0  10.9   0.3  48.0   6.2   -9.0   -9.0   -9.0   -9.0   -9.0   -9.0   -9.0 -9 -9 -                        8   8   32 Ac         0   3   0  3014  0.6  1.52 -9  13.1   7.5   4.4   4.0   3.9  -9 -9.0 -9  3  2
202603011200 108   5  4.1  -9 -9.0   -9 1013.8 1024.2  7  -1.6  11.8   0.2  45.0   6.2   -9.0   -9.0   -9.0   -9.0   -9.0   -9.0   -9.0 -9 -9 -                        9   9   31 Ac         0   3   0  3357  0.2  1.45 -9  14.9   8.5   5.0   4.1   3.9  -9 -9.0 -9  3  2
202603011300 108   5  4.0  -9 -9.0   -9 1013.7 1024.1 -9  -9.0  11.9   0.3  45.0   6.2   -9.0   -9.0   -9.0   -9.0   -9.0   -9.0   -9.0 -9 -9 -                        9   9   30 Ac         0   3   0  3463  0.0  1.03 -9  14.1   8.9   5.4   4.2   4.0  -9 -9.0 -9  3  2
202603011400 108   5  3.3  -9 -9.0   -9 1014.1 1024.5 -9  -9.0  11.8   0.0  44.0   6.1   -9.0   -9.0   -9.0   -9.0   -9.0   -9.0   -9.0 -9 -9 -                       10  10   29 As        -9   2   0  3447  0.0  0.59 -9  12.3   8.9   5.7   4.4   4.0  -9 -9.0 -9  3  2
202603011500 108   5  3.4  -9 -9.0   -9 1013.3 1023.7  8  -0.5  12.6   0.0  42.0   6.1   -9.0   -9.0   -9.0   -9.0   -9.0   -9.0   -9.0 -9 -9 -                        9   7   30 AcCi       1   3   0  3024  0.0  1.02 -9  14.5   9.4   6.0   4.5   4.0  -9 -9.0 -9  3  2
202603011600 108   5  4.1  -9 -9.0   -9 1012.7 1023.1 -9  -9.0  12.3   0.0  43.0   6.1   -9.0   -9.0   -9.0   -9.0   -9.0   -9.0   -9.0 -9 -9 -                        9   9   28 Ac         0   3   0  3016  0.1  0.96 -9  12.3   9.5   6.3   4.7   4.3  -9 -9.0 -9  3  2
202603011700 108   5  3.7  -9 -9.0   -9 1012.9 1023.3 -9  -9.0  11.9   0.6  46.0   6.4   -9.0   -9.0   -9.0   -9.0   -9.0   -9.0   -9.0 -9 -9 -                        9   3   19 ScAc       0   3   5  3393  0.0  0.36 -9  10.2   9.1   6.4   4.9   4.3  -9 -9.0 -9  3  2
202603011800 108   5  4.6  -9 -9.0   -9 1013.1 1023.5  5  -0.2  10.9   0.8  50.0   6.5    0.0    0.0    0.0   -9.0   -9.0   -9.0   -9.0 60 62 01                      10   5   15 ScAs      -9   2   5  3671  0.0  0.09 -9   8.3   8.6   6.4   5.1   4.3  -9 -9.0 -9  4  1
202603011900 108   7  3.8   7 10.0 1819 1013.5 1024.0 -9  -9.0  10.1   0.4  51.0   6.3   -9.0    0.0    0.0   -9.0   -9.0   -9.0   -9.0 21 62 01                      10  10   27 As        -9   2   0  4247  0.0  0.01 -9   7.4   8.1   6.2   5.2   4.6  -9 -9.0 -9  4  1
202603012000 108   5  4.4  -9 -9.0   -9 1013.7 1024.2 -9  -9.0   9.5   0.1  52.0   6.2   -9.0    0.0    0.0   -9.0   -9.0   -9.0   -9.0 -9 -9 -                       10   2   24 -         -9  -9  -9  3981 -9.0 -9.00 -9   6.9   7.8   6.0   5.3   4.7  -9 -9.0 -9  3 -9
202603012100 108   5  3.2   7 10.0 1819 1013.5 1024.0  0   0.5   9.1   0.5  55.0   6.3    0.0    0.0    0.0   -9.0   -9.0   -9.0   -9.0 -9 62 -                       10  10   23 As        -9   2   0  3843 -9.0 -9.00 -9   6.5   7.5   5.8   5.3   4.8  -9 -9.0 -9  3  1
202603012200 108   5  4.3  -9 -9.0   -9 1013.4 1023.9 -9  -9.0   8.7   0.6  57.0   6.4   -9.0    0.0    0.0   -9.0   -9.0   -9.0   -9.0 -9 -9 -                       10  10   27 -         -9  -9  -9  4002 -9.0 -9.00 -9   6.2   7.3   5.7   5.4   4.8  -9 -9.0 -9  3 -9
202603012300 108   5  3.5  -9 -9.0   -9 1013.2 1023.7 -9  -9.0   8.2   0.6  59.0   6.4   -9.0    0.0    0.0   -9.0   -9.0   -9.0   -9.0 -9 -9 -                       10  10   29 -         -9  -9  -9  4203 -9.0 -9.00 -9   6.0   7.0   5.6   5.3   5.0  -9 -9.0 -9  3 -9
202603020000 108   7  3.5  -9 -9.0   -9 1012.4 1023.0  7  -1.0   7.5   1.1  64.0   6.6   -9.0    0.0    0.0   -9.0   -9.0   -9.0   -9.0 -9 -9 -                        5   3   32 AcCi       1   3   0  4403 -9.0 -9.00 -9   5.3   6.8   5.4   5.3   4.9  -9 -9.0 -9  3  2
202603020100 108   7  3.7  -9 -9.0   -9 1013.0 1023.6 -9  -9.0   7.2   1.0  65.0   6.6   -9.0   -9.0   -9.0   -9.0   -9.0   -9.0   -9.0 -9 -9 -                        9   9   23 -         -9  -9  -9  4766 -9.0 -9.00 -9   5.3   6.6   5.2   5.3   5.0  -9 -9.0 -9  3 -9
202603020200 108   5  3.9  -9 -9.0   -9 1013.5 1024.1 -9  -9.0   7.0   0.4  63.0   6.3   -9.0   -9.0   -9.0   -9.0   -9.0   -9.0   -9.0 -9 -9 -                       10   1   12 -         -9  -9  -9  4942 -9.0 -9.00 -9   5.2   6.4   5.1   5.2   4.9  -9 -9.0 -9  3 -9
202603020300 108   5  4.6  -9 -9.0   -9 1012.8 1023.4  0   0.4   6.9   0.1  62.0   6.2   -9.0   -9.0   -9.0   -9.0   -9.0   -9.0   -9.0 -9 -9 -                       10   4   10 ScAs      -9   2   5  4947 -9.0 -9.00 -9   5.1   6.3   5.0   5.2   4.9  -9 -9.0 -9  3  2
202603020400 108   5  4.1   7 10.0  339 1011.8 1022.4 -9  -9.0   6.7   0.0  62.0   6.1   -9.0   -9.0   -9.0   -9.0   -9.0   -9.0   -9.0 -9 -9 -                       10  10   32 As        -9   2   0  5000 -9.0 -9.00 -9   4.9   6.2   4.9   5.1   4.9  -9 -9.0 -9  3  2
202603020500 108   5  4.9  -9 -9.0   -9 1011.4 1022.0 -9  -9.0   6.7   0.0  62.0   6.1   -9.0   -9.0   -9.0   -9.0   -9.0   -9.0   -9.0 -9 -9 -                       10  10   26 As        -9   2   0  5000 -9.0 -9.00 -9   4.9   6.1   4.8   5.1   4.9  -9 -9.0 -9  3  2
202603020600 108   5  5.3   7 10.0  339 1011.2 1021.8  7  -1.6   6.8   0.2  63.0   6.2   -9.0   -9.0   -9.0   -9.0   -9.0   -9.0   -9.0 -9 -9 -                       10  10   25 As        -9   2   0  5000 -9.0 -9.00 -9   4.9   6.0   4.7   5.1   4.9  -9 -9.0 -9  3  2
202603020700 108   5  5.6   5 11.0  604 1011.2 1021.8 -9  -9.0   6.8   0.0  62.0   6.1   -9.0    0.0    0.0   -9.0   -9.0   -9.0   -9.0 60 62 01                      10   5   15 ScAs      -9   2   5  4972 -9.0 -9.00 -9   4.9   5.9   4.6   5.0   4.7  -9 -9.0 -9  4  1
202603020800 108   5  5.6   5 10.0  751 1011.3 1021.9 -9  -9.0   6.8   0.4  64.0   6.3   -9.0    0.0    0.0   -9.0   -9.0   -9.0   -9.0 61 66 01                      10   5   15 ScAs      -9   2   5  4959  0.0  0.03 -9   5.2   5.9   4.6   4.9   4.8  -9 -9.0 -9  4  1
202603020900 108   5  5.0   5 11.0  604 1012.1 1022.7  2   0.9   5.6   2.4  80.0   7.3    0.7    0.7    0.7   -9.0   -9.0   -9.0   -9.0 61 66 01                      10   8    6 StNs      -9   2   7  1607  0.0  0.06 -9   5.0   5.5   4.5   4.8   4.8  -9 -9.0 -9  1  1
202603021000 108   5  5.3   5 10.0  955 1012.2 1022.9 -9  -9.0   5.1   2.9  86.0   7.5   -9.0    2.4    2.4   -9.0   -9.0   -9.0   -9.0 61 66 01                      10   8    5 StNs      -9   2   7  1207  0.0  0.14 -9   5.4   5.4   4.4   4.7   4.8  -9 -9.0 -9  4  1
202603021100 108   5  6.1   7 11.0 1037 1011.8 1022.5 -9  -9.0   4.7   2.8  88.0   7.5   -9.0    3.4    3.4   -9.0   -9.0   -9.0   -9.0 61 66 01                      10   7    4 StNs      -9   2   7  1897  0.0  0.26 -9   6.0   5.4   4.3   4.8   4.6  -9 -9.0 -9  4  1
202603021200 108   7  5.1   7 11.0 1037 1011.2 1021.9  8  -0.8   4.7   3.0  89.0   7.6    3.6    4.3    4.3   -9.0   -9.0   -9.0   -9.0 61 66 01                      10   9    3 StNs      -9   2   7  1806  0.0  0.35 -9   6.6   5.4   4.2   4.7   4.7  -9 -9.0 -9  4  1
202603021300 108   7  5.8   5 11.0 1257 1010.4 1021.1 -9  -9.0   4.6   2.7  88.0   7.4   -9.0    5.3    5.3   -9.0   -9.0   -9.0   -9.0 61 66 01                      10   6    6 StNs      -9   2   7  2148  0.0  0.52 -9   7.2   5.5   4.3   4.6   4.7  -9 -9.0 -9  4  1
202603021400 108   5  6.2   5 12.0 1310 1009.7 1020.3 -9  -9.0   5.0   3.3  89.0   7.7   -9.0    6.0    6.0   -9.0   -9.0   -9.0   -9.0 61 66 01                      10   6    6 StNs      -9   2   7  2202  0.0  0.56 -9   7.7   5.6   4.4   4.6   4.6  -9 -9.0 -9  4  1
202603021500 108   5  5.5   5 12.0 1310 1009.5 1020.1  7  -1.8   5.0   3.3  89.0   7.7    2.5    6.8    6.8   -9.0   -9.0   -9.0   -9.0 61 66 01                      10   8    5 StNs      -9   2   7  2468  0.0  0.46 -9   7.1   5.7   4.4   4.6   4.5  -9 -9.0 -9  4  1
202603021600 108   5  6.0   5 12.0 1547 1008.8 1019.4 -9  -9.0   5.0   3.1  88.0   7.6   -9.0    7.3    7.3   -9.0   -9.0   -9.0   -9.0 61 66 01                      10   8    5 StNs      -9   2   7  2052  0.0  0.32 -9   6.2   5.7   4.4   4.5   4.6  -9 -9.0 -9  4  1
202603021700 108   5  7.1   5 12.0 1656 1008.3 1018.9 -9  -9.0   4.6   2.6  87.0   7.4   -9.0    7.8    7.8   -9.0   -9.0   -9.0   -9.0 61 66 01                      10   7    6 StNs      -9   2   7  2492  0.0  0.14 -9   5.1   5.5   4.3   4.5   4.7  -9 -9.0 -9  4  1
202603021800 108   7  6.6   7 13.0 1749 1008.6 1019.2  5  -0.9   4.4   2.0  85.0   7.1    1.2    8.0    8.0   -9.0   -9.0   -9.0   -9.0 61 66 01                      10   6    6 StNs      -9   2   7  3103  0.0  0.08 -9   4.4   5.2   4.2   4.7   4.6  -9 -9.0 -9  4  1
202603021900 108   5  7.2   7 13.0 1810 1009.3 1020.0 -9  -9.0   3.8   1.8  87.0   7.0   -9.0    8.7    8.7   -9.0   -9.0   -9.0   -9.0 61 66 01                      10   6    6 StNs      -9   2   7  1906  0.0  0.01 -9   3.8   5.0   4.1   4.6   4.6  -9 -9.0 -9  4  1
202603022000 108   7  5.6   5 13.0 1928 1009.7 1020.4 -9  -9.0   3.3   1.6  89.0   6.9   -9.0    9.7    9.7   -9.0   -9.0   -9.0   -9.0 61 66 01                      10   7    5 StNs      -9   2   7  1591 -9.0 -9.00 -9   3.4   4.8   3.9   4.5   4.6  -9 -9.0 -9  4  1
202603022100 108   7  5.7   5 13.0 1928 1010.2 1020.9  2   1.7   2.9   1.5  91.0   6.8    2.9   10.9   10.9   -9.0   -9.0   -9.0   -9.0 61 66 01                      10   7    5 StNs      -9   2   7  1952 -9.0 -9.00 -9   3.0   4.5   3.8   4.5   4.6  -9 -9.0 -9  1  1
202603022200 108   5  5.0   7 10.0 2116 1010.5 1021.2 -9  -9.0   2.8   1.6  92.0   6.9   -9.0   11.7   11.7   -9.0   -9.0   -9.0   -9.0 61 66 01                      10   7    5 StNs      -9   2   7  2687 -9.0 -9.00 -9   3.0   4.3   3.6   4.5   4.5  -9 -9.0 -9  4  1
202603022300 108   7  4.9   5 10.0 2211 1010.6 1021.3 -9  -9.0   2.9   1.4  90.0   6.8   -9.0   11.9   11.9   -9.0   -9.0   -9.0   -9.0 61 66 01                      10   7    5 StNs      -9   2   7  3757 -9.0 -9.00 -9   3.0   4.3   3.5   4.4   4.5  -9 -9.0 -9  4  1
202603030000 108   7  3.7   7 10.0 2116 1010.9 1021.6  2   0.7   3.0   1.3  89.0   6.7    1.3   12.2   12.2   -9.0   -9.0   -9.0   -9.0 61 66 01                      10   7    7 StNs      -9   2   7  2209 -9.0 -9.00 -9   3.0   4.2   3.4   4.3   4.5  -9 -9.0 -9  4  1
202603030100 108   5  3.1  -9 -9.0   -9 1011.2 1021.9 -9  -9.0   2.7   1.5  92.0   6.8   -9.0    0.5    0.5   -9.0   -9.0   -9.0   -9.0 61 66 01                      10   8    5 StNs      -9   2   7  1772 -9.0 -9.00 -9   3.0   4.1   3.3   4.2   4.5  -9 -9.0 -9  4  1
202603030200 108   7  1.7  -9 -9.0   -9 1011.4 1022.2 -9  -9.0   2.5   1.1  91.0   6.6   -9.0    0.8    0.8   -9.0   -9.0   -9.0   -9.0 61 66 01                      10   7    5 StNs      -9   2   7  2476 -9.0 -9.00 -9   2.9   4.1   3.2   4.1   4.4  -9 -9.0 -9  4  1
202603030300 108   2  2.0   7 10.0 2116 1011.6 1022.4  2   0.8   2.5   1.1  91.0   6.6    0.9    0.9    0.9   -9.0   -9.0   -9.0   -9.0 61 66 01                      10   8    5 StNs      -9   2   7  2820 -9.0 -9.00 -9   2.8   4.0   3.2   4.1   4.4  -9 -9.0 -9  4  1
202603030400 108   5  3.3  -9 -9.0   -9 1011.6 1022.4 -9  -9.0   2.2   1.0  92.0   6.6   -9.0    1.3    1.3   -9.0   -9.0   -9.0   -9.0 61 66 01                      10   7    3 StNs      -9   2   7  1374 -9.0 -9.00 -9   2.6   3.9   3.1   4.0   4.4  -9 -9.0 -9  4  1
202603030500 108   5  3.2  -9 -9.0   -9 1010.8 1021.6 -9  -9.0   2.0   0.8  92.0   6.5   -9.0    1.3    1.3   -9.0   -9.0   -9.0   -9.0 21 62 01                      10   8    5 StAs      -9   2   6  4603 -9.0 -9.00 -9   2.4   3.8   3.0   3.9   4.2  -9 -9.0 -9  4  1
202603030600 108   5  2.8  -9 -9.0   -9 1011.7 1022.5  3   0.1   2.2   0.0  86.0   6.1    0.4    1.3    1.3   -9.0   -9.0   -9.0   -9.0 -9 62 -                        9   9   16 Sc         0   0   5  4974 -9.0 -9.00 -9   2.5   3.7   2.9   3.9   4.2  -9 -9.0 -9  3  1
202603030700 108   5  2.4  -9 -9.0   -9 1012.5 1023.3 -9  -9.0   2.5  -0.1  83.0   6.1   -9.0    1.3    1.3   -9.0   -9.0   -9.0   -9.0 -9 -9 -                        9   9   16 Sc         0   0   5  5000 -9.0 -9.00 -9   2.5   3.7   2.9   3.9   4.1  -9 -9.0 -9  3  2
202603030800 108   7  2.8  -9 -9.0   -9 1012.6 1023.4 -9  -9.0   2.6  -0.6  79.0   5.8   -9.0    1.3    1.3   -9.0   -9.0   -9.0   -9.0 -9 -9 -                        9   9   16 Sc         0   0   5  5000  0.0  0.03 -9   3.0   3.7   2.9   3.8   4.0  -9 -9.0 -9  3  2
202603030900 108   7  2.7  -9 -9.0   -9 1012.6 1023.3  0   0.8   3.1  -0.1  79.0   6.1   -9.0    1.3    1.3   -9.0   -9.0   -9.0   -9.0 -9 62 -                        9   9   16 Sc         0   0   5  5000  0.0  0.23 -9   4.7   3.8   2.8   3.7   4.1  -9 -9.0 -9  3  1
202603031000 108   5  3.1  -9 -9.0   -9 1012.9 1023.6 -9  -9.0   4.1  -0.1  74.0   6.1   -9.0    1.3    1.3   -9.0   -9.0   -9.0   -9.0 -9 -9 -                        9   9   16 Sc         0   0   5  4913  0.0  0.53 -9   6.8   4.1   2.9   3.7   4.0  -9 -9.0 -9  3  2
202603031100 108   5  3.5  -9 -9.0   -9 1013.1 1023.8 -9  -9.0   5.5   0.4  70.0   6.3   -9.0    1.3    1.3   -9.0   -9.0   -9.0   -9.0 -9 -9 -                        9   9   17 Sc         0   0   5  4958  0.0  0.79 -9   9.9   4.7   3.2   3.6   3.9  -9 -9.0 -9  3  2
202603031200 108   5  3.6  -9 -9.0   -9 1013.3 1023.9  2   0.6   7.9   1.0  62.0   6.6   -9.0    1.3    1.3   -9.0   -9.0   -9.0   -9.0 -9 -9 -                        8   8   18 Sc         0   0   5  4549  0.4  1.84 -9  16.5   5.6   3.5   3.6   3.9  -9 -9.0 -9  3  2
202603031300 108   2  4.5  -9 -9.0   -9 1012.8 1023.3 -9  -9.0   9.7   1.5  57.0   6.8   -9.0    1.3    1.3   -9.0   -9.0   -9.0   -9.0 -9 -9 -                        3   3   18 Sc         0   0   5  4821  1.0  2.57 -9  20.1   6.6   4.0   3.6   3.8  -9 -9.0 -9  3  2
202603031400 108   5  4.7  -9 -9.0   -9 1011.8 1022.2 -9  -9.0  10.4  -0.4  47.0   5.9   -9.0    1.3    1.3   -9.0   -9.0   -9.0   -9.0 -9 -9 -                        1   1   15 Sc         0   0   5  4086  1.0  2.82 -9  19.7   7.3   4.7   3.8   3.8  -9 -9.0 -9  3  2
202603031500 108   7  3.4  -9 -9.0   -9 1011.6 1022.0  7  -1.9  11.3   0.3  47.0   6.2   -9.0    1.3    1.3   -9.0   -9.0   -9.0   -9.0 -9 -9 -                        4   4   13 Sc         0   0   5  4945  1.0  2.41 -9  19.2   7.9   5.2   4.0   4.0  -9 -9.0 -9  3  2
202603031600 108   2  3.4  -9 -9.0   -9 1012.0 1022.4 -9  -9.0  11.6   0.0  45.0   6.1   -9.0    1.3    1.3   -9.0   -9.0   -9.0   -9.0 -9 -9 -                        2   2   13 Sc         0   0   5  4924  0.9  1.85 -9  15.6   8.4   5.6   4.1   3.9  -9 -9.0 -9  3  2
202603031700 108   7  2.6  -9 -9.0   -9 1012.1 1022.5 -9  -9.0  10.7   0.1  48.0   6.2   -9.0    1.3    1.3   -9.0   -9.0   -9.0   -9.0 -9 -9 -                        5   5   14 Sc         0   0   5  4985  0.8  1.07 -9  10.5   8.3   5.9   4.5   4.1  -9 -9.0 -9  3  2
202603031800 108   7  2.6  -9 -9.0   -9 1012.8 1023.3  2   1.3   9.5  -0.1  51.0   6.1   -9.0    1.3    1.3   -9.0   -9.0   -9.0   -9.0 -9 -9 -                        7   7   13 Sc         0   0   5  5000  0.0  0.17 -9   8.1   7.8   5.9   4.8   4.3  -9 -9.0 -9  3  2
202603031900 108   5  2.9  -9 -9.0   -9 1013.6 1024.1 -9  -9.0   8.6  -0.7  52.0   5.8   -9.0    1.3    1.3   -9.0   -9.0   -9.0   -9.0 -9 -9 -                        9   9   13 -         -9  -9  -9  5000  0.0  0.02 -9   7.0   7.4   5.8   5.0   4.5  -9 -9.0 -9  3 -9
202603032000 108   7  2.0  -9 -9.0   -9 1014.3 1024.9 -9  -9.0   7.4  -1.3  54.0   5.6   -9.0    1.3    1.3   -9.0   -9.0   -9.0   -9.0 -9 -9 -                        4   4   13 -         -9  -9  -9  4936 -9.0 -9.00 -9   4.7   7.0   5.6   5.2   4.8  -9 -9.0 -9  3 -9
202603032100 108   5  2.5  -9 -9.0   -9 1014.8 1025.5  2   2.2   5.9  -1.0  61.0   5.7   -9.0    1.3    1.3   -9.0   -9.0   -9.0   -9.0 -9 -9 -                        6   6   14 Sc         0   0   5  4755 -9.0 -9.00 -9   3.7   6.4   5.4   5.2   4.8  -9 -9.0 -9  3  2
202603032200 108   5  2.5  -9 -9.0   -9 1015.0 1025.7 -9  -9.0   5.7  -0.8  63.0   5.8   -9.0    1.3    1.3   -9.0   -9.0   -9.0   -9.0 -9 -9 -                        7   7   14 -         -9  -9  -9  4980 -9.0 -9.00 -9   4.6   6.1   5.1   5.3   4.8  -9 -9.0 -9  3 -9
202603032300 108   5  3.1  -9 -9.0   -9 1015.1 1025.8 -9  -9.0   5.3  -1.1  63.0   5.6   -9.0    1.3    1.3   -9.0   -9.0   -9.0   -9.0 -9 -9 -                        7   7   13 -         -9  -9  -9  4959 -9.0 -9.00 -9   4.1   6.0   4.9   5.2   4.9  -9 -9.0 -9  3 -9
202603040000 108  14  0.9  -9 -9.0   -9 1015.3 1026.0  2   0.5   4.9  -1.1  65.0   5.6   -9.0    1.3    1.3   -9.0   -9.0   -9.0   -9.0 -9 -9 -                        8   8   27 Ac         0   3   0  4751 -9.0 -9.00 -9   3.8   5.7   4.8   5.2   5.0  -9 -9.0 -9  3  2
202603040100 108   5  2.6  -9 -9.0   -9 1015.4 1026.1 -9  -9.0   4.2  -1.1  68.0   5.6   -9.0   -9.0   -9.0   -9.0   -9.0   -9.0   -9.0 -9 -9 -                        7   7   26 -         -9  -9  -9  4191 -9.0 -9.00 -9   2.4   5.4   4.6   5.1   5.0  -9 -9.0 -9  3 -9
202603040200 108   7  1.0  -9 -9.0   -9 1015.5 1026.3 -9  -9.0   3.3  -1.8  69.0   5.4   -9.0   -9.0   -9.0   -9.0   -9.0   -9.0   -9.0 -9 -9 -                        0   0   -9 -         -9  -9  -9  4219 -9.0 -9.00 -9   1.2   4.9   4.3   5.0   5.0  -9 -9.0 -9  3 -9
202603040300 108   2  0.9  -9 -9.0   -9 1015.3 1026.1  0   0.1   2.8  -1.9  71.0   5.3   -9.0   -9.0   -9.0   -9.0   -9.0   -9.0   -9.0 -9 -9 -                        0   0   -9 -         -9  -9  -9  4724 -9.0 -9.00 -9   0.6   4.5   4.0   5.1   5.0  -9 -9.0 -9  3  2
202603040400 108  32  0.7  -9 -9.0   -9 1015.3 1026.1 -9  -9.0   2.1  -1.5  77.0   5.5   -9.0   -9.0   -9.0   -9.0   -9.0   -9.0   -9.0 -9 -9 -                        0   0   -9 -         -9  -9  -9  4163 -9.0 -9.00 -9   0.7   4.0   3.7   4.9   4.9  -9 -9.0 -9  3  2
202603040500 108  27  1.7  -9 -9.0   -9 1015.5 1026.3 -9  -9.0   1.4  -2.0  78.0   5.3   -9.0   -9.0   -9.0   -9.0   -9.0   -9.0   -9.0 -9 -9 -                        0   0   -9 -         -9  -9  -9  3714 -9.0 -9.00 -9   0.7   3.7   3.4   4.8   4.9  -9 -9.0 -9  3  2
202603040600 108  27  2.4  -9 -9.0   -9 1015.2 1026.0  8  -0.1   1.3  -1.6  81.0   5.4   -9.0   -9.0   -9.0   -9.0   -9.0   -9.0   -9.0 -9 -9 -                        0   0   -9 -         -9  -9  -9  3327 -9.0 -9.00 -9   0.6   3.3   3.1   4.6   4.8  -9 -9.0 -9  3  2
202603040700 108   2  2.2  -9 -9.0   -9 1015.2 1026.1 -9  -9.0   0.9  -1.9  81.0   5.3   -9.0   -9.0   -9.0   -9.0   -9.0   -9.0   -9.0 -9 -9 -                        0   0   -9 -         -9  -9  -9  2752 -9.0 -9.00 -9   0.5   3.2   3.2   4.8   5.0  -9 -9.0 -9  3  2
202603040800 108  36  0.9  -9 -9.0   -9 1015.3 1026.2 -9  -9.0   0.9  -2.1  80.0   5.2   -9.0   -9.0   -9.0   -9.0   -9.0   -9.0   -9.0 -9 -9 -                        0   0   -9 -         -9  -9  -9  2737  0.6  0.20 -9   0.5   3.1   3.0   4.5   4.8  -9 -9.0 -9  3  2
202603040900 108  32  0.8  -9 -9.0   -9 1015.7 1026.5  2   0.5   3.3  -0.8  74.0   5.8   -9.0   -9.0   -9.0   -9.0   -9.0   -9.0   -9.0 -9 -9 -                        0   0   -9 -         -9  -9  -9  2913  1.0  0.81 -9   0.5   3.2   2.6   4.2   4.6  -9 -9.0 -9  3  2
202603041000 108  29  2.7  -9 -9.0   -9 1015.7 1026.4 -9  -9.0   5.4  -1.7  60.0   5.4   -9.0   -9.0   -9.0   -9.0   -9.0   -9.0   -9.0 -9 -9 -                        0   0   -9 -         -9  -9  -9  2959  1.0  1.59 -9  11.3   4.2   2.8   4.1   4.5  -9 -9.0 -9  3  2
202603041100 108  29  2.9  -9 -9.0   -9 1015.1 1025.7 -9  -9.0   7.3  -1.4  54.0   5.5   -9.0   -9.0   -9.0   -9.0   -9.0   -9.0   -9.0 -9 -9 -                        2   0   -9 Ci         1   0   0  3194  1.0  2.20 -9  15.9   5.5   3.3   3.9   4.3  -9 -9.0 -9  3  2
202603041200 108  27  3.3  -9 -9.0   -9 1015.2 1025.7  6  -0.8   8.6  -0.7  52.0   5.8   -9.0   -9.0   -9.0   -9.0   -9.0   -9.0   -9.0 -9 -9 -                        5   0   -9 Ci         1   0   0  2891  0.9  2.11 -9  15.3   6.8   3.9   3.9   4.3  -9 -9.0 -9  3  2
202603041300 108  29  4.1  -9 -9.0   -9 1014.7 1025.2 -9  -9.0   9.6  -3.3  40.0   4.8   -9.0   -9.0   -9.0   -9.0   -9.0   -9.0   -9.0 -9 -9 -                        1   1   10 Sc         0   0   5  3771  1.0  2.65 -9  20.0   7.9   4.5   3.9   4.2  -9 -9.0 -9  3  2
202603041400 108  27  3.4  -9 -9.0   -9 1013.7 1024.1 -9  -9.0  10.8  -3.7  36.0   4.6   -9.0   -9.0   -9.0   -9.0   -9.0   -9.0   -9.0 -9 -9 -                        0   0   -9 -         -9  -9  -9  3326  1.0  2.80 -9  20.2   8.5   5.1   4.1   4.2  -9 -9.0 -9  3  2
202603041500 108  29  3.4  -9 -9.0   -9 1013.1 1023.5  7  -2.2  11.7  -3.2  35.0   4.8   -9.0   -9.0   -9.0   -9.0   -9.0   -9.0   -9.0 -9 -9 -                        0   0   -9 -         -9  -9  -9  3990  1.0  2.49 -9  19.1   9.0   5.6   4.3   4.2  -9 -9.0 -9  3  2
202603041600 108  27  2.7  -9 -9.0   -9 1013.1 1023.5 -9  -9.0  11.9  -4.3  32.0   4.4   -9.0   -9.0   -9.0   -9.0   -9.0   -9.0   -9.0 -9 -9 -                        0   0   -9 -         -9  -9  -9  3117  1.0  1.85 -9  15.8   9.3   6.1   4.6   4.2  -9 -9.0 -9  3  2
202603041700 108  27  2.8  -9 -9.0   -9 1012.8 1023.2 -9  -9.0  11.0  -3.5  36.0   4.7   -9.0   -9.0   -9.0   -9.0   -9.0   -9.0   -9.0 -9 -9 -                        0   0   -9 -         -9  -9  -9  2301  1.0  1.21 -9  10.9   9.0   6.4   4.9   4.4  -9 -9.0 -9  3  2
202603041800 108  27  1.9  -9 -9.0   -9 1012.5 1023.0  7  -0.5   9.9  -4.5  36.0   4.4   -9.0   -9.0   -9.0   -9.0   -9.0   -9.0   -9.0 -9 -9 -                        5   0   -9 Ci         1   0   0  2425  0.8  0.52 -9   8.0   8.5   6.3   5.1   4.6  -9 -9.0 -9  3  2
202603041900 108  27  3.5  -9 -9.0   -9 1013.2 1023.8 -9  -9.0   7.9  -0.1  57.0   6.1   -9.0   -9.0   -9.0   -9.0   -9.0   -9.0   -9.0 -9 -9 -                        0   0   -9 -         -9  -9  -9  1583  0.0  0.04 -9   5.3   7.7   6.2   5.4   4.9  -9 -9.0 -9  3 -9
202603042000 108  27  2.6  -9 -9.0   -9 1013.8 1024.4 -9  -9.0   6.7  -0.3  61.0   6.0   -9.0   -9.0   -9.0   -9.0   -9.0   -9.0   -9.0 -9 -9 -                        0   0   -9 -         -9  -9  -9  1271 -9.0 -9.00 -9   4.0   7.0   5.9   5.5   5.0  -9 -9.0 -9  3 -9
202603042100 108  27  2.1  -9 -9.0   -9 1014.6 1025.2  2   2.2   6.0  -0.3  64.0   6.0   -9.0   -9.0   -9.0   -9.0   -9.0   -9.0   -9.0 -9 -9 -                        0   0   -9 -         -9  -9  -9  1146 -9.0 -9.00 -9   3.3   6.4   5.5   5.6   5.1  -9 -9.0 -9  3  2
202603042200 108  32  1.0  -9 -9.0   -9 1015.2 1025.9 -9  -9.0   5.4  -0.6  65.0   5.8   -9.0   -9.0   -9.0   -9.0   -9.0   -9.0   -9.0 -9 -9 -                        0   0   -9 -         -9  -9  -9  1080 -9.0 -9.00 -9   2.5   5.9   5.2   5.6   5.3  -9 -9.0 -9  3 -9
202603042300 108  29  2.1  -9 -9.0   -9 1015.1 1025.8 -9  -9.0   5.0  -2.3  59.0   5.2   -9.0   -9.0   -9.0   -9.0   -9.0   -9.0   -9.0 -9 -9 -                        0   0   -9 -         -9  -9  -9  1188 -9.0 -9.00 -9   1.9   5.4   4.9   5.5   5.3  -9 -9.0 -9  3 -9
202603050000 108  27  2.1  -9 -9.0   -9 1015.2 1025.9  1   0.7   4.3  -3.4  57.0   4.8   -9.0   -9.0   -9.0   -9.0   -9.0   -9.0   -9.0 -9 -9 -                        1   0   -9 Ci         1   0   0  1234 -9.0 -9.00 -9   1.3   5.0   4.6   5.5   5.3  -9 -9.0 -9  3  2
202603050100 108  27  1.2  -9 -9.0   -9 1014.9 1025.6 -9  -9.0   3.9  -3.6  58.0   4.7   -9.0   -9.0   -9.0   -9.0   -9.0   -9.0   -9.0 -9 -9 -                        7   2   32 -         -9  -9  -9  1189 -9.0 -9.00 -9   1.5   4.6   4.3   5.3   5.2  -9 -9.0 -9  3 -9
202603050200 108   2  1.9  -9 -9.0   -9 1014.5 1025.2 -9  -9.0   3.5  -4.4  56.0   4.4   -9.0   -9.0   -9.0   -9.0   -9.0   -9.0   -9.0 -9 -9 -                        4   4   36 -         -9  -9  -9  1341 -9.0 -9.00 -9   0.7   4.5   4.0   5.2   5.3  -9 -9.0 -9  3 -9
202603050300 108   5  1.2  -9 -9.0   -9 1014.1 1024.9  7  -1.0   3.2  -4.0  59.0   4.5   -9.0   -9.0   -9.0   -9.0   -9.0   -9.0   -9.0 -9 -9 -                        0   0   -9 -         -9  -9  -9  1192 -9.0 -9.00 -9   0.9   4.1   3.7   5.1   5.3  -9 -9.0 -9  3  2
202603050400 108   5  1.1  -9 -9.0   -9 1013.5 1024.3 -9  -9.0   2.6  -3.7  63.0   4.6   -9.0   -9.0   -9.0   -9.0   -9.0   -9.0   -9.0 -9 -9 -                        0   0   -9 -         -9  -9  -9  1095 -9.0 -9.00 -9   0.9   3.8   3.5   4.9   5.2  -9 -9.0 -9  3  2
202603050500 108   5  2.4  -9 -9.0   -9 1013.1 1023.9 -9  -9.0   1.9  -3.7  66.0   4.6   -9.0   -9.0   -9.0   -9.0   -9.0   -9.0   -9.0 -9 -9 -                        0   0   -9 -         -9  -9  -9  1073 -9.0 -9.00 -9   0.8   3.5   3.2   4.8   5.0  -9 -9.0 -9  3  2
202603050600 108   5  1.8  -9 -9.0   -9 1013.5 1024.3  5  -0.6   1.6  -3.6  68.0   4.7   -9.0   -9.0   -9.0   -9.0   -9.0   -9.0   -9.0 -9 -9 -                        5   0   -9 Ci         1   0   0  1013 -9.0 -9.00 -9   0.5   3.2   3.0   4.6   4.9  -9 -9.0 -9  3  2
202603050700 108  36  1.5  -9 -9.0   -9 1014.4 1025.2 -9  -9.0   1.7  -3.3  69.0   4.8   -9.0   -9.0   -9.0   -9.0   -9.0   -9.0   -9.0 -9 -9 -                        1   0   -9 Ci         1   0   0  1005  0.0  0.00 -9   0.3   3.0   2.8   4.5   4.8  -9 -9.0 -9  3  2
202603050800 108   5  1.7  -9 -9.0   -9 1014.5 1025.3 -9  -9.0   2.2  -2.7  70.0   5.0   -9.0   -9.0   -9.0   -9.0   -9.0   -9.0   -9.0  5 22 40                       6   0   -9 Ci         2   0   0   985  0.0  0.18 -9   0.5   3.0   2.6   4.2   4.9  -9 -9.0 -9  3  1
202603050900 108   7  1.8  -9 -9.0   -9 1014.2 1024.9  0   0.6   4.6  -2.2  61.0   5.2   -9.0   -9.0   -9.0   -9.0   -9.0   -9.0   -9.0 -9 -9 40                       5   0   -9 Ci         2   0   0  1019  0.6  0.69 -9   1.2   3.7   2.6   4.1   4.6  -9 -9.0 -9  3  2
202603051000 108   7  3.6  -9 -9.0   -9 1013.6 1024.2 -9  -9.0   7.1  -1.8  53.0   5.4   -9.0   -9.0   -9.0   -9.0   -9.0   -9.0   -9.0 -9 -9 -                        4   0   -9 Ci         1   0   0  1296  1.0  1.38 -9  11.0   4.8   2.9   4.0   4.6  -9 -9.0 -9  3  2
202603051100 108   5  1.7  -9 -9.0   -9 1013.9 1024.4 -9  -9.0   9.1  -1.3  48.0   5.6   -9.0   -9.0   -9.0   -9.0   -9.0   -9.0   -9.0 -9 -9 -                        8   0   -9 Ci         1   0   0  1230  1.0  1.95 -9  15.2   6.1   3.4   3.9   4.4  -9 -9.0 -9  3  2
202603051200 108  16  1.8  -9 -9.0   -9 1013.0 1023.4  7  -1.5  10.9  -0.2  46.0   6.0   -9.0   -9.0   -9.0   -9.0   -9.0   -9.0   -9.0 -9 -9 -                        7   0   -9 Ci         1   0   0  1093  0.9  2.09 -9  17.4   7.5   4.1   3.9   4.3  -9 -9.0 -9  3  2
202603051300 108  27  2.7  -9 -9.0   -9 1012.0 1022.4 -9  -9.0  12.5  -0.4  41.0   5.9   -9.0   -9.0   -9.0   -9.0   -9.0   -9.0   -9.0 -9 -9 -                        8   0   -9 Ci         1   0   0  1163  1.0  2.35 -9  19.9   9.1   4.9   4.0   4.2  -9 -9.0 -9  3  2
202603051400 108  25  2.6  -9 -9.0   -9 1011.3 1021.6 -9  -9.0  13.0  -1.0  38.0   5.7   -9.0   -9.0   -9.0   -9.0   -9.0   -9.0   -9.0 -9 -9 -                        9   9   33 As         0   1   0  1377  0.6  1.85 -9  16.5   9.9   5.7   4.2   4.3  -9 -9.0 -9  3  2
202603051500 108  27  2.3  -9 -9.0   -9 1010.3 1020.6  7  -2.8  12.9  -0.7  39.0   5.8   -9.0   -9.0   -9.0   -9.0   -9.0   -9.0   -9.0 -9 -9 -                       10  10   31 As        -9   1   0  1498  0.0  1.25 -9  15.3  10.2   6.3   4.5   4.1  -9 -9.0 -9  3  2
202603051600 108  23  3.1  -9 -9.0   -9 1010.2 1020.6 -9  -9.0  12.1  -0.1  43.0   6.1   -9.0   -9.0   -9.0   -9.0   -9.0   -9.0   -9.0 -9 -9 -                       10   2   15 ScAs      -9   2   5  1520  0.0  0.66 -9  11.6  10.0   6.6   4.8   4.4  -9 -9.0 -9  3  2
202603051700 108  25  2.6  -9 -9.0   -9 1009.9 1020.3 -9  -9.0  11.6   1.7  51.0   6.9   -9.0   -9.0   -9.0   -9.0   -9.0   -9.0   -9.0 -9 -9 -                       10   4   13 ScAs      -9   2   5  1611  0.0  0.27 -9  10.0   9.4   6.7   5.0   4.5  -9 -9.0 -9  3  2
202603051800 108  27  3.5  -9 -9.0   -9 1010.2 1020.7  3   0.1   9.3   4.8  74.0   8.6    1.2    1.2    1.2   -9.0   -9.0   -9.0   -9.0 60 62 01                      10   6    7 ScAs      -9   2   5   485  0.0  0.06 -9   8.1   8.6   6.6   5.3   4.9  -9 -9.0 -9  4  1
202603051900 108  27  3.6  -9 -9.0   -9 1010.9 1021.5 -9  -9.0   6.1   3.2  82.0   7.7   -9.0    4.2    4.2   -9.0   -9.0   -9.0   -9.0 63 66 01                      10   7    5 StNs      -9   2   7   298  0.0  0.01 -9   6.3   7.7   6.4   5.5   5.0  -9 -9.0 -9  4  1
202603052000 108  27  2.3  -9 -9.0   -9 1010.8 1021.5 -9  -9.0   4.7   2.3  85.0   7.2   -9.0    7.8    7.8   -9.0   -9.0   -9.0   -9.0 63 66 01                      10   6    4 StNs      -9   2   7   263 -9.0 -9.00 -9   5.2   7.0   6.0   5.6   5.1  -9 -9.0 -9  4  1
202603052100 108  27  3.4  -9 -9.0   -9 1010.9 1021.6  2   0.9   4.1   2.2  88.0   7.2    9.7   10.9   10.9   -9.0   -9.0   -9.0   -9.0 63 66 01                      10   6    3 StNs      -9   2   7   236 -9.0 -9.00 -9   4.8   6.5   5.6   5.7   5.2  -9 -9.0 -9  1  1
202603052200 108  27  2.3  -9 -9.0   -9 1011.2 1022.0 -9  -9.0   1.9   0.4  90.0   6.3   -9.0   13.9   13.9   -9.0   -9.0   -9.0   -9.0 73 76 060501                  10   8    3 StNs      -9   2   7   143 -9.0 -9.00 -9   1.0   5.7   5.2   5.7   5.5  -9 -9.0 -9  4  1
202603052300 108  27  2.9  -9 -9.0   -9 1011.0 1021.8 -9  -9.0   1.5   0.4  93.0   6.3   -9.0   14.9   14.9   -9.0   -9.0    0.2    0.2 71 77 05                      10   9    2 StNs      -9   2   7   379 -9.0 -9.00 -9   1.7   5.3   4.8   5.5   5.5  -9 -9.0 -9  4  1
202603060000 108  25  3.0  -9 -9.0   -9 1010.9 1021.7  0   0.1   1.4   0.5  94.0   6.3    4.6   15.5   15.5   -9.0    0.2    0.2    0.2 71 76 05                      10   8    2 StNs      -9   2   7   398 -9.0 -9.00 -9   2.1   4.9   4.5   5.4   5.4  -9 -9.0 -9  4  1
202603060100 108  27  2.5  -9 -9.0   -9 1010.8 1021.6 -9  -9.0   1.4   0.5  94.0   6.3   -9.0    0.0    0.0   -9.0   -9.0   -9.0    0.2 21 76 19060501                10  10    2 St        -9  -9   6   316 -9.0 -9.00 -9   2.8   4.7   4.3   5.3   5.3  -9 -9.0 -9  4  1
202603060200 108  27  3.2  -9 -9.0   -9 1010.5 1021.3 -9  -9.0   1.5   0.7  95.0   6.4   -9.0    0.0    0.0   -9.0   -9.0   -9.0    0.2 -9 -9 19                      10  10   -9 -         -9  -9  -9   230 -9.0 -9.00 -9   2.9   4.6   4.1   5.2   5.3  -9 -9.0 -9  3  2
202603060300 108  27  2.5  -9 -9.0   -9 1010.5 1021.3  6  -0.4   1.8   1.0  95.0   6.6    0.0    0.0    0.0   -9.0   -9.0   -9.0   -9.0 10 76 19                       8   8    2 St         0   0   6   335 -9.0 -9.00 -9   2.8   4.6   3.9   5.0   5.2  -9 -9.0 -9  3  1
202603060400 108  25  2.6  -9 -9.0   -9 1010.3 1021.1 -9  -9.0   1.7   0.3  91.0   6.2   -9.0    0.0    0.0   -9.0   -9.0   -9.0   -9.0 10 22 19                       7   7    2 St         0   0   6   524 -9.0 -9.00 -9   2.6   4.5   3.9   5.0   5.1  -9 -9.0 -9  3  1
202603060500 108  27  2.0  -9 -9.0   -9 1010.1 1020.9 -9  -9.0   1.6   0.2  91.0   6.2   -9.0    0.0    0.0   -9.0   -9.0   -9.0   -9.0 10 22 19                       8   8    3 St         0   0   6   550 -9.0 -9.00 -9   1.5   4.3   3.7   4.9   5.1  -9 -9.0 -9  3  1
202603060600 108  23  1.6  -9 -9.0   -9 1010.3 1021.1  5  -0.2   1.5  -0.1  89.0   6.1   -9.0    0.0    0.0   -9.0   -9.0   -9.0   -9.0 10 22 19                       8   8    5 Sc         0   0   5   623 -9.0 -9.00 -9   1.6   4.1   3.6   4.8   5.1  -9 -9.0 -9  3  1
202603060700 108  27  2.4  -9 -9.0   -9 1010.2 1021.0 -9  -9.0   1.7   0.0  89.0   6.1   -9.0    0.0    0.0   -9.0   -9.0   -9.0   -9.0 10 22 19                       7   7    5 Sc         0   0   5   647  0.0  0.00 -9   1.7   4.0   3.5   4.6   5.1  -9 -9.0 -9  3  1
202603060800 108  27  2.6  -9 -9.0   -9 1010.7 1021.5 -9  -9.0   1.7   0.2  90.0   6.2   -9.0    0.0    0.0   -9.0   -9.0   -9.0   -9.0 10 22 19                       8   8    5 Sc         0   0   5   673  0.0  0.13 -9   2.5   3.9   3.4   4.6   5.0  -9 -9.0 -9  3  1
202603060900 108  27  3.3  -9 -9.0   -9 1010.8 1021.6  3   0.5   2.1  -0.1  85.0   6.1    0.0    0.0    0.0   -9.0   -9.0   -9.0   -9.0 70 72 1905                     8   8    5 Sc         0   0   5   947  0.0  0.41 -9   4.9   4.2   3.4   4.6   4.8  -9 -9.0 -9  1  1
202603061000 108  27  2.8  -9 -9.0   -9 1011.1 1021.8 -9  -9.0   2.8   0.0  82.0   6.1   -9.0    0.0    0.0   -9.0   -9.0   -9.0   -9.0 71 77 1905                     9   9    5 Sc         0   0   5   991  0.0  0.72 -9   7.5   4.8   3.5   4.4   4.8  -9 -9.0 -9  4  1
202603061100 108  27  2.6  -9 -9.0   -9 1010.9 1021.6 -9  -9.0   3.6   0.0  77.0   6.1   -9.0    0.0    0.0   -9.0   -9.0   -9.0   -9.0 22 72 1905                     8   8    6 Sc         0   0   5  1069  0.1  1.06 -9  10.0   5.2   3.7   4.3   4.8  -9 -9.0 -9  4  1
202603061200 108  27  2.8  -9 -9.0   -9 1010.9 1021.6  4   0.0   3.6  -0.4  75.0   5.9    0.0    0.0    0.0   -9.0   -9.0   -9.0   -9.0 -9 72 -                        9   9    6 Sc         0   0   5  1061  0.0  0.65 -9   7.1   5.6   4.0   4.2   4.5  -9 -9.0 -9  3  1
202603061300 108  27  3.6  -9 -9.0   -9 1010.5 1021.2 -9  -9.0   3.4  -1.3  71.0   5.6   -9.0    0.0    0.0   -9.0   -9.0   -9.0   -9.0 21 62 01                       9   9    7 Sc         0   0   5  1220  0.0  0.39 -9   6.1   5.5   4.1   4.4   4.7  -9 -9.0 -9  4  1
202603061400 108  25  4.5  -9 -9.0   -9 1010.0 1020.7 -9  -9.0   3.5  -2.0  67.0   5.3   -9.0    0.0    0.0   -9.0   -9.0   -9.0   -9.0 23 72 06                       9   9    6 Sc         0   0   5  1222  0.0  0.43 -9   6.9   5.3   4.1   4.5   4.7  -9 -9.0 -9  4  1
202603061500 108  23  4.0  -9 -9.0   -9 1010.3 1021.0  5  -0.6   2.9  -2.4  68.0   5.1    0.0    0.0    0.0   -9.0   -9.0   -9.0   -9.0  5 76 40                       9   9    7 Sc         0   0   5   986  0.0  0.48 -9   5.5   5.4   4.1   4.5   4.6  -9 -9.0 -9  3  1
202603061600 108  25  3.1  -9 -9.0   -9 1010.2 1020.9 -9  -9.0   2.8  -2.1  70.0   5.2   -9.0    0.0    0.0   -9.0   -9.0   -9.0   -9.0  5 22 40                       9   9    6 Sc         0   0   5   876  0.0  0.33 -9   6.0   5.2   4.1   4.5   4.6  -9 -9.0 -9  3  1
202603061700 108  25  4.4  -9 -9.0   -9 1010.4 1021.1 -9  -9.0   2.9  -3.4  63.0   4.8   -9.0    0.0    0.0   -9.0   -9.0   -9.0   -9.0 -9 -9 40                       9   9    8 Sc         0   0   5  1107  0.0  0.29 -9   4.6   5.2   4.1   4.5   4.6  -9 -9.0 -9  3  2
202603061800 108  27  3.3  -9 -9.0   -9 1011.0 1021.7  3   0.7   2.6  -3.1  66.0   4.9   -9.0    0.0    0.0   -9.0   -9.0   -9.0   -9.0 -9 -9 -                        9   9    8 Sc         0   0   5  1122  0.0  0.11 -9   3.6   4.8   4.0   4.5   4.7  -9 -9.0 -9  3  2
202603061900 108  32  3.1  -9 -9.0   -9 1011.6 1022.4 -9  -9.0   2.1  -3.4  67.0   4.8   -9.0    0.0    0.0   -9.0   -9.0   -9.0   -9.0 -9 -9 -                        6   6    8 -         -9  -9  -9  1187  0.0  0.02 -9   2.6   4.5   3.8   4.6   4.7  -9 -9.0 -9  3 -9
202603062000 108  32  2.9  -9 -9.0   -9 1012.3 1023.1 -9  -9.0   1.3  -4.3  66.0   4.4   -9.0    0.0    0.0   -9.0   -9.0   -9.0   -9.0 -9 -9 -                        7   7   11 -         -9  -9  -9  1242 -9.0 -9.00 -9   1.5   4.0   3.6   4.5   4.8  -9 -9.0 -9  3 -9
202603062100 108  32  1.8  -9 -9.0   -9 1012.8 1023.6  2   1.9   0.7  -5.5  63.0   4.1   -9.0    0.0    0.0   -9.0   -9.0   -9.0   -9.0 -9 -9 -                        2   2   10 Sc         0   0   5  1313 -9.0 -9.00 -9   0.5   3.6   3.3   4.5   4.7  -9 -9.0 -9  3  2
202603062200 108  29  2.4  -9 -9.0   -9 1013.4 1024.3 -9  -9.0   0.0  -6.6  61.0   3.7   -9.0    0.0    0.0   -9.0   -9.0   -9.0   -9.0 -9 -9 -                        6   6   12 -         -9  -9  -9  1615 -9.0 -9.00 -9   0.7   3.4   3.1   4.4   4.7  -9 -9.0 -9  3 -9
202603062300 108  27  2.4  -9 -9.0   -9 1013.7 1024.6 -9  -9.0   0.0  -6.4  62.0   3.8   -9.0    0.0    0.0   -9.0   -9.0   -9.0   -9.0 -9 -9 -                        8   8   13 -         -9  -9  -9  1578 -9.0 -9.00 -9   0.7   3.2   2.9   4.4   4.7  -9 -9.0 -9  3 -9
202603070000 108  27  2.0  -9 -9.0   -9 1013.8 1024.7  2   1.1  -0.4  -6.8  62.0   3.7   -9.0    0.0    0.0   -9.0   -9.0   -9.0   -9.0 -9 -9 -                        0   0   -9 -         -9  -9  -9  1772 -9.0 -9.00 -9   0.6   2.9   2.7   4.2   4.6  -9 -9.0 -9  3  2
202603070100 108  25  1.9  -9 -9.0   -9 1014.5 1025.4 -9  -9.0  -0.9  -6.6  65.0   3.7   -9.0   -9.0   -9.0   -9.0   -9.0   -9.0   -9.0 -9 -9 -                        0   0   -9 -         -9  -9  -9  1725 -9.0 -9.00 -9   0.6   2.6   2.9   4.5   4.9  -9 -9.0 -9  3 -9
202603070200 108  25  2.2  -9 -9.0   -9 1015.0 1025.9 -9  -9.0  -1.1  -7.0  64.0   3.6   -9.0   -9.0   -9.0   -9.0   -9.0   -9.0   -9.0 -9 -9 -                        0   0   -9 -         -9  -9  -9  1996 -9.0 -9.00 -9   0.2   2.3   2.6   4.3   4.9  -9 -9.0 -9  3 -9
202603070300 108  27  2.3  -9 -9.0   -9 1014.8 1025.8  0   1.1  -1.5  -7.0  66.0   3.6   -9.0   -9.0   -9.0   -9.0   -9.0   -9.0   -9.0 -9 -9 -                        0   0   -9 -         -9  -9  -9  1939 -9.0 -9.00 -9  -0.2   2.1   2.4   4.2   4.7  -9 -9.0 -9  3  2
202603070400 108   2  1.2  -9 -9.0   -9 1014.7 1025.7 -9  -9.0  -2.1  -7.0  69.0   3.6   -9.0   -9.0   -9.0   -9.0   -9.0   -9.0   -9.0 -9 -9 -                        0   0   -9 -         -9  -9  -9  1837 -9.0 -9.00 -9  -0.6   1.8   2.2   4.1   4.7  -9 -9.0 -9  3  2
202603070500 108  34  0.8  -9 -9.0   -9 1015.0 1026.0 -9  -9.0  -2.4  -6.9  71.0   3.6   -9.0   -9.0   -9.0   -9.0   -9.0   -9.0   -9.0 -9 -9 -                        0   0   -9 -         -9  -9  -9  1880 -9.0 -9.00 -9  -0.8   1.6   2.1   4.0   4.6  -9 -9.0 -9  3  2
202603070600 108  34  2.0  -9 -9.0   -9 1015.5 1026.5  3   0.7  -2.5  -7.0  71.0   3.6   -9.0   -9.0   -9.0   -9.0   -9.0   -9.0   -9.0 -9 -9 -                        0   0   -9 -         -9  -9  -9  1973 -9.0 -9.00 -9  -1.0   1.4   1.9   3.7   4.3  -9 -9.0 -9  3  2
202603070700 108  27  1.9  -9 -9.0   -9 1016.0 1027.0 -9  -9.0  -2.8  -8.4  65.0   3.2   -9.0   -9.0   -9.0   -9.0   -9.0   -9.0   -9.0 -9 -9 -                        0   0   -9 -         -9  -9  -9  2600  0.0  0.00 -9  -1.1   1.3   1.8   3.8   4.6  -9 -9.0 -9  3  2
202603070800 108  27  2.2  -9 -9.0   -9 1016.7 1027.7 -9  -9.0  -2.6  -8.8  62.0   3.1   -9.0   -9.0   -9.0   -9.0   -9.0   -9.0   -9.0 -9 -9 -                        0   0   -9 -         -9  -9  -9  2674  0.7  0.24 -9  -0.7   1.3   1.7   3.7   4.4  -9 -9.0 -9  3  2
202603070900 108  27  2.4  -9 -9.0   -9 1017.3 1028.3  2   1.8  -0.9  -8.8  55.0   3.1   -9.0   -9.0   -9.0   -9.0   -9.0   -9.0   -9.0 -9 -9 -                        0   0   -9 -         -9  -9  -9  2933  1.0  0.91 -9   0.2   1.2   1.3   3.2   4.2  -9 -9.0 -9  3  2
202603071000 108  27  3.1  -9 -9.0   -9 1017.5 1028.4 -9  -9.0   0.4 -10.7  43.0   2.7   -9.0   -9.0   -9.0   -9.0   -9.0   -9.0   -9.0 -9 -9 -                        0   0   -9 -         -9  -9  -9  3257  1.0  1.76 -9   1.4   1.6   1.2   3.1   3.8  -9 -9.0 -9  3  2
202603071100 108  25  3.2  -9 -9.0   -9 1017.7 1028.6 -9  -9.0   1.7 -10.4  40.0   2.8   -9.0   -9.0   -9.0   -9.0   -9.0   -9.0   -9.0 -9 -9 -                        0   0   -9 -         -9  -9  -9  3760  1.0  2.40 -9   7.8   2.3   1.2   2.9   3.7  -9 -9.0 -9  3  2
202603071200 108  25  3.7  -9 -9.0   -9 1017.8 1028.6  1   0.3   3.1 -11.2  34.0   2.6   -9.0   -9.0   -9.0   -9.0   -9.0   -9.0   -9.0 -9 -9 -                        0   0   -9 -         -9  -9  -9  2740  1.0  2.85 -9  14.4   3.2   1.5   2.9   3.5  -9 -9.0 -9  3  2
202603071300 108  25  3.1  -9 -9.0   -9 1017.4 1028.2 -9  -9.0   3.6 -12.8  29.0   2.3   -9.0   -9.0   -9.0   -9.0   -9.0   -9.0   -9.0 -9 -9 -                        0   0   -9 -         -9  -9  -9  2941  1.0  3.07 -9  17.0   4.1   2.0   2.7   3.4  -9 -9.0 -9  3  2
202603071400 108  29  4.3  -9 -9.0   -9 1016.7 1027.5 -9  -9.0   3.9 -12.1  30.0   2.4   -9.0   -9.0   -9.0   -9.0   -9.0   -9.0   -9.0 -9 -9 -                        0   0   -9 -         -9  -9  -9  2987  1.0  3.00 -9  17.1   4.8   2.5   2.8   3.4  -9 -9.0 -9  3  2
202603071500 108  27  3.7  -9 -9.0   -9 1016.4 1027.1  7  -1.5   5.2 -11.8  28.0   2.5   -9.0   -9.0   -9.0   -9.0   -9.0   -9.0   -9.0 -9 -9 -                        0   0   -9 -         -9  -9  -9  2777  1.0  2.68 -9  16.9   5.5   3.1   2.9   3.4  -9 -9.0 -9  3  2
202603071600 108  25  3.6  -9 -9.0   -9 1016.1 1026.8 -9  -9.0   5.9 -12.6  25.0   2.3   -9.0   -9.0   -9.0   -9.0   -9.0   -9.0   -9.0 -9 -9 -                        0   0   -9 -         -9  -9  -9  3608  1.0  2.13 -9  14.0   6.0   3.6   3.2   3.4  -9 -9.0 -9  3  2
202603071700 108  29  3.8  -9 -9.0   -9 1016.1 1026.8 -9  -9.0   4.8 -11.7  29.0   2.5   -9.0   -9.0   -9.0   -9.0   -9.0   -9.0   -9.0 -9 -9 -                        0   0   -9 -         -9  -9  -9  3880  1.0  1.43 -9   8.6   5.6   3.8   3.4   3.6  -9 -9.0 -9  3  2
202603071800 108  27  3.3  -9 -9.0   -9 1015.9 1026.6  7  -0.5   4.0 -11.6  31.0   2.5   -9.0   -9.0   -9.0   -9.0   -9.0   -9.0   -9.0 -9 -9 -                        0   0   -9 -         -9  -9  -9  3646  1.0  0.58 -9   4.0   5.0   3.9   3.7   3.8  -9 -9.0 -9  3  2
202603071900 108  29  1.6  -9 -9.0   -9 1016.3 1027.1 -9  -9.0   2.6 -11.0  36.0   2.6   -9.0   -9.0   -9.0   -9.0   -9.0   -9.0   -9.0 -9 -9 -                        0   0   -9 -         -9  -9  -9  3385  0.2  0.05 -9   1.4   4.3   3.7   3.9   3.8  -9 -9.0 -9  3 -9
202603072000 108  29  2.2  -9 -9.0   -9 1016.9 1027.7 -9  -9.0   1.7 -10.4  40.0   2.8   -9.0   -9.0   -9.0   -9.0   -9.0   -9.0   -9.0 -9 -9 -                        0   0   -9 -         -9  -9  -9  3164 -9.0 -9.00 -9   0.8   3.6   3.3   4.0   4.1  -9 -9.0 -9  3 -9
202603072100 108  32  3.6  -9 -9.0   -9 1017.5 1028.4  2   1.8   1.4 -10.1  42.0   2.8   -9.0   -9.0   -9.0   -9.0   -9.0   -9.0   -9.0 -9 -9 -                        0   0   -9 -         -9  -9  -9  3020 -9.0 -9.00 -9   0.8   3.2   3.1   4.2   4.2  -9 -9.0 -9  3  2
202603072200 108  27  2.6  -9 -9.0   -9 1018.0 1028.9 -9  -9.0   0.5  -9.2  48.0   3.0   -9.0   -9.0   -9.0   -9.0   -9.0   -9.0   -9.0 -9 -9 -                        0   0   -9 -         -9  -9  -9  2491 -9.0 -9.00 -9   0.7   2.9   3.0   4.3   4.4  -9 -9.0 -9  3 -9
202603072300 108  27  1.4  -9 -9.0   -9 1018.4 1029.4 -9  -9.0  -0.4  -9.0  52.0   3.1   -9.0   -9.0   -9.0   -9.0   -9.0   -9.0   -9.0 -9 -9 -                        0   0   -9 -         -9  -9  -9  2421 -9.0 -9.00 -9   0.5   2.4   2.7   4.2   4.5  -9 -9.0 -9  3 -9
202603080000 108  25  2.0  -9 -9.0   -9 1018.7 1029.7  2   1.3  -0.9  -9.0  54.0   3.1   -9.0   -9.0   -9.0   -9.0   -9.0   -9.0   -9.0 -9 -9 -                        0   0   -9 -         -9  -9  -9  2433 -9.0 -9.00 -9  -0.1   2.2   2.5   4.2   4.4  -9 -9.0 -9  3  2
202603080100 108  29  1.0  -9 -9.0   -9 1019.2 1030.2 -9  -9.0  -1.4  -9.2  55.0   3.0   -9.0   -9.0   -9.0   -9.0   -9.0   -9.0   -9.0 -9 -9 -                        0   0   -9 -         -9  -9  -9  2301 -9.0 -9.00 -9  -0.6   1.9   2.3   4.0   4.3  -9 -9.0 -9  3 -9
202603080200 108  29  0.8  -9 -9.0   -9 1018.8 1029.8 -9  -9.0  -2.0  -9.3  57.0   3.0   -9.0   -9.0   -9.0   -9.0   -9.0   -9.0   -9.0 -9 -9 -                        0   0   -9 -         -9  -9  -9  2434 -9.0 -9.00 -9  -1.0   1.7   2.2   3.9   4.4  -9 -9.0 -9  3 -9
202603080300 108   5  0.8  -9 -9.0   -9 1018.2 1029.2  8  -0.5  -2.5  -9.4  59.0   3.0   -9.0   -9.0   -9.0   -9.0   -9.0   -9.0   -9.0 -9 -9 -                        0   0   -9 -         -9  -9  -9  2447 -9.0 -9.00 -9  -1.3   1.4   1.9   3.8   4.3  -9 -9.0 -9  3  2
202603080400 108   2  2.2  -9 -9.0   -9 1017.9 1028.9 -9  -9.0  -2.9  -9.5  60.0   3.0   -9.0   -9.0   -9.0   -9.0   -9.0   -9.0   -9.0 -9 -9 -                        0   0   -9 -         -9  -9  -9  2435 -9.0 -9.00 -9  -1.5   1.2   1.8   3.7   4.3  -9 -9.0 -9  3  2
202603080500 108  29  1.3  -9 -9.0   -9 1017.9 1028.9 -9  -9.0  -2.9  -9.5  60.0   3.0   -9.0   -9.0   -9.0   -9.0   -9.0   -9.0   -9.0 -9 -9 -                        0   0   -9 -         -9  -9  -9  2442 -9.0 -9.00 -9  -1.6   1.1   1.7   3.6   4.2  -9 -9.0 -9  3  2
202603080600 108  27  0.7  -9 -9.0   -9 1018.2 1029.3  3   0.1  -3.0  -9.2  62.0   3.0   -9.0   -9.0   -9.0   -9.0   -9.0   -9.0   -9.0 -9 -9 -                        0   0   -9 -         -9  -9  -9  2287 -9.0 -9.00 -9  -1.7   1.0   1.6   3.5   4.1  -9 -9.0 -9  3  2
202603080700 108  27  1.3  -9 -9.0   -9 1018.4 1029.5 -9  -9.0  -3.4  -9.2  64.0   3.0   -9.0   -9.0   -9.0   -9.0   -9.0   -9.0   -9.0 -9 -9 -                        0   0   -9 -         -9  -9  -9  2278  0.0  0.00 -9  -1.8   0.9   1.5   3.4   4.2  -9 -9.0 -9  3  2
202603080800 108  29  1.2  -9 -9.0   -9 1018.8 1029.8 -9  -9.0  -2.3  -7.9  65.0   3.4   -9.0   -9.0   -9.0   -9.0   -9.0   -9.0   -9.0 -9 -9 -                        0   0   -9 -         -9  -9  -9  2224  0.7  0.25 -9  -1.0   0.9   1.4   3.3   4.1  -9 -9.0 -9  3  2
202603080900 108  18  1.1  -9 -9.0   -9 1018.9 1029.8  1   0.5   0.1  -6.7  60.0   3.7   -9.0   -9.0   -9.0   -9.0   -9.0   -9.0   -9.0 -9 -9 -                        0   0   -9 -         -9  -9  -9  2074  1.0  0.90 -9   0.3   1.1   1.0   2.9   3.6  -9 -9.0 -9  3  2
202603081000 108  29  1.5  -9 -9.0   -9 1018.6 1029.5 -9  -9.0   1.9  -7.9  48.0   3.4   -9.0   -9.0   -9.0   -9.0   -9.0   -9.0   -9.0 -9 -9 -                        0   0   -9 -         -9  -9  -9  2425  1.0  1.73 -9   1.8   1.6   0.9   2.6   3.4  -9 -9.0 -9  3  2
202603081100 108  27  1.7  -9 -9.0   -9 1018.3 1029.1 -9  -9.0   3.7  -9.3  38.0   3.0   -9.0   -9.0   -9.0   -9.0   -9.0   -9.0   -9.0 -9 -9 -                        0   0   -9 -         -9  -9  -9  2610  1.0  2.35 -9   6.9   2.5   1.0   2.6   3.3  -9 -9.0 -9  3  2
202603081200 108  29  2.6  -9 -9.0   -9 1018.2 1028.9  7  -0.9   5.0 -11.1  30.0   2.6   -9.0   -9.0   -9.0   -9.0   -9.0   -9.0   -9.0 -9 -9 -                        1   0   -9 Ci         1   0   0  2882  1.0  2.81 -9  15.3   3.6   1.3   2.6   3.3  -9 -9.0 -9  3  2
202603081300 108  27  2.6  -9 -9.0   -9 1017.4 1028.1 -9  -9.0   6.6 -11.1  27.0   2.6   -9.0   -9.0   -9.0   -9.0   -9.0   -9.0   -9.0 -9 -9 -                        3   0   -9 Ci         1   0   0  2921  1.0  3.02 -9  18.0   4.9   1.8   2.5   3.1  -9 -9.0 -9  3  2
202603081400 108  25  3.3  -9 -9.0   -9 1016.6 1027.2 -9  -9.0   6.9 -11.8  25.0   2.5   -9.0   -9.0   -9.0   -9.0   -9.0   -9.0   -9.0 -9 -9 -                        6   0   -9 Ci         1   0   0  3241  1.0  2.80 -9  17.1   6.0   2.6   2.5   3.0  -9 -9.0 -9  3  2
202603081500 108  27  2.9  -9 -9.0   -9 1016.4 1027.0  7  -1.9   7.2 -11.0  26.0   2.6   -9.0   -9.0   -9.0   -9.0   -9.0   -9.0   -9.0 -9 -9 -                        8   0   -9 Ci         1   0   0  3384  1.0  1.96 -9  14.9   6.6   3.3   2.7   2.9  -9 -9.0 -9  3  2
202603081600 108  25  3.2  -9 -9.0   -9 1016.1 1026.7 -9  -9.0   6.7  -9.2  31.0   3.0   -9.0   -9.0   -9.0   -9.0   -9.0   -9.0   -9.0 -9 -9 -                        7   0   -9 Ci         1   0   0  2959  1.0  1.51 -9  11.7   6.6   3.8   2.9   3.0  -9 -9.0 -9  3  2
202603081700 108  25  3.1  -9 -9.0   -9 1015.9 1026.5 -9  -9.0   6.7  -8.8  32.0   3.1   -9.0   -9.0   -9.0   -9.0   -9.0   -9.0   -9.0 -9 -9 -                        2   0   -9 Ci         1   0   0  3393  1.0  1.17 -9   9.3   6.4   4.0   3.1   3.1  -9 -9.0 -9  3  2
202603081800 108  27  3.1  -9 -9.0   -9 1016.4 1027.1  3   0.1   5.2 -10.1  32.0   2.8   -9.0   -9.0   -9.0   -9.0   -9.0   -9.0   -9.0 -9 -9 -                        0   0   -9 -         -9  -9  -9  3572  1.0  0.51 -9   5.1   5.8   4.2   3.5   3.4  -9 -9.0 -9  3  2
202603081900 108  29  4.4  -9 -9.0   -9 1017.1 1027.9 -9  -9.0   3.4  -7.4  45.0   3.5   -9.0   -9.0   -9.0   -9.0   -9.0   -9.0   -9.0 -9 -9 -                        0   0   -9 -         -9  -9  -9  3325  0.0  0.06 -9   2.4   4.9   4.0   3.7   3.6  -9 -9.0 -9  3 -9
202603082000 108  29  3.7  -9 -9.0   -9 1017.6 1028.4 -9  -9.0   2.4  -5.9  54.0   3.9   -9.0   -9.0   -9.0   -9.0   -9.0   -9.0   -9.0 -9 -9 -                        0   0   -9 -         -9  -9  -9  2971 -9.0 -9.00 -9   1.2   4.3   3.6   3.9   3.8  -9 -9.0 -9  3 -9
202603082100 108  29  3.0  -9 -9.0   -9 1018.0 1028.8  2   1.7   2.0  -5.1  59.0   4.2   -9.0   -9.0   -9.0   -9.0   -9.0   -9.0   -9.0 -9 -9 -                        0   0   -9 -         -9  -9  -9  2608 -9.0 -9.00 -9   0.5   3.8   3.3   3.9   3.9  -9 -9.0 -9  3  2
202603082200 108  29  2.6  -9 -9.0   -9 1017.9 1028.8 -9  -9.0   1.8  -3.2  69.0   4.8   -9.0   -9.0   -9.0   -9.0   -9.0   -9.0   -9.0 -9 -9 -                        0   0   -9 -         -9  -9  -9  2241 -9.0 -9.00 -9   0.8   3.4   3.0   3.9   4.0  -9 -9.0 -9  3 -9
202603082300 108  27  1.9  -9 -9.0   -9 1017.9 1028.8 -9  -9.0   1.6  -3.1  71.0   4.9   -9.0   -9.0   -9.0   -9.0   -9.0   -9.0   -9.0 -9 -9 -                        5   5   18 -         -9  -9  -9  1910 -9.0 -9.00 -9   0.8   3.2   2.8   3.9   3.9  -9 -9.0 -9  3 -9
202603090000 108  27  1.6  -9 -9.0   -9 1017.4 1028.2  7  -0.6   2.0  -2.5  72.0   5.1   -9.0   -9.0   -9.0   -9.0   -9.0   -9.0   -9.0 -9 -9 -                        9   9   18 Sc         0   0   5  1703 -9.0 -9.00 -9   1.0   3.2   2.6   3.7   4.0  -9 -9.0 -9  3  2
202603090100 108  25  1.5  -9 -9.0   -9 1017.6 1028.4 -9  -9.0   2.2  -2.3  72.0   5.2   -9.0   -9.0   -9.0   -9.0   -9.0   -9.0   -9.0 -9 -9 -                        9   9   17 -         -9  -9  -9  1551 -9.0 -9.00 -9   1.7   3.3   2.6   3.7   4.0  -9 -9.0 -9  3 -9
202603090200 108  27  1.6  -9 -9.0   -9 1017.3 1028.1 -9  -9.0   2.5  -1.3  76.0   5.6   -9.0   -9.0   -9.0   -9.0   -9.0   -9.0   -9.0 -9 -9 -                        9   9   17 -         -9  -9  -9  1259 -9.0 -9.00 -9   2.1   3.3   2.6   3.6   3.9  -9 -9.0 -9  3 -9
202603090300 108  27  1.3  -9 -9.0   -9 1016.9 1027.7  8  -0.5   2.6  -1.5  74.0   5.5   -9.0   -9.0   -9.0   -9.0   -9.0   -9.0   -9.0 -9 -9 -                        9   9   16 Sc         0   0   5  1097 -9.0 -9.00 -9   2.2   3.3   2.5   3.5   4.0  -9 -9.0 -9  3  2
202603090400 108  25  0.9  -9 -9.0   -9 1016.7 1027.5 -9  -9.0   2.6  -1.9  72.0   5.3   -9.0   -9.0   -9.0   -9.0   -9.0   -9.0   -9.0 -9 -9 -                        9   9   13 Sc         0   0   5  1062 -9.0 -9.00 -9   2.2   3.3   2.5   3.5   3.9  -9 -9.0 -9  3  2
202603090500 108  27  1.4  -9 -9.0   -9 1016.7 1027.5 -9  -9.0   2.6  -2.1  71.0   5.2   -9.0   -9.0   -9.0   -9.0   -9.0   -9.0   -9.0 -9 -9 -                        9   9   12 Sc         0   0   5  1005 -9.0 -9.00 -9   2.3   3.3   2.5   3.4   3.9  -9 -9.0 -9  3  2
202603090600 108  25  1.0  -9 -9.0   -9 1016.5 1027.3  7  -0.4   2.7  -2.4  69.0   5.1   -9.0   -9.0   -9.0   -9.0   -9.0   -9.0   -9.0  5 22 40                       8   8    9 Sc         0   0   5   985 -9.0 -9.00 -9   2.0   3.3   2.5   3.4   3.7  -9 -9.0 -9  3  1
202603090700 108  32  1.2  -9 -9.0   -9 1016.6 1027.4 -9  -9.0   2.6  -2.1  71.0   5.2   -9.0   -9.0   -9.0   -9.0   -9.0   -9.0   -9.0  5 22 40                       6   6    9 Sc         0   0   5   935  0.0  0.00 -9   2.1   3.2   2.4   3.4   3.7  -9 -9.0 -9  3  1
202603090800 108  27  1.1  -9 -9.0   -9 1016.9 1027.7 -9  -9.0   2.3  -2.2  72.0   5.2   -9.0   -9.0   -9.0   -9.0   -9.0   -9.0   -9.0  5  0 40                       2   2   17 Sc         0   0   5   899  0.0  0.13 -9   1.4   3.0   2.4   3.5   3.7  -9 -9.0 -9  3  1
202603090900 108  29  3.4  -9 -9.0   -9 1016.9 1027.7  1   0.4   3.3  -2.0  68.0   5.3   -9.0   -9.0   -9.0   -9.0   -9.0   -9.0   -9.0  5 11 40                       0   0   -9 -         -9  -9  -9   858  0.8  0.67 -9   4.9   3.3   2.3   3.4   3.7  -9 -9.0 -9  3  1
202603091000 108  29  3.1  -9 -9.0   -9 1017.0 1027.7 -9  -9.0   4.2  -1.8  65.0   5.4   -9.0   -9.0   -9.0   -9.0   -9.0   -9.0   -9.0  5  0 40                       2   2    8 Sc         0   0   5   845  1.0  1.44 -9  10.2   4.2   2.5   3.2   3.7  -9 -9.0 -9  3  1
202603091100 108  32  3.7  -9 -9.0   -9 1016.7 1027.4 -9  -9.0   5.2  -3.3  54.0   4.8   -9.0   -9.0   -9.0   -9.0   -9.0   -9.0   -9.0  5  0 40                       1   1    9 Sc         0   0   5   958  1.0  2.19 -9  14.7   5.3   2.8   3.2   3.5  -9 -9.0 -9  3  1
202603091200 108  29  3.3  -9 -9.0   -9 1016.3 1027.0  7  -0.7   6.2  -4.2  47.0   4.5   -9.0   -9.0   -9.0   -9.0   -9.0   -9.0   -9.0 -9 -9 40                       3   3   12 Sc         0   0   5  1099  0.7  2.26 -9  15.8   6.2   3.4   3.3   3.6  -9 -9.0 -9  3  2
202603091300 108  29  3.9  -9 -9.0   -9 1015.6 1026.2 -9  -9.0   6.8  -4.9  43.0   4.2   -9.0   -9.0   -9.0   -9.0   -9.0   -9.0   -9.0 -9 -9 -                        6   6   12 Sc         0   0   5  1193  0.5  1.98 -9  14.8   7.1   4.0   3.4   3.4  -9 -9.0 -9  3  2
202603091400 108  27  2.9  -9 -9.0   -9 1015.2 1025.8 -9  -9.0   7.6  -4.2  43.0   4.5   -9.0   -9.0   -9.0   -9.0   -9.0   -9.0   -9.0 -9 -9 -                        7   7   13 Sc         0   0   5  1319  0.4  1.78 -9  17.0   7.5   4.4   3.5   3.5  -9 -9.0 -9  3  2
202603091500 108  27  4.6  -9 -9.0   -9 1015.0 1025.6  7  -1.4   7.2  -4.5  43.0   4.4   -9.0   -9.0   -9.0   -9.0   -9.0   -9.0   -9.0 -9 -9 -                        4   4   13 Sc         0   0   5  1376  0.4  1.46 -9  13.0   7.8   4.8   3.7   3.6  -9 -9.0 -9  3  2
202603091600 108  29  3.7  -9 -9.0   -9 1015.1 1025.7 -9  -9.0   7.5  -4.2  43.0   4.5   -9.0   -9.0   -9.0   -9.0   -9.0   -9.0   -9.0 -9 -9 -                        4   4   12 Sc         0   0   5  1238  0.5  1.38 -9  13.8   7.8   5.1   4.0   3.6  -9 -9.0 -9  3  2
202603091700 108  29  4.3  -9 -9.0   -9 1015.3 1025.9 -9  -9.0   7.1  -4.6  43.0   4.3   -9.0   -9.0   -9.0   -9.0   -9.0   -9.0   -9.0 -9 -9 -                        3   3   12 Sc         0   0   5  1198  0.8  1.16 -9  10.0   7.8   5.3   4.2   3.9  -9 -9.0 -9  3  2
202603091800 108  32  2.6  -9 -9.0   -9 1015.7 1026.3  2   0.7   6.6  -4.5  45.0   4.4   -9.0   -9.0   -9.0   -9.0   -9.0   -9.0   -9.0 -9 -9 -                        2   2   15 Sc         0   0   5  1114  0.3  0.38 -9   6.7   7.0   5.3   4.4   4.0  -9 -9.0 -9  3  2
202603091900 108  27  2.2  -9 -9.0   -9 1016.1 1026.8 -9  -9.0   5.7  -4.7  47.0   4.3   -9.0   -9.0   -9.0   -9.0   -9.0   -9.0   -9.0 -9 -9 -                        0   0   -9 -         -9  -9  -9  1026  0.0  0.04 -9   3.9   6.2   5.0   4.6   4.2  -9 -9.0 -9  3 -9
202603092000 108  29  1.4  -9 -9.0   -9 1016.7 1027.4 -9  -9.0   4.8  -4.7  50.0   4.3   -9.0   -9.0   -9.0   -9.0   -9.0   -9.0   -9.0 -9 -9 40                       0   0   -9 -         -9  -9  -9   945 -9.0 -9.00 -9   2.3   5.4   4.7   4.7   4.4  -9 -9.0 -9  3  2
202603092100 108  32  3.8  -9 -9.0   -9 1017.1 1027.8  2   1.5   4.6  -4.1  53.0   4.5   -9.0   -9.0   -9.0   -9.0   -9.0   -9.0   -9.0  5  0 40                       0   0   -9 -         -9  -9  -9   832 -9.0 -9.00 -9   1.8   4.9   4.3   4.7   4.4  -9 -9.0 -9  3  1
202603092200 108  32  4.5  -9 -9.0   -9 1017.5 1028.3 -9  -9.0   3.8  -4.1  56.0   4.5   -9.0   -9.0   -9.0   -9.0   -9.0   -9.0   -9.0 -9 -9 40                       0   0   -9 -         -9  -9  -9   877 -9.0 -9.00 -9   1.4   4.6   4.0   4.7   4.6  -9 -9.0 -9  3  2
202603092300 108  29  3.3  -9 -9.0   -9 1017.8 1028.6 -9  -9.0   3.2  -4.7  56.0   4.3   -9.0   -9.0   -9.0   -9.0   -9.0   -9.0   -9.0 -9 -9 40                       0   0   -9 -         -9  -9  -9   917 -9.0 -9.00 -9   0.8   4.3   3.8   4.7   4.6  -9 -9.0 -9  3  2
202603100000 108  27  3.0  -9 -9.0   -9 1017.6 1028.4  0   0.6   2.7  -5.2  56.0   4.2   -9.0   -9.0   -9.0   -9.0   -9.0   -9.0   -9.0 -9 -9 40                       0   0   -9 -         -9  -9  -9  1038 -9.0 -9.00 -9   0.3   3.9   3.5   4.5   4.6  -9 -9.0 -9  3  2
202603100100 108  25  2.3  -9 -9.0   -9 1017.7 1028.5 -9  -9.0   1.9  -5.2  59.0   4.2   -9.0   -9.0   -9.0   -9.0   -9.0   -9.0   -9.0 -9 -9 -                        0   0   -9 -         -9  -9  -9  1235 -9.0 -9.00 -9   0.8   3.5   3.2   4.4   4.5  -9 -9.0 -9  3 -9
202603100200 108  25  1.8  -9 -9.0   -9 1017.4 1028.3 -9  -9.0   1.1  -5.5  61.0   4.1   -9.0   -9.0   -9.0   -9.0   -9.0   -9.0   -9.0 -9 -9 -                        0   0   -9 -         -9  -9  -9  1249 -9.0 -9.00 -9   0.7   3.0   3.3   4.6   4.7  -9 -9.0 -9  3 -9
202603100300 108  27  1.3  -9 -9.0   -9 1017.0 1027.9  8  -0.5   0.6  -5.4  64.0   4.1   -9.0   -9.0   -9.0   -9.0   -9.0   -9.0   -9.0 -9 -9 -                        0   0   -9 -         -9  -9  -9  1232 -9.0 -9.00 -9   0.6   2.7   3.0   4.5   4.6  -9 -9.0 -9  3  2
202603100400 108  25  1.4  -9 -9.0   -9 1016.9 1027.8 -9  -9.0   0.1  -5.5  66.0   4.1   -9.0   -9.0   -9.0   -9.0   -9.0   -9.0   -9.0 -9 -9 -                        0   0   -9 -         -9  -9  -9  1290 -9.0 -9.00 -9   0.3   2.3   2.7   4.4   4.6  -9 -9.0 -9  3  2
202603100500 108  27  1.5  -9 -9.0   -9 1016.7 1027.6 -9  -9.0  -0.1  -5.9  65.0   3.9   -9.0   -9.0   -9.0   -9.0   -9.0   -9.0   -9.0 -9 -9 -                        0   0   -9 -         -9  -9  -9  1410 -9.0 -9.00 -9  -0.3   2.1   2.5   4.3   4.7  -9 -9.0 -9  3  2
202603100600 108  29  1.3  -9 -9.0   -9 1017.2 1028.1  3   0.2  -0.3  -5.4  68.0   4.1   -9.0   -9.0   -9.0   -9.0   -9.0   -9.0   -9.0 -9 -9 -                        0   0   -9 -         -9  -9  -9  1468 -9.0 -9.00 -9  -0.6   1.9   2.3   4.1   4.6  -9 -9.0 -9  3  2
202603100700 108  34  1.0  -9 -9.0   -9 1017.2 1028.1 -9  -9.0  -0.5  -5.4  69.0   4.1   -9.0   -9.0   -9.0   -9.0   -9.0   -9.0   -9.0 -9 -9 -                        4   0   -9 Ci         1   0   0  1463  0.0  0.00 -9  -0.6   1.8   2.1   4.0   4.6  -9 -9.0 -9  3  2
202603100800 108   5  1.8  -9 -9.0   -9 1017.4 1028.3 -9  -9.0  -0.1  -4.9  70.0   4.2   -9.0   -9.0   -9.0   -9.0   -9.0   -9.0   -9.0 -9 -9 -                        6   0   -9 Ci         1   0   0  1030  0.1  0.23 -9   0.2   1.9   1.9   3.7   4.4  -9 -9.0 -9  3  2
202603100900 108   5  0.8  -9 -9.0   -9 1017.8 1028.6  2   0.5   1.9  -3.9  65.0   4.6   -9.0   -9.0   -9.0   -9.0   -9.0   -9.0   -9.0  5 11 40                       6   0   -9 Ci         1   0   0   845  0.7  0.61 -9   0.5   2.5   1.7   3.4   4.1  -9 -9.0 -9  3  1
202603101000 108  23  1.9  -9 -9.0   -9 1017.5 1028.2 -9  -9.0   4.8  -4.5  51.0   4.4   -9.0   -9.0   -9.0   -9.0   -9.0   -9.0   -9.0 -9 -9 40                       4   0   -9 Ci         1   0   0  1506  1.0  1.63 -9   4.8   3.6   1.8   3.2   3.8  -9 -9.0 -9  3  2
202603101100 108  20  2.6  -9 -9.0   -9 1017.2 1027.8 -9  -9.0   7.0  -5.3  41.0   4.1   -9.0   -9.0   -9.0   -9.0   -9.0   -9.0   -9.0 -9 -9 -                        4   0   -9 Ci         1   0   0  1719  1.0  2.25 -9  15.2   5.1   2.3   3.0   3.7  -9 -9.0 -9  3  2
202603101200 108  25  2.8  -9 -9.0   -9 1016.7 1027.3  7  -1.3   8.0  -6.9  34.0   3.6   -9.0   -9.0   -9.0   -9.0   -9.0   -9.0   -9.0 -9 -9 -                        0   0   -9 -         -9  -9  -9  2299  1.0  2.78 -9  18.8   6.6   3.1   3.1   3.6  -9 -9.0 -9  3  2
202603101300 108  23  3.7  -9 -9.0   -9 1016.1 1026.6 -9  -9.0   9.0  -5.3  36.0   4.1   -9.0   -9.0   -9.0   -9.0   -9.0   -9.0   -9.0 -9 -9 -                        0   0   -9 -         -9  -9  -9  1910  1.0  2.91 -9  20.5   7.7   3.9   3.1   3.5  -9 -9.0 -9  3  2
202603101400 108  25  3.1  -9 -9.0   -9 1015.5 1026.0 -9  -9.0   9.3  -6.5  32.0   3.8   -9.0   -9.0   -9.0   -9.0   -9.0   -9.0   -9.0 -9 -9 -                        0   0   -9 -         -9  -9  -9  2469  1.0  2.85 -9  20.7   8.6   4.7   3.4   3.5  -9 -9.0 -9  3  2
202603101500 108  25  2.3  -9 -9.0   -9 1015.0 1025.5  7  -1.8   9.4  -6.9  31.0   3.6   -9.0   -9.0   -9.0   -9.0   -9.0   -9.0   -9.0 -9 -9 -                        0   0   -9 -         -9  -9  -9  2514  1.0  2.58 -9  19.6   8.9   5.3   3.6   3.5  -9 -9.0 -9  3  2
202603101600 108  25  2.4  -9 -9.0   -9 1014.6 1025.1 -9  -9.0   9.1  -7.1  31.0   3.6   -9.0   -9.0   -9.0   -9.0   -9.0   -9.0   -9.0 -9 -9 -                        0   0   -9 -         -9  -9  -9  2298  1.0  2.06 -9  16.6   8.8   5.6   4.0   3.8  -9 -9.0 -9  3  2
202603101700 108  23  2.9  -9 -9.0   -9 1014.6 1025.1 -9  -9.0   8.9  -8.2  29.0   3.3   -9.0   -9.0   -9.0   -9.0   -9.0   -9.0   -9.0 -9 -9 -                        0   0   -9 -         -9  -9  -9  2127  1.0  1.37 -9  11.6   8.4   5.8   4.3   3.9  -9 -9.0 -9  3  2
202603101800 108  27  2.8  -9 -9.0   -9 1014.7 1025.3  5  -0.2   7.3  -6.8  36.0   3.7   -9.0   -9.0   -9.0   -9.0   -9.0   -9.0   -9.0 -9 -9 -                        0   0   -9 -         -9  -9  -9  2289  1.0  0.58 -9   6.6   7.5   5.8   4.7   4.2  -9 -9.0 -9  3  2
202603101900 108  29  3.5  -9 -9.0   -9 1015.1 1025.8 -9  -9.0   5.5  -5.8  44.0   4.0   -9.0   -9.0   -9.0   -9.0   -9.0   -9.0   -9.0 -9 -9 -                        0   0   -9 -         -9  -9  -9  2137  0.2  0.06 -9   3.9   6.6   5.2   4.4   3.9  -9 -9.0 -9  3 -9
202603102000 108  27  2.5  -9 -9.0   -9 1015.2 1025.9 -9  -9.0   4.3  -6.9  44.0   3.6   -9.0   -9.0   -9.0   -9.0   -9.0   -9.0   -9.0 -9 -9 -                        0   0   -9 -         -9  -9  -9  2306 -9.0 -9.00 -9   2.3   5.8   4.8   4.6   4.2  -9 -9.0 -9  3 -9
202603102100 108  27  1.6  -9 -9.0   -9 1015.2 1026.0  2   0.7   3.2  -7.9  44.0   3.4   -9.0   -9.0   -9.0   -9.0   -9.0   -9.0   -9.0 -9 -9 -                        0   0   -9 -         -9  -9  -9  2336 -9.0 -9.00 -9   1.0   5.0   4.7   5.0   4.7  -9 -9.0 -9  3  2
202603102200 108  27  2.1  -9 -9.0   -9 1015.5 1026.3 -9  -9.0   2.4  -8.6  44.0   3.2   -9.0   -9.0   -9.0   -9.0   -9.0   -9.0   -9.0 -9 -9 -                        0   0   -9 -         -9  -9  -9  2437 -9.0 -9.00 -9   1.0   4.4   4.3   5.0   4.9  -9 -9.0 -9  3 -9
202603102300 108  27  1.4  -9 -9.0   -9 1015.4 1026.2 -9  -9.0   1.8  -8.3  47.0   3.3   -9.0   -9.0   -9.0   -9.0   -9.0   -9.0   -9.0 -9 -9 -                        0   0   -9 -         -9  -9  -9  2441 -9.0 -9.00 -9   0.9   3.9   4.2   5.3   5.2  -9 -9.0 -9  3 -9
202603110000 108  27  0.9  -9 -9.0   -9 1015.5 1026.4  2   0.4   1.0  -7.0  55.0   3.6   -9.0   -9.0   -9.0   -9.0   -9.0   -9.0   -9.0 -9 -9 -                        0   0   -9 -         -9  -9  -9  2123 -9.0 -9.00 -9   0.7   3.3   3.8   5.1   5.1  -9 -9.0 -9  3  2
202603110100 108  25  1.0  -9 -9.0   -9 1015.8 1026.7 -9  -9.0   0.4  -6.9  58.0   3.6   -9.0   -9.0   -9.0   -9.0   -9.0   -9.0   -9.0 -9 -9 -                        0   0   -9 -         -9  -9  -9  2153 -9.0 -9.00 -9   0.3   3.0   3.5   5.0   5.1  -9 -9.0 -9  3 -9
202603110200 108   5  0.8  -9 -9.0   -9 1016.0 1026.9 -9  -9.0   0.3  -7.2  57.0   3.6   -9.0   -9.0   -9.0   -9.0   -9.0   -9.0   -9.0 -9 -9 -                        5   5   27 -         -9  -9  -9  2289 -9.0 -9.00 -9  -0.1   2.7   3.1   4.8   5.0  -9 -9.0 -9  3 -9
202603110300 108  25  1.3  -9 -9.0   -9 1015.7 1026.6  0   0.2   0.3  -6.7  59.0   3.7   -9.0   -9.0   -9.0   -9.0   -9.0   -9.0   -9.0 -9 -9 -                        5   5   26 Ac         0   3   0  2292 -9.0 -9.00 -9  -0.1   2.6   2.9   4.7   5.0  -9 -9.0 -9  3  2
202603110400 108   2  1.0  -9 -9.0   -9 1015.6 1026.5 -9  -9.0   0.6  -6.0  61.0   3.9   -9.0   -9.0   -9.0   -9.0   -9.0   -9.0   -9.0 -9 -9 -                        6   6   26 Ac         0   3   0  2282 -9.0 -9.00 -9  -0.4   2.5   2.7   4.5   5.0  -9 -9.0 -9  3  2
202603110500 108   5  1.8  -9 -9.0   -9 1015.7 1026.6 -9  -9.0   0.4  -5.4  65.0   4.1   -9.0   -9.0   -9.0   -9.0   -9.0   -9.0   -9.0 -9 -9 -                        6   6   26 Ac         0   3   0  1944 -9.0 -9.00 -9  -0.2   2.5   2.6   4.3   4.9  -9 -9.0 -9  3  2
202603110600 108   2  1.3  -9 -9.0   -9 1015.8 1026.7  3   0.1   0.1  -6.5  61.0   3.8   -9.0   -9.0   -9.0   -9.0   -9.0   -9.0   -9.0 -9 -9 -                        5   5   27 Ac         0   3   0  2193 -9.0 -9.00 -9  -0.7   2.2   2.5   4.2   4.7  -9 -9.0 -9  3  2
202603110700 108  36  1.4  -9 -9.0   -9 1016.0 1026.9 -9  -9.0   0.4  -6.4  60.0   3.8   -9.0   -9.0   -9.0   -9.0   -9.0   -9.0   -9.0 -9 -9 -                        4   4   26 Ac         0   3   0  2182  0.0  0.00 -9  -0.3   2.3   2.3   4.1   4.6  -9 -9.0 -9  3  2
202603110800 108   5  1.4  -9 -9.0   -9 1016.5 1027.4 -9  -9.0   0.8  -6.0  60.0   3.9   -9.0   -9.0   -9.0   -9.0   -9.0   -9.0   -9.0 -9 -9 -                        4   4   30 Ac         0   3   0  1963  0.2  0.21 -9   0.1   2.3   2.2   3.9   4.4  -9 -9.0 -9  3  2
202603110900 108   2  1.7  -9 -9.0   -9 1016.6 1027.4  1   0.7   3.3  -4.6  56.0   4.3   -9.0   -9.0   -9.0   -9.0   -9.0   -9.0   -9.0 -9 -9 -                        8   5   18 ScAc       0   3   5  1669  1.0  0.86 -9   0.5   2.9   1.9   3.5   4.1  -9 -9.0 -9  3  2
202603111000 108  36  0.7  -9 -9.0   -9 1016.8 1027.5 -9  -9.0   4.7  -4.8  50.0   4.3   -9.0   -9.0   -9.0   -9.0   -9.0   -9.0   -9.0 -9 -9 -                        6   4   16 ScAc       0   3   5  1572  0.3  1.03 -9   3.2   3.8   2.1   3.4   4.0  -9 -9.0 -9  3  2
202603111100 108  25  1.7  -9 -9.0   -9 1016.6 1027.2 -9  -9.0   6.8  -4.9  43.0   4.2   -9.0   -9.0   -9.0   -9.0   -9.0   -9.0   -9.0 -9 -9 -                        8   4   18 ScAc       0   3   5  2023  0.8  2.05 -9  14.9   5.5   2.7   3.3   3.9  -9 -9.0 -9  3  2
202603111200 108  29  2.8  -9 -9.0   -9 1016.4 1027.1  8  -0.3   6.1  -4.1  48.0   4.5   -9.0   -9.0   -9.0   -9.0   -9.0   -9.0   -9.0 -9 -9 -                        9   9   17 Sc         0   0   5  1918  0.0  1.02 -9  10.8   6.3   3.4   3.3   3.7  -9 -9.0 -9  3  2
202603111300 108  29  3.1  -9 -9.0   -9 1015.8 1026.4 -9  -9.0   7.4  -4.7  42.0   4.3   -9.0   -9.0   -9.0   -9.0   -9.0   -9.0   -9.0 -9 -9 -                        6   6   19 Sc         0   0   5  2051  0.2  1.92 -9  16.4   7.1   3.9   3.3   3.8  -9 -9.0 -9  3  2
202603111400 108  27  3.8  -9 -9.0   -9 1014.8 1025.3 -9  -9.0   9.0  -4.9  37.0   4.2   -9.0   -9.0   -9.0   -9.0   -9.0   -9.0   -9.0 -9 -9 -                        5   5   19 Sc         0   0   5  2650  0.9  2.56 -9  19.3   8.0   4.4   3.6   3.7  -9 -9.0 -9  3  2
202603111500 108  27  3.8  -9 -9.0   -9 1014.2 1024.7  7  -2.4   9.9  -5.6  33.0   4.0   -9.0   -9.0   -9.0   -9.0   -9.0   -9.0   -9.0 -9 -9 -                        3   1   15 ScAc       0   3   5  2634  1.0  2.40 -9  18.0   8.6   5.0   3.7   3.8  -9 -9.0 -9  3  2
202603111600 108  27  3.3  -9 -9.0   -9 1014.0 1024.5 -9  -9.0   9.4  -4.5  37.0   4.4   -9.0   -9.0   -9.0   -9.0   -9.0   -9.0   -9.0 -9 -9 -                        0   0   -9 -         -9  -9  -9  1905  1.0  1.71 -9  14.9   8.6   5.5   4.0   3.9  -9 -9.0 -9  3  2
202603111700 108  29  3.3  -9 -9.0   -9 1014.1 1024.6 -9  -9.0   8.8  -2.2  46.0   5.2   -9.0   -9.0   -9.0   -9.0   -9.0   -9.0   -9.0 -9 -9 -                        0   0   -9 -         -9  -9  -9  1660  0.9  1.06 -9  11.0   8.1   5.6   4.2   4.0  -9 -9.0 -9  3  2
202603111800 108  29  3.1  -9 -9.0   -9 1014.4 1025.0  3   0.3   7.8  -1.9  50.0   5.3   -9.0   -9.0   -9.0   -9.0   -9.0   -9.0   -9.0 -9 -9 -                        0   0   -9 -         -9  -9  -9  1628  0.6  0.45 -9   7.2   7.5   5.6   4.6   4.3  -9 -9.0 -9  3  2
202603111900 108  29  3.0  -9 -9.0   -9 1014.8 1025.4 -9  -9.0   6.4  -2.5  53.0   5.1   -9.0   -9.0   -9.0   -9.0   -9.0   -9.0   -9.0 -9 -9 -                        0   0   -9 -         -9  -9  -9  1751  0.0  0.06 -9   4.5   6.7   5.4   4.8   4.4  -9 -9.0 -9  3 -9
202603112000 108  32  1.5  -9 -9.0   -9 1015.4 1026.1 -9  -9.0   5.4  -2.4  57.0   5.1   -9.0   -9.0   -9.0   -9.0   -9.0   -9.0   -9.0 -9 -9 -                        0   0   -9 -         -9  -9  -9  1539 -9.0 -9.00 -9   3.1   6.0   5.1   5.0   4.5  -9 -9.0 -9  3 -9
202603112100 108  32  3.8  -9 -9.0   -9 1015.7 1026.4  2   1.4   4.9  -0.3  69.0   6.0   -9.0   -9.0   -9.0   -9.0   -9.0   -9.0   -9.0 -9 -9 -                        0   0   -9 -         -9  -9  -9  1227 -9.0 -9.00 -9   2.5   5.5   4.7   4.9   4.8  -9 -9.0 -9  3  2
202603112200 108  29  3.2  -9 -9.0   -9 1016.0 1026.7 -9  -9.0   4.5  -0.1  72.0   6.1   -9.0   -9.0   -9.0   -9.0   -9.0   -9.0   -9.0 -9 -9 -                        0   0   -9 -         -9  -9  -9  1041 -9.0 -9.00 -9   2.2   5.2   4.5   5.0   4.7  -9 -9.0 -9  3 -9
202603112300 108  29  2.0  -9 -9.0   -9 1016.2 1026.9 -9  -9.0   3.9  -0.1  75.0   6.1   -9.0   -9.0   -9.0   -9.0   -9.0   -9.0   -9.0 -9 -9 40                       0   0   -9 -         -9  -9  -9   879 -9.0 -9.00 -9   1.4   4.8   4.2   4.9   4.8  -9 -9.0 -9  3  2
202603120000 108  32  1.9  -9 -9.0   -9 1016.3 1027.1  2   0.7   3.8   0.5  79.0   6.3   -9.0   -9.0   -9.0   -9.0   -9.0   -9.0   -9.0  5  0 40                       0   0   -9 -         -9  -9  -9   760 -9.0 -9.00 -9   1.2   4.5   3.9   4.8   4.9  -9 -9.0 -9  3  1
202603120100 108  27  0.8  -9 -9.0   -9 1016.3 1027.1 -9  -9.0   3.2   0.0  79.0   6.1   -9.0   -9.0   -9.0   -9.0   -9.0   -9.0   -9.0 -9 -9 4019                     0   0   -9 -         -9  -9  -9   666 -9.0 -9.00 -9   0.5   4.1   3.7   4.7   4.8  -9 -9.0 -9  3  2
202603120200 108  29  0.7  -9 -9.0   -9 1016.4 1027.2 -9  -9.0   2.6  -0.1  82.0   6.1   -9.0   -9.0   -9.0   -9.0   -9.0   -9.0   -9.0 -9 -9 19                       0   0   -9 -         -9  -9  -9   617 -9.0 -9.00 -9   0.9   3.7   3.5   4.7   4.7  -9 -9.0 -9  3  2
202603120300 108  29  0.6  -9 -9.0   -9 1016.2 1027.0  8  -0.1   2.1  -0.3  84.0   6.0   -9.0   -9.0   -9.0   -9.0   -9.0   -9.0   -9.0 10  0 19                       0   0   -9 -         -9  -9  -9   586 -9.0 -9.00 -9   0.8   3.4   3.2   4.6   4.7  -9 -9.0 -9  3  1
202603120400 108  27  0.7  -9 -9.0   -9 1016.2 1027.0 -9  -9.0   1.7  -0.5  85.0   5.9   -9.0   -9.0   -9.0   -9.0   -9.0   -9.0   -9.0 10  0 19                       0   0   -9 -         -9  -9  -9   546 -9.0 -9.00 -9   0.7   3.1   3.0   4.4   4.8  -9 -9.0 -9  3  1
202603120500 108  34  0.7  -9 -9.0   -9 1016.1 1027.0 -9  -9.0   1.4  -0.8  85.0   5.8   -9.0   -9.0   -9.0   -9.0   -9.0   -9.0   -9.0 10  0 19                       0   0   -9 -         -9  -9  -9   566 -9.0 -9.00 -9   0.5   2.9   3.0   4.6   4.9  -9 -9.0 -9  3  1
202603120600 108   2  1.9  -9 -9.0   -9 1016.2 1027.1  2   0.1   1.0  -1.4  84.0   5.5   -9.0   -9.0   -9.0   -9.0   -9.0   -9.0   -9.0 10  0 19                       0   0   -9 -         -9  -9  -9   547 -9.0 -9.00 -9   0.1   2.7   2.8   4.5   5.0  -9 -9.0 -9  3  1
202603120700 108   2  1.7  -9 -9.0   -9 1016.5 1027.4 -9  -9.0   0.7  -1.5  85.0   5.5   -9.0   -9.0   -9.0   -9.0   -9.0   -9.0   -9.0 10  0 19                       0   0   -9 -         -9  -9  -9   558  0.0  0.00 -9  -0.3   2.5   2.6   4.3   4.8  -9 -9.0 -9  3  1
202603120800 108   5  1.5  -9 -9.0   -9 1017.0 1027.9 -9  -9.0   1.2  -1.0  85.0   5.7   -9.0   -9.0   -9.0   -9.0   -9.0   -9.0   -9.0 10  0 19                       0   0   -9 -         -9  -9  -9   580  0.6  0.25 -9   0.3   2.5   2.4   4.0   4.4  -9 -9.0 -9  3  1
202603120900 108   0  0.2  -9 -9.0   -9 1017.6 1028.4  2   1.3   3.4   0.0  79.0   6.1   -9.0   -9.0   -9.0   -9.0   -9.0   -9.0   -9.0 10  0 19                       0   0   -9 -         -9  -9  -9   662  1.0  0.87 -9   0.4   2.9   2.2   3.7   4.2  -9 -9.0 -9  3  1
202603121000 108   5  1.4  -9 -9.0   -9 1017.8 1028.5 -9  -9.0   6.5   0.0  63.0   6.1   -9.0   -9.0   -9.0   -9.0   -9.0   -9.0   -9.0  5  0 4019                     0   0   -9 -         -9  -9  -9   853  1.0  1.63 -9  11.6   4.2   2.4   3.6   4.1  -9 -9.0 -9  3  1
202603121100 108   9  2.2  -9 -9.0   -9 1017.7 1028.2 -9  -9.0  10.0   0.0  50.0   6.1   -9.0   -9.0   -9.0   -9.0   -9.0   -9.0   -9.0 -9 -9 40                       0   0   -9 -         -9  -9  -9  1315  1.0  2.28 -9  17.8   6.1   3.0   3.5   4.0  -9 -9.0 -9  3  2
202603121200 108   7  2.1  -9 -9.0   -9 1017.2 1027.7  8  -0.7  11.4  -0.4  44.0   5.9   -9.0   -9.0   -9.0   -9.0   -9.0   -9.0   -9.0 -9 -9 -                        0   0   -9 -         -9  -9  -9  1849  1.0  2.71 -9  20.8   7.5   3.8   3.4   3.9  -9 -9.0 -9  3  2
202603121300 108  29  1.4  -9 -9.0   -9 1016.3 1026.7 -9  -9.0  12.3  -2.3  36.0   5.2   -9.0   -9.0   -9.0   -9.0   -9.0   -9.0   -9.0 -9 -9 -                        0   0   -9 -         -9  -9  -9  1768  1.0  2.91 -9  23.1   8.8   4.7   3.6   3.8  -9 -9.0 -9  3  2
202603121400 108  25  1.1  -9 -9.0   -9 1015.4 1025.8 -9  -9.0  13.1  -1.6  36.0   5.4   -9.0   -9.0   -9.0   -9.0   -9.0   -9.0   -9.0 -9 -9 -                        5   5   19 Sc         0   0   5  1816  0.7  2.20 -9  18.9   9.7   5.5   3.8   3.7  -9 -9.0 -9  3  2
202603121500 108  25  2.8  -9 -9.0   -9 1014.7 1025.0  7  -2.7  13.6  -2.3  33.0   5.2   -9.0   -9.0   -9.0   -9.0   -9.0   -9.0   -9.0 -9 -9 -                        4   4   12 Sc         0   0   5  1734  0.6  1.69 -9  19.9  10.0   6.1   4.1   3.9  -9 -9.0 -9  3  2
202603121600 108   5  2.7  -9 -9.0   -9 1014.6 1025.0 -9  -9.0  13.0  -5.5  27.0   4.1   -9.0   -9.0   -9.0   -9.0   -9.0   -9.0   -9.0 -9 -9 -                        6   6   12 Sc         0   0   5  2789  0.3  0.85 -9  13.5   9.9   6.5   4.5   4.1  -9 -9.0 -9  3  2
202603121700 108   5  2.8  -9 -9.0   -9 1014.8 1025.2 -9  -9.0  13.0  -5.5  27.0   4.1   -9.0   -9.0   -9.0   -9.0   -9.0   -9.0   -9.0 -9 -9 -                        5   5   12 Sc         0   0   5  2771  0.4  0.80 -9  12.3   9.6   6.7   4.9   4.3  -9 -9.0 -9  3  2
202603121800 108  32  5.2  -9 -9.0   -9 1015.3 1025.7  2   0.7  11.7  -5.7  29.0   4.0   -9.0   -9.0   -9.0   -9.0   -9.0   -9.0   -9.0 -9 -9 -                        4   4   12 Sc         0   0   5  2889  0.6  0.41 -9   8.3   8.9   6.7   5.2   4.6  -9 -9.0 -9  3  2
202603121900 108   5  4.6  23 10.0 1828 1016.3 1026.8 -9  -9.0  10.1  -4.3  36.0   4.4   -9.0   -9.0   -9.0   -9.0   -9.0   -9.0   -9.0 -9 -9 -                        0   0   -9 -         -9  -9  -9  2813  0.2  0.07 -9   5.9   8.1   6.4   5.4   4.7  -9 -9.0 -9  3 -9
202603122000 108   5  3.4  -9 -9.0   -9 1016.8 1027.4 -9  -9.0   8.7  -2.5  45.0   5.1   -9.0   -9.0   -9.0   -9.0   -9.0   -9.0   -9.0 -9 -9 -                        0   0   -9 -         -9  -9  -9  2932 -9.0 -9.00 -9   4.7   7.5   6.1   5.5   4.9  -9 -9.0 -9  3 -9
202603122100 108   7  4.4  23 10.0 1828 1017.5 1028.1  2   2.4   7.9  -2.7  47.0   5.0   -9.0   -9.0   -9.0   -9.0   -9.0   -9.0   -9.0 -9 -9 -                        0   0   -9 -         -9  -9  -9  3411 -9.0 -9.00 -9   3.9   6.9   5.8   5.6   5.1  -9 -9.0 -9  3  2
202603122200 108   7  3.8  -9 -9.0   -9 1018.4 1029.0 -9  -9.0   7.0  -3.0  49.0   4.9   -9.0   -9.0   -9.0   -9.0   -9.0   -9.0   -9.0 -9 -9 -                        0   0   -9 -         -9  -9  -9  3740 -9.0 -9.00 -9   3.2   6.5   5.5   5.6   5.2  -9 -9.0 -9  3 -9
202603122300 108   7  4.7  -9 -9.0   -9 1019.3 1030.0 -9  -9.0   6.2  -2.4  54.0   5.1   -9.0   -9.0   -9.0   -9.0   -9.0   -9.0   -9.0 -9 -9 -                        0   0   -9 -         -9  -9  -9  2904 -9.0 -9.00 -9   2.7   6.0   5.2   5.5   5.3  -9 -9.0 -9  3 -9
202603130000 108   7  2.5  -9 -9.0   -9 1019.9 1030.6  2   2.5   5.5  -3.3  53.0   4.8   -9.0   -9.0   -9.0   -9.0   -9.0   -9.0   -9.0 -9 -9 -                        0   0   -9 -         -9  -9  -9  2412 -9.0 -9.00 -9   2.1   5.7   4.7   5.2   5.0  -9 -9.0 -9  3  2
202603130100 108   7  2.4  -9 -9.0   -9 1019.9 1030.6 -9  -9.0   4.9  -3.6  54.0   4.7   -9.0   -9.0   -9.0   -9.0   -9.0   -9.0   -9.0 -9 -9 -                        0   0   -9 -         -9  -9  -9  2404 -9.0 -9.00 -9   1.5   5.2   4.4   5.1   4.9  -9 -9.0 -9  3 -9
202603130200 108   2  2.0  -9 -9.0   -9 1020.0 1030.8 -9  -9.0   3.9  -3.8  57.0   4.6   -9.0   -9.0   -9.0   -9.0   -9.0   -9.0   -9.0 -9 -9 -                        0   0   -9 -         -9  -9  -9  2587 -9.0 -9.00 -9   0.8   4.8   4.3   5.2   5.0  -9 -9.0 -9  3 -9
202603130300 108   5  2.5  -9 -9.0   -9 1019.1 1029.9  8  -0.7   3.1  -3.4  62.0   4.8   -9.0   -9.0   -9.0   -9.0   -9.0   -9.0   -9.0 -9 -9 -                        0   0   -9 -         -9  -9  -9  2459 -9.0 -9.00 -9   0.3   4.4   3.8   4.8   4.8  -9 -9.0 -9  3  2
202603130400 108   5  3.3  -9 -9.0   -9 1019.2 1030.0 -9  -9.0   3.1  -3.0  64.0   4.9   -9.0   -9.0   -9.0   -9.0   -9.0   -9.0   -9.0 -9 -9 -                        0   0   -9 -         -9  -9  -9  2441 -9.0 -9.00 -9   1.0   4.1   3.5   4.7   4.8  -9 -9.0 -9  3  2
202603130500 108   5  2.2  -9 -9.0   -9 1019.9 1030.7 -9  -9.0   2.9  -3.0  65.0   4.9   -9.0   -9.0   -9.0   -9.0   -9.0   -9.0   -9.0 -9 -9 -                        0   0   -9 -         -9  -9  -9  2462 -9.0 -9.00 -9   0.9   3.9   3.3   4.5   4.8  -9 -9.0 -9  3  2
202603130600 108   2  2.5  -9 -9.0   -9 1020.5 1031.4  2   1.5   2.3  -3.0  68.0   4.9   -9.0   -9.0   -9.0   -9.0   -9.0   -9.0   -9.0 -9 -9 -                        0   0   -9 -         -9  -9  -9  2292 -9.0 -9.00 -9   0.8   3.6   3.1   4.4   4.7  -9 -9.0 -9  3  2
202603130700 108   5  3.0  -9 -9.0   -9 1020.8 1031.7 -9  -9.0   2.4  -2.9  68.0   4.9   -9.0   -9.0   -9.0   -9.0   -9.0   -9.0   -9.0 -9 -9 -                        3   0   -9 Ci         1   0   0  2159  0.0  0.00 -9   0.6   3.5   2.9   4.3   4.6  -9 -9.0 -9  3  2
202603130800 108   5  3.3  -9 -9.0   -9 1021.3 1032.1 -9  -9.0   3.5  -4.4  56.0   4.4   -9.0   -9.0   -9.0   -9.0   -9.0   -9.0   -9.0 -9 -9 -                        0   0   -9 -         -9  -9  -9  2708  0.8  0.29 -9   0.7   3.5   2.7   4.1   4.5  -9 -9.0 -9  3  2
202603130900 108   7  3.7  -9 -9.0   -9 1021.5 1032.2  2   0.8   5.7  -5.0  46.0   4.2   -9.0   -9.0   -9.0   -9.0   -9.0   -9.0   -9.0 -9 -9 -                        0   0   -9 -         -9  -9  -9  3653  1.0  0.91 -9   3.7   4.0   2.7   4.0   4.5  -9 -9.0 -9  3  2
202603131000 108   7  3.9  -9 -9.0   -9 1021.6 1032.3 -9  -9.0   7.7  -5.4  39.0   4.1   -9.0   -9.0   -9.0   -9.0   -9.0   -9.0   -9.0 -9 -9 -                        0   0   -9 -         -9  -9  -9  4187  1.0  1.73 -9  12.3   5.2   3.0   3.9   4.3  -9 -9.0 -9  3  2
202603131100 108   5  4.1  -9 -9.0   -9 1021.3 1031.9 -9  -9.0   9.5  -6.0  33.0   3.9   -9.0   -9.0   -9.0   -9.0   -9.0   -9.0   -9.0 -9 -9 -                        0   0   -9 -         -9  -9  -9  3633  1.0  2.38 -9  17.3   6.5   3.7   4.1   4.6  -9 -9.0 -9  3  2
202603131200 108   7  3.6  -9 -9.0   -9 1020.7 1031.2  8  -1.0  10.9  -5.6  31.0   4.0   -9.0   -9.0   -9.0   -9.0   -9.0   -9.0   -9.0 -9 -9 -                        0   0   -9 -         -9  -9  -9  4300  1.0  2.84 -9  20.8   7.7   4.3   4.2   4.4  -9 -9.0 -9  3  2
202603131300 108   9  3.4  -9 -9.0   -9 1019.8 1030.3 -9  -9.0  11.6  -6.8  27.0   3.7   -9.0   -9.0   -9.0   -9.0   -9.0   -9.0   -9.0 -9 -9 -                        0   0   -9 -         -9  -9  -9  4142  1.0  3.05 -9  22.9   8.8   5.0   4.2   4.3  -9 -9.0 -9  3  2
202603131400 108   7  3.4  -9 -9.0   -9 1018.6 1029.0 -9  -9.0  12.5  -6.5  26.0   3.8   -9.0   -9.0   -9.0   -9.0   -9.0   -9.0   -9.0 -9 -9 -                        0   0   -9 -         -9  -9  -9  3854  1.0  2.96 -9  23.5   9.5   5.7   4.4   4.4  -9 -9.0 -9  3  2
202603131500 108   5  3.2  -9 -9.0   -9 1018.3 1028.7  7  -2.5  13.2  -6.9  24.0   3.6   -9.0   -9.0   -9.0   -9.0   -9.0   -9.0   -9.0 -9 -9 -                        1   0   -9 Ci         1   0   0  4220  1.0  2.67 -9  22.7  10.0   6.4   4.7   4.4  -9 -9.0 -9  3  2
202603131600 108   5  3.3  -9 -9.0   -9 1018.1 1028.5 -9  -9.0  13.4  -7.9  22.0   3.4   -9.0   -9.0   -9.0   -9.0   -9.0   -9.0   -9.0 -9 -9 -                        1   0   -9 Ci         1   0   0  4572  1.0  2.12 -9  19.4  10.3   6.8   5.0   4.6  -9 -9.0 -9  3  2
202603131700 108   7  1.6  -9 -9.0   -9 1017.4 1027.8 -9  -9.0  13.1  -6.5  25.0   3.8   -9.0   -9.0   -9.0   -9.0   -9.0   -9.0   -9.0 -9 -9 -                        1   0   -9 Ci         1   0   0  4155  1.0  1.44 -9  14.9  10.1   7.2   5.4   4.7  -9 -9.0 -9  3  2
202603131800 108   5  1.6  -9 -9.0   -9 1017.7 1028.1  5  -0.6  11.8  -7.6  25.0   3.5   -9.0   -9.0   -9.0   -9.0   -9.0   -9.0   -9.0 -9 -9 -                        2   0   -9 Ci         1   0   0  4892  0.8  0.50 -9   9.6   9.4   7.3   5.8   5.1  -9 -9.0 -9  3  2
202603131900 108  34  2.0  -9 -9.0   -9 1017.8 1028.3 -9  -9.0  10.1  -7.1  29.0   3.6   -9.0   -9.0   -9.0   -9.0   -9.0   -9.0   -9.0 -9 -9 -                        0   0   -9 -         -9  -9  -9  4978  0.2  0.08 -9   6.4   8.4   6.7   5.6   4.8  -9 -9.0 -9  3 -9
202603132000 108  29  1.7  -9 -9.0   -9 1018.3 1028.9 -9  -9.0   8.9  -3.3  42.0   4.8   -9.0   -9.0   -9.0   -9.0   -9.0   -9.0   -9.0 -9 -9 -                        4   4   57 -         -9  -9  -9  2555 -9.0 -9.00 -9   5.1   7.6   6.3   5.8   5.1  -9 -9.0 -9  3 -9
202603132100 108  25  2.1  -9 -9.0   -9 1019.0 1029.6  2   1.5   7.8  -1.9  50.0   5.3   -9.0   -9.0   -9.0   -9.0   -9.0   -9.0   -9.0 -9 -9 -                        3   0   -9 Ci         1   0   0  2191 -9.0 -9.00 -9   4.2   7.1   5.9   5.8   5.2  -9 -9.0 -9  3  2
202603132200 108  29  1.8  -9 -9.0   -9 1019.2 1029.8 -9  -9.0   7.5  -2.0  51.0   5.3   -9.0   -9.0   -9.0   -9.0   -9.0   -9.0   -9.0 -9 -9 -                        3   3   51 -         -9  -9  -9  2258 -9.0 -9.00 -9   3.8   6.7   5.6   5.9   5.3  -9 -9.0 -9  3 -9
202603132300 108  36  1.3  -9 -9.0   -9 1019.2 1029.9 -9  -9.0   6.5  -2.9  51.0   4.9   -9.0   -9.0   -9.0   -9.0   -9.0   -9.0   -9.0 -9 -9 -                        4   4   34 -         -9  -9  -9  2327 -9.0 -9.00 -9   3.0   6.2   5.3   5.8   5.3  -9 -9.0 -9  3 -9
202603140000 108   5  2.3  -9 -9.0   -9 1019.2 1029.9  1   0.3   5.6  -4.5  48.0   4.4   -9.0   -9.0   -9.0   -9.0   -9.0   -9.0   -9.0 -9 -9 -                        4   0   -9 Ci         1   0   0  3919 -9.0 -9.00 -9   2.2   5.8   5.0   5.6   5.4  -9 -9.0 -9  3  2
202603140100 108   5  3.0  -9 -9.0   -9 1019.1 1029.8 -9  -9.0   5.5  -4.3  49.0   4.4   -9.0   -9.0   -9.0   -9.0   -9.0   -9.0   -9.0 -9 -9 -                        7   2   48 -         -9  -9  -9  4263 -9.0 -9.00 -9   2.4   5.6   4.7   5.5   5.4  -9 -9.0 -9  3 -9
202603140200 108   5  2.7  -9 -9.0   -9 1019.0 1029.7 -9  -9.0   5.2  -4.3  50.0   4.4   -9.0   -9.0   -9.0   -9.0   -9.0   -9.0   -9.0 -9 -9 -                        7   5   41 -         -9  -9  -9  4136 -9.0 -9.00 -9   2.2   5.4   4.5   5.4   5.4  -9 -9.0 -9  3 -9
202603140300 108   5  2.1  -9 -9.0   -9 1019.1 1029.8  5  -0.1   5.4  -3.9  51.0   4.6   -9.0   -9.0   -9.0   -9.0   -9.0   -9.0   -9.0 -9 -9 -                        8   8   31 Ac         0   3   0  4437 -9.0 -9.00 -9   3.5   5.4   4.3   5.2   5.3  -9 -9.0 -9  3  2
202603140400 108   5  2.0  -9 -9.0   -9 1018.8 1029.5 -9  -9.0   5.2  -4.1  51.0   4.5   -9.0   -9.0   -9.0   -9.0   -9.0   -9.0   -9.0 -9 -9 -                        8   6   30 AcCi       1   3   0  4264 -9.0 -9.00 -9   3.3   5.3   4.2   5.2   5.3  -9 -9.0 -9  3  2
202603140500 108   5  2.5  -9 -9.0   -9 1018.6 1029.3 -9  -9.0   4.9  -3.8  53.0   4.6   -9.0   -9.0   -9.0   -9.0   -9.0   -9.0   -9.0 -9 -9 -                        8   8   32 Ac         0   3   0  4470 -9.0 -9.00 -9   2.8   5.2   4.1   5.0   5.3  -9 -9.0 -9  3  2
202603140600 108   5  2.1  -9 -9.0   -9 1018.7 1029.4  5  -0.4   5.0  -3.8  53.0   4.6   -9.0   -9.0   -9.0   -9.0   -9.0   -9.0   -9.0 -9 -9 -                        9   7   30 AcCi       1   3   0  4074 -9.0 -9.00 -9   3.4   5.2   4.0   4.9   5.2  -9 -9.0 -9  3  2
202603140700 108   5  2.4  -9 -9.0   -9 1019.0 1029.7 -9  -9.0   5.1  -3.4  54.0   4.8   -9.0   -9.0   -9.0   -9.0   -9.0   -9.0   -9.0 -9 -9 -                        9   9   30 Ac         0   3   0  4222  0.0  0.01 -9   3.7   5.2   3.9   4.8   5.1  -9 -9.0 -9  3  2
202603140800 108   5  1.7  -9 -9.0   -9 1019.5 1030.2 -9  -9.0   5.6  -2.7  55.0   5.0   -9.0   -9.0   -9.0   -9.0   -9.0   -9.0   -9.0 -9 -9 -                       10  10   25 As        -9   2   0  3557  0.0  0.17 -9   5.4   5.3   3.9   4.8   4.9  -9 -9.0 -9  3  2
202603140900 108   9  1.1  -9 -9.0   -9 1019.6 1030.3  2   0.9   6.8  -2.3  52.0   5.2   -9.0   -9.0   -9.0   -9.0   -9.0   -9.0   -9.0 -9 -9 -                        8   3   30 AcCi       1   3   0  3687  0.0  0.49 -9   8.1   5.9   4.0   4.6   5.0  -9 -9.0 -9  3  2
202603141000 108  14  1.6  -9 -9.0   -9 1019.5 1030.1 -9  -9.0   8.8  -2.2  46.0   5.2   -9.0   -9.0   -9.0   -9.0   -9.0   -9.0   -9.0 -9 -9 -                        6   2   22 AcCi       1   3   0  3807  0.9  1.37 -9  13.6   7.0   4.5   4.7   5.0  -9 -9.0 -9  3  2
202603141100 108  14  1.7  -9 -9.0   -9 1019.0 1029.5 -9  -9.0  10.3  -2.4  41.0   5.1   -9.0   -9.0   -9.0   -9.0   -9.0   -9.0   -9.0 -9 -9 -                        3   3   30 Ac         0   3   0  2958  0.6  1.76 -9  15.6   8.5   5.2   4.9   5.1  -9 -9.0 -9  3  2
202603141200 108  18  3.0  -9 -9.0   -9 1018.6 1029.0  7  -1.3  12.3  -2.3  36.0   5.2   -9.0   -9.0   -9.0   -9.0   -9.0   -9.0   -9.0 -9 -9 -                        7   7   30 Ac         0   3   0  3433  1.0  2.62 -9  22.0   9.9   5.8   4.9   5.0  -9 -9.0 -9  3  2
202603141300 108  27  2.3  -9 -9.0   -9 1017.9 1028.3 -9  -9.0  12.7  -3.6  32.0   4.7   -9.0   -9.0   -9.0   -9.0   -9.0   -9.0   -9.0 -9 -9 -                        7   7   30 Ac         0   3   0  3061  0.8  2.35 -9  21.3  10.8   6.6   5.1   5.1  -9 -9.0 -9  3  2
202603141400 108  23  3.8  -9 -9.0   -9 1017.1 1027.5 -9  -9.0  12.8  -3.1  33.0   4.9   -9.0   -9.0   -9.0   -9.0   -9.0   -9.0   -9.0 -9 -9 -                        8   8   30 Ac         0   3   0  2348  0.7  2.25 -9  19.6  11.4   7.2   5.3   5.0  -9 -9.0 -9  3  2
202603141500 108  27  3.2  -9 -9.0   -9 1017.0 1027.4  7  -1.6  11.8  -2.8  36.0   5.0   -9.0   -9.0   -9.0   -9.0   -9.0   -9.0   -9.0 -9 -9 -                        9   9   28 Ac         0   3   0  2139  0.0  1.26 -9  16.1  11.3   7.7   5.7   5.2  -9 -9.0 -9  3  2
202603141600 108  25  3.8  -9 -9.0   -9 1017.0 1027.5 -9  -9.0  10.4  -4.0  36.0   4.5   -9.0   -9.0   -9.0   -9.0   -9.0   -9.0   -9.0 -9 -9 -                       10   5   15 ScAs      -9   2   5  2204  0.0  0.52 -9  12.4  10.7   7.8   5.9   5.4  -9 -9.0 -9  3  2
202603141700 108  25  2.1  -9 -9.0   -9 1017.2 1027.7 -9  -9.0   9.6  -3.7  39.0   4.6   -9.0   -9.0   -9.0   -9.0   -9.0   -9.0   -9.0 -9 -9 -                       10   5   15 ScAs      -9   2   5  2281  0.0  0.29 -9  10.7  10.0   7.7   6.2   5.6  -9 -9.0 -9  3  2
202603141800 108  23  2.7  -9 -9.0   -9 1017.4 1028.0  2   0.6   8.8  -4.0  40.0   4.5   -9.0   -9.0   -9.0   -9.0   -9.0   -9.0   -9.0 -9 -9 -                       10   6   17 ScAs      -9   2   5  2630  0.0  0.15 -9   9.0   9.4   7.5   6.4   5.8  -9 -9.0 -9  3  2
202603141900 108  27  3.2  -9 -9.0   -9 1017.6 1028.2 -9  -9.0   8.0  -4.4  41.0   4.4   -9.0   -9.0   -9.0   -9.0   -9.0   -9.0   -9.0 -9 -9 -                       10   8   17 -         -9  -9  -9  2717  0.0  0.03 -9   7.5   8.8   7.2   6.5   5.9  -9 -9.0 -9  3 -9
202603142000 108  25  3.7  -9 -9.0   -9 1017.7 1028.3 -9  -9.0   7.5  -4.2  43.0   4.5   -9.0   -9.0   -9.0   -9.0   -9.0   -9.0   -9.0 -9 -9 -                        9   9   14 -         -9  -9  -9  2520 -9.0 -9.00 -9   6.8   8.2   6.9   6.5   6.0  -9 -9.0 -9  3 -9
202603142100 108  27  3.3  -9 -9.0   -9 1017.7 1028.3  1   0.3   7.4  -3.1  47.0   4.9   -9.0   -9.0   -9.0   -9.0   -9.0   -9.0   -9.0 -9 -9 -                        9   9   13 Sc         0   0   5  2344 -9.0 -9.00 -9   6.6   7.9   6.6   6.5   6.1  -9 -9.0 -9  3  2
202603142200 108  27  2.6  -9 -9.0   -9 1017.3 1027.9 -9  -9.0   7.3  -3.2  47.0   4.8   -9.0   -9.0   -9.0   -9.0   -9.0   -9.0   -9.0 -9 -9 -                        9   9   15 -         -9  -9  -9  2383 -9.0 -9.00 -9   6.4   7.7   6.4   6.5   6.1  -9 -9.0 -9  3 -9
202603142300 108  27  0.9  -9 -9.0   -9 1017.0 1027.6 -9  -9.0   7.2  -2.5  50.0   5.1   -9.0   -9.0   -9.0   -9.0   -9.0   -9.0   -9.0 -9 -9 -                        9   9   15 -         -9  -9  -9  2248 -9.0 -9.00 -9   6.3   7.5   6.2   6.5   6.2  -9 -9.0 -9  3 -9
202603150000 108  25  2.4  -9 -9.0   -9 1016.9 1027.5  7  -0.8   7.1  -1.1  56.0   5.6   -9.0   -9.0   -9.0   -9.0   -9.0   -9.0   -9.0 -9 -9 -                        9   9   14 Sc         0   0   5  1996 -9.0 -9.00 -9   6.2   7.3   6.1   6.4   6.2  -9 -9.0 -9  3  2
202603150100 108  27  1.5  -9 -9.0   -9 1016.5 1027.1 -9  -9.0   7.0   0.0  61.0   6.1   -9.0   -9.0   -9.0   -9.0   -9.0   -9.0   -9.0 -9 -9 -                        9   9   14 -         -9  -9  -9  1738 -9.0 -9.00 -9   6.0   7.2   6.0   6.4   6.3  -9 -9.0 -9  3 -9
202603150200 108  27  1.4  -9 -9.0   -9 1016.4 1027.0 -9  -9.0   6.8   1.2  68.0   6.7   -9.0   -9.0   -9.0   -9.0   -9.0   -9.0   -9.0 -9 -9 -                        9   9   13 -         -9  -9  -9  1352 -9.0 -9.00 -9   6.0   7.1   5.9   6.3   6.2  -9 -9.0 -9  3 -9
202603150300 108  25  2.1  -9 -9.0   -9 1015.8 1026.4  7  -1.1   6.7   1.4  69.0   6.8   -9.0   -9.0   -9.0   -9.0   -9.0   -9.0   -9.0 -9 -9 -                        9   9   13 Sc         0   0   5  1198 -9.0 -9.00 -9   5.9   7.0   5.8   6.2   6.2  -9 -9.0 -9  3  2
202603150400 108  27  0.9  -9 -9.0   -9 1015.7 1026.3 -9  -9.0   6.5   0.8  67.0   6.5   -9.0   -9.0   -9.0   -9.0   -9.0   -9.0   -9.0 -9 -9 -                        9   9   13 Sc         0   0   5  1212 -9.0 -9.00 -9   5.7   6.8   5.5   5.9   5.9  -9 -9.0 -9  3  2
202603150500 108  27  0.9  -9 -9.0   -9 1015.7 1026.3 -9  -9.0   6.4   0.4  66.0   6.3   -9.0   -9.0   -9.0   -9.0   -9.0   -9.0   -9.0 -9 -9 -                        9   9   13 Sc         0   0   5  1305 -9.0 -9.00 -9   5.8   6.7   5.5   5.9   6.0  -9 -9.0 -9  3  2
202603150600 108  27  0.8  -9 -9.0   -9 1015.8 1026.4  4   0.0   6.4   0.0  64.0   6.1   -9.0   -9.0   -9.0   -9.0   -9.0   -9.0   -9.0 -9 -9 -                        9   9   12 Sc         0   0   5  1300 -9.0 -9.00 -9   5.7   6.7   5.4   5.9   5.9  -9 -9.0 -9  3  2
202603150700 108  27  1.0  -9 -9.0   -9 1016.1 1026.8 -9  -9.0   6.3   0.1  65.0   6.2   -9.0   -9.0   -9.0   -9.0   -9.0   -9.0   -9.0 -9 -9 -                        9   9   12 Sc         0   0   5  1309  0.0  0.00 -9   5.7   6.6   5.4   5.9   5.9  -9 -9.0 -9  3  2
202603150800 108  27  1.4  -9 -9.0   -9 1016.3 1026.9 -9  -9.0   6.8   1.2  68.0   6.7   -9.0   -9.0   -9.0   -9.0   -9.0   -9.0   -9.0 -9 -9 -                        9   9   12 Sc         0   0   5  1151  0.0  0.12 -9   6.9   6.7   5.3   5.8   5.9  -9 -9.0 -9  3  2
202603150900 108  29  1.3  -9 -9.0   -9 1016.4 1027.0  2   0.6   7.5   2.3  70.0   7.2   -9.0   -9.0   -9.0   -9.0   -9.0   -9.0   -9.0  5 22 40                      10   7   11 ScAs      -9   2   5   987  0.0  0.42 -9   9.1   7.2   5.5   5.8   5.8  -9 -9.0 -9  3  1
202603151000 108  16  1.8  -9 -9.0   -9 1016.1 1026.7 -9  -9.0   7.8   0.9  62.0   6.5   -9.0    0.0    0.0   -9.0   -9.0   -9.0   -9.0 60 62 4001                    10   6    7 ScAs      -9   2   5   959  0.0  0.50 -9   9.6   7.7   5.7   5.9   5.9  -9 -9.0 -9  4  1
202603151100 108  18  2.1  -9 -9.0   -9 1016.4 1027.0 -9  -9.0   7.7   2.9  72.0   7.5   -9.0    0.0    0.0   -9.0   -9.0   -9.0   -9.0 60 66 401901                  10   8    8 ScAs      -9   2   5   652  0.0  0.34 -9   9.1   7.9   5.9   5.9   6.0  -9 -9.0 -9  4  1
202603151200 108  20  2.3  -9 -9.0   -9 1015.9 1026.5  7  -0.5   7.7   3.5  75.0   7.8    0.1    0.1    0.1   -9.0   -9.0   -9.0   -9.0 61 66 1901                    10   8    5 StNs      -9   2   7   591  0.0  0.51 -9  11.5   8.1   6.0   5.9   5.8  -9 -9.0 -9  4  1
202603151300 108  18  3.1  -9 -9.0   -9 1015.3 1025.9 -9  -9.0   8.3   3.1  70.0   7.6   -9.0    0.1    0.1   -9.0   -9.0   -9.0   -9.0 21 62 1901                     9   9    9 Sc         0   0   5   733  0.0  1.10 -9  13.9   9.0   6.3   5.9   5.7  -9 -9.0 -9  4  1
202603151400 108  20  2.4  -9 -9.0   -9 1014.2 1024.7 -9  -9.0  10.2   2.7  60.0   7.4   -9.0    0.1    0.1   -9.0   -9.0   -9.0   -9.0  5 22 4019                     7   7    8 Sc         0   0   5   830  0.2  1.78 -9  19.6  10.1   6.7   5.9   5.7  -9 -9.0 -9  3  1
202603151500 108  18  2.9  -9 -9.0   -9 1013.9 1024.3  7  -2.2  10.9   2.7  57.0   7.4    0.0    0.1    0.1   -9.0   -9.0   -9.0   -9.0  5 62 40                       7   7    9 Sc         0   0   5   875  0.4  1.63 -9  18.5  10.8   7.2   6.0   5.9  -9 -9.0 -9  3  1
202603151600 108  23  3.5  -9 -9.0   -9 1013.4 1023.8 -9  -9.0  10.7   0.9  51.0   6.5   -9.0    0.1    0.1   -9.0   -9.0   -9.0   -9.0  5 22 40                       7   7   11 Sc         0   0   5   985  0.3  1.27 -9  15.0  11.1   7.7   6.2   5.8  -9 -9.0 -9  3  1
202603151700 108  20  3.5  -9 -9.0   -9 1013.1 1023.5 -9  -9.0  10.7   0.6  50.0   6.4   -9.0    0.1    0.1   -9.0   -9.0   -9.0   -9.0 -9 -9 40                       5   5   13 Sc         0   0   5  1222  0.7  1.11 -9  12.8  10.8   7.9   6.4   6.0  -9 -9.0 -9  3  2
202603151800 108  25  3.2  -9 -9.0   -9 1013.6 1024.1  5  -0.2   9.7   0.8  54.0   6.5   -9.0    0.1    0.1   -9.0   -9.0   -9.0   -9.0 -9 -9 -                        1   1   15 Sc         0   0   5  1224  0.9  0.52 -9   9.8  10.0   7.9   6.6   6.0  -9 -9.0 -9  3  2
202603151900 108  25  2.2  -9 -9.0   -9 1014.0 1024.6 -9  -9.0   8.0   0.4  59.0   6.3   -9.0    0.1    0.1   -9.0   -9.0   -9.0   -9.0 -9 -9 -                        0   0   -9 -         -9  -9  -9  1139  0.1  0.08 -9   6.6   9.0   7.6   6.7   6.1  -9 -9.0 -9  3 -9
202603152000 108  25  2.4  -9 -9.0   -9 1014.3 1024.9 -9  -9.0   6.9   0.1  62.0   6.2   -9.0    0.1    0.1   -9.0   -9.0   -9.0   -9.0 -9 -9 -                        0   0   -9 -         -9  -9  -9  1118 -9.0 -9.00 -9   5.2   8.1   6.8   6.4   5.8  -9 -9.0 -9  3 -9
202603152100 108  27  2.3  -9 -9.0   -9 1014.7 1025.3  2   1.2   6.1  -1.0  60.0   5.7   -9.0    0.1    0.1   -9.0   -9.0   -9.0   -9.0 -9 -9 -                        0   0   -9 -         -9  -9  -9  1155 -9.0 -9.00 -9   4.0   7.4   6.4   6.4   6.0  -9 -9.0 -9  3  2
202603152200 108  25  2.6  -9 -9.0   -9 1015.0 1025.7 -9  -9.0   5.6  -1.3  61.0   5.6   -9.0    0.1    0.1   -9.0   -9.0   -9.0   -9.0 -9 -9 -                        0   0   -9 -         -9  -9  -9  1062 -9.0 -9.00 -9   3.3   6.8   6.0   6.5   6.0  -9 -9.0 -9  3 -9
202603152300 108  25  1.7  -9 -9.0   -9 1015.5 1026.2 -9  -9.0   4.9  -1.1  65.0   5.6   -9.0    0.1    0.1   -9.0   -9.0   -9.0   -9.0 -9 -9 40                       4   1   -9 -         -9  -9  -9   961 -9.0 -9.00 -9   2.5   6.3   5.6   6.3   6.0  -9 -9.0 -9  3  2
202603160000 108  20  2.0  -9 -9.0   -9 1015.5 1026.2  1   0.9   4.2  -1.1  68.0   5.6   -9.0    0.1    0.1   -9.0   -9.0   -9.0   -9.0  5  0 40                       3   0   -9 Ci         1   0   0   913 -9.0 -9.00 -9   2.0   5.8   5.3   6.2   6.1  -9 -9.0 -9  3  1
202603160100 108  18  1.2  -9 -9.0   -9 1015.8 1026.6 -9  -9.0   3.6  -1.1  71.0   5.6   -9.0   -9.0   -9.0   -9.0   -9.0   -9.0   -9.0 -9 -9 40                       4   1   74 -         -9  -9  -9   919 -9.0 -9.00 -9   1.5   5.4   4.9   6.1   6.0  -9 -9.0 -9  3  2
202603160200 108  25  0.8  -9 -9.0   -9 1015.6 1026.4 -9  -9.0   3.3  -0.8  74.0   5.8   -9.0   -9.0   -9.0   -9.0   -9.0   -9.0   -9.0 -9 -9 40                       6   3   70 -         -9  -9  -9   909 -9.0 -9.00 -9   1.5   5.1   4.6   5.9   6.0  -9 -9.0 -9  3  2
202603160300 108  27  0.9  -9 -9.0   -9 1015.1 1025.9  8  -0.3   3.2  -0.8  75.0   5.8   -9.0   -9.0   -9.0   -9.0   -9.0   -9.0   -9.0  5 11 40                       8   0   -9 Ci         1   0   0   854 -9.0 -9.00 -9   1.6   5.0   4.4   5.7   6.0  -9 -9.0 -9  3  1
202603160400 108  36  0.5  -9 -9.0   -9 1014.6 1025.4 -9  -9.0   3.1  -0.9  75.0   5.7   -9.0   -9.0   -9.0   -9.0   -9.0   -9.0   -9.0  5 22 40                       8   0   -9 Ci         1   0   0   811 -9.0 -9.00 -9   1.5   4.8   4.2   5.5   6.0  -9 -9.0 -9  3  1
202603160500 108   2  1.4  -9 -9.0   -9 1014.3 1025.1 -9  -9.0   2.8  -0.8  77.0   5.8   -9.0   -9.0   -9.0   -9.0   -9.0   -9.0   -9.0  5 22 40                       7   0   -9 Ci         1   0   0   745 -9.0 -9.00 -9   1.4   4.7   4.0   5.5   5.8  -9 -9.0 -9  3  1
202603160600 108   2  2.1  -9 -9.0   -9 1014.3 1025.1  6  -0.8   2.1  -1.3  78.0   5.6   -9.0   -9.0   -9.0   -9.0   -9.0   -9.0   -9.0  5 22 40                       6   0   -9 Ci         1   0   0   671 -9.0 -9.00 -9   1.1   4.3   3.8   5.3   5.6  -9 -9.0 -9  3  1
202603160700 108   2  1.9  -9 -9.0   -9 1014.9 1025.7 -9  -9.0   1.9  -1.1  80.0   5.6   -9.0   -9.0   -9.0   -9.0   -9.0   -9.0   -9.0 10 22 4019                     6   0   -9 Ci         1   0   0   625  0.0  0.01 -9   0.9   4.0   3.6   5.1   5.7  -9 -9.0 -9  3  1
202603160800 108   5  1.4  -9 -9.0   -9 1015.3 1026.1 -9  -9.0   2.7  -0.4  80.0   5.9   -9.0   -9.0   -9.0   -9.0   -9.0   -9.0   -9.0 10 22 19                       8   0   -9 Ci         1   0   0   628  0.6  0.32 -9   1.0   4.1   3.4   5.1   5.4  -9 -9.0 -9  3  1
202603160900 108   5  1.5  -9 -9.0   -9 1015.2 1025.9  0   0.8   4.9   0.4  73.0   6.3   -9.0   -9.0   -9.0   -9.0   -9.0   -9.0   -9.0 10 22 19                       7   0   -9 Ci         1   0   0   594  0.8  0.76 -9   7.7   4.8   3.5   4.9   5.3  -9 -9.0 -9  3  1
202603161000 108   5  2.4  -9 -9.0   -9 1014.7 1025.3 -9  -9.0   7.7   0.6  61.0   6.4   -9.0   -9.0   -9.0   -9.0   -9.0   -9.0   -9.0  5 22 4019                     8   0   -9 Ci         1   0   0   652  1.0  1.64 -9  13.9   6.2   4.0   5.1   5.6  -9 -9.0 -9  3  1
202603161100 108   2  2.0  -9 -9.0   -9 1014.1 1024.6 -9  -9.0   9.8   0.1  51.0   6.2   -9.0   -9.0   -9.0   -9.0   -9.0   -9.0   -9.0  5 22 40                       8   0   -9 Ci         1   0   0   787  1.0  2.44 -9  18.6   8.0   4.7   5.1   5.4  -9 -9.0 -9  3  1
202603161200 108   5  1.1  -9 -9.0   -9 1013.6 1024.0  7  -1.9  11.9  -1.6  39.0   5.4   -9.0   -9.0   -9.0   -9.0   -9.0   -9.0   -9.0 -9 -9 40                       4   0   -9 Ci         1   0   0  1184  1.0  2.45 -9  22.5   9.2   5.4   5.0   5.2  -9 -9.0 -9  3  2
202603161300 108  25  2.6  -9 -9.0   -9 1013.3 1023.7 -9  -9.0  12.9  -1.4  37.0   5.5   -9.0   -9.0   -9.0   -9.0   -9.0   -9.0   -9.0  5 22 40                       6   0   -9 Ci         1   0   0   940  1.0  2.85 -9  22.4  10.8   6.3   5.1   5.3  -9 -9.0 -9  3  1
202603161400 108  29  2.1  -9 -9.0   -9 1012.4 1022.8 -9  -9.0  12.9  -1.4  37.0   5.5   -9.0   -9.0   -9.0   -9.0   -9.0   -9.0   -9.0 -9 -9 40                       9   0   -9 Ci         1   0   0  1038  0.8  2.22 -9  20.5  11.4   7.1   5.3   5.4  -9 -9.0 -9  3  2
202603161500 108  23  1.4  -9 -9.0   -9 1011.5 1021.8  7  -2.2  13.2  -2.7  33.0   5.0   -9.0   -9.0   -9.0   -9.0   -9.0   -9.0   -9.0 -9 -9 -                        9   5   44 AcCi       1   3   0  1198  0.6  1.71 -9  18.2  11.8   7.7   5.6   5.4  -9 -9.0 -9  3  2
202603161600 108  20  2.5  -9 -9.0   -9 1011.1 1021.4 -9  -9.0  13.6  -1.2  36.0   5.6   -9.0   -9.0   -9.0   -9.0   -9.0   -9.0   -9.0 -9 -9 -                        9   0   -9 Ci         1   0   0  1088  0.5  1.40 -9  17.6  11.8   8.1   6.1   5.5  -9 -9.0 -9  3  2
202603161700 108  27  2.6  -9 -9.0   -9 1010.8 1021.1 -9  -9.0  13.2  -1.5  36.0   5.5   -9.0   -9.0   -9.0   -9.0   -9.0   -9.0   -9.0  5 22 40                       8   0   -9 Ci         1   0   0   984  0.9  1.14 -9  15.5  11.5   8.3   6.3   5.8  -9 -9.0 -9  3  1
202603161800 108  27  3.1  -9 -9.0   -9 1010.9 1021.3  5  -0.5  11.3  -2.1  39.0   5.2   -9.0   -9.0   -9.0   -9.0   -9.0   -9.0   -9.0 -9 -9 40                       1   0   -9 Ci         1   0   0  1339  1.0  0.56 -9  10.5  10.6   8.1   6.3   5.6  -9 -9.0 -9  3  2
202603161900 108  27  2.5  -9 -9.0   -9 1011.3 1021.8 -9  -9.0   9.4  -4.2  38.0   4.5   -9.0   -9.0   -9.0   -9.0   -9.0   -9.0   -9.0 -9 -9 -                        0   0   -9 -         -9  -9  -9  1853  0.1  0.08 -9   7.2   9.5   7.7   6.4   5.7  -9 -9.0 -9  3 -9
202603162000 108  25  1.7  -9 -9.0   -9 1011.7 1022.2 -9  -9.0   8.5  -3.3  43.0   4.8   -9.0   -9.0   -9.0   -9.0   -9.0   -9.0   -9.0 -9 -9 -                        0   0   -9 -         -9  -9  -9  1645 -9.0 -9.00 -9   5.7   8.6   7.2   6.5   5.8  -9 -9.0 -9  3 -9
202603162100 108  20  1.1  -9 -9.0   -9 1011.7 1022.3  2   1.0   7.3  -3.5  46.0   4.7   -9.0   -9.0   -9.0   -9.0   -9.0   -9.0   -9.0 -9 -9 -                        0   0   -9 -         -9  -9  -9  1449 -9.0 -9.00 -9   4.3   7.8   6.7   6.6   6.0  -9 -9.0 -9  3  2
202603162200 108  25  2.4  -9 -9.0   -9 1012.0 1022.6 -9  -9.0   6.8  -2.6  51.0   5.0   -9.0   -9.0   -9.0   -9.0   -9.0   -9.0   -9.0 -9 -9 -                        0   0   -9 -         -9  -9  -9  1280 -9.0 -9.00 -9   3.7   7.2   6.3   6.5   6.2  -9 -9.0 -9  3 -9
202603162300 108  29  0.8  -9 -9.0   -9 1012.1 1022.7 -9  -9.0   5.9  -2.7  54.0   5.0   -9.0   -9.0   -9.0   -9.0   -9.0   -9.0   -9.0 -9 -9 -                        0   0   -9 -         -9  -9  -9  1208 -9.0 -9.00 -9   2.8   6.6   5.9   6.5   6.1  -9 -9.0 -9  3 -9
202603170000 108  25  1.3  -9 -9.0   -9 1011.9 1022.6  0   0.3   5.0  -4.3  51.0   4.4   -9.0   -9.0   -9.0   -9.0   -9.0   -9.0   -9.0 -9 -9 -                        0   0   -9 -         -9  -9  -9  1050 -9.0 -9.00 -9   2.1   6.2   5.5   6.3   6.2  -9 -9.0 -9  3  2
202603170100 108  25  1.6  -9 -9.0   -9 1012.1 1022.8 -9  -9.0   4.3  -4.4  53.0   4.4   -9.0   -9.0   -9.0   -9.0   -9.0   -9.0   -9.0 -9 -9 -                        0   0   -9 -         -9  -9  -9  1031 -9.0 -9.00 -9   1.5   5.7   5.2   6.2   6.2  -9 -9.0 -9  3 -9
202603170200 108  25  2.6  -9 -9.0   -9 1012.6 1023.3 -9  -9.0   4.1  -3.6  57.0   4.7   -9.0   -9.0   -9.0   -9.0   -9.0   -9.0   -9.0 -9 -9 -                        0   0   -9 -         -9  -9  -9  1059 -9.0 -9.00 -9   1.2   5.2   4.8   6.1   6.1  -9 -9.0 -9  3 -9
202603170300 108  27  1.7  -9 -9.0   -9 1012.3 1023.0  0   0.4   3.6  -3.0  62.0   4.9   -9.0   -9.0   -9.0   -9.0   -9.0   -9.0   -9.0  5  0 40                       0   0   -9 -         -9  -9  -9   941 -9.0 -9.00 -9   1.2   4.9   4.5   5.9   6.2  -9 -9.0 -9  3  1
202603170400 108  29  1.5  -9 -9.0   -9 1012.3 1023.0 -9  -9.0   3.1  -2.8  65.0   5.0   -9.0   -9.0   -9.0   -9.0   -9.0   -9.0   -9.0  5  0 40                       0   0   -9 -         -9  -9  -9   972 -9.0 -9.00 -9   0.9   4.6   4.2   5.8   6.0  -9 -9.0 -9  3  1
202603170500 108  27  0.8  -9 -9.0   -9 1012.3 1023.1 -9  -9.0   2.8  -3.3  64.0   4.8   -9.0   -9.0   -9.0   -9.0   -9.0   -9.0   -9.0  5  0 40                       0   0   -9 -         -9  -9  -9   966 -9.0 -9.00 -9   0.6   4.3   4.0   5.6   6.0  -9 -9.0 -9  3  1
202603170600 108   5  1.4  -9 -9.0   -9 1012.3 1023.1  1   0.1   2.6  -2.9  67.0   4.9   -9.0   -9.0   -9.0   -9.0   -9.0   -9.0   -9.0  5  0 40                       0   0   -9 -         -9  -9  -9   972 -9.0 -9.00 -9   0.5   4.1   3.7   5.5   5.8  -9 -9.0 -9  3  1
202603170700 108   7  1.3  -9 -9.0   -9 1012.6 1023.4 -9  -9.0   2.3  -2.6  70.0   5.0   -9.0   -9.0   -9.0   -9.0   -9.0   -9.0   -9.0  5  0 40                       0   0   -9 -         -9  -9  -9   948  0.0  0.01 -9   0.3   3.8   3.5   5.3   5.8  -9 -9.0 -9  3  1
202603170800 108   2  1.9  -9 -9.0   -9 1013.1 1023.9 -9  -9.0   3.0  -2.1  69.0   5.2   -9.0   -9.0   -9.0   -9.0   -9.0   -9.0   -9.0  5  0 40                       0   0   -9 -         -9  -9  -9   938  0.7  0.32 -9   0.6   4.0   3.3   5.1   5.6  -9 -9.0 -9  3  1
202603170900 108   5  1.9  -9 -9.0   -9 1012.7 1023.3  0   0.2   6.0  -0.3  64.0   6.0   -9.0   -9.0   -9.0   -9.0   -9.0   -9.0   -9.0  5  0 40                       0   0   -9 -         -9  -9  -9   901  1.0  0.97 -9   7.8   4.7   3.4   5.0   5.6  -9 -9.0 -9  3  1
202603171000 108   5  1.8  -9 -9.0   -9 1012.7 1023.2 -9  -9.0   8.8  -0.2  53.0   6.0   -9.0   -9.0   -9.0   -9.0   -9.0   -9.0   -9.0  5  0 40                       0   0   -9 -         -9  -9  -9   809  1.0  1.71 -9  14.3   6.2   3.7   4.8   5.3  -9 -9.0 -9  3  1
202603171100 108  32  0.9  -9 -9.0   -9 1012.3 1022.7 -9  -9.0  10.8  -0.9  44.0   5.7   -9.0   -9.0   -9.0   -9.0   -9.0   -9.0   -9.0  5  0 40                       0   0   -9 -         -9  -9  -9   782  1.0  2.29 -9  18.8   7.8   4.3   4.7   5.3  -9 -9.0 -9  3  1
202603171200 108  23  1.6  -9 -9.0   -9 1012.0 1022.3  7  -1.0  13.0  -1.0  38.0   5.7   -9.0   -9.0   -9.0   -9.0   -9.0   -9.0   -9.0  5  0 40                       0   0   -9 -         -9  -9  -9   807  1.0  2.66 -9  22.3   9.3   5.4   5.0   5.5  -9 -9.0 -9  3  1
202603171300 108  18  2.8  -9 -9.0   -9 1011.3 1021.6 -9  -9.0  14.1  -3.2  30.0   4.8   -9.0   -9.0   -9.0   -9.0   -9.0   -9.0   -9.0  5  0 40                       0   0   -9 -         -9  -9  -9   924  1.0  2.95 -9  24.6  11.0   6.3   5.1   5.2  -9 -9.0 -9  3  1
202603171400 108  18  3.1  -9 -9.0   -9 1010.5 1020.7 -9  -9.0  15.1  -5.9  23.0   3.9   -9.0   -9.0   -9.0   -9.0   -9.0   -9.0   -9.0 -9 -9 40                       0   0   -9 -         -9  -9  -9  1306  1.0  2.93 -9  25.4  12.1   7.2   5.3   5.3  -9 -9.0 -9  3  2
202603171500 108  27  2.3  -9 -9.0   -9 1009.8 1020.0  7  -2.3  15.3  -5.7  23.0   4.0   -9.0   -9.0   -9.0   -9.0   -9.0   -9.0   -9.0  5  0 40                       0   0   -9 -         -9  -9  -9   966  1.0  2.53 -9  24.1  12.6   8.1   5.7   5.4  -9 -9.0 -9  3  1
202603171600 108  23  1.9  -9 -9.0   -9 1009.4 1019.6 -9  -9.0  15.5  -3.4  27.0   4.8   -9.0   -9.0   -9.0   -9.0   -9.0   -9.0   -9.0  5  0 40                       0   0   -9 -         -9  -9  -9   816  1.0  1.91 -9  20.7  12.6   8.5   6.0   5.5  -9 -9.0 -9  3  1
202603171700 108  23  2.0  -9 -9.0   -9 1009.2 1019.4 -9  -9.0  15.0  -3.8  27.0   4.6   -9.0   -9.0   -9.0   -9.0   -9.0   -9.0   -9.0  5  0 40                       0   0   -9 -         -9  -9  -9   766  1.0  1.24 -9  16.3  12.2   8.9   6.4   5.8  -9 -9.0 -9  3  1
202603171800 108  27  2.2  -9 -9.0   -9 1008.9 1019.2  7  -0.8  13.7  -2.3  33.0   5.2   -9.0   -9.0   -9.0   -9.0   -9.0   -9.0   -9.0  5  0 40                       0   0   -9 -         -9  -9  -9   917  1.0  0.54 -9  11.8  11.3   8.9   6.9   6.1  -9 -9.0 -9  3  1
202603171900 108  27  2.6  -9 -9.0   -9 1009.4 1019.8 -9  -9.0  11.4  -3.5  35.0   4.7   -9.0   -9.0   -9.0   -9.0   -9.0   -9.0   -9.0 -9 -9 40                       0   0   -9 -         -9  -9  -9   966  0.1  0.08 -9   8.5  10.1   8.6   7.1   6.3  -9 -9.0 -9  3  2
202603172000 108  27  2.0  -9 -9.0   -9 1009.9 1020.3 -9  -9.0  10.0  -4.7  35.0   4.3   -9.0   -9.0   -9.0   -9.0   -9.0   -9.0   -9.0 -9 -9 40                       3   1   -9 -         -9  -9  -9  1163 -9.0 -9.00 -9   6.6   9.2   8.1   7.4   6.6  -9 -9.0 -9  3  2
202603172100 108  27  2.0  -9 -9.0   -9 1009.9 1020.4  2   1.2   8.9  -6.9  32.0   3.6   -9.0   -9.0   -9.0   -9.0   -9.0   -9.0   -9.0 -9 -9 -                        4   0   -9 Ci         1   0   0  1423 -9.0 -9.00 -9   5.2   8.4   7.6   7.4   6.8  -9 -9.0 -9  3  2
202603172200 108  25  1.4  -9 -9.0   -9 1009.7 1020.2 -9  -9.0   7.7  -6.8  35.0   3.7   -9.0   -9.0   -9.0   -9.0   -9.0   -9.0   -9.0 -9 -9 -                        6   3   63 -         -9  -9  -9  1524 -9.0 -9.00 -9   4.4   7.7   7.1   7.4   6.8  -9 -9.0 -9  3 -9
202603172300 108   0  0.4  -9 -9.0   -9 1009.5 1020.0 -9  -9.0   7.3  -5.4  40.0   4.1   -9.0   -9.0   -9.0   -9.0   -9.0   -9.0   -9.0 -9 -9 -                        6   6   57 -         -9  -9  -9  1205 -9.0 -9.00 -9   4.3   7.3   6.7   7.3   6.9  -9 -9.0 -9  3 -9
202603180000 108   5  1.8  -9 -9.0   -9 1008.8 1019.3  7  -1.1   7.1  -3.7  46.0   4.6   -9.0   -9.0   -9.0   -9.0   -9.0   -9.0   -9.0 -9 -9 -                        8   0   -9 Ci         1   0   0  1059 -9.0 -9.00 -9   4.1   7.0   6.4   7.2   6.9  -9 -9.0 -9  3  2
202603180100 108   2  2.0  -9 -9.0   -9 1007.9 1018.4 -9  -9.0   7.2  -3.3  47.0   4.8   -9.0   -9.0   -9.0   -9.0   -9.0   -9.0   -9.0 -9 -9 -                       10  10   47 -         -9  -9  -9  1064 -9.0 -9.00 -9   4.8   6.9   6.1   7.0   6.9  -9 -9.0 -9  3 -9
202603180200 108   2  1.3  -9 -9.0   -9 1007.5 1018.0 -9  -9.0   7.5  -3.1  47.0   4.9   -9.0   -9.0   -9.0   -9.0   -9.0   -9.0   -9.0 -9 -9 -                       10   4   12 -         -9  -9  -9  1027 -9.0 -9.00 -9   5.7   6.9   6.0   6.9   6.9  -9 -9.0 -9  3 -9
202603180300 108   5  1.6  -9 -9.0   -9 1006.7 1017.2  7  -2.1   8.0  -2.6  47.0   5.0   -9.0   -9.0   -9.0   -9.0   -9.0   -9.0   -9.0 -9 -9 -                       10  10   30 As        -9   2   0  1006 -9.0 -9.00 -9   6.0   7.1   5.9   6.7   6.8  -9 -9.0 -9  3  2
202603180400 108   2  2.2  -9 -9.0   -9 1005.9 1016.4 -9  -9.0   8.0  -2.3  48.0   5.2   -9.0   -9.0   -9.0   -9.0   -9.0   -9.0   -9.0  5 22 40                      10  10   30 As        -9   2   0   848 -9.0 -9.00 -9   5.9   7.1   5.9   6.7   6.7  -9 -9.0 -9  3  1
202603180500 108   5  0.8  -9 -9.0   -9 1005.7 1016.2 -9  -9.0   8.0  -2.9  46.0   4.9   -9.0    0.0    0.0   -9.0   -9.0   -9.0   -9.0 60 62 4001                    10   6   11 ScAs      -9   2   5   919 -9.0 -9.00 -9   6.1   7.0   5.8   6.5   6.6  -9 -9.0 -9  4  1
202603180600 108  25  2.2  -9 -9.0   -9 1006.1 1016.6  5  -0.6   8.0   2.0  66.0   7.1    0.3    0.3    0.3   -9.0   -9.0   -9.0   -9.0 61 66 4001                    10   8    8 StNs      -9   2   7   565 -9.0 -9.00 -9   6.0   6.9   5.8   6.5   6.6  -9 -9.0 -9  4  1
202603180700 108   0  0.3  -9 -9.0   -9 1005.8 1016.3 -9  -9.0   7.4   3.2  75.0   7.7   -9.0    1.0    1.0   -9.0   -9.0   -9.0   -9.0 61 66 401901                  10   8    8 StNs      -9   2   7   663  0.0  0.00 -9   6.1   6.7   5.8   6.4   6.5  -9 -9.0 -9  4  1
202603180800 108   7  1.4  -9 -9.0   -9 1005.8 1016.3 -9  -9.0   7.1   4.4  83.0   8.4   -9.0    1.6    1.6   -9.0   -9.0   -9.0   -9.0 61 66 1901                    10   8    8 StNs      -9   2   7   462  0.0  0.06 -9   6.7   6.7   5.8   6.4   6.6  -9 -9.0 -9  4  1
202603180900 108  36  2.8  -9 -9.0   -9 1005.8 1016.3  6  -0.3   7.0   4.9  87.0   8.7    1.8    2.1    2.1   -9.0   -9.0   -9.0   -9.0 61 66 1901                    10   7    4 StNs      -9   2   7   247  0.0  0.21 -9   7.6   6.9   5.8   6.4   6.3  -9 -9.0 -9  1  1
202603181000 108  34  2.9  -9 -9.0   -9 1005.6 1016.1 -9  -9.0   6.2   3.3  82.0   7.7   -9.0    3.1    3.1   -9.0   -9.0   -9.0   -9.0 61 66 1901                    10   9    5 StNs      -9   2   7  1128  0.0  0.24 -9   7.9   6.9   5.8   6.4   6.5  -9 -9.0 -9  4  1
202603181100 108  32  2.7  -9 -9.0   -9 1005.3 1015.9 -9  -9.0   5.4   3.0  85.0   7.6   -9.0    3.7    3.7   -9.0   -9.0   -9.0   -9.0 61 66 1901                    10   6    5 StNs      -9   2   7   627  0.0  0.38 -9   8.2   7.0   5.9   6.2   6.3  -9 -9.0 -9  4  1
202603181200 108  32  3.0  -9 -9.0   -9 1004.9 1015.5  7  -0.8   5.2   3.3  88.0   7.7    2.3    4.4    4.4   -9.0   -9.0   -9.0   -9.0 61 66 1901                    10   9    4 StNs      -9   2   7   507  0.0  0.35 -9   8.2   6.9   5.9   6.3   6.3  -9 -9.0 -9  4  1
202603181300 108  32  2.2  -9 -9.0   -9 1004.5 1015.1 -9  -9.0   5.3   3.4  88.0   7.8   -9.0    4.8    4.8   -9.0   -9.0   -9.0   -9.0 61 66 1901                    10   9    4 StNs      -9   2   7   756  0.0  0.48 -9   9.1   7.0   5.9   6.2   6.4  -9 -9.0 -9  4  1
202603181400 108  36  1.5  -9 -9.0   -9 1003.7 1014.2 -9  -9.0   6.0   3.6  85.0   7.9   -9.0    4.8    4.8   -9.0   -9.0   -9.0   -9.0 60 66 1901                    10   9   10 ScAs      -9   2   5  1270  0.0  0.46 -9  10.9   7.0   5.9   6.2   6.3  -9 -9.0 -9  4  1
202603181500 108   7  2.6  -9 -9.0   -9 1002.1 1012.5  7  -3.0   8.1   3.9  75.0   8.1    0.4    4.8    4.8   -9.0   -9.0   -9.0   -9.0 21 62 01                       8   1   10 ScAcCs     8   3   5  1845  0.2  1.45 -9  16.2   7.8   6.2   6.3   6.3  -9 -9.0 -9  4  1
202603181600 108   7  1.1  -9 -9.0   -9 1002.0 1012.4 -9  -9.0   9.1   3.0  66.0   7.6   -9.0    4.8    4.8   -9.0   -9.0   -9.0   -9.0 -9 -9 -                        7   5    7 ScCi       1   0   5  1965  0.7  1.66 -9  14.6   8.5   6.5   6.3   6.2  -9 -9.0 -9  3  2
202603181700 108  27  3.2  -9 -9.0   -9 1002.5 1012.9 -9  -9.0   8.8   2.5  65.0   7.3   -9.0    4.8    4.8   -9.0   -9.0   -9.0   -9.0 -9 -9 -                        9   7    8 ScCi       1   0   5  1403  0.1  0.62 -9  10.7   8.5   6.8   6.4   6.4  -9 -9.0 -9  3  2
202603181800 108  27  2.1  -9 -9.0   -9 1002.9 1013.3  3   0.8   8.4   1.9  64.0   7.0   -9.0    4.8    4.8   -9.0   -9.0   -9.0   -9.0 -9 -9 -                        8   0   -9 Ci         1   0   0  1197  0.3  0.44 -9   8.4   8.3   6.8   6.5   6.4  -9 -9.0 -9  3  2
202603181900 108  25  1.7  -9 -9.0   -9 1003.3 1013.8 -9  -9.0   7.7   2.1  68.0   7.1   -9.0    4.8    4.8   -9.0   -9.0   -9.0   -9.0 -9 -9 -                        7   3   60 -         -9  -9  -9  1213  0.0  0.07 -9   6.1   7.9   6.8   6.6   6.5  -9 -9.0 -9  3 -9
202603182000 108  25  4.0  -9 -9.0   -9 1004.2 1014.7 -9  -9.0   6.6   1.9  72.0   7.0   -9.0    4.8    4.8   -9.0   -9.0   -9.0   -9.0 -9 -9 -                        9   9   60 -         -9  -9  -9  1106 -9.0 -9.00 -9   5.2   7.4   6.6   6.7   6.5  -9 -9.0 -9  3 -9
202603182100 108  25  2.3  -9 -9.0   -9 1004.6 1015.2  2   1.9   5.7   1.2  73.0   6.7   -9.0    4.8    4.8   -9.0   -9.0   -9.0   -9.0 -9 -9 -                        8   0   -9 Ci         1   0   0  1318 -9.0 -9.00 -9   4.4   7.0   6.4   6.8   6.6  -9 -9.0 -9  3  2
202603182200 108  23  0.7  -9 -9.0   -9 1005.4 1016.0 -9  -9.0   5.0   0.7  74.0   6.4   -9.0    4.8    4.8   -9.0   -9.0   -9.0   -9.0 -9 -9 -                        6   6   62 -         -9  -9  -9  1265 -9.0 -9.00 -9   3.0   6.5   6.0   6.7   6.6  -9 -9.0 -9  3 -9
202603182300 108  29  1.3  -9 -9.0   -9 1005.9 1016.5 -9  -9.0   4.4   0.5  76.0   6.3   -9.0    4.8    4.8   -9.0   -9.0   -9.0   -9.0 -9 -9 -                        4   4   69 -         -9  -9  -9  1189 -9.0 -9.00 -9   2.1   6.0   5.7   6.6   6.6  -9 -9.0 -9  3 -9
202603190000 108  27  2.1  -9 -9.0   -9 1006.6 1017.2  2   2.0   4.2  -0.9  69.0   5.7   -9.0    4.8    4.8   -9.0   -9.0   -9.0   -9.0 -9 -9 -                        0   0   -9 -         -9  -9  -9  1473 -9.0 -9.00 -9   1.7   5.7   5.4   6.6   6.7  -9 -9.0 -9  3  2
202603190100 108  27  1.2  -9 -9.0   -9 1006.8 1017.5 -9  -9.0   3.7  -2.2  65.0   5.2   -9.0   -9.0   -9.0   -9.0   -9.0   -9.0   -9.0 -9 -9 -                        5   5   72 -         -9  -9  -9  2293 -9.0 -9.00 -9   1.1   5.4   5.1   6.5   6.6  -9 -9.0 -9  3 -9
202603190200 108  29  0.8  -9 -9.0   -9 1007.3 1018.0 -9  -9.0   2.8  -3.7  62.0   4.6   -9.0   -9.0   -9.0   -9.0   -9.0   -9.0   -9.0 -9 -9 -                        6   6   74 -         -9  -9  -9  2910 -9.0 -9.00 -9   1.2   5.0   4.8   6.3   6.5  -9 -9.0 -9  3 -9
202603190300 108  27  1.3  -9 -9.0   -9 1007.5 1018.2  2   1.0   2.4  -4.1  62.0   4.5   -9.0   -9.0   -9.0   -9.0   -9.0   -9.0   -9.0 -9 -9 -                        6   0   -9 Ci         1   0   0  3230 -9.0 -9.00 -9   1.1   4.6   4.6   6.2   6.5  -9 -9.0 -9  3  2
202603190400 108  27  1.5  -9 -9.0   -9 1007.4 1018.1 -9  -9.0   1.9  -4.8  61.0   4.3   -9.0   -9.0   -9.0   -9.0   -9.0   -9.0   -9.0 -9 -9 -                        4   0   -9 Ci         1   0   0  3277 -9.0 -9.00 -9   0.9   4.3   4.3   6.1   6.4  -9 -9.0 -9  3  2
202603190500 108  32  2.2  -9 -9.0   -9 1007.6 1018.3 -9  -9.0   2.1  -4.4  62.0   4.4   -9.0   -9.0   -9.0   -9.0   -9.0   -9.0   -9.0 -9 -9 -                        0   0   -9 -         -9  -9  -9  3138 -9.0 -9.00 -9   0.5   4.0   4.0   5.9   6.3  -9 -9.0 -9  3  2
202603190600 108  27  2.8  -9 -9.0   -9 1008.1 1018.9  3   0.7   1.4  -4.6  64.0   4.3   -9.0   -9.0   -9.0   -9.0   -9.0   -9.0   -9.0 -9 -9 -                        0   0   -9 -         -9  -9  -9  3203 -9.0 -9.00 -9   0.0   3.8   4.1   6.0   6.5  -9 -9.0 -9  3  2
202603190700 108  29  1.1  -9 -9.0   -9 1008.7 1019.5 -9  -9.0   1.4  -4.8  63.0   4.3   -9.0   -9.0   -9.0   -9.0   -9.0   -9.0   -9.0 -9 -9 -                        0   0   -9 -         -9  -9  -9  3084  0.1  0.01 -9  -0.2   3.6   3.8   5.8   6.3  -9 -9.0 -9  3  2
202603190800 108  27  2.0  -9 -9.0   -9 1009.1 1019.8 -9  -9.0   2.1  -5.5  57.0   4.1   -9.0   -9.0   -9.0   -9.0   -9.0   -9.0   -9.0 -9 -9 -                        0   0   -9 -         -9  -9  -9  3642  1.0  0.46 -9   0.1   3.4   3.5   5.6   6.3  -9 -9.0 -9  3  2
202603190900 108  29  2.6  -9 -9.0   -9 1009.6 1020.3  2   1.4   4.2  -6.9  44.0   3.6   -9.0   -9.0   -9.0   -9.0   -9.0   -9.0   -9.0 -9 -9 -                        0   0   -9 -         -9  -9  -9  3513  1.0  1.25 -9   2.4   3.6   3.3   5.2   5.8  -9 -9.0 -9  3  2
202603191000 108  29  2.1  -9 -9.0   -9 1009.5 1020.1 -9  -9.0   6.3  -6.3  40.0   3.8   -9.0   -9.0   -9.0   -9.0   -9.0   -9.0   -9.0 -9 -9 -                        0   0   -9 -         -9  -9  -9  3630  1.0  2.02 -9  14.4   4.9   3.5   5.0   5.6  -9 -9.0 -9  3  2
202603191100 108  23  1.3  -9 -9.0   -9 1009.3 1019.8 -9  -9.0   8.5  -6.8  33.0   3.7   -9.0   -9.0   -9.0   -9.0   -9.0   -9.0   -9.0 -9 -9 -                        0   0   -9 -         -9  -9  -9  4034  1.0  2.63 -9  19.3   6.7   4.1   4.9   5.6  -9 -9.0 -9  3  2
202603191200 108  25  3.8  -9 -9.0   -9 1008.8 1019.2  7  -1.1  10.7  -8.5  25.0   3.2   -9.0   -9.0   -9.0   -9.0   -9.0   -9.0   -9.0 -9 -9 -                        0   0   -9 -         -9  -9  -9  3195  1.0  3.04 -9  22.1   8.5   4.9   4.8   5.4  -9 -9.0 -9  3  2
202603191300 108  29  3.3  -9 -9.0   -9 1008.2 1018.6 -9  -9.0  11.0  -9.9  22.0   2.9   -9.0   -9.0   -9.0   -9.0   -9.0   -9.0   -9.0 -9 -9 -                        0   0   -9 -         -9  -9  -9  3807  1.0  3.24 -9  24.4   9.3   5.8   4.9   5.4  -9 -9.0 -9  3  2
202603191400 108  25  3.6  -9 -9.0   -9 1007.1 1017.4 -9  -9.0  12.4  -9.9  20.0   2.9   -9.0   -9.0   -9.0   -9.0   -9.0   -9.0   -9.0 -9 -9 -                        2   0   -9 Ci         1   0   0  3699  1.0  3.19 -9  25.4  10.3   6.5   5.2   5.1  -9 -9.0 -9  3  2
202603191500 108  25  4.0  -9 -9.0   -9 1007.1 1017.4  6  -1.8  12.5  -7.0  25.0   3.6   -9.0   -9.0   -9.0   -9.0   -9.0   -9.0   -9.0 -9 -9 -                        8   0   -9 Ci         1   0   0  3969  1.0  2.72 -9  23.3  11.0   7.1   5.5   5.3  -9 -9.0 -9  3  2
202603191600 108  25  3.9  -9 -9.0   -9 1007.0 1017.4 -9  -9.0  11.3  -7.5  26.0   3.5   -9.0   -9.0   -9.0   -9.0   -9.0   -9.0   -9.0 -9 -9 -                        8   0   -9 Ci         1   0   0  3948  1.0  2.19 -9  18.8  10.9   7.7   5.8   5.5  -9 -9.0 -9  3  2
202603191700 108  27  3.8  27 10.0 1613 1007.2 1017.6 -9  -9.0   9.5  -8.1  28.0   3.3   -9.0   -9.0   -9.0   -9.0   -9.0   -9.0   -9.0 -9 -9 -                        8   0   -9 Ci         1   0   0  3467  1.0  1.38 -9  14.8  10.3   7.8   6.2   5.7  -9 -9.0 -9  3  2
202603191800 108  25  3.2  27 10.0 1613 1007.2 1017.7  2   0.3   8.4  -6.5  34.0   3.8   -9.0   -9.0   -9.0   -9.0   -9.0   -9.0   -9.0 -9 -9 -                        0   0   -9 -         -9  -9  -9  3862  1.0  0.78 -9   9.2   9.5   7.7   6.5   6.0  -9 -9.0 -9  3  2
202603191900 108  27  2.9  -9 -9.0   -9 1007.5 1018.1 -9  -9.0   6.5  -3.7  48.0   4.6   -9.0   -9.0   -9.0   -9.0   -9.0   -9.0   -9.0 -9 -9 -                        0   0   -9 -         -9  -9  -9  3228  0.3  0.12 -9   6.1   8.5   7.4   6.8   6.2  -9 -9.0 -9  3 -9
202603192000 108  29  1.9  -9 -9.0   -9 1007.8 1018.4 -9  -9.0   5.7  -2.1  57.0   5.2   -9.0   -9.0   -9.0   -9.0   -9.0   -9.0   -9.0 -9 -9 -                        0   0   -9 -         -9  -9  -9  2454 -9.0 -9.00 -9   4.5   7.7   6.9   6.9   6.5  -9 -9.0 -9  3 -9
202603192100 108  27  2.4  27 10.0 1613 1008.6 1019.2  2   1.5   5.1  -2.0  60.0   5.3   -9.0   -9.0   -9.0   -9.0   -9.0   -9.0   -9.0 -9 -9 -                        0   0   -9 -         -9  -9  -9  2036 -9.0 -9.00 -9   3.6   7.1   6.6   6.9   6.6  -9 -9.0 -9  3  2
202603192200 108  25  2.2  -9 -9.0   -9 1008.9 1019.5 -9  -9.0   4.7  -1.1  66.0   5.6   -9.0   -9.0   -9.0   -9.0   -9.0   -9.0   -9.0 -9 -9 -                        0   0   -9 -         -9  -9  -9  1746 -9.0 -9.00 -9   2.9   6.6   6.2   6.9   6.7  -9 -9.0 -9  3 -9
202603192300 108  27  1.3  -9 -9.0   -9 1009.6 1020.3 -9  -9.0   4.1  -1.2  68.0   5.6   -9.0   -9.0   -9.0   -9.0   -9.0   -9.0   -9.0 -9 -9 -                        0   0   -9 -         -9  -9  -9  1468 -9.0 -9.00 -9   2.0   6.1   5.8   6.8   6.8  -9 -9.0 -9  3 -9
202603200000 108  29  1.8  -9 -9.0   -9 1009.8 1020.5  2   1.3   3.8  -1.5  68.0   5.5   -9.0   -9.0   -9.0   -9.0   -9.0   -9.0   -9.0 -9 -9 -                        0   0   -9 -         -9  -9  -9  1658 -9.0 -9.00 -9   1.6   5.7   5.5   6.7   6.7  -9 -9.0 -9  3  2
202603200100 108  27  1.7  -9 -9.0   -9 1009.8 1020.5 -9  -9.0   3.5  -1.2  71.0   5.6   -9.0   -9.0   -9.0   -9.0   -9.0   -9.0   -9.0 -9 -9 -                        2   1   -9 -         -9  -9  -9  1618 -9.0 -9.00 -9   1.2   5.3   5.2   6.5   6.6  -9 -9.0 -9  3 -9
202603200200 108  20  2.0  -9 -9.0   -9 1009.3 1020.0 -9  -9.0   3.4   0.0  78.0   6.1   -9.0   -9.0   -9.0   -9.0   -9.0   -9.0   -9.0 -9 -9 -                        2   1   -9 -         -9  -9  -9  1446 -9.0 -9.00 -9   1.1   5.1   4.9   6.4   6.6  -9 -9.0 -9  3 -9
202603200300 108  20  2.2  -9 -9.0   -9 1009.1 1019.8  7  -0.7   3.4   0.2  80.0   6.2   -9.0   -9.0   -9.0   -9.0   -9.0   -9.0   -9.0 -9 -9 -                        0   0   -9 -         -9  -9  -9  1416 -9.0 -9.00 -9   1.2   4.8   4.7   6.2   6.6  -9 -9.0 -9  3  2
202603200400 108  20  1.5  -9 -9.0   -9 1008.5 1019.2 -9  -9.0   2.8  -0.1  81.0   6.1   -9.0   -9.0   -9.0   -9.0   -9.0   -9.0   -9.0 -9 -9 -                        0   0   -9 -         -9  -9  -9  1370 -9.0 -9.00 -9   1.0   4.5   4.4   6.1   6.5  -9 -9.0 -9  3  2
202603200500 108  23  1.8  -9 -9.0   -9 1008.3 1019.0 -9  -9.0   2.7   0.5  86.0   6.3   -9.0   -9.0   -9.0   -9.0   -9.0   -9.0   -9.0 -9 -9 -                        0   0   -9 -         -9  -9  -9  1200 -9.0 -9.00 -9   0.8   4.3   4.2   6.0   6.5  -9 -9.0 -9  3  2
202603200600 108  20  2.1  -9 -9.0   -9 1008.4 1019.1  5  -0.7   2.7   0.7  87.0   6.4   -9.0   -9.0   -9.0   -9.0   -9.0   -9.0   -9.0 -9 -9 -                        1   1   10 Sc         0   0   5  1111 -9.0 -9.00 -9   0.8   4.1   4.0   5.8   6.3  -9 -9.0 -9  3  2
202603200700 108  25  1.5  -9 -9.0   -9 1008.8 1019.5 -9  -9.0   2.8   0.8  87.0   6.5   -9.0   -9.0   -9.0   -9.0   -9.0   -9.0   -9.0 -9 -9 -                        0   0   -9 -         -9  -9  -9  1281  0.0  0.01 -9   0.8   4.0   3.8   5.6   6.2  -9 -9.0 -9  3  2
202603200800 108  23  2.7  -9 -9.0   -9 1009.3 1020.0 -9  -9.0   3.5   1.0  84.0   6.6   -9.0   -9.0   -9.0   -9.0   -9.0   -9.0   -9.0 -9 -9 -                        3   3   12 Sc         0   0   5  1627  0.4  0.28 -9   0.9   4.1   3.7   5.5   6.1  -9 -9.0 -9  3  2
202603200900 108  25  3.5  -9 -9.0   -9 1009.7 1020.3  2   1.2   5.6   2.0  78.0   7.1   -9.0   -9.0   -9.0   -9.0   -9.0   -9.0   -9.0 -9 -9 -                        4   4   12 Sc         0   0   5  1961  0.9  1.03 -9   9.1   5.0   3.8   5.3   6.0  -9 -9.0 -9  3  2
202603201000 108  20  3.5  -9 -9.0   -9 1010.2 1020.8 -9  -9.0   6.9   2.3  73.0   7.2   -9.0   -9.0   -9.0   -9.0   -9.0   -9.0   -9.0 -9 -9 -                        8   8   10 Sc         0   0   5  1798  0.5  1.48 -9  11.8   6.4   4.2   5.2   5.7  -9 -9.0 -9  3  2
202603201100 108  23  2.5  -9 -9.0   -9 1010.1 1020.6 -9  -9.0   8.5   2.2  65.0   7.2   -9.0   -9.0   -9.0   -9.0   -9.0   -9.0   -9.0 -9 -9 -                        6   6   10 Sc         0   0   5  2023  0.3  1.41 -9  13.4   7.6   4.8   5.1   5.7  -9 -9.0 -9  3  2
202603201200 108  23  3.2  -9 -9.0   -9 1010.0 1020.4  0   0.1  11.0   2.7  57.0   7.4   -9.0   -9.0   -9.0   -9.0   -9.0   -9.0   -9.0 -9 -9 -                        5   5    8 Sc         0   0   5  2140  0.7  2.60 -9  22.2   9.2   5.5   5.2   5.5  -9 -9.0 -9  3  2
202603201300 108  23  3.6  -9 -9.0   -9 1009.9 1020.3 -9  -9.0  11.7   1.3  49.0   6.7   -9.0   -9.0   -9.0   -9.0   -9.0   -9.0   -9.0 -9 -9 -                        1   1   10 Sc         0   0   5  1816  0.9  2.88 -9  23.8  10.6   6.3   5.2   5.6  -9 -9.0 -9  3  2
202603201400 108  20  3.3  -9 -9.0   -9 1009.4 1019.7 -9  -9.0  12.9  -0.7  39.0   5.8   -9.0   -9.0   -9.0   -9.0   -9.0   -9.0   -9.0 -9 -9 -                        1   1   10 Sc         0   0   5  1746  1.0  3.00 -9  24.7  11.8   7.2   5.4   5.4  -9 -9.0 -9  3  2
202603201500 108  20  4.1  -9 -9.0   -9 1009.2 1019.5  7  -0.9  13.7   0.6  41.0   6.4   -9.0   -9.0   -9.0   -9.0   -9.0   -9.0   -9.0 -9 -9 -                        0   0   -9 -         -9  -9  -9  2061  1.0  2.62 -9  23.5  12.3   7.9   5.7   5.6  -9 -9.0 -9  3  2
202603201600 108  23  3.7  -9 -9.0   -9 1009.2 1019.5 -9  -9.0  13.3   0.9  43.0   6.5   -9.0   -9.0   -9.0   -9.0   -9.0   -9.0   -9.0 -9 -9 -                        0   0   -9 -         -9  -9  -9  1661  1.0  2.04 -9  20.2  12.3   8.4   6.1   5.6  -9 -9.0 -9  3  2
202603201700 108  25  3.1  -9 -9.0   -9 1009.7 1020.0 -9  -9.0  12.7  -0.5  40.0   5.9   -9.0   -9.0   -9.0   -9.0   -9.0   -9.0   -9.0 -9 -9 -                        0   0   -9 -         -9  -9  -9  1852  1.0  1.42 -9  16.2  11.7   8.6   6.4   6.0  -9 -9.0 -9  3  2
202603201800 108  25  3.0  -9 -9.0   -9 1010.0 1020.4  2   0.9  11.4  -1.7  40.0   5.4   -9.0   -9.0   -9.0   -9.0   -9.0   -9.0   -9.0 -9 -9 -                        0   0   -9 -         -9  -9  -9  1724  1.0  0.65 -9  11.2  10.8   8.5   6.8   6.1  -9 -9.0 -9  3  2
202603201900 108  27  3.2  -9 -9.0   -9 1011.0 1021.5 -9  -9.0   9.4  -1.6  46.0   5.4   -9.0   -9.0   -9.0   -9.0   -9.0   -9.0   -9.0 -9 -9 -                        0   0   -9 -         -9  -9  -9  1593  0.3  0.11 -9   7.9   9.8   8.2   7.0   6.3  -9 -9.0 -9  3 -9
202603202000 108  25  2.5  -9 -9.0   -9 1011.9 1022.4 -9  -9.0   8.0  -0.7  54.0   5.8   -9.0   -9.0   -9.0   -9.0   -9.0   -9.0   -9.0 -9 -9 -                        0   0   -9 -         -9  -9  -9  1362 -9.0 -9.00 -9   6.1   8.8   7.8   7.3   6.6  -9 -9.0 -9  3 -9
202603202100 108  25  1.8  -9 -9.0   -9 1012.5 1023.1  2   2.7   7.1  -1.8  53.0   5.4   -9.0   -9.0   -9.0   -9.0   -9.0   -9.0   -9.0 -9 -9 -                        0   0   -9 -         -9  -9  -9  1443 -9.0 -9.00 -9   4.7   8.1   7.4   7.3   6.7  -9 -9.0 -9  3  2
202603202200 108  27  1.2  -9 -9.0   -9 1012.7 1023.3 -9  -9.0   6.4  -1.7  56.0   5.4   -9.0   -9.0   -9.0   -9.0   -9.0   -9.0   -9.0 -9 -9 -                        0   0   -9 -         -9  -9  -9  1406 -9.0 -9.00 -9   3.6   7.4   6.9   7.3   6.7  -9 -9.0 -9  3 -9
202603202300 108  29  0.6  -9 -9.0   -9 1013.3 1023.9 -9  -9.0   5.7  -1.7  59.0   5.4   -9.0   -9.0   -9.0   -9.0   -9.0   -9.0   -9.0 -9 -9 -                        0   0   -9 -         -9  -9  -9  1342 -9.0 -9.00 -9   2.7   6.8   6.5   7.3   6.9  -9 -9.0 -9  3 -9
202603210000 108  25  0.5  -9 -9.0   -9 1013.5 1024.2  2   1.1   5.0  -1.9  61.0   5.3   -9.0   -9.0   -9.0   -9.0   -9.0   -9.0   -9.0 -9 -9 -                        0   0   -9 -         -9  -9  -9  1356 -9.0 -9.00 -9   2.1   6.4   6.0   7.1   7.0  -9 -9.0 -9  3  2
202603210100 108  29  1.0  -9 -9.0   -9 1013.5 1024.2 -9  -9.0   4.6  -1.4  65.0   5.5   -9.0   -9.0   -9.0   -9.0   -9.0   -9.0   -9.0 -9 -9 -                        0   0   -9 -         -9  -9  -9  1237 -9.0 -9.00 -9   1.6   5.9   5.7   7.0   6.9  -9 -9.0 -9  3 -9
202603210200 108  27  1.2  -9 -9.0   -9 1013.6 1024.3 -9  -9.0   4.0  -1.5  67.0   5.5   -9.0   -9.0   -9.0   -9.0   -9.0   -9.0   -9.0 -9 -9 -                        0   0   -9 -         -9  -9  -9  1106 -9.0 -9.00 -9   1.1   5.5   5.3   6.7   6.7  -9 -9.0 -9  3 -9
202603210300 108  27  2.1  -9 -9.0   -9 1013.7 1024.4  2   0.2   3.5  -1.4  70.0   5.5   -9.0   -9.0   -9.0   -9.0   -9.0   -9.0   -9.0 -9 -9 -                        0   0   -9 -         -9  -9  -9  1014 -9.0 -9.00 -9   1.3   5.2   5.0   6.6   6.8  -9 -9.0 -9  3  2
202603210400 108  27  1.2  -9 -9.0   -9 1013.7 1024.4 -9  -9.0   3.3  -1.0  73.0   5.7   -9.0   -9.0   -9.0   -9.0   -9.0   -9.0   -9.0  5  0 40                       0   0   -9 -         -9  -9  -9   912 -9.0 -9.00 -9   1.0   4.9   4.8   6.5   6.8  -9 -9.0 -9  3  1
202603210500 108  36  1.5  -9 -9.0   -9 1013.5 1024.3 -9  -9.0   2.7  -1.2  75.0   5.6   -9.0   -9.0   -9.0   -9.0   -9.0   -9.0   -9.0  5  0 40                       0   0   -9 -         -9  -9  -9   813 -9.0 -9.00 -9   0.8   4.6   4.5   6.3   6.7  -9 -9.0 -9  3  1
202603210600 108   5  1.2  -9 -9.0   -9 1013.9 1024.7  3   0.3   2.5  -1.8  73.0   5.4   -9.0   -9.0   -9.0   -9.0   -9.0   -9.0   -9.0 -9 -9 40                       0   0   -9 -         -9  -9  -9  1006 -9.0 -9.00 -9   0.5   4.3   4.2   6.1   6.5  -9 -9.0 -9  3  2
202603210700 108   2  1.7  -9 -9.0   -9 1014.2 1025.0 -9  -9.0   2.0  -1.7  76.0   5.4   -9.0   -9.0   -9.0   -9.0   -9.0   -9.0   -9.0  5  0 40                       0   0   -9 -         -9  -9  -9   853  0.0  0.01 -9   0.3   4.1   4.0   6.1   6.4  -9 -9.0 -9  3  1
202603210800 108   5  1.7  -9 -9.0   -9 1014.6 1025.4 -9  -9.0   3.0  -0.6  77.0   5.8   -9.0   -9.0   -9.0   -9.0   -9.0   -9.0   -9.0  5  0 40                       0   0   -9 -         -9  -9  -9   954  0.9  0.40 -9   0.6   4.2   3.8   5.8   6.3  -9 -9.0 -9  3  1
202603210900 108   5  2.3  -9 -9.0   -9 1014.7 1025.4  1   0.7   5.9   0.2  67.0   6.2   -9.0   -9.0   -9.0   -9.0   -9.0   -9.0   -9.0  5  0 40                       0   0   -9 -         -9  -9  -9   869  1.0  1.10 -9   8.9   5.0   3.9   5.6   6.2  -9 -9.0 -9  3  1
202603211000 108  20  0.8  -9 -9.0   -9 1014.9 1025.4 -9  -9.0   8.7   0.6  57.0   6.4   -9.0   -9.0   -9.0   -9.0   -9.0   -9.0   -9.0  5  0 40                       0   0   -9 -         -9  -9  -9   948  1.0  1.86 -9  15.4   6.5   4.2   5.4   6.0  -9 -9.0 -9  3  1
202603211100 108  14  2.0  -9 -9.0   -9 1014.8 1025.3 -9  -9.0  11.0  -1.1  43.0   5.6   -9.0   -9.0   -9.0   -9.0   -9.0   -9.0   -9.0 -9 -9 40                       0   0   -9 -         -9  -9  -9  1017  1.0  2.53 -9  20.2   8.7   5.0   5.3   5.8  -9 -9.0 -9  3  2
202603211200 108  20  1.9  -9 -9.0   -9 1014.5 1024.9  7  -0.5  12.5  -2.5  35.0   5.1   -9.0   -9.0   -9.0   -9.0   -9.0   -9.0   -9.0 -9 -9 -                        0   0   -9 -         -9  -9  -9  1119  1.0  2.97 -9  23.8  10.3   5.9   5.3   5.7  -9 -9.0 -9  3  2
202603211300 108  23  3.3  -9 -9.0   -9 1013.9 1024.2 -9  -9.0  14.2  -5.5  25.0   4.1   -9.0   -9.0   -9.0   -9.0   -9.0   -9.0   -9.0 -9 -9 -                        0   0   -9 -         -9  -9  -9  1636  1.0  3.18 -9  25.8  11.7   6.8   5.3   5.6  -9 -9.0 -9  3  2
202603211400 108  23  3.1  -9 -9.0   -9 1013.2 1023.5 -9  -9.0  14.9  -6.6  22.0   3.7   -9.0   -9.0   -9.0   -9.0   -9.0   -9.0   -9.0 -9 -9 -                        0   0   -9 -         -9  -9  -9  1618  1.0  3.08 -9  26.5  12.7   7.7   5.7   5.6  -9 -9.0 -9  3  2
202603211500 108  23  3.2  -9 -9.0   -9 1012.5 1022.8  7  -2.1  15.4  -9.5  17.0   3.0   -9.0   -9.0   -9.0   -9.0   -9.0   -9.0   -9.0 -9 -9 -                        0   0   -9 -         -9  -9  -9  2123  1.0  2.78 -9  25.8  12.9   8.4   6.0   5.8  -9 -9.0 -9  3  2
202603211600 108  23  3.4  -9 -9.0   -9 1012.2 1022.5 -9  -9.0  15.2  -9.0  18.0   3.1   -9.0   -9.0   -9.0   -9.0   -9.0   -9.0   -9.0 -9 -9 -                        0   0   -9 -         -9  -9  -9  2415  1.0  2.30 -9  22.5  12.9   8.9   6.4   5.9  -9 -9.0 -9  3  2
202603211700 108  25  2.9  -9 -9.0   -9 1011.9 1022.2 -9  -9.0  14.8  -6.1  23.0   3.9   -9.0   -9.0   -9.0   -9.0   -9.0   -9.0   -9.0 -9 -9 -                        0   0   -9 -         -9  -9  -9  2348  1.0  1.55 -9  17.8  12.4   9.1   6.8   6.2  -9 -9.0 -9  3  2
202603211800 108  27  2.6  -9 -9.0   -9 1012.0 1022.3  5  -0.5  13.0 -10.1  19.0   2.8   -9.0   -9.0   -9.0   -9.0   -9.0   -9.0   -9.0 -9 -9 -                        0   0   -9 -         -9  -9  -9  2584  1.0  0.72 -9  11.8  11.4   9.1   7.2   6.4  -9 -9.0 -9  3  2
202603211900 108  27  2.5  -9 -9.0   -9 1011.8 1022.2 -9  -9.0  10.6 -11.4  20.0   2.6   -9.0   -9.0   -9.0   -9.0   -9.0   -9.0   -9.0 -9 -9 -                        0   0   -9 -         -9  -9  -9  2477  0.3  0.12 -9   8.2  10.2   8.6   7.2   6.3  -9 -9.0 -9  3 -9
202603212000 108  27  1.8  -9 -9.0   -9 1012.1 1022.6 -9  -9.0   9.2  -7.0  31.0   3.6   -9.0   -9.0   -9.0   -9.0   -9.0   -9.0   -9.0 -9 -9 -                        0   0   -9 -         -9  -9  -9  2158 -9.0 -9.00 -9   6.2   9.1   7.9   7.3   6.5  -9 -9.0 -9  3 -9
202603212100 108  29  1.9  -9 -9.0   -9 1012.5 1023.0  3   0.7   8.1  -8.0  31.0   3.3   -9.0   -9.0   -9.0   -9.0   -9.0   -9.0   -9.0 -9 -9 -                        0   0   -9 -         -9  -9  -9  2166 -9.0 -9.00 -9   5.1   8.4   7.4   7.3   6.7  -9 -9.0 -9  3  2
202603212200 108  27  1.6  -9 -9.0   -9 1012.6 1023.2 -9  -9.0   7.0  -8.6  32.0   3.2   -9.0   -9.0   -9.0   -9.0   -9.0   -9.0   -9.0 -9 -9 -                        0   0   -9 -         -9  -9  -9  2150 -9.0 -9.00 -9   4.1   7.7   6.9   7.2   6.7  -9 -9.0 -9  3 -9
202603212300 108  36  0.6  -9 -9.0   -9 1011.7 1022.3 -9  -9.0   6.6  -7.8  35.0   3.4   -9.0   -9.0   -9.0   -9.0   -9.0   -9.0   -9.0 -9 -9 -                        5   1   -9 -         -9  -9  -9  2098 -9.0 -9.00 -9   3.5   7.2   6.5   7.2   6.9  -9 -9.0 -9  3 -9
202603220000 108  27  1.7  -9 -9.0   -9 1012.5 1023.1  0   0.1   6.1  -8.2  35.0   3.3   -9.0   -9.0   -9.0   -9.0   -9.0   -9.0   -9.0 -9 -9 -                        8   0   -9 Ci         1   0   0  2250 -9.0 -9.00 -9   3.1   6.8   6.1   7.0   6.8  -9 -9.0 -9  3  2
202603220100 108  27  1.0  -9 -9.0   -9 1012.4 1023.0 -9  -9.0   5.7  -8.2  36.0   3.3   -9.0   -9.0   -9.0   -9.0   -9.0   -9.0   -9.0 -9 -9 -                        9   3   71 -         -9  -9  -9  2117 -9.0 -9.00 -9   3.2   6.4   5.8   6.8   6.9  -9 -9.0 -9  3 -9
202603220200 108   5  0.7  -9 -9.0   -9 1012.4 1023.0 -9  -9.0   6.0  -8.7  34.0   3.2   -9.0   -9.0   -9.0   -9.0   -9.0   -9.0   -9.0 -9 -9 -                       10   8   63 -         -9  -9  -9  2240 -9.0 -9.00 -9   3.4   6.3   5.5   6.7   6.8  -9 -9.0 -9  3 -9
202603220300 108   2  1.7  -9 -9.0   -9 1011.7 1022.3  7  -0.8   5.8  -7.7  37.0   3.4   -9.0   -9.0   -9.0   -9.0   -9.0   -9.0   -9.0 -9 -9 -                       10   0   -9 Cs         7   0   0  2200 -9.0 -9.00 -9   3.6   6.2   5.3   6.6   6.7  -9 -9.0 -9  3  2
202603220400 108   5  1.4  -9 -9.0   -9 1011.1 1021.7 -9  -9.0   5.7  -6.8  40.0   3.7   -9.0   -9.0   -9.0   -9.0   -9.0   -9.0   -9.0 -9 -9 -                       10  10   46 Ac        -9   3   0  2107 -9.0 -9.00 -9   3.7   6.1   5.2   6.4   6.6  -9 -9.0 -9  3  2
202603220500 108   5  1.9  -9 -9.0   -9 1010.5 1021.1 -9  -9.0   5.5  -6.7  41.0   3.7   -9.0   -9.0   -9.0   -9.0   -9.0   -9.0   -9.0 -9 -9 -                        9   9   45 Ac         0   3   0  2016 -9.0 -9.00 -9   3.8   6.1   5.1   6.3   6.6  -9 -9.0 -9  3  2
202603220600 108   5  1.8  -9 -9.0   -9 1010.1 1020.7  7  -1.6   5.7  -6.2  42.0   3.8   -9.0   -9.0   -9.0   -9.0   -9.0   -9.0   -9.0 -9 -9 -                        9   9   41 Ac         0   3   0  2027 -9.0 -9.00 -9   3.9   6.0   5.0   6.1   6.4  -9 -9.0 -9  3  2
202603220700 108  36  1.3  -9 -9.0   -9 1010.6 1021.2 -9  -9.0   5.8  -6.1  42.0   3.9   -9.0   -9.0   -9.0   -9.0   -9.0   -9.0   -9.0 -9 -9 -                       10   7   36 AcCs       7   3   0  1941  0.0  0.01 -9   4.0   6.0   4.9   6.0   6.5  -9 -9.0 -9  3  2
202603220800 108   2  1.0  -9 -9.0   -9 1010.8 1021.4 -9  -9.0   6.2  -5.4  43.0   4.1   -9.0   -9.0   -9.0   -9.0   -9.0   -9.0   -9.0 -9 -9 -                        8   8   41 Ac         0   3   0  1896  0.0  0.18 -9   4.9   6.1   4.9   6.0   6.3  -9 -9.0 -9  3  2
202603220900 108   5  1.1  -9 -9.0   -9 1010.8 1021.3  0   0.6   8.2  -5.3  38.0   4.1   -9.0   -9.0   -9.0   -9.0   -9.0   -9.0   -9.0 -9 -9 -                        7   2   38 AcCi       1   3   0  1847  0.8  0.81 -9   9.4   6.6   5.0   6.0   6.4  -9 -9.0 -9  3  2
202603221000 108   2  0.8  -9 -9.0   -9 1010.9 1021.3 -9  -9.0  10.9  -5.6  31.0   4.0   -9.0   -9.0   -9.0   -9.0   -9.0   -9.0   -9.0 -9 -9 -                        8   5   38 AcCi       1   3   0  1651  1.0  1.45 -9  15.0   8.1   5.5   6.0   6.5  -9 -9.0 -9  3  2
202603221100 108  11  1.9  -9 -9.0   -9 1010.4 1020.7 -9  -9.0  13.8  -4.9  27.0   4.2   -9.0   -9.0   -9.0   -9.0   -9.0   -9.0   -9.0 -9 -9 -                        7   2   38 AcCi       1   3   0  1682  1.0  2.24 -9  20.9  10.0   6.1   6.0   6.3  -9 -9.0 -9  3  2
202603221200 108  16  2.1  -9 -9.0   -9 1009.3 1019.5  7  -1.8  15.6  -4.3  25.0   4.4   -9.0   -9.0   -9.0   -9.0   -9.0   -9.0   -9.0 -9 -9 -                        3   1   35 AcCi       1   3   0  1554  1.0  2.72 -9  25.2  11.8   7.0   6.1   6.2  -9 -9.0 -9  3  2
202603221300 108   9  1.7  -9 -9.0   -9 1008.4 1018.5 -9  -9.0  17.2  -5.9  20.0   3.9   -9.0   -9.0   -9.0   -9.0   -9.0   -9.0   -9.0 -9 -9 -                        1   1   35 Ac         0   3   0  1676  1.0  3.21 -9  28.4  13.1   8.0   6.2   6.3  -9 -9.0 -9  3  2
202603221400 108  20  3.5  -9 -9.0   -9 1007.6 1017.7 -9  -9.0  18.0  -9.0  15.0   3.1   -9.0   -9.0   -9.0   -9.0   -9.0   -9.0   -9.0 -9 -9 -                        2   2   39 Ac         0   3   0  2805  1.0  2.59 -9  26.5  13.5   8.8   6.4   6.2  -9 -9.0 -9  3  2
202603221500 108  27  3.5  -9 -9.0   -9 1007.2 1017.3  7  -2.2  18.0  -7.4  17.0   3.5   -9.0   -9.0   -9.0   -9.0   -9.0   -9.0   -9.0 -9 -9 -                        0   0   -9 -         -9  -9  -9  2113  1.0  2.70 -9  26.6  14.2   9.5   6.8   6.4  -9 -9.0 -9  3  2
202603221600 108  23  3.6  -9 -9.0   -9 1007.4 1017.5 -9  -9.0  18.0  -6.0  19.0   3.9   -9.0   -9.0   -9.0   -9.0   -9.0   -9.0   -9.0 -9 -9 -                        0   0   -9 -         -9  -9  -9  1658  1.0  2.06 -9  23.0  14.1   9.9   7.2   6.6  -9 -9.0 -9  3  2
202603221700 108  27  4.2  -9 -9.0   -9 1007.7 1017.8 -9  -9.0  17.0  -8.2  17.0   3.3   -9.0   -9.0   -9.0   -9.0   -9.0   -9.0   -9.0 -9 -9 -                        0   0   -9 -         -9  -9  -9  2519  1.0  1.42 -9  18.6  13.5  10.2   7.7   6.8  -9 -9.0 -9  3  2
202603221800 108  29  3.3  -9 -9.0   -9 1007.8 1018.0  2   0.7  15.4  -6.2  22.0   3.8   -9.0   -9.0   -9.0   -9.0   -9.0   -9.0   -9.0 -9 -9 -                        0   0   -9 -         -9  -9  -9  2557  1.0  0.69 -9  13.3  12.6   9.8   7.6   6.6  -9 -9.0 -9  3  2
202603221900 108  25  3.3  -9 -9.0   -9 1007.9 1018.2 -9  -9.0  13.1  -7.0  24.0   3.6   -9.0   -9.0   -9.0   -9.0   -9.0   -9.0   -9.0 -9 -9 -                        0   0   -9 -         -9  -9  -9  2569  0.3  0.12 -9  10.0  11.4   9.4   7.8   6.8  -9 -9.0 -9  3 -9
202603222000 108  29  1.8  -9 -9.0   -9 1008.3 1018.7 -9  -9.0  11.7  -6.2  28.0   3.8   -9.0   -9.0   -9.0   -9.0   -9.0   -9.0   -9.0 -9 -9 -                        2   0   -9 -         -9  -9  -9  2317 -9.0 -9.00 -9   7.9  10.4   8.9   7.9   7.1  -9 -9.0 -9  3 -9
202603222100 108  20  0.6  -9 -9.0   -9 1008.5 1018.9  2   0.9  10.3  -5.7  32.0   4.0   -9.0   -9.0   -9.0   -9.0   -9.0   -9.0   -9.0 -9 -9 -                        1   0   -9 Ci         1   0   0  1916 -9.0 -9.00 -9   6.3   9.5   8.4   8.0   7.3  -9 -9.0 -9  3  2
202603222200 108  27  0.9  -9 -9.0   -9 1008.4 1018.9 -9  -9.0   9.1  -5.5  35.0   4.1   -9.0   -9.0   -9.0   -9.0   -9.0   -9.0   -9.0 -9 -9 -                        0   0   -9 -         -9  -9  -9  1936 -9.0 -9.00 -9   5.3   8.8   7.9   8.0   7.4  -9 -9.0 -9  3 -9
202603222300 108  27  2.3  -9 -9.0   -9 1008.9 1019.4 -9  -9.0   8.7  -5.5  36.0   4.1   -9.0   -9.0   -9.0   -9.0   -9.0   -9.0   -9.0 -9 -9 -                        0   0   -9 -         -9  -9  -9  1974 -9.0 -9.00 -9   4.5   8.2   7.4   7.9   7.4  -9 -9.0 -9  3 -9
202603230000 108  29  2.8  -9 -9.0   -9 1009.5 1020.0  2   1.1   8.6  -5.6  36.0   4.0   -9.0   -9.0   -9.0   -9.0   -9.0   -9.0   -9.0 -9 -9 -                        0   0   -9 -         -9  -9  -9  2213 -9.0 -9.00 -9   4.4   7.9   7.0   7.8   7.5  -9 -9.0 -9  3  2
202603230100 108  29  2.9  -9 -9.0   -9 1009.6 1020.1 -9  -9.0   8.3  -6.2  35.0   3.8   -9.0   -9.0   -9.0   -9.0   -9.0   -9.0   -9.0 -9 -9 -                        0   0   -9 -         -9  -9  -9  2316 -9.0 -9.00 -9   4.2   7.6   6.7   7.6   7.5  -9 -9.0 -9  3 -9
202603230200 108  25  1.6  -9 -9.0   -9 1009.5 1020.0 -9  -9.0   7.3  -7.9  33.0   3.4   -9.0   -9.0   -9.0   -9.0   -9.0   -9.0   -9.0 -9 -9 -                        0   0   -9 -         -9  -9  -9  2186 -9.0 -9.00 -9   3.1   7.2   6.4   7.4   7.4  -9 -9.0 -9  3 -9
202603230300 108  27  2.2  -9 -9.0   -9 1009.5 1020.1  1   0.1   6.4  -7.9  35.0   3.4   -9.0   -9.0   -9.0   -9.0   -9.0   -9.0   -9.0 -9 -9 -                        0   0   -9 -         -9  -9  -9  1862 -9.0 -9.00 -9   2.7   6.7   6.1   7.3   7.2  -9 -9.0 -9  3  2
202603230400 108  27  1.3  -9 -9.0   -9 1009.2 1019.8 -9  -9.0   5.9  -7.3  38.0   3.5   -9.0   -9.0   -9.0   -9.0   -9.0   -9.0   -9.0 -9 -9 -                        1   0   -9 Ci         1   0   0  1586 -9.0 -9.00 -9   2.5   6.4   5.8   7.1   7.3  -9 -9.0 -9  3  2
202603230500 108  25  0.6  -9 -9.0   -9 1009.1 1019.7 -9  -9.0   5.5  -7.0  40.0   3.6   -9.0   -9.0   -9.0   -9.0   -9.0   -9.0   -9.0 -9 -9 -                        1   0   -9 Ci         1   0   0  1516 -9.0 -9.00 -9   2.0   6.1   5.5   7.0   7.1  -9 -9.0 -9  3  2
202603230600 108  27  1.8  -9 -9.0   -9 1009.6 1020.2  3   0.1   4.8  -6.7  43.0   3.7   -9.0   -9.0   -9.0   -9.0   -9.0   -9.0   -9.0 -9 -9 -                        0   0   -9 -         -9  -9  -9  1570 -9.0 -9.00 -9   1.7   5.7   5.3   6.8   7.1  -9 -9.0 -9  3  2
202603230700 108  27  1.7  -9 -9.0   -9 1010.2 1020.9 -9  -9.0   4.5  -6.1  46.0   3.9   -9.0   -9.0   -9.0   -9.0   -9.0   -9.0   -9.0 -9 -9 -                        0   0   -9 -         -9  -9  -9  1573  0.0  0.02 -9   2.0   5.5   5.0   6.7   6.8  -9 -9.0 -9  3  2
202603230800 108  25  0.9  -9 -9.0   -9 1010.3 1020.9 -9  -9.0   5.8  -5.2  45.0   4.2   -9.0   -9.0   -9.0   -9.0   -9.0   -9.0   -9.0 -9 -9 -                        0   0   -9 -         -9  -9  -9  1498  0.8  0.40 -9   4.3   5.7   4.8   6.5   6.9  -9 -9.0 -9  3  2
202603230900 108   0  0.3  -9 -9.0   -9 1010.8 1021.3  2   1.1   8.7  -5.2  37.0   4.2   -9.0   -9.0   -9.0   -9.0   -9.0   -9.0   -9.0 -9 -9 -                        0   0   -9 -         -9  -9  -9  1462  1.0  1.17 -9  11.6   6.7   4.9   6.3   6.7  -9 -9.0 -9  3  2
202603231000 108   9  1.6  -9 -9.0   -9 1010.8 1021.2 -9  -9.0  12.2  -5.8  28.0   4.0   -9.0   -9.0   -9.0   -9.0   -9.0   -9.0   -9.0 -9 -9 -                        0   0   -9 -         -9  -9  -9  1609  1.0  1.92 -9  17.8   8.3   5.6   6.4   6.8  -9 -9.0 -9  3  2
202603231100 108   9  2.5  -9 -9.0   -9 1010.3 1020.6 -9  -9.0  14.8  -5.6  24.0   4.0   -9.0   -9.0   -9.0   -9.0   -9.0   -9.0   -9.0 -9 -9 -                        3   0   -9 Ci         1   0   0  1876  1.0  2.58 -9  22.5  10.1   6.3   6.4   6.8  -9 -9.0 -9  3  2
202603231200 108   7  2.2  -9 -9.0   -9 1009.8 1020.0  7  -1.3  16.3  -4.3  24.0   4.4   -9.0   -9.0   -9.0   -9.0   -9.0   -9.0   -9.0 -9 -9 -                        2   0   -9 Ci         1   0   0  1940  1.0  2.74 -9  24.7  11.4   7.1   6.4   6.7  -9 -9.0 -9  3  2
202603231300 108   7  2.5  -9 -9.0   -9 1009.4 1019.5 -9  -9.0  18.0  -2.9  24.0   4.9   -9.0   -9.0   -9.0   -9.0   -9.0   -9.0   -9.0 -9 -9 -                        6   0   -9 Ci         1   0   0  2260  1.0  2.87 -9  27.5  12.8   8.0   6.6   6.6  -9 -9.0 -9  3  2
202603231400 108   5  1.7  -9 -9.0   -9 1008.8 1018.9 -9  -9.0  18.8  -3.3  22.0   4.8   -9.0   -9.0   -9.0   -9.0   -9.0   -9.0   -9.0 -9 -9 -                        7   0   -9 Ci         1   0   0  2360  1.0  2.58 -9  27.2  13.7   8.9   6.8   6.7  -9 -9.0 -9  3  2
202603231500 108  11  1.7  -9 -9.0   -9 1008.2 1018.2  7  -1.8  19.6  -1.5  24.0   5.5   -9.0   -9.0   -9.0   -9.0   -9.0   -9.0   -9.0 -9 -9 -                        5   0   -9 Ci         1   0   0  2685  1.0  2.24 -9  24.6  14.3   9.6   7.1   6.8  -9 -9.0 -9  3  2
202603231600 108  18  1.2  -9 -9.0   -9 1007.8 1017.8 -9  -9.0  19.8  -3.1  21.0   4.9   -9.0   -9.0   -9.0   -9.0   -9.0   -9.0   -9.0 -9 -9 -                        6   0   -9 Ci         1   0   0  2562  1.0  1.92 -9  23.0  14.3  10.1   7.5   6.9  -9 -9.0 -9  3  2
202603231700 108  25  2.3  -9 -9.0   -9 1007.9 1017.9 -9  -9.0  19.8  -3.1  21.0   4.9   -9.0   -9.0   -9.0   -9.0   -9.0   -9.0   -9.0 -9 -9 -                        1   0   -9 Ci         1   0   0  1896  1.0  1.48 -9  20.3  14.2  10.5   7.9   7.1  -9 -9.0 -9  3  2
202603231800 108  25  3.5  -9 -9.0   -9 1008.2 1018.3  3   0.1  17.5  -0.2  30.0   6.0   -9.0   -9.0   -9.0   -9.0   -9.0   -9.0   -9.0 -9 -9 -                        0   0   -9 -         -9  -9  -9  1306  1.0  0.70 -9  14.7  13.5  10.6   8.3   7.4  -9 -9.0 -9  3  2
202603231900 108  27  2.9  -9 -9.0   -9 1008.5 1018.7 -9  -9.0  15.1  -0.2  35.0   6.0   -9.0   -9.0   -9.0   -9.0   -9.0   -9.0   -9.0 -9 -9 -                        0   0   -9 -         -9  -9  -9  1401  0.2  0.09 -9  11.1  12.2  10.1   8.3   7.3  -9 -9.0 -9  3 -9
202603232000 108  27  1.5  -9 -9.0   -9 1008.8 1019.1 -9  -9.0  13.6   0.2  40.0   6.2   -9.0   -9.0   -9.0   -9.0   -9.0   -9.0   -9.0 -9 -9 -                        0   0   -9 -         -9  -9  -9  1248 -9.0 -9.00 -9   9.5  11.3   9.6   8.4   7.4  -9 -9.0 -9  3 -9
202603232100 108  23  1.4  -9 -9.0   -9 1009.3 1019.6  2   1.3  12.3  -1.2  39.0   5.6   -9.0   -9.0   -9.0   -9.0   -9.0   -9.0   -9.0 -9 -9 -                        4   0   -9 Ci         1   0   0  1190 -9.0 -9.00 -9   8.1  10.6   9.1   8.4   7.6  -9 -9.0 -9  3  2
202603232200 108  27  2.4  -9 -9.0   -9 1009.4 1019.8 -9  -9.0  11.2   0.2  47.0   6.2   -9.0   -9.0   -9.0   -9.0   -9.0   -9.0   -9.0 -9 -9 -                        0   0   -9 -         -9  -9  -9  1145 -9.0 -9.00 -9   7.3   9.9   8.7   8.5   7.7  -9 -9.0 -9  3 -9
202603232300 108  27  1.0  -9 -9.0   -9 1010.0 1020.4 -9  -9.0  10.5   0.4  50.0   6.3   -9.0   -9.0   -9.0   -9.0   -9.0   -9.0   -9.0 -9 -9 -                        4   1   -9 -         -9  -9  -9  1125 -9.0 -9.00 -9   6.3   9.4   8.3   8.4   7.8  -9 -9.0 -9  3 -9
202603240000 108   2  1.8  -9 -9.0   -9 1010.0 1020.4  1   0.8   9.8   0.1  51.0   6.2   -9.0   -9.0   -9.0   -9.0   -9.0   -9.0   -9.0 -9 -9 -                        0   0   -9 -         -9  -9  -9  1156 -9.0 -9.00 -9   5.8   9.0   7.9   8.4   7.8  -9 -9.0 -9  3  2
202603240100 108   7  2.2  -9 -9.0   -9 1009.9 1020.4 -9  -9.0   9.5  -0.1  51.0   6.1   -9.0   -9.0   -9.0   -9.0   -9.0   -9.0   -9.0 -9 -9 -                        0   0   -9 -         -9  -9  -9  1340 -9.0 -9.00 -9   5.4   8.6   7.6   8.2   7.9  -9 -9.0 -9  3 -9
202603240200 108   7  2.2  -9 -9.0   -9 1009.9 1020.4 -9  -9.0   9.7  -0.5  49.0   5.9   -9.0   -9.0   -9.0   -9.0   -9.0   -9.0   -9.0 -9 -9 -                        5   1   -9 -         -9  -9  -9  1411 -9.0 -9.00 -9   5.2   8.4   7.3   8.1   7.9  -9 -9.0 -9  3 -9
202603240300 108   7  1.9  -9 -9.0   -9 1009.5 1020.0  7  -0.4   9.2  -0.7  50.0   5.8   -9.0   -9.0   -9.0   -9.0   -9.0   -9.0   -9.0 -9 -9 -                        2   0   -9 Ci         1   0   0  1483 -9.0 -9.00 -9   4.7   8.1   7.1   7.9   7.8  -9 -9.0 -9  3  2
202603240400 108   7  2.3  -9 -9.0   -9 1009.1 1019.6 -9  -9.0   8.7  -0.8  51.0   5.8   -9.0   -9.0   -9.0   -9.0   -9.0   -9.0   -9.0 -9 -9 -                        4   0   -9 Ci         1   0   0  1590 -9.0 -9.00 -9   4.5   7.7   6.8   7.7   7.8  -9 -9.0 -9  3  2
202603240500 108   5  2.5  -9 -9.0   -9 1009.0 1019.5 -9  -9.0   8.7  -0.6  52.0   5.8   -9.0   -9.0   -9.0   -9.0   -9.0   -9.0   -9.0 -9 -9 -                        5   0   -9 Ci         1   0   0  1610 -9.0 -9.00 -9   4.6   7.6   6.6   7.6   7.6  -9 -9.0 -9  3  2
202603240600 108   5  2.7  -9 -9.0   -9 1009.3 1019.8  5  -0.2   8.5  -0.8  52.0   5.8   -9.0   -9.0   -9.0   -9.0   -9.0   -9.0   -9.0 -9 -9 -                        6   0   -9 Ci         1   0   0  1623 -9.0 -9.00 -9   4.5   7.4   6.4   7.5   7.7  -9 -9.0 -9  3  2
202603240700 108   5  2.2  -9 -9.0   -9 1009.3 1019.8 -9  -9.0   8.2  -1.3  51.0   5.6   -9.0   -9.0   -9.0   -9.0   -9.0   -9.0   -9.0 -9 -9 -                        2   0   -9 Ci         1   0   0  1605  0.0  0.03 -9   4.4   7.3   6.3   7.4   7.6  -9 -9.0 -9  3  2
202603240800 108   7  2.5  -9 -9.0   -9 1009.7 1020.1 -9  -9.0   9.7  -1.6  45.0   5.4   -9.0   -9.0   -9.0   -9.0   -9.0   -9.0   -9.0 -9 -9 -                        8   0   -9 Ci         1   0   0  1662  0.7  0.39 -9   7.3   7.5   6.2   7.2   7.4  -9 -9.0 -9  3  2
202603240900 108  11  2.5  -9 -9.0   -9 1009.8 1020.2  2   0.4  12.0  -1.5  39.0   5.5   -9.0   -9.0   -9.0   -9.0   -9.0   -9.0   -9.0 -9 -9 -                        4   0   -9 Ci         1   0   0  1599  0.9  0.97 -9  14.1   8.5   6.5   7.4   7.5  -9 -9.0 -9  3  2
202603241000 108   7  2.5  -9 -9.0   -9 1009.7 1020.0 -9  -9.0  14.2  -1.0  35.0   5.7   -9.0   -9.0   -9.0   -9.0   -9.0   -9.0   -9.0 -9 -9 -                        3   0   -9 Ci         1   0   0  1578  1.0  1.87 -9  20.3  10.0   7.0   7.2   7.5  -9 -9.0 -9  3  2
202603241100 108  16  1.8  -9 -9.0   -9 1008.9 1019.1 -9  -9.0  16.2   0.7  35.0   6.4   -9.0   -9.0   -9.0   -9.0   -9.0   -9.0   -9.0 -9 -9 -                        3   0   -9 Ci         1   0   0  1420  1.0  2.48 -9  26.6  11.7   7.6   7.2   7.4  -9 -9.0 -9  3  2
202603241200 108  23  3.2  -9 -9.0   -9 1008.1 1018.3  7  -1.9  16.7   1.1  35.0   6.6   -9.0   -9.0   -9.0   -9.0   -9.0   -9.0   -9.0 -9 -9 -                        5   5   49 Ac         0   3   0  1666  1.0  2.77 -9  27.4  13.4   8.5   7.2   7.2  -9 -9.0 -9  3  2
202603241300 108  20  4.1  -9 -9.0   -9 1007.9 1018.0 -9  -9.0  17.9   0.9  32.0   6.5   -9.0   -9.0   -9.0   -9.0   -9.0   -9.0   -9.0 -9 -9 -                        2   2   48 Ac         0   3   0  2121  1.0  3.16 -9  32.4  14.6   9.4   7.4   7.2  -9 -9.0 -9  3  2
202603241400 108  27  3.2  -9 -9.0   -9 1007.1 1017.2 -9  -9.0  17.6  -0.2  30.0   6.0   -9.0   -9.0   -9.0   -9.0   -9.0   -9.0   -9.0 -9 -9 -                        9   0   -9 Ci         2   0   0  1907  0.9  2.81 -9  26.7  15.5  10.3   7.7   7.3  -9 -9.0 -9  3  2
202603241500 108  25  3.1  -9 -9.0   -9 1006.4 1016.5  7  -1.8  18.0  -0.3  29.0   6.0   -9.0   -9.0   -9.0   -9.0   -9.0   -9.0   -9.0 -9 -9 -                        7   0   -9 Ci         2   0   0  1837  0.8  2.36 -9  28.4  15.5  10.9   8.1   7.4  -9 -9.0 -9  3  2
202603241600 108  25  3.1  -9 -9.0   -9 1006.2 1016.3 -9  -9.0  16.6  -0.1  32.0   6.1   -9.0   -9.0   -9.0   -9.0   -9.0   -9.0   -9.0 -9 -9 -                        8   0   -9 Ci         2   0   0  1872  0.2  1.21 -9  20.5  15.1  11.3   8.6   7.7  -9 -9.0 -9  3  2
202603241700 108  27  3.5  -9 -9.0   -9 1005.8 1016.0 -9  -9.0  15.7   2.8  42.0   7.5   -9.0   -9.0   -9.0   -9.0   -9.0   -9.0   -9.0 -9 -9 -                        8   0   -9 Ci         1   0   0  1372  0.1  0.83 -9  18.0  14.5  11.3   8.9   8.0  -9 -9.0 -9  3  2
202603241800 108  29  4.0  -9 -9.0   -9 1005.9 1016.1  5  -0.4  14.6   4.5  51.0   8.4   -9.0   -9.0   -9.0   -9.0   -9.0   -9.0   -9.0 -9 -9 -                        9   0   -9 Ci         2   0   0  1550  0.1  0.42 -9  14.4  13.7  11.0   8.9   7.9  -9 -9.0 -9  3  2
202603241900 108  23  2.0  -9 -9.0   -9 1005.9 1016.2 -9  -9.0  13.7   4.5  54.0   8.4   -9.0   -9.0   -9.0   -9.0   -9.0   -9.0   -9.0 -9 -9 -                       10  10   45 -         -9  -9  -9  1897  0.0  0.09 -9  12.0  12.8  10.4   8.7   7.8  -9 -9.0 -9  3 -9
202603242000 108  27  1.8  -9 -9.0   -9 1006.0 1016.3 -9  -9.0  13.0   4.1  55.0   8.2   -9.0   -9.0   -9.0   -9.0   -9.0   -9.0   -9.0 -9 -9 -                        7   7   42 -         -9  -9  -9  1443 -9.0 -9.00 -9  10.6  12.1  10.0   8.9   7.9  -9 -9.0 -9  3 -9
202603242100 108  32  2.0  -9 -9.0   -9 1005.9 1016.2  0   0.1  12.6   5.0  60.0   8.7   -9.0   -9.0   -9.0   -9.0   -9.0   -9.0   -9.0 -9 -9 -                        8   8   42 Ac         0   3   0  1464 -9.0 -9.00 -9  10.2  11.6   9.7   9.0   8.0  -9 -9.0 -9  3  2
202603242200 108  27  1.0  -9 -9.0   -9 1006.0 1016.3 -9  -9.0  12.1   4.5  60.0   8.4   -9.0   -9.0   -9.0   -9.0   -9.0   -9.0   -9.0 -9 -9 -                        8   8   40 -         -9  -9  -9  1400 -9.0 -9.00 -9   9.4  11.2   9.4   9.0   8.3  -9 -9.0 -9  3 -9
202603242300 108  27  1.3  -9 -9.0   -9 1005.9 1016.2 -9  -9.0  11.6   4.5  62.0   8.4   -9.0   -9.0   -9.0   -9.0   -9.0   -9.0   -9.0 -9 -9 -                        7   7   42 -         -9  -9  -9  1363 -9.0 -9.00 -9   8.8  10.8   9.1   8.9   8.3  -9 -9.0 -9  3 -9
202603250000 108  27  0.6  -9 -9.0   -9 1005.5 1015.8  8  -0.4  11.2   4.4  63.0   8.4   -9.0   -9.0   -9.0   -9.0   -9.0   -9.0   -9.0 -9 -9 -                        8   8   39 Ac         0   3   0  1313 -9.0 -9.00 -9   8.6  10.5   8.9   8.8   8.3  -9 -9.0 -9  3  2
202603250100 108  34  0.8  -9 -9.0   -9 1005.4 1015.8 -9  -9.0  11.0   4.2  63.0   8.2   -9.0   -9.0   -9.0   -9.0   -9.0   -9.0   -9.0 -9 -9 -                        9   9   41 -         -9  -9  -9  1363 -9.0 -9.00 -9   8.3  10.2   8.7   8.8   8.4  -9 -9.0 -9  3 -9
202603250200 108  27  1.3  -9 -9.0   -9 1005.0 1015.4 -9  -9.0  10.7   4.3  65.0   8.3   -9.0   -9.0   -9.0   -9.0   -9.0   -9.0   -9.0 -9 -9 -                        9   9   38 -         -9  -9  -9  1412 -9.0 -9.00 -9   8.0  10.0   8.5   8.7   8.4  -9 -9.0 -9  3 -9
202603250300 108  25  0.7  -9 -9.0   -9 1004.5 1014.9  7  -0.9  10.2   4.5  68.0   8.4   -9.0   -9.0   -9.0   -9.0   -9.0   -9.0   -9.0 -9 -9 -                        9   9   40 Ac         0   3   0  1413 -9.0 -9.00 -9   7.8   9.7   8.3   8.5   8.3  -9 -9.0 -9  3  2
202603250400 108  27  1.4  -9 -9.0   -9 1004.2 1014.6 -9  -9.0  10.1   4.4  68.0   8.4   -9.0   -9.0   -9.0   -9.0   -9.0   -9.0   -9.0 -9 -9 -                        8   4   42 AcCi       1   3   0  1388 -9.0 -9.00 -9   7.3   9.5   8.1   8.5   8.3  -9 -9.0 -9  3  2
202603250500 108  27  1.3  -9 -9.0   -9 1004.4 1014.8 -9  -9.0   9.6   4.1  69.0   8.2   -9.0   -9.0   -9.0   -9.0   -9.0   -9.0   -9.0 -9 -9 -                        8   5   44 AcCi       1   3   0  1433 -9.0 -9.00 -9   6.9   9.2   8.1   8.6   8.4  -9 -9.0 -9  3  2
202603250600 108  25  1.4  -9 -9.0   -9 1004.7 1015.1  3   0.2   9.0   4.2  72.0   8.2   -9.0   -9.0   -9.0   -9.0   -9.0   -9.0   -9.0 -9 -9 -                        6   0   -9 Ci         1   0   0  1370 -9.0 -9.00 -9   5.7   8.9   7.8   8.4   8.3  -9 -9.0 -9  3  2
202603250700 108  27  1.0  -9 -9.0   -9 1004.9 1015.3 -9  -9.0   8.8   4.0  72.0   8.1   -9.0   -9.0   -9.0   -9.0   -9.0   -9.0   -9.0 -9 -9 -                        3   2    7 ScCi       1   0   5  1260  0.0  0.01 -9   5.7   8.6   7.6   8.3   8.3  -9 -9.0 -9  3  2
202603250800 108  27  1.8  -9 -9.0   -9 1005.0 1015.4 -9  -9.0   9.9   5.0  72.0   8.7   -9.0   -9.0   -9.0   -9.0   -9.0   -9.0   -9.0 -9 -9 -                        2   0   -9 Ci         1   0   0  1410  0.8  0.46 -9   8.6   8.8   7.5   8.3   8.3  -9 -9.0 -9  3  2
202603250900 108  32  2.6  -9 -9.0   -9 1005.2 1015.5  2   0.4  12.2   6.2  67.0   9.5   -9.0   -9.0   -9.0   -9.0   -9.0   -9.0   -9.0 -9 -9 -                        2   0   -9 Ci         1   0   0  1672  1.0  1.13 -9  16.4   9.6   7.6   8.2   8.3  -9 -9.0 -9  3  2
202603251000 108  27  2.5  -9 -9.0   -9 1005.2 1015.4 -9  -9.0  13.8   5.9  59.0   9.3   -9.0   -9.0   -9.0   -9.0   -9.0   -9.0   -9.0 -9 -9 -                        2   0   -9 Ci         1   0   0  1717  1.0  1.99 -9  22.8  11.2   8.0   8.1   8.1  -9 -9.0 -9  3  2
202603251100 108  32  2.8  -9 -9.0   -9 1004.9 1015.1 -9  -9.0  14.7   5.2  53.0   8.8   -9.0   -9.0   -9.0   -9.0   -9.0   -9.0   -9.0 -9 -9 -                        3   0   -9 Ci         1   0   0  1769  1.0  2.38 -9  26.7  12.4   8.6   8.1   8.0  -9 -9.0 -9  3  2
202603251200 108  29  1.7  -9 -9.0   -9 1004.1 1014.2  7  -1.3  16.8   6.3  50.0   9.5   -9.0   -9.0   -9.0   -9.0   -9.0   -9.0   -9.0 -9 -9 -                        1   0   -9 Ci         1   0   0  1679  1.0  2.94 -9  31.5  13.9   9.4   8.2   8.1  -9 -9.0 -9  3  2
202603251300 108  20  3.3  -9 -9.0   -9 1003.6 1013.7 -9  -9.0  18.1   4.6  41.0   8.5   -9.0   -9.0   -9.0   -9.0   -9.0   -9.0   -9.0 -9 -9 -                        0   0   -9 -         -9  -9  -9  1614  1.0  3.06 -9  32.6  15.5  10.3   8.3   8.1  -9 -9.0 -9  3  2
202603251400 108  23  2.7  -9 -9.0   -9 1002.7 1012.7 -9  -9.0  19.1   1.9  32.0   7.0   -9.0   -9.0   -9.0   -9.0   -9.0   -9.0   -9.0 -9 -9 -                        0   0   -9 -         -9  -9  -9  2295  1.0  3.00 -9  33.5  16.4  11.2   8.6   8.1  -9 -9.0 -9  3  2
202603251500 108  27  4.6  -9 -9.0   -9 1002.5 1012.5  7  -1.7  19.1   2.8  34.0   7.5   -9.0   -9.0   -9.0   -9.0   -9.0   -9.0   -9.0 -9 -9 -                        0   0   -9 -         -9  -9  -9  1739  1.0  2.66 -9  30.9  16.8  11.9   8.9   8.2  -9 -9.0 -9  3  2
202603251600 108  25  4.7  -9 -9.0   -9 1002.5 1012.5 -9  -9.0  18.8   3.3  36.0   7.7   -9.0   -9.0   -9.0   -9.0   -9.0   -9.0   -9.0 -9 -9 -                        0   0   -9 -         -9  -9  -9  1911  1.0  2.12 -9  26.3  16.5  12.3   9.3   8.4  -9 -9.0 -9  3  2
202603251700 108  25  5.3  -9 -9.0   -9 1002.8 1012.9 -9  -9.0  17.0   4.6  44.0   8.5   -9.0   -9.0   -9.0   -9.0   -9.0   -9.0   -9.0 -9 -9 -                        0   0   -9 -         -9  -9  -9  1634  1.0  1.40 -9  20.3  15.8  12.5   9.8   8.7  -9 -9.0 -9  3  2
202603251800 108  27  3.5  -9 -9.0   -9 1003.1 1013.3  2   0.8  15.5   2.6  42.0   7.4   -9.0   -9.0   -9.0   -9.0   -9.0   -9.0   -9.0 -9 -9 -                        0   0   -9 -         -9  -9  -9  2604  1.0  0.61 -9  15.0  14.8  12.3  10.1   8.9  -9 -9.0 -9  3  2
202603251900 108  27  2.3  -9 -9.0   -9 1003.7 1013.9 -9  -9.0  13.4   2.5  48.0   7.3   -9.0   -9.0   -9.0   -9.0   -9.0   -9.0   -9.0 -9 -9 -                        0   0   -9 -         -9  -9  -9  2335  0.1  0.11 -9  11.6  13.7  11.6   9.9   8.8  -9 -9.0 -9  3 -9
202603252000 108  25  2.5  -9 -9.0   -9 1004.5 1014.8 -9  -9.0  11.6   3.1  56.0   7.6   -9.0   -9.0   -9.0   -9.0   -9.0   -9.0   -9.0 -9 -9 -                        0   0   -9 -         -9  -9  -9  1751 -9.0 -9.00 -9   9.8  12.7  11.3  10.2   9.2  -9 -9.0 -9  3 -9
202603252100 108  25  2.7  -9 -9.0   -9 1005.0 1015.4  2   2.1  10.5   3.2  61.0   7.7   -9.0   -9.0   -9.0   -9.0   -9.0   -9.0   -9.0 -9 -9 -                        0   0   -9 -         -9  -9  -9  1538 -9.0 -9.00 -9   8.8  12.0  10.7  10.2   9.3  -9 -9.0 -9  3  2
202603252200 108  27  1.5  -9 -9.0   -9 1005.5 1015.9 -9  -9.0  10.0   3.2  63.0   7.7   -9.0   -9.0   -9.0   -9.0   -9.0   -9.0   -9.0 -9 -9 -                        0   0   -9 -         -9  -9  -9  1476 -9.0 -9.00 -9   7.8  11.3  10.3  10.2   9.4  -9 -9.0 -9  3 -9
202603252300 108  27  1.6  -9 -9.0   -9 1006.0 1016.4 -9  -9.0   9.6   2.6  62.0   7.4   -9.0   -9.0   -9.0   -9.0   -9.0   -9.0   -9.0 -9 -9 -                        0   0   -9 -         -9  -9  -9  1480 -9.0 -9.00 -9   7.2  10.8   9.9  10.2   9.6  -9 -9.0 -9  3 -9
202603260000 108  25  1.8  -9 -9.0   -9 1005.9 1016.3  0   0.9   9.2   3.3  67.0   7.7   -9.0   -9.0   -9.0   -9.0   -9.0   -9.0   -9.0 -9 -9 -                        0   0   -9 -         -9  -9  -9  1151 -9.0 -9.00 -9   6.8  10.4   9.5  10.0   9.5  -9 -9.0 -9  3  2
202603260100 108  27  1.4  -9 -9.0   -9 1005.8 1016.2 -9  -9.0   9.0   4.0  71.0   8.1   -9.0   -9.0   -9.0   -9.0   -9.0   -9.0   -9.0 -9 -9 40                       0   0   -9 -         -9  -9  -9   885 -9.0 -9.00 -9   6.4  10.0   9.2   9.9   9.6  -9 -9.0 -9  3  2
202603260200 108  25  2.4  -9 -9.0   -9 1006.4 1016.9 -9  -9.0   8.7   5.2  79.0   8.8   -9.0   -9.0   -9.0   -9.0   -9.0   -9.0   -9.0 -9 -9 4019                     0   0   -9 -         -9  -9  -9   554 -9.0 -9.00 -9   6.4   9.7   8.9   9.8   9.5  -9 -9.0 -9  3  2
202603260300 108  25  1.7  -9 -9.0   -9 1005.9 1016.4  0   0.1   8.2   5.3  82.0   8.9   -9.0   -9.0   -9.0   -9.0   -9.0   -9.0   -9.0 10  0 19                       0   0   -9 -         -9  -9  -9   465 -9.0 -9.00 -9   5.8   9.4   8.6   9.5   9.4  -9 -9.0 -9  3  1
202603260400 108  27  1.2  -9 -9.0   -9 1006.0 1016.5 -9  -9.0   7.7   4.8  82.0   8.6   -9.0   -9.0   -9.0   -9.0   -9.0   -9.0   -9.0 10  0 19                       0   0   -9 -         -9  -9  -9   411 -9.0 -9.00 -9   5.2   9.0   8.3   9.2   9.2  -9 -9.0 -9  3  1
202603260500 108  27  1.5  -9 -9.0   -9 1006.1 1016.6 -9  -9.0   7.3   5.1  86.0   8.8   -9.0   -9.0   -9.0   -9.0   -9.0   -9.0   -9.0 10  0 19                       0   0   -9 -         -9  -9  -9   436 -9.0 -9.00 -9   4.9   8.7   8.1   9.2   9.1  -9 -9.0 -9  3  1
202603260600 108  25  1.3  -9 -9.0   -9 1006.3 1016.8  2   0.4   6.8   4.1  83.0   8.2   -9.0   -9.0   -9.0   -9.0   -9.0   -9.0   -9.0 10  0 19                       0   0   -9 -         -9  -9  -9   469 -9.0 -9.00 -9   4.5   8.4   7.8   9.0   9.0  -9 -9.0 -9  3  1
202603260700 108  25  1.5  -9 -9.0   -9 1006.3 1016.8 -9  -9.0   6.7   4.5  86.0   8.4   -9.0   -9.0   -9.0   -9.0   -9.0   -9.0   -9.0 10  0 19                       0   0   -9 -         -9  -9  -9   448  0.0  0.03 -9   5.1   8.2   7.6   8.8   8.9  -9 -9.0 -9  3  1
202603260800 108   2  0.8  -9 -9.0   -9 1006.6 1017.1 -9  -9.0   7.5   5.1  85.0   8.8   -9.0   -9.0   -9.0   -9.0   -9.0   -9.0   -9.0 10  0 19                       0   0   -9 -         -9  -9  -9   497  0.2  0.37 -9   8.6   8.4   7.4   8.7   8.8  -9 -9.0 -9  3  1
202603260900 108   2  1.0  -9 -9.0   -9 1006.4 1016.8  4   0.0  10.0   5.7  75.0   9.2   -9.0   -9.0   -9.0   -9.0   -9.0   -9.0   -9.0 10  0 19                       0   0   -9 -         -9  -9  -9   523  1.0  0.95 -9  14.2   9.3   7.7   8.7   8.9  -9 -9.0 -9  3  1
202603261000 108  18  1.5  -9 -9.0   -9 1006.2 1016.5 -9  -9.0  12.4   5.9  65.0   9.3   -9.0   -9.0   -9.0   -9.0   -9.0   -9.0   -9.0  5  0 4019                     0   0   -9 -         -9  -9  -9   603  1.0  1.70 -9  20.1  10.9   8.0   8.5   8.8  -9 -9.0 -9  3  1
202603261100 108  18  2.8  -9 -9.0   -9 1005.9 1016.1 -9  -9.0  14.7   5.4  54.0   9.0   -9.0   -9.0   -9.0   -9.0   -9.0   -9.0   -9.0  5  0 40                       0   0   -9 -         -9  -9  -9   712  1.0  2.39 -9  25.7  12.8   8.7   8.4   8.5  -9 -9.0 -9  3  1
202603261200 108  27  2.7  -9 -9.0   -9 1005.2 1015.3  7  -1.5  16.4   3.7  43.0   8.0   -9.0   -9.0   -9.0   -9.0   -9.0   -9.0   -9.0  5  0 40                       0   0   -9 -         -9  -9  -9   855  1.0  2.78 -9  30.3  14.4   9.6   8.4   8.4  -9 -9.0 -9  3  1
202603261300 108  25  3.4  -9 -9.0   -9 1004.4 1014.5 -9  -9.0  17.6   4.1  41.0   8.2   -9.0   -9.0   -9.0   -9.0   -9.0   -9.0   -9.0  5  0 40                       0   0   -9 -         -9  -9  -9   726  1.0  3.04 -9  33.0  15.5  10.5   8.6   8.4  -9 -9.0 -9  3  1
202603261400 108  25  3.6  -9 -9.0   -9 1003.6 1013.6 -9  -9.0  18.7   5.1  41.0   8.8   -9.0   -9.0   -9.0   -9.0   -9.0   -9.0   -9.0  5  0 40                       0   0   -9 -         -9  -9  -9   502  1.0  2.98 -9  33.0  16.4  11.3   8.8   8.4  -9 -9.0 -9  3  1
202603261500 108  25  3.8  -9 -9.0   -9 1003.1 1013.1  7  -2.2  19.2   4.1  37.0   8.2   -9.0   -9.0   -9.0   -9.0   -9.0   -9.0   -9.0  5  0 40                       0   0   -9 -         -9  -9  -9   725  1.0  2.67 -9  31.3  16.8  12.0   9.2   8.6  -9 -9.0 -9  3  1
202603261600 108  25  3.2  -9 -9.0   -9 1003.1 1013.1 -9  -9.0  19.2   2.0  32.0   7.1   -9.0   -9.0   -9.0   -9.0   -9.0   -9.0   -9.0  5  0 40                       0   0   -9 -         -9  -9  -9   899  1.0  2.15 -9  26.5  16.7  12.4   9.5   8.8  -9 -9.0 -9  3  1
202603261700 108  25  3.5  -9 -9.0   -9 1003.2 1013.2 -9  -9.0  18.2   2.8  36.0   7.5   -9.0   -9.0   -9.0   -9.0   -9.0   -9.0   -9.0  5  0 40                       0   0   -9 -         -9  -9  -9   900  1.0  1.43 -9  21.3  16.1  12.6  10.0   8.9  -9 -9.0 -9  3  1
202603261800 108  25  2.9  -9 -9.0   -9 1003.4 1013.5  2   0.4  16.6   3.2  41.0   7.7   -9.0   -9.0   -9.0   -9.0   -9.0   -9.0   -9.0  5  0 40                       0   0   -9 -         -9  -9  -9   787  1.0  0.67 -9  15.4  15.2  12.6  10.4   9.3  -9 -9.0 -9  3  1
202603261900 108  27  2.9  -9 -9.0   -9 1003.6 1013.8 -9  -9.0  14.6   3.0  46.0   7.6   -9.0   -9.0   -9.0   -9.0   -9.0   -9.0   -9.0 -9 -9 40                       0   0   -9 -         -9  -9  -9   899  0.2  0.11 -9  12.0  14.0  12.2  10.6   9.6  -9 -9.0 -9  3  2
202603262000 108  27  2.7  -9 -9.0   -9 1004.2 1014.5 -9  -9.0  12.8   3.7  54.0   8.0   -9.0   -9.0   -9.0   -9.0   -9.0   -9.0   -9.0 -9 -9 40                       0   0   -9 -         -9  -9  -9  1132 -9.0 -9.00 -9  10.3  13.1  11.3  10.2   9.1  -9 -9.0 -9  3  2
202603262100 108  25  2.5  -9 -9.0   -9 1005.1 1015.4  2   1.9  11.3   4.0  61.0   8.1   -9.0   -9.0   -9.0   -9.0   -9.0   -9.0   -9.0  5  0 40                       0   0   -9 -         -9  -9  -9   973 -9.0 -9.00 -9   9.0  12.3  10.7  10.1   9.2  -9 -9.0 -9  3  1
202603262200 108  27  1.5  -9 -9.0   -9 1005.5 1015.9 -9  -9.0  10.0   4.5  69.0   8.4   -9.0   -9.0   -9.0   -9.0   -9.0   -9.0   -9.0 -9 -9 40                       0   0   -9 -         -9  -9  -9   778 -9.0 -9.00 -9   7.9  11.6  10.3  10.2   9.4  -9 -9.0 -9  3  2
202603262300 108  25  1.6  -9 -9.0   -9 1005.6 1016.0 -9  -9.0   9.0   4.2  72.0   8.2   -9.0   -9.0   -9.0   -9.0   -9.0   -9.0   -9.0 -9 -9 40                       0   0   -9 -         -9  -9  -9   637 -9.0 -9.00 -9   7.0  11.0   9.8  10.1   9.4  -9 -9.0 -9  3  2
202603270000 108  25  2.2  -9 -9.0   -9 1005.9 1016.4  2   1.0   8.2   4.3  77.0   8.3   -9.0   -9.0   -9.0   -9.0   -9.0   -9.0   -9.0  5  0 40                       0   0   -9 -         -9  -9  -9   513 -9.0 -9.00 -9   6.5  10.4   9.4  10.0   9.5  -9 -9.0 -9  3  1
202603270100 108  25  1.4  -9 -9.0   -9 1005.4 1015.9 -9  -9.0   7.7   4.4  80.0   8.4   -9.0   -9.0   -9.0   -9.0   -9.0   -9.0   -9.0 -9 -9 4019                     0   0   -9 -         -9  -9  -9   441 -9.0 -9.00 -9   5.9   9.9   9.0   9.8   9.5  -9 -9.0 -9  3  2
202603270200 108  27  2.7  -9 -9.0   -9 1005.2 1015.7 -9  -9.0   7.4   4.8  84.0   8.6   -9.0   -9.0   -9.0   -9.0   -9.0   -9.0   -9.0 -9 -9 19                       0   0   -9 -         -9  -9  -9   398 -9.0 -9.00 -9   5.8   9.6   8.7   9.7   9.5  -9 -9.0 -9  3  2
202603270300 108  27  0.7  -9 -9.0   -9 1005.0 1015.5  7  -0.9   6.9   4.2  83.0   8.2   -9.0   -9.0   -9.0   -9.0   -9.0   -9.0   -9.0 10  0 19                       0   0   -9 -         -9  -9  -9   337 -9.0 -9.00 -9   5.5   9.3   8.4   9.5   9.5  -9 -9.0 -9  3  1
202603270400 108  27  0.5  -9 -9.0   -9 1004.8 1015.3 -9  -9.0   6.4   3.7  83.0   8.0   -9.0   -9.0   -9.0   -9.0   -9.0   -9.0   -9.0 10  0 19                       0   0   -9 -         -9  -9  -9   322 -9.0 -9.00 -9   5.1   9.0   8.1   9.3   9.2  -9 -9.0 -9  3  1
202603270500 108  27  0.7  -9 -9.0   -9 1004.7 1015.2 -9  -9.0   6.3   4.1  86.0   8.2   -9.0   -9.0   -9.0   -9.0   -9.0   -9.0   -9.0 10  0 19                       0   0   -9 -         -9  -9  -9   241 -9.0 -9.00 -9   5.1   8.7   7.9   9.1   9.2  -9 -9.0 -9  3  1
202603270600 108   0  0.0  -9 -9.0   -9 1004.9 1015.4  5  -0.1   6.0   3.8  86.0   8.0   -9.0   -9.0   -9.0   -9.0   -9.0   -9.0   -9.0 10  0 19                       0   0   -9 -         -9  -9  -9   255 -9.0 -9.00 -9   4.6   8.5   7.7   9.0   9.1  -9 -9.0 -9  3  1
202603270700 108   0  0.2  -9 -9.0   -9 1005.2 1015.8 -9  -9.0   5.9   3.7  86.0   8.0   -9.0   -9.0   -9.0   -9.0   -9.0   -9.0   -9.0 10  0 19                       0   0   -9 -         -9  -9  -9   253  0.0  0.00 -9   5.3   8.2   7.4   8.8   9.0  -9 -9.0 -9  3  1
202603270800 108   0  0.2  -9 -9.0   -9 1005.3 1015.8 -9  -9.0   6.9   4.8  87.0   8.6   -9.0   -9.0   -9.0   -9.0   -9.0   -9.0   -9.0 10  0 19                       0   0   -9 -         -9  -9  -9   273  0.0  0.01 -9   8.6   8.4   7.3   8.7   8.9  -9 -9.0 -9  3  1
202603270900 108  20  0.7  -9 -9.0   -9 1005.0 1015.4  0   0.0   8.9   5.9  82.0   9.3   -9.0   -9.0   -9.0   -9.0   -9.0   -9.0   -9.0 10  0 19                       0   0   -9 -         -9  -9  -9   284  0.0  0.01 -9  13.5   9.4   7.4   8.4   8.8  -9 -9.0 -9  3  1
202603271000 108  18  1.0  -9 -9.0   -9 1004.8 1015.1 -9  -9.0  11.7   6.4  70.0   9.6   -9.0   -9.0   -9.0   -9.0   -9.0   -9.0   -9.0 10  0 19                       0   0   -9 -         -9  -9  -9   368  0.0  0.01 -9  19.2  10.9   7.9   8.3   8.6  -9 -9.0 -9  3  1
202603271100 108  25  1.1  -9 -9.0   -9 1004.5 1014.8 -9  -9.0  13.4   6.4  63.0   9.6   -9.0   -9.0   -9.0   -9.0   -9.0   -9.0   -9.0  5  0 4019                     0   0   -9 -         -9  -9  -9   389  0.2  0.49 -9  24.4  12.6   8.9   8.7   8.9  -9 -9.0 -9  3  1
202603271200 108  27  2.6  -9 -9.0   -9 1004.0 1014.2  7  -1.2  15.2   6.9  58.0   9.9   -9.0   -9.0   -9.0   -9.0   -9.0   -9.0   -9.0  5  0 40                       0   0   -9 -         -9  -9  -9   409  1.0  2.60 -9  28.7  14.2   9.7   8.7   8.8  -9 -9.0 -9  3  1
202603271300 108  20  2.9  -9 -9.0   -9 1003.1 1013.2 -9  -9.0  16.3   6.9  54.0   9.9   -9.0   -9.0   -9.0   -9.0   -9.0   -9.0   -9.0  5  0 40                       0   0   -9 -         -9  -9  -9   391  1.0  2.71 -9  30.0  15.4  10.6   8.8   8.7  -9 -9.0 -9  3  1
202603271400 108  25  2.7  -9 -9.0   -9 1002.2 1012.3 -9  -9.0  17.5   6.6  49.0   9.7   -9.0   -9.0   -9.0   -9.0   -9.0   -9.0   -9.0  5  0 40                       0   0   -9 -         -9  -9  -9   476  1.0  2.60 -9  30.4  16.3  11.3   9.0   8.7  -9 -9.0 -9  3  1
202603271500 108  23  2.8  -9 -9.0   -9 1001.5 1011.5  7  -2.7  18.0   5.8  45.0   9.2   -9.0   -9.0   -9.0   -9.0   -9.0   -9.0   -9.0  5  0 40                       0   0   -9 -         -9  -9  -9   634  1.0  2.34 -9  28.5  16.8  12.0   9.4   8.8  -9 -9.0 -9  3  1
202603271600 108  27  3.5  -9 -9.0   -9 1001.1 1011.1 -9  -9.0  17.8   5.6  45.0   9.1   -9.0   -9.0   -9.0   -9.0   -9.0   -9.0   -9.0  5  0 40                       0   0   -9 -         -9  -9  -9   730  1.0  1.85 -9  25.4  16.6  12.4   9.7   8.9  -9 -9.0 -9  3  1
202603271700 108  27  3.5  -9 -9.0   -9 1001.3 1011.4 -9  -9.0  17.3   4.9  44.0   8.7   -9.0   -9.0   -9.0   -9.0   -9.0   -9.0   -9.0  5  0 40                       0   0   -9 -         -9  -9  -9   913  1.0  1.33 -9  20.7  16.0  12.6  10.1   9.2  -9 -9.0 -9  3  1
202603271800 108  27  2.5  -9 -9.0   -9 1001.4 1011.5  5   0.0  16.0   4.9  48.0   8.7   -9.0   -9.0   -9.0   -9.0   -9.0   -9.0   -9.0  5  0 40                       0   0   -9 -         -9  -9  -9   901  1.0  0.61 -9  15.3  15.1  12.6  10.5   9.5  -9 -9.0 -9  3  1
202603271900 108  27  4.4  -9 -9.0   -9 1001.9 1012.1 -9  -9.0  14.0   4.0  51.0   8.1   -9.0   -9.0   -9.0   -9.0   -9.0   -9.0   -9.0 -9 -9 40                       0   0   -9 -         -9  -9  -9   903  0.2  0.12 -9  11.9  13.9  12.2  10.7   9.8  -9 -9.0 -9  3  2
202603272000 108  25  3.6  -9 -9.0   -9 1002.3 1012.6 -9  -9.0  12.7   4.3  57.0   8.3   -9.0   -9.0   -9.0   -9.0   -9.0   -9.0   -9.0 -9 -9 40                       1   0   -9 -         -9  -9  -9   865 -9.0 -9.00 -9  10.3  13.0  11.7  10.8   9.9  -9 -9.0 -9  3  2
202603272100 108  27  3.3  -9 -9.0   -9 1003.0 1013.3  2   1.8  11.4   5.0  65.0   8.7   -9.0   -9.0   -9.0   -9.0   -9.0   -9.0   -9.0  5  0 40                       0   0   -9 -         -9  -9  -9   654 -9.0 -9.00 -9   9.3  12.3  11.2  10.9  10.0  -9 -9.0 -9  3  1
202603272200 108  27  2.2  -9 -9.0   -9 1003.7 1014.1 -9  -9.0  10.6   5.5  71.0   9.0   -9.0   -9.0   -9.0   -9.0   -9.0   -9.0   -9.0 -9 -9 40                       0   0   -9 -         -9  -9  -9   560 -9.0 -9.00 -9   8.3  11.7  10.8  10.8  10.1  -9 -9.0 -9  3  2
202603272300 108  27  1.9  -9 -9.0   -9 1003.8 1014.2 -9  -9.0  10.0   5.5  74.0   9.0   -9.0   -9.0   -9.0   -9.0   -9.0   -9.0   -9.0 -9 -9 40                       0   0   -9 -         -9  -9  -9   480 -9.0 -9.00 -9   7.5  11.1  10.4  10.7  10.2  -9 -9.0 -9  3  2
202603280000 108  27  2.7  -9 -9.0   -9 1004.3 1014.7  2   1.4   8.7   5.7  82.0   9.2   -9.0   -9.0   -9.0   -9.0   -9.0   -9.0   -9.0 10  0 4019                     0   0   -9 -         -9  -9  -9   364 -9.0 -9.00 -9   6.8  10.6   9.9  10.5  10.0  -9 -9.0 -9  3  1
202603280100 108  25  3.6  -9 -9.0   -9 1004.7 1015.2 -9  -9.0   7.3   5.7  90.0   9.2   -9.0   -9.0   -9.0   -9.0   -9.0   -9.0   -9.0 -9 -9 19                       4   4   -9 -         -9  -9  -9   121 -9.0 -9.00 -9   7.4  10.2   9.6  10.4  10.1  -9 -9.0 -9  3  2
202603280200 108  23  2.5  -9 -9.0   -9 1005.0 1015.5 -9  -9.0   7.2   5.9  92.0   9.3   -9.0   -9.0   -9.0   -9.0   -9.0   -9.0   -9.0 -9 -9 19                       4   4    1 -         -9  -9  -9   121 -9.0 -9.00 -9   8.4  10.3   9.4  10.3   9.9  -9 -9.0 -9  3  2
202603280300 108  27  1.5  -9 -9.0   -9 1004.8 1015.3  0   0.6   7.1   5.7  91.0   9.2   -9.0   -9.0   -9.0   -9.0   -9.0   -9.0   -9.0 10 11 19                      10  10    2 St        -9  -9   6   150 -9.0 -9.00 -9   8.4  10.2   9.2  10.1  10.0  -9 -9.0 -9  3  1
202603280400 108  29  1.6  -9 -9.0   -9 1005.0 1015.5 -9  -9.0   7.1   5.7  91.0   9.2   -9.0   -9.0   -9.0   -9.0   -9.0   -9.0   -9.0 10 22 19                      10  10    2 St        -9  -9   6   210 -9.0 -9.00 -9   8.1  10.1   9.1  10.0   9.9  -9 -9.0 -9  3  1
202603280500 108  29  1.6  -9 -9.0   -9 1005.1 1015.6 -9  -9.0   7.0   5.4  90.0   9.0   -9.0   -9.0   -9.0   -9.0   -9.0   -9.0   -9.0 10 22 19                       6   6    2 St         0   0   6   236 -9.0 -9.00 -9   6.3   9.8   9.0   9.9   9.8  -9 -9.0 -9  3  1
202603280600 108   0  0.4  -9 -9.0   -9 1005.5 1016.0  2   0.7   6.3   4.6  89.0   8.5   -9.0   -9.0   -9.0   -9.0   -9.0   -9.0   -9.0 10 11 19                       4   4    3 St         0   0   6   261 -9.0 -9.00 -9   5.2   9.3   8.7   9.7   9.8  -9 -9.0 -9  3  1
202603280700 108  32  0.7  -9 -9.0   -9 1006.0 1016.5 -9  -9.0   6.3   5.0  92.0   8.7   -9.0   -9.0   -9.0   -9.0   -9.0   -9.0   -9.0 10 22 19                       7   7    4 St         0   0   6   255  0.0  0.03 -9   6.3   9.0   8.4   9.6   9.6  -9 -9.0 -9  3  1
202603280800 108  25  1.8  -9 -9.0   -9 1006.7 1017.2 -9  -9.0   7.1   5.2  88.0   8.8   -9.0   -9.0   -9.0   -9.0   -9.0   -9.0   -9.0 10 22 19                       8   8    4 St         0   0   6   328  0.0  0.33 -9   9.1   9.2   8.3   9.4   9.6  -9 -9.0 -9  3  1
202603280900 108  23  1.0  -9 -9.0   -9 1006.9 1017.4  2   1.4   8.7   5.7  82.0   9.2   -9.0   -9.0   -9.0   -9.0   -9.0   -9.0   -9.0 10 11 19                       0   0   -9 -         -9  -9  -9   416  0.8  1.09 -9  15.5  10.0   8.4   9.3   9.4  -9 -9.0 -9  3  1
202603281000 108  16  1.3  -9 -9.0   -9 1007.2 1017.5 -9  -9.0  11.8   5.8  67.0   9.2   -9.0   -9.0   -9.0   -9.0   -9.0   -9.0   -9.0  5  0 4019                     0   0   -9 -         -9  -9  -9   525  1.0  1.90 -9  22.1  11.5   8.7   9.2   9.3  -9 -9.0 -9  3  1
202603281100 108  20  2.5  -9 -9.0   -9 1007.0 1017.3 -9  -9.0  14.0   5.6  57.0   9.1   -9.0   -9.0   -9.0   -9.0   -9.0   -9.0   -9.0  5  0 40                       0   0   -9 -         -9  -9  -9   543  1.0  2.56 -9  28.3  13.5   9.4   9.0   9.3  -9 -9.0 -9  3  1
202603281200 108  18  2.9  -9 -9.0   -9 1006.2 1016.4  8  -1.0  16.1   4.1  45.0   8.2   -9.0   -9.0   -9.0   -9.0   -9.0   -9.0   -9.0  5  0 40                       0   0   -9 -         -9  -9  -9   666  1.0  2.96 -9  32.4  15.2  10.3   9.0   9.0  -9 -9.0 -9  3  1
202603281300 108  20  3.0  -9 -9.0   -9 1005.6 1015.7 -9  -9.0  17.7   1.6  34.0   6.9   -9.0   -9.0   -9.0   -9.0   -9.0   -9.0   -9.0  5  0 40                       0   0   -9 -         -9  -9  -9   959  1.0  3.15 -9  35.2  16.5  11.2   9.1   9.1  -9 -9.0 -9  3  1
202603281400 108  20  2.6  -9 -9.0   -9 1004.8 1014.8 -9  -9.0  19.3   1.2  30.0   6.7   -9.0   -9.0   -9.0   -9.0   -9.0   -9.0   -9.0 -9 -9 40                       0   0   -9 -         -9  -9  -9  1153  1.0  3.14 -9  35.5  17.4  12.1   9.5   9.0  -9 -9.0 -9  3  2
202603281500 108  27  2.8  -9 -9.0   -9 1003.9 1013.9  7  -2.5  20.0   0.4  27.0   6.3   -9.0   -9.0   -9.0   -9.0   -9.0   -9.0   -9.0 -9 -9 -                        0   0   -9 -         -9  -9  -9  1168  1.0  2.81 -9  33.4  17.6  12.7   9.8   9.2  -9 -9.0 -9  3  2
202603281600 108  29  3.1  -9 -9.0   -9 1003.6 1013.6 -9  -9.0  19.7   2.0  31.0   7.1   -9.0   -9.0   -9.0   -9.0   -9.0   -9.0   -9.0  5  0 40                       0   0   -9 -         -9  -9  -9   910  1.0  2.16 -9  28.9  17.5  13.2  10.2   9.4  -9 -9.0 -9  3  1
202603281700 108  25  2.0  -9 -9.0   -9 1003.8 1013.8 -9  -9.0  19.8   0.2  27.0   6.2   -9.0   -9.0   -9.0   -9.0   -9.0   -9.0   -9.0 -9 -9 40                       0   0   -9 -         -9  -9  -9  1319  1.0  1.52 -9  23.3  17.0  13.4  10.6   9.6  -9 -9.0 -9  3  2
202603281800 108  25  3.1  -9 -9.0   -9 1003.9 1013.9  5   0.0  18.5   1.0  31.0   6.6   -9.0   -9.0   -9.0   -9.0   -9.0   -9.0   -9.0 -9 -9 -                        0   0   -9 -         -9  -9  -9  1281  1.0  0.74 -9  16.4  16.1  13.4  11.1   9.9  -9 -9.0 -9  3  2
202603281900 108  25  3.0  -9 -9.0   -9 1004.2 1014.3 -9  -9.0  16.3   3.0  41.0   7.6   -9.0   -9.0   -9.0   -9.0   -9.0   -9.0   -9.0 -9 -9 40                       0   0   -9 -         -9  -9  -9   939  0.4  0.14 -9  12.8  14.8  13.0  11.4  10.2  -9 -9.0 -9  3  2
202603282000 108  27  3.6  -9 -9.0   -9 1005.2 1015.4 -9  -9.0  13.8   2.3  46.0   7.2   -9.0   -9.0   -9.0   -9.0   -9.0   -9.0   -9.0 -9 -9 40                       0   0   -9 -         -9  -9  -9  1190 -9.0 -9.00 -9  10.9  13.8  12.5  11.6  10.4  -9 -9.0 -9  3  2
202603282100 108  25  3.1  -9 -9.0   -9 1006.2 1016.5  2   2.6  11.8   2.2  52.0   7.2   -9.0   -9.0   -9.0   -9.0   -9.0   -9.0   -9.0 -9 -9 -                        0   0   -9 -         -9  -9  -9  1428 -9.0 -9.00 -9   9.5  13.0  12.0  11.6  10.6  -9 -9.0 -9  3  2
202603282200 108  25  2.0  -9 -9.0   -9 1006.2 1016.6 -9  -9.0  11.0   0.1  47.0   6.2   -9.0   -9.0   -9.0   -9.0   -9.0   -9.0   -9.0 -9 -9 -                        0   0   -9 -         -9  -9  -9  1723 -9.0 -9.00 -9   8.3  12.2  11.5  11.5  10.8  -9 -9.0 -9  3  2
202603282300 108  27  0.7  -9 -9.0   -9 1005.7 1016.1 -9  -9.0  10.1   0.9  53.0   6.5   -9.0   -9.0   -9.0   -9.0   -9.0   -9.0   -9.0 -9 -9 -                        0   0   -9 -         -9  -9  -9  1432 -9.0 -9.00 -9   7.2  11.4  11.0  11.4  10.8  -9 -9.0 -9  3  2
202603290000 108  27  1.8  -9 -9.0   -9 1005.8 1016.2  5  -0.3   9.2   0.6  55.0   6.4   -9.0   -9.0   -9.0   -9.0   -9.0   -9.0   -9.0 -9 -9 -                        0   0   -9 -         -9  -9  -9  1472 -9.0 -9.00 -9   6.5  10.9  10.5  11.3  10.8  -9 -9.0 -9  3  2
202603290100 108  27  1.8  -9 -9.0   -9 1005.7 1016.1 -9  -9.0   8.9   0.8  57.0   6.5   -9.0   -9.0   -9.0   -9.0   -9.0   -9.0   -9.0 -9 -9 -                        0   0   -9 -         -9  -9  -9  1424 -9.0 -9.00 -9   6.2  10.4  10.1  11.1  10.8  -9 -9.0 -9  3  2
202603290200 108  25  1.6  -9 -9.0   -9 1005.9 1016.4 -9  -9.0   8.6   1.2  60.0   6.7   -9.0   -9.0   -9.0   -9.0   -9.0   -9.0   -9.0 -9 -9 -                        0   0   -9 -         -9  -9  -9  1270 -9.0 -9.00 -9   5.7  10.0   9.7  10.9  10.7  -9 -9.0 -9  3  2
202603290300 108  29  1.0  -9 -9.0   -9 1005.9 1016.4  1   0.2   8.3   1.4  62.0   6.8   -9.0   -9.0   -9.0   -9.0   -9.0   -9.0   -9.0 -9 -9 -                        4   0   -9 Ci         1   0   0  1260 -9.0 -9.00 -9   5.4   9.6   9.4  10.7  10.6  -9 -9.0 -9  3  2
202603290400 108  32  0.5  -9 -9.0   -9 1005.9 1016.4 -9  -9.0   8.0   1.3  63.0   6.7   -9.0   -9.0   -9.0   -9.0   -9.0   -9.0   -9.0 -9 -9 -                        6   0   -9 Ci         1   0   0  1144 -9.0 -9.00 -9   5.3   9.4   9.1  10.5  10.6  -9 -9.0 -9  3  2
202603290500 108   2  1.4  -9 -9.0   -9 1005.9 1016.4 -9  -9.0   8.0   1.1  62.0   6.6   -9.0   -9.0   -9.0   -9.0   -9.0   -9.0   -9.0 -9 -9 -                        6   0   -9 Ci         1   0   0  1159 -9.0 -9.00 -9   5.3   9.2   8.8  10.3  10.4  -9 -9.0 -9  3  2
202603290600 108   2  1.7  -9 -9.0   -9 1006.2 1016.7  2   0.3   8.0   1.8  65.0   7.0   -9.0   -9.0   -9.0   -9.0   -9.0   -9.0   -9.0 -9 -9 -                        7   0   -9 Ci         1   0   0  1115 -9.0 -9.00 -9   5.3   9.0   8.6  10.2  10.3  -9 -9.0 -9  3  2
202603290700 108   2  1.8  -9 -9.0   -9 1006.4 1016.9 -9  -9.0   7.6   1.6  66.0   6.9   -9.0   -9.0   -9.0   -9.0   -9.0   -9.0   -9.0 -9 -9 -                        6   0   -9 Ci         1   0   0  1102  0.0  0.04 -9   5.9   8.8   8.3   9.9  10.2  -9 -9.0 -9  3  2
202603290800 108   7  1.6  -9 -9.0   -9 1006.4 1016.8 -9  -9.0   9.2   2.5  63.0   7.3   -9.0   -9.0   -9.0   -9.0   -9.0   -9.0   -9.0 -9 -9 -                        7   0   -9 Ci         1   0   0  1107  0.1  0.41 -9   9.6   9.2   8.2   9.7  10.1  -9 -9.0 -9  3  2
202603290900 108   5  2.3  -9 -9.0   -9 1006.4 1016.7  0   0.0  12.2   2.0  50.0   7.1   -9.0   -9.0   -9.0   -9.0   -9.0   -9.0   -9.0 -9 -9 -                        7   0   -9 Ci         1   0   0  1175  1.0  1.15 -9  16.8  10.2   8.4   9.5   9.8  -9 -9.0 -9  3  2
202603291000 108   5  2.0  -9 -9.0   -9 1006.5 1016.7 -9  -9.0  14.8   0.5  38.0   6.3   -9.0   -9.0   -9.0   -9.0   -9.0   -9.0   -9.0 -9 -9 -                        5   0   -9 Ci         1   0   0  1314  1.0  1.92 -9  22.9  11.7   8.9   9.4   9.7  -9 -9.0 -9  3  2
202603291100 108   7  1.5  -9 -9.0   -9 1006.2 1016.3 -9  -9.0  17.5   0.1  31.0   6.2   -9.0   -9.0   -9.0   -9.0   -9.0   -9.0   -9.0 -9 -9 -                        7   0   -9 Ci         1   0   0  1495  1.0  2.38 -9  28.3  13.5   9.5   9.3   9.4  -9 -9.0 -9  3  2
202603291200 108  14  1.2  -9 -9.0   -9 1005.6 1015.7  7  -1.0  18.6  -0.2  28.0   6.0   -9.0   -9.0   -9.0   -9.0   -9.0   -9.0   -9.0 -9 -9 -                        8   0   -9 Cs         6   0   0  1572  0.8  2.28 -9  27.9  15.2  10.4   9.3   9.4  -9 -9.0 -9  3  2
202603291300 108  20  2.1  -9 -9.0   -9 1005.1 1015.1 -9  -9.0  20.1  -0.5  25.0   5.9   -9.0   -9.0   -9.0   -9.0   -9.0   -9.0   -9.0 -9 -9 -                        8   0   -9 Cs         6   0   0  1624  0.6  2.33 -9  33.4  16.4  11.2   9.4   9.3  -9 -9.0 -9  3  2
202603291400 108  27  2.1  -9 -9.0   -9 1004.5 1014.5 -9  -9.0  20.5  -0.2  25.0   6.0   -9.0   -9.0   -9.0   -9.0   -9.0   -9.0   -9.0 -9 -9 -                       10   0   -9 Cs         7   0   0  1451  0.6  2.09 -9  27.2  17.1  12.1   9.7   9.3  -9 -9.0 -9  3  2
202603291500 108  27  3.9  -9 -9.0   -9 1004.5 1014.5  6  -1.2  19.2  -0.2  27.0   6.0   -9.0   -9.0   -9.0   -9.0   -9.0   -9.0   -9.0 -9 -9 -                       10   0   -9 Cs         7   0   0  1363  0.0  1.27 -9  23.6  16.8  12.6  10.1   9.6  -9 -9.0 -9  3  2
202603291600 108  29  3.7  -9 -9.0   -9 1004.6 1014.7 -9  -9.0  18.2   0.3  30.0   6.2   -9.0   -9.0   -9.0   -9.0   -9.0   -9.0   -9.0 -9 -9 -                       10   0   -9 Cs         7   0   0  1500  0.0  1.10 -9  22.5  16.3  12.7  10.4   9.7  -9 -9.0 -9  3  2
202603291700 108  25  3.5  -9 -9.0   -9 1004.5 1014.5 -9  -9.0  18.7  -2.8  23.0   5.0   -9.0   -9.0   -9.0   -9.0   -9.0   -9.0   -9.0 -9 -9 -                        0   0   -9 -         -9  -9  -9  2012  0.8  1.42 -9  21.7  16.2  12.7  10.7   9.9  -9 -9.0 -9  3  2
202603291800 108  27  2.4  -9 -9.0   -9 1004.7 1014.8  2   0.3  17.6  -2.6  25.0   5.0   -9.0   -9.0   -9.0   -9.0   -9.0   -9.0   -9.0 -9 -9 -                        0   0   -9 -         -9  -9  -9  2152  0.9  0.61 -9  15.4  15.3  12.7  10.9  10.1  -9 -9.0 -9  3  2
202603291900 108  27  1.7  -9 -9.0   -9 1004.8 1015.0 -9  -9.0  15.9  -2.6  28.0   5.0   -9.0   -9.0   -9.0   -9.0   -9.0   -9.0   -9.0 -9 -9 -                        4   4   41 -         -9  -9  -9  2082  0.1  0.12 -9  11.8  14.1  12.4  11.2  10.3  -9 -9.0 -9  3  2
202603292000 108  23  1.8  -9 -9.0   -9 1005.4 1015.6 -9  -9.0  14.2  -2.7  31.0   5.0   -9.0   -9.0   -9.0   -9.0   -9.0   -9.0   -9.0 -9 -9 -                        2   2   49 -         -9  -9  -9  2085 -9.0 -9.00 -9   9.7  13.0  11.7  11.0  10.2  -9 -9.0 -9  3  2
202603292100 108  27  3.7  -9 -9.0   -9 1006.2 1016.5  2   1.7  13.7  -2.7  32.0   5.0   -9.0   -9.0   -9.0   -9.0   -9.0   -9.0   -9.0 -9 -9 -                        3   3   37 Ac         0   3   0  1989 -9.0 -9.00 -9   9.6  12.4  11.3  11.2  10.4  -9 -9.0 -9  3  2
202603292200 108  29  1.2  -9 -9.0   -9 1006.2 1016.5 -9  -9.0  12.1  -2.5  36.0   5.1   -9.0   -9.0   -9.0   -9.0   -9.0   -9.0   -9.0 -9 -9 -                        0   0   -9 -         -9  -9  -9  1998 -9.0 -9.00 -9   8.1  11.9  10.9  11.1  10.5  -9 -9.0 -9  3  2
202603292300 108  27  1.3  -9 -9.0   -9 1006.4 1016.7 -9  -9.0  11.4  -3.9  34.0   4.6   -9.0   -9.0   -9.0   -9.0   -9.0   -9.0   -9.0 -9 -9 -                        9   9   32 -         -9  -9  -9  2289 -9.0 -9.00 -9   9.1  11.4  10.6  11.1  10.6  -9 -9.0 -9  3  2
202603300000 108   7  1.7  -9 -9.0   -9 1006.0 1016.3  8  -0.2  11.4  -4.3  33.0   4.4   -9.0   -9.0   -9.0   -9.0   -9.0   -9.0   -9.0 -9 -9 -                        7   7   32 Ac         0   3   0  2435 -9.0 -9.00 -9   8.4  11.2  10.3  11.0  10.6  -9 -9.0 -9  3  2
202603300100 108   5  2.9  -9 -9.0   -9 1005.4 1015.7 -9  -9.0  11.9  -2.3  37.0   5.2   -9.0   -9.0   -9.0   -9.0   -9.0   -9.0   -9.0 -9 -9 -                        9   9   29 -         -9  -9  -9  1925 -9.0 -9.00 -9   8.9  11.1  10.0  10.8  10.5  -9 -9.0 -9  3  2
202603300200 108  16  2.7  -9 -9.0   -9 1005.9 1016.2 -9  -9.0  12.3  -1.2  39.0   5.6   -9.0   -9.0   -9.0   -9.0   -9.0   -9.0   -9.0 -9 -9 -                       10  10   30 -         -9  -9  -9  1650 -9.0 -9.00 -9   9.3  11.0   9.9  10.7  10.5  -9 -9.0 -9  3  2
202603300300 108   0  0.2  -9 -9.0   -9 1005.5 1015.8  7  -0.5  12.2  -2.4  36.0   5.1   -9.0   -9.0   -9.0   -9.0   -9.0   -9.0   -9.0 -9 -9 -                        8   8   31 Ac         0   3   0  1852 -9.0 -9.00 -9   8.6  10.9   9.8  10.5  10.5  -9 -9.0 -9  3  2
202603300400 108   0  0.3  -9 -9.0   -9 1005.5 1015.8 -9  -9.0  11.7  -1.8  39.0   5.4   -9.0   -9.0   -9.0   -9.0   -9.0   -9.0   -9.0 -9 -9 -                        9   9   31 Ac         0   3   0  1986 -9.0 -9.00 -9   8.8  10.6   9.6  10.4  10.4  -9 -9.0 -9  3  2
202603300500 108   5  2.9  -9 -9.0   -9 1005.2 1015.5 -9  -9.0  11.3  -1.4  41.0   5.5   -9.0   -9.0   -9.0   -9.0   -9.0   -9.0   -9.0 -9 -9 -                        8   8   30 Ac         0   3   0  1743 -9.0 -9.00 -9   8.6  10.5   9.4  10.3  10.4  -9 -9.0 -9  3  2
202603300600 108   5  1.5  -9 -9.0   -9 1005.5 1015.8  5   0.0  11.2  -0.9  43.0   5.7   -9.0   -9.0   -9.0   -9.0   -9.0   -9.0   -9.0 -9 -9 -                        9   5   37 AcCi       1   3   0  1608 -9.0 -9.00 -9   7.8  10.4   9.2  10.0  10.0  -9 -9.0 -9  3  2
202603300700 108   2  1.7  -9 -9.0   -9 1005.5 1015.9 -9  -9.0  11.0  -0.1  46.0   6.1   -9.0   -9.0   -9.0   -9.0   -9.0   -9.0   -9.0 -9 -9 -                        9   9   35 Ac         0   3   0  1507  0.0  0.02 -9   9.1  10.3   9.1   9.9  10.0  -9 -9.0 -9  3  2
202603300800 108   7  2.7  -9 -9.0   -9 1005.9 1016.2 -9  -9.0  12.1  -0.4  42.0   5.9   -9.0   -9.0   -9.0   -9.0   -9.0   -9.0   -9.0 -9 -9 -                        9   9   33 Ac         0   3   0  1474  0.0  0.21 -9  11.3  10.5   9.1   9.8   9.9  -9 -9.0 -9  3  2
202603300900 108   5  2.5  -9 -9.0   -9 1006.1 1016.4  2   0.6  13.5  -0.5  38.0   5.9   -9.0   -9.0   -9.0   -9.0   -9.0   -9.0   -9.0 -9 -9 -                        9   9   32 Ac         0   3   0  1528  0.0  0.54 -9  13.9  11.2   9.2   9.8  10.0  -9 -9.0 -9  3  2
202603301000 108   5  2.2  -9 -9.0   -9 1005.9 1016.1 -9  -9.0  14.5  -0.4  36.0   5.9   -9.0   -9.0   -9.0   -9.0   -9.0   -9.0   -9.0 -9 -9 -                       10  10   30 As        -9   2   0  1421  0.0  0.61 -9  15.4  11.8   9.5   9.8   9.9  -9 -9.0 -9  3  2
202603301100 108   5  1.7  -9 -9.0   -9 1005.5 1015.7 -9  -9.0  15.3   0.0  35.0   6.1   -9.0   -9.0   -9.0   -9.0   -9.0   -9.0   -9.0 -9 -9 -                       10  10   28 As        -9   2   0  1399  0.0  0.53 -9  15.8  12.4   9.8   9.7   9.8  -9 -9.0 -9  3  2
202603301200 108   5  1.9  -9 -9.0   -9 1004.5 1014.6  7  -1.6  17.3  -0.4  30.0   5.9   -9.0   -9.0   -9.0   -9.0   -9.0   -9.0   -9.0 -9 -9 -                        9   9   25 As         0   2   0  1512  0.1  1.38 -9  22.7  13.5  10.2   9.7   9.8  -9 -9.0 -9  3  2
202603301300 108   9  1.3  -9 -9.0   -9 1003.3 1013.3 -9  -9.0  19.4   0.3  28.0   6.2   -9.0   -9.0   -9.0   -9.0   -9.0   -9.0   -9.0 -9 -9 -                        7   3   34 AcCi       1   3   0  1727  0.6  2.11 -9  29.8  14.7  10.7   9.7   9.6  -9 -9.0 -9  3  2
202603301400 108  25  1.1  -9 -9.0   -9 1002.5 1012.5 -9  -9.0  20.1   2.4  31.0   7.3   -9.0   -9.0   -9.0   -9.0   -9.0   -9.0   -9.0 -9 -9 -                       10   6   18 ScAs      -9   2   5  1714  0.2  1.33 -9  23.7  15.7  11.5   9.9   9.7  -9 -9.0 -9  3  2
202603301500 108   2  1.8  -9 -9.0   -9 1001.4 1011.3  7  -3.1  20.9   3.1  31.0   7.6   -9.0   -9.0   -9.0   -9.0   -9.0   -9.0   -9.0 -9 -9 -                        6   3   44 AcCi       1   3   0  1557  0.3  1.38 -9  28.6  16.1  11.9  10.1   9.7  -9 -9.0 -9  3  2
202603301600 108  14  1.6  -9 -9.0   -9 1000.8 1010.7 -9  -9.0  20.7   3.3  32.0   7.7   -9.0   -9.0   -9.0   -9.0   -9.0   -9.0   -9.0 -9 -9 -                        8   8   34 Ac         0   3   0  1450  0.2  1.15 -9  22.0  16.2  12.4  10.4   9.8  -9 -9.0 -9  3  2
202603301700 108  34  1.2  -9 -9.0   -9 1000.4 1010.4 -9  -9.0  20.0   2.7  32.0   7.4   -9.0   -9.0   -9.0   -9.0   -9.0   -9.0   -9.0 -9 -9 -                       10  10   29 As        -9   2   0  1493  0.0  0.36 -9  19.0  15.7  12.6  10.7  10.0  -9 -9.0 -9  3  2
202603301800 108  14  1.4  -9 -9.0   -9 1000.1 1010.1  0  -1.3  19.4   3.1  34.0   7.6   -9.0   -9.0   -9.0   -9.0   -9.0   -9.0   -9.0 -9 -9 -                       10   7   17 ScAs      -9   2   5  1463  0.0  0.16 -9  16.5  15.2  12.5  10.9  10.2  -9 -9.0 -9  3  2
202603301900 108  14  1.7  -9 -9.0   -9  999.6 1009.6 -9  -9.0  18.9   2.6  34.0   7.4   -9.0   -9.0   -9.0   -9.0   -9.0   -9.0   -9.0 -9 -9 -                       10   9   17 -         -9  -9  -9  1406  0.0  0.02 -9  15.1  14.7  12.4  11.1  10.4  -9 -9.0 -9  3 -9
202603302000 108   7  1.5  -9 -9.0   -9  999.3 1009.3 -9  -9.0  18.4   3.0  36.0   7.6   -9.0   -9.0   -9.0   -9.0   -9.0   -9.0   -9.0 -9 -9 -                       10   8   18 -         -9  -9  -9  1457 -9.0 -9.00 -9  14.2  14.2  12.2  11.2  10.4  -9 -9.0 -9  3 -9
202603302100 108  36  2.1  -9 -9.0   -9  999.4 1009.4  5  -0.7  17.5   6.0  47.0   9.3    0.0    0.0    0.0   -9.0   -9.0   -9.0   -9.0 60 62 01                      10   7   15 ScAs      -9   2   5  1396 -9.0 -9.00 -9  13.4  13.8  12.0  11.3  10.6  -9 -9.0 -9  1  1
202603302200 108  16  2.4  -9 -9.0   -9 1000.0 1010.1 -9  -9.0  16.6   5.8  49.0   9.2   -9.0    0.0    0.0   -9.0   -9.0   -9.0   -9.0 60 66 01                      10   7   15 ScAs      -9   2   5  1434 -9.0 -9.00 -9  12.5  13.4  11.8  11.3  10.7  -9 -9.0 -9  4  1
202603302300 108  16  1.8  -9 -9.0   -9 1000.5 1010.7 -9  -9.0  14.7   8.8  68.0  11.3   -9.0    0.3    0.3   -9.0   -9.0   -9.0   -9.0 61 66 01                      10   7    9 StNs      -9   2   7   661 -9.0 -9.00 -9  11.9  12.9  11.6  11.2  10.7  -9 -9.0 -9  4  1
202603310000 108  14  2.3  -9 -9.0   -9 1000.3 1010.5  0   1.1  13.2   9.6  79.0  11.9    1.8    1.8    1.8   -9.0   -9.0   -9.0   -9.0 61 66 1                       10   8    8 StNs      -9   2   7   499 -9.0 -9.00 -9  11.5  12.6  11.3  11.2  10.7  -9 -9.0 -9  1  1
202603310100 108   5  2.3  -9 -9.0   -9  999.6 1009.8 -9  -9.0  12.9  10.0  83.0  12.3   -9.0    2.3    2.3   -9.0   -9.0   -9.0   -9.0 61 66 01                      10   7    7 StNs      -9   2   7   340 -9.0 -9.00 -9  11.4  12.3  11.0  11.0  10.6  -9 -9.0 -9  4  1
202603310200 108  34  3.0  -9 -9.0   -9  998.8 1009.0 -9  -9.0  12.1   9.2  83.0  11.6   -9.0    4.3    4.3   -9.0   -9.0   -9.0   -9.0 61 66 01                      10   7    7 StNs      -9   2   7   581 -9.0 -9.00 -9  11.0  12.0  10.7  10.9  10.5  -9 -9.0 -9  4  1
202603310300 108  29  0.9  -9 -9.0   -9  997.7 1007.9  7  -2.6  11.9   9.6  86.0  11.9    5.6    5.6    5.6   -9.0   -9.0   -9.0   -9.0 61 66 01                      10   9    8 StNs      -9   2   7   431 -9.0 -9.00 -9  10.9  11.8  10.6  10.8  10.6  -9 -9.0 -9  4  1
202603310400 108  32  2.3  -9 -9.0   -9  998.0 1008.2 -9  -9.0  11.7   9.4  86.0  11.8   -9.0    6.5    6.5   -9.0   -9.0   -9.0   -9.0 61 66 01                      10   6    7 StNs      -9   2   7   371 -9.0 -9.00 -9  10.7  11.6  10.4  10.8  10.5  -9 -9.0 -9  4  1
202603310500 108   7  2.5  -9 -9.0   -9  998.4 1008.7 -9  -9.0  11.4   9.1  86.0  11.6   -9.0    7.3    7.3   -9.0   -9.0   -9.0   -9.0 61 66 01                      10   8    9 StNs      -9   2   7   431 -9.0 -9.00 -9  10.5  11.5  10.3  10.6  10.3  -9 -9.0 -9  4  1
202603310600 108   7  2.2  -9 -9.0   -9  998.8 1009.1  2   1.2  11.0   8.5  85.0  11.1    2.3    7.9    7.9   -9.0   -9.0   -9.0   -9.0 61 66 01                      10   6    8 StNs      -9   2   7   540 -9.0 -9.00 -9  10.3  11.4  10.2  10.5  10.5  -9 -9.0 -9  4  1
202603310700 108   5  4.4  -9 -9.0   -9  998.7 1009.0 -9  -9.0  10.8   8.8  88.0  11.3   -9.0    8.2    8.2   -9.0   -9.0   -9.0   -9.0 60 66 01                      10   6   12 ScAs      -9   2   5   553  0.0  0.02 -9  10.1  11.2  10.1  10.5  10.4  -9 -9.0 -9  4  1
202603310800 108  32  3.0  -9 -9.0   -9  999.8 1010.1 -9  -9.0  11.3   9.0  86.0  11.5   -9.0    8.2    8.2   -9.0   -9.0   -9.0   -9.0 21 60 1901                     3   2   12 ScAc       0   3   5   892  0.4  0.39 -9  12.9  11.2  10.0  10.4  10.5  -9 -9.0 -9  4  1
202603310900 108  25  1.0  -9 -9.0   -9 1000.2 1010.4  3   1.3  12.7   9.1  79.0  11.6    0.3    8.2    8.2   -9.0   -9.0   -9.0   -9.0 -9 61 19                       1   1   10 Sc         0   0   5  1344  1.0  1.36 -9  19.1  11.7  10.0  10.3  10.2  -9 -9.0 -9  3  1
202603311000 108   7  2.5  -9 -9.0   -9 1000.7 1010.8 -9  -9.0  15.8   8.9  64.0  11.4   -9.0    8.2    8.2   -9.0   -9.0   -9.0   -9.0 -9 -9 -                        1   1   10 Sc         0   0   5  3077  1.0  2.13 -9  23.3  12.6  10.3  10.2  10.1  -9 -9.0 -9  3  2
202603311100 108   5  3.1  -9 -9.0   -9 1000.6 1010.7 -9  -9.0  16.7   8.1  57.0  10.8   -9.0    8.2    8.2   -9.0   -9.0   -9.0   -9.0 -9 -9 -                        8   3   10 ScAc       0   3   5  4059  0.9  2.50 -9  23.5  14.0  10.8  10.2  10.1  -9 -9.0 -9  3  2
202603311200 108   2  3.5  -9 -9.0   -9 1000.9 1011.0  2   0.6  16.8   8.2  57.0  10.9   -9.0    8.2    8.2   -9.0   -9.0   -9.0   -9.0 -9 -9 -                        8   5    9 ScAc       0   3   5  3741  0.5  2.07 -9  23.3  14.8  11.5  10.3  10.0  -9 -9.0 -9  3  2
202603311300 108   5  2.9  -9 -9.0   -9 1001.2 1011.3 -9  -9.0  17.6   8.1  54.0  10.8   -9.0    8.2    8.2   -9.0   -9.0   -9.0   -9.0 -9 -9 -                        7   7   10 Sc         0   0   5  3985  0.2  1.99 -9  22.3  15.7  12.0  10.4  10.0  -9 -9.0 -9  3  2
202603311400 108   5  3.2  -9 -9.0   -9 1000.4 1010.4 -9  -9.0  18.2   7.5  50.0  10.4   -9.0    8.2    8.2   -9.0   -9.0   -9.0   -9.0 -9 -9 -                        8   4   11 ScCi       1   0   5  4067  0.4  1.78 -9  23.7  16.1  12.5  10.6  10.2  -9 -9.0 -9  3  2
202603311500 108   5  2.8  -9 -9.0   -9 1000.3 1010.3  8  -0.7  18.4   7.4  49.0  10.3   -9.0    8.2    8.2   -9.0   -9.0   -9.0   -9.0 -9 -9 -                        8   7   14 ScCi       1   0   5  4545  0.1  1.38 -9  20.7  16.5  12.9  10.8  10.2  -9 -9.0 -9  3  2
202603311600 108   7  2.5  -9 -9.0   -9 1000.5 1010.5 -9  -9.0  17.8   7.2  50.0  10.2   -9.0    8.2    8.2   -9.0   -9.0   -9.0   -9.0 -9 -9 -                        9   8   14 ScCi       2   0   5  4700  0.0  0.66 -9  18.8  16.3  13.1  11.1  10.4  -9 -9.0 -9  3  2
202603311700 108   7  2.5  -9 -9.0   -9 1000.7 1010.8 -9  -9.0  17.1   6.8  51.0   9.9   -9.0    8.2    8.2   -9.0   -9.0   -9.0   -9.0 -9 -9 -                       10   6   17 ScCs       7   0   5  4756  0.0  0.39 -9  16.4  15.7  13.1  11.4  10.6  -9 -9.0 -9  3  2
202603311800 108   5  3.1  -9 -9.0   -9 1001.3 1011.4  2   1.1  16.5   6.5  52.0   9.7   -9.0    8.2    8.2   -9.0   -9.0   -9.0   -9.0 -9 -9 -                       10   2   18 ScCs       7   0   5  4691  0.0  0.28 -9  14.7  15.2  13.0  11.6  10.8  -9 -9.0 -9  3  2
202603311900 108   7  2.5  -9 -9.0   -9 1001.8 1011.9 -9  -9.0  15.8   7.0  56.0  10.0   -9.0    8.2    8.2   -9.0   -9.0   -9.0   -9.0 -9 -9 -                       10   7   16 -         -9  -9  -9  4896  0.0  0.06 -9  13.1  14.6  12.7  11.7  11.0  -9 -9.0 -9  3 -9
202603312000 108   5  2.7  -9 -9.0   -9 1002.4 1012.6 -9  -9.0  14.8   6.6  58.0   9.7   -9.0    8.2    8.2   -9.0   -9.0   -9.0   -9.0 -9 -9 -                        7   3   57 -         -9  -9  -9  4905 -9.0 -9.00 -9  11.6  14.1  12.5  11.8  11.1  -9 -9.0 -9  3 -9
202603312100 108   5  3.0  -9 -9.0   -9 1003.2 1013.4  2   2.0  14.0   6.5  61.0   9.7   -9.0    8.2    8.2   -9.0   -9.0   -9.0   -9.0 -9 -9 -                        5   2   18 ScCi       1   0   5  4821 -9.0 -9.00 -9  10.7  13.5  12.2  11.8  11.1  -9 -9.0 -9  3  2
202603312200 108   5  2.8  -9 -9.0   -9 1003.1 1013.3 -9  -9.0  13.7   6.7  63.0   9.8   -9.0    8.2    8.2   -9.0   -9.0   -9.0   -9.0 -9 -9 -                        7   4   18 -         -9  -9  -9  4866 -9.0 -9.00 -9  11.1  13.1  11.8  11.8  11.2  -9 -9.0 -9  3 -9
202603312300 108   5  2.6  -9 -9.0   -9 1003.2 1013.4 -9  -9.0  13.2   6.5  64.0   9.7   -9.0    8.2    8.2   -9.0   -9.0   -9.0   -9.0 -9 -9 -                        4   4   23 -         -9  -9  -9  4781 -9.0 -9.00 -9  10.1  12.9  11.6  11.7  11.3  -9 -9.0 -9  3 -9
#7777END
