#START7777
#2345678901234567890123456789012345678901234567890123456789012345678901234567890123456789012345678901234567890123456789012345678901234567890123456789012345678901234567890123456789012345678901234567890123456789012345678901234567890123456789012345678901234
# YYMMDDHHMI STN  WD   WS GST  GST  GST     PA     PS PT    PR    TA    TD    HM    PV     RN     RN     RN     RN     SD     SD     SD WC WP WW                      CA  CA   CH CT        CT  CT  CT    VS   SS    SI ST    TS    TE    TE    TE    TE  ST   WH BF IR IX
#        KST  ID  16  m/s  WD   WS   TM    hPa    hPa  -   hPa     C     C     %   hPa     mm    DAY    JUN    INT    HR3    DAY    TOT -- -- ---------------------- TOT MID  MIN -------- TOP MID LOW                  GD     C     5    10    20    30 SEA    m --  -  -
202511010000 108  34  1.5  -9 -9.0   -9 1003.2 1013.4  7  -1.0  13.4   9.4  77.0  11.8    0.1    0.1    0.1   -9.0   -9.0   -9.0   -9.0 60 66 01                      10   7   15 ScAs      -9   2   5  1228 -9.0 -9.00 -9  12.3  14.0  14.3  15.0  15.2  -9 -9.0 -9  4  1
202511010100 108  25  0.6  -9 -9.0   -9 1002.7 1013.0 -9  -9.0  12.9   9.8  82.0  12.1   -9.0    0.7    0.7   -9.0   -9.0   -9.0   -9.0 60 66 01                      10   6   15 ScAs      -9   2   5  1286 -9.0 -9.00 -9  12.2  13.8  14.2  14.9  15.0  -9 -9.0 -9  4  1
202511010200 108  27  1.1  -9 -9.0   -9 1002.3 1012.6 -9  -9.0  12.7   9.8  83.0  12.1   -9.0    0.7    0.7   -9.0   -9.0   -9.0   -9.0 60 66 1901                    10   7    7 ScAs      -9   2   5   936 -9.0 -9.00 -9  11.9  13.7  14.1  14.8  15.0  -9 -9.0 -9  4  1
202511010300 108  27  2.9  -9 -9.0   -9 1002.1 1012.4  7  -1.0  12.5  10.3  87.0  12.5    0.7    0.7    0.7   -9.0   -9.0   -9.0   -9.0 21 62 1901                     9   9    7 Sc         0   0   5   872 -9.0 -9.00 -9  12.1  13.6  14.0  14.8  15.0  -9 -9.0 -9  4  1
202511010400 108  25  3.0  -9 -9.0   -9 1002.1 1012.4 -9  -9.0  12.4  10.4  88.0  12.6   -9.0    0.7    0.7   -9.0   -9.0   -9.0   -9.0 10 22 19                       9   9    6 Sc         0   0   5   916 -9.0 -9.00 -9  11.9  13.6  13.9  14.7  15.0  -9 -9.0 -9  3  1
202511010500 108  27  3.7  -9 -9.0   -9 1002.5 1012.8 -9  -9.0  12.0   9.5  85.0  11.9   -9.0    0.7    0.7   -9.0   -9.0   -9.0   -9.0 -9 -9 19                       6   6    6 Sc         0   0   5  1356 -9.0 -9.00 -9  11.2  13.4  13.8  14.7  15.0  -9 -9.0 -9  3  2
202511010600 108  25  2.2  -9 -9.0   -9 1002.8 1013.1  2   0.7  11.7   9.6  87.0  11.9   -9.0    0.7    0.7   -9.0   -9.0   -9.0   -9.0 -9 -9 -                        6   6    7 Sc         0   0   5  1094 -9.0 -9.00 -9  10.9  13.2  13.7  14.7  15.1  -9 -9.0 -9  3  2
202511010700 108  25  1.9  -9 -9.0   -9 1003.0 1013.3 -9  -9.0  10.8   8.1  84.0  10.8   -9.0    0.7    0.7   -9.0   -9.0   -9.0   -9.0 -9 -9 -                        0   0   -9 -         -9  -9  -9  1262  0.0  0.00 -9   8.6  12.9  13.5  14.5  15.0  -9 -9.0 -9  3  2
202511010800 108  23  1.4  -9 -9.0   -9 1003.7 1014.1 -9  -9.0  10.6   7.8  83.0  10.6   -9.0    0.7    0.7   -9.0   -9.0   -9.0   -9.0 -9 -9 -                        0   0   -9 -         -9  -9  -9  1457  0.5  0.20 -9   9.1  12.5  13.2  14.5  14.9  -9 -9.0 -9  3  2
202511010900 108  25  2.2  -9 -9.0   -9 1004.4 1014.7  2   1.6  11.8   8.0  78.0  10.7   -9.0    0.7    0.7   -9.0   -9.0   -9.0   -9.0 -9 -9 -                        0   0   -9 -         -9  -9  -9  1606  1.0  0.79 -9  13.4  12.5  13.1  14.4  14.9  -9 -9.0 -9  3  2
202511011000 108  27  3.1  -9 -9.0   -9 1004.3 1014.6 -9  -9.0  13.2   7.8  70.0  10.6   -9.0    0.7    0.7   -9.0   -9.0   -9.0   -9.0 -9 -9 -                        0   0   -9 -         -9  -9  -9  1807  1.0  1.46 -9  16.8  13.0  13.1  14.3  14.8  -9 -9.0 -9  3  2
202511011100 108  32  3.9  -9 -9.0   -9 1004.1 1014.3 -9  -9.0  14.2   5.5  56.0   9.0   -9.0    0.7    0.7   -9.0   -9.0   -9.0   -9.0 -9 -9 -                        0   0   -9 -         -9  -9  -9  2464  1.0  1.93 -9  18.7  13.5  13.3  14.2  14.7  -9 -9.0 -9  3  2
202511011200 108  25  3.0  -9 -9.0   -9 1003.5 1013.7  7  -1.0  15.7   5.5  51.0   9.0   -9.0    0.7    0.7   -9.0   -9.0   -9.0   -9.0 -9 -9 -                        0   0   -9 -         -9  -9  -9  2391  1.0  2.28 -9  21.3  13.9  13.7  14.2  14.8  -9 -9.0 -9  3  2
202511011300 108  29  3.0  -9 -9.0   -9 1002.8 1012.9 -9  -9.0  16.6   2.5  39.0   7.3   -9.0    0.7    0.7   -9.0   -9.0   -9.0   -9.0 -9 -9 -                        0   0   -9 -         -9  -9  -9  3411  1.0  2.40 -9  22.0  14.5  14.1  14.3  14.7  -9 -9.0 -9  3  2
202511011400 108  25  3.8  -9 -9.0   -9 1002.2 1012.3 -9  -9.0  17.2   2.3  37.0   7.2   -9.0    0.7    0.7   -9.0   -9.0   -9.0   -9.0 -9 -9 -                        0   0   -9 -         -9  -9  -9  4028  1.0  2.23 -9  22.6  14.9  14.5  14.4  14.7  -9 -9.0 -9  3  2
202511011500 108  27  3.8  -9 -9.0   -9 1002.0 1012.1  7  -1.6  17.3   2.8  38.0   7.5   -9.0    0.7    0.7   -9.0   -9.0   -9.0   -9.0 -9 -9 -                        0   0   -9 -         -9  -9  -9  3378  1.0  1.85 -9  19.4  15.2  14.8  14.6  14.7  -9 -9.0 -9  3  2
202511011600 108  25  2.8  -9 -9.0   -9 1002.0 1012.1 -9  -9.0  16.0   0.9  36.0   6.5   -9.0    0.7    0.7   -9.0   -9.0   -9.0   -9.0 -9 -9 -                        9   9   28 As         0   2   0  4288  0.6  0.93 -9  16.2  15.1  14.9  14.7  14.9  -9 -9.0 -9  3  2
202511011700 108  27  4.1  -9 -9.0   -9 1002.4 1012.6 -9  -9.0  15.0   5.7  54.0   9.2   -9.0    0.7    0.7   -9.0   -9.0   -9.0   -9.0 60 62 01                       9   4   13 ScAs       0   2   5  2702  0.0  0.10 -9  14.4  14.7  14.8  14.9  14.9  -9 -9.0 -9  4  1
202511011800 108  20  2.8  32 10.0 1708 1002.6 1012.9  2   0.8  11.9   7.7  76.0  10.5    1.5    2.2    2.2   -9.0   -9.0   -9.0   -9.0 21 61 01                       3   3    7 Sc         0   0   5  1725  0.0  0.06 -9  11.1  14.2  14.6  15.0  15.0  -9 -9.0 -9  4  1
202511011900 108  27  0.8  -9 -9.0   -9 1003.2 1013.5 -9  -9.0  11.6   8.0  79.0  10.7   -9.0    2.2    2.2   -9.0   -9.0   -9.0   -9.0 -9 -9 -                        0   0   -9 -         -9  -9  -9  1310 -9.0 -9.00 -9   9.7  13.6  14.3  15.0  15.2  -9 -9.0 -9  3 -9
202511012000 108  27  1.0  -9 -9.0   -9 1003.3 1013.6 -9  -9.0  11.2   8.5  84.0  11.1   -9.0    2.2    2.2   -9.0   -9.0   -9.0   -9.0 -9 -9 19                       4   3   34 -         -9  -9  -9   846 -9.0 -9.00 -9   9.4  13.2  13.9  15.0  15.1  -9 -9.0 -9  3  2
202511012100 108  27  0.7  32 10.0 1708 1003.3 1013.6  1   0.7  11.3   8.3  82.0  10.9   -9.0    2.2    2.2   -9.0   -9.0   -9.0   -9.0 -9 -9 19                       7   3   15 ScAc       0   3   5  1117 -9.0 -9.00 -9  10.4  12.9  13.6  15.0  15.2  -9 -9.0 -9  3  2
202511012200 108  20  1.7  -9 -9.0   -9 1003.3 1013.6 -9  -9.0  11.8   8.0  78.0  10.7   -9.0    2.2    2.2   -9.0   -9.0   -9.0   -9.0 60 62 01                      10   4   14 ScAs      -9   2   5  1608 -9.0 -9.00 -9  11.0  12.9  13.5  14.8  15.2  -9 -9.0 -9  4  1
202511012300 108  27  1.4  -9 -9.0   -9 1004.1 1014.4 -9  -9.0  11.4   8.0  80.0  10.7   -9.0    2.4    2.4   -9.0   -9.0   -9.0   -9.0 29 96 01                       3   3   13 Sc         0   0   5  1355 -9.0 -9.00 -9   9.8  12.8  13.4  14.7  15.1  -9 -9.0 -9  4  1
202511020000 108  36  1.3  -9 -9.0   -9 1004.5 1014.9  2   1.3  10.6   8.1  85.0  10.8    0.2    2.4    2.4   -9.0   -9.0   -9.0   -9.0 -9 96 -                        5   5   13 Sc         0   0   5  1437 -9.0 -9.00 -9   9.8  12.5  13.2  14.6  15.1  -9 -9.0 -9  3  1
202511020100 108   2  1.6  -9 -9.0   -9 1004.4 1014.8 -9  -9.0   9.8   7.3  85.0  10.2   -9.0    0.2    0.2   -9.0   -9.0   -9.0   -9.0 21 60 01                       0   0   -9 -         -9  -9  -9  1560 -9.0 -9.00 -9   8.2  12.2  13.0  14.5  15.0  -9 -9.0 -9  4  1
202511020200 108  29  0.9  -9 -9.0   -9 1004.7 1015.1 -9  -9.0   9.2   6.6  84.0   9.7   -9.0    0.2    0.2   -9.0   -9.0   -9.0   -9.0 -9 -9 -                        0   0   -9 -         -9  -9  -9  2245 -9.0 -9.00 -9   7.5  11.8  12.8  14.4  15.0  -9 -9.0 -9  3 -9
202511020300 108  20  0.5  -9 -9.0   -9 1005.0 1015.4  3   0.5   8.8   6.4  85.0   9.6    0.2    0.2    0.2   -9.0   -9.0   -9.0   -9.0 -9 96 -                        7   7   30 Ac         0   3   0  3103 -9.0 -9.00 -9   7.8  11.5  12.5  14.3  15.0  -9 -9.0 -9  3  1
202511020400 108  23  0.7  -9 -9.0   -9 1005.0 1015.4 -9  -9.0   8.7   6.1  84.0   9.4   -9.0    0.2    0.2   -9.0   -9.0   -9.0   -9.0 -9 -9 -                        0   0   -9 -         -9  -9  -9  2864 -9.0 -9.00 -9   7.1  11.4  12.3  14.2  14.9  -9 -9.0 -9  3  2
202511020500 108  27  1.0  -9 -9.0   -9 1005.3 1015.8 -9  -9.0   8.3   5.9  85.0   9.3   -9.0    0.2    0.2   -9.0   -9.0   -9.0   -9.0 -9 -9 -                        4   4   30 Ac         0   3   0  2391 -9.0 -9.00 -9   7.1  11.0  12.1  14.0  14.8  -9 -9.0 -9  3  2
202511020600 108  25  2.7  -9 -9.0   -9 1005.6 1016.1  2   0.7   8.4   5.3  81.0   8.9   -9.0    0.2    0.2   -9.0   -9.0   -9.0   -9.0 -9 -9 -                        0   0   -9 -         -9  -9  -9  2284 -9.0 -9.00 -9   6.4  10.7  11.8  13.9  14.7  -9 -9.0 -9  3  2
202511020700 108  27  2.4  -9 -9.0   -9 1006.7 1017.2 -9  -9.0   8.1   3.5  73.0   7.8   -9.0    0.2    0.2   -9.0   -9.0   -9.0   -9.0 -9 -9 -                        3   3   10 Sc         0   0   5  2615  0.0  0.00 -9   6.1  10.6  11.6  13.8  14.6  -9 -9.0 -9  3  2
202511020800 108  29  2.3  -9 -9.0   -9 1007.6 1018.1 -9  -9.0   7.9   2.9  71.0   7.5   -9.0    0.2    0.2   -9.0   -9.0   -9.0   -9.0 -9 -9 -                        0   0   -9 -         -9  -9  -9  2787  0.2  0.14 -9   6.7  10.4  11.4  13.6  14.6  -9 -9.0 -9  3  2
202511020900 108  32  4.4  -9 -9.0   -9 1008.8 1019.3  2   3.2   8.6   2.3  65.0   7.2   -9.0    0.2    0.2   -9.0   -9.0   -9.0   -9.0 -9 -9 -                        0   0   -9 -         -9  -9  -9  2993  1.0  0.79 -9  10.0  10.4  11.3  13.5  14.5  -9 -9.0 -9  3  2
202511021000 108  27  4.3  -9 -9.0   -9 1009.0 1019.4 -9  -9.0   9.6   0.9  55.0   6.5   -9.0    0.2    0.2   -9.0   -9.0   -9.0   -9.0 -9 -9 -                        0   0   -9 -         -9  -9  -9  2532  1.0  1.50 -9  13.8  10.7  11.3  13.4  14.3  -9 -9.0 -9  3  2
202511021100 108  27  4.5  -9 -9.0   -9 1009.2 1019.6 -9  -9.0  10.6   0.0  48.0   6.1   -9.0    0.2    0.2   -9.0   -9.0   -9.0   -9.0 -9 -9 -                        2   2   10 Sc         0   0   5  2826  1.0  2.06 -9  15.0  11.0  11.4  13.2  14.0  -9 -9.0 -9  3  2
202511021200 108  27  4.7  25 10.0 1107 1009.4 1019.8  2   0.5  10.7   0.1  48.0   6.2   -9.0    0.2    0.2   -9.0   -9.0   -9.0   -9.0 -9 -9 -                        4   4   14 Sc         0   0   5  2743  0.9  2.23 -9  15.5  11.5  11.6  13.1  14.1  -9 -9.0 -9  3  2
202511021300 108  27  5.0  25 10.0 1251 1009.0 1019.4 -9  -9.0  10.9  -0.8  44.0   5.8   -9.0    0.2    0.2   -9.0   -9.0   -9.0   -9.0 -9 -9 -                        6   6   14 Sc         0   0   5  2973  0.8  2.19 -9  15.5  11.9  11.9  13.2  14.0  -9 -9.0 -9  3  2
202511021400 108  25  4.7  25 10.0 1339 1008.8 1019.2 -9  -9.0  11.2  -1.5  41.0   5.5   -9.0    0.2    0.2   -9.0   -9.0   -9.0   -9.0 -9 -9 -                        5   5   15 Sc         0   0   5  2821  0.9  2.36 -9  19.0  12.3  12.2  13.2  14.0  -9 -9.0 -9  3  2
202511021500 108  29  4.3  25 10.0 1107 1008.9 1019.3  5  -0.5  10.6  -2.1  41.0   5.2   -9.0    0.2    0.2   -9.0   -9.0   -9.0   -9.0 -9 -9 -                        4   4   16 Sc         0   0   5  3353  0.7  1.53 -9  14.4  12.5  12.6  13.3  13.9  -9 -9.0 -9  3  2
202511021600 108  29  4.3  18 10.0 1513 1009.2 1019.6 -9  -9.0  10.4  -2.6  40.0   5.0   -9.0    0.2    0.2   -9.0   -9.0   -9.0   -9.0 -9 -9 -                        2   2   18 Sc         0   0   5  3809  0.7  1.05 -9  11.3  12.2  12.6  13.4  14.0  -9 -9.0 -9  3  2
202511021700 108  29  4.8  -9 -9.0   -9 1009.7 1020.2 -9  -9.0   9.4  -3.2  41.0   4.8   -9.0    0.2    0.2   -9.0   -9.0   -9.0   -9.0 -9 -9 -                        1   1   15 Sc         0   0   5  4307  0.8  0.50 -9   8.6  11.8  12.4  13.5  14.0  -9 -9.0 -9  3  2
202511021800 108  27  3.1  18 10.0 1513 1010.3 1020.8  2   1.5   7.8  -3.4  45.0   4.8   -9.0    0.2    0.2   -9.0   -9.0   -9.0   -9.0 -9 -9 -                        0   0   -9 -         -9  -9  -9  4022  0.1  0.05 -9   6.4  11.2  12.1  13.6  14.1  -9 -9.0 -9  3  2
202511021900 108  27  3.5  -9 -9.0   -9 1011.6 1022.2 -9  -9.0   7.1  -2.9  49.0   4.9   -9.0    0.2    0.2   -9.0   -9.0   -9.0   -9.0 -9 -9 -                        2   1   -9 -         -9  -9  -9  3507 -9.0 -9.00 -9   5.5  10.7  11.8  13.6  14.2  -9 -9.0 -9  3 -9
202511022000 108  32  3.0  -9 -9.0   -9 1012.6 1023.2 -9  -9.0   6.5  -3.7  48.0   4.6   -9.0    0.2    0.2   -9.0   -9.0   -9.0   -9.0 -9 -9 -                        0   0   -9 -         -9  -9  -9  3759 -9.0 -9.00 -9   4.7  10.2  11.4  13.5  14.2  -9 -9.0 -9  3 -9
202511022100 108  29  2.5  18 10.0 1513 1013.8 1024.5  2   3.7   5.6  -5.7  44.0   4.0   -9.0    0.2    0.2   -9.0   -9.0   -9.0   -9.0 -9 -9 -                        0   0   -9 -         -9  -9  -9  3648 -9.0 -9.00 -9   3.9   9.8  11.1  13.4  14.2  -9 -9.0 -9  3  2
202511022200 108  32  3.2  -9 -9.0   -9 1015.1 1025.8 -9  -9.0   4.8  -5.5  47.0   4.1   -9.0    0.2    0.2   -9.0   -9.0   -9.0   -9.0 -9 -9 -                        0   0   -9 -         -9  -9  -9  3687 -9.0 -9.00 -9   3.3   9.3  10.7  13.2  14.1  -9 -9.0 -9  3 -9
202511022300 108  32  3.6  -9 -9.0   -9 1015.9 1026.6 -9  -9.0   4.2  -6.4  46.0   3.8   -9.0    0.2    0.2   -9.0   -9.0   -9.0   -9.0 -9 -9 -                        0   0   -9 -         -9  -9  -9  4034 -9.0 -9.00 -9   2.7   8.8  10.4  13.0  14.0  -9 -9.0 -9  3 -9
202511030000 108  32  2.7  -9 -9.0   -9 1016.3 1027.1  2   2.6   3.7  -6.5  47.0   3.8   -9.0    0.2    0.2   -9.0   -9.0   -9.0   -9.0 -9 -9 -                        0   0   -9 -         -9  -9  -9  4123 -9.0 -9.00 -9   2.2   8.5  10.0  12.9  13.9  -9 -9.0 -9  3  2
202511030100 108  32  3.1  -9 -9.0   -9 1016.5 1027.3 -9  -9.0   3.3  -6.9  47.0   3.6   -9.0   -9.0   -9.0   -9.0   -9.0   -9.0   -9.0 -9 -9 -                        0   0   -9 -         -9  -9  -9  4239 -9.0 -9.00 -9   1.9   8.1   9.7  12.7  13.9  -9 -9.0 -9  3 -9
202511030200 108  32  3.5  -9 -9.0   -9 1017.4 1028.2 -9  -9.0   3.0  -6.6  49.0   3.7   -9.0   -9.0   -9.0   -9.0   -9.0   -9.0   -9.0 -9 -9 -                        0   0   -9 -         -9  -9  -9  4245 -9.0 -9.00 -9   1.6   7.8   9.4  12.5  13.7  -9 -9.0 -9  3 -9
202511030300 108  25  1.4  -9 -9.0   -9 1017.8 1028.6  2   1.5   2.1  -6.2  54.0   3.8   -9.0   -9.0   -9.0   -9.0   -9.0   -9.0   -9.0 -9 -9 -                        0   0   -9 -         -9  -9  -9  4237 -9.0 -9.00 -9   1.1   7.5   9.2  12.3  13.6  -9 -9.0 -9  3  2
202511030400 108  34  0.5  -9 -9.0   -9 1018.0 1028.9 -9  -9.0   1.6  -5.5  59.0   4.1   -9.0   -9.0   -9.0   -9.0   -9.0   -9.0   -9.0 -9 -9 -                        0   0   -9 -         -9  -9  -9  4145 -9.0 -9.00 -9   0.9   7.1   8.9  12.2  13.4  -9 -9.0 -9  3  2
202511030500 108   0  0.4  -9 -9.0   -9 1018.1 1029.0 -9  -9.0   0.9  -6.2  59.0   3.8   -9.0   -9.0   -9.0   -9.0   -9.0   -9.0   -9.0 -9 -9 -                        0   0   -9 -         -9  -9  -9  3900 -9.0 -9.00 -9   0.4   6.8   8.6  11.9  13.3  -9 -9.0 -9  3  2
202511030600 108   5  1.0  -9 -9.0   -9 1018.5 1029.4  2   0.8   0.8  -4.4  68.0   4.4   -9.0   -9.0   -9.0   -9.0   -9.0   -9.0   -9.0 -9 -9 -                        0   0   -9 -         -9  -9  -9  3729 -9.0 -9.00 -9   0.4   6.6   8.4  11.7  13.2  -9 -9.0 -9  3  2
202511030700 108   9  1.0  -9 -9.0   -9 1019.4 1030.3 -9  -9.0   0.8  -5.4  63.0   4.1   -9.0   -9.0   -9.0   -9.0   -9.0   -9.0   -9.0 -9 -9 -                        0   0   -9 -         -9  -9  -9  3855  0.0  0.00 -9   0.5   6.4   8.2  11.5  13.0  -9 -9.0 -9  3  2
202511030800 108   5  1.2  -9 -9.0   -9 1019.9 1030.8 -9  -9.0   1.0  -4.2  68.0   4.5   -9.0   -9.0   -9.0   -9.0   -9.0   -9.0   -9.0 -9 -9 -                        0   0   -9 -         -9  -9  -9  3449  0.5  0.20 -9   1.4   6.3   8.0  11.3  13.0  -9 -9.0 -9  3  2
202511030900 108   7  1.3  -9 -9.0   -9 1020.6 1031.4  2   2.0   3.8  -4.1  56.0   4.5   -9.0   -9.0   -9.0   -9.0   -9.0   -9.0   -9.0 -9 -9 -                        0   0   -9 -         -9  -9  -9  3899  1.0  0.82 -9   6.3   6.7   7.9  11.1  12.7  -9 -9.0 -9  3  2
202511031000 108   5  2.0  -9 -9.0   -9 1020.8 1031.5 -9  -9.0   7.2  -3.0  48.0   4.9   -9.0   -9.0   -9.0   -9.0   -9.0   -9.0   -9.0 -9 -9 -                        0   0   -9 -         -9  -9  -9  2914  1.0  1.52 -9  12.3   7.5   8.1  11.0  12.6  -9 -9.0 -9  3  2
202511031100 108   7  2.0  -9 -9.0   -9 1020.2 1030.8 -9  -9.0   9.0  -2.9  43.0   4.9   -9.0   -9.0   -9.0   -9.0   -9.0   -9.0   -9.0 -9 -9 -                        0   0   -9 -         -9  -9  -9  3939  1.0  2.03 -9  15.1   8.4   8.6  10.9  12.4  -9 -9.0 -9  3  2
202511031200 108   7  1.5  -9 -9.0   -9 1019.7 1030.2  8  -1.2  11.0  -1.4  42.0   5.5   -9.0   -9.0   -9.0   -9.0   -9.0   -9.0   -9.0 -9 -9 -                        0   0   -9 -         -9  -9  -9  3566  1.0  2.32 -9  17.2   9.3   9.2  10.9  12.3  -9 -9.0 -9  3  2
202511031300 108   9  1.3  -9 -9.0   -9 1018.9 1029.3 -9  -9.0  12.2  -1.0  40.0   5.7   -9.0   -9.0   -9.0   -9.0   -9.0   -9.0   -9.0 -9 -9 -                        0   0   -9 -         -9  -9  -9  4035  1.0  2.40 -9  18.1  10.1   9.8  11.0  12.2  -9 -9.0 -9  3  2
202511031400 108  23  1.5  -9 -9.0   -9 1018.2 1028.6 -9  -9.0  13.4  -0.6  38.0   5.8   -9.0   -9.0   -9.0   -9.0   -9.0   -9.0   -9.0 -9 -9 -                        0   0   -9 -         -9  -9  -9  4149  1.0  2.23 -9  19.3  10.8  10.4  11.1  12.2  -9 -9.0 -9  3  2
202511031500 108  27  1.4  -9 -9.0   -9 1017.8 1028.1  7  -2.1  14.5   0.0  37.0   6.1   -9.0   -9.0   -9.0   -9.0   -9.0   -9.0   -9.0 -9 -9 -                        0   0   -9 -         -9  -9  -9  3312  1.0  1.83 -9  16.4  11.4  11.0  11.4  12.2  -9 -9.0 -9  3  2
202511031600 108  20  0.8  -9 -9.0   -9 1017.7 1028.1 -9  -9.0  14.3  -0.5  36.0   5.9   -9.0   -9.0   -9.0   -9.0   -9.0   -9.0   -9.0 -9 -9 -                        0   0   -9 -         -9  -9  -9  3867  1.0  1.25 -9  13.2  11.7  11.4  11.7  12.4  -9 -9.0 -9  3  2
202511031700 108  27  1.5  -9 -9.0   -9 1017.5 1027.9 -9  -9.0  13.0  -0.3  40.0   6.0   -9.0   -9.0   -9.0   -9.0   -9.0   -9.0   -9.0 -9 -9 -                        0   0   -9 -         -9  -9  -9  3024  1.0  0.52 -9  10.2  11.4  11.6  11.9  12.5  -9 -9.0 -9  3  2
202511031800 108  27  1.8  -9 -9.0   -9 1017.5 1028.0  5  -0.1  10.9  -0.2  46.0   6.0   -9.0   -9.0   -9.0   -9.0   -9.0   -9.0   -9.0 -9 -9 -                        0   0   -9 -         -9  -9  -9  2909  0.1  0.04 -9   7.7  10.9  11.5  12.2  12.6  -9 -9.0 -9  3  2
202511031900 108  25  1.9  -9 -9.0   -9 1017.7 1028.2 -9  -9.0   9.5   0.3  53.0   6.2   -9.0   -9.0   -9.0   -9.0   -9.0   -9.0   -9.0 -9 -9 -                        0   0   -9 -         -9  -9  -9  2756 -9.0 -9.00 -9   6.4  10.3  11.2  12.3  12.8  -9 -9.0 -9  3 -9
202511032000 108  25  0.9  -9 -9.0   -9 1017.4 1028.0 -9  -9.0   8.7   0.3  56.0   6.2   -9.0   -9.0   -9.0   -9.0   -9.0   -9.0   -9.0 -9 -9 -                        0   0   -9 -         -9  -9  -9  2448 -9.0 -9.00 -9   5.5   9.8  10.9  12.3  12.8  -9 -9.0 -9  3 -9
202511032100 108   0  0.4  -9 -9.0   -9 1017.4 1028.0  4   0.0   7.8   0.7  61.0   6.4   -9.0   -9.0   -9.0   -9.0   -9.0   -9.0   -9.0 -9 -9 -                        0   0   -9 -         -9  -9  -9  2322 -9.0 -9.00 -9   4.8   9.5  10.5  12.3  12.9  -9 -9.0 -9  3  2
202511032200 108  32  0.9  -9 -9.0   -9 1018.3 1028.9 -9  -9.0   7.6   1.4  65.0   6.8   -9.0   -9.0   -9.0   -9.0   -9.0   -9.0   -9.0 -9 -9 -                        0   0   -9 -         -9  -9  -9  2148 -9.0 -9.00 -9   4.7   9.1  10.3  12.2  12.9  -9 -9.0 -9  3 -9
202511032300 108   2  1.8  -9 -9.0   -9 1018.3 1028.9 -9  -9.0   7.0   1.0  66.0   6.6   -9.0   -9.0   -9.0   -9.0   -9.0   -9.0   -9.0 -9 -9 -                        0   0   -9 -         -9  -9  -9  2305 -9.0 -9.00 -9   4.6   8.9  10.0  12.1  12.9  -9 -9.0 -9  3 -9
202511040000 108   5  1.2  -9 -9.0   -9 1018.0 1028.7  0   0.7   6.7   1.4  69.0   6.8   -9.0   -9.0   -9.0   -9.0   -9.0   -9.0   -9.0 -9 -9 -                        3   3   15 Sc         0   0   5  2198 -9.0 -9.00 -9   5.2   8.7   9.8  12.0  12.9  -9 -9.0 -9  3  2
202511040100 108   5  1.6  -9 -9.0   -9 1017.7 1028.4 -9  -9.0   6.6   1.3  69.0   6.7   -9.0   -9.0   -9.0   -9.0   -9.0   -9.0   -9.0 -9 -9 -                        2   2   12 -         -9  -9  -9  2213 -9.0 -9.00 -9   5.0   8.7   9.7  11.9  12.9  -9 -9.0 -9  3 -9
202511040200 108   5  1.3  -9 -9.0   -9 1017.8 1028.5 -9  -9.0   6.5   1.6  71.0   6.9   -9.0   -9.0   -9.0   -9.0   -9.0   -9.0   -9.0 -9 -9 -                        2   2   12 -         -9  -9  -9  2203 -9.0 -9.00 -9   4.7   8.6   9.6  11.8  12.7  -9 -9.0 -9  3 -9
202511040300 108   2  1.5  -9 -9.0   -9 1017.8 1028.5  5  -0.2   6.5   1.6  71.0   6.9   -9.0   -9.0   -9.0   -9.0   -9.0   -9.0   -9.0 -9 -9 -                        4   4   15 Sc         0   0   5  2291 -9.0 -9.00 -9   5.0   8.5   9.4  11.6  12.6  -9 -9.0 -9  3  2
202511040400 108   2  1.9  -9 -9.0   -9 1017.3 1028.0 -9  -9.0   6.1   1.8  74.0   7.0   -9.0   -9.0   -9.0   -9.0   -9.0   -9.0   -9.0 -9 -9 -                        1   1   13 Sc         0   0   5  2157 -9.0 -9.00 -9   4.3   8.4   9.3  11.5  12.6  -9 -9.0 -9  3  2
202511040500 108   7  0.8  -9 -9.0   -9 1017.1 1027.8 -9  -9.0   6.0   1.5  73.0   6.8   -9.0   -9.0   -9.0   -9.0   -9.0   -9.0   -9.0 -9 -9 -                        2   2   12 Sc         0   0   5  2329 -9.0 -9.00 -9   4.2   8.2   9.2  11.4  12.5  -9 -9.0 -9  3  2
202511040600 108   5  1.7  -9 -9.0   -9 1017.1 1027.8  6  -0.7   5.7   1.6  75.0   6.9   -9.0   -9.0   -9.0   -9.0   -9.0   -9.0   -9.0 -9 -9 -                        3   3   12 Sc         0   0   5  2390 -9.0 -9.00 -9   4.2   8.0   9.1  11.3  12.4  -9 -9.0 -9  3  2
202511040700 108   2  1.3  -9 -9.0   -9 1017.1 1027.8 -9  -9.0   5.7   1.6  75.0   6.9   -9.0   -9.0   -9.0   -9.0   -9.0   -9.0   -9.0 -9 -9 -                        3   3   10 Sc         0   0   5  2395 -9.0 -9.00 -9   4.2   8.0   9.0  11.3  12.5  -9 -9.0 -9  3  2
202511040800 108  36  1.2  -9 -9.0   -9 1017.7 1028.4 -9  -9.0   6.3   2.3  76.0   7.2   -9.0   -9.0   -9.0   -9.0   -9.0   -9.0   -9.0 -9 -9 -                        3   3   30 Ac         0   3   0  2285  0.2  0.14 -9   6.9   8.0   8.9  11.2  12.3  -9 -9.0 -9  3  2
202511040900 108   5  1.8  -9 -9.0   -9 1017.9 1028.5  2   0.7   8.1   3.5  73.0   7.8   -9.0   -9.0   -9.0   -9.0   -9.0   -9.0   -9.0 -9 -9 -                        0   0   -9 -         -9  -9  -9  1956  0.8  0.69 -9   9.6   8.5   9.0  11.1  12.2  -9 -9.0 -9  3  2
202511041000 108   7  1.2  -9 -9.0   -9 1017.8 1028.3 -9  -9.0  10.7   3.4  61.0   7.8   -9.0   -9.0   -9.0   -9.0   -9.0   -9.0   -9.0 -9 -9 -                        0   0   -9 -         -9  -9  -9  2063  1.0  1.42 -9  14.6   9.2   9.3  11.0  12.1  -9 -9.0 -9  3  2
202511041100 108  27  0.5  -9 -9.0   -9 1017.6 1028.0 -9  -9.0  12.8   3.4  53.0   7.8   -9.0   -9.0   -9.0   -9.0   -9.0   -9.0   -9.0 -9 -9 -                        0   0   -9 -         -9  -9  -9  2010  1.0  1.86 -9  17.5  10.1   9.7  11.0  12.0  -9 -9.0 -9  3  2
202511041200 108  23  1.6  -9 -9.0   -9 1017.1 1027.4  7  -1.1  14.6   5.3  54.0   8.9   -9.0   -9.0   -9.0   -9.0   -9.0   -9.0   -9.0 -9 -9 -                        0   0   -9 -         -9  -9  -9  1914  1.0  2.17 -9  19.7  11.2  10.4  11.1  12.0  -9 -9.0 -9  3  2
202511041300 108  25  2.4  -9 -9.0   -9 1016.2 1026.5 -9  -9.0  15.2   4.8  50.0   8.6   -9.0   -9.0   -9.0   -9.0   -9.0   -9.0   -9.0 -9 -9 -                        0   0   -9 -         -9  -9  -9  1755  1.0  2.22 -9  20.4  12.0  11.1  11.2  12.0  -9 -9.0 -9  3  2
202511041400 108  29  2.5  -9 -9.0   -9 1015.5 1025.8 -9  -9.0  15.7   4.7  48.0   8.5   -9.0   -9.0   -9.0   -9.0   -9.0   -9.0   -9.0 -9 -9 -                        0   0   -9 -         -9  -9  -9  1624  1.0  2.06 -9  20.8  12.6  11.7  11.4  12.0  -9 -9.0 -9  3  2
202511041500 108  25  2.2  -9 -9.0   -9 1015.2 1025.4  7  -2.0  16.2   3.2  42.0   7.7   -9.0   -9.0   -9.0   -9.0   -9.0   -9.0   -9.0 -9 -9 -                        0   0   -9 -         -9  -9  -9  1602  1.0  1.60 -9  17.9  12.9  12.2  11.7  12.1  -9 -9.0 -9  3  2
202511041600 108  32  1.8  -9 -9.0   -9 1014.9 1025.2 -9  -9.0  15.3   3.1  44.0   7.6   -9.0   -9.0   -9.0   -9.0   -9.0   -9.0   -9.0 -9 -9 -                        0   0   -9 -         -9  -9  -9  1594  1.0  1.01 -9  14.8  12.9  12.4  12.0  12.3  -9 -9.0 -9  3  2
202511041700 108  29  1.7  -9 -9.0   -9 1015.0 1025.3 -9  -9.0  14.0   2.2  45.0   7.2   -9.0   -9.0   -9.0   -9.0   -9.0   -9.0   -9.0 -9 -9 -                        0   0   -9 -         -9  -9  -9  1771  1.0  0.43 -9  11.6  12.6  12.5  12.2  12.5  -9 -9.0 -9  3  2
202511041800 108  29  2.1  -9 -9.0   -9 1015.4 1025.8  3   0.4  12.4   1.6  48.0   6.9   -9.0   -9.0   -9.0   -9.0   -9.0   -9.0   -9.0 -9 -9 -                        0   0   -9 -         -9  -9  -9  2098  0.0  0.04 -9   9.2  12.0  12.3  12.5  12.6  -9 -9.0 -9  3  2
202511041900 108  27  1.3  -9 -9.0   -9 1016.0 1026.5 -9  -9.0  11.3   2.0  53.0   7.1   -9.0   -9.0   -9.0   -9.0   -9.0   -9.0   -9.0 -9 -9 -                        0   0   -9 -         -9  -9  -9  2482 -9.0 -9.00 -9   7.9  11.4  12.0  12.7  12.7  -9 -9.0 -9  3 -9
202511042000 108  27  1.1  -9 -9.0   -9 1016.2 1026.7 -9  -9.0  10.3   1.3  54.0   6.7   -9.0   -9.0   -9.0   -9.0   -9.0   -9.0   -9.0 -9 -9 -                        0   0   -9 -         -9  -9  -9  2729 -9.0 -9.00 -9   7.1  10.9  11.7  12.6  12.9  -9 -9.0 -9  3 -9
202511042100 108   0  0.2  -9 -9.0   -9 1016.2 1026.7  1   0.9   9.6   1.7  58.0   6.9   -9.0   -9.0   -9.0   -9.0   -9.0   -9.0   -9.0 -9 -9 -                        0   0   -9 -         -9  -9  -9  2522 -9.0 -9.00 -9   6.5  10.5  11.3  12.6  12.8  -9 -9.0 -9  3  2
202511042200 108  32  0.7  -9 -9.0   -9 1016.5 1027.0 -9  -9.0   9.0   2.0  62.0   7.1   -9.0   -9.0   -9.0   -9.0   -9.0   -9.0   -9.0 -9 -9 -                        0   0   -9 -         -9  -9  -9  2647 -9.0 -9.00 -9   6.1  10.1  11.1  12.6  13.0  -9 -9.0 -9  3 -9
202511042300 108  36  0.8  -9 -9.0   -9 1016.4 1027.0 -9  -9.0   8.7   0.8  58.0   6.5   -9.0   -9.0   -9.0   -9.0   -9.0   -9.0   -9.0 -9 -9 -                        0   0   -9 -         -9  -9  -9  2695 -9.0 -9.00 -9   5.8   9.8  10.8  12.4  12.9  -9 -9.0 -9  3 -9
202511050000 108  36  0.6  -9 -9.0   -9 1016.1 1026.7  4   0.0   8.1   1.6  64.0   6.9   -9.0   -9.0   -9.0   -9.0   -9.0   -9.0   -9.0 -9 -9 -                        0   0   -9 -         -9  -9  -9  2262 -9.0 -9.00 -9   5.5   9.5  10.5  12.3  12.9  -9 -9.0 -9  3  2
202511050100 108   2  1.6  -9 -9.0   -9 1016.0 1026.6 -9  -9.0   7.9   0.5  60.0   6.3   -9.0   -9.0   -9.0   -9.0   -9.0   -9.0   -9.0 -9 -9 -                        0   0   -9 -         -9  -9  -9  2693 -9.0 -9.00 -9   5.3   9.3  10.3  12.2  12.9  -9 -9.0 -9  3 -9
202511050200 108   2  1.5  -9 -9.0   -9 1015.8 1026.4 -9  -9.0   7.5   0.8  63.0   6.5   -9.0   -9.0   -9.0   -9.0   -9.0   -9.0   -9.0 -9 -9 -                        0   0   -9 -         -9  -9  -9  2519 -9.0 -9.00 -9   5.0   9.1  10.1  12.1  12.9  -9 -9.0 -9  3 -9
202511050300 108   2  1.8  -9 -9.0   -9 1015.6 1026.2  7  -0.5   7.0   1.0  66.0   6.6   -9.0   -9.0   -9.0   -9.0   -9.0   -9.0   -9.0 -9 -9 -                        0   0   -9 -         -9  -9  -9  2614 -9.0 -9.00 -9   4.8   8.9   9.9  11.9  12.7  -9 -9.0 -9  3  2
202511050400 108   2  1.2  -9 -9.0   -9 1015.3 1025.9 -9  -9.0   6.8   1.4  69.0   6.8   -9.0   -9.0   -9.0   -9.0   -9.0   -9.0   -9.0 -9 -9 -                        0   0   -9 -         -9  -9  -9  2421 -9.0 -9.00 -9   4.5   8.7   9.7  11.8  12.7  -9 -9.0 -9  3  2
202511050500 108   5  1.2  -9 -9.0   -9 1015.1 1025.7 -9  -9.0   6.4   1.5  71.0   6.8   -9.0   -9.0   -9.0   -9.0   -9.0   -9.0   -9.0 -9 -9 -                        0   0   -9 -         -9  -9  -9  2164 -9.0 -9.00 -9   4.3   8.5   9.5  11.8  12.7  -9 -9.0 -9  3  2
202511050600 108   2  2.0  -9 -9.0   -9 1015.5 1026.2  4   0.0   6.1   1.6  73.0   6.9   -9.0   -9.0   -9.0   -9.0   -9.0   -9.0   -9.0 -9 -9 -                        0   0   -9 -         -9  -9  -9  1897 -9.0 -9.00 -9   4.1   8.3   9.4  11.6  12.5  -9 -9.0 -9  3  2
202511050700 108   5  1.8  -9 -9.0   -9 1015.6 1026.3 -9  -9.0   5.7   1.7  76.0   6.9   -9.0   -9.0   -9.0   -9.0   -9.0   -9.0   -9.0 -9 -9 -                        0   0   -9 -         -9  -9  -9  1672 -9.0 -9.00 -9   3.8   8.1   9.2  11.4  12.5  -9 -9.0 -9  3  2
202511050800 108   2  2.5  -9 -9.0   -9 1015.9 1026.6 -9  -9.0   5.9   2.3  78.0   7.2   -9.0   -9.0   -9.0   -9.0   -9.0   -9.0   -9.0 -9 -9 -                        0   0   -9 -         -9  -9  -9  1581  0.5  0.15 -9   5.2   8.0   9.1  11.3  12.4  -9 -9.0 -9  3  2
202511050900 108   5  1.3  -9 -9.0   -9 1016.3 1026.9  2   0.7   8.1   3.5  73.0   7.8   -9.0   -9.0   -9.0   -9.0   -9.0   -9.0   -9.0 -9 -9 -                        0   0   -9 -         -9  -9  -9  1566  1.0  0.72 -9   9.4   8.5   9.0  11.2  12.1  -9 -9.0 -9  3  2
202511051000 108   5  1.3  -9 -9.0   -9 1015.8 1026.3 -9  -9.0  11.2   4.1  62.0   8.2   -9.0   -9.0   -9.0   -9.0   -9.0   -9.0   -9.0 -9 -9 -                        0   0   -9 -         -9  -9  -9  1610  1.0  1.39 -9  14.8   9.3   9.3  11.1  12.3  -9 -9.0 -9  3  2
202511051100 108   9  1.0  -9 -9.0   -9 1015.4 1025.7 -9  -9.0  14.1   4.6  53.0   8.5   -9.0   -9.0   -9.0   -9.0   -9.0   -9.0   -9.0 -9 -9 -                        0   0   -9 -         -9  -9  -9  1666  1.0  1.87 -9  18.2  10.3   9.8  11.1  12.0  -9 -9.0 -9  3  2
202511051200 108  27  1.5  -9 -9.0   -9 1014.7 1025.0  7  -1.9  16.0   4.9  48.0   8.7   -9.0   -9.0   -9.0   -9.0   -9.0   -9.0   -9.0 -9 -9 -                        0   0   -9 -         -9  -9  -9  1500  1.0  2.16 -9  20.6  11.3  10.5  11.1  12.0  -9 -9.0 -9  3  2
202511051300 108   5  1.7  -9 -9.0   -9 1013.5 1023.7 -9  -9.0  16.8   4.7  45.0   8.5   -9.0   -9.0   -9.0   -9.0   -9.0   -9.0   -9.0 -9 -9 -                        0   0   -9 -         -9  -9  -9  1587  1.0  2.22 -9  21.2  12.1  11.2  11.3  12.0  -9 -9.0 -9  3  2
202511051400 108  14  1.2  -9 -9.0   -9 1012.6 1022.7 -9  -9.0  18.5   4.9  41.0   8.7   -9.0   -9.0   -9.0   -9.0   -9.0   -9.0   -9.0 -9 -9 -                        0   0   -9 -         -9  -9  -9  1532  1.0  2.07 -9  22.1  12.8  11.8  11.5  12.0  -9 -9.0 -9  3  2
202511051500 108  36  1.2  -9 -9.0   -9 1012.4 1022.5  7  -2.5  18.7   4.0  38.0   8.1   -9.0   -9.0   -9.0   -9.0   -9.0   -9.0   -9.0 -9 -9 -                        1   0   -9 Ci         1   0   0  1536  1.0  1.65 -9  18.8  13.3  12.4  11.8  12.2  -9 -9.0 -9  3  2
202511051600 108  18  2.2  -9 -9.0   -9 1012.5 1022.6 -9  -9.0  18.7   4.8  40.0   8.6   -9.0   -9.0   -9.0   -9.0   -9.0   -9.0   -9.0 -9 -9 -                        2   0   -9 Ci         1   0   0  1370  1.0  1.07 -9  16.1  13.4  12.7  12.0  12.3  -9 -9.0 -9  3  2
202511051700 108  27  1.7  -9 -9.0   -9 1012.7 1022.9 -9  -9.0  17.3   4.9  44.0   8.7   -9.0   -9.0   -9.0   -9.0   -9.0   -9.0   -9.0 -9 -9 -                        3   0   -9 Ci         1   0   0  1515  1.0  0.39 -9  13.0  13.2  12.9  12.4  12.5  -9 -9.0 -9  3  2
202511051800 108  32  1.6  -9 -9.0   -9 1012.8 1023.1  2   0.6  15.1   4.7  50.0   8.5   -9.0   -9.0   -9.0   -9.0   -9.0   -9.0   -9.0 -9 -9 -                        2   0   -9 Ci         1   0   0  2059  0.1  0.04 -9  10.2  12.7  12.8  12.6  12.6  -9 -9.0 -9  3  2
202511051900 108  27  1.8  -9 -9.0   -9 1013.4 1023.7 -9  -9.0  13.5   4.0  53.0   8.1   -9.0   -9.0   -9.0   -9.0   -9.0   -9.0   -9.0 -9 -9 -                        1   1   73 -         -9  -9  -9  2142 -9.0 -9.00 -9   8.8  12.0  12.5  12.7  12.8  -9 -9.0 -9  3 -9
202511052000 108  27  1.3  -9 -9.0   -9 1013.7 1024.1 -9  -9.0  12.7   5.1  60.0   8.8   -9.0   -9.0   -9.0   -9.0   -9.0   -9.0   -9.0 -9 -9 -                        0   0   -9 -         -9  -9  -9  1958 -9.0 -9.00 -9   8.0  11.5  12.1  12.8  13.0  -9 -9.0 -9  3 -9
202511052100 108   0  0.2  -9 -9.0   -9 1013.7 1024.1  1   1.0  11.9   5.5  65.0   9.0   -9.0   -9.0   -9.0   -9.0   -9.0   -9.0   -9.0 -9 -9 -                        6   0   -9 Ci         1   0   0  1803 -9.0 -9.00 -9   7.4  11.1  11.8  12.8  13.0  -9 -9.0 -9  3  2
202511052200 108  32  0.9  -9 -9.0   -9 1014.0 1024.4 -9  -9.0  11.5   4.6  63.0   8.5   -9.0   -9.0   -9.0   -9.0   -9.0   -9.0   -9.0 -9 -9 -                        3   3   65 -         -9  -9  -9  1849 -9.0 -9.00 -9   7.1  10.8  11.6  12.8  13.1  -9 -9.0 -9  3 -9
202511052300 108  27  0.6  -9 -9.0   -9 1014.0 1024.5 -9  -9.0  10.7   4.5  66.0   8.4   -9.0   -9.0   -9.0   -9.0   -9.0   -9.0   -9.0 -9 -9 -                        0   0   -9 -         -9  -9  -9  1731 -9.0 -9.00 -9   6.7  10.6  11.3  12.7  13.1  -9 -9.0 -9  3 -9
202511060000 108  36  1.4  -9 -9.0   -9 1014.1 1024.6  2   0.5  10.1   4.2  67.0   8.2   -9.0   -9.0   -9.0   -9.0   -9.0   -9.0   -9.0 -9 -9 -                        0   0   -9 -         -9  -9  -9  1756 -9.0 -9.00 -9   6.4  10.3  11.1  12.6  13.0  -9 -9.0 -9  3  2
202511060100 108  36  0.5  -9 -9.0   -9 1014.1 1024.6 -9  -9.0   9.8   4.3  69.0   8.3   -9.0   -9.0   -9.0   -9.0   -9.0   -9.0   -9.0 -9 -9 -                        0   0   -9 -         -9  -9  -9  1640 -9.0 -9.00 -9   6.1  10.0  10.9  12.5  13.0  -9 -9.0 -9  3 -9
202511060200 108   2  1.5  -9 -9.0   -9 1014.5 1025.0 -9  -9.0   9.4   4.3  71.0   8.3   -9.0   -9.0   -9.0   -9.0   -9.0   -9.0   -9.0 -9 -9 -                        0   0   -9 -         -9  -9  -9  1642 -9.0 -9.00 -9   5.9   9.8  10.6  12.3  13.0  -9 -9.0 -9  3 -9
202511060300 108  36  1.0  -9 -9.0   -9 1014.8 1025.3  2   0.7   8.7   4.3  74.0   8.3   -9.0   -9.0   -9.0   -9.0   -9.0   -9.0   -9.0 -9 -9 -                        0   0   -9 -         -9  -9  -9  1539 -9.0 -9.00 -9   5.5   9.6  10.5  12.3  12.9  -9 -9.0 -9  3  2
202511060400 108   2  2.2  -9 -9.0   -9 1014.7 1025.3 -9  -9.0   8.1   4.3  77.0   8.3   -9.0   -9.0   -9.0   -9.0   -9.0   -9.0   -9.0 -9 -9 -                        0   0   -9 -         -9  -9  -9  1256 -9.0 -9.00 -9   5.5   9.4  10.3  12.1  12.8  -9 -9.0 -9  3  2
202511060500 108   5  1.7  -9 -9.0   -9 1014.9 1025.5 -9  -9.0   8.0   4.5  79.0   8.4   -9.0   -9.0   -9.0   -9.0   -9.0   -9.0   -9.0 -9 -9 -                        0   0   -9 -         -9  -9  -9  1266 -9.0 -9.00 -9   5.5   9.2  10.1  12.0  12.8  -9 -9.0 -9  3  2
202511060600 108   2  1.3  -9 -9.0   -9 1014.8 1025.4  0   0.1   7.8   4.5  80.0   8.4   -9.0   -9.0   -9.0   -9.0   -9.0   -9.0   -9.0 -9 -9 -                        0   0   -9 -         -9  -9  -9  1214 -9.0 -9.00 -9   5.2   9.1   9.9  11.9  12.7  -9 -9.0 -9  3  2
202511060700 108  36  1.5  -9 -9.0   -9 1015.1 1025.7 -9  -9.0   7.5   4.6  82.0   8.5   -9.0   -9.0   -9.0   -9.0   -9.0   -9.0   -9.0 -9 -9 -                        0   0   -9 -         -9  -9  -9  1048 -9.0 -9.00 -9   5.1   8.9   9.8  11.8  12.7  -9 -9.0 -9  3  2
202511060800 108   5  1.2  -9 -9.0   -9 1015.5 1026.1 -9  -9.0   7.6   4.8  83.0   8.6   -9.0   -9.0   -9.0   -9.0   -9.0   -9.0   -9.0 -9 -9 -                        3   0   -9 Ci         1   0   0  1022  0.4  0.15 -9   6.7   8.9   9.7  11.7  12.5  -9 -9.0 -9  3  2
202511060900 108   2  1.5  -9 -9.0   -9 1015.8 1026.3  2   0.9   9.1   6.1  82.0   9.4   -9.0   -9.0   -9.0   -9.0   -9.0   -9.0   -9.0 -9 -9 -                        8   0   -9 Ci         1   0   0  1032  0.7  0.53 -9  10.5   9.3   9.7  11.5  12.4  -9 -9.0 -9  3  2
202511061000 108   2  1.3  -9 -9.0   -9 1015.8 1026.3 -9  -9.0  11.2   6.3  72.0   9.5   -9.0   -9.0   -9.0   -9.0   -9.0   -9.0   -9.0 -9 -9 -                        8   0   -9 Ci         2   0   0  1001  0.8  0.99 -9  13.9  10.1  10.0  11.4  12.3  -9 -9.0 -9  3  2
202511061100 108  11  1.2  -9 -9.0   -9 1015.7 1026.1 -9  -9.0  13.4   7.6  68.0  10.4   -9.0   -9.0   -9.0   -9.0   -9.0   -9.0   -9.0 -9 -9 -                        7   0   -9 Ci         1   0   0  1083  0.5  1.28 -9  16.6  11.1  10.5  11.4  12.3  -9 -9.0 -9  3  2
202511061200 108  18  2.2  -9 -9.0   -9 1014.7 1024.9  7  -1.4  16.1   8.0  59.0  10.7   -9.0   -9.0   -9.0   -9.0   -9.0   -9.0   -9.0 -9 -9 -                        5   0   -9 Ci         1   0   0  1007  1.0  1.93 -9  20.1  12.2  11.1  11.4  12.2  -9 -9.0 -9  3  2
202511061300 108  27  2.2  -9 -9.0   -9 1013.8 1024.0 -9  -9.0  17.4   7.7  53.0  10.5   -9.0   -9.0   -9.0   -9.0   -9.0   -9.0   -9.0 -9 -9 -                        3   0   -9 Ci         1   0   0  1119  1.0  2.03 -9  22.0  13.2  11.9  11.5  12.2  -9 -9.0 -9  3  2
202511061400 108  29  2.7  -9 -9.0   -9 1013.1 1023.3 -9  -9.0  18.1   7.7  51.0  10.5   -9.0   -9.0   -9.0   -9.0   -9.0   -9.0   -9.0  5  0 40                       2   0   -9 Ci         1   0   0   889  1.0  1.92 -9  22.3  13.9  12.6  11.8  12.3  -9 -9.0 -9  3  1
202511061500 108  27  2.9  -9 -9.0   -9 1013.0 1023.1  7  -1.8  18.5   7.5  49.0  10.4   -9.0   -9.0   -9.0   -9.0   -9.0   -9.0   -9.0 -9 -9 40                       1   0   -9 Ci         1   0   0  1045  1.0  1.54 -9  19.6  14.2  13.0  12.1  12.3  -9 -9.0 -9  3  2
202511061600 108  29  2.5  -9 -9.0   -9 1013.1 1023.3 -9  -9.0  17.8   7.8  52.0  10.6   -9.0   -9.0   -9.0   -9.0   -9.0   -9.0   -9.0 -9 -9 -                        1   0   -9 Ci         1   0   0  1136  1.0  0.86 -9  16.3  14.1  13.3  12.3  12.5  -9 -9.0 -9  3  2
202511061700 108  29  3.1  -9 -9.0   -9 1013.1 1023.3 -9  -9.0  16.7   8.3  58.0  10.9   -9.0   -9.0   -9.0   -9.0   -9.0   -9.0   -9.0 -9 -9 -                        5   0   -9 Ci         1   0   0  1141  0.7  0.39 -9  13.5  13.7  13.3  12.6  12.6  -9 -9.0 -9  3  2
202511061800 108  27  1.2  -9 -9.0   -9 1013.1 1023.4  2   0.3  15.4   8.1  62.0  10.8   -9.0   -9.0   -9.0   -9.0   -9.0   -9.0   -9.0 -9 -9 -                        6   0   -9 Ci         1   0   0  1030  0.0  0.02 -9  10.9  13.2  13.2  12.8  12.7  -9 -9.0 -9  3  2
202511061900 108  27  1.8  -9 -9.0   -9 1013.5 1023.8 -9  -9.0  14.2   8.5  69.0  11.1   -9.0   -9.0   -9.0   -9.0   -9.0   -9.0   -9.0 -9 -9 40                       8   7   72 -         -9  -9  -9   930 -9.0 -9.00 -9  10.4  12.6  12.9  13.0  13.0  -9 -9.0 -9  3  2
202511062000 108  23  0.9  -9 -9.0   -9 1013.3 1023.6 -9  -9.0  13.7   8.5  71.0  11.1   -9.0   -9.0   -9.0   -9.0   -9.0   -9.0   -9.0 -9 -9 40                       5   5   70 -         -9  -9  -9   846 -9.0 -9.00 -9   9.7  12.2  12.6  13.1  13.1  -9 -9.0 -9  3  2
202511062100 108  27  1.5  -9 -9.0   -9 1013.7 1024.1  2   0.7  13.1   8.7  75.0  11.2   -9.0   -9.0   -9.0   -9.0   -9.0   -9.0   -9.0  5 11 40                       8   0   -9 Ci         1   0   0   747 -9.0 -9.00 -9   9.3  12.0  12.4  13.0  13.2  -9 -9.0 -9  3  1
202511062200 108  27  1.5  -9 -9.0   -9 1014.3 1024.7 -9  -9.0  12.6   8.8  78.0  11.3   -9.0   -9.0   -9.0   -9.0   -9.0   -9.0   -9.0 -9 -9 40                       7   7   65 -         -9  -9  -9   667 -9.0 -9.00 -9   9.2  11.7  12.2  13.0  13.2  -9 -9.0 -9  3  2
202511062300 108  29  0.8  -9 -9.0   -9 1014.2 1024.6 -9  -9.0  12.0   8.6  80.0  11.2   -9.0   -9.0   -9.0   -9.0   -9.0   -9.0   -9.0 -9 -9 4019                     1   1   69 -         -9  -9  -9   593 -9.0 -9.00 -9   8.2  11.4  12.0  12.9  13.1  -9 -9.0 -9  3  2
202511070000 108   5  1.0  -9 -9.0   -9 1014.2 1024.6  0   0.5  11.3   7.5  78.0  10.4   -9.0   -9.0   -9.0   -9.0   -9.0   -9.0   -9.0 10  0 19                       2   0   -9 Ci         1   0   0   665 -9.0 -9.00 -9   7.3  11.1  11.8  12.9  13.2  -9 -9.0 -9  3  1
202511070100 108   2  0.8  -9 -9.0   -9 1014.3 1024.8 -9  -9.0  10.5   7.1  80.0  10.1   -9.0   -9.0   -9.0   -9.0   -9.0   -9.0   -9.0 -9 -9 19                       2   2   67 -         -9  -9  -9   686 -9.0 -9.00 -9   6.9  10.7  11.5  12.8  13.2  -9 -9.0 -9  3  2
202511070200 108   2  1.3  -9 -9.0   -9 1014.9 1025.4 -9  -9.0  10.2   7.2  82.0  10.2   -9.0   -9.0   -9.0   -9.0   -9.0   -9.0   -9.0 -9 -9 19                       2   2   -9 -         -9  -9  -9   640 -9.0 -9.00 -9   6.7  10.5  11.3  12.7  13.2  -9 -9.0 -9  3  2
202511070300 108   2  1.6  -9 -9.0   -9 1015.0 1025.5  2   0.9   9.7   7.1  84.0  10.1   -9.0   -9.0   -9.0   -9.0   -9.0   -9.0   -9.0 10  0 19                       0   0   -9 -         -9  -9  -9   518 -9.0 -9.00 -9   6.6  10.3  11.1  12.6  13.1  -9 -9.0 -9  3  1
202511070400 108   2  2.0  -9 -9.0   -9 1014.9 1025.4 -9  -9.0   9.2   6.9  86.0   9.9   -9.0   -9.0   -9.0   -9.0   -9.0   -9.0   -9.0 10 22 19                       6   0   -9 Ci         1   0   0   479 -9.0 -9.00 -9   6.9  10.0  10.9  12.5  13.0  -9 -9.0 -9  3  1
202511070500 108   2  1.6  -9 -9.0   -9 1015.0 1025.5 -9  -9.0   9.1   6.8  86.0   9.9   -9.0   -9.0   -9.0   -9.0   -9.0   -9.0   -9.0 10 22 19                       8   0   -9 Cc         9   0   0   513 -9.0 -9.00 -9   7.3  10.0  10.7  12.4  13.0  -9 -9.0 -9  3  1
202511070600 108   5  1.5  -9 -9.0   -9 1015.2 1025.7  3   0.2   9.1   7.0  87.0  10.0   -9.0   -9.0   -9.0   -9.0   -9.0   -9.0   -9.0 10 22 19                       6   0   -9 Ci         1   0   0   495 -9.0 -9.00 -9   7.0   9.9  10.6  12.3  12.9  -9 -9.0 -9  3  1
202511070700 108   5  2.0  -9 -9.0   -9 1015.1 1025.6 -9  -9.0   8.6   6.5  87.0   9.7   -9.0   -9.0   -9.0   -9.0   -9.0   -9.0   -9.0 10  0 19                       3   3   48 Ac         0   3   0   432 -9.0 -9.00 -9   6.1   9.7  10.5  12.2  12.8  -9 -9.0 -9  3  1
202511070800 108   7  1.5  -9 -9.0   -9 1015.4 1025.9 -9  -9.0   9.0   7.4  90.0  10.3   -9.0   -9.0   -9.0   -9.0   -9.0   -9.0   -9.0 10  0 19                       3   3   46 Ac         0   3   0   518  0.2  0.14 -9   8.4   9.6  10.3  12.1  12.8  -9 -9.0 -9  3  1
202511070900 108   7  1.3  -9 -9.0   -9 1015.9 1026.4  3   0.7  10.7   7.5  81.0  10.4   -9.0   -9.0   -9.0   -9.0   -9.0   -9.0   -9.0 10 11 19                       6   2   43 AcCi       1   3   0   830  0.8  0.59 -9  11.9  10.1  10.4  11.9  12.6  -9 -9.0 -9  3  1
202511071000 108   7  1.3  -9 -9.0   -9 1016.0 1026.4 -9  -9.0  13.2   7.8  70.0  10.6   -9.0   -9.0   -9.0   -9.0   -9.0   -9.0   -9.0 10  0 19                       0   0   -9 -         -9  -9  -9   956  1.0  1.14 -9  15.7  10.8  10.6  11.8  12.6  -9 -9.0 -9  3  1
202511071100 108   7  2.3  -9 -9.0   -9 1015.5 1025.8 -9  -9.0  15.5   8.0  61.0  10.7   -9.0   -9.0   -9.0   -9.0   -9.0   -9.0   -9.0 -9 -9 19                       6   2   46 AcCi       1   3   0  1069  1.0  1.82 -9  19.5  11.6  11.1  11.9  12.5  -9 -9.0 -9  3  2
202511071200 108   9  1.4  -9 -9.0   -9 1014.9 1025.1  7  -1.3  17.0   8.1  56.0  10.8   -9.0   -9.0   -9.0   -9.0   -9.0   -9.0   -9.0 -9 -9 -                        1   0   -9 Ci         1   0   0  1219  0.9  1.76 -9  20.7  12.5  11.6  11.9  12.5  -9 -9.0 -9  3  2
202511071300 108   5  2.1  -9 -9.0   -9 1014.2 1024.4 -9  -9.0  18.4   7.7  50.0  10.5   -9.0   -9.0   -9.0   -9.0   -9.0   -9.0   -9.0 -9 -9 -                        0   0   -9 -         -9  -9  -9  1315  1.0  2.14 -9  22.3  13.5  12.2  12.0  12.5  -9 -9.0 -9  3  2
202511071400 108   9  1.9  -9 -9.0   -9 1014.1 1024.2 -9  -9.0  19.5   7.5  46.0  10.4   -9.0   -9.0   -9.0   -9.0   -9.0   -9.0   -9.0 -9 -9 -                        0   0   -9 -         -9  -9  -9  1291  1.0  1.98 -9  23.1  14.1  12.8  12.2  12.4  -9 -9.0 -9  3  2
202511071500 108   5  2.4  -9 -9.0   -9 1013.7 1023.8  7  -1.3  19.9   6.9  43.0   9.9   -9.0   -9.0   -9.0   -9.0   -9.0   -9.0   -9.0 -9 -9 -                        1   0   -9 Ci         1   0   0  2071  1.0  1.59 -9  20.3  14.5  13.2  12.4  12.6  -9 -9.0 -9  3  2
202511071600 108   5  1.9  -9 -9.0   -9 1013.4 1023.5 -9  -9.0  19.9   7.2  44.0  10.2   -9.0   -9.0   -9.0   -9.0   -9.0   -9.0   -9.0 -9 -9 -                        0   0   -9 -         -9  -9  -9  1938  1.0  1.09 -9  17.0  14.2  13.6  12.7  12.8  -9 -9.0 -9  3  2
202511071700 108   2  2.1  -9 -9.0   -9 1013.3 1023.4 -9  -9.0  18.6   6.7  46.0   9.8   -9.0   -9.0   -9.0   -9.0   -9.0   -9.0   -9.0 -9 -9 -                        0   0   -9 -         -9  -9  -9  1872  1.0  0.43 -9  14.3  14.3  13.7  12.9  13.0  -9 -9.0 -9  3  2
202511071800 108   2  1.6  -9 -9.0   -9 1013.5 1023.7  5  -0.1  16.8   7.4  54.0  10.3   -9.0   -9.0   -9.0   -9.0   -9.0   -9.0   -9.0 -9 -9 -                        0   0   -9 -         -9  -9  -9  1718  0.0  0.04 -9  11.6  13.7  13.6  13.2  13.1  -9 -9.0 -9  3  2
202511071900 108   5  1.6  -9 -9.0   -9 1013.9 1024.2 -9  -9.0  15.5   6.4  55.0   9.6   -9.0   -9.0   -9.0   -9.0   -9.0   -9.0   -9.0 -9 -9 -                        0   0   -9 -         -9  -9  -9  1604 -9.0 -9.00 -9  10.2  13.0  13.3  13.4  13.3  -9 -9.0 -9  3 -9
202511072000 108   7  1.7  -9 -9.0   -9 1014.3 1024.6 -9  -9.0  14.5   6.5  59.0   9.7   -9.0   -9.0   -9.0   -9.0   -9.0   -9.0   -9.0 -9 -9 -                        0   0   -9 -         -9  -9  -9  1764 -9.0 -9.00 -9   9.7  12.5  12.9  13.4  13.3  -9 -9.0 -9  3 -9
202511072100 108   7  3.2  -9 -9.0   -9 1014.5 1024.8  2   1.1  14.5   6.5  59.0   9.7   -9.0   -9.0   -9.0   -9.0   -9.0   -9.0   -9.0 -9 -9 -                        0   0   -9 -         -9  -9  -9  1942 -9.0 -9.00 -9   9.8  12.3  12.7  13.4  13.5  -9 -9.0 -9  3  2
202511072200 108   7  3.1  -9 -9.0   -9 1014.6 1024.9 -9  -9.0  14.1   6.4  60.0   9.6   -9.0   -9.0   -9.0   -9.0   -9.0   -9.0   -9.0 -9 -9 -                        0   0   -9 -         -9  -9  -9  1893 -9.0 -9.00 -9   9.7  12.2  12.5  13.4  13.4  -9 -9.0 -9  3 -9
202511072300 108   5  3.5  -9 -9.0   -9 1015.2 1025.5 -9  -9.0  13.8   7.0  64.0  10.0   -9.0   -9.0   -9.0   -9.0   -9.0   -9.0   -9.0 -9 -9 -                        3   1   -9 -         -9  -9  -9  1797 -9.0 -9.00 -9   9.6  12.1  12.3  13.3  13.4  -9 -9.0 -9  3 -9
202511080000 108   5  2.7  -9 -9.0   -9 1015.5 1025.9  2   1.1  13.1   6.8  66.0   9.9   -9.0   -9.0   -9.0   -9.0   -9.0   -9.0   -9.0 -9 -9 -                        0   0   -9 -         -9  -9  -9  1636 -9.0 -9.00 -9   9.1  11.9  12.2  13.2  13.5  -9 -9.0 -9  3  2
202511080100 108   5  3.1  -9 -9.0   -9 1015.1 1025.5 -9  -9.0  12.9   7.1  68.0  10.1   -9.0   -9.0   -9.0   -9.0   -9.0   -9.0   -9.0 -9 -9 -                        0   0   -9 -         -9  -9  -9  1670 -9.0 -9.00 -9   9.2  11.7  12.1  13.1  13.5  -9 -9.0 -9  3 -9
202511080200 108   7  3.3  -9 -9.0   -9 1014.8 1025.2 -9  -9.0  13.1   7.3  68.0  10.2   -9.0   -9.0   -9.0   -9.0   -9.0   -9.0   -9.0 -9 -9 -                        7   7   59 -         -9  -9  -9  1799 -9.0 -9.00 -9   9.5  11.7  12.0  13.0  13.5  -9 -9.0 -9  3 -9
202511080300 108   5  2.5  -9 -9.0   -9 1015.5 1025.9  4   0.0  12.5   7.5  72.0  10.4   -9.0   -9.0   -9.0   -9.0   -9.0   -9.0   -9.0 -9 -9 -                        6   0   -9 Cc         9   0   0  1868 -9.0 -9.00 -9   9.0  11.6  11.9  13.0  13.3  -9 -9.0 -9  3  2
202511080400 108   5  2.1  -9 -9.0   -9 1015.7 1026.1 -9  -9.0  12.4   7.6  73.0  10.4   -9.0   -9.0   -9.0   -9.0   -9.0   -9.0   -9.0 -9 -9 -                        6   6   30 Ac         0   3   0  2087 -9.0 -9.00 -9   9.1  11.4  11.8  12.9  13.3  -9 -9.0 -9  3  2
202511080500 108   7  2.2  -9 -9.0   -9 1015.7 1026.1 -9  -9.0  12.6   8.2  75.0  10.9   -9.0   -9.0   -9.0   -9.0   -9.0   -9.0   -9.0 -9 -9 -                        8   8   43 Ac         0   3   0  2055 -9.0 -9.00 -9  10.1  11.4  11.7  12.8  13.3  -9 -9.0 -9  3  2
202511080600 108   5  3.0  -9 -9.0   -9 1015.2 1025.6  8  -0.3  12.8   8.4  75.0  11.0   -9.0   -9.0   -9.0   -9.0   -9.0   -9.0   -9.0 -9 -9 -                       10  10   35 As        -9   2   0  2329 -9.0 -9.00 -9  10.5  11.6  11.7  12.7  13.3  -9 -9.0 -9  3  2
202511080700 108   5  2.8  -9 -9.0   -9 1015.2 1025.6 -9  -9.0  12.9   8.7  76.0  11.2   -9.0   -9.0   -9.0   -9.0   -9.0   -9.0   -9.0 -9 -9 -                       10  10   28 As        -9   2   0  2450 -9.0 -9.00 -9  10.8  11.6  11.7  12.7  13.2  -9 -9.0 -9  3  2
202511080800 108   5  3.2  -9 -9.0   -9 1015.6 1026.0 -9  -9.0  13.1   8.7  75.0  11.2   -9.0   -9.0   -9.0   -9.0   -9.0   -9.0   -9.0 -9 -9 -                       10   2   19 ScAs      -9   2   5  2693  0.0  0.03 -9  11.5  11.7  11.8  12.7  13.1  -9 -9.0 -9  3  2
202511080900 108   5  3.2  -9 -9.0   -9 1015.5 1025.8  0   0.2  13.9   9.1  73.0  11.6   -9.0   -9.0   -9.0   -9.0   -9.0   -9.0   -9.0 -9 -9 -                        9   9   29 Ac         0   3   0  3018  0.0  0.29 -9  14.4  12.0  11.8  12.7  13.1  -9 -9.0 -9  3  2
202511081000 108   5  2.5  -9 -9.0   -9 1014.7 1025.0 -9  -9.0  14.9   9.4  70.0  11.8   -9.0   -9.0   -9.0   -9.0   -9.0   -9.0   -9.0 -9 -9 -                        9   9   30 Ac         0   3   0  2900  0.0  0.53 -9  17.1  12.7  12.1  12.6  13.1  -9 -9.0 -9  3  2
202511081100 108   7  1.7  -9 -9.0   -9 1014.9 1025.2 -9  -9.0  15.2   9.5  69.0  11.9   -9.0   -9.0   -9.0   -9.0   -9.0   -9.0   -9.0 -9 -9 -                       10  10   27 As        -9   2   0  2737  0.0  0.48 -9  16.6  13.2  12.4  12.7  13.0  -9 -9.0 -9  3  2
202511081200 108   7  2.1  -9 -9.0   -9 1014.2 1024.4  7  -1.4  16.0   9.4  65.0  11.8    0.0    0.0    0.0   -9.0   -9.0   -9.0   -9.0 21 62 01                      10  10   29 As        -9   2   0  2880  0.0  0.70 -9  19.6  13.8  12.7  12.7  13.1  -9 -9.0 -9  4  1
202511081300 108   7  2.4  -9 -9.0   -9 1012.6 1022.8 -9  -9.0  16.8   9.7  63.0  12.0   -9.0    0.0    0.0   -9.0   -9.0   -9.0   -9.0 -9 -9 -                       10  10   29 As        -9   2   0  2357  0.0  1.02 -9  20.1  14.6  13.1  12.8  13.1  -9 -9.0 -9  3  2
202511081400 108   5  2.1  -9 -9.0   -9 1011.3 1021.5 -9  -9.0  16.9   9.3  61.0  11.7   -9.0    0.0    0.0   -9.0   -9.0   -9.0   -9.0 -9 -9 -                       10  10   29 As        -9   2   0  2665  0.0  0.53 -9  18.8  14.8  13.5  13.0  13.0  -9 -9.0 -9  3  2
202511081500 108   5  2.1  -9 -9.0   -9 1010.9 1021.1  7  -3.3  17.0   9.4  61.0  11.8    0.0    0.0    0.0   -9.0   -9.0   -9.0   -9.0 21 62 01                      10  10   28 As        -9   2   0  2585  0.0  0.50 -9  18.5  14.9  13.8  13.2  13.1  -9 -9.0 -9  4  1
202511081600 108  36  1.8  -9 -9.0   -9 1010.9 1021.1 -9  -9.0  16.8   9.2  61.0  11.6   -9.0    0.0    0.0   -9.0   -9.0   -9.0   -9.0 -9 -9 -                       10  10   28 As        -9   2   0  2589  0.0  0.31 -9  16.7  14.9  13.9  13.3  13.3  -9 -9.0 -9  3  2
202511081700 108   5  1.6  -9 -9.0   -9 1011.0 1021.2 -9  -9.0  16.4   9.0  62.0  11.5   -9.0    0.0    0.0   -9.0   -9.0   -9.0   -9.0 -9 -9 -                       10  10   27 As        -9   2   0  2441  0.0  0.14 -9  15.2  14.7  13.9  13.4  13.3  -9 -9.0 -9  3  2
202511081800 108   5  1.7  -9 -9.0   -9 1010.8 1021.0  8  -0.1  15.8   8.9  64.0  11.4   -9.0    0.0    0.0   -9.0   -9.0   -9.0   -9.0 -9 -9 -                       10  10   27 As        -9   2   0  2139  0.0  0.01 -9  13.7  14.3  13.9  13.5  13.5  -9 -9.0 -9  3  2
202511081900 108   5  1.5  -9 -9.0   -9 1010.7 1020.9 -9  -9.0  15.4   9.0  66.0  11.5   -9.0    0.0    0.0   -9.0   -9.0   -9.0   -9.0 -9 -9 -                       10  10   28 -         -9  -9  -9  2122 -9.0 -9.00 -9  13.4  14.0  13.7  13.6  13.6  -9 -9.0 -9  3 -9
202511082000 108   2  1.4  -9 -9.0   -9 1010.5 1020.7 -9  -9.0  15.0   9.3  69.0  11.7   -9.0    0.0    0.0   -9.0   -9.0   -9.0   -9.0 -9 -9 -                        9   9   25 -         -9  -9  -9  2201 -9.0 -9.00 -9  12.6  13.7  13.6  13.6  13.6  -9 -9.0 -9  3 -9
202511082100 108   5  1.2  -9 -9.0   -9 1010.3 1020.6  7  -0.4  14.7   9.2  70.0  11.6   -9.0    0.0    0.0   -9.0   -9.0   -9.0   -9.0 -9 -9 -                        8   8   24 As         0   2   0  2094 -9.0 -9.00 -9  12.5  13.5  13.4  13.7  13.7  -9 -9.0 -9  3  2
202511082200 108   7  1.9  -9 -9.0   -9 1009.9 1020.2 -9  -9.0  14.3   8.8  70.0  11.3   -9.0    0.0    0.0   -9.0   -9.0   -9.0   -9.0 -9 -9 -                       10   9   26 -         -9  -9  -9  2260 -9.0 -9.00 -9  12.4  13.4  13.3  13.7  13.8  -9 -9.0 -9  3 -9
202511082300 108   5  1.6  -9 -9.0   -9 1009.1 1019.4 -9  -9.0  14.0   9.2  73.0  11.6   -9.0    0.0    0.0   -9.0   -9.0   -9.0   -9.0 -9 -9 -                       10  10   27 -         -9  -9  -9  1952 -9.0 -9.00 -9  12.4  13.3  13.2  13.6  13.8  -9 -9.0 -9  3 -9
202511090000 108   5  1.9  -9 -9.0   -9 1008.5 1018.8  7  -1.8  13.3   8.9  75.0  11.4   -9.0    0.0    0.0   -9.0   -9.0   -9.0   -9.0 -9 -9 -                        7   0   -9 Ci         1   0   0  1887 -9.0 -9.00 -9  10.6  13.0  13.1  13.7  13.8  -9 -9.0 -9  3  2
202511090100 108   2  0.9  -9 -9.0   -9 1008.2 1018.5 -9  -9.0  12.8   8.8  77.0  11.3   -9.0   -9.0   -9.0   -9.0   -9.0   -9.0   -9.0 -9 -9 -                        6   2   64 -         -9  -9  -9  1954 -9.0 -9.00 -9   9.8  12.6  12.9  13.6  13.7  -9 -9.0 -9  3 -9
202511090200 108  36  1.4  -9 -9.0   -9 1008.1 1018.4 -9  -9.0  12.3   8.7  79.0  11.2   -9.0   -9.0   -9.0   -9.0   -9.0   -9.0   -9.0 -9 -9 -                        0   0   -9 -         -9  -9  -9  2050 -9.0 -9.00 -9  10.2  12.3  12.6  13.5  13.8  -9 -9.0 -9  3 -9
202511090300 108  29  1.4  -9 -9.0   -9 1008.1 1018.4  6  -0.4  12.5   9.1  80.0  11.6   -9.0   -9.0   -9.0   -9.0   -9.0   -9.0   -9.0 -9 -9 -                        9   4   12 ScAs       0   2   5  1948 -9.0 -9.00 -9  11.3  12.3  12.5  13.5  13.8  -9 -9.0 -9  3  2
202511090400 108   0  0.2  -9 -9.0   -9 1007.7 1018.0 -9  -9.0  12.6   9.0  79.0  11.5   -9.0   -9.0   -9.0   -9.0   -9.0   -9.0   -9.0 -9 -9 -                        9   9   12 Sc         0   0   5  1839 -9.0 -9.00 -9  11.7  12.4  12.5  13.4  13.8  -9 -9.0 -9  3  2
202511090500 108  27  1.4  -9 -9.0   -9 1007.4 1017.7 -9  -9.0  12.8   8.8  77.0  11.3   -9.0   -9.0   -9.0   -9.0   -9.0   -9.0   -9.0 -9 -9 -                        6   3   11 ScAc       0   3   5  1624 -9.0 -9.00 -9  10.6  12.5  12.5  13.3  13.7  -9 -9.0 -9  3  2
202511090600 108  27  1.7  -9 -9.0   -9 1007.1 1017.4  7  -1.0  12.3   8.7  79.0  11.2   -9.0   -9.0   -9.0   -9.0   -9.0   -9.0   -9.0 -9 -9 -                        0   0   -9 -         -9  -9  -9  1501 -9.0 -9.00 -9   9.3  12.2  12.4  13.3  13.6  -9 -9.0 -9  3  2
202511090700 108  23  1.2  -9 -9.0   -9 1007.0 1017.4 -9  -9.0  11.3   8.1  81.0  10.8   -9.0   -9.0   -9.0   -9.0   -9.0   -9.0   -9.0 -9 -9 -                        0   0   -9 -         -9  -9  -9  1509 -9.0 -9.00 -9   8.1  11.7  12.2  13.3  13.7  -9 -9.0 -9  3  2
202511090800 108  27  1.2  -9 -9.0   -9 1007.7 1018.1 -9  -9.0  11.0   8.2  83.0  10.9   -9.0   -9.0   -9.0   -9.0   -9.0   -9.0   -9.0 -9 -9 -                        0   0   -9 -         -9  -9  -9  1466  0.1  0.10 -9   9.2  11.4  12.0  13.2  13.6  -9 -9.0 -9  3  2
202511090900 108  27  1.8  -9 -9.0   -9 1008.1 1018.4  2   1.0  12.3   9.4  83.0  11.8   -9.0   -9.0   -9.0   -9.0   -9.0   -9.0   -9.0 -9 -9 -                        0   0   -9 -         -9  -9  -9  1348  1.0  0.58 -9  12.7  11.7  11.9  13.1  13.5  -9 -9.0 -9  3  2
202511091000 108  27  2.4  -9 -9.0   -9 1007.9 1018.2 -9  -9.0  13.9  10.1  78.0  12.4   -9.0   -9.0   -9.0   -9.0   -9.0   -9.0   -9.0 10  0 19                       1   1    5 Sc         0   0   5   959  0.9  1.18 -9  17.1  12.4  12.1  13.0  13.6  -9 -9.0 -9  3  1
202511091100 108  32  3.0  -9 -9.0   -9 1007.5 1017.7 -9  -9.0  15.0   8.4  65.0  11.0   -9.0   -9.0   -9.0   -9.0   -9.0   -9.0   -9.0 -9 -9 19                       2   2    8 Sc         0   0   5  1417  1.0  1.73 -9  19.7  13.1  12.4  13.0  13.4  -9 -9.0 -9  3  2
202511091200 108  27  2.6  -9 -9.0   -9 1006.9 1017.1  7  -1.3  16.4   6.5  52.0   9.7   -9.0   -9.0   -9.0   -9.0   -9.0   -9.0   -9.0 -9 -9 -                        0   0   -9 -         -9  -9  -9  1686  1.0  2.12 -9  21.9  13.9  12.8  13.0  13.3  -9 -9.0 -9  3  2
202511091300 108  27  2.6  -9 -9.0   -9 1005.8 1015.9 -9  -9.0  17.5   2.6  37.0   7.4   -9.0   -9.0   -9.0   -9.0   -9.0   -9.0   -9.0 -9 -9 -                        0   0   -9 -         -9  -9  -9  2415  1.0  2.18 -9  22.3  14.5  13.3  13.0  13.4  -9 -9.0 -9  3  2
202511091400 108  27  3.5  -9 -9.0   -9 1005.4 1015.5 -9  -9.0  17.1   1.8  36.0   7.0   -9.0   -9.0   -9.0   -9.0   -9.0   -9.0   -9.0 -9 -9 -                        2   2   10 Sc         0   0   5  2465  0.8  1.73 -9  21.1  14.6  13.6  13.2  13.4  -9 -9.0 -9  3  2
202511091500 108  25  3.7  -9 -9.0   -9 1005.3 1015.4  7  -1.7  17.2   4.8  44.0   8.6   -9.0   -9.0   -9.0   -9.0   -9.0   -9.0   -9.0 -9 -9 -                        2   1   16 ScAc       0   3   5  1929  0.9  1.44 -9  19.8  14.8  13.8  13.4  13.4  -9 -9.0 -9  3  2
202511091600 108  25  3.8  -9 -9.0   -9 1005.4 1015.6 -9  -9.0  16.1   5.9  51.0   9.3   -9.0   -9.0   -9.0   -9.0   -9.0   -9.0   -9.0 -9 -9 -                        3   2   10 ScCi       1   0   5  1991  0.8  0.89 -9  16.2  14.8  14.0  13.6  13.6  -9 -9.0 -9  3  2
202511091700 108  25  3.3  -9 -9.0   -9 1005.3 1015.5 -9  -9.0  14.9   6.1  56.0   9.4   -9.0   -9.0   -9.0   -9.0   -9.0   -9.0   -9.0 -9 -9 -                        3   1   26 AcCi       1   3   0  1607  0.1  0.23 -9  13.3  14.4  13.9  13.8  13.7  -9 -9.0 -9  3  2
202511091800 108  25  3.3  -9 -9.0   -9 1005.4 1015.6  1   0.2  14.0   6.1  59.0   9.4   -9.0   -9.0   -9.0   -9.0   -9.0   -9.0   -9.0 -9 -9 -                        2   2   24 Ac         0   3   0  1555  0.0  0.02 -9  11.3  13.7  13.7  13.9  13.8  -9 -9.0 -9  3  2
202511091900 108  25  3.0  -9 -9.0   -9 1005.9 1016.2 -9  -9.0  13.7   8.1  69.0  10.8   -9.0   -9.0   -9.0   -9.0   -9.0   -9.0   -9.0 -9 -9 -                        2   2    8 -         -9  -9  -9  1070 -9.0 -9.00 -9  11.1  13.4  13.5  13.9  13.8  -9 -9.0 -9  3 -9
202511092000 108  25  3.3  -9 -9.0   -9 1006.1 1016.4 -9  -9.0  13.3   8.1  71.0  10.8   -9.0   -9.0   -9.0   -9.0   -9.0   -9.0   -9.0 -9 -9 -                        0   0   -9 -         -9  -9  -9  1016 -9.0 -9.00 -9  10.5  13.2  13.3  13.9  13.9  -9 -9.0 -9  3 -9
202511092100 108  27  4.3  -9 -9.0   -9 1006.7 1017.0  2   1.4  12.8   5.4  61.0   9.0   -9.0   -9.0   -9.0   -9.0   -9.0   -9.0   -9.0 -9 -9 -                        1   1   10 Sc         0   0   5  1281 -9.0 -9.00 -9   9.7  12.8  13.1  13.8  14.0  -9 -9.0 -9  3  2
202511092200 108  25  4.0  25 10.0 2123 1007.4 1017.7 -9  -9.0  11.7   2.4  53.0   7.3   -9.0   -9.0   -9.0   -9.0   -9.0   -9.0   -9.0 -9 -9 -                        0   0   -9 -         -9  -9  -9  2310 -9.0 -9.00 -9   8.8  12.4  12.8  13.8  14.1  -9 -9.0 -9  3 -9
202511092300 108  27  3.2  -9 -9.0   -9 1007.9 1018.3 -9  -9.0  11.0   2.0  54.0   7.1   -9.0   -9.0   -9.0   -9.0   -9.0   -9.0   -9.0 -9 -9 -                        0   0   -9 -         -9  -9  -9  2357 -9.0 -9.00 -9   8.1  12.0  12.6  13.7  14.0  -9 -9.0 -9  3 -9
202511100000 108  25  3.4  25 10.0 2123 1008.2 1018.6  2   1.6  10.5   1.8  55.0   7.0   -9.0   -9.0   -9.0   -9.0   -9.0   -9.0   -9.0 -9 -9 -                        0   0   -9 -         -9  -9  -9  2737 -9.0 -9.00 -9   7.5  11.6  12.3  13.6  13.9  -9 -9.0 -9  3  2
202511100100 108  27  3.6  -9 -9.0   -9 1008.6 1019.0 -9  -9.0  10.1   0.6  52.0   6.4   -9.0   -9.0   -9.0   -9.0   -9.0   -9.0   -9.0 -9 -9 -                        0   0   -9 -         -9  -9  -9  3170 -9.0 -9.00 -9   7.0  11.3  12.0  13.5  13.8  -9 -9.0 -9  3 -9
202511100200 108  32  3.3  -9 -9.0   -9 1009.2 1019.7 -9  -9.0   9.4  -2.2  44.0   5.2   -9.0   -9.0   -9.0   -9.0   -9.0   -9.0   -9.0 -9 -9 -                        0   0   -9 -         -9  -9  -9  3261 -9.0 -9.00 -9   6.0  10.9  11.7  13.4  13.9  -9 -9.0 -9  3 -9
202511100300 108  20  0.9  25 10.0 2123 1009.5 1020.0  2   1.4   8.1  -2.5  47.0   5.1   -9.0   -9.0   -9.0   -9.0   -9.0   -9.0   -9.0 -9 -9 -                        0   0   -9 -         -9  -9  -9  3389 -9.0 -9.00 -9   4.7  10.4  11.4  13.3  13.8  -9 -9.0 -9  3  2
202511100400 108   0  0.2  -9 -9.0   -9 1009.6 1020.2 -9  -9.0   7.0  -3.8  46.0   4.6   -9.0   -9.0   -9.0   -9.0   -9.0   -9.0   -9.0 -9 -9 -                        0   0   -9 -         -9  -9  -9  3670 -9.0 -9.00 -9   3.8   9.8  11.0  13.1  13.8  -9 -9.0 -9  3  2
202511100500 108  27  1.1  -9 -9.0   -9 1010.1 1020.7 -9  -9.0   6.3  -4.4  46.0   4.4   -9.0   -9.0   -9.0   -9.0   -9.0   -9.0   -9.0 -9 -9 -                        0   0   -9 -         -9  -9  -9  3784 -9.0 -9.00 -9   3.3   9.3  10.6  12.9  13.6  -9 -9.0 -9  3  2
202511100600 108  29  0.6  -9 -9.0   -9 1010.5 1021.1  2   1.1   5.9  -5.1  45.0   4.2   -9.0   -9.0   -9.0   -9.0   -9.0   -9.0   -9.0 -9 -9 -                        0   0   -9 -         -9  -9  -9  4003 -9.0 -9.00 -9   2.9   9.0  10.2  12.7  13.5  -9 -9.0 -9  3  2
202511100700 108  29  0.9  -9 -9.0   -9 1010.5 1021.1 -9  -9.0   5.5  -6.7  41.0   3.7   -9.0   -9.0   -9.0   -9.0   -9.0   -9.0   -9.0 -9 -9 -                        0   0   -9 -         -9  -9  -9  4015 -9.0 -9.00 -9   2.4   8.6   9.9  12.5  13.5  -9 -9.0 -9  3  2
202511100800 108  25  3.5  -9 -9.0   -9 1011.0 1021.6 -9  -9.0   6.0  -6.9  39.0   3.6   -9.0   -9.0   -9.0   -9.0   -9.0   -9.0   -9.0 -9 -9 -                        0   0   -9 -         -9  -9  -9  3774  0.7  0.16 -9   3.1   8.3   9.6  12.3  13.4  -9 -9.0 -9  3  2
202511100900 108  27  3.0  -9 -9.0   -9 1011.8 1022.4  2   1.3   7.2  -7.2  35.0   3.6   -9.0   -9.0   -9.0   -9.0   -9.0   -9.0   -9.0 -9 -9 -                        0   0   -9 -         -9  -9  -9  4130  1.0  0.76 -9   7.1   8.7   9.5  12.2  13.1  -9 -9.0 -9  3  2
202511101000 108  29  2.6  -9 -9.0   -9 1011.5 1022.0 -9  -9.0   8.6  -8.0  30.0   3.3   -9.0   -9.0   -9.0   -9.0   -9.0   -9.0   -9.0 -9 -9 -                        0   0   -9 -         -9  -9  -9  3800  1.0  1.48 -9  13.1   9.3   9.6  12.0  13.0  -9 -9.0 -9  3  2
202511101100 108  23  2.2  -9 -9.0   -9 1011.3 1021.8 -9  -9.0  10.0  -7.7  28.0   3.4   -9.0   -9.0   -9.0   -9.0   -9.0   -9.0   -9.0 -9 -9 -                        0   0   -9 -         -9  -9  -9  4297  1.0  1.98 -9  15.8  10.0   9.8  11.8  12.8  -9 -9.0 -9  3  2
202511101200 108  29  4.4  -9 -9.0   -9 1010.1 1020.5  7  -1.9  10.5  -7.7  27.0   3.4   -9.0   -9.0   -9.0   -9.0   -9.0   -9.0   -9.0 -9 -9 -                        0   0   -9 -         -9  -9  -9  4209  1.0  2.30 -9  17.4  10.6  10.2  11.7  12.8  -9 -9.0 -9  3  2
202511101300 108  29  3.3  -9 -9.0   -9 1009.8 1020.2 -9  -9.0  11.1  -6.7  28.0   3.7   -9.0   -9.0   -9.0   -9.0   -9.0   -9.0   -9.0 -9 -9 -                        0   0   -9 -         -9  -9  -9  3543  1.0  2.35 -9  17.9  11.1  10.6  11.7  12.5  -9 -9.0 -9  3  2
202511101400 108  29  3.4  -9 -9.0   -9 1009.4 1019.8 -9  -9.0  11.5  -8.4  24.0   3.2   -9.0   -9.0   -9.0   -9.0   -9.0   -9.0   -9.0 -9 -9 -                        0   0   -9 -         -9  -9  -9  4331  1.0  2.17 -9  17.9  11.5  11.0  11.8  12.7  -9 -9.0 -9  3  2
202511101500 108  27  2.9  -9 -9.0   -9 1008.8 1019.1  7  -1.4  12.3  -8.2  23.0   3.3   -9.0   -9.0   -9.0   -9.0   -9.0   -9.0   -9.0 -9 -9 -                        0   0   -9 -         -9  -9  -9  3902  1.0  1.79 -9  15.3  11.8  11.3  11.9  12.6  -9 -9.0 -9  3  2
202511101600 108  20  3.5  -9 -9.0   -9 1009.2 1019.6 -9  -9.0  11.8  -7.1  26.0   3.6   -9.0   -9.0   -9.0   -9.0   -9.0   -9.0   -9.0 -9 -9 -                        0   0   -9 -         -9  -9  -9  4046  1.0  1.22 -9  11.5  11.6  11.5  12.1  12.7  -9 -9.0 -9  3  2
202511101700 108  27  2.6  -9 -9.0   -9 1009.5 1019.9 -9  -9.0  10.2  -8.0  27.0   3.3   -9.0   -9.0   -9.0   -9.0   -9.0   -9.0   -9.0 -9 -9 -                        0   0   -9 -         -9  -9  -9  3922  1.0  0.49 -9   8.4  11.2  11.5  12.3  12.7  -9 -9.0 -9  3  2
202511101800 108  23  2.5  -9 -9.0   -9 1009.8 1020.3  2   1.2   9.0  -5.3  36.0   4.1   -9.0   -9.0   -9.0   -9.0   -9.0   -9.0   -9.0 -9 -9 -                        0   0   -9 -         -9  -9  -9  3867  0.0  0.03 -9   6.3  10.5  11.2  12.4  12.8  -9 -9.0 -9  3  2
202511101900 108  25  3.1  -9 -9.0   -9 1009.8 1020.3 -9  -9.0   8.2  -4.6  40.0   4.3   -9.0   -9.0   -9.0   -9.0   -9.0   -9.0   -9.0 -9 -9 -                        0   0   -9 -         -9  -9  -9  4053 -9.0 -9.00 -9   5.5  10.1  10.9  12.4  12.9  -9 -9.0 -9  3 -9
202511102000 108  27  2.6  -9 -9.0   -9 1010.4 1020.9 -9  -9.0   7.8  -4.0  43.0   4.5   -9.0   -9.0   -9.0   -9.0   -9.0   -9.0   -9.0 -9 -9 -                        0   0   -9 -         -9  -9  -9  4172 -9.0 -9.00 -9   4.9   9.7  10.6  12.4  12.9  -9 -9.0 -9  3 -9
202511102100 108  27  1.9  -9 -9.0   -9 1010.8 1021.4  2   1.1   7.3  -4.1  44.0   4.5   -9.0   -9.0   -9.0   -9.0   -9.0   -9.0   -9.0 -9 -9 -                        2   0   -9 Ci         1   0   0  4039 -9.0 -9.00 -9   4.2   9.3  10.3  12.3  12.9  -9 -9.0 -9  3  2
202511102200 108  34  2.4  -9 -9.0   -9 1011.5 1022.1 -9  -9.0   6.9  -4.5  44.0   4.4   -9.0   -9.0   -9.0   -9.0   -9.0   -9.0   -9.0 -9 -9 -                        3   3   73 -         -9  -9  -9  3858 -9.0 -9.00 -9   3.7   8.8  10.0  12.1  12.9  -9 -9.0 -9  3 -9
202511102300 108  34  4.1  -9 -9.0   -9 1011.8 1022.4 -9  -9.0   6.4  -5.9  41.0   3.9   -9.0   -9.0   -9.0   -9.0   -9.0   -9.0   -9.0 -9 -9 -                        4   4   72 -         -9  -9  -9  4284 -9.0 -9.00 -9   3.4   8.6   9.7  12.0  12.8  -9 -9.0 -9  3 -9
202511110000 108  32  1.8  -9 -9.0   -9 1012.0 1022.6  2   1.2   5.7  -5.6  44.0   4.0   -9.0   -9.0   -9.0   -9.0   -9.0   -9.0   -9.0 -9 -9 -                        1   0   -9 Ci         1   0   0  4105 -9.0 -9.00 -9   2.5   8.3   9.5  11.8  12.7  -9 -9.0 -9  3  2
202511110100 108  29  0.8  -9 -9.0   -9 1012.2 1022.9 -9  -9.0   4.6  -5.4  48.0   4.1   -9.0   -9.0   -9.0   -9.0   -9.0   -9.0   -9.0 -9 -9 -                        7   2   -9 -         -9  -9  -9  4225 -9.0 -9.00 -9   2.1   7.9   9.2  11.7  12.6  -9 -9.0 -9  3 -9
202511110200 108  32  1.0  -9 -9.0   -9 1012.0 1022.7 -9  -9.0   4.3  -4.4  53.0   4.4   -9.0   -9.0   -9.0   -9.0   -9.0   -9.0   -9.0 -9 -9 -                        3   1   74 -         -9  -9  -9  4211 -9.0 -9.00 -9   1.9   7.5   8.9  11.5  12.5  -9 -9.0 -9  3 -9
202511110300 108  29  0.8  -9 -9.0   -9 1012.1 1022.8  0   0.2   4.2  -4.8  52.0   4.3   -9.0   -9.0   -9.0   -9.0   -9.0   -9.0   -9.0 -9 -9 -                        0   0   -9 -         -9  -9  -9  4355 -9.0 -9.00 -9   1.6   7.2   8.6  11.4  12.5  -9 -9.0 -9  3  2
202511110400 108   2  1.3  -9 -9.0   -9 1011.9 1022.6 -9  -9.0   4.0  -4.7  53.0   4.3   -9.0   -9.0   -9.0   -9.0   -9.0   -9.0   -9.0 -9 -9 -                        1   0   -9 Ci         1   0   0  4378 -9.0 -9.00 -9   1.6   7.0   8.4  11.1  12.2  -9 -9.0 -9  3  2
202511110500 108   2  1.6  -9 -9.0   -9 1012.1 1022.8 -9  -9.0   4.2  -3.8  56.0   4.6   -9.0   -9.0   -9.0   -9.0   -9.0   -9.0   -9.0 -9 -9 -                        7   0   -9 Ci         1   0   0  4166 -9.0 -9.00 -9   3.3   7.0   8.2  11.0  12.2  -9 -9.0 -9  3  2
202511110600 108   5  1.2  -9 -9.0   -9 1012.3 1023.0  3   0.2   4.3  -3.9  55.0   4.6   -9.0   -9.0   -9.0   -9.0   -9.0   -9.0   -9.0 -9 -9 -                        7   3   44 AcCi       1   3   0  3768 -9.0 -9.00 -9   3.5   7.2   8.1  10.9  12.1  -9 -9.0 -9  3  2
202511110700 108  34  1.5  -9 -9.0   -9 1012.6 1023.3 -9  -9.0   4.1  -4.1  55.0   4.5   -9.0   -9.0   -9.0   -9.0   -9.0   -9.0   -9.0 -9 -9 -                        1   0   -9 Ci         1   0   0  3966 -9.0 -9.00 -9   2.1   7.0   8.0  10.7  11.9  -9 -9.0 -9  3  2
202511110800 108  34  0.7  -9 -9.0   -9 1013.0 1023.7 -9  -9.0   4.2  -4.3  54.0   4.4   -9.0   -9.0   -9.0   -9.0   -9.0   -9.0   -9.0 -9 -9 -                        0   0   -9 -         -9  -9  -9  3760  0.5  0.12 -9   2.9   6.8   7.9  10.6  11.7  -9 -9.0 -9  3  2
202511110900 108   5  1.2  -9 -9.0   -9 1013.3 1023.9  2   0.9   5.9  -2.2  56.0   5.2   -9.0   -9.0   -9.0   -9.0   -9.0   -9.0   -9.0 -9 -9 -                        0   0   -9 -         -9  -9  -9  3223  1.0  0.64 -9   6.9   7.3   7.9  10.5  11.8  -9 -9.0 -9  3  2
202511111000 108   2  1.3  -9 -9.0   -9 1013.3 1023.8 -9  -9.0   9.0  -1.4  48.0   5.5   -9.0   -9.0   -9.0   -9.0   -9.0   -9.0   -9.0 -9 -9 -                        0   0   -9 -         -9  -9  -9  2601  1.0  1.31 -9  12.9   8.2   8.1  10.3  11.7  -9 -9.0 -9  3  2
202511111100 108  23  1.7  -9 -9.0   -9 1013.1 1023.5 -9  -9.0  11.9  -0.3  43.0   6.0   -9.0   -9.0   -9.0   -9.0   -9.0   -9.0   -9.0 -9 -9 -                        3   0   -9 Ci         1   0   0  2892  1.0  1.80 -9  16.5   9.3   8.6  10.3  11.5  -9 -9.0 -9  3  2
202511111200 108  32  1.7  -9 -9.0   -9 1012.9 1023.2  7  -0.7  13.1   0.1  41.0   6.2   -9.0   -9.0   -9.0   -9.0   -9.0   -9.0   -9.0 -9 -9 -                        2   2   10 Sc         0   0   5  3409  1.0  2.18 -9  19.3  10.5   9.3  10.3  11.4  -9 -9.0 -9  3  2
202511111300 108  29  3.5  -9 -9.0   -9 1012.5 1022.8 -9  -9.0  13.7   2.5  47.0   7.3   -9.0   -9.0   -9.0   -9.0   -9.0   -9.0   -9.0 -9 -9 -                        6   2   10 ScCi       1   0   5  3078  1.0  2.29 -9  20.9  11.4  10.0  10.4  11.3  -9 -9.0 -9  3  2
202511111400 108  27  2.6  -9 -9.0   -9 1012.1 1022.4 -9  -9.0  15.1   2.9  44.0   7.5   -9.0   -9.0   -9.0   -9.0   -9.0   -9.0   -9.0 -9 -9 -                        8   0   -9 Ci         1   0   0  2593  1.0  2.00 -9  20.3  12.0  10.6  10.7  11.4  -9 -9.0 -9  3  2
202511111500 108  25  3.0  -9 -9.0   -9 1012.2 1022.5  5  -0.7  14.8   2.9  45.0   7.5   -9.0   -9.0   -9.0   -9.0   -9.0   -9.0   -9.0 -9 -9 -                        8   0   -9 Ci         1   0   0  2574  0.9  1.35 -9  18.3  12.4  11.1  10.8  11.4  -9 -9.0 -9  3  2
202511111600 108  25  2.3  -9 -9.0   -9 1012.6 1022.9 -9  -9.0  14.2   2.7  46.0   7.4   -9.0   -9.0   -9.0   -9.0   -9.0   -9.0   -9.0 -9 -9 -                        3   0   -9 Ci         1   0   0  2398  0.5  0.68 -9  13.3  12.3  11.4  11.2  11.5  -9 -9.0 -9  3  2
202511111700 108  27  1.8  -9 -9.0   -9 1012.7 1023.1 -9  -9.0  12.8   3.1  52.0   7.6   -9.0   -9.0   -9.0   -9.0   -9.0   -9.0   -9.0 -9 -9 -                        5   4   48 AcCi       1   3   0  2747  0.4  0.26 -9  10.8  11.8  11.5  11.4  11.7  -9 -9.0 -9  3  2
202511111800 108  25  2.0  -9 -9.0   -9 1013.3 1023.7  2   1.2  11.7   4.1  60.0   8.2   -9.0   -9.0   -9.0   -9.0   -9.0   -9.0   -9.0 -9 -9 -                        5   3   48 AcCi       1   3   0  2581  0.0  0.04 -9   8.7  11.3  11.3  11.6  11.8  -9 -9.0 -9  3  2
202511111900 108  27  1.2  -9 -9.0   -9 1013.8 1024.2 -9  -9.0  10.9   4.5  65.0   8.4   -9.0   -9.0   -9.0   -9.0   -9.0   -9.0   -9.0 -9 -9 -                        3   3   52 -         -9  -9  -9  2441 -9.0 -9.00 -9   7.4  10.8  11.1  11.7  11.9  -9 -9.0 -9  3 -9
202511112000 108  27  1.6  -9 -9.0   -9 1014.0 1024.5 -9  -9.0  10.1   5.0  71.0   8.7   -9.0   -9.0   -9.0   -9.0   -9.0   -9.0   -9.0 -9 -9 -                        0   0   -9 -         -9  -9  -9  2353 -9.0 -9.00 -9   6.5  10.3  10.8  11.8  12.1  -9 -9.0 -9  3 -9
202511112100 108  27  1.7  -9 -9.0   -9 1014.1 1024.6  2   0.9   9.3   4.8  74.0   8.6   -9.0   -9.0   -9.0   -9.0   -9.0   -9.0   -9.0 -9 -9 -                        0   0   -9 -         -9  -9  -9  2201 -9.0 -9.00 -9   6.0   9.9  10.5  11.7  12.1  -9 -9.0 -9  3  2
202511112200 108  34  1.0  -9 -9.0   -9 1014.4 1024.9 -9  -9.0   8.8   4.6  75.0   8.5   -9.0   -9.0   -9.0   -9.0   -9.0   -9.0   -9.0 -9 -9 -                        0   0   -9 -         -9  -9  -9  2015 -9.0 -9.00 -9   5.6   9.6  10.3  11.7  12.2  -9 -9.0 -9  3 -9
202511112300 108   5  1.1  -9 -9.0   -9 1014.6 1025.1 -9  -9.0   8.7   4.5  75.0   8.4   -9.0   -9.0   -9.0   -9.0   -9.0   -9.0   -9.0 -9 -9 -                        0   0   -9 -         -9  -9  -9  2031 -9.0 -9.00 -9   5.5   9.4  10.0  11.7  12.2  -9 -9.0 -9  3 -9
202511120000 108   5  1.7  -9 -9.0   -9 1014.4 1025.0  0   0.4   7.8   4.1  78.0   8.2   -9.0   -9.0   -9.0   -9.0   -9.0   -9.0   -9.0 -9 -9 -                        0   0   -9 -         -9  -9  -9  1882 -9.0 -9.00 -9   5.0   9.2   9.8  11.5  12.0  -9 -9.0 -9  3  2
202511120100 108   5  1.3  -9 -9.0   -9 1014.4 1025.0 -9  -9.0   7.6   4.1  79.0   8.2   -9.0   -9.0   -9.0   -9.0   -9.0   -9.0   -9.0 -9 -9 -                        0   0   -9 -         -9  -9  -9  1881 -9.0 -9.00 -9   4.8   8.8   9.6  11.4  12.1  -9 -9.0 -9  3 -9
202511120200 108   5  1.3  -9 -9.0   -9 1014.7 1025.3 -9  -9.0   7.4   4.1  80.0   8.2   -9.0   -9.0   -9.0   -9.0   -9.0   -9.0   -9.0 -9 -9 -                        0   0   -9 -         -9  -9  -9  1870 -9.0 -9.00 -9   4.8   8.7   9.4  11.3  12.0  -9 -9.0 -9  3 -9
202511120300 108   7  1.5  -9 -9.0   -9 1014.4 1025.0  4   0.0   7.1   4.2  82.0   8.2   -9.0   -9.0   -9.0   -9.0   -9.0   -9.0   -9.0 -9 -9 -                        1   1    6 Sc         0   0   5  1793 -9.0 -9.00 -9   4.6   8.5   9.3  11.1  11.9  -9 -9.0 -9  3  2
202511120400 108   5  1.0  -9 -9.0   -9 1014.4 1025.0 -9  -9.0   6.6   3.9  83.0   8.1   -9.0   -9.0   -9.0   -9.0   -9.0   -9.0   -9.0 -9 -9 -                        0   0   -9 -         -9  -9  -9  1772 -9.0 -9.00 -9   3.9   8.3   9.1  11.1  12.0  -9 -9.0 -9  3  2
202511120500 108   2  2.1  -9 -9.0   -9 1014.4 1025.0 -9  -9.0   6.3   3.9  85.0   8.1   -9.0   -9.0   -9.0   -9.0   -9.0   -9.0   -9.0 -9 -9 -                        0   0   -9 -         -9  -9  -9  1488 -9.0 -9.00 -9   3.9   8.1   8.9  11.0  11.9  -9 -9.0 -9  3  2
202511120600 108   5  1.5  -9 -9.0   -9 1015.0 1025.7  2   0.7   6.0   3.6  85.0   7.9   -9.0   -9.0   -9.0   -9.0   -9.0   -9.0   -9.0 -9 -9 -                        8   8    8 Sc         0   0   5  1521 -9.0 -9.00 -9   4.7   8.0   8.8  10.8  11.7  -9 -9.0 -9  3  2
202511120700 108   5  1.8  -9 -9.0   -9 1014.8 1025.4 -9  -9.0   6.0   3.6  85.0   7.9   -9.0   -9.0   -9.0   -9.0   -9.0   -9.0   -9.0 -9 -9 -                        0   0   -9 -         -9  -9  -9  1693 -9.0 -9.00 -9   4.0   7.9   8.7  10.8  11.7  -9 -9.0 -9  3  2
202511120800 108   7  1.7  -9 -9.0   -9 1015.0 1025.6 -9  -9.0   6.6   3.9  83.0   8.1   -9.0   -9.0   -9.0   -9.0   -9.0   -9.0   -9.0 -9 -9 -                        0   0   -9 -         -9  -9  -9  1831  0.5  0.12 -9   5.0   7.9   8.6  10.6  11.6  -9 -9.0 -9  3  2
202511120900 108   9  1.7  -9 -9.0   -9 1015.2 1025.8  3   0.1   8.0   4.0  76.0   8.1   -9.0   -9.0   -9.0   -9.0   -9.0   -9.0   -9.0 -9 -9 -                        0   0   -9 -         -9  -9  -9  1883  1.0  0.65 -9   8.3   8.2   8.6  10.5  11.5  -9 -9.0 -9  3  2
202511121000 108   5  1.8  -9 -9.0   -9 1015.0 1025.5 -9  -9.0  10.4   4.0  65.0   8.1   -9.0   -9.0   -9.0   -9.0   -9.0   -9.0   -9.0 -9 -9 -                        0   0   -9 -         -9  -9  -9  2103  1.0  1.32 -9  13.3   8.9   8.8  10.4  11.3  -9 -9.0 -9  3  2
202511121100 108   7  1.2  -9 -9.0   -9 1014.3 1024.7 -9  -9.0  12.9   4.8  58.0   8.6   -9.0   -9.0   -9.0   -9.0   -9.0   -9.0   -9.0 -9 -9 -                        0   0   -9 -         -9  -9  -9  1880  1.0  1.81 -9  16.6   9.8   9.2  10.4  11.5  -9 -9.0 -9  3  2
202511121200 108  20  1.3  -9 -9.0   -9 1013.5 1023.8  7  -2.0  15.0   5.4  53.0   9.0   -9.0   -9.0   -9.0   -9.0   -9.0   -9.0   -9.0 -9 -9 -                        0   0   -9 -         -9  -9  -9  1894  1.0  2.07 -9  19.4  11.0   9.8  10.5  11.2  -9 -9.0 -9  3  2
202511121300 108  20  1.3  -9 -9.0   -9 1012.4 1022.6 -9  -9.0  16.8   6.0  49.0   9.3   -9.0   -9.0   -9.0   -9.0   -9.0   -9.0   -9.0 -9 -9 -                        0   0   -9 -         -9  -9  -9  1773  1.0  2.16 -9  20.8  12.0  10.5  10.6  11.2  -9 -9.0 -9  3  2
202511121400 108  20  2.0  -9 -9.0   -9 1011.8 1022.0 -9  -9.0  17.1   4.7  44.0   8.5   -9.0   -9.0   -9.0   -9.0   -9.0   -9.0   -9.0 -9 -9 -                        0   0   -9 -         -9  -9  -9  1743  1.0  2.03 -9  20.6  12.8  11.2  10.8  11.3  -9 -9.0 -9  3  2
202511121500 108  23  2.1  -9 -9.0   -9 1011.6 1021.8  7  -2.0  17.7   2.8  37.0   7.5   -9.0   -9.0   -9.0   -9.0   -9.0   -9.0   -9.0 -9 -9 -                        0   0   -9 -         -9  -9  -9  2587  1.0  1.63 -9  18.3  13.2  11.8  11.1  11.4  -9 -9.0 -9  3  2
202511121600 108  27  1.9  -9 -9.0   -9 1011.3 1021.5 -9  -9.0  16.9   3.1  40.0   7.6   -9.0   -9.0   -9.0   -9.0   -9.0   -9.0   -9.0 -9 -9 -                        0   0   -9 -         -9  -9  -9  1537  1.0  0.96 -9  14.9  13.0  12.1  11.3  11.5  -9 -9.0 -9  3  2
202511121700 108  27  2.6  -9 -9.0   -9 1011.2 1021.5 -9  -9.0  15.1   5.8  54.0   9.2   -9.0   -9.0   -9.0   -9.0   -9.0   -9.0   -9.0 -9 -9 -                        0   0   -9 -         -9  -9  -9  1352  0.9  0.38 -9  12.0  12.6  12.1  11.6  11.6  -9 -9.0 -9  3  2
202511121800 108  27  2.9  -9 -9.0   -9 1011.4 1021.7  5  -0.1  13.5   5.8  60.0   9.2   -9.0   -9.0   -9.0   -9.0   -9.0   -9.0   -9.0 -9 -9 -                        0   0   -9 -         -9  -9  -9  1359  0.0  0.02 -9   9.9  12.1  11.9  11.8  11.8  -9 -9.0 -9  3  2
202511121900 108  29  2.3  -9 -9.0   -9 1011.7 1022.1 -9  -9.0  12.4   6.8  69.0   9.9   -9.0   -9.0   -9.0   -9.0   -9.0   -9.0   -9.0 -9 -9 -                        0   0   -9 -         -9  -9  -9  1068 -9.0 -9.00 -9   8.6  11.5  11.7  12.0  12.0  -9 -9.0 -9  3 -9
202511122000 108  27  1.5  -9 -9.0   -9 1011.5 1021.9 -9  -9.0  11.3   5.5  68.0   9.0   -9.0   -9.0   -9.0   -9.0   -9.0   -9.0   -9.0 -9 -9 -                        0   0   -9 -         -9  -9  -9  1548 -9.0 -9.00 -9   7.3  11.1  11.4  11.9  12.0  -9 -9.0 -9  3 -9
202511122100 108  27  1.9  -9 -9.0   -9 1011.8 1022.2  2   0.5  10.6   3.8  63.0   8.0   -9.0   -9.0   -9.0   -9.0   -9.0   -9.0   -9.0 -9 -9 -                        0   0   -9 -         -9  -9  -9  2171 -9.0 -9.00 -9   6.2  10.4  11.1  12.0  12.3  -9 -9.0 -9  3  2
202511122200 108  27  1.3  -9 -9.0   -9 1012.1 1022.6 -9  -9.0   9.6   4.3  70.0   8.3   -9.0   -9.0   -9.0   -9.0   -9.0   -9.0   -9.0 -9 -9 -                        0   0   -9 -         -9  -9  -9  1597 -9.0 -9.00 -9   5.4  10.0  10.8  12.0  12.2  -9 -9.0 -9  3 -9
202511122300 108  25  1.7  -9 -9.0   -9 1011.5 1022.0 -9  -9.0   8.8   3.6  70.0   7.9   -9.0   -9.0   -9.0   -9.0   -9.0   -9.0   -9.0 -9 -9 -                        0   0   -9 -         -9  -9  -9  1767 -9.0 -9.00 -9   5.2   9.7  10.4  11.9  12.3  -9 -9.0 -9  3 -9
202511130000 108  27  1.3  -9 -9.0   -9 1011.4 1021.9  8  -0.3   8.2   2.6  68.0   7.4   -9.0   -9.0   -9.0   -9.0   -9.0   -9.0   -9.0 -9 -9 -                        0   0   -9 -         -9  -9  -9  2175 -9.0 -9.00 -9   4.6   9.4  10.2  11.8  12.3  -9 -9.0 -9  3  2
202511130100 108   0  0.3  -9 -9.0   -9 1011.4 1022.0 -9  -9.0   7.6   1.6  66.0   6.9   -9.0   -9.0   -9.0   -9.0   -9.0   -9.0   -9.0 -9 -9 -                        0   0   -9 -         -9  -9  -9  2573 -9.0 -9.00 -9   4.2   9.0   9.9  11.7  12.3  -9 -9.0 -9  3 -9
202511130200 108  32  0.8  -9 -9.0   -9 1011.2 1021.8 -9  -9.0   7.5   2.1  69.0   7.1   -9.0   -9.0   -9.0   -9.0   -9.0   -9.0   -9.0 -9 -9 -                        0   0   -9 -         -9  -9  -9  2527 -9.0 -9.00 -9   4.1   8.7   9.6  11.5  12.3  -9 -9.0 -9  3 -9
202511130300 108   0  0.1  -9 -9.0   -9 1010.9 1021.5  8  -0.4   7.2   2.8  74.0   7.5   -9.0   -9.0   -9.0   -9.0   -9.0   -9.0   -9.0 -9 -9 -                        0   0   -9 -         -9  -9  -9  2088 -9.0 -9.00 -9   4.1   8.4   9.4  11.4  12.2  -9 -9.0 -9  3  2
202511130400 108   0  0.2  -9 -9.0   -9 1010.5 1021.1 -9  -9.0   7.2   3.4  77.0   7.8   -9.0   -9.0   -9.0   -9.0   -9.0   -9.0   -9.0 -9 -9 -                        0   0   -9 -         -9  -9  -9  1817 -9.0 -9.00 -9   4.1   8.3   9.2  11.3  12.1  -9 -9.0 -9  3  2
202511130500 108   2  1.7  -9 -9.0   -9 1010.3 1020.9 -9  -9.0   6.8   3.0  77.0   7.6   -9.0   -9.0   -9.0   -9.0   -9.0   -9.0   -9.0 -9 -9 -                        2   0   -9 Ci         1   0   0  1531 -9.0 -9.00 -9   4.3   8.3   9.1  11.1  11.9  -9 -9.0 -9  3  2
202511130600 108   2  2.1  -9 -9.0   -9 1010.2 1020.7  7  -0.8   7.6   4.7  82.0   8.5   -9.0   -9.0   -9.0   -9.0   -9.0   -9.0   -9.0 -9 -9 -                        7   7    6 Sc         0   0   5  1187 -9.0 -9.00 -9   7.3   8.4   9.0  10.9  11.8  -9 -9.0 -9  3  2
202511130700 108   2  2.4  -9 -9.0   -9 1010.2 1020.7 -9  -9.0   7.7   4.2  79.0   8.2   -9.0   -9.0   -9.0   -9.0   -9.0   -9.0   -9.0 -9 -9 -                        8   8    8 Sc         0   0   5  1109 -9.0 -9.00 -9   5.9   8.7   9.0  10.8  11.8  -9 -9.0 -9  3  2
202511130800 108   5  2.6  -9 -9.0   -9 1010.5 1021.0 -9  -9.0   8.1   5.0  81.0   8.7   -9.0   -9.0   -9.0   -9.0   -9.0   -9.0   -9.0 -9 -9 -                        9   9   10 Sc         0   0   5  1074  0.0  0.04 -9   8.2   8.7   9.1  10.8  11.7  -9 -9.0 -9  3  2
202511130900 108   5  2.2  -9 -9.0   -9 1010.5 1021.0  1   0.3   9.3   6.0  80.0   9.3   -9.0   -9.0   -9.0   -9.0   -9.0   -9.0   -9.0 10 11 19                       9   9   10 Sc         0   0   5   992  0.0  0.23 -9  10.7   9.3   9.3  10.8  11.6  -9 -9.0 -9  3  1
202511131000 108   5  1.2  -9 -9.0   -9 1010.4 1020.8 -9  -9.0  10.8   6.9  77.0   9.9   -9.0   -9.0   -9.0   -9.0   -9.0   -9.0   -9.0 -9 -9 19                       9   9   12 Sc         0   0   5  1008  0.0  0.43 -9  13.0  10.0   9.5  10.6  11.5  -9 -9.0 -9  3  2
202511131100 108  20  1.1  -9 -9.0   -9 1010.0 1020.3 -9  -9.0  13.0   8.6  75.0  11.2   -9.0   -9.0   -9.0   -9.0   -9.0   -9.0   -9.0 10 22 19                       9   9   12 Sc         0   0   5   928  0.2  0.97 -9  17.1  11.2  10.0  10.7  11.5  -9 -9.0 -9  3  1
202511131200 108  18  1.8  -9 -9.0   -9 1009.4 1019.6  7  -1.4  15.5   9.6  68.0  11.9   -9.0   -9.0   -9.0   -9.0   -9.0   -9.0   -9.0  5 11 4019                     4   4   13 Sc         0   0   5   772  0.9  1.72 -9  20.1  12.1  10.7  10.7  11.4  -9 -9.0 -9  3  1
202511131300 108  23  3.0  -9 -9.0   -9 1008.7 1018.9 -9  -9.0  16.6   6.1  50.0   9.4   -9.0   -9.0   -9.0   -9.0   -9.0   -9.0   -9.0 -9 -9 40                       1   0   -9 Ci         1   0   0  1016  1.0  1.99 -9  20.7  13.0  11.3  10.9  11.3  -9 -9.0 -9  3  2
202511131400 108  29  3.0  -9 -9.0   -9 1007.9 1018.0 -9  -9.0  16.9   2.4  38.0   7.3   -9.0   -9.0   -9.0   -9.0   -9.0   -9.0   -9.0 -9 -9 -                        4   0   -9 Ci         1   0   0  1728  1.0  2.04 -9  20.5  13.3  11.9  11.1  11.5  -9 -9.0 -9  3  2
202511131500 108  27  2.4  -9 -9.0   -9 1007.4 1017.5  7  -2.1  17.3   2.8  38.0   7.5   -9.0   -9.0   -9.0   -9.0   -9.0   -9.0   -9.0 -9 -9 -                        4   0   -9 Ci         1   0   0  1560  0.9  1.41 -9  17.7  13.4  12.2  11.4  11.5  -9 -9.0 -9  3  2
202511131600 108  29  3.1  -9 -9.0   -9 1007.6 1017.8 -9  -9.0  16.3   1.1  36.0   6.6   -9.0   -9.0   -9.0   -9.0   -9.0   -9.0   -9.0 -9 -9 -                        5   0   -9 Ci         1   0   0  2037  1.0  0.95 -9  14.7  13.2  12.4  11.7  11.8  -9 -9.0 -9  3  2
202511131700 108  27  1.8  -9 -9.0   -9 1007.7 1017.9 -9  -9.0  14.6   2.7  45.0   7.4   -9.0   -9.0   -9.0   -9.0   -9.0   -9.0   -9.0 -9 -9 -                        5   0   -9 Ci         1   0   0  1675  0.8  0.36 -9  11.7  12.7  12.3  11.9  11.9  -9 -9.0 -9  3  2
202511131800 108  27  2.4  -9 -9.0   -9 1008.1 1018.4  2   0.9  13.4   5.2  58.0   8.8   -9.0   -9.0   -9.0   -9.0   -9.0   -9.0   -9.0 -9 -9 -                        5   0   -9 Ci         1   0   0  1111  0.0  0.02 -9   9.5  12.1  12.1  12.0  12.0  -9 -9.0 -9  3  2
202511131900 108  23  2.0  -9 -9.0   -9 1008.6 1018.9 -9  -9.0  12.3   5.2  62.0   8.8   -9.0   -9.0   -9.0   -9.0   -9.0   -9.0   -9.0 -9 -9 -                        0   0   -9 -         -9  -9  -9  1524 -9.0 -9.00 -9   8.3  11.6  11.8  12.2  12.2  -9 -9.0 -9  3 -9
202511132000 108  29  2.9  -9 -9.0   -9 1008.7 1019.1 -9  -9.0  11.6   4.7  63.0   8.5   -9.0   -9.0   -9.0   -9.0   -9.0   -9.0   -9.0 -9 -9 -                        0   0   -9 -         -9  -9  -9  1582 -9.0 -9.00 -9   7.4  10.9  11.4  12.2  12.4  -9 -9.0 -9  3 -9
202511132100 108  29  2.7  -9 -9.0   -9 1008.9 1019.3  2   0.9  11.0   3.2  59.0   7.7   -9.0   -9.0   -9.0   -9.0   -9.0   -9.0   -9.0 -9 -9 -                        0   0   -9 -         -9  -9  -9  1630 -9.0 -9.00 -9   6.8  10.7  11.1  12.1  12.3  -9 -9.0 -9  3  2
202511132200 108  36  1.6  -9 -9.0   -9 1009.2 1019.6 -9  -9.0   9.9   1.5  56.0   6.8   -9.0   -9.0   -9.0   -9.0   -9.0   -9.0   -9.0 -9 -9 -                        0   0   -9 -         -9  -9  -9  1750 -9.0 -9.00 -9   5.8  10.3  10.9  12.0  12.4  -9 -9.0 -9  3 -9
202511132300 108  25  1.1  -9 -9.0   -9 1009.4 1019.9 -9  -9.0   8.7   1.3  60.0   6.7   -9.0   -9.0   -9.0   -9.0   -9.0   -9.0   -9.0 -9 -9 -                        0   0   -9 -         -9  -9  -9  1558 -9.0 -9.00 -9   4.9   9.8  10.6  11.9  12.3  -9 -9.0 -9  3 -9
202511140000 108  25  1.9  -9 -9.0   -9 1009.2 1019.7  0   0.4   7.6   1.2  64.0   6.7   -9.0   -9.0   -9.0   -9.0   -9.0   -9.0   -9.0 -9 -9 -                        0   0   -9 -         -9  -9  -9  1725 -9.0 -9.00 -9   4.3   9.2  10.2  11.9  12.3  -9 -9.0 -9  3  2
202511140100 108  27  2.7  -9 -9.0   -9 1009.3 1019.8 -9  -9.0   7.3   1.3  66.0   6.7   -9.0   -9.0   -9.0   -9.0   -9.0   -9.0   -9.0 -9 -9 -                        0   0   -9 -         -9  -9  -9  1856 -9.0 -9.00 -9   4.0   8.9   9.9  11.8  12.3  -9 -9.0 -9  3 -9
202511140200 108  27  2.7  -9 -9.0   -9 1009.5 1020.1 -9  -9.0   6.7   1.2  68.0   6.7   -9.0   -9.0   -9.0   -9.0   -9.0   -9.0   -9.0 -9 -9 -                        0   0   -9 -         -9  -9  -9  1955 -9.0 -9.00 -9   3.7   8.6   9.6  11.6  12.1  -9 -9.0 -9  3 -9
202511140300 108  29  2.6  -9 -9.0   -9 1009.6 1020.2  2   0.5   6.6   0.6  66.0   6.4   -9.0   -9.0   -9.0   -9.0   -9.0   -9.0   -9.0 -9 -9 -                        0   0   -9 -         -9  -9  -9  2195 -9.0 -9.00 -9   3.3   8.4   9.4  11.5  12.2  -9 -9.0 -9  3  2
202511140400 108  29  1.3  -9 -9.0   -9 1009.7 1020.3 -9  -9.0   5.9   0.2  67.0   6.2   -9.0   -9.0   -9.0   -9.0   -9.0   -9.0   -9.0 -9 -9 -                        0   0   -9 -         -9  -9  -9  2456 -9.0 -9.00 -9   2.6   8.1   9.1  11.2  12.0  -9 -9.0 -9  3  2
202511140500 108  29  1.7  -9 -9.0   -9 1009.5 1020.1 -9  -9.0   5.6   0.3  69.0   6.2   -9.0   -9.0   -9.0   -9.0   -9.0   -9.0   -9.0 -9 -9 -                        0   0   -9 -         -9  -9  -9  2629 -9.0 -9.00 -9   2.5   7.7   8.8  11.1  11.9  -9 -9.0 -9  3  2
202511140600 108  29  1.1  -9 -9.0   -9 1009.9 1020.5  3   0.3   5.2  -0.4  67.0   5.9   -9.0   -9.0   -9.0   -9.0   -9.0   -9.0   -9.0 -9 -9 -                        0   0   -9 -         -9  -9  -9  2963 -9.0 -9.00 -9   2.0   7.4   8.6  11.0  12.0  -9 -9.0 -9  3  2
202511140700 108  29  1.3  -9 -9.0   -9 1010.4 1021.0 -9  -9.0   4.9  -0.3  69.0   6.0   -9.0   -9.0   -9.0   -9.0   -9.0   -9.0   -9.0 -9 -9 -                        0   0   -9 -         -9  -9  -9  2743 -9.0 -9.00 -9   1.8   7.1   8.3  10.8  11.8  -9 -9.0 -9  3  2
202511140800 108  25  1.1  -9 -9.0   -9 1010.9 1021.6 -9  -9.0   4.6  -0.8  68.0   5.8   -9.0   -9.0   -9.0   -9.0   -9.0   -9.0   -9.0 -9 -9 -                        0   0   -9 -         -9  -9  -9  2985  0.6  0.13 -9   2.3   6.9   8.1  10.6  11.8  -9 -9.0 -9  3  2
202511140900 108  25  1.2  -9 -9.0   -9 1011.3 1021.9  2   1.4   6.7  -0.3  61.0   6.0   -9.0   -9.0   -9.0   -9.0   -9.0   -9.0   -9.0 -9 -9 -                        0   0   -9 -         -9  -9  -9  3181  1.0  0.68 -9   6.5   7.3   8.0  10.5  11.5  -9 -9.0 -9  3  2
202511141000 108  25  1.9  -9 -9.0   -9 1011.5 1022.0 -9  -9.0   9.6   0.2  52.0   6.2   -9.0   -9.0   -9.0   -9.0   -9.0   -9.0   -9.0 -9 -9 -                        0   0   -9 -         -9  -9  -9  2849  1.0  1.37 -9  12.3   8.2   8.2  10.3  11.4  -9 -9.0 -9  3  2
202511141100 108  29  2.3  -9 -9.0   -9 1011.6 1022.0 -9  -9.0  11.5  -1.3  41.0   5.6   -9.0   -9.0   -9.0   -9.0   -9.0   -9.0   -9.0 -9 -9 -                        0   0   -9 -         -9  -9  -9  3662  1.0  1.87 -9  15.1   9.1   8.6  10.2  11.3  -9 -9.0 -9  3  2
202511141200 108  29  3.8  -9 -9.0   -9 1011.3 1021.7  8  -0.2  12.6  -2.8  34.0   5.0   -9.0   -9.0   -9.0   -9.0   -9.0   -9.0   -9.0 -9 -9 -                        0   0   -9 -         -9  -9  -9  3418  1.0  2.18 -9  17.2   9.9   9.1  10.2  11.3  -9 -9.0 -9  3  2
202511141300 108  32  3.4  -9 -9.0   -9 1010.4 1020.7 -9  -9.0  13.5  -3.7  30.0   4.6   -9.0   -9.0   -9.0   -9.0   -9.0   -9.0   -9.0 -9 -9 -                        0   0   -9 -         -9  -9  -9  3426  1.0  2.24 -9  17.6  10.2   9.6  10.3  11.2  -9 -9.0 -9  3  2
202511141400 108  25  2.3  -9 -9.0   -9 1010.3 1020.6 -9  -9.0  14.8  -1.7  32.0   5.4   -9.0   -9.0   -9.0   -9.0   -9.0   -9.0   -9.0 -9 -9 -                        0   0   -9 -         -9  -9  -9  3071  1.0  2.05 -9  17.9  10.8  10.1  10.4  11.1  -9 -9.0 -9  3  2
202511141500 108  29  3.1  -9 -9.0   -9 1010.4 1020.7  5  -1.0  14.6  -1.5  33.0   5.5   -9.0   -9.0   -9.0   -9.0   -9.0   -9.0   -9.0 -9 -9 -                        0   0   -9 -         -9  -9  -9  3385  1.0  1.65 -9  15.7  11.2  10.6  10.6  11.1  -9 -9.0 -9  3  2
202511141600 108  27  2.0  -9 -9.0   -9 1010.5 1020.8 -9  -9.0  14.3  -2.2  32.0   5.2   -9.0   -9.0   -9.0   -9.0   -9.0   -9.0   -9.0 -9 -9 -                        0   0   -9 -         -9  -9  -9  3438  1.0  1.11 -9  12.3  11.2  10.8  10.9  11.3  -9 -9.0 -9  3  2
202511141700 108  27  1.7  -9 -9.0   -9 1010.9 1021.2 -9  -9.0  12.6  -2.1  36.0   5.2   -9.0   -9.0   -9.0   -9.0   -9.0   -9.0   -9.0 -9 -9 -                        0   0   -9 -         -9  -9  -9  3430  0.9  0.41 -9   9.1  10.9  10.9  11.1  11.4  -9 -9.0 -9  3  2
202511141800 108  29  1.3  -9 -9.0   -9 1011.5 1021.9  2   1.2  11.2  -1.2  42.0   5.6   -9.0   -9.0   -9.0   -9.0   -9.0   -9.0   -9.0 -9 -9 -                        0   0   -9 -         -9  -9  -9  3234  0.0  0.02 -9   6.8  10.3  10.7  11.2  11.5  -9 -9.0 -9  3  2
202511141900 108  27  1.5  -9 -9.0   -9 1012.0 1022.4 -9  -9.0  10.3   0.8  52.0   6.5   -9.0   -9.0   -9.0   -9.0   -9.0   -9.0   -9.0 -9 -9 -                        0   0   -9 -         -9  -9  -9  3106 -9.0 -9.00 -9   5.8   9.7  10.4  11.3  11.6  -9 -9.0 -9  3 -9
202511142000 108  29  1.7  -9 -9.0   -9 1012.5 1023.0 -9  -9.0   9.5   1.6  58.0   6.9   -9.0   -9.0   -9.0   -9.0   -9.0   -9.0   -9.0 -9 -9 -                        0   0   -9 -         -9  -9  -9  2857 -9.0 -9.00 -9   5.2   9.3  10.1  11.3  11.6  -9 -9.0 -9  3 -9
202511142100 108  29  1.3  -9 -9.0   -9 1013.2 1023.7  2   1.8   8.9   1.7  61.0   6.9   -9.0   -9.0   -9.0   -9.0   -9.0   -9.0   -9.0 -9 -9 -                        0   0   -9 -         -9  -9  -9  2694 -9.0 -9.00 -9   4.7   9.0   9.8  11.3  11.7  -9 -9.0 -9  3  2
202511142200 108  27  1.6  -9 -9.0   -9 1013.7 1024.3 -9  -9.0   8.1   1.9  65.0   7.0   -9.0   -9.0   -9.0   -9.0   -9.0   -9.0   -9.0 -9 -9 -                        0   0   -9 -         -9  -9  -9  2574 -9.0 -9.00 -9   4.0   8.7   9.5  11.2  11.7  -9 -9.0 -9  3 -9
202511142300 108  27  1.2  -9 -9.0   -9 1013.5 1024.1 -9  -9.0   7.5   1.5  66.0   6.8   -9.0   -9.0   -9.0   -9.0   -9.0   -9.0   -9.0 -9 -9 -                        0   0   -9 -         -9  -9  -9  2486 -9.0 -9.00 -9   3.4   8.3   9.3  11.0  11.7  -9 -9.0 -9  3 -9
202511150000 108  32  0.8  -9 -9.0   -9 1014.1 1024.7  2   1.0   6.8   0.8  66.0   6.5   -9.0   -9.0   -9.0   -9.0   -9.0   -9.0   -9.0 -9 -9 -                        0   0   -9 -         -9  -9  -9  2667 -9.0 -9.00 -9   3.0   8.0   9.0  11.0  11.6  -9 -9.0 -9  3  2
202511150100 108  27  1.4  -9 -9.0   -9 1014.6 1025.2 -9  -9.0   6.4   0.7  67.0   6.4   -9.0   -9.0   -9.0   -9.0   -9.0   -9.0   -9.0 -9 -9 -                        0   0   -9 -         -9  -9  -9  2696 -9.0 -9.00 -9   2.8   7.7   8.7  10.9  11.6  -9 -9.0 -9  3 -9
202511150200 108   0  0.1  -9 -9.0   -9 1014.8 1025.4 -9  -9.0   6.0   0.9  70.0   6.5   -9.0   -9.0   -9.0   -9.0   -9.0   -9.0   -9.0 -9 -9 -                        0   0   -9 -         -9  -9  -9  2501 -9.0 -9.00 -9   2.4   7.5   8.5  10.7  11.5  -9 -9.0 -9  3 -9
202511150300 108   2  1.1  -9 -9.0   -9 1015.1 1025.8  2   1.1   5.6   0.1  68.0   6.2   -9.0   -9.0   -9.0   -9.0   -9.0   -9.0   -9.0 -9 -9 -                        0   0   -9 -         -9  -9  -9  2739 -9.0 -9.00 -9   2.1   7.3   8.3  10.5  11.5  -9 -9.0 -9  3  2
202511150400 108   5  1.9  -9 -9.0   -9 1015.5 1026.2 -9  -9.0   5.2  -0.2  68.0   6.0   -9.0   -9.0   -9.0   -9.0   -9.0   -9.0   -9.0 -9 -9 -                        0   0   -9 -         -9  -9  -9  2364 -9.0 -9.00 -9   1.9   7.0   8.1  10.4  11.4  -9 -9.0 -9  3  2
202511150500 108   2  0.6  -9 -9.0   -9 1016.2 1026.9 -9  -9.0   4.9  -0.3  69.0   6.0   -9.0   -9.0   -9.0   -9.0   -9.0   -9.0   -9.0 -9 -9 -                        0   0   -9 -         -9  -9  -9  2427 -9.0 -9.00 -9   1.6   6.7   7.8  10.3  11.3  -9 -9.0 -9  3  2
202511150600 108   2  1.7  -9 -9.0   -9 1016.7 1027.4  2   1.6   4.5  -0.5  70.0   5.9   -9.0   -9.0   -9.0   -9.0   -9.0   -9.0   -9.0 -9 -9 -                        0   0   -9 -         -9  -9  -9  2302 -9.0 -9.00 -9   1.7   6.6   7.7  10.1  11.1  -9 -9.0 -9  3  2
202511150700 108   2  2.2  -9 -9.0   -9 1016.9 1027.7 -9  -9.0   3.9  -0.6  72.0   5.8   -9.0   -9.0   -9.0   -9.0   -9.0   -9.0   -9.0 -9 -9 -                        4   0   -9 Ci         1   0   0  2235 -9.0 -9.00 -9   1.4   6.5   7.5  10.0  11.0  -9 -9.0 -9  3  2
202511150800 108   5  2.2  -9 -9.0   -9 1016.9 1027.7 -9  -9.0   3.7  -0.5  74.0   5.9   -9.0   -9.0   -9.0   -9.0   -9.0   -9.0   -9.0 -9 -9 -                        2   0   -9 Ci         1   0   0  1971  0.2  0.08 -9   2.2   6.3   7.3   9.8  10.9  -9 -9.0 -9  3  2
202511150900 108   5  2.1  -9 -9.0   -9 1017.1 1027.8  2   0.4   5.9   0.2  67.0   6.2   -9.0   -9.0   -9.0   -9.0   -9.0   -9.0   -9.0 -9 -9 -                        0   0   -9 -         -9  -9  -9  2048  1.0  0.55 -9   5.5   6.5   7.2   9.7  11.0  -9 -9.0 -9  3  2
202511151000 108   7  1.8  -9 -9.0   -9 1017.3 1027.9 -9  -9.0   8.7  -0.3  53.0   6.0   -9.0   -9.0   -9.0   -9.0   -9.0   -9.0   -9.0 -9 -9 -                        0   0   -9 -         -9  -9  -9  2672  1.0  1.31 -9  10.9   7.2   7.5   9.6  10.7  -9 -9.0 -9  3  2
202511151100 108   7  1.1  -9 -9.0   -9 1017.3 1027.8 -9  -9.0  11.3  -0.5  44.0   5.9   -9.0   -9.0   -9.0   -9.0   -9.0   -9.0   -9.0 -9 -9 -                        3   0   -9 Ci         1   0   0  2269  1.0  1.81 -9  14.3   8.0   7.9   9.5  10.6  -9 -9.0 -9  3  2
202511151200 108  16  1.0  -9 -9.0   -9 1017.1 1027.4  8  -0.4  14.2   0.4  39.0   6.3   -9.0   -9.0   -9.0   -9.0   -9.0   -9.0   -9.0 -9 -9 -                        1   0   -9 Ci         1   0   0  2702  1.0  2.14 -9  17.5   9.1   8.5   9.5  10.5  -9 -9.0 -9  3  2
202511151300 108   5  1.7  -9 -9.0   -9 1016.3 1026.6 -9  -9.0  15.0  -2.4  30.0   5.1   -9.0   -9.0   -9.0   -9.0   -9.0   -9.0   -9.0 -9 -9 -                        3   0   -9 Ci         1   0   0  2823  1.0  2.12 -9  17.1  10.3   9.2   9.5  10.5  -9 -9.0 -9  3  2
202511151400 108  18  0.8  -9 -9.0   -9 1016.0 1026.2 -9  -9.0  16.7  -2.4  27.0   5.1   -9.0   -9.0   -9.0   -9.0   -9.0   -9.0   -9.0 -9 -9 -                        2   0   -9 Ci         1   0   0  2802  1.0  1.84 -9  18.2  10.9   9.8   9.8  10.5  -9 -9.0 -9  3  2
202511151500 108  18  2.0  -9 -9.0   -9 1015.7 1025.9  7  -1.5  17.3  -3.4  24.0   4.8   -9.0   -9.0   -9.0   -9.0   -9.0   -9.0   -9.0 -9 -9 -                        1   0   -9 Ci         1   0   0  3170  1.0  1.50 -9  16.2  11.4  10.4  10.0  10.5  -9 -9.0 -9  3  2
202511151600 108  20  1.6  -9 -9.0   -9 1015.6 1025.8 -9  -9.0  16.9  -4.9  22.0   4.2   -9.0   -9.0   -9.0   -9.0   -9.0   -9.0   -9.0 -9 -9 -                        3   0   -9 Ci         1   0   0  3584  1.0  1.01 -9  13.5  11.4  10.7  10.3  10.8  -9 -9.0 -9  3  2
202511151700 108  27  1.5  -9 -9.0   -9 1016.1 1026.4 -9  -9.0  14.7  -5.6  24.0   4.0   -9.0   -9.0   -9.0   -9.0   -9.0   -9.0   -9.0 -9 -9 -                        3   0   -9 Ci         1   0   0  3491  0.7  0.38 -9   9.3  10.9  10.8  10.6  10.8  -9 -9.0 -9  3  2
202511151800 108  29  1.4  -9 -9.0   -9 1016.2 1026.6  3   0.7  13.0  -3.7  31.0   4.6   -9.0   -9.0   -9.0   -9.0   -9.0   -9.0   -9.0 -9 -9 -                        7   3   39 AcCi       1   3   0  2972  0.0  0.02 -9   7.8  10.3  10.6  10.8  11.1  -9 -9.0 -9  3  2
202511151900 108  25  0.9  -9 -9.0   -9 1016.5 1026.9 -9  -9.0  11.7  -2.9  36.0   4.9   -9.0   -9.0   -9.0   -9.0   -9.0   -9.0   -9.0 -9 -9 -                        2   2   42 -         -9  -9  -9  2628 -9.0 -9.00 -9   6.2   9.8  10.3  10.9  11.2  -9 -9.0 -9  3 -9
202511152000 108  27  0.9  -9 -9.0   -9 1017.0 1027.5 -9  -9.0  10.6  -2.4  40.0   5.1   -9.0   -9.0   -9.0   -9.0   -9.0   -9.0   -9.0 -9 -9 -                        5   5   44 -         -9  -9  -9  2417 -9.0 -9.00 -9   5.2   9.2   9.9  10.9  11.2  -9 -9.0 -9  3 -9
202511152100 108  27  1.7  -9 -9.0   -9 1017.4 1027.9  2   1.3   9.5  -1.8  45.0   5.4   -9.0   -9.0   -9.0   -9.0   -9.0   -9.0   -9.0 -9 -9 -                        0   0   -9 -         -9  -9  -9  2441 -9.0 -9.00 -9   4.6   8.8   9.6  11.0  11.3  -9 -9.0 -9  3  2
202511152200 108  29  0.8  -9 -9.0   -9 1017.4 1028.0 -9  -9.0   8.9  -1.2  49.0   5.6   -9.0   -9.0   -9.0   -9.0   -9.0   -9.0   -9.0 -9 -9 -                        0   0   -9 -         -9  -9  -9  2333 -9.0 -9.00 -9   4.1   8.5   9.3  10.9  11.4  -9 -9.0 -9  3 -9
202511152300 108   2  1.5  -9 -9.0   -9 1017.6 1028.2 -9  -9.0   8.6  -1.8  48.0   5.4   -9.0   -9.0   -9.0   -9.0   -9.0   -9.0   -9.0 -9 -9 -                        0   0   -9 -         -9  -9  -9  1981 -9.0 -9.00 -9   3.8   8.2   9.1  10.8  11.4  -9 -9.0 -9  3 -9
202511160000 108   5  1.4  -9 -9.0   -9 1017.2 1027.8  8  -0.1   8.0  -2.0  49.0   5.3   -9.0   -9.0   -9.0   -9.0   -9.0   -9.0   -9.0 -9 -9 -                        1   0   -9 Ci         1   0   0  2129 -9.0 -9.00 -9   3.5   7.9   8.8  10.6  11.3  -9 -9.0 -9  3  2
202511160100 108   2  1.8  -9 -9.0   -9 1017.2 1027.8 -9  -9.0   7.5  -1.4  53.0   5.5   -9.0   -9.0   -9.0   -9.0   -9.0   -9.0   -9.0 -9 -9 -                        3   3   50 -         -9  -9  -9  2128 -9.0 -9.00 -9   3.5   7.8   8.6  10.5  11.2  -9 -9.0 -9  3 -9
202511160200 108   2  2.1  -9 -9.0   -9 1016.9 1027.5 -9  -9.0   7.0  -1.4  55.0   5.5   -9.0   -9.0   -9.0   -9.0   -9.0   -9.0   -9.0 -9 -9 -                        3   3   48 -         -9  -9  -9  2178 -9.0 -9.00 -9   3.2   7.5   8.4  10.4  11.2  -9 -9.0 -9  3 -9
202511160300 108   5  1.5  -9 -9.0   -9 1016.8 1027.5  6  -0.3   6.3  -2.0  55.0   5.3   -9.0   -9.0   -9.0   -9.0   -9.0   -9.0   -9.0 -9 -9 -                        8   8   45 Ac         0   3   0  2375 -9.0 -9.00 -9   3.4   7.3   8.2  10.3  11.1  -9 -9.0 -9  3  2
202511160400 108   7  1.4  -9 -9.0   -9 1016.8 1027.4 -9  -9.0   6.6  -1.5  56.0   5.5   -9.0   -9.0   -9.0   -9.0   -9.0   -9.0   -9.0 -9 -9 -                        6   6   43 Ac         0   3   0  2480 -9.0 -9.00 -9   3.3   7.2   8.1  10.2  11.0  -9 -9.0 -9  3  2
202511160500 108   2  1.6  -9 -9.0   -9 1016.4 1027.1 -9  -9.0   6.2  -1.4  58.0   5.5   -9.0   -9.0   -9.0   -9.0   -9.0   -9.0   -9.0 -9 -9 -                        4   4   44 Ac         0   3   0  2589 -9.0 -9.00 -9   2.9   7.1   7.9  10.0  11.0  -9 -9.0 -9  3  2
202511160600 108   7  1.7  -9 -9.0   -9 1016.2 1026.9  7  -0.6   5.8  -1.3  60.0   5.6   -9.0   -9.0   -9.0   -9.0   -9.0   -9.0   -9.0 -9 -9 -                        6   6   40 Ac         0   3   0  2541 -9.0 -9.00 -9   2.6   6.9   7.8   9.9  10.9  -9 -9.0 -9  3  2
202511160700 108   5  1.2  -9 -9.0   -9 1016.5 1027.2 -9  -9.0   5.7  -1.0  62.0   5.7   -9.0   -9.0   -9.0   -9.0   -9.0   -9.0   -9.0 -9 -9 -                        5   5   35 Ac         0   3   0  2412 -9.0 -9.00 -9   2.7   6.8   7.6   9.8  10.9  -9 -9.0 -9  3  2
202511160800 108   5  1.1  -9 -9.0   -9 1016.6 1027.3 -9  -9.0   5.7  -1.0  62.0   5.7   -9.0   -9.0   -9.0   -9.0   -9.0   -9.0   -9.0 -9 -9 -                        2   2   35 Ac         0   3   0  2533  0.1  0.06 -9   3.3   6.7   7.5   9.7  10.6  -9 -9.0 -9  3  2
202511160900 108   7  1.3  -9 -9.0   -9 1016.5 1027.1  0   0.2   7.6  -0.6  56.0   5.8   -9.0   -9.0   -9.0   -9.0   -9.0   -9.0   -9.0 -9 -9 -                        1   0   -9 Ci         1   0   0  2711  0.9  0.55 -9   7.2   7.0   7.5   9.6  10.6  -9 -9.0 -9  3  2
202511161000 108   7  1.4  -9 -9.0   -9 1016.2 1026.7 -9  -9.0  10.5   0.0  48.0   6.1   -9.0   -9.0   -9.0   -9.0   -9.0   -9.0   -9.0 -9 -9 -                        0   0   -9 -         -9  -9  -9  2443  1.0  1.25 -9  12.0   7.8   7.7   9.5  10.6  -9 -9.0 -9  3  2
202511161100 108   5  2.5  -9 -9.0   -9 1015.5 1025.9 -9  -9.0  12.8   0.1  42.0   6.2   -9.0   -9.0   -9.0   -9.0   -9.0   -9.0   -9.0 -9 -9 -                        0   0   -9 -         -9  -9  -9  1968  1.0  1.72 -9  15.1   8.6   8.2   9.5  10.6  -9 -9.0 -9  3  2
202511161200 108  20  2.2  -9 -9.0   -9 1014.7 1024.9  7  -2.2  16.5   2.1  38.0   7.1   -9.0   -9.0   -9.0   -9.0   -9.0   -9.0   -9.0 -9 -9 -                        0   0   -9 -         -9  -9  -9  2191  1.0  2.01 -9  18.8   9.7   8.8   9.5  10.3  -9 -9.0 -9  3  2
202511161300 108  23  2.2  -9 -9.0   -9 1014.1 1024.3 -9  -9.0  17.8  -0.4  29.0   5.9   -9.0   -9.0   -9.0   -9.0   -9.0   -9.0   -9.0 -9 -9 -                        0   0   -9 -         -9  -9  -9  3175  1.0  2.09 -9  19.9  11.2   9.6   9.6  10.3  -9 -9.0 -9  3  2
202511161400 108  27  4.2  -9 -9.0   -9 1014.0 1024.1 -9  -9.0  18.4  -0.4  28.0   5.9   -9.0   -9.0   -9.0   -9.0   -9.0   -9.0   -9.0 -9 -9 -                        0   0   -9 -         -9  -9  -9  2403  1.0  1.97 -9  19.8  11.9  10.3   9.8  10.3  -9 -9.0 -9  3  2
202511161500 108  25  4.3  -9 -9.0   -9 1013.7 1023.9  7  -1.0  17.4   5.9  47.0   9.3   -9.0   -9.0   -9.0   -9.0   -9.0   -9.0   -9.0 -9 -9 -                        0   0   -9 -         -9  -9  -9  2272  1.0  1.58 -9  17.7  12.3  10.8  10.1  10.4  -9 -9.0 -9  3  2
202511161600 108  23  3.1  -9 -9.0   -9 1013.8 1024.0 -9  -9.0  16.6   7.7  56.0  10.5   -9.0   -9.0   -9.0   -9.0   -9.0   -9.0   -9.0 -9 -9 -                        2   2   11 Sc         0   0   5  2880  0.7  0.84 -9  14.4  12.2  11.1  10.4  10.5  -9 -9.0 -9  3  2
202511161700 108  25  2.8  -9 -9.0   -9 1014.1 1024.4 -9  -9.0  15.7   8.1  61.0  10.8   -9.0   -9.0   -9.0   -9.0   -9.0   -9.0   -9.0 -9 -9 -                        4   4   10 Sc         0   0   5  3293  0.2  0.23 -9  13.1  12.0  11.2  10.6  10.7  -9 -9.0 -9  3  2
202511161800 108  18  2.9  -9 -9.0   -9 1013.9 1024.2  0   0.3  15.1   9.6  70.0  11.9   -9.0   -9.0   -9.0   -9.0   -9.0   -9.0   -9.0 -9 -9 -                        7   7    7 Sc         0   0   5  2622  0.0  0.02 -9  12.2  11.8  11.2  10.9  10.9  -9 -9.0 -9  3  2
202511161900 108  20  3.3  -9 -9.0   -9 1013.8 1024.1 -9  -9.0  14.9  10.0  73.0  12.3   -9.0   -9.0   -9.0   -9.0   -9.0   -9.0   -9.0 -9 -9 -                        3   3    6 -         -9  -9  -9  2222 -9.0 -9.00 -9  12.5  11.7  11.2  11.0  11.0  -9 -9.0 -9  3 -9
202511162000 108  20  3.0  -9 -9.0   -9 1013.6 1023.9 -9  -9.0  14.8  10.6  76.0  12.8   -9.0    0.1    0.1   -9.0   -9.0   -9.0   -9.0 60 62 01                       9   9    6 Sc         0   0   5  1607 -9.0 -9.00 -9  12.4  11.7  11.2  11.1  11.1  -9 -9.0 -9  4  1
202511162100 108  20  2.6  -9 -9.0   -9 1013.9 1024.2  4   0.0  14.1  11.0  82.0  13.1    0.3    0.3    0.3   -9.0   -9.0   -9.0   -9.0 21 61 01                       7   7    6 Sc         0   0   5  1068 -9.0 -9.00 -9  11.2  11.5  11.2  11.2  11.3  -9 -9.0 -9  1  1
202511162200 108  25  3.0  -9 -9.0   -9 1014.0 1024.3 -9  -9.0  13.9  11.2  84.0  13.3   -9.0    0.3    0.3   -9.0   -9.0   -9.0   -9.0 -9 -9 19                       2   2    3 -         -9  -9  -9   205 -9.0 -9.00 -9  11.2  11.3  11.2  11.3  11.2  -9 -9.0 -9  3  2
202511162300 108  27  3.9  -9 -9.0   -9 1014.7 1025.1 -9  -9.0  12.5   8.1  75.0  10.8   -9.0    0.3    0.3   -9.0   -9.0   -9.0   -9.0 -9 -9 19                       4   4    5 -         -9  -9  -9   302 -9.0 -9.00 -9   9.9  11.3  11.2  11.2  11.4  -9 -9.0 -9  3  2
202511170000 108  29  3.9  32 10.0 2317 1015.6 1026.1  2   1.9   9.7   2.0  59.0   7.1   -9.0    0.3    0.3   -9.0   -9.0   -9.0   -9.0 -9 -9 4019                     0   0   -9 -         -9  -9  -9  1702 -9.0 -9.00 -9   6.5  10.6  11.0  11.4  11.5  -9 -9.0 -9  3  2
202511170100 108  29  2.9  -9 -9.0   -9 1016.1 1026.7 -9  -9.0   8.5   0.0  55.0   6.1   -9.0   -9.0   -9.0   -9.0   -9.0   -9.0   -9.0 -9 -9 -                        3   3   51 -         -9  -9  -9  2705 -9.0 -9.00 -9   5.2  10.0  10.6  11.4  11.5  -9 -9.0 -9  3 -9
202511170200 108  29  3.8  29 10.0  148 1016.9 1027.5 -9  -9.0   7.7  -1.5  52.0   5.5   -9.0   -9.0   -9.0   -9.0   -9.0   -9.0   -9.0 -9 -9 -                        7   7   42 -         -9  -9  -9  2609 -9.0 -9.00 -9   4.9   9.4  10.2  11.4  11.5  -9 -9.0 -9  3 -9
202511170300 108  27  4.6  29 10.0  148 1017.9 1028.6  2   2.5   6.3  -9.2  32.0   3.0   -9.0   -9.0   -9.0   -9.0   -9.0   -9.0   -9.0 -9 -9 -                        2   2   45 Ac         0   3   0  2868 -9.0 -9.00 -9   3.0   8.8   9.8  11.3  11.6  -9 -9.0 -9  3  2
202511170400 108  27  3.6  -9 -9.0   -9 1018.2 1028.9 -9  -9.0   5.3  -8.9  35.0   3.1   -9.0   -9.0   -9.0   -9.0   -9.0   -9.0   -9.0 -9 -9 -                        2   2   36 Ac         0   3   0  2954 -9.0 -9.00 -9   2.4   8.3   9.4  11.2  11.6  -9 -9.0 -9  3  2
202511170500 108  27  3.1  -9 -9.0   -9 1018.5 1029.2 -9  -9.0   4.5 -13.8  25.0   2.1   -9.0   -9.0   -9.0   -9.0   -9.0   -9.0   -9.0 -9 -9 -                        6   6   41 Ac         0   3   0  3446 -9.0 -9.00 -9   2.3   7.9   9.0  11.0  11.6  -9 -9.0 -9  3  2
202511170600 108  27  4.2  -9 -9.0   -9 1018.7 1029.5  2   0.9   4.1 -13.2  27.0   2.2   -9.0   -9.0   -9.0   -9.0   -9.0   -9.0   -9.0 -9 -9 -                        8   8   39 Ac         0   3   0  3578 -9.0 -9.00 -9   2.9   7.6   8.7  10.8  11.5  -9 -9.0 -9  3  2
202511170700 108  27  3.6  -9 -9.0   -9 1019.0 1029.8 -9  -9.0   3.7 -13.6  27.0   2.1   -9.0   -9.0   -9.0   -9.0   -9.0   -9.0   -9.0 -9 -9 -                        9   9   39 Ac         0   3   0  3316 -9.0 -9.00 -9   1.9   7.3   8.4  10.6  11.4  -9 -9.0 -9  3  2
202511170800 108  29  2.8  -9 -9.0   -9 1019.5 1030.3 -9  -9.0   3.3 -12.6  30.0   2.3   -9.0   -9.0   -9.0   -9.0   -9.0   -9.0   -9.0 -9 -9 -                        7   4   42 AcCi       1   3   0  3582  0.0  0.07 -9   2.9   7.0   8.2  10.5  11.3  -9 -9.0 -9  3  2
202511170900 108  29  4.6  -9 -9.0   -9 1020.0 1030.8  2   1.3   3.2 -11.9  32.0   2.5   -9.0   -9.0   -9.0   -9.0   -9.0   -9.0   -9.0 -9 -9 -                        9   9   46 Ac         0   3   0  2890  0.3  0.45 -9   5.3   7.0   8.0  10.3  11.3  -9 -9.0 -9  3  2
202511171000 108  27  3.5  -9 -9.0   -9 1020.3 1031.1 -9  -9.0   3.8 -10.6  34.0   2.7   -9.0   -9.0   -9.0   -9.0   -9.0   -9.0   -9.0 -9 -9 -                        7   7   49 Ac         0   3   0  3358  0.3  0.74 -9   9.2   7.1   7.9  10.1  11.1  -9 -9.0 -9  3  2
202511171100 108  29  4.6  25 11.0 1048 1020.6 1031.4 -9  -9.0   3.8 -11.4  32.0   2.6   -9.0   -9.0   -9.0   -9.0   -9.0   -9.0   -9.0 -9 -9 -                       10   4   48 AcCs       7   3   0  3206  0.9  1.48 -9  12.2   7.4   7.9  10.1  11.0  -9 -9.0 -9  3  2
202511171200 108  29  4.3  25 11.0 1048 1019.6 1030.4  8  -0.4   3.8 -13.0  28.0   2.3   -9.0   -9.0   -9.0   -9.0   -9.0   -9.0   -9.0 -9 -9 -                        9   2   48 AcCi       2   3   0  3276  0.4  1.30 -9  11.9   8.0   8.1  10.0  10.9  -9 -9.0 -9  3  2
202511171300 108  29  4.0  -9 -9.0   -9 1018.5 1029.2 -9  -9.0   4.6 -11.5  30.0   2.5   -9.0   -9.0   -9.0   -9.0   -9.0   -9.0   -9.0 -9 -9 -                        8   0   -9 Ci         2   0   0  3466  0.9  1.64 -9  13.4   7.9   8.2   9.9  10.7  -9 -9.0 -9  3  2
202511171400 108  27  4.5  27 10.0 1349 1018.1 1028.8 -9  -9.0   4.7  -9.4  35.0   3.0   -9.0   -9.0   -9.0   -9.0   -9.0   -9.0   -9.0 -9 -9 -                        3   0   -9 Ci         1   0   0  2851  1.0  1.82 -9  11.1   8.0   8.4   9.8  10.8  -9 -9.0 -9  3  2
202511171500 108  27  4.1  25 11.0 1048 1018.0 1028.7  7  -1.7   5.2 -10.1  32.0   2.8   -9.0   -9.0   -9.0   -9.0   -9.0   -9.0   -9.0 -9 -9 -                        1   0   -9 Ci         1   0   0  3727  1.0  1.58 -9   9.6   8.1   8.5   9.8  10.7  -9 -9.0 -9  3  2
202511171600 108  27  5.1  32 10.0 1503 1018.0 1028.7 -9  -9.0   5.1  -9.5  34.0   3.0   -9.0   -9.0   -9.0   -9.0   -9.0   -9.0   -9.0 -9 -9 -                        0   0   -9 -         -9  -9  -9  3241  1.0  1.03 -9   6.2   7.9   8.4   9.9  10.6  -9 -9.0 -9  3  2
202511171700 108  27  3.4  -9 -9.0   -9 1018.0 1028.8 -9  -9.0   3.7 -10.0  36.0   2.9   -9.0   -9.0   -9.0   -9.0   -9.0   -9.0   -9.0 -9 -9 -                        0   0   -9 -         -9  -9  -9  3157  0.9  0.40 -9   3.0   7.5   8.3   9.9  10.8  -9 -9.0 -9  3  2
202511171800 108  27  4.2  32 10.0 1503 1018.3 1029.1  2   0.4   3.0  -8.3  43.0   3.3   -9.0   -9.0   -9.0   -9.0   -9.0   -9.0   -9.0 -9 -9 -                        2   0   -9 Ci         1   0   0  3065  0.0  0.02 -9   1.5   7.0   8.1  10.0  10.7  -9 -9.0 -9  3  2
202511171900 108  27  3.9  -9 -9.0   -9 1018.8 1029.6 -9  -9.0   2.4  -7.7  47.0   3.4   -9.0   -9.0   -9.0   -9.0   -9.0   -9.0   -9.0 -9 -9 -                        0   0   -9 -         -9  -9  -9  2912 -9.0 -9.00 -9   0.7   6.6   7.8   9.9  10.6  -9 -9.0 -9  3 -9
202511172000 108  32  4.9  -9 -9.0   -9 1019.2 1030.1 -9  -9.0   1.4  -8.4  48.0   3.2   -9.0   -9.0   -9.0   -9.0   -9.0   -9.0   -9.0 -9 -9 -                        0   0   -9 -         -9  -9  -9  2588 -9.0 -9.00 -9  -0.1   6.2   7.5   9.8  10.7  -9 -9.0 -9  3 -9
202511172100 108  27  2.9  32 10.0 1503 1019.4 1030.3  2   1.2   0.6  -8.6  50.0   3.2   -9.0   -9.0   -9.0   -9.0   -9.0   -9.0   -9.0 -9 -9 -                        6   0   -9 Ci         1   0   0  3188 -9.0 -9.00 -9  -0.6   5.7   7.2   9.7  10.7  -9 -9.0 -9  3  2
202511172200 108  29  2.7  -9 -9.0   -9 1019.5 1030.4 -9  -9.0   0.2  -8.5  52.0   3.2   -9.0   -9.0   -9.0   -9.0   -9.0   -9.0   -9.0 -9 -9 -                        6   6   73 -         -9  -9  -9  3013 -9.0 -9.00 -9  -0.7   5.5   6.9   9.6  10.7  -9 -9.0 -9  3 -9
202511172300 108  25  1.7  -9 -9.0   -9 1019.3 1030.2 -9  -9.0  -0.1  -8.5  53.0   3.2   -9.0   -9.0   -9.0   -9.0   -9.0   -9.0   -9.0 -9 -9 -                        3   3   76 -         -9  -9  -9  2995 -9.0 -9.00 -9  -1.5   5.2   6.6   9.5  10.6  -9 -9.0 -9  3 -9
202511180000 108  32  1.3  -9 -9.0   -9 1018.9 1029.9  8  -0.4  -0.6  -8.5  55.0   3.2   -9.0   -9.0   -9.0   -9.0   -9.0   -9.0   -9.0 -9 -9 -                        1   0   -9 Ci         1   0   0  2846 -9.0 -9.00 -9  -1.9   4.9   6.4   9.3  10.4  -9 -9.0 -9  3  2
202511180100 108  27  1.4  -9 -9.0   -9 1018.7 1029.7 -9  -9.0  -1.0  -8.9  55.0   3.1   -9.0   -9.0   -9.0   -9.0   -9.0   -9.0   -9.0 -9 -9 -                        0   0   -9 -         -9  -9  -9  2936 -9.0 -9.00 -9  -2.1   4.6   6.1   9.1  10.3  -9 -9.0 -9  3 -9
202511180200 108  27  2.1  -9 -9.0   -9 1018.4 1029.4 -9  -9.0  -1.5  -9.1  56.0   3.1   -9.0   -9.0   -9.0   -9.0   -9.0   -9.0   -9.0 -9 -9 -                        0   0   -9 -         -9  -9  -9  3053 -9.0 -9.00 -9  -2.3   4.2   5.8   9.0  10.4  -9 -9.0 -9  3 -9
202511180300 108  27  1.2  -9 -9.0   -9 1018.4 1029.4  6  -0.5  -1.6  -9.4  55.0   3.0   -9.0   -9.0   -9.0   -9.0   -9.0   -9.0   -9.0 -9 -9 -                        0   0   -9 -         -9  -9  -9  2965 -9.0 -9.00 -9  -2.7   4.0   5.6   8.8  10.1  -9 -9.0 -9  3  2
202511180400 108  29  2.3  -9 -9.0   -9 1018.1 1029.1 -9  -9.0  -1.6  -9.7  54.0   2.9   -9.0   -9.0   -9.0   -9.0   -9.0   -9.0   -9.0 -9 -9 -                        0   0   -9 -         -9  -9  -9  3128 -9.0 -9.00 -9  -2.7   3.8   5.3   8.6  10.0  -9 -9.0 -9  3  2
202511180500 108  27  2.1  -9 -9.0   -9 1017.7 1028.7 -9  -9.0  -1.9  -9.7  55.0   2.9   -9.0   -9.0   -9.0   -9.0   -9.0   -9.0   -9.0 -9 -9 -                        0   0   -9 -         -9  -9  -9  3051 -9.0 -9.00 -9  -2.8   3.5   5.1   8.5   9.8  -9 -9.0 -9  3  2
202511180600 108  27  2.0  -9 -9.0   -9 1017.9 1028.9  5  -0.5  -2.0  -9.6  56.0   3.0   -9.0   -9.0   -9.0   -9.0   -9.0   -9.0   -9.0 -9 -9 -                        0   0   -9 -         -9  -9  -9  3046 -9.0 -9.00 -9  -2.9   3.3   4.9   8.3   9.8  -9 -9.0 -9  3  2
202511180700 108  27  3.3  -9 -9.0   -9 1018.2 1029.2 -9  -9.0  -1.7  -9.5  55.0   3.0   -9.0   -9.0   -9.0   -9.0   -9.0   -9.0   -9.0 -9 -9 -                        0   0   -9 -         -9  -9  -9  2918 -9.0 -9.00 -9  -2.8   3.2   4.7   8.1   9.7  -9 -9.0 -9  3  2
202511180800 108  27  1.6  -9 -9.0   -9 1019.0 1030.0 -9  -9.0  -1.9  -9.3  57.0   3.0   -9.0   -9.0   -9.0   -9.0   -9.0   -9.0   -9.0 -9 -9 -                        0   0   -9 -         -9  -9  -9  2863  0.4  0.10 -9  -2.4   3.1   4.6   8.0   9.5  -9 -9.0 -9  3  2
202511180900 108  32  2.4  -9 -9.0   -9 1019.4 1030.4  2   1.5  -0.9 -10.2  49.0   2.8   -9.0   -9.0   -9.0   -9.0   -9.0   -9.0   -9.0 -9 -9 -                        0   0   -9 -         -9  -9  -9  3169  1.0  0.65 -9   0.2   3.1   4.5   7.8   9.4  -9 -9.0 -9  3  2
202511181000 108  29  3.2  -9 -9.0   -9 1018.9 1029.8 -9  -9.0   1.1 -11.0  40.0   2.6   -9.0   -9.0   -9.0   -9.0   -9.0   -9.0   -9.0 -9 -9 -                        0   0   -9 -         -9  -9  -9  3461  1.0  1.31 -9   4.8   3.6   4.5   7.7   9.2  -9 -9.0 -9  3  2
202511181100 108  27  2.7  -9 -9.0   -9 1018.3 1029.1 -9  -9.0   2.9 -11.8  33.0   2.5   -9.0   -9.0   -9.0   -9.0   -9.0   -9.0   -9.0 -9 -9 -                        0   0   -9 -         -9  -9  -9  4433  1.0  1.79 -9   9.5   4.3   4.8   7.5   9.1  -9 -9.0 -9  3  2
202511181200 108  29  3.2  -9 -9.0   -9 1017.2 1027.9  7  -2.5   4.3 -11.3  31.0   2.6   -9.0   -9.0   -9.0   -9.0   -9.0   -9.0   -9.0 -9 -9 -                        0   0   -9 -         -9  -9  -9  4115  1.0  2.08 -9  12.6   5.1   5.3   7.4   9.0  -9 -9.0 -9  3  2
202511181300 108  27  3.8  -9 -9.0   -9 1016.0 1026.7 -9  -9.0   5.4 -10.4  31.0   2.8   -9.0   -9.0   -9.0   -9.0   -9.0   -9.0   -9.0 -9 -9 -                        0   0   -9 -         -9  -9  -9  3906  1.0  2.16 -9  13.0   5.8   5.7   7.5   8.9  -9 -9.0 -9  3  2
202511181400 108  29  2.4  -9 -9.0   -9 1015.3 1026.0 -9  -9.0   5.7 -10.1  31.0   2.8   -9.0   -9.0   -9.0   -9.0   -9.0   -9.0   -9.0 -9 -9 -                        0   0   -9 -         -9  -9  -9  3480  1.0  2.00 -9  12.4   6.3   6.2   7.5   8.8  -9 -9.0 -9  3  2
202511181500 108  27  3.4  -9 -9.0   -9 1014.8 1025.4  7  -2.5   6.3  -8.8  33.0   3.1   -9.0   -9.0   -9.0   -9.0   -9.0   -9.0   -9.0 -9 -9 -                        0   0   -9 -         -9  -9  -9  3915  1.0  1.62 -9  10.0   6.6   6.6   7.7   9.0  -9 -9.0 -9  3  2
202511181600 108  27  3.7  -9 -9.0   -9 1014.7 1025.4 -9  -9.0   5.3  -8.2  37.0   3.3   -9.0   -9.0   -9.0   -9.0   -9.0   -9.0   -9.0 -9 -9 -                        2   0   -9 Ci         1   0   0  3637  0.9  0.99 -9   5.6   6.6   6.8   7.8   8.9  -9 -9.0 -9  3  2
202511181700 108  29  2.7  -9 -9.0   -9 1014.7 1025.4 -9  -9.0   4.3  -8.1  40.0   3.3   -9.0   -9.0   -9.0   -9.0   -9.0   -9.0   -9.0 -9 -9 -                        0   0   -9 -         -9  -9  -9  3282  0.8  0.40 -9   3.0   6.3   6.8   8.0   9.0  -9 -9.0 -9  3  2
202511181800 108  25  2.5  -9 -9.0   -9 1014.8 1025.6  2   0.2   3.4  -7.4  45.0   3.5   -9.0   -9.0   -9.0   -9.0   -9.0   -9.0   -9.0 -9 -9 -                        0   0   -9 -         -9  -9  -9  3138  0.0  0.01 -9   1.0   5.8   6.6   8.2   9.0  -9 -9.0 -9  3  2
202511181900 108  25  2.8  -9 -9.0   -9 1015.1 1025.9 -9  -9.0   3.0  -6.9  48.0   3.6   -9.0   -9.0   -9.0   -9.0   -9.0   -9.0   -9.0 -9 -9 -                        0   0   -9 -         -9  -9  -9  3052 -9.0 -9.00 -9   0.4   5.3   6.4   8.3   9.2  -9 -9.0 -9  3 -9
202511182000 108  25  2.2  -9 -9.0   -9 1015.2 1026.0 -9  -9.0   2.6  -6.0  53.0   3.9   -9.0   -9.0   -9.0   -9.0   -9.0   -9.0   -9.0 -9 -9 -                        1   1   -9 -         -9  -9  -9  3073 -9.0 -9.00 -9  -0.2   5.0   6.2   8.3   9.2  -9 -9.0 -9  3 -9
202511182100 108  36  0.9  -9 -9.0   -9 1015.6 1026.4  2   0.8   2.1  -6.2  54.0   3.8   -9.0   -9.0   -9.0   -9.0   -9.0   -9.0   -9.0 -9 -9 -                        6   6   14 Sc         0   0   5  2827 -9.0 -9.00 -9  -0.1   4.8   5.9   8.2   9.3  -9 -9.0 -9  3  2
202511182200 108  29  2.2  -9 -9.0   -9 1015.9 1026.7 -9  -9.0   2.2  -6.4  53.0   3.8   -9.0   -9.0   -9.0   -9.0   -9.0   -9.0   -9.0 -9 -9 -                        5   5   12 -         -9  -9  -9  2646 -9.0 -9.00 -9   0.2   4.7   5.8   8.2   9.2  -9 -9.0 -9  3 -9
202511182300 108  34  1.2  -9 -9.0   -9 1016.3 1027.1 -9  -9.0   1.6  -7.4  51.0   3.5   -9.0   -9.0   -9.0   -9.0   -9.0   -9.0   -9.0 -9 -9 -                        0   0   -9 -         -9  -9  -9  2592 -9.0 -9.00 -9  -1.1   4.6   5.6   8.0   9.2  -9 -9.0 -9  3 -9
202511190000 108  32  2.4  -9 -9.0   -9 1016.5 1027.4  2   1.0   0.8  -7.4  54.0   3.5   -9.0   -9.0   -9.0   -9.0   -9.0   -9.0   -9.0 -9 -9 -                        0   0   -9 -         -9  -9  -9  2426 -9.0 -9.00 -9  -1.4   4.2   5.4   7.9   9.1  -9 -9.0 -9  3  2
202511190100 108  34  2.4  -9 -9.0   -9 1016.3 1027.2 -9  -9.0   0.4  -8.0  53.0   3.3   -9.0   -9.0   -9.0   -9.0   -9.0   -9.0   -9.0 -9 -9 -                        0   0   -9 -         -9  -9  -9  2599 -9.0 -9.00 -9  -1.7   4.0   5.2   7.9   9.0  -9 -9.0 -9  3 -9
202511190200 108   2  1.4  -9 -9.0   -9 1016.0 1026.9 -9  -9.0  -0.1  -8.3  54.0   3.3   -9.0   -9.0   -9.0   -9.0   -9.0   -9.0   -9.0 -9 -9 -                        0   0   -9 -         -9  -9  -9  2639 -9.0 -9.00 -9  -2.1   3.7   5.0   7.8   9.0  -9 -9.0 -9  3 -9
202511190300 108  29  1.5  -9 -9.0   -9 1015.9 1026.8  7  -0.6  -0.5  -8.2  56.0   3.3   -9.0   -9.0   -9.0   -9.0   -9.0   -9.0   -9.0 -9 -9 -                        0   0   -9 -         -9  -9  -9  2712 -9.0 -9.00 -9  -2.3   3.4   4.8   7.7   9.0  -9 -9.0 -9  3  2
202511190400 108  29  1.3  -9 -9.0   -9 1015.5 1026.4 -9  -9.0  -0.8  -8.0  58.0   3.3   -9.0   -9.0   -9.0   -9.0   -9.0   -9.0   -9.0 -9 -9 -                        0   0   -9 -         -9  -9  -9  2873 -9.0 -9.00 -9  -2.6   3.1   4.6   7.5   9.0  -9 -9.0 -9  3  2
202511190500 108   5  0.5  -9 -9.0   -9 1015.6 1026.6 -9  -9.0  -1.2  -8.6  57.0   3.2   -9.0   -9.0   -9.0   -9.0   -9.0   -9.0   -9.0 -9 -9 -                        0   0   -9 -         -9  -9  -9  3130 -9.0 -9.00 -9  -2.7   2.9   4.4   7.4   8.7  -9 -9.0 -9  3  2
202511190600 108  34  0.8  -9 -9.0   -9 1016.1 1027.1  3   0.3  -1.2  -8.6  57.0   3.2   -9.0   -9.0   -9.0   -9.0   -9.0   -9.0   -9.0 -9 -9 -                        0   0   -9 -         -9  -9  -9  3137 -9.0 -9.00 -9  -2.9   2.7   4.2   7.2   8.6  -9 -9.0 -9  3  2
202511190700 108   7  1.6  -9 -9.0   -9 1016.4 1027.4 -9  -9.0  -1.4  -8.3  59.0   3.3   -9.0   -9.0   -9.0   -9.0   -9.0   -9.0   -9.0 -9 -9 -                        0   0   -9 -         -9  -9  -9  2967 -9.0 -9.00 -9  -2.9   2.6   4.0   7.1   8.6  -9 -9.0 -9  3  2
202511190800 108   5  1.9  -9 -9.0   -9 1016.6 1027.6 -9  -9.0  -1.4  -7.7  62.0   3.4   -9.0   -9.0   -9.0   -9.0   -9.0   -9.0   -9.0 -9 -9 -                        0   0   -9 -         -9  -9  -9  2941  0.4  0.09 -9  -2.1   2.5   3.9   7.0   8.5  -9 -9.0 -9  3  2
202511190900 108   7  1.1  -9 -9.0   -9 1017.1 1028.0  2   0.9   0.0  -7.0  59.0   3.6   -9.0   -9.0   -9.0   -9.0   -9.0   -9.0   -9.0 -9 -9 -                        0   0   -9 -         -9  -9  -9  2500  1.0  0.56 -9   0.5   2.7   3.8   6.8   8.4  -9 -9.0 -9  3  2
202511191000 108  20  1.3  -9 -9.0   -9 1017.1 1027.9 -9  -9.0   3.3  -8.1  43.0   3.3   -9.0   -9.0   -9.0   -9.0   -9.0   -9.0   -9.0 -9 -9 -                        0   0   -9 -         -9  -9  -9  3162  1.0  1.22 -9   5.0   3.4   3.9   6.7   8.3  -9 -9.0 -9  3  2
202511191100 108  27  2.2  -9 -9.0   -9 1017.0 1027.7 -9  -9.0   4.9 -10.0  33.0   2.9   -9.0   -9.0   -9.0   -9.0   -9.0   -9.0   -9.0 -9 -9 -                        0   0   -9 -         -9  -9  -9  3800  1.0  1.72 -9  10.3   4.4   4.4   6.7   8.3  -9 -9.0 -9  3  2
202511191200 108  25  2.0  -9 -9.0   -9 1016.4 1027.0  7  -1.0   6.5  -9.4  31.0   3.0   -9.0   -9.0   -9.0   -9.0   -9.0   -9.0   -9.0 -9 -9 -                        0   0   -9 -         -9  -9  -9  3084  1.0  2.04 -9  13.3   5.1   4.9   6.6   8.1  -9 -9.0 -9  3  2
202511191300 108  23  2.6  -9 -9.0   -9 1015.5 1026.1 -9  -9.0   7.5  -8.9  30.0   3.1   -9.0   -9.0   -9.0   -9.0   -9.0   -9.0   -9.0 -9 -9 -                        0   0   -9 -         -9  -9  -9  3600  1.0  2.10 -9  14.1   6.0   5.5   6.7   8.0  -9 -9.0 -9  3  2
202511191400 108  27  2.4  -9 -9.0   -9 1015.1 1025.7 -9  -9.0   8.3  -8.2  30.0   3.3   -9.0   -9.0   -9.0   -9.0   -9.0   -9.0   -9.0 -9 -9 -                        0   0   -9 -         -9  -9  -9  4073  1.0  1.94 -9  13.6   6.6   6.1   6.8   8.1  -9 -9.0 -9  3  2
202511191500 108  27  1.8  -9 -9.0   -9 1014.7 1025.2  7  -1.8   8.5  -8.1  30.0   3.3   -9.0   -9.0   -9.0   -9.0   -9.0   -9.0   -9.0 -9 -9 -                        0   0   -9 -         -9  -9  -9  3547  1.0  1.56 -9  10.9   7.0   6.5   7.0   8.1  -9 -9.0 -9  3  2
202511191600 108  27  2.9  -9 -9.0   -9 1014.7 1025.3 -9  -9.0   8.0  -7.7  32.0   3.4   -9.0   -9.0   -9.0   -9.0   -9.0   -9.0   -9.0 -9 -9 -                        0   0   -9 -         -9  -9  -9  2815  1.0  0.90 -9   7.5   6.9   6.8   7.3   8.1  -9 -9.0 -9  3  2
202511191700 108  27  2.9  -9 -9.0   -9 1014.8 1025.4 -9  -9.0   6.3  -6.0  41.0   3.9   -9.0   -9.0   -9.0   -9.0   -9.0   -9.0   -9.0 -9 -9 -                        0   0   -9 -         -9  -9  -9  3265  0.9  0.38 -9   4.1   6.6   6.8   7.5   8.2  -9 -9.0 -9  3  2
202511191800 108  27  2.1  -9 -9.0   -9 1015.0 1025.7  2   0.5   5.1  -5.0  48.0   4.2   -9.0   -9.0   -9.0   -9.0   -9.0   -9.0   -9.0 -9 -9 -                        0   0   -9 -         -9  -9  -9  3078  0.0  0.02 -9   2.0   6.1   6.6   7.7   8.4  -9 -9.0 -9  3  2
202511191900 108  27  1.6  -9 -9.0   -9 1015.4 1026.1 -9  -9.0   4.3  -4.4  53.0   4.4   -9.0   -9.0   -9.0   -9.0   -9.0   -9.0   -9.0 -9 -9 -                        0   0   -9 -         -9  -9  -9  2727 -9.0 -9.00 -9   0.8   5.5   6.4   7.7   8.4  -9 -9.0 -9  3 -9
202511192000 108  32  1.1  -9 -9.0   -9 1015.5 1026.2 -9  -9.0   3.8  -4.1  56.0   4.5   -9.0   -9.0   -9.0   -9.0   -9.0   -9.0   -9.0 -9 -9 -                        0   0   -9 -         -9  -9  -9  2305 -9.0 -9.00 -9   0.1   5.2   6.1   7.7   8.5  -9 -9.0 -9  3 -9
202511192100 108   0  0.4  -9 -9.0   -9 1015.4 1026.2  1   0.5   3.2  -4.2  58.0   4.5   -9.0   -9.0   -9.0   -9.0   -9.0   -9.0   -9.0 -9 -9 -                        0   0   -9 -         -9  -9  -9  2395 -9.0 -9.00 -9  -0.4   4.9   5.9   7.8   8.6  -9 -9.0 -9  3  2
202511192200 108  34  0.5  -9 -9.0   -9 1015.5 1026.3 -9  -9.0   2.7  -3.8  62.0   4.6   -9.0   -9.0   -9.0   -9.0   -9.0   -9.0   -9.0 -9 -9 -                        0   0   -9 -         -9  -9  -9  2236 -9.0 -9.00 -9  -0.8   4.5   5.6   7.7   8.6  -9 -9.0 -9  3 -9
202511192300 108  36  0.9  -9 -9.0   -9 1015.3 1026.1 -9  -9.0   2.4  -3.5  65.0   4.7   -9.0   -9.0   -9.0   -9.0   -9.0   -9.0   -9.0 -9 -9 -                        0   0   -9 -         -9  -9  -9  2313 -9.0 -9.00 -9  -0.8   4.3   5.4   7.7   8.6  -9 -9.0 -9  3 -9
202511200000 108   5  1.0  -9 -9.0   -9 1015.2 1026.0  8  -0.2   2.3  -4.2  62.0   4.5   -9.0   -9.0   -9.0   -9.0   -9.0   -9.0   -9.0 -9 -9 -                        0   0   -9 -         -9  -9  -9  2518 -9.0 -9.00 -9  -0.7   4.2   5.2   7.5   8.6  -9 -9.0 -9  3  2
202511200100 108   2  2.1  -9 -9.0   -9 1015.1 1025.9 -9  -9.0   1.7  -4.3  64.0   4.4   -9.0   -9.0   -9.0   -9.0   -9.0   -9.0   -9.0 -9 -9 -                        0   0   -9 -         -9  -9  -9  2374 -9.0 -9.00 -9  -1.0   4.1   5.1   7.4   8.5  -9 -9.0 -9  3 -9
202511200200 108   5  1.7  -9 -9.0   -9 1015.1 1025.9 -9  -9.0   1.9  -3.9  65.0   4.6   -9.0   -9.0   -9.0   -9.0   -9.0   -9.0   -9.0 -9 -9 -                        8   8   10 -         -9  -9  -9  2278 -9.0 -9.00 -9   1.2   4.0   4.9   7.3   8.5  -9 -9.0 -9  3 -9
202511200300 108   5  1.5  -9 -9.0   -9 1014.8 1025.6  7  -0.4   2.6  -3.5  64.0   4.7   -9.0   -9.0   -9.0   -9.0   -9.0   -9.0   -9.0 -9 -9 -                        9   9   11 Sc         0   0   5  2238 -9.0 -9.00 -9   2.7   4.2   4.9   7.2   8.4  -9 -9.0 -9  3  2
202511200400 108   5  1.9  -9 -9.0   -9 1014.7 1025.5 -9  -9.0   3.1  -3.0  64.0   4.9   -9.0   -9.0   -9.0   -9.0   -9.0   -9.0   -9.0 -9 -9 -                        7   7   12 Sc         0   0   5  2186 -9.0 -9.00 -9   2.9   4.6   5.0   7.1   8.3  -9 -9.0 -9  3  2
202511200500 108   5  2.1  -9 -9.0   -9 1014.4 1025.2 -9  -9.0   3.3  -2.8  64.0   5.0   -9.0   -9.0   -9.0   -9.0   -9.0   -9.0   -9.0 -9 -9 -                        9   9   13 Sc         0   0   5  2176 -9.0 -9.00 -9   3.2   4.7   5.1   7.0   8.2  -9 -9.0 -9  3  2
202511200600 108   5  1.8  -9 -9.0   -9 1014.0 1024.7  7  -0.9   3.6  -2.5  64.0   5.1   -9.0   -9.0   -9.0   -9.0   -9.0   -9.0   -9.0 -9 -9 -                        9   9   12 Sc         0   0   5  1987 -9.0 -9.00 -9   3.6   4.8   5.2   7.0   8.2  -9 -9.0 -9  3  2
202511200700 108   5  1.7  -9 -9.0   -9 1013.9 1024.6 -9  -9.0   3.7  -2.2  65.0   5.2   -9.0   -9.0   -9.0   -9.0   -9.0   -9.0   -9.0 -9 -9 -                        7   7   14 Sc         0   0   5  1865 -9.0 -9.00 -9   3.4   4.9   5.3   7.0   8.1  -9 -9.0 -9  3  2
202511200800 108   5  2.2  -9 -9.0   -9 1014.2 1024.9 -9  -9.0   4.0  -1.5  67.0   5.5   -9.0   -9.0   -9.0   -9.0   -9.0   -9.0   -9.0 -9 -9 -                        8   8   14 Sc         0   0   5  1869  0.0  0.04 -9   3.9   4.9   5.4   7.1   8.1  -9 -9.0 -9  3  2
202511200900 108   7  1.8  -9 -9.0   -9 1014.5 1025.2  3   0.5   5.0  -0.8  66.0   5.8   -9.0   -9.0   -9.0   -9.0   -9.0   -9.0   -9.0 -9 -9 -                        7   7   11 Sc         0   0   5  1701  0.0  0.26 -9   5.6   5.1   5.4   7.0   8.0  -9 -9.0 -9  3  2
202511201000 108   7  1.1  -9 -9.0   -9 1014.0 1024.6 -9  -9.0   7.4   0.3  61.0   6.2   -9.0   -9.0   -9.0   -9.0   -9.0   -9.0   -9.0 -9 -9 -                        0   0   -9 -         -9  -9  -9  1512  0.8  1.02 -9  10.4   5.9   5.7   7.0   8.2  -9 -9.0 -9  3  2
202511201100 108   5  1.2  -9 -9.0   -9 1013.5 1024.0 -9  -9.0   9.8   1.6  57.0   6.9   -9.0   -9.0   -9.0   -9.0   -9.0   -9.0   -9.0 -9 -9 -                        1   1   16 Sc         0   0   5  1572  1.0  1.59 -9  14.4   6.8   6.1   7.1   7.9  -9 -9.0 -9  3  2
202511201200 108  20  2.8  -9 -9.0   -9 1012.6 1023.0  7  -2.2  12.2   3.4  55.0   7.8   -9.0   -9.0   -9.0   -9.0   -9.0   -9.0   -9.0 -9 -9 -                        7   7   11 Sc         0   0   5  1467  0.7  1.46 -9  15.9   8.1   6.8   7.1   8.1  -9 -9.0 -9  3  2
202511201300 108  20  3.9  -9 -9.0   -9 1011.8 1022.1 -9  -9.0  13.2   4.6  56.0   8.5   -9.0   -9.0   -9.0   -9.0   -9.0   -9.0   -9.0 -9 -9 -                        8   8   10 Sc         0   0   5  1339  0.2  0.98 -9  18.1   9.1   7.5   7.2   7.9  -9 -9.0 -9  3  2
202511201400 108  23  5.0  -9 -9.0   -9 1011.2 1021.5 -9  -9.0  13.7   5.8  59.0   9.2   -9.0   -9.0   -9.0   -9.0   -9.0   -9.0   -9.0 -9 -9 -                        6   6   12 Sc         0   0   5  1033  0.7  1.36 -9  17.6  10.0   8.2   7.6   8.1  -9 -9.0 -9  3  2
202511201500 108  23  2.5  -9 -9.0   -9 1010.7 1021.0  7  -2.0  14.6   4.8  52.0   8.6   -9.0   -9.0   -9.0   -9.0   -9.0   -9.0   -9.0 -9 -9 -                        4   4   10 Sc         0   0   5  1128  0.8  1.27 -9  18.0  10.5   8.7   7.8   8.3  -9 -9.0 -9  3  2
202511201600 108  25  3.6  -9 -9.0   -9 1010.8 1021.1 -9  -9.0  13.9   3.9  51.0   8.1   -9.0   -9.0   -9.0   -9.0   -9.0   -9.0   -9.0 -9 -9 -                        2   2   11 Sc         0   0   5  1536  0.8  0.78 -9  14.0  10.2   9.0   8.1   8.4  -9 -9.0 -9  3  2
202511201700 108  25  3.4  -9 -9.0   -9 1011.2 1021.6 -9  -9.0  11.9   1.5  49.0   6.8   -9.0   -9.0   -9.0   -9.0   -9.0   -9.0   -9.0 -9 -9 -                        0   0   -9 -         -9  -9  -9  2033  0.9  0.36 -9   8.6   9.5   9.1   8.4   8.6  -9 -9.0 -9  3  2
202511201800 108  27  4.3  -9 -9.0   -9 1011.7 1022.1  2   1.1  10.7   3.9  63.0   8.1   -9.0   -9.0   -9.0   -9.0   -9.0   -9.0   -9.0 -9 -9 -                        0   0   -9 -         -9  -9  -9  1377  0.0  0.01 -9   6.9   8.8   8.9   8.6   8.7  -9 -9.0 -9  3  2
202511201900 108  27  3.6  -9 -9.0   -9 1012.7 1023.2 -9  -9.0   9.4  -0.5  50.0   5.9   -9.0   -9.0   -9.0   -9.0   -9.0   -9.0   -9.0 -9 -9 -                        0   0   -9 -         -9  -9  -9  2409 -9.0 -9.00 -9   5.3   8.5   8.6   8.7   9.0  -9 -9.0 -9  3 -9
202511202000 108  25  3.7  -9 -9.0   -9 1013.1 1023.6 -9  -9.0   8.1  -5.7  37.0   4.0   -9.0   -9.0   -9.0   -9.0   -9.0   -9.0   -9.0 -9 -9 -                        0   0   -9 -         -9  -9  -9  4331 -9.0 -9.00 -9   4.0   7.8   8.3   8.8   9.0  -9 -9.0 -9  3 -9
202511202100 108  27  3.9  -9 -9.0   -9 1013.9 1024.5  2   2.4   7.0  -2.4  51.0   5.1   -9.0   -9.0   -9.0   -9.0   -9.0   -9.0   -9.0 -9 -9 -                        0   0   -9 -         -9  -9  -9  3111 -9.0 -9.00 -9   3.5   7.3   7.9   8.8   9.1  -9 -9.0 -9  3  2
202511202200 108  29  3.6  -9 -9.0   -9 1015.0 1025.7 -9  -9.0   5.5  -3.5  52.0   4.7   -9.0   -9.0   -9.0   -9.0   -9.0   -9.0   -9.0 -9 -9 -                        0   0   -9 -         -9  -9  -9  3498 -9.0 -9.00 -9   2.6   6.9   7.6   8.9   9.1  -9 -9.0 -9  3 -9
202511202300 108  32  1.6  -9 -9.0   -9 1015.3 1026.0 -9  -9.0   4.6  -4.4  52.0   4.4   -9.0   -9.0   -9.0   -9.0   -9.0   -9.0   -9.0 -9 -9 -                        0   0   -9 -         -9  -9  -9  3807 -9.0 -9.00 -9   1.5   6.4   7.3   8.7   9.2  -9 -9.0 -9  3 -9
202511210000 108   9  0.6  -9 -9.0   -9 1015.0 1025.7  0   1.2   3.6  -4.6  55.0   4.3   -9.0   -9.0   -9.0   -9.0   -9.0   -9.0   -9.0 -9 -9 -                        0   0   -9 -         -9  -9  -9  3979 -9.0 -9.00 -9   0.3   5.8   7.0   8.7   9.3  -9 -9.0 -9  3  2
202511210100 108  20  1.0  -9 -9.0   -9 1015.0 1025.8 -9  -9.0   2.9  -4.7  57.0   4.3   -9.0   -9.0   -9.0   -9.0   -9.0   -9.0   -9.0 -9 -9 -                        0   0   -9 -         -9  -9  -9  3725 -9.0 -9.00 -9  -0.4   5.3   6.6   8.5   9.1  -9 -9.0 -9  3 -9
202511210200 108   0  0.3  -9 -9.0   -9 1015.5 1026.3 -9  -9.0   2.7  -4.5  59.0   4.4   -9.0   -9.0   -9.0   -9.0   -9.0   -9.0   -9.0 -9 -9 -                        0   0   -9 -         -9  -9  -9  3892 -9.0 -9.00 -9  -0.7   4.9   6.2   8.4   9.1  -9 -9.0 -9  3 -9
202511210300 108  29  0.6  -9 -9.0   -9 1015.5 1026.3  1   0.6   2.4  -3.9  63.0   4.6   -9.0   -9.0   -9.0   -9.0   -9.0   -9.0   -9.0 -9 -9 -                        0   0   -9 -         -9  -9  -9  3698 -9.0 -9.00 -9  -0.9   4.6   5.9   8.3   9.1  -9 -9.0 -9  3  2
202511210400 108  32  0.6  -9 -9.0   -9 1015.3 1026.1 -9  -9.0   1.8  -4.5  63.0   4.4   -9.0   -9.0   -9.0   -9.0   -9.0   -9.0   -9.0 -9 -9 -                        0   0   -9 -         -9  -9  -9  3809 -9.0 -9.00 -9  -1.0   4.2   5.6   8.1   9.0  -9 -9.0 -9  3  2
202511210500 108  25  0.6  -9 -9.0   -9 1014.7 1025.5 -9  -9.0   1.5  -4.1  66.0   4.5   -9.0   -9.0   -9.0   -9.0   -9.0   -9.0   -9.0 -9 -9 -                        0   0   -9 -         -9  -9  -9  3699 -9.0 -9.00 -9  -1.3   4.0   5.4   7.9   9.0  -9 -9.0 -9  3  2
202511210600 108  27  1.1  -9 -9.0   -9 1014.6 1025.4  7  -0.9   1.4  -3.8  68.0   4.6   -9.0   -9.0   -9.0   -9.0   -9.0   -9.0   -9.0 -9 -9 -                        0   0   -9 -         -9  -9  -9  3554 -9.0 -9.00 -9  -1.2   3.8   5.1   7.7   8.8  -9 -9.0 -9  3  2
202511210700 108  27  0.5  -9 -9.0   -9 1014.8 1025.7 -9  -9.0   1.0  -3.8  70.0   4.6   -9.0   -9.0   -9.0   -9.0   -9.0   -9.0   -9.0 -9 -9 -                        0   0   -9 -         -9  -9  -9  3177 -9.0 -9.00 -9  -1.4   3.5   4.9   7.6   8.9  -9 -9.0 -9  3  2
202511210800 108   0  0.4  -9 -9.0   -9 1015.5 1026.4 -9  -9.0   1.2  -3.8  69.0   4.6   -9.0   -9.0   -9.0   -9.0   -9.0   -9.0   -9.0 -9 -9 -                        0   0   -9 -         -9  -9  -9  3058  0.3  0.07 -9  -1.1   3.4   4.7   7.4   8.7  -9 -9.0 -9  3  2
202511210900 108  27  1.9  -9 -9.0   -9 1016.2 1027.0  2   1.6   3.0  -3.5  62.0   4.7   -9.0   -9.0   -9.0   -9.0   -9.0   -9.0   -9.0 -9 -9 -                        0   0   -9 -         -9  -9  -9  2929  1.0  0.58 -9   0.4   3.6   4.6   7.3   8.5  -9 -9.0 -9  3  2
202511211000 108  23  1.7  -9 -9.0   -9 1016.1 1026.8 -9  -9.0   6.3  -3.6  49.0   4.7   -9.0   -9.0   -9.0   -9.0   -9.0   -9.0   -9.0 -9 -9 -                        0   0   -9 -         -9  -9  -9  3470  1.0  1.24 -9   6.9   4.5   4.8   7.2   8.4  -9 -9.0 -9  3  2
202511211100 108  18  2.3  -9 -9.0   -9 1015.7 1026.2 -9  -9.0   8.8  -5.1  37.0   4.2   -9.0   -9.0   -9.0   -9.0   -9.0   -9.0   -9.0 -9 -9 -                        0   0   -9 -         -9  -9  -9  4200  1.0  1.73 -9  11.0   5.6   5.3   7.1   8.4  -9 -9.0 -9  3  2
202511211200 108  20  2.1  -9 -9.0   -9 1015.2 1025.7  7  -1.3  10.8  -5.2  32.0   4.2   -9.0   -9.0   -9.0   -9.0   -9.0   -9.0   -9.0 -9 -9 -                        0   0   -9 -         -9  -9  -9  3485  1.0  2.00 -9  14.3   6.9   6.0   7.1   8.2  -9 -9.0 -9  3  2
202511211300 108  25  4.5  -9 -9.0   -9 1014.6 1025.0 -9  -9.0  11.5  -3.4  35.0   4.8   -9.0   -9.0   -9.0   -9.0   -9.0   -9.0   -9.0 -9 -9 -                        1   1   16 Sc         0   0   5  3914  1.0  2.08 -9  15.5   7.8   6.6   7.2   8.2  -9 -9.0 -9  3  2
202511211400 108  23  3.5  -9 -9.0   -9 1014.2 1024.6 -9  -9.0  12.3  -0.9  40.0   5.7   -9.0   -9.0   -9.0   -9.0   -9.0   -9.0   -9.0 -9 -9 -                        4   4   14 Sc         0   0   5  3519  0.9  1.86 -9  16.7   8.8   7.3   7.3   8.2  -9 -9.0 -9  3  2
202511211500 108  25  3.4  -9 -9.0   -9 1013.6 1024.0  7  -1.7  11.3   0.0  46.0   6.1   -9.0   -9.0   -9.0   -9.0   -9.0   -9.0   -9.0 -9 -9 -                        3   3   13 Sc         0   0   5  3822  0.6  1.25 -9  13.3   9.2   7.8   7.6   8.2  -9 -9.0 -9  3  2
202511211600 108  27  3.7  -9 -9.0   -9 1013.6 1024.0 -9  -9.0  11.4   1.0  49.0   6.6   -9.0   -9.0   -9.0   -9.0   -9.0   -9.0   -9.0 -9 -9 -                        7   7   13 Sc         0   0   5  4442  0.7  0.85 -9  12.0   9.1   8.1   7.9   8.3  -9 -9.0 -9  3  2
202511211700 108  25  3.3  -9 -9.0   -9 1013.9 1024.4 -9  -9.0  10.5   1.5  54.0   6.8   -9.0   -9.0   -9.0   -9.0   -9.0   -9.0   -9.0 -9 -9 -                        9   9   11 Sc         0   0   5  4105  0.0  0.10 -9   9.7   8.9   8.2   8.0   8.4  -9 -9.0 -9  3  2
202511211800 108  25  2.6  -9 -9.0   -9 1014.3 1024.8  2   0.8  10.4   2.2  57.0   7.2   -9.0   -9.0   -9.0   -9.0   -9.0   -9.0   -9.0 -9 -9 -                        9   9   10 Sc         0   0   5  3634  0.0  0.01 -9   9.0   8.7   8.2   8.2   8.5  -9 -9.0 -9  3  2
202511211900 108  23  2.2  -9 -9.0   -9 1014.5 1025.0 -9  -9.0  10.3   3.0  61.0   7.6   -9.0   -9.0   -9.0   -9.0   -9.0   -9.0   -9.0 -9 -9 -                        6   5   17 -         -9  -9  -9  3215 -9.0 -9.00 -9   7.8   8.5   8.2   8.4   8.7  -9 -9.0 -9  3 -9
202511212000 108  23  1.8  -9 -9.0   -9 1014.7 1025.2 -9  -9.0  10.2   3.4  63.0   7.8   -9.0   -9.0   -9.0   -9.0   -9.0   -9.0   -9.0 -9 -9 -                        9   6    8 -         -9  -9  -9  2969 -9.0 -9.00 -9   8.3   8.4   8.2   8.5   8.8  -9 -9.0 -9  3 -9
202511212100 108  27  2.4  -9 -9.0   -9 1014.8 1025.3  2   0.5  10.5   4.6  67.0   8.5   -9.0   -9.0   -9.0   -9.0   -9.0   -9.0   -9.0 -9 -9 -                        9   9    7 Sc         0   0   5  2387 -9.0 -9.00 -9   8.8   8.5   8.2   8.5   8.9  -9 -9.0 -9  3  2
202511212200 108  25  2.4  -9 -9.0   -9 1015.0 1025.5 -9  -9.0  10.2   4.9  70.0   8.7   -9.0   -9.0   -9.0   -9.0   -9.0   -9.0   -9.0 -9 -9 -                        5   3    9 -         -9  -9  -9  1851 -9.0 -9.00 -9   6.7   8.0   8.2   8.6   9.0  -9 -9.0 -9  3 -9
202511212300 108  25  1.9  -9 -9.0   -9 1015.2 1025.7 -9  -9.0   9.7   4.8  72.0   8.6   -9.0   -9.0   -9.0   -9.0   -9.0   -9.0   -9.0 -9 -9 -                        0   0   -9 -         -9  -9  -9  1754 -9.0 -9.00 -9   5.2   7.9   8.1   8.7   9.0  -9 -9.0 -9  3 -9
202511220000 108  25  1.4  -9 -9.0   -9 1015.1 1025.6  0   0.3   9.3   4.6  73.0   8.5   -9.0   -9.0   -9.0   -9.0   -9.0   -9.0   -9.0 -9 -9 -                        4   4   11 Sc         0   0   5  1585 -9.0 -9.00 -9   4.8   7.6   7.9   8.6   9.0  -9 -9.0 -9  3  2
202511220100 108  20  0.6  -9 -9.0   -9 1015.1 1025.6 -9  -9.0   8.7   4.1  73.0   8.2   -9.0   -9.0   -9.0   -9.0   -9.0   -9.0   -9.0 -9 -9 -                        0   0   -9 -         -9  -9  -9  1460 -9.0 -9.00 -9   3.7   7.3   7.7   8.7   9.1  -9 -9.0 -9  3 -9
202511220200 108  27  0.9  -9 -9.0   -9 1015.0 1025.6 -9  -9.0   7.9   4.4  79.0   8.4   -9.0   -9.0   -9.0   -9.0   -9.0   -9.0   -9.0 -9 -9 -                        0   0   -9 -         -9  -9  -9  1328 -9.0 -9.00 -9   3.1   7.0   7.5   8.7   9.1  -9 -9.0 -9  3 -9
202511220300 108  23  0.8  -9 -9.0   -9 1015.3 1025.9  2   0.3   7.2   4.1  81.0   8.2   -9.0   -9.0   -9.0   -9.0   -9.0   -9.0   -9.0 -9 -9 -                        1   1   11 Sc         0   0   5  1323 -9.0 -9.00 -9   2.8   6.6   7.3   8.6   9.1  -9 -9.0 -9  3  2
202511220400 108   0  0.1  -9 -9.0   -9 1015.1 1025.7 -9  -9.0   6.8   3.9  82.0   8.1   -9.0   -9.0   -9.0   -9.0   -9.0   -9.0   -9.0 -9 -9 -                        2   2   11 Sc         0   0   5  1260 -9.0 -9.00 -9   3.6   6.5   7.1   8.5   9.1  -9 -9.0 -9  3  2
202511220500 108   5  1.1  -9 -9.0   -9 1015.0 1025.6 -9  -9.0   6.7   4.0  83.0   8.1   -9.0   -9.0   -9.0   -9.0   -9.0   -9.0   -9.0 -9 -9 -                        0   0   -9 -         -9  -9  -9  1195 -9.0 -9.00 -9   3.0   6.5   6.9   8.5   9.1  -9 -9.0 -9  3  2
202511220600 108   2  1.4  -9 -9.0   -9 1015.2 1025.8  5  -0.1   6.2   3.6  84.0   7.9   -9.0   -9.0   -9.0   -9.0   -9.0   -9.0   -9.0 -9 -9 -                        2   0   -9 Ci         1   0   0  1293 -9.0 -9.00 -9   2.3   6.3   6.8   8.4   9.0  -9 -9.0 -9  3  2
202511220700 108   2  1.6  -9 -9.0   -9 1015.5 1026.2 -9  -9.0   5.7   3.2  84.0   7.7   -9.0   -9.0   -9.0   -9.0   -9.0   -9.0   -9.0 -9 -9 -                        6   6   10 Sc         0   0   6  1457 -9.0 -9.00 -9   2.1   6.0   6.7   8.3   8.9  -9 -9.0 -9  3  2
202511220800 108   2  2.1  -9 -9.0   -9 1015.7 1026.4 -9  -9.0   5.5   3.3  86.0   7.7   -9.0   -9.0   -9.0   -9.0   -9.0   -9.0   -9.0 -9 -9 -                        4   4   12 Sc         0   0   5  1438  0.2  0.06 -9   3.7   6.0   6.5   8.2   9.0  -9 -9.0 -9  3  2
202511220900 108   7  1.7  -9 -9.0   -9 1016.3 1026.9  2   1.1   6.7   4.1  84.0   8.2   -9.0   -9.0   -9.0   -9.0   -9.0   -9.0   -9.0 -9 -9 -                        8   8   13 Sc         0   0   5  1489  0.2  0.36 -9   7.6   6.3   6.6   8.2   8.9  -9 -9.0 -9  3  2
202511221000 108   5  1.9  -9 -9.0   -9 1016.4 1027.0 -9  -9.0   7.9   4.2  78.0   8.2   -9.0   -9.0   -9.0   -9.0   -9.0   -9.0   -9.0 -9 -9 -                        6   6   11 Sc         0   0   5  1453  0.0  0.40 -9   9.5   7.2   6.8   8.0   8.8  -9 -9.0 -9  3  2
202511221100 108   5  1.7  -9 -9.0   -9 1016.2 1026.7 -9  -9.0  10.6   5.3  70.0   8.9   -9.0   -9.0   -9.0   -9.0   -9.0   -9.0   -9.0 -9 -9 -                        0   0   -9 -         -9  -9  -9  1521  0.9  1.42 -9  13.2   7.7   7.2   8.0   8.7  -9 -9.0 -9  3  2
202511221200 108  18  2.3  -9 -9.0   -9 1015.6 1026.0  8  -0.9  13.5   4.8  56.0   8.6   -9.0   -9.0   -9.0   -9.0   -9.0   -9.0   -9.0 -9 -9 -                        3   3   10 Sc         0   0   5  1831  1.0  1.84 -9  17.0   8.9   7.7   8.0   8.7  -9 -9.0 -9  3  2
202511221300 108  23  2.5  -9 -9.0   -9 1014.9 1025.3 -9  -9.0  13.2   3.5  52.0   7.8   -9.0   -9.0   -9.0   -9.0   -9.0   -9.0   -9.0 -9 -9 -                        4   4   12 Sc         0   0   5  1694  0.4  1.03 -9  13.9   9.7   8.3   8.2   8.7  -9 -9.0 -9  3  2
202511221400 108  25  3.3  -9 -9.0   -9 1014.5 1024.8 -9  -9.0  14.5   2.3  44.0   7.2   -9.0   -9.0   -9.0   -9.0   -9.0   -9.0   -9.0 -9 -9 -                        1   1   15 Sc         0   0   5  2425  0.7  1.50 -9  16.5  10.2   8.8   8.4   8.7  -9 -9.0 -9  3  2
202511221500 108  23  4.2  -9 -9.0   -9 1014.2 1024.5  7  -1.5  14.8   1.3  40.0   6.7   -9.0   -9.0   -9.0   -9.0   -9.0   -9.0   -9.0 -9 -9 -                        0   0   -9 -         -9  -9  -9  2324  1.0  1.52 -9  15.0  10.4   9.2   8.6   8.8  -9 -9.0 -9  3  2
202511221600 108  25  3.7  -9 -9.0   -9 1013.9 1024.2 -9  -9.0  14.2  -0.6  36.0   5.8   -9.0   -9.0   -9.0   -9.0   -9.0   -9.0   -9.0 -9 -9 -                        0   0   -9 -         -9  -9  -9  2275  1.0  0.91 -9  11.9  10.3   9.4   8.8   9.0  -9 -9.0 -9  3  2
202511221700 108  23  2.6  -9 -9.0   -9 1014.0 1024.4 -9  -9.0  12.7  -0.9  39.0   5.7   -9.0   -9.0   -9.0   -9.0   -9.0   -9.0   -9.0 -9 -9 -                        0   0   -9 -         -9  -9  -9  2192  0.9  0.35 -9   8.5   9.8   9.4   9.0   9.1  -9 -9.0 -9  3  2
202511221800 108  23  1.4  -9 -9.0   -9 1014.0 1024.4  5  -0.1  11.7   0.4  46.0   6.3   -9.0   -9.0   -9.0   -9.0   -9.0   -9.0   -9.0 -9 -9 -                        2   0   -9 Ci         1   0   0  1770  0.0  0.01 -9   6.4   9.1   9.1   9.1   9.3  -9 -9.0 -9  3  2
202511221900 108  25  1.3  -9 -9.0   -9 1013.8 1024.3 -9  -9.0  10.6   0.8  51.0   6.5   -9.0   -9.0   -9.0   -9.0   -9.0   -9.0   -9.0 -9 -9 -                        3   2   73 -         -9  -9  -9  1654 -9.0 -9.00 -9   5.2   8.5   8.8   9.3   9.3  -9 -9.0 -9  3 -9
202511222000 108  25  1.2  -9 -9.0   -9 1014.1 1024.6 -9  -9.0   9.6   1.4  57.0   6.8   -9.0   -9.0   -9.0   -9.0   -9.0   -9.0   -9.0 -9 -9 -                        0   0   -9 -         -9  -9  -9  1464 -9.0 -9.00 -9   4.5   8.1   8.5   9.3   9.5  -9 -9.0 -9  3 -9
202511222100 108   0  0.4  -9 -9.0   -9 1014.1 1024.6  1   0.2   8.8   1.6  61.0   6.9   -9.0   -9.0   -9.0   -9.0   -9.0   -9.0   -9.0 -9 -9 -                        0   0   -9 -         -9  -9  -9  1365 -9.0 -9.00 -9   3.8   7.7   8.2   9.3   9.5  -9 -9.0 -9  3  2
202511222200 108  20  1.7  -9 -9.0   -9 1013.9 1024.4 -9  -9.0   8.9   2.8  66.0   7.5   -9.0   -9.0   -9.0   -9.0   -9.0   -9.0   -9.0 -9 -9 -                        0   0   -9 -         -9  -9  -9  1398 -9.0 -9.00 -9   4.0   7.4   8.0   9.2   9.5  -9 -9.0 -9  3 -9
202511222300 108   5  1.3  -9 -9.0   -9 1014.0 1024.6 -9  -9.0   8.2   2.4  67.0   7.3   -9.0   -9.0   -9.0   -9.0   -9.0   -9.0   -9.0 -9 -9 -                        0   0   -9 -         -9  -9  -9  1190 -9.0 -9.00 -9   3.6   7.2   7.7   9.1   9.6  -9 -9.0 -9  3 -9
202511230000 108   2  1.5  -9 -9.0   -9 1014.0 1024.6  4   0.0   7.8   2.6  70.0   7.4   -9.0   -9.0   -9.0   -9.0   -9.0   -9.0   -9.0 -9 -9 -                        8   8   11 Sc         0   0   5  1234 -9.0 -9.00 -9   5.3   7.2   7.6   9.0   9.5  -9 -9.0 -9  3  2
202511230100 108   5  1.7  -9 -9.0   -9 1013.5 1024.1 -9  -9.0   7.4   2.2  70.0   7.2   -9.0   -9.0   -9.0   -9.0   -9.0   -9.0   -9.0 -9 -9 -                        4   4   15 -         -9  -9  -9  1152 -9.0 -9.00 -9   4.9   7.1   7.5   8.8   9.4  -9 -9.0 -9  3 -9
202511230200 108   2  1.8  -9 -9.0   -9 1013.3 1023.9 -9  -9.0   6.9   1.9  71.0   7.0   -9.0   -9.0   -9.0   -9.0   -9.0   -9.0   -9.0 -9 -9 -                        4   4   11 -         -9  -9  -9  1121 -9.0 -9.00 -9   3.5   6.9   7.4   8.8   9.4  -9 -9.0 -9  3 -9
202511230300 108   5  1.4  -9 -9.0   -9 1013.3 1023.9  6  -0.7   6.7   2.3  74.0   7.2   -9.0   -9.0   -9.0   -9.0   -9.0   -9.0   -9.0 -9 -9 -                        7   7   10 Sc         0   0   5  1114 -9.0 -9.00 -9   5.0   6.8   7.3   8.7   9.4  -9 -9.0 -9  3  2
202511230400 108   5  1.4  -9 -9.0   -9 1013.0 1023.6 -9  -9.0   7.2   2.8  74.0   7.5   -9.0   -9.0   -9.0   -9.0   -9.0   -9.0   -9.0 -9 -9 -                        7   7    9 Sc         0   0   5  1105 -9.0 -9.00 -9   6.0   7.0   7.2   8.7   9.3  -9 -9.0 -9  3  2
202511230500 108   5  0.7  -9 -9.0   -9 1012.7 1023.3 -9  -9.0   7.6   3.6  76.0   7.9   -9.0   -9.0   -9.0   -9.0   -9.0   -9.0   -9.0 -9 -9 -                       10   7   10 ScAs      -9   2   5  1063 -9.0 -9.00 -9   6.6   7.1   7.2   8.6   9.3  -9 -9.0 -9  3  2
202511230600 108   5  1.5  -9 -9.0   -9 1012.4 1022.9  7  -1.0   8.1   3.7  74.0   8.0   -9.0   -9.0   -9.0   -9.0   -9.0   -9.0   -9.0 -9 -9 -                        9   9    9 Sc         0   0   5  1095 -9.0 -9.00 -9   7.0   7.4   7.3   8.5   9.2  -9 -9.0 -9  3  2
202511230700 108   5  1.8  -9 -9.0   -9 1012.3 1022.8 -9  -9.0   8.2   4.0  75.0   8.1   -9.0   -9.0   -9.0   -9.0   -9.0   -9.0   -9.0 -9 -9 -                        7   7   15 Sc         0   0   5  1039 -9.0 -9.00 -9   6.7   7.4   7.4   8.5   9.2  -9 -9.0 -9  3  2
202511230800 108   7  1.6  -9 -9.0   -9 1012.5 1023.0 -9  -9.0   8.3   4.1  75.0   8.2   -9.0   -9.0   -9.0   -9.0   -9.0   -9.0   -9.0 -9 -9 -                        7   2   17 ScCi       1   0   5  1078  0.0  0.06 -9   6.1   7.5   7.5   8.5   9.1  -9 -9.0 -9  3  2
202511230900 108   5  1.7  -9 -9.0   -9 1012.7 1023.2  3   0.3   8.9   4.7  75.0   8.5   -9.0   -9.0   -9.0   -9.0   -9.0   -9.0   -9.0 -9 -9 -                        9   9   10 Sc         0   0   5  1045  0.0  0.18 -9   8.1   7.5   7.5   8.5   9.1  -9 -9.0 -9  3  2
202511231000 108   5  1.6  -9 -9.0   -9 1012.6 1023.1 -9  -9.0   9.8   4.9  72.0   8.7   -9.0   -9.0   -9.0   -9.0   -9.0   -9.0   -9.0 -9 -9 -                        8   8   10 Sc         0   0   5  1052  0.0  0.35 -9  11.3   8.2   7.7   8.5   9.0  -9 -9.0 -9  3  2
202511231100 108   5  1.8  -9 -9.0   -9 1012.9 1023.3 -9  -9.0  11.3   5.3  67.0   8.9   -9.0   -9.0   -9.0   -9.0   -9.0   -9.0   -9.0 -9 -9 -                        9   9   10 Sc         0   0   5  1114  0.2  0.83 -9  13.2   9.1   8.1   8.5   9.2  -9 -9.0 -9  3  2
202511231200 108  20  2.7  -9 -9.0   -9 1011.9 1022.3  8  -0.9  12.6   5.9  64.0   9.3   -9.0   -9.0   -9.0   -9.0   -9.0   -9.0   -9.0 -9 -9 -                        9   6   10 ScAc       0   3   5  1566  0.0  0.59 -9  14.5   9.7   8.5   8.6   9.0  -9 -9.0 -9  3  2
202511231300 108  18  3.2  -9 -9.0   -9 1011.1 1021.4 -9  -9.0  13.3   6.6  64.0   9.7   -9.0   -9.0   -9.0   -9.0   -9.0   -9.0   -9.0 -9 -9 -                        9   5    9 ScAc       0   3   5  1783  0.0  0.43 -9  14.7  10.2   8.9   8.7   9.1  -9 -9.0 -9  3  2
202511231400 108  18  3.3  -9 -9.0   -9 1010.5 1020.8 -9  -9.0  13.9   6.4  61.0   9.6   -9.0   -9.0   -9.0   -9.0   -9.0   -9.0   -9.0 -9 -9 -                        8   3    9 ScAcCi     1   3   5  1762  0.0  0.66 -9  16.2  10.9   9.3   8.8   9.2  -9 -9.0 -9  3  2
202511231500 108  23  4.2  -9 -9.0   -9 1010.5 1020.8  6  -1.5  13.9   6.4  61.0   9.6   -9.0   -9.0   -9.0   -9.0   -9.0   -9.0   -9.0 -9 -9 -                        8   5   10 ScAc       0   3   5  1784  0.1  0.65 -9  14.6  11.2   9.7   9.0   9.3  -9 -9.0 -9  3  2
202511231600 108  20  3.2  -9 -9.0   -9 1009.9 1020.2 -9  -9.0  14.1   6.6  61.0   9.7   -9.0   -9.0   -9.0   -9.0   -9.0   -9.0   -9.0 -9 -9 -                        7   1    9 ScAcCi     1   3   5  1701  0.3  0.53 -9  13.4  11.3  10.0   9.1   9.4  -9 -9.0 -9  3  2
202511231700 108  20  2.7  -9 -9.0   -9 1010.1 1020.4 -9  -9.0  13.4   6.4  63.0   9.6   -9.0   -9.0   -9.0   -9.0   -9.0   -9.0   -9.0 -9 -9 -                        5   0   -9 Ci         1   0   0  1241  0.0  0.17 -9  10.5  10.8  10.0   9.3   9.4  -9 -9.0 -9  3  2
202511231800 108  20  2.8  -9 -9.0   -9 1009.8 1020.1  7  -0.7  13.0   6.7  66.0   9.8   -9.0   -9.0   -9.0   -9.0   -9.0   -9.0   -9.0 -9 -9 -                        6   0   -9 Ci         1   0   0  1158  0.0  0.01 -9   9.8  10.3   9.9   9.5   9.7  -9 -9.0 -9  3  2
202511231900 108  20  2.3  -9 -9.0   -9 1009.9 1020.2 -9  -9.0  12.6   7.0  69.0  10.0   -9.0   -9.0   -9.0   -9.0   -9.0   -9.0   -9.0 -9 -9 -                        7   2   44 -         -9  -9  -9  1041 -9.0 -9.00 -9   8.8  10.0   9.7   9.6   9.7  -9 -9.0 -9  3 -9
202511232000 108  20  1.8  -9 -9.0   -9 1010.2 1020.5 -9  -9.0  12.4   7.0  70.0  10.0   -9.0   -9.0   -9.0   -9.0   -9.0   -9.0   -9.0 -9 -9 40                       8   1    8 -         -9  -9  -9   935 -9.0 -9.00 -9   9.0   9.7   9.6   9.7   9.8  -9 -9.0 -9  3  2
202511232100 108  18  2.1  -9 -9.0   -9 1010.3 1020.7  2   0.6  12.3   7.1  71.0  10.1   -9.0   -9.0   -9.0   -9.0   -9.0   -9.0   -9.0  5 22 40                       9   4   43 AcCi       1   3   0   850 -9.0 -9.00 -9   9.0   9.7   9.5   9.7  10.0  -9 -9.0 -9  3  1
202511232200 108  20  2.7  -9 -9.0   -9 1010.2 1020.5 -9  -9.0  12.5   7.9  74.0  10.6   -9.0   -9.0   -9.0   -9.0   -9.0   -9.0   -9.0 -9 -9 40                      10   5    7 -         -9  -9  -9   833 -9.0 -9.00 -9   9.8   9.7   9.4   9.8  10.0  -9 -9.0 -9  3  2
202511232300 108  14  1.1  -9 -9.0   -9 1009.6 1019.9 -9  -9.0  12.3   7.5  73.0  10.4   -9.0   -9.0   -9.0   -9.0   -9.0   -9.0   -9.0 -9 -9 40                      10   7    6 -         -9  -9  -9   785 -9.0 -9.00 -9   9.4   9.8   9.4   9.7   9.9  -9 -9.0 -9  3  2
202511240000 108   9  0.7  -9 -9.0   -9 1009.4 1019.8  7  -0.9  12.0   7.0  72.0  10.0   -9.0   -9.0   -9.0   -9.0   -9.0   -9.0   -9.0  5 22 40                       7   7    6 Sc         0   0   5   807 -9.0 -9.00 -9   9.1   9.7   9.4   9.8   9.9  -9 -9.0 -9  3  1
202511240100 108   0  0.4  -9 -9.0   -9 1009.5 1019.9 -9  -9.0  11.8   7.3  74.0  10.2   -9.0   -9.0   -9.0   -9.0   -9.0   -9.0   -9.0 -9 -9 40                       9   9    6 -         -9  -9  -9   746 -9.0 -9.00 -9   9.5   9.7   9.4   9.8   9.9  -9 -9.0 -9  3  2
202511240200 108  11  0.8  -9 -9.0   -9 1009.3 1019.7 -9  -9.0  11.8   7.5  75.0  10.4   -9.0   -9.0   -9.0   -9.0   -9.0   -9.0   -9.0 -9 -9 40                      10   3    6 -         -9  -9  -9   720 -9.0 -9.00 -9   9.1   9.7   9.4   9.8  10.0  -9 -9.0 -9  3  2
202511240300 108   5  0.7  -9 -9.0   -9 1009.1 1019.5  8  -0.3  11.7   7.4  75.0  10.3   -9.0   -9.0   -9.0   -9.0   -9.0   -9.0   -9.0  5 22 40                      10   2    9 ScAs      -9   2   5   681 -9.0 -9.00 -9   9.0   9.6   9.4   9.8  10.0  -9 -9.0 -9  3  1
202511240400 108   2  1.4  -9 -9.0   -9 1008.8 1019.2 -9  -9.0  11.4   7.3  76.0  10.2   -9.0   -9.0   -9.0   -9.0   -9.0   -9.0   -9.0  5 22 40                       8   8    9 Sc         0   0   5   665 -9.0 -9.00 -9   8.9   9.6   9.4   9.8   9.9  -9 -9.0 -9  3  1
202511240500 108   5  1.4  -9 -9.0   -9 1008.5 1018.9 -9  -9.0  11.3   7.0  75.0  10.0   -9.0   -9.0   -9.0   -9.0   -9.0   -9.0   -9.0  5 22 40                       8   8   10 Sc         0   0   5   657 -9.0 -9.00 -9   9.4   9.7   9.4   9.8  10.0  -9 -9.0 -9  3  1
202511240600 108   5  1.9  -9 -9.0   -9 1008.1 1018.5  7  -1.0  11.3   7.0  75.0  10.0   -9.0   -9.0   -9.0   -9.0   -9.0   -9.0   -9.0  5 22 40                       8   8    9 Sc         0   0   5   632 -9.0 -9.00 -9   9.5   9.7   9.4   9.8  10.0  -9 -9.0 -9  3  1
202511240700 108   5  1.2  -9 -9.0   -9 1008.1 1018.5 -9  -9.0  11.1   7.0  76.0  10.0   -9.0   -9.0   -9.0   -9.0   -9.0   -9.0   -9.0  5 22 40                       9   9   11 Sc         0   0   5   615 -9.0 -9.00 -9   8.5   9.6   9.4   9.8  10.1  -9 -9.0 -9  3  1
202511240800 108   5  2.1  -9 -9.0   -9 1008.2 1018.6 -9  -9.0  10.4   6.9  79.0   9.9   -9.0   -9.0   -9.0   -9.0   -9.0   -9.0   -9.0  5  0 40                       2   2    9 Sc         0   0   5   546  0.0  0.04 -9   7.7   9.3   9.3   9.8  10.0  -9 -9.0 -9  3  1
202511240900 108   7  2.0  -9 -9.0   -9 1008.4 1018.8  2   0.3  11.1   7.4  78.0  10.3   -9.0   -9.0   -9.0   -9.0   -9.0   -9.0   -9.0  5 11 40                       8   8    6 Sc         0   0   5   622  0.0  0.21 -9  10.7   9.5   9.2   9.8  10.0  -9 -9.0 -9  3  1
202511241000 108   7  1.6  -9 -9.0   -9 1008.3 1018.6 -9  -9.0  12.1   7.9  76.0  10.6   -9.0   -9.0   -9.0   -9.0   -9.0   -9.0   -9.0  5 22 40                       8   8    6 Sc         0   0   5   649  0.0  0.28 -9  12.6  10.0   9.4   9.8  10.0  -9 -9.0 -9  3  1
202511241100 108  11  1.3  -9 -9.0   -9 1007.7 1018.0 -9  -9.0  13.2   8.6  74.0  11.2   -9.0   -9.0   -9.0   -9.0   -9.0   -9.0   -9.0  5 22 40                       7   7    6 Sc         0   0   5   670  0.0  0.51 -9  15.4  10.7   9.7   9.9  10.1  -9 -9.0 -9  3  1
202511241200 108  20  2.1  -9 -9.0   -9 1007.1 1017.3  7  -1.5  14.3   9.3  72.0  11.7   -9.0   -9.0   -9.0   -9.0   -9.0   -9.0   -9.0  5 22 40                       9   9    6 Sc         0   0   5   681  0.1  0.54 -9  16.8  11.5  10.1   9.8  10.1  -9 -9.0 -9  3  1
202511241300 108  23  1.9  -9 -9.0   -9 1006.2 1016.4 -9  -9.0  15.3   9.4  68.0  11.8   -9.0   -9.0   -9.0   -9.0   -9.0   -9.0   -9.0  5 22 40                       8   8    7 Sc         0   0   5   635  0.2  0.79 -9  17.6  12.4  10.6   9.9  10.1  -9 -9.0 -9  3  1
202511241400 108  23  3.2  -9 -9.0   -9 1005.3 1015.4 -9  -9.0  16.4   8.6  60.0  11.2   -9.0   -9.0   -9.0   -9.0   -9.0   -9.0   -9.0  5  0 40                       3   3    9 Sc         0   0   5   724  0.5  1.09 -9  18.8  12.8  11.0  10.1  10.2  -9 -9.0 -9  3  1
202511241500 108  23  3.8  -9 -9.0   -9 1005.0 1015.1  7  -2.2  16.6   6.6  52.0   9.7   -9.0   -9.0   -9.0   -9.0   -9.0   -9.0   -9.0  5 11 40                       1   1   11 Sc         0   0   5   659  0.9  1.17 -9  17.4  13.0  11.4  10.2  10.2  -9 -9.0 -9  3  1
202511241600 108  23  2.7  -9 -9.0   -9 1005.0 1015.2 -9  -9.0  16.0   2.7  41.0   7.4   -9.0   -9.0   -9.0   -9.0   -9.0   -9.0   -9.0  5  0 40                       0   0   -9 -         -9  -9  -9   732  1.0  0.73 -9  13.9  12.6  11.5  10.4  10.2  -9 -9.0 -9  3  1
202511241700 108  23  2.6  -9 -9.0   -9 1005.2 1015.4 -9  -9.0  14.5   3.6  48.0   7.9   -9.0   -9.0   -9.0   -9.0   -9.0   -9.0   -9.0  5  0 40                       0   0   -9 -         -9  -9  -9   767  0.5  0.27 -9  10.7  11.9  11.4  10.6  10.4  -9 -9.0 -9  3  1
202511241800 108  25  2.5  -9 -9.0   -9 1005.2 1015.5  2   0.4  13.2   5.3  59.0   8.9   -9.0   -9.0   -9.0   -9.0   -9.0   -9.0   -9.0  5  0 40                       0   0   -9 -         -9  -9  -9   601  0.0  0.01 -9   8.7  11.2  11.1  10.8  10.4  -9 -9.0 -9  3  1
202511241900 108  25  1.7  -9 -9.0   -9 1005.5 1015.8 -9  -9.0  12.2   5.8  65.0   9.2   -9.0   -9.0   -9.0   -9.0   -9.0   -9.0   -9.0 -9 -9 40                       0   0   -9 -         -9  -9  -9   516 -9.0 -9.00 -9   7.3  10.4  10.7  10.8  10.6  -9 -9.0 -9  3  2
202511242000 108  25  1.8  -9 -9.0   -9 1005.3 1015.6 -9  -9.0  11.6   7.3  75.0  10.2   -9.0   -9.0   -9.0   -9.0   -9.0   -9.0   -9.0 -9 -9 40                       0   0   -9 -         -9  -9  -9   393 -9.0 -9.00 -9   7.1  10.1  10.4  10.8  10.7  -9 -9.0 -9  3  2
202511242100 108  23  2.4  -9 -9.0   -9 1005.0 1015.3  8  -0.2  11.3   8.3  82.0  10.9   -9.0   -9.0   -9.0   -9.0   -9.0   -9.0   -9.0 10  0 4019                     0   0   -9 -         -9  -9  -9   297 -9.0 -9.00 -9   6.9   9.7  10.1  10.7  10.8  -9 -9.0 -9  3  1
202511242200 108  23  1.5  -9 -9.0   -9 1004.6 1015.0 -9  -9.0  10.7   7.7  82.0  10.5   -9.0   -9.0   -9.0   -9.0   -9.0   -9.0   -9.0 -9 -9 19                       0   0   -9 -         -9  -9  -9   227 -9.0 -9.00 -9   5.8   9.5   9.9  10.7  10.7  -9 -9.0 -9  3  2
202511242300 108  23  1.2  -9 -9.0   -9 1004.6 1015.0 -9  -9.0  10.2   7.7  85.0  10.5   -9.0   -9.0   -9.0   -9.0   -9.0   -9.0   -9.0 -9 -9 19                       0   0   -9 -         -9  -9  -9   233 -9.0 -9.00 -9   5.3   9.2   9.6  10.6  10.8  -9 -9.0 -9  3  2
202511250000 108  23  0.6  -9 -9.0   -9 1004.2 1014.6  7  -0.7   9.6   7.5  87.0  10.4   -9.0   -9.0   -9.0   -9.0   -9.0   -9.0   -9.0 10  0 19                       4   0   -9 Ci         1   0   0   214 -9.0 -9.00 -9   5.0   8.8   9.4  10.5  10.8  -9 -9.0 -9  3  1
202511250100 108   0  0.2  -9 -9.0   -9 1003.8 1014.2 -9  -9.0   9.1   7.0  87.0  10.0   -9.0   -9.0   -9.0   -9.0   -9.0   -9.0   -9.0 -9 -9 19                       0   0   -9 -         -9  -9  -9   190 -9.0 -9.00 -9   4.7   8.6   9.1  10.4  10.7  -9 -9.0 -9  3  2
202511250200 108   0  0.2  -9 -9.0   -9 1003.4 1013.8 -9  -9.0   8.9   7.3  90.0  10.2   -9.0   -9.0   -9.0   -9.0   -9.0   -9.0   -9.0 -9 -9 19                       6   1   72 -         -9  -9  -9   175 -9.0 -9.00 -9   4.7   8.3   8.9  10.3  10.7  -9 -9.0 -9  3  2
202511250300 108   0  0.1  -9 -9.0   -9 1002.8 1013.2  7  -1.4   8.5   6.7  89.0   9.8   -9.0   -9.0   -9.0   -9.0   -9.0   -9.0   -9.0 10 11 19                       6   3    6 ScCi       1   0   5   174 -9.0 -9.00 -9   4.8   8.2   8.7  10.1  10.6  -9 -9.0 -9  3  1
202511250400 108   2  1.5  -9 -9.0   -9 1002.2 1012.6 -9  -9.0   8.4   7.0  91.0  10.0   -9.0   -9.0   -9.0   -9.0   -9.0   -9.0   -9.0 10 22 19                       7   7    6 Sc         0   0   5   139 -9.0 -9.00 -9   5.4   8.2   8.6  10.0  10.6  -9 -9.0 -9  3  1
202511250500 108   5  1.6  -9 -9.0   -9 1001.7 1012.1 -9  -9.0   8.3   6.9  91.0   9.9   -9.0   -9.0   -9.0   -9.0   -9.0   -9.0   -9.0 10 22 19                       8   6    6 ScAc       0   3   5   138 -9.0 -9.00 -9   6.1   8.3   8.6   9.9  10.5  -9 -9.0 -9  3  1
202511250600 108   2  1.6  -9 -9.0   -9 1001.8 1012.2  5  -1.0   8.6   7.5  93.0  10.4    0.0    0.0    0.0   -9.0   -9.0   -9.0   -9.0 95 96 1901                    10   6    4 CbStNs    -9   2   9   145 -9.0 -9.00 -9   7.4   8.2   8.6   9.9  10.4  -9 -9.0 -9  4  1
202511250700 108  32  1.1  -9 -9.0   -9 1002.4 1012.8 -9  -9.0   8.3   6.9  91.0   9.9   -9.0    4.5    4.5   -9.0   -9.0   -9.0   -9.0 92 96 1901                    10   8    8 StNs      -9   2   7   228 -9.0 -9.00 -9   7.5   8.3   8.6   9.8  10.4  -9 -9.0 -9  4  1
202511250800 108   9  0.9  -9 -9.0   -9 1002.1 1012.5 -9  -9.0   8.2   7.1  93.0  10.1   -9.0    4.8    4.8   -9.0   -9.0   -9.0   -9.0 60 66 1901                    10   7    6 ScAs      -9   2   5   211  0.0  0.00 -9   7.7   8.4   8.6   9.7  10.3  -9 -9.0 -9  4  1
202511250900 108  14  1.4  -9 -9.0   -9 1002.1 1012.5  0   0.3   8.5   7.1  91.0  10.1    6.2    6.2    6.2   -9.0   -9.0   -9.0   -9.0 21 96 1901                    10   7    6 ScAs      -9   2   5   369  0.0  0.19 -9   9.1   8.5   8.6   9.7  10.2  -9 -9.0 -9  1  1
202511251000 108  25  2.0  -9 -9.0   -9 1003.0 1013.4 -9  -9.0   8.1   6.3  89.0   9.5   -9.0    7.8    7.8   -9.0   -9.0   -9.0   -9.0 21 62 1901                    10   7    9 ScAs      -9   2   5   573  0.0  0.22 -9   9.9   8.6   8.7   9.6  10.2  -9 -9.0 -9  4  1
202511251100 108  27  3.6  -9 -9.0   -9 1003.5 1014.0 -9  -9.0   8.0   6.2  89.0   9.5   -9.0    7.8    7.8   -9.0   -9.0   -9.0   -9.0 10 22 19                       9   9    6 Sc         0   0   5   554  0.0  0.32 -9   9.5   8.9   8.8   9.6  10.2  -9 -9.0 -9  3  1
202511251200 108  27  4.1  -9 -9.0   -9 1003.5 1013.9  0   1.4   8.6   5.1  79.0   8.8    1.6    7.8    7.8   -9.0   -9.0   -9.0   -9.0 10 62 19                       9   9    6 Sc         0   0   5   386  0.1  0.71 -9  11.6   9.2   9.0   9.6  10.0  -9 -9.0 -9  3  1
202511251300 108  25  4.2  -9 -9.0   -9 1003.8 1014.2 -9  -9.0   8.5   4.3  75.0   8.3   -9.0    7.8    7.8   -9.0   -9.0   -9.0   -9.0 10 22 19                       9   9    6 Sc         0   0   5   399  0.0  0.47 -9  10.3   9.3   9.1   9.6  10.1  -9 -9.0 -9  3  1
202511251400 108  29  4.3  29 10.0 1334 1004.4 1014.9 -9  -9.0   7.9   3.1  72.0   7.6   -9.0    7.8    7.8   -9.0   -9.0   -9.0   -9.0 21 62 1901                     9   9    6 Sc         0   0   5   659  0.1  0.58 -9   9.9   9.3   9.2   9.7  10.1  -9 -9.0 -9  4  1
202511251500 108  25  3.8  29 10.0 1334 1005.1 1015.6  2   1.7   7.4   2.8  73.0   7.5    0.0    7.8    7.8   -9.0   -9.0   -9.0   -9.0 10 62 19                       9   9    6 Sc         0   0   5   711  0.0  0.23 -9   8.2   9.1   9.1   9.7  10.1  -9 -9.0 -9  3  1
202511251600 108  27  3.0  -9 -9.0   -9 1006.2 1016.7 -9  -9.0   6.9   2.3  73.0   7.2   -9.0    7.8    7.8   -9.0   -9.0   -9.0   -9.0 10 22 19                       9   9    8 Sc         0   0   5   803  0.0  0.08 -9   7.6   8.8   9.0   9.7  10.2  -9 -9.0 -9  3  1
202511251700 108  27  4.1  -9 -9.0   -9 1007.3 1017.9 -9  -9.0   6.5   2.0  73.0   7.1   -9.0    7.8    7.8   -9.0   -9.0   -9.0   -9.0 10 22 19                       9   9    7 Sc         0   0   5   825  0.0  0.08 -9   6.6   8.6   8.9   9.7  10.2  -9 -9.0 -9  3  1
202511251800 108  27  3.3  -9 -9.0   -9 1008.2 1018.8  2   3.2   6.3   2.3  76.0   7.2   -9.0    7.8    7.8   -9.0   -9.0   -9.0   -9.0 10 22 19                       9   9    6 Sc         0   0   5   665  0.0  0.01 -9   6.3   8.4   8.7   9.7  10.2  -9 -9.0 -9  3  1
202511251900 108  29  3.0  -9 -9.0   -9 1009.2 1019.8 -9  -9.0   6.1   2.3  77.0   7.2   -9.0    7.8    7.8   -9.0   -9.0   -9.0   -9.0 -9 -9 19                       9   9    5 -         -9  -9  -9   563 -9.0 -9.00 -9   6.2   8.2   8.6   9.7  10.1  -9 -9.0 -9  3  2
202511252000 108  32  2.4  -9 -9.0   -9 1010.0 1020.6 -9  -9.0   5.9   1.9  76.0   7.0   -9.0    7.8    7.8   -9.0   -9.0   -9.0   -9.0 -9 -9 19                       9   9    5 -         -9  -9  -9   532 -9.0 -9.00 -9   6.2   8.0   8.4   9.6  10.1  -9 -9.0 -9  3  2
202511252100 108  32  2.8  -9 -9.0   -9 1010.5 1021.1  2   2.3   5.7   1.7  76.0   6.9   -9.0    7.8    7.8   -9.0   -9.0   -9.0   -9.0 10 22 19                       8   8    6 Sc         0   0   5   531 -9.0 -9.00 -9   5.9   7.9   8.3   9.6  10.1  -9 -9.0 -9  3  1
202511252200 108  27  3.1  -9 -9.0   -9 1011.2 1021.8 -9  -9.0   5.7   1.9  77.0   7.0   -9.0    7.8    7.8   -9.0   -9.0   -9.0   -9.0 -9 -9 19                       9   9    9 -         -9  -9  -9   524 -9.0 -9.00 -9   5.7   7.7   8.2   9.5  10.1  -9 -9.0 -9  3  2
202511252300 108  27  2.9  -9 -9.0   -9 1011.9 1022.5 -9  -9.0   5.4   0.9  73.0   6.5   -9.0    7.8    7.8   -9.0   -9.0   -9.0   -9.0 -9 -9 19                       9   3    9 -         -9  -9  -9   603 -9.0 -9.00 -9   5.5   7.6   8.1   9.5  10.0  -9 -9.0 -9  3  2
202511260000 108  29  1.9  -9 -9.0   -9 1012.5 1023.2  2   2.1   5.3   0.6  72.0   6.4   -9.0    7.8    7.8   -9.0   -9.0   -9.0   -9.0 10 22 19                       9   9    9 Sc         0   0   5   647 -9.0 -9.00 -9   5.4   7.5   8.0   9.4  10.0  -9 -9.0 -9  3  1
202511260100 108  32  2.1  -9 -9.0   -9 1012.9 1023.6 -9  -9.0   5.3   0.2  70.0   6.2   -9.0   -9.0   -9.0   -9.0   -9.0   -9.0   -9.0 -9 -9 19                       9   9    8 -         -9  -9  -9   687 -9.0 -9.00 -9   5.3   7.5   7.9   9.3   9.9  -9 -9.0 -9  3  2
202511260200 108  27  1.9  -9 -9.0   -9 1013.4 1024.1 -9  -9.0   5.2   0.3  71.0   6.2   -9.0   -9.0   -9.0   -9.0   -9.0   -9.0   -9.0 -9 -9 19                       9   9    8 -         -9  -9  -9   732 -9.0 -9.00 -9   5.2   7.4   7.8   9.3   9.9  -9 -9.0 -9  3  2
202511260300 108  27  1.2  -9 -9.0   -9 1013.7 1024.4  2   1.2   5.2   0.3  71.0   6.2   -9.0   -9.0   -9.0   -9.0   -9.0   -9.0   -9.0 10 22 19                       9   9    8 Sc         0   0   5   799 -9.0 -9.00 -9   5.3   7.3   7.8   9.2   9.9  -9 -9.0 -9  3  1
202511260400 108  27  1.5  -9 -9.0   -9 1013.9 1024.6 -9  -9.0   5.2   0.0  69.0   6.1   -9.0   -9.0   -9.0   -9.0   -9.0   -9.0   -9.0  5 22 4019                     9   9    8 Sc         0   0   5   994 -9.0 -9.00 -9   5.3   7.3   7.7   9.2   9.8  -9 -9.0 -9  3  1
202511260500 108  27  1.5  -9 -9.0   -9 1014.1 1024.8 -9  -9.0   5.3   0.2  70.0   6.2   -9.0   -9.0   -9.0   -9.0   -9.0   -9.0   -9.0  5 22 40                       8   8    8 Sc         0   0   5   877 -9.0 -9.00 -9   4.9   7.3   7.7   9.1   9.9  -9 -9.0 -9  3  1
202511260600 108  27  0.5  -9 -9.0   -9 1014.7 1025.4  2   1.0   4.4  -0.4  71.0   5.9   -9.0   -9.0   -9.0   -9.0   -9.0   -9.0   -9.0  5 11 40                       0   0   -9 -         -9  -9  -9   948 -9.0 -9.00 -9   2.5   6.9   7.5   9.0   9.8  -9 -9.0 -9  3  1
202511260700 108  29  0.5  -9 -9.0   -9 1015.2 1025.9 -9  -9.0   3.8   0.0  76.0   6.1   -9.0   -9.0   -9.0   -9.0   -9.0   -9.0   -9.0  5  0 40                       0   0   -9 -         -9  -9  -9   933 -9.0 -9.00 -9   1.8   6.3   7.2   9.0   9.7  -9 -9.0 -9  3  1
202511260800 108  29  0.7  -9 -9.0   -9 1016.0 1026.8 -9  -9.0   3.5   0.3  80.0   6.2   -9.0   -9.0   -9.0   -9.0   -9.0   -9.0   -9.0 10  0 4019                     1   1   15 Sc         0   0   5   811  0.2  0.05 -9   2.1   6.0   6.9   8.9   9.8  -9 -9.0 -9  3  1
202511260900 108   5  2.0  -9 -9.0   -9 1016.3 1027.0  2   1.6   4.3   0.9  79.0   6.5   -9.0   -9.0   -9.0   -9.0   -9.0   -9.0   -9.0 10  0 19                       6   2   12 ScAc       0   3   5   848  1.0  0.46 -9   4.6   6.0   6.7   8.8   9.6  -9 -9.0 -9  3  1
202511261000 108   9  1.0  -9 -9.0   -9 1016.2 1026.8 -9  -9.0   6.9   0.7  65.0   6.4   -9.0   -9.0   -9.0   -9.0   -9.0   -9.0   -9.0 -9 -9 19                       7   7   12 Sc         0   0   5  1424  0.5  0.86 -9   8.7   6.7   6.8   8.6   9.6  -9 -9.0 -9  3  2
202511261100 108  27  2.2  -9 -9.0   -9 1016.2 1026.8 -9  -9.0   8.2  -0.8  53.0   5.8   -9.0   -9.0   -9.0   -9.0   -9.0   -9.0   -9.0 -9 -9 -                        7   7   12 Sc         0   0   5  3310  0.6  1.25 -9  12.0   7.6   7.1   8.5   9.3  -9 -9.0 -9  3  2
202511261200 108  29  2.1  -9 -9.0   -9 1015.3 1025.8  7  -1.2   9.9   0.4  52.0   6.3   -9.0   -9.0   -9.0   -9.0   -9.0   -9.0   -9.0 -9 -9 -                        6   6   12 Sc         0   0   5  2856  0.9  1.81 -9  14.1   8.5   7.7   8.6   9.2  -9 -9.0 -9  3  2
202511261300 108  16  3.2  -9 -9.0   -9 1014.6 1025.1 -9  -9.0  10.8   0.2  48.0   6.2   -9.0   -9.0   -9.0   -9.0   -9.0   -9.0   -9.0 -9 -9 -                        6   6   12 Sc         0   0   5  2183  0.9  2.15 -9  14.4   9.6   8.3   8.5   9.3  -9 -9.0 -9  3  2
202511261400 108  29  1.9  -9 -9.0   -9 1014.2 1024.7 -9  -9.0   9.5  -0.1  51.0   6.1   -9.0   -9.0   -9.0   -9.0   -9.0   -9.0   -9.0 -9 -9 -                        8   8   12 Sc         0   0   5  2170  0.1  0.73 -9  12.1  10.0   8.8   8.7   9.3  -9 -9.0 -9  3  2
202511261500 108  18  2.5  -9 -9.0   -9 1014.1 1024.6  7  -1.2   9.8   0.3  52.0   6.2   -9.0   -9.0   -9.0   -9.0   -9.0   -9.0   -9.0 -9 -9 -                        7   7   11 Sc         0   0   5  2008  0.2  0.61 -9  11.9  10.1   9.1   8.9   9.4  -9 -9.0 -9  3  2
202511261600 108  23  2.8  -9 -9.0   -9 1013.8 1024.3 -9  -9.0   9.6   0.2  52.0   6.2   -9.0   -9.0   -9.0   -9.0   -9.0   -9.0   -9.0 -9 -9 -                        4   4   12 Sc         0   0   5  1681  0.6  0.58 -9   8.9   9.9   9.2   9.1   9.5  -9 -9.0 -9  3  2
202511261700 108  25  1.8  -9 -9.0   -9 1013.7 1024.2 -9  -9.0   8.7  -0.1  54.0   6.1   -9.0   -9.0   -9.0   -9.0   -9.0   -9.0   -9.0 -9 -9 -                        1   1   10 Sc         0   0   5  1789  0.4  0.26 -9   6.5   9.4   9.2   9.3   9.6  -9 -9.0 -9  3  2
202511261800 108  27  1.5  -9 -9.0   -9 1013.7 1024.3  5  -0.3   7.7   0.0  58.0   6.1   -9.0   -9.0   -9.0   -9.0   -9.0   -9.0   -9.0 -9 -9 -                        0   0   -9 -         -9  -9  -9  1920  0.0  0.01 -9   4.7   8.6   8.9   9.4   9.7  -9 -9.0 -9  3  2
202511261900 108  23  0.6  -9 -9.0   -9 1013.2 1023.8 -9  -9.0   6.7   0.0  62.0   6.1   -9.0   -9.0   -9.0   -9.0   -9.0   -9.0   -9.0 -9 -9 -                        0   0   -9 -         -9  -9  -9  2107 -9.0 -9.00 -9   3.5   7.8   8.5   9.4   9.6  -9 -9.0 -9  3 -9
202511262000 108  27  0.8  -9 -9.0   -9 1013.1 1023.7 -9  -9.0   6.2   0.7  68.0   6.4   -9.0   -9.0   -9.0   -9.0   -9.0   -9.0   -9.0 -9 -9 -                        0   0   -9 -         -9  -9  -9  1937 -9.0 -9.00 -9   3.0   7.3   8.1   9.4   9.8  -9 -9.0 -9  3 -9
202511262100 108   0  0.1  -9 -9.0   -9 1013.0 1023.6  7  -0.7   5.6   0.7  71.0   6.4   -9.0   -9.0   -9.0   -9.0   -9.0   -9.0   -9.0 -9 -9 -                        0   0   -9 -         -9  -9  -9  1792 -9.0 -9.00 -9   2.6   7.0   7.8   9.3   9.8  -9 -9.0 -9  3  2
202511262200 108   7  0.8  -9 -9.0   -9 1012.9 1023.6 -9  -9.0   5.3   1.0  74.0   6.6   -9.0   -9.0   -9.0   -9.0   -9.0   -9.0   -9.0 -9 -9 -                        2   2   10 -         -9  -9  -9  1848 -9.0 -9.00 -9   3.0   6.8   7.5   9.2   9.7  -9 -9.0 -9  3 -9
202511262300 108   5  1.8  -9 -9.0   -9 1012.3 1023.0 -9  -9.0   5.0   0.7  74.0   6.4   -9.0   -9.0   -9.0   -9.0   -9.0   -9.0   -9.0 -9 -9 -                        0   0   -9 -         -9  -9  -9  1695 -9.0 -9.00 -9   2.7   6.6   7.3   9.0   9.7  -9 -9.0 -9  3 -9
202511270000 108   5  1.7  -9 -9.0   -9 1011.3 1022.0  7  -1.6   4.4   0.7  77.0   6.4   -9.0   -9.0   -9.0   -9.0   -9.0   -9.0   -9.0 -9 -9 -                        0   0   -9 -         -9  -9  -9  1465 -9.0 -9.00 -9   2.0   6.3   7.1   9.0   9.6  -9 -9.0 -9  3  2
202511270100 108   5  1.6  -9 -9.0   -9 1011.3 1022.0 -9  -9.0   3.8   0.6  80.0   6.4   -9.0   -9.0   -9.0   -9.0   -9.0   -9.0   -9.0 -9 -9 -                        0   0   -9 -         -9  -9  -9  1313 -9.0 -9.00 -9   1.5   5.9   6.8   8.9   9.7  -9 -9.0 -9  3 -9
202511270200 108   5  1.7  -9 -9.0   -9 1010.8 1021.5 -9  -9.0   3.9   0.7  80.0   6.4   -9.0   -9.0   -9.0   -9.0   -9.0   -9.0   -9.0 -9 -9 -                        7   7   11 -         -9  -9  -9  1187 -9.0 -9.00 -9   2.1   5.9   6.6   8.7   9.6  -9 -9.0 -9  3 -9
202511270300 108   5  3.0  -9 -9.0   -9 1009.1 1019.8  7  -2.2   3.9   0.5  79.0   6.3   -9.0   -9.0   -9.0   -9.0   -9.0   -9.0   -9.0 -9 -9 -                        6   0   -9 Ci         1   0   0  1155 -9.0 -9.00 -9   2.3   5.8   6.5   8.6   9.4  -9 -9.0 -9  3  2
202511270400 108   7  1.7  -9 -9.0   -9 1008.3 1019.0 -9  -9.0   4.3   0.7  78.0   6.4   -9.0   -9.0   -9.0   -9.0   -9.0   -9.0   -9.0 -9 -9 -                        9   9   14 Sc         0   0   5  1166 -9.0 -9.00 -9   3.9   5.8   6.4   8.4   9.3  -9 -9.0 -9  3  2
202511270500 108   7  2.8  -9 -9.0   -9 1006.8 1017.4 -9  -9.0   4.7   0.8  76.0   6.5   -9.0   -9.0   -9.0   -9.0   -9.0   -9.0   -9.0 -9 -9 -                        9   9    9 Sc         0   0   5  1151 -9.0 -9.00 -9   4.4   6.1   6.4   8.3   9.2  -9 -9.0 -9  3  2
202511270600 108   7  3.0  -9 -9.0   -9 1005.4 1016.0  7  -3.8   4.9   0.8  75.0   6.5   -9.0   -9.0   -9.0   -9.0   -9.0   -9.0   -9.0 -9 -9 -                        9   9    9 Sc         0   0   5  1147 -9.0 -9.00 -9   4.4   6.1   6.5   8.3   9.2  -9 -9.0 -9  3  2
202511270700 108   7  3.1  -9 -9.0   -9 1004.3 1014.9 -9  -9.0   5.4   1.8  78.0   7.0   -9.0    0.0    0.0   -9.0   -9.0   -9.0   -9.0 60 62 01                      10   8    8 ScAs      -9   2   5   859 -9.0 -9.00 -9   4.8   6.2   6.5   8.2   9.2  -9 -9.0 -9  4  1
202511270800 108   7  3.3  -9 -9.0   -9 1003.4 1014.0 -9  -9.0   5.4   2.2  80.0   7.2   -9.0    0.1    0.1   -9.0   -9.0   -9.0   -9.0 21 62 01                      10   8    7 ScAs      -9   2   5  1055  0.0  0.01 -9   5.2   6.3   6.5   8.2   9.0  -9 -9.0 -9  4  1
202511270900 108   7  3.3  -9 -9.0   -9 1002.3 1012.8  7  -3.2   6.0   2.4  78.0   7.3    0.1    0.1    0.1   -9.0   -9.0   -9.0   -9.0 -9 62 -                       10   8    7 ScAs      -9   2   5  1193  0.0  0.11 -9   6.1   6.5   6.6   8.1   8.9  -9 -9.0 -9  3  1
202511271000 108   7  1.4  -9 -9.0   -9 1002.0 1012.5 -9  -9.0   5.9   3.3  84.0   7.7   -9.0    1.1    1.1   -9.0   -9.0   -9.0   -9.0 60 62 01                      10   8    6 ScAs      -9   2   5   609  0.0  0.07 -9   6.1   6.6   6.7   8.0   8.9  -9 -9.0 -9  4  1
202511271100 108  18  3.1  -9 -9.0   -9 1001.6 1012.1 -9  -9.0   6.2   4.6  90.0   8.5   -9.0    4.5    4.5   -9.0   -9.0   -9.0   -9.0 63 66 01                      10   6    4 StNs      -9   2   7   610  0.0  0.07 -9   6.4   6.6   6.7   8.0   8.8  -9 -9.0 -9  4  1
202511271200 108  23  1.6  -9 -9.0   -9 1000.9 1011.4  7  -1.4   6.7   5.6  93.0   9.1    7.4    7.5    7.5   -9.0   -9.0   -9.0   -9.0 62 66 01                       9   5    8 ScAs       0   2   5   560  0.0  0.26 -9   9.2   6.8   6.8   8.0   8.8  -9 -9.0 -9  4  1
202511271300 108  18  2.4  -9 -9.0   -9 1000.7 1011.1 -9  -9.0   8.4   6.8  90.0   9.9   -9.0    7.5    7.5   -9.0   -9.0   -9.0   -9.0 21 62 1901                     8   8    6 Sc         0   0   5   624  0.2  1.14 -9  12.2   7.9   7.2   8.0   8.8  -9 -9.0 -9  4  1
202511271400 108  25  4.3  29 12.0 1351 1001.3 1011.7 -9  -9.0   7.5   5.3  86.0   8.9   -9.0    8.8    8.8   -9.0   -9.0   -9.0   -9.0 61 62 1901                    10   9    5 StNs      -9   2   7   614  0.0  0.34 -9   8.1   8.1   7.6   8.1   8.7  -9 -9.0 -9  4  1
202511271500 108  25  3.1  29 12.0 1351 1002.1 1012.6  3   1.2   6.4   4.3  87.0   8.3    2.5   10.0   10.0   -9.0   -9.0   -9.0   -9.0 60 66 1901                    10   6    9 ScAs      -9   2   5  1285  0.0  0.16 -9   7.9   7.8   7.7   8.2   8.8  -9 -9.0 -9  4  1
202511271600 108  25  3.8  -9 -9.0   -9 1002.8 1013.3 -9  -9.0   6.6   4.0  84.0   8.1   -9.0   10.0   10.0   -9.0   -9.0   -9.0   -9.0 21 62 01                       8   8    7 Sc         0   0   5  1749  0.1  0.30 -9   7.5   7.9   7.7   8.3   8.7  -9 -9.0 -9  4  1
202511271700 108  27  4.8  -9 -9.0   -9 1003.7 1014.2 -9  -9.0   6.7   2.1  73.0   7.1   -9.0   10.0   10.0   -9.0   -9.0   -9.0   -9.0 -9 -9 -                        4   4   17 Sc         0   0   5  1828  0.0  0.22 -9   6.1   7.8   7.7   8.4   8.9  -9 -9.0 -9  3  2
202511271800 108  27  4.2  29 11.0 1736 1004.8 1015.4  2   2.8   5.8   0.7  70.0   6.4    0.0   10.0   10.0   -9.0   -9.0   -9.0   -9.0 -9 60 -                        0   0   -9 -         -9  -9  -9  1494  0.0  0.01 -9   4.2   7.3   7.6   8.4   8.8  -9 -9.0 -9  3  1
202511271900 108  27  2.7  29 12.0 1809 1005.5 1016.1 -9  -9.0   4.9  -0.5  68.0   5.9   -9.0   10.0   10.0   -9.0   -9.0   -9.0   -9.0 -9 -9 -                        0   0   -9 -         -9  -9  -9  1491 -9.0 -9.00 -9   3.3   6.9   7.3   8.4   9.0  -9 -9.0 -9  3 -9
202511272000 108  27  4.0  -9 -9.0   -9 1006.0 1016.6 -9  -9.0   4.7  -0.3  70.0   6.0   -9.0   10.0   10.0   -9.0   -9.0   -9.0   -9.0 -9 -9 -                        9   4   11 -         -9  -9  -9  1685 -9.0 -9.00 -9   4.0   6.5   7.0   8.4   9.0  -9 -9.0 -9  3 -9
202511272100 108  25  4.1  29 12.0 1809 1006.7 1017.3  2   1.9   4.5  -0.1  72.0   6.1   -9.0   10.0   10.0   -9.0   -9.0   -9.0   -9.0 -9 60 -                        5   5    9 Sc         0   0   5  1781 -9.0 -9.00 -9   3.5   6.4   6.9   8.3   9.0  -9 -9.0 -9  3  1
202511272200 108  27  4.1  -9 -9.0   -9 1007.9 1018.6 -9  -9.0   3.8  -1.7  67.0   5.4   -9.0   10.0   10.0   -9.0   -9.0   -9.0   -9.0 -9 -9 -                        5   5    8 -         -9  -9  -9  2422 -9.0 -9.00 -9   3.0   6.2   6.7   8.3   9.0  -9 -9.0 -9  3 -9
202511272300 108  25  3.9  -9 -9.0   -9 1008.7 1019.4 -9  -9.0   2.9  -3.0  65.0   4.9   -9.0   10.0   10.0   -9.0   -9.0   -9.0   -9.0 -9 -9 -                        3   3   11 -         -9  -9  -9  2613 -9.0 -9.00 -9   1.8   5.8   6.5   8.2   8.8  -9 -9.0 -9  3 -9
202511280000 108  27  3.5  -9 -9.0   -9 1009.2 1019.9  2   2.6   2.5  -3.4  65.0   4.8   -9.0   10.0   10.0   -9.0   -9.0   -9.0   -9.0 -9 -9 -                        2   2   10 Sc         0   0   5  2854 -9.0 -9.00 -9   1.4   5.6   6.3   8.1   8.9  -9 -9.0 -9  3  2
202511280100 108  29  3.3  -9 -9.0   -9 1009.7 1020.5 -9  -9.0   2.1  -3.0  69.0   4.9   -9.0   -9.0   -9.0   -9.0   -9.0   -9.0   -9.0 -9 -9 -                        0   0   -9 -         -9  -9  -9  2388 -9.0 -9.00 -9   1.3   5.3   6.0   8.0   8.8  -9 -9.0 -9  3 -9
202511280200 108  32  2.5  -9 -9.0   -9 1010.3 1021.1 -9  -9.0   1.4  -3.8  68.0   4.6   -9.0   -9.0   -9.0   -9.0   -9.0   -9.0   -9.0 -9 -9 -                        5   5    9 -         -9  -9  -9  2487 -9.0 -9.00 -9   0.7   5.0   5.8   7.9   8.8  -9 -9.0 -9  3 -9
202511280300 108  29  2.5  -9 -9.0   -9 1010.8 1021.6  2   1.7   0.7  -4.1  70.0   4.5   -9.0   -9.0   -9.0   -9.0   -9.0   -9.0   -9.0 -9 -9 -                        2   2    8 Sc         0   0   5  2119 -9.0 -9.00 -9   0.7   4.6   5.6   7.8   8.7  -9 -9.0 -9  3  2
202511280400 108  29  1.9  -9 -9.0   -9 1010.7 1021.5 -9  -9.0   0.1  -4.7  70.0   4.3   -9.0   -9.0   -9.0   -9.0   -9.0   -9.0   -9.0 -9 -9 -                        0   0   -9 -         -9  -9  -9  2119 -9.0 -9.00 -9   0.5   4.3   5.4   7.6   8.5  -9 -9.0 -9  3  2
202511280500 108   0  0.3  -9 -9.0   -9 1010.7 1021.6 -9  -9.0  -0.5  -4.9  72.0   4.2   -9.0   -9.0   -9.0   -9.0   -9.0   -9.0   -9.0 -9 -9 -                        0   0   -9 -         -9  -9  -9  2069 -9.0 -9.00 -9   0.5   4.0   5.1   7.5   8.6  -9 -9.0 -9  3  2
202511280600 108  29  1.2  -9 -9.0   -9 1011.1 1022.0  3   0.4  -0.7  -5.3  71.0   4.1   -9.0   -9.0   -9.0   -9.0   -9.0   -9.0   -9.0 -9 -9 -                        0   0   -9 -         -9  -9  -9  2161 -9.0 -9.00 -9   0.4   3.7   4.9   7.4   8.5  -9 -9.0 -9  3  2
202511280700 108  27  1.6  -9 -9.0   -9 1011.3 1022.2 -9  -9.0  -1.1  -6.0  69.0   3.9   -9.0   -9.0   -9.0   -9.0   -9.0   -9.0   -9.0 -9 -9 -                        0   0   -9 -         -9  -9  -9  2340 -9.0 -9.00 -9   0.4   3.6   4.7   7.3   8.4  -9 -9.0 -9  3  2
202511280800 108   2  2.0  -9 -9.0   -9 1011.6 1022.5 -9  -9.0  -1.3  -5.7  72.0   4.0   -9.0   -9.0   -9.0   -9.0   -9.0   -9.0   -9.0 -9 -9 -                        0   0   -9 -         -9  -9  -9  2165  0.3  0.04 -9   0.1   3.3   4.5   7.1   8.3  -9 -9.0 -9  3  2
202511280900 108  27  2.1  -9 -9.0   -9 1011.9 1022.8  2   0.8  -0.3  -5.6  67.0   4.0   -9.0   -9.0   -9.0   -9.0   -9.0   -9.0   -9.0 -9 -9 -                        0   0   -9 -         -9  -9  -9  2119  1.0  0.48 -9   0.3   3.3   4.3   7.0   8.3  -9 -9.0 -9  3  2
202511281000 108  27  2.4  -9 -9.0   -9 1012.4 1023.2 -9  -9.0   1.5  -5.4  60.0   4.1   -9.0   -9.0   -9.0   -9.0   -9.0   -9.0   -9.0 -9 -9 -                        0   0   -9 -         -9  -9  -9  2516  1.0  1.15 -9   0.4   3.5   4.2   6.8   8.1  -9 -9.0 -9  3  2
202511281100 108  16  2.3  -9 -9.0   -9 1012.3 1023.0 -9  -9.0   4.3  -5.7  48.0   4.0   -9.0   -9.0   -9.0   -9.0   -9.0   -9.0   -9.0 -9 -9 -                        0   0   -9 -         -9  -9  -9  3075  1.0  1.63 -9   4.5   4.0   4.4   6.7   7.7  -9 -9.0 -9  3  2
202511281200 108  34  1.1  -9 -9.0   -9 1011.7 1022.4  8  -0.4   4.7  -7.1  42.0   3.6   -9.0   -9.0   -9.0   -9.0   -9.0   -9.0   -9.0 -9 -9 -                        0   0   -9 -         -9  -9  -9  3421  1.0  1.94 -9   8.4   4.6   4.7   6.6   7.8  -9 -9.0 -9  3  2
202511281300 108  25  2.0  -9 -9.0   -9 1011.2 1021.8 -9  -9.0   6.3  -7.0  38.0   3.6   -9.0   -9.0   -9.0   -9.0   -9.0   -9.0   -9.0 -9 -9 -                        0   0   -9 -         -9  -9  -9  3801  1.0  2.03 -9   9.4   5.5   5.2   6.7   7.7  -9 -9.0 -9  3  2
202511281400 108  27  2.4  -9 -9.0   -9 1011.1 1021.7 -9  -9.0   6.7  -7.7  35.0   3.4   -9.0   -9.0   -9.0   -9.0   -9.0   -9.0   -9.0 -9 -9 -                        0   0   -9 -         -9  -9  -9  3722  1.0  1.89 -9   9.4   6.1   5.7   6.7   7.8  -9 -9.0 -9  3  2
202511281500 108  29  2.2  -9 -9.0   -9 1011.2 1021.8  5  -0.6   6.6  -7.8  35.0   3.4   -9.0   -9.0   -9.0   -9.0   -9.0   -9.0   -9.0 -9 -9 -                        0   0   -9 -         -9  -9  -9  3627  1.0  1.49 -9   7.8   6.3   6.0   6.8   7.7  -9 -9.0 -9  3  2
202511281600 108  27  2.8  -9 -9.0   -9 1011.4 1022.0 -9  -9.0   6.5  -6.8  38.0   3.7   -9.0   -9.0   -9.0   -9.0   -9.0   -9.0   -9.0 -9 -9 -                        0   0   -9 -         -9  -9  -9  3857  1.0  0.92 -9   5.6   6.3   6.1   7.0   7.7  -9 -9.0 -9  3  2
202511281700 108  32  1.4  -9 -9.0   -9 1011.3 1021.9 -9  -9.0   5.4  -7.1  40.0   3.6   -9.0   -9.0   -9.0   -9.0   -9.0   -9.0   -9.0 -9 -9 -                        0   0   -9 -         -9  -9  -9  3833  0.9  0.35 -9   3.5   6.0   6.1   7.1   7.8  -9 -9.0 -9  3  2
202511281800 108  32  0.6  -9 -9.0   -9 1011.6 1022.3  2   0.5   4.3  -6.6  45.0   3.7   -9.0   -9.0   -9.0   -9.0   -9.0   -9.0   -9.0 -9 -9 -                        0   0   -9 -         -9  -9  -9  3449  0.0  0.01 -9   1.8   5.4   6.0   7.2   7.8  -9 -9.0 -9  3  2
202511281900 108  25  0.7  -9 -9.0   -9 1011.7 1022.4 -9  -9.0   3.2  -6.5  49.0   3.8   -9.0   -9.0   -9.0   -9.0   -9.0   -9.0   -9.0 -9 -9 -                        0   0   -9 -         -9  -9  -9  3279 -9.0 -9.00 -9   0.8   4.8   5.7   7.3   8.0  -9 -9.0 -9  3 -9
202511282000 108   2  1.7  -9 -9.0   -9 1011.7 1022.5 -9  -9.0   2.4  -5.9  54.0   3.9   -9.0   -9.0   -9.0   -9.0   -9.0   -9.0   -9.0 -9 -9 -                        0   0   -9 -         -9  -9  -9  2809 -9.0 -9.00 -9   1.0   4.5   5.4   7.3   8.0  -9 -9.0 -9  3 -9
202511282100 108   5  1.7  -9 -9.0   -9 1011.7 1022.5  1   0.2   1.8  -5.8  57.0   4.0   -9.0   -9.0   -9.0   -9.0   -9.0   -9.0   -9.0 -9 -9 -                        0   0   -9 -         -9  -9  -9  2930 -9.0 -9.00 -9   0.8   4.2   5.1   7.2   8.0  -9 -9.0 -9  3  2
202511282200 108   5  2.6  -9 -9.0   -9 1011.5 1022.3 -9  -9.0   1.5  -5.2  61.0   4.2   -9.0   -9.0   -9.0   -9.0   -9.0   -9.0   -9.0 -9 -9 -                        0   0   -9 -         -9  -9  -9  2900 -9.0 -9.00 -9   0.6   3.9   4.9   7.1   8.0  -9 -9.0 -9  3 -9
202511282300 108   5  1.8  -9 -9.0   -9 1011.5 1022.3 -9  -9.0   1.1  -5.5  61.0   4.1   -9.0   -9.0   -9.0   -9.0   -9.0   -9.0   -9.0 -9 -9 -                        0   0   -9 -         -9  -9  -9  2939 -9.0 -9.00 -9   0.6   3.7   4.7   7.0   8.0  -9 -9.0 -9  3 -9
202511290000 108   2  2.2  -9 -9.0   -9 1011.2 1022.0  7  -0.5   0.9  -5.1  64.0   4.2   -9.0   -9.0   -9.0   -9.0   -9.0   -9.0   -9.0 -9 -9 -                        0   0   -9 -         -9  -9  -9  3068 -9.0 -9.00 -9   0.5   3.5   4.5   6.9   7.9  -9 -9.0 -9  3  2
202511290100 108   5  2.9  -9 -9.0   -9 1010.8 1021.6 -9  -9.0   0.9  -5.5  62.0   4.1   -9.0   -9.0   -9.0   -9.0   -9.0   -9.0   -9.0 -9 -9 -                        0   0   -9 -         -9  -9  -9  3172 -9.0 -9.00 -9   0.4   3.4   4.3   6.7   7.8  -9 -9.0 -9  3 -9
202511290200 108   5  2.2  -9 -9.0   -9 1010.7 1021.5 -9  -9.0   0.6  -6.2  60.0   3.8   -9.0   -9.0   -9.0   -9.0   -9.0   -9.0   -9.0 -9 -9 -                        0   0   -9 -         -9  -9  -9  3506 -9.0 -9.00 -9   0.2   3.3   4.2   6.6   7.8  -9 -9.0 -9  3 -9
202511290300 108   7  1.7  -9 -9.0   -9 1010.5 1021.3  7  -0.7   0.6  -5.8  62.0   4.0   -9.0   -9.0   -9.0   -9.0   -9.0   -9.0   -9.0 -9 -9 -                        0   0   -9 -         -9  -9  -9  3326 -9.0 -9.00 -9   0.0   3.1   4.1   6.5   7.6  -9 -9.0 -9  3  2
202511290400 108   7  2.1  -9 -9.0   -9 1009.8 1020.6 -9  -9.0   0.7  -5.9  61.0   3.9   -9.0   -9.0   -9.0   -9.0   -9.0   -9.0   -9.0 -9 -9 -                        0   0   -9 -         -9  -9  -9  3070 -9.0 -9.00 -9  -0.1   3.1   3.9   6.4   7.5  -9 -9.0 -9  3  2
202511290500 108   7  1.6  -9 -9.0   -9 1009.3 1020.1 -9  -9.0   0.5  -5.9  62.0   3.9   -9.0   -9.0   -9.0   -9.0   -9.0   -9.0   -9.0 -9 -9 -                        0   0   -9 -         -9  -9  -9  3278 -9.0 -9.00 -9  -0.3   3.0   3.8   6.3   7.5  -9 -9.0 -9  3  2
202511290600 108   7  2.8  -9 -9.0   -9 1008.6 1019.4  7  -1.9   0.4  -5.8  63.0   4.0   -9.0   -9.0   -9.0   -9.0   -9.0   -9.0   -9.0 -9 -9 -                        0   0   -9 -         -9  -9  -9  3250 -9.0 -9.00 -9  -0.4   2.9   3.7   6.2   7.3  -9 -9.0 -9  3  2
202511290700 108   5  2.4  -9 -9.0   -9 1008.1 1018.9 -9  -9.0   0.3  -5.9  63.0   3.9   -9.0   -9.0   -9.0   -9.0   -9.0   -9.0   -9.0 -9 -9 -                        0   0   -9 -         -9  -9  -9  3089 -9.0 -9.00 -9  -0.4   2.8   3.6   6.1   7.3  -9 -9.0 -9  3  2
202511290800 108   7  2.7  -9 -9.0   -9 1008.5 1019.3 -9  -9.0   0.5  -5.9  62.0   3.9   -9.0   -9.0   -9.0   -9.0   -9.0   -9.0   -9.0 -9 -9 -                        0   0   -9 -         -9  -9  -9  3438  0.0  0.04 -9  -0.2   2.8   3.6   6.0   7.3  -9 -9.0 -9  3  2
202511290900 108   7  1.7  -9 -9.0   -9 1008.7 1019.5  3   0.1   1.7  -5.4  59.0   4.1   -9.0   -9.0   -9.0   -9.0   -9.0   -9.0   -9.0 -9 -9 -                        0   0   -9 -         -9  -9  -9  2935  0.9  0.43 -9   0.2   2.8   3.5   5.9   7.2  -9 -9.0 -9  3  2
202511291000 108   7  2.6  -9 -9.0   -9 1008.5 1019.2 -9  -9.0   4.2  -5.0  51.0   4.2   -9.0   -9.0   -9.0   -9.0   -9.0   -9.0   -9.0 -9 -9 -                        0   0   -9 -         -9  -9  -9  2682  1.0  0.98 -9   0.4   3.2   3.5   5.7   7.0  -9 -9.0 -9  3  2
202511291100 108   7  2.9  -9 -9.0   -9 1007.9 1018.5 -9  -9.0   5.5  -4.9  47.0   4.2   -9.0   -9.0   -9.0   -9.0   -9.0   -9.0   -9.0 -9 -9 -                        8   8    7 Sc         0   0   5  2601  0.5  1.07 -9   6.2   4.1   3.8   5.7   7.0  -9 -9.0 -9  3  2
202511291200 108   7  2.5  -9 -9.0   -9 1006.9 1017.4  7  -2.1   6.9  -4.5  44.0   4.4   -9.0   -9.0   -9.0   -9.0   -9.0   -9.0   -9.0 -9 -9 -                        9   9    8 Sc         0   0   5  2787  0.4  1.23 -9   9.1   5.2   4.4   5.8   6.9  -9 -9.0 -9  3  2
202511291300 108   5  2.7  -9 -9.0   -9 1005.9 1016.4 -9  -9.0   7.6  -3.8  44.0   4.6   -9.0   -9.0   -9.0   -9.0   -9.0   -9.0   -9.0 -9 -9 -                        9   9    7 Sc         0   0   5  2936  0.0  0.68 -9   9.2   6.0   4.9   5.7   6.9  -9 -9.0 -9  3  2
202511291400 108   7  2.5  -9 -9.0   -9 1005.1 1015.5 -9  -9.0   8.8  -2.8  44.0   5.0   -9.0   -9.0   -9.0   -9.0   -9.0   -9.0   -9.0 -9 -9 -                        9   9    8 Sc         0   0   5  3010  0.1  0.76 -9  10.2   6.7   5.4   5.9   6.8  -9 -9.0 -9  3  2
202511291500 108   7  2.2  -9 -9.0   -9 1004.9 1015.3  7  -2.1   9.2  -0.9  49.0   5.7   -9.0   -9.0   -9.0   -9.0   -9.0   -9.0   -9.0 -9 -9 -                        9   9    9 Sc         0   0   5  2901  0.0  0.44 -9   8.9   7.0   5.9   6.1   6.9  -9 -9.0 -9  3  2
202511291600 108   5  2.7  -9 -9.0   -9 1004.7 1015.1 -9  -9.0   8.9  -1.5  48.0   5.5   -9.0   -9.0   -9.0   -9.0   -9.0   -9.0   -9.0 -9 -9 -                        9   9    9 Sc         0   0   5  2919  0.0  0.23 -9   8.0   7.1   6.2   6.2   6.9  -9 -9.0 -9  3  2
202511291700 108   5  3.0  -9 -9.0   -9 1004.9 1015.3 -9  -9.0   8.6  -0.9  51.0   5.7   -9.0   -9.0   -9.0   -9.0   -9.0   -9.0   -9.0 -9 -9 -                        9   9    8 Sc         0   0   5  2733  0.0  0.09 -9   6.9   7.0   6.3   6.4   7.0  -9 -9.0 -9  3  2
202511291800 108   5  2.2  -9 -9.0   -9 1005.1 1015.5  3   0.2   8.6  -0.4  53.0   5.9   -9.0   -9.0   -9.0   -9.0   -9.0   -9.0   -9.0 -9 -9 -                        9   9    7 Sc         0   0   5  2702  0.0  0.00 -9   6.5   6.7   6.4   6.6   7.1  -9 -9.0 -9  3  2
202511291900 108   5  2.5  -9 -9.0   -9 1005.1 1015.5 -9  -9.0   8.5   0.0  55.0   6.1   -9.0   -9.0   -9.0   -9.0   -9.0   -9.0   -9.0 -9 -9 -                        9   7    7 -         -9  -9  -9  2376 -9.0 -9.00 -9   6.3   6.8   6.4   6.7   7.2  -9 -9.0 -9  3 -9
202511292000 108   7  1.5  -9 -9.0   -9 1004.9 1015.3 -9  -9.0   8.7  -0.1  54.0   6.1   -9.0   -9.0   -9.0   -9.0   -9.0   -9.0   -9.0 -9 -9 -                        9   9    7 -         -9  -9  -9  2481 -9.0 -9.00 -9   6.5   6.8   6.4   6.9   7.3  -9 -9.0 -9  3 -9
202511292100 108   5  1.4  -9 -9.0   -9 1005.1 1015.5  4   0.0   8.7   0.8  58.0   6.5    0.0    0.0    0.0   -9.0   -9.0   -9.0   -9.0 21 62 01                       9   9    8 Sc         0   0   5  2209 -9.0 -9.00 -9   6.7   6.9   6.5   6.9   7.3  -9 -9.0 -9  1  1
202511292200 108   7  1.3  -9 -9.0   -9 1005.1 1015.5 -9  -9.0   8.9   1.7  61.0   6.9   -9.0    0.0    0.0   -9.0   -9.0   -9.0   -9.0 60 62 01                       9   6    7 ScAs       0   2   5  1837 -9.0 -9.00 -9   7.1   6.9   6.5   6.9   7.4  -9 -9.0 -9  4  1
202511292300 108  36  1.3  -9 -9.0   -9 1005.4 1015.8 -9  -9.0   9.2   3.5  68.0   7.8   -9.0    0.1    0.1   -9.0   -9.0   -9.0   -9.0 60 66 01                       9   6    7 ScAs       0   2   5  1934 -9.0 -9.00 -9   7.3   7.0   6.6   7.0   7.5  -9 -9.0 -9  4  1
202511300000 108   2  1.8  -9 -9.0   -9 1005.4 1015.8  1   0.3   9.2   3.7  69.0   8.0    0.1    0.1    0.1   -9.0   -9.0   -9.0   -9.0 21 62 01                       8   6    5 ScAs       0   2   5  1926 -9.0 -9.00 -9   7.0   7.1   6.7   7.1   7.5  -9 -9.0 -9  4  1
202511300100 108   0  0.2  -9 -9.0   -9 1005.2 1015.6 -9  -9.0   9.2   4.0  70.0   8.1   -9.0   -9.0   -9.0   -9.0   -9.0   -9.0   -9.0 -9 -9 -                        4   4   11 -         -9  -9  -9  1816 -9.0 -9.00 -9   6.3   7.0   6.7   7.1   7.6  -9 -9.0 -9  3 -9
202511300200 108   0  0.4  -9 -9.0   -9 1005.3 1015.7 -9  -9.0   9.6   5.3  75.0   8.9   -9.0   -9.0   -9.0   -9.0   -9.0   -9.0   -9.0 -9 -9 -                        0   0   -9 -         -9  -9  -9  1694 -9.0 -9.00 -9   6.3   7.1   6.7   7.2   7.6  -9 -9.0 -9  3 -9
202511300300 108   0  0.3  -9 -9.0   -9 1005.1 1015.5  7  -0.3  10.1   7.5  84.0  10.4   -9.0   -9.0   -9.0   -9.0   -9.0   -9.0   -9.0 -9 61 -                        0   0   -9 -         -9  -9  -9  1405 -9.0 -9.00 -9   5.7   7.0   6.7   7.2   7.6  -9 -9.0 -9  3  1
202511300400 108  36  0.9  -9 -9.0   -9 1005.1 1015.5 -9  -9.0  10.2   7.7  85.0  10.5   -9.0   -9.0   -9.0   -9.0   -9.0   -9.0   -9.0 -9 -9 -                        7   7    4 St         0   0   6  1164 -9.0 -9.00 -9   6.9   7.0   6.7   7.3   7.6  -9 -9.0 -9  3  2
202511300500 108  23  1.1  -9 -9.0   -9 1005.2 1015.6 -9  -9.0  10.8   9.3  91.0  11.7   -9.0   -9.0   -9.0   -9.0   -9.0   -9.0   -9.0 10  0 19                       4   4    4 St         0   0   6   776 -9.0 -9.00 -9   7.0   7.2   6.8   7.3   7.7  -9 -9.0 -9  3  1
202511300600 108  32  0.8  -9 -9.0   -9 1005.5 1015.9  2   0.4  10.1   7.6  85.0  10.4   -9.0   -9.0   -9.0   -9.0   -9.0   -9.0   -9.0 10 11 19                       6   6    4 St         0   0   6   994 -9.0 -9.00 -9   6.5   7.1   6.9   7.4   7.8  -9 -9.0 -9  3  1
202511300700 108   0  0.3  -9 -9.0   -9 1005.7 1016.1 -9  -9.0  10.4   8.6  89.0  11.2   -9.0   -9.0   -9.0   -9.0   -9.0   -9.0   -9.0 10 22 19                       7   7    4 St         0   0   6   515 -9.0 -9.00 -9   7.1   7.2   6.9   7.4   7.8  -9 -9.0 -9  3  1
202511300800 108   7  0.8  -9 -9.0   -9 1006.1 1016.5 -9  -9.0   9.9   7.6  86.0  10.4   -9.0   -9.0   -9.0   -9.0   -9.0   -9.0   -9.0 10  0 19                       2   2    6 Sc         0   0   5   890  0.0  0.03 -9   6.5   7.4   7.0   7.4   7.8  -9 -9.0 -9  3  1
202511300900 108   2  1.5  -9 -9.0   -9 1006.1 1016.5  1   0.6  10.0   8.2  89.0  10.9   -9.0   -9.0   -9.0   -9.0   -9.0   -9.0   -9.0 10  0 19                       1   1    6 Sc         0   0   5   734  0.1  0.27 -9   8.7   7.4   7.0   7.4   7.8  -9 -9.0 -9  3  1
202511301000 108   9  0.9  -9 -9.0   -9 1006.1 1016.4 -9  -9.0  11.8   9.6  87.0  11.9   -9.0   -9.0   -9.0   -9.0   -9.0   -9.0   -9.0 10  0 19                       0   0   -9 -         -9  -9  -9   746  1.0  0.80 -9  11.6   8.0   7.2   7.5   7.8  -9 -9.0 -9  3  1
202511301100 108  16  1.7  -9 -9.0   -9 1005.9 1016.2 -9  -9.0  13.5   9.9  79.0  12.2   -9.0   -9.0   -9.0   -9.0   -9.0   -9.0   -9.0 10 22 19                       7   7    6 Sc         0   0   5   883  0.5  0.96 -9  13.4   9.0   7.6   7.5   7.8  -9 -9.0 -9  3  1
202511301200 108  23  2.4  -9 -9.0   -9 1005.3 1015.5  7  -1.0  13.9   9.3  74.0  11.7   -9.0   -9.0   -9.0   -9.0   -9.0   -9.0   -9.0 10  0 19                       6   6    7 Sc         0   0   5   912  0.1  0.63 -9  14.1   9.9   8.2   7.6   7.9  -9 -9.0 -9  3  1
202511301300 108  18  2.8  -9 -9.0   -9 1004.1 1014.3 -9  -9.0  15.6   9.4  67.0  11.8   -9.0   -9.0   -9.0   -9.0   -9.0   -9.0   -9.0  5  0 4019                     4   4    9 Sc         0   0   5   938  0.8  1.51 -9  15.0  10.6   8.7   7.7   8.0  -9 -9.0 -9  3  1
202511301400 108  18  3.0  -9 -9.0   -9 1003.6 1013.7 -9  -9.0  15.8   8.5  62.0  11.1   -9.0   -9.0   -9.0   -9.0   -9.0   -9.0   -9.0  5  0 40                       3   3    8 Sc         0   0   5   990  0.4  1.07 -9  15.9  11.2   9.2   8.0   8.1  -9 -9.0 -9  3  1
202511301500 108  20  3.2  -9 -9.0   -9 1003.4 1013.5  7  -2.0  15.9   8.1  60.0  10.8   -9.0   -9.0   -9.0   -9.0   -9.0   -9.0   -9.0  5  0 40                       4   4   10 Sc         0   0   5   948  0.6  0.97 -9  14.3  11.5   9.7   8.2   8.0  -9 -9.0 -9  3  1
202511301600 108  23  2.9  -9 -9.0   -9 1003.5 1013.7 -9  -9.0  15.6   7.6  59.0  10.4   -9.0   -9.0   -9.0   -9.0   -9.0   -9.0   -9.0 -9 -9 40                       3   3   10 Sc         0   0   5  1007  0.4  0.48 -9  12.9  11.5   9.9   8.5   8.3  -9 -9.0 -9  3  2
202511301700 108  20  2.3  -9 -9.0   -9 1003.7 1013.9 -9  -9.0  14.8   8.2  65.0  10.9   -9.0   -9.0   -9.0   -9.0   -9.0   -9.0   -9.0 -9 -9 -                        2   2   10 Sc         0   0   5  1070  0.0  0.24 -9  10.9  11.0   9.9   8.7   8.5  -9 -9.0 -9  3  2
202511301800 108  20  1.8  -9 -9.0   -9 1003.6 1013.8  0   0.3  13.9   8.7  71.0  11.2   -9.0   -9.0   -9.0   -9.0   -9.0   -9.0   -9.0 -9 -9 -                        0   0   -9 -         -9  -9  -9  1003  0.0  0.01 -9   8.8  10.1   9.8   8.9   8.6  -9 -9.0 -9  3  2
202511301900 108  23  1.9  -9 -9.0   -9 1003.8 1014.0 -9  -9.0  13.3   9.1  76.0  11.6   -9.0   -9.0   -9.0   -9.0   -9.0   -9.0   -9.0 -9 -9 -                        0   0   -9 -         -9  -9  -9  1042 -9.0 -9.00 -9   8.5   9.6   9.5   9.0   8.8  -9 -9.0 -9  3 -9
202511302000 108  23  2.9  -9 -9.0   -9 1004.2 1014.5 -9  -9.0  13.3  10.1  81.0  12.4   -9.0   -9.0   -9.0   -9.0   -9.0   -9.0   -9.0 -9 -9 -                        0   0   -9 -         -9  -9  -9  1017 -9.0 -9.00 -9  10.4   9.8   9.3   9.1   9.0  -9 -9.0 -9  3 -9
202511302100 108  20  3.4  -9 -9.0   -9 1004.3 1014.6  2   0.8  12.8  10.1  84.0  12.4   -9.0   -9.0   -9.0   -9.0   -9.0   -9.0   -9.0 10  0 19                       3   3   10 Sc         0   0   5   857 -9.0 -9.00 -9   9.5   9.8   9.3   9.1   9.0  -9 -9.0 -9  3  1
202511302200 108  20  3.0  -9 -9.0   -9 1004.1 1014.4 -9  -9.0  12.6  10.3  86.0  12.5   -9.0   -9.0   -9.0   -9.0   -9.0   -9.0   -9.0 -9 -9 19                       0   0   -9 -         -9  -9  -9   734 -9.0 -9.00 -9   9.5   9.7   9.3   9.2   9.1  -9 -9.0 -9  3  2
202511302300 108  23  2.1  -9 -9.0   -9 1004.3 1014.6 -9  -9.0  12.6  10.4  87.0  12.6   -9.0   -9.0   -9.0   -9.0   -9.0   -9.0   -9.0 -9 -9 19                       0   0   -9 -         -9  -9  -9   628 -9.0 -9.00 -9   9.8   9.7   9.2   9.2   9.1  -9 -9.0 -9  3  2
#7777END
