#START7777
#2345678901234567890123456789012345678901234567890123456789012345678901234567890123456789012345678901234567890123456789012345678901234567890123456789012345678901234567890123456789012345678901234567890123456789012345678901234567890123456789012345678901234
# YYMMDDHHMI STN  WD   WS GST  GST  GST     PA     PS PT    PR    TA    TD    HM    PV     RN     RN     RN     RN     SD     SD     SD WC WP WW                      CA  CA   CH CT        CT  CT  CT    VS   SS    SI ST    TS    TE    TE    TE    TE  ST   WH BF IR IX
#        KST  ID  16  m/s  WD   WS   TM    hPa    hPa  -   hPa     C     C     %   hPa     mm    DAY    JUN    INT    HR3    DAY    TOT -- -- ---------------------- TOT MID  MIN -------- TOP MID LOW                  GD     C     5    10    20    30 SEA    m --  -  -
202401010000 108   2  1.9  -9 -9.0   -9 1015.4 1026.3  2   1.8   0.6   0.1  97.0   6.2   -9.0    4.7    4.7   -9.0   -9.0   -9.0    2.4 10  0 19                       0   0   -9 -         -9  -9  -9   394 -9.0 -9.00 -9  -0.2  -0.1  -0.2   0.0   1.0  -9 -9.0 -9  3  1
202401010100 108   5  2.2  -9 -9.0   -9 1015.6 1026.5 -9  -9.0   0.5   0.0  97.0   6.1   -9.0   -9.0   -9.0   -9.0   -9.0   -9.0    2.4 -9 -9 19                       0   0   -9 -         -9  -9  -9   402 -9.0 -9.00 -9  -0.2  -0.1  -0.2   0.0   1.0  -9 -9.0 -9  3  2
202401010200 108   0  0.4  -9 -9.0   -9 1016.2 1027.1 -9  -9.0   0.4   0.1  98.0   6.2   -9.0   -9.0   -9.0   -9.0   -9.0   -9.0    2.4 -9 -9 19                       6   2   13 -         -9  -9  -9   616 -9.0 -9.00 -9  -0.3  -0.1  -0.2   0.0   1.0  -9 -9.0 -9  3  2
202401010300 108   2  1.7  -9 -9.0   -9 1016.6 1027.5  2   1.2  -0.1  -0.3  98.0   6.0   -9.0   -9.0   -9.0   -9.0   -9.0   -9.0    2.4 10  0 19                       1   1   13 Sc         0   0   5   265 -9.0 -9.00 -9  -0.3  -0.1  -0.2   0.0   1.0  -9 -9.0 -9  3  1
202401010400 108   2  2.2  -9 -9.0   -9 1016.8 1027.7 -9  -9.0  -0.2  -0.4  98.0   5.9   -9.0   -9.0   -9.0   -9.0   -9.0   -9.0    2.4 10 22 19                       6   6   14 Sc         0   0   5   203 -9.0 -9.00 -9  -0.3  -0.1  -0.2   0.0   1.0  -9 -9.0 -9  3  1
202401010500 108   9  1.2  -9 -9.0   -9 1017.2 1028.1 -9  -9.0   0.3   0.1  99.0   6.2   -9.0   -9.0   -9.0   -9.0   -9.0   -9.0    2.4 10 22 19                       8   8   10 Sc         0   0   5   371 -9.0 -9.00 -9  -0.2  -0.1  -0.2   0.0   1.0  -9 -9.0 -9  3  1
202401010600 108   5  2.0  -9 -9.0   -9 1017.2 1028.1  1   0.6   0.5   0.3  99.0   6.2   -9.0   -9.0   -9.0   -9.0   -9.0   -9.0    2.4 10 22 19                       8   8    9 Sc         0   0   5   257 -9.0 -9.00 -9  -0.2  -0.1  -0.2   0.0   1.0  -9 -9.0 -9  3  1
202401010700 108   7  2.1  -9 -9.0   -9 1017.5 1028.4 -9  -9.0   0.4   0.1  98.0   6.2   -9.0   -9.0   -9.0   -9.0   -9.0   -9.0    2.4 10  0 19                       4   4   13 Sc         0   0   5   623 -9.0 -9.00 -9  -0.2  -0.1  -0.2   0.0   1.0  -9 -9.0 -9  3  1
202401010800 108   7  0.8  -9 -9.0   -9 1017.9 1028.8 -9  -9.0   0.2   0.0  98.0   6.1   -9.0   -9.0   -9.0   -9.0   -9.0   -9.0    2.4 10  0 19                       4   4   14 Sc         0   0   5   626  0.0  0.00 -9  -0.3  -0.1  -0.2   0.1   1.0  -9 -9.0 -9  3  1
202401010900 108   5  1.3  -9 -9.0   -9 1018.2 1029.1  2   1.0   0.6   0.4  99.0   6.3   -9.0   -9.0   -9.0   -9.0   -9.0   -9.0    2.4 10 11 19                       1   1   14 Sc         0   0   5   587  0.5  0.27 -9  -0.3  -0.1  -0.2   0.1   1.0  -9 -9.0 -9  3  1
202401011000 108   7  1.4  -9 -9.0   -9 1018.6 1029.4 -9  -9.0   2.4   1.6  95.0   6.9   -9.0   -9.0   -9.0   -9.0   -9.0   -9.0    2.4 -9 -9 19                       1   0   -9 Ci         1   0   0  1140  1.0  0.82 -9  -0.2  -0.3  -0.2   0.1   1.0  -9 -9.0 -9  3  2
202401011100 108   7  2.0  -9 -9.0   -9 1018.3 1029.0 -9  -9.0   4.4   1.5  82.0   6.8   -9.0   -9.0   -9.0   -9.0   -9.0   -9.0    2.2 -9 -9 -                        2   0   -9 Ci         1   0   0  1519  1.0  1.36 -9  -0.2  -0.2  -0.2   0.1   1.0  -9 -9.0 -9  3  2
202401011200 108   9  2.3  -9 -9.0   -9 1017.7 1028.4  8  -0.7   5.7   1.2  73.0   6.7   -9.0   -9.0   -9.0   -9.0   -9.0   -9.0    1.7 -9 -9 -                        4   0   -9 Ci         1   0   0  1555  1.0  1.70 -9  -0.2  -0.1  -0.2   0.1   1.0  -9 -9.0 -9  3  2
202401011300 108  11  1.6  -9 -9.0   -9 1016.6 1027.2 -9  -9.0   7.3   2.1  70.0   7.1   -9.0   -9.0   -9.0   -9.0   -9.0   -9.0    0.9 -9 -9 -                        7   7   14 Sc         0   0   5  1612  0.8  1.87 -9  -0.2  -0.1  -0.2   0.1   1.0  -9 -9.0 -9  3  2
202401011400 108  18  2.1  -9 -9.0   -9 1015.8 1026.4 -9  -9.0   6.5   1.0  68.0   6.6   -9.0   -9.0   -9.0   -9.0   -9.0   -9.0    0.5 -9 -9 -                        9   9    8 Sc         0   0   5  1838  0.0  0.65 -9  -0.1  -0.1  -0.2   0.1   1.0  -9 -9.0 -9  3  2
202401011500 108  16  1.2  -9 -9.0   -9 1015.4 1026.0  7  -2.4   6.4   0.9  68.0   6.5   -9.0   -9.0   -9.0   -9.0   -9.0   -9.0    0.2 -9 -9 -                        9   9    8 Sc         0   0   5  1743  0.0  0.50 -9   0.0  -0.1  -0.2   0.1   1.0  -9 -9.0 -9  3  2
202401011600 108  18  2.2  -9 -9.0   -9 1015.3 1026.0 -9  -9.0   5.8   0.3  68.0   6.2   -9.0   -9.0   -9.0   -9.0   -9.0   -9.0   -9.0 -9 -9 -                        9   9   10 Sc         0   0   5  2206  0.0  0.18 -9   0.0   0.0  -0.2   0.1   1.0  -9 -9.0 -9  3  2
202401011700 108  20  2.3  -9 -9.0   -9 1015.0 1025.7 -9  -9.0   5.5   0.6  71.0   6.4   -9.0   -9.0   -9.0   -9.0   -9.0   -9.0   -9.0 -9 -9 -                        9   9    8 Sc         0   0   5  1749  0.0  0.08 -9   0.0   0.0  -0.2   0.1   1.0  -9 -9.0 -9  3  2
202401011800 108  23  1.1  -9 -9.0   -9 1015.0 1025.7  6  -0.3   4.9   0.0  71.0   6.1   -9.0   -9.0   -9.0   -9.0   -9.0   -9.0   -9.0 -9 -9 -                        9   9   10 Sc         0   0   5  1845  0.0  0.01 -9  -0.1   0.0  -0.2   0.1   1.0  -9 -9.0 -9  3  2
202401011900 108  27  1.3  -9 -9.0   -9 1014.7 1025.4 -9  -9.0   4.6   0.0  72.0   6.1   -9.0   -9.0   -9.0   -9.0   -9.0   -9.0   -9.0 -9 -9 -                        9   9   10 -         -9  -9  -9  1508 -9.0 -9.00 -9  -0.1   0.0  -0.2   0.1   1.0  -9 -9.0 -9  3  2
202401012000 108  27  1.3  -9 -9.0   -9 1014.6 1025.3 -9  -9.0   4.4   0.3  75.0   6.2   -9.0   -9.0   -9.0   -9.0   -9.0   -9.0   -9.0 -9 -9 -                        1   1    9 -         -9  -9  -9  1317 -9.0 -9.00 -9  -0.1   0.0  -0.2   0.1   1.0  -9 -9.0 -9  3 -9
202401012100 108  29  1.7  -9 -9.0   -9 1014.5 1025.2  7  -0.5   4.3   0.6  77.0   6.4    0.0    0.0    0.0   -9.0   -9.0   -9.0   -9.0 21 62 01                       9   9   10 Sc         0   0   5  1116 -9.0 -9.00 -9  -0.1   0.0  -0.2   0.1   1.0  -9 -9.0 -9  1  1
202401012200 108  25  1.5  -9 -9.0   -9 1014.6 1025.3 -9  -9.0   4.1   0.7  79.0   6.4   -9.0    0.0    0.0   -9.0   -9.0   -9.0   -9.0 60 62 1901                     9   9   10 Sc         0   0   5   913 -9.0 -9.00 -9   0.0   0.0  -0.2   0.1   1.0  -9 -9.0 -9  4  1
202401012300 108  27  2.0  -9 -9.0   -9 1014.4 1025.1 -9  -9.0   3.9   1.1  82.0   6.6   -9.0    0.0    0.0   -9.0   -9.0   -9.0   -9.0 60 66 1901                     9   9   10 Sc         0   0   5   737 -9.0 -9.00 -9   0.0   0.0  -0.2   0.1   1.0  -9 -9.0 -9  4  1
202401020000 108  29  1.7  -9 -9.0   -9 1014.2 1024.9  8  -0.3   3.7   0.9  82.0   6.5    0.0    0.0    0.0   -9.0   -9.0   -9.0   -9.0 61 66 1901                    10   9    7 StNs      -9   2   7   664 -9.0 -9.00 -9  -0.1   0.0  -0.2   0.1   1.0  -9 -9.0 -9  4  1
202401020100 108  27  1.1  -9 -9.0   -9 1013.6 1024.3 -9  -9.0   3.5   1.2  85.0   6.7   -9.0    0.0    0.0   -9.0   -9.0   -9.0   -9.0 60 66 1901                    10   9   10 ScAs      -9   2   5   497 -9.0 -9.00 -9  -0.1   0.0  -0.2   0.1   1.0  -9 -9.0 -9  4  1
202401020200 108  27  2.0  -9 -9.0   -9 1013.5 1024.2 -9  -9.0   3.3   1.1  86.0   6.6   -9.0    0.0    0.0   -9.0   -9.0   -9.0   -9.0 21 62 1901                     9   9    8 Sc         0   0   5   484 -9.0 -9.00 -9   0.0   0.0  -0.2   0.1   1.0  -9 -9.0 -9  4  1
202401020300 108  27  2.2  -9 -9.0   -9 1013.5 1024.2  6  -0.7   3.0  -0.1  80.0   6.1    0.0    0.0    0.0   -9.0   -9.0   -9.0   -9.0 10 62 19                       8   8   13 Sc         0   0   5   715 -9.0 -9.00 -9  -0.2   0.0  -0.2   0.1   1.0  -9 -9.0 -9  3  1
202401020400 108   0  0.4  -9 -9.0   -9 1012.9 1023.6 -9  -9.0   2.8   0.0  82.0   6.1   -9.0    0.0    0.0   -9.0   -9.0   -9.0   -9.0 10 22 19                       8   8   13 Sc         0   0   5   576 -9.0 -9.00 -9  -0.2   0.0  -0.2   0.1   1.0  -9 -9.0 -9  3  1
202401020500 108   0  0.1  -9 -9.0   -9 1012.3 1023.1 -9  -9.0   2.4   0.0  84.0   6.1   -9.0    0.0    0.0   -9.0   -9.0   -9.0   -9.0 10 22 19                       8   8   13 Sc         0   0   5   568 -9.0 -9.00 -9  -0.1   0.0  -0.2   0.1   1.0  -9 -9.0 -9  3  1
202401020600 108  34  0.6  -9 -9.0   -9 1012.2 1023.0  7  -1.2   2.3  -0.1  84.0   6.1   -9.0    0.0    0.0   -9.0   -9.0   -9.0   -9.0 10 22 19                       9   9    8 Sc         0   0   5   560 -9.0 -9.00 -9  -0.1   0.0  -0.2   0.1   1.0  -9 -9.0 -9  3  1
202401020700 108   0  0.3  -9 -9.0   -9 1012.3 1023.1 -9  -9.0   2.2  -0.5  82.0   5.9   -9.0    0.0    0.0   -9.0   -9.0   -9.0   -9.0 10 22 19                       9   9    7 Sc         0   0   5   633 -9.0 -9.00 -9  -0.1   0.0  -0.2   0.1   1.0  -9 -9.0 -9  3  1
202401020800 108  29  1.4  -9 -9.0   -9 1012.4 1023.2 -9  -9.0   2.3  -1.3  77.0   5.6   -9.0    0.0    0.0   -9.0   -9.0   -9.0   -9.0 21 62 1901                     9   9    7 Sc         0   0   5   855  0.0  0.00 -9  -0.1   0.0  -0.2   0.1   1.0  -9 -9.0 -9  4  1
202401020900 108  27  1.8  -9 -9.0   -9 1012.6 1023.4  2   0.4   2.3  -1.6  75.0   5.4    0.0    0.0    0.0   -9.0   -9.0   -9.0   -9.0 -9 62 19                       9   9    7 Sc         0   0   5  1116  0.0  0.12 -9  -0.1   0.0  -0.2   0.1   1.0  -9 -9.0 -9  3  1
202401021000 108  25  2.2  -9 -9.0   -9 1012.8 1023.5 -9  -9.0   2.7  -1.4  74.0   5.5   -9.0    0.0    0.0   -9.0   -9.0   -9.0   -9.0 -9 -9 -                        9   9    8 Sc         0   0   5  1127  0.0  0.26 -9  -0.1   0.0  -0.2   0.1   1.0  -9 -9.0 -9  3  2
202401021100 108  29  1.6  -9 -9.0   -9 1012.4 1023.1 -9  -9.0   3.1  -1.2  73.0   5.6   -9.0    0.0    0.0   -9.0   -9.0   -9.0   -9.0 -9 -9 -                        9   9    8 Sc         0   0   5  1035  0.0  0.40 -9   0.7   0.0  -0.2   0.1   1.0  -9 -9.0 -9  3  2
202401021200 108  29  1.7  -9 -9.0   -9 1011.8 1022.5  8  -0.9   3.6  -0.9  72.0   5.7   -9.0    0.0    0.0   -9.0   -9.0   -9.0   -9.0  5 22 40                       9   9    7 Sc         0   0   5   967  0.0  0.60 -9   1.4   0.0  -0.2   0.1   1.0  -9 -9.0 -9  3  1
202401021300 108  27  1.7  -9 -9.0   -9 1011.2 1021.9 -9  -9.0   4.0  -1.3  68.0   5.6   -9.0    0.0    0.0   -9.0   -9.0   -9.0   -9.0 -9 -9 40                       9   9   10 Sc         0   0   5  1336  0.0  0.63 -9   2.5   0.0  -0.2   0.1   1.0  -9 -9.0 -9  3  2
202401021400 108  27  1.7  -9 -9.0   -9 1010.7 1021.4 -9  -9.0   4.1  -2.3  63.0   5.2   -9.0    0.0    0.0   -9.0   -9.0   -9.0   -9.0 -9 -9 -                        9   9   10 Sc         0   0   5  1482  0.0  0.63 -9   2.4   0.0  -0.2   0.1   1.0  -9 -9.0 -9  3  2
202401021500 108  27  2.4  -9 -9.0   -9 1010.6 1021.3  7  -1.2   3.9  -2.7  62.0   5.0   -9.0    0.0    0.0   -9.0   -9.0   -9.0   -9.0 -9 -9 -                        9   4   10 ScCi       2   0   5  2241  0.1  0.51 -9   1.7   0.0  -0.2   0.1   1.0  -9 -9.0 -9  3  2
202401021600 108  29  1.9  -9 -9.0   -9 1010.4 1021.1 -9  -9.0   4.0  -2.6  62.0   5.0   -9.0    0.0    0.0   -9.0   -9.0   -9.0   -9.0 -9 -9 -                        9   9   11 Sc         0   0   5  2014  0.2  0.50 -9   1.4   0.0  -0.2   0.1   1.0  -9 -9.0 -9  3  2
202401021700 108  27  1.2  -9 -9.0   -9 1010.1 1020.8 -9  -9.0   3.5  -2.8  63.0   5.0   -9.0    0.0    0.0   -9.0   -9.0   -9.0   -9.0 -9 -9 -                        9   9   12 Sc         0   0   5  1988  0.0  0.21 -9  -0.2   0.0  -0.2   0.1   1.0  -9 -9.0 -9  3  2
202401021800 108  29  1.2  -9 -9.0   -9 1010.4 1021.1  5  -0.2   3.2  -2.9  64.0   4.9   -9.0    0.0    0.0   -9.0   -9.0   -9.0   -9.0 -9 -9 -                        9   9   11 Sc         0   0   5  1922  0.0  0.01 -9  -0.1   0.0  -0.2   0.1   1.0  -9 -9.0 -9  3  2
202401021900 108  29  1.6  -9 -9.0   -9 1010.3 1021.0 -9  -9.0   2.9  -2.0  70.0   5.3   -9.0    0.0    0.0   -9.0   -9.0   -9.0   -9.0 -9 -9 -                       10   3   12 -         -9  -9  -9  1724 -9.0 -9.00 -9  -0.1   0.0  -0.2   0.1   1.0  -9 -9.0 -9  3 -9
202401022000 108  32  1.3  -9 -9.0   -9 1010.4 1021.1 -9  -9.0   2.4  -2.5  70.0   5.1   -9.0    0.0    0.0   -9.0   -9.0   -9.0   -9.0 -9 -9 -                       10   1   51 -         -9  -9  -9  1756 -9.0 -9.00 -9  -0.1   0.0  -0.2   0.1   1.0  -9 -9.0 -9  3 -9
202401022100 108  29  2.1  -9 -9.0   -9 1010.4 1021.1  4   0.0   2.3  -2.2  72.0   5.2   -9.0    0.0    0.0   -9.0   -9.0   -9.0   -9.0 -9 -9 -                        9   2   12 ScCi       2   0   5  1932 -9.0 -9.00 -9  -0.1   0.0  -0.2   0.1   1.0  -9 -9.0 -9  3  2
202401022200 108  29  2.0  -9 -9.0   -9 1010.1 1020.8 -9  -9.0   2.3  -2.2  72.0   5.2   -9.0    0.0    0.0   -9.0   -9.0   -9.0   -9.0 -9 -9 -                       10  10   11 -         -9  -9  -9  1840 -9.0 -9.00 -9  -0.1   0.0  -0.2   0.1   1.0  -9 -9.0 -9  3 -9
202401022300 108  29  1.2  -9 -9.0   -9 1009.9 1020.6 -9  -9.0   2.3  -2.0  73.0   5.3   -9.0    0.0    0.0   -9.0   -9.0   -9.0   -9.0 -9 -9 -                       10  10   11 -         -9  -9  -9  1797 -9.0 -9.00 -9  -0.1   0.0  -0.2   0.1   1.0  -9 -9.0 -9  3 -9
202401030000 108  34  1.7  -9 -9.0   -9 1009.6 1020.3  7  -0.8   2.4  -2.1  72.0   5.2   -9.0    0.0    0.0   -9.0   -9.0   -9.0   -9.0 -9 -9 -                        9   9   11 Sc         0   0   5  1849 -9.0 -9.00 -9  -0.1   0.0  -0.2   0.1   1.0  -9 -9.0 -9  3  2
202401030100 108  34  1.6  -9 -9.0   -9 1009.3 1020.0 -9  -9.0   2.3  -1.8  74.0   5.4   -9.0   -9.0   -9.0   -9.0   -9.0   -9.0   -9.0 -9 -9 -                       10  10   11 -         -9  -9  -9  1954 -9.0 -9.00 -9  -0.2   0.0  -0.2   0.2   1.0  -9 -9.0 -9  3 -9
202401030200 108  34  1.0  -9 -9.0   -9 1008.9 1019.6 -9  -9.0   2.2  -1.9  74.0   5.3   -9.0   -9.0   -9.0   -9.0   -9.0   -9.0   -9.0 -9 -9 -                       10  10   11 -         -9  -9  -9  1986 -9.0 -9.00 -9  -0.2   0.0  -0.2   0.2   1.0  -9 -9.0 -9  3 -9
202401030300 108   0  0.3  -9 -9.0   -9 1008.9 1019.6  6  -0.7   2.1  -1.8  75.0   5.4   -9.0   -9.0   -9.0   -9.0   -9.0   -9.0   -9.0 -9 -9 -                        9   9   10 Sc         0   0   5  1767 -9.0 -9.00 -9  -0.2   0.0  -0.2   0.2   1.0  -9 -9.0 -9  3  2
202401030400 108   0  0.4  -9 -9.0   -9 1008.3 1019.0 -9  -9.0   2.0  -1.6  77.0   5.4   -9.0   -9.0   -9.0   -9.0   -9.0   -9.0   -9.0 -9 -9 -                        9   9    8 Sc         0   0   5  1791 -9.0 -9.00 -9  -0.2   0.0  -0.2   0.2   1.0  -9 -9.0 -9  3  2
202401030500 108  29  0.9  -9 -9.0   -9 1007.9 1018.6 -9  -9.0   2.2  -1.4  77.0   5.5   -9.0   -9.0   -9.0   -9.0   -9.0   -9.0   -9.0 -9 -9 -                        9   9    7 Sc         0   0   5  1625 -9.0 -9.00 -9  -0.2   0.0  -0.2   0.2   1.0  -9 -9.0 -9  3  2
202401030600 108  29  0.7  -9 -9.0   -9 1007.7 1018.4  7  -1.2   2.2  -1.2  78.0   5.6   -9.0   -9.0   -9.0   -9.0   -9.0   -9.0   -9.0 -9 -9 -                        9   9    7 Sc         0   0   5  1359 -9.0 -9.00 -9  -0.2   0.0  -0.2   0.2   1.0  -9 -9.0 -9  3  2
202401030700 108  27  0.8  -9 -9.0   -9 1007.7 1018.4 -9  -9.0   2.2  -1.2  78.0   5.6   -9.0    0.0    0.0   -9.0   -9.0   -9.0   -9.0 60 62 01                      10   6    8 ScAs      -9   2   5  1171 -9.0 -9.00 -9  -0.2   0.0  -0.2   0.2   1.0  -9 -9.0 -9  4  1
202401030800 108  27  1.5  -9 -9.0   -9 1007.7 1018.4 -9  -9.0   2.3  -0.8  80.0   5.8   -9.0    0.0    0.0   -9.0   -9.0   -9.0   -9.0 60 66 1901                    10   9    8 ScAs      -9   2   5   874  0.0  0.00 -9  -0.1   0.0  -0.2   0.2   1.0  -9 -9.0 -9  4  1
202401030900 108  27  2.0  -9 -9.0   -9 1008.2 1018.9  2   0.5   2.1  -0.1  85.0   6.1    0.1    0.1    0.1   -9.0   -9.0   -9.0   -9.0 60 66 1901                    10   7    9 ScAs      -9   2   5   424  0.0  0.02 -9  -0.1   0.0  -0.2   0.2   1.0  -9 -9.0 -9  1  1
202401031000 108  25  1.0  -9 -9.0   -9 1008.3 1019.0 -9  -9.0   1.8   0.3  90.0   6.2   -9.0    0.6    0.6   -9.0   -9.0   -9.0   -9.0 60 86 191001                  10   8    7 ScAs      -9   2   5   339  0.0  0.12 -9  -0.1   0.0  -0.2   0.2   1.0  -9 -9.0 -9  4  1
202401031100 108  18  1.6  -9 -9.0   -9 1007.7 1018.4 -9  -9.0   2.4   0.7  89.0   6.4   -9.0    0.6    0.6   -9.0   -9.0   -9.0   -9.0 21 62 1901                    10   8    8 ScAs      -9   2   5   486  0.0  0.40 -9  -0.1   0.0  -0.2   0.2   1.0  -9 -9.0 -9  4  1
202401031200 108  18  1.4  -9 -9.0   -9 1007.4 1018.1  8  -0.8   3.0   1.3  89.0   6.7    0.5    0.6    0.6   -9.0   -9.0   -9.0   -9.0 10 86 19                      10   7    9 ScAs      -9   2   5   405  0.0  0.38 -9   0.3   0.0  -0.2   0.2   1.0  -9 -9.0 -9  3  1
202401031300 108  29  1.0  -9 -9.0   -9 1006.6 1017.2 -9  -9.0   3.8   1.3  84.0   6.7   -9.0    0.6    0.6   -9.0   -9.0   -9.0   -9.0 60 62 1901                    10   8    7 ScAs      -9   2   5   445  0.0  0.52 -9   3.1   0.0  -0.2   0.2   1.0  -9 -9.0 -9  4  1
202401031400 108  32  2.8  -9 -9.0   -9 1006.5 1017.1 -9  -9.0   3.4   1.1  85.0   6.6   -9.0    0.6    0.6   -9.0   -9.0   -9.0   -9.0 60 66 1901                    10   8    7 ScAs      -9   2   5   413  0.0  0.43 -9   2.4   0.0  -0.1   0.2   1.0  -9 -9.0 -9  4  1
202401031500 108  36  2.2  -9 -9.0   -9 1006.7 1017.4  5  -0.7   3.2   0.5  83.0   6.3    0.0    0.6    0.6   -9.0   -9.0   -9.0   -9.0 21 86 1901                     9   5   10 ScAs       0   2   5   676  0.0  0.47 -9   3.0   0.0  -0.1   0.2   1.0  -9 -9.0 -9  4  1
202401031600 108  32  2.5  -9 -9.0   -9 1007.2 1017.8 -9  -9.0   3.7  -0.3  75.0   6.0   -9.0    0.6    0.6   -9.0   -9.0   -9.0   -9.0 -9 -9 19                       8   8    9 Sc         0   0   5  1212  0.4  0.58 -9   2.4   0.0  -0.1   0.2   1.0  -9 -9.0 -9  3  2
202401031700 108  32  2.7  -9 -9.0   -9 1007.8 1018.5 -9  -9.0   3.0  -0.6  77.0   5.8   -9.0    0.6    0.6   -9.0   -9.0   -9.0   -9.0 -9 -9 -                        0   0   -9 -         -9  -9  -9  1013  0.8  0.38 -9   0.0   0.0  -0.1   0.2   1.0  -9 -9.0 -9  3  2
202401031800 108  27  2.5  -9 -9.0   -9 1008.7 1019.4  2   2.0   2.3  -0.4  82.0   5.9   -9.0    0.6    0.6   -9.0   -9.0   -9.0   -9.0 10  0 19                       1   1   10 Sc         0   0   5   820  0.0  0.02 -9  -0.1   0.0  -0.1   0.2   1.0  -9 -9.0 -9  3  1
202401031900 108  25  1.0  -9 -9.0   -9 1009.2 1020.0 -9  -9.0   1.7  -1.0  82.0   5.7   -9.0    0.6    0.6   -9.0   -9.0   -9.0   -9.0 -9 -9 19                       0   0   -9 -         -9  -9  -9   788 -9.0 -9.00 -9  -0.1   0.0  -0.1   0.2   1.0  -9 -9.0 -9  3  2
202401032000 108  27  3.0  -9 -9.0   -9 1009.7 1020.5 -9  -9.0   1.3  -2.1  78.0   5.2   -9.0    0.6    0.6   -9.0   -9.0   -9.0   -9.0 -9 -9 19                       0   0   -9 -         -9  -9  -9   941 -9.0 -9.00 -9  -0.2   0.0  -0.1   0.2   1.0  -9 -9.0 -9  3  2
202401032100 108  27  2.1  -9 -9.0   -9 1010.2 1021.0  2   1.6   0.6  -3.6  73.0   4.7   -9.0    0.6    0.6   -9.0   -9.0   -9.0   -9.0 -9 -9 19                       0   0   -9 -         -9  -9  -9  1068 -9.0 -9.00 -9  -0.4   0.0  -0.1   0.2   1.0  -9 -9.0 -9  3  2
202401032200 108  34  2.6  -9 -9.0   -9 1010.7 1021.5 -9  -9.0   0.0  -4.0  74.0   4.5   -9.0    0.6    0.6   -9.0   -9.0   -9.0   -9.0 -9 -9 19                       0   0   -9 -         -9  -9  -9   914 -9.0 -9.00 -9  -0.5   0.0  -0.1   0.2   1.0  -9 -9.0 -9  3  2
202401032300 108  27  1.5  -9 -9.0   -9 1011.1 1022.0 -9  -9.0  -0.5  -4.3  75.0   4.4   -9.0    0.6    0.6   -9.0   -9.0   -9.0   -9.0 -9 -9 19                       0   0   -9 -         -9  -9  -9   877 -9.0 -9.00 -9  -0.6   0.0  -0.1   0.2   1.0  -9 -9.0 -9  3  2
202401040000 108  27  0.8  -9 -9.0   -9 1011.3 1022.2  2   1.2  -1.1  -4.4  78.0   4.4   -9.0    0.6    0.6   -9.0   -9.0   -9.0   -9.0 10  0 19                       0   0   -9 -         -9  -9  -9   817 -9.0 -9.00 -9  -0.7   0.0  -0.1   0.2   1.0  -9 -9.0 -9  3  1
202401040100 108  27  0.8  -9 -9.0   -9 1011.5 1022.4 -9  -9.0  -1.5  -4.6  79.0   4.3   -9.0   -9.0   -9.0   -9.0   -9.0   -9.0   -9.0 -9 -9 19                       0   0   -9 -         -9  -9  -9   768 -9.0 -9.00 -9  -0.8   0.0  -0.1   0.2   1.0  -9 -9.0 -9  3  2
202401040200 108  23  0.9  -9 -9.0   -9 1011.5 1022.4 -9  -9.0  -1.9  -4.7  81.0   4.3   -9.0   -9.0   -9.0   -9.0   -9.0   -9.0   -9.0 -9 -9 19                       0   0   -9 -         -9  -9  -9   742 -9.0 -9.00 -9  -1.0   0.0  -0.1   0.2   1.0  -9 -9.0 -9  3  2
202401040300 108  27  0.9  -9 -9.0   -9 1011.7 1022.6  2   0.4  -2.2  -5.1  80.0   4.2   -9.0   -9.0   -9.0   -9.0   -9.0   -9.0   -9.0 10  0 19                       0   0   -9 -         -9  -9  -9   772 -9.0 -9.00 -9  -1.2   0.0  -0.1   0.2   1.0  -9 -9.0 -9  3  1
202401040400 108   0  0.0  -9 -9.0   -9 1011.4 1022.4 -9  -9.0  -2.5  -5.1  82.0   4.2   -9.0   -9.0   -9.0   -9.0   -9.0   -9.0   -9.0 10  0 19                       0   0   -9 -         -9  -9  -9   806 -9.0 -9.00 -9  -1.4   0.0  -0.1   0.2   1.0  -9 -9.0 -9  3  1
202401040500 108   2  1.7  -9 -9.0   -9 1011.5 1022.5 -9  -9.0  -2.7  -5.8  79.0   4.0   -9.0   -9.0   -9.0   -9.0   -9.0   -9.0   -9.0 -9 -9 19                       0   0   -9 -         -9  -9  -9  1073 -9.0 -9.00 -9  -1.6   0.0  -0.1   0.2   1.0  -9 -9.0 -9  3  2
202401040600 108   5  2.1  -9 -9.0   -9 1011.9 1022.9  3   0.3  -3.1  -5.7  82.0   4.0   -9.0   -9.0   -9.0   -9.0   -9.0   -9.0   -9.0 10  0 19                       0   0   -9 -         -9  -9  -9   822 -9.0 -9.00 -9  -1.8   0.0  -0.1   0.2   1.1  -9 -9.0 -9  3  1
202401040700 108   5  2.2  -9 -9.0   -9 1012.2 1023.2 -9  -9.0  -3.2  -5.0  87.0   4.2   -9.0   -9.0   -9.0   -9.0   -9.0   -9.0   -9.0 10  0 19                       0   0   -9 -         -9  -9  -9   649 -9.0 -9.00 -9  -2.0   0.0  -0.1   0.2   1.1  -9 -9.0 -9  3  1
202401040800 108   5  1.5  -9 -9.0   -9 1012.5 1023.5 -9  -9.0  -2.8  -4.6  87.0   4.3   -9.0   -9.0   -9.0   -9.0   -9.0   -9.0   -9.0 10 22 19                       8   8    9 Sc         0   0   5   686  0.0  0.00 -9  -1.2   0.0  -0.1   0.2   1.1  -9 -9.0 -9  3  1
202401040900 108   5  2.6  -9 -9.0   -9 1012.7 1023.6  2   0.7  -1.8  -4.1  84.0   4.5   -9.0   -9.0   -9.0   -9.0   -9.0   -9.0   -9.0 10  0 19                       8   8    9 Sc         0   0   5   705  0.0  0.13 -9  -0.7   0.0  -0.1   0.2   1.1  -9 -9.0 -9  3  1
202401041000 108   5  2.9  -9 -9.0   -9 1013.4 1024.3 -9  -9.0  -0.7  -3.2  83.0   4.8   -9.0   -9.0   -9.0   -9.0   -9.0   -9.0   -9.0 10 22 19                       8   8    9 Sc         0   0   5   677  0.0  0.34 -9  -0.3   0.0  -0.1   0.2   1.1  -9 -9.0 -9  3  1
202401041100 108   5  3.1  -9 -9.0   -9 1013.2 1024.1 -9  -9.0   0.4  -2.6  80.0   5.0   -9.0   -9.0   -9.0   -9.0   -9.0   -9.0   -9.0 10 22 19                       8   8    9 Sc         0   0   5   671  0.0  0.56 -9  -0.2  -0.1  -0.1   0.2   1.1  -9 -9.0 -9  3  1
202401041200 108   5  3.0  -9 -9.0   -9 1012.4 1023.2  8  -0.4   1.4  -2.9  73.0   4.9   -9.0   -9.0   -9.0   -9.0   -9.0   -9.0   -9.0 10 22 19                       8   8   10 Sc         0   0   5   702  0.0  0.95 -9   0.3  -0.1  -0.1   0.2   1.1  -9 -9.0 -9  3  1
202401041300 108   5  2.4  -9 -9.0   -9 1011.6 1022.3 -9  -9.0   2.5  -2.6  69.0   5.0   -9.0   -9.0   -9.0   -9.0   -9.0   -9.0   -9.0  5 22 4019                     8   8    9 Sc         0   0   5   755  0.0  0.96 -9   0.9  -0.2  -0.1   0.2   1.1  -9 -9.0 -9  3  1
202401041400 108   5  1.8  -9 -9.0   -9 1011.0 1021.7 -9  -9.0   3.7  -2.0  66.0   5.3   -9.0   -9.0   -9.0   -9.0   -9.0   -9.0   -9.0  5 22 40                       7   7    9 Sc         0   0   5   914  0.2  0.95 -9   1.9  -0.3  -0.1   0.2   1.1  -9 -9.0 -9  3  1
202401041500 108   2  1.5  -9 -9.0   -9 1010.1 1020.8  7  -2.4   4.0  -1.9  65.0   5.3   -9.0   -9.0   -9.0   -9.0   -9.0   -9.0   -9.0  5 22 40                       8   8    9 Sc         0   0   5   920  0.0  0.63 -9   1.1  -0.2  -0.1   0.2   1.1  -9 -9.0 -9  3  1
202401041600 108  18  2.4  -9 -9.0   -9 1010.0 1020.6 -9  -9.0   4.7  -1.3  65.0   5.6   -9.0   -9.0   -9.0   -9.0   -9.0   -9.0   -9.0 -9 -9 40                       7   7    9 Sc         0   0   5  1117  0.2  0.49 -9   1.0  -0.2  -0.1   0.2   1.1  -9 -9.0 -9  3  2
202401041700 108  20  2.3  -9 -9.0   -9 1010.2 1020.8 -9  -9.0   4.4  -1.6  65.0   5.4   -9.0   -9.0   -9.0   -9.0   -9.0   -9.0   -9.0 -9 -9 -                        8   8   10 Sc         0   0   5  1116  0.1  0.20 -9   0.1  -0.2  -0.1   0.2   1.1  -9 -9.0 -9  3  2
202401041800 108  20  2.8  -9 -9.0   -9 1009.9 1020.5  7  -0.3   4.5  -1.1  67.0   5.6   -9.0   -9.0   -9.0   -9.0   -9.0   -9.0   -9.0 -9 -9 -                        8   8   12 Sc         0   0   5  1060  0.0  0.01 -9  -0.1  -0.2  -0.1   0.2   1.1  -9 -9.0 -9  3  2
202401041900 108  14  1.8  -9 -9.0   -9 1009.7 1020.3 -9  -9.0   4.2  -0.7  70.0   5.8   -9.0   -9.0   -9.0   -9.0   -9.0   -9.0   -9.0 -9 -9 40                       6   6   11 -         -9  -9  -9   997 -9.0 -9.00 -9  -0.1  -0.2  -0.1   0.3   1.1  -9 -9.0 -9  3  2
202401042000 108  16  1.4  -9 -9.0   -9 1009.6 1020.2 -9  -9.0   4.2  -0.9  69.0   5.7   -9.0   -9.0   -9.0   -9.0   -9.0   -9.0   -9.0 -9 -9 40                       3   3    9 -         -9  -9  -9   933 -9.0 -9.00 -9  -0.2  -0.2  -0.1   0.3   1.1  -9 -9.0 -9  3  2
202401042100 108  16  2.0  -9 -9.0   -9 1009.4 1020.0  7  -0.5   4.4  -0.6  70.0   5.8   -9.0   -9.0   -9.0   -9.0   -9.0   -9.0   -9.0  5 22 40                       8   8   11 Sc         0   0   5   841 -9.0 -9.00 -9  -0.1  -0.2   0.0   0.3   1.1  -9 -9.0 -9  3  1
202401042200 108  14  2.2  -9 -9.0   -9 1009.2 1019.8 -9  -9.0   4.5  -0.3  71.0   6.0   -9.0   -9.0   -9.0   -9.0   -9.0   -9.0   -9.0 -9 -9 40                       0   0   -9 -         -9  -9  -9   842 -9.0 -9.00 -9   0.0  -0.2   0.0   0.3   1.1  -9 -9.0 -9  3  2
202401042300 108  14  1.8  -9 -9.0   -9 1009.1 1019.7 -9  -9.0   4.5  -0.3  71.0   6.0   -9.0   -9.0   -9.0   -9.0   -9.0   -9.0   -9.0 -9 -9 40                       8   8    7 -         -9  -9  -9   835 -9.0 -9.00 -9   0.1  -0.2   0.0   0.3   1.1  -9 -9.0 -9  3  2
202401050000 108   2  2.4  -9 -9.0   -9 1008.9 1019.5  7  -0.5   4.1  -0.3  73.0   6.0   -9.0   -9.0   -9.0   -9.0   -9.0   -9.0   -9.0  5 22 40                       9   9   10 Sc         0   0   5   765 -9.0 -9.00 -9   0.1  -0.2   0.0   0.3   1.1  -9 -9.0 -9  3  1
202401050100 108   2  1.5  -9 -9.0   -9 1008.8 1019.5 -9  -9.0   3.7  -0.3  75.0   6.0   -9.0   -9.0   -9.0   -9.0   -9.0   -9.0   -9.0 -9 -9 40                       0   0   -9 -         -9  -9  -9   738 -9.0 -9.00 -9  -0.2  -0.2   0.0   0.3   1.1  -9 -9.0 -9  3  2
202401050200 108   2  1.6  -9 -9.0   -9 1008.7 1019.4 -9  -9.0   3.1  -0.1  79.0   6.1   -9.0   -9.0   -9.0   -9.0   -9.0   -9.0   -9.0 -9 -9 40                       5   5    8 -         -9  -9  -9   694 -9.0 -9.00 -9  -0.2  -0.1   0.0   0.3   1.1  -9 -9.0 -9  3  2
202401050300 108   5  1.4  -9 -9.0   -9 1008.8 1019.5  4   0.0   2.8  -0.3  80.0   6.0   -9.0   -9.0   -9.0   -9.0   -9.0   -9.0   -9.0 10 22 4019                     8   8   11 Sc         0   0   5   678 -9.0 -9.00 -9  -0.2  -0.1   0.0   0.3   1.1  -9 -9.0 -9  3  1
202401050400 108   2  2.0  -9 -9.0   -9 1008.3 1019.0 -9  -9.0   3.0   0.2  82.0   6.2   -9.0   -9.0   -9.0   -9.0   -9.0   -9.0   -9.0 10 22 19                       9   9    8 Sc         0   0   5   640 -9.0 -9.00 -9  -0.2  -0.1   0.0   0.3   1.1  -9 -9.0 -9  3  1
202401050500 108   9  1.0  -9 -9.0   -9 1008.1 1018.8 -9  -9.0   3.4   0.7  83.0   6.4   -9.0   -9.0   -9.0   -9.0   -9.0   -9.0   -9.0 10 22 19                       9   9   10 Sc         0   0   5   641 -9.0 -9.00 -9  -0.2  -0.1   0.0   0.3   1.1  -9 -9.0 -9  3  1
202401050600 108  23  2.1  -9 -9.0   -9 1008.3 1018.9  5  -0.6   5.0   3.0  87.0   7.6    0.0    0.0    0.0   -9.0   -9.0   -9.0   -9.0 21 62 1901                     9   9    8 Sc         0   0   5   654 -9.0 -9.00 -9   0.1  -0.1   0.0   0.3   1.1  -9 -9.0 -9  4  1
202401050700 108  23  2.1  -9 -9.0   -9 1008.9 1019.5 -9  -9.0   5.4   3.4  87.0   7.8   -9.0    0.0    0.0   -9.0   -9.0   -9.0   -9.0 10 22 19                       9   9   10 Sc         0   0   5   586 -9.0 -9.00 -9   0.7  -0.1   0.0   0.3   1.1  -9 -9.0 -9  3  1
202401050800 108  23  1.3  -9 -9.0   -9 1009.3 1019.9 -9  -9.0   5.0   3.1  88.0   7.6   -9.0    0.0    0.0   -9.0   -9.0   -9.0   -9.0 10 22 19                       9   9   10 Sc         0   0   5   490  0.0  0.00 -9   0.2  -0.1   0.0   0.3   1.1  -9 -9.0 -9  3  1
202401050900 108  25  0.8  -9 -9.0   -9 1009.7 1020.3  2   1.4   5.1   3.2  88.0   7.7   -9.0    0.0    0.0   -9.0   -9.0   -9.0   -9.0 10 62 19                       8   8    9 Sc         0   0   5   436  0.0  0.08 -9   0.8  -0.1   0.0   0.3   1.1  -9 -9.0 -9  3  1
202401051000 108  23  1.3  -9 -9.0   -9 1009.8 1020.4 -9  -9.0   5.8   3.7  87.0   8.0   -9.0    0.0    0.0   -9.0   -9.0   -9.0   -9.0 10  0 19                       1   1    9 Sc         0   0   5   380  0.1  0.34 -9   2.6  -0.1   0.0   0.3   1.1  -9 -9.0 -9  3  1
202401051100 108  23  3.4  -9 -9.0   -9 1010.2 1020.7 -9  -9.0   7.4   3.6  77.0   7.9   -9.0    0.0    0.0   -9.0   -9.0   -9.0   -9.0 10 22 19                       7   7    7 Sc         0   0   5   377  0.9  1.05 -9   6.1  -0.3   0.0   0.3   1.1  -9 -9.0 -9  3  1
202401051200 108  25  2.8  -9 -9.0   -9 1009.5 1020.0  8  -0.3   8.1   2.5  68.0   7.3   -9.0    0.0    0.0   -9.0   -9.0   -9.0   -9.0  5  0 4019                     6   6    6 Sc         0   0   5   394  0.4  1.11 -9   7.4  -0.4   0.0   0.3   1.1  -9 -9.0 -9  3  1
202401051300 108  25  4.4  -9 -9.0   -9 1008.7 1019.2 -9  -9.0   8.3   1.8  64.0   7.0   -9.0    0.0    0.0   -9.0   -9.0   -9.0   -9.0  5  0 40                       4   4    8 Sc         0   0   5   450  0.8  1.38 -9   8.6  -0.4   0.0   0.3   1.1  -9 -9.0 -9  3  1
202401051400 108  20  4.4  -9 -9.0   -9 1008.1 1018.5 -9  -9.0   8.9   1.5  60.0   6.8   -9.0    0.0    0.0   -9.0   -9.0   -9.0   -9.0  5  0 40                       2   2   10 Sc         0   0   5   507  0.9  1.52 -9   8.7  -0.4   0.0   0.3   1.1  -9 -9.0 -9  3  1
202401051500 108  27  3.2  18 10.0 1423 1008.0 1018.4  7  -1.6   9.0   1.6  60.0   6.9   -9.0    0.0    0.0   -9.0   -9.0   -9.0   -9.0  5  0 40                       2   2   10 Sc         0   0   5   509  0.9  1.25 -9   7.5  -0.3   0.0   0.3   1.1  -9 -9.0 -9  3  1
202401051600 108  27  3.2  -9 -9.0   -9 1008.2 1018.7 -9  -9.0   7.9   1.2  63.0   6.7   -9.0    0.0    0.0   -9.0   -9.0   -9.0   -9.0  5  0 40                       1   1   10 Sc         0   0   5   470  1.0  0.68 -9   4.0  -0.4   0.0   0.3   1.1  -9 -9.0 -9  3  1
202401051700 108  27  3.1  -9 -9.0   -9 1008.4 1018.9 -9  -9.0   6.6   0.0  63.0   6.1   -9.0    0.0    0.0   -9.0   -9.0   -9.0   -9.0  5  0 40                       0   0   -9 -         -9  -9  -9   503  0.7  0.33 -9   1.4  -0.3   0.0   0.3   1.1  -9 -9.0 -9  3  1
202401051800 108  27  2.2  -9 -9.0   -9 1008.8 1019.4  2   1.0   5.4   0.5  71.0   6.3   -9.0    0.0    0.0   -9.0   -9.0   -9.0   -9.0  5  0 40                       0   0   -9 -         -9  -9  -9   391  0.0  0.03 -9  -0.2  -0.3   0.0   0.3   1.1  -9 -9.0 -9  3  1
202401051900 108  25  3.1  -9 -9.0   -9 1009.0 1019.6 -9  -9.0   4.3   0.6  77.0   6.4   -9.0    0.0    0.0   -9.0   -9.0   -9.0   -9.0 -9 -9 40                       0   0   -9 -         -9  -9  -9   330 -9.0 -9.00 -9  -0.2  -0.3   0.0   0.3   1.1  -9 -9.0 -9  3  2
202401052000 108  27  2.0  -9 -9.0   -9 1009.4 1020.1 -9  -9.0   3.6   0.8  82.0   6.5   -9.0    0.0    0.0   -9.0   -9.0   -9.0   -9.0 -9 -9 4019                     0   0   -9 -         -9  -9  -9   293 -9.0 -9.00 -9  -0.2  -0.2   0.0   0.3   1.1  -9 -9.0 -9  3  2
202401052100 108  27  2.3  -9 -9.0   -9 1009.7 1020.4  2   1.0   3.1   0.4  83.0   6.3   -9.0    0.0    0.0   -9.0   -9.0   -9.0   -9.0 10  0 19                       0   0   -9 -         -9  -9  -9   415 -9.0 -9.00 -9  -0.2  -0.2   0.0   0.3   1.1  -9 -9.0 -9  3  1
202401052200 108  25  2.2  -9 -9.0   -9 1009.8 1020.5 -9  -9.0   2.7   0.0  82.0   6.1   -9.0    0.0    0.0   -9.0   -9.0   -9.0   -9.0 -9 -9 19                       0   0   -9 -         -9  -9  -9   629 -9.0 -9.00 -9  -0.3  -0.2   0.0   0.3   1.1  -9 -9.0 -9  3  2
202401052300 108  27  1.7  -9 -9.0   -9 1010.0 1020.7 -9  -9.0   2.0  -0.7  82.0   5.8   -9.0    0.0    0.0   -9.0   -9.0   -9.0   -9.0 -9 -9 19                       0   0   -9 -         -9  -9  -9   807 -9.0 -9.00 -9  -0.4  -0.2   0.0   0.3   1.1  -9 -9.0 -9  3  2
202401060000 108  27  2.4  -9 -9.0   -9 1010.1 1020.9  2   0.5   1.4  -1.6  80.0   5.4   -9.0    0.0    0.0   -9.0   -9.0   -9.0   -9.0 10  0 19                       0   0   -9 -         -9  -9  -9   715 -9.0 -9.00 -9  -0.5  -0.2   0.0   0.3   1.1  -9 -9.0 -9  3  1
202401060100 108  27  1.8  -9 -9.0   -9 1010.1 1020.9 -9  -9.0   0.7  -2.5  79.0   5.1   -9.0   -9.0   -9.0   -9.0   -9.0   -9.0   -9.0 -9 -9 19                       0   0   -9 -         -9  -9  -9   942 -9.0 -9.00 -9  -0.6  -0.2   0.0   0.3   1.1  -9 -9.0 -9  3  2
202401060200 108  27  2.1  -9 -9.0   -9 1010.3 1021.1 -9  -9.0  -0.1  -3.3  79.0   4.8   -9.0   -9.0   -9.0   -9.0   -9.0   -9.0   -9.0 -9 -9 19                       0   0   -9 -         -9  -9  -9  1007 -9.0 -9.00 -9  -0.7  -0.2   0.0   0.3   1.1  -9 -9.0 -9  3  2
202401060300 108  25  2.2  -9 -9.0   -9 1010.7 1021.6  2   0.7  -0.7  -4.2  77.0   4.5   -9.0   -9.0   -9.0   -9.0   -9.0   -9.0   -9.0 -9 -9 -                        0   0   -9 -         -9  -9  -9  1253 -9.0 -9.00 -9  -0.9  -0.3   0.0   0.3   1.1  -9 -9.0 -9  3  2
202401060400 108  25  2.0  -9 -9.0   -9 1010.7 1021.6 -9  -9.0  -1.2  -5.9  70.0   3.9   -9.0   -9.0   -9.0   -9.0   -9.0   -9.0   -9.0 -9 -9 -                        0   0   -9 -         -9  -9  -9  2275 -9.0 -9.00 -9  -1.1  -0.3   0.0   0.3   1.1  -9 -9.0 -9  3  2
202401060500 108  27  2.4  -9 -9.0   -9 1010.7 1021.6 -9  -9.0  -1.5  -6.4  69.0   3.8   -9.0   -9.0   -9.0   -9.0   -9.0   -9.0   -9.0 -9 -9 -                        0   0   -9 -         -9  -9  -9  2470 -9.0 -9.00 -9  -1.3  -0.3   0.0   0.3   1.1  -9 -9.0 -9  3  2
202401060600 108  29  1.5  -9 -9.0   -9 1010.9 1021.8  2   0.2  -2.0  -7.1  68.0   3.6   -9.0   -9.0   -9.0   -9.0   -9.0   -9.0   -9.0 -9 -9 -                        0   0   -9 -         -9  -9  -9  3223 -9.0 -9.00 -9  -1.4  -0.2   0.0   0.3   1.1  -9 -9.0 -9  3  2
202401060700 108  29  1.8  -9 -9.0   -9 1011.4 1022.3 -9  -9.0  -2.0  -7.7  65.0   3.4   -9.0   -9.0   -9.0   -9.0   -9.0   -9.0   -9.0 -9 -9 -                        0   0   -9 -         -9  -9  -9  3805 -9.0 -9.00 -9  -1.7  -0.2   0.0   0.3   1.1  -9 -9.0 -9  3  2
202401060800 108  29  1.5  -9 -9.0   -9 1011.8 1022.8 -9  -9.0  -2.5  -7.9  66.0   3.4   -9.0   -9.0   -9.0   -9.0   -9.0   -9.0   -9.0 -9 -9 -                        0   0   -9 -         -9  -9  -9  4082  0.0  0.00 -9  -1.8  -0.2   0.0   0.3   1.1  -9 -9.0 -9  3  2
202401060900 108  29  1.9  -9 -9.0   -9 1012.1 1023.0  2   1.2  -2.0  -8.1  63.0   3.3   -9.0   -9.0   -9.0   -9.0   -9.0   -9.0   -9.0 -9 -9 -                        0   0   -9 -         -9  -9  -9  4238  1.0  0.33 -9  -1.5  -0.2   0.0   0.3   1.1  -9 -9.0 -9  3  2
202401061000 108  27  2.9  -9 -9.0   -9 1012.4 1023.3 -9  -9.0  -0.4  -8.3  55.0   3.3   -9.0   -9.0   -9.0   -9.0   -9.0   -9.0   -9.0 -9 -9 -                        0   0   -9 -         -9  -9  -9  4352  1.0  0.92 -9  -0.3  -0.3   0.0   0.3   1.1  -9 -9.0 -9  3  2
202401061100 108  27  1.8  -9 -9.0   -9 1011.9 1022.7 -9  -9.0   1.1  -8.4  49.0   3.2   -9.0   -9.0   -9.0   -9.0   -9.0   -9.0   -9.0 -9 -9 -                        0   0   -9 -         -9  -9  -9  4180  1.0  1.47 -9   1.4  -0.3   0.0   0.3   1.1  -9 -9.0 -9  3  2
202401061200 108  25  2.3  -9 -9.0   -9 1011.3 1022.0  8  -1.0   2.9  -8.1  44.0   3.3   -9.0   -9.0   -9.0   -9.0   -9.0   -9.0   -9.0 -9 -9 -                        0   0   -9 -         -9  -9  -9  4836  1.0  1.83 -9   4.0  -0.3   0.0   0.3   1.1  -9 -9.0 -9  3  2
202401061300 108  29  2.8  -9 -9.0   -9 1010.9 1021.6 -9  -9.0   3.4  -7.7  44.0   3.4   -9.0   -9.0   -9.0   -9.0   -9.0   -9.0   -9.0 -9 -9 -                        0   0   -9 -         -9  -9  -9  4272  1.0  1.97 -9   6.1  -0.3   0.0   0.3   1.1  -9 -9.0 -9  3  2
202401061400 108  29  3.3  -9 -9.0   -9 1010.3 1021.0 -9  -9.0   4.0  -8.7  39.0   3.2   -9.0   -9.0   -9.0   -9.0   -9.0   -9.0   -9.0 -9 -9 -                        0   0   -9 -         -9  -9  -9  4943  1.0  1.87 -9   7.5  -0.3   0.1   0.3   1.1  -9 -9.0 -9  3  2
202401061500 108  27  3.2  -9 -9.0   -9 1010.1 1020.7  7  -1.3   4.9  -8.9  36.0   3.1   -9.0   -9.0   -9.0   -9.0   -9.0   -9.0   -9.0 -9 -9 -                        0   0   -9 -         -9  -9  -9  4834  1.0  1.57 -9   6.4  -0.3   0.1   0.3   1.1  -9 -9.0 -9  3  2
202401061600 108  27  2.1  -9 -9.0   -9 1009.9 1020.5 -9  -9.0   4.9  -7.5  40.0   3.5   -9.0   -9.0   -9.0   -9.0   -9.0   -9.0   -9.0 -9 -9 -                        0   0   -9 -         -9  -9  -9  4597  1.0  1.01 -9   2.1  -0.2   0.1   0.3   1.1  -9 -9.0 -9  3  2
202401061700 108  25  2.2  -9 -9.0   -9 1010.2 1020.9 -9  -9.0   3.7  -8.0  42.0   3.3   -9.0   -9.0   -9.0   -9.0   -9.0   -9.0   -9.0 -9 -9 -                        3   3   18 Sc         0   0   5  4522  0.7  0.42 -9   0.1  -0.3   0.1   0.4   1.1  -9 -9.0 -9  3  2
202401061800 108  27  1.6  -9 -9.0   -9 1010.5 1021.2  3   0.5   2.9  -7.6  46.0   3.5    0.0    0.0    0.0   -9.0   -9.0   -9.0   -9.0 70 70 05                       8   8   10 Sc         0   0   5  4185  0.0  0.03 -9  -0.2  -0.3   0.1   0.4   1.1  -9 -9.0 -9  4  1
202401061900 108  29  2.6  -9 -9.0   -9 1011.1 1021.9 -9  -9.0   1.4  -2.7  74.0   5.0   -9.0    0.0    0.0   -9.0   -9.0   -9.0   -9.0 71 77 05                      10   8    7 StNs      -9   2   7  1786 -9.0 -9.00 -9  -0.2  -0.3   0.1   0.4   1.1  -9 -9.0 -9  4  1
202401062000 108  36  0.8  -9 -9.0   -9 1011.0 1021.8 -9  -9.0   0.5  -1.2  88.0   5.6   -9.0    0.9    0.9   -9.0   -9.0    2.3    2.3 71 77 05                      10   8    5 StNs      -9   2   7   136 -9.0 -9.00 -9  -0.2  -0.3   0.1   0.4   1.1  -9 -9.0 -9  4  1
202401062100 108  23  1.6  -9 -9.0   -9 1011.1 1021.9  1   0.7   0.4  -0.9  91.0   5.7    2.4    2.4    2.4   -9.0    6.0    6.0    6.0 22 71 1905                     9   9    7 Sc         0   0   5   539 -9.0 -9.00 -9  -0.2  -0.3   0.1   0.4   1.1  -9 -9.0 -9  1  1
202401062200 108  27  1.6  -9 -9.0   -9 1011.2 1022.0 -9  -9.0   0.4  -1.0  90.0   5.7   -9.0    2.4    2.4   -9.0   -9.0    5.9    5.9 -9 -9 19                       7   7    7 -         -9  -9  -9   701 -9.0 -9.00 -9  -0.2  -0.3   0.1   0.4   1.1  -9 -9.0 -9  3  2
202401062300 108  34  1.2  -9 -9.0   -9 1011.7 1022.6 -9  -9.0  -0.1  -1.7  89.0   5.4   -9.0    2.4    2.4   -9.0   -9.0    5.7    5.7 -9 -9 19                       6   6    3 -         -9  -9  -9   850 -9.0 -9.00 -9  -0.2  -0.1   0.1   0.4   1.1  -9 -9.0 -9  3  2
202401070000 108  27  2.5  -9 -9.0   -9 1012.0 1022.9  2   1.0  -0.9  -2.9  86.0   4.9   -9.0    2.4    2.4   -9.0   -9.0    5.6    5.6 10  0 19                       1   1   10 Sc         0   0   5   864 -9.0 -9.00 -9  -0.2  -0.2   0.1   0.4   1.1  -9 -9.0 -9  3  1
202401070100 108  27  2.6  -9 -9.0   -9 1012.1 1023.0 -9  -9.0  -2.1  -5.0  80.0   4.2   -9.0   -9.0   -9.0   -9.0   -9.0   -9.0    5.5 -9 -9 19                       0   0   -9 -         -9  -9  -9  1199 -9.0 -9.00 -9  -0.2  -0.2   0.1   0.4   1.1  -9 -9.0 -9  3  2
202401070200 108  29  1.1  -9 -9.0   -9 1012.3 1023.3 -9  -9.0  -2.7  -5.8  79.0   4.0   -9.0   -9.0   -9.0   -9.0   -9.0   -9.0    5.4 -9 -9 -                        0   0   -9 -         -9  -9  -9  1321 -9.0 -9.00 -9  -0.2  -0.2   0.1   0.4   1.2  -9 -9.0 -9  3  2
202401070300 108   0  0.1  -9 -9.0   -9 1012.7 1023.7  2   0.8  -3.2  -6.1  80.0   3.9   -9.0   -9.0   -9.0   -9.0   -9.0   -9.0    5.3 -9 -9 -                        0   0   -9 -         -9  -9  -9  1357 -9.0 -9.00 -9  -0.2  -0.1   0.1   0.4   1.2  -9 -9.0 -9  3  2
202401070400 108  27  1.9  -9 -9.0   -9 1012.9 1023.9 -9  -9.0  -3.3  -6.1  81.0   3.9   -9.0   -9.0   -9.0   -9.0   -9.0   -9.0    5.0 -9 -9 -                        1   1   10 Sc         0   0   5  1170 -9.0 -9.00 -9  -0.2  -0.1   0.1   0.4   1.2  -9 -9.0 -9  3  2
202401070500 108  27  1.2  -9 -9.0   -9 1012.8 1023.8 -9  -9.0  -3.4  -6.1  81.0   3.9   -9.0   -9.0   -9.0   -9.0   -9.0   -9.0    4.8 -9 -9 -                        1   1   10 Sc         0   0   5  1095 -9.0 -9.00 -9  -0.2  -0.1   0.1   0.4   1.2  -9 -9.0 -9  3  2
202401070600 108  27  3.0  -9 -9.0   -9 1013.5 1024.5  2   0.8  -3.6  -6.7  79.0   3.7   -9.0   -9.0   -9.0   -9.0   -9.0   -9.0    4.6 -9 -9 -                        1   1   10 Sc         0   0   5  1060 -9.0 -9.00 -9  -0.2  -0.1   0.1   0.4   1.2  -9 -9.0 -9  3  2
202401070700 108  29  1.5  -9 -9.0   -9 1014.0 1025.1 -9  -9.0  -4.4  -8.8  71.0   3.1   -9.0   -9.0   -9.0   -9.0   -9.0   -9.0    4.5 -9 -9 -                        0   0   -9 -         -9  -9  -9  1251 -9.0 -9.00 -9  -0.2  -0.1   0.1   0.4   1.2  -9 -9.0 -9  3  2
202401070800 108  27  1.7  -9 -9.0   -9 1014.7 1025.8 -9  -9.0  -4.9 -10.2  66.0   2.8   -9.0   -9.0   -9.0   -9.0   -9.0   -9.0    4.0 -9 -9 -                        0   0   -9 -         -9  -9  -9  1644  0.0  0.00 -9  -0.2  -0.1   0.1   0.4   1.2  -9 -9.0 -9  3  2
202401070900 108  25  3.1  -9 -9.0   -9 1015.5 1026.6  2   2.1  -4.6 -11.8  57.0   2.5   -9.0   -9.0   -9.0   -9.0   -9.0   -9.0    4.0 -9 -9 -                        0   0   -9 -         -9  -9  -9  1832  0.9  0.26 -9  -0.2  -0.1   0.1   0.4   1.2  -9 -9.0 -9  3  2
202401071000 108  27  4.6  -9 -9.0   -9 1016.2 1027.3 -9  -9.0  -3.7 -12.6  50.0   2.3   -9.0   -9.0   -9.0   -9.0   -9.0   -9.0    3.9 -9 -9 -                        0   0   -9 -         -9  -9  -9  1873  1.0  0.89 -9  -0.2  -0.1   0.1   0.4   1.2  -9 -9.0 -9  3  2
202401071100 108  29  5.3  29 11.0 1037 1016.4 1027.4 -9  -9.0  -3.4 -14.5  42.0   2.0   -9.0   -9.0   -9.0   -9.0   -9.0   -9.0    3.5 -9 -9 -                        0   0   -9 -         -9  -9  -9  2530  1.0  1.50 -9  -0.2  -0.2   0.1   0.4   1.2  -9 -9.0 -9  3  2
202401071200 108  27  4.7  29 11.0 1119 1015.7 1026.7  0   0.1  -2.5 -13.1  44.0   2.2   -9.0   -9.0   -9.0   -9.0   -9.0   -9.0    3.2 -9 -9 -                        0   0   -9 -         -9  -9  -9  4180  1.0  1.89 -9  -0.2  -0.1   0.1   0.4   1.2  -9 -9.0 -9  3  2
202401071300 108  29  6.3  29 11.0 1256 1015.2 1026.2 -9  -9.0  -3.0 -15.6  37.0   1.8   -9.0   -9.0   -9.0   -9.0   -9.0   -9.0    2.7 -9 -9 -                        0   0   -9 -         -9  -9  -9  3235  1.0  2.09 -9  -0.2  -0.1   0.1   0.4   1.2  -9 -9.0 -9  3  2
202401071400 108  27  4.0  27 10.0 1323 1014.9 1025.9 -9  -9.0  -2.1 -14.2  39.0   2.0   -9.0   -9.0   -9.0   -9.0   -9.0   -9.0    2.1 -9 -9 -                        0   0   -9 -         -9  -9  -9  4533  1.0  2.01 -9  -0.2  -0.1   0.1   0.4   1.2  -9 -9.0 -9  3  2
202401071500 108  25  4.5  29 11.0 1256 1015.1 1026.1  5  -0.6  -1.8 -14.6  37.0   2.0   -9.0   -9.0   -9.0   -9.0   -9.0   -9.0    1.9 -9 -9 -                        0   0   -9 -         -9  -9  -9  4194  1.0  1.70 -9  -0.2  -0.1   0.1   0.4   1.2  -9 -9.0 -9  3  2
202401071600 108  27  3.3  -9 -9.0   -9 1015.3 1026.3 -9  -9.0  -2.0 -14.7  37.0   2.0   -9.0   -9.0   -9.0   -9.0   -9.0   -9.0    1.8 -9 -9 -                        0   0   -9 -         -9  -9  -9  4186  1.0  1.21 -9  -0.2  -0.1   0.1   0.4   1.2  -9 -9.0 -9  3  2
202401071700 108  29  3.6  -9 -9.0   -9 1015.8 1026.8 -9  -9.0  -3.5 -15.4  39.0   1.8   -9.0   -9.0   -9.0   -9.0   -9.0   -9.0    1.5 -9 -9 -                        0   0   -9 -         -9  -9  -9  4904  1.0  0.53 -9  -0.2  -0.1   0.1   0.4   1.2  -9 -9.0 -9  3  2
202401071800 108  27  3.3  -9 -9.0   -9 1016.1 1027.2  2   1.1  -4.6 -15.0  44.0   1.9   -9.0   -9.0   -9.0   -9.0   -9.0   -9.0    1.5 -9 -9 -                        0   0   -9 -         -9  -9  -9  4624  0.2  0.05 -9  -0.2   0.1   0.1   0.4   1.2  -9 -9.0 -9  3  2
202401071900 108  27  3.6  -9 -9.0   -9 1016.7 1027.8 -9  -9.0  -5.3 -15.1  46.0   1.9   -9.0   -9.0   -9.0   -9.0   -9.0   -9.0    1.5 -9 -9 -                        0   0   -9 -         -9  -9  -9  4736 -9.0 -9.00 -9  -0.3   0.1   0.1   0.4   1.2  -9 -9.0 -9  3  2
202401072000 108  29  2.8  -9 -9.0   -9 1017.1 1028.2 -9  -9.0  -5.8 -14.1  52.0   2.1   -9.0   -9.0   -9.0   -9.0   -9.0   -9.0    1.5 -9 -9 -                        0   0   -9 -         -9  -9  -9  3827 -9.0 -9.00 -9  -0.3   0.1   0.1   0.4   1.2  -9 -9.0 -9  3  2
202401072100 108  29  4.6  -9 -9.0   -9 1017.4 1028.6  2   1.4  -6.7 -14.4  54.0   2.0   -9.0   -9.0   -9.0   -9.0   -9.0   -9.0    1.5 -9 -9 -                        0   0   -9 -         -9  -9  -9  3713 -9.0 -9.00 -9  -0.4   0.1   0.1   0.4   1.2  -9 -9.0 -9  3  2
202401072200 108   9  1.0  -9 -9.0   -9 1017.7 1028.9 -9  -9.0  -7.5 -14.1  59.0   2.1   -9.0   -9.0   -9.0   -9.0   -9.0   -9.0    1.5 -9 -9 -                        0   0   -9 -         -9  -9  -9  3355 -9.0 -9.00 -9  -0.5  -0.1   0.1   0.4   1.2  -9 -9.0 -9  3  2
202401072300 108  34  2.6  -9 -9.0   -9 1017.6 1028.9 -9  -9.0  -8.1 -13.7  64.0   2.1   -9.0   -9.0   -9.0   -9.0   -9.0   -9.0    1.5 -9 -9 -                        0   0   -9 -         -9  -9  -9  3144 -9.0 -9.00 -9  -0.6  -0.1   0.1   0.4   1.2  -9 -9.0 -9  3  2
202401080000 108  32  2.9  -9 -9.0   -9 1017.5 1028.8  0   0.2  -8.3 -13.9  64.0   2.1   -9.0   -9.0   -9.0   -9.0   -9.0   -9.0    1.5 -9 -9 -                        0   0   -9 -         -9  -9  -9  2995 -9.0 -9.00 -9  -0.8  -0.1   0.1   0.4   1.2  -9 -9.0 -9  3  2
202401080100 108  29  3.3  -9 -9.0   -9 1017.4 1028.7 -9  -9.0  -8.5 -14.1  64.0   2.1   -9.0   -9.0   -9.0   -9.0   -9.0   -9.0    1.5 -9 -9 -                        0   0   -9 -         -9  -9  -9  2882 -9.0 -9.00 -9  -1.0  -0.1   0.1   0.4   1.2  -9 -9.0 -9  3  2
202401080200 108  29  2.1  -9 -9.0   -9 1017.6 1028.9 -9  -9.0  -8.9 -14.2  65.0   2.0   -9.0   -9.0   -9.0   -9.0   -9.0   -9.0    1.5 -9 -9 -                        0   0   -9 -         -9  -9  -9  3024 -9.0 -9.00 -9  -1.2  -0.1   0.1   0.4   1.2  -9 -9.0 -9  3  2
202401080300 108  29  0.7  -9 -9.0   -9 1017.7 1029.0  3   0.2  -9.1 -14.6  64.0   2.0   -9.0   -9.0   -9.0   -9.0   -9.0   -9.0    1.5 -9 -9 -                        0   0   -9 -         -9  -9  -9  2996 -9.0 -9.00 -9  -1.5  -0.1   0.1   0.4   1.2  -9 -9.0 -9  3  2
202401080400 108  27  1.7  -9 -9.0   -9 1017.5 1028.8 -9  -9.0  -9.4 -14.5  66.0   2.0   -9.0   -9.0   -9.0   -9.0   -9.0   -9.0    1.5 -9 -9 -                        0   0   -9 -         -9  -9  -9  3118 -9.0 -9.00 -9  -1.7  -0.1   0.1   0.4   1.2  -9 -9.0 -9  3  2
202401080500 108   2  0.5  -9 -9.0   -9 1017.2 1028.5 -9  -9.0  -9.7 -14.6  67.0   2.0   -9.0   -9.0   -9.0   -9.0   -9.0   -9.0    1.5 -9 -9 -                        0   0   -9 -         -9  -9  -9  3183 -9.0 -9.00 -9  -1.9  -0.1   0.1   0.4   1.2  -9 -9.0 -9  3  2
202401080600 108   5  2.2  -9 -9.0   -9 1017.4 1028.8  5  -0.2 -10.1 -15.4  65.0   1.8   -9.0   -9.0   -9.0   -9.0   -9.0   -9.0    1.5 -9 -9 -                        0   0   -9 -         -9  -9  -9  3330 -9.0 -9.00 -9  -2.0  -0.1   0.1   0.4   1.2  -9 -9.0 -9  3  2
202401080700 108   5  1.7  -9 -9.0   -9 1017.5 1028.9 -9  -9.0 -10.1 -15.0  67.0   1.9   -9.0   -9.0   -9.0   -9.0   -9.0   -9.0    1.5 -9 -9 -                        0   0   -9 -         -9  -9  -9  3209 -9.0 -9.00 -9  -2.1  -0.1   0.1   0.4   1.2  -9 -9.0 -9  3  2
202401080800 108   5  1.9  -9 -9.0   -9 1017.5 1028.9 -9  -9.0 -10.1 -14.8  68.0   1.9   -9.0   -9.0   -9.0   -9.0   -9.0   -9.0    1.5 -9 -9 -                        0   0   -9 -         -9  -9  -9  3158  0.0  0.00 -9  -2.3  -0.1   0.1   0.4   1.2  -9 -9.0 -9  3  2
202401080900 108   5  2.7  -9 -9.0   -9 1017.8 1029.1  2   0.3  -9.0 -14.2  66.0   2.0   -9.0   -9.0   -9.0   -9.0   -9.0   -9.0    1.5 -9 -9 -                        0   0   -9 -         -9  -9  -9  3139  1.0  0.33 -9  -2.2  -0.2   0.1   0.4   1.2  -9 -9.0 -9  3  2
202401081000 108  16  2.0  -9 -9.0   -9 1017.9 1029.1 -9  -9.0  -6.3 -14.3  53.0   2.0   -9.0   -9.0   -9.0   -9.0   -9.0   -9.0    1.4 -9 -9 -                        0   0   -9 -         -9  -9  -9  3569  1.0  0.93 -9  -1.0  -0.1   0.1   0.4   1.2  -9 -9.0 -9  3  2
202401081100 108  16  1.3  -9 -9.0   -9 1017.7 1028.8 -9  -9.0  -3.8 -13.2  48.0   2.2   -9.0   -9.0   -9.0   -9.0   -9.0   -9.0    1.4 -9 -9 -                        0   0   -9 -         -9  -9  -9  2961  1.0  1.49 -9  -0.4  -0.2   0.1   0.4   1.2  -9 -9.0 -9  3  2
202401081200 108  16  1.7  -9 -9.0   -9 1016.9 1027.9  7  -1.2  -2.3 -14.1  40.0   2.1   -9.0   -9.0   -9.0   -9.0   -9.0   -9.0    1.2 -9 -9 -                        0   0   -9 -         -9  -9  -9  2898  1.0  1.89 -9  -0.3  -0.2   0.1   0.4   1.2  -9 -9.0 -9  3  2
202401081300 108  18  2.3  -9 -9.0   -9 1016.0 1026.9 -9  -9.0  -0.8 -13.7  37.0   2.1   -9.0   -9.0   -9.0   -9.0   -9.0   -9.0    1.0 -9 -9 -                        0   0   -9 -         -9  -9  -9  3595  1.0  2.06 -9  -0.2  -0.2   0.2   0.4   1.2  -9 -9.0 -9  3  2
202401081400 108  25  1.9  -9 -9.0   -9 1015.2 1026.1 -9  -9.0  -0.6 -14.2  35.0   2.0   -9.0   -9.0   -9.0   -9.0   -9.0   -9.0    0.6 -9 -9 -                        2   0   -9 Ci         1   0   0  3751  1.0  1.96 -9  -0.2  -0.2   0.2   0.4   1.2  -9 -9.0 -9  3  2
202401081500 108  27  2.1  -9 -9.0   -9 1014.5 1025.4  7  -2.5  -0.3 -14.2  34.0   2.0   -9.0   -9.0   -9.0   -9.0   -9.0   -9.0    0.4 -9 -9 -                        7   0   -9 Ci         1   0   0  4013  1.0  1.65 -9  -0.1  -0.2   0.2   0.4   1.2  -9 -9.0 -9  3  2
202401081600 108  27  2.9  -9 -9.0   -9 1014.4 1025.3 -9  -9.0  -0.7 -10.6  47.0   2.7   -9.0   -9.0   -9.0   -9.0   -9.0   -9.0    0.3 -9 -9 -                        7   0   -9 Ci         1   0   0  4074  1.0  0.93 -9  -0.2  -0.2   0.2   0.4   1.2  -9 -9.0 -9  3  2
202401081700 108  25  1.7  -9 -9.0   -9 1014.7 1025.6 -9  -9.0  -1.5 -10.0  52.0   2.9   -9.0   -9.0   -9.0   -9.0   -9.0   -9.0    0.3 -9 -9 -                        8   0   -9 Ci         1   0   0  3458  0.3  0.37 -9  -0.2  -0.1   0.2   0.4   1.2  -9 -9.0 -9  3  2
202401081800 108  27  1.4  -9 -9.0   -9 1014.6 1025.6  1   0.2  -2.2  -8.7  61.0   3.2   -9.0   -9.0   -9.0   -9.0   -9.0   -9.0    0.3 -9 -9 -                        7   0   -9 Ci         1   0   0  3709  0.0  0.04 -9  -0.2  -0.1   0.2   0.5   1.2  -9 -9.0 -9  3  2
202401081900 108  34  0.6  -9 -9.0   -9 1014.4 1025.4 -9  -9.0  -2.6  -8.6  63.0   3.2   -9.0   -9.0   -9.0   -9.0   -9.0   -9.0    0.3 -9 -9 -                        8   8   62 -         -9  -9  -9  3429 -9.0 -9.00 -9  -0.4  -0.2   0.2   0.5   1.2  -9 -9.0 -9  3  2
202401082000 108   5  1.3  -9 -9.0   -9 1014.1 1025.1 -9  -9.0  -3.1  -8.5  66.0   3.2   -9.0   -9.0   -9.0   -9.0   -9.0   -9.0    0.3 -9 -9 -                        5   5   10 -         -9  -9  -9  3156 -9.0 -9.00 -9  -0.5  -0.2   0.2   0.5   1.2  -9 -9.0 -9  3  2
202401082100 108   7  0.7  -9 -9.0   -9 1013.8 1024.8  7  -0.8  -2.9  -7.9  68.0   3.4   -9.0   -9.0   -9.0   -9.0   -9.0   -9.0    0.3 -9 -9 -                        8   8   11 Sc         0   0   5  2985 -9.0 -9.00 -9  -0.5  -0.2   0.2   0.5   1.2  -9 -9.0 -9  3  2
202401082200 108   9  1.1  -9 -9.0   -9 1013.3 1024.3 -9  -9.0  -2.1  -8.0  64.0   3.3   -9.0   -9.0   -9.0   -9.0   -9.0   -9.0    0.3 -9 -9 -                        1   1   11 -         -9  -9  -9  3342 -9.0 -9.00 -9  -0.5  -0.2   0.2   0.5   1.2  -9 -9.0 -9  3  2
202401082300 108   2  1.7  -9 -9.0   -9 1013.2 1024.2 -9  -9.0  -2.2  -7.9  65.0   3.4   -9.0   -9.0   -9.0   -9.0   -9.0   -9.0    0.3 -9 -9 -                        7   7    8 -         -9  -9  -9  3014 -9.0 -9.00 -9  -0.5  -0.2   0.2   0.5   1.2  -9 -9.0 -9  3  2
202401090000 108   5  1.9  -9 -9.0   -9 1013.2 1024.1  7  -0.7  -1.9  -7.8  64.0   3.4   -9.0   -9.0   -9.0   -9.0   -9.0   -9.0    0.3 -9 -9 -                        8   8   12 Sc         0   0   5  3093 -9.0 -9.00 -9  -0.6  -0.2   0.2   0.5   1.2  -9 -9.0 -9  3  2
202401090100 108   5  1.2  -9 -9.0   -9 1012.7 1023.6 -9  -9.0  -1.8  -7.9  63.0   3.4   -9.0   -9.0   -9.0   -9.0   -9.0   -9.0    0.3 -9 -9 -                        7   4    7 -         -9  -9  -9  2848 -9.0 -9.00 -9  -0.6  -0.2   0.2   0.5   1.2  -9 -9.0 -9  3  2
202401090200 108   5  1.6  -9 -9.0   -9 1011.9 1022.8 -9  -9.0  -1.7  -7.6  64.0   3.5   -9.0   -9.0   -9.0   -9.0   -9.0   -9.0    0.3 -9 -9 -                        8   8   13 -         -9  -9  -9  2928 -9.0 -9.00 -9  -0.7  -0.2   0.2   0.5   1.2  -9 -9.0 -9  3  2
202401090300 108   5  2.1  -9 -9.0   -9 1011.4 1022.3  7  -1.8  -1.6  -7.7  63.0   3.4   -9.0   -9.0   -9.0   -9.0   -9.0   -9.0    0.3 -9 -9 -                        9   9   14 Sc         0   0   5  2929 -9.0 -9.00 -9  -0.7  -0.2   0.2   0.5   1.2  -9 -9.0 -9  3  2
202401090400 108   5  1.6  -9 -9.0   -9 1010.6 1021.5 -9  -9.0  -1.5  -7.2  65.0   3.6   -9.0   -9.0   -9.0   -9.0   -9.0   -9.0    0.3 -9 -9 -                        9   9    9 Sc         0   0   5  2871 -9.0 -9.00 -9  -0.7  -0.2   0.2   0.5   1.2  -9 -9.0 -9  3  2
202401090500 108   5  1.7  -9 -9.0   -9 1010.1 1021.0 -9  -9.0  -1.3  -7.0  65.0   3.6   -9.0   -9.0   -9.0   -9.0   -9.0   -9.0    0.3 -9 -9 -                        9   9    8 Sc         0   0   5  2920 -9.0 -9.00 -9  -0.7  -0.2   0.2   0.5   1.2  -9 -9.0 -9  3  2
202401090600 108   5  2.0  -9 -9.0   -9 1009.7 1020.6  7  -1.7  -1.1  -6.6  66.0   3.7    0.0    0.0    0.0   -9.0   -9.0   -9.0    0.3 70 72 05                       9   9    8 Sc         0   0   5  3060 -9.0 -9.00 -9  -0.7  -0.2   0.2   0.5   1.2  -9 -9.0 -9  4  1
202401090700 108   5  2.3  -9 -9.0   -9 1009.6 1020.5 -9  -9.0  -1.0  -5.6  71.0   4.0   -9.0    0.0    0.0   -9.0   -9.0   -9.0    0.3 71 77 05                       9   9    8 Sc         0   0   5  1434 -9.0 -9.00 -9  -0.7  -0.2   0.2   0.5   1.2  -9 -9.0 -9  4  1
202401090800 108   5  1.9  -9 -9.0   -9 1009.5 1020.4 -9  -9.0  -1.2  -5.2  74.0   4.2   -9.0    0.0    0.0   -9.0   -9.0   -9.0    0.3 70 77 05                       9   9    8 Sc         0   0   5  2083  0.0  0.01 -9  -0.7  -0.2   0.2   0.5   1.2  -9 -9.0 -9  4  1
202401090900 108   5  1.6  -9 -9.0   -9 1010.1 1021.0  3   0.4  -1.5  -3.5  86.0   4.7    0.4    0.4    0.4   -9.0    0.3    0.3    0.6 71 77 05                      10   8    4 StNs      -9   2   7   197  0.0  0.01 -9  -0.6  -0.2   0.2   0.5   1.2  -9 -9.0 -9  1  1
202401091000 108   5  2.6  -9 -9.0   -9 1010.0 1020.9 -9  -9.0  -1.3  -3.0  88.0   4.9   -9.0    0.6    0.6   -9.0   -9.0    0.7    1.0 71 77 05                      10   8    3 StNs      -9   2   7   790  0.0  0.14 -9  -0.5  -0.2   0.2   0.5   1.2  -9 -9.0 -9  4  1
202401091100 108   5  2.1  -9 -9.0   -9 1009.7 1020.6 -9  -9.0  -0.7  -2.4  88.0   5.1   -9.0    0.6    0.6   -9.0   -9.0    0.9    1.2 71 77 05                      10   8    3 StNs      -9   2   7   338  0.0  0.31 -9  -0.4  -0.2   0.2   0.5   1.2  -9 -9.0 -9  4  1
202401091200 108   5  2.3  -9 -9.0   -9 1008.9 1019.7  7  -1.3  -0.5  -2.0  89.0   5.3    0.2    0.6    0.6   -9.0    0.8    1.1    1.4 71 77 05                      10   7    3 StNs      -9   2   7   474  0.0  0.22 -9  -0.3  -0.2   0.2   0.5   1.2  -9 -9.0 -9  4  1
202401091300 108   5  2.1  -9 -9.0   -9 1008.0 1018.8 -9  -9.0  -0.1  -1.3  91.0   5.6   -9.0    0.9    0.9   -9.0   -9.0    1.5    1.8 71 77 05                      10   9    3 StNs      -9   2   7   284  0.0  0.25 -9  -0.3  -0.2   0.2   0.5   1.2  -9 -9.0 -9  4  1
202401091400 108   5  1.4  -9 -9.0   -9 1007.3 1018.1 -9  -9.0   0.1  -1.1  91.0   5.6   -9.0    1.3    1.3   -9.0   -9.0    2.4    2.7 71 77 05                      10   9    3 StNs      -9   2   7   179  0.0  0.19 -9  -0.3  -0.2   0.2   0.5   1.2  -9 -9.0 -9  4  1
202401091500 108   5  2.0  -9 -9.0   -9 1007.0 1017.8  7  -1.9   0.2  -0.9  92.0   5.7    0.7    1.3    1.3   -9.0    1.4    2.5    2.8 70 77 05                      10   8    6 ScAs      -9   2   5   362  0.0  0.13 -9  -0.3  -0.2   0.2   0.5   1.2  -9 -9.0 -9  4  1
202401091600 108   5  2.1  -9 -9.0   -9 1007.3 1018.1 -9  -9.0   0.2  -0.9  92.0   5.7   -9.0    1.4    1.4   -9.0   -9.0    2.7    3.0 71 77 05                      10   9    3 StNs      -9   2   7   289  0.0  0.13 -9  -0.3  -0.1   0.2   0.5   1.2  -9 -9.0 -9  4  1
202401091700 108   5  2.1  -9 -9.0   -9 1007.4 1018.2 -9  -9.0   0.3  -0.7  93.0   5.8   -9.0    1.6    1.6   -9.0   -9.0    2.8    3.1 70 77 05                      10   8    6 ScAs      -9   2   5   249  0.0  0.08 -9  -0.3  -0.2   0.2   0.5   1.2  -9 -9.0 -9  4  1
202401091800 108   2  2.0  -9 -9.0   -9 1007.6 1018.4  2   0.6   0.2  -1.1  91.0   5.6    0.3    1.6    1.6   -9.0    0.3    2.8    3.1 22 72 1905                     9   9    6 Sc         0   0   5   459  0.0  0.01 -9  -0.3  -0.2   0.2   0.5   1.2  -9 -9.0 -9  4  1
202401091900 108   5  2.0  -9 -9.0   -9 1007.9 1018.7 -9  -9.0   0.2  -0.9  92.0   5.7   -9.0    1.6    1.6   -9.0   -9.0    2.8    3.1 22 72 1905                     9   9    6 Sc         0   0   5   393 -9.0 -9.00 -9  -0.3  -0.2   0.2   0.5   1.2  -9 -9.0 -9  4  1
202401092000 108   7  1.4  -9 -9.0   -9 1007.9 1018.7 -9  -9.0   0.1  -0.9  93.0   5.7   -9.0    1.6    1.6   -9.0   -9.0    2.8    3.1 -9 -9 19                      10   4   17 -         -9  -9  -9   358 -9.0 -9.00 -9  -0.3  -0.2   0.2   0.5   1.2  -9 -9.0 -9  3  2
202401092100 108  36  1.0  -9 -9.0   -9 1008.0 1018.8  2   0.4   0.1  -1.0  92.0   5.7    0.0    1.6    1.6   -9.0    0.0    2.8    3.1 10 72 19                       9   9   28 As         0   2   0   416 -9.0 -9.00 -9  -0.3  -0.1   0.2   0.5   1.2  -9 -9.0 -9  3  1
202401092200 108   2  1.0  -9 -9.0   -9 1008.4 1019.2 -9  -9.0   0.1  -0.9  93.0   5.7   -9.0    1.6    1.6   -9.0   -9.0    2.8    3.1 -9 -9 19                      10   6    2 -         -9  -9  -9   403 -9.0 -9.00 -9  -0.3  -0.2   0.2   0.5   1.2  -9 -9.0 -9  3  2
202401092300 108  29  2.9  -9 -9.0   -9 1008.2 1019.0 -9  -9.0   0.4  -0.3  95.0   6.0   -9.0    1.6    1.6   -9.0   -9.0    2.7    3.0 -9 -9 19                       9   7   15 -         -9  -9  -9   315 -9.0 -9.00 -9  -0.3  -0.2   0.2   0.5   1.2  -9 -9.0 -9  3  2
202401100000 108  29  2.4  -9 -9.0   -9 1008.2 1019.0  0   0.2  -0.3  -1.2  93.0   5.6   -9.0    1.6    1.6   -9.0   -9.0    2.7    3.0 10  0 19                       2   2   41 Ac         0   3   0   361 -9.0 -9.00 -9  -0.4  -0.2   0.2   0.5   1.2  -9 -9.0 -9  3  1
202401100100 108  29  0.9  -9 -9.0   -9 1008.2 1019.1 -9  -9.0  -1.1  -2.2  92.0   5.2   -9.0   -9.0   -9.0   -9.0   -9.0   -9.0    3.0 -9 -9 19                       0   0   -9 -         -9  -9  -9   320 -9.0 -9.00 -9  -0.5  -0.2   0.2   0.5   1.2  -9 -9.0 -9  3  2
202401100200 108  29  2.1  -9 -9.0   -9 1008.5 1019.4 -9  -9.0  -1.4  -2.1  95.0   5.2   -9.0   -9.0   -9.0   -9.0   -9.0   -9.0    3.0 -9 -9 19                       0   0   -9 -         -9  -9  -9   294 -9.0 -9.00 -9  -0.7  -0.2   0.2   0.5   1.2  -9 -9.0 -9  3  2
202401100300 108  27  1.5  -9 -9.0   -9 1008.7 1019.6  2   0.6  -1.9  -2.5  95.0   5.1   -9.0   -9.0   -9.0   -9.0   -9.0   -9.0    3.0 10  0 19                       2   2    8 Sc         0   0   5   202 -9.0 -9.00 -9  -0.8  -0.2   0.2   0.5   1.2  -9 -9.0 -9  3  1
202401100400 108  29  0.9  -9 -9.0   -9 1008.7 1019.6 -9  -9.0  -2.4  -3.2  94.0   4.8   -9.0   -9.0   -9.0   -9.0   -9.0   -9.0    3.0 10  0 19                       0   0   -9 -         -9  -9  -9   236 -9.0 -9.00 -9  -0.9  -0.1   0.2   0.5   1.2  -9 -9.0 -9  3  1
202401100500 108   0  0.4  -9 -9.0   -9 1008.7 1019.6 -9  -9.0  -3.1  -4.0  93.0   4.5   -9.0   -9.0   -9.0   -9.0   -9.0   -9.0    3.0 10  0 19                       0   0   -9 -         -9  -9  -9   333 -9.0 -9.00 -9  -1.1  -0.2   0.2   0.5   1.2  -9 -9.0 -9  3  1
202401100600 108   0  0.1  -9 -9.0   -9 1008.9 1019.9  2   0.3  -3.6  -4.5  93.0   4.4   -9.0   -9.0   -9.0   -9.0   -9.0   -9.0    3.0 10  0 19                       0   0   -9 -         -9  -9  -9   321 -9.0 -9.00 -9  -1.3  -0.2   0.2   0.5   1.2  -9 -9.0 -9  3  1
202401100700 108   5  1.8  -9 -9.0   -9 1009.2 1020.2 -9  -9.0  -4.1  -4.9  94.0   4.2   -9.0   -9.0   -9.0   -9.0   -9.0   -9.0    3.0 10 22 19                       7   7    4 Sc         0   0   5   318 -9.0 -9.00 -9  -1.3  -0.2   0.2   0.5   1.2  -9 -9.0 -9  3  1
202401100800 108  34  1.7  -9 -9.0   -9 1009.7 1020.7 -9  -9.0  -3.7  -4.5  94.0   4.4   -9.0   -9.0   -9.0   -9.0   -9.0   -9.0    2.9 10  0 19                       2   2    4 Sc         0   0   5   342  0.0  0.00 -9  -1.2  -0.2   0.2   0.5   1.2  -9 -9.0 -9  3  1
202401100900 108   5  1.6  -9 -9.0   -9 1010.3 1021.3  2   1.4  -3.7  -4.5  94.0   4.4   -9.0   -9.0   -9.0   -9.0   -9.0   -9.0    2.9 10  0 19                       8   8    9 Sc         0   0   5   327  0.1  0.15 -9  -1.2  -0.2   0.2   0.5   1.2  -9 -9.0 -9  3  1
202401101000 108   5  2.3  -9 -9.0   -9 1010.9 1021.9 -9  -9.0  -2.7  -3.5  94.0   4.7   -9.0   -9.0   -9.0   -9.0   -9.0   -9.0    2.7 10 22 19                       8   8    9 Sc         0   0   5   358  0.0  0.37 -9  -0.9  -0.2   0.2   0.5   1.2  -9 -9.0 -9  3  1
202401101100 108   5  2.5  -9 -9.0   -9 1011.1 1022.0 -9  -9.0  -1.1  -2.9  87.0   4.9   -9.0   -9.0   -9.0   -9.0   -9.0   -9.0    2.6 10 22 19                       7   7   10 Sc         0   0   5   539  0.5  0.88 -9  -0.5  -0.2   0.2   0.5   1.2  -9 -9.0 -9  3  1
202401101200 108  34  1.8  -9 -9.0   -9 1010.3 1021.1  8  -0.2   0.0  -2.7  82.0   5.0   -9.0   -9.0   -9.0   -9.0   -9.0   -9.0    2.5 10 22 19                       7   7   10 Sc         0   0   5   602  0.4  1.00 -9  -0.4   0.0   0.2   0.5   1.2  -9 -9.0 -9  3  1
202401101300 108   9  0.8  -9 -9.0   -9 1009.9 1020.7 -9  -9.0   1.6  -2.3  75.0   5.2   -9.0   -9.0   -9.0   -9.0   -9.0   -9.0    2.3 10 22 19                       7   7    9 Sc         0   0   5   735  0.6  1.30 -9  -0.3  -0.2   0.2   0.5   1.2  -9 -9.0 -9  3  1
202401101400 108  27  2.3  -9 -9.0   -9 1009.8 1020.6 -9  -9.0   1.5  -2.4  75.0   5.1   -9.0   -9.0   -9.0   -9.0   -9.0   -9.0    2.3 10 22 19                       6   6   10 Sc         0   0   5   550  0.5  1.31 -9  -0.2   0.1   0.2   0.5   1.2  -9 -9.0 -9  3  1
202401101500 108  29  2.2  -9 -9.0   -9 1009.6 1020.3  7  -0.8   2.9  -1.8  71.0   5.4   -9.0   -9.0   -9.0   -9.0   -9.0   -9.0    2.2 10 11 19                       0   0   -9 -         -9  -9  -9   589  0.9  1.36 -9  -0.2   0.1   0.2   0.5   1.2  -9 -9.0 -9  3  1
202401101600 108  25  2.2  -9 -9.0   -9 1009.8 1020.5 -9  -9.0   3.1  -2.0  69.0   5.3   -9.0   -9.0   -9.0   -9.0   -9.0   -9.0    2.0  5  0 4019                     0   0   -9 -         -9  -9  -9   532  1.0  0.99 -9  -0.2   0.1   0.2   0.5   1.2  -9 -9.0 -9  3  1
202401101700 108  25  2.5  -9 -9.0   -9 1009.9 1020.7 -9  -9.0   1.9  -2.6  72.0   5.0   -9.0   -9.0   -9.0   -9.0   -9.0   -9.0    2.0  5  0 40                       0   0   -9 -         -9  -9  -9   514  1.0  0.41 -9  -0.2   0.0   0.2   0.5   1.2  -9 -9.0 -9  3  1
202401101800 108  27  1.7  -9 -9.0   -9 1010.4 1021.2  2   0.9   0.7  -3.0  76.0   4.9   -9.0   -9.0   -9.0   -9.0   -9.0   -9.0    2.0  5  0 40                       0   0   -9 -         -9  -9  -9   507  0.0  0.04 -9  -0.3  -0.1   0.2   0.5   1.2  -9 -9.0 -9  3  1
202401101900 108  27  1.9  -9 -9.0   -9 1010.8 1021.6 -9  -9.0   0.1  -3.2  78.0   4.8   -9.0   -9.0   -9.0   -9.0   -9.0   -9.0    2.0 -9 -9 40                       0   0   -9 -         -9  -9  -9   525 -9.0 -9.00 -9  -0.4   0.0   0.2   0.5   1.2  -9 -9.0 -9  3  2
202401102000 108  27  2.3  -9 -9.0   -9 1011.1 1022.0 -9  -9.0  -0.5  -2.8  84.0   5.0   -9.0   -9.0   -9.0   -9.0   -9.0   -9.0    2.0 -9 -9 4019                     0   0   -9 -         -9  -9  -9   415 -9.0 -9.00 -9  -0.4   0.0   0.2   0.5   1.2  -9 -9.0 -9  3  2
202401102100 108  27  1.3  -9 -9.0   -9 1010.7 1021.6  0   0.4  -1.0  -2.8  87.0   5.0   -9.0   -9.0   -9.0   -9.0   -9.0   -9.0    2.0 10  0 19                       0   0   -9 -         -9  -9  -9   282 -9.0 -9.00 -9  -0.5   0.0   0.2   0.5   1.2  -9 -9.0 -9  3  1
202401102200 108  25  2.1  -9 -9.0   -9 1010.7 1021.6 -9  -9.0  -1.4  -2.6  91.0   5.0   -9.0   -9.0   -9.0   -9.0   -9.0   -9.0    2.0 -9 -9 19                       0   0   -9 -         -9  -9  -9   244 -9.0 -9.00 -9  -0.6   0.0   0.2   0.5   1.2  -9 -9.0 -9  3  2
202401102300 108  20  1.5  -9 -9.0   -9 1010.5 1021.4 -9  -9.0  -1.4  -2.8  90.0   5.0   -9.0   -9.0   -9.0   -9.0   -9.0   -9.0    2.0 -9 -9 19                       1   1    2 -         -9  -9  -9   257 -9.0 -9.00 -9  -0.6   0.0   0.2   0.5   1.2  -9 -9.0 -9  3  2
202401110000 108  27  1.9  -9 -9.0   -9 1010.4 1021.3  7  -0.3  -1.2  -2.7  89.0   5.0   -9.0   -9.0   -9.0   -9.0   -9.0   -9.0    2.0 10 22 19                       8   8    6 Sc         0   0   5   260 -9.0 -9.00 -9  -0.5   0.0   0.2   0.5   1.2  -9 -9.0 -9  3  1
202401110100 108  29  1.1  -9 -9.0   -9 1010.4 1021.3 -9  -9.0  -1.2  -2.9  88.0   4.9   -9.0   -9.0   -9.0   -9.0   -9.0   -9.0    2.0 -9 -9 19                       9   9    3 -         -9  -9  -9   276 -9.0 -9.00 -9  -0.5   0.0   0.2   0.5   1.2  -9 -9.0 -9  3  2
202401110200 108  20  2.7  -9 -9.0   -9 1010.4 1021.3 -9  -9.0  -1.2  -3.2  86.0   4.8   -9.0   -9.0   -9.0   -9.0   -9.0   -9.0    2.0 -9 -9 19                       9   9    5 -         -9  -9  -9   303 -9.0 -9.00 -9  -0.5   0.0   0.2   0.5   1.2  -9 -9.0 -9  3  2
202401110300 108  20  2.2  -9 -9.0   -9 1010.3 1021.2  7  -0.1  -1.4  -3.6  85.0   4.7   -9.0   -9.0   -9.0   -9.0   -9.0   -9.0    2.0 10 22 19                       8   8    6 Sc         0   0   5   346 -9.0 -9.00 -9  -0.5   0.0   0.2   0.5   1.2  -9 -9.0 -9  3  1
202401110400 108  18  1.5  -9 -9.0   -9 1010.1 1021.0 -9  -9.0  -1.9  -4.2  84.0   4.5   -9.0   -9.0   -9.0   -9.0   -9.0   -9.0    2.0 10 22 19                       7   7    7 Sc         0   0   5   364 -9.0 -9.00 -9  -0.7   0.0   0.2   0.5   1.2  -9 -9.0 -9  3  1
202401110500 108  20  1.0  -9 -9.0   -9 1009.9 1020.8 -9  -9.0  -1.8  -3.9  85.0   4.6   -9.0   -9.0   -9.0   -9.0   -9.0   -9.0    2.0 10 22 19                       8   8    7 Sc         0   0   5   375 -9.0 -9.00 -9  -0.7   0.0   0.2   0.5   1.2  -9 -9.0 -9  3  1
202401110600 108  25  1.6  -9 -9.0   -9 1009.3 1020.2  7  -1.0  -2.3  -4.3  86.0   4.4   -9.0   -9.0   -9.0   -9.0   -9.0   -9.0    2.0 10 22 19                       6   6   10 Sc         0   0   5   341 -9.0 -9.00 -9  -1.0   0.0   0.2   0.5   1.2  -9 -9.0 -9  3  1
202401110700 108  14  1.4  -9 -9.0   -9 1009.2 1020.1 -9  -9.0  -2.0  -3.7  88.0   4.6   -9.0   -9.0   -9.0   -9.0   -9.0   -9.0    2.0 10 22 19                       8   8   10 Sc         0   0   5   374 -9.0 -9.00 -9  -0.9   0.0   0.2   0.5   1.2  -9 -9.0 -9  3  1
202401110800 108  14  0.6  -9 -9.0   -9 1009.2 1020.1 -9  -9.0  -1.7  -3.7  86.0   4.6   -9.0   -9.0   -9.0   -9.0   -9.0   -9.0    2.0 10 22 19                       8   8   10 Sc         0   0   5   396  0.0  0.00 -9  -0.7   0.0   0.2   0.5   1.2  -9 -9.0 -9  3  1
202401110900 108   5  2.3  -9 -9.0   -9 1008.9 1019.8  7  -0.4  -1.1  -3.1  86.0   4.9   -9.0   -9.0   -9.0   -9.0   -9.0   -9.0    2.0 10 22 19                       8   8    9 Sc         0   0   5   383  0.0  0.10 -9  -0.6   0.0   0.2   0.5   1.2  -9 -9.0 -9  3  1
202401111000 108   5  2.0  -9 -9.0   -9 1008.7 1019.5 -9  -9.0  -0.4  -2.9  83.0   4.9   -9.0   -9.0   -9.0   -9.0   -9.0   -9.0    2.0 10 22 19                       8   8    9 Sc         0   0   5   428  0.0  0.29 -9  -0.4   0.0   0.2   0.5   1.2  -9 -9.0 -9  3  1
202401111100 108  36  1.5  -9 -9.0   -9 1008.4 1019.2 -9  -9.0   0.6  -2.8  78.0   5.0   -9.0   -9.0   -9.0   -9.0   -9.0   -9.0    2.0 10 22 19                       8   8    9 Sc         0   0   5   490  0.0  0.62 -9  -0.3  -0.1   0.2   0.5   1.2  -9 -9.0 -9  3  1
202401111200 108  20  1.5  -9 -9.0   -9 1007.3 1018.0  7  -1.8   2.2  -2.3  72.0   5.2   -9.0   -9.0   -9.0   -9.0   -9.0   -9.0    1.9 10 22 19                       8   8   10 Sc         0   0   5   646  0.3  1.14 -9  -0.3  -0.2   0.2   0.5   1.2  -9 -9.0 -9  3  1
202401111300 108  20  2.9  -9 -9.0   -9 1006.6 1017.3 -9  -9.0   2.9  -1.8  71.0   5.4   -9.0   -9.0   -9.0   -9.0   -9.0   -9.0    1.0 10 22 19                       8   8    8 Sc         0   0   5   781  0.1  0.90 -9  -0.2  -0.2   0.2   0.5   1.2  -9 -9.0 -9  3  1
202401111400 108  20  3.2  -9 -9.0   -9 1005.9 1016.5 -9  -9.0   3.3  -1.0  73.0   5.7   -9.0   -9.0   -9.0   -9.0   -9.0   -9.0    0.9 10 22 19                       8   8    8 Sc         0   0   5   782  0.0  0.64 -9  -0.2  -0.2   0.2   0.5   1.2  -9 -9.0 -9  3  1
202401111500 108  20  3.1  -9 -9.0   -9 1005.2 1015.8  7  -2.2   4.0  -0.7  71.0   5.8   -9.0   -9.0   -9.0   -9.0   -9.0   -9.0    0.4 10 22 19                       8   8    8 Sc         0   0   5   923  0.0  0.48 -9  -0.2  -0.2   0.2   0.5   1.2  -9 -9.0 -9  3  1
202401111600 108  20  3.4  -9 -9.0   -9 1005.1 1015.7 -9  -9.0   4.4  -0.6  70.0   5.8   -9.0   -9.0   -9.0   -9.0   -9.0   -9.0    0.2 -9 -9 19                       9   9    8 Sc         0   0   5  1244  0.0  0.31 -9  -0.2  -0.2   0.2   0.5   1.2  -9 -9.0 -9  3  2
202401111700 108  23  2.7  -9 -9.0   -9 1004.9 1015.5 -9  -9.0   4.4  -0.2  72.0   6.0   -9.0   -9.0   -9.0   -9.0   -9.0   -9.0   -9.0 -9 -9 -                        7   7   10 Sc         0   0   5  1249  0.0  0.07 -9  -0.2  -0.3   0.2   0.5   1.2  -9 -9.0 -9  3  2
202401111800 108  20  2.4  -9 -9.0   -9 1005.0 1015.6  5  -0.2   4.3   0.4  76.0   6.3   -9.0   -9.0   -9.0   -9.0   -9.0   -9.0   -9.0 -9 -9 -                        4   4    8 Sc         0   0   5  1104  0.0  0.03 -9  -0.2  -0.1   0.2   0.5   1.2  -9 -9.0 -9  3  2
202401111900 108  20  1.8  -9 -9.0   -9 1005.1 1015.7 -9  -9.0   4.1   0.6  78.0   6.4   -9.0   -9.0   -9.0   -9.0   -9.0   -9.0   -9.0 -9 -9 19                       8   4    7 -         -9  -9  -9   892 -9.0 -9.00 -9  -0.3  -0.4   0.2   0.5   1.2  -9 -9.0 -9  3  2
202401112000 108  25  1.9  -9 -9.0   -9 1005.2 1015.8 -9  -9.0   3.9   0.7  80.0   6.4   -9.0   -9.0   -9.0   -9.0   -9.0   -9.0   -9.0 -9 -9 19                       1   1    6 -         -9  -9  -9   845 -9.0 -9.00 -9  -0.2  -0.2   0.2   0.5   1.2  -9 -9.0 -9  3  2
202401112100 108  25  1.8  -9 -9.0   -9 1004.9 1015.5  8  -0.1   3.9   1.1  82.0   6.6   -9.0   -9.0   -9.0   -9.0   -9.0   -9.0   -9.0 10 11 19                       7   7    8 Sc         0   0   5   720 -9.0 -9.00 -9  -0.2  -0.2   0.2   0.5   1.2  -9 -9.0 -9  3  1
202401112200 108  27  2.2  -9 -9.0   -9 1005.0 1015.6 -9  -9.0   3.8   1.0  82.0   6.6   -9.0   -9.0   -9.0   -9.0   -9.0   -9.0   -9.0 -9 -9 19                       7   7    9 -         -9  -9  -9   779 -9.0 -9.00 -9  -0.2  -0.3   0.2   0.5   1.2  -9 -9.0 -9  3  2
202401112300 108  25  2.1  -9 -9.0   -9 1005.0 1015.6 -9  -9.0   3.8   1.1  83.0   6.6   -9.0   -9.0   -9.0   -9.0   -9.0   -9.0   -9.0 -9 -9 19                       6   6   10 -         -9  -9  -9   782 -9.0 -9.00 -9  -0.2  -0.3   0.2   0.5   1.2  -9 -9.0 -9  3  2
202401120000 108  27  2.7  -9 -9.0   -9 1005.3 1015.9  2   0.4   3.6   1.6  87.0   6.9   -9.0   -9.0   -9.0   -9.0   -9.0   -9.0   -9.0 10 22 19                       7   7   10 Sc         0   0   5   631 -9.0 -9.00 -9  -0.2  -0.3   0.2   0.5   1.2  -9 -9.0 -9  3  1
202401120100 108  25  2.4  -9 -9.0   -9 1005.5 1016.1 -9  -9.0   3.4   0.9  84.0   6.5   -9.0   -9.0   -9.0   -9.0   -9.0   -9.0   -9.0 -9 -9 19                       6   6   10 -         -9  -9  -9   568 -9.0 -9.00 -9  -0.2  -0.3   0.2   0.5   1.2  -9 -9.0 -9  3  2
202401120200 108  25  2.2  -9 -9.0   -9 1006.0 1016.7 -9  -9.0   2.6   0.1  84.0   6.2   -9.0   -9.0   -9.0   -9.0   -9.0   -9.0   -9.0 -9 -9 19                       0   0   -9 -         -9  -9  -9   469 -9.0 -9.00 -9  -0.3  -0.3   0.2   0.5   1.2  -9 -9.0 -9  3  2
202401120300 108  29  1.2  -9 -9.0   -9 1006.5 1017.2  2   1.3   1.8  -0.4  85.0   5.9   -9.0   -9.0   -9.0   -9.0   -9.0   -9.0   -9.0 10  0 19                       0   0   -9 -         -9  -9  -9   419 -9.0 -9.00 -9  -0.6  -0.4   0.2   0.5   1.2  -9 -9.0 -9  3  1
202401120400 108  32  2.3  -9 -9.0   -9 1006.6 1017.3 -9  -9.0   1.2  -0.7  87.0   5.8   -9.0   -9.0   -9.0   -9.0   -9.0   -9.0   -9.0 10  0 19                       0   0   -9 -         -9  -9  -9   354 -9.0 -9.00 -9  -0.7  -0.4   0.2   0.5   1.2  -9 -9.0 -9  3  1
202401120500 108  29  1.5  -9 -9.0   -9 1006.4 1017.2 -9  -9.0   0.4  -1.5  87.0   5.5   -9.0   -9.0   -9.0   -9.0   -9.0   -9.0   -9.0 10  0 19                       0   0   -9 -         -9  -9  -9   372 -9.0 -9.00 -9  -0.9  -0.4   0.2   0.5   1.2  -9 -9.0 -9  3  1
202401120600 108  27  1.1  -9 -9.0   -9 1006.8 1017.6  2   0.4  -0.3  -2.0  88.0   5.3   -9.0   -9.0   -9.0   -9.0   -9.0   -9.0   -9.0 10  0 19                       0   0   -9 -         -9  -9  -9   325 -9.0 -9.00 -9  -1.1   0.1   0.2   0.5   1.2  -9 -9.0 -9  3  1
202401120700 108  25  0.9  -9 -9.0   -9 1007.3 1018.1 -9  -9.0  -0.6  -2.0  90.0   5.3   -9.0   -9.0   -9.0   -9.0   -9.0   -9.0   -9.0 10  0 19                       0   0   -9 -         -9  -9  -9   315 -9.0 -9.00 -9  -1.2   0.1   0.2   0.5   1.2  -9 -9.0 -9  3  1
202401120800 108  29  0.7  -9 -9.0   -9 1007.7 1018.5 -9  -9.0  -1.0  -2.5  89.0   5.1   -9.0   -9.0   -9.0   -9.0   -9.0   -9.0   -9.0 10  0 19                       0   0   -9 -         -9  -9  -9   326  0.0  0.00 -9  -1.5   0.1   0.2   0.5   1.2  -9 -9.0 -9  3  1
202401120900 108  25  1.5  -9 -9.0   -9 1008.2 1019.0  2   1.4  -0.6  -2.6  86.0   5.0   -9.0   -9.0   -9.0   -9.0   -9.0   -9.0   -9.0 10  0 19                       0   0   -9 -         -9  -9  -9   382  0.7  0.24 -9  -1.2   0.1   0.2   0.5   1.2  -9 -9.0 -9  3  1
202401121000 108  32  2.3  -9 -9.0   -9 1008.7 1019.5 -9  -9.0   0.5  -3.9  72.0   4.6   -9.0   -9.0   -9.0   -9.0   -9.0   -9.0   -9.0 10  0 19                       0   0   -9 -         -9  -9  -9   589  1.0  0.82 -9  -0.3   0.1   0.2   0.5   1.2  -9 -9.0 -9  3  1
202401121100 108  29  3.2  -9 -9.0   -9 1008.6 1019.4 -9  -9.0   1.4  -6.6  55.0   3.7   -9.0   -9.0   -9.0   -9.0   -9.0   -9.0   -9.0 -9 -9 4019                     0   0   -9 -         -9  -9  -9  1095  1.0  1.50 -9  -0.2   0.0   0.2   0.5   1.2  -9 -9.0 -9  3  2
202401121200 108  29  2.8  -9 -9.0   -9 1008.2 1018.9  8  -0.1   2.2  -5.9  55.0   3.9   -9.0   -9.0   -9.0   -9.0   -9.0   -9.0   -9.0  5  0 40                       0   0   -9 -         -9  -9  -9   932  1.0  1.74 -9   1.1   0.1   0.2   0.5   1.2  -9 -9.0 -9  3  1
202401121300 108  27  2.6  -9 -9.0   -9 1007.9 1018.6 -9  -9.0   3.2  -8.2  43.0   3.3   -9.0   -9.0   -9.0   -9.0   -9.0   -9.0   -9.0 -9 -9 40                       0   0   -9 -         -9  -9  -9  2071  1.0  2.02 -9   3.9   0.0   0.2   0.5   1.2  -9 -9.0 -9  3  2
202401121400 108  29  3.4  -9 -9.0   -9 1007.8 1018.5 -9  -9.0   3.4 -12.1  31.0   2.4   -9.0   -9.0   -9.0   -9.0   -9.0   -9.0   -9.0 -9 -9 -                        0   0   -9 -         -9  -9  -9  2953  1.0  1.97 -9   5.0   0.0   0.2   0.5   1.2  -9 -9.0 -9  3  2
202401121500 108  27  3.4  -9 -9.0   -9 1007.8 1018.4  7  -0.5   3.8 -10.6  34.0   2.7   -9.0   -9.0   -9.0   -9.0   -9.0   -9.0   -9.0 -9 -9 -                        0   0   -9 -         -9  -9  -9  2809  1.0  1.68 -9   3.9   0.1   0.2   0.5   1.2  -9 -9.0 -9  3  2
202401121600 108  27  3.1  -9 -9.0   -9 1008.0 1018.6 -9  -9.0   4.0 -10.8  33.0   2.7   -9.0   -9.0   -9.0   -9.0   -9.0   -9.0   -9.0 -9 -9 -                        0   0   -9 -         -9  -9  -9  2921  1.0  1.19 -9   0.8   0.1   0.2   0.5   1.2  -9 -9.0 -9  3  2
202401121700 108  27  3.0  -9 -9.0   -9 1008.6 1019.3 -9  -9.0   2.6 -10.3  38.0   2.8   -9.0   -9.0   -9.0   -9.0   -9.0   -9.0   -9.0 -9 -9 -                        0   0   -9 -         -9  -9  -9  3305  1.0  0.55 -9  -0.2   0.1   0.2   0.5   1.2  -9 -9.0 -9  3  2
202401121800 108  25  3.4  -9 -9.0   -9 1008.9 1019.6  2   1.2   1.7  -8.4  47.0   3.2   -9.0   -9.0   -9.0   -9.0   -9.0   -9.0   -9.0 -9 -9 -                        0   0   -9 -         -9  -9  -9  3353  0.2  0.06 -9  -0.2  -0.1   0.2   0.5   1.2  -9 -9.0 -9  3  2
202401121900 108  25  2.0  -9 -9.0   -9 1009.3 1020.1 -9  -9.0   1.0  -7.7  52.0   3.4   -9.0   -9.0   -9.0   -9.0   -9.0   -9.0   -9.0 -9 -9 -                        0   0   -9 -         -9  -9  -9  3278 -9.0 -9.00 -9  -0.4   0.0   0.2   0.5   1.2  -9 -9.0 -9  3 -9
202401122000 108  25  2.4  -9 -9.0   -9 1009.7 1020.5 -9  -9.0   0.6  -7.9  53.0   3.4   -9.0   -9.0   -9.0   -9.0   -9.0   -9.0   -9.0 -9 -9 -                        0   0   -9 -         -9  -9  -9  3368 -9.0 -9.00 -9  -0.6   0.0   0.2   0.5   1.2  -9 -9.0 -9  3 -9
202401122100 108  25  2.1  -9 -9.0   -9 1009.8 1020.6  2   1.0   0.3  -8.6  51.0   3.2   -9.0   -9.0   -9.0   -9.0   -9.0   -9.0   -9.0 -9 -9 -                        0   0   -9 -         -9  -9  -9  3462 -9.0 -9.00 -9  -0.7   0.0   0.2   0.5   1.2  -9 -9.0 -9  3  2
202401122200 108  27  1.3  -9 -9.0   -9 1010.2 1021.1 -9  -9.0  -0.2  -9.6  49.0   3.0   -9.0   -9.0   -9.0   -9.0   -9.0   -9.0   -9.0 -9 -9 -                        0   0   -9 -         -9  -9  -9  3862 -9.0 -9.00 -9  -0.9   0.0   0.2   0.5   1.2  -9 -9.0 -9  3 -9
202401122300 108  27  1.5  -9 -9.0   -9 1010.4 1021.3 -9  -9.0  -0.9 -10.5  48.0   2.8   -9.0   -9.0   -9.0   -9.0   -9.0   -9.0   -9.0 -9 -9 -                        0   0   -9 -         -9  -9  -9  3010 -9.0 -9.00 -9  -1.0   0.0   0.2   0.5   1.2  -9 -9.0 -9  3 -9
202401130000 108  29  0.8  -9 -9.0   -9 1010.9 1021.8  2   1.2  -1.4 -11.2  47.0   2.6   -9.0   -9.0   -9.0   -9.0   -9.0   -9.0   -9.0 -9 -9 -                        0   0   -9 -         -9  -9  -9  3567 -9.0 -9.00 -9  -1.2   0.0   0.2   0.5   1.2  -9 -9.0 -9  3  2
202401130100 108  27  1.8  -9 -9.0   -9 1010.7 1021.6 -9  -9.0  -1.9 -11.7  47.0   2.5   -9.0   -9.0   -9.0   -9.0   -9.0   -9.0   -9.0 -9 -9 -                        0   0   -9 -         -9  -9  -9  3817 -9.0 -9.00 -9  -1.5  -0.1   0.2   0.5   1.2  -9 -9.0 -9  3 -9
202401130200 108  25  2.1  -9 -9.0   -9 1010.7 1021.6 -9  -9.0  -1.9 -11.4  48.0   2.6   -9.0   -9.0   -9.0   -9.0   -9.0   -9.0   -9.0 -9 -9 -                        0   0   -9 -         -9  -9  -9  4112 -9.0 -9.00 -9  -1.7   0.0   0.2   0.5   1.2  -9 -9.0 -9  3 -9
202401130300 108  27  1.4  -9 -9.0   -9 1011.0 1021.9  3   0.1  -2.5 -11.2  51.0   2.6   -9.0   -9.0   -9.0   -9.0   -9.0   -9.0   -9.0 -9 -9 -                        0   0   -9 -         -9  -9  -9  3969 -9.0 -9.00 -9  -2.0   0.1   0.2   0.5   1.2  -9 -9.0 -9  3  2
202401130400 108  29  1.4  -9 -9.0   -9 1011.5 1022.5 -9  -9.0  -2.5 -10.5  54.0   2.8   -9.0   -9.0   -9.0   -9.0   -9.0   -9.0   -9.0 -9 -9 -                        0   0   -9 -         -9  -9  -9  3898 -9.0 -9.00 -9  -2.3   0.1   0.2   0.5   1.2  -9 -9.0 -9  3  2
202401130500 108  27  1.0  -9 -9.0   -9 1011.8 1022.8 -9  -9.0  -2.9 -10.4  56.0   2.8   -9.0   -9.0   -9.0   -9.0   -9.0   -9.0   -9.0 -9 -9 -                        0   0   -9 -         -9  -9  -9  3898 -9.0 -9.00 -9  -2.8   0.1   0.2   0.5   1.2  -9 -9.0 -9  3  2
202401130600 108  27  0.5  -9 -9.0   -9 1012.3 1023.3  2   1.4  -3.3 -11.0  55.0   2.6   -9.0   -9.0   -9.0   -9.0   -9.0   -9.0   -9.0 -9 -9 -                        0   0   -9 -         -9  -9  -9  4075 -9.0 -9.00 -9  -3.1   0.1   0.2   0.5   1.2  -9 -9.0 -9  3  2
202401130700 108  20  0.7  -9 -9.0   -9 1013.2 1024.2 -9  -9.0  -3.6 -11.1  56.0   2.6   -9.0   -9.0   -9.0   -9.0   -9.0   -9.0   -9.0 -9 -9 -                        0   0   -9 -         -9  -9  -9  4258 -9.0 -9.00 -9  -3.3   0.1   0.2   0.5   1.2  -9 -9.0 -9  3  2
202401130800 108  18  0.6  -9 -9.0   -9 1013.7 1024.7 -9  -9.0  -3.8 -10.8  58.0   2.7   -9.0   -9.0   -9.0   -9.0   -9.0   -9.0   -9.0 -9 -9 -                        0   0   -9 -         -9  -9  -9  4053  0.0  0.00 -9  -3.3   0.1   0.2   0.5   1.2  -9 -9.0 -9  3  2
202401130900 108  20  0.9  -9 -9.0   -9 1014.4 1025.4  2   2.1  -3.1 -10.2  58.0   2.8   -9.0   -9.0   -9.0   -9.0   -9.0   -9.0   -9.0 -9 -9 -                        0   0   -9 -         -9  -9  -9  4149  0.9  0.31 -9  -2.6   0.1   0.2   0.5   1.2  -9 -9.0 -9  3  2
202401131000 108  32  3.5  -9 -9.0   -9 1015.1 1026.0 -9  -9.0  -0.7 -10.6  47.0   2.7   -9.0   -9.0   -9.0   -9.0   -9.0   -9.0   -9.0 -9 -9 -                        0   0   -9 -         -9  -9  -9  4246  1.0  0.90 -9  -0.3   0.0   0.2   0.5   1.2  -9 -9.0 -9  3  2
202401131100 108  25  2.5  -9 -9.0   -9 1015.2 1026.0 -9  -9.0   1.0 -10.8  41.0   2.7   -9.0   -9.0   -9.0   -9.0   -9.0   -9.0   -9.0 -9 -9 -                        0   0   -9 -         -9  -9  -9  3616  1.0  1.51 -9   1.0   0.0   0.2   0.5   1.2  -9 -9.0 -9  3  2
202401131200 108  18  1.7  -9 -9.0   -9 1014.9 1025.6  0   0.2   3.2 -10.4  36.0   2.8   -9.0   -9.0   -9.0   -9.0   -9.0   -9.0   -9.0 -9 -9 -                        0   0   -9 -         -9  -9  -9  3700  1.0  1.91 -9   3.9   0.0   0.2   0.4   1.2  -9 -9.0 -9  3  2
202401131300 108  11  1.3  -9 -9.0   -9 1014.5 1025.2 -9  -9.0   4.3  -9.8  35.0   2.9   -9.0   -9.0   -9.0   -9.0   -9.0   -9.0   -9.0 -9 -9 -                        0   0   -9 -         -9  -9  -9  3606  1.0  2.03 -9   6.5   0.0   0.2   0.4   1.2  -9 -9.0 -9  3  2
202401131400 108   5  1.5  -9 -9.0   -9 1013.9 1024.6 -9  -9.0   4.5 -11.2  31.0   2.6   -9.0   -9.0   -9.0   -9.0   -9.0   -9.0   -9.0 -9 -9 -                        0   0   -9 -         -9  -9  -9  3295  1.0  1.95 -9   7.6   0.0   0.2   0.4   1.2  -9 -9.0 -9  3  2
202401131500 108  23  2.2  -9 -9.0   -9 1014.0 1024.6  6  -1.0   6.1 -10.2  30.0   2.8   -9.0   -9.0   -9.0   -9.0   -9.0   -9.0   -9.0 -9 -9 -                        2   0   -9 Ci         1   0   0  3002  1.0  1.65 -9   5.8   0.0   0.2   0.4   1.2  -9 -9.0 -9  3  2
202401131600 108  20  2.0  -9 -9.0   -9 1014.0 1024.6 -9  -9.0   6.3 -12.8  24.0   2.3   -9.0   -9.0   -9.0   -9.0   -9.0   -9.0   -9.0 -9 -9 -                        1   0   -9 Ci         1   0   0  3752  1.0  1.17 -9   1.7   0.0   0.2   0.4   1.2  -9 -9.0 -9  3  2
202401131700 108  20  2.3  -9 -9.0   -9 1013.8 1024.5 -9  -9.0   5.1 -12.8  26.0   2.3   -9.0   -9.0   -9.0   -9.0   -9.0   -9.0   -9.0 -9 -9 -                        0   0   -9 -         -9  -9  -9  3459  1.0  0.56 -9  -0.1   0.1   0.2   0.5   1.2  -9 -9.0 -9  3  2
202401131800 108  27  1.0  -9 -9.0   -9 1014.2 1024.9  3   0.3   3.2 -12.7  30.0   2.3   -9.0   -9.0   -9.0   -9.0   -9.0   -9.0   -9.0 -9 -9 -                        0   0   -9 -         -9  -9  -9  3424  0.2  0.06 -9  -0.2   0.1   0.2   0.5   1.2  -9 -9.0 -9  3  2
202401131900 108  25  1.8  -9 -9.0   -9 1014.5 1025.3 -9  -9.0   2.2 -11.7  35.0   2.5   -9.0   -9.0   -9.0   -9.0   -9.0   -9.0   -9.0 -9 -9 -                        0   0   -9 -         -9  -9  -9  3004 -9.0 -9.00 -9  -0.4   0.1   0.2   0.5   1.2  -9 -9.0 -9  3 -9
202401132000 108   0  0.4  -9 -9.0   -9 1014.5 1025.3 -9  -9.0   1.2 -10.3  42.0   2.8   -9.0   -9.0   -9.0   -9.0   -9.0   -9.0   -9.0 -9 -9 -                        0   0   -9 -         -9  -9  -9  2720 -9.0 -9.00 -9  -0.5   0.1   0.2   0.4   1.2  -9 -9.0 -9  3 -9
202401132100 108   5  0.9  -9 -9.0   -9 1014.8 1025.7  2   0.8   0.7 -11.0  41.0   2.6   -9.0   -9.0   -9.0   -9.0   -9.0   -9.0   -9.0 -9 -9 -                        0   0   -9 -         -9  -9  -9  2404 -9.0 -9.00 -9  -0.7   0.1   0.2   0.4   1.2  -9 -9.0 -9  3  2
202401132200 108   5  0.5  -9 -9.0   -9 1015.0 1025.9 -9  -9.0   0.3 -10.2  45.0   2.8   -9.0   -9.0   -9.0   -9.0   -9.0   -9.0   -9.0 -9 -9 -                        0   0   -9 -         -9  -9  -9  2688 -9.0 -9.00 -9  -0.8   0.1   0.2   0.4   1.2  -9 -9.0 -9  3 -9
202401132300 108   2  1.3  -9 -9.0   -9 1014.2 1025.1 -9  -9.0  -0.2  -9.1  51.0   3.1   -9.0   -9.0   -9.0   -9.0   -9.0   -9.0   -9.0 -9 -9 -                        0   0   -9 -         -9  -9  -9  2535 -9.0 -9.00 -9  -0.9   0.1   0.2   0.4   1.2  -9 -9.0 -9  3 -9
202401140000 108   2  2.1  -9 -9.0   -9 1013.8 1024.7  8  -1.0  -0.8  -9.2  53.0   3.0   -9.0   -9.0   -9.0   -9.0   -9.0   -9.0   -9.0 -9 -9 -                        0   0   -9 -         -9  -9  -9  2486 -9.0 -9.00 -9  -1.0   0.1   0.2   0.4   1.2  -9 -9.0 -9  3  2
202401140100 108   2  2.0  -9 -9.0   -9 1013.4 1024.3 -9  -9.0  -1.2  -8.6  57.0   3.2   -9.0   -9.0   -9.0   -9.0   -9.0   -9.0   -9.0 -9 -9 -                        0   0   -9 -         -9  -9  -9  2677 -9.0 -9.00 -9  -1.1   0.1   0.2   0.4   1.2  -9 -9.0 -9  3 -9
202401140200 108   2  1.4  -9 -9.0   -9 1013.6 1024.5 -9  -9.0  -1.2  -7.9  60.0   3.4   -9.0   -9.0   -9.0   -9.0   -9.0   -9.0   -9.0 -9 -9 -                        6   3   73 -         -9  -9  -9  2693 -9.0 -9.00 -9  -1.2   0.1   0.2   0.4   1.2  -9 -9.0 -9  3 -9
202401140300 108   2  1.6  -9 -9.0   -9 1013.6 1024.5  5  -0.2  -1.4  -7.7  62.0   3.4   -9.0   -9.0   -9.0   -9.0   -9.0   -9.0   -9.0 -9 -9 -                        0   0   -9 -         -9  -9  -9  2635 -9.0 -9.00 -9  -1.5   0.1   0.2   0.4   1.2  -9 -9.0 -9  3  2
202401140400 108   5  2.4  -9 -9.0   -9 1012.7 1023.6 -9  -9.0  -1.7  -7.6  64.0   3.5   -9.0   -9.0   -9.0   -9.0   -9.0   -9.0   -9.0 -9 -9 -                        0   0   -9 -         -9  -9  -9  2592 -9.0 -9.00 -9  -1.7   0.1   0.1   0.4   1.2  -9 -9.0 -9  3  2
202401140500 108   2  1.7  -9 -9.0   -9 1012.4 1023.3 -9  -9.0  -2.0  -7.7  65.0   3.4   -9.0   -9.0   -9.0   -9.0   -9.0   -9.0   -9.0 -9 -9 -                        0   0   -9 -         -9  -9  -9  2582 -9.0 -9.00 -9  -2.0   0.1   0.1   0.4   1.2  -9 -9.0 -9  3  2
202401140600 108   2  1.7  -9 -9.0   -9 1011.8 1022.7  7  -1.8  -2.3  -7.4  68.0   3.5   -9.0   -9.0   -9.0   -9.0   -9.0   -9.0   -9.0 -9 -9 -                        0   0   -9 -         -9  -9  -9  2603 -9.0 -9.00 -9  -2.3   0.1   0.1   0.4   1.2  -9 -9.0 -9  3  2
202401140700 108   5  1.8  -9 -9.0   -9 1011.6 1022.5 -9  -9.0  -2.4  -7.3  69.0   3.5   -9.0   -9.0   -9.0   -9.0   -9.0   -9.0   -9.0 -9 -9 -                        4   4   10 Sc         0   0   5  2544 -9.0 -9.00 -9  -2.4   0.1   0.1   0.4   1.2  -9 -9.0 -9  3  2
202401140800 108  36  1.2  -9 -9.0   -9 1012.1 1023.0 -9  -9.0  -1.9  -7.4  66.0   3.5   -9.0   -9.0   -9.0   -9.0   -9.0   -9.0   -9.0 -9 -9 -                        3   0   -9 Ci         1   0   0  2794  0.0  0.00 -9  -2.4   0.1   0.1   0.4   1.2  -9 -9.0 -9  3  2
202401140900 108   5  2.5  -9 -9.0   -9 1011.3 1022.2  8  -0.5  -1.0  -5.9  69.0   3.9   -9.0   -9.0   -9.0   -9.0   -9.0   -9.0   -9.0 -9 -9 -                        6   6   11 Sc         0   0   5  2481  0.7  0.26 -9  -1.2   0.1   0.1   0.4   1.2  -9 -9.0 -9  3  2
202401141000 108   5  2.5  -9 -9.0   -9 1010.4 1021.2 -9  -9.0  -0.3  -6.9  61.0   3.6   -9.0   -9.0   -9.0   -9.0   -9.0   -9.0   -9.0 -9 -9 -                        9   9   12 Sc         0   0   5  2675  0.0  0.16 -9  -0.6   0.1   0.1   0.4   1.2  -9 -9.0 -9  3  2
202401141100 108   5  2.1  -9 -9.0   -9 1009.5 1020.3 -9  -9.0   0.5  -6.1  61.0   3.9   -9.0   -9.0   -9.0   -9.0   -9.0   -9.0   -9.0 -9 -9 -                       10   8    9 ScAs      -9   2   5  2658  0.0  0.13 -9  -0.4   0.1   0.1   0.4   1.2  -9 -9.0 -9  3  2
202401141200 108   5  2.1  -9 -9.0   -9 1008.1 1018.9  7  -3.3   1.2  -4.6  65.0   4.3    0.0    0.0    0.0   -9.0   -9.0   -9.0   -9.0 60 62 01                      10   8    8 ScAs      -9   2   5  2106  0.0  0.08 -9  -0.3   0.1   0.1   0.4   1.2  -9 -9.0 -9  4  1
202401141300 108  32  2.0  -9 -9.0   -9 1008.1 1018.8 -9  -9.0   1.7  -0.2  87.0   6.0   -9.0    1.4    1.4   -9.0   -9.0   -9.0   -9.0 61 66 1901                    10   9    5 StNs      -9   2   7   670  0.0  0.04 -9  -0.2   0.1   0.1   0.4   1.2  -9 -9.0 -9  4  1
202401141400 108  27  0.9  -9 -9.0   -9 1007.7 1018.4 -9  -9.0   2.0   0.8  92.0   6.5   -9.0    2.7    2.7   -9.0   -9.0   -9.0   -9.0 61 66 1901                    10   9    5 StNs      -9   2   7   280  0.0  0.10 -9  -0.2   0.1   0.1   0.4   1.2  -9 -9.0 -9  4  1
202401141500 108   7  0.8  -9 -9.0   -9 1007.6 1018.3  7  -0.6   1.7   0.2  90.0   6.2    3.0    3.0    3.0   -9.0   -9.0   -9.0   -9.0 61 76 190601                  10   8    4 StNs      -9   2   7   393  0.0  0.09 -9  -0.2   0.1   0.1   0.4   1.2  -9 -9.0 -9  4  1
202401141600 108   0  0.4  -9 -9.0   -9 1008.1 1018.8 -9  -9.0   2.1   0.9  92.0   6.5   -9.0    3.1    3.1   -9.0   -9.0   -9.0   -9.0 21 62 1901                    10  10    2 St        -9  -9   6   397  0.0  0.32 -9  -0.2   0.1   0.1   0.4   1.2  -9 -9.0 -9  4  1
202401141700 108  27  3.3  -9 -9.0   -9 1009.3 1020.1 -9  -9.0   1.6   0.5  93.0   6.3   -9.0    3.1    3.1   -9.0   -9.0   -9.0   -9.0 10 22 19                      10  10    2 St        -9  -9   6   292  0.0  0.09 -9  -0.2   0.1   0.1   0.4   1.1  -9 -9.0 -9  3  1
202401141800 108  27  2.7  -9 -9.0   -9 1010.0 1020.8  2   2.5   1.4   0.5  94.0   6.3    0.1    3.1    3.1   -9.0   -9.0   -9.0   -9.0 10 62 19                      10  10    2 St        -9  -9   6   409  0.0  0.01 -9  -0.2   0.1   0.1   0.4   1.1  -9 -9.0 -9  3  1
202401141900 108  29  2.4  -9 -9.0   -9 1010.9 1021.7 -9  -9.0   1.0  -0.4  90.0   5.9   -9.0    3.1    3.1   -9.0   -9.0   -9.0   -9.0 -9 -9 19                       9   9    6 -         -9  -9  -9   664 -9.0 -9.00 -9  -0.2   0.1   0.1   0.4   1.1  -9 -9.0 -9  3  2
202401142000 108  29  2.8  -9 -9.0   -9 1011.4 1022.3 -9  -9.0  -0.2  -2.5  84.0   5.1   -9.0    3.1    3.1   -9.0   -9.0   -9.0   -9.0 -9 -9 19                       9   9    4 -         -9  -9  -9  1023 -9.0 -9.00 -9  -0.2   0.1   0.1   0.4   1.1  -9 -9.0 -9  3  2
202401142100 108  32  3.6  -9 -9.0   -9 1012.1 1023.0  2   2.2  -0.8  -3.8  80.0   4.6   -9.0    3.1    3.1   -9.0   -9.0   -9.0   -9.0 -9 62 -                        5   5    6 Sc         0   0   5  1009 -9.0 -9.00 -9  -0.3   0.1   0.1   0.4   1.1  -9 -9.0 -9  3  1
202401142200 108  29  2.1  -9 -9.0   -9 1012.5 1023.4 -9  -9.0  -1.8  -5.1  78.0   4.2   -9.0    3.1    3.1   -9.0   -9.0   -9.0   -9.0 -9 -9 -                        0   0   -9 -         -9  -9  -9  1064 -9.0 -9.00 -9  -0.9   0.1   0.1   0.4   1.1  -9 -9.0 -9  3 -9
202401142300 108  29  3.7  -9 -9.0   -9 1012.9 1023.9 -9  -9.0  -2.6  -7.1  71.0   3.6   -9.0    3.1    3.1   -9.0   -9.0   -9.0   -9.0 -9 -9 -                        0   0   -9 -         -9  -9  -9  1829 -9.0 -9.00 -9  -1.8   0.1   0.1   0.4   1.1  -9 -9.0 -9  3 -9
202401150000 108  32  2.7  -9 -9.0   -9 1013.1 1024.1  2   1.1  -3.3  -8.3  68.0   3.3   -9.0    3.1    3.1   -9.0   -9.0   -9.0   -9.0 -9 -9 -                        0   0   -9 -         -9  -9  -9  2533 -9.0 -9.00 -9  -2.4   0.1   0.1   0.4   1.1  -9 -9.0 -9  3  2
202401150100 108  32  2.5  -9 -9.0   -9 1013.6 1024.6 -9  -9.0  -3.8  -9.2  66.0   3.0   -9.0   -9.0   -9.0   -9.0   -9.0   -9.0   -9.0 -9 -9 -                        0   0   -9 -         -9  -9  -9  2847 -9.0 -9.00 -9  -3.0   0.1   0.1   0.4   1.1  -9 -9.0 -9  3 -9
202401150200 108  27  2.8  -9 -9.0   -9 1013.9 1025.0 -9  -9.0  -4.3  -9.5  67.0   3.0   -9.0   -9.0   -9.0   -9.0   -9.0   -9.0   -9.0 -9 -9 -                        0   0   -9 -         -9  -9  -9  3295 -9.0 -9.00 -9  -3.4   0.1   0.1   0.4   1.1  -9 -9.0 -9  3 -9
202401150300 108  27  2.3  -9 -9.0   -9 1014.5 1025.6  2   1.5  -4.9  -9.9  68.0   2.9   -9.0   -9.0   -9.0   -9.0   -9.0   -9.0   -9.0 -9 -9 -                        0   0   -9 -         -9  -9  -9  3313 -9.0 -9.00 -9  -3.8   0.1   0.1   0.4   1.1  -9 -9.0 -9  3  2
202401150400 108  32  2.2  -9 -9.0   -9 1014.7 1025.8 -9  -9.0  -5.3 -10.2  68.0   2.8   -9.0   -9.0   -9.0   -9.0   -9.0   -9.0   -9.0 -9 -9 -                        0   0   -9 -         -9  -9  -9  3219 -9.0 -9.00 -9  -4.1   0.1   0.1   0.4   1.1  -9 -9.0 -9  3  2
202401150500 108  32  2.7  -9 -9.0   -9 1015.3 1026.4 -9  -9.0  -5.7 -11.0  66.0   2.6   -9.0   -9.0   -9.0   -9.0   -9.0   -9.0   -9.0 -9 -9 -                        0   0   -9 -         -9  -9  -9  3212 -9.0 -9.00 -9  -4.3   0.1   0.1   0.4   1.1  -9 -9.0 -9  3  2
202401150600 108  32  2.4  -9 -9.0   -9 1015.6 1026.7  2   1.1  -6.2 -11.3  67.0   2.6   -9.0   -9.0   -9.0   -9.0   -9.0   -9.0   -9.0 -9 -9 -                        0   0   -9 -         -9  -9  -9  3050 -9.0 -9.00 -9  -4.5   0.1   0.1   0.4   1.1  -9 -9.0 -9  3  2
202401150700 108  27  2.9  -9 -9.0   -9 1016.3 1027.5 -9  -9.0  -6.5 -12.5  62.0   2.3   -9.0   -9.0   -9.0   -9.0   -9.0   -9.0   -9.0 -9 -9 -                        0   0   -9 -         -9  -9  -9  3456 -9.0 -9.00 -9  -4.8   0.1   0.1   0.4   1.1  -9 -9.0 -9  3  2
202401150800 108  27  2.8  -9 -9.0   -9 1016.9 1028.1 -9  -9.0  -6.9 -12.3  65.0   2.4   -9.0   -9.0   -9.0   -9.0   -9.0   -9.0   -9.0 -9 -9 -                        0   0   -9 -         -9  -9  -9  3254  0.0  0.00 -9  -5.0   0.1   0.1   0.4   1.1  -9 -9.0 -9  3  2
202401150900 108  25  2.4  -9 -9.0   -9 1017.6 1028.8  2   2.1  -6.5 -13.8  56.0   2.1   -9.0   -9.0   -9.0   -9.0   -9.0   -9.0   -9.0 -9 -9 -                        0   0   -9 -         -9  -9  -9  3946  0.9  0.35 -9  -4.5   0.0   0.1   0.4   1.1  -9 -9.0 -9  3  2
202401151000 108  32  2.9  -9 -9.0   -9 1018.1 1029.2 -9  -9.0  -5.2 -14.2  49.0   2.0   -9.0   -9.0   -9.0   -9.0   -9.0   -9.0   -9.0 -9 -9 -                        0   0   -9 -         -9  -9  -9  4168  1.0  0.99 -9  -0.6   0.0   0.1   0.4   1.1  -9 -9.0 -9  3  2
202401151100 108  27  2.9  -9 -9.0   -9 1018.1 1029.2 -9  -9.0  -3.8 -14.2  44.0   2.0   -9.0   -9.0   -9.0   -9.0   -9.0   -9.0   -9.0 -9 -9 -                        0   0   -9 -         -9  -9  -9  3786  1.0  1.58 -9   0.4   0.0   0.1   0.4   1.1  -9 -9.0 -9  3  2
202401151200 108  27  3.1  -9 -9.0   -9 1017.5 1028.5  8  -0.3  -2.8 -15.1  38.0   1.9   -9.0   -9.0   -9.0   -9.0   -9.0   -9.0   -9.0 -9 -9 -                        0   0   -9 -         -9  -9  -9  3858  1.0  1.97 -9   2.7  -0.1   0.1   0.4   1.1  -9 -9.0 -9  3  2
202401151300 108  27  2.5  -9 -9.0   -9 1017.0 1028.0 -9  -9.0  -1.6 -13.7  39.0   2.1   -9.0   -9.0   -9.0   -9.0   -9.0   -9.0   -9.0 -9 -9 -                        0   0   -9 -         -9  -9  -9  4271  1.0  2.12 -9   5.2  -0.1   0.1   0.4   1.1  -9 -9.0 -9  3  2
202401151400 108  27  4.7  -9 -9.0   -9 1016.6 1027.5 -9  -9.0  -0.2 -12.8  38.0   2.3   -9.0   -9.0   -9.0   -9.0   -9.0   -9.0   -9.0 -9 -9 -                        0   0   -9 -         -9  -9  -9  3932  1.0  2.08 -9   5.8  -0.1   0.1   0.4   1.1  -9 -9.0 -9  3  2
202401151500 108  27  2.3  -9 -9.0   -9 1016.3 1027.2  7  -1.3   0.5 -12.2  38.0   2.4   -9.0   -9.0   -9.0   -9.0   -9.0   -9.0   -9.0 -9 -9 -                        0   0   -9 -         -9  -9  -9  3728  1.0  1.77 -9   5.6  -0.1   0.1   0.3   1.1  -9 -9.0 -9  3  2
202401151600 108  25  3.1  -9 -9.0   -9 1016.9 1027.8 -9  -9.0   0.8 -12.2  37.0   2.4   -9.0   -9.0   -9.0   -9.0   -9.0   -9.0   -9.0 -9 -9 -                        0   0   -9 -         -9  -9  -9  3437  1.0  1.27 -9   0.6  -0.1   0.1   0.3   1.1  -9 -9.0 -9  3  2
202401151700 108  25  2.7  -9 -9.0   -9 1017.2 1028.1 -9  -9.0  -0.1 -13.4  36.0   2.2   -9.0   -9.0   -9.0   -9.0   -9.0   -9.0   -9.0 -9 -9 -                        0   0   -9 -         -9  -9  -9  4116  1.0  0.61 -9  -0.2  -0.1   0.1   0.3   1.1  -9 -9.0 -9  3  2
202401151800 108  27  2.1  -9 -9.0   -9 1018.1 1029.1  2   1.9  -1.5 -13.6  39.0   2.1   -9.0   -9.0   -9.0   -9.0   -9.0   -9.0   -9.0 -9 -9 -                        0   0   -9 -         -9  -9  -9  4044  0.3  0.08 -9  -0.4  -0.1   0.1   0.3   1.1  -9 -9.0 -9  3  2
202401151900 108  27  3.0  -9 -9.0   -9 1018.3 1029.3 -9  -9.0  -2.0 -13.5  41.0   2.2   -9.0   -9.0   -9.0   -9.0   -9.0   -9.0   -9.0 -9 -9 -                        0   0   -9 -         -9  -9  -9  4352 -9.0 -9.00 -9  -0.7  -0.1   0.1   0.3   1.1  -9 -9.0 -9  3 -9
202401152000 108  32  3.6  -9 -9.0   -9 1018.8 1029.8 -9  -9.0  -2.4 -13.3  43.0   2.2   -9.0   -9.0   -9.0   -9.0   -9.0   -9.0   -9.0 -9 -9 -                        0   0   -9 -         -9  -9  -9  3916 -9.0 -9.00 -9  -1.0  -0.1   0.1   0.3   1.1  -9 -9.0 -9  3 -9
202401152100 108  27  3.1  -9 -9.0   -9 1019.4 1030.5  2   1.4  -3.5 -12.9  48.0   2.3   -9.0   -9.0   -9.0   -9.0   -9.0   -9.0   -9.0 -9 -9 -                        0   0   -9 -         -9  -9  -9  3465 -9.0 -9.00 -9  -1.4  -0.1   0.0   0.3   1.1  -9 -9.0 -9  3  2
202401152200 108   9  1.2  -9 -9.0   -9 1019.7 1030.8 -9  -9.0  -4.3 -12.7  52.0   2.3   -9.0   -9.0   -9.0   -9.0   -9.0   -9.0   -9.0 -9 -9 -                        0   0   -9 -         -9  -9  -9  3349 -9.0 -9.00 -9  -1.8  -0.1   0.0   0.3   1.1  -9 -9.0 -9  3 -9
202401152300 108  27  1.5  -9 -9.0   -9 1019.9 1031.0 -9  -9.0  -4.7 -12.6  54.0   2.3   -9.0   -9.0   -9.0   -9.0   -9.0   -9.0   -9.0 -9 -9 -                        0   0   -9 -         -9  -9  -9  3164 -9.0 -9.00 -9  -2.3  -0.1   0.0   0.3   1.1  -9 -9.0 -9  3 -9
202401160000 108  29  2.5  -9 -9.0   -9 1019.9 1031.1  2   0.6  -4.9 -12.3  56.0   2.4   -9.0   -9.0   -9.0   -9.0   -9.0   -9.0   -9.0 -9 -9 -                        0   0   -9 -         -9  -9  -9  3212 -9.0 -9.00 -9  -3.0  -0.1   0.0   0.3   1.1  -9 -9.0 -9  3  2
202401160100 108  29  2.8  -9 -9.0   -9 1019.7 1030.9 -9  -9.0  -5.2 -12.4  57.0   2.4   -9.0   -9.0   -9.0   -9.0   -9.0   -9.0   -9.0 -9 -9 -                        2   1   -9 -         -9  -9  -9  3073 -9.0 -9.00 -9  -3.9  -0.1   0.0   0.3   1.1  -9 -9.0 -9  3 -9
202401160200 108  27  0.6  -9 -9.0   -9 1020.1 1031.3 -9  -9.0  -5.9 -13.2  56.0   2.2   -9.0   -9.0   -9.0   -9.0   -9.0   -9.0   -9.0 -9 -9 -                        0   0   -9 -         -9  -9  -9  3320 -9.0 -9.00 -9  -4.3  -0.1   0.0   0.3   1.1  -9 -9.0 -9  3 -9
202401160300 108  27  0.6  -9 -9.0   -9 1020.5 1031.7  3   0.6  -6.2 -13.3  57.0   2.2   -9.0   -9.0   -9.0   -9.0   -9.0   -9.0   -9.0 -9 -9 -                        0   0   -9 -         -9  -9  -9  3393 -9.0 -9.00 -9  -4.7  -0.1   0.0   0.3   1.1  -9 -9.0 -9  3  2
202401160400 108  29  0.5  -9 -9.0   -9 1020.3 1031.5 -9  -9.0  -6.5 -13.4  58.0   2.2   -9.0   -9.0   -9.0   -9.0   -9.0   -9.0   -9.0 -9 -9 -                        0   0   -9 -         -9  -9  -9  3658 -9.0 -9.00 -9  -4.9  -0.1   0.0   0.3   1.1  -9 -9.0 -9  3  2
202401160500 108  34  0.8  -9 -9.0   -9 1020.2 1031.4 -9  -9.0  -6.9 -14.0  57.0   2.1   -9.0   -9.0   -9.0   -9.0   -9.0   -9.0   -9.0 -9 -9 -                        0   0   -9 -         -9  -9  -9  3477 -9.0 -9.00 -9  -5.1  -0.1  -0.1   0.3   1.1  -9 -9.0 -9  3  2
202401160600 108   5  1.8  -9 -9.0   -9 1020.9 1032.1  3   0.4  -7.0 -14.1  57.0   2.1   -9.0   -9.0   -9.0   -9.0   -9.0   -9.0   -9.0 -9 -9 -                        0   0   -9 -         -9  -9  -9  3559 -9.0 -9.00 -9  -5.2  -0.2  -0.1   0.3   1.1  -9 -9.0 -9  3  2
202401160700 108  29  1.3  -9 -9.0   -9 1021.6 1032.9 -9  -9.0  -7.0 -13.6  59.0   2.1   -9.0   -9.0   -9.0   -9.0   -9.0   -9.0   -9.0 -9 -9 -                        0   0   -9 -         -9  -9  -9  3581 -9.0 -9.00 -9  -5.3  -0.2  -0.1   0.3   1.1  -9 -9.0 -9  3  2
202401160800 108  29  0.7  -9 -9.0   -9 1022.2 1033.5 -9  -9.0  -7.1 -12.7  64.0   2.3   -9.0   -9.0   -9.0   -9.0   -9.0   -9.0   -9.0 -9 -9 -                        1   0   -9 Ci         1   0   0  3446  0.0  0.00 -9  -5.3  -0.2  -0.1   0.3   1.1  -9 -9.0 -9  3  2
202401160900 108   5  2.4  -9 -9.0   -9 1022.5 1033.7  2   1.6  -6.3 -12.4  62.0   2.4   -9.0   -9.0   -9.0   -9.0   -9.0   -9.0   -9.0 -9 -9 -                        1   0   -9 Ci         1   0   0  2916  0.9  0.33 -9  -4.4  -0.3  -0.1   0.3   1.0  -9 -9.0 -9  3  2
202401161000 108   5  2.2  -9 -9.0   -9 1023.0 1034.1 -9  -9.0  -3.9 -12.3  52.0   2.4   -9.0   -9.0   -9.0   -9.0   -9.0   -9.0   -9.0 -9 -9 -                        0   0   -9 -         -9  -9  -9  2961  1.0  0.96 -9  -0.6  -0.4  -0.1   0.2   1.0  -9 -9.0 -9  3  2
202401161100 108   9  2.0  -9 -9.0   -9 1022.9 1033.9 -9  -9.0  -1.5 -10.8  49.0   2.7   -9.0   -9.0   -9.0   -9.0   -9.0   -9.0   -9.0 -9 -9 -                        1   0   -9 Ci         1   0   0  2599  1.0  1.54 -9   0.7  -0.3  -0.1   0.2   1.0  -9 -9.0 -9  3  2
202401161200 108   9  2.3  -9 -9.0   -9 1022.5 1033.5  8  -0.2  -0.1 -11.8  41.0   2.5   -9.0   -9.0   -9.0   -9.0   -9.0   -9.0   -9.0 -9 -9 -                        3   0   -9 Ci         1   0   0  3101  1.0  1.92 -9   3.4  -0.3  -0.1   0.2   1.0  -9 -9.0 -9  3  2
202401161300 108   5  1.7  -9 -9.0   -9 1021.9 1032.8 -9  -9.0   0.9 -11.8  38.0   2.5   -9.0   -9.0   -9.0   -9.0   -9.0   -9.0   -9.0 -9 -9 -                        5   0   -9 Ci         1   0   0  3139  1.0  2.01 -9   5.1  -0.3  -0.1   0.2   1.0  -9 -9.0 -9  3  2
202401161400 108   2  1.1  -9 -9.0   -9 1021.3 1032.2 -9  -9.0   2.0 -11.1  37.0   2.6   -9.0   -9.0   -9.0   -9.0   -9.0   -9.0   -9.0 -9 -9 -                        3   0   -9 Ci         1   0   0  3207  1.0  1.87 -9   6.3  -0.3  -0.1   0.2   1.0  -9 -9.0 -9  3  2
202401161500 108  20  1.3  -9 -9.0   -9 1021.1 1031.9  7  -1.6   3.4 -11.3  33.0   2.6   -9.0   -9.0   -9.0   -9.0   -9.0   -9.0   -9.0 -9 -9 -                        4   0   -9 Ci         1   0   0  2763  1.0  1.50 -9   6.0  -0.2  -0.1   0.2   1.0  -9 -9.0 -9  3  2
202401161600 108  27  1.5  -9 -9.0   -9 1020.9 1031.7 -9  -9.0   4.0 -11.2  32.0   2.6   -9.0   -9.0   -9.0   -9.0   -9.0   -9.0   -9.0 -9 -9 -                        7   0   -9 Ci         1   0   0  2934  1.0  1.26 -9   2.0  -0.2  -0.1   0.2   1.0  -9 -9.0 -9  3  2
202401161700 108  32  1.3  -9 -9.0   -9 1020.9 1031.7 -9  -9.0   3.0 -11.3  34.0   2.6   -9.0   -9.0   -9.0   -9.0   -9.0   -9.0   -9.0 -9 -9 -                        8   0   -9 Ci         1   0   0  3282  0.4  0.41 -9  -0.3  -0.2  -0.1   0.2   1.0  -9 -9.0 -9  3  2
202401161800 108  25  1.3  -9 -9.0   -9 1021.2 1032.1  3   0.2   1.7 -10.8  39.0   2.7   -9.0   -9.0   -9.0   -9.0   -9.0   -9.0   -9.0 -9 -9 -                        7   0   -9 Ci         1   0   0  2676  0.0  0.06 -9  -0.2  -0.2  -0.1   0.2   1.0  -9 -9.0 -9  3  2
202401161900 108  32  0.8  -9 -9.0   -9 1021.2 1032.1 -9  -9.0   0.8  -9.8  45.0   2.9   -9.0   -9.0   -9.0   -9.0   -9.0   -9.0   -9.0 -9 -9 -                        5   5   59 -         -9  -9  -9  2662 -9.0 -9.00 -9  -0.3  -0.2  -0.1   0.2   1.0  -9 -9.0 -9  3 -9
202401162000 108  36  1.1  -9 -9.0   -9 1021.1 1032.0 -9  -9.0   0.3  -9.7  47.0   2.9   -9.0   -9.0   -9.0   -9.0   -9.0   -9.0   -9.0 -9 -9 -                        7   7   57 -         -9  -9  -9  2493 -9.0 -9.00 -9  -0.4  -0.2  -0.1   0.2   1.0  -9 -9.0 -9  3 -9
202401162100 108   5  1.9  -9 -9.0   -9 1021.0 1032.0  6  -0.1  -0.5  -9.6  50.0   3.0   -9.0   -9.0   -9.0   -9.0   -9.0   -9.0   -9.0 -9 -9 -                        3   0   -9 Ci         1   0   0  2673 -9.0 -9.00 -9  -0.6  -0.2  -0.1   0.2   1.0  -9 -9.0 -9  3  2
202401162200 108  34  1.3  -9 -9.0   -9 1020.9 1031.9 -9  -9.0  -0.9  -9.2  53.0   3.0   -9.0   -9.0   -9.0   -9.0   -9.0   -9.0   -9.0 -9 -9 -                        7   7   56 -         -9  -9  -9  2616 -9.0 -9.00 -9  -0.7  -0.2  -0.1   0.2   1.0  -9 -9.0 -9  3 -9
202401162300 108   5  1.8  -9 -9.0   -9 1020.3 1031.3 -9  -9.0  -1.7  -9.3  56.0   3.0   -9.0   -9.0   -9.0   -9.0   -9.0   -9.0   -9.0 -9 -9 -                        0   0   -9 -         -9  -9  -9  2759 -9.0 -9.00 -9  -0.9  -0.2  -0.1   0.2   1.0  -9 -9.0 -9  3 -9
202401170000 108   5  2.4  -9 -9.0   -9 1020.0 1031.0  7  -1.0  -2.0  -8.9  59.0   3.1   -9.0   -9.0   -9.0   -9.0   -9.0   -9.0   -9.0 -9 -9 -                        0   0   -9 -         -9  -9  -9  2603 -9.0 -9.00 -9  -1.1  -0.2  -0.1   0.2   1.0  -9 -9.0 -9  3  2
202401170100 108   2  2.1  -9 -9.0   -9 1019.8 1030.8 -9  -9.0  -2.2  -8.7  61.0   3.2   -9.0   -9.0   -9.0   -9.0   -9.0   -9.0   -9.0 -9 -9 -                        0   0   -9 -         -9  -9  -9  2606 -9.0 -9.00 -9  -1.3  -0.2  -0.1   0.2   1.0  -9 -9.0 -9  3 -9
202401170200 108   7  1.5  -9 -9.0   -9 1019.2 1030.2 -9  -9.0  -1.6  -8.1  61.0   3.3   -9.0   -9.0   -9.0   -9.0   -9.0   -9.0   -9.0 -9 -9 -                        4   4   28 -         -9  -9  -9  2684 -9.0 -9.00 -9  -0.8  -0.2  -0.1   0.2   1.0  -9 -9.0 -9  3 -9
202401170300 108   7  1.3  -9 -9.0   -9 1019.1 1030.1  7  -0.9  -1.1  -8.3  58.0   3.3   -9.0   -9.0   -9.0   -9.0   -9.0   -9.0   -9.0 -9 -9 -                        8   8   29 Ac         0   3   0  2938 -9.0 -9.00 -9  -0.8  -0.2  -0.1   0.2   1.0  -9 -9.0 -9  3  2
202401170400 108   5  2.7  -9 -9.0   -9 1018.3 1029.2 -9  -9.0  -0.7  -8.4  56.0   3.2   -9.0   -9.0   -9.0   -9.0   -9.0   -9.0   -9.0 -9 -9 -                        8   8   29 Ac         0   3   0  2981 -9.0 -9.00 -9  -0.8  -0.2  -0.1   0.2   1.0  -9 -9.0 -9  3  2
202401170500 108   7  1.1  -9 -9.0   -9 1018.3 1029.2 -9  -9.0  -0.6  -8.5  55.0   3.2   -9.0   -9.0   -9.0   -9.0   -9.0   -9.0   -9.0 -9 -9 -                        8   8   29 Ac         0   3   0  3063 -9.0 -9.00 -9  -0.9  -0.2  -0.1   0.2   1.0  -9 -9.0 -9  3  2
202401170600 108   5  1.9  -9 -9.0   -9 1017.9 1028.8  7  -1.3  -0.6  -8.0  57.0   3.3   -9.0   -9.0   -9.0   -9.0   -9.0   -9.0   -9.0 -9 -9 -                        8   8   28 Ac         0   3   0  2898 -9.0 -9.00 -9  -1.1  -0.2  -0.1   0.2   1.0  -9 -9.0 -9  3  2
202401170700 108   5  2.5  -9 -9.0   -9 1017.6 1028.5 -9  -9.0  -0.4  -7.6  58.0   3.5   -9.0   -9.0   -9.0   -9.0   -9.0   -9.0   -9.0 -9 -9 -                        6   6   26 Ac         0   3   0  2862 -9.0 -9.00 -9  -1.2  -0.2  -0.1   0.2   1.0  -9 -9.0 -9  3  2
202401170800 108   7  1.2  -9 -9.0   -9 1017.5 1028.4 -9  -9.0  -0.3  -7.5  58.0   3.5   -9.0   -9.0   -9.0   -9.0   -9.0   -9.0   -9.0 -9 -9 -                        8   8   35 Ac         0   3   0  2711  0.0  0.00 -9  -1.1  -0.2  -0.1   0.2   1.0  -9 -9.0 -9  3  2
202401170900 108   5  2.5  -9 -9.0   -9 1017.2 1028.1  7  -0.7   0.2  -7.3  57.0   3.5   -9.0   -9.0   -9.0   -9.0   -9.0   -9.0   -9.0 -9 -9 -                        9   9   28 As         0   2   0  2475  0.0  0.14 -9  -0.7  -0.2  -0.1   0.2   1.0  -9 -9.0 -9  3  2
202401171000 108   5  2.6  -9 -9.0   -9 1017.6 1028.5 -9  -9.0   0.9  -7.1  55.0   3.6   -9.0   -9.0   -9.0   -9.0   -9.0   -9.0   -9.0 -9 -9 -                       10   5    9 ScAs      -9   2   5  2333  0.0  0.32 -9  -0.3  -0.2  -0.1   0.2   1.0  -9 -9.0 -9  3  2
202401171100 108  34  0.5  -9 -9.0   -9 1017.6 1028.5 -9  -9.0   1.3  -7.0  54.0   3.6   -9.0    0.0    0.0   -9.0   -9.0   -9.0   -9.0 70 72 05                      10   7    8 ScAs      -9   2   5  2274  0.0  0.21 -9  -0.2  -0.2  -0.1   0.2   1.0  -9 -9.0 -9  4  1
202401171200 108   5  1.7  -9 -9.0   -9 1016.6 1027.5  8  -0.6   1.0  -2.5  77.0   5.1    0.1    0.1    0.1   -9.0    0.1    0.1    0.1 71 77 05                      10   7    4 StNs      -9   2   7   266  0.0  0.30 -9  -0.2  -0.2  -0.1   0.2   1.0  -9 -9.0 -9  4  1
202401171300 108   5  1.7  -9 -9.0   -9 1015.5 1026.4 -9  -9.0   0.7  -1.0  88.0   5.7   -9.0    1.4    1.4   -9.0   -9.0    1.3    1.3 71 77 05                      10   8    4 StNs      -9   2   7   255  0.0  0.29 -9  -0.2  -0.2  -0.1   0.2   1.0  -9 -9.0 -9  4  1
202401171400 108   5  3.0  -9 -9.0   -9 1014.2 1025.0 -9  -9.0   0.8  -0.6  90.0   5.8   -9.0    2.3    2.3   -9.0   -9.0    2.1    2.1 68 77 0605                    10   6    5 StNs      -9   2   7   289  0.0  0.24 -9  -0.2  -0.2  -0.1   0.2   0.9  -9 -9.0 -9  4  1
202401171500 108   7  2.7  -9 -9.0   -9 1013.6 1024.4  7  -3.1   0.7  -0.4  92.0   5.9    3.2    3.3    3.3   -9.0    2.0    2.0    2.0 69 76 0601                    10   6    6 StNs      -9   2   7   449  0.0  0.15 -9  -0.2  -0.2  -0.1   0.2   0.9  -9 -9.0 -9  4  1
202401171600 108   5  3.1  -9 -9.0   -9 1012.9 1023.7 -9  -9.0   0.9  -0.1  93.0   6.1   -9.0    4.9    4.9   -9.0   -9.0    2.3    2.3 69 77 0605                    10   6    4 StNs      -9   2   7   466  0.0  0.13 -9  -0.2  -0.2  -0.1   0.2   0.9  -9 -9.0 -9  4  1
202401171700 108   5  3.1  -9 -9.0   -9 1012.5 1023.3 -9  -9.0   1.1   0.0  93.0   6.1   -9.0    5.4    5.4   -9.0   -9.0    1.9    1.9 61 76 190601                  10   8    6 StNs      -9   2   7   699  0.0  0.10 -9  -0.2  -0.2  -0.1   0.2   0.9  -9 -9.0 -9  4  1
202401171800 108   5  2.8  -9 -9.0   -9 1012.2 1023.0  7  -1.4   1.2   0.3  94.0   6.2    2.4    5.7    5.7   -9.0    0.3    1.8    1.8 61 76 1901                    10   8    7 StNs      -9   2   7   549  0.0  0.02 -9  -0.2  -0.1  -0.1   0.2   0.9  -9 -9.0 -9  4  1
202401171900 108   5  2.8  -9 -9.0   -9 1012.5 1023.3 -9  -9.0   1.4   0.6  95.0   6.4   -9.0    6.2    6.2   -9.0   -9.0    1.4    1.4 61 66 1901                    10   8    6 StNs      -9   2   7   458 -9.0 -9.00 -9  -0.2  -0.1  -0.1   0.2   0.9  -9 -9.0 -9  4  1
202401172000 108   5  2.4  -9 -9.0   -9 1012.1 1022.9 -9  -9.0   1.5   0.7  95.0   6.4   -9.0    6.8    6.8   -9.0   -9.0    1.4    1.4 61 66 1901                    10   8    6 StNs      -9   2   7   269 -9.0 -9.00 -9  -0.2  -0.1  -0.1   0.2   0.9  -9 -9.0 -9  4  1
202401172100 108   5  3.3  -9 -9.0   -9 1011.3 1022.1  8  -0.9   1.7   1.2  97.0   6.7    1.3    7.0    7.0   -9.0   -9.0    1.4    1.4 61 76 1901                    10   8    5 StNs      -9   2   7   348 -9.0 -9.00 -9  -0.2  -0.1  -0.1   0.2   0.9  -9 -9.0 -9  1  1
202401172200 108   7  1.2  -9 -9.0   -9 1011.4 1022.2 -9  -9.0   1.9   1.3  96.0   6.7   -9.0    7.2    7.2   -9.0   -9.0    1.2    1.2 61 66 1901                    10   9    5 StNs      -9   2   7   248 -9.0 -9.00 -9  -0.2  -0.1  -0.1   0.2   0.9  -9 -9.0 -9  4  1
202401172300 108   5  1.5  -9 -9.0   -9 1010.8 1021.6 -9  -9.0   1.8   1.0  95.0   6.6   -9.0    8.5    8.5   -9.0   -9.0    1.2    1.2 61 64 191601                  10   9    5 StNs      -9   2   7    53 -9.0 -9.00 -9  -0.2  -0.1  -0.1   0.2   0.9  -9 -9.0 -9  4  1
202401180000 108   5  1.7  -9 -9.0   -9 1010.4 1021.2  8  -0.9   1.8   1.2  96.0   6.7    2.7    9.7    9.7   -9.0   -9.0    1.1    1.1 61 64 191601                  10   9    8 StNs      -9   2   7   169 -9.0 -9.00 -9  -0.2  -0.1  -0.1   0.2   0.9  -9 -9.0 -9  4  1
202401180100 108   0  0.4  -9 -9.0   -9 1010.2 1021.0 -9  -9.0   1.7   1.1  96.0   6.6   -9.0    0.4    0.4   -9.0   -9.0   -9.0    1.1 61 66 1901                    10   8    8 StNs      -9   2   7   141 -9.0 -9.00 -9  -0.2  -0.1  -0.1   0.2   0.9  -9 -9.0 -9  4  1
202401180200 108   7  0.5  -9 -9.0   -9 1010.1 1020.9 -9  -9.0   1.7   0.9  95.0   6.5   -9.0    0.5    0.5   -9.0   -9.0   -9.0    0.9 60 66 1901                    10   8   10 ScAs      -9   2   5   243 -9.0 -9.00 -9  -0.2  -0.1  -0.1   0.2   0.9  -9 -9.0 -9  4  1
202401180300 108   5  1.1  -9 -9.0   -9 1009.7 1020.5  7  -0.7   1.8   1.2  96.0   6.7    0.5    0.5    0.5   -9.0   -9.0   -9.0    0.9 21 64 1901                     9   9   11 Sc         0   0   5   176 -9.0 -9.00 -9  -0.2  -0.1  -0.1   0.2   0.9  -9 -9.0 -9  4  1
202401180400 108  25  1.9  -9 -9.0   -9 1009.8 1020.5 -9  -9.0   1.9   1.4  97.0   6.8   -9.0    0.5    0.5   -9.0   -9.0   -9.0    0.9 10 22 19                       9   9   12 Sc         0   0   5   138 -9.0 -9.00 -9  -0.2  -0.1  -0.1   0.2   0.9  -9 -9.0 -9  3  1
202401180500 108  25  1.3  -9 -9.0   -9 1009.6 1020.3 -9  -9.0   1.9   1.4  97.0   6.8   -9.0    0.5    0.5   -9.0   -9.0   -9.0    0.9 10 22 19                       9   9   13 Sc         0   0   5   193 -9.0 -9.00 -9  -0.2  -0.1  -0.1   0.2   0.9  -9 -9.0 -9  3  1
202401180600 108  27  2.3  -9 -9.0   -9 1010.1 1020.9  3   0.4   1.8   1.2  96.0   6.7   -9.0    0.5    0.5   -9.0   -9.0   -9.0    0.8 10 22 19                       8   8   17 Sc         0   0   5   177 -9.0 -9.00 -9  -0.2  -0.1  -0.1   0.2   0.9  -9 -9.0 -9  3  1
202401180700 108  27  1.8  -9 -9.0   -9 1010.8 1021.6 -9  -9.0   1.5   0.7  95.0   6.4   -9.0    0.5    0.5   -9.0   -9.0   -9.0    0.8 10 22 19                       9   5   17 ScCi       1   0   5   313 -9.0 -9.00 -9  -0.2  -0.1  -0.1   0.2   0.9  -9 -9.0 -9  3  1
202401180800 108  27  2.0  -9 -9.0   -9 1011.4 1022.2 -9  -9.0   1.5   1.0  97.0   6.6   -9.0    0.5    0.5   -9.0   -9.0   -9.0    0.8 10 22 19                       9   3   30 AcCi       1   3   0   223  0.0  0.00 -9  -0.2  -0.1  -0.1   0.2   0.9  -9 -9.0 -9  3  1
202401180900 108  25  2.1  -9 -9.0   -9 1012.0 1022.8  2   1.9   1.5   0.6  94.0   6.4   -9.0    0.5    0.5   -9.0   -9.0   -9.0    0.8 10 22 19                       8   2    5 ScAcCi     1   3   5   435  0.0  0.07 -9  -0.2  -0.1  -0.1   0.2   0.9  -9 -9.0 -9  3  1
202401181000 108  27  1.3  -9 -9.0   -9 1012.7 1023.5 -9  -9.0   1.7   0.6  93.0   6.4   -9.0    0.5    0.5   -9.0   -9.0   -9.0    0.7 10 22 19                       8   8    5 Sc         0   0   5   434  0.0  0.22 -9  -0.2  -0.1  -0.1   0.2   0.9  -9 -9.0 -9  3  1
202401181100 108  36  1.7  -9 -9.0   -9 1012.8 1023.5 -9  -9.0   2.9   1.8  93.0   7.0   -9.0    0.5    0.5   -9.0   -9.0   -9.0    0.4 10 22 19                       5   2    6 ScCi       1   0   5   526  0.1  0.73 -9  -0.2  -0.1  -0.1   0.1   0.9  -9 -9.0 -9  3  1
202401181200 108   7  1.5  -9 -9.0   -9 1012.0 1022.7  8  -0.1   5.0   2.0  81.0   7.1   -9.0    0.5    0.5   -9.0   -9.0   -9.0   -9.0 -9 -9 19                       3   0   -9 Ci         1   0   0  1189  0.9  1.66 -9   2.9  -0.2  -0.1   0.1   0.9  -9 -9.0 -9  3  2
202401181300 108   7  2.3  -9 -9.0   -9 1011.8 1022.4 -9  -9.0   6.5   2.1  74.0   7.1   -9.0    0.5    0.5   -9.0   -9.0   -9.0   -9.0 -9 -9 -                        1   0   -9 Ci         1   0   0  1842  1.0  2.02 -9   7.4  -0.2  -0.1   0.1   0.9  -9 -9.0 -9  3  2
202401181400 108   7  2.9  -9 -9.0   -9 1011.3 1021.8 -9  -9.0   7.9   2.9  71.0   7.5   -9.0    0.5    0.5   -9.0   -9.0   -9.0   -9.0 -9 -9 -                        2   0   -9 Ci         1   0   0  1725  1.0  1.85 -9   8.2  -0.2  -0.1   0.1   0.9  -9 -9.0 -9  3  2
202401181500 108   5  3.1  -9 -9.0   -9 1011.2 1021.7  7  -1.0   8.5   3.1  69.0   7.6   -9.0    0.5    0.5   -9.0   -9.0   -9.0   -9.0 -9 -9 -                        1   0   -9 Ci         1   0   0  1578  1.0  1.47 -9   8.3  -0.2  -0.1   0.1   0.9  -9 -9.0 -9  3  2
202401181600 108   7  3.5  -9 -9.0   -9 1011.4 1021.8 -9  -9.0   9.2   2.7  64.0   7.4   -9.0    0.5    0.5   -9.0   -9.0   -9.0   -9.0 -9 -9 -                        1   0   -9 Ci         1   0   0  3524  1.0  1.18 -9   4.5  -0.2  -0.1   0.1   0.9  -9 -9.0 -9  3  2
202401181700 108   7  2.7  -9 -9.0   -9 1012.0 1022.5 -9  -9.0   9.0   2.5  64.0   7.3   -9.0    0.5    0.5   -9.0   -9.0   -9.0   -9.0 -9 -9 -                        1   0   -9 Ci         1   0   0  3669  1.0  0.58 -9   1.7  -0.1  -0.1   0.1   0.9  -9 -9.0 -9  3  2
202401181800 108   5  4.1  -9 -9.0   -9 1012.7 1023.2  2   1.5   7.7   1.9  67.0   7.0   -9.0    0.5    0.5   -9.0   -9.0   -9.0   -9.0 -9 -9 -                        3   3   10 Sc         0   0   5  4141  0.3  0.08 -9   0.3  -0.1  -0.1   0.1   0.9  -9 -9.0 -9  3  2
202401181900 108   7  4.0  -9 -9.0   -9 1013.9 1024.5 -9  -9.0   6.6   1.5  70.0   6.8   -9.0    0.5    0.5   -9.0   -9.0   -9.0   -9.0 -9 -9 -                        0   0   -9 -         -9  -9  -9  3301 -9.0 -9.00 -9   0.1  -0.1  -0.1   0.1   0.9  -9 -9.0 -9  3 -9
202401182000 108   5  4.1  -9 -9.0   -9 1014.5 1025.2 -9  -9.0   5.4   1.1  74.0   6.6   -9.0    0.5    0.5   -9.0   -9.0   -9.0   -9.0 -9 -9 -                        0   0   -9 -         -9  -9  -9  2548 -9.0 -9.00 -9  -0.5  -0.1  -0.1   0.1   0.9  -9 -9.0 -9  3 -9
202401182100 108   5  5.1  -9 -9.0   -9 1014.9 1025.6  2   2.4   5.0   0.7  74.0   6.4   -9.0    0.5    0.5   -9.0   -9.0   -9.0   -9.0 -9 -9 -                        0   0   -9 -         -9  -9  -9  2124 -9.0 -9.00 -9  -0.2  -0.1  -0.1   0.1   0.9  -9 -9.0 -9  3  2
202401182200 108   5  4.3  -9 -9.0   -9 1015.5 1026.2 -9  -9.0   4.8   0.7  75.0   6.4   -9.0    0.5    0.5   -9.0   -9.0   -9.0   -9.0 -9 -9 -                        0   0   -9 -         -9  -9  -9  1969 -9.0 -9.00 -9  -0.2  -0.1  -0.1   0.1   0.9  -9 -9.0 -9  3 -9
202401182300 108   5  4.6  -9 -9.0   -9 1015.7 1026.4 -9  -9.0   4.5   0.4  75.0   6.3   -9.0    0.5    0.5   -9.0   -9.0   -9.0   -9.0 -9 -9 -                        6   6   14 -         -9  -9  -9  1750 -9.0 -9.00 -9  -0.1  -0.1  -0.1   0.1   0.8  -9 -9.0 -9  3 -9
202401190000 108   5  3.4  -9 -9.0   -9 1016.1 1026.8  2   1.2   4.4   0.3  75.0   6.2   -9.0    0.5    0.5   -9.0   -9.0   -9.0   -9.0 -9 -9 -                        4   4   14 Sc         0   0   5  1804 -9.0 -9.00 -9   0.2  -0.1  -0.1   0.1   0.9  -9 -9.0 -9  3  2
202401190100 108   5  4.1  -9 -9.0   -9 1016.2 1026.9 -9  -9.0   4.4   0.3  75.0   6.2   -9.0   -9.0   -9.0   -9.0   -9.0   -9.0   -9.0 -9 -9 -                        9   9   14 -         -9  -9  -9  1781 -9.0 -9.00 -9   0.4  -0.1  -0.1   0.1   0.9  -9 -9.0 -9  3 -9
202401190200 108   5  4.8  -9 -9.0   -9 1016.2 1026.9 -9  -9.0   4.5   0.4  75.0   6.3   -9.0   -9.0   -9.0   -9.0   -9.0   -9.0   -9.0 -9 -9 -                        9   9   15 -         -9  -9  -9  1856 -9.0 -9.00 -9   0.6  -0.1  -0.1   0.1   0.9  -9 -9.0 -9  3  2
202401190300 108   5  4.9  -9 -9.0   -9 1016.4 1027.1  2   0.3   4.5   0.4  75.0   6.3   -9.0   -9.0   -9.0   -9.0   -9.0   -9.0   -9.0 -9 -9 -                        9   9   15 Sc         0   0   5  1780 -9.0 -9.00 -9   0.7  -0.1  -0.1   0.1   0.9  -9 -9.0 -9  3  2
202401190400 108   5  3.1  -9 -9.0   -9 1016.7 1027.4 -9  -9.0   4.5   0.2  74.0   6.2   -9.0   -9.0   -9.0   -9.0   -9.0   -9.0   -9.0 -9 -9 -                        8   8   15 Sc         0   0   5  2043 -9.0 -9.00 -9   0.7  -0.1  -0.1   0.2   0.9  -9 -9.0 -9  3  2
202401190500 108   5  3.9  -9 -9.0   -9 1016.6 1027.3 -9  -9.0   4.6   0.1  73.0   6.2   -9.0   -9.0   -9.0   -9.0   -9.0   -9.0   -9.0 -9 -9 -                        8   8   15 Sc         0   0   5  2667 -9.0 -9.00 -9   0.7  -0.1  -0.1   0.2   0.9  -9 -9.0 -9  3  2
202401190600 108   7  3.8  -9 -9.0   -9 1016.7 1027.4  1   0.3   4.6   0.0  72.0   6.1   -9.0   -9.0   -9.0   -9.0   -9.0   -9.0   -9.0 -9 -9 -                        9   9   15 Sc         0   0   5  3358 -9.0 -9.00 -9   0.7  -0.1  -0.1   0.2   0.9  -9 -9.0 -9  3  2
202401190700 108   5  4.3  -9 -9.0   -9 1017.0 1027.7 -9  -9.0   4.6  -0.4  70.0   5.9   -9.0   -9.0   -9.0   -9.0   -9.0   -9.0   -9.0 -9 -9 -                        9   9   15 Sc         0   0   5  3732 -9.0 -9.00 -9   0.7  -0.1  -0.1   0.1   0.9  -9 -9.0 -9  3  2
202401190800 108   7  3.4  -9 -9.0   -9 1017.3 1028.0 -9  -9.0   4.2  -0.6  71.0   5.8   -9.0   -9.0   -9.0   -9.0   -9.0   -9.0   -9.0 -9 -9 -                        6   2   15 ScCi       1   0   5  3957  0.0  0.00 -9  -0.1  -0.1  -0.1   0.1   0.9  -9 -9.0 -9  3  2
202401190900 108   7  2.9  -9 -9.0   -9 1017.8 1028.5  2   1.1   4.4  -0.4  71.0   5.9   -9.0   -9.0   -9.0   -9.0   -9.0   -9.0   -9.0 -9 -9 -                        1   0   -9 Ci         1   0   0  3718  0.6  0.30 -9   0.2  -0.1  -0.1   0.1   0.9  -9 -9.0 -9  3  2
202401191000 108   5  5.4  -9 -9.0   -9 1017.9 1028.6 -9  -9.0   5.7  -0.3  65.0   6.0   -9.0   -9.0   -9.0   -9.0   -9.0   -9.0   -9.0 -9 -9 -                        3   0   -9 Ci         1   0   0  3975  1.0  0.91 -9   5.1  -0.2  -0.1   0.2   0.9  -9 -9.0 -9  3  2
202401191100 108   7  4.6   5 11.0 1002 1018.1 1028.7 -9  -9.0   7.3   0.2  61.0   6.2   -9.0   -9.0   -9.0   -9.0   -9.0   -9.0   -9.0 -9 -9 -                        6   0   -9 Ci         1   0   0  4132  1.0  1.54 -9   9.9  -0.2  -0.1   0.2   0.9  -9 -9.0 -9  3  2
202401191200 108   7  4.8   5 11.0 1002 1017.6 1028.2  8  -0.3   7.5   0.2  60.0   6.2   -9.0   -9.0   -9.0   -9.0   -9.0   -9.0   -9.0 -9 -9 -                        8   4   38 AcCi       2   3   0  4393  0.9  1.69 -9   7.7  -0.2  -0.1   0.1   0.8  -9 -9.0 -9  3  2
202401191300 108   7  3.7  -9 -9.0   -9 1016.7 1027.3 -9  -9.0   8.2   0.1  57.0   6.2   -9.0   -9.0   -9.0   -9.0   -9.0   -9.0   -9.0 -9 -9 -                        8   0   -9 Ci         2   0   0  4489  0.5  1.35 -9   9.8  -0.2  -0.1   0.1   0.8  -9 -9.0 -9  3  2
202401191400 108   7  5.4  -9 -9.0   -9 1015.8 1026.3 -9  -9.0   8.1   0.0  57.0   6.1   -9.0   -9.0   -9.0   -9.0   -9.0   -9.0   -9.0 -9 -9 -                        7   0   -9 Ci         2   0   0  4132  1.0  1.40 -9   7.9  -0.2  -0.1   0.1   0.8  -9 -9.0 -9  3  2
202401191500 108   9  4.1   5 11.0 1002 1015.4 1025.9  7  -2.3   8.6  -0.2  54.0   6.0   -9.0   -9.0   -9.0   -9.0   -9.0   -9.0   -9.0 -9 -9 -                        8   0   -9 Ci         2   0   0  4853  0.9  1.46 -9   7.7  -0.2  -0.1   0.1   0.8  -9 -9.0 -9  3  2
202401191600 108   5  4.2  -9 -9.0   -9 1016.1 1026.6 -9  -9.0   8.5  -0.5  53.0   5.9   -9.0   -9.0   -9.0   -9.0   -9.0   -9.0   -9.0 -9 -9 -                        8   0   -9 Ci         2   0   0  3937  0.8  1.12 -9   5.4  -0.2  -0.1   0.1   0.8  -9 -9.0 -9  3  2
202401191700 108   5  5.6  -9 -9.0   -9 1016.4 1027.0 -9  -9.0   6.8  -1.1  57.0   5.6   -9.0   -9.0   -9.0   -9.0   -9.0   -9.0   -9.0 -9 -9 -                        8   0   -9 Ci         2   0   0  4941  0.4  0.45 -9   2.4  -0.1  -0.1   0.2   0.8  -9 -9.0 -9  3  2
202401191800 108   5  6.3   5 10.0 1708 1016.7 1027.4  2   1.5   5.3  -1.6  61.0   5.4   -9.0   -9.0   -9.0   -9.0   -9.0   -9.0   -9.0 -9 -9 -                        8   0   -9 Ci         2   0   0  5000  0.0  0.07 -9   0.3  -0.1   0.0   0.2   0.8  -9 -9.0 -9  3  2
202401191900 108   5  5.6  -9 -9.0   -9 1017.3 1028.0 -9  -9.0   4.6  -1.6  64.0   5.4   -9.0   -9.0   -9.0   -9.0   -9.0   -9.0   -9.0 -9 -9 -                        8   8   54 -         -9  -9  -9  4914 -9.0 -9.00 -9  -0.2  -0.1   0.0   0.2   0.8  -9 -9.0 -9  3 -9
202401192000 108   5  4.9   5 11.0 1907 1017.6 1028.3 -9  -9.0   4.2  -1.8  65.0   5.4   -9.0   -9.0   -9.0   -9.0   -9.0   -9.0   -9.0 -9 -9 -                        8   8   49 -         -9  -9  -9  4861 -9.0 -9.00 -9  -0.3  -0.1  -0.1   0.2   0.8  -9 -9.0 -9  3 -9
202401192100 108   5  6.1   5 11.0 1907 1017.6 1028.3  1   0.9   4.1  -1.6  66.0   5.4   -9.0   -9.0   -9.0   -9.0   -9.0   -9.0   -9.0 -9 -9 -                        8   0   -9 Ci         2   0   0  4717 -9.0 -9.00 -9  -0.2  -0.1  -0.1   0.2   0.8  -9 -9.0 -9  3  2
202401192200 108   7  4.5  -9 -9.0   -9 1017.8 1028.5 -9  -9.0   4.2  -2.2  63.0   5.2   -9.0   -9.0   -9.0   -9.0   -9.0   -9.0   -9.0 -9 -9 -                        7   7   11 -         -9  -9  -9  4986 -9.0 -9.00 -9  -0.1  -0.1   0.0   0.2   0.8  -9 -9.0 -9  3 -9
202401192300 108   7  3.4   5 10.0 2211 1017.7 1028.4 -9  -9.0   4.2  -2.0  64.0   5.3   -9.0   -9.0   -9.0   -9.0   -9.0   -9.0   -9.0 -9 -9 -                        7   7   11 -         -9  -9  -9  5000 -9.0 -9.00 -9   0.2  -0.1   0.0   0.2   0.8  -9 -9.0 -9  3 -9
202401200000 108   5  4.5   5 10.0 2211 1017.4 1028.1  8  -0.2   4.1  -2.1  64.0   5.2   -9.0   -9.0   -9.0   -9.0   -9.0   -9.0   -9.0 -9 -9 -                        7   7   45 Ac         0   3   0  5000 -9.0 -9.00 -9   0.0  -0.1   0.0   0.2   0.8  -9 -9.0 -9  3  2
202401200100 108   5  5.4   5 10.0   55 1017.3 1028.0 -9  -9.0   3.8  -1.9  66.0   5.3   -9.0   -9.0   -9.0   -9.0   -9.0   -9.0   -9.0 -9 -9 -                        8   1   15 -         -9  -9  -9  5000 -9.0 -9.00 -9  -0.2  -0.1   0.0   0.2   0.8  -9 -9.0 -9  3 -9
202401200200 108   7  5.6   5 11.0  136 1017.2 1027.9 -9  -9.0   3.8  -1.7  67.0   5.4   -9.0   -9.0   -9.0   -9.0   -9.0   -9.0   -9.0 -9 -9 -                        7   7   15 -         -9  -9  -9  5000 -9.0 -9.00 -9   0.0  -0.1   0.0   0.2   0.9  -9 -9.0 -9  3 -9
202401200300 108   5  5.0   7 11.0  225 1017.0 1027.7  7  -0.4   3.7  -1.8  67.0   5.4   -9.0   -9.0   -9.0   -9.0   -9.0   -9.0   -9.0 -9 -9 -                        6   6   45 Ac         0   3   0  5000 -9.0 -9.00 -9   0.0  -0.1   0.0   0.2   0.9  -9 -9.0 -9  3  2
202401200400 108   5  5.8   5 11.0  359 1016.5 1027.2 -9  -9.0   3.6  -1.9  67.0   5.3   -9.0   -9.0   -9.0   -9.0   -9.0   -9.0   -9.0 -9 -9 -                        8   6   35 AcCi       1   3   0  5000 -9.0 -9.00 -9   0.1  -0.1   0.0   0.2   0.9  -9 -9.0 -9  3  2
202401200500 108   7  6.3   5 11.0  415 1015.9 1026.6 -9  -9.0   3.6  -2.3  65.0   5.2   -9.0   -9.0   -9.0   -9.0   -9.0   -9.0   -9.0 -9 -9 -                        9   4   15 ScAc       0   3   5  5000 -9.0 -9.00 -9   0.2  -0.1   0.0   0.2   0.9  -9 -9.0 -9  3  2
202401200600 108   5  7.2   5 12.0  554 1015.6 1026.3  7  -1.4   3.6  -2.3  65.0   5.2   -9.0   -9.0   -9.0   -9.0   -9.0   -9.0   -9.0 -9 -9 -                        9   3   15 ScAc       0   3   5  5000 -9.0 -9.00 -9   0.1  -0.1   0.0   0.2   0.9  -9 -9.0 -9  3  2
202401200700 108   5  5.5   5 11.0  631 1015.6 1026.3 -9  -9.0   3.6  -2.5  64.0   5.1   -9.0   -9.0   -9.0   -9.0   -9.0   -9.0   -9.0 -9 -9 -                        9   4   15 ScAs       0   2   5  5000 -9.0 -9.00 -9   0.3  -0.1   0.0   0.2   0.9  -9 -9.0 -9  3  2
202401200800 108   7  6.1   5 10.0  748 1015.3 1026.0 -9  -9.0   3.6  -2.5  64.0   5.1   -9.0   -9.0   -9.0   -9.0   -9.0   -9.0   -9.0 -9 -9 -                        9   4   18 ScAc       0   3   5  5000  0.0  0.00 -9   0.2  -0.1   0.0   0.2   0.9  -9 -9.0 -9  3  2
202401200900 108   7  5.9   5 12.0  554 1015.7 1026.4  3   0.1   3.8  -2.8  62.0   5.0   -9.0   -9.0   -9.0   -9.0   -9.0   -9.0   -9.0 -9 -9 -                       10   3   18 ScAs      -9   2   5  5000  0.0  0.08 -9   0.7  -0.1   0.0   0.2   0.9  -9 -9.0 -9  3  2
202401201000 108   7  5.5   5 12.0  946 1016.2 1026.9 -9  -9.0   4.1  -2.9  60.0   4.9   -9.0   -9.0   -9.0   -9.0   -9.0   -9.0   -9.0 -9 -9 -                       10  10   28 As        -9   2   0  5000  0.0  0.17 -9   1.2  -0.1   0.0   0.2   0.9  -9 -9.0 -9  3  2
202401201100 108   5  6.3   7 12.0 1019 1016.0 1026.7 -9  -9.0   4.4  -2.9  59.0   4.9   -9.0   -9.0   -9.0   -9.0   -9.0   -9.0   -9.0 -9 -9 -                       10   4   18 ScAs      -9   2   5  5000  0.0  0.27 -9   2.1  -0.1   0.0   0.2   0.9  -9 -9.0 -9  3  2
202401201200 108   5  5.6   5 12.0  946 1015.0 1025.7  8  -0.7   4.7  -3.1  57.0   4.9   -9.0   -9.0   -9.0   -9.0   -9.0   -9.0   -9.0 -9 -9 -                       10   6   15 ScAs      -9   2   5  5000  0.0  0.36 -9   2.5  -0.1   0.0   0.2   0.9  -9 -9.0 -9  3  2
202401201300 108   5  5.9   7 10.0 1238 1014.1 1024.8 -9  -9.0   4.8  -2.3  60.0   5.2   -9.0    0.0    0.0   -9.0   -9.0   -9.0   -9.0 60 62 01                      10   7   12 ScAs      -9   2   5  5000  0.0  0.44 -9   3.2  -0.1   0.0   0.2   0.9  -9 -9.0 -9  4  1
202401201400 108   5  6.6   7 11.0 1337 1013.3 1024.0 -9  -9.0   4.5  -0.5  70.0   5.9   -9.0    0.0    0.0   -9.0   -9.0   -9.0   -9.0 61 66 01                      10   6    8 StNs      -9   2   7  4842  0.0  0.59 -9   4.5  -0.1   0.0   0.2   0.9  -9 -9.0 -9  4  1
202401201500 108   5  6.1   5 12.0  946 1013.0 1023.7  7  -2.0   4.5  -1.1  67.0   5.6    0.0    0.0    0.0   -9.0   -9.0   -9.0   -9.0 60 66 01                      10   7   10 ScAs      -9   2   5  5000  0.0  0.51 -9   3.4  -0.1   0.0   0.2   0.9  -9 -9.0 -9  4  1
202401201600 108   7  5.1   7 11.0 1504 1013.2 1023.9 -9  -9.0   4.0  -0.6  72.0   5.8   -9.0    0.0    0.0   -9.0   -9.0   -9.0   -9.0 61 66 01                      10   8    8 StNs      -9   2   7  4595  0.0  0.22 -9   2.1  -0.1   0.0   0.2   0.9  -9 -9.0 -9  4  1
202401201700 108   7  4.5   7 10.0 1606 1013.3 1024.0 -9  -9.0   3.1   0.1  81.0   6.2   -9.0    0.0    0.0   -9.0   -9.0   -9.0   -9.0 61 66 01                      10   8    8 StNs      -9   2   7  2735  0.0  0.08 -9   1.2  -0.1   0.0   0.2   0.9  -9 -9.0 -9  4  1
202401201800 108   5  4.6   7 11.0 1504 1013.2 1024.0  1   0.3   2.3   0.6  89.0   6.4    0.2    0.2    0.2   -9.0   -9.0   -9.0   -9.0 68 76 0601                    10   8    4 StNs      -9   2   7  2596  0.0  0.02 -9   0.5  -0.1   0.0   0.2   0.9  -9 -9.0 -9  4  1
202401201900 108   7  5.0  -9 -9.0   -9 1013.4 1024.2 -9  -9.0   2.0   0.3  89.0   6.2   -9.0    0.4    0.4   -9.0   -9.0   -9.0   -9.0 68 77 06                      10   7    5 StNs      -9   2   7  2893 -9.0 -9.00 -9   0.2  -0.1   0.0   0.2   0.9  -9 -9.0 -9  4  1
202401202000 108   5  4.9  -9 -9.0   -9 1013.7 1024.5 -9  -9.0   2.0  -0.4  84.0   5.9   -9.0    0.4    0.4   -9.0   -9.0   -9.0   -9.0 68 77 06                      10   8    8 StNs      -9   2   7  2938 -9.0 -9.00 -9   0.1  -0.1   0.0   0.2   0.9  -9 -9.0 -9  4  1
202401202100 108   7  5.1   7 11.0 2043 1013.9 1024.7  2   0.7   2.1  -1.1  79.0   5.6    0.2    0.4    0.4   -9.0   -9.0   -9.0   -9.0 68 76 06                       9   5   11 ScAs       0   2   5  4410 -9.0 -9.00 -9   0.0  -0.1   0.0   0.2   0.9  -9 -9.0 -9  1  1
202401202200 108   5  4.2   2 10.0 2106 1014.0 1024.8 -9  -9.0   2.3  -1.6  75.0   5.4   -9.0    0.4    0.4   -9.0   -9.0   -9.0   -9.0 68 77 06                       9   6   16 ScAs       0   2   5  5000 -9.0 -9.00 -9   0.0  -0.1   0.0   0.2   0.9  -9 -9.0 -9  4  1
202401202300 108   5  4.9  -9 -9.0   -9 1013.6 1024.4 -9  -9.0   2.4  -1.9  73.0   5.3   -9.0    0.4    0.4   -9.0   -9.0   -9.0   -9.0 71 77 0605                     9   9   15 Sc         0   0   5  5000 -9.0 -9.00 -9  -0.1  -0.1   0.0   0.2   0.9  -9 -9.0 -9  4  1
202401210000 108   5  3.6   2 10.0 2106 1013.5 1024.3  8  -0.4   2.5  -2.4  70.0   5.1    0.0    0.4    0.4   -9.0   -9.0   -9.0   -9.0 22 72 05                       7   7   15 Sc         0   0   5  5000 -9.0 -9.00 -9  -0.1  -0.1   0.0   0.2   0.9  -9 -9.0 -9  4  1
202401210100 108   5  3.8  -9 -9.0   -9 1013.1 1023.9 -9  -9.0   2.4  -2.3  71.0   5.2   -9.0   -9.0   -9.0   -9.0   -9.0   -9.0   -9.0 -9 -9 -                        9   9   15 -         -9  -9  -9  5000 -9.0 -9.00 -9  -0.1  -0.1   0.0   0.2   0.9  -9 -9.0 -9  3 -9
202401210200 108   5  2.7  -9 -9.0   -9 1013.2 1024.0 -9  -9.0   2.2  -2.5  71.0   5.1   -9.0   -9.0   -9.0   -9.0   -9.0   -9.0   -9.0 -9 -9 -                        9   9   16 -         -9  -9  -9  5000 -9.0 -9.00 -9  -0.2  -0.1   0.0   0.2   0.9  -9 -9.0 -9  3 -9
202401210300 108   5  3.0   2 10.0 2106 1013.2 1024.0  5  -0.3   2.0  -2.7  71.0   5.0   -9.0   -9.0   -9.0   -9.0   -9.0   -9.0   -9.0 -9 72 -                        9   9   11 Sc         0   0   5  5000 -9.0 -9.00 -9  -0.2  -0.1   0.0   0.2   0.9  -9 -9.0 -9  3  1
202401210400 108   5  2.2  -9 -9.0   -9 1013.0 1023.8 -9  -9.0   2.0  -3.2  68.0   4.8   -9.0    0.0    0.0   -9.0   -9.0   -9.0   -9.0 70 72 05                       9   9   10 Sc         0   0   5  5000 -9.0 -9.00 -9  -0.2  -0.1   0.0   0.2   0.9  -9 -9.0 -9  4  1
202401210500 108   5  1.7  -9 -9.0   -9 1013.3 1024.1 -9  -9.0   2.0  -3.2  68.0   4.8   -9.0    0.0    0.0   -9.0   -9.0   -9.0   -9.0 22 72 05                       8   8   15 Sc         0   0   5  5000 -9.0 -9.00 -9  -0.2  -0.1   0.0   0.2   0.9  -9 -9.0 -9  4  1
202401210600 108   7  1.4  -9 -9.0   -9 1013.4 1024.2  3   0.2   2.0  -3.4  67.0   4.8    0.0    0.0    0.0   -9.0   -9.0   -9.0   -9.0 -9 72 -                        8   8   12 Sc         0   0   5  5000 -9.0 -9.00 -9  -0.2  -0.1   0.0   0.2   0.9  -9 -9.0 -9  3  1
202401210700 108   5  1.3  -9 -9.0   -9 1014.1 1024.9 -9  -9.0   2.0  -3.2  68.0   4.8   -9.0    0.0    0.0   -9.0   -9.0   -9.0   -9.0 68 72 06                       9   9   11 Sc         0   0   5  5000 -9.0 -9.00 -9  -0.2  -0.1   0.0   0.2   0.9  -9 -9.0 -9  4  1
202401210800 108   7  0.9  -9 -9.0   -9 1014.4 1025.2 -9  -9.0   1.9  -3.1  69.0   4.9   -9.0    0.0    0.0   -9.0   -9.0   -9.0   -9.0 23 72 06                       9   9   11 Sc         0   0   5  5000  0.0  0.00 -9  -0.2  -0.1   0.0   0.2   0.9  -9 -9.0 -9  4  1
202401210900 108   7  3.0  -9 -9.0   -9 1014.3 1025.1  0   0.9   2.3  -2.8  69.0   5.0    0.0    0.0    0.0   -9.0   -9.0   -9.0   -9.0 -9 72 -                        8   8   11 Sc         0   0   5  5000  0.0  0.14 -9   0.3  -0.1   0.0   0.2   0.9  -9 -9.0 -9  3  1
202401211000 108   5  1.5  -9 -9.0   -9 1015.0 1025.8 -9  -9.0   2.7  -2.4  69.0   5.1   -9.0    0.0    0.0   -9.0   -9.0   -9.0   -9.0 -9 -9 -                        9   9    9 Sc         0   0   5  5000  0.0  0.26 -9   1.5  -0.1   0.0   0.2   0.9  -9 -9.0 -9  3  2
202401211100 108  34  1.4  -9 -9.0   -9 1015.0 1025.7 -9  -9.0   3.4  -1.9  68.0   5.3   -9.0    0.0    0.0   -9.0   -9.0   -9.0   -9.0 22 72 05                       9   9    6 Sc         0   0   5  5000  0.0  0.49 -9   3.9  -0.1   0.0   0.2   0.9  -9 -9.0 -9  4  1
202401211200 108   2  1.3  -9 -9.0   -9 1014.5 1025.2  0   0.1   4.2  -1.5  66.0   5.5    0.0    0.0    0.0   -9.0   -9.0   -9.0   -9.0 -9 72 -                        9   9    6 Sc         0   0   5  5000  0.0  0.64 -9   5.2  -0.1   0.1   0.2   0.9  -9 -9.0 -9  3  1
202401211300 108  29  2.5  -9 -9.0   -9 1014.1 1024.8 -9  -9.0   4.2  -0.2  73.0   6.0   -9.0    0.0    0.0   -9.0   -9.0   -9.0   -9.0 -9 -9 -                        9   9    6 Sc         0   0   5  3624  0.0  0.62 -9   5.6  -0.1   0.1   0.2   0.9  -9 -9.0 -9  3  2
202401211400 108  29  2.1  -9 -9.0   -9 1014.0 1024.7 -9  -9.0   3.4   1.1  85.0   6.6   -9.0    0.1    0.1   -9.0   -9.0   -9.0   -9.0 68 76 0601                     9   9    6 Sc         0   0   5   645  0.0  0.57 -9   5.2   0.0   0.1   0.3   0.9  -9 -9.0 -9  4  1
202401211500 108  27  1.9  -9 -9.0   -9 1014.1 1024.8  5  -0.4   3.0   1.2  88.0   6.7    0.2    0.2    0.2   -9.0   -9.0   -9.0   -9.0 61 76 0601                    10   8    5 StNs      -9   2   7  1049  0.0  0.45 -9   3.9   0.0   0.1   0.3   0.9  -9 -9.0 -9  4  1
202401211600 108  27  1.7  -9 -9.0   -9 1014.2 1025.0 -9  -9.0   2.6   0.9  89.0   6.5   -9.0    0.4    0.4   -9.0   -9.0   -9.0   -9.0 61 66 01                      10   8    5 StNs      -9   2   7  1148  0.0  0.25 -9   3.1   0.0   0.1   0.3   0.9  -9 -9.0 -9  4  1
202401211700 108  27  2.8  -9 -9.0   -9 1014.7 1025.5 -9  -9.0   2.4   0.6  88.0   6.4   -9.0    0.4    0.4   -9.0   -9.0   -9.0   -9.0 61 66 01                      10   9    5 StNs      -9   2   7  2024  0.0  0.14 -9   1.9   0.0   0.1   0.3   1.0  -9 -9.0 -9  4  1
202401211800 108  27  2.7  -9 -9.0   -9 1015.1 1025.9  2   1.1   2.3   0.0  85.0   6.1    0.2    0.4    0.4   -9.0   -9.0   -9.0   -9.0 60 66 01                      10   8    6 ScAs      -9   2   5  2149  0.0  0.01 -9   1.0   0.0   0.1   0.3   1.0  -9 -9.0 -9  4  1
202401211900 108  27  2.4  -9 -9.0   -9 1015.0 1025.8 -9  -9.0   2.2  -0.5  82.0   5.9   -9.0    0.4    0.4   -9.0   -9.0   -9.0   -9.0 21 62 01                       9   9    6 Sc         0   0   5  2539 -9.0 -9.00 -9   0.5   0.0   0.1   0.4   1.0  -9 -9.0 -9  4  1
202401212000 108  27  4.0  -9 -9.0   -9 1015.1 1025.9 -9  -9.0   1.5  -0.7  85.0   5.8   -9.0    0.4    0.4   -9.0   -9.0   -9.0   -9.0 -9 -9 -                       10   8    6 -         -9  -9  -9  1006 -9.0 -9.00 -9   0.2   0.0   0.1   0.4   1.0  -9 -9.0 -9  3  2
202401212100 108  25  4.7  -9 -9.0   -9 1015.6 1026.5  3   0.6  -0.1  -2.9  81.0   4.9    0.0    0.4    0.4   -9.0   -9.0   -9.0   -9.0 10 62 19                      10   8    6 ScAs      -9   2   5   748 -9.0 -9.00 -9  -0.2   0.0   0.1   0.4   1.0  -9 -9.0 -9  3  1
202401212200 108  25  4.4  -9 -9.0   -9 1015.7 1026.6 -9  -9.0  -1.0  -4.1  79.0   4.5   -9.0    0.4    0.4   -9.0   -9.0   -9.0   -9.0 -9 -9 19                      10  10    4 -         -9  -9  -9   884 -9.0 -9.00 -9  -0.2   0.0   0.1   0.4   1.0  -9 -9.0 -9  3  2
202401212300 108  25  4.5  -9 -9.0   -9 1015.9 1026.9 -9  -9.0  -1.9  -4.8  80.0   4.3   -9.0    0.4    0.4   -9.0   -9.0   -9.0   -9.0 70 72 1905                     9   9    4 Sc         0   0   5   944 -9.0 -9.00 -9  -0.2   0.0   0.1   0.4   1.1  -9 -9.0 -9  4  1
202401220000 108  23  3.5  -9 -9.0   -9 1015.8 1026.8  0   0.3  -2.4  -5.5  79.0   4.1    0.0    0.4    0.4   -9.0   -9.0   -9.0   -9.0 71 77 1905                     9   9    8 Sc         0   0   5  1072 -9.0 -9.00 -9  -0.3   0.0   0.1   0.4   1.1  -9 -9.0 -9  4  1
202401220100 108  25  3.6  -9 -9.0   -9 1016.0 1027.0 -9  -9.0  -3.0  -6.6  76.0   3.7   -9.0    0.0    0.0   -9.0   -9.0   -9.0   -9.0 71 77 05                       9   9    5 Sc         0   0   5  1418 -9.0 -9.00 -9  -0.5   0.0   0.1   0.4   1.1  -9 -9.0 -9  4  1
202401220200 108  23  3.5  -9 -9.0   -9 1016.0 1027.0 -9  -9.0  -3.5  -7.2  75.0   3.6   -9.0    0.0    0.0   -9.0   -9.0   -9.0   -9.0 71 77 05                       9   9    5 Sc         0   0   5  1303 -9.0 -9.00 -9  -0.6   0.0   0.1   0.4   1.1  -9 -9.0 -9  4  1
202401220300 108  25  3.6  -9 -9.0   -9 1016.4 1027.5  2   0.7  -4.4  -8.1  75.0   3.3    0.0    0.0    0.0   -9.0   -9.0   -9.0   -9.0 71 77 05                      10   8    5 ScAs      -9   2   5   813 -9.0 -9.00 -9  -0.7   0.0   0.1   0.4   1.1  -9 -9.0 -9  4  1
202401220400 108  27  5.3  -9 -9.0   -9 1016.8 1027.9 -9  -9.0  -5.8 -10.2  71.0   2.8   -9.0    0.0    0.0   -9.0   -9.0    0.0    0.0 71 77 05                      10   7    5 ScAs      -9   2   5   681 -9.0 -9.00 -9  -1.2   0.0   0.1   0.4   1.1  -9 -9.0 -9  4  1
202401220500 108  27  3.4  -9 -9.0   -9 1016.9 1028.1 -9  -9.0  -6.8  -9.2  83.0   3.0   -9.0    0.0    0.0   -9.0   -9.0    1.0    1.0 71 77 05                      10   8    4 StNs      -9   2   7   104 -9.0 -9.00 -9  -0.6   0.0   0.1   0.4   1.1  -9 -9.0 -9  4  1
202401220600 108  27  3.7  -9 -9.0   -9 1017.0 1028.2  2   0.7  -7.7 -10.0  83.0   2.9    0.1    0.1    0.1   -9.0    1.8    1.8    1.8 71 77 05                      10   8    4 StNs      -9   2   7   106 -9.0 -9.00 -9  -0.5   0.0   0.1   0.4   1.1  -9 -9.0 -9  4  1
202401220700 108  27  3.4  32 10.0  629 1017.0 1028.3 -9  -9.0  -8.2 -12.8  69.0   2.3   -9.0    0.2    0.2   -9.0   -9.0    2.3    2.3 71 77 05                       8   8    7 Sc         0   0   5  1916 -9.0 -9.00 -9  -0.5   0.0   0.1   0.4   1.1  -9 -9.0 -9  4  1
202401220800 108  25  4.4  -9 -9.0   -9 1017.1 1028.4 -9  -9.0  -8.6 -13.6  67.0   2.1   -9.0    0.2    0.2   -9.0   -9.0    2.0    2.0 70 77 05                       9   9    6 Sc         0   0   5  1977  0.0  0.01 -9  -0.5   0.0   0.1   0.4   1.1  -9 -9.0 -9  4  1
202401220900 108  25  4.1  32 10.0  629 1017.5 1028.8  2   0.6  -8.8 -14.0  66.0   2.1    0.1    0.2    0.2   -9.0    0.5    1.9    1.9 22 72 05                       7   7    8 Sc         0   0   5  1336  0.0  0.12 -9  -0.5   0.0   0.1   0.4   1.1  -9 -9.0 -9  1  1
202401221000 108  29  4.0  -9 -9.0   -9 1018.0 1029.3 -9  -9.0  -8.8 -14.1  65.0   2.1   -9.0    0.2    0.2   -9.0   -9.0    1.6    1.6 -9 -9 -                        7   7    8 Sc         0   0   5  2385  0.0  0.39 -9  -0.4   0.0   0.1   0.4   1.1  -9 -9.0 -9  3  2
202401221100 108  27  4.3  -9 -9.0   -9 1017.8 1029.1 -9  -9.0  -8.4 -14.7  60.0   2.0   -9.0    0.2    0.2   -9.0   -9.0    1.4    1.4 -9 -9 -                        7   7    8 Sc         0   0   5  2524  0.2  0.74 -9  -0.2   0.0   0.1   0.4   1.1  -9 -9.0 -9  3  2
202401221200 108  29  4.8  -9 -9.0   -9 1016.9 1028.2  8  -0.6  -8.4 -14.7  60.0   2.0   -9.0    0.2    0.2   -9.0   -9.0    1.0    1.0 -9 -9 -                        5   5    9 Sc         0   0   5  2310  0.0  0.78 -9  -0.3   0.0   0.1   0.3   1.1  -9 -9.0 -9  3  2
202401221300 108  27  3.9  -9 -9.0   -9 1016.4 1027.6 -9  -9.0  -7.1 -13.9  58.0   2.1   -9.0    0.2    0.2   -9.0   -9.0    0.7    0.7 -9 -9 -                        7   7    9 Sc         0   0   5  2233  0.6  1.47 -9  -0.1   0.0   0.1   0.4   1.1  -9 -9.0 -9  3  2
202401221400 108  27  5.1  -9 -9.0   -9 1015.8 1027.0 -9  -9.0  -7.2 -14.2  57.0   2.0   -9.0    0.2    0.2   -9.0   -9.0    0.4    0.4 -9 -9 -                        4   4    8 Sc         0   0   5  2157  0.5  1.41 -9   1.1   0.0   0.1   0.4   1.1  -9 -9.0 -9  3  2
202401221500 108  29  5.5  -9 -9.0   -9 1015.8 1027.0  6  -1.2  -7.3 -14.1  58.0   2.1   -9.0    0.2    0.2   -9.0   -9.0    0.2    0.2 -9 -9 -                        4   4    9 Sc         0   0   5  2090  0.9  1.86 -9   1.5   0.0   0.1   0.4   1.1  -9 -9.0 -9  3  2
202401221600 108  29  4.0  -9 -9.0   -9 1015.9 1027.1 -9  -9.0  -7.5 -14.7  56.0   2.0   -9.0    0.2    0.2   -9.0   -9.0    0.1    0.1 -9 -9 -                        5   5    9 Sc         0   0   5  2126  0.8  1.11 -9  -0.2   0.0   0.1   0.4   1.1  -9 -9.0 -9  3  2
202401221700 108  29  4.2  29 10.0 1605 1016.3 1027.6 -9  -9.0  -8.5 -15.3  58.0   1.9   -9.0    0.2    0.2   -9.0   -9.0   -9.0   -9.0 -9 -9 -                        4   4    9 Sc         0   0   5  2271  0.6  0.53 -9  -0.7   0.0   0.1   0.4   1.1  -9 -9.0 -9  3  2
202401221800 108  29  2.6  29 10.0 1605 1017.0 1028.3  2   1.3  -9.4 -15.5  61.0   1.8   -9.0    0.2    0.2   -9.0   -9.0   -9.0   -9.0 -9 -9 -                        1   1   10 Sc         0   0   5  2240  0.0  0.07 -9  -1.7   0.0   0.1   0.4   1.1  -9 -9.0 -9  3  2
202401221900 108  27  3.5  -9 -9.0   -9 1018.0 1029.4 -9  -9.0 -10.3 -16.0  63.0   1.8   -9.0    0.2    0.2   -9.0   -9.0   -9.0   -9.0 -9 -9 -                        0   0   -9 -         -9  -9  -9  2315 -9.0 -9.00 -9  -3.3   0.0   0.1   0.4   1.1  -9 -9.0 -9  3 -9
202401222000 108  27  4.8  27 10.0 1957 1018.1 1029.5 -9  -9.0 -11.0 -16.6  63.0   1.7   -9.0    0.2    0.2   -9.0   -9.0   -9.0   -9.0 -9 -9 -                        0   0   -9 -         -9  -9  -9  2199 -9.0 -9.00 -9  -4.4   0.0   0.1   0.4   1.1  -9 -9.0 -9  3 -9
202401222100 108  29  3.2  29 10.0 1605 1018.4 1029.8  2   1.5 -11.4 -17.4  61.0   1.6   -9.0    0.2    0.2   -9.0   -9.0   -9.0   -9.0 -9 -9 -                        2   2    9 Sc         0   0   5  2397 -9.0 -9.00 -9  -4.9  -0.1   0.1   0.4   1.1  -9 -9.0 -9  3  2
202401222200 108  29  3.1  -9 -9.0   -9 1018.3 1029.7 -9  -9.0 -11.5 -17.5  61.0   1.6   -9.0    0.2    0.2   -9.0   -9.0   -9.0   -9.0 -9 -9 -                        4   4    9 -         -9  -9  -9  2483 -9.0 -9.00 -9  -5.2   0.0   0.1   0.4   1.1  -9 -9.0 -9  3 -9
202401222300 108  29  4.7  -9 -9.0   -9 1017.7 1029.1 -9  -9.0 -11.6 -17.6  61.0   1.5   -9.0    0.2    0.2   -9.0   -9.0   -9.0   -9.0 -9 -9 -                        0   0   -9 -         -9  -9  -9  2652 -9.0 -9.00 -9  -5.8   0.0   0.1   0.4   1.1  -9 -9.0 -9  3 -9
202401230000 108  29  4.0  -9 -9.0   -9 1017.1 1028.5  7  -1.3 -11.9 -17.9  61.0   1.5   -9.0    0.2    0.2   -9.0   -9.0   -9.0   -9.0 -9 -9 -                        1   1   10 Sc         0   0   5  2469 -9.0 -9.00 -9  -6.1   0.0   0.1   0.4   1.1  -9 -9.0 -9  3  2
202401230100 108  29  3.8  -9 -9.0   -9 1016.7 1028.1 -9  -9.0 -12.3 -19.7  54.0   1.3   -9.0   -9.0   -9.0   -9.0   -9.0   -9.0   -9.0 -9 -9 -                        0   0   -9 -         -9  -9  -9  2471 -9.0 -9.00 -9  -6.6   0.0   0.1   0.4   1.1  -9 -9.0 -9  3 -9
202401230200 108  29  3.8  -9 -9.0   -9 1016.9 1028.4 -9  -9.0 -12.7 -20.5  52.0   1.2   -9.0   -9.0   -9.0   -9.0   -9.0   -9.0   -9.0 -9 -9 -                        0   0   -9 -         -9  -9  -9  2514 -9.0 -9.00 -9  -6.9   0.0   0.1   0.4   1.1  -9 -9.0 -9  3 -9
202401230300 108  29  3.9  -9 -9.0   -9 1016.9 1028.4  5  -0.1 -13.1 -20.9  52.0   1.2   -9.0   -9.0   -9.0   -9.0   -9.0   -9.0   -9.0 -9 -9 -                        0   0   -9 -         -9  -9  -9  2590 -9.0 -9.00 -9  -7.3   0.0   0.1   0.4   1.1  -9 -9.0 -9  3  2
202401230400 108  29  3.4  -9 -9.0   -9 1016.7 1028.2 -9  -9.0 -13.5 -21.5  51.0   1.1   -9.0   -9.0   -9.0   -9.0   -9.0   -9.0   -9.0 -9 -9 -                        0   0   -9 -         -9  -9  -9  2797 -9.0 -9.00 -9  -7.6   0.0   0.1   0.4   1.1  -9 -9.0 -9  3  2
202401230500 108  29  2.7  -9 -9.0   -9 1016.5 1028.0 -9  -9.0 -13.7 -21.2  53.0   1.1   -9.0   -9.0   -9.0   -9.0   -9.0   -9.0   -9.0 -9 -9 -                        0   0   -9 -         -9  -9  -9  3112 -9.0 -9.00 -9  -7.7   0.0   0.0   0.3   1.1  -9 -9.0 -9  3  2
202401230600 108  27  3.1  -9 -9.0   -9 1016.4 1027.9  7  -0.5 -13.9 -20.8  56.0   1.2   -9.0   -9.0   -9.0   -9.0   -9.0   -9.0   -9.0 -9 -9 -                        0   0   -9 -         -9  -9  -9  3072 -9.0 -9.00 -9  -7.9   0.0   0.0   0.3   1.1  -9 -9.0 -9  3  2
202401230700 108  29  3.7  -9 -9.0   -9 1016.4 1027.9 -9  -9.0 -13.8 -20.5  57.0   1.2   -9.0   -9.0   -9.0   -9.0   -9.0   -9.0   -9.0 -9 -9 -                        0   0   -9 -         -9  -9  -9  3293 -9.0 -9.00 -9  -8.1  -0.1   0.0   0.3   1.1  -9 -9.0 -9  3  2
202401230800 108  29  2.5  -9 -9.0   -9 1016.4 1027.9 -9  -9.0 -14.0 -19.9  61.0   1.3   -9.0   -9.0   -9.0   -9.0   -9.0   -9.0   -9.0 -9 -9 -                        0   0   -9 -         -9  -9  -9  3219  0.0  0.00 -9  -7.9  -0.1   0.0   0.3   1.1  -9 -9.0 -9  3  2
202401230900 108  29  3.0  -9 -9.0   -9 1016.4 1027.9  4   0.0 -13.6 -19.7  60.0   1.3   -9.0   -9.0   -9.0   -9.0   -9.0   -9.0   -9.0 -9 -9 -                        0   0   -9 -         -9  -9  -9  3034  0.9  0.38 -9  -6.8  -0.2  -0.1   0.3   1.0  -9 -9.0 -9  3  2
202401231000 108  27  4.6  -9 -9.0   -9 1016.5 1027.9 -9  -9.0 -12.4 -19.6  55.0   1.3   -9.0   -9.0   -9.0   -9.0   -9.0   -9.0   -9.0 -9 -9 -                        0   0   -9 -         -9  -9  -9  2962  1.0  0.97 -9  -2.5  -0.4  -0.1   0.3   1.0  -9 -9.0 -9  3  2
202401231100 108  27  3.8  -9 -9.0   -9 1016.5 1027.9 -9  -9.0 -11.2 -18.9  53.0   1.4   -9.0   -9.0   -9.0   -9.0   -9.0   -9.0   -9.0 -9 -9 -                        0   0   -9 -         -9  -9  -9  3075  1.0  1.65 -9  -0.3  -0.5  -0.1   0.3   1.0  -9 -9.0 -9  3  2
202401231200 108  27  4.0  -9 -9.0   -9 1015.2 1026.5  7  -1.4 -10.4 -19.0  49.0   1.4   -9.0   -9.0   -9.0   -9.0   -9.0   -9.0   -9.0 -9 -9 -                        0   0   -9 -         -9  -9  -9  3110  1.0  2.06 -9   1.3  -0.5  -0.1   0.3   1.0  -9 -9.0 -9  3  2
202401231300 108  27  5.7  25 10.0 1251 1014.2 1025.5 -9  -9.0 -10.0 -19.4  46.0   1.3   -9.0   -9.0   -9.0   -9.0   -9.0   -9.0   -9.0 -9 -9 -                        0   0   -9 -         -9  -9  -9  3788  1.0  2.26 -9   2.6  -0.5  -0.1   0.3   1.0  -9 -9.0 -9  3  2
202401231400 108  27  4.0  -9 -9.0   -9 1013.2 1024.4 -9  -9.0  -8.9 -18.7  45.0   1.4   -9.0   -9.0   -9.0   -9.0   -9.0   -9.0   -9.0 -9 -9 -                        0   0   -9 -         -9  -9  -9  3924  1.0  2.16 -9   2.9  -0.5  -0.1   0.2   1.0  -9 -9.0 -9  3  2
202401231500 108  27  5.2  25 10.0 1251 1012.8 1024.0  7  -2.5  -8.8 -18.0  47.0   1.5   -9.0   -9.0   -9.0   -9.0   -9.0   -9.0   -9.0 -9 -9 -                        1   1   13 Sc         0   0   5  3815  1.0  1.91 -9   2.0  -0.5  -0.1   0.2   1.0  -9 -9.0 -9  3  2
202401231600 108  29  4.9  34 10.0 1532 1012.6 1023.8 -9  -9.0  -8.8 -17.6  49.0   1.5   -9.0   -9.0   -9.0   -9.0   -9.0   -9.0   -9.0 -9 -9 -                        1   1   12 Sc         0   0   5  3831  1.0  1.42 -9  -0.2  -0.4  -0.1   0.2   1.0  -9 -9.0 -9  3  2
202401231700 108  29  3.6  -9 -9.0   -9 1012.6 1023.9 -9  -9.0  -9.5 -18.0  50.0   1.5   -9.0   -9.0   -9.0   -9.0   -9.0   -9.0   -9.0 -9 -9 -                        1   0   -9 Ci         1   0   0  4114  0.9  0.60 -9  -1.3  -0.5  -0.1   0.2   1.0  -9 -9.0 -9  3  2
202401231800 108  27  5.8  34 10.0 1532 1012.8 1024.1  3   0.1 -10.7 -18.4  53.0   1.4   -9.0   -9.0   -9.0   -9.0   -9.0   -9.0   -9.0 -9 -9 -                        2   1   10 ScCi       1   0   5  4211  0.3  0.12 -9  -3.1  -0.5  -0.2   0.2   1.0  -9 -9.0 -9  3  2
202401231900 108  29  4.5  27 10.0 1802 1013.9 1025.2 -9  -9.0 -11.2 -18.2  56.0   1.5   -9.0   -9.0   -9.0   -9.0   -9.0   -9.0   -9.0 -9 -9 -                        7   0   -9 -         -9  -9  -9  3284 -9.0 -9.00 -9  -6.1  -0.5  -0.2   0.2   1.0  -9 -9.0 -9  3 -9
202401232000 108  27  4.9  -9 -9.0   -9 1014.3 1025.7 -9  -9.0 -11.8 -18.4  58.0   1.4   -9.0   -9.0   -9.0   -9.0   -9.0   -9.0   -9.0 -9 -9 -                        7   1    7 -         -9  -9  -9  3290 -9.0 -9.00 -9  -7.5  -0.5  -0.2   0.2   1.0  -9 -9.0 -9  3 -9
202401232100 108  27  4.0  27 10.0 1802 1014.8 1026.2  2   2.1 -11.9 -18.7  57.0   1.4   -9.0   -9.0   -9.0   -9.0   -9.0   -9.0   -9.0 -9 -9 -                        1   1   43 Ac         0   3   0  3403 -9.0 -9.00 -9  -7.9  -0.6  -0.2   0.2   1.0  -9 -9.0 -9  3  2
202401232200 108  27  3.2  -9 -9.0   -9 1014.8 1026.2 -9  -9.0 -11.8 -18.2  59.0   1.5   -9.0   -9.0   -9.0   -9.0   -9.0   -9.0   -9.0 -9 -9 -                        2   2   -9 -         -9  -9  -9  3718 -9.0 -9.00 -9  -8.1  -0.7  -0.2   0.2   1.0  -9 -9.0 -9  3 -9
202401232300 108  27  3.8  -9 -9.0   -9 1014.6 1026.0 -9  -9.0 -11.5 -18.1  58.0   1.5   -9.0   -9.0   -9.0   -9.0   -9.0   -9.0   -9.0 -9 -9 -                        0   0   -9 -         -9  -9  -9  3956 -9.0 -9.00 -9  -8.1  -0.8  -0.2   0.1   0.9  -9 -9.0 -9  3 -9
202401240000 108  25  3.2  -9 -9.0   -9 1014.2 1025.5  7  -0.7 -11.1 -18.3  55.0   1.5   -9.0   -9.0   -9.0   -9.0   -9.0   -9.0   -9.0 -9 -9 -                        0   0   -9 -         -9  -9  -9  4168 -9.0 -9.00 -9  -8.0  -0.8  -0.3   0.1   0.9  -9 -9.0 -9  3  2
202401240100 108  27  2.2  -9 -9.0   -9 1013.9 1025.2 -9  -9.0 -11.2 -18.4  55.0   1.4   -9.0   -9.0   -9.0   -9.0   -9.0   -9.0   -9.0 -9 -9 -                        7   1   -9 -         -9  -9  -9  3985 -9.0 -9.00 -9  -7.8  -1.0  -0.3   0.1   0.9  -9 -9.0 -9  3 -9
202401240200 108  27  2.6  -9 -9.0   -9 1014.3 1025.6 -9  -9.0 -10.9 -17.9  56.0   1.5   -9.0   -9.0   -9.0   -9.0   -9.0   -9.0   -9.0 -9 -9 -                        0   0   -9 -         -9  -9  -9  3935 -9.0 -9.00 -9  -7.9  -1.1  -0.4   0.1   0.9  -9 -9.0 -9  3 -9
202401240300 108  27  2.7  -9 -9.0   -9 1014.4 1025.7  3   0.2 -10.7 -17.5  57.0   1.6   -9.0   -9.0   -9.0   -9.0   -9.0   -9.0   -9.0 -9 -9 -                        0   0   -9 -         -9  -9  -9  3892 -9.0 -9.00 -9  -7.9  -1.1  -0.5   0.1   0.9  -9 -9.0 -9  3  2
202401240400 108  27  1.8  -9 -9.0   -9 1014.2 1025.5 -9  -9.0 -10.7 -17.7  56.0   1.5   -9.0   -9.0   -9.0   -9.0   -9.0   -9.0   -9.0 -9 -9 -                        0   0   -9 -         -9  -9  -9  3550 -9.0 -9.00 -9  -8.0  -1.2  -0.6   0.1   0.9  -9 -9.0 -9  3  2
202401240500 108  29  3.7  -9 -9.0   -9 1014.3 1025.6 -9  -9.0 -10.8 -17.6  57.0   1.5   -9.0   -9.0   -9.0   -9.0   -9.0   -9.0   -9.0 -9 -9 -                        0   0   -9 -         -9  -9  -9  3682 -9.0 -9.00 -9  -8.0  -1.3  -0.7   0.0   0.9  -9 -9.0 -9  3  2
202401240600 108  27  2.8  -9 -9.0   -9 1014.3 1025.6  5  -0.1 -11.0 -17.8  57.0   1.5   -9.0   -9.0   -9.0   -9.0   -9.0   -9.0   -9.0 -9 -9 -                        0   0   -9 -         -9  -9  -9  3378 -9.0 -9.00 -9  -8.2  -1.4  -0.7   0.0   0.9  -9 -9.0 -9  3  2
202401240700 108  25  3.5  -9 -9.0   -9 1014.7 1026.1 -9  -9.0 -11.1 -17.7  58.0   1.5   -9.0   -9.0   -9.0   -9.0   -9.0   -9.0   -9.0 -9 -9 -                        0   0   -9 -         -9  -9  -9  3426 -9.0 -9.00 -9  -8.3  -1.5  -0.8   0.0   0.9  -9 -9.0 -9  3  2
202401240800 108  27  4.2  -9 -9.0   -9 1015.0 1026.4 -9  -9.0 -11.2 -17.6  59.0   1.5   -9.0   -9.0   -9.0   -9.0   -9.0   -9.0   -9.0 -9 -9 -                        0   0   -9 -         -9  -9  -9  3142  0.0  0.00 -9  -8.4  -1.6  -0.9   0.0   0.8  -9 -9.0 -9  3  2
202401240900 108  27  4.8  -9 -9.0   -9 1015.1 1026.4  1   0.8 -10.6 -17.6  56.0   1.5   -9.0   -9.0   -9.0   -9.0   -9.0   -9.0   -9.0 -9 -9 -                        0   0   -9 -         -9  -9  -9  3411  0.9  0.38 -9  -7.3  -1.7  -1.0  -0.1   0.8  -9 -9.0 -9  3  2
202401241000 108  29  5.4  29 11.0  917 1015.9 1027.2 -9  -9.0  -9.7 -17.9  51.0   1.5   -9.0   -9.0   -9.0   -9.0   -9.0   -9.0   -9.0 -9 -9 -                        0   0   -9 -         -9  -9  -9  3064  1.0  1.02 -9  -2.7  -1.9  -1.0  -0.1   0.8  -9 -9.0 -9  3  2
202401241100 108  27  3.8  -9 -9.0   -9 1016.2 1027.4 -9  -9.0  -8.0 -16.8  49.0   1.6   -9.0   -9.0   -9.0   -9.0   -9.0   -9.0   -9.0 -9 -9 -                        0   0   -9 -         -9  -9  -9  3272  1.0  1.63 -9  -0.3  -1.6  -0.9  -0.1   0.8  -9 -9.0 -9  3  2
202401241200 108  27  3.6  29 11.0  917 1015.6 1026.8  0   0.4  -6.7 -16.6  45.0   1.7   -9.0   -9.0   -9.0   -9.0   -9.0   -9.0   -9.0 -9 -9 -                        0   0   -9 -         -9  -9  -9  3314  1.0  2.05 -9   2.0  -1.4  -0.8  -0.1   0.8  -9 -9.0 -9  3  2
202401241300 108  27  3.9  -9 -9.0   -9 1014.8 1025.9 -9  -9.0  -5.7 -16.0  44.0   1.8   -9.0   -9.0   -9.0   -9.0   -9.0   -9.0   -9.0 -9 -9 -                        0   0   -9 -         -9  -9  -9  3118  1.0  2.24 -9   3.9  -1.2  -0.7  -0.1   0.8  -9 -9.0 -9  3  2
202401241400 108  29  4.6  -9 -9.0   -9 1014.3 1025.4 -9  -9.0  -5.2 -16.4  41.0   1.7   -9.0   -9.0   -9.0   -9.0   -9.0   -9.0   -9.0 -9 -9 -                        0   0   -9 -         -9  -9  -9  3136  1.0  2.18 -9   4.4  -1.1  -0.7  -0.1   0.8  -9 -9.0 -9  3  2
202401241500 108  29  4.8  29 11.0  917 1013.7 1024.8  7  -2.0  -4.3 -15.3  42.0   1.9   -9.0   -9.0   -9.0   -9.0   -9.0   -9.0   -9.0 -9 -9 -                        0   0   -9 -         -9  -9  -9  3426  1.0  1.89 -9   4.3  -0.9  -0.6  -0.1   0.7  -9 -9.0 -9  3  2
202401241600 108  27  4.0  -9 -9.0   -9 1013.7 1024.7 -9  -9.0  -3.7 -15.0  41.0   1.9   -9.0   -9.0   -9.0   -9.0   -9.0   -9.0   -9.0 -9 -9 -                        0   0   -9 -         -9  -9  -9  3906  1.0  1.40 -9  -0.1  -0.8  -0.5  -0.1   0.7  -9 -9.0 -9  3  2
202401241700 108  27  3.6  -9 -9.0   -9 1014.0 1025.1 -9  -9.0  -4.5 -15.2  43.0   1.9   -9.0   -9.0   -9.0   -9.0   -9.0   -9.0   -9.0 -9 -9 -                        0   0   -9 -         -9  -9  -9  3663  1.0  0.71 -9  -0.4  -0.8  -0.5  -0.1   0.7  -9 -9.0 -9  3  2
202401241800 108  27  2.8  -9 -9.0   -9 1014.7 1025.8  3   1.0  -5.6 -15.6  45.0   1.8   -9.0   -9.0   -9.0   -9.0   -9.0   -9.0   -9.0 -9 -9 -                        0   0   -9 -         -9  -9  -9  3254  0.4  0.13 -9  -1.2  -0.9  -0.5  -0.1   0.7  -9 -9.0 -9  3  2
202401241900 108  29  2.7  -9 -9.0   -9 1015.5 1026.7 -9  -9.0  -6.3 -15.5  48.0   1.8   -9.0   -9.0   -9.0   -9.0   -9.0   -9.0   -9.0 -9 -9 -                        0   0   -9 -         -9  -9  -9  3005 -9.0 -9.00 -9  -1.9  -1.0  -0.6  -0.1   0.7  -9 -9.0 -9  3 -9
202401242000 108  27  2.7  -9 -9.0   -9 1016.1 1027.3 -9  -9.0  -6.7 -14.9  52.0   1.9   -9.0   -9.0   -9.0   -9.0   -9.0   -9.0   -9.0 -9 -9 -                        0   0   -9 -         -9  -9  -9  2834 -9.0 -9.00 -9  -3.4  -1.1  -0.7  -0.1   0.7  -9 -9.0 -9  3 -9
202401242100 108  29  2.4  -9 -9.0   -9 1016.4 1027.6  2   1.8  -7.1 -14.6  55.0   2.0   -9.0   -9.0   -9.0   -9.0   -9.0   -9.0   -9.0 -9 -9 -                        0   0   -9 -         -9  -9  -9  2856 -9.0 -9.00 -9  -5.4  -1.2  -0.8  -0.1   0.7  -9 -9.0 -9  3  2
202401242200 108  32  2.0  -9 -9.0   -9 1016.5 1027.7 -9  -9.0  -7.5 -15.0  55.0   1.9   -9.0   -9.0   -9.0   -9.0   -9.0   -9.0   -9.0 -9 -9 -                        0   0   -9 -         -9  -9  -9  2860 -9.0 -9.00 -9  -6.2  -1.3  -0.9  -0.2   0.7  -9 -9.0 -9  3 -9
202401242300 108  27  1.5  -9 -9.0   -9 1016.8 1028.0 -9  -9.0  -7.9 -15.1  56.0   1.9   -9.0   -9.0   -9.0   -9.0   -9.0   -9.0   -9.0 -9 -9 -                        0   0   -9 -         -9  -9  -9  2872 -9.0 -9.00 -9  -6.6  -1.5  -0.9  -0.2   0.7  -9 -9.0 -9  3 -9
202401250000 108   0  0.4  -9 -9.0   -9 1016.8 1028.1  2   0.5  -8.3 -14.9  59.0   1.9   -9.0   -9.0   -9.0   -9.0   -9.0   -9.0   -9.0 -9 -9 -                        0   0   -9 -         -9  -9  -9  2772 -9.0 -9.00 -9  -6.9  -1.6  -1.0  -0.2   0.7  -9 -9.0 -9  3  2
202401250100 108  20  0.7  -9 -9.0   -9 1016.7 1028.0 -9  -9.0  -8.8 -14.9  61.0   1.9   -9.0   -9.0   -9.0   -9.0   -9.0   -9.0   -9.0 -9 -9 -                        0   0   -9 -         -9  -9  -9  2714 -9.0 -9.00 -9  -7.2  -1.7  -1.1  -0.2   0.7  -9 -9.0 -9  3 -9
202401250200 108  27  0.8  -9 -9.0   -9 1016.9 1028.2 -9  -9.0  -8.8 -15.3  59.0   1.9   -9.0   -9.0   -9.0   -9.0   -9.0   -9.0   -9.0 -9 -9 -                        0   0   -9 -         -9  -9  -9  2910 -9.0 -9.00 -9  -7.4  -1.8  -1.2  -0.2   0.7  -9 -9.0 -9  3 -9
202401250300 108  27  1.2  -9 -9.0   -9 1017.0 1028.3  3   0.2  -8.8 -16.0  56.0   1.8   -9.0   -9.0   -9.0   -9.0   -9.0   -9.0   -9.0 -9 -9 -                        0   0   -9 -         -9  -9  -9  3318 -9.0 -9.00 -9  -7.6  -1.9  -1.2  -0.2   0.7  -9 -9.0 -9  3  2
202401250400 108  36  2.2  -9 -9.0   -9 1016.9 1028.2 -9  -9.0  -9.0 -16.4  55.0   1.7   -9.0   -9.0   -9.0   -9.0   -9.0   -9.0   -9.0 -9 -9 -                        0   0   -9 -         -9  -9  -9  3369 -9.0 -9.00 -9  -7.8  -2.0  -1.3  -0.2   0.7  -9 -9.0 -9  3  2
202401250500 108  32  1.6  -9 -9.0   -9 1017.0 1028.3 -9  -9.0  -8.9 -16.7  53.0   1.7   -9.0   -9.0   -9.0   -9.0   -9.0   -9.0   -9.0 -9 -9 -                        0   0   -9 -         -9  -9  -9  3487 -9.0 -9.00 -9  -7.9  -2.1  -1.4  -0.3   0.7  -9 -9.0 -9  3  2
202401250600 108  27  1.6  -9 -9.0   -9 1017.0 1028.3  4   0.0  -9.5 -16.8  55.0   1.6   -9.0   -9.0   -9.0   -9.0   -9.0   -9.0   -9.0 -9 -9 -                        0   0   -9 -         -9  -9  -9  3357 -9.0 -9.00 -9  -8.0  -2.1  -1.5  -0.3   0.6  -9 -9.0 -9  3  2
202401250700 108  27  2.1  -9 -9.0   -9 1017.1 1028.4 -9  -9.0  -9.7 -16.6  57.0   1.7   -9.0   -9.0   -9.0   -9.0   -9.0   -9.0   -9.0 -9 -9 -                        0   0   -9 -         -9  -9  -9  3323 -9.0 -9.00 -9  -8.1  -2.2  -1.6  -0.3   0.6  -9 -9.0 -9  3  2
202401250800 108  27  2.1  -9 -9.0   -9 1018.1 1029.4 -9  -9.0  -9.4 -17.2  53.0   1.6   -9.0   -9.0   -9.0   -9.0   -9.0   -9.0   -9.0 -9 -9 -                        0   0   -9 -         -9  -9  -9  3476  0.0  0.00 -9  -8.0  -2.3  -1.7  -0.3   0.6  -9 -9.0 -9  3  2
202401250900 108  27  2.2  -9 -9.0   -9 1018.3 1029.6  2   1.3  -8.5 -16.3  53.0   1.7   -9.0   -9.0   -9.0   -9.0   -9.0   -9.0   -9.0 -9 -9 -                        0   0   -9 -         -9  -9  -9  3662  1.0  0.39 -9  -6.3  -2.4  -1.7  -0.4   0.6  -9 -9.0 -9  3  2
202401251000 108  32  2.4  -9 -9.0   -9 1018.6 1029.8 -9  -9.0  -6.9 -16.3  47.0   1.7   -9.0   -9.0   -9.0   -9.0   -9.0   -9.0   -9.0 -9 -9 -                        0   0   -9 -         -9  -9  -9  3384  1.0  1.03 -9  -1.2  -2.3  -1.7  -0.4   0.6  -9 -9.0 -9  3  2
202401251100 108  32  2.5  -9 -9.0   -9 1018.4 1029.6 -9  -9.0  -6.0 -16.5  43.0   1.7   -9.0   -9.0   -9.0   -9.0   -9.0   -9.0   -9.0 -9 -9 -                        0   0   -9 -         -9  -9  -9  3464  1.0  1.63 -9   0.5  -1.9  -1.5  -0.4   0.6  -9 -9.0 -9  3  2
202401251200 108  29  1.3  -9 -9.0   -9 1017.7 1028.8  8  -0.8  -4.2 -16.7  37.0   1.7   -9.0   -9.0   -9.0   -9.0   -9.0   -9.0   -9.0 -9 -9 -                        0   0   -9 -         -9  -9  -9  3163  1.0  2.04 -9   3.5  -1.6  -1.3  -0.4   0.6  -9 -9.0 -9  3  2
202401251300 108  27  2.8  -9 -9.0   -9 1017.0 1028.0 -9  -9.0  -2.8 -16.5  34.0   1.7   -9.0   -9.0   -9.0   -9.0   -9.0   -9.0   -9.0 -9 -9 -                        0   0   -9 -         -9  -9  -9  3235  1.0  2.22 -9   6.4  -1.4  -1.1  -0.4   0.6  -9 -9.0 -9  3  2
202401251400 108  23  2.8  -9 -9.0   -9 1016.6 1027.6 -9  -9.0  -1.6 -15.1  35.0   1.9   -9.0   -9.0   -9.0   -9.0   -9.0   -9.0   -9.0 -9 -9 -                        0   0   -9 -         -9  -9  -9  3052  1.0  2.17 -9   7.0  -1.2  -0.9  -0.4   0.5  -9 -9.0 -9  3  2
202401251500 108  25  3.3  -9 -9.0   -9 1016.5 1027.4  7  -1.4  -1.0 -15.2  33.0   1.9   -9.0   -9.0   -9.0   -9.0   -9.0   -9.0   -9.0 -9 -9 -                        0   0   -9 -         -9  -9  -9  3015  1.0  1.87 -9   6.2  -1.0  -0.8  -0.4   0.5  -9 -9.0 -9  3  2
202401251600 108  25  3.1  -9 -9.0   -9 1016.9 1027.8 -9  -9.0  -0.5 -15.5  31.0   1.8   -9.0   -9.0   -9.0   -9.0   -9.0   -9.0   -9.0 -9 -9 -                        0   0   -9 -         -9  -9  -9  3029  1.0  1.39 -9   0.5  -0.9  -0.7  -0.4   0.5  -9 -9.0 -9  3  2
202401251700 108  27  2.6  -9 -9.0   -9 1016.8 1027.7 -9  -9.0  -0.9 -14.1  36.0   2.1   -9.0   -9.0   -9.0   -9.0   -9.0   -9.0   -9.0 -9 -9 -                        1   0   -9 Ci         1   0   0  3547  1.0  0.70 -9  -0.2  -0.8  -0.7  -0.4   0.5  -9 -9.0 -9  3  2
202401251800 108  23  2.8  -9 -9.0   -9 1017.4 1028.4  2   1.0  -2.2 -12.5  45.0   2.3   -9.0   -9.0   -9.0   -9.0   -9.0   -9.0   -9.0 -9 -9 -                        0   0   -9 -         -9  -9  -9  3436  0.4  0.13 -9  -0.6  -0.8  -0.6  -0.4   0.5  -9 -9.0 -9  3  2
202401251900 108  25  2.7  -9 -9.0   -9 1017.9 1028.9 -9  -9.0  -2.6 -12.1  48.0   2.4   -9.0   -9.0   -9.0   -9.0   -9.0   -9.0   -9.0 -9 -9 -                        0   0   -9 -         -9  -9  -9  3403 -9.0 -9.00 -9  -1.0  -0.8  -0.6  -0.4   0.5  -9 -9.0 -9  3 -9
202401252000 108  23  2.1  -9 -9.0   -9 1017.8 1028.8 -9  -9.0  -2.9 -12.1  49.0   2.4   -9.0   -9.0   -9.0   -9.0   -9.0   -9.0   -9.0 -9 -9 -                        0   0   -9 -         -9  -9  -9  3266 -9.0 -9.00 -9  -1.2  -0.9  -0.7  -0.4   0.5  -9 -9.0 -9  3 -9
202401252100 108  25  2.1  -9 -9.0   -9 1018.1 1029.2  2   0.8  -3.4 -12.6  49.0   2.3   -9.0   -9.0   -9.0   -9.0   -9.0   -9.0   -9.0 -9 -9 -                        0   0   -9 -         -9  -9  -9  3412 -9.0 -9.00 -9  -1.6  -1.0  -0.7  -0.4   0.5  -9 -9.0 -9  3  2
202401252200 108  27  2.4  -9 -9.0   -9 1018.1 1029.2 -9  -9.0  -3.9 -12.8  50.0   2.3   -9.0   -9.0   -9.0   -9.0   -9.0   -9.0   -9.0 -9 -9 -                        0   0   -9 -         -9  -9  -9  3377 -9.0 -9.00 -9  -2.6  -1.1  -0.8  -0.4   0.5  -9 -9.0 -9  3 -9
202401252300 108  29  1.0  -9 -9.0   -9 1018.2 1029.3 -9  -9.0  -4.3 -12.7  52.0   2.3   -9.0   -9.0   -9.0   -9.0   -9.0   -9.0   -9.0 -9 -9 -                        0   0   -9 -         -9  -9  -9  3237 -9.0 -9.00 -9  -3.9  -1.1  -0.9  -0.4   0.5  -9 -9.0 -9  3 -9
202401260000 108  27  1.2  -9 -9.0   -9 1018.2 1029.3  1   0.1  -4.9 -12.7  54.0   2.3   -9.0   -9.0   -9.0   -9.0   -9.0   -9.0   -9.0 -9 -9 -                        0   0   -9 -         -9  -9  -9  3062 -9.0 -9.00 -9  -4.9  -1.2  -1.0  -0.4   0.5  -9 -9.0 -9  3  2
202401260100 108  27  2.0  -9 -9.0   -9 1018.3 1029.4 -9  -9.0  -5.1 -12.7  55.0   2.3   -9.0   -9.0   -9.0   -9.0   -9.0   -9.0   -9.0 -9 -9 -                        0   0   -9 -         -9  -9  -9  3430 -9.0 -9.00 -9  -5.4  -1.4  -1.1  -0.4   0.5  -9 -9.0 -9  3 -9
202401260200 108  29  0.7  -9 -9.0   -9 1018.4 1029.5 -9  -9.0  -5.5 -12.9  56.0   2.3   -9.0   -9.0   -9.0   -9.0   -9.0   -9.0   -9.0 -9 -9 -                        0   0   -9 -         -9  -9  -9  3358 -9.0 -9.00 -9  -5.8  -1.5  -1.2  -0.4   0.5  -9 -9.0 -9  3 -9
202401260300 108  29  1.1  -9 -9.0   -9 1018.7 1029.9  2   0.6  -5.6 -12.5  58.0   2.3   -9.0   -9.0   -9.0   -9.0   -9.0   -9.0   -9.0 -9 -9 -                        0   0   -9 -         -9  -9  -9  3428 -9.0 -9.00 -9  -6.1  -1.6  -1.3  -0.4   0.5  -9 -9.0 -9  3  2
202401260400 108  25  1.1  -9 -9.0   -9 1018.2 1029.4 -9  -9.0  -6.0 -12.7  59.0   2.3   -9.0   -9.0   -9.0   -9.0   -9.0   -9.0   -9.0 -9 -9 -                        0   0   -9 -         -9  -9  -9  3455 -9.0 -9.00 -9  -6.3  -1.8  -1.4  -0.5   0.5  -9 -9.0 -9  3  2
202401260500 108  25  0.9  -9 -9.0   -9 1018.3 1029.5 -9  -9.0  -6.1 -12.2  62.0   2.4   -9.0   -9.0   -9.0   -9.0   -9.0   -9.0   -9.0 -9 -9 -                        0   0   -9 -         -9  -9  -9  3505 -9.0 -9.00 -9  -6.5  -1.9  -1.5  -0.5   0.5  -9 -9.0 -9  3  2
202401260600 108   2  0.8  -9 -9.0   -9 1018.1 1029.3  7  -0.6  -6.3 -12.0  64.0   2.4   -9.0   -9.0   -9.0   -9.0   -9.0   -9.0   -9.0 -9 -9 -                        0   0   -9 -         -9  -9  -9  3353 -9.0 -9.00 -9  -6.7  -2.0  -1.6  -0.5   0.5  -9 -9.0 -9  3  2
202401260700 108   2  2.6  -9 -9.0   -9 1018.2 1029.4 -9  -9.0  -6.7 -12.3  64.0   2.4   -9.0   -9.0   -9.0   -9.0   -9.0   -9.0   -9.0 -9 -9 -                        0   0   -9 -         -9  -9  -9  3300 -9.0 -9.00 -9  -6.8  -2.1  -1.6  -0.5   0.5  -9 -9.0 -9  3  2
202401260800 108   2  2.1  -9 -9.0   -9 1018.3 1029.5 -9  -9.0  -6.8 -12.2  65.0   2.4   -9.0   -9.0   -9.0   -9.0   -9.0   -9.0   -9.0 -9 -9 -                        0   0   -9 -         -9  -9  -9  3221  0.0  0.01 -9  -6.7  -2.2  -1.7  -0.5   0.4  -9 -9.0 -9  3  2
202401260900 108   5  1.8  -9 -9.0   -9 1018.7 1029.9  2   0.6  -6.0 -11.7  64.0   2.5   -9.0   -9.0   -9.0   -9.0   -9.0   -9.0   -9.0 -9 -9 -                        0   0   -9 -         -9  -9  -9  2926  1.0  0.36 -9  -4.9  -2.3  -1.7  -0.5   0.4  -9 -9.0 -9  3  2
202401261000 108   5  1.7  -9 -9.0   -9 1018.8 1029.9 -9  -9.0  -3.2  -9.6  61.0   3.0   -9.0   -9.0   -9.0   -9.0   -9.0   -9.0   -9.0 -9 -9 -                        0   0   -9 -         -9  -9  -9  2791  1.0  0.99 -9  -0.6  -2.1  -1.7  -0.5   0.4  -9 -9.0 -9  3  2
202401261100 108  18  2.2  -9 -9.0   -9 1019.5 1030.4 -9  -9.0  -0.3  -9.2  51.0   3.0   -9.0   -9.0   -9.0   -9.0   -9.0   -9.0   -9.0 -9 -9 -                        0   0   -9 -         -9  -9  -9  2933  1.0  1.56 -9   1.7  -1.7  -1.4  -0.5   0.4  -9 -9.0 -9  3  2
202401261200 108  25  1.5  -9 -9.0   -9 1018.5 1029.4  8  -0.5   1.3  -9.3  45.0   3.0   -9.0   -9.0   -9.0   -9.0   -9.0   -9.0   -9.0 -9 -9 -                        2   0   -9 Ci         1   0   0  2772  1.0  1.96 -9   4.8  -1.4  -1.2  -0.5   0.4  -9 -9.0 -9  3  2
202401261300 108  27  2.9  -9 -9.0   -9 1017.1 1027.9 -9  -9.0   2.2 -10.0  40.0   2.9   -9.0   -9.0   -9.0   -9.0   -9.0   -9.0   -9.0 -9 -9 -                        0   0   -9 -         -9  -9  -9  2608  1.0  2.17 -9   8.1  -1.2  -1.0  -0.5   0.4  -9 -9.0 -9  3  2
202401261400 108  27  2.8  -9 -9.0   -9 1016.7 1027.5 -9  -9.0   2.9  -8.4  43.0   3.2   -9.0   -9.0   -9.0   -9.0   -9.0   -9.0   -9.0 -9 -9 -                        0   0   -9 -         -9  -9  -9  2216  1.0  1.93 -9   8.7  -1.0  -0.8  -0.5   0.4  -9 -9.0 -9  3  2
202401261500 108  25  3.1  -9 -9.0   -9 1017.1 1027.8  5  -1.6   3.8  -5.9  49.0   3.9   -9.0   -9.0   -9.0   -9.0   -9.0   -9.0   -9.0 -9 -9 -                        1   0   -9 Ci         1   0   0  1701  1.0  1.68 -9   7.1  -0.9  -0.7  -0.5   0.4  -9 -9.0 -9  3  2
202401261600 108  27  3.3  -9 -9.0   -9 1017.2 1027.9 -9  -9.0   3.8  -5.9  49.0   3.9   -9.0   -9.0   -9.0   -9.0   -9.0   -9.0   -9.0 -9 -9 -                        0   0   -9 -         -9  -9  -9  1537  1.0  1.25 -9   2.3  -0.7  -0.7  -0.5   0.4  -9 -9.0 -9  3  2
202401261700 108  27  2.9  -9 -9.0   -9 1016.9 1027.7 -9  -9.0   2.8  -5.3  55.0   4.1   -9.0   -9.0   -9.0   -9.0   -9.0   -9.0   -9.0 -9 -9 -                        0   0   -9 -         -9  -9  -9  1751  1.0  0.64 -9  -0.3  -0.7  -0.6  -0.5   0.4  -9 -9.0 -9  3  2
202401261800 108  25  2.5  -9 -9.0   -9 1017.1 1027.9  1   0.1   1.5  -5.0  62.0   4.2   -9.0   -9.0   -9.0   -9.0   -9.0   -9.0   -9.0 -9 -9 -                        0   0   -9 -         -9  -9  -9  1683  0.4  0.13 -9  -0.2  -0.6  -0.6  -0.5   0.4  -9 -9.0 -9  3  2
202401261900 108  25  2.9  -9 -9.0   -9 1017.6 1028.5 -9  -9.0   0.5  -4.9  67.0   4.2   -9.0   -9.0   -9.0   -9.0   -9.0   -9.0   -9.0 -9 -9 -                        0   0   -9 -         -9  -9  -9  1445 -9.0 -9.00 -9  -0.4  -0.6  -0.5  -0.4   0.4  -9 -9.0 -9  3 -9
202401262000 108  27  1.4  -9 -9.0   -9 1017.6 1028.5 -9  -9.0  -0.2  -4.8  71.0   4.3   -9.0   -9.0   -9.0   -9.0   -9.0   -9.0   -9.0 -9 -9 -                        0   0   -9 -         -9  -9  -9  1218 -9.0 -9.00 -9  -0.6  -0.6  -0.5  -0.4   0.4  -9 -9.0 -9  3 -9
202401262100 108  27  0.5  -9 -9.0   -9 1017.6 1028.5  1   0.6  -0.8  -4.6  75.0   4.3   -9.0   -9.0   -9.0   -9.0   -9.0   -9.0   -9.0 -9 -9 -                        0   0   -9 -         -9  -9  -9  1099 -9.0 -9.00 -9  -0.7  -0.5  -0.5  -0.4   0.4  -9 -9.0 -9  3  2
202401262200 108   0  0.2  -9 -9.0   -9 1017.7 1028.7 -9  -9.0  -1.3  -4.3  80.0   4.4   -9.0   -9.0   -9.0   -9.0   -9.0   -9.0   -9.0 -9 -9 19                       3   1   74 -         -9  -9  -9   988 -9.0 -9.00 -9  -0.9  -0.6  -0.5  -0.4   0.4  -9 -9.0 -9  3  2
202401262300 108  27  1.9  -9 -9.0   -9 1017.6 1028.6 -9  -9.0  -1.0  -3.3  84.0   4.8   -9.0   -9.0   -9.0   -9.0   -9.0   -9.0   -9.0 -9 -9 19                       2   2   59 -         -9  -9  -9  1031 -9.0 -9.00 -9  -1.0  -0.6  -0.5  -0.4   0.4  -9 -9.0 -9  3  2
202401270000 108  29  0.5  -9 -9.0   -9 1017.5 1028.5  4   0.0  -1.6  -4.1  83.0   4.5   -9.0   -9.0   -9.0   -9.0   -9.0   -9.0   -9.0 10  0 19                       3   0   -9 Ci         1   0   0   862 -9.0 -9.00 -9  -1.2  -0.7  -0.6  -0.4   0.4  -9 -9.0 -9  3  1
202401270100 108   0  0.4  -9 -9.0   -9 1017.2 1028.2 -9  -9.0  -2.0  -4.0  86.0   4.5   -9.0   -9.0   -9.0   -9.0   -9.0   -9.0   -9.0 -9 -9 19                       0   0   -9 -         -9  -9  -9   818 -9.0 -9.00 -9  -1.8  -0.7  -0.6  -0.4   0.4  -9 -9.0 -9  3  2
202401270200 108  29  1.0  -9 -9.0   -9 1017.1 1028.1 -9  -9.0  -2.2  -4.0  87.0   4.5   -9.0   -9.0   -9.0   -9.0   -9.0   -9.0   -9.0 -9 -9 19                       0   0   -9 -         -9  -9  -9   827 -9.0 -9.00 -9  -2.5  -0.8  -0.6  -0.4   0.4  -9 -9.0 -9  3  2
202401270300 108  29  1.3  -9 -9.0   -9 1017.0 1028.0  7  -0.5  -2.2  -3.9  88.0   4.6   -9.0   -9.0   -9.0   -9.0   -9.0   -9.0   -9.0 10 11 19                       8   8    6 Sc         0   0   5   773 -9.0 -9.00 -9  -3.0  -0.9  -0.7  -0.4   0.4  -9 -9.0 -9  3  1
202401270400 108  27  1.3  -9 -9.0   -9 1016.7 1027.7 -9  -9.0  -2.7  -4.2  89.0   4.5   -9.0   -9.0   -9.0   -9.0   -9.0   -9.0   -9.0 10  0 19                       0   0   -9 -         -9  -9  -9   695 -9.0 -9.00 -9  -4.0  -0.9  -0.7  -0.4   0.4  -9 -9.0 -9  3  1
202401270500 108  29  0.9  -9 -9.0   -9 1016.7 1027.7 -9  -9.0  -3.3  -6.1  81.0   3.9   -9.0   -9.0   -9.0   -9.0   -9.0   -9.0   -9.0 -9 -9 19                       0   0   -9 -         -9  -9  -9  1164 -9.0 -9.00 -9  -4.6  -1.0  -0.8  -0.4   0.4  -9 -9.0 -9  3  2
202401270600 108  27  1.9  -9 -9.0   -9 1016.8 1027.9  5  -0.1  -3.8  -6.4  82.0   3.8   -9.0   -9.0   -9.0   -9.0   -9.0   -9.0   -9.0 -9 -9 -                        0   0   -9 -         -9  -9  -9  1016 -9.0 -9.00 -9  -5.1  -1.2  -0.9  -0.4   0.4  -9 -9.0 -9  3  2
202401270700 108  27  1.2  -9 -9.0   -9 1017.4 1028.5 -9  -9.0  -4.0  -6.0  86.0   3.9   -9.0   -9.0   -9.0   -9.0   -9.0   -9.0   -9.0 10  0 19                       0   0   -9 -         -9  -9  -9   775 -9.0 -9.00 -9  -5.3  -1.3  -1.0  -0.4   0.4  -9 -9.0 -9  3  1
202401270800 108   0  0.4  -9 -9.0   -9 1017.4 1028.5 -9  -9.0  -4.5  -6.6  85.0   3.7   -9.0   -9.0   -9.0   -9.0   -9.0   -9.0   -9.0 10  0 19                       0   0   -9 -         -9  -9  -9   940  0.0  0.01 -9  -5.5  -1.3  -1.1  -0.5   0.4  -9 -9.0 -9  3  1
202401270900 108   0  0.3  -9 -9.0   -9 1017.6 1028.7  2   0.8  -4.1  -6.4  84.0   3.8   -9.0   -9.0   -9.0   -9.0   -9.0   -9.0   -9.0 -9 -9 19                       0   0   -9 -         -9  -9  -9  1039  0.9  0.38 -9  -3.8  -1.5  -1.2  -0.5   0.4  -9 -9.0 -9  3  2
202401271000 108  27  1.0  -9 -9.0   -9 1017.8 1028.8 -9  -9.0  -1.9  -6.4  71.0   3.8   -9.0   -9.0   -9.0   -9.0   -9.0   -9.0   -9.0 -9 -9 -                        0   0   -9 -         -9  -9  -9  1292  1.0  1.03 -9  -0.4  -1.5  -1.2  -0.5   0.4  -9 -9.0 -9  3  2
202401271100 108  27  1.4  -9 -9.0   -9 1018.0 1028.9 -9  -9.0   0.4  -8.5  51.0   3.2   -9.0   -9.0   -9.0   -9.0   -9.0   -9.0   -9.0 -9 -9 -                        0   0   -9 -         -9  -9  -9  1826  1.0  1.56 -9   2.1  -1.2  -1.0  -0.5   0.3  -9 -9.0 -9  3  2
202401271200 108  29  2.2  -9 -9.0   -9 1017.1 1027.9  8  -0.8   2.1  -9.2  43.0   3.0   -9.0   -9.0   -9.0   -9.0   -9.0   -9.0   -9.0 -9 -9 -                        0   0   -9 -         -9  -9  -9  1689  1.0  1.94 -9   5.2  -1.1  -0.9  -0.5   0.3  -9 -9.0 -9  3  2
202401271300 108  29  4.1  -9 -9.0   -9 1016.4 1027.2 -9  -9.0   2.7  -7.5  47.0   3.5   -9.0   -9.0   -9.0   -9.0   -9.0   -9.0   -9.0 -9 -9 -                        2   0   -9 Ci         1   0   0  1435  1.0  2.11 -9   8.6  -0.9  -0.8  -0.5   0.3  -9 -9.0 -9  3  2
202401271400 108  25  3.3  -9 -9.0   -9 1015.5 1026.2 -9  -9.0   3.8  -6.5  47.0   3.8   -9.0   -9.0   -9.0   -9.0   -9.0   -9.0   -9.0 -9 -9 -                        3   0   -9 Ci         1   0   0  1437  1.0  2.00 -9   9.4  -0.8  -0.7  -0.5   0.3  -9 -9.0 -9  3  2
202401271500 108  25  1.6  -9 -9.0   -9 1015.1 1025.8  7  -2.1   4.5  -6.7  44.0   3.7   -9.0   -9.0   -9.0   -9.0   -9.0   -9.0   -9.0 -9 -9 -                        7   0   -9 Ci         1   0   0  1367  1.0  1.72 -9   8.7  -0.7  -0.6  -0.5   0.3  -9 -9.0 -9  3  2
202401271600 108  27  3.3  -9 -9.0   -9 1015.2 1025.9 -9  -9.0   3.6  -5.3  52.0   4.1   -9.0   -9.0   -9.0   -9.0   -9.0   -9.0   -9.0 -9 -9 -                        8   3   13 ScCi       1   0   5  1383  0.8  1.14 -9   2.9  -0.6  -0.6  -0.5   0.3  -9 -9.0 -9  3  2
202401271700 108  25  3.6  -9 -9.0   -9 1014.9 1025.7 -9  -9.0   2.8  -4.4  59.0   4.4   -9.0   -9.0   -9.0   -9.0   -9.0   -9.0   -9.0 -9 -9 -                        6   1   11 ScCi       1   0   5  1641  0.2  0.42 -9   0.1  -0.5  -0.5  -0.4   0.3  -9 -9.0 -9  3  2
202401271800 108  27  4.5  -9 -9.0   -9 1015.1 1025.9  1   0.1   1.6  -4.4  64.0   4.4   -9.0   -9.0   -9.0   -9.0   -9.0   -9.0   -9.0 -9 -9 -                        4   0   -9 Ci         1   0   0  1412  0.1  0.12 -9  -0.2  -0.5  -0.5  -0.4   0.3  -9 -9.0 -9  3  2
202401271900 108  27  2.6  -9 -9.0   -9 1015.1 1026.0 -9  -9.0   0.6  -4.4  69.0   4.4   -9.0   -9.0   -9.0   -9.0   -9.0   -9.0   -9.0 -9 -9 -                        0   0   -9 -         -9  -9  -9  1151 -9.0 -9.00 -9  -0.4  -0.5  -0.5  -0.4   0.3  -9 -9.0 -9  3 -9
202401272000 108  27  2.4  -9 -9.0   -9 1015.1 1026.0 -9  -9.0  -0.1  -4.3  73.0   4.4   -9.0   -9.0   -9.0   -9.0   -9.0   -9.0   -9.0 -9 -9 -                        0   0   -9 -         -9  -9  -9  1117 -9.0 -9.00 -9  -0.6  -0.5  -0.5  -0.4   0.3  -9 -9.0 -9  3 -9
202401272100 108  27  1.1  -9 -9.0   -9 1014.9 1025.8  8  -0.1  -0.6  -4.4  75.0   4.4   -9.0   -9.0   -9.0   -9.0   -9.0   -9.0   -9.0 -9 -9 -                        4   0   -9 Ci         1   0   0  1034 -9.0 -9.00 -9  -0.7  -0.5  -0.4  -0.4   0.3  -9 -9.0 -9  3  2
202401272200 108  27  1.4  -9 -9.0   -9 1015.2 1026.1 -9  -9.0  -0.9  -3.9  80.0   4.6   -9.0   -9.0   -9.0   -9.0   -9.0   -9.0   -9.0 -9 -9 19                       0   0   -9 -         -9  -9  -9   971 -9.0 -9.00 -9  -0.8  -0.5  -0.4  -0.4   0.3  -9 -9.0 -9  3  2
202401272300 108  27  1.8  -9 -9.0   -9 1015.1 1026.0 -9  -9.0  -1.2  -4.0  81.0   4.5   -9.0   -9.0   -9.0   -9.0   -9.0   -9.0   -9.0 -9 -9 19                       0   0   -9 -         -9  -9  -9   868 -9.0 -9.00 -9  -0.9  -0.5  -0.4  -0.4   0.3  -9 -9.0 -9  3  2
202401280000 108  25  1.7  -9 -9.0   -9 1015.1 1026.0  0   0.2  -1.3  -4.3  80.0   4.4   -9.0   -9.0   -9.0   -9.0   -9.0   -9.0   -9.0 -9 -9 19                       0   0   -9 -         -9  -9  -9  1023 -9.0 -9.00 -9  -1.1  -0.5  -0.4  -0.4   0.3  -9 -9.0 -9  3  2
202401280100 108  25  2.8  -9 -9.0   -9 1015.1 1026.1 -9  -9.0  -1.7  -5.5  75.0   4.1   -9.0   -9.0   -9.0   -9.0   -9.0   -9.0   -9.0 -9 -9 -                        0   0   -9 -         -9  -9  -9  1279 -9.0 -9.00 -9  -1.5  -0.5  -0.5  -0.4   0.3  -9 -9.0 -9  3  2
202401280200 108  27  2.5  -9 -9.0   -9 1015.3 1026.3 -9  -9.0  -2.6  -7.5  69.0   3.5   -9.0   -9.0   -9.0   -9.0   -9.0   -9.0   -9.0 -9 -9 -                        0   0   -9 -         -9  -9  -9  1446 -9.0 -9.00 -9  -2.2  -0.6  -0.5  -0.4   0.3  -9 -9.0 -9  3 -9
202401280300 108  25  2.9  -9 -9.0   -9 1015.5 1026.5  2   0.5  -3.3  -9.3  63.0   3.0   -9.0   -9.0   -9.0   -9.0   -9.0   -9.0   -9.0 -9 -9 -                        5   0   -9 Ci         1   0   0  2110 -9.0 -9.00 -9  -3.1  -0.7  -0.5  -0.4   0.3  -9 -9.0 -9  3  2
202401280400 108  25  2.4  -9 -9.0   -9 1015.6 1026.7 -9  -9.0  -3.7  -9.7  63.0   2.9   -9.0   -9.0   -9.0   -9.0   -9.0   -9.0   -9.0 -9 -9 -                        6   0   -9 Ci         1   0   0  2258 -9.0 -9.00 -9  -3.7  -0.7  -0.6  -0.4   0.3  -9 -9.0 -9  3  2
202401280500 108  27  2.2  -9 -9.0   -9 1015.4 1026.5 -9  -9.0  -4.1  -9.9  64.0   2.9   -9.0   -9.0   -9.0   -9.0   -9.0   -9.0   -9.0 -9 -9 -                        3   0   -9 Ci         1   0   0  2244 -9.0 -9.00 -9  -4.4  -0.8  -0.7  -0.4   0.3  -9 -9.0 -9  3  2
202401280600 108  20  1.5  -9 -9.0   -9 1015.5 1026.6  0   0.1  -4.6  -9.2  70.0   3.0   -9.0   -9.0   -9.0   -9.0   -9.0   -9.0   -9.0 -9 -9 -                        2   0   -9 Ci         1   0   0  1838 -9.0 -9.00 -9  -4.9  -1.0  -0.7  -0.4   0.3  -9 -9.0 -9  3  2
202401280700 108  27  1.3  -9 -9.0   -9 1016.2 1027.3 -9  -9.0  -4.8  -9.0  72.0   3.1   -9.0   -9.0   -9.0   -9.0   -9.0   -9.0   -9.0 -9 -9 -                        0   0   -9 -         -9  -9  -9  1683 -9.0 -9.00 -9  -5.4  -1.1  -0.8  -0.4   0.3  -9 -9.0 -9  3  2
202401280800 108  27  1.1  -9 -9.0   -9 1016.9 1028.0 -9  -9.0  -5.0  -9.2  72.0   3.0   -9.0   -9.0   -9.0   -9.0   -9.0   -9.0   -9.0 -9 -9 -                        0   0   -9 -         -9  -9  -9  1892  0.0  0.01 -9  -5.6  -1.2  -0.9  -0.4   0.3  -9 -9.0 -9  3  2
202401280900 108  29  0.7  -9 -9.0   -9 1017.5 1028.6  2   2.0  -4.3  -8.9  70.0   3.1   -9.0   -9.0   -9.0   -9.0   -9.0   -9.0   -9.0 -9 -9 -                        0   0   -9 -         -9  -9  -9  2353  0.9  0.35 -9  -3.8  -1.4  -1.0  -0.5   0.3  -9 -9.0 -9  3  2
202401281000 108  18  1.4  -9 -9.0   -9 1017.7 1028.7 -9  -9.0  -1.6  -8.3  60.0   3.3   -9.0   -9.0   -9.0   -9.0   -9.0   -9.0   -9.0 -9 -9 -                        6   3   11 ScAc       0   3   5  2674  1.0  1.04 -9  -0.3  -1.4  -1.1  -0.5   0.3  -9 -9.0 -9  3  2
202401281100 108  34  1.7  -9 -9.0   -9 1018.1 1029.0 -9  -9.0  -0.3  -8.7  53.0   3.2   -9.0   -9.0   -9.0   -9.0   -9.0   -9.0   -9.0 -9 -9 -                        8   8    8 Sc         0   0   5  2772  0.5  1.25 -9   0.6  -1.1  -1.0  -0.5   0.3  -9 -9.0 -9  3  2
202401281200 108  32  2.0  -9 -9.0   -9 1018.1 1029.0  1   0.4   0.8  -8.2  51.0   3.3   -9.0   -9.0   -9.0   -9.0   -9.0   -9.0   -9.0 -9 -9 -                        8   8    9 Sc         0   0   5  3410  0.6  1.59 -9   1.8  -0.9  -0.8  -0.5   0.3  -9 -9.0 -9  3  2
202401281300 108  25  2.9  -9 -9.0   -9 1017.9 1028.7 -9  -9.0   1.8  -7.8  49.0   3.4   -9.0   -9.0   -9.0   -9.0   -9.0   -9.0   -9.0 -9 -9 -                        2   2    8 Sc         0   0   5  3227  0.6  1.89 -9   6.7  -0.9  -0.7  -0.5   0.3  -9 -9.0 -9  3  2
202401281400 108  23  2.7  -9 -9.0   -9 1017.2 1028.0 -9  -9.0   2.9  -7.0  48.0   3.6   -9.0   -9.0   -9.0   -9.0   -9.0   -9.0   -9.0 -9 -9 -                        3   3   10 Sc         0   0   5  2904  1.0  2.16 -9   9.4  -0.8  -0.6  -0.5   0.3  -9 -9.0 -9  3  2
202401281500 108  29  2.4  -9 -9.0   -9 1017.1 1027.9  7  -1.1   2.9  -7.6  46.0   3.5   -9.0   -9.0   -9.0   -9.0   -9.0   -9.0   -9.0 -9 -9 -                        1   1   13 Sc         0   0   5  3005  1.0  1.95 -9   9.6  -0.7  -0.6  -0.5   0.3  -9 -9.0 -9  3  2
202401281600 108  25  1.8  -9 -9.0   -9 1017.1 1027.9 -9  -9.0   3.5  -7.0  46.0   3.6   -9.0   -9.0   -9.0   -9.0   -9.0   -9.0   -9.0 -9 -9 -                        0   0   -9 -         -9  -9  -9  2510  1.0  1.39 -9   4.1  -0.6  -0.5  -0.5   0.3  -9 -9.0 -9  3  2
202401281700 108  27  2.6  -9 -9.0   -9 1017.6 1028.4 -9  -9.0   2.6  -7.6  47.0   3.5   -9.0   -9.0   -9.0   -9.0   -9.0   -9.0   -9.0 -9 -9 -                        0   0   -9 -         -9  -9  -9  2763  1.0  0.74 -9  -0.2  -0.5  -0.5  -0.5   0.3  -9 -9.0 -9  3  2
202401281800 108  27  3.5  -9 -9.0   -9 1018.3 1029.2  2   1.3   0.9  -7.1  55.0   3.6   -9.0   -9.0   -9.0   -9.0   -9.0   -9.0   -9.0 -9 -9 -                        0   0   -9 -         -9  -9  -9  2752  0.4  0.15 -9  -0.2  -0.5  -0.5  -0.4   0.3  -9 -9.0 -9  3  2
202401281900 108  27  2.3  -9 -9.0   -9 1018.7 1029.6 -9  -9.0  -0.2  -6.8  61.0   3.7   -9.0   -9.0   -9.0   -9.0   -9.0   -9.0   -9.0 -9 -9 -                        0   0   -9 -         -9  -9  -9  2525 -9.0 -9.00 -9  -0.5  -0.5  -0.5  -0.4   0.3  -9 -9.0 -9  3 -9
202401282000 108  27  2.0  -9 -9.0   -9 1019.2 1030.2 -9  -9.0  -0.9  -6.8  64.0   3.7   -9.0   -9.0   -9.0   -9.0   -9.0   -9.0   -9.0 -9 -9 -                        0   0   -9 -         -9  -9  -9  2328 -9.0 -9.00 -9  -0.7  -0.5  -0.4  -0.4   0.3  -9 -9.0 -9  3 -9
202401282100 108  27  1.4  -9 -9.0   -9 1019.2 1030.2  1   1.0  -1.5  -6.8  67.0   3.7   -9.0   -9.0   -9.0   -9.0   -9.0   -9.0   -9.0 -9 -9 -                        0   0   -9 -         -9  -9  -9  2049 -9.0 -9.00 -9  -0.9  -0.5  -0.4  -0.4   0.3  -9 -9.0 -9  3  2
202401282200 108  27  1.6  -9 -9.0   -9 1019.7 1030.7 -9  -9.0  -1.9  -6.4  71.0   3.8   -9.0   -9.0   -9.0   -9.0   -9.0   -9.0   -9.0 -9 -9 -                        0   0   -9 -         -9  -9  -9  1848 -9.0 -9.00 -9  -1.0  -0.5  -0.4  -0.4   0.3  -9 -9.0 -9  3 -9
202401282300 108  29  1.2  -9 -9.0   -9 1019.6 1030.6 -9  -9.0  -2.3  -6.3  74.0   3.8   -9.0   -9.0   -9.0   -9.0   -9.0   -9.0   -9.0 -9 -9 -                        0   0   -9 -         -9  -9  -9  1680 -9.0 -9.00 -9  -1.3  -0.5  -0.5  -0.4   0.3  -9 -9.0 -9  3 -9
202401290000 108   0  0.3  -9 -9.0   -9 1019.7 1030.8  2   0.6  -2.7  -6.3  76.0   3.8   -9.0   -9.0   -9.0   -9.0   -9.0   -9.0   -9.0 -9 -9 -                        0   0   -9 -         -9  -9  -9  1552 -9.0 -9.00 -9  -1.8  -0.6  -0.5  -0.4   0.3  -9 -9.0 -9  3  2
202401290100 108   0  0.4  -9 -9.0   -9 1019.5 1030.6 -9  -9.0  -3.1  -6.7  76.0   3.7   -9.0   -9.0   -9.0   -9.0   -9.0   -9.0   -9.0 -9 -9 -                        0   0   -9 -         -9  -9  -9  1556 -9.0 -9.00 -9  -2.5  -0.7  -0.5  -0.4   0.3  -9 -9.0 -9  3 -9
202401290200 108  36  0.9  -9 -9.0   -9 1019.4 1030.5 -9  -9.0  -3.3  -7.2  74.0   3.6   -9.0   -9.0   -9.0   -9.0   -9.0   -9.0   -9.0 -9 -9 -                        0   0   -9 -         -9  -9  -9  1632 -9.0 -9.00 -9  -3.3  -0.8  -0.6  -0.4   0.3  -9 -9.0 -9  3 -9
202401290300 108  29  0.5  -9 -9.0   -9 1019.5 1030.6  5  -0.2  -3.6  -6.8  78.0   3.7   -9.0   -9.0   -9.0   -9.0   -9.0   -9.0   -9.0 -9 -9 -                        0   0   -9 -         -9  -9  -9  1012 -9.0 -9.00 -9  -4.1  -0.9  -0.7  -0.4   0.3  -9 -9.0 -9  3  2
202401290400 108   2  1.6  -9 -9.0   -9 1019.3 1030.4 -9  -9.0  -4.0  -7.4  77.0   3.5   -9.0   -9.0   -9.0   -9.0   -9.0   -9.0   -9.0 -9 -9 -                        0   0   -9 -         -9  -9  -9  1326 -9.0 -9.00 -9  -4.6  -1.0  -0.7  -0.4   0.3  -9 -9.0 -9  3  2
202401290500 108   2  1.9  -9 -9.0   -9 1019.5 1030.6 -9  -9.0  -4.2  -7.1  80.0   3.6   -9.0   -9.0   -9.0   -9.0   -9.0   -9.0   -9.0 -9 -9 -                        0   0   -9 -         -9  -9  -9  1265 -9.0 -9.00 -9  -5.1  -1.1  -0.8  -0.4   0.3  -9 -9.0 -9  3  2
202401290600 108   2  1.7  -9 -9.0   -9 1019.9 1031.0  3   0.4  -4.4  -7.1  81.0   3.6   -9.0   -9.0   -9.0   -9.0   -9.0   -9.0   -9.0 -9 -9 -                        0   0   -9 -         -9  -9  -9  1250 -9.0 -9.00 -9  -5.4  -1.1  -0.9  -0.4   0.3  -9 -9.0 -9  3  2
202401290700 108   5  1.1  -9 -9.0   -9 1020.3 1031.4 -9  -9.0  -4.6  -6.8  84.0   3.7   -9.0   -9.0   -9.0   -9.0   -9.0   -9.0   -9.0 -9 -9 -                        0   0   -9 -         -9  -9  -9  1282 -9.0 -9.00 -9  -5.7  -1.2  -1.0  -0.4   0.3  -9 -9.0 -9  3  2
202401290800 108   5  1.5  -9 -9.0   -9 1020.8 1032.0 -9  -9.0  -4.7  -6.8  85.0   3.7   -9.0   -9.0   -9.0   -9.0   -9.0   -9.0   -9.0 -9 -9 -                        0   0   -9 -         -9  -9  -9  1218  0.0  0.01 -9  -5.8  -1.4  -1.1  -0.5   0.3  -9 -9.0 -9  3  2
202401290900 108   5  1.8  -9 -9.0   -9 1021.0 1032.1  2   1.1  -4.0  -6.3  84.0   3.8   -9.0   -9.0   -9.0   -9.0   -9.0   -9.0   -9.0 -9 -9 -                        0   0   -9 -         -9  -9  -9  1172  1.0  0.36 -9  -3.7  -1.6  -1.2  -0.5   0.3  -9 -9.0 -9  3  2
202401291000 108   7  2.1  -9 -9.0   -9 1020.8 1031.8 -9  -9.0  -1.4  -4.7  78.0   4.3   -9.0   -9.0   -9.0   -9.0   -9.0   -9.0   -9.0 -9 -9 -                        0   0   -9 -         -9  -9  -9  1057  1.0  0.97 -9  -0.4  -1.5  -1.1  -0.5   0.3  -9 -9.0 -9  3  2
202401291100 108   5  1.8  -9 -9.0   -9 1021.3 1032.2 -9  -9.0   0.4  -5.0  67.0   4.2   -9.0   -9.0   -9.0   -9.0   -9.0   -9.0   -9.0 -9 -9 -                        5   5   11 Sc         0   0   5  1067  1.0  1.55 -9   2.1  -1.2  -1.0  -0.5   0.3  -9 -9.0 -9  3  2
202401291200 108  29  2.3  -9 -9.0   -9 1020.7 1031.6  8  -0.5   2.1  -6.7  52.0   3.7   -9.0   -9.0   -9.0   -9.0   -9.0   -9.0   -9.0 -9 -9 -                        6   2   12 ScCi       1   0   5  1815  1.0  1.93 -9   3.0  -1.0  -0.9  -0.5   0.3  -9 -9.0 -9  3  2
202401291300 108  29  3.2  -9 -9.0   -9 1019.9 1030.7 -9  -9.0   2.6  -7.0  49.0   3.6   -9.0   -9.0   -9.0   -9.0   -9.0   -9.0   -9.0 -9 -9 -                        1   1   10 Sc         0   0   5  1944  0.8  1.87 -9   7.9  -0.9  -0.8  -0.5   0.3  -9 -9.0 -9  3  2
202401291400 108  27  1.6  -9 -9.0   -9 1019.3 1030.1 -9  -9.0   3.9  -6.6  46.0   3.7   -9.0   -9.0   -9.0   -9.0   -9.0   -9.0   -9.0 -9 -9 -                        1   1   10 Sc         0   0   5  1688  1.0  2.01 -9  10.3  -0.9  -0.7  -0.5   0.3  -9 -9.0 -9  3  2
202401291500 108  34  2.3  -9 -9.0   -9 1019.1 1029.8  7  -1.8   4.4  -6.8  44.0   3.7   -9.0   -9.0   -9.0   -9.0   -9.0   -9.0   -9.0 -9 -9 -                        0   0   -9 -         -9  -9  -9  1773  1.0  1.81 -9   9.6  -0.8  -0.6  -0.5   0.3  -9 -9.0 -9  3  2
202401291600 108  27  2.6  -9 -9.0   -9 1019.0 1029.7 -9  -9.0   4.5  -7.3  42.0   3.5   -9.0   -9.0   -9.0   -9.0   -9.0   -9.0   -9.0 -9 -9 -                        0   0   -9 -         -9  -9  -9  1298  1.0  1.32 -9   4.4  -0.7  -0.6  -0.5   0.3  -9 -9.0 -9  3  2
202401291700 108  27  1.7  -9 -9.0   -9 1019.2 1030.0 -9  -9.0   3.6  -6.9  46.0   3.6   -9.0   -9.0   -9.0   -9.0   -9.0   -9.0   -9.0 -9 -9 -                        0   0   -9 -         -9  -9  -9  1480  1.0  0.69 -9   0.1  -0.6  -0.5  -0.5   0.3  -9 -9.0 -9  3  2
202401291800 108  29  1.2  -9 -9.0   -9 1019.6 1030.4  3   0.6   2.2  -6.6  52.0   3.7   -9.0   -9.0   -9.0   -9.0   -9.0   -9.0   -9.0 -9 -9 -                        1   0   -9 Ci         1   0   0  1544  0.4  0.13 -9  -0.2  -0.5  -0.5  -0.4   0.3  -9 -9.0 -9  3  2
202401291900 108  29  1.8  -9 -9.0   -9 1019.8 1030.7 -9  -9.0   1.4  -5.9  58.0   3.9   -9.0   -9.0   -9.0   -9.0   -9.0   -9.0   -9.0 -9 -9 -                        0   0   -9 -         -9  -9  -9  1403 -9.0 -9.00 -9  -0.4  -0.5  -0.5  -0.4   0.3  -9 -9.0 -9  3 -9
202401292000 108  32  2.7  -9 -9.0   -9 1020.2 1031.1 -9  -9.0   0.8  -5.2  64.0   4.2   -9.0   -9.0   -9.0   -9.0   -9.0   -9.0   -9.0 -9 -9 -                        0   0   -9 -         -9  -9  -9  1197 -9.0 -9.00 -9  -0.6  -0.5  -0.4  -0.4   0.3  -9 -9.0 -9  3 -9
202401292100 108  29  2.4  -9 -9.0   -9 1020.0 1030.9  0   0.5   0.6  -4.6  68.0   4.3   -9.0   -9.0   -9.0   -9.0   -9.0   -9.0   -9.0 -9 -9 -                        6   0   -9 Ci         1   0   0  1191 -9.0 -9.00 -9  -0.6  -0.5  -0.4  -0.4   0.3  -9 -9.0 -9  3  2
202401292200 108  20  0.5  -9 -9.0   -9 1020.4 1031.3 -9  -9.0   0.2  -4.8  69.0   4.3   -9.0   -9.0   -9.0   -9.0   -9.0   -9.0   -9.0 -9 -9 -                        6   6   39 -         -9  -9  -9  1118 -9.0 -9.00 -9  -0.7  -0.5  -0.4  -0.4   0.3  -9 -9.0 -9  3 -9
202401292300 108   0  0.4  -9 -9.0   -9 1020.3 1031.3 -9  -9.0  -0.5  -5.1  71.0   4.2   -9.0   -9.0   -9.0   -9.0   -9.0   -9.0   -9.0 -9 -9 -                        6   6   45 -         -9  -9  -9  1040 -9.0 -9.00 -9  -0.8  -0.5  -0.4  -0.4   0.3  -9 -9.0 -9  3 -9
202401300000 108  29  0.6  -9 -9.0   -9 1020.3 1031.3  1   0.4  -0.9  -4.9  74.0   4.2   -9.0   -9.0   -9.0   -9.0   -9.0   -9.0   -9.0 -9 -9 -                        3   3   44 Ac         0   3   0  1085 -9.0 -9.00 -9  -1.0  -0.5  -0.4  -0.4   0.3  -9 -9.0 -9  3  2
202401300100 108   2  1.2  -9 -9.0   -9 1020.2 1031.2 -9  -9.0  -1.3  -5.1  75.0   4.2   -9.0   -9.0   -9.0   -9.0   -9.0   -9.0   -9.0 -9 -9 -                        0   0   -9 -         -9  -9  -9  1008 -9.0 -9.00 -9  -1.4  -0.5  -0.4  -0.4   0.3  -9 -9.0 -9  3 -9
202401300200 108   5  0.6  -9 -9.0   -9 1020.1 1031.1 -9  -9.0  -1.8  -5.4  76.0   4.1   -9.0   -9.0   -9.0   -9.0   -9.0   -9.0   -9.0 -9 -9 19                       0   0   -9 -         -9  -9  -9   991 -9.0 -9.00 -9  -2.0  -0.6  -0.5  -0.4   0.3  -9 -9.0 -9  3  2
202401300300 108   0  0.3  -9 -9.0   -9 1020.4 1031.4  3   0.1  -2.0  -4.8  81.0   4.3   -9.0   -9.0   -9.0   -9.0   -9.0   -9.0   -9.0 10  0 19                       0   0   -9 -         -9  -9  -9   887 -9.0 -9.00 -9  -2.7  -0.6  -0.5  -0.4   0.3  -9 -9.0 -9  3  1
202401300400 108  32  0.5  -9 -9.0   -9 1020.0 1031.0 -9  -9.0  -2.4  -5.2  81.0   4.2   -9.0   -9.0   -9.0   -9.0   -9.0   -9.0   -9.0 10  0 19                       0   0   -9 -         -9  -9  -9   809 -9.0 -9.00 -9  -3.4  -0.7  -0.6  -0.4   0.3  -9 -9.0 -9  3  1
202401300500 108   5  1.2  -9 -9.0   -9 1019.6 1030.7 -9  -9.0  -2.8  -5.4  82.0   4.1   -9.0   -9.0   -9.0   -9.0   -9.0   -9.0   -9.0 10  0 19                       0   0   -9 -         -9  -9  -9   794 -9.0 -9.00 -9  -4.0  -0.8  -0.6  -0.4   0.3  -9 -9.0 -9  3  1
202401300600 108   7  1.1  -9 -9.0   -9 1019.7 1030.8  5  -0.6  -3.2  -5.5  84.0   4.1   -9.0   -9.0   -9.0   -9.0   -9.0   -9.0   -9.0 10  0 19                       0   0   -9 -         -9  -9  -9   775 -9.0 -9.00 -9  -4.6  -0.9  -0.7  -0.4   0.3  -9 -9.0 -9  3  1
202401300700 108   2  2.0  -9 -9.0   -9 1019.7 1030.8 -9  -9.0  -3.8  -6.1  84.0   3.9   -9.0   -9.0   -9.0   -9.0   -9.0   -9.0   -9.0 10  0 19                       0   0   -9 -         -9  -9  -9   634 -9.0 -9.00 -9  -5.0  -1.0  -0.7  -0.4   0.3  -9 -9.0 -9  3  1
202401300800 108   2  2.6  -9 -9.0   -9 1020.0 1031.1 -9  -9.0  -4.0  -6.0  86.0   3.9   -9.0   -9.0   -9.0   -9.0   -9.0   -9.0   -9.0 10  0 19                       0   0   -9 -         -9  -9  -9   557  0.0  0.01 -9  -5.1  -1.1  -0.8  -0.4   0.3  -9 -9.0 -9  3  1
202401300900 108   5  1.7  -9 -9.0   -9 1020.3 1031.4  2   0.6  -3.1  -4.9  87.0   4.2   -9.0   -9.0   -9.0   -9.0   -9.0   -9.0   -9.0 10  0 19                       0   0   -9 -         -9  -9  -9   590  1.0  0.37 -9  -3.0  -1.3  -0.9  -0.4   0.3  -9 -9.0 -9  3  1
202401301000 108   5  1.7  -9 -9.0   -9 1020.3 1031.3 -9  -9.0  -0.3  -4.0  76.0   4.5   -9.0   -9.0   -9.0   -9.0   -9.0   -9.0   -9.0 10  0 19                       0   0   -9 -         -9  -9  -9   696  1.0  0.97 -9  -0.3  -1.2  -0.9  -0.5   0.3  -9 -9.0 -9  3  1
202401301100 108   7  1.6  -9 -9.0   -9 1020.1 1031.0 -9  -9.0   2.0  -5.1  59.0   4.2   -9.0   -9.0   -9.0   -9.0   -9.0   -9.0   -9.0  5  0 4019                     2   0   -9 Ci         1   0   0   975  1.0  1.59 -9   2.2  -1.1  -0.8  -0.5   0.3  -9 -9.0 -9  3  1
202401301200 108   7  2.1  -9 -9.0   -9 1018.8 1029.6  7  -1.8   3.4  -6.3  49.0   3.8   -9.0   -9.0   -9.0   -9.0   -9.0   -9.0   -9.0 -9 -9 40                       4   0   -9 Ci         1   0   0  1160  1.0  1.80 -9   5.8  -1.0  -0.7  -0.5   0.3  -9 -9.0 -9  3  2
202401301300 108   9  2.0  -9 -9.0   -9 1017.8 1028.5 -9  -9.0   5.3  -6.2  43.0   3.8   -9.0   -9.0   -9.0   -9.0   -9.0   -9.0   -9.0 -9 -9 -                        5   0   -9 Ci         1   0   0  1307  1.0  2.20 -9  10.7  -0.9  -0.7  -0.5   0.3  -9 -9.0 -9  3  2
202401301400 108   5  2.2  -9 -9.0   -9 1016.5 1027.2 -9  -9.0   6.1  -7.8  36.0   3.4   -9.0   -9.0   -9.0   -9.0   -9.0   -9.0   -9.0 -9 -9 -                        7   0   -9 Ci         1   0   0  1513  1.0  1.99 -9  11.7  -0.8  -0.6  -0.5   0.3  -9 -9.0 -9  3  2
202401301500 108   5  1.6  -9 -9.0   -9 1015.9 1026.5  7  -3.1   7.1  -8.5  32.0   3.2   -9.0   -9.0   -9.0   -9.0   -9.0   -9.0   -9.0 -9 -9 -                        6   0   -9 Ci         1   0   0  1754  1.0  1.78 -9  10.3  -0.7  -0.5  -0.5   0.3  -9 -9.0 -9  3  2
202401301600 108   9  1.4  -9 -9.0   -9 1015.6 1026.1 -9  -9.0   8.1  -7.6  32.0   3.5   -9.0   -9.0   -9.0   -9.0   -9.0   -9.0   -9.0 -9 -9 -                        5   0   -9 Ci         1   0   0  1930  1.0  1.30 -9   6.0  -0.7  -0.5  -0.5   0.3  -9 -9.0 -9  3  2
202401301700 108   5  1.1  -9 -9.0   -9 1015.6 1026.2 -9  -9.0   7.4  -8.2  32.0   3.3   -9.0   -9.0   -9.0   -9.0   -9.0   -9.0   -9.0 -9 -9 -                        3   0   -9 Ci         1   0   0  1649  1.0  0.58 -9   1.1  -0.5  -0.5  -0.4   0.3  -9 -9.0 -9  3  2
202401301800 108  32  1.2  -9 -9.0   -9 1015.7 1026.4  5  -0.1   5.7  -7.5  38.0   3.5   -9.0   -9.0   -9.0   -9.0   -9.0   -9.0   -9.0 -9 -9 -                        3   0   -9 Ci         1   0   0  1541  0.4  0.14 -9  -0.2  -0.5  -0.4  -0.4   0.3  -9 -9.0 -9  3  2
202401301900 108  29  0.6  -9 -9.0   -9 1015.6 1026.3 -9  -9.0   4.3  -7.2  43.0   3.6   -9.0   -9.0   -9.0   -9.0   -9.0   -9.0   -9.0 -9 -9 -                        2   2   67 -         -9  -9  -9  1492 -9.0 -9.00 -9  -0.2  -0.5  -0.4  -0.4   0.3  -9 -9.0 -9  3 -9
202401302000 108   0  0.4  -9 -9.0   -9 1015.2 1025.9 -9  -9.0   3.3  -6.6  48.0   3.7   -9.0   -9.0   -9.0   -9.0   -9.0   -9.0   -9.0 -9 -9 -                        0   0   -9 -         -9  -9  -9  1407 -9.0 -9.00 -9  -0.5  -0.5  -0.4  -0.4   0.3  -9 -9.0 -9  3 -9
202401302100 108  29  1.1  -9 -9.0   -9 1015.9 1026.7  3   0.3   2.7  -7.2  48.0   3.6   -9.0   -9.0   -9.0   -9.0   -9.0   -9.0   -9.0 -9 -9 -                        0   0   -9 -         -9  -9  -9  1418 -9.0 -9.00 -9  -0.6  -0.5  -0.4  -0.4   0.3  -9 -9.0 -9  3  2
202401302200 108   5  0.8  -9 -9.0   -9 1015.6 1026.4 -9  -9.0   1.8  -6.5  54.0   3.8   -9.0   -9.0   -9.0   -9.0   -9.0   -9.0   -9.0 -9 -9 -                        0   0   -9 -         -9  -9  -9  1380 -9.0 -9.00 -9  -0.7  -0.5  -0.4  -0.4   0.3  -9 -9.0 -9  3 -9
202401302300 108   2  1.7  -9 -9.0   -9 1015.0 1025.8 -9  -9.0   1.0  -7.2  54.0   3.6   -9.0   -9.0   -9.0   -9.0   -9.0   -9.0   -9.0 -9 -9 -                        4   1   63 -         -9  -9  -9  1412 -9.0 -9.00 -9  -0.8  -0.5  -0.4  -0.4   0.3  -9 -9.0 -9  3 -9
202401310000 108   5  1.4  -9 -9.0   -9 1014.6 1025.5  7  -1.2   0.7  -7.3  55.0   3.5   -9.0   -9.0   -9.0   -9.0   -9.0   -9.0   -9.0 -9 -9 -                        5   5   30 Ac         0   3   0  1453 -9.0 -9.00 -9  -0.7  -0.5  -0.4  -0.4   0.3  -9 -9.0 -9  3  2
202401310100 108   2  1.8  -9 -9.0   -9 1014.5 1025.3 -9  -9.0   1.0  -6.3  58.0   3.8   -9.0   -9.0   -9.0   -9.0   -9.0   -9.0   -9.0 -9 -9 -                        9   9   24 -         -9  -9  -9  1454 -9.0 -9.00 -9  -0.5  -0.5  -0.4  -0.4   0.3  -9 -9.0 -9  3 -9
202401310200 108  27  0.7  -9 -9.0   -9 1015.5 1026.3 -9  -9.0   1.6  -6.7  54.0   3.7   -9.0   -9.0   -9.0   -9.0   -9.0   -9.0   -9.0 -9 -9 -                       10  10   23 -         -9  -9  -9  1528 -9.0 -9.00 -9  -0.4  -0.5  -0.4  -0.4   0.3  -9 -9.0 -9  3 -9
202401310300 108   5  1.7  -9 -9.0   -9 1014.8 1025.6  0   0.1   1.5  -6.3  56.0   3.8   -9.0   -9.0   -9.0   -9.0   -9.0   -9.0   -9.0 -9 -9 -                        9   9   28 As         0   2   0  1429 -9.0 -9.00 -9  -0.4  -0.5  -0.4  -0.4   0.3  -9 -9.0 -9  3  2
202401310400 108   5  2.2  -9 -9.0   -9 1014.0 1024.8 -9  -9.0   1.4  -6.2  57.0   3.8   -9.0   -9.0   -9.0   -9.0   -9.0   -9.0   -9.0 -9 -9 -                        8   8   28 Ac         0   3   0  1484 -9.0 -9.00 -9  -0.5  -0.5  -0.4  -0.4   0.3  -9 -9.0 -9  3  2
202401310500 108   5  1.4  -9 -9.0   -9 1013.9 1024.7 -9  -9.0   1.4  -5.9  58.0   3.9   -9.0   -9.0   -9.0   -9.0   -9.0   -9.0   -9.0 -9 -9 -                        8   8   28 Ac         0   3   0  1460 -9.0 -9.00 -9  -0.5  -0.5  -0.4  -0.4   0.3  -9 -9.0 -9  3  2
202401310600 108   0  0.3  -9 -9.0   -9 1013.9 1024.7  6  -0.9   1.5  -6.1  57.0   3.9   -9.0   -9.0   -9.0   -9.0   -9.0   -9.0   -9.0 -9 -9 -                        8   8   30 Ac         0   3   0  1441 -9.0 -9.00 -9  -0.5  -0.5  -0.4  -0.4   0.3  -9 -9.0 -9  3  2
202401310700 108   0  0.4  -9 -9.0   -9 1014.1 1024.9 -9  -9.0   1.3  -6.2  57.0   3.8   -9.0   -9.0   -9.0   -9.0   -9.0   -9.0   -9.0 -9 -9 -                        8   8   28 Ac         0   3   0  1459 -9.0 -9.00 -9  -0.5  -0.5  -0.4  -0.4   0.3  -9 -9.0 -9  3  2
202401310800 108  36  1.3  -9 -9.0   -9 1014.6 1025.4 -9  -9.0   1.5  -5.8  58.0   4.0   -9.0   -9.0   -9.0   -9.0   -9.0   -9.0   -9.0 -9 -9 -                        7   7   30 Ac         0   3   0  1477  0.0  0.01 -9  -0.7  -0.5  -0.4  -0.4   0.3  -9 -9.0 -9  3  2
202401310900 108   5  1.1  -9 -9.0   -9 1014.6 1025.4  1   0.7   1.7  -5.9  57.0   3.9   -9.0   -9.0   -9.0   -9.0   -9.0   -9.0   -9.0 -9 -9 -                        4   4   28 Ac         0   3   0  1338  0.5  0.28 -9  -0.3  -0.5  -0.4  -0.4   0.3  -9 -9.0 -9  3  2
202401311000 108   5  1.8  -9 -9.0   -9 1014.5 1025.2 -9  -9.0   3.7  -5.2  52.0   4.2   -9.0   -9.0   -9.0   -9.0   -9.0   -9.0   -9.0 -9 -9 -                        0   0   -9 -         -9  -9  -9  1257  1.0  0.98 -9   1.1  -0.5  -0.4  -0.4   0.3  -9 -9.0 -9  3  2
202401311100 108   2  1.1  -9 -9.0   -9 1014.4 1025.0 -9  -9.0   5.9  -5.4  44.0   4.1   -9.0   -9.0   -9.0   -9.0   -9.0   -9.0   -9.0 -9 -9 -                        0   0   -9 -         -9  -9  -9  1115  1.0  1.52 -9   4.4  -0.5  -0.4  -0.4   0.3  -9 -9.0 -9  3  2
202401311200 108  16  1.2  -9 -9.0   -9 1013.6 1024.1  7  -1.3   8.0  -4.8  40.0   4.3   -9.0   -9.0   -9.0   -9.0   -9.0   -9.0   -9.0 -9 -9 -                        0   0   -9 -         -9  -9  -9  1042  1.0  1.92 -9  11.0  -0.6  -0.4  -0.4   0.3  -9 -9.0 -9  3  2
202401311300 108  20  1.8  -9 -9.0   -9 1012.6 1023.0 -9  -9.0   9.7  -6.2  32.0   3.8   -9.0   -9.0   -9.0   -9.0   -9.0   -9.0   -9.0 -9 -9 -                        0   0   -9 -         -9  -9  -9  1141  1.0  2.05 -9  13.9  -0.6  -0.4  -0.4   0.3  -9 -9.0 -9  3  2
202401311400 108  29  2.4  -9 -9.0   -9 1011.8 1022.2 -9  -9.0   9.7  -7.0  30.0   3.6   -9.0   -9.0   -9.0   -9.0   -9.0   -9.0   -9.0 -9 -9 -                        0   0   -9 -         -9  -9  -9  1151  1.0  2.02 -9  13.5  -0.6  -0.3  -0.4   0.3  -9 -9.0 -9  3  2
202401311500 108  27  2.7  -9 -9.0   -9 1011.4 1021.8  7  -2.3  10.4  -5.6  32.0   4.0   -9.0   -9.0   -9.0   -9.0   -9.0   -9.0   -9.0 -9 -9 -                        0   0   -9 -         -9  -9  -9  1360  1.0  1.75 -9  11.7  -0.6  -0.3  -0.4   0.3  -9 -9.0 -9  3  2
202401311600 108  29  3.4  -9 -9.0   -9 1011.6 1022.0 -9  -9.0   9.5  -7.2  30.0   3.6   -9.0   -9.0   -9.0   -9.0   -9.0   -9.0   -9.0 -9 -9 -                        0   0   -9 -         -9  -9  -9  1480  1.0  1.30 -9   7.1  -0.5  -0.3  -0.4   0.3  -9 -9.0 -9  3  2
202401311700 108  27  2.9  -9 -9.0   -9 1011.6 1022.1 -9  -9.0   8.9  -6.1  34.0   3.9   -9.0   -9.0   -9.0   -9.0   -9.0   -9.0   -9.0 -9 -9 -                        0   0   -9 -         -9  -9  -9  1498  1.0  0.68 -9   2.5  -0.4  -0.3  -0.4   0.3  -9 -9.0 -9  3  2
202401311800 108  29  2.7  -9 -9.0   -9 1012.0 1022.6  2   0.8   7.2  -2.8  49.0   5.0   -9.0   -9.0   -9.0   -9.0   -9.0   -9.0   -9.0 -9 -9 -                        0   0   -9 -         -9  -9  -9  1329  0.4  0.14 -9  -0.1  -0.4  -0.3  -0.4   0.3  -9 -9.0 -9  3  2
202401311900 108  34  2.7  -9 -9.0   -9 1012.4 1023.0 -9  -9.0   6.0  -1.8  57.0   5.4   -9.0   -9.0   -9.0   -9.0   -9.0   -9.0   -9.0 -9 -9 -                        0   0   -9 -         -9  -9  -9  1018 -9.0 -9.00 -9  -0.2  -0.4  -0.3  -0.4   0.3  -9 -9.0 -9  3 -9
202401312000 108  32  2.4  -9 -9.0   -9 1013.0 1023.7 -9  -9.0   5.3  -1.4  62.0   5.5   -9.0   -9.0   -9.0   -9.0   -9.0   -9.0   -9.0 -9 -9 40                       0   0   -9 -         -9  -9  -9   833 -9.0 -9.00 -9  -0.2  -0.4  -0.3  -0.4   0.3  -9 -9.0 -9  3  2
202401312100 108  25  1.5  -9 -9.0   -9 1013.0 1023.7  1   1.1   4.4  -1.4  66.0   5.5   -9.0   -9.0   -9.0   -9.0   -9.0   -9.0   -9.0  5  0 40                       0   0   -9 -         -9  -9  -9   739 -9.0 -9.00 -9  -0.2  -0.4  -0.3  -0.4   0.3  -9 -9.0 -9  3  1
202401312200 108  29  0.7  -9 -9.0   -9 1013.0 1023.7 -9  -9.0   3.7  -1.4  69.0   5.5   -9.0   -9.0   -9.0   -9.0   -9.0   -9.0   -9.0 -9 -9 40                       0   0   -9 -         -9  -9  -9   684 -9.0 -9.00 -9  -0.3  -0.4  -0.3  -0.4   0.3  -9 -9.0 -9  3  2
202401312300 108  32  3.2  -9 -9.0   -9 1013.0 1023.7 -9  -9.0   3.6  -0.6  74.0   5.8   -9.0   -9.0   -9.0   -9.0   -9.0   -9.0   -9.0 -9 -9 40                       0   0   -9 -         -9  -9  -9   674 -9.0 -9.00 -9  -0.4  -0.4  -0.3  -0.4   0.3  -9 -9.0 -9  3  2
#7777END
