#START7777
#2345678901234567890123456789012345678901234567890123456789012345678901234567890123456789012345678901234567890123456789012345678901234567890123456789012345678901234567890123456789012345678901234567890123456789012345678901234567890123456789012345678901234
# YYMMDDHHMI STN  WD   WS GST  GST  GST     PA     PS PT    PR    TA    TD    HM    PV     RN     RN     RN     RN     SD     SD     SD WC WP WW                      CA  CA   CH CT        CT  CT  CT    VS   SS    SI ST    TS    TE    TE    TE    TE  ST   WH BF IR IX
#        KST  ID  16  m/s  WD   WS   TM    hPa    hPa  -   hPa     C     C     %   hPa     mm    DAY    JUN    INT    HR3    DAY    TOT -- -- ---------------------- TOT MID  MIN -------- TOP MID LOW                  GD     C     5    10    20    30 SEA    m --  -  -
202601010000 108  36  2.9  -9 -9.0   -9 1019.0 1030.3  0   0.4  -8.9 -17.6  49.0   1.5   -9.0   -9.0   -9.0   -9.0   -9.0   -9.0   -9.0 -9 -9 -                        0   0   -9 -         -9  -9  -9  3338 -9.0 -9.00 -9  -5.2  -0.3   0.1   1.6   2.2  -9 -9.0 -9  3  2
202601010100 108  34  1.9  -9 -9.0   -9 1018.4 1029.7 -9  -9.0  -9.3 -17.3  52.0   1.6   -9.0   -9.0   -9.0   -9.0   -9.0   -9.0   -9.0 -9 -9 -                        0   0   -9 -         -9  -9  -9  3318 -9.0 -9.00 -9  -5.3  -0.4   0.0   1.6   2.3  -9 -9.0 -9  3 -9
202601010200 108  34  1.7  -9 -9.0   -9 1018.2 1029.5 -9  -9.0  -9.5 -17.7  51.0   1.5   -9.0   -9.0   -9.0   -9.0   -9.0   -9.0   -9.0 -9 -9 -                        0   0   -9 -         -9  -9  -9  3776 -9.0 -9.00 -9  -5.5  -0.5   0.0   1.6   2.4  -9 -9.0 -9  3 -9
202601010300 108  36  2.3  -9 -9.0   -9 1018.2 1029.5  6  -0.8  -9.7 -17.5  53.0   1.6   -9.0   -9.0   -9.0   -9.0   -9.0   -9.0   -9.0 -9 -9 -                        0   0   -9 -         -9  -9  -9  3543 -9.0 -9.00 -9  -5.7  -0.6  -0.1   1.6   2.2  -9 -9.0 -9  3  2
202601010400 108  36  2.2  -9 -9.0   -9 1017.6 1028.9 -9  -9.0  -9.8 -17.8  52.0   1.5   -9.0   -9.0   -9.0   -9.0   -9.0   -9.0   -9.0 -9 -9 -                        0   0   -9 -         -9  -9  -9  3752 -9.0 -9.00 -9  -5.9  -0.7  -0.1   1.6   2.3  -9 -9.0 -9  3  2
202601010500 108  34  2.2  -9 -9.0   -9 1017.4 1028.7 -9  -9.0  -9.9 -18.8  48.0   1.4   -9.0   -9.0   -9.0   -9.0   -9.0   -9.0   -9.0 -9 -9 -                        0   0   -9 -         -9  -9  -9  3595 -9.0 -9.00 -9  -6.0  -0.8  -0.1   1.5   2.3  -9 -9.0 -9  3  2
202601010600 108  34  2.7  -9 -9.0   -9 1017.4 1028.7  6  -0.8 -10.0 -18.4  50.0   1.4   -9.0   -9.0   -9.0   -9.0   -9.0   -9.0   -9.0 -9 -9 -                        2   0   -9 Ci         1   0   0  3543 -9.0 -9.00 -9  -6.1  -0.9  -0.2   1.5   2.3  -9 -9.0 -9  3  2
202601010700 108  32  2.4  -9 -9.0   -9 1017.4 1028.8 -9  -9.0 -10.3 -18.7  50.0   1.4   -9.0   -9.0   -9.0   -9.0   -9.0   -9.0   -9.0 -9 -9 -                        7   0   -9 Ci         1   0   0  3545 -9.0 -9.00 -9  -6.0  -1.0  -0.2   1.5   2.2  -9 -9.0 -9  3  2
202601010800 108  27  1.7  -9 -9.0   -9 1017.8 1029.2 -9  -9.0 -10.5 -18.9  50.0   1.4   -9.0   -9.0   -9.0   -9.0   -9.0   -9.0   -9.0 -9 -9 -                        2   0   -9 Ci         1   0   0  3857  0.0  0.00 -9  -6.1  -1.1  -0.2   1.4   2.1  -9 -9.0 -9  3  2
202601010900 108  29  3.1  -9 -9.0   -9 1017.9 1029.3  2   0.6 -10.0 -18.9  48.0   1.4   -9.0   -9.0   -9.0   -9.0   -9.0   -9.0   -9.0 -9 -9 -                        1   0   -9 Ci         1   0   0  3484  0.8  0.27 -9  -5.5  -1.1  -0.3   1.4   2.3  -9 -9.0 -9  3  2
202601011000 108  27  1.6  -9 -9.0   -9 1018.3 1029.6 -9  -9.0  -8.6 -18.4  45.0   1.4   -9.0   -9.0   -9.0   -9.0   -9.0   -9.0   -9.0 -9 -9 -                        0   0   -9 -         -9  -9  -9  3719  1.0  0.83 -9  -3.3  -1.3  -0.3   1.4   2.2  -9 -9.0 -9  3  2
202601011100 108  29  3.5  -9 -9.0   -9 1018.2 1029.5 -9  -9.0  -7.6 -19.8  37.0   1.3   -9.0   -9.0   -9.0   -9.0   -9.0   -9.0   -9.0 -9 -9 -                        2   0   -9 Ci         1   0   0  4157  1.0  1.46 -9  -1.3  -1.0  -0.3   1.3   2.2  -9 -9.0 -9  3  2
202601011200 108  27  3.6  -9 -9.0   -9 1016.8 1028.0  8  -1.3  -5.6 -19.3  33.0   1.3   -9.0   -9.0   -9.0   -9.0   -9.0   -9.0   -9.0 -9 -9 -                        0   0   -9 -         -9  -9  -9  3949  1.0  1.78 -9  -0.1  -0.8  -0.2   1.3   2.1  -9 -9.0 -9  3  2
202601011300 108  27  3.8  -9 -9.0   -9 1015.7 1026.8 -9  -9.0  -4.3 -19.3  30.0   1.3   -9.0   -9.0   -9.0   -9.0   -9.0   -9.0   -9.0 -9 -9 -                        0   0   -9 -         -9  -9  -9  4380  1.0  2.00 -9   0.2  -0.6  -0.2   1.3   2.2  -9 -9.0 -9  3  2
202601011400 108  29  3.7  -9 -9.0   -9 1015.0 1026.1 -9  -9.0  -4.0 -20.7  26.0   1.2   -9.0   -9.0   -9.0   -9.0   -9.0   -9.0   -9.0 -9 -9 -                        0   0   -9 -         -9  -9  -9  3595  1.0  1.93 -9   0.1  -0.5  -0.1   1.3   2.1  -9 -9.0 -9  3  2
202601011500 108  27  2.7  -9 -9.0   -9 1014.4 1025.4  7  -2.6  -2.1 -19.0  26.0   1.4   -9.0   -9.0   -9.0   -9.0   -9.0   -9.0   -9.0 -9 -9 -                        0   0   -9 -         -9  -9  -9  4317  1.0  1.61 -9   0.0  -0.4  -0.1   1.3   2.1  -9 -9.0 -9  3  2
202601011600 108  27  4.1  -9 -9.0   -9 1014.3 1025.3 -9  -9.0  -2.8 -19.2  27.0   1.3   -9.0   -9.0   -9.0   -9.0   -9.0   -9.0   -9.0 -9 -9 -                        0   0   -9 -         -9  -9  -9  4412  1.0  1.11 -9  -1.0  -0.4  -0.2   1.2   2.1  -9 -9.0 -9  3  2
202601011700 108  27  3.8  -9 -9.0   -9 1014.3 1025.4 -9  -9.0  -4.0 -19.8  28.0   1.3   -9.0   -9.0   -9.0   -9.0   -9.0   -9.0   -9.0 -9 -9 -                        0   0   -9 -         -9  -9  -9  4830  1.0  0.44 -9  -2.3  -0.5  -0.1   1.3   2.0  -9 -9.0 -9  3  2
202601011800 108  27  4.4  -9 -9.0   -9 1014.6 1025.7  3   0.3  -5.0 -18.8  33.0   1.4   -9.0   -9.0   -9.0   -9.0   -9.0   -9.0   -9.0 -9 -9 -                        0   0   -9 -         -9  -9  -9  4720  0.1  0.03 -9  -3.2  -0.7  -0.2   1.3   2.0  -9 -9.0 -9  3  2
202601011900 108  27  4.0  -9 -9.0   -9 1014.7 1025.8 -9  -9.0  -5.9 -18.2  37.0   1.5   -9.0   -9.0   -9.0   -9.0   -9.0   -9.0   -9.0 -9 -9 -                        0   0   -9 -         -9  -9  -9  4517 -9.0 -9.00 -9  -4.2  -0.8  -0.3   1.3   2.1  -9 -9.0 -9  3 -9
202601012000 108  32  3.6  -9 -9.0   -9 1014.9 1026.1 -9  -9.0  -6.6 -18.2  39.0   1.5   -9.0   -9.0   -9.0   -9.0   -9.0   -9.0   -9.0 -9 -9 -                        0   0   -9 -         -9  -9  -9  3806 -9.0 -9.00 -9  -5.0  -0.9  -0.3   1.3   2.1  -9 -9.0 -9  3 -9
202601012100 108  27  3.6  -9 -9.0   -9 1014.8 1026.0  0   0.3  -7.6 -18.3  42.0   1.5   -9.0   -9.0   -9.0   -9.0   -9.0   -9.0   -9.0 -9 -9 -                        0   0   -9 -         -9  -9  -9  3958 -9.0 -9.00 -9  -5.7  -1.1  -0.4   1.3   2.1  -9 -9.0 -9  3  2
202601012200 108  32  2.7  -9 -9.0   -9 1015.2 1026.4 -9  -9.0  -8.2 -18.0  45.0   1.5   -9.0   -9.0   -9.0   -9.0   -9.0   -9.0   -9.0 -9 -9 -                        0   0   -9 -         -9  -9  -9  3530 -9.0 -9.00 -9  -6.0  -1.2  -0.4   1.3   2.0  -9 -9.0 -9  3 -9
202601012300 108  32  2.5  -9 -9.0   -9 1015.1 1026.4 -9  -9.0  -8.6 -18.1  46.0   1.5   -9.0   -9.0   -9.0   -9.0   -9.0   -9.0   -9.0 -9 -9 -                        0   0   -9 -         -9  -9  -9  3704 -9.0 -9.00 -9  -6.3  -1.3  -0.5   1.2   2.0  -9 -9.0 -9  3 -9
202601020000 108  27  2.0  -9 -9.0   -9 1014.9 1026.2  0   0.2  -9.2 -18.4  47.0   1.4   -9.0   -9.0   -9.0   -9.0   -9.0   -9.0   -9.0 -9 -9 -                        0   0   -9 -         -9  -9  -9  3488 -9.0 -9.00 -9  -6.4  -1.4  -0.6   1.2   2.0  -9 -9.0 -9  3  2
202601020100 108  34  2.8  -9 -9.0   -9 1014.7 1026.0 -9  -9.0  -9.4 -19.1  45.0   1.4   -9.0   -9.0   -9.0   -9.0   -9.0   -9.0   -9.0 -9 -9 -                        0   0   -9 -         -9  -9  -9  3623 -9.0 -9.00 -9  -6.6  -1.5  -0.7   1.1   1.9  -9 -9.0 -9  3 -9
202601020200 108  32  3.9  -9 -9.0   -9 1014.6 1025.9 -9  -9.0  -9.5 -18.7  47.0   1.4   -9.0   -9.0   -9.0   -9.0   -9.0   -9.0   -9.0 -9 -9 -                        0   0   -9 -         -9  -9  -9  3485 -9.0 -9.00 -9  -6.8  -1.6  -0.8   1.1   1.9  -9 -9.0 -9  3 -9
202601020300 108  32  3.0  -9 -9.0   -9 1015.2 1026.5  3   0.3 -10.0 -18.7  49.0   1.4   -9.0   -9.0   -9.0   -9.0   -9.0   -9.0   -9.0 -9 -9 -                        0   0   -9 -         -9  -9  -9  3451 -9.0 -9.00 -9  -6.9  -1.7  -0.9   1.0   1.9  -9 -9.0 -9  3  2
202601020400 108  32  3.7  -9 -9.0   -9 1015.0 1026.3 -9  -9.0 -10.4 -19.0  49.0   1.4   -9.0   -9.0   -9.0   -9.0   -9.0   -9.0   -9.0 -9 -9 -                        0   0   -9 -         -9  -9  -9  3362 -9.0 -9.00 -9  -7.1  -1.8  -1.1   1.0   1.8  -9 -9.0 -9  3  2
202601020500 108  32  3.5  -9 -9.0   -9 1015.2 1026.5 -9  -9.0 -10.6 -18.8  51.0   1.4   -9.0   -9.0   -9.0   -9.0   -9.0   -9.0   -9.0 -9 -9 -                        0   0   -9 -         -9  -9  -9  3346 -9.0 -9.00 -9  -7.2  -1.9  -1.2   0.9   1.8  -9 -9.0 -9  3  2
202601020600 108  32  1.8  -9 -9.0   -9 1015.1 1026.5  4   0.0 -11.0 -19.6  49.0   1.3   -9.0   -9.0   -9.0   -9.0   -9.0   -9.0   -9.0 -9 -9 -                        0   0   -9 -         -9  -9  -9  3280 -9.0 -9.00 -9  -7.2  -2.0  -1.3   0.9   1.8  -9 -9.0 -9  3  2
202601020700 108  29  2.8  -9 -9.0   -9 1015.6 1027.0 -9  -9.0 -11.0 -19.4  50.0   1.3   -9.0   -9.0   -9.0   -9.0   -9.0   -9.0   -9.0 -9 -9 -                        0   0   -9 -         -9  -9  -9  3269 -9.0 -9.00 -9  -7.3  -2.2  -1.3   0.9   1.8  -9 -9.0 -9  3  2
202601020800 108  29  2.6  -9 -9.0   -9 1016.0 1027.4 -9  -9.0 -11.2 -18.9  53.0   1.4   -9.0   -9.0   -9.0   -9.0   -9.0   -9.0   -9.0 -9 -9 -                        0   0   -9 -         -9  -9  -9  3318  0.0  0.00 -9  -7.2  -2.2  -1.4   0.8   1.7  -9 -9.0 -9  3  2
202601020900 108  29  2.4  -9 -9.0   -9 1016.3 1027.7  2   1.2 -10.7 -19.1  50.0   1.4   -9.0   -9.0   -9.0   -9.0   -9.0   -9.0   -9.0 -9 -9 -                        0   0   -9 -         -9  -9  -9  3044  1.0  0.32 -9  -6.4  -2.2  -1.5   0.8   1.8  -9 -9.0 -9  3  2
202601021000 108  27  2.9  -9 -9.0   -9 1016.7 1028.0 -9  -9.0  -8.8 -19.1  43.0   1.4   -9.0   -9.0   -9.0   -9.0   -9.0   -9.0   -9.0 -9 -9 -                        0   0   -9 -         -9  -9  -9  3568  1.0  0.89 -9  -3.7  -2.1  -1.5   0.7   1.6  -9 -9.0 -9  3  2
202601021100 108  25  2.0  -9 -9.0   -9 1016.5 1027.7 -9  -9.0  -6.9 -18.2  40.0   1.5   -9.0   -9.0   -9.0   -9.0   -9.0   -9.0   -9.0 -9 -9 -                        0   0   -9 -         -9  -9  -9  3203  1.0  1.45 -9  -1.4  -1.7  -1.3   0.6   1.5  -9 -9.0 -9  3  2
202601021200 108  25  2.3  -9 -9.0   -9 1015.6 1026.7  8  -1.0  -5.5 -17.2  39.0   1.6   -9.0   -9.0   -9.0   -9.0   -9.0   -9.0   -9.0 -9 -9 -                        0   0   -9 -         -9  -9  -9  3245  1.0  1.81 -9  -0.1  -1.2  -1.2   0.6   1.5  -9 -9.0 -9  3  2
202601021300 108  27  3.1  -9 -9.0   -9 1015.0 1026.1 -9  -9.0  -5.5 -18.2  36.0   1.5   -9.0   -9.0   -9.0   -9.0   -9.0   -9.0   -9.0 -9 -9 -                        0   0   -9 -         -9  -9  -9  2937  1.0  1.95 -9   0.2  -0.9  -0.9   0.6   1.5  -9 -9.0 -9  3  2
202601021400 108  25  3.5  -9 -9.0   -9 1014.3 1025.4 -9  -9.0  -4.7 -17.5  36.0   1.6   -9.0   -9.0   -9.0   -9.0   -9.0   -9.0   -9.0 -9 -9 -                        0   0   -9 -         -9  -9  -9  3484  1.0  1.90 -9   0.1  -0.8  -0.8   0.7   1.7  -9 -9.0 -9  3  2
202601021500 108  27  3.0  -9 -9.0   -9 1014.1 1025.2  7  -1.5  -4.5 -17.0  37.0   1.6   -9.0   -9.0   -9.0   -9.0   -9.0   -9.0   -9.0 -9 -9 -                        0   0   -9 -         -9  -9  -9  2860  1.0  1.58 -9  -0.1  -0.8  -0.6   0.8   1.6  -9 -9.0 -9  3  2
202601021600 108  29  3.6  -9 -9.0   -9 1014.1 1025.2 -9  -9.0  -4.4 -16.6  38.0   1.7   -9.0   -9.0   -9.0   -9.0   -9.0   -9.0   -9.0 -9 -9 -                        0   0   -9 -         -9  -9  -9  2846  1.0  1.04 -9  -1.0  -0.8  -0.6   0.8   1.7  -9 -9.0 -9  3  2
202601021700 108  29  2.9  -9 -9.0   -9 1014.7 1025.8 -9  -9.0  -5.1 -16.0  42.0   1.8   -9.0   -9.0   -9.0   -9.0   -9.0   -9.0   -9.0 -9 -9 -                        0   0   -9 -         -9  -9  -9  2836  1.0  0.42 -9  -2.2  -0.9  -0.6   0.8   1.7  -9 -9.0 -9  3  2
202601021800 108  27  1.9  -9 -9.0   -9 1014.9 1026.0  2   0.8  -5.9 -15.6  46.0   1.8   -9.0   -9.0   -9.0   -9.0   -9.0   -9.0   -9.0 -9 -9 -                        0   0   -9 -         -9  -9  -9  2681  0.1  0.03 -9  -3.1  -1.0  -0.7   1.0   1.8  -9 -9.0 -9  3  2
202601021900 108  29  2.2  -9 -9.0   -9 1015.3 1026.5 -9  -9.0  -6.4 -16.1  46.0   1.7   -9.0   -9.0   -9.0   -9.0   -9.0   -9.0   -9.0 -9 -9 -                        0   0   -9 -         -9  -9  -9  2936 -9.0 -9.00 -9  -4.2  -1.2  -0.8   0.9   1.7  -9 -9.0 -9  3 -9
202601022000 108  34  2.5  -9 -9.0   -9 1015.7 1026.9 -9  -9.0  -6.9 -16.0  48.0   1.8   -9.0   -9.0   -9.0   -9.0   -9.0   -9.0   -9.0 -9 -9 -                        0   0   -9 -         -9  -9  -9  2752 -9.0 -9.00 -9  -5.0  -1.4  -0.9   0.9   1.8  -9 -9.0 -9  3 -9
202601022100 108  32  3.4  -9 -9.0   -9 1016.2 1027.4  2   1.4  -7.3 -16.2  49.0   1.7   -9.0   -9.0   -9.0   -9.0   -9.0   -9.0   -9.0 -9 -9 -                        0   0   -9 -         -9  -9  -9  2742 -9.0 -9.00 -9  -5.4  -1.6  -1.1   0.8   1.7  -9 -9.0 -9  3  2
202601022200 108  32  2.3  -9 -9.0   -9 1016.4 1027.6 -9  -9.0  -7.7 -16.1  51.0   1.7   -9.0   -9.0   -9.0   -9.0   -9.0   -9.0   -9.0 -9 -9 -                        0   0   -9 -         -9  -9  -9  2628 -9.0 -9.00 -9  -5.8  -1.7  -1.2   0.7   1.7  -9 -9.0 -9  3 -9
202601022300 108  32  1.4  -9 -9.0   -9 1016.9 1028.2 -9  -9.0  -8.2 -16.5  51.0   1.7   -9.0   -9.0   -9.0   -9.0   -9.0   -9.0   -9.0 -9 -9 -                        0   0   -9 -         -9  -9  -9  2654 -9.0 -9.00 -9  -6.1  -1.9  -1.3   0.8   1.7  -9 -9.0 -9  3 -9
202601030000 108  29  0.8  -9 -9.0   -9 1017.0 1028.3  2   0.9  -8.8 -16.4  54.0   1.7   -9.0   -9.0   -9.0   -9.0   -9.0   -9.0   -9.0 -9 -9 -                        0   0   -9 -         -9  -9  -9  2587 -9.0 -9.00 -9  -6.4  -2.1  -1.4   0.8   1.6  -9 -9.0 -9  3  2
202601030100 108  27  1.1  -9 -9.0   -9 1016.8 1028.1 -9  -9.0  -9.0 -15.7  58.0   1.8   -9.0   -9.0   -9.0   -9.0   -9.0   -9.0   -9.0 -9 -9 -                        0   0   -9 -         -9  -9  -9  2563 -9.0 -9.00 -9  -6.6  -2.2  -1.5   0.8   1.7  -9 -9.0 -9  3 -9
202601030200 108  27  1.0  -9 -9.0   -9 1016.9 1028.2 -9  -9.0  -9.2 -15.3  61.0   1.9   -9.0   -9.0   -9.0   -9.0   -9.0   -9.0   -9.0 -9 -9 -                        0   0   -9 -         -9  -9  -9  2622 -9.0 -9.00 -9  -6.9  -2.3  -1.5   0.7   1.6  -9 -9.0 -9  3 -9
202601030300 108  29  0.8  -9 -9.0   -9 1017.3 1028.6  3   0.3  -9.5 -15.0  64.0   1.9   -9.0   -9.0   -9.0   -9.0   -9.0   -9.0   -9.0 -9 -9 -                        0   0   -9 -         -9  -9  -9  2331 -9.0 -9.00 -9  -7.0  -2.4  -1.6   0.7   1.6  -9 -9.0 -9  3  2
202601030400 108  27  1.1  -9 -9.0   -9 1017.2 1028.5 -9  -9.0  -9.5 -14.8  65.0   1.9   -9.0   -9.0   -9.0   -9.0   -9.0   -9.0   -9.0 -9 -9 -                        0   0   -9 -         -9  -9  -9  2396 -9.0 -9.00 -9  -6.9  -2.5  -1.7   0.7   1.6  -9 -9.0 -9  3  2
202601030500 108  27  0.8  -9 -9.0   -9 1017.0 1028.3 -9  -9.0  -9.5 -14.4  67.0   2.0   -9.0   -9.0   -9.0   -9.0   -9.0   -9.0   -9.0 -9 -9 -                        0   0   -9 -         -9  -9  -9  2552 -9.0 -9.00 -9  -7.0  -2.6  -1.8   0.7   1.7  -9 -9.0 -9  3  2
202601030600 108   0  0.2  -9 -9.0   -9 1017.4 1028.7  3   0.1  -9.6 -14.4  68.0   2.0   -9.0   -9.0   -9.0   -9.0   -9.0   -9.0   -9.0 -9 -9 -                        0   0   -9 -         -9  -9  -9  2616 -9.0 -9.00 -9  -6.9  -2.6  -1.8   0.7   1.5  -9 -9.0 -9  3  2
202601030700 108   2  1.2  -9 -9.0   -9 1017.8 1029.1 -9  -9.0  -9.5 -14.4  67.0   2.0   -9.0   -9.0   -9.0   -9.0   -9.0   -9.0   -9.0 -9 -9 -                        0   0   -9 -         -9  -9  -9  2783 -9.0 -9.00 -9  -6.8  -2.6  -1.9   0.6   1.6  -9 -9.0 -9  3  2
202601030800 108   2  2.2  -9 -9.0   -9 1017.9 1029.2 -9  -9.0  -9.8 -14.2  70.0   2.0   -9.0   -9.0   -9.0   -9.0   -9.0   -9.0   -9.0 -9 -9 -                        0   0   -9 -         -9  -9  -9  2630  0.0  0.00 -9  -6.8  -2.6  -1.9   0.5   1.5  -9 -9.0 -9  3  2
202601030900 108   5  2.0  -9 -9.0   -9 1018.3 1029.6  2   0.9  -9.1 -13.5  70.0   2.2   -9.0   -9.0   -9.0   -9.0   -9.0   -9.0   -9.0 -9 -9 -                        0   0   -9 -         -9  -9  -9  2491  1.0  0.31 -9  -5.8  -2.5  -1.9   0.6   1.5  -9 -9.0 -9  3  2
202601031000 108   5  2.7  -9 -9.0   -9 1018.6 1029.8 -9  -9.0  -6.2 -13.1  58.0   2.2   -9.0   -9.0   -9.0   -9.0   -9.0   -9.0   -9.0 -9 -9 -                        0   0   -9 -         -9  -9  -9  2611  1.0  0.86 -9  -3.0  -2.3  -1.8   0.6   1.3  -9 -9.0 -9  3  2
202601031100 108   5  1.9  -9 -9.0   -9 1018.4 1029.5 -9  -9.0  -4.4 -12.5  53.0   2.3   -9.0   -9.0   -9.0   -9.0   -9.0   -9.0   -9.0 -9 -9 -                        1   0   -9 Ci         1   0   0  2542  1.0  1.36 -9  -0.7  -1.8  -1.5   0.5   1.4  -9 -9.0 -9  3  2
202601031200 108  11  1.2  -9 -9.0   -9 1017.4 1028.4  8  -1.2  -2.1 -12.1  46.0   2.4   -9.0   -9.0   -9.0   -9.0   -9.0   -9.0   -9.0 -9 -9 -                        3   3   13 Sc         0   0   5  2423  0.9  1.58 -9   0.1  -1.3  -1.3   0.4   1.3  -9 -9.0 -9  3  2
202601031300 108  18  1.6  -9 -9.0   -9 1016.8 1027.8 -9  -9.0  -1.4 -12.1  44.0   2.4   -9.0   -9.0   -9.0   -9.0   -9.0   -9.0   -9.0 -9 -9 -                        9   9   11 Sc         0   0   5  2892  0.4  1.02 -9   0.3  -0.8  -1.0   0.4   1.3  -9 -9.0 -9  3  2
202601031400 108  27  2.0  -9 -9.0   -9 1016.3 1027.2 -9  -9.0  -0.8 -10.4  48.0   2.8   -9.0   -9.0   -9.0   -9.0   -9.0   -9.0   -9.0 -9 -9 -                        9   9   10 Sc         0   0   5  2770  0.0  0.59 -9   0.6  -0.5  -1.0   0.2   1.1  -9 -9.0 -9  3  2
202601031500 108  27  1.8  -9 -9.0   -9 1016.1 1027.0  7  -1.4  -0.4  -9.8  49.0   2.9   -9.0   -9.0   -9.0   -9.0   -9.0   -9.0   -9.0 -9 -9 -                        9   9    9 Sc         0   0   5  2455  0.0  0.52 -9   0.6  -0.3  -0.9   0.2   1.0  -9 -9.0 -9  3  2
202601031600 108  25  2.2  -9 -9.0   -9 1016.0 1026.9 -9  -9.0   0.0  -9.7  48.0   2.9   -9.0   -9.0   -9.0   -9.0   -9.0   -9.0   -9.0 -9 -9 -                        3   3   10 Sc         0   0   5  2335  0.1  0.43 -9   0.3  -0.3  -0.8   0.1   1.0  -9 -9.0 -9  3  2
202601031700 108  20  2.0  -9 -9.0   -9 1016.0 1026.9 -9  -9.0  -0.7  -9.8  50.0   2.9   -9.0   -9.0   -9.0   -9.0   -9.0   -9.0   -9.0 -9 -9 -                        3   3   10 Sc         0   0   5  2041  0.1  0.25 -9   0.1  -0.3  -0.7   0.1   1.0  -9 -9.0 -9  3  2
202601031800 108  27  0.7  -9 -9.0   -9 1016.0 1027.0  4   0.0  -1.7  -9.5  55.0   3.0   -9.0   -9.0   -9.0   -9.0   -9.0   -9.0   -9.0 -9 -9 -                        3   3   10 Sc         0   0   5  1885  0.0  0.02 -9  -1.6  -0.3  -0.7   0.2   1.0  -9 -9.0 -9  3  2
202601031900 108   0  0.4  -9 -9.0   -9 1016.1 1027.1 -9  -9.0  -2.3  -9.0  60.0   3.1   -9.0   -9.0   -9.0   -9.0   -9.0   -9.0   -9.0 -9 -9 -                        0   0   -9 -         -9  -9  -9  1796 -9.0 -9.00 -9  -2.2  -0.5  -0.7   0.3   1.1  -9 -9.0 -9  3 -9
202601032000 108   2  1.7  -9 -9.0   -9 1015.9 1026.9 -9  -9.0  -2.7  -8.3  65.0   3.3   -9.0   -9.0   -9.0   -9.0   -9.0   -9.0   -9.0 -9 -9 -                        9   7    4 -         -9  -9  -9  1514 -9.0 -9.00 -9  -2.0  -0.7  -0.8   0.3   1.3  -9 -9.0 -9  3 -9
202601032100 108   2  1.9  -9 -9.0   -9 1015.7 1026.7  8  -0.3  -2.7  -8.5  64.0   3.2   -9.0   -9.0   -9.0   -9.0   -9.0   -9.0   -9.0 -9 -9 -                        7   7    6 Sc         0   0   5  1773 -9.0 -9.00 -9  -2.8  -0.7  -0.7   0.4   1.3  -9 -9.0 -9  3  2
202601032200 108   2  1.8  -9 -9.0   -9 1015.8 1026.8 -9  -9.0  -2.3  -7.9  65.0   3.4   -9.0   -9.0   -9.0   -9.0   -9.0   -9.0   -9.0 -9 -9 -                        9   9    4 -         -9  -9  -9  1769 -9.0 -9.00 -9  -1.9  -0.9  -0.7   0.5   1.2  -9 -9.0 -9  3 -9
202601032300 108   5  1.2  -9 -9.0   -9 1015.8 1026.8 -9  -9.0  -1.8  -7.9  63.0   3.4   -9.0   -9.0   -9.0   -9.0   -9.0   -9.0   -9.0 -9 -9 -                        9   9    5 -         -9  -9  -9  1733 -9.0 -9.00 -9  -1.7  -0.8  -0.8   0.4   1.2  -9 -9.0 -9  3 -9
202601040000 108   2  1.8  -9 -9.0   -9 1015.6 1026.6  8  -0.1  -2.3  -8.1  64.0   3.3   -9.0   -9.0   -9.0   -9.0   -9.0   -9.0   -9.0 -9 -9 -                        8   8   11 Sc         0   0   5  1620 -9.0 -9.00 -9  -3.0  -0.7  -0.8   0.4   1.3  -9 -9.0 -9  3  2
202601040100 108   5  1.3  -9 -9.0   -9 1015.5 1026.5 -9  -9.0  -2.4  -7.7  67.0   3.4   -9.0   -9.0   -9.0   -9.0   -9.0   -9.0   -9.0 -9 -9 -                        9   9   11 -         -9  -9  -9  1611 -9.0 -9.00 -9  -2.2  -0.8  -0.7   0.5   1.3  -9 -9.0 -9  3 -9
202601040200 108   5  1.2  -9 -9.0   -9 1015.4 1026.4 -9  -9.0  -2.0  -7.3  67.0   3.5   -9.0   -9.0   -9.0   -9.0   -9.0   -9.0   -9.0 -9 -9 -                        9   9   10 -         -9  -9  -9  1567 -9.0 -9.00 -9  -1.8  -0.8  -0.8   0.4   1.3  -9 -9.0 -9  3 -9
202601040300 108   5  1.8  -9 -9.0   -9 1015.3 1026.3  7  -0.3  -1.7  -7.0  67.0   3.6   -9.0   -9.0   -9.0   -9.0   -9.0   -9.0   -9.0 -9 -9 -                        8   8   10 Sc         0   0   5  1618 -9.0 -9.00 -9  -1.6  -0.7  -0.8   0.4   1.2  -9 -9.0 -9  3  2
202601040400 108   5  1.6  -9 -9.0   -9 1014.9 1025.9 -9  -9.0  -2.2  -7.7  66.0   3.4   -9.0   -9.0   -9.0   -9.0   -9.0   -9.0   -9.0 -9 -9 -                        6   6   10 Sc         0   0   5  1624 -9.0 -9.00 -9  -2.8  -0.7  -0.7   0.4   1.2  -9 -9.0 -9  3  2
202601040500 108   5  1.1  -9 -9.0   -9 1014.8 1025.8 -9  -9.0  -2.4  -7.5  68.0   3.5   -9.0   -9.0   -9.0   -9.0   -9.0   -9.0   -9.0 -9 -9 -                        8   8    7 Sc         0   0   5  1588 -9.0 -9.00 -9  -2.5  -0.8  -0.7   0.5   1.2  -9 -9.0 -9  3  2
202601040600 108   2  1.4  -9 -9.0   -9 1014.4 1025.4  7  -0.9  -2.4  -7.3  69.0   3.5   -9.0   -9.0   -9.0   -9.0   -9.0   -9.0   -9.0 -9 -9 -                        2   2   10 Sc         0   0   5  1507 -9.0 -9.00 -9  -3.2  -0.8  -0.7   0.5   1.3  -9 -9.0 -9  3  2
202601040700 108  34  0.6  -9 -9.0   -9 1015.0 1026.0 -9  -9.0  -2.3  -7.0  70.0   3.6   -9.0   -9.0   -9.0   -9.0   -9.0   -9.0   -9.0 -9 -9 -                        7   7    6 Sc         0   0   5  1463 -9.0 -9.00 -9  -3.0  -0.9  -0.8   0.4   1.4  -9 -9.0 -9  3  2
202601040800 108  27  1.8  -9 -9.0   -9 1015.1 1026.1 -9  -9.0  -2.5  -6.5  74.0   3.8   -9.0   -9.0   -9.0   -9.0   -9.0   -9.0   -9.0 -9 -9 -                        1   1    6 Sc         0   0   5  1183  0.0  0.00 -9  -3.4  -0.9  -0.8   0.5   1.3  -9 -9.0 -9  3  2
202601040900 108  25  1.1  -9 -9.0   -9 1015.3 1026.3  2   0.9  -2.2  -5.3  79.0   4.1   -9.0   -9.0   -9.0   -9.0   -9.0   -9.0   -9.0 10  0 19                       0   0   -9 -         -9  -9  -9   990  0.7  0.26 -9  -2.7  -1.0  -0.8   0.5   1.4  -9 -9.0 -9  3  1
202601041000 108  29  2.2  -9 -9.0   -9 1015.8 1026.7 -9  -9.0  -0.4  -4.4  74.0   4.4   -9.0   -9.0   -9.0   -9.0   -9.0   -9.0   -9.0 -9 -9 19                       0   0   -9 -         -9  -9  -9  1027  1.0  0.82 -9  -0.6  -1.0  -0.9   0.4   1.2  -9 -9.0 -9  3  2
202601041100 108  32  2.3  -9 -9.0   -9 1015.9 1026.8 -9  -9.0   1.3  -6.0  58.0   3.9   -9.0   -9.0   -9.0   -9.0   -9.0   -9.0   -9.0 -9 -9 -                        1   0   -9 Ci         1   0   0  1589  1.0  1.37 -9   0.3  -0.6  -0.8   0.3   1.1  -9 -9.0 -9  3  2
202601041200 108  29  2.8  -9 -9.0   -9 1015.0 1025.8  8  -0.5   1.8  -8.3  47.0   3.3   -9.0   -9.0   -9.0   -9.0   -9.0   -9.0   -9.0 -9 -9 -                        1   0   -9 Ci         1   0   0  1855  1.0  1.74 -9   1.6  -0.5  -0.8   0.2   0.9  -9 -9.0 -9  3  2
202601041300 108  27  3.1  -9 -9.0   -9 1014.1 1024.9 -9  -9.0   3.2  -9.4  39.0   3.0   -9.0   -9.0   -9.0   -9.0   -9.0   -9.0   -9.0 -9 -9 -                        6   0   -9 Ci         1   0   0  2307  1.0  1.84 -9   2.6  -0.3  -0.8   0.1   1.0  -9 -9.0 -9  3  2
202601041400 108  25  2.9  -9 -9.0   -9 1013.4 1024.1 -9  -9.0   4.4  -9.7  35.0   2.9   -9.0   -9.0   -9.0   -9.0   -9.0   -9.0   -9.0 -9 -9 -                        1   0   -9 Ci         1   0   0  2578  1.0  1.82 -9   2.7  -0.2  -0.7   0.1   0.9  -9 -9.0 -9  3  2
202601041500 108  29  2.7  -9 -9.0   -9 1012.9 1023.6  7  -2.2   4.4  -8.0  40.0   3.3   -9.0   -9.0   -9.0   -9.0   -9.0   -9.0   -9.0 -9 -9 -                        2   0   -9 Ci         1   0   0  1974  1.0  1.49 -9   2.0  -0.1  -0.6   0.1   0.9  -9 -9.0 -9  3  2
202601041600 108  25  2.9  -9 -9.0   -9 1012.9 1023.6 -9  -9.0   4.0  -6.5  46.0   3.8   -9.0   -9.0   -9.0   -9.0   -9.0   -9.0   -9.0 -9 -9 -                        7   0   -9 Ci         1   0   0  1803  0.7  0.77 -9   0.3  -0.1  -0.6   0.2   0.9  -9 -9.0 -9  3  2
202601041700 108  29  2.5  -9 -9.0   -9 1012.6 1023.4 -9  -9.0   2.8  -6.3  51.0   3.8   -9.0   -9.0   -9.0   -9.0   -9.0   -9.0   -9.0 -9 -9 -                        6   0   -9 Ci         1   0   0  1778  0.0  0.31 -9   0.4  -0.1  -0.6   0.1   0.9  -9 -9.0 -9  3  2
202601041800 108  23  2.0  -9 -9.0   -9 1012.5 1023.3  7  -0.3   1.6  -5.1  61.0   4.2   -9.0   -9.0   -9.0   -9.0   -9.0   -9.0   -9.0 -9 -9 -                        6   0   -9 Ci         1   0   0  1490  0.0  0.02 -9   0.4  -0.1  -0.6   0.2   0.9  -9 -9.0 -9  3  2
202601041900 108  23  1.1  -9 -9.0   -9 1012.6 1023.4 -9  -9.0   0.9  -5.1  64.0   4.2   -9.0   -9.0   -9.0   -9.0   -9.0   -9.0   -9.0 -9 -9 -                        9   9   38 -         -9  -9  -9  1367 -9.0 -9.00 -9   0.0  -0.2  -0.6   0.2   0.9  -9 -9.0 -9  3 -9
202601042000 108  27  1.5  -9 -9.0   -9 1012.5 1023.4 -9  -9.0   0.3  -5.7  64.0   4.0   -9.0   -9.0   -9.0   -9.0   -9.0   -9.0   -9.0 -9 -9 -                        6   6   38 -         -9  -9  -9  1476 -9.0 -9.00 -9  -0.6  -0.2  -0.6   0.2   0.9  -9 -9.0 -9  3 -9
202601042100 108  25  2.4  -9 -9.0   -9 1012.4 1023.3  4   0.0   0.2  -3.5  76.0   4.7   -9.0   -9.0   -9.0   -9.0   -9.0   -9.0   -9.0 -9 -9 -                        6   0   -9 Ci         1   0   0  1126 -9.0 -9.00 -9  -1.0  -0.3  -0.6   0.2   1.0  -9 -9.0 -9  3  2
202601042200 108  25  2.0  -9 -9.0   -9 1012.1 1023.0 -9  -9.0   0.1  -3.9  74.0   4.6   -9.0   -9.0   -9.0   -9.0   -9.0   -9.0   -9.0 -9 -9 -                        8   4   40 -         -9  -9  -9  1193 -9.0 -9.00 -9  -0.8  -0.3  -0.6   0.2   1.0  -9 -9.0 -9  3 -9
202601042300 108  29  1.2  -9 -9.0   -9 1012.2 1023.1 -9  -9.0  -0.2  -4.6  72.0   4.3   -9.0   -9.0   -9.0   -9.0   -9.0   -9.0   -9.0 -9 -9 -                        6   6   36 -         -9  -9  -9  1204 -9.0 -9.00 -9  -1.3  -0.3  -0.6   0.2   1.0  -9 -9.0 -9  3 -9
202601050000 108  29  1.5  -9 -9.0   -9 1012.2 1023.1  5  -0.2  -0.5  -5.6  68.0   4.0   -9.0   -9.0   -9.0   -9.0   -9.0   -9.0   -9.0 -9 -9 -                        8   4   39 AcCi       1   3   0  1252 -9.0 -9.00 -9  -1.5  -0.3  -0.6   0.2   1.0  -9 -9.0 -9  3  2
202601050100 108  27  1.6  -9 -9.0   -9 1012.0 1022.9 -9  -9.0  -1.1  -7.0  64.0   3.6   -9.0   -9.0   -9.0   -9.0   -9.0   -9.0   -9.0 -9 -9 -                        6   6   42 -         -9  -9  -9  1509 -9.0 -9.00 -9  -2.3  -0.4  -0.6   0.2   1.0  -9 -9.0 -9  3 -9
202601050200 108  27  0.8  -9 -9.0   -9 1011.8 1022.7 -9  -9.0  -1.7  -8.0  62.0   3.3   -9.0   -9.0   -9.0   -9.0   -9.0   -9.0   -9.0 -9 -9 -                        9   9   40 -         -9  -9  -9  1657 -9.0 -9.00 -9  -2.3  -0.5  -0.6   0.3   1.1  -9 -9.0 -9  3 -9
202601050300 108  27  1.2  -9 -9.0   -9 1011.9 1022.9  5  -0.2  -2.2  -8.3  63.0   3.3   -9.0   -9.0   -9.0   -9.0   -9.0   -9.0   -9.0 -9 -9 -                        3   0   -9 Ci         1   0   0  1702 -9.0 -9.00 -9  -3.3  -0.6  -0.6   0.3   1.2  -9 -9.0 -9  3  2
202601050400 108  29  1.4  -9 -9.0   -9 1011.5 1022.5 -9  -9.0  -2.9  -9.1  62.0   3.1   -9.0   -9.0   -9.0   -9.0   -9.0   -9.0   -9.0 -9 -9 -                        0   0   -9 -         -9  -9  -9  1927 -9.0 -9.00 -9  -4.2  -0.7  -0.6   0.3   1.1  -9 -9.0 -9  3  2
202601050500 108  27  0.6  -9 -9.0   -9 1011.3 1022.3 -9  -9.0  -3.6  -9.6  63.0   3.0   -9.0   -9.0   -9.0   -9.0   -9.0   -9.0   -9.0 -9 -9 -                        0   0   -9 -         -9  -9  -9  2045 -9.0 -9.00 -9  -4.6  -0.9  -0.7   0.4   1.2  -9 -9.0 -9  3  2
202601050600 108  29  0.7  -9 -9.0   -9 1011.5 1022.5  5  -0.4  -3.8  -9.4  65.0   3.0   -9.0   -9.0   -9.0   -9.0   -9.0   -9.0   -9.0 -9 -9 -                        0   0   -9 -         -9  -9  -9  2166 -9.0 -9.00 -9  -5.1  -1.0  -0.7   0.6   1.3  -9 -9.0 -9  3  2
202601050700 108  27  0.7  -9 -9.0   -9 1011.7 1022.7 -9  -9.0  -4.4  -9.8  66.0   2.9   -9.0   -9.0   -9.0   -9.0   -9.0   -9.0   -9.0 -9 -9 -                        0   0   -9 -         -9  -9  -9  2151 -9.0 -9.00 -9  -5.5  -1.2  -0.9   0.5   1.3  -9 -9.0 -9  3  2
202601050800 108  29  0.5  -9 -9.0   -9 1012.1 1023.2 -9  -9.0  -4.5  -9.9  66.0   2.9   -9.0   -9.0   -9.0   -9.0   -9.0   -9.0   -9.0 -9 -9 -                        0   0   -9 -         -9  -9  -9  2124  0.0  0.00 -9  -5.6  -1.4  -1.0   0.5   1.3  -9 -9.0 -9  3  2
202601050900 108  32  2.8  -9 -9.0   -9 1012.5 1023.5  2   1.0  -3.3  -9.3  63.0   3.0   -9.0   -9.0   -9.0   -9.0   -9.0   -9.0   -9.0 -9 -9 -                        0   0   -9 -         -9  -9  -9  1928  1.0  0.29 -9  -4.3  -1.4  -1.1   0.4   1.2  -9 -9.0 -9  3  2
202601051000 108  29  3.1  -9 -9.0   -9 1013.0 1024.0 -9  -9.0  -2.2  -9.1  59.0   3.1   -9.0   -9.0   -9.0   -9.0   -9.0   -9.0   -9.0 -9 -9 -                        0   0   -9 -         -9  -9  -9  1722  1.0  0.85 -9  -1.6  -1.3  -1.1   0.4   1.1  -9 -9.0 -9  3  2
202601051100 108  25  2.9  -9 -9.0   -9 1013.2 1024.1 -9  -9.0  -0.7  -9.8  50.0   2.9   -9.0   -9.0   -9.0   -9.0   -9.0   -9.0   -9.0 -9 -9 -                        0   0   -9 -         -9  -9  -9  1676  1.0  1.46 -9   0.0  -0.9  -1.1   0.2   1.1  -9 -9.0 -9  3  2
202601051200 108  29  2.8  -9 -9.0   -9 1012.4 1023.3  8  -0.2   0.1 -10.4  45.0   2.8   -9.0   -9.0   -9.0   -9.0   -9.0   -9.0   -9.0 -9 -9 -                        0   0   -9 -         -9  -9  -9  2054  1.0  1.79 -9   0.3  -0.7  -0.9   0.2   1.0  -9 -9.0 -9  3  2
202601051300 108  27  3.7  -9 -9.0   -9 1011.6 1022.4 -9  -9.0   0.6 -12.4  37.0   2.4   -9.0   -9.0   -9.0   -9.0   -9.0   -9.0   -9.0 -9 -9 -                        0   0   -9 -         -9  -9  -9  2468  1.0  1.98 -9   1.2  -0.5  -0.9   0.2   0.9  -9 -9.0 -9  3  2
202601051400 108  27  3.2  -9 -9.0   -9 1011.2 1022.0 -9  -9.0   1.4 -13.9  31.0   2.1   -9.0   -9.0   -9.0   -9.0   -9.0   -9.0   -9.0 -9 -9 -                        0   0   -9 -         -9  -9  -9  3420  1.0  1.94 -9   1.9  -0.4  -0.9   0.0   0.8  -9 -9.0 -9  3  2
202601051500 108  29  4.3  -9 -9.0   -9 1011.4 1022.2  5  -1.1   1.3 -15.6  27.0   1.8   -9.0   -9.0   -9.0   -9.0   -9.0   -9.0   -9.0 -9 -9 -                        0   0   -9 -         -9  -9  -9  3884  1.0  1.64 -9   0.9  -0.3  -0.8   0.0   0.8  -9 -9.0 -9  3  2
202601051600 108  29  3.4  -9 -9.0   -9 1012.0 1022.8 -9  -9.0   1.4 -15.6  27.0   1.8   -9.0   -9.0   -9.0   -9.0   -9.0   -9.0   -9.0 -9 -9 -                        0   0   -9 -         -9  -9  -9  3277  1.0  1.13 -9   0.4  -0.3  -0.8   0.0   0.7  -9 -9.0 -9  3  2
202601051700 108  27  3.5  -9 -9.0   -9 1012.5 1023.4 -9  -9.0   0.3 -15.7  29.0   1.8   -9.0   -9.0   -9.0   -9.0   -9.0   -9.0   -9.0 -9 -9 -                        0   0   -9 -         -9  -9  -9  3586  1.0  0.48 -9  -0.3  -0.3  -0.8   0.0   0.8  -9 -9.0 -9  3  2
202601051800 108  29  3.4  -9 -9.0   -9 1013.1 1024.0  2   1.8  -0.8 -15.1  33.0   1.9   -9.0   -9.0   -9.0   -9.0   -9.0   -9.0   -9.0 -9 -9 -                        0   0   -9 -         -9  -9  -9  3501  0.1  0.04 -9  -1.7  -0.3  -0.7   0.0   0.8  -9 -9.0 -9  3  2
202601051900 108  27  2.2  -9 -9.0   -9 1013.7 1024.6 -9  -9.0  -1.6 -15.1  35.0   1.9   -9.0   -9.0   -9.0   -9.0   -9.0   -9.0   -9.0 -9 -9 -                        0   0   -9 -         -9  -9  -9  3226 -9.0 -9.00 -9  -2.4  -0.5  -0.7   0.1   0.8  -9 -9.0 -9  3 -9
202601052000 108  32  3.7  -9 -9.0   -9 1014.4 1025.4 -9  -9.0  -2.1 -13.9  40.0   2.1   -9.0   -9.0   -9.0   -9.0   -9.0   -9.0   -9.0 -9 -9 -                        0   0   -9 -         -9  -9  -9  2708 -9.0 -9.00 -9  -2.9  -0.6  -0.8   0.2   0.9  -9 -9.0 -9  3 -9
202601052100 108  34  4.2  -9 -9.0   -9 1014.7 1025.7  2   1.7  -2.8 -13.3  44.0   2.2   -9.0   -9.0   -9.0   -9.0   -9.0   -9.0   -9.0 -9 -9 -                        0   0   -9 -         -9  -9  -9  2366 -9.0 -9.00 -9  -3.5  -0.7  -0.8   0.2   1.1  -9 -9.0 -9  3  2
202601052200 108  23  1.3  -9 -9.0   -9 1014.7 1025.7 -9  -9.0  -3.4 -13.3  46.0   2.2   -9.0   -9.0   -9.0   -9.0   -9.0   -9.0   -9.0 -9 -9 -                        0   0   -9 -         -9  -9  -9  2275 -9.0 -9.00 -9  -4.1  -0.8  -0.8   0.3   1.0  -9 -9.0 -9  3 -9
202601052300 108  25  1.6  -9 -9.0   -9 1015.1 1026.2 -9  -9.0  -3.7 -13.3  47.0   2.2   -9.0   -9.0   -9.0   -9.0   -9.0   -9.0   -9.0 -9 -9 -                        0   0   -9 -         -9  -9  -9  2221 -9.0 -9.00 -9  -4.5  -1.0  -0.7   0.4   1.2  -9 -9.0 -9  3 -9
202601060000 108  29  3.1  -9 -9.0   -9 1015.4 1026.5  2   0.8  -4.1 -13.5  48.0   2.2   -9.0   -9.0   -9.0   -9.0   -9.0   -9.0   -9.0 -9 -9 -                        0   0   -9 -         -9  -9  -9  2350 -9.0 -9.00 -9  -5.0  -1.1  -0.8   0.4   1.2  -9 -9.0 -9  3  2
202601060100 108  27  1.1  -9 -9.0   -9 1015.1 1026.2 -9  -9.0  -5.2 -13.7  51.0   2.1   -9.0   -9.0   -9.0   -9.0   -9.0   -9.0   -9.0 -9 -9 -                        0   0   -9 -         -9  -9  -9  2280 -9.0 -9.00 -9  -5.6  -1.3  -0.9   0.5   1.1  -9 -9.0 -9  3 -9
202601060200 108  29  0.9  -9 -9.0   -9 1015.2 1026.3 -9  -9.0  -5.6 -13.9  52.0   2.1   -9.0   -9.0   -9.0   -9.0   -9.0   -9.0   -9.0 -9 -9 -                        0   0   -9 -         -9  -9  -9  2343 -9.0 -9.00 -9  -5.9  -1.5  -1.1   0.4   1.3  -9 -9.0 -9  3 -9
202601060300 108  27  2.2  -9 -9.0   -9 1015.6 1026.8  3   0.3  -6.0 -13.8  54.0   2.1   -9.0   -9.0   -9.0   -9.0   -9.0   -9.0   -9.0 -9 -9 -                        0   0   -9 -         -9  -9  -9  2374 -9.0 -9.00 -9  -6.0  -1.6  -1.2   0.4   1.2  -9 -9.0 -9  3  2
202601060400 108  27  1.8  -9 -9.0   -9 1015.5 1026.7 -9  -9.0  -6.4 -13.5  57.0   2.2   -9.0   -9.0   -9.0   -9.0   -9.0   -9.0   -9.0 -9 -9 -                        0   0   -9 -         -9  -9  -9  2311 -9.0 -9.00 -9  -6.2  -1.7  -1.3   0.3   1.2  -9 -9.0 -9  3  2
202601060500 108  27  1.5  -9 -9.0   -9 1015.1 1026.3 -9  -9.0  -6.7 -13.8  57.0   2.1   -9.0   -9.0   -9.0   -9.0   -9.0   -9.0   -9.0 -9 -9 -                        0   0   -9 -         -9  -9  -9  2422 -9.0 -9.00 -9  -6.4  -1.9  -1.4   0.3   1.1  -9 -9.0 -9  3  2
202601060600 108  34  1.2  -9 -9.0   -9 1014.9 1026.1  7  -0.7  -6.5 -13.2  59.0   2.2   -9.0   -9.0   -9.0   -9.0   -9.0   -9.0   -9.0 -9 -9 -                        0   0   -9 -         -9  -9  -9  2481 -9.0 -9.00 -9  -6.4  -2.0  -1.5   0.3   1.1  -9 -9.0 -9  3  2
202601060700 108   2  1.6  -9 -9.0   -9 1015.0 1026.2 -9  -9.0  -6.6 -13.9  56.0   2.1   -9.0   -9.0   -9.0   -9.0   -9.0   -9.0   -9.0 -9 -9 -                        0   0   -9 -         -9  -9  -9  2699 -9.0 -9.00 -9  -6.4  -2.0  -1.6   0.3   1.1  -9 -9.0 -9  3  2
202601060800 108   2  2.0  -9 -9.0   -9 1015.0 1026.2 -9  -9.0  -7.0 -13.2  61.0   2.2   -9.0   -9.0   -9.0   -9.0   -9.0   -9.0   -9.0 -9 -9 -                        0   0   -9 -         -9  -9  -9  2568  0.0  0.00 -9  -6.5  -2.0  -1.7   0.3   1.1  -9 -9.0 -9  3  2
202601060900 108   5  1.8  -9 -9.0   -9 1014.9 1026.1  4   0.0  -6.2 -12.7  60.0   2.3   -9.0   -9.0   -9.0   -9.0   -9.0   -9.0   -9.0 -9 -9 -                        0   0   -9 -         -9  -9  -9  2407  1.0  0.30 -9  -5.2  -2.0  -1.7   0.2   1.1  -9 -9.0 -9  3  2
202601061000 108   7  1.6  -9 -9.0   -9 1015.0 1026.0 -9  -9.0  -3.1 -11.1  54.0   2.6   -9.0   -9.0   -9.0   -9.0   -9.0   -9.0   -9.0 -9 -9 -                        0   0   -9 -         -9  -9  -9  2219  1.0  0.87 -9  -2.1  -1.8  -1.6   0.1   0.9  -9 -9.0 -9  3  2
202601061100 108  14  1.4  -9 -9.0   -9 1014.6 1025.5 -9  -9.0  -0.1 -12.7  38.0   2.3   -9.0   -9.0   -9.0   -9.0   -9.0   -9.0   -9.0 -9 -9 -                        0   0   -9 -         -9  -9  -9  2859  1.0  1.44 -9   0.0  -1.2  -1.5   0.0   0.7  -9 -9.0 -9  3  2
202601061200 108   9  1.0  -9 -9.0   -9 1013.7 1024.5  7  -1.6   1.4 -12.0  36.0   2.4   -9.0   -9.0   -9.0   -9.0   -9.0   -9.0   -9.0 -9 -9 -                        0   0   -9 -         -9  -9  -9  2776  1.0  1.78 -9   0.5  -0.8  -1.2   0.0   0.7  -9 -9.0 -9  3  2
202601061300 108  20  1.6  -9 -9.0   -9 1012.8 1023.5 -9  -9.0   3.4 -10.6  35.0   2.7   -9.0   -9.0   -9.0   -9.0   -9.0   -9.0   -9.0 -9 -9 -                        8   8   11 Sc         0   0   5  3042  1.0  1.93 -9   3.0  -0.4  -1.2  -0.2   0.7  -9 -9.0 -9  3  2
202601061400 108  23  1.9  -9 -9.0   -9 1012.0 1022.7 -9  -9.0   3.1 -10.2  37.0   2.8   -9.0   -9.0   -9.0   -9.0   -9.0   -9.0   -9.0 -9 -9 -                        8   8   11 Sc         0   0   5  3286  0.0  0.99 -9   3.3  -0.1  -1.0  -0.3   0.6  -9 -9.0 -9  3  2
202601061500 108  23  2.1  -9 -9.0   -9 1011.6 1022.3  7  -2.2   3.5  -9.5  38.0   3.0   -9.0   -9.0   -9.0   -9.0   -9.0   -9.0   -9.0 -9 -9 -                        8   8   11 Sc         0   0   5  2927  0.0  0.71 -9   2.7   0.1  -0.9  -0.3   0.6  -9 -9.0 -9  3  2
202601061600 108  23  2.7  -9 -9.0   -9 1011.2 1021.9 -9  -9.0   3.9  -6.9  45.0   3.6   -9.0   -9.0   -9.0   -9.0   -9.0   -9.0   -9.0 -9 -9 -                        7   7    9 Sc         0   0   5  3347  0.1  0.57 -9   2.1   0.0  -0.9  -0.2   0.6  -9 -9.0 -9  3  2
202601061700 108  20  1.8  -9 -9.0   -9 1010.6 1021.3 -9  -9.0   3.3  -5.8  51.0   4.0   -9.0   -9.0   -9.0   -9.0   -9.0   -9.0   -9.0 -9 -9 -                        7   7    8 Sc         0   0   5  2436  0.0  0.23 -9   0.1   0.1  -0.8  -0.2   0.5  -9 -9.0 -9  3  2
202601061800 108  18  1.5  -9 -9.0   -9 1010.3 1021.0  7  -1.3   2.9  -5.2  55.0   4.2   -9.0   -9.0   -9.0   -9.0   -9.0   -9.0   -9.0 -9 -9 -                        8   8   11 Sc         0   0   5  2647  0.0  0.02 -9   0.4   0.0  -0.8  -0.3   0.6  -9 -9.0 -9  3  2
202601061900 108  16  2.0  -9 -9.0   -9 1010.4 1021.1 -9  -9.0   2.7  -4.9  57.0   4.2   -9.0   -9.0   -9.0   -9.0   -9.0   -9.0   -9.0 -9 -9 -                        4   4    9 -         -9  -9  -9  2634 -9.0 -9.00 -9   0.4   0.0  -0.8  -0.2   0.7  -9 -9.0 -9  3 -9
202601062000 108  18  2.0  -9 -9.0   -9 1010.4 1021.2 -9  -9.0   2.2  -5.4  57.0   4.1   -9.0   -9.0   -9.0   -9.0   -9.0   -9.0   -9.0 -9 -9 -                        4   4    7 -         -9  -9  -9  2387 -9.0 -9.00 -9   0.3   0.0  -0.8  -0.2   0.6  -9 -9.0 -9  3 -9
202601062100 108  20  2.4  -9 -9.0   -9 1010.3 1021.1  0   0.1   2.2  -3.5  66.0   4.7   -9.0   -9.0   -9.0   -9.0   -9.0   -9.0   -9.0 -9 -9 -                        4   2   11 ScCi       1   0   5  2179 -9.0 -9.00 -9  -0.1  -0.1  -0.8  -0.2   0.6  -9 -9.0 -9  3  2
202601062200 108  20  1.2  -9 -9.0   -9 1010.0 1020.8 -9  -9.0   1.8  -2.7  72.0   5.0   -9.0   -9.0   -9.0   -9.0   -9.0   -9.0   -9.0 -9 -9 -                        4   0   -9 -         -9  -9  -9  2017 -9.0 -9.00 -9  -0.6  -0.1  -0.7  -0.2   0.5  -9 -9.0 -9  3 -9
202601062300 108   0  0.4  -9 -9.0   -9 1009.9 1020.7 -9  -9.0   1.7  -2.0  76.0   5.3   -9.0   -9.0   -9.0   -9.0   -9.0   -9.0   -9.0 -9 -9 -                        4   4   10 -         -9  -9  -9  1838 -9.0 -9.00 -9  -0.4  -0.1  -0.7  -0.2   0.6  -9 -9.0 -9  3 -9
202601070000 108  25  1.1  -9 -9.0   -9 1009.5 1020.3  7  -0.8   1.8  -1.8  77.0   5.4   -9.0   -9.0   -9.0   -9.0   -9.0   -9.0   -9.0 -9 -9 -                        3   3   10 Sc         0   0   5  1724 -9.0 -9.00 -9  -0.5  -0.1  -0.7  -0.2   0.6  -9 -9.0 -9  3  2
202601070100 108  20  0.9  -9 -9.0   -9 1008.9 1019.7 -9  -9.0   1.3  -2.4  76.0   5.1   -9.0   -9.0   -9.0   -9.0   -9.0   -9.0   -9.0 -9 -9 -                        0   0   -9 -         -9  -9  -9  1568 -9.0 -9.00 -9  -1.6  -0.1  -0.8  -0.2   0.6  -9 -9.0 -9  3 -9
202601070200 108  23  1.1  -9 -9.0   -9 1008.6 1019.4 -9  -9.0   0.8  -2.2  80.0   5.2   -9.0   -9.0   -9.0   -9.0   -9.0   -9.0   -9.0 -9 -9 -                        0   0   -9 -         -9  -9  -9  1259 -9.0 -9.00 -9  -1.2  -0.3  -0.7  -0.1   0.6  -9 -9.0 -9  3 -9
202601070300 108   0  0.4  -9 -9.0   -9 1008.5 1019.3  7  -1.0   0.6  -2.1  82.0   5.2   -9.0   -9.0   -9.0   -9.0   -9.0   -9.0   -9.0 -9 -9 -                        0   0   -9 -         -9  -9  -9  1094 -9.0 -9.00 -9  -2.1  -0.2  -0.7  -0.2   0.7  -9 -9.0 -9  3  2
202601070400 108   5  1.5  -9 -9.0   -9 1007.9 1018.7 -9  -9.0   0.7  -1.8  83.0   5.4   -9.0   -9.0   -9.0   -9.0   -9.0   -9.0   -9.0 -9 -9 -                        8   8   12 Sc         0   0   5  1096 -9.0 -9.00 -9  -0.8  -0.3  -0.7  -0.1   0.6  -9 -9.0 -9  3  2
202601070500 108  23  1.3  -9 -9.0   -9 1007.3 1018.1 -9  -9.0   1.0  -1.5  83.0   5.5   -9.0   -9.0   -9.0   -9.0   -9.0   -9.0   -9.0 -9 -9 -                        9   9   13 Sc         0   0   5  1015 -9.0 -9.00 -9  -0.9  -0.3  -0.8  -0.1   0.7  -9 -9.0 -9  3  2
202601070600 108  23  2.2  -9 -9.0   -9 1007.1 1017.8  7  -1.5   2.0  -1.4  78.0   5.5   -9.0   -9.0   -9.0   -9.0   -9.0   -9.0   -9.0 10 22 19                       9   9   13 Sc         0   0   5   848 -9.0 -9.00 -9  -0.4  -0.2  -0.8  -0.1   0.7  -9 -9.0 -9  3  1
202601070700 108  23  2.2  -9 -9.0   -9 1007.4 1018.1 -9  -9.0   2.3  -1.5  76.0   5.5   -9.0   -9.0   -9.0   -9.0   -9.0   -9.0   -9.0 10  0 19                       0   0   -9 -         -9  -9  -9   679 -9.0 -9.00 -9  -1.0  -0.1  -0.8  -0.2   0.7  -9 -9.0 -9  3  1
202601070800 108  27  2.3  -9 -9.0   -9 1008.1 1018.9 -9  -9.0   1.5  -2.4  75.0   5.1   -9.0   -9.0   -9.0   -9.0   -9.0   -9.0   -9.0 10  0 19                       0   0   -9 -         -9  -9  -9   748  0.0  0.00 -9  -2.0  -0.2  -0.7  -0.1   0.6  -9 -9.0 -9  3  1
202601070900 108  29  3.5  -9 -9.0   -9 1008.8 1019.6  2   1.8   0.5  -3.9  72.0   4.6   -9.0   -9.0   -9.0   -9.0   -9.0   -9.0   -9.0 10  0 19                       0   0   -9 -         -9  -9  -9   762  0.6  0.23 -9  -1.6  -0.2  -0.8  -0.2   0.6  -9 -9.0 -9  3  1
202601071000 108  27  3.7  -9 -9.0   -9 1009.8 1020.6 -9  -9.0   0.8  -7.2  55.0   3.6   -9.0   -9.0   -9.0   -9.0   -9.0   -9.0   -9.0 -9 -9 19                       0   0   -9 -         -9  -9  -9  1366  1.0  0.79 -9  -0.2  -0.3  -0.8  -0.2   0.6  -9 -9.0 -9  3  2
202601071100 108  29  3.9  -9 -9.0   -9 1010.2 1021.0 -9  -9.0   0.8  -9.2  47.0   3.0   -9.0   -9.0   -9.0   -9.0   -9.0   -9.0   -9.0 -9 -9 -                        0   0   -9 -         -9  -9  -9  2311  1.0  1.43 -9   0.4   0.0  -0.8  -0.2   0.6  -9 -9.0 -9  3  2
202601071200 108  27  3.5  -9 -9.0   -9 1010.0 1020.8  0   1.2   1.7 -10.4  40.0   2.8   -9.0   -9.0   -9.0   -9.0   -9.0   -9.0   -9.0 -9 -9 -                        0   0   -9 -         -9  -9  -9  2983  1.0  1.81 -9   1.4   0.0  -0.7  -0.2   0.6  -9 -9.0 -9  3  2
202601071300 108  27  4.7  -9 -9.0   -9 1009.7 1020.5 -9  -9.0   1.8 -12.4  34.0   2.4   -9.0   -9.0   -9.0   -9.0   -9.0   -9.0   -9.0 -9 -9 -                        0   0   -9 -         -9  -9  -9  4126  1.0  2.02 -9   3.0   0.1  -0.7  -0.2   0.6  -9 -9.0 -9  3  2
202601071400 108  29  4.7  -9 -9.0   -9 1009.8 1020.6 -9  -9.0   2.1 -14.5  28.0   2.0   -9.0   -9.0   -9.0   -9.0   -9.0   -9.0   -9.0 -9 -9 -                        0   0   -9 -         -9  -9  -9  4202  1.0  1.97 -9   3.0   0.2  -0.7  -0.1   0.5  -9 -9.0 -9  3  2
202601071500 108  27  4.6  -9 -9.0   -9 1009.9 1020.6  5  -0.2   2.7 -15.9  24.0   1.8   -9.0   -9.0   -9.0   -9.0   -9.0   -9.0   -9.0 -9 -9 -                        0   0   -9 -         -9  -9  -9  3721  1.0  1.65 -9   1.7   0.2  -0.7  -0.2   0.7  -9 -9.0 -9  3  2
202601071600 108  27  3.8  -9 -9.0   -9 1010.3 1021.0 -9  -9.0   2.4 -13.8  29.0   2.1   -9.0   -9.0   -9.0   -9.0   -9.0   -9.0   -9.0 -9 -9 -                        0   0   -9 -         -9  -9  -9  3757  1.0  1.15 -9   0.5   0.1  -0.7  -0.1   0.5  -9 -9.0 -9  3  2
202601071700 108  27  4.3  -9 -9.0   -9 1010.7 1021.5 -9  -9.0   0.8 -16.1  27.0   1.7   -9.0   -9.0   -9.0   -9.0   -9.0   -9.0   -9.0 -9 -9 -                        0   0   -9 -         -9  -9  -9  4097  1.0  0.52 -9   0.0   0.0  -0.7  -0.1   0.6  -9 -9.0 -9  3  2
202601071800 108  27  3.5  -9 -9.0   -9 1011.6 1022.5  2   1.9  -0.5 -14.4  34.0   2.0   -9.0   -9.0   -9.0   -9.0   -9.0   -9.0   -9.0 -9 -9 -                        0   0   -9 -         -9  -9  -9  4017  0.2  0.05 -9  -1.3   0.0  -0.7  -0.2   0.6  -9 -9.0 -9  3  2
202601071900 108  27  4.2  -9 -9.0   -9 1012.9 1023.9 -9  -9.0  -2.0 -15.1  36.0   1.9   -9.0   -9.0   -9.0   -9.0   -9.0   -9.0   -9.0 -9 -9 -                        0   0   -9 -         -9  -9  -9  3561 -9.0 -9.00 -9  -2.4  -0.2  -0.7  -0.1   0.7  -9 -9.0 -9  3 -9
202601072000 108  29  4.1  -9 -9.0   -9 1014.0 1025.0 -9  -9.0  -3.1 -15.4  38.0   1.8   -9.0   -9.0   -9.0   -9.0   -9.0   -9.0   -9.0 -9 -9 -                        0   0   -9 -         -9  -9  -9  3183 -9.0 -9.00 -9  -3.1  -0.3  -0.7  -0.1   0.7  -9 -9.0 -9  3 -9
202601072100 108  29  4.3  -9 -9.0   -9 1014.6 1025.7  2   3.2  -3.8 -15.1  41.0   1.9   -9.0   -9.0   -9.0   -9.0   -9.0   -9.0   -9.0 -9 -9 -                        0   0   -9 -         -9  -9  -9  3275 -9.0 -9.00 -9  -3.8  -0.4  -0.7   0.0   0.8  -9 -9.0 -9  3  2
202601072200 108  29  2.8  -9 -9.0   -9 1014.7 1025.8 -9  -9.0  -4.3 -15.0  43.0   1.9   -9.0   -9.0   -9.0   -9.0   -9.0   -9.0   -9.0 -9 -9 -                        0   0   -9 -         -9  -9  -9  3409 -9.0 -9.00 -9  -4.5  -0.6  -0.7   0.1   0.9  -9 -9.0 -9  3 -9
202601072300 108  27  2.3  -9 -9.0   -9 1015.2 1026.3 -9  -9.0  -4.9 -15.0  45.0   1.9   -9.0   -9.0   -9.0   -9.0   -9.0   -9.0   -9.0 -9 -9 -                        0   0   -9 -         -9  -9  -9  3397 -9.0 -9.00 -9  -4.6  -0.7  -0.7   0.1   0.8  -9 -9.0 -9  3 -9
202601080000 108  27  2.6  -9 -9.0   -9 1015.5 1026.6  2   0.9  -5.2 -15.5  44.0   1.8   -9.0   -9.0   -9.0   -9.0   -9.0   -9.0   -9.0 -9 -9 -                        0   0   -9 -         -9  -9  -9  3629 -9.0 -9.00 -9  -5.4  -0.9  -0.8   0.2   0.9  -9 -9.0 -9  3  2
202601080100 108  29  2.5  -9 -9.0   -9 1015.7 1026.8 -9  -9.0  -5.5 -16.7  41.0   1.7   -9.0   -9.0   -9.0   -9.0   -9.0   -9.0   -9.0 -9 -9 -                        0   0   -9 -         -9  -9  -9  3702 -9.0 -9.00 -9  -5.8  -1.0  -0.7   0.4   1.1  -9 -9.0 -9  3 -9
202601080200 108  27  1.9  -9 -9.0   -9 1015.8 1026.9 -9  -9.0  -5.8 -16.6  42.0   1.7   -9.0   -9.0   -9.0   -9.0   -9.0   -9.0   -9.0 -9 -9 -                        0   0   -9 -         -9  -9  -9  3753 -9.0 -9.00 -9  -6.1  -1.2  -0.9   0.3   1.1  -9 -9.0 -9  3 -9
202601080300 108  27  2.8  -9 -9.0   -9 1016.2 1027.4  2   0.8  -6.0 -17.4  40.0   1.6   -9.0   -9.0   -9.0   -9.0   -9.0   -9.0   -9.0 -9 -9 -                        0   0   -9 -         -9  -9  -9  3561 -9.0 -9.00 -9  -6.4  -1.3  -1.0   0.3   1.1  -9 -9.0 -9  3  2
202601080400 108  29  2.4  -9 -9.0   -9 1016.3 1027.5 -9  -9.0  -6.6 -17.1  43.0   1.6   -9.0   -9.0   -9.0   -9.0   -9.0   -9.0   -9.0 -9 -9 -                        0   0   -9 -         -9  -9  -9  3665 -9.0 -9.00 -9  -6.7  -1.5  -1.2   0.3   1.0  -9 -9.0 -9  3  2
202601080500 108  27  2.9  -9 -9.0   -9 1016.5 1027.7 -9  -9.0  -6.7 -17.7  41.0   1.5   -9.0   -9.0   -9.0   -9.0   -9.0   -9.0   -9.0 -9 -9 -                        0   0   -9 -         -9  -9  -9  3711 -9.0 -9.00 -9  -6.9  -1.6  -1.3   0.3   1.0  -9 -9.0 -9  3  2
202601080600 108  27  2.6  -9 -9.0   -9 1016.7 1027.9  2   0.5  -7.3 -17.5  44.0   1.6   -9.0   -9.0   -9.0   -9.0   -9.0   -9.0   -9.0 -9 -9 -                        0   0   -9 -         -9  -9  -9  3656 -9.0 -9.00 -9  -7.2  -1.7  -1.4   0.3   0.9  -9 -9.0 -9  3  2
202601080700 108  27  2.2  -9 -9.0   -9 1017.5 1028.8 -9  -9.0  -7.8 -18.5  42.0   1.4   -9.0   -9.0   -9.0   -9.0   -9.0   -9.0   -9.0 -9 -9 -                        0   0   -9 -         -9  -9  -9  3760 -9.0 -9.00 -9  -7.4  -1.9  -1.4   0.3   1.0  -9 -9.0 -9  3  2
202601080800 108  25  1.8  -9 -9.0   -9 1018.3 1029.6 -9  -9.0  -8.2 -19.1  41.0   1.4   -9.0   -9.0   -9.0   -9.0   -9.0   -9.0   -9.0 -9 -9 -                        0   0   -9 -         -9  -9  -9  3796  0.0  0.00 -9  -7.5  -2.0  -1.5   0.3   0.9  -9 -9.0 -9  3  2
202601080900 108  29  3.1  -9 -9.0   -9 1018.6 1029.9  2   2.0  -7.6 -18.8  40.0   1.4   -9.0   -9.0   -9.0   -9.0   -9.0   -9.0   -9.0 -9 -9 -                        0   0   -9 -         -9  -9  -9  3759  1.0  0.32 -9  -6.5  -2.0  -1.6   0.2   0.9  -9 -9.0 -9  3  2
202601081000 108  32  3.5  -9 -9.0   -9 1019.0 1030.2 -9  -9.0  -6.5 -18.8  37.0   1.4   -9.0   -9.0   -9.0   -9.0   -9.0   -9.0   -9.0 -9 -9 -                        0   0   -9 -         -9  -9  -9  3319  1.0  0.94 -9  -3.4  -2.0  -1.7   0.1   1.0  -9 -9.0 -9  3  2
202601081100 108  27  4.2  -9 -9.0   -9 1018.7 1029.9 -9  -9.0  -5.2 -19.7  31.0   1.3   -9.0   -9.0   -9.0   -9.0   -9.0   -9.0   -9.0 -9 -9 -                        0   0   -9 -         -9  -9  -9  3727  1.0  1.51 -9  -0.9  -1.6  -1.5   0.1   0.9  -9 -9.0 -9  3  2
202601081200 108  29  3.5  -9 -9.0   -9 1017.6 1028.7  8  -1.2  -4.4 -19.8  29.0   1.3   -9.0   -9.0   -9.0   -9.0   -9.0   -9.0   -9.0 -9 -9 -                        0   0   -9 -         -9  -9  -9  3735  1.0  1.90 -9   0.3  -1.1  -1.4   0.0   0.9  -9 -9.0 -9  3  2
202601081300 108  29  3.8  -9 -9.0   -9 1016.7 1027.8 -9  -9.0  -3.8 -20.1  27.0   1.2   -9.0   -9.0   -9.0   -9.0   -9.0   -9.0   -9.0 -9 -9 -                        0   0   -9 -         -9  -9  -9  3589  1.0  2.06 -9   0.5  -0.8  -1.2   0.0   0.7  -9 -9.0 -9  3  2
202601081400 108  27  2.9  -9 -9.0   -9 1016.2 1027.2 -9  -9.0  -2.6 -18.6  28.0   1.4   -9.0   -9.0   -9.0   -9.0   -9.0   -9.0   -9.0 -9 -9 -                        0   0   -9 -         -9  -9  -9  3625  1.0  2.00 -9   0.8  -0.6  -1.1   0.1   0.8  -9 -9.0 -9  3  2
202601081500 108  25  2.2  -9 -9.0   -9 1016.2 1027.2  6  -1.5  -1.3 -17.9  27.0   1.5   -9.0   -9.0   -9.0   -9.0   -9.0   -9.0   -9.0 -9 -9 -                        0   0   -9 -         -9  -9  -9  3120  1.0  1.68 -9   0.7  -0.5  -1.0   0.0   0.7  -9 -9.0 -9  3  2
202601081600 108  25  2.9  -9 -9.0   -9 1016.1 1027.1 -9  -9.0  -1.3 -18.8  25.0   1.4   -9.0   -9.0   -9.0   -9.0   -9.0   -9.0   -9.0 -9 -9 -                        0   0   -9 -         -9  -9  -9  3421  1.0  1.18 -9  -0.3  -0.6  -0.9   0.0   0.8  -9 -9.0 -9  3  2
202601081700 108  29  3.2  -9 -9.0   -9 1016.3 1027.3 -9  -9.0  -2.3 -19.2  26.0   1.3   -9.0   -9.0   -9.0   -9.0   -9.0   -9.0   -9.0 -9 -9 -                        0   0   -9 -         -9  -9  -9  3888  1.0  0.50 -9  -2.0  -0.7  -0.8   0.1   0.8  -9 -9.0 -9  3  2
202601081800 108  27  2.4  -9 -9.0   -9 1016.4 1027.5  3   0.3  -3.4 -17.4  33.0   1.6   -9.0   -9.0   -9.0   -9.0   -9.0   -9.0   -9.0 -9 -9 -                        0   0   -9 -         -9  -9  -9  3177  0.2  0.05 -9  -3.1  -0.9  -0.8   0.2   1.0  -9 -9.0 -9  3  2
202601081900 108  25  2.3  -9 -9.0   -9 1016.9 1028.0 -9  -9.0  -4.0 -17.5  34.0   1.6   -9.0   -9.0   -9.0   -9.0   -9.0   -9.0   -9.0 -9 -9 -                        0   0   -9 -         -9  -9  -9  3202 -9.0 -9.00 -9  -3.9  -1.1  -0.8   0.4   1.1  -9 -9.0 -9  3 -9
202601082000 108  27  1.6  -9 -9.0   -9 1017.0 1028.1 -9  -9.0  -4.6 -17.4  36.0   1.6   -9.0   -9.0   -9.0   -9.0   -9.0   -9.0   -9.0 -9 -9 -                        0   0   -9 -         -9  -9  -9  3292 -9.0 -9.00 -9  -4.8  -1.3  -1.0   0.3   1.1  -9 -9.0 -9  3 -9
202601082100 108  25  0.8  -9 -9.0   -9 1016.9 1028.0  0   0.5  -4.9 -15.8  42.0   1.8   -9.0   -9.0   -9.0   -9.0   -9.0   -9.0   -9.0 -9 -9 -                        0   0   -9 -         -9  -9  -9  2828 -9.0 -9.00 -9  -5.4  -1.5  -1.1   0.3   1.1  -9 -9.0 -9  3  2
202601082200 108  29  0.7  -9 -9.0   -9 1017.0 1028.1 -9  -9.0  -5.1 -14.6  47.0   2.0   -9.0   -9.0   -9.0   -9.0   -9.0   -9.0   -9.0 -9 -9 -                        0   0   -9 -         -9  -9  -9  2732 -9.0 -9.00 -9  -5.8  -1.6  -1.2   0.3   1.0  -9 -9.0 -9  3 -9
202601082300 108   0  0.2  -9 -9.0   -9 1016.6 1027.7 -9  -9.0  -5.5 -14.0  51.0   2.1   -9.0   -9.0   -9.0   -9.0   -9.0   -9.0   -9.0 -9 -9 -                        0   0   -9 -         -9  -9  -9  2956 -9.0 -9.00 -9  -6.0  -1.7  -1.3   0.3   1.0  -9 -9.0 -9  3 -9
202601090000 108   5  1.3  -9 -9.0   -9 1016.1 1027.2  8  -0.8  -5.6 -13.6  53.0   2.1   -9.0   -9.0   -9.0   -9.0   -9.0   -9.0   -9.0 -9 -9 -                        0   0   -9 -         -9  -9  -9  3072 -9.0 -9.00 -9  -6.1  -1.8  -1.4   0.3   1.0  -9 -9.0 -9  3  2
202601090100 108   2  1.8  -9 -9.0   -9 1016.2 1027.4 -9  -9.0  -6.1 -13.6  55.0   2.1   -9.0   -9.0   -9.0   -9.0   -9.0   -9.0   -9.0 -9 -9 -                        0   0   -9 -         -9  -9  -9  2982 -9.0 -9.00 -9  -6.3  -1.8  -1.5   0.2   1.0  -9 -9.0 -9  3 -9
202601090200 108   5  2.5  -9 -9.0   -9 1015.9 1027.1 -9  -9.0  -6.3 -13.4  57.0   2.2   -9.0   -9.0   -9.0   -9.0   -9.0   -9.0   -9.0 -9 -9 -                        0   0   -9 -         -9  -9  -9  3147 -9.0 -9.00 -9  -6.3  -1.9  -1.6   0.2   1.1  -9 -9.0 -9  3 -9
202601090300 108   5  2.3  -9 -9.0   -9 1015.8 1027.0  8  -0.2  -6.5 -13.8  56.0   2.1   -9.0   -9.0   -9.0   -9.0   -9.0   -9.0   -9.0 -9 -9 -                        0   0   -9 -         -9  -9  -9  3018 -9.0 -9.00 -9  -6.2  -2.0  -1.6   0.2   1.0  -9 -9.0 -9  3  2
202601090400 108   5  2.8  -9 -9.0   -9 1015.0 1026.2 -9  -9.0  -6.6 -13.7  57.0   2.1   -9.0   -9.0   -9.0   -9.0   -9.0   -9.0   -9.0 -9 -9 -                        0   0   -9 -         -9  -9  -9  2833 -9.0 -9.00 -9  -6.1  -2.0  -1.6   0.2   0.9  -9 -9.0 -9  3  2
202601090500 108   5  2.5  -9 -9.0   -9 1014.3 1025.5 -9  -9.0  -6.4 -13.1  59.0   2.2   -9.0   -9.0   -9.0   -9.0   -9.0   -9.0   -9.0 -9 -9 -                        0   0   -9 -         -9  -9  -9  3338 -9.0 -9.00 -9  -6.0  -2.0  -1.7   0.1   1.0  -9 -9.0 -9  3  2
202601090600 108   5  2.9  -9 -9.0   -9 1013.9 1025.0  7  -2.0  -6.1 -12.8  59.0   2.3   -9.0   -9.0   -9.0   -9.0   -9.0   -9.0   -9.0 -9 -9 -                        8   8   12 Sc         0   0   5  3122 -9.0 -9.00 -9  -5.1  -2.0  -1.7   0.1   0.9  -9 -9.0 -9  3  2
202601090700 108   5  3.1  -9 -9.0   -9 1013.8 1024.9 -9  -9.0  -5.6 -12.3  59.0   2.4   -9.0   -9.0   -9.0   -9.0   -9.0   -9.0   -9.0 -9 -9 -                        7   7   13 Sc         0   0   5  3313 -9.0 -9.00 -9  -5.2  -1.8  -1.6   0.1   0.9  -9 -9.0 -9  3  2
202601090800 108   5  2.7  -9 -9.0   -9 1013.5 1024.6 -9  -9.0  -5.5 -12.2  59.0   2.4   -9.0   -9.0   -9.0   -9.0   -9.0   -9.0   -9.0 -9 -9 -                        1   1   13 Sc         0   0   5  3049  0.0  0.00 -9  -5.2  -1.7  -1.6   0.1   0.9  -9 -9.0 -9  3  2
202601090900 108   5  2.8  -9 -9.0   -9 1013.1 1024.2  7  -0.8  -4.5 -11.3  59.0   2.6   -9.0   -9.0   -9.0   -9.0   -9.0   -9.0   -9.0 -9 -9 -                        3   3   13 Sc         0   0   5  2917  0.5  0.23 -9  -3.8  -1.7  -1.6   0.1   0.8  -9 -9.0 -9  3  2
202601091000 108   7  2.6  -9 -9.0   -9 1012.8 1023.8 -9  -9.0  -2.1 -10.1  54.0   2.8   -9.0   -9.0   -9.0   -9.0   -9.0   -9.0   -9.0 -9 -9 -                        4   4   14 Sc         0   0   5  3117  0.9  0.72 -9  -1.2  -1.6  -1.5   0.0   0.9  -9 -9.0 -9  3  2
202601091100 108   7  1.9  -9 -9.0   -9 1012.1 1023.0 -9  -9.0  -0.4  -9.5  50.0   3.0   -9.0   -9.0   -9.0   -9.0   -9.0   -9.0   -9.0 -9 -9 -                        7   7   15 Sc         0   0   5  2856  0.7  1.23 -9   0.5  -0.9  -1.3   0.0   0.7  -9 -9.0 -9  3  2
202601091200 108   5  1.9  -9 -9.0   -9 1010.8 1021.6  7  -2.6   1.0  -8.8  48.0   3.1   -9.0   -9.0   -9.0   -9.0   -9.0   -9.0   -9.0 -9 -9 -                        6   6   10 Sc         0   0   5  2374  0.7  1.39 -9   1.1  -0.5  -1.2  -0.2   0.7  -9 -9.0 -9  3  2
202601091300 108   5  2.3  -9 -9.0   -9 1009.7 1020.5 -9  -9.0   1.7  -7.6  50.0   3.5   -9.0   -9.0   -9.0   -9.0   -9.0   -9.0   -9.0 -9 -9 -                        8   8    9 Sc         0   0   5  2629  0.1  0.64 -9   1.9  -0.3  -1.3  -0.4   0.4  -9 -9.0 -9  3  2
202601091400 108   5  2.5  -9 -9.0   -9 1008.6 1019.3 -9  -9.0   2.4  -6.7  51.0   3.7   -9.0   -9.0   -9.0   -9.0   -9.0   -9.0   -9.0 -9 -9 -                        9   9   15 Sc         0   0   5  2836  0.0  0.53 -9   2.3  -0.1  -1.1  -0.4   0.3  -9 -9.0 -9  3  2
202601091500 108   5  2.2  -9 -9.0   -9 1008.0 1018.7  7  -2.9   3.0  -5.9  52.0   3.9   -9.0   -9.0   -9.0   -9.0   -9.0   -9.0   -9.0 -9 -9 -                        9   9    9 Sc         0   0   5  2450  0.0  0.48 -9   2.2   0.1  -1.0  -0.4   0.4  -9 -9.0 -9  3  2
202601091600 108   5  2.0  -9 -9.0   -9 1007.4 1018.1 -9  -9.0   3.1  -5.3  54.0   4.1   -9.0   -9.0   -9.0   -9.0   -9.0   -9.0   -9.0 -9 -9 -                        9   9    8 Sc         0   0   5  2493  0.0  0.27 -9   1.2   0.1  -1.0  -0.4   0.3  -9 -9.0 -9  3  2
202601091700 108   5  2.4  -9 -9.0   -9 1007.0 1017.7 -9  -9.0   2.8  -5.3  55.0   4.1   -9.0   -9.0   -9.0   -9.0   -9.0   -9.0   -9.0 -9 -9 -                        9   9    9 Sc         0   0   5  2553  0.0  0.08 -9   0.5   0.1  -0.9  -0.4   0.3  -9 -9.0 -9  3  2
202601091800 108   5  2.4  -9 -9.0   -9 1006.4 1017.1  7  -1.6   2.5  -4.9  58.0   4.2    0.0    0.0    0.0   -9.0   -9.0   -9.0   -9.0 23 72 06                       9   9   11 Sc         0   0   5  2346  0.0  0.01 -9   0.5   0.1  -0.9  -0.4   0.3  -9 -9.0 -9  4  1
202601091900 108   2  1.7  -9 -9.0   -9 1005.6 1016.3 -9  -9.0   2.5  -4.7  59.0   4.3   -9.0    0.0    0.0   -9.0   -9.0   -9.0   -9.0 -9 -9 -                       10   2   16 -         -9  -9  -9  2145 -9.0 -9.00 -9   0.5   0.1  -0.9  -0.4   0.3  -9 -9.0 -9  3 -9
202601092000 108   2  1.8  -9 -9.0   -9 1004.9 1015.6 -9  -9.0   2.6  -2.9  67.0   4.9   -9.0    0.0    0.0   -9.0   -9.0   -9.0   -9.0 -9 -9 -                        7   7   15 -         -9  -9  -9  2046 -9.0 -9.00 -9   0.3   0.0  -0.9  -0.4   0.3  -9 -9.0 -9  3 -9
202601092100 108  11  0.6  -9 -9.0   -9 1004.8 1015.4  7  -1.7   3.4  -0.9  73.0   5.7   -9.0    0.0    0.0   -9.0   -9.0   -9.0   -9.0 -9 72 -                        8   8    8 Sc         0   0   5  2154 -9.0 -9.00 -9   0.2  -0.1  -0.8  -0.3   0.3  -9 -9.0 -9  3  1
202601092200 108  14  0.8  -9 -9.0   -9 1003.9 1014.5 -9  -9.0   3.8  -0.9  71.0   5.7   -9.0    0.0    0.0   -9.0   -9.0   -9.0   -9.0 -9 -9 -                        0   0   -9 -         -9  -9  -9  2273 -9.0 -9.00 -9   0.2   0.0  -0.8  -0.3   0.4  -9 -9.0 -9  3 -9
202601092300 108  14  1.3  -9 -9.0   -9 1003.2 1013.8 -9  -9.0   4.2  -0.4  72.0   5.9   -9.0    0.0    0.0   -9.0   -9.0   -9.0   -9.0 -9 -9 -                        7   7    7 -         -9  -9  -9  2032 -9.0 -9.00 -9   0.3   0.0  -0.8  -0.4   0.3  -9 -9.0 -9  3 -9
202601100000 108  16  1.9  -9 -9.0   -9 1002.5 1013.1  7  -2.3   4.5   0.0  73.0   6.1   -9.0    0.0    0.0   -9.0   -9.0   -9.0   -9.0 -9 -9 -                        8   8    7 Sc         0   0   5  1783 -9.0 -9.00 -9   0.3   0.0  -0.8  -0.3   0.4  -9 -9.0 -9  3  2
202601100100 108  16  2.3  -9 -9.0   -9 1001.1 1011.7 -9  -9.0   4.8   0.1  72.0   6.2   -9.0    0.0    0.0   -9.0   -9.0   -9.0   -9.0 60 62 01                      10   8    8 ScAs      -9   2   5  1424 -9.0 -9.00 -9   0.3   0.0  -0.8  -0.4   0.4  -9 -9.0 -9  4  1
202601100200 108  18  2.1  -9 -9.0   -9  999.9 1010.4 -9  -9.0   4.6   1.7  82.0   6.9   -9.0    1.2    1.2   -9.0   -9.0   -9.0   -9.0 61 66 01                      10   9    6 StNs      -9   2   7   469 -9.0 -9.00 -9   0.4   0.0  -0.8  -0.4   0.4  -9 -9.0 -9  4  1
202601100300 108  18  3.4  18 11.0  221  998.5 1009.0  7  -4.1   5.1   2.2  82.0   7.2    1.7    1.7    1.7   -9.0   -9.0   -9.0   -9.0 21 62 1901                    10   2    8 ScAs      -9   2   5   791 -9.0 -9.00 -9   0.9   0.1  -0.8  -0.3   0.3  -9 -9.0 -9  4  1
202601100400 108  20  4.8  -9 -9.0   -9  997.5 1007.9 -9  -9.0   6.7   3.4  80.0   7.8   -9.0    1.7    1.7   -9.0   -9.0   -9.0   -9.0 10 22 19                      10   3   10 ScAs      -9   2   5   663 -9.0 -9.00 -9   1.9   0.1  -0.8  -0.4   0.3  -9 -9.0 -9  3  1
202601100500 108  20  5.2  20 11.0  450  996.8 1007.2 -9  -9.0   7.4   3.8  78.0   8.0   -9.0    1.7    1.7   -9.0   -9.0   -9.0   -9.0 10  0 19                       4   4    8 Sc         0   0   5   579 -9.0 -9.00 -9   2.0   0.1  -0.8  -0.4   0.3  -9 -9.0 -9  3  1
202601100600 108  20  3.5  20 11.0  450  996.3 1006.7  7  -2.3   7.0   3.0  76.0   7.6   -9.0    1.7    1.7   -9.0   -9.0   -9.0   -9.0 10 11 19                      10  10   28 As        -9   2   0   694 -9.0 -9.00 -9   1.5   0.1  -0.8  -0.4   0.4  -9 -9.0 -9  3  1
202601100700 108  20  4.2  16 14.0  630  995.6 1006.0 -9  -9.0   7.0   0.8  65.0   6.5   -9.0    1.7    1.7   -9.0   -9.0   -9.0   -9.0 21 62 401901                   9   9   17 Sc         0   0   5   922 -9.0 -9.00 -9   1.4   0.1  -0.8  -0.4   0.3  -9 -9.0 -9  4  1
202601100800 108  25  6.1  25 14.0  757  996.5 1007.0 -9  -9.0   5.9   0.4  68.0   6.3   -9.0    1.7    1.7   -9.0   -9.0   -9.0   -9.0  5 22 40                       7   7    8 Sc         0   0   5   839  0.0  0.00 -9   1.0   0.1  -0.7  -0.3   0.3  -9 -9.0 -9  3  1
202601100900 108  25  4.3  25 14.0  757  997.5 1008.0  3   1.3   5.1  -1.3  63.0   5.6    0.0    1.7    1.7   -9.0   -9.0   -9.0   -9.0 -9 61 40                       3   3   10 Sc         0   0   5  1106  0.0  0.12 -9   0.7   0.1  -0.7  -0.4   0.4  -9 -9.0 -9  3  1
202601101000 108  25  4.1  27 11.0  923  998.5 1009.0 -9  -9.0   5.4  -2.2  58.0   5.2   -9.0    1.7    1.7   -9.0   -9.0   -9.0   -9.0 -9 -9 -                        4   4   11 Sc         0   0   5  1531  0.4  0.48 -9   2.2   0.1  -0.7  -0.4   0.3  -9 -9.0 -9  3  2
202601101100 108  25  5.6  27 15.0 1032  999.3 1009.8 -9  -9.0   5.5  -2.3  57.0   5.2   -9.0    1.7    1.7   -9.0   -9.0   -9.0   -9.0 -9 -9 -                        5   5   12 Sc         0   0   5  1426  0.5  0.83 -9   2.5   0.2  -0.7  -0.3   0.4  -9 -9.0 -9  3  2
202601101200 108  25  7.6  27 18.0 1115  999.4 1009.9  2   1.9   4.6  -3.4  56.0   4.8   -9.0    1.7    1.7   -9.0   -9.0   -9.0   -9.0  5 11 40                       7   7   10 Sc         0   0   5   960  0.3  0.81 -9   3.3   0.3  -0.7  -0.3   0.4  -9 -9.0 -9  3  1
202601101300 108  23  6.6  29 16.0 1243  999.2 1009.8 -9  -9.0   4.3  -5.4  49.0   4.1   -9.0    1.7    1.7   -9.0   -9.0   -9.0   -9.0 -9 -9 40                       5   5   14 Sc         0   0   5  1404  0.4  1.04 -9   3.7   0.1  -0.7  -0.4   0.3  -9 -9.0 -9  3  2
202601101400 108  25  6.1  23 18.0 1321  999.3 1009.9 -9  -9.0   4.3  -7.5  42.0   3.5   -9.0    1.7    1.7   -9.0   -9.0   -9.0   -9.0 -9 -9 -                        4   4   15 Sc         0   0   5  1963  0.7  1.58 -9   4.0   0.2  -0.7  -0.4   0.3  -9 -9.0 -9  3  2
202601101500 108  25  7.7  23 18.0 1321 1000.1 1010.7  3   0.8   3.0  -7.5  46.0   3.5   -9.0    1.7    1.7   -9.0   -9.0   -9.0   -9.0 -9 -9 -                        6   6   12 Sc         0   0   5  2099  0.8  1.36 -9   2.2   0.3  -0.7  -0.3   0.4  -9 -9.0 -9  3  2
202601101600 108  25  6.7  29 19.0 1513 1000.9 1011.6 -9  -9.0   0.8  -6.0  60.0   3.9   -9.0    1.7    1.7   -9.0   -9.0   -9.0   -9.0 70 72 05                       7   7    8 Sc         0   0   5  2592  0.0  0.38 -9   0.5   0.3  -0.7  -0.4   0.3  -9 -9.0 -9  4  1
202601101700 108  27  5.4  29 13.0 1638 1001.7 1012.5 -9  -9.0   0.0  -6.0  64.0   3.9   -9.0    1.7    1.7   -9.0   -9.0   -9.0   -9.0 70 77 05                       7   7    8 Sc         0   0   5  2454  0.2  0.23 -9   0.4   0.2  -0.7  -0.4   0.4  -9 -9.0 -9  4  1
202601101800 108  25  5.7  29 19.0 1513 1002.7 1013.5  2   2.8  -0.7  -6.4  65.0   3.8    0.0    1.7    1.7   -9.0   -9.0   -9.0   -9.0 70 77 05                       5   5    7 Sc         0   0   5  1707  0.0  0.03 -9   0.4   0.2  -0.7  -0.3   0.2  -9 -9.0 -9  4  1
202601101900 108  27  4.8  25 14.0 1845 1004.2 1015.1 -9  -9.0  -1.9  -7.4  66.0   3.5   -9.0    1.7    1.7   -9.0   -9.0   -9.0   -9.0 22 72 05                       8   8    6 Sc         0   0   5  2561 -9.0 -9.00 -9   0.1   0.1  -0.7  -0.3   0.3  -9 -9.0 -9  4  1
202601102000 108  25  6.3  27 12.0 1930 1005.7 1016.6 -9  -9.0  -2.7  -8.7  63.0   3.2   -9.0    1.7    1.7   -9.0   -9.0   -9.0   -9.0 -9 -9 -                        9   9    8 -         -9  -9  -9  2209 -9.0 -9.00 -9  -0.5   0.1  -0.7  -0.3   0.3  -9 -9.0 -9  3 -9
202601102100 108  27  5.5  29 19.0 1513 1006.3 1017.2  2   3.7  -3.1  -9.9  59.0   2.9    0.0    1.7    1.7   -9.0   -9.0   -9.0   -9.0 70 72 05                       8   8    9 Sc         0   0   5  2450 -9.0 -9.00 -9  -0.9   0.1  -0.7  -0.3   0.3  -9 -9.0 -9  1  1
202601102200 108  25  4.3  29 10.0 2112 1007.3 1018.3 -9  -9.0  -3.4 -10.9  56.0   2.7   -9.0    1.7    1.7   -9.0   -9.0   -9.0   -9.0 22 72 05                       6   6    9 Sc         0   0   5  2643 -9.0 -9.00 -9  -1.2   0.1  -0.7  -0.3   0.4  -9 -9.0 -9  4  1
202601102300 108  27  5.1  29 10.0 2205 1008.4 1019.4 -9  -9.0  -4.2 -13.0  50.0   2.3   -9.0    1.7    1.7   -9.0   -9.0   -9.0   -9.0 -9 -9 -                        0   0   -9 -         -9  -9  -9  2881 -9.0 -9.00 -9  -2.3   0.1  -0.7  -0.3   0.4  -9 -9.0 -9  3 -9
202601110000 108  27  4.2  29 10.0 2112 1009.1 1020.1  2   2.9  -4.7 -13.8  49.0   2.1    0.0    1.7    1.7   -9.0   -9.0   -9.0   -9.0 -9 70 -                        0   0   -9 -         -9  -9  -9  3057 -9.0 -9.00 -9  -2.9   0.0  -0.7  -0.3   0.5  -9 -9.0 -9  3  1
202601110100 108  27  4.5  27 11.0   46 1009.9 1021.0 -9  -9.0  -5.5 -14.7  48.0   2.0   -9.0   -9.0   -9.0   -9.0   -9.0   -9.0   -9.0 -9 -9 -                        0   0   -9 -         -9  -9  -9  3124 -9.0 -9.00 -9  -3.7   0.0  -0.6  -0.2   0.5  -9 -9.0 -9  3 -9
202601110200 108  27  4.4  29 10.0  127 1010.6 1021.7 -9  -9.0  -6.0 -15.0  49.0   1.9   -9.0   -9.0   -9.0   -9.0   -9.0   -9.0   -9.0 -9 -9 -                        0   0   -9 -         -9  -9  -9  3091 -9.0 -9.00 -9  -4.3   0.0  -0.6  -0.2   0.5  -9 -9.0 -9  3 -9
202601110300 108  27  4.5  27 11.0   46 1011.2 1022.3  2   2.2  -6.6 -15.5  49.0   1.8   -9.0   -9.0   -9.0   -9.0   -9.0   -9.0   -9.0 -9 70 -                        0   0   -9 -         -9  -9  -9  3251 -9.0 -9.00 -9  -4.9  -0.1  -0.6  -0.1   0.7  -9 -9.0 -9  3  1
202601110400 108  27  3.9  25 10.0  317 1011.2 1022.4 -9  -9.0  -7.1 -16.2  48.0   1.7   -9.0   -9.0   -9.0   -9.0   -9.0   -9.0   -9.0 -9 -9 -                        0   0   -9 -         -9  -9  -9  3484 -9.0 -9.00 -9  -5.3  -0.2  -0.6   0.0   0.6  -9 -9.0 -9  3  2
202601110500 108  29  2.1  -9 -9.0   -9 1010.8 1022.0 -9  -9.0  -7.6 -17.5  45.0   1.6   -9.0   -9.0   -9.0   -9.0   -9.0   -9.0   -9.0 -9 -9 -                        0   0   -9 -         -9  -9  -9  3448 -9.0 -9.00 -9  -5.8  -0.5  -0.6   0.0   0.7  -9 -9.0 -9  3  2
202601110600 108  27  3.3  25 10.0  317 1011.8 1023.0  3   0.7  -8.0 -17.3  47.0   1.6   -9.0   -9.0   -9.0   -9.0   -9.0   -9.0   -9.0 -9 -9 -                        0   0   -9 -         -9  -9  -9  3699 -9.0 -9.00 -9  -6.3  -0.8  -0.6   0.1   0.7  -9 -9.0 -9  3  2
202601110700 108  27  3.1  -9 -9.0   -9 1012.8 1024.0 -9  -9.0  -8.1 -17.7  46.0   1.5   -9.0   -9.0   -9.0   -9.0   -9.0   -9.0   -9.0 -9 -9 -                        0   0   -9 -         -9  -9  -9  3998 -9.0 -9.00 -9  -6.6  -1.0  -0.7   0.1   0.8  -9 -9.0 -9  3  2
202601110800 108  29  2.3  -9 -9.0   -9 1013.6 1024.8 -9  -9.0  -8.3 -18.1  45.0   1.5   -9.0   -9.0   -9.0   -9.0   -9.0   -9.0   -9.0 -9 -9 -                        1   0   -9 Ci         1   0   0  3813  0.0  0.00 -9  -6.7  -1.3  -0.8   0.4   1.0  -9 -9.0 -9  3  2
202601110900 108  32  4.5  25 10.0  317 1014.1 1025.3  2   2.3  -7.9 -18.0  44.0   1.5   -9.0   -9.0   -9.0   -9.0   -9.0   -9.0   -9.0 -9 -9 -                        0   0   -9 -         -9  -9  -9  3960  0.8  0.28 -9  -5.9  -1.4  -1.0   0.2   1.0  -9 -9.0 -9  3  2
202601111000 108  29  3.3  -9 -9.0   -9 1014.9 1026.1 -9  -9.0  -6.9 -17.4  43.0   1.6   -9.0   -9.0   -9.0   -9.0   -9.0   -9.0   -9.0 -9 -9 -                        0   0   -9 -         -9  -9  -9  3757  1.0  0.90 -9  -3.3  -1.5  -1.2   0.2   0.8  -9 -9.0 -9  3  2
202601111100 108  29  4.5  29 12.0 1017 1015.1 1026.3 -9  -9.0  -6.2 -19.2  35.0   1.3   -9.0   -9.0   -9.0   -9.0   -9.0   -9.0   -9.0 -9 -9 -                        0   0   -9 -         -9  -9  -9  3722  1.0  1.49 -9  -1.2  -1.4  -1.2   0.1   0.8  -9 -9.0 -9  3  2
202601111200 108  29  4.7  29 12.0 1017 1014.3 1025.4  0   0.1  -5.2 -20.1  30.0   1.2   -9.0   -9.0   -9.0   -9.0   -9.0   -9.0   -9.0 -9 -9 -                        0   0   -9 -         -9  -9  -9  4187  1.0  1.90 -9  -0.1  -1.2  -1.3  -0.1   0.7  -9 -9.0 -9  3  2
202601111300 108  29  5.6  32 10.0 1239 1013.7 1024.8 -9  -9.0  -4.6 -19.5  30.0   1.3   -9.0   -9.0   -9.0   -9.0   -9.0   -9.0   -9.0 -9 -9 -                        0   0   -9 -         -9  -9  -9  4383  1.0  2.06 -9   0.1  -1.2  -1.2   0.0   0.7  -9 -9.0 -9  3  2
202601111400 108  29  5.2  34 12.0 1317 1013.8 1024.9 -9  -9.0  -4.1 -18.7  31.0   1.4   -9.0   -9.0   -9.0   -9.0   -9.0   -9.0   -9.0 -9 -9 -                        0   0   -9 -         -9  -9  -9  3698  1.0  1.97 -9   0.0  -0.9  -1.1  -0.1   0.7  -9 -9.0 -9  3  2
202601111500 108  29  5.4  29 12.0 1017 1014.1 1025.2  5  -0.2  -4.1 -17.6  34.0   1.5   -9.0   -9.0   -9.0   -9.0   -9.0   -9.0   -9.0 -9 -9 -                        0   0   -9 -         -9  -9  -9  3994  1.0  1.64 -9  -0.4  -1.0  -1.1  -0.1   0.6  -9 -9.0 -9  3  2
202601111600 108  29  5.2  25 12.0 1533 1014.3 1025.4 -9  -9.0  -4.0 -16.9  36.0   1.6   -9.0   -9.0   -9.0   -9.0   -9.0   -9.0   -9.0 -9 -9 -                        0   0   -9 -         -9  -9  -9  3977  1.0  1.12 -9  -1.4  -0.9  -1.0   0.0   0.8  -9 -9.0 -9  3  2
202601111700 108  27  5.4  29 12.0 1617 1014.7 1025.8 -9  -9.0  -4.7 -16.8  38.0   1.6   -9.0   -9.0   -9.0   -9.0   -9.0   -9.0   -9.0 -9 -9 -                        0   0   -9 -         -9  -9  -9  3715  1.0  0.51 -9  -2.9  -1.1  -1.0   0.1   0.7  -9 -9.0 -9  3  2
202601111800 108  29  3.8  29 12.0 1617 1015.3 1026.4  2   1.2  -5.4 -17.8  37.0   1.5   -9.0   -9.0   -9.0   -9.0   -9.0   -9.0   -9.0 -9 -9 -                        0   0   -9 -         -9  -9  -9  4119  0.2  0.06 -9  -3.9  -1.2  -1.0   0.2   0.9  -9 -9.0 -9  3  2
202601111900 108  27  2.4  -9 -9.0   -9 1015.7 1026.9 -9  -9.0  -6.2 -18.5  37.0   1.4   -9.0   -9.0   -9.0   -9.0   -9.0   -9.0   -9.0 -9 -9 -                        0   0   -9 -         -9  -9  -9  3993 -9.0 -9.00 -9  -5.1  -1.4  -1.1   0.2   1.0  -9 -9.0 -9  3 -9
202601112000 108  32  2.7  -9 -9.0   -9 1015.8 1027.0 -9  -9.0  -6.8 -18.7  38.0   1.4   -9.0   -9.0   -9.0   -9.0   -9.0   -9.0   -9.0 -9 -9 -                        0   0   -9 -         -9  -9  -9  3802 -9.0 -9.00 -9  -5.9  -1.6  -1.2   0.2   0.9  -9 -9.0 -9  3 -9
202601112100 108  25  1.7  29 12.0 1617 1015.9 1027.1  2   0.7  -7.6 -18.3  42.0   1.5   -9.0   -9.0   -9.0   -9.0   -9.0   -9.0   -9.0 -9 -9 -                        0   0   -9 -         -9  -9  -9  3710 -9.0 -9.00 -9  -6.5  -1.8  -1.4   0.3   0.9  -9 -9.0 -9  3  2
202601112200 108  29  2.5  -9 -9.0   -9 1015.4 1026.6 -9  -9.0  -7.9 -18.3  43.0   1.5   -9.0   -9.0   -9.0   -9.0   -9.0   -9.0   -9.0 -9 -9 -                        0   0   -9 -         -9  -9  -9  3583 -9.0 -9.00 -9  -6.8  -1.9  -1.5   0.2   0.9  -9 -9.0 -9  3 -9
202601112300 108  27  2.9  -9 -9.0   -9 1015.4 1026.7 -9  -9.0  -8.4 -17.2  49.0   1.6   -9.0   -9.0   -9.0   -9.0   -9.0   -9.0   -9.0 -9 -9 -                        0   0   -9 -         -9  -9  -9  3083 -9.0 -9.00 -9  -7.1  -2.1  -1.6   0.2   1.0  -9 -9.0 -9  3 -9
202601120000 108   0  0.4  -9 -9.0   -9 1015.1 1026.4  7  -0.7  -9.0 -17.3  51.0   1.6   -9.0   -9.0   -9.0   -9.0   -9.0   -9.0   -9.0 -9 -9 -                        0   0   -9 -         -9  -9  -9  2851 -9.0 -9.00 -9  -7.2  -2.3  -1.7   0.1   0.9  -9 -9.0 -9  3  2
202601120100 108  29  1.0  -9 -9.0   -9 1015.2 1026.5 -9  -9.0  -9.3 -17.3  52.0   1.6   -9.0   -9.0   -9.0   -9.0   -9.0   -9.0   -9.0 -9 -9 -                        0   0   -9 -         -9  -9  -9  2805 -9.0 -9.00 -9  -7.4  -2.4  -1.8   0.2   1.0  -9 -9.0 -9  3 -9
202601120200 108   5  1.7  -9 -9.0   -9 1014.8 1026.1 -9  -9.0  -9.8 -17.1  55.0   1.6   -9.0   -9.0   -9.0   -9.0   -9.0   -9.0   -9.0 -9 -9 -                        0   0   -9 -         -9  -9  -9  2979 -9.0 -9.00 -9  -7.5  -2.5  -1.9   0.2   0.9  -9 -9.0 -9  3 -9
202601120300 108   5  1.6  -9 -9.0   -9 1014.8 1026.1  6  -0.3  -9.9 -17.0  56.0   1.6   -9.0   -9.0   -9.0   -9.0   -9.0   -9.0   -9.0 -9 -9 -                        0   0   -9 -         -9  -9  -9  3095 -9.0 -9.00 -9  -7.5  -2.6  -2.0   0.2   0.9  -9 -9.0 -9  3  2
202601120400 108   5  2.4  -9 -9.0   -9 1014.4 1025.7 -9  -9.0 -10.1 -16.8  58.0   1.6   -9.0   -9.0   -9.0   -9.0   -9.0   -9.0   -9.0 -9 -9 -                        0   0   -9 -         -9  -9  -9  3094 -9.0 -9.00 -9  -7.6  -2.7  -2.1   0.2   0.9  -9 -9.0 -9  3  2
202601120500 108   5  2.5  -9 -9.0   -9 1014.1 1025.4 -9  -9.0  -9.3 -15.8  59.0   1.8   -9.0   -9.0   -9.0   -9.0   -9.0   -9.0   -9.0 -9 -9 -                        8   8    6 Sc         0   0   5  2905 -9.0 -9.00 -9  -6.0  -2.7  -2.1   0.1   0.9  -9 -9.0 -9  3  2
202601120600 108   2  2.8  -9 -9.0   -9 1013.3 1024.6  7  -1.5  -9.5 -16.4  57.0   1.7   -9.0   -9.0   -9.0   -9.0   -9.0   -9.0   -9.0 -9 -9 -                        7   7    6 Sc         0   0   5  3053 -9.0 -9.00 -9  -6.6  -2.6  -2.1   0.1   0.9  -9 -9.0 -9  3  2
202601120700 108   5  2.8  -9 -9.0   -9 1012.9 1024.2 -9  -9.0  -9.1 -16.2  56.0   1.7   -9.0   -9.0   -9.0   -9.0   -9.0   -9.0   -9.0 -9 -9 -                        6   6    8 Sc         0   0   5  3057 -9.0 -9.00 -9  -6.9  -2.6  -2.1   0.1   0.9  -9 -9.0 -9  3  2
202601120800 108   5  2.5  -9 -9.0   -9 1012.8 1024.0 -9  -9.0  -8.8 -15.7  57.0   1.8   -9.0   -9.0   -9.0   -9.0   -9.0   -9.0   -9.0 -9 -9 -                        1   1   15 Sc         0   0   5  3055  0.0  0.00 -9  -6.7  -2.6  -2.2   0.1   0.9  -9 -9.0 -9  3  2
202601120900 108   5  2.3  -9 -9.0   -9 1012.3 1023.5  7  -1.1  -7.7 -14.9  56.0   1.9   -9.0   -9.0   -9.0   -9.0   -9.0   -9.0   -9.0 -9 -9 -                        3   3    9 Sc         0   0   5  3003  0.4  0.20 -9  -5.4  -2.5  -2.2   0.1   0.8  -9 -9.0 -9  3  2
202601121000 108   5  3.0  -9 -9.0   -9 1012.1 1023.2 -9  -9.0  -6.3 -14.3  53.0   2.0   -9.0   -9.0   -9.0   -9.0   -9.0   -9.0   -9.0 -9 -9 -                        9   9    6 Sc         0   0   5  3467  0.1  0.33 -9  -2.9  -2.3  -2.0   0.0   0.8  -9 -9.0 -9  3  2
202601121100 108   7  2.1  -9 -9.0   -9 1011.1 1022.1 -9  -9.0  -4.4 -12.3  54.0   2.4   -9.0   -9.0   -9.0   -9.0   -9.0   -9.0   -9.0 -9 -9 -                        9   9    5 Sc         0   0   5  3095  0.1  0.58 -9  -0.4  -1.8  -1.8  -0.1   0.7  -9 -9.0 -9  3  2
202601121200 108   5  2.9  -9 -9.0   -9 1009.9 1020.8  7  -2.7  -2.3 -10.3  54.0   2.8   -9.0   -9.0   -9.0   -9.0   -9.0   -9.0   -9.0 -9 -9 -                        7   7    5 Sc         0   0   5  3332  0.4  1.36 -9   0.5  -1.1  -1.5  -0.1   0.7  -9 -9.0 -9  3  2
202601121300 108   7  2.2  -9 -9.0   -9 1008.1 1018.9 -9  -9.0  -0.5  -8.9  53.0   3.1   -9.0    0.0    0.0   -9.0   -9.0   -9.0   -9.0 70 72 05                       9   9    7 Sc         0   0   5  2668  0.8  1.61 -9   1.2  -0.7  -1.3  -0.2   0.5  -9 -9.0 -9  4  1
202601121400 108   9  0.8  -9 -9.0   -9 1006.9 1017.7 -9  -9.0  -0.5  -6.2  65.0   3.8   -9.0    0.0    0.0   -9.0   -9.0   -9.0   -9.0 71 77 05                       9   9    7 Sc         0   0   5   881  0.0  0.48 -9   0.6  -0.5  -1.4  -0.4   0.3  -9 -9.0 -9  4  1
202601121500 108   5  3.0  -9 -9.0   -9 1005.7 1016.5  7  -4.3  -1.0  -5.9  69.0   3.9    0.0    0.0    0.0   -9.0   -9.0   -9.0   -9.0 71 77 05                       9   9    4 Sc         0   0   5  1901  0.0  0.29 -9   0.5  -0.4  -1.3  -0.6   0.3  -9 -9.0 -9  4  1
202601121600 108   5  3.0  -9 -9.0   -9 1004.7 1015.5 -9  -9.0  -0.8  -3.4  82.0   4.8   -9.0    0.0    0.0   -9.0   -9.0    0.2    0.2 71 77 05                      10   7    4 StNs      -9   2   7   279  0.0  0.15 -9   0.5  -0.3  -1.2  -0.5   0.3  -9 -9.0 -9  4  1
202601121700 108   5  2.1  -9 -9.0   -9 1003.9 1014.7 -9  -9.0  -0.8  -2.3  89.0   5.2   -9.0    0.6    0.6   -9.0   -9.0    0.8    0.8 71 77 05                      10   7    2 StNs      -9   2   7   329  0.0  0.06 -9   0.5  -0.3  -1.1  -0.5   0.2  -9 -9.0 -9  4  1
202601121800 108   5  2.4  -9 -9.0   -9 1003.6 1014.4  7  -2.1  -0.9  -2.4  89.0   5.1    0.7    0.7    0.7   -9.0    0.9    0.9    0.9 71 77 05                      10   8    2 StNs      -9   2   7   426  0.0  0.01 -9   0.4  -0.3  -1.1  -0.5   0.3  -9 -9.0 -9  4  1
202601121900 108   5  2.2  -9 -9.0   -9 1003.2 1014.0 -9  -9.0  -0.9  -2.4  89.0   5.1   -9.0    1.0    1.0   -9.0   -9.0    1.1    1.1 71 77 05                      10   6    5 StNs      -9   2   7   615 -9.0 -9.00 -9   0.4  -0.3  -1.1  -0.4   0.3  -9 -9.0 -9  4  1
202601122000 108   5  2.3  -9 -9.0   -9 1002.0 1012.8 -9  -9.0  -0.7  -1.9  91.0   5.3   -9.0    1.1    1.1   -9.0   -9.0    1.4    1.4 71 77 05                      10   9    3 StNs      -9   2   7   318 -9.0 -9.00 -9   0.4  -0.3  -1.0  -0.4   0.3  -9 -9.0 -9  4  1
202601122100 108   5  2.0  -9 -9.0   -9 1001.0 1011.8  7  -2.6  -0.4  -1.5  92.0   5.5    0.5    1.2    1.2   -9.0    0.7    1.6    1.6 71 77 05                      10   9    5 StNs      -9   2   7   414 -9.0 -9.00 -9   0.3  -0.2  -1.0  -0.4   0.3  -9 -9.0 -9  1  1
202601122200 108   5  1.8  -9 -9.0   -9  999.9 1010.6 -9  -9.0  -0.2  -1.2  93.0   5.6   -9.0    1.6    1.6   -9.0   -9.0    2.3    2.3 71 77 05                      10   9    2 StNs      -9   2   7   151 -9.0 -9.00 -9   0.3  -0.2  -1.0  -0.4   0.3  -9 -9.0 -9  4  1
202601122300 108   5  1.1  -9 -9.0   -9  999.5 1010.2 -9  -9.0   0.1  -1.0  92.0   5.7   -9.0    2.1    2.1   -9.0   -9.0    2.8    2.8 22 72 1905                    10   7    6 ScAs      -9   2   5   380 -9.0 -9.00 -9   0.3  -0.2  -1.0  -0.4   0.3  -9 -9.0 -9  4  1
202601130000 108  25  1.7  -9 -9.0   -9  999.6 1010.3  5  -1.5   1.2   0.3  94.0   6.2    1.5    2.7    2.7   -9.0    1.2    2.4    2.4 68 72 1906                    10   8    3 StNs      -9   2   7   582 -9.0 -9.00 -9   0.3  -0.2  -1.0  -0.5   0.2  -9 -9.0 -9  4  1
202601130100 108  25  2.2  -9 -9.0   -9  999.7 1010.4 -9  -9.0   1.7   0.8  94.0   6.5   -9.0    0.0    0.0   -9.0   -9.0   -9.0    2.2 23 72 1906                     8   8    8 Sc         0   0   5   596 -9.0 -9.00 -9   0.3  -0.1  -1.0  -0.5   0.2  -9 -9.0 -9  4  1
202601130200 108  25  2.8  -9 -9.0   -9 1000.5 1011.2 -9  -9.0   1.7   0.6  93.0   6.4   -9.0    0.0    0.0   -9.0   -9.0   -9.0    2.0 -9 -9 19                       0   0   -9 -         -9  -9  -9   564 -9.0 -9.00 -9   0.3  -0.1  -1.0  -0.4   0.2  -9 -9.0 -9  3  2
202601130300 108  29  3.2  -9 -9.0   -9 1001.5 1012.2  2   1.9   1.1  -0.6  88.0   5.8    0.0    0.0    0.0   -9.0   -9.0   -9.0    2.0 10 72 19                       6   6    8 Sc         0   0   5   815 -9.0 -9.00 -9   0.2  -0.1  -1.0  -0.4   0.2  -9 -9.0 -9  3  1
202601130400 108  25  2.1  -9 -9.0   -9 1001.7 1012.5 -9  -9.0  -0.2  -2.4  85.0   5.1   -9.0    0.0    0.0   -9.0   -9.0   -9.0    2.0 10  0 19                       0   0   -9 -         -9  -9  -9   824 -9.0 -9.00 -9  -0.2  -0.2  -1.0  -0.4   0.3  -9 -9.0 -9  3  1
202601130500 108  27  3.4  -9 -9.0   -9 1002.4 1013.2 -9  -9.0  -0.9  -3.9  80.0   4.6   -9.0    0.0    0.0   -9.0   -9.0   -9.0    2.0 10  0 19                       0   0   -9 -         -9  -9  -9   907 -9.0 -9.00 -9  -0.5  -0.2  -1.0  -0.4   0.2  -9 -9.0 -9  3  1
202601130600 108  23  1.0  -9 -9.0   -9 1003.4 1014.2  2   2.0  -1.7  -4.5  81.0   4.4   -9.0    0.0    0.0   -9.0   -9.0   -9.0    2.0 10  0 19                       0   0   -9 -         -9  -9  -9   768 -9.0 -9.00 -9  -0.9  -0.2  -1.0  -0.4   0.3  -9 -9.0 -9  3  1
202601130700 108  25  3.8  -9 -9.0   -9 1005.0 1015.9 -9  -9.0  -2.4  -6.0  76.0   3.9   -9.0    0.0    0.0   -9.0   -9.0   -9.0    2.0 10  0 19                       0   0   -9 -         -9  -9  -9   986 -9.0 -9.00 -9  -1.2  -0.3  -1.0  -0.3   0.3  -9 -9.0 -9  3  1
202601130800 108  27  3.4  -9 -9.0   -9 1006.1 1017.0 -9  -9.0  -3.0  -8.4  66.0   3.2   -9.0    0.0    0.0   -9.0   -9.0   -9.0    2.0 -9 -9 19                       0   0   -9 -         -9  -9  -9  1686  0.0  0.00 -9  -1.4  -0.4  -0.9  -0.2   0.4  -9 -9.0 -9  3  2
202601130900 108  25  3.2  -9 -9.0   -9 1007.7 1018.6  2   4.4  -3.1  -9.1  63.0   3.1   -9.0    0.0    0.0   -9.0   -9.0   -9.0    2.0 -9 -9 -                        0   0   -9 -         -9  -9  -9  2054  0.9  0.31 -9  -1.5  -0.5  -0.9  -0.2   0.5  -9 -9.0 -9  3  2
202601131000 108  29  3.5  25 10.0  942 1009.0 1019.9 -9  -9.0  -2.8 -12.5  47.0   2.3   -9.0    0.0    0.0   -9.0   -9.0   -9.0    2.0 -9 -9 -                        0   0   -9 -         -9  -9  -9  3095  1.0  0.90 -9  -0.8  -0.6  -0.9  -0.1   0.5  -9 -9.0 -9  3  2
202601131100 108  27  4.2  34 10.0 1003 1009.4 1020.3 -9  -9.0  -2.6 -13.2  44.0   2.2   -9.0    0.0    0.0   -9.0   -9.0   -9.0    1.9 -9 -9 -                        0   0   -9 -         -9  -9  -9  4155  1.0  1.50 -9  -0.2  -0.6  -0.9  -0.1   0.6  -9 -9.0 -9  3  2
202601131200 108  29  4.9  32 11.0 1121 1009.6 1020.5  2   1.9  -2.4 -13.8  41.0   2.1   -9.0    0.0    0.0   -9.0   -9.0   -9.0    1.7 -9 -9 -                        0   0   -9 -         -9  -9  -9  3659  1.0  1.91 -9   0.2  -0.5  -0.9  -0.1   0.4  -9 -9.0 -9  3  2
202601131300 108  32  5.1  32 11.0 1219 1009.1 1020.0 -9  -9.0  -2.5 -14.2  40.0   2.0   -9.0    0.0    0.0   -9.0   -9.0   -9.0    1.2 -9 -9 -                        0   0   -9 -         -9  -9  -9  4213  1.0  2.08 -9   0.3  -0.5  -0.9  -0.1   0.6  -9 -9.0 -9  3  2
202601131400 108  32  4.7  -9 -9.0   -9 1008.7 1019.6 -9  -9.0  -2.1 -13.3  42.0   2.2   -9.0    0.0    0.0   -9.0   -9.0   -9.0    0.9 -9 -9 -                        0   0   -9 -         -9  -9  -9  3777  1.0  2.01 -9   0.4  -0.5  -0.9  -0.1   0.5  -9 -9.0 -9  3  2
202601131500 108  27  3.6  32 11.0 1219 1008.7 1019.6  6  -0.9  -1.7 -12.9  42.0   2.3   -9.0    0.0    0.0   -9.0   -9.0   -9.0    0.7 -9 -9 -                        0   0   -9 -         -9  -9  -9  3610  1.0  1.68 -9   0.4  -0.5  -0.9  -0.2   0.4  -9 -9.0 -9  3  2
202601131600 108  27  4.1  -9 -9.0   -9 1009.3 1020.2 -9  -9.0  -1.8 -14.6  37.0   2.0   -9.0    0.0    0.0   -9.0   -9.0   -9.0    0.7 -9 -9 -                        0   0   -9 -         -9  -9  -9  3965  1.0  1.20 -9   0.4  -0.4  -0.9  -0.2   0.4  -9 -9.0 -9  3  2
202601131700 108  27  3.2  -9 -9.0   -9 1009.7 1020.7 -9  -9.0  -2.8 -14.8  39.0   1.9   -9.0    0.0    0.0   -9.0   -9.0   -9.0    0.7 -9 -9 -                        0   0   -9 -         -9  -9  -9  3933  1.0  0.55 -9   0.0  -0.6  -0.9  -0.2   0.6  -9 -9.0 -9  3  2
202601131800 108  29  3.2  -9 -9.0   -9 1010.4 1021.4  2   1.8  -4.1 -14.8  43.0   1.9   -9.0    0.0    0.0   -9.0   -9.0   -9.0    0.7 -9 -9 -                        7   0   -9 Ci         1   0   0  4323  0.2  0.08 -9  -0.5  -0.7  -1.0  -0.1   0.5  -9 -9.0 -9  3  2
202601131900 108  27  3.0  -9 -9.0   -9 1010.9 1022.0 -9  -9.0  -4.8 -14.9  45.0   1.9   -9.0    0.0    0.0   -9.0   -9.0   -9.0    0.7 -9 -9 -                        1   1   -9 -         -9  -9  -9  4115 -9.0 -9.00 -9  -1.0  -0.8  -1.0  -0.1   0.5  -9 -9.0 -9  3  2
202601132000 108  27  3.2  -9 -9.0   -9 1011.6 1022.7 -9  -9.0  -5.4 -16.0  43.0   1.8   -9.0    0.0    0.0   -9.0   -9.0   -9.0    0.7 -9 -9 -                        0   0   -9 -         -9  -9  -9  4491 -9.0 -9.00 -9  -1.7  -0.9  -0.9   0.1   0.8  -9 -9.0 -9  3  2
202601132100 108  27  4.1  -9 -9.0   -9 1012.5 1023.6  2   2.2  -6.2 -18.8  36.0   1.4   -9.0    0.0    0.0   -9.0   -9.0   -9.0    0.7 -9 -9 -                        0   0   -9 -         -9  -9  -9  3823 -9.0 -9.00 -9  -2.6  -1.0  -1.0   0.1   0.8  -9 -9.0 -9  3  2
202601132200 108  29  1.9  -9 -9.0   -9 1013.1 1024.3 -9  -9.0  -6.8 -18.4  39.0   1.4   -9.0    0.0    0.0   -9.0   -9.0   -9.0    0.7 -9 -9 -                        0   0   -9 -         -9  -9  -9  3349 -9.0 -9.00 -9  -3.3  -1.2  -1.1   0.1   0.7  -9 -9.0 -9  3  2
202601132300 108  29  1.4  -9 -9.0   -9 1013.4 1024.6 -9  -9.0  -7.4 -17.8  43.0   1.5   -9.0    0.0    0.0   -9.0   -9.0   -9.0    0.7 -9 -9 -                        3   1   -9 -         -9  -9  -9  3670 -9.0 -9.00 -9  -3.7  -1.4  -1.2   0.1   0.7  -9 -9.0 -9  3  2
202601140000 108  34  0.5  -9 -9.0   -9 1013.5 1024.7  2   1.1  -8.1 -18.2  44.0   1.5   -9.0    0.0    0.0   -9.0   -9.0   -9.0    0.7 -9 -9 -                        0   0   -9 -         -9  -9  -9  3813 -9.0 -9.00 -9  -4.1  -1.6  -1.4   0.0   0.8  -9 -9.0 -9  3  2
202601140100 108  27  0.5  -9 -9.0   -9 1013.3 1024.5 -9  -9.0  -8.6 -17.9  47.0   1.5   -9.0   -9.0   -9.0   -9.0   -9.0   -9.0    0.7 -9 -9 -                        3   1   -9 -         -9  -9  -9  3893 -9.0 -9.00 -9  -4.5  -1.7  -1.5   0.1   0.8  -9 -9.0 -9  3  2
202601140200 108   2  1.4  -9 -9.0   -9 1013.3 1024.5 -9  -9.0  -8.8 -16.6  53.0   1.7   -9.0   -9.0   -9.0   -9.0   -9.0   -9.0    0.7 -9 -9 -                        3   1   -9 -         -9  -9  -9  3926 -9.0 -9.00 -9  -4.6  -1.9  -1.6   0.0   0.7  -9 -9.0 -9  3  2
202601140300 108   0  0.4  -9 -9.0   -9 1014.0 1025.3  3   0.6  -8.8 -16.8  52.0   1.6   -9.0   -9.0   -9.0   -9.0   -9.0   -9.0    0.7 -9 -9 -                        0   0   -9 -         -9  -9  -9  3719 -9.0 -9.00 -9  -4.7  -2.0  -1.7   0.0   0.7  -9 -9.0 -9  3  2
202601140400 108   5  1.2  -9 -9.0   -9 1013.9 1025.2 -9  -9.0  -9.0 -15.9  57.0   1.8   -9.0   -9.0   -9.0   -9.0   -9.0   -9.0    0.7 -9 -9 -                        0   0   -9 -         -9  -9  -9  3950 -9.0 -9.00 -9  -4.7  -2.1  -1.8   0.1   0.6  -9 -9.0 -9  3  2
202601140500 108   5  1.2  -9 -9.0   -9 1014.0 1025.3 -9  -9.0  -8.9 -15.8  57.0   1.8   -9.0   -9.0   -9.0   -9.0   -9.0   -9.0    0.7 -9 -9 -                        0   0   -9 -         -9  -9  -9  3820 -9.0 -9.00 -9  -4.8  -2.1  -1.8   0.1   0.6  -9 -9.0 -9  3  2
202601140600 108   5  1.5  -9 -9.0   -9 1014.0 1025.3  4   0.0  -9.2 -15.9  58.0   1.8   -9.0   -9.0   -9.0   -9.0   -9.0   -9.0    0.7 -9 -9 -                        0   0   -9 -         -9  -9  -9  3819 -9.0 -9.00 -9  -4.9  -2.2  -1.9   0.0   0.7  -9 -9.0 -9  3  2
202601140700 108   5  2.3  -9 -9.0   -9 1014.6 1025.9 -9  -9.0  -9.4 -15.5  61.0   1.8   -9.0   -9.0   -9.0   -9.0   -9.0   -9.0    0.7 -9 -9 -                        0   0   -9 -         -9  -9  -9  3598 -9.0 -9.00 -9  -4.9  -2.3  -2.0  -0.1   0.7  -9 -9.0 -9  3  2
202601140800 108   5  2.6  -9 -9.0   -9 1014.7 1026.0 -9  -9.0  -9.2 -15.3  61.0   1.9   -9.0   -9.0   -9.0   -9.0   -9.0   -9.0    0.7 -9 -9 -                        0   0   -9 -         -9  -9  -9  3226  0.0  0.00 -9  -4.8  -2.3  -2.1  -0.1   0.7  -9 -9.0 -9  3  2
202601140900 108   5  2.4  -9 -9.0   -9 1015.1 1026.3  2   1.0  -8.2 -14.4  61.0   2.0   -9.0   -9.0   -9.0   -9.0   -9.0   -9.0    0.7 -9 -9 -                        0   0   -9 -         -9  -9  -9  3420  0.8  0.28 -9  -4.2  -2.3  -2.1  -0.1   0.6  -9 -9.0 -9  3  2
202601141000 108   5  2.1  -9 -9.0   -9 1015.3 1026.4 -9  -9.0  -5.8 -14.1  52.0   2.1   -9.0   -9.0   -9.0   -9.0   -9.0   -9.0    0.7 -9 -9 -                        0   0   -9 -         -9  -9  -9  3451  1.0  0.78 -9  -2.3  -2.2  -2.0  -0.2   0.6  -9 -9.0 -9  3  2
202601141100 108   7  2.0  -9 -9.0   -9 1015.3 1026.4 -9  -9.0  -3.9 -13.5  47.0   2.2   -9.0   -9.0   -9.0   -9.0   -9.0   -9.0    0.6 -9 -9 -                        0   0   -9 -         -9  -9  -9  3109  1.0  1.38 -9  -0.8  -1.8  -1.8  -0.2   0.5  -9 -9.0 -9  3  2
202601141200 108   5  2.3  -9 -9.0   -9 1014.7 1025.7  8  -0.6  -2.4 -13.3  43.0   2.2   -9.0   -9.0   -9.0   -9.0   -9.0   -9.0    0.6 -9 -9 -                        0   0   -9 -         -9  -9  -9  3202  1.0  1.73 -9  -0.2  -1.4  -1.7  -0.3   0.5  -9 -9.0 -9  3  2
202601141300 108  36  1.4  -9 -9.0   -9 1013.7 1024.6 -9  -9.0  -1.1 -12.7  41.0   2.3   -9.0   -9.0   -9.0   -9.0   -9.0   -9.0    0.5 -9 -9 -                        0   0   -9 -         -9  -9  -9  3236  1.0  1.84 -9   0.1  -1.1  -1.5  -0.4   0.4  -9 -9.0 -9  3  2
202601141400 108  25  1.2  -9 -9.0   -9 1013.4 1024.3 -9  -9.0   0.5 -13.5  34.0   2.2   -9.0   -9.0   -9.0   -9.0   -9.0   -9.0    0.3 -9 -9 -                        0   0   -9 -         -9  -9  -9  3362  1.0  1.76 -9   0.4  -0.7  -1.3  -0.4   0.4  -9 -9.0 -9  3  2
202601141500 108   9  1.2  -9 -9.0   -9 1012.5 1023.3  7  -2.4   1.2 -12.6  35.0   2.3   -9.0   -9.0   -9.0   -9.0   -9.0   -9.0   -9.0 -9 -9 -                        0   0   -9 -         -9  -9  -9  3934  1.0  1.44 -9   0.5  -0.5  -1.3  -0.5   0.3  -9 -9.0 -9  3  2
202601141600 108   5  3.6  -9 -9.0   -9 1011.3 1022.1 -9  -9.0   0.9 -12.1  37.0   2.4   -9.0   -9.0   -9.0   -9.0   -9.0   -9.0   -9.0 -9 -9 -                        7   3   11 ScCi       1   0   5  3276  0.8  0.80 -9   0.5  -0.4  -1.2  -0.6   0.2  -9 -9.0 -9  3  2
202601141700 108   7  2.3  -9 -9.0   -9 1010.8 1021.7 -9  -9.0   0.0 -12.9  37.0   2.3   -9.0   -9.0   -9.0   -9.0   -9.0   -9.0   -9.0 -9 -9 -                        6   3   10 ScAcCi     1   3   5  3498  0.4  0.33 -9   0.4  -0.4  -1.1  -0.5   0.0  -9 -9.0 -9  3  2
202601141800 108   5  3.0  -9 -9.0   -9 1010.2 1021.0  7  -2.3  -0.1 -12.1  40.0   2.4   -9.0   -9.0   -9.0   -9.0   -9.0   -9.0   -9.0 -9 -9 -                        9   2    8 ScAc       0   3   5  3442  0.0  0.02 -9   0.3  -0.4  -1.1  -0.5   0.1  -9 -9.0 -9  3  2
202601141900 108   5  3.5  -9 -9.0   -9 1010.1 1020.9 -9  -9.0  -0.1 -11.5  42.0   2.5   -9.0   -9.0   -9.0   -9.0   -9.0   -9.0   -9.0 -9 -9 -                       10   9   11 -         -9  -9  -9  3434 -9.0 -9.00 -9   0.2  -0.4  -1.0  -0.5   0.2  -9 -9.0 -9  3 -9
202601142000 108   5  3.9  -9 -9.0   -9 1009.3 1020.1 -9  -9.0   0.0 -11.4  42.0   2.6   -9.0   -9.0   -9.0   -9.0   -9.0   -9.0   -9.0 -9 -9 -                       10   9    6 -         -9  -9  -9  3303 -9.0 -9.00 -9   0.1  -0.4  -1.0  -0.4   0.0  -9 -9.0 -9  3 -9
202601142100 108   5  3.4  -9 -9.0   -9 1008.9 1019.7  7  -1.3   0.1 -11.3  42.0   2.6   -9.0   -9.0   -9.0   -9.0   -9.0   -9.0   -9.0 -9 -9 -                        9   9    7 Sc         0   0   5  3482 -9.0 -9.00 -9   0.0  -0.4  -1.0  -0.4   0.2  -9 -9.0 -9  3  2
202601142200 108   5  4.5  -9 -9.0   -9 1008.1 1018.9 -9  -9.0   0.3  -9.9  46.0   2.9   -9.0    0.0    0.0   -9.0   -9.0   -9.0   -9.0 60 62 01                      10   9    7 ScAs      -9   2   5  3162 -9.0 -9.00 -9   0.0  -0.4  -1.0  -0.5   0.3  -9 -9.0 -9  4  1
202601142300 108   5  3.8  -9 -9.0   -9 1007.0 1017.8 -9  -9.0   0.4 -10.1  45.0   2.8   -9.0    0.0    0.0   -9.0   -9.0   -9.0   -9.0 21 62 01                       9   9    7 Sc         0   0   5  3544 -9.0 -9.00 -9  -0.1  -0.3  -1.0  -0.4   0.2  -9 -9.0 -9  4  1
202601150000 108   7  3.4  -9 -9.0   -9 1006.4 1017.2  7  -2.5   0.8  -9.2  47.0   3.0    0.0    0.0    0.0   -9.0   -9.0   -9.0   -9.0 -9 62 -                        9   7    7 ScCi       2   0   5  3618 -9.0 -9.00 -9  -0.1  -0.3  -1.0  -0.4   0.2  -9 -9.0 -9  3  1
202601150100 108   7  3.4  -9 -9.0   -9 1005.4 1016.1 -9  -9.0   1.2  -8.3  49.0   3.3   -9.0   -9.0   -9.0   -9.0   -9.0   -9.0   -9.0 -9 -9 -                       10  10    7 -         -9  -9  -9  3502 -9.0 -9.00 -9   0.0  -0.3  -1.0  -0.5   0.2  -9 -9.0 -9  3 -9
202601150200 108   7  2.6  -9 -9.0   -9 1005.0 1015.7 -9  -9.0   1.6  -7.4  51.0   3.5   -9.0   -9.0   -9.0   -9.0   -9.0   -9.0   -9.0 -9 -9 -                       10  10    6 -         -9  -9  -9  3129 -9.0 -9.00 -9   0.0  -0.2  -1.0  -0.5   0.2  -9 -9.0 -9  3 -9
202601150300 108   7  2.4  -9 -9.0   -9 1004.5 1015.2  7  -2.0   1.9  -6.4  54.0   3.8   -9.0   -9.0   -9.0   -9.0   -9.0   -9.0   -9.0 -9 62 -                        9   9    7 Sc         0   0   5  2836 -9.0 -9.00 -9   0.1  -0.2  -1.0  -0.5   0.2  -9 -9.0 -9  3  1
202601150400 108   7  1.9  -9 -9.0   -9 1003.4 1014.1 -9  -9.0   2.2  -5.9  55.0   3.9   -9.0   -9.0   -9.0   -9.0   -9.0   -9.0   -9.0 -9 -9 -                        9   8    6 ScCi       2   0   5  2868 -9.0 -9.00 -9   0.1  -0.2  -1.0  -0.5   0.1  -9 -9.0 -9  3  2
202601150500 108   7  2.0  -9 -9.0   -9 1003.0 1013.7 -9  -9.0   2.5  -4.9  58.0   4.2   -9.0   -9.0   -9.0   -9.0   -9.0   -9.0   -9.0 -9 -9 -                        9   9    6 Sc         0   0   5  2675 -9.0 -9.00 -9   0.2  -0.1  -0.9  -0.5   0.2  -9 -9.0 -9  3  2
202601150600 108   5  1.7  -9 -9.0   -9 1002.7 1013.4  7  -1.8   2.7  -4.3  60.0   4.4   -9.0   -9.0   -9.0   -9.0   -9.0   -9.0   -9.0 -9 -9 -                        9   9    8 Sc         0   0   5  2284 -9.0 -9.00 -9   0.2  -0.1  -0.9  -0.4   0.2  -9 -9.0 -9  3  2
202601150700 108   5  1.0  -9 -9.0   -9 1002.7 1013.3 -9  -9.0   3.0  -3.3  63.0   4.8   -9.0   -9.0   -9.0   -9.0   -9.0   -9.0   -9.0 -9 -9 -                        9   9    8 Sc         0   0   5  2142 -9.0 -9.00 -9   0.2  -0.1  -0.9  -0.4   0.2  -9 -9.0 -9  3  2
202601150800 108   5  2.0  -9 -9.0   -9 1002.7 1013.3 -9  -9.0   3.1  -2.8  65.0   5.0   -9.0   -9.0   -9.0   -9.0   -9.0   -9.0   -9.0 -9 -9 -                        9   9    8 Sc         0   0   5  2133  0.0  0.01 -9   0.3   0.0  -0.9  -0.5   0.1  -9 -9.0 -9  3  2
202601150900 108   5  2.1  -9 -9.0   -9 1002.9 1013.5  3   0.1   3.4  -2.1  67.0   5.2   -9.0   -9.0   -9.0   -9.0   -9.0   -9.0   -9.0 -9 -9 -                        9   9    9 Sc         0   0   5  2022  0.0  0.05 -9   0.3   0.0  -0.9  -0.4   0.1  -9 -9.0 -9  3  2
202601151000 108   5  1.1  -9 -9.0   -9 1003.0 1013.6 -9  -9.0   4.5  -1.1  67.0   5.6   -9.0   -9.0   -9.0   -9.0   -9.0   -9.0   -9.0 -9 -9 -                        9   9    9 Sc         0   0   5  1866  0.0  0.27 -9   0.4   0.1  -0.8  -0.5   0.1  -9 -9.0 -9  3  2
202601151100 108  20  1.1  -9 -9.0   -9 1003.3 1013.8 -9  -9.0   6.3   2.3  76.0   7.2   -9.0   -9.0   -9.0   -9.0   -9.0   -9.0   -9.0 10 22 19                       9   9    9 Sc         0   0   5   814  0.0  0.38 -9   0.5   0.2  -0.8  -0.5   0.1  -9 -9.0 -9  3  1
202601151200 108  25  1.9  -9 -9.0   -9 1003.2 1013.7  0   0.2   7.9   4.4  79.0   8.4   -9.0   -9.0   -9.0   -9.0   -9.0   -9.0   -9.0 10 22 19                       9   9    9 Sc         0   0   5   528  0.0  0.52 -9   1.7   0.3  -0.8  -0.4   0.2  -9 -9.0 -9  3  1
202601151300 108  27  1.8  -9 -9.0   -9 1002.7 1013.1 -9  -9.0   8.7   4.3  74.0   8.3   -9.0   -9.0   -9.0   -9.0   -9.0   -9.0   -9.0 10 22 19                       9   9   10 Sc         0   0   5   492  0.0  1.06 -9   5.0   0.4  -0.8  -0.5   0.2  -9 -9.0 -9  3  1
202601151400 108  27  2.1  -9 -9.0   -9 1002.4 1012.8 -9  -9.0   9.0   3.3  68.0   7.7   -9.0   -9.0   -9.0   -9.0   -9.0   -9.0   -9.0  5 22 4019                     8   8    6 Sc         0   0   5   465  0.1  0.86 -9   5.8   0.5  -0.8  -0.5   0.2  -9 -9.0 -9  3  1
202601151500 108  23  3.7  -9 -9.0   -9 1002.8 1013.2  5  -0.5   9.9   2.9  62.0   7.5   -9.0   -9.0   -9.0   -9.0   -9.0   -9.0   -9.0  5 22 40                       8   8    9 Sc         0   0   5   484  0.8  1.20 -9   6.6   0.6  -0.8  -0.5   0.2  -9 -9.0 -9  3  1
202601151600 108  27  2.9  -9 -9.0   -9 1003.5 1013.9 -9  -9.0   9.2   2.7  64.0   7.4   -9.0   -9.0   -9.0   -9.0   -9.0   -9.0   -9.0  5 22 40                       7   7   10 Sc         0   0   5   482  0.3  0.61 -9   4.1   0.6  -0.7  -0.5   0.1  -9 -9.0 -9  3  1
202601151700 108  27  3.3  -9 -9.0   -9 1004.9 1015.4 -9  -9.0   7.6   3.4  75.0   7.8   -9.0   -9.0   -9.0   -9.0   -9.0   -9.0   -9.0  5  0 40                       0   0   -9 -         -9  -9  -9   399  0.1  0.34 -9   1.8   0.5  -0.7  -0.5   0.2  -9 -9.0 -9  3  1
202601151800 108  29  3.9  -9 -9.0   -9 1005.7 1016.3  2   3.1   5.9   2.3  78.0   7.2   -9.0   -9.0   -9.0   -9.0   -9.0   -9.0   -9.0  5  0 40                       6   6    9 Sc         0   0   5   383  0.0  0.06 -9   0.6   0.4  -0.7  -0.4   0.1  -9 -9.0 -9  3  1
202601151900 108  25  3.0  -9 -9.0   -9 1007.0 1017.6 -9  -9.0   4.9   2.0  82.0   7.1   -9.0   -9.0   -9.0   -9.0   -9.0   -9.0   -9.0 -9 -9 4019                     0   0   -9 -         -9  -9  -9   318 -9.0 -9.00 -9   0.5   0.3  -0.7  -0.5   0.2  -9 -9.0 -9  3  2
202601152000 108  32  0.7  -9 -9.0   -9 1007.2 1017.8 -9  -9.0   4.3   1.4  82.0   6.8   -9.0   -9.0   -9.0   -9.0   -9.0   -9.0   -9.0 -9 -9 19                       0   0   -9 -         -9  -9  -9   293 -9.0 -9.00 -9   0.5   0.3  -0.7  -0.4   0.1  -9 -9.0 -9  3  2
202601152100 108  27  1.7  -9 -9.0   -9 1007.7 1018.4  2   2.1   3.6   1.4  86.0   6.8   -9.0   -9.0   -9.0   -9.0   -9.0   -9.0   -9.0 10  0 19                       0   0   -9 -         -9  -9  -9   258 -9.0 -9.00 -9   0.5   0.3  -0.7  -0.5   0.2  -9 -9.0 -9  3  1
202601152200 108  25  1.6  -9 -9.0   -9 1008.2 1018.9 -9  -9.0   3.0   1.0  87.0   6.6   -9.0   -9.0   -9.0   -9.0   -9.0   -9.0   -9.0 -9 -9 19                       0   0   -9 -         -9  -9  -9   256 -9.0 -9.00 -9   0.4   0.2  -0.7  -0.4   0.1  -9 -9.0 -9  3  2
202601152300 108  29  1.7  -9 -9.0   -9 1009.0 1019.7 -9  -9.0   2.9   1.4  90.0   6.8   -9.0   -9.0   -9.0   -9.0   -9.0   -9.0   -9.0 -9 -9 19                       0   0   -9 -         -9  -9  -9   249 -9.0 -9.00 -9   0.3   0.3  -0.7  -0.4   0.2  -9 -9.0 -9  3  2
202601160000 108   0  0.3  -9 -9.0   -9 1008.3 1019.0  0   0.6   2.2   0.5  89.0   6.3   -9.0   -9.0   -9.0   -9.0   -9.0   -9.0   -9.0 10  0 19                       0   0   -9 -         -9  -9  -9   217 -9.0 -9.00 -9   0.1   0.2  -0.7  -0.4   0.1  -9 -9.0 -9  3  1
202601160100 108   2  1.6  -9 -9.0   -9 1008.1 1018.9 -9  -9.0   1.5   0.0  90.0   6.1   -9.0   -9.0   -9.0   -9.0   -9.0   -9.0   -9.0 -9 -9 19                       0   0   -9 -         -9  -9  -9   170 -9.0 -9.00 -9  -0.1   0.2  -0.7  -0.4   0.2  -9 -9.0 -9  3  2
202601160200 108  36  1.2  -9 -9.0   -9 1008.5 1019.3 -9  -9.0   1.4   0.3  93.0   6.2   -9.0   -9.0   -9.0   -9.0   -9.0   -9.0   -9.0 -9 -9 19                       0   0   -9 -         -9  -9  -9   159 -9.0 -9.00 -9  -0.2   0.2  -0.7  -0.4   0.1  -9 -9.0 -9  3  2
202601160300 108   0  0.0  -9 -9.0   -9 1008.7 1019.5  3   0.5   1.0   0.0  93.0   6.1   -9.0   -9.0   -9.0   -9.0   -9.0   -9.0   -9.0 10  0 19                       0   0   -9 -         -9  -9  -9   179 -9.0 -9.00 -9  -0.3   0.2  -0.7  -0.5   0.2  -9 -9.0 -9  3  1
202601160400 108   5  0.6  -9 -9.0   -9 1008.7 1019.5 -9  -9.0   1.3   0.5  95.0   6.3   -9.0   -9.0   -9.0   -9.0   -9.0   -9.0   -9.0 10 22 19                       6   6    3 St         0   0   6   171 -9.0 -9.00 -9   0.2   0.3  -0.7  -0.5   0.3  -9 -9.0 -9  3  1
202601160500 108   5  1.2  -9 -9.0   -9 1008.8 1019.6 -9  -9.0   1.2   0.1  93.0   6.2   -9.0   -9.0   -9.0   -9.0   -9.0   -9.0   -9.0 10 22 19                      10  10    2 St        -9  -9   6   160 -9.0 -9.00 -9   0.3   0.3  -0.7  -0.5   0.2  -9 -9.0 -9  3  1
202601160600 108   7  1.7  -9 -9.0   -9 1008.9 1019.7  2   0.2   1.2   0.3  94.0   6.2   -9.0   -9.0   -9.0   -9.0   -9.0   -9.0   -9.0 47 42 1916                    10  10    2 -         -9  -9  -9    70 -9.0 -9.00 -9   0.4   0.2  -0.7  -0.4   0.1  -9 -9.0 -9  3  1
202601160700 108   5  3.1  -9 -9.0   -9 1009.0 1019.8 -9  -9.0   1.1   0.3  95.0   6.2   -9.0   -9.0   -9.0   -9.0   -9.0   -9.0   -9.0 45 44 16                      10  10    1 -         -9  -9  -9    64 -9.0 -9.00 -9   0.4   0.2  -0.7  -0.4   0.1  -9 -9.0 -9  3  1
202601160800 108   5  2.5  -9 -9.0   -9 1009.5 1020.3 -9  -9.0   1.0   0.4  96.0   6.3   -9.0   -9.0   -9.0   -9.0   -9.0   -9.0   -9.0 45 44 16                      10  10    5 -         -9  -9  -9    57  0.0  0.00 -9   0.4   0.2  -0.7  -0.4   0.1  -9 -9.0 -9  3  1
202601160900 108   5  2.4  -9 -9.0   -9 1010.0 1020.8  2   1.1   1.2   0.6  96.0   6.4   -9.0   -9.0   -9.0   -9.0   -9.0   -9.0   -9.0 28 42 1916                    10  10    6 St        -9  -9   6   114  0.0  0.06 -9   0.4   0.2  -0.7  -0.4   0.1  -9 -9.0 -9  3  1
202601161000 108   5  2.5  -9 -9.0   -9 1010.2 1021.0 -9  -9.0   1.7   0.6  93.0   6.4   -9.0   -9.0   -9.0   -9.0   -9.0   -9.0   -9.0 10 22 19                      10  10    6 St        -9  -9   6   202  0.0  0.28 -9   0.4   0.3  -0.7  -0.5   0.2  -9 -9.0 -9  3  1
202601161100 108   5  3.1  -9 -9.0   -9 1010.1 1020.8 -9  -9.0   2.8   1.0  88.0   6.6   -9.0   -9.0   -9.0   -9.0   -9.0   -9.0   -9.0 10 22 19                       9   9    7 St         0   0   6   253  0.0  0.72 -9   1.2   0.4  -0.7  -0.5   0.2  -9 -9.0 -9  3  1
202601161200 108   5  2.3  -9 -9.0   -9 1009.5 1020.2  8  -0.6   4.3   0.9  79.0   6.5   -9.0   -9.0   -9.0   -9.0   -9.0   -9.0   -9.0 10 22 19                       0   0   -9 -         -9  -9  -9   299  0.9  1.49 -9   3.1   0.4  -0.7  -0.5   0.3  -9 -9.0 -9  3  1
202601161300 108   7  1.6  -9 -9.0   -9 1008.5 1019.1 -9  -9.0   5.8   1.1  72.0   6.6   -9.0   -9.0   -9.0   -9.0   -9.0   -9.0   -9.0 10  0 19                       0   0   -9 -         -9  -9  -9   331  1.0  1.75 -9   5.3   0.5  -0.7  -0.5   0.2  -9 -9.0 -9  3  1
202601161400 108   9  1.5  -9 -9.0   -9 1007.5 1018.0 -9  -9.0   7.9   1.4  64.0   6.8   -9.0   -9.0   -9.0   -9.0   -9.0   -9.0   -9.0  5  0 4019                     0   0   -9 -         -9  -9  -9   417  1.0  1.71 -9   6.3   0.6  -0.6  -0.5   0.1  -9 -9.0 -9  3  1
202601161500 108  11  1.6  -9 -9.0   -9 1006.6 1017.0  7  -3.2   9.4   1.2  57.0   6.7   -9.0   -9.0   -9.0   -9.0   -9.0   -9.0   -9.0  5  0 40                       0   0   -9 -         -9  -9  -9   517  1.0  1.52 -9   5.9   0.7  -0.6  -0.5   0.1  -9 -9.0 -9  3  1
202601161600 108   5  2.0  -9 -9.0   -9 1006.6 1017.0 -9  -9.0   9.1   0.5  55.0   6.3   -9.0   -9.0   -9.0   -9.0   -9.0   -9.0   -9.0  5  0 40                       0   0   -9 -         -9  -9  -9   590  1.0  1.01 -9   3.6   0.7  -0.7  -0.5   0.3  -9 -9.0 -9  3  1
202601161700 108  27  2.2  -9 -9.0   -9 1007.0 1017.5 -9  -9.0   8.8  -0.2  53.0   6.0   -9.0   -9.0   -9.0   -9.0   -9.0   -9.0   -9.0  5  0 40                       0   0   -9 -         -9  -9  -9   738  0.7  0.44 -9   1.4   0.6  -0.6  -0.4   0.1  -9 -9.0 -9  3  1
202601161800 108  29  3.2  -9 -9.0   -9 1007.6 1018.2  2   1.2   5.2   0.5  72.0   6.3   -9.0   -9.0   -9.0   -9.0   -9.0   -9.0   -9.0  5  0 40                       0   0   -9 -         -9  -9  -9   332  0.0  0.07 -9  -0.2   0.4  -0.6  -0.4   0.2  -9 -9.0 -9  3  1
202601161900 108  20  1.6  -9 -9.0   -9 1007.5 1018.2 -9  -9.0   4.0   0.1  76.0   6.2   -9.0   -9.0   -9.0   -9.0   -9.0   -9.0   -9.0 -9 -9 40                       0   0   -9 -         -9  -9  -9   317 -9.0 -9.00 -9   0.6   0.3  -0.7  -0.5   0.2  -9 -9.0 -9  3  2
202601162000 108  25  2.1  -9 -9.0   -9 1007.8 1018.5 -9  -9.0   3.4  -0.2  77.0   6.0   -9.0   -9.0   -9.0   -9.0   -9.0   -9.0   -9.0 -9 -9 40                       0   0   -9 -         -9  -9  -9   313 -9.0 -9.00 -9   0.5   0.3  -0.7  -0.5   0.2  -9 -9.0 -9  3  2
202601162100 108  27  2.2  -9 -9.0   -9 1008.4 1019.1  2   0.9   3.6   0.4  80.0   6.3   -9.0   -9.0   -9.0   -9.0   -9.0   -9.0   -9.0 10  0 4019                     9   9   10 Sc         0   0   5   337 -9.0 -9.00 -9   0.5   0.3  -0.7  -0.4   0.1  -9 -9.0 -9  3  1
202601162200 108  27  2.0  -9 -9.0   -9 1008.4 1019.1 -9  -9.0   4.0   0.6  79.0   6.4   -9.0   -9.0   -9.0   -9.0   -9.0   -9.0   -9.0 -9 -9 19                       9   8    5 -         -9  -9  -9   333 -9.0 -9.00 -9   0.5   0.3  -0.7  -0.4   0.2  -9 -9.0 -9  3  2
202601162300 108  29  3.1  -9 -9.0   -9 1009.1 1019.8 -9  -9.0   3.6   0.0  77.0   6.1   -9.0   -9.0   -9.0   -9.0   -9.0   -9.0   -9.0 -9 -9 19                       9   9    5 -         -9  -9  -9   375 -9.0 -9.00 -9   0.5   0.4  -0.7  -0.5   0.2  -9 -9.0 -9  3  2
202601170000 108  27  1.3  -9 -9.0   -9 1009.1 1019.8  1   0.7   3.1  -0.7  76.0   5.8    0.0    0.0    0.0   -9.0   -9.0   -9.0   -9.0 21 62 1901                     9   9    5 Sc         0   0   5   444 -9.0 -9.00 -9   0.5   0.4  -0.6  -0.4   0.2  -9 -9.0 -9  4  1
202601170100 108  27  2.2  -9 -9.0   -9 1009.4 1020.1 -9  -9.0   2.7  -0.7  78.0   5.8   -9.0   -9.0   -9.0   -9.0   -9.0   -9.0   -9.0 -9 -9 19                       9   5   10 -         -9  -9  -9   441 -9.0 -9.00 -9   0.5   0.4  -0.6  -0.4   0.2  -9 -9.0 -9  3  2
202601170200 108  25  2.3  -9 -9.0   -9 1009.7 1020.5 -9  -9.0   1.9  -0.6  83.0   5.8   -9.0   -9.0   -9.0   -9.0   -9.0   -9.0   -9.0 -9 -9 19                       0   0   -9 -         -9  -9  -9   416 -9.0 -9.00 -9   0.5   0.3  -0.6  -0.4   0.1  -9 -9.0 -9  3  2
202601170300 108  29  3.2  -9 -9.0   -9 1010.3 1021.1  2   1.3   1.1  -1.6  82.0   5.4   -9.0   -9.0   -9.0   -9.0   -9.0   -9.0   -9.0 10 61 19                       4   0   -9 Ci         1   0   0   502 -9.0 -9.00 -9   0.3   0.2  -0.6  -0.4   0.0  -9 -9.0 -9  3  1
202601170400 108  27  2.7  -9 -9.0   -9 1010.1 1021.0 -9  -9.0  -0.2  -4.8  71.0   4.3   -9.0   -9.0   -9.0   -9.0   -9.0   -9.0   -9.0 10  0 19                       0   0   -9 -         -9  -9  -9   813 -9.0 -9.00 -9   0.0   0.3  -0.6  -0.4   0.2  -9 -9.0 -9  3  1
202601170500 108  27  3.0  -9 -9.0   -9 1010.0 1020.9 -9  -9.0  -1.0  -5.6  71.0   4.0   -9.0   -9.0   -9.0   -9.0   -9.0   -9.0   -9.0 10  0 19                       0   0   -9 -         -9  -9  -9   797 -9.0 -9.00 -9  -0.5   0.2  -0.6  -0.4   0.2  -9 -9.0 -9  3  1
202601170600 108  27  2.8  -9 -9.0   -9 1010.3 1021.2  3   0.1  -1.7  -5.2  77.0   4.2   -9.0   -9.0   -9.0   -9.0   -9.0   -9.0   -9.0 10  0 19                       0   0   -9 -         -9  -9  -9   624 -9.0 -9.00 -9  -0.7   0.2  -0.6  -0.4   0.2  -9 -9.0 -9  3  1
202601170700 108  25  3.1  -9 -9.0   -9 1011.0 1021.9 -9  -9.0  -2.1  -5.4  78.0   4.1   -9.0   -9.0   -9.0   -9.0   -9.0   -9.0   -9.0 10  0 19                       0   0   -9 -         -9  -9  -9   620 -9.0 -9.00 -9  -1.0   0.2  -0.6  -0.4   0.2  -9 -9.0 -9  3  1
202601170800 108  32  0.9  -9 -9.0   -9 1012.0 1023.0 -9  -9.0  -2.8  -5.7  80.0   4.0   -9.0   -9.0   -9.0   -9.0   -9.0   -9.0   -9.0 10  0 19                       2   2   10 Sc         0   0   5   555  0.0  0.00 -9  -1.0   0.2  -0.6  -0.4   0.2  -9 -9.0 -9  3  1
202601170900 108  29  3.1  -9 -9.0   -9 1012.5 1023.5  2   2.3  -2.6  -5.4  81.0   4.1   -9.0   -9.0   -9.0   -9.0   -9.0   -9.0   -9.0 10  0 19                       0   0   -9 -         -9  -9  -9   545  0.4  0.24 -9  -0.5   0.2  -0.6  -0.4   0.2  -9 -9.0 -9  3  1
202601171000 108  25  2.3  -9 -9.0   -9 1013.0 1023.9 -9  -9.0  -1.4  -5.2  75.0   4.2   -9.0   -9.0   -9.0   -9.0   -9.0   -9.0   -9.0 10  0 19                       0   0   -9 -         -9  -9  -9   629  1.0  0.71 -9   0.3   0.2  -0.6  -0.4   0.3  -9 -9.0 -9  3  1
202601171100 108  25  1.8  -9 -9.0   -9 1013.0 1023.9 -9  -9.0   0.3  -4.9  68.0   4.2   -9.0   -9.0   -9.0   -9.0   -9.0   -9.0   -9.0  5  0 4019                     0   0   -9 -         -9  -9  -9   709  1.0  1.39 -9   0.5   0.3  -0.6  -0.3   0.1  -9 -9.0 -9  3  1
202601171200 108  25  1.1  -9 -9.0   -9 1012.0 1022.8  8  -0.7   1.9  -4.6  62.0   4.3   -9.0   -9.0   -9.0   -9.0   -9.0   -9.0   -9.0  5  0 40                       0   0   -9 -         -9  -9  -9   718  1.0  1.74 -9   1.5   0.4  -0.6  -0.4   0.2  -9 -9.0 -9  3  1
202601171300 108  18  2.4  -9 -9.0   -9 1011.0 1021.7 -9  -9.0   3.3  -4.8  55.0   4.3   -9.0   -9.0   -9.0   -9.0   -9.0   -9.0   -9.0  5  0 40                       0   0   -9 -         -9  -9  -9   858  1.0  1.88 -9   2.9   0.6  -0.6  -0.4   0.3  -9 -9.0 -9  3  1
202601171400 108  25  2.5  -9 -9.0   -9 1010.9 1021.6 -9  -9.0   4.2  -6.1  47.0   3.9   -9.0   -9.0   -9.0   -9.0   -9.0   -9.0   -9.0 -9 -9 40                       0   0   -9 -         -9  -9  -9  1111  1.0  1.84 -9   3.4   0.6  -0.6  -0.4   0.2  -9 -9.0 -9  3  2
202601171500 108  25  2.4  -9 -9.0   -9 1010.8 1021.5  7  -1.3   4.7  -6.5  44.0   3.8   -9.0   -9.0   -9.0   -9.0   -9.0   -9.0   -9.0 -9 -9 -                        0   0   -9 -         -9  -9  -9  1186  1.0  1.58 -9   3.3   0.6  -0.6  -0.4   0.2  -9 -9.0 -9  3  2
202601171600 108  25  2.3  -9 -9.0   -9 1010.9 1021.6 -9  -9.0   4.4  -7.7  41.0   3.4   -9.0   -9.0   -9.0   -9.0   -9.0   -9.0   -9.0 -9 -9 -                        0   0   -9 -         -9  -9  -9  1521  1.0  1.12 -9   1.4   0.5  -0.6  -0.4   0.2  -9 -9.0 -9  3  2
202601171700 108  27  2.4  -9 -9.0   -9 1011.3 1022.0 -9  -9.0   3.1  -7.9  44.0   3.4   -9.0   -9.0   -9.0   -9.0   -9.0   -9.0   -9.0 -9 -9 -                        0   0   -9 -         -9  -9  -9  1673  1.0  0.50 -9   0.5   0.4  -0.6  -0.4   0.1  -9 -9.0 -9  3  2
202601171800 108  27  2.6  -9 -9.0   -9 1011.6 1022.4  2   0.9   1.4  -7.9  50.0   3.4   -9.0   -9.0   -9.0   -9.0   -9.0   -9.0   -9.0 -9 -9 -                        0   0   -9 -         -9  -9  -9  1626  0.2  0.08 -9   0.4   0.3  -0.6  -0.4   0.2  -9 -9.0 -9  3  2
202601171900 108  29  2.9  -9 -9.0   -9 1011.9 1022.7 -9  -9.0   0.5  -7.7  54.0   3.4   -9.0   -9.0   -9.0   -9.0   -9.0   -9.0   -9.0 -9 -9 -                        0   0   -9 -         -9  -9  -9  1677 -9.0 -9.00 -9   0.1   0.3  -0.6  -0.4   0.3  -9 -9.0 -9  3 -9
202601172000 108  27  2.6  -9 -9.0   -9 1011.9 1022.8 -9  -9.0  -0.4  -8.5  54.0   3.2   -9.0   -9.0   -9.0   -9.0   -9.0   -9.0   -9.0 -9 -9 -                        0   0   -9 -         -9  -9  -9  1870 -9.0 -9.00 -9  -0.3   0.2  -0.6  -0.4   0.2  -9 -9.0 -9  3 -9
202601172100 108  25  2.0  -9 -9.0   -9 1012.0 1022.9  2   0.5  -1.0  -8.4  57.0   3.2   -9.0   -9.0   -9.0   -9.0   -9.0   -9.0   -9.0 -9 -9 -                        0   0   -9 -         -9  -9  -9  1845 -9.0 -9.00 -9  -0.6   0.2  -0.6  -0.3   0.1  -9 -9.0 -9  3  2
202601172200 108  27  1.3  -9 -9.0   -9 1012.2 1023.1 -9  -9.0  -1.6  -8.3  60.0   3.3   -9.0   -9.0   -9.0   -9.0   -9.0   -9.0   -9.0 -9 -9 -                        0   0   -9 -         -9  -9  -9  1768 -9.0 -9.00 -9  -0.9   0.2  -0.6  -0.3   0.3  -9 -9.0 -9  3 -9
202601172300 108  23  0.6  -9 -9.0   -9 1012.0 1023.0 -9  -9.0  -2.2  -8.7  61.0   3.2   -9.0   -9.0   -9.0   -9.0   -9.0   -9.0   -9.0 -9 -9 -                        0   0   -9 -         -9  -9  -9  1715 -9.0 -9.00 -9  -1.1   0.1  -0.6  -0.3   0.2  -9 -9.0 -9  3 -9
202601180000 108   7  1.1  -9 -9.0   -9 1011.8 1022.8  8  -0.1  -2.5  -8.7  62.0   3.2   -9.0   -9.0   -9.0   -9.0   -9.0   -9.0   -9.0 -9 -9 -                        0   0   -9 -         -9  -9  -9  1742 -9.0 -9.00 -9  -1.3   0.1  -0.6  -0.3   0.3  -9 -9.0 -9  3  2
202601180100 108  25  1.0  -9 -9.0   -9 1011.9 1022.9 -9  -9.0  -2.5  -7.6  68.0   3.5   -9.0   -9.0   -9.0   -9.0   -9.0   -9.0   -9.0 -9 -9 -                        0   0   -9 -         -9  -9  -9  1510 -9.0 -9.00 -9  -1.5   0.1  -0.6  -0.3   0.3  -9 -9.0 -9  3 -9
202601180200 108   5  1.0  -9 -9.0   -9 1012.0 1023.0 -9  -9.0  -3.0  -8.8  64.0   3.1   -9.0   -9.0   -9.0   -9.0   -9.0   -9.0   -9.0 -9 -9 -                        0   0   -9 -         -9  -9  -9  1638 -9.0 -9.00 -9  -1.8   0.0  -0.5  -0.3   0.3  -9 -9.0 -9  3 -9
202601180300 108  34  0.8  -9 -9.0   -9 1012.7 1023.7  2   0.9  -2.9  -7.6  70.0   3.5   -9.0   -9.0   -9.0   -9.0   -9.0   -9.0   -9.0 -9 -9 -                        0   0   -9 -         -9  -9  -9  1444 -9.0 -9.00 -9  -2.0   0.0  -0.5  -0.3   0.3  -9 -9.0 -9  3  2
202601180400 108   5  1.2  -9 -9.0   -9 1012.5 1023.5 -9  -9.0  -3.4  -8.4  68.0   3.2   -9.0   -9.0   -9.0   -9.0   -9.0   -9.0   -9.0 -9 -9 -                        0   0   -9 -         -9  -9  -9  1531 -9.0 -9.00 -9  -2.3   0.0  -0.5  -0.2   0.4  -9 -9.0 -9  3  2
202601180500 108   5  1.7  -9 -9.0   -9 1012.2 1023.2 -9  -9.0  -3.6  -9.2  65.0   3.0   -9.0   -9.0   -9.0   -9.0   -9.0   -9.0   -9.0 -9 -9 -                        7   7   33 Ac         0   3   0  1701 -9.0 -9.00 -9  -2.1  -0.1  -0.5  -0.1   0.3  -9 -9.0 -9  3  2
202601180600 108   7  2.5  -9 -9.0   -9 1011.8 1022.8  7  -0.9  -2.9  -8.3  66.0   3.3   -9.0   -9.0   -9.0   -9.0   -9.0   -9.0   -9.0 -9 -9 -                        9   9   28 Ac         0   3   0  1582 -9.0 -9.00 -9  -1.6  -0.1  -0.5  -0.2   0.4  -9 -9.0 -9  3  2
202601180700 108   5  2.8  -9 -9.0   -9 1011.7 1022.6 -9  -9.0  -2.0  -8.3  62.0   3.3   -9.0   -9.0   -9.0   -9.0   -9.0   -9.0   -9.0 -9 -9 -                        9   9   25 Ac         0   3   0  1515 -9.0 -9.00 -9  -1.0   0.0  -0.5  -0.1   0.4  -9 -9.0 -9  3  2
202601180800 108  34  0.7  -9 -9.0   -9 1012.0 1022.9 -9  -9.0  -1.4  -8.1  60.0   3.3   -9.0   -9.0   -9.0   -9.0   -9.0   -9.0   -9.0 -9 -9 -                        9   9   25 Ac         0   3   0  1501  0.0  0.00 -9  -0.6   0.1  -0.5  -0.2   0.3  -9 -9.0 -9  3  2
202601180900 108  27  2.2  -9 -9.0   -9 1012.6 1023.5  3   0.7  -1.2  -8.2  59.0   3.3   -9.0   -9.0   -9.0   -9.0   -9.0   -9.0   -9.0 -9 -9 -                        9   5   18 ScAc       0   3   5  1535  0.0  0.05 -9  -0.3   0.1  -0.6  -0.3   0.4  -9 -9.0 -9  3  2
202601181000 108  34  0.5  -9 -9.0   -9 1012.7 1023.6 -9  -9.0  -0.7  -7.5  60.0   3.5   -9.0   -9.0   -9.0   -9.0   -9.0   -9.0   -9.0 -9 -9 -                        9   3   18 ScAc       0   3   5  1565  0.0  0.11 -9   0.1   0.1  -0.6  -0.2   0.3  -9 -9.0 -9  3  2
202601181100 108   0  0.2  -9 -9.0   -9 1012.6 1023.5 -9  -9.0   0.1  -7.2  58.0   3.6   -9.0   -9.0   -9.0   -9.0   -9.0   -9.0   -9.0 -9 -9 -                        9   4   18 ScAc       0   3   5  1451  0.0  0.17 -9   0.3   0.2  -0.6  -0.3   0.4  -9 -9.0 -9  3  2
202601181200 108   5  1.7  -9 -9.0   -9 1011.8 1022.6  8  -0.9   0.8  -7.4  54.0   3.5   -9.0   -9.0   -9.0   -9.0   -9.0   -9.0   -9.0 -9 -9 -                        9   5   18 ScAc       0   3   5  1380  0.0  0.23 -9   0.5   0.2  -0.6  -0.3   0.2  -9 -9.0 -9  3  2
202601181300 108   7  2.1  -9 -9.0   -9 1010.5 1021.3 -9  -9.0   1.2  -7.3  53.0   3.5   -9.0   -9.0   -9.0   -9.0   -9.0   -9.0   -9.0 -9 -9 -                        9   7   17 ScAc       0   3   5  1329  0.0  0.32 -9   0.5   0.3  -0.6  -0.3   0.4  -9 -9.0 -9  3  2
202601181400 108   7  1.9  -9 -9.0   -9 1010.9 1021.7 -9  -9.0   2.2  -7.4  49.0   3.5   -9.0   -9.0   -9.0   -9.0   -9.0   -9.0   -9.0 -9 -9 -                        9   7   18 ScAc       0   3   5  1505  0.0  0.58 -9   0.9   0.4  -0.6  -0.3   0.4  -9 -9.0 -9  3  2
202601181500 108   7  2.6  -9 -9.0   -9 1010.1 1020.8  7  -1.8   3.0  -7.5  46.0   3.5   -9.0   -9.0   -9.0   -9.0   -9.0   -9.0   -9.0 -9 -9 -                        9   9   30 Ac         0   3   0  1812  0.0  0.56 -9   1.5   0.4  -0.6  -0.3   0.3  -9 -9.0 -9  3  2
202601181600 108   7  1.1  -9 -9.0   -9 1010.5 1021.2 -9  -9.0   2.8  -7.4  47.0   3.5   -9.0   -9.0   -9.0   -9.0   -9.0   -9.0   -9.0 -9 -9 -                        9   9   25 Ac         0   3   0  1768  0.0  0.30 -9   0.9   0.4  -0.6  -0.3   0.3  -9 -9.0 -9  3  2
202601181700 108   7  1.6  -9 -9.0   -9 1010.5 1021.2 -9  -9.0   2.8  -6.8  49.0   3.7   -9.0   -9.0   -9.0   -9.0   -9.0   -9.0   -9.0 -9 -9 -                        9   9   25 Ac         0   3   0  1955  0.0  0.13 -9   0.4   0.3  -0.6  -0.3   0.2  -9 -9.0 -9  3  2
202601181800 108   2  0.7  -9 -9.0   -9 1011.1 1021.8  2   1.0   2.6  -6.2  52.0   3.8   -9.0   -9.0   -9.0   -9.0   -9.0   -9.0   -9.0 -9 -9 -                        9   7   11 ScAc       0   3   5  1792  0.0  0.01 -9   0.3   0.2  -0.6  -0.2   0.2  -9 -9.0 -9  3  2
202601181900 108   5  1.8  -9 -9.0   -9 1011.4 1022.2 -9  -9.0   2.5  -5.6  55.0   4.0   -9.0    0.0    0.0   -9.0   -9.0   -9.0   -9.0 70 72 05                       9   9   10 Sc         0   0   5  1686 -9.0 -9.00 -9   0.4   0.2  -0.6  -0.2   0.2  -9 -9.0 -9  4  1
202601182000 108   7  1.0  -9 -9.0   -9 1012.1 1022.9 -9  -9.0   2.4  -4.1  62.0   4.5   -9.0    0.0    0.0   -9.0   -9.0   -9.0   -9.0 22 72 05                       9   9   15 Sc         0   0   5  2064 -9.0 -9.00 -9   0.4   0.2  -0.6  -0.2   0.3  -9 -9.0 -9  4  1
202601182100 108   2  1.8  -9 -9.0   -9 1011.9 1022.7  0   0.9   2.5  -3.2  66.0   4.8    0.0    0.0    0.0   -9.0   -9.0   -9.0   -9.0 -9 72 -                        9   9   14 Sc         0   0   5  1804 -9.0 -9.00 -9   0.4   0.2  -0.6  -0.3   0.3  -9 -9.0 -9  3  1
202601182200 108  25  0.6  -9 -9.0   -9 1012.0 1022.8 -9  -9.0   2.5  -3.2  66.0   4.8   -9.0    0.0    0.0   -9.0   -9.0   -9.0   -9.0 70 72 05                      10   6   13 ScAs      -9   2   5  1706 -9.0 -9.00 -9   0.4   0.2  -0.6  -0.3   0.3  -9 -9.0 -9  4  1
202601182300 108  25  1.8  -9 -9.0   -9 1012.6 1023.4 -9  -9.0   2.1  -3.4  67.0   4.8   -9.0    0.0    0.0   -9.0   -9.0   -9.0   -9.0 70 77 05                      10   4   16 ScAs      -9   2   5  1405 -9.0 -9.00 -9   0.4   0.2  -0.6  -0.3   0.3  -9 -9.0 -9  4  1
202601190000 108  27  2.8  -9 -9.0   -9 1012.4 1023.2  0   0.5   1.6  -3.1  71.0   4.9    0.0    0.0    0.0   -9.0   -9.0   -9.0   -9.0 70 77 05                      10   5   11 ScAs      -9   2   5  1267 -9.0 -9.00 -9   0.4   0.2  -0.6  -0.3   0.3  -9 -9.0 -9  4  1
202601190100 108  27  2.5  -9 -9.0   -9 1012.1 1022.9 -9  -9.0   1.1  -2.8  75.0   5.0   -9.0    0.0    0.0   -9.0   -9.0   -9.0   -9.0 70 77 05                      10   6   11 ScAs      -9   2   5  1107 -9.0 -9.00 -9   0.4   0.2  -0.6  -0.2   0.3  -9 -9.0 -9  4  1
202601190200 108  25  2.0  -9 -9.0   -9 1012.2 1023.0 -9  -9.0   0.5  -2.2  82.0   5.2   -9.0    0.0    0.0   -9.0   -9.0   -9.0   -9.0 71 77 05                      10   7    8 StNs      -9   2   7   459 -9.0 -9.00 -9   0.5   0.3  -0.6  -0.4   0.3  -9 -9.0 -9  4  1
202601190300 108  27  2.5  -9 -9.0   -9 1012.7 1023.6  3   0.4   0.0  -1.7  88.0   5.4    0.4    0.4    0.4   -9.0    0.4    0.4    0.4 71 77 05                      10   5    2 StNs      -9   2   7   202 -9.0 -9.00 -9   0.5   0.3  -0.6  -0.3   0.3  -9 -9.0 -9  4  1
202601190400 108  27  3.0  -9 -9.0   -9 1012.3 1023.2 -9  -9.0  -0.9  -2.4  89.0   5.1   -9.0    0.7    0.7   -9.0   -9.0    0.8    0.8 71 77 05                      10   7    5 StNs      -9   2   7   183 -9.0 -9.00 -9   0.5   0.3  -0.6  -0.2   0.3  -9 -9.0 -9  4  1
202601190500 108  27  1.9  -9 -9.0   -9 1012.3 1023.2 -9  -9.0  -1.3  -3.0  88.0   4.9   -9.0    0.9    0.9   -9.0   -9.0    1.1    1.1 71 77 05                      10   7    7 StNs      -9   2   7   230 -9.0 -9.00 -9   0.4   0.2  -0.6  -0.3   0.3  -9 -9.0 -9  4  1
202601190600 108  27  2.6  -9 -9.0   -9 1012.3 1023.2  6  -0.4  -1.6  -3.3  88.0   4.8    0.6    1.0    1.0   -9.0    0.9    1.3    1.3 71 77 05                      10   8    8 StNs      -9   2   7   371 -9.0 -9.00 -9   0.4   0.2  -0.6  -0.2   0.3  -9 -9.0 -9  4  1
202601190700 108  27  3.1  -9 -9.0   -9 1013.1 1024.0 -9  -9.0  -1.7  -3.8  85.0   4.6   -9.0    1.0    1.0   -9.0   -9.0    1.3    1.3 70 77 05                      10   5    9 ScAs      -9   2   5   570 -9.0 -9.00 -9   0.4   0.2  -0.6  -0.2   0.3  -9 -9.0 -9  4  1
202601190800 108  29  3.6  -9 -9.0   -9 1013.9 1024.9 -9  -9.0  -2.1  -7.0  69.0   3.6   -9.0    1.0    1.0   -9.0   -9.0    1.2    1.2 22 72 05                      10   7   10 ScAs      -9   2   5  1275  0.0  0.01 -9   0.3   0.2  -0.6  -0.2   0.3  -9 -9.0 -9  4  1
202601190900 108  27  2.3  -9 -9.0   -9 1013.5 1024.5  0   1.3  -2.3  -8.6  62.0   3.2    0.0    1.0    1.0   -9.0    0.0    1.2    1.2 -9 71 -                        1   1   10 Sc         0   0   5  1395  0.0  0.15 -9   0.2   0.2  -0.6  -0.2   0.3  -9 -9.0 -9  3  1
202601191000 108  29  4.5  -9 -9.0   -9 1013.7 1024.7 -9  -9.0  -2.4 -10.4  54.0   2.8   -9.0    1.0    1.0   -9.0   -9.0    1.2    1.2 -9 -9 -                        6   0   -9 Ci         1   0   0  1799  0.8  0.64 -9   0.3   0.1  -0.6  -0.3   0.3  -9 -9.0 -9  3  2
202601191100 108  25  4.9  -9 -9.0   -9 1014.0 1025.0 -9  -9.0  -2.1 -11.4  49.0   2.6   -9.0    1.0    1.0   -9.0   -9.0    1.0    1.0 -9 -9 -                        7   0   -9 Ci         2   0   0  2467  0.8  1.14 -9   0.4   0.1  -0.6  -0.2   0.3  -9 -9.0 -9  3  2
202601191200 108  29  4.3  -9 -9.0   -9 1013.9 1024.9  0   0.4  -2.5 -10.7  53.0   2.7   -9.0    1.0    1.0   -9.0   -9.0    0.9    0.9 -9 -9 -                        6   0   -9 Ci         2   0   0  2241  0.6  1.24 -9   0.4   0.1  -0.6  -0.3   0.4  -9 -9.0 -9  3  2
202601191300 108  29  4.2  -9 -9.0   -9 1013.0 1024.0 -9  -9.0  -2.6 -11.3  51.0   2.6   -9.0    1.0    1.0   -9.0   -9.0    0.5    0.5 -9 -9 -                        7   0   -9 Ci         2   0   0  2359  0.6  1.51 -9   0.5   0.3  -0.6  -0.3   0.3  -9 -9.0 -9  3  2
202601191400 108  29  4.1  -9 -9.0   -9 1013.1 1024.1 -9  -9.0  -2.6 -11.6  50.0   2.5   -9.0    1.0    1.0   -9.0   -9.0    0.2    0.2 -9 -9 -                        0   0   -9 -         -9  -9  -9  2505  0.9  1.77 -9   0.6   0.3  -0.6  -0.3   0.3  -9 -9.0 -9  3  2
202601191500 108  29  4.1  -9 -9.0   -9 1013.1 1024.1  5  -0.8  -2.0 -11.5  48.0   2.5   -9.0    1.0    1.0   -9.0   -9.0   -9.0   -9.0 -9 -9 -                        1   0   -9 Ci         1   0   0  2502  1.0  1.66 -9   0.6   0.2  -0.6  -0.3   0.3  -9 -9.0 -9  3  2
202601191600 108  29  4.7  -9 -9.0   -9 1014.0 1025.0 -9  -9.0  -3.0 -15.6  37.0   1.8   -9.0    1.0    1.0   -9.0   -9.0   -9.0   -9.0 -9 -9 -                        4   0   -9 Ci         1   0   0  3456  1.0  1.05 -9   0.5   0.1  -0.6  -0.3   0.3  -9 -9.0 -9  3  2
202601191700 108  29  4.6  34 10.0 1700 1014.5 1025.6 -9  -9.0  -4.3 -17.5  35.0   1.6   -9.0    1.0    1.0   -9.0   -9.0   -9.0   -9.0 -9 -9 -                        7   0   -9 Ci         1   0   0  3501  0.4  0.41 -9   0.5   0.1  -0.6  -0.3   0.3  -9 -9.0 -9  3  2
202601191800 108  29  4.7  34 10.0 1700 1015.0 1026.1  2   2.0  -5.2 -19.0  33.0   1.4   -9.0    1.0    1.0   -9.0   -9.0   -9.0   -9.0 -9 -9 -                        4   0   -9 Ci         1   0   0  3602  0.0  0.08 -9  -0.3   0.0  -0.6  -0.2   0.4  -9 -9.0 -9  3  2
202601191900 108  29  4.9  -9 -9.0   -9 1015.8 1027.0 -9  -9.0  -6.6 -18.5  38.0   1.4   -9.0    1.0    1.0   -9.0   -9.0   -9.0   -9.0 -9 -9 -                        0   0   -9 -         -9  -9  -9  3660 -9.0 -9.00 -9  -1.4  -0.2  -0.5  -0.1   0.4  -9 -9.0 -9  3 -9
202601192000 108  29  4.0  -9 -9.0   -9 1016.6 1027.8 -9  -9.0  -7.6 -17.7  44.0   1.5   -9.0    1.0    1.0   -9.0   -9.0   -9.0   -9.0 -9 -9 -                        4   4   53 -         -9  -9  -9  3079 -9.0 -9.00 -9  -2.1  -0.4  -0.5   0.0   0.5  -9 -9.0 -9  3 -9
202601192100 108  34  2.8  34 10.0 1700 1017.3 1028.6  2   2.5  -8.2 -18.0  45.0   1.5   -9.0    1.0    1.0   -9.0   -9.0   -9.0   -9.0 -9 -9 -                        9   0   -9 Ci         2   0   0  3011 -9.0 -9.00 -9  -2.4  -0.5  -0.6   0.0   0.6  -9 -9.0 -9  3  2
202601192200 108  32  4.0  -9 -9.0   -9 1017.0 1028.3 -9  -9.0  -8.5 -18.0  46.0   1.5   -9.0    1.0    1.0   -9.0   -9.0   -9.0   -9.0 -9 -9 -                        9   9   45 -         -9  -9  -9  2953 -9.0 -9.00 -9  -3.4  -0.7  -0.6   0.1   0.5  -9 -9.0 -9  3 -9
202601192300 108  34  2.3  -9 -9.0   -9 1017.7 1029.0 -9  -9.0  -9.2 -18.4  47.0   1.4   -9.0    1.0    1.0   -9.0   -9.0   -9.0   -9.0 -9 -9 -                        0   0   -9 -         -9  -9  -9  2900 -9.0 -9.00 -9  -4.2  -0.9  -0.6   0.1   0.6  -9 -9.0 -9  3 -9
202601200000 108   7  1.5  -9 -9.0   -9 1018.2 1029.5  3   0.9  -9.8 -19.5  45.0   1.3   -9.0    1.0    1.0   -9.0   -9.0   -9.0   -9.0 -9 -9 -                        5   0   -9 Ci         1   0   0  2851 -9.0 -9.00 -9  -4.5  -1.1  -0.7   0.2   0.8  -9 -9.0 -9  3  2
202601200100 108  18  1.9  -9 -9.0   -9 1018.0 1029.4 -9  -9.0 -10.0 -19.4  46.0   1.3   -9.0   -9.0   -9.0   -9.0   -9.0   -9.0   -9.0 -9 -9 -                       10   8   58 -         -9  -9  -9  3150 -9.0 -9.00 -9  -4.5  -1.3  -0.7   0.3   0.9  -9 -9.0 -9  3 -9
202601200200 108  29  4.1  -9 -9.0   -9 1018.5 1029.9 -9  -9.0 -10.0 -19.9  44.0   1.3   -9.0   -9.0   -9.0   -9.0   -9.0   -9.0   -9.0 -9 -9 -                       10   9   57 -         -9  -9  -9  3316 -9.0 -9.00 -9  -4.6  -1.4  -0.9   0.2   0.8  -9 -9.0 -9  3 -9
202601200300 108  27  1.0  -9 -9.0   -9 1018.6 1030.0  3   0.5 -10.3 -19.9  45.0   1.3   -9.0   -9.0   -9.0   -9.0   -9.0   -9.0   -9.0 -9 -9 -                        9   0   -9 Ci         2   0   0  3238 -9.0 -9.00 -9  -4.5  -1.5  -1.1   0.2   0.8  -9 -9.0 -9  3  2
202601200400 108  29  2.6  -9 -9.0   -9 1018.2 1029.6 -9  -9.0 -10.3 -20.2  44.0   1.2   -9.0   -9.0   -9.0   -9.0   -9.0   -9.0   -9.0 -9 -9 -                        7   0   -9 Ci         1   0   0  3480 -9.0 -9.00 -9  -4.7  -1.6  -1.2   0.2   0.8  -9 -9.0 -9  3  2
202601200500 108  29  3.8  -9 -9.0   -9 1018.5 1029.9 -9  -9.0 -10.5 -20.6  43.0   1.2   -9.0   -9.0   -9.0   -9.0   -9.0   -9.0   -9.0 -9 -9 -                        4   0   -9 Ci         1   0   0  3765 -9.0 -9.00 -9  -5.3  -1.7  -1.3   0.2   0.8  -9 -9.0 -9  3  2
202601200600 108  29  2.2  -9 -9.0   -9 1018.6 1030.0  4   0.0 -11.0 -20.6  45.0   1.2   -9.0   -9.0   -9.0   -9.0   -9.0   -9.0   -9.0 -9 -9 -                        5   0   -9 Ci         1   0   0  3644 -9.0 -9.00 -9  -5.8  -1.9  -1.4   0.2   0.7  -9 -9.0 -9  3  2
202601200700 108  27  2.0  -9 -9.0   -9 1018.7 1030.1 -9  -9.0 -11.6 -21.1  45.0   1.1   -9.0   -9.0   -9.0   -9.0   -9.0   -9.0   -9.0 -9 -9 -                        1   0   -9 Ci         1   0   0  3501 -9.0 -9.00 -9  -6.0  -2.1  -1.5   0.2   0.7  -9 -9.0 -9  3  2
202601200800 108  29  2.8  -9 -9.0   -9 1019.1 1030.5 -9  -9.0 -11.8 -21.3  45.0   1.1   -9.0   -9.0   -9.0   -9.0   -9.0   -9.0   -9.0 -9 -9 -                        2   0   -9 Ci         1   0   0  3435  0.0  0.00 -9  -6.3  -2.2  -1.6   0.2   0.8  -9 -9.0 -9  3  2
202601200900 108  29  3.1  -9 -9.0   -9 1019.6 1031.0  2   1.0 -11.5 -20.8  46.0   1.2   -9.0   -9.0   -9.0   -9.0   -9.0   -9.0   -9.0 -9 -9 -                        2   0   -9 Ci         1   0   0  3219  0.6  0.28 -9  -5.6  -2.3  -1.7   0.2   0.7  -9 -9.0 -9  3  2
202601201000 108  29  2.7  -9 -9.0   -9 1019.8 1031.2 -9  -9.0 -10.1 -20.0  44.0   1.3   -9.0   -9.0   -9.0   -9.0   -9.0   -9.0   -9.0 -9 -9 -                        3   0   -9 Ci         1   0   0  3601  1.0  0.96 -9  -3.2  -2.1  -1.8   0.1   0.7  -9 -9.0 -9  3  2
202601201100 108  29  3.0  -9 -9.0   -9 1019.8 1031.1 -9  -9.0  -9.1 -20.5  39.0   1.2   -9.0   -9.0   -9.0   -9.0   -9.0   -9.0   -9.0 -9 -9 -                        2   0   -9 Ci         1   0   0  3178  1.0  1.59 -9  -1.4  -1.7  -1.7   0.1   0.6  -9 -9.0 -9  3  2
202601201200 108  27  2.5  -9 -9.0   -9 1018.8 1030.0  8  -1.0  -7.3 -19.5  37.0   1.3   -9.0   -9.0   -9.0   -9.0   -9.0   -9.0   -9.0 -9 -9 -                        0   0   -9 -         -9  -9  -9  3279  1.0  2.01 -9  -0.3  -1.4  -1.6   0.0   0.6  -9 -9.0 -9  3  2
202601201300 108  27  2.4  -9 -9.0   -9 1017.7 1028.9 -9  -9.0  -5.9 -18.9  35.0   1.4   -9.0   -9.0   -9.0   -9.0   -9.0   -9.0   -9.0 -9 -9 -                        0   0   -9 -         -9  -9  -9  3759  1.0  2.22 -9  -0.2  -1.4  -1.4  -0.1   0.7  -9 -9.0 -9  3  2
202601201400 108  29  2.8  -9 -9.0   -9 1017.1 1028.2 -9  -9.0  -5.1 -18.2  35.0   1.5   -9.0   -9.0   -9.0   -9.0   -9.0   -9.0   -9.0 -9 -9 -                        0   0   -9 -         -9  -9  -9  3163  1.0  2.16 -9   0.0  -1.1  -1.3   0.0   0.5  -9 -9.0 -9  3  2
202601201500 108  27  3.2  -9 -9.0   -9 1016.6 1027.7  7  -2.3  -3.8 -17.4  34.0   1.6   -9.0   -9.0   -9.0   -9.0   -9.0   -9.0   -9.0 -9 -9 -                        0   0   -9 -         -9  -9  -9  3035  1.0  1.86 -9   0.1  -0.7  -1.1  -0.1   0.6  -9 -9.0 -9  3  2
202601201600 108  27  3.2  -9 -9.0   -9 1016.5 1027.6 -9  -9.0  -4.0 -17.5  34.0   1.6   -9.0   -9.0   -9.0   -9.0   -9.0   -9.0   -9.0 -9 -9 -                        0   0   -9 -         -9  -9  -9  2910  1.0  1.37 -9  -0.5  -0.7  -1.0   0.0   0.6  -9 -9.0 -9  3  2
202601201700 108  27  3.3  -9 -9.0   -9 1016.3 1027.4 -9  -9.0  -4.8 -17.6  36.0   1.5   -9.0   -9.0   -9.0   -9.0   -9.0   -9.0   -9.0 -9 -9 -                        0   0   -9 -         -9  -9  -9  2858  1.0  0.66 -9  -1.5  -0.8  -0.9   0.1   0.6  -9 -9.0 -9  3  2
202601201800 108  25  3.5  -9 -9.0   -9 1016.5 1027.7  4   0.0  -6.1 -17.2  41.0   1.6   -9.0   -9.0   -9.0   -9.0   -9.0   -9.0   -9.0 -9 -9 -                        0   0   -9 -         -9  -9  -9  2727  0.3  0.11 -9  -2.6  -1.1  -0.9   0.2   0.8  -9 -9.0 -9  3  2
202601201900 108  25  2.9  -9 -9.0   -9 1017.0 1028.2 -9  -9.0  -6.9 -17.4  43.0   1.6   -9.0   -9.0   -9.0   -9.0   -9.0   -9.0   -9.0 -9 -9 -                        0   0   -9 -         -9  -9  -9  2869 -9.0 -9.00 -9  -3.4  -1.3  -1.0   0.2   0.8  -9 -9.0 -9  3 -9
202601202000 108  32  1.7  -9 -9.0   -9 1017.0 1028.2 -9  -9.0  -7.5 -17.6  44.0   1.5   -9.0   -9.0   -9.0   -9.0   -9.0   -9.0   -9.0 -9 -9 -                        0   0   -9 -         -9  -9  -9  2767 -9.0 -9.00 -9  -3.5  -1.6  -1.1   0.2   0.7  -9 -9.0 -9  3 -9
202601202100 108  29  2.0  -9 -9.0   -9 1017.5 1028.8  2   1.1  -7.9 -18.0  44.0   1.5   -9.0   -9.0   -9.0   -9.0   -9.0   -9.0   -9.0 -9 -9 -                        0   0   -9 -         -9  -9  -9  2756 -9.0 -9.00 -9  -5.2  -1.8  -1.3   0.3   0.9  -9 -9.0 -9  3  2
202601202200 108  32  2.1  -9 -9.0   -9 1017.6 1028.9 -9  -9.0  -8.4 -17.4  48.0   1.6   -9.0   -9.0   -9.0   -9.0   -9.0   -9.0   -9.0 -9 -9 -                        0   0   -9 -         -9  -9  -9  2276 -9.0 -9.00 -9  -5.7  -2.0  -1.4   0.2   0.9  -9 -9.0 -9  3 -9
202601202300 108  29  1.8  -9 -9.0   -9 1017.7 1029.0 -9  -9.0  -8.9 -17.4  50.0   1.6   -9.0   -9.0   -9.0   -9.0   -9.0   -9.0   -9.0 -9 -9 -                        0   0   -9 -         -9  -9  -9  2419 -9.0 -9.00 -9  -6.1  -2.1  -1.5   0.3   0.8  -9 -9.0 -9  3 -9
202601210000 108  29  1.9  -9 -9.0   -9 1017.9 1029.2  2   0.4  -9.4 -17.0  54.0   1.6   -9.0   -9.0   -9.0   -9.0   -9.0   -9.0   -9.0 -9 -9 -                        0   0   -9 -         -9  -9  -9  2478 -9.0 -9.00 -9  -6.4  -2.3  -1.7   0.2   0.9  -9 -9.0 -9  3  2
202601210100 108  32  2.8  -9 -9.0   -9 1017.5 1028.8 -9  -9.0  -9.9 -16.8  57.0   1.6   -9.0   -9.0   -9.0   -9.0   -9.0   -9.0   -9.0 -9 -9 -                        0   0   -9 -         -9  -9  -9  2424 -9.0 -9.00 -9  -6.6  -2.4  -1.7   0.2   0.7  -9 -9.0 -9  3 -9
202601210200 108  27  2.1  -9 -9.0   -9 1018.1 1029.5 -9  -9.0 -10.6 -17.2  58.0   1.6   -9.0   -9.0   -9.0   -9.0   -9.0   -9.0   -9.0 -9 -9 -                        0   0   -9 -         -9  -9  -9  2471 -9.0 -9.00 -9  -6.9  -2.5  -1.9   0.3   1.0  -9 -9.0 -9  3 -9
202601210300 108  27  2.4  -9 -9.0   -9 1018.5 1029.9  3   0.7 -11.1 -17.7  58.0   1.5   -9.0   -9.0   -9.0   -9.0   -9.0   -9.0   -9.0 -9 -9 -                        0   0   -9 -         -9  -9  -9  2489 -9.0 -9.00 -9  -7.1  -2.7  -2.0   0.2   1.0  -9 -9.0 -9  3  2
202601210400 108  29  1.1  -9 -9.0   -9 1018.2 1029.6 -9  -9.0 -11.4 -17.4  61.0   1.6   -9.0   -9.0   -9.0   -9.0   -9.0   -9.0   -9.0 -9 -9 -                        0   0   -9 -         -9  -9  -9  2794 -9.0 -9.00 -9  -7.2  -2.8  -2.0   0.1   1.0  -9 -9.0 -9  3  2
202601210500 108  27  1.9  -9 -9.0   -9 1017.8 1029.2 -9  -9.0 -11.8 -17.6  62.0   1.5   -9.0   -9.0   -9.0   -9.0   -9.0   -9.0   -9.0 -9 -9 -                        0   0   -9 -         -9  -9  -9  2802 -9.0 -9.00 -9  -7.4  -3.0  -2.1   0.2   0.7  -9 -9.0 -9  3  2
202601210600 108  27  1.6  -9 -9.0   -9 1017.1 1028.5  7  -1.4 -11.9 -17.9  61.0   1.5   -9.0   -9.0   -9.0   -9.0   -9.0   -9.0   -9.0 -9 -9 -                        0   0   -9 -         -9  -9  -9  2952 -9.0 -9.00 -9  -7.5  -3.0  -2.2   0.2   0.8  -9 -9.0 -9  3  2
202601210700 108  29  1.8  -9 -9.0   -9 1017.2 1028.6 -9  -9.0 -12.1 -18.1  61.0   1.5   -9.0   -9.0   -9.0   -9.0   -9.0   -9.0   -9.0 -9 -9 -                        0   0   -9 -         -9  -9  -9  2961 -9.0 -9.00 -9  -7.6  -3.1  -2.3   0.1   0.8  -9 -9.0 -9  3  2
202601210800 108  29  1.5  -9 -9.0   -9 1017.4 1028.8 -9  -9.0 -12.1 -18.4  59.0   1.4   -9.0   -9.0   -9.0   -9.0   -9.0   -9.0   -9.0 -9 -9 -                        0   0   -9 -         -9  -9  -9  3111  0.0  0.00 -9  -7.6  -3.2  -2.4   0.2   0.9  -9 -9.0 -9  3  2
202601210900 108  27  2.8  -9 -9.0   -9 1017.8 1029.2  2   0.7 -11.6 -18.4  57.0   1.4   -9.0   -9.0   -9.0   -9.0   -9.0   -9.0   -9.0 -9 -9 -                        0   0   -9 -         -9  -9  -9  3265  0.9  0.38 -9  -6.7  -3.2  -2.4   0.2   0.8  -9 -9.0 -9  3  2
202601211000 108  32  3.6  -9 -9.0   -9 1018.2 1029.6 -9  -9.0 -10.6 -18.8  51.0   1.4   -9.0   -9.0   -9.0   -9.0   -9.0   -9.0   -9.0 -9 -9 -                        0   0   -9 -         -9  -9  -9  3381  1.0  1.01 -9  -4.0  -2.9  -2.4   0.0   0.9  -9 -9.0 -9  3  2
202601211100 108  29  2.5  -9 -9.0   -9 1018.3 1029.6 -9  -9.0  -9.1 -18.1  48.0   1.5   -9.0   -9.0   -9.0   -9.0   -9.0   -9.0   -9.0 -9 -9 -                        0   0   -9 -         -9  -9  -9  2980  1.0  1.63 -9  -1.5  -2.5  -2.2   0.0   0.9  -9 -9.0 -9  3  2
202601211200 108  27  3.3  -9 -9.0   -9 1017.9 1029.2  4   0.0  -8.1 -18.7  42.0   1.4   -9.0   -9.0   -9.0   -9.0   -9.0   -9.0   -9.0 -9 -9 -                        0   0   -9 -         -9  -9  -9  3113  1.0  2.04 -9  -0.4  -2.0  -2.0   0.0   0.8  -9 -9.0 -9  3  2
202601211300 108  29  3.0  -9 -9.0   -9 1016.8 1028.0 -9  -9.0  -7.0 -18.0  41.0   1.5   -9.0   -9.0   -9.0   -9.0   -9.0   -9.0   -9.0 -9 -9 -                        0   0   -9 -         -9  -9  -9  3486  1.0  2.24 -9   0.1  -1.6  -1.7   0.0   0.7  -9 -9.0 -9  3  2
202601211400 108  29  3.8  -9 -9.0   -9 1016.3 1027.5 -9  -9.0  -7.0 -18.6  39.0   1.4   -9.0   -9.0   -9.0   -9.0   -9.0   -9.0   -9.0 -9 -9 -                        0   0   -9 -         -9  -9  -9  3765  1.0  2.19 -9  -0.2  -1.4  -1.5  -0.1   0.7  -9 -9.0 -9  3  2
202601211500 108  29  3.6  -9 -9.0   -9 1016.0 1027.2  7  -2.0  -6.2 -18.5  37.0   1.4   -9.0   -9.0   -9.0   -9.0   -9.0   -9.0   -9.0 -9 -9 -                        0   0   -9 -         -9  -9  -9  3305  1.0  1.91 -9  -0.5  -1.3  -1.4  -0.1   0.7  -9 -9.0 -9  3  2
202601211600 108  25  3.4  -9 -9.0   -9 1016.4 1027.5 -9  -9.0  -5.3 -18.0  36.0   1.5   -9.0   -9.0   -9.0   -9.0   -9.0   -9.0   -9.0 -9 -9 -                        0   0   -9 -         -9  -9  -9  3740  1.0  1.40 -9  -1.3  -1.3  -1.3   0.0   0.6  -9 -9.0 -9  3  2
202601211700 108  29  3.6  -9 -9.0   -9 1016.5 1027.7 -9  -9.0  -6.3 -18.3  38.0   1.5   -9.0   -9.0   -9.0   -9.0   -9.0   -9.0   -9.0 -9 -9 -                        0   0   -9 -         -9  -9  -9  3975  1.0  0.67 -9  -2.4  -1.4  -1.3   0.0   0.6  -9 -9.0 -9  3  2
202601211800 108  27  3.9  -9 -9.0   -9 1016.6 1027.8  2   0.6  -7.3 -18.9  39.0   1.4   -9.0   -9.0   -9.0   -9.0   -9.0   -9.0   -9.0 -9 -9 -                        0   0   -9 -         -9  -9  -9  3871  0.3  0.12 -9  -3.8  -1.6  -1.4   0.0   0.8  -9 -9.0 -9  3  2
202601211900 108  27  4.7  -9 -9.0   -9 1017.1 1028.4 -9  -9.0  -8.1 -18.2  44.0   1.5   -9.0   -9.0   -9.0   -9.0   -9.0   -9.0   -9.0 -9 -9 -                        0   0   -9 -         -9  -9  -9  3619 -9.0 -9.00 -9  -5.1  -1.9  -1.5   0.1   0.8  -9 -9.0 -9  3 -9
202601212000 108  27  3.9  -9 -9.0   -9 1017.6 1028.9 -9  -9.0  -8.9 -18.4  46.0   1.4   -9.0   -9.0   -9.0   -9.0   -9.0   -9.0   -9.0 -9 -9 -                        0   0   -9 -         -9  -9  -9  3013 -9.0 -9.00 -9  -6.0  -2.1  -1.7   0.0   0.8  -9 -9.0 -9  3 -9
202601212100 108  27  3.5  -9 -9.0   -9 1018.4 1029.8  2   2.0  -9.9 -18.8  48.0   1.4   -9.0   -9.0   -9.0   -9.0   -9.0   -9.0   -9.0 -9 -9 -                        0   0   -9 -         -9  -9  -9  2727 -9.0 -9.00 -9  -6.7  -2.4  -1.9   0.0   0.7  -9 -9.0 -9  3  2
202601212200 108  27  4.3  -9 -9.0   -9 1018.8 1030.2 -9  -9.0 -10.8 -19.2  50.0   1.3   -9.0   -9.0   -9.0   -9.0   -9.0   -9.0   -9.0 -9 -9 -                        0   0   -9 -         -9  -9  -9  2773 -9.0 -9.00 -9  -7.2  -2.7  -2.1   0.0   0.8  -9 -9.0 -9  3 -9
202601212300 108  27  3.6  -9 -9.0   -9 1019.2 1030.6 -9  -9.0 -11.4 -19.3  52.0   1.3   -9.0   -9.0   -9.0   -9.0   -9.0   -9.0   -9.0 -9 -9 -                        0   0   -9 -         -9  -9  -9  2922 -9.0 -9.00 -9  -7.6  -2.9  -2.2   0.0   0.6  -9 -9.0 -9  3 -9
202601220000 108  29  3.4  -9 -9.0   -9 1019.0 1030.4  0   0.6 -11.4 -19.0  53.0   1.4   -9.0   -9.0   -9.0   -9.0   -9.0   -9.0   -9.0 -9 -9 -                        0   0   -9 -         -9  -9  -9  3295 -9.0 -9.00 -9  -7.8  -3.1  -2.4   0.1   0.7  -9 -9.0 -9  3  2
202601220100 108  29  2.6  -9 -9.0   -9 1018.8 1030.2 -9  -9.0 -11.5 -19.1  53.0   1.4   -9.0   -9.0   -9.0   -9.0   -9.0   -9.0   -9.0 -9 -9 -                        0   0   -9 -         -9  -9  -9  3379 -9.0 -9.00 -9  -8.0  -3.3  -2.5  -0.1   0.8  -9 -9.0 -9  3 -9
202601220200 108  29  3.4  -9 -9.0   -9 1018.8 1030.2 -9  -9.0 -11.6 -19.5  52.0   1.3   -9.0   -9.0   -9.0   -9.0   -9.0   -9.0   -9.0 -9 -9 -                        0   0   -9 -         -9  -9  -9  3487 -9.0 -9.00 -9  -8.2  -3.4  -2.6  -0.1   0.8  -9 -9.0 -9  3 -9
202601220300 108  27  2.3  -9 -9.0   -9 1018.8 1030.3  5  -0.1 -12.0 -19.6  53.0   1.3   -9.0   -9.0   -9.0   -9.0   -9.0   -9.0   -9.0 -9 -9 -                        0   0   -9 -         -9  -9  -9  3312 -9.0 -9.00 -9  -8.3  -3.5  -2.7  -0.2   0.8  -9 -9.0 -9  3  2
202601220400 108  27  1.9  -9 -9.0   -9 1018.6 1030.1 -9  -9.0 -12.3 -20.1  52.0   1.2   -9.0   -9.0   -9.0   -9.0   -9.0   -9.0   -9.0 -9 -9 -                        0   0   -9 -         -9  -9  -9  3368 -9.0 -9.00 -9  -8.5  -3.6  -2.9  -0.2   0.7  -9 -9.0 -9  3  2
202601220500 108  29  3.5  -9 -9.0   -9 1018.4 1029.9 -9  -9.0 -12.4 -20.2  52.0   1.2   -9.0   -9.0   -9.0   -9.0   -9.0   -9.0   -9.0 -9 -9 -                        0   0   -9 -         -9  -9  -9  3383 -9.0 -9.00 -9  -8.6  -3.7  -3.0  -0.2   0.9  -9 -9.0 -9  3  2
202601220600 108  27  2.6  -9 -9.0   -9 1018.5 1030.0  5  -0.3 -12.8 -19.9  55.0   1.3   -9.0   -9.0   -9.0   -9.0   -9.0   -9.0   -9.0 -9 -9 -                        0   0   -9 -         -9  -9  -9  3135 -9.0 -9.00 -9  -8.7  -3.9  -3.0  -0.3   0.7  -9 -9.0 -9  3  2
202601220700 108  27  3.1  -9 -9.0   -9 1018.9 1030.4 -9  -9.0 -13.0 -21.0  51.0   1.1   -9.0   -9.0   -9.0   -9.0   -9.0   -9.0   -9.0 -9 -9 -                        0   0   -9 -         -9  -9  -9  3479 -9.0 -9.00 -9  -9.0  -4.0  -3.2  -0.4   0.7  -9 -9.0 -9  3  2
202601220800 108  25  3.3  -9 -9.0   -9 1019.4 1030.9 -9  -9.0 -13.1 -21.1  51.0   1.1   -9.0   -9.0   -9.0   -9.0   -9.0   -9.0   -9.0 -9 -9 -                        0   0   -9 -         -9  -9  -9  3867  0.0  0.00 -9  -9.0  -4.1  -3.3  -0.4   0.7  -9 -9.0 -9  3  2
202601220900 108  27  3.1  -9 -9.0   -9 1020.0 1031.5  2   1.5 -12.4 -21.4  47.0   1.1   -9.0   -9.0   -9.0   -9.0   -9.0   -9.0   -9.0 -9 -9 -                        0   0   -9 -         -9  -9  -9  3626  0.9  0.39 -9  -7.9  -4.1  -3.3  -0.5   0.7  -9 -9.0 -9  3  2
202601221000 108  27  3.3  -9 -9.0   -9 1020.3 1031.7 -9  -9.0 -10.9 -21.8  40.0   1.1   -9.0   -9.0   -9.0   -9.0   -9.0   -9.0   -9.0 -9 -9 -                        0   0   -9 -         -9  -9  -9  4256  1.0  1.04 -9  -4.8  -3.7  -3.3  -0.6   0.5  -9 -9.0 -9  3  2
202601221100 108  27  3.0  -9 -9.0   -9 1020.2 1031.5 -9  -9.0  -9.1 -20.8  38.0   1.2   -9.0   -9.0   -9.0   -9.0   -9.0   -9.0   -9.0 -9 -9 -                        0   0   -9 -         -9  -9  -9  4424  1.0  1.68 -9  -1.7  -3.3  -3.1  -0.7   0.6  -9 -9.0 -9  3  2
202601221200 108  29  4.7  -9 -9.0   -9 1019.2 1030.5  8  -1.0  -8.2 -21.3  34.0   1.1   -9.0   -9.0   -9.0   -9.0   -9.0   -9.0   -9.0 -9 -9 -                        0   0   -9 -         -9  -9  -9  4524  1.0  2.10 -9  -0.4  -2.6  -2.7  -0.7   0.5  -9 -9.0 -9  3  2
202601221300 108  29  3.7  32 11.0 1243 1018.2 1029.4 -9  -9.0  -7.0 -20.6  33.0   1.2   -9.0   -9.0   -9.0   -9.0   -9.0   -9.0   -9.0 -9 -9 -                        0   0   -9 -         -9  -9  -9  4123  1.0  2.28 -9   0.1  -2.2  -2.4  -0.7   0.5  -9 -9.0 -9  3  2
202601221400 108  29  4.3  -9 -9.0   -9 1017.6 1028.8 -9  -9.0  -6.0 -20.0  32.0   1.3   -9.0   -9.0   -9.0   -9.0   -9.0   -9.0   -9.0 -9 -9 -                        0   0   -9 -         -9  -9  -9  4327  1.0  2.23 -9   0.0  -1.9  -2.1  -0.6   0.4  -9 -9.0 -9  3  2
202601221500 108  27  3.6  32 11.0 1243 1017.1 1028.2  7  -2.3  -5.1 -19.2  32.0   1.3   -9.0   -9.0   -9.0   -9.0   -9.0   -9.0   -9.0 -9 -9 -                        0   0   -9 -         -9  -9  -9  3278  1.0  1.92 -9  -0.3  -1.7  -1.9  -0.6   0.4  -9 -9.0 -9  3  2
202601221600 108  27  3.0  -9 -9.0   -9 1016.8 1027.9 -9  -9.0  -4.4 -17.5  35.0   1.6   -9.0   -9.0   -9.0   -9.0   -9.0   -9.0   -9.0 -9 -9 -                        0   0   -9 -         -9  -9  -9  3165  1.0  1.40 -9  -1.2  -1.6  -1.7  -0.5   0.4  -9 -9.0 -9  3  2
202601221700 108  29  2.8  -9 -9.0   -9 1016.5 1027.6 -9  -9.0  -5.0 -17.1  38.0   1.6   -9.0   -9.0   -9.0   -9.0   -9.0   -9.0   -9.0 -9 -9 -                        0   0   -9 -         -9  -9  -9  3630  1.0  0.71 -9  -2.2  -1.6  -1.6  -0.5   0.4  -9 -9.0 -9  3  2
202601221800 108  25  2.9  -9 -9.0   -9 1016.3 1027.5  7  -0.7  -5.9 -16.7  42.0   1.7   -9.0   -9.0   -9.0   -9.0   -9.0   -9.0   -9.0 -9 -9 -                        0   0   -9 -         -9  -9  -9  3667  0.3  0.12 -9  -3.6  -1.8  -1.7  -0.4   0.5  -9 -9.0 -9  3  2
202601221900 108  25  3.1  -9 -9.0   -9 1016.5 1027.7 -9  -9.0  -6.2 -15.9  46.0   1.8   -9.0   -9.0   -9.0   -9.0   -9.0   -9.0   -9.0 -9 -9 -                        0   0   -9 -         -9  -9  -9  3282 -9.0 -9.00 -9  -4.7  -2.1  -1.8  -0.3   0.5  -9 -9.0 -9  3 -9
202601222000 108  25  2.7  -9 -9.0   -9 1016.7 1027.9 -9  -9.0  -6.6 -16.0  47.0   1.8   -9.0   -9.0   -9.0   -9.0   -9.0   -9.0   -9.0 -9 -9 -                        0   0   -9 -         -9  -9  -9  3237 -9.0 -9.00 -9  -5.3  -2.3  -1.9  -0.4   0.5  -9 -9.0 -9  3 -9
202601222100 108  29  2.0  -9 -9.0   -9 1017.1 1028.3  2   0.8  -7.0 -16.6  46.0   1.7   -9.0   -9.0   -9.0   -9.0   -9.0   -9.0   -9.0 -9 -9 -                        0   0   -9 -         -9  -9  -9  3309 -9.0 -9.00 -9  -5.9  -2.4  -2.1  -0.4   0.4  -9 -9.0 -9  3  2
202601222200 108  27  2.0  -9 -9.0   -9 1017.3 1028.6 -9  -9.0  -7.8 -17.6  45.0   1.5   -9.0   -9.0   -9.0   -9.0   -9.0   -9.0   -9.0 -9 -9 -                        0   0   -9 -         -9  -9  -9  3331 -9.0 -9.00 -9  -6.4  -2.6  -2.2  -0.5   0.5  -9 -9.0 -9  3 -9
202601222300 108  29  1.2  -9 -9.0   -9 1017.6 1028.9 -9  -9.0  -8.6 -18.1  46.0   1.5   -9.0   -9.0   -9.0   -9.0   -9.0   -9.0   -9.0 -9 -9 -                        0   0   -9 -         -9  -9  -9  3488 -9.0 -9.00 -9  -6.8  -2.9  -2.4  -0.5   0.4  -9 -9.0 -9  3 -9
202601230000 108  36  1.1  -9 -9.0   -9 1017.9 1029.2  2   0.9  -9.2 -19.2  44.0   1.3   -9.0   -9.0   -9.0   -9.0   -9.0   -9.0   -9.0 -9 -9 -                        0   0   -9 -         -9  -9  -9  3546 -9.0 -9.00 -9  -7.2  -3.1  -2.6  -0.6   0.5  -9 -9.0 -9  3  2
202601230100 108   2  1.2  -9 -9.0   -9 1017.6 1029.0 -9  -9.0 -10.0 -20.2  43.0   1.2   -9.0   -9.0   -9.0   -9.0   -9.0   -9.0   -9.0 -9 -9 -                        0   0   -9 -         -9  -9  -9  3876 -9.0 -9.00 -9  -7.6  -3.3  -2.7  -0.6   0.5  -9 -9.0 -9  3 -9
202601230200 108  25  0.5  -9 -9.0   -9 1017.4 1028.8 -9  -9.0 -10.4 -19.5  47.0   1.3   -9.0   -9.0   -9.0   -9.0   -9.0   -9.0   -9.0 -9 -9 -                        0   0   -9 -         -9  -9  -9  3899 -9.0 -9.00 -9  -7.9  -3.7  -2.9  -0.6   0.5  -9 -9.0 -9  3 -9
202601230300 108  29  1.2  -9 -9.0   -9 1017.8 1029.2  4   0.0 -10.1 -19.8  45.0   1.3   -9.0   -9.0   -9.0   -9.0   -9.0   -9.0   -9.0 -9 -9 -                        0   0   -9 -         -9  -9  -9  4109 -9.0 -9.00 -9  -7.9  -3.8  -3.1  -0.8   0.4  -9 -9.0 -9  3  2
202601230400 108  27  0.9  -9 -9.0   -9 1017.5 1028.9 -9  -9.0 -10.7 -18.8  51.0   1.4   -9.0   -9.0   -9.0   -9.0   -9.0   -9.0   -9.0 -9 -9 -                        0   0   -9 -         -9  -9  -9  3847 -9.0 -9.00 -9  -8.1  -4.0  -3.2  -0.8   0.4  -9 -9.0 -9  3  2
202601230500 108  25  1.3  -9 -9.0   -9 1017.5 1028.9 -9  -9.0 -10.8 -18.9  51.0   1.4   -9.0   -9.0   -9.0   -9.0   -9.0   -9.0   -9.0 -9 -9 -                        0   0   -9 -         -9  -9  -9  3504 -9.0 -9.00 -9  -8.3  -4.1  -3.4  -0.9   0.4  -9 -9.0 -9  3  2
202601230600 108  29  1.3  -9 -9.0   -9 1017.4 1028.8  7  -0.4 -10.5 -18.0  54.0   1.5   -9.0   -9.0   -9.0   -9.0   -9.0   -9.0   -9.0 -9 -9 -                        0   0   -9 -         -9  -9  -9  3593 -9.0 -9.00 -9  -8.3  -4.2  -3.5  -1.0   0.5  -9 -9.0 -9  3  2
202601230700 108   0  0.4  -9 -9.0   -9 1017.6 1029.0 -9  -9.0 -10.9 -17.9  56.0   1.5   -9.0   -9.0   -9.0   -9.0   -9.0   -9.0   -9.0 -9 -9 -                        0   0   -9 -         -9  -9  -9  3849 -9.0 -9.00 -9  -8.5  -4.3  -3.6  -1.1   0.5  -9 -9.0 -9  3  2
202601230800 108   5  2.0  -9 -9.0   -9 1017.6 1029.0 -9  -9.0 -11.3 -18.3  56.0   1.5   -9.0   -9.0   -9.0   -9.0   -9.0   -9.0   -9.0 -9 -9 -                        0   0   -9 -         -9  -9  -9  3574  0.0  0.00 -9  -8.5  -4.4  -3.7  -1.1   0.3  -9 -9.0 -9  3  2
202601230900 108   2  1.9  -9 -9.0   -9 1017.8 1029.2  2   0.4 -10.4 -17.5  56.0   1.6   -9.0   -9.0   -9.0   -9.0   -9.0   -9.0   -9.0 -9 -9 -                        0   0   -9 -         -9  -9  -9  3478  0.9  0.38 -9  -7.0  -4.3  -3.7  -1.2   0.3  -9 -9.0 -9  3  2
202601231000 108  11  0.5  -9 -9.0   -9 1017.9 1029.1 -9  -9.0  -7.4 -16.8  47.0   1.6   -9.0   -9.0   -9.0   -9.0   -9.0   -9.0   -9.0 -9 -9 -                        0   0   -9 -         -9  -9  -9  3328  1.0  0.92 -9  -3.5  -3.7  -3.5  -1.3   0.4  -9 -9.0 -9  3  2
202601231100 108  18  1.0  -9 -9.0   -9 1017.4 1028.5 -9  -9.0  -4.5 -17.6  35.0   1.5   -9.0   -9.0   -9.0   -9.0   -9.0   -9.0   -9.0 -9 -9 -                        0   0   -9 -         -9  -9  -9  3597  1.0  1.49 -9  -0.5  -2.9  -3.1  -1.3   0.3  -9 -9.0 -9  3  2
202601231200 108  18  1.8  -9 -9.0   -9 1016.7 1027.7  7  -1.5  -2.9 -18.4  29.0   1.4   -9.0   -9.0   -9.0   -9.0   -9.0   -9.0   -9.0 -9 -9 -                        0   0   -9 -         -9  -9  -9  3688  1.0  1.84 -9   0.6  -2.0  -2.5  -1.2   0.1  -9 -9.0 -9  3  2
202601231300 108  20  2.2  -9 -9.0   -9 1015.8 1026.8 -9  -9.0  -1.7 -19.6  24.0   1.3   -9.0   -9.0   -9.0   -9.0   -9.0   -9.0   -9.0 -9 -9 -                        6   6    9 Sc         0   0   5  3656  1.0  2.03 -9   2.0  -1.4  -2.0  -1.1   0.1  -9 -9.0 -9  3  2
202601231400 108  29  2.1  -9 -9.0   -9 1015.2 1026.1 -9  -9.0  -0.9 -18.0  26.0   1.5   -9.0   -9.0   -9.0   -9.0   -9.0   -9.0   -9.0 -9 -9 -                        7   7   25 Ac         0   3   0  3873  0.5  1.65 -9   3.1  -0.9  -1.7  -1.0   0.1  -9 -9.0 -9  3  2
202601231500 108  32  2.3  -9 -9.0   -9 1014.8 1025.7  7  -2.0  -0.6 -16.9  28.0   1.6   -9.0   -9.0   -9.0   -9.0   -9.0   -9.0   -9.0 -9 -9 -                        0   0   -9 -         -9  -9  -9  3459  1.0  1.69 -9   1.2  -0.7  -1.5  -0.9  -0.2  -9 -9.0 -9  3  2
202601231600 108  23  1.6  -9 -9.0   -9 1014.2 1025.1 -9  -9.0   0.2 -14.5  32.0   2.0   -9.0   -9.0   -9.0   -9.0   -9.0   -9.0   -9.0 -9 -9 -                        0   0   -9 -         -9  -9  -9  3020  1.0  1.20 -9   0.5  -0.7  -1.5  -1.0  -0.2  -9 -9.0 -9  3  2
202601231700 108  27  1.7  -9 -9.0   -9 1013.6 1024.5 -9  -9.0  -0.5 -14.8  33.0   1.9   -9.0   -9.0   -9.0   -9.0   -9.0   -9.0   -9.0 -9 -9 -                        1   1   30 Ac         0   3   0  2711  1.0  0.51 -9   0.3  -0.7  -1.4  -1.0  -0.2  -9 -9.0 -9  3  2
202601231800 108  25  1.4  -9 -9.0   -9 1013.5 1024.4  7  -1.3  -1.4 -13.9  38.0   2.1   -9.0   -9.0   -9.0   -9.0   -9.0   -9.0   -9.0 -9 -9 -                        8   8    8 Sc         0   0   5  2601  0.0  0.07 -9  -0.7  -0.8  -1.4  -0.8  -0.2  -9 -9.0 -9  3  2
202601231900 108  23  1.9  -9 -9.0   -9 1013.6 1024.5 -9  -9.0  -1.3  -9.6  53.0   3.0   -9.0   -9.0   -9.0   -9.0   -9.0   -9.0   -9.0 -9 -9 -                        7   7    7 -         -9  -9  -9  1627 -9.0 -9.00 -9  -0.9  -0.8  -1.4  -0.8  -0.2  -9 -9.0 -9  3 -9
202601232000 108  20  1.9  -9 -9.0   -9 1013.5 1024.4 -9  -9.0  -1.3  -8.2  59.0   3.3   -9.0    0.0    0.0   -9.0   -9.0   -9.0   -9.0 70 72 05                      10   8    6 ScAs      -9   2   5  1274 -9.0 -9.00 -9  -0.8  -0.8  -1.3  -0.7   0.0  -9 -9.0 -9  4  1
202601232100 108  25  1.1  -9 -9.0   -9 1013.4 1024.4  4   0.0  -1.9  -7.2  67.0   3.6    0.1    0.1    0.1   -9.0    0.2    0.2    0.2 70 77 05                      10   8    6 ScAs      -9   2   5  1211 -9.0 -9.00 -9  -0.9  -0.9  -1.3  -0.6  -0.1  -9 -9.0 -9  1  1
202601232200 108  23  0.5  -9 -9.0   -9 1013.0 1024.0 -9  -9.0  -2.1  -4.4  84.0   4.4   -9.0    0.5    0.5   -9.0   -9.0    1.6    1.6 71 77 05                      10   8    3 StNs      -9   2   7    95 -9.0 -9.00 -9  -0.7  -0.8  -1.3  -0.7  -0.1  -9 -9.0 -9  4  1
202601232300 108  23  1.0  -9 -9.0   -9 1012.6 1023.6 -9  -9.0  -2.0  -4.0  86.0   4.5   -9.0    2.2    2.2   -9.0   -9.0    4.8    4.8 71 77 05                      10   7    3 StNs      -9   2   7   221 -9.0 -9.00 -9  -0.5  -0.8  -1.3  -0.7  -0.1  -9 -9.0 -9  4  1
202601240000 108  23  1.8  -9 -9.0   -9 1012.2 1023.1  7  -1.3  -1.9  -3.6  88.0   4.7    2.1    2.2    2.2   -9.0    4.7    4.9    4.9 22 72 1905                     8   8    6 Sc         0   0   5   310 -9.0 -9.00 -9  -0.4  -0.7  -1.3  -0.6  -0.1  -9 -9.0 -9  4  1
202601240100 108  27  3.6  -9 -9.0   -9 1012.0 1023.0 -9  -9.0  -2.4  -4.2  87.0   4.5   -9.0   -9.0   -9.0   -9.0   -9.0   -9.0    4.8 -9 -9 19                       2   2    2 -         -9  -9  -9   302 -9.0 -9.00 -9  -0.5  -0.7  -1.3  -0.7  -0.1  -9 -9.0 -9  3  2
202601240200 108  29  2.8  -9 -9.0   -9 1012.7 1023.8 -9  -9.0  -4.3  -7.7  77.0   3.4   -9.0   -9.0   -9.0   -9.0   -9.0   -9.0    4.8 -9 -9 19                       0   0   -9 -         -9  -9  -9  1039 -9.0 -9.00 -9  -0.7  -0.7  -1.2  -0.6  -0.1  -9 -9.0 -9  3  2
202601240300 108  27  2.1  -9 -9.0   -9 1013.5 1024.6  3   1.5  -5.3  -8.8  76.0   3.1   -9.0   -9.0   -9.0   -9.0   -9.0   -9.0    4.7 -9 72 -                        6   6    5 Sc         0   0   5  1160 -9.0 -9.00 -9  -0.9  -0.8  -1.2  -0.5   0.0  -9 -9.0 -9  3  1
202601240400 108  25  2.2  -9 -9.0   -9 1014.1 1025.2 -9  -9.0  -6.2 -10.4  72.0   2.8   -9.0   -9.0   -9.0   -9.0   -9.0   -9.0    4.7 -9 -9 -                        0   0   -9 -         -9  -9  -9  1350 -9.0 -9.00 -9  -1.1  -0.9  -1.2  -0.4   0.0  -9 -9.0 -9  3  2
202601240500 108  25  2.8  -9 -9.0   -9 1013.8 1025.0 -9  -9.0  -7.0 -12.6  64.0   2.3   -9.0   -9.0   -9.0   -9.0   -9.0   -9.0    4.7 -9 -9 -                        0   0   -9 -         -9  -9  -9  1626 -9.0 -9.00 -9  -1.3  -0.9  -1.2  -0.4   0.1  -9 -9.0 -9  3  2
202601240600 108  27  3.3  -9 -9.0   -9 1014.2 1025.4  2   0.8  -7.4 -14.2  58.0   2.0   -9.0   -9.0   -9.0   -9.0   -9.0   -9.0    4.2 -9 -9 -                        0   0   -9 -         -9  -9  -9  1980 -9.0 -9.00 -9  -1.5  -1.0  -1.2  -0.4  -0.1  -9 -9.0 -9  3  2
202601240700 108  25  3.8  -9 -9.0   -9 1014.7 1025.9 -9  -9.0  -7.8 -14.8  57.0   1.9   -9.0   -9.0   -9.0   -9.0   -9.0   -9.0    3.9 -9 -9 -                        0   0   -9 -         -9  -9  -9  2127 -9.0 -9.00 -9  -1.7  -1.1  -1.2  -0.5   0.1  -9 -9.0 -9  3  2
202601240800 108  27  2.5  -9 -9.0   -9 1015.6 1026.9 -9  -9.0  -8.7 -17.0  51.0   1.6   -9.0   -9.0   -9.0   -9.0   -9.0   -9.0    3.7 -9 -9 -                        0   0   -9 -         -9  -9  -9  2482  0.0  0.01 -9  -1.9  -1.1  -1.3  -0.4   0.2  -9 -9.0 -9  3  2
202601240900 108  27  2.4  -9 -9.0   -9 1016.3 1027.6  2   2.2  -8.5 -17.3  49.0   1.6   -9.0   -9.0   -9.0   -9.0   -9.0   -9.0    3.7 -9 -9 -                        0   0   -9 -         -9  -9  -9  2495  0.9  0.39 -9  -2.0  -1.2  -1.3  -0.4   0.1  -9 -9.0 -9  3  2
202601241000 108  32  2.5  -9 -9.0   -9 1017.2 1028.4 -9  -9.0  -7.2 -18.2  41.0   1.5   -9.0   -9.0   -9.0   -9.0   -9.0   -9.0    3.4 -9 -9 -                        0   0   -9 -         -9  -9  -9  2949  1.0  1.05 -9  -1.2  -1.1  -1.4  -0.5   0.1  -9 -9.0 -9  3  2
202601241100 108  29  3.1  -9 -9.0   -9 1017.6 1028.8 -9  -9.0  -5.8 -18.5  36.0   1.4   -9.0   -9.0   -9.0   -9.0   -9.0   -9.0    3.0 -9 -9 -                        0   0   -9 -         -9  -9  -9  2770  1.0  1.68 -9  -0.6  -1.0  -1.3  -0.4   0.0  -9 -9.0 -9  3  2
202601241200 108  29  3.0  -9 -9.0   -9 1017.0 1028.1  0   0.5  -4.7 -18.2  34.0   1.5   -9.0   -9.0   -9.0   -9.0   -9.0   -9.0    2.8 -9 -9 -                        0   0   -9 -         -9  -9  -9  3095  1.0  2.11 -9  -0.3  -0.9  -1.3  -0.6   0.1  -9 -9.0 -9  3  2
202601241300 108  25  2.8  -9 -9.0   -9 1016.2 1027.2 -9  -9.0  -2.9 -16.9  33.0   1.6   -9.0   -9.0   -9.0   -9.0   -9.0   -9.0    2.4 -9 -9 -                        0   0   -9 -         -9  -9  -9  3783  1.0  2.29 -9  -0.1  -0.8  -1.3  -0.5   0.0  -9 -9.0 -9  3  2
202601241400 108  29  3.4  -9 -9.0   -9 1015.6 1026.6 -9  -9.0  -2.6 -18.2  29.0   1.5   -9.0   -9.0   -9.0   -9.0   -9.0   -9.0    1.8 -9 -9 -                        0   0   -9 -         -9  -9  -9  4028  1.0  2.22 -9  -0.1  -0.7  -1.2  -0.6   0.0  -9 -9.0 -9  3  2
202601241500 108  23  2.4  -9 -9.0   -9 1015.2 1026.2  7  -1.9  -1.4 -15.6  33.0   1.8   -9.0   -9.0   -9.0   -9.0   -9.0   -9.0    1.5 -9 -9 -                        0   0   -9 -         -9  -9  -9  3672  1.0  1.91 -9  -0.1  -0.6  -1.2  -0.6  -0.2  -9 -9.0 -9  3  2
202601241600 108  23  3.3  -9 -9.0   -9 1014.8 1025.8 -9  -9.0  -1.7 -16.2  32.0   1.7   -9.0   -9.0   -9.0   -9.0   -9.0   -9.0    1.0 -9 -9 -                        0   0   -9 -         -9  -9  -9  3420  1.0  1.41 -9  -0.1  -0.6  -1.2  -0.7  -0.1  -9 -9.0 -9  3  2
202601241700 108  23  2.8  -9 -9.0   -9 1014.9 1025.9 -9  -9.0  -2.5 -15.2  37.0   1.9   -9.0   -9.0   -9.0   -9.0   -9.0   -9.0    0.9 -9 -9 -                        0   0   -9 -         -9  -9  -9  3189  1.0  0.71 -9  -0.3  -0.7  -1.2  -0.6  -0.2  -9 -9.0 -9  3  2
202601241800 108  25  2.3  -9 -9.0   -9 1015.3 1026.4  3   0.2  -3.7 -13.3  47.0   2.2   -9.0   -9.0   -9.0   -9.0   -9.0   -9.0    0.9 -9 -9 -                        0   0   -9 -         -9  -9  -9  3131  0.4  0.13 -9  -0.6  -0.7  -1.1  -0.6   0.0  -9 -9.0 -9  3  2
202601241900 108  25  2.4  -9 -9.0   -9 1015.8 1026.9 -9  -9.0  -4.1 -12.2  53.0   2.4   -9.0   -9.0   -9.0   -9.0   -9.0   -9.0    0.9 -9 -9 -                        1   1   14 -         -9  -9  -9  3169 -9.0 -9.00 -9  -0.8  -0.9  -1.1  -0.4   0.1  -9 -9.0 -9  3  2
202601242000 108  27  2.3  -9 -9.0   -9 1016.3 1027.4 -9  -9.0  -4.3 -12.0  55.0   2.4   -9.0   -9.0   -9.0   -9.0   -9.0   -9.0    0.9 -9 -9 -                        0   0   -9 -         -9  -9  -9  3023 -9.0 -9.00 -9  -1.3  -1.0  -1.1  -0.2   0.1  -9 -9.0 -9  3  2
202601242100 108  25  2.8  -9 -9.0   -9 1016.7 1027.8  2   1.4  -4.8 -16.0  41.0   1.8   -9.0   -9.0   -9.0   -9.0   -9.0   -9.0    0.9 -9 -9 -                        0   0   -9 -         -9  -9  -9  3360 -9.0 -9.00 -9  -2.0  -1.1  -1.1  -0.3   0.0  -9 -9.0 -9  3  2
202601242200 108  27  3.4  -9 -9.0   -9 1017.3 1028.4 -9  -9.0  -5.2 -16.4  41.0   1.7   -9.0   -9.0   -9.0   -9.0   -9.0   -9.0    0.9 -9 -9 -                        0   0   -9 -         -9  -9  -9  3325 -9.0 -9.00 -9  -2.5  -1.3  -1.3  -0.3   0.4  -9 -9.0 -9  3  2
202601242300 108  29  2.3  -9 -9.0   -9 1018.0 1029.2 -9  -9.0  -5.9 -16.7  42.0   1.7   -9.0   -9.0   -9.0   -9.0   -9.0   -9.0    0.9 -9 -9 -                        0   0   -9 -         -9  -9  -9  3471 -9.0 -9.00 -9  -2.9  -1.4  -1.3  -0.3   0.1  -9 -9.0 -9  3  2
202601250000 108  32  2.9  -9 -9.0   -9 1018.7 1029.9  2   2.1  -6.3 -18.3  38.0   1.5   -9.0   -9.0   -9.0   -9.0   -9.0   -9.0    0.9 -9 -9 -                        0   0   -9 -         -9  -9  -9  3653 -9.0 -9.00 -9  -3.3  -1.6  -1.5  -0.4   0.1  -9 -9.0 -9  3  2
202601250100 108  36  0.9  -9 -9.0   -9 1018.8 1030.0 -9  -9.0  -6.9 -19.8  35.0   1.3   -9.0   -9.0   -9.0   -9.0   -9.0   -9.0    0.9 -9 -9 -                        0   0   -9 -         -9  -9  -9  3815 -9.0 -9.00 -9  -3.7  -1.9  -1.6  -0.3   0.2  -9 -9.0 -9  3  2
202601250200 108  29  1.4  -9 -9.0   -9 1018.9 1030.2 -9  -9.0  -7.4 -19.6  37.0   1.3   -9.0   -9.0   -9.0   -9.0   -9.0   -9.0    0.9 -9 -9 -                        0   0   -9 -         -9  -9  -9  3665 -9.0 -9.00 -9  -4.1  -2.1  -1.8  -0.4   0.2  -9 -9.0 -9  3  2
202601250300 108  25  1.6  -9 -9.0   -9 1019.2 1030.5  2   0.6  -8.0 -18.9  41.0   1.4   -9.0   -9.0   -9.0   -9.0   -9.0   -9.0    0.9 -9 -9 -                        0   0   -9 -         -9  -9  -9  3963 -9.0 -9.00 -9  -4.4  -2.3  -1.9  -0.5   0.3  -9 -9.0 -9  3  2
202601250400 108  29  1.5  -9 -9.0   -9 1018.9 1030.2 -9  -9.0  -7.6 -18.0  43.0   1.5   -9.0   -9.0   -9.0   -9.0   -9.0   -9.0    0.9 -9 -9 -                        0   0   -9 -         -9  -9  -9  3930 -9.0 -9.00 -9  -4.4  -2.4  -2.1  -0.6   0.3  -9 -9.0 -9  3  2
202601250500 108  27  1.3  -9 -9.0   -9 1019.0 1030.3 -9  -9.0  -8.3 -17.8  46.0   1.5   -9.0   -9.0   -9.0   -9.0   -9.0   -9.0    0.9 -9 -9 -                        0   0   -9 -         -9  -9  -9  3626 -9.0 -9.00 -9  -4.6  -2.5  -2.2  -0.6   0.2  -9 -9.0 -9  3  2
202601250600 108  32  1.9  -9 -9.0   -9 1019.0 1030.3  5  -0.2  -8.1 -16.9  49.0   1.6   -9.0   -9.0   -9.0   -9.0   -9.0   -9.0    0.9 -9 -9 -                        0   0   -9 -         -9  -9  -9  3520 -9.0 -9.00 -9  -4.7  -2.6  -2.3  -0.7   0.3  -9 -9.0 -9  3  2
202601250700 108  36  1.1  -9 -9.0   -9 1019.8 1031.1 -9  -9.0  -9.0 -18.5  46.0   1.4   -9.0   -9.0   -9.0   -9.0   -9.0   -9.0    0.9 -9 -9 -                        0   0   -9 -         -9  -9  -9  3826 -9.0 -9.00 -9  -5.0  -2.8  -2.4  -0.7   0.1  -9 -9.0 -9  3  2
202601250800 108  29  2.3  -9 -9.0   -9 1020.5 1031.8 -9  -9.0  -9.0 -18.5  46.0   1.4   -9.0   -9.0   -9.0   -9.0   -9.0   -9.0    0.9 -9 -9 -                        0   0   -9 -         -9  -9  -9  3792  0.0  0.01 -9  -5.1  -2.9  -2.6  -0.8   0.2  -9 -9.0 -9  3  2
202601250900 108  32  3.6  -9 -9.0   -9 1020.6 1031.9  2   1.6  -8.5 -18.8  43.0   1.4   -9.0   -9.0   -9.0   -9.0   -9.0   -9.0    0.9 -9 -9 -                        0   0   -9 -         -9  -9  -9  3642  0.9  0.40 -9  -4.4  -3.0  -2.7  -0.9   0.2  -9 -9.0 -9  3  2
202601251000 108  29  4.9  -9 -9.0   -9 1021.1 1032.4 -9  -9.0  -7.6 -19.1  39.0   1.4   -9.0   -9.0   -9.0   -9.0   -9.0   -9.0    0.9 -9 -9 -                        0   0   -9 -         -9  -9  -9  3680  1.0  1.04 -9  -2.8  -2.8  -2.7  -0.9   0.1  -9 -9.0 -9  3  2
202601251100 108  27  2.4  -9 -9.0   -9 1020.8 1032.0 -9  -9.0  -5.9 -18.6  36.0   1.4   -9.0   -9.0   -9.0   -9.0   -9.0   -9.0    0.8 -9 -9 -                        0   0   -9 -         -9  -9  -9  3695  1.0  1.65 -9  -1.5  -2.6  -2.6  -1.0   0.1  -9 -9.0 -9  3  2
202601251200 108  25  2.6  -9 -9.0   -9 1020.4 1031.5  8  -0.4  -4.2 -18.4  32.0   1.4   -9.0   -9.0   -9.0   -9.0   -9.0   -9.0    0.8 -9 -9 -                        0   0   -9 -         -9  -9  -9  3371  1.0  2.09 -9  -0.5  -2.0  -2.3  -1.1   0.0  -9 -9.0 -9  3  2
202601251300 108  29  3.3  -9 -9.0   -9 1019.7 1030.8 -9  -9.0  -3.8 -18.1  32.0   1.5   -9.0   -9.0   -9.0   -9.0   -9.0   -9.0    0.5 -9 -9 -                        0   0   -9 -         -9  -9  -9  3665  1.0  2.26 -9  -0.1  -1.8  -2.0  -1.0  -0.1  -9 -9.0 -9  3  2
202601251400 108  25  4.0  -9 -9.0   -9 1019.6 1030.6 -9  -9.0  -2.5 -17.7  30.0   1.5   -9.0   -9.0   -9.0   -9.0   -9.0   -9.0    0.2 -9 -9 -                        0   0   -9 -         -9  -9  -9  3647  1.0  2.19 -9   0.1  -1.5  -1.8  -1.0   0.0  -9 -9.0 -9  3  2
202601251500 108  25  4.2  -9 -9.0   -9 1019.8 1030.8  5  -0.7  -2.4 -18.4  28.0   1.4   -9.0   -9.0   -9.0   -9.0   -9.0   -9.0    0.1 -9 -9 -                        0   0   -9 -         -9  -9  -9  3771  1.0  1.88 -9   0.1  -1.2  -1.7  -1.0  -0.1  -9 -9.0 -9  3  2
202601251600 108  27  2.6  -9 -9.0   -9 1019.8 1030.8 -9  -9.0  -2.1 -17.3  30.0   1.6   -9.0   -9.0   -9.0   -9.0   -9.0   -9.0   -9.0 -9 -9 -                        0   0   -9 -         -9  -9  -9  3644  1.0  1.38 -9   0.1  -1.2  -1.5  -0.9  -0.2  -9 -9.0 -9  3  2
202601251700 108  27  1.7  -9 -9.0   -9 1019.6 1030.7 -9  -9.0  -2.8 -18.0  30.0   1.5   -9.0   -9.0   -9.0   -9.0   -9.0   -9.0   -9.0 -9 -9 -                        2   0   -9 Ci         1   0   0  3309  1.0  0.70 -9  -0.2  -1.1  -1.5  -0.8  -0.2  -9 -9.0 -9  3  2
202601251800 108  25  2.3  -9 -9.0   -9 1019.7 1030.8  4   0.0  -4.1 -16.6  37.0   1.7   -9.0   -9.0   -9.0   -9.0   -9.0   -9.0   -9.0 -9 -9 -                        1   0   -9 Ci         1   0   0  3360  0.4  0.15 -9  -1.1  -1.2  -1.5  -0.7  -0.2  -9 -9.0 -9  3  2
202601251900 108  25  2.2  -9 -9.0   -9 1020.4 1031.6 -9  -9.0  -4.9 -15.8  42.0   1.8   -9.0   -9.0   -9.0   -9.0   -9.0   -9.0   -9.0 -9 -9 -                        0   0   -9 -         -9  -9  -9  3330 -9.0 -9.00 -9  -1.8  -1.5  -1.5  -0.6   0.0  -9 -9.0 -9  3 -9
202601252000 108  32  0.6  -9 -9.0   -9 1020.0 1031.2 -9  -9.0  -5.3 -15.1  46.0   1.9   -9.0   -9.0   -9.0   -9.0   -9.0   -9.0   -9.0 -9 -9 -                        0   0   -9 -         -9  -9  -9  3420 -9.0 -9.00 -9  -2.9  -1.6  -1.6  -0.6   0.1  -9 -9.0 -9  3 -9
202601252100 108  27  2.5  -9 -9.0   -9 1021.6 1032.8  2   2.0  -5.7 -14.7  49.0   2.0   -9.0   -9.0   -9.0   -9.0   -9.0   -9.0   -9.0 -9 -9 -                        0   0   -9 -         -9  -9  -9  3345 -9.0 -9.00 -9  -3.6  -1.9  -1.8  -0.6   0.2  -9 -9.0 -9  3  2
202601252200 108  36  1.5  -9 -9.0   -9 1020.0 1031.2 -9  -9.0  -6.2 -14.4  52.0   2.0   -9.0   -9.0   -9.0   -9.0   -9.0   -9.0   -9.0 -9 -9 -                       10   1   68 -         -9  -9  -9  3510 -9.0 -9.00 -9  -3.8  -2.0  -1.9  -0.6   0.0  -9 -9.0 -9  3 -9
202601252300 108  36  1.1  -9 -9.0   -9 1019.8 1031.0 -9  -9.0  -6.4 -15.1  50.0   1.9   -9.0   -9.0   -9.0   -9.0   -9.0   -9.0   -9.0 -9 -9 -                        0   0   -9 -         -9  -9  -9  3342 -9.0 -9.00 -9  -4.4  -2.2  -2.0  -0.6   0.0  -9 -9.0 -9  3 -9
202601260000 108   2  1.7  -9 -9.0   -9 1019.2 1030.4  7  -2.4  -6.9 -14.6  54.0   2.0   -9.0   -9.0   -9.0   -9.0   -9.0   -9.0   -9.0 -9 -9 -                        0   0   -9 -         -9  -9  -9  3340 -9.0 -9.00 -9  -4.6  -2.3  -2.1  -0.7   0.1  -9 -9.0 -9  3  2
202601260100 108   5  1.6  -9 -9.0   -9 1018.7 1030.0 -9  -9.0  -7.6 -14.8  56.0   1.9   -9.0   -9.0   -9.0   -9.0   -9.0   -9.0   -9.0 -9 -9 -                        0   0   -9 -         -9  -9  -9  3201 -9.0 -9.00 -9  -4.9  -2.5  -2.2  -0.7   0.2  -9 -9.0 -9  3 -9
202601260200 108   5  1.7  -9 -9.0   -9 1018.7 1030.0 -9  -9.0  -7.8 -14.8  57.0   1.9   -9.0   -9.0   -9.0   -9.0   -9.0   -9.0   -9.0 -9 -9 -                        0   0   -9 -         -9  -9  -9  3287 -9.0 -9.00 -9  -5.1  -2.6  -2.4  -0.8   0.1  -9 -9.0 -9  3 -9
202601260300 108  34  0.9  -9 -9.0   -9 1019.2 1030.5  3   0.1  -7.6 -14.6  57.0   2.0   -9.0   -9.0   -9.0   -9.0   -9.0   -9.0   -9.0 -9 -9 -                        0   0   -9 -         -9  -9  -9  3339 -9.0 -9.00 -9  -5.3  -2.8  -2.5  -0.9   0.2  -9 -9.0 -9  3  2
202601260400 108   2  1.2  -9 -9.0   -9 1019.1 1030.4 -9  -9.0  -7.8 -14.4  59.0   2.0   -9.0   -9.0   -9.0   -9.0   -9.0   -9.0   -9.0 -9 -9 -                        7   0   -9 Ci         1   0   0  3353 -9.0 -9.00 -9  -5.3  -2.9  -2.6  -0.9   0.1  -9 -9.0 -9  3  2
202601260500 108   5  1.9  -9 -9.0   -9 1019.0 1030.3 -9  -9.0  -8.0 -14.4  60.0   2.0   -9.0   -9.0   -9.0   -9.0   -9.0   -9.0   -9.0 -9 -9 -                        8   0   -9 Ci         1   0   0  3229 -9.0 -9.00 -9  -5.1  -3.0  -2.7  -1.0  -0.1  -9 -9.0 -9  3  2
202601260600 108   5  1.9  -9 -9.0   -9 1018.3 1029.6  7  -0.9  -7.8 -14.0  61.0   2.1   -9.0   -9.0   -9.0   -9.0   -9.0   -9.0   -9.0 -9 -9 -                        8   0   -9 Ci         2   0   0  3135 -9.0 -9.00 -9  -4.6  -3.0  -2.8  -1.1   0.1  -9 -9.0 -9  3  2
202601260700 108  36  2.0  -9 -9.0   -9 1018.5 1029.8 -9  -9.0  -7.5 -14.1  59.0   2.1   -9.0   -9.0   -9.0   -9.0   -9.0   -9.0   -9.0 -9 -9 -                        9   0   -9 Ci         2   0   0  2990 -9.0 -9.00 -9  -4.5  -2.9  -2.7  -1.1   0.0  -9 -9.0 -9  3  2
202601260800 108   5  2.2  -9 -9.0   -9 1018.1 1029.4 -9  -9.0  -7.6 -14.2  59.0   2.0   -9.0   -9.0   -9.0   -9.0   -9.0   -9.0   -9.0 -9 -9 -                        8   0   -9 Ci         1   0   0  2953  0.0  0.00 -9  -4.5  -2.9  -2.7  -1.1   0.0  -9 -9.0 -9  3  2
202601260900 108   5  2.2  -9 -9.0   -9 1017.5 1028.7  8  -0.9  -6.6 -13.5  58.0   2.2   -9.0   -9.0   -9.0   -9.0   -9.0   -9.0   -9.0 -9 -9 -                        8   0   -9 Ci         1   0   0  2647  0.0  0.26 -9  -3.5  -2.8  -2.7  -1.2   0.0  -9 -9.0 -9  3  2
202601261000 108  27  0.6  -9 -9.0   -9 1018.1 1029.3 -9  -9.0  -5.4 -13.2  54.0   2.2   -9.0   -9.0   -9.0   -9.0   -9.0   -9.0   -9.0 -9 -9 -                        9   4   30 AcCi       2   3   0  2613  0.0  0.52 -9  -2.1  -2.5  -2.6  -1.3   0.0  -9 -9.0 -9  3  2
202601261100 108  18  2.1  -9 -9.0   -9 1017.8 1028.9 -9  -9.0  -3.7 -11.9  53.0   2.5   -9.0   -9.0   -9.0   -9.0   -9.0   -9.0   -9.0 -9 -9 -                        9   5   32 AcCi       2   3   0  2800  0.1  0.74 -9  -0.8  -2.1  -2.3  -1.2  -0.1  -9 -9.0 -9  3  2
202601261200 108  25  2.5  -9 -9.0   -9 1017.7 1028.7  4   0.0  -2.6 -12.1  48.0   2.4   -9.0   -9.0   -9.0   -9.0   -9.0   -9.0   -9.0 -9 -9 -                        8   6   30 AcCi       1   3   0  2695  0.0  1.08 -9  -0.1  -1.6  -2.0  -1.2  -0.2  -9 -9.0 -9  3  2
202601261300 108  23  1.2  -9 -9.0   -9 1016.2 1027.2 -9  -9.0  -2.1 -11.9  47.0   2.5   -9.0   -9.0   -9.0   -9.0   -9.0   -9.0   -9.0 -9 -9 -                        9   3   18 ScAc       0   3   5  2486  0.1  0.98 -9   0.2  -1.3  -1.8  -1.2  -0.3  -9 -9.0 -9  3  2
202601261400 108  29  2.5  -9 -9.0   -9 1015.2 1026.2 -9  -9.0  -1.3 -12.0  44.0   2.4   -9.0   -9.0   -9.0   -9.0   -9.0   -9.0   -9.0 -9 -9 -                        7   3   25 AcCi       1   3   0  2763  0.4  1.36 -9   0.2  -1.1  -1.7  -1.1  -0.3  -9 -9.0 -9  3  2
202601261500 108  25  1.7  -9 -9.0   -9 1014.0 1024.9  7  -3.8  -0.6 -11.9  42.0   2.5   -9.0   -9.0   -9.0   -9.0   -9.0   -9.0   -9.0 -9 -9 -                        8   8   25 Ac         0   3   0  2444  0.3  1.26 -9   0.3  -0.9  -1.7  -1.2  -0.5  -9 -9.0 -9  3  2
202601261600 108  25  1.7  -9 -9.0   -9 1013.9 1024.8 -9  -9.0  -0.4 -11.7  42.0   2.5   -9.0   -9.0   -9.0   -9.0   -9.0   -9.0   -9.0 -9 -9 -                        3   0   -9 Ci         1   0   0  2319  0.9  0.99 -9   0.3  -0.7  -1.7  -1.4  -0.8  -9 -9.0 -9  3  2
202601261700 108  27  2.3  -9 -9.0   -9 1013.4 1024.3 -9  -9.0  -1.2 -13.1  40.0   2.2   -9.0   -9.0   -9.0   -9.0   -9.0   -9.0   -9.0 -9 -9 -                        6   0   -9 Ci         1   0   0  2908  0.3  0.45 -9   0.4  -0.7  -1.7  -1.3  -0.8  -9 -9.0 -9  3  2
202601261800 108  27  1.5  -9 -9.0   -9 1013.6 1024.6  5  -0.3  -2.1 -14.2  39.0   2.0   -9.0   -9.0   -9.0   -9.0   -9.0   -9.0   -9.0 -9 -9 -                        8   0   -9 Ci         1   0   0  3224  0.0  0.08 -9  -0.5  -0.6  -1.6  -1.2  -0.7  -9 -9.0 -9  3  2
202601261900 108  29  1.4  -9 -9.0   -9 1014.1 1025.1 -9  -9.0  -2.6 -14.6  39.0   2.0   -9.0   -9.0   -9.0   -9.0   -9.0   -9.0   -9.0 -9 -9 -                        9   2   68 -         -9  -9  -9  3028 -9.0 -9.00 -9  -1.3  -0.9  -1.4  -0.9  -0.4  -9 -9.0 -9  3 -9
202601262000 108  27  2.0  -9 -9.0   -9 1014.5 1025.5 -9  -9.0  -3.0 -13.8  43.0   2.1   -9.0   -9.0   -9.0   -9.0   -9.0   -9.0   -9.0 -9 -9 -                        9   9   67 -         -9  -9  -9  2831 -9.0 -9.00 -9  -1.9  -1.0  -1.4  -0.8  -0.2  -9 -9.0 -9  3 -9
202601262100 108  29  1.5  -9 -9.0   -9 1014.6 1025.6  2   1.0  -3.4 -12.3  50.0   2.4   -9.0   -9.0   -9.0   -9.0   -9.0   -9.0   -9.0 -9 -9 -                        8   0   -9 Ci         1   0   0  2923 -9.0 -9.00 -9  -2.5  -1.2  -1.4  -0.6  -0.2  -9 -9.0 -9  3  2
202601262200 108  27  2.3  -9 -9.0   -9 1014.9 1025.9 -9  -9.0  -3.3 -11.5  53.0   2.5   -9.0   -9.0   -9.0   -9.0   -9.0   -9.0   -9.0 -9 -9 -                        9   8   10 -         -9  -9  -9  2840 -9.0 -9.00 -9  -2.4  -1.3  -1.5  -0.6  -0.1  -9 -9.0 -9  3 -9
202601262300 108  27  1.6  -9 -9.0   -9 1014.8 1025.8 -9  -9.0  -3.5 -10.8  57.0   2.7   -9.0   -9.0   -9.0   -9.0   -9.0   -9.0   -9.0 -9 -9 -                        9   9    6 -         -9  -9  -9  2508 -9.0 -9.00 -9  -2.4  -1.3  -1.6  -0.6  -0.1  -9 -9.0 -9  3 -9
202601270000 108  27  1.7  -9 -9.0   -9 1014.7 1025.7  0   0.1  -3.2 -10.0  59.0   2.9   -9.0   -9.0   -9.0   -9.0   -9.0   -9.0   -9.0 -9 -9 -                        9   9   12 Sc         0   0   5  2426 -9.0 -9.00 -9  -2.1  -1.3  -1.6  -0.7  -0.2  -9 -9.0 -9  3  2
202601270100 108  27  2.4  -9 -9.0   -9 1014.3 1025.3 -9  -9.0  -3.0  -8.4  66.0   3.2   -9.0   -9.0   -9.0   -9.0   -9.0   -9.0   -9.0 -9 -9 -                        8   3    8 -         -9  -9  -9  2309 -9.0 -9.00 -9  -2.6  -1.3  -1.6  -0.7  -0.2  -9 -9.0 -9  3 -9
202601270200 108  27  2.5  -9 -9.0   -9 1014.4 1025.5 -9  -9.0  -3.9  -9.7  64.0   2.9   -9.0   -9.0   -9.0   -9.0   -9.0   -9.0   -9.0 -9 -9 -                        0   0   -9 -         -9  -9  -9  1930 -9.0 -9.00 -9  -3.5  -1.4  -1.6  -0.7  -0.1  -9 -9.0 -9  3 -9
202601270300 108  32  2.3  -9 -9.0   -9 1014.8 1025.9  3   0.2  -4.8 -11.1  61.0   2.6   -9.0   -9.0   -9.0   -9.0   -9.0   -9.0   -9.0 -9 -9 -                        0   0   -9 -         -9  -9  -9  1784 -9.0 -9.00 -9  -4.1  -1.6  -1.7  -0.7   0.0  -9 -9.0 -9  3  2
202601270400 108  32  1.0  -9 -9.0   -9 1014.5 1025.6 -9  -9.0  -5.7 -11.8  62.0   2.5   -9.0   -9.0   -9.0   -9.0   -9.0   -9.0   -9.0 -9 -9 -                        0   0   -9 -         -9  -9  -9  1753 -9.0 -9.00 -9  -4.6  -1.8  -1.8  -0.7   0.0  -9 -9.0 -9  3  2
202601270500 108  27  1.3  -9 -9.0   -9 1014.4 1025.6 -9  -9.0  -6.3 -12.2  63.0   2.4   -9.0   -9.0   -9.0   -9.0   -9.0   -9.0   -9.0 -9 -9 -                        0   0   -9 -         -9  -9  -9  1803 -9.0 -9.00 -9  -5.0  -2.1  -2.0  -0.7   0.0  -9 -9.0 -9  3  2
202601270600 108  27  2.1  -9 -9.0   -9 1014.9 1026.1  3   0.2  -6.3 -12.6  61.0   2.3   -9.0   -9.0   -9.0   -9.0   -9.0   -9.0   -9.0 -9 -9 -                        0   0   -9 -         -9  -9  -9  1859 -9.0 -9.00 -9  -5.2  -2.3  -2.2  -0.8   0.0  -9 -9.0 -9  3  2
202601270700 108  32  1.5  -9 -9.0   -9 1015.5 1026.7 -9  -9.0  -6.4 -12.1  64.0   2.4   -9.0   -9.0   -9.0   -9.0   -9.0   -9.0   -9.0 -9 -9 -                        0   0   -9 -         -9  -9  -9  1700 -9.0 -9.00 -9  -5.4  -2.4  -2.3  -0.8  -0.1  -9 -9.0 -9  3  2
202601270800 108  29  0.8  -9 -9.0   -9 1016.1 1027.3 -9  -9.0  -6.9 -12.1  66.0   2.4   -9.0   -9.0   -9.0   -9.0   -9.0   -9.0   -9.0 -9 -9 -                        0   0   -9 -         -9  -9  -9  1659  0.0  0.01 -9  -5.6  -2.6  -2.4  -0.9   0.0  -9 -9.0 -9  3  2
202601270900 108  32  2.3  -9 -9.0   -9 1016.6 1027.8  2   1.7  -6.4 -12.4  62.0   2.4   -9.0   -9.0   -9.0   -9.0   -9.0   -9.0   -9.0 -9 -9 -                        0   0   -9 -         -9  -9  -9  1688  0.9  0.36 -9  -4.3  -2.6  -2.5  -0.9  -0.2  -9 -9.0 -9  3  2
202601271000 108  32  3.2  -9 -9.0   -9 1017.0 1028.1 -9  -9.0  -5.4 -13.7  52.0   2.1   -9.0   -9.0   -9.0   -9.0   -9.0   -9.0   -9.0 -9 -9 -                        0   0   -9 -         -9  -9  -9  1942  1.0  0.99 -9  -2.1  -2.5  -2.5  -1.2  -0.1  -9 -9.0 -9  3  2
202601271100 108  29  2.5  -9 -9.0   -9 1016.9 1028.0 -9  -9.0  -3.7 -13.9  45.0   2.1   -9.0   -9.0   -9.0   -9.0   -9.0   -9.0   -9.0 -9 -9 -                        0   0   -9 -         -9  -9  -9  2153  1.0  1.63 -9  -0.6  -2.1  -2.4  -1.2  -0.3  -9 -9.0 -9  3  2
202601271200 108  27  2.9  -9 -9.0   -9 1016.5 1027.5  8  -0.3  -2.5 -13.9  41.0   2.1   -9.0   -9.0   -9.0   -9.0   -9.0   -9.0   -9.0 -9 -9 -                        0   0   -9 -         -9  -9  -9  2425  1.0  2.06 -9   0.1  -1.8  -2.2  -1.2  -0.2  -9 -9.0 -9  3  2
202601271300 108  29  3.0  -9 -9.0   -9 1015.8 1026.8 -9  -9.0  -2.0 -15.8  34.0   1.8   -9.0   -9.0   -9.0   -9.0   -9.0   -9.0   -9.0 -9 -9 -                        0   0   -9 -         -9  -9  -9  2756  1.0  2.23 -9   0.9  -1.5  -2.0  -1.2  -0.4  -9 -9.0 -9  3  2
202601271400 108  27  2.6  -9 -9.0   -9 1014.9 1025.8 -9  -9.0  -0.7 -14.6  34.0   2.0   -9.0   -9.0   -9.0   -9.0   -9.0   -9.0   -9.0 -9 -9 -                        0   0   -9 -         -9  -9  -9  2483  1.0  2.21 -9   1.4  -1.2  -1.8  -1.2  -0.5  -9 -9.0 -9  3  2
202601271500 108  29  3.6  -9 -9.0   -9 1014.8 1025.7  7  -1.8  -0.6 -16.0  30.0   1.8   -9.0   -9.0   -9.0   -9.0   -9.0   -9.0   -9.0 -9 -9 -                        0   0   -9 -         -9  -9  -9  2356  1.0  1.91 -9   0.8  -1.0  -1.7  -1.3  -0.5  -9 -9.0 -9  3  2
202601271600 108  29  4.1  -9 -9.0   -9 1014.8 1025.7 -9  -9.0  -0.4 -16.3  29.0   1.7   -9.0   -9.0   -9.0   -9.0   -9.0   -9.0   -9.0 -9 -9 -                        0   0   -9 -         -9  -9  -9  2569  1.0  1.43 -9   0.4  -0.9  -1.7  -1.2  -0.7  -9 -9.0 -9  3  2
202601271700 108  25  3.3  -9 -9.0   -9 1014.9 1025.8 -9  -9.0  -1.1 -16.1  31.0   1.7   -9.0   -9.0   -9.0   -9.0   -9.0   -9.0   -9.0 -9 -9 -                        0   0   -9 -         -9  -9  -9  3375  1.0  0.73 -9   0.3  -0.9  -1.6  -1.2  -0.7  -9 -9.0 -9  3  2
202601271800 108  25  3.3  -9 -9.0   -9 1015.4 1026.4  2   0.7  -2.5 -14.2  40.0   2.0   -9.0   -9.0   -9.0   -9.0   -9.0   -9.0   -9.0 -9 -9 -                        0   0   -9 -         -9  -9  -9  3395  0.4  0.15 -9  -1.1  -0.9  -1.5  -1.0  -0.5  -9 -9.0 -9  3  2
202601271900 108  25  2.3  -9 -9.0   -9 1016.1 1027.1 -9  -9.0  -3.2 -13.7  44.0   2.1   -9.0   -9.0   -9.0   -9.0   -9.0   -9.0   -9.0 -9 -9 -                        0   0   -9 -         -9  -9  -9  3699 -9.0 -9.00 -9  -2.0  -1.2  -1.5  -0.8  -0.2  -9 -9.0 -9  3 -9
202601272000 108  29  2.4  -9 -9.0   -9 1016.7 1027.8 -9  -9.0  -3.8 -15.4  40.0   1.8   -9.0   -9.0   -9.0   -9.0   -9.0   -9.0   -9.0 -9 -9 -                        4   0   -9 -         -9  -9  -9  3330 -9.0 -9.00 -9  -2.8  -1.4  -1.5  -0.6  -0.2  -9 -9.0 -9  3 -9
202601272100 108  29  3.9  -9 -9.0   -9 1017.2 1028.3  2   1.9  -4.9 -15.8  42.0   1.8   -9.0   -9.0   -9.0   -9.0   -9.0   -9.0   -9.0 -9 -9 -                        3   0   -9 Ci         1   0   0  3012 -9.0 -9.00 -9  -3.9  -1.6  -1.6  -0.6  -0.1  -9 -9.0 -9  3  2
202601272200 108  32  5.0  -9 -9.0   -9 1017.5 1028.7 -9  -9.0  -5.9 -16.2  44.0   1.7   -9.0   -9.0   -9.0   -9.0   -9.0   -9.0   -9.0 -9 -9 -                        4   0   -9 -         -9  -9  -9  2649 -9.0 -9.00 -9  -4.7  -1.8  -1.7  -0.6  -0.1  -9 -9.0 -9  3 -9
202601272300 108  32  2.8  -9 -9.0   -9 1018.2 1029.4 -9  -9.0  -6.7 -15.9  48.0   1.8   -9.0   -9.0   -9.0   -9.0   -9.0   -9.0   -9.0 -9 -9 -                        0   0   -9 -         -9  -9  -9  2675 -9.0 -9.00 -9  -5.2  -2.0  -1.9  -0.6  -0.2  -9 -9.0 -9  3 -9
202601280000 108  29  1.7  -9 -9.0   -9 1018.5 1029.7  2   1.4  -7.4 -16.3  49.0   1.7   -9.0   -9.0   -9.0   -9.0   -9.0   -9.0   -9.0 -9 -9 -                        0   0   -9 -         -9  -9  -9  2566 -9.0 -9.00 -9  -5.7  -2.2  -2.1  -0.7  -0.1  -9 -9.0 -9  3  2
202601280100 108  29  1.5  -9 -9.0   -9 1018.8 1030.1 -9  -9.0  -7.8 -16.9  48.0   1.6   -9.0   -9.0   -9.0   -9.0   -9.0   -9.0   -9.0 -9 -9 -                        0   0   -9 -         -9  -9  -9  2574 -9.0 -9.00 -9  -6.1  -2.5  -2.2  -0.7  -0.1  -9 -9.0 -9  3 -9
202601280200 108  29  1.4  -9 -9.0   -9 1018.9 1030.2 -9  -9.0  -8.1 -16.9  49.0   1.6   -9.0   -9.0   -9.0   -9.0   -9.0   -9.0   -9.0 -9 -9 -                        0   0   -9 -         -9  -9  -9  2848 -9.0 -9.00 -9  -6.4  -2.7  -2.4  -0.8   0.0  -9 -9.0 -9  3 -9
202601280300 108  27  1.0  -9 -9.0   -9 1018.9 1030.2  1   0.5  -8.5 -17.0  50.0   1.6   -9.0   -9.0   -9.0   -9.0   -9.0   -9.0   -9.0 -9 -9 -                        0   0   -9 -         -9  -9  -9  3120 -9.0 -9.00 -9  -6.7  -2.9  -2.6  -0.9  -0.1  -9 -9.0 -9  3  2
202601280400 108  25  1.1  -9 -9.0   -9 1018.5 1029.8 -9  -9.0  -8.7 -17.0  51.0   1.6   -9.0   -9.0   -9.0   -9.0   -9.0   -9.0   -9.0 -9 -9 -                        0   0   -9 -         -9  -9  -9  3218 -9.0 -9.00 -9  -6.9  -3.1  -2.8  -1.0  -0.1  -9 -9.0 -9  3  2
202601280500 108  23  0.9  -9 -9.0   -9 1018.6 1029.9 -9  -9.0  -9.3 -17.5  51.0   1.6   -9.0   -9.0   -9.0   -9.0   -9.0   -9.0   -9.0 -9 -9 -                        0   0   -9 -         -9  -9  -9  3414 -9.0 -9.00 -9  -7.3  -3.3  -3.0  -1.1  -0.1  -9 -9.0 -9  3  2
202601280600 108  32  2.3  -9 -9.0   -9 1019.1 1030.4  3   0.2  -8.9 -17.4  50.0   1.6   -9.0   -9.0   -9.0   -9.0   -9.0   -9.0   -9.0 -9 -9 -                        0   0   -9 -         -9  -9  -9  3264 -9.0 -9.00 -9  -7.3  -3.5  -3.1  -1.2  -0.1  -9 -9.0 -9  3  2
202601280700 108  27  1.8  -9 -9.0   -9 1019.7 1031.0 -9  -9.0  -9.3 -18.0  49.0   1.5   -9.0   -9.0   -9.0   -9.0   -9.0   -9.0   -9.0 -9 -9 -                        0   0   -9 -         -9  -9  -9  3435 -9.0 -9.00 -9  -7.5  -3.6  -3.2  -1.3  -0.1  -9 -9.0 -9  3  2
202601280800 108  27  2.2  -9 -9.0   -9 1020.4 1031.7 -9  -9.0  -9.1 -18.1  48.0   1.5   -9.0   -9.0   -9.0   -9.0   -9.0   -9.0   -9.0 -9 -9 -                        0   0   -9 -         -9  -9  -9  3292  0.1  0.01 -9  -7.3  -3.7  -3.4  -1.4  -0.1  -9 -9.0 -9  3  2
202601280900 108  29  2.1  -9 -9.0   -9 1020.8 1032.1  2   1.7  -8.4 -17.2  49.0   1.6   -9.0   -9.0   -9.0   -9.0   -9.0   -9.0   -9.0 -9 -9 -                        0   0   -9 -         -9  -9  -9  2963  1.0  0.40 -9  -5.9  -3.7  -3.4  -1.5  -0.1  -9 -9.0 -9  3  2
202601281000 108  29  2.8  -9 -9.0   -9 1021.1 1032.3 -9  -9.0  -6.7 -17.5  42.0   1.6   -9.0   -9.0   -9.0   -9.0   -9.0   -9.0   -9.0 -9 -9 -                        0   0   -9 -         -9  -9  -9  3145  1.0  1.05 -9  -2.7  -3.4  -3.3  -1.6  -0.3  -9 -9.0 -9  3  2
202601281100 108  29  4.3  -9 -9.0   -9 1020.9 1032.1 -9  -9.0  -5.5 -18.5  35.0   1.4   -9.0   -9.0   -9.0   -9.0   -9.0   -9.0   -9.0 -9 -9 -                        0   0   -9 -         -9  -9  -9  2972  1.0  1.65 -9  -0.8  -2.9  -3.1  -1.6  -0.3  -9 -9.0 -9  3  2
202601281200 108  29  4.2  -9 -9.0   -9 1019.9 1031.0  8  -1.1  -4.4 -18.6  32.0   1.4   -9.0   -9.0   -9.0   -9.0   -9.0   -9.0   -9.0 -9 -9 -                        0   0   -9 -         -9  -9  -9  2986  1.0  2.11 -9   0.0  -2.4  -2.8  -1.7  -0.3  -9 -9.0 -9  3  2
202601281300 108  29  3.6  -9 -9.0   -9 1018.9 1030.0 -9  -9.0  -3.2 -18.3  30.0   1.5   -9.0   -9.0   -9.0   -9.0   -9.0   -9.0   -9.0 -9 -9 -                        0   0   -9 -         -9  -9  -9  3136  1.0  2.29 -9   1.0  -2.0  -2.5  -1.6  -0.5  -9 -9.0 -9  3  2
202601281400 108  29  3.3  -9 -9.0   -9 1018.3 1029.3 -9  -9.0  -2.3 -18.3  28.0   1.5   -9.0   -9.0   -9.0   -9.0   -9.0   -9.0   -9.0 -9 -9 -                        0   0   -9 -         -9  -9  -9  3655  1.0  2.23 -9   1.7  -1.6  -2.2  -1.5  -0.7  -9 -9.0 -9  3  2
202601281500 108  27  3.6  -9 -9.0   -9 1018.1 1029.1  7  -1.9  -1.1 -18.6  25.0   1.4   -9.0   -9.0   -9.0   -9.0   -9.0   -9.0   -9.0 -9 -9 -                        0   0   -9 -         -9  -9  -9  3050  1.0  1.94 -9   0.7  -1.4  -2.0  -1.4  -0.7  -9 -9.0 -9  3  2
202601281600 108  29  3.0  -9 -9.0   -9 1018.0 1029.0 -9  -9.0  -0.8 -18.4  25.0   1.4   -9.0   -9.0   -9.0   -9.0   -9.0   -9.0   -9.0 -9 -9 -                        0   0   -9 -         -9  -9  -9  3461  1.0  1.44 -9   0.4  -1.2  -1.9  -1.4  -0.7  -9 -9.0 -9  3  2
202601281700 108  29  3.3  -9 -9.0   -9 1017.9 1028.9 -9  -9.0  -1.2 -17.8  27.0   1.5   -9.0   -9.0   -9.0   -9.0   -9.0   -9.0   -9.0 -9 -9 -                        0   0   -9 -         -9  -9  -9  3696  1.0  0.73 -9  -0.4  -1.2  -1.8  -1.3  -0.6  -9 -9.0 -9  3  2
202601281800 108  27  3.5  -9 -9.0   -9 1018.3 1029.3  3   0.2  -2.5 -17.3  31.0   1.6   -9.0   -9.0   -9.0   -9.0   -9.0   -9.0   -9.0 -9 -9 -                        0   0   -9 -         -9  -9  -9  3069  0.4  0.15 -9  -1.9  -1.2  -1.7  -1.2  -0.6  -9 -9.0 -9  3  2
202601281900 108  25  2.6  -9 -9.0   -9 1018.6 1029.7 -9  -9.0  -3.0 -16.6  34.0   1.7   -9.0   -9.0   -9.0   -9.0   -9.0   -9.0   -9.0 -9 -9 -                        0   0   -9 -         -9  -9  -9  2933 -9.0 -9.00 -9  -2.6  -1.5  -1.7  -1.0  -0.5  -9 -9.0 -9  3 -9
202601282000 108  25  2.5  -9 -9.0   -9 1018.5 1029.6 -9  -9.0  -3.5 -15.8  38.0   1.8   -9.0   -9.0   -9.0   -9.0   -9.0   -9.0   -9.0 -9 -9 -                        0   0   -9 -         -9  -9  -9  2651 -9.0 -9.00 -9  -3.4  -1.7  -1.8  -0.9  -0.4  -9 -9.0 -9  3 -9
202601282100 108  25  3.6  -9 -9.0   -9 1018.7 1029.8  2   0.5  -3.8 -15.7  39.0   1.8   -9.0   -9.0   -9.0   -9.0   -9.0   -9.0   -9.0 -9 -9 -                        0   0   -9 -         -9  -9  -9  2953 -9.0 -9.00 -9  -4.2  -1.9  -1.9  -0.9  -0.3  -9 -9.0 -9  3  2
202601282200 108  27  3.0  -9 -9.0   -9 1019.3 1030.4 -9  -9.0  -4.1 -16.3  38.0   1.7   -9.0   -9.0   -9.0   -9.0   -9.0   -9.0   -9.0 -9 -9 -                        0   0   -9 -         -9  -9  -9  3315 -9.0 -9.00 -9  -4.7  -2.0  -2.0  -0.9  -0.3  -9 -9.0 -9  3 -9
202601282300 108  25  2.4  -9 -9.0   -9 1019.5 1030.6 -9  -9.0  -4.7 -15.9  41.0   1.8   -9.0   -9.0   -9.0   -9.0   -9.0   -9.0   -9.0 -9 -9 -                        0   0   -9 -         -9  -9  -9  2943 -9.0 -9.00 -9  -5.1  -2.2  -2.1  -0.9  -0.1  -9 -9.0 -9  3 -9
202601290000 108  27  1.8  -9 -9.0   -9 1019.7 1030.9  2   1.1  -5.4 -15.2  46.0   1.9   -9.0   -9.0   -9.0   -9.0   -9.0   -9.0   -9.0 -9 -9 -                        0   0   -9 -         -9  -9  -9  2538 -9.0 -9.00 -9  -5.5  -2.3  -2.2  -0.9  -0.4  -9 -9.0 -9  3  2
202601290100 108  29  1.9  -9 -9.0   -9 1019.6 1030.8 -9  -9.0  -6.1 -16.9  42.0   1.6   -9.0   -9.0   -9.0   -9.0   -9.0   -9.0   -9.0 -9 -9 -                        0   0   -9 -         -9  -9  -9  2603 -9.0 -9.00 -9  -5.9  -2.5  -2.4  -1.0  -0.4  -9 -9.0 -9  3 -9
202601290200 108  32  1.8  -9 -9.0   -9 1019.8 1031.0 -9  -9.0  -6.6 -17.1  43.0   1.6   -9.0   -9.0   -9.0   -9.0   -9.0   -9.0   -9.0 -9 -9 -                        0   0   -9 -         -9  -9  -9  3132 -9.0 -9.00 -9  -6.2  -2.7  -2.5  -1.1  -0.2  -9 -9.0 -9  3 -9
202601290300 108  34  2.0  -9 -9.0   -9 1020.0 1031.3  3   0.4  -7.2 -17.4  44.0   1.6   -9.0   -9.0   -9.0   -9.0   -9.0   -9.0   -9.0 -9 -9 -                        0   0   -9 -         -9  -9  -9  3156 -9.0 -9.00 -9  -6.5  -2.8  -2.6  -1.0  -0.3  -9 -9.0 -9  3  2
202601290400 108  32  2.1  -9 -9.0   -9 1019.9 1031.2 -9  -9.0  -7.7 -17.0  47.0   1.6   -9.0   -9.0   -9.0   -9.0   -9.0   -9.0   -9.0 -9 -9 -                        0   0   -9 -         -9  -9  -9  3126 -9.0 -9.00 -9  -6.8  -3.0  -2.8  -1.1  -0.3  -9 -9.0 -9  3  2
202601290500 108  27  1.3  -9 -9.0   -9 1019.6 1030.9 -9  -9.0  -8.3 -17.1  49.0   1.6   -9.0   -9.0   -9.0   -9.0   -9.0   -9.0   -9.0 -9 -9 -                        0   0   -9 -         -9  -9  -9  3196 -9.0 -9.00 -9  -7.1  -3.3  -3.0  -1.3  -0.3  -9 -9.0 -9  3  2
202601290600 108  25  1.8  -9 -9.0   -9 1019.4 1030.7  7  -0.6  -8.2 -16.5  51.0   1.7   -9.0   -9.0   -9.0   -9.0   -9.0   -9.0   -9.0 -9 -9 -                        0   0   -9 -         -9  -9  -9  3254 -9.0 -9.00 -9  -7.3  -3.5  -3.2  -1.3  -0.3  -9 -9.0 -9  3  2
202601290700 108  25  2.0  -9 -9.0   -9 1019.7 1031.0 -9  -9.0  -8.6 -17.1  50.0   1.6   -9.0   -9.0   -9.0   -9.0   -9.0   -9.0   -9.0 -9 -9 -                        0   0   -9 -         -9  -9  -9  3434 -9.0 -9.00 -9  -7.6  -3.7  -3.3  -1.4  -0.3  -9 -9.0 -9  3  2
202601290800 108  27  1.0  -9 -9.0   -9 1020.3 1031.6 -9  -9.0  -8.7 -17.0  51.0   1.6   -9.0   -9.0   -9.0   -9.0   -9.0   -9.0   -9.0 -9 -9 -                        0   0   -9 -         -9  -9  -9  3128  0.1  0.01 -9  -7.6  -3.8  -3.5  -1.5  -0.3  -9 -9.0 -9  3  2
202601290900 108  29  1.7  -9 -9.0   -9 1020.7 1032.0  2   1.3  -7.3 -15.9  50.0   1.8   -9.0   -9.0   -9.0   -9.0   -9.0   -9.0   -9.0 -9 -9 -                        0   0   -9 -         -9  -9  -9  3004  1.0  0.40 -9  -5.8  -3.8  -3.5  -1.6  -0.3  -9 -9.0 -9  3  2
202601291000 108  29  3.3  -9 -9.0   -9 1021.1 1032.3 -9  -9.0  -5.2 -15.8  43.0   1.8   -9.0   -9.0   -9.0   -9.0   -9.0   -9.0   -9.0 -9 -9 -                        0   0   -9 -         -9  -9  -9  3169  1.0  1.10 -9  -2.1  -3.4  -3.4  -1.7  -0.4  -9 -9.0 -9  3  2
202601291100 108  29  2.9  -9 -9.0   -9 1021.1 1032.2 -9  -9.0  -3.9 -16.8  36.0   1.6   -9.0   -9.0   -9.0   -9.0   -9.0   -9.0   -9.0 -9 -9 -                        0   0   -9 -         -9  -9  -9  3205  1.0  1.71 -9  -0.2  -2.8  -3.1  -1.7  -0.5  -9 -9.0 -9  3  2
202601291200 108  29  3.3  -9 -9.0   -9 1020.3 1031.4  8  -0.6  -2.7 -17.9  30.0   1.5   -9.0   -9.0   -9.0   -9.0   -9.0   -9.0   -9.0 -9 -9 -                        0   0   -9 -         -9  -9  -9  3903  1.0  2.13 -9   0.8  -2.3  -2.8  -1.8  -0.6  -9 -9.0 -9  3  2
202601291300 108  29  3.9  -9 -9.0   -9 1019.3 1030.3 -9  -9.0  -2.1 -18.2  28.0   1.5   -9.0   -9.0   -9.0   -9.0   -9.0   -9.0   -9.0 -9 -9 -                        0   0   -9 -         -9  -9  -9  4007  1.0  2.33 -9   2.5  -1.9  -2.5  -1.7  -0.7  -9 -9.0 -9  3  2
202601291400 108  29  4.3  -9 -9.0   -9 1018.7 1029.7 -9  -9.0  -1.2 -19.2  24.0   1.3   -9.0   -9.0   -9.0   -9.0   -9.0   -9.0   -9.0 -9 -9 -                        0   0   -9 -         -9  -9  -9  3805  1.0  2.29 -9   2.3  -1.5  -2.2  -1.7  -0.8  -9 -9.0 -9  3  2
202601291500 108  29  4.2  -9 -9.0   -9 1018.4 1029.4  7  -2.0  -0.9 -18.9  24.0   1.4   -9.0   -9.0   -9.0   -9.0   -9.0   -9.0   -9.0 -9 -9 -                        0   0   -9 -         -9  -9  -9  3490  1.0  1.99 -9   1.0  -1.3  -2.0  -1.6  -0.8  -9 -9.0 -9  3  2
202601291600 108  25  4.1  -9 -9.0   -9 1018.5 1029.5 -9  -9.0  -0.4 -19.0  23.0   1.4   -9.0   -9.0   -9.0   -9.0   -9.0   -9.0   -9.0 -9 -9 -                        0   0   -9 -         -9  -9  -9  3420  1.0  1.51 -9   0.4  -1.2  -1.9  -1.5  -0.9  -9 -9.0 -9  3  2
202601291700 108  27  4.1  -9 -9.0   -9 1018.7 1029.7 -9  -9.0  -1.1 -18.6  25.0   1.4   -9.0   -9.0   -9.0   -9.0   -9.0   -9.0   -9.0 -9 -9 -                        0   0   -9 -         -9  -9  -9  4076  1.0  0.81 -9  -0.5  -1.1  -1.8  -1.4  -0.9  -9 -9.0 -9  3  2
202601291800 108  25  3.5  -9 -9.0   -9 1019.0 1030.0  2   0.6  -2.4 -18.4  28.0   1.4   -9.0   -9.0   -9.0   -9.0   -9.0   -9.0   -9.0 -9 -9 -                        0   0   -9 -         -9  -9  -9  3830  0.4  0.18 -9  -2.2  -1.3  -1.8  -1.2  -0.7  -9 -9.0 -9  3  2
202601291900 108  27  2.5  -9 -9.0   -9 1019.6 1030.7 -9  -9.0  -3.4 -20.2  26.0   1.2   -9.0   -9.0   -9.0   -9.0   -9.0   -9.0   -9.0 -9 -9 -                        0   0   -9 -         -9  -9  -9  3868 -9.0 -9.00 -9  -3.2  -1.5  -1.8  -1.0  -0.6  -9 -9.0 -9  3 -9
202601292000 108  29  3.2  -9 -9.0   -9 1020.1 1031.2 -9  -9.0  -4.0 -20.2  27.0   1.2   -9.0   -9.0   -9.0   -9.0   -9.0   -9.0   -9.0 -9 -9 -                        0   0   -9 -         -9  -9  -9  3741 -9.0 -9.00 -9  -4.2  -1.8  -1.9  -0.9  -0.4  -9 -9.0 -9  3 -9
202601292100 108  29  4.1  -9 -9.0   -9 1020.7 1031.9  2   1.9  -5.3 -17.7  37.0   1.5   -9.0   -9.0   -9.0   -9.0   -9.0   -9.0   -9.0 -9 -9 -                        1   0   -9 Ci         1   0   0  2711 -9.0 -9.00 -9  -5.1  -1.9  -2.0  -0.9  -0.3  -9 -9.0 -9  3  2
202601292200 108  36  3.6  -9 -9.0   -9 1020.9 1032.1 -9  -9.0  -6.6 -17.7  41.0   1.5   -9.0   -9.0   -9.0   -9.0   -9.0   -9.0   -9.0 -9 -9 -                        0   0   -9 -         -9  -9  -9  2528 -9.0 -9.00 -9  -5.8  -2.1  -2.1  -0.9  -0.3  -9 -9.0 -9  3 -9
202601292300 108  29  1.8  -9 -9.0   -9 1020.8 1032.1 -9  -9.0  -7.3 -18.0  42.0   1.5   -9.0   -9.0   -9.0   -9.0   -9.0   -9.0   -9.0 -9 -9 -                        6   4   74 -         -9  -9  -9  2633 -9.0 -9.00 -9  -6.2  -2.4  -2.3  -0.9  -0.3  -9 -9.0 -9  3 -9
202601300000 108  27  0.8  -9 -9.0   -9 1020.9 1032.2  2   0.3  -7.8 -18.2  43.0   1.5   -9.0   -9.0   -9.0   -9.0   -9.0   -9.0   -9.0 -9 -9 -                        0   0   -9 -         -9  -9  -9  2685 -9.0 -9.00 -9  -6.8  -2.6  -2.5  -1.1  -0.2  -9 -9.0 -9  3  2
202601300100 108   0  0.4  -9 -9.0   -9 1020.6 1031.9 -9  -9.0  -8.3 -18.4  44.0   1.4   -9.0   -9.0   -9.0   -9.0   -9.0   -9.0   -9.0 -9 -9 -                        0   0   -9 -         -9  -9  -9  2763 -9.0 -9.00 -9  -7.3  -2.9  -2.7  -1.1  -0.4  -9 -9.0 -9  3 -9
202601300200 108  27  1.4  -9 -9.0   -9 1021.0 1032.3 -9  -9.0  -8.9 -18.7  45.0   1.4   -9.0   -9.0   -9.0   -9.0   -9.0   -9.0   -9.0 -9 -9 -                        0   0   -9 -         -9  -9  -9  2756 -9.0 -9.00 -9  -7.6  -3.2  -2.9  -1.2  -0.3  -9 -9.0 -9  3 -9
202601300300 108  25  1.9  -9 -9.0   -9 1021.0 1032.3  1   0.1  -9.0 -18.5  46.0   1.4   -9.0   -9.0   -9.0   -9.0   -9.0   -9.0   -9.0 -9 -9 -                        0   0   -9 -         -9  -9  -9  2685 -9.0 -9.00 -9  -7.9  -3.5  -3.1  -1.3  -0.4  -9 -9.0 -9  3  2
202601300400 108  27  2.8  -9 -9.0   -9 1021.0 1032.3 -9  -9.0  -8.8 -18.8  44.0   1.4   -9.0   -9.0   -9.0   -9.0   -9.0   -9.0   -9.0 -9 -9 -                        0   0   -9 -         -9  -9  -9  2906 -9.0 -9.00 -9  -7.9  -3.6  -3.3  -1.4  -0.4  -9 -9.0 -9  3  2
202601300500 108  27  1.9  -9 -9.0   -9 1021.3 1032.6 -9  -9.0  -8.8 -18.6  45.0   1.4   -9.0   -9.0   -9.0   -9.0   -9.0   -9.0   -9.0 -9 -9 -                        0   0   -9 -         -9  -9  -9  2800 -9.0 -9.00 -9  -8.0  -3.7  -3.4  -1.6  -0.4  -9 -9.0 -9  3  2
202601300600 108  27  1.3  -9 -9.0   -9 1021.2 1032.5  0   0.2  -9.0 -18.2  47.0   1.5   -9.0   -9.0   -9.0   -9.0   -9.0   -9.0   -9.0 -9 -9 -                        3   0   -9 Ci         1   0   0  2896 -9.0 -9.00 -9  -8.0  -3.9  -3.5  -1.6  -0.5  -9 -9.0 -9  3  2
202601300700 108  27  2.2  -9 -9.0   -9 1021.8 1033.2 -9  -9.0  -9.0 -17.7  49.0   1.5   -9.0   -9.0   -9.0   -9.0   -9.0   -9.0   -9.0 -9 -9 -                        3   0   -9 Ci         1   0   0  2925 -9.0 -9.00 -9  -7.8  -3.9  -3.6  -1.7  -0.5  -9 -9.0 -9  3  2
202601300800 108  32  2.8  -9 -9.0   -9 1021.8 1033.2 -9  -9.0  -9.1 -18.3  47.0   1.5   -9.0   -9.0   -9.0   -9.0   -9.0   -9.0   -9.0 -9 -9 -                        2   0   -9 Ci         1   0   0  2756  0.0  0.01 -9  -7.8  -4.0  -3.7  -1.7  -0.5  -9 -9.0 -9  3  2
202601300900 108  32  2.9  -9 -9.0   -9 1021.8 1033.1  0   0.6  -8.7 -18.2  46.0   1.5   -9.0   -9.0   -9.0   -9.0   -9.0   -9.0   -9.0 -9 -9 -                        1   0   -9 Ci         1   0   0  2382  1.0  0.40 -9  -6.4  -4.0  -3.8  -1.8  -0.6  -9 -9.0 -9  3  2
202601301000 108  27  2.2  -9 -9.0   -9 1021.8 1033.1 -9  -9.0  -7.5 -18.2  42.0   1.5   -9.0   -9.0   -9.0   -9.0   -9.0   -9.0   -9.0 -9 -9 -                        0   0   -9 -         -9  -9  -9  2447  1.0  1.08 -9  -2.5  -3.8  -3.7  -1.9  -0.6  -9 -9.0 -9  3  2
202601301100 108  29  3.2  -9 -9.0   -9 1022.0 1033.2 -9  -9.0  -6.5 -18.5  38.0   1.4   -9.0   -9.0   -9.0   -9.0   -9.0   -9.0   -9.0 -9 -9 -                        2   0   -9 Ci         1   0   0  2529  1.0  1.68 -9  -0.3  -3.2  -3.4  -2.0  -0.6  -9 -9.0 -9  3  2
202601301200 108  29  3.3  -9 -9.0   -9 1021.3 1032.5  8  -0.6  -5.2 -18.3  35.0   1.5   -9.0   -9.0   -9.0   -9.0   -9.0   -9.0   -9.0 -9 -9 -                        6   0   -9 Ci         1   0   0  2445  1.0  2.08 -9   0.9  -2.6  -3.1  -2.0  -0.8  -9 -9.0 -9  3  2
202601301300 108  29  2.7  -9 -9.0   -9 1020.4 1031.5 -9  -9.0  -4.3 -18.2  33.0   1.5   -9.0   -9.0   -9.0   -9.0   -9.0   -9.0   -9.0 -9 -9 -                        8   0   -9 Ci         1   0   0  2511  0.9  1.72 -9   1.6  -2.1  -2.8  -1.9  -1.0  -9 -9.0 -9  3  2
202601301400 108  25  2.6  -9 -9.0   -9 1019.5 1030.5 -9  -9.0  -2.5 -16.9  32.0   1.6   -9.0   -9.0   -9.0   -9.0   -9.0   -9.0   -9.0 -9 -9 -                        7   0   -9 Ci         1   0   0  2153  1.0  2.02 -9   2.2  -1.7  -2.5  -1.8  -0.9  -9 -9.0 -9  3  2
202601301500 108  25  3.4  -9 -9.0   -9 1019.4 1030.4  7  -2.1  -2.1 -16.6  32.0   1.7   -9.0   -9.0   -9.0   -9.0   -9.0   -9.0   -9.0 -9 -9 -                        8   0   -9 Ci         1   0   0  2378  1.0  1.71 -9   1.6  -1.3  -2.2  -1.8  -1.0  -9 -9.0 -9  3  2
202601301600 108  32  3.2  -9 -9.0   -9 1019.2 1030.3 -9  -9.0  -2.7 -17.1  32.0   1.6   -9.0   -9.0   -9.0   -9.0   -9.0   -9.0   -9.0 -9 -9 -                        7   0   -9 Ci         1   0   0  2278  1.0  1.31 -9   0.5  -1.2  -2.1  -1.7  -1.0  -9 -9.0 -9  3  2
202601301700 108  29  2.5  -9 -9.0   -9 1019.1 1030.2 -9  -9.0  -3.0 -17.4  32.0   1.6   -9.0   -9.0   -9.0   -9.0   -9.0   -9.0   -9.0 -9 -9 -                        0   0   -9 -         -9  -9  -9  2571  1.0  0.64 -9  -0.9  -1.3  -2.0  -1.5  -0.9  -9 -9.0 -9  3  2
202601301800 108  27  2.6  -9 -9.0   -9 1019.4 1030.5  3   0.1  -4.3 -17.1  36.0   1.6   -9.0   -9.0   -9.0   -9.0   -9.0   -9.0   -9.0 -9 -9 -                        0   0   -9 -         -9  -9  -9  2118  0.4  0.18 -9  -2.9  -1.6  -2.0  -1.4  -0.8  -9 -9.0 -9  3  2
202601301900 108  27  2.8  -9 -9.0   -9 1020.4 1031.6 -9  -9.0  -5.0 -16.8  39.0   1.6   -9.0   -9.0   -9.0   -9.0   -9.0   -9.0   -9.0 -9 -9 -                        0   0   -9 -         -9  -9  -9  1912 -9.0 -9.00 -9  -4.0  -1.8  -2.0  -1.2  -0.7  -9 -9.0 -9  3 -9
202601302000 108  32  0.9  -9 -9.0   -9 1019.9 1031.1 -9  -9.0  -5.7 -16.8  41.0   1.6   -9.0   -9.0   -9.0   -9.0   -9.0   -9.0   -9.0 -9 -9 -                        0   0   -9 -         -9  -9  -9  1803 -9.0 -9.00 -9  -5.2  -2.1  -2.2  -1.2  -0.5  -9 -9.0 -9  3 -9
202601302100 108  32  1.6  -9 -9.0   -9 1019.5 1030.7  0   0.2  -6.1 -16.9  42.0   1.6   -9.0   -9.0   -9.0   -9.0   -9.0   -9.0   -9.0 -9 -9 -                        0   0   -9 -         -9  -9  -9  1887 -9.0 -9.00 -9  -5.8  -2.3  -2.3  -1.1  -0.5  -9 -9.0 -9  3  2
202601302200 108  32  1.0  -9 -9.0   -9 1019.6 1030.8 -9  -9.0  -6.4 -17.2  42.0   1.6   -9.0   -9.0   -9.0   -9.0   -9.0   -9.0   -9.0 -9 -9 -                        0   0   -9 -         -9  -9  -9  1859 -9.0 -9.00 -9  -6.3  -2.5  -2.5  -1.2  -0.5  -9 -9.0 -9  3 -9
202601302300 108  27  2.6  -9 -9.0   -9 1019.3 1030.5 -9  -9.0  -6.6 -16.5  45.0   1.7   -9.0   -9.0   -9.0   -9.0   -9.0   -9.0   -9.0 -9 -9 -                        0   0   -9 -         -9  -9  -9  1796 -9.0 -9.00 -9  -6.5  -2.8  -2.7  -1.2  -0.5  -9 -9.0 -9  3 -9
202601310000 108  27  2.9  -9 -9.0   -9 1019.6 1030.8  1   0.1  -7.0 -16.4  47.0   1.7   -9.0   -9.0   -9.0   -9.0   -9.0   -9.0   -9.0 -9 -9 -                        0   0   -9 -         -9  -9  -9  1763 -9.0 -9.00 -9  -6.7  -2.9  -2.8  -1.3  -0.5  -9 -9.0 -9  3  2
202601310100 108  29  0.8  -9 -9.0   -9 1019.5 1030.8 -9  -9.0  -7.8 -17.1  47.0   1.6   -9.0   -9.0   -9.0   -9.0   -9.0   -9.0   -9.0 -9 -9 -                        4   2   -9 -         -9  -9  -9  1765 -9.0 -9.00 -9  -7.2  -3.1  -2.9  -1.4  -0.5  -9 -9.0 -9  3 -9
202601310200 108  27  1.7  -9 -9.0   -9 1019.7 1031.0 -9  -9.0  -8.2 -16.5  51.0   1.7   -9.0   -9.0   -9.0   -9.0   -9.0   -9.0   -9.0 -9 -9 -                        0   0   -9 -         -9  -9  -9  1748 -9.0 -9.00 -9  -7.4  -3.3  -3.1  -1.4  -0.6  -9 -9.0 -9  3 -9
202601310300 108  27  2.4  -9 -9.0   -9 1019.7 1031.0  1   0.2  -8.2 -16.8  50.0   1.6   -9.0   -9.0   -9.0   -9.0   -9.0   -9.0   -9.0 -9 -9 -                        0   0   -9 -         -9  -9  -9  1809 -9.0 -9.00 -9  -7.6  -3.5  -3.3  -1.6  -0.5  -9 -9.0 -9  3  2
202601310400 108  36  0.5  -9 -9.0   -9 1019.7 1031.0 -9  -9.0  -8.8 -17.3  50.0   1.6   -9.0   -9.0   -9.0   -9.0   -9.0   -9.0   -9.0 -9 -9 -                        0   0   -9 -         -9  -9  -9  1871 -9.0 -9.00 -9  -7.9  -3.7  -3.4  -1.6  -0.6  -9 -9.0 -9  3  2
202601310500 108  34  1.2  -9 -9.0   -9 1019.4 1030.7 -9  -9.0  -9.1 -17.4  51.0   1.6   -9.0   -9.0   -9.0   -9.0   -9.0   -9.0   -9.0 -9 -9 -                        2   2   30 Ac         0   3   0  1909 -9.0 -9.00 -9  -8.1  -3.8  -3.6  -1.7  -0.7  -9 -9.0 -9  3  2
202601310600 108  27  0.9  -9 -9.0   -9 1019.1 1030.4  7  -0.6  -9.0 -17.0  52.0   1.6   -9.0   -9.0   -9.0   -9.0   -9.0   -9.0   -9.0 -9 -9 -                        6   6   28 Ac         0   3   0  1846 -9.0 -9.00 -9  -7.7  -4.0  -3.7  -1.8  -0.6  -9 -9.0 -9  3  2
202601310700 108  25  1.4  -9 -9.0   -9 1019.1 1030.4 -9  -9.0  -9.3 -16.4  56.0   1.7   -9.0   -9.0   -9.0   -9.0   -9.0   -9.0   -9.0 -9 -9 -                        0   0   -9 -         -9  -9  -9  1860 -9.0 -9.00 -9  -8.2  -4.1  -3.8  -1.9  -0.7  -9 -9.0 -9  3  2
202601310800 108  36  0.7  -9 -9.0   -9 1019.3 1030.6 -9  -9.0  -9.3 -16.9  54.0   1.6   -9.0   -9.0   -9.0   -9.0   -9.0   -9.0   -9.0 -9 -9 -                        0   0   -9 -         -9  -9  -9  1894  0.0  0.01 -9  -7.9  -4.2  -3.9  -2.0  -0.7  -9 -9.0 -9  3  2
202601310900 108   2  1.0  -9 -9.0   -9 1019.4 1030.7  2   0.3  -8.6 -16.0  55.0   1.8   -9.0   -9.0   -9.0   -9.0   -9.0   -9.0   -9.0 -9 -9 -                        0   0   -9 -         -9  -9  -9  1912  0.7  0.33 -9  -6.0  -4.1  -3.9  -2.1  -0.8  -9 -9.0 -9  3  2
202601311000 108  25  1.2  -9 -9.0   -9 1019.7 1030.9 -9  -9.0  -5.7 -15.5  46.0   1.8   -9.0   -9.0   -9.0   -9.0   -9.0   -9.0   -9.0 -9 -9 -                        0   0   -9 -         -9  -9  -9  2184  1.0  0.97 -9  -1.6  -3.6  -3.8  -2.2  -0.9  -9 -9.0 -9  3  2
202601311100 108  18  2.5  -9 -9.0   -9 1019.5 1030.6 -9  -9.0  -2.8 -15.8  36.0   1.8   -9.0   -9.0   -9.0   -9.0   -9.0   -9.0   -9.0 -9 -9 -                        0   0   -9 -         -9  -9  -9  2212  1.0  1.63 -9   0.6  -2.7  -3.4  -2.2  -0.9  -9 -9.0 -9  3  2
202601311200 108  29  2.2  -9 -9.0   -9 1018.8 1029.8  8  -0.9  -1.7 -17.0  30.0   1.6   -9.0   -9.0   -9.0   -9.0   -9.0   -9.0   -9.0 -9 -9 -                        0   0   -9 -         -9  -9  -9  2983  1.0  2.06 -9   3.1  -2.0  -2.9  -2.2  -1.1  -9 -9.0 -9  3  2
202601311300 108  27  2.4  -9 -9.0   -9 1017.6 1028.5 -9  -9.0  -0.1 -17.8  25.0   1.5   -9.0   -9.0   -9.0   -9.0   -9.0   -9.0   -9.0 -9 -9 -                        0   0   -9 -         -9  -9  -9  3816  1.0  2.29 -9   5.0  -1.6  -2.6  -2.1  -1.3  -9 -9.0 -9  3  2
202601311400 108  25  3.7  -9 -9.0   -9 1016.9 1027.8 -9  -9.0   0.6 -19.2  21.0   1.3   -9.0   -9.0   -9.0   -9.0   -9.0   -9.0   -9.0 -9 -9 -                        0   0   -9 -         -9  -9  -9  3517  1.0  2.25 -9   4.0  -1.2  -2.3  -2.0  -1.2  -9 -9.0 -9  3  2
202601311500 108  25  3.4  -9 -9.0   -9 1016.2 1027.1  7  -2.7   1.3 -17.1  24.0   1.6   -9.0   -9.0   -9.0   -9.0   -9.0   -9.0   -9.0 -9 -9 -                        0   0   -9 -         -9  -9  -9  2951  1.0  1.97 -9   2.5  -1.0  -2.2  -2.0  -1.4  -9 -9.0 -9  3  2
202601311600 108  25  3.1  -9 -9.0   -9 1016.2 1027.1 -9  -9.0   1.3 -16.1  26.0   1.7   -9.0   -9.0   -9.0   -9.0   -9.0   -9.0   -9.0 -9 -9 -                        0   0   -9 -         -9  -9  -9  3180  1.0  1.47 -9   1.0  -0.9  -2.2  -2.0  -1.4  -9 -9.0 -9  3  2
202601311700 108  27  3.1  -9 -9.0   -9 1016.2 1027.1 -9  -9.0   0.3 -15.7  29.0   1.8   -9.0   -9.0   -9.0   -9.0   -9.0   -9.0   -9.0 -9 -9 -                        0   0   -9 -         -9  -9  -9  3520  1.0  0.76 -9   0.3  -0.9  -2.1  -2.0  -1.5  -9 -9.0 -9  3  2
202601311800 108  25  2.3  -9 -9.0   -9 1016.4 1027.4  2   0.3  -1.4 -16.0  32.0   1.8   -9.0   -9.0   -9.0   -9.0   -9.0   -9.0   -9.0 -9 -9 -                        0   0   -9 -         -9  -9  -9  3014  0.4  0.18 -9  -1.4  -1.0  -2.0  -1.8  -1.4  -9 -9.0 -9  3  2
202601311900 108  25  2.0  -9 -9.0   -9 1016.6 1027.6 -9  -9.0  -2.3 -14.7  38.0   2.0   -9.0   -9.0   -9.0   -9.0   -9.0   -9.0   -9.0 -9 -9 -                        0   0   -9 -         -9  -9  -9  2990 -9.0 -9.00 -9  -2.5  -1.2  -1.9  -1.5  -1.0  -9 -9.0 -9  3 -9
202601312000 108  25  0.9  -9 -9.0   -9 1016.3 1027.3 -9  -9.0  -2.8 -11.5  51.0   2.5   -9.0   -9.0   -9.0   -9.0   -9.0   -9.0   -9.0 -9 -9 -                        0   0   -9 -         -9  -9  -9  2490 -9.0 -9.00 -9  -3.2  -1.5  -1.9  -1.3  -0.9  -9 -9.0 -9  3 -9
202601312100 108  27  1.4  -9 -9.0   -9 1016.4 1027.4  4   0.0  -3.0  -9.4  61.0   3.0   -9.0   -9.0   -9.0   -9.0   -9.0   -9.0   -9.0 -9 -9 -                        7   0   -9 Ci         1   0   0  1742 -9.0 -9.00 -9  -3.7  -1.6  -2.0  -1.2  -0.8  -9 -9.0 -9  3  2
202601312200 108  27  1.7  -9 -9.0   -9 1016.4 1027.4 -9  -9.0  -2.3  -7.9  65.0   3.4   -9.0   -9.0   -9.0   -9.0   -9.0   -9.0   -9.0 -9 -9 -                        9   9    9 -         -9  -9  -9  1346 -9.0 -9.00 -9  -2.4  -1.6  -2.1  -1.2  -0.8  -9 -9.0 -9  3 -9
202601312300 108  27  0.9  -9 -9.0   -9 1016.5 1027.5 -9  -9.0  -2.3  -8.8  61.0   3.1   -9.0    0.0    0.0   -9.0   -9.0   -9.0   -9.0 70 72 05                       9   9    9 Sc         0   0   5  1206 -9.0 -9.00 -9  -2.6  -1.6  -2.1  -1.3  -0.8  -9 -9.0 -9  4  1
#7777END
