#START7777
#2345678901234567890123456789012345678901234567890123456789012345678901234567890123456789012345678901234567890123456789012345678901234567890123456789012345678901234567890123456789012345678901234567890123456789012345678901234567890123456789012345678901234
# YYMMDDHHMI STN  WD   WS GST  GST  GST     PA     PS PT    PR    TA    TD    HM    PV     RN     RN     RN     RN     SD     SD     SD WC WP WW                      CA  CA   CH CT        CT  CT  CT    VS   SS    SI ST    TS    TE    TE    TE    TE  ST   WH BF IR IX
#        KST  ID  16  m/s  WD   WS   TM    hPa    hPa  -   hPa     C     C     %   hPa     mm    DAY    JUN    INT    HR3    DAY    TOT -- -- ---------------------- TOT MID  MIN -------- TOP MID LOW                  GD     C     5    10    20    30 SEA    m --  -  -
202606010000 108  32  0.8  -9 -9.0   -9 1004.3 1014.2  2   0.7  21.1   8.0  43.0  10.7   -9.0   -9.0   -9.0   -9.0   -9.0   -9.0   -9.0 -9 -9 -                        3   0   -9 -         -9  -9  -9  3518 -9.0 -9.00 -9  17.9  22.1  22.9  23.3  23.2  -9 -9.0 -9  3  2
202606010100 108  27  0.9  -9 -9.0   -9 1004.4 1014.4 -9  -9.0  20.3   7.9  45.0  10.6   -9.0   -9.0   -9.0   -9.0   -9.0   -9.0   -9.0 -9 -9 -                        4   4   70 -         -9  -9  -9  3882 -9.0 -9.00 -9  17.3  21.7  22.5  22.9  23.1  -9 -9.0 -9  3 -9
202606010200 108   2  1.1  -9 -9.0   -9 1004.1 1014.1 -9  -9.0  19.9   7.9  46.0  10.6   -9.0   -9.0   -9.0   -9.0   -9.0   -9.0   -9.0 -9 -9 -                        4   3   -9 -         -9  -9  -9  3746 -9.0 -9.00 -9  16.9  21.3  22.1  22.5  23.0  -9 -9.0 -9  3 -9
202606010300 108   2  1.4  -9 -9.0   -9 1003.9 1013.9  8  -0.3  19.5   7.8  47.0  10.6   -9.0   -9.0   -9.0   -9.0   -9.0   -9.0   -9.0 -9 -9 -                        7   0   -9 -         -9  -9  -9  3838 -9.0 -9.00 -9  16.5  21.0  21.8  22.2  22.9  -9 -9.0 -9  3  2
202606010400 108   5  1.3  -9 -9.0   -9 1003.6 1013.6 -9  -9.0  18.7   8.3  51.0  10.9   -9.0   -9.0   -9.0   -9.0   -9.0   -9.0   -9.0 -9 -9 -                        8   0   -9 -         -9  -9  -9  3621 -9.0 -9.00 -9  16.3  20.6  21.5  21.9  22.8  -9 -9.0 -9  3  2
202606010500 108   2  1.6  -9 -9.0   -9 1003.8 1013.8 -9  -9.0  18.7   8.3  51.0  10.9   -9.0   -9.0   -9.0   -9.0   -9.0   -9.0   -9.0 -9 -9 -                        7   0   -9 -         -9  -9  -9  3948 -9.0 -9.00 -9  16.4  20.4  21.2  21.6  22.7  -9 -9.0 -9  3  2
202606010600 108   2  1.7  -9 -9.0   -9 1004.2 1014.3  3   0.4  18.4   8.6  53.0  11.2   -9.0   -9.0   -9.0   -9.0   -9.0   -9.0   -9.0 -9 -9 -                        7   0   -9 -         -9  -9  -9  3923  0.0  0.04 -9  16.3  20.1  20.9  21.3  22.5  -9 -9.0 -9  3  2
202606010700 108   5  1.7  -9 -9.0   -9 1004.4 1014.4 -9  -9.0  18.6   9.9  57.0  12.2   -9.0   -9.0   -9.0   -9.0   -9.0   -9.0   -9.0 -9 -9 -                        8   0   -9 -         -9  -9  -9  3896  0.0  0.31 -9  18.7  20.0  20.8  21.2  22.4  -9 -9.0 -9  3  2
202606010800 108   5  2.4  -9 -9.0   -9 1004.6 1014.6 -9  -9.0  20.4  11.3  56.0  13.4   -9.0   -9.0   -9.0   -9.0   -9.0   -9.0   -9.0 -9 -9 -                        9   9   70 -         -9  -9  -9  4021  0.1  0.78 -9  22.1  20.4  20.9  21.2  22.3  -9 -9.0 -9  3  2
202606010900 108   5  1.2  -9 -9.0   -9 1005.1 1015.0  2   0.7  22.5  11.5  50.0  13.6   -9.0   -9.0   -9.0   -9.0   -9.0   -9.0   -9.0 -9 -9 -                        8   6   -9 -         -9  -9  -9  2955  0.6  1.43 -9  25.9  21.0  21.4  21.5  22.1  -9 -9.0 -9  3  2
202606011000 108  18  0.8  -9 -9.0   -9 1004.9 1014.7 -9  -9.0  25.2  11.3  42.0  13.4   -9.0   -9.0   -9.0   -9.0   -9.0   -9.0   -9.0 -9 -9 -                        7   7   66 -         -9  -9  -9  3207  0.9  2.16 -9  32.8  21.8  22.0  22.0  22.0  -9 -9.0 -9  3  2
202606011100 108  20  2.2  -9 -9.0   -9 1004.5 1014.2 -9  -9.0  27.1   9.8  34.0  12.1   -9.0   -9.0   -9.0   -9.0   -9.0   -9.0   -9.0 -9 -9 -                        7   7   71 -         -9  -9  -9  2816  0.8  2.65 -9  41.1  22.6  22.9  22.7  22.0  -9 -9.0 -9  3  2
202606011200 108  20  4.3  -9 -9.0   -9 1004.5 1014.2  6  -0.8  27.9  11.0  35.0  13.1   -9.0   -9.0   -9.0   -9.0   -9.0   -9.0   -9.0 -9 -9 -                        7   7   66 -         -9  -9  -9  2284  0.7  2.53 -9  43.2  23.4  23.7  23.3  21.9  -9 -9.0 -9  3  2
202606011300 108  20  3.4  -9 -9.0   -9 1004.2 1013.9 -9  -9.0  28.7  10.8  33.0  12.9   -9.0   -9.0   -9.0   -9.0   -9.0   -9.0   -9.0 -9 -9 -                        6   6   68 -         -9  -9  -9  2881  0.8  3.08 -9  43.8  24.4  24.5  24.0  21.9  -9 -9.0 -9  3  2
202606011400 108  25  3.0  -9 -9.0   -9 1003.6 1013.3 -9  -9.0  28.2  12.5  38.0  14.5   -9.0   -9.0   -9.0   -9.0   -9.0   -9.0   -9.0 -9 -9 -                        8   8   66 -         -9  -9  -9  2670  0.6  2.28 -9  36.5  25.2  25.1  24.4  22.0  -9 -9.0 -9  3  2
202606011500 108  25  3.0  -9 -9.0   -9 1003.2 1012.9  7  -1.3  27.6  11.9  38.0  13.9   -9.0   -9.0   -9.0   -9.0   -9.0   -9.0   -9.0 -9 -9 -                        9   9   67 -         -9  -9  -9  2934  0.1  1.54 -9  33.0  25.1  25.2  24.6  22.1  -9 -9.0 -9  3  2
202606011600 108  29  3.6  -9 -9.0   -9 1002.8 1012.5 -9  -9.0  26.3  12.3  42.0  14.3   -9.0   -9.0   -9.0   -9.0   -9.0   -9.0   -9.0 -9 -9 -                       10  10   55 -         -9  -9  -9  2618  0.0  0.85 -9  29.6  24.8  25.0  24.6  22.2  -9 -9.0 -9  3  2
202606011700 108  29  3.1  -9 -9.0   -9 1002.8 1012.6 -9  -9.0  25.8  10.7  39.0  12.9   -9.0   -9.0   -9.0   -9.0   -9.0   -9.0   -9.0 -9 -9 -                       10  10   56 -         -9  -9  -9  3164  0.0  0.87 -9  29.2  24.4  24.8  24.5  22.3  -9 -9.0 -9  3  2
202606011800 108  20  1.4  -9 -9.0   -9 1002.1 1011.9  7  -1.0  25.1  10.9  41.0  13.0   -9.0   -9.0   -9.0   -9.0   -9.0   -9.0   -9.0 -9 -9 -                        9   9   54 -         -9  -9  -9  3040  0.0  0.58 -9  26.0  24.2  24.5  24.4  22.4  -9 -9.0 -9  3  2
202606011900 108  20  1.7  -9 -9.0   -9 1002.4 1012.2 -9  -9.0  24.9   9.5  38.0  11.9   -9.0   -9.0   -9.0   -9.0   -9.0   -9.0   -9.0 -9 -9 -                        8   8   57 -         -9  -9  -9  3563  0.4  0.45 -9  23.9  23.9  24.3  24.2  22.5  -9 -9.0 -9  3 -9
202606012000 108  27  1.4  -9 -9.0   -9 1002.7 1012.5 -9  -9.0  23.9   9.8  41.0  12.1   -9.0   -9.0   -9.0   -9.0   -9.0   -9.0   -9.0 -9 -9 -                        7   7   75 -         -9  -9  -9  3226  0.5  0.21 -9  20.8  23.4  24.0  23.9  22.6  -9 -9.0 -9  3 -9
202606012100 108  27  2.5  -9 -9.0   -9 1002.8 1012.7  2   0.8  22.1  10.5  48.0  12.7   -9.0   -9.0   -9.0   -9.0   -9.0   -9.0   -9.0 -9 -9 -                        4   0   -9 -         -9  -9  -9  3102 -9.0 -9.00 -9  18.8  22.8  23.4  23.6  22.7  -9 -9.0 -9  3  2
202606012200 108  27  0.6  -9 -9.0   -9 1003.0 1012.9 -9  -9.0  21.4  11.4  53.0  13.5   -9.0   -9.0   -9.0   -9.0   -9.0   -9.0   -9.0 -9 -9 -                        4   2   -9 -         -9  -9  -9  2811 -9.0 -9.00 -9  17.7  22.2  22.9  23.1  22.7  -9 -9.0 -9  3 -9
202606012300 108  29  1.3  -9 -9.0   -9 1002.9 1012.9 -9  -9.0  20.4   9.9  51.0  12.2   -9.0   -9.0   -9.0   -9.0   -9.0   -9.0   -9.0 -9 -9 -                        3   1   -9 -         -9  -9  -9  3119 -9.0 -9.00 -9  17.3  21.7  22.4  22.7  22.7  -9 -9.0 -9  3 -9
202606020000 108  34  0.8  -9 -9.0   -9 1002.9 1012.9  1   0.2  19.7   9.2  51.0  11.6   -9.0   -9.0   -9.0   -9.0   -9.0   -9.0   -9.0 -9 -9 -                        0   0   -9 -         -9  -9  -9  3065 -9.0 -9.00 -9  16.9  21.3  22.0  22.3  22.6  -9 -9.0 -9  3  2
202606020100 108  34  0.5  -9 -9.0   -9 1002.4 1012.4 -9  -9.0  19.4   9.2  52.0  11.6   -9.0   -9.0   -9.0   -9.0   -9.0   -9.0   -9.0 -9 -9 -                        0   0   -9 -         -9  -9  -9  3102 -9.0 -9.00 -9  16.7  20.9  21.7  22.0  22.6  -9 -9.0 -9  3 -9
202606020200 108   2  1.6  -9 -9.0   -9 1002.0 1012.0 -9  -9.0  19.0   9.4  54.0  11.8   -9.0   -9.0   -9.0   -9.0   -9.0   -9.0   -9.0 -9 -9 -                        0   0   -9 -         -9  -9  -9  3125 -9.0 -9.00 -9  16.7  20.6  21.4  21.7  22.5  -9 -9.0 -9  3 -9
202606020300 108   2  1.8  -9 -9.0   -9 1001.1 1011.1  7  -1.8  18.6   9.9  57.0  12.2   -9.0   -9.0   -9.0   -9.0   -9.0   -9.0   -9.0 -9 -9 -                        3   3   15 -         -9  -9  -9  3118 -9.0 -9.00 -9  16.5  20.4  21.1  21.5  22.4  -9 -9.0 -9  3  2
202606020400 108   7  1.8  -9 -9.0   -9 1000.4 1010.4 -9  -9.0  18.2  10.0  59.0  12.3   -9.0   -9.0   -9.0   -9.0   -9.0   -9.0   -9.0 -9 -9 -                        6   0   -9 -         -9  -9  -9  2803 -9.0 -9.00 -9  16.3  20.1  20.9  21.2  22.3  -9 -9.0 -9  3  2
202606020500 108   5  1.8  -9 -9.0   -9 1000.1 1010.1 -9  -9.0  17.9  10.2  61.0  12.4   -9.0   -9.0   -9.0   -9.0   -9.0   -9.0   -9.0 -9 -9 -                        7   0   -9 -         -9  -9  -9  2896 -9.0 -9.00 -9  16.3  19.9  20.6  21.0  22.2  -9 -9.0 -9  3  2
202606020600 108   5  1.2  -9 -9.0   -9  999.9 1009.9  7  -1.2  17.7  10.7  64.0  12.9   -9.0   -9.0   -9.0   -9.0   -9.0   -9.0   -9.0 -9 -9 -                        0   0   -9 -         -9  -9  -9  2573  0.0  0.05 -9  16.3  19.7  20.5  20.8  22.1  -9 -9.0 -9  3  2
202606020700 108   5  2.2  -9 -9.0   -9  999.8 1009.8 -9  -9.0  19.2  12.4  65.0  14.4   -9.0   -9.0   -9.0   -9.0   -9.0   -9.0   -9.0 -9 -9 -                        3   0   -9 -         -9  -9  -9  2258  1.0  0.50 -9  18.6  19.8  20.4  20.7  21.9  -9 -9.0 -9  3  2
202606020800 108   7  1.9  -9 -9.0   -9  999.7 1009.6 -9  -9.0  22.1  12.9  56.0  14.9   -9.0   -9.0   -9.0   -9.0   -9.0   -9.0   -9.0 -9 -9 -                        0   0   -9 -         -9  -9  -9  1867  1.0  1.29 -9  21.2  20.4  20.7  20.9  21.8  -9 -9.0 -9  3  2
202606020900 108   7  1.8  -9 -9.0   -9  999.3 1009.1  7  -0.8  24.6  14.0  52.0  16.0   -9.0   -9.0   -9.0   -9.0   -9.0   -9.0   -9.0 -9 -9 -                        0   0   -9 -         -9  -9  -9  2458  1.0  2.02 -9  26.2  21.1  21.3  21.4  21.7  -9 -9.0 -9  3  2
202606021000 108   5  2.2  -9 -9.0   -9  998.6 1008.3 -9  -9.0  26.6  14.6  48.0  16.6   -9.0   -9.0   -9.0   -9.0   -9.0   -9.0   -9.0 -9 -9 -                        1   1   -9 -         -9  -9  -9  2674  1.0  2.63 -9  37.3  21.9  22.1  22.0  21.6  -9 -9.0 -9  3  2
202606021100 108   5  2.4  -9 -9.0   -9  998.0 1007.6 -9  -9.0  28.3  15.5  46.0  17.6   -9.0   -9.0   -9.0   -9.0   -9.0   -9.0   -9.0 -9 -9 -                        1   1   -9 -         -9  -9  -9  2805  1.0  3.17 -9  46.2  22.9  23.1  22.8  21.6  -9 -9.0 -9  3  2
202606021200 108  32  1.6  -9 -9.0   -9  997.4 1007.0  7  -2.1  29.8  16.9  46.0  19.2   -9.0   -9.0   -9.0   -9.0   -9.0   -9.0   -9.0 -9 -9 -                        0   0   -9 -         -9  -9  -9  2015  1.0  3.52 -9  51.6  24.1  24.2  23.6  21.6  -9 -9.0 -9  3  2
202606021300 108   5  1.4  -9 -9.0   -9  996.8 1006.3 -9  -9.0  30.8  16.0  41.0  18.2   -9.0   -9.0   -9.0   -9.0   -9.0   -9.0   -9.0 -9 -9 -                        1   1   17 -         -9  -9  -9  2169  1.0  3.33 -9  53.3  25.1  25.2  24.4  21.6  -9 -9.0 -9  3  2
202606021400 108  25  1.5  -9 -9.0   -9  996.0 1005.5 -9  -9.0  31.1  15.9  40.0  18.1   -9.0   -9.0   -9.0   -9.0   -9.0   -9.0   -9.0 -9 -9 -                        5   5   18 -         -9  -9  -9  1945  0.7  2.79 -9  40.5  26.5  26.1  25.1  21.7  -9 -9.0 -9  3  2
202606021500 108  36  2.4  -9 -9.0   -9  995.1 1004.6  7  -2.4  30.8  16.3  42.0  18.5   -9.0   -9.0   -9.0   -9.0   -9.0   -9.0   -9.0 -9 -9 -                        2   2   19 -         -9  -9  -9  1782  0.2  1.26 -9  41.0  26.0  26.1  25.3  21.9  -9 -9.0 -9  3  2
202606021600 108   9  0.9  -9 -9.0   -9  994.5 1004.0 -9  -9.0  30.9  15.3  39.0  17.4   -9.0   -9.0   -9.0   -9.0   -9.0   -9.0   -9.0 -9 -9 -                        1   1   20 -         -9  -9  -9  1951  0.3  1.21 -9  34.0  26.2  26.1  25.5  22.1  -9 -9.0 -9  3  2
202606021700 108  18  1.3  -9 -9.0   -9  994.1 1003.6 -9  -9.0  31.3  16.4  41.0  18.6   -9.0   -9.0   -9.0   -9.0   -9.0   -9.0   -9.0 -9 -9 -                        2   1   20 -         -9  -9  -9  1897  0.5  1.41 -9  34.0  26.2  26.2  25.7  22.3  -9 -9.0 -9  3  2
202606021800 108  27  1.4  -9 -9.0   -9  993.6 1003.1  7  -1.5  30.9  17.2  44.0  19.6   -9.0   -9.0   -9.0   -9.0   -9.0   -9.0   -9.0 -9 -9 -                        1   1   20 -         -9  -9  -9  2084  0.3  0.61 -9  30.9  26.0  26.1  25.7  22.5  -9 -9.0 -9  3  2
202606021900 108  18  2.0  -9 -9.0   -9  993.7 1003.2 -9  -9.0  29.5  16.9  47.0  19.2   -9.0   -9.0   -9.0   -9.0   -9.0   -9.0   -9.0 -9 -9 -                        0   0   -9 -         -9  -9  -9  2027  0.3  0.33 -9  26.7  25.6  25.9  25.5  22.6  -9 -9.0 -9  3 -9
202606022000 108  27  2.6  -9 -9.0   -9  993.9 1003.5 -9  -9.0  27.8  16.7  51.0  19.0   -9.0   -9.0   -9.0   -9.0   -9.0   -9.0   -9.0 -9 -9 -                        0   0   -9 -         -9  -9  -9  2132  0.0  0.08 -9  24.2  25.1  25.5  25.3  22.8  -9 -9.0 -9  3  2
202606022100 108  27  1.9  -9 -9.0   -9  994.2 1003.8  2   0.7  26.8  16.7  54.0  19.0   -9.0   -9.0   -9.0   -9.0   -9.0   -9.0   -9.0 -9 -9 -                        0   0   -9 -         -9  -9  -9  2260 -9.0 -9.00 -9  23.1  24.5  25.0  25.0  22.9  -9 -9.0 -9  3  2
202606022200 108  25  0.7  -9 -9.0   -9  994.7 1004.4 -9  -9.0  26.0  17.3  59.0  19.7   -9.0   -9.0   -9.0   -9.0   -9.0   -9.0   -9.0 -9 -9 -                        0   0   -9 -         -9  -9  -9  2249 -9.0 -9.00 -9  21.7  24.0  24.6  24.6  23.0  -9 -9.0 -9  3  2
202606022300 108  27  1.8  -9 -9.0   -9  994.5 1004.2 -9  -9.0  24.9  17.6  64.0  20.1   -9.0   -9.0   -9.0   -9.0   -9.0   -9.0   -9.0 -9 -9 -                        0   0   -9 -         -9  -9  -9  2063 -9.0 -9.00 -9  21.5  23.6  24.2  24.3  23.0  -9 -9.0 -9  3 -9
202606030000 108  25  1.5  -9 -9.0   -9  994.2 1003.9  0   0.1  24.1  17.1  65.0  19.5   -9.0   -9.0   -9.0   -9.0   -9.0   -9.0   -9.0 -9 -9 -                        0   0   -9 -         -9  -9  -9  2107 -9.0 -9.00 -9  20.5  23.2  23.8  24.0  23.1  -9 -9.0 -9  3  2
202606030100 108  25  1.3  -9 -9.0   -9  994.1 1003.9 -9  -9.0  23.4  17.1  68.0  19.5   -9.0   -9.0   -9.0   -9.0   -9.0   -9.0   -9.0 -9 -9 -                        0   0   -9 -         -9  -9  -9  1947 -9.0 -9.00 -9  19.7  22.9  23.5  23.7  23.0  -9 -9.0 -9  3 -9
202606030200 108  27  0.9  -9 -9.0   -9  994.0 1003.8 -9  -9.0  22.9  17.1  70.0  19.5   -9.0   -9.0   -9.0   -9.0   -9.0   -9.0   -9.0 -9 -9 -                        0   0   -9 -         -9  -9  -9  1747 -9.0 -9.00 -9  19.1  22.5  23.2  23.4  23.0  -9 -9.0 -9  3 -9
202606030300 108  27  1.7  -9 -9.0   -9  994.0 1003.8  6  -0.1  22.4  17.5  74.0  20.0   -9.0   -9.0   -9.0   -9.0   -9.0   -9.0   -9.0 -9 -9 -                        0   0   -9 -         -9  -9  -9  1491 -9.0 -9.00 -9  19.1  22.2  22.9  23.1  23.0  -9 -9.0 -9  3  2
202606030400 108  29  1.2  -9 -9.0   -9  994.0 1003.8 -9  -9.0  22.0  17.3  75.0  19.7   -9.0   -9.0   -9.0   -9.0   -9.0   -9.0   -9.0 -9 -9 -                        0   0   -9 -         -9  -9  -9  1356 -9.0 -9.00 -9  18.5  22.0  22.6  22.9  22.9  -9 -9.0 -9  3  2
202606030500 108  34  0.5  -9 -9.0   -9  993.9 1003.7 -9  -9.0  21.3  16.6  75.0  18.9   -9.0   -9.0   -9.0   -9.0   -9.0   -9.0   -9.0 -9 -9 -                        0   0   -9 -         -9  -9  -9  1361 -9.0 -9.00 -9  17.8  21.7  22.4  22.6  22.8  -9 -9.0 -9  3  2
202606030600 108   0  0.4  -9 -9.0   -9  994.2 1004.1  3   0.3  20.8  16.1  75.0  18.3   -9.0   -9.0   -9.0   -9.0   -9.0   -9.0   -9.0 -9 -9 -                        0   0   -9 -         -9  -9  -9  1672  0.0  0.06 -9  18.2  21.4  22.1  22.4  22.8  -9 -9.0 -9  3  2
202606030700 108  11  0.7  -9 -9.0   -9  994.3 1004.1 -9  -9.0  21.4  15.0  67.0  17.0   -9.0   -9.0   -9.0   -9.0   -9.0   -9.0   -9.0 -9 -9 -                        2   1   -9 -         -9  -9  -9  2032  1.0  0.54 -9  20.3  21.5  22.0  22.3  22.7  -9 -9.0 -9  3  2
202606030800 108  23  2.2  -9 -9.0   -9  994.6 1004.3 -9  -9.0  23.8  17.2  67.0  19.6   -9.0   -9.0   -9.0   -9.0   -9.0   -9.0   -9.0 -9 -9 -                        0   0   -9 -         -9  -9  -9  1537  1.0  1.27 -9  23.1  22.1  22.3  22.4  22.6  -9 -9.0 -9  3  2
202606030900 108  27  1.6  -9 -9.0   -9  994.5 1004.2  0   0.1  25.3  15.6  55.0  17.7   -9.0   -9.0   -9.0   -9.0   -9.0   -9.0   -9.0 -9 -9 -                        0   0   -9 -         -9  -9  -9  2201  1.0  2.01 -9  28.3  22.7  22.9  22.8  22.5  -9 -9.0 -9  3  2
202606031000 108  27  2.0  -9 -9.0   -9  994.2 1003.8 -9  -9.0  27.1  15.4  49.0  17.5   -9.0   -9.0   -9.0   -9.0   -9.0   -9.0   -9.0 -9 -9 -                        5   1   -9 -         -9  -9  -9  2426  1.0  2.60 -9  39.2  23.5  23.7  23.4  22.4  -9 -9.0 -9  3  2
202606031100 108  27  2.3  -9 -9.0   -9  993.8 1003.4 -9  -9.0  28.4  14.6  43.0  16.6   -9.0   -9.0   -9.0   -9.0   -9.0   -9.0   -9.0 -9 -9 -                        6   1   -9 -         -9  -9  -9  2945  1.0  3.06 -9  47.7  24.4  24.6  24.0  22.4  -9 -9.0 -9  3  2
202606031200 108  27  3.2  -9 -9.0   -9  993.6 1003.1  7  -1.1  30.1  16.1  43.0  18.3   -9.0   -9.0   -9.0   -9.0   -9.0   -9.0   -9.0 -9 -9 -                        6   1   -9 -         -9  -9  -9  2646  1.0  3.59 -9  54.4  25.5  25.6  24.8  22.4  -9 -9.0 -9  3  2
202606031300 108  29  2.6  -9 -9.0   -9  993.4 1002.9 -9  -9.0  30.4  16.0  42.0  18.2   -9.0   -9.0   -9.0   -9.0   -9.0   -9.0   -9.0 -9 -9 -                        8   1   -9 -         -9  -9  -9  1876  0.8  3.06 -9  48.5  26.6  26.5  25.5  22.4  -9 -9.0 -9  3  2
202606031400 108  20  2.4  -9 -9.0   -9  993.2 1002.7 -9  -9.0  30.7  16.6  43.0  18.9   -9.0   -9.0   -9.0   -9.0   -9.0   -9.0   -9.0 -9 -9 -                        9   4   73 -         -9  -9  -9  1887  0.5  2.28 -9  42.4  27.2  26.9  25.9  22.5  -9 -9.0 -9  3  2
202606031500 108  27  2.4  -9 -9.0   -9  993.2 1002.7  6  -0.4  30.1  16.1  43.0  18.3   -9.0   -9.0   -9.0   -9.0   -9.0   -9.0   -9.0 -9 -9 -                       10   8   66 -         -9  -9  -9  1989  0.0  1.36 -9  36.5  27.1  27.0  26.1  22.6  -9 -9.0 -9  3  2
202606031600 108  27  3.2  -9 -9.0   -9  993.1 1002.6 -9  -9.0  29.8  18.2  50.0  20.9   -9.0   -9.0   -9.0   -9.0   -9.0   -9.0   -9.0 -9 -9 -                        8   1   64 -         -9  -9  -9  2078  0.1  1.53 -9  37.0  26.9  26.9  26.2  22.8  -9 -9.0 -9  3  2
202606031700 108  27  3.1  -9 -9.0   -9  993.1 1002.6 -9  -9.0  29.1  18.5  53.0  21.3   -9.0   -9.0   -9.0   -9.0   -9.0   -9.0   -9.0 -9 -9 -                        8   8   62 -         -9  -9  -9  1636  0.5  1.27 -9  34.7  26.9  26.9  26.3  23.0  -9 -9.0 -9  3  2
202606031800 108  27  2.7  -9 -9.0   -9  993.1 1002.7  4   0.0  27.7  17.2  53.0  19.6   -9.0   -9.0   -9.0   -9.0   -9.0   -9.0   -9.0 -9 -9 -                        7   7   61 -         -9  -9  -9  1934  0.4  0.80 -9  29.5  26.6  26.7  26.2  23.1  -9 -9.0 -9  3  2
202606031900 108  27  2.4  -9 -9.0   -9  993.6 1003.2 -9  -9.0  26.5  17.2  57.0  19.6   -9.0   -9.0   -9.0   -9.0   -9.0   -9.0   -9.0 -9 -9 -                        8   8   64 -         -9  -9  -9  1887  0.0  0.35 -9  26.6  25.9  26.3  25.9  23.3  -9 -9.0 -9  3 -9
202606032000 108  27  2.2  -9 -9.0   -9  993.6 1003.3 -9  -9.0  25.3  17.4  62.0  19.9   -9.0   -9.0   -9.0   -9.0   -9.0   -9.0   -9.0 -9 -9 -                        8   8   63 -         -9  -9  -9  1765  0.0  0.07 -9  23.9  25.3  25.8  25.6  23.4  -9 -9.0 -9  3 -9
202606032100 108  27  1.4  -9 -9.0   -9  994.0 1003.7  2   1.0  24.6  17.5  65.0  20.0   -9.0   -9.0   -9.0   -9.0   -9.0   -9.0   -9.0 -9 -9 -                        8   8   59 -         -9  -9  -9  1624 -9.0 -9.00 -9  22.9  24.7  25.3  25.3  23.5  -9 -9.0 -9  3  2
202606032200 108  32  2.8  -9 -9.0   -9  994.5 1004.2 -9  -9.0  24.0  17.0  65.0  19.4   -9.0   -9.0   -9.0   -9.0   -9.0   -9.0   -9.0 -9 -9 -                        8   4   17 -         -9  -9  -9  1948 -9.0 -9.00 -9  22.7  24.3  24.9  24.9  23.5  -9 -9.0 -9  3 -9
202606032300 108  27  1.2  -9 -9.0   -9  994.5 1004.3 -9  -9.0  23.5  16.7  66.0  19.0   -9.0   -9.0   -9.0   -9.0   -9.0   -9.0   -9.0 -9 -9 -                        8   2   21 -         -9  -9  -9  1920 -9.0 -9.00 -9  21.6  23.9  24.5  24.6  23.5  -9 -9.0 -9  3 -9
202606040000 108  27  0.8  -9 -9.0   -9  994.4 1004.2  0   0.5  23.2  16.0  64.0  18.2   -9.0   -9.0   -9.0   -9.0   -9.0   -9.0   -9.0 -9 -9 -                        8   8   60 -         -9  -9  -9  2063 -9.0 -9.00 -9  20.9  23.5  24.2  24.3  23.5  -9 -9.0 -9  3  2
202606040100 108  27  0.6  -9 -9.0   -9  994.4 1004.2 -9  -9.0  22.9  16.2  66.0  18.4   -9.0   -9.0   -9.0   -9.0   -9.0   -9.0   -9.0 -9 -9 -                       10   6   23 -         -9  -9  -9  2120 -9.0 -9.00 -9  21.2  23.2  23.9  24.0  23.5  -9 -9.0 -9  3 -9
202606040200 108  29  0.6  -9 -9.0   -9  994.0 1003.8 -9  -9.0  22.8  16.3  67.0  18.5   -9.0   -9.0   -9.0   -9.0   -9.0   -9.0   -9.0 -9 -9 -                       10   0   -9 -         -9  -9  -9  2089 -9.0 -9.00 -9  21.1  23.0  23.6  23.8  23.5  -9 -9.0 -9  3 -9
202606040300 108  27  1.0  -9 -9.0   -9  994.0 1003.8  6  -0.4  22.9  16.6  68.0  18.9   -9.0   -9.0   -9.0   -9.0   -9.0   -9.0   -9.0 -9 -9 -                       10   3   14 -         -9  -9  -9  2095 -9.0 -9.00 -9  21.2  22.9  23.5  23.6  23.4  -9 -9.0 -9  3  2
202606040400 108  32  0.5  -9 -9.0   -9  993.4 1003.2 -9  -9.0  22.8  16.8  69.0  19.1   -9.0   -9.0   -9.0   -9.0   -9.0   -9.0   -9.0 -9 -9 -                        9   2   13 -         -9  -9  -9  1979 -9.0 -9.00 -9  21.2  22.7  23.3  23.5  23.4  -9 -9.0 -9  3  2
202606040500 108  29  2.0  -9 -9.0   -9  993.4 1003.2 -9  -9.0  22.9  17.1  70.0  19.5   -9.0   -9.0   -9.0   -9.0   -9.0   -9.0   -9.0 -9 -9 -                        8   8   11 -         -9  -9  -9  1922 -9.0 -9.00 -9  21.6  22.6  23.2  23.3  23.3  -9 -9.0 -9  3  2
202606040600 108  27  0.9  -9 -9.0   -9  993.4 1003.2  6  -0.6  22.8  17.0  70.0  19.4   -9.0   -9.0   -9.0   -9.0   -9.0   -9.0   -9.0 -9 -9 -                        8   8   11 -         -9  -9  -9  1811  0.0  0.02 -9  21.8  22.6  23.1  23.2  23.2  -9 -9.0 -9  3  2
202606040700 108  29  0.8  -9 -9.0   -9  993.3 1003.1 -9  -9.0  23.3  17.7  71.0  20.2   -9.0   -9.0   -9.0   -9.0   -9.0   -9.0   -9.0 -9 -9 -                        7   3   16 -         -9  -9  -9  1620  0.0  0.36 -9  24.6  22.6  23.1  23.2  23.1  -9 -9.0 -9  3  2
202606040800 108   2  1.9  -9 -9.0   -9  993.1 1002.8 -9  -9.0  24.3  18.4  70.0  21.2   -9.0   -9.0   -9.0   -9.0   -9.0   -9.0   -9.0 -9 -9 -                        8   2   30 -         -9  -9  -9  1531  0.1  0.73 -9  26.3  23.0  23.3  23.4  23.1  -9 -9.0 -9  3  2
202606040900 108  14  2.4  -9 -9.0   -9  992.8 1002.5  7  -0.7  25.9  18.5  64.0  21.3   -9.0   -9.0   -9.0   -9.0   -9.0   -9.0   -9.0 -9 -9 -                        8   1   10 -         -9  -9  -9  1135  0.5  1.38 -9  30.5  23.6  23.7  23.7  23.0  -9 -9.0 -9  3  2
202606041000 108  11  2.4  -9 -9.0   -9  992.2 1001.8 -9  -9.0  26.8  18.3  60.0  21.0   -9.0   -9.0   -9.0   -9.0   -9.0   -9.0   -9.0 -9 -9 -                        9   1   10 -         -9  -9  -9  1007  0.4  1.67 -9  35.1  24.3  24.3  24.1  23.0  -9 -9.0 -9  3  2
202606041100 108  11  2.0  -9 -9.0   -9  991.6 1001.2 -9  -9.0  27.5  18.4  58.0  21.2   -9.0   -9.0   -9.0   -9.0   -9.0   -9.0   -9.0 -9 -9 -                       10   2   10 -         -9  -9  -9  1181  0.1  1.81 -9  35.9  25.0  24.9  24.5  23.0  -9 -9.0 -9  3  2
202606041200 108  11  2.3  -9 -9.0   -9  991.0 1000.6  7  -1.9  27.4  18.9  60.0  21.8   -9.0   -9.0   -9.0   -9.0   -9.0   -9.0   -9.0 -9 -9 -                       10   2   10 -         -9  -9  -9  1313  0.0  1.10 -9  34.7  25.1  25.2  24.8  23.0  -9 -9.0 -9  3  2
202606041300 108  14  3.5  -9 -9.0   -9  990.2  999.7 -9  -9.0  28.4  19.3  58.0  22.4   -9.0   -9.0   -9.0   -9.0   -9.0   -9.0   -9.0 -9 -9 -                        9   4    9 -         -9  -9  -9  1250  0.1  1.73 -9  37.9  25.5  25.5  25.1  23.0  -9 -9.0 -9  3  2
202606041400 108  16  2.4  -9 -9.0   -9  989.8  999.4 -9  -9.0  26.6  19.9  67.0  23.2    1.7    1.7    1.7   -9.0   -9.0   -9.0   -9.0 95 98 04                      10   9   11 -         -9  -9  -9   909  0.1  0.79 -9  25.8  25.6  25.7  25.2  23.1  -9 -9.0 -9  4  1
202606041500 108  16  1.5  34 10.0 1407  989.6  999.2  7  -1.4  26.5  19.6  66.0  22.8    0.1    1.8    1.8   -9.0   -9.0   -9.0   -9.0 29 98 4004                     6   6   10 -         -9  -9  -9   927  0.3  1.35 -9  33.1  24.7  25.5  25.2  23.1  -9 -9.0 -9  4  1
202606041600 108  25  4.0  25 10.0 1526  990.3 1000.0 -9  -9.0  25.1  17.8  64.0  20.4   -9.0    1.8    1.8   -9.0   -9.0   -9.0   -9.0 -9 -9 40                       9   9    9 -         -9  -9  -9  1372  0.1  0.99 -9  25.6  25.0  25.5  25.2  23.2  -9 -9.0 -9  3  2
202606041700 108  23  4.9  23 13.0 1626  990.8 1000.5 -9  -9.0  23.8  18.2  71.0  20.9   -9.0    1.8    1.8   -9.0   -9.0   -9.0   -9.0 -9 -9 -                        9   9    7 -         -9  -9  -9  2441  0.0  0.20 -9  23.0  24.2  25.1  25.0  23.3  -9 -9.0 -9  3  2
202606041800 108  23  4.5  23 13.0 1626  991.4 1001.2  2   2.0  22.6  18.3  77.0  21.0    0.0    1.8    1.8   -9.0   -9.0   -9.0   -9.0 80 82 04                       9   9    5 -         -9  -9  -9  1688  0.0  0.10 -9  21.9  23.7  24.6  24.6  23.3  -9 -9.0 -9  4  1
202606041900 108  25  5.1  29 11.0 1813  992.0 1001.8 -9  -9.0  20.9  18.4  86.0  21.2    0.7    2.5    2.5   -9.0   -9.0   -9.0   -9.0 25 82 1904                     9   9    4 -         -9  -9  -9   717  0.0  0.05 -9  20.6  23.2  24.2  24.3  23.4  -9 -9.0 -9  4  1
202606042000 108  25  3.2  27 11.0 1907  992.3 1002.1 -9  -9.0  20.6  18.8  90.0  21.7    0.4    2.9    2.9   -9.0   -9.0   -9.0   -9.0 80 82 1904                    10  10    2 -         -9  -9  -9   825  0.0  0.01 -9  20.2  22.7  23.8  24.0  23.4  -9 -9.0 -9  4  1
202606042100 108  23  1.9  23 13.0 1626  992.3 1002.1  1   0.9  20.7  18.4  87.0  21.2    0.0    2.9    2.9   -9.0   -9.0   -9.0   -9.0 25 82 1904                     6   6    3 -         -9  -9  -9   804 -9.0 -9.00 -9  20.1  22.4  23.5  23.8  23.4  -9 -9.0 -9  1  1
202606042200 108  25  3.3  -9 -9.0   -9  992.6 1002.4 -9  -9.0  20.8  18.1  85.0  20.8   -9.0    2.9    2.9   -9.0   -9.0   -9.0   -9.0 -9 -9 19                       9   9    3 -         -9  -9  -9   981 -9.0 -9.00 -9  20.1  22.2  23.2  23.5  23.3  -9 -9.0 -9  3  2
202606042300 108  23  2.2  -9 -9.0   -9  992.6 1002.5 -9  -9.0  20.2  17.5  85.0  20.0    0.0    2.9    2.9   -9.0   -9.0   -9.0   -9.0 25 82 1904                    10  10    3 -         -9  -9  -9  1247 -9.0 -9.00 -9  19.7  22.0  23.0  23.3  23.3  -9 -9.0 -9  4  1
202606050000 108  20  2.2  -9 -9.0   -9  992.4 1002.3  0   0.2  20.1  17.3  84.0  19.7   -9.0    2.9    2.9   -9.0   -9.0   -9.0   -9.0 -9 81 -                        3   3    3 -         -9  -9  -9  1380 -9.0 -9.00 -9  19.4  21.7  22.8  23.1  23.2  -9 -9.0 -9  3  1
202606050100 108  27  2.7  -9 -9.0   -9  992.4 1002.3 -9  -9.0  19.7  17.2  86.0  19.6   -9.0   -9.0   -9.0   -9.0   -9.0   -9.0   -9.0 -9 -9 -                        8   8    2 -         -9  -9  -9  1087 -9.0 -9.00 -9  19.2  21.6  22.6  22.9  23.2  -9 -9.0 -9  3 -9
202606050200 108  25  2.8  -9 -9.0   -9  992.6 1002.5 -9  -9.0  19.3  17.0  87.0  19.4   -9.0   -9.0   -9.0   -9.0   -9.0   -9.0   -9.0 -9 -9 -                        0   0   -9 -         -9  -9  -9  2116 -9.0 -9.00 -9  18.8  21.4  22.4  22.7  23.1  -9 -9.0 -9  3 -9
202606050300 108  25  3.3  -9 -9.0   -9  992.8 1002.7  2   0.4  19.1  16.5  85.0  18.8   -9.0   -9.0   -9.0   -9.0   -9.0   -9.0   -9.0 -9 80 -                        0   0   -9 -         -9  -9  -9  2146 -9.0 -9.00 -9  18.4  21.2  22.2  22.6  23.0  -9 -9.0 -9  3  1
202606050400 108  25  2.4  -9 -9.0   -9  993.3 1003.2 -9  -9.0  18.6  15.2  81.0  17.3   -9.0   -9.0   -9.0   -9.0   -9.0   -9.0   -9.0 -9 -9 -                        0   0   -9 -         -9  -9  -9  2851 -9.0 -9.00 -9  18.1  21.0  22.0  22.4  23.0  -9 -9.0 -9  3  2
202606050500 108  23  2.4  -9 -9.0   -9  993.8 1003.8 -9  -9.0  18.2  15.0  82.0  17.0   -9.0   -9.0   -9.0   -9.0   -9.0   -9.0   -9.0 -9 -9 -                        7   7    3 -         -9  -9  -9  2633 -9.0 -9.00 -9  18.0  20.8  21.8  22.2  22.9  -9 -9.0 -9  3  2
202606050600 108  23  3.2  -9 -9.0   -9  994.7 1004.7  2   2.0  18.0  14.8  82.0  16.8   -9.0   -9.0   -9.0   -9.0   -9.0   -9.0   -9.0 -9 -9 -                        0   0   -9 -         -9  -9  -9  1675  0.0  0.05 -9  17.9  20.6  21.6  22.0  22.8  -9 -9.0 -9  3  2
202606050700 108  25  3.0  -9 -9.0   -9  995.4 1005.4 -9  -9.0  17.5  13.6  78.0  15.6   -9.0   -9.0   -9.0   -9.0   -9.0   -9.0   -9.0 -9 -9 -                        8   8    4 -         -9  -9  -9  2898  0.1  0.32 -9  18.1  20.4  21.5  21.8  22.7  -9 -9.0 -9  3  2
202606050800 108  25  2.7  -9 -9.0   -9  996.1 1006.1 -9  -9.0  18.3  13.1  72.0  15.1   -9.0   -9.0   -9.0   -9.0   -9.0   -9.0   -9.0 -9 -9 -                        2   2    4 -         -9  -9  -9  3719  0.4  0.92 -9  18.2  20.5  21.4  21.8  22.6  -9 -9.0 -9  3  2
202606050900 108  27  3.0  -9 -9.0   -9  996.9 1006.9  2   2.2  18.9  13.0  69.0  15.0   -9.0   -9.0   -9.0   -9.0   -9.0   -9.0   -9.0 -9 -9 -                        9   9    7 -         -9  -9  -9  3768  0.4  1.27 -9  21.4  20.8  21.7  21.9  22.5  -9 -9.0 -9  3  2
202606051000 108  25  2.9  -9 -9.0   -9  997.5 1007.4 -9  -9.0  19.4  13.5  69.0  15.5   -9.0   -9.0   -9.0   -9.0   -9.0   -9.0   -9.0 -9 -9 -                        7   7    7 -         -9  -9  -9  3741  0.1  1.17 -9  24.9  21.0  21.9  22.0  22.4  -9 -9.0 -9  3  2
202606051100 108  25  3.7  -9 -9.0   -9  997.9 1007.8 -9  -9.0  20.8  13.2  62.0  15.2   -9.0   -9.0   -9.0   -9.0   -9.0   -9.0   -9.0 -9 -9 -                        5   5    8 -         -9  -9  -9  3104  0.6  2.61 -9  31.5  21.7  22.5  22.4  22.4  -9 -9.0 -9  3  2
202606051200 108  29  4.0  -9 -9.0   -9  998.2 1008.1  2   1.2  21.8  13.1  58.0  15.1   -9.0   -9.0   -9.0   -9.0   -9.0   -9.0   -9.0 -9 -9 -                        3   3    9 -         -9  -9  -9  3774  0.8  3.17 -9  34.4  23.0  23.4  23.0  22.3  -9 -9.0 -9  3  2
202606051300 108  29  3.6  -9 -9.0   -9  998.2 1008.0 -9  -9.0  22.4  12.3  53.0  14.3   -9.0   -9.0   -9.0   -9.0   -9.0   -9.0   -9.0 -9 -9 -                        3   2   12 -         -9  -9  -9  3946  0.6  2.86 -9  37.4  23.0  23.9  23.4  22.3  -9 -9.0 -9  3  2
202606051400 108  27  3.2  -9 -9.0   -9  997.7 1007.5 -9  -9.0  23.8  10.8  44.0  12.9   -9.0   -9.0   -9.0   -9.0   -9.0   -9.0   -9.0 -9 -9 -                        2   2   14 -         -9  -9  -9  4366  0.8  3.07 -9  43.4  23.2  24.3  23.9  22.3  -9 -9.0 -9  3  2
202606051500 108  27  3.7  -9 -9.0   -9  997.7 1007.5  6  -0.6  24.5  11.4  44.0  13.5   -9.0   -9.0   -9.0   -9.0   -9.0   -9.0   -9.0 -9 -9 -                        3   3   17 -         -9  -9  -9  3719  0.7  2.62 -9  45.2  23.5  24.7  24.2  22.4  -9 -9.0 -9  3  2
202606051600 108  27  3.5  27 10.0 1547  997.9 1007.6 -9  -9.0  25.2  11.7  43.0  13.7   -9.0   -9.0   -9.0   -9.0   -9.0   -9.0   -9.0 -9 -9 -                        2   2   18 -         -9  -9  -9  3114  0.9  2.73 -9  42.2  23.9  25.0  24.6  22.5  -9 -9.0 -9  3  2
202606051700 108  23  4.5  -9 -9.0   -9  997.9 1007.7 -9  -9.0  24.6  11.5  44.0  13.6   -9.0   -9.0   -9.0   -9.0   -9.0   -9.0   -9.0 -9 -9 -                        0   0   -9 -         -9  -9  -9  3184  1.0  2.20 -9  37.4  24.5  25.2  24.8  22.6  -9 -9.0 -9  3  2
202606051800 108  25  3.2  27 10.0 1547  998.2 1008.0  2   0.5  24.2  12.1  47.0  14.1   -9.0   -9.0   -9.0   -9.0   -9.0   -9.0   -9.0 -9 -9 -                        0   0   -9 -         -9  -9  -9  3790  1.0  1.43 -9  29.1  24.6  25.1  24.9  22.8  -9 -9.0 -9  3  2
202606051900 108  25  3.5  -9 -9.0   -9  998.9 1008.7 -9  -9.0  22.7  12.3  52.0  14.3   -9.0   -9.0   -9.0   -9.0   -9.0   -9.0   -9.0 -9 -9 -                        0   0   -9 -         -9  -9  -9  3310  1.0  0.61 -9  23.5  24.2  24.8  24.8  22.9  -9 -9.0 -9  3 -9
202606052000 108  23  2.8  -9 -9.0   -9  999.5 1009.4 -9  -9.0  21.5  12.6  57.0  14.6   -9.0   -9.0   -9.0   -9.0   -9.0   -9.0   -9.0 -9 -9 -                        0   0   -9 -         -9  -9  -9  3085  0.5  0.13 -9  20.4  23.3  24.2  24.4  23.0  -9 -9.0 -9  3 -9
202606052100 108  25  2.6  27 10.0 1547 1000.5 1010.4  2   2.4  20.4  12.3  60.0  14.3   -9.0   -9.0   -9.0   -9.0   -9.0   -9.0   -9.0 -9 -9 -                        0   0   -9 -         -9  -9  -9  3228 -9.0 -9.00 -9  18.9  22.6  23.6  23.9  23.1  -9 -9.0 -9  3  2
202606052200 108  25  2.1  -9 -9.0   -9 1001.3 1011.3 -9  -9.0  19.7  12.4  63.0  14.4   -9.0   -9.0   -9.0   -9.0   -9.0   -9.0   -9.0 -9 -9 -                        0   0   -9 -         -9  -9  -9  2859 -9.0 -9.00 -9  17.8  22.0  23.0  23.5  23.1  -9 -9.0 -9  3 -9
202606052300 108  25  2.1  -9 -9.0   -9 1002.0 1012.0 -9  -9.0  19.0  12.4  66.0  14.4   -9.0   -9.0   -9.0   -9.0   -9.0   -9.0   -9.0 -9 -9 -                        0   0   -9 -         -9  -9  -9  2735 -9.0 -9.00 -9  17.0  21.5  22.6  23.1  23.1  -9 -9.0 -9  3 -9
202606060000 108  25  2.0  -9 -9.0   -9 1001.9 1011.9  0   1.5  18.2  12.4  69.0  14.4   -9.0   -9.0   -9.0   -9.0   -9.0   -9.0   -9.0 -9 -9 -                        0   0   -9 -         -9  -9  -9  2600 -9.0 -9.00 -9  16.2  21.1  22.1  22.6  23.1  -9 -9.0 -9  3  2
202606060100 108  29  1.6  -9 -9.0   -9 1001.8 1011.9 -9  -9.0  17.8  12.6  72.0  14.6   -9.0   -9.0   -9.0   -9.0   -9.0   -9.0   -9.0 -9 -9 -                        0   0   -9 -         -9  -9  -9  2653 -9.0 -9.00 -9  15.7  20.7  21.7  22.3  23.0  -9 -9.0 -9  3 -9
202606060200 108  29  1.4  -9 -9.0   -9 1002.0 1012.1 -9  -9.0  17.2  12.9  76.0  14.9   -9.0   -9.0   -9.0   -9.0   -9.0   -9.0   -9.0 -9 -9 -                        0   0   -9 -         -9  -9  -9  2529 -9.0 -9.00 -9  14.9  20.2  21.3  21.9  23.0  -9 -9.0 -9  3 -9
202606060300 108  29  0.9  -9 -9.0   -9 1002.7 1012.8  2   0.9  16.7  12.8  78.0  14.8   -9.0   -9.0   -9.0   -9.0   -9.0   -9.0   -9.0 -9 -9 -                        0   0   -9 -         -9  -9  -9  2358 -9.0 -9.00 -9  14.3  19.8  21.0  21.6  22.9  -9 -9.0 -9  3  2
202606060400 108   0  0.3  -9 -9.0   -9 1003.1 1013.2 -9  -9.0  16.4  12.9  80.0  14.9   -9.0   -9.0   -9.0   -9.0   -9.0   -9.0   -9.0 -9 -9 -                        0   0   -9 -         -9  -9  -9  2303 -9.0 -9.00 -9  14.0  19.5  20.6  21.3  22.7  -9 -9.0 -9  3  2
202606060500 108  32  0.7  -9 -9.0   -9 1003.3 1013.4 -9  -9.0  16.0  13.4  85.0  15.4   -9.0   -9.0   -9.0   -9.0   -9.0   -9.0   -9.0 -9 -9 -                        0   0   -9 -         -9  -9  -9  1635 -9.0 -9.00 -9  13.9  19.3  20.4  21.0  22.6  -9 -9.0 -9  3  2
202606060600 108   2  1.4  -9 -9.0   -9 1003.9 1014.1  2   1.3  15.7  13.3  86.0  15.3   -9.0   -9.0   -9.0   -9.0   -9.0   -9.0   -9.0 -9 -9 -                        0   0   -9 -         -9  -9  -9  1734  0.0  0.06 -9  14.3  19.0  20.1  20.7  22.5  -9 -9.0 -9  3  2
202606060700 108   2  1.3  -9 -9.0   -9 1004.3 1014.4 -9  -9.0  16.9  13.6  81.0  15.6   -9.0   -9.0   -9.0   -9.0   -9.0   -9.0   -9.0 -9 -9 -                        1   1   67 -         -9  -9  -9  1983  1.0  0.56 -9  16.1  19.0  20.0  20.6  22.3  -9 -9.0 -9  3  2
202606060800 108   5  1.6  -9 -9.0   -9 1004.4 1014.4 -9  -9.0  19.2  14.2  73.0  16.2   -9.0   -9.0   -9.0   -9.0   -9.0   -9.0   -9.0 -9 -9 -                        4   1   -9 -         -9  -9  -9  1607  1.0  1.33 -9  18.8  19.5  20.2  20.7  22.2  -9 -9.0 -9  3  2
202606060900 108   7  2.2  -9 -9.0   -9 1004.6 1014.6  2   0.5  21.0  13.9  64.0  15.9   -9.0   -9.0   -9.0   -9.0   -9.0   -9.0   -9.0 -9 -9 -                        7   0   -9 -         -9  -9  -9  1698  0.9  1.87 -9  24.8  20.1  20.8  21.0  22.1  -9 -9.0 -9  3  2
202606061000 108   9  1.8  -9 -9.0   -9 1004.8 1014.7 -9  -9.0  22.6  13.6  57.0  15.6   -9.0   -9.0   -9.0   -9.0   -9.0   -9.0   -9.0 -9 -9 -                        7   0   -9 -         -9  -9  -9  1736  1.0  2.39 -9  33.2  21.0  21.6  21.6  22.0  -9 -9.0 -9  3  2
202606061100 108   5  2.4  -9 -9.0   -9 1004.4 1014.2 -9  -9.0  24.2  13.1  50.0  15.1   -9.0   -9.0   -9.0   -9.0   -9.0   -9.0   -9.0 -9 -9 -                        6   0   -9 -         -9  -9  -9  2762  1.0  2.91 -9  39.8  22.1  22.7  22.3  21.9  -9 -9.0 -9  3  2
202606061200 108   5  3.5  -9 -9.0   -9 1003.7 1013.5  8  -1.1  25.4  10.4  39.0  12.6   -9.0   -9.0   -9.0   -9.0   -9.0   -9.0   -9.0 -9 -9 -                        3   0   -9 -         -9  -9  -9  3875  1.0  3.53 -9  51.4  23.4  23.7  23.1  21.9  -9 -9.0 -9  3  2
202606061300 108   7  2.2  -9 -9.0   -9 1003.0 1012.7 -9  -9.0  26.9  10.5  36.0  12.7   -9.0   -9.0   -9.0   -9.0   -9.0   -9.0   -9.0 -9 -9 -                        2   0   -9 -         -9  -9  -9  3389  1.0  3.67 -9  54.9  24.5  24.8  23.9  21.9  -9 -9.0 -9  3  2
202606061400 108   7  2.5  -9 -9.0   -9 1002.3 1012.0 -9  -9.0  27.3   9.6  33.0  11.9   -9.0   -9.0   -9.0   -9.0   -9.0   -9.0   -9.0 -9 -9 -                        5   0   -9 -         -9  -9  -9  4213  0.9  3.25 -9  53.3  25.5  25.6  24.6  22.0  -9 -9.0 -9  3  2
202606061500 108  11  1.9  -9 -9.0   -9 1002.2 1011.9  7  -1.6  27.0   8.8  32.0  11.3   -9.0   -9.0   -9.0   -9.0   -9.0   -9.0   -9.0 -9 -9 -                        8   8   51 -         -9  -9  -9  3980  0.2  1.76 -9  37.8  26.0  25.9  25.0  22.1  -9 -9.0 -9  3  2
202606061600 108  11  1.4  -9 -9.0   -9 1002.3 1012.0 -9  -9.0  27.3   9.1  32.0  11.6   -9.0   -9.0   -9.0   -9.0   -9.0   -9.0   -9.0 -9 -9 -                        8   8   47 -         -9  -9  -9  3748  0.1  1.35 -9  36.0  25.8  25.8  25.1  22.3  -9 -9.0 -9  3  2
202606061700 108   5  0.9  -9 -9.0   -9 1002.1 1011.8 -9  -9.0  27.1   8.9  32.0  11.4   -9.0   -9.0   -9.0   -9.0   -9.0   -9.0   -9.0 -9 -9 -                        9   9   45 -         -9  -9  -9  4274  0.0  1.05 -9  32.9  25.6  25.7  25.2  22.4  -9 -9.0 -9  3  2
202606061800 108   2  2.9  -9 -9.0   -9 1001.7 1011.4  8  -0.5  26.2   9.0  34.0  11.5   -9.0   -9.0   -9.0   -9.0   -9.0   -9.0   -9.0 -9 -9 -                        9   9   46 -         -9  -9  -9  3839  0.0  0.53 -9  28.6  25.1  25.4  25.1  22.6  -9 -9.0 -9  3  2
202606061900 108  29  3.1  -9 -9.0   -9 1002.2 1012.0 -9  -9.0  25.0  10.8  41.0  12.9   -9.0   -9.0   -9.0   -9.0   -9.0   -9.0   -9.0 -9 -9 -                       10  10   45 -         -9  -9  -9  3836  0.0  0.19 -9  24.8  24.6  25.0  24.8  22.8  -9 -9.0 -9  3 -9
202606062000 108  32  3.3  -9 -9.0   -9 1002.4 1012.2 -9  -9.0  24.0  11.6  46.0  13.7   -9.0   -9.0   -9.0   -9.0   -9.0   -9.0   -9.0 -9 -9 -                       10  10   35 -         -9  -9  -9  3818  0.0  0.03 -9  22.9  23.9  24.5  24.5  22.9  -9 -9.0 -9  3 -9
202606062100 108   7  3.0  -9 -9.0   -9 1001.0 1010.8  8  -0.6  23.4  10.0  43.0  12.3    0.0    0.0    0.0   -9.0   -9.0   -9.0   -9.0 60 62 01                      10  10   28 -         -9  -9  -9  3808 -9.0 -9.00 -9  21.9  23.4  24.0  24.1  23.0  -9 -9.0 -9  1  1
202606062200 108  34  2.9  -9 -9.0   -9 1001.9 1011.7 -9  -9.0  23.3  10.3  44.0  12.5    0.0    0.0    0.0   -9.0   -9.0   -9.0   -9.0 60 66 01                       9   9   27 -         -9  -9  -9  3900 -9.0 -9.00 -9  21.1  23.0  23.6  23.8  23.0  -9 -9.0 -9  4  1
202606062300 108   5  1.8  -9 -9.0   -9 1002.0 1011.9 -9  -9.0  22.7  10.4  46.0  12.6    0.0    0.0    0.0   -9.0   -9.0   -9.0   -9.0 21 62 01                       9   9   41 -         -9  -9  -9  3800 -9.0 -9.00 -9  20.4  22.6  23.3  23.5  23.0  -9 -9.0 -9  4  1
202606070000 108   7  2.7  -9 -9.0   -9 1001.4 1011.3  0   0.5  22.7  10.4  46.0  12.6   -9.0    0.0    0.0   -9.0   -9.0   -9.0   -9.0 -9 62 -                        9   9   35 -         -9  -9  -9  4105 -9.0 -9.00 -9  20.5  22.3  23.0  23.2  23.0  -9 -9.0 -9  3  1
202606070100 108   7  2.5  -9 -9.0   -9 1000.9 1010.8 -9  -9.0  22.4  10.8  48.0  12.9   -9.0   -9.0   -9.0   -9.0   -9.0   -9.0   -9.0 -9 -9 -                       10  10   38 -         -9  -9  -9  3802 -9.0 -9.00 -9  20.3  22.1  22.7  23.0  23.0  -9 -9.0 -9  3 -9
202606070200 108   7  2.3  -9 -9.0   -9 1000.6 1010.5 -9  -9.0  22.3  10.4  47.0  12.6   -9.0   -9.0   -9.0   -9.0   -9.0   -9.0   -9.0 -9 -9 -                       10  10   31 -         -9  -9  -9  3670 -9.0 -9.00 -9  20.0  21.9  22.5  22.8  22.9  -9 -9.0 -9  3 -9
202606070300 108   7  2.0  -9 -9.0   -9 1000.7 1010.6  5  -0.7  22.0  10.4  48.0  12.6   -9.0   -9.0   -9.0   -9.0   -9.0   -9.0   -9.0 -9 62 -                       10   8   37 -         -9  -9  -9  3900 -9.0 -9.00 -9  19.5  21.7  22.3  22.6  22.9  -9 -9.0 -9  3  1
202606070400 108   5  2.0  -9 -9.0   -9 1000.5 1010.4 -9  -9.0  21.5   9.3  46.0  11.7   -9.0   -9.0   -9.0   -9.0   -9.0   -9.0   -9.0 -9 -9 -                        9   7   35 -         -9  -9  -9  3878 -9.0 -9.00 -9  18.9  21.5  22.1  22.4  22.8  -9 -9.0 -9  3  2
202606070500 108   5  1.9  -9 -9.0   -9 1000.7 1010.6 -9  -9.0  21.1   9.9  49.0  12.2   -9.0   -9.0   -9.0   -9.0   -9.0   -9.0   -9.0 -9 -9 -                        9   9   38 -         -9  -9  -9  3882 -9.0 -9.00 -9  18.7  21.3  21.9  22.2  22.8  -9 -9.0 -9  3  2
202606070600 108   7  2.4  -9 -9.0   -9 1000.6 1010.5  5  -0.1  20.8  10.5  52.0  12.7   -9.0   -9.0   -9.0   -9.0   -9.0   -9.0   -9.0 -9 -9 -                        9   9   44 -         -9  -9  -9  3924  0.0  0.04 -9  19.1  21.1  21.7  22.1  22.7  -9 -9.0 -9  3  2
202606070700 108   7  2.3  -9 -9.0   -9 1000.4 1010.3 -9  -9.0  21.1  11.1  53.0  13.2   -9.0   -9.0   -9.0   -9.0   -9.0   -9.0   -9.0 -9 -9 -                        8   8   44 -         -9  -9  -9  3791  0.0  0.32 -9  21.5  21.0  21.6  21.9  22.6  -9 -9.0 -9  3  2
202606070800 108   5  2.5  -9 -9.0   -9 1000.9 1010.8 -9  -9.0  21.8  10.9  50.0  13.0   -9.0   -9.0   -9.0   -9.0   -9.0   -9.0   -9.0 -9 -9 -                        9   9   44 -         -9  -9  -9  3886  0.0  0.60 -9  25.0  21.2  21.7  22.0  22.5  -9 -9.0 -9  3  2
202606070900 108   7  2.3  -9 -9.0   -9 1000.9 1010.8  1   0.3  22.4  11.1  49.0  13.2   -9.0   -9.0   -9.0   -9.0   -9.0   -9.0   -9.0 -9 -9 -                       10  10   42 -         -9  -9  -9  4007  0.0  0.75 -9  25.5  21.6  21.9  22.1  22.4  -9 -9.0 -9  3  2
202606071000 108   5  3.9  -9 -9.0   -9 1000.6 1010.5 -9  -9.0  22.3  12.2  53.0  14.2   -9.0   -9.0   -9.0   -9.0   -9.0   -9.0   -9.0 -9 -9 -                       10  10   37 -         -9  -9  -9  3490  0.0  0.70 -9  26.0  21.9  22.1  22.2  22.4  -9 -9.0 -9  3  2
202606071100 108   5  2.8  -9 -9.0   -9 1000.7 1010.6 -9  -9.0  22.3  11.6  51.0  13.7   -9.0   -9.0   -9.0   -9.0   -9.0   -9.0   -9.0 -9 -9 -                       10  10   37 -         -9  -9  -9  3315  0.0  0.78 -9  27.2  22.0  22.3  22.3  22.3  -9 -9.0 -9  3  2
202606071200 108   7  2.1  -9 -9.0   -9  999.8 1009.6  7  -1.2  22.8  11.8  50.0  13.8   -9.0   -9.0   -9.0   -9.0   -9.0   -9.0   -9.0 -9 -9 -                       10  10   34 -         -9  -9  -9  3652  0.0  0.90 -9  27.4  22.2  22.5  22.5  22.3  -9 -9.0 -9  3  2
202606071300 108   7  2.2  -9 -9.0   -9  999.5 1009.3 -9  -9.0  22.7  11.4  49.0  13.5   -9.0   -9.0   -9.0   -9.0   -9.0   -9.0   -9.0 -9 -9 -                       10  10   33 -         -9  -9  -9  3717  0.0  0.65 -9  26.4  22.2  22.5  22.5  22.3  -9 -9.0 -9  3  2
202606071400 108   7  3.5  -9 -9.0   -9  998.7 1008.5 -9  -9.0  22.7  12.3  52.0  14.3    0.0    0.0    0.0   -9.0   -9.0   -9.0   -9.0 21 62 01                      10   9   31 -         -9  -9  -9  3579  0.0  0.54 -9  26.0  22.2  22.5  22.6  22.3  -9 -9.0 -9  4  1
202606071500 108   7  2.9  -9 -9.0   -9  997.9 1007.7  7  -1.9  22.9  13.3  55.0  15.3   -9.0    0.0    0.0   -9.0   -9.0   -9.0   -9.0 -9 62 -                       10  10   33 -         -9  -9  -9  3765  0.0  0.68 -9  27.7  22.3  22.6  22.6  22.3  -9 -9.0 -9  3  1
202606071600 108   5  2.0  -9 -9.0   -9  996.7 1006.5 -9  -9.0  23.4  13.8  55.0  15.8   -9.0    0.0    0.0   -9.0   -9.0   -9.0   -9.0 -9 -9 -                       10  10   32 -         -9  -9  -9  3290  0.0  0.68 -9  27.6  22.5  22.7  22.7  22.3  -9 -9.0 -9  3  2
202606071700 108   2  2.5  -9 -9.0   -9  996.7 1006.5 -9  -9.0  24.1  13.9  53.0  15.9   -9.0    0.0    0.0   -9.0   -9.0   -9.0   -9.0 -9 -9 -                        9   9   38 -         -9  -9  -9  3248  0.0  0.63 -9  27.0  22.7  22.9  22.8  22.3  -9 -9.0 -9  3  2
202606071800 108  32  2.5  -9 -9.0   -9  997.1 1006.8  5  -0.9  24.6  14.6  54.0  16.6   -9.0    0.0    0.0   -9.0   -9.0   -9.0   -9.0 -9 -9 -                        5   5   39 -         -9  -9  -9  3069  0.6  1.02 -9  27.3  22.9  23.0  23.0  22.3  -9 -9.0 -9  3  2
202606071900 108  32  3.6  -9 -9.0   -9  997.3 1007.1 -9  -9.0  23.7  14.3  56.0  16.3   -9.0    0.0    0.0   -9.0   -9.0   -9.0   -9.0 -9 -9 -                        7   0   -9 -         -9  -9  -9  3136  1.0  0.73 -9  24.2  22.9  23.1  23.0  22.3  -9 -9.0 -9  3 -9
202606072000 108  29  2.8  -9 -9.0   -9  997.6 1007.4 -9  -9.0  22.4  15.2  64.0  17.3   -9.0    0.0    0.0   -9.0   -9.0   -9.0   -9.0 -9 -9 -                        6   0   -9 -         -9  -9  -9  2987  0.4  0.15 -9  21.2  22.4  22.8  22.9  22.3  -9 -9.0 -9  3 -9
202606072100 108   5  0.7  -9 -9.0   -9  998.0 1007.9  2   1.1  21.6  14.9  66.0  16.9   -9.0    0.0    0.0   -9.0   -9.0   -9.0   -9.0 -9 -9 -                        4   4   32 -         -9  -9  -9  2945 -9.0 -9.00 -9  19.5  22.0  22.5  22.7  22.3  -9 -9.0 -9  3  2
202606072200 108  27  1.1  -9 -9.0   -9  998.1 1008.0 -9  -9.0  20.8  14.4  67.0  16.4   -9.0    0.0    0.0   -9.0   -9.0   -9.0   -9.0 -9 -9 -                        5   5   32 -         -9  -9  -9  2809 -9.0 -9.00 -9  17.8  21.6  22.2  22.4  22.3  -9 -9.0 -9  3 -9
202606072300 108  27  1.0  -9 -9.0   -9  998.2 1008.1 -9  -9.0  20.2  14.7  71.0  16.7   -9.0    0.0    0.0   -9.0   -9.0   -9.0   -9.0 -9 -9 -                        7   7   32 -         -9  -9  -9  2805 -9.0 -9.00 -9  17.3  21.2  21.9  22.1  22.3  -9 -9.0 -9  3 -9
202606080000 108   5  1.2  -9 -9.0   -9  998.0 1007.9  4   0.0  19.7  14.2  71.0  16.2   -9.0    0.0    0.0   -9.0   -9.0   -9.0   -9.0 -9 -9 -                        7   7   29 -         -9  -9  -9  2879 -9.0 -9.00 -9  17.7  20.9  21.6  21.9  22.3  -9 -9.0 -9  3  2
202606080100 108   0  0.4  -9 -9.0   -9  997.8 1007.7 -9  -9.0  19.7  14.5  72.0  16.5   -9.0   -9.0   -9.0   -9.0   -9.0   -9.0   -9.0 -9 -9 -                       10  10   29 -         -9  -9  -9  2664 -9.0 -9.00 -9  18.3  20.7  21.3  21.7  22.2  -9 -9.0 -9  3 -9
202606080200 108  27  1.0  -9 -9.0   -9  997.2 1007.1 -9  -9.0  19.2  14.6  75.0  16.6   -9.0   -9.0   -9.0   -9.0   -9.0   -9.0   -9.0 -9 -9 -                        7   7   28 -         -9  -9  -9  2510 -9.0 -9.00 -9  16.8  20.5  21.2  21.5  22.2  -9 -9.0 -9  3 -9
202606080300 108  25  2.0  -9 -9.0   -9  997.0 1007.0  7  -0.9  18.6  14.2  76.0  16.2   -9.0   -9.0   -9.0   -9.0   -9.0   -9.0   -9.0 -9 -9 -                        7   7   27 -         -9  -9  -9  2704 -9.0 -9.00 -9  16.9  20.2  21.0  21.3  22.1  -9 -9.0 -9  3  2
202606080400 108  27  1.2  -9 -9.0   -9  996.8 1006.8 -9  -9.0  18.2  14.2  78.0  16.2   -9.0   -9.0   -9.0   -9.0   -9.0   -9.0   -9.0 -9 -9 -                        9   0   -9 -         -9  -9  -9  2415 -9.0 -9.00 -9  16.6  20.0  20.7  21.1  22.1  -9 -9.0 -9  3  2
202606080500 108  27  3.2  -9 -9.0   -9  997.6 1007.6 -9  -9.0  18.0  14.8  82.0  16.8   -9.0   -9.0   -9.0   -9.0   -9.0   -9.0   -9.0 -9 -9 -                        9   3   18 -         -9  -9  -9  2247 -9.0 -9.00 -9  16.9  19.9  20.6  21.0  22.0  -9 -9.0 -9  3  2
202606080600 108  27  1.6  -9 -9.0   -9  997.6 1007.6  1   0.6  17.3  14.5  84.0  16.5   -9.0   -9.0   -9.0   -9.0   -9.0   -9.0   -9.0 -9 -9 -                       10   1    3 -         -9  -9  -9  1664  0.0  0.03 -9  16.9  19.8  20.4  20.8  21.9  -9 -9.0 -9  3  2
202606080700 108  25  2.9  -9 -9.0   -9  998.1 1008.1 -9  -9.0  17.0  14.2  84.0  16.2   -9.0   -9.0   -9.0   -9.0   -9.0   -9.0   -9.0 -9 -9 -                       10   1    3 -         -9  -9  -9  1364  0.0  0.16 -9  17.9  19.7  20.3  20.7  21.8  -9 -9.0 -9  3  2
202606080800 108  25  2.4  -9 -9.0   -9  998.4 1008.4 -9  -9.0  17.3  14.0  81.0  16.0   -9.0   -9.0   -9.0   -9.0   -9.0   -9.0   -9.0 -9 -9 -                       10   9   70 -         -9  -9  -9  1272  0.0  0.41 -9  20.3  19.8  20.3  20.7  21.7  -9 -9.0 -9  3  2
202606080900 108  27  2.6  -9 -9.0   -9  998.2 1008.2  0   0.6  17.9  13.8  77.0  15.8   -9.0   -9.0   -9.0   -9.0   -9.0   -9.0   -9.0 -9 -9 -                        9   8   15 -         -9  -9  -9  1955  0.0  0.60 -9  22.6  20.1  20.5  20.7  21.7  -9 -9.0 -9  3  2
202606081000 108  27  2.3  -9 -9.0   -9  998.0 1007.9 -9  -9.0  19.6  14.6  73.0  16.6   -9.0   -9.0   -9.0   -9.0   -9.0   -9.0   -9.0 -9 -9 -                        8   2   15 -         -9  -9  -9  2349  0.1  1.26 -9  30.9  20.3  20.8  20.9  21.6  -9 -9.0 -9  3  2
202606081100 108  29  3.0  -9 -9.0   -9  997.9 1007.8 -9  -9.0  21.9  14.5  63.0  16.5   -9.0   -9.0   -9.0   -9.0   -9.0   -9.0   -9.0 -9 -9 -                        7   1   10 -         -9  -9  -9  2132  0.7  2.70 -9  36.4  21.7  21.6  21.5  21.5  -9 -9.0 -9  3  2
202606081200 108  29  3.1  -9 -9.0   -9  997.6 1007.4  7  -0.8  23.8  13.9  54.0  15.9   -9.0   -9.0   -9.0   -9.0   -9.0   -9.0   -9.0 -9 -9 -                        7   2   10 -         -9  -9  -9  3273  0.9  3.50 -9  53.2  22.6  22.7  22.2  21.5  -9 -9.0 -9  3  2
202606081300 108  29  3.4  -9 -9.0   -9  997.1 1006.8 -9  -9.0  25.5  13.0  46.0  15.0   -9.0   -9.0   -9.0   -9.0   -9.0   -9.0   -9.0 -9 -9 -                        7   1   14 -         -9  -9  -9  3651  0.9  3.74 -9  56.5  24.1  24.0  23.1  21.5  -9 -9.0 -9  3  2
202606081400 108  29  2.6  -9 -9.0   -9  996.7 1006.4 -9  -9.0  24.7  12.9  48.0  14.9   -9.0   -9.0   -9.0   -9.0   -9.0   -9.0   -9.0 -9 -9 -                        6   4   13 -         -9  -9  -9  3196  0.4  2.32 -9  45.2  24.9  24.8  23.7  21.5  -9 -9.0 -9  3  2
202606081500 108  27  3.4  -9 -9.0   -9  996.4 1006.1  7  -1.3  25.5  12.6  45.0  14.6   -9.0   -9.0   -9.0   -9.0   -9.0   -9.0   -9.0 -9 -9 -                        4   2   15 -         -9  -9  -9  3296  0.6  2.28 -9  48.6  24.7  24.9  24.1  21.6  -9 -9.0 -9  3  2
202606081600 108  29  3.7  -9 -9.0   -9  996.0 1005.7 -9  -9.0  25.9  10.8  39.0  12.9   -9.0   -9.0   -9.0   -9.0   -9.0   -9.0   -9.0 -9 -9 -                        1   1   -9 -         -9  -9  -9  3565  0.9  2.72 -9  44.7  25.5  25.3  24.5  21.8  -9 -9.0 -9  3  2
202606081700 108  25  3.7  -9 -9.0   -9  995.7 1005.4 -9  -9.0  25.4  10.4  39.0  12.6   -9.0   -9.0   -9.0   -9.0   -9.0   -9.0   -9.0 -9 -9 -                        3   1   18 -         -9  -9  -9  3064  0.7  1.66 -9  35.4  25.4  25.3  24.7  21.9  -9 -9.0 -9  3  2
202606081800 108  27  2.7  -9 -9.0   -9  995.7 1005.4  6  -0.7  24.6  12.5  47.0  14.5   -9.0   -9.0   -9.0   -9.0   -9.0   -9.0   -9.0 -9 -9 -                        1   1   17 -         -9  -9  -9  2827  0.5  0.77 -9  29.0  24.9  25.0  24.6  22.1  -9 -9.0 -9  3  2
202606081900 108  27  2.5  -9 -9.0   -9  995.9 1005.7 -9  -9.0  24.0  10.6  43.0  12.8   -9.0   -9.0   -9.0   -9.0   -9.0   -9.0   -9.0 -9 -9 -                        1   1   -9 -         -9  -9  -9  2739  1.0  0.66 -9  24.4  24.4  24.6  24.4  22.3  -9 -9.0 -9  3  2
202606082000 108  25  3.3  -9 -9.0   -9  996.7 1006.5 -9  -9.0  22.5  13.0  55.0  15.0   -9.0   -9.0   -9.0   -9.0   -9.0   -9.0   -9.0 -9 -9 -                        3   1   -9 -         -9  -9  -9  3209  0.5  0.14 -9  21.1  23.6  24.1  24.1  22.4  -9 -9.0 -9  3  2
202606082100 108  27  2.7  -9 -9.0   -9  997.4 1007.3  2   1.9  21.4  13.5  61.0  15.5   -9.0   -9.0   -9.0   -9.0   -9.0   -9.0   -9.0 -9 -9 -                        4   0   -9 -         -9  -9  -9  3242 -9.0 -9.00 -9  19.4  22.9  23.5  23.7  22.5  -9 -9.0 -9  3  2
202606082200 108  29  2.3  -9 -9.0   -9  998.2 1008.1 -9  -9.0  20.6  13.5  64.0  15.5   -9.0   -9.0   -9.0   -9.0   -9.0   -9.0   -9.0 -9 -9 -                        5   1   -9 -         -9  -9  -9  3162 -9.0 -9.00 -9  18.2  22.4  23.0  23.3  22.6  -9 -9.0 -9  3  2
202606082300 108  32  3.5  -9 -9.0   -9  997.9 1007.8 -9  -9.0  20.3  12.5  61.0  14.5   -9.0   -9.0   -9.0   -9.0   -9.0   -9.0   -9.0 -9 -9 -                        3   1   -9 -         -9  -9  -9  2955 -9.0 -9.00 -9  17.5  21.9  22.6  22.9  22.6  -9 -9.0 -9  3  2
202606090000 108  32  4.2  -9 -9.0   -9  998.3 1008.2  2   0.9  19.8  11.8  60.0  13.8   -9.0   -9.0   -9.0   -9.0   -9.0   -9.0   -9.0 -9 -9 -                        0   0   -9 -         -9  -9  -9  2990 -9.0 -9.00 -9  17.1  21.5  22.2  22.6  22.6  -9 -9.0 -9  3  2
202606090100 108  27  1.2  -9 -9.0   -9  997.9 1007.9 -9  -9.0  19.0  11.7  63.0  13.7   -9.0   -9.0   -9.0   -9.0   -9.0   -9.0   -9.0 -9 -9 -                        0   0   -9 -         -9  -9  -9  3012 -9.0 -9.00 -9  15.5  20.8  21.8  22.2  22.6  -9 -9.0 -9  3 -9
202606090200 108   0  0.3  -9 -9.0   -9  997.7 1007.7 -9  -9.0  18.1  11.1  64.0  13.2   -9.0   -9.0   -9.0   -9.0   -9.0   -9.0   -9.0 -9 -9 -                        0   0   -9 -         -9  -9  -9  2983 -9.0 -9.00 -9  14.5  20.4  21.5  21.9  22.5  -9 -9.0 -9  3 -9
202606090300 108  36  1.5  -9 -9.0   -9  997.5 1007.5  7  -0.7  17.6  11.3  67.0  13.4   -9.0   -9.0   -9.0   -9.0   -9.0   -9.0   -9.0 -9 -9 -                        0   0   -9 -         -9  -9  -9  2992 -9.0 -9.00 -9  14.1  19.9  21.1  21.5  22.4  -9 -9.0 -9  3  2
202606090400 108  27  1.7  -9 -9.0   -9  997.9 1007.9 -9  -9.0  16.9  11.1  69.0  13.2   -9.0   -9.0   -9.0   -9.0   -9.0   -9.0   -9.0 -9 -9 -                        0   0   -9 -         -9  -9  -9  3001 -9.0 -9.00 -9  13.6  19.6  20.7  21.2  22.4  -9 -9.0 -9  3  2
202606090500 108  27  0.9  -9 -9.0   -9  998.4 1008.5 -9  -9.0  16.4  10.9  70.0  13.0   -9.0   -9.0   -9.0   -9.0   -9.0   -9.0   -9.0 -9 -9 -                        0   0   -9 -         -9  -9  -9  3066 -9.0 -9.00 -9  13.3  19.3  20.4  20.9  22.3  -9 -9.0 -9  3  2
202606090600 108   0  0.0  -9 -9.0   -9  998.7 1008.8  2   1.3  16.2  11.1  72.0  13.2   -9.0   -9.0   -9.0   -9.0   -9.0   -9.0   -9.0 -9 -9 -                        0   0   -9 -         -9  -9  -9  3056  0.0  0.05 -9  13.6  19.0  20.1  20.6  22.1  -9 -9.0 -9  3  2
202606090700 108   2  1.4  -9 -9.0   -9  998.9 1008.9 -9  -9.0  17.4  12.0  71.0  14.0   -9.0   -9.0   -9.0   -9.0   -9.0   -9.0   -9.0 -9 -9 -                        0   0   -9 -         -9  -9  -9  2555  1.0  0.57 -9  16.1  19.3  19.9  20.5  22.0  -9 -9.0 -9  3  2
202606090800 108  18  1.3  -9 -9.0   -9  999.2 1009.1 -9  -9.0  19.9  12.8  64.0  14.8   -9.0   -9.0   -9.0   -9.0   -9.0   -9.0   -9.0 -9 -9 -                        0   0   -9 -         -9  -9  -9  2475  1.0  1.34 -9  19.3  20.1  20.3  20.6  21.9  -9 -9.0 -9  3  2
202606090900 108  27  1.2  -9 -9.0   -9  999.1 1009.0  0   0.2  22.0  13.3  58.0  15.3   -9.0   -9.0   -9.0   -9.0   -9.0   -9.0   -9.0 -9 -9 -                        0   0   -9 -         -9  -9  -9  3006  1.0  2.03 -9  26.0  20.9  21.0  21.1  21.8  -9 -9.0 -9  3  2
202606091000 108  25  1.5  -9 -9.0   -9  998.9 1008.7 -9  -9.0  23.5  12.1  49.0  14.1   -9.0   -9.0   -9.0   -9.0   -9.0   -9.0   -9.0 -9 -9 -                        0   0   -9 -         -9  -9  -9  3076  1.0  2.68 -9  41.3  22.1  22.0  21.7  21.7  -9 -9.0 -9  3  2
202606091100 108  32  2.2  -9 -9.0   -9  998.5 1008.2 -9  -9.0  25.1  11.2  42.0  13.3   -9.0   -9.0   -9.0   -9.0   -9.0   -9.0   -9.0 -9 -9 -                        0   0   -9 -         -9  -9  -9  3605  1.0  3.26 -9  50.7  23.1  23.1  22.5  21.6  -9 -9.0 -9  3  2
202606091200 108  25  3.0  -9 -9.0   -9  998.0 1007.7  7  -1.3  26.3  10.0  36.0  12.3   -9.0   -9.0   -9.0   -9.0   -9.0   -9.0   -9.0 -9 -9 -                        3   1   43 -         -9  -9  -9  3493  1.0  3.53 -9  53.7  24.6  24.2  23.3  21.6  -9 -9.0 -9  3  2
202606091300 108  27  2.6  -9 -9.0   -9  997.3 1006.9 -9  -9.0  27.5   8.8  31.0  11.3   -9.0   -9.0   -9.0   -9.0   -9.0   -9.0   -9.0 -9 -9 -                        6   1   36 -         -9  -9  -9  3857  0.9  3.57 -9  54.0  26.0  25.4  24.2  21.6  -9 -9.0 -9  3  2
202606091400 108  29  3.4  -9 -9.0   -9  997.0 1006.7 -9  -9.0  26.9   9.7  34.0  12.0   -9.0   -9.0   -9.0   -9.0   -9.0   -9.0   -9.0 -9 -9 -                        7   7   35 -         -9  -9  -9  3513  0.3  2.38 -9  47.7  26.2  25.9  24.6  21.7  -9 -9.0 -9  3  2
202606091500 108  29  3.5  -9 -9.0   -9  997.1 1006.7  6  -1.0  27.6  11.5  37.0  13.6   -9.0   -9.0   -9.0   -9.0   -9.0   -9.0   -9.0 -9 -9 -                        7   7   32 -         -9  -9  -9  3212  0.5  2.42 -9  50.7  26.0  26.0  25.0  21.9  -9 -9.0 -9  3  2
202606091600 108  29  3.1  -9 -9.0   -9  997.1 1006.8 -9  -9.0  25.9  10.0  37.0  12.3   -9.0   -9.0   -9.0   -9.0   -9.0   -9.0   -9.0 -9 -9 -                        8   8   30 -         -9  -9  -9  3685  0.4  1.75 -9  36.8  26.6  26.2  25.2  22.0  -9 -9.0 -9  3  2
202606091700 108  27  3.3  -9 -9.0   -9  997.3 1007.0 -9  -9.0  25.3   8.7  35.0  11.2   -9.0   -9.0   -9.0   -9.0   -9.0   -9.0   -9.0 -9 -9 -                        7   7   29 -         -9  -9  -9  4250  0.3  1.24 -9  34.6  26.0  26.0  25.2  22.2  -9 -9.0 -9  3  2
202606091800 108  25  3.0  -9 -9.0   -9  997.4 1007.2  2   0.5  24.1   7.6  35.0  10.4   -9.0   -9.0   -9.0   -9.0   -9.0   -9.0   -9.0 -9 -9 -                        8   8   25 -         -9  -9  -9  3706  0.2  0.74 -9  28.2  25.6  25.7  25.1  22.4  -9 -9.0 -9  3  2
202606091900 108  27  2.7  -9 -9.0   -9  998.0 1007.8 -9  -9.0  23.1   8.3  39.0  10.9   -9.0   -9.0   -9.0   -9.0   -9.0   -9.0   -9.0 -9 -9 -                        6   6   25 -         -9  -9  -9  3247  0.0  0.29 -9  24.7  24.8  25.1  24.8  22.6  -9 -9.0 -9  3 -9
202606092000 108  27  3.2  -9 -9.0   -9  998.4 1008.3 -9  -9.0  21.2   8.4  44.0  11.0    0.0    0.0    0.0   -9.0   -9.0   -9.0   -9.0 60 62 01                       8   8   31 -         -9  -9  -9  4229  0.0  0.04 -9  21.2  23.9  24.4  24.4  22.7  -9 -9.0 -9  4  1
202606092100 108  27  2.1  -9 -9.0   -9  998.3 1008.2  0   1.0  19.8  11.0  57.0  13.1    0.1    0.1    0.1   -9.0   -9.0   -9.0   -9.0 60 62 01                       8   8   25 -         -9  -9  -9  3254 -9.0 -9.00 -9  18.3  23.1  23.8  23.9  22.8  -9 -9.0 -9  1  1
202606092200 108  27  2.0  -9 -9.0   -9  998.6 1008.5 -9  -9.0  19.7  10.3  55.0  12.5    0.0    0.1    0.1   -9.0   -9.0   -9.0   -9.0 21 62 01                       8   8   38 -         -9  -9  -9  3312 -9.0 -9.00 -9  17.5  22.5  23.2  23.5  22.8  -9 -9.0 -9  4  1
202606092300 108  27  1.9  -9 -9.0   -9  998.3 1008.3 -9  -9.0  19.1  10.6  58.0  12.8   -9.0    0.1    0.1   -9.0   -9.0   -9.0   -9.0 -9 -9 -                        2   2   53 -         -9  -9  -9  3792 -9.0 -9.00 -9  15.7  21.9  22.7  23.0  22.8  -9 -9.0 -9  3 -9
202606100000 108  27  3.0  -9 -9.0   -9  998.8 1008.8  2   0.6  18.8  12.0  65.0  14.0   -9.0    0.1    0.1   -9.0   -9.0   -9.0   -9.0 -9 61 -                        4   0   -9 -         -9  -9  -9  2931 -9.0 -9.00 -9  15.2  21.1  22.3  22.6  22.8  -9 -9.0 -9  3  1
202606100100 108  27  3.0  -9 -9.0   -9  998.7 1008.7 -9  -9.0  18.6  14.0  75.0  16.0   -9.0   -9.0   -9.0   -9.0   -9.0   -9.0   -9.0 -9 -9 -                        4   4    6 -         -9  -9  -9  2016 -9.0 -9.00 -9  16.2  21.1  21.9  22.3  22.8  -9 -9.0 -9  3 -9
202606100200 108  27  1.5  -9 -9.0   -9  998.6 1008.6 -9  -9.0  18.4  14.0  76.0  16.0   -9.0   -9.0   -9.0   -9.0   -9.0   -9.0   -9.0 -9 -9 -                        7   5    4 -         -9  -9  -9  1853 -9.0 -9.00 -9  16.9  20.8  21.6  22.1  22.7  -9 -9.0 -9  3 -9
202606100300 108  27  1.5  -9 -9.0   -9  998.5 1008.5  7  -0.3  18.3  14.1  77.0  16.1   -9.0   -9.0   -9.0   -9.0   -9.0   -9.0   -9.0 -9 61 -                        5   2    4 -         -9  -9  -9  1320 -9.0 -9.00 -9  16.1  20.7  21.4  21.8  22.6  -9 -9.0 -9  3  1
202606100400 108  29  0.7  -9 -9.0   -9  998.2 1008.2 -9  -9.0  17.9  14.5  81.0  16.5   -9.0   -9.0   -9.0   -9.0   -9.0   -9.0   -9.0 -9 -9 -                        5   2    4 -         -9  -9  -9  1464 -9.0 -9.00 -9  14.9  20.1  21.2  21.6  22.5  -9 -9.0 -9  3  2
202606100500 108   5  1.1  -9 -9.0   -9  998.4 1008.4 -9  -9.0  17.9  15.6  87.0  17.7    0.5    0.5    0.5   -9.0   -9.0   -9.0   -9.0 60 62 01                       7   2    4 -         -9  -9  -9   892 -9.0 -9.00 -9  16.6  19.9  21.0  21.4  22.4  -9 -9.0 -9  4  1
202606100600 108  16  1.3  -9 -9.0   -9  998.7 1008.7  3   0.2  18.1  15.5  85.0  17.6    0.1    0.6    0.6   -9.0   -9.0   -9.0   -9.0 21 62 1901                    10  10    4 -         -9  -9  -9   939  0.0  0.04 -9  17.4  19.9  20.9  21.3  22.3  -9 -9.0 -9  4  1
202606100700 108  14  2.0  -9 -9.0   -9  998.5 1008.5 -9  -9.0  19.1  15.7  81.0  17.8   -9.0    0.6    0.6   -9.0   -9.0   -9.0   -9.0 -9 -9 19                       9   9    6 -         -9  -9  -9  1140  0.7  0.48 -9  20.1  20.1  20.9  21.3  22.3  -9 -9.0 -9  3  2
202606100800 108  23  2.0  -9 -9.0   -9  999.1 1009.0 -9  -9.0  19.8  15.8  78.0  17.9   -9.0    0.6    0.6   -9.0   -9.0   -9.0   -9.0 -9 -9 -                        9   9    4 -         -9  -9  -9  1525  0.3  0.69 -9  21.4  20.4  21.1  21.4  22.2  -9 -9.0 -9  3  2
202606100900 108  18  2.2  -9 -9.0   -9  999.1 1009.0  1   0.3  20.9  15.6  72.0  17.7   -9.0    0.6    0.6   -9.0   -9.0   -9.0   -9.0 -9 62 -                        5   5    6 -         -9  -9  -9  1389  0.3  1.22 -9  25.1  21.1  21.5  21.6  22.1  -9 -9.0 -9  3  1
202606101000 108  29  2.6  -9 -9.0   -9  999.1 1009.0 -9  -9.0  21.6  15.4  68.0  17.5   -9.0    0.6    0.6   -9.0   -9.0   -9.0   -9.0 -9 -9 -                        5   5    7 -         -9  -9  -9  1400  0.2  1.23 -9  26.1  21.8  22.1  21.9  22.0  -9 -9.0 -9  3  2
202606101100 108  27  2.6  -9 -9.0   -9  999.1 1008.9 -9  -9.0  23.8  15.8  61.0  17.9   -9.0    0.6    0.6   -9.0   -9.0   -9.0   -9.0 -9 -9 -                        5   5    8 -         -9  -9  -9  1515  0.6  2.43 -9  41.4  22.4  22.7  22.4  22.0  -9 -9.0 -9  3  2
202606101200 108  25  2.9  -9 -9.0   -9  998.7 1008.5  7  -0.5  24.7  15.3  56.0  17.4   -9.0    0.6    0.6   -9.0   -9.0   -9.0   -9.0 -9 -9 -                        2   2    9 -         -9  -9  -9  1329  0.7  2.97 -9  40.3  24.3  23.8  23.1  21.9  -9 -9.0 -9  3  2
202606101300 108  25  2.9  -9 -9.0   -9  998.4 1008.1 -9  -9.0  26.1  13.8  47.0  15.8   -9.0    0.6    0.6   -9.0   -9.0   -9.0   -9.0 -9 -9 -                        2   2   11 -         -9  -9  -9  1864  0.8  3.36 -9  53.1  25.1  24.9  24.0  22.0  -9 -9.0 -9  3  2
202606101400 108  27  2.8  -9 -9.0   -9  998.1 1007.8 -9  -9.0  26.5  13.5  45.0  15.5   -9.0    0.6    0.6   -9.0   -9.0   -9.0   -9.0 -9 -9 -                        3   2   14 -         -9  -9  -9  1807  0.9  3.41 -9  49.4  26.3  25.8  24.7  22.0  -9 -9.0 -9  3  2
202606101500 108  25  4.3  -9 -9.0   -9  997.8 1007.5  7  -1.0  26.5  11.4  39.0  13.5   -9.0    0.6    0.6   -9.0   -9.0   -9.0   -9.0 -9 -9 -                        2   2   16 -         -9  -9  -9  2469  0.9  3.13 -9  51.3  26.8  26.5  25.3  22.1  -9 -9.0 -9  3  2
202606101600 108  25  4.4  -9 -9.0   -9  997.5 1007.2 -9  -9.0  26.5  11.0  38.0  13.1   -9.0    0.6    0.6   -9.0   -9.0   -9.0   -9.0 -9 -9 -                        0   0   -9 -         -9  -9  -9  2992  1.0  2.86 -9  49.1  27.1  26.9  25.7  22.3  -9 -9.0 -9  3  2
202606101700 108  23  4.4  -9 -9.0   -9  997.5 1007.2 -9  -9.0  26.2  11.5  40.0  13.6   -9.0    0.6    0.6   -9.0   -9.0   -9.0   -9.0 -9 -9 -                        0   0   -9 -         -9  -9  -9  2971  1.0  2.13 -9  42.5  27.0  26.9  25.9  22.4  -9 -9.0 -9  3  2
202606101800 108  20  3.8  -9 -9.0   -9  997.8 1007.5  4   0.0  24.7  12.2  46.0  14.2   -9.0    0.6    0.6   -9.0   -9.0   -9.0   -9.0 -9 -9 -                        0   0   -9 -         -9  -9  -9  2168  1.0  1.35 -9  32.6  26.7  26.6  25.9  22.6  -9 -9.0 -9  3  2
202606101900 108  25  3.4  -9 -9.0   -9  998.2 1008.0 -9  -9.0  23.3  11.6  48.0  13.7   -9.0    0.6    0.6   -9.0   -9.0   -9.0   -9.0 -9 -9 -                        0   0   -9 -         -9  -9  -9  2245  1.0  0.64 -9  25.5  25.9  26.1  25.6  22.8  -9 -9.0 -9  3 -9
202606102000 108  25  2.8  -9 -9.0   -9  998.9 1008.8 -9  -9.0  21.8  12.6  56.0  14.6   -9.0    0.6    0.6   -9.0   -9.0   -9.0   -9.0 -9 -9 -                        0   0   -9 -         -9  -9  -9  1630  0.4  0.12 -9  21.6  24.7  25.3  25.2  23.0  -9 -9.0 -9  3 -9
202606102100 108  25  3.1  -9 -9.0   -9  999.5 1009.4  2   1.9  20.7  13.6  64.0  15.6   -9.0    0.6    0.6   -9.0   -9.0   -9.0   -9.0 -9 -9 -                        0   0   -9 -         -9  -9  -9  1059 -9.0 -9.00 -9  19.9  23.8  24.5  24.7  23.1  -9 -9.0 -9  3  2
202606102200 108  25  2.4  -9 -9.0   -9 1000.2 1010.2 -9  -9.0  19.7  13.3  67.0  15.3   -9.0    0.6    0.6   -9.0   -9.0   -9.0   -9.0 -9 -9 40                       0   0   -9 -         -9  -9  -9   947 -9.0 -9.00 -9  18.5  23.1  23.9  24.2  23.2  -9 -9.0 -9  3  2
202606102300 108  25  1.9  -9 -9.0   -9 1000.6 1010.6 -9  -9.0  19.0  12.2  65.0  14.2   -9.0    0.6    0.6   -9.0   -9.0   -9.0   -9.0 -9 -9 40                       1   1   -9 -         -9  -9  -9  1399 -9.0 -9.00 -9  17.5  22.5  23.3  23.7  23.2  -9 -9.0 -9  3  2
202606110000 108  20  1.0  -9 -9.0   -9 1000.4 1010.4  0   1.0  18.5  12.4  68.0  14.4   -9.0    0.6    0.6   -9.0   -9.0   -9.0   -9.0 -9 -9 -                        0   0   -9 -         -9  -9  -9  1150 -9.0 -9.00 -9  16.6  22.0  22.8  23.2  23.2  -9 -9.0 -9  3  2
202606110100 108  20  2.1  -9 -9.0   -9 1000.3 1010.3 -9  -9.0  18.1  13.3  74.0  15.3   -9.0   -9.0   -9.0   -9.0   -9.0   -9.0   -9.0 -9 -9 40                       0   0   -9 -         -9  -9  -9   868 -9.0 -9.00 -9  16.4  21.5  22.3  22.8  23.1  -9 -9.0 -9  3  2
202606110200 108  25  0.9  -9 -9.0   -9 1000.4 1010.4 -9  -9.0  17.7  13.4  76.0  15.4   -9.0   -9.0   -9.0   -9.0   -9.0   -9.0   -9.0 -9 -9 40                       2   2   12 -         -9  -9  -9   832 -9.0 -9.00 -9  16.0  21.1  21.9  22.5  23.1  -9 -9.0 -9  3  2
202606110300 108  27  0.9  -9 -9.0   -9 1000.2 1010.3  6  -0.1  17.2  13.3  78.0  15.3   -9.0   -9.0   -9.0   -9.0   -9.0   -9.0   -9.0  5  0 40                       0   0   -9 -         -9  -9  -9   676 -9.0 -9.00 -9  15.2  20.8  21.6  22.1  23.0  -9 -9.0 -9  3  1
202606110400 108  27  1.1  -9 -9.0   -9 1000.4 1010.5 -9  -9.0  16.7  13.2  80.0  15.2   -9.0   -9.0   -9.0   -9.0   -9.0   -9.0   -9.0 10  0 4019                     0   0   -9 -         -9  -9  -9   651 -9.0 -9.00 -9  14.6  20.5  21.3  21.8  22.9  -9 -9.0 -9  3  1
202606110500 108  29  1.4  -9 -9.0   -9 1000.7 1010.8 -9  -9.0  16.6  13.8  84.0  15.8   -9.0   -9.0   -9.0   -9.0   -9.0   -9.0   -9.0 10  0 19                       0   0   -9 -         -9  -9  -9   504 -9.0 -9.00 -9  15.2  20.1  20.9  21.5  22.8  -9 -9.0 -9  3  1
202606110600 108  29  1.2  -9 -9.0   -9 1000.8 1010.9  2   0.6  16.3  13.4  83.0  15.4   -9.0   -9.0   -9.0   -9.0   -9.0   -9.0   -9.0 10  0 19                       0   0   -9 -         -9  -9  -9   625  0.0  0.06 -9  15.0  19.9  20.7  21.2  22.7  -9 -9.0 -9  3  1
202606110700 108  32  1.8  -9 -9.0   -9 1000.9 1011.0 -9  -9.0  17.3  14.7  85.0  16.7   -9.0   -9.0   -9.0   -9.0   -9.0   -9.0   -9.0 10  0 19                       0   0   -9 -         -9  -9  -9   491  0.8  0.48 -9  17.4  19.9  20.6  21.1  22.5  -9 -9.0 -9  3  1
202606110800 108  23  1.5  -9 -9.0   -9 1001.1 1011.1 -9  -9.0  18.9  14.7  77.0  16.7   -9.0   -9.0   -9.0   -9.0   -9.0   -9.0   -9.0 10  0 19                       0   0   -9 -         -9  -9  -9   609  0.9  1.08 -9  20.2  20.6  20.8  21.2  22.4  -9 -9.0 -9  3  1
202606110900 108  23  2.2  -9 -9.0   -9 1001.4 1011.3  2   0.4  21.1  14.7  67.0  16.7   -9.0   -9.0   -9.0   -9.0   -9.0   -9.0   -9.0  5  0 4019                     3   1   -9 -         -9  -9  -9   939  1.0  2.01 -9  27.2  21.5  21.5  21.6  22.3  -9 -9.0 -9  3  1
202606111000 108  29  2.6  -9 -9.0   -9 1001.6 1011.5 -9  -9.0  22.7  13.7  57.0  15.7   -9.0   -9.0   -9.0   -9.0   -9.0   -9.0   -9.0 -9 -9 40                       4   2    8 -         -9  -9  -9  1486  1.0  2.61 -9  40.7  22.5  22.5  22.2  22.2  -9 -9.0 -9  3  2
202606111100 108  29  2.8  -9 -9.0   -9 1001.6 1011.4 -9  -9.0  23.9  13.4  52.0  15.4   -9.0   -9.0   -9.0   -9.0   -9.0   -9.0   -9.0 -9 -9 -                        5   2   12 -         -9  -9  -9  1923  1.0  2.95 -9  45.1  23.7  23.4  22.9  22.1  -9 -9.0 -9  3  2
202606111200 108  27  3.1  -9 -9.0   -9 1001.4 1011.2  8  -0.1  25.0  13.5  49.0  15.5   -9.0   -9.0   -9.0   -9.0   -9.0   -9.0   -9.0 -9 -9 -                        6   6   12 -         -9  -9  -9  2859  0.6  2.62 -9  47.1  24.6  24.3  23.5  22.1  -9 -9.0 -9  3  2
202606111300 108  25  3.9  18 10.0 1248 1001.1 1010.9 -9  -9.0  25.3  13.1  47.0  15.1   -9.0   -9.0   -9.0   -9.0   -9.0   -9.0   -9.0 -9 -9 -                        5   4   12 -         -9  -9  -9  2215  0.7  3.18 -9  47.5  26.1  25.4  24.3  22.1  -9 -9.0 -9  3  2
202606111400 108  27  3.5  -9 -9.0   -9 1000.7 1010.4 -9  -9.0  26.1  13.2  45.0  15.2   -9.0   -9.0   -9.0   -9.0   -9.0   -9.0   -9.0 -9 -9 -                        1   1   14 -         -9  -9  -9  2967  0.8  3.28 -9  51.6  26.9  26.3  25.1  22.2  -9 -9.0 -9  3  2
202606111500 108  27  4.3  20 10.0 1446 1000.2 1009.9  7  -1.3  26.3  13.7  46.0  15.7   -9.0   -9.0   -9.0   -9.0   -9.0   -9.0   -9.0 -9 -9 -                        1   1   13 -         -9  -9  -9  3114  0.8  2.91 -9  52.3  27.3  26.9  25.6  22.3  -9 -9.0 -9  3  2
202606111600 108  27  4.4  -9 -9.0   -9 1000.3 1010.0 -9  -9.0  25.5  12.3  44.0  14.3   -9.0   -9.0   -9.0   -9.0   -9.0   -9.0   -9.0 -9 -9 -                        6   5   13 -         -9  -9  -9  3011  0.9  2.33 -9  44.9  27.4  27.1  25.9  22.4  -9 -9.0 -9  3  2
202606111700 108  25  5.0  -9 -9.0   -9 1000.4 1010.2 -9  -9.0  23.8  11.1  45.0  13.2   -9.0   -9.0   -9.0   -9.0   -9.0   -9.0   -9.0 -9 -9 -                        6   5   60 -         -9  -9  -9  3822  1.0  1.47 -9  37.4  26.8  26.8  25.9  22.6  -9 -9.0 -9  3  2
202606111800 108  27  3.2  -9 -9.0   -9 1000.5 1010.3  2   0.4  23.2  12.7  52.0  14.7   -9.0   -9.0   -9.0   -9.0   -9.0   -9.0   -9.0 -9 -9 -                        4   4   -9 -         -9  -9  -9  3101  1.0  0.99 -9  30.3  26.2  26.3  25.7  22.8  -9 -9.0 -9  3  2
202606111900 108  25  2.8  -9 -9.0   -9 1001.4 1011.3 -9  -9.0  22.0  13.0  57.0  15.0   -9.0   -9.0   -9.0   -9.0   -9.0   -9.0   -9.0 -9 -9 -                        4   2   -9 -         -9  -9  -9  2464  0.5  0.50 -9  24.4  25.4  25.7  25.4  23.0  -9 -9.0 -9  3 -9
202606112000 108  27  2.3  -9 -9.0   -9 1001.7 1011.6 -9  -9.0  21.0  13.6  63.0  15.6   -9.0   -9.0   -9.0   -9.0   -9.0   -9.0   -9.0 -9 -9 -                        3   1   33 -         -9  -9  -9  2080  0.0  0.09 -9  21.2  24.5  25.0  25.0  23.1  -9 -9.0 -9  3 -9
202606112100 108  25  1.9  -9 -9.0   -9 1002.2 1012.2  2   1.9  20.4  14.7  70.0  16.7   -9.0   -9.0   -9.0   -9.0   -9.0   -9.0   -9.0 -9 -9 -                        1   1   -9 -         -9  -9  -9  1496 -9.0 -9.00 -9  19.6  23.7  24.3  24.5  23.2  -9 -9.0 -9  3  2
202606112200 108  18  3.0  -9 -9.0   -9 1003.0 1013.0 -9  -9.0  19.7  14.7  73.0  16.7   -9.0   -9.0   -9.0   -9.0   -9.0   -9.0   -9.0 -9 -9 -                        4   1   -9 -         -9  -9  -9  1144 -9.0 -9.00 -9  18.8  23.1  23.8  24.0  23.3  -9 -9.0 -9  3 -9
202606112300 108  23  2.5  -9 -9.0   -9 1003.1 1013.1 -9  -9.0  19.1  14.5  75.0  16.5   -9.0   -9.0   -9.0   -9.0   -9.0   -9.0   -9.0 -9 -9 -                        5   0   -9 -         -9  -9  -9  1317 -9.0 -9.00 -9  18.0  22.5  23.3  23.6  23.3  -9 -9.0 -9  3 -9
202606120000 108  23  2.1  -9 -9.0   -9 1003.3 1013.3  2   1.1  18.6  14.6  78.0  16.6   -9.0   -9.0   -9.0   -9.0   -9.0   -9.0   -9.0 -9 -9 -                        3   0   -9 -         -9  -9  -9  1384 -9.0 -9.00 -9  17.4  22.1  22.9  23.2  23.2  -9 -9.0 -9  3  2
202606120100 108  23  2.7  -9 -9.0   -9 1003.5 1013.6 -9  -9.0  18.2  14.2  78.0  16.2   -9.0   -9.0   -9.0   -9.0   -9.0   -9.0   -9.0 -9 -9 -                        0   0   -9 -         -9  -9  -9  1341 -9.0 -9.00 -9  17.0  21.7  22.5  22.9  23.2  -9 -9.0 -9  3 -9
202606120200 108  25  2.1  -9 -9.0   -9 1003.6 1013.7 -9  -9.0  17.8  14.4  81.0  16.4   -9.0   -9.0   -9.0   -9.0   -9.0   -9.0   -9.0 -9 -9 -                        0   0   -9 -         -9  -9  -9  1065 -9.0 -9.00 -9  16.6  21.3  22.1  22.6  23.1  -9 -9.0 -9  3 -9
202606120300 108  25  1.2  -9 -9.0   -9 1003.4 1013.5  0   0.2  17.6  14.2  81.0  16.2   -9.0   -9.0   -9.0   -9.0   -9.0   -9.0   -9.0 10  0 19                       0   0   -9 -         -9  -9  -9   820 -9.0 -9.00 -9  15.8  21.1  21.8  22.3  23.1  -9 -9.0 -9  3  1
202606120400 108  25  2.2  -9 -9.0   -9 1003.7 1013.8 -9  -9.0  17.1  13.9  82.0  15.9   -9.0   -9.0   -9.0   -9.0   -9.0   -9.0   -9.0 10  0 19                       0   0   -9 -         -9  -9  -9   784 -9.0 -9.00 -9  15.4  20.7  21.5  22.0  23.0  -9 -9.0 -9  3  1
202606120500 108  27  1.8  -9 -9.0   -9 1004.0 1014.1 -9  -9.0  17.0  14.4  85.0  16.4   -9.0   -9.0   -9.0   -9.0   -9.0   -9.0   -9.0 10  0 19                       2   2    4 -         -9  -9  -9   802 -9.0 -9.00 -9  15.8  20.4  21.2  21.7  22.9  -9 -9.0 -9  3  1
202606120600 108  25  1.4  -9 -9.0   -9 1004.1 1014.2  2   0.7  17.2  14.4  84.0  16.4   -9.0   -9.0   -9.0   -9.0   -9.0   -9.0   -9.0 10  0 19                       1   1    5 -         -9  -9  -9   757  0.0  0.05 -9  16.0  20.2  21.0  21.5  22.8  -9 -9.0 -9  3  1
202606120700 108  18  1.6  -9 -9.0   -9 1004.2 1014.3 -9  -9.0  17.9  15.1  84.0  17.2   -9.0   -9.0   -9.0   -9.0   -9.0   -9.0   -9.0 10  0 19                       0   0   -9 -         -9  -9  -9   666  0.5  0.44 -9  18.8  20.3  20.9  21.4  22.7  -9 -9.0 -9  3  1
202606120800 108  25  1.4  -9 -9.0   -9 1004.2 1014.2 -9  -9.0  19.8  15.4  76.0  17.5   -9.0   -9.0   -9.0   -9.0   -9.0   -9.0   -9.0 10  0 19                       1   1    5 -         -9  -9  -9   896  0.9  1.20 -9  21.3  21.2  21.3  21.6  22.6  -9 -9.0 -9  3  1
202606120900 108  14  1.0  -9 -9.0   -9 1004.1 1014.0  8  -0.2  22.1  15.2  65.0  17.3   -9.0   -9.0   -9.0   -9.0   -9.0   -9.0   -9.0 -9 -9 19                       0   0   -9 -         -9  -9  -9  1177  1.0  2.00 -9  27.7  22.1  22.0  22.0  22.5  -9 -9.0 -9  3  2
202606121000 108  25  1.4  -9 -9.0   -9 1003.7 1013.5 -9  -9.0  23.6  13.7  54.0  15.7   -9.0   -9.0   -9.0   -9.0   -9.0   -9.0   -9.0 -9 -9 -                        0   0   -9 -         -9  -9  -9  2134  1.0  2.61 -9  42.6  23.1  23.0  22.7  22.4  -9 -9.0 -9  3  2
202606121100 108  27  2.5  -9 -9.0   -9 1003.8 1013.6 -9  -9.0  25.3  14.1  50.0  16.1   -9.0   -9.0   -9.0   -9.0   -9.0   -9.0   -9.0 -9 -9 -                        0   0   -9 -         -9  -9  -9  2296  1.0  3.18 -9  51.2  24.6  24.2  23.5  22.3  -9 -9.0 -9  3  2
202606121200 108  25  3.2  -9 -9.0   -9 1003.5 1013.2  7  -0.8  26.4  14.4  48.0  16.4   -9.0   -9.0   -9.0   -9.0   -9.0   -9.0   -9.0 -9 -9 -                        3   3   13 -         -9  -9  -9  1556  0.8  3.23 -9  52.5  25.8  25.3  24.3  22.3  -9 -9.0 -9  3  2
202606121300 108  23  3.4  -9 -9.0   -9 1003.0 1012.7 -9  -9.0  26.8  11.2  38.0  13.3   -9.0   -9.0   -9.0   -9.0   -9.0   -9.0   -9.0 -9 -9 -                        2   2   15 -         -9  -9  -9  2655  0.7  3.00 -9  51.6  26.8  26.2  25.0  22.3  -9 -9.0 -9  3  2
202606121400 108  25  3.9  -9 -9.0   -9 1002.7 1012.4 -9  -9.0  27.5  12.3  39.0  14.3   -9.0   -9.0   -9.0   -9.0   -9.0   -9.0   -9.0 -9 -9 -                        1   1   10 -         -9  -9  -9  2981  1.0  3.52 -9  57.6  27.7  27.2  25.7  22.4  -9 -9.0 -9  3  2
202606121500 108  27  4.5  -9 -9.0   -9 1002.4 1012.1  7  -1.1  27.1  11.5  38.0  13.6   -9.0   -9.0   -9.0   -9.0   -9.0   -9.0   -9.0 -9 -9 -                        0   0   -9 -         -9  -9  -9  2954  1.0  3.31 -9  55.5  28.4  27.9  26.4  22.5  -9 -9.0 -9  3  2
202606121600 108  25  3.2  -9 -9.0   -9 1002.4 1012.1 -9  -9.0  27.2  11.6  38.0  13.7   -9.0   -9.0   -9.0   -9.0   -9.0   -9.0   -9.0 -9 -9 -                        0   0   -9 -         -9  -9  -9  3266  1.0  2.78 -9  50.9  28.7  28.2  26.8  22.7  -9 -9.0 -9  3  2
202606121700 108  27  3.6  -9 -9.0   -9 1001.9 1011.6 -9  -9.0  27.0  10.6  36.0  12.8   -9.0   -9.0   -9.0   -9.0   -9.0   -9.0   -9.0 -9 -9 -                        0   0   -9 -         -9  -9  -9  3165  1.0  2.15 -9  45.6  28.4  28.1  26.9  22.9  -9 -9.0 -9  3  2
202606121800 108  27  3.3  -9 -9.0   -9 1001.8 1011.5  7  -0.6  26.4   9.6  35.0  11.9   -9.0   -9.0   -9.0   -9.0   -9.0   -9.0   -9.0 -9 -9 -                        0   0   -9 -         -9  -9  -9  3756  1.0  1.44 -9  33.3  28.1  27.8  26.9  23.1  -9 -9.0 -9  3  2
202606121900 108  27  2.5  -9 -9.0   -9 1001.8 1011.6 -9  -9.0  24.9  10.3  40.0  12.5   -9.0   -9.0   -9.0   -9.0   -9.0   -9.0   -9.0 -9 -9 -                        0   0   -9 -         -9  -9  -9  3725  1.0  0.68 -9  26.8  27.0  27.1  26.6  23.3  -9 -9.0 -9  3 -9
202606122000 108  27  3.6  -9 -9.0   -9 1002.2 1012.0 -9  -9.0  23.3  10.3  44.0  12.5   -9.0   -9.0   -9.0   -9.0   -9.0   -9.0   -9.0 -9 -9 -                        0   0   -9 -         -9  -9  -9  3480  0.6  0.14 -9  22.6  25.8  26.3  26.1  23.5  -9 -9.0 -9  3 -9
202606122100 108  27  1.1  -9 -9.0   -9 1002.9 1012.8  2   1.3  22.3  13.8  59.0  15.8   -9.0   -9.0   -9.0   -9.0   -9.0   -9.0   -9.0 -9 -9 -                        0   0   -9 -         -9  -9  -9  2550 -9.0 -9.00 -9  20.2  24.7  25.4  25.5  23.6  -9 -9.0 -9  3  2
202606122200 108  27  1.5  -9 -9.0   -9 1003.4 1013.3 -9  -9.0  21.3  13.7  62.0  15.7   -9.0   -9.0   -9.0   -9.0   -9.0   -9.0   -9.0 -9 -9 -                        0   0   -9 -         -9  -9  -9  2269 -9.0 -9.00 -9  18.9  23.8  24.7  24.9  23.7  -9 -9.0 -9  3 -9
202606122300 108  27  1.7  -9 -9.0   -9 1003.5 1013.5 -9  -9.0  20.6  13.7  65.0  15.7   -9.0   -9.0   -9.0   -9.0   -9.0   -9.0   -9.0 -9 -9 -                        0   0   -9 -         -9  -9  -9  1976 -9.0 -9.00 -9  18.1  23.2  24.0  24.4  23.7  -9 -9.0 -9  3 -9
202606130000 108  27  1.2  -9 -9.0   -9 1003.3 1013.3  0   0.5  20.1  13.5  66.0  15.5   -9.0   -9.0   -9.0   -9.0   -9.0   -9.0   -9.0 -9 -9 -                        0   0   -9 -         -9  -9  -9  1780 -9.0 -9.00 -9  17.1  22.7  23.5  23.9  23.7  -9 -9.0 -9  3  2
202606130100 108  27  1.5  -9 -9.0   -9 1003.1 1013.1 -9  -9.0  19.5  13.4  68.0  15.4   -9.0   -9.0   -9.0   -9.0   -9.0   -9.0   -9.0 -9 -9 -                        0   0   -9 -         -9  -9  -9  1596 -9.0 -9.00 -9  16.5  22.2  23.1  23.5  23.7  -9 -9.0 -9  3 -9
202606130200 108  27  1.3  -9 -9.0   -9 1003.1 1013.1 -9  -9.0  18.6  13.2  71.0  15.2   -9.0   -9.0   -9.0   -9.0   -9.0   -9.0   -9.0 -9 -9 -                        0   0   -9 -         -9  -9  -9  1632 -9.0 -9.00 -9  15.5  21.7  22.6  23.1  23.6  -9 -9.0 -9  3 -9
202606130300 108  32  1.0  -9 -9.0   -9 1003.1 1013.1  6  -0.2  18.2  13.4  74.0  15.4   -9.0   -9.0   -9.0   -9.0   -9.0   -9.0   -9.0 -9 -9 -                        0   0   -9 -         -9  -9  -9  1494 -9.0 -9.00 -9  15.0  21.3  22.2  22.7  23.5  -9 -9.0 -9  3  2
202606130400 108  32  1.2  -9 -9.0   -9 1003.0 1013.1 -9  -9.0  17.7  13.2  75.0  15.2   -9.0   -9.0   -9.0   -9.0   -9.0   -9.0   -9.0 -9 -9 -                        0   0   -9 -         -9  -9  -9  1288 -9.0 -9.00 -9  14.7  20.9  21.8  22.4  23.4  -9 -9.0 -9  3  2
202606130500 108   5  1.5  -9 -9.0   -9 1002.9 1013.0 -9  -9.0  17.1  12.6  75.0  14.6   -9.0   -9.0   -9.0   -9.0   -9.0   -9.0   -9.0 -9 -9 -                        0   0   -9 -         -9  -9  -9  1471 -9.0 -9.00 -9  14.5  20.6  21.5  22.0  23.3  -9 -9.0 -9  3  2
202606130600 108   2  1.7  -9 -9.0   -9 1003.3 1013.4  3   0.3  16.7  12.0  74.0  14.0   -9.0   -9.0   -9.0   -9.0   -9.0   -9.0   -9.0 -9 -9 -                        0   0   -9 -         -9  -9  -9  2296  0.0  0.05 -9  14.8  20.3  21.1  21.7  23.2  -9 -9.0 -9  3  2
202606130700 108   5  1.5  -9 -9.0   -9 1003.5 1013.5 -9  -9.0  18.4  12.6  69.0  14.6   -9.0   -9.0   -9.0   -9.0   -9.0   -9.0   -9.0 -9 -9 -                        0   0   -9 -         -9  -9  -9  2316  1.0  0.54 -9  17.2  20.3  21.0  21.6  23.1  -9 -9.0 -9  3  2
202606130800 108   7  1.8  -9 -9.0   -9 1003.4 1013.3 -9  -9.0  21.1  13.0  60.0  15.0   -9.0   -9.0   -9.0   -9.0   -9.0   -9.0   -9.0 -9 -9 -                        0   0   -9 -         -9  -9  -9  2391  1.0  1.31 -9  20.6  21.1  21.3  21.8  23.0  -9 -9.0 -9  3  2
202606130900 108   7  1.3  -9 -9.0   -9 1003.3 1013.1  8  -0.3  23.4  13.2  53.0  15.2   -9.0   -9.0   -9.0   -9.0   -9.0   -9.0   -9.0 -9 -9 -                        0   0   -9 -         -9  -9  -9  2383  1.0  2.02 -9  27.9  22.1  22.0  22.2  22.8  -9 -9.0 -9  3  2
202606131000 108  16  1.5  -9 -9.0   -9 1003.1 1012.9 -9  -9.0  25.0  11.1  42.0  13.2   -9.0   -9.0   -9.0   -9.0   -9.0   -9.0   -9.0 -9 -9 -                        0   0   -9 -         -9  -9  -9  2848  1.0  2.61 -9  43.3  23.4  23.2  22.9  22.7  -9 -9.0 -9  3  2
202606131100 108  20  2.1  -9 -9.0   -9 1002.7 1012.4 -9  -9.0  26.6  11.4  39.0  13.5   -9.0   -9.0   -9.0   -9.0   -9.0   -9.0   -9.0 -9 -9 -                        0   0   -9 -         -9  -9  -9  2857  1.0  3.19 -9  52.5  25.1  24.6  23.8  22.6  -9 -9.0 -9  3  2
202606131200 108   9  1.8  -9 -9.0   -9 1002.3 1012.0  7  -1.1  28.0  11.1  35.0  13.2   -9.0   -9.0   -9.0   -9.0   -9.0   -9.0   -9.0 -9 -9 -                        3   0   -9 -         -9  -9  -9  3162  1.0  3.52 -9  59.6  26.7  26.0  24.8  22.6  -9 -9.0 -9  3  2
202606131300 108  16  2.2  -9 -9.0   -9 1001.5 1011.1 -9  -9.0  29.5  11.9  34.0  13.9   -9.0   -9.0   -9.0   -9.0   -9.0   -9.0   -9.0 -9 -9 -                        2   0   -9 -         -9  -9  -9  2849  1.0  3.52 -9  61.1  27.7  27.2  25.7  22.6  -9 -9.0 -9  3  2
202606131400 108  11  1.6  -9 -9.0   -9 1000.2 1009.8 -9  -9.0  30.7  10.6  29.0  12.8   -9.0   -9.0   -9.0   -9.0   -9.0   -9.0   -9.0 -9 -9 -                        1   0   -9 -         -9  -9  -9  3246  1.0  3.51 -9  62.3  29.0  28.3  26.6  22.7  -9 -9.0 -9  3  2
202606131500 108  16  1.6  -9 -9.0   -9  999.6 1009.1  7  -2.9  31.6  11.9  30.0  13.9   -9.0   -9.0   -9.0   -9.0   -9.0   -9.0   -9.0 -9 -9 -                        4   0   -9 -         -9  -9  -9  2933  1.0  3.24 -9  60.5  29.8  29.1  27.4  22.9  -9 -9.0 -9  3  2
202606131600 108  25  3.0  -9 -9.0   -9  999.4 1008.9 -9  -9.0  31.5  12.8  32.0  14.8   -9.0   -9.0   -9.0   -9.0   -9.0   -9.0   -9.0 -9 -9 -                        6   0   -9 -         -9  -9  -9  2944  1.0  2.53 -9  50.9  30.4  29.6  27.9  23.0  -9 -9.0 -9  3  2
202606131700 108  27  3.6  -9 -9.0   -9  999.3 1008.9 -9  -9.0  30.8  12.6  33.0  14.6   -9.0   -9.0   -9.0   -9.0   -9.0   -9.0   -9.0 -9 -9 -                        5   0   -9 -         -9  -9  -9  2570  1.0  1.81 -9  45.8  29.9  29.5  28.0  23.3  -9 -9.0 -9  3  2
202606131800 108  29  2.9  -9 -9.0   -9  999.1 1008.7  7  -0.4  29.8  11.7  33.0  13.7   -9.0   -9.0   -9.0   -9.0   -9.0   -9.0   -9.0 -9 -9 -                        2   0   -9 -         -9  -9  -9  2868  1.0  1.22 -9  36.3  29.3  29.0  27.9  23.5  -9 -9.0 -9  3  2
202606131900 108  27  2.7  -9 -9.0   -9  999.4 1009.1 -9  -9.0  27.8  10.4  34.0  12.6   -9.0   -9.0   -9.0   -9.0   -9.0   -9.0   -9.0 -9 -9 -                        0   0   -9 -         -9  -9  -9  3318  1.0  0.56 -9  28.5  28.3  28.3  27.5  23.7  -9 -9.0 -9  3 -9
202606132000 108  27  2.6  -9 -9.0   -9 1000.0 1009.7 -9  -9.0  25.4  11.5  42.0  13.6   -9.0   -9.0   -9.0   -9.0   -9.0   -9.0   -9.0 -9 -9 -                        0   0   -9 -         -9  -9  -9  3248  0.3  0.11 -9  24.0  26.9  27.4  27.0  23.9  -9 -9.0 -9  3 -9
202606132100 108  29  1.8  -9 -9.0   -9 1000.6 1010.4  2   1.7  23.8  13.3  52.0  15.3   -9.0   -9.0   -9.0   -9.0   -9.0   -9.0   -9.0 -9 -9 -                        0   0   -9 -         -9  -9  -9  1695 -9.0 -9.00 -9  21.6  25.8  26.5  26.4  24.1  -9 -9.0 -9  3  2
202606132200 108  25  2.4  -9 -9.0   -9 1001.4 1011.2 -9  -9.0  22.9  13.9  57.0  15.9   -9.0   -9.0   -9.0   -9.0   -9.0   -9.0   -9.0 -9 -9 -                        0   0   -9 -         -9  -9  -9  2523 -9.0 -9.00 -9  20.6  24.9  25.7  25.8  24.2  -9 -9.0 -9  3 -9
202606132300 108  29  1.0  -9 -9.0   -9 1001.6 1011.5 -9  -9.0  22.1  13.9  60.0  15.9   -9.0   -9.0   -9.0   -9.0   -9.0   -9.0   -9.0 -9 -9 -                        2   1   -9 -         -9  -9  -9  2214 -9.0 -9.00 -9  19.7  24.2  25.0  25.3  24.2  -9 -9.0 -9  3 -9
202606140000 108  27  1.2  -9 -9.0   -9 1001.5 1011.4  0   1.0  21.5  13.4  60.0  15.4   -9.0   -9.0   -9.0   -9.0   -9.0   -9.0   -9.0 -9 -9 -                        4   2   28 -         -9  -9  -9  2190 -9.0 -9.00 -9  19.0  23.6  24.5  24.8  24.2  -9 -9.0 -9  3  2
202606140100 108  32  0.8  -9 -9.0   -9 1001.6 1011.5 -9  -9.0  21.3  14.6  66.0  16.6   -9.0   -9.0   -9.0   -9.0   -9.0   -9.0   -9.0 -9 -9 -                        5   4   29 -         -9  -9  -9  2145 -9.0 -9.00 -9  18.9  23.2  24.0  24.4  24.2  -9 -9.0 -9  3 -9
202606140200 108  32  0.9  -9 -9.0   -9 1001.3 1011.2 -9  -9.0  21.2  15.0  68.0  17.0   -9.0   -9.0   -9.0   -9.0   -9.0   -9.0   -9.0 -9 -9 -                        7   7   29 -         -9  -9  -9  1949 -9.0 -9.00 -9  18.8  22.8  23.6  24.1  24.1  -9 -9.0 -9  3 -9
202606140300 108   0  0.3  -9 -9.0   -9 1001.2 1011.1  8  -0.3  21.1  15.4  70.0  17.5   -9.0   -9.0   -9.0   -9.0   -9.0   -9.0   -9.0 -9 -9 -                        4   2    6 -         -9  -9  -9  1778 -9.0 -9.00 -9  18.7  22.6  23.3  23.8  24.0  -9 -9.0 -9  3  2
202606140400 108   2  1.2  -9 -9.0   -9 1000.9 1010.8 -9  -9.0  20.9  16.0  74.0  18.2   -9.0   -9.0   -9.0   -9.0   -9.0   -9.0   -9.0 -9 -9 -                        7   3    6 -         -9  -9  -9  1711 -9.0 -9.00 -9  18.3  22.4  23.1  23.5  23.9  -9 -9.0 -9  3  2
202606140500 108   0  0.4  -9 -9.0   -9 1001.1 1011.0 -9  -9.0  21.0  16.8  77.0  19.1   -9.0   -9.0   -9.0   -9.0   -9.0   -9.0   -9.0 -9 -9 -                        8   2    5 -         -9  -9  -9  1656 -9.0 -9.00 -9  18.6  22.2  22.9  23.3  23.8  -9 -9.0 -9  3  2
202606140600 108   5  1.7  -9 -9.0   -9 1001.5 1011.4  3   0.3  20.6  15.1  71.0  17.2   -9.0   -9.0   -9.0   -9.0   -9.0   -9.0   -9.0 -9 -9 -                        6   6    8 -         -9  -9  -9  2004  0.0  0.03 -9  19.7  22.0  22.7  23.1  23.7  -9 -9.0 -9  3  2
202606140700 108   2  2.0  -9 -9.0   -9 1001.7 1011.6 -9  -9.0  21.2  15.2  69.0  17.3   -9.0   -9.0   -9.0   -9.0   -9.0   -9.0   -9.0 -9 -9 -                        6   6    7 -         -9  -9  -9  2139  0.0  0.19 -9  22.3  22.2  22.6  23.1  23.6  -9 -9.0 -9  3  2
202606140800 108   5  2.0  -9 -9.0   -9 1001.9 1011.8 -9  -9.0  23.0  15.8  64.0  17.9   -9.0   -9.0   -9.0   -9.0   -9.0   -9.0   -9.0 -9 -9 -                        7   1   11 -         -9  -9  -9  2026  0.3  0.81 -9  26.5  22.7  22.9  23.2  23.6  -9 -9.0 -9  3  2
202606140900 108   7  1.5  -9 -9.0   -9 1002.2 1012.0  2   0.6  24.5  16.4  61.0  18.6   -9.0   -9.0   -9.0   -9.0   -9.0   -9.0   -9.0 -9 -9 -                        7   1    8 -         -9  -9  -9  2036  0.4  1.44 -9  31.9  23.5  23.4  23.5  23.5  -9 -9.0 -9  3  2
202606141000 108  14  1.4  -9 -9.0   -9 1002.0 1011.7 -9  -9.0  26.3  17.3  58.0  19.7   -9.0   -9.0   -9.0   -9.0   -9.0   -9.0   -9.0 -9 -9 -                        7   4    9 -         -9  -9  -9  2138  0.7  2.12 -9  42.4  24.6  24.3  24.0  23.4  -9 -9.0 -9  3  2
202606141100 108  16  1.5  -9 -9.0   -9 1002.0 1011.7 -9  -9.0  27.9  16.8  51.0  19.1   -9.0   -9.0   -9.0   -9.0   -9.0   -9.0   -9.0 -9 -9 -                        7   4   11 -         -9  -9  -9  2140  0.7  2.71 -9  51.6  26.1  25.5  24.8  23.3  -9 -9.0 -9  3  2
202606141200 108  18  2.4  -9 -9.0   -9 1001.6 1011.2  7  -0.8  29.0  16.5  47.0  18.8   -9.0   -9.0   -9.0   -9.0   -9.0   -9.0   -9.0 -9 -9 -                        7   4   45 -         -9  -9  -9  2474  1.0  3.10 -9  50.7  28.0  26.9  25.7  23.3  -9 -9.0 -9  3  2
202606141300 108  20  1.3  -9 -9.0   -9 1001.0 1010.6 -9  -9.0  30.4  16.0  42.0  18.2   -9.0   -9.0   -9.0   -9.0   -9.0   -9.0   -9.0 -9 -9 -                        6   2   14 -         -9  -9  -9  2761  1.0  3.42 -9  61.6  29.0  28.2  26.7  23.4  -9 -9.0 -9  3  2
202606141400 108   7  1.9  -9 -9.0   -9 1000.3 1009.9 -9  -9.0  30.9  15.7  40.0  17.8   -9.0   -9.0   -9.0   -9.0   -9.0   -9.0   -9.0 -9 -9 -                        7   2   16 -         -9  -9  -9  2432  0.9  3.24 -9  53.4  30.6  29.3  27.5  23.4  -9 -9.0 -9  3  2
202606141500 108   2  4.1   5 15.0 1446 1000.5 1010.3  5  -0.9  25.0  17.7  64.0  20.2    1.9    1.9    1.9   -9.0   -9.0   -9.0   -9.0 95 98 04                      10   6   11 -         -9  -9  -9  2979  0.1  0.81 -9  29.0  29.0  29.0  27.3  23.6  -9 -9.0 -9  4  1
202606141600 108  36  1.8  18 12.0 1505 1000.1 1009.9 -9  -9.0  23.9  18.5  72.0  21.3    0.5    2.4    2.4   -9.0   -9.0   -9.0   -9.0 29 98 04                      10   9   10 -         -9  -9  -9  2093  0.0  0.76 -9  28.1  26.8  27.8  27.1  23.7  -9 -9.0 -9  4  1
202606141700 108  25  1.7  -9 -9.0   -9 1000.5 1010.2 -9  -9.0  26.4  18.5  62.0  21.3    0.0    2.4    2.4   -9.0   -9.0   -9.0   -9.0 25 82 04                       9   9   10 -         -9  -9  -9  2079  0.3  1.18 -9  30.6  26.0  27.2  26.8  23.9  -9 -9.0 -9  4  1
202606141800 108  32  2.4  18 12.0 1505 1000.4 1010.2  5  -0.1  25.0  15.6  56.0  17.7   -9.0    2.4    2.4   -9.0   -9.0   -9.0   -9.0 -9 98 -                        7   7   44 -         -9  -9  -9  2727  0.0  0.45 -9  25.7  25.7  26.8  26.5  24.0  -9 -9.0 -9  3  1
202606141900 108   7  0.9  -9 -9.0   -9 1000.3 1010.1 -9  -9.0  25.0  14.1  51.0  16.1   -9.0    2.4    2.4   -9.0   -9.0   -9.0   -9.0 -9 -9 -                        7   7   48 -         -9  -9  -9  2864  0.4  0.48 -9  24.3  25.2  26.3  26.2  24.1  -9 -9.0 -9  3 -9
202606142000 108   7  1.9  -9 -9.0   -9 1001.6 1011.4 -9  -9.0  23.2  13.6  55.0  15.6   -9.0    2.4    2.4   -9.0   -9.0   -9.0   -9.0 -9 -9 -                        7   7   38 -         -9  -9  -9  3234  0.0  0.07 -9  21.4  24.7  25.8  25.9  24.2  -9 -9.0 -9  3 -9
202606142100 108   5  1.0  18 12.0 1505 1002.5 1012.4  3   2.2  22.6  14.9  62.0  16.9   -9.0    2.4    2.4   -9.0   -9.0   -9.0   -9.0 -9 98 -                        9   9   39 -         -9  -9  -9  2499 -9.0 -9.00 -9  21.0  24.0  25.2  25.5  24.3  -9 -9.0 -9  3  1
202606142200 108  25  3.2  -9 -9.0   -9 1002.9 1012.8 -9  -9.0  22.5  16.0  67.0  18.2   -9.0    2.4    2.4   -9.0   -9.0   -9.0   -9.0 29 92 -                        9   2   17 -         -9  -9  -9  2582 -9.0 -9.00 -9  20.3  23.5  24.7  25.1  24.3  -9 -9.0 -9  3  1
202606142300 108  11  0.6  -9 -9.0   -9 1002.7 1012.6 -9  -9.0  21.9  16.1  70.0  18.3   -9.0    2.4    2.4   -9.0   -9.0   -9.0   -9.0 -9 -9 -                        7   7   37 -         -9  -9  -9  2223 -9.0 -9.00 -9  19.8  23.1  24.3  24.7  24.3  -9 -9.0 -9  3 -9
202606150000 108   2  1.4  -9 -9.0   -9 1002.2 1012.1  8  -0.3  21.3  16.0  72.0  18.2   -9.0    2.4    2.4   -9.0   -9.0   -9.0   -9.0 -9 92 -                        7   7   47 -         -9  -9  -9  2047 -9.0 -9.00 -9  19.1  22.6  23.9  24.4  24.2  -9 -9.0 -9  3  1
202606150100 108   2  2.1  -9 -9.0   -9 1002.1 1012.0 -9  -9.0  20.7  15.4  72.0  17.5   -9.0   -9.0   -9.0   -9.0   -9.0   -9.0   -9.0 -9 -9 -                        7   7   44 -         -9  -9  -9  2303 -9.0 -9.00 -9  18.8  22.2  23.5  24.1  24.2  -9 -9.0 -9  3 -9
202606150200 108   5  1.3  -9 -9.0   -9 1002.1 1012.1 -9  -9.0  20.3  15.2  73.0  17.3   -9.0   -9.0   -9.0   -9.0   -9.0   -9.0   -9.0 -9 -9 -                        3   3   50 -         -9  -9  -9  2272 -9.0 -9.00 -9  17.8  22.0  23.1  23.7  24.1  -9 -9.0 -9  3 -9
202606150300 108  29  1.6  -9 -9.0   -9 1002.2 1012.2  3   0.1  20.0  15.2  74.0  17.3   -9.0   -9.0   -9.0   -9.0   -9.0   -9.0   -9.0 -9 90 -                        0   0   -9 -         -9  -9  -9  2167 -9.0 -9.00 -9  17.1  21.4  22.8  23.4  24.0  -9 -9.0 -9  3  1
202606150400 108  25  1.3  -9 -9.0   -9 1002.4 1012.4 -9  -9.0  19.5  14.9  75.0  16.9   -9.0   -9.0   -9.0   -9.0   -9.0   -9.0   -9.0 -9 -9 -                        0   0   -9 -         -9  -9  -9  2233 -9.0 -9.00 -9  16.6  21.1  22.4  23.1  23.9  -9 -9.0 -9  3  2
202606150500 108   2  0.7  -9 -9.0   -9 1002.9 1012.9 -9  -9.0  19.2  15.2  78.0  17.3   -9.0   -9.0   -9.0   -9.0   -9.0   -9.0   -9.0 -9 -9 -                        3   3   33 -         -9  -9  -9  2083 -9.0 -9.00 -9  16.6  20.7  22.1  22.8  23.8  -9 -9.0 -9  3  2
202606150600 108  36  1.0  -9 -9.0   -9 1003.5 1013.5  2   1.3  19.3  15.5  79.0  17.6   -9.0   -9.0   -9.0   -9.0   -9.0   -9.0   -9.0 -9 -9 -                        9   9   35 -         -9  -9  -9  1911  0.0  0.06 -9  18.2  20.7  21.8  22.6  23.7  -9 -9.0 -9  3  2
202606150700 108   5  1.8  -9 -9.0   -9 1003.5 1013.5 -9  -9.0  20.1  15.9  77.0  18.1   -9.0   -9.0   -9.0   -9.0   -9.0   -9.0   -9.0 -9 -9 -                        6   6   39 -         -9  -9  -9  1928  0.0  0.26 -9  20.0  20.7  21.8  22.4  23.6  -9 -9.0 -9  3  2
202606150800 108   7  1.4  -9 -9.0   -9 1003.8 1013.7 -9  -9.0  21.3  16.2  73.0  18.4   -9.0   -9.0   -9.0   -9.0   -9.0   -9.0   -9.0 -9 -9 -                        4   4   39 -         -9  -9  -9  1707  0.1  0.67 -9  21.6  21.1  22.0  22.5  23.5  -9 -9.0 -9  3  2
202606150900 108   9  2.0  -9 -9.0   -9 1003.6 1013.4  8  -0.1  24.1  16.3  62.0  18.5   -9.0   -9.0   -9.0   -9.0   -9.0   -9.0   -9.0 -9 -9 -                        0   0   -9 -         -9  -9  -9  2111  1.0  1.94 -9  25.0  22.1  22.7  22.8  23.4  -9 -9.0 -9  3  2
202606151000 108  34  1.6  -9 -9.0   -9 1003.6 1013.4 -9  -9.0  26.0  16.8  57.0  19.1   -9.0   -9.0   -9.0   -9.0   -9.0   -9.0   -9.0 -9 -9 -                        0   0   -9 -         -9  -9  -9  2170  1.0  2.55 -9  36.7  23.2  23.8  23.5  23.3  -9 -9.0 -9  3  2
202606151100 108   7  1.6  -9 -9.0   -9 1003.3 1013.0 -9  -9.0  27.9  14.8  45.0  16.8   -9.0   -9.0   -9.0   -9.0   -9.0   -9.0   -9.0 -9 -9 -                        0   0   -9 -         -9  -9  -9  2834  1.0  3.13 -9  46.0  24.7  25.0  24.3  23.2  -9 -9.0 -9  3  2
202606151200 108   2  2.1  -9 -9.0   -9 1003.1 1012.7  7  -0.7  29.2  13.4  38.0  15.4   -9.0   -9.0   -9.0   -9.0   -9.0   -9.0   -9.0 -9 -9 -                        0   0   -9 -         -9  -9  -9  3196  1.0  3.48 -9  52.8  25.9  26.2  25.1  23.2  -9 -9.0 -9  3  2
202606151300 108   7  2.1  -9 -9.0   -9 1002.7 1012.3 -9  -9.0  30.5  11.9  32.0  13.9   -9.0   -9.0   -9.0   -9.0   -9.0   -9.0   -9.0 -9 -9 -                        0   0   -9 -         -9  -9  -9  3251  1.0  3.61 -9  58.1  28.0  27.5  26.1  23.2  -9 -9.0 -9  3  2
202606151400 108   7  1.5  -9 -9.0   -9 1002.2 1011.8 -9  -9.0  31.7  12.4  31.0  14.4   -9.0   -9.0   -9.0   -9.0   -9.0   -9.0   -9.0 -9 -9 -                        0   0   -9 -         -9  -9  -9  3601  1.0  3.54 -9  59.8  29.0  28.5  26.9  23.3  -9 -9.0 -9  3  2
202606151500 108   9  1.8  -9 -9.0   -9 1002.0 1011.5  7  -1.2  32.5  12.1  29.0  14.1   -9.0   -9.0   -9.0   -9.0   -9.0   -9.0   -9.0 -9 -9 -                        2   2   10 -         -9  -9  -9  3105  1.0  3.22 -9  57.7  29.8  29.2  27.6  23.5  -9 -9.0 -9  3  2
202606151600 108  36  2.0  -9 -9.0   -9 1001.8 1011.4 -9  -9.0  31.0  14.5  37.0  16.5   -9.0   -9.0   -9.0   -9.0   -9.0   -9.0   -9.0 -9 -9 -                        5   5   10 -         -9  -9  -9  2394  0.5  1.60 -9  40.7  30.0  29.4  27.9  23.7  -9 -9.0 -9  3  2
202606151700 108  27  2.4  -9 -9.0   -9 1001.7 1011.3 -9  -9.0  29.4  13.5  38.0  15.5   -9.0   -9.0   -9.0   -9.0   -9.0   -9.0   -9.0 -9 -9 -                        6   6   42 -         -9  -9  -9  3073  0.0  0.64 -9  34.7  28.9  28.8  27.8  23.9  -9 -9.0 -9  3  2
202606151800 108  27  2.9  -9 -9.0   -9 1002.1 1011.7  3   0.2  28.8  16.6  48.0  18.9   -9.0   -9.0   -9.0   -9.0   -9.0   -9.0   -9.0 -9 -9 -                        7   7   38 -         -9  -9  -9  2535  0.0  0.53 -9  32.2  28.1  28.2  27.6  24.1  -9 -9.0 -9  3  2
202606151900 108  27  2.6  -9 -9.0   -9 1002.4 1012.1 -9  -9.0  27.9  16.8  51.0  19.1   -9.0   -9.0   -9.0   -9.0   -9.0   -9.0   -9.0 -9 -9 -                        7   7   38 -         -9  -9  -9  2643  0.1  0.40 -9  28.4  27.5  27.7  27.3  24.3  -9 -9.0 -9  3 -9
202606152000 108  27  2.4  -9 -9.0   -9 1003.0 1012.7 -9  -9.0  26.6  16.2  53.0  18.4   -9.0   -9.0   -9.0   -9.0   -9.0   -9.0   -9.0 -9 -9 -                        3   2   -9 -         -9  -9  -9  2358  0.0  0.10 -9  25.0  26.7  27.1  27.0  24.4  -9 -9.0 -9  3 -9
202606152100 108  25  1.5  -9 -9.0   -9 1003.5 1013.3  2   1.6  25.7  15.9  55.0  18.1   -9.0   -9.0   -9.0   -9.0   -9.0   -9.0   -9.0 -9 -9 -                        0   0   -9 -         -9  -9  -9  2291 -9.0 -9.00 -9  23.1  25.8  26.4  26.5  24.5  -9 -9.0 -9  3  2
202606152200 108  20  1.6  -9 -9.0   -9 1004.1 1013.9 -9  -9.0  24.8  15.9  58.0  18.1   -9.0   -9.0   -9.0   -9.0   -9.0   -9.0   -9.0 -9 -9 -                        1   0   -9 -         -9  -9  -9  2412 -9.0 -9.00 -9  21.7  25.1  25.8  26.1  24.6  -9 -9.0 -9  3 -9
202606152300 108  25  1.4  -9 -9.0   -9 1004.2 1014.0 -9  -9.0  24.1  15.3  58.0  17.4   -9.0   -9.0   -9.0   -9.0   -9.0   -9.0   -9.0 -9 -9 -                        5   0   -9 -         -9  -9  -9  2706 -9.0 -9.00 -9  20.9  24.5  25.2  25.6  24.6  -9 -9.0 -9  3 -9
202606160000 108  29  1.0  -9 -9.0   -9 1004.2 1014.1  2   0.8  23.4  15.6  62.0  17.7   -9.0   -9.0   -9.0   -9.0   -9.0   -9.0   -9.0 -9 -9 -                        6   0   -9 -         -9  -9  -9  2405 -9.0 -9.00 -9  20.1  23.9  24.7  25.2  24.6  -9 -9.0 -9  3  2
202606160100 108   9  1.0  -9 -9.0   -9 1004.4 1014.3 -9  -9.0  23.0  16.0  65.0  18.2   -9.0   -9.0   -9.0   -9.0   -9.0   -9.0   -9.0 -9 -9 -                        6   4   26 -         -9  -9  -9  2306 -9.0 -9.00 -9  19.9  23.5  24.3  24.8  24.6  -9 -9.0 -9  3 -9
202606160200 108  32  1.1  -9 -9.0   -9 1004.3 1014.2 -9  -9.0  22.9  15.7  64.0  17.8   -9.0   -9.0   -9.0   -9.0   -9.0   -9.0   -9.0 -9 -9 -                        4   4   26 -         -9  -9  -9  2474 -9.0 -9.00 -9  19.8  23.2  24.0  24.5  24.5  -9 -9.0 -9  3 -9
202606160300 108   2  1.3  -9 -9.0   -9 1003.7 1013.6  8  -0.5  22.3  16.1  68.0  18.3   -9.0   -9.0   -9.0   -9.0   -9.0   -9.0   -9.0 -9 -9 -                        8   0   -9 -         -9  -9  -9  2250 -9.0 -9.00 -9  19.1  22.9  23.6  24.2  24.4  -9 -9.0 -9  3  2
202606160400 108   5  1.5  -9 -9.0   -9 1003.6 1013.5 -9  -9.0  21.6  15.4  68.0  17.5   -9.0   -9.0   -9.0   -9.0   -9.0   -9.0   -9.0 -9 -9 -                        9   0   -9 -         -9  -9  -9  2252 -9.0 -9.00 -9  18.5  22.5  23.3  23.9  24.3  -9 -9.0 -9  3  2
202606160500 108   7  0.9  -9 -9.0   -9 1004.0 1013.9 -9  -9.0  21.3  15.5  70.0  17.6   -9.0   -9.0   -9.0   -9.0   -9.0   -9.0   -9.0 -9 -9 -                        8   0   -9 -         -9  -9  -9  2032 -9.0 -9.00 -9  18.2  22.2  23.0  23.6  24.2  -9 -9.0 -9  3  2
202606160600 108   7  0.8  -9 -9.0   -9 1004.8 1014.8  3   1.2  21.1  15.8  72.0  17.9   -9.0   -9.0   -9.0   -9.0   -9.0   -9.0   -9.0 -9 -9 -                        5   1   29 -         -9  -9  -9  2162  0.0  0.05 -9  18.9  21.9  22.7  23.4  24.1  -9 -9.0 -9  3  2
202606160700 108   5  1.7  -9 -9.0   -9 1005.1 1015.0 -9  -9.0  22.6  16.3  68.0  18.5   -9.0   -9.0   -9.0   -9.0   -9.0   -9.0   -9.0 -9 -9 -                        3   3   30 -         -9  -9  -9  2274  0.9  0.52 -9  21.6  22.2  22.7  23.3  24.0  -9 -9.0 -9  3  2
202606160800 108  11  2.0  -9 -9.0   -9 1005.1 1014.9 -9  -9.0  24.7  16.1  59.0  18.3   -9.0   -9.0   -9.0   -9.0   -9.0   -9.0   -9.0 -9 -9 -                        0   0   -9 -         -9  -9  -9  2372  1.0  1.14 -9  24.6  23.0  23.1  23.4  23.9  -9 -9.0 -9  3  2
202606160900 108  11  2.2  -9 -9.0   -9 1005.0 1014.7  8  -0.1  26.8  16.4  53.0  18.6   -9.0   -9.0   -9.0   -9.0   -9.0   -9.0   -9.0 -9 -9 -                        0   0   -9 -         -9  -9  -9  2332  1.0  1.91 -9  31.0  24.0  23.9  23.8  23.8  -9 -9.0 -9  3  2
202606161000 108  16  2.5  -9 -9.0   -9 1004.9 1014.6 -9  -9.0  28.2  16.7  50.0  19.0   -9.0   -9.0   -9.0   -9.0   -9.0   -9.0   -9.0 -9 -9 -                        0   0   -9 -         -9  -9  -9  2187  1.0  2.50 -9  44.0  25.4  25.0  24.5  23.7  -9 -9.0 -9  3  2
202606161100 108  23  2.4  -9 -9.0   -9 1004.6 1014.3 -9  -9.0  29.3  16.8  47.0  19.1   -9.0   -9.0   -9.0   -9.0   -9.0   -9.0   -9.0 -9 -9 -                        1   0   -9 -         -9  -9  -9  2251  1.0  3.03 -9  51.8  26.4  26.4  25.3  23.7  -9 -9.0 -9  3  2
202606161200 108  20  2.1  -9 -9.0   -9 1003.9 1013.5  7  -1.2  30.8  16.7  43.0  19.0   -9.0   -9.0   -9.0   -9.0   -9.0   -9.0   -9.0 -9 -9 -                        1   0   -9 -         -9  -9  -9  2161  1.0  3.29 -9  56.7  27.9  27.8  26.2  23.7  -9 -9.0 -9  3  2
202606161300 108  14  2.2  -9 -9.0   -9 1003.0 1012.6 -9  -9.0  32.0  15.8  38.0  17.9   -9.0   -9.0   -9.0   -9.0   -9.0   -9.0   -9.0 -9 -9 -                        3   3   16 -         -9  -9  -9  2583  0.8  3.19 -9  61.1  29.5  28.9  27.1  23.7  -9 -9.0 -9  3  2
202606161400 108  16  2.2  -9 -9.0   -9 1002.3 1011.8 -9  -9.0  32.8  15.3  35.0  17.4   -9.0   -9.0   -9.0   -9.0   -9.0   -9.0   -9.0 -9 -9 -                        5   3   20 -         -9  -9  -9  2739  1.0  3.48 -9  60.1  31.0  30.0  28.0  23.8  -9 -9.0 -9  3  2
202606161500 108  20  1.5  -9 -9.0   -9 1001.9 1011.4  7  -2.1  32.4  14.0  33.0  16.0   -9.0   -9.0   -9.0   -9.0   -9.0   -9.0   -9.0 -9 -9 -                        5   2   25 -         -9  -9  -9  2714  0.5  2.18 -9  47.5  31.6  30.6  28.6  23.9  -9 -9.0 -9  3  2
202606161600 108  14  0.7  -9 -9.0   -9 1001.7 1011.3 -9  -9.0  31.5  13.2  33.0  15.2   -9.0   -9.0   -9.0   -9.0   -9.0   -9.0   -9.0 -9 -9 -                        4   4   24 -         -9  -9  -9  2303  0.1  0.88 -9  38.0  30.6  30.2  28.6  24.1  -9 -9.0 -9  3  2
202606161700 108  29  4.1  -9 -9.0   -9 1001.5 1011.1 -9  -9.0  31.0  16.5  42.0  18.8   -9.0   -9.0   -9.0   -9.0   -9.0   -9.0   -9.0 -9 -9 -                        5   5   24 -         -9  -9  -9  1815  0.2  0.72 -9  38.9  29.6  29.6  28.5  24.3  -9 -9.0 -9  3  2
202606161800 108  29  3.2  -9 -9.0   -9 1001.6 1011.2  5  -0.2  30.8  17.1  44.0  19.5   -9.0   -9.0   -9.0   -9.0   -9.0   -9.0   -9.0 -9 -9 -                        6   2   19 -         -9  -9  -9  1694  1.0  1.22 -9  37.2  29.3  29.2  28.4  24.5  -9 -9.0 -9  3  2
202606161900 108  27  2.9  -9 -9.0   -9 1001.9 1011.5 -9  -9.0  29.3  15.7  44.0  17.8   -9.0   -9.0   -9.0   -9.0   -9.0   -9.0   -9.0 -9 -9 -                        4   4   27 -         -9  -9  -9  2072  0.1  0.39 -9  30.4  28.7  28.8  28.1  24.7  -9 -9.0 -9  3 -9
202606162000 108  25  1.6  -9 -9.0   -9 1001.8 1011.5 -9  -9.0  27.8  16.1  49.0  18.3   -9.0   -9.0   -9.0   -9.0   -9.0   -9.0   -9.0 -9 -9 -                        5   1   -9 -         -9  -9  -9  2199  0.0  0.11 -9  26.5  27.8  28.1  27.7  24.8  -9 -9.0 -9  3 -9
202606162100 108  20  1.1  -9 -9.0   -9 1001.9 1011.6  2   0.4  26.9  15.2  49.0  17.3   -9.0   -9.0   -9.0   -9.0   -9.0   -9.0   -9.0 -9 -9 -                        3   0   -9 -         -9  -9  -9  2258 -9.0 -9.00 -9  24.2  26.8  27.4  27.3  24.9  -9 -9.0 -9  3  2
202606162200 108  29  1.1  -9 -9.0   -9 1002.3 1012.0 -9  -9.0  26.2  15.5  52.0  17.6   -9.0   -9.0   -9.0   -9.0   -9.0   -9.0   -9.0 -9 -9 -                        0   0   -9 -         -9  -9  -9  2252 -9.0 -9.00 -9  22.6  26.0  26.7  26.8  25.0  -9 -9.0 -9  3 -9
202606162300 108  23  1.0  -9 -9.0   -9 1002.5 1012.3 -9  -9.0  25.3  15.8  56.0  17.9   -9.0   -9.0   -9.0   -9.0   -9.0   -9.0   -9.0 -9 -9 -                        0   0   -9 -         -9  -9  -9  2184 -9.0 -9.00 -9  21.6  25.4  26.1  26.3  25.0  -9 -9.0 -9  3 -9
202606170000 108   0  0.3  -9 -9.0   -9 1002.5 1012.3  1   0.7  24.7  15.8  58.0  17.9   -9.0   -9.0   -9.0   -9.0   -9.0   -9.0   -9.0 -9 -9 -                        0   0   -9 -         -9  -9  -9  2076 -9.0 -9.00 -9  21.0  24.8  25.6  25.9  25.0  -9 -9.0 -9  3  2
202606170100 108  29  0.7  -9 -9.0   -9 1002.2 1012.0 -9  -9.0  24.2  16.1  61.0  18.3   -9.0   -9.0   -9.0   -9.0   -9.0   -9.0   -9.0 -9 -9 -                        4   2   23 -         -9  -9  -9  2195 -9.0 -9.00 -9  20.9  24.3  25.1  25.5  25.0  -9 -9.0 -9  3 -9
202606170200 108   2  0.8  -9 -9.0   -9 1002.0 1011.8 -9  -9.0  23.9  16.1  62.0  18.3   -9.0   -9.0   -9.0   -9.0   -9.0   -9.0   -9.0 -9 -9 -                        1   1   25 -         -9  -9  -9  2014 -9.0 -9.00 -9  20.4  24.0  24.7  25.2  24.9  -9 -9.0 -9  3 -9
202606170300 108   7  0.8  -9 -9.0   -9 1002.1 1011.9  5  -0.4  23.2  15.7  63.0  17.8   -9.0   -9.0   -9.0   -9.0   -9.0   -9.0   -9.0 -9 -9 -                        0   0   -9 -         -9  -9  -9  1767 -9.0 -9.00 -9  19.7  23.6  24.4  24.9  24.9  -9 -9.0 -9  3  2
202606170400 108   5  2.1  -9 -9.0   -9 1002.2 1012.1 -9  -9.0  22.6  15.9  66.0  18.1   -9.0   -9.0   -9.0   -9.0   -9.0   -9.0   -9.0 -9 -9 -                        0   0   -9 -         -9  -9  -9  1795 -9.0 -9.00 -9  18.8  22.8  24.0  24.5  24.8  -9 -9.0 -9  3  2
202606170500 108   5  1.4  -9 -9.0   -9 1002.2 1012.1 -9  -9.0  22.3  15.8  67.0  17.9   -9.0   -9.0   -9.0   -9.0   -9.0   -9.0   -9.0 -9 -9 -                        0   0   -9 -         -9  -9  -9  1795 -9.0 -9.00 -9  18.8  22.9  23.7  24.3  24.7  -9 -9.0 -9  3  2
202606170600 108   5  1.9  -9 -9.0   -9 1002.5 1012.4  2   0.5  22.0  16.0  69.0  18.2   -9.0   -9.0   -9.0   -9.0   -9.0   -9.0   -9.0 -9 -9 -                        3   1   26 -         -9  -9  -9  1900  0.0  0.06 -9  19.7  22.7  23.5  24.0  24.6  -9 -9.0 -9  3  2
202606170700 108   5  1.8  -9 -9.0   -9 1002.3 1012.1 -9  -9.0  23.7  16.4  64.0  18.6   -9.0   -9.0   -9.0   -9.0   -9.0   -9.0   -9.0 -9 -9 -                        0   0   -9 -         -9  -9  -9  2271  0.8  0.47 -9  22.4  23.0  23.4  23.9  24.5  -9 -9.0 -9  3  2
202606170800 108   7  2.3  -9 -9.0   -9 1002.2 1011.9 -9  -9.0  26.1  16.3  55.0  18.5   -9.0   -9.0   -9.0   -9.0   -9.0   -9.0   -9.0 -9 -9 -                        4   4   24 -         -9  -9  -9  3085  1.0  1.29 -9  27.7  23.7  23.8  24.1  24.4  -9 -9.0 -9  3  2
202606170900 108   2  2.0  -9 -9.0   -9 1002.1 1011.8  7  -0.6  26.7  16.6  54.0  18.9   -9.0   -9.0   -9.0   -9.0   -9.0   -9.0   -9.0 -9 -9 -                        7   7   23 -         -9  -9  -9  2786  0.1  1.14 -9  32.2  24.5  24.5  24.4  24.3  -9 -9.0 -9  3  2
202606171000 108   2  2.8  -9 -9.0   -9 1001.8 1011.5 -9  -9.0  27.9  16.8  51.0  19.1   -9.0   -9.0   -9.0   -9.0   -9.0   -9.0   -9.0 -9 -9 -                        8   8   23 -         -9  -9  -9  2754  0.0  1.42 -9  37.3  25.2  25.0  24.8  24.2  -9 -9.0 -9  3  2
202606171100 108   5  2.5  -9 -9.0   -9 1001.5 1011.1 -9  -9.0  28.9  17.4  50.0  19.9   -9.0   -9.0   -9.0   -9.0   -9.0   -9.0   -9.0 -9 -9 -                        8   8   22 -         -9  -9  -9  2204  0.0  1.48 -9  40.9  25.8  25.6  25.2  24.1  -9 -9.0 -9  3  2
202606171200 108   7  2.4  -9 -9.0   -9 1001.0 1010.6  7  -1.2  30.5  17.2  45.0  19.6   -9.0   -9.0   -9.0   -9.0   -9.0   -9.0   -9.0 -9 -9 -                        6   1   30 -         -9  -9  -9  2140  0.4  2.40 -9  54.7  26.3  26.3  25.7  24.1  -9 -9.0 -9  3  2
202606171300 108  14  2.6  -9 -9.0   -9 1000.3 1009.8 -9  -9.0  31.9  17.3  42.0  19.7   -9.0   -9.0   -9.0   -9.0   -9.0   -9.0   -9.0 -9 -9 -                        6   5   29 -         -9  -9  -9  2508  0.9  3.24 -9  54.5  28.7  27.7  26.7  24.1  -9 -9.0 -9  3  2
202606171400 108   7  1.8  -9 -9.0   -9  999.3 1008.8 -9  -9.0  32.0  17.0  41.0  19.4   -9.0   -9.0   -9.0   -9.0   -9.0   -9.0   -9.0 -9 -9 -                        6   5   17 -         -9  -9  -9  2487  0.5  2.49 -9  48.0  30.1  29.0  27.4  24.1  -9 -9.0 -9  3  2
202606171500 108  25  2.2  -9 -9.0   -9  999.4 1008.9  5  -1.7  31.7  17.2  42.0  19.6    0.0    0.0    0.0   -9.0   -9.0   -9.0   -9.0 21 62 01                       8   4   17 -         -9  -9  -9  2219  0.1  1.04 -9  40.5  29.7  29.1  27.7  24.2  -9 -9.0 -9  4  1
202606171600 108  27  5.2  -9 -9.0   -9  999.1 1008.7 -9  -9.0  30.4  18.4  49.0  21.2    0.0    0.0    0.0   -9.0   -9.0   -9.0   -9.0 21 62 01                       8   8   17 -         -9  -9  -9  1135  0.0  0.60 -9  38.0  28.9  28.8  27.8  24.4  -9 -9.0 -9  4  1
202606171700 108  27  3.2  -9 -9.0   -9  998.6 1008.1 -9  -9.0  31.1  18.1  46.0  20.8   -9.0    0.0    0.0   -9.0   -9.0   -9.0   -9.0 -9 -9 -                        6   5   21 -         -9  -9  -9  1424  0.9  1.66 -9  41.4  29.2  28.8  27.9  24.5  -9 -9.0 -9  3  2
202606171800 108  25  3.6  -9 -9.0   -9  998.2 1007.8  7  -1.1  30.5  17.9  47.0  20.5   -9.0    0.0    0.0   -9.0   -9.0   -9.0   -9.0 -9 62 -                        7   1   -9 -         -9  -9  -9  1364  0.9  1.09 -9  36.2  29.1  28.8  28.0  24.6  -9 -9.0 -9  3  1
202606171900 108  27  2.9  -9 -9.0   -9  998.3 1007.9 -9  -9.0  29.6  16.7  46.0  19.0   -9.0    0.0    0.0   -9.0   -9.0   -9.0   -9.0 -9 -9 -                        3   3   21 -         -9  -9  -9  2180  0.8  0.57 -9  31.5  28.6  28.5  27.8  24.8  -9 -9.0 -9  3 -9
202606172000 108  27  3.4  -9 -9.0   -9  998.9 1008.5 -9  -9.0  28.3  17.7  53.0  20.2   -9.0    0.0    0.0   -9.0   -9.0   -9.0   -9.0 -9 -9 -                        5   5   22 -         -9  -9  -9  1997  0.1  0.11 -9  27.6  27.8  28.0  27.5  24.9  -9 -9.0 -9  3  2
202606172100 108  27  3.3  -9 -9.0   -9  999.4 1009.1  2   1.3  27.0  15.3  49.0  17.4   -9.0    0.0    0.0   -9.0   -9.0   -9.0   -9.0 -9 61 -                        1   1   18 -         -9  -9  -9  2593 -9.0 -9.00 -9  25.0  26.8  27.4  27.2  24.9  -9 -9.0 -9  3  1
202606172200 108  25  3.6  -9 -9.0   -9 1000.1 1009.9 -9  -9.0  24.9  13.4  49.0  15.4   -9.0    0.0    0.0   -9.0   -9.0   -9.0   -9.0 -9 -9 -                        5   1   -9 -         -9  -9  -9  3124 -9.0 -9.00 -9  23.3  26.1  26.7  26.8  25.0  -9 -9.0 -9  3 -9
202606172300 108  27  2.5  -9 -9.0   -9 1000.0 1009.8 -9  -9.0  24.1  14.2  54.0  16.2   -9.0    0.0    0.0   -9.0   -9.0   -9.0   -9.0 -9 -9 -                        5   4   27 -         -9  -9  -9  2594 -9.0 -9.00 -9  22.6  25.3  26.1  26.3  25.0  -9 -9.0 -9  3 -9
202606180000 108  27  1.7  -9 -9.0   -9  999.9 1009.7  0   0.6  23.8  14.4  56.0  16.4   -9.0    0.0    0.0   -9.0   -9.0   -9.0   -9.0 -9 -9 -                        8   8   17 -         -9  -9  -9  2539 -9.0 -9.00 -9  22.9  24.9  25.7  26.0  25.0  -9 -9.0 -9  3  2
202606180100 108  27  2.0  -9 -9.0   -9  999.8 1009.6 -9  -9.0  23.6  15.3  60.0  17.4   -9.0   -9.0   -9.0   -9.0   -9.0   -9.0   -9.0 -9 -9 -                        8   3   16 -         -9  -9  -9  2345 -9.0 -9.00 -9  23.0  24.6  25.3  25.6  25.0  -9 -9.0 -9  3 -9
202606180200 108  27  1.1  -9 -9.0   -9  999.5 1009.3 -9  -9.0  23.4  15.6  62.0  17.7   -9.0   -9.0   -9.0   -9.0   -9.0   -9.0   -9.0 -9 -9 -                        3   3   15 -         -9  -9  -9  2352 -9.0 -9.00 -9  22.8  24.3  25.0  25.4  25.0  -9 -9.0 -9  3 -9
202606180300 108  27  2.1  -9 -9.0   -9  999.7 1009.5  5  -0.2  23.3  16.0  64.0  18.2   -9.0   -9.0   -9.0   -9.0   -9.0   -9.0   -9.0 -9 -9 -                        7   7   15 -         -9  -9  -9  2353 -9.0 -9.00 -9  22.6  24.1  24.8  25.2  24.9  -9 -9.0 -9  3  2
202606180400 108  27  2.2  -9 -9.0   -9  999.6 1009.4 -9  -9.0  23.1  14.9  60.0  16.9   -9.0   -9.0   -9.0   -9.0   -9.0   -9.0   -9.0 -9 -9 -                        7   2   19 -         -9  -9  -9  2795 -9.0 -9.00 -9  22.4  23.9  24.6  24.9  24.8  -9 -9.0 -9  3  2
202606180500 108  27  0.8  -9 -9.0   -9  999.4 1009.2 -9  -9.0  23.1  14.9  60.0  16.9   -9.0   -9.0   -9.0   -9.0   -9.0   -9.0   -9.0 -9 -9 -                        9   9   19 -         -9  -9  -9  2795 -9.0 -9.00 -9  21.7  23.2  24.4  24.8  24.8  -9 -9.0 -9  3  2
202606180600 108  32  0.9  -9 -9.0   -9  999.2 1009.0  7  -0.5  23.1  14.6  59.0  16.6   -9.0   -9.0   -9.0   -9.0   -9.0   -9.0   -9.0 -9 -9 -                        9   9   19 -         -9  -9  -9  2896  0.0  0.02 -9  22.1  23.0  24.2  24.6  24.7  -9 -9.0 -9  3  2
202606180700 108  29  1.5  -9 -9.0   -9  999.4 1009.2 -9  -9.0  23.7  15.4  60.0  17.5   -9.0   -9.0   -9.0   -9.0   -9.0   -9.0   -9.0 -9 -9 -                        6   6   20 -         -9  -9  -9  2903  0.0  0.28 -9  25.3  23.8  24.2  24.5  24.6  -9 -9.0 -9  3  2
202606180800 108  25  1.2  -9 -9.0   -9  999.4 1009.1 -9  -9.0  25.4  17.0  60.0  19.4   -9.0   -9.0   -9.0   -9.0   -9.0   -9.0   -9.0 -9 -9 -                        1   1   20 -         -9  -9  -9  2457  0.9  1.18 -9  26.0  24.3  24.5  24.7  24.5  -9 -9.0 -9  3  2
202606180900 108  25  1.6  -9 -9.0   -9  999.6 1009.3  2   0.3  27.2  17.3  55.0  19.7   -9.0   -9.0   -9.0   -9.0   -9.0   -9.0   -9.0 -9 -9 -                        1   0   -9 -         -9  -9  -9  1851  1.0  1.96 -9  33.1  25.3  25.3  25.1  24.5  -9 -9.0 -9  3  2
202606181000 108  27  2.1  -9 -9.0   -9  999.2 1008.8 -9  -9.0  28.6  17.4  51.0  19.9   -9.0   -9.0   -9.0   -9.0   -9.0   -9.0   -9.0 -9 -9 -                        0   0   -9 -         -9  -9  -9  2667  1.0  2.57 -9  43.1  26.8  26.3  25.7  24.4  -9 -9.0 -9  3  2
202606181100 108  27  2.5  -9 -9.0   -9  998.9 1008.5 -9  -9.0  30.0  17.4  47.0  19.9   -9.0   -9.0   -9.0   -9.0   -9.0   -9.0   -9.0 -9 -9 -                        1   1   10 -         -9  -9  -9  2431  1.0  2.99 -9  55.6  27.6  27.5  26.4  24.4  -9 -9.0 -9  3  2
202606181200 108  27  2.8  -9 -9.0   -9  998.7 1008.2  7  -1.1  31.0  18.0  46.0  20.6   -9.0   -9.0   -9.0   -9.0   -9.0   -9.0   -9.0 -9 -9 -                        2   2   14 -         -9  -9  -9  2258  0.7  2.87 -9  59.6  28.8  28.5  27.1  24.4  -9 -9.0 -9  3  2
202606181300 108  27  2.6  -9 -9.0   -9  998.3 1007.8 -9  -9.0  31.0  17.6  45.0  20.1   -9.0   -9.0   -9.0   -9.0   -9.0   -9.0   -9.0 -9 -9 -                        4   4   14 -         -9  -9  -9  2654  0.7  2.78 -9  53.7  30.3  29.5  27.8  24.4  -9 -9.0 -9  3  2
202606181400 108  27  3.1  -9 -9.0   -9  998.1 1007.6 -9  -9.0  32.2  18.3  44.0  21.0   -9.0   -9.0   -9.0   -9.0   -9.0   -9.0   -9.0 -9 -9 -                        3   3   14 -         -9  -9  -9  2282  0.8  3.22 -9  59.8  31.3  30.4  28.6  24.5  -9 -9.0 -9  3  2
202606181500 108  27  3.8  -9 -9.0   -9  997.9 1007.4  7  -0.8  30.9  18.2  47.0  20.9   -9.0   -9.0   -9.0   -9.0   -9.0   -9.0   -9.0 -9 -9 -                        4   4   15 -         -9  -9  -9  2455  0.5  2.12 -9  45.3  31.8  30.8  29.0  24.6  -9 -9.0 -9  3  2
202606181600 108  25  3.4  -9 -9.0   -9  997.7 1007.2 -9  -9.0  31.9  18.8  46.0  21.7   -9.0   -9.0   -9.0   -9.0   -9.0   -9.0   -9.0 -9 -9 -                        1   1   13 -         -9  -9  -9  2564  0.9  2.62 -9  53.8  31.6  31.0  29.4  24.8  -9 -9.0 -9  3  2
202606181700 108  27  3.4  -9 -9.0   -9  997.6 1007.1 -9  -9.0  31.4  18.7  47.0  21.6   -9.0   -9.0   -9.0   -9.0   -9.0   -9.0   -9.0 -9 -9 -                        1   1   13 -         -9  -9  -9  2756  1.0  2.01 -9  47.7  31.8  31.1  29.6  24.9  -9 -9.0 -9  3  2
202606181800 108  27  3.3  -9 -9.0   -9  997.4 1006.9  7  -0.5  30.7  18.4  48.0  21.2   -9.0   -9.0   -9.0   -9.0   -9.0   -9.0   -9.0 -9 -9 -                        1   0   -9 -         -9  -9  -9  2669  1.0  1.34 -9  38.7  31.4  30.9  29.6  25.1  -9 -9.0 -9  3  2
202606181900 108  27  3.2  -9 -9.0   -9  997.6 1007.2 -9  -9.0  29.2  18.3  52.0  21.0   -9.0   -9.0   -9.0   -9.0   -9.0   -9.0   -9.0 -9 -9 -                        5   1   -9 -         -9  -9  -9  2752  1.0  0.53 -9  31.8  30.4  30.3  29.4  25.3  -9 -9.0 -9  3 -9
202606182000 108  25  2.3  -9 -9.0   -9  998.0 1007.6 -9  -9.0  27.7  18.1  56.0  20.8   -9.0   -9.0   -9.0   -9.0   -9.0   -9.0   -9.0 -9 -9 -                        0   0   -9 -         -9  -9  -9  2795  0.2  0.11 -9  26.5  28.3  29.4  28.9  25.5  -9 -9.0 -9  3 -9
202606182100 108  32  1.3  -9 -9.0   -9  998.1 1007.8  2   0.9  26.8  18.1  59.0  20.8   -9.0   -9.0   -9.0   -9.0   -9.0   -9.0   -9.0 -9 -9 -                        6   1   -9 -         -9  -9  -9  2789 -9.0 -9.00 -9  25.1  28.0  28.6  28.4  25.6  -9 -9.0 -9  3  2
202606182200 108  25  2.5  -9 -9.0   -9  998.6 1008.3 -9  -9.0  26.1  18.2  62.0  20.9   -9.0   -9.0   -9.0   -9.0   -9.0   -9.0   -9.0 -9 -9 -                        4   1   -9 -         -9  -9  -9  2511 -9.0 -9.00 -9  23.3  26.5  27.9  27.9  25.7  -9 -9.0 -9  3 -9
202606182300 108  23  2.1  -9 -9.0   -9  999.1 1008.8 -9  -9.0  25.3  17.7  63.0  20.2   -9.0   -9.0   -9.0   -9.0   -9.0   -9.0   -9.0 -9 -9 -                        6   1   -9 -         -9  -9  -9  2547 -9.0 -9.00 -9  23.3  26.5  27.3  27.4  25.7  -9 -9.0 -9  3 -9
202606190000 108  23  2.1  -9 -9.0   -9  999.4 1009.2  2   1.4  24.7  17.9  66.0  20.5   -9.0   -9.0   -9.0   -9.0   -9.0   -9.0   -9.0 -9 -9 -                        6   1   -9 -         -9  -9  -9  2544 -9.0 -9.00 -9  22.4  25.7  26.7  27.0  25.7  -9 -9.0 -9  3  2
202606190100 108  27  2.1  -9 -9.0   -9  999.4 1009.2 -9  -9.0  24.2  17.6  67.0  20.1   -9.0   -9.0   -9.0   -9.0   -9.0   -9.0   -9.0 -9 -9 -                        6   1   -9 -         -9  -9  -9  2544 -9.0 -9.00 -9  21.7  25.2  26.3  26.6  25.7  -9 -9.0 -9  3 -9
202606190200 108  29  1.4  -9 -9.0   -9  999.1 1008.9 -9  -9.0  23.8  17.0  66.0  19.4   -9.0   -9.0   -9.0   -9.0   -9.0   -9.0   -9.0 -9 -9 -                        7   1   -9 -         -9  -9  -9  2701 -9.0 -9.00 -9  21.3  25.0  25.8  26.2  25.7  -9 -9.0 -9  3  2
202606190300 108   0  0.1  -9 -9.0   -9  998.9 1008.7  7  -0.5  23.4  17.1  68.0  19.5   -9.0   -9.0   -9.0   -9.0   -9.0   -9.0   -9.0 -9 -9 -                        0   0   -9 -         -9  -9  -9  2481 -9.0 -9.00 -9  20.6  24.7  25.5  25.9  25.6  -9 -9.0 -9  3  2
202606190400 108   2  1.1  -9 -9.0   -9  998.6 1008.4 -9  -9.0  23.0  17.4  71.0  19.9   -9.0   -9.0   -9.0   -9.0   -9.0   -9.0   -9.0 -9 -9 -                        3   1   -9 -         -9  -9  -9  2259 -9.0 -9.00 -9  19.9  24.2  25.1  25.6  25.5  -9 -9.0 -9  3  2
202606190500 108   5  1.7  -9 -9.0   -9  998.8 1008.6 -9  -9.0  22.7  17.3  72.0  19.7   -9.0   -9.0   -9.0   -9.0   -9.0   -9.0   -9.0 -9 -9 -                        3   3   18 -         -9  -9  -9  2142 -9.0 -9.00 -9  20.1  24.0  24.7  25.2  25.4  -9 -9.0 -9  3  2
202606190600 108   2  1.7  -9 -9.0   -9  998.8 1008.6  5  -0.1  22.7  18.0  75.0  20.6   -9.0   -9.0   -9.0   -9.0   -9.0   -9.0   -9.0 -9 -9 -                        5   1   -9 -         -9  -9  -9  2129  0.0  0.06 -9  20.7  23.7  24.5  25.0  25.3  -9 -9.0 -9  3  2
202606190700 108   5  1.3  -9 -9.0   -9  999.0 1008.8 -9  -9.0  24.1  18.7  72.0  21.6   -9.0   -9.0   -9.0   -9.0   -9.0   -9.0   -9.0 -9 -9 -                        7   3   18 -         -9  -9  -9  2176  0.6  0.50 -9  24.9  23.8  24.4  24.9  25.3  -9 -9.0 -9  3  2
202606190800 108   5  1.8  -9 -9.0   -9  999.0 1008.7 -9  -9.0  26.0  19.1  66.0  22.1   -9.0   -9.0   -9.0   -9.0   -9.0   -9.0   -9.0 -9 -9 -                        7   2   -9 -         -9  -9  -9  1978  0.8  0.83 -9  27.1  24.7  24.8  25.0  25.1  -9 -9.0 -9  3  2
202606190900 108   5  2.2  -9 -9.0   -9  998.6 1008.2  8  -0.4  28.0  19.7  61.0  22.9   -9.0   -9.0   -9.0   -9.0   -9.0   -9.0   -9.0 -9 -9 -                        7   2   17 -         -9  -9  -9  1772  0.9  1.78 -9  34.4  25.6  25.4  25.4  25.0  -9 -9.0 -9  3  2
202606191000 108   5  1.8  -9 -9.0   -9  998.2 1007.8 -9  -9.0  29.7  19.3  54.0  22.4   -9.0   -9.0   -9.0   -9.0   -9.0   -9.0   -9.0 -9 -9 -                        7   5   22 -         -9  -9  -9  1966  0.8  2.11 -9  46.9  26.6  26.3  25.9  25.0  -9 -9.0 -9  3  2
202606191100 108   9  1.6  -9 -9.0   -9  997.8 1007.3 -9  -9.0  31.7  18.9  47.0  21.8   -9.0   -9.0   -9.0   -9.0   -9.0   -9.0   -9.0 -9 -9 -                        6   2   20 -         -9  -9  -9  2107  0.9  3.02 -9  54.3  28.4  27.6  26.7  24.9  -9 -9.0 -9  3  2
202606191200 108  11  1.8  -9 -9.0   -9  997.1 1006.6  7  -1.6  32.3  19.1  46.0  22.1   -9.0   -9.0   -9.0   -9.0   -9.0   -9.0   -9.0 -9 -9 -                        8   4   14 -         -9  -9  -9  2226  0.6  2.25 -9  52.9  29.3  28.6  27.4  24.9  -9 -9.0 -9  3  2
202606191300 108  14  2.7  -9 -9.0   -9  996.7 1006.2 -9  -9.0  32.9  18.6  43.0  21.4   -9.0   -9.0   -9.0   -9.0   -9.0   -9.0   -9.0 -9 -9 -                        9   9   18 -         -9  -9  -9  2481  0.8  2.81 -9  49.2  30.9  29.7  28.3  24.9  -9 -9.0 -9  3  2
202606191400 108  20  2.6  -9 -9.0   -9  995.9 1005.4 -9  -9.0  33.0  19.1  44.0  22.1   -9.0   -9.0   -9.0   -9.0   -9.0   -9.0   -9.0 -9 -9 -                        8   4   16 -         -9  -9  -9  2041  0.2  1.62 -9  49.5  30.8  30.2  28.7  25.0  -9 -9.0 -9  3  2
202606191500 108  18  3.1  -9 -9.0   -9  995.5 1004.9  7  -1.7  33.3  18.6  42.0  21.4   -9.0   -9.0   -9.0   -9.0   -9.0   -9.0   -9.0 -9 -9 -                        8   8   20 -         -9  -9  -9  2493  0.5  1.87 -9  48.4  31.5  30.7  29.1  25.1  -9 -9.0 -9  3  2
202606191600 108  29  3.1  -9 -9.0   -9  995.6 1005.1 -9  -9.0  31.4  20.0  51.0  23.4   -9.0   -9.0   -9.0   -9.0   -9.0   -9.0   -9.0 -9 -9 -                       10   4   14 -         -9  -9  -9  1924  0.1  1.09 -9  37.7  31.6  30.8  29.3  25.2  -9 -9.0 -9  3  2
202606191700 108  27  2.2  -9 -9.0   -9  996.0 1005.7 -9  -9.0  25.6  20.6  74.0  24.3    2.0    2.0    2.0   -9.0   -9.0   -9.0   -9.0 25 82 04                      10   2   16 -         -9  -9  -9  1571  0.0  0.14 -9  26.9  29.3  29.9  28.9  25.3  -9 -9.0 -9  4  1
202606191800 108   5  1.9  -9 -9.0   -9  995.7 1005.4  0   0.5  24.8  20.4  77.0  24.0    0.0    2.0    2.0   -9.0   -9.0   -9.0   -9.0 60 86 01                      10   7   10 -         -9  -9  -9  1923  0.0  0.15 -9  25.5  28.0  28.9  28.5  25.5  -9 -9.0 -9  4  1
202606191900 108  29  0.8  -9 -9.0   -9  996.0 1005.8 -9  -9.0  24.1  21.6  86.0  25.8    4.4    6.4    6.4   -9.0   -9.0   -9.0   -9.0 63 66 01                      10   6   10 -         -9  -9  -9   935  0.0  0.07 -9  23.9  26.3  27.9  28.0  25.6  -9 -9.0 -9  4  1
202606192000 108   5  2.9  -9 -9.0   -9  995.8 1005.6 -9  -9.0  23.9  21.7  88.0  26.0    0.5    6.9    6.9   -9.0   -9.0   -9.0   -9.0 61 66 1901                    10   5   37 -         -9  -9  -9   648  0.0  0.02 -9  23.6  25.7  27.2  27.4  25.7  -9 -9.0 -9  4  1
202606192100 108   5  3.1  -9 -9.0   -9  996.0 1005.8  1   0.4  23.7  21.7  89.0  26.0    0.2    7.1    7.1   -9.0   -9.0   -9.0   -9.0 61 86 1901                    10   9   34 -         -9  -9  -9   847 -9.0 -9.00 -9  23.1  25.3  26.7  27.0  25.7  -9 -9.0 -9  1  1
202606192200 108   5  2.5  -9 -9.0   -9  995.8 1005.6 -9  -9.0  23.5  21.5  89.0  25.6    0.2    7.3    7.3   -9.0   -9.0   -9.0   -9.0 61 66 1901                    10   8   23 -         -9  -9  -9   910 -9.0 -9.00 -9  22.9  24.9  26.2  26.6  25.7  -9 -9.0 -9  4  1
202606192300 108   5  2.8  -9 -9.0   -9  994.9 1004.7 -9  -9.0  23.3  21.3  89.0  25.3    0.3    7.6    7.6   -9.0   -9.0   -9.0   -9.0 61 66 1901                    10   5   28 -         -9  -9  -9  1083 -9.0 -9.00 -9  22.6  24.6  25.9  26.3  25.7  -9 -9.0 -9  4  1
202606200000 108   7  2.6  -9 -9.0   -9  993.9 1003.7  7  -2.1  23.0  21.2  90.0  25.2    0.4    8.0    8.0   -9.0   -9.0   -9.0   -9.0 61 66 01                      10   2   18 -         -9  -9  -9  1163 -9.0 -9.00 -9  22.3  24.3  25.6  26.0  25.6  -9 -9.0 -9  4  1
202606200100 108   7  2.7  -9 -9.0   -9  992.3 1002.1 -9  -9.0  22.7  21.3  92.0  25.3    0.5    0.5    0.5   -9.0   -9.0   -9.0   -9.0 61 66 1901                    10   5   11 -         -9  -9  -9   906 -9.0 -9.00 -9  22.1  24.0  25.3  25.7  25.5  -9 -9.0 -9  4  1
202606200200 108   5  3.3  -9 -9.0   -9  991.2 1001.0 -9  -9.0  22.3  21.4  95.0  25.5    9.8   10.3   10.3   -9.0   -9.0   -9.0   -9.0 63 66 1901                    10   9    3 -         -9  -9  -9   293 -9.0 -9.00 -9  21.4  23.1  24.8  25.3  25.5  -9 -9.0 -9  4  1
202606200300 108   7  3.3  -9 -9.0   -9  989.8  999.6  7  -4.1  22.0  21.3  96.0  25.3    9.7   20.0   20.0   -9.0   -9.0   -9.0   -9.0 63 66 1901                    10   8    3 -         -9  -9  -9   241 -9.0 -9.00 -9  21.0  22.7  24.2  24.8  25.4  -9 -9.0 -9  4  1
202606200400 108   5  3.6  -9 -9.0   -9  988.6  998.4 -9  -9.0  21.6  20.9  96.0  24.7    7.4   27.4   27.4   -9.0   -9.0   -9.0   -9.0 63 66 1901                    10   9    2 -         -9  -9  -9   413 -9.0 -9.00 -9  20.9  22.4  23.9  24.4  25.3  -9 -9.0 -9  4  1
202606200500 108   7  4.0  -9 -9.0   -9  987.6  997.4 -9  -9.0  21.2  20.6  97.0  24.3   11.9   39.3   39.3   -9.0   -9.0   -9.0   -9.0 63 66 1901                    10   7    4 -         -9  -9  -9   312 -9.0 -9.00 -9  20.3  21.9  23.3  23.9  25.2  -9 -9.0 -9  4  1
202606200600 108   5  4.0  -9 -9.0   -9  987.1  996.9  7  -2.7  21.1  20.5  97.0  24.1   15.3   54.6   54.6   -9.0   -9.0   -9.0   -9.0 65 66 1901                    10   9    6 -         -9  -9  -9   391  0.0  0.01 -9  20.1  21.4  22.7  23.3  25.0  -9 -9.0 -9  4  1
202606200700 108   5  4.6   5 10.0  659  986.6  996.4 -9  -9.0  21.0  20.4  97.0  24.0    5.4   60.0   60.0   -9.0   -9.0   -9.0   -9.0 63 66 1901                    10   5    6 -         -9  -9  -9   333  0.0  0.04 -9  20.4  21.4  22.6  23.1  24.8  -9 -9.0 -9  4  1
202606200800 108   7  4.9   5 10.0  731  986.5  996.3 -9  -9.0  20.6  19.9  96.0  23.2    2.9   62.9   62.9   -9.0   -9.0   -9.0   -9.0 61 66 1901                    10   8    7 -         -9  -9  -9  1118  0.0  0.19 -9  20.9  21.5  22.6  23.1  24.6  -9 -9.0 -9  4  1
202606200900 108   7  3.3   5 10.0  731  986.6  996.4  5  -0.5  20.8  19.9  95.0  23.2    0.4   63.3   63.3   -9.0   -9.0   -9.0   -9.0 61 66 01                      10   8    8 -         -9  -9  -9  1323  0.0  0.30 -9  21.5  21.6  22.7  23.1  24.4  -9 -9.0 -9  1  1
202606201000 108   7  3.1  -9 -9.0   -9  986.5  996.3 -9  -9.0  20.6  19.7  95.0  22.9    0.8   64.1   64.1   -9.0   -9.0   -9.0   -9.0 61 66 1901                    10   9    3 -         -9  -9  -9   360  0.0  0.41 -9  21.5  21.8  22.8  23.1  24.3  -9 -9.0 -9  4  1
202606201100 108   5  4.5  -9 -9.0   -9  986.8  996.6 -9  -9.0  20.6  20.1  97.0  23.5    5.1   69.2   69.2   -9.0   -9.0   -9.0   -9.0 63 66 1901                    10   8    4 -         -9  -9  -9   424  0.0  0.47 -9  22.1  21.7  22.8  23.1  24.2  -9 -9.0 -9  4  1
202606201200 108   7  4.0  -9 -9.0   -9  987.1  996.9  3   0.5  20.9  20.2  96.0  23.7    1.2   70.4   70.4   -9.0   -9.0   -9.0   -9.0 61 66 1901                    10   8    4 -         -9  -9  -9  1856  0.0  0.70 -9  23.4  21.9  22.9  23.2  24.1  -9 -9.0 -9  4  1
202606201300 108   5  3.1  -9 -9.0   -9  987.4  997.2 -9  -9.0  21.3  20.6  96.0  24.3    0.5   70.9   70.9   -9.0   -9.0   -9.0   -9.0 61 66 01                      10   7    7 -         -9  -9  -9   571  0.0  0.63 -9  24.1  22.1  23.1  23.3  24.0  -9 -9.0 -9  4  1
202606201400 108   5  2.5  -9 -9.0   -9  987.9  997.7 -9  -9.0  21.4  20.2  93.0  23.7    0.3   71.2   71.2   -9.0   -9.0   -9.0   -9.0 61 66 01                      10   8    7 -         -9  -9  -9  1136  0.0  0.75 -9  23.8  22.3  23.3  23.4  23.9  -9 -9.0 -9  4  1
202606201500 108   5  3.0  -9 -9.0   -9  988.6  998.4  2   1.5  21.7  20.6  94.0  24.3    0.5   71.7   71.7   -9.0   -9.0   -9.0   -9.0 61 66 01                      10   8    7 -         -9  -9  -9  2946  0.0  0.64 -9  24.4  22.4  23.4  23.5  23.9  -9 -9.0 -9  4  1
202606201600 108   5  2.2  -9 -9.0   -9  989.2  999.0 -9  -9.0  22.1  20.1  89.0  23.5    0.0   71.7   71.7   -9.0   -9.0   -9.0   -9.0 61 66 01                      10   8    7 -         -9  -9  -9  2372  0.0  0.56 -9  24.5  22.6  23.6  23.7  23.9  -9 -9.0 -9  4  1
202606201700 108   2  2.0  -9 -9.0   -9  990.1  999.9 -9  -9.0  22.3  19.4  84.0  22.5    0.0   71.7   71.7   -9.0   -9.0   -9.0   -9.0 60 66 01                      10   7    6 -         -9  -9  -9  4212  0.0  0.61 -9  23.7  22.9  23.8  23.8  23.9  -9 -9.0 -9  4  1
202606201800 108   5  2.4  -9 -9.0   -9  990.9 1000.7  2   2.3  22.0  19.3  85.0  22.4    0.0   71.7   71.7   -9.0   -9.0   -9.0   -9.0 60 66 01                      10   8    7 -         -9  -9  -9  2894  0.0  0.31 -9  23.0  23.0  23.8  23.9  23.9  -9 -9.0 -9  4  1
202606201900 108  34  2.4  -9 -9.0   -9  992.0 1001.8 -9  -9.0  21.2  18.1  83.0  20.8    0.0   71.7   71.7   -9.0   -9.0   -9.0   -9.0 21 62 01                      10   8    8 -         -9  -9  -9  4008  0.0  0.16 -9  22.2  22.8  23.8  23.9  23.9  -9 -9.0 -9  4  1
202606202000 108  27  1.6  -9 -9.0   -9  992.7 1002.5 -9  -9.0  21.0  18.1  84.0  20.8    0.0   71.7   71.7   -9.0   -9.0   -9.0   -9.0 60 62 01                      10   6   15 -         -9  -9  -9  3983  0.0  0.03 -9  21.2  22.6  23.6  23.8  23.9  -9 -9.0 -9  4  1
202606202100 108  32  2.3  -9 -9.0   -9  993.5 1003.3  2   2.6  20.9  17.5  81.0  20.0    0.0   71.7   71.7   -9.0   -9.0   -9.0   -9.0 21 62 01                      10   9   17 -         -9  -9  -9  3888 -9.0 -9.00 -9  20.8  22.4  23.4  23.7  23.9  -9 -9.0 -9  1  1
202606202200 108  25  1.5  -9 -9.0   -9  994.5 1004.4 -9  -9.0  20.8  17.7  83.0  20.2   -9.0   71.7   71.7   -9.0   -9.0   -9.0   -9.0 -9 -9 -                       10   9   17 -         -9  -9  -9  3746 -9.0 -9.00 -9  20.6  22.2  23.3  23.5  23.9  -9 -9.0 -9  3  2
202606202300 108  25  1.1  -9 -9.0   -9  995.2 1005.1 -9  -9.0  20.7  17.5  82.0  20.0   -9.0   71.7   71.7   -9.0   -9.0   -9.0   -9.0 -9 -9 -                       10   1   20 -         -9  -9  -9  3844 -9.0 -9.00 -9  20.5  22.1  23.1  23.4  23.9  -9 -9.0 -9  3 -9
202606210000 108  29  0.6  -9 -9.0   -9  995.1 1005.0  0   1.7  20.6  17.0  80.0  19.4   -9.0   71.7   71.7   -9.0   -9.0   -9.0   -9.0 -9 -9 -                        6   6   21 -         -9  -9  -9  3975 -9.0 -9.00 -9  20.2  22.0  23.0  23.3  23.8  -9 -9.0 -9  3  2
202606210100 108  29  0.7  -9 -9.0   -9  995.6 1005.5 -9  -9.0  20.4  16.4  78.0  18.6   -9.0   -9.0   -9.0   -9.0   -9.0   -9.0   -9.0 -9 -9 -                        6   6   23 -         -9  -9  -9  4085 -9.0 -9.00 -9  19.9  21.9  22.9  23.2  23.8  -9 -9.0 -9  3 -9
202606210200 108  27  0.7  -9 -9.0   -9  996.4 1006.3 -9  -9.0  20.3  16.1  77.0  18.3   -9.0   -9.0   -9.0   -9.0   -9.0   -9.0   -9.0 -9 -9 -                       10  10   22 -         -9  -9  -9  3853 -9.0 -9.00 -9  19.9  21.7  22.7  23.1  23.8  -9 -9.0 -9  3 -9
202606210300 108  34  0.7  -9 -9.0   -9  996.9 1006.8  2   1.8  20.0  14.7  72.0  16.7   -9.0   -9.0   -9.0   -9.0   -9.0   -9.0   -9.0 -9 -9 -                       10  10   21 -         -9  -9  -9  4428 -9.0 -9.00 -9  19.7  21.6  22.6  22.9  23.7  -9 -9.0 -9  3  2
202606210400 108   7  0.9  -9 -9.0   -9  997.5 1007.4 -9  -9.0  19.9  14.9  73.0  16.9   -9.0   -9.0   -9.0   -9.0   -9.0   -9.0   -9.0 -9 -9 -                       10  10   22 -         -9  -9  -9  4321 -9.0 -9.00 -9  19.5  21.5  22.5  22.8  23.7  -9 -9.0 -9  3  2
202606210500 108  34  1.0  -9 -9.0   -9  998.2 1008.1 -9  -9.0  19.8  15.6  77.0  17.7   -9.0   -9.0   -9.0   -9.0   -9.0   -9.0   -9.0 -9 -9 -                       10   3   19 -         -9  -9  -9  4107 -9.0 -9.00 -9  19.4  21.4  22.4  22.7  23.6  -9 -9.0 -9  3  2
202606210600 108   7  1.7  -9 -9.0   -9  998.9 1008.8  2   2.0  19.8  15.4  76.0  17.5   -9.0   -9.0   -9.0   -9.0   -9.0   -9.0   -9.0 -9 -9 -                        9   9   19 -         -9  -9  -9  4436  0.0  0.08 -9  19.8  21.2  22.3  22.6  23.5  -9 -9.0 -9  3  2
202606210700 108   7  1.8  -9 -9.0   -9  999.4 1009.3 -9  -9.0  20.2  15.6  75.0  17.7   -9.0   -9.0   -9.0   -9.0   -9.0   -9.0   -9.0 -9 -9 -                        9   9   18 -         -9  -9  -9  4390  0.0  0.27 -9  20.6  21.2  22.2  22.6  23.5  -9 -9.0 -9  3  2
202606210800 108   2  2.3  -9 -9.0   -9 1000.0 1009.9 -9  -9.0  20.7  16.1  75.0  18.3   -9.0   -9.0   -9.0   -9.0   -9.0   -9.0   -9.0 -9 -9 -                        9   9   18 -         -9  -9  -9  4385  0.0  0.42 -9  21.5  21.3  22.3  22.6  23.4  -9 -9.0 -9  3  2
202606210900 108   5  1.6  -9 -9.0   -9 1000.2 1010.1  2   1.3  21.6  15.8  70.0  17.9   -9.0   -9.0   -9.0   -9.0   -9.0   -9.0   -9.0 -9 -9 -                        9   7   18 -         -9  -9  -9  4189  0.0  0.79 -9  23.2  21.4  22.5  22.7  23.4  -9 -9.0 -9  3  2
202606211000 108   9  2.0  -9 -9.0   -9 1000.2 1010.0 -9  -9.0  23.7  16.4  64.0  18.6   -9.0   -9.0   -9.0   -9.0   -9.0   -9.0   -9.0 -9 -9 -                        8   2   19 -         -9  -9  -9  4163  0.6  1.94 -9  29.0  21.6  22.9  23.0  23.3  -9 -9.0 -9  3  2
202606211100 108   7  1.7  -9 -9.0   -9 1000.1 1009.9 -9  -9.0  24.9  15.5  56.0  17.6   -9.0   -9.0   -9.0   -9.0   -9.0   -9.0   -9.0 -9 -9 -                        7   1   10 -         -9  -9  -9  4255  0.9  2.68 -9  32.9  22.4  23.6  23.5  23.3  -9 -9.0 -9  3  2
202606211200 108  27  1.8  -9 -9.0   -9  999.7 1009.4  7  -0.7  26.3  16.2  54.0  18.4   -9.0   -9.0   -9.0   -9.0   -9.0   -9.0   -9.0 -9 -9 -                        7   2   12 -         -9  -9  -9  4072  1.0  3.33 -9  32.7  23.6  24.6  24.2  23.3  -9 -9.0 -9  3  2
202606211300 108  23  1.4  -9 -9.0   -9  999.2 1008.9 -9  -9.0  26.6  16.2  53.0  18.4   -9.0   -9.0   -9.0   -9.0   -9.0   -9.0   -9.0 -9 -9 -                        8   4   13 -         -9  -9  -9  3951  0.6  2.43 -9  32.5  24.3  25.3  24.9  23.3  -9 -9.0 -9  3  2
202606211400 108  29  2.5  -9 -9.0   -9  999.0 1008.7 -9  -9.0  27.6  16.8  52.0  19.1   -9.0   -9.0   -9.0   -9.0   -9.0   -9.0   -9.0 -9 -9 -                        7   3   14 -         -9  -9  -9  3994  0.5  2.56 -9  35.5  24.5  25.9  25.4  23.4  -9 -9.0 -9  3  2
202606211500 108  27  2.1  -9 -9.0   -9  999.0 1008.7  6  -0.7  27.4  16.9  53.0  19.2   -9.0   -9.0   -9.0   -9.0   -9.0   -9.0   -9.0 -9 -9 -                        9   9   14 -         -9  -9  -9  4120  0.3  1.79 -9  30.2  25.5  26.3  25.9  23.5  -9 -9.0 -9  3  2
202606211600 108  25  1.4  -9 -9.0   -9  999.0 1008.7 -9  -9.0  27.1  16.6  53.0  18.9   -9.0   -9.0   -9.0   -9.0   -9.0   -9.0   -9.0 -9 -9 -                        9   7   17 -         -9  -9  -9  4256  0.0  0.87 -9  27.7  25.5  26.4  26.0  23.7  -9 -9.0 -9  3  2
202606211700 108  36  1.4  -9 -9.0   -9  998.9 1008.6 -9  -9.0  27.0  16.5  53.0  18.8   -9.0   -9.0   -9.0   -9.0   -9.0   -9.0   -9.0 -9 -9 -                        9   9   17 -         -9  -9  -9  4262  0.0  0.61 -9  26.6  25.4  26.3  26.1  23.8  -9 -9.0 -9  3  2
202606211800 108  32  2.4  -9 -9.0   -9  998.8 1008.5  7  -0.2  26.4  16.9  56.0  19.2   -9.0   -9.0   -9.0   -9.0   -9.0   -9.0   -9.0 -9 -9 -                        9   8   19 -         -9  -9  -9  4569  0.0  0.44 -9  25.3  25.0  26.1  26.0  24.0  -9 -9.0 -9  3  2
202606211900 108  32  2.2  -9 -9.0   -9  998.9 1008.6 -9  -9.0  25.9  16.9  58.0  19.2   -9.0   -9.0   -9.0   -9.0   -9.0   -9.0   -9.0 -9 -9 -                       10   7   13 -         -9  -9  -9  4082  0.0  0.19 -9  24.2  24.7  25.8  25.8  24.1  -9 -9.0 -9  3 -9
202606212000 108  32  1.8  -9 -9.0   -9  999.3 1009.0 -9  -9.0  25.4  17.0  60.0  19.4   -9.0   -9.0   -9.0   -9.0   -9.0   -9.0   -9.0 -9 -9 -                       10  10   13 -         -9  -9  -9  4265  0.0  0.02 -9  23.3  24.3  25.5  25.6  24.2  -9 -9.0 -9  3 -9
202606212100 108  32  2.9  -9 -9.0   -9 1000.0 1009.8  2   1.3  24.8  18.2  67.0  20.9   -9.0   -9.0   -9.0   -9.0   -9.0   -9.0   -9.0 -9 -9 -                        9   9   12 -         -9  -9  -9  3720 -9.0 -9.00 -9  22.6  24.1  25.1  25.3  24.3  -9 -9.0 -9  3  2
202606212200 108  29  3.5  -9 -9.0   -9 1000.2 1010.0 -9  -9.0  24.0  18.1  70.0  20.8   -9.0   -9.0   -9.0   -9.0   -9.0   -9.0   -9.0 -9 -9 -                        9   6   11 -         -9  -9  -9  3594 -9.0 -9.00 -9  22.0  23.9  24.8  25.1  24.4  -9 -9.0 -9  3 -9
202606212300 108  29  1.9  -9 -9.0   -9 1000.1 1009.9 -9  -9.0  23.6  18.4  73.0  21.2   -9.0   -9.0   -9.0   -9.0   -9.0   -9.0   -9.0 -9 -9 -                       10   1   19 -         -9  -9  -9  3656 -9.0 -9.00 -9  21.6  23.5  24.6  24.9  24.4  -9 -9.0 -9  3 -9
202606220000 108  27  1.1  -9 -9.0   -9  999.8 1009.6  8  -0.2  23.2  18.5  75.0  21.3   -9.0   -9.0   -9.0   -9.0   -9.0   -9.0   -9.0 -9 -9 -                       10   6   22 -         -9  -9  -9  3315 -9.0 -9.00 -9  21.4  23.3  24.3  24.6  24.4  -9 -9.0 -9  3  2
202606220100 108  29  0.9  -9 -9.0   -9  999.5 1009.3 -9  -9.0  22.9  18.2  75.0  20.9   -9.0   -9.0   -9.0   -9.0   -9.0   -9.0   -9.0 -9 -9 -                        9   1   55 -         -9  -9  -9  3246 -9.0 -9.00 -9  21.3  23.3  24.1  24.4  24.4  -9 -9.0 -9  3 -9
202606220200 108   2  1.1  -9 -9.0   -9  999.4 1009.2 -9  -9.0  22.5  18.4  78.0  21.2   -9.0   -9.0   -9.0   -9.0   -9.0   -9.0   -9.0 -9 -9 -                       10  10   54 -         -9  -9  -9  3126 -9.0 -9.00 -9  21.1  23.1  23.9  24.2  24.3  -9 -9.0 -9  3 -9
202606220300 108   2  1.4  -9 -9.0   -9  999.0 1008.9  7  -0.7  22.2  17.9  77.0  20.5   -9.0   -9.0   -9.0   -9.0   -9.0   -9.0   -9.0 -9 -9 -                       10   3   16 -         -9  -9  -9  3560 -9.0 -9.00 -9  21.1  22.9  23.8  24.1  24.3  -9 -9.0 -9  3  2
202606220400 108   2  1.5  -9 -9.0   -9  998.9 1008.8 -9  -9.0  21.8  17.7  78.0  20.2   -9.0   -9.0   -9.0   -9.0   -9.0   -9.0   -9.0 -9 -9 -                        8   1   13 -         -9  -9  -9  3442 -9.0 -9.00 -9  20.4  22.6  23.6  23.9  24.2  -9 -9.0 -9  3  2
202606220500 108   5  1.8  -9 -9.0   -9  998.9 1008.8 -9  -9.0  21.5  17.8  80.0  20.4   -9.0   -9.0   -9.0   -9.0   -9.0   -9.0   -9.0 -9 -9 -                       10   4   52 -         -9  -9  -9  3077 -9.0 -9.00 -9  20.3  22.4  23.4  23.8  24.2  -9 -9.0 -9  3  2
202606220600 108   5  1.5  -9 -9.0   -9  999.1 1009.0  3   0.1  21.3  17.5  79.0  20.0   -9.0   -9.0   -9.0   -9.0   -9.0   -9.0   -9.0 -9 -9 -                       10  10   53 -         -9  -9  -9  3045  0.0  0.02 -9  20.4  22.2  23.3  23.6  24.1  -9 -9.0 -9  3  2
202606220700 108   5  2.4  -9 -9.0   -9  999.6 1009.5 -9  -9.0  21.7  17.8  79.0  20.4   -9.0   -9.0   -9.0   -9.0   -9.0   -9.0   -9.0 -9 -9 -                        9   4   13 -         -9  -9  -9  3015  0.0  0.24 -9  21.3  22.1  23.2  23.5  24.1  -9 -9.0 -9  3  2
202606220800 108   7  1.5  -9 -9.0   -9  999.7 1009.5 -9  -9.0  22.9  18.2  75.0  20.9   -9.0   -9.0   -9.0   -9.0   -9.0   -9.0   -9.0 -9 -9 -                        8   5   13 -         -9  -9  -9  3391  0.2  0.71 -9  23.3  22.4  23.3  23.5  24.0  -9 -9.0 -9  3  2
202606220900 108   5  1.9  -9 -9.0   -9  999.8 1009.6  2   0.6  24.1  17.8  68.0  20.4   -9.0   -9.0   -9.0   -9.0   -9.0   -9.0   -9.0 -9 -9 -                        9   0   -9 -         -9  -9  -9  3442  0.1  1.25 -9  24.9  22.5  23.6  23.7  23.9  -9 -9.0 -9  3  2
202606221000 108   5  2.0  -9 -9.0   -9  999.5 1009.2 -9  -9.0  25.1  18.2  66.0  20.9   -9.0   -9.0   -9.0   -9.0   -9.0   -9.0   -9.0 -9 -9 -                       10   3   23 -         -9  -9  -9  3358  0.0  1.38 -9  26.2  22.9  24.0  24.0  23.9  -9 -9.0 -9  3  2
202606221100 108   7  1.3  -9 -9.0   -9  999.2 1008.9 -9  -9.0  26.4  18.2  61.0  20.9   -9.0   -9.0   -9.0   -9.0   -9.0   -9.0   -9.0 -9 -9 -                        9   4   10 -         -9  -9  -9  3108  0.3  1.77 -9  29.5  23.8  24.5  24.4  23.8  -9 -9.0 -9  3  2
202606221200 108  16  2.5  -9 -9.0   -9  998.9 1008.6  7  -1.0  27.2  18.2  58.0  20.9   -9.0   -9.0   -9.0   -9.0   -9.0   -9.0   -9.0 -9 -9 -                        9   6   11 -         -9  -9  -9  2883  0.4  2.19 -9  29.7  24.5  25.2  25.0  23.8  -9 -9.0 -9  3  2
202606221300 108  16  3.1  -9 -9.0   -9  998.7 1008.4 -9  -9.0  27.4  17.5  55.0  20.0   -9.0   -9.0   -9.0   -9.0   -9.0   -9.0   -9.0 -9 -9 -                        9   6   11 -         -9  -9  -9  3185  0.1  1.74 -9  30.6  24.8  25.8  25.4  23.9  -9 -9.0 -9  3  2
202606221400 108  25  1.9  -9 -9.0   -9  998.5 1008.1 -9  -9.0  27.9  18.3  56.0  21.0   -9.0   -9.0   -9.0   -9.0   -9.0   -9.0   -9.0 -9 -9 -                        8   8   12 -         -9  -9  -9  3953  0.3  1.87 -9  32.0  25.4  26.2  25.8  23.9  -9 -9.0 -9  3  2
202606221500 108  29  2.6  -9 -9.0   -9  998.1 1007.8  7  -0.8  27.4  18.6  59.0  21.4   -9.0   -9.0   -9.0   -9.0   -9.0   -9.0   -9.0 -9 -9 -                       10  10   12 -         -9  -9  -9  2293  0.2  1.24 -9  28.8  26.0  26.4  26.1  24.0  -9 -9.0 -9  3  2
202606221600 108  27  2.9  -9 -9.0   -9  997.7 1007.4 -9  -9.0  27.0  18.8  61.0  21.7   -9.0   -9.0   -9.0   -9.0   -9.0   -9.0   -9.0 -9 -9 -                        9   9   11 -         -9  -9  -9  2125  0.1  0.69 -9  26.3  25.5  26.4  26.2  24.1  -9 -9.0 -9  3  2
202606221700 108  27  3.4  -9 -9.0   -9  997.8 1007.5 -9  -9.0  26.4  17.1  57.0  19.5    0.0    0.0    0.0   -9.0   -9.0   -9.0   -9.0 25 82 04                       8   8   11 -         -9  -9  -9  2897  0.1  0.49 -9  26.4  25.4  26.2  26.1  24.2  -9 -9.0 -9  4  1
202606221800 108  25  2.7  -9 -9.0   -9  998.0 1007.7  5  -0.1  26.0  17.3  59.0  19.7   -9.0    0.0    0.0   -9.0   -9.0   -9.0   -9.0 -9 82 -                        6   3   14 -         -9  -9  -9  2125  0.0  0.48 -9  25.3  25.5  26.0  26.0  24.3  -9 -9.0 -9  3  1
202606221900 108  27  2.1  -9 -9.0   -9  998.4 1008.1 -9  -9.0  25.8  17.7  61.0  20.2   -9.0    0.0    0.0   -9.0   -9.0   -9.0   -9.0 -9 -9 -                        4   2   21 -         -9  -9  -9  2193  0.4  0.43 -9  24.3  24.9  25.8  25.9  24.4  -9 -9.0 -9  3 -9
202606222000 108  27  1.9  -9 -9.0   -9  999.1 1008.8 -9  -9.0  25.0  17.9  65.0  20.5   -9.0    0.0    0.0   -9.0   -9.0   -9.0   -9.0 -9 -9 -                        6   4   16 -         -9  -9  -9  1991  0.0  0.12 -9  23.3  25.0  25.5  25.7  24.5  -9 -9.0 -9  3 -9
202606222100 108  27  1.6  -9 -9.0   -9  999.8 1009.6  2   1.9  24.2  17.9  68.0  20.5   -9.0    0.0    0.0   -9.0   -9.0   -9.0   -9.0 -9 82 -                        7   5   15 -         -9  -9  -9  1979 -9.0 -9.00 -9  22.6  24.8  25.2  25.4  24.5  -9 -9.0 -9  3  1
202606222200 108  27  1.5  -9 -9.0   -9 1000.6 1010.4 -9  -9.0  23.8  17.9  70.0  20.5   -9.0    0.0    0.0   -9.0   -9.0   -9.0   -9.0 -9 -9 -                        7   7   15 -         -9  -9  -9  2079 -9.0 -9.00 -9  22.3  24.4  24.9  25.1  24.6  -9 -9.0 -9  3 -9
202606222300 108  36  0.9  -9 -9.0   -9 1000.8 1010.6 -9  -9.0  23.2  18.0  73.0  20.6   -9.0    0.0    0.0   -9.0   -9.0   -9.0   -9.0 -9 -9 -                        7   3   18 -         -9  -9  -9  2168 -9.0 -9.00 -9  22.1  24.1  24.6  24.9  24.6  -9 -9.0 -9  3 -9
202606230000 108   5  2.3  -9 -9.0   -9 1000.6 1010.4  0   0.8  22.9  18.0  74.0  20.6   -9.0    0.0    0.0   -9.0   -9.0   -9.0   -9.0 -9 -9 -                        8   6   13 -         -9  -9  -9  2269 -9.0 -9.00 -9  21.9  23.9  24.3  24.6  24.5  -9 -9.0 -9  3  2
202606230100 108   2  2.2  -9 -9.0   -9 1000.2 1010.1 -9  -9.0  22.3  18.0  77.0  20.6   -9.0   -9.0   -9.0   -9.0   -9.0   -9.0   -9.0 -9 -9 -                        4   2   18 -         -9  -9  -9  2139 -9.0 -9.00 -9  21.3  23.7  24.1  24.4  24.5  -9 -9.0 -9  3 -9
202606230200 108   5  1.6  -9 -9.0   -9 1000.0 1009.9 -9  -9.0  21.7  17.4  77.0  19.9   -9.0   -9.0   -9.0   -9.0   -9.0   -9.0   -9.0 -9 -9 -                        6   2   -9 -         -9  -9  -9  2009 -9.0 -9.00 -9  20.7  23.4  23.9  24.2  24.4  -9 -9.0 -9  3 -9
202606230300 108   5  2.0  -9 -9.0   -9 1000.1 1010.0  5  -0.4  21.3  18.2  83.0  20.9   -9.0   -9.0   -9.0   -9.0   -9.0   -9.0   -9.0 -9 -9 -                        2   2    9 -         -9  -9  -9  2035 -9.0 -9.00 -9  20.5  23.1  23.6  24.0  24.4  -9 -9.0 -9  3  2
202606230400 108   5  1.7  -9 -9.0   -9 1000.1 1010.0 -9  -9.0  21.3  18.2  83.0  20.9   -9.0   -9.0   -9.0   -9.0   -9.0   -9.0   -9.0 -9 -9 -                        2   2    5 -         -9  -9  -9  2286 -9.0 -9.00 -9  20.5  22.9  23.4  23.8  24.3  -9 -9.0 -9  3  2
202606230500 108   5  3.0  -9 -9.0   -9 1000.5 1010.4 -9  -9.0  21.1  17.8  82.0  20.4   -9.0   -9.0   -9.0   -9.0   -9.0   -9.0   -9.0 -9 -9 -                        5   5    6 -         -9  -9  -9  2434 -9.0 -9.00 -9  20.3  22.7  23.2  23.6  24.2  -9 -9.0 -9  3  2
202606230600 108   7  2.1  -9 -9.0   -9 1000.8 1010.7  2   0.7  20.9  17.3  80.0  19.7   -9.0   -9.0   -9.0   -9.0   -9.0   -9.0   -9.0 -9 -9 -                        3   3    9 -         -9  -9  -9  2762  0.0  0.04 -9  20.1  22.5  23.0  23.4  24.2  -9 -9.0 -9  3  2
202606230700 108   5  3.0  -9 -9.0   -9 1000.8 1010.7 -9  -9.0  21.5  17.2  77.0  19.6   -9.0   -9.0   -9.0   -9.0   -9.0   -9.0   -9.0 -9 -9 -                        0   0   -9 -         -9  -9  -9  3795  0.6  0.45 -9  20.5  22.5  22.9  23.3  24.1  -9 -9.0 -9  3  2
202606230800 108   7  2.6  -9 -9.0   -9 1000.8 1010.6 -9  -9.0  23.1  17.3  70.0  19.7   -9.0   -9.0   -9.0   -9.0   -9.0   -9.0   -9.0 -9 -9 -                        0   0   -9 -         -9  -9  -9  3194  1.0  1.30 -9  21.6  22.8  23.1  23.3  24.0  -9 -9.0 -9  3  2
202606230900 108   9  2.8  -9 -9.0   -9 1000.7 1010.5  7  -0.2  24.8  18.2  67.0  20.9   -9.0   -9.0   -9.0   -9.0   -9.0   -9.0   -9.0 -9 -9 -                        0   0   -9 -         -9  -9  -9  2961  1.0  2.04 -9  25.0  23.1  23.5  23.6  23.9  -9 -9.0 -9  3  2
202606231000 108   7  2.6  -9 -9.0   -9 1000.8 1010.5 -9  -9.0  26.2  17.0  57.0  19.4   -9.0   -9.0   -9.0   -9.0   -9.0   -9.0   -9.0 -9 -9 -                        0   0   -9 -         -9  -9  -9  4180  1.0  2.71 -9  31.1  22.9  24.2  24.2  23.8  -9 -9.0 -9  3  2
202606231100 108   9  3.4  -9 -9.0   -9 1000.6 1010.3 -9  -9.0  27.3  15.6  49.0  17.7   -9.0   -9.0   -9.0   -9.0   -9.0   -9.0   -9.0 -9 -9 -                        0   0   -9 -         -9  -9  -9  4251  1.0  3.24 -9  36.6  25.0  25.0  24.8  23.8  -9 -9.0 -9  3  2
202606231200 108   9  2.3  -9 -9.0   -9 1000.3 1009.9  7  -0.6  28.3  15.2  45.0  17.3   -9.0   -9.0   -9.0   -9.0   -9.0   -9.0   -9.0 -9 -9 -                        0   0   -9 -         -9  -9  -9  3538  1.0  3.61 -9  39.6  25.9  25.9  25.5  23.8  -9 -9.0 -9  3  2
202606231300 108   7  3.6  -9 -9.0   -9  999.8 1009.4 -9  -9.0  29.0  15.1  43.0  17.2   -9.0   -9.0   -9.0   -9.0   -9.0   -9.0   -9.0 -9 -9 -                        0   0   -9 -         -9  -9  -9  3597  1.0  3.74 -9  40.7  27.0  26.8  26.2  23.9  -9 -9.0 -9  3  2
202606231400 108   9  3.0  -9 -9.0   -9  999.4 1009.0 -9  -9.0  29.5  13.6  38.0  15.6   -9.0   -9.0   -9.0   -9.0   -9.0   -9.0   -9.0 -9 -9 -                        0   0   -9 -         -9  -9  -9  3329  1.0  3.65 -9  40.9  27.7  27.6  26.9  24.0  -9 -9.0 -9  3  2
202606231500 108   9  2.6  -9 -9.0   -9  998.9 1008.5  7  -1.4  30.6  13.3  35.0  15.3   -9.0   -9.0   -9.0   -9.0   -9.0   -9.0   -9.0 -9 -9 -                        0   0   -9 -         -9  -9  -9  2886  1.0  3.36 -9  40.2  28.4  28.2  27.5  24.1  -9 -9.0 -9  3  2
202606231600 108  14  2.6  -9 -9.0   -9  998.5 1008.1 -9  -9.0  30.6  12.4  33.0  14.4   -9.0   -9.0   -9.0   -9.0   -9.0   -9.0   -9.0 -9 -9 -                        0   0   -9 -         -9  -9  -9  3654  1.0  2.86 -9  38.5  28.6  28.5  27.9  24.3  -9 -9.0 -9  3  2
202606231700 108   7  2.2  -9 -9.0   -9  998.3 1007.8 -9  -9.0  30.8  13.1  34.0  15.1   -9.0   -9.0   -9.0   -9.0   -9.0   -9.0   -9.0 -9 -9 -                        0   0   -9 -         -9  -9  -9  4164  1.0  2.22 -9  36.0  28.5  28.5  28.1  24.5  -9 -9.0 -9  3  2
202606231800 108   5  2.3  -9 -9.0   -9  998.5 1008.1  5  -0.4  30.3  13.1  35.0  15.1   -9.0   -9.0   -9.0   -9.0   -9.0   -9.0   -9.0 -9 -9 -                        2   0   -9 -         -9  -9  -9  3929  1.0  1.44 -9  31.0  28.1  28.3  28.1  24.7  -9 -9.0 -9  3  2
202606231900 108   5  2.6  -9 -9.0   -9  998.7 1008.3 -9  -9.0  29.3  13.5  38.0  15.5   -9.0   -9.0   -9.0   -9.0   -9.0   -9.0   -9.0 -9 -9 -                        6   1   -9 -         -9  -9  -9  3937  1.0  0.63 -9  27.4  27.6  27.9  27.9  25.0  -9 -9.0 -9  3 -9
202606232000 108  32  0.8  -9 -9.0   -9  999.0 1008.6 -9  -9.0  28.2  13.3  40.0  15.3   -9.0   -9.0   -9.0   -9.0   -9.0   -9.0   -9.0 -9 -9 -                        7   2   22 -         -9  -9  -9  3810  0.4  0.16 -9  25.4  26.9  27.4  27.6  25.1  -9 -9.0 -9  3 -9
202606232100 108  27  2.4  -9 -9.0   -9 1000.0 1009.7  2   1.6  26.5  16.4  54.0  18.6   -9.0   -9.0   -9.0   -9.0   -9.0   -9.0   -9.0 -9 -9 -                        4   0   -9 -         -9  -9  -9  2868 -9.0 -9.00 -9  24.0  26.3  26.8  27.1  25.3  -9 -9.0 -9  3  2
202606232200 108  14  2.6  -9 -9.0   -9 1000.5 1010.2 -9  -9.0  25.6  15.5  54.0  17.6   -9.0   -9.0   -9.0   -9.0   -9.0   -9.0   -9.0 -9 -9 -                        7   1   -9 -         -9  -9  -9  3756 -9.0 -9.00 -9  23.2  25.9  26.4  26.7  25.4  -9 -9.0 -9  3 -9
202606232300 108  14  2.5  -9 -9.0   -9 1001.1 1010.9 -9  -9.0  24.5  14.5  54.0  16.5   -9.0   -9.0   -9.0   -9.0   -9.0   -9.0   -9.0 -9 -9 -                        7   1   -9 -         -9  -9  -9  4078 -9.0 -9.00 -9  22.2  25.4  25.9  26.3  25.4  -9 -9.0 -9  3 -9
202606240000 108  11  2.8  -9 -9.0   -9 1000.9 1010.7  0   1.0  23.4  14.1  56.0  16.1   -9.0   -9.0   -9.0   -9.0   -9.0   -9.0   -9.0 -9 -9 -                        4   0   -9 -         -9  -9  -9  4041 -9.0 -9.00 -9  21.3  24.9  25.4  25.8  25.4  -9 -9.0 -9  3  2
202606240100 108  11  2.3  -9 -9.0   -9 1000.7 1010.6 -9  -9.0  22.5  14.0  59.0  16.0   -9.0   -9.0   -9.0   -9.0   -9.0   -9.0   -9.0 -9 -9 -                        0   0   -9 -         -9  -9  -9  3943 -9.0 -9.00 -9  20.7  24.5  25.0  25.4  25.3  -9 -9.0 -9  3 -9
202606240200 108   7  1.7  -9 -9.0   -9 1000.8 1010.7 -9  -9.0  22.0  14.6  63.0  16.6   -9.0   -9.0   -9.0   -9.0   -9.0   -9.0   -9.0 -9 -9 -                        3   1   -9 -         -9  -9  -9  3850 -9.0 -9.00 -9  20.2  24.1  24.6  25.1  25.3  -9 -9.0 -9  3 -9
202606240300 108   7  2.2  -9 -9.0   -9 1000.6 1010.5  7  -0.2  21.3  14.6  66.0  16.6   -9.0   -9.0   -9.0   -9.0   -9.0   -9.0   -9.0 -9 -9 -                        7   0   -9 -         -9  -9  -9  3798 -9.0 -9.00 -9  19.9  23.8  24.3  24.7  25.2  -9 -9.0 -9  3  2
202606240400 108   9  2.4  -9 -9.0   -9 1000.3 1010.2 -9  -9.0  20.5  14.1  67.0  16.1   -9.0   -9.0   -9.0   -9.0   -9.0   -9.0   -9.0 -9 -9 -                        2   0   -9 -         -9  -9  -9  3697 -9.0 -9.00 -9  19.1  23.3  23.9  24.4  25.1  -9 -9.0 -9  3  2
202606240500 108   9  2.7  -9 -9.0   -9 1000.3 1010.3 -9  -9.0  19.7  12.9  65.0  14.9   -9.0   -9.0   -9.0   -9.0   -9.0   -9.0   -9.0 -9 -9 -                        1   0   -9 -         -9  -9  -9  3890 -9.0 -9.00 -9  18.6  23.0  23.6  24.1  25.0  -9 -9.0 -9  3  2
202606240600 108   7  2.3  -9 -9.0   -9 1000.5 1010.5  4   0.0  19.2  11.4  61.0  13.5   -9.0   -9.0   -9.0   -9.0   -9.0   -9.0   -9.0 -9 -9 -                        6   0   -9 -         -9  -9  -9  4058  0.0  0.04 -9  18.2  22.6  23.2  23.7  24.9  -9 -9.0 -9  3  2
202606240700 108   7  2.6  -9 -9.0   -9 1000.3 1010.3 -9  -9.0  19.7  11.4  59.0  13.5   -9.0   -9.0   -9.0   -9.0   -9.0   -9.0   -9.0 -9 -9 -                        7   0   -9 -         -9  -9  -9  3954  0.9  0.48 -9  18.7  22.4  22.9  23.5  24.7  -9 -9.0 -9  3  2
202606240800 108   5  2.7  -9 -9.0   -9 1000.3 1010.2 -9  -9.0  21.0  11.8  56.0  13.8   -9.0   -9.0   -9.0   -9.0   -9.0   -9.0   -9.0 -9 -9 -                        5   1   -9 -         -9  -9  -9  3874  0.9  1.08 -9  20.0  22.1  23.0  23.4  24.6  -9 -9.0 -9  3  2
202606240900 108   7  3.0  -9 -9.0   -9  999.9 1009.7  7  -0.8  22.6  12.2  52.0  14.2   -9.0   -9.0   -9.0   -9.0   -9.0   -9.0   -9.0 -9 -9 -                        8   0   -9 -         -9  -9  -9  3626  1.0  1.86 -9  24.5  23.0  23.2  23.6  24.5  -9 -9.0 -9  3  2
202606241000 108   7  3.2  -9 -9.0   -9 1000.0 1009.8 -9  -9.0  23.4  12.6  51.0  14.6   -9.0   -9.0   -9.0   -9.0   -9.0   -9.0   -9.0 -9 -9 -                        7   7   66 -         -9  -9  -9  3766  0.5  1.83 -9  29.2  23.5  23.7  23.9  24.4  -9 -9.0 -9  3  2
202606241100 108   7  2.9  -9 -9.0   -9  999.6 1009.4 -9  -9.0  24.6  13.7  51.0  15.7   -9.0   -9.0   -9.0   -9.0   -9.0   -9.0   -9.0 -9 -9 -                        8   8   66 -         -9  -9  -9  3722  0.9  2.56 -9  30.4  23.2  24.2  24.3  24.3  -9 -9.0 -9  3  2
202606241200 108   7  2.4  -9 -9.0   -9  999.1 1008.8  8  -0.9  26.0  13.1  45.0  15.1   -9.0   -9.0   -9.0   -9.0   -9.0   -9.0   -9.0 -9 -9 -                        7   7   67 -         -9  -9  -9  3472  1.0  3.22 -9  36.5  25.1  25.0  24.9  24.2  -9 -9.0 -9  3  2
202606241300 108   9  3.0  -9 -9.0   -9  998.9 1008.6 -9  -9.0  26.7  13.4  44.0  15.4   -9.0   -9.0   -9.0   -9.0   -9.0   -9.0   -9.0 -9 -9 -                        8   8   68 -         -9  -9  -9  3557  0.8  2.96 -9  34.8  26.1  25.8  25.5  24.2  -9 -9.0 -9  3  2
202606241400 108   7  2.4  -9 -9.0   -9  998.4 1008.1 -9  -9.0  27.3  13.9  44.0  15.9   -9.0   -9.0   -9.0   -9.0   -9.0   -9.0   -9.0 -9 -9 -                        8   8   68 -         -9  -9  -9  4011  0.6  2.33 -9  33.8  26.5  26.3  26.0  24.2  -9 -9.0 -9  3  2
202606241500 108   7  2.4  -9 -9.0   -9  997.8 1007.4  7  -1.4  27.6  14.2  44.0  16.2   -9.0   -9.0   -9.0   -9.0   -9.0   -9.0   -9.0 -9 -9 -                        9   8   63 -         -9  -9  -9  3259  0.1  1.75 -9  33.0  26.6  26.5  26.2  24.3  -9 -9.0 -9  3  2
202606241600 108   7  2.4  -9 -9.0   -9  997.0 1006.6 -9  -9.0  27.9  15.2  46.0  17.3   -9.0   -9.0   -9.0   -9.0   -9.0   -9.0   -9.0 -9 -9 -                        9   9   61 -         -9  -9  -9  4227  0.4  1.74 -9  32.1  26.7  26.7  26.5  24.4  -9 -9.0 -9  3  2
202606241700 108   5  1.9  -9 -9.0   -9  996.7 1006.3 -9  -9.0  28.6  14.7  43.0  16.7   -9.0   -9.0   -9.0   -9.0   -9.0   -9.0   -9.0 -9 -9 -                        3   3   58 -         -9  -9  -9  3269  1.0  2.03 -9  33.9  26.9  26.8  26.6  24.5  -9 -9.0 -9  3  2
202606241800 108   5  2.2  -9 -9.0   -9  996.5 1006.1  7  -1.3  28.5  14.6  43.0  16.6   -9.0   -9.0   -9.0   -9.0   -9.0   -9.0   -9.0 -9 -9 -                        0   0   -9 -         -9  -9  -9  3344  1.0  1.51 -9  29.6  26.8  26.8  26.8  24.7  -9 -9.0 -9  3  2
202606241900 108   2  2.3  -9 -9.0   -9  996.5 1006.1 -9  -9.0  27.6  14.9  46.0  16.9   -9.0   -9.0   -9.0   -9.0   -9.0   -9.0   -9.0 -9 -9 -                        0   0   -9 -         -9  -9  -9  3900  1.0  0.70 -9  26.3  26.6  26.6  26.7  24.8  -9 -9.0 -9  3 -9
202606242000 108  11  2.2  -9 -9.0   -9  996.6 1006.3 -9  -9.0  26.4  15.4  51.0  17.5   -9.0   -9.0   -9.0   -9.0   -9.0   -9.0   -9.0 -9 -9 -                        1   1   -9 -         -9  -9  -9  3549  0.6  0.16 -9  24.0  25.9  26.3  26.4  24.9  -9 -9.0 -9  3 -9
202606242100 108   7  1.6  -9 -9.0   -9  997.0 1006.7  2   0.6  25.7  15.3  53.0  17.4   -9.0   -9.0   -9.0   -9.0   -9.0   -9.0   -9.0 -9 -9 -                        5   5   15 -         -9  -9  -9  3572 -9.0 -9.00 -9  23.3  25.5  25.8  26.1  25.0  -9 -9.0 -9  3  2
202606242200 108  14  2.7  -9 -9.0   -9  997.4 1007.1 -9  -9.0  24.9  14.6  53.0  16.6   -9.0   -9.0   -9.0   -9.0   -9.0   -9.0   -9.0 -9 -9 -                        0   0   -9 -         -9  -9  -9  3893 -9.0 -9.00 -9  22.3  25.1  25.4  25.7  25.0  -9 -9.0 -9  3 -9
202606242300 108  14  2.4  -9 -9.0   -9  997.4 1007.2 -9  -9.0  24.0  14.3  55.0  16.3   -9.0   -9.0   -9.0   -9.0   -9.0   -9.0   -9.0 -9 -9 -                        1   1   -9 -         -9  -9  -9  3971 -9.0 -9.00 -9  21.6  24.7  25.0  25.4  25.0  -9 -9.0 -9  3 -9
202606250000 108  11  2.2  -9 -9.0   -9  997.0 1006.8  0   0.1  23.3  14.0  56.0  16.0   -9.0   -9.0   -9.0   -9.0   -9.0   -9.0   -9.0 -9 -9 -                        1   0   -9 -         -9  -9  -9  3812 -9.0 -9.00 -9  21.1  24.3  24.7  25.0  25.0  -9 -9.0 -9  3  2
202606250100 108   7  1.7  -9 -9.0   -9  996.7 1006.5 -9  -9.0  22.7  13.7  57.0  15.7   -9.0   -9.0   -9.0   -9.0   -9.0   -9.0   -9.0 -9 -9 -                        5   0   -9 -         -9  -9  -9  3949 -9.0 -9.00 -9  20.7  23.9  24.3  24.7  25.0  -9 -9.0 -9  3 -9
202606250200 108   5  3.2  -9 -9.0   -9  996.6 1006.4 -9  -9.0  22.3  14.1  60.0  16.1   -9.0   -9.0   -9.0   -9.0   -9.0   -9.0   -9.0 -9 -9 -                        3   3   16 -         -9  -9  -9  3926 -9.0 -9.00 -9  20.7  23.7  24.0  24.5  24.9  -9 -9.0 -9  3 -9
202606250300 108   5  2.2  -9 -9.0   -9  996.5 1006.3  7  -0.5  21.8  13.9  61.0  15.9   -9.0   -9.0   -9.0   -9.0   -9.0   -9.0   -9.0 -9 -9 -                        3   3   16 -         -9  -9  -9  3575 -9.0 -9.00 -9  20.6  23.4  23.8  24.2  24.8  -9 -9.0 -9  3  2
202606250400 108   5  2.8  -9 -9.0   -9  996.1 1006.0 -9  -9.0  21.2  13.1  60.0  15.1   -9.0   -9.0   -9.0   -9.0   -9.0   -9.0   -9.0 -9 -9 -                        3   3   18 -         -9  -9  -9  3592 -9.0 -9.00 -9  19.9  23.2  23.6  24.0  24.7  -9 -9.0 -9  3  2
202606250500 108   5  2.8  -9 -9.0   -9  996.5 1006.4 -9  -9.0  21.1  13.0  60.0  15.0   -9.0   -9.0   -9.0   -9.0   -9.0   -9.0   -9.0 -9 -9 -                        9   9   12 -         -9  -9  -9  3823 -9.0 -9.00 -9  20.2  23.0  23.4  23.8  24.6  -9 -9.0 -9  3  2
202606250600 108   5  2.7  -9 -9.0   -9  996.7 1006.6  3   0.3  21.2  12.3  57.0  14.3   -9.0   -9.0   -9.0   -9.0   -9.0   -9.0   -9.0 -9 -9 -                        6   6   12 -         -9  -9  -9  4147  0.0  0.04 -9  20.6  22.8  23.2  23.6  24.5  -9 -9.0 -9  3  2
202606250700 108   7  2.7  -9 -9.0   -9  996.6 1006.5 -9  -9.0  21.5  12.8  58.0  14.8   -9.0   -9.0   -9.0   -9.0   -9.0   -9.0   -9.0 -9 -9 -                        7   7   12 -         -9  -9  -9  3605  0.0  0.24 -9  21.6  22.8  23.1  23.5  24.4  -9 -9.0 -9  3  2
202606250800 108   5  2.6  -9 -9.0   -9  996.8 1006.6 -9  -9.0  22.3  13.0  56.0  15.0   -9.0   -9.0   -9.0   -9.0   -9.0   -9.0   -9.0 -9 -9 -                        9   9   15 -         -9  -9  -9  3795  0.1  0.67 -9  23.7  23.1  23.2  23.5  24.4  -9 -9.0 -9  3  2
202606250900 108   5  2.6  -9 -9.0   -9  996.6 1006.4  7  -0.2  22.8  13.5  56.0  15.5   -9.0   -9.0   -9.0   -9.0   -9.0   -9.0   -9.0 -9 -9 -                        8   8   13 -         -9  -9  -9  3954  0.0  0.74 -9  24.6  23.3  23.4  23.6  24.3  -9 -9.0 -9  3  2
202606251000 108   9  1.6  -9 -9.0   -9  996.5 1006.3 -9  -9.0  23.2  13.9  56.0  15.9   -9.0   -9.0   -9.0   -9.0   -9.0   -9.0   -9.0 -9 -9 -                        8   8   12 -         -9  -9  -9  3816  0.0  0.68 -9  25.4  23.5  23.5  23.8  24.2  -9 -9.0 -9  3  2
202606251100 108   5  2.5  -9 -9.0   -9  996.5 1006.3 -9  -9.0  23.2  14.4  58.0  16.4    0.0    0.0    0.0   -9.0   -9.0   -9.0   -9.0 21 62 01                       9   8    9 -         -9  -9  -9  3850  0.0  0.70 -9  24.8  23.7  23.7  23.9  24.1  -9 -9.0 -9  4  1
202606251200 108  11  2.1  -9 -9.0   -9  996.0 1005.8  7  -0.6  23.5  16.2  64.0  18.4   -9.0    0.0    0.0   -9.0   -9.0   -9.0   -9.0 -9 62 -                        8   8    7 -         -9  -9  -9  3574  0.0  0.97 -9  26.6  24.0  23.9  24.1  24.1  -9 -9.0 -9  3  1
202606251300 108   5  2.8  -9 -9.0   -9  995.4 1005.2 -9  -9.0  23.0  17.4  71.0  19.9   -9.0    0.0    0.0   -9.0   -9.0   -9.0   -9.0 -9 -9 -                        8   8    5 -         -9  -9  -9  3878  0.0  0.88 -9  25.6  23.7  24.1  24.3  24.1  -9 -9.0 -9  3  2
202606251400 108   7  2.0  -9 -9.0   -9  995.3 1005.1 -9  -9.0  23.1  17.5  71.0  20.0   -9.0    0.0    0.0   -9.0   -9.0   -9.0   -9.0 -9 -9 -                        8   8    5 -         -9  -9  -9  3828  0.0  0.64 -9  26.1  24.2  24.2  24.4  24.0  -9 -9.0 -9  3  2
202606251500 108   5  2.3  -9 -9.0   -9  994.6 1004.4  7  -1.4  23.6  17.8  70.0  20.4   -9.0    0.0    0.0   -9.0   -9.0   -9.0   -9.0 -9 62 -                        8   5    6 -         -9  -9  -9  3938  0.0  1.07 -9  27.8  24.3  24.4  24.5  24.0  -9 -9.0 -9  3  1
202606251600 108   5  2.1  -9 -9.0   -9  994.4 1004.1 -9  -9.0  23.9  17.8  69.0  20.4   -9.0    0.0    0.0   -9.0   -9.0   -9.0   -9.0 -9 -9 -                        9   2   11 -         -9  -9  -9  3852  0.0  0.74 -9  26.7  23.8  24.6  24.6  24.1  -9 -9.0 -9  3  2
202606251700 108   5  1.7  -9 -9.0   -9  994.1 1003.8 -9  -9.0  23.7  17.6  69.0  20.1   -9.0    0.0    0.0   -9.0   -9.0   -9.0   -9.0 -9 -9 -                        9   9   10 -         -9  -9  -9  3656  0.0  0.53 -9  26.0  24.6  24.7  24.7  24.1  -9 -9.0 -9  3  2
202606251800 108   5  1.6  -9 -9.0   -9  994.4 1004.2  5  -0.2  23.6  17.5  69.0  20.0   -9.0    0.0    0.0   -9.0   -9.0   -9.0   -9.0 -9 -9 -                        8   8    7 -         -9  -9  -9  3881  0.1  0.45 -9  24.7  24.6  24.7  24.7  24.1  -9 -9.0 -9  3  2
202606251900 108   2  1.4  -9 -9.0   -9  994.8 1004.6 -9  -9.0  23.4  17.6  70.0  20.1   -9.0    0.0    0.0   -9.0   -9.0   -9.0   -9.0 -9 -9 -                        6   6   10 -         -9  -9  -9  3732  0.0  0.22 -9  24.1  24.5  24.6  24.7  24.1  -9 -9.0 -9  3 -9
202606252000 108   5  1.8  -9 -9.0   -9  994.9 1004.7 -9  -9.0  22.8  17.2  71.0  19.6   -9.0    0.0    0.0   -9.0   -9.0   -9.0   -9.0 -9 -9 -                        4   4   11 -         -9  -9  -9  3853  0.0  0.04 -9  22.7  23.9  24.4  24.6  24.2  -9 -9.0 -9  3 -9
202606252100 108  32  4.6  -9 -9.0   -9  995.4 1005.2  2   1.0  21.9  17.6  77.0  20.1    0.0    0.0    0.0   -9.0   -9.0   -9.0   -9.0 80 82 04                       7   7    8 -         -9  -9  -9  2787 -9.0 -9.00 -9  22.3  23.9  24.2  24.4  24.2  -9 -9.0 -9  1  1
202606252200 108   5  2.0  -9 -9.0   -9  995.9 1005.8 -9  -9.0  20.9  17.3  80.0  19.7    0.3    0.3    0.3   -9.0   -9.0   -9.0   -9.0 80 88 04                       8   8   10 -         -9  -9  -9  2767 -9.0 -9.00 -9  21.0  23.0  23.9  24.2  24.2  -9 -9.0 -9  4  1
202606252300 108   5  1.7  -9 -9.0   -9  995.6 1005.5 -9  -9.0  20.4  16.8  80.0  19.1    0.0    0.3    0.3   -9.0   -9.0   -9.0   -9.0 25 82 04                       5   5   14 -         -9  -9  -9  3769 -9.0 -9.00 -9  20.3  22.7  23.6  23.9  24.2  -9 -9.0 -9  4  1
202606260000 108   5  1.9  -9 -9.0   -9  995.6 1005.5  0   0.3  19.6  16.6  83.0  18.9   -9.0    0.3    0.3   -9.0   -9.0   -9.0   -9.0 -9 82 -                        5   5   15 -         -9  -9  -9  3692 -9.0 -9.00 -9  19.2  22.4  23.4  23.7  24.1  -9 -9.0 -9  3  1
202606260100 108  36  1.0  -9 -9.0   -9  995.4 1005.3 -9  -9.0  19.2  16.2  83.0  18.4   -9.0   -9.0   -9.0   -9.0   -9.0   -9.0   -9.0 -9 -9 -                        2   2    6 -         -9  -9  -9  3980 -9.0 -9.00 -9  18.9  22.0  23.0  23.4  24.1  -9 -9.0 -9  3 -9
202606260200 108   7  1.3  -9 -9.0   -9  995.3 1005.2 -9  -9.0  18.7  15.7  83.0  17.8   -9.0   -9.0   -9.0   -9.0   -9.0   -9.0   -9.0 -9 -9 -                        4   4   22 -         -9  -9  -9  4332 -9.0 -9.00 -9  18.7  21.8  22.8  23.2  24.0  -9 -9.0 -9  3 -9
202606260300 108   5  2.2  -9 -9.0   -9  995.7 1005.7  3   0.2  18.1  15.3  84.0  17.4   -9.0   -9.0   -9.0   -9.0   -9.0   -9.0   -9.0 -9 81 -                        2   2   26 -         -9  -9  -9  4046 -9.0 -9.00 -9  18.0  21.5  22.5  22.9  24.0  -9 -9.0 -9  3  1
202606260400 108   5  1.8  -9 -9.0   -9  995.8 1005.8 -9  -9.0  17.6  15.2  86.0  17.3   -9.0   -9.0   -9.0   -9.0   -9.0   -9.0   -9.0 -9 -9 -                        0   0   -9 -         -9  -9  -9  3435 -9.0 -9.00 -9  17.7  21.2  22.3  22.7  23.9  -9 -9.0 -9  3  2
202606260500 108   7  1.5  -9 -9.0   -9  996.1 1006.1 -9  -9.0  17.4  14.8  85.0  16.8   -9.0   -9.0   -9.0   -9.0   -9.0   -9.0   -9.0 -9 -9 -                        0   0   -9 -         -9  -9  -9  4055 -9.0 -9.00 -9  17.4  21.0  22.0  22.5  23.8  -9 -9.0 -9  3  2
202606260600 108   5  1.6  -9 -9.0   -9  996.4 1006.4  2   0.7  17.3  14.3  83.0  16.3   -9.0   -9.0   -9.0   -9.0   -9.0   -9.0   -9.0 -9 -9 -                        0   0   -9 -         -9  -9  -9  4146  0.0  0.04 -9  17.4  20.8  21.8  22.2  23.7  -9 -9.0 -9  3  2
202606260700 108   2  1.8  -9 -9.0   -9  996.2 1006.2 -9  -9.0  18.4  15.4  83.0  17.5   -9.0   -9.0   -9.0   -9.0   -9.0   -9.0   -9.0 -9 -9 -                        0   0   -9 -         -9  -9  -9  3775  0.9  0.56 -9  18.2  20.6  21.6  22.1  23.6  -9 -9.0 -9  3  2
202606260800 108   2  2.0  -9 -9.0   -9  996.5 1006.4 -9  -9.0  20.6  15.3  72.0  17.4   -9.0   -9.0   -9.0   -9.0   -9.0   -9.0   -9.0 -9 -9 -                        0   0   -9 -         -9  -9  -9  3643  1.0  1.29 -9  19.5  21.0  21.8  22.2  23.5  -9 -9.0 -9  3  2
202606260900 108  16  1.5  -9 -9.0   -9  996.6 1006.4  4   0.0  22.2  16.0  68.0  18.2   -9.0   -9.0   -9.0   -9.0   -9.0   -9.0   -9.0 -9 -9 -                        1   1   -9 -         -9  -9  -9  4100  1.0  2.00 -9  23.9  22.0  22.3  22.5  23.4  -9 -9.0 -9  3  2
202606261000 108  27  2.5  -9 -9.0   -9  996.7 1006.5 -9  -9.0  23.3  16.3  65.0  18.5   -9.0   -9.0   -9.0   -9.0   -9.0   -9.0   -9.0 -9 -9 -                        4   4    9 -         -9  -9  -9  3524  0.8  2.15 -9  28.9  22.6  23.1  23.0  23.3  -9 -9.0 -9  3  2
202606261100 108  27  1.6  -9 -9.0   -9  996.4 1006.1 -9  -9.0  24.4  15.5  58.0  17.6   -9.0   -9.0   -9.0   -9.0   -9.0   -9.0   -9.0 -9 -9 -                        2   2    9 -         -9  -9  -9  3178  0.7  2.63 -9  29.3  23.4  23.9  23.6  23.3  -9 -9.0 -9  3  2
202606261200 108  23  1.3  -9 -9.0   -9  996.4 1006.1  6  -0.3  24.9  15.7  57.0  17.8   -9.0   -9.0   -9.0   -9.0   -9.0   -9.0   -9.0 -9 -9 -                        5   5   11 -         -9  -9  -9  3122  0.4  2.11 -9  29.6  24.4  24.5  24.1  23.2  -9 -9.0 -9  3  2
202606261300 108  27  2.8  -9 -9.0   -9  996.0 1005.7 -9  -9.0  26.5  16.7  55.0  19.0   -9.0   -9.0   -9.0   -9.0   -9.0   -9.0   -9.0 -9 -9 -                        2   2   14 -         -9  -9  -9  3037  0.7  3.20 -9  39.5  25.2  25.0  24.7  23.3  -9 -9.0 -9  3  2
202606261400 108   7  2.1  -9 -9.0   -9  995.4 1005.0 -9  -9.0  27.8  14.7  45.0  16.7   -9.0   -9.0   -9.0   -9.0   -9.0   -9.0   -9.0 -9 -9 -                        2   2   14 -         -9  -9  -9  4008  0.9  3.46 -9  38.6  26.5  26.0  25.4  23.3  -9 -9.0 -9  3  2
202606261500 108  34  3.5  -9 -9.0   -9  995.0 1004.6  7  -1.5  28.4  14.9  44.0  16.9   -9.0   -9.0   -9.0   -9.0   -9.0   -9.0   -9.0 -9 -9 -                        4   4   17 -         -9  -9  -9  4098  0.6  2.55 -9  35.5  27.0  26.5  26.0  23.4  -9 -9.0 -9  3  2
202606261600 108  34  2.3  -9 -9.0   -9  994.9 1004.5 -9  -9.0  29.5  14.8  41.0  16.8   -9.0   -9.0   -9.0   -9.0   -9.0   -9.0   -9.0 -9 -9 -                        4   3   18 -         -9  -9  -9  3255  1.0  3.10 -9  39.3  27.4  27.0  26.5  23.6  -9 -9.0 -9  3  2
202606261700 108  14  1.3  -9 -9.0   -9  994.7 1004.2 -9  -9.0  29.8  15.5  42.0  17.6   -9.0   -9.0   -9.0   -9.0   -9.0   -9.0   -9.0 -9 -9 -                        2   2   18 -         -9  -9  -9  3186  0.9  2.27 -9  36.0  27.6  27.2  26.8  23.8  -9 -9.0 -9  3  2
202606261800 108  23  1.7  -9 -9.0   -9  995.1 1004.7  3   0.1  28.9  15.0  43.0  17.0   -9.0   -9.0   -9.0   -9.0   -9.0   -9.0   -9.0 -9 -9 -                        5   5   17 -         -9  -9  -9  3919  0.5  0.92 -9  30.2  27.3  27.2  26.9  24.0  -9 -9.0 -9  3  2
202606261900 108  27  1.8  -9 -9.0   -9  995.2 1004.8 -9  -9.0  27.7  15.6  48.0  17.7   -9.0   -9.0   -9.0   -9.0   -9.0   -9.0   -9.0 -9 -9 -                        1   1   18 -         -9  -9  -9  3756  0.4  0.51 -9  26.8  26.8  26.9  26.8  24.2  -9 -9.0 -9  3 -9
202606262000 108  25  3.0  -9 -9.0   -9  995.8 1005.5 -9  -9.0  26.2  17.2  58.0  19.6   -9.0   -9.0   -9.0   -9.0   -9.0   -9.0   -9.0 -9 -9 -                        4   4   17 -         -9  -9  -9  2853  0.6  0.19 -9  24.6  26.1  26.5  26.5  24.4  -9 -9.0 -9  3 -9
202606262100 108  29  2.1  -9 -9.0   -9  996.4 1006.1  2   1.4  25.1  17.2  62.0  19.6   -9.0   -9.0   -9.0   -9.0   -9.0   -9.0   -9.0 -9 -9 -                        5   2   -9 -         -9  -9  -9  2486 -9.0 -9.00 -9  22.7  24.9  26.0  26.1  24.5  -9 -9.0 -9  3  2
202606262200 108  32  1.1  -9 -9.0   -9  996.3 1006.0 -9  -9.0  24.3  17.2  65.0  19.6   -9.0   -9.0   -9.0   -9.0   -9.0   -9.0   -9.0 -9 -9 -                        7   1   -9 -         -9  -9  -9  2304 -9.0 -9.00 -9  21.9  24.4  25.5  25.7  24.6  -9 -9.0 -9  3 -9
202606262300 108  27  1.1  -9 -9.0   -9  996.3 1006.1 -9  -9.0  23.8  17.0  66.0  19.4   -9.0   -9.0   -9.0   -9.0   -9.0   -9.0   -9.0 -9 -9 -                        7   1   -9 -         -9  -9  -9  2374 -9.0 -9.00 -9  21.3  24.0  25.1  25.3  24.7  -9 -9.0 -9  3 -9
202606270000 108   0  0.2  -9 -9.0   -9  996.2 1006.0  6  -0.1  23.2  16.9  68.0  19.2   -9.0   -9.0   -9.0   -9.0   -9.0   -9.0   -9.0 -9 -9 -                        6   1   -9 -         -9  -9  -9  2147 -9.0 -9.00 -9  20.7  23.7  24.7  25.0  24.7  -9 -9.0 -9  3  2
202606270100 108  29  1.2  -9 -9.0   -9  996.0 1005.8 -9  -9.0  22.6  17.2  72.0  19.6   -9.0   -9.0   -9.0   -9.0   -9.0   -9.0   -9.0 -9 -9 -                        7   1   -9 -         -9  -9  -9  1923 -9.0 -9.00 -9  20.4  23.3  24.4  24.7  24.6  -9 -9.0 -9  3 -9
202606270200 108  29  1.1  -9 -9.0   -9  995.6 1005.4 -9  -9.0  22.0  17.3  75.0  19.7   -9.0   -9.0   -9.0   -9.0   -9.0   -9.0   -9.0 -9 -9 -                        6   1   -9 -         -9  -9  -9  1907 -9.0 -9.00 -9  20.1  23.1  24.0  24.4  24.6  -9 -9.0 -9  3 -9
202606270300 108   0  0.3  -9 -9.0   -9  995.4 1005.2  7  -0.8  21.5  16.6  74.0  18.9   -9.0   -9.0   -9.0   -9.0   -9.0   -9.0   -9.0 -9 -9 -                        8   1   -9 -         -9  -9  -9  2059 -9.0 -9.00 -9  19.9  22.8  23.8  24.1  24.5  -9 -9.0 -9  3  2
202606270400 108   7  1.0  -9 -9.0   -9  995.6 1005.5 -9  -9.0  21.1  16.4  75.0  18.6   -9.0   -9.0   -9.0   -9.0   -9.0   -9.0   -9.0 -9 -9 -                        6   1   -9 -         -9  -9  -9  2196 -9.0 -9.00 -9  19.6  22.5  23.5  23.9  24.5  -9 -9.0 -9  3  2
202606270500 108  36  0.7  -9 -9.0   -9  995.6 1005.5 -9  -9.0  20.9  16.5  76.0  18.8   -9.0   -9.0   -9.0   -9.0   -9.0   -9.0   -9.0 -9 -9 -                        6   1   -9 -         -9  -9  -9  2034 -9.0 -9.00 -9  19.5  22.3  23.3  23.6  24.4  -9 -9.0 -9  3  2
202606270600 108  34  0.8  -9 -9.0   -9  995.6 1005.5  1   0.3  20.8  16.8  78.0  19.1   -9.0   -9.0   -9.0   -9.0   -9.0   -9.0   -9.0 -9 -9 -                        7   1   -9 -         -9  -9  -9  1943  0.0  0.05 -9  20.2  22.6  23.0  23.4  24.3  -9 -9.0 -9  3  2
202606270700 108  27  1.0  -9 -9.0   -9  995.6 1005.4 -9  -9.0  21.4  17.5  79.0  20.0   -9.0   -9.0   -9.0   -9.0   -9.0   -9.0   -9.0 -9 -9 -                        6   1   -9 -         -9  -9  -9  1979  0.4  0.40 -9  21.5  22.6  23.0  23.3  24.2  -9 -9.0 -9  3  2
202606270800 108  27  2.0  -9 -9.0   -9  995.7 1005.5 -9  -9.0  23.2  17.8  72.0  20.4   -9.0   -9.0   -9.0   -9.0   -9.0   -9.0   -9.0 -9 -9 -                        8   1   -9 -         -9  -9  -9  1984  1.0  1.10 -9  23.8  23.3  23.2  23.5  24.1  -9 -9.0 -9  3  2
202606270900 108   0  0.4  -9 -9.0   -9  995.9 1005.6  3   0.1  25.0  18.1  66.0  20.8   -9.0   -9.0   -9.0   -9.0   -9.0   -9.0   -9.0 -9 -9 -                        7   1   -9 -         -9  -9  -9  1990  0.7  1.45 -9  26.4  24.0  23.8  23.8  24.0  -9 -9.0 -9  3  2
202606271000 108  20  1.5  -9 -9.0   -9  995.7 1005.4 -9  -9.0  26.8  17.8  58.0  20.4   -9.0   -9.0   -9.0   -9.0   -9.0   -9.0   -9.0 -9 -9 -                        5   1   -9 -         -9  -9  -9  2590  1.0  2.44 -9  33.4  24.7  24.5  24.3  24.0  -9 -9.0 -9  3  2
202606271100 108   9  1.2  -9 -9.0   -9  995.5 1005.1 -9  -9.0  28.2  18.0  54.0  20.6   -9.0   -9.0   -9.0   -9.0   -9.0   -9.0   -9.0 -9 -9 -                        7   3   -9 -         -9  -9  -9  2201  0.8  2.40 -9  31.6  25.7  25.3  24.9  23.9  -9 -9.0 -9  3  2
202606271200 108   5  2.2  -9 -9.0   -9  995.3 1004.8  7  -0.8  29.9  18.0  49.0  20.6   -9.0   -9.0   -9.0   -9.0   -9.0   -9.0   -9.0 -9 -9 -                        8   3   75 -         -9  -9  -9  2565  0.9  3.02 -9  38.9  26.2  26.0  25.6  23.9  -9 -9.0 -9  3  2
202606271300 108  11  1.6  -9 -9.0   -9  994.9 1004.4 -9  -9.0  31.2  17.4  44.0  19.9   -9.0   -9.0   -9.0   -9.0   -9.0   -9.0   -9.0 -9 -9 -                        6   2   -9 -         -9  -9  -9  2623  1.0  3.31 -9  41.7  27.0  26.7  26.3  24.0  -9 -9.0 -9  3  2
202606271400 108  23  1.9  -9 -9.0   -9  994.7 1004.2 -9  -9.0  30.2  15.8  42.0  17.9   -9.0   -9.0   -9.0   -9.0   -9.0   -9.0   -9.0 -9 -9 -                        7   7   17 -         -9  -9  -9  2692  0.1  1.09 -9  31.5  27.6  27.2  26.6  24.1  -9 -9.0 -9  3  2
202606271500 108  25  2.6  -9 -9.0   -9  994.4 1003.9  7  -0.9  31.6  18.2  45.0  20.9   -9.0   -9.0   -9.0   -9.0   -9.0   -9.0   -9.0 -9 -9 -                        5   1   20 -         -9  -9  -9  2459  0.7  2.30 -9  39.5  27.6  27.4  27.0  24.2  -9 -9.0 -9  3  2
202606271600 108  27  2.9  -9 -9.0   -9  994.1 1003.6 -9  -9.0  31.9  17.7  43.0  20.2   -9.0   -9.0   -9.0   -9.0   -9.0   -9.0   -9.0 -9 -9 -                        5   2   23 -         -9  -9  -9  2578  1.0  2.73 -9  37.7  28.3  27.9  27.4  24.3  -9 -9.0 -9  3  2
202606271700 108  25  2.6  -9 -9.0   -9  994.1 1003.6 -9  -9.0  31.1  18.7  48.0  21.6   -9.0   -9.0   -9.0   -9.0   -9.0   -9.0   -9.0 -9 -9 -                        6   6   21 -         -9  -9  -9  2430  0.4  1.35 -9  32.9  28.2  28.0  27.6  24.5  -9 -9.0 -9  3  2
202606271800 108   2  3.1  -9 -9.0   -9  994.2 1003.7  5  -0.2  30.4  18.4  49.0  21.2   -9.0   -9.0   -9.0   -9.0   -9.0   -9.0   -9.0 -9 -9 -                        6   1   18 -         -9  -9  -9  2635  0.3  0.68 -9  30.8  28.0  27.8  27.6  24.7  -9 -9.0 -9  3  2
202606271900 108  29  2.2  -9 -9.0   -9  994.6 1004.2 -9  -9.0  29.2  19.2  55.0  22.2   -9.0   -9.0   -9.0   -9.0   -9.0   -9.0   -9.0 -9 -9 -                        6   3   72 -         -9  -9  -9  2578  0.3  0.35 -9  27.8  27.4  27.5  27.4  24.9  -9 -9.0 -9  3 -9
202606272000 108  27  3.3  -9 -9.0   -9  995.0 1004.6 -9  -9.0  28.0  18.1  55.0  20.8   -9.0   -9.0   -9.0   -9.0   -9.0   -9.0   -9.0 -9 -9 -                        6   3   -9 -         -9  -9  -9  2810  0.0  0.09 -9  25.6  26.9  27.1  27.1  25.0  -9 -9.0 -9  3 -9
202606272100 108  29  3.3  -9 -9.0   -9  995.5 1005.2  2   1.5  26.8  18.3  60.0  21.0   -9.0   -9.0   -9.0   -9.0   -9.0   -9.0   -9.0 -9 -9 -                        3   1   69 -         -9  -9  -9  2660 -9.0 -9.00 -9  24.5  26.4  26.6  26.7  25.1  -9 -9.0 -9  3  2
202606272200 108  23  1.8  -9 -9.0   -9  996.1 1005.8 -9  -9.0  25.5  17.9  63.0  20.5   -9.0   -9.0   -9.0   -9.0   -9.0   -9.0   -9.0 -9 -9 -                        0   0   -9 -         -9  -9  -9  2410 -9.0 -9.00 -9  23.6  25.9  26.2  26.4  25.2  -9 -9.0 -9  3 -9
202606272300 108  27  2.0  -9 -9.0   -9  996.6 1006.3 -9  -9.0  24.8  18.4  68.0  21.2   -9.0   -9.0   -9.0   -9.0   -9.0   -9.0   -9.0 -9 -9 -                        6   6   66 -         -9  -9  -9  2285 -9.0 -9.00 -9  23.1  25.5  25.8  26.0  25.2  -9 -9.0 -9  3 -9
202606280000 108  25  1.5  -9 -9.0   -9  996.9 1006.6  2   1.4  24.5  18.4  69.0  21.2   -9.0   -9.0   -9.0   -9.0   -9.0   -9.0   -9.0 -9 -9 -                        0   0   -9 -         -9  -9  -9  2226 -9.0 -9.00 -9  22.6  25.2  25.5  25.7  25.2  -9 -9.0 -9  3  2
202606280100 108  20  1.3  -9 -9.0   -9  997.1 1006.9 -9  -9.0  24.1  18.0  69.0  20.6   -9.0   -9.0   -9.0   -9.0   -9.0   -9.0   -9.0 -9 -9 -                        4   4   71 -         -9  -9  -9  2224 -9.0 -9.00 -9  22.2  24.8  25.1  25.4  25.2  -9 -9.0 -9  3 -9
202606280200 108  27  1.5  -9 -9.0   -9  997.0 1006.8 -9  -9.0  23.5  17.7  70.0  20.2   -9.0   -9.0   -9.0   -9.0   -9.0   -9.0   -9.0 -9 -9 -                        0   0   -9 -         -9  -9  -9  2339 -9.0 -9.00 -9  21.7  24.5  24.8  25.1  25.1  -9 -9.0 -9  3 -9
202606280300 108  29  0.8  -9 -9.0   -9  997.2 1007.0  2   0.4  22.9  17.5  72.0  20.0   -9.0   -9.0   -9.0   -9.0   -9.0   -9.0   -9.0 -9 -9 -                        0   0   -9 -         -9  -9  -9  2200 -9.0 -9.00 -9  21.6  24.3  24.6  24.9  25.1  -9 -9.0 -9  3  2
202606280400 108  32  0.7  -9 -9.0   -9  997.4 1007.2 -9  -9.0  22.7  17.6  73.0  20.1   -9.0   -9.0   -9.0   -9.0   -9.0   -9.0   -9.0 -9 -9 -                        0   0   -9 -         -9  -9  -9  2167 -9.0 -9.00 -9  21.0  23.8  24.3  24.6  25.0  -9 -9.0 -9  3  2
202606280500 108   0  0.4  -9 -9.0   -9  997.6 1007.4 -9  -9.0  22.3  17.4  74.0  19.9   -9.0   -9.0   -9.0   -9.0   -9.0   -9.0   -9.0 -9 -9 -                        0   0   -9 -         -9  -9  -9  2102 -9.0 -9.00 -9  20.7  23.7  24.0  24.4  24.9  -9 -9.0 -9  3  2
202606280600 108  27  1.2  -9 -9.0   -9  998.2 1008.1  2   1.1  21.8  16.3  71.0  18.5   -9.0   -9.0   -9.0   -9.0   -9.0   -9.0   -9.0 -9 -9 -                        0   0   -9 -         -9  -9  -9  2303  0.0  0.05 -9  20.8  23.5  23.8  24.1  24.8  -9 -9.0 -9  3  2
202606280700 108  18  0.6  -9 -9.0   -9  998.4 1008.2 -9  -9.0  22.4  16.8  71.0  19.1   -9.0   -9.0   -9.0   -9.0   -9.0   -9.0   -9.0 -9 -9 -                        0   0   -9 -         -9  -9  -9  1783  0.9  0.44 -9  21.7  23.4  23.7  24.0  24.7  -9 -9.0 -9  3  2
202606280800 108  11  2.2  -9 -9.0   -9  998.9 1008.7 -9  -9.0  24.7  18.1  67.0  20.8   -9.0   -9.0   -9.0   -9.0   -9.0   -9.0   -9.0 -9 -9 -                        0   0   -9 -         -9  -9  -9  1772  1.0  1.19 -9  23.4  24.0  23.9  24.1  24.6  -9 -9.0 -9  3  2
202606280900 108  11  1.5  -9 -9.0   -9  999.2 1008.9  2   0.8  26.3  18.9  64.0  21.8   -9.0   -9.0   -9.0   -9.0   -9.0   -9.0   -9.0 -9 -9 -                        0   0   -9 -         -9  -9  -9  1681  1.0  1.89 -9  27.2  24.7  24.5  24.5  24.5  -9 -9.0 -9  3  2
202606281000 108  16  2.2  -9 -9.0   -9  999.2 1008.9 -9  -9.0  27.7  18.6  58.0  21.4   -9.0   -9.0   -9.0   -9.0   -9.0   -9.0   -9.0 -9 -9 -                        0   0   -9 -         -9  -9  -9  1559  1.0  2.52 -9  33.1  24.5  25.2  25.0  24.5  -9 -9.0 -9  3  2
202606281100 108  16  2.1  -9 -9.0   -9  999.3 1008.9 -9  -9.0  29.1  18.8  54.0  21.7   -9.0   -9.0   -9.0   -9.0   -9.0   -9.0   -9.0 -9 -9 -                        0   0   -9 -         -9  -9  -9  1722  1.0  3.01 -9  37.9  25.3  26.1  25.7  24.4  -9 -9.0 -9  3  2
202606281200 108  25  2.5  -9 -9.0   -9  999.1 1008.7  7  -0.2  30.3  19.0  51.0  22.0   -9.0   -9.0   -9.0   -9.0   -9.0   -9.0   -9.0 -9 -9 -                        3   3   13 -         -9  -9  -9  1765  1.0  3.44 -9  43.5  27.7  27.0  26.5  24.4  -9 -9.0 -9  3  2
202606281300 108  20  1.6  -9 -9.0   -9  998.8 1008.4 -9  -9.0  30.6  18.6  49.0  21.4   -9.0   -9.0   -9.0   -9.0   -9.0   -9.0   -9.0 -9 -9 -                        6   6   13 -         -9  -9  -9  2216  0.6  2.69 -9  35.9  28.9  28.0  27.1  24.5  -9 -9.0 -9  3  2
202606281400 108  25  2.9  -9 -9.0   -9  998.8 1008.4 -9  -9.0  29.7  19.9  56.0  23.2   -9.0   -9.0   -9.0   -9.0   -9.0   -9.0   -9.0 -9 -9 -                        6   6   14 -         -9  -9  -9  1763  0.1  0.96 -9  33.3  28.4  28.0  27.3  24.6  -9 -9.0 -9  3  2
202606281500 108  20  3.3  -9 -9.0   -9  998.1 1007.7  7  -1.0  30.5  18.8  50.0  21.7   -9.0   -9.0   -9.0   -9.0   -9.0   -9.0   -9.0 -9 -9 -                        3   3   14 -         -9  -9  -9  2077  0.7  2.49 -9  39.4  28.7  28.2  27.7  24.7  -9 -9.0 -9  3  2
202606281600 108  29  2.5  -9 -9.0   -9  998.2 1007.8 -9  -9.0  29.1  19.9  58.0  23.2   -9.0   -9.0   -9.0   -9.0   -9.0   -9.0   -9.0 -9 -9 -                        3   3   12 -         -9  -9  -9  2026  0.3  1.44 -9  33.2  28.8  28.3  27.8  24.9  -9 -9.0 -9  3  2
202606281700 108  27  3.9  -9 -9.0   -9  998.3 1007.9 -9  -9.0  30.1  19.4  53.0  22.5   -9.0   -9.0   -9.0   -9.0   -9.0   -9.0   -9.0 -9 -9 -                        1   1   12 -         -9  -9  -9  2224  0.9  1.92 -9  36.8  28.7  28.3  27.9  25.0  -9 -9.0 -9  3  2
202606281800 108  27  3.5  -9 -9.0   -9  998.7 1008.3  2   0.6  29.1  17.2  49.0  19.6   -9.0   -9.0   -9.0   -9.0   -9.0   -9.0   -9.0 -9 -9 -                        1   1   12 -         -9  -9  -9  3011  1.0  1.34 -9  31.7  28.4  28.2  27.9  25.2  -9 -9.0 -9  3  2
202606281900 108  27  2.7  -9 -9.0   -9  999.2 1008.9 -9  -9.0  27.4  16.3  51.0  18.5   -9.0   -9.0   -9.0   -9.0   -9.0   -9.0   -9.0 -9 -9 -                        3   1   31 -         -9  -9  -9  3514  1.0  0.62 -9  26.9  26.9  27.8  27.7  25.3  -9 -9.0 -9  3 -9
202606282000 108  25  3.1  -9 -9.0   -9  999.5 1009.2 -9  -9.0  25.9  14.0  48.0  16.0   -9.0   -9.0   -9.0   -9.0   -9.0   -9.0   -9.0 -9 -9 -                        3   1   -9 -         -9  -9  -9  3819  0.2  0.12 -9  24.3  26.2  27.3  27.3  25.4  -9 -9.0 -9  3 -9
202606282100 108  29  2.5  -9 -9.0   -9 1000.2 1010.0  2   1.7  24.8  16.2  59.0  18.4   -9.0   -9.0   -9.0   -9.0   -9.0   -9.0   -9.0 -9 -9 -                        4   1   -9 -         -9  -9  -9  3200 -9.0 -9.00 -9  23.3  25.7  26.7  26.9  25.5  -9 -9.0 -9  3  2
202606282200 108  27  1.9  -9 -9.0   -9 1000.7 1010.5 -9  -9.0  24.1  16.6  63.0  18.9   -9.0   -9.0   -9.0   -9.0   -9.0   -9.0   -9.0 -9 -9 -                        7   1   -9 -         -9  -9  -9  2853 -9.0 -9.00 -9  22.6  25.1  26.2  26.5  25.6  -9 -9.0 -9  3 -9
202606282300 108  25  2.5  -9 -9.0   -9 1001.1 1010.9 -9  -9.0  23.7  17.4  68.0  19.9   -9.0   -9.0   -9.0   -9.0   -9.0   -9.0   -9.0 -9 -9 -                        6   1   -9 -         -9  -9  -9  2532 -9.0 -9.00 -9  22.0  24.7  25.8  26.1  25.6  -9 -9.0 -9  3 -9
202606290000 108  27  1.6  -9 -9.0   -9 1001.3 1011.1  2   1.1  23.3  17.5  70.0  20.0   -9.0   -9.0   -9.0   -9.0   -9.0   -9.0   -9.0 -9 -9 -                        7   1   -9 -         -9  -9  -9  2250 -9.0 -9.00 -9  21.6  24.4  25.5  25.7  25.5  -9 -9.0 -9  3  2
202606290100 108  27  1.2  -9 -9.0   -9 1001.6 1011.5 -9  -9.0  22.8  17.0  70.0  19.4   -9.0   -9.0   -9.0   -9.0   -9.0   -9.0   -9.0 -9 -9 -                        7   1   -9 -         -9  -9  -9  2468 -9.0 -9.00 -9  21.2  24.0  25.1  25.4  25.5  -9 -9.0 -9  3 -9
202606290200 108  29  0.8  -9 -9.0   -9 1001.3 1011.2 -9  -9.0  22.3  17.0  72.0  19.4   -9.0   -9.0   -9.0   -9.0   -9.0   -9.0   -9.0 -9 -9 -                        0   0   -9 -         -9  -9  -9  2368 -9.0 -9.00 -9  20.5  23.7  24.8  25.1  25.4  -9 -9.0 -9  3 -9
202606290300 108  27  1.5  -9 -9.0   -9 1001.3 1011.2  0   0.1  22.0  17.5  76.0  20.0   -9.0   -9.0   -9.0   -9.0   -9.0   -9.0   -9.0 -9 -9 -                        0   0   -9 -         -9  -9  -9  1974 -9.0 -9.00 -9  20.3  23.4  24.5  24.8  25.3  -9 -9.0 -9  3  2
202606290400 108  27  1.6  -9 -9.0   -9 1001.4 1011.3 -9  -9.0  21.6  17.7  79.0  20.2   -9.0   -9.0   -9.0   -9.0   -9.0   -9.0   -9.0 -9 -9 -                        0   0   -9 -         -9  -9  -9  1619 -9.0 -9.00 -9  20.2  23.3  24.2  24.6  25.3  -9 -9.0 -9  3  2
202606290500 108  27  1.7  -9 -9.0   -9 1001.9 1011.8 -9  -9.0  21.7  19.0  85.0  22.0   -9.0   -9.0   -9.0   -9.0   -9.0   -9.0   -9.0 10  0 19                       0   0   -9 -         -9  -9  -9   720 -9.0 -9.00 -9  20.4  23.1  24.0  24.4  25.2  -9 -9.0 -9  3  1
202606290600 108  29  1.5  -9 -9.0   -9 1002.1 1012.0  2   0.8  22.0  19.3  85.0  22.4   -9.0   -9.0   -9.0   -9.0   -9.0   -9.0   -9.0 10  0 19                       4   4    3 -         -9  -9  -9   575  0.0  0.04 -9  21.3  22.8  23.9  24.2  25.0  -9 -9.0 -9  3  1
202606290700 108  23  1.6  -9 -9.0   -9 1002.5 1012.4 -9  -9.0  22.5  19.2  82.0  22.2   -9.0   -9.0   -9.0   -9.0   -9.0   -9.0   -9.0 10 22 19                       6   6    3 -         -9  -9  -9   656  0.0  0.40 -9  22.3  23.0  24.0  24.2  24.9  -9 -9.0 -9  3  1
202606290800 108  29  0.9  -9 -9.0   -9 1002.4 1012.3 -9  -9.0  23.0  19.1  79.0  22.1   -9.0   -9.0   -9.0   -9.0   -9.0   -9.0   -9.0 10 22 19                       8   8    5 -         -9  -9  -9   792  0.0  0.52 -9  24.0  23.1  24.1  24.3  24.8  -9 -9.0 -9  3  1
202606290900 108  29  1.3  -9 -9.0   -9 1002.5 1012.3  0   0.3  24.1  19.3  75.0  22.4   -9.0   -9.0   -9.0   -9.0   -9.0   -9.0   -9.0 10  0 19                       2   2    5 -         -9  -9  -9   909  0.2  1.08 -9  25.3  23.6  24.4  24.5  24.8  -9 -9.0 -9  3  1
202606291000 108  32  1.6  -9 -9.0   -9 1002.5 1012.2 -9  -9.0  26.3  20.3  70.0  23.8   -9.0   -9.0   -9.0   -9.0   -9.0   -9.0   -9.0 -9 -9 19                       1   1    6 -         -9  -9  -9  1203  0.8  2.31 -9  36.5  23.6  25.0  25.0  24.7  -9 -9.0 -9  3  2
202606291100 108  27  2.2  -9 -9.0   -9 1002.4 1012.1 -9  -9.0  28.0  20.0  62.0  23.4   -9.0   -9.0   -9.0   -9.0   -9.0   -9.0   -9.0 -9 -9 -                        2   1    6 -         -9  -9  -9  1258  1.0  2.98 -9  42.0  24.5  25.9  25.7  24.6  -9 -9.0 -9  3  2
202606291200 108  27  2.0  -9 -9.0   -9 1002.2 1011.8  7  -0.5  29.1  20.2  59.0  23.7   -9.0   -9.0   -9.0   -9.0   -9.0   -9.0   -9.0 -9 -9 -                        2   1   10 -         -9  -9  -9  1444  1.0  2.93 -9  45.5  26.7  26.8  26.3  24.6  -9 -9.0 -9  3  2
202606291300 108  25  1.9  -9 -9.0   -9 1001.8 1011.4 -9  -9.0  30.4  19.7  53.0  22.9   -9.0   -9.0   -9.0   -9.0   -9.0   -9.0   -9.0 -9 -9 -                        2   2   10 -         -9  -9  -9  1636  1.0  3.50 -9  50.4  26.7  27.8  27.1  24.7  -9 -9.0 -9  3  2
202606291400 108  23  2.3  -9 -9.0   -9 1001.2 1010.7 -9  -9.0  32.0  19.9  49.0  23.2   -9.0   -9.0   -9.0   -9.0   -9.0   -9.0   -9.0 -9 -9 -                        5   3   13 -         -9  -9  -9  1989  1.0  3.51 -9  52.3  28.8  28.6  27.8  24.8  -9 -9.0 -9  3  2
202606291500 108  27  2.4  -9 -9.0   -9 1000.8 1010.3  7  -1.5  32.2  19.4  47.0  22.5   -9.0   -9.0   -9.0   -9.0   -9.0   -9.0   -9.0 -9 -9 -                        6   4   14 -         -9  -9  -9  2183  0.9  3.17 -9  50.1  29.5  29.3  28.4  24.9  -9 -9.0 -9  3  2
202606291600 108  29  1.8  -9 -9.0   -9 1000.6 1010.2 -9  -9.0  31.2  19.2  49.0  22.2   -9.0   -9.0   -9.0   -9.0   -9.0   -9.0   -9.0 -9 -9 -                        5   5   15 -         -9  -9  -9  2230  0.3  1.37 -9  36.4  29.6  29.4  28.6  25.1  -9 -9.0 -9  3  2
202606291700 108  25  3.8  -9 -9.0   -9 1000.5 1010.1 -9  -9.0  31.1  20.3  53.0  23.8   -9.0   -9.0   -9.0   -9.0   -9.0   -9.0   -9.0 -9 -9 -                        3   1   10 -         -9  -9  -9  2757  0.6  1.42 -9  37.9  27.8  29.2  28.7  25.3  -9 -9.0 -9  3  2
202606291800 108  27  3.4  -9 -9.0   -9 1000.5 1010.1  6  -0.2  30.3  20.5  56.0  24.1   -9.0   -9.0   -9.0   -9.0   -9.0   -9.0   -9.0 -9 -9 -                        1   1   10 -         -9  -9  -9  2594  1.0  1.28 -9  32.5  28.0  29.1  28.7  25.5  -9 -9.0 -9  3  2
202606291900 108  27  2.9  -9 -9.0   -9 1001.1 1010.8 -9  -9.0  28.2  19.6  60.0  22.8   -9.0   -9.0   -9.0   -9.0   -9.0   -9.0   -9.0 -9 -9 -                        0   0   -9 -         -9  -9  -9  2797  1.0  0.58 -9  28.9  28.6  28.7  28.5  25.7  -9 -9.0 -9  3 -9
202606292000 108  27  2.5  -9 -9.0   -9 1001.5 1011.2 -9  -9.0  26.7  18.8  62.0  21.7   -9.0   -9.0   -9.0   -9.0   -9.0   -9.0   -9.0 -9 -9 -                        3   1   -9 -         -9  -9  -9  2859  0.0  0.11 -9  26.1  27.8  28.2  28.1  25.8  -9 -9.0 -9  3 -9
202606292100 108  27  1.2  -9 -9.0   -9 1002.1 1011.9  2   1.8  25.7  18.1  63.0  20.8   -9.0   -9.0   -9.0   -9.0   -9.0   -9.0   -9.0 -9 -9 -                        3   1   18 -         -9  -9  -9  2899 -9.0 -9.00 -9  23.8  26.3  27.6  27.7  25.9  -9 -9.0 -9  3  2
202606292200 108  25  1.7  -9 -9.0   -9 1002.4 1012.2 -9  -9.0  24.6  17.0  63.0  19.4   -9.0   -9.0   -9.0   -9.0   -9.0   -9.0   -9.0 -9 -9 -                        3   1   -9 -         -9  -9  -9  2952 -9.0 -9.00 -9  23.4  26.3  27.1  27.2  26.0  -9 -9.0 -9  3 -9
202606292300 108  27  1.9  -9 -9.0   -9 1002.5 1012.3 -9  -9.0  24.1  17.5  67.0  20.0   -9.0   -9.0   -9.0   -9.0   -9.0   -9.0   -9.0 -9 -9 -                        7   1   58 -         -9  -9  -9  2881 -9.0 -9.00 -9  23.1  26.1  26.6  26.8  26.0  -9 -9.0 -9  3 -9
202606300000 108  25  2.9  -9 -9.0   -9 1002.6 1012.4  2   0.5  23.8  17.9  70.0  20.5   -9.0   -9.0   -9.0   -9.0   -9.0   -9.0   -9.0 -9 -9 -                        6   6   57 -         -9  -9  -9  2637 -9.0 -9.00 -9  22.9  25.7  26.2  26.5  26.0  -9 -9.0 -9  3  2
202606300100 108  25  2.4  -9 -9.0   -9 1002.6 1012.4 -9  -9.0  23.6  18.0  71.0  20.6   -9.0   -9.0   -9.0   -9.0   -9.0   -9.0   -9.0 -9 -9 -                        7   5   57 -         -9  -9  -9  2606 -9.0 -9.00 -9  22.5  25.4  25.9  26.2  26.0  -9 -9.0 -9  3 -9
202606300200 108  25  1.4  -9 -9.0   -9 1003.0 1012.8 -9  -9.0  23.4  18.2  73.0  20.9   -9.0   -9.0   -9.0   -9.0   -9.0   -9.0   -9.0 -9 -9 -                        8   1   19 -         -9  -9  -9  2642 -9.0 -9.00 -9  22.6  25.2  25.6  25.9  25.9  -9 -9.0 -9  3 -9
202606300300 108  25  2.3  -9 -9.0   -9 1003.1 1012.9  2   0.5  23.4  16.4  65.0  18.6   -9.0   -9.0   -9.0   -9.0   -9.0   -9.0   -9.0 -9 -9 -                       10   6   19 -         -9  -9  -9  3095 -9.0 -9.00 -9  22.9  25.0  25.4  25.7  25.8  -9 -9.0 -9  3  2
202606300400 108  27  1.1  -9 -9.0   -9 1002.5 1012.3 -9  -9.0  23.2  16.0  64.0  18.2   -9.0   -9.0   -9.0   -9.0   -9.0   -9.0   -9.0 -9 -9 -                        7   6   19 -         -9  -9  -9  3463 -9.0 -9.00 -9  21.8  24.1  25.2  25.5  25.7  -9 -9.0 -9  3  2
202606300500 108  34  1.3  -9 -9.0   -9 1002.6 1012.5 -9  -9.0  23.0  16.7  68.0  19.0   -9.0   -9.0   -9.0   -9.0   -9.0   -9.0   -9.0 -9 -9 -                        9   0   -9 -         -9  -9  -9  2875 -9.0 -9.00 -9  21.5  23.8  25.0  25.3  25.7  -9 -9.0 -9  3  2
202606300600 108  29  0.9  -9 -9.0   -9 1002.9 1012.8  5  -0.1  22.9  16.9  69.0  19.2   -9.0   -9.0   -9.0   -9.0   -9.0   -9.0   -9.0 -9 -9 -                        7   1   19 -         -9  -9  -9  2749  0.0  0.04 -9  22.6  24.5  24.9  25.1  25.6  -9 -9.0 -9  3  2
202606300700 108  27  1.4  -9 -9.0   -9 1002.8 1012.6 -9  -9.0  23.4  17.6  70.0  20.1   -9.0   -9.0   -9.0   -9.0   -9.0   -9.0   -9.0 -9 -9 -                        4   4   19 -         -9  -9  -9  2597  0.1  0.39 -9  23.8  24.5  24.8  25.1  25.5  -9 -9.0 -9  3  2
202606300800 108  29  1.9  -9 -9.0   -9 1003.2 1013.0 -9  -9.0  24.5  17.9  67.0  20.5   -9.0   -9.0   -9.0   -9.0   -9.0   -9.0   -9.0 -9 -9 -                        3   1   -9 -         -9  -9  -9  2583  1.0  0.99 -9  26.0  24.9  25.0  25.2  25.4  -9 -9.0 -9  3  2
202606300900 108  27  2.2  -9 -9.0   -9 1003.3 1013.1  3   0.3  25.6  17.5  61.0  20.0   -9.0   -9.0   -9.0   -9.0   -9.0   -9.0   -9.0 -9 -9 -                        7   3   21 -         -9  -9  -9  2745  0.3  1.35 -9  29.0  24.1  25.3  25.4  25.3  -9 -9.0 -9  3  2
202606301000 108  25  1.6  -9 -9.0   -9 1002.9 1012.6 -9  -9.0  26.9  17.9  58.0  20.5   -9.0   -9.0   -9.0   -9.0   -9.0   -9.0   -9.0 -9 -9 -                        2   2   28 -         -9  -9  -9  2829  0.8  2.25 -9  38.7  24.9  25.8  25.8  25.2  -9 -9.0 -9  3  2
202606301100 108  29  2.2  -9 -9.0   -9 1002.4 1012.1 -9  -9.0  28.3  17.7  53.0  20.2   -9.0   -9.0   -9.0   -9.0   -9.0   -9.0   -9.0 -9 -9 -                        7   0   -9 -         -9  -9  -9  3010  1.0  2.89 -9  46.0  26.7  26.6  26.3  25.2  -9 -9.0 -9  3  2
202606301200 108   7  0.8  -9 -9.0   -9 1001.8 1011.4  7  -1.7  29.6  18.3  51.0  21.0   -9.0   -9.0   -9.0   -9.0   -9.0   -9.0   -9.0 -9 -9 -                        8   0   -9 -         -9  -9  -9  2186  1.0  3.13 -9  49.8  27.7  27.5  27.0  25.2  -9 -9.0 -9  3  2
202606301300 108  25  3.1  -9 -9.0   -9 1001.5 1011.1 -9  -9.0  30.1  18.5  50.0  21.3   -9.0   -9.0   -9.0   -9.0   -9.0   -9.0   -9.0 -9 -9 -                        8   1   15 -         -9  -9  -9  2958  1.0  2.76 -9  45.8  28.5  28.2  27.6  25.2  -9 -9.0 -9  3  2
202606301400 108  29  1.9  -9 -9.0   -9 1000.7 1010.3 -9  -9.0  30.5  18.5  49.0  21.3   -9.0   -9.0   -9.0   -9.0   -9.0   -9.0   -9.0 -9 -9 -                        7   1   16 -         -9  -9  -9  2154  0.6  2.48 -9  50.1  28.7  28.7  28.0  25.3  -9 -9.0 -9  3  2
202606301500 108  18  1.7  -9 -9.0   -9 1000.2 1009.7  7  -1.7  31.6  18.9  47.0  21.8   -9.0   -9.0   -9.0   -9.0   -9.0   -9.0   -9.0 -9 -9 -                        7   7   15 -         -9  -9  -9  2212  0.9  2.78 -9  47.9  29.3  29.2  28.5  25.4  -9 -9.0 -9  3  2
202606301600 108  27  3.1  -9 -9.0   -9  999.7 1009.3 -9  -9.0  30.6  18.9  50.0  21.8   -9.0   -9.0   -9.0   -9.0   -9.0   -9.0   -9.0 -9 -9 -                        8   3   14 -         -9  -9  -9  2653  0.6  1.96 -9  40.0  29.6  29.4  28.7  25.5  -9 -9.0 -9  3  2
202606301700 108  25  4.2  -9 -9.0   -9  999.6 1009.2 -9  -9.0  30.2  18.9  51.0  21.8   -9.0   -9.0   -9.0   -9.0   -9.0   -9.0   -9.0 -9 -9 -                        7   2   15 -         -9  -9  -9  2618  0.6  1.48 -9  38.0  29.3  29.2  28.8  25.7  -9 -9.0 -9  3  2
202606301800 108  29  3.5  -9 -9.0   -9  999.6 1009.2  6  -0.5  29.7  18.1  50.0  20.8   -9.0   -9.0   -9.0   -9.0   -9.0   -9.0   -9.0 -9 -9 -                        5   0   -9 -         -9  -9  -9  2849  0.9  1.24 -9  34.6  29.0  29.0  28.7  25.9  -9 -9.0 -9  3  2
202606301900 108  27  3.4  -9 -9.0   -9  999.6 1009.2 -9  -9.0  28.3  16.5  49.0  18.8   -9.0   -9.0   -9.0   -9.0   -9.0   -9.0   -9.0 -9 -9 -                        7   1   -9 -         -9  -9  -9  3114  0.3  0.46 -9  29.9  28.5  28.7  28.5  26.0  -9 -9.0 -9  3 -9
202606302000 108  27  2.8  -9 -9.0   -9  999.9 1009.6 -9  -9.0  27.1  17.2  55.0  19.6   -9.0   -9.0   -9.0   -9.0   -9.0   -9.0   -9.0 -9 -9 -                        8   1   -9 -         -9  -9  -9  3187  0.0  0.11 -9  26.7  27.8  28.2  28.1  26.1  -9 -9.0 -9  3 -9
202606302100 108  29  2.4  -9 -9.0   -9 1000.2 1009.9  2   0.7  26.4  15.1  50.0  17.2   -9.0   -9.0   -9.0   -9.0   -9.0   -9.0   -9.0 -9 -9 -                        9   0   -9 -         -9  -9  -9  3601 -9.0 -9.00 -9  25.4  27.2  27.7  27.8  26.2  -9 -9.0 -9  3  2
202606302200 108  29  2.6  -9 -9.0   -9 1000.4 1010.1 -9  -9.0  25.9  15.2  52.0  17.3   -9.0   -9.0   -9.0   -9.0   -9.0   -9.0   -9.0 -9 -9 -                        9   7   69 -         -9  -9  -9  3238 -9.0 -9.00 -9  24.7  26.7  27.2  27.4  26.3  -9 -9.0 -9  3 -9
202606302300 108  29  2.8  -9 -9.0   -9 1000.3 1010.0 -9  -9.0  25.6  15.3  53.0  17.4   -9.0   -9.0   -9.0   -9.0   -9.0   -9.0   -9.0 -9 -9 -                        9   9   57 -         -9  -9  -9  3352 -9.0 -9.00 -9  24.5  26.3  26.8  27.0  26.3  -9 -9.0 -9  3 -9
202607010000 108  29  2.1  -9 -9.0   -9 1000.0 1009.8  8  -0.1  24.9  16.3  59.0  18.5   -9.0   -9.0   -9.0   -9.0   -9.0   -9.0   -9.0 -9 -9 -                        9   0   -9 -         -9  -9  -9  3317 -9.0 -9.00 -9  23.8  26.0  26.5  26.7  26.2  -9 -9.0 -9  3  2
202607010100 108  29  1.5  -9 -9.0   -9  999.5 1009.3 -9  -9.0  24.5  16.2  60.0  18.4   -9.0   -9.0   -9.0   -9.0   -9.0   -9.0   -9.0 -9 -9 -                       10   7   56 -         -9  -9  -9  3223 -9.0 -9.00 -9  23.6  25.7  26.2  26.4  26.2  -9 -9.0 -9  3 -9
202607010200 108  27  0.6  -9 -9.0   -9  998.8 1008.6 -9  -9.0  24.2  16.1  61.0  18.3   -9.0   -9.0   -9.0   -9.0   -9.0   -9.0   -9.0 -9 -9 -                       10  10   50 -         -9  -9  -9  3271 -9.0 -9.00 -9  23.5  25.4  25.9  26.2  26.1  -9 -9.0 -9  3 -9
202607010300 108  27  0.9  -9 -9.0   -9  998.7 1008.5  7  -1.3  24.0  16.5  63.0  18.8   -9.0   -9.0   -9.0   -9.0   -9.0   -9.0   -9.0 -9 -9 -                       10   3   15 -         -9  -9  -9  3250 -9.0 -9.00 -9  23.4  25.3  25.7  26.0  26.1  -9 -9.0 -9  3  2
202607010400 108  29  0.9  -9 -9.0   -9  998.4 1008.2 -9  -9.0  23.8  16.0  62.0  18.2   -9.0   -9.0   -9.0   -9.0   -9.0   -9.0   -9.0 -9 -9 -                       10   5   14 -         -9  -9  -9  3074 -9.0 -9.00 -9  23.2  25.1  25.6  25.8  26.0  -9 -9.0 -9  3  2
#7777END
