#START7777
#2345678901234567890123456789012345678901234567890123456789012345678901234567890123456789012345678901234567890123456789012345678901234567890123456789012345678901234567890123456789012345678901234567890123456789012345678901234567890123456789012345678901234
# YYMMDDHHMI STN  WD   WS GST  GST  GST     PA     PS PT    PR    TA    TD    HM    PV     RN     RN     RN     RN     SD     SD     SD WC WP WW                      CA  CA   CH CT        CT  CT  CT    VS   SS    SI ST    TS    TE    TE    TE    TE  ST   WH BF IR IX
#        KST  ID  16  m/s  WD   WS   TM    hPa    hPa  -   hPa     C     C     %   hPa     mm    DAY    JUN    INT    HR3    DAY    TOT -- -- ---------------------- TOT MID  MIN -------- TOP MID LOW                  GD     C     5    10    20    30 SEA    m --  -  -
202507010000 108  18  2.6  -9 -9.0   -9 1000.9 1010.5  0   1.0  27.7  23.2  77.0  28.4   -9.0   -9.0   -9.0   -9.0   -9.0   -9.0   -9.0 -9 -9 -                        8   8    7 Sc         0   0   5  4206 -9.0 -9.00 -9  25.1  25.8  25.0  22.6  21.0  -9 -9.0 -9  3  2
202507010100 108  20  2.6  -9 -9.0   -9 1000.8 1010.5 -9  -9.0  27.4  23.4  79.0  28.8   -9.0   -9.0   -9.0   -9.0   -9.0   -9.0   -9.0 -9 -9 -                        6   6    5 -         -9  -9  -9  3695 -9.0 -9.00 -9  25.0  25.6  24.8  22.6  21.1  -9 -9.0 -9  3 -9
202507010200 108  20  2.7  -9 -9.0   -9 1000.9 1010.6 -9  -9.0  27.1  23.5  81.0  28.9   -9.0   -9.0   -9.0   -9.0   -9.0   -9.0   -9.0 -9 -9 -                        6   6    4 -         -9  -9  -9  2404 -9.0 -9.00 -9  25.0  25.5  24.7  22.6  21.1  -9 -9.0 -9  3 -9
202507010300 108  23  2.6  -9 -9.0   -9 1001.2 1010.9  2   0.4  26.9  23.5  82.0  28.9   -9.0   -9.0   -9.0   -9.0   -9.0   -9.0   -9.0 -9 -9 -                        7   7    8 Sc         0   0   5  2644 -9.0 -9.00 -9  24.8  25.4  24.6  22.5  21.1  -9 -9.0 -9  3  2
202507010400 108  20  3.2  -9 -9.0   -9 1001.4 1011.1 -9  -9.0  26.7  23.7  84.0  29.3   -9.0   -9.0   -9.0   -9.0   -9.0   -9.0   -9.0 -9 -9 -                        8   8    8 Sc         0   0   5  3107 -9.0 -9.00 -9  24.7  25.2  24.5  22.4  21.1  -9 -9.0 -9  3  2
202507010500 108  20  2.9  -9 -9.0   -9 1001.5 1011.2 -9  -9.0  26.7  23.7  84.0  29.3    0.0    0.0    0.0   -9.0   -9.0   -9.0   -9.0 60 62 01                      10   6    7 ScAs      -9   2   5  2683 -9.0 -9.00 -9  24.7  25.1  24.4  22.4  21.0  -9 -9.0 -9  4  1
202507010600 108  23  2.0  -9 -9.0   -9 1001.8 1011.5  2   0.6  26.5  24.1  87.0  30.0    0.0    0.0    0.0   -9.0   -9.0   -9.0   -9.0 60 66 01                      10   7    7 ScAs      -9   2   5  2172  0.0  0.02 -9  24.9  25.0  24.3  22.4  21.0  -9 -9.0 -9  4  1
202507010700 108  20  2.4  -9 -9.0   -9 1002.0 1011.7 -9  -9.0  26.4  24.8  91.0  31.3    0.1    0.1    0.1   -9.0   -9.0   -9.0   -9.0 60 66 01                      10   7    6 ScAs      -9   2   5  1059  0.0  0.13 -9  25.6  25.0  24.2  22.3  21.0  -9 -9.0 -9  4  1
202507010800 108  20  3.1  -9 -9.0   -9 1002.2 1011.9 -9  -9.0  26.4  24.8  91.0  31.3    0.8    0.9    0.9   -9.0   -9.0   -9.0   -9.0 60 66 01                      10   6    6 ScAs      -9   2   5  1527  0.0  0.31 -9  26.7  25.0  24.2  22.2  21.0  -9 -9.0 -9  4  1
202507010900 108  20  2.7  -9 -9.0   -9 1002.2 1011.9  1   0.4  27.0  24.8  88.0  31.3    0.0    0.9    0.9   -9.0   -9.0   -9.0   -9.0 21 62 01                       9   9    6 Sc         0   0   5  2044  0.0  0.65 -9  27.8  25.3  24.4  22.2  21.0  -9 -9.0 -9  1  1
202507011000 108  18  2.9  -9 -9.0   -9 1002.5 1012.2 -9  -9.0  28.1  24.9  83.0  31.5    0.0    0.9    0.9   -9.0   -9.0   -9.0   -9.0 21 62 01                       8   8    6 Sc         0   0   5  2667  0.0  1.01 -9  30.0  25.5  24.6  22.2  21.0  -9 -9.0 -9  4  1
202507011100 108  23  2.8  -9 -9.0   -9 1002.3 1011.9 -9  -9.0  29.1  24.8  78.0  31.3    0.0    0.9    0.9   -9.0   -9.0   -9.0   -9.0 21 62 01                       8   8    7 Sc         0   0   5  3215  0.2  1.65 -9  33.4  26.0  25.1  22.2  21.0  -9 -9.0 -9  4  1
202507011200 108  23  3.3  -9 -9.0   -9 1002.0 1011.6  8  -0.3  29.8  24.8  75.0  31.3   -9.0    0.9    0.9   -9.0   -9.0   -9.0   -9.0 -9 62 -                        7   7    7 Sc         0   0   5  3232  0.3  1.76 -9  34.1  26.4  25.6  22.3  21.0  -9 -9.0 -9  3  1
202507011300 108  20  3.2  -9 -9.0   -9 1001.7 1011.3 -9  -9.0  31.3  25.4  71.0  32.4   -9.0    0.9    0.9   -9.0   -9.0   -9.0   -9.0 -9 -9 -                        6   6    7 Sc         0   0   5  4466  0.5  2.47 -9  36.5  23.4  26.3  22.4  21.0  -9 -9.0 -9  3  2
202507011400 108  23  2.8  -9 -9.0   -9 1001.3 1010.8 -9  -9.0  31.6  25.2  69.0  32.1   -9.0    0.9    0.9   -9.0   -9.0   -9.0   -9.0 -9 -9 -                        7   7    7 Cu         0   0   2  3223  0.6  2.83 -9  34.4  24.6  27.0  22.5  21.0  -9 -9.0 -9  3  2
202507011500 108  23  3.8  -9 -9.0   -9 1001.4 1011.0  5  -0.6  31.2  24.8  69.0  31.3   -9.0    0.9    0.9   -9.0   -9.0   -9.0   -9.0 -9 62 -                        6   6    7 Cu         0   0   2  3422  0.3  1.79 -9  32.2  25.0  27.5  22.7  21.0  -9 -9.0 -9  3  1
202507011600 108  25  3.4  -9 -9.0   -9 1001.3 1010.8 -9  -9.0  31.6  25.2  69.0  32.1   -9.0    0.9    0.9   -9.0   -9.0   -9.0   -9.0 -9 -9 -                        4   4    7 Cu         0   0   2  3897  0.5  1.80 -9  33.9  25.0  27.5  22.8  21.0  -9 -9.0 -9  3  2
202507011700 108  25  4.7  -9 -9.0   -9 1000.9 1010.5 -9  -9.0  31.2  24.5  68.0  30.7   -9.0    0.9    0.9   -9.0   -9.0   -9.0   -9.0 -9 -9 -                        6   6    8 CuSc       0   0   8  3794  0.5  1.41 -9  31.5  25.1  27.6  23.2  21.2  -9 -9.0 -9  3  2
202507011800 108  25  3.1  -9 -9.0   -9 1000.7 1010.3  7  -0.7  31.1  24.7  69.0  31.1   -9.0    0.9    0.9   -9.0   -9.0   -9.0   -9.0 -9 -9 -                        6   6    7 CuSc       0   0   8  3257  0.6  1.13 -9  30.1  25.2  27.5  23.4  21.3  -9 -9.0 -9  3  2
202507011900 108  20  2.7  -9 -9.0   -9 1001.2 1010.8 -9  -9.0  30.1  24.2  71.0  30.2   -9.0    0.9    0.9   -9.0   -9.0   -9.0   -9.0 -9 -9 -                        5   5    7 -         -9  -9  -9  3467  0.1  0.34 -9  27.6  24.9  27.3  23.4  21.2  -9 -9.0 -9  3 -9
202507012000 108  20  3.2  -9 -9.0   -9 1001.5 1011.1 -9  -9.0  29.4  24.2  74.0  30.2   -9.0    0.9    0.9   -9.0   -9.0   -9.0   -9.0 -9 -9 -                        3   3    6 -         -9  -9  -9  3598  0.2  0.08 -9  27.3  28.0  27.0  23.4  21.3  -9 -9.0 -9  3 -9
202507012100 108  25  2.9  -9 -9.0   -9 1001.9 1011.6  2   1.3  28.6  24.3  78.0  30.4   -9.0    0.9    0.9   -9.0   -9.0   -9.0   -9.0 -9 -9 -                        3   3    7 Sc         0   0   5  3643 -9.0 -9.00 -9  26.4  27.6  26.6  23.5  21.3  -9 -9.0 -9  3  2
202507012200 108  23  2.9  -9 -9.0   -9 1002.2 1011.9 -9  -9.0  28.3  24.3  79.0  30.4   -9.0    0.9    0.9   -9.0   -9.0   -9.0   -9.0 -9 -9 -                        3   2    7 -         -9  -9  -9  3144 -9.0 -9.00 -9  25.8  27.1  26.3  23.4  21.4  -9 -9.0 -9  3 -9
202507012300 108  18  3.2  -9 -9.0   -9 1001.7 1011.4 -9  -9.0  28.0  24.4  81.0  30.6   -9.0    0.9    0.9   -9.0   -9.0   -9.0   -9.0 -9 -9 -                        0   0   -9 -         -9  -9  -9  3086 -9.0 -9.00 -9  25.8  26.9  26.0  23.4  21.5  -9 -9.0 -9  3 -9
202507020000 108  20  2.6  -9 -9.0   -9 1001.8 1011.4  6  -0.2  27.8  24.2  81.0  30.2   -9.0    0.9    0.9   -9.0   -9.0   -9.0   -9.0 -9 -9 -                        8   8   10 Sc         0   0   5  3165 -9.0 -9.00 -9  25.6  26.5  25.7  23.4  21.6  -9 -9.0 -9  3  2
202507020100 108  20  1.9  -9 -9.0   -9 1002.0 1011.7 -9  -9.0  27.4  24.0  82.0  29.8   -9.0   -9.0   -9.0   -9.0   -9.0   -9.0   -9.0 -9 -9 -                        2   2    4 -         -9  -9  -9  2762 -9.0 -9.00 -9  25.5  26.4  25.6  23.4  21.6  -9 -9.0 -9  3 -9
202507020200 108  20  3.2  -9 -9.0   -9 1002.0 1011.7 -9  -9.0  27.2  23.8  82.0  29.5   -9.0   -9.0   -9.0   -9.0   -9.0   -9.0   -9.0 -9 -9 -                        0   0   -9 -         -9  -9  -9  2903 -9.0 -9.00 -9  25.1  26.2  25.4  23.3  21.6  -9 -9.0 -9  3 -9
202507020300 108  20  2.5  -9 -9.0   -9 1002.3 1012.0  2   0.6  27.0  23.8  83.0  29.5   -9.0   -9.0   -9.0   -9.0   -9.0   -9.0   -9.0 -9 -9 -                        9   9   10 Sc         0   0   5  2531 -9.0 -9.00 -9  25.3  26.0  25.2  23.2  21.6  -9 -9.0 -9  3  2
202507020400 108  18  2.5  -9 -9.0   -9 1002.1 1011.8 -9  -9.0  27.0  24.0  84.0  29.8   -9.0   -9.0   -9.0   -9.0   -9.0   -9.0   -9.0 -9 -9 -                        9   9   10 Sc         0   0   5  2443 -9.0 -9.00 -9  25.3  25.8  25.1  23.2  21.7  -9 -9.0 -9  3  2
202507020500 108  20  2.4  -9 -9.0   -9 1002.2 1011.9 -9  -9.0  26.9  23.9  84.0  29.7   -9.0   -9.0   -9.0   -9.0   -9.0   -9.0   -9.0 -9 -9 -                        9   6   10 ScAc       0   3   5  3781 -9.0 -9.00 -9  25.2  25.8  25.0  23.1  21.7  -9 -9.0 -9  3  2
202507020600 108  18  2.6  -9 -9.0   -9 1002.4 1012.1  3   0.1  26.8  23.6  83.0  29.1   -9.0   -9.0   -9.0   -9.0   -9.0   -9.0   -9.0 -9 -9 -                        9   5    9 ScAc       0   3   5  3866  0.0  0.04 -9  25.3  25.7  24.9  23.0  21.6  -9 -9.0 -9  3  2
202507020700 108  18  3.4  -9 -9.0   -9 1002.5 1012.2 -9  -9.0  27.0  23.6  82.0  29.1   -9.0   -9.0   -9.0   -9.0   -9.0   -9.0   -9.0 -9 -9 -                        9   7    9 ScAc       0   3   5  3619  0.0  0.28 -9  26.3  25.6  24.8  22.9  21.6  -9 -9.0 -9  3  2
202507020800 108  20  2.7  -9 -9.0   -9 1003.0 1012.7 -9  -9.0  27.4  23.8  81.0  29.5   -9.0   -9.0   -9.0   -9.0   -9.0   -9.0   -9.0 -9 -9 -                        9   9    9 Sc         0   0   5  3114  0.0  0.40 -9  26.8  25.7  24.9  22.9  21.6  -9 -9.0 -9  3  2
202507020900 108  20  3.5  -9 -9.0   -9 1003.0 1012.7  1   0.6  28.2  24.2  79.0  30.2   -9.0   -9.0   -9.0   -9.0   -9.0   -9.0   -9.0 -9 -9 -                        8   7    8 ScAc       0   3   5  2912  0.1  0.72 -9  28.9  25.8  25.0  22.9  21.6  -9 -9.0 -9  3  2
202507021000 108  20  3.7  -9 -9.0   -9 1002.8 1012.5 -9  -9.0  28.8  24.3  77.0  30.4   -9.0   -9.0   -9.0   -9.0   -9.0   -9.0   -9.0 -9 -9 -                        9   7    8 ScAc       0   3   5  3186  0.2  1.25 -9  29.7  26.2  25.4  22.9  21.6  -9 -9.0 -9  3  2
202507021100 108  23  3.2  -9 -9.0   -9 1002.5 1012.1 -9  -9.0  29.1  24.2  75.0  30.2   -9.0   -9.0   -9.0   -9.0   -9.0   -9.0   -9.0 -9 -9 -                        8   6    8 ScAc       0   3   5  2963  0.0  1.02 -9  30.7  26.5  25.7  22.9  21.6  -9 -9.0 -9  3  2
202507021200 108  23  4.3  -9 -9.0   -9 1002.3 1011.9  7  -0.8  30.2  23.8  69.0  29.5   -9.0   -9.0   -9.0   -9.0   -9.0   -9.0   -9.0 -9 -9 -                        8   5    7 ScCi       1   0   5  2673  0.4  1.89 -9  33.5  26.6  26.1  23.0  21.6  -9 -9.0 -9  3  2
202507021300 108  20  5.2  -9 -9.0   -9 1002.3 1011.9 -9  -9.0  30.6  23.7  67.0  29.3   -9.0   -9.0   -9.0   -9.0   -9.0   -9.0   -9.0 -9 -9 -                        9   6    8 ScCi       2   0   5  3163  0.3  2.00 -9  33.9  27.1  26.6  23.1  21.6  -9 -9.0 -9  3  2
202507021400 108  25  4.2  -9 -9.0   -9 1002.2 1011.8 -9  -9.0  30.2  23.8  69.0  29.5   -9.0   -9.0   -9.0   -9.0   -9.0   -9.0   -9.0 -9 -9 -                        9   7    9 ScCi       2   0   5  3334  0.0  1.09 -9  32.3  27.2  26.8  23.0  21.5  -9 -9.0 -9  3  2
202507021500 108  27  3.6  -9 -9.0   -9 1001.7 1011.3  7  -0.6  30.2  23.8  69.0  29.5    0.0    0.0    0.0   -9.0   -9.0   -9.0   -9.0 21 62 01                       9   7    8 ScCi       2   0   5  3270  0.1  1.30 -9  33.0  27.2  26.9  23.2  21.5  -9 -9.0 -9  4  1
202507021600 108  23  3.4  -9 -9.0   -9 1001.0 1010.6 -9  -9.0  30.4  23.3  66.0  28.6   -9.0    0.0    0.0   -9.0   -9.0   -9.0   -9.0 -9 -9 -                        9   3    9 ScCi       2   0   5  3154  0.0  1.39 -9  33.2  27.3  27.0  23.3  21.6  -9 -9.0 -9  3  2
202507021700 108  20  3.6  -9 -9.0   -9 1000.6 1010.2 -9  -9.0  30.6  22.4  62.0  27.1   -9.0    0.0    0.0   -9.0   -9.0   -9.0   -9.0 -9 -9 -                        8   2    9 ScCi       1   0   5  3827  0.4  1.38 -9  32.9  27.5  27.2  23.5  21.7  -9 -9.0 -9  3  2
202507021800 108  23  3.2  -9 -9.0   -9 1000.6 1010.2  6  -1.1  30.3  23.4  67.0  28.8   -9.0    0.0    0.0   -9.0   -9.0   -9.0   -9.0 -9 -9 -                        7   2    8 ScCi       1   0   5  3763  0.5  1.08 -9  30.8  27.6  27.2  23.5  21.7  -9 -9.0 -9  3  2
202507021900 108  18  3.2  -9 -9.0   -9 1000.2 1009.8 -9  -9.0  29.5  22.7  67.0  27.6   -9.0    0.0    0.0   -9.0   -9.0   -9.0   -9.0 -9 -9 -                        7   1    9 -         -9  -9  -9  3543  0.3  0.46 -9  27.7  26.8  27.1  23.5  21.7  -9 -9.0 -9  3 -9
202507022000 108  25  2.6  -9 -9.0   -9 1000.6 1010.2 -9  -9.0  28.8  23.0  71.0  28.1   -9.0    0.0    0.0   -9.0   -9.0   -9.0   -9.0 -9 -9 -                        7   2    8 -         -9  -9  -9  3232  0.0  0.10 -9  26.6  27.6  26.8  23.5  21.6  -9 -9.0 -9  3 -9
202507022100 108  27  2.9  -9 -9.0   -9 1001.0 1010.7  3   0.5  28.3  24.0  78.0  29.8   -9.0    0.0    0.0   -9.0   -9.0   -9.0   -9.0 -9 -9 -                        6   4    8 ScCi       1   0   5  2535 -9.0 -9.00 -9  26.1  27.2  26.4  23.6  21.7  -9 -9.0 -9  3  2
202507022200 108  27  2.1  -9 -9.0   -9 1001.3 1011.0 -9  -9.0  28.0  24.0  79.0  29.8   -9.0    0.0    0.0   -9.0   -9.0   -9.0   -9.0 -9 -9 -                        7   7    5 -         -9  -9  -9  2198 -9.0 -9.00 -9  26.0  26.8  26.1  23.6  21.8  -9 -9.0 -9  3 -9
202507022300 108  25  2.6  -9 -9.0   -9 1001.5 1011.2 -9  -9.0  27.8  24.2  81.0  30.2   -9.0    0.0    0.0   -9.0   -9.0   -9.0   -9.0 -9 -9 -                        8   7    4 -         -9  -9  -9  2201 -9.0 -9.00 -9  25.7  26.5  25.8  23.5  21.8  -9 -9.0 -9  3 -9
202507030000 108  25  2.1  -9 -9.0   -9 1001.4 1011.1  0   0.4  27.6  24.2  82.0  30.2   -9.0    0.0    0.0   -9.0   -9.0   -9.0   -9.0 -9 -9 -                        8   8   10 Sc         0   0   5  1577 -9.0 -9.00 -9  25.6  26.4  25.7  23.5  21.9  -9 -9.0 -9  3  2
202507030100 108  20  2.4  -9 -9.0   -9 1000.9 1010.6 -9  -9.0  27.4  24.4  84.0  30.6   -9.0   -9.0   -9.0   -9.0   -9.0   -9.0   -9.0 -9 -9 -                       10   4    4 -         -9  -9  -9  1657 -9.0 -9.00 -9  25.4  26.2  25.5  23.4  21.9  -9 -9.0 -9  3 -9
202507030200 108  23  2.2  -9 -9.0   -9 1000.4 1010.1 -9  -9.0  27.2  24.4  85.0  30.6   -9.0   -9.0   -9.0   -9.0   -9.0   -9.0   -9.0 -9 -9 -                       10   8    3 -         -9  -9  -9  1410 -9.0 -9.00 -9  25.4  26.1  25.4  23.3  21.8  -9 -9.0 -9  3 -9
202507030300 108  23  1.9  -9 -9.0   -9 1000.0 1009.7  7  -1.4  27.1  24.3  85.0  30.4   -9.0   -9.0   -9.0   -9.0   -9.0   -9.0   -9.0 -9 -9 -                        9   9   10 Sc         0   0   5  1176 -9.0 -9.00 -9  25.3  25.9  25.3  23.3  21.9  -9 -9.0 -9  3  2
202507030400 108  20  2.0  -9 -9.0   -9 1000.2 1009.9 -9  -9.0  27.0  24.6  87.0  30.9   -9.0   -9.0   -9.0   -9.0   -9.0   -9.0   -9.0 -9 -9 -                        9   9   13 Sc         0   0   5  1081 -9.0 -9.00 -9  25.3  25.8  25.1  23.2  21.9  -9 -9.0 -9  3  2
202507030500 108  18  2.1  -9 -9.0   -9 1000.4 1010.1 -9  -9.0  26.9  24.1  85.0  30.0   -9.0   -9.0   -9.0   -9.0   -9.0   -9.0   -9.0 -9 -9 -                        7   7    9 Sc         0   0   5  1246 -9.0 -9.00 -9  25.3  25.8  25.1  23.2  21.8  -9 -9.0 -9  3  2
202507030600 108  18  3.0  -9 -9.0   -9 1000.4 1010.1  1   0.4  26.8  24.0  85.0  29.8   -9.0   -9.0   -9.0   -9.0   -9.0   -9.0   -9.0 -9 -9 -                        8   8    9 Sc         0   0   5  1355  0.0  0.01 -9  25.3  25.7  25.0  23.1  21.8  -9 -9.0 -9  3  2
202507030700 108  18  3.3  -9 -9.0   -9 1000.8 1010.5 -9  -9.0  26.8  23.8  84.0  29.5   -9.0   -9.0   -9.0   -9.0   -9.0   -9.0   -9.0 -9 -9 -                        9   9    9 Sc         0   0   5  1573  0.0  0.09 -9  25.4  25.6  24.9  23.0  21.7  -9 -9.0 -9  3  2
202507030800 108  20  1.8  -9 -9.0   -9 1001.1 1010.8 -9  -9.0  27.0  23.8  83.0  29.5   -9.0   -9.0   -9.0   -9.0   -9.0   -9.0   -9.0 -9 -9 -                       10   7    9 ScAs      -9   2   5  1681  0.0  0.18 -9  26.3  25.7  24.9  23.0  21.7  -9 -9.0 -9  3  2
202507030900 108  20  3.7  -9 -9.0   -9 1001.1 1010.8  1   0.7  27.1  23.5  81.0  28.9   -9.0   -9.0   -9.0   -9.0   -9.0   -9.0   -9.0 -9 -9 -                       10   7    8 ScAs      -9   2   5  1782  0.0  0.39 -9  26.9  25.6  24.9  23.0  21.7  -9 -9.0 -9  3  2
202507031000 108  23  3.2  -9 -9.0   -9 1001.1 1010.8 -9  -9.0  27.5  23.7  80.0  29.3   -9.0   -9.0   -9.0   -9.0   -9.0   -9.0   -9.0 -9 -9 -                       10   8    7 ScAs      -9   2   5  1743  0.0  0.71 -9  28.9  25.9  25.1  22.9  21.7  -9 -9.0 -9  3  2
202507031100 108  23  2.8  -9 -9.0   -9 1000.8 1010.5 -9  -9.0  28.2  23.7  77.0  29.3   -9.0   -9.0   -9.0   -9.0   -9.0   -9.0   -9.0 -9 -9 -                        9   9    6 Sc         0   0   5  1915  0.0  0.85 -9  29.4  26.1  25.3  22.9  21.7  -9 -9.0 -9  3  2
202507031200 108  23  2.9  -9 -9.0   -9 1000.4 1010.0  7  -0.8  28.5  23.6  75.0  29.1    0.0    0.0    0.0   -9.0   -9.0   -9.0   -9.0 21 62 01                       9   9    6 Sc         0   0   5  1671  0.0  0.79 -9  29.7  26.3  25.5  22.9  21.7  -9 -9.0 -9  4  1
202507031300 108  23  4.2  -9 -9.0   -9 1000.0 1009.6 -9  -9.0  28.6  23.7  75.0  29.3   -9.0    0.0    0.0   -9.0   -9.0   -9.0   -9.0 -9 -9 -                        9   6   10 ScCi       2   0   5  1695  0.0  0.91 -9  32.2  26.7  25.8  23.0  21.6  -9 -9.0 -9  3  2
202507031400 108  23  2.9  -9 -9.0   -9  999.1 1008.7 -9  -9.0  30.0  23.6  69.0  29.1   -9.0    0.0    0.0   -9.0   -9.0   -9.0   -9.0 -9 -9 -                        9   4    9 ScCi       2   0   5  1819  0.5  2.29 -9  35.7  23.5  26.2  23.1  21.7  -9 -9.0 -9  3  2
202507031500 108  20  3.2  -9 -9.0   -9  998.3 1007.8  7  -2.2  31.5  23.0  61.0  28.1   -9.0    0.0    0.0   -9.0   -9.0   -9.0   -9.0 -9 62 -                        6   3   10 ScCi       1   0   5  1931  0.7  2.60 -9  38.8  24.3  26.8  23.3  21.8  -9 -9.0 -9  3  1
202507031600 108  20  3.5  -9 -9.0   -9  998.2 1007.7 -9  -9.0  31.1  22.6  61.0  27.4   -9.0    0.0    0.0   -9.0   -9.0   -9.0   -9.0 -9 -9 -                        3   3   11 Sc         0   0   5  1947  0.4  1.92 -9  35.0  26.7  27.5  23.2  21.7  -9 -9.0 -9  3  2
202507031700 108  23  4.0  -9 -9.0   -9  998.0 1007.5 -9  -9.0  31.5  21.6  56.0  25.8   -9.0    0.0    0.0   -9.0   -9.0   -9.0   -9.0 -9 -9 -                        3   2   10 ScCi       1   0   5  2414  0.7  1.62 -9  34.6  26.8  27.5  23.5  21.8  -9 -9.0 -9  3  2
202507031800 108  25  2.9  -9 -9.0   -9  997.8 1007.3  7  -0.5  30.5  22.6  63.0  27.4   -9.0    0.0    0.0   -9.0   -9.0   -9.0   -9.0 -9 -9 -                        5   1   11 ScCc       9   0   5  2455  0.3  0.76 -9  29.7  26.4  27.5  23.6  21.8  -9 -9.0 -9  3  2
202507031900 108  25  3.0  -9 -9.0   -9  998.0 1007.6 -9  -9.0  29.6  23.5  70.0  28.9   -9.0    0.0    0.0   -9.0   -9.0   -9.0   -9.0 -9 -9 -                        9   3    8 -         -9  -9  -9  2194  0.1  0.35 -9  28.9  27.8  27.2  23.7  21.9  -9 -9.0 -9  3 -9
202507032000 108  25  2.6  -9 -9.0   -9  998.2 1007.8 -9  -9.0  28.7  23.1  72.0  28.3   -9.0    0.0    0.0   -9.0   -9.0   -9.0   -9.0 -9 -9 -                        8   1    7 -         -9  -9  -9  2238  0.0  0.13 -9  27.2  27.7  26.9  23.8  21.9  -9 -9.0 -9  3 -9
202507032100 108  20  2.7  -9 -9.0   -9  998.4 1008.0  2   0.7  28.0  22.9  74.0  27.9   -9.0    0.0    0.0   -9.0   -9.0   -9.0   -9.0 -9 -9 -                        7   0   -9 Ci         1   0   0  2439 -9.0 -9.00 -9  26.1  27.2  26.5  23.8  21.9  -9 -9.0 -9  3  2
202507032200 108  23  2.3  -9 -9.0   -9  998.9 1008.6 -9  -9.0  27.5  22.8  76.0  27.7   -9.0    0.0    0.0   -9.0   -9.0   -9.0   -9.0 -9 -9 -                        7   1   58 -         -9  -9  -9  2413 -9.0 -9.00 -9  25.4  26.9  26.2  23.8  22.0  -9 -9.0 -9  3 -9
202507032300 108  20  2.2  -9 -9.0   -9  998.4 1008.1 -9  -9.0  27.0  23.0  79.0  28.1   -9.0    0.0    0.0   -9.0   -9.0   -9.0   -9.0 -9 -9 -                        8   8    6 -         -9  -9  -9  2544 -9.0 -9.00 -9  24.9  26.5  25.9  23.7  22.1  -9 -9.0 -9  3 -9
202507040000 108  23  3.1  -9 -9.0   -9  998.1 1007.8  8  -0.2  26.5  22.7  80.0  27.6   -9.0    0.0    0.0   -9.0   -9.0   -9.0   -9.0 -9 -9 -                        6   4    7 ScCi       1   0   5  2351 -9.0 -9.00 -9  24.4  26.2  25.6  23.7  22.1  -9 -9.0 -9  3  2
202507040100 108  20  2.9  -9 -9.0   -9  997.4 1007.1 -9  -9.0  26.3  22.5  80.0  27.2   -9.0   -9.0   -9.0   -9.0   -9.0   -9.0   -9.0 -9 -9 -                        4   4    4 -         -9  -9  -9  2348 -9.0 -9.00 -9  24.6  25.9  25.4  23.6  22.1  -9 -9.0 -9  3 -9
202507040200 108  18  3.8  -9 -9.0   -9  997.0 1006.7 -9  -9.0  26.1  22.5  81.0  27.2   -9.0   -9.0   -9.0   -9.0   -9.0   -9.0   -9.0 -9 -9 -                        8   8    5 -         -9  -9  -9  2350 -9.0 -9.00 -9  24.3  25.8  25.2  23.5  22.2  -9 -9.0 -9  3 -9
202507040300 108  23  2.6  -9 -9.0   -9  997.6 1007.3  5  -0.5  26.0  22.2  80.0  26.8   -9.0   -9.0   -9.0   -9.0   -9.0   -9.0   -9.0 -9 -9 -                        8   8    6 Sc         0   0   5  2196 -9.0 -9.00 -9  24.4  25.6  25.0  23.5  22.1  -9 -9.0 -9  3  2
202507040400 108  20  3.0  -9 -9.0   -9  997.4 1007.1 -9  -9.0  25.8  22.2  81.0  26.8   -9.0   -9.0   -9.0   -9.0   -9.0   -9.0   -9.0 -9 -9 -                        6   6    6 Sc         0   0   5  2192 -9.0 -9.00 -9  23.8  25.5  24.9  23.4  22.1  -9 -9.0 -9  3  2
202507040500 108  18  2.4  -9 -9.0   -9  997.8 1007.5 -9  -9.0  25.8  22.4  82.0  27.1   -9.0   -9.0   -9.0   -9.0   -9.0   -9.0   -9.0 -9 -9 -                        6   6    6 Sc         0   0   5  2119 -9.0 -9.00 -9  24.0  25.3  24.7  23.3  22.1  -9 -9.0 -9  3  2
202507040600 108  20  2.7  -9 -9.0   -9  998.0 1007.7  3   0.4  25.7  22.7  84.0  27.6   -9.0   -9.0   -9.0   -9.0   -9.0   -9.0   -9.0 -9 -9 -                        8   8    6 Sc         0   0   5  1984  0.0  0.04 -9  24.4  25.2  24.6  23.2  22.0  -9 -9.0 -9  3  2
202507040700 108  20  2.9  -9 -9.0   -9  998.0 1007.7 -9  -9.0  26.0  22.6  82.0  27.4   -9.0   -9.0   -9.0   -9.0   -9.0   -9.0   -9.0 -9 -9 -                        8   8    6 Sc         0   0   5  2018  0.0  0.24 -9  25.2  25.1  24.5  23.1  22.0  -9 -9.0 -9  3  2
202507040800 108  18  2.3  -9 -9.0   -9  997.8 1007.5 -9  -9.0  26.6  22.4  78.0  27.1   -9.0   -9.0   -9.0   -9.0   -9.0   -9.0   -9.0 -9 -9 -                        9   7    6 ScCi       2   0   5  2179  0.0  0.60 -9  27.5  25.2  24.6  23.0  22.0  -9 -9.0 -9  3  2
202507040900 108  20  3.5  -9 -9.0   -9  998.2 1007.9  3   0.2  26.8  21.9  75.0  26.3   -9.0   -9.0   -9.0   -9.0   -9.0   -9.0   -9.0 -9 -9 -                        9   8    6 ScCi       2   0   5  1918  0.0  0.49 -9  27.3  25.5  24.8  23.0  22.0  -9 -9.0 -9  3  2
202507041000 108  18  3.0  -9 -9.0   -9  997.9 1007.6 -9  -9.0  27.1  21.8  73.0  26.1   -9.0   -9.0   -9.0   -9.0   -9.0   -9.0   -9.0 -9 -9 -                        9   8    7 ScCi       2   0   5  1980  0.0  0.59 -9  28.1  25.9  25.0  22.9  21.9  -9 -9.0 -9  3  2
202507041100 108  18  3.2  -9 -9.0   -9  997.5 1007.2 -9  -9.0  27.3  22.4  75.0  27.1    0.0    0.0    0.0   -9.0   -9.0   -9.0   -9.0 60 62 01                      10   8    9 ScAs      -9   2   5  1677  0.0  0.57 -9  27.9  26.1  25.2  22.9  21.8  -9 -9.0 -9  4  1
202507041200 108  18  2.8  -9 -9.0   -9  997.1 1006.8  7  -1.1  27.0  22.3  76.0  26.9    0.0    0.0    0.0   -9.0   -9.0   -9.0   -9.0 60 66 01                      10   8    7 ScAs      -9   2   5  1793  0.0  0.25 -9  26.7  26.0  25.2  22.9  21.8  -9 -9.0 -9  4  1
202507041300 108  18  4.1  -9 -9.0   -9  996.8 1006.4 -9  -9.0  27.4  22.3  74.0  26.9    0.0    0.0    0.0   -9.0   -9.0   -9.0   -9.0 21 62 01                       9   4    7 ScAcCi     1   3   5  2048  0.0  0.42 -9  28.2  25.9  25.1  22.9  21.8  -9 -9.0 -9  4  1
202507041400 108  18  3.9  -9 -9.0   -9  995.6 1005.2 -9  -9.0  29.1  22.8  69.0  27.7   -9.0    0.0    0.0   -9.0   -9.0   -9.0   -9.0 -9 -9 -                        8   3    8 ScCi       1   0   5  1829  0.2  1.57 -9  36.0  26.3  25.3  23.1  22.0  -9 -9.0 -9  3  2
202507041500 108  23  3.9  -9 -9.0   -9  995.2 1004.8  7  -2.0  29.5  22.7  67.0  27.6   -9.0    0.0    0.0   -9.0   -9.0   -9.0   -9.0 -9 62 -                        9   9    8 Sc         0   0   5  2055  0.6  2.14 -9  33.5  26.7  26.0  23.1  22.0  -9 -9.0 -9  3  1
202507041600 108  23  3.8  -9 -9.0   -9  995.3 1004.9 -9  -9.0  28.9  23.1  71.0  28.3    0.0    0.0    0.0   -9.0   -9.0   -9.0   -9.0 60 62 01                       9   9    8 Sc         0   0   5  2137  0.0  0.32 -9  29.2  26.8  26.2  23.0  21.7  -9 -9.0 -9  4  1
202507041700 108  23  3.9  -9 -9.0   -9  995.0 1004.6 -9  -9.0  28.6  23.5  74.0  28.9    0.0    0.0    0.0   -9.0   -9.0   -9.0   -9.0 21 62 01                       9   9    7 Sc         0   0   5  2354  0.0  0.21 -9  28.0  26.7  26.1  23.0  21.7  -9 -9.0 -9  4  1
202507041800 108  23  3.0  -9 -9.0   -9  994.7 1004.3  8  -0.5  28.4  23.5  75.0  28.9   -9.0    0.0    0.0   -9.0   -9.0   -9.0   -9.0 -9 62 -                        9   9    6 Sc         0   0   5  2265  0.0  0.17 -9  27.6  26.5  25.9  23.1  21.7  -9 -9.0 -9  3  1
202507041900 108  23  3.2  -9 -9.0   -9  994.8 1004.4 -9  -9.0  28.1  23.4  76.0  28.8   -9.0    0.0    0.0   -9.0   -9.0   -9.0   -9.0 -9 -9 -                        7   7    6 -         -9  -9  -9  2437  0.0  0.08 -9  26.5  26.0  25.7  23.2  21.7  -9 -9.0 -9  3 -9
202507042000 108  23  3.9  -9 -9.0   -9  995.1 1004.7 -9  -9.0  27.7  23.2  77.0  28.4   -9.0    0.0    0.0   -9.0   -9.0   -9.0   -9.0 -9 -9 -                        3   3    6 -         -9  -9  -9  2412  0.0  0.03 -9  26.2  26.1  25.5  23.2  21.8  -9 -9.0 -9  3 -9
202507042100 108  20  3.0  -9 -9.0   -9  995.6 1005.2  2   0.9  27.4  23.2  78.0  28.4   -9.0    0.0    0.0   -9.0   -9.0   -9.0   -9.0 -9 62 -                        8   8    6 Sc         0   0   5  2249 -9.0 -9.00 -9  25.8  25.8  25.4  23.1  21.8  -9 -9.0 -9  3  1
202507042200 108  23  3.2  -9 -9.0   -9  995.9 1005.5 -9  -9.0  27.1  23.1  79.0  28.3   -9.0    0.0    0.0   -9.0   -9.0   -9.0   -9.0 -9 -9 -                        4   4    5 -         -9  -9  -9  2100 -9.0 -9.00 -9  25.5  25.7  25.2  23.2  21.9  -9 -9.0 -9  3 -9
202507042300 108  20  2.3  -9 -9.0   -9  996.1 1005.8 -9  -9.0  26.9  23.3  81.0  28.6   -9.0    0.0    0.0   -9.0   -9.0   -9.0   -9.0 -9 -9 -                        7   7    4 -         -9  -9  -9  2035 -9.0 -9.00 -9  25.3  25.6  25.1  23.2  21.9  -9 -9.0 -9  3 -9
202507050000 108  23  3.8  -9 -9.0   -9  996.2 1005.8  1   0.6  26.7  23.1  81.0  28.3   -9.0    0.0    0.0   -9.0   -9.0   -9.0   -9.0 -9 -9 -                        9   9    5 Sc         0   0   5  2056 -9.0 -9.00 -9  25.1  25.4  25.0  23.1  21.9  -9 -9.0 -9  3  2
202507050100 108  23  2.6  -9 -9.0   -9  996.2 1005.9 -9  -9.0  26.6  23.0  81.0  28.1   -9.0   -9.0   -9.0   -9.0   -9.0   -9.0   -9.0 -9 -9 -                        3   3    4 -         -9  -9  -9  1967 -9.0 -9.00 -9  25.0  25.3  24.9  23.1  21.9  -9 -9.0 -9  3 -9
202507050200 108  20  2.2  -9 -9.0   -9  996.1 1005.8 -9  -9.0  26.5  23.1  82.0  28.3   -9.0   -9.0   -9.0   -9.0   -9.0   -9.0   -9.0 -9 -9 -                        4   4    5 -         -9  -9  -9  1967 -9.0 -9.00 -9  24.8  25.1  24.7  23.0  21.8  -9 -9.0 -9  3 -9
202507050300 108  20  2.7  -9 -9.0   -9  996.0 1005.7  8  -0.1  26.3  22.7  81.0  27.6   -9.0   -9.0   -9.0   -9.0   -9.0   -9.0   -9.0 -9 -9 -                        9   9    6 Sc         0   0   5  2313 -9.0 -9.00 -9  24.6  25.0  24.6  22.9  21.8  -9 -9.0 -9  3  2
202507050400 108  20  2.5  -9 -9.0   -9  995.9 1005.6 -9  -9.0  26.2  23.0  83.0  28.1   -9.0   -9.0   -9.0   -9.0   -9.0   -9.0   -9.0 -9 -9 -                        8   8    5 Sc         0   0   5  2342 -9.0 -9.00 -9  24.6  25.0  24.6  23.0  21.8  -9 -9.0 -9  3  2
202507050500 108  20  1.6  -9 -9.0   -9  996.1 1005.8 -9  -9.0  26.1  22.9  83.0  27.9   -9.0   -9.0   -9.0   -9.0   -9.0   -9.0   -9.0 -9 -9 -                        8   8    5 Sc         0   0   5  2281 -9.0 -9.00 -9  24.5  24.9  24.5  22.8  21.8  -9 -9.0 -9  3  2
202507050600 108  18  2.8  -9 -9.0   -9  996.2 1005.9  3   0.2  26.0  22.4  81.0  27.1   -9.0   -9.0   -9.0   -9.0   -9.0   -9.0   -9.0 -9 -9 -                        8   8    6 Sc         0   0   5  2530  0.0  0.02 -9  24.6  24.8  24.4  22.8  21.8  -9 -9.0 -9  3  2
202507050700 108  20  2.1  -9 -9.0   -9  996.3 1006.0 -9  -9.0  26.2  22.8  82.0  27.7   -9.0   -9.0   -9.0   -9.0   -9.0   -9.0   -9.0 -9 -9 -                        8   8    5 Sc         0   0   5  2501  0.0  0.18 -9  25.4  24.8  24.3  22.8  21.8  -9 -9.0 -9  3  2
202507050800 108  20  2.1  -9 -9.0   -9  996.2 1005.9 -9  -9.0  26.4  22.8  81.0  27.7   -9.0   -9.0   -9.0   -9.0   -9.0   -9.0   -9.0 -9 -9 -                        7   7    5 Sc         0   0   5  2234  0.0  0.34 -9  26.1  24.9  24.4  22.7  21.7  -9 -9.0 -9  3  2
202507050900 108  20  2.4  -9 -9.0   -9  996.1 1005.7  8  -0.2  27.2  22.8  77.0  27.7   -9.0   -9.0   -9.0   -9.0   -9.0   -9.0   -9.0 -9 -9 -                        8   8    6 Sc         0   0   5  2259  0.2  0.77 -9  27.6  24.8  24.5  22.8  21.8  -9 -9.0 -9  3  2
202507051000 108  20  2.7  -9 -9.0   -9  996.0 1005.6 -9  -9.0  27.7  22.4  73.0  27.1   -9.0   -9.0   -9.0   -9.0   -9.0   -9.0   -9.0 -9 -9 -                        8   8    7 Sc         0   0   5  2399  0.0  0.76 -9  28.0  25.0  24.7  22.7  21.7  -9 -9.0 -9  3  2
202507051100 108  23  2.7  -9 -9.0   -9  996.1 1005.7 -9  -9.0  28.2  22.4  71.0  27.1   -9.0   -9.0   -9.0   -9.0   -9.0   -9.0   -9.0 -9 -9 -                        8   8    8 Sc         0   0   5  2689  0.0  0.71 -9  28.5  25.2  24.9  22.7  21.7  -9 -9.0 -9  3  2
202507051200 108  23  2.8  -9 -9.0   -9  995.5 1005.1  7  -0.6  29.2  22.6  68.0  27.4   -9.0   -9.0   -9.0   -9.0   -9.0   -9.0   -9.0 -9 -9 -                        9   9   10 Sc         0   0   5  2450  0.0  1.20 -9  31.9  25.8  25.1  22.8  21.8  -9 -9.0 -9  3  2
202507051300 108  25  2.8  -9 -9.0   -9  995.3 1004.8 -9  -9.0  30.3  23.2  66.0  28.4   -9.0   -9.0   -9.0   -9.0   -9.0   -9.0   -9.0 -9 -9 -                        8   8    9 Sc         0   0   5  2729  0.1  1.67 -9  33.5  24.1  25.5  22.9  21.8  -9 -9.0 -9  3  2
202507051400 108  20  2.9  -9 -9.0   -9  994.9 1004.4 -9  -9.0  31.1  23.4  64.0  28.8   -9.0   -9.0   -9.0   -9.0   -9.0   -9.0   -9.0 -9 -9 -                        9   6    9 ScCi       1   0   5  2576  0.2  1.95 -9  35.9  24.5  25.9  22.9  21.8  -9 -9.0 -9  3  2
202507051500 108  23  2.8  -9 -9.0   -9  994.4 1003.9  7  -1.2  32.2  23.7  61.0  29.3   -9.0   -9.0   -9.0   -9.0   -9.0   -9.0   -9.0 -9 -9 -                        8   4   10 ScCi       1   0   5  2765  0.7  2.69 -9  39.9  25.4  26.5  23.1  21.8  -9 -9.0 -9  3  2
202507051600 108  23  3.6  -9 -9.0   -9  994.2 1003.7 -9  -9.0  32.0  23.2  60.0  28.4   -9.0   -9.0   -9.0   -9.0   -9.0   -9.0   -9.0 -9 -9 -                        8   2   10 ScCi       1   0   5  3151  0.7  2.20 -9  36.6  25.5  27.1  23.1  21.8  -9 -9.0 -9  3  2
202507051700 108  20  3.8  -9 -9.0   -9  993.8 1003.3 -9  -9.0  31.2  22.7  61.0  27.6   -9.0   -9.0   -9.0   -9.0   -9.0   -9.0   -9.0 -9 -9 -                        8   2   10 ScCi       1   0   5  2721  0.3  0.98 -9  32.9  25.7  27.2  23.3  21.7  -9 -9.0 -9  3  2
202507051800 108  20  3.1  -9 -9.0   -9  993.1 1002.6  7  -1.3  30.7  23.3  65.0  28.6   -9.0   -9.0   -9.0   -9.0   -9.0   -9.0   -9.0 -9 -9 -                        8   3    9 ScCi       1   0   5  2536  0.7  0.88 -9  31.0  25.5  28.1  25.7  24.5  -9 -9.0 -9  3  2
202507051900 108  23  2.7  -9 -9.0   -9  993.5 1003.0 -9  -9.0  30.1  23.5  68.0  28.9   -9.0   -9.0   -9.0   -9.0   -9.0   -9.0   -9.0 -9 -9 -                        7   7    8 -         -9  -9  -9  2604  0.1  0.38 -9  29.3  25.0  27.9  25.9  24.6  -9 -9.0 -9  3 -9
202507052000 108  25  2.7  -9 -9.0   -9  993.7 1003.3 -9  -9.0  29.2  23.3  71.0  28.6   -9.0   -9.0   -9.0   -9.0   -9.0   -9.0   -9.0 -9 -9 -                        3   3    8 -         -9  -9  -9  2501  0.0  0.04 -9  27.7  25.5  27.7  26.0  24.7  -9 -9.0 -9  3 -9
202507052100 108  23  2.4  -9 -9.0   -9  994.7 1004.3  2   1.7  28.7  23.1  72.0  28.3   -9.0   -9.0   -9.0   -9.0   -9.0   -9.0   -9.0 -9 -9 -                        6   6    9 Sc         0   0   5  2673 -9.0 -9.00 -9  26.9  25.2  27.5  26.1  24.8  -9 -9.0 -9  3  2
202507052200 108  18  3.4  -9 -9.0   -9  995.3 1004.9 -9  -9.0  28.0  23.3  76.0  28.6   -9.0   -9.0   -9.0   -9.0   -9.0   -9.0   -9.0 -9 -9 -                        7   7    6 -         -9  -9  -9  2486 -9.0 -9.00 -9  26.4  24.9  27.2  26.1  24.9  -9 -9.0 -9  3 -9
202507052300 108  20  3.2  -9 -9.0   -9  995.4 1005.0 -9  -9.0  27.4  23.4  79.0  28.8   -9.0   -9.0   -9.0   -9.0   -9.0   -9.0   -9.0 -9 -9 -                        8   7    5 -         -9  -9  -9  2232 -9.0 -9.00 -9  25.8  24.6  27.0  26.1  24.9  -9 -9.0 -9  3 -9
202507060000 108  20  3.3  -9 -9.0   -9  995.1 1004.7  0   0.4  27.1  22.9  78.0  27.9   -9.0   -9.0   -9.0   -9.0   -9.0   -9.0   -9.0 -9 -9 -                        9   4    7 ScCi       1   0   5  2348 -9.0 -9.00 -9  25.2  24.3  26.7  26.0  25.0  -9 -9.0 -9  3  2
202507060100 108  20  2.9  -9 -9.0   -9  994.7 1004.3 -9  -9.0  26.8  22.8  79.0  27.7   -9.0   -9.0   -9.0   -9.0   -9.0   -9.0   -9.0 -9 -9 -                        8   3    5 -         -9  -9  -9  2134 -9.0 -9.00 -9  24.7  24.0  26.5  26.0  25.0  -9 -9.0 -9  3 -9
202507060200 108  23  2.1  -9 -9.0   -9  994.9 1004.6 -9  -9.0  26.6  22.8  80.0  27.7   -9.0   -9.0   -9.0   -9.0   -9.0   -9.0   -9.0 -9 -9 -                        8   6    5 -         -9  -9  -9  1904 -9.0 -9.00 -9  24.5  23.6  26.3  25.9  25.0  -9 -9.0 -9  3 -9
202507060300 108  20  2.6  -9 -9.0   -9  994.5 1004.1  7  -0.6  26.6  23.0  81.0  28.1   -9.0   -9.0   -9.0   -9.0   -9.0   -9.0   -9.0 -9 -9 -                        9   7    6 ScCi       2   0   5  1828 -9.0 -9.00 -9  24.7  23.6  26.1  25.9  25.0  -9 -9.0 -9  3  2
202507060400 108  20  2.4  -9 -9.0   -9  994.3 1004.0 -9  -9.0  26.5  23.1  82.0  28.3   -9.0   -9.0   -9.0   -9.0   -9.0   -9.0   -9.0 -9 -9 -                        9   8    6 ScCi       2   0   5  1714 -9.0 -9.00 -9  24.7  23.4  26.0  25.7  25.0  -9 -9.0 -9  3  2
202507060500 108  23  3.2  -9 -9.0   -9  994.6 1004.3 -9  -9.0  26.5  23.1  82.0  28.3   -9.0   -9.0   -9.0   -9.0   -9.0   -9.0   -9.0 -9 -9 -                        9   8    5 ScCi       2   0   5  1530 -9.0 -9.00 -9  24.6  23.4  25.9  25.7  24.9  -9 -9.0 -9  3  2
202507060600 108  18  3.2  -9 -9.0   -9  994.9 1004.6  3   0.5  26.4  23.2  83.0  28.4   -9.0   -9.0   -9.0   -9.0   -9.0   -9.0   -9.0 -9 -9 -                        9   8    5 ScCi       2   0   5  1464  0.0  0.00 -9  24.9  23.7  25.8  25.6  24.9  -9 -9.0 -9  3  2
202507060700 108  20  2.9  -9 -9.0   -9  995.0 1004.7 -9  -9.0  26.4  23.0  82.0  28.1   -9.0   -9.0   -9.0   -9.0   -9.0   -9.0   -9.0 -9 -9 -                        9   8    5 ScCi       2   0   5  1427  0.0  0.07 -9  25.1  23.5  25.7  25.5  24.8  -9 -9.0 -9  3  2
202507060800 108  23  2.3  -9 -9.0   -9  995.4 1005.1 -9  -9.0  26.4  23.2  83.0  28.4   -9.0   -9.0   -9.0   -9.0   -9.0   -9.0   -9.0 -9 -9 -                        9   9    5 Sc         0   0   5  1301  0.0  0.16 -9  25.7  23.5  25.7  25.4  24.8  -9 -9.0 -9  3  2
202507060900 108  20  2.8  -9 -9.0   -9  995.4 1005.1  1   0.5  26.6  23.2  82.0  28.4   -9.0   -9.0   -9.0   -9.0   -9.0   -9.0   -9.0 -9 -9 -                        9   9    5 Sc         0   0   5  1192  0.0  0.20 -9  25.7  23.5  25.6  25.2  24.6  -9 -9.0 -9  3  2
202507061000 108  20  1.8  -9 -9.0   -9  995.1 1004.7 -9  -9.0  27.4  23.4  79.0  28.8   -9.0   -9.0   -9.0   -9.0   -9.0   -9.0   -9.0 -9 -9 -                        9   9    5 Sc         0   0   5  1501  0.0  0.52 -9  28.0  23.8  24.8  23.1  22.0  -9 -9.0 -9  3  2
202507061100 108  20  1.4  -9 -9.0   -9  995.0 1004.6 -9  -9.0  28.6  23.9  76.0  29.7   -9.0   -9.0   -9.0   -9.0   -9.0   -9.0   -9.0 -9 -9 -                        9   9    6 Sc         0   0   5  2142  0.1  1.04 -9  32.6  24.1  25.0  23.1  22.0  -9 -9.0 -9  3  2
202507061200 108  25  2.5  -9 -9.0   -9  994.4 1003.9  7  -1.2  30.6  24.0  68.0  29.8   -9.0   -9.0   -9.0   -9.0   -9.0   -9.0   -9.0 -9 -9 -                        9   7    7 ScCi       1   0   5  1802  0.5  2.55 -9  39.4  24.9  25.6  23.2  22.2  -9 -9.0 -9  3  2
202507061300 108  23  2.7  -9 -9.0   -9  993.9 1003.4 -9  -9.0  31.5  23.5  63.0  28.9   -9.0   -9.0   -9.0   -9.0   -9.0   -9.0   -9.0 -9 -9 -                        9   6    9 ScCi       1   0   5  1931  0.8  2.67 -9  40.0  25.8  26.4  23.2  22.2  -9 -9.0 -9  3  2
202507061400 108  18  2.8  -9 -9.0   -9  993.5 1002.9 -9  -9.0  32.6  24.0  61.0  29.8   -9.0   -9.0   -9.0   -9.0   -9.0   -9.0   -9.0 -9 -9 -                        9   6   11 ScCi       2   0   5  2082  0.2  2.43 -9  39.9  26.4  27.1  23.3  22.1  -9 -9.0 -9  3  2
202507061500 108  20  2.7  -9 -9.0   -9  993.1 1002.5  7  -1.4  32.7  23.9  60.0  29.7   -9.0   -9.0   -9.0   -9.0   -9.0   -9.0   -9.0 -9 -9 -                        9   7   11 ScCi       2   0   5  2159  0.1  1.78 -9  37.6  26.8  27.4  23.4  22.0  -9 -9.0 -9  3  2
202507061600 108  23  3.0  -9 -9.0   -9  993.0 1002.4 -9  -9.0  32.3  24.0  62.0  29.8   -9.0   -9.0   -9.0   -9.0   -9.0   -9.0   -9.0 -9 -9 -                        9   7   10 ScCi       2   0   5  2081  0.0  1.18 -9  34.4  26.4  27.6  23.5  21.9  -9 -9.0 -9  3  2
202507061700 108  25  3.4  -9 -9.0   -9  993.0 1002.5 -9  -9.0  31.9  23.7  62.0  29.3   -9.0   -9.0   -9.0   -9.0   -9.0   -9.0   -9.0 -9 -9 -                        9   9   12 Sc         0   0   5  2300  0.0  0.79 -9  33.3  26.3  27.6  23.6  21.9  -9 -9.0 -9  3  2
202507061800 108  23  1.8  -9 -9.0   -9  993.1 1002.6  3   0.1  32.0  25.0  67.0  31.7   -9.0   -9.0   -9.0   -9.0   -9.0   -9.0   -9.0 -9 -9 -                        9   7    9 ScCi       1   0   5  2299  0.0  0.73 -9  32.7  26.8  27.5  23.8  22.0  -9 -9.0 -9  3  2
202507061900 108  23  2.2  -9 -9.0   -9  993.3 1002.8 -9  -9.0  31.4  24.5  67.0  30.7   -9.0   -9.0   -9.0   -9.0   -9.0   -9.0   -9.0 -9 -9 -                        8   5    8 -         -9  -9  -9  2185  0.0  0.47 -9  31.0  26.8  27.5  23.8  22.0  -9 -9.0 -9  3 -9
202507062000 108  27  1.7  -9 -9.0   -9  993.7 1003.2 -9  -9.0  30.2  24.5  72.0  30.7   -9.0   -9.0   -9.0   -9.0   -9.0   -9.0   -9.0 -9 -9 -                        7   3    8 -         -9  -9  -9  2202  0.0  0.11 -9  29.0  26.4  27.3  23.9  22.0  -9 -9.0 -9  3 -9
202507062100 108  27  2.1  -9 -9.0   -9  994.1 1003.6  2   1.0  29.5  24.3  74.0  30.4   -9.0   -9.0   -9.0   -9.0   -9.0   -9.0   -9.0 -9 -9 -                        9   2   12 ScCi       1   0   5  2111 -9.0 -9.00 -9  28.0  27.2  26.9  23.8  22.0  -9 -9.0 -9  3  2
202507062200 108  27  2.1  -9 -9.0   -9  994.8 1004.4 -9  -9.0  28.8  24.3  77.0  30.4   -9.0   -9.0   -9.0   -9.0   -9.0   -9.0   -9.0 -9 -9 -                        7   1   -9 -         -9  -9  -9  1961 -9.0 -9.00 -9  27.2  26.8  26.5  23.6  21.7  -9 -9.0 -9  3 -9
202507062300 108  25  1.5  -9 -9.0   -9  994.7 1004.3 -9  -9.0  28.4  24.3  79.0  30.4   -9.0   -9.0   -9.0   -9.0   -9.0   -9.0   -9.0 -9 -9 -                        5   5   10 -         -9  -9  -9  2048 -9.0 -9.00 -9  26.8  26.5  26.3  23.5  21.8  -9 -9.0 -9  3 -9
202507070000 108  25  1.3  -9 -9.0   -9  994.8 1004.4  1   0.8  28.2  24.2  79.0  30.2   -9.0   -9.0   -9.0   -9.0   -9.0   -9.0   -9.0 -9 -9 -                        7   1   10 ScCc       9   0   5  2095 -9.0 -9.00 -9  26.4  26.2  26.0  23.5  21.8  -9 -9.0 -9  3  2
202507070100 108  25  2.6  -9 -9.0   -9  994.8 1004.4 -9  -9.0  27.7  23.7  79.0  29.3   -9.0   -9.0   -9.0   -9.0   -9.0   -9.0   -9.0 -9 -9 -                        0   0   -9 -         -9  -9  -9  2138 -9.0 -9.00 -9  26.2  25.7  25.8  23.5  21.9  -9 -9.0 -9  3 -9
202507070200 108  23  1.8  -9 -9.0   -9  995.0 1004.6 -9  -9.0  27.3  23.7  81.0  29.3   -9.0   -9.0   -9.0   -9.0   -9.0   -9.0   -9.0 -9 -9 -                        7   7    4 -         -9  -9  -9  1569 -9.0 -9.00 -9  25.9  24.7  25.6  23.4  21.8  -9 -9.0 -9  3 -9
202507070300 108  18  2.3  -9 -9.0   -9  995.0 1004.6  1   0.2  27.2  23.8  82.0  29.5   -9.0   -9.0   -9.0   -9.0   -9.0   -9.0   -9.0 -9 -9 -                        8   8    6 Sc         0   0   5  1361 -9.0 -9.00 -9  25.9  24.7  25.5  23.3  21.8  -9 -9.0 -9  3  2
202507070400 108  20  2.4  -9 -9.0   -9  995.3 1004.9 -9  -9.0  27.0  23.4  81.0  28.8   -9.0   -9.0   -9.0   -9.0   -9.0   -9.0   -9.0 -9 -9 -                        9   9    6 Sc         0   0   5  1295 -9.0 -9.00 -9  25.8  24.5  25.4  23.3  21.9  -9 -9.0 -9  3  2
202507070500 108  20  2.4  -9 -9.0   -9  995.5 1005.1 -9  -9.0  27.0  23.6  82.0  29.1   -9.0   -9.0   -9.0   -9.0   -9.0   -9.0   -9.0 -9 -9 -                        9   9    6 Sc         0   0   5  1171 -9.0 -9.00 -9  25.7  24.5  25.3  23.2  21.9  -9 -9.0 -9  3  2
202507070600 108  20  2.8  -9 -9.0   -9  995.5 1005.2  2   0.6  26.7  23.9  85.0  29.7   -9.0   -9.0   -9.0   -9.0   -9.0   -9.0   -9.0 10 22 19                       9   9    6 Sc         0   0   5   742  0.0  0.01 -9  25.5  24.3  25.2  23.2  21.9  -9 -9.0 -9  3  1
202507070700 108   9  1.2  -9 -9.0   -9  995.7 1005.4 -9  -9.0  26.8  23.8  84.0  29.5   -9.0   -9.0   -9.0   -9.0   -9.0   -9.0   -9.0 10 22 19                       9   9    6 Sc         0   0   5   821  0.0  0.06 -9  26.0  24.4  25.1  23.1  21.8  -9 -9.0 -9  3  1
202507070800 108  16  1.0  -9 -9.0   -9  995.9 1005.5 -9  -9.0  27.2  24.2  84.0  30.2   -9.0   -9.0   -9.0   -9.0   -9.0   -9.0   -9.0 10 22 19                      10  10    4 St        -9  -9   6   666  0.0  0.18 -9  26.5  24.3  25.0  23.0  21.8  -9 -9.0 -9  3  1
202507070900 108   9  0.8  -9 -9.0   -9  995.7 1005.3  0   0.1  27.5  24.3  83.0  30.4   -9.0   -9.0   -9.0   -9.0   -9.0   -9.0   -9.0 10 22 19                      10  10    4 St        -9  -9   6   686  0.0  0.25 -9  27.1  24.4  24.9  22.4  21.2  -9 -9.0 -9  3  1
202507071000 108  16  1.3  -9 -9.0   -9  995.6 1005.2 -9  -9.0  28.0  24.6  82.0  30.9   -9.0   -9.0   -9.0   -9.0   -9.0   -9.0   -9.0 10 22 19                      10  10    4 St        -9  -9   6   744  0.0  0.33 -9  27.6  24.6  25.0  22.5  21.2  -9 -9.0 -9  3  1
202507071100 108  11  2.0  -9 -9.0   -9  995.9 1005.5 -9  -9.0  28.3  24.7  81.0  31.1   -9.0   -9.0   -9.0   -9.0   -9.0   -9.0   -9.0 10 22 19                      10  10    4 St        -9  -9   6   691  0.0  0.33 -9  27.8  24.6  25.1  22.4  21.1  -9 -9.0 -9  3  1
202507071200 108  14  1.3  -9 -9.0   -9  995.7 1005.3  4   0.0  28.8  24.7  79.0  31.1   -9.0   -9.0   -9.0   -9.0   -9.0   -9.0   -9.0 10 22 19                      10  10    5 St        -9  -9   6   786  0.0  0.45 -9  28.7  24.7  25.2  22.4  21.2  -9 -9.0 -9  3  1
202507071300 108  18  1.6  -9 -9.0   -9  995.4 1004.9 -9  -9.0  30.7  25.5  74.0  32.6   -9.0   -9.0   -9.0   -9.0   -9.0   -9.0   -9.0 10 22 19                      10  10    6 St        -9  -9   6   785  0.0  1.43 -9  34.2  25.1  25.4  22.6  21.4  -9 -9.0 -9  3  1
202507071400 108  18  0.8  -9 -9.0   -9  994.9 1004.4 -9  -9.0  32.3  26.1  70.0  33.8   -9.0   -9.0   -9.0   -9.0   -9.0   -9.0   -9.0  5 22 4019                     9   9    7 Sc         0   0   5   834  0.2  2.07 -9  36.8  25.8  26.3  23.3  22.0  -9 -9.0 -9  3  1
202507071500 108  27  2.1  -9 -9.0   -9  994.9 1004.3  7  -1.0  32.8  25.6  66.0  32.8   -9.0   -9.0   -9.0   -9.0   -9.0   -9.0   -9.0  5 22 40                       9   9    9 Sc         0   0   5   927  0.4  1.71 -9  35.1  26.3  26.9  23.3  21.9  -9 -9.0 -9  3  1
202507071600 108  27  2.1  -9 -9.0   -9  994.8 1004.2 -9  -9.0  33.0  26.0  67.0  33.6   -9.0   -9.0   -9.0   -9.0   -9.0   -9.0   -9.0  5 22 40                       8   8    8 Sc         0   0   5   835  0.2  1.39 -9  36.2  26.5  27.2  23.3  21.8  -9 -9.0 -9  3  1
202507071700 108  25  3.5  -9 -9.0   -9  994.8 1004.2 -9  -9.0  32.8  26.3  69.0  34.2   -9.0   -9.0   -9.0   -9.0   -9.0   -9.0   -9.0  5 22 40                       6   6   10 Sc         0   0   5   670  0.8  1.56 -9  35.5  26.9  27.5  23.5  21.9  -9 -9.0 -9  3  1
202507071800 108  27  2.8  -9 -9.0   -9  994.7 1004.2  6  -0.1  32.2  26.5  72.0  34.6   -9.0   -9.0   -9.0   -9.0   -9.0   -9.0   -9.0  5  0 40                       0   0   -9 -         -9  -9  -9   629  0.9  1.00 -9  33.2  26.9  27.5  23.5  21.8  -9 -9.0 -9  3  1
202507071900 108  27  2.8  -9 -9.0   -9  995.0 1004.5 -9  -9.0  30.9  25.9  75.0  33.4   -9.0   -9.0   -9.0   -9.0   -9.0   -9.0   -9.0 -9 -9 40                       0   0   -9 -         -9  -9  -9   606  0.0  0.35 -9  30.5  26.6  27.2  22.9  21.1  -9 -9.0 -9  3  2
202507072000 108  27  2.2  -9 -9.0   -9  995.4 1005.0 -9  -9.0  29.7  26.0  81.0  33.6   -9.0   -9.0   -9.0   -9.0   -9.0   -9.0   -9.0 -9 -9 4019                     0   0   -9 -         -9  -9  -9   573  0.0  0.09 -9  28.7  26.3  26.9  22.9  20.9  -9 -9.0 -9  3  2
202507072100 108  29  1.8  -9 -9.0   -9  995.7 1005.3  2   1.1  29.1  25.4  81.0  32.4   -9.0   -9.0   -9.0   -9.0   -9.0   -9.0   -9.0 10  0 19                       0   0   -9 -         -9  -9  -9   544 -9.0 -9.00 -9  27.7  25.9  26.6  22.9  20.9  -9 -9.0 -9  3  1
202507072200 108  27  1.4  -9 -9.0   -9  996.3 1005.9 -9  -9.0  28.8  25.4  82.0  32.4   -9.0   -9.0   -9.0   -9.0   -9.0   -9.0   -9.0 -9 -9 19                       0   0   -9 -         -9  -9  -9   480 -9.0 -9.00 -9  27.0  25.3  26.3  22.9  21.0  -9 -9.0 -9  3  2
202507072300 108   5  1.2  -9 -9.0   -9  996.5 1006.1 -9  -9.0  28.6  25.4  83.0  32.4   -9.0   -9.0   -9.0   -9.0   -9.0   -9.0   -9.0 -9 -9 19                       0   0   -9 -         -9  -9  -9   508 -9.0 -9.00 -9  26.4  24.8  26.0  22.8  21.0  -9 -9.0 -9  3  2
202507080000 108  29  1.7  -9 -9.0   -9  996.9 1006.5  2   1.2  28.4  25.4  84.0  32.4   -9.0   -9.0   -9.0   -9.0   -9.0   -9.0   -9.0 10  0 19                       0   0   -9 -         -9  -9  -9   427 -9.0 -9.00 -9  26.2  24.7  25.8  22.8  21.0  -9 -9.0 -9  3  1
202507080100 108  29  1.4  -9 -9.0   -9  996.8 1006.4 -9  -9.0  28.2  25.4  85.0  32.4   -9.0   -9.0   -9.0   -9.0   -9.0   -9.0   -9.0 -9 -9 19                       0   0   -9 -         -9  -9  -9   454 -9.0 -9.00 -9  25.8  24.5  25.6  22.8  21.1  -9 -9.0 -9  3  2
202507080200 108  29  0.8  -9 -9.0   -9  996.7 1006.3 -9  -9.0  27.9  25.5  87.0  32.6   -9.0   -9.0   -9.0   -9.0   -9.0   -9.0   -9.0 -9 -9 19                       0   0   -9 -         -9  -9  -9   461 -9.0 -9.00 -9  25.5  24.3  25.4  22.7  21.1  -9 -9.0 -9  3  2
202507080300 108   5  1.2  -9 -9.0   -9  996.8 1006.4  5  -0.1  27.7  25.3  87.0  32.2   -9.0   -9.0   -9.0   -9.0   -9.0   -9.0   -9.0 10  0 19                       1   1   10 Sc         0   0   5   550 -9.0 -9.00 -9  25.3  24.0  25.2  22.6  21.1  -9 -9.0 -9  3  1
202507080400 108   5  1.3  -9 -9.0   -9  996.7 1006.3 -9  -9.0  27.4  25.2  88.0  32.1   -9.0   -9.0   -9.0   -9.0   -9.0   -9.0   -9.0 10  0 19                       0   0   -9 -         -9  -9  -9   534 -9.0 -9.00 -9  25.0  23.9  25.1  22.5  21.0  -9 -9.0 -9  3  1
202507080500 108   5  1.5  -9 -9.0   -9  997.1 1006.8 -9  -9.0  27.0  24.8  88.0  31.3   -9.0   -9.0   -9.0   -9.0   -9.0   -9.0   -9.0 10  0 19                       0   0   -9 -         -9  -9  -9   690 -9.0 -9.00 -9  24.7  23.6  24.9  22.5  21.0  -9 -9.0 -9  3  1
202507080600 108   2  1.5  -9 -9.0   -9  997.4 1007.1  3   0.7  27.0  24.8  88.0  31.3   -9.0   -9.0   -9.0   -9.0   -9.0   -9.0   -9.0 10  0 19                       0   0   -9 -         -9  -9  -9   728  0.0  0.04 -9  24.8  23.4  24.8  22.4  21.0  -9 -9.0 -9  3  1
202507080700 108   5  2.0  -9 -9.0   -9  997.6 1007.2 -9  -9.0  27.7  24.9  85.0  31.5   -9.0   -9.0   -9.0   -9.0   -9.0   -9.0   -9.0 -9 -9 19                       0   0   -9 -         -9  -9  -9  1084  0.5  0.39 -9  26.3  23.7  24.7  22.5  21.1  -9 -9.0 -9  3  2
202507080800 108   5  2.5  -9 -9.0   -9  997.9 1007.5 -9  -9.0  29.5  25.0  77.0  31.7   -9.0   -9.0   -9.0   -9.0   -9.0   -9.0   -9.0 -9 -9 -                        0   0   -9 -         -9  -9  -9  1306  1.0  1.00 -9  30.1  24.2  25.0  22.8  21.6  -9 -9.0 -9  3  2
202507080900 108   5  1.9  -9 -9.0   -9  997.9 1007.4  0   0.3  31.1  25.4  72.0  32.4   -9.0   -9.0   -9.0   -9.0   -9.0   -9.0   -9.0 -9 -9 -                        0   0   -9 -         -9  -9  -9  1320  1.0  1.76 -9  35.5  25.9  25.6  23.4  22.3  -9 -9.0 -9  3  2
202507081000 108   5  2.3  -9 -9.0   -9  997.7 1007.2 -9  -9.0  32.7  25.2  65.0  32.1   -9.0   -9.0   -9.0   -9.0   -9.0   -9.0   -9.0 -9 -9 -                        0   0   -9 -         -9  -9  -9  1536  1.0  2.41 -9  40.3  26.5  26.1  23.5  22.3  -9 -9.0 -9  3  2
202507081100 108   7  2.0  -9 -9.0   -9  997.6 1007.0 -9  -9.0  34.4  25.5  60.0  32.6   -9.0   -9.0   -9.0   -9.0   -9.0   -9.0   -9.0 -9 -9 -                        1   1   12 Sc         0   0   5  1711  1.0  2.91 -9  44.4  27.5  26.8  23.5  22.4  -9 -9.0 -9  3  2
202507081200 108   7  2.1  -9 -9.0   -9  997.1 1006.5  7  -0.9  35.3  25.1  56.0  31.9   -9.0   -9.0   -9.0   -9.0   -9.0   -9.0   -9.0 -9 -9 -                        4   4   10 Cu         0   0   2  1715  1.0  3.24 -9  46.0  28.2  27.6  23.5  22.2  -9 -9.0 -9  3  2
202507081300 108   2  2.7  -9 -9.0   -9  996.9 1006.3 -9  -9.0  35.2  24.7  55.0  31.1   -9.0   -9.0   -9.0   -9.0   -9.0   -9.0   -9.0 -9 -9 -                        5   5   14 Cu         0   0   2  1798  0.3  1.87 -9  39.1  28.3  28.2  23.5  22.0  -9 -9.0 -9  3  2
202507081400 108  14  2.3  -9 -9.0   -9  996.3 1005.6 -9  -9.0  36.7  24.9  51.0  31.5   -9.0   -9.0   -9.0   -9.0   -9.0   -9.0   -9.0 -9 -9 -                        5   5   10 Cu         0   0   2  1893  0.6  2.66 -9  46.3  29.1  28.6  23.8  22.1  -9 -9.0 -9  3  2
202507081500 108  16  1.3  -9 -9.0   -9  995.7 1005.0  7  -1.5  37.4  24.5  48.0  30.7   -9.0   -9.0   -9.0   -9.0   -9.0   -9.0   -9.0 -9 -9 -                        3   3   11 Cu         0   0   2  2288  0.7  2.42 -9  47.1  29.4  29.1  24.1  22.3  -9 -9.0 -9  3  2
202507081600 108  29  2.5  -9 -9.0   -9  995.5 1004.8 -9  -9.0  36.6  24.1  49.0  30.0   -9.0   -9.0   -9.0   -9.0   -9.0   -9.0   -9.0 -9 -9 -                        6   6   10 Cu         0   0   2  2045  0.3  1.34 -9  37.8  28.7  29.3  24.3  22.3  -9 -9.0 -9  3  2
202507081700 108  34  2.2  -9 -9.0   -9  995.2 1004.5 -9  -9.0  37.2  24.6  49.0  30.9   -9.0   -9.0   -9.0   -9.0   -9.0   -9.0   -9.0 -9 -9 -                        6   6   12 CuSc       0   0   8  2029  0.6  1.41 -9  37.8  28.2  29.3  24.5  22.4  -9 -9.0 -9  3  2
202507081800 108  32  4.1  -9 -9.0   -9  994.9 1004.2  7  -0.8  36.0  26.1  57.0  33.8   -9.0   -9.0   -9.0   -9.0   -9.0   -9.0   -9.0 17 92 -                        9   9   11 CuSc       0   0   8  1846  0.3  0.83 -9  36.3  29.2  29.2  24.6  22.4  -9 -9.0 -9  3  1
202507081900 108  23  6.3  18 11.0 1837  996.6 1006.2 -9  -9.0  27.9  24.1  80.0  30.0    6.4    6.4    6.4   -9.0   -9.0   -9.0   -9.0 95 98 04                       9   9    4 CbCu       0   0   9  4337  0.1  0.27 -9  28.9  29.5  29.3  25.9  23.8  -9 -9.0 -9  4  1
202507082000 108  16  1.4  -9 -9.0   -9  997.3 1007.0 -9  -9.0  27.2  23.6  81.0  29.1    4.9   11.3   11.3   -9.0   -9.0   -9.0   -9.0 95 98 04                      10   7    4 CbCuNs    -9   2   9  2018  0.0  0.09 -9  27.4  28.4  28.5  26.2  24.2  -9 -9.0 -9  4  1
202507082100 108   2  2.2  18 11.0 1837  997.6 1007.3  2   3.1  27.4  25.0  87.0  31.7    0.5   11.8   11.8   -9.0   -9.0   -9.0   -9.0 91 98 04                       9   9   10 CuSc       0   0   8  1463 -9.0 -9.00 -9  27.3  27.8  27.8  26.1  24.2  -9 -9.0 -9  1  1
202507082200 108   5  0.9  -9 -9.0   -9  998.2 1007.8 -9  -9.0  27.8  24.8  84.0  31.3    0.0   11.8   11.8   -9.0   -9.0   -9.0   -9.0 25 82 04                       9   9   11 CuSc       0   0   8  1833 -9.0 -9.00 -9  27.2  27.5  27.8  26.7  25.1  -9 -9.0 -9  4  1
202507082300 108   7  0.7  -9 -9.0   -9  998.4 1008.0 -9  -9.0  28.1  25.1  84.0  31.9   -9.0   11.8   11.8   -9.0   -9.0   -9.0   -9.0 -9 -9 -                       10   2   18 ScCs       7   0   5  1769 -9.0 -9.00 -9  27.0  27.2  27.3  26.2  24.7  -9 -9.0 -9  3  2
202507090000 108   5  2.0  -9 -9.0   -9  998.3 1007.9  0   0.6  28.2  25.4  85.0  32.4   -9.0   11.8   11.8   -9.0   -9.0   -9.0   -9.0 -9 82 -                        8   2   15 ScCi       2   0   5  1489 -9.0 -9.00 -9  26.8  27.0  27.6  27.0  25.8  -9 -9.0 -9  3  1
202507090100 108   5  0.9  -9 -9.0   -9  998.3 1007.9 -9  -9.0  28.3  24.7  81.0  31.1   -9.0   -9.0   -9.0   -9.0   -9.0   -9.0   -9.0 -9 -9 -                        7   6   58 -         -9  -9  -9  2161 -9.0 -9.00 -9  26.6  26.6  27.3  26.4  25.2  -9 -9.0 -9  3 -9
202507090200 108   9  1.1  -9 -9.0   -9  998.2 1007.8 -9  -9.0  28.3  24.3  79.0  30.4   -9.0   -9.0   -9.0   -9.0   -9.0   -9.0   -9.0 -9 -9 -                        4   4   57 -         -9  -9  -9  2129 -9.0 -9.00 -9  26.2  26.3  27.0  26.1  24.9  -9 -9.0 -9  3 -9
202507090300 108   5  1.1  -9 -9.0   -9  998.1 1007.7  7  -0.2  28.0  24.6  82.0  30.9   -9.0   -9.0   -9.0   -9.0   -9.0   -9.0   -9.0 -9 81 -                        3   0   -9 Ci         1   0   0  1802 -9.0 -9.00 -9  26.0  26.1  25.9  23.9  22.4  -9 -9.0 -9  3  1
202507090400 108   5  1.9  -9 -9.0   -9  998.2 1007.8 -9  -9.0  27.8  24.2  81.0  30.2   -9.0   -9.0   -9.0   -9.0   -9.0   -9.0   -9.0 -9 -9 -                        5   0   -9 Ci         1   0   0  2004 -9.0 -9.00 -9  25.7  26.0  25.7  23.6  22.2  -9 -9.0 -9  3  2
202507090500 108   5  1.8  -9 -9.0   -9  998.6 1008.3 -9  -9.0  27.6  24.2  82.0  30.2   -9.0   -9.0   -9.0   -9.0   -9.0   -9.0   -9.0 -9 -9 -                        2   0   -9 Ci         1   0   0  1887 -9.0 -9.00 -9  25.4  25.9  25.5  23.5  22.1  -9 -9.0 -9  3  2
202507090600 108   5  2.4  -9 -9.0   -9  999.3 1009.0  2   1.3  27.5  23.7  80.0  29.3   -9.0   -9.0   -9.0   -9.0   -9.0   -9.0   -9.0 -9 -9 -                        3   0   -9 Ci         1   0   0  2034  0.0  0.04 -9  25.4  25.6  25.4  23.4  22.0  -9 -9.0 -9  3  2
202507090700 108   7  1.7  -9 -9.0   -9  999.8 1009.5 -9  -9.0  27.9  23.4  77.0  28.8   -9.0   -9.0   -9.0   -9.0   -9.0   -9.0   -9.0 -9 -9 -                        4   1   12 ScCi       1   0   5  2088  0.2  0.32 -9  26.0  24.8  25.3  23.3  22.0  -9 -9.0 -9  3  2
202507090800 108   5  2.7  -9 -9.0   -9  999.9 1009.5 -9  -9.0  29.7  23.8  71.0  29.5   -9.0   -9.0   -9.0   -9.0   -9.0   -9.0   -9.0 -9 -9 -                        4   4   12 Sc         0   0   5  2053  1.0  1.07 -9  29.6  25.2  25.4  23.5  22.3  -9 -9.0 -9  3  2
202507090900 108   7  2.3  -9 -9.0   -9  999.9 1009.4  0   0.4  31.3  23.4  63.0  28.8   -9.0   -9.0   -9.0   -9.0   -9.0   -9.0   -9.0 -9 -9 -                        5   5   12 Sc         0   0   5  2335  1.0  2.02 -9  33.2  25.6  25.8  23.8  22.7  -9 -9.0 -9  3  2
202507091000 108   7  2.8  -9 -9.0   -9  999.6 1009.1 -9  -9.0  32.3  24.0  62.0  29.8   -9.0   -9.0   -9.0   -9.0   -9.0   -9.0   -9.0 -9 -9 -                        1   1   15 Sc         0   0   5  2310  0.8  2.30 -9  35.6  26.2  26.3  23.8  22.7  -9 -9.0 -9  3  2
202507091100 108   7  2.5  -9 -9.0   -9  999.6 1009.1 -9  -9.0  33.6  23.8  57.0  29.5   -9.0   -9.0   -9.0   -9.0   -9.0   -9.0   -9.0 -9 -9 -                        2   2   10 Sc         0   0   5  2591  1.0  3.05 -9  38.0  26.8  26.8  23.8  22.6  -9 -9.0 -9  3  2
202507091200 108   5  2.2  -9 -9.0   -9  999.1 1008.6  7  -0.8  33.8  23.4  55.0  28.8   -9.0   -9.0   -9.0   -9.0   -9.0   -9.0   -9.0 -9 -9 -                        4   4   13 Sc         0   0   5  2542  0.8  2.96 -9  36.4  27.8  27.5  23.9  22.6  -9 -9.0 -9  3  2
202507091300 108   5  2.3  -9 -9.0   -9  998.7 1008.1 -9  -9.0  34.0  23.0  53.0  28.1   -9.0   -9.0   -9.0   -9.0   -9.0   -9.0   -9.0 -9 -9 -                        3   3   10 Sc         0   0   5  2850  0.4  2.03 -9  36.1  28.1  27.9  23.9  22.5  -9 -9.0 -9  3  2
202507091400 108   5  2.5  -9 -9.0   -9  998.0 1007.4 -9  -9.0  35.4  22.7  48.0  27.6   -9.0   -9.0   -9.0   -9.0   -9.0   -9.0   -9.0 -9 -9 -                        3   3   10 Sc         0   0   5  3332  0.8  3.22 -9  39.8  28.8  28.4  24.1  22.5  -9 -9.0 -9  3  2
202507091500 108   7  2.2  -9 -9.0   -9  997.6 1007.0  7  -1.6  35.4  22.7  48.0  27.6   -9.0   -9.0   -9.0   -9.0   -9.0   -9.0   -9.0 -9 -9 -                        3   3   15 Sc         0   0   5  2708  0.7  2.45 -9  37.1  29.3  28.9  24.2  22.5  -9 -9.0 -9  3  2
202507091600 108   9  2.1  -9 -9.0   -9  997.3 1006.7 -9  -9.0  35.5  22.0  46.0  26.4   -9.0   -9.0   -9.0   -9.0   -9.0   -9.0   -9.0 -9 -9 -                        3   3   15 Sc         0   0   5  3111  0.5  1.60 -9  35.0  29.6  29.1  24.5  22.6  -9 -9.0 -9  3  2
202507091700 108   5  1.9  -9 -9.0   -9  997.0 1006.4 -9  -9.0  35.4  22.3  47.0  26.9   -9.0   -9.0   -9.0   -9.0   -9.0   -9.0   -9.0 -9 -9 -                        3   3   15 Sc         0   0   5  2983  0.4  1.26 -9  32.9  29.3  29.1  24.7  22.7  -9 -9.0 -9  3  2
202507091800 108  11  1.8  -9 -9.0   -9  996.9 1006.3  7  -0.7  35.3  22.6  48.0  27.4   -9.0   -9.0   -9.0   -9.0   -9.0   -9.0   -9.0 -9 -9 -                        5   5   17 Sc         0   0   5  3046  0.4  0.90 -9  32.2  29.2  29.0  24.9  22.8  -9 -9.0 -9  3  2
202507091900 108  14  2.0  -9 -9.0   -9  997.2 1006.6 -9  -9.0  34.4  22.7  51.0  27.6   -9.0   -9.0   -9.0   -9.0   -9.0   -9.0   -9.0 -9 -9 -                        4   4   17 -         -9  -9  -9  2861  0.0  0.28 -9  30.5  29.0  28.9  25.0  22.8  -9 -9.0 -9  3 -9
202507092000 108   7  2.2  -9 -9.0   -9  997.6 1007.1 -9  -9.0  33.5  22.6  53.0  27.4   -9.0   -9.0   -9.0   -9.0   -9.0   -9.0   -9.0 -9 -9 -                        0   0   -9 -         -9  -9  -9  2846  0.0  0.05 -9  29.0  28.9  28.5  25.0  22.8  -9 -9.0 -9  3 -9
202507092100 108   7  1.3  -9 -9.0   -9  998.1 1007.6  2   1.3  32.9  22.3  54.0  26.9   -9.0   -9.0   -9.0   -9.0   -9.0   -9.0   -9.0 -9 -9 -                        1   1   15 Sc         0   0   5  3032 -9.0 -9.00 -9  28.1  28.3  28.2  25.1  23.0  -9 -9.0 -9  3  2
202507092200 108   5  3.3  -9 -9.0   -9  998.6 1008.1 -9  -9.0  32.1  21.6  54.0  25.8   -9.0   -9.0   -9.0   -9.0   -9.0   -9.0   -9.0 -9 -9 -                        0   0   -9 -         -9  -9  -9  3142 -9.0 -9.00 -9  26.9  28.0  27.9  25.1  23.1  -9 -9.0 -9  3 -9
202507092300 108   7  3.1  -9 -9.0   -9  999.2 1008.7 -9  -9.0  31.3  22.0  58.0  26.4   -9.0   -9.0   -9.0   -9.0   -9.0   -9.0   -9.0 -9 -9 -                        0   0   -9 -         -9  -9  -9  3170 -9.0 -9.00 -9  26.4  27.6  27.5  25.1  23.1  -9 -9.0 -9  3 -9
202507100000 108   7  3.1  -9 -9.0   -9  999.5 1009.0  2   1.4  30.9  21.9  59.0  26.3   -9.0   -9.0   -9.0   -9.0   -9.0   -9.0   -9.0 -9 -9 -                        3   3   14 Sc         0   0   5  3122 -9.0 -9.00 -9  26.5  27.3  27.2  25.0  23.2  -9 -9.0 -9  3  2
202507100100 108   7  2.3  -9 -9.0   -9  999.8 1009.4 -9  -9.0  30.1  22.0  62.0  26.4   -9.0   -9.0   -9.0   -9.0   -9.0   -9.0   -9.0 -9 -9 -                        0   0   -9 -         -9  -9  -9  3076 -9.0 -9.00 -9  25.9  27.4  26.9  24.9  23.2  -9 -9.0 -9  3 -9
202507100200 108   5  2.6  -9 -9.0   -9  999.6 1009.2 -9  -9.0  29.3  21.7  64.0  26.0   -9.0   -9.0   -9.0   -9.0   -9.0   -9.0   -9.0 -9 -9 -                        0   0   -9 -         -9  -9  -9  3320 -9.0 -9.00 -9  25.2  26.6  26.7  24.8  23.2  -9 -9.0 -9  3 -9
202507100300 108   5  2.0  -9 -9.0   -9  999.9 1009.5  2   0.5  28.7  21.4  65.0  25.5   -9.0   -9.0   -9.0   -9.0   -9.0   -9.0   -9.0 -9 -9 -                        1   1   12 Sc         0   0   5  3125 -9.0 -9.00 -9  24.8  26.4  26.5  24.8  23.3  -9 -9.0 -9  3  2
202507100400 108   7  2.4  -9 -9.0   -9 1000.1 1009.7 -9  -9.0  28.2  20.7  64.0  24.4   -9.0   -9.0   -9.0   -9.0   -9.0   -9.0   -9.0 -9 -9 -                        8   8   15 Sc         0   0   5  3326 -9.0 -9.00 -9  24.6  26.1  26.2  24.7  23.3  -9 -9.0 -9  3  2
202507100500 108   5  2.1  -9 -9.0   -9 1000.3 1010.0 -9  -9.0  27.8  20.1  63.0  23.5   -9.0   -9.0   -9.0   -9.0   -9.0   -9.0   -9.0 -9 -9 -                        5   5   18 Sc         0   0   5  3334 -9.0 -9.00 -9  24.1  25.9  26.0  24.5  23.2  -9 -9.0 -9  3  2
202507100600 108   5  3.7  -9 -9.0   -9 1000.3 1010.0  1   0.5  27.3  19.8  64.0  23.1   -9.0   -9.0   -9.0   -9.0   -9.0   -9.0   -9.0 -9 -9 -                        1   1   17 Sc         0   0   5  3511  0.0  0.04 -9  23.8  25.7  25.8  24.5  23.2  -9 -9.0 -9  3  2
202507100700 108   7  2.8  -9 -9.0   -9 1000.6 1010.3 -9  -9.0  27.6  19.9  63.0  23.2   -9.0   -9.0   -9.0   -9.0   -9.0   -9.0   -9.0 -9 -9 -                        0   0   -9 -         -9  -9  -9  3563  0.8  0.39 -9  24.8  25.6  25.6  24.4  23.2  -9 -9.0 -9  3  2
202507100800 108   5  3.0  -9 -9.0   -9 1001.0 1010.6 -9  -9.0  29.4  19.4  55.0  22.5   -9.0   -9.0   -9.0   -9.0   -9.0   -9.0   -9.0 -9 -9 -                        2   2   28 Ac         0   3   0  3338  1.0  1.16 -9  29.3  25.7  25.7  24.4  23.3  -9 -9.0 -9  3  2
202507100900 108   7  2.2  -9 -9.0   -9 1001.1 1010.7  2   0.7  31.0  19.0  49.0  22.0   -9.0   -9.0   -9.0   -9.0   -9.0   -9.0   -9.0 -9 -9 -                        1   1   30 Ac         0   3   0  3941  1.0  1.99 -9  33.5  26.1  25.9  24.4  23.4  -9 -9.0 -9  3  2
202507101000 108   5  3.0  -9 -9.0   -9 1001.1 1010.6 -9  -9.0  32.1  17.9  43.0  20.5   -9.0   -9.0   -9.0   -9.0   -9.0   -9.0   -9.0 -9 -9 -                        1   1   40 Ac         0   3   0  3788  1.0  2.53 -9  36.1  26.6  26.3  24.3  23.4  -9 -9.0 -9  3  2
202507101100 108   7  2.9  -9 -9.0   -9 1000.8 1010.3 -9  -9.0  33.4  18.7  42.0  21.6   -9.0   -9.0   -9.0   -9.0   -9.0   -9.0   -9.0 -9 -9 -                        0   0   -9 -         -9  -9  -9  3541  1.0  3.07 -9  39.4  27.3  26.8  24.3  23.3  -9 -9.0 -9  3  2
202507101200 108   7  3.2  -9 -9.0   -9 1000.5 1010.0  7  -0.7  34.1  19.3  42.0  22.4   -9.0   -9.0   -9.0   -9.0   -9.0   -9.0   -9.0 -9 -9 -                        0   0   -9 -         -9  -9  -9  3790  1.0  3.43 -9  42.2  28.2  27.4  24.3  23.2  -9 -9.0 -9  3  2
202507101300 108   7  3.2  -9 -9.0   -9 1000.1 1009.5 -9  -9.0  34.5  18.9  40.0  21.8   -9.0   -9.0   -9.0   -9.0   -9.0   -9.0   -9.0 -9 -9 -                        0   0   -9 -         -9  -9  -9  4079  1.0  3.55 -9  43.8  28.8  28.1  24.3  23.0  -9 -9.0 -9  3  2
202507101400 108   7  3.0  -9 -9.0   -9  999.8 1009.2 -9  -9.0  35.4  19.3  39.0  22.4   -9.0   -9.0   -9.0   -9.0   -9.0   -9.0   -9.0 -9 -9 -                        0   0   -9 -         -9  -9  -9  4023  1.0  3.48 -9  45.5  29.4  28.8  24.5  23.0  -9 -9.0 -9  3  2
202507101500 108   5  2.7  -9 -9.0   -9  999.4 1008.8  7  -1.2  35.7  18.7  37.0  21.6   -9.0   -9.0   -9.0   -9.0   -9.0   -9.0   -9.0 -9 -9 -                        0   0   -9 -         -9  -9  -9  3742  1.0  3.19 -9  45.4  29.9  29.4  24.6  22.9  -9 -9.0 -9  3  2
202507101600 108   5  3.6  -9 -9.0   -9  999.0 1008.4 -9  -9.0  36.1  18.6  36.0  21.4   -9.0   -9.0   -9.0   -9.0   -9.0   -9.0   -9.0 -9 -9 -                        0   0   -9 -         -9  -9  -9  4252  1.0  2.73 -9  43.7  30.3  29.7  25.0  23.1  -9 -9.0 -9  3  2
202507101700 108   9  3.1  -9 -9.0   -9  998.7 1008.1 -9  -9.0  36.0  18.1  35.0  20.8   -9.0   -9.0   -9.0   -9.0   -9.0   -9.0   -9.0 -9 -9 -                        0   0   -9 -         -9  -9  -9  3550  1.0  2.13 -9  40.0  30.2  29.8  25.4  23.4  -9 -9.0 -9  3  2
202507101800 108   9  2.7  -9 -9.0   -9  998.6 1008.0  7  -0.8  35.5  17.2  34.0  19.6   -9.0   -9.0   -9.0   -9.0   -9.0   -9.0   -9.0 -9 -9 -                        0   0   -9 -         -9  -9  -9  3442  1.0  1.42 -9  35.6  30.4  29.7  25.6  23.5  -9 -9.0 -9  3  2
202507101900 108   5  4.3  -9 -9.0   -9  998.9 1008.4 -9  -9.0  33.9  15.8  34.0  17.9   -9.0   -9.0   -9.0   -9.0   -9.0   -9.0   -9.0 -9 -9 -                        0   0   -9 -         -9  -9  -9  3697  1.0  0.69 -9  32.1  30.5  29.3  25.6  23.4  -9 -9.0 -9  3 -9
202507102000 108   5  4.3  -9 -9.0   -9  999.5 1009.0 -9  -9.0  32.2  14.7  35.0  16.7   -9.0   -9.0   -9.0   -9.0   -9.0   -9.0   -9.0 -9 -9 -                        0   0   -9 -         -9  -9  -9  3799  0.5  0.15 -9  29.5  29.9  30.0  28.5  26.7  -9 -9.0 -9  3 -9
202507102100 108   7  3.2  -9 -9.0   -9 1000.3 1009.9  2   1.9  31.0  15.4  39.0  17.5   -9.0   -9.0   -9.0   -9.0   -9.0   -9.0   -9.0 -9 -9 -                        0   0   -9 -         -9  -9  -9  3964 -9.0 -9.00 -9  27.9  29.2  29.3  28.2  26.5  -9 -9.0 -9  3  2
202507102200 108   7  3.3  -9 -9.0   -9 1000.9 1010.5 -9  -9.0  29.9  14.8  40.0  16.8   -9.0   -9.0   -9.0   -9.0   -9.0   -9.0   -9.0 -9 -9 -                        3   1   -9 -         -9  -9  -9  3992 -9.0 -9.00 -9  26.9  28.7  28.9  28.3  26.8  -9 -9.0 -9  3 -9
202507102300 108   7  3.8  -9 -9.0   -9 1001.4 1011.0 -9  -9.0  28.9  14.6  42.0  16.6   -9.0   -9.0   -9.0   -9.0   -9.0   -9.0   -9.0 -9 -9 -                        0   0   -9 -         -9  -9  -9  4175 -9.0 -9.00 -9  26.1  28.2  28.5  28.2  26.9  -9 -9.0 -9  3 -9
202507110000 108   5  3.5  -9 -9.0   -9 1001.5 1011.1  2   1.2  28.0  14.2  43.0  16.2   -9.0   -9.0   -9.0   -9.0   -9.0   -9.0   -9.0 -9 -9 -                        0   0   -9 -         -9  -9  -9  4127 -9.0 -9.00 -9  25.4  27.8  28.0  28.0  26.9  -9 -9.0 -9  3  2
202507110100 108   7  3.8  -9 -9.0   -9 1001.6 1011.3 -9  -9.0  27.1  14.1  45.0  16.1   -9.0   -9.0   -9.0   -9.0   -9.0   -9.0   -9.0 -9 -9 -                        0   0   -9 -         -9  -9  -9  3902 -9.0 -9.00 -9  24.5  27.1  27.6  27.9  26.8  -9 -9.0 -9  3 -9
202507110200 108   7  4.0  -9 -9.0   -9 1001.5 1011.2 -9  -9.0  26.4  14.8  49.0  16.8   -9.0   -9.0   -9.0   -9.0   -9.0   -9.0   -9.0 -9 -9 -                        0   0   -9 -         -9  -9  -9  4167 -9.0 -9.00 -9  24.1  26.9  27.3  27.7  26.7  -9 -9.0 -9  3 -9
202507110300 108   7  3.1  -9 -9.0   -9 1001.2 1010.9  8  -0.2  25.8  14.5  50.0  16.5   -9.0   -9.0   -9.0   -9.0   -9.0   -9.0   -9.0 -9 -9 -                        1   0   -9 Ci         1   0   0  4008 -9.0 -9.00 -9  23.4  26.3  26.9  27.5  26.7  -9 -9.0 -9  3  2
202507110400 108   7  3.4  -9 -9.0   -9 1001.3 1011.1 -9  -9.0  25.3  15.0  53.0  17.0   -9.0   -9.0   -9.0   -9.0   -9.0   -9.0   -9.0 -9 -9 -                        3   0   -9 Ci         1   0   0  3896 -9.0 -9.00 -9  23.1  26.0  26.5  27.2  26.5  -9 -9.0 -9  3  2
202507110500 108   5  3.6  -9 -9.0   -9 1001.6 1011.4 -9  -9.0  24.8  15.4  56.0  17.5   -9.0   -9.0   -9.0   -9.0   -9.0   -9.0   -9.0 -9 -9 -                        3   0   -9 Ci         1   0   0  3851 -9.0 -9.00 -9  22.7  25.7  26.2  26.9  26.3  -9 -9.0 -9  3  2
202507110600 108   7  3.1  -9 -9.0   -9 1002.3 1012.1  2   1.2  24.6  15.7  58.0  17.8   -9.0   -9.0   -9.0   -9.0   -9.0   -9.0   -9.0 -9 -9 -                        0   0   -9 -         -9  -9  -9  4042  0.0  0.03 -9  22.6  25.4  25.9  26.6  26.1  -9 -9.0 -9  3  2
202507110700 108   5  4.7  -9 -9.0   -9 1002.5 1012.3 -9  -9.0  25.3  16.1  57.0  18.3   -9.0   -9.0   -9.0   -9.0   -9.0   -9.0   -9.0 -9 -9 -                        0   0   -9 -         -9  -9  -9  4225  0.9  0.48 -9  23.9  25.6  25.6  26.3  25.9  -9 -9.0 -9  3  2
202507110800 108   5  4.2  -9 -9.0   -9 1002.6 1012.3 -9  -9.0  27.1  16.3  52.0  18.5   -9.0   -9.0   -9.0   -9.0   -9.0   -9.0   -9.0 -9 -9 -                        0   0   -9 -         -9  -9  -9  4238  1.0  1.23 -9  29.8  25.8  25.6  26.2  25.7  -9 -9.0 -9  3  2
202507110900 108   7  3.6  -9 -9.0   -9 1002.5 1012.2  0   0.1  28.8  17.0  49.0  19.4   -9.0   -9.0   -9.0   -9.0   -9.0   -9.0   -9.0 -9 -9 -                        0   0   -9 -         -9  -9  -9  3910  1.0  1.94 -9  35.3  26.2  25.8  25.9  25.6  -9 -9.0 -9  3  2
202507111000 108   9  3.0  -9 -9.0   -9 1002.4 1012.0 -9  -9.0  30.2  17.6  47.0  20.1   -9.0   -9.0   -9.0   -9.0   -9.0   -9.0   -9.0 -9 -9 -                        0   0   -9 -         -9  -9  -9  4087  1.0  2.58 -9  40.5  26.9  26.3  25.8  25.5  -9 -9.0 -9  3  2
202507111100 108   9  3.5  -9 -9.0   -9 1002.1 1011.7 -9  -9.0  31.4  18.0  45.0  20.6   -9.0   -9.0   -9.0   -9.0   -9.0   -9.0   -9.0 -9 -9 -                        0   0   -9 -         -9  -9  -9  4013  1.0  3.09 -9  44.5  27.8  26.9  25.8  25.4  -9 -9.0 -9  3  2
202507111200 108   9  3.9  -9 -9.0   -9 1002.0 1011.5  7  -0.7  32.5  18.6  44.0  21.4   -9.0   -9.0   -9.0   -9.0   -9.0   -9.0   -9.0 -9 -9 -                        0   0   -9 -         -9  -9  -9  3333  1.0  3.47 -9  47.3  28.7  27.7  25.8  25.3  -9 -9.0 -9  3  2
202507111300 108   7  2.8  -9 -9.0   -9 1001.7 1011.2 -9  -9.0  33.5  18.0  40.0  20.6   -9.0   -9.0   -9.0   -9.0   -9.0   -9.0   -9.0 -9 -9 -                        0   0   -9 -         -9  -9  -9  3309  1.0  3.59 -9  49.6  29.7  28.6  25.8  25.1  -9 -9.0 -9  3  2
202507111400 108   5  3.7  -9 -9.0   -9 1000.9 1010.4 -9  -9.0  34.3  19.1  41.0  22.1   -9.0   -9.0   -9.0   -9.0   -9.0   -9.0   -9.0 -9 -9 -                        0   0   -9 -         -9  -9  -9  3889  1.0  3.53 -9  50.6  30.7  29.4  25.9  25.0  -9 -9.0 -9  3  2
202507111500 108   7  2.6  -9 -9.0   -9 1000.5 1009.9  7  -1.6  35.0  18.5  38.0  21.3   -9.0   -9.0   -9.0   -9.0   -9.0   -9.0   -9.0 -9 -9 -                        0   0   -9 -         -9  -9  -9  4172  1.0  3.23 -9  53.5  31.4  30.1  26.3  25.0  -9 -9.0 -9  3  2
202507111600 108   7  2.8  -9 -9.0   -9 1000.2 1009.6 -9  -9.0  35.7  18.7  37.0  21.6   -9.0   -9.0   -9.0   -9.0   -9.0   -9.0   -9.0 -9 -9 -                        0   0   -9 -         -9  -9  -9  3116  1.0  2.77 -9  51.5  31.8  30.6  26.6  25.2  -9 -9.0 -9  3  2
202507111700 108   7  2.7  -9 -9.0   -9  999.9 1009.3 -9  -9.0  36.0  18.1  35.0  20.8   -9.0   -9.0   -9.0   -9.0   -9.0   -9.0   -9.0 -9 -9 -                        0   0   -9 -         -9  -9  -9  3529  1.0  2.14 -9  46.5  31.9  30.9  26.9  25.3  -9 -9.0 -9  3  2
202507111800 108   7  2.4  -9 -9.0   -9  999.6 1009.0  7  -0.9  35.6  19.0  38.0  22.0   -9.0   -9.0   -9.0   -9.0   -9.0   -9.0   -9.0 -9 -9 -                        0   0   -9 -         -9  -9  -9  3173  1.0  1.43 -9  37.3  31.7  30.9  27.2  25.4  -9 -9.0 -9  3  2
202507111900 108   7  2.7  -9 -9.0   -9  999.9 1009.4 -9  -9.0  34.2  18.2  39.0  20.9   -9.0   -9.0   -9.0   -9.0   -9.0   -9.0   -9.0 -9 -9 -                        0   0   -9 -         -9  -9  -9  3637  1.0  0.69 -9  32.7  31.2  30.6  27.4  25.6  -9 -9.0 -9  3 -9
202507112000 108   7  3.7  -9 -9.0   -9 1000.4 1009.9 -9  -9.0  32.5  18.2  43.0  20.9   -9.0   -9.0   -9.0   -9.0   -9.0   -9.0   -9.0 -9 -9 -                        0   0   -9 -         -9  -9  -9  3810  0.6  0.15 -9  29.8  30.6  30.4  28.2  26.5  -9 -9.0 -9  3 -9
202507112100 108   5  4.6  -9 -9.0   -9 1000.9 1010.5  2   1.5  30.9  18.2  47.0  20.9   -9.0   -9.0   -9.0   -9.0   -9.0   -9.0   -9.0 -9 -9 -                        0   0   -9 -         -9  -9  -9  4090 -9.0 -9.00 -9  28.1  29.7  29.9  28.4  26.7  -9 -9.0 -9  3  2
202507112200 108   7  3.5  -9 -9.0   -9 1001.4 1011.0 -9  -9.0  29.8  18.2  50.0  20.9   -9.0   -9.0   -9.0   -9.0   -9.0   -9.0   -9.0 -9 -9 -                        0   0   -9 -         -9  -9  -9  4191 -9.0 -9.00 -9  26.8  29.0  29.3  28.4  26.9  -9 -9.0 -9  3 -9
202507112300 108   5  2.8  -9 -9.0   -9 1001.9 1011.5 -9  -9.0  28.8  17.6  51.0  20.1   -9.0   -9.0   -9.0   -9.0   -9.0   -9.0   -9.0 -9 -9 -                        0   0   -9 -         -9  -9  -9  4123 -9.0 -9.00 -9  26.0  28.7  28.8  28.4  27.0  -9 -9.0 -9  3 -9
202507120000 108   7  2.5  -9 -9.0   -9 1001.8 1011.4  0   0.9  28.0  17.5  53.0  20.0   -9.0   -9.0   -9.0   -9.0   -9.0   -9.0   -9.0 -9 -9 -                        0   0   -9 -         -9  -9  -9  4236 -9.0 -9.00 -9  25.1  28.1  28.4  28.2  27.0  -9 -9.0 -9  3  2
202507120100 108   7  2.9  -9 -9.0   -9 1001.7 1011.4 -9  -9.0  27.2  16.7  53.0  19.0   -9.0   -9.0   -9.0   -9.0   -9.0   -9.0   -9.0 -9 -9 -                        0   0   -9 -         -9  -9  -9  4170 -9.0 -9.00 -9  24.4  27.7  28.0  28.1  27.0  -9 -9.0 -9  3 -9
202507120200 108   5  3.5  -9 -9.0   -9 1001.2 1010.9 -9  -9.0  26.6  16.5  54.0  18.8   -9.0   -9.0   -9.0   -9.0   -9.0   -9.0   -9.0 -9 -9 -                        0   0   -9 -         -9  -9  -9  4220 -9.0 -9.00 -9  23.4  26.8  27.6  27.9  27.0  -9 -9.0 -9  3 -9
202507120300 108   7  3.5  -9 -9.0   -9 1001.0 1010.7  7  -0.7  26.0  16.2  55.0  18.4   -9.0   -9.0   -9.0   -9.0   -9.0   -9.0   -9.0 -9 -9 -                        0   0   -9 -         -9  -9  -9  3997 -9.0 -9.00 -9  22.4  25.5  27.2  27.8  27.0  -9 -9.0 -9  3  2
202507120400 108   7  2.8  -9 -9.0   -9 1000.9 1010.7 -9  -9.0  25.4  15.9  56.0  18.1   -9.0   -9.0   -9.0   -9.0   -9.0   -9.0   -9.0 -9 -9 -                        0   0   -9 -         -9  -9  -9  4085 -9.0 -9.00 -9  22.1  25.6  26.9  27.6  26.9  -9 -9.0 -9  3  2
202507120500 108   7  2.6  -9 -9.0   -9 1001.0 1010.8 -9  -9.0  24.8  15.4  56.0  17.5   -9.0   -9.0   -9.0   -9.0   -9.0   -9.0   -9.0 -9 -9 -                        0   0   -9 -         -9  -9  -9  4342 -9.0 -9.00 -9  21.3  25.0  26.4  26.9  26.3  -9 -9.0 -9  3  2
202507120600 108   7  1.3  -9 -9.0   -9 1001.1 1010.9  2   0.2  24.4  15.5  58.0  17.6   -9.0   -9.0   -9.0   -9.0   -9.0   -9.0   -9.0 -9 -9 -                        0   0   -9 -         -9  -9  -9  4374  0.0  0.03 -9  21.4  25.0  26.0  26.6  26.0  -9 -9.0 -9  3  2
202507120700 108   9  2.4  -9 -9.0   -9 1001.1 1010.9 -9  -9.0  25.1  15.6  56.0  17.7   -9.0   -9.0   -9.0   -9.0   -9.0   -9.0   -9.0 -9 -9 -                        0   0   -9 -         -9  -9  -9  3802  0.9  0.45 -9  23.3  25.3  25.8  26.6  26.1  -9 -9.0 -9  3  2
202507120800 108   5  2.3  -9 -9.0   -9 1000.9 1010.6 -9  -9.0  27.3  15.9  50.0  18.1   -9.0   -9.0   -9.0   -9.0   -9.0   -9.0   -9.0 -9 -9 -                        1   0   -9 Ci         1   0   0  4198  1.0  1.24 -9  32.2  25.6  25.7  26.3  25.9  -9 -9.0 -9  3  2
202507120900 108   5  2.6  -9 -9.0   -9 1000.5 1010.1  7  -0.8  29.1  16.2  46.0  18.4   -9.0   -9.0   -9.0   -9.0   -9.0   -9.0   -9.0 -9 -9 -                        1   0   -9 Ci         1   0   0  4162  1.0  1.95 -9  39.6  26.1  26.0  26.0  25.7  -9 -9.0 -9  3  2
202507121000 108   9  3.3  -9 -9.0   -9  999.9 1009.5 -9  -9.0  30.6  15.4  40.0  17.5   -9.0   -9.0   -9.0   -9.0   -9.0   -9.0   -9.0 -9 -9 -                        0   0   -9 -         -9  -9  -9  3980  1.0  2.62 -9  46.5  26.7  26.6  26.0  25.7  -9 -9.0 -9  3  2
202507121100 108   7  2.5  -9 -9.0   -9  999.6 1009.1 -9  -9.0  32.2  15.6  37.0  17.7   -9.0   -9.0   -9.0   -9.0   -9.0   -9.0   -9.0 -9 -9 -                        0   0   -9 -         -9  -9  -9  3834  1.0  3.14 -9  52.6  28.0  27.4  26.0  25.6  -9 -9.0 -9  3  2
202507121200 108  11  2.0  -9 -9.0   -9  999.0 1008.5  7  -1.6  33.3  16.6  37.0  18.9   -9.0   -9.0   -9.0   -9.0   -9.0   -9.0   -9.0 -9 -9 -                        1   0   -9 Ci         1   0   0  4238  1.0  3.51 -9  57.2  29.0  28.3  26.0  25.4  -9 -9.0 -9  3  2
202507121300 108   9  1.7  -9 -9.0   -9  998.3 1007.7 -9  -9.0  34.3  15.2  32.0  17.3   -9.0   -9.0   -9.0   -9.0   -9.0   -9.0   -9.0 -9 -9 -                        2   0   -9 Ci         1   0   0  3729  1.0  3.65 -9  60.0  30.3  29.4  26.1  25.3  -9 -9.0 -9  3  2
202507121400 108   2  2.1  -9 -9.0   -9  997.5 1006.9 -9  -9.0  35.2  15.0  30.0  17.0   -9.0   -9.0   -9.0   -9.0   -9.0   -9.0   -9.0 -9 -9 -                        3   0   -9 Ci         1   0   0  4233  1.0  3.54 -9  59.8  31.1  30.3  26.3  25.3  -9 -9.0 -9  3  2
202507121500 108  11  2.2  -9 -9.0   -9  996.8 1006.2  7  -2.3  35.9  15.0  29.0  17.0   -9.0   -9.0   -9.0   -9.0   -9.0   -9.0   -9.0 -9 -9 -                        3   0   -9 Ci         1   0   0  3698  1.0  3.17 -9  57.8  31.5  31.1  26.7  25.3  -9 -9.0 -9  3  2
202507121600 108  16  2.5  -9 -9.0   -9  996.2 1005.6 -9  -9.0  36.2  14.7  28.0  16.7   -9.0   -9.0   -9.0   -9.0   -9.0   -9.0   -9.0 -9 -9 -                        4   0   -9 Ci         1   0   0  3723  1.0  2.72 -9  52.7  32.5  31.5  27.0  25.5  -9 -9.0 -9  3  2
202507121700 108  14  2.9  -9 -9.0   -9  995.8 1005.2 -9  -9.0  36.0  15.1  29.0  17.2   -9.0   -9.0   -9.0   -9.0   -9.0   -9.0   -9.0 -9 -9 -                        5   0   -9 Ci         1   0   0  4264  1.0  2.08 -9  47.5  31.6  31.7  27.4  25.6  -9 -9.0 -9  3  2
202507121800 108  27  2.7  -9 -9.0   -9  995.6 1005.0  7  -1.2  34.9  18.4  38.0  21.2   -9.0   -9.0   -9.0   -9.0   -9.0   -9.0   -9.0 -9 -9 -                        5   0   -9 Ci         1   0   0  3929  1.0  1.24 -9  37.5  30.9  31.5  27.7  25.7  -9 -9.0 -9  3  2
202507121900 108  27  2.4  -9 -9.0   -9  995.6 1005.1 -9  -9.0  32.8  20.3  48.0  23.8   -9.0   -9.0   -9.0   -9.0   -9.0   -9.0   -9.0 -9 -9 -                        4   1   -9 -         -9  -9  -9  3491  1.0  0.56 -9  32.6  31.3  30.2  25.9  23.5  -9 -9.0 -9  3 -9
202507122000 108  25  2.1  -9 -9.0   -9  995.6 1005.1 -9  -9.0  31.4  20.0  51.0  23.4   -9.0   -9.0   -9.0   -9.0   -9.0   -9.0   -9.0 -9 -9 -                        5   1   -9 -         -9  -9  -9  3915  0.3  0.12 -9  29.5  31.0  30.2  27.2  25.1  -9 -9.0 -9  3 -9
202507122100 108  23  1.6  -9 -9.0   -9  995.9 1005.4  2   0.4  30.6  19.9  53.0  23.2   -9.0   -9.0   -9.0   -9.0   -9.0   -9.0   -9.0 -9 -9 -                        4   0   -9 Ci         1   0   0  3779 -9.0 -9.00 -9  27.7  30.2  29.0  26.0  23.7  -9 -9.0 -9  3  2
202507122200 108  25  2.0  -9 -9.0   -9  996.0 1005.6 -9  -9.0  29.7  20.2  57.0  23.7   -9.0   -9.0   -9.0   -9.0   -9.0   -9.0   -9.0 -9 -9 -                        7   1   -9 -         -9  -9  -9  3480 -9.0 -9.00 -9  26.6  29.6  28.4  26.0  23.9  -9 -9.0 -9  3 -9
202507122300 108  25  2.4  -9 -9.0   -9  996.1 1005.7 -9  -9.0  28.8  20.2  60.0  23.7   -9.0   -9.0   -9.0   -9.0   -9.0   -9.0   -9.0 -9 -9 -                        7   1   -9 -         -9  -9  -9  3294 -9.0 -9.00 -9  26.1  29.0  27.9  25.9  24.0  -9 -9.0 -9  3 -9
202507130000 108  18  1.5  -9 -9.0   -9  995.9 1005.5  0   0.1  28.2  20.7  64.0  24.4   -9.0   -9.0   -9.0   -9.0   -9.0   -9.0   -9.0 -9 -9 -                        7   0   -9 Ci         1   0   0  3158 -9.0 -9.00 -9  25.7  28.6  27.5  25.8  24.0  -9 -9.0 -9  3  2
202507130100 108  27  1.1  -9 -9.0   -9  995.3 1004.9 -9  -9.0  27.7  20.7  66.0  24.4   -9.0   -9.0   -9.0   -9.0   -9.0   -9.0   -9.0 -9 -9 -                        7   1   -9 -         -9  -9  -9  1321 -9.0 -9.00 -9  24.8  27.9  27.1  25.7  24.0  -9 -9.0 -9  3 -9
202507130200 108   0  0.4  -9 -9.0   -9  995.0 1004.6 -9  -9.0  27.3  20.3  66.0  23.8   -9.0   -9.0   -9.0   -9.0   -9.0   -9.0   -9.0 -9 -9 -                        7   1   -9 -         -9  -9  -9  3068 -9.0 -9.00 -9  24.1  27.5  26.8  25.6  24.1  -9 -9.0 -9  3 -9
202507130300 108  36  0.6  -9 -9.0   -9  994.5 1004.1  7  -1.4  27.0  20.8  69.0  24.6   -9.0   -9.0   -9.0   -9.0   -9.0   -9.0   -9.0 -9 -9 -                        8   0   -9 Ci         1   0   0  2544 -9.0 -9.00 -9  24.1  27.2  26.5  25.4  24.0  -9 -9.0 -9  3  2
202507130400 108   7  0.5  -9 -9.0   -9  993.9 1003.5 -9  -9.0  26.7  20.0  67.0  23.4   -9.0   -9.0   -9.0   -9.0   -9.0   -9.0   -9.0 -9 -9 -                        7   0   -9 Ci         1   0   0  2927 -9.0 -9.00 -9  23.6  26.8  26.2  25.3  24.0  -9 -9.0 -9  3  2
202507130500 108   5  1.4  -9 -9.0   -9  993.7 1003.4 -9  -9.0  26.0  19.3  67.0  22.4   -9.0   -9.0   -9.0   -9.0   -9.0   -9.0   -9.0 -9 -9 -                        8   0   -9 Ci         1   0   0  2669 -9.0 -9.00 -9  23.2  26.6  26.0  25.1  23.9  -9 -9.0 -9  3  2
202507130600 108  36  1.5  -9 -9.0   -9  993.7 1003.4  6  -0.7  25.7  19.5  69.0  22.7   -9.0   -9.0   -9.0   -9.0   -9.0   -9.0   -9.0 -9 -9 -                        8   0   -9 Ci         1   0   0  3038  0.0  0.03 -9  23.5  26.3  25.7  24.9  23.8  -9 -9.0 -9  3  2
202507130700 108   5  0.7  -9 -9.0   -9  993.8 1003.4 -9  -9.0  26.4  19.5  66.0  22.7   -9.0   -9.0   -9.0   -9.0   -9.0   -9.0   -9.0 -9 -9 -                        8   0   -9 Ci         1   0   0  2853  0.3  0.37 -9  26.7  26.6  25.5  24.7  23.7  -9 -9.0 -9  3  2
202507130800 108   5  1.7  -9 -9.0   -9  993.3 1002.9 -9  -9.0  27.8  20.3  64.0  23.8   -9.0   -9.0   -9.0   -9.0   -9.0   -9.0   -9.0 -9 -9 -                        6   0   -9 Ci         1   0   0  3042  0.3  0.73 -9  31.4  26.9  25.6  24.7  23.7  -9 -9.0 -9  3  2
202507130900 108  20  1.4  -9 -9.0   -9  993.0 1002.5  7  -0.9  29.3  20.7  60.0  24.4   -9.0   -9.0   -9.0   -9.0   -9.0   -9.0   -9.0 -9 -9 -                        8   8   48 Ac         0   3   0  2491  0.8  1.51 -9  36.7  27.5  26.9  26.9  26.5  -9 -9.0 -9  3  2
202507131000 108  25  1.6  -9 -9.0   -9  992.5 1002.0 -9  -9.0  30.1  20.9  58.0  24.7   -9.0   -9.0   -9.0   -9.0   -9.0   -9.0   -9.0 -9 -9 -                        8   6   46 AcCi       1   3   0  2206  0.1  1.21 -9  38.4  28.0  27.4  26.8  26.4  -9 -9.0 -9  3  2
202507131100 108  27  1.7  -9 -9.0   -9  992.1 1001.6 -9  -9.0  30.8  21.5  58.0  25.6   -9.0   -9.0   -9.0   -9.0   -9.0   -9.0   -9.0 -9 -9 -                        9   4   13 ScAs       0   2   5  2268  0.1  1.64 -9  38.9  28.6  27.9  26.8  26.3  -9 -9.0 -9  3  2
202507131200 108  27  2.0  -9 -9.0   -9  992.1 1001.6  6  -0.9  30.6  21.3  58.0  25.3    0.0    0.0    0.0   -9.0   -9.0   -9.0   -9.0 21 62 01                      10   7   10 ScAs      -9   2   5  2434  0.0  1.16 -9  37.9  28.9  28.2  26.8  26.2  -9 -9.0 -9  4  1
202507131300 108  27  2.3  -9 -9.0   -9  991.7 1001.2 -9  -9.0  30.7  21.4  58.0  25.5   -9.0    0.0    0.0   -9.0   -9.0   -9.0   -9.0 -9 -9 -                       10   7   10 ScAs      -9   2   5  2107  0.1  1.38 -9  37.9  29.2  28.5  26.9  26.2  -9 -9.0 -9  3  2
202507131400 108  29  3.1  -9 -9.0   -9  991.8 1001.4 -9  -9.0  28.2  21.9  69.0  26.3    0.0    0.0    0.0   -9.0   -9.0   -9.0   -9.0 60 62 01                      10   5   10 ScAs      -9   2   5  1831  0.0  0.44 -9  28.8  28.4  28.5  26.9  26.1  -9 -9.0 -9  4  1
202507131500 108  27  2.1  -9 -9.0   -9  991.0 1000.6  7  -1.0  28.1  22.3  71.0  26.9    0.0    0.0    0.0   -9.0   -9.0   -9.0   -9.0 60 66 01                      10   6   10 ScAs      -9   2   5  2077  0.0  0.42 -9  28.0  28.2  28.2  27.0  26.1  -9 -9.0 -9  4  1
202507131600 108  25  1.9  -9 -9.0   -9  990.1  999.6 -9  -9.0  28.3  21.5  67.0  25.6    0.0    0.0    0.0   -9.0   -9.0   -9.0   -9.0 21 62 01                       9   9   41 Ac         0   3   0  2398  0.0  0.57 -9  29.0  28.1  28.0  27.0  26.1  -9 -9.0 -9  4  1
202507131700 108  27  2.0  -9 -9.0   -9  989.9  999.4 -9  -9.0  28.3  21.0  65.0  24.9   -9.0    0.0    0.0   -9.0   -9.0   -9.0   -9.0 -9 -9 -                       10  10   30 As        -9   2   0  2472  0.0  0.46 -9  28.2  28.1  27.8  26.7  25.7  -9 -9.0 -9  3  2
202507131800 108  27  1.6  -9 -9.0   -9  989.6  999.1  7  -1.5  28.2  21.9  69.0  26.3   -9.0    0.0    0.0   -9.0   -9.0   -9.0   -9.0 -9 62 -                       10  10   30 As        -9   2   0  1975  0.0  0.19 -9  27.3  27.8  27.5  26.3  25.3  -9 -9.0 -9  3  1
202507131900 108  16  1.3  -9 -9.0   -9  989.4  998.9 -9  -9.0  28.1  21.6  68.0  25.8   -9.0    0.0    0.0   -9.0   -9.0   -9.0   -9.0 -9 -9 -                       10   2    8 -         -9  -9  -9  1924  0.0  0.19 -9  27.1  27.7  27.2  26.0  25.0  -9 -9.0 -9  3 -9
202507132000 108  23  1.1  -9 -9.0   -9  989.5  999.1 -9  -9.0  27.8  21.1  67.0  25.0   -9.0    0.0    0.0   -9.0   -9.0   -9.0   -9.0 -9 -9 -                       10   4   42 -         -9  -9  -9  2001  0.0  0.09 -9  26.2  27.5  27.1  26.2  25.2  -9 -9.0 -9  3 -9
202507132100 108  25  1.8  -9 -9.0   -9  989.7  999.3  3   0.2  27.0  21.0  70.0  24.9   -9.0    0.0    0.0   -9.0   -9.0   -9.0   -9.0 -9 62 -                        9   3   42 AcCi       2   3   0  2103 -9.0 -9.00 -9  25.2  27.2  26.9  26.1  25.1  -9 -9.0 -9  3  1
202507132200 108  25  1.0  -9 -9.0   -9  989.7  999.3 -9  -9.0  26.5  19.8  67.0  23.1   -9.0    0.0    0.0   -9.0   -9.0   -9.0   -9.0 -9 -9 -                       10  10   32 -         -9  -9  -9  2579 -9.0 -9.00 -9  24.9  26.8  26.7  26.2  25.3  -9 -9.0 -9  3 -9
202507132300 108  27  1.4  -9 -9.0   -9  988.7  998.3 -9  -9.0  25.9  19.2  67.0  22.2   -9.0    0.0    0.0   -9.0   -9.0   -9.0   -9.0 -9 -9 -                        9   2   51 -         -9  -9  -9  2685 -9.0 -9.00 -9  23.9  26.4  26.4  26.0  25.2  -9 -9.0 -9  3 -9
202507140000 108  27  1.6  -9 -9.0   -9  988.3  997.9  7  -1.4  25.6  19.2  68.0  22.2   -9.0    0.0    0.0   -9.0   -9.0   -9.0   -9.0 -9 -9 -                        9   4   16 ScCi       1   0   5  2164 -9.0 -9.00 -9  23.8  26.2  26.1  25.9  25.1  -9 -9.0 -9  3  2
202507140100 108  29  1.3  -9 -9.0   -9  987.7  997.3 -9  -9.0  25.3  17.9  64.0  20.5   -9.0   -9.0   -9.0   -9.0   -9.0   -9.0   -9.0 -9 -9 -                        9   5   11 -         -9  -9  -9  2525 -9.0 -9.00 -9  24.0  25.9  25.9  25.9  25.2  -9 -9.0 -9  3 -9
202507140200 108  27  2.3  -9 -9.0   -9  986.9  996.5 -9  -9.0  25.1  18.2  66.0  20.9   -9.0   -9.0   -9.0   -9.0   -9.0   -9.0   -9.0 -9 -9 -                        9   8   13 -         -9  -9  -9  2064 -9.0 -9.00 -9  23.5  25.7  25.7  25.7  25.2  -9 -9.0 -9  3 -9
202507140300 108  32  0.9  -9 -9.0   -9  986.1  995.7  7  -2.2  24.7  18.1  67.0  20.8   -9.0   -9.0   -9.0   -9.0   -9.0   -9.0   -9.0 -9 -9 -                        3   3   10 Sc         0   0   5  1902 -9.0 -9.00 -9  23.0  25.5  25.6  25.7  25.3  -9 -9.0 -9  3  2
202507140400 108  27  1.6  -9 -9.0   -9  985.3  994.9 -9  -9.0  24.3  18.4  70.0  21.2   -9.0   -9.0   -9.0   -9.0   -9.0   -9.0   -9.0 -9 -9 -                        1   1    9 Sc         0   0   5  1698 -9.0 -9.00 -9  22.3  25.2  25.4  25.7  25.2  -9 -9.0 -9  3  2
202507140500 108  25  1.5  -9 -9.0   -9  984.9  994.6 -9  -9.0  23.9  18.7  73.0  21.6   -9.0   -9.0   -9.0   -9.0   -9.0   -9.0   -9.0 -9 -9 -                        1   1   30 Ac         0   3   0  1192 -9.0 -9.00 -9  21.9  25.0  25.2  25.6  25.2  -9 -9.0 -9  3  2
202507140600 108  32  0.7  -9 -9.0   -9  984.9  994.6  6  -1.1  23.6  18.6  74.0  21.4   -9.0   -9.0   -9.0   -9.0   -9.0   -9.0   -9.0 -9 -9 -                        5   5    8 Sc         0   0   5  1188  0.0  0.01 -9  22.1  24.8  25.0  25.4  25.1  -9 -9.0 -9  3  2
202507140700 108  34  1.4  -9 -9.0   -9  984.7  994.3 -9  -9.0  24.0  19.2  75.0  22.2   -9.0   -9.0   -9.0   -9.0   -9.0   -9.0   -9.0 -9 -9 -                        6   6    6 Sc         0   0   5  1338  0.0  0.21 -9  24.1  25.0  24.8  25.3  25.0  -9 -9.0 -9  3  2
202507140800 108   5  1.1  -9 -9.0   -9  984.8  994.4 -9  -9.0  25.1  20.3  75.0  23.8   -9.0   -9.0   -9.0   -9.0   -9.0   -9.0   -9.0 -9 -9 -                        9   9    6 Sc         0   0   5  1359  0.4  0.66 -9  27.5  25.2  24.8  25.0  24.8  -9 -9.0 -9  3  2
202507140900 108   5  2.4  -9 -9.0   -9  984.8  994.4  5  -0.2  25.6  20.6  74.0  24.3   -9.0   -9.0   -9.0   -9.0   -9.0   -9.0   -9.0 -9 -9 -                        9   9    6 Sc         0   0   5  1451  0.0  0.41 -9  28.1  25.0  25.0  24.9  24.7  -9 -9.0 -9  3  2
202507141000 108   5  1.9  -9 -9.0   -9  984.5  994.1 -9  -9.0  26.1  20.1  70.0  23.5   -9.0   -9.0   -9.0   -9.0   -9.0   -9.0   -9.0 -9 -9 -                        8   8    6 Sc         0   0   5  1854  0.0  0.73 -9  27.9  25.4  25.3  24.8  24.6  -9 -9.0 -9  3  2
202507141100 108   2  2.1  -9 -9.0   -9  984.0  993.5 -9  -9.0  27.7  19.7  62.0  22.9   -9.0   -9.0   -9.0   -9.0   -9.0   -9.0   -9.0 -9 -9 -                        8   8   15 CuSc       0   0   8  2481  0.1  1.37 -9  36.3  26.3  25.6  24.7  24.3  -9 -9.0 -9  3  2
202507141200 108  34  2.7  -9 -9.0   -9  983.9  993.4  7  -1.0  27.9  19.9  62.0  23.2    0.0    0.0    0.0   -9.0   -9.0   -9.0   -9.0 60 62 01                      10   8    9 ScAs      -9   2   5  2260  0.0  1.04 -9  33.6  26.7  26.0  24.7  24.3  -9 -9.0 -9  4  1
202507141300 108  32  3.4  -9 -9.0   -9  984.1  993.7 -9  -9.0  25.8  20.5  73.0  24.1    0.3    0.3    0.3   -9.0   -9.0   -9.0   -9.0 60 66 01                      10   9    9 ScAs      -9   2   5  2326  0.0  0.60 -9  27.3  26.2  26.0  24.6  24.1  -9 -9.0 -9  4  1
202507141400 108   2  2.6  -9 -9.0   -9  983.8  993.4 -9  -9.0  25.6  19.9  71.0  23.2    0.0    0.3    0.3   -9.0   -9.0   -9.0   -9.0 60 66 01                      10   9    9 ScAs      -9   2   5  3776  0.0  0.77 -9  26.8  26.1  25.9  24.7  24.1  -9 -9.0 -9  4  1
202507141500 108  36  3.9  -9 -9.0   -9  984.2  993.8  2   0.4  24.8  20.4  77.0  24.0    0.2    0.5    0.5   -9.0   -9.0   -9.0   -9.0 60 66 01                      10   7    8 ScAs      -9   2   5  1411  0.0  0.42 -9  24.8  25.9  25.7  24.7  24.0  -9 -9.0 -9  4  1
202507141600 108  32  2.7  -9 -9.0   -9  984.2  993.9 -9  -9.0  23.2  21.0  88.0  24.9    2.0    2.5    2.5   -9.0   -9.0   -9.0   -9.0 61 66 01                      10   8    6 StNs      -9   2   7  1273  0.0  0.27 -9  24.1  25.5  25.5  24.8  24.2  -9 -9.0 -9  4  1
202507141700 108  34  2.2  -9 -9.0   -9  984.1  993.8 -9  -9.0  23.2  20.5  85.0  24.1    1.1    3.6    3.6   -9.0   -9.0   -9.0   -9.0 61 66 01                      10   6    6 StNs      -9   2   7  1820  0.0  0.34 -9  24.4  25.2  25.2  24.8  24.2  -9 -9.0 -9  4  1
202507141800 108  25  0.5  -9 -9.0   -9  984.1  993.8  4   0.0  23.1  20.8  87.0  24.6    0.8    4.4    4.4   -9.0   -9.0   -9.0   -9.0 61 66 01                      10   6    6 StNs      -9   2   7  1938  0.0  0.16 -9  23.9  25.0  25.0  24.8  24.2  -9 -9.0 -9  4  1
202507141900 108  29  0.9  -9 -9.0   -9  984.5  994.2 -9  -9.0  23.0  21.0  89.0  24.9    0.8    5.2    5.2   -9.0   -9.0   -9.0   -9.0 61 66 01                      10   6    6 StNs      -9   2   7  1125  0.0  0.18 -9  23.5  24.8  24.9  24.8  24.3  -9 -9.0 -9  4  1
202507142000 108  29  2.6  -9 -9.0   -9  984.5  994.2 -9  -9.0  22.7  21.3  92.0  25.3    1.6    6.8    6.8   -9.0   -9.0   -9.0   -9.0 61 66 1901                    10   6    6 StNs      -9   2   7   889  0.0  0.02 -9  22.7  24.8  24.8  24.7  24.2  -9 -9.0 -9  4  1
202507142100 108  32  3.4  -9 -9.0   -9  984.6  994.3  2   0.5  22.5  21.3  93.0  25.3    0.5    7.3    7.3   -9.0   -9.0   -9.0   -9.0 60 66 1901                    10   5    9 ScAs      -9   2   5  1578 -9.0 -9.00 -9  22.3  24.4  24.5  24.6  24.2  -9 -9.0 -9  1  1
202507142200 108  29  1.9  -9 -9.0   -9  984.7  994.4 -9  -9.0  22.1  20.9  93.0  24.7    3.9   11.2   11.2   -9.0   -9.0   -9.0   -9.0 63 66 1901                    10   7    8 StNs      -9   2   7   697 -9.0 -9.00 -9  21.9  24.0  24.0  24.3  23.8  -9 -9.0 -9  4  1
202507142300 108  29  3.4  -9 -9.0   -9  984.3  994.0 -9  -9.0  21.9  21.0  95.0  24.9    2.3   13.5   13.5   -9.0   -9.0   -9.0   -9.0 61 66 1901                    10   7    8 StNs      -9   2   7  1215 -9.0 -9.00 -9  21.7  23.8  23.7  24.1  23.6  -9 -9.0 -9  4  1
202507150000 108  29  2.4  -9 -9.0   -9  984.1  993.8  8  -0.5  21.7  20.3  92.0  23.8    0.1   13.6   13.6   -9.0   -9.0   -9.0   -9.0 60 66 01                      10   5   11 ScAs      -9   2   5  1810 -9.0 -9.00 -9  21.6  23.5  23.6  24.1  23.8  -9 -9.0 -9  4  1
202507150100 108  27  1.8  -9 -9.0   -9  983.7  993.4 -9  -9.0  21.6  20.5  94.0  24.1    1.2    1.2    1.2   -9.0   -9.0   -9.0   -9.0 61 66 01                      10   6    8 StNs      -9   2   7   934 -9.0 -9.00 -9  21.5  23.4  23.8  24.7  24.7  -9 -9.0 -9  4  1
202507150200 108  29  3.2  -9 -9.0   -9  983.4  993.1 -9  -9.0  21.5  20.6  95.0  24.3    0.7    1.9    1.9   -9.0   -9.0   -9.0   -9.0 61 66 01                      10   6    5 StNs      -9   2   7   839 -9.0 -9.00 -9  21.4  23.2  23.6  24.5  24.6  -9 -9.0 -9  4  1
202507150300 108  29  3.2  -9 -9.0   -9  983.1  992.8  7  -1.0  21.6  20.4  93.0  24.0    0.5    2.4    2.4   -9.0   -9.0   -9.0   -9.0 60 66 01                      10   6   12 ScAs      -9   2   5  2062 -9.0 -9.00 -9  21.4  23.0  23.5  24.4  24.5  -9 -9.0 -9  4  1
202507150400 108  29  3.0  -9 -9.0   -9  983.0  992.7 -9  -9.0  21.6  20.4  93.0  24.0    0.0    2.4    2.4   -9.0   -9.0   -9.0   -9.0 21 62 01                      10   6   10 ScAs      -9   2   5  1969 -9.0 -9.00 -9  21.3  22.9  23.3  24.1  24.2  -9 -9.0 -9  4  1
202507150500 108  29  3.3  -9 -9.0   -9  983.3  993.0 -9  -9.0  21.6  20.5  94.0  24.1    0.0    2.4    2.4   -9.0   -9.0   -9.0   -9.0 21 62 01                      10   6   10 ScAs      -9   2   5  2445 -9.0 -9.00 -9  21.1  22.3  23.2  23.9  24.0  -9 -9.0 -9  4  1
202507150600 108  32  5.0  -9 -9.0   -9  983.6  993.3  3   0.5  21.5  20.3  93.0  23.8   -9.0    2.4    2.4   -9.0   -9.0   -9.0   -9.0 -9 62 -                       10   6    4 ScAs      -9   2   5  2977  0.0  0.01 -9  19.8  18.6  22.9  23.4  23.4  -9 -9.0 -9  3  1
202507150700 108  32  3.2  -9 -9.0   -9  983.8  993.5 -9  -9.0  21.6  20.4  93.0  24.0    0.3    2.7    2.7   -9.0   -9.0   -9.0   -9.0 60 62 01                      10   7   10 ScAs      -9   2   5  2243  0.0  0.15 -9  20.2  18.1  23.1  23.9  24.1  -9 -9.0 -9  4  1
202507150800 108  29  1.7  -9 -9.0   -9  984.2  993.9 -9  -9.0  22.0  20.6  92.0  24.3    0.3    3.0    3.0   -9.0   -9.0   -9.0   -9.0 60 66 01                      10   5   10 ScAs      -9   2   5  2811  0.0  0.33 -9  23.1  22.7  23.1  24.0  24.2  -9 -9.0 -9  4  1
202507150900 108  27  2.5  -9 -9.0   -9  984.0  993.7  0   0.4  22.5  20.5  89.0  24.1    0.0    3.0    3.0   -9.0   -9.0   -9.0   -9.0 21 62 01                      10   3   17 ScAs      -9   2   5  2991  0.0  0.55 -9  22.8  18.4  22.3  21.7  21.5  -9 -9.0 -9  1  1
202507151000 108  27  1.7  -9 -9.0   -9  984.4  994.1 -9  -9.0  22.8  20.8  89.0  24.6   -9.0    3.0    3.0   -9.0   -9.0   -9.0   -9.0 -9 -9 -                       10   6   10 ScAs      -9   2   5  2657  0.0  0.52 -9  22.3  18.7  22.5  21.7  21.4  -9 -9.0 -9  3  2
202507151100 108  32  1.7  -9 -9.0   -9  984.7  994.4 -9  -9.0  23.0  20.3  85.0  23.8    0.0    3.0    3.0   -9.0   -9.0   -9.0   -9.0 60 62 01                      10   7   14 ScAs      -9   2   5  2441  0.0  0.53 -9  24.5  21.4  22.7  21.5  21.3  -9 -9.0 -9  4  1
202507151200 108  34  2.1  -9 -9.0   -9  984.8  994.5  2   0.8  23.8  20.7  83.0  24.4    0.0    3.0    3.0   -9.0   -9.0   -9.0   -9.0 60 66 01                      10   5   10 ScAs      -9   2   5  3709  0.0  0.85 -9  25.2  21.3  22.9  21.6  21.3  -9 -9.0 -9  4  1
202507151300 108  29  2.0  -9 -9.0   -9  984.8  994.4 -9  -9.0  24.2  21.5  85.0  25.6    0.4    3.4    3.4   -9.0   -9.0   -9.0   -9.0 61 66 01                      10   5    6 StNs      -9   2   7  2721  0.0  1.26 -9  28.5  23.8  23.2  21.6  21.2  -9 -9.0 -9  4  1
202507151400 108  29  2.0  -9 -9.0   -9  984.9  994.5 -9  -9.0  24.4  20.9  81.0  24.7    0.4    3.8    3.8   -9.0   -9.0   -9.0   -9.0 60 66 01                      10   4    9 ScAs      -9   2   5  1959  0.0  1.19 -9  29.4  24.3  23.4  21.5  21.0  -9 -9.0 -9  4  1
202507151500 108  23  2.1  -9 -9.0   -9  985.0  994.6  3   0.1  25.7  21.3  77.0  25.3    0.0    3.8    3.8   -9.0   -9.0   -9.0   -9.0 21 62 01                       8   8   10 Sc         0   0   5  3692  0.2  2.04 -9  31.2  24.8  25.1  24.3  24.2  -9 -9.0 -9  4  1
202507151600 108  27  2.1  -9 -9.0   -9  984.9  994.5 -9  -9.0  25.5  20.7  75.0  24.4   -9.0    3.8    3.8   -9.0   -9.0   -9.0   -9.0 -9 -9 -                        7   7   11 Sc         0   0   5  3538  0.2  1.30 -9  28.4  25.3  25.6  24.4  24.2  -9 -9.0 -9  3  2
202507151700 108  29  2.0  -9 -9.0   -9  985.1  994.7 -9  -9.0  25.4  21.2  78.0  25.2    0.0    3.8    3.8   -9.0   -9.0   -9.0   -9.0 21 62 01                       8   8    6 Sc         0   0   5  2609  0.0  0.56 -9  26.8  25.5  25.7  24.6  24.2  -9 -9.0 -9  4  1
202507151800 108  32  1.6  -9 -9.0   -9  985.5  995.1  3   0.5  25.0  21.7  82.0  26.0    0.2    4.0    4.0   -9.0   -9.0   -9.0   -9.0 25 86 04                       8   8    6 CuSc       0   0   8  3307  0.0  0.38 -9  26.3  25.2  25.6  24.7  24.3  -9 -9.0 -9  4  1
202507151900 108  27  2.5  -9 -9.0   -9  986.3  995.9 -9  -9.0  25.0  20.2  75.0  23.7   -9.0    4.0    4.0   -9.0   -9.0   -9.0   -9.0 -9 -9 -                        8   8    7 -         -9  -9  -9  4093  0.1  0.28 -9  24.8  25.2  25.4  24.8  24.3  -9 -9.0 -9  3 -9
202507152000 108  27  1.7  -9 -9.0   -9  987.0  996.7 -9  -9.0  24.4  19.2  73.0  22.2   -9.0    4.0    4.0   -9.0   -9.0   -9.0   -9.0 -9 -9 -                        6   2   22 -         -9  -9  -9  4343  0.1  0.08 -9  23.2  24.9  25.2  24.6  24.1  -9 -9.0 -9  3 -9
202507152100 108  20  1.8  -9 -9.0   -9  987.7  997.4  2   2.3  24.2  19.4  75.0  22.5   -9.0    4.0    4.0   -9.0   -9.0   -9.0   -9.0 -9 86 -                        8   8    9 Sc         0   0   5  4140 -9.0 -9.00 -9  23.2  24.6  24.7  24.1  23.5  -9 -9.0 -9  3  1
202507152200 108  20  1.7  -9 -9.0   -9  988.5  998.2 -9  -9.0  24.2  19.4  75.0  22.5   -9.0    4.0    4.0   -9.0   -9.0   -9.0   -9.0 -9 -9 -                        9   9    6 -         -9  -9  -9  4136 -9.0 -9.00 -9  23.1  24.4  24.6  24.3  23.7  -9 -9.0 -9  3 -9
202507152300 108  18  2.6  -9 -9.0   -9  988.9  998.6 -9  -9.0  24.1  20.2  79.0  23.7    0.0    4.0    4.0   -9.0   -9.0   -9.0   -9.0 25 82 04                       9   9    6 Sc         0   0   5  3400 -9.0 -9.00 -9  22.8  24.2  24.4  24.2  23.7  -9 -9.0 -9  4  1
202507160000 108  14  1.9  -9 -9.0   -9  989.1  998.7  2   1.3  24.1  20.6  81.0  24.3   -9.0    4.0    4.0   -9.0   -9.0   -9.0   -9.0 -9 82 -                       10  10    5 St        -9  -9   6  2340 -9.0 -9.00 -9  22.9  24.1  24.3  24.2  23.8  -9 -9.0 -9  3  1
202507160100 108  16  2.3  -9 -9.0   -9  989.1  998.8 -9  -9.0  24.1  20.8  82.0  24.6   -9.0   -9.0   -9.0   -9.0   -9.0   -9.0   -9.0 -9 -9 -                        8   8    4 -         -9  -9  -9  1891 -9.0 -9.00 -9  22.8  24.0  24.3  24.3  23.9  -9 -9.0 -9  3 -9
202507160200 108  18  2.4  -9 -9.0   -9  989.4  999.1 -9  -9.0  24.1  21.2  84.0  25.2   -9.0   -9.0   -9.0   -9.0   -9.0   -9.0   -9.0 -9 -9 -                       10  10    4 -         -9  -9  -9  1484 -9.0 -9.00 -9  22.8  23.9  24.3  24.5  24.3  -9 -9.0 -9  3 -9
202507160300 108  18  2.6  -9 -9.0   -9  989.5  999.2  2   0.5  24.2  21.5  85.0  25.6   -9.0   -9.0   -9.0   -9.0   -9.0   -9.0   -9.0 -9 82 -                        8   8    6 Sc         0   0   5  1402 -9.0 -9.00 -9  22.8  23.8  24.3  24.6  24.4  -9 -9.0 -9  3  1
202507160400 108  18  2.9  -9 -9.0   -9  989.7  999.4 -9  -9.0  24.3  21.9  87.0  26.3   -9.0   -9.0   -9.0   -9.0   -9.0   -9.0   -9.0 -9 -9 -                       10   8    6 ScAs      -9   2   5  1175 -9.0 -9.00 -9  22.8  23.8  24.2  24.5  24.4  -9 -9.0 -9  3  2
202507160500 108  14  0.9  -9 -9.0   -9  990.0  999.7 -9  -9.0  24.2  21.8  87.0  26.1    0.0    0.0    0.0   -9.0   -9.0   -9.0   -9.0 60 62 01                      10   8    6 ScAs      -9   2   5  1169 -9.0 -9.00 -9  22.9  23.8  24.2  24.5  24.4  -9 -9.0 -9  4  1
202507160600 108  11  1.6  -9 -9.0   -9  990.2  999.9  2   0.7  24.1  21.6  86.0  25.8    0.0    0.0    0.0   -9.0   -9.0   -9.0   -9.0 21 62 01                       9   6    6 ScAs       0   2   5  1140  0.0  0.00 -9  22.9  23.7  24.2  24.4  24.4  -9 -9.0 -9  4  1
202507160700 108  11  1.0  -9 -9.0   -9  990.9 1000.6 -9  -9.0  24.3  22.1  88.0  26.6   -9.0    0.0    0.0   -9.0   -9.0   -9.0   -9.0 -9 -9 -                       10   8    6 ScAs      -9   2   5  1109  0.0  0.15 -9  23.6  23.6  24.1  24.3  24.2  -9 -9.0 -9  3  2
202507160800 108  11  1.0  -9 -9.0   -9  991.0 1000.7 -9  -9.0  24.4  22.6  90.0  27.4    1.0    1.0    1.0   -9.0   -9.0   -9.0   -9.0 60 62 01                      10   8    9 ScAs      -9   2   5   796  0.0  0.21 -9  24.3  23.5  24.2  24.3  24.3  -9 -9.0 -9  4  1
202507160900 108  14  2.9  -9 -9.0   -9  990.7 1000.4  0   0.5  24.6  21.9  85.0  26.3    0.0    1.0    1.0   -9.0   -9.0   -9.0   -9.0 60 66 01                      10   9    8 ScAs      -9   2   5  1175  0.0  0.39 -9  24.1  23.7  24.3  24.3  24.2  -9 -9.0 -9  1  1
202507161000 108  16  1.5  -9 -9.0   -9  991.5 1001.2 -9  -9.0  24.6  21.7  84.0  26.0    0.0    1.0    1.0   -9.0   -9.0   -9.0   -9.0 60 66 01                      10   3    6 ScAs      -9   2   5  1656  0.0  0.25 -9  24.7  23.8  24.4  24.3  24.3  -9 -9.0 -9  4  1
202507161100 108  18  3.2  -9 -9.0   -9  992.4 1002.1 -9  -9.0  23.2  19.7  81.0  22.9    0.2    1.2    1.2   -9.0   -9.0   -9.0   -9.0 61 66 01                      10   7    7 StNs      -9   2   7   651  0.0  0.27 -9  23.1  23.9  24.4  24.3  24.2  -9 -9.0 -9  4  1
202507161200 108   9  1.3  -9 -9.0   -9  991.8 1001.5  0   1.1  23.3  20.6  85.0  24.3    0.6    1.8    1.8   -9.0   -9.0   -9.0   -9.0 21 62 01                      10   6    8 ScAs      -9   2   5  1778  0.0  0.23 -9  23.7  23.7  24.3  24.3  24.1  -9 -9.0 -9  4  1
202507161300 108  11  2.6  -9 -9.0   -9  991.8 1001.5 -9  -9.0  23.5  19.4  78.0  22.5    0.0    1.8    1.8   -9.0   -9.0   -9.0   -9.0 21 62 01                      10   6    9 ScAs      -9   2   5  2658  0.0  0.21 -9  23.2  23.7  24.1  24.0  23.8  -9 -9.0 -9  4  1
202507161400 108  11  2.6  -9 -9.0   -9  991.4 1001.1 -9  -9.0  23.6  19.9  80.0  23.2    0.0    1.8    1.8   -9.0   -9.0   -9.0   -9.0 60 62 01                      10   7    6 ScAs      -9   2   5  2314  0.0  0.15 -9  22.9  23.6  24.0  23.9  23.6  -9 -9.0 -9  4  1
202507161500 108  11  3.0  -9 -9.0   -9  991.0 1000.7  7  -0.8  23.0  21.0  89.0  24.9    1.0    2.8    2.8   -9.0   -9.0   -9.0   -9.0 61 66 01                      10   7    4 StNs      -9   2   7   777  0.0  0.18 -9  22.7  23.4  23.9  23.8  23.5  -9 -9.0 -9  4  1
202507161600 108  11  2.9  -9 -9.0   -9  990.9 1000.7 -9  -9.0  22.7  21.5  93.0  25.6    3.2    6.0    6.0   -9.0   -9.0   -9.0   -9.0 63 66 01                      10   8    3 StNs      -9   2   7   543  0.0  0.09 -9  22.3  23.2  23.9  24.2  24.1  -9 -9.0 -9  4  1
202507161700 108   9  1.6  -9 -9.0   -9  990.3 1000.0 -9  -9.0  22.7  21.6  94.0  25.8    4.2   10.2   10.2   -9.0   -9.0   -9.0   -9.0 63 66 01                      10   7    5 StNs      -9   2   7   698  0.0  0.11 -9  22.4  23.0  23.5  23.7  23.5  -9 -9.0 -9  4  1
202507161800 108  11  3.6  -9 -9.0   -9  989.6  999.3  7  -1.4  22.6  21.7  95.0  26.0    2.5   12.7   12.7   -9.0   -9.0   -9.0   -9.0 61 66 01                      10   7    4 StNs      -9   2   7   677  0.0  0.08 -9  22.2  22.9  22.4  21.4  20.7  -9 -9.0 -9  4  1
202507161900 108   9  2.1  -9 -9.0   -9  990.1  999.9 -9  -9.0  22.5  21.8  96.0  26.1    5.9   18.6   18.6   -9.0   -9.0   -9.0   -9.0 63 66 01                      10   8    4 StNs      -9   2   7   376  0.0  0.02 -9  21.8  22.7  22.2  21.3  20.6  -9 -9.0 -9  4  1
202507162000 108   9  1.5  -9 -9.0   -9  990.4 1000.2 -9  -9.0  22.4  22.0  98.0  26.4   22.2   40.8   40.8   -9.0   -9.0   -9.0   -9.0 65 66 01                      10   7    3 StNs      -9   2   7   544  0.0  0.00 -9  21.2  21.7  21.3  21.1  20.7  -9 -9.0 -9  4  1
202507162100 108   5  2.5  -9 -9.0   -9  991.2 1001.0  2   1.7  22.3  21.9  98.0  26.3   22.5   63.3   63.3   -9.0   -9.0   -9.0   -9.0 65 66 01                      10   9    3 StNs      -9   2   7   137 -9.0 -9.00 -9  21.0  21.2  20.7  20.8  20.6  -9 -9.0 -9  1  1
202507162200 108   7  1.8  -9 -9.0   -9  991.6 1001.4 -9  -9.0  22.3  21.6  96.0  25.8    8.7   72.0   72.0   -9.0   -9.0   -9.0   -9.0 62 66 01                       9   7    7 ScAs       0   2   5  3027 -9.0 -9.00 -9  21.1  21.1  20.6  20.4  20.4  -9 -9.0 -9  4  1
202507162300 108   5  2.2  -9 -9.0   -9  991.3 1001.1 -9  -9.0  22.4  21.5  95.0  25.6    0.2   72.2   72.2   -9.0   -9.0   -9.0   -9.0 95 96 01                      10   7    5 CbStNs    -9   2   9  1547 -9.0 -9.00 -9  21.3  21.3  20.7  20.3  20.3  -9 -9.0 -9  4  1
202507170000 108   5  1.6  -9 -9.0   -9  991.1 1000.8  8  -0.2  22.5  22.1  98.0  26.6    0.9   73.1   73.1   -9.0   -9.0   -9.0   -9.0 95 96 01                      10   9    4 CbStNs    -9   2   9   645 -9.0 -9.00 -9  21.3  21.4  20.8  20.2  20.1  -9 -9.0 -9  4  1
202507170100 108   5  1.7  -9 -9.0   -9  990.8 1000.6 -9  -9.0  22.6  22.0  97.0  26.4    1.7    1.7    1.7   -9.0   -9.0   -9.0   -9.0 91 96 01                      10   8    3 StNs      -9   2   7   921 -9.0 -9.00 -9  21.5  21.5  20.9  20.1  20.0  -9 -9.0 -9  4  1
202507170200 108   9  1.6  -9 -9.0   -9  991.1 1000.9 -9  -9.0  22.8  22.1  96.0  26.6    0.2    1.9    1.9   -9.0   -9.0   -9.0   -9.0 95 96 01                      10   9    4 CbStNs    -9   2   9   649 -9.0 -9.00 -9  21.6  21.4  21.0  20.1  20.0  -9 -9.0 -9  4  1
202507170300 108  11  2.2  -9 -9.0   -9  991.7 1001.5  3   0.7  22.9  22.3  97.0  26.9    0.3    2.2    2.2   -9.0   -9.0   -9.0   -9.0 95 96 01                      10   9    3 CbStNs    -9   2   9   704 -9.0 -9.00 -9  21.6  21.4  21.1  20.0  19.8  -9 -9.0 -9  4  1
202507170400 108   9  1.5  -9 -9.0   -9  991.5 1001.3 -9  -9.0  22.8  21.7  94.0  26.0    0.2    2.4    2.4   -9.0   -9.0   -9.0   -9.0 95 96 01                      10   9    5 CbStNs    -9   2   9  2171 -9.0 -9.00 -9  21.5  21.5  21.1  20.0  19.7  -9 -9.0 -9  4  1
202507170500 108   5  2.3  -9 -9.0   -9  991.5 1001.3 -9  -9.0  22.6  21.9  96.0  26.3    7.1    9.5    9.5   -9.0   -9.0   -9.0   -9.0 95 96 01                      10   7    3 CbStNs    -9   2   9  1002 -9.0 -9.00 -9  21.3  21.1  21.0  19.9  19.6  -9 -9.0 -9  4  1
202507170600 108   7  2.4  -9 -9.0   -9  991.3 1001.1  7  -0.4  22.7  22.3  98.0  26.9    3.4   12.9   12.9   -9.0   -9.0   -9.0   -9.0 95 96 01                      10   7    4 CbStNs    -9   2   9   701  0.0  0.00 -9  21.3  21.1  20.9  19.6  19.3  -9 -9.0 -9  4  1
202507170700 108   7  3.2  -9 -9.0   -9  992.5 1002.3 -9  -9.0  22.6  22.4  99.0  27.1   31.4   44.3   44.3   -9.0   -9.0   -9.0   -9.0 97 96 01                      10   8    3 CbStNs    -9   2   9   515  0.0  0.01 -9  21.2  20.9  20.3  19.5  19.1  -9 -9.0 -9  4  1
202507170800 108   9  2.2  -9 -9.0   -9  992.5 1002.3 -9  -9.0  22.6  22.2  98.0  26.8    5.9   50.2   50.2   -9.0   -9.0   -9.0   -9.0 95 96 01                      10   8    3 CbStNs    -9   2   9   352  0.0  0.01 -9  21.2  20.8  20.4  19.3  19.0  -9 -9.0 -9  4  1
202507170900 108  11  2.7  -9 -9.0   -9  995.0 1004.8  2   3.7  22.3  21.9  98.0  26.3    2.5   52.7   52.7   -9.0   -9.0   -9.0   -9.0 95 96 01                      10   8    3 CbStNs    -9   2   9  1222  0.0  0.03 -9  21.1  21.0  20.4  19.2  18.9  -9 -9.0 -9  1  1
202507171000 108   9  2.7  -9 -9.0   -9  993.6 1003.4 -9  -9.0  22.0  21.4  97.0  25.5   13.4   66.1   66.1   -9.0   -9.0   -9.0   -9.0 95 96 01                      10   8    4 CbStNs    -9   2   9  1425  0.0  0.03 -9  20.9  20.7  20.2  19.0  18.8  -9 -9.0 -9  4  1
202507171100 108   7  2.3  -9 -9.0   -9  993.5 1003.3 -9  -9.0  22.7  22.0  96.0  26.4    0.5   66.6   66.6   -9.0   -9.0   -9.0   -9.0 29 96 01                      10   7   10 ScAs      -9   2   5  3269  0.0  0.40 -9  23.2  20.9  20.3  19.0  18.7  -9 -9.0 -9  4  1
202507171200 108  11  3.2  -9 -9.0   -9  992.9 1002.6  7  -2.2  23.9  22.3  91.0  26.9   -9.0   66.6   66.6   -9.0   -9.0   -9.0   -9.0 -9 96 -                       10   7   10 ScAs      -9   2   5  4122  0.0  1.45 -9  26.2  21.1  20.7  19.2  18.9  -9 -9.0 -9  3  1
202507171300 108  11  3.1  -9 -9.0   -9  993.2 1002.9 -9  -9.0  24.3  21.9  87.0  26.3    0.0   66.6   66.6   -9.0   -9.0   -9.0   -9.0 21 62 01                      10   7   10 ScAs      -9   2   5  3987  0.0  0.87 -9  25.5  21.7  21.2  19.2  18.9  -9 -9.0 -9  4  1
202507171400 108   9  1.9  -9 -9.0   -9  992.8 1002.5 -9  -9.0  23.8  22.0  90.0  26.4    0.0   66.6   66.6   -9.0   -9.0   -9.0   -9.0 60 62 01                      10   8    7 ScAs      -9   2   5  2680  0.0  0.38 -9  25.1  21.9  21.4  19.1  18.6  -9 -9.0 -9  4  1
202507171500 108   7  2.4  -9 -9.0   -9  992.5 1002.2  8  -0.4  24.0  22.0  89.0  26.4    0.1   66.7   66.7   -9.0   -9.0   -9.0   -9.0 21 96 01                      10   8    7 ScAs      -9   2   5  4179  0.0  0.70 -9  25.4  22.1  21.5  19.1  18.5  -9 -9.0 -9  4  1
202507171600 108   7  2.0  -9 -9.0   -9  992.6 1002.3 -9  -9.0  24.2  21.8  87.0  26.1   -9.0   66.7   66.7   -9.0   -9.0   -9.0   -9.0 -9 -9 -                       10   7    7 ScAs      -9   2   5  3534  0.0  0.54 -9  24.4  22.3  21.7  19.1  18.5  -9 -9.0 -9  3  2
202507171700 108   7  1.3  -9 -9.0   -9  992.8 1002.5 -9  -9.0  24.1  22.5  91.0  27.2    0.9   67.6   67.6   -9.0   -9.0   -9.0   -9.0 60 62 01                      10   8    6 ScAs      -9   2   5  1002  0.0  0.14 -9  23.6  22.1  21.7  19.1  18.3  -9 -9.0 -9  4  1
202507171800 108   5  2.4  -9 -9.0   -9  992.7 1002.4  0   0.2  23.8  22.7  94.0  27.6    2.5   70.1   70.1   -9.0   -9.0   -9.0   -9.0 61 66 01                      10   8    4 StNs      -9   2   7  1253  0.0  0.14 -9  23.2  22.1  21.7  19.1  18.3  -9 -9.0 -9  4  1
202507171900 108   7  1.2  -9 -9.0   -9  993.4 1003.1 -9  -9.0  23.7  22.3  92.0  26.9    0.4   70.5   70.5   -9.0   -9.0   -9.0   -9.0 61 66 01                      10   8    4 StNs      -9   2   7  1242  0.0  0.04 -9  22.9  22.0  21.6  19.2  18.4  -9 -9.0 -9  4  1
202507172000 108   7  1.4  -9 -9.0   -9  993.4 1003.1 -9  -9.0  23.5  22.4  94.0  27.1    0.7   71.2   71.2   -9.0   -9.0   -9.0   -9.0 61 66 01                      10   8    4 StNs      -9   2   7  1933  0.0  0.03 -9  22.6  21.9  21.5  19.2  18.4  -9 -9.0 -9  4  1
202507172100 108   5  1.4  -9 -9.0   -9  994.2 1004.0  2   1.6  23.3  22.2  94.0  26.8    1.2   72.4   72.4   -9.0   -9.0   -9.0   -9.0 61 66 01                      10   8    3 StNs      -9   2   7   666 -9.0 -9.00 -9  22.3  21.9  21.5  19.2  18.4  -9 -9.0 -9  1  1
202507172200 108   5  1.7  -9 -9.0   -9  994.3 1004.1 -9  -9.0  23.2  22.5  96.0  27.2    0.7   73.1   73.1   -9.0   -9.0   -9.0   -9.0 61 66 01                      10   8    3 StNs      -9   2   7  1289 -9.0 -9.00 -9  22.2  21.8  21.4  19.2  18.4  -9 -9.0 -9  4  1
202507172300 108   5  0.8  -9 -9.0   -9  994.7 1004.5 -9  -9.0  23.3  22.6  96.0  27.4    2.4   75.5   75.5   -9.0   -9.0   -9.0   -9.0 60 66 01                      10   8    9 ScAs      -9   2   5  1317 -9.0 -9.00 -9  22.2  21.7  21.3  19.2  18.4  -9 -9.0 -9  4  1
202507180000 108  14  1.9  -9 -9.0   -9  994.5 1004.2  0   0.2  23.4  22.1  93.0  26.6    0.0   75.5   75.5   -9.0   -9.0   -9.0   -9.0 21 62 01                      10   5   10 ScAs      -9   2   5  4042 -9.0 -9.00 -9  22.2  21.7  21.3  19.3  18.4  -9 -9.0 -9  4  1
202507180100 108  11  1.6  -9 -9.0   -9  994.5 1004.3 -9  -9.0  23.5  22.1  92.0  26.6    0.0    0.0    0.0   -9.0   -9.0   -9.0   -9.0 21 62 01                      10   4   10 ScAs      -9   2   5  4380 -9.0 -9.00 -9  22.1  21.6  21.3  19.2  18.4  -9 -9.0 -9  4  1
202507180200 108  16  1.4  -9 -9.0   -9  994.6 1004.4 -9  -9.0  23.5  21.9  91.0  26.3   -9.0    0.0    0.0   -9.0   -9.0   -9.0   -9.0 -9 -9 -                       10   8    6 -         -9  -9  -9  3991 -9.0 -9.00 -9  22.1  21.7  21.2  19.2  18.4  -9 -9.0 -9  3 -9
202507180300 108  14  1.1  -9 -9.0   -9  994.7 1004.5  2   0.3  23.4  21.8  91.0  26.1    0.0    0.0    0.0   -9.0   -9.0   -9.0   -9.0 60 62 01                      10   9    9 ScAs      -9   2   5  3317 -9.0 -9.00 -9  22.1  21.5  21.2  19.2  18.4  -9 -9.0 -9  4  1
202507180400 108   5  0.9  -9 -9.0   -9  994.6 1004.4 -9  -9.0  23.4  22.0  92.0  26.4    0.0    0.0    0.0   -9.0   -9.0   -9.0   -9.0 21 62 01                      10   5   10 ScAs      -9   2   5  3491 -9.0 -9.00 -9  22.3  22.3  21.2  19.2  18.4  -9 -9.0 -9  4  1
202507180500 108   5  1.0  -9 -9.0   -9  995.1 1004.9 -9  -9.0  23.2  22.3  95.0  26.9    2.1    2.1    2.1   -9.0   -9.0   -9.0   -9.0 60 62 01                      10   7    9 ScAs      -9   2   5   327 -9.0 -9.00 -9  22.1  22.3  21.2  19.2  18.4  -9 -9.0 -9  4  1
202507180600 108   9  0.9  -9 -9.0   -9  995.5 1005.3  3   0.8  23.1  22.0  94.0  26.4    0.7    2.8    2.8   -9.0   -9.0   -9.0   -9.0 60 66 01                      10   6    9 ScAs      -9   2   5  1262  0.0  0.01 -9  22.2  22.3  21.1  19.1  18.4  -9 -9.0 -9  4  1
202507180700 108   5  1.9  -9 -9.0   -9  995.9 1005.7 -9  -9.0  23.1  22.0  94.0  26.4    0.0    2.8    2.8   -9.0   -9.0   -9.0   -9.0 21 62 01                      10   5    9 ScAs      -9   2   5  1166  0.0  0.06 -9  22.5  22.2  21.1  19.1  18.4  -9 -9.0 -9  4  1
202507180800 108   7  0.8  -9 -9.0   -9  996.2 1006.0 -9  -9.0  23.4  22.1  93.0  26.6   -9.0    2.8    2.8   -9.0   -9.0   -9.0   -9.0 -9 -9 -                       10   8    7 ScAs      -9   2   5  2114  0.0  0.15 -9  22.9  22.3  21.1  19.1  18.4  -9 -9.0 -9  3  2
202507180900 108  14  1.7  -9 -9.0   -9  996.6 1006.4  2   1.1  23.0  22.3  96.0  26.9    8.7   11.5   11.5   -9.0   -9.0   -9.0   -9.0 63 62 01                      10   9    3 StNs      -9   2   7   266  0.0  0.10 -9  22.4  22.3  21.2  19.1  18.4  -9 -9.0 -9  1  1
202507181000 108   9  1.3  -9 -9.0   -9  997.1 1006.9 -9  -9.0  23.2  22.6  97.0  27.4    3.3   14.8   14.8   -9.0   -9.0   -9.0   -9.0 63 66 01                      10   9    2 StNs      -9   2   7   584  0.0  0.23 -9  23.1  22.2  21.1  19.1  18.3  -9 -9.0 -9  4  1
202507181100 108   7  1.1  -9 -9.0   -9  997.1 1006.9 -9  -9.0  23.9  23.2  96.0  28.4    0.9   15.7   15.7   -9.0   -9.0   -9.0   -9.0 61 66 01                      10   7    2 StNs      -9   2   7  2337  0.0  0.59 -9  25.6  22.3  22.8  22.8  22.7  -9 -9.0 -9  4  1
202507181200 108   5  2.2  -9 -9.0   -9  996.6 1006.4  4   0.0  24.2  22.9  93.0  27.9    0.1   15.8   15.8   -9.0   -9.0   -9.0   -9.0 61 66 01                      10   7    3 StNs      -9   2   7  1369  0.0  0.53 -9  23.7  16.6  23.1  22.8  22.7  -9 -9.0 -9  4  1
202507181300 108   5  2.2  -9 -9.0   -9  996.3 1006.0 -9  -9.0  24.7  23.6  94.0  29.1    0.2   16.0   16.0   -9.0   -9.0   -9.0   -9.0 61 66 01                      10   8    3 StNs      -9   2   7  1074  0.0  0.87 -9  25.2  16.6  23.4  22.8  22.7  -9 -9.0 -9  4  1
202507181400 108   5  2.7  -9 -9.0   -9  995.8 1005.5 -9  -9.0  25.4  23.6  90.0  29.1    0.1   16.1   16.1   -9.0   -9.0   -9.0   -9.0 60 66 01                      10   4   10 ScAs      -9   2   5  1756  0.0  1.17 -9  26.8  17.5  22.0  19.1  18.2  -9 -9.0 -9  4  1
202507181500 108   5  2.5  -9 -9.0   -9  995.4 1005.1  7  -1.3  25.9  23.5  87.0  28.9    0.0   16.1   16.1   -9.0   -9.0   -9.0   -9.0 21 62 01                      10   7    8 ScAs      -9   2   5  2467  0.0  1.09 -9  25.9  19.1  24.0  22.9  22.6  -9 -9.0 -9  4  1
202507181600 108   9  1.7  -9 -9.0   -9  995.0 1004.6 -9  -9.0  26.9  23.5  82.0  28.9   -9.0   16.1   16.1   -9.0   -9.0   -9.0   -9.0 -9 -9 -                       10   7    8 ScAs      -9   2   5  3163  0.2  1.23 -9  28.3  24.1  24.3  22.8  22.4  -9 -9.0 -9  3  2
202507181700 108   5  2.3  -9 -9.0   -9  994.9 1004.5 -9  -9.0  27.0  23.8  83.0  29.5    0.0   16.1   16.1   -9.0   -9.0   -9.0   -9.0 21 62 01                      10   5   11 ScAs      -9   2   5  3016  0.0  0.54 -9  27.7  24.3  24.4  22.5  22.0  -9 -9.0 -9  4  1
202507181800 108   5  1.5  -9 -9.0   -9  995.0 1004.6  5  -0.5  27.0  23.4  81.0  28.8   -9.0   16.1   16.1   -9.0   -9.0   -9.0   -9.0 -9 62 -                        9   2   12 ScCi       2   0   5  2810  0.0  0.57 -9  27.0  24.4  23.1  19.6  18.4  -9 -9.0 -9  3  1
202507181900 108   5  1.6  -9 -9.0   -9  995.8 1005.5 -9  -9.0  26.9  23.3  81.0  28.6    0.0   16.1   16.1   -9.0   -9.0   -9.0   -9.0 60 62 01                      10   6   11 ScAs      -9   2   5  2996  0.1  0.27 -9  25.7  24.5  23.1  19.4  18.2  -9 -9.0 -9  4  1
202507182000 108   5  2.0  -9 -9.0   -9  996.2 1005.9 -9  -9.0  26.3  23.5  85.0  28.9    0.0   16.1   16.1   -9.0   -9.0   -9.0   -9.0 21 62 01                      10   8    8 ScAs      -9   2   5  2599  0.0  0.03 -9  24.8  24.4  23.0  19.4  18.1  -9 -9.0 -9  4  1
202507182100 108   5  2.4  -9 -9.0   -9  996.2 1005.9  1   1.3  25.8  23.2  86.0  28.4   -9.0   16.1   16.1   -9.0   -9.0   -9.0   -9.0 -9 62 -                        7   3   12 ScCi       1   0   5  3026 -9.0 -9.00 -9  24.1  24.2  22.8  19.5  18.1  -9 -9.0 -9  3  1
202507182200 108   5  2.2  -9 -9.0   -9  996.7 1006.4 -9  -9.0  25.5  22.9  86.0  27.9    0.0   16.1   16.1   -9.0   -9.0   -9.0   -9.0 21 62 01                       8   8    9 Sc         0   0   5  3258 -9.0 -9.00 -9  23.8  24.0  22.7  19.5  18.2  -9 -9.0 -9  4  1
202507182300 108   5  2.3  -9 -9.0   -9  996.5 1006.2 -9  -9.0  25.4  23.2  88.0  28.4   -9.0   16.1   16.1   -9.0   -9.0   -9.0   -9.0 -9 -9 -                        4   4    8 -         -9  -9  -9  3303 -9.0 -9.00 -9  23.4  23.9  22.5  19.6  18.2  -9 -9.0 -9  3 -9
202507190000 108   7  2.0  -9 -9.0   -9  996.3 1006.0  0   0.1  25.3  23.1  88.0  28.3   -9.0   16.1   16.1   -9.0   -9.0   -9.0   -9.0 -9 62 -                       10   4   15 ScAs      -9   2   5  2944 -9.0 -9.00 -9  23.4  23.7  22.4  19.6  18.3  -9 -9.0 -9  3  1
202507190100 108  29  1.2  -9 -9.0   -9  996.9 1006.6 -9  -9.0  25.1  23.7  92.0  29.3    0.8    0.8    0.8   -9.0   -9.0   -9.0   -9.0 95 96 01                      10   7    3 CbStNs    -9   2   9  2128 -9.0 -9.00 -9  23.5  23.6  22.3  19.6  18.3  -9 -9.0 -9  4  1
202507190200 108  25  2.0  -9 -9.0   -9  997.2 1006.9 -9  -9.0  24.8  24.1  96.0  30.0   10.7   11.5   11.5   -9.0   -9.0   -9.0   -9.0 95 96 01                      10   9    4 CbStNs    -9   2   9   126 -9.0 -9.00 -9  23.3  23.3  22.1  19.6  18.4  -9 -9.0 -9  4  1
202507190300 108  16  1.1  -9 -9.0   -9  996.9 1006.7  0   0.7  22.6  21.2  92.0  25.2   16.7   28.2   28.2   -9.0   -9.0   -9.0   -9.0 97 96 01                      10   8    4 CbStNs    -9   2   9   289 -9.0 -9.00 -9  21.6  22.8  21.7  19.5  18.4  -9 -9.0 -9  4  1
202507190400 108  11  1.6  -9 -9.0   -9  997.3 1007.1 -9  -9.0  22.0  21.3  96.0  25.3   29.2   57.4   57.4   -9.0   -9.0   -9.0   -9.0 97 96 01                      10   7    3 CbStNs    -9   2   9  1313 -9.0 -9.00 -9  21.0  21.3  20.3  19.6  18.6  -9 -9.0 -9  4  1
202507190500 108   7  1.9  -9 -9.0   -9  997.2 1007.0 -9  -9.0  21.9  21.2  96.0  25.2    1.9   59.3   59.3   -9.0   -9.0   -9.0   -9.0 95 96 01                      10   8    4 CbStNs    -9   2   9   859 -9.0 -9.00 -9  21.1  21.3  20.2  19.2  18.6  -9 -9.0 -9  4  1
202507190600 108   5  1.9  -9 -9.0   -9  997.5 1007.3  2   0.6  22.0  21.4  97.0  25.5    6.4   65.7   65.7   -9.0   -9.0   -9.0   -9.0 92 96 01                      10   6    8 StNs      -9   2   7  1142  0.0  0.00 -9  21.2  21.2  20.1  19.0  18.5  -9 -9.0 -9  4  1
202507190700 108   7  3.2  -9 -9.0   -9  997.1 1006.9 -9  -9.0  22.1  21.5  97.0  25.6    0.0   65.7   65.7   -9.0   -9.0   -9.0   -9.0 60 66 01                      10   6   10 ScAs      -9   2   5  2047  0.0  0.06 -9  21.6  21.2  20.1  18.8  18.3  -9 -9.0 -9  4  1
202507190800 108   7  2.8  -9 -9.0   -9  997.9 1007.7 -9  -9.0  22.0  21.6  98.0  25.8    0.4   66.1   66.1   -9.0   -9.0   -9.0   -9.0 61 66 1901                    10   8    6 StNs      -9   2   7   419  0.0  0.10 -9  21.6  21.3  20.2  18.7  18.2  -9 -9.0 -9  4  1
202507190900 108   5  2.8  -9 -9.0   -9  997.9 1007.7  1   0.4  22.2  21.5  96.0  25.6    0.6   66.7   66.7   -9.0   -9.0   -9.0   -9.0 61 96 1901                    10   7    4 StNs      -9   2   7   646  0.0  0.22 -9  22.3  21.2  20.3  18.3  18.1  -9 -9.0 -9  1  1
202507191000 108   5  2.7  -9 -9.0   -9  997.7 1007.5 -9  -9.0  22.5  22.1  98.0  26.6    0.1   66.8   66.8   -9.0   -9.0   -9.0   -9.0 61 66 1901                    10   7    5 StNs      -9   2   7  1278  0.0  0.30 -9  22.6  21.4  20.5  18.3  18.1  -9 -9.0 -9  4  1
202507191100 108   5  2.4  -9 -9.0   -9  998.2 1008.0 -9  -9.0  22.9  22.7  99.0  27.6    0.2   67.0   67.0   -9.0   -9.0   -9.0   -9.0 61 66 01                      10   7    4 StNs      -9   2   7  2035  0.0  0.32 -9  23.1  21.5  20.6  18.3  18.1  -9 -9.0 -9  4  1
202507191200 108   5  1.9  -9 -9.0   -9  998.1 1007.9  0   0.2  23.2  22.8  98.0  27.7    1.2   68.2   68.2   -9.0   -9.0   -9.0   -9.0 61 66 01                      10   7    4 StNs      -9   2   7  3918  0.0  0.35 -9  23.7  21.8  20.8  18.2  18.0  -9 -9.0 -9  4  1
202507191300 108   7  1.7  -9 -9.0   -9  998.0 1007.8 -9  -9.0  23.7  23.3  98.0  28.6    0.0   68.2   68.2   -9.0   -9.0   -9.0   -9.0 60 66 01                      10   7    5 ScAs      -9   2   5  1490  0.0  0.44 -9  24.8  22.2  21.0  18.4  18.1  -9 -9.0 -9  4  1
202507191400 108   5  2.1  -9 -9.0   -9  997.9 1007.7 -9  -9.0  24.1  23.4  96.0  28.8    0.0   68.2   68.2   -9.0   -9.0   -9.0   -9.0 50 65 0201                    10  10    3 St        -9  -9   7  2010  0.0  0.43 -9  24.6  22.4  23.0  22.4  22.7  -9 -9.0 -9  4  1
202507191500 108   5  1.5  -9 -9.0   -9  998.1 1007.8  5  -0.1  24.8  24.1  96.0  30.0    0.0   68.2   68.2   -9.0   -9.0   -9.0   -9.0 20 65 02                      10   8    5 ScAs      -9   2   5  2312  0.0  0.45 -9  25.2  22.4  21.6  18.8  18.4  -9 -9.0 -9  4  1
202507191600 108   5  1.8  -9 -9.0   -9  998.0 1007.7 -9  -9.0  25.4  24.5  95.0  30.7    0.0   68.2   68.2   -9.0   -9.0   -9.0   -9.0 60 62 01                      10   8    5 ScAs      -9   2   5  1846  0.0  0.46 -9  24.5  18.1  21.9  19.0  18.6  -9 -9.0 -9  4  1
202507191700 108  11  1.4  -9 -9.0   -9  998.4 1008.1 -9  -9.0  25.6  24.5  94.0  30.7    0.3   68.5   68.5   -9.0   -9.0   -9.0   -9.0 61 66 01                      10   8    4 StNs      -9   2   7  1435  0.0  0.32 -9  24.0  17.3  22.0  18.9  18.3  -9 -9.0 -9  4  1
202507191800 108  23  1.4  -9 -9.0   -9  998.4 1008.1  1   0.3  25.6  24.1  92.0  30.0    0.7   69.2   69.2   -9.0   -9.0   -9.0   -9.0 60 66 01                      10   8    6 ScAs      -9   2   5  2161  0.0  0.25 -9  23.7  16.9  22.1  18.8  18.2  -9 -9.0 -9  4  1
202507191900 108  20  2.0  -9 -9.0   -9  998.6 1008.3 -9  -9.0  25.5  24.0  92.0  29.8    0.0   69.2   69.2   -9.0   -9.0   -9.0   -9.0 60 66 01                      10   8    8 ScAs      -9   2   5  1321  0.0  0.07 -9  22.9  19.2  22.1  18.8  18.2  -9 -9.0 -9  4  1
202507192000 108  25  1.6  -9 -9.0   -9  998.9 1008.6 -9  -9.0  25.4  24.1  93.0  30.0    0.0   69.2   69.2   -9.0   -9.0   -9.0   -9.0 60 66 01                      10   8    6 ScAs      -9   2   5  1012  0.0  0.02 -9  22.5  19.2  22.1  18.9  18.1  -9 -9.0 -9  4  1
202507192100 108  20  1.4  -9 -9.0   -9  999.3 1009.0  2   0.9  25.2  24.1  94.0  30.0    0.4   69.6   69.6   -9.0   -9.0   -9.0   -9.0 61 66 01                      10   8    4 StNs      -9   2   7  2275 -9.0 -9.00 -9  22.3  19.1  22.1  18.9  18.1  -9 -9.0 -9  1  1
202507192200 108  23  0.9  -9 -9.0   -9  999.7 1009.5 -9  -9.0  25.1  24.0  94.0  29.8    0.2   69.8   69.8   -9.0   -9.0   -9.0   -9.0 60 66 01                      10   7    6 ScAs      -9   2   5  2110 -9.0 -9.00 -9  22.3  19.3  22.1  19.0  18.2  -9 -9.0 -9  4  1
202507192300 108  20  1.5  -9 -9.0   -9  999.7 1009.4 -9  -9.0  25.2  24.8  98.0  31.3    2.0   71.8   71.8   -9.0   -9.0   -9.0   -9.0 61 66 01                      10   8    2 StNs      -9   2   7   434 -9.0 -9.00 -9  22.4  19.6  22.1  19.2  18.5  -9 -9.0 -9  4  1
202507200000 108  18  1.9  -9 -9.0   -9  999.2 1008.9  8  -0.1  25.3  24.9  98.0  31.5   12.2   84.0   84.0   -9.0   -9.0   -9.0   -9.0 63 66 01                      10   8    2 StNs      -9   2   7   702 -9.0 -9.00 -9  22.4  19.6  23.7  22.9  22.9  -9 -9.0 -9  4  1
202507200100 108  18  3.6  -9 -9.0   -9  998.6 1008.3 -9  -9.0  25.5  25.3  99.0  32.2    6.4    6.4    6.4   -9.0   -9.0   -9.0   -9.0 63 66 01                      10   9    2 StNs      -9   2   7   242 -9.0 -9.00 -9  22.6  19.7  23.4  22.2  22.0  -9 -9.0 -9  4  1
202507200200 108  20  4.4  18 10.0  149  998.6 1008.3 -9  -9.0  25.6  24.7  95.0  31.1    2.0    8.4    8.4   -9.0   -9.0   -9.0   -9.0 61 66 01                      10   8    2 StNs      -9   2   7  1760 -9.0 -9.00 -9  22.6  19.8  23.5  22.4  22.2  -9 -9.0 -9  4  1
202507200300 108  18  4.5  20 11.0  230  999.0 1008.7  5  -0.2  25.5  25.1  98.0  31.9    1.3    9.7    9.7   -9.0   -9.0   -9.0   -9.0 61 66 01                      10   9    2 StNs      -9   2   7   582 -9.0 -9.00 -9  22.5  19.7  23.6  22.6  22.5  -9 -9.0 -9  4  1
202507200400 108  20  3.3  -9 -9.0   -9  999.7 1009.4 -9  -9.0  25.4  24.5  95.0  30.7    0.8   10.5   10.5   -9.0   -9.0   -9.0   -9.0 61 66 01                      10   8    2 StNs      -9   2   7  1162 -9.0 -9.00 -9  22.5  19.6  23.6  22.6  22.5  -9 -9.0 -9  4  1
202507200500 108  20  2.9  -9 -9.0   -9 1000.2 1010.0 -9  -9.0  25.2  24.5  96.0  30.7    2.2   12.7   12.7   -9.0   -9.0   -9.0   -9.0 61 66 01                      10   8    2 StNs      -9   2   7   469 -9.0 -9.00 -9  22.4  19.7  23.4  22.3  22.1  -9 -9.0 -9  4  1
202507200600 108  20  2.7  -9 -9.0   -9 1000.5 1010.3  2   1.6  25.0  24.6  98.0  30.9    2.1   14.8   14.8   -9.0   -9.0   -9.0   -9.0 61 66 01                      10   8    3 StNs      -9   2   7  1349  0.0  0.01 -9  22.4  19.8  23.5  22.6  22.5  -9 -9.0 -9  4  1
202507200700 108  20  3.1  -9 -9.0   -9 1001.1 1010.9 -9  -9.0  25.0  24.1  95.0  30.0    0.0   14.8   14.8   -9.0   -9.0   -9.0   -9.0 21 62 01                       9   9    9 Sc         0   0   5  1965  0.0  0.07 -9  24.0  23.4  22.3  19.8  19.2  -9 -9.0 -9  4  1
202507200800 108  18  1.4  -9 -9.0   -9 1001.8 1011.6 -9  -9.0  25.3  24.4  95.0  30.6   -9.0   14.8   14.8   -9.0   -9.0   -9.0   -9.0 -9 -9 -                        9   9   10 Sc         0   0   5  1890  0.0  0.23 -9  25.1  23.4  23.2  22.3  22.1  -9 -9.0 -9  3  2
202507200900 108  18  2.4  -9 -9.0   -9 1001.9 1011.6  1   1.3  26.1  24.6  92.0  30.9   -9.0   14.8   14.8   -9.0   -9.0   -9.0   -9.0 -9 62 -                        9   8    7 ScCi       1   0   5  2194  0.0  0.70 -9  27.9  23.6  22.9  20.7  20.3  -9 -9.0 -9  3  1
202507201000 108  20  2.8  -9 -9.0   -9 1002.1 1011.8 -9  -9.0  26.2  24.2  89.0  30.2   -9.0   14.8   14.8   -9.0   -9.0   -9.0   -9.0 -9 -9 -                        9   8    7 ScCi       1   0   5  2151  0.0  0.58 -9  27.7  24.0  22.9  20.1  19.5  -9 -9.0 -9  3  2
202507201100 108  20  2.7  -9 -9.0   -9 1002.0 1011.7 -9  -9.0  28.0  24.8  83.0  31.3   -9.0   14.8   14.8   -9.0   -9.0   -9.0   -9.0 -9 -9 -                        8   3    7 ScCi       1   0   5  2314  0.6  2.28 -9  33.7  24.1  24.7  23.3  23.2  -9 -9.0 -9  3  2
202507201200 108  18  3.0  -9 -9.0   -9 1001.6 1011.2  8  -0.4  28.6  24.5  79.0  30.7   -9.0   14.8   14.8   -9.0   -9.0   -9.0   -9.0 -9 -9 -                        8   4    7 ScCi       1   0   5  2435  0.8  2.13 -9  33.6  24.8  25.4  23.3  23.2  -9 -9.0 -9  3  2
202507201300 108  18  3.4  -9 -9.0   -9 1001.3 1010.9 -9  -9.0  28.7  24.0  76.0  29.8   -9.0   14.8   14.8   -9.0   -9.0   -9.0   -9.0 -9 -9 -                        9   4    7 ScCi       1   0   5  2277  0.2  1.31 -9  30.8  25.2  25.9  23.4  23.2  -9 -9.0 -9  3  2
202507201400 108  18  3.0  -9 -9.0   -9 1001.0 1010.6 -9  -9.0  29.3  24.6  76.0  30.9   -9.0   14.8   14.8   -9.0   -9.0   -9.0   -9.0 -9 -9 -                        7   3    9 ScCi       1   0   5  2652  0.5  1.66 -9  33.5  25.5  26.3  23.6  23.2  -9 -9.0 -9  3  2
202507201500 108  20  2.6  -9 -9.0   -9 1000.6 1010.2  7  -1.0  30.0  24.6  73.0  30.9   -9.0   14.8   14.8   -9.0   -9.0   -9.0   -9.0 -9 -9 -                        5   3    9 ScCi       1   0   5  3489  0.3  1.70 -9  33.2  25.7  26.7  23.8  23.3  -9 -9.0 -9  3  2
202507201600 108  18  3.0  -9 -9.0   -9 1000.6 1010.2 -9  -9.0  30.6  23.7  67.0  29.3   -9.0   14.8   14.8   -9.0   -9.0   -9.0   -9.0 -9 -9 -                        6   4   11 ScCi       1   0   5  3562  0.5  2.03 -9  32.9  26.0  27.1  24.0  23.4  -9 -9.0 -9  3  2
202507201700 108  23  3.3  -9 -9.0   -9 1000.6 1010.1 -9  -9.0  31.3  23.9  65.0  29.7   -9.0   14.8   14.8   -9.0   -9.0   -9.0   -9.0 -9 -9 -                        4   3   10 ScCi       1   0   5  2947  0.7  1.91 -9  33.5  26.2  27.4  24.2  23.4  -9 -9.0 -9  3  2
202507201800 108  23  2.4  -9 -9.0   -9 1000.7 1010.3  3   0.1  31.1  23.4  64.0  28.8   -9.0   14.8   14.8   -9.0   -9.0   -9.0   -9.0 -9 -9 -                        3   1   10 ScCi       1   0   5  3428  0.9  1.41 -9  29.4  26.4  27.3  23.8  22.8  -9 -9.0 -9  3  2
202507201900 108  27  1.8  -9 -9.0   -9 1001.0 1010.6 -9  -9.0  30.4  23.3  66.0  28.6   -9.0   14.8   14.8   -9.0   -9.0   -9.0   -9.0 -9 -9 -                        2   2   13 -         -9  -9  -9  3296  0.9  0.56 -9  27.5  26.6  27.0  23.6  22.5  -9 -9.0 -9  3 -9
202507202000 108  29  3.0  -9 -9.0   -9 1001.6 1011.2 -9  -9.0  29.1  23.5  72.0  28.9   -9.0   14.8   14.8   -9.0   -9.0   -9.0   -9.0 -9 -9 -                        3   3   10 -         -9  -9  -9  2595  0.3  0.11 -9  26.0  26.2  26.6  23.5  22.2  -9 -9.0 -9  3 -9
202507202100 108  27  2.4  -9 -9.0   -9 1002.5 1012.2  2   1.9  28.2  23.7  77.0  29.3   -9.0   14.8   14.8   -9.0   -9.0   -9.0   -9.0 -9 -9 -                        7   7   11 Sc         0   0   5  2320 -9.0 -9.00 -9  25.3  25.7  26.2  23.6  22.2  -9 -9.0 -9  3  2
202507202200 108  25  1.9  -9 -9.0   -9 1002.7 1012.4 -9  -9.0  27.6  23.6  79.0  29.1   -9.0   14.8   14.8   -9.0   -9.0   -9.0   -9.0 -9 -9 -                        2   2   11 -         -9  -9  -9  2292 -9.0 -9.00 -9  24.9  25.4  26.0  23.9  22.7  -9 -9.0 -9  3 -9
202507202300 108  25  1.3  -9 -9.0   -9 1002.6 1012.3 -9  -9.0  27.5  23.5  79.0  28.9   -9.0   14.8   14.8   -9.0   -9.0   -9.0   -9.0 -9 -9 -                        2   2   10 -         -9  -9  -9  2437 -9.0 -9.00 -9  24.8  25.0  25.7  23.9  22.8  -9 -9.0 -9  3 -9
202507210000 108  23  0.8  -9 -9.0   -9 1002.7 1012.4  1   0.2  27.3  23.7  81.0  29.3   -9.0   14.8   14.8   -9.0   -9.0   -9.0   -9.0 -9 -9 -                        5   5   10 Sc         0   0   5  2394 -9.0 -9.00 -9  24.4  24.6  25.4  23.7  22.8  -9 -9.0 -9  3  2
202507210100 108   0  0.4  -9 -9.0   -9 1002.4 1012.1 -9  -9.0  26.9  23.7  83.0  29.3   -9.0   -9.0   -9.0   -9.0   -9.0   -9.0   -9.0 -9 -9 -                        1   1    9 -         -9  -9  -9  2150 -9.0 -9.00 -9  23.0  19.4  25.3  23.7  22.8  -9 -9.0 -9  3 -9
202507210200 108   2  0.6  -9 -9.0   -9 1002.0 1011.7 -9  -9.0  26.5  23.7  85.0  29.3   -9.0   -9.0   -9.0   -9.0   -9.0   -9.0   -9.0 -9 -9 -                        3   2   12 -         -9  -9  -9  2040 -9.0 -9.00 -9  22.5  19.0  25.1  23.7  22.9  -9 -9.0 -9  3 -9
202507210300 108   5  0.8  -9 -9.0   -9 1001.8 1011.5  7  -0.9  26.1  23.5  86.0  28.9   -9.0   -9.0   -9.0   -9.0   -9.0   -9.0   -9.0 -9 -9 -                        0   0   -9 -         -9  -9  -9  2112 -9.0 -9.00 -9  22.0  20.8  25.0  23.8  23.1  -9 -9.0 -9  3  2
202507210400 108   7  0.7  -9 -9.0   -9 1002.0 1011.7 -9  -9.0  25.8  23.6  88.0  29.1   -9.0   -9.0   -9.0   -9.0   -9.0   -9.0   -9.0 -9 -9 -                        0   0   -9 -         -9  -9  -9  1866 -9.0 -9.00 -9  22.0  20.8  24.8  23.7  23.1  -9 -9.0 -9  3  2
202507210500 108  36  0.6  -9 -9.0   -9 1002.6 1012.4 -9  -9.0  25.7  23.5  88.0  28.9   -9.0   -9.0   -9.0   -9.0   -9.0   -9.0   -9.0 -9 -9 -                        8   8   10 Sc         0   0   5  1917 -9.0 -9.00 -9  22.4  20.5  24.6  23.6  23.0  -9 -9.0 -9  3  2
202507210600 108   2  0.9  -9 -9.0   -9 1002.9 1012.7  2   1.2  25.9  24.1  90.0  30.0   -9.0   -9.0   -9.0   -9.0   -9.0   -9.0   -9.0 -9 -9 -                        8   8    7 Sc         0   0   5  1726  0.0  0.01 -9  22.9  20.3  24.6  23.8  23.3  -9 -9.0 -9  3  2
202507210700 108  36  0.8  -9 -9.0   -9 1003.4 1013.2 -9  -9.0  26.1  23.9  88.0  29.7    0.0    0.0    0.0   -9.0   -9.0   -9.0   -9.0 21 62 01                       9   9    6 Sc         0   0   5  1706  0.0  0.09 -9  23.4  20.5  24.5  23.6  23.1  -9 -9.0 -9  4  1
202507210800 108  14  1.4  -9 -9.0   -9 1003.9 1013.6 -9  -9.0  26.6  23.8  85.0  29.5    0.0    0.0    0.0   -9.0   -9.0   -9.0   -9.0 21 62 01                       9   9    6 Sc         0   0   5  2071  0.0  0.26 -9  24.8  20.4  24.5  23.3  22.8  -9 -9.0 -9  4  1
202507210900 108  23  1.6  -9 -9.0   -9 1004.0 1013.7  2   1.0  27.1  23.9  83.0  29.7   -9.0    0.0    0.0   -9.0   -9.0   -9.0   -9.0 -9 62 -                        9   9    8 Sc         0   0   5  2411  0.0  0.42 -9  25.5  20.6  24.5  23.0  22.5  -9 -9.0 -9  3  1
202507211000 108  20  2.6  -9 -9.0   -9 1004.2 1013.9 -9  -9.0  28.0  24.4  81.0  30.6   -9.0    0.0    0.0   -9.0   -9.0   -9.0   -9.0 -9 -9 -                        9   9    5 CuSc       0   0   8  2667  0.1  0.99 -9  27.9  20.9  24.1  21.5  20.7  -9 -9.0 -9  3  2
202507211100 108  23  3.4  -9 -9.0   -9 1003.8 1013.4 -9  -9.0  29.2  24.7  77.0  31.1    0.0    0.0    0.0   -9.0   -9.0   -9.0   -9.0 25 82 04                       7   5    6 CuAc       0   3   2  2921  0.5  2.18 -9  34.1  21.8  24.5  21.3  20.5  -9 -9.0 -9  4  1
202507211200 108  18  3.1  -9 -9.0   -9 1003.5 1013.1  8  -0.6  30.5  23.9  68.0  29.7   -9.0    0.0    0.0   -9.0   -9.0   -9.0   -9.0 -9 82 -                        7   7    8 Cu         0   0   2  3716  0.8  3.23 -9  34.2  23.3  25.4  21.3  20.5  -9 -9.0 -9  3  1
202507211300 108  27  2.2  -9 -9.0   -9 1003.2 1012.8 -9  -9.0  30.8  24.6  70.0  30.9   -9.0    0.0    0.0   -9.0   -9.0   -9.0   -9.0 -9 -9 -                        7   5    8 CuCi       1   0   2  3057  0.4  2.03 -9  34.5  23.6  26.1  21.2  20.1  -9 -9.0 -9  3  2
202507211400 108  25  3.6  -9 -9.0   -9 1002.5 1012.1 -9  -9.0  30.8  24.2  68.0  30.2   -9.0    0.0    0.0   -9.0   -9.0   -9.0   -9.0 -9 -9 -                        8   6    9 CuCi       1   0   2  2935  0.4  1.86 -9  31.7  24.1  26.5  21.2  20.0  -9 -9.0 -9  3  2
202507211500 108  25  3.8  -9 -9.0   -9 1002.3 1011.9  7  -1.2  31.6  23.9  64.0  29.7   -9.0    0.0    0.0   -9.0   -9.0   -9.0   -9.0 -9 82 -                        8   6    9 CuCi       1   0   2  2965  0.7  2.53 -9  33.7  24.3  26.8  21.4  20.1  -9 -9.0 -9  3  1
202507211600 108  25  3.4  -9 -9.0   -9 1002.2 1011.8 -9  -9.0  31.3  23.9  65.0  29.7   -9.0    0.0    0.0   -9.0   -9.0   -9.0   -9.0 -9 -9 -                        7   4    9 CuCi       1   0   2  3063  0.5  1.77 -9  32.8  24.5  27.1  21.6  20.1  -9 -9.0 -9  3  2
202507211700 108  23  3.0  -9 -9.0   -9 1002.1 1011.7 -9  -9.0  31.1  23.9  66.0  29.7   -9.0    0.0    0.0   -9.0   -9.0   -9.0   -9.0 -9 -9 -                        7   4    9 CuCi       1   0   2  3198  0.6  1.48 -9  31.0  24.6  27.2  21.8  20.2  -9 -9.0 -9  3  2
202507211800 108  25  3.6  -9 -9.0   -9 1002.2 1011.8  5  -0.1  31.0  23.6  65.0  29.1   -9.0    0.0    0.0   -9.0   -9.0   -9.0   -9.0 -9 -9 -                        3   3    9 Cu         0   0   2  3492  0.9  1.39 -9  28.8  24.8  27.2  22.1  20.4  -9 -9.0 -9  3  2
202507211900 108  23  3.2  -9 -9.0   -9 1002.5 1012.1 -9  -9.0  29.8  23.7  70.0  29.3   -9.0    0.0    0.0   -9.0   -9.0   -9.0   -9.0 -9 -9 -                        2   1   -9 -         -9  -9  -9  3943  0.7  0.47 -9  26.5  24.5  26.9  22.1  20.3  -9 -9.0 -9  3 -9
202507212000 108  27  3.1  -9 -9.0   -9 1002.7 1012.4 -9  -9.0  28.8  24.1  76.0  30.0   -9.0    0.0    0.0   -9.0   -9.0   -9.0   -9.0 -9 -9 -                        3   3    7 -         -9  -9  -9  3347  0.2  0.10 -9  25.3  23.9  26.4  22.0  20.2  -9 -9.0 -9  3 -9
202507212100 108  27  2.4  -9 -9.0   -9 1003.2 1012.9  2   1.1  28.2  24.2  79.0  30.2   -9.0    0.0    0.0   -9.0   -9.0   -9.0   -9.0 -9 -9 -                        3   3    6 Sc         0   0   5  3013 -9.0 -9.00 -9  24.8  23.4  26.0  22.0  20.2  -9 -9.0 -9  3  2
202507212200 108  23  2.6  -9 -9.0   -9 1003.4 1013.1 -9  -9.0  27.9  24.3  81.0  30.4   -9.0    0.0    0.0   -9.0   -9.0   -9.0   -9.0 -9 -9 -                        5   4    6 -         -9  -9  -9  3155 -9.0 -9.00 -9  24.2  23.1  25.6  22.0  20.3  -9 -9.0 -9  3 -9
202507212300 108  23  3.1  -9 -9.0   -9 1003.5 1013.2 -9  -9.0  27.7  24.1  81.0  30.0   -9.0    0.0    0.0   -9.0   -9.0   -9.0   -9.0 -9 -9 -                        5   5    5 -         -9  -9  -9  3219 -9.0 -9.00 -9  24.0  22.8  25.4  22.0  20.4  -9 -9.0 -9  3 -9
202507220000 108  23  2.5  -9 -9.0   -9 1003.6 1013.3  2   0.4  27.4  24.4  84.0  30.6   -9.0    0.0    0.0   -9.0   -9.0   -9.0   -9.0 -9 -9 -                        7   7    5 Sc         0   0   5  2474 -9.0 -9.00 -9  24.0  22.5  25.1  22.0  20.5  -9 -9.0 -9  3  2
202507220100 108  20  2.5  -9 -9.0   -9 1003.5 1013.2 -9  -9.0  27.2  24.4  85.0  30.6   -9.0   -9.0   -9.0   -9.0   -9.0   -9.0   -9.0 -9 -9 -                        1   1    4 -         -9  -9  -9  2433 -9.0 -9.00 -9  23.7  22.2  24.9  22.0  20.6  -9 -9.0 -9  3 -9
202507220200 108  20  2.3  -9 -9.0   -9 1003.5 1013.2 -9  -9.0  27.0  24.6  87.0  30.9   -9.0   -9.0   -9.0   -9.0   -9.0   -9.0   -9.0 -9 -9 -                        5   5    4 -         -9  -9  -9  1915 -9.0 -9.00 -9  23.6  22.1  24.7  22.0  20.6  -9 -9.0 -9  3 -9
202507220300 108  25  1.7  -9 -9.0   -9 1003.6 1013.3  4   0.0  26.9  24.3  86.0  30.4   -9.0   -9.0   -9.0   -9.0   -9.0   -9.0   -9.0 -9 -9 -                        8   8    6 Sc         0   0   5  2247 -9.0 -9.00 -9  23.4  21.9  24.6  22.0  20.7  -9 -9.0 -9  3  2
202507220400 108  20  3.1  -9 -9.0   -9 1003.6 1013.3 -9  -9.0  26.8  24.2  86.0  30.2   -9.0   -9.0   -9.0   -9.0   -9.0   -9.0   -9.0 -9 -9 -                        7   7    6 CuSc       0   0   8  2120 -9.0 -9.00 -9  23.6  21.9  24.5  21.9  20.7  -9 -9.0 -9  3  2
202507220500 108  20  2.8  -9 -9.0   -9 1003.5 1013.2 -9  -9.0  26.7  24.3  87.0  30.4   -9.0   -9.0   -9.0   -9.0   -9.0   -9.0   -9.0 -9 -9 -                        8   8    8 Sc         0   0   5  2145 -9.0 -9.00 -9  23.5  21.5  24.4  21.8  20.7  -9 -9.0 -9  3  2
202507220600 108  20  2.2  -9 -9.0   -9 1003.8 1013.5  3   0.2  26.7  24.5  88.0  30.7   -9.0   -9.0   -9.0   -9.0   -9.0   -9.0   -9.0 -9 -9 -                        8   8    6 Sc         0   0   5  2120  0.0  0.02 -9  23.6  21.5  24.3  21.8  20.7  -9 -9.0 -9  3  2
202507220700 108  23  3.0  -9 -9.0   -9 1004.1 1013.8 -9  -9.0  26.8  24.2  86.0  30.2   -9.0   -9.0   -9.0   -9.0   -9.0   -9.0   -9.0 -9 -9 -                        9   5    5 ScAcCi     1   3   5  2461  0.0  0.22 -9  24.3  21.5  24.3  21.8  20.7  -9 -9.0 -9  3  2
202507220800 108  23  2.3  -9 -9.0   -9 1004.4 1014.1 -9  -9.0  27.4  24.2  83.0  30.2   -9.0   -9.0   -9.0   -9.0   -9.0   -9.0   -9.0 -9 -9 -                        8   5    5 ScAcCi     1   3   5  2302  0.0  0.49 -9  26.3  21.5  24.4  21.8  20.8  -9 -9.0 -9  3  2
202507220900 108  20  3.4  -9 -9.0   -9 1004.2 1013.9  0   0.4  28.3  24.0  78.0  29.8   -9.0   -9.0   -9.0   -9.0   -9.0   -9.0   -9.0 -9 -9 -                        9   6    5 ScAcCi     1   3   5  2931  0.4  1.29 -9  30.1  21.8  24.7  22.0  21.1  -9 -9.0 -9  3  2
202507221000 108  25  2.4  -9 -9.0   -9 1004.0 1013.7 -9  -9.0  29.2  24.5  76.0  30.7   -9.0   -9.0   -9.0   -9.0   -9.0   -9.0   -9.0 -9 -9 -                        8   6    6 ScCi       1   0   5  3428  0.3  1.42 -9  30.4  22.6  25.2  22.1  21.2  -9 -9.0 -9  3  2
202507221100 108  27  3.0  -9 -9.0   -9 1004.0 1013.6 -9  -9.0  29.6  24.0  72.0  29.8   -9.0   -9.0   -9.0   -9.0   -9.0   -9.0   -9.0 -9 -9 -                        7   5    8 CuCi       1   0   2  2836  0.3  1.45 -9  31.7  23.2  25.6  22.1  21.1  -9 -9.0 -9  3  2
202507221200 108  27  3.3  -9 -9.0   -9 1003.8 1013.4  7  -0.5  30.4  23.8  68.0  29.5   -9.0   -9.0   -9.0   -9.0   -9.0   -9.0   -9.0 -9 -9 -                        8   5    9 CuCi       1   0   2  2644  0.4  1.94 -9  31.7  23.7  26.0  22.2  21.1  -9 -9.0 -9  3  2
202507221300 108  27  3.4  -9 -9.0   -9 1003.5 1013.1 -9  -9.0  31.3  24.6  68.0  30.9   -9.0   -9.0   -9.0   -9.0   -9.0   -9.0   -9.0 -9 -9 -                        7   3   12 CuCi       1   0   2  3144  0.5  2.12 -9  37.0  23.8  26.4  22.2  21.0  -9 -9.0 -9  3  2
202507221400 108  27  3.8  -9 -9.0   -9 1003.1 1012.7 -9  -9.0  31.9  22.8  59.0  27.7   -9.0   -9.0   -9.0   -9.0   -9.0   -9.0   -9.0 -9 -9 -                        8   3   11 CuCi       1   0   2  3816  0.9  3.46 -9  38.6  24.8  27.0  22.3  21.1  -9 -9.0 -9  3  2
202507221500 108  25  4.2  -9 -9.0   -9 1003.1 1012.7  6  -0.7  32.0  22.9  59.0  27.9   -9.0   -9.0   -9.0   -9.0   -9.0   -9.0   -9.0 -9 -9 -                        7   4   10 CuCi       1   0   2  3113  0.9  2.96 -9  38.3  25.5  27.7  22.3  21.0  -9 -9.0 -9  3  2
202507221600 108  25  3.2  -9 -9.0   -9 1003.0 1012.6 -9  -9.0  31.7  24.5  66.0  30.7   -9.0   -9.0   -9.0   -9.0   -9.0   -9.0   -9.0 -9 -9 -                        7   5    8 CuCi       1   0   2  3684  0.7  2.13 -9  35.5  25.5  28.0  22.5  21.0  -9 -9.0 -9  3  2
202507221700 108  27  3.3  -9 -9.0   -9 1003.1 1012.7 -9  -9.0  30.2  23.8  69.0  29.5    0.0    0.0    0.0   -9.0   -9.0   -9.0   -9.0 80 82 04                       9   7    8 CuScCi     1   0   8  2581  0.1  0.70 -9  31.0  29.4  27.9  22.6  20.9  -9 -9.0 -9  4  1
202507221800 108  27  3.7  -9 -9.0   -9 1003.0 1012.6  6  -0.1  30.6  23.5  66.0  28.9    0.1    0.1    0.1   -9.0   -9.0   -9.0   -9.0 25 82 04                       8   3    8 CuCi       1   0   2  2988  0.8  1.39 -9  30.5  28.9  27.7  22.9  21.2  -9 -9.0 -9  4  1
202507221900 108  27  2.8  -9 -9.0   -9 1003.0 1012.6 -9  -9.0  30.0  23.4  68.0  28.8   -9.0    0.1    0.1   -9.0   -9.0   -9.0   -9.0 -9 -9 -                        7   7   29 -         -9  -9  -9  3333  1.0  0.71 -9  28.4  28.6  27.4  22.9  21.1  -9 -9.0 -9  3 -9
202507222000 108  27  2.6  -9 -9.0   -9 1003.1 1012.8 -9  -9.0  28.9  23.7  74.0  29.3   -9.0    0.1    0.1   -9.0   -9.0   -9.0   -9.0 -9 -9 -                        3   3    6 -         -9  -9  -9  2985  0.3  0.13 -9  26.9  28.2  27.0  22.9  21.0  -9 -9.0 -9  3 -9
202507222100 108  29  1.3  -9 -9.0   -9 1003.4 1013.1  2   0.5  28.2  24.4  80.0  30.6   -9.0    0.1    0.1   -9.0   -9.0   -9.0   -9.0 -9 81 -                        2   0   -9 Ci         1   0   0  2573 -9.0 -9.00 -9  26.2  27.8  28.0  26.5  25.4  -9 -9.0 -9  3  1
202507222200 108   2  1.7  -9 -9.0   -9 1003.3 1013.0 -9  -9.0  27.6  24.2  82.0  30.2   -9.0    0.1    0.1   -9.0   -9.0   -9.0   -9.0 -9 -9 -                        5   1   -9 -         -9  -9  -9  2698 -9.0 -9.00 -9  25.7  27.4  27.7  26.5  25.4  -9 -9.0 -9  3 -9
202507222300 108  18  2.3  -9 -9.0   -9 1003.1 1012.8 -9  -9.0  27.3  23.9  82.0  29.7   -9.0    0.1    0.1   -9.0   -9.0   -9.0   -9.0 -9 -9 -                        6   1   -9 -         -9  -9  -9  2630 -9.0 -9.00 -9  25.2  27.1  27.3  26.3  25.4  -9 -9.0 -9  3 -9
202507230000 108  18  1.6  -9 -9.0   -9 1002.9 1012.6  7  -0.5  27.3  23.5  80.0  28.9   -9.0    0.1    0.1   -9.0   -9.0   -9.0   -9.0 -9 -9 -                        1   0   -9 Ci         1   0   0  2716 -9.0 -9.00 -9  24.9  26.7  26.8  25.9  25.0  -9 -9.0 -9  3  2
202507230100 108  20  1.9  -9 -9.0   -9 1003.1 1012.8 -9  -9.0  27.1  23.7  82.0  29.3   -9.0   -9.0   -9.0   -9.0   -9.0   -9.0   -9.0 -9 -9 -                        6   1   -9 -         -9  -9  -9  2777 -9.0 -9.00 -9  24.8  26.4  25.3  22.9  21.5  -9 -9.0 -9  3 -9
202507230200 108  29  1.9  -9 -9.0   -9 1003.3 1013.0 -9  -9.0  26.5  23.5  84.0  28.9   -9.0   -9.0   -9.0   -9.0   -9.0   -9.0   -9.0 -9 -9 -                        3   1   -9 -         -9  -9  -9  2639 -9.0 -9.00 -9  24.5  26.2  25.1  22.7  21.4  -9 -9.0 -9  3 -9
202507230300 108  32  1.7  -9 -9.0   -9 1003.5 1013.2  2   0.6  26.3  23.5  85.0  28.9   -9.0   -9.0   -9.0   -9.0   -9.0   -9.0   -9.0 -9 -9 -                        4   4    7 Sc         0   0   5  2787 -9.0 -9.00 -9  24.6  26.0  24.9  22.6  21.4  -9 -9.0 -9  3  2
202507230400 108  27  0.8  -9 -9.0   -9 1003.6 1013.4 -9  -9.0  26.0  23.4  86.0  28.8   -9.0   -9.0   -9.0   -9.0   -9.0   -9.0   -9.0 -9 -9 -                        5   0   -9 Ci         1   0   0  1949 -9.0 -9.00 -9  24.2  25.9  24.8  22.5  21.4  -9 -9.0 -9  3  2
202507230500 108   0  0.4  -9 -9.0   -9 1003.7 1013.5 -9  -9.0  25.7  23.3  87.0  28.6   -9.0   -9.0   -9.0   -9.0   -9.0   -9.0   -9.0 -9 -9 -                        6   0   -9 Ci         1   0   0  1944 -9.0 -9.00 -9  24.0  25.7  24.6  22.5  21.4  -9 -9.0 -9  3  2
202507230600 108  32  0.7  -9 -9.0   -9 1004.0 1013.8  2   0.6  25.5  23.1  87.0  28.3   -9.0   -9.0   -9.0   -9.0   -9.0   -9.0   -9.0 -9 -9 -                        8   6    5 ScCi       1   0   5  2273  0.0  0.02 -9  24.5  25.5  24.4  22.3  21.3  -9 -9.0 -9  3  2
202507230700 108  32  1.0  -9 -9.0   -9 1004.1 1013.9 -9  -9.0  25.9  23.3  86.0  28.6   -9.0   -9.0   -9.0   -9.0   -9.0   -9.0   -9.0 -9 -9 -                        9   0   -9 Ci         2   0   0  2952  0.1  0.27 -9  25.8  25.5  24.4  22.3  21.3  -9 -9.0 -9  3  2
202507230800 108   5  2.1  -9 -9.0   -9 1004.1 1013.8 -9  -9.0  26.8  24.2  86.0  30.2   -9.0   -9.0   -9.0   -9.0   -9.0   -9.0   -9.0 -9 -9 -                        9   1    4 ScCi       2   0   5  2367  0.1  0.61 -9  27.9  25.6  24.6  22.4  21.5  -9 -9.0 -9  3  2
202507230900 108   5  1.8  -9 -9.0   -9 1004.0 1013.7  8  -0.1  28.2  23.7  77.0  29.3   -9.0   -9.0   -9.0   -9.0   -9.0   -9.0   -9.0 -9 -9 -                        8   6    5 CuCi       1   0   2  2205  0.8  1.34 -9  32.5  25.9  24.9  22.6  21.8  -9 -9.0 -9  3  2
202507231000 108  16  1.0  -9 -9.0   -9 1004.1 1013.7 -9  -9.0  29.5  24.1  73.0  30.0   -9.0   -9.0   -9.0   -9.0   -9.0   -9.0   -9.0 -9 -9 -                        7   4    7 CuCi       1   0   2  3577  0.9  1.89 -9  35.9  26.1  25.4  22.7  21.9  -9 -9.0 -9  3  2
202507231100 108  20  2.0  -9 -9.0   -9 1003.6 1013.2 -9  -9.0  30.7  24.1  68.0  30.0   -9.0   -9.0   -9.0   -9.0   -9.0   -9.0   -9.0 -9 -9 -                        8   4    9 CuCi       1   0   2  3221  0.7  2.47 -9  37.4  23.5  26.1  22.8  22.0  -9 -9.0 -9  3  2
202507231200 108  25  2.1  -9 -9.0   -9 1003.2 1012.8  7  -0.9  31.6  22.8  60.0  27.7   -9.0   -9.0   -9.0   -9.0   -9.0   -9.0   -9.0 -9 -9 -                        7   4   11 CuCi       1   0   2  3289  0.9  3.54 -9  38.9  25.9  27.1  22.9  22.0  -9 -9.0 -9  3  2
202507231300 108  27  2.4  -9 -9.0   -9 1002.6 1012.1 -9  -9.0  32.1  22.5  57.0  27.2   -9.0   -9.0   -9.0   -9.0   -9.0   -9.0   -9.0 -9 -9 -                        8   4   13 ScCi       1   0   5  3713  0.9  2.94 -9  39.0  29.0  27.9  22.8  21.7  -9 -9.0 -9  3  2
202507231400 108  25  2.0  -9 -9.0   -9 1001.9 1011.4 -9  -9.0  33.1  23.1  56.0  28.3   -9.0   -9.0   -9.0   -9.0   -9.0   -9.0   -9.0 -9 -9 -                        7   4   12 ScCi       1   0   5  2770  0.9  3.35 -9  39.8  29.7  28.5  23.0  21.6  -9 -9.0 -9  3  2
202507231500 108  29  3.8  -9 -9.0   -9 1001.5 1011.0  7  -1.8  32.5  22.2  55.0  26.8   -9.0   -9.0   -9.0   -9.0   -9.0   -9.0   -9.0 -9 -9 -                        8   6   14 ScCi       1   0   5  3191  0.4  2.06 -9  36.2  30.0  28.8  23.2  21.6  -9 -9.0 -9  3  2
202507231600 108  27  2.4  -9 -9.0   -9 1001.3 1010.8 -9  -9.0  32.0  23.5  61.0  28.9   -9.0   -9.0   -9.0   -9.0   -9.0   -9.0   -9.0 -9 -9 -                        8   5   12 ScAc       0   3   5  2967  0.2  1.11 -9  33.9  29.7  28.6  23.3  21.6  -9 -9.0 -9  3  2
202507231700 108  29  2.9  -9 -9.0   -9 1000.7 1010.2 -9  -9.0  31.7  23.7  63.0  29.3   -9.0   -9.0   -9.0   -9.0   -9.0   -9.0   -9.0 -9 -9 -                        6   3   19 ScAc       0   3   5  3082  0.4  1.06 -9  33.1  29.5  28.3  23.5  21.6  -9 -9.0 -9  3  2
202507231800 108  32  2.8  -9 -9.0   -9 1000.5 1010.0  7  -1.0  31.3  23.6  64.0  29.1   -9.0   -9.0   -9.0   -9.0   -9.0   -9.0   -9.0 -9 -9 -                        3   2   12 ScAc       0   3   5  3418  0.4  0.82 -9  30.4  29.3  28.0  23.6  21.8  -9 -9.0 -9  3  2
202507231900 108  27  2.4  -9 -9.0   -9 1000.4 1010.0 -9  -9.0  30.9  23.2  64.0  28.4   -9.0   -9.0   -9.0   -9.0   -9.0   -9.0   -9.0 -9 -9 -                        2   1   -9 -         -9  -9  -9  3061  0.9  0.56 -9  28.8  29.1  27.8  23.7  21.8  -9 -9.0 -9  3 -9
202507232000 108  32  2.4  -9 -9.0   -9 1000.5 1010.1 -9  -9.0  29.8  23.2  68.0  28.4   -9.0   -9.0   -9.0   -9.0   -9.0   -9.0   -9.0 -9 -9 -                        3   1   -9 -         -9  -9  -9  3484  0.3  0.10 -9  27.3  28.6  27.4  23.6  21.7  -9 -9.0 -9  3 -9
202507232100 108  32  3.0  -9 -9.0   -9 1000.9 1010.5  2   0.5  29.0  21.7  65.0  26.0   -9.0   -9.0   -9.0   -9.0   -9.0   -9.0   -9.0 -9 -9 -                        5   0   -9 Ci         1   0   0  3752 -9.0 -9.00 -9  26.1  28.1  27.0  23.6  21.8  -9 -9.0 -9  3  2
202507232200 108  25  1.7  -9 -9.0   -9 1001.1 1010.8 -9  -9.0  28.2  22.2  70.0  26.8   -9.0   -9.0   -9.0   -9.0   -9.0   -9.0   -9.0 -9 -9 -                        5   1   -9 -         -9  -9  -9  3575 -9.0 -9.00 -9  25.6  27.6  26.6  23.6  21.8  -9 -9.0 -9  3 -9
202507232300 108  29  0.9  -9 -9.0   -9 1001.2 1010.9 -9  -9.0  27.6  20.9  67.0  24.7   -9.0   -9.0   -9.0   -9.0   -9.0   -9.0   -9.0 -9 -9 -                        7   2   72 -         -9  -9  -9  3957 -9.0 -9.00 -9  25.1  27.3  26.2  23.6  22.0  -9 -9.0 -9  3 -9
202507240000 108  29  1.1  -9 -9.0   -9 1001.5 1011.2  2   0.7  27.1  21.1  70.0  25.0   -9.0   -9.0   -9.0   -9.0   -9.0   -9.0   -9.0 -9 -9 -                        8   0   -9 Ci         2   0   0  3664 -9.0 -9.00 -9  24.9  26.9  25.9  23.6  22.1  -9 -9.0 -9  3  2
202507240100 108  25  1.2  -9 -9.0   -9 1001.4 1011.1 -9  -9.0  26.8  21.7  74.0  26.0   -9.0   -9.0   -9.0   -9.0   -9.0   -9.0   -9.0 -9 -9 -                        7   7   71 -         -9  -9  -9  3734 -9.0 -9.00 -9  24.5  26.6  25.7  23.5  22.2  -9 -9.0 -9  3 -9
202507240200 108  27  1.5  -9 -9.0   -9 1001.4 1011.1 -9  -9.0  26.3  21.5  75.0  25.6   -9.0   -9.0   -9.0   -9.0   -9.0   -9.0   -9.0 -9 -9 -                        7   7   71 -         -9  -9  -9  3330 -9.0 -9.00 -9  24.4  26.3  25.4  23.4  22.1  -9 -9.0 -9  3 -9
202507240300 108  29  1.2  -9 -9.0   -9 1001.5 1011.2  4   0.0  26.3  22.3  79.0  26.9   -9.0   -9.0   -9.0   -9.0   -9.0   -9.0   -9.0 -9 -9 -                        8   2   17 ScCc       9   0   5  3179 -9.0 -9.00 -9  24.5  26.2  25.2  23.3  22.1  -9 -9.0 -9  3  2
202507240400 108  27  1.0  -9 -9.0   -9 1001.4 1011.1 -9  -9.0  26.1  22.3  80.0  26.9   -9.0   -9.0   -9.0   -9.0   -9.0   -9.0   -9.0 -9 -9 -                        9   0   -9 Cc         9   0   0  3112 -9.0 -9.00 -9  24.4  26.0  25.1  23.1  22.1  -9 -9.0 -9  3  2
202507240500 108  27  0.7  -9 -9.0   -9 1001.6 1011.3 -9  -9.0  26.0  22.4  81.0  27.1   -9.0   -9.0   -9.0   -9.0   -9.0   -9.0   -9.0 -9 -9 -                        8   0   -9 Cc         9   0   0  3140 -9.0 -9.00 -9  24.3  25.9  24.9  23.0  22.0  -9 -9.0 -9  3  2
202507240600 108  29  0.8  -9 -9.0   -9 1001.7 1011.4  3   0.2  25.8  22.2  81.0  26.8   -9.0   -9.0   -9.0   -9.0   -9.0   -9.0   -9.0 -9 -9 -                        8   0   -9 Cc         9   0   0  2980  0.0  0.03 -9  24.2  25.7  24.8  22.9  21.9  -9 -9.0 -9  3  2
202507240700 108  36  1.1  -9 -9.0   -9 1001.6 1011.3 -9  -9.0  26.0  22.4  81.0  27.1   -9.0   -9.0   -9.0   -9.0   -9.0   -9.0   -9.0 -9 -9 -                        8   0   -9 Cc         9   0   0  2980  0.0  0.23 -9  25.3  25.6  24.7  22.8  21.9  -9 -9.0 -9  3  2
202507240800 108   2  2.3  -9 -9.0   -9 1001.6 1011.3 -9  -9.0  27.3  23.7  81.0  29.3   -9.0   -9.0   -9.0   -9.0   -9.0   -9.0   -9.0 -9 -9 -                        7   0   -9 Cc         9   0   0  3377  0.3  0.75 -9  29.4  25.7  24.8  22.9  22.1  -9 -9.0 -9  3  2
202507240900 108   5  2.2  -9 -9.0   -9 1001.3 1010.9  7  -0.5  29.6  23.3  69.0  28.6   -9.0   -9.0   -9.0   -9.0   -9.0   -9.0   -9.0 -9 -9 -                        8   0   -9 Cc         9   0   0  2868  1.0  1.92 -9  33.2  25.9  25.4  23.3  22.6  -9 -9.0 -9  3  2
202507241000 108  32  2.1  -9 -9.0   -9 1001.2 1010.8 -9  -9.0  30.2  22.1  62.0  26.6   -9.0   -9.0   -9.0   -9.0   -9.0   -9.0   -9.0 -9 -9 -                        8   0   -9 Cc         9   0   0  3120  0.5  1.82 -9  -9.0 -99.0 -99.0 -99.0 -99.0  -9 -9.0 -9  3  2
202507241100 108  27  1.9  -9 -9.0   -9 1001.0 1010.5 -9  -9.0  31.5  23.8  64.0  29.5   -9.0   -9.0   -9.0   -9.0   -9.0   -9.0   -9.0 -9 -9 -                        8   0   -9 Cc         9   0   0  3179  0.3  1.76 -9  36.6  30.3  27.5  26.0  25.8  -9 -9.0 -9  3  2
202507241200 108  32  2.5  -9 -9.0   -9 1000.4 1009.9  7  -1.0  32.4  23.3  59.0  28.6   -9.0   -9.0   -9.0   -9.0   -9.0   -9.0   -9.0 -9 -9 -                        6   2   13 ScCc       9   0   5  2447  0.9  3.34 -9  42.7  30.9  28.0  25.3  25.1  -9 -9.0 -9  3  2
202507241300 108  27  2.9  -9 -9.0   -9  999.8 1009.3 -9  -9.0  33.4  22.8  54.0  27.7   -9.0   -9.0   -9.0   -9.0   -9.0   -9.0   -9.0 -9 -9 -                        7   4   12 ScCc       9   0   5  3205  1.0  3.82 -9  44.9  32.3  29.4  26.2  25.7  -9 -9.0 -9  3  2
202507241400 108  27  2.0  -9 -9.0   -9  999.6 1009.1 -9  -9.0  33.9  21.6  49.0  25.8   -9.0   -9.0   -9.0   -9.0   -9.0   -9.0   -9.0 -9 -9 -                        6   2   14 ScCc       9   0   5  2547  1.0  3.65 -9  44.2  32.8  30.3  26.3  25.6  -9 -9.0 -9  3  2
202507241500 108  27  2.9  -9 -9.0   -9  999.1 1008.6  7  -1.3  32.8  22.8  56.0  27.7   -9.0   -9.0   -9.0   -9.0   -9.0   -9.0   -9.0 -9 -9 -                        3   3   14 Sc         0   0   5  2414  0.3  1.54 -9  37.1  31.9  30.0  25.8  24.9  -9 -9.0 -9  3  2
202507241600 108  25  2.9  -9 -9.0   -9  998.6 1008.1 -9  -9.0  33.7  23.3  55.0  28.6   -9.0   -9.0   -9.0   -9.0   -9.0   -9.0   -9.0 -9 -9 -                        4   4   13 Sc         0   0   5  2136  0.7  2.13 -9  38.6  31.6  30.4  26.9  25.8  -9 -9.0 -9  3  2
202507241700 108  25  3.0  -9 -9.0   -9  998.4 1007.8 -9  -9.0  33.9  23.8  56.0  29.5   -9.0   -9.0   -9.0   -9.0   -9.0   -9.0   -9.0 -9 -9 -                        2   2   14 Sc         0   0   5  2102  1.0  1.99 -9  36.6  31.6  30.2  26.7  25.5  -9 -9.0 -9  3  2
202507241800 108  27  2.5  -9 -9.0   -9  998.4 1007.9  5  -0.7  33.2  24.0  59.0  29.8   -9.0   -9.0   -9.0   -9.0   -9.0   -9.0   -9.0 -9 -9 -                        1   0   -9 Ci         1   0   0  2207  1.0  1.27 -9  32.9  31.2  30.5  27.4  26.1  -9 -9.0 -9  3  2
202507241900 108  32  3.0  -9 -9.0   -9  998.4 1007.9 -9  -9.0  32.0  23.7  62.0  29.3   -9.0   -9.0   -9.0   -9.0   -9.0   -9.0   -9.0 -9 -9 -                        2   1   61 -         -9  -9  -9  2205  1.0  0.55 -9  30.6  30.5  30.2  27.5  26.2  -9 -9.0 -9  3 -9
202507242000 108  32  3.4  -9 -9.0   -9  998.5 1008.0 -9  -9.0  30.7  23.6  66.0  29.1   -9.0   -9.0   -9.0   -9.0   -9.0   -9.0   -9.0 -9 -9 -                        5   5   61 -         -9  -9  -9  2240  0.2  0.11 -9  28.8  29.6  29.5  27.3  26.0  -9 -9.0 -9  3 -9
202507242100 108  29  2.7  -9 -9.0   -9  999.1 1008.7  2   0.8  30.0  23.1  67.0  28.3   -9.0   -9.0   -9.0   -9.0   -9.0   -9.0   -9.0 -9 -9 -                        7   0   -9 Cc         9   0   0  2348 -9.0 -9.00 -9  27.8  28.9  29.1  27.5  26.3  -9 -9.0 -9  3  2
202507242200 108  29  1.9  -9 -9.0   -9  999.1 1008.7 -9  -9.0  29.5  22.9  68.0  27.9   -9.0   -9.0   -9.0   -9.0   -9.0   -9.0   -9.0 -9 -9 -                        7   7   62 -         -9  -9  -9  2283 -9.0 -9.00 -9  27.2  28.4  28.6  27.3  26.2  -9 -9.0 -9  3 -9
202507242300 108  29  1.5  -9 -9.0   -9  999.3 1008.9 -9  -9.0  28.9  23.3  72.0  28.6   -9.0   -9.0   -9.0   -9.0   -9.0   -9.0   -9.0 -9 -9 -                        3   3   63 -         -9  -9  -9  2210 -9.0 -9.00 -9  26.4  27.9  27.8  26.9  26.0  -9 -9.0 -9  3 -9
202507250000 108  29  0.8  -9 -9.0   -9  999.2 1008.8  0   0.1  28.4  23.3  74.0  28.6   -9.0   -9.0   -9.0   -9.0   -9.0   -9.0   -9.0 -9 -9 -                        0   0   -9 -         -9  -9  -9  1864 -9.0 -9.00 -9  25.8  27.5  28.1  27.5  26.7  -9 -9.0 -9  3  2
202507250100 108  29  0.9  -9 -9.0   -9  999.2 1008.9 -9  -9.0  27.8  23.3  77.0  28.6   -9.0   -9.0   -9.0   -9.0   -9.0   -9.0   -9.0 -9 -9 -                        0   0   -9 -         -9  -9  -9  1854 -9.0 -9.00 -9  25.4  27.2  27.8  27.5  26.7  -9 -9.0 -9  3 -9
202507250200 108   7  0.8  -9 -9.0   -9  999.0 1008.7 -9  -9.0  27.3  22.6  76.0  27.4   -9.0   -9.0   -9.0   -9.0   -9.0   -9.0   -9.0 -9 -9 -                        0   0   -9 -         -9  -9  -9  2002 -9.0 -9.00 -9  24.8  26.7  27.4  27.2  26.6  -9 -9.0 -9  3 -9
202507250300 108   2  1.2  -9 -9.0   -9  998.8 1008.5  8  -0.3  26.9  22.7  78.0  27.6   -9.0   -9.0   -9.0   -9.0   -9.0   -9.0   -9.0 -9 -9 -                        0   0   -9 -         -9  -9  -9  1947 -9.0 -9.00 -9  24.5  26.4  26.7  26.4  26.0  -9 -9.0 -9  3  2
202507250400 108   2  1.2  -9 -9.0   -9  998.8 1008.5 -9  -9.0  26.4  22.6  80.0  27.4   -9.0   -9.0   -9.0   -9.0   -9.0   -9.0   -9.0 -9 -9 -                        0   0   -9 -         -9  -9  -9  1912 -9.0 -9.00 -9  24.2  26.2  26.8  26.8  26.4  -9 -9.0 -9  3  2
202507250500 108   2  2.0  -9 -9.0   -9  999.0 1008.7 -9  -9.0  25.9  22.3  81.0  26.9   -9.0   -9.0   -9.0   -9.0   -9.0   -9.0   -9.0 -9 -9 -                        0   0   -9 -         -9  -9  -9  1829 -9.0 -9.00 -9  23.9  25.9  26.6  26.8  26.6  -9 -9.0 -9  3  2
202507250600 108   5  2.1  -9 -9.0   -9  999.1 1008.8  2   0.3  25.7  22.7  84.0  27.6   -9.0   -9.0   -9.0   -9.0   -9.0   -9.0   -9.0 -9 -9 -                        0   0   -9 -         -9  -9  -9  1749  0.0  0.02 -9  23.9  25.7  26.3  26.5  26.3  -9 -9.0 -9  3  2
202507250700 108   7  1.1  -9 -9.0   -9  999.0 1008.7 -9  -9.0  26.2  23.2  84.0  28.4   -9.0   -9.0   -9.0   -9.0   -9.0   -9.0   -9.0 -9 -9 -                        0   0   -9 -         -9  -9  -9  1899  1.0  0.40 -9  25.3  25.7  26.3  26.7  26.5  -9 -9.0 -9  3  2
202507250800 108   5  1.7  -9 -9.0   -9  999.1 1008.7 -9  -9.0  28.4  23.9  77.0  29.7   -9.0   -9.0   -9.0   -9.0   -9.0   -9.0   -9.0 -9 -9 -                        0   0   -9 -         -9  -9  -9  1897  1.0  1.01 -9  31.2  26.4  26.4  26.4  26.3  -9 -9.0 -9  3  2
202507250900 108   7  2.0  -9 -9.0   -9  999.1 1008.7  6  -0.1  30.2  23.8  69.0  29.5   -9.0   -9.0   -9.0   -9.0   -9.0   -9.0   -9.0 -9 -9 -                        0   0   -9 -         -9  -9  -9  2059  1.0  1.78 -9  35.7  27.4  26.8  26.3  26.3  -9 -9.0 -9  3  2
202507251000 108   5  1.7  -9 -9.0   -9  999.0 1008.5 -9  -9.0  31.9  24.7  66.0  31.1   -9.0   -9.0   -9.0   -9.0   -9.0   -9.0   -9.0 -9 -9 -                        0   0   -9 -         -9  -9  -9  1837  1.0  2.39 -9  40.1  29.0  27.6  26.3  26.3  -9 -9.0 -9  3  2
202507251100 108  23  1.1  -9 -9.0   -9  998.9 1008.4 -9  -9.0  32.7  23.6  59.0  29.1   -9.0   -9.0   -9.0   -9.0   -9.0   -9.0   -9.0 -9 -9 -                        1   1   10 Sc         0   0   5  2390  1.0  2.70 -9  41.8  30.6  28.4  26.4  26.2  -9 -9.0 -9  3  2
202507251200 108  36  2.6  -9 -9.0   -9  998.5 1007.9  7  -0.8  33.9  23.5  55.0  28.9   -9.0   -9.0   -9.0   -9.0   -9.0   -9.0   -9.0 -9 -9 -                        1   1   14 Sc         0   0   5  1986  1.0  3.05 -9  45.8  32.0  29.3  26.5  26.1  -9 -9.0 -9  3  2
202507251300 108  25  2.1  -9 -9.0   -9  998.0 1007.4 -9  -9.0  35.0  23.6  52.0  29.1   -9.0   -9.0   -9.0   -9.0   -9.0   -9.0   -9.0 -9 -9 -                        3   3   15 Sc         0   0   5  2222  0.9  3.23 -9  45.8  32.8  30.0  26.7  26.1  -9 -9.0 -9  3  2
202507251400 108  27  1.9  -9 -9.0   -9  997.4 1006.8 -9  -9.0  35.2  24.4  54.0  30.6   -9.0   -9.0   -9.0   -9.0   -9.0   -9.0   -9.0 -9 -9 -                        2   2   15 Sc         0   0   5  2164  0.6  2.55 -9  45.6  32.7  30.6  26.9  26.1  -9 -9.0 -9  3  2
202507251500 108  27  2.6  -9 -9.0   -9  996.6 1006.0  7  -1.9  36.0  24.5  52.0  30.7   -9.0   -9.0   -9.0   -9.0   -9.0   -9.0   -9.0 -9 -9 -                        3   3   16 Sc         0   0   5  2217  1.0  3.21 -9  46.1  33.2  31.1  27.1  26.1  -9 -9.0 -9  3  2
202507251600 108  25  3.2  -9 -9.0   -9  996.2 1005.6 -9  -9.0  35.7  24.3  52.0  30.4   -9.0   -9.0   -9.0   -9.0   -9.0   -9.0   -9.0 -9 -9 -                        2   2   15 Sc         0   0   5  1935  0.7  2.25 -9  40.6  33.3  31.5  27.4  26.2  -9 -9.0 -9  3  2
202507251700 108  32  2.9  -9 -9.0   -9  996.0 1005.4 -9  -9.0  35.6  24.2  52.0  30.2   -9.0   -9.0   -9.0   -9.0   -9.0   -9.0   -9.0 -9 -9 -                        1   1   17 Sc         0   0   5  2119  1.0  1.96 -9  39.1  32.7  31.5  27.7  26.3  -9 -9.0 -9  3  2
202507251800 108  29  2.7  -9 -9.0   -9  996.1 1005.5  5  -0.5  34.8  23.1  51.0  28.3   -9.0   -9.0   -9.0   -9.0   -9.0   -9.0   -9.0 -9 -9 -                        0   0   -9 -         -9  -9  -9  2718  1.0  1.29 -9  35.0  32.1  31.1  27.5  26.1  -9 -9.0 -9  3  2
202507251900 108  32  3.1  -9 -9.0   -9  996.5 1005.9 -9  -9.0  33.6  22.3  52.0  26.9   -9.0   -9.0   -9.0   -9.0   -9.0   -9.0   -9.0 -9 -9 -                        0   0   -9 -         -9  -9  -9  2709  1.0  0.55 -9  31.9  31.3  30.8  28.0  26.5  -9 -9.0 -9  3 -9
202507252000 108  29  2.5  -9 -9.0   -9  997.2 1006.7 -9  -9.0  32.4  23.0  58.0  28.1   -9.0   -9.0   -9.0   -9.0   -9.0   -9.0   -9.0 -9 -9 -                        0   0   -9 -         -9  -9  -9  2770  0.2  0.09 -9  30.0  30.4  30.4  28.2  26.8  -9 -9.0 -9  3 -9
202507252100 108  29  1.0  -9 -9.0   -9  997.7 1007.2  2   1.7  31.7  23.2  61.0  28.4   -9.0   -9.0   -9.0   -9.0   -9.0   -9.0   -9.0 -9 -9 -                        0   0   -9 -         -9  -9  -9  2442 -9.0 -9.00 -9  28.8  29.7  29.8  28.1  26.8  -9 -9.0 -9  3  2
202507252200 108  29  2.2  -9 -9.0   -9  998.0 1007.5 -9  -9.0  30.8  23.7  66.0  29.3   -9.0   -9.0   -9.0   -9.0   -9.0   -9.0   -9.0 -9 -9 -                        0   0   -9 -         -9  -9  -9  2455 -9.0 -9.00 -9  28.0  29.2  29.5  28.3  27.1  -9 -9.0 -9  3 -9
202507252300 108  27  1.5  -9 -9.0   -9  998.0 1007.6 -9  -9.0  30.2  23.6  68.0  29.1   -9.0   -9.0   -9.0   -9.0   -9.0   -9.0   -9.0 -9 -9 -                        0   0   -9 -         -9  -9  -9  2300 -9.0 -9.00 -9  27.5  28.7  29.0  28.1  27.0  -9 -9.0 -9  3 -9
202507260000 108   2  1.4  -9 -9.0   -9  998.0 1007.6  1   0.4  29.8  23.0  67.0  28.1   -9.0   -9.0   -9.0   -9.0   -9.0   -9.0   -9.0 -9 -9 -                        4   0   -9 Ci         1   0   0  2493 -9.0 -9.00 -9  27.1  28.3  28.7  28.1  27.2  -9 -9.0 -9  3  2
202507260100 108   2  1.8  -9 -9.0   -9  997.7 1007.3 -9  -9.0  29.1  22.8  69.0  27.7   -9.0   -9.0   -9.0   -9.0   -9.0   -9.0   -9.0 -9 -9 -                        5   1   -9 -         -9  -9  -9  2486 -9.0 -9.00 -9  26.5  28.0  28.4  27.9  27.1  -9 -9.0 -9  3 -9
202507260200 108   5  1.5  -9 -9.0   -9  997.5 1007.1 -9  -9.0  28.7  23.1  72.0  28.3   -9.0   -9.0   -9.0   -9.0   -9.0   -9.0   -9.0 -9 -9 -                        4   1   -9 -         -9  -9  -9  2284 -9.0 -9.00 -9  26.3  27.7  28.1  27.8  27.1  -9 -9.0 -9  3 -9
202507260300 108   5  2.2  -9 -9.0   -9  997.4 1007.0  7  -0.6  28.3  22.9  73.0  27.9   -9.0   -9.0   -9.0   -9.0   -9.0   -9.0   -9.0 -9 -9 -                        4   0   -9 Ci         1   0   0  2178 -9.0 -9.00 -9  26.1  27.5  27.4  26.7  26.1  -9 -9.0 -9  3  2
202507260400 108   5  1.5  -9 -9.0   -9  997.2 1006.8 -9  -9.0  28.1  23.0  74.0  28.1   -9.0   -9.0   -9.0   -9.0   -9.0   -9.0   -9.0 -9 -9 -                        6   0   -9 Ci         1   0   0  2264 -9.0 -9.00 -9  26.0  27.3  27.6  27.4  26.9  -9 -9.0 -9  3  2
202507260500 108   7  2.4  -9 -9.0   -9  997.4 1007.0 -9  -9.0  27.9  23.0  75.0  28.1   -9.0   -9.0   -9.0   -9.0   -9.0   -9.0   -9.0 -9 -9 -                        8   0   -9 Ci         1   0   0  2437 -9.0 -9.00 -9  25.8  27.1  27.4  27.3  26.9  -9 -9.0 -9  3  2
202507260600 108   5  2.2  -9 -9.0   -9  997.7 1007.3  3   0.3  27.6  22.9  76.0  27.9   -9.0   -9.0   -9.0   -9.0   -9.0   -9.0   -9.0 -9 -9 -                        7   0   -9 Ci         1   0   0  2378  0.0  0.03 -9  25.7  27.0  27.2  27.1  26.8  -9 -9.0 -9  3  2
202507260700 108   5  1.4  -9 -9.0   -9  997.8 1007.4 -9  -9.0  28.2  23.5  76.0  28.9   -9.0   -9.0   -9.0   -9.0   -9.0   -9.0   -9.0 -9 -9 -                        6   0   -9 Ci         1   0   0  2629  1.0  0.39 -9  26.9  26.9  27.2  27.2  26.9  -9 -9.0 -9  3  2
202507260800 108   7  1.6  -9 -9.0   -9  998.0 1007.6 -9  -9.0  29.5  23.6  71.0  29.1   -9.0   -9.0   -9.0   -9.0   -9.0   -9.0   -9.0 -9 -9 -                        7   0   -9 Ci         1   0   0  2672  0.9  0.98 -9  29.7  27.6  27.4  27.2  27.0  -9 -9.0 -9  3  2
202507260900 108  14  2.8  -9 -9.0   -9  998.0 1007.5  0   0.2  31.3  23.6  64.0  29.1   -9.0   -9.0   -9.0   -9.0   -9.0   -9.0   -9.0 -9 -9 -                        3   0   -9 Ci         1   0   0  3339  0.8  1.62 -9  38.6  28.5  27.7  27.1  26.9  -9 -9.0 -9  3  2
202507261000 108  16  2.5  -9 -9.0   -9  997.8 1007.3 -9  -9.0  32.7  24.1  61.0  30.0   -9.0   -9.0   -9.0   -9.0   -9.0   -9.0   -9.0 -9 -9 -                        2   0   -9 Ci         1   0   0  3604  1.0  2.54 -9  43.6  30.2  28.5  27.0  26.8  -9 -9.0 -9  3  2
202507261100 108   9  1.3  -9 -9.0   -9  997.7 1007.1 -9  -9.0  33.8  23.7  56.0  29.3   -9.0   -9.0   -9.0   -9.0   -9.0   -9.0   -9.0 -9 -9 -                        3   1   15 ScCi       1   0   5  3296  1.0  2.96 -9  45.6  31.9  29.3  27.0  26.7  -9 -9.0 -9  3  2
202507261200 108  14  2.2  -9 -9.0   -9  997.2 1006.6  7  -0.9  34.9  24.5  55.0  30.7   -9.0   -9.0   -9.0   -9.0   -9.0   -9.0   -9.0 -9 -9 -                        4   0   -9 Ci         1   0   0  3958  1.0  3.27 -9  50.7  32.9  30.1  27.1  26.6  -9 -9.0 -9  3  2
202507261300 108   5  2.3  -9 -9.0   -9  996.7 1006.1 -9  -9.0  35.0  23.9  53.0  29.7   -9.0   -9.0   -9.0   -9.0   -9.0   -9.0   -9.0 -9 -9 -                        6   1   15 ScCi       1   0   5  3316  0.8  2.75 -9  42.6  33.4  30.9  27.3  26.6  -9 -9.0 -9  3  2
202507261400 108   5  2.2  -9 -9.0   -9  996.3 1005.7 -9  -9.0  35.5  22.4  47.0  27.1   -9.0   -9.0   -9.0   -9.0   -9.0   -9.0   -9.0 -9 -9 -                        3   3   10 Sc         0   0   5  2579  0.6  2.26 -9  47.7  32.8  31.2  27.5  26.6  -9 -9.0 -9  3  2
202507261500 108   5  2.3  -9 -9.0   -9  995.6 1005.0  7  -1.6  35.8  23.4  49.0  28.8   -9.0   -9.0   -9.0   -9.0   -9.0   -9.0   -9.0 -9 -9 -                        3   3   10 Sc         0   0   5  3870  0.5  1.92 -9  42.5  32.9  31.4  27.8  26.7  -9 -9.0 -9  3  2
202507261600 108   9  1.0  -9 -9.0   -9  995.1 1004.4 -9  -9.0  36.2  23.4  48.0  28.8   -9.0   -9.0   -9.0   -9.0   -9.0   -9.0   -9.0 -9 -9 -                        2   2   15 Sc         0   0   5  3559  0.6  1.77 -9  42.3  32.8  31.5  28.0  26.8  -9 -9.0 -9  3  2
202507261700 108  29  1.2  -9 -9.0   -9  994.8 1004.1 -9  -9.0  37.0  23.4  46.0  28.8   -9.0   -9.0   -9.0   -9.0   -9.0   -9.0   -9.0 -9 -9 -                        3   1   15 ScCi       1   0   5  3550  0.9  1.80 -9  41.5  32.7  31.6  28.2  26.9  -9 -9.0 -9  3  2
202507261800 108  27  1.6  -9 -9.0   -9  994.6 1003.9  7  -1.1  36.7  24.9  51.0  31.5   -9.0   -9.0   -9.0   -9.0   -9.0   -9.0   -9.0 -9 -9 -                        2   1   15 ScCi       1   0   5  3326  0.9  1.47 -9  37.0  32.5  31.6  28.4  27.0  -9 -9.0 -9  3  2
202507261900 108  11  3.2  -9 -9.0   -9  994.8 1004.2 -9  -9.0  35.1  22.4  48.0  27.1   -9.0   -9.0   -9.0   -9.0   -9.0   -9.0   -9.0 -9 -9 -                        0   0   -9 -         -9  -9  -9  3902  0.8  0.49 -9  32.6  31.8  31.4  28.6  27.1  -9 -9.0 -9  3 -9
202507262000 108  23  1.5  -9 -9.0   -9  995.3 1004.7 -9  -9.0  34.0  23.6  55.0  29.1   -9.0   -9.0   -9.0   -9.0   -9.0   -9.0   -9.0 -9 -9 -                        0   0   -9 -         -9  -9  -9  2978  0.2  0.07 -9  30.6  30.9  30.9  28.6  27.2  -9 -9.0 -9  3 -9
202507262100 108  25  1.4  -9 -9.0   -9  995.8 1005.3  2   1.4  32.9  24.3  61.0  30.4   -9.0   -9.0   -9.0   -9.0   -9.0   -9.0   -9.0 -9 -9 -                        0   0   -9 -         -9  -9  -9  2988 -9.0 -9.00 -9  29.5  30.3  30.1  28.0  26.7  -9 -9.0 -9  3  2
202507262200 108  29  0.5  -9 -9.0   -9  996.2 1005.7 -9  -9.0  32.2  24.2  63.0  30.2   -9.0   -9.0   -9.0   -9.0   -9.0   -9.0   -9.0 -9 -9 -                        0   0   -9 -         -9  -9  -9  2821 -9.0 -9.00 -9  28.8  29.7  29.9  28.5  27.3  -9 -9.0 -9  3 -9
202507262300 108  32  0.7  -9 -9.0   -9  996.4 1005.9 -9  -9.0  31.5  24.1  65.0  30.0   -9.0   -9.0   -9.0   -9.0   -9.0   -9.0   -9.0 -9 -9 -                        0   0   -9 -         -9  -9  -9  2914 -9.0 -9.00 -9  28.3  29.3  29.3  28.1  27.0  -9 -9.0 -9  3 -9
202507270000 108   7  1.0  -9 -9.0   -9  996.4 1005.9  1   0.6  31.1  23.9  66.0  29.7   -9.0   -9.0   -9.0   -9.0   -9.0   -9.0   -9.0 -9 -9 -                        0   0   -9 -         -9  -9  -9  2956 -9.0 -9.00 -9  27.8  28.9  29.1  28.3  27.4  -9 -9.0 -9  3  2
202507270100 108   2  1.2  -9 -9.0   -9  996.1 1005.6 -9  -9.0  30.5  23.6  67.0  29.1   -9.0   -9.0   -9.0   -9.0   -9.0   -9.0   -9.0 -9 -9 -                        0   0   -9 -         -9  -9  -9  2926 -9.0 -9.00 -9  27.3  28.6  28.9  28.3  27.5  -9 -9.0 -9  3 -9
202507270200 108   5  1.4  -9 -9.0   -9  996.0 1005.6 -9  -9.0  29.7  23.8  71.0  29.5   -9.0   -9.0   -9.0   -9.0   -9.0   -9.0   -9.0 -9 -9 -                        0   0   -9 -         -9  -9  -9  2772 -9.0 -9.00 -9  27.0  28.4  28.5  28.0  27.3  -9 -9.0 -9  3 -9
202507270300 108   5  1.5  -9 -9.0   -9  996.0 1005.6  6  -0.3  29.3  23.7  72.0  29.3   -9.0   -9.0   -9.0   -9.0   -9.0   -9.0   -9.0 -9 -9 -                        0   0   -9 -         -9  -9  -9  2731 -9.0 -9.00 -9  26.7  28.1  28.4  28.1  27.5  -9 -9.0 -9  3  2
202507270400 108   5  1.5  -9 -9.0   -9  995.7 1005.3 -9  -9.0  28.9  23.5  73.0  28.9   -9.0   -9.0   -9.0   -9.0   -9.0   -9.0   -9.0 -9 -9 -                        0   0   -9 -         -9  -9  -9  2930 -9.0 -9.00 -9  26.4  27.9  28.0  27.6  27.1  -9 -9.0 -9  3  2
202507270500 108   5  1.6  -9 -9.0   -9  995.9 1005.5 -9  -9.0  28.6  23.7  75.0  29.3   -9.0   -9.0   -9.0   -9.0   -9.0   -9.0   -9.0 -9 -9 -                        0   0   -9 -         -9  -9  -9  2923 -9.0 -9.00 -9  26.1  27.6  28.0  27.8  27.4  -9 -9.0 -9  3  2
202507270600 108   7  1.2  -9 -9.0   -9  996.1 1005.7  3   0.1  28.3  23.6  76.0  29.1   -9.0   -9.0   -9.0   -9.0   -9.0   -9.0   -9.0 -9 -9 -                        0   0   -9 -         -9  -9  -9  2968  0.0  0.01 -9  26.0  27.4  27.8  27.7  27.4  -9 -9.0 -9  3  2
202507270700 108   5  2.1  -9 -9.0   -9  996.1 1005.7 -9  -9.0  28.6  23.9  76.0  29.7   -9.0   -9.0   -9.0   -9.0   -9.0   -9.0   -9.0 -9 -9 -                        0   0   -9 -         -9  -9  -9  3656  1.0  0.41 -9  26.8  27.4  27.5  27.4  27.1  -9 -9.0 -9  3  2
202507270800 108  11  1.9  -9 -9.0   -9  996.4 1005.9 -9  -9.0  30.3  23.4  67.0  28.8   -9.0   -9.0   -9.0   -9.0   -9.0   -9.0   -9.0 -9 -9 -                        0   0   -9 -         -9  -9  -9  3867  1.0  1.06 -9  34.5  27.9  27.8  27.6  27.3  -9 -9.0 -9  3  2
202507270900 108  11  2.6  -9 -9.0   -9  996.1 1005.6  8  -0.1  31.8  23.3  61.0  28.6   -9.0   -9.0   -9.0   -9.0   -9.0   -9.0   -9.0 -9 -9 -                        0   0   -9 -         -9  -9  -9  3812  1.0  1.83 -9  39.1  29.0  28.2  27.5  27.3  -9 -9.0 -9  3  2
202507271000 108   9  2.1  -9 -9.0   -9  995.9 1005.4 -9  -9.0  32.8  22.8  56.0  27.7   -9.0   -9.0   -9.0   -9.0   -9.0   -9.0   -9.0 -9 -9 -                        0   0   -9 -         -9  -9  -9  3879  1.0  2.43 -9  46.7  30.3  28.8  27.4  27.2  -9 -9.0 -9  3  2
202507271100 108  11  2.2  -9 -9.0   -9  995.6 1005.0 -9  -9.0  34.0  23.0  53.0  28.1   -9.0   -9.0   -9.0   -9.0   -9.0   -9.0   -9.0 -9 -9 -                        0   0   -9 -         -9  -9  -9  4079  1.0  3.03 -9  52.1  32.2  29.7  27.4  27.1  -9 -9.0 -9  3  2
202507271200 108  14  2.0  -9 -9.0   -9  995.2 1004.6  7  -1.0  35.0  23.3  51.0  28.6   -9.0   -9.0   -9.0   -9.0   -9.0   -9.0   -9.0 -9 -9 -                        0   0   -9 -         -9  -9  -9  3872  1.0  3.37 -9  56.0  33.3  30.5  27.5  27.0  -9 -9.0 -9  3  2
202507271300 108  27  1.6  -9 -9.0   -9  994.6 1004.0 -9  -9.0  35.9  22.4  46.0  27.1   -9.0   -9.0   -9.0   -9.0   -9.0   -9.0   -9.0 -9 -9 -                        0   0   -9 -         -9  -9  -9  3420  1.0  3.51 -9  57.9  34.0  31.3  27.7  27.0  -9 -9.0 -9  3  2
202507271400 108  18  2.6  -9 -9.0   -9  994.0 1003.3 -9  -9.0  36.7  22.4  44.0  27.1   -9.0   -9.0   -9.0   -9.0   -9.0   -9.0   -9.0 -9 -9 -                        0   0   -9 -         -9  -9  -9  4023  1.0  3.46 -9  58.1  34.6  32.0  27.9  26.9  -9 -9.0 -9  3  2
202507271500 108  27  2.3  -9 -9.0   -9  993.5 1002.8  7  -1.8  37.3  22.6  43.0  27.4   -9.0   -9.0   -9.0   -9.0   -9.0   -9.0   -9.0 -9 -9 -                        2   2   19 Sc         0   0   5  3454  1.0  3.19 -9  56.4  34.9  32.5  28.1  27.0  -9 -9.0 -9  3  2
202507271600 108  32  2.2  -9 -9.0   -9  993.2 1002.5 -9  -9.0  37.6  22.0  41.0  26.4   -9.0   -9.0   -9.0   -9.0   -9.0   -9.0   -9.0 -9 -9 -                        3   3   19 Sc         0   0   5  4047  0.9  2.79 -9  50.1  34.9  32.9  28.5  27.1  -9 -9.0 -9  3  2
202507271700 108  29  2.0  -9 -9.0   -9  992.8 1002.1 -9  -9.0  36.8  23.2  46.0  28.4   -9.0   -9.0   -9.0   -9.0   -9.0   -9.0   -9.0 -9 -9 -                        2   2   17 Sc         0   0   5  3417  0.5  1.31 -9  43.4  34.1  32.8  28.8  27.3  -9 -9.0 -9  3  2
202507271800 108  27  2.9  -9 -9.0   -9  992.4 1001.7  7  -1.1  36.5  25.0  52.0  31.7   -9.0   -9.0   -9.0   -9.0   -9.0   -9.0   -9.0 -9 -9 -                        3   3   19 Sc         0   0   5  3163  0.9  1.21 -9  39.0  33.6  32.5  29.0  27.4  -9 -9.0 -9  3  2
202507271900 108  27  2.5  -9 -9.0   -9  992.6 1001.9 -9  -9.0  35.3  25.1  56.0  31.9   -9.0   -9.0   -9.0   -9.0   -9.0   -9.0   -9.0 -9 -9 -                        2   2   19 -         -9  -9  -9  3745  1.0  0.72 -9  34.9  33.0  32.3  29.2  27.6  -9 -9.0 -9  3 -9
202507272000 108  29  2.0  -9 -9.0   -9  992.9 1002.3 -9  -9.0  33.8  25.2  61.0  32.1   -9.0   -9.0   -9.0   -9.0   -9.0   -9.0   -9.0 -9 -9 -                        2   1   -9 -         -9  -9  -9  2982  0.2  0.09 -9  32.1  32.1  31.9  29.4  27.8  -9 -9.0 -9  3 -9
202507272100 108  27  1.4  -9 -9.0   -9  993.6 1003.0  2   1.3  32.7  26.2  69.0  34.0   -9.0   -9.0   -9.0   -9.0   -9.0   -9.0   -9.0 -9 -9 -                        0   0   -9 -         -9  -9  -9  2469 -9.0 -9.00 -9  30.7  31.2  31.4  29.4  27.9  -9 -9.0 -9  3  2
202507272200 108  29  1.1  -9 -9.0   -9  994.0 1003.5 -9  -9.0  32.2  26.2  71.0  34.0   -9.0   -9.0   -9.0   -9.0   -9.0   -9.0   -9.0 -9 -9 -                        2   1   -9 -         -9  -9  -9  2420 -9.0 -9.00 -9  29.9  30.6  30.9  29.4  28.0  -9 -9.0 -9  3 -9
202507272300 108  32  2.3  -9 -9.0   -9  994.4 1003.9 -9  -9.0  31.7  26.4  74.0  34.4   -9.0   -9.0   -9.0   -9.0   -9.0   -9.0   -9.0 -9 -9 -                        1   1   15 -         -9  -9  -9  2271 -9.0 -9.00 -9  29.5  30.2  30.5  29.4  28.1  -9 -9.0 -9  3 -9
202507280000 108  29  2.9  -9 -9.0   -9  994.1 1003.6  0   0.6  31.2  26.2  75.0  34.0   -9.0   -9.0   -9.0   -9.0   -9.0   -9.0   -9.0 -9 -9 -                        0   0   -9 -         -9  -9  -9  2321 -9.0 -9.00 -9  28.9  29.9  30.2  29.3  28.2  -9 -9.0 -9  3  2
202507280100 108  27  1.7  -9 -9.0   -9  994.0 1003.5 -9  -9.0  30.7  25.9  76.0  33.4   -9.0   -9.0   -9.0   -9.0   -9.0   -9.0   -9.0 -9 -9 -                        0   0   -9 -         -9  -9  -9  2363 -9.0 -9.00 -9  28.4  29.7  29.9  29.2  28.2  -9 -9.0 -9  3 -9
202507280200 108  27  1.6  -9 -9.0   -9  993.9 1003.4 -9  -9.0  30.2  25.9  78.0  33.4   -9.0   -9.0   -9.0   -9.0   -9.0   -9.0   -9.0 -9 -9 -                        0   0   -9 -         -9  -9  -9  1992 -9.0 -9.00 -9  27.9  29.4  29.7  29.1  28.2  -9 -9.0 -9  3 -9
202507280300 108  29  1.1  -9 -9.0   -9  993.9 1003.4  6  -0.2  29.8  25.7  79.0  33.0   -9.0   -9.0   -9.0   -9.0   -9.0   -9.0   -9.0 -9 -9 -                        0   0   -9 -         -9  -9  -9  1910 -9.0 -9.00 -9  27.6  29.1  29.4  28.9  28.1  -9 -9.0 -9  3  2
202507280400 108  27  1.3  -9 -9.0   -9  993.9 1003.4 -9  -9.0  29.4  25.3  79.0  32.2   -9.0   -9.0   -9.0   -9.0   -9.0   -9.0   -9.0 -9 -9 -                        0   0   -9 -         -9  -9  -9  1680 -9.0 -9.00 -9  27.2  28.9  29.2  28.8  28.1  -9 -9.0 -9  3  2
202507280500 108  25  0.7  -9 -9.0   -9  993.9 1003.5 -9  -9.0  29.1  25.4  81.0  32.4   -9.0   -9.0   -9.0   -9.0   -9.0   -9.0   -9.0 -9 -9 -                        0   0   -9 -         -9  -9  -9  1755 -9.0 -9.00 -9  26.8  28.6  28.9  28.7  28.1  -9 -9.0 -9  3  2
202507280600 108  27  0.7  -9 -9.0   -9  994.2 1003.8  2   0.4  28.9  25.5  82.0  32.6   -9.0   -9.0   -9.0   -9.0   -9.0   -9.0   -9.0 -9 -9 -                        0   0   -9 -         -9  -9  -9  1619  0.0  0.01 -9  26.9  28.3  28.7  28.5  28.0  -9 -9.0 -9  3  2
202507280700 108   2  1.0  -9 -9.0   -9  993.9 1003.5 -9  -9.0  29.2  25.5  81.0  32.6   -9.0   -9.0   -9.0   -9.0   -9.0   -9.0   -9.0 -9 -9 -                        0   0   -9 -         -9  -9  -9  2148  0.9  0.35 -9  28.3  28.4  28.6  28.4  28.0  -9 -9.0 -9  3  2
202507280800 108  29  1.3  -9 -9.0   -9  994.1 1003.6 -9  -9.0  30.5  26.4  79.0  34.4   -9.0   -9.0   -9.0   -9.0   -9.0   -9.0   -9.0 -9 -9 -                        1   1   10 Sc         0   0   5  1822  0.8  0.72 -9  35.3  28.9  28.6  28.3  28.0  -9 -9.0 -9  3  2
202507280900 108  27  1.7  -9 -9.0   -9  994.0 1003.5  6  -0.3  31.7  25.0  68.0  31.7   -9.0   -9.0   -9.0   -9.0   -9.0   -9.0   -9.0 -9 -9 -                        2   2    7 Sc         0   0   5  2845  0.8  1.44 -9  42.0  29.7  28.9  28.2  27.9  -9 -9.0 -9  3  2
202507281000 108  20  2.3  -9 -9.0   -9  993.9 1003.3 -9  -9.0  33.1  24.8  62.0  31.3   -9.0   -9.0   -9.0   -9.0   -9.0   -9.0   -9.0 -9 -9 -                        3   3   12 Sc         0   0   5  2362  0.8  2.16 -9  46.3  31.0  29.5  28.1  27.7  -9 -9.0 -9  3  2
202507281100 108  27  1.7  -9 -9.0   -9  993.5 1002.9 -9  -9.0  34.0  24.5  58.0  30.7   -9.0   -9.0   -9.0   -9.0   -9.0   -9.0   -9.0 -9 -9 -                        3   3   13 Sc         0   0   5  2626  0.8  2.55 -9  51.7  32.4  30.1  28.1  27.6  -9 -9.0 -9  3  2
202507281200 108  27  2.5  -9 -9.0   -9  993.1 1002.5  7  -1.0  34.7  25.2  58.0  32.1   -9.0   -9.0   -9.0   -9.0   -9.0   -9.0   -9.0 -9 -9 -                        4   4   10 Sc         0   0   5  1496  1.0  3.26 -9  54.6  33.8  30.9  28.1  27.6  -9 -9.0 -9  3  2
202507281300 108  23  2.8  -9 -9.0   -9  992.4 1001.8 -9  -9.0  35.2  24.1  53.0  30.0   -9.0   -9.0   -9.0   -9.0   -9.0   -9.0   -9.0 -9 -9 -                        4   4   13 Sc         0   0   5  1771  0.9  3.19 -9  56.7  34.6  31.6  28.3  27.6  -9 -9.0 -9  3  2
202507281400 108  29  3.1  -9 -9.0   -9  991.8 1001.1 -9  -9.0  35.9  24.4  52.0  30.6   -9.0   -9.0   -9.0   -9.0   -9.0   -9.0   -9.0 -9 -9 -                        3   3   13 Sc         0   0   5  2047  1.0  3.55 -9  59.4  35.2  32.3  28.4  27.5  -9 -9.0 -9  3  2
202507281500 108  29  3.0  -9 -9.0   -9  991.4 1000.7  7  -1.8  36.0  24.9  53.0  31.5   -9.0   -9.0   -9.0   -9.0   -9.0   -9.0   -9.0 -9 -9 -                        3   3    8 CuSc       0   0   2  2232  1.0  2.98 -9  55.4  35.1  32.7  28.7  27.6  -9 -9.0 -9  3  2
202507281600 108  29  2.5  -9 -9.0   -9  990.9 1000.2 -9  -9.0  36.3  23.8  49.0  29.5   -9.0   -9.0   -9.0   -9.0   -9.0   -9.0   -9.0 -9 -9 -                        4   4    8 CuSc       0   0   2  2581  1.0  2.64 -9  52.7  34.8  32.9  29.0  27.7  -9 -9.0 -9  3  2
202507281700 108  25  2.6  -9 -9.0   -9  990.5  999.8 -9  -9.0  36.3  24.5  51.0  30.7   -9.0   -9.0   -9.0   -9.0   -9.0   -9.0   -9.0 -9 -9 -                        5   5    8 CuSc       0   0   4  2385  1.0  2.15 -9  46.0  34.7  33.0  29.2  27.8  -9 -9.0 -9  3  2
202507281800 108  27  3.1  -9 -9.0   -9  990.4  999.7  7  -1.0  35.2  25.0  56.0  31.7   -9.0   -9.0   -9.0   -9.0   -9.0   -9.0   -9.0 -9 -9 -                        4   4    8 CuSc       0   0   4  2087  0.8  1.21 -9  39.8  34.2  32.9  29.4  27.9  -9 -9.0 -9  3  2
202507281900 108  27  2.8  -9 -9.0   -9  990.5  999.9 -9  -9.0  34.0  25.4  61.0  32.4   -9.0   -9.0   -9.0   -9.0   -9.0   -9.0   -9.0 -9 -9 -                        4   4   11 -         -9  -9  -9  1935  1.0  0.68 -9  35.6  33.1  32.6  29.6  28.1  -9 -9.0 -9  3 -9
202507282000 108  27  2.8  -9 -9.0   -9  990.8 1000.2 -9  -9.0  32.3  25.1  66.0  31.9   -9.0   -9.0   -9.0   -9.0   -9.0   -9.0   -9.0 -9 -9 -                        2   1   -9 -         -9  -9  -9  1978  0.1  0.11 -9  31.9  32.4  32.2  29.7  28.2  -9 -9.0 -9  3 -9
202507282100 108  25  2.1  -9 -9.0   -9  991.2 1000.7  2   1.0  31.3  24.9  69.0  31.5   -9.0   -9.0   -9.0   -9.0   -9.0   -9.0   -9.0 -9 -9 -                        0   0   -9 -         -9  -9  -9  1851 -9.0 -9.00 -9  30.3  31.5  31.6  29.8  28.3  -9 -9.0 -9  3  2
202507282200 108  27  2.2  -9 -9.0   -9  991.5 1001.0 -9  -9.0  30.8  24.4  69.0  30.6   -9.0   -9.0   -9.0   -9.0   -9.0   -9.0   -9.0 -9 -9 -                        2   0   -9 -         -9  -9  -9  1917 -9.0 -9.00 -9  29.4  30.9  31.1  29.7  28.4  -9 -9.0 -9  3 -9
202507282300 108  27  2.0  -9 -9.0   -9  991.4 1000.9 -9  -9.0  30.3  24.6  72.0  30.9   -9.0   -9.0   -9.0   -9.0   -9.0   -9.0   -9.0 -9 -9 -                        2   0   -9 -         -9  -9  -9  1823 -9.0 -9.00 -9  28.8  30.4  30.6  29.7  28.5  -9 -9.0 -9  3 -9
202507290000 108  29  1.4  -9 -9.0   -9  991.3 1000.8  0   0.1  30.0  24.6  73.0  30.9   -9.0   -9.0   -9.0   -9.0   -9.0   -9.0   -9.0 -9 -9 -                        0   0   -9 -         -9  -9  -9  1761 -9.0 -9.00 -9  28.2  30.0  30.3  29.6  28.6  -9 -9.0 -9  3  2
202507290100 108  29  2.1  -9 -9.0   -9  991.1 1000.6 -9  -9.0  29.5  24.8  76.0  31.3   -9.0   -9.0   -9.0   -9.0   -9.0   -9.0   -9.0 -9 -9 -                        2   0   -9 -         -9  -9  -9  1714 -9.0 -9.00 -9  27.8  29.6  29.9  29.5  28.6  -9 -9.0 -9  3 -9
202507290200 108  27  0.8  -9 -9.0   -9  991.0 1000.5 -9  -9.0  29.0  24.3  76.0  30.4   -9.0   -9.0   -9.0   -9.0   -9.0   -9.0   -9.0 -9 -9 -                        2   0   -9 -         -9  -9  -9  1645 -9.0 -9.00 -9  27.2  29.3  29.6  29.4  28.6  -9 -9.0 -9  3 -9
202507290300 108   5  0.8  -9 -9.0   -9  990.9 1000.4  7  -0.4  28.7  24.0  76.0  29.8   -9.0   -9.0   -9.0   -9.0   -9.0   -9.0   -9.0 -9 -9 -                        0   0   -9 -         -9  -9  -9  1870 -9.0 -9.00 -9  26.7  29.0  29.3  29.3  28.6  -9 -9.0 -9  3  2
202507290400 108   5  1.6  -9 -9.0   -9  990.8 1000.4 -9  -9.0  28.2  23.3  75.0  28.6   -9.0   -9.0   -9.0   -9.0   -9.0   -9.0   -9.0 -9 -9 -                        0   0   -9 -         -9  -9  -9  2060 -9.0 -9.00 -9  26.3  28.6  29.0  29.1  28.6  -9 -9.0 -9  3  2
202507290500 108   5  1.7  -9 -9.0   -9  990.9 1000.5 -9  -9.0  27.9  23.7  78.0  29.3   -9.0   -9.0   -9.0   -9.0   -9.0   -9.0   -9.0 -9 -9 -                        0   0   -9 -         -9  -9  -9  1999 -9.0 -9.00 -9  26.0  28.3  28.8  28.9  28.5  -9 -9.0 -9  3  2
202507290600 108   2  2.2  -9 -9.0   -9  990.8 1000.4  4   0.0  27.6  23.4  78.0  28.8   -9.0   -9.0   -9.0   -9.0   -9.0   -9.0   -9.0 -9 -9 -                        0   0   -9 -         -9  -9  -9  2042  0.0  0.01 -9  26.0  28.1  28.5  28.8  28.4  -9 -9.0 -9  3  2
202507290700 108   2  2.6  -9 -9.0   -9  991.2 1000.8 -9  -9.0  27.9  23.4  77.0  28.8   -9.0   -9.0   -9.0   -9.0   -9.0   -9.0   -9.0 -9 -9 -                        0   0   -9 -         -9  -9  -9  2308  0.9  0.35 -9  27.3  28.0  28.4  28.6  28.3  -9 -9.0 -9  3  2
202507290800 108   2  2.6  -9 -9.0   -9  991.5 1001.0 -9  -9.0  29.7  23.1  68.0  28.3   -9.0   -9.0   -9.0   -9.0   -9.0   -9.0   -9.0 -9 -9 -                        0   0   -9 -         -9  -9  -9  3207  1.0  1.00 -9  35.7  28.5  28.4  28.5  28.2  -9 -9.0 -9  3  2
202507290900 108   5  2.3  -9 -9.0   -9  991.5 1001.0  1   0.6  31.5  24.1  65.0  30.0   -9.0   -9.0   -9.0   -9.0   -9.0   -9.0   -9.0 -9 -9 -                        0   0   -9 -         -9  -9  -9  2476  1.0  1.75 -9  43.6  29.5  28.7  28.3  28.1  -9 -9.0 -9  3  2
202507291000 108  34  2.1  -9 -9.0   -9  991.3 1000.7 -9  -9.0  32.9  24.0  60.0  29.8   -9.0   -9.0   -9.0   -9.0   -9.0   -9.0   -9.0 -9 -9 -                        2   2   10 Sc         0   0   5  1996  1.0  2.22 -9  48.6  31.0  29.3  28.2  28.0  -9 -9.0 -9  3  2
202507291100 108  25  1.7  -9 -9.0   -9  990.9 1000.3 -9  -9.0  33.0  23.9  59.0  29.7   -9.0   -9.0   -9.0   -9.0   -9.0   -9.0   -9.0 -9 -9 -                        4   4   11 Cu         0   0   1  1771  0.4  1.40 -9  41.9  31.4  29.9  28.2  27.9  -9 -9.0 -9  3  2
202507291200 108  23  2.0  -9 -9.0   -9  990.5  999.9  7  -1.1  34.2  24.1  56.0  30.0   -9.0   -9.0   -9.0   -9.0   -9.0   -9.0   -9.0 -9 -9 -                        6   6   14 Cu         0   0   2  1749  0.6  2.36 -9  43.1  32.3  30.4  28.3  27.9  -9 -9.0 -9  3  2
202507291300 108  29  2.6  -9 -9.0   -9  990.0  999.3 -9  -9.0  35.6  24.5  53.0  30.7   -9.0   -9.0   -9.0   -9.0   -9.0   -9.0   -9.0 -9 -9 -                        3   3   15 Cu         0   0   2  2096  0.8  2.94 -9  57.9  33.8  31.0  28.4  27.8  -9 -9.0 -9  3  2
202507291400 108  27  2.1  -9 -9.0   -9  989.3  998.6 -9  -9.0  36.3  24.2  50.0  30.2   -9.0   -9.0   -9.0   -9.0   -9.0   -9.0   -9.0 -9 -9 -                        7   7   15 Cu         0   0   2  1993  0.8  2.78 -9  55.2  34.4  31.7  28.5  27.8  -9 -9.0 -9  3  2
202507291500 108  23  2.5  -9 -9.0   -9  988.8  998.1  7  -1.8  36.1  24.0  50.0  29.8   -9.0   -9.0   -9.0   -9.0   -9.0   -9.0   -9.0 -9 -9 -                        7   7   15 Cu         0   0   2  1586  0.5  2.05 -9  45.3  34.2  32.2  28.6  27.7  -9 -9.0 -9  3  2
202507291600 108  34  2.0  -9 -9.0   -9  988.6  997.9 -9  -9.0  35.5  24.1  52.0  30.0   -9.0   -9.0   -9.0   -9.0   -9.0   -9.0   -9.0 -9 -9 -                        8   8   15 Cu         0   0   2  1921  0.1  0.79 -9  40.4  33.5  32.3  28.8  27.8  -9 -9.0 -9  3  2
202507291700 108  27  2.6  -9 -9.0   -9  988.2  997.5 -9  -9.0  35.9  24.8  53.0  31.3   -9.0   -9.0   -9.0   -9.0   -9.0   -9.0   -9.0 -9 -9 -                        6   6   14 Cu         0   0   2  1771  0.5  1.30 -9  41.9  33.6  32.2  29.0  27.9  -9 -9.0 -9  3  2
202507291800 108  27  3.0  -9 -9.0   -9  987.9  997.2  7  -0.9  34.9  24.8  56.0  31.3   -9.0   -9.0   -9.0   -9.0   -9.0   -9.0   -9.0 -9 -9 -                        5   5   15 Cu         0   0   2  2102  0.4  0.93 -9  38.7  33.3  32.1  29.2  28.0  -9 -9.0 -9  3  2
202507291900 108  27  2.3  -9 -9.0   -9  988.3  997.6 -9  -9.0  34.0  25.4  61.0  32.4   -9.0   -9.0   -9.0   -9.0   -9.0   -9.0   -9.0 -9 -9 -                        2   2   -9 -         -9  -9  -9  1847  0.9  0.48 -9  34.1  32.7  31.9  29.3  28.1  -9 -9.0 -9  3 -9
202507292000 108  27  2.1  -9 -9.0   -9  988.8  998.2 -9  -9.0  32.9  24.9  63.0  31.5   -9.0   -9.0   -9.0   -9.0   -9.0   -9.0   -9.0 -9 -9 -                        2   1   -9 -         -9  -9  -9  1926  0.0  0.05 -9  31.3  31.8  31.5  29.4  28.2  -9 -9.0 -9  3 -9
202507292100 108  32  2.0  -9 -9.0   -9  989.4  998.8  2   1.6  32.3  24.6  64.0  30.9   -9.0   -9.0   -9.0   -9.0   -9.0   -9.0   -9.0 -9 -9 -                        0   0   -9 -         -9  -9  -9  2135 -9.0 -9.00 -9  30.0  31.0  31.0  29.4  28.3  -9 -9.0 -9  3  2
202507292200 108  32  3.0  -9 -9.0   -9  990.2  999.6 -9  -9.0  31.7  22.6  59.0  27.4   -9.0   -9.0   -9.0   -9.0   -9.0   -9.0   -9.0 -9 -9 -                        2   1   -9 -         -9  -9  -9  2802 -9.0 -9.00 -9  29.0  30.4  30.6  29.4  28.3  -9 -9.0 -9  3 -9
202507292300 108  27  2.0  -9 -9.0   -9  990.4  999.9 -9  -9.0  31.0  23.1  63.0  28.3   -9.0   -9.0   -9.0   -9.0   -9.0   -9.0   -9.0 -9 -9 -                        7   2   16 -         -9  -9  -9  2804 -9.0 -9.00 -9  28.5  30.0  30.2  29.4  28.4  -9 -9.0 -9  3 -9
202507300000 108  27  1.8  -9 -9.0   -9  990.4  999.9  1   1.1  30.4  23.5  67.0  28.9   -9.0   -9.0   -9.0   -9.0   -9.0   -9.0   -9.0 -9 -9 -                        5   0   -9 Ci         1   0   0  2592 -9.0 -9.00 -9  28.0  29.6  29.8  29.3  28.5  -9 -9.0 -9  3  2
202507300100 108  27  0.9  -9 -9.0   -9  990.1  999.6 -9  -9.0  30.0  23.4  68.0  28.8   -9.0   -9.0   -9.0   -9.0   -9.0   -9.0   -9.0 -9 -9 -                        6   1   14 -         -9  -9  -9  2646 -9.0 -9.00 -9  27.5  29.2  29.5  29.2  28.5  -9 -9.0 -9  3 -9
202507300200 108  29  1.0  -9 -9.0   -9  990.0  999.5 -9  -9.0  29.7  23.3  69.0  28.6   -9.0   -9.0   -9.0   -9.0   -9.0   -9.0   -9.0 -9 -9 -                        4   1   13 -         -9  -9  -9  2428 -9.0 -9.00 -9  27.1  28.9  29.2  29.1  28.4  -9 -9.0 -9  3 -9
202507300300 108  29  1.0  -9 -9.0   -9  989.9  999.4  7  -0.5  29.3  23.7  72.0  29.3   -9.0   -9.0   -9.0   -9.0   -9.0   -9.0   -9.0 -9 -9 -                        1   1   13 Sc         0   0   5  2377 -9.0 -9.00 -9  27.2  28.6  29.0  28.9  28.4  -9 -9.0 -9  3  2
202507300400 108  36  1.3  -9 -9.0   -9  990.0  999.5 -9  -9.0  29.0  23.8  74.0  29.5   -9.0   -9.0   -9.0   -9.0   -9.0   -9.0   -9.0 -9 -9 -                        2   0   -9 Ci         1   0   0  2294 -9.0 -9.00 -9  26.2  28.2  28.8  28.8  28.4  -9 -9.0 -9  3  2
202507300500 108   5  2.1  -9 -9.0   -9  990.2  999.7 -9  -9.0  28.4  23.9  77.0  29.7   -9.0   -9.0   -9.0   -9.0   -9.0   -9.0   -9.0 -9 -9 -                        8   0   -9 Ci         2   0   0  2115 -9.0 -9.00 -9  26.2  28.2  28.5  28.7  28.3  -9 -9.0 -9  3  2
202507300600 108   2  2.1  -9 -9.0   -9  990.8 1000.4  2   1.0  28.3  24.3  79.0  30.4   -9.0   -9.0   -9.0   -9.0   -9.0   -9.0   -9.0 -9 -9 -                        8   0   -9 Ci         2   0   0  1911  0.0  0.01 -9  26.5  28.0  28.3  28.5  28.3  -9 -9.0 -9  3  2
202507300700 108   9  1.0  -9 -9.0   -9  991.0 1000.5 -9  -9.0  28.9  23.7  74.0  29.3   -9.0   -9.0   -9.0   -9.0   -9.0   -9.0   -9.0 -9 -9 -                        9   0   -9 Ci         2   0   0  1933  0.1  0.30 -9  29.0  28.1  28.2  28.4  28.2  -9 -9.0 -9  3  2
202507300800 108   5  1.5  -9 -9.0   -9  991.2 1000.7 -9  -9.0  30.3  24.9  73.0  31.5   -9.0   -9.0   -9.0   -9.0   -9.0   -9.0   -9.0 -9 -9 -                        7   7   18 Sc         0   0   5  1917  0.3  0.80 -9  35.5  28.5  28.3  28.3  28.1  -9 -9.0 -9  3  2
202507300900 108   5  1.6  -9 -9.0   -9  991.1 1000.5  0   0.1  31.8  24.3  65.0  30.4   -9.0   -9.0   -9.0   -9.0   -9.0   -9.0   -9.0 -9 -9 -                        7   7    8 Sc         0   0   5  1752  1.0  1.77 -9  42.9  29.8  28.8  28.2  28.0  -9 -9.0 -9  3  2
202507301000 108   5  2.0  -9 -9.0   -9  990.9 1000.3 -9  -9.0  32.9  24.6  62.0  30.9   -9.0   -9.0   -9.0   -9.0   -9.0   -9.0   -9.0 -9 -9 -                        7   0   -9 Cc         9   0   0  2390  0.7  2.08 -9  45.9  31.1  29.4  28.1  27.9  -9 -9.0 -9  3  2
202507301100 108   5  2.9  -9 -9.0   -9  990.4  999.8 -9  -9.0  33.4  24.2  59.0  30.2   -9.0   -9.0   -9.0   -9.0   -9.0   -9.0   -9.0 -9 -9 -                        8   0   -9 Ci         2   0   0  2278  0.6  1.95 -9  44.2  31.9  30.0  28.1  27.8  -9 -9.0 -9  3  2
202507301200 108   9  1.8  -9 -9.0   -9  990.0  999.4  7  -1.1  34.3  23.6  54.0  29.1   -9.0   -9.0   -9.0   -9.0   -9.0   -9.0   -9.0 -9 -9 -                        8   0   -9 Ci         2   0   0  2935  0.7  2.41 -9  49.3  32.8  30.5  28.2  27.8  -9 -9.0 -9  3  2
202507301300 108   5  2.6  -9 -9.0   -9  989.7  999.0 -9  -9.0  34.8  24.1  54.0  30.0   -9.0   -9.0   -9.0   -9.0   -9.0   -9.0   -9.0 -9 -9 -                        8   6   13 CuCi       2   0   2  2761  0.2  1.99 -9  49.2  33.1  31.0  28.3  27.8  -9 -9.0 -9  3  2
202507301400 108   7  2.0  -9 -9.0   -9  989.3  998.6 -9  -9.0  35.5  23.8  51.0  29.5   -9.0   -9.0   -9.0   -9.0   -9.0   -9.0   -9.0 -9 -9 -                        8   4   15 CuCi       2   0   2  3209  0.6  2.54 -9  48.9  33.8  31.4  28.5  27.8  -9 -9.0 -9  3  2
202507301500 108  14  2.4  -9 -9.0   -9  989.1  998.4  7  -1.0  35.8  23.4  49.0  28.8   -9.0   -9.0   -9.0   -9.0   -9.0   -9.0   -9.0 -9 -9 -                        7   5   15 CuCi       2   0   2  3133  0.6  2.25 -9  47.3  34.2  31.9  28.6  27.8  -9 -9.0 -9  3  2
202507301600 108  11  2.2  -9 -9.0   -9  989.3  998.6 -9  -9.0  35.3  21.9  46.0  26.3   -9.0   -9.0   -9.0   -9.0   -9.0   -9.0   -9.0 -9 -9 -                        7   0   -9 Ci         2   0   0  3740  0.3  1.29 -9  42.9  33.9  32.2  28.7  27.8  -9 -9.0 -9  3  2
202507301700 108  11  2.1  -9 -9.0   -9  989.0  998.3 -9  -9.0  35.3  20.0  41.0  23.4   -9.0   -9.0   -9.0   -9.0   -9.0   -9.0   -9.0 -9 -9 -                        9   0   -9 Ci         2   0   0  4118  0.5  1.25 -9  40.4  33.4  32.1  28.9  27.9  -9 -9.0 -9  3  2
202507301800 108  27  2.2  -9 -9.0   -9  989.1  998.5  0   0.1  34.1  24.9  59.0  31.5   -9.0   -9.0   -9.0   -9.0   -9.0   -9.0   -9.0 -9 -9 -                        9   0   -9 Ci         2   0   0  2269  0.0  0.59 -9  36.7  32.8  31.9  29.1  27.9  -9 -9.0 -9  3  2
202507301900 108  23  0.9  -9 -9.0   -9  989.4  998.8 -9  -9.0  33.5  24.3  59.0  30.4   -9.0   -9.0   -9.0   -9.0   -9.0   -9.0   -9.0 -9 -9 -                       10   9   58 -         -9  -9  -9  2394  0.0  0.25 -9  33.4  31.8  31.6  29.2  28.1  -9 -9.0 -9  3 -9
202507302000 108  25  1.9  -9 -9.0   -9  989.8  999.2 -9  -9.0  32.7  25.2  65.0  32.1   -9.0   -9.0   -9.0   -9.0   -9.0   -9.0   -9.0 -9 -9 -                        9   9   54 -         -9  -9  -9  2429  0.0  0.03 -9  30.7  31.0  31.2  29.3  28.1  -9 -9.0 -9  3 -9
202507302100 108  27  0.9  -9 -9.0   -9  990.4  999.8  2   1.3  32.2  24.7  65.0  31.1   -9.0   -9.0   -9.0   -9.0   -9.0   -9.0   -9.0 -9 -9 -                        9   0   -9 Ci         2   0   0  2351 -9.0 -9.00 -9  30.1  30.7  30.8  29.3  28.3  -9 -9.0 -9  3  2
202507302200 108  29  1.2  -9 -9.0   -9  990.6 1000.0 -9  -9.0  31.7  25.0  68.0  31.7   -9.0   -9.0   -9.0   -9.0   -9.0   -9.0   -9.0 -9 -9 -                       10  10   54 -         -9  -9  -9  2294 -9.0 -9.00 -9  29.6  30.3  30.4  29.3  28.4  -9 -9.0 -9  3 -9
202507302300 108   5  1.6  -9 -9.0   -9  990.6 1000.1 -9  -9.0  31.1  22.1  59.0  26.6   -9.0   -9.0   -9.0   -9.0   -9.0   -9.0   -9.0 -9 -9 -                       10  10   49 -         -9  -9  -9  3066 -9.0 -9.00 -9  28.4  29.3  30.0  29.3  28.4  -9 -9.0 -9  3 -9
202507310000 108   5  2.3  -9 -9.0   -9  990.7 1000.2  2   0.4  30.7  22.0  60.0  26.4   -9.0   -9.0   -9.0   -9.0   -9.0   -9.0   -9.0 -9 -9 -                        9   6   44 AcCi       2   3   0  3390 -9.0 -9.00 -9  28.0  29.0  29.7  29.2  28.4  -9 -9.0 -9  3  2
202507310100 108   5  2.0  -9 -9.0   -9  990.8 1000.3 -9  -9.0  30.5  21.8  60.0  26.1   -9.0   -9.0   -9.0   -9.0   -9.0   -9.0   -9.0 -9 -9 -                       10   1   18 -         -9  -9  -9  3643 -9.0 -9.00 -9  27.8  28.7  29.5  29.1  28.4  -9 -9.0 -9  3 -9
202507310200 108   2  1.9  -9 -9.0   -9  991.1 1000.6 -9  -9.0  30.1  22.0  62.0  26.4   -9.0   -9.0   -9.0   -9.0   -9.0   -9.0   -9.0 -9 -9 -                       10   5   18 -         -9  -9  -9  3558 -9.0 -9.00 -9  27.6  28.5  29.2  29.0  28.4  -9 -9.0 -9  3 -9
202507310300 108   7  1.8  -9 -9.0   -9  991.4 1000.9  2   0.7  29.9  22.0  63.0  26.4   -9.0   -9.0   -9.0   -9.0   -9.0   -9.0   -9.0 -9 -9 -                        9   3   18 ScAc       0   3   5  3543 -9.0 -9.00 -9  27.4  28.3  29.0  28.8  28.3  -9 -9.0 -9  3  2
202507310400 108   9  1.6  -9 -9.0   -9  991.9 1001.4 -9  -9.0  29.9  22.3  64.0  26.9   -9.0   -9.0   -9.0   -9.0   -9.0   -9.0   -9.0 -9 -9 -                        9   3   18 ScAc       0   3   5  3432 -9.0 -9.00 -9  27.3  28.1  28.9  28.7  28.3  -9 -9.0 -9  3  2
202507310500 108  11  2.4  -9 -9.0   -9  992.2 1001.7 -9  -9.0  29.6  22.5  66.0  27.2   -9.0   -9.0   -9.0   -9.0   -9.0   -9.0   -9.0 -9 -9 -                        9   9   46 Ac         0   3   0  3102 -9.0 -9.00 -9  27.1  27.9  28.7  28.6  28.3  -9 -9.0 -9  3  2
202507310600 108  11  2.4  -9 -9.0   -9  992.6 1002.1  2   1.2  29.4  22.6  67.0  27.4   -9.0   -9.0   -9.0   -9.0   -9.0   -9.0   -9.0 -9 -9 -                        9   9   46 Ac         0   3   0  3181  0.0  0.00 -9  27.0  27.8  28.5  28.5  28.2  -9 -9.0 -9  3  2
202507310700 108  11  1.7  -9 -9.0   -9  993.0 1002.5 -9  -9.0  29.4  22.8  68.0  27.7   -9.0   -9.0   -9.0   -9.0   -9.0   -9.0   -9.0 -9 -9 -                        9   9   44 Ac         0   3   0  3020  0.0  0.11 -9  28.7  28.3  28.4  28.4  28.2  -9 -9.0 -9  3  2
202507310800 108  14  1.9  -9 -9.0   -9  993.4 1002.9 -9  -9.0  29.6  22.8  67.0  27.7   -9.0   -9.0   -9.0   -9.0   -9.0   -9.0   -9.0 -9 -9 -                        9   9   41 Ac         0   3   0  2731  0.0  0.35 -9  30.5  28.5  28.4  28.3  28.1  -9 -9.0 -9  3  2
202507310900 108   9  0.9  -9 -9.0   -9  993.1 1002.6  0   0.5  30.0  23.1  67.0  28.3   -9.0   -9.0   -9.0   -9.0   -9.0   -9.0   -9.0 -9 -9 -                       10   4   39 AcCs       7   3   0  2205  0.0  0.60 -9  33.3  28.9  28.6  28.2  28.0  -9 -9.0 -9  3  2
202507311000 108  27  2.3  -9 -9.0   -9  992.9 1002.4 -9  -9.0  31.3  23.6  64.0  29.1   -9.0   -9.0   -9.0   -9.0   -9.0   -9.0   -9.0 -9 -9 -                        9   0   -9 Ci         2   0   0  2613  0.3  1.48 -9  40.3  30.0  28.9  28.2  28.0  -9 -9.0 -9  3  2
202507311100 108  29  1.4  -9 -9.0   -9  992.7 1002.1 -9  -9.0  32.3  23.2  59.0  28.4   -9.0   -9.0   -9.0   -9.0   -9.0   -9.0   -9.0 -9 -9 -                        9   3   11 ScAcCi     2   3   5  2130  0.2  1.66 -9  41.4  31.0  29.4  28.1  27.9  -9 -9.0 -9  3  2
202507311200 108   9  1.5  -9 -9.0   -9  992.5 1001.9  7  -0.7  32.6  22.9  57.0  27.9   -9.0   -9.0   -9.0   -9.0   -9.0   -9.0   -9.0 -9 -9 -                       10   3   12 ScAcCs     7   3   5  2503  0.0  1.46 -9  39.8  30.7  29.9  28.1  27.8  -9 -9.0 -9  3  2
202507311300 108   7  1.6  -9 -9.0   -9  992.3 1001.7 -9  -9.0  33.4  22.8  54.0  27.7   -9.0   -9.0   -9.0   -9.0   -9.0   -9.0   -9.0 -9 -9 -                        9   4   13 ScCi       2   0   5  2705  0.1  1.92 -9  42.9  32.2  30.3  28.2  27.8  -9 -9.0 -9  3  2
202507311400 108   7  1.6  -9 -9.0   -9  992.0 1001.4 -9  -9.0  34.0  23.0  53.0  28.1   -9.0   -9.0   -9.0   -9.0   -9.0   -9.0   -9.0 -9 -9 -                        8   5   14 ScCi       2   0   5  2707  0.3  1.95 -9  45.3  32.6  30.7  28.3  27.8  -9 -9.0 -9  3  2
202507311500 108   2  2.3  -9 -9.0   -9  991.8 1001.2  7  -0.7  33.8  21.9  50.0  26.3   -9.0   -9.0   -9.0   -9.0   -9.0   -9.0   -9.0 -9 -9 -                        9   5   15 ScCi       2   0   5  2742  0.2  1.52 -9  40.2  32.9  31.1  28.4  27.8  -9 -9.0 -9  3  2
202507311600 108  32  3.4  -9 -9.0   -9  991.6 1001.0 -9  -9.0  32.5  23.9  61.0  29.7   -9.0   -9.0   -9.0   -9.0   -9.0   -9.0   -9.0 -9 -9 -                        9   5   15 ScAc       0   3   5  2532  0.0  0.56 -9  37.0  32.0  31.1  28.5  27.9  -9 -9.0 -9  3  2
202507311700 108  36  1.8  -9 -9.0   -9  991.6 1001.0 -9  -9.0  32.7  21.2  51.0  25.2   -9.0   -9.0   -9.0   -9.0   -9.0   -9.0   -9.0 -9 -9 -                        9   9   35 Ac         0   3   0  3171  0.0  0.77 -9  36.5  31.7  30.8  28.7  27.9  -9 -9.0 -9  3  2
202507311800 108  32  2.7  -9 -9.0   -9  991.8 1001.2  4   0.0  32.1  24.1  63.0  30.0   -9.0   -9.0   -9.0   -9.0   -9.0   -9.0   -9.0 -9 -9 -                        8   2   14 ScAc       0   3   5  2325  0.0  0.51 -9  35.6  31.4  30.7  28.7  27.9  -9 -9.0 -9  3  2
202507311900 108  32  2.2  -9 -9.0   -9  992.1 1001.6 -9  -9.0  31.1  23.7  65.0  29.3   -9.0   -9.0   -9.0   -9.0   -9.0   -9.0   -9.0 -9 -9 -                        7   2   45 -         -9  -9  -9  2385  0.0  0.25 -9  31.8  30.7  30.4  28.8  28.0  -9 -9.0 -9  3 -9
202507312000 108   5  1.9  -9 -9.0   -9  992.3 1001.8 -9  -9.0  30.6  23.2  65.0  28.4   -9.0   -9.0   -9.0   -9.0   -9.0   -9.0   -9.0 -9 -9 -                       10  10   48 -         -9  -9  -9  2437  0.0  0.03 -9  29.8  30.1  30.1  28.8  28.1  -9 -9.0 -9  3 -9
202507312100 108   5  2.0  -9 -9.0   -9  992.5 1002.0  2   0.8  30.2  23.1  66.0  28.3   -9.0   -9.0   -9.0   -9.0   -9.0   -9.0   -9.0 -9 -9 -                        8   4   45 AcCi       1   3   0  2599 -9.0 -9.00 -9  28.6  29.6  29.8  28.8  28.1  -9 -9.0 -9  3  2
202507312200 108   5  1.5  -9 -9.0   -9  992.6 1002.1 -9  -9.0  29.9  23.3  68.0  28.6   -9.0   -9.0   -9.0   -9.0   -9.0   -9.0   -9.0 -9 -9 -                        9   9   60 -         -9  -9  -9  2458 -9.0 -9.00 -9  27.9  29.1  29.4  28.8  28.1  -9 -9.0 -9  3 -9
202507312300 108  34  1.2  -9 -9.0   -9  993.0 1002.5 -9  -9.0  29.8  22.7  66.0  27.6   -9.0   -9.0   -9.0   -9.0   -9.0   -9.0   -9.0 -9 -9 -                       10  10   54 -         -9  -9  -9  2547 -9.0 -9.00 -9  27.6  28.8  29.1  28.7  28.2  -9 -9.0 -9  3 -9
#7777END
